tile,status,inference_ms,output_dir,error
tile_018241,ok,5.503,E:\dac_stage1_dpm_predictions_positive3200_v2\tile_018241,
tile_027078,ok,6.1202,E:\dac_stage1_dpm_predictions_positive3200_v2\tile_027078,
tile_004311,ok,4.961,E:\dac_stage1_dpm_predictions_positive3200_v2\tile_004311,
tile_023218,ok,5.573,E:\dac_stage1_dpm_predictions_positive3200_v2\tile_023218,
tile_009123,ok,4.6598,E:\dac_stage1_dpm_predictions_positive3200_v2\tile_009123,
tile_003456,ok,5.7334,E:\dac_stage1_dpm_predictions_positive3200_v2\tile_003456,
tile_014919,ok,4.8699,E:\dac_stage1_dpm_predictions_positive3200_v2\tile_014919,
tile_005699,ok,4.2391,E:\dac_stage1_dpm_predictions_positive3200_v2\tile_005699,
tile_002865,ok,5.7421,E:\dac_stage1_dpm_predictions_positive3200_v2\tile_002865,
tile_016158,ok,8.4107,E:\dac_stage1_dpm_predictions_positive3200_v2\tile_016158,
tile_018522,ok,5.3327,E:\dac_stage1_dpm_predictions_positive3200_v2\tile_018522,
tile_016462,ok,4.3293,E:\dac_stage1_dpm_predictions_positive3200_v2\tile_016462,
tile_019711,ok,4.859,E:\dac_stage1_dpm_predictions_positive3200_v2\tile_019711,
tile_022654,ok,5.5634,E:\dac_stage1_dpm_predictions_positive3200_v2\tile_022654,
tile_026990,ok,5.4854,E:\dac_stage1_dpm_predictions_positive3200_v2\tile_026990,
tile_009255,ok,4.6359,E:\dac_stage1_dpm_predictions_positive3200_v2\tile_009255,
tile_005012,ok,5.0393,E:\dac_stage1_dpm_predictions_positive3200_v2\tile_005012,
tile_017347,ok,5.5994,E:\dac_stage1_dpm_predictions_positive3200_v2\tile_017347,
tile_026066,ok,5.5306,E:\dac_stage1_dpm_predictions_positive3200_v2\tile_026066,
tile_010860,ok,4.3336,E:\dac_stage1_dpm_predictions_positive3200_v2\tile_010860,
tile_008366,ok,5.6054,E:\dac_stage1_dpm_predictions_positive3200_v2\tile_008366,
tile_021762,ok,5.0945,E:\dac_stage1_dpm_predictions_positive3200_v2\tile_021762,
tile_026356,ok,5.1782,E:\dac_stage1_dpm_predictions_positive3200_v2\tile_026356,
tile_012450,ok,5.2382,E:\dac_stage1_dpm_predictions_positive3200_v2\tile_012450,
tile_017465,ok,6.9968,E:\dac_stage1_dpm_predictions_positive3200_v2\tile_017465,
tile_024812,ok,5.5595,E:\dac_stage1_dpm_predictions_positive3200_v2\tile_024812,
tile_018297,ok,5.7617,E:\dac_stage1_dpm_predictions_positive3200_v2\tile_018297,
tile_007075,ok,5.1205,E:\dac_stage1_dpm_predictions_positive3200_v2\tile_007075,
tile_006528,ok,4.9928,E:\dac_stage1_dpm_predictions_positive3200_v2\tile_006528,
tile_022571,ok,4.3937,E:\dac_stage1_dpm_predictions_positive3200_v2\tile_022571,
tile_008553,ok,4.5728,E:\dac_stage1_dpm_predictions_positive3200_v2\tile_008553,
tile_001950,ok,4.8406,E:\dac_stage1_dpm_predictions_positive3200_v2\tile_001950,
tile_009308,ok,5.1506,E:\dac_stage1_dpm_predictions_positive3200_v2\tile_009308,
tile_012967,ok,5.0646,E:\dac_stage1_dpm_predictions_positive3200_v2\tile_012967,
tile_003037,ok,5.3101,E:\dac_stage1_dpm_predictions_positive3200_v2\tile_003037,
tile_024890,ok,4.7008,E:\dac_stage1_dpm_predictions_positive3200_v2\tile_024890,
tile_003203,ok,4.8291,E:\dac_stage1_dpm_predictions_positive3200_v2\tile_003203,
tile_022842,ok,4.7514,E:\dac_stage1_dpm_predictions_positive3200_v2\tile_022842,
tile_003703,ok,4.8975,E:\dac_stage1_dpm_predictions_positive3200_v2\tile_003703,
tile_004013,ok,5.6703,E:\dac_stage1_dpm_predictions_positive3200_v2\tile_004013,
tile_004204,ok,4.9205,E:\dac_stage1_dpm_predictions_positive3200_v2\tile_004204,
tile_014587,ok,4.8261,E:\dac_stage1_dpm_predictions_positive3200_v2\tile_014587,
tile_014948,ok,5.0785,E:\dac_stage1_dpm_predictions_positive3200_v2\tile_014948,
tile_012695,ok,5.4249,E:\dac_stage1_dpm_predictions_positive3200_v2\tile_012695,
tile_000002,ok,5.1977,E:\dac_stage1_dpm_predictions_positive3200_v2\tile_000002,
tile_027093,ok,4.8214,E:\dac_stage1_dpm_predictions_positive3200_v2\tile_027093,
tile_003814,ok,5.0465,E:\dac_stage1_dpm_predictions_positive3200_v2\tile_003814,
tile_002175,ok,5.5533,E:\dac_stage1_dpm_predictions_positive3200_v2\tile_002175,
tile_012472,ok,4.5609,E:\dac_stage1_dpm_predictions_positive3200_v2\tile_012472,
tile_019510,ok,4.8178,E:\dac_stage1_dpm_predictions_positive3200_v2\tile_019510,
tile_003082,ok,4.5213,E:\dac_stage1_dpm_predictions_positive3200_v2\tile_003082,
tile_026030,ok,5.1351,E:\dac_stage1_dpm_predictions_positive3200_v2\tile_026030,
tile_003312,ok,5.3432,E:\dac_stage1_dpm_predictions_positive3200_v2\tile_003312,
tile_009227,ok,5.1256,E:\dac_stage1_dpm_predictions_positive3200_v2\tile_009227,
tile_008191,ok,5.5718,E:\dac_stage1_dpm_predictions_positive3200_v2\tile_008191,
tile_026981,ok,4.5045,E:\dac_stage1_dpm_predictions_positive3200_v2\tile_026981,
tile_009409,ok,5.5971,E:\dac_stage1_dpm_predictions_positive3200_v2\tile_009409,
tile_001056,ok,5.4887,E:\dac_stage1_dpm_predictions_positive3200_v2\tile_001056,
tile_009116,ok,5.3264,E:\dac_stage1_dpm_predictions_positive3200_v2\tile_009116,
tile_018941,ok,6.8487,E:\dac_stage1_dpm_predictions_positive3200_v2\tile_018941,
tile_015977,ok,4.6602,E:\dac_stage1_dpm_predictions_positive3200_v2\tile_015977,
tile_022542,ok,5.5775,E:\dac_stage1_dpm_predictions_positive3200_v2\tile_022542,
tile_026827,ok,4.7892,E:\dac_stage1_dpm_predictions_positive3200_v2\tile_026827,
tile_001894,ok,4.8451,E:\dac_stage1_dpm_predictions_positive3200_v2\tile_001894,
tile_025967,ok,4.6844,E:\dac_stage1_dpm_predictions_positive3200_v2\tile_025967,
tile_006756,ok,7.3171,E:\dac_stage1_dpm_predictions_positive3200_v2\tile_006756,
tile_000306,ok,5.8419,E:\dac_stage1_dpm_predictions_positive3200_v2\tile_000306,
tile_026739,ok,5.4612,E:\dac_stage1_dpm_predictions_positive3200_v2\tile_026739,
tile_012782,ok,5.4856,E:\dac_stage1_dpm_predictions_positive3200_v2\tile_012782,
tile_026888,ok,15.6508,E:\dac_stage1_dpm_predictions_positive3200_v2\tile_026888,
tile_000223,ok,8.1155,E:\dac_stage1_dpm_predictions_positive3200_v2\tile_000223,
tile_021766,ok,12.3006,E:\dac_stage1_dpm_predictions_positive3200_v2\tile_021766,
tile_007504,ok,10.2792,E:\dac_stage1_dpm_predictions_positive3200_v2\tile_007504,
tile_019404,ok,8.848,E:\dac_stage1_dpm_predictions_positive3200_v2\tile_019404,
tile_017611,ok,7.2256,E:\dac_stage1_dpm_predictions_positive3200_v2\tile_017611,
tile_006506,ok,6.7105,E:\dac_stage1_dpm_predictions_positive3200_v2\tile_006506,
tile_022593,ok,6.8041,E:\dac_stage1_dpm_predictions_positive3200_v2\tile_022593,
tile_020378,ok,5.2775,E:\dac_stage1_dpm_predictions_positive3200_v2\tile_020378,
tile_025293,ok,6.3954,E:\dac_stage1_dpm_predictions_positive3200_v2\tile_025293,
tile_027007,ok,5.6856,E:\dac_stage1_dpm_predictions_positive3200_v2\tile_027007,
tile_021912,ok,5.2079,E:\dac_stage1_dpm_predictions_positive3200_v2\tile_021912,
tile_000239,ok,4.7961,E:\dac_stage1_dpm_predictions_positive3200_v2\tile_000239,
tile_027001,ok,5.6415,E:\dac_stage1_dpm_predictions_positive3200_v2\tile_027001,
tile_019434,ok,5.2661,E:\dac_stage1_dpm_predictions_positive3200_v2\tile_019434,
tile_011432,ok,5.2395,E:\dac_stage1_dpm_predictions_positive3200_v2\tile_011432,
tile_008173,ok,5.7544,E:\dac_stage1_dpm_predictions_positive3200_v2\tile_008173,
tile_024712,ok,5.0819,E:\dac_stage1_dpm_predictions_positive3200_v2\tile_024712,
tile_006191,ok,4.8736,E:\dac_stage1_dpm_predictions_positive3200_v2\tile_006191,
tile_021925,ok,5.5839,E:\dac_stage1_dpm_predictions_positive3200_v2\tile_021925,
tile_025289,ok,6.8648,E:\dac_stage1_dpm_predictions_positive3200_v2\tile_025289,
tile_006813,ok,7.4949,E:\dac_stage1_dpm_predictions_positive3200_v2\tile_006813,
tile_019335,ok,5.5901,E:\dac_stage1_dpm_predictions_positive3200_v2\tile_019335,
tile_026960,ok,6.5956,E:\dac_stage1_dpm_predictions_positive3200_v2\tile_026960,
tile_025096,ok,5.0061,E:\dac_stage1_dpm_predictions_positive3200_v2\tile_025096,
tile_017173,ok,5.3206,E:\dac_stage1_dpm_predictions_positive3200_v2\tile_017173,
tile_000734,ok,8.9378,E:\dac_stage1_dpm_predictions_positive3200_v2\tile_000734,
tile_014082,ok,5.6482,E:\dac_stage1_dpm_predictions_positive3200_v2\tile_014082,
tile_016999,ok,5.253,E:\dac_stage1_dpm_predictions_positive3200_v2\tile_016999,
tile_023515,ok,5.4936,E:\dac_stage1_dpm_predictions_positive3200_v2\tile_023515,
tile_026804,ok,5.6415,E:\dac_stage1_dpm_predictions_positive3200_v2\tile_026804,
tile_019556,ok,4.8397,E:\dac_stage1_dpm_predictions_positive3200_v2\tile_019556,
tile_019736,ok,5.1272,E:\dac_stage1_dpm_predictions_positive3200_v2\tile_019736,
tile_009166,ok,6.0063,E:\dac_stage1_dpm_predictions_positive3200_v2\tile_009166,
tile_002921,ok,5.6128,E:\dac_stage1_dpm_predictions_positive3200_v2\tile_002921,
tile_011265,ok,5.4597,E:\dac_stage1_dpm_predictions_positive3200_v2\tile_011265,
tile_020080,ok,10.1934,E:\dac_stage1_dpm_predictions_positive3200_v2\tile_020080,
tile_024215,ok,8.7934,E:\dac_stage1_dpm_predictions_positive3200_v2\tile_024215,
tile_008177,ok,7.8065,E:\dac_stage1_dpm_predictions_positive3200_v2\tile_008177,
tile_026486,ok,5.9448,E:\dac_stage1_dpm_predictions_positive3200_v2\tile_026486,
tile_025602,ok,5.0803,E:\dac_stage1_dpm_predictions_positive3200_v2\tile_025602,
tile_024232,ok,6.0229,E:\dac_stage1_dpm_predictions_positive3200_v2\tile_024232,
tile_017276,ok,5.3954,E:\dac_stage1_dpm_predictions_positive3200_v2\tile_017276,
tile_001951,ok,5.3141,E:\dac_stage1_dpm_predictions_positive3200_v2\tile_001951,
tile_017355,ok,4.8768,E:\dac_stage1_dpm_predictions_positive3200_v2\tile_017355,
tile_006830,ok,5.376,E:\dac_stage1_dpm_predictions_positive3200_v2\tile_006830,
tile_012357,ok,5.0945,E:\dac_stage1_dpm_predictions_positive3200_v2\tile_012357,
tile_005912,ok,5.7985,E:\dac_stage1_dpm_predictions_positive3200_v2\tile_005912,
tile_004727,ok,4.711,E:\dac_stage1_dpm_predictions_positive3200_v2\tile_004727,
tile_004228,ok,5.0092,E:\dac_stage1_dpm_predictions_positive3200_v2\tile_004228,
tile_004090,ok,5.3067,E:\dac_stage1_dpm_predictions_positive3200_v2\tile_004090,
tile_005460,ok,4.9448,E:\dac_stage1_dpm_predictions_positive3200_v2\tile_005460,
tile_003685,ok,4.9344,E:\dac_stage1_dpm_predictions_positive3200_v2\tile_003685,
tile_012355,ok,7.2446,E:\dac_stage1_dpm_predictions_positive3200_v2\tile_012355,
tile_006202,ok,4.7371,E:\dac_stage1_dpm_predictions_positive3200_v2\tile_006202,
tile_014006,ok,5.2399,E:\dac_stage1_dpm_predictions_positive3200_v2\tile_014006,
tile_002011,ok,6.0289,E:\dac_stage1_dpm_predictions_positive3200_v2\tile_002011,
tile_010983,ok,5.3313,E:\dac_stage1_dpm_predictions_positive3200_v2\tile_010983,
tile_002202,ok,4.8807,E:\dac_stage1_dpm_predictions_positive3200_v2\tile_002202,
tile_027054,ok,6.1913,E:\dac_stage1_dpm_predictions_positive3200_v2\tile_027054,
tile_021392,ok,4.7731,E:\dac_stage1_dpm_predictions_positive3200_v2\tile_021392,
tile_008910,ok,4.7211,E:\dac_stage1_dpm_predictions_positive3200_v2\tile_008910,
tile_026764,ok,4.8233,E:\dac_stage1_dpm_predictions_positive3200_v2\tile_026764,
tile_007340,ok,5.3207,E:\dac_stage1_dpm_predictions_positive3200_v2\tile_007340,
tile_014081,ok,6.4848,E:\dac_stage1_dpm_predictions_positive3200_v2\tile_014081,
tile_016301,ok,5.3275,E:\dac_stage1_dpm_predictions_positive3200_v2\tile_016301,
tile_018599,ok,6.9013,E:\dac_stage1_dpm_predictions_positive3200_v2\tile_018599,
tile_007840,ok,5.9941,E:\dac_stage1_dpm_predictions_positive3200_v2\tile_007840,
tile_008595,ok,5.081,E:\dac_stage1_dpm_predictions_positive3200_v2\tile_008595,
tile_020370,ok,5.2338,E:\dac_stage1_dpm_predictions_positive3200_v2\tile_020370,
tile_018108,ok,5.9693,E:\dac_stage1_dpm_predictions_positive3200_v2\tile_018108,
tile_015463,ok,4.897,E:\dac_stage1_dpm_predictions_positive3200_v2\tile_015463,
tile_023334,ok,6.7059,E:\dac_stage1_dpm_predictions_positive3200_v2\tile_023334,
tile_024228,ok,7.5133,E:\dac_stage1_dpm_predictions_positive3200_v2\tile_024228,
tile_018328,ok,6.8362,E:\dac_stage1_dpm_predictions_positive3200_v2\tile_018328,
tile_002415,ok,5.1326,E:\dac_stage1_dpm_predictions_positive3200_v2\tile_002415,
tile_007106,ok,5.5001,E:\dac_stage1_dpm_predictions_positive3200_v2\tile_007106,
tile_019613,ok,6.8032,E:\dac_stage1_dpm_predictions_positive3200_v2\tile_019613,
tile_025404,ok,5.0497,E:\dac_stage1_dpm_predictions_positive3200_v2\tile_025404,
tile_009251,ok,5.422,E:\dac_stage1_dpm_predictions_positive3200_v2\tile_009251,
tile_018033,ok,4.901,E:\dac_stage1_dpm_predictions_positive3200_v2\tile_018033,
tile_004636,ok,5.0169,E:\dac_stage1_dpm_predictions_positive3200_v2\tile_004636,
tile_026971,ok,5.281,E:\dac_stage1_dpm_predictions_positive3200_v2\tile_026971,
tile_001247,ok,4.8573,E:\dac_stage1_dpm_predictions_positive3200_v2\tile_001247,
tile_001209,ok,4.6611,E:\dac_stage1_dpm_predictions_positive3200_v2\tile_001209,
tile_006283,ok,4.8168,E:\dac_stage1_dpm_predictions_positive3200_v2\tile_006283,
tile_006648,ok,5.9986,E:\dac_stage1_dpm_predictions_positive3200_v2\tile_006648,
tile_009194,ok,7.3767,E:\dac_stage1_dpm_predictions_positive3200_v2\tile_009194,
tile_005155,ok,6.3414,E:\dac_stage1_dpm_predictions_positive3200_v2\tile_005155,
tile_026686,ok,6.0784,E:\dac_stage1_dpm_predictions_positive3200_v2\tile_026686,
tile_026455,ok,6.8282,E:\dac_stage1_dpm_predictions_positive3200_v2\tile_026455,
tile_014196,ok,5.6413,E:\dac_stage1_dpm_predictions_positive3200_v2\tile_014196,
tile_000998,ok,5.8835,E:\dac_stage1_dpm_predictions_positive3200_v2\tile_000998,
tile_002718,ok,5.9995,E:\dac_stage1_dpm_predictions_positive3200_v2\tile_002718,
tile_008184,ok,5.1875,E:\dac_stage1_dpm_predictions_positive3200_v2\tile_008184,
tile_022646,ok,4.7825,E:\dac_stage1_dpm_predictions_positive3200_v2\tile_022646,
tile_013219,ok,5.353,E:\dac_stage1_dpm_predictions_positive3200_v2\tile_013219,
tile_000587,ok,5.768,E:\dac_stage1_dpm_predictions_positive3200_v2\tile_000587,
tile_013470,ok,5.4072,E:\dac_stage1_dpm_predictions_positive3200_v2\tile_013470,
tile_017013,ok,5.6776,E:\dac_stage1_dpm_predictions_positive3200_v2\tile_017013,
tile_001378,ok,5.4594,E:\dac_stage1_dpm_predictions_positive3200_v2\tile_001378,
tile_024346,ok,4.9506,E:\dac_stage1_dpm_predictions_positive3200_v2\tile_024346,
tile_015247,ok,5.0744,E:\dac_stage1_dpm_predictions_positive3200_v2\tile_015247,
tile_022522,ok,5.6502,E:\dac_stage1_dpm_predictions_positive3200_v2\tile_022522,
tile_002557,ok,4.6388,E:\dac_stage1_dpm_predictions_positive3200_v2\tile_002557,
tile_000194,ok,5.4798,E:\dac_stage1_dpm_predictions_positive3200_v2\tile_000194,
tile_002514,ok,5.5854,E:\dac_stage1_dpm_predictions_positive3200_v2\tile_002514,
tile_027142,ok,4.6897,E:\dac_stage1_dpm_predictions_positive3200_v2\tile_027142,
tile_026605,ok,6.3517,E:\dac_stage1_dpm_predictions_positive3200_v2\tile_026605,
tile_026657,ok,5.2408,E:\dac_stage1_dpm_predictions_positive3200_v2\tile_026657,
tile_007358,ok,5.8096,E:\dac_stage1_dpm_predictions_positive3200_v2\tile_007358,
tile_025717,ok,5.6325,E:\dac_stage1_dpm_predictions_positive3200_v2\tile_025717,
tile_026695,ok,5.2326,E:\dac_stage1_dpm_predictions_positive3200_v2\tile_026695,
tile_007566,ok,4.9046,E:\dac_stage1_dpm_predictions_positive3200_v2\tile_007566,
tile_024066,ok,5.115,E:\dac_stage1_dpm_predictions_positive3200_v2\tile_024066,
tile_025933,ok,4.6615,E:\dac_stage1_dpm_predictions_positive3200_v2\tile_025933,
tile_016184,ok,5.0274,E:\dac_stage1_dpm_predictions_positive3200_v2\tile_016184,
tile_002830,ok,5.2591,E:\dac_stage1_dpm_predictions_positive3200_v2\tile_002830,
tile_001436,ok,5.8167,E:\dac_stage1_dpm_predictions_positive3200_v2\tile_001436,
tile_006771,ok,5.4878,E:\dac_stage1_dpm_predictions_positive3200_v2\tile_006771,
tile_026534,ok,5.1822,E:\dac_stage1_dpm_predictions_positive3200_v2\tile_026534,
tile_008796,ok,6.0976,E:\dac_stage1_dpm_predictions_positive3200_v2\tile_008796,
tile_023277,ok,5.1976,E:\dac_stage1_dpm_predictions_positive3200_v2\tile_023277,
tile_025960,ok,4.2499,E:\dac_stage1_dpm_predictions_positive3200_v2\tile_025960,
tile_019430,ok,5.007,E:\dac_stage1_dpm_predictions_positive3200_v2\tile_019430,
tile_014344,ok,4.7887,E:\dac_stage1_dpm_predictions_positive3200_v2\tile_014344,
tile_000401,ok,5.2613,E:\dac_stage1_dpm_predictions_positive3200_v2\tile_000401,
tile_015597,ok,4.2584,E:\dac_stage1_dpm_predictions_positive3200_v2\tile_015597,
tile_012593,ok,5.4412,E:\dac_stage1_dpm_predictions_positive3200_v2\tile_012593,
tile_007273,ok,5.5138,E:\dac_stage1_dpm_predictions_positive3200_v2\tile_007273,
tile_012503,ok,5.2809,E:\dac_stage1_dpm_predictions_positive3200_v2\tile_012503,
tile_008744,ok,5.1279,E:\dac_stage1_dpm_predictions_positive3200_v2\tile_008744,
tile_004265,ok,5.9404,E:\dac_stage1_dpm_predictions_positive3200_v2\tile_004265,
tile_011654,ok,5.1116,E:\dac_stage1_dpm_predictions_positive3200_v2\tile_011654,
tile_023577,ok,4.1278,E:\dac_stage1_dpm_predictions_positive3200_v2\tile_023577,
tile_002416,ok,5.3692,E:\dac_stage1_dpm_predictions_positive3200_v2\tile_002416,
tile_008587,ok,5.7593,E:\dac_stage1_dpm_predictions_positive3200_v2\tile_008587,
tile_025665,ok,5.5969,E:\dac_stage1_dpm_predictions_positive3200_v2\tile_025665,
tile_017034,ok,6.2039,E:\dac_stage1_dpm_predictions_positive3200_v2\tile_017034,
tile_007042,ok,7.874,E:\dac_stage1_dpm_predictions_positive3200_v2\tile_007042,
tile_015157,ok,4.6633,E:\dac_stage1_dpm_predictions_positive3200_v2\tile_015157,
tile_017206,ok,5.2846,E:\dac_stage1_dpm_predictions_positive3200_v2\tile_017206,
tile_000293,ok,6.3495,E:\dac_stage1_dpm_predictions_positive3200_v2\tile_000293,
tile_003090,ok,5.3195,E:\dac_stage1_dpm_predictions_positive3200_v2\tile_003090,
tile_021126,ok,5.9118,E:\dac_stage1_dpm_predictions_positive3200_v2\tile_021126,
tile_010018,ok,5.7853,E:\dac_stage1_dpm_predictions_positive3200_v2\tile_010018,
tile_007948,ok,6.0524,E:\dac_stage1_dpm_predictions_positive3200_v2\tile_007948,
tile_015685,ok,5.18,E:\dac_stage1_dpm_predictions_positive3200_v2\tile_015685,
tile_000251,ok,4.7591,E:\dac_stage1_dpm_predictions_positive3200_v2\tile_000251,
tile_001243,ok,6.364,E:\dac_stage1_dpm_predictions_positive3200_v2\tile_001243,
tile_011378,ok,6.1288,E:\dac_stage1_dpm_predictions_positive3200_v2\tile_011378,
tile_008984,ok,5.1642,E:\dac_stage1_dpm_predictions_positive3200_v2\tile_008984,
tile_011956,ok,5.4386,E:\dac_stage1_dpm_predictions_positive3200_v2\tile_011956,
tile_017073,ok,4.7428,E:\dac_stage1_dpm_predictions_positive3200_v2\tile_017073,
tile_007375,ok,4.8746,E:\dac_stage1_dpm_predictions_positive3200_v2\tile_007375,
tile_005484,ok,5.7826,E:\dac_stage1_dpm_predictions_positive3200_v2\tile_005484,
tile_027206,ok,6.7767,E:\dac_stage1_dpm_predictions_positive3200_v2\tile_027206,
tile_008294,ok,5.4848,E:\dac_stage1_dpm_predictions_positive3200_v2\tile_008294,
tile_000423,ok,5.8639,E:\dac_stage1_dpm_predictions_positive3200_v2\tile_000423,
tile_001094,ok,6.7439,E:\dac_stage1_dpm_predictions_positive3200_v2\tile_001094,
tile_002707,ok,5.7192,E:\dac_stage1_dpm_predictions_positive3200_v2\tile_002707,
tile_002542,ok,6.4682,E:\dac_stage1_dpm_predictions_positive3200_v2\tile_002542,
tile_019506,ok,4.9361,E:\dac_stage1_dpm_predictions_positive3200_v2\tile_019506,
tile_016613,ok,5.7109,E:\dac_stage1_dpm_predictions_positive3200_v2\tile_016613,
tile_018934,ok,5.4944,E:\dac_stage1_dpm_predictions_positive3200_v2\tile_018934,
tile_019143,ok,5.806,E:\dac_stage1_dpm_predictions_positive3200_v2\tile_019143,
tile_023184,ok,5.7075,E:\dac_stage1_dpm_predictions_positive3200_v2\tile_023184,
tile_006612,ok,6.1651,E:\dac_stage1_dpm_predictions_positive3200_v2\tile_006612,
tile_009257,ok,5.6926,E:\dac_stage1_dpm_predictions_positive3200_v2\tile_009257,
tile_027132,ok,4.667,E:\dac_stage1_dpm_predictions_positive3200_v2\tile_027132,
tile_000025,ok,6.9398,E:\dac_stage1_dpm_predictions_positive3200_v2\tile_000025,
tile_003455,ok,4.7658,E:\dac_stage1_dpm_predictions_positive3200_v2\tile_003455,
tile_024181,ok,7.1509,E:\dac_stage1_dpm_predictions_positive3200_v2\tile_024181,
tile_027354,ok,4.8182,E:\dac_stage1_dpm_predictions_positive3200_v2\tile_027354,
tile_003092,ok,4.7961,E:\dac_stage1_dpm_predictions_positive3200_v2\tile_003092,
tile_018606,ok,5.714,E:\dac_stage1_dpm_predictions_positive3200_v2\tile_018606,
tile_027234,ok,5.0521,E:\dac_stage1_dpm_predictions_positive3200_v2\tile_027234,
tile_003153,ok,5.227,E:\dac_stage1_dpm_predictions_positive3200_v2\tile_003153,
tile_010510,ok,5.2355,E:\dac_stage1_dpm_predictions_positive3200_v2\tile_010510,
tile_013966,ok,5.6155,E:\dac_stage1_dpm_predictions_positive3200_v2\tile_013966,
tile_020873,ok,4.7097,E:\dac_stage1_dpm_predictions_positive3200_v2\tile_020873,
tile_024592,ok,4.4504,E:\dac_stage1_dpm_predictions_positive3200_v2\tile_024592,
tile_014827,ok,5.8398,E:\dac_stage1_dpm_predictions_positive3200_v2\tile_014827,
tile_021829,ok,5.107,E:\dac_stage1_dpm_predictions_positive3200_v2\tile_021829,
tile_018395,ok,5.4572,E:\dac_stage1_dpm_predictions_positive3200_v2\tile_018395,
tile_002052,ok,5.6128,E:\dac_stage1_dpm_predictions_positive3200_v2\tile_002052,
tile_006833,ok,5.143,E:\dac_stage1_dpm_predictions_positive3200_v2\tile_006833,
tile_024105,ok,5.5629,E:\dac_stage1_dpm_predictions_positive3200_v2\tile_024105,
tile_018741,ok,5.1637,E:\dac_stage1_dpm_predictions_positive3200_v2\tile_018741,
tile_002546,ok,7.0847,E:\dac_stage1_dpm_predictions_positive3200_v2\tile_002546,
tile_022153,ok,4.7393,E:\dac_stage1_dpm_predictions_positive3200_v2\tile_022153,
tile_015576,ok,5.9006,E:\dac_stage1_dpm_predictions_positive3200_v2\tile_015576,
tile_013856,ok,5.3016,E:\dac_stage1_dpm_predictions_positive3200_v2\tile_013856,
tile_003382,ok,5.5969,E:\dac_stage1_dpm_predictions_positive3200_v2\tile_003382,
tile_022138,ok,5.0025,E:\dac_stage1_dpm_predictions_positive3200_v2\tile_022138,
tile_022175,ok,5.6067,E:\dac_stage1_dpm_predictions_positive3200_v2\tile_022175,
tile_017681,ok,4.5776,E:\dac_stage1_dpm_predictions_positive3200_v2\tile_017681,
tile_002678,ok,4.9054,E:\dac_stage1_dpm_predictions_positive3200_v2\tile_002678,
tile_010930,ok,5.2512,E:\dac_stage1_dpm_predictions_positive3200_v2\tile_010930,
tile_003378,ok,5.3046,E:\dac_stage1_dpm_predictions_positive3200_v2\tile_003378,
tile_008596,ok,4.7433,E:\dac_stage1_dpm_predictions_positive3200_v2\tile_008596,
tile_016366,ok,5.8552,E:\dac_stage1_dpm_predictions_positive3200_v2\tile_016366,
tile_024687,ok,4.442,E:\dac_stage1_dpm_predictions_positive3200_v2\tile_024687,
tile_025714,ok,6.154,E:\dac_stage1_dpm_predictions_positive3200_v2\tile_025714,
tile_007816,ok,5.1249,E:\dac_stage1_dpm_predictions_positive3200_v2\tile_007816,
tile_016628,ok,5.6634,E:\dac_stage1_dpm_predictions_positive3200_v2\tile_016628,
tile_004820,ok,5.6388,E:\dac_stage1_dpm_predictions_positive3200_v2\tile_004820,
tile_016248,ok,5.3549,E:\dac_stage1_dpm_predictions_positive3200_v2\tile_016248,
tile_013532,ok,5.0329,E:\dac_stage1_dpm_predictions_positive3200_v2\tile_013532,
tile_009288,ok,6.7503,E:\dac_stage1_dpm_predictions_positive3200_v2\tile_009288,
tile_014655,ok,6.1444,E:\dac_stage1_dpm_predictions_positive3200_v2\tile_014655,
tile_012013,ok,6.7995,E:\dac_stage1_dpm_predictions_positive3200_v2\tile_012013,
tile_011750,ok,5.1184,E:\dac_stage1_dpm_predictions_positive3200_v2\tile_011750,
tile_022417,ok,7.9761,E:\dac_stage1_dpm_predictions_positive3200_v2\tile_022417,
tile_008494,ok,7.5825,E:\dac_stage1_dpm_predictions_positive3200_v2\tile_008494,
tile_014369,ok,6.1884,E:\dac_stage1_dpm_predictions_positive3200_v2\tile_014369,
tile_016433,ok,6.112,E:\dac_stage1_dpm_predictions_positive3200_v2\tile_016433,
tile_020982,ok,6.6994,E:\dac_stage1_dpm_predictions_positive3200_v2\tile_020982,
tile_023369,ok,5.9026,E:\dac_stage1_dpm_predictions_positive3200_v2\tile_023369,
tile_008295,ok,4.5611,E:\dac_stage1_dpm_predictions_positive3200_v2\tile_008295,
tile_011085,ok,5.302,E:\dac_stage1_dpm_predictions_positive3200_v2\tile_011085,
tile_000142,ok,4.9376,E:\dac_stage1_dpm_predictions_positive3200_v2\tile_000142,
tile_002447,ok,5.5525,E:\dac_stage1_dpm_predictions_positive3200_v2\tile_002447,
tile_002112,ok,5.2741,E:\dac_stage1_dpm_predictions_positive3200_v2\tile_002112,
tile_026562,ok,5.3799,E:\dac_stage1_dpm_predictions_positive3200_v2\tile_026562,
tile_006584,ok,5.5695,E:\dac_stage1_dpm_predictions_positive3200_v2\tile_006584,
tile_017594,ok,5.9687,E:\dac_stage1_dpm_predictions_positive3200_v2\tile_017594,
tile_011164,ok,5.5464,E:\dac_stage1_dpm_predictions_positive3200_v2\tile_011164,
tile_003227,ok,6.4823,E:\dac_stage1_dpm_predictions_positive3200_v2\tile_003227,
tile_000340,ok,4.9421,E:\dac_stage1_dpm_predictions_positive3200_v2\tile_000340,
tile_000446,ok,7.2377,E:\dac_stage1_dpm_predictions_positive3200_v2\tile_000446,
tile_006544,ok,4.7121,E:\dac_stage1_dpm_predictions_positive3200_v2\tile_006544,
tile_016331,ok,4.4041,E:\dac_stage1_dpm_predictions_positive3200_v2\tile_016331,
tile_007907,ok,4.9486,E:\dac_stage1_dpm_predictions_positive3200_v2\tile_007907,
tile_027357,ok,5.4356,E:\dac_stage1_dpm_predictions_positive3200_v2\tile_027357,
tile_017976,ok,7.4605,E:\dac_stage1_dpm_predictions_positive3200_v2\tile_017976,
tile_002508,ok,4.6505,E:\dac_stage1_dpm_predictions_positive3200_v2\tile_002508,
tile_017208,ok,7.461,E:\dac_stage1_dpm_predictions_positive3200_v2\tile_017208,
tile_011051,ok,5.3464,E:\dac_stage1_dpm_predictions_positive3200_v2\tile_011051,
tile_011395,ok,4.7113,E:\dac_stage1_dpm_predictions_positive3200_v2\tile_011395,
tile_003857,ok,5.9444,E:\dac_stage1_dpm_predictions_positive3200_v2\tile_003857,
tile_014266,ok,4.8762,E:\dac_stage1_dpm_predictions_positive3200_v2\tile_014266,
tile_026100,ok,4.8374,E:\dac_stage1_dpm_predictions_positive3200_v2\tile_026100,
tile_016986,ok,5.8268,E:\dac_stage1_dpm_predictions_positive3200_v2\tile_016986,
tile_018949,ok,5.1997,E:\dac_stage1_dpm_predictions_positive3200_v2\tile_018949,
tile_000642,ok,5.1721,E:\dac_stage1_dpm_predictions_positive3200_v2\tile_000642,
tile_023262,ok,5.2994,E:\dac_stage1_dpm_predictions_positive3200_v2\tile_023262,
tile_025460,ok,6.0668,E:\dac_stage1_dpm_predictions_positive3200_v2\tile_025460,
tile_014542,ok,7.9678,E:\dac_stage1_dpm_predictions_positive3200_v2\tile_014542,
tile_016050,ok,5.7615,E:\dac_stage1_dpm_predictions_positive3200_v2\tile_016050,
tile_011002,ok,4.4204,E:\dac_stage1_dpm_predictions_positive3200_v2\tile_011002,
tile_027224,ok,5.3454,E:\dac_stage1_dpm_predictions_positive3200_v2\tile_027224,
tile_027346,ok,5.5933,E:\dac_stage1_dpm_predictions_positive3200_v2\tile_027346,
tile_020466,ok,5.6614,E:\dac_stage1_dpm_predictions_positive3200_v2\tile_020466,
tile_009364,ok,5.1619,E:\dac_stage1_dpm_predictions_positive3200_v2\tile_009364,
tile_026485,ok,5.4013,E:\dac_stage1_dpm_predictions_positive3200_v2\tile_026485,
tile_018465,ok,5.5891,E:\dac_stage1_dpm_predictions_positive3200_v2\tile_018465,
tile_014439,ok,5.2435,E:\dac_stage1_dpm_predictions_positive3200_v2\tile_014439,
tile_003542,ok,4.2915,E:\dac_stage1_dpm_predictions_positive3200_v2\tile_003542,
tile_016317,ok,4.6896,E:\dac_stage1_dpm_predictions_positive3200_v2\tile_016317,
tile_000700,ok,5.1981,E:\dac_stage1_dpm_predictions_positive3200_v2\tile_000700,
tile_018822,ok,4.9419,E:\dac_stage1_dpm_predictions_positive3200_v2\tile_018822,
tile_018515,ok,4.6976,E:\dac_stage1_dpm_predictions_positive3200_v2\tile_018515,
tile_003730,ok,5.1943,E:\dac_stage1_dpm_predictions_positive3200_v2\tile_003730,
tile_010579,ok,4.9961,E:\dac_stage1_dpm_predictions_positive3200_v2\tile_010579,
tile_022471,ok,4.7073,E:\dac_stage1_dpm_predictions_positive3200_v2\tile_022471,
tile_003020,ok,5.4221,E:\dac_stage1_dpm_predictions_positive3200_v2\tile_003020,
tile_023686,ok,5.6554,E:\dac_stage1_dpm_predictions_positive3200_v2\tile_023686,
tile_010977,ok,5.0199,E:\dac_stage1_dpm_predictions_positive3200_v2\tile_010977,
tile_006225,ok,4.6281,E:\dac_stage1_dpm_predictions_positive3200_v2\tile_006225,
tile_007264,ok,5.1675,E:\dac_stage1_dpm_predictions_positive3200_v2\tile_007264,
tile_019952,ok,4.8195,E:\dac_stage1_dpm_predictions_positive3200_v2\tile_019952,
tile_022907,ok,5.2543,E:\dac_stage1_dpm_predictions_positive3200_v2\tile_022907,
tile_002301,ok,6.0217,E:\dac_stage1_dpm_predictions_positive3200_v2\tile_002301,
tile_018959,ok,5.7062,E:\dac_stage1_dpm_predictions_positive3200_v2\tile_018959,
tile_008844,ok,4.4735,E:\dac_stage1_dpm_predictions_positive3200_v2\tile_008844,
tile_024809,ok,4.4444,E:\dac_stage1_dpm_predictions_positive3200_v2\tile_024809,
tile_022311,ok,5.7988,E:\dac_stage1_dpm_predictions_positive3200_v2\tile_022311,
tile_024234,ok,6.1789,E:\dac_stage1_dpm_predictions_positive3200_v2\tile_024234,
tile_003380,ok,4.7284,E:\dac_stage1_dpm_predictions_positive3200_v2\tile_003380,
tile_023727,ok,4.778,E:\dac_stage1_dpm_predictions_positive3200_v2\tile_023727,
tile_026580,ok,4.597,E:\dac_stage1_dpm_predictions_positive3200_v2\tile_026580,
tile_003562,ok,5.3763,E:\dac_stage1_dpm_predictions_positive3200_v2\tile_003562,
tile_002233,ok,5.3057,E:\dac_stage1_dpm_predictions_positive3200_v2\tile_002233,
tile_026042,ok,4.8537,E:\dac_stage1_dpm_predictions_positive3200_v2\tile_026042,
tile_008190,ok,5.1434,E:\dac_stage1_dpm_predictions_positive3200_v2\tile_008190,
tile_024334,ok,4.6946,E:\dac_stage1_dpm_predictions_positive3200_v2\tile_024334,
tile_012510,ok,5.1426,E:\dac_stage1_dpm_predictions_positive3200_v2\tile_012510,
tile_003873,ok,5.6749,E:\dac_stage1_dpm_predictions_positive3200_v2\tile_003873,
tile_001577,ok,5.4,E:\dac_stage1_dpm_predictions_positive3200_v2\tile_001577,
tile_019828,ok,5.5345,E:\dac_stage1_dpm_predictions_positive3200_v2\tile_019828,
tile_026390,ok,5.3205,E:\dac_stage1_dpm_predictions_positive3200_v2\tile_026390,
tile_022585,ok,6.729,E:\dac_stage1_dpm_predictions_positive3200_v2\tile_022585,
tile_003497,ok,4.3391,E:\dac_stage1_dpm_predictions_positive3200_v2\tile_003497,
tile_017284,ok,4.506,E:\dac_stage1_dpm_predictions_positive3200_v2\tile_017284,
tile_006336,ok,6.0188,E:\dac_stage1_dpm_predictions_positive3200_v2\tile_006336,
tile_022721,ok,5.6452,E:\dac_stage1_dpm_predictions_positive3200_v2\tile_022721,
tile_005327,ok,4.9296,E:\dac_stage1_dpm_predictions_positive3200_v2\tile_005327,
tile_006459,ok,5.111,E:\dac_stage1_dpm_predictions_positive3200_v2\tile_006459,
tile_016722,ok,4.8674,E:\dac_stage1_dpm_predictions_positive3200_v2\tile_016722,
tile_026950,ok,5.381,E:\dac_stage1_dpm_predictions_positive3200_v2\tile_026950,
tile_016157,ok,5.3251,E:\dac_stage1_dpm_predictions_positive3200_v2\tile_016157,
tile_000832,ok,5.1595,E:\dac_stage1_dpm_predictions_positive3200_v2\tile_000832,
tile_010852,ok,5.0087,E:\dac_stage1_dpm_predictions_positive3200_v2\tile_010852,
tile_008868,ok,5.3704,E:\dac_stage1_dpm_predictions_positive3200_v2\tile_008868,
tile_000373,ok,5.4552,E:\dac_stage1_dpm_predictions_positive3200_v2\tile_000373,
tile_023818,ok,4.6276,E:\dac_stage1_dpm_predictions_positive3200_v2\tile_023818,
tile_021689,ok,5.1168,E:\dac_stage1_dpm_predictions_positive3200_v2\tile_021689,
tile_011044,ok,5.0415,E:\dac_stage1_dpm_predictions_positive3200_v2\tile_011044,
tile_023580,ok,5.4778,E:\dac_stage1_dpm_predictions_positive3200_v2\tile_023580,
tile_008963,ok,5.6876,E:\dac_stage1_dpm_predictions_positive3200_v2\tile_008963,
tile_001148,ok,5.177,E:\dac_stage1_dpm_predictions_positive3200_v2\tile_001148,
tile_006074,ok,4.6414,E:\dac_stage1_dpm_predictions_positive3200_v2\tile_006074,
tile_011953,ok,4.6045,E:\dac_stage1_dpm_predictions_positive3200_v2\tile_011953,
tile_014279,ok,5.2507,E:\dac_stage1_dpm_predictions_positive3200_v2\tile_014279,
tile_001762,ok,5.1523,E:\dac_stage1_dpm_predictions_positive3200_v2\tile_001762,
tile_002951,ok,6.5257,E:\dac_stage1_dpm_predictions_positive3200_v2\tile_002951,
tile_018145,ok,5.3776,E:\dac_stage1_dpm_predictions_positive3200_v2\tile_018145,
tile_017131,ok,5.3384,E:\dac_stage1_dpm_predictions_positive3200_v2\tile_017131,
tile_004349,ok,5.1694,E:\dac_stage1_dpm_predictions_positive3200_v2\tile_004349,
tile_012542,ok,4.8338,E:\dac_stage1_dpm_predictions_positive3200_v2\tile_012542,
tile_015194,ok,5.2156,E:\dac_stage1_dpm_predictions_positive3200_v2\tile_015194,
tile_004608,ok,4.8946,E:\dac_stage1_dpm_predictions_positive3200_v2\tile_004608,
tile_018951,ok,5.8501,E:\dac_stage1_dpm_predictions_positive3200_v2\tile_018951,
tile_017609,ok,5.0333,E:\dac_stage1_dpm_predictions_positive3200_v2\tile_017609,
tile_002108,ok,5.2162,E:\dac_stage1_dpm_predictions_positive3200_v2\tile_002108,
tile_010798,ok,7.1205,E:\dac_stage1_dpm_predictions_positive3200_v2\tile_010798,
tile_000889,ok,4.7491,E:\dac_stage1_dpm_predictions_positive3200_v2\tile_000889,
tile_000465,ok,5.715,E:\dac_stage1_dpm_predictions_positive3200_v2\tile_000465,
tile_008129,ok,4.6831,E:\dac_stage1_dpm_predictions_positive3200_v2\tile_008129,
tile_011058,ok,5.1242,E:\dac_stage1_dpm_predictions_positive3200_v2\tile_011058,
tile_022570,ok,5.7556,E:\dac_stage1_dpm_predictions_positive3200_v2\tile_022570,
tile_026703,ok,4.8791,E:\dac_stage1_dpm_predictions_positive3200_v2\tile_026703,
tile_023760,ok,5.2812,E:\dac_stage1_dpm_predictions_positive3200_v2\tile_023760,
tile_026636,ok,5.0299,E:\dac_stage1_dpm_predictions_positive3200_v2\tile_026636,
tile_004515,ok,5.0388,E:\dac_stage1_dpm_predictions_positive3200_v2\tile_004515,
tile_007674,ok,5.8878,E:\dac_stage1_dpm_predictions_positive3200_v2\tile_007674,
tile_000208,ok,4.6116,E:\dac_stage1_dpm_predictions_positive3200_v2\tile_000208,
tile_017526,ok,4.82,E:\dac_stage1_dpm_predictions_positive3200_v2\tile_017526,
tile_013056,ok,4.9774,E:\dac_stage1_dpm_predictions_positive3200_v2\tile_013056,
tile_010690,ok,5.6204,E:\dac_stage1_dpm_predictions_positive3200_v2\tile_010690,
tile_008465,ok,4.2876,E:\dac_stage1_dpm_predictions_positive3200_v2\tile_008465,
tile_010515,ok,5.2631,E:\dac_stage1_dpm_predictions_positive3200_v2\tile_010515,
tile_002535,ok,5.0982,E:\dac_stage1_dpm_predictions_positive3200_v2\tile_002535,
tile_009413,ok,5.2484,E:\dac_stage1_dpm_predictions_positive3200_v2\tile_009413,
tile_010609,ok,4.8398,E:\dac_stage1_dpm_predictions_positive3200_v2\tile_010609,
tile_008323,ok,5.009,E:\dac_stage1_dpm_predictions_positive3200_v2\tile_008323,
tile_016028,ok,5.0648,E:\dac_stage1_dpm_predictions_positive3200_v2\tile_016028,
tile_002307,ok,5.6209,E:\dac_stage1_dpm_predictions_positive3200_v2\tile_002307,
tile_027226,ok,4.9374,E:\dac_stage1_dpm_predictions_positive3200_v2\tile_027226,
tile_009395,ok,4.5399,E:\dac_stage1_dpm_predictions_positive3200_v2\tile_009395,
tile_026368,ok,4.9836,E:\dac_stage1_dpm_predictions_positive3200_v2\tile_026368,
tile_012746,ok,5.0584,E:\dac_stage1_dpm_predictions_positive3200_v2\tile_012746,
tile_021027,ok,5.1193,E:\dac_stage1_dpm_predictions_positive3200_v2\tile_021027,
tile_010915,ok,5.1756,E:\dac_stage1_dpm_predictions_positive3200_v2\tile_010915,
tile_011718,ok,4.6881,E:\dac_stage1_dpm_predictions_positive3200_v2\tile_011718,
tile_007126,ok,7.6364,E:\dac_stage1_dpm_predictions_positive3200_v2\tile_007126,
tile_018084,ok,5.5071,E:\dac_stage1_dpm_predictions_positive3200_v2\tile_018084,
tile_004591,ok,5.3339,E:\dac_stage1_dpm_predictions_positive3200_v2\tile_004591,
tile_020799,ok,4.5982,E:\dac_stage1_dpm_predictions_positive3200_v2\tile_020799,
tile_002409,ok,4.6173,E:\dac_stage1_dpm_predictions_positive3200_v2\tile_002409,
tile_017943,ok,5.3767,E:\dac_stage1_dpm_predictions_positive3200_v2\tile_017943,
tile_009156,ok,4.9091,E:\dac_stage1_dpm_predictions_positive3200_v2\tile_009156,
tile_022965,ok,5.4182,E:\dac_stage1_dpm_predictions_positive3200_v2\tile_022965,
tile_003118,ok,5.1638,E:\dac_stage1_dpm_predictions_positive3200_v2\tile_003118,
tile_011453,ok,4.7914,E:\dac_stage1_dpm_predictions_positive3200_v2\tile_011453,
tile_007880,ok,5.0699,E:\dac_stage1_dpm_predictions_positive3200_v2\tile_007880,
tile_013211,ok,5.3138,E:\dac_stage1_dpm_predictions_positive3200_v2\tile_013211,
tile_020817,ok,4.9723,E:\dac_stage1_dpm_predictions_positive3200_v2\tile_020817,
tile_025566,ok,5.3191,E:\dac_stage1_dpm_predictions_positive3200_v2\tile_025566,
tile_004179,ok,4.8543,E:\dac_stage1_dpm_predictions_positive3200_v2\tile_004179,
tile_008524,ok,6.756,E:\dac_stage1_dpm_predictions_positive3200_v2\tile_008524,
tile_020196,ok,5.96,E:\dac_stage1_dpm_predictions_positive3200_v2\tile_020196,
tile_002680,ok,4.3239,E:\dac_stage1_dpm_predictions_positive3200_v2\tile_002680,
tile_024891,ok,5.1564,E:\dac_stage1_dpm_predictions_positive3200_v2\tile_024891,
tile_012770,ok,5.1807,E:\dac_stage1_dpm_predictions_positive3200_v2\tile_012770,
tile_016500,ok,5.9919,E:\dac_stage1_dpm_predictions_positive3200_v2\tile_016500,
tile_011363,ok,4.8835,E:\dac_stage1_dpm_predictions_positive3200_v2\tile_011363,
tile_006622,ok,4.9798,E:\dac_stage1_dpm_predictions_positive3200_v2\tile_006622,
tile_016164,ok,5.1567,E:\dac_stage1_dpm_predictions_positive3200_v2\tile_016164,
tile_006604,ok,6.1609,E:\dac_stage1_dpm_predictions_positive3200_v2\tile_006604,
tile_025651,ok,4.2646,E:\dac_stage1_dpm_predictions_positive3200_v2\tile_025651,
tile_015277,ok,5.0119,E:\dac_stage1_dpm_predictions_positive3200_v2\tile_015277,
tile_024625,ok,6.1987,E:\dac_stage1_dpm_predictions_positive3200_v2\tile_024625,
tile_026531,ok,5.466,E:\dac_stage1_dpm_predictions_positive3200_v2\tile_026531,
tile_024754,ok,5.102,E:\dac_stage1_dpm_predictions_positive3200_v2\tile_024754,
tile_026007,ok,4.846,E:\dac_stage1_dpm_predictions_positive3200_v2\tile_026007,
tile_019326,ok,5.3568,E:\dac_stage1_dpm_predictions_positive3200_v2\tile_019326,
tile_004482,ok,4.9082,E:\dac_stage1_dpm_predictions_positive3200_v2\tile_004482,
tile_027167,ok,5.596,E:\dac_stage1_dpm_predictions_positive3200_v2\tile_027167,
tile_011214,ok,5.5463,E:\dac_stage1_dpm_predictions_positive3200_v2\tile_011214,
tile_016963,ok,4.8943,E:\dac_stage1_dpm_predictions_positive3200_v2\tile_016963,
tile_008568,ok,4.198,E:\dac_stage1_dpm_predictions_positive3200_v2\tile_008568,
tile_001026,ok,5.5334,E:\dac_stage1_dpm_predictions_positive3200_v2\tile_001026,
tile_000212,ok,6.0619,E:\dac_stage1_dpm_predictions_positive3200_v2\tile_000212,
tile_007522,ok,5.0154,E:\dac_stage1_dpm_predictions_positive3200_v2\tile_007522,
tile_008645,ok,4.9321,E:\dac_stage1_dpm_predictions_positive3200_v2\tile_008645,
tile_017258,ok,5.3099,E:\dac_stage1_dpm_predictions_positive3200_v2\tile_017258,
tile_016817,ok,5.6036,E:\dac_stage1_dpm_predictions_positive3200_v2\tile_016817,
tile_003206,ok,4.6577,E:\dac_stage1_dpm_predictions_positive3200_v2\tile_003206,
tile_022846,ok,4.9251,E:\dac_stage1_dpm_predictions_positive3200_v2\tile_022846,
tile_026656,ok,4.8883,E:\dac_stage1_dpm_predictions_positive3200_v2\tile_026656,
tile_011178,ok,5.6042,E:\dac_stage1_dpm_predictions_positive3200_v2\tile_011178,
tile_005111,ok,5.4722,E:\dac_stage1_dpm_predictions_positive3200_v2\tile_005111,
tile_007812,ok,5.0305,E:\dac_stage1_dpm_predictions_positive3200_v2\tile_007812,
tile_014105,ok,5.6264,E:\dac_stage1_dpm_predictions_positive3200_v2\tile_014105,
tile_025931,ok,5.4038,E:\dac_stage1_dpm_predictions_positive3200_v2\tile_025931,
tile_000101,ok,5.4644,E:\dac_stage1_dpm_predictions_positive3200_v2\tile_000101,
tile_000407,ok,5.1044,E:\dac_stage1_dpm_predictions_positive3200_v2\tile_000407,
tile_006162,ok,4.6535,E:\dac_stage1_dpm_predictions_positive3200_v2\tile_006162,
tile_024139,ok,4.6861,E:\dac_stage1_dpm_predictions_positive3200_v2\tile_024139,
tile_003726,ok,5.6688,E:\dac_stage1_dpm_predictions_positive3200_v2\tile_003726,
tile_025882,ok,5.1832,E:\dac_stage1_dpm_predictions_positive3200_v2\tile_025882,
tile_023703,ok,4.9725,E:\dac_stage1_dpm_predictions_positive3200_v2\tile_023703,
tile_025870,ok,4.8014,E:\dac_stage1_dpm_predictions_positive3200_v2\tile_025870,
tile_012798,ok,5.0967,E:\dac_stage1_dpm_predictions_positive3200_v2\tile_012798,
tile_021843,ok,5.7869,E:\dac_stage1_dpm_predictions_positive3200_v2\tile_021843,
tile_014790,ok,4.753,E:\dac_stage1_dpm_predictions_positive3200_v2\tile_014790,
tile_021881,ok,4.9379,E:\dac_stage1_dpm_predictions_positive3200_v2\tile_021881,
tile_016975,ok,5.4412,E:\dac_stage1_dpm_predictions_positive3200_v2\tile_016975,
tile_012953,ok,5.433,E:\dac_stage1_dpm_predictions_positive3200_v2\tile_012953,
tile_017770,ok,4.1571,E:\dac_stage1_dpm_predictions_positive3200_v2\tile_017770,
tile_002631,ok,5.3092,E:\dac_stage1_dpm_predictions_positive3200_v2\tile_002631,
tile_025894,ok,4.8779,E:\dac_stage1_dpm_predictions_positive3200_v2\tile_025894,
tile_024499,ok,4.7343,E:\dac_stage1_dpm_predictions_positive3200_v2\tile_024499,
tile_012012,ok,5.9695,E:\dac_stage1_dpm_predictions_positive3200_v2\tile_012012,
tile_000367,ok,4.9217,E:\dac_stage1_dpm_predictions_positive3200_v2\tile_000367,
tile_017954,ok,4.6729,E:\dac_stage1_dpm_predictions_positive3200_v2\tile_017954,
tile_024004,ok,4.7841,E:\dac_stage1_dpm_predictions_positive3200_v2\tile_024004,
tile_026627,ok,6.3943,E:\dac_stage1_dpm_predictions_positive3200_v2\tile_026627,
tile_018814,ok,4.8964,E:\dac_stage1_dpm_predictions_positive3200_v2\tile_018814,
tile_003858,ok,4.8349,E:\dac_stage1_dpm_predictions_positive3200_v2\tile_003858,
tile_007162,ok,6.009,E:\dac_stage1_dpm_predictions_positive3200_v2\tile_007162,
tile_008985,ok,5.3235,E:\dac_stage1_dpm_predictions_positive3200_v2\tile_008985,
tile_027096,ok,6.5996,E:\dac_stage1_dpm_predictions_positive3200_v2\tile_027096,
tile_025031,ok,5.2993,E:\dac_stage1_dpm_predictions_positive3200_v2\tile_025031,
tile_024659,ok,4.6309,E:\dac_stage1_dpm_predictions_positive3200_v2\tile_024659,
tile_014251,ok,5.9888,E:\dac_stage1_dpm_predictions_positive3200_v2\tile_014251,
tile_026128,ok,4.8431,E:\dac_stage1_dpm_predictions_positive3200_v2\tile_026128,
tile_009096,ok,7.6834,E:\dac_stage1_dpm_predictions_positive3200_v2\tile_009096,
tile_026684,ok,4.7156,E:\dac_stage1_dpm_predictions_positive3200_v2\tile_026684,
tile_026801,ok,4.7205,E:\dac_stage1_dpm_predictions_positive3200_v2\tile_026801,
tile_010906,ok,4.9544,E:\dac_stage1_dpm_predictions_positive3200_v2\tile_010906,
tile_020701,ok,5.52,E:\dac_stage1_dpm_predictions_positive3200_v2\tile_020701,
tile_022253,ok,5.6216,E:\dac_stage1_dpm_predictions_positive3200_v2\tile_022253,
tile_007145,ok,5.1712,E:\dac_stage1_dpm_predictions_positive3200_v2\tile_007145,
tile_008652,ok,4.8085,E:\dac_stage1_dpm_predictions_positive3200_v2\tile_008652,
tile_023896,ok,4.9894,E:\dac_stage1_dpm_predictions_positive3200_v2\tile_023896,
tile_018426,ok,4.9998,E:\dac_stage1_dpm_predictions_positive3200_v2\tile_018426,
tile_017726,ok,5.1863,E:\dac_stage1_dpm_predictions_positive3200_v2\tile_017726,
tile_016474,ok,5.7992,E:\dac_stage1_dpm_predictions_positive3200_v2\tile_016474,
tile_007062,ok,4.9276,E:\dac_stage1_dpm_predictions_positive3200_v2\tile_007062,
tile_017747,ok,4.9539,E:\dac_stage1_dpm_predictions_positive3200_v2\tile_017747,
tile_027000,ok,6.0655,E:\dac_stage1_dpm_predictions_positive3200_v2\tile_027000,
tile_018428,ok,4.8959,E:\dac_stage1_dpm_predictions_positive3200_v2\tile_018428,
tile_004491,ok,5.9787,E:\dac_stage1_dpm_predictions_positive3200_v2\tile_004491,
tile_023490,ok,5.6397,E:\dac_stage1_dpm_predictions_positive3200_v2\tile_023490,
tile_024851,ok,5.0054,E:\dac_stage1_dpm_predictions_positive3200_v2\tile_024851,
tile_003593,ok,4.294,E:\dac_stage1_dpm_predictions_positive3200_v2\tile_003593,
tile_024711,ok,7.0971,E:\dac_stage1_dpm_predictions_positive3200_v2\tile_024711,
tile_026460,ok,5.3334,E:\dac_stage1_dpm_predictions_positive3200_v2\tile_026460,
tile_002077,ok,5.259,E:\dac_stage1_dpm_predictions_positive3200_v2\tile_002077,
tile_006951,ok,5.297,E:\dac_stage1_dpm_predictions_positive3200_v2\tile_006951,
tile_016938,ok,5.2197,E:\dac_stage1_dpm_predictions_positive3200_v2\tile_016938,
tile_022348,ok,5.2199,E:\dac_stage1_dpm_predictions_positive3200_v2\tile_022348,
tile_027134,ok,5.0673,E:\dac_stage1_dpm_predictions_positive3200_v2\tile_027134,
tile_000654,ok,5.0186,E:\dac_stage1_dpm_predictions_positive3200_v2\tile_000654,
tile_004065,ok,4.7384,E:\dac_stage1_dpm_predictions_positive3200_v2\tile_004065,
tile_014957,ok,5.5978,E:\dac_stage1_dpm_predictions_positive3200_v2\tile_014957,
tile_002079,ok,4.9161,E:\dac_stage1_dpm_predictions_positive3200_v2\tile_002079,
tile_018356,ok,5.0556,E:\dac_stage1_dpm_predictions_positive3200_v2\tile_018356,
tile_002781,ok,4.2702,E:\dac_stage1_dpm_predictions_positive3200_v2\tile_002781,
tile_020786,ok,5.4108,E:\dac_stage1_dpm_predictions_positive3200_v2\tile_020786,
tile_026639,ok,4.6613,E:\dac_stage1_dpm_predictions_positive3200_v2\tile_026639,
tile_026057,ok,4.5553,E:\dac_stage1_dpm_predictions_positive3200_v2\tile_026057,
tile_000686,ok,4.6649,E:\dac_stage1_dpm_predictions_positive3200_v2\tile_000686,
tile_013643,ok,4.8659,E:\dac_stage1_dpm_predictions_positive3200_v2\tile_013643,
tile_006155,ok,7.6022,E:\dac_stage1_dpm_predictions_positive3200_v2\tile_006155,
tile_022376,ok,4.4736,E:\dac_stage1_dpm_predictions_positive3200_v2\tile_022376,
tile_017797,ok,4.2454,E:\dac_stage1_dpm_predictions_positive3200_v2\tile_017797,
tile_027191,ok,4.9261,E:\dac_stage1_dpm_predictions_positive3200_v2\tile_027191,
tile_009100,ok,4.6201,E:\dac_stage1_dpm_predictions_positive3200_v2\tile_009100,
tile_008825,ok,4.8116,E:\dac_stage1_dpm_predictions_positive3200_v2\tile_008825,
tile_002270,ok,6.0966,E:\dac_stage1_dpm_predictions_positive3200_v2\tile_002270,
tile_003161,ok,5.0731,E:\dac_stage1_dpm_predictions_positive3200_v2\tile_003161,
tile_002217,ok,4.5567,E:\dac_stage1_dpm_predictions_positive3200_v2\tile_002217,
tile_006935,ok,5.0187,E:\dac_stage1_dpm_predictions_positive3200_v2\tile_006935,
tile_011233,ok,5.5887,E:\dac_stage1_dpm_predictions_positive3200_v2\tile_011233,
tile_026060,ok,4.5407,E:\dac_stage1_dpm_predictions_positive3200_v2\tile_026060,
tile_009317,ok,4.1523,E:\dac_stage1_dpm_predictions_positive3200_v2\tile_009317,
tile_008666,ok,4.8654,E:\dac_stage1_dpm_predictions_positive3200_v2\tile_008666,
tile_000070,ok,4.6562,E:\dac_stage1_dpm_predictions_positive3200_v2\tile_000070,
tile_024117,ok,4.515,E:\dac_stage1_dpm_predictions_positive3200_v2\tile_024117,
tile_021360,ok,5.092,E:\dac_stage1_dpm_predictions_positive3200_v2\tile_021360,
tile_016527,ok,5.0048,E:\dac_stage1_dpm_predictions_positive3200_v2\tile_016527,
tile_017242,ok,5.6573,E:\dac_stage1_dpm_predictions_positive3200_v2\tile_017242,
tile_003912,ok,4.4705,E:\dac_stage1_dpm_predictions_positive3200_v2\tile_003912,
tile_006929,ok,5.8281,E:\dac_stage1_dpm_predictions_positive3200_v2\tile_006929,
tile_003043,ok,4.4633,E:\dac_stage1_dpm_predictions_positive3200_v2\tile_003043,
tile_026377,ok,4.4457,E:\dac_stage1_dpm_predictions_positive3200_v2\tile_026377,
tile_021351,ok,5.325,E:\dac_stage1_dpm_predictions_positive3200_v2\tile_021351,
tile_002838,ok,4.1783,E:\dac_stage1_dpm_predictions_positive3200_v2\tile_002838,
tile_009221,ok,4.9168,E:\dac_stage1_dpm_predictions_positive3200_v2\tile_009221,
tile_021945,ok,5.372,E:\dac_stage1_dpm_predictions_positive3200_v2\tile_021945,
tile_002493,ok,6.0948,E:\dac_stage1_dpm_predictions_positive3200_v2\tile_002493,
tile_006901,ok,5.1667,E:\dac_stage1_dpm_predictions_positive3200_v2\tile_006901,
tile_003539,ok,5.6063,E:\dac_stage1_dpm_predictions_positive3200_v2\tile_003539,
tile_004740,ok,4.4931,E:\dac_stage1_dpm_predictions_positive3200_v2\tile_004740,
tile_004783,ok,5.9983,E:\dac_stage1_dpm_predictions_positive3200_v2\tile_004783,
tile_007380,ok,4.8397,E:\dac_stage1_dpm_predictions_positive3200_v2\tile_007380,
tile_006627,ok,5.3127,E:\dac_stage1_dpm_predictions_positive3200_v2\tile_006627,
tile_024574,ok,4.9426,E:\dac_stage1_dpm_predictions_positive3200_v2\tile_024574,
tile_010692,ok,4.4021,E:\dac_stage1_dpm_predictions_positive3200_v2\tile_010692,
tile_027048,ok,5.5017,E:\dac_stage1_dpm_predictions_positive3200_v2\tile_027048,
tile_021691,ok,4.9552,E:\dac_stage1_dpm_predictions_positive3200_v2\tile_021691,
tile_008997,ok,4.9845,E:\dac_stage1_dpm_predictions_positive3200_v2\tile_008997,
tile_025572,ok,4.5497,E:\dac_stage1_dpm_predictions_positive3200_v2\tile_025572,
tile_012324,ok,4.7856,E:\dac_stage1_dpm_predictions_positive3200_v2\tile_012324,
tile_024042,ok,4.7086,E:\dac_stage1_dpm_predictions_positive3200_v2\tile_024042,
tile_005599,ok,5.0359,E:\dac_stage1_dpm_predictions_positive3200_v2\tile_005599,
tile_026860,ok,4.5361,E:\dac_stage1_dpm_predictions_positive3200_v2\tile_026860,
tile_003359,ok,5.0632,E:\dac_stage1_dpm_predictions_positive3200_v2\tile_003359,
tile_012223,ok,5.053,E:\dac_stage1_dpm_predictions_positive3200_v2\tile_012223,
tile_017478,ok,5.0344,E:\dac_stage1_dpm_predictions_positive3200_v2\tile_017478,
tile_003782,ok,4.947,E:\dac_stage1_dpm_predictions_positive3200_v2\tile_003782,
tile_003301,ok,4.1878,E:\dac_stage1_dpm_predictions_positive3200_v2\tile_003301,
tile_021069,ok,5.4993,E:\dac_stage1_dpm_predictions_positive3200_v2\tile_021069,
tile_008958,ok,7.598,E:\dac_stage1_dpm_predictions_positive3200_v2\tile_008958,
tile_000524,ok,4.5033,E:\dac_stage1_dpm_predictions_positive3200_v2\tile_000524,
tile_007316,ok,4.8634,E:\dac_stage1_dpm_predictions_positive3200_v2\tile_007316,
tile_025788,ok,5.1846,E:\dac_stage1_dpm_predictions_positive3200_v2\tile_025788,
tile_007530,ok,4.8368,E:\dac_stage1_dpm_predictions_positive3200_v2\tile_007530,
tile_000211,ok,4.667,E:\dac_stage1_dpm_predictions_positive3200_v2\tile_000211,
tile_024547,ok,5.0632,E:\dac_stage1_dpm_predictions_positive3200_v2\tile_024547,
tile_026145,ok,6.8714,E:\dac_stage1_dpm_predictions_positive3200_v2\tile_026145,
tile_016812,ok,5.3443,E:\dac_stage1_dpm_predictions_positive3200_v2\tile_016812,
tile_010681,ok,5.1093,E:\dac_stage1_dpm_predictions_positive3200_v2\tile_010681,
tile_007671,ok,4.9015,E:\dac_stage1_dpm_predictions_positive3200_v2\tile_007671,
tile_012237,ok,5.6855,E:\dac_stage1_dpm_predictions_positive3200_v2\tile_012237,
tile_022028,ok,5.8372,E:\dac_stage1_dpm_predictions_positive3200_v2\tile_022028,
tile_006426,ok,5.1679,E:\dac_stage1_dpm_predictions_positive3200_v2\tile_006426,
tile_000471,ok,5.4279,E:\dac_stage1_dpm_predictions_positive3200_v2\tile_000471,
tile_021973,ok,5.1899,E:\dac_stage1_dpm_predictions_positive3200_v2\tile_021973,
tile_026234,ok,5.0918,E:\dac_stage1_dpm_predictions_positive3200_v2\tile_026234,
tile_000281,ok,5.1216,E:\dac_stage1_dpm_predictions_positive3200_v2\tile_000281,
tile_008949,ok,5.412,E:\dac_stage1_dpm_predictions_positive3200_v2\tile_008949,
tile_003630,ok,4.8319,E:\dac_stage1_dpm_predictions_positive3200_v2\tile_003630,
tile_002054,ok,5.0732,E:\dac_stage1_dpm_predictions_positive3200_v2\tile_002054,
tile_015048,ok,5.0123,E:\dac_stage1_dpm_predictions_positive3200_v2\tile_015048,
tile_021366,ok,4.7106,E:\dac_stage1_dpm_predictions_positive3200_v2\tile_021366,
tile_000449,ok,5.7757,E:\dac_stage1_dpm_predictions_positive3200_v2\tile_000449,
tile_014096,ok,6.5462,E:\dac_stage1_dpm_predictions_positive3200_v2\tile_014096,
tile_002214,ok,4.8867,E:\dac_stage1_dpm_predictions_positive3200_v2\tile_002214,
tile_024102,ok,4.7615,E:\dac_stage1_dpm_predictions_positive3200_v2\tile_024102,
tile_008454,ok,5.0694,E:\dac_stage1_dpm_predictions_positive3200_v2\tile_008454,
tile_026013,ok,4.2154,E:\dac_stage1_dpm_predictions_positive3200_v2\tile_026013,
tile_026447,ok,5.0282,E:\dac_stage1_dpm_predictions_positive3200_v2\tile_026447,
tile_013224,ok,5.1841,E:\dac_stage1_dpm_predictions_positive3200_v2\tile_013224,
tile_025163,ok,5.0427,E:\dac_stage1_dpm_predictions_positive3200_v2\tile_025163,
tile_018775,ok,37.7143,E:\dac_stage1_dpm_predictions_positive3200_v2\tile_018775,
tile_022525,ok,5.0081,E:\dac_stage1_dpm_predictions_positive3200_v2\tile_022525,
tile_013552,ok,5.2651,E:\dac_stage1_dpm_predictions_positive3200_v2\tile_013552,
tile_023320,ok,5.1782,E:\dac_stage1_dpm_predictions_positive3200_v2\tile_023320,
tile_001641,ok,4.9692,E:\dac_stage1_dpm_predictions_positive3200_v2\tile_001641,
tile_013915,ok,4.2977,E:\dac_stage1_dpm_predictions_positive3200_v2\tile_013915,
tile_008272,ok,5.6883,E:\dac_stage1_dpm_predictions_positive3200_v2\tile_008272,
tile_000280,ok,5.882,E:\dac_stage1_dpm_predictions_positive3200_v2\tile_000280,
tile_013787,ok,4.7802,E:\dac_stage1_dpm_predictions_positive3200_v2\tile_013787,
tile_002531,ok,4.8333,E:\dac_stage1_dpm_predictions_positive3200_v2\tile_002531,
tile_025807,ok,4.6418,E:\dac_stage1_dpm_predictions_positive3200_v2\tile_025807,
tile_021923,ok,5.0427,E:\dac_stage1_dpm_predictions_positive3200_v2\tile_021923,
tile_005446,ok,6.378,E:\dac_stage1_dpm_predictions_positive3200_v2\tile_005446,
tile_009136,ok,4.8796,E:\dac_stage1_dpm_predictions_positive3200_v2\tile_009136,
tile_001147,ok,4.9532,E:\dac_stage1_dpm_predictions_positive3200_v2\tile_001147,
tile_002003,ok,4.6911,E:\dac_stage1_dpm_predictions_positive3200_v2\tile_002003,
tile_012767,ok,4.6819,E:\dac_stage1_dpm_predictions_positive3200_v2\tile_012767,
tile_003337,ok,4.9531,E:\dac_stage1_dpm_predictions_positive3200_v2\tile_003337,
tile_022775,ok,4.3599,E:\dac_stage1_dpm_predictions_positive3200_v2\tile_022775,
tile_014315,ok,5.1271,E:\dac_stage1_dpm_predictions_positive3200_v2\tile_014315,
tile_025661,ok,5.3949,E:\dac_stage1_dpm_predictions_positive3200_v2\tile_025661,
tile_012464,ok,4.739,E:\dac_stage1_dpm_predictions_positive3200_v2\tile_012464,
tile_015230,ok,4.2654,E:\dac_stage1_dpm_predictions_positive3200_v2\tile_015230,
tile_002623,ok,5.7853,E:\dac_stage1_dpm_predictions_positive3200_v2\tile_002623,
tile_010998,ok,6.2705,E:\dac_stage1_dpm_predictions_positive3200_v2\tile_010998,
tile_002154,ok,6.1355,E:\dac_stage1_dpm_predictions_positive3200_v2\tile_002154,
tile_003929,ok,4.6092,E:\dac_stage1_dpm_predictions_positive3200_v2\tile_003929,
tile_015056,ok,5.2036,E:\dac_stage1_dpm_predictions_positive3200_v2\tile_015056,
tile_012430,ok,5.382,E:\dac_stage1_dpm_predictions_positive3200_v2\tile_012430,
tile_013978,ok,5.3148,E:\dac_stage1_dpm_predictions_positive3200_v2\tile_013978,
tile_001102,ok,6.3562,E:\dac_stage1_dpm_predictions_positive3200_v2\tile_001102,
tile_000916,ok,6.1461,E:\dac_stage1_dpm_predictions_positive3200_v2\tile_000916,
tile_000361,ok,6.1077,E:\dac_stage1_dpm_predictions_positive3200_v2\tile_000361,
tile_009275,ok,4.6397,E:\dac_stage1_dpm_predictions_positive3200_v2\tile_009275,
tile_010487,ok,4.2261,E:\dac_stage1_dpm_predictions_positive3200_v2\tile_010487,
tile_016789,ok,5.673,E:\dac_stage1_dpm_predictions_positive3200_v2\tile_016789,
tile_020124,ok,5.4894,E:\dac_stage1_dpm_predictions_positive3200_v2\tile_020124,
tile_019579,ok,5.1232,E:\dac_stage1_dpm_predictions_positive3200_v2\tile_019579,
tile_017923,ok,4.7957,E:\dac_stage1_dpm_predictions_positive3200_v2\tile_017923,
tile_021723,ok,4.4965,E:\dac_stage1_dpm_predictions_positive3200_v2\tile_021723,
tile_017136,ok,4.8821,E:\dac_stage1_dpm_predictions_positive3200_v2\tile_017136,
tile_014158,ok,6.238,E:\dac_stage1_dpm_predictions_positive3200_v2\tile_014158,
tile_020054,ok,5.1757,E:\dac_stage1_dpm_predictions_positive3200_v2\tile_020054,
tile_003050,ok,4.8577,E:\dac_stage1_dpm_predictions_positive3200_v2\tile_003050,
tile_023062,ok,5.2164,E:\dac_stage1_dpm_predictions_positive3200_v2\tile_023062,
tile_012386,ok,4.6869,E:\dac_stage1_dpm_predictions_positive3200_v2\tile_012386,
tile_008541,ok,5.5471,E:\dac_stage1_dpm_predictions_positive3200_v2\tile_008541,
tile_010813,ok,5.6505,E:\dac_stage1_dpm_predictions_positive3200_v2\tile_010813,
tile_015544,ok,6.0691,E:\dac_stage1_dpm_predictions_positive3200_v2\tile_015544,
tile_021279,ok,4.9814,E:\dac_stage1_dpm_predictions_positive3200_v2\tile_021279,
tile_026825,ok,4.6384,E:\dac_stage1_dpm_predictions_positive3200_v2\tile_026825,
tile_008443,ok,5.3116,E:\dac_stage1_dpm_predictions_positive3200_v2\tile_008443,
tile_021159,ok,4.7163,E:\dac_stage1_dpm_predictions_positive3200_v2\tile_021159,
tile_016214,ok,6.1537,E:\dac_stage1_dpm_predictions_positive3200_v2\tile_016214,
tile_022746,ok,5.3519,E:\dac_stage1_dpm_predictions_positive3200_v2\tile_022746,
tile_017605,ok,4.7083,E:\dac_stage1_dpm_predictions_positive3200_v2\tile_017605,
tile_026237,ok,4.4941,E:\dac_stage1_dpm_predictions_positive3200_v2\tile_026237,
tile_024192,ok,5.1809,E:\dac_stage1_dpm_predictions_positive3200_v2\tile_024192,
tile_023762,ok,5.4048,E:\dac_stage1_dpm_predictions_positive3200_v2\tile_023762,
tile_007198,ok,5.3789,E:\dac_stage1_dpm_predictions_positive3200_v2\tile_007198,
tile_015269,ok,5.8139,E:\dac_stage1_dpm_predictions_positive3200_v2\tile_015269,
tile_014970,ok,5.7003,E:\dac_stage1_dpm_predictions_positive3200_v2\tile_014970,
tile_003651,ok,5.555,E:\dac_stage1_dpm_predictions_positive3200_v2\tile_003651,
tile_002836,ok,5.4617,E:\dac_stage1_dpm_predictions_positive3200_v2\tile_002836,
tile_027236,ok,5.4843,E:\dac_stage1_dpm_predictions_positive3200_v2\tile_027236,
tile_017854,ok,5.1131,E:\dac_stage1_dpm_predictions_positive3200_v2\tile_017854,
tile_026174,ok,5.3942,E:\dac_stage1_dpm_predictions_positive3200_v2\tile_026174,
tile_008174,ok,5.101,E:\dac_stage1_dpm_predictions_positive3200_v2\tile_008174,
tile_015275,ok,5.5913,E:\dac_stage1_dpm_predictions_positive3200_v2\tile_015275,
tile_008998,ok,5.2408,E:\dac_stage1_dpm_predictions_positive3200_v2\tile_008998,
tile_026049,ok,5.5824,E:\dac_stage1_dpm_predictions_positive3200_v2\tile_026049,
tile_027052,ok,5.4788,E:\dac_stage1_dpm_predictions_positive3200_v2\tile_027052,
tile_015110,ok,5.67,E:\dac_stage1_dpm_predictions_positive3200_v2\tile_015110,
tile_006904,ok,5.0211,E:\dac_stage1_dpm_predictions_positive3200_v2\tile_006904,
tile_012898,ok,5.25,E:\dac_stage1_dpm_predictions_positive3200_v2\tile_012898,
tile_015799,ok,4.8076,E:\dac_stage1_dpm_predictions_positive3200_v2\tile_015799,
tile_004073,ok,5.8427,E:\dac_stage1_dpm_predictions_positive3200_v2\tile_004073,
tile_014002,ok,5.7878,E:\dac_stage1_dpm_predictions_positive3200_v2\tile_014002,
tile_020028,ok,5.2088,E:\dac_stage1_dpm_predictions_positive3200_v2\tile_020028,
tile_000422,ok,5.311,E:\dac_stage1_dpm_predictions_positive3200_v2\tile_000422,
tile_026571,ok,5.1291,E:\dac_stage1_dpm_predictions_positive3200_v2\tile_026571,
tile_006650,ok,5.2645,E:\dac_stage1_dpm_predictions_positive3200_v2\tile_006650,
tile_009311,ok,6.1293,E:\dac_stage1_dpm_predictions_positive3200_v2\tile_009311,
tile_008612,ok,5.5132,E:\dac_stage1_dpm_predictions_positive3200_v2\tile_008612,
tile_008012,ok,5.2738,E:\dac_stage1_dpm_predictions_positive3200_v2\tile_008012,
tile_016026,ok,5.1815,E:\dac_stage1_dpm_predictions_positive3200_v2\tile_016026,
tile_015747,ok,5.4926,E:\dac_stage1_dpm_predictions_positive3200_v2\tile_015747,
tile_017274,ok,5.5304,E:\dac_stage1_dpm_predictions_positive3200_v2\tile_017274,
tile_008143,ok,5.0394,E:\dac_stage1_dpm_predictions_positive3200_v2\tile_008143,
tile_008373,ok,5.462,E:\dac_stage1_dpm_predictions_positive3200_v2\tile_008373,
tile_015961,ok,4.961,E:\dac_stage1_dpm_predictions_positive3200_v2\tile_015961,
tile_027227,ok,5.5215,E:\dac_stage1_dpm_predictions_positive3200_v2\tile_027227,
tile_006552,ok,4.3949,E:\dac_stage1_dpm_predictions_positive3200_v2\tile_006552,
tile_007878,ok,5.4555,E:\dac_stage1_dpm_predictions_positive3200_v2\tile_007878,
tile_010754,ok,4.826,E:\dac_stage1_dpm_predictions_positive3200_v2\tile_010754,
tile_016139,ok,5.3837,E:\dac_stage1_dpm_predictions_positive3200_v2\tile_016139,
tile_025844,ok,4.9094,E:\dac_stage1_dpm_predictions_positive3200_v2\tile_025844,
tile_003869,ok,5.1175,E:\dac_stage1_dpm_predictions_positive3200_v2\tile_003869,
tile_012252,ok,4.5601,E:\dac_stage1_dpm_predictions_positive3200_v2\tile_012252,
tile_026037,ok,6.055,E:\dac_stage1_dpm_predictions_positive3200_v2\tile_026037,
tile_004423,ok,5.7754,E:\dac_stage1_dpm_predictions_positive3200_v2\tile_004423,
tile_007097,ok,4.6664,E:\dac_stage1_dpm_predictions_positive3200_v2\tile_007097,
tile_015679,ok,4.815,E:\dac_stage1_dpm_predictions_positive3200_v2\tile_015679,
tile_007197,ok,5.5687,E:\dac_stage1_dpm_predictions_positive3200_v2\tile_007197,
tile_022916,ok,5.3903,E:\dac_stage1_dpm_predictions_positive3200_v2\tile_022916,
tile_006176,ok,5.6354,E:\dac_stage1_dpm_predictions_positive3200_v2\tile_006176,
tile_025364,ok,5.0525,E:\dac_stage1_dpm_predictions_positive3200_v2\tile_025364,
tile_002972,ok,6.1887,E:\dac_stage1_dpm_predictions_positive3200_v2\tile_002972,
tile_002863,ok,6.7213,E:\dac_stage1_dpm_predictions_positive3200_v2\tile_002863,
tile_014806,ok,5.1163,E:\dac_stage1_dpm_predictions_positive3200_v2\tile_014806,
tile_016118,ok,9.9232,E:\dac_stage1_dpm_predictions_positive3200_v2\tile_016118,
tile_019513,ok,5.5387,E:\dac_stage1_dpm_predictions_positive3200_v2\tile_019513,
tile_008926,ok,5.1516,E:\dac_stage1_dpm_predictions_positive3200_v2\tile_008926,
tile_002334,ok,6.5378,E:\dac_stage1_dpm_predictions_positive3200_v2\tile_002334,
tile_003486,ok,5.4223,E:\dac_stage1_dpm_predictions_positive3200_v2\tile_003486,
tile_025847,ok,6.5477,E:\dac_stage1_dpm_predictions_positive3200_v2\tile_025847,
tile_023828,ok,4.9046,E:\dac_stage1_dpm_predictions_positive3200_v2\tile_023828,
tile_013880,ok,5.4984,E:\dac_stage1_dpm_predictions_positive3200_v2\tile_013880,
tile_026218,ok,4.9446,E:\dac_stage1_dpm_predictions_positive3200_v2\tile_026218,
tile_013181,ok,4.9375,E:\dac_stage1_dpm_predictions_positive3200_v2\tile_013181,
tile_009245,ok,7.8371,E:\dac_stage1_dpm_predictions_positive3200_v2\tile_009245,
tile_004876,ok,5.6736,E:\dac_stage1_dpm_predictions_positive3200_v2\tile_004876,
tile_014466,ok,4.378,E:\dac_stage1_dpm_predictions_positive3200_v2\tile_014466,
tile_023865,ok,5.2384,E:\dac_stage1_dpm_predictions_positive3200_v2\tile_023865,
tile_002284,ok,5.3348,E:\dac_stage1_dpm_predictions_positive3200_v2\tile_002284,
tile_015791,ok,4.9899,E:\dac_stage1_dpm_predictions_positive3200_v2\tile_015791,
tile_017277,ok,5.0632,E:\dac_stage1_dpm_predictions_positive3200_v2\tile_017277,
tile_008349,ok,5.5949,E:\dac_stage1_dpm_predictions_positive3200_v2\tile_008349,
tile_027131,ok,5.805,E:\dac_stage1_dpm_predictions_positive3200_v2\tile_027131,
tile_009398,ok,5.8969,E:\dac_stage1_dpm_predictions_positive3200_v2\tile_009398,
tile_002354,ok,5.0373,E:\dac_stage1_dpm_predictions_positive3200_v2\tile_002354,
tile_022902,ok,5.5687,E:\dac_stage1_dpm_predictions_positive3200_v2\tile_022902,
tile_018345,ok,5.8878,E:\dac_stage1_dpm_predictions_positive3200_v2\tile_018345,
tile_006579,ok,6.702,E:\dac_stage1_dpm_predictions_positive3200_v2\tile_006579,
tile_008013,ok,5.0845,E:\dac_stage1_dpm_predictions_positive3200_v2\tile_008013,
tile_003362,ok,5.0437,E:\dac_stage1_dpm_predictions_positive3200_v2\tile_003362,
tile_010988,ok,5.5357,E:\dac_stage1_dpm_predictions_positive3200_v2\tile_010988,
tile_006230,ok,5.7043,E:\dac_stage1_dpm_predictions_positive3200_v2\tile_006230,
tile_001929,ok,4.9945,E:\dac_stage1_dpm_predictions_positive3200_v2\tile_001929,
tile_013093,ok,5.2339,E:\dac_stage1_dpm_predictions_positive3200_v2\tile_013093,
tile_021356,ok,5.8679,E:\dac_stage1_dpm_predictions_positive3200_v2\tile_021356,
tile_002461,ok,6.2705,E:\dac_stage1_dpm_predictions_positive3200_v2\tile_002461,
tile_026661,ok,4.5318,E:\dac_stage1_dpm_predictions_positive3200_v2\tile_026661,
tile_021712,ok,4.6029,E:\dac_stage1_dpm_predictions_positive3200_v2\tile_021712,
tile_023684,ok,5.1176,E:\dac_stage1_dpm_predictions_positive3200_v2\tile_023684,
tile_026039,ok,5.6266,E:\dac_stage1_dpm_predictions_positive3200_v2\tile_026039,
tile_003604,ok,5.6368,E:\dac_stage1_dpm_predictions_positive3200_v2\tile_003604,
tile_013002,ok,4.9784,E:\dac_stage1_dpm_predictions_positive3200_v2\tile_013002,
tile_021074,ok,5.6511,E:\dac_stage1_dpm_predictions_positive3200_v2\tile_021074,
tile_016127,ok,4.1822,E:\dac_stage1_dpm_predictions_positive3200_v2\tile_016127,
tile_007150,ok,5.3786,E:\dac_stage1_dpm_predictions_positive3200_v2\tile_007150,
tile_007569,ok,5.454,E:\dac_stage1_dpm_predictions_positive3200_v2\tile_007569,
tile_000328,ok,5.8827,E:\dac_stage1_dpm_predictions_positive3200_v2\tile_000328,
tile_023956,ok,4.4005,E:\dac_stage1_dpm_predictions_positive3200_v2\tile_023956,
tile_003297,ok,4.8819,E:\dac_stage1_dpm_predictions_positive3200_v2\tile_003297,
tile_015525,ok,5.7185,E:\dac_stage1_dpm_predictions_positive3200_v2\tile_015525,
tile_021183,ok,4.5713,E:\dac_stage1_dpm_predictions_positive3200_v2\tile_021183,
tile_008621,ok,4.4421,E:\dac_stage1_dpm_predictions_positive3200_v2\tile_008621,
tile_008374,ok,4.408,E:\dac_stage1_dpm_predictions_positive3200_v2\tile_008374,
tile_012007,ok,4.776,E:\dac_stage1_dpm_predictions_positive3200_v2\tile_012007,
tile_004402,ok,4.8078,E:\dac_stage1_dpm_predictions_positive3200_v2\tile_004402,
tile_001054,ok,4.5701,E:\dac_stage1_dpm_predictions_positive3200_v2\tile_001054,
tile_024539,ok,4.6326,E:\dac_stage1_dpm_predictions_positive3200_v2\tile_024539,
tile_001640,ok,4.7452,E:\dac_stage1_dpm_predictions_positive3200_v2\tile_001640,
tile_003389,ok,5.4319,E:\dac_stage1_dpm_predictions_positive3200_v2\tile_003389,
tile_018835,ok,4.3081,E:\dac_stage1_dpm_predictions_positive3200_v2\tile_018835,
tile_012416,ok,5.1125,E:\dac_stage1_dpm_predictions_positive3200_v2\tile_012416,
tile_001797,ok,4.7294,E:\dac_stage1_dpm_predictions_positive3200_v2\tile_001797,
tile_000569,ok,4.3723,E:\dac_stage1_dpm_predictions_positive3200_v2\tile_000569,
tile_006346,ok,4.8336,E:\dac_stage1_dpm_predictions_positive3200_v2\tile_006346,
tile_002489,ok,5.3779,E:\dac_stage1_dpm_predictions_positive3200_v2\tile_002489,
tile_018743,ok,5.1895,E:\dac_stage1_dpm_predictions_positive3200_v2\tile_018743,
tile_025224,ok,4.3177,E:\dac_stage1_dpm_predictions_positive3200_v2\tile_025224,
tile_003008,ok,5.1238,E:\dac_stage1_dpm_predictions_positive3200_v2\tile_003008,
tile_006687,ok,5.8346,E:\dac_stage1_dpm_predictions_positive3200_v2\tile_006687,
tile_004171,ok,4.1536,E:\dac_stage1_dpm_predictions_positive3200_v2\tile_004171,
tile_019666,ok,4.6346,E:\dac_stage1_dpm_predictions_positive3200_v2\tile_019666,
tile_023924,ok,5.5409,E:\dac_stage1_dpm_predictions_positive3200_v2\tile_023924,
tile_018364,ok,4.3734,E:\dac_stage1_dpm_predictions_positive3200_v2\tile_018364,
tile_003930,ok,4.3513,E:\dac_stage1_dpm_predictions_positive3200_v2\tile_003930,
tile_007491,ok,5.1625,E:\dac_stage1_dpm_predictions_positive3200_v2\tile_007491,
tile_027165,ok,4.4023,E:\dac_stage1_dpm_predictions_positive3200_v2\tile_027165,
tile_005005,ok,4.7556,E:\dac_stage1_dpm_predictions_positive3200_v2\tile_005005,
tile_010536,ok,4.9386,E:\dac_stage1_dpm_predictions_positive3200_v2\tile_010536,
tile_027057,ok,5.3374,E:\dac_stage1_dpm_predictions_positive3200_v2\tile_027057,
tile_012755,ok,4.6509,E:\dac_stage1_dpm_predictions_positive3200_v2\tile_012755,
tile_005983,ok,4.7153,E:\dac_stage1_dpm_predictions_positive3200_v2\tile_005983,
tile_014436,ok,5.3889,E:\dac_stage1_dpm_predictions_positive3200_v2\tile_014436,
tile_022025,ok,4.4239,E:\dac_stage1_dpm_predictions_positive3200_v2\tile_022025,
tile_027081,ok,4.7383,E:\dac_stage1_dpm_predictions_positive3200_v2\tile_027081,
tile_024171,ok,5.3435,E:\dac_stage1_dpm_predictions_positive3200_v2\tile_024171,
tile_024881,ok,5.0582,E:\dac_stage1_dpm_predictions_positive3200_v2\tile_024881,
tile_002255,ok,5.4815,E:\dac_stage1_dpm_predictions_positive3200_v2\tile_002255,
tile_011006,ok,4.3646,E:\dac_stage1_dpm_predictions_positive3200_v2\tile_011006,
tile_004744,ok,5.336,E:\dac_stage1_dpm_predictions_positive3200_v2\tile_004744,
tile_004761,ok,4.6724,E:\dac_stage1_dpm_predictions_positive3200_v2\tile_004761,
tile_027197,ok,5.0693,E:\dac_stage1_dpm_predictions_positive3200_v2\tile_027197,
tile_012821,ok,5.3024,E:\dac_stage1_dpm_predictions_positive3200_v2\tile_012821,
tile_011377,ok,4.821,E:\dac_stage1_dpm_predictions_positive3200_v2\tile_011377,
tile_015937,ok,5.1459,E:\dac_stage1_dpm_predictions_positive3200_v2\tile_015937,
tile_011686,ok,5.8633,E:\dac_stage1_dpm_predictions_positive3200_v2\tile_011686,
tile_004195,ok,5.2487,E:\dac_stage1_dpm_predictions_positive3200_v2\tile_004195,
tile_026750,ok,5.1421,E:\dac_stage1_dpm_predictions_positive3200_v2\tile_026750,
tile_000624,ok,4.4835,E:\dac_stage1_dpm_predictions_positive3200_v2\tile_000624,
tile_019892,ok,4.636,E:\dac_stage1_dpm_predictions_positive3200_v2\tile_019892,
tile_002873,ok,5.0556,E:\dac_stage1_dpm_predictions_positive3200_v2\tile_002873,
tile_008480,ok,5.025,E:\dac_stage1_dpm_predictions_positive3200_v2\tile_008480,
tile_024791,ok,6.3909,E:\dac_stage1_dpm_predictions_positive3200_v2\tile_024791,
tile_008902,ok,5.2149,E:\dac_stage1_dpm_predictions_positive3200_v2\tile_008902,
tile_018016,ok,5.1228,E:\dac_stage1_dpm_predictions_positive3200_v2\tile_018016,
tile_003045,ok,4.4978,E:\dac_stage1_dpm_predictions_positive3200_v2\tile_003045,
tile_018083,ok,5.3486,E:\dac_stage1_dpm_predictions_positive3200_v2\tile_018083,
tile_017847,ok,4.8948,E:\dac_stage1_dpm_predictions_positive3200_v2\tile_017847,
tile_016199,ok,4.7274,E:\dac_stage1_dpm_predictions_positive3200_v2\tile_016199,
tile_017898,ok,5.281,E:\dac_stage1_dpm_predictions_positive3200_v2\tile_017898,
tile_007587,ok,4.5416,E:\dac_stage1_dpm_predictions_positive3200_v2\tile_007587,
tile_011885,ok,5.1379,E:\dac_stage1_dpm_predictions_positive3200_v2\tile_011885,
tile_006677,ok,5.0975,E:\dac_stage1_dpm_predictions_positive3200_v2\tile_006677,
tile_000430,ok,5.4124,E:\dac_stage1_dpm_predictions_positive3200_v2\tile_000430,
tile_006638,ok,5.2638,E:\dac_stage1_dpm_predictions_positive3200_v2\tile_006638,
tile_017213,ok,5.1629,E:\dac_stage1_dpm_predictions_positive3200_v2\tile_017213,
tile_004284,ok,5.1588,E:\dac_stage1_dpm_predictions_positive3200_v2\tile_004284,
tile_009390,ok,5.1109,E:\dac_stage1_dpm_predictions_positive3200_v2\tile_009390,
tile_020993,ok,4.7901,E:\dac_stage1_dpm_predictions_positive3200_v2\tile_020993,
tile_018006,ok,4.7231,E:\dac_stage1_dpm_predictions_positive3200_v2\tile_018006,
tile_022844,ok,5.0872,E:\dac_stage1_dpm_predictions_positive3200_v2\tile_022844,
tile_010809,ok,5.6727,E:\dac_stage1_dpm_predictions_positive3200_v2\tile_010809,
tile_023522,ok,5.1035,E:\dac_stage1_dpm_predictions_positive3200_v2\tile_023522,
tile_025660,ok,4.8425,E:\dac_stage1_dpm_predictions_positive3200_v2\tile_025660,
tile_016244,ok,5.4028,E:\dac_stage1_dpm_predictions_positive3200_v2\tile_016244,
tile_022945,ok,5.1582,E:\dac_stage1_dpm_predictions_positive3200_v2\tile_022945,
tile_010648,ok,5.0989,E:\dac_stage1_dpm_predictions_positive3200_v2\tile_010648,
tile_021062,ok,5.6506,E:\dac_stage1_dpm_predictions_positive3200_v2\tile_021062,
tile_000484,ok,5.0976,E:\dac_stage1_dpm_predictions_positive3200_v2\tile_000484,
tile_025219,ok,4.3022,E:\dac_stage1_dpm_predictions_positive3200_v2\tile_025219,
tile_003010,ok,5.1102,E:\dac_stage1_dpm_predictions_positive3200_v2\tile_003010,
tile_003771,ok,5.4336,E:\dac_stage1_dpm_predictions_positive3200_v2\tile_003771,
tile_007525,ok,6.0243,E:\dac_stage1_dpm_predictions_positive3200_v2\tile_007525,
tile_000363,ok,5.129,E:\dac_stage1_dpm_predictions_positive3200_v2\tile_000363,
tile_011169,ok,4.5357,E:\dac_stage1_dpm_predictions_positive3200_v2\tile_011169,
tile_011596,ok,5.1621,E:\dac_stage1_dpm_predictions_positive3200_v2\tile_011596,
tile_018070,ok,4.2268,E:\dac_stage1_dpm_predictions_positive3200_v2\tile_018070,
tile_015635,ok,5.318,E:\dac_stage1_dpm_predictions_positive3200_v2\tile_015635,
tile_012024,ok,5.0356,E:\dac_stage1_dpm_predictions_positive3200_v2\tile_012024,
tile_002271,ok,4.9613,E:\dac_stage1_dpm_predictions_positive3200_v2\tile_002271,
tile_018245,ok,5.8682,E:\dac_stage1_dpm_predictions_positive3200_v2\tile_018245,
tile_016058,ok,5.2734,E:\dac_stage1_dpm_predictions_positive3200_v2\tile_016058,
tile_010942,ok,5.5813,E:\dac_stage1_dpm_predictions_positive3200_v2\tile_010942,
tile_004105,ok,5.0927,E:\dac_stage1_dpm_predictions_positive3200_v2\tile_004105,
tile_017871,ok,5.4898,E:\dac_stage1_dpm_predictions_positive3200_v2\tile_017871,
tile_004047,ok,4.7519,E:\dac_stage1_dpm_predictions_positive3200_v2\tile_004047,
tile_015196,ok,4.8579,E:\dac_stage1_dpm_predictions_positive3200_v2\tile_015196,
tile_009250,ok,4.6931,E:\dac_stage1_dpm_predictions_positive3200_v2\tile_009250,
tile_008936,ok,5.1895,E:\dac_stage1_dpm_predictions_positive3200_v2\tile_008936,
tile_007576,ok,4.7721,E:\dac_stage1_dpm_predictions_positive3200_v2\tile_007576,
tile_023128,ok,4.803,E:\dac_stage1_dpm_predictions_positive3200_v2\tile_023128,
tile_023104,ok,5.4193,E:\dac_stage1_dpm_predictions_positive3200_v2\tile_023104,
tile_013216,ok,5.1636,E:\dac_stage1_dpm_predictions_positive3200_v2\tile_013216,
tile_025650,ok,5.5276,E:\dac_stage1_dpm_predictions_positive3200_v2\tile_025650,
tile_011396,ok,4.077,E:\dac_stage1_dpm_predictions_positive3200_v2\tile_011396,
tile_011351,ok,5.1669,E:\dac_stage1_dpm_predictions_positive3200_v2\tile_011351,
tile_020035,ok,5.5854,E:\dac_stage1_dpm_predictions_positive3200_v2\tile_020035,
tile_014292,ok,4.7243,E:\dac_stage1_dpm_predictions_positive3200_v2\tile_014292,
tile_022203,ok,4.6334,E:\dac_stage1_dpm_predictions_positive3200_v2\tile_022203,
tile_006386,ok,4.6919,E:\dac_stage1_dpm_predictions_positive3200_v2\tile_006386,
tile_010766,ok,4.6463,E:\dac_stage1_dpm_predictions_positive3200_v2\tile_010766,
tile_021847,ok,4.9344,E:\dac_stage1_dpm_predictions_positive3200_v2\tile_021847,
tile_011034,ok,4.6375,E:\dac_stage1_dpm_predictions_positive3200_v2\tile_011034,
tile_019238,ok,4.7208,E:\dac_stage1_dpm_predictions_positive3200_v2\tile_019238,
tile_000083,ok,4.5379,E:\dac_stage1_dpm_predictions_positive3200_v2\tile_000083,
tile_020814,ok,5.0714,E:\dac_stage1_dpm_predictions_positive3200_v2\tile_020814,
tile_004344,ok,4.7561,E:\dac_stage1_dpm_predictions_positive3200_v2\tile_004344,
tile_026365,ok,4.9417,E:\dac_stage1_dpm_predictions_positive3200_v2\tile_026365,
tile_025878,ok,5.9679,E:\dac_stage1_dpm_predictions_positive3200_v2\tile_025878,
tile_010500,ok,5.0656,E:\dac_stage1_dpm_predictions_positive3200_v2\tile_010500,
tile_008045,ok,5.009,E:\dac_stage1_dpm_predictions_positive3200_v2\tile_008045,
tile_024842,ok,4.466,E:\dac_stage1_dpm_predictions_positive3200_v2\tile_024842,
tile_000732,ok,4.8352,E:\dac_stage1_dpm_predictions_positive3200_v2\tile_000732,
tile_021574,ok,4.747,E:\dac_stage1_dpm_predictions_positive3200_v2\tile_021574,
tile_006582,ok,5.555,E:\dac_stage1_dpm_predictions_positive3200_v2\tile_006582,
tile_000356,ok,5.165,E:\dac_stage1_dpm_predictions_positive3200_v2\tile_000356,
tile_008230,ok,5.3913,E:\dac_stage1_dpm_predictions_positive3200_v2\tile_008230,
tile_026634,ok,4.97,E:\dac_stage1_dpm_predictions_positive3200_v2\tile_026634,
tile_016440,ok,4.5315,E:\dac_stage1_dpm_predictions_positive3200_v2\tile_016440,
tile_027049,ok,5.6467,E:\dac_stage1_dpm_predictions_positive3200_v2\tile_027049,
tile_023431,ok,5.2955,E:\dac_stage1_dpm_predictions_positive3200_v2\tile_023431,
tile_020446,ok,5.0375,E:\dac_stage1_dpm_predictions_positive3200_v2\tile_020446,
tile_009368,ok,5.1576,E:\dac_stage1_dpm_predictions_positive3200_v2\tile_009368,
tile_024854,ok,5.4601,E:\dac_stage1_dpm_predictions_positive3200_v2\tile_024854,
tile_000258,ok,4.9523,E:\dac_stage1_dpm_predictions_positive3200_v2\tile_000258,
tile_019809,ok,5.1628,E:\dac_stage1_dpm_predictions_positive3200_v2\tile_019809,
tile_019356,ok,5.2013,E:\dac_stage1_dpm_predictions_positive3200_v2\tile_019356,
tile_017724,ok,4.959,E:\dac_stage1_dpm_predictions_positive3200_v2\tile_017724,
tile_014112,ok,4.3594,E:\dac_stage1_dpm_predictions_positive3200_v2\tile_014112,
tile_007600,ok,6.0255,E:\dac_stage1_dpm_predictions_positive3200_v2\tile_007600,
tile_015354,ok,5.2417,E:\dac_stage1_dpm_predictions_positive3200_v2\tile_015354,
tile_022524,ok,5.1162,E:\dac_stage1_dpm_predictions_positive3200_v2\tile_022524,
tile_025769,ok,5.821,E:\dac_stage1_dpm_predictions_positive3200_v2\tile_025769,
tile_002001,ok,5.5158,E:\dac_stage1_dpm_predictions_positive3200_v2\tile_002001,
tile_006780,ok,5.1842,E:\dac_stage1_dpm_predictions_positive3200_v2\tile_006780,
tile_019107,ok,4.8491,E:\dac_stage1_dpm_predictions_positive3200_v2\tile_019107,
tile_002206,ok,4.9356,E:\dac_stage1_dpm_predictions_positive3200_v2\tile_002206,
tile_024839,ok,5.5621,E:\dac_stage1_dpm_predictions_positive3200_v2\tile_024839,
tile_003027,ok,5.7164,E:\dac_stage1_dpm_predictions_positive3200_v2\tile_003027,
tile_002554,ok,5.227,E:\dac_stage1_dpm_predictions_positive3200_v2\tile_002554,
tile_015955,ok,5.3028,E:\dac_stage1_dpm_predictions_positive3200_v2\tile_015955,
tile_022040,ok,4.6969,E:\dac_stage1_dpm_predictions_positive3200_v2\tile_022040,
tile_000191,ok,5.8674,E:\dac_stage1_dpm_predictions_positive3200_v2\tile_000191,
tile_005374,ok,4.877,E:\dac_stage1_dpm_predictions_positive3200_v2\tile_005374,
tile_025441,ok,5.5023,E:\dac_stage1_dpm_predictions_positive3200_v2\tile_025441,
tile_006652,ok,5.0328,E:\dac_stage1_dpm_predictions_positive3200_v2\tile_006652,
tile_008842,ok,4.4321,E:\dac_stage1_dpm_predictions_positive3200_v2\tile_008842,
tile_012993,ok,5.1959,E:\dac_stage1_dpm_predictions_positive3200_v2\tile_012993,
tile_011593,ok,5.0703,E:\dac_stage1_dpm_predictions_positive3200_v2\tile_011593,
tile_007071,ok,4.6668,E:\dac_stage1_dpm_predictions_positive3200_v2\tile_007071,
tile_018029,ok,5.0631,E:\dac_stage1_dpm_predictions_positive3200_v2\tile_018029,
tile_009103,ok,5.5554,E:\dac_stage1_dpm_predictions_positive3200_v2\tile_009103,
tile_003457,ok,5.0842,E:\dac_stage1_dpm_predictions_positive3200_v2\tile_003457,
tile_018390,ok,5.1564,E:\dac_stage1_dpm_predictions_positive3200_v2\tile_018390,
tile_022940,ok,6.696,E:\dac_stage1_dpm_predictions_positive3200_v2\tile_022940,
tile_006564,ok,5.4278,E:\dac_stage1_dpm_predictions_positive3200_v2\tile_006564,
tile_024179,ok,4.9096,E:\dac_stage1_dpm_predictions_positive3200_v2\tile_024179,
tile_004396,ok,5.1402,E:\dac_stage1_dpm_predictions_positive3200_v2\tile_004396,
tile_010858,ok,6.5837,E:\dac_stage1_dpm_predictions_positive3200_v2\tile_010858,
tile_008027,ok,4.1412,E:\dac_stage1_dpm_predictions_positive3200_v2\tile_008027,
tile_005851,ok,5.6418,E:\dac_stage1_dpm_predictions_positive3200_v2\tile_005851,
tile_000425,ok,4.8944,E:\dac_stage1_dpm_predictions_positive3200_v2\tile_000425,
tile_003119,ok,5.6708,E:\dac_stage1_dpm_predictions_positive3200_v2\tile_003119,
tile_025094,ok,5.4529,E:\dac_stage1_dpm_predictions_positive3200_v2\tile_025094,
tile_018708,ok,5.449,E:\dac_stage1_dpm_predictions_positive3200_v2\tile_018708,
tile_024761,ok,4.696,E:\dac_stage1_dpm_predictions_positive3200_v2\tile_024761,
tile_002179,ok,5.0491,E:\dac_stage1_dpm_predictions_positive3200_v2\tile_002179,
tile_007664,ok,5.34,E:\dac_stage1_dpm_predictions_positive3200_v2\tile_007664,
tile_014337,ok,5.0068,E:\dac_stage1_dpm_predictions_positive3200_v2\tile_014337,
tile_007540,ok,5.4221,E:\dac_stage1_dpm_predictions_positive3200_v2\tile_007540,
tile_024903,ok,5.3766,E:\dac_stage1_dpm_predictions_positive3200_v2\tile_024903,
tile_017287,ok,4.7914,E:\dac_stage1_dpm_predictions_positive3200_v2\tile_017287,
tile_000294,ok,4.9361,E:\dac_stage1_dpm_predictions_positive3200_v2\tile_000294,
tile_015384,ok,5.3665,E:\dac_stage1_dpm_predictions_positive3200_v2\tile_015384,
tile_008790,ok,4.9774,E:\dac_stage1_dpm_predictions_positive3200_v2\tile_008790,
tile_014178,ok,6.6893,E:\dac_stage1_dpm_predictions_positive3200_v2\tile_014178,
tile_026543,ok,4.6067,E:\dac_stage1_dpm_predictions_positive3200_v2\tile_026543,
tile_012411,ok,5.1886,E:\dac_stage1_dpm_predictions_positive3200_v2\tile_012411,
tile_024338,ok,5.3065,E:\dac_stage1_dpm_predictions_positive3200_v2\tile_024338,
tile_022995,ok,4.964,E:\dac_stage1_dpm_predictions_positive3200_v2\tile_022995,
tile_017047,ok,4.9751,E:\dac_stage1_dpm_predictions_positive3200_v2\tile_017047,
tile_005683,ok,5.1137,E:\dac_stage1_dpm_predictions_positive3200_v2\tile_005683,
tile_014351,ok,4.4655,E:\dac_stage1_dpm_predictions_positive3200_v2\tile_014351,
tile_016685,ok,5.1915,E:\dac_stage1_dpm_predictions_positive3200_v2\tile_016685,
tile_008930,ok,5.0748,E:\dac_stage1_dpm_predictions_positive3200_v2\tile_008930,
tile_014298,ok,5.4988,E:\dac_stage1_dpm_predictions_positive3200_v2\tile_014298,
tile_005228,ok,5.0695,E:\dac_stage1_dpm_predictions_positive3200_v2\tile_005228,
tile_003970,ok,5.2973,E:\dac_stage1_dpm_predictions_positive3200_v2\tile_003970,
tile_002986,ok,5.0448,E:\dac_stage1_dpm_predictions_positive3200_v2\tile_002986,
tile_025889,ok,5.0024,E:\dac_stage1_dpm_predictions_positive3200_v2\tile_025889,
tile_002995,ok,4.5223,E:\dac_stage1_dpm_predictions_positive3200_v2\tile_002995,
tile_025212,ok,5.0003,E:\dac_stage1_dpm_predictions_positive3200_v2\tile_025212,
tile_017298,ok,5.2289,E:\dac_stage1_dpm_predictions_positive3200_v2\tile_017298,
tile_010850,ok,5.5936,E:\dac_stage1_dpm_predictions_positive3200_v2\tile_010850,
tile_010943,ok,5.3552,E:\dac_stage1_dpm_predictions_positive3200_v2\tile_010943,
tile_017199,ok,5.2226,E:\dac_stage1_dpm_predictions_positive3200_v2\tile_017199,
tile_006788,ok,5.1917,E:\dac_stage1_dpm_predictions_positive3200_v2\tile_006788,
tile_003611,ok,4.9593,E:\dac_stage1_dpm_predictions_positive3200_v2\tile_003611,
tile_019555,ok,4.6511,E:\dac_stage1_dpm_predictions_positive3200_v2\tile_019555,
tile_023108,ok,5.273,E:\dac_stage1_dpm_predictions_positive3200_v2\tile_023108,
tile_027084,ok,5.9307,E:\dac_stage1_dpm_predictions_positive3200_v2\tile_027084,
tile_009213,ok,5.3317,E:\dac_stage1_dpm_predictions_positive3200_v2\tile_009213,
tile_000520,ok,5.2289,E:\dac_stage1_dpm_predictions_positive3200_v2\tile_000520,
tile_005751,ok,4.6844,E:\dac_stage1_dpm_predictions_positive3200_v2\tile_005751,
tile_026858,ok,6.7242,E:\dac_stage1_dpm_predictions_positive3200_v2\tile_026858,
tile_011765,ok,4.9432,E:\dac_stage1_dpm_predictions_positive3200_v2\tile_011765,
tile_015816,ok,8.061,E:\dac_stage1_dpm_predictions_positive3200_v2\tile_015816,
tile_003787,ok,5.6999,E:\dac_stage1_dpm_predictions_positive3200_v2\tile_003787,
tile_015870,ok,5.7136,E:\dac_stage1_dpm_predictions_positive3200_v2\tile_015870,
tile_005458,ok,8.2111,E:\dac_stage1_dpm_predictions_positive3200_v2\tile_005458,
tile_020995,ok,5.5455,E:\dac_stage1_dpm_predictions_positive3200_v2\tile_020995,
tile_018540,ok,5.3805,E:\dac_stage1_dpm_predictions_positive3200_v2\tile_018540,
tile_026087,ok,5.3171,E:\dac_stage1_dpm_predictions_positive3200_v2\tile_026087,
tile_023081,ok,5.9014,E:\dac_stage1_dpm_predictions_positive3200_v2\tile_023081,
tile_025884,ok,6.1428,E:\dac_stage1_dpm_predictions_positive3200_v2\tile_025884,
tile_008285,ok,6.4682,E:\dac_stage1_dpm_predictions_positive3200_v2\tile_008285,
tile_011225,ok,5.2745,E:\dac_stage1_dpm_predictions_positive3200_v2\tile_011225,
tile_015734,ok,5.4976,E:\dac_stage1_dpm_predictions_positive3200_v2\tile_015734,
tile_026946,ok,5.3295,E:\dac_stage1_dpm_predictions_positive3200_v2\tile_026946,
tile_014878,ok,5.1786,E:\dac_stage1_dpm_predictions_positive3200_v2\tile_014878,
tile_009090,ok,6.3761,E:\dac_stage1_dpm_predictions_positive3200_v2\tile_009090,
tile_027183,ok,5.7293,E:\dac_stage1_dpm_predictions_positive3200_v2\tile_027183,
tile_006514,ok,5.0157,E:\dac_stage1_dpm_predictions_positive3200_v2\tile_006514,
tile_027296,ok,5.8849,E:\dac_stage1_dpm_predictions_positive3200_v2\tile_027296,
tile_002751,ok,5.5056,E:\dac_stage1_dpm_predictions_positive3200_v2\tile_002751,
tile_008914,ok,6.081,E:\dac_stage1_dpm_predictions_positive3200_v2\tile_008914,
tile_005564,ok,5.484,E:\dac_stage1_dpm_predictions_positive3200_v2\tile_005564,
tile_007861,ok,4.9412,E:\dac_stage1_dpm_predictions_positive3200_v2\tile_007861,
tile_024688,ok,5.2346,E:\dac_stage1_dpm_predictions_positive3200_v2\tile_024688,
tile_005373,ok,5.6208,E:\dac_stage1_dpm_predictions_positive3200_v2\tile_005373,
tile_026538,ok,6.1781,E:\dac_stage1_dpm_predictions_positive3200_v2\tile_026538,
tile_026655,ok,7.1987,E:\dac_stage1_dpm_predictions_positive3200_v2\tile_026655,
tile_012473,ok,5.6045,E:\dac_stage1_dpm_predictions_positive3200_v2\tile_012473,
tile_008916,ok,4.9022,E:\dac_stage1_dpm_predictions_positive3200_v2\tile_008916,
tile_004331,ok,5.1757,E:\dac_stage1_dpm_predictions_positive3200_v2\tile_004331,
tile_002107,ok,4.9939,E:\dac_stage1_dpm_predictions_positive3200_v2\tile_002107,
tile_022380,ok,4.8539,E:\dac_stage1_dpm_predictions_positive3200_v2\tile_022380,
tile_026202,ok,5.1861,E:\dac_stage1_dpm_predictions_positive3200_v2\tile_026202,
tile_000028,ok,4.8143,E:\dac_stage1_dpm_predictions_positive3200_v2\tile_000028,
tile_007557,ok,5.399,E:\dac_stage1_dpm_predictions_positive3200_v2\tile_007557,
tile_006076,ok,5.3119,E:\dac_stage1_dpm_predictions_positive3200_v2\tile_006076,
tile_003729,ok,7.2976,E:\dac_stage1_dpm_predictions_positive3200_v2\tile_003729,
tile_008655,ok,4.6288,E:\dac_stage1_dpm_predictions_positive3200_v2\tile_008655,
tile_023488,ok,5.0465,E:\dac_stage1_dpm_predictions_positive3200_v2\tile_023488,
tile_002945,ok,4.8931,E:\dac_stage1_dpm_predictions_positive3200_v2\tile_002945,
tile_023982,ok,5.489,E:\dac_stage1_dpm_predictions_positive3200_v2\tile_023982,
tile_014445,ok,9.3837,E:\dac_stage1_dpm_predictions_positive3200_v2\tile_014445,
tile_025606,ok,5.6415,E:\dac_stage1_dpm_predictions_positive3200_v2\tile_025606,
tile_015866,ok,5.6226,E:\dac_stage1_dpm_predictions_positive3200_v2\tile_015866,
tile_012551,ok,5.7526,E:\dac_stage1_dpm_predictions_positive3200_v2\tile_012551,
tile_000336,ok,4.986,E:\dac_stage1_dpm_predictions_positive3200_v2\tile_000336,
tile_014544,ok,5.4507,E:\dac_stage1_dpm_predictions_positive3200_v2\tile_014544,
tile_000337,ok,4.625,E:\dac_stage1_dpm_predictions_positive3200_v2\tile_000337,
tile_022584,ok,5.2027,E:\dac_stage1_dpm_predictions_positive3200_v2\tile_022584,
tile_017882,ok,5.2005,E:\dac_stage1_dpm_predictions_positive3200_v2\tile_017882,
tile_013901,ok,5.1475,E:\dac_stage1_dpm_predictions_positive3200_v2\tile_013901,
tile_027260,ok,5.9257,E:\dac_stage1_dpm_predictions_positive3200_v2\tile_027260,
tile_021789,ok,4.9574,E:\dac_stage1_dpm_predictions_positive3200_v2\tile_021789,
tile_011560,ok,5.1215,E:\dac_stage1_dpm_predictions_positive3200_v2\tile_011560,
tile_000250,ok,4.8141,E:\dac_stage1_dpm_predictions_positive3200_v2\tile_000250,
tile_006496,ok,4.9994,E:\dac_stage1_dpm_predictions_positive3200_v2\tile_006496,
tile_023694,ok,5.0264,E:\dac_stage1_dpm_predictions_positive3200_v2\tile_023694,
tile_025111,ok,5.1917,E:\dac_stage1_dpm_predictions_positive3200_v2\tile_025111,
tile_022599,ok,4.4284,E:\dac_stage1_dpm_predictions_positive3200_v2\tile_022599,
tile_000345,ok,5.0318,E:\dac_stage1_dpm_predictions_positive3200_v2\tile_000345,
tile_008507,ok,4.8038,E:\dac_stage1_dpm_predictions_positive3200_v2\tile_008507,
tile_027303,ok,4.862,E:\dac_stage1_dpm_predictions_positive3200_v2\tile_027303,
tile_011836,ok,4.9456,E:\dac_stage1_dpm_predictions_positive3200_v2\tile_011836,
tile_023736,ok,5.4445,E:\dac_stage1_dpm_predictions_positive3200_v2\tile_023736,
tile_025484,ok,5.7421,E:\dac_stage1_dpm_predictions_positive3200_v2\tile_025484,
tile_009006,ok,4.6996,E:\dac_stage1_dpm_predictions_positive3200_v2\tile_009006,
tile_006817,ok,4.902,E:\dac_stage1_dpm_predictions_positive3200_v2\tile_006817,
tile_011026,ok,5.4478,E:\dac_stage1_dpm_predictions_positive3200_v2\tile_011026,
tile_002842,ok,6.6005,E:\dac_stage1_dpm_predictions_positive3200_v2\tile_002842,
tile_008830,ok,6.209,E:\dac_stage1_dpm_predictions_positive3200_v2\tile_008830,
tile_000320,ok,5.0661,E:\dac_stage1_dpm_predictions_positive3200_v2\tile_000320,
tile_022205,ok,5.3779,E:\dac_stage1_dpm_predictions_positive3200_v2\tile_022205,
tile_018244,ok,4.8911,E:\dac_stage1_dpm_predictions_positive3200_v2\tile_018244,
tile_025832,ok,4.8215,E:\dac_stage1_dpm_predictions_positive3200_v2\tile_025832,
tile_013728,ok,5.9656,E:\dac_stage1_dpm_predictions_positive3200_v2\tile_013728,
tile_003072,ok,5.5249,E:\dac_stage1_dpm_predictions_positive3200_v2\tile_003072,
tile_008646,ok,4.7932,E:\dac_stage1_dpm_predictions_positive3200_v2\tile_008646,
tile_017938,ok,5.1084,E:\dac_stage1_dpm_predictions_positive3200_v2\tile_017938,
tile_026609,ok,5.3395,E:\dac_stage1_dpm_predictions_positive3200_v2\tile_026609,
tile_023557,ok,5.0289,E:\dac_stage1_dpm_predictions_positive3200_v2\tile_023557,
tile_009271,ok,4.7863,E:\dac_stage1_dpm_predictions_positive3200_v2\tile_009271,
tile_016788,ok,6.2935,E:\dac_stage1_dpm_predictions_positive3200_v2\tile_016788,
tile_023955,ok,6.3198,E:\dac_stage1_dpm_predictions_positive3200_v2\tile_023955,
tile_008959,ok,4.7508,E:\dac_stage1_dpm_predictions_positive3200_v2\tile_008959,
tile_019721,ok,4.9749,E:\dac_stage1_dpm_predictions_positive3200_v2\tile_019721,
tile_022768,ok,4.6944,E:\dac_stage1_dpm_predictions_positive3200_v2\tile_022768,
tile_013359,ok,5.1015,E:\dac_stage1_dpm_predictions_positive3200_v2\tile_013359,
tile_023284,ok,4.8123,E:\dac_stage1_dpm_predictions_positive3200_v2\tile_023284,
tile_010626,ok,5.2727,E:\dac_stage1_dpm_predictions_positive3200_v2\tile_010626,
tile_017921,ok,5.2785,E:\dac_stage1_dpm_predictions_positive3200_v2\tile_017921,
tile_027194,ok,5.7408,E:\dac_stage1_dpm_predictions_positive3200_v2\tile_027194,
tile_024968,ok,5.8031,E:\dac_stage1_dpm_predictions_positive3200_v2\tile_024968,
tile_017295,ok,5.5902,E:\dac_stage1_dpm_predictions_positive3200_v2\tile_017295,
tile_012571,ok,5.5726,E:\dac_stage1_dpm_predictions_positive3200_v2\tile_012571,
tile_000441,ok,5.7752,E:\dac_stage1_dpm_predictions_positive3200_v2\tile_000441,
tile_007080,ok,5.1843,E:\dac_stage1_dpm_predictions_positive3200_v2\tile_007080,
tile_018524,ok,5.5023,E:\dac_stage1_dpm_predictions_positive3200_v2\tile_018524,
tile_003356,ok,5.6769,E:\dac_stage1_dpm_predictions_positive3200_v2\tile_003356,
tile_017117,ok,6.4517,E:\dac_stage1_dpm_predictions_positive3200_v2\tile_017117,
tile_002875,ok,6.5071,E:\dac_stage1_dpm_predictions_positive3200_v2\tile_002875,
tile_025705,ok,4.5278,E:\dac_stage1_dpm_predictions_positive3200_v2\tile_025705,
tile_021580,ok,6.1302,E:\dac_stage1_dpm_predictions_positive3200_v2\tile_021580,
tile_025624,ok,5.0886,E:\dac_stage1_dpm_predictions_positive3200_v2\tile_025624,
tile_018750,ok,5.6069,E:\dac_stage1_dpm_predictions_positive3200_v2\tile_018750,
tile_009200,ok,4.6653,E:\dac_stage1_dpm_predictions_positive3200_v2\tile_009200,
tile_025313,ok,5.0836,E:\dac_stage1_dpm_predictions_positive3200_v2\tile_025313,
tile_024889,ok,5.4348,E:\dac_stage1_dpm_predictions_positive3200_v2\tile_024889,
tile_010877,ok,5.5333,E:\dac_stage1_dpm_predictions_positive3200_v2\tile_010877,
tile_012696,ok,6.261,E:\dac_stage1_dpm_predictions_positive3200_v2\tile_012696,
tile_013506,ok,5.0417,E:\dac_stage1_dpm_predictions_positive3200_v2\tile_013506,
tile_008038,ok,5.6783,E:\dac_stage1_dpm_predictions_positive3200_v2\tile_008038,
tile_012723,ok,4.6811,E:\dac_stage1_dpm_predictions_positive3200_v2\tile_012723,
tile_014578,ok,6.4139,E:\dac_stage1_dpm_predictions_positive3200_v2\tile_014578,
tile_022022,ok,5.2171,E:\dac_stage1_dpm_predictions_positive3200_v2\tile_022022,
tile_016851,ok,5.4628,E:\dac_stage1_dpm_predictions_positive3200_v2\tile_016851,
tile_016235,ok,6.3473,E:\dac_stage1_dpm_predictions_positive3200_v2\tile_016235,
tile_013832,ok,5.3496,E:\dac_stage1_dpm_predictions_positive3200_v2\tile_013832,
tile_020932,ok,4.3241,E:\dac_stage1_dpm_predictions_positive3200_v2\tile_020932,
tile_016607,ok,4.8051,E:\dac_stage1_dpm_predictions_positive3200_v2\tile_016607,
tile_027244,ok,5.9489,E:\dac_stage1_dpm_predictions_positive3200_v2\tile_027244,
tile_003288,ok,4.9274,E:\dac_stage1_dpm_predictions_positive3200_v2\tile_003288,
tile_019749,ok,4.8483,E:\dac_stage1_dpm_predictions_positive3200_v2\tile_019749,
tile_016120,ok,5.7606,E:\dac_stage1_dpm_predictions_positive3200_v2\tile_016120,
tile_026498,ok,5.5951,E:\dac_stage1_dpm_predictions_positive3200_v2\tile_026498,
tile_016315,ok,4.0865,E:\dac_stage1_dpm_predictions_positive3200_v2\tile_016315,
tile_004615,ok,5.1096,E:\dac_stage1_dpm_predictions_positive3200_v2\tile_004615,
tile_014879,ok,5.4345,E:\dac_stage1_dpm_predictions_positive3200_v2\tile_014879,
tile_014011,ok,5.7614,E:\dac_stage1_dpm_predictions_positive3200_v2\tile_014011,
tile_010176,ok,5.57,E:\dac_stage1_dpm_predictions_positive3200_v2\tile_010176,
tile_021637,ok,4.7928,E:\dac_stage1_dpm_predictions_positive3200_v2\tile_021637,
tile_002018,ok,4.551,E:\dac_stage1_dpm_predictions_positive3200_v2\tile_002018,
tile_010987,ok,6.0365,E:\dac_stage1_dpm_predictions_positive3200_v2\tile_010987,
tile_001111,ok,5.8126,E:\dac_stage1_dpm_predictions_positive3200_v2\tile_001111,
tile_014359,ok,5.1512,E:\dac_stage1_dpm_predictions_positive3200_v2\tile_014359,
tile_008683,ok,5.2127,E:\dac_stage1_dpm_predictions_positive3200_v2\tile_008683,
tile_013820,ok,4.8038,E:\dac_stage1_dpm_predictions_positive3200_v2\tile_013820,
tile_009315,ok,5.2038,E:\dac_stage1_dpm_predictions_positive3200_v2\tile_009315,
tile_013387,ok,5.0084,E:\dac_stage1_dpm_predictions_positive3200_v2\tile_013387,
tile_000601,ok,4.443,E:\dac_stage1_dpm_predictions_positive3200_v2\tile_000601,
tile_023846,ok,5.0481,E:\dac_stage1_dpm_predictions_positive3200_v2\tile_023846,
tile_010990,ok,4.8141,E:\dac_stage1_dpm_predictions_positive3200_v2\tile_010990,
tile_026501,ok,5.3911,E:\dac_stage1_dpm_predictions_positive3200_v2\tile_026501,
tile_006536,ok,5.5899,E:\dac_stage1_dpm_predictions_positive3200_v2\tile_006536,
tile_000308,ok,4.9837,E:\dac_stage1_dpm_predictions_positive3200_v2\tile_000308,
tile_007779,ok,5.2877,E:\dac_stage1_dpm_predictions_positive3200_v2\tile_007779,
tile_021907,ok,4.6639,E:\dac_stage1_dpm_predictions_positive3200_v2\tile_021907,
tile_002329,ok,4.4763,E:\dac_stage1_dpm_predictions_positive3200_v2\tile_002329,
tile_021556,ok,5.6668,E:\dac_stage1_dpm_predictions_positive3200_v2\tile_021556,
tile_025159,ok,5.7404,E:\dac_stage1_dpm_predictions_positive3200_v2\tile_025159,
tile_017940,ok,5.2844,E:\dac_stage1_dpm_predictions_positive3200_v2\tile_017940,
tile_003109,ok,5.7053,E:\dac_stage1_dpm_predictions_positive3200_v2\tile_003109,
tile_011234,ok,5.1714,E:\dac_stage1_dpm_predictions_positive3200_v2\tile_011234,
tile_003293,ok,5.1154,E:\dac_stage1_dpm_predictions_positive3200_v2\tile_003293,
tile_011203,ok,5.7209,E:\dac_stage1_dpm_predictions_positive3200_v2\tile_011203,
tile_023121,ok,4.7907,E:\dac_stage1_dpm_predictions_positive3200_v2\tile_023121,
tile_026097,ok,5.4752,E:\dac_stage1_dpm_predictions_positive3200_v2\tile_026097,
tile_024226,ok,5.3454,E:\dac_stage1_dpm_predictions_positive3200_v2\tile_024226,
tile_000292,ok,6.3759,E:\dac_stage1_dpm_predictions_positive3200_v2\tile_000292,
tile_013326,ok,5.3867,E:\dac_stage1_dpm_predictions_positive3200_v2\tile_013326,
tile_011463,ok,5.5534,E:\dac_stage1_dpm_predictions_positive3200_v2\tile_011463,
tile_008405,ok,5.4292,E:\dac_stage1_dpm_predictions_positive3200_v2\tile_008405,
tile_026108,ok,6.0346,E:\dac_stage1_dpm_predictions_positive3200_v2\tile_026108,
tile_026186,ok,4.9955,E:\dac_stage1_dpm_predictions_positive3200_v2\tile_026186,
tile_026041,ok,5.8548,E:\dac_stage1_dpm_predictions_positive3200_v2\tile_026041,
tile_026216,ok,4.8512,E:\dac_stage1_dpm_predictions_positive3200_v2\tile_026216,
tile_018719,ok,5.7152,E:\dac_stage1_dpm_predictions_positive3200_v2\tile_018719,
tile_019049,ok,4.7007,E:\dac_stage1_dpm_predictions_positive3200_v2\tile_019049,
tile_025549,ok,5.3835,E:\dac_stage1_dpm_predictions_positive3200_v2\tile_025549,
tile_022464,ok,5.482,E:\dac_stage1_dpm_predictions_positive3200_v2\tile_022464,
tile_022848,ok,5.6443,E:\dac_stage1_dpm_predictions_positive3200_v2\tile_022848,
tile_017997,ok,5.1558,E:\dac_stage1_dpm_predictions_positive3200_v2\tile_017997,
tile_012930,ok,5.2994,E:\dac_stage1_dpm_predictions_positive3200_v2\tile_012930,
tile_004955,ok,4.7735,E:\dac_stage1_dpm_predictions_positive3200_v2\tile_004955,
tile_008932,ok,5.3693,E:\dac_stage1_dpm_predictions_positive3200_v2\tile_008932,
tile_024795,ok,4.7419,E:\dac_stage1_dpm_predictions_positive3200_v2\tile_024795,
tile_012590,ok,4.7421,E:\dac_stage1_dpm_predictions_positive3200_v2\tile_012590,
tile_018759,ok,4.9747,E:\dac_stage1_dpm_predictions_positive3200_v2\tile_018759,
tile_007906,ok,5.0357,E:\dac_stage1_dpm_predictions_positive3200_v2\tile_007906,
tile_000172,ok,7.4525,E:\dac_stage1_dpm_predictions_positive3200_v2\tile_000172,
tile_016204,ok,4.8385,E:\dac_stage1_dpm_predictions_positive3200_v2\tile_016204,
tile_011021,ok,5.4925,E:\dac_stage1_dpm_predictions_positive3200_v2\tile_011021,
tile_004253,ok,5.5021,E:\dac_stage1_dpm_predictions_positive3200_v2\tile_004253,
tile_016236,ok,4.9466,E:\dac_stage1_dpm_predictions_positive3200_v2\tile_016236,
tile_008912,ok,4.9346,E:\dac_stage1_dpm_predictions_positive3200_v2\tile_008912,
tile_025061,ok,5.1232,E:\dac_stage1_dpm_predictions_positive3200_v2\tile_025061,
tile_026628,ok,5.8987,E:\dac_stage1_dpm_predictions_positive3200_v2\tile_026628,
tile_006551,ok,5.2151,E:\dac_stage1_dpm_predictions_positive3200_v2\tile_006551,
tile_023387,ok,6.9099,E:\dac_stage1_dpm_predictions_positive3200_v2\tile_023387,
tile_005329,ok,5.3096,E:\dac_stage1_dpm_predictions_positive3200_v2\tile_005329,
tile_027315,ok,4.8389,E:\dac_stage1_dpm_predictions_positive3200_v2\tile_027315,
tile_021558,ok,4.872,E:\dac_stage1_dpm_predictions_positive3200_v2\tile_021558,
tile_003365,ok,5.1588,E:\dac_stage1_dpm_predictions_positive3200_v2\tile_003365,
tile_000164,ok,5.4686,E:\dac_stage1_dpm_predictions_positive3200_v2\tile_000164,
tile_023455,ok,4.6213,E:\dac_stage1_dpm_predictions_positive3200_v2\tile_023455,
tile_017665,ok,4.9534,E:\dac_stage1_dpm_predictions_positive3200_v2\tile_017665,
tile_022382,ok,5.6244,E:\dac_stage1_dpm_predictions_positive3200_v2\tile_022382,
tile_026533,ok,5.5167,E:\dac_stage1_dpm_predictions_positive3200_v2\tile_026533,
tile_022882,ok,5.7473,E:\dac_stage1_dpm_predictions_positive3200_v2\tile_022882,
tile_017327,ok,4.6438,E:\dac_stage1_dpm_predictions_positive3200_v2\tile_017327,
tile_014865,ok,5.8195,E:\dac_stage1_dpm_predictions_positive3200_v2\tile_014865,
tile_023134,ok,5.2955,E:\dac_stage1_dpm_predictions_positive3200_v2\tile_023134,
tile_013547,ok,5.054,E:\dac_stage1_dpm_predictions_positive3200_v2\tile_013547,
tile_020888,ok,5.5822,E:\dac_stage1_dpm_predictions_positive3200_v2\tile_020888,
tile_027055,ok,5.9191,E:\dac_stage1_dpm_predictions_positive3200_v2\tile_027055,
tile_017418,ok,5.5933,E:\dac_stage1_dpm_predictions_positive3200_v2\tile_017418,
tile_000645,ok,4.6925,E:\dac_stage1_dpm_predictions_positive3200_v2\tile_000645,
tile_000434,ok,4.5131,E:\dac_stage1_dpm_predictions_positive3200_v2\tile_000434,
tile_003103,ok,4.4013,E:\dac_stage1_dpm_predictions_positive3200_v2\tile_003103,
tile_014248,ok,5.6204,E:\dac_stage1_dpm_predictions_positive3200_v2\tile_014248,
tile_027235,ok,5.1208,E:\dac_stage1_dpm_predictions_positive3200_v2\tile_027235,
tile_026931,ok,5.0355,E:\dac_stage1_dpm_predictions_positive3200_v2\tile_026931,
tile_025791,ok,5.4152,E:\dac_stage1_dpm_predictions_positive3200_v2\tile_025791,
tile_009192,ok,4.867,E:\dac_stage1_dpm_predictions_positive3200_v2\tile_009192,
tile_011025,ok,5.99,E:\dac_stage1_dpm_predictions_positive3200_v2\tile_011025,
tile_022959,ok,4.8054,E:\dac_stage1_dpm_predictions_positive3200_v2\tile_022959,
tile_002987,ok,4.9894,E:\dac_stage1_dpm_predictions_positive3200_v2\tile_002987,
tile_004235,ok,4.9547,E:\dac_stage1_dpm_predictions_positive3200_v2\tile_004235,
tile_023681,ok,5.4685,E:\dac_stage1_dpm_predictions_positive3200_v2\tile_023681,
tile_000568,ok,5.4091,E:\dac_stage1_dpm_predictions_positive3200_v2\tile_000568,
tile_009302,ok,4.5997,E:\dac_stage1_dpm_predictions_positive3200_v2\tile_009302,
tile_003106,ok,4.4999,E:\dac_stage1_dpm_predictions_positive3200_v2\tile_003106,
tile_024691,ok,5.1931,E:\dac_stage1_dpm_predictions_positive3200_v2\tile_024691,
tile_026814,ok,5.7239,E:\dac_stage1_dpm_predictions_positive3200_v2\tile_026814,
tile_026826,ok,4.6684,E:\dac_stage1_dpm_predictions_positive3200_v2\tile_026826,
tile_000669,ok,4.9528,E:\dac_stage1_dpm_predictions_positive3200_v2\tile_000669,
tile_021563,ok,5.3826,E:\dac_stage1_dpm_predictions_positive3200_v2\tile_021563,
tile_002634,ok,5.4461,E:\dac_stage1_dpm_predictions_positive3200_v2\tile_002634,
tile_011691,ok,5.2843,E:\dac_stage1_dpm_predictions_positive3200_v2\tile_011691,
tile_013029,ok,5.1259,E:\dac_stage1_dpm_predictions_positive3200_v2\tile_013029,
tile_003822,ok,5.0042,E:\dac_stage1_dpm_predictions_positive3200_v2\tile_003822,
tile_022652,ok,4.8112,E:\dac_stage1_dpm_predictions_positive3200_v2\tile_022652,
tile_001196,ok,5.0806,E:\dac_stage1_dpm_predictions_positive3200_v2\tile_001196,
tile_007032,ok,5.6485,E:\dac_stage1_dpm_predictions_positive3200_v2\tile_007032,
tile_025369,ok,5.4647,E:\dac_stage1_dpm_predictions_positive3200_v2\tile_025369,
tile_022282,ok,5.1043,E:\dac_stage1_dpm_predictions_positive3200_v2\tile_022282,
tile_021023,ok,5.5142,E:\dac_stage1_dpm_predictions_positive3200_v2\tile_021023,
tile_022418,ok,4.8126,E:\dac_stage1_dpm_predictions_positive3200_v2\tile_022418,
tile_010847,ok,4.9252,E:\dac_stage1_dpm_predictions_positive3200_v2\tile_010847,
tile_027258,ok,5.3042,E:\dac_stage1_dpm_predictions_positive3200_v2\tile_027258,
tile_025524,ok,4.9981,E:\dac_stage1_dpm_predictions_positive3200_v2\tile_025524,
tile_017776,ok,5.1085,E:\dac_stage1_dpm_predictions_positive3200_v2\tile_017776,
tile_024191,ok,5.4929,E:\dac_stage1_dpm_predictions_positive3200_v2\tile_024191,
tile_008023,ok,5.1822,E:\dac_stage1_dpm_predictions_positive3200_v2\tile_008023,
tile_019479,ok,5.187,E:\dac_stage1_dpm_predictions_positive3200_v2\tile_019479,
tile_009205,ok,5.1707,E:\dac_stage1_dpm_predictions_positive3200_v2\tile_009205,
tile_016806,ok,5.5702,E:\dac_stage1_dpm_predictions_positive3200_v2\tile_016806,
tile_003898,ok,5.0472,E:\dac_stage1_dpm_predictions_positive3200_v2\tile_003898,
tile_006769,ok,5.54,E:\dac_stage1_dpm_predictions_positive3200_v2\tile_006769,
tile_024123,ok,6.2635,E:\dac_stage1_dpm_predictions_positive3200_v2\tile_024123,
tile_017214,ok,5.2006,E:\dac_stage1_dpm_predictions_positive3200_v2\tile_017214,
tile_002312,ok,4.5128,E:\dac_stage1_dpm_predictions_positive3200_v2\tile_002312,
tile_027056,ok,4.5044,E:\dac_stage1_dpm_predictions_positive3200_v2\tile_027056,
tile_009063,ok,4.9339,E:\dac_stage1_dpm_predictions_positive3200_v2\tile_009063,
tile_002732,ok,4.7432,E:\dac_stage1_dpm_predictions_positive3200_v2\tile_002732,
tile_023463,ok,4.6475,E:\dac_stage1_dpm_predictions_positive3200_v2\tile_023463,
tile_014176,ok,4.7528,E:\dac_stage1_dpm_predictions_positive3200_v2\tile_014176,
tile_011367,ok,4.4618,E:\dac_stage1_dpm_predictions_positive3200_v2\tile_011367,
tile_019707,ok,4.6824,E:\dac_stage1_dpm_predictions_positive3200_v2\tile_019707,
tile_007065,ok,5.116,E:\dac_stage1_dpm_predictions_positive3200_v2\tile_007065,
tile_012685,ok,4.2593,E:\dac_stage1_dpm_predictions_positive3200_v2\tile_012685,
tile_027252,ok,4.8423,E:\dac_stage1_dpm_predictions_positive3200_v2\tile_027252,
tile_010649,ok,5.5902,E:\dac_stage1_dpm_predictions_positive3200_v2\tile_010649,
tile_014253,ok,5.3175,E:\dac_stage1_dpm_predictions_positive3200_v2\tile_014253,
tile_025987,ok,5.1376,E:\dac_stage1_dpm_predictions_positive3200_v2\tile_025987,
tile_019317,ok,5.1185,E:\dac_stage1_dpm_predictions_positive3200_v2\tile_019317,
tile_007388,ok,4.5837,E:\dac_stage1_dpm_predictions_positive3200_v2\tile_007388,
tile_000402,ok,5.1979,E:\dac_stage1_dpm_predictions_positive3200_v2\tile_000402,
tile_016304,ok,5.039,E:\dac_stage1_dpm_predictions_positive3200_v2\tile_016304,
tile_002769,ok,5.4896,E:\dac_stage1_dpm_predictions_positive3200_v2\tile_002769,
tile_008097,ok,5.3746,E:\dac_stage1_dpm_predictions_positive3200_v2\tile_008097,
tile_018812,ok,5.493,E:\dac_stage1_dpm_predictions_positive3200_v2\tile_018812,
tile_011059,ok,5.5131,E:\dac_stage1_dpm_predictions_positive3200_v2\tile_011059,
tile_026587,ok,5.8159,E:\dac_stage1_dpm_predictions_positive3200_v2\tile_026587,
tile_016563,ok,5.3499,E:\dac_stage1_dpm_predictions_positive3200_v2\tile_016563,
tile_000042,ok,5.3803,E:\dac_stage1_dpm_predictions_positive3200_v2\tile_000042,
tile_001658,ok,5.1478,E:\dac_stage1_dpm_predictions_positive3200_v2\tile_001658,
tile_004857,ok,4.3251,E:\dac_stage1_dpm_predictions_positive3200_v2\tile_004857,
tile_023272,ok,5.1608,E:\dac_stage1_dpm_predictions_positive3200_v2\tile_023272,
tile_003469,ok,4.5045,E:\dac_stage1_dpm_predictions_positive3200_v2\tile_003469,
tile_024571,ok,5.4541,E:\dac_stage1_dpm_predictions_positive3200_v2\tile_024571,
tile_006305,ok,5.6223,E:\dac_stage1_dpm_predictions_positive3200_v2\tile_006305,
tile_008590,ok,4.7623,E:\dac_stage1_dpm_predictions_positive3200_v2\tile_008590,
tile_011972,ok,5.9967,E:\dac_stage1_dpm_predictions_positive3200_v2\tile_011972,
tile_020325,ok,4.7861,E:\dac_stage1_dpm_predictions_positive3200_v2\tile_020325,
tile_018362,ok,4.8439,E:\dac_stage1_dpm_predictions_positive3200_v2\tile_018362,
tile_011973,ok,4.8201,E:\dac_stage1_dpm_predictions_positive3200_v2\tile_011973,
tile_006797,ok,5.0047,E:\dac_stage1_dpm_predictions_positive3200_v2\tile_006797,
tile_025523,ok,6.5004,E:\dac_stage1_dpm_predictions_positive3200_v2\tile_025523,
tile_000924,ok,5.1472,E:\dac_stage1_dpm_predictions_positive3200_v2\tile_000924,
tile_024545,ok,4.5111,E:\dac_stage1_dpm_predictions_positive3200_v2\tile_024545,
tile_008479,ok,5.0869,E:\dac_stage1_dpm_predictions_positive3200_v2\tile_008479,
tile_011075,ok,5.7613,E:\dac_stage1_dpm_predictions_positive3200_v2\tile_011075,
tile_003298,ok,5.0634,E:\dac_stage1_dpm_predictions_positive3200_v2\tile_003298,
tile_019343,ok,4.6035,E:\dac_stage1_dpm_predictions_positive3200_v2\tile_019343,
tile_004973,ok,4.7459,E:\dac_stage1_dpm_predictions_positive3200_v2\tile_004973,
tile_023505,ok,5.021,E:\dac_stage1_dpm_predictions_positive3200_v2\tile_023505,
tile_020155,ok,4.5995,E:\dac_stage1_dpm_predictions_positive3200_v2\tile_020155,
tile_013781,ok,5.1289,E:\dac_stage1_dpm_predictions_positive3200_v2\tile_013781,
tile_008676,ok,4.2641,E:\dac_stage1_dpm_predictions_positive3200_v2\tile_008676,
tile_020475,ok,4.8186,E:\dac_stage1_dpm_predictions_positive3200_v2\tile_020475,
tile_003864,ok,6.002,E:\dac_stage1_dpm_predictions_positive3200_v2\tile_003864,
tile_017535,ok,5.0795,E:\dac_stage1_dpm_predictions_positive3200_v2\tile_017535,
tile_011012,ok,5.1158,E:\dac_stage1_dpm_predictions_positive3200_v2\tile_011012,
tile_005430,ok,4.7781,E:\dac_stage1_dpm_predictions_positive3200_v2\tile_005430,
tile_026245,ok,4.4923,E:\dac_stage1_dpm_predictions_positive3200_v2\tile_026245,
tile_002788,ok,5.2308,E:\dac_stage1_dpm_predictions_positive3200_v2\tile_002788,
tile_013861,ok,4.9859,E:\dac_stage1_dpm_predictions_positive3200_v2\tile_013861,
tile_007803,ok,5.0734,E:\dac_stage1_dpm_predictions_positive3200_v2\tile_007803,
tile_026658,ok,4.3215,E:\dac_stage1_dpm_predictions_positive3200_v2\tile_026658,
tile_020690,ok,5.176,E:\dac_stage1_dpm_predictions_positive3200_v2\tile_020690,
tile_007909,ok,5.1318,E:\dac_stage1_dpm_predictions_positive3200_v2\tile_007909,
tile_027045,ok,5.0357,E:\dac_stage1_dpm_predictions_positive3200_v2\tile_027045,
tile_015904,ok,4.7598,E:\dac_stage1_dpm_predictions_positive3200_v2\tile_015904,
tile_026004,ok,5.0238,E:\dac_stage1_dpm_predictions_positive3200_v2\tile_026004,
tile_002030,ok,4.5832,E:\dac_stage1_dpm_predictions_positive3200_v2\tile_002030,
tile_026584,ok,4.8692,E:\dac_stage1_dpm_predictions_positive3200_v2\tile_026584,
tile_026024,ok,4.761,E:\dac_stage1_dpm_predictions_positive3200_v2\tile_026024,
tile_002410,ok,5.5245,E:\dac_stage1_dpm_predictions_positive3200_v2\tile_002410,
tile_024966,ok,4.4656,E:\dac_stage1_dpm_predictions_positive3200_v2\tile_024966,
tile_008867,ok,4.751,E:\dac_stage1_dpm_predictions_positive3200_v2\tile_008867,
tile_024355,ok,4.821,E:\dac_stage1_dpm_predictions_positive3200_v2\tile_024355,
tile_026287,ok,4.6568,E:\dac_stage1_dpm_predictions_positive3200_v2\tile_026287,
tile_017794,ok,4.3552,E:\dac_stage1_dpm_predictions_positive3200_v2\tile_017794,
tile_015041,ok,4.9272,E:\dac_stage1_dpm_predictions_positive3200_v2\tile_015041,
tile_008384,ok,4.7249,E:\dac_stage1_dpm_predictions_positive3200_v2\tile_008384,
tile_003591,ok,4.6531,E:\dac_stage1_dpm_predictions_positive3200_v2\tile_003591,
tile_017508,ok,5.3736,E:\dac_stage1_dpm_predictions_positive3200_v2\tile_017508,
tile_026228,ok,4.9184,E:\dac_stage1_dpm_predictions_positive3200_v2\tile_026228,
tile_006588,ok,4.7375,E:\dac_stage1_dpm_predictions_positive3200_v2\tile_006588,
tile_003795,ok,4.2529,E:\dac_stage1_dpm_predictions_positive3200_v2\tile_003795,
tile_027306,ok,5.1351,E:\dac_stage1_dpm_predictions_positive3200_v2\tile_027306,
tile_017142,ok,4.5561,E:\dac_stage1_dpm_predictions_positive3200_v2\tile_017142,
tile_002331,ok,4.2412,E:\dac_stage1_dpm_predictions_positive3200_v2\tile_002331,
tile_016173,ok,4.9834,E:\dac_stage1_dpm_predictions_positive3200_v2\tile_016173,
tile_000553,ok,4.5703,E:\dac_stage1_dpm_predictions_positive3200_v2\tile_000553,
tile_006599,ok,4.463,E:\dac_stage1_dpm_predictions_positive3200_v2\tile_006599,
tile_016107,ok,5.008,E:\dac_stage1_dpm_predictions_positive3200_v2\tile_016107,
tile_021709,ok,4.9281,E:\dac_stage1_dpm_predictions_positive3200_v2\tile_021709,
tile_026506,ok,4.8835,E:\dac_stage1_dpm_predictions_positive3200_v2\tile_026506,
tile_002862,ok,4.0595,E:\dac_stage1_dpm_predictions_positive3200_v2\tile_002862,
tile_016985,ok,5.1728,E:\dac_stage1_dpm_predictions_positive3200_v2\tile_016985,
tile_000393,ok,5.2608,E:\dac_stage1_dpm_predictions_positive3200_v2\tile_000393,
tile_020785,ok,7.3341,E:\dac_stage1_dpm_predictions_positive3200_v2\tile_020785,
tile_011159,ok,5.0521,E:\dac_stage1_dpm_predictions_positive3200_v2\tile_011159,
tile_018168,ok,4.5652,E:\dac_stage1_dpm_predictions_positive3200_v2\tile_018168,
tile_010687,ok,5.1339,E:\dac_stage1_dpm_predictions_positive3200_v2\tile_010687,
tile_006663,ok,5.8005,E:\dac_stage1_dpm_predictions_positive3200_v2\tile_006663,
tile_019032,ok,4.4419,E:\dac_stage1_dpm_predictions_positive3200_v2\tile_019032,
tile_017370,ok,5.3764,E:\dac_stage1_dpm_predictions_positive3200_v2\tile_017370,
tile_002357,ok,4.6349,E:\dac_stage1_dpm_predictions_positive3200_v2\tile_002357,
tile_026509,ok,4.6003,E:\dac_stage1_dpm_predictions_positive3200_v2\tile_026509,
tile_003473,ok,4.5414,E:\dac_stage1_dpm_predictions_positive3200_v2\tile_003473,
tile_027353,ok,5.3539,E:\dac_stage1_dpm_predictions_positive3200_v2\tile_027353,
tile_024172,ok,4.871,E:\dac_stage1_dpm_predictions_positive3200_v2\tile_024172,
tile_002534,ok,4.4228,E:\dac_stage1_dpm_predictions_positive3200_v2\tile_002534,
tile_018729,ok,5.9239,E:\dac_stage1_dpm_predictions_positive3200_v2\tile_018729,
tile_020390,ok,5.6391,E:\dac_stage1_dpm_predictions_positive3200_v2\tile_020390,
tile_006637,ok,5.005,E:\dac_stage1_dpm_predictions_positive3200_v2\tile_006637,
tile_007618,ok,5.3322,E:\dac_stage1_dpm_predictions_positive3200_v2\tile_007618,
tile_024403,ok,5.1355,E:\dac_stage1_dpm_predictions_positive3200_v2\tile_024403,
tile_018211,ok,4.3266,E:\dac_stage1_dpm_predictions_positive3200_v2\tile_018211,
tile_023259,ok,5.1755,E:\dac_stage1_dpm_predictions_positive3200_v2\tile_023259,
tile_010931,ok,5.0592,E:\dac_stage1_dpm_predictions_positive3200_v2\tile_010931,
tile_009347,ok,4.0115,E:\dac_stage1_dpm_predictions_positive3200_v2\tile_009347,
tile_008134,ok,4.8397,E:\dac_stage1_dpm_predictions_positive3200_v2\tile_008134,
tile_007668,ok,7.0617,E:\dac_stage1_dpm_predictions_positive3200_v2\tile_007668,
tile_011124,ok,4.8373,E:\dac_stage1_dpm_predictions_positive3200_v2\tile_011124,
tile_017858,ok,4.8946,E:\dac_stage1_dpm_predictions_positive3200_v2\tile_017858,
tile_004719,ok,4.4689,E:\dac_stage1_dpm_predictions_positive3200_v2\tile_004719,
tile_005090,ok,4.9624,E:\dac_stage1_dpm_predictions_positive3200_v2\tile_005090,
tile_024861,ok,4.5565,E:\dac_stage1_dpm_predictions_positive3200_v2\tile_024861,
tile_001603,ok,4.4667,E:\dac_stage1_dpm_predictions_positive3200_v2\tile_001603,
tile_027022,ok,5.2889,E:\dac_stage1_dpm_predictions_positive3200_v2\tile_027022,
tile_011963,ok,4.8971,E:\dac_stage1_dpm_predictions_positive3200_v2\tile_011963,
tile_000522,ok,4.84,E:\dac_stage1_dpm_predictions_positive3200_v2\tile_000522,
tile_002756,ok,4.6173,E:\dac_stage1_dpm_predictions_positive3200_v2\tile_002756,
tile_003827,ok,4.5152,E:\dac_stage1_dpm_predictions_positive3200_v2\tile_003827,
tile_001202,ok,4.9696,E:\dac_stage1_dpm_predictions_positive3200_v2\tile_001202,
tile_012934,ok,4.4566,E:\dac_stage1_dpm_predictions_positive3200_v2\tile_012934,
tile_004473,ok,4.9408,E:\dac_stage1_dpm_predictions_positive3200_v2\tile_004473,
tile_020651,ok,4.8533,E:\dac_stage1_dpm_predictions_positive3200_v2\tile_020651,
tile_027340,ok,5.0684,E:\dac_stage1_dpm_predictions_positive3200_v2\tile_027340,
tile_002282,ok,4.2124,E:\dac_stage1_dpm_predictions_positive3200_v2\tile_002282,
tile_009114,ok,5.0009,E:\dac_stage1_dpm_predictions_positive3200_v2\tile_009114,
tile_022567,ok,5.1499,E:\dac_stage1_dpm_predictions_positive3200_v2\tile_022567,
tile_003398,ok,5.1253,E:\dac_stage1_dpm_predictions_positive3200_v2\tile_003398,
tile_008543,ok,4.5117,E:\dac_stage1_dpm_predictions_positive3200_v2\tile_008543,
tile_015720,ok,5.2859,E:\dac_stage1_dpm_predictions_positive3200_v2\tile_015720,
tile_021918,ok,4.9749,E:\dac_stage1_dpm_predictions_positive3200_v2\tile_021918,
tile_002664,ok,4.3482,E:\dac_stage1_dpm_predictions_positive3200_v2\tile_002664,
tile_026038,ok,5.383,E:\dac_stage1_dpm_predictions_positive3200_v2\tile_026038,
tile_011096,ok,4.5106,E:\dac_stage1_dpm_predictions_positive3200_v2\tile_011096,
tile_005008,ok,4.7792,E:\dac_stage1_dpm_predictions_positive3200_v2\tile_005008,
tile_016969,ok,5.0121,E:\dac_stage1_dpm_predictions_positive3200_v2\tile_016969,
tile_005072,ok,5.4273,E:\dac_stage1_dpm_predictions_positive3200_v2\tile_005072,
tile_027039,ok,4.7822,E:\dac_stage1_dpm_predictions_positive3200_v2\tile_027039,
tile_008378,ok,5.917,E:\dac_stage1_dpm_predictions_positive3200_v2\tile_008378,
tile_000049,ok,5.1942,E:\dac_stage1_dpm_predictions_positive3200_v2\tile_000049,
tile_004007,ok,4.2077,E:\dac_stage1_dpm_predictions_positive3200_v2\tile_004007,
tile_012634,ok,5.0242,E:\dac_stage1_dpm_predictions_positive3200_v2\tile_012634,
tile_007108,ok,5.2411,E:\dac_stage1_dpm_predictions_positive3200_v2\tile_007108,
tile_021517,ok,5.1736,E:\dac_stage1_dpm_predictions_positive3200_v2\tile_021517,
tile_002518,ok,4.5846,E:\dac_stage1_dpm_predictions_positive3200_v2\tile_002518,
tile_002821,ok,4.9688,E:\dac_stage1_dpm_predictions_positive3200_v2\tile_002821,
tile_023256,ok,5.1427,E:\dac_stage1_dpm_predictions_positive3200_v2\tile_023256,
tile_000245,ok,5.0082,E:\dac_stage1_dpm_predictions_positive3200_v2\tile_000245,
tile_027222,ok,5.076,E:\dac_stage1_dpm_predictions_positive3200_v2\tile_027222,
tile_026675,ok,5.649,E:\dac_stage1_dpm_predictions_positive3200_v2\tile_026675,
tile_005328,ok,5.0142,E:\dac_stage1_dpm_predictions_positive3200_v2\tile_005328,
tile_006619,ok,5.2797,E:\dac_stage1_dpm_predictions_positive3200_v2\tile_006619,
tile_002393,ok,5.0737,E:\dac_stage1_dpm_predictions_positive3200_v2\tile_002393,
tile_005649,ok,4.8222,E:\dac_stage1_dpm_predictions_positive3200_v2\tile_005649,
tile_027212,ok,4.2464,E:\dac_stage1_dpm_predictions_positive3200_v2\tile_027212,
tile_021690,ok,5.7842,E:\dac_stage1_dpm_predictions_positive3200_v2\tile_021690,
tile_020464,ok,4.6952,E:\dac_stage1_dpm_predictions_positive3200_v2\tile_020464,
tile_024840,ok,4.3777,E:\dac_stage1_dpm_predictions_positive3200_v2\tile_024840,
tile_023858,ok,5.4885,E:\dac_stage1_dpm_predictions_positive3200_v2\tile_023858,
tile_022511,ok,5.2503,E:\dac_stage1_dpm_predictions_positive3200_v2\tile_022511,
tile_027070,ok,5.4203,E:\dac_stage1_dpm_predictions_positive3200_v2\tile_027070,
tile_021752,ok,4.6676,E:\dac_stage1_dpm_predictions_positive3200_v2\tile_021752,
tile_003349,ok,4.8893,E:\dac_stage1_dpm_predictions_positive3200_v2\tile_003349,
tile_006631,ok,5.0249,E:\dac_stage1_dpm_predictions_positive3200_v2\tile_006631,
tile_000689,ok,5.8039,E:\dac_stage1_dpm_predictions_positive3200_v2\tile_000689,
tile_019323,ok,5.2256,E:\dac_stage1_dpm_predictions_positive3200_v2\tile_019323,
tile_019465,ok,4.2604,E:\dac_stage1_dpm_predictions_positive3200_v2\tile_019465,
tile_015952,ok,4.9566,E:\dac_stage1_dpm_predictions_positive3200_v2\tile_015952,
tile_004935,ok,4.9842,E:\dac_stage1_dpm_predictions_positive3200_v2\tile_004935,
tile_008599,ok,4.6426,E:\dac_stage1_dpm_predictions_positive3200_v2\tile_008599,
tile_016954,ok,4.809,E:\dac_stage1_dpm_predictions_positive3200_v2\tile_016954,
tile_026404,ok,5.6874,E:\dac_stage1_dpm_predictions_positive3200_v2\tile_026404,
tile_017760,ok,4.9626,E:\dac_stage1_dpm_predictions_positive3200_v2\tile_017760,
tile_003544,ok,4.2685,E:\dac_stage1_dpm_predictions_positive3200_v2\tile_003544,
tile_025725,ok,5.8365,E:\dac_stage1_dpm_predictions_positive3200_v2\tile_025725,
tile_002144,ok,4.8303,E:\dac_stage1_dpm_predictions_positive3200_v2\tile_002144,
tile_026059,ok,4.9613,E:\dac_stage1_dpm_predictions_positive3200_v2\tile_026059,
tile_003123,ok,5.2091,E:\dac_stage1_dpm_predictions_positive3200_v2\tile_003123,
tile_020242,ok,4.3755,E:\dac_stage1_dpm_predictions_positive3200_v2\tile_020242,
tile_005074,ok,5.7739,E:\dac_stage1_dpm_predictions_positive3200_v2\tile_005074,
tile_019815,ok,6.3817,E:\dac_stage1_dpm_predictions_positive3200_v2\tile_019815,
tile_001130,ok,4.5567,E:\dac_stage1_dpm_predictions_positive3200_v2\tile_001130,
tile_026743,ok,4.7907,E:\dac_stage1_dpm_predictions_positive3200_v2\tile_026743,
tile_003517,ok,4.4372,E:\dac_stage1_dpm_predictions_positive3200_v2\tile_003517,
tile_010225,ok,4.5832,E:\dac_stage1_dpm_predictions_positive3200_v2\tile_010225,
tile_014582,ok,4.9314,E:\dac_stage1_dpm_predictions_positive3200_v2\tile_014582,
tile_000704,ok,4.9139,E:\dac_stage1_dpm_predictions_positive3200_v2\tile_000704,
tile_003254,ok,4.7031,E:\dac_stage1_dpm_predictions_positive3200_v2\tile_003254,
tile_021651,ok,4.9765,E:\dac_stage1_dpm_predictions_positive3200_v2\tile_021651,
tile_013582,ok,4.7969,E:\dac_stage1_dpm_predictions_positive3200_v2\tile_013582,
tile_005355,ok,4.4043,E:\dac_stage1_dpm_predictions_positive3200_v2\tile_005355,
tile_023268,ok,4.9614,E:\dac_stage1_dpm_predictions_positive3200_v2\tile_023268,
tile_008724,ok,5.0949,E:\dac_stage1_dpm_predictions_positive3200_v2\tile_008724,
tile_006821,ok,5.5709,E:\dac_stage1_dpm_predictions_positive3200_v2\tile_006821,
tile_004826,ok,5.3408,E:\dac_stage1_dpm_predictions_positive3200_v2\tile_004826,
tile_025580,ok,4.654,E:\dac_stage1_dpm_predictions_positive3200_v2\tile_025580,
tile_008628,ok,4.2952,E:\dac_stage1_dpm_predictions_positive3200_v2\tile_008628,
tile_019089,ok,5.3458,E:\dac_stage1_dpm_predictions_positive3200_v2\tile_019089,
tile_026874,ok,5.2489,E:\dac_stage1_dpm_predictions_positive3200_v2\tile_026874,
tile_027065,ok,5.6394,E:\dac_stage1_dpm_predictions_positive3200_v2\tile_027065,
tile_013456,ok,5.6395,E:\dac_stage1_dpm_predictions_positive3200_v2\tile_013456,
tile_022334,ok,4.9962,E:\dac_stage1_dpm_predictions_positive3200_v2\tile_022334,
tile_026232,ok,4.4799,E:\dac_stage1_dpm_predictions_positive3200_v2\tile_026232,
tile_020354,ok,6.4124,E:\dac_stage1_dpm_predictions_positive3200_v2\tile_020354,
tile_026188,ok,5.1269,E:\dac_stage1_dpm_predictions_positive3200_v2\tile_026188,
tile_020981,ok,5.3565,E:\dac_stage1_dpm_predictions_positive3200_v2\tile_020981,
tile_002366,ok,5.7734,E:\dac_stage1_dpm_predictions_positive3200_v2\tile_002366,
tile_014911,ok,4.891,E:\dac_stage1_dpm_predictions_positive3200_v2\tile_014911,
tile_020599,ok,5.2867,E:\dac_stage1_dpm_predictions_positive3200_v2\tile_020599,
tile_013611,ok,4.3023,E:\dac_stage1_dpm_predictions_positive3200_v2\tile_013611,
tile_011165,ok,5.3125,E:\dac_stage1_dpm_predictions_positive3200_v2\tile_011165,
tile_002578,ok,5.1831,E:\dac_stage1_dpm_predictions_positive3200_v2\tile_002578,
tile_021792,ok,5.1783,E:\dac_stage1_dpm_predictions_positive3200_v2\tile_021792,
tile_022971,ok,5.3271,E:\dac_stage1_dpm_predictions_positive3200_v2\tile_022971,
tile_024578,ok,6.137,E:\dac_stage1_dpm_predictions_positive3200_v2\tile_024578,
tile_017087,ok,6.3619,E:\dac_stage1_dpm_predictions_positive3200_v2\tile_017087,
tile_007144,ok,5.6024,E:\dac_stage1_dpm_predictions_positive3200_v2\tile_007144,
tile_008708,ok,5.3252,E:\dac_stage1_dpm_predictions_positive3200_v2\tile_008708,
tile_002691,ok,5.3009,E:\dac_stage1_dpm_predictions_positive3200_v2\tile_002691,
tile_009062,ok,5.1605,E:\dac_stage1_dpm_predictions_positive3200_v2\tile_009062,
tile_011201,ok,4.0713,E:\dac_stage1_dpm_predictions_positive3200_v2\tile_011201,
tile_006163,ok,4.8299,E:\dac_stage1_dpm_predictions_positive3200_v2\tile_006163,
tile_012401,ok,5.33,E:\dac_stage1_dpm_predictions_positive3200_v2\tile_012401,
tile_002067,ok,4.224,E:\dac_stage1_dpm_predictions_positive3200_v2\tile_002067,
tile_015163,ok,4.9193,E:\dac_stage1_dpm_predictions_positive3200_v2\tile_015163,
tile_017560,ok,5.8058,E:\dac_stage1_dpm_predictions_positive3200_v2\tile_017560,
tile_027304,ok,4.7769,E:\dac_stage1_dpm_predictions_positive3200_v2\tile_027304,
tile_010946,ok,4.4711,E:\dac_stage1_dpm_predictions_positive3200_v2\tile_010946,
tile_008979,ok,5.1185,E:\dac_stage1_dpm_predictions_positive3200_v2\tile_008979,
tile_019968,ok,4.9688,E:\dac_stage1_dpm_predictions_positive3200_v2\tile_019968,
tile_006702,ok,5.6338,E:\dac_stage1_dpm_predictions_positive3200_v2\tile_006702,
tile_010622,ok,4.5856,E:\dac_stage1_dpm_predictions_positive3200_v2\tile_010622,
tile_018406,ok,5.1639,E:\dac_stage1_dpm_predictions_positive3200_v2\tile_018406,
tile_004762,ok,4.3561,E:\dac_stage1_dpm_predictions_positive3200_v2\tile_004762,
tile_022541,ok,5.3741,E:\dac_stage1_dpm_predictions_positive3200_v2\tile_022541,
tile_022191,ok,5.4109,E:\dac_stage1_dpm_predictions_positive3200_v2\tile_022191,
tile_011875,ok,5.1177,E:\dac_stage1_dpm_predictions_positive3200_v2\tile_011875,
tile_007199,ok,4.2628,E:\dac_stage1_dpm_predictions_positive3200_v2\tile_007199,
tile_020131,ok,5.7468,E:\dac_stage1_dpm_predictions_positive3200_v2\tile_020131,
tile_007453,ok,4.9564,E:\dac_stage1_dpm_predictions_positive3200_v2\tile_007453,
tile_009017,ok,4.388,E:\dac_stage1_dpm_predictions_positive3200_v2\tile_009017,
tile_008712,ok,4.3594,E:\dac_stage1_dpm_predictions_positive3200_v2\tile_008712,
tile_010116,ok,5.5051,E:\dac_stage1_dpm_predictions_positive3200_v2\tile_010116,
tile_014386,ok,5.0411,E:\dac_stage1_dpm_predictions_positive3200_v2\tile_014386,
tile_020072,ok,5.1082,E:\dac_stage1_dpm_predictions_positive3200_v2\tile_020072,
tile_010889,ok,5.2076,E:\dac_stage1_dpm_predictions_positive3200_v2\tile_010889,
tile_018684,ok,4.473,E:\dac_stage1_dpm_predictions_positive3200_v2\tile_018684,
tile_000513,ok,4.9482,E:\dac_stage1_dpm_predictions_positive3200_v2\tile_000513,
tile_008843,ok,4.7081,E:\dac_stage1_dpm_predictions_positive3200_v2\tile_008843,
tile_025943,ok,5.4905,E:\dac_stage1_dpm_predictions_positive3200_v2\tile_025943,
tile_000782,ok,4.4222,E:\dac_stage1_dpm_predictions_positive3200_v2\tile_000782,
tile_025597,ok,4.9907,E:\dac_stage1_dpm_predictions_positive3200_v2\tile_025597,
tile_013045,ok,5.1859,E:\dac_stage1_dpm_predictions_positive3200_v2\tile_013045,
tile_026091,ok,4.5358,E:\dac_stage1_dpm_predictions_positive3200_v2\tile_026091,
tile_021781,ok,4.1942,E:\dac_stage1_dpm_predictions_positive3200_v2\tile_021781,
tile_022313,ok,4.7123,E:\dac_stage1_dpm_predictions_positive3200_v2\tile_022313,
tile_016776,ok,5.1295,E:\dac_stage1_dpm_predictions_positive3200_v2\tile_016776,
tile_018560,ok,4.7768,E:\dac_stage1_dpm_predictions_positive3200_v2\tile_018560,
tile_003379,ok,4.7242,E:\dac_stage1_dpm_predictions_positive3200_v2\tile_003379,
tile_025988,ok,5.3182,E:\dac_stage1_dpm_predictions_positive3200_v2\tile_025988,
tile_008829,ok,4.8361,E:\dac_stage1_dpm_predictions_positive3200_v2\tile_008829,
tile_018783,ok,4.6745,E:\dac_stage1_dpm_predictions_positive3200_v2\tile_018783,
tile_022411,ok,4.6165,E:\dac_stage1_dpm_predictions_positive3200_v2\tile_022411,
tile_025590,ok,5.0832,E:\dac_stage1_dpm_predictions_positive3200_v2\tile_025590,
tile_006993,ok,4.5688,E:\dac_stage1_dpm_predictions_positive3200_v2\tile_006993,
tile_004339,ok,5.7582,E:\dac_stage1_dpm_predictions_positive3200_v2\tile_004339,
tile_026510,ok,5.3128,E:\dac_stage1_dpm_predictions_positive3200_v2\tile_026510,
tile_023616,ok,4.6967,E:\dac_stage1_dpm_predictions_positive3200_v2\tile_023616,
tile_017300,ok,5.1901,E:\dac_stage1_dpm_predictions_positive3200_v2\tile_017300,
tile_016503,ok,5.1495,E:\dac_stage1_dpm_predictions_positive3200_v2\tile_016503,
tile_025605,ok,4.8233,E:\dac_stage1_dpm_predictions_positive3200_v2\tile_025605,
tile_002545,ok,4.5129,E:\dac_stage1_dpm_predictions_positive3200_v2\tile_002545,
tile_020299,ok,4.8345,E:\dac_stage1_dpm_predictions_positive3200_v2\tile_020299,
tile_017506,ok,6.2812,E:\dac_stage1_dpm_predictions_positive3200_v2\tile_017506,
tile_017742,ok,4.6182,E:\dac_stage1_dpm_predictions_positive3200_v2\tile_017742,
tile_002809,ok,5.3712,E:\dac_stage1_dpm_predictions_positive3200_v2\tile_002809,
tile_001089,ok,4.2438,E:\dac_stage1_dpm_predictions_positive3200_v2\tile_001089,
tile_026794,ok,5.0404,E:\dac_stage1_dpm_predictions_positive3200_v2\tile_026794,
tile_010845,ok,4.8401,E:\dac_stage1_dpm_predictions_positive3200_v2\tile_010845,
tile_000185,ok,5.0232,E:\dac_stage1_dpm_predictions_positive3200_v2\tile_000185,
tile_004434,ok,4.3482,E:\dac_stage1_dpm_predictions_positive3200_v2\tile_004434,
tile_018946,ok,5.5116,E:\dac_stage1_dpm_predictions_positive3200_v2\tile_018946,
tile_002648,ok,5.071,E:\dac_stage1_dpm_predictions_positive3200_v2\tile_002648,
tile_018557,ok,6.0205,E:\dac_stage1_dpm_predictions_positive3200_v2\tile_018557,
tile_011204,ok,4.6302,E:\dac_stage1_dpm_predictions_positive3200_v2\tile_011204,
tile_026180,ok,5.41,E:\dac_stage1_dpm_predictions_positive3200_v2\tile_026180,
tile_004462,ok,5.5074,E:\dac_stage1_dpm_predictions_positive3200_v2\tile_004462,
tile_017035,ok,4.4397,E:\dac_stage1_dpm_predictions_positive3200_v2\tile_017035,
tile_008385,ok,5.2315,E:\dac_stage1_dpm_predictions_positive3200_v2\tile_008385,
tile_023707,ok,4.1281,E:\dac_stage1_dpm_predictions_positive3200_v2\tile_023707,
tile_015805,ok,5.1294,E:\dac_stage1_dpm_predictions_positive3200_v2\tile_015805,
tile_002380,ok,5.1767,E:\dac_stage1_dpm_predictions_positive3200_v2\tile_002380,
tile_018604,ok,4.9165,E:\dac_stage1_dpm_predictions_positive3200_v2\tile_018604,
tile_005309,ok,4.6704,E:\dac_stage1_dpm_predictions_positive3200_v2\tile_005309,
tile_002948,ok,4.9274,E:\dac_stage1_dpm_predictions_positive3200_v2\tile_002948,
tile_003032,ok,4.9302,E:\dac_stage1_dpm_predictions_positive3200_v2\tile_003032,
tile_004157,ok,5.3136,E:\dac_stage1_dpm_predictions_positive3200_v2\tile_004157,
tile_017075,ok,4.8451,E:\dac_stage1_dpm_predictions_positive3200_v2\tile_017075,
tile_023519,ok,4.8531,E:\dac_stage1_dpm_predictions_positive3200_v2\tile_023519,
tile_005501,ok,4.9324,E:\dac_stage1_dpm_predictions_positive3200_v2\tile_005501,
tile_002953,ok,4.8638,E:\dac_stage1_dpm_predictions_positive3200_v2\tile_002953,
tile_001859,ok,4.4212,E:\dac_stage1_dpm_predictions_positive3200_v2\tile_001859,
tile_023227,ok,5.5308,E:\dac_stage1_dpm_predictions_positive3200_v2\tile_023227,
tile_002507,ok,5.0768,E:\dac_stage1_dpm_predictions_positive3200_v2\tile_002507,
tile_017606,ok,5.5106,E:\dac_stage1_dpm_predictions_positive3200_v2\tile_017606,
tile_026110,ok,4.639,E:\dac_stage1_dpm_predictions_positive3200_v2\tile_026110,
tile_020554,ok,4.3418,E:\dac_stage1_dpm_predictions_positive3200_v2\tile_020554,
tile_017703,ok,5.635,E:\dac_stage1_dpm_predictions_positive3200_v2\tile_017703,
tile_016442,ok,6.1228,E:\dac_stage1_dpm_predictions_positive3200_v2\tile_016442,
tile_007147,ok,5.5944,E:\dac_stage1_dpm_predictions_positive3200_v2\tile_007147,
tile_003760,ok,5.0528,E:\dac_stage1_dpm_predictions_positive3200_v2\tile_003760,
tile_024621,ok,5.0966,E:\dac_stage1_dpm_predictions_positive3200_v2\tile_024621,
tile_009320,ok,4.3809,E:\dac_stage1_dpm_predictions_positive3200_v2\tile_009320,
tile_019174,ok,5.7586,E:\dac_stage1_dpm_predictions_positive3200_v2\tile_019174,
tile_020870,ok,4.6548,E:\dac_stage1_dpm_predictions_positive3200_v2\tile_020870,
tile_003287,ok,4.2426,E:\dac_stage1_dpm_predictions_positive3200_v2\tile_003287,
tile_009211,ok,5.155,E:\dac_stage1_dpm_predictions_positive3200_v2\tile_009211,
tile_006908,ok,5.3563,E:\dac_stage1_dpm_predictions_positive3200_v2\tile_006908,
tile_023290,ok,4.6909,E:\dac_stage1_dpm_predictions_positive3200_v2\tile_023290,
tile_025592,ok,4.5436,E:\dac_stage1_dpm_predictions_positive3200_v2\tile_025592,
tile_010478,ok,5.2858,E:\dac_stage1_dpm_predictions_positive3200_v2\tile_010478,
tile_006708,ok,5.2059,E:\dac_stage1_dpm_predictions_positive3200_v2\tile_006708,
tile_013586,ok,4.7281,E:\dac_stage1_dpm_predictions_positive3200_v2\tile_013586,
tile_023852,ok,4.5069,E:\dac_stage1_dpm_predictions_positive3200_v2\tile_023852,
tile_011857,ok,4.9857,E:\dac_stage1_dpm_predictions_positive3200_v2\tile_011857,
tile_018880,ok,5.0363,E:\dac_stage1_dpm_predictions_positive3200_v2\tile_018880,
tile_008851,ok,4.8638,E:\dac_stage1_dpm_predictions_positive3200_v2\tile_008851,
tile_009163,ok,6.0178,E:\dac_stage1_dpm_predictions_positive3200_v2\tile_009163,
tile_025458,ok,5.2522,E:\dac_stage1_dpm_predictions_positive3200_v2\tile_025458,
tile_026290,ok,4.3349,E:\dac_stage1_dpm_predictions_positive3200_v2\tile_026290,
tile_006311,ok,5.4031,E:\dac_stage1_dpm_predictions_positive3200_v2\tile_006311,
tile_010719,ok,5.0057,E:\dac_stage1_dpm_predictions_positive3200_v2\tile_010719,
tile_015471,ok,4.2593,E:\dac_stage1_dpm_predictions_positive3200_v2\tile_015471,
tile_013769,ok,5.1357,E:\dac_stage1_dpm_predictions_positive3200_v2\tile_013769,
tile_010934,ok,5.0516,E:\dac_stage1_dpm_predictions_positive3200_v2\tile_010934,
tile_014636,ok,5.0301,E:\dac_stage1_dpm_predictions_positive3200_v2\tile_014636,
tile_021687,ok,4.911,E:\dac_stage1_dpm_predictions_positive3200_v2\tile_021687,
tile_016619,ok,4.8095,E:\dac_stage1_dpm_predictions_positive3200_v2\tile_016619,
tile_001527,ok,5.0199,E:\dac_stage1_dpm_predictions_positive3200_v2\tile_001527,
tile_000036,ok,5.016,E:\dac_stage1_dpm_predictions_positive3200_v2\tile_000036,
tile_027112,ok,4.8519,E:\dac_stage1_dpm_predictions_positive3200_v2\tile_027112,
tile_010501,ok,5.6212,E:\dac_stage1_dpm_predictions_positive3200_v2\tile_010501,
tile_013272,ok,5.3593,E:\dac_stage1_dpm_predictions_positive3200_v2\tile_013272,
tile_024976,ok,4.8181,E:\dac_stage1_dpm_predictions_positive3200_v2\tile_024976,
tile_016701,ok,4.282,E:\dac_stage1_dpm_predictions_positive3200_v2\tile_016701,
tile_001204,ok,4.9859,E:\dac_stage1_dpm_predictions_positive3200_v2\tile_001204,
tile_003719,ok,5.0919,E:\dac_stage1_dpm_predictions_positive3200_v2\tile_003719,
tile_002606,ok,5.3683,E:\dac_stage1_dpm_predictions_positive3200_v2\tile_002606,
tile_024721,ok,4.2271,E:\dac_stage1_dpm_predictions_positive3200_v2\tile_024721,
tile_016569,ok,5.0519,E:\dac_stage1_dpm_predictions_positive3200_v2\tile_016569,
tile_023093,ok,6.1583,E:\dac_stage1_dpm_predictions_positive3200_v2\tile_023093,
tile_005956,ok,4.8586,E:\dac_stage1_dpm_predictions_positive3200_v2\tile_005956,
tile_018386,ok,4.4123,E:\dac_stage1_dpm_predictions_positive3200_v2\tile_018386,
tile_017779,ok,4.3762,E:\dac_stage1_dpm_predictions_positive3200_v2\tile_017779,
tile_008769,ok,4.6071,E:\dac_stage1_dpm_predictions_positive3200_v2\tile_008769,
tile_006928,ok,4.3642,E:\dac_stage1_dpm_predictions_positive3200_v2\tile_006928,
tile_000582,ok,4.9317,E:\dac_stage1_dpm_predictions_positive3200_v2\tile_000582,
tile_019432,ok,5.1813,E:\dac_stage1_dpm_predictions_positive3200_v2\tile_019432,
tile_004958,ok,4.1649,E:\dac_stage1_dpm_predictions_positive3200_v2\tile_004958,
tile_008845,ok,4.944,E:\dac_stage1_dpm_predictions_positive3200_v2\tile_008845,
tile_003792,ok,5.1769,E:\dac_stage1_dpm_predictions_positive3200_v2\tile_003792,
tile_013930,ok,4.8478,E:\dac_stage1_dpm_predictions_positive3200_v2\tile_013930,
tile_020113,ok,5.5967,E:\dac_stage1_dpm_predictions_positive3200_v2\tile_020113,
tile_012194,ok,4.4816,E:\dac_stage1_dpm_predictions_positive3200_v2\tile_012194,
tile_002513,ok,4.9544,E:\dac_stage1_dpm_predictions_positive3200_v2\tile_002513,
tile_015949,ok,4.6072,E:\dac_stage1_dpm_predictions_positive3200_v2\tile_015949,
tile_024797,ok,4.7736,E:\dac_stage1_dpm_predictions_positive3200_v2\tile_024797,
tile_014261,ok,4.8419,E:\dac_stage1_dpm_predictions_positive3200_v2\tile_014261,
tile_001490,ok,4.9398,E:\dac_stage1_dpm_predictions_positive3200_v2\tile_001490,
tile_015229,ok,4.5903,E:\dac_stage1_dpm_predictions_positive3200_v2\tile_015229,
tile_026805,ok,4.7459,E:\dac_stage1_dpm_predictions_positive3200_v2\tile_026805,
tile_008615,ok,6.0438,E:\dac_stage1_dpm_predictions_positive3200_v2\tile_008615,
tile_015449,ok,5.1592,E:\dac_stage1_dpm_predictions_positive3200_v2\tile_015449,
tile_007386,ok,4.7307,E:\dac_stage1_dpm_predictions_positive3200_v2\tile_007386,
tile_026526,ok,4.3977,E:\dac_stage1_dpm_predictions_positive3200_v2\tile_026526,
tile_003830,ok,5.5397,E:\dac_stage1_dpm_predictions_positive3200_v2\tile_003830,
tile_022071,ok,4.8235,E:\dac_stage1_dpm_predictions_positive3200_v2\tile_022071,
tile_023373,ok,5.0487,E:\dac_stage1_dpm_predictions_positive3200_v2\tile_023373,
tile_018664,ok,4.987,E:\dac_stage1_dpm_predictions_positive3200_v2\tile_018664,
tile_014933,ok,5.168,E:\dac_stage1_dpm_predictions_positive3200_v2\tile_014933,
tile_002837,ok,4.9784,E:\dac_stage1_dpm_predictions_positive3200_v2\tile_002837,
tile_010569,ok,5.034,E:\dac_stage1_dpm_predictions_positive3200_v2\tile_010569,
tile_013380,ok,4.4151,E:\dac_stage1_dpm_predictions_positive3200_v2\tile_013380,
tile_011257,ok,4.9451,E:\dac_stage1_dpm_predictions_positive3200_v2\tile_011257,
tile_007232,ok,5.0815,E:\dac_stage1_dpm_predictions_positive3200_v2\tile_007232,
tile_000538,ok,5.7183,E:\dac_stage1_dpm_predictions_positive3200_v2\tile_000538,
tile_002130,ok,5.6344,E:\dac_stage1_dpm_predictions_positive3200_v2\tile_002130,
tile_018174,ok,4.5873,E:\dac_stage1_dpm_predictions_positive3200_v2\tile_018174,
tile_022012,ok,4.953,E:\dac_stage1_dpm_predictions_positive3200_v2\tile_022012,
tile_007100,ok,6.0532,E:\dac_stage1_dpm_predictions_positive3200_v2\tile_007100,
tile_026564,ok,5.2957,E:\dac_stage1_dpm_predictions_positive3200_v2\tile_026564,
tile_027059,ok,4.9226,E:\dac_stage1_dpm_predictions_positive3200_v2\tile_027059,
tile_026177,ok,4.6164,E:\dac_stage1_dpm_predictions_positive3200_v2\tile_026177,
tile_026700,ok,4.7816,E:\dac_stage1_dpm_predictions_positive3200_v2\tile_026700,
tile_016879,ok,4.8224,E:\dac_stage1_dpm_predictions_positive3200_v2\tile_016879,
tile_000784,ok,4.8254,E:\dac_stage1_dpm_predictions_positive3200_v2\tile_000784,
tile_010331,ok,5.1727,E:\dac_stage1_dpm_predictions_positive3200_v2\tile_010331,
tile_010505,ok,5.1546,E:\dac_stage1_dpm_predictions_positive3200_v2\tile_010505,
tile_022099,ok,5.4211,E:\dac_stage1_dpm_predictions_positive3200_v2\tile_022099,
tile_009295,ok,4.8224,E:\dac_stage1_dpm_predictions_positive3200_v2\tile_009295,
tile_007927,ok,4.351,E:\dac_stage1_dpm_predictions_positive3200_v2\tile_007927,
tile_013699,ok,4.6386,E:\dac_stage1_dpm_predictions_positive3200_v2\tile_013699,
tile_013070,ok,5.0924,E:\dac_stage1_dpm_predictions_positive3200_v2\tile_013070,
tile_016694,ok,4.6587,E:\dac_stage1_dpm_predictions_positive3200_v2\tile_016694,
tile_002492,ok,4.8686,E:\dac_stage1_dpm_predictions_positive3200_v2\tile_002492,
tile_001642,ok,4.731,E:\dac_stage1_dpm_predictions_positive3200_v2\tile_001642,
tile_009000,ok,4.7728,E:\dac_stage1_dpm_predictions_positive3200_v2\tile_009000,
tile_007172,ok,4.2228,E:\dac_stage1_dpm_predictions_positive3200_v2\tile_007172,
tile_024136,ok,5.1889,E:\dac_stage1_dpm_predictions_positive3200_v2\tile_024136,
tile_015177,ok,5.186,E:\dac_stage1_dpm_predictions_positive3200_v2\tile_015177,
tile_008032,ok,4.9841,E:\dac_stage1_dpm_predictions_positive3200_v2\tile_008032,
tile_011369,ok,4.444,E:\dac_stage1_dpm_predictions_positive3200_v2\tile_011369,
tile_000077,ok,5.1638,E:\dac_stage1_dpm_predictions_positive3200_v2\tile_000077,
tile_023683,ok,5.963,E:\dac_stage1_dpm_predictions_positive3200_v2\tile_023683,
tile_016259,ok,5.571,E:\dac_stage1_dpm_predictions_positive3200_v2\tile_016259,
tile_026068,ok,5.0202,E:\dac_stage1_dpm_predictions_positive3200_v2\tile_026068,
tile_023759,ok,4.72,E:\dac_stage1_dpm_predictions_positive3200_v2\tile_023759,
tile_025518,ok,4.804,E:\dac_stage1_dpm_predictions_positive3200_v2\tile_025518,
tile_000040,ok,5.1084,E:\dac_stage1_dpm_predictions_positive3200_v2\tile_000040,
tile_022651,ok,4.4902,E:\dac_stage1_dpm_predictions_positive3200_v2\tile_022651,
tile_015871,ok,4.6943,E:\dac_stage1_dpm_predictions_positive3200_v2\tile_015871,
tile_019528,ok,6.0026,E:\dac_stage1_dpm_predictions_positive3200_v2\tile_019528,
tile_025896,ok,4.4642,E:\dac_stage1_dpm_predictions_positive3200_v2\tile_025896,
tile_021268,ok,5.606,E:\dac_stage1_dpm_predictions_positive3200_v2\tile_021268,
tile_012044,ok,6.3395,E:\dac_stage1_dpm_predictions_positive3200_v2\tile_012044,
tile_024788,ok,5.1417,E:\dac_stage1_dpm_predictions_positive3200_v2\tile_024788,
tile_002371,ok,5.426,E:\dac_stage1_dpm_predictions_positive3200_v2\tile_002371,
tile_000650,ok,4.8997,E:\dac_stage1_dpm_predictions_positive3200_v2\tile_000650,
tile_011107,ok,5.7025,E:\dac_stage1_dpm_predictions_positive3200_v2\tile_011107,
tile_005418,ok,4.3491,E:\dac_stage1_dpm_predictions_positive3200_v2\tile_005418,
tile_017806,ok,4.6153,E:\dac_stage1_dpm_predictions_positive3200_v2\tile_017806,
tile_026184,ok,5.662,E:\dac_stage1_dpm_predictions_positive3200_v2\tile_026184,
tile_017959,ok,4.7557,E:\dac_stage1_dpm_predictions_positive3200_v2\tile_017959,
tile_009232,ok,4.371,E:\dac_stage1_dpm_predictions_positive3200_v2\tile_009232,
tile_000168,ok,5.408,E:\dac_stage1_dpm_predictions_positive3200_v2\tile_000168,
tile_024019,ok,5.2805,E:\dac_stage1_dpm_predictions_positive3200_v2\tile_024019,
tile_008982,ok,4.2651,E:\dac_stage1_dpm_predictions_positive3200_v2\tile_008982,
tile_002356,ok,5.4282,E:\dac_stage1_dpm_predictions_positive3200_v2\tile_002356,
tile_012178,ok,5.1551,E:\dac_stage1_dpm_predictions_positive3200_v2\tile_012178,
tile_008545,ok,4.9693,E:\dac_stage1_dpm_predictions_positive3200_v2\tile_008545,
tile_010797,ok,4.4654,E:\dac_stage1_dpm_predictions_positive3200_v2\tile_010797,
tile_003596,ok,4.9618,E:\dac_stage1_dpm_predictions_positive3200_v2\tile_003596,
tile_018879,ok,5.0915,E:\dac_stage1_dpm_predictions_positive3200_v2\tile_018879,
tile_003839,ok,4.8957,E:\dac_stage1_dpm_predictions_positive3200_v2\tile_003839,
tile_011324,ok,4.7229,E:\dac_stage1_dpm_predictions_positive3200_v2\tile_011324,
tile_026286,ok,5.0952,E:\dac_stage1_dpm_predictions_positive3200_v2\tile_026286,
tile_026103,ok,5.0814,E:\dac_stage1_dpm_predictions_positive3200_v2\tile_026103,
tile_027223,ok,4.799,E:\dac_stage1_dpm_predictions_positive3200_v2\tile_027223,
tile_012911,ok,4.8337,E:\dac_stage1_dpm_predictions_positive3200_v2\tile_012911,
tile_015036,ok,5.0122,E:\dac_stage1_dpm_predictions_positive3200_v2\tile_015036,
tile_004831,ok,5.2537,E:\dac_stage1_dpm_predictions_positive3200_v2\tile_004831,
tile_026359,ok,4.2539,E:\dac_stage1_dpm_predictions_positive3200_v2\tile_026359,
tile_011296,ok,4.494,E:\dac_stage1_dpm_predictions_positive3200_v2\tile_011296,
tile_025680,ok,6.2879,E:\dac_stage1_dpm_predictions_positive3200_v2\tile_025680,
tile_003215,ok,4.9986,E:\dac_stage1_dpm_predictions_positive3200_v2\tile_003215,
tile_015522,ok,5.0422,E:\dac_stage1_dpm_predictions_positive3200_v2\tile_015522,
tile_022809,ok,4.4184,E:\dac_stage1_dpm_predictions_positive3200_v2\tile_022809,
tile_010571,ok,4.8562,E:\dac_stage1_dpm_predictions_positive3200_v2\tile_010571,
tile_002768,ok,5.4519,E:\dac_stage1_dpm_predictions_positive3200_v2\tile_002768,
tile_000730,ok,4.8931,E:\dac_stage1_dpm_predictions_positive3200_v2\tile_000730,
tile_023769,ok,4.2934,E:\dac_stage1_dpm_predictions_positive3200_v2\tile_023769,
tile_024529,ok,5.9915,E:\dac_stage1_dpm_predictions_positive3200_v2\tile_024529,
tile_010532,ok,5.4274,E:\dac_stage1_dpm_predictions_positive3200_v2\tile_010532,
tile_023796,ok,5.1348,E:\dac_stage1_dpm_predictions_positive3200_v2\tile_023796,
tile_013475,ok,5.0068,E:\dac_stage1_dpm_predictions_positive3200_v2\tile_013475,
tile_013871,ok,4.4112,E:\dac_stage1_dpm_predictions_positive3200_v2\tile_013871,
tile_000810,ok,5.4404,E:\dac_stage1_dpm_predictions_positive3200_v2\tile_000810,
tile_022090,ok,5.4197,E:\dac_stage1_dpm_predictions_positive3200_v2\tile_022090,
tile_011783,ok,5.5425,E:\dac_stage1_dpm_predictions_positive3200_v2\tile_011783,
tile_025608,ok,5.5487,E:\dac_stage1_dpm_predictions_positive3200_v2\tile_025608,
tile_007605,ok,4.5398,E:\dac_stage1_dpm_predictions_positive3200_v2\tile_007605,
tile_020642,ok,5.0116,E:\dac_stage1_dpm_predictions_positive3200_v2\tile_020642,
tile_022765,ok,4.0128,E:\dac_stage1_dpm_predictions_positive3200_v2\tile_022765,
tile_010096,ok,4.6002,E:\dac_stage1_dpm_predictions_positive3200_v2\tile_010096,
tile_019285,ok,5.7551,E:\dac_stage1_dpm_predictions_positive3200_v2\tile_019285,
tile_008823,ok,4.599,E:\dac_stage1_dpm_predictions_positive3200_v2\tile_008823,
tile_019748,ok,5.4709,E:\dac_stage1_dpm_predictions_positive3200_v2\tile_019748,
tile_022104,ok,5.7594,E:\dac_stage1_dpm_predictions_positive3200_v2\tile_022104,
tile_002041,ok,5.2464,E:\dac_stage1_dpm_predictions_positive3200_v2\tile_002041,
tile_015714,ok,4.6325,E:\dac_stage1_dpm_predictions_positive3200_v2\tile_015714,
tile_002555,ok,4.4032,E:\dac_stage1_dpm_predictions_positive3200_v2\tile_002555,
tile_002043,ok,4.4211,E:\dac_stage1_dpm_predictions_positive3200_v2\tile_002043,
tile_001044,ok,4.7409,E:\dac_stage1_dpm_predictions_positive3200_v2\tile_001044,
tile_011372,ok,4.5568,E:\dac_stage1_dpm_predictions_positive3200_v2\tile_011372,
tile_006659,ok,4.8822,E:\dac_stage1_dpm_predictions_positive3200_v2\tile_006659,
tile_019656,ok,5.1951,E:\dac_stage1_dpm_predictions_positive3200_v2\tile_019656,
tile_010733,ok,4.4143,E:\dac_stage1_dpm_predictions_positive3200_v2\tile_010733,
tile_010878,ok,4.9657,E:\dac_stage1_dpm_predictions_positive3200_v2\tile_010878,
tile_027151,ok,5.2159,E:\dac_stage1_dpm_predictions_positive3200_v2\tile_027151,
tile_016597,ok,4.6601,E:\dac_stage1_dpm_predictions_positive3200_v2\tile_016597,
tile_023023,ok,4.5622,E:\dac_stage1_dpm_predictions_positive3200_v2\tile_023023,
tile_024325,ok,5.5576,E:\dac_stage1_dpm_predictions_positive3200_v2\tile_024325,
tile_023131,ok,4.3525,E:\dac_stage1_dpm_predictions_positive3200_v2\tile_023131,
tile_017808,ok,5.2067,E:\dac_stage1_dpm_predictions_positive3200_v2\tile_017808,
tile_003777,ok,5.1337,E:\dac_stage1_dpm_predictions_positive3200_v2\tile_003777,
tile_000989,ok,5.1283,E:\dac_stage1_dpm_predictions_positive3200_v2\tile_000989,
tile_000647,ok,4.8172,E:\dac_stage1_dpm_predictions_positive3200_v2\tile_000647,
tile_011194,ok,4.3669,E:\dac_stage1_dpm_predictions_positive3200_v2\tile_011194,
tile_009389,ok,6.4502,E:\dac_stage1_dpm_predictions_positive3200_v2\tile_009389,
tile_007534,ok,4.8525,E:\dac_stage1_dpm_predictions_positive3200_v2\tile_007534,
tile_002753,ok,5.142,E:\dac_stage1_dpm_predictions_positive3200_v2\tile_002753,
tile_020045,ok,5.055,E:\dac_stage1_dpm_predictions_positive3200_v2\tile_020045,
tile_008529,ok,4.2066,E:\dac_stage1_dpm_predictions_positive3200_v2\tile_008529,
tile_026527,ok,4.8233,E:\dac_stage1_dpm_predictions_positive3200_v2\tile_026527,
tile_000043,ok,6.1661,E:\dac_stage1_dpm_predictions_positive3200_v2\tile_000043,
tile_008824,ok,4.868,E:\dac_stage1_dpm_predictions_positive3200_v2\tile_008824,
tile_002983,ok,4.9197,E:\dac_stage1_dpm_predictions_positive3200_v2\tile_002983,
tile_002978,ok,4.65,E:\dac_stage1_dpm_predictions_positive3200_v2\tile_002978,
tile_020311,ok,5.4011,E:\dac_stage1_dpm_predictions_positive3200_v2\tile_020311,
tile_016772,ok,6.2222,E:\dac_stage1_dpm_predictions_positive3200_v2\tile_016772,
tile_008347,ok,5.0046,E:\dac_stage1_dpm_predictions_positive3200_v2\tile_008347,
tile_011355,ok,4.7115,E:\dac_stage1_dpm_predictions_positive3200_v2\tile_011355,
tile_026797,ok,4.5461,E:\dac_stage1_dpm_predictions_positive3200_v2\tile_026797,
tile_000896,ok,4.6907,E:\dac_stage1_dpm_predictions_positive3200_v2\tile_000896,
tile_009247,ok,5.1812,E:\dac_stage1_dpm_predictions_positive3200_v2\tile_009247,
tile_023827,ok,4.9389,E:\dac_stage1_dpm_predictions_positive3200_v2\tile_023827,
tile_022605,ok,4.504,E:\dac_stage1_dpm_predictions_positive3200_v2\tile_022605,
tile_022708,ok,4.4783,E:\dac_stage1_dpm_predictions_positive3200_v2\tile_022708,
tile_024374,ok,4.9957,E:\dac_stage1_dpm_predictions_positive3200_v2\tile_024374,
tile_016681,ok,6.6399,E:\dac_stage1_dpm_predictions_positive3200_v2\tile_016681,
tile_025826,ok,4.5665,E:\dac_stage1_dpm_predictions_positive3200_v2\tile_025826,
tile_019395,ok,4.3112,E:\dac_stage1_dpm_predictions_positive3200_v2\tile_019395,
tile_016228,ok,5.5186,E:\dac_stage1_dpm_predictions_positive3200_v2\tile_016228,
tile_009272,ok,4.3509,E:\dac_stage1_dpm_predictions_positive3200_v2\tile_009272,
tile_003173,ok,4.7155,E:\dac_stage1_dpm_predictions_positive3200_v2\tile_003173,
tile_014342,ok,5.0009,E:\dac_stage1_dpm_predictions_positive3200_v2\tile_014342,
tile_026778,ok,4.4213,E:\dac_stage1_dpm_predictions_positive3200_v2\tile_026778,
tile_010541,ok,4.7167,E:\dac_stage1_dpm_predictions_positive3200_v2\tile_010541,
tile_002932,ok,5.1195,E:\dac_stage1_dpm_predictions_positive3200_v2\tile_002932,
tile_024961,ok,5.0591,E:\dac_stage1_dpm_predictions_positive3200_v2\tile_024961,
tile_008928,ok,4.4128,E:\dac_stage1_dpm_predictions_positive3200_v2\tile_008928,
tile_006474,ok,5.3482,E:\dac_stage1_dpm_predictions_positive3200_v2\tile_006474,
tile_011854,ok,4.5007,E:\dac_stage1_dpm_predictions_positive3200_v2\tile_011854,
tile_006055,ok,4.4227,E:\dac_stage1_dpm_predictions_positive3200_v2\tile_006055,
tile_025804,ok,5.1703,E:\dac_stage1_dpm_predictions_positive3200_v2\tile_025804,
tile_004380,ok,4.7846,E:\dac_stage1_dpm_predictions_positive3200_v2\tile_004380,
tile_004127,ok,4.309,E:\dac_stage1_dpm_predictions_positive3200_v2\tile_004127,
tile_021988,ok,5.254,E:\dac_stage1_dpm_predictions_positive3200_v2\tile_021988,
tile_024835,ok,5.1178,E:\dac_stage1_dpm_predictions_positive3200_v2\tile_024835,
tile_005760,ok,4.9224,E:\dac_stage1_dpm_predictions_positive3200_v2\tile_005760,
tile_016201,ok,4.5769,E:\dac_stage1_dpm_predictions_positive3200_v2\tile_016201,
tile_014654,ok,4.913,E:\dac_stage1_dpm_predictions_positive3200_v2\tile_014654,
tile_016329,ok,4.9939,E:\dac_stage1_dpm_predictions_positive3200_v2\tile_016329,
tile_004167,ok,4.5609,E:\dac_stage1_dpm_predictions_positive3200_v2\tile_004167,
tile_021790,ok,4.4956,E:\dac_stage1_dpm_predictions_positive3200_v2\tile_021790,
tile_001835,ok,4.9789,E:\dac_stage1_dpm_predictions_positive3200_v2\tile_001835,
tile_008733,ok,4.5478,E:\dac_stage1_dpm_predictions_positive3200_v2\tile_008733,
tile_015382,ok,4.4592,E:\dac_stage1_dpm_predictions_positive3200_v2\tile_015382,
tile_004807,ok,6.7274,E:\dac_stage1_dpm_predictions_positive3200_v2\tile_004807,
tile_009370,ok,4.5734,E:\dac_stage1_dpm_predictions_positive3200_v2\tile_009370,
tile_008551,ok,5.4525,E:\dac_stage1_dpm_predictions_positive3200_v2\tile_008551,
tile_014707,ok,4.8574,E:\dac_stage1_dpm_predictions_positive3200_v2\tile_014707,
tile_025740,ok,4.8522,E:\dac_stage1_dpm_predictions_positive3200_v2\tile_025740,
tile_016695,ok,4.4932,E:\dac_stage1_dpm_predictions_positive3200_v2\tile_016695,
tile_008603,ok,4.8607,E:\dac_stage1_dpm_predictions_positive3200_v2\tile_008603,
tile_015015,ok,4.9389,E:\dac_stage1_dpm_predictions_positive3200_v2\tile_015015,
tile_019260,ok,4.8812,E:\dac_stage1_dpm_predictions_positive3200_v2\tile_019260,
tile_002636,ok,4.9089,E:\dac_stage1_dpm_predictions_positive3200_v2\tile_002636,
tile_002878,ok,4.9428,E:\dac_stage1_dpm_predictions_positive3200_v2\tile_002878,
tile_012220,ok,4.7803,E:\dac_stage1_dpm_predictions_positive3200_v2\tile_012220,
tile_004432,ok,4.7988,E:\dac_stage1_dpm_predictions_positive3200_v2\tile_004432,
tile_026989,ok,4.2273,E:\dac_stage1_dpm_predictions_positive3200_v2\tile_026989,
tile_000027,ok,4.9878,E:\dac_stage1_dpm_predictions_positive3200_v2\tile_000027,
tile_026751,ok,5.6378,E:\dac_stage1_dpm_predictions_positive3200_v2\tile_026751,
tile_021473,ok,5.1615,E:\dac_stage1_dpm_predictions_positive3200_v2\tile_021473,
tile_016640,ok,4.6472,E:\dac_stage1_dpm_predictions_positive3200_v2\tile_016640,
tile_006261,ok,5.238,E:\dac_stage1_dpm_predictions_positive3200_v2\tile_006261,
tile_022640,ok,4.6099,E:\dac_stage1_dpm_predictions_positive3200_v2\tile_022640,
tile_019376,ok,5.4126,E:\dac_stage1_dpm_predictions_positive3200_v2\tile_019376,
tile_024576,ok,5.2727,E:\dac_stage1_dpm_predictions_positive3200_v2\tile_024576,
tile_027263,ok,6.0989,E:\dac_stage1_dpm_predictions_positive3200_v2\tile_027263,
tile_027026,ok,4.9701,E:\dac_stage1_dpm_predictions_positive3200_v2\tile_027026,
tile_011031,ok,4.9855,E:\dac_stage1_dpm_predictions_positive3200_v2\tile_011031,
tile_018658,ok,4.3897,E:\dac_stage1_dpm_predictions_positive3200_v2\tile_018658,
tile_022101,ok,4.8488,E:\dac_stage1_dpm_predictions_positive3200_v2\tile_022101,
tile_002399,ok,4.7555,E:\dac_stage1_dpm_predictions_positive3200_v2\tile_002399,
tile_015640,ok,4.9135,E:\dac_stage1_dpm_predictions_positive3200_v2\tile_015640,
tile_002385,ok,4.4135,E:\dac_stage1_dpm_predictions_positive3200_v2\tile_002385,
tile_002221,ok,4.9086,E:\dac_stage1_dpm_predictions_positive3200_v2\tile_002221,
tile_000706,ok,5.4016,E:\dac_stage1_dpm_predictions_positive3200_v2\tile_000706,
tile_008462,ok,5.2141,E:\dac_stage1_dpm_predictions_positive3200_v2\tile_008462,
tile_024886,ok,4.5355,E:\dac_stage1_dpm_predictions_positive3200_v2\tile_024886,
tile_010671,ok,4.8729,E:\dac_stage1_dpm_predictions_positive3200_v2\tile_010671,
tile_007823,ok,5.1303,E:\dac_stage1_dpm_predictions_positive3200_v2\tile_007823,
tile_023654,ok,4.9324,E:\dac_stage1_dpm_predictions_positive3200_v2\tile_023654,
tile_021910,ok,4.4396,E:\dac_stage1_dpm_predictions_positive3200_v2\tile_021910,
tile_026374,ok,5.0146,E:\dac_stage1_dpm_predictions_positive3200_v2\tile_026374,
tile_002212,ok,4.9672,E:\dac_stage1_dpm_predictions_positive3200_v2\tile_002212,
tile_026092,ok,5.0957,E:\dac_stage1_dpm_predictions_positive3200_v2\tile_026092,
tile_012492,ok,6.4457,E:\dac_stage1_dpm_predictions_positive3200_v2\tile_012492,
tile_022085,ok,4.6381,E:\dac_stage1_dpm_predictions_positive3200_v2\tile_022085,
tile_004760,ok,4.2485,E:\dac_stage1_dpm_predictions_positive3200_v2\tile_004760,
tile_021623,ok,5.4668,E:\dac_stage1_dpm_predictions_positive3200_v2\tile_021623,
tile_011416,ok,5.1651,E:\dac_stage1_dpm_predictions_positive3200_v2\tile_011416,
tile_024641,ok,5.8075,E:\dac_stage1_dpm_predictions_positive3200_v2\tile_024641,
tile_016087,ok,4.7404,E:\dac_stage1_dpm_predictions_positive3200_v2\tile_016087,
tile_027018,ok,5.1854,E:\dac_stage1_dpm_predictions_positive3200_v2\tile_027018,
tile_026314,ok,5.6053,E:\dac_stage1_dpm_predictions_positive3200_v2\tile_026314,
tile_000386,ok,5.1028,E:\dac_stage1_dpm_predictions_positive3200_v2\tile_000386,
tile_002470,ok,4.6307,E:\dac_stage1_dpm_predictions_positive3200_v2\tile_002470,
tile_008786,ok,5.3979,E:\dac_stage1_dpm_predictions_positive3200_v2\tile_008786,
tile_015958,ok,5.5044,E:\dac_stage1_dpm_predictions_positive3200_v2\tile_015958,
tile_003553,ok,4.8643,E:\dac_stage1_dpm_predictions_positive3200_v2\tile_003553,
tile_025901,ok,5.6793,E:\dac_stage1_dpm_predictions_positive3200_v2\tile_025901,
tile_016988,ok,4.9446,E:\dac_stage1_dpm_predictions_positive3200_v2\tile_016988,
tile_023017,ok,4.456,E:\dac_stage1_dpm_predictions_positive3200_v2\tile_023017,
tile_005797,ok,4.436,E:\dac_stage1_dpm_predictions_positive3200_v2\tile_005797,
tile_017428,ok,5.0375,E:\dac_stage1_dpm_predictions_positive3200_v2\tile_017428,
tile_023117,ok,4.4132,E:\dac_stage1_dpm_predictions_positive3200_v2\tile_023117,
tile_011303,ok,4.5474,E:\dac_stage1_dpm_predictions_positive3200_v2\tile_011303,
tile_013956,ok,5.9911,E:\dac_stage1_dpm_predictions_positive3200_v2\tile_013956,
tile_005940,ok,4.6314,E:\dac_stage1_dpm_predictions_positive3200_v2\tile_005940,
tile_002610,ok,5.4567,E:\dac_stage1_dpm_predictions_positive3200_v2\tile_002610,
tile_018117,ok,4.6028,E:\dac_stage1_dpm_predictions_positive3200_v2\tile_018117,
tile_016767,ok,4.6709,E:\dac_stage1_dpm_predictions_positive3200_v2\tile_016767,
tile_001997,ok,4.8831,E:\dac_stage1_dpm_predictions_positive3200_v2\tile_001997,
tile_012069,ok,5.4452,E:\dac_stage1_dpm_predictions_positive3200_v2\tile_012069,
tile_015361,ok,5.6741,E:\dac_stage1_dpm_predictions_positive3200_v2\tile_015361,
tile_013764,ok,4.8206,E:\dac_stage1_dpm_predictions_positive3200_v2\tile_013764,
tile_008428,ok,4.4707,E:\dac_stage1_dpm_predictions_positive3200_v2\tile_008428,
tile_021706,ok,5.1303,E:\dac_stage1_dpm_predictions_positive3200_v2\tile_021706,
tile_016231,ok,4.9096,E:\dac_stage1_dpm_predictions_positive3200_v2\tile_016231,
tile_000226,ok,4.5309,E:\dac_stage1_dpm_predictions_positive3200_v2\tile_000226,
tile_000433,ok,5.7634,E:\dac_stage1_dpm_predictions_positive3200_v2\tile_000433,
tile_015299,ok,5.2163,E:\dac_stage1_dpm_predictions_positive3200_v2\tile_015299,
tile_007154,ok,4.9708,E:\dac_stage1_dpm_predictions_positive3200_v2\tile_007154,
tile_025133,ok,5.0912,E:\dac_stage1_dpm_predictions_positive3200_v2\tile_025133,
tile_027040,ok,5.8457,E:\dac_stage1_dpm_predictions_positive3200_v2\tile_027040,
tile_013486,ok,4.1971,E:\dac_stage1_dpm_predictions_positive3200_v2\tile_013486,
tile_002501,ok,4.9996,E:\dac_stage1_dpm_predictions_positive3200_v2\tile_002501,
tile_010743,ok,5.2041,E:\dac_stage1_dpm_predictions_positive3200_v2\tile_010743,
tile_000405,ok,5.3942,E:\dac_stage1_dpm_predictions_positive3200_v2\tile_000405,
tile_016869,ok,4.506,E:\dac_stage1_dpm_predictions_positive3200_v2\tile_016869,
tile_026148,ok,5.0522,E:\dac_stage1_dpm_predictions_positive3200_v2\tile_026148,
tile_022893,ok,5.0498,E:\dac_stage1_dpm_predictions_positive3200_v2\tile_022893,
tile_002843,ok,4.6327,E:\dac_stage1_dpm_predictions_positive3200_v2\tile_002843,
tile_022328,ok,4.9042,E:\dac_stage1_dpm_predictions_positive3200_v2\tile_022328,
tile_020288,ok,4.9063,E:\dac_stage1_dpm_predictions_positive3200_v2\tile_020288,
tile_003352,ok,4.6413,E:\dac_stage1_dpm_predictions_positive3200_v2\tile_003352,
tile_000416,ok,4.5511,E:\dac_stage1_dpm_predictions_positive3200_v2\tile_000416,
tile_000671,ok,4.874,E:\dac_stage1_dpm_predictions_positive3200_v2\tile_000671,
tile_006747,ok,5.1052,E:\dac_stage1_dpm_predictions_positive3200_v2\tile_006747,
tile_005263,ok,5.1889,E:\dac_stage1_dpm_predictions_positive3200_v2\tile_005263,
tile_005351,ok,5.2138,E:\dac_stage1_dpm_predictions_positive3200_v2\tile_005351,
tile_009310,ok,5.2452,E:\dac_stage1_dpm_predictions_positive3200_v2\tile_009310,
tile_000261,ok,5.2818,E:\dac_stage1_dpm_predictions_positive3200_v2\tile_000261,
tile_025199,ok,5.0867,E:\dac_stage1_dpm_predictions_positive3200_v2\tile_025199,
tile_006698,ok,5.1493,E:\dac_stage1_dpm_predictions_positive3200_v2\tile_006698,
tile_009248,ok,4.6468,E:\dac_stage1_dpm_predictions_positive3200_v2\tile_009248,
tile_006587,ok,4.5227,E:\dac_stage1_dpm_predictions_positive3200_v2\tile_006587,
tile_027192,ok,5.165,E:\dac_stage1_dpm_predictions_positive3200_v2\tile_027192,
tile_000377,ok,4.9973,E:\dac_stage1_dpm_predictions_positive3200_v2\tile_000377,
tile_004725,ok,4.8135,E:\dac_stage1_dpm_predictions_positive3200_v2\tile_004725,
tile_000311,ok,4.2863,E:\dac_stage1_dpm_predictions_positive3200_v2\tile_000311,
tile_023498,ok,5.1449,E:\dac_stage1_dpm_predictions_positive3200_v2\tile_023498,
tile_003212,ok,5.8421,E:\dac_stage1_dpm_predictions_positive3200_v2\tile_003212,
tile_010504,ok,5.4187,E:\dac_stage1_dpm_predictions_positive3200_v2\tile_010504,
tile_008368,ok,4.9397,E:\dac_stage1_dpm_predictions_positive3200_v2\tile_008368,
tile_009051,ok,4.3879,E:\dac_stage1_dpm_predictions_positive3200_v2\tile_009051,
tile_027110,ok,5.0173,E:\dac_stage1_dpm_predictions_positive3200_v2\tile_027110,
tile_024430,ok,4.4943,E:\dac_stage1_dpm_predictions_positive3200_v2\tile_024430,
tile_003394,ok,4.8108,E:\dac_stage1_dpm_predictions_positive3200_v2\tile_003394,
tile_026651,ok,4.8926,E:\dac_stage1_dpm_predictions_positive3200_v2\tile_026651,
tile_000394,ok,5.0363,E:\dac_stage1_dpm_predictions_positive3200_v2\tile_000394,
tile_006690,ok,5.2915,E:\dac_stage1_dpm_predictions_positive3200_v2\tile_006690,
tile_006466,ok,4.8376,E:\dac_stage1_dpm_predictions_positive3200_v2\tile_006466,
tile_018862,ok,4.869,E:\dac_stage1_dpm_predictions_positive3200_v2\tile_018862,
tile_026734,ok,5.0997,E:\dac_stage1_dpm_predictions_positive3200_v2\tile_026734,
tile_026175,ok,5.4863,E:\dac_stage1_dpm_predictions_positive3200_v2\tile_026175,
tile_008668,ok,5.2318,E:\dac_stage1_dpm_predictions_positive3200_v2\tile_008668,
tile_008880,ok,5.639,E:\dac_stage1_dpm_predictions_positive3200_v2\tile_008880,
tile_006396,ok,5.309,E:\dac_stage1_dpm_predictions_positive3200_v2\tile_006396,
tile_024470,ok,5.6342,E:\dac_stage1_dpm_predictions_positive3200_v2\tile_024470,
tile_004196,ok,5.2791,E:\dac_stage1_dpm_predictions_positive3200_v2\tile_004196,
tile_009417,ok,5.2354,E:\dac_stage1_dpm_predictions_positive3200_v2\tile_009417,
tile_004172,ok,5.0839,E:\dac_stage1_dpm_predictions_positive3200_v2\tile_004172,
tile_021974,ok,5.3493,E:\dac_stage1_dpm_predictions_positive3200_v2\tile_021974,
tile_020686,ok,4.5828,E:\dac_stage1_dpm_predictions_positive3200_v2\tile_020686,
tile_018449,ok,5.0249,E:\dac_stage1_dpm_predictions_positive3200_v2\tile_018449,
tile_027160,ok,5.6492,E:\dac_stage1_dpm_predictions_positive3200_v2\tile_027160,
tile_026979,ok,4.8548,E:\dac_stage1_dpm_predictions_positive3200_v2\tile_026979,
tile_008746,ok,4.5552,E:\dac_stage1_dpm_predictions_positive3200_v2\tile_008746,
tile_006354,ok,5.7486,E:\dac_stage1_dpm_predictions_positive3200_v2\tile_006354,
tile_003737,ok,4.8214,E:\dac_stage1_dpm_predictions_positive3200_v2\tile_003737,
tile_021041,ok,4.4614,E:\dac_stage1_dpm_predictions_positive3200_v2\tile_021041,
tile_025569,ok,5.2967,E:\dac_stage1_dpm_predictions_positive3200_v2\tile_025569,
tile_025413,ok,5.5178,E:\dac_stage1_dpm_predictions_positive3200_v2\tile_025413,
tile_020922,ok,6.9089,E:\dac_stage1_dpm_predictions_positive3200_v2\tile_020922,
tile_008109,ok,5.2546,E:\dac_stage1_dpm_predictions_positive3200_v2\tile_008109,
tile_020714,ok,5.1104,E:\dac_stage1_dpm_predictions_positive3200_v2\tile_020714,
tile_003532,ok,5.5409,E:\dac_stage1_dpm_predictions_positive3200_v2\tile_003532,
tile_006787,ok,5.7049,E:\dac_stage1_dpm_predictions_positive3200_v2\tile_006787,
tile_011982,ok,4.6817,E:\dac_stage1_dpm_predictions_positive3200_v2\tile_011982,
tile_024481,ok,5.4745,E:\dac_stage1_dpm_predictions_positive3200_v2\tile_024481,
tile_019820,ok,4.5863,E:\dac_stage1_dpm_predictions_positive3200_v2\tile_019820,
tile_006642,ok,4.9837,E:\dac_stage1_dpm_predictions_positive3200_v2\tile_006642,
tile_024793,ok,5.1175,E:\dac_stage1_dpm_predictions_positive3200_v2\tile_024793,
tile_001848,ok,5.4004,E:\dac_stage1_dpm_predictions_positive3200_v2\tile_001848,
tile_024446,ok,4.9528,E:\dac_stage1_dpm_predictions_positive3200_v2\tile_024446,
tile_011846,ok,4.5453,E:\dac_stage1_dpm_predictions_positive3200_v2\tile_011846,
tile_002484,ok,5.1327,E:\dac_stage1_dpm_predictions_positive3200_v2\tile_002484,
tile_017783,ok,5.7853,E:\dac_stage1_dpm_predictions_positive3200_v2\tile_017783,
tile_023442,ok,5.4279,E:\dac_stage1_dpm_predictions_positive3200_v2\tile_023442,
tile_004097,ok,5.4418,E:\dac_stage1_dpm_predictions_positive3200_v2\tile_004097,
tile_020391,ok,5.3956,E:\dac_stage1_dpm_predictions_positive3200_v2\tile_020391,
tile_020598,ok,5.0747,E:\dac_stage1_dpm_predictions_positive3200_v2\tile_020598,
tile_016391,ok,4.9491,E:\dac_stage1_dpm_predictions_positive3200_v2\tile_016391,
tile_026135,ok,4.4585,E:\dac_stage1_dpm_predictions_positive3200_v2\tile_026135,
tile_016922,ok,5.0025,E:\dac_stage1_dpm_predictions_positive3200_v2\tile_016922,
tile_008125,ok,4.8932,E:\dac_stage1_dpm_predictions_positive3200_v2\tile_008125,
tile_012494,ok,4.3265,E:\dac_stage1_dpm_predictions_positive3200_v2\tile_012494,
tile_003083,ok,5.4463,E:\dac_stage1_dpm_predictions_positive3200_v2\tile_003083,
tile_027262,ok,4.6681,E:\dac_stage1_dpm_predictions_positive3200_v2\tile_027262,
tile_019473,ok,4.8414,E:\dac_stage1_dpm_predictions_positive3200_v2\tile_019473,
tile_006461,ok,4.5811,E:\dac_stage1_dpm_predictions_positive3200_v2\tile_006461,
tile_004477,ok,4.9755,E:\dac_stage1_dpm_predictions_positive3200_v2\tile_004477,
tile_025726,ok,6.897,E:\dac_stage1_dpm_predictions_positive3200_v2\tile_025726,
tile_008523,ok,4.7492,E:\dac_stage1_dpm_predictions_positive3200_v2\tile_008523,
tile_026604,ok,4.9996,E:\dac_stage1_dpm_predictions_positive3200_v2\tile_026604,
tile_016636,ok,4.5347,E:\dac_stage1_dpm_predictions_positive3200_v2\tile_016636,
tile_003688,ok,4.8269,E:\dac_stage1_dpm_predictions_positive3200_v2\tile_003688,
tile_009383,ok,4.9437,E:\dac_stage1_dpm_predictions_positive3200_v2\tile_009383,
tile_008110,ok,4.9149,E:\dac_stage1_dpm_predictions_positive3200_v2\tile_008110,
tile_023590,ok,4.957,E:\dac_stage1_dpm_predictions_positive3200_v2\tile_023590,
tile_021277,ok,4.676,E:\dac_stage1_dpm_predictions_positive3200_v2\tile_021277,
tile_005312,ok,5.077,E:\dac_stage1_dpm_predictions_positive3200_v2\tile_005312,
tile_025937,ok,5.5626,E:\dac_stage1_dpm_predictions_positive3200_v2\tile_025937,
tile_022499,ok,5.4211,E:\dac_stage1_dpm_predictions_positive3200_v2\tile_022499,
tile_010868,ok,5.4143,E:\dac_stage1_dpm_predictions_positive3200_v2\tile_010868,
tile_002140,ok,5.0748,E:\dac_stage1_dpm_predictions_positive3200_v2\tile_002140,
tile_022332,ok,4.8076,E:\dac_stage1_dpm_predictions_positive3200_v2\tile_022332,
tile_020159,ok,4.7427,E:\dac_stage1_dpm_predictions_positive3200_v2\tile_020159,
tile_018316,ok,5.3717,E:\dac_stage1_dpm_predictions_positive3200_v2\tile_018316,
tile_004877,ok,5.1918,E:\dac_stage1_dpm_predictions_positive3200_v2\tile_004877,
tile_002039,ok,4.906,E:\dac_stage1_dpm_predictions_positive3200_v2\tile_002039,
tile_003388,ok,4.8839,E:\dac_stage1_dpm_predictions_positive3200_v2\tile_003388,
tile_003135,ok,5.1137,E:\dac_stage1_dpm_predictions_positive3200_v2\tile_003135,
tile_007721,ok,4.9584,E:\dac_stage1_dpm_predictions_positive3200_v2\tile_007721,
tile_025789,ok,4.7348,E:\dac_stage1_dpm_predictions_positive3200_v2\tile_025789,
tile_006611,ok,4.8499,E:\dac_stage1_dpm_predictions_positive3200_v2\tile_006611,
tile_017395,ok,4.7488,E:\dac_stage1_dpm_predictions_positive3200_v2\tile_017395,
tile_004713,ok,4.9617,E:\dac_stage1_dpm_predictions_positive3200_v2\tile_004713,
tile_011738,ok,5.3146,E:\dac_stage1_dpm_predictions_positive3200_v2\tile_011738,
tile_006736,ok,5.0872,E:\dac_stage1_dpm_predictions_positive3200_v2\tile_006736,
tile_024710,ok,4.6518,E:\dac_stage1_dpm_predictions_positive3200_v2\tile_024710,
tile_014997,ok,4.5112,E:\dac_stage1_dpm_predictions_positive3200_v2\tile_014997,
tile_017291,ok,4.8898,E:\dac_stage1_dpm_predictions_positive3200_v2\tile_017291,
tile_011898,ok,5.4703,E:\dac_stage1_dpm_predictions_positive3200_v2\tile_011898,
tile_002823,ok,5.7456,E:\dac_stage1_dpm_predictions_positive3200_v2\tile_002823,
tile_005137,ok,6.496,E:\dac_stage1_dpm_predictions_positive3200_v2\tile_005137,
tile_025204,ok,5.6141,E:\dac_stage1_dpm_predictions_positive3200_v2\tile_025204,
tile_022493,ok,5.4469,E:\dac_stage1_dpm_predictions_positive3200_v2\tile_022493,
tile_002390,ok,5.4328,E:\dac_stage1_dpm_predictions_positive3200_v2\tile_002390,
tile_015243,ok,4.961,E:\dac_stage1_dpm_predictions_positive3200_v2\tile_015243,
tile_008789,ok,5.0736,E:\dac_stage1_dpm_predictions_positive3200_v2\tile_008789,
tile_023337,ok,4.4623,E:\dac_stage1_dpm_predictions_positive3200_v2\tile_023337,
tile_004173,ok,4.7066,E:\dac_stage1_dpm_predictions_positive3200_v2\tile_004173,
tile_002779,ok,5.6965,E:\dac_stage1_dpm_predictions_positive3200_v2\tile_002779,
tile_027066,ok,6.1958,E:\dac_stage1_dpm_predictions_positive3200_v2\tile_027066,
tile_000488,ok,5.8874,E:\dac_stage1_dpm_predictions_positive3200_v2\tile_000488,
tile_023554,ok,5.0693,E:\dac_stage1_dpm_predictions_positive3200_v2\tile_023554,
tile_019290,ok,5.2285,E:\dac_stage1_dpm_predictions_positive3200_v2\tile_019290,
tile_017772,ok,4.9582,E:\dac_stage1_dpm_predictions_positive3200_v2\tile_017772,
tile_024971,ok,5.7896,E:\dac_stage1_dpm_predictions_positive3200_v2\tile_024971,
tile_015356,ok,4.9969,E:\dac_stage1_dpm_predictions_positive3200_v2\tile_015356,
tile_010654,ok,4.8631,E:\dac_stage1_dpm_predictions_positive3200_v2\tile_010654,
tile_018512,ok,5.8647,E:\dac_stage1_dpm_predictions_positive3200_v2\tile_018512,
tile_009072,ok,4.9378,E:\dac_stage1_dpm_predictions_positive3200_v2\tile_009072,
tile_008511,ok,5.8033,E:\dac_stage1_dpm_predictions_positive3200_v2\tile_008511,
tile_001443,ok,5.5834,E:\dac_stage1_dpm_predictions_positive3200_v2\tile_001443,
tile_018565,ok,4.3615,E:\dac_stage1_dpm_predictions_positive3200_v2\tile_018565,
tile_003005,ok,4.6054,E:\dac_stage1_dpm_predictions_positive3200_v2\tile_003005,
tile_003011,ok,4.744,E:\dac_stage1_dpm_predictions_positive3200_v2\tile_003011,
tile_003213,ok,5.3436,E:\dac_stage1_dpm_predictions_positive3200_v2\tile_003213,
tile_016193,ok,6.4615,E:\dac_stage1_dpm_predictions_positive3200_v2\tile_016193,
tile_005197,ok,4.9691,E:\dac_stage1_dpm_predictions_positive3200_v2\tile_005197,
tile_011207,ok,4.6961,E:\dac_stage1_dpm_predictions_positive3200_v2\tile_011207,
tile_011185,ok,5.0982,E:\dac_stage1_dpm_predictions_positive3200_v2\tile_011185,
tile_006942,ok,5.0915,E:\dac_stage1_dpm_predictions_positive3200_v2\tile_006942,
tile_024395,ok,4.4447,E:\dac_stage1_dpm_predictions_positive3200_v2\tile_024395,
tile_027186,ok,4.73,E:\dac_stage1_dpm_predictions_positive3200_v2\tile_027186,
tile_026015,ok,5.3211,E:\dac_stage1_dpm_predictions_positive3200_v2\tile_026015,
tile_001185,ok,6.5355,E:\dac_stage1_dpm_predictions_positive3200_v2\tile_001185,
tile_000523,ok,4.9908,E:\dac_stage1_dpm_predictions_positive3200_v2\tile_000523,
tile_024666,ok,5.2937,E:\dac_stage1_dpm_predictions_positive3200_v2\tile_024666,
tile_011924,ok,5.0759,E:\dac_stage1_dpm_predictions_positive3200_v2\tile_011924,
tile_003321,ok,5.3382,E:\dac_stage1_dpm_predictions_positive3200_v2\tile_003321,
tile_002432,ok,4.7187,E:\dac_stage1_dpm_predictions_positive3200_v2\tile_002432,
tile_026085,ok,4.7846,E:\dac_stage1_dpm_predictions_positive3200_v2\tile_026085,
tile_026001,ok,5.0657,E:\dac_stage1_dpm_predictions_positive3200_v2\tile_026001,
tile_011330,ok,5.1604,E:\dac_stage1_dpm_predictions_positive3200_v2\tile_011330,
tile_000178,ok,5.246,E:\dac_stage1_dpm_predictions_positive3200_v2\tile_000178,
tile_004273,ok,5.0021,E:\dac_stage1_dpm_predictions_positive3200_v2\tile_004273,
tile_000408,ok,4.5488,E:\dac_stage1_dpm_predictions_positive3200_v2\tile_000408,
tile_008905,ok,4.9726,E:\dac_stage1_dpm_predictions_positive3200_v2\tile_008905,
tile_000381,ok,5.2479,E:\dac_stage1_dpm_predictions_positive3200_v2\tile_000381,
tile_008943,ok,4.2339,E:\dac_stage1_dpm_predictions_positive3200_v2\tile_008943,
tile_017227,ok,4.9268,E:\dac_stage1_dpm_predictions_positive3200_v2\tile_017227,
tile_007431,ok,5.2485,E:\dac_stage1_dpm_predictions_positive3200_v2\tile_007431,
tile_021304,ok,4.6806,E:\dac_stage1_dpm_predictions_positive3200_v2\tile_021304,
tile_009145,ok,4.5745,E:\dac_stage1_dpm_predictions_positive3200_v2\tile_009145,
tile_014793,ok,5.1403,E:\dac_stage1_dpm_predictions_positive3200_v2\tile_014793,
tile_022367,ok,5.1104,E:\dac_stage1_dpm_predictions_positive3200_v2\tile_022367,
tile_024279,ok,4.7275,E:\dac_stage1_dpm_predictions_positive3200_v2\tile_024279,
tile_027046,ok,4.9552,E:\dac_stage1_dpm_predictions_positive3200_v2\tile_027046,
tile_003690,ok,4.9461,E:\dac_stage1_dpm_predictions_positive3200_v2\tile_003690,
tile_003311,ok,5.2151,E:\dac_stage1_dpm_predictions_positive3200_v2\tile_003311,
tile_006705,ok,4.5865,E:\dac_stage1_dpm_predictions_positive3200_v2\tile_006705,
tile_000747,ok,5.0933,E:\dac_stage1_dpm_predictions_positive3200_v2\tile_000747,
tile_016589,ok,4.5803,E:\dac_stage1_dpm_predictions_positive3200_v2\tile_016589,
tile_003671,ok,4.7257,E:\dac_stage1_dpm_predictions_positive3200_v2\tile_003671,
tile_020146,ok,4.6542,E:\dac_stage1_dpm_predictions_positive3200_v2\tile_020146,
tile_002556,ok,5.3558,E:\dac_stage1_dpm_predictions_positive3200_v2\tile_002556,
tile_006932,ok,5.1563,E:\dac_stage1_dpm_predictions_positive3200_v2\tile_006932,
tile_012561,ok,4.8238,E:\dac_stage1_dpm_predictions_positive3200_v2\tile_012561,
tile_004252,ok,4.6446,E:\dac_stage1_dpm_predictions_positive3200_v2\tile_004252,
tile_006703,ok,4.8608,E:\dac_stage1_dpm_predictions_positive3200_v2\tile_006703,
tile_025758,ok,5.4614,E:\dac_stage1_dpm_predictions_positive3200_v2\tile_025758,
tile_003790,ok,4.4349,E:\dac_stage1_dpm_predictions_positive3200_v2\tile_003790,
tile_011688,ok,5.2542,E:\dac_stage1_dpm_predictions_positive3200_v2\tile_011688,
tile_026592,ok,5.5338,E:\dac_stage1_dpm_predictions_positive3200_v2\tile_026592,
tile_007558,ok,4.9411,E:\dac_stage1_dpm_predictions_positive3200_v2\tile_007558,
tile_002989,ok,4.929,E:\dac_stage1_dpm_predictions_positive3200_v2\tile_002989,
tile_003902,ok,5.2801,E:\dac_stage1_dpm_predictions_positive3200_v2\tile_003902,
tile_019636,ok,5.0675,E:\dac_stage1_dpm_predictions_positive3200_v2\tile_019636,
tile_019544,ok,4.951,E:\dac_stage1_dpm_predictions_positive3200_v2\tile_019544,
tile_005663,ok,4.8335,E:\dac_stage1_dpm_predictions_positive3200_v2\tile_005663,
tile_014510,ok,4.7111,E:\dac_stage1_dpm_predictions_positive3200_v2\tile_014510,
tile_004150,ok,5.1075,E:\dac_stage1_dpm_predictions_positive3200_v2\tile_004150,
tile_000404,ok,4.8344,E:\dac_stage1_dpm_predictions_positive3200_v2\tile_000404,
tile_008009,ok,4.4993,E:\dac_stage1_dpm_predictions_positive3200_v2\tile_008009,
tile_000316,ok,5.1484,E:\dac_stage1_dpm_predictions_positive3200_v2\tile_000316,
tile_013317,ok,5.0851,E:\dac_stage1_dpm_predictions_positive3200_v2\tile_013317,
tile_010881,ok,5.0612,E:\dac_stage1_dpm_predictions_positive3200_v2\tile_010881,
tile_014116,ok,4.8429,E:\dac_stage1_dpm_predictions_positive3200_v2\tile_014116,
tile_027042,ok,5.2189,E:\dac_stage1_dpm_predictions_positive3200_v2\tile_027042,
tile_011419,ok,5.4886,E:\dac_stage1_dpm_predictions_positive3200_v2\tile_011419,
tile_026619,ok,5.1195,E:\dac_stage1_dpm_predictions_positive3200_v2\tile_026619,
tile_022583,ok,5.2811,E:\dac_stage1_dpm_predictions_positive3200_v2\tile_022583,
tile_024316,ok,5.3264,E:\dac_stage1_dpm_predictions_positive3200_v2\tile_024316,
tile_018986,ok,6.3153,E:\dac_stage1_dpm_predictions_positive3200_v2\tile_018986,
tile_021275,ok,6.8493,E:\dac_stage1_dpm_predictions_positive3200_v2\tile_021275,
tile_022256,ok,4.6244,E:\dac_stage1_dpm_predictions_positive3200_v2\tile_022256,
tile_027261,ok,5.3017,E:\dac_stage1_dpm_predictions_positive3200_v2\tile_027261,
tile_008690,ok,4.6845,E:\dac_stage1_dpm_predictions_positive3200_v2\tile_008690,
tile_019919,ok,5.3193,E:\dac_stage1_dpm_predictions_positive3200_v2\tile_019919,
tile_026961,ok,4.4518,E:\dac_stage1_dpm_predictions_positive3200_v2\tile_026961,
tile_018031,ok,4.781,E:\dac_stage1_dpm_predictions_positive3200_v2\tile_018031,
tile_001335,ok,5.5801,E:\dac_stage1_dpm_predictions_positive3200_v2\tile_001335,
tile_001730,ok,4.9878,E:\dac_stage1_dpm_predictions_positive3200_v2\tile_001730,
tile_026305,ok,4.8425,E:\dac_stage1_dpm_predictions_positive3200_v2\tile_026305,
tile_022871,ok,4.8362,E:\dac_stage1_dpm_predictions_positive3200_v2\tile_022871,
tile_003784,ok,5.5322,E:\dac_stage1_dpm_predictions_positive3200_v2\tile_003784,
tile_026660,ok,4.6427,E:\dac_stage1_dpm_predictions_positive3200_v2\tile_026660,
tile_018022,ok,4.3132,E:\dac_stage1_dpm_predictions_positive3200_v2\tile_018022,
tile_011803,ok,5.5896,E:\dac_stage1_dpm_predictions_positive3200_v2\tile_011803,
tile_016565,ok,5.3009,E:\dac_stage1_dpm_predictions_positive3200_v2\tile_016565,
tile_026465,ok,5.2451,E:\dac_stage1_dpm_predictions_positive3200_v2\tile_026465,
tile_006657,ok,5.0935,E:\dac_stage1_dpm_predictions_positive3200_v2\tile_006657,
tile_023899,ok,5.8939,E:\dac_stage1_dpm_predictions_positive3200_v2\tile_023899,
tile_003126,ok,6.1254,E:\dac_stage1_dpm_predictions_positive3200_v2\tile_003126,
tile_002879,ok,4.8401,E:\dac_stage1_dpm_predictions_positive3200_v2\tile_002879,
tile_008151,ok,4.4113,E:\dac_stage1_dpm_predictions_positive3200_v2\tile_008151,
tile_007138,ok,5.8771,E:\dac_stage1_dpm_predictions_positive3200_v2\tile_007138,
tile_008263,ok,4.9832,E:\dac_stage1_dpm_predictions_positive3200_v2\tile_008263,
tile_001515,ok,4.9196,E:\dac_stage1_dpm_predictions_positive3200_v2\tile_001515,
tile_019428,ok,4.8941,E:\dac_stage1_dpm_predictions_positive3200_v2\tile_019428,
tile_003580,ok,5.0641,E:\dac_stage1_dpm_predictions_positive3200_v2\tile_003580,
tile_009057,ok,4.6965,E:\dac_stage1_dpm_predictions_positive3200_v2\tile_009057,
tile_002434,ok,5.4937,E:\dac_stage1_dpm_predictions_positive3200_v2\tile_002434,
tile_006625,ok,4.5939,E:\dac_stage1_dpm_predictions_positive3200_v2\tile_006625,
tile_023069,ok,4.8484,E:\dac_stage1_dpm_predictions_positive3200_v2\tile_023069,
tile_020769,ok,5.766,E:\dac_stage1_dpm_predictions_positive3200_v2\tile_020769,
tile_012114,ok,5.3838,E:\dac_stage1_dpm_predictions_positive3200_v2\tile_012114,
tile_006766,ok,4.962,E:\dac_stage1_dpm_predictions_positive3200_v2\tile_006766,
tile_018313,ok,4.2378,E:\dac_stage1_dpm_predictions_positive3200_v2\tile_018313,
tile_026382,ok,5.3345,E:\dac_stage1_dpm_predictions_positive3200_v2\tile_026382,
tile_003077,ok,5.0252,E:\dac_stage1_dpm_predictions_positive3200_v2\tile_003077,
tile_008800,ok,4.8494,E:\dac_stage1_dpm_predictions_positive3200_v2\tile_008800,
tile_026521,ok,4.9349,E:\dac_stage1_dpm_predictions_positive3200_v2\tile_026521,
tile_001555,ok,4.999,E:\dac_stage1_dpm_predictions_positive3200_v2\tile_001555,
tile_008203,ok,5.0195,E:\dac_stage1_dpm_predictions_positive3200_v2\tile_008203,
tile_009087,ok,5.4689,E:\dac_stage1_dpm_predictions_positive3200_v2\tile_009087,
tile_017316,ok,4.6284,E:\dac_stage1_dpm_predictions_positive3200_v2\tile_017316,
tile_025634,ok,4.6837,E:\dac_stage1_dpm_predictions_positive3200_v2\tile_025634,
tile_003341,ok,5.0019,E:\dac_stage1_dpm_predictions_positive3200_v2\tile_003341,
tile_023178,ok,5.5896,E:\dac_stage1_dpm_predictions_positive3200_v2\tile_023178,
tile_026747,ok,4.6236,E:\dac_stage1_dpm_predictions_positive3200_v2\tile_026747,
tile_008625,ok,4.3218,E:\dac_stage1_dpm_predictions_positive3200_v2\tile_008625,
tile_003820,ok,5.7757,E:\dac_stage1_dpm_predictions_positive3200_v2\tile_003820,
tile_004303,ok,4.6969,E:\dac_stage1_dpm_predictions_positive3200_v2\tile_004303,
tile_021033,ok,4.4241,E:\dac_stage1_dpm_predictions_positive3200_v2\tile_021033,
tile_017863,ok,6.412,E:\dac_stage1_dpm_predictions_positive3200_v2\tile_017863,
tile_025913,ok,5.4971,E:\dac_stage1_dpm_predictions_positive3200_v2\tile_025913,
tile_023745,ok,4.9052,E:\dac_stage1_dpm_predictions_positive3200_v2\tile_023745,
tile_006152,ok,5.332,E:\dac_stage1_dpm_predictions_positive3200_v2\tile_006152,
tile_017608,ok,4.0845,E:\dac_stage1_dpm_predictions_positive3200_v2\tile_017608,
tile_002931,ok,4.8605,E:\dac_stage1_dpm_predictions_positive3200_v2\tile_002931,
tile_000248,ok,5.8739,E:\dac_stage1_dpm_predictions_positive3200_v2\tile_000248,
tile_017821,ok,5.1528,E:\dac_stage1_dpm_predictions_positive3200_v2\tile_017821,
tile_002874,ok,4.4157,E:\dac_stage1_dpm_predictions_positive3200_v2\tile_002874,
tile_006700,ok,4.6931,E:\dac_stage1_dpm_predictions_positive3200_v2\tile_006700,
tile_022438,ok,4.9321,E:\dac_stage1_dpm_predictions_positive3200_v2\tile_022438,
tile_006644,ok,4.5629,E:\dac_stage1_dpm_predictions_positive3200_v2\tile_006644,
tile_014945,ok,6.5044,E:\dac_stage1_dpm_predictions_positive3200_v2\tile_014945,
tile_024111,ok,4.827,E:\dac_stage1_dpm_predictions_positive3200_v2\tile_024111,
tile_012122,ok,5.154,E:\dac_stage1_dpm_predictions_positive3200_v2\tile_012122,
tile_023448,ok,4.5691,E:\dac_stage1_dpm_predictions_positive3200_v2\tile_023448,
tile_021775,ok,7.0117,E:\dac_stage1_dpm_predictions_positive3200_v2\tile_021775,
tile_025444,ok,4.3899,E:\dac_stage1_dpm_predictions_positive3200_v2\tile_025444,
tile_005386,ok,4.7663,E:\dac_stage1_dpm_predictions_positive3200_v2\tile_005386,
tile_003876,ok,4.9842,E:\dac_stage1_dpm_predictions_positive3200_v2\tile_003876,
tile_018615,ok,5.0118,E:\dac_stage1_dpm_predictions_positive3200_v2\tile_018615,
tile_014898,ok,5.1337,E:\dac_stage1_dpm_predictions_positive3200_v2\tile_014898,
tile_001522,ok,5.7627,E:\dac_stage1_dpm_predictions_positive3200_v2\tile_001522,
tile_000132,ok,4.5457,E:\dac_stage1_dpm_predictions_positive3200_v2\tile_000132,
tile_005917,ok,4.9618,E:\dac_stage1_dpm_predictions_positive3200_v2\tile_005917,
tile_000792,ok,4.9306,E:\dac_stage1_dpm_predictions_positive3200_v2\tile_000792,
tile_008858,ok,5.0986,E:\dac_stage1_dpm_predictions_positive3200_v2\tile_008858,
tile_012361,ok,6.0809,E:\dac_stage1_dpm_predictions_positive3200_v2\tile_012361,
tile_016736,ok,4.9823,E:\dac_stage1_dpm_predictions_positive3200_v2\tile_016736,
tile_006670,ok,5.7781,E:\dac_stage1_dpm_predictions_positive3200_v2\tile_006670,
tile_006658,ok,5.2795,E:\dac_stage1_dpm_predictions_positive3200_v2\tile_006658,
tile_007713,ok,4.9871,E:\dac_stage1_dpm_predictions_positive3200_v2\tile_007713,
tile_000371,ok,4.5509,E:\dac_stage1_dpm_predictions_positive3200_v2\tile_000371,
tile_018526,ok,5.1746,E:\dac_stage1_dpm_predictions_positive3200_v2\tile_018526,
tile_003139,ok,5.3702,E:\dac_stage1_dpm_predictions_positive3200_v2\tile_003139,
tile_001090,ok,5.6549,E:\dac_stage1_dpm_predictions_positive3200_v2\tile_001090,
tile_017655,ok,5.8348,E:\dac_stage1_dpm_predictions_positive3200_v2\tile_017655,
tile_017678,ok,5.8742,E:\dac_stage1_dpm_predictions_positive3200_v2\tile_017678,
tile_002463,ok,5.8648,E:\dac_stage1_dpm_predictions_positive3200_v2\tile_002463,
tile_023297,ok,5.279,E:\dac_stage1_dpm_predictions_positive3200_v2\tile_023297,
tile_009032,ok,5.2507,E:\dac_stage1_dpm_predictions_positive3200_v2\tile_009032,
tile_008390,ok,5.0555,E:\dac_stage1_dpm_predictions_positive3200_v2\tile_008390,
tile_014019,ok,4.5068,E:\dac_stage1_dpm_predictions_positive3200_v2\tile_014019,
tile_023325,ok,4.8735,E:\dac_stage1_dpm_predictions_positive3200_v2\tile_023325,
tile_018348,ok,6.495,E:\dac_stage1_dpm_predictions_positive3200_v2\tile_018348,
tile_022682,ok,6.0562,E:\dac_stage1_dpm_predictions_positive3200_v2\tile_022682,
tile_000884,ok,5.2349,E:\dac_stage1_dpm_predictions_positive3200_v2\tile_000884,
tile_016386,ok,5.6009,E:\dac_stage1_dpm_predictions_positive3200_v2\tile_016386,
tile_003802,ok,5.2207,E:\dac_stage1_dpm_predictions_positive3200_v2\tile_003802,
tile_026530,ok,4.434,E:\dac_stage1_dpm_predictions_positive3200_v2\tile_026530,
tile_003588,ok,4.8707,E:\dac_stage1_dpm_predictions_positive3200_v2\tile_003588,
tile_006914,ok,4.9555,E:\dac_stage1_dpm_predictions_positive3200_v2\tile_006914,
tile_020015,ok,5.3585,E:\dac_stage1_dpm_predictions_positive3200_v2\tile_020015,
tile_000301,ok,4.8321,E:\dac_stage1_dpm_predictions_positive3200_v2\tile_000301,
tile_006692,ok,4.3107,E:\dac_stage1_dpm_predictions_positive3200_v2\tile_006692,
tile_016687,ok,5.1711,E:\dac_stage1_dpm_predictions_positive3200_v2\tile_016687,
tile_026659,ok,4.676,E:\dac_stage1_dpm_predictions_positive3200_v2\tile_026659,
tile_004087,ok,4.2832,E:\dac_stage1_dpm_predictions_positive3200_v2\tile_004087,
tile_004545,ok,4.8093,E:\dac_stage1_dpm_predictions_positive3200_v2\tile_004545,
tile_006310,ok,5.4536,E:\dac_stage1_dpm_predictions_positive3200_v2\tile_006310,
tile_026114,ok,4.9897,E:\dac_stage1_dpm_predictions_positive3200_v2\tile_026114,
tile_001975,ok,6.1866,E:\dac_stage1_dpm_predictions_positive3200_v2\tile_001975,
tile_007679,ok,4.5857,E:\dac_stage1_dpm_predictions_positive3200_v2\tile_007679,
tile_015967,ok,5.3258,E:\dac_stage1_dpm_predictions_positive3200_v2\tile_015967,
tile_024219,ok,5.2875,E:\dac_stage1_dpm_predictions_positive3200_v2\tile_024219,
tile_020894,ok,4.7888,E:\dac_stage1_dpm_predictions_positive3200_v2\tile_020894,
tile_000179,ok,4.3272,E:\dac_stage1_dpm_predictions_positive3200_v2\tile_000179,
tile_024748,ok,5.1523,E:\dac_stage1_dpm_predictions_positive3200_v2\tile_024748,
tile_016820,ok,5.2049,E:\dac_stage1_dpm_predictions_positive3200_v2\tile_016820,
tile_005933,ok,5.195,E:\dac_stage1_dpm_predictions_positive3200_v2\tile_005933,
tile_027201,ok,4.5822,E:\dac_stage1_dpm_predictions_positive3200_v2\tile_027201,
tile_026293,ok,5.9367,E:\dac_stage1_dpm_predictions_positive3200_v2\tile_026293,
tile_006983,ok,6.3475,E:\dac_stage1_dpm_predictions_positive3200_v2\tile_006983,
tile_017060,ok,5.2601,E:\dac_stage1_dpm_predictions_positive3200_v2\tile_017060,
tile_001630,ok,4.9027,E:\dac_stage1_dpm_predictions_positive3200_v2\tile_001630,
tile_021357,ok,4.6943,E:\dac_stage1_dpm_predictions_positive3200_v2\tile_021357,
tile_022021,ok,5.3571,E:\dac_stage1_dpm_predictions_positive3200_v2\tile_022021,
tile_022762,ok,5.2807,E:\dac_stage1_dpm_predictions_positive3200_v2\tile_022762,
tile_003069,ok,5.8739,E:\dac_stage1_dpm_predictions_positive3200_v2\tile_003069,
tile_008929,ok,5.0056,E:\dac_stage1_dpm_predictions_positive3200_v2\tile_008929,
tile_026204,ok,6.0859,E:\dac_stage1_dpm_predictions_positive3200_v2\tile_026204,
tile_025721,ok,4.8503,E:\dac_stage1_dpm_predictions_positive3200_v2\tile_025721,
tile_017228,ok,4.4686,E:\dac_stage1_dpm_predictions_positive3200_v2\tile_017228,
tile_027248,ok,5.0334,E:\dac_stage1_dpm_predictions_positive3200_v2\tile_027248,
tile_006672,ok,4.8543,E:\dac_stage1_dpm_predictions_positive3200_v2\tile_006672,
tile_009385,ok,4.9162,E:\dac_stage1_dpm_predictions_positive3200_v2\tile_009385,
tile_016555,ok,4.6064,E:\dac_stage1_dpm_predictions_positive3200_v2\tile_016555,
tile_011917,ok,4.7689,E:\dac_stage1_dpm_predictions_positive3200_v2\tile_011917,
tile_012046,ok,5.1479,E:\dac_stage1_dpm_predictions_positive3200_v2\tile_012046,
tile_025440,ok,4.8995,E:\dac_stage1_dpm_predictions_positive3200_v2\tile_025440,
tile_023300,ok,4.6213,E:\dac_stage1_dpm_predictions_positive3200_v2\tile_023300,
tile_000061,ok,4.8858,E:\dac_stage1_dpm_predictions_positive3200_v2\tile_000061,
tile_026668,ok,4.6837,E:\dac_stage1_dpm_predictions_positive3200_v2\tile_026668,
tile_008171,ok,4.8132,E:\dac_stage1_dpm_predictions_positive3200_v2\tile_008171,
tile_018433,ok,4.9669,E:\dac_stage1_dpm_predictions_positive3200_v2\tile_018433,
tile_008436,ok,4.8915,E:\dac_stage1_dpm_predictions_positive3200_v2\tile_008436,
tile_020605,ok,5.0731,E:\dac_stage1_dpm_predictions_positive3200_v2\tile_020605,
tile_007305,ok,4.9527,E:\dac_stage1_dpm_predictions_positive3200_v2\tile_007305,
tile_022565,ok,6.0272,E:\dac_stage1_dpm_predictions_positive3200_v2\tile_022565,
tile_013493,ok,5.2197,E:\dac_stage1_dpm_predictions_positive3200_v2\tile_013493,
tile_017766,ok,4.8075,E:\dac_stage1_dpm_predictions_positive3200_v2\tile_017766,
tile_006113,ok,4.3883,E:\dac_stage1_dpm_predictions_positive3200_v2\tile_006113,
tile_024667,ok,4.9902,E:\dac_stage1_dpm_predictions_positive3200_v2\tile_024667,
tile_018732,ok,5.895,E:\dac_stage1_dpm_predictions_positive3200_v2\tile_018732,
tile_022738,ok,5.0445,E:\dac_stage1_dpm_predictions_positive3200_v2\tile_022738,
tile_008874,ok,4.756,E:\dac_stage1_dpm_predictions_positive3200_v2\tile_008874,
tile_014661,ok,4.5162,E:\dac_stage1_dpm_predictions_positive3200_v2\tile_014661,
tile_018671,ok,4.8925,E:\dac_stage1_dpm_predictions_positive3200_v2\tile_018671,
tile_011211,ok,4.897,E:\dac_stage1_dpm_predictions_positive3200_v2\tile_011211,
tile_012468,ok,4.3029,E:\dac_stage1_dpm_predictions_positive3200_v2\tile_012468,
tile_018365,ok,4.9541,E:\dac_stage1_dpm_predictions_positive3200_v2\tile_018365,
tile_004214,ok,4.5372,E:\dac_stage1_dpm_predictions_positive3200_v2\tile_004214,
tile_000906,ok,4.6797,E:\dac_stage1_dpm_predictions_positive3200_v2\tile_000906,
tile_008684,ok,4.4131,E:\dac_stage1_dpm_predictions_positive3200_v2\tile_008684,
tile_023416,ok,4.8387,E:\dac_stage1_dpm_predictions_positive3200_v2\tile_023416,
tile_017211,ok,5.5341,E:\dac_stage1_dpm_predictions_positive3200_v2\tile_017211,
tile_016385,ok,4.7901,E:\dac_stage1_dpm_predictions_positive3200_v2\tile_016385,
tile_000894,ok,5.0693,E:\dac_stage1_dpm_predictions_positive3200_v2\tile_000894,
tile_008502,ok,4.8578,E:\dac_stage1_dpm_predictions_positive3200_v2\tile_008502,
tile_000190,ok,4.7093,E:\dac_stage1_dpm_predictions_positive3200_v2\tile_000190,
tile_004194,ok,5.8501,E:\dac_stage1_dpm_predictions_positive3200_v2\tile_004194,
tile_009209,ok,4.9144,E:\dac_stage1_dpm_predictions_positive3200_v2\tile_009209,
tile_003710,ok,4.5821,E:\dac_stage1_dpm_predictions_positive3200_v2\tile_003710,
tile_027289,ok,4.8576,E:\dac_stage1_dpm_predictions_positive3200_v2\tile_027289,
tile_027137,ok,6.2501,E:\dac_stage1_dpm_predictions_positive3200_v2\tile_027137,
tile_000666,ok,6.4955,E:\dac_stage1_dpm_predictions_positive3200_v2\tile_000666,
tile_026559,ok,5.1596,E:\dac_stage1_dpm_predictions_positive3200_v2\tile_026559,
tile_002835,ok,5.2368,E:\dac_stage1_dpm_predictions_positive3200_v2\tile_002835,
tile_003983,ok,5.1863,E:\dac_stage1_dpm_predictions_positive3200_v2\tile_003983,
tile_000709,ok,6.1082,E:\dac_stage1_dpm_predictions_positive3200_v2\tile_000709,
tile_013113,ok,5.4396,E:\dac_stage1_dpm_predictions_positive3200_v2\tile_013113,
tile_000234,ok,5.4562,E:\dac_stage1_dpm_predictions_positive3200_v2\tile_000234,
tile_016495,ok,4.6074,E:\dac_stage1_dpm_predictions_positive3200_v2\tile_016495,
tile_008464,ok,4.7385,E:\dac_stage1_dpm_predictions_positive3200_v2\tile_008464,
tile_015013,ok,4.8676,E:\dac_stage1_dpm_predictions_positive3200_v2\tile_015013,
tile_025777,ok,5.2753,E:\dac_stage1_dpm_predictions_positive3200_v2\tile_025777,
tile_006058,ok,5.1996,E:\dac_stage1_dpm_predictions_positive3200_v2\tile_006058,
tile_027024,ok,5.1299,E:\dac_stage1_dpm_predictions_positive3200_v2\tile_027024,
tile_000426,ok,4.5814,E:\dac_stage1_dpm_predictions_positive3200_v2\tile_000426,
tile_007820,ok,4.9163,E:\dac_stage1_dpm_predictions_positive3200_v2\tile_007820,
tile_023651,ok,6.0443,E:\dac_stage1_dpm_predictions_positive3200_v2\tile_023651,
tile_019186,ok,6.6453,E:\dac_stage1_dpm_predictions_positive3200_v2\tile_019186,
tile_027316,ok,4.9105,E:\dac_stage1_dpm_predictions_positive3200_v2\tile_027316,
tile_010665,ok,4.6929,E:\dac_stage1_dpm_predictions_positive3200_v2\tile_010665,
tile_014519,ok,5.0669,E:\dac_stage1_dpm_predictions_positive3200_v2\tile_014519,
tile_004023,ok,7.0135,E:\dac_stage1_dpm_predictions_positive3200_v2\tile_004023,
tile_021926,ok,5.0133,E:\dac_stage1_dpm_predictions_positive3200_v2\tile_021926,
tile_003087,ok,4.987,E:\dac_stage1_dpm_predictions_positive3200_v2\tile_003087,
tile_019575,ok,4.8854,E:\dac_stage1_dpm_predictions_positive3200_v2\tile_019575,
tile_019474,ok,5.1794,E:\dac_stage1_dpm_predictions_positive3200_v2\tile_019474,
tile_021756,ok,5.0666,E:\dac_stage1_dpm_predictions_positive3200_v2\tile_021756,
tile_000056,ok,4.2712,E:\dac_stage1_dpm_predictions_positive3200_v2\tile_000056,
tile_015920,ok,4.9674,E:\dac_stage1_dpm_predictions_positive3200_v2\tile_015920,
tile_025754,ok,5.1683,E:\dac_stage1_dpm_predictions_positive3200_v2\tile_025754,
tile_006970,ok,4.627,E:\dac_stage1_dpm_predictions_positive3200_v2\tile_006970,
tile_010577,ok,4.4529,E:\dac_stage1_dpm_predictions_positive3200_v2\tile_010577,
tile_002299,ok,5.5859,E:\dac_stage1_dpm_predictions_positive3200_v2\tile_002299,
tile_024977,ok,4.8447,E:\dac_stage1_dpm_predictions_positive3200_v2\tile_024977,
tile_026225,ok,7.5988,E:\dac_stage1_dpm_predictions_positive3200_v2\tile_026225,
tile_003488,ok,4.6759,E:\dac_stage1_dpm_predictions_positive3200_v2\tile_003488,
tile_013383,ok,5.0116,E:\dac_stage1_dpm_predictions_positive3200_v2\tile_013383,
tile_018821,ok,5.3884,E:\dac_stage1_dpm_predictions_positive3200_v2\tile_018821,
tile_020359,ok,4.7221,E:\dac_stage1_dpm_predictions_positive3200_v2\tile_020359,
tile_015392,ok,5.1277,E:\dac_stage1_dpm_predictions_positive3200_v2\tile_015392,
tile_017312,ok,4.8548,E:\dac_stage1_dpm_predictions_positive3200_v2\tile_017312,
tile_014494,ok,4.8805,E:\dac_stage1_dpm_predictions_positive3200_v2\tile_014494,
tile_021446,ok,5.148,E:\dac_stage1_dpm_predictions_positive3200_v2\tile_021446,
tile_011319,ok,5.5653,E:\dac_stage1_dpm_predictions_positive3200_v2\tile_011319,
tile_000762,ok,4.6641,E:\dac_stage1_dpm_predictions_positive3200_v2\tile_000762,
tile_010637,ok,5.0995,E:\dac_stage1_dpm_predictions_positive3200_v2\tile_010637,
tile_027064,ok,5.9249,E:\dac_stage1_dpm_predictions_positive3200_v2\tile_027064,
tile_000157,ok,5.0889,E:\dac_stage1_dpm_predictions_positive3200_v2\tile_000157,
tile_026391,ok,5.5645,E:\dac_stage1_dpm_predictions_positive3200_v2\tile_026391,
tile_000519,ok,5.4547,E:\dac_stage1_dpm_predictions_positive3200_v2\tile_000519,
tile_018706,ok,4.7979,E:\dac_stage1_dpm_predictions_positive3200_v2\tile_018706,
tile_002949,ok,4.2392,E:\dac_stage1_dpm_predictions_positive3200_v2\tile_002949,
tile_020140,ok,5.0344,E:\dac_stage1_dpm_predictions_positive3200_v2\tile_020140,
tile_004873,ok,5.7291,E:\dac_stage1_dpm_predictions_positive3200_v2\tile_004873,
tile_023952,ok,4.7791,E:\dac_stage1_dpm_predictions_positive3200_v2\tile_023952,
tile_015420,ok,4.2531,E:\dac_stage1_dpm_predictions_positive3200_v2\tile_015420,
tile_001767,ok,4.9488,E:\dac_stage1_dpm_predictions_positive3200_v2\tile_001767,
tile_025292,ok,5.0607,E:\dac_stage1_dpm_predictions_positive3200_v2\tile_025292,
tile_006803,ok,4.6618,E:\dac_stage1_dpm_predictions_positive3200_v2\tile_006803,
tile_012300,ok,4.2517,E:\dac_stage1_dpm_predictions_positive3200_v2\tile_012300,
tile_027238,ok,5.2176,E:\dac_stage1_dpm_predictions_positive3200_v2\tile_027238,
tile_025503,ok,5.3041,E:\dac_stage1_dpm_predictions_positive3200_v2\tile_025503,
tile_020158,ok,4.9217,E:\dac_stage1_dpm_predictions_positive3200_v2\tile_020158,
tile_020471,ok,4.6113,E:\dac_stage1_dpm_predictions_positive3200_v2\tile_020471,
tile_001801,ok,5.0755,E:\dac_stage1_dpm_predictions_positive3200_v2\tile_001801,
tile_002306,ok,5.0427,E:\dac_stage1_dpm_predictions_positive3200_v2\tile_002306,
tile_008980,ok,4.8444,E:\dac_stage1_dpm_predictions_positive3200_v2\tile_008980,
tile_016392,ok,4.5426,E:\dac_stage1_dpm_predictions_positive3200_v2\tile_016392,
tile_022143,ok,5.1887,E:\dac_stage1_dpm_predictions_positive3200_v2\tile_022143,
tile_006345,ok,5.5267,E:\dac_stage1_dpm_predictions_positive3200_v2\tile_006345,
tile_023343,ok,4.8208,E:\dac_stage1_dpm_predictions_positive3200_v2\tile_023343,
tile_010745,ok,5.6738,E:\dac_stage1_dpm_predictions_positive3200_v2\tile_010745,
tile_003655,ok,5.306,E:\dac_stage1_dpm_predictions_positive3200_v2\tile_003655,
tile_023689,ok,5.1864,E:\dac_stage1_dpm_predictions_positive3200_v2\tile_023689,
tile_025942,ok,4.6168,E:\dac_stage1_dpm_predictions_positive3200_v2\tile_025942,
tile_008131,ok,4.5028,E:\dac_stage1_dpm_predictions_positive3200_v2\tile_008131,
tile_025429,ok,5.053,E:\dac_stage1_dpm_predictions_positive3200_v2\tile_025429,
tile_002526,ok,4.8163,E:\dac_stage1_dpm_predictions_positive3200_v2\tile_002526,
tile_013599,ok,5.0227,E:\dac_stage1_dpm_predictions_positive3200_v2\tile_013599,
tile_025642,ok,4.4918,E:\dac_stage1_dpm_predictions_positive3200_v2\tile_025642,
tile_021320,ok,5.1972,E:\dac_stage1_dpm_predictions_positive3200_v2\tile_021320,
tile_003117,ok,5.4474,E:\dac_stage1_dpm_predictions_positive3200_v2\tile_003117,
tile_017050,ok,5.417,E:\dac_stage1_dpm_predictions_positive3200_v2\tile_017050,
tile_009401,ok,5.6204,E:\dac_stage1_dpm_predictions_positive3200_v2\tile_009401,
tile_020452,ok,4.698,E:\dac_stage1_dpm_predictions_positive3200_v2\tile_020452,
tile_003505,ok,4.5621,E:\dac_stage1_dpm_predictions_positive3200_v2\tile_003505,
tile_000020,ok,5.2467,E:\dac_stage1_dpm_predictions_positive3200_v2\tile_000020,
tile_020550,ok,4.8318,E:\dac_stage1_dpm_predictions_positive3200_v2\tile_020550,
tile_009107,ok,4.611,E:\dac_stage1_dpm_predictions_positive3200_v2\tile_009107,
tile_005238,ok,4.968,E:\dac_stage1_dpm_predictions_positive3200_v2\tile_005238,
tile_012625,ok,5.7033,E:\dac_stage1_dpm_predictions_positive3200_v2\tile_012625,
tile_004063,ok,4.9297,E:\dac_stage1_dpm_predictions_positive3200_v2\tile_004063,
tile_011468,ok,4.6782,E:\dac_stage1_dpm_predictions_positive3200_v2\tile_011468,
tile_021818,ok,5.4505,E:\dac_stage1_dpm_predictions_positive3200_v2\tile_021818,
tile_011646,ok,5.1297,E:\dac_stage1_dpm_predictions_positive3200_v2\tile_011646,
tile_024837,ok,4.51,E:\dac_stage1_dpm_predictions_positive3200_v2\tile_024837,
tile_022023,ok,5.5758,E:\dac_stage1_dpm_predictions_positive3200_v2\tile_022023,
tile_003279,ok,4.9595,E:\dac_stage1_dpm_predictions_positive3200_v2\tile_003279,
tile_002674,ok,5.1592,E:\dac_stage1_dpm_predictions_positive3200_v2\tile_002674,
tile_026986,ok,5.7836,E:\dac_stage1_dpm_predictions_positive3200_v2\tile_026986,
tile_000477,ok,6.6286,E:\dac_stage1_dpm_predictions_positive3200_v2\tile_000477,
tile_025780,ok,5.1705,E:\dac_stage1_dpm_predictions_positive3200_v2\tile_025780,
tile_005615,ok,5.3548,E:\dac_stage1_dpm_predictions_positive3200_v2\tile_005615,
tile_018447,ok,5.8167,E:\dac_stage1_dpm_predictions_positive3200_v2\tile_018447,
tile_021515,ok,5.0045,E:\dac_stage1_dpm_predictions_positive3200_v2\tile_021515,
tile_003535,ok,7.0165,E:\dac_stage1_dpm_predictions_positive3200_v2\tile_003535,
tile_025778,ok,5.6607,E:\dac_stage1_dpm_predictions_positive3200_v2\tile_025778,
tile_002812,ok,5.6239,E:\dac_stage1_dpm_predictions_positive3200_v2\tile_002812,
tile_027182,ok,4.6102,E:\dac_stage1_dpm_predictions_positive3200_v2\tile_027182,
tile_026050,ok,5.1752,E:\dac_stage1_dpm_predictions_positive3200_v2\tile_026050,
tile_022434,ok,5.4153,E:\dac_stage1_dpm_predictions_positive3200_v2\tile_022434,
tile_007351,ok,5.0523,E:\dac_stage1_dpm_predictions_positive3200_v2\tile_007351,
tile_027266,ok,4.8844,E:\dac_stage1_dpm_predictions_positive3200_v2\tile_027266,
tile_006596,ok,4.83,E:\dac_stage1_dpm_predictions_positive3200_v2\tile_006596,
tile_004859,ok,4.5609,E:\dac_stage1_dpm_predictions_positive3200_v2\tile_004859,
tile_008747,ok,5.6716,E:\dac_stage1_dpm_predictions_positive3200_v2\tile_008747,
tile_022482,ok,5.173,E:\dac_stage1_dpm_predictions_positive3200_v2\tile_022482,
tile_003582,ok,4.6714,E:\dac_stage1_dpm_predictions_positive3200_v2\tile_003582,
tile_006661,ok,4.639,E:\dac_stage1_dpm_predictions_positive3200_v2\tile_006661,
tile_002359,ok,4.9176,E:\dac_stage1_dpm_predictions_positive3200_v2\tile_002359,
tile_015094,ok,5.6977,E:\dac_stage1_dpm_predictions_positive3200_v2\tile_015094,
tile_001743,ok,4.924,E:\dac_stage1_dpm_predictions_positive3200_v2\tile_001743,
tile_011239,ok,4.3444,E:\dac_stage1_dpm_predictions_positive3200_v2\tile_011239,
tile_026988,ok,5.1989,E:\dac_stage1_dpm_predictions_positive3200_v2\tile_026988,
tile_000705,ok,5.6818,E:\dac_stage1_dpm_predictions_positive3200_v2\tile_000705,
tile_006601,ok,5.4056,E:\dac_stage1_dpm_predictions_positive3200_v2\tile_006601,
tile_012239,ok,4.8626,E:\dac_stage1_dpm_predictions_positive3200_v2\tile_012239,
tile_019525,ok,4.4954,E:\dac_stage1_dpm_predictions_positive3200_v2\tile_019525,
tile_026422,ok,5.2475,E:\dac_stage1_dpm_predictions_positive3200_v2\tile_026422,
tile_000140,ok,5.5531,E:\dac_stage1_dpm_predictions_positive3200_v2\tile_000140,
tile_002668,ok,5.4172,E:\dac_stage1_dpm_predictions_positive3200_v2\tile_002668,
tile_012200,ok,5.1306,E:\dac_stage1_dpm_predictions_positive3200_v2\tile_012200,
tile_002419,ok,5.3695,E:\dac_stage1_dpm_predictions_positive3200_v2\tile_002419,
tile_015875,ok,4.4081,E:\dac_stage1_dpm_predictions_positive3200_v2\tile_015875,
tile_020373,ok,4.6441,E:\dac_stage1_dpm_predictions_positive3200_v2\tile_020373,
tile_002325,ok,5.1358,E:\dac_stage1_dpm_predictions_positive3200_v2\tile_002325,
tile_012125,ok,4.9673,E:\dac_stage1_dpm_predictions_positive3200_v2\tile_012125,
tile_003745,ok,4.2875,E:\dac_stage1_dpm_predictions_positive3200_v2\tile_003745,
tile_025140,ok,5.0439,E:\dac_stage1_dpm_predictions_positive3200_v2\tile_025140,
tile_006295,ok,4.9213,E:\dac_stage1_dpm_predictions_positive3200_v2\tile_006295,
tile_000285,ok,4.682,E:\dac_stage1_dpm_predictions_positive3200_v2\tile_000285,
tile_012150,ok,5.1422,E:\dac_stage1_dpm_predictions_positive3200_v2\tile_012150,
tile_011844,ok,4.7983,E:\dac_stage1_dpm_predictions_positive3200_v2\tile_011844,
tile_014711,ok,5.1768,E:\dac_stage1_dpm_predictions_positive3200_v2\tile_014711,
tile_025631,ok,4.5978,E:\dac_stage1_dpm_predictions_positive3200_v2\tile_025631,
tile_014954,ok,4.8996,E:\dac_stage1_dpm_predictions_positive3200_v2\tile_014954,
tile_018965,ok,5.8555,E:\dac_stage1_dpm_predictions_positive3200_v2\tile_018965,
tile_000500,ok,5.2943,E:\dac_stage1_dpm_predictions_positive3200_v2\tile_000500,
tile_012686,ok,5.0684,E:\dac_stage1_dpm_predictions_positive3200_v2\tile_012686,
tile_011268,ok,4.6709,E:\dac_stage1_dpm_predictions_positive3200_v2\tile_011268,
tile_023110,ok,4.6572,E:\dac_stage1_dpm_predictions_positive3200_v2\tile_023110,
tile_017304,ok,5.022,E:\dac_stage1_dpm_predictions_positive3200_v2\tile_017304,
tile_004637,ok,4.8143,E:\dac_stage1_dpm_predictions_positive3200_v2\tile_004637,
tile_009236,ok,5.0844,E:\dac_stage1_dpm_predictions_positive3200_v2\tile_009236,
tile_022963,ok,4.5509,E:\dac_stage1_dpm_predictions_positive3200_v2\tile_022963,
tile_006845,ok,5.4496,E:\dac_stage1_dpm_predictions_positive3200_v2\tile_006845,
tile_007591,ok,4.959,E:\dac_stage1_dpm_predictions_positive3200_v2\tile_007591,
tile_015872,ok,4.3502,E:\dac_stage1_dpm_predictions_positive3200_v2\tile_015872,
tile_005268,ok,4.9526,E:\dac_stage1_dpm_predictions_positive3200_v2\tile_005268,
tile_007455,ok,5.6066,E:\dac_stage1_dpm_predictions_positive3200_v2\tile_007455,
tile_000852,ok,5.1339,E:\dac_stage1_dpm_predictions_positive3200_v2\tile_000852,
tile_027350,ok,5.0705,E:\dac_stage1_dpm_predictions_positive3200_v2\tile_027350,
tile_004627,ok,4.5022,E:\dac_stage1_dpm_predictions_positive3200_v2\tile_004627,
tile_017039,ok,5.0134,E:\dac_stage1_dpm_predictions_positive3200_v2\tile_017039,
tile_021294,ok,5.022,E:\dac_stage1_dpm_predictions_positive3200_v2\tile_021294,
tile_000335,ok,5.0052,E:\dac_stage1_dpm_predictions_positive3200_v2\tile_000335,
tile_013091,ok,5.0294,E:\dac_stage1_dpm_predictions_positive3200_v2\tile_013091,
tile_008334,ok,4.959,E:\dac_stage1_dpm_predictions_positive3200_v2\tile_008334,
tile_012650,ok,4.7472,E:\dac_stage1_dpm_predictions_positive3200_v2\tile_012650,
tile_013005,ok,5.7784,E:\dac_stage1_dpm_predictions_positive3200_v2\tile_013005,
tile_025723,ok,4.9192,E:\dac_stage1_dpm_predictions_positive3200_v2\tile_025723,
tile_006665,ok,4.2671,E:\dac_stage1_dpm_predictions_positive3200_v2\tile_006665,
tile_006533,ok,5.2895,E:\dac_stage1_dpm_predictions_positive3200_v2\tile_006533,
tile_025410,ok,5.7237,E:\dac_stage1_dpm_predictions_positive3200_v2\tile_025410,
tile_013249,ok,5.1252,E:\dac_stage1_dpm_predictions_positive3200_v2\tile_013249,
tile_003076,ok,4.9537,E:\dac_stage1_dpm_predictions_positive3200_v2\tile_003076,
tile_025727,ok,4.5263,E:\dac_stage1_dpm_predictions_positive3200_v2\tile_025727,
tile_021868,ok,4.9103,E:\dac_stage1_dpm_predictions_positive3200_v2\tile_021868,
tile_022169,ok,5.3012,E:\dac_stage1_dpm_predictions_positive3200_v2\tile_022169,
tile_003012,ok,5.1665,E:\dac_stage1_dpm_predictions_positive3200_v2\tile_003012,
tile_026389,ok,4.1504,E:\dac_stage1_dpm_predictions_positive3200_v2\tile_026389,
tile_023649,ok,5.7593,E:\dac_stage1_dpm_predictions_positive3200_v2\tile_023649,
tile_008236,ok,4.7273,E:\dac_stage1_dpm_predictions_positive3200_v2\tile_008236,
tile_024163,ok,5.0707,E:\dac_stage1_dpm_predictions_positive3200_v2\tile_024163,
tile_000605,ok,4.8897,E:\dac_stage1_dpm_predictions_positive3200_v2\tile_000605,
tile_020860,ok,5.3885,E:\dac_stage1_dpm_predictions_positive3200_v2\tile_020860,
tile_017051,ok,5.3763,E:\dac_stage1_dpm_predictions_positive3200_v2\tile_017051,
tile_002548,ok,5.2044,E:\dac_stage1_dpm_predictions_positive3200_v2\tile_002548,
tile_019071,ok,4.2231,E:\dac_stage1_dpm_predictions_positive3200_v2\tile_019071,
tile_014602,ok,4.7922,E:\dac_stage1_dpm_predictions_positive3200_v2\tile_014602,
tile_011166,ok,6.4657,E:\dac_stage1_dpm_predictions_positive3200_v2\tile_011166,
tile_016734,ok,5.3418,E:\dac_stage1_dpm_predictions_positive3200_v2\tile_016734,
tile_009053,ok,4.496,E:\dac_stage1_dpm_predictions_positive3200_v2\tile_009053,
tile_020970,ok,5.0046,E:\dac_stage1_dpm_predictions_positive3200_v2\tile_020970,
tile_025354,ok,6.4581,E:\dac_stage1_dpm_predictions_positive3200_v2\tile_025354,
tile_012028,ok,6.146,E:\dac_stage1_dpm_predictions_positive3200_v2\tile_012028,
tile_009067,ok,4.8623,E:\dac_stage1_dpm_predictions_positive3200_v2\tile_009067,
tile_025902,ok,4.7871,E:\dac_stage1_dpm_predictions_positive3200_v2\tile_025902,
tile_000242,ok,4.9938,E:\dac_stage1_dpm_predictions_positive3200_v2\tile_000242,
tile_021078,ok,4.9583,E:\dac_stage1_dpm_predictions_positive3200_v2\tile_021078,
tile_027325,ok,4.6059,E:\dac_stage1_dpm_predictions_positive3200_v2\tile_027325,
tile_015429,ok,4.5179,E:\dac_stage1_dpm_predictions_positive3200_v2\tile_015429,
tile_015835,ok,5.3039,E:\dac_stage1_dpm_predictions_positive3200_v2\tile_015835,
tile_017234,ok,5.625,E:\dac_stage1_dpm_predictions_positive3200_v2\tile_017234,
tile_026889,ok,5.6952,E:\dac_stage1_dpm_predictions_positive3200_v2\tile_026889,
tile_007626,ok,4.8474,E:\dac_stage1_dpm_predictions_positive3200_v2\tile_007626,
tile_008238,ok,4.9946,E:\dac_stage1_dpm_predictions_positive3200_v2\tile_008238,
tile_003629,ok,5.0626,E:\dac_stage1_dpm_predictions_positive3200_v2\tile_003629,
tile_007217,ok,5.2174,E:\dac_stage1_dpm_predictions_positive3200_v2\tile_007217,
tile_013370,ok,4.1926,E:\dac_stage1_dpm_predictions_positive3200_v2\tile_013370,
tile_000518,ok,5.1602,E:\dac_stage1_dpm_predictions_positive3200_v2\tile_000518,
tile_005706,ok,4.8275,E:\dac_stage1_dpm_predictions_positive3200_v2\tile_005706,
tile_011210,ok,4.6426,E:\dac_stage1_dpm_predictions_positive3200_v2\tile_011210,
tile_025621,ok,4.3654,E:\dac_stage1_dpm_predictions_positive3200_v2\tile_025621,
tile_003042,ok,5.2075,E:\dac_stage1_dpm_predictions_positive3200_v2\tile_003042,
tile_008186,ok,5.0285,E:\dac_stage1_dpm_predictions_positive3200_v2\tile_008186,
tile_003049,ok,5.659,E:\dac_stage1_dpm_predictions_positive3200_v2\tile_003049,
tile_007495,ok,4.5013,E:\dac_stage1_dpm_predictions_positive3200_v2\tile_007495,
tile_023390,ok,4.764,E:\dac_stage1_dpm_predictions_positive3200_v2\tile_023390,
tile_008584,ok,5.1795,E:\dac_stage1_dpm_predictions_positive3200_v2\tile_008584,
tile_027074,ok,4.8654,E:\dac_stage1_dpm_predictions_positive3200_v2\tile_027074,
tile_002919,ok,5.6495,E:\dac_stage1_dpm_predictions_positive3200_v2\tile_002919,
tile_020160,ok,5.0441,E:\dac_stage1_dpm_predictions_positive3200_v2\tile_020160,
tile_023427,ok,4.8996,E:\dac_stage1_dpm_predictions_positive3200_v2\tile_023427,
tile_015115,ok,4.3949,E:\dac_stage1_dpm_predictions_positive3200_v2\tile_015115,
tile_012952,ok,4.8885,E:\dac_stage1_dpm_predictions_positive3200_v2\tile_012952,
tile_017687,ok,4.6303,E:\dac_stage1_dpm_predictions_positive3200_v2\tile_017687,
tile_017224,ok,4.6552,E:\dac_stage1_dpm_predictions_positive3200_v2\tile_017224,
tile_002239,ok,4.2748,E:\dac_stage1_dpm_predictions_positive3200_v2\tile_002239,
tile_008694,ok,4.8227,E:\dac_stage1_dpm_predictions_positive3200_v2\tile_008694,
tile_009105,ok,5.0437,E:\dac_stage1_dpm_predictions_positive3200_v2\tile_009105,
tile_013512,ok,5.0139,E:\dac_stage1_dpm_predictions_positive3200_v2\tile_013512,
tile_024048,ok,5.4373,E:\dac_stage1_dpm_predictions_positive3200_v2\tile_024048,
tile_023945,ok,4.7705,E:\dac_stage1_dpm_predictions_positive3200_v2\tile_023945,
tile_015333,ok,4.7904,E:\dac_stage1_dpm_predictions_positive3200_v2\tile_015333,
tile_009157,ok,5.0813,E:\dac_stage1_dpm_predictions_positive3200_v2\tile_009157,
tile_013404,ok,4.5095,E:\dac_stage1_dpm_predictions_positive3200_v2\tile_013404,
tile_006884,ok,4.0667,E:\dac_stage1_dpm_predictions_positive3200_v2\tile_006884,
tile_026453,ok,5.2313,E:\dac_stage1_dpm_predictions_positive3200_v2\tile_026453,
tile_026807,ok,5.482,E:\dac_stage1_dpm_predictions_positive3200_v2\tile_026807,
tile_004481,ok,4.5254,E:\dac_stage1_dpm_predictions_positive3200_v2\tile_004481,
tile_001480,ok,4.266,E:\dac_stage1_dpm_predictions_positive3200_v2\tile_001480,
tile_009027,ok,5.0562,E:\dac_stage1_dpm_predictions_positive3200_v2\tile_009027,
tile_021568,ok,4.8668,E:\dac_stage1_dpm_predictions_positive3200_v2\tile_021568,
tile_025704,ok,4.8684,E:\dac_stage1_dpm_predictions_positive3200_v2\tile_025704,
tile_021846,ok,4.7272,E:\dac_stage1_dpm_predictions_positive3200_v2\tile_021846,
tile_013445,ok,5.0176,E:\dac_stage1_dpm_predictions_positive3200_v2\tile_013445,
tile_014699,ok,4.5746,E:\dac_stage1_dpm_predictions_positive3200_v2\tile_014699,
tile_023076,ok,5.7152,E:\dac_stage1_dpm_predictions_positive3200_v2\tile_023076,
tile_006115,ok,4.7446,E:\dac_stage1_dpm_predictions_positive3200_v2\tile_006115,
tile_005062,ok,5.3658,E:\dac_stage1_dpm_predictions_positive3200_v2\tile_005062,
tile_000284,ok,5.3745,E:\dac_stage1_dpm_predictions_positive3200_v2\tile_000284,
tile_012349,ok,4.9752,E:\dac_stage1_dpm_predictions_positive3200_v2\tile_012349,
tile_008348,ok,4.7041,E:\dac_stage1_dpm_predictions_positive3200_v2\tile_008348,
tile_014079,ok,4.7288,E:\dac_stage1_dpm_predictions_positive3200_v2\tile_014079,
tile_026515,ok,5.3927,E:\dac_stage1_dpm_predictions_positive3200_v2\tile_026515,
tile_015969,ok,4.9321,E:\dac_stage1_dpm_predictions_positive3200_v2\tile_015969,
tile_012655,ok,4.6023,E:\dac_stage1_dpm_predictions_positive3200_v2\tile_012655,
tile_025916,ok,4.3818,E:\dac_stage1_dpm_predictions_positive3200_v2\tile_025916,
tile_026348,ok,5.1069,E:\dac_stage1_dpm_predictions_positive3200_v2\tile_026348,
tile_018598,ok,5.0131,E:\dac_stage1_dpm_predictions_positive3200_v2\tile_018598,
tile_021711,ok,5.3772,E:\dac_stage1_dpm_predictions_positive3200_v2\tile_021711,
tile_021212,ok,4.236,E:\dac_stage1_dpm_predictions_positive3200_v2\tile_021212,
tile_017290,ok,5.5846,E:\dac_stage1_dpm_predictions_positive3200_v2\tile_017290,
tile_016929,ok,5.1578,E:\dac_stage1_dpm_predictions_positive3200_v2\tile_016929,
tile_000668,ok,4.916,E:\dac_stage1_dpm_predictions_positive3200_v2\tile_000668,
tile_012873,ok,5.0035,E:\dac_stage1_dpm_predictions_positive3200_v2\tile_012873,
tile_015880,ok,4.1346,E:\dac_stage1_dpm_predictions_positive3200_v2\tile_015880,
tile_000858,ok,5.0312,E:\dac_stage1_dpm_predictions_positive3200_v2\tile_000858,
tile_025954,ok,5.5038,E:\dac_stage1_dpm_predictions_positive3200_v2\tile_025954,
tile_023688,ok,4.9766,E:\dac_stage1_dpm_predictions_positive3200_v2\tile_023688,
tile_003041,ok,6.3824,E:\dac_stage1_dpm_predictions_positive3200_v2\tile_003041,
tile_018032,ok,4.5098,E:\dac_stage1_dpm_predictions_positive3200_v2\tile_018032,
tile_006245,ok,4.5062,E:\dac_stage1_dpm_predictions_positive3200_v2\tile_006245,
tile_025936,ok,5.2269,E:\dac_stage1_dpm_predictions_positive3200_v2\tile_025936,
tile_022497,ok,4.738,E:\dac_stage1_dpm_predictions_positive3200_v2\tile_022497,
tile_003568,ok,4.2664,E:\dac_stage1_dpm_predictions_positive3200_v2\tile_003568,
tile_018194,ok,5.8025,E:\dac_stage1_dpm_predictions_positive3200_v2\tile_018194,
tile_022797,ok,4.6527,E:\dac_stage1_dpm_predictions_positive3200_v2\tile_022797,
tile_004351,ok,5.2939,E:\dac_stage1_dpm_predictions_positive3200_v2\tile_004351,
tile_019444,ok,5.2525,E:\dac_stage1_dpm_predictions_positive3200_v2\tile_019444,
tile_010507,ok,5.0366,E:\dac_stage1_dpm_predictions_positive3200_v2\tile_010507,
tile_025018,ok,4.6099,E:\dac_stage1_dpm_predictions_positive3200_v2\tile_025018,
tile_024540,ok,5.2554,E:\dac_stage1_dpm_predictions_positive3200_v2\tile_024540,
tile_002061,ok,5.0513,E:\dac_stage1_dpm_predictions_positive3200_v2\tile_002061,
tile_017106,ok,5.8781,E:\dac_stage1_dpm_predictions_positive3200_v2\tile_017106,
tile_015106,ok,6.0337,E:\dac_stage1_dpm_predictions_positive3200_v2\tile_015106,
tile_026646,ok,4.486,E:\dac_stage1_dpm_predictions_positive3200_v2\tile_026646,
tile_010756,ok,4.5464,E:\dac_stage1_dpm_predictions_positive3200_v2\tile_010756,
tile_024402,ok,4.9497,E:\dac_stage1_dpm_predictions_positive3200_v2\tile_024402,
tile_017631,ok,5.0532,E:\dac_stage1_dpm_predictions_positive3200_v2\tile_017631,
tile_002681,ok,5.0264,E:\dac_stage1_dpm_predictions_positive3200_v2\tile_002681,
tile_020211,ok,5.4683,E:\dac_stage1_dpm_predictions_positive3200_v2\tile_020211,
tile_012575,ok,4.303,E:\dac_stage1_dpm_predictions_positive3200_v2\tile_012575,
tile_011797,ok,4.9198,E:\dac_stage1_dpm_predictions_positive3200_v2\tile_011797,
tile_012939,ok,4.5778,E:\dac_stage1_dpm_predictions_positive3200_v2\tile_012939,
tile_010623,ok,4.3036,E:\dac_stage1_dpm_predictions_positive3200_v2\tile_010623,
tile_009373,ok,4.8828,E:\dac_stage1_dpm_predictions_positive3200_v2\tile_009373,
tile_021933,ok,5.0842,E:\dac_stage1_dpm_predictions_positive3200_v2\tile_021933,
tile_024077,ok,4.975,E:\dac_stage1_dpm_predictions_positive3200_v2\tile_024077,
tile_016700,ok,4.5163,E:\dac_stage1_dpm_predictions_positive3200_v2\tile_016700,
tile_000009,ok,5.3395,E:\dac_stage1_dpm_predictions_positive3200_v2\tile_000009,
tile_016712,ok,5.0981,E:\dac_stage1_dpm_predictions_positive3200_v2\tile_016712,
tile_003033,ok,4.6559,E:\dac_stage1_dpm_predictions_positive3200_v2\tile_003033,
tile_003427,ok,4.783,E:\dac_stage1_dpm_predictions_positive3200_v2\tile_003427,
tile_022213,ok,4.8657,E:\dac_stage1_dpm_predictions_positive3200_v2\tile_022213,
tile_019104,ok,5.0792,E:\dac_stage1_dpm_predictions_positive3200_v2\tile_019104,
tile_023652,ok,4.4661,E:\dac_stage1_dpm_predictions_positive3200_v2\tile_023652,
tile_002911,ok,4.6641,E:\dac_stage1_dpm_predictions_positive3200_v2\tile_002911,
tile_002414,ok,5.1814,E:\dac_stage1_dpm_predictions_positive3200_v2\tile_002414,
tile_011184,ok,5.7843,E:\dac_stage1_dpm_predictions_positive3200_v2\tile_011184,
tile_016875,ok,5.4507,E:\dac_stage1_dpm_predictions_positive3200_v2\tile_016875,
tile_002308,ok,4.7913,E:\dac_stage1_dpm_predictions_positive3200_v2\tile_002308,
tile_003324,ok,4.4685,E:\dac_stage1_dpm_predictions_positive3200_v2\tile_003324,
tile_004530,ok,5.1183,E:\dac_stage1_dpm_predictions_positive3200_v2\tile_004530,
tile_006416,ok,4.9702,E:\dac_stage1_dpm_predictions_positive3200_v2\tile_006416,
tile_026432,ok,5.1534,E:\dac_stage1_dpm_predictions_positive3200_v2\tile_026432,
tile_019024,ok,4.8895,E:\dac_stage1_dpm_predictions_positive3200_v2\tile_019024,
tile_002743,ok,4.7348,E:\dac_stage1_dpm_predictions_positive3200_v2\tile_002743,
tile_001986,ok,5.1532,E:\dac_stage1_dpm_predictions_positive3200_v2\tile_001986,
tile_011657,ok,4.4304,E:\dac_stage1_dpm_predictions_positive3200_v2\tile_011657,
tile_012906,ok,4.7377,E:\dac_stage1_dpm_predictions_positive3200_v2\tile_012906,
tile_013860,ok,4.7916,E:\dac_stage1_dpm_predictions_positive3200_v2\tile_013860,
tile_006606,ok,5.0036,E:\dac_stage1_dpm_predictions_positive3200_v2\tile_006606,
tile_016103,ok,5.032,E:\dac_stage1_dpm_predictions_positive3200_v2\tile_016103,
tile_026948,ok,5.0095,E:\dac_stage1_dpm_predictions_positive3200_v2\tile_026948,
tile_006548,ok,5.3298,E:\dac_stage1_dpm_predictions_positive3200_v2\tile_006548,
tile_003400,ok,4.9558,E:\dac_stage1_dpm_predictions_positive3200_v2\tile_003400,
tile_023790,ok,6.5015,E:\dac_stage1_dpm_predictions_positive3200_v2\tile_023790,
tile_011346,ok,5.3957,E:\dac_stage1_dpm_predictions_positive3200_v2\tile_011346,
tile_012532,ok,4.651,E:\dac_stage1_dpm_predictions_positive3200_v2\tile_012532,
tile_007560,ok,4.8974,E:\dac_stage1_dpm_predictions_positive3200_v2\tile_007560,
tile_018697,ok,4.8845,E:\dac_stage1_dpm_predictions_positive3200_v2\tile_018697,
tile_026687,ok,5.018,E:\dac_stage1_dpm_predictions_positive3200_v2\tile_026687,
tile_004393,ok,5.0943,E:\dac_stage1_dpm_predictions_positive3200_v2\tile_004393,
tile_013327,ok,5.7126,E:\dac_stage1_dpm_predictions_positive3200_v2\tile_013327,
tile_001200,ok,4.4987,E:\dac_stage1_dpm_predictions_positive3200_v2\tile_001200,
tile_009080,ok,4.576,E:\dac_stage1_dpm_predictions_positive3200_v2\tile_009080,
tile_006721,ok,5.4745,E:\dac_stage1_dpm_predictions_positive3200_v2\tile_006721,
tile_027019,ok,4.8675,E:\dac_stage1_dpm_predictions_positive3200_v2\tile_027019,
tile_004953,ok,4.6748,E:\dac_stage1_dpm_predictions_positive3200_v2\tile_004953,
tile_027242,ok,4.2185,E:\dac_stage1_dpm_predictions_positive3200_v2\tile_027242,
tile_011100,ok,5.5974,E:\dac_stage1_dpm_predictions_positive3200_v2\tile_011100,
tile_000298,ok,4.7991,E:\dac_stage1_dpm_predictions_positive3200_v2\tile_000298,
tile_024444,ok,4.7195,E:\dac_stage1_dpm_predictions_positive3200_v2\tile_024444,
tile_019957,ok,4.6692,E:\dac_stage1_dpm_predictions_positive3200_v2\tile_019957,
tile_021266,ok,5.4316,E:\dac_stage1_dpm_predictions_positive3200_v2\tile_021266,
tile_011282,ok,4.9698,E:\dac_stage1_dpm_predictions_positive3200_v2\tile_011282,
tile_006849,ok,5.362,E:\dac_stage1_dpm_predictions_positive3200_v2\tile_006849,
tile_002962,ok,5.04,E:\dac_stage1_dpm_predictions_positive3200_v2\tile_002962,
tile_005455,ok,5.3197,E:\dac_stage1_dpm_predictions_positive3200_v2\tile_005455,
tile_009015,ok,5.0517,E:\dac_stage1_dpm_predictions_positive3200_v2\tile_009015,
tile_001203,ok,4.9789,E:\dac_stage1_dpm_predictions_positive3200_v2\tile_001203,
tile_017475,ok,4.5972,E:\dac_stage1_dpm_predictions_positive3200_v2\tile_017475,
tile_022216,ok,4.2529,E:\dac_stage1_dpm_predictions_positive3200_v2\tile_022216,
tile_003024,ok,5.2289,E:\dac_stage1_dpm_predictions_positive3200_v2\tile_003024,
tile_024302,ok,5.3216,E:\dac_stage1_dpm_predictions_positive3200_v2\tile_024302,
tile_006656,ok,5.2712,E:\dac_stage1_dpm_predictions_positive3200_v2\tile_006656,
tile_017105,ok,4.8459,E:\dac_stage1_dpm_predictions_positive3200_v2\tile_017105,
tile_020442,ok,4.5591,E:\dac_stage1_dpm_predictions_positive3200_v2\tile_020442,
tile_023301,ok,5.1798,E:\dac_stage1_dpm_predictions_positive3200_v2\tile_023301,
tile_021099,ok,5.2912,E:\dac_stage1_dpm_predictions_positive3200_v2\tile_021099,
tile_013567,ok,5.1312,E:\dac_stage1_dpm_predictions_positive3200_v2\tile_013567,
tile_003044,ok,4.5512,E:\dac_stage1_dpm_predictions_positive3200_v2\tile_003044,
tile_012293,ok,4.5295,E:\dac_stage1_dpm_predictions_positive3200_v2\tile_012293,
tile_010787,ok,5.2347,E:\dac_stage1_dpm_predictions_positive3200_v2\tile_010787,
tile_012680,ok,4.9932,E:\dac_stage1_dpm_predictions_positive3200_v2\tile_012680,
tile_006978,ok,4.1204,E:\dac_stage1_dpm_predictions_positive3200_v2\tile_006978,
tile_003278,ok,5.0052,E:\dac_stage1_dpm_predictions_positive3200_v2\tile_003278,
tile_018450,ok,4.958,E:\dac_stage1_dpm_predictions_positive3200_v2\tile_018450,
tile_026570,ok,4.8013,E:\dac_stage1_dpm_predictions_positive3200_v2\tile_026570,
tile_003310,ok,4.614,E:\dac_stage1_dpm_predictions_positive3200_v2\tile_003310,
tile_026918,ok,4.8507,E:\dac_stage1_dpm_predictions_positive3200_v2\tile_026918,
tile_016136,ok,5.5349,E:\dac_stage1_dpm_predictions_positive3200_v2\tile_016136,
tile_025263,ok,4.9816,E:\dac_stage1_dpm_predictions_positive3200_v2\tile_025263,
tile_002110,ok,5.1145,E:\dac_stage1_dpm_predictions_positive3200_v2\tile_002110,
tile_022972,ok,4.182,E:\dac_stage1_dpm_predictions_positive3200_v2\tile_022972,
tile_026763,ok,5.2012,E:\dac_stage1_dpm_predictions_positive3200_v2\tile_026763,
tile_006730,ok,5.4718,E:\dac_stage1_dpm_predictions_positive3200_v2\tile_006730,
tile_016829,ok,4.8966,E:\dac_stage1_dpm_predictions_positive3200_v2\tile_016829,
tile_025917,ok,5.0032,E:\dac_stage1_dpm_predictions_positive3200_v2\tile_025917,
tile_003052,ok,4.4853,E:\dac_stage1_dpm_predictions_positive3200_v2\tile_003052,
tile_001533,ok,5.056,E:\dac_stage1_dpm_predictions_positive3200_v2\tile_001533,
tile_006909,ok,5.069,E:\dac_stage1_dpm_predictions_positive3200_v2\tile_006909,
tile_023453,ok,4.8445,E:\dac_stage1_dpm_predictions_positive3200_v2\tile_023453,
tile_025268,ok,4.3106,E:\dac_stage1_dpm_predictions_positive3200_v2\tile_025268,
tile_009077,ok,5.069,E:\dac_stage1_dpm_predictions_positive3200_v2\tile_009077,
tile_024426,ok,4.9091,E:\dac_stage1_dpm_predictions_positive3200_v2\tile_024426,
tile_022277,ok,4.9383,E:\dac_stage1_dpm_predictions_positive3200_v2\tile_022277,
tile_006750,ok,4.5437,E:\dac_stage1_dpm_predictions_positive3200_v2\tile_006750,
tile_016719,ok,4.9476,E:\dac_stage1_dpm_predictions_positive3200_v2\tile_016719,
tile_007063,ok,5.0615,E:\dac_stage1_dpm_predictions_positive3200_v2\tile_007063,
tile_004890,ok,5.3905,E:\dac_stage1_dpm_predictions_positive3200_v2\tile_004890,
tile_000224,ok,5.5717,E:\dac_stage1_dpm_predictions_positive3200_v2\tile_000224,
tile_000708,ok,5.4965,E:\dac_stage1_dpm_predictions_positive3200_v2\tile_000708,
tile_005248,ok,5.5969,E:\dac_stage1_dpm_predictions_positive3200_v2\tile_005248,
tile_004187,ok,4.8465,E:\dac_stage1_dpm_predictions_positive3200_v2\tile_004187,
tile_000133,ok,4.4817,E:\dac_stage1_dpm_predictions_positive3200_v2\tile_000133,
tile_025643,ok,4.9264,E:\dac_stage1_dpm_predictions_positive3200_v2\tile_025643,
tile_026558,ok,4.9734,E:\dac_stage1_dpm_predictions_positive3200_v2\tile_026558,
tile_006523,ok,5.0806,E:\dac_stage1_dpm_predictions_positive3200_v2\tile_006523,
tile_020867,ok,4.4043,E:\dac_stage1_dpm_predictions_positive3200_v2\tile_020867,
tile_009075,ok,5.0117,E:\dac_stage1_dpm_predictions_positive3200_v2\tile_009075,
tile_019974,ok,5.9316,E:\dac_stage1_dpm_predictions_positive3200_v2\tile_019974,
tile_021434,ok,5.1954,E:\dac_stage1_dpm_predictions_positive3200_v2\tile_021434,
tile_005750,ok,7.128,E:\dac_stage1_dpm_predictions_positive3200_v2\tile_005750,
tile_022196,ok,5.3556,E:\dac_stage1_dpm_predictions_positive3200_v2\tile_022196,
tile_012242,ok,5.0646,E:\dac_stage1_dpm_predictions_positive3200_v2\tile_012242,
tile_003236,ok,4.84,E:\dac_stage1_dpm_predictions_positive3200_v2\tile_003236,
tile_012760,ok,4.5198,E:\dac_stage1_dpm_predictions_positive3200_v2\tile_012760,
tile_027268,ok,5.1249,E:\dac_stage1_dpm_predictions_positive3200_v2\tile_027268,
tile_018233,ok,5.6243,E:\dac_stage1_dpm_predictions_positive3200_v2\tile_018233,
tile_008234,ok,5.273,E:\dac_stage1_dpm_predictions_positive3200_v2\tile_008234,
tile_008857,ok,5.2638,E:\dac_stage1_dpm_predictions_positive3200_v2\tile_008857,
tile_005151,ok,4.9999,E:\dac_stage1_dpm_predictions_positive3200_v2\tile_005151,
tile_017240,ok,5.3647,E:\dac_stage1_dpm_predictions_positive3200_v2\tile_017240,
tile_015934,ok,4.3912,E:\dac_stage1_dpm_predictions_positive3200_v2\tile_015934,
tile_024972,ok,4.9264,E:\dac_stage1_dpm_predictions_positive3200_v2\tile_024972,
tile_015583,ok,4.9466,E:\dac_stage1_dpm_predictions_positive3200_v2\tile_015583,
tile_002700,ok,5.1049,E:\dac_stage1_dpm_predictions_positive3200_v2\tile_002700,
tile_013460,ok,4.4141,E:\dac_stage1_dpm_predictions_positive3200_v2\tile_013460,
tile_007484,ok,5.0694,E:\dac_stage1_dpm_predictions_positive3200_v2\tile_007484,
tile_011250,ok,5.8115,E:\dac_stage1_dpm_predictions_positive3200_v2\tile_011250,
tile_018321,ok,4.9254,E:\dac_stage1_dpm_predictions_positive3200_v2\tile_018321,
tile_002927,ok,4.9627,E:\dac_stage1_dpm_predictions_positive3200_v2\tile_002927,
tile_015523,ok,4.3583,E:\dac_stage1_dpm_predictions_positive3200_v2\tile_015523,
tile_002497,ok,5.1467,E:\dac_stage1_dpm_predictions_positive3200_v2\tile_002497,
tile_000010,ok,5.0986,E:\dac_stage1_dpm_predictions_positive3200_v2\tile_000010,
tile_018573,ok,4.3403,E:\dac_stage1_dpm_predictions_positive3200_v2\tile_018573,
tile_000932,ok,4.619,E:\dac_stage1_dpm_predictions_positive3200_v2\tile_000932,
tile_014338,ok,4.9314,E:\dac_stage1_dpm_predictions_positive3200_v2\tile_014338,
tile_024871,ok,5.0504,E:\dac_stage1_dpm_predictions_positive3200_v2\tile_024871,
tile_006759,ok,4.3477,E:\dac_stage1_dpm_predictions_positive3200_v2\tile_006759,
tile_022823,ok,4.7717,E:\dac_stage1_dpm_predictions_positive3200_v2\tile_022823,
tile_018836,ok,4.5736,E:\dac_stage1_dpm_predictions_positive3200_v2\tile_018836,
tile_017279,ok,4.9529,E:\dac_stage1_dpm_predictions_positive3200_v2\tile_017279,
tile_001396,ok,3.9998,E:\dac_stage1_dpm_predictions_positive3200_v2\tile_001396,
tile_002901,ok,6.6126,E:\dac_stage1_dpm_predictions_positive3200_v2\tile_002901,
tile_006748,ok,4.8141,E:\dac_stage1_dpm_predictions_positive3200_v2\tile_006748,
tile_008875,ok,5.037,E:\dac_stage1_dpm_predictions_positive3200_v2\tile_008875,
tile_019031,ok,4.5036,E:\dac_stage1_dpm_predictions_positive3200_v2\tile_019031,
tile_012412,ok,4.8069,E:\dac_stage1_dpm_predictions_positive3200_v2\tile_012412,
tile_008425,ok,5.2567,E:\dac_stage1_dpm_predictions_positive3200_v2\tile_008425,
tile_023430,ok,5.5337,E:\dac_stage1_dpm_predictions_positive3200_v2\tile_023430,
tile_016340,ok,5.2736,E:\dac_stage1_dpm_predictions_positive3200_v2\tile_016340,
tile_007551,ok,5.8637,E:\dac_stage1_dpm_predictions_positive3200_v2\tile_007551,
tile_019875,ok,5.0166,E:\dac_stage1_dpm_predictions_positive3200_v2\tile_019875,
tile_024969,ok,4.8479,E:\dac_stage1_dpm_predictions_positive3200_v2\tile_024969,
tile_007879,ok,4.5657,E:\dac_stage1_dpm_predictions_positive3200_v2\tile_007879,
tile_000790,ok,4.9078,E:\dac_stage1_dpm_predictions_positive3200_v2\tile_000790,
tile_015360,ok,4.7179,E:\dac_stage1_dpm_predictions_positive3200_v2\tile_015360,
tile_003272,ok,4.3366,E:\dac_stage1_dpm_predictions_positive3200_v2\tile_003272,
tile_012591,ok,4.3074,E:\dac_stage1_dpm_predictions_positive3200_v2\tile_012591,
tile_023019,ok,4.7898,E:\dac_stage1_dpm_predictions_positive3200_v2\tile_023019,
tile_006299,ok,5.0555,E:\dac_stage1_dpm_predictions_positive3200_v2\tile_006299,
tile_020881,ok,5.0514,E:\dac_stage1_dpm_predictions_positive3200_v2\tile_020881,
tile_008972,ok,5.0127,E:\dac_stage1_dpm_predictions_positive3200_v2\tile_008972,
tile_018399,ok,4.4865,E:\dac_stage1_dpm_predictions_positive3200_v2\tile_018399,
tile_015116,ok,4.3013,E:\dac_stage1_dpm_predictions_positive3200_v2\tile_015116,
tile_022131,ok,5.1026,E:\dac_stage1_dpm_predictions_positive3200_v2\tile_022131,
tile_021302,ok,5.1217,E:\dac_stage1_dpm_predictions_positive3200_v2\tile_021302,
tile_005040,ok,4.8628,E:\dac_stage1_dpm_predictions_positive3200_v2\tile_005040,
tile_019316,ok,4.4947,E:\dac_stage1_dpm_predictions_positive3200_v2\tile_019316,
tile_002352,ok,5.379,E:\dac_stage1_dpm_predictions_positive3200_v2\tile_002352,
tile_021189,ok,5.418,E:\dac_stage1_dpm_predictions_positive3200_v2\tile_021189,
tile_023410,ok,5.4068,E:\dac_stage1_dpm_predictions_positive3200_v2\tile_023410,
tile_006524,ok,5.7755,E:\dac_stage1_dpm_predictions_positive3200_v2\tile_006524,
tile_027273,ok,4.7711,E:\dac_stage1_dpm_predictions_positive3200_v2\tile_027273,
tile_002326,ok,4.0477,E:\dac_stage1_dpm_predictions_positive3200_v2\tile_002326,
tile_011445,ok,5.6197,E:\dac_stage1_dpm_predictions_positive3200_v2\tile_011445,
tile_004629,ok,4.9664,E:\dac_stage1_dpm_predictions_positive3200_v2\tile_004629,
tile_024132,ok,5.0476,E:\dac_stage1_dpm_predictions_positive3200_v2\tile_024132,
tile_011199,ok,4.9132,E:\dac_stage1_dpm_predictions_positive3200_v2\tile_011199,
tile_015976,ok,5.8093,E:\dac_stage1_dpm_predictions_positive3200_v2\tile_015976,
tile_003343,ok,5.0719,E:\dac_stage1_dpm_predictions_positive3200_v2\tile_003343,
tile_023163,ok,5.1047,E:\dac_stage1_dpm_predictions_positive3200_v2\tile_023163,
tile_019670,ok,5.4891,E:\dac_stage1_dpm_predictions_positive3200_v2\tile_019670,
tile_026236,ok,4.0617,E:\dac_stage1_dpm_predictions_positive3200_v2\tile_026236,
tile_025102,ok,5.0672,E:\dac_stage1_dpm_predictions_positive3200_v2\tile_025102,
tile_025912,ok,4.9657,E:\dac_stage1_dpm_predictions_positive3200_v2\tile_025912,
tile_020306,ok,4.8302,E:\dac_stage1_dpm_predictions_positive3200_v2\tile_020306,
tile_025067,ok,4.4528,E:\dac_stage1_dpm_predictions_positive3200_v2\tile_025067,
tile_004250,ok,4.8956,E:\dac_stage1_dpm_predictions_positive3200_v2\tile_004250,
tile_002997,ok,4.9894,E:\dac_stage1_dpm_predictions_positive3200_v2\tile_002997,
tile_000300,ok,4.8704,E:\dac_stage1_dpm_predictions_positive3200_v2\tile_000300,
tile_021928,ok,4.9543,E:\dac_stage1_dpm_predictions_positive3200_v2\tile_021928,
tile_013741,ok,5.2691,E:\dac_stage1_dpm_predictions_positive3200_v2\tile_013741,
tile_005814,ok,4.9326,E:\dac_stage1_dpm_predictions_positive3200_v2\tile_005814,
tile_019842,ok,5.0681,E:\dac_stage1_dpm_predictions_positive3200_v2\tile_019842,
tile_015209,ok,4.3648,E:\dac_stage1_dpm_predictions_positive3200_v2\tile_015209,
tile_002621,ok,5.3275,E:\dac_stage1_dpm_predictions_positive3200_v2\tile_002621,
tile_007124,ok,5.1415,E:\dac_stage1_dpm_predictions_positive3200_v2\tile_007124,
tile_007516,ok,5.4524,E:\dac_stage1_dpm_predictions_positive3200_v2\tile_007516,
tile_013075,ok,4.2204,E:\dac_stage1_dpm_predictions_positive3200_v2\tile_013075,
tile_024221,ok,5.5719,E:\dac_stage1_dpm_predictions_positive3200_v2\tile_024221,
tile_026084,ok,5.5438,E:\dac_stage1_dpm_predictions_positive3200_v2\tile_026084,
tile_023986,ok,4.9536,E:\dac_stage1_dpm_predictions_positive3200_v2\tile_023986,
tile_019108,ok,4.8031,E:\dac_stage1_dpm_predictions_positive3200_v2\tile_019108,
tile_024706,ok,4.7099,E:\dac_stage1_dpm_predictions_positive3200_v2\tile_024706,
tile_023894,ok,4.6993,E:\dac_stage1_dpm_predictions_positive3200_v2\tile_023894,
tile_022440,ok,5.0785,E:\dac_stage1_dpm_predictions_positive3200_v2\tile_022440,
tile_021368,ok,5.099,E:\dac_stage1_dpm_predictions_positive3200_v2\tile_021368,
tile_027108,ok,4.9722,E:\dac_stage1_dpm_predictions_positive3200_v2\tile_027108,
tile_010588,ok,4.2987,E:\dac_stage1_dpm_predictions_positive3200_v2\tile_010588,
tile_011035,ok,4.7194,E:\dac_stage1_dpm_predictions_positive3200_v2\tile_011035,
tile_002741,ok,5.3241,E:\dac_stage1_dpm_predictions_positive3200_v2\tile_002741,
tile_009050,ok,5.1844,E:\dac_stage1_dpm_predictions_positive3200_v2\tile_009050,
tile_017049,ok,4.9767,E:\dac_stage1_dpm_predictions_positive3200_v2\tile_017049,
tile_013685,ok,5.234,E:\dac_stage1_dpm_predictions_positive3200_v2\tile_013685,
tile_013668,ok,5.1208,E:\dac_stage1_dpm_predictions_positive3200_v2\tile_013668,
tile_008306,ok,4.1943,E:\dac_stage1_dpm_predictions_positive3200_v2\tile_008306,
tile_016805,ok,5.2679,E:\dac_stage1_dpm_predictions_positive3200_v2\tile_016805,
tile_017439,ok,5.0962,E:\dac_stage1_dpm_predictions_positive3200_v2\tile_017439,
tile_007299,ok,5.1848,E:\dac_stage1_dpm_predictions_positive3200_v2\tile_007299,
tile_009201,ok,5.1204,E:\dac_stage1_dpm_predictions_positive3200_v2\tile_009201,
tile_015140,ok,4.1776,E:\dac_stage1_dpm_predictions_positive3200_v2\tile_015140,
tile_004345,ok,4.9969,E:\dac_stage1_dpm_predictions_positive3200_v2\tile_004345,
tile_021638,ok,4.8166,E:\dac_stage1_dpm_predictions_positive3200_v2\tile_021638,
tile_015289,ok,4.471,E:\dac_stage1_dpm_predictions_positive3200_v2\tile_015289,
tile_010740,ok,4.9144,E:\dac_stage1_dpm_predictions_positive3200_v2\tile_010740,
tile_003441,ok,5.1213,E:\dac_stage1_dpm_predictions_positive3200_v2\tile_003441,
tile_011919,ok,6.1125,E:\dac_stage1_dpm_predictions_positive3200_v2\tile_011919,
tile_018593,ok,5.3612,E:\dac_stage1_dpm_predictions_positive3200_v2\tile_018593,
tile_026733,ok,4.5056,E:\dac_stage1_dpm_predictions_positive3200_v2\tile_026733,
tile_020540,ok,4.6342,E:\dac_stage1_dpm_predictions_positive3200_v2\tile_020540,
tile_012958,ok,5.1465,E:\dac_stage1_dpm_predictions_positive3200_v2\tile_012958,
tile_008818,ok,4.9467,E:\dac_stage1_dpm_predictions_positive3200_v2\tile_008818,
tile_018770,ok,4.7749,E:\dac_stage1_dpm_predictions_positive3200_v2\tile_018770,
tile_018121,ok,4.4183,E:\dac_stage1_dpm_predictions_positive3200_v2\tile_018121,
tile_027009,ok,4.9459,E:\dac_stage1_dpm_predictions_positive3200_v2\tile_027009,
tile_015309,ok,4.4621,E:\dac_stage1_dpm_predictions_positive3200_v2\tile_015309,
tile_000117,ok,4.2829,E:\dac_stage1_dpm_predictions_positive3200_v2\tile_000117,
tile_013067,ok,5.0725,E:\dac_stage1_dpm_predictions_positive3200_v2\tile_013067,
tile_020059,ok,5.4166,E:\dac_stage1_dpm_predictions_positive3200_v2\tile_020059,
tile_005007,ok,4.9763,E:\dac_stage1_dpm_predictions_positive3200_v2\tile_005007,
tile_004561,ok,4.6529,E:\dac_stage1_dpm_predictions_positive3200_v2\tile_004561,
tile_000558,ok,4.4208,E:\dac_stage1_dpm_predictions_positive3200_v2\tile_000558,
tile_017690,ok,4.9256,E:\dac_stage1_dpm_predictions_positive3200_v2\tile_017690,
tile_027259,ok,5.2414,E:\dac_stage1_dpm_predictions_positive3200_v2\tile_027259,
tile_015414,ok,4.4026,E:\dac_stage1_dpm_predictions_positive3200_v2\tile_015414,
tile_004357,ok,4.5965,E:\dac_stage1_dpm_predictions_positive3200_v2\tile_004357,
tile_027038,ok,4.9718,E:\dac_stage1_dpm_predictions_positive3200_v2\tile_027038,
tile_005152,ok,5.3809,E:\dac_stage1_dpm_predictions_positive3200_v2\tile_005152,
tile_004086,ok,4.9259,E:\dac_stage1_dpm_predictions_positive3200_v2\tile_004086,
tile_007501,ok,4.8906,E:\dac_stage1_dpm_predictions_positive3200_v2\tile_007501,
tile_012117,ok,4.4656,E:\dac_stage1_dpm_predictions_positive3200_v2\tile_012117,
tile_006489,ok,4.8994,E:\dac_stage1_dpm_predictions_positive3200_v2\tile_006489,
tile_020907,ok,5.0884,E:\dac_stage1_dpm_predictions_positive3200_v2\tile_020907,
tile_000357,ok,5.1672,E:\dac_stage1_dpm_predictions_positive3200_v2\tile_000357,
tile_004621,ok,4.7513,E:\dac_stage1_dpm_predictions_positive3200_v2\tile_004621,
tile_003176,ok,4.6608,E:\dac_stage1_dpm_predictions_positive3200_v2\tile_003176,
tile_018187,ok,5.1389,E:\dac_stage1_dpm_predictions_positive3200_v2\tile_018187,
tile_013381,ok,6.396,E:\dac_stage1_dpm_predictions_positive3200_v2\tile_013381,
tile_003841,ok,5.7871,E:\dac_stage1_dpm_predictions_positive3200_v2\tile_003841,
tile_025831,ok,5.2321,E:\dac_stage1_dpm_predictions_positive3200_v2\tile_025831,
tile_003911,ok,5.4727,E:\dac_stage1_dpm_predictions_positive3200_v2\tile_003911,
tile_022248,ok,5.4773,E:\dac_stage1_dpm_predictions_positive3200_v2\tile_022248,
tile_012674,ok,4.9068,E:\dac_stage1_dpm_predictions_positive3200_v2\tile_012674,
tile_025953,ok,4.7766,E:\dac_stage1_dpm_predictions_positive3200_v2\tile_025953,
tile_005887,ok,4.6352,E:\dac_stage1_dpm_predictions_positive3200_v2\tile_005887,
tile_013191,ok,5.317,E:\dac_stage1_dpm_predictions_positive3200_v2\tile_013191,
tile_002572,ok,4.347,E:\dac_stage1_dpm_predictions_positive3200_v2\tile_002572,
tile_026717,ok,5.0317,E:\dac_stage1_dpm_predictions_positive3200_v2\tile_026717,
tile_004588,ok,4.6613,E:\dac_stage1_dpm_predictions_positive3200_v2\tile_004588,
tile_009022,ok,4.3674,E:\dac_stage1_dpm_predictions_positive3200_v2\tile_009022,
tile_021652,ok,4.6561,E:\dac_stage1_dpm_predictions_positive3200_v2\tile_021652,
tile_008939,ok,4.2485,E:\dac_stage1_dpm_predictions_positive3200_v2\tile_008939,
tile_000554,ok,6.0402,E:\dac_stage1_dpm_predictions_positive3200_v2\tile_000554,
tile_021970,ok,4.8781,E:\dac_stage1_dpm_predictions_positive3200_v2\tile_021970,
tile_014549,ok,5.325,E:\dac_stage1_dpm_predictions_positive3200_v2\tile_014549,
tile_025875,ok,4.8277,E:\dac_stage1_dpm_predictions_positive3200_v2\tile_025875,
tile_017588,ok,4.4087,E:\dac_stage1_dpm_predictions_positive3200_v2\tile_017588,
tile_013176,ok,4.6328,E:\dac_stage1_dpm_predictions_positive3200_v2\tile_013176,
tile_011083,ok,5.3544,E:\dac_stage1_dpm_predictions_positive3200_v2\tile_011083,
tile_018556,ok,5.3601,E:\dac_stage1_dpm_predictions_positive3200_v2\tile_018556,
tile_009222,ok,4.4759,E:\dac_stage1_dpm_predictions_positive3200_v2\tile_009222,
tile_015475,ok,4.7908,E:\dac_stage1_dpm_predictions_positive3200_v2\tile_015475,
tile_019359,ok,5.1168,E:\dac_stage1_dpm_predictions_positive3200_v2\tile_019359,
tile_025066,ok,6.0575,E:\dac_stage1_dpm_predictions_positive3200_v2\tile_025066,
tile_012423,ok,4.5764,E:\dac_stage1_dpm_predictions_positive3200_v2\tile_012423,
tile_021938,ok,4.3184,E:\dac_stage1_dpm_predictions_positive3200_v2\tile_021938,
tile_013218,ok,4.9907,E:\dac_stage1_dpm_predictions_positive3200_v2\tile_013218,
tile_006270,ok,4.3999,E:\dac_stage1_dpm_predictions_positive3200_v2\tile_006270,
tile_022301,ok,5.1883,E:\dac_stage1_dpm_predictions_positive3200_v2\tile_022301,
tile_012309,ok,4.579,E:\dac_stage1_dpm_predictions_positive3200_v2\tile_012309,
tile_004229,ok,4.6473,E:\dac_stage1_dpm_predictions_positive3200_v2\tile_004229,
tile_000464,ok,5.7658,E:\dac_stage1_dpm_predictions_positive3200_v2\tile_000464,
tile_008228,ok,5.1192,E:\dac_stage1_dpm_predictions_positive3200_v2\tile_008228,
tile_023105,ok,5.0418,E:\dac_stage1_dpm_predictions_positive3200_v2\tile_023105,
tile_022861,ok,4.5741,E:\dac_stage1_dpm_predictions_positive3200_v2\tile_022861,
tile_006782,ok,5.0026,E:\dac_stage1_dpm_predictions_positive3200_v2\tile_006782,
tile_004420,ok,5.3616,E:\dac_stage1_dpm_predictions_positive3200_v2\tile_004420,
tile_000996,ok,5.1728,E:\dac_stage1_dpm_predictions_positive3200_v2\tile_000996,
tile_018969,ok,4.4735,E:\dac_stage1_dpm_predictions_positive3200_v2\tile_018969,
tile_002807,ok,4.2949,E:\dac_stage1_dpm_predictions_positive3200_v2\tile_002807,
tile_007109,ok,4.9414,E:\dac_stage1_dpm_predictions_positive3200_v2\tile_007109,
tile_006712,ok,5.5941,E:\dac_stage1_dpm_predictions_positive3200_v2\tile_006712,
tile_027105,ok,5.1271,E:\dac_stage1_dpm_predictions_positive3200_v2\tile_027105,
tile_019026,ok,6.4678,E:\dac_stage1_dpm_predictions_positive3200_v2\tile_019026,
tile_002116,ok,4.8031,E:\dac_stage1_dpm_predictions_positive3200_v2\tile_002116,
tile_008661,ok,4.1682,E:\dac_stage1_dpm_predictions_positive3200_v2\tile_008661,
tile_014152,ok,5.3661,E:\dac_stage1_dpm_predictions_positive3200_v2\tile_014152,
tile_006608,ok,4.7364,E:\dac_stage1_dpm_predictions_positive3200_v2\tile_006608,
tile_014574,ok,4.81,E:\dac_stage1_dpm_predictions_positive3200_v2\tile_014574,
tile_006592,ok,4.3252,E:\dac_stage1_dpm_predictions_positive3200_v2\tile_006592,
tile_003953,ok,4.8146,E:\dac_stage1_dpm_predictions_positive3200_v2\tile_003953,
tile_018326,ok,5.1966,E:\dac_stage1_dpm_predictions_positive3200_v2\tile_018326,
tile_021028,ok,5.1182,E:\dac_stage1_dpm_predictions_positive3200_v2\tile_021028,
tile_000480,ok,4.3082,E:\dac_stage1_dpm_predictions_positive3200_v2\tile_000480,
tile_022318,ok,4.8487,E:\dac_stage1_dpm_predictions_positive3200_v2\tile_022318,
tile_001040,ok,5.2803,E:\dac_stage1_dpm_predictions_positive3200_v2\tile_001040,
tile_026414,ok,4.8681,E:\dac_stage1_dpm_predictions_positive3200_v2\tile_026414,
tile_012617,ok,4.8072,E:\dac_stage1_dpm_predictions_positive3200_v2\tile_012617,
tile_026618,ok,4.9465,E:\dac_stage1_dpm_predictions_positive3200_v2\tile_026618,
tile_019347,ok,4.8064,E:\dac_stage1_dpm_predictions_positive3200_v2\tile_019347,
tile_001191,ok,5.4574,E:\dac_stage1_dpm_predictions_positive3200_v2\tile_001191,
tile_018046,ok,5.1968,E:\dac_stage1_dpm_predictions_positive3200_v2\tile_018046,
tile_006613,ok,4.7316,E:\dac_stage1_dpm_predictions_positive3200_v2\tile_006613,
tile_015541,ok,5.855,E:\dac_stage1_dpm_predictions_positive3200_v2\tile_015541,
tile_024792,ok,4.3089,E:\dac_stage1_dpm_predictions_positive3200_v2\tile_024792,
tile_017865,ok,4.8429,E:\dac_stage1_dpm_predictions_positive3200_v2\tile_017865,
tile_003384,ok,5.0256,E:\dac_stage1_dpm_predictions_positive3200_v2\tile_003384,
tile_005070,ok,4.8934,E:\dac_stage1_dpm_predictions_positive3200_v2\tile_005070,
tile_012212,ok,4.5122,E:\dac_stage1_dpm_predictions_positive3200_v2\tile_012212,
tile_011215,ok,5.2652,E:\dac_stage1_dpm_predictions_positive3200_v2\tile_011215,
tile_026919,ok,5.2449,E:\dac_stage1_dpm_predictions_positive3200_v2\tile_026919,
tile_003070,ok,4.943,E:\dac_stage1_dpm_predictions_positive3200_v2\tile_003070,
tile_013845,ok,4.6605,E:\dac_stage1_dpm_predictions_positive3200_v2\tile_013845,
tile_002940,ok,4.0637,E:\dac_stage1_dpm_predictions_positive3200_v2\tile_002940,
tile_026149,ok,4.8845,E:\dac_stage1_dpm_predictions_positive3200_v2\tile_026149,
tile_018343,ok,5.0492,E:\dac_stage1_dpm_predictions_positive3200_v2\tile_018343,
tile_006701,ok,4.779,E:\dac_stage1_dpm_predictions_positive3200_v2\tile_006701,
tile_027140,ok,4.9633,E:\dac_stage1_dpm_predictions_positive3200_v2\tile_027140,
tile_021509,ok,5.3261,E:\dac_stage1_dpm_predictions_positive3200_v2\tile_021509,
tile_003993,ok,5.3747,E:\dac_stage1_dpm_predictions_positive3200_v2\tile_003993,
tile_005789,ok,5.032,E:\dac_stage1_dpm_predictions_positive3200_v2\tile_005789,
tile_023330,ok,4.3013,E:\dac_stage1_dpm_predictions_positive3200_v2\tile_023330,
tile_009182,ok,5.3528,E:\dac_stage1_dpm_predictions_positive3200_v2\tile_009182,
tile_009420,ok,5.2732,E:\dac_stage1_dpm_predictions_positive3200_v2\tile_009420,
tile_004189,ok,5.3934,E:\dac_stage1_dpm_predictions_positive3200_v2\tile_004189,
tile_008704,ok,5.1405,E:\dac_stage1_dpm_predictions_positive3200_v2\tile_008704,
tile_020283,ok,5.3825,E:\dac_stage1_dpm_predictions_positive3200_v2\tile_020283,
tile_021876,ok,4.9836,E:\dac_stage1_dpm_predictions_positive3200_v2\tile_021876,
tile_002964,ok,4.7944,E:\dac_stage1_dpm_predictions_positive3200_v2\tile_002964,
tile_026160,ok,5.1733,E:\dac_stage1_dpm_predictions_positive3200_v2\tile_026160,
tile_010794,ok,4.9679,E:\dac_stage1_dpm_predictions_positive3200_v2\tile_010794,
tile_026706,ok,5.199,E:\dac_stage1_dpm_predictions_positive3200_v2\tile_026706,
tile_000775,ok,5.0597,E:\dac_stage1_dpm_predictions_positive3200_v2\tile_000775,
tile_017733,ok,5.6042,E:\dac_stage1_dpm_predictions_positive3200_v2\tile_017733,
tile_021441,ok,5.2229,E:\dac_stage1_dpm_predictions_positive3200_v2\tile_021441,
tile_008371,ok,4.4809,E:\dac_stage1_dpm_predictions_positive3200_v2\tile_008371,
tile_020779,ok,4.9186,E:\dac_stage1_dpm_predictions_positive3200_v2\tile_020779,
tile_008133,ok,5.6862,E:\dac_stage1_dpm_predictions_positive3200_v2\tile_008133,
tile_011219,ok,4.9431,E:\dac_stage1_dpm_predictions_positive3200_v2\tile_011219,
tile_016007,ok,5.7234,E:\dac_stage1_dpm_predictions_positive3200_v2\tile_016007,
tile_000581,ok,5.2669,E:\dac_stage1_dpm_predictions_positive3200_v2\tile_000581,
tile_019706,ok,4.6074,E:\dac_stage1_dpm_predictions_positive3200_v2\tile_019706,
tile_004702,ok,4.7276,E:\dac_stage1_dpm_predictions_positive3200_v2\tile_004702,
tile_005972,ok,5.2098,E:\dac_stage1_dpm_predictions_positive3200_v2\tile_005972,
tile_023479,ok,5.4467,E:\dac_stage1_dpm_predictions_positive3200_v2\tile_023479,
tile_001525,ok,4.61,E:\dac_stage1_dpm_predictions_positive3200_v2\tile_001525,
tile_000865,ok,4.8127,E:\dac_stage1_dpm_predictions_positive3200_v2\tile_000865,
tile_007775,ok,6.471,E:\dac_stage1_dpm_predictions_positive3200_v2\tile_007775,
tile_003081,ok,5.396,E:\dac_stage1_dpm_predictions_positive3200_v2\tile_003081,
tile_023805,ok,4.9832,E:\dac_stage1_dpm_predictions_positive3200_v2\tile_023805,
tile_004513,ok,5.2211,E:\dac_stage1_dpm_predictions_positive3200_v2\tile_004513,
tile_018368,ok,5.0988,E:\dac_stage1_dpm_predictions_positive3200_v2\tile_018368,
tile_024375,ok,4.8693,E:\dac_stage1_dpm_predictions_positive3200_v2\tile_024375,
tile_002069,ok,4.2068,E:\dac_stage1_dpm_predictions_positive3200_v2\tile_002069,
tile_001638,ok,5.1849,E:\dac_stage1_dpm_predictions_positive3200_v2\tile_001638,
tile_023092,ok,5.1428,E:\dac_stage1_dpm_predictions_positive3200_v2\tile_023092,
tile_009362,ok,4.6869,E:\dac_stage1_dpm_predictions_positive3200_v2\tile_009362,
tile_025548,ok,5.0792,E:\dac_stage1_dpm_predictions_positive3200_v2\tile_025548,
tile_016945,ok,4.9215,E:\dac_stage1_dpm_predictions_positive3200_v2\tile_016945,
tile_011479,ok,5.2841,E:\dac_stage1_dpm_predictions_positive3200_v2\tile_011479,
tile_019797,ok,5.0301,E:\dac_stage1_dpm_predictions_positive3200_v2\tile_019797,
tile_000410,ok,4.3973,E:\dac_stage1_dpm_predictions_positive3200_v2\tile_000410,
tile_015695,ok,5.5259,E:\dac_stage1_dpm_predictions_positive3200_v2\tile_015695,
tile_006675,ok,5.1462,E:\dac_stage1_dpm_predictions_positive3200_v2\tile_006675,
tile_007543,ok,5.364,E:\dac_stage1_dpm_predictions_positive3200_v2\tile_007543,
tile_012462,ok,5.7076,E:\dac_stage1_dpm_predictions_positive3200_v2\tile_012462,
tile_006488,ok,5.7235,E:\dac_stage1_dpm_predictions_positive3200_v2\tile_006488,
tile_014370,ok,5.4093,E:\dac_stage1_dpm_predictions_positive3200_v2\tile_014370,
tile_002705,ok,4.8556,E:\dac_stage1_dpm_predictions_positive3200_v2\tile_002705,
tile_019509,ok,4.4232,E:\dac_stage1_dpm_predictions_positive3200_v2\tile_019509,
tile_022891,ok,5.2258,E:\dac_stage1_dpm_predictions_positive3200_v2\tile_022891,
tile_026402,ok,5.2837,E:\dac_stage1_dpm_predictions_positive3200_v2\tile_026402,
tile_021596,ok,5.106,E:\dac_stage1_dpm_predictions_positive3200_v2\tile_021596,
tile_003789,ok,5.0168,E:\dac_stage1_dpm_predictions_positive3200_v2\tile_003789,
tile_001219,ok,5.4817,E:\dac_stage1_dpm_predictions_positive3200_v2\tile_001219,
tile_003608,ok,4.952,E:\dac_stage1_dpm_predictions_positive3200_v2\tile_003608,
tile_002095,ok,4.6722,E:\dac_stage1_dpm_predictions_positive3200_v2\tile_002095,
tile_008871,ok,5.0056,E:\dac_stage1_dpm_predictions_positive3200_v2\tile_008871,
tile_002771,ok,5.7094,E:\dac_stage1_dpm_predictions_positive3200_v2\tile_002771,
tile_000074,ok,5.508,E:\dac_stage1_dpm_predictions_positive3200_v2\tile_000074,
tile_007478,ok,5.2281,E:\dac_stage1_dpm_predictions_positive3200_v2\tile_007478,
tile_025104,ok,4.4457,E:\dac_stage1_dpm_predictions_positive3200_v2\tile_025104,
tile_025501,ok,4.6918,E:\dac_stage1_dpm_predictions_positive3200_v2\tile_025501,
tile_007201,ok,4.5684,E:\dac_stage1_dpm_predictions_positive3200_v2\tile_007201,
tile_013758,ok,4.679,E:\dac_stage1_dpm_predictions_positive3200_v2\tile_013758,
tile_000369,ok,4.7453,E:\dac_stage1_dpm_predictions_positive3200_v2\tile_000369,
tile_016810,ok,4.4815,E:\dac_stage1_dpm_predictions_positive3200_v2\tile_016810,
tile_011015,ok,5.9281,E:\dac_stage1_dpm_predictions_positive3200_v2\tile_011015,
tile_007074,ok,4.7315,E:\dac_stage1_dpm_predictions_positive3200_v2\tile_007074,
tile_012266,ok,5.2049,E:\dac_stage1_dpm_predictions_positive3200_v2\tile_012266,
tile_026742,ok,5.0777,E:\dac_stage1_dpm_predictions_positive3200_v2\tile_026742,
tile_026295,ok,5.0056,E:\dac_stage1_dpm_predictions_positive3200_v2\tile_026295,
tile_012251,ok,4.9379,E:\dac_stage1_dpm_predictions_positive3200_v2\tile_012251,
tile_017103,ok,5.081,E:\dac_stage1_dpm_predictions_positive3200_v2\tile_017103,
tile_022754,ok,5.0056,E:\dac_stage1_dpm_predictions_positive3200_v2\tile_022754,
tile_017612,ok,4.4408,E:\dac_stage1_dpm_predictions_positive3200_v2\tile_017612,
tile_027139,ok,4.3943,E:\dac_stage1_dpm_predictions_positive3200_v2\tile_027139,
tile_014584,ok,5.1917,E:\dac_stage1_dpm_predictions_positive3200_v2\tile_014584,
tile_007041,ok,5.1637,E:\dac_stage1_dpm_predictions_positive3200_v2\tile_007041,
tile_021972,ok,4.9522,E:\dac_stage1_dpm_predictions_positive3200_v2\tile_021972,
tile_008896,ok,4.3884,E:\dac_stage1_dpm_predictions_positive3200_v2\tile_008896,
tile_004616,ok,5.0443,E:\dac_stage1_dpm_predictions_positive3200_v2\tile_004616,
tile_003250,ok,4.8973,E:\dac_stage1_dpm_predictions_positive3200_v2\tile_003250,
tile_027345,ok,4.9214,E:\dac_stage1_dpm_predictions_positive3200_v2\tile_027345,
tile_024751,ok,4.648,E:\dac_stage1_dpm_predictions_positive3200_v2\tile_024751,
tile_023239,ok,4.6819,E:\dac_stage1_dpm_predictions_positive3200_v2\tile_023239,
tile_023655,ok,4.6263,E:\dac_stage1_dpm_predictions_positive3200_v2\tile_023655,
tile_022016,ok,5.2002,E:\dac_stage1_dpm_predictions_positive3200_v2\tile_022016,
tile_026025,ok,4.4322,E:\dac_stage1_dpm_predictions_positive3200_v2\tile_026025,
tile_019744,ok,5.3744,E:\dac_stage1_dpm_predictions_positive3200_v2\tile_019744,
tile_016808,ok,4.9588,E:\dac_stage1_dpm_predictions_positive3200_v2\tile_016808,
tile_024532,ok,4.6138,E:\dac_stage1_dpm_predictions_positive3200_v2\tile_024532,
tile_026647,ok,4.4894,E:\dac_stage1_dpm_predictions_positive3200_v2\tile_026647,
tile_000286,ok,4.8773,E:\dac_stage1_dpm_predictions_positive3200_v2\tile_000286,
tile_026844,ok,5.0523,E:\dac_stage1_dpm_predictions_positive3200_v2\tile_026844,
tile_027025,ok,5.8557,E:\dac_stage1_dpm_predictions_positive3200_v2\tile_027025,
tile_001802,ok,4.2601,E:\dac_stage1_dpm_predictions_positive3200_v2\tile_001802,
tile_008275,ok,4.6436,E:\dac_stage1_dpm_predictions_positive3200_v2\tile_008275,
tile_002603,ok,5.1824,E:\dac_stage1_dpm_predictions_positive3200_v2\tile_002603,
tile_010880,ok,4.7431,E:\dac_stage1_dpm_predictions_positive3200_v2\tile_010880,
tile_012137,ok,4.3489,E:\dac_stage1_dpm_predictions_positive3200_v2\tile_012137,
tile_018679,ok,4.7063,E:\dac_stage1_dpm_predictions_positive3200_v2\tile_018679,
tile_026497,ok,5.081,E:\dac_stage1_dpm_predictions_positive3200_v2\tile_026497,
tile_003720,ok,5.5017,E:\dac_stage1_dpm_predictions_positive3200_v2\tile_003720,
tile_000196,ok,4.7967,E:\dac_stage1_dpm_predictions_positive3200_v2\tile_000196,
tile_011405,ok,4.4032,E:\dac_stage1_dpm_predictions_positive3200_v2\tile_011405,
tile_002841,ok,4.8845,E:\dac_stage1_dpm_predictions_positive3200_v2\tile_002841,
tile_002289,ok,5.4892,E:\dac_stage1_dpm_predictions_positive3200_v2\tile_002289,
tile_019814,ok,4.6847,E:\dac_stage1_dpm_predictions_positive3200_v2\tile_019814,
tile_000509,ok,4.4405,E:\dac_stage1_dpm_predictions_positive3200_v2\tile_000509,
tile_006439,ok,4.4676,E:\dac_stage1_dpm_predictions_positive3200_v2\tile_006439,
tile_024016,ok,5.0294,E:\dac_stage1_dpm_predictions_positive3200_v2\tile_024016,
tile_017799,ok,4.9513,E:\dac_stage1_dpm_predictions_positive3200_v2\tile_017799,
tile_005478,ok,4.4576,E:\dac_stage1_dpm_predictions_positive3200_v2\tile_005478,
tile_005471,ok,5.0795,E:\dac_stage1_dpm_predictions_positive3200_v2\tile_005471,
tile_009291,ok,4.7925,E:\dac_stage1_dpm_predictions_positive3200_v2\tile_009291,
tile_020547,ok,4.5366,E:\dac_stage1_dpm_predictions_positive3200_v2\tile_020547,
tile_014758,ok,4.6247,E:\dac_stage1_dpm_predictions_positive3200_v2\tile_014758,
tile_001454,ok,5.9073,E:\dac_stage1_dpm_predictions_positive3200_v2\tile_001454,
tile_003683,ok,4.7402,E:\dac_stage1_dpm_predictions_positive3200_v2\tile_003683,
tile_015516,ok,4.8587,E:\dac_stage1_dpm_predictions_positive3200_v2\tile_015516,
tile_006302,ok,4.8259,E:\dac_stage1_dpm_predictions_positive3200_v2\tile_006302,
tile_023181,ok,4.4227,E:\dac_stage1_dpm_predictions_positive3200_v2\tile_023181,
tile_004333,ok,5.5282,E:\dac_stage1_dpm_predictions_positive3200_v2\tile_004333,
tile_012213,ok,5.3868,E:\dac_stage1_dpm_predictions_positive3200_v2\tile_012213,
tile_008662,ok,4.6231,E:\dac_stage1_dpm_predictions_positive3200_v2\tile_008662,
tile_006896,ok,4.799,E:\dac_stage1_dpm_predictions_positive3200_v2\tile_006896,
tile_009094,ok,4.8647,E:\dac_stage1_dpm_predictions_positive3200_v2\tile_009094,
tile_014810,ok,5.1651,E:\dac_stage1_dpm_predictions_positive3200_v2\tile_014810,
tile_019962,ok,5.8932,E:\dac_stage1_dpm_predictions_positive3200_v2\tile_019962,
tile_002176,ok,5.0226,E:\dac_stage1_dpm_predictions_positive3200_v2\tile_002176,
tile_021755,ok,4.4887,E:\dac_stage1_dpm_predictions_positive3200_v2\tile_021755,
tile_010535,ok,5.1872,E:\dac_stage1_dpm_predictions_positive3200_v2\tile_010535,
tile_022199,ok,5.4132,E:\dac_stage1_dpm_predictions_positive3200_v2\tile_022199,
tile_003986,ok,4.7214,E:\dac_stage1_dpm_predictions_positive3200_v2\tile_003986,
tile_008598,ok,5.3966,E:\dac_stage1_dpm_predictions_positive3200_v2\tile_008598,
tile_018868,ok,5.0233,E:\dac_stage1_dpm_predictions_positive3200_v2\tile_018868,
tile_027030,ok,5.2906,E:\dac_stage1_dpm_predictions_positive3200_v2\tile_027030,
tile_015625,ok,4.6093,E:\dac_stage1_dpm_predictions_positive3200_v2\tile_015625,
tile_027175,ok,4.8111,E:\dac_stage1_dpm_predictions_positive3200_v2\tile_027175,
tile_000536,ok,5.4139,E:\dac_stage1_dpm_predictions_positive3200_v2\tile_000536,
tile_010962,ok,4.8112,E:\dac_stage1_dpm_predictions_positive3200_v2\tile_010962,
tile_008575,ok,4.3976,E:\dac_stage1_dpm_predictions_positive3200_v2\tile_008575,
tile_023596,ok,5.4749,E:\dac_stage1_dpm_predictions_positive3200_v2\tile_023596,
tile_009028,ok,5.3351,E:\dac_stage1_dpm_predictions_positive3200_v2\tile_009028,
tile_002353,ok,5.2239,E:\dac_stage1_dpm_predictions_positive3200_v2\tile_002353,
tile_023518,ok,4.9317,E:\dac_stage1_dpm_predictions_positive3200_v2\tile_023518,
tile_016924,ok,4.6069,E:\dac_stage1_dpm_predictions_positive3200_v2\tile_016924,
tile_008641,ok,4.9456,E:\dac_stage1_dpm_predictions_positive3200_v2\tile_008641,
tile_017440,ok,4.776,E:\dac_stage1_dpm_predictions_positive3200_v2\tile_017440,
tile_017610,ok,4.8749,E:\dac_stage1_dpm_predictions_positive3200_v2\tile_017610,
tile_003018,ok,4.4521,E:\dac_stage1_dpm_predictions_positive3200_v2\tile_003018,
tile_025812,ok,4.4474,E:\dac_stage1_dpm_predictions_positive3200_v2\tile_025812,
tile_021249,ok,4.8538,E:\dac_stage1_dpm_predictions_positive3200_v2\tile_021249,
tile_002630,ok,4.7009,E:\dac_stage1_dpm_predictions_positive3200_v2\tile_002630,
tile_027179,ok,4.7172,E:\dac_stage1_dpm_predictions_positive3200_v2\tile_027179,
tile_009322,ok,4.781,E:\dac_stage1_dpm_predictions_positive3200_v2\tile_009322,
tile_020036,ok,5.0358,E:\dac_stage1_dpm_predictions_positive3200_v2\tile_020036,
tile_003577,ok,4.9961,E:\dac_stage1_dpm_predictions_positive3200_v2\tile_003577,
tile_000791,ok,4.8487,E:\dac_stage1_dpm_predictions_positive3200_v2\tile_000791,
tile_002876,ok,4.6282,E:\dac_stage1_dpm_predictions_positive3200_v2\tile_002876,
tile_026243,ok,5.1596,E:\dac_stage1_dpm_predictions_positive3200_v2\tile_026243,
tile_015220,ok,4.8297,E:\dac_stage1_dpm_predictions_positive3200_v2\tile_015220,
tile_026401,ok,5.0762,E:\dac_stage1_dpm_predictions_positive3200_v2\tile_026401,
tile_015155,ok,4.3666,E:\dac_stage1_dpm_predictions_positive3200_v2\tile_015155,
tile_017962,ok,4.7551,E:\dac_stage1_dpm_predictions_positive3200_v2\tile_017962,
tile_016233,ok,5.1548,E:\dac_stage1_dpm_predictions_positive3200_v2\tile_016233,
tile_017880,ok,4.698,E:\dac_stage1_dpm_predictions_positive3200_v2\tile_017880,
tile_007130,ok,4.3728,E:\dac_stage1_dpm_predictions_positive3200_v2\tile_007130,
tile_011095,ok,5.4052,E:\dac_stage1_dpm_predictions_positive3200_v2\tile_011095,
tile_009131,ok,5.112,E:\dac_stage1_dpm_predictions_positive3200_v2\tile_009131,
tile_022439,ok,4.9865,E:\dac_stage1_dpm_predictions_positive3200_v2\tile_022439,
tile_003100,ok,4.1964,E:\dac_stage1_dpm_predictions_positive3200_v2\tile_003100,
tile_013256,ok,5.3046,E:\dac_stage1_dpm_predictions_positive3200_v2\tile_013256,
tile_023351,ok,5.0472,E:\dac_stage1_dpm_predictions_positive3200_v2\tile_023351,
tile_006927,ok,5.1408,E:\dac_stage1_dpm_predictions_positive3200_v2\tile_006927,
tile_000502,ok,4.5617,E:\dac_stage1_dpm_predictions_positive3200_v2\tile_000502,
tile_006079,ok,4.7847,E:\dac_stage1_dpm_predictions_positive3200_v2\tile_006079,
tile_009079,ok,5.298,E:\dac_stage1_dpm_predictions_positive3200_v2\tile_009079,
tile_022939,ok,5.3052,E:\dac_stage1_dpm_predictions_positive3200_v2\tile_022939,
tile_017001,ok,4.4425,E:\dac_stage1_dpm_predictions_positive3200_v2\tile_017001,
tile_008806,ok,4.4426,E:\dac_stage1_dpm_predictions_positive3200_v2\tile_008806,
tile_000667,ok,5.5966,E:\dac_stage1_dpm_predictions_positive3200_v2\tile_000667,
tile_025100,ok,5.1147,E:\dac_stage1_dpm_predictions_positive3200_v2\tile_025100,
tile_000287,ok,5.0562,E:\dac_stage1_dpm_predictions_positive3200_v2\tile_000287,
tile_000106,ok,5.3556,E:\dac_stage1_dpm_predictions_positive3200_v2\tile_000106,
tile_007461,ok,4.8975,E:\dac_stage1_dpm_predictions_positive3200_v2\tile_007461,
tile_021699,ok,5.4275,E:\dac_stage1_dpm_predictions_positive3200_v2\tile_021699,
tile_019498,ok,4.859,E:\dac_stage1_dpm_predictions_positive3200_v2\tile_019498,
tile_026242,ok,4.5871,E:\dac_stage1_dpm_predictions_positive3200_v2\tile_026242,
tile_026721,ok,5.1388,E:\dac_stage1_dpm_predictions_positive3200_v2\tile_026721,
tile_019712,ok,5.0997,E:\dac_stage1_dpm_predictions_positive3200_v2\tile_019712,
tile_006804,ok,5.0459,E:\dac_stage1_dpm_predictions_positive3200_v2\tile_006804,
tile_025859,ok,4.5707,E:\dac_stage1_dpm_predictions_positive3200_v2\tile_025859,
tile_015435,ok,4.8148,E:\dac_stage1_dpm_predictions_positive3200_v2\tile_015435,
tile_002764,ok,4.6594,E:\dac_stage1_dpm_predictions_positive3200_v2\tile_002764,
tile_026632,ok,5.4267,E:\dac_stage1_dpm_predictions_positive3200_v2\tile_026632,
tile_026715,ok,5.1683,E:\dac_stage1_dpm_predictions_positive3200_v2\tile_026715,
tile_003905,ok,5.0038,E:\dac_stage1_dpm_predictions_positive3200_v2\tile_003905,
tile_002152,ok,4.1719,E:\dac_stage1_dpm_predictions_positive3200_v2\tile_002152,
tile_008455,ok,5.1072,E:\dac_stage1_dpm_predictions_positive3200_v2\tile_008455,
tile_011730,ok,4.6274,E:\dac_stage1_dpm_predictions_positive3200_v2\tile_011730,
tile_006482,ok,4.954,E:\dac_stage1_dpm_predictions_positive3200_v2\tile_006482,
tile_018246,ok,5.3851,E:\dac_stage1_dpm_predictions_positive3200_v2\tile_018246,
tile_006607,ok,4.8098,E:\dac_stage1_dpm_predictions_positive3200_v2\tile_006607,
tile_020309,ok,5.1097,E:\dac_stage1_dpm_predictions_positive3200_v2\tile_020309,
tile_026373,ok,5.0985,E:\dac_stage1_dpm_predictions_positive3200_v2\tile_026373,
tile_003261,ok,4.7307,E:\dac_stage1_dpm_predictions_positive3200_v2\tile_003261,
tile_018838,ok,4.3867,E:\dac_stage1_dpm_predictions_positive3200_v2\tile_018838,
tile_020822,ok,4.9337,E:\dac_stage1_dpm_predictions_positive3200_v2\tile_020822,
tile_003071,ok,5.0085,E:\dac_stage1_dpm_predictions_positive3200_v2\tile_003071,
tile_026294,ok,4.1463,E:\dac_stage1_dpm_predictions_positive3200_v2\tile_026294,
tile_016466,ok,5.3736,E:\dac_stage1_dpm_predictions_positive3200_v2\tile_016466,
tile_016510,ok,5.6292,E:\dac_stage1_dpm_predictions_positive3200_v2\tile_016510,
tile_025416,ok,4.5671,E:\dac_stage1_dpm_predictions_positive3200_v2\tile_025416,
tile_020308,ok,5.0959,E:\dac_stage1_dpm_predictions_positive3200_v2\tile_020308,
tile_021977,ok,4.1655,E:\dac_stage1_dpm_predictions_positive3200_v2\tile_021977,
tile_012916,ok,5.1391,E:\dac_stage1_dpm_predictions_positive3200_v2\tile_012916,
tile_009381,ok,4.8494,E:\dac_stage1_dpm_predictions_positive3200_v2\tile_009381,
tile_002642,ok,5.0613,E:\dac_stage1_dpm_predictions_positive3200_v2\tile_002642,
tile_000260,ok,4.422,E:\dac_stage1_dpm_predictions_positive3200_v2\tile_000260,
tile_017138,ok,5.0516,E:\dac_stage1_dpm_predictions_positive3200_v2\tile_017138,
tile_003096,ok,4.9311,E:\dac_stage1_dpm_predictions_positive3200_v2\tile_003096,
tile_024556,ok,5.1858,E:\dac_stage1_dpm_predictions_positive3200_v2\tile_024556,
tile_017517,ok,4.1779,E:\dac_stage1_dpm_predictions_positive3200_v2\tile_017517,
tile_003899,ok,6.1831,E:\dac_stage1_dpm_predictions_positive3200_v2\tile_003899,
tile_008795,ok,5.0596,E:\dac_stage1_dpm_predictions_positive3200_v2\tile_008795,
tile_010694,ok,6.4009,E:\dac_stage1_dpm_predictions_positive3200_v2\tile_010694,
tile_018366,ok,4.9584,E:\dac_stage1_dpm_predictions_positive3200_v2\tile_018366,
tile_011170,ok,4.939,E:\dac_stage1_dpm_predictions_positive3200_v2\tile_011170,
tile_019574,ok,5.9361,E:\dac_stage1_dpm_predictions_positive3200_v2\tile_019574,
tile_018886,ok,5.7113,E:\dac_stage1_dpm_predictions_positive3200_v2\tile_018886,
tile_006963,ok,4.7535,E:\dac_stage1_dpm_predictions_positive3200_v2\tile_006963,
tile_024384,ok,4.9897,E:\dac_stage1_dpm_predictions_positive3200_v2\tile_024384,
tile_018272,ok,4.6259,E:\dac_stage1_dpm_predictions_positive3200_v2\tile_018272,
tile_023834,ok,5.1902,E:\dac_stage1_dpm_predictions_positive3200_v2\tile_023834,
tile_009095,ok,5.2533,E:\dac_stage1_dpm_predictions_positive3200_v2\tile_009095,
tile_005157,ok,5.339,E:\dac_stage1_dpm_predictions_positive3200_v2\tile_005157,
tile_012050,ok,5.2603,E:\dac_stage1_dpm_predictions_positive3200_v2\tile_012050,
tile_004507,ok,5.4502,E:\dac_stage1_dpm_predictions_positive3200_v2\tile_004507,
tile_003931,ok,4.4308,E:\dac_stage1_dpm_predictions_positive3200_v2\tile_003931,
tile_025834,ok,4.4084,E:\dac_stage1_dpm_predictions_positive3200_v2\tile_025834,
tile_006609,ok,5.0914,E:\dac_stage1_dpm_predictions_positive3200_v2\tile_006609,
tile_024440,ok,4.8484,E:\dac_stage1_dpm_predictions_positive3200_v2\tile_024440,
tile_007642,ok,4.8483,E:\dac_stage1_dpm_predictions_positive3200_v2\tile_007642,
tile_016345,ok,4.1763,E:\dac_stage1_dpm_predictions_positive3200_v2\tile_016345,
tile_026666,ok,4.996,E:\dac_stage1_dpm_predictions_positive3200_v2\tile_026666,
tile_017870,ok,4.6493,E:\dac_stage1_dpm_predictions_positive3200_v2\tile_017870,
tile_016900,ok,4.8201,E:\dac_stage1_dpm_predictions_positive3200_v2\tile_016900,
tile_008623,ok,4.8684,E:\dac_stage1_dpm_predictions_positive3200_v2\tile_008623,
tile_000058,ok,4.7005,E:\dac_stage1_dpm_predictions_positive3200_v2\tile_000058,
tile_014609,ok,4.9335,E:\dac_stage1_dpm_predictions_positive3200_v2\tile_014609,
tile_027133,ok,4.5067,E:\dac_stage1_dpm_predictions_positive3200_v2\tile_027133,
tile_027152,ok,4.644,E:\dac_stage1_dpm_predictions_positive3200_v2\tile_027152,
tile_019972,ok,5.1891,E:\dac_stage1_dpm_predictions_positive3200_v2\tile_019972,
tile_001307,ok,4.8897,E:\dac_stage1_dpm_predictions_positive3200_v2\tile_001307,
tile_010616,ok,4.3351,E:\dac_stage1_dpm_predictions_positive3200_v2\tile_010616,
tile_014472,ok,5.02,E:\dac_stage1_dpm_predictions_positive3200_v2\tile_014472,
tile_015971,ok,5.0218,E:\dac_stage1_dpm_predictions_positive3200_v2\tile_015971,
tile_001721,ok,5.32,E:\dac_stage1_dpm_predictions_positive3200_v2\tile_001721,
tile_027254,ok,4.7826,E:\dac_stage1_dpm_predictions_positive3200_v2\tile_027254,
tile_025956,ok,4.5457,E:\dac_stage1_dpm_predictions_positive3200_v2\tile_025956,
tile_007205,ok,4.5299,E:\dac_stage1_dpm_predictions_positive3200_v2\tile_007205,
tile_016493,ok,4.9433,E:\dac_stage1_dpm_predictions_positive3200_v2\tile_016493,
tile_019030,ok,4.2518,E:\dac_stage1_dpm_predictions_positive3200_v2\tile_019030,
tile_003581,ok,4.8302,E:\dac_stage1_dpm_predictions_positive3200_v2\tile_003581,
tile_027356,ok,4.9757,E:\dac_stage1_dpm_predictions_positive3200_v2\tile_027356,
tile_003088,ok,5.0435,E:\dac_stage1_dpm_predictions_positive3200_v2\tile_003088,
tile_016341,ok,4.8463,E:\dac_stage1_dpm_predictions_positive3200_v2\tile_016341,
tile_003313,ok,4.9122,E:\dac_stage1_dpm_predictions_positive3200_v2\tile_003313,
tile_005193,ok,4.8925,E:\dac_stage1_dpm_predictions_positive3200_v2\tile_005193,
tile_024337,ok,4.9315,E:\dac_stage1_dpm_predictions_positive3200_v2\tile_024337,
tile_026842,ok,5.5803,E:\dac_stage1_dpm_predictions_positive3200_v2\tile_026842,
tile_007039,ok,4.5232,E:\dac_stage1_dpm_predictions_positive3200_v2\tile_007039,
tile_008777,ok,5.2519,E:\dac_stage1_dpm_predictions_positive3200_v2\tile_008777,
tile_027171,ok,6.1756,E:\dac_stage1_dpm_predictions_positive3200_v2\tile_027171,
tile_026241,ok,5.2157,E:\dac_stage1_dpm_predictions_positive3200_v2\tile_026241,
tile_023606,ok,5.1875,E:\dac_stage1_dpm_predictions_positive3200_v2\tile_023606,
tile_000478,ok,5.1364,E:\dac_stage1_dpm_predictions_positive3200_v2\tile_000478,
tile_006573,ok,5.4786,E:\dac_stage1_dpm_predictions_positive3200_v2\tile_006573,
tile_005907,ok,5.6761,E:\dac_stage1_dpm_predictions_positive3200_v2\tile_005907,
tile_020489,ok,5.1563,E:\dac_stage1_dpm_predictions_positive3200_v2\tile_020489,
tile_026891,ok,4.7571,E:\dac_stage1_dpm_predictions_positive3200_v2\tile_026891,
tile_016294,ok,4.6366,E:\dac_stage1_dpm_predictions_positive3200_v2\tile_016294,
tile_024254,ok,4.9942,E:\dac_stage1_dpm_predictions_positive3200_v2\tile_024254,
tile_025261,ok,4.992,E:\dac_stage1_dpm_predictions_positive3200_v2\tile_025261,
tile_000564,ok,5.0846,E:\dac_stage1_dpm_predictions_positive3200_v2\tile_000564,
tile_003818,ok,4.9466,E:\dac_stage1_dpm_predictions_positive3200_v2\tile_003818,
tile_000109,ok,5.3556,E:\dac_stage1_dpm_predictions_positive3200_v2\tile_000109,
tile_027245,ok,5.4734,E:\dac_stage1_dpm_predictions_positive3200_v2\tile_027245,
tile_019066,ok,5.255,E:\dac_stage1_dpm_predictions_positive3200_v2\tile_019066,
tile_018874,ok,4.0752,E:\dac_stage1_dpm_predictions_positive3200_v2\tile_018874,
tile_006646,ok,5.6265,E:\dac_stage1_dpm_predictions_positive3200_v2\tile_006646,
