tile,split,split_index,block_x,block_y,block_round
tile_018241,train,0,65,1242,0
tile_027078,train,1,173,1324,0
tile_004311,train,2,460,1683,0
tile_023218,train,3,202,1259,0
tile_009123,train,4,241,2141,0
tile_003456,train,5,442,1666,0
tile_014919,train,6,101,1230,0
tile_005699,train,7,441,1694,0
tile_009521,train,8,-108,1135,0
tile_009838,train,9,-68,1167,0
tile_018522,train,10,104,1242,0
tile_016462,train,11,46,1235,0
tile_019711,train,12,61,1246,0
tile_013278,train,13,-19,1225,0
tile_026990,train,14,180,1314,0
tile_009255,train,15,250,2156,0
tile_005012,train,16,447,1690,0
tile_017347,train,17,92,1239,0
tile_026066,train,18,182,1277,0
tile_010860,train,19,56,1203,0
tile_008366,train,20,254,2120,0
tile_021762,train,21,80,1252,0
tile_026356,train,22,130,1283,0
tile_012450,train,23,66,1221,0
tile_017465,train,24,6,1239,0
tile_024812,train,25,231,1266,0
tile_009825,train,26,-66,1166,0
tile_007075,train,27,258,2106,0
tile_006528,train,28,448,1702,0
tile_022571,train,29,206,1256,0
tile_008553,train,30,273,2123,0
tile_001950,train,31,227,2161,0
tile_009308,train,32,260,2161,0
tile_023398,train,33,-18,1260,0
tile_003037,train,34,223,2174,0
tile_024890,train,35,210,1267,0
tile_003203,train,36,231,2181,0
tile_022842,train,37,215,1257,0
tile_009449,train,38,-122,1118,0
tile_004013,train,39,468,1678,0
tile_004204,train,40,463,1681,0
tile_014587,train,41,93,1229,0
tile_014948,train,42,10,1230,0
tile_012695,train,43,48,1222,0
tile_000002,train,44,215,2133,0
tile_010408,train,45,-6,1187,0
tile_003814,train,46,442,1675,0
tile_002175,train,47,227,2164,0
tile_012472,train,48,56,1221,0
tile_019510,train,49,38,1246,0
tile_003082,train,50,228,2176,0
tile_026030,train,51,243,1276,0
tile_009727,train,52,-71,1162,0
tile_009227,train,53,255,2149,0
tile_008191,train,54,247,2117,0
tile_026981,train,55,173,1314,0
tile_009409,train,56,269,2167,0
tile_001056,train,57,190,2155,0
tile_009116,train,58,237,2140,0
tile_018941,train,59,86,1244,0
tile_015977,train,60,79,1233,0
tile_022542,train,61,51,1256,0
tile_026827,train,62,193,1311,0
tile_001894,train,63,220,2161,0
tile_025967,train,64,208,1275,0
tile_006756,train,65,264,2099,0
tile_000306,train,66,212,2144,0
tile_026739,train,67,91,1306,0
tile_012782,train,68,97,1223,0
tile_026888,train,69,200,1311,0
tile_000223,train,70,200,2142,0
tile_021766,train,71,93,1252,0
tile_007504,train,72,250,2111,0
tile_019404,train,73,65,1245,0
tile_017611,train,74,169,1239,0
tile_006506,train,75,438,1702,0
tile_022593,train,76,232,1256,0
tile_020378,train,77,123,1248,0
tile_025293,train,78,41,1269,0
tile_027007,train,79,229,1315,0
tile_021912,train,80,99,1253,0
tile_000239,train,81,213,2142,0
tile_027001,train,82,68,1315,0
tile_019434,train,83,36,1246,0
tile_011432,train,84,34,1217,0
tile_008173,train,85,239,2117,0
tile_024712,train,86,218,1266,0
tile_006191,train,87,446,1697,0
tile_021925,train,88,223,1253,0
tile_025289,train,89,234,1269,0
tile_006813,train,90,256,2102,0
tile_019335,train,91,96,1245,0
tile_026960,train,92,79,1313,0
tile_025096,train,93,28,1268,0
tile_017173,train,94,54,1238,0
tile_000734,train,95,214,2152,0
tile_014082,train,96,112,1227,0
tile_016999,train,97,40,1237,0
tile_023515,train,98,63,1260,0
tile_026804,train,99,78,1310,0
tile_019556,train,100,64,1246,0
tile_019736,train,101,1,1247,0
tile_010656,train,102,-21,1199,0
tile_009631,train,103,-100,1145,0
tile_011265,train,104,42,1215,0
tile_020080,train,105,43,1248,0
tile_024215,train,106,232,1263,0
tile_008177,train,107,250,2117,0
tile_026486,train,108,133,1287,0
tile_025602,train,109,2,1271,0
tile_010511,train,110,-73,1192,0
tile_017276,train,111,166,1238,0
tile_001951,train,112,228,2161,0
tile_017355,train,113,97,1239,0
tile_015787,train,114,-19,1232,0
tile_012357,train,115,117,1221,0
tile_005912,train,116,452,1695,0
tile_004727,train,117,447,1687,0
tile_009804,train,118,-57,1164,0
tile_004090,train,119,442,1679,0
tile_005460,train,120,435,1692,0
tile_003685,train,121,441,1673,0
tile_012355,train,122,106,1221,0
tile_006202,train,123,457,1697,0
tile_014006,train,124,105,1227,0
tile_002011,train,125,215,2162,0
tile_010983,train,126,57,1206,0
tile_002202,train,127,215,2164,0
tile_027054,train,128,0,1322,0
tile_016256,train,129,-27,1234,0
tile_008910,train,130,265,2134,0
tile_026764,train,131,64,1308,0
tile_007340,train,132,270,2109,0
tile_014081,train,133,111,1227,0
tile_016301,train,134,103,1234,0
tile_018599,train,135,92,1243,0
tile_007840,train,136,258,2113,0
tile_008595,train,137,250,2124,0
tile_020370,train,138,81,1248,0
tile_018108,train,139,172,1241,0
tile_015463,train,140,58,1231,0
tile_023334,train,141,57,1259,0
tile_024228,train,142,39,1264,0
tile_018328,train,143,60,1242,0
tile_002415,train,144,210,2167,0
tile_007106,train,145,261,2107,0
tile_019613,train,146,52,1246,0
tile_025404,train,147,58,1270,0
tile_009251,train,148,251,2156,0
tile_018033,train,149,191,1241,0
tile_004636,train,150,465,1687,0
tile_026971,train,151,178,1313,0
tile_009880,train,152,-67,1169,0
tile_001209,train,153,212,2156,0
tile_006283,train,154,436,1698,0
tile_009836,train,155,-45,1166,0
tile_009194,train,156,253,2145,0
tile_005155,train,157,445,1691,0
tile_026686,train,158,6,1303,0
tile_026455,train,159,217,1285,0
tile_014196,train,160,62,1228,0
tile_010066,train,161,-51,1176,0
tile_002718,train,162,226,2170,0
tile_008184,train,163,253,2117,0
tile_022646,train,164,209,1256,0
tile_013219,train,165,36,1224,0
tile_000587,train,166,217,2150,0
tile_013470,train,167,88,1225,0
tile_017013,train,168,47,1237,0
tile_001378,train,169,225,2157,0
tile_024346,train,170,205,1264,0
tile_015247,train,171,95,1231,0
tile_022522,train,172,228,1255,0
tile_002557,train,173,247,2168,0
tile_000194,train,174,200,2141,0
tile_002514,train,175,217,2168,0
tile_027142,train,176,75,1334,0
tile_026605,train,177,5,1295,0
tile_026657,train,178,166,1301,0
tile_007358,train,179,256,2109,0
tile_025717,train,180,230,1272,0
tile_026695,train,181,182,1303,0
tile_007566,train,182,251,2111,0
tile_009447,train,183,-121,1117,0
tile_025933,train,184,224,1275,0
tile_009542,train,185,-110,1136,0
tile_002830,train,186,227,2171,0
tile_001436,train,187,227,2157,0
tile_006771,train,188,235,2100,0
tile_026534,train,189,74,1291,0
tile_008796,train,190,249,2130,0
tile_023277,train,191,28,1259,0
tile_025960,train,192,68,1275,0
tile_019430,train,193,171,1245,0
tile_014344,train,194,43,1228,0
tile_000401,train,195,220,2146,0
tile_015597,train,196,117,1232,0
tile_012593,train,197,84,1222,0
tile_022094,train,198,-18,1254,0
tile_009599,train,199,-120,1141,0
tile_008744,train,200,256,2128,0
tile_004265,train,201,442,1682,0
tile_011654,train,202,44,1218,0
tile_023577,train,203,31,1261,0
tile_002416,train,204,216,2167,0
tile_008587,train,205,255,2123,0
tile_016935,train,206,-8,1237,0
tile_017034,train,207,77,1237,0
tile_007042,train,208,244,2106,0
tile_015157,train,209,88,1230,0
tile_017206,train,210,187,1238,0
tile_000293,train,211,234,2143,0
tile_003090,train,212,212,2177,0
tile_021126,train,213,57,1250,0
tile_010018,train,214,30,1175,0
tile_007948,train,215,262,2114,0
tile_015685,train,216,110,1232,0
tile_000251,train,217,217,2142,0
tile_001243,train,218,223,2156,0
tile_010322,train,219,-12,1186,0
tile_008984,train,220,240,2136,0
tile_011956,train,221,91,1219,0
tile_017073,train,222,51,1238,0
tile_007375,train,223,250,2110,0
tile_010823,train,224,-18,1202,0
tile_027206,train,225,76,1341,0
tile_008294,train,226,249,2119,0
tile_000423,train,227,237,2147,0
tile_001094,train,228,215,2155,0
tile_009498,train,229,-120,1133,0
tile_002542,train,230,219,2168,0
tile_019506,train,231,220,1246,0
tile_023310,train,232,-31,1259,0
tile_009731,train,233,-72,1162,0
tile_019143,train,234,58,1245,0
tile_023184,train,235,222,1258,0
tile_006612,train,236,243,2091,0
tile_010558,train,237,-50,1195,0
tile_027132,train,238,201,1332,0
tile_000025,train,239,192,2137,0
tile_003455,train,240,448,1666,0
tile_010150,train,241,-10,1183,0
tile_009837,train,242,-41,1166,0
tile_003092,train,243,231,2177,0
tile_018606,train,244,97,1243,0
tile_027234,train,245,75,1347,0
tile_003153,train,246,235,2179,0
tile_010510,train,247,61,1192,0
tile_013966,train,248,63,1227,0
tile_020873,train,249,78,1250,0
tile_024592,train,250,55,1265,0
tile_014827,train,251,59,1229,0
tile_021829,train,252,68,1253,0
tile_018395,train,253,47,1242,0
tile_002052,train,254,228,2162,0
tile_009813,train,255,-49,1165,0
tile_024105,train,256,29,1263,0
tile_018741,train,257,100,1243,0
tile_002546,train,258,224,2168,0
tile_022153,train,259,233,1254,0
tile_015576,train,260,90,1232,0
tile_013856,train,261,110,1226,0
tile_003382,train,262,244,2192,0
tile_022138,train,263,73,1254,0
tile_022175,train,264,51,1254,0
tile_009656,train,265,-104,1151,0
tile_002678,train,266,235,2169,0
tile_010930,train,267,70,1205,0
tile_003378,train,268,209,2190,0
tile_008596,train,269,251,2124,0
tile_016366,train,270,83,1234,0
tile_024687,train,271,234,1266,0
tile_025714,train,272,215,1272,0
tile_007816,train,273,245,2113,0
tile_016628,train,274,55,1235,0
tile_004820,train,275,435,1688,0
tile_016248,train,276,190,1234,0
tile_013532,train,277,55,1226,0
tile_009288,train,278,261,2159,0
tile_014655,train,279,62,1229,0
tile_012013,train,280,95,1219,0
tile_011750,train,281,63,1218,0
tile_022417,train,282,51,1255,0
tile_008494,train,283,252,2121,0
tile_014369,train,284,60,1228,0
tile_016433,train,285,102,1234,0
tile_020982,train,286,2,1250,0
tile_023369,train,287,47,1260,0
tile_008295,train,288,250,2119,0
tile_011085,train,289,26,1210,0
tile_000142,train,290,205,2140,0
tile_002447,train,291,227,2167,0
tile_002112,train,292,212,2163,0
tile_026562,train,293,182,1293,0
tile_006584,train,294,439,1720,0
tile_017594,train,295,85,1239,0
tile_011164,train,296,59,1212,0
tile_003227,train,297,231,2182,0
tile_000340,train,298,199,2145,0
tile_010856,train,299,-76,1203,0
tile_006544,train,300,441,1703,0
tile_016331,train,301,33,1234,0
tile_007907,train,302,260,2114,0
tile_027357,train,303,49,1368,0
tile_017976,train,304,57,1241,0
tile_002508,train,305,211,2168,0
tile_017208,train,306,196,1238,0
tile_011051,train,307,63,1209,0
tile_011395,train,308,36,1216,0
tile_003857,train,309,472,1676,0
tile_014266,train,310,55,1228,0
tile_026100,train,311,163,1278,0
tile_016986,train,312,174,1237,0
tile_018949,train,313,98,1244,0
tile_000642,train,314,234,2151,0
tile_023262,train,315,201,1259,0
tile_025460,train,316,210,1270,0
tile_009779,train,317,-75,1164,0
tile_016050,train,318,57,1233,0
tile_009917,train,319,-54,1173,0
tile_009619,train,320,-101,1144,0
tile_027346,train,321,63,1360,0
tile_020466,train,322,16,1249,0
tile_009364,train,323,259,2164,0
tile_026485,train,324,132,1287,0
tile_018465,train,325,14,1242,0
tile_014439,train,326,141,1228,0
tile_003542,train,327,452,1669,0
tile_016317,train,328,168,1234,0
tile_000700,train,329,224,2152,0
tile_018822,train,330,217,1243,0
tile_016110,train,331,-29,1233,0
tile_003730,train,332,470,1674,0
tile_010579,train,333,52,1196,0
tile_022471,train,334,46,1255,0
tile_003020,train,335,214,2174,0
tile_023686,train,336,47,1261,0
tile_010977,train,337,31,1206,0
tile_011057,train,338,-54,1209,0
tile_021865,train,339,-16,1253,0
tile_019952,train,340,63,1247,0
tile_022907,train,341,34,1257,0
tile_002301,train,342,226,2165,0
tile_018959,train,343,208,1244,0
tile_008844,train,344,247,2131,0
tile_024809,train,345,229,1266,0
tile_022311,train,346,92,1255,0
tile_010892,train,347,-73,1204,0
tile_003380,train,348,206,2191,0
tile_023727,train,349,230,1261,0
tile_026580,train,350,1,1294,0
tile_003562,train,351,456,1670,0
tile_002233,train,352,231,2165,0
tile_026042,train,353,244,1276,0
tile_008190,train,354,242,2117,0
tile_024334,train,355,56,1264,0
tile_010095,train,356,-29,1180,0
tile_003873,train,357,439,1677,0
tile_001577,train,358,216,2158,0
tile_009591,train,359,-110,1139,0
tile_026390,train,360,131,1284,0
tile_022585,train,361,222,1256,0
tile_003497,train,362,447,1668,0
tile_017284,train,363,176,1238,0
tile_006336,train,364,449,1699,0
tile_022721,train,365,48,1256,0
tile_005327,train,366,456,1691,0
tile_006459,train,367,441,1701,0
tile_016722,train,368,70,1236,0
tile_026950,train,369,66,1313,0
tile_016157,train,370,104,1233,0
tile_000832,train,371,214,2153,0
tile_010852,train,372,50,1203,0
tile_009719,train,373,-73,1162,0
tile_000373,train,374,211,2146,0
tile_023818,train,375,61,1262,0
tile_021689,train,376,68,1252,0
tile_011044,train,377,45,1209,0
tile_023580,train,378,33,1261,0
tile_008963,train,379,239,2136,0
tile_001148,train,380,218,2156,0
tile_006074,train,381,457,1696,0
tile_011953,train,382,90,1219,0
tile_014279,train,383,65,1228,0
tile_001762,train,384,223,2159,0
tile_002951,train,385,257,2173,0
tile_009754,train,386,-71,1163,0
tile_017131,train,387,58,1238,0
tile_004349,train,388,468,1683,0
tile_012542,train,389,87,1222,0
tile_015194,train,390,118,1230,0
tile_004608,train,391,450,1686,0
tile_018951,train,392,99,1244,0
tile_017609,train,393,164,1239,0
tile_002108,train,394,232,2163,0
tile_010525,train,395,-7,1193,0
tile_000889,train,396,207,2154,0
tile_000465,train,397,205,2148,0
tile_008129,train,398,259,2116,0
tile_011058,train,399,48,1209,0
tile_022570,train,400,197,1256,0
tile_026703,train,401,179,1303,0
tile_023760,train,402,196,1262,0
tile_026636,train,403,163,1299,0
tile_004515,train,404,444,1686,0
tile_007674,train,405,244,2112,0
tile_000208,train,406,195,2141,0
tile_017526,train,407,94,1239,0
tile_013056,train,408,96,1224,0
tile_010690,train,409,48,1200,0
tile_008465,train,410,258,2121,0
tile_010515,train,411,41,1193,0
tile_002535,train,412,208,2168,0
tile_009413,train,413,268,2169,0
tile_010609,train,414,60,1198,0
tile_008323,train,415,251,2119,0
tile_016028,train,416,191,1233,0
tile_002307,train,417,242,2165,0
tile_027226,train,418,15,1343,0
tile_009395,train,419,266,2166,0
tile_026368,train,420,128,1283,0
tile_012746,train,421,45,1223,0
tile_021027,train,422,59,1250,0
tile_010915,train,423,67,1204,0
tile_011718,train,424,42,1218,0
tile_007126,train,425,273,2107,0
tile_018084,train,426,74,1241,0
tile_004591,train,427,438,1686,0
tile_020799,train,428,37,1250,0
tile_002409,train,429,237,2166,0
tile_017943,train,430,129,1241,0
tile_009156,train,431,240,2142,0
tile_022965,train,432,35,1258,0
tile_003118,train,433,212,2178,0
tile_011453,train,434,60,1217,0
tile_007880,train,435,245,2114,0
tile_013211,train,436,126,1224,0
tile_020817,train,437,47,1250,0
tile_025566,train,438,228,1271,0
tile_004179,train,439,442,1681,0
tile_008524,train,440,246,2122,0
tile_020196,train,441,57,1248,0
tile_002680,train,442,238,2169,0
tile_024891,train,443,219,1267,0
tile_012770,train,444,92,1223,0
tile_016500,train,445,119,1235,0
tile_011363,train,446,59,1216,0
tile_006622,train,447,249,2092,0
tile_016164,train,448,112,1233,0
tile_006604,train,449,241,2091,0
tile_025651,train,450,207,1272,0
tile_010069,train,451,-65,1177,0
tile_024625,train,452,231,1265,0
tile_026531,train,453,77,1291,0
tile_024754,train,454,219,1266,0
tile_026007,train,455,179,1276,0
tile_019326,train,456,82,1245,0
tile_004482,train,457,441,1685,0
tile_027167,train,458,70,1339,0
tile_009448,train,459,-92,1117,0
tile_016963,train,460,55,1237,0
tile_008568,train,461,277,2123,0
tile_001026,train,462,213,2155,0
tile_000212,train,463,204,2141,0
tile_007522,train,464,264,2111,0
tile_023576,train,465,-9,1261,0
tile_009454,train,466,-90,1120,0
tile_016817,train,467,118,1236,0
tile_003206,train,468,234,2181,0
tile_022846,train,469,229,1257,0
tile_026656,train,470,185,1300,0
tile_011178,train,471,28,1213,0
tile_005111,train,472,440,1690,0
tile_007812,train,473,269,2113,0
tile_014105,train,474,55,1227,0
tile_016741,train,475,-4,1236,0
tile_000101,train,476,222,2139,0
tile_023359,train,477,-17,1260,0
tile_006162,train,478,447,1697,0
tile_024139,train,479,226,1263,0
tile_003726,train,480,454,1674,0
tile_025882,train,481,225,1274,0
tile_023703,train,482,75,1261,0
tile_025870,train,483,198,1274,0
tile_012798,train,484,36,1223,0
tile_021843,train,485,107,1253,0
tile_014790,train,486,118,1229,0
tile_021881,train,487,50,1253,0
tile_016975,train,488,84,1237,0
tile_023529,train,489,-23,1261,0
tile_017770,train,490,47,1240,0
tile_002631,train,491,248,2169,0
tile_025894,train,492,77,1275,0
tile_024499,train,493,233,1265,0
tile_012012,train,494,94,1219,0
tile_000367,train,495,204,2146,0
tile_017954,train,496,33,1241,0
tile_024004,train,497,61,1263,0
tile_026627,train,498,193,1297,0
tile_018814,train,499,185,1243,0
tile_003858,train,500,431,1676,0
tile_007162,train,501,271,2108,0
tile_008985,train,502,242,2136,0
tile_027096,train,503,188,1327,0
tile_009761,train,504,-113,1163,0
tile_024659,train,505,56,1266,0
tile_014251,train,506,115,1228,0
tile_026128,train,507,240,1278,0
tile_009096,train,508,240,2139,0
tile_026684,train,509,180,1303,0
tile_026801,train,510,41,1309,0
tile_010906,train,511,70,1204,0
tile_020701,train,512,42,1249,0
tile_022253,train,513,206,1254,0
tile_007145,train,514,271,2107,0
tile_008652,train,515,242,2125,0
tile_023896,train,516,215,1262,0
tile_018426,train,517,74,1242,0
tile_017726,train,518,60,1240,0
tile_016474,train,519,77,1235,0
tile_007062,train,520,272,2106,0
tile_017747,train,521,109,1240,0
tile_027000,train,522,66,1315,0
tile_018896,train,523,-5,1244,0
tile_004491,train,524,446,1685,0
tile_023490,train,525,34,1260,0
tile_009881,train,526,-63,1169,0
tile_003593,train,527,446,1671,0
tile_024711,train,528,215,1266,0
tile_026460,train,529,165,1285,0
tile_002077,train,530,219,2163,0
tile_006951,train,531,238,2104,0
tile_016938,train,532,31,1237,0
tile_022348,train,533,49,1255,0
tile_027134,train,534,203,1332,0
tile_000654,train,535,220,2151,0
tile_004065,train,536,437,1679,0
tile_014957,train,537,56,1230,0
tile_011304,train,538,-11,1215,0
tile_018356,train,539,107,1242,0
tile_002781,train,540,239,2170,0
tile_020786,train,541,15,1250,0
tile_026639,train,542,26,1299,0
tile_026057,train,543,246,1277,0
tile_000686,train,544,238,2151,0
tile_013643,train,545,94,1226,0
tile_010226,train,546,-73,1184,0
tile_022376,train,547,204,1255,0
tile_017797,train,548,76,1240,0
tile_027191,train,549,16,1341,0
tile_009100,train,550,254,2139,0
tile_008825,train,551,268,2130,0
tile_002270,train,552,211,2165,0
tile_003161,train,553,226,2180,0
tile_002217,train,554,241,2164,0
tile_006935,train,555,239,2104,0
tile_011233,train,556,22,1215,0
tile_026060,train,557,67,1277,0
tile_009317,train,558,272,2161,0
tile_008666,train,559,255,2126,0
tile_000070,train,560,217,2138,0
tile_024117,train,561,55,1263,0
tile_021360,train,562,118,1251,0
tile_016527,train,563,62,1235,0
tile_017242,train,564,74,1238,0
tile_003912,train,565,458,1677,0
tile_006929,train,566,259,2104,0
tile_003043,train,567,244,2175,0
tile_026377,train,568,44,1284,0
tile_021351,train,569,69,1251,0
tile_009443,train,570,-113,1112,0
tile_009221,train,571,262,2148,0
tile_021945,train,572,51,1253,0
tile_009440,train,573,-117,1109,0
tile_006901,train,574,243,2104,0
tile_003539,train,575,455,1669,0
tile_004740,train,576,451,1687,0
tile_019975,train,577,-7,1247,0
tile_007380,train,578,257,2110,0
tile_006627,train,579,241,2092,0
tile_024574,train,580,26,1265,0
tile_010692,train,581,49,1200,0
tile_027048,train,582,200,1320,0
tile_021691,train,583,74,1252,0
tile_008997,train,584,237,2137,0
tile_025572,train,585,241,1271,0
tile_012324,train,586,60,1221,0
tile_024042,train,587,30,1263,0
tile_005599,train,588,458,1693,0
tile_026860,train,589,186,1311,0
tile_003359,train,590,206,2189,0
tile_012223,train,591,88,1220,0
tile_017478,train,592,43,1239,0
tile_003782,train,593,458,1674,0
tile_003301,train,594,237,2184,0
tile_021069,train,595,124,1250,0
tile_008958,train,596,252,2135,0
tile_000524,train,597,215,2149,0
tile_007316,train,598,272,2109,0
tile_025788,train,599,179,1273,0
tile_007530,train,600,273,2111,0
tile_000211,train,601,202,2141,0
tile_009658,train,602,-98,1151,0
tile_026145,train,603,47,1279,0
tile_016812,train,604,97,1236,0
tile_009460,train,605,-120,1123,0
tile_007671,train,606,241,2112,0
tile_012237,train,607,117,1220,0
tile_022028,train,608,211,1253,0
tile_006426,train,609,449,1700,0
tile_000471,train,610,220,2148,0
tile_021973,train,611,117,1253,0
tile_026234,train,612,130,1281,0
tile_000281,train,613,209,2143,0
tile_008949,train,614,245,2135,0
tile_003630,train,615,466,1672,0
tile_002054,train,616,231,2162,0
tile_015048,train,617,78,1230,0
tile_021366,train,618,38,1251,0
tile_000449,train,619,239,2148,0
tile_014096,train,620,48,1227,0
tile_002214,train,621,236,2164,0
tile_009451,train,622,-120,1118,0
tile_008454,train,623,239,2121,0
tile_026013,train,624,228,1276,0
tile_026447,train,625,46,1285,0
tile_013224,train,626,50,1224,0
tile_025163,train,627,225,1268,0
tile_018775,train,628,45,1243,0
tile_022525,train,629,22,1256,0
tile_013552,train,630,89,1226,0
tile_023320,train,631,39,1259,0
tile_001641,train,632,211,2159,0
tile_013915,train,633,100,1227,0
tile_008272,train,634,256,2118,0
tile_000280,train,635,205,2143,0
tile_013787,train,636,53,1226,0
tile_002531,train,637,244,2168,0
tile_025807,train,638,211,1273,0
tile_021923,train,639,218,1253,0
tile_005446,train,640,453,1692,0
tile_009136,train,641,243,2141,0
tile_001147,train,642,217,2156,0
tile_002003,train,643,230,2162,0
tile_018527,train,644,-21,1243,0
tile_003337,train,645,237,2187,0
tile_022775,train,646,58,1257,0
tile_014315,train,647,101,1228,0
tile_009580,train,648,-106,1138,0
tile_012464,train,649,46,1221,0
tile_015230,train,650,62,1231,0
tile_002623,train,651,230,2169,0
tile_010998,train,652,13,1207,0
tile_002154,train,653,235,2164,0
tile_003929,train,654,456,1678,0
tile_015056,train,655,84,1230,0
tile_012430,train,656,51,1221,0
tile_013978,train,657,89,1227,0
tile_001102,train,658,218,2155,0
tile_000916,train,659,226,2154,0
tile_000361,train,660,217,2145,0
tile_009275,train,661,262,2158,0
tile_010487,train,662,51,1190,0
tile_016789,train,663,41,1236,0
tile_020124,train,664,59,1248,0
tile_019579,train,665,15,1246,0
tile_019027,train,666,-18,1244,0
tile_021723,train,667,50,1252,0
tile_017136,train,668,77,1238,0
tile_014158,train,669,108,1227,0
tile_020054,train,670,103,1247,0
tile_003050,train,671,232,2175,0
tile_009816,train,672,-43,1165,0
tile_012386,train,673,59,1221,0
tile_008541,train,674,258,2122,0
tile_010813,train,675,50,1202,0
tile_015544,train,676,55,1232,0
tile_021279,train,677,36,1251,0
tile_026825,train,678,203,1310,0
tile_008443,train,679,245,2121,0
tile_021159,train,680,75,1250,0
tile_016214,train,681,92,1234,0
tile_022746,train,682,226,1256,0
tile_017605,train,683,109,1239,0
tile_026237,train,684,45,1281,0
tile_024192,train,685,209,1263,0
tile_023762,train,686,202,1262,0
tile_007198,train,687,255,2108,0
tile_015269,train,688,115,1231,0
tile_014970,train,689,86,1230,0
tile_003651,train,690,441,1672,0
tile_002836,train,691,236,2171,0
tile_015440,train,692,-41,1231,0
tile_017854,train,693,73,1240,0
tile_026174,train,694,54,1279,0
tile_008174,train,695,240,2117,0
tile_015275,train,696,136,1231,0
tile_008998,train,697,240,2137,0
tile_026049,train,698,49,1277,0
tile_027052,train,699,213,1321,0
tile_015110,train,700,184,1230,0
tile_006904,train,701,261,2104,0
tile_012898,train,702,57,1223,0
tile_015799,train,703,48,1232,0
tile_004073,train,704,443,1679,0
tile_014002,train,705,103,1227,0
tile_020028,train,706,54,1247,0
tile_000422,train,707,234,2147,0
tile_026571,train,708,4,1294,0
tile_006650,train,709,254,2094,0
tile_009311,train,710,264,2161,0
tile_008612,train,711,253,2124,0
tile_008012,train,712,262,2115,0
tile_016026,train,713,158,1233,0
tile_015747,train,714,88,1232,0
tile_017274,train,715,109,1238,0
tile_008143,train,716,254,2116,0
tile_008373,train,717,259,2120,0
tile_015961,train,718,47,1233,0
tile_027227,train,719,73,1343,0
tile_006552,train,720,442,1703,0
tile_007878,train,721,267,2114,0
tile_010754,train,722,8,1201,0
tile_016139,train,723,91,1233,0
tile_025844,train,724,218,1274,0
tile_003869,train,725,468,1676,0
tile_012252,train,726,54,1220,0
tile_026037,train,727,75,1276,0
tile_004423,train,728,439,1685,0
tile_009508,train,729,-105,1134,0
tile_015679,train,730,100,1232,0
tile_007197,train,731,254,2108,0
tile_022916,train,732,46,1257,0
tile_006176,train,733,455,1697,0
tile_025364,train,734,216,1269,0
tile_002972,train,735,230,2173,0
tile_002863,train,736,213,2172,0
tile_014806,train,737,39,1229,0
tile_016118,train,738,53,1233,0
tile_019513,train,739,41,1246,0
tile_008926,train,740,237,2135,0
tile_010519,train,741,-10,1193,0
tile_009893,train,742,-51,1170,0
tile_025847,train,743,49,1274,0
tile_023828,train,744,76,1262,0
tile_013880,train,745,60,1227,0
tile_026218,train,746,54,1280,0
tile_013181,train,747,76,1224,0
tile_009245,train,748,250,2155,0
tile_004876,train,749,454,1688,0
tile_014466,train,750,82,1228,0
tile_023865,train,751,40,1262,0
tile_002284,train,752,229,2165,0
tile_015791,train,753,38,1232,0
tile_017277,train,754,171,1238,0
tile_008349,train,755,276,2119,0
tile_027131,train,756,215,1332,0
tile_009398,train,757,269,2166,0
tile_002354,train,758,245,2166,0
tile_022902,train,759,208,1257,0
tile_018345,train,760,80,1242,0
tile_006579,train,761,446,1713,0
tile_008013,train,762,271,2115,0
tile_003362,train,763,202,2189,0
tile_010988,train,764,32,1207,0
tile_006230,train,765,442,1697,0
tile_001929,train,766,210,2161,0
tile_009887,train,767,-109,1170,0
tile_021356,train,768,99,1251,0
tile_002461,train,769,246,2167,0
tile_026661,train,770,182,1301,0
tile_021712,train,771,224,1252,0
tile_023684,train,772,40,1261,0
tile_026039,train,773,212,1276,0
tile_003604,train,774,438,1672,0
tile_013002,train,775,3,1224,0
tile_021074,train,776,31,1250,0
tile_016127,train,777,61,1233,0
tile_007150,train,778,276,2107,0
tile_007569,train,779,252,2111,0
tile_000328,train,780,202,2144,0
tile_023956,train,781,120,1262,0
tile_003297,train,782,241,2184,0
tile_015525,train,783,4,1232,0
tile_021183,train,784,37,1251,0
tile_008621,train,785,272,2124,0
tile_008374,train,786,260,2120,0
tile_012007,train,787,88,1219,0
tile_004402,train,788,437,1684,0
tile_001054,train,789,228,2155,0
tile_024539,train,790,198,1265,0
tile_001640,train,791,210,2159,0
tile_003389,train,792,246,2192,0
tile_018835,train,793,41,1244,0
tile_010545,train,794,-2,1194,0
tile_001797,train,795,225,2160,0
tile_000569,train,796,213,2150,0
tile_006346,train,797,437,1699,0
tile_002489,train,798,218,2167,0
tile_018743,train,799,128,1243,0
tile_012415,train,800,-54,1221,0
tile_003008,train,801,211,2174,0
tile_006687,train,802,254,2097,0
tile_004171,train,803,459,1680,0
tile_019666,train,804,44,1246,0
tile_023924,train,805,28,1262,0
tile_018364,train,806,208,1242,0
tile_003930,train,807,457,1678,0
tile_010539,train,808,-21,1194,0
tile_027165,train,809,75,1339,0
tile_005005,train,810,452,1689,0
tile_010536,train,811,59,1194,0
tile_009468,train,812,-112,1124,0
tile_012755,train,813,53,1223,0
tile_005983,train,814,449,1695,0
tile_014436,train,815,117,1228,0
tile_022025,train,816,209,1253,0
tile_027081,train,817,27,1325,0
tile_024171,train,818,49,1263,0
tile_024881,train,819,57,1267,0
tile_002255,train,820,219,2165,0
tile_011006,train,821,65,1207,0
tile_004744,train,822,459,1687,0
tile_004761,train,823,439,1688,0
tile_027197,train,824,13,1341,0
tile_009579,train,825,-110,1138,0
tile_011377,train,826,46,1216,0
tile_015937,train,827,109,1233,0
tile_011686,train,828,88,1218,0
tile_004195,train,829,440,1681,0
tile_026750,train,830,41,1306,0
tile_000624,train,831,208,2151,0
tile_019892,train,832,117,1247,0
tile_002873,train,833,245,2172,0
tile_008480,train,834,261,2121,0
tile_024791,train,835,61,1266,0
tile_008902,train,836,250,2134,0
tile_010458,train,837,-69,1189,0
tile_003045,train,838,224,2175,0
tile_018083,train,839,65,1241,0
tile_017847,train,840,61,1240,0
tile_016199,train,841,61,1234,0
tile_017898,train,842,52,1241,0
tile_007587,train,843,242,2112,0
tile_011885,train,844,64,1219,0
tile_006677,train,845,245,2097,0
tile_000430,train,846,216,2147,0
tile_006638,train,847,244,2093,0
tile_017213,train,848,204,1238,0
tile_004284,train,849,447,1683,0
tile_009390,train,850,272,2166,0
tile_020993,train,851,42,1250,0
tile_018006,train,852,93,1241,0
tile_022844,train,853,226,1257,0
tile_010809,train,854,8,1202,0
tile_023522,train,855,213,1260,0
tile_025660,train,856,213,1272,0
tile_016244,train,857,142,1234,0
tile_022945,train,858,202,1257,0
tile_010648,train,859,5,1199,0
tile_021062,train,860,91,1250,0
tile_000484,train,861,213,2148,0
tile_025219,train,862,227,1269,0
tile_003010,train,863,216,2174,0
tile_003771,train,864,439,1674,0
tile_007525,train,865,270,2111,0
tile_000363,train,866,220,2145,0
tile_011169,train,867,28,1212,0
tile_010560,train,868,-11,1195,0
tile_018070,train,869,61,1241,0
tile_015635,train,870,59,1232,0
tile_012024,train,871,100,1219,0
tile_002271,train,872,216,2165,0
tile_018245,train,873,73,1242,0
tile_016058,train,874,76,1233,0
tile_009869,train,875,-40,1168,0
tile_009632,train,876,-110,1146,0
tile_017871,train,877,174,1240,0
tile_004047,train,878,440,1679,0
tile_015196,train,879,140,1230,0
tile_009250,train,880,265,2156,0
tile_008936,train,881,275,2135,0
tile_007576,train,882,262,2111,0
tile_023128,train,883,215,1258,0
tile_023104,train,884,79,1258,0
tile_013216,train,885,24,1224,0
tile_025650,train,886,206,1272,0
tile_011396,train,887,42,1216,0
tile_011351,train,888,89,1216,0
tile_020035,train,889,57,1247,0
tile_014292,train,890,88,1228,0
tile_022203,train,891,213,1254,0
tile_006386,train,892,446,1699,0
tile_010766,train,893,70,1201,0
tile_021847,train,894,144,1253,0
tile_011034,train,895,34,1208,0
tile_019238,train,896,80,1245,0
tile_000083,train,897,197,2139,0
tile_020814,train,898,45,1250,0
tile_004344,train,899,453,1683,0
tile_026365,train,900,68,1283,0
tile_025878,train,901,223,1274,0
tile_010500,train,902,57,1191,0
tile_008045,train,903,260,2115,0
tile_024842,train,904,208,1267,0
tile_000732,train,905,213,2152,0
tile_021574,train,906,214,1252,0
tile_006582,train,907,447,1713,0
tile_000356,train,908,235,2145,0
tile_008230,train,909,248,2118,0
tile_026634,train,910,210,1299,0
tile_016440,train,911,111,1234,0
tile_027049,train,912,142,1321,0
tile_023431,train,913,201,1260,0
tile_020446,train,914,70,1249,0
tile_009368,train,915,274,2164,0
tile_024854,train,916,229,1267,0
tile_000258,train,917,200,2143,0
tile_019809,train,918,84,1247,0
tile_019356,train,919,36,1245,0
tile_017724,train,920,57,1240,0
tile_014112,train,921,58,1227,0
tile_007600,train,922,252,2112,0
tile_015354,train,923,4,1231,0
tile_022524,train,924,229,1255,0
tile_025769,train,925,209,1273,0
tile_002001,train,926,226,2162,0
tile_009874,train,927,-111,1169,0
tile_019107,train,928,6,1245,0
tile_002206,train,929,224,2164,0
tile_024839,train,930,69,1267,0
tile_003027,train,931,231,2174,0
tile_009927,train,932,-65,1174,0
tile_015955,train,933,39,1233,0
tile_022040,train,934,41,1254,0
tile_009491,train,935,-110,1132,0
tile_005374,train,936,434,1692,0
tile_025441,train,937,42,1270,0
tile_006652,train,938,243,2094,0
tile_008842,train,939,245,2131,0
tile_012993,train,940,100,1223,0
tile_011593,train,941,92,1217,0
tile_007071,train,942,254,2106,0
tile_018029,train,943,134,1241,0
tile_009103,train,944,240,2140,0
tile_010230,train,945,-69,1184,0
tile_018390,train,946,42,1242,0
tile_022940,train,947,177,1257,0
tile_006564,train,948,446,1704,0
tile_024179,train,949,58,1263,0
tile_004396,train,950,451,1684,0
tile_010858,train,951,33,1203,0
tile_008027,train,952,250,2115,0
tile_005851,train,953,443,1694,0
tile_009470,train,954,-124,1125,0
tile_003119,train,955,227,2178,0
tile_025094,train,956,15,1268,0
tile_018708,train,957,51,1243,0
tile_024761,train,958,228,1266,0
tile_002179,train,959,238,2164,0
tile_007664,train,960,257,2112,0
tile_014337,train,961,112,1228,0
tile_010159,train,962,-11,1183,0
tile_024903,train,963,230,1267,0
tile_017287,train,964,193,1238,0
tile_000294,train,965,235,2143,0
tile_015384,train,966,70,1231,0
tile_008790,train,967,252,2129,0
tile_014178,train,968,54,1228,0
tile_026543,train,969,183,1292,0
tile_012411,train,970,103,1221,0
tile_024338,train,971,61,1264,0
tile_022995,train,972,176,1258,0
tile_017047,train,973,183,1237,0
tile_005683,train,974,455,1693,0
tile_014351,train,975,51,1228,0
tile_016685,train,976,109,1236,0
tile_008930,train,977,241,2135,0
tile_014298,train,978,89,1228,0
tile_005228,train,979,438,1691,0
tile_003970,train,980,444,1678,0
tile_002986,train,981,237,2173,0
tile_025889,train,982,42,1275,0
tile_002995,train,983,225,2174,0
tile_025212,train,984,212,1269,0
tile_017298,train,985,34,1239,0
tile_010850,train,986,68,1203,0
tile_010943,train,987,45,1205,0
tile_017199,train,988,98,1238,0
tile_006788,train,989,241,2101,0
tile_003611,train,990,456,1672,0
tile_019555,train,991,63,1246,0
tile_023108,train,992,177,1258,0
tile_027084,train,993,26,1325,0
tile_009213,train,994,255,2148,0
tile_000520,train,995,234,2149,0
tile_005751,train,996,440,1694,0
tile_026858,train,997,206,1311,0
tile_010447,train,998,-74,1189,0
tile_009592,train,999,-106,1139,0
tile_003787,train,1000,462,1674,0
tile_015870,train,1001,186,1232,0
tile_005458,train,1002,458,1692,0
tile_020995,train,1003,44,1250,0
tile_018540,train,1004,24,1243,0
tile_026087,train,1005,127,1277,0
tile_023081,train,1006,52,1258,0
tile_025884,train,1007,249,1274,0
tile_008285,train,1008,253,2118,0
tile_011225,train,1009,50,1214,0
tile_015734,train,1010,79,1232,0
tile_026946,train,1011,201,1313,0
tile_014878,train,1012,3,1230,0
tile_009090,train,1013,251,2139,0
tile_027183,train,1014,72,1340,0
tile_006514,train,1015,446,1702,0
tile_027296,train,1016,27,1357,0
tile_002751,train,1017,212,2170,0
tile_008914,train,1018,240,2134,0
tile_005564,train,1019,443,1693,0
tile_007861,train,1020,252,2114,0
tile_024688,train,1021,235,1266,0
tile_005373,train,1022,460,1692,0
tile_026538,train,1023,58,1292,0
tile_026655,train,1024,105,1300,0
tile_011176,train,1025,-37,1213,0
tile_008916,train,1026,244,2134,0
tile_004331,train,1027,438,1683,0
tile_002107,train,1028,231,2163,0
tile_022380,train,1029,212,1255,0
tile_026202,train,1030,218,1280,0
tile_009452,train,1031,-109,1118,0
tile_007557,train,1032,242,2111,0
tile_006076,train,1033,458,1696,0
tile_003729,train,1034,469,1674,0
tile_008655,train,1035,267,2125,0
tile_023488,train,1036,215,1260,0
tile_009889,train,1037,-41,1170,0
tile_023982,train,1038,233,1262,0
tile_014445,train,1039,50,1228,0
tile_025606,train,1040,113,1271,0
tile_015866,train,1041,116,1232,0
tile_012551,train,1042,99,1222,0
tile_000336,train,1043,210,2145,0
tile_014544,train,1044,54,1229,0
tile_000337,train,1045,214,2145,0
tile_022584,train,1046,221,1256,0
tile_017882,train,1047,34,1241,0
tile_013901,train,1048,93,1227,0
tile_027260,train,1049,81,1356,0
tile_021789,train,1050,226,1252,0
tile_011560,train,1051,45,1217,0
tile_000250,train,1052,215,2142,0
tile_006496,train,1053,446,1701,0
tile_023694,train,1054,59,1261,0
tile_025111,train,1055,70,1268,0
tile_022599,train,1056,39,1256,0
tile_000345,train,1057,222,2145,0
tile_008507,train,1058,251,2122,0
tile_027303,train,1059,112,1357,0
tile_011836,train,1060,91,1218,0
tile_023736,train,1061,37,1262,0
tile_025484,train,1062,232,1270,0
tile_009006,train,1063,274,2137,0
tile_006817,train,1064,243,2102,0
tile_011026,train,1065,17,1208,0
tile_002842,train,1066,209,2171,0
tile_008830,train,1067,248,2131,0
tile_000320,train,1068,215,2144,0
tile_022205,train,1069,217,1254,0
tile_018244,train,1070,67,1242,0
tile_025832,train,1071,227,1274,0
tile_013728,train,1072,83,1226,0
tile_003072,train,1073,226,2176,0
tile_008646,train,1074,265,2125,0
tile_017938,train,1075,103,1241,0
tile_026609,train,1076,3,1295,0
tile_023557,train,1077,206,1261,0
tile_015873,train,1078,-28,1233,0
tile_016788,train,1079,40,1236,0
tile_023955,train,1080,64,1262,0
tile_008959,train,1081,236,2136,0
tile_019721,train,1082,81,1246,0
tile_022768,train,1083,53,1257,0
tile_013359,train,1084,94,1225,0
tile_023284,train,1085,41,1259,0
tile_010626,train,1086,53,1199,0
tile_017921,train,1087,76,1241,0
tile_027194,train,1088,74,1341,0
tile_024968,train,1089,55,1267,0
tile_017295,train,1090,29,1239,0
tile_012571,train,1091,51,1222,0
tile_000441,train,1092,216,2148,0
tile_007080,train,1093,263,2106,0
tile_018524,train,1094,111,1242,0
tile_003356,train,1095,201,2188,0
tile_017117,train,1096,48,1238,0
tile_002875,train,1097,209,2172,0
tile_025705,train,1098,204,1272,0
tile_021580,train,1099,20,1252,0
tile_025624,train,1100,42,1271,0
tile_018750,train,1101,209,1243,0
tile_009200,train,1102,253,2146,0
tile_025313,train,1103,215,1269,0
tile_024889,train,1104,203,1267,0
tile_010877,train,1105,32,1204,0
tile_012696,train,1106,49,1222,0
tile_013506,train,1107,37,1226,0
tile_008038,train,1108,254,2115,0
tile_012723,train,1109,96,1222,0
tile_014578,train,1110,86,1229,0
tile_022022,train,1111,79,1253,0
tile_016851,train,1112,52,1237,0
tile_016235,train,1113,109,1234,0
tile_009458,train,1114,-94,1120,0
tile_020932,train,1115,54,1250,0
tile_016607,train,1116,117,1235,0
tile_027244,train,1117,22,1350,0
tile_003288,train,1118,200,2184,0
tile_019749,train,1119,41,1247,0
tile_016120,train,1120,54,1233,0
tile_026498,train,1121,189,1287,0
tile_016315,train,1122,166,1234,0
tile_004615,train,1123,439,1687,0
tile_014879,train,1124,4,1230,0
tile_014011,train,1125,166,1227,0
tile_010176,train,1126,16,1183,0
tile_021637,train,1127,114,1252,0
tile_002018,train,1128,218,2162,0
tile_010987,train,1129,27,1207,0
tile_001111,train,1130,220,2155,0
tile_014359,train,1131,58,1228,0
tile_008683,train,1132,246,2127,0
tile_013820,train,1133,91,1226,0
tile_009315,train,1134,261,2161,0
tile_013387,train,1135,50,1225,0
tile_000601,train,1136,236,2150,0
tile_023846,train,1137,230,1262,0
tile_010990,train,1138,11,1207,0
tile_026501,train,1139,187,1288,0
tile_006536,train,1140,445,1702,0
tile_000308,train,1141,231,2144,0
tile_007779,train,1142,244,2113,0
tile_021907,train,1143,78,1253,0
tile_002329,train,1144,231,2166,0
tile_021556,train,1145,61,1252,0
tile_025159,train,1146,218,1268,0
tile_017940,train,1147,111,1241,0
tile_003109,train,1148,241,2177,0
tile_011234,train,1149,24,1215,0
tile_003293,train,1150,199,2184,0
tile_011203,train,1151,30,1214,0
tile_023121,train,1152,202,1258,0
tile_026097,train,1153,127,1278,0
tile_024226,train,1154,30,1264,0
tile_000292,train,1155,219,2143,0
tile_013326,train,1156,34,1225,0
tile_011463,train,1157,87,1217,0
tile_008405,train,1158,248,2120,0
tile_009646,train,1159,-95,1148,0
tile_026186,train,1160,109,1280,0
tile_026041,train,1161,226,1276,0
tile_026216,train,1162,221,1280,0
tile_012868,train,1163,-5,1223,0
tile_019049,train,1164,49,1244,0
tile_025549,train,1165,56,1271,0
tile_022464,train,1166,39,1255,0
tile_022848,train,1167,33,1257,0
tile_017997,train,1168,64,1241,0
tile_009423,train,1169,-114,1103,0
tile_004955,train,1170,447,1689,0
tile_008932,train,1171,243,2135,0
tile_024795,train,1172,119,1266,0
tile_012590,train,1173,63,1222,0
tile_018759,train,1174,31,1243,0
tile_010361,train,1175,-51,1186,0
tile_000172,train,1176,215,2140,0
tile_016204,train,1177,71,1234,0
tile_011021,train,1178,60,1208,0
tile_004253,train,1179,448,1682,0
tile_016236,train,1180,110,1234,0
tile_008912,train,1181,236,2134,0
tile_025061,train,1182,65,1268,0
tile_010143,train,1183,-70,1183,0
tile_006551,train,1184,445,1703,0
tile_010404,train,1185,-50,1187,0
tile_005329,train,1186,433,1692,0
tile_027315,train,1187,112,1358,0
tile_021558,train,1188,62,1252,0
tile_003365,train,1189,210,2189,0
tile_000164,train,1190,193,2140,0
tile_023455,train,1191,52,1260,0
tile_017665,train,1192,78,1240,0
tile_022382,train,1193,215,1255,0
tile_026533,train,1194,182,1291,0
tile_022882,train,1195,105,1257,0
tile_017327,train,1196,58,1239,0
tile_014865,train,1197,111,1229,0
tile_010431,train,1198,-5,1188,0
tile_013547,train,1199,84,1226,0
tile_020888,train,1200,35,1250,0
tile_027055,train,1201,87,1322,0
tile_017418,train,1202,78,1239,0
tile_000645,train,1203,209,2151,0
tile_000434,train,1204,227,2147,0
tile_009518,train,1205,-109,1135,0
tile_014248,train,1206,113,1228,0
tile_027235,train,1207,14,1347,0
tile_026931,train,1208,198,1312,0
tile_025791,train,1209,214,1273,0
tile_009192,train,1210,252,2144,0
tile_011025,train,1211,9,1208,0
tile_022959,train,1212,213,1257,0
tile_002987,train,1213,238,2173,0
tile_004235,train,1214,457,1682,0
tile_023681,train,1215,232,1261,0
tile_000568,train,1216,208,2150,0
tile_009302,train,1217,262,2160,0
tile_003106,train,1218,232,2177,0
tile_024691,train,1219,31,1266,0
tile_026814,train,1220,200,1310,0
tile_026826,train,1221,88,1311,0
tile_000669,train,1222,214,2151,0
tile_021563,train,1223,70,1252,0
tile_009861,train,1224,-119,1168,0
tile_011691,train,1225,90,1218,0
tile_013029,train,1226,56,1224,0
tile_003822,train,1227,451,1675,0
tile_022652,train,1228,216,1256,0
tile_001196,train,1229,224,2156,0
tile_009867,train,1230,-49,1168,0
tile_025369,train,1231,218,1269,0
tile_022282,train,1232,50,1255,0
tile_021023,train,1233,56,1250,0
tile_022418,train,1234,53,1255,0
tile_010847,train,1235,52,1203,0
tile_027258,train,1236,9,1356,0
tile_009701,train,1237,-123,1157,0
tile_017776,train,1238,51,1240,0
tile_024191,train,1239,139,1263,0
tile_008023,train,1240,249,2115,0
tile_019479,train,1241,78,1246,0
tile_009205,train,1242,258,2147,0
tile_016806,train,1243,77,1236,0
tile_003898,train,1244,460,1677,0
tile_006769,train,1245,264,2100,0
tile_024123,train,1246,57,1263,0
tile_017214,train,1247,28,1238,0
tile_002312,train,1248,213,2166,0
tile_027056,train,1249,167,1322,0
tile_009063,train,1250,247,2138,0
tile_002732,train,1251,248,2170,0
tile_023463,train,1252,56,1260,0
tile_014176,train,1253,52,1228,0
tile_011367,train,1254,60,1216,0
tile_019707,train,1255,58,1246,0
tile_010127,train,1256,-7,1182,0
tile_012685,train,1257,43,1222,0
tile_027252,train,1258,105,1354,0
tile_010649,train,1259,33,1199,0
tile_014253,train,1260,120,1228,0
tile_025987,train,1261,208,1276,0
tile_019317,train,1262,78,1245,0
tile_007388,train,1263,270,2110,0
tile_000402,train,1264,223,2146,0
tile_016304,train,1265,106,1234,0
tile_002769,train,1266,205,2170,0
tile_008097,train,1267,252,2116,0
tile_009424,train,1268,-117,1103,0
tile_011059,train,1269,60,1209,0
tile_026587,train,1270,2,1294,0
tile_016451,train,1271,-28,1235,0
tile_000042,train,1272,213,2137,0
tile_001658,train,1273,218,2159,0
tile_004857,train,1274,442,1688,0
tile_023272,train,1275,214,1259,0
tile_003469,train,1276,440,1667,0
tile_024571,train,1277,235,1265,0
tile_006305,train,1278,450,1698,0
tile_008590,train,1279,279,2123,0
tile_011972,train,1280,17,1219,0
tile_020325,train,1281,51,1248,0
tile_018362,train,1282,207,1242,0
tile_011973,train,1283,28,1219,0
tile_006797,train,1284,240,2101,0
tile_025523,train,1285,241,1270,0
tile_000924,train,1286,211,2154,0
tile_024545,train,1287,202,1265,0
tile_008479,train,1288,260,2121,0
tile_011075,train,1289,16,1210,0
tile_003298,train,1290,197,2184,0
tile_019343,train,1291,109,1245,0
tile_004973,train,1292,455,1689,0
tile_023505,train,1293,59,1260,0
tile_020155,train,1294,17,1248,0
tile_013781,train,1295,51,1226,0
tile_010092,train,1296,-70,1180,0
tile_009584,train,1297,-124,1139,0
tile_018755,train,1298,-4,1243,0
tile_017535,train,1299,173,1239,0
tile_009895,train,1300,-120,1170,0
tile_005430,train,1301,446,1692,0
tile_009651,train,1302,-92,1150,0
tile_002788,train,1303,211,2171,0
tile_013861,train,1304,11,1227,0
tile_007803,train,1305,254,2113,0
tile_026658,train,1306,195,1301,0
tile_020690,train,1307,34,1249,0
tile_007909,train,1308,261,2114,0
tile_027045,train,1309,159,1320,0
tile_015904,train,1310,80,1233,0
tile_026004,train,1311,73,1276,0
tile_009487,train,1312,-98,1132,0
tile_026584,train,1313,58,1294,0
tile_010062,train,1314,-78,1176,0
tile_002410,train,1315,241,2166,0
tile_024966,train,1316,54,1267,0
tile_012177,train,1317,-12,1220,0
tile_024355,train,1318,231,1264,0
tile_026287,train,1319,45,1282,0
tile_017794,train,1320,63,1240,0
tile_015041,train,1321,59,1230,0
tile_008384,train,1322,249,2120,0
tile_003591,train,1323,433,1671,0
tile_017508,train,1324,63,1239,0
tile_026228,train,1325,39,1281,0
tile_006588,train,1326,442,1724,0
tile_003795,train,1327,443,1675,0
tile_027306,train,1328,79,1358,0
tile_017142,train,1329,93,1238,0
tile_002331,train,1330,236,2166,0
tile_016173,train,1331,159,1233,0
tile_000553,train,1332,233,2150,0
tile_006599,train,1333,259,2087,0
tile_016107,train,1334,189,1233,0
tile_021709,train,1335,218,1252,0
tile_026506,train,1336,176,1288,0
tile_002862,train,1337,212,2172,0
tile_016985,train,1338,171,1237,0
tile_000393,train,1339,222,2146,0
tile_020785,train,1340,14,1250,0
tile_011159,train,1341,26,1212,0
tile_018168,train,1342,79,1241,0
tile_010687,train,1343,7,1200,0
tile_006663,train,1344,233,2096,0
tile_019032,train,1345,39,1244,0
tile_017370,train,1346,201,1239,0
tile_002357,train,1347,207,2166,0
tile_026509,train,1348,180,1289,0
tile_003473,train,1349,442,1667,0
tile_027353,train,1350,89,1363,0
tile_010080,train,1351,-95,1179,0
tile_002534,train,1352,248,2168,0
tile_018729,train,1353,77,1243,0
tile_020390,train,1354,36,1249,0
tile_006637,train,1355,241,2093,0
tile_007618,train,1356,245,2112,0
tile_024403,train,1357,29,1265,0
tile_018211,train,1358,45,1242,0
tile_009522,train,1359,-128,1136,0
tile_010931,train,1360,71,1205,0
tile_009347,train,1361,274,2163,0
tile_008134,train,1362,247,2116,0
tile_007668,train,1363,259,2112,0
tile_011124,train,1364,59,1211,0
tile_017858,train,1365,93,1240,0
tile_004719,train,1366,441,1687,0
tile_005090,train,1367,449,1690,0
tile_024861,train,1368,232,1267,0
tile_001603,train,1369,224,2158,0
tile_009665,train,1370,-104,1152,0
tile_011963,train,1371,98,1219,0
tile_000522,train,1372,239,2149,0
tile_002756,train,1373,229,2170,0
tile_003827,train,1374,445,1675,0
tile_001202,train,1375,229,2156,0
tile_012934,train,1376,105,1223,0
tile_004473,train,1377,447,1685,0
tile_020651,train,1378,78,1249,0
tile_027340,train,1379,64,1359,0
tile_002282,train,1380,227,2165,0
tile_009114,train,1381,242,2140,0
tile_022567,train,1382,100,1256,0
tile_003398,train,1383,445,1662,0
tile_008543,train,1384,268,2122,0
tile_015720,train,1385,49,1232,0
tile_021918,train,1386,213,1253,0
tile_002664,train,1387,208,2169,0
tile_026038,train,1388,127,1276,0
tile_011096,train,1389,45,1210,0
tile_005008,train,1390,446,1690,0
tile_016969,train,1391,62,1237,0
tile_005072,train,1392,434,1690,0
tile_027039,train,1393,176,1319,0
tile_008378,train,1394,244,2120,0
tile_000049,train,1395,219,2138,0
tile_004007,train,1396,453,1678,0
tile_012634,train,1397,50,1222,0
tile_007108,train,1398,263,2107,0
tile_021517,train,1399,38,1252,0
tile_002518,train,1400,220,2168,0
tile_002821,train,1401,256,2171,0
tile_009534,train,1402,-115,1136,0
tile_000245,train,1403,230,2142,0
tile_027222,train,1404,77,1342,0
tile_026675,train,1405,36,1302,0
tile_005328,train,1406,460,1691,0
tile_006619,train,1407,239,2092,0
tile_002393,train,1408,219,2166,0
tile_005649,train,1409,440,1693,0
tile_027212,train,1410,75,1342,0
tile_021690,train,1411,72,1252,0
tile_020464,train,1412,15,1249,0
tile_024840,train,1413,120,1267,0
tile_023858,train,1414,35,1262,0
tile_022511,train,1415,220,1255,0
tile_027070,train,1416,201,1324,0
tile_021752,train,1417,64,1252,0
tile_003349,train,1418,200,2188,0
tile_006631,train,1419,242,2093,0
tile_000689,train,1420,209,2152,0
tile_019323,train,1421,81,1245,0
tile_019465,train,1422,55,1246,0
tile_015952,train,1423,36,1233,0
tile_004935,train,1424,454,1689,0
tile_008599,train,1425,240,2124,0
tile_016954,train,1426,48,1237,0
tile_026404,train,1427,68,1284,0
tile_017760,train,1428,218,1240,0
tile_003544,train,1429,450,1670,0
tile_025725,train,1430,199,1272,0
tile_002144,train,1431,220,2164,0
tile_026059,train,1432,48,1277,0
tile_003123,train,1433,247,2178,0
tile_020242,train,1434,44,1248,0
tile_005074,train,1435,437,1690,0
tile_019815,train,1436,172,1247,0
tile_001130,train,1437,229,2155,0
tile_026743,train,1438,176,1306,0
tile_003517,train,1439,446,1669,0
tile_009445,train,1440,-122,1116,0
tile_014582,train,1441,88,1229,0
tile_023632,train,1442,-27,1261,0
tile_012560,train,1443,-7,1222,0
tile_021651,train,1444,41,1252,0
tile_013582,train,1445,111,1226,0
tile_005355,train,1446,448,1692,0
tile_023268,train,1447,203,1259,0
tile_008724,train,1448,239,2128,0
tile_006821,train,1449,255,2102,0
tile_004826,train,1450,446,1688,0
tile_025580,train,1451,112,1271,0
tile_008628,train,1452,247,2125,0
tile_019089,train,1453,71,1244,0
tile_026874,train,1454,79,1311,0
tile_027065,train,1455,120,1323,0
tile_013456,train,1456,55,1225,0
tile_022334,train,1457,232,1255,0
tile_026232,train,1458,49,1281,0
tile_020354,train,1459,60,1248,0
tile_026188,train,1460,131,1280,0
tile_020981,train,1461,221,1250,0
tile_002366,train,1462,218,2166,0
tile_014911,train,1463,94,1230,0
tile_020599,train,1464,46,1249,0
tile_013611,train,1465,58,1226,0
tile_011165,train,1466,75,1212,0
tile_002578,train,1467,209,2168,0
tile_021792,train,1468,40,1253,0
tile_022971,train,1469,50,1258,0
tile_024578,train,1470,47,1265,0
tile_017087,train,1471,63,1238,0
tile_007144,train,1472,270,2107,0
tile_008708,train,1473,248,2127,0
tile_002691,train,1474,215,2169,0
tile_009062,train,1475,243,2138,0
tile_011201,train,1476,61,1214,0
tile_006163,train,1477,448,1697,0
tile_012401,train,1478,90,1221,0
tile_002067,train,1479,227,2163,0
tile_015163,train,1480,96,1230,0
tile_017560,train,1481,49,1239,0
tile_027304,train,1482,29,1358,0
tile_010946,train,1483,64,1205,0
tile_008979,train,1484,251,2136,0
tile_010274,train,1485,-10,1185,0
tile_006702,train,1486,236,2098,0
tile_010622,train,1487,56,1198,0
tile_018406,train,1488,54,1242,0
tile_004762,train,1489,441,1688,0
tile_022541,train,1490,50,1256,0
tile_022191,train,1491,57,1254,0
tile_011875,train,1492,58,1219,0
tile_007199,train,1493,256,2108,0
tile_020131,train,1494,71,1248,0
tile_007453,train,1495,254,2110,0
tile_009017,train,1496,245,2137,0
tile_008712,train,1497,252,2127,0
tile_009512,train,1498,-104,1134,0
tile_016456,train,1499,-4,1235,0
tile_020072,train,1500,20,1248,0
tile_010889,train,1501,33,1204,0
tile_018684,train,1502,215,1243,0
tile_009422,train,1503,-105,1100,0
tile_016455,train,1504,-22,1235,0
tile_025943,train,1505,222,1275,0
tile_000782,train,1506,221,2153,0
tile_025597,train,1507,227,1271,0
tile_013045,train,1508,90,1224,0
tile_026091,train,1509,225,1277,0
tile_021781,train,1510,213,1252,0
tile_022313,train,1511,96,1255,0
tile_009943,train,1512,-68,1174,0
tile_018560,train,1513,46,1243,0
tile_003379,train,1514,209,2191,0
tile_025988,train,1515,221,1276,0
tile_010019,train,1516,-115,1176,0
tile_018783,train,1517,48,1243,0
tile_022411,train,1518,47,1255,0
tile_025590,train,1519,213,1271,0
tile_006993,train,1520,248,2105,0
tile_004339,train,1521,450,1683,0
tile_026510,train,1522,181,1289,0
tile_023616,train,1523,220,1261,0
tile_017300,train,1524,35,1239,0
tile_016503,train,1525,167,1235,0
tile_025605,train,1526,77,1271,0
tile_009716,train,1527,-70,1161,0
tile_020299,train,1528,118,1248,0
tile_009767,train,1529,-72,1163,0
tile_017742,train,1530,83,1240,0
tile_002809,train,1531,225,2171,0
tile_001089,train,1532,227,2155,0
tile_026794,train,1533,78,1308,0
tile_010845,train,1534,10,1203,0
tile_000185,train,1535,215,2141,0
tile_009596,train,1536,-98,1140,0
tile_018946,train,1537,96,1244,0
tile_002648,train,1538,227,2169,0
tile_018557,train,1539,43,1243,0
tile_011204,train,1540,31,1214,0
tile_010480,train,1541,-3,1190,0
tile_004462,train,1542,442,1685,0
tile_017035,train,1543,85,1237,0
tile_008385,train,1544,250,2120,0
tile_023707,train,1545,201,1261,0
tile_015805,train,1546,51,1232,0
tile_002380,train,1547,239,2166,0
tile_018604,train,1548,95,1243,0
tile_010803,train,1549,-20,1202,0
tile_002948,train,1550,235,2173,0
tile_003032,train,1551,244,2174,0
tile_004157,train,1552,455,1680,0
tile_017075,train,1553,52,1238,0
tile_023519,train,1554,209,1260,0
tile_005501,train,1555,456,1692,0
tile_010248,train,1556,-8,1184,0
tile_001859,train,1557,217,2160,0
tile_023227,train,1558,27,1259,0
tile_002507,train,1559,207,2168,0
tile_017606,train,1560,118,1239,0
tile_026110,train,1561,78,1278,0
tile_009548,train,1562,-107,1136,0
tile_017703,train,1563,45,1240,0
tile_016442,train,1564,161,1234,0
tile_007147,train,1565,274,2107,0
tile_003760,train,1566,465,1674,0
tile_024621,train,1567,228,1265,0
tile_009320,train,1568,259,2162,0
tile_019174,train,1569,83,1245,0
tile_020870,train,1570,76,1250,0
tile_003287,train,1571,198,2184,0
tile_009211,train,1572,263,2148,0
tile_006908,train,1573,276,2104,0
tile_023290,train,1574,56,1259,0
tile_025592,train,1575,214,1271,0
tile_010478,train,1576,36,1189,0
tile_006708,train,1577,263,2098,0
tile_013586,train,1578,43,1226,0
tile_023852,train,1579,231,1262,0
tile_011857,train,1580,36,1219,0
tile_018880,train,1581,95,1244,0
tile_008851,train,1582,240,2132,0
tile_009163,train,1583,253,2142,0
tile_025458,train,1584,209,1270,0
tile_026290,train,1585,46,1282,0
tile_006311,train,1586,465,1698,0
tile_010719,train,1587,29,1201,0
tile_009667,train,1588,-91,1153,0
tile_013769,train,1589,113,1226,0
tile_010934,train,1590,32,1205,0
tile_014636,train,1591,55,1229,0
tile_021687,train,1592,65,1252,0
tile_016619,train,1593,50,1235,0
tile_001527,train,1594,210,2158,0
tile_000036,train,1595,215,2137,0
tile_027112,train,1596,216,1330,0
tile_010501,train,1597,58,1191,0
tile_013272,train,1598,99,1224,0
tile_009846,train,1599,-111,1167,0
tile_016701,train,1600,44,1236,0
tile_001204,train,1601,192,2156,0
tile_003719,train,1602,465,1673,0
tile_002606,train,1603,217,2169,0
tile_010996,train,1604,-74,1207,0
tile_016569,train,1605,51,1235,0
tile_023093,train,1606,58,1258,0
tile_005956,train,1607,453,1695,0
tile_018386,train,1608,39,1242,0
tile_017779,train,1609,54,1240,0
tile_008769,train,1610,246,2129,0
tile_006928,train,1611,258,2104,0
tile_000582,train,1612,210,2150,0
tile_019432,train,1613,192,1245,0
tile_004958,train,1614,448,1689,0
tile_008845,train,1615,250,2131,0
tile_003792,train,1616,435,1675,0
tile_013930,train,1617,110,1227,0
tile_020113,train,1618,54,1248,0
tile_012194,train,1619,58,1220,0
tile_002513,train,1620,214,2168,0
tile_015949,train,1621,186,1233,0
tile_024797,train,1622,204,1266,0
tile_014261,train,1623,48,1228,0
tile_001490,train,1624,215,2158,0
tile_010074,train,1625,-71,1177,0
tile_026805,train,1626,80,1310,0
tile_008615,train,1627,282,2124,0
tile_015449,train,1628,42,1231,0
tile_007386,train,1629,265,2110,0
tile_026526,train,1630,70,1291,0
tile_003830,train,1631,471,1675,0
tile_022071,train,1632,53,1254,0
tile_023373,train,1633,50,1260,0
tile_018664,train,1634,67,1243,0
tile_014933,train,1635,112,1230,0
tile_002837,train,1636,237,2171,0
tile_010569,train,1637,3,1195,0
tile_013380,train,1638,109,1225,0
tile_011257,train,1639,60,1215,0
tile_009791,train,1640,-70,1164,0
tile_000538,train,1641,223,2149,0
tile_002130,train,1642,234,2163,0
tile_018174,train,1643,94,1241,0
tile_022012,train,1644,56,1253,0
tile_007100,train,1645,254,2107,0
tile_026564,train,1646,0,1293,0
tile_027059,train,1647,204,1323,0
tile_026177,train,1648,109,1279,0
tile_026700,train,1649,181,1303,0
tile_016879,train,1650,199,1237,0
tile_000784,train,1651,222,2153,0
tile_010331,train,1652,41,1186,0
tile_009903,train,1653,-61,1171,0
tile_009756,train,1654,-70,1163,0
tile_009295,train,1655,264,2160,0
tile_007927,train,1656,251,2114,0
tile_013699,train,1657,54,1226,0
tile_013070,train,1658,104,1224,0
tile_016694,train,1659,147,1236,0
tile_002492,train,1660,219,2167,0
tile_001642,train,1661,212,2159,0
tile_009000,train,1662,241,2137,0
tile_007172,train,1663,248,2108,0
tile_024136,train,1664,216,1263,0
tile_015177,train,1665,108,1230,0
tile_008032,train,1666,252,2115,0
tile_011369,train,1667,87,1216,0
tile_009606,train,1668,-128,1142,0
tile_009691,train,1669,-97,1156,0
tile_016259,train,1670,50,1234,0
tile_026068,train,1671,201,1277,0
tile_023759,train,1672,75,1262,0
tile_025518,train,1673,225,1270,0
tile_000040,train,1674,217,2137,0
tile_010484,train,1675,-67,1190,0
tile_015871,train,1676,189,1232,0
tile_019528,train,1677,49,1246,0
tile_025896,train,1678,168,1275,0
tile_021268,train,1679,107,1251,0
tile_009615,train,1680,-103,1143,0
tile_024788,train,1681,59,1266,0
tile_002371,train,1682,221,2166,0
tile_000650,train,1683,216,2151,0
tile_011107,train,1684,59,1210,0
tile_010334,train,1685,-16,1186,0
tile_017806,train,1686,94,1240,0
tile_009484,train,1687,-106,1131,0
tile_009999,train,1688,-17,1175,0
tile_009232,train,1689,252,2150,0
tile_000168,train,1690,213,2140,0
tile_024019,train,1691,227,1263,0
tile_008982,train,1692,245,2136,0
tile_002356,train,1693,249,2166,0
tile_012178,train,1694,45,1220,0
tile_008545,train,1695,270,2122,0
tile_010797,train,1696,69,1202,0
tile_003596,train,1697,466,1671,0
tile_018879,train,1698,82,1244,0
tile_003839,train,1699,452,1676,0
tile_010103,train,1700,-20,1180,0
tile_026286,train,1701,44,1282,0
tile_026103,train,1702,46,1278,0
tile_027223,train,1703,16,1343,0
tile_012911,train,1704,86,1223,0
tile_015036,train,1705,58,1230,0
tile_004831,train,1706,447,1688,0
tile_026359,train,1707,25,1283,0
tile_011296,train,1708,57,1215,0
tile_025680,train,1709,211,1272,0
tile_003215,train,1710,198,2181,0
tile_015522,train,1711,191,1231,0
tile_012030,train,1712,-69,1219,0
tile_010571,train,1713,51,1195,0
tile_002768,train,1714,203,2170,0
tile_000730,train,1715,210,2152,0
tile_023769,train,1716,214,1262,0
tile_009822,train,1717,-62,1166,0
tile_010532,train,1718,34,1194,0
tile_023796,train,1719,39,1262,0
tile_013475,train,1720,90,1225,0
tile_013871,train,1721,53,1227,0
tile_000810,train,1722,219,2153,0
tile_022090,train,1723,225,1254,0
tile_011783,train,1724,40,1218,0
tile_025608,train,1725,123,1271,0
tile_007605,train,1726,258,2112,0
tile_020642,train,1727,65,1249,0
tile_022765,train,1728,51,1257,0
tile_010096,train,1729,18,1180,0
tile_019285,train,1730,48,1245,0
tile_008823,train,1731,260,2130,0
tile_019748,train,1732,39,1247,0
tile_009536,train,1733,-109,1136,0
tile_002041,train,1734,225,2162,0
tile_015714,train,1735,42,1232,0
tile_002555,train,1736,241,2168,0
tile_002043,train,1737,229,2162,0
tile_001044,train,1738,221,2155,0
tile_011372,train,1739,20,1216,0
tile_006659,train,1740,240,2095,0
tile_019656,train,1741,221,1246,0
tile_010733,train,1742,7,1201,0
tile_010878,train,1743,50,1204,0
tile_027151,train,1744,68,1337,0
tile_016597,train,1745,105,1235,0
tile_023023,train,1746,49,1258,0
tile_009941,train,1747,-81,1174,0
tile_023131,train,1748,227,1258,0
tile_017808,train,1749,96,1240,0
tile_003777,train,1750,449,1674,0
tile_000989,train,1751,220,2154,0
tile_000647,train,1752,210,2151,0
tile_011194,train,1753,59,1213,0
tile_009389,train,1754,271,2166,0
tile_007534,train,1755,241,2111,0
tile_026575,train,1756,-10,1294,0
tile_020045,train,1757,73,1247,0
tile_008529,train,1758,257,2122,0
tile_026527,train,1759,71,1291,0
tile_000043,train,1760,214,2137,0
tile_008824,train,1761,261,2130,0
tile_002983,train,1762,229,2173,0
tile_002978,train,1763,225,2173,0
tile_020311,train,1764,42,1248,0
tile_016772,train,1765,99,1236,0
tile_008347,train,1766,259,2119,0
tile_011355,train,1767,33,1216,0
tile_026797,train,1768,66,1309,0
tile_000896,train,1769,213,2154,0
tile_009247,train,1770,262,2155,0
tile_023827,train,1771,66,1262,0
tile_022605,train,1772,44,1256,0
tile_022708,train,1773,9,1256,0
tile_024374,train,1774,54,1264,0
tile_016681,train,1775,79,1236,0
tile_025826,train,1776,214,1274,0
tile_019395,train,1777,56,1245,0
tile_016228,train,1778,104,1234,0
tile_009272,train,1779,261,2158,0
tile_003173,train,1780,234,2180,0
tile_014342,train,1781,167,1228,0
tile_026778,train,1782,180,1308,0
tile_010541,train,1783,39,1194,0
tile_002932,train,1784,239,2172,0
tile_024961,train,1785,40,1267,0
tile_009795,train,1786,-72,1164,0
tile_006474,train,1787,452,1701,0
tile_011854,train,1788,104,1218,0
tile_006055,train,1789,447,1696,0
tile_025804,train,1790,125,1273,0
tile_004380,train,1791,470,1684,0
tile_004127,train,1792,441,1680,0
tile_021988,train,1793,44,1253,0
tile_024835,train,1794,60,1267,0
tile_005760,train,1795,444,1694,0
tile_016201,train,1796,62,1234,0
tile_014654,train,1797,60,1229,0
tile_016329,train,1798,19,1234,0
tile_004167,train,1799,444,1680,0
tile_021790,train,1800,13,1253,0
tile_001835,train,1801,216,2160,0
tile_008733,train,1802,254,2128,0
tile_009475,train,1803,-97,1127,0
tile_004807,train,1804,449,1688,0
tile_009370,train,1805,261,2164,0
tile_008551,train,1806,248,2123,0
tile_014707,train,1807,116,1229,0
tile_025740,train,1808,227,1272,0
tile_016695,train,1809,172,1236,0
tile_009604,train,1810,-87,1142,0
tile_015015,train,1811,117,1230,0
tile_019260,train,1812,121,1245,0
tile_002636,train,1813,216,2169,0
tile_009852,train,1814,-50,1167,0
tile_012220,train,1815,87,1220,0
tile_004432,train,1816,445,1685,0
tile_026989,train,1817,151,1314,0
tile_000027,train,1818,221,2137,0
tile_026751,train,1819,67,1306,0
tile_021473,train,1820,55,1251,0
tile_016640,train,1821,100,1235,0
tile_006261,train,1822,458,1698,0
tile_022640,train,1823,196,1256,0
tile_019376,train,1824,49,1245,0
tile_024576,train,1825,30,1265,0
tile_027263,train,1826,78,1356,0
tile_027026,train,1827,83,1317,0
tile_011031,train,1828,21,1208,0
tile_018658,train,1829,63,1243,0
tile_022101,train,1830,39,1254,0
tile_002399,train,1831,225,2166,0
tile_015640,train,1832,62,1232,0
tile_002385,train,1833,247,2166,0
tile_009708,train,1834,-68,1161,0
tile_000706,train,1835,199,2152,0
tile_008462,train,1836,254,2121,0
tile_009981,train,1837,-118,1175,0
tile_010671,train,1838,8,1200,0
tile_007823,train,1839,250,2113,0
tile_023654,train,1840,211,1261,0
tile_021910,train,1841,82,1253,0
tile_009426,train,1842,-116,1103,0
tile_002212,train,1843,231,2164,0
tile_026092,train,1844,226,1277,0
tile_012492,train,1845,94,1221,0
tile_010374,train,1846,-51,1187,0
tile_009481,train,1847,-125,1129,0
tile_009997,train,1848,-36,1175,0
tile_011416,train,1849,64,1216,0
tile_024641,train,1850,49,1266,0
tile_016087,train,1851,103,1233,0
tile_027018,train,1852,119,1317,0
tile_026314,train,1853,107,1283,0
tile_000386,train,1854,238,2146,0
tile_002470,train,1855,220,2167,0
tile_008786,train,1856,247,2129,0
tile_015958,train,1857,40,1233,0
tile_003553,train,1858,452,1670,0
tile_025901,train,1859,210,1275,0
tile_016988,train,1860,180,1237,0
tile_023017,train,1861,39,1258,0
tile_005797,train,1862,437,1694,0
tile_009524,train,1863,-111,1136,0
tile_023117,train,1864,201,1258,0
tile_011303,train,1865,86,1215,0
tile_013956,train,1866,57,1227,0
tile_005940,train,1867,448,1695,0
tile_002610,train,1868,220,2169,0
tile_018117,train,1869,38,1241,0
tile_016767,train,1870,74,1236,0
tile_001997,train,1871,220,2162,0
tile_012069,train,1872,101,1219,0
tile_010875,train,1873,-69,1204,0
tile_013764,train,1874,109,1226,0
tile_008428,train,1875,251,2120,0
tile_021706,train,1876,173,1252,0
tile_016231,train,1877,105,1234,0
tile_000226,train,1878,211,2142,0
tile_000433,train,1879,226,2147,0
tile_015299,train,1880,57,1231,0
tile_007154,train,1881,244,2108,0
tile_025133,train,1882,232,1268,0
tile_027040,train,1883,87,1319,0
tile_013486,train,1884,96,1225,0
tile_002501,train,1885,235,2167,0
tile_010743,train,1886,58,1201,0
tile_010547,train,1887,-68,1195,0
tile_016869,train,1888,99,1237,0
tile_026148,train,1889,127,1279,0
tile_022893,train,1890,205,1257,0
tile_017818,train,1891,-6,1240,0
tile_022328,train,1892,218,1255,0
tile_020288,train,1893,79,1248,0
tile_003352,train,1894,204,2188,0
tile_000416,train,1895,202,2147,0
tile_000671,train,1896,215,2151,0
tile_006747,train,1897,241,2099,0
tile_005263,train,1898,452,1691,0
tile_005351,train,1899,447,1692,0
tile_009310,train,1900,262,2161,0
tile_000261,train,1901,202,2143,0
tile_025199,train,1902,52,1269,0
tile_010423,train,1903,-6,1188,0
tile_009248,train,1904,262,2156,0
tile_006587,train,1905,444,1723,0
tile_027192,train,1906,73,1341,0
tile_009490,train,1907,-105,1132,0
tile_004725,train,1908,446,1687,0
tile_000311,train,1909,237,2144,0
tile_023498,train,1910,48,1260,0
tile_003212,train,1911,237,2181,0
tile_010504,train,1912,58,1192,0
tile_008368,train,1913,255,2120,0
tile_009051,train,1914,235,2138,0
tile_027110,train,1915,21,1330,0
tile_024430,train,1916,201,1265,0
tile_003394,train,1917,244,2193,0
tile_026651,train,1918,175,1300,0
tile_000394,train,1919,228,2146,0
tile_006690,train,1920,263,2097,0
tile_006466,train,1921,448,1701,0
tile_018862,train,1922,55,1244,0
tile_010077,train,1923,-77,1177,0
tile_026175,train,1924,55,1279,0
tile_009905,train,1925,-37,1171,0
tile_008880,train,1926,236,2133,0
tile_022459,train,1927,-25,1255,0
tile_024470,train,1928,122,1265,0
tile_004196,train,1929,443,1681,0
tile_009417,train,1930,262,2172,0
tile_009446,train,1931,-89,1117,0
tile_021974,train,1932,210,1253,0
tile_020686,train,1933,32,1249,0
tile_018449,train,1934,133,1242,0
tile_027160,train,1935,10,1338,0
tile_026979,train,1936,200,1313,0
tile_008746,train,1937,242,2128,0
tile_006354,train,1938,442,1699,0
tile_003737,train,1939,457,1674,0
tile_021041,train,1940,65,1250,0
tile_025569,train,1941,230,1271,0
tile_025413,train,1942,217,1270,0
tile_020922,train,1943,51,1250,0
tile_008109,train,1944,242,2116,0
tile_020714,train,1945,48,1249,0
tile_003532,train,1946,442,1669,0
tile_006787,train,1947,235,2101,0
tile_014169,train,1948,-12,1228,0
tile_024481,train,1949,212,1265,0
tile_019820,train,1950,20,1247,0
tile_006642,train,1951,267,2093,0
tile_024793,train,1952,69,1266,0
tile_009624,train,1953,-102,1145,0
tile_024446,train,1954,245,1265,0
tile_011846,train,1955,98,1218,0
tile_026094,train,1956,-4,1278,0
tile_017783,train,1957,56,1240,0
tile_023442,train,1958,30,1260,0
tile_004097,train,1959,444,1679,0
tile_020391,train,1960,38,1249,0
tile_020598,train,1961,45,1249,0
tile_016391,train,1962,188,1234,0
tile_026135,train,1963,224,1278,0
tile_016922,train,1964,118,1237,0
tile_008125,train,1965,253,2116,0
tile_012494,train,1966,95,1221,0
tile_009437,train,1967,-90,1107,0
tile_027262,train,1968,75,1356,0
tile_019473,train,1969,70,1246,0
tile_006461,train,1970,442,1701,0
tile_009760,train,1971,-45,1163,0
tile_025726,train,1972,200,1272,0
tile_010109,train,1973,-49,1181,0
tile_026604,train,1974,4,1295,0
tile_016636,train,1975,80,1235,0
tile_003688,train,1976,453,1673,0
tile_009383,train,1977,267,2165,0
tile_008110,train,1978,244,2116,0
tile_023590,train,1979,44,1261,0
tile_021277,train,1980,31,1251,0
tile_005312,train,1981,450,1691,0
tile_025937,train,1982,48,1275,0
tile_022499,train,1983,207,1255,0
tile_010868,train,1984,72,1203,0
tile_002140,train,1985,216,2164,0
tile_022332,train,1986,225,1255,0
tile_020159,train,1987,27,1248,0
tile_018316,train,1988,55,1242,0
tile_004877,train,1989,455,1688,0
tile_002039,train,1990,222,2162,0
tile_017879,train,1991,-6,1241,0
tile_003135,train,1992,230,2179,0
tile_007721,train,1993,252,2113,0
tile_025789,train,1994,208,1273,0
tile_006611,train,1995,254,2091,0
tile_017395,train,1996,48,1239,0
tile_004713,train,1997,437,1687,0
tile_011738,train,1998,59,1218,0
tile_006736,train,1999,256,2099,0
tile_024710,train,2000,201,1266,0
tile_014997,train,2001,102,1230,0
tile_017291,train,2002,213,1238,0
tile_011898,train,2003,93,1219,0
tile_002823,train,2004,208,2171,0
tile_005137,train,2005,453,1690,0
tile_025204,train,2006,57,1269,0
tile_022493,train,2007,58,1255,0
tile_002390,train,2008,215,2166,0
tile_015243,train,2009,89,1231,0
tile_008789,train,2010,251,2129,0
tile_023337,train,2011,58,1259,0
tile_004173,train,2012,464,1680,0
tile_002779,train,2013,235,2170,0
tile_027066,train,2014,187,1323,0
tile_000488,train,2015,217,2148,0
tile_023554,train,2016,180,1261,0
tile_019290,train,2017,50,1245,0
tile_017772,train,2018,49,1240,0
tile_024971,train,2019,58,1267,0
tile_015356,train,2020,40,1231,0
tile_010654,train,2021,57,1199,0
tile_018512,train,2022,81,1242,0
tile_009072,train,2023,280,2138,0
tile_008511,train,2024,267,2122,0
tile_001443,train,2025,214,2157,0
tile_018565,train,2026,52,1243,0
tile_003005,train,2027,238,2174,0
tile_003011,train,2028,221,2174,0
tile_003213,train,2029,243,2181,0
tile_016193,train,2030,55,1234,0
tile_005197,train,2031,447,1691,0
tile_011207,train,2032,24,1214,0
tile_011185,train,2033,13,1213,0
tile_009690,train,2034,-104,1156,0
tile_024395,train,2035,229,1264,0
tile_027186,train,2036,203,1340,0
tile_026015,train,2037,242,1276,0
tile_001185,train,2038,219,2156,0
tile_000523,train,2039,210,2149,0
tile_024666,train,2040,182,1266,0
tile_011924,train,2041,46,1219,0
tile_025798,train,2042,-19,1273,0
tile_002432,train,2043,236,2167,0
tile_026085,train,2044,65,1277,0
tile_026001,train,2045,245,1276,0
tile_011330,train,2046,41,1216,0
tile_000178,train,2047,218,2140,0
tile_004273,train,2048,450,1682,0
tile_000408,train,2049,201,2147,0
tile_009712,train,2050,-74,1161,0
tile_000381,train,2051,210,2146,0
tile_008943,train,2052,251,2135,0
tile_017227,train,2053,45,1238,0
tile_007431,train,2054,256,2110,0
tile_021304,train,2055,52,1251,0
tile_009145,train,2056,265,2142,0
tile_014793,train,2057,122,1229,0
tile_022367,train,2058,59,1255,0
tile_024279,train,2059,27,1264,0
tile_027046,train,2060,85,1320,0
tile_003690,train,2061,456,1673,0
tile_003311,train,2062,232,2185,0
tile_006705,train,2063,261,2098,0
tile_000747,train,2064,238,2152,0
tile_016589,train,2065,98,1235,0
tile_003671,train,2066,439,1672,0
tile_020146,train,2067,97,1248,0
tile_002556,train,2068,245,2168,0
tile_006932,train,2069,233,2104,0
tile_012561,train,2070,11,1222,0
tile_004252,train,2071,447,1682,0
tile_006703,train,2072,243,2098,0
tile_025758,train,2073,217,1273,0
tile_003790,train,2074,434,1675,0
tile_010474,train,2075,-3,1189,0
tile_009642,train,2076,-112,1147,0
tile_007558,train,2077,245,2111,0
tile_002989,train,2078,256,2173,0
tile_003902,train,2079,440,1677,0
tile_019636,train,2080,60,1246,0
tile_019544,train,2081,54,1246,0
tile_005663,train,2082,449,1693,0
tile_014510,train,2083,103,1228,0
tile_004150,train,2084,443,1680,0
tile_000404,train,2085,232,2146,0
tile_018826,train,2086,-16,1244,0
tile_000316,train,2087,209,2144,0
tile_013317,train,2088,97,1225,0
tile_010881,train,2089,68,1204,0
tile_014116,train,2090,61,1227,0
tile_027042,train,2091,86,1319,0
tile_011419,train,2092,86,1216,0
tile_009684,train,2093,-104,1155,0
tile_022583,train,2094,220,1256,0
tile_024316,train,2095,233,1264,0
tile_018986,train,2096,51,1244,0
tile_021275,train,2097,18,1251,0
tile_022256,train,2098,214,1254,0
tile_027261,train,2099,11,1356,0
tile_010132,train,2100,-10,1182,0
tile_019919,train,2101,48,1247,0
tile_026961,train,2102,80,1313,0
tile_009549,train,2103,-86,1136,0
tile_001335,train,2104,228,2157,0
tile_001730,train,2105,222,2159,0
tile_026305,train,2106,182,1282,0
tile_022871,train,2107,55,1257,0
tile_003784,train,2108,460,1674,0
tile_026660,train,2109,156,1301,0
tile_018022,train,2110,105,1241,0
tile_010280,train,2111,-16,1185,0
tile_016565,train,2112,33,1235,0
tile_009763,train,2113,-75,1163,0
tile_006657,train,2114,244,2095,0
tile_023899,train,2115,219,1262,0
tile_003126,train,2116,228,2178,0
tile_002879,train,2117,227,2172,0
tile_009636,train,2118,-109,1146,0
tile_007138,train,2119,247,2107,0
tile_008263,train,2120,241,2118,0
tile_001515,train,2121,222,2158,0
tile_019428,train,2122,97,1245,0
tile_003580,train,2123,456,1671,0
tile_009057,train,2124,250,2138,0
tile_002434,train,2125,245,2167,0
tile_006625,train,2126,263,2092,0
tile_023069,train,2127,213,1258,0
tile_020769,train,2128,74,1249,0
tile_012114,train,2129,98,1220,0
tile_006766,train,2130,244,2100,0
tile_018313,train,2131,50,1242,0
tile_026382,train,2132,128,1284,0
tile_003077,train,2133,235,2176,0
tile_008800,train,2134,251,2130,0
tile_026521,train,2135,71,1290,0
tile_001555,train,2136,219,2158,0
tile_008203,train,2137,258,2117,0
tile_009087,train,2138,242,2139,0
tile_017316,train,2139,46,1239,0
tile_025634,train,2140,209,1271,0
tile_003341,train,2141,202,2187,0
tile_023178,train,2142,210,1258,0
tile_026747,train,2143,66,1306,0
tile_008625,train,2144,244,2125,0
tile_003820,train,2145,438,1675,0
tile_004303,train,2146,448,1683,0
tile_021033,train,2147,62,1250,0
tile_026412,train,2148,-3,1284,0
tile_025913,train,2149,237,1275,0
tile_023745,train,2150,55,1262,0
tile_006152,train,2151,438,1697,0
tile_010327,train,2152,-8,1186,0
tile_002931,train,2153,238,2172,0
tile_000248,train,2154,198,2142,0
tile_017821,train,2155,34,1240,0
tile_002874,train,2156,203,2172,0
tile_006700,train,2157,246,2098,0
tile_022438,train,2158,198,1255,0
tile_006644,train,2159,243,2093,0
tile_014945,train,2160,141,1230,0
tile_024111,train,2161,51,1263,0
tile_012122,train,2162,15,1220,0
tile_023448,train,2163,36,1260,0
tile_021775,train,2164,123,1252,0
tile_025444,train,2165,44,1270,0
tile_005386,train,2166,442,1692,0
tile_003876,train,2167,450,1677,0
tile_018615,train,2168,207,1243,0
tile_014898,train,2169,83,1230,0
tile_001522,train,2170,226,2158,0
tile_000132,train,2171,203,2140,0
tile_009894,train,2172,-30,1170,0
tile_000792,train,2173,233,2153,0
tile_008858,train,2174,237,2132,0
tile_012361,train,2175,37,1221,0
tile_016736,train,2176,176,1236,0
tile_006670,train,2177,254,2096,0
tile_006658,train,2178,237,2095,0
tile_007713,train,2179,249,2113,0
tile_000371,train,2180,208,2146,0
tile_018526,train,2181,174,1242,0
tile_003139,train,2182,242,2179,0
tile_009715,train,2183,-71,1161,0
tile_017655,train,2184,58,1240,0
tile_017678,train,2185,118,1240,0
tile_002463,train,2186,215,2167,0
tile_023297,train,2187,61,1259,0
tile_009032,train,2188,240,2138,0
tile_010543,train,2189,-74,1194,0
tile_014019,train,2190,51,1227,0
tile_009507,train,2191,-106,1134,0
tile_018348,train,2192,96,1242,0
tile_022682,train,2193,57,1256,0
tile_000884,train,2194,226,2153,0
tile_016386,train,2195,119,1234,0
tile_003802,train,2196,452,1675,0
tile_026530,train,2197,0,1291,0
tile_003588,train,2198,455,1671,0
tile_006914,train,2199,237,2104,0
tile_020015,train,2200,50,1247,0
tile_000301,train,2201,234,2144,0
tile_006692,train,2202,254,2098,0
tile_016687,train,2203,110,1236,0
tile_026659,train,2204,106,1301,0
tile_004087,train,2205,439,1679,0
tile_004545,train,2206,445,1686,0
tile_006310,train,2207,456,1698,0
tile_010107,train,2208,-9,1181,0
tile_001975,train,2209,219,2161,0
tile_007679,train,2210,249,2112,0
tile_015967,train,2211,55,1233,0
tile_024219,train,2212,5,1264,0
tile_020894,train,2213,38,1250,0
tile_000179,train,2214,223,2140,0
tile_024748,train,2215,117,1266,0
tile_016820,train,2216,119,1236,0
tile_005933,train,2217,443,1695,0
tile_027201,train,2218,75,1341,0
tile_026293,train,2219,47,1282,0
tile_006983,train,2220,264,2105,0
tile_017060,train,2221,41,1238,0
tile_001630,train,2222,220,2158,0
tile_021357,train,2223,100,1251,0
tile_022021,train,2224,73,1253,0
tile_022762,train,2225,48,1257,0
tile_003069,train,2226,247,2176,0
tile_008929,train,2227,268,2135,0
tile_026204,train,2228,37,1280,0
tile_025721,train,2229,113,1272,0
tile_010017,train,2230,-18,1175,0
tile_027248,train,2231,66,1353,0
tile_006672,train,2232,236,2096,0
tile_009385,train,2233,272,2165,0
tile_016555,train,2234,188,1235,0
tile_011917,train,2235,10,1219,0
tile_012046,train,2236,66,1219,0
tile_025440,train,2237,11,1270,0
tile_023300,train,2238,72,1259,0
tile_000061,train,2239,222,2138,0
tile_026668,train,2240,156,1302,0
tile_008171,train,2241,254,2117,0
tile_018433,train,2242,95,1242,0
tile_008436,train,2243,278,2120,0
tile_020605,train,2244,50,1249,0
tile_007305,train,2245,268,2109,0
tile_022565,train,2246,72,1256,0
tile_013493,train,2247,101,1225,0
tile_009485,train,2248,-109,1132,0
tile_006113,train,2249,451,1696,0
tile_024667,train,2250,193,1266,0
tile_018732,train,2251,81,1243,0
tile_022738,train,2252,199,1256,0
tile_008874,train,2253,242,2133,0
tile_014661,train,2254,84,1229,0
tile_018671,train,2255,94,1243,0
tile_011211,train,2256,35,1214,0
tile_012468,train,2257,53,1221,0
tile_018365,train,2258,212,1242,0
tile_004214,train,2259,449,1681,0
tile_000906,train,2260,218,2154,0
tile_008684,train,2261,249,2127,0
tile_023416,train,2262,55,1260,0
tile_017211,train,2263,197,1238,0
tile_016385,train,2264,117,1234,0
tile_000894,train,2265,212,2154,0
tile_008502,train,2266,243,2122,0
tile_000190,train,2267,219,2141,0
tile_004194,train,2268,464,1681,0
tile_010492,train,2269,-54,1191,0
tile_003710,train,2270,459,1673,0
tile_009717,train,2271,-69,1161,0
tile_027137,train,2272,203,1333,0
tile_000666,train,2273,239,2151,0
tile_026559,train,2274,183,1293,0
tile_002835,train,2275,235,2171,0
tile_003983,train,2276,431,1678,0
tile_000709,train,2277,207,2152,0
tile_013113,train,2278,63,1224,0
tile_000234,train,2279,196,2142,0
tile_016495,train,2280,107,1235,0
tile_008464,train,2281,257,2121,0
tile_015013,train,2282,114,1230,0
tile_025777,train,2283,227,1273,0
tile_006058,train,2284,449,1696,0
tile_010387,train,2285,-73,1187,0
tile_000426,train,2286,211,2147,0
tile_007820,train,2287,248,2113,0
tile_023651,train,2288,100,1261,0
tile_010703,train,2289,-18,1201,0
tile_027316,train,2290,64,1358,0
tile_010665,train,2291,6,1200,0
tile_014519,train,2292,107,1228,0
tile_004023,train,2293,441,1679,0
tile_021926,train,2294,224,1253,0
tile_010594,train,2295,-26,1197,0
tile_011174,train,2296,-58,1213,0
tile_019474,train,2297,75,1246,0
tile_021756,train,2298,75,1252,0
tile_000056,train,2299,196,2138,0
tile_015920,train,2300,95,1233,0
tile_025754,train,2301,213,1273,0
tile_006970,train,2302,239,2105,0
tile_010577,train,2303,58,1196,0
tile_002299,train,2304,225,2165,0
tile_024977,train,2305,194,1267,0
tile_026225,train,2306,127,1281,0
tile_003488,train,2307,450,1667,0
tile_013383,train,2308,47,1225,0
tile_018821,train,2309,210,1243,0
tile_020359,train,2310,65,1248,0
tile_015392,train,2311,86,1231,0
tile_017312,train,2312,45,1239,0
tile_014494,train,2313,96,1228,0
tile_021446,train,2314,33,1251,0
tile_011319,train,2315,59,1215,0
tile_000762,train,2316,233,2152,0
tile_009764,train,2317,-73,1163,0
tile_027064,train,2318,29,1323,0
tile_009673,train,2319,-118,1154,0
tile_026391,train,2320,184,1284,0
tile_000519,train,2321,233,2149,0
tile_018706,train,2322,49,1243,0
tile_002949,train,2323,236,2173,0
tile_020140,train,2324,80,1248,0
tile_004873,train,2325,451,1688,0
tile_023952,train,2326,62,1262,0
tile_015420,train,2327,111,1231,0
tile_001767,train,2328,210,2160,0
tile_025292,train,2329,27,1269,0
tile_006803,train,2330,237,2101,0
tile_012300,train,2331,100,1220,0
tile_027238,train,2332,16,1349,0
tile_025503,train,2333,208,1270,0
tile_020158,train,2334,26,1248,0
tile_020471,train,2335,33,1249,0
tile_001801,train,2336,213,2160,0
tile_002306,train,2337,237,2165,0
tile_009463,train,2338,-115,1123,0
tile_010585,train,2339,-70,1196,0
tile_022143,train,2340,212,1254,0
tile_006345,train,2341,456,1699,0
tile_023343,train,2342,60,1259,0
tile_010745,train,2343,66,1201,0
tile_003655,train,2344,442,1672,0
tile_023689,train,2345,51,1261,0
tile_025942,train,2346,219,1275,0
tile_008131,train,2347,260,2116,0
tile_009623,train,2348,-127,1145,0
tile_002526,train,2349,229,2168,0
tile_013599,train,2350,52,1226,0
tile_025642,train,2351,216,1271,0
tile_021320,train,2352,57,1251,0
tile_003117,train,2353,243,2177,0
tile_017050,train,2354,194,1237,0
tile_009401,train,2355,268,2167,0
tile_020452,train,2356,80,1249,0
tile_003505,train,2357,451,1668,0
tile_000020,train,2358,214,2136,0
tile_020550,train,2359,82,1249,0
tile_009107,train,2360,251,2140,0
tile_005238,train,2361,441,1691,0
tile_012625,train,2362,38,1222,0
tile_004063,train,2363,448,1679,0
tile_011468,train,2364,19,1217,0
tile_021818,train,2365,60,1253,0
tile_011646,train,2366,35,1218,0
tile_024837,train,2367,62,1267,0
tile_009670,train,2368,-122,1153,0
tile_003279,train,2369,198,2183,0
tile_002674,train,2370,232,2169,0
tile_026986,train,2371,200,1314,0
tile_000477,train,2372,227,2148,0
tile_025780,train,2373,249,1273,0
tile_005615,train,2374,448,1693,0
tile_018447,train,2375,110,1242,0
tile_021515,train,2376,32,1252,0
tile_003535,train,2377,445,1669,0
tile_025778,train,2378,228,1273,0
tile_002812,train,2379,229,2171,0
tile_027182,train,2380,15,1340,0
tile_026050,train,2381,75,1277,0
tile_022434,train,2382,93,1255,0
tile_007351,train,2383,248,2109,0
tile_027266,train,2384,83,1356,0
tile_006596,train,2385,261,2086,0
tile_004859,train,2386,444,1688,0
tile_008747,train,2387,243,2128,0
tile_022482,train,2388,54,1255,0
tile_003582,train,2389,469,1671,0
tile_006661,train,2390,246,2095,0
tile_009575,train,2391,-127,1138,0
tile_015094,train,2392,110,1230,0
tile_001743,train,2393,216,2159,0
tile_011239,train,2394,32,1215,0
tile_026988,train,2395,93,1314,0
tile_000705,train,2396,198,2152,0
tile_006601,train,2397,260,2087,0
tile_012239,train,2398,47,1220,0
tile_019525,train,2399,48,1246,0
tile_026422,train,2400,45,1284,0
tile_000140,train,2401,200,2140,0
tile_002668,train,2402,222,2169,0
tile_012200,train,2403,61,1220,0
tile_002419,train,2404,222,2167,0
tile_015875,train,2405,19,1233,0
tile_009621,train,2406,-93,1144,0
tile_010083,train,2407,-42,1179,0
tile_012125,train,2408,46,1220,0
tile_003745,train,2409,440,1674,0
tile_025140,train,2410,38,1268,0
tile_006295,train,2411,444,1698,0
tile_000285,train,2412,221,2143,0
tile_012150,train,2413,66,1220,0
tile_011844,train,2414,97,1218,0
tile_014711,train,2415,117,1229,0
tile_025631,train,2416,208,1271,0
tile_014954,train,2417,43,1230,0
tile_018965,train,2418,44,1244,0
tile_000500,train,2419,218,2149,0
tile_012686,train,2420,44,1222,0
tile_011268,train,2421,46,1215,0
tile_023110,train,2422,181,1258,0
tile_017304,train,2423,37,1239,0
tile_004637,train,2424,466,1687,0
tile_009236,train,2425,250,2151,0
tile_022963,train,2426,224,1257,0
tile_006845,train,2427,262,2103,0
tile_007591,train,2428,248,2112,0
tile_015872,train,2429,191,1232,0
tile_005268,train,2430,455,1691,0
tile_007455,train,2431,255,2110,0
tile_000852,train,2432,223,2153,0
tile_027350,train,2433,113,1361,0
tile_026443,train,2434,-2,1285,0
tile_017039,train,2435,95,1237,0
tile_021294,train,2436,48,1251,0
tile_010079,train,2437,-59,1178,0
tile_013091,train,2438,52,1224,0
tile_008334,train,2439,277,2119,0
tile_012650,train,2440,58,1222,0
tile_013005,train,2441,41,1224,0
tile_025723,train,2442,180,1272,0
tile_006665,train,2443,240,2096,0
tile_006533,train,2444,444,1702,0
tile_010418,train,2445,-5,1187,0
tile_013249,train,2446,84,1224,0
tile_003076,train,2447,233,2176,0
tile_025727,train,2448,201,1272,0
tile_021868,train,2449,43,1253,0
tile_022169,train,2450,47,1254,0
tile_003012,train,2451,224,2174,0
tile_026389,train,2452,130,1284,0
tile_023649,train,2453,62,1261,0
tile_008236,train,2454,252,2118,0
tile_024163,train,2455,28,1263,0
tile_010061,train,2456,-103,1176,0
tile_020860,train,2457,69,1250,0
tile_017051,train,2458,195,1237,0
tile_002548,train,2459,225,2168,0
tile_019071,train,2460,59,1244,0
tile_014602,train,2461,102,1229,0
tile_011166,train,2462,14,1212,0
tile_016734,train,2463,122,1236,0
tile_015279,train,2464,-6,1231,0
tile_020970,train,2465,81,1250,0
tile_026969,train,2466,-3,1313,0
tile_012028,train,2467,138,1219,0
tile_009067,train,2468,249,2138,0
tile_025902,train,2469,221,1275,0
tile_000242,train,2470,221,2142,0
tile_021078,train,2471,39,1250,0
tile_027325,train,2472,109,1359,0
tile_015429,train,2473,116,1231,0
tile_015835,train,2474,84,1232,0
tile_017234,train,2475,50,1238,0
tile_024447,train,2476,-28,1265,0
tile_007626,train,2477,251,2112,0
tile_008238,train,2478,254,2118,0
tile_003629,train,2479,463,1672,0
tile_009964,train,2480,-64,1175,0
tile_013370,train,2481,100,1225,0
tile_000518,train,2482,228,2149,0
tile_009436,train,2483,-99,1107,0
tile_011210,train,2484,32,1214,0
tile_025621,train,2485,226,1271,0
tile_003042,train,2486,225,2175,0
tile_008186,train,2487,255,2117,0
tile_003049,train,2488,229,2175,0
tile_007495,train,2489,272,2111,0
tile_023390,train,2490,204,1260,0
tile_009676,train,2491,-93,1154,0
tile_027074,train,2492,27,1324,0
tile_002919,train,2493,216,2172,0
tile_020160,train,2494,31,1248,0
tile_009643,train,2495,-101,1147,0
tile_015115,train,2496,40,1230,0
tile_016321,train,2497,-30,1234,0
tile_017687,train,2498,176,1240,0
tile_017224,train,2499,44,1238,0
tile_002239,train,2500,236,2165,0
tile_008694,train,2501,243,2127,0
tile_010002,train,2502,-115,1175,0
tile_013512,train,2503,45,1226,0
tile_024048,train,2504,43,1263,0
tile_023945,train,2505,58,1262,0
tile_015333,train,2506,98,1231,0
tile_016252,train,2507,-29,1234,0
tile_013404,train,2508,57,1225,0
tile_006884,train,2509,274,2103,0
tile_026453,train,2510,131,1285,0
tile_026807,train,2511,197,1310,0
tile_004481,train,2512,435,1685,0
tile_001480,train,2513,212,2158,0
tile_009027,train,2514,253,2137,0
tile_021568,train,2515,105,1252,0
tile_025704,train,2516,203,1272,0
tile_021846,train,2517,118,1253,0
tile_013445,train,2518,43,1225,0
tile_009850,train,2519,-33,1167,0
tile_023076,train,2520,31,1258,0
tile_006115,train,2521,452,1696,0
tile_005062,train,2522,452,1690,0
tile_000284,train,2523,216,2143,0
tile_012349,train,2524,91,1221,0
tile_008348,train,2525,260,2119,0
tile_014079,train,2526,109,1227,0
tile_018114,train,2527,-5,1241,0
tile_015969,train,2528,60,1233,0
tile_012655,train,2529,64,1222,0
tile_020784,train,2530,-7,1250,0
tile_026348,train,2531,47,1283,0
tile_018598,train,2532,85,1243,0
tile_021711,train,2533,222,1252,0
tile_021212,train,2534,54,1251,0
tile_017290,train,2535,211,1238,0
tile_016929,train,2536,181,1237,0
tile_010453,train,2537,-66,1189,0
tile_012873,train,2538,42,1223,0
tile_015880,train,2539,41,1233,0
tile_000858,train,2540,211,2153,0
tile_025954,train,2541,248,1275,0
tile_023688,train,2542,49,1261,0
tile_003041,train,2543,218,2175,0
tile_018032,train,2544,188,1241,0
tile_006245,train,2545,440,1698,0
tile_025936,train,2546,250,1275,0
tile_022497,train,2547,100,1255,0
tile_003568,train,2548,455,1670,0
tile_018194,train,2549,209,1241,0
tile_022797,train,2550,43,1257,0
tile_004351,train,2551,441,1684,0
tile_018690,train,2552,-2,1243,0
tile_010507,train,2553,62,1192,0
tile_025018,train,2554,69,1268,0
tile_024540,train,2555,199,1265,0
tile_002061,train,2556,214,2163,0
tile_017106,train,2557,186,1238,0
tile_015106,train,2558,126,1230,0
tile_026646,train,2559,175,1299,0
tile_010756,val,0,9,1201,0
tile_024402,val,1,27,1265,0
tile_017631,val,2,40,1240,0
tile_002681,val,3,239,2169,0
tile_020211,val,4,78,1248,0
tile_012575,val,5,54,1222,0
tile_009439,val,6,-91,1109,0
tile_012939,val,7,34,1223,0
tile_010623,val,8,65,1198,0
tile_009373,val,9,263,2164,0
tile_021933,val,10,46,1253,0
tile_024077,val,11,217,1263,0
tile_016700,val,12,42,1236,0
tile_000009,val,13,216,2134,0
tile_016712,val,14,52,1236,0
tile_003033,val,15,213,2174,0
tile_003427,val,16,446,1663,0
tile_022213,val,17,43,1254,0
tile_019104,val,18,110,1244,0
tile_023652,val,19,181,1261,0
tile_002911,val,20,234,2172,0
tile_002414,val,21,246,2166,0
tile_011184,val,22,48,1213,0
tile_016875,val,23,167,1237,0
tile_002308,val,24,245,2165,0
tile_009510,val,25,-127,1134,0
tile_004530,val,26,459,1686,0
tile_015352,val,27,-40,1231,0
tile_026432,val,28,171,1284,0
tile_019024,val,29,125,1244,0
tile_002743,val,30,232,2170,0
tile_001986,val,31,214,2162,0
tile_011657,val,32,50,1218,0
tile_012906,val,33,60,1223,0
tile_013860,val,34,170,1226,0
tile_006606,val,35,266,2091,0
tile_016103,val,36,144,1233,0
tile_026948,val,37,64,1313,0
tile_006548,val,38,446,1703,0
tile_003400,val,39,446,1662,0
tile_023790,val,40,33,1262,0
tile_011346,val,41,70,1216,0
tile_012532,val,42,59,1222,0
tile_007560,val,43,246,2111,0
tile_018697,val,44,23,1243,0
tile_026687,val,45,178,1303,0
tile_004393,val,46,449,1684,0
tile_013327,val,47,46,1225,0
tile_001200,val,48,226,2156,0
tile_009080,val,49,250,2139,0
tile_010428,val,50,-67,1188,0
tile_027019,val,51,207,1317,0
tile_009855,val,52,-38,1167,0
tile_027242,val,53,97,1350,0
tile_011100,val,54,25,1210,0
tile_000298,val,55,207,2144,0
tile_024444,val,56,234,1265,0
tile_019957,val,57,70,1247,0
tile_021266,val,58,80,1251,0
tile_011282,val,59,17,1215,0
tile_006849,val,60,240,2103,0
tile_002962,val,61,213,2173,0
tile_005455,val,62,457,1692,0
tile_009015,val,63,239,2137,0
tile_001203,val,64,234,2156,0
tile_017475,val,65,39,1239,0
tile_022216,val,66,45,1254,0
tile_003024,val,67,226,2174,0
tile_024302,val,68,62,1264,0
tile_006656,val,69,242,2095,0
tile_017105,val,70,185,1238,0
tile_020442,val,71,63,1249,0
tile_023301,val,72,74,1259,0
tile_021099,val,73,50,1250,0
tile_013567,val,74,100,1226,0
tile_003044,val,75,245,2175,0
tile_012293,val,76,89,1220,0
tile_010787,val,77,58,1202,0
tile_012680,val,78,36,1222,0
tile_006978,val,79,258,2105,0
tile_003278,val,80,243,2183,0
tile_018450,val,81,188,1242,0
tile_026570,val,82,167,1293,0
tile_003310,val,83,230,2185,0
tile_026918,val,84,57,1312,0
tile_016136,val,85,87,1233,0
tile_025263,val,86,210,1269,0
tile_002110,val,87,211,2163,0
tile_022972,val,88,51,1258,0
tile_026763,val,89,200,1307,0
tile_006730,val,90,235,2099,0
tile_016829,val,91,170,1236,0
tile_025917,val,92,47,1275,0
tile_003052,val,93,235,2175,0
tile_001533,val,94,213,2158,0
tile_006909,val,95,232,2104,0
tile_023453,val,96,46,1260,0
tile_025268,val,97,213,1269,0
tile_009077,val,98,248,2139,0
tile_024426,val,99,196,1265,0
tile_018374,val,100,-5,1242,0
tile_006750,val,101,245,2099,0
tile_016719,val,102,56,1236,0
tile_007063,val,103,273,2106,0
tile_004890,val,104,445,1689,0
tile_010087,val,105,-110,1179,0
tile_000708,val,106,200,2152,0
tile_010033,val,107,-64,1176,0
tile_004187,val,108,448,1681,0
tile_000133,val,109,204,2140,0
tile_025643,val,110,224,1271,0
tile_026558,val,111,181,1293,0
tile_006523,val,112,450,1702,0
tile_020867,val,113,73,1250,0
tile_009075,val,114,241,2139,0
tile_019974,val,115,119,1247,0
tile_021434,val,116,73,1251,0
tile_009456,val,117,-93,1120,0
tile_022196,val,118,71,1254,0
tile_012242,val,119,49,1220,0
tile_003236,val,120,240,2182,0
tile_012760,val,121,55,1223,0
tile_027268,val,122,109,1356,0
tile_018233,val,123,62,1242,0
tile_008234,val,124,251,2118,0
tile_008857,val,125,252,2132,0
tile_005151,val,126,440,1691,0
tile_017240,val,127,61,1238,0
tile_015934,val,128,101,1233,0
tile_024972,val,129,59,1267,0
tile_015583,val,130,98,1232,0
tile_002700,val,131,233,2169,0
tile_013460,val,132,56,1225,0
tile_007484,val,133,255,2111,0
tile_011250,val,134,51,1215,0
tile_018321,val,135,58,1242,0
tile_002927,val,136,232,2172,0
tile_015523,val,137,3,1232,0
tile_002497,val,138,228,2167,0
tile_000010,val,139,213,2135,0
tile_018573,val,140,58,1243,0
tile_000932,val,141,214,2154,0
tile_014338,val,142,116,1228,0
tile_024871,val,143,53,1267,0
tile_006759,val,144,261,2100,0
tile_022823,val,145,104,1257,0
tile_018836,val,146,42,1244,0
tile_017279,val,147,172,1238,0
tile_001396,val,148,212,2157,0
tile_002901,val,149,219,2172,0
tile_006748,val,150,244,2099,0
tile_008875,val,151,244,2133,0
tile_019031,val,152,38,1244,0
tile_012412,val,153,105,1221,0
tile_008425,val,154,246,2120,0
tile_023430,val,155,118,1260,0
tile_016340,val,156,52,1234,0
tile_007551,val,157,268,2111,0
tile_019875,val,158,60,1247,0
tile_024969,val,159,56,1267,0
tile_007879,val,160,244,2114,0
tile_000790,val,161,227,2153,0
tile_015360,val,162,43,1231,0
tile_003272,val,163,238,2183,0
tile_012591,val,164,66,1222,0
tile_023019,val,165,44,1258,0
tile_010604,val,166,-47,1197,0
tile_020881,val,167,117,1250,0
tile_008972,val,168,281,2136,0
tile_018399,val,169,49,1242,0
tile_015116,val,170,41,1230,0
tile_022131,val,171,56,1254,0
tile_021302,val,172,51,1251,0
tile_005040,val,173,438,1690,0
tile_019316,val,174,77,1245,0
tile_002352,val,175,243,2166,0
tile_021189,val,176,45,1251,0
tile_023410,val,177,44,1260,0
tile_006524,val,178,442,1702,0
tile_027273,val,179,84,1357,0
tile_002326,val,180,224,2166,0
tile_011445,val,181,57,1217,0
tile_004629,val,182,450,1687,0
tile_024132,val,183,198,1263,0
tile_011199,val,184,29,1214,0
tile_015976,val,185,77,1233,0
tile_003343,val,186,199,2187,0
tile_023163,val,187,80,1258,0
tile_019670,val,188,45,1246,0
tile_026236,val,189,203,1281,0
tile_025102,val,190,55,1268,0
tile_025912,val,191,229,1275,0
tile_020306,val,192,18,1248,0
tile_025067,val,193,219,1268,0
tile_004250,val,194,432,1682,0
tile_002997,val,195,228,2174,0
tile_000300,val,196,220,2144,0
tile_021928,val,197,226,1253,0
tile_009705,val,198,-104,1160,0
tile_005814,val,199,446,1694,0
tile_019842,val,200,47,1247,0
tile_015209,val,201,48,1231,0
tile_002621,val,202,229,2169,0
tile_022037,val,203,-16,1254,0
tile_007516,val,204,256,2111,0
tile_013075,val,205,34,1224,0
tile_009952,val,206,-81,1175,0
tile_010315,val,207,-8,1185,0
tile_023986,val,208,35,1263,0
tile_019108,val,209,7,1245,0
tile_024706,val,210,57,1266,0
tile_023894,val,211,209,1262,0
tile_022440,val,212,214,1255,0
tile_021368,val,213,39,1251,0
tile_027108,val,214,216,1329,0
tile_010588,val,215,59,1196,0
tile_011035,val,216,61,1208,0
tile_002741,val,217,224,2170,0
tile_009050,val,218,281,2138,0
tile_017049,val,219,189,1237,0
tile_013685,val,220,49,1226,0
tile_013668,val,221,131,1226,0
tile_008306,val,222,241,2119,0
tile_016805,val,223,76,1236,0
tile_009664,val,224,-106,1152,0
tile_007299,val,225,266,2109,0
tile_009201,val,226,263,2146,0
tile_015140,val,227,61,1230,0
tile_004345,val,228,454,1683,0
tile_021638,val,229,171,1252,0
tile_015289,val,230,53,1231,0
tile_010740,val,231,57,1201,0
tile_003441,val,232,447,1664,0
tile_011919,val,233,40,1219,0
tile_018593,val,234,82,1243,0
tile_026733,val,235,5,1305,0
tile_020540,val,236,75,1249,0
tile_012958,val,237,52,1223,0
tile_008818,val,238,246,2130,0
tile_018770,val,239,44,1243,0
tile_018121,val,240,40,1241,0
tile_027009,val,241,192,1316,0
tile_010377,val,242,-8,1187,0
tile_009533,val,243,-105,1136,0
tile_013067,val,244,103,1224,0
tile_020059,val,245,194,1247,0
tile_005007,val,246,453,1689,0
tile_004561,val,247,466,1686,0
tile_000558,val,248,216,2150,0
tile_017690,val,249,200,1240,0
tile_027259,val,250,26,1356,0
tile_015414,val,251,108,1231,0
tile_004357,val,252,450,1684,0
tile_018455,val,253,-21,1242,0
tile_009478,val,254,-100,1128,0
tile_004086,val,255,438,1679,0
tile_007501,val,256,275,2111,0
tile_012117,val,257,101,1220,0
tile_006489,val,258,451,1701,0
tile_020907,val,259,46,1250,0
tile_000357,val,260,201,2145,0
tile_009696,val,261,-123,1156,0
tile_003176,val,262,219,2180,0
tile_018187,val,263,161,1241,0
tile_013381,val,264,110,1225,0
tile_003841,val,265,450,1676,0
tile_025831,val,266,226,1274,0
tile_003911,val,267,457,1677,0
tile_010725,val,268,-50,1201,0
tile_012674,val,269,104,1222,0
tile_025953,val,270,242,1275,0
tile_016257,val,271,-16,1234,0
tile_013191,val,272,95,1224,0
tile_017463,val,273,-6,1239,0
tile_026717,val,274,179,1304,0
tile_004588,val,275,434,1686,0
tile_009022,val,276,254,2137,0
tile_021652,val,277,44,1252,0
tile_008939,val,278,244,2135,0
tile_000554,val,279,237,2150,0
tile_009459,val,280,-93,1122,0
tile_014549,val,281,56,1229,0
tile_025875,val,282,222,1274,0
tile_017588,val,283,76,1239,0
tile_013176,val,284,57,1224,0
tile_011083,val,285,17,1210,0
tile_009971,val,286,-79,1175,0
tile_009222,val,287,265,2148,0
tile_015475,val,288,83,1231,0
tile_019359,val,289,41,1245,0
tile_025066,val,290,194,1268,0
tile_012423,val,291,47,1221,0
tile_021938,val,292,47,1253,0
tile_009601,val,293,-86,1141,0
tile_006270,val,294,452,1698,0
tile_022301,val,295,60,1255,0
tile_012309,val,296,50,1221,0
tile_004229,val,297,439,1682,0
tile_000464,val,298,200,2148,0
tile_008228,val,299,247,2118,0
tile_023105,val,300,81,1258,0
tile_022861,val,301,45,1257,0
tile_006782,val,302,243,2100,0
tile_004420,val,303,452,1684,0
tile_000996,val,304,224,2154,0
tile_018969,val,305,46,1244,0
tile_002807,val,306,223,2171,0
tile_007109,val,307,265,2107,0
tile_006712,val,308,240,2099,0
tile_027105,val,309,165,1328,0
tile_019026,val,310,217,1244,0
tile_002116,val,311,216,2163,0
tile_008661,val,312,241,2126,0
tile_009578,val,313,-109,1138,0
tile_006608,val,314,247,2091,0
tile_014574,val,315,85,1229,0
tile_006592,val,316,260,2085,0
tile_003953,val,317,459,1678,0
tile_018326,val,318,59,1242,0
tile_021028,val,319,60,1250,0
tile_009433,test,0,-114,1105,0
tile_022318,test,1,208,1255,0
tile_001040,test,2,219,2155,0
tile_026414,test,3,26,1284,0
tile_010325,test,4,-10,1186,0
tile_026618,test,5,3,1296,0
tile_019347,test,6,115,1245,0
tile_001191,test,7,222,2156,0
tile_018046,test,8,46,1241,0
tile_006613,test,9,240,2091,0
tile_015541,test,10,53,1232,0
tile_024792,test,11,64,1266,0
tile_017865,test,12,102,1240,0
tile_003384,test,13,242,2192,0
tile_010514,test,14,-74,1193,0
tile_012212,test,15,69,1220,0
tile_011215,test,16,47,1214,0
tile_010078,test,17,-103,1178,0
tile_003070,test,18,223,2176,0
tile_013845,test,19,104,1226,0
tile_002940,test,20,215,2173,0
tile_026149,test,21,201,1279,0
tile_018343,test,22,76,1242,0
tile_006701,test,23,264,2098,0
tile_027140,test,24,167,1334,0
tile_021509,test,25,105,1251,0
tile_003993,test,26,441,1678,0
tile_005789,test,27,456,1694,0
tile_023330,test,28,54,1259,0
tile_009182,test,29,254,2144,0
tile_009420,test,30,263,2173,0
tile_004189,test,31,451,1681,0
tile_008704,test,32,239,2127,0
tile_020283,test,33,62,1248,0
tile_021876,test,34,48,1253,0
tile_002964,test,35,218,2173,0
tile_026160,test,36,53,1279,0
tile_010794,test,37,67,1202,0
tile_026706,test,38,239,1303,0
tile_000775,test,39,218,2153,0
tile_009626,test,40,-111,1145,0
tile_021441,test,41,174,1251,0
tile_008371,test,42,258,2120,0
tile_020779,test,43,114,1249,0
tile_008133,test,44,245,2116,0
tile_011219,test,45,26,1214,0
tile_016007,test,46,102,1233,0
tile_000581,test,47,209,2150,0
tile_019706,test,48,57,1246,0
tile_004702,test,49,453,1687,0
tile_009901,test,50,-68,1171,0
tile_023479,test,51,193,1260,0
tile_001525,test,52,206,2158,0
tile_010068,test,53,-78,1177,0
tile_007775,test,54,266,2113,0
tile_003081,test,55,224,2176,0
tile_023805,test,56,51,1262,0
tile_004513,test,57,443,1686,0
tile_018368,test,58,218,1242,0
tile_024375,test,59,55,1264,0
tile_002069,test,60,233,2163,0
tile_001638,test,61,234,2158,0
tile_023092,test,62,57,1258,0
tile_009362,test,63,262,2164,0
tile_025548,test,64,54,1271,0
tile_016945,test,65,42,1237,0
tile_011479,test,66,56,1217,0
tile_019797,test,67,72,1247,0
tile_000410,test,68,213,2147,0
tile_015695,test,69,139,1232,0
tile_006675,test,70,237,2097,0
tile_007543,test,71,258,2111,0
tile_012462,test,72,38,1221,0
tile_006488,test,73,450,1701,0
tile_014370,test,74,66,1228,0
tile_002705,test,75,244,2169,0
tile_010600,test,76,-70,1197,0
tile_022891,test,77,204,1257,0
tile_026402,test,78,67,1284,0
tile_021596,test,79,52,1252,0
tile_003789,test,80,467,1674,0
tile_001219,test,81,215,2156,0
tile_003608,test,82,446,1672,0
tile_002095,test,83,217,2163,0
tile_008871,test,84,276,2133,0
tile_002771,test,85,217,2170,0
tile_000074,test,86,191,2138,0
tile_010593,test,87,-27,1197,0
tile_025104,test,88,58,1268,0
tile_025501,test,89,61,1270,0
tile_007201,test,90,259,2108,0
tile_013758,test,91,106,1226,0
tile_000369,test,92,207,2146,0
tile_016810,test,93,93,1236,0
tile_009967,test,94,-62,1175,0
tile_007074,test,95,255,2106,0
tile_010048,test,96,-63,1176,0
tile_026742,test,97,106,1306,0
tile_026295,test,98,74,1282,0
tile_012251,test,99,53,1220,0
tile_017103,test,100,168,1238,0
tile_022754,test,101,35,1257,0
tile_017612,test,102,174,1239,0
tile_027139,test,103,202,1333,0
tile_014584,test,104,89,1229,0
tile_007041,test,105,243,2106,0
tile_021972,test,106,76,1253,0
tile_008896,test,107,238,2134,0
tile_004616,test,108,440,1687,0
tile_003250,test,109,238,2182,0
tile_027345,test,110,29,1360,0
tile_024751,test,111,118,1266,0
tile_023239,test,112,51,1259,0
tile_023655,test,113,212,1261,0
tile_022016,test,114,57,1253,0
tile_026025,test,115,211,1276,0
tile_019744,test,116,34,1247,0
tile_016808,test,117,92,1236,0
tile_024532,test,118,69,1265,0
tile_026647,test,119,48,1300,0
tile_000286,test,120,237,2143,0
tile_026844,test,121,84,1311,0
tile_027025,test,122,70,1317,0
tile_001802,test,123,214,2160,0
tile_008275,test,124,278,2118,0
tile_002603,test,125,207,2169,0
tile_010880,test,126,66,1204,0
tile_012137,test,127,51,1220,0
tile_009841,test,128,-46,1167,0
tile_026497,test,129,188,1287,0
tile_003720,test,130,437,1674,0
tile_013215,test,131,-7,1224,0
tile_011405,test,132,56,1216,0
tile_002841,test,133,246,2171,0
tile_002289,test,134,239,2165,0
tile_009515,test,135,-84,1135,0
tile_000509,test,136,216,2149,0
tile_006439,test,137,445,1700,0
tile_024016,test,138,225,1263,0
tile_017799,test,139,81,1240,0
tile_005478,test,140,449,1692,0
tile_005471,test,141,444,1692,0
tile_009291,test,142,264,2159,0
tile_020547,test,143,79,1249,0
tile_014758,test,144,94,1229,0
tile_001454,test,145,217,2157,0
tile_003683,test,146,439,1673,0
tile_009704,test,147,-98,1159,0
tile_006302,test,148,448,1698,0
tile_023181,test,149,214,1258,0
tile_004333,test,150,443,1683,0
tile_012213,test,151,85,1220,0
tile_008662,test,152,243,2126,0
tile_006896,test,153,241,2104,0
tile_009094,test,154,277,2139,0
tile_014810,test,155,49,1229,0
tile_019962,test,156,78,1247,0
tile_009516,test,157,-107,1135,0
tile_021755,test,158,73,1252,0
tile_009848,test,159,-53,1167,0
tile_022199,test,160,211,1254,0
tile_003986,test,161,439,1678,0
tile_008598,test,162,279,2124,0
tile_018868,test,163,61,1244,0
tile_027030,test,164,70,1318,0
tile_015625,test,165,52,1232,0
tile_027175,test,166,71,1340,0
tile_000536,test,167,217,2149,0
tile_010962,test,168,45,1206,0
tile_008575,test,169,243,2123,0
tile_023596,test,170,57,1261,0
tile_009028,test,171,236,2138,0
tile_002353,test,172,244,2166,0
tile_023518,test,173,208,1260,0
tile_016924,test,174,123,1237,0
tile_008641,test,175,256,2125,0
tile_017440,test,176,125,1239,0
tile_017610,test,177,167,1239,0
tile_003018,test,178,205,2174,0
tile_025812,test,179,224,1273,0
tile_021249,test,180,65,1251,0
tile_002630,test,181,247,2169,0
tile_027179,test,182,75,1340,0
tile_009322,test,183,260,2162,0
tile_020036,test,184,58,1247,0
tile_003577,test,185,435,1671,0
tile_000791,test,186,228,2153,0
tile_009931,test,187,-66,1174,0
tile_026243,test,188,128,1281,0
tile_010805,test,189,-19,1202,0
tile_026401,test,190,56,1284,0
tile_015155,test,191,87,1230,0
tile_017962,test,192,45,1241,0
tile_016233,test,193,108,1234,0
tile_017880,test,194,24,1241,0
tile_007130,test,195,255,2107,0
tile_011095,test,196,28,1210,0
tile_009131,test,197,246,2141,0
tile_022439,test,198,205,1255,0
tile_003100,test,199,235,2177,0
tile_013256,test,200,93,1224,0
tile_023351,test,201,208,1259,0
tile_006927,test,202,252,2104,0
tile_000502,test,203,220,2149,0
tile_006079,test,204,439,1696,0
tile_009079,test,205,249,2139,0
tile_022939,test,206,59,1257,0
tile_017001,test,207,41,1237,0
tile_008806,test,208,250,2130,0
tile_000667,test,209,204,2151,0
tile_025100,test,210,50,1268,0
tile_000287,test,211,199,2143,0
tile_000106,test,212,200,2139,0
tile_007461,test,213,259,2110,0
tile_021699,test,214,107,1252,0
tile_026560,test,215,-3,1293,0
tile_026242,test,216,63,1281,0
tile_026721,test,217,181,1304,0
tile_019712,test,218,68,1246,0
tile_006804,test,219,242,2101,0
tile_025859,test,220,250,1274,0
tile_015435,test,221,139,1231,0
tile_002764,test,222,243,2170,0
tile_026632,test,223,124,1298,0
tile_026715,test,224,184,1304,0
tile_003905,test,225,443,1677,0
tile_002152,test,226,232,2164,0
tile_008455,test,227,240,2121,0
tile_011730,test,228,56,1218,0
tile_006482,test,229,447,1701,0
tile_018246,test,230,77,1242,0
tile_006607,test,231,242,2091,0
tile_020309,test,232,38,1248,0
tile_009593,test,233,-87,1139,0
tile_003261,test,234,200,2183,0
tile_018838,test,235,43,1244,0
tile_010319,test,236,-61,1186,0
tile_003071,test,237,225,2176,0
tile_026294,test,238,61,1282,0
tile_016466,test,239,56,1235,0
tile_016510,test,240,32,1235,0
tile_025416,test,241,224,1270,0
tile_020308,test,242,32,1248,0
tile_021977,test,243,215,1253,0
tile_012916,test,244,94,1223,0
tile_009381,test,245,264,2165,0
tile_002642,test,246,225,2169,0
tile_000260,test,247,201,2143,0
tile_017138,test,248,80,1238,0
tile_003096,test,249,225,2177,0
tile_024556,test,250,227,1265,0
tile_017517,test,251,83,1239,0
tile_003899,test,252,472,1677,0
tile_008795,test,253,248,2130,0
tile_010694,test,254,57,1200,0
tile_018366,test,255,216,1242,0
tile_011170,test,256,31,1212,0
tile_019574,test,257,84,1246,0
tile_018886,test,258,122,1244,0
tile_006963,test,259,257,2104,0
tile_024384,test,260,116,1264,0
tile_018272,test,261,217,1242,0
tile_023834,test,262,218,1262,0
tile_009095,test,263,238,2139,0
tile_005157,test,264,446,1691,0
tile_012050,test,265,87,1219,0
tile_004507,test,266,436,1686,0
tile_003931,test,267,458,1678,0
tile_025834,test,268,237,1274,0
tile_006609,test,269,250,2091,0
tile_024440,test,270,230,1265,0
tile_007642,test,271,265,2112,0
tile_016345,test,272,54,1234,0
tile_026666,test,273,168,1301,0
tile_017870,test,274,173,1240,0
tile_016900,test,275,51,1237,0
tile_008623,test,276,278,2124,0
tile_000058,test,277,212,2138,0
tile_014609,test,278,108,1229,0
tile_027133,test,279,31,1332,0
tile_027152,test,280,70,1338,0
tile_019972,test,281,95,1247,0
tile_001307,test,282,215,2157,0
tile_010616,test,283,53,1198,0
tile_014472,test,284,84,1228,0
tile_015971,test,285,62,1233,0
tile_001721,test,286,219,2159,0
tile_027254,test,287,78,1355,0
tile_025956,test,288,15,1275,0
tile_007205,test,289,266,2108,0
tile_016493,test,290,102,1235,0
tile_019030,test,291,35,1244,0
tile_003581,test,292,468,1671,0
tile_027356,test,293,50,1368,0
tile_003088,test,294,246,2176,0
tile_016341,test,295,53,1234,0
tile_003313,test,296,235,2185,0
tile_005193,test,297,444,1691,0
tile_024337,test,298,57,1264,0
tile_026842,test,299,82,1311,0
tile_007039,test,300,238,2106,0
tile_008777,test,301,244,2129,0
tile_027171,test,302,80,1339,0
tile_026241,test,303,54,1281,0
tile_023606,test,304,195,1261,0
tile_000478,test,305,229,2148,0
tile_006573,test,306,447,1712,0
tile_005907,test,307,451,1695,0
tile_020489,test,308,49,1249,0
tile_026891,test,309,80,1312,0
tile_016294,test,310,99,1234,0
tile_024254,test,311,214,1264,0
tile_010444,test,312,-5,1189,0
tile_000564,test,313,224,2150,0
tile_003818,test,314,472,1675,0
tile_000109,test,315,212,2139,0
tile_027245,test,316,10,1351,0
tile_019066,test,317,58,1244,0
tile_018874,test,318,78,1244,0
tile_006646,test,319,239,2094,0
