{
  "version": 1,
  "config": "C:\\Users\\pc\\Documents\\´ó´´\\projects\\irt_label_pipeline\\config_winprop2020_irt2_direct_3200.json",
  "config_sha256": "3104768e43053aa6e3fb10c4f01189e44769f89deca628722f47711e8baf7e51",
  "output_root": "E:\\dac_winprop_irt2_direct_3200_v1",
  "tiles": [
    {
      "tile": "tile_018241",
      "variants": [
        "iso",
        "az007",
        "az072",
        "az183",
        "az287"
      ]
    },
    {
      "tile": "tile_027078",
      "variants": [
        "iso",
        "az098",
        "az160",
        "az172",
        "az335"
      ]
    },
    {
      "tile": "tile_004311",
      "variants": [
        "iso",
        "az010",
        "az038",
        "az228",
        "az277"
      ]
    },
    {
      "tile": "tile_023218",
      "variants": [
        "iso",
        "az028",
        "az164",
        "az232",
        "az346"
      ]
    },
    {
      "tile": "tile_009123",
      "variants": [
        "iso",
        "az048",
        "az162",
        "az225",
        "az281"
      ]
    },
    {
      "tile": "tile_003456",
      "variants": [
        "iso",
        "az183",
        "az305",
        "az307",
        "az331"
      ]
    },
    {
      "tile": "tile_014919",
      "variants": [
        "iso",
        "az089",
        "az152",
        "az205",
        "az271"
      ]
    },
    {
      "tile": "tile_005699",
      "variants": [
        "iso",
        "az077",
        "az106",
        "az271",
        "az328"
      ]
    },
    {
      "tile": "tile_009521",
      "variants": [
        "iso",
        "az056",
        "az065",
        "az120",
        "az213"
      ]
    },
    {
      "tile": "tile_009838",
      "variants": [
        "iso",
        "az106",
        "az308",
        "az355",
        "az356"
      ]
    },
    {
      "tile": "tile_018522",
      "variants": [
        "iso",
        "az041",
        "az210",
        "az281",
        "az310"
      ]
    },
    {
      "tile": "tile_016462",
      "variants": [
        "iso",
        "az063",
        "az153",
        "az180",
        "az182"
      ]
    },
    {
      "tile": "tile_019711",
      "variants": [
        "iso",
        "az100",
        "az112",
        "az177",
        "az222"
      ]
    },
    {
      "tile": "tile_013278",
      "variants": [
        "iso",
        "az007",
        "az014",
        "az024",
        "az327"
      ]
    },
    {
      "tile": "tile_026990",
      "variants": [
        "iso",
        "az028",
        "az052",
        "az189",
        "az326"
      ]
    },
    {
      "tile": "tile_009255",
      "variants": [
        "iso",
        "az027",
        "az125",
        "az181",
        "az206"
      ]
    },
    {
      "tile": "tile_005012",
      "variants": [
        "iso",
        "az153",
        "az194",
        "az219",
        "az283"
      ]
    },
    {
      "tile": "tile_017347",
      "variants": [
        "iso",
        "az142",
        "az193",
        "az245",
        "az313"
      ]
    },
    {
      "tile": "tile_026066",
      "variants": [
        "iso",
        "az016",
        "az228",
        "az336",
        "az349"
      ]
    },
    {
      "tile": "tile_010860",
      "variants": [
        "iso",
        "az070",
        "az166",
        "az302",
        "az307"
      ]
    },
    {
      "tile": "tile_008366",
      "variants": [
        "iso",
        "az029",
        "az157",
        "az189",
        "az208"
      ]
    },
    {
      "tile": "tile_021762",
      "variants": [
        "iso",
        "az050",
        "az100",
        "az120",
        "az147"
      ]
    },
    {
      "tile": "tile_026356",
      "variants": [
        "iso",
        "az018",
        "az136",
        "az253",
        "az338"
      ]
    },
    {
      "tile": "tile_012450",
      "variants": [
        "iso",
        "az053",
        "az124",
        "az256",
        "az277"
      ]
    },
    {
      "tile": "tile_017465",
      "variants": [
        "iso",
        "az222",
        "az263",
        "az315",
        "az346"
      ]
    },
    {
      "tile": "tile_024812",
      "variants": [
        "iso",
        "az074",
        "az086",
        "az128",
        "az165"
      ]
    },
    {
      "tile": "tile_009825",
      "variants": [
        "iso",
        "az038",
        "az161",
        "az182",
        "az301"
      ]
    },
    {
      "tile": "tile_007075",
      "variants": [
        "iso",
        "az046",
        "az058",
        "az174",
        "az216"
      ]
    },
    {
      "tile": "tile_006528",
      "variants": [
        "iso",
        "az032",
        "az125",
        "az139",
        "az311"
      ]
    },
    {
      "tile": "tile_022571",
      "variants": [
        "iso",
        "az002",
        "az066",
        "az100",
        "az119"
      ]
    },
    {
      "tile": "tile_008553",
      "variants": [
        "iso",
        "az051",
        "az222",
        "az240",
        "az271"
      ]
    },
    {
      "tile": "tile_001950",
      "variants": [
        "iso",
        "az166",
        "az277",
        "az336",
        "az342"
      ]
    },
    {
      "tile": "tile_009308",
      "variants": [
        "iso",
        "az101",
        "az111",
        "az264",
        "az273"
      ]
    },
    {
      "tile": "tile_023398",
      "variants": [
        "iso",
        "az129",
        "az167",
        "az224",
        "az319"
      ]
    },
    {
      "tile": "tile_003037",
      "variants": [
        "iso",
        "az090",
        "az181",
        "az247",
        "az279"
      ]
    },
    {
      "tile": "tile_024890",
      "variants": [
        "iso",
        "az056",
        "az164",
        "az273",
        "az336"
      ]
    },
    {
      "tile": "tile_003203",
      "variants": [
        "iso",
        "az098",
        "az192",
        "az227",
        "az228"
      ]
    },
    {
      "tile": "tile_022842",
      "variants": [
        "iso",
        "az056",
        "az059",
        "az164",
        "az183"
      ]
    },
    {
      "tile": "tile_009449",
      "variants": [
        "iso",
        "az049",
        "az108",
        "az202",
        "az357"
      ]
    },
    {
      "tile": "tile_004013",
      "variants": [
        "iso",
        "az028",
        "az105",
        "az223",
        "az320"
      ]
    },
    {
      "tile": "tile_004204",
      "variants": [
        "iso",
        "az045",
        "az058",
        "az097",
        "az221"
      ]
    },
    {
      "tile": "tile_014587",
      "variants": [
        "iso",
        "az095",
        "az104",
        "az195",
        "az259"
      ]
    },
    {
      "tile": "tile_014948",
      "variants": [
        "iso",
        "az027",
        "az159",
        "az245",
        "az255"
      ]
    },
    {
      "tile": "tile_012695",
      "variants": [
        "iso",
        "az032",
        "az244",
        "az258",
        "az340"
      ]
    },
    {
      "tile": "tile_000002",
      "variants": [
        "iso",
        "az072",
        "az153",
        "az338",
        "az356"
      ]
    },
    {
      "tile": "tile_010408",
      "variants": [
        "iso",
        "az079",
        "az131",
        "az233",
        "az346"
      ]
    },
    {
      "tile": "tile_003814",
      "variants": [
        "iso",
        "az044",
        "az074",
        "az091",
        "az180"
      ]
    },
    {
      "tile": "tile_002175",
      "variants": [
        "iso",
        "az096",
        "az101",
        "az196",
        "az259"
      ]
    },
    {
      "tile": "tile_012472",
      "variants": [
        "iso",
        "az161",
        "az209",
        "az213",
        "az338"
      ]
    },
    {
      "tile": "tile_019510",
      "variants": [
        "iso",
        "az004",
        "az049",
        "az100",
        "az215"
      ]
    },
    {
      "tile": "tile_003082",
      "variants": [
        "iso",
        "az138",
        "az165",
        "az209",
        "az257"
      ]
    },
    {
      "tile": "tile_026030",
      "variants": [
        "iso",
        "az005",
        "az037",
        "az064",
        "az314"
      ]
    },
    {
      "tile": "tile_009727",
      "variants": [
        "iso",
        "az063",
        "az226",
        "az338",
        "az343"
      ]
    },
    {
      "tile": "tile_009227",
      "variants": [
        "iso",
        "az059",
        "az189",
        "az193",
        "az290"
      ]
    },
    {
      "tile": "tile_008191",
      "variants": [
        "iso",
        "az171",
        "az210",
        "az296",
        "az353"
      ]
    },
    {
      "tile": "tile_026981",
      "variants": [
        "iso",
        "az098",
        "az099",
        "az149",
        "az255"
      ]
    },
    {
      "tile": "tile_009409",
      "variants": [
        "iso",
        "az104",
        "az213",
        "az219",
        "az241"
      ]
    },
    {
      "tile": "tile_001056",
      "variants": [
        "iso",
        "az008",
        "az075",
        "az182",
        "az298"
      ]
    },
    {
      "tile": "tile_009116",
      "variants": [
        "iso",
        "az105",
        "az191",
        "az194",
        "az259"
      ]
    },
    {
      "tile": "tile_018941",
      "variants": [
        "iso",
        "az007",
        "az288",
        "az327",
        "az352"
      ]
    },
    {
      "tile": "tile_015977",
      "variants": [
        "iso",
        "az148",
        "az239",
        "az302",
        "az351"
      ]
    },
    {
      "tile": "tile_022542",
      "variants": [
        "iso",
        "az069",
        "az072",
        "az168",
        "az295"
      ]
    },
    {
      "tile": "tile_026827",
      "variants": [
        "iso",
        "az029",
        "az139",
        "az151",
        "az292"
      ]
    },
    {
      "tile": "tile_001894",
      "variants": [
        "iso",
        "az018",
        "az096",
        "az128",
        "az326"
      ]
    },
    {
      "tile": "tile_025967",
      "variants": [
        "iso",
        "az030",
        "az046",
        "az293",
        "az345"
      ]
    },
    {
      "tile": "tile_006756",
      "variants": [
        "iso",
        "az094",
        "az128",
        "az275",
        "az280"
      ]
    },
    {
      "tile": "tile_000306",
      "variants": [
        "iso",
        "az032",
        "az050",
        "az112",
        "az205"
      ]
    },
    {
      "tile": "tile_026739",
      "variants": [
        "iso",
        "az018",
        "az069",
        "az087",
        "az292"
      ]
    },
    {
      "tile": "tile_012782",
      "variants": [
        "iso",
        "az060",
        "az137",
        "az255",
        "az316"
      ]
    },
    {
      "tile": "tile_026888",
      "variants": [
        "iso",
        "az056",
        "az154",
        "az192",
        "az222"
      ]
    },
    {
      "tile": "tile_000223",
      "variants": [
        "iso",
        "az125",
        "az192",
        "az216",
        "az343"
      ]
    },
    {
      "tile": "tile_021766",
      "variants": [
        "iso",
        "az061",
        "az149",
        "az255",
        "az342"
      ]
    },
    {
      "tile": "tile_007504",
      "variants": [
        "iso",
        "az069",
        "az157",
        "az338",
        "az339"
      ]
    },
    {
      "tile": "tile_019404",
      "variants": [
        "iso",
        "az002",
        "az095",
        "az322",
        "az357"
      ]
    },
    {
      "tile": "tile_017611",
      "variants": [
        "iso",
        "az095",
        "az130",
        "az183",
        "az343"
      ]
    },
    {
      "tile": "tile_006506",
      "variants": [
        "iso",
        "az093",
        "az148",
        "az174",
        "az271"
      ]
    },
    {
      "tile": "tile_022593",
      "variants": [
        "iso",
        "az041",
        "az053",
        "az281",
        "az345"
      ]
    },
    {
      "tile": "tile_020378",
      "variants": [
        "iso",
        "az202",
        "az210",
        "az212",
        "az244"
      ]
    },
    {
      "tile": "tile_025293",
      "variants": [
        "iso",
        "az041",
        "az096",
        "az152",
        "az274"
      ]
    },
    {
      "tile": "tile_027007",
      "variants": [
        "iso",
        "az126",
        "az282",
        "az284",
        "az312"
      ]
    },
    {
      "tile": "tile_021912",
      "variants": [
        "iso",
        "az107",
        "az159",
        "az319",
        "az359"
      ]
    },
    {
      "tile": "tile_000239",
      "variants": [
        "iso",
        "az110",
        "az180",
        "az243",
        "az293"
      ]
    },
    {
      "tile": "tile_027001",
      "variants": [
        "iso",
        "az023",
        "az263",
        "az302",
        "az324"
      ]
    },
    {
      "tile": "tile_019434",
      "variants": [
        "iso",
        "az078",
        "az214",
        "az237",
        "az283"
      ]
    },
    {
      "tile": "tile_011432",
      "variants": [
        "iso",
        "az057",
        "az158",
        "az267",
        "az288"
      ]
    },
    {
      "tile": "tile_008173",
      "variants": [
        "iso",
        "az003",
        "az009",
        "az111",
        "az359"
      ]
    },
    {
      "tile": "tile_024712",
      "variants": [
        "iso",
        "az053",
        "az098",
        "az131",
        "az321"
      ]
    },
    {
      "tile": "tile_006191",
      "variants": [
        "iso",
        "az083",
        "az101",
        "az120",
        "az291"
      ]
    },
    {
      "tile": "tile_021925",
      "variants": [
        "iso",
        "az025",
        "az038",
        "az059",
        "az157"
      ]
    },
    {
      "tile": "tile_025289",
      "variants": [
        "iso",
        "az001",
        "az101",
        "az130",
        "az189"
      ]
    },
    {
      "tile": "tile_006813",
      "variants": [
        "iso",
        "az026",
        "az141",
        "az238",
        "az311"
      ]
    },
    {
      "tile": "tile_019335",
      "variants": [
        "iso",
        "az069",
        "az121",
        "az128",
        "az251"
      ]
    },
    {
      "tile": "tile_026960",
      "variants": [
        "iso",
        "az063",
        "az163",
        "az220",
        "az323"
      ]
    },
    {
      "tile": "tile_025096",
      "variants": [
        "iso",
        "az006",
        "az194",
        "az197",
        "az332"
      ]
    },
    {
      "tile": "tile_017173",
      "variants": [
        "iso",
        "az051",
        "az053",
        "az130",
        "az263"
      ]
    },
    {
      "tile": "tile_000734",
      "variants": [
        "iso",
        "az051",
        "az225",
        "az259",
        "az358"
      ]
    },
    {
      "tile": "tile_014082",
      "variants": [
        "iso",
        "az024",
        "az265",
        "az289",
        "az313"
      ]
    },
    {
      "tile": "tile_016999",
      "variants": [
        "iso",
        "az029",
        "az051",
        "az085",
        "az160"
      ]
    },
    {
      "tile": "tile_023515",
      "variants": [
        "iso",
        "az185",
        "az244",
        "az252",
        "az287"
      ]
    },
    {
      "tile": "tile_026804",
      "variants": [
        "iso",
        "az029",
        "az075",
        "az132",
        "az208"
      ]
    },
    {
      "tile": "tile_019556",
      "variants": [
        "iso",
        "az072",
        "az201",
        "az243",
        "az339"
      ]
    },
    {
      "tile": "tile_019736",
      "variants": [
        "iso",
        "az112",
        "az227",
        "az231",
        "az351"
      ]
    },
    {
      "tile": "tile_010656",
      "variants": [
        "iso",
        "az169",
        "az182",
        "az273",
        "az279"
      ]
    },
    {
      "tile": "tile_009631",
      "variants": [
        "iso",
        "az007",
        "az065",
        "az088",
        "az228"
      ]
    },
    {
      "tile": "tile_011265",
      "variants": [
        "iso",
        "az053",
        "az142",
        "az177",
        "az306"
      ]
    },
    {
      "tile": "tile_020080",
      "variants": [
        "iso",
        "az105",
        "az127",
        "az159",
        "az307"
      ]
    },
    {
      "tile": "tile_024215",
      "variants": [
        "iso",
        "az145",
        "az221",
        "az229",
        "az262"
      ]
    },
    {
      "tile": "tile_008177",
      "variants": [
        "iso",
        "az077",
        "az079",
        "az167",
        "az312"
      ]
    },
    {
      "tile": "tile_026486",
      "variants": [
        "iso",
        "az047",
        "az259",
        "az321",
        "az339"
      ]
    },
    {
      "tile": "tile_025602",
      "variants": [
        "iso",
        "az072",
        "az147",
        "az201",
        "az290"
      ]
    },
    {
      "tile": "tile_010511",
      "variants": [
        "iso",
        "az102",
        "az240",
        "az261",
        "az274"
      ]
    },
    {
      "tile": "tile_017276",
      "variants": [
        "iso",
        "az040",
        "az048",
        "az057",
        "az080"
      ]
    },
    {
      "tile": "tile_001951",
      "variants": [
        "iso",
        "az120",
        "az193",
        "az290",
        "az299"
      ]
    },
    {
      "tile": "tile_017355",
      "variants": [
        "iso",
        "az032",
        "az145",
        "az286",
        "az339"
      ]
    },
    {
      "tile": "tile_015787",
      "variants": [
        "iso",
        "az011",
        "az193",
        "az288",
        "az289"
      ]
    },
    {
      "tile": "tile_012357",
      "variants": [
        "iso",
        "az116",
        "az273",
        "az286",
        "az318"
      ]
    },
    {
      "tile": "tile_005912",
      "variants": [
        "iso",
        "az028",
        "az122",
        "az198",
        "az265"
      ]
    },
    {
      "tile": "tile_004727",
      "variants": [
        "iso",
        "az026",
        "az163",
        "az181",
        "az336"
      ]
    },
    {
      "tile": "tile_009804",
      "variants": [
        "iso",
        "az041",
        "az103",
        "az236",
        "az359"
      ]
    },
    {
      "tile": "tile_004090",
      "variants": [
        "iso",
        "az073",
        "az231",
        "az258",
        "az303"
      ]
    },
    {
      "tile": "tile_005460",
      "variants": [
        "iso",
        "az191",
        "az195",
        "az201",
        "az340"
      ]
    },
    {
      "tile": "tile_003685",
      "variants": [
        "iso",
        "az004",
        "az013",
        "az207",
        "az272"
      ]
    },
    {
      "tile": "tile_012355",
      "variants": [
        "iso",
        "az105",
        "az113",
        "az172",
        "az297"
      ]
    },
    {
      "tile": "tile_006202",
      "variants": [
        "iso",
        "az121",
        "az217",
        "az293",
        "az311"
      ]
    },
    {
      "tile": "tile_014006",
      "variants": [
        "iso",
        "az057",
        "az167",
        "az209",
        "az217"
      ]
    },
    {
      "tile": "tile_002011",
      "variants": [
        "iso",
        "az002",
        "az151",
        "az310",
        "az352"
      ]
    },
    {
      "tile": "tile_010983",
      "variants": [
        "iso",
        "az217",
        "az228",
        "az241",
        "az311"
      ]
    },
    {
      "tile": "tile_002202",
      "variants": [
        "iso",
        "az004",
        "az060",
        "az199",
        "az225"
      ]
    },
    {
      "tile": "tile_027054",
      "variants": [
        "iso",
        "az010",
        "az046",
        "az132",
        "az311"
      ]
    },
    {
      "tile": "tile_016256",
      "variants": [
        "iso",
        "az034",
        "az183",
        "az233",
        "az272"
      ]
    },
    {
      "tile": "tile_008910",
      "variants": [
        "iso",
        "az045",
        "az074",
        "az133",
        "az249"
      ]
    },
    {
      "tile": "tile_026764",
      "variants": [
        "iso",
        "az074",
        "az262",
        "az265",
        "az267"
      ]
    },
    {
      "tile": "tile_007340",
      "variants": [
        "iso",
        "az026",
        "az035",
        "az192",
        "az230"
      ]
    },
    {
      "tile": "tile_014081",
      "variants": [
        "iso",
        "az111",
        "az113",
        "az166",
        "az358"
      ]
    },
    {
      "tile": "tile_016301",
      "variants": [
        "iso",
        "az001",
        "az022",
        "az151",
        "az335"
      ]
    },
    {
      "tile": "tile_018599",
      "variants": [
        "iso",
        "az075",
        "az122",
        "az239",
        "az274"
      ]
    },
    {
      "tile": "tile_007840",
      "variants": [
        "iso",
        "az027",
        "az037",
        "az134",
        "az346"
      ]
    },
    {
      "tile": "tile_008595",
      "variants": [
        "iso",
        "az116",
        "az183",
        "az186",
        "az252"
      ]
    },
    {
      "tile": "tile_020370",
      "variants": [
        "iso",
        "az146",
        "az151",
        "az226",
        "az349"
      ]
    },
    {
      "tile": "tile_018108",
      "variants": [
        "iso",
        "az000",
        "az147",
        "az215",
        "az243"
      ]
    },
    {
      "tile": "tile_015463",
      "variants": [
        "iso",
        "az151",
        "az152",
        "az182",
        "az195"
      ]
    },
    {
      "tile": "tile_023334",
      "variants": [
        "iso",
        "az131",
        "az147",
        "az176",
        "az208"
      ]
    },
    {
      "tile": "tile_024228",
      "variants": [
        "iso",
        "az058",
        "az156",
        "az282",
        "az343"
      ]
    },
    {
      "tile": "tile_018328",
      "variants": [
        "iso",
        "az061",
        "az116",
        "az174",
        "az279"
      ]
    },
    {
      "tile": "tile_002415",
      "variants": [
        "iso",
        "az143",
        "az249",
        "az252",
        "az286"
      ]
    },
    {
      "tile": "tile_007106",
      "variants": [
        "iso",
        "az003",
        "az157",
        "az186",
        "az311"
      ]
    },
    {
      "tile": "tile_019613",
      "variants": [
        "iso",
        "az170",
        "az215",
        "az294",
        "az295"
      ]
    },
    {
      "tile": "tile_025404",
      "variants": [
        "iso",
        "az035",
        "az047",
        "az097",
        "az314"
      ]
    },
    {
      "tile": "tile_009251",
      "variants": [
        "iso",
        "az026",
        "az155",
        "az156",
        "az164"
      ]
    },
    {
      "tile": "tile_018033",
      "variants": [
        "iso",
        "az177",
        "az251",
        "az271",
        "az343"
      ]
    },
    {
      "tile": "tile_004636",
      "variants": [
        "iso",
        "az000",
        "az041",
        "az141",
        "az168"
      ]
    },
    {
      "tile": "tile_026971",
      "variants": [
        "iso",
        "az006",
        "az152",
        "az199",
        "az236"
      ]
    },
    {
      "tile": "tile_009880",
      "variants": [
        "iso",
        "az054",
        "az271",
        "az279",
        "az295"
      ]
    },
    {
      "tile": "tile_001209",
      "variants": [
        "iso",
        "az121",
        "az133",
        "az240",
        "az251"
      ]
    },
    {
      "tile": "tile_006283",
      "variants": [
        "iso",
        "az074",
        "az101",
        "az106",
        "az323"
      ]
    },
    {
      "tile": "tile_009836",
      "variants": [
        "iso",
        "az152",
        "az203",
        "az246",
        "az321"
      ]
    },
    {
      "tile": "tile_009194",
      "variants": [
        "iso",
        "az090",
        "az162",
        "az219",
        "az230"
      ]
    },
    {
      "tile": "tile_005155",
      "variants": [
        "iso",
        "az010",
        "az072",
        "az247",
        "az261"
      ]
    },
    {
      "tile": "tile_026686",
      "variants": [
        "iso",
        "az098",
        "az127",
        "az208",
        "az210"
      ]
    },
    {
      "tile": "tile_026455",
      "variants": [
        "iso",
        "az121",
        "az132",
        "az186",
        "az255"
      ]
    },
    {
      "tile": "tile_014196",
      "variants": [
        "iso",
        "az003",
        "az086",
        "az098",
        "az342"
      ]
    },
    {
      "tile": "tile_010066",
      "variants": [
        "iso",
        "az115",
        "az179",
        "az240",
        "az316"
      ]
    },
    {
      "tile": "tile_002718",
      "variants": [
        "iso",
        "az198",
        "az207",
        "az285",
        "az342"
      ]
    },
    {
      "tile": "tile_008184",
      "variants": [
        "iso",
        "az167",
        "az204",
        "az258",
        "az284"
      ]
    },
    {
      "tile": "tile_022646",
      "variants": [
        "iso",
        "az017",
        "az102",
        "az205",
        "az296"
      ]
    },
    {
      "tile": "tile_013219",
      "variants": [
        "iso",
        "az025",
        "az068",
        "az114",
        "az194"
      ]
    },
    {
      "tile": "tile_000587",
      "variants": [
        "iso",
        "az066",
        "az101",
        "az244",
        "az257"
      ]
    },
    {
      "tile": "tile_013470",
      "variants": [
        "iso",
        "az053",
        "az075",
        "az165",
        "az212"
      ]
    },
    {
      "tile": "tile_017013",
      "variants": [
        "iso",
        "az050",
        "az058",
        "az199",
        "az219"
      ]
    },
    {
      "tile": "tile_001378",
      "variants": [
        "iso",
        "az140",
        "az211",
        "az250",
        "az312"
      ]
    },
    {
      "tile": "tile_024346",
      "variants": [
        "iso",
        "az051",
        "az129",
        "az296",
        "az354"
      ]
    },
    {
      "tile": "tile_015247",
      "variants": [
        "iso",
        "az154",
        "az159",
        "az174",
        "az233"
      ]
    },
    {
      "tile": "tile_022522",
      "variants": [
        "iso",
        "az065",
        "az115",
        "az166",
        "az272"
      ]
    },
    {
      "tile": "tile_002557",
      "variants": [
        "iso",
        "az089",
        "az199",
        "az281",
        "az295"
      ]
    },
    {
      "tile": "tile_000194",
      "variants": [
        "iso",
        "az000",
        "az110",
        "az183",
        "az197"
      ]
    },
    {
      "tile": "tile_002514",
      "variants": [
        "iso",
        "az002",
        "az023",
        "az030",
        "az160"
      ]
    },
    {
      "tile": "tile_027142",
      "variants": [
        "iso",
        "az071",
        "az170",
        "az215",
        "az217"
      ]
    },
    {
      "tile": "tile_026605",
      "variants": [
        "iso",
        "az070",
        "az103",
        "az179",
        "az259"
      ]
    },
    {
      "tile": "tile_026657",
      "variants": [
        "iso",
        "az069",
        "az124",
        "az238",
        "az277"
      ]
    },
    {
      "tile": "tile_007358",
      "variants": [
        "iso",
        "az059",
        "az106",
        "az150",
        "az343"
      ]
    },
    {
      "tile": "tile_025717",
      "variants": [
        "iso",
        "az016",
        "az191",
        "az263",
        "az338"
      ]
    },
    {
      "tile": "tile_026695",
      "variants": [
        "iso",
        "az004",
        "az124",
        "az308",
        "az316"
      ]
    },
    {
      "tile": "tile_007566",
      "variants": [
        "iso",
        "az011",
        "az175",
        "az194",
        "az308"
      ]
    },
    {
      "tile": "tile_009447",
      "variants": [
        "iso",
        "az093",
        "az246",
        "az287",
        "az309"
      ]
    },
    {
      "tile": "tile_025933",
      "variants": [
        "iso",
        "az119",
        "az120",
        "az193",
        "az249"
      ]
    },
    {
      "tile": "tile_009542",
      "variants": [
        "iso",
        "az086",
        "az092",
        "az160",
        "az357"
      ]
    },
    {
      "tile": "tile_002830",
      "variants": [
        "iso",
        "az055",
        "az210",
        "az281",
        "az329"
      ]
    },
    {
      "tile": "tile_001436",
      "variants": [
        "iso",
        "az192",
        "az208",
        "az294",
        "az302"
      ]
    },
    {
      "tile": "tile_006771",
      "variants": [
        "iso",
        "az001",
        "az111",
        "az337",
        "az340"
      ]
    },
    {
      "tile": "tile_026534",
      "variants": [
        "iso",
        "az019",
        "az203",
        "az317",
        "az327"
      ]
    },
    {
      "tile": "tile_008796",
      "variants": [
        "iso",
        "az145",
        "az292",
        "az316",
        "az329"
      ]
    },
    {
      "tile": "tile_023277",
      "variants": [
        "iso",
        "az003",
        "az072",
        "az194",
        "az256"
      ]
    },
    {
      "tile": "tile_025960",
      "variants": [
        "iso",
        "az072",
        "az094",
        "az206",
        "az268"
      ]
    },
    {
      "tile": "tile_019430",
      "variants": [
        "iso",
        "az029",
        "az206",
        "az294",
        "az314"
      ]
    },
    {
      "tile": "tile_014344",
      "variants": [
        "iso",
        "az018",
        "az035",
        "az069",
        "az322"
      ]
    },
    {
      "tile": "tile_000401",
      "variants": [
        "iso",
        "az008",
        "az064",
        "az190",
        "az204"
      ]
    },
    {
      "tile": "tile_015597",
      "variants": [
        "iso",
        "az048",
        "az138",
        "az191",
        "az260"
      ]
    },
    {
      "tile": "tile_012593",
      "variants": [
        "iso",
        "az024",
        "az176",
        "az220",
        "az262"
      ]
    },
    {
      "tile": "tile_022094",
      "variants": [
        "iso",
        "az122",
        "az141",
        "az319",
        "az353"
      ]
    },
    {
      "tile": "tile_009599",
      "variants": [
        "iso",
        "az094",
        "az209",
        "az242",
        "az339"
      ]
    },
    {
      "tile": "tile_008744",
      "variants": [
        "iso",
        "az020",
        "az135",
        "az171",
        "az328"
      ]
    },
    {
      "tile": "tile_004265",
      "variants": [
        "iso",
        "az114",
        "az156",
        "az167",
        "az293"
      ]
    },
    {
      "tile": "tile_011654",
      "variants": [
        "iso",
        "az057",
        "az081",
        "az133",
        "az252"
      ]
    },
    {
      "tile": "tile_023577",
      "variants": [
        "iso",
        "az028",
        "az235",
        "az256",
        "az293"
      ]
    },
    {
      "tile": "tile_002416",
      "variants": [
        "iso",
        "az074",
        "az123",
        "az133",
        "az337"
      ]
    },
    {
      "tile": "tile_008587",
      "variants": [
        "iso",
        "az106",
        "az127",
        "az228",
        "az317"
      ]
    },
    {
      "tile": "tile_016935",
      "variants": [
        "iso",
        "az004",
        "az098",
        "az178",
        "az353"
      ]
    },
    {
      "tile": "tile_017034",
      "variants": [
        "iso",
        "az045",
        "az159",
        "az173",
        "az174"
      ]
    },
    {
      "tile": "tile_007042",
      "variants": [
        "iso",
        "az004",
        "az006",
        "az112",
        "az113"
      ]
    },
    {
      "tile": "tile_015157",
      "variants": [
        "iso",
        "az005",
        "az058",
        "az212",
        "az252"
      ]
    },
    {
      "tile": "tile_017206",
      "variants": [
        "iso",
        "az079",
        "az163",
        "az260",
        "az299"
      ]
    },
    {
      "tile": "tile_000293",
      "variants": [
        "iso",
        "az034",
        "az320",
        "az330",
        "az349"
      ]
    },
    {
      "tile": "tile_003090",
      "variants": [
        "iso",
        "az003",
        "az071",
        "az193",
        "az273"
      ]
    },
    {
      "tile": "tile_021126",
      "variants": [
        "iso",
        "az031",
        "az291",
        "az307",
        "az342"
      ]
    },
    {
      "tile": "tile_010018",
      "variants": [
        "iso",
        "az123",
        "az182",
        "az218",
        "az342"
      ]
    },
    {
      "tile": "tile_007948",
      "variants": [
        "iso",
        "az006",
        "az010",
        "az339",
        "az353"
      ]
    },
    {
      "tile": "tile_015685",
      "variants": [
        "iso",
        "az048",
        "az167",
        "az203",
        "az318"
      ]
    },
    {
      "tile": "tile_000251",
      "variants": [
        "iso",
        "az059",
        "az170",
        "az214",
        "az290"
      ]
    },
    {
      "tile": "tile_001243",
      "variants": [
        "iso",
        "az170",
        "az181",
        "az206",
        "az217"
      ]
    },
    {
      "tile": "tile_010322",
      "variants": [
        "iso",
        "az049",
        "az119",
        "az180",
        "az355"
      ]
    },
    {
      "tile": "tile_008984",
      "variants": [
        "iso",
        "az021",
        "az073",
        "az151",
        "az214"
      ]
    },
    {
      "tile": "tile_011956",
      "variants": [
        "iso",
        "az027",
        "az135",
        "az275",
        "az350"
      ]
    },
    {
      "tile": "tile_017073",
      "variants": [
        "iso",
        "az037",
        "az154",
        "az277",
        "az326"
      ]
    },
    {
      "tile": "tile_007375",
      "variants": [
        "iso",
        "az138",
        "az212",
        "az329",
        "az346"
      ]
    },
    {
      "tile": "tile_010823",
      "variants": [
        "iso",
        "az189",
        "az212",
        "az279",
        "az335"
      ]
    },
    {
      "tile": "tile_027206",
      "variants": [
        "iso",
        "az144",
        "az152",
        "az279",
        "az328"
      ]
    },
    {
      "tile": "tile_008294",
      "variants": [
        "iso",
        "az008",
        "az221",
        "az228",
        "az322"
      ]
    },
    {
      "tile": "tile_000423",
      "variants": [
        "iso",
        "az014",
        "az120",
        "az160",
        "az188"
      ]
    },
    {
      "tile": "tile_001094",
      "variants": [
        "iso",
        "az022",
        "az151",
        "az184",
        "az188"
      ]
    },
    {
      "tile": "tile_009498",
      "variants": [
        "iso",
        "az080",
        "az082",
        "az097",
        "az261"
      ]
    },
    {
      "tile": "tile_002542",
      "variants": [
        "iso",
        "az039",
        "az064",
        "az135",
        "az259"
      ]
    },
    {
      "tile": "tile_019506",
      "variants": [
        "iso",
        "az074",
        "az124",
        "az188",
        "az340"
      ]
    },
    {
      "tile": "tile_023310",
      "variants": [
        "iso",
        "az094",
        "az118",
        "az157",
        "az276"
      ]
    },
    {
      "tile": "tile_009731",
      "variants": [
        "iso",
        "az017",
        "az064",
        "az111",
        "az315"
      ]
    },
    {
      "tile": "tile_019143",
      "variants": [
        "iso",
        "az064",
        "az181",
        "az235",
        "az264"
      ]
    },
    {
      "tile": "tile_023184",
      "variants": [
        "iso",
        "az166",
        "az173",
        "az255",
        "az319"
      ]
    },
    {
      "tile": "tile_006612",
      "variants": [
        "iso",
        "az036",
        "az155",
        "az162",
        "az231"
      ]
    },
    {
      "tile": "tile_010558",
      "variants": [
        "iso",
        "az227",
        "az280",
        "az309",
        "az351"
      ]
    },
    {
      "tile": "tile_027132",
      "variants": [
        "iso",
        "az120",
        "az137",
        "az289",
        "az330"
      ]
    },
    {
      "tile": "tile_000025",
      "variants": [
        "iso",
        "az011",
        "az028",
        "az303",
        "az322"
      ]
    },
    {
      "tile": "tile_003455",
      "variants": [
        "iso",
        "az041",
        "az077",
        "az237",
        "az313"
      ]
    },
    {
      "tile": "tile_010150",
      "variants": [
        "iso",
        "az049",
        "az092",
        "az135",
        "az233"
      ]
    },
    {
      "tile": "tile_009837",
      "variants": [
        "iso",
        "az047",
        "az078",
        "az089",
        "az142"
      ]
    },
    {
      "tile": "tile_003092",
      "variants": [
        "iso",
        "az066",
        "az101",
        "az179",
        "az267"
      ]
    },
    {
      "tile": "tile_018606",
      "variants": [
        "iso",
        "az147",
        "az215",
        "az259",
        "az335"
      ]
    },
    {
      "tile": "tile_027234",
      "variants": [
        "iso",
        "az016",
        "az038",
        "az048",
        "az304"
      ]
    },
    {
      "tile": "tile_003153",
      "variants": [
        "iso",
        "az086",
        "az271",
        "az279",
        "az336"
      ]
    },
    {
      "tile": "tile_010510",
      "variants": [
        "iso",
        "az015",
        "az167",
        "az273",
        "az281"
      ]
    },
    {
      "tile": "tile_013966",
      "variants": [
        "iso",
        "az134",
        "az157",
        "az191",
        "az357"
      ]
    },
    {
      "tile": "tile_020873",
      "variants": [
        "iso",
        "az020",
        "az149",
        "az190",
        "az269"
      ]
    },
    {
      "tile": "tile_024592",
      "variants": [
        "iso",
        "az188",
        "az239",
        "az280",
        "az294"
      ]
    },
    {
      "tile": "tile_014827",
      "variants": [
        "iso",
        "az186",
        "az252",
        "az332",
        "az358"
      ]
    },
    {
      "tile": "tile_021829",
      "variants": [
        "iso",
        "az009",
        "az174",
        "az189",
        "az235"
      ]
    },
    {
      "tile": "tile_018395",
      "variants": [
        "iso",
        "az244",
        "az249",
        "az271",
        "az328"
      ]
    },
    {
      "tile": "tile_002052",
      "variants": [
        "iso",
        "az028",
        "az126",
        "az146",
        "az343"
      ]
    },
    {
      "tile": "tile_009813",
      "variants": [
        "iso",
        "az020",
        "az253",
        "az342",
        "az348"
      ]
    },
    {
      "tile": "tile_024105",
      "variants": [
        "iso",
        "az088",
        "az090",
        "az304",
        "az350"
      ]
    },
    {
      "tile": "tile_018741",
      "variants": [
        "iso",
        "az037",
        "az057",
        "az134",
        "az216"
      ]
    },
    {
      "tile": "tile_002546",
      "variants": [
        "iso",
        "az109",
        "az123",
        "az129",
        "az292"
      ]
    },
    {
      "tile": "tile_022153",
      "variants": [
        "iso",
        "az025",
        "az134",
        "az136",
        "az226"
      ]
    },
    {
      "tile": "tile_015576",
      "variants": [
        "iso",
        "az019",
        "az033",
        "az070",
        "az352"
      ]
    },
    {
      "tile": "tile_013856",
      "variants": [
        "iso",
        "az094",
        "az102",
        "az192",
        "az200"
      ]
    },
    {
      "tile": "tile_003382",
      "variants": [
        "iso",
        "az034",
        "az112",
        "az295",
        "az325"
      ]
    },
    {
      "tile": "tile_022138",
      "variants": [
        "iso",
        "az016",
        "az112",
        "az130",
        "az137"
      ]
    },
    {
      "tile": "tile_022175",
      "variants": [
        "iso",
        "az007",
        "az050",
        "az077",
        "az168"
      ]
    },
    {
      "tile": "tile_009656",
      "variants": [
        "iso",
        "az047",
        "az214",
        "az229",
        "az353"
      ]
    },
    {
      "tile": "tile_002678",
      "variants": [
        "iso",
        "az023",
        "az110",
        "az111",
        "az234"
      ]
    },
    {
      "tile": "tile_010930",
      "variants": [
        "iso",
        "az298",
        "az311",
        "az321",
        "az358"
      ]
    },
    {
      "tile": "tile_003378",
      "variants": [
        "iso",
        "az101",
        "az168",
        "az200",
        "az236"
      ]
    },
    {
      "tile": "tile_008596",
      "variants": [
        "iso",
        "az002",
        "az078",
        "az161",
        "az293"
      ]
    },
    {
      "tile": "tile_016366",
      "variants": [
        "iso",
        "az134",
        "az166",
        "az213",
        "az218"
      ]
    },
    {
      "tile": "tile_024687",
      "variants": [
        "iso",
        "az037",
        "az102",
        "az130",
        "az171"
      ]
    },
    {
      "tile": "tile_025714",
      "variants": [
        "iso",
        "az087",
        "az167",
        "az204",
        "az224"
      ]
    },
    {
      "tile": "tile_007816",
      "variants": [
        "iso",
        "az026",
        "az063",
        "az140",
        "az193"
      ]
    },
    {
      "tile": "tile_016628",
      "variants": [
        "iso",
        "az000",
        "az224",
        "az231",
        "az264"
      ]
    },
    {
      "tile": "tile_004820",
      "variants": [
        "iso",
        "az096",
        "az137",
        "az170",
        "az264"
      ]
    },
    {
      "tile": "tile_016248",
      "variants": [
        "iso",
        "az009",
        "az064",
        "az214",
        "az310"
      ]
    },
    {
      "tile": "tile_013532",
      "variants": [
        "iso",
        "az032",
        "az271",
        "az329",
        "az357"
      ]
    },
    {
      "tile": "tile_009288",
      "variants": [
        "iso",
        "az024",
        "az188",
        "az204",
        "az231"
      ]
    },
    {
      "tile": "tile_014655",
      "variants": [
        "iso",
        "az048",
        "az211",
        "az213",
        "az306"
      ]
    },
    {
      "tile": "tile_012013",
      "variants": [
        "iso",
        "az097",
        "az182",
        "az196",
        "az267"
      ]
    },
    {
      "tile": "tile_011750",
      "variants": [
        "iso",
        "az051",
        "az173",
        "az289",
        "az290"
      ]
    },
    {
      "tile": "tile_022417",
      "variants": [
        "iso",
        "az025",
        "az247",
        "az267",
        "az305"
      ]
    },
    {
      "tile": "tile_008494",
      "variants": [
        "iso",
        "az030",
        "az120",
        "az156",
        "az242"
      ]
    },
    {
      "tile": "tile_014369",
      "variants": [
        "iso",
        "az124",
        "az248",
        "az275",
        "az342"
      ]
    },
    {
      "tile": "tile_016433",
      "variants": [
        "iso",
        "az150",
        "az161",
        "az256",
        "az351"
      ]
    },
    {
      "tile": "tile_020982",
      "variants": [
        "iso",
        "az006",
        "az264",
        "az268",
        "az346"
      ]
    },
    {
      "tile": "tile_023369",
      "variants": [
        "iso",
        "az066",
        "az213",
        "az224",
        "az320"
      ]
    },
    {
      "tile": "tile_008295",
      "variants": [
        "iso",
        "az041",
        "az151",
        "az323",
        "az332"
      ]
    },
    {
      "tile": "tile_011085",
      "variants": [
        "iso",
        "az092",
        "az207",
        "az273",
        "az356"
      ]
    },
    {
      "tile": "tile_000142",
      "variants": [
        "iso",
        "az071",
        "az089",
        "az121",
        "az344"
      ]
    },
    {
      "tile": "tile_002447",
      "variants": [
        "iso",
        "az032",
        "az081",
        "az254",
        "az356"
      ]
    },
    {
      "tile": "tile_002112",
      "variants": [
        "iso",
        "az036",
        "az045",
        "az208",
        "az333"
      ]
    },
    {
      "tile": "tile_026562",
      "variants": [
        "iso",
        "az044",
        "az239",
        "az297",
        "az339"
      ]
    },
    {
      "tile": "tile_006584",
      "variants": [
        "iso",
        "az096",
        "az106",
        "az206",
        "az226"
      ]
    },
    {
      "tile": "tile_017594",
      "variants": [
        "iso",
        "az101",
        "az138",
        "az217",
        "az247"
      ]
    },
    {
      "tile": "tile_011164",
      "variants": [
        "iso",
        "az032",
        "az069",
        "az235",
        "az321"
      ]
    },
    {
      "tile": "tile_003227",
      "variants": [
        "iso",
        "az068",
        "az102",
        "az128",
        "az233"
      ]
    },
    {
      "tile": "tile_000340",
      "variants": [
        "iso",
        "az061",
        "az172",
        "az223",
        "az272"
      ]
    },
    {
      "tile": "tile_010856",
      "variants": [
        "iso",
        "az099",
        "az111",
        "az241",
        "az307"
      ]
    },
    {
      "tile": "tile_006544",
      "variants": [
        "iso",
        "az010",
        "az163",
        "az191",
        "az320"
      ]
    },
    {
      "tile": "tile_016331",
      "variants": [
        "iso",
        "az075",
        "az157",
        "az166",
        "az170"
      ]
    },
    {
      "tile": "tile_007907",
      "variants": [
        "iso",
        "az037",
        "az074",
        "az268",
        "az324"
      ]
    },
    {
      "tile": "tile_027357",
      "variants": [
        "iso",
        "az106",
        "az128",
        "az184",
        "az236"
      ]
    },
    {
      "tile": "tile_017976",
      "variants": [
        "iso",
        "az150",
        "az178",
        "az204",
        "az263"
      ]
    },
    {
      "tile": "tile_002508",
      "variants": [
        "iso",
        "az007",
        "az012",
        "az131",
        "az147"
      ]
    },
    {
      "tile": "tile_017208",
      "variants": [
        "iso",
        "az005",
        "az063",
        "az288",
        "az354"
      ]
    },
    {
      "tile": "tile_011051",
      "variants": [
        "iso",
        "az018",
        "az027",
        "az162",
        "az327"
      ]
    },
    {
      "tile": "tile_011395",
      "variants": [
        "iso",
        "az015",
        "az160",
        "az192",
        "az216"
      ]
    },
    {
      "tile": "tile_003857",
      "variants": [
        "iso",
        "az007",
        "az109",
        "az124",
        "az254"
      ]
    },
    {
      "tile": "tile_014266",
      "variants": [
        "iso",
        "az110",
        "az113",
        "az277",
        "az350"
      ]
    },
    {
      "tile": "tile_026100",
      "variants": [
        "iso",
        "az088",
        "az159",
        "az246",
        "az359"
      ]
    },
    {
      "tile": "tile_016986",
      "variants": [
        "iso",
        "az026",
        "az079",
        "az098",
        "az338"
      ]
    },
    {
      "tile": "tile_018949",
      "variants": [
        "iso",
        "az088",
        "az161",
        "az204",
        "az303"
      ]
    },
    {
      "tile": "tile_000642",
      "variants": [
        "iso",
        "az011",
        "az065",
        "az164",
        "az316"
      ]
    },
    {
      "tile": "tile_023262",
      "variants": [
        "iso",
        "az128",
        "az210",
        "az239",
        "az336"
      ]
    },
    {
      "tile": "tile_025460",
      "variants": [
        "iso",
        "az048",
        "az140",
        "az225",
        "az351"
      ]
    },
    {
      "tile": "tile_009779",
      "variants": [
        "iso",
        "az028",
        "az179",
        "az234",
        "az293"
      ]
    },
    {
      "tile": "tile_016050",
      "variants": [
        "iso",
        "az026",
        "az032",
        "az210",
        "az324"
      ]
    },
    {
      "tile": "tile_009917",
      "variants": [
        "iso",
        "az153",
        "az242",
        "az344",
        "az357"
      ]
    },
    {
      "tile": "tile_009619",
      "variants": [
        "iso",
        "az062",
        "az194",
        "az278",
        "az280"
      ]
    },
    {
      "tile": "tile_027346",
      "variants": [
        "iso",
        "az097",
        "az136",
        "az281",
        "az329"
      ]
    },
    {
      "tile": "tile_020466",
      "variants": [
        "iso",
        "az000",
        "az173",
        "az207",
        "az346"
      ]
    },
    {
      "tile": "tile_009364",
      "variants": [
        "iso",
        "az106",
        "az152",
        "az282",
        "az284"
      ]
    },
    {
      "tile": "tile_026485",
      "variants": [
        "iso",
        "az059",
        "az127",
        "az135",
        "az173"
      ]
    },
    {
      "tile": "tile_018465",
      "variants": [
        "iso",
        "az070",
        "az101",
        "az296",
        "az331"
      ]
    },
    {
      "tile": "tile_014439",
      "variants": [
        "iso",
        "az092",
        "az103",
        "az179",
        "az246"
      ]
    },
    {
      "tile": "tile_003542",
      "variants": [
        "iso",
        "az173",
        "az233",
        "az255",
        "az299"
      ]
    },
    {
      "tile": "tile_016317",
      "variants": [
        "iso",
        "az036",
        "az200",
        "az247",
        "az319"
      ]
    },
    {
      "tile": "tile_000700",
      "variants": [
        "iso",
        "az112",
        "az223",
        "az268",
        "az314"
      ]
    },
    {
      "tile": "tile_018822",
      "variants": [
        "iso",
        "az095",
        "az153",
        "az218",
        "az286"
      ]
    },
    {
      "tile": "tile_016110",
      "variants": [
        "iso",
        "az020",
        "az142",
        "az198",
        "az207"
      ]
    },
    {
      "tile": "tile_003730",
      "variants": [
        "iso",
        "az145",
        "az186",
        "az198",
        "az214"
      ]
    },
    {
      "tile": "tile_010579",
      "variants": [
        "iso",
        "az177",
        "az192",
        "az266",
        "az289"
      ]
    },
    {
      "tile": "tile_022471",
      "variants": [
        "iso",
        "az095",
        "az135",
        "az171",
        "az287"
      ]
    },
    {
      "tile": "tile_003020",
      "variants": [
        "iso",
        "az182",
        "az228",
        "az244",
        "az291"
      ]
    },
    {
      "tile": "tile_023686",
      "variants": [
        "iso",
        "az012",
        "az018",
        "az187",
        "az193"
      ]
    },
    {
      "tile": "tile_010977",
      "variants": [
        "iso",
        "az036",
        "az190",
        "az235",
        "az285"
      ]
    },
    {
      "tile": "tile_011057",
      "variants": [
        "iso",
        "az050",
        "az186",
        "az299",
        "az311"
      ]
    },
    {
      "tile": "tile_021865",
      "variants": [
        "iso",
        "az116",
        "az181",
        "az259",
        "az353"
      ]
    },
    {
      "tile": "tile_019952",
      "variants": [
        "iso",
        "az064",
        "az138",
        "az168",
        "az231"
      ]
    },
    {
      "tile": "tile_022907",
      "variants": [
        "iso",
        "az107",
        "az179",
        "az233",
        "az289"
      ]
    },
    {
      "tile": "tile_002301",
      "variants": [
        "iso",
        "az077",
        "az082",
        "az231",
        "az355"
      ]
    },
    {
      "tile": "tile_018959",
      "variants": [
        "iso",
        "az018",
        "az062",
        "az111",
        "az124"
      ]
    },
    {
      "tile": "tile_008844",
      "variants": [
        "iso",
        "az066",
        "az077",
        "az157",
        "az334"
      ]
    },
    {
      "tile": "tile_024809",
      "variants": [
        "iso",
        "az166",
        "az216",
        "az240",
        "az279"
      ]
    },
    {
      "tile": "tile_022311",
      "variants": [
        "iso",
        "az025",
        "az033",
        "az065",
        "az142"
      ]
    },
    {
      "tile": "tile_010892",
      "variants": [
        "iso",
        "az125",
        "az211",
        "az223",
        "az229"
      ]
    },
    {
      "tile": "tile_003380",
      "variants": [
        "iso",
        "az037",
        "az271",
        "az291",
        "az330"
      ]
    },
    {
      "tile": "tile_023727",
      "variants": [
        "iso",
        "az023",
        "az142",
        "az148",
        "az278"
      ]
    },
    {
      "tile": "tile_026580",
      "variants": [
        "iso",
        "az016",
        "az232",
        "az250",
        "az338"
      ]
    },
    {
      "tile": "tile_003562",
      "variants": [
        "iso",
        "az257",
        "az268",
        "az313",
        "az316"
      ]
    },
    {
      "tile": "tile_002233",
      "variants": [
        "iso",
        "az025",
        "az112",
        "az175",
        "az327"
      ]
    },
    {
      "tile": "tile_026042",
      "variants": [
        "iso",
        "az014",
        "az048",
        "az320",
        "az347"
      ]
    },
    {
      "tile": "tile_008190",
      "variants": [
        "iso",
        "az000",
        "az174",
        "az265",
        "az349"
      ]
    },
    {
      "tile": "tile_024334",
      "variants": [
        "iso",
        "az047",
        "az135",
        "az185",
        "az244"
      ]
    },
    {
      "tile": "tile_010095",
      "variants": [
        "iso",
        "az090",
        "az195",
        "az237",
        "az243"
      ]
    },
    {
      "tile": "tile_003873",
      "variants": [
        "iso",
        "az003",
        "az037",
        "az183",
        "az354"
      ]
    },
    {
      "tile": "tile_001577",
      "variants": [
        "iso",
        "az176",
        "az231",
        "az312",
        "az355"
      ]
    },
    {
      "tile": "tile_009591",
      "variants": [
        "iso",
        "az040",
        "az138",
        "az185",
        "az330"
      ]
    },
    {
      "tile": "tile_026390",
      "variants": [
        "iso",
        "az112",
        "az172",
        "az339",
        "az355"
      ]
    },
    {
      "tile": "tile_022585",
      "variants": [
        "iso",
        "az130",
        "az198",
        "az288",
        "az340"
      ]
    },
    {
      "tile": "tile_003497",
      "variants": [
        "iso",
        "az074",
        "az100",
        "az105",
        "az134"
      ]
    },
    {
      "tile": "tile_017284",
      "variants": [
        "iso",
        "az061",
        "az068",
        "az086",
        "az312"
      ]
    },
    {
      "tile": "tile_006336",
      "variants": [
        "iso",
        "az081",
        "az093",
        "az201",
        "az326"
      ]
    },
    {
      "tile": "tile_022721",
      "variants": [
        "iso",
        "az086",
        "az229",
        "az322",
        "az327"
      ]
    },
    {
      "tile": "tile_005327",
      "variants": [
        "iso",
        "az161",
        "az197",
        "az245",
        "az325"
      ]
    },
    {
      "tile": "tile_006459",
      "variants": [
        "iso",
        "az050",
        "az199",
        "az215",
        "az271"
      ]
    },
    {
      "tile": "tile_016722",
      "variants": [
        "iso",
        "az102",
        "az154",
        "az181",
        "az332"
      ]
    },
    {
      "tile": "tile_026950",
      "variants": [
        "iso",
        "az013",
        "az066",
        "az152",
        "az308"
      ]
    },
    {
      "tile": "tile_016157",
      "variants": [
        "iso",
        "az201",
        "az253",
        "az281",
        "az343"
      ]
    },
    {
      "tile": "tile_000832",
      "variants": [
        "iso",
        "az075",
        "az105",
        "az140",
        "az216"
      ]
    },
    {
      "tile": "tile_010852",
      "variants": [
        "iso",
        "az101",
        "az153",
        "az189",
        "az211"
      ]
    },
    {
      "tile": "tile_009719",
      "variants": [
        "iso",
        "az021",
        "az046",
        "az119",
        "az158"
      ]
    },
    {
      "tile": "tile_000373",
      "variants": [
        "iso",
        "az009",
        "az083",
        "az121",
        "az169"
      ]
    },
    {
      "tile": "tile_023818",
      "variants": [
        "iso",
        "az074",
        "az284",
        "az332",
        "az355"
      ]
    },
    {
      "tile": "tile_021689",
      "variants": [
        "iso",
        "az213",
        "az243",
        "az309",
        "az340"
      ]
    },
    {
      "tile": "tile_011044",
      "variants": [
        "iso",
        "az025",
        "az282",
        "az323",
        "az358"
      ]
    },
    {
      "tile": "tile_023580",
      "variants": [
        "iso",
        "az123",
        "az142",
        "az197",
        "az308"
      ]
    },
    {
      "tile": "tile_008963",
      "variants": [
        "iso",
        "az014",
        "az145",
        "az176",
        "az301"
      ]
    },
    {
      "tile": "tile_001148",
      "variants": [
        "iso",
        "az026",
        "az139",
        "az325",
        "az342"
      ]
    },
    {
      "tile": "tile_006074",
      "variants": [
        "iso",
        "az016",
        "az107",
        "az172",
        "az254"
      ]
    },
    {
      "tile": "tile_011953",
      "variants": [
        "iso",
        "az047",
        "az093",
        "az270",
        "az348"
      ]
    },
    {
      "tile": "tile_014279",
      "variants": [
        "iso",
        "az024",
        "az120",
        "az227",
        "az279"
      ]
    },
    {
      "tile": "tile_001762",
      "variants": [
        "iso",
        "az047",
        "az105",
        "az203",
        "az292"
      ]
    },
    {
      "tile": "tile_002951",
      "variants": [
        "iso",
        "az030",
        "az036",
        "az059",
        "az164"
      ]
    },
    {
      "tile": "tile_009754",
      "variants": [
        "iso",
        "az016",
        "az095",
        "az229",
        "az273"
      ]
    },
    {
      "tile": "tile_017131",
      "variants": [
        "iso",
        "az115",
        "az163",
        "az186",
        "az299"
      ]
    },
    {
      "tile": "tile_004349",
      "variants": [
        "iso",
        "az116",
        "az184",
        "az263",
        "az331"
      ]
    },
    {
      "tile": "tile_012542",
      "variants": [
        "iso",
        "az036",
        "az107",
        "az248",
        "az299"
      ]
    },
    {
      "tile": "tile_015194",
      "variants": [
        "iso",
        "az013",
        "az299",
        "az307",
        "az334"
      ]
    },
    {
      "tile": "tile_004608",
      "variants": [
        "iso",
        "az067",
        "az159",
        "az164",
        "az246"
      ]
    },
    {
      "tile": "tile_018951",
      "variants": [
        "iso",
        "az065",
        "az128",
        "az170",
        "az301"
      ]
    },
    {
      "tile": "tile_017609",
      "variants": [
        "iso",
        "az061",
        "az079",
        "az162",
        "az311"
      ]
    },
    {
      "tile": "tile_002108",
      "variants": [
        "iso",
        "az076",
        "az097",
        "az150",
        "az298"
      ]
    },
    {
      "tile": "tile_010525",
      "variants": [
        "iso",
        "az158",
        "az199",
        "az266",
        "az292"
      ]
    },
    {
      "tile": "tile_000889",
      "variants": [
        "iso",
        "az175",
        "az194",
        "az226",
        "az228"
      ]
    },
    {
      "tile": "tile_000465",
      "variants": [
        "iso",
        "az132",
        "az182",
        "az189",
        "az299"
      ]
    },
    {
      "tile": "tile_008129",
      "variants": [
        "iso",
        "az141",
        "az248",
        "az321",
        "az351"
      ]
    },
    {
      "tile": "tile_011058",
      "variants": [
        "iso",
        "az070",
        "az204",
        "az216",
        "az253"
      ]
    },
    {
      "tile": "tile_022570",
      "variants": [
        "iso",
        "az098",
        "az104",
        "az141",
        "az148"
      ]
    },
    {
      "tile": "tile_026703",
      "variants": [
        "iso",
        "az029",
        "az067",
        "az202",
        "az350"
      ]
    },
    {
      "tile": "tile_023760",
      "variants": [
        "iso",
        "az047",
        "az318",
        "az320",
        "az355"
      ]
    },
    {
      "tile": "tile_026636",
      "variants": [
        "iso",
        "az006",
        "az063",
        "az136",
        "az310"
      ]
    },
    {
      "tile": "tile_004515",
      "variants": [
        "iso",
        "az007",
        "az080",
        "az222",
        "az343"
      ]
    },
    {
      "tile": "tile_007674",
      "variants": [
        "iso",
        "az022",
        "az140",
        "az187",
        "az211"
      ]
    },
    {
      "tile": "tile_000208",
      "variants": [
        "iso",
        "az023",
        "az063",
        "az125",
        "az288"
      ]
    },
    {
      "tile": "tile_017526",
      "variants": [
        "iso",
        "az000",
        "az052",
        "az110",
        "az228"
      ]
    },
    {
      "tile": "tile_013056",
      "variants": [
        "iso",
        "az253",
        "az322",
        "az337",
        "az343"
      ]
    },
    {
      "tile": "tile_010690",
      "variants": [
        "iso",
        "az034",
        "az060",
        "az085",
        "az243"
      ]
    },
    {
      "tile": "tile_008465",
      "variants": [
        "iso",
        "az041",
        "az194",
        "az201",
        "az327"
      ]
    },
    {
      "tile": "tile_010515",
      "variants": [
        "iso",
        "az022",
        "az200",
        "az282",
        "az293"
      ]
    },
    {
      "tile": "tile_002535",
      "variants": [
        "iso",
        "az022",
        "az033",
        "az163",
        "az188"
      ]
    },
    {
      "tile": "tile_009413",
      "variants": [
        "iso",
        "az037",
        "az076",
        "az095",
        "az353"
      ]
    },
    {
      "tile": "tile_010609",
      "variants": [
        "iso",
        "az053",
        "az155",
        "az164",
        "az356"
      ]
    },
    {
      "tile": "tile_008323",
      "variants": [
        "iso",
        "az171",
        "az181",
        "az211",
        "az215"
      ]
    },
    {
      "tile": "tile_016028",
      "variants": [
        "iso",
        "az016",
        "az098",
        "az186",
        "az319"
      ]
    },
    {
      "tile": "tile_002307",
      "variants": [
        "iso",
        "az068",
        "az109",
        "az148",
        "az260"
      ]
    },
    {
      "tile": "tile_027226",
      "variants": [
        "iso",
        "az201",
        "az233",
        "az241",
        "az330"
      ]
    },
    {
      "tile": "tile_009395",
      "variants": [
        "iso",
        "az170",
        "az192",
        "az202",
        "az351"
      ]
    },
    {
      "tile": "tile_026368",
      "variants": [
        "iso",
        "az021",
        "az034",
        "az201",
        "az297"
      ]
    },
    {
      "tile": "tile_012746",
      "variants": [
        "iso",
        "az027",
        "az114",
        "az168",
        "az305"
      ]
    },
    {
      "tile": "tile_021027",
      "variants": [
        "iso",
        "az121",
        "az243",
        "az258",
        "az353"
      ]
    },
    {
      "tile": "tile_010915",
      "variants": [
        "iso",
        "az043",
        "az098",
        "az191",
        "az276"
      ]
    },
    {
      "tile": "tile_011718",
      "variants": [
        "iso",
        "az174",
        "az253",
        "az355",
        "az356"
      ]
    },
    {
      "tile": "tile_007126",
      "variants": [
        "iso",
        "az043",
        "az113",
        "az232",
        "az253"
      ]
    },
    {
      "tile": "tile_018084",
      "variants": [
        "iso",
        "az009",
        "az013",
        "az072",
        "az332"
      ]
    },
    {
      "tile": "tile_004591",
      "variants": [
        "iso",
        "az028",
        "az073",
        "az081",
        "az212"
      ]
    },
    {
      "tile": "tile_020799",
      "variants": [
        "iso",
        "az138",
        "az268",
        "az298",
        "az330"
      ]
    },
    {
      "tile": "tile_002409",
      "variants": [
        "iso",
        "az039",
        "az043",
        "az072",
        "az170"
      ]
    },
    {
      "tile": "tile_017943",
      "variants": [
        "iso",
        "az125",
        "az225",
        "az273",
        "az290"
      ]
    },
    {
      "tile": "tile_009156",
      "variants": [
        "iso",
        "az144",
        "az149",
        "az264",
        "az349"
      ]
    },
    {
      "tile": "tile_022965",
      "variants": [
        "iso",
        "az019",
        "az083",
        "az144",
        "az277"
      ]
    },
    {
      "tile": "tile_003118",
      "variants": [
        "iso",
        "az011",
        "az206",
        "az230",
        "az299"
      ]
    },
    {
      "tile": "tile_011453",
      "variants": [
        "iso",
        "az041",
        "az106",
        "az124",
        "az271"
      ]
    },
    {
      "tile": "tile_007880",
      "variants": [
        "iso",
        "az004",
        "az084",
        "az102",
        "az291"
      ]
    },
    {
      "tile": "tile_013211",
      "variants": [
        "iso",
        "az038",
        "az124",
        "az144",
        "az192"
      ]
    },
    {
      "tile": "tile_020817",
      "variants": [
        "iso",
        "az035",
        "az161",
        "az229",
        "az333"
      ]
    },
    {
      "tile": "tile_025566",
      "variants": [
        "iso",
        "az003",
        "az123",
        "az175",
        "az259"
      ]
    },
    {
      "tile": "tile_004179",
      "variants": [
        "iso",
        "az073",
        "az086",
        "az224",
        "az347"
      ]
    },
    {
      "tile": "tile_008524",
      "variants": [
        "iso",
        "az039",
        "az292",
        "az309",
        "az353"
      ]
    },
    {
      "tile": "tile_020196",
      "variants": [
        "iso",
        "az071",
        "az204",
        "az207",
        "az306"
      ]
    },
    {
      "tile": "tile_002680",
      "variants": [
        "iso",
        "az135",
        "az278",
        "az332",
        "az337"
      ]
    },
    {
      "tile": "tile_024891",
      "variants": [
        "iso",
        "az129",
        "az143",
        "az180",
        "az217"
      ]
    },
    {
      "tile": "tile_012770",
      "variants": [
        "iso",
        "az008",
        "az058",
        "az124",
        "az283"
      ]
    },
    {
      "tile": "tile_016500",
      "variants": [
        "iso",
        "az008",
        "az064",
        "az144",
        "az195"
      ]
    },
    {
      "tile": "tile_011363",
      "variants": [
        "iso",
        "az123",
        "az134",
        "az200",
        "az341"
      ]
    },
    {
      "tile": "tile_006622",
      "variants": [
        "iso",
        "az034",
        "az135",
        "az239",
        "az249"
      ]
    },
    {
      "tile": "tile_016164",
      "variants": [
        "iso",
        "az080",
        "az228",
        "az270",
        "az310"
      ]
    },
    {
      "tile": "tile_006604",
      "variants": [
        "iso",
        "az114",
        "az231",
        "az255",
        "az307"
      ]
    },
    {
      "tile": "tile_025651",
      "variants": [
        "iso",
        "az065",
        "az067",
        "az247",
        "az323"
      ]
    },
    {
      "tile": "tile_010069",
      "variants": [
        "iso",
        "az002",
        "az054",
        "az207",
        "az269"
      ]
    },
    {
      "tile": "tile_024625",
      "variants": [
        "iso",
        "az013",
        "az086",
        "az315",
        "az347"
      ]
    },
    {
      "tile": "tile_026531",
      "variants": [
        "iso",
        "az070",
        "az082",
        "az281",
        "az305"
      ]
    },
    {
      "tile": "tile_024754",
      "variants": [
        "iso",
        "az076",
        "az107",
        "az333",
        "az336"
      ]
    },
    {
      "tile": "tile_026007",
      "variants": [
        "iso",
        "az034",
        "az042",
        "az091",
        "az234"
      ]
    },
    {
      "tile": "tile_019326",
      "variants": [
        "iso",
        "az030",
        "az114",
        "az160",
        "az261"
      ]
    },
    {
      "tile": "tile_004482",
      "variants": [
        "iso",
        "az098",
        "az112",
        "az120",
        "az189"
      ]
    },
    {
      "tile": "tile_027167",
      "variants": [
        "iso",
        "az007",
        "az140",
        "az322",
        "az336"
      ]
    },
    {
      "tile": "tile_009448",
      "variants": [
        "iso",
        "az034",
        "az093",
        "az243",
        "az314"
      ]
    },
    {
      "tile": "tile_016963",
      "variants": [
        "iso",
        "az199",
        "az226",
        "az289",
        "az339"
      ]
    },
    {
      "tile": "tile_008568",
      "variants": [
        "iso",
        "az021",
        "az081",
        "az098",
        "az231"
      ]
    },
    {
      "tile": "tile_001026",
      "variants": [
        "iso",
        "az046",
        "az172",
        "az190",
        "az300"
      ]
    },
    {
      "tile": "tile_000212",
      "variants": [
        "iso",
        "az179",
        "az220",
        "az225",
        "az318"
      ]
    },
    {
      "tile": "tile_007522",
      "variants": [
        "iso",
        "az035",
        "az144",
        "az333",
        "az347"
      ]
    },
    {
      "tile": "tile_023576",
      "variants": [
        "iso",
        "az139",
        "az169",
        "az234",
        "az352"
      ]
    },
    {
      "tile": "tile_009454",
      "variants": [
        "iso",
        "az046",
        "az079",
        "az231",
        "az355"
      ]
    },
    {
      "tile": "tile_016817",
      "variants": [
        "iso",
        "az073",
        "az345",
        "az348",
        "az352"
      ]
    },
    {
      "tile": "tile_003206",
      "variants": [
        "iso",
        "az013",
        "az016",
        "az040",
        "az183"
      ]
    },
    {
      "tile": "tile_022846",
      "variants": [
        "iso",
        "az102",
        "az152",
        "az216",
        "az257"
      ]
    },
    {
      "tile": "tile_026656",
      "variants": [
        "iso",
        "az202",
        "az212",
        "az232",
        "az291"
      ]
    },
    {
      "tile": "tile_011178",
      "variants": [
        "iso",
        "az072",
        "az125",
        "az242",
        "az262"
      ]
    },
    {
      "tile": "tile_005111",
      "variants": [
        "iso",
        "az053",
        "az106",
        "az169",
        "az172"
      ]
    },
    {
      "tile": "tile_007812",
      "variants": [
        "iso",
        "az049",
        "az126",
        "az127",
        "az324"
      ]
    },
    {
      "tile": "tile_014105",
      "variants": [
        "iso",
        "az002",
        "az111",
        "az164",
        "az296"
      ]
    },
    {
      "tile": "tile_016741",
      "variants": [
        "iso",
        "az026",
        "az058",
        "az284",
        "az321"
      ]
    },
    {
      "tile": "tile_000101",
      "variants": [
        "iso",
        "az021",
        "az065",
        "az289",
        "az329"
      ]
    },
    {
      "tile": "tile_023359",
      "variants": [
        "iso",
        "az013",
        "az045",
        "az050",
        "az097"
      ]
    },
    {
      "tile": "tile_006162",
      "variants": [
        "iso",
        "az011",
        "az050",
        "az151",
        "az351"
      ]
    },
    {
      "tile": "tile_024139",
      "variants": [
        "iso",
        "az173",
        "az271",
        "az286",
        "az359"
      ]
    },
    {
      "tile": "tile_003726",
      "variants": [
        "iso",
        "az086",
        "az120",
        "az206",
        "az300"
      ]
    },
    {
      "tile": "tile_025882",
      "variants": [
        "iso",
        "az278",
        "az286",
        "az327",
        "az354"
      ]
    },
    {
      "tile": "tile_023703",
      "variants": [
        "iso",
        "az032",
        "az137",
        "az163",
        "az276"
      ]
    },
    {
      "tile": "tile_025870",
      "variants": [
        "iso",
        "az010",
        "az166",
        "az255",
        "az357"
      ]
    },
    {
      "tile": "tile_012798",
      "variants": [
        "iso",
        "az089",
        "az130",
        "az203",
        "az205"
      ]
    },
    {
      "tile": "tile_021843",
      "variants": [
        "iso",
        "az134",
        "az192",
        "az247",
        "az336"
      ]
    },
    {
      "tile": "tile_014790",
      "variants": [
        "iso",
        "az246",
        "az250",
        "az281",
        "az309"
      ]
    },
    {
      "tile": "tile_021881",
      "variants": [
        "iso",
        "az004",
        "az187",
        "az201",
        "az216"
      ]
    },
    {
      "tile": "tile_016975",
      "variants": [
        "iso",
        "az069",
        "az086",
        "az298",
        "az335"
      ]
    },
    {
      "tile": "tile_023529",
      "variants": [
        "iso",
        "az002",
        "az111",
        "az118",
        "az175"
      ]
    },
    {
      "tile": "tile_017770",
      "variants": [
        "iso",
        "az069",
        "az174",
        "az209",
        "az322"
      ]
    },
    {
      "tile": "tile_002631",
      "variants": [
        "iso",
        "az042",
        "az173",
        "az196",
        "az231"
      ]
    },
    {
      "tile": "tile_025894",
      "variants": [
        "iso",
        "az027",
        "az065",
        "az304",
        "az312"
      ]
    },
    {
      "tile": "tile_024499",
      "variants": [
        "iso",
        "az139",
        "az275",
        "az327",
        "az343"
      ]
    },
    {
      "tile": "tile_012012",
      "variants": [
        "iso",
        "az010",
        "az091",
        "az092",
        "az271"
      ]
    },
    {
      "tile": "tile_000367",
      "variants": [
        "iso",
        "az126",
        "az129",
        "az172",
        "az219"
      ]
    },
    {
      "tile": "tile_017954",
      "variants": [
        "iso",
        "az042",
        "az113",
        "az282",
        "az325"
      ]
    },
    {
      "tile": "tile_024004",
      "variants": [
        "iso",
        "az026",
        "az072",
        "az124",
        "az335"
      ]
    },
    {
      "tile": "tile_026627",
      "variants": [
        "iso",
        "az212",
        "az281",
        "az352",
        "az358"
      ]
    },
    {
      "tile": "tile_018814",
      "variants": [
        "iso",
        "az070",
        "az166",
        "az210",
        "az284"
      ]
    },
    {
      "tile": "tile_003858",
      "variants": [
        "iso",
        "az082",
        "az126",
        "az176",
        "az267"
      ]
    },
    {
      "tile": "tile_007162",
      "variants": [
        "iso",
        "az038",
        "az250",
        "az285",
        "az302"
      ]
    },
    {
      "tile": "tile_008985",
      "variants": [
        "iso",
        "az003",
        "az090",
        "az095",
        "az210"
      ]
    },
    {
      "tile": "tile_027096",
      "variants": [
        "iso",
        "az117",
        "az191",
        "az305",
        "az329"
      ]
    },
    {
      "tile": "tile_009761",
      "variants": [
        "iso",
        "az092",
        "az167",
        "az285",
        "az322"
      ]
    },
    {
      "tile": "tile_024659",
      "variants": [
        "iso",
        "az096",
        "az110",
        "az222",
        "az247"
      ]
    },
    {
      "tile": "tile_014251",
      "variants": [
        "iso",
        "az176",
        "az197",
        "az319",
        "az359"
      ]
    },
    {
      "tile": "tile_026128",
      "variants": [
        "iso",
        "az014",
        "az128",
        "az238",
        "az319"
      ]
    },
    {
      "tile": "tile_009096",
      "variants": [
        "iso",
        "az009",
        "az050",
        "az054",
        "az216"
      ]
    },
    {
      "tile": "tile_026684",
      "variants": [
        "iso",
        "az008",
        "az040",
        "az292",
        "az358"
      ]
    },
    {
      "tile": "tile_026801",
      "variants": [
        "iso",
        "az140",
        "az143",
        "az238",
        "az331"
      ]
    },
    {
      "tile": "tile_010906",
      "variants": [
        "iso",
        "az068",
        "az160",
        "az271",
        "az325"
      ]
    },
    {
      "tile": "tile_020701",
      "variants": [
        "iso",
        "az038",
        "az059",
        "az091",
        "az111"
      ]
    },
    {
      "tile": "tile_022253",
      "variants": [
        "iso",
        "az172",
        "az280",
        "az326",
        "az359"
      ]
    },
    {
      "tile": "tile_007145",
      "variants": [
        "iso",
        "az159",
        "az245",
        "az271",
        "az285"
      ]
    },
    {
      "tile": "tile_008652",
      "variants": [
        "iso",
        "az045",
        "az152",
        "az262",
        "az343"
      ]
    },
    {
      "tile": "tile_023896",
      "variants": [
        "iso",
        "az058",
        "az160",
        "az237",
        "az310"
      ]
    },
    {
      "tile": "tile_018426",
      "variants": [
        "iso",
        "az033",
        "az085",
        "az116",
        "az313"
      ]
    },
    {
      "tile": "tile_017726",
      "variants": [
        "iso",
        "az167",
        "az171",
        "az215",
        "az345"
      ]
    },
    {
      "tile": "tile_016474",
      "variants": [
        "iso",
        "az087",
        "az126",
        "az209",
        "az290"
      ]
    },
    {
      "tile": "tile_007062",
      "variants": [
        "iso",
        "az008",
        "az154",
        "az211",
        "az255"
      ]
    },
    {
      "tile": "tile_017747",
      "variants": [
        "iso",
        "az047",
        "az098",
        "az120",
        "az286"
      ]
    },
    {
      "tile": "tile_027000",
      "variants": [
        "iso",
        "az095",
        "az096",
        "az131",
        "az207"
      ]
    },
    {
      "tile": "tile_018896",
      "variants": [
        "iso",
        "az093",
        "az118",
        "az193",
        "az317"
      ]
    },
    {
      "tile": "tile_004491",
      "variants": [
        "iso",
        "az012",
        "az086",
        "az213",
        "az305"
      ]
    },
    {
      "tile": "tile_023490",
      "variants": [
        "iso",
        "az011",
        "az114",
        "az128",
        "az317"
      ]
    },
    {
      "tile": "tile_009881",
      "variants": [
        "iso",
        "az070",
        "az175",
        "az220",
        "az246"
      ]
    },
    {
      "tile": "tile_003593",
      "variants": [
        "iso",
        "az004",
        "az058",
        "az222",
        "az275"
      ]
    },
    {
      "tile": "tile_024711",
      "variants": [
        "iso",
        "az073",
        "az150",
        "az292",
        "az351"
      ]
    },
    {
      "tile": "tile_026460",
      "variants": [
        "iso",
        "az131",
        "az225",
        "az265",
        "az349"
      ]
    },
    {
      "tile": "tile_002077",
      "variants": [
        "iso",
        "az045",
        "az082",
        "az126",
        "az211"
      ]
    },
    {
      "tile": "tile_006951",
      "variants": [
        "iso",
        "az031",
        "az198",
        "az273",
        "az292"
      ]
    },
    {
      "tile": "tile_016938",
      "variants": [
        "iso",
        "az078",
        "az131",
        "az148",
        "az311"
      ]
    },
    {
      "tile": "tile_022348",
      "variants": [
        "iso",
        "az007",
        "az063",
        "az263",
        "az277"
      ]
    },
    {
      "tile": "tile_027134",
      "variants": [
        "iso",
        "az068",
        "az074",
        "az136",
        "az161"
      ]
    },
    {
      "tile": "tile_000654",
      "variants": [
        "iso",
        "az064",
        "az082",
        "az087",
        "az249"
      ]
    },
    {
      "tile": "tile_004065",
      "variants": [
        "iso",
        "az068",
        "az254",
        "az293",
        "az308"
      ]
    },
    {
      "tile": "tile_014957",
      "variants": [
        "iso",
        "az276",
        "az287",
        "az314",
        "az352"
      ]
    },
    {
      "tile": "tile_011304",
      "variants": [
        "iso",
        "az024",
        "az108",
        "az129",
        "az341"
      ]
    },
    {
      "tile": "tile_018356",
      "variants": [
        "iso",
        "az020",
        "az247",
        "az272",
        "az293"
      ]
    },
    {
      "tile": "tile_002781",
      "variants": [
        "iso",
        "az029",
        "az115",
        "az205",
        "az299"
      ]
    },
    {
      "tile": "tile_020786",
      "variants": [
        "iso",
        "az012",
        "az096",
        "az111",
        "az264"
      ]
    },
    {
      "tile": "tile_026639",
      "variants": [
        "iso",
        "az002",
        "az170",
        "az304",
        "az342"
      ]
    },
    {
      "tile": "tile_026057",
      "variants": [
        "iso",
        "az007",
        "az074",
        "az187",
        "az318"
      ]
    },
    {
      "tile": "tile_000686",
      "variants": [
        "iso",
        "az066",
        "az179",
        "az273",
        "az289"
      ]
    },
    {
      "tile": "tile_013643",
      "variants": [
        "iso",
        "az009",
        "az088",
        "az094",
        "az231"
      ]
    },
    {
      "tile": "tile_010226",
      "variants": [
        "iso",
        "az119",
        "az136",
        "az229",
        "az237"
      ]
    },
    {
      "tile": "tile_022376",
      "variants": [
        "iso",
        "az123",
        "az155",
        "az164",
        "az217"
      ]
    },
    {
      "tile": "tile_017797",
      "variants": [
        "iso",
        "az065",
        "az114",
        "az218",
        "az305"
      ]
    },
    {
      "tile": "tile_027191",
      "variants": [
        "iso",
        "az006",
        "az027",
        "az028",
        "az246"
      ]
    },
    {
      "tile": "tile_009100",
      "variants": [
        "iso",
        "az055",
        "az118",
        "az138",
        "az206"
      ]
    },
    {
      "tile": "tile_008825",
      "variants": [
        "iso",
        "az116",
        "az216",
        "az341",
        "az353"
      ]
    },
    {
      "tile": "tile_002270",
      "variants": [
        "iso",
        "az125",
        "az199",
        "az250",
        "az323"
      ]
    },
    {
      "tile": "tile_003161",
      "variants": [
        "iso",
        "az006",
        "az079",
        "az100",
        "az345"
      ]
    },
    {
      "tile": "tile_002217",
      "variants": [
        "iso",
        "az112",
        "az122",
        "az322",
        "az326"
      ]
    },
    {
      "tile": "tile_006935",
      "variants": [
        "iso",
        "az026",
        "az246",
        "az328",
        "az358"
      ]
    },
    {
      "tile": "tile_011233",
      "variants": [
        "iso",
        "az032",
        "az151",
        "az212",
        "az233"
      ]
    },
    {
      "tile": "tile_026060",
      "variants": [
        "iso",
        "az163",
        "az169",
        "az212",
        "az333"
      ]
    },
    {
      "tile": "tile_009317",
      "variants": [
        "iso",
        "az005",
        "az025",
        "az052",
        "az331"
      ]
    },
    {
      "tile": "tile_008666",
      "variants": [
        "iso",
        "az098",
        "az132",
        "az186",
        "az194"
      ]
    },
    {
      "tile": "tile_000070",
      "variants": [
        "iso",
        "az051",
        "az121",
        "az137",
        "az251"
      ]
    },
    {
      "tile": "tile_024117",
      "variants": [
        "iso",
        "az162",
        "az236",
        "az252",
        "az350"
      ]
    },
    {
      "tile": "tile_021360",
      "variants": [
        "iso",
        "az080",
        "az299",
        "az318",
        "az345"
      ]
    },
    {
      "tile": "tile_016527",
      "variants": [
        "iso",
        "az057",
        "az117",
        "az212",
        "az272"
      ]
    },
    {
      "tile": "tile_017242",
      "variants": [
        "iso",
        "az097",
        "az107",
        "az130",
        "az359"
      ]
    },
    {
      "tile": "tile_003912",
      "variants": [
        "iso",
        "az195",
        "az201",
        "az214",
        "az295"
      ]
    },
    {
      "tile": "tile_006929",
      "variants": [
        "iso",
        "az104",
        "az142",
        "az156",
        "az353"
      ]
    },
    {
      "tile": "tile_003043",
      "variants": [
        "iso",
        "az012",
        "az103",
        "az182",
        "az193"
      ]
    },
    {
      "tile": "tile_026377",
      "variants": [
        "iso",
        "az005",
        "az132",
        "az249",
        "az251"
      ]
    },
    {
      "tile": "tile_021351",
      "variants": [
        "iso",
        "az021",
        "az185",
        "az233",
        "az259"
      ]
    },
    {
      "tile": "tile_009443",
      "variants": [
        "iso",
        "az178",
        "az250",
        "az253",
        "az292"
      ]
    },
    {
      "tile": "tile_009221",
      "variants": [
        "iso",
        "az070",
        "az120",
        "az141",
        "az227"
      ]
    },
    {
      "tile": "tile_021945",
      "variants": [
        "iso",
        "az005",
        "az040",
        "az290",
        "az341"
      ]
    },
    {
      "tile": "tile_009440",
      "variants": [
        "iso",
        "az116",
        "az122",
        "az217",
        "az287"
      ]
    },
    {
      "tile": "tile_006901",
      "variants": [
        "iso",
        "az018",
        "az044",
        "az221",
        "az263"
      ]
    },
    {
      "tile": "tile_003539",
      "variants": [
        "iso",
        "az039",
        "az095",
        "az287",
        "az350"
      ]
    },
    {
      "tile": "tile_004740",
      "variants": [
        "iso",
        "az023",
        "az044",
        "az178",
        "az209"
      ]
    },
    {
      "tile": "tile_019975",
      "variants": [
        "iso",
        "az007",
        "az181",
        "az318",
        "az337"
      ]
    },
    {
      "tile": "tile_007380",
      "variants": [
        "iso",
        "az163",
        "az183",
        "az274",
        "az323"
      ]
    },
    {
      "tile": "tile_006627",
      "variants": [
        "iso",
        "az141",
        "az195",
        "az197",
        "az301"
      ]
    },
    {
      "tile": "tile_024574",
      "variants": [
        "iso",
        "az025",
        "az080",
        "az220",
        "az262"
      ]
    },
    {
      "tile": "tile_010692",
      "variants": [
        "iso",
        "az016",
        "az097",
        "az169",
        "az244"
      ]
    },
    {
      "tile": "tile_027048",
      "variants": [
        "iso",
        "az017",
        "az171",
        "az201",
        "az267"
      ]
    },
    {
      "tile": "tile_021691",
      "variants": [
        "iso",
        "az026",
        "az162",
        "az166",
        "az292"
      ]
    },
    {
      "tile": "tile_008997",
      "variants": [
        "iso",
        "az072",
        "az086",
        "az147",
        "az349"
      ]
    },
    {
      "tile": "tile_025572",
      "variants": [
        "iso",
        "az044",
        "az179",
        "az196",
        "az306"
      ]
    },
    {
      "tile": "tile_012324",
      "variants": [
        "iso",
        "az115",
        "az205",
        "az283",
        "az342"
      ]
    },
    {
      "tile": "tile_024042",
      "variants": [
        "iso",
        "az028",
        "az127",
        "az147",
        "az287"
      ]
    },
    {
      "tile": "tile_005599",
      "variants": [
        "iso",
        "az127",
        "az171",
        "az201",
        "az298"
      ]
    },
    {
      "tile": "tile_026860",
      "variants": [
        "iso",
        "az109",
        "az167",
        "az206",
        "az316"
      ]
    },
    {
      "tile": "tile_003359",
      "variants": [
        "iso",
        "az053",
        "az062",
        "az118",
        "az355"
      ]
    },
    {
      "tile": "tile_012223",
      "variants": [
        "iso",
        "az136",
        "az151",
        "az181",
        "az319"
      ]
    },
    {
      "tile": "tile_017478",
      "variants": [
        "iso",
        "az081",
        "az127",
        "az239",
        "az352"
      ]
    },
    {
      "tile": "tile_003782",
      "variants": [
        "iso",
        "az113",
        "az166",
        "az216",
        "az249"
      ]
    },
    {
      "tile": "tile_003301",
      "variants": [
        "iso",
        "az088",
        "az099",
        "az149",
        "az205"
      ]
    },
    {
      "tile": "tile_021069",
      "variants": [
        "iso",
        "az099",
        "az112",
        "az166",
        "az315"
      ]
    },
    {
      "tile": "tile_008958",
      "variants": [
        "iso",
        "az031",
        "az196",
        "az214",
        "az228"
      ]
    },
    {
      "tile": "tile_000524",
      "variants": [
        "iso",
        "az246",
        "az274",
        "az307",
        "az310"
      ]
    },
    {
      "tile": "tile_007316",
      "variants": [
        "iso",
        "az148",
        "az204",
        "az282",
        "az357"
      ]
    },
    {
      "tile": "tile_025788",
      "variants": [
        "iso",
        "az009",
        "az103",
        "az224",
        "az321"
      ]
    },
    {
      "tile": "tile_007530",
      "variants": [
        "iso",
        "az002",
        "az047",
        "az113",
        "az348"
      ]
    },
    {
      "tile": "tile_000211",
      "variants": [
        "iso",
        "az000",
        "az107",
        "az123",
        "az256"
      ]
    },
    {
      "tile": "tile_009658",
      "variants": [
        "iso",
        "az081",
        "az129",
        "az152",
        "az269"
      ]
    },
    {
      "tile": "tile_026145",
      "variants": [
        "iso",
        "az091",
        "az121",
        "az162",
        "az333"
      ]
    },
    {
      "tile": "tile_016812",
      "variants": [
        "iso",
        "az008",
        "az020",
        "az147",
        "az352"
      ]
    },
    {
      "tile": "tile_009460",
      "variants": [
        "iso",
        "az194",
        "az202",
        "az255",
        "az295"
      ]
    },
    {
      "tile": "tile_007671",
      "variants": [
        "iso",
        "az023",
        "az255",
        "az338",
        "az359"
      ]
    },
    {
      "tile": "tile_012237",
      "variants": [
        "iso",
        "az072",
        "az211",
        "az289",
        "az308"
      ]
    },
    {
      "tile": "tile_022028",
      "variants": [
        "iso",
        "az041",
        "az059",
        "az275",
        "az344"
      ]
    },
    {
      "tile": "tile_006426",
      "variants": [
        "iso",
        "az020",
        "az151",
        "az304",
        "az328"
      ]
    },
    {
      "tile": "tile_000471",
      "variants": [
        "iso",
        "az149",
        "az186",
        "az265",
        "az326"
      ]
    },
    {
      "tile": "tile_021973",
      "variants": [
        "iso",
        "az156",
        "az250",
        "az284",
        "az307"
      ]
    },
    {
      "tile": "tile_026234",
      "variants": [
        "iso",
        "az026",
        "az194",
        "az243",
        "az334"
      ]
    },
    {
      "tile": "tile_000281",
      "variants": [
        "iso",
        "az068",
        "az095",
        "az160",
        "az275"
      ]
    },
    {
      "tile": "tile_008949",
      "variants": [
        "iso",
        "az063",
        "az076",
        "az078",
        "az152"
      ]
    },
    {
      "tile": "tile_003630",
      "variants": [
        "iso",
        "az074",
        "az240",
        "az267",
        "az279"
      ]
    },
    {
      "tile": "tile_002054",
      "variants": [
        "iso",
        "az007",
        "az299",
        "az324",
        "az327"
      ]
    },
    {
      "tile": "tile_015048",
      "variants": [
        "iso",
        "az210",
        "az258",
        "az304",
        "az319"
      ]
    },
    {
      "tile": "tile_021366",
      "variants": [
        "iso",
        "az120",
        "az192",
        "az201",
        "az297"
      ]
    },
    {
      "tile": "tile_000449",
      "variants": [
        "iso",
        "az151",
        "az173",
        "az260",
        "az275"
      ]
    },
    {
      "tile": "tile_014096",
      "variants": [
        "iso",
        "az087",
        "az103",
        "az158",
        "az313"
      ]
    },
    {
      "tile": "tile_002214",
      "variants": [
        "iso",
        "az025",
        "az133",
        "az188",
        "az266"
      ]
    },
    {
      "tile": "tile_009451",
      "variants": [
        "iso",
        "az013",
        "az162",
        "az241",
        "az243"
      ]
    },
    {
      "tile": "tile_008454",
      "variants": [
        "iso",
        "az005",
        "az223",
        "az248",
        "az296"
      ]
    },
    {
      "tile": "tile_026013",
      "variants": [
        "iso",
        "az065",
        "az120",
        "az261",
        "az313"
      ]
    },
    {
      "tile": "tile_026447",
      "variants": [
        "iso",
        "az028",
        "az064",
        "az180",
        "az319"
      ]
    },
    {
      "tile": "tile_013224",
      "variants": [
        "iso",
        "az033",
        "az133",
        "az248",
        "az306"
      ]
    },
    {
      "tile": "tile_025163",
      "variants": [
        "iso",
        "az112",
        "az116",
        "az260",
        "az261"
      ]
    },
    {
      "tile": "tile_018775",
      "variants": [
        "iso",
        "az102",
        "az144",
        "az228",
        "az302"
      ]
    },
    {
      "tile": "tile_022525",
      "variants": [
        "iso",
        "az093",
        "az099",
        "az161",
        "az347"
      ]
    },
    {
      "tile": "tile_013552",
      "variants": [
        "iso",
        "az026",
        "az087",
        "az198",
        "az247"
      ]
    },
    {
      "tile": "tile_023320",
      "variants": [
        "iso",
        "az005",
        "az104",
        "az145",
        "az354"
      ]
    },
    {
      "tile": "tile_001641",
      "variants": [
        "iso",
        "az025",
        "az124",
        "az135",
        "az138"
      ]
    },
    {
      "tile": "tile_013915",
      "variants": [
        "iso",
        "az011",
        "az179",
        "az303",
        "az350"
      ]
    },
    {
      "tile": "tile_008272",
      "variants": [
        "iso",
        "az069",
        "az192",
        "az218",
        "az344"
      ]
    },
    {
      "tile": "tile_000280",
      "variants": [
        "iso",
        "az089",
        "az274",
        "az295",
        "az355"
      ]
    },
    {
      "tile": "tile_013787",
      "variants": [
        "iso",
        "az067",
        "az175",
        "az224",
        "az343"
      ]
    },
    {
      "tile": "tile_002531",
      "variants": [
        "iso",
        "az068",
        "az080",
        "az143",
        "az269"
      ]
    },
    {
      "tile": "tile_025807",
      "variants": [
        "iso",
        "az031",
        "az162",
        "az191",
        "az274"
      ]
    },
    {
      "tile": "tile_021923",
      "variants": [
        "iso",
        "az123",
        "az127",
        "az261",
        "az307"
      ]
    },
    {
      "tile": "tile_005446",
      "variants": [
        "iso",
        "az164",
        "az179",
        "az224",
        "az293"
      ]
    },
    {
      "tile": "tile_009136",
      "variants": [
        "iso",
        "az009",
        "az055",
        "az198",
        "az271"
      ]
    },
    {
      "tile": "tile_001147",
      "variants": [
        "iso",
        "az043",
        "az075",
        "az327",
        "az329"
      ]
    },
    {
      "tile": "tile_002003",
      "variants": [
        "iso",
        "az112",
        "az147",
        "az232",
        "az237"
      ]
    },
    {
      "tile": "tile_018527",
      "variants": [
        "iso",
        "az084",
        "az177",
        "az263",
        "az289"
      ]
    },
    {
      "tile": "tile_003337",
      "variants": [
        "iso",
        "az154",
        "az201",
        "az232",
        "az315"
      ]
    },
    {
      "tile": "tile_022775",
      "variants": [
        "iso",
        "az193",
        "az209",
        "az257",
        "az324"
      ]
    },
    {
      "tile": "tile_014315",
      "variants": [
        "iso",
        "az087",
        "az236",
        "az296",
        "az298"
      ]
    },
    {
      "tile": "tile_009580",
      "variants": [
        "iso",
        "az173",
        "az215",
        "az280",
        "az337"
      ]
    },
    {
      "tile": "tile_012464",
      "variants": [
        "iso",
        "az023",
        "az066",
        "az205",
        "az322"
      ]
    },
    {
      "tile": "tile_015230",
      "variants": [
        "iso",
        "az013",
        "az023",
        "az239",
        "az322"
      ]
    },
    {
      "tile": "tile_002623",
      "variants": [
        "iso",
        "az045",
        "az175",
        "az244",
        "az322"
      ]
    },
    {
      "tile": "tile_010998",
      "variants": [
        "iso",
        "az065",
        "az088",
        "az265",
        "az353"
      ]
    },
    {
      "tile": "tile_002154",
      "variants": [
        "iso",
        "az023",
        "az241",
        "az248",
        "az309"
      ]
    },
    {
      "tile": "tile_003929",
      "variants": [
        "iso",
        "az102",
        "az158",
        "az170",
        "az359"
      ]
    },
    {
      "tile": "tile_015056",
      "variants": [
        "iso",
        "az031",
        "az042",
        "az127",
        "az145"
      ]
    },
    {
      "tile": "tile_012430",
      "variants": [
        "iso",
        "az030",
        "az040",
        "az276",
        "az324"
      ]
    },
    {
      "tile": "tile_013978",
      "variants": [
        "iso",
        "az064",
        "az161",
        "az255",
        "az356"
      ]
    },
    {
      "tile": "tile_001102",
      "variants": [
        "iso",
        "az011",
        "az117",
        "az156",
        "az346"
      ]
    },
    {
      "tile": "tile_000916",
      "variants": [
        "iso",
        "az012",
        "az121",
        "az189",
        "az328"
      ]
    },
    {
      "tile": "tile_000361",
      "variants": [
        "iso",
        "az171",
        "az231",
        "az257",
        "az287"
      ]
    },
    {
      "tile": "tile_009275",
      "variants": [
        "iso",
        "az194",
        "az213",
        "az338",
        "az341"
      ]
    },
    {
      "tile": "tile_010487",
      "variants": [
        "iso",
        "az035",
        "az165",
        "az236",
        "az266"
      ]
    },
    {
      "tile": "tile_016789",
      "variants": [
        "iso",
        "az045",
        "az151",
        "az187",
        "az292"
      ]
    },
    {
      "tile": "tile_020124",
      "variants": [
        "iso",
        "az017",
        "az037",
        "az056",
        "az342"
      ]
    },
    {
      "tile": "tile_019579",
      "variants": [
        "iso",
        "az024",
        "az136",
        "az317",
        "az323"
      ]
    },
    {
      "tile": "tile_019027",
      "variants": [
        "iso",
        "az008",
        "az013",
        "az036",
        "az247"
      ]
    },
    {
      "tile": "tile_021723",
      "variants": [
        "iso",
        "az135",
        "az145",
        "az171",
        "az291"
      ]
    },
    {
      "tile": "tile_017136",
      "variants": [
        "iso",
        "az043",
        "az048",
        "az184",
        "az281"
      ]
    },
    {
      "tile": "tile_014158",
      "variants": [
        "iso",
        "az002",
        "az057",
        "az236",
        "az316"
      ]
    },
    {
      "tile": "tile_020054",
      "variants": [
        "iso",
        "az209",
        "az253",
        "az257",
        "az349"
      ]
    },
    {
      "tile": "tile_003050",
      "variants": [
        "iso",
        "az001",
        "az073",
        "az084",
        "az311"
      ]
    },
    {
      "tile": "tile_009816",
      "variants": [
        "iso",
        "az023",
        "az044",
        "az239",
        "az264"
      ]
    },
    {
      "tile": "tile_012386",
      "variants": [
        "iso",
        "az083",
        "az122",
        "az155",
        "az252"
      ]
    },
    {
      "tile": "tile_008541",
      "variants": [
        "iso",
        "az061",
        "az089",
        "az321",
        "az358"
      ]
    },
    {
      "tile": "tile_010813",
      "variants": [
        "iso",
        "az258",
        "az297",
        "az318",
        "az354"
      ]
    },
    {
      "tile": "tile_015544",
      "variants": [
        "iso",
        "az183",
        "az264",
        "az292",
        "az342"
      ]
    },
    {
      "tile": "tile_021279",
      "variants": [
        "iso",
        "az135",
        "az257",
        "az264",
        "az325"
      ]
    },
    {
      "tile": "tile_026825",
      "variants": [
        "iso",
        "az069",
        "az122",
        "az140",
        "az213"
      ]
    },
    {
      "tile": "tile_008443",
      "variants": [
        "iso",
        "az001",
        "az066",
        "az080",
        "az213"
      ]
    },
    {
      "tile": "tile_021159",
      "variants": [
        "iso",
        "az065",
        "az067",
        "az076",
        "az312"
      ]
    },
    {
      "tile": "tile_016214",
      "variants": [
        "iso",
        "az080",
        "az090",
        "az101",
        "az102"
      ]
    },
    {
      "tile": "tile_022746",
      "variants": [
        "iso",
        "az039",
        "az133",
        "az187",
        "az193"
      ]
    },
    {
      "tile": "tile_017605",
      "variants": [
        "iso",
        "az043",
        "az092",
        "az156",
        "az215"
      ]
    },
    {
      "tile": "tile_026237",
      "variants": [
        "iso",
        "az057",
        "az146",
        "az222",
        "az357"
      ]
    },
    {
      "tile": "tile_024192",
      "variants": [
        "iso",
        "az005",
        "az098",
        "az279",
        "az344"
      ]
    },
    {
      "tile": "tile_023762",
      "variants": [
        "iso",
        "az200",
        "az215",
        "az255",
        "az318"
      ]
    },
    {
      "tile": "tile_007198",
      "variants": [
        "iso",
        "az104",
        "az211",
        "az253",
        "az271"
      ]
    },
    {
      "tile": "tile_015269",
      "variants": [
        "iso",
        "az027",
        "az169",
        "az292",
        "az301"
      ]
    },
    {
      "tile": "tile_014970",
      "variants": [
        "iso",
        "az086",
        "az181",
        "az228",
        "az273"
      ]
    },
    {
      "tile": "tile_003651",
      "variants": [
        "iso",
        "az043",
        "az152",
        "az197",
        "az331"
      ]
    },
    {
      "tile": "tile_002836",
      "variants": [
        "iso",
        "az034",
        "az236",
        "az246",
        "az275"
      ]
    },
    {
      "tile": "tile_015440",
      "variants": [
        "iso",
        "az057",
        "az169",
        "az177",
        "az201"
      ]
    },
    {
      "tile": "tile_017854",
      "variants": [
        "iso",
        "az009",
        "az034",
        "az047",
        "az218"
      ]
    },
    {
      "tile": "tile_026174",
      "variants": [
        "iso",
        "az003",
        "az299",
        "az302",
        "az357"
      ]
    },
    {
      "tile": "tile_008174",
      "variants": [
        "iso",
        "az027",
        "az201",
        "az213",
        "az231"
      ]
    },
    {
      "tile": "tile_015275",
      "variants": [
        "iso",
        "az042",
        "az089",
        "az104",
        "az174"
      ]
    },
    {
      "tile": "tile_008998",
      "variants": [
        "iso",
        "az085",
        "az098",
        "az261",
        "az326"
      ]
    },
    {
      "tile": "tile_026049",
      "variants": [
        "iso",
        "az002",
        "az033",
        "az108",
        "az147"
      ]
    },
    {
      "tile": "tile_027052",
      "variants": [
        "iso",
        "az087",
        "az232",
        "az269",
        "az339"
      ]
    },
    {
      "tile": "tile_015110",
      "variants": [
        "iso",
        "az002",
        "az087",
        "az204",
        "az279"
      ]
    },
    {
      "tile": "tile_006904",
      "variants": [
        "iso",
        "az045",
        "az082",
        "az238",
        "az263"
      ]
    },
    {
      "tile": "tile_012898",
      "variants": [
        "iso",
        "az044",
        "az065",
        "az083",
        "az320"
      ]
    },
    {
      "tile": "tile_015799",
      "variants": [
        "iso",
        "az018",
        "az098",
        "az237",
        "az275"
      ]
    },
    {
      "tile": "tile_004073",
      "variants": [
        "iso",
        "az080",
        "az109",
        "az194",
        "az221"
      ]
    },
    {
      "tile": "tile_014002",
      "variants": [
        "iso",
        "az026",
        "az116",
        "az161",
        "az337"
      ]
    },
    {
      "tile": "tile_020028",
      "variants": [
        "iso",
        "az014",
        "az046",
        "az130",
        "az330"
      ]
    },
    {
      "tile": "tile_000422",
      "variants": [
        "iso",
        "az088",
        "az096",
        "az204",
        "az352"
      ]
    },
    {
      "tile": "tile_026571",
      "variants": [
        "iso",
        "az049",
        "az104",
        "az124",
        "az155"
      ]
    },
    {
      "tile": "tile_006650",
      "variants": [
        "iso",
        "az027",
        "az096",
        "az119",
        "az277"
      ]
    },
    {
      "tile": "tile_009311",
      "variants": [
        "iso",
        "az033",
        "az214",
        "az228",
        "az238"
      ]
    },
    {
      "tile": "tile_008612",
      "variants": [
        "iso",
        "az001",
        "az018",
        "az070",
        "az131"
      ]
    },
    {
      "tile": "tile_008012",
      "variants": [
        "iso",
        "az154",
        "az194",
        "az201",
        "az309"
      ]
    },
    {
      "tile": "tile_016026",
      "variants": [
        "iso",
        "az033",
        "az198",
        "az310",
        "az312"
      ]
    },
    {
      "tile": "tile_015747",
      "variants": [
        "iso",
        "az039",
        "az147",
        "az333",
        "az347"
      ]
    },
    {
      "tile": "tile_017274",
      "variants": [
        "iso",
        "az094",
        "az137",
        "az220",
        "az276"
      ]
    },
    {
      "tile": "tile_008143",
      "variants": [
        "iso",
        "az037",
        "az063",
        "az234",
        "az340"
      ]
    },
    {
      "tile": "tile_008373",
      "variants": [
        "iso",
        "az024",
        "az054",
        "az110",
        "az190"
      ]
    },
    {
      "tile": "tile_015961",
      "variants": [
        "iso",
        "az045",
        "az053",
        "az057",
        "az152"
      ]
    },
    {
      "tile": "tile_027227",
      "variants": [
        "iso",
        "az054",
        "az179",
        "az231",
        "az328"
      ]
    },
    {
      "tile": "tile_006552",
      "variants": [
        "iso",
        "az074",
        "az180",
        "az228",
        "az308"
      ]
    },
    {
      "tile": "tile_007878",
      "variants": [
        "iso",
        "az103",
        "az225",
        "az281",
        "az310"
      ]
    },
    {
      "tile": "tile_010754",
      "variants": [
        "iso",
        "az000",
        "az003",
        "az069",
        "az104"
      ]
    },
    {
      "tile": "tile_016139",
      "variants": [
        "iso",
        "az054",
        "az082",
        "az213",
        "az337"
      ]
    },
    {
      "tile": "tile_025844",
      "variants": [
        "iso",
        "az076",
        "az147",
        "az233",
        "az267"
      ]
    },
    {
      "tile": "tile_003869",
      "variants": [
        "iso",
        "az017",
        "az126",
        "az255",
        "az258"
      ]
    },
    {
      "tile": "tile_012252",
      "variants": [
        "iso",
        "az041",
        "az055",
        "az214",
        "az305"
      ]
    },
    {
      "tile": "tile_026037",
      "variants": [
        "iso",
        "az016",
        "az065",
        "az173",
        "az240"
      ]
    },
    {
      "tile": "tile_004423",
      "variants": [
        "iso",
        "az117",
        "az185",
        "az243",
        "az320"
      ]
    },
    {
      "tile": "tile_009508",
      "variants": [
        "iso",
        "az043",
        "az121",
        "az155",
        "az335"
      ]
    },
    {
      "tile": "tile_015679",
      "variants": [
        "iso",
        "az171",
        "az207",
        "az212",
        "az336"
      ]
    },
    {
      "tile": "tile_007197",
      "variants": [
        "iso",
        "az074",
        "az133",
        "az199",
        "az324"
      ]
    },
    {
      "tile": "tile_022916",
      "variants": [
        "iso",
        "az004",
        "az067",
        "az081",
        "az154"
      ]
    },
    {
      "tile": "tile_006176",
      "variants": [
        "iso",
        "az032",
        "az103",
        "az257",
        "az324"
      ]
    },
    {
      "tile": "tile_025364",
      "variants": [
        "iso",
        "az130",
        "az217",
        "az227",
        "az348"
      ]
    },
    {
      "tile": "tile_002972",
      "variants": [
        "iso",
        "az069",
        "az117",
        "az275",
        "az349"
      ]
    },
    {
      "tile": "tile_002863",
      "variants": [
        "iso",
        "az044",
        "az122",
        "az261",
        "az265"
      ]
    },
    {
      "tile": "tile_014806",
      "variants": [
        "iso",
        "az017",
        "az179",
        "az190",
        "az323"
      ]
    },
    {
      "tile": "tile_016118",
      "variants": [
        "iso",
        "az025",
        "az156",
        "az278",
        "az299"
      ]
    },
    {
      "tile": "tile_019513",
      "variants": [
        "iso",
        "az040",
        "az046",
        "az085",
        "az317"
      ]
    },
    {
      "tile": "tile_008926",
      "variants": [
        "iso",
        "az025",
        "az028",
        "az138",
        "az238"
      ]
    },
    {
      "tile": "tile_010519",
      "variants": [
        "iso",
        "az045",
        "az077",
        "az134",
        "az237"
      ]
    },
    {
      "tile": "tile_009893",
      "variants": [
        "iso",
        "az098",
        "az158",
        "az344",
        "az356"
      ]
    },
    {
      "tile": "tile_025847",
      "variants": [
        "iso",
        "az037",
        "az118",
        "az238",
        "az265"
      ]
    },
    {
      "tile": "tile_023828",
      "variants": [
        "iso",
        "az045",
        "az204",
        "az336",
        "az355"
      ]
    },
    {
      "tile": "tile_013880",
      "variants": [
        "iso",
        "az148",
        "az155",
        "az175",
        "az335"
      ]
    },
    {
      "tile": "tile_026218",
      "variants": [
        "iso",
        "az037",
        "az079",
        "az245",
        "az310"
      ]
    },
    {
      "tile": "tile_013181",
      "variants": [
        "iso",
        "az058",
        "az060",
        "az210",
        "az226"
      ]
    },
    {
      "tile": "tile_009245",
      "variants": [
        "iso",
        "az061",
        "az093",
        "az313",
        "az347"
      ]
    },
    {
      "tile": "tile_004876",
      "variants": [
        "iso",
        "az018",
        "az087",
        "az252",
        "az318"
      ]
    },
    {
      "tile": "tile_014466",
      "variants": [
        "iso",
        "az110",
        "az141",
        "az211",
        "az315"
      ]
    },
    {
      "tile": "tile_023865",
      "variants": [
        "iso",
        "az007",
        "az015",
        "az155",
        "az329"
      ]
    },
    {
      "tile": "tile_002284",
      "variants": [
        "iso",
        "az165",
        "az172",
        "az290",
        "az336"
      ]
    },
    {
      "tile": "tile_015791",
      "variants": [
        "iso",
        "az027",
        "az052",
        "az226",
        "az238"
      ]
    },
    {
      "tile": "tile_017277",
      "variants": [
        "iso",
        "az003",
        "az243",
        "az278",
        "az342"
      ]
    },
    {
      "tile": "tile_008349",
      "variants": [
        "iso",
        "az047",
        "az175",
        "az230",
        "az338"
      ]
    },
    {
      "tile": "tile_027131",
      "variants": [
        "iso",
        "az266",
        "az291",
        "az317",
        "az353"
      ]
    },
    {
      "tile": "tile_009398",
      "variants": [
        "iso",
        "az012",
        "az070",
        "az094",
        "az139"
      ]
    },
    {
      "tile": "tile_002354",
      "variants": [
        "iso",
        "az003",
        "az111",
        "az279",
        "az317"
      ]
    },
    {
      "tile": "tile_022902",
      "variants": [
        "iso",
        "az043",
        "az144",
        "az181",
        "az329"
      ]
    },
    {
      "tile": "tile_018345",
      "variants": [
        "iso",
        "az100",
        "az102",
        "az236",
        "az247"
      ]
    },
    {
      "tile": "tile_006579",
      "variants": [
        "iso",
        "az221",
        "az241",
        "az325",
        "az336"
      ]
    },
    {
      "tile": "tile_008013",
      "variants": [
        "iso",
        "az004",
        "az077",
        "az292",
        "az356"
      ]
    },
    {
      "tile": "tile_003362",
      "variants": [
        "iso",
        "az051",
        "az078",
        "az230",
        "az239"
      ]
    },
    {
      "tile": "tile_010988",
      "variants": [
        "iso",
        "az041",
        "az257",
        "az261",
        "az324"
      ]
    },
    {
      "tile": "tile_006230",
      "variants": [
        "iso",
        "az081",
        "az253",
        "az289",
        "az296"
      ]
    },
    {
      "tile": "tile_001929",
      "variants": [
        "iso",
        "az009",
        "az179",
        "az244",
        "az260"
      ]
    },
    {
      "tile": "tile_009887",
      "variants": [
        "iso",
        "az021",
        "az148",
        "az179",
        "az192"
      ]
    },
    {
      "tile": "tile_021356",
      "variants": [
        "iso",
        "az074",
        "az094",
        "az240",
        "az338"
      ]
    },
    {
      "tile": "tile_002461",
      "variants": [
        "iso",
        "az048",
        "az061",
        "az286",
        "az321"
      ]
    },
    {
      "tile": "tile_026661",
      "variants": [
        "iso",
        "az033",
        "az112",
        "az129",
        "az187"
      ]
    },
    {
      "tile": "tile_021712",
      "variants": [
        "iso",
        "az076",
        "az128",
        "az206",
        "az246"
      ]
    },
    {
      "tile": "tile_023684",
      "variants": [
        "iso",
        "az011",
        "az206",
        "az243",
        "az330"
      ]
    },
    {
      "tile": "tile_026039",
      "variants": [
        "iso",
        "az022",
        "az024",
        "az028",
        "az272"
      ]
    },
    {
      "tile": "tile_003604",
      "variants": [
        "iso",
        "az053",
        "az070",
        "az226",
        "az330"
      ]
    },
    {
      "tile": "tile_013002",
      "variants": [
        "iso",
        "az005",
        "az171",
        "az181",
        "az210"
      ]
    },
    {
      "tile": "tile_021074",
      "variants": [
        "iso",
        "az141",
        "az156",
        "az285",
        "az307"
      ]
    },
    {
      "tile": "tile_016127",
      "variants": [
        "iso",
        "az051",
        "az201",
        "az269",
        "az292"
      ]
    },
    {
      "tile": "tile_007150",
      "variants": [
        "iso",
        "az068",
        "az168",
        "az222",
        "az313"
      ]
    },
    {
      "tile": "tile_007569",
      "variants": [
        "iso",
        "az132",
        "az171",
        "az284",
        "az299"
      ]
    },
    {
      "tile": "tile_000328",
      "variants": [
        "iso",
        "az005",
        "az075",
        "az142",
        "az322"
      ]
    },
    {
      "tile": "tile_023956",
      "variants": [
        "iso",
        "az011",
        "az095",
        "az224",
        "az347"
      ]
    },
    {
      "tile": "tile_003297",
      "variants": [
        "iso",
        "az180",
        "az273",
        "az292",
        "az317"
      ]
    },
    {
      "tile": "tile_015525",
      "variants": [
        "iso",
        "az090",
        "az228",
        "az280",
        "az352"
      ]
    },
    {
      "tile": "tile_021183",
      "variants": [
        "iso",
        "az060",
        "az229",
        "az305",
        "az334"
      ]
    },
    {
      "tile": "tile_008621",
      "variants": [
        "iso",
        "az182",
        "az216",
        "az231",
        "az252"
      ]
    },
    {
      "tile": "tile_008374",
      "variants": [
        "iso",
        "az030",
        "az078",
        "az124",
        "az138"
      ]
    },
    {
      "tile": "tile_012007",
      "variants": [
        "iso",
        "az064",
        "az076",
        "az273",
        "az297"
      ]
    },
    {
      "tile": "tile_004402",
      "variants": [
        "iso",
        "az105",
        "az116",
        "az124",
        "az322"
      ]
    },
    {
      "tile": "tile_001054",
      "variants": [
        "iso",
        "az168",
        "az200",
        "az236",
        "az266"
      ]
    },
    {
      "tile": "tile_024539",
      "variants": [
        "iso",
        "az127",
        "az132",
        "az254",
        "az278"
      ]
    },
    {
      "tile": "tile_001640",
      "variants": [
        "iso",
        "az076",
        "az224",
        "az304",
        "az343"
      ]
    },
    {
      "tile": "tile_003389",
      "variants": [
        "iso",
        "az161",
        "az170",
        "az301",
        "az329"
      ]
    },
    {
      "tile": "tile_018835",
      "variants": [
        "iso",
        "az035",
        "az185",
        "az294",
        "az331"
      ]
    },
    {
      "tile": "tile_010545",
      "variants": [
        "iso",
        "az044",
        "az198",
        "az279",
        "az341"
      ]
    },
    {
      "tile": "tile_001797",
      "variants": [
        "iso",
        "az095",
        "az128",
        "az183",
        "az339"
      ]
    },
    {
      "tile": "tile_000569",
      "variants": [
        "iso",
        "az001",
        "az116",
        "az300",
        "az343"
      ]
    },
    {
      "tile": "tile_006346",
      "variants": [
        "iso",
        "az029",
        "az081",
        "az177",
        "az196"
      ]
    },
    {
      "tile": "tile_002489",
      "variants": [
        "iso",
        "az157",
        "az232",
        "az330",
        "az331"
      ]
    },
    {
      "tile": "tile_018743",
      "variants": [
        "iso",
        "az120",
        "az278",
        "az302",
        "az323"
      ]
    },
    {
      "tile": "tile_012415",
      "variants": [
        "iso",
        "az037",
        "az157",
        "az262",
        "az357"
      ]
    },
    {
      "tile": "tile_003008",
      "variants": [
        "iso",
        "az039",
        "az059",
        "az065",
        "az102"
      ]
    },
    {
      "tile": "tile_006687",
      "variants": [
        "iso",
        "az009",
        "az144",
        "az160",
        "az249"
      ]
    },
    {
      "tile": "tile_004171",
      "variants": [
        "iso",
        "az109",
        "az197",
        "az198",
        "az275"
      ]
    },
    {
      "tile": "tile_019666",
      "variants": [
        "iso",
        "az067",
        "az227",
        "az232",
        "az351"
      ]
    },
    {
      "tile": "tile_023924",
      "variants": [
        "iso",
        "az019",
        "az146",
        "az213",
        "az310"
      ]
    },
    {
      "tile": "tile_018364",
      "variants": [
        "iso",
        "az057",
        "az073",
        "az224",
        "az241"
      ]
    },
    {
      "tile": "tile_003930",
      "variants": [
        "iso",
        "az088",
        "az153",
        "az154",
        "az186"
      ]
    },
    {
      "tile": "tile_010539",
      "variants": [
        "iso",
        "az024",
        "az171",
        "az174",
        "az352"
      ]
    },
    {
      "tile": "tile_027165",
      "variants": [
        "iso",
        "az017",
        "az140",
        "az226",
        "az270"
      ]
    },
    {
      "tile": "tile_005005",
      "variants": [
        "iso",
        "az082",
        "az104",
        "az156",
        "az329"
      ]
    },
    {
      "tile": "tile_010536",
      "variants": [
        "iso",
        "az174",
        "az218",
        "az307",
        "az352"
      ]
    },
    {
      "tile": "tile_009468",
      "variants": [
        "iso",
        "az001",
        "az057",
        "az334",
        "az341"
      ]
    },
    {
      "tile": "tile_012755",
      "variants": [
        "iso",
        "az019",
        "az023",
        "az137",
        "az331"
      ]
    },
    {
      "tile": "tile_005983",
      "variants": [
        "iso",
        "az041",
        "az148",
        "az313",
        "az346"
      ]
    },
    {
      "tile": "tile_014436",
      "variants": [
        "iso",
        "az048",
        "az052",
        "az083",
        "az192"
      ]
    },
    {
      "tile": "tile_022025",
      "variants": [
        "iso",
        "az117",
        "az194",
        "az214",
        "az291"
      ]
    },
    {
      "tile": "tile_027081",
      "variants": [
        "iso",
        "az173",
        "az190",
        "az246",
        "az262"
      ]
    },
    {
      "tile": "tile_024171",
      "variants": [
        "iso",
        "az192",
        "az221",
        "az261",
        "az264"
      ]
    },
    {
      "tile": "tile_024881",
      "variants": [
        "iso",
        "az011",
        "az022",
        "az138",
        "az280"
      ]
    },
    {
      "tile": "tile_002255",
      "variants": [
        "iso",
        "az039",
        "az069",
        "az076",
        "az214"
      ]
    },
    {
      "tile": "tile_011006",
      "variants": [
        "iso",
        "az039",
        "az167",
        "az231",
        "az312"
      ]
    },
    {
      "tile": "tile_004744",
      "variants": [
        "iso",
        "az016",
        "az136",
        "az252",
        "az341"
      ]
    },
    {
      "tile": "tile_004761",
      "variants": [
        "iso",
        "az057",
        "az082",
        "az094",
        "az204"
      ]
    },
    {
      "tile": "tile_027197",
      "variants": [
        "iso",
        "az053",
        "az152",
        "az170",
        "az243"
      ]
    },
    {
      "tile": "tile_009579",
      "variants": [
        "iso",
        "az009",
        "az129",
        "az154",
        "az162"
      ]
    },
    {
      "tile": "tile_011377",
      "variants": [
        "iso",
        "az054",
        "az078",
        "az154",
        "az253"
      ]
    },
    {
      "tile": "tile_015937",
      "variants": [
        "iso",
        "az076",
        "az079",
        "az120",
        "az239"
      ]
    },
    {
      "tile": "tile_011686",
      "variants": [
        "iso",
        "az019",
        "az099",
        "az133",
        "az348"
      ]
    },
    {
      "tile": "tile_004195",
      "variants": [
        "iso",
        "az186",
        "az214",
        "az282",
        "az329"
      ]
    },
    {
      "tile": "tile_026750",
      "variants": [
        "iso",
        "az024",
        "az032",
        "az094",
        "az194"
      ]
    },
    {
      "tile": "tile_000624",
      "variants": [
        "iso",
        "az051",
        "az055",
        "az063",
        "az088"
      ]
    },
    {
      "tile": "tile_019892",
      "variants": [
        "iso",
        "az115",
        "az221",
        "az266",
        "az286"
      ]
    },
    {
      "tile": "tile_002873",
      "variants": [
        "iso",
        "az198",
        "az202",
        "az292",
        "az359"
      ]
    },
    {
      "tile": "tile_008480",
      "variants": [
        "iso",
        "az051",
        "az097",
        "az220",
        "az262"
      ]
    },
    {
      "tile": "tile_024791",
      "variants": [
        "iso",
        "az108",
        "az198",
        "az226",
        "az253"
      ]
    },
    {
      "tile": "tile_008902",
      "variants": [
        "iso",
        "az205",
        "az217",
        "az328",
        "az335"
      ]
    },
    {
      "tile": "tile_010458",
      "variants": [
        "iso",
        "az024",
        "az038",
        "az340",
        "az352"
      ]
    },
    {
      "tile": "tile_003045",
      "variants": [
        "iso",
        "az069",
        "az094",
        "az177",
        "az217"
      ]
    },
    {
      "tile": "tile_018083",
      "variants": [
        "iso",
        "az037",
        "az038",
        "az249",
        "az253"
      ]
    },
    {
      "tile": "tile_017847",
      "variants": [
        "iso",
        "az001",
        "az095",
        "az192",
        "az199"
      ]
    },
    {
      "tile": "tile_016199",
      "variants": [
        "iso",
        "az005",
        "az162",
        "az211",
        "az314"
      ]
    },
    {
      "tile": "tile_017898",
      "variants": [
        "iso",
        "az101",
        "az232",
        "az267",
        "az304"
      ]
    },
    {
      "tile": "tile_007587",
      "variants": [
        "iso",
        "az039",
        "az050",
        "az067",
        "az219"
      ]
    },
    {
      "tile": "tile_011885",
      "variants": [
        "iso",
        "az115",
        "az117",
        "az175",
        "az271"
      ]
    },
    {
      "tile": "tile_006677",
      "variants": [
        "iso",
        "az172",
        "az213",
        "az276",
        "az289"
      ]
    },
    {
      "tile": "tile_000430",
      "variants": [
        "iso",
        "az078",
        "az115",
        "az174",
        "az351"
      ]
    },
    {
      "tile": "tile_006638",
      "variants": [
        "iso",
        "az127",
        "az317",
        "az331",
        "az337"
      ]
    },
    {
      "tile": "tile_017213",
      "variants": [
        "iso",
        "az028",
        "az046",
        "az057",
        "az332"
      ]
    },
    {
      "tile": "tile_004284",
      "variants": [
        "iso",
        "az122",
        "az147",
        "az148",
        "az336"
      ]
    },
    {
      "tile": "tile_009390",
      "variants": [
        "iso",
        "az050",
        "az096",
        "az138",
        "az232"
      ]
    },
    {
      "tile": "tile_020993",
      "variants": [
        "iso",
        "az048",
        "az095",
        "az111",
        "az322"
      ]
    },
    {
      "tile": "tile_018006",
      "variants": [
        "iso",
        "az056",
        "az284",
        "az304",
        "az317"
      ]
    },
    {
      "tile": "tile_022844",
      "variants": [
        "iso",
        "az145",
        "az296",
        "az346",
        "az354"
      ]
    },
    {
      "tile": "tile_010809",
      "variants": [
        "iso",
        "az102",
        "az104",
        "az106",
        "az268"
      ]
    },
    {
      "tile": "tile_023522",
      "variants": [
        "iso",
        "az131",
        "az222",
        "az249",
        "az337"
      ]
    },
    {
      "tile": "tile_025660",
      "variants": [
        "iso",
        "az040",
        "az084",
        "az089",
        "az248"
      ]
    },
    {
      "tile": "tile_016244",
      "variants": [
        "iso",
        "az028",
        "az224",
        "az264",
        "az314"
      ]
    },
    {
      "tile": "tile_022945",
      "variants": [
        "iso",
        "az128",
        "az139",
        "az149",
        "az308"
      ]
    },
    {
      "tile": "tile_010648",
      "variants": [
        "iso",
        "az213",
        "az221",
        "az231",
        "az303"
      ]
    },
    {
      "tile": "tile_021062",
      "variants": [
        "iso",
        "az048",
        "az155",
        "az245",
        "az354"
      ]
    },
    {
      "tile": "tile_000484",
      "variants": [
        "iso",
        "az002",
        "az065",
        "az135",
        "az318"
      ]
    },
    {
      "tile": "tile_025219",
      "variants": [
        "iso",
        "az004",
        "az137",
        "az175",
        "az331"
      ]
    },
    {
      "tile": "tile_003010",
      "variants": [
        "iso",
        "az046",
        "az219",
        "az290",
        "az304"
      ]
    },
    {
      "tile": "tile_003771",
      "variants": [
        "iso",
        "az107",
        "az181",
        "az213",
        "az340"
      ]
    },
    {
      "tile": "tile_007525",
      "variants": [
        "iso",
        "az159",
        "az166",
        "az260",
        "az331"
      ]
    },
    {
      "tile": "tile_000363",
      "variants": [
        "iso",
        "az004",
        "az021",
        "az041",
        "az192"
      ]
    },
    {
      "tile": "tile_011169",
      "variants": [
        "iso",
        "az031",
        "az149",
        "az175",
        "az311"
      ]
    },
    {
      "tile": "tile_010560",
      "variants": [
        "iso",
        "az197",
        "az237",
        "az280",
        "az348"
      ]
    },
    {
      "tile": "tile_018070",
      "variants": [
        "iso",
        "az061",
        "az104",
        "az214",
        "az236"
      ]
    },
    {
      "tile": "tile_015635",
      "variants": [
        "iso",
        "az054",
        "az227",
        "az253",
        "az292"
      ]
    },
    {
      "tile": "tile_012024",
      "variants": [
        "iso",
        "az284",
        "az297",
        "az352",
        "az357"
      ]
    },
    {
      "tile": "tile_002271",
      "variants": [
        "iso",
        "az018",
        "az027",
        "az031",
        "az236"
      ]
    },
    {
      "tile": "tile_018245",
      "variants": [
        "iso",
        "az114",
        "az120",
        "az223",
        "az229"
      ]
    },
    {
      "tile": "tile_016058",
      "variants": [
        "iso",
        "az205",
        "az221",
        "az231",
        "az285"
      ]
    },
    {
      "tile": "tile_009869",
      "variants": [
        "iso",
        "az045",
        "az304",
        "az335",
        "az340"
      ]
    },
    {
      "tile": "tile_009632",
      "variants": [
        "iso",
        "az137",
        "az195",
        "az231",
        "az252"
      ]
    },
    {
      "tile": "tile_017871",
      "variants": [
        "iso",
        "az090",
        "az191",
        "az242",
        "az308"
      ]
    },
    {
      "tile": "tile_004047",
      "variants": [
        "iso",
        "az072",
        "az079",
        "az112",
        "az257"
      ]
    },
    {
      "tile": "tile_015196",
      "variants": [
        "iso",
        "az000",
        "az131",
        "az222",
        "az343"
      ]
    },
    {
      "tile": "tile_009250",
      "variants": [
        "iso",
        "az109",
        "az247",
        "az258",
        "az352"
      ]
    },
    {
      "tile": "tile_008936",
      "variants": [
        "iso",
        "az063",
        "az211",
        "az234",
        "az252"
      ]
    },
    {
      "tile": "tile_007576",
      "variants": [
        "iso",
        "az138",
        "az160",
        "az184",
        "az352"
      ]
    },
    {
      "tile": "tile_023128",
      "variants": [
        "iso",
        "az024",
        "az196",
        "az228",
        "az277"
      ]
    },
    {
      "tile": "tile_023104",
      "variants": [
        "iso",
        "az015",
        "az050",
        "az212",
        "az256"
      ]
    },
    {
      "tile": "tile_013216",
      "variants": [
        "iso",
        "az052",
        "az094",
        "az280",
        "az326"
      ]
    },
    {
      "tile": "tile_025650",
      "variants": [
        "iso",
        "az011",
        "az061",
        "az073",
        "az078"
      ]
    },
    {
      "tile": "tile_011396",
      "variants": [
        "iso",
        "az033",
        "az143",
        "az267",
        "az272"
      ]
    },
    {
      "tile": "tile_011351",
      "variants": [
        "iso",
        "az234",
        "az255",
        "az304",
        "az318"
      ]
    },
    {
      "tile": "tile_020035",
      "variants": [
        "iso",
        "az220",
        "az277",
        "az279",
        "az326"
      ]
    },
    {
      "tile": "tile_014292",
      "variants": [
        "iso",
        "az088",
        "az150",
        "az282",
        "az339"
      ]
    },
    {
      "tile": "tile_022203",
      "variants": [
        "iso",
        "az158",
        "az238",
        "az290",
        "az317"
      ]
    },
    {
      "tile": "tile_006386",
      "variants": [
        "iso",
        "az139",
        "az263",
        "az290",
        "az340"
      ]
    },
    {
      "tile": "tile_010766",
      "variants": [
        "iso",
        "az103",
        "az142",
        "az232",
        "az323"
      ]
    },
    {
      "tile": "tile_021847",
      "variants": [
        "iso",
        "az209",
        "az245",
        "az268",
        "az310"
      ]
    },
    {
      "tile": "tile_011034",
      "variants": [
        "iso",
        "az197",
        "az227",
        "az273",
        "az277"
      ]
    },
    {
      "tile": "tile_019238",
      "variants": [
        "iso",
        "az215",
        "az269",
        "az307",
        "az312"
      ]
    },
    {
      "tile": "tile_000083",
      "variants": [
        "iso",
        "az000",
        "az059",
        "az166",
        "az219"
      ]
    },
    {
      "tile": "tile_020814",
      "variants": [
        "iso",
        "az005",
        "az066",
        "az163",
        "az269"
      ]
    },
    {
      "tile": "tile_004344",
      "variants": [
        "iso",
        "az059",
        "az069",
        "az260",
        "az309"
      ]
    },
    {
      "tile": "tile_026365",
      "variants": [
        "iso",
        "az021",
        "az030",
        "az032",
        "az042"
      ]
    },
    {
      "tile": "tile_025878",
      "variants": [
        "iso",
        "az146",
        "az154",
        "az232",
        "az304"
      ]
    },
    {
      "tile": "tile_010500",
      "variants": [
        "iso",
        "az124",
        "az225",
        "az280",
        "az310"
      ]
    },
    {
      "tile": "tile_008045",
      "variants": [
        "iso",
        "az080",
        "az273",
        "az332",
        "az357"
      ]
    },
    {
      "tile": "tile_024842",
      "variants": [
        "iso",
        "az011",
        "az125",
        "az222",
        "az284"
      ]
    },
    {
      "tile": "tile_000732",
      "variants": [
        "iso",
        "az194",
        "az290",
        "az294",
        "az329"
      ]
    },
    {
      "tile": "tile_021574",
      "variants": [
        "iso",
        "az031",
        "az132",
        "az237",
        "az358"
      ]
    },
    {
      "tile": "tile_006582",
      "variants": [
        "iso",
        "az027",
        "az240",
        "az346",
        "az356"
      ]
    },
    {
      "tile": "tile_000356",
      "variants": [
        "iso",
        "az129",
        "az255",
        "az318",
        "az346"
      ]
    },
    {
      "tile": "tile_008230",
      "variants": [
        "iso",
        "az007",
        "az043",
        "az116",
        "az254"
      ]
    },
    {
      "tile": "tile_026634",
      "variants": [
        "iso",
        "az011",
        "az075",
        "az080",
        "az273"
      ]
    },
    {
      "tile": "tile_016440",
      "variants": [
        "iso",
        "az058",
        "az068",
        "az093",
        "az158"
      ]
    },
    {
      "tile": "tile_027049",
      "variants": [
        "iso",
        "az006",
        "az232",
        "az279",
        "az323"
      ]
    },
    {
      "tile": "tile_023431",
      "variants": [
        "iso",
        "az156",
        "az175",
        "az236",
        "az282"
      ]
    },
    {
      "tile": "tile_020446",
      "variants": [
        "iso",
        "az065",
        "az157",
        "az165",
        "az243"
      ]
    },
    {
      "tile": "tile_009368",
      "variants": [
        "iso",
        "az026",
        "az179",
        "az313",
        "az350"
      ]
    },
    {
      "tile": "tile_024854",
      "variants": [
        "iso",
        "az039",
        "az052",
        "az286",
        "az313"
      ]
    },
    {
      "tile": "tile_000258",
      "variants": [
        "iso",
        "az061",
        "az170",
        "az172",
        "az357"
      ]
    },
    {
      "tile": "tile_019809",
      "variants": [
        "iso",
        "az076",
        "az127",
        "az331",
        "az340"
      ]
    },
    {
      "tile": "tile_019356",
      "variants": [
        "iso",
        "az088",
        "az131",
        "az170",
        "az258"
      ]
    },
    {
      "tile": "tile_017724",
      "variants": [
        "iso",
        "az008",
        "az149",
        "az150",
        "az330"
      ]
    },
    {
      "tile": "tile_014112",
      "variants": [
        "iso",
        "az039",
        "az150",
        "az185",
        "az231"
      ]
    },
    {
      "tile": "tile_007600",
      "variants": [
        "iso",
        "az256",
        "az282",
        "az325",
        "az330"
      ]
    },
    {
      "tile": "tile_015354",
      "variants": [
        "iso",
        "az034",
        "az242",
        "az249",
        "az260"
      ]
    },
    {
      "tile": "tile_022524",
      "variants": [
        "iso",
        "az060",
        "az097",
        "az158",
        "az306"
      ]
    },
    {
      "tile": "tile_025769",
      "variants": [
        "iso",
        "az066",
        "az150",
        "az331",
        "az346"
      ]
    },
    {
      "tile": "tile_002001",
      "variants": [
        "iso",
        "az092",
        "az146",
        "az237",
        "az354"
      ]
    },
    {
      "tile": "tile_009874",
      "variants": [
        "iso",
        "az097",
        "az139",
        "az257",
        "az304"
      ]
    },
    {
      "tile": "tile_019107",
      "variants": [
        "iso",
        "az073",
        "az128",
        "az143",
        "az302"
      ]
    },
    {
      "tile": "tile_002206",
      "variants": [
        "iso",
        "az121",
        "az144",
        "az260",
        "az263"
      ]
    },
    {
      "tile": "tile_024839",
      "variants": [
        "iso",
        "az050",
        "az119",
        "az147",
        "az176"
      ]
    },
    {
      "tile": "tile_003027",
      "variants": [
        "iso",
        "az045",
        "az164",
        "az243",
        "az319"
      ]
    },
    {
      "tile": "tile_009927",
      "variants": [
        "iso",
        "az044",
        "az117",
        "az282",
        "az359"
      ]
    },
    {
      "tile": "tile_015955",
      "variants": [
        "iso",
        "az018",
        "az104",
        "az153",
        "az231"
      ]
    },
    {
      "tile": "tile_022040",
      "variants": [
        "iso",
        "az137",
        "az179",
        "az295",
        "az347"
      ]
    },
    {
      "tile": "tile_009491",
      "variants": [
        "iso",
        "az032",
        "az042",
        "az096",
        "az281"
      ]
    },
    {
      "tile": "tile_005374",
      "variants": [
        "iso",
        "az096",
        "az148",
        "az323",
        "az339"
      ]
    },
    {
      "tile": "tile_025441",
      "variants": [
        "iso",
        "az117",
        "az182",
        "az333",
        "az359"
      ]
    },
    {
      "tile": "tile_006652",
      "variants": [
        "iso",
        "az014",
        "az047",
        "az216",
        "az307"
      ]
    },
    {
      "tile": "tile_008842",
      "variants": [
        "iso",
        "az024",
        "az176",
        "az247",
        "az345"
      ]
    },
    {
      "tile": "tile_012993",
      "variants": [
        "iso",
        "az020",
        "az070",
        "az265",
        "az298"
      ]
    },
    {
      "tile": "tile_011593",
      "variants": [
        "iso",
        "az011",
        "az080",
        "az311",
        "az341"
      ]
    },
    {
      "tile": "tile_007071",
      "variants": [
        "iso",
        "az131",
        "az275",
        "az303",
        "az316"
      ]
    },
    {
      "tile": "tile_018029",
      "variants": [
        "iso",
        "az005",
        "az161",
        "az207",
        "az309"
      ]
    },
    {
      "tile": "tile_009103",
      "variants": [
        "iso",
        "az280",
        "az285",
        "az343",
        "az359"
      ]
    },
    {
      "tile": "tile_010230",
      "variants": [
        "iso",
        "az117",
        "az153",
        "az226",
        "az317"
      ]
    },
    {
      "tile": "tile_018390",
      "variants": [
        "iso",
        "az049",
        "az097",
        "az152",
        "az228"
      ]
    },
    {
      "tile": "tile_022940",
      "variants": [
        "iso",
        "az035",
        "az104",
        "az150",
        "az153"
      ]
    },
    {
      "tile": "tile_006564",
      "variants": [
        "iso",
        "az063",
        "az245",
        "az276",
        "az290"
      ]
    },
    {
      "tile": "tile_024179",
      "variants": [
        "iso",
        "az036",
        "az132",
        "az148",
        "az233"
      ]
    },
    {
      "tile": "tile_004396",
      "variants": [
        "iso",
        "az014",
        "az123",
        "az161",
        "az340"
      ]
    },
    {
      "tile": "tile_010858",
      "variants": [
        "iso",
        "az092",
        "az222",
        "az335",
        "az337"
      ]
    },
    {
      "tile": "tile_008027",
      "variants": [
        "iso",
        "az168",
        "az193",
        "az275",
        "az326"
      ]
    },
    {
      "tile": "tile_005851",
      "variants": [
        "iso",
        "az062",
        "az100",
        "az287",
        "az294"
      ]
    },
    {
      "tile": "tile_009470",
      "variants": [
        "iso",
        "az022",
        "az088",
        "az208",
        "az301"
      ]
    },
    {
      "tile": "tile_003119",
      "variants": [
        "iso",
        "az087",
        "az173",
        "az188",
        "az205"
      ]
    },
    {
      "tile": "tile_025094",
      "variants": [
        "iso",
        "az124",
        "az266",
        "az302",
        "az348"
      ]
    },
    {
      "tile": "tile_018708",
      "variants": [
        "iso",
        "az046",
        "az142",
        "az267",
        "az354"
      ]
    },
    {
      "tile": "tile_024761",
      "variants": [
        "iso",
        "az123",
        "az250",
        "az329",
        "az355"
      ]
    },
    {
      "tile": "tile_002179",
      "variants": [
        "iso",
        "az020",
        "az173",
        "az263",
        "az354"
      ]
    },
    {
      "tile": "tile_007664",
      "variants": [
        "iso",
        "az012",
        "az062",
        "az085",
        "az214"
      ]
    },
    {
      "tile": "tile_014337",
      "variants": [
        "iso",
        "az083",
        "az169",
        "az233",
        "az294"
      ]
    },
    {
      "tile": "tile_010159",
      "variants": [
        "iso",
        "az050",
        "az088",
        "az167",
        "az269"
      ]
    },
    {
      "tile": "tile_024903",
      "variants": [
        "iso",
        "az050",
        "az103",
        "az271",
        "az332"
      ]
    },
    {
      "tile": "tile_017287",
      "variants": [
        "iso",
        "az207",
        "az227",
        "az246",
        "az271"
      ]
    },
    {
      "tile": "tile_000294",
      "variants": [
        "iso",
        "az142",
        "az158",
        "az178",
        "az187"
      ]
    },
    {
      "tile": "tile_015384",
      "variants": [
        "iso",
        "az032",
        "az227",
        "az231",
        "az298"
      ]
    },
    {
      "tile": "tile_008790",
      "variants": [
        "iso",
        "az237",
        "az238",
        "az251",
        "az286"
      ]
    },
    {
      "tile": "tile_014178",
      "variants": [
        "iso",
        "az165",
        "az250",
        "az264",
        "az325"
      ]
    },
    {
      "tile": "tile_026543",
      "variants": [
        "iso",
        "az041",
        "az043",
        "az165",
        "az350"
      ]
    },
    {
      "tile": "tile_012411",
      "variants": [
        "iso",
        "az007",
        "az072",
        "az276",
        "az303"
      ]
    },
    {
      "tile": "tile_024338",
      "variants": [
        "iso",
        "az046",
        "az055",
        "az116",
        "az228"
      ]
    },
    {
      "tile": "tile_022995",
      "variants": [
        "iso",
        "az060",
        "az130",
        "az192",
        "az330"
      ]
    },
    {
      "tile": "tile_017047",
      "variants": [
        "iso",
        "az096",
        "az204",
        "az210",
        "az264"
      ]
    },
    {
      "tile": "tile_005683",
      "variants": [
        "iso",
        "az067",
        "az159",
        "az185",
        "az319"
      ]
    },
    {
      "tile": "tile_014351",
      "variants": [
        "iso",
        "az075",
        "az210",
        "az257",
        "az339"
      ]
    },
    {
      "tile": "tile_016685",
      "variants": [
        "iso",
        "az023",
        "az026",
        "az055",
        "az084"
      ]
    },
    {
      "tile": "tile_008930",
      "variants": [
        "iso",
        "az020",
        "az055",
        "az200",
        "az208"
      ]
    },
    {
      "tile": "tile_014298",
      "variants": [
        "iso",
        "az021",
        "az035",
        "az068",
        "az146"
      ]
    },
    {
      "tile": "tile_005228",
      "variants": [
        "iso",
        "az016",
        "az093",
        "az200",
        "az252"
      ]
    },
    {
      "tile": "tile_003970",
      "variants": [
        "iso",
        "az172",
        "az197",
        "az231",
        "az307"
      ]
    },
    {
      "tile": "tile_002986",
      "variants": [
        "iso",
        "az228",
        "az285",
        "az307",
        "az318"
      ]
    },
    {
      "tile": "tile_025889",
      "variants": [
        "iso",
        "az115",
        "az134",
        "az153",
        "az352"
      ]
    },
    {
      "tile": "tile_002995",
      "variants": [
        "iso",
        "az051",
        "az126",
        "az282",
        "az287"
      ]
    },
    {
      "tile": "tile_025212",
      "variants": [
        "iso",
        "az022",
        "az129",
        "az137",
        "az346"
      ]
    },
    {
      "tile": "tile_017298",
      "variants": [
        "iso",
        "az227",
        "az296",
        "az332",
        "az348"
      ]
    },
    {
      "tile": "tile_010850",
      "variants": [
        "iso",
        "az000",
        "az040",
        "az080",
        "az126"
      ]
    },
    {
      "tile": "tile_010943",
      "variants": [
        "iso",
        "az002",
        "az116",
        "az154",
        "az258"
      ]
    },
    {
      "tile": "tile_017199",
      "variants": [
        "iso",
        "az152",
        "az223",
        "az264",
        "az310"
      ]
    },
    {
      "tile": "tile_006788",
      "variants": [
        "iso",
        "az087",
        "az132",
        "az150",
        "az214"
      ]
    },
    {
      "tile": "tile_003611",
      "variants": [
        "iso",
        "az166",
        "az231",
        "az241",
        "az305"
      ]
    },
    {
      "tile": "tile_019555",
      "variants": [
        "iso",
        "az031",
        "az230",
        "az246",
        "az290"
      ]
    },
    {
      "tile": "tile_023108",
      "variants": [
        "iso",
        "az023",
        "az067",
        "az286",
        "az355"
      ]
    },
    {
      "tile": "tile_027084",
      "variants": [
        "iso",
        "az107",
        "az122",
        "az152",
        "az292"
      ]
    },
    {
      "tile": "tile_009213",
      "variants": [
        "iso",
        "az007",
        "az181",
        "az218",
        "az291"
      ]
    },
    {
      "tile": "tile_000520",
      "variants": [
        "iso",
        "az050",
        "az066",
        "az235",
        "az326"
      ]
    },
    {
      "tile": "tile_005751",
      "variants": [
        "iso",
        "az151",
        "az241",
        "az243",
        "az357"
      ]
    },
    {
      "tile": "tile_026858",
      "variants": [
        "iso",
        "az077",
        "az226",
        "az324",
        "az341"
      ]
    },
    {
      "tile": "tile_010447",
      "variants": [
        "iso",
        "az035",
        "az104",
        "az321",
        "az327"
      ]
    },
    {
      "tile": "tile_009592",
      "variants": [
        "iso",
        "az065",
        "az168",
        "az250",
        "az289"
      ]
    },
    {
      "tile": "tile_003787",
      "variants": [
        "iso",
        "az206",
        "az247",
        "az278",
        "az279"
      ]
    },
    {
      "tile": "tile_015870",
      "variants": [
        "iso",
        "az092",
        "az283",
        "az293",
        "az357"
      ]
    },
    {
      "tile": "tile_005458",
      "variants": [
        "iso",
        "az060",
        "az061",
        "az227",
        "az345"
      ]
    },
    {
      "tile": "tile_020995",
      "variants": [
        "iso",
        "az138",
        "az292",
        "az299",
        "az326"
      ]
    },
    {
      "tile": "tile_018540",
      "variants": [
        "iso",
        "az205",
        "az310",
        "az335",
        "az340"
      ]
    },
    {
      "tile": "tile_026087",
      "variants": [
        "iso",
        "az026",
        "az047",
        "az122",
        "az344"
      ]
    },
    {
      "tile": "tile_023081",
      "variants": [
        "iso",
        "az052",
        "az093",
        "az224",
        "az338"
      ]
    },
    {
      "tile": "tile_025884",
      "variants": [
        "iso",
        "az031",
        "az040",
        "az130",
        "az222"
      ]
    },
    {
      "tile": "tile_008285",
      "variants": [
        "iso",
        "az030",
        "az123",
        "az161",
        "az303"
      ]
    },
    {
      "tile": "tile_011225",
      "variants": [
        "iso",
        "az028",
        "az102",
        "az198",
        "az222"
      ]
    },
    {
      "tile": "tile_015734",
      "variants": [
        "iso",
        "az069",
        "az118",
        "az204",
        "az232"
      ]
    },
    {
      "tile": "tile_026946",
      "variants": [
        "iso",
        "az082",
        "az177",
        "az186",
        "az294"
      ]
    },
    {
      "tile": "tile_014878",
      "variants": [
        "iso",
        "az032",
        "az044",
        "az282",
        "az290"
      ]
    },
    {
      "tile": "tile_009090",
      "variants": [
        "iso",
        "az014",
        "az056",
        "az334",
        "az355"
      ]
    },
    {
      "tile": "tile_027183",
      "variants": [
        "iso",
        "az020",
        "az078",
        "az232",
        "az332"
      ]
    },
    {
      "tile": "tile_006514",
      "variants": [
        "iso",
        "az029",
        "az065",
        "az252",
        "az301"
      ]
    },
    {
      "tile": "tile_027296",
      "variants": [
        "iso",
        "az050",
        "az143",
        "az274",
        "az294"
      ]
    },
    {
      "tile": "tile_002751",
      "variants": [
        "iso",
        "az174",
        "az177",
        "az245",
        "az263"
      ]
    },
    {
      "tile": "tile_008914",
      "variants": [
        "iso",
        "az118",
        "az137",
        "az197",
        "az242"
      ]
    },
    {
      "tile": "tile_005564",
      "variants": [
        "iso",
        "az118",
        "az191",
        "az331",
        "az343"
      ]
    },
    {
      "tile": "tile_007861",
      "variants": [
        "iso",
        "az006",
        "az077",
        "az083",
        "az127"
      ]
    },
    {
      "tile": "tile_024688",
      "variants": [
        "iso",
        "az015",
        "az079",
        "az156",
        "az278"
      ]
    },
    {
      "tile": "tile_005373",
      "variants": [
        "iso",
        "az213",
        "az219",
        "az335",
        "az359"
      ]
    },
    {
      "tile": "tile_026538",
      "variants": [
        "iso",
        "az058",
        "az291",
        "az299",
        "az342"
      ]
    },
    {
      "tile": "tile_026655",
      "variants": [
        "iso",
        "az158",
        "az181",
        "az221",
        "az247"
      ]
    },
    {
      "tile": "tile_011176",
      "variants": [
        "iso",
        "az059",
        "az095",
        "az270",
        "az298"
      ]
    },
    {
      "tile": "tile_008916",
      "variants": [
        "iso",
        "az011",
        "az035",
        "az209",
        "az222"
      ]
    },
    {
      "tile": "tile_004331",
      "variants": [
        "iso",
        "az011",
        "az014",
        "az131",
        "az272"
      ]
    },
    {
      "tile": "tile_002107",
      "variants": [
        "iso",
        "az083",
        "az118",
        "az188",
        "az200"
      ]
    },
    {
      "tile": "tile_022380",
      "variants": [
        "iso",
        "az199",
        "az293",
        "az317",
        "az354"
      ]
    },
    {
      "tile": "tile_026202",
      "variants": [
        "iso",
        "az030",
        "az039",
        "az069",
        "az204"
      ]
    },
    {
      "tile": "tile_009452",
      "variants": [
        "iso",
        "az010",
        "az058",
        "az104",
        "az350"
      ]
    },
    {
      "tile": "tile_007557",
      "variants": [
        "iso",
        "az139",
        "az281",
        "az305",
        "az326"
      ]
    },
    {
      "tile": "tile_006076",
      "variants": [
        "iso",
        "az070",
        "az191",
        "az227",
        "az314"
      ]
    },
    {
      "tile": "tile_003729",
      "variants": [
        "iso",
        "az107",
        "az109",
        "az160",
        "az248"
      ]
    },
    {
      "tile": "tile_008655",
      "variants": [
        "iso",
        "az108",
        "az136",
        "az192",
        "az244"
      ]
    },
    {
      "tile": "tile_023488",
      "variants": [
        "iso",
        "az150",
        "az190",
        "az267",
        "az276"
      ]
    },
    {
      "tile": "tile_009889",
      "variants": [
        "iso",
        "az075",
        "az108",
        "az188",
        "az344"
      ]
    },
    {
      "tile": "tile_023982",
      "variants": [
        "iso",
        "az085",
        "az149",
        "az193",
        "az194"
      ]
    },
    {
      "tile": "tile_014445",
      "variants": [
        "iso",
        "az027",
        "az150",
        "az229",
        "az287"
      ]
    },
    {
      "tile": "tile_025606",
      "variants": [
        "iso",
        "az177",
        "az272",
        "az317",
        "az319"
      ]
    },
    {
      "tile": "tile_015866",
      "variants": [
        "iso",
        "az027",
        "az092",
        "az119",
        "az279"
      ]
    },
    {
      "tile": "tile_012551",
      "variants": [
        "iso",
        "az042",
        "az144",
        "az251",
        "az272"
      ]
    },
    {
      "tile": "tile_000336",
      "variants": [
        "iso",
        "az031",
        "az055",
        "az152",
        "az317"
      ]
    },
    {
      "tile": "tile_014544",
      "variants": [
        "iso",
        "az078",
        "az131",
        "az137",
        "az343"
      ]
    },
    {
      "tile": "tile_000337",
      "variants": [
        "iso",
        "az074",
        "az093",
        "az155",
        "az199"
      ]
    },
    {
      "tile": "tile_022584",
      "variants": [
        "iso",
        "az062",
        "az109",
        "az245",
        "az332"
      ]
    },
    {
      "tile": "tile_017882",
      "variants": [
        "iso",
        "az082",
        "az093",
        "az183",
        "az268"
      ]
    },
    {
      "tile": "tile_013901",
      "variants": [
        "iso",
        "az012",
        "az049",
        "az191",
        "az339"
      ]
    },
    {
      "tile": "tile_027260",
      "variants": [
        "iso",
        "az001",
        "az011",
        "az149",
        "az294"
      ]
    },
    {
      "tile": "tile_021789",
      "variants": [
        "iso",
        "az009",
        "az051",
        "az084",
        "az322"
      ]
    },
    {
      "tile": "tile_011560",
      "variants": [
        "iso",
        "az008",
        "az096",
        "az212",
        "az298"
      ]
    },
    {
      "tile": "tile_000250",
      "variants": [
        "iso",
        "az045",
        "az089",
        "az233",
        "az237"
      ]
    },
    {
      "tile": "tile_006496",
      "variants": [
        "iso",
        "az001",
        "az124",
        "az296",
        "az354"
      ]
    },
    {
      "tile": "tile_023694",
      "variants": [
        "iso",
        "az226",
        "az275",
        "az325",
        "az328"
      ]
    },
    {
      "tile": "tile_025111",
      "variants": [
        "iso",
        "az123",
        "az129",
        "az161",
        "az244"
      ]
    },
    {
      "tile": "tile_022599",
      "variants": [
        "iso",
        "az046",
        "az085",
        "az094",
        "az164"
      ]
    },
    {
      "tile": "tile_000345",
      "variants": [
        "iso",
        "az178",
        "az197",
        "az238",
        "az357"
      ]
    },
    {
      "tile": "tile_008507",
      "variants": [
        "iso",
        "az057",
        "az209",
        "az256",
        "az305"
      ]
    },
    {
      "tile": "tile_027303",
      "variants": [
        "iso",
        "az110",
        "az202",
        "az310",
        "az353"
      ]
    },
    {
      "tile": "tile_011836",
      "variants": [
        "iso",
        "az034",
        "az078",
        "az272",
        "az276"
      ]
    },
    {
      "tile": "tile_023736",
      "variants": [
        "iso",
        "az020",
        "az043",
        "az201",
        "az268"
      ]
    },
    {
      "tile": "tile_025484",
      "variants": [
        "iso",
        "az085",
        "az243",
        "az245",
        "az285"
      ]
    },
    {
      "tile": "tile_009006",
      "variants": [
        "iso",
        "az148",
        "az243",
        "az284",
        "az345"
      ]
    },
    {
      "tile": "tile_006817",
      "variants": [
        "iso",
        "az089",
        "az108",
        "az244",
        "az257"
      ]
    },
    {
      "tile": "tile_011026",
      "variants": [
        "iso",
        "az048",
        "az057",
        "az289",
        "az304"
      ]
    },
    {
      "tile": "tile_002842",
      "variants": [
        "iso",
        "az054",
        "az273",
        "az288",
        "az326"
      ]
    },
    {
      "tile": "tile_008830",
      "variants": [
        "iso",
        "az101",
        "az170",
        "az188",
        "az236"
      ]
    },
    {
      "tile": "tile_000320",
      "variants": [
        "iso",
        "az103",
        "az228",
        "az251",
        "az318"
      ]
    },
    {
      "tile": "tile_022205",
      "variants": [
        "iso",
        "az000",
        "az311",
        "az333",
        "az348"
      ]
    },
    {
      "tile": "tile_018244",
      "variants": [
        "iso",
        "az014",
        "az027",
        "az052",
        "az207"
      ]
    },
    {
      "tile": "tile_025832",
      "variants": [
        "iso",
        "az095",
        "az107",
        "az236",
        "az313"
      ]
    },
    {
      "tile": "tile_013728",
      "variants": [
        "iso",
        "az007",
        "az019",
        "az041",
        "az214"
      ]
    },
    {
      "tile": "tile_003072",
      "variants": [
        "iso",
        "az076",
        "az081",
        "az106",
        "az271"
      ]
    },
    {
      "tile": "tile_008646",
      "variants": [
        "iso",
        "az041",
        "az113",
        "az129",
        "az273"
      ]
    },
    {
      "tile": "tile_017938",
      "variants": [
        "iso",
        "az077",
        "az129",
        "az295",
        "az352"
      ]
    },
    {
      "tile": "tile_026609",
      "variants": [
        "iso",
        "az022",
        "az080",
        "az154",
        "az259"
      ]
    },
    {
      "tile": "tile_023557",
      "variants": [
        "iso",
        "az154",
        "az198",
        "az284",
        "az350"
      ]
    },
    {
      "tile": "tile_015873",
      "variants": [
        "iso",
        "az033",
        "az086",
        "az313",
        "az326"
      ]
    },
    {
      "tile": "tile_016788",
      "variants": [
        "iso",
        "az010",
        "az160",
        "az169",
        "az175"
      ]
    },
    {
      "tile": "tile_023955",
      "variants": [
        "iso",
        "az002",
        "az045",
        "az205",
        "az255"
      ]
    },
    {
      "tile": "tile_008959",
      "variants": [
        "iso",
        "az124",
        "az197",
        "az235",
        "az237"
      ]
    },
    {
      "tile": "tile_019721",
      "variants": [
        "iso",
        "az084",
        "az125",
        "az146",
        "az316"
      ]
    },
    {
      "tile": "tile_022768",
      "variants": [
        "iso",
        "az054",
        "az084",
        "az188",
        "az295"
      ]
    },
    {
      "tile": "tile_013359",
      "variants": [
        "iso",
        "az045",
        "az152",
        "az274",
        "az285"
      ]
    },
    {
      "tile": "tile_023284",
      "variants": [
        "iso",
        "az051",
        "az068",
        "az209",
        "az322"
      ]
    },
    {
      "tile": "tile_010626",
      "variants": [
        "iso",
        "az141",
        "az148",
        "az155",
        "az265"
      ]
    },
    {
      "tile": "tile_017921",
      "variants": [
        "iso",
        "az010",
        "az024",
        "az065",
        "az269"
      ]
    },
    {
      "tile": "tile_027194",
      "variants": [
        "iso",
        "az078",
        "az140",
        "az170",
        "az206"
      ]
    },
    {
      "tile": "tile_024968",
      "variants": [
        "iso",
        "az062",
        "az274",
        "az295",
        "az320"
      ]
    },
    {
      "tile": "tile_017295",
      "variants": [
        "iso",
        "az026",
        "az035",
        "az099",
        "az344"
      ]
    },
    {
      "tile": "tile_012571",
      "variants": [
        "iso",
        "az066",
        "az236",
        "az277",
        "az298"
      ]
    },
    {
      "tile": "tile_000441",
      "variants": [
        "iso",
        "az042",
        "az144",
        "az153",
        "az169"
      ]
    },
    {
      "tile": "tile_007080",
      "variants": [
        "iso",
        "az059",
        "az079",
        "az189",
        "az192"
      ]
    },
    {
      "tile": "tile_018524",
      "variants": [
        "iso",
        "az058",
        "az079",
        "az153",
        "az264"
      ]
    },
    {
      "tile": "tile_003356",
      "variants": [
        "iso",
        "az035",
        "az059",
        "az174",
        "az283"
      ]
    },
    {
      "tile": "tile_017117",
      "variants": [
        "iso",
        "az027",
        "az123",
        "az173",
        "az344"
      ]
    },
    {
      "tile": "tile_002875",
      "variants": [
        "iso",
        "az018",
        "az122",
        "az167",
        "az218"
      ]
    },
    {
      "tile": "tile_025705",
      "variants": [
        "iso",
        "az066",
        "az091",
        "az298",
        "az315"
      ]
    },
    {
      "tile": "tile_021580",
      "variants": [
        "iso",
        "az246",
        "az249",
        "az263",
        "az270"
      ]
    },
    {
      "tile": "tile_025624",
      "variants": [
        "iso",
        "az063",
        "az136",
        "az275",
        "az300"
      ]
    },
    {
      "tile": "tile_018750",
      "variants": [
        "iso",
        "az043",
        "az194",
        "az221",
        "az321"
      ]
    },
    {
      "tile": "tile_009200",
      "variants": [
        "iso",
        "az019",
        "az157",
        "az297",
        "az352"
      ]
    },
    {
      "tile": "tile_025313",
      "variants": [
        "iso",
        "az046",
        "az054",
        "az134",
        "az218"
      ]
    },
    {
      "tile": "tile_024889",
      "variants": [
        "iso",
        "az114",
        "az314",
        "az349",
        "az356"
      ]
    },
    {
      "tile": "tile_010877",
      "variants": [
        "iso",
        "az125",
        "az136",
        "az160",
        "az329"
      ]
    },
    {
      "tile": "tile_012696",
      "variants": [
        "iso",
        "az003",
        "az265",
        "az300",
        "az309"
      ]
    },
    {
      "tile": "tile_013506",
      "variants": [
        "iso",
        "az023",
        "az157",
        "az290",
        "az303"
      ]
    },
    {
      "tile": "tile_008038",
      "variants": [
        "iso",
        "az175",
        "az256",
        "az296",
        "az307"
      ]
    },
    {
      "tile": "tile_012723",
      "variants": [
        "iso",
        "az127",
        "az207",
        "az220",
        "az328"
      ]
    },
    {
      "tile": "tile_014578",
      "variants": [
        "iso",
        "az047",
        "az059",
        "az125",
        "az199"
      ]
    },
    {
      "tile": "tile_022022",
      "variants": [
        "iso",
        "az074",
        "az121",
        "az185",
        "az258"
      ]
    },
    {
      "tile": "tile_016851",
      "variants": [
        "iso",
        "az022",
        "az024",
        "az193",
        "az261"
      ]
    },
    {
      "tile": "tile_016235",
      "variants": [
        "iso",
        "az115",
        "az283",
        "az286",
        "az330"
      ]
    },
    {
      "tile": "tile_009458",
      "variants": [
        "iso",
        "az080",
        "az123",
        "az261",
        "az315"
      ]
    },
    {
      "tile": "tile_020932",
      "variants": [
        "iso",
        "az105",
        "az246",
        "az347",
        "az349"
      ]
    },
    {
      "tile": "tile_016607",
      "variants": [
        "iso",
        "az105",
        "az157",
        "az240",
        "az303"
      ]
    },
    {
      "tile": "tile_027244",
      "variants": [
        "iso",
        "az102",
        "az249",
        "az334",
        "az352"
      ]
    },
    {
      "tile": "tile_003288",
      "variants": [
        "iso",
        "az159",
        "az207",
        "az282",
        "az293"
      ]
    },
    {
      "tile": "tile_019749",
      "variants": [
        "iso",
        "az020",
        "az169",
        "az213",
        "az328"
      ]
    },
    {
      "tile": "tile_016120",
      "variants": [
        "iso",
        "az054",
        "az096",
        "az114",
        "az148"
      ]
    },
    {
      "tile": "tile_026498",
      "variants": [
        "iso",
        "az077",
        "az160",
        "az225",
        "az357"
      ]
    },
    {
      "tile": "tile_016315",
      "variants": [
        "iso",
        "az016",
        "az141",
        "az299",
        "az341"
      ]
    },
    {
      "tile": "tile_004615",
      "variants": [
        "iso",
        "az042",
        "az178",
        "az270",
        "az359"
      ]
    },
    {
      "tile": "tile_014879",
      "variants": [
        "iso",
        "az037",
        "az091",
        "az193",
        "az297"
      ]
    },
    {
      "tile": "tile_014011",
      "variants": [
        "iso",
        "az020",
        "az079",
        "az123",
        "az336"
      ]
    },
    {
      "tile": "tile_010176",
      "variants": [
        "iso",
        "az014",
        "az085",
        "az175",
        "az186"
      ]
    },
    {
      "tile": "tile_021637",
      "variants": [
        "iso",
        "az151",
        "az161",
        "az216",
        "az260"
      ]
    },
    {
      "tile": "tile_002018",
      "variants": [
        "iso",
        "az159",
        "az215",
        "az262",
        "az319"
      ]
    },
    {
      "tile": "tile_010987",
      "variants": [
        "iso",
        "az018",
        "az104",
        "az210",
        "az216"
      ]
    },
    {
      "tile": "tile_001111",
      "variants": [
        "iso",
        "az063",
        "az091",
        "az146",
        "az344"
      ]
    },
    {
      "tile": "tile_014359",
      "variants": [
        "iso",
        "az115",
        "az154",
        "az189",
        "az191"
      ]
    },
    {
      "tile": "tile_008683",
      "variants": [
        "iso",
        "az039",
        "az065",
        "az099",
        "az218"
      ]
    },
    {
      "tile": "tile_013820",
      "variants": [
        "iso",
        "az030",
        "az138",
        "az249",
        "az355"
      ]
    },
    {
      "tile": "tile_009315",
      "variants": [
        "iso",
        "az086",
        "az238",
        "az261",
        "az270"
      ]
    },
    {
      "tile": "tile_013387",
      "variants": [
        "iso",
        "az016",
        "az087",
        "az104",
        "az218"
      ]
    },
    {
      "tile": "tile_000601",
      "variants": [
        "iso",
        "az017",
        "az136",
        "az248",
        "az341"
      ]
    },
    {
      "tile": "tile_023846",
      "variants": [
        "iso",
        "az092",
        "az144",
        "az173",
        "az229"
      ]
    },
    {
      "tile": "tile_010990",
      "variants": [
        "iso",
        "az131",
        "az304",
        "az310",
        "az336"
      ]
    },
    {
      "tile": "tile_026501",
      "variants": [
        "iso",
        "az115",
        "az122",
        "az223",
        "az273"
      ]
    },
    {
      "tile": "tile_006536",
      "variants": [
        "iso",
        "az054",
        "az121",
        "az314",
        "az335"
      ]
    },
    {
      "tile": "tile_000308",
      "variants": [
        "iso",
        "az036",
        "az067",
        "az071",
        "az217"
      ]
    },
    {
      "tile": "tile_007779",
      "variants": [
        "iso",
        "az271",
        "az313",
        "az317",
        "az319"
      ]
    },
    {
      "tile": "tile_021907",
      "variants": [
        "iso",
        "az009",
        "az128",
        "az294",
        "az299"
      ]
    },
    {
      "tile": "tile_002329",
      "variants": [
        "iso",
        "az001",
        "az058",
        "az156",
        "az266"
      ]
    },
    {
      "tile": "tile_021556",
      "variants": [
        "iso",
        "az002",
        "az009",
        "az074",
        "az344"
      ]
    },
    {
      "tile": "tile_025159",
      "variants": [
        "iso",
        "az107",
        "az114",
        "az127",
        "az247"
      ]
    },
    {
      "tile": "tile_017940",
      "variants": [
        "iso",
        "az039",
        "az202",
        "az234",
        "az314"
      ]
    },
    {
      "tile": "tile_003109",
      "variants": [
        "iso",
        "az055",
        "az202",
        "az303",
        "az338"
      ]
    },
    {
      "tile": "tile_011234",
      "variants": [
        "iso",
        "az076",
        "az145",
        "az283",
        "az318"
      ]
    },
    {
      "tile": "tile_003293",
      "variants": [
        "iso",
        "az164",
        "az209",
        "az283",
        "az309"
      ]
    },
    {
      "tile": "tile_011203",
      "variants": [
        "iso",
        "az082",
        "az234",
        "az285",
        "az358"
      ]
    },
    {
      "tile": "tile_023121",
      "variants": [
        "iso",
        "az043",
        "az197",
        "az199",
        "az208"
      ]
    },
    {
      "tile": "tile_026097",
      "variants": [
        "iso",
        "az122",
        "az267",
        "az328",
        "az343"
      ]
    },
    {
      "tile": "tile_024226",
      "variants": [
        "iso",
        "az024",
        "az066",
        "az129",
        "az313"
      ]
    },
    {
      "tile": "tile_000292",
      "variants": [
        "iso",
        "az067",
        "az113",
        "az211",
        "az317"
      ]
    },
    {
      "tile": "tile_013326",
      "variants": [
        "iso",
        "az046",
        "az210",
        "az286",
        "az288"
      ]
    },
    {
      "tile": "tile_011463",
      "variants": [
        "iso",
        "az040",
        "az084",
        "az121",
        "az137"
      ]
    },
    {
      "tile": "tile_008405",
      "variants": [
        "iso",
        "az093",
        "az173",
        "az201",
        "az259"
      ]
    },
    {
      "tile": "tile_009646",
      "variants": [
        "iso",
        "az029",
        "az128",
        "az246",
        "az276"
      ]
    },
    {
      "tile": "tile_026186",
      "variants": [
        "iso",
        "az032",
        "az173",
        "az229",
        "az265"
      ]
    },
    {
      "tile": "tile_026041",
      "variants": [
        "iso",
        "az065",
        "az115",
        "az185",
        "az359"
      ]
    },
    {
      "tile": "tile_026216",
      "variants": [
        "iso",
        "az076",
        "az208",
        "az327",
        "az357"
      ]
    },
    {
      "tile": "tile_012868",
      "variants": [
        "iso",
        "az025",
        "az303",
        "az312",
        "az332"
      ]
    },
    {
      "tile": "tile_019049",
      "variants": [
        "iso",
        "az234",
        "az235",
        "az313",
        "az337"
      ]
    },
    {
      "tile": "tile_025549",
      "variants": [
        "iso",
        "az046",
        "az070",
        "az072",
        "az083"
      ]
    },
    {
      "tile": "tile_022464",
      "variants": [
        "iso",
        "az046",
        "az118",
        "az183",
        "az316"
      ]
    },
    {
      "tile": "tile_022848",
      "variants": [
        "iso",
        "az028",
        "az112",
        "az307",
        "az338"
      ]
    },
    {
      "tile": "tile_017997",
      "variants": [
        "iso",
        "az019",
        "az137",
        "az321",
        "az331"
      ]
    },
    {
      "tile": "tile_009423",
      "variants": [
        "iso",
        "az109",
        "az243",
        "az281",
        "az335"
      ]
    },
    {
      "tile": "tile_004955",
      "variants": [
        "iso",
        "az242",
        "az294",
        "az318",
        "az335"
      ]
    },
    {
      "tile": "tile_008932",
      "variants": [
        "iso",
        "az183",
        "az199",
        "az292",
        "az316"
      ]
    },
    {
      "tile": "tile_024795",
      "variants": [
        "iso",
        "az145",
        "az202",
        "az228",
        "az257"
      ]
    },
    {
      "tile": "tile_012590",
      "variants": [
        "iso",
        "az057",
        "az103",
        "az154",
        "az329"
      ]
    },
    {
      "tile": "tile_018759",
      "variants": [
        "iso",
        "az076",
        "az131",
        "az269",
        "az327"
      ]
    },
    {
      "tile": "tile_010361",
      "variants": [
        "iso",
        "az090",
        "az265",
        "az342",
        "az346"
      ]
    },
    {
      "tile": "tile_000172",
      "variants": [
        "iso",
        "az016",
        "az017",
        "az143",
        "az281"
      ]
    },
    {
      "tile": "tile_016204",
      "variants": [
        "iso",
        "az003",
        "az037",
        "az041",
        "az204"
      ]
    },
    {
      "tile": "tile_011021",
      "variants": [
        "iso",
        "az103",
        "az189",
        "az194",
        "az231"
      ]
    },
    {
      "tile": "tile_004253",
      "variants": [
        "iso",
        "az008",
        "az097",
        "az189",
        "az293"
      ]
    },
    {
      "tile": "tile_016236",
      "variants": [
        "iso",
        "az085",
        "az096",
        "az150",
        "az230"
      ]
    },
    {
      "tile": "tile_008912",
      "variants": [
        "iso",
        "az164",
        "az226",
        "az251",
        "az264"
      ]
    },
    {
      "tile": "tile_025061",
      "variants": [
        "iso",
        "az069",
        "az167",
        "az234",
        "az296"
      ]
    },
    {
      "tile": "tile_010143",
      "variants": [
        "iso",
        "az024",
        "az119",
        "az227",
        "az270"
      ]
    },
    {
      "tile": "tile_006551",
      "variants": [
        "iso",
        "az025",
        "az107",
        "az167",
        "az306"
      ]
    },
    {
      "tile": "tile_010404",
      "variants": [
        "iso",
        "az020",
        "az239",
        "az291",
        "az343"
      ]
    },
    {
      "tile": "tile_005329",
      "variants": [
        "iso",
        "az016",
        "az175",
        "az203",
        "az247"
      ]
    },
    {
      "tile": "tile_027315",
      "variants": [
        "iso",
        "az115",
        "az145",
        "az294",
        "az340"
      ]
    },
    {
      "tile": "tile_021558",
      "variants": [
        "iso",
        "az110",
        "az181",
        "az241",
        "az347"
      ]
    },
    {
      "tile": "tile_003365",
      "variants": [
        "iso",
        "az151",
        "az224",
        "az272",
        "az347"
      ]
    },
    {
      "tile": "tile_000164",
      "variants": [
        "iso",
        "az221",
        "az255",
        "az286",
        "az333"
      ]
    },
    {
      "tile": "tile_023455",
      "variants": [
        "iso",
        "az038",
        "az103",
        "az222",
        "az294"
      ]
    },
    {
      "tile": "tile_017665",
      "variants": [
        "iso",
        "az171",
        "az194",
        "az292",
        "az358"
      ]
    },
    {
      "tile": "tile_022382",
      "variants": [
        "iso",
        "az153",
        "az166",
        "az199",
        "az285"
      ]
    },
    {
      "tile": "tile_026533",
      "variants": [
        "iso",
        "az076",
        "az109",
        "az202",
        "az305"
      ]
    },
    {
      "tile": "tile_022882",
      "variants": [
        "iso",
        "az030",
        "az118",
        "az158",
        "az200"
      ]
    },
    {
      "tile": "tile_017327",
      "variants": [
        "iso",
        "az099",
        "az136",
        "az268",
        "az319"
      ]
    },
    {
      "tile": "tile_014865",
      "variants": [
        "iso",
        "az100",
        "az122",
        "az236",
        "az330"
      ]
    },
    {
      "tile": "tile_010431",
      "variants": [
        "iso",
        "az077",
        "az104",
        "az172",
        "az303"
      ]
    },
    {
      "tile": "tile_013547",
      "variants": [
        "iso",
        "az188",
        "az198",
        "az249",
        "az326"
      ]
    },
    {
      "tile": "tile_020888",
      "variants": [
        "iso",
        "az004",
        "az069",
        "az289",
        "az322"
      ]
    },
    {
      "tile": "tile_027055",
      "variants": [
        "iso",
        "az021",
        "az066",
        "az109",
        "az281"
      ]
    },
    {
      "tile": "tile_017418",
      "variants": [
        "iso",
        "az070",
        "az106",
        "az167",
        "az265"
      ]
    },
    {
      "tile": "tile_000645",
      "variants": [
        "iso",
        "az158",
        "az162",
        "az243",
        "az280"
      ]
    },
    {
      "tile": "tile_000434",
      "variants": [
        "iso",
        "az069",
        "az221",
        "az234",
        "az327"
      ]
    },
    {
      "tile": "tile_009518",
      "variants": [
        "iso",
        "az093",
        "az101",
        "az111",
        "az282"
      ]
    },
    {
      "tile": "tile_014248",
      "variants": [
        "iso",
        "az112",
        "az121",
        "az250",
        "az262"
      ]
    },
    {
      "tile": "tile_027235",
      "variants": [
        "iso",
        "az045",
        "az125",
        "az314",
        "az323"
      ]
    },
    {
      "tile": "tile_026931",
      "variants": [
        "iso",
        "az014",
        "az121",
        "az208",
        "az223"
      ]
    },
    {
      "tile": "tile_025791",
      "variants": [
        "iso",
        "az084",
        "az155",
        "az285",
        "az331"
      ]
    },
    {
      "tile": "tile_009192",
      "variants": [
        "iso",
        "az027",
        "az310",
        "az311",
        "az329"
      ]
    },
    {
      "tile": "tile_011025",
      "variants": [
        "iso",
        "az106",
        "az110",
        "az129",
        "az177"
      ]
    },
    {
      "tile": "tile_022959",
      "variants": [
        "iso",
        "az051",
        "az147",
        "az244",
        "az246"
      ]
    },
    {
      "tile": "tile_002987",
      "variants": [
        "iso",
        "az123",
        "az260",
        "az263",
        "az305"
      ]
    },
    {
      "tile": "tile_004235",
      "variants": [
        "iso",
        "az046",
        "az053",
        "az086",
        "az316"
      ]
    },
    {
      "tile": "tile_023681",
      "variants": [
        "iso",
        "az183",
        "az222",
        "az276",
        "az279"
      ]
    },
    {
      "tile": "tile_000568",
      "variants": [
        "iso",
        "az037",
        "az243",
        "az296",
        "az299"
      ]
    },
    {
      "tile": "tile_009302",
      "variants": [
        "iso",
        "az000",
        "az044",
        "az045",
        "az327"
      ]
    },
    {
      "tile": "tile_003106",
      "variants": [
        "iso",
        "az011",
        "az089",
        "az320",
        "az349"
      ]
    },
    {
      "tile": "tile_024691",
      "variants": [
        "iso",
        "az046",
        "az179",
        "az243",
        "az292"
      ]
    },
    {
      "tile": "tile_026814",
      "variants": [
        "iso",
        "az121",
        "az124",
        "az302",
        "az352"
      ]
    },
    {
      "tile": "tile_026826",
      "variants": [
        "iso",
        "az075",
        "az076",
        "az282",
        "az300"
      ]
    },
    {
      "tile": "tile_000669",
      "variants": [
        "iso",
        "az042",
        "az100",
        "az237",
        "az277"
      ]
    },
    {
      "tile": "tile_021563",
      "variants": [
        "iso",
        "az011",
        "az104",
        "az144",
        "az188"
      ]
    },
    {
      "tile": "tile_009861",
      "variants": [
        "iso",
        "az112",
        "az240",
        "az285",
        "az307"
      ]
    },
    {
      "tile": "tile_011691",
      "variants": [
        "iso",
        "az118",
        "az131",
        "az298",
        "az345"
      ]
    },
    {
      "tile": "tile_013029",
      "variants": [
        "iso",
        "az146",
        "az335",
        "az352",
        "az353"
      ]
    },
    {
      "tile": "tile_003822",
      "variants": [
        "iso",
        "az125",
        "az181",
        "az202",
        "az335"
      ]
    },
    {
      "tile": "tile_022652",
      "variants": [
        "iso",
        "az138",
        "az233",
        "az284",
        "az298"
      ]
    },
    {
      "tile": "tile_001196",
      "variants": [
        "iso",
        "az055",
        "az133",
        "az247",
        "az254"
      ]
    },
    {
      "tile": "tile_009867",
      "variants": [
        "iso",
        "az185",
        "az196",
        "az236",
        "az279"
      ]
    },
    {
      "tile": "tile_025369",
      "variants": [
        "iso",
        "az030",
        "az110",
        "az268",
        "az270"
      ]
    },
    {
      "tile": "tile_022282",
      "variants": [
        "iso",
        "az049",
        "az087",
        "az093",
        "az132"
      ]
    },
    {
      "tile": "tile_021023",
      "variants": [
        "iso",
        "az003",
        "az063",
        "az324",
        "az337"
      ]
    },
    {
      "tile": "tile_022418",
      "variants": [
        "iso",
        "az109",
        "az127",
        "az131",
        "az291"
      ]
    },
    {
      "tile": "tile_010847",
      "variants": [
        "iso",
        "az198",
        "az295",
        "az317",
        "az320"
      ]
    },
    {
      "tile": "tile_027258",
      "variants": [
        "iso",
        "az053",
        "az067",
        "az219",
        "az292"
      ]
    },
    {
      "tile": "tile_009701",
      "variants": [
        "iso",
        "az081",
        "az139",
        "az270",
        "az322"
      ]
    },
    {
      "tile": "tile_017776",
      "variants": [
        "iso",
        "az095",
        "az116",
        "az176",
        "az237"
      ]
    },
    {
      "tile": "tile_024191",
      "variants": [
        "iso",
        "az184",
        "az286",
        "az338",
        "az344"
      ]
    },
    {
      "tile": "tile_008023",
      "variants": [
        "iso",
        "az027",
        "az169",
        "az237",
        "az302"
      ]
    },
    {
      "tile": "tile_019479",
      "variants": [
        "iso",
        "az074",
        "az088",
        "az100",
        "az289"
      ]
    },
    {
      "tile": "tile_009205",
      "variants": [
        "iso",
        "az017",
        "az062",
        "az064",
        "az330"
      ]
    },
    {
      "tile": "tile_016806",
      "variants": [
        "iso",
        "az079",
        "az154",
        "az159",
        "az177"
      ]
    },
    {
      "tile": "tile_003898",
      "variants": [
        "iso",
        "az023",
        "az046",
        "az077",
        "az230"
      ]
    },
    {
      "tile": "tile_006769",
      "variants": [
        "iso",
        "az022",
        "az187",
        "az228",
        "az324"
      ]
    },
    {
      "tile": "tile_024123",
      "variants": [
        "iso",
        "az005",
        "az059",
        "az210",
        "az232"
      ]
    },
    {
      "tile": "tile_017214",
      "variants": [
        "iso",
        "az018",
        "az020",
        "az273",
        "az341"
      ]
    },
    {
      "tile": "tile_002312",
      "variants": [
        "iso",
        "az051",
        "az111",
        "az129",
        "az241"
      ]
    },
    {
      "tile": "tile_027056",
      "variants": [
        "iso",
        "az000",
        "az048",
        "az175",
        "az220"
      ]
    },
    {
      "tile": "tile_009063",
      "variants": [
        "iso",
        "az044",
        "az217",
        "az276",
        "az290"
      ]
    },
    {
      "tile": "tile_002732",
      "variants": [
        "iso",
        "az109",
        "az246",
        "az262",
        "az298"
      ]
    },
    {
      "tile": "tile_023463",
      "variants": [
        "iso",
        "az022",
        "az197",
        "az308",
        "az321"
      ]
    },
    {
      "tile": "tile_014176",
      "variants": [
        "iso",
        "az027",
        "az170",
        "az176",
        "az338"
      ]
    },
    {
      "tile": "tile_011367",
      "variants": [
        "iso",
        "az048",
        "az120",
        "az140",
        "az205"
      ]
    },
    {
      "tile": "tile_019707",
      "variants": [
        "iso",
        "az012",
        "az047",
        "az301",
        "az308"
      ]
    },
    {
      "tile": "tile_010127",
      "variants": [
        "iso",
        "az125",
        "az156",
        "az186",
        "az353"
      ]
    },
    {
      "tile": "tile_012685",
      "variants": [
        "iso",
        "az044",
        "az207",
        "az253",
        "az347"
      ]
    },
    {
      "tile": "tile_027252",
      "variants": [
        "iso",
        "az045",
        "az087",
        "az151",
        "az253"
      ]
    },
    {
      "tile": "tile_010649",
      "variants": [
        "iso",
        "az026",
        "az215",
        "az323",
        "az327"
      ]
    },
    {
      "tile": "tile_014253",
      "variants": [
        "iso",
        "az058",
        "az135",
        "az167",
        "az232"
      ]
    },
    {
      "tile": "tile_025987",
      "variants": [
        "iso",
        "az009",
        "az012",
        "az130",
        "az281"
      ]
    },
    {
      "tile": "tile_019317",
      "variants": [
        "iso",
        "az105",
        "az123",
        "az200",
        "az323"
      ]
    },
    {
      "tile": "tile_007388",
      "variants": [
        "iso",
        "az053",
        "az107",
        "az311",
        "az312"
      ]
    },
    {
      "tile": "tile_000402",
      "variants": [
        "iso",
        "az011",
        "az097",
        "az118",
        "az164"
      ]
    },
    {
      "tile": "tile_016304",
      "variants": [
        "iso",
        "az090",
        "az271",
        "az282",
        "az307"
      ]
    },
    {
      "tile": "tile_002769",
      "variants": [
        "iso",
        "az021",
        "az044",
        "az165",
        "az293"
      ]
    },
    {
      "tile": "tile_008097",
      "variants": [
        "iso",
        "az027",
        "az114",
        "az242",
        "az292"
      ]
    },
    {
      "tile": "tile_009424",
      "variants": [
        "iso",
        "az127",
        "az270",
        "az299",
        "az329"
      ]
    },
    {
      "tile": "tile_011059",
      "variants": [
        "iso",
        "az057",
        "az157",
        "az235",
        "az356"
      ]
    },
    {
      "tile": "tile_026587",
      "variants": [
        "iso",
        "az039",
        "az207",
        "az294",
        "az351"
      ]
    },
    {
      "tile": "tile_016451",
      "variants": [
        "iso",
        "az082",
        "az192",
        "az236",
        "az302"
      ]
    },
    {
      "tile": "tile_000042",
      "variants": [
        "iso",
        "az012",
        "az104",
        "az346",
        "az348"
      ]
    },
    {
      "tile": "tile_001658",
      "variants": [
        "iso",
        "az049",
        "az200",
        "az214",
        "az334"
      ]
    },
    {
      "tile": "tile_004857",
      "variants": [
        "iso",
        "az026",
        "az101",
        "az157",
        "az201"
      ]
    },
    {
      "tile": "tile_023272",
      "variants": [
        "iso",
        "az077",
        "az083",
        "az092",
        "az184"
      ]
    },
    {
      "tile": "tile_003469",
      "variants": [
        "iso",
        "az112",
        "az115",
        "az142",
        "az211"
      ]
    },
    {
      "tile": "tile_024571",
      "variants": [
        "iso",
        "az025",
        "az100",
        "az127",
        "az312"
      ]
    },
    {
      "tile": "tile_006305",
      "variants": [
        "iso",
        "az017",
        "az283",
        "az309",
        "az337"
      ]
    },
    {
      "tile": "tile_008590",
      "variants": [
        "iso",
        "az083",
        "az117",
        "az197",
        "az347"
      ]
    },
    {
      "tile": "tile_011972",
      "variants": [
        "iso",
        "az006",
        "az230",
        "az315",
        "az354"
      ]
    },
    {
      "tile": "tile_020325",
      "variants": [
        "iso",
        "az109",
        "az112",
        "az136",
        "az137"
      ]
    },
    {
      "tile": "tile_018362",
      "variants": [
        "iso",
        "az056",
        "az137",
        "az160",
        "az175"
      ]
    },
    {
      "tile": "tile_011973",
      "variants": [
        "iso",
        "az003",
        "az143",
        "az186",
        "az279"
      ]
    },
    {
      "tile": "tile_006797",
      "variants": [
        "iso",
        "az151",
        "az225",
        "az236",
        "az302"
      ]
    },
    {
      "tile": "tile_025523",
      "variants": [
        "iso",
        "az049",
        "az131",
        "az179",
        "az356"
      ]
    },
    {
      "tile": "tile_000924",
      "variants": [
        "iso",
        "az136",
        "az190",
        "az245",
        "az317"
      ]
    },
    {
      "tile": "tile_024545",
      "variants": [
        "iso",
        "az097",
        "az168",
        "az328",
        "az357"
      ]
    },
    {
      "tile": "tile_008479",
      "variants": [
        "iso",
        "az041",
        "az092",
        "az105",
        "az255"
      ]
    },
    {
      "tile": "tile_011075",
      "variants": [
        "iso",
        "az002",
        "az024",
        "az027",
        "az182"
      ]
    },
    {
      "tile": "tile_003298",
      "variants": [
        "iso",
        "az106",
        "az158",
        "az172",
        "az302"
      ]
    },
    {
      "tile": "tile_019343",
      "variants": [
        "iso",
        "az158",
        "az193",
        "az210",
        "az282"
      ]
    },
    {
      "tile": "tile_004973",
      "variants": [
        "iso",
        "az051",
        "az176",
        "az277",
        "az301"
      ]
    },
    {
      "tile": "tile_023505",
      "variants": [
        "iso",
        "az115",
        "az118",
        "az274",
        "az299"
      ]
    },
    {
      "tile": "tile_020155",
      "variants": [
        "iso",
        "az256",
        "az267",
        "az293",
        "az343"
      ]
    },
    {
      "tile": "tile_013781",
      "variants": [
        "iso",
        "az142",
        "az169",
        "az298",
        "az349"
      ]
    },
    {
      "tile": "tile_010092",
      "variants": [
        "iso",
        "az000",
        "az062",
        "az073",
        "az279"
      ]
    },
    {
      "tile": "tile_009584",
      "variants": [
        "iso",
        "az081",
        "az176",
        "az231",
        "az247"
      ]
    },
    {
      "tile": "tile_018755",
      "variants": [
        "iso",
        "az171",
        "az215",
        "az250",
        "az343"
      ]
    },
    {
      "tile": "tile_017535",
      "variants": [
        "iso",
        "az025",
        "az260",
        "az271",
        "az288"
      ]
    },
    {
      "tile": "tile_009895",
      "variants": [
        "iso",
        "az014",
        "az022",
        "az173",
        "az305"
      ]
    },
    {
      "tile": "tile_005430",
      "variants": [
        "iso",
        "az047",
        "az100",
        "az228",
        "az278"
      ]
    },
    {
      "tile": "tile_009651",
      "variants": [
        "iso",
        "az041",
        "az119",
        "az176",
        "az192"
      ]
    },
    {
      "tile": "tile_002788",
      "variants": [
        "iso",
        "az024",
        "az032",
        "az330",
        "az357"
      ]
    },
    {
      "tile": "tile_013861",
      "variants": [
        "iso",
        "az085",
        "az139",
        "az214",
        "az347"
      ]
    },
    {
      "tile": "tile_007803",
      "variants": [
        "iso",
        "az062",
        "az074",
        "az311",
        "az314"
      ]
    },
    {
      "tile": "tile_026658",
      "variants": [
        "iso",
        "az071",
        "az083",
        "az190",
        "az193"
      ]
    },
    {
      "tile": "tile_020690",
      "variants": [
        "iso",
        "az067",
        "az108",
        "az234",
        "az278"
      ]
    },
    {
      "tile": "tile_007909",
      "variants": [
        "iso",
        "az010",
        "az297",
        "az310",
        "az330"
      ]
    },
    {
      "tile": "tile_027045",
      "variants": [
        "iso",
        "az049",
        "az215",
        "az251",
        "az271"
      ]
    },
    {
      "tile": "tile_015904",
      "variants": [
        "iso",
        "az021",
        "az053",
        "az148",
        "az219"
      ]
    },
    {
      "tile": "tile_026004",
      "variants": [
        "iso",
        "az093",
        "az108",
        "az189",
        "az306"
      ]
    },
    {
      "tile": "tile_009487",
      "variants": [
        "iso",
        "az014",
        "az035",
        "az088",
        "az170"
      ]
    },
    {
      "tile": "tile_026584",
      "variants": [
        "iso",
        "az046",
        "az173",
        "az308",
        "az344"
      ]
    },
    {
      "tile": "tile_010062",
      "variants": [
        "iso",
        "az190",
        "az272",
        "az325",
        "az353"
      ]
    },
    {
      "tile": "tile_002410",
      "variants": [
        "iso",
        "az175",
        "az229",
        "az231",
        "az338"
      ]
    },
    {
      "tile": "tile_024966",
      "variants": [
        "iso",
        "az026",
        "az084",
        "az202",
        "az222"
      ]
    },
    {
      "tile": "tile_012177",
      "variants": [
        "iso",
        "az040",
        "az086",
        "az139",
        "az161"
      ]
    },
    {
      "tile": "tile_024355",
      "variants": [
        "iso",
        "az040",
        "az044",
        "az163",
        "az179"
      ]
    },
    {
      "tile": "tile_026287",
      "variants": [
        "iso",
        "az043",
        "az185",
        "az247",
        "az331"
      ]
    },
    {
      "tile": "tile_017794",
      "variants": [
        "iso",
        "az036",
        "az234",
        "az271",
        "az330"
      ]
    },
    {
      "tile": "tile_015041",
      "variants": [
        "iso",
        "az108",
        "az126",
        "az144",
        "az349"
      ]
    },
    {
      "tile": "tile_008384",
      "variants": [
        "iso",
        "az162",
        "az267",
        "az269",
        "az352"
      ]
    },
    {
      "tile": "tile_003591",
      "variants": [
        "iso",
        "az085",
        "az209",
        "az329",
        "az331"
      ]
    },
    {
      "tile": "tile_017508",
      "variants": [
        "iso",
        "az042",
        "az063",
        "az142",
        "az178"
      ]
    },
    {
      "tile": "tile_026228",
      "variants": [
        "iso",
        "az204",
        "az228",
        "az289",
        "az340"
      ]
    },
    {
      "tile": "tile_006588",
      "variants": [
        "iso",
        "az044",
        "az265",
        "az307",
        "az322"
      ]
    },
    {
      "tile": "tile_003795",
      "variants": [
        "iso",
        "az205",
        "az217",
        "az323",
        "az339"
      ]
    },
    {
      "tile": "tile_027306",
      "variants": [
        "iso",
        "az024",
        "az202",
        "az264",
        "az329"
      ]
    },
    {
      "tile": "tile_017142",
      "variants": [
        "iso",
        "az075",
        "az135",
        "az138",
        "az351"
      ]
    },
    {
      "tile": "tile_002331",
      "variants": [
        "iso",
        "az022",
        "az074",
        "az194",
        "az219"
      ]
    },
    {
      "tile": "tile_016173",
      "variants": [
        "iso",
        "az019",
        "az104",
        "az154",
        "az241"
      ]
    },
    {
      "tile": "tile_000553",
      "variants": [
        "iso",
        "az049",
        "az169",
        "az206",
        "az307"
      ]
    },
    {
      "tile": "tile_006599",
      "variants": [
        "iso",
        "az151",
        "az166",
        "az214",
        "az278"
      ]
    },
    {
      "tile": "tile_016107",
      "variants": [
        "iso",
        "az035",
        "az102",
        "az165",
        "az247"
      ]
    },
    {
      "tile": "tile_021709",
      "variants": [
        "iso",
        "az006",
        "az133",
        "az172",
        "az228"
      ]
    },
    {
      "tile": "tile_026506",
      "variants": [
        "iso",
        "az039",
        "az041",
        "az077",
        "az280"
      ]
    },
    {
      "tile": "tile_002862",
      "variants": [
        "iso",
        "az023",
        "az120",
        "az207",
        "az223"
      ]
    },
    {
      "tile": "tile_016985",
      "variants": [
        "iso",
        "az081",
        "az082",
        "az329",
        "az358"
      ]
    },
    {
      "tile": "tile_000393",
      "variants": [
        "iso",
        "az022",
        "az080",
        "az186",
        "az288"
      ]
    },
    {
      "tile": "tile_020785",
      "variants": [
        "iso",
        "az156",
        "az159",
        "az252",
        "az292"
      ]
    },
    {
      "tile": "tile_011159",
      "variants": [
        "iso",
        "az059",
        "az097",
        "az212",
        "az338"
      ]
    },
    {
      "tile": "tile_018168",
      "variants": [
        "iso",
        "az010",
        "az093",
        "az147",
        "az342"
      ]
    },
    {
      "tile": "tile_010687",
      "variants": [
        "iso",
        "az026",
        "az075",
        "az078",
        "az252"
      ]
    },
    {
      "tile": "tile_006663",
      "variants": [
        "iso",
        "az073",
        "az138",
        "az209",
        "az229"
      ]
    },
    {
      "tile": "tile_019032",
      "variants": [
        "iso",
        "az043",
        "az128",
        "az294",
        "az327"
      ]
    },
    {
      "tile": "tile_017370",
      "variants": [
        "iso",
        "az006",
        "az148",
        "az202",
        "az347"
      ]
    },
    {
      "tile": "tile_002357",
      "variants": [
        "iso",
        "az003",
        "az097",
        "az213",
        "az242"
      ]
    },
    {
      "tile": "tile_026509",
      "variants": [
        "iso",
        "az087",
        "az164",
        "az348",
        "az353"
      ]
    },
    {
      "tile": "tile_003473",
      "variants": [
        "iso",
        "az037",
        "az196",
        "az216",
        "az277"
      ]
    },
    {
      "tile": "tile_027353",
      "variants": [
        "iso",
        "az011",
        "az077",
        "az171",
        "az275"
      ]
    },
    {
      "tile": "tile_010080",
      "variants": [
        "iso",
        "az041",
        "az125",
        "az226",
        "az243"
      ]
    },
    {
      "tile": "tile_002534",
      "variants": [
        "iso",
        "az007",
        "az043",
        "az288",
        "az301"
      ]
    },
    {
      "tile": "tile_018729",
      "variants": [
        "iso",
        "az054",
        "az120",
        "az214",
        "az356"
      ]
    },
    {
      "tile": "tile_020390",
      "variants": [
        "iso",
        "az180",
        "az217",
        "az281",
        "az301"
      ]
    },
    {
      "tile": "tile_006637",
      "variants": [
        "iso",
        "az170",
        "az202",
        "az242",
        "az252"
      ]
    },
    {
      "tile": "tile_007618",
      "variants": [
        "iso",
        "az005",
        "az162",
        "az247",
        "az327"
      ]
    },
    {
      "tile": "tile_024403",
      "variants": [
        "iso",
        "az011",
        "az144",
        "az193",
        "az265"
      ]
    },
    {
      "tile": "tile_018211",
      "variants": [
        "iso",
        "az004",
        "az014",
        "az046",
        "az354"
      ]
    },
    {
      "tile": "tile_009522",
      "variants": [
        "iso",
        "az049",
        "az174",
        "az181",
        "az329"
      ]
    },
    {
      "tile": "tile_010931",
      "variants": [
        "iso",
        "az021",
        "az074",
        "az109",
        "az190"
      ]
    },
    {
      "tile": "tile_009347",
      "variants": [
        "iso",
        "az068",
        "az109",
        "az211",
        "az306"
      ]
    },
    {
      "tile": "tile_008134",
      "variants": [
        "iso",
        "az167",
        "az189",
        "az222",
        "az298"
      ]
    },
    {
      "tile": "tile_007668",
      "variants": [
        "iso",
        "az231",
        "az258",
        "az270",
        "az276"
      ]
    },
    {
      "tile": "tile_011124",
      "variants": [
        "iso",
        "az160",
        "az166",
        "az253",
        "az320"
      ]
    },
    {
      "tile": "tile_017858",
      "variants": [
        "iso",
        "az053",
        "az143",
        "az174",
        "az265"
      ]
    },
    {
      "tile": "tile_004719",
      "variants": [
        "iso",
        "az059",
        "az138",
        "az185",
        "az252"
      ]
    },
    {
      "tile": "tile_005090",
      "variants": [
        "iso",
        "az111",
        "az189",
        "az225",
        "az305"
      ]
    },
    {
      "tile": "tile_024861",
      "variants": [
        "iso",
        "az067",
        "az099",
        "az207",
        "az326"
      ]
    },
    {
      "tile": "tile_001603",
      "variants": [
        "iso",
        "az132",
        "az221",
        "az258",
        "az340"
      ]
    },
    {
      "tile": "tile_009665",
      "variants": [
        "iso",
        "az053",
        "az075",
        "az121",
        "az247"
      ]
    },
    {
      "tile": "tile_011963",
      "variants": [
        "iso",
        "az185",
        "az245",
        "az327",
        "az330"
      ]
    },
    {
      "tile": "tile_000522",
      "variants": [
        "iso",
        "az113",
        "az185",
        "az277",
        "az342"
      ]
    },
    {
      "tile": "tile_002756",
      "variants": [
        "iso",
        "az019",
        "az029",
        "az168",
        "az212"
      ]
    },
    {
      "tile": "tile_003827",
      "variants": [
        "iso",
        "az187",
        "az246",
        "az337",
        "az358"
      ]
    },
    {
      "tile": "tile_001202",
      "variants": [
        "iso",
        "az026",
        "az043",
        "az142",
        "az174"
      ]
    },
    {
      "tile": "tile_012934",
      "variants": [
        "iso",
        "az068",
        "az158",
        "az218",
        "az226"
      ]
    },
    {
      "tile": "tile_004473",
      "variants": [
        "iso",
        "az065",
        "az216",
        "az231",
        "az355"
      ]
    },
    {
      "tile": "tile_020651",
      "variants": [
        "iso",
        "az017",
        "az046",
        "az207",
        "az294"
      ]
    },
    {
      "tile": "tile_027340",
      "variants": [
        "iso",
        "az079",
        "az139",
        "az187",
        "az358"
      ]
    },
    {
      "tile": "tile_002282",
      "variants": [
        "iso",
        "az004",
        "az132",
        "az248",
        "az272"
      ]
    },
    {
      "tile": "tile_009114",
      "variants": [
        "iso",
        "az019",
        "az130",
        "az148",
        "az344"
      ]
    },
    {
      "tile": "tile_022567",
      "variants": [
        "iso",
        "az121",
        "az178",
        "az184",
        "az188"
      ]
    },
    {
      "tile": "tile_003398",
      "variants": [
        "iso",
        "az173",
        "az295",
        "az308",
        "az332"
      ]
    },
    {
      "tile": "tile_008543",
      "variants": [
        "iso",
        "az162",
        "az217",
        "az223",
        "az332"
      ]
    },
    {
      "tile": "tile_015720",
      "variants": [
        "iso",
        "az015",
        "az174",
        "az231",
        "az251"
      ]
    },
    {
      "tile": "tile_021918",
      "variants": [
        "iso",
        "az068",
        "az090",
        "az217",
        "az269"
      ]
    },
    {
      "tile": "tile_002664",
      "variants": [
        "iso",
        "az047",
        "az059",
        "az139",
        "az228"
      ]
    },
    {
      "tile": "tile_026038",
      "variants": [
        "iso",
        "az042",
        "az105",
        "az231",
        "az234"
      ]
    },
    {
      "tile": "tile_011096",
      "variants": [
        "iso",
        "az005",
        "az061",
        "az325",
        "az329"
      ]
    },
    {
      "tile": "tile_005008",
      "variants": [
        "iso",
        "az047",
        "az241",
        "az324",
        "az338"
      ]
    },
    {
      "tile": "tile_016969",
      "variants": [
        "iso",
        "az136",
        "az192",
        "az243",
        "az300"
      ]
    },
    {
      "tile": "tile_005072",
      "variants": [
        "iso",
        "az027",
        "az124",
        "az160",
        "az213"
      ]
    },
    {
      "tile": "tile_027039",
      "variants": [
        "iso",
        "az133",
        "az201",
        "az308",
        "az328"
      ]
    },
    {
      "tile": "tile_008378",
      "variants": [
        "iso",
        "az075",
        "az085",
        "az236",
        "az326"
      ]
    },
    {
      "tile": "tile_000049",
      "variants": [
        "iso",
        "az127",
        "az212",
        "az217",
        "az253"
      ]
    },
    {
      "tile": "tile_004007",
      "variants": [
        "iso",
        "az000",
        "az161",
        "az178",
        "az198"
      ]
    },
    {
      "tile": "tile_012634",
      "variants": [
        "iso",
        "az044",
        "az202",
        "az259",
        "az340"
      ]
    },
    {
      "tile": "tile_007108",
      "variants": [
        "iso",
        "az061",
        "az183",
        "az264",
        "az322"
      ]
    },
    {
      "tile": "tile_021517",
      "variants": [
        "iso",
        "az018",
        "az109",
        "az161",
        "az232"
      ]
    },
    {
      "tile": "tile_002518",
      "variants": [
        "iso",
        "az155",
        "az249",
        "az265",
        "az348"
      ]
    },
    {
      "tile": "tile_002821",
      "variants": [
        "iso",
        "az001",
        "az090",
        "az100",
        "az238"
      ]
    },
    {
      "tile": "tile_009534",
      "variants": [
        "iso",
        "az128",
        "az215",
        "az311",
        "az315"
      ]
    },
    {
      "tile": "tile_000245",
      "variants": [
        "iso",
        "az077",
        "az081",
        "az200",
        "az300"
      ]
    },
    {
      "tile": "tile_027222",
      "variants": [
        "iso",
        "az193",
        "az235",
        "az313",
        "az315"
      ]
    },
    {
      "tile": "tile_026675",
      "variants": [
        "iso",
        "az097",
        "az157",
        "az182",
        "az199"
      ]
    },
    {
      "tile": "tile_005328",
      "variants": [
        "iso",
        "az112",
        "az181",
        "az226",
        "az231"
      ]
    },
    {
      "tile": "tile_006619",
      "variants": [
        "iso",
        "az002",
        "az113",
        "az151",
        "az305"
      ]
    },
    {
      "tile": "tile_002393",
      "variants": [
        "iso",
        "az025",
        "az087",
        "az295",
        "az339"
      ]
    },
    {
      "tile": "tile_005649",
      "variants": [
        "iso",
        "az066",
        "az149",
        "az276",
        "az328"
      ]
    },
    {
      "tile": "tile_027212",
      "variants": [
        "iso",
        "az057",
        "az137",
        "az235",
        "az300"
      ]
    },
    {
      "tile": "tile_021690",
      "variants": [
        "iso",
        "az138",
        "az224",
        "az289",
        "az352"
      ]
    },
    {
      "tile": "tile_020464",
      "variants": [
        "iso",
        "az050",
        "az064",
        "az125",
        "az250"
      ]
    },
    {
      "tile": "tile_024840",
      "variants": [
        "iso",
        "az044",
        "az118",
        "az165",
        "az188"
      ]
    },
    {
      "tile": "tile_023858",
      "variants": [
        "iso",
        "az088",
        "az094",
        "az275",
        "az358"
      ]
    },
    {
      "tile": "tile_022511",
      "variants": [
        "iso",
        "az046",
        "az156",
        "az196",
        "az269"
      ]
    },
    {
      "tile": "tile_027070",
      "variants": [
        "iso",
        "az009",
        "az034",
        "az042",
        "az311"
      ]
    },
    {
      "tile": "tile_021752",
      "variants": [
        "iso",
        "az115",
        "az127",
        "az279",
        "az312"
      ]
    },
    {
      "tile": "tile_003349",
      "variants": [
        "iso",
        "az103",
        "az117",
        "az314",
        "az330"
      ]
    },
    {
      "tile": "tile_006631",
      "variants": [
        "iso",
        "az105",
        "az159",
        "az203",
        "az331"
      ]
    },
    {
      "tile": "tile_000689",
      "variants": [
        "iso",
        "az094",
        "az305",
        "az314",
        "az337"
      ]
    },
    {
      "tile": "tile_019323",
      "variants": [
        "iso",
        "az086",
        "az096",
        "az164",
        "az217"
      ]
    },
    {
      "tile": "tile_019465",
      "variants": [
        "iso",
        "az154",
        "az168",
        "az299",
        "az341"
      ]
    },
    {
      "tile": "tile_015952",
      "variants": [
        "iso",
        "az075",
        "az112",
        "az124",
        "az217"
      ]
    },
    {
      "tile": "tile_004935",
      "variants": [
        "iso",
        "az027",
        "az152",
        "az218",
        "az260"
      ]
    },
    {
      "tile": "tile_008599",
      "variants": [
        "iso",
        "az193",
        "az258",
        "az291",
        "az296"
      ]
    },
    {
      "tile": "tile_016954",
      "variants": [
        "iso",
        "az032",
        "az158",
        "az213",
        "az316"
      ]
    },
    {
      "tile": "tile_026404",
      "variants": [
        "iso",
        "az036",
        "az104",
        "az221",
        "az225"
      ]
    },
    {
      "tile": "tile_017760",
      "variants": [
        "iso",
        "az033",
        "az056",
        "az114",
        "az357"
      ]
    },
    {
      "tile": "tile_003544",
      "variants": [
        "iso",
        "az033",
        "az175",
        "az203",
        "az208"
      ]
    },
    {
      "tile": "tile_025725",
      "variants": [
        "iso",
        "az083",
        "az084",
        "az169",
        "az340"
      ]
    },
    {
      "tile": "tile_002144",
      "variants": [
        "iso",
        "az211",
        "az270",
        "az304",
        "az320"
      ]
    },
    {
      "tile": "tile_026059",
      "variants": [
        "iso",
        "az017",
        "az018",
        "az028",
        "az078"
      ]
    },
    {
      "tile": "tile_003123",
      "variants": [
        "iso",
        "az034",
        "az065",
        "az186",
        "az292"
      ]
    },
    {
      "tile": "tile_020242",
      "variants": [
        "iso",
        "az066",
        "az094",
        "az166",
        "az230"
      ]
    },
    {
      "tile": "tile_005074",
      "variants": [
        "iso",
        "az016",
        "az097",
        "az143",
        "az145"
      ]
    },
    {
      "tile": "tile_019815",
      "variants": [
        "iso",
        "az211",
        "az281",
        "az311",
        "az344"
      ]
    },
    {
      "tile": "tile_001130",
      "variants": [
        "iso",
        "az055",
        "az116",
        "az180",
        "az298"
      ]
    },
    {
      "tile": "tile_026743",
      "variants": [
        "iso",
        "az135",
        "az152",
        "az229",
        "az339"
      ]
    },
    {
      "tile": "tile_003517",
      "variants": [
        "iso",
        "az178",
        "az228",
        "az234",
        "az246"
      ]
    },
    {
      "tile": "tile_009445",
      "variants": [
        "iso",
        "az036",
        "az058",
        "az132",
        "az345"
      ]
    },
    {
      "tile": "tile_014582",
      "variants": [
        "iso",
        "az053",
        "az078",
        "az203",
        "az207"
      ]
    },
    {
      "tile": "tile_023632",
      "variants": [
        "iso",
        "az002",
        "az194",
        "az226",
        "az339"
      ]
    },
    {
      "tile": "tile_012560",
      "variants": [
        "iso",
        "az094",
        "az122",
        "az187",
        "az199"
      ]
    },
    {
      "tile": "tile_021651",
      "variants": [
        "iso",
        "az065",
        "az211",
        "az225",
        "az357"
      ]
    },
    {
      "tile": "tile_013582",
      "variants": [
        "iso",
        "az009",
        "az123",
        "az175",
        "az303"
      ]
    },
    {
      "tile": "tile_005355",
      "variants": [
        "iso",
        "az190",
        "az192",
        "az194",
        "az337"
      ]
    },
    {
      "tile": "tile_023268",
      "variants": [
        "iso",
        "az061",
        "az181",
        "az275",
        "az342"
      ]
    },
    {
      "tile": "tile_008724",
      "variants": [
        "iso",
        "az033",
        "az184",
        "az198",
        "az200"
      ]
    },
    {
      "tile": "tile_006821",
      "variants": [
        "iso",
        "az098",
        "az109",
        "az190",
        "az207"
      ]
    },
    {
      "tile": "tile_004826",
      "variants": [
        "iso",
        "az070",
        "az157",
        "az167",
        "az172"
      ]
    },
    {
      "tile": "tile_025580",
      "variants": [
        "iso",
        "az274",
        "az278",
        "az287",
        "az308"
      ]
    },
    {
      "tile": "tile_008628",
      "variants": [
        "iso",
        "az165",
        "az186",
        "az232",
        "az265"
      ]
    },
    {
      "tile": "tile_019089",
      "variants": [
        "iso",
        "az075",
        "az129",
        "az150",
        "az234"
      ]
    },
    {
      "tile": "tile_026874",
      "variants": [
        "iso",
        "az047",
        "az289",
        "az300",
        "az324"
      ]
    },
    {
      "tile": "tile_027065",
      "variants": [
        "iso",
        "az015",
        "az070",
        "az099",
        "az204"
      ]
    },
    {
      "tile": "tile_013456",
      "variants": [
        "iso",
        "az162",
        "az201",
        "az268",
        "az327"
      ]
    },
    {
      "tile": "tile_022334",
      "variants": [
        "iso",
        "az102",
        "az183",
        "az242",
        "az274"
      ]
    },
    {
      "tile": "tile_026232",
      "variants": [
        "iso",
        "az026",
        "az168",
        "az263",
        "az296"
      ]
    },
    {
      "tile": "tile_020354",
      "variants": [
        "iso",
        "az097",
        "az174",
        "az235",
        "az274"
      ]
    },
    {
      "tile": "tile_026188",
      "variants": [
        "iso",
        "az020",
        "az064",
        "az247",
        "az339"
      ]
    },
    {
      "tile": "tile_020981",
      "variants": [
        "iso",
        "az135",
        "az243",
        "az249",
        "az250"
      ]
    },
    {
      "tile": "tile_002366",
      "variants": [
        "iso",
        "az048",
        "az214",
        "az270",
        "az285"
      ]
    },
    {
      "tile": "tile_014911",
      "variants": [
        "iso",
        "az060",
        "az109",
        "az242",
        "az282"
      ]
    },
    {
      "tile": "tile_020599",
      "variants": [
        "iso",
        "az194",
        "az195",
        "az338",
        "az343"
      ]
    },
    {
      "tile": "tile_013611",
      "variants": [
        "iso",
        "az001",
        "az039",
        "az168",
        "az245"
      ]
    },
    {
      "tile": "tile_011165",
      "variants": [
        "iso",
        "az215",
        "az281",
        "az285",
        "az297"
      ]
    },
    {
      "tile": "tile_002578",
      "variants": [
        "iso",
        "az057",
        "az078",
        "az304",
        "az305"
      ]
    },
    {
      "tile": "tile_021792",
      "variants": [
        "iso",
        "az076",
        "az269",
        "az305",
        "az345"
      ]
    },
    {
      "tile": "tile_022971",
      "variants": [
        "iso",
        "az046",
        "az195",
        "az222",
        "az252"
      ]
    },
    {
      "tile": "tile_024578",
      "variants": [
        "iso",
        "az029",
        "az030",
        "az193",
        "az311"
      ]
    },
    {
      "tile": "tile_017087",
      "variants": [
        "iso",
        "az006",
        "az076",
        "az095",
        "az264"
      ]
    },
    {
      "tile": "tile_007144",
      "variants": [
        "iso",
        "az017",
        "az066",
        "az235",
        "az325"
      ]
    },
    {
      "tile": "tile_008708",
      "variants": [
        "iso",
        "az160",
        "az308",
        "az334",
        "az359"
      ]
    },
    {
      "tile": "tile_002691",
      "variants": [
        "iso",
        "az061",
        "az094",
        "az204",
        "az220"
      ]
    },
    {
      "tile": "tile_009062",
      "variants": [
        "iso",
        "az077",
        "az174",
        "az233",
        "az311"
      ]
    },
    {
      "tile": "tile_011201",
      "variants": [
        "iso",
        "az029",
        "az116",
        "az191",
        "az225"
      ]
    },
    {
      "tile": "tile_006163",
      "variants": [
        "iso",
        "az126",
        "az243",
        "az320",
        "az333"
      ]
    },
    {
      "tile": "tile_012401",
      "variants": [
        "iso",
        "az181",
        "az199",
        "az214",
        "az271"
      ]
    },
    {
      "tile": "tile_002067",
      "variants": [
        "iso",
        "az095",
        "az309",
        "az322",
        "az353"
      ]
    },
    {
      "tile": "tile_015163",
      "variants": [
        "iso",
        "az009",
        "az176",
        "az216",
        "az262"
      ]
    },
    {
      "tile": "tile_017560",
      "variants": [
        "iso",
        "az030",
        "az141",
        "az301",
        "az320"
      ]
    },
    {
      "tile": "tile_027304",
      "variants": [
        "iso",
        "az147",
        "az225",
        "az254",
        "az273"
      ]
    },
    {
      "tile": "tile_010946",
      "variants": [
        "iso",
        "az015",
        "az024",
        "az074",
        "az139"
      ]
    },
    {
      "tile": "tile_008979",
      "variants": [
        "iso",
        "az020",
        "az141",
        "az289",
        "az346"
      ]
    },
    {
      "tile": "tile_010274",
      "variants": [
        "iso",
        "az001",
        "az019",
        "az066",
        "az214"
      ]
    },
    {
      "tile": "tile_006702",
      "variants": [
        "iso",
        "az120",
        "az145",
        "az248",
        "az301"
      ]
    },
    {
      "tile": "tile_010622",
      "variants": [
        "iso",
        "az066",
        "az152",
        "az159",
        "az165"
      ]
    },
    {
      "tile": "tile_018406",
      "variants": [
        "iso",
        "az029",
        "az073",
        "az267",
        "az317"
      ]
    },
    {
      "tile": "tile_004762",
      "variants": [
        "iso",
        "az061",
        "az307",
        "az314",
        "az321"
      ]
    },
    {
      "tile": "tile_022541",
      "variants": [
        "iso",
        "az217",
        "az222",
        "az259",
        "az275"
      ]
    },
    {
      "tile": "tile_022191",
      "variants": [
        "iso",
        "az000",
        "az015",
        "az228",
        "az259"
      ]
    },
    {
      "tile": "tile_011875",
      "variants": [
        "iso",
        "az102",
        "az242",
        "az269",
        "az342"
      ]
    },
    {
      "tile": "tile_007199",
      "variants": [
        "iso",
        "az041",
        "az089",
        "az158",
        "az243"
      ]
    },
    {
      "tile": "tile_020131",
      "variants": [
        "iso",
        "az046",
        "az076",
        "az084",
        "az237"
      ]
    },
    {
      "tile": "tile_007453",
      "variants": [
        "iso",
        "az062",
        "az183",
        "az333",
        "az339"
      ]
    },
    {
      "tile": "tile_009017",
      "variants": [
        "iso",
        "az014",
        "az059",
        "az272",
        "az307"
      ]
    },
    {
      "tile": "tile_008712",
      "variants": [
        "iso",
        "az235",
        "az273",
        "az279",
        "az332"
      ]
    },
    {
      "tile": "tile_009512",
      "variants": [
        "iso",
        "az002",
        "az198",
        "az201",
        "az269"
      ]
    },
    {
      "tile": "tile_016456",
      "variants": [
        "iso",
        "az004",
        "az140",
        "az152",
        "az323"
      ]
    },
    {
      "tile": "tile_020072",
      "variants": [
        "iso",
        "az143",
        "az260",
        "az270",
        "az273"
      ]
    },
    {
      "tile": "tile_010889",
      "variants": [
        "iso",
        "az196",
        "az254",
        "az308",
        "az319"
      ]
    },
    {
      "tile": "tile_018684",
      "variants": [
        "iso",
        "az036",
        "az067",
        "az227",
        "az255"
      ]
    },
    {
      "tile": "tile_009422",
      "variants": [
        "iso",
        "az050",
        "az067",
        "az147",
        "az199"
      ]
    },
    {
      "tile": "tile_016455",
      "variants": [
        "iso",
        "az047",
        "az127",
        "az270",
        "az297"
      ]
    },
    {
      "tile": "tile_025943",
      "variants": [
        "iso",
        "az079",
        "az222",
        "az303",
        "az311"
      ]
    },
    {
      "tile": "tile_000782",
      "variants": [
        "iso",
        "az092",
        "az173",
        "az220",
        "az359"
      ]
    },
    {
      "tile": "tile_025597",
      "variants": [
        "iso",
        "az216",
        "az243",
        "az326",
        "az353"
      ]
    },
    {
      "tile": "tile_013045",
      "variants": [
        "iso",
        "az250",
        "az285",
        "az341",
        "az344"
      ]
    },
    {
      "tile": "tile_026091",
      "variants": [
        "iso",
        "az003",
        "az158",
        "az274",
        "az279"
      ]
    },
    {
      "tile": "tile_021781",
      "variants": [
        "iso",
        "az032",
        "az155",
        "az274",
        "az306"
      ]
    },
    {
      "tile": "tile_022313",
      "variants": [
        "iso",
        "az064",
        "az140",
        "az246",
        "az247"
      ]
    },
    {
      "tile": "tile_009943",
      "variants": [
        "iso",
        "az063",
        "az234",
        "az236",
        "az268"
      ]
    },
    {
      "tile": "tile_018560",
      "variants": [
        "iso",
        "az056",
        "az285",
        "az297",
        "az323"
      ]
    },
    {
      "tile": "tile_003379",
      "variants": [
        "iso",
        "az061",
        "az121",
        "az125",
        "az239"
      ]
    },
    {
      "tile": "tile_025988",
      "variants": [
        "iso",
        "az031",
        "az185",
        "az196",
        "az203"
      ]
    },
    {
      "tile": "tile_010019",
      "variants": [
        "iso",
        "az153",
        "az224",
        "az246",
        "az308"
      ]
    },
    {
      "tile": "tile_018783",
      "variants": [
        "iso",
        "az022",
        "az159",
        "az163",
        "az180"
      ]
    },
    {
      "tile": "tile_022411",
      "variants": [
        "iso",
        "az073",
        "az090",
        "az150",
        "az178"
      ]
    },
    {
      "tile": "tile_025590",
      "variants": [
        "iso",
        "az090",
        "az185",
        "az213",
        "az358"
      ]
    },
    {
      "tile": "tile_006993",
      "variants": [
        "iso",
        "az066",
        "az184",
        "az297",
        "az335"
      ]
    },
    {
      "tile": "tile_004339",
      "variants": [
        "iso",
        "az001",
        "az115",
        "az220",
        "az352"
      ]
    },
    {
      "tile": "tile_026510",
      "variants": [
        "iso",
        "az089",
        "az122",
        "az202",
        "az208"
      ]
    },
    {
      "tile": "tile_023616",
      "variants": [
        "iso",
        "az070",
        "az171",
        "az198",
        "az282"
      ]
    },
    {
      "tile": "tile_017300",
      "variants": [
        "iso",
        "az063",
        "az128",
        "az247",
        "az274"
      ]
    },
    {
      "tile": "tile_016503",
      "variants": [
        "iso",
        "az079",
        "az148",
        "az165",
        "az223"
      ]
    },
    {
      "tile": "tile_025605",
      "variants": [
        "iso",
        "az165",
        "az179",
        "az237",
        "az338"
      ]
    },
    {
      "tile": "tile_009716",
      "variants": [
        "iso",
        "az028",
        "az186",
        "az263",
        "az320"
      ]
    },
    {
      "tile": "tile_020299",
      "variants": [
        "iso",
        "az024",
        "az150",
        "az207",
        "az218"
      ]
    },
    {
      "tile": "tile_009767",
      "variants": [
        "iso",
        "az084",
        "az148",
        "az158",
        "az288"
      ]
    },
    {
      "tile": "tile_017742",
      "variants": [
        "iso",
        "az185",
        "az207",
        "az311",
        "az315"
      ]
    },
    {
      "tile": "tile_002809",
      "variants": [
        "iso",
        "az000",
        "az094",
        "az285",
        "az291"
      ]
    },
    {
      "tile": "tile_001089",
      "variants": [
        "iso",
        "az003",
        "az040",
        "az046",
        "az302"
      ]
    },
    {
      "tile": "tile_026794",
      "variants": [
        "iso",
        "az029",
        "az057",
        "az138",
        "az204"
      ]
    },
    {
      "tile": "tile_010845",
      "variants": [
        "iso",
        "az087",
        "az210",
        "az213",
        "az342"
      ]
    },
    {
      "tile": "tile_000185",
      "variants": [
        "iso",
        "az000",
        "az277",
        "az287",
        "az349"
      ]
    },
    {
      "tile": "tile_009596",
      "variants": [
        "iso",
        "az051",
        "az058",
        "az136",
        "az256"
      ]
    },
    {
      "tile": "tile_018946",
      "variants": [
        "iso",
        "az159",
        "az223",
        "az330",
        "az351"
      ]
    },
    {
      "tile": "tile_002648",
      "variants": [
        "iso",
        "az152",
        "az221",
        "az276",
        "az346"
      ]
    },
    {
      "tile": "tile_018557",
      "variants": [
        "iso",
        "az024",
        "az157",
        "az182",
        "az184"
      ]
    },
    {
      "tile": "tile_011204",
      "variants": [
        "iso",
        "az071",
        "az080",
        "az113",
        "az206"
      ]
    },
    {
      "tile": "tile_010480",
      "variants": [
        "iso",
        "az065",
        "az169",
        "az197",
        "az272"
      ]
    },
    {
      "tile": "tile_004462",
      "variants": [
        "iso",
        "az200",
        "az247",
        "az316",
        "az337"
      ]
    },
    {
      "tile": "tile_017035",
      "variants": [
        "iso",
        "az231",
        "az270",
        "az288",
        "az323"
      ]
    },
    {
      "tile": "tile_008385",
      "variants": [
        "iso",
        "az008",
        "az021",
        "az165",
        "az204"
      ]
    },
    {
      "tile": "tile_023707",
      "variants": [
        "iso",
        "az052",
        "az095",
        "az178",
        "az249"
      ]
    },
    {
      "tile": "tile_015805",
      "variants": [
        "iso",
        "az000",
        "az030",
        "az162",
        "az277"
      ]
    },
    {
      "tile": "tile_002380",
      "variants": [
        "iso",
        "az028",
        "az117",
        "az130",
        "az328"
      ]
    },
    {
      "tile": "tile_018604",
      "variants": [
        "iso",
        "az025",
        "az204",
        "az217",
        "az283"
      ]
    },
    {
      "tile": "tile_010803",
      "variants": [
        "iso",
        "az023",
        "az070",
        "az099",
        "az166"
      ]
    },
    {
      "tile": "tile_002948",
      "variants": [
        "iso",
        "az013",
        "az021",
        "az151",
        "az293"
      ]
    },
    {
      "tile": "tile_003032",
      "variants": [
        "iso",
        "az118",
        "az212",
        "az219",
        "az296"
      ]
    },
    {
      "tile": "tile_004157",
      "variants": [
        "iso",
        "az049",
        "az106",
        "az216",
        "az344"
      ]
    },
    {
      "tile": "tile_017075",
      "variants": [
        "iso",
        "az200",
        "az230",
        "az286",
        "az319"
      ]
    },
    {
      "tile": "tile_023519",
      "variants": [
        "iso",
        "az010",
        "az188",
        "az264",
        "az354"
      ]
    },
    {
      "tile": "tile_005501",
      "variants": [
        "iso",
        "az135",
        "az191",
        "az230",
        "az238"
      ]
    },
    {
      "tile": "tile_010248",
      "variants": [
        "iso",
        "az030",
        "az076",
        "az207",
        "az232"
      ]
    },
    {
      "tile": "tile_001859",
      "variants": [
        "iso",
        "az012",
        "az043",
        "az309",
        "az343"
      ]
    },
    {
      "tile": "tile_023227",
      "variants": [
        "iso",
        "az038",
        "az287",
        "az352",
        "az353"
      ]
    },
    {
      "tile": "tile_002507",
      "variants": [
        "iso",
        "az034",
        "az099",
        "az220",
        "az283"
      ]
    },
    {
      "tile": "tile_017606",
      "variants": [
        "iso",
        "az159",
        "az206",
        "az233",
        "az274"
      ]
    },
    {
      "tile": "tile_026110",
      "variants": [
        "iso",
        "az206",
        "az294",
        "az308",
        "az348"
      ]
    },
    {
      "tile": "tile_009548",
      "variants": [
        "iso",
        "az142",
        "az176",
        "az179",
        "az353"
      ]
    },
    {
      "tile": "tile_017703",
      "variants": [
        "iso",
        "az082",
        "az177",
        "az245",
        "az320"
      ]
    },
    {
      "tile": "tile_016442",
      "variants": [
        "iso",
        "az057",
        "az333",
        "az340",
        "az345"
      ]
    },
    {
      "tile": "tile_007147",
      "variants": [
        "iso",
        "az034",
        "az079",
        "az240",
        "az354"
      ]
    },
    {
      "tile": "tile_003760",
      "variants": [
        "iso",
        "az073",
        "az167",
        "az215",
        "az227"
      ]
    },
    {
      "tile": "tile_024621",
      "variants": [
        "iso",
        "az059",
        "az074",
        "az168",
        "az215"
      ]
    },
    {
      "tile": "tile_009320",
      "variants": [
        "iso",
        "az134",
        "az163",
        "az282",
        "az356"
      ]
    },
    {
      "tile": "tile_019174",
      "variants": [
        "iso",
        "az033",
        "az273",
        "az327",
        "az340"
      ]
    },
    {
      "tile": "tile_020870",
      "variants": [
        "iso",
        "az006",
        "az146",
        "az244",
        "az341"
      ]
    },
    {
      "tile": "tile_003287",
      "variants": [
        "iso",
        "az055",
        "az128",
        "az222",
        "az305"
      ]
    },
    {
      "tile": "tile_009211",
      "variants": [
        "iso",
        "az013",
        "az059",
        "az080",
        "az148"
      ]
    },
    {
      "tile": "tile_006908",
      "variants": [
        "iso",
        "az011",
        "az178",
        "az185",
        "az195"
      ]
    },
    {
      "tile": "tile_023290",
      "variants": [
        "iso",
        "az033",
        "az044",
        "az050",
        "az108"
      ]
    },
    {
      "tile": "tile_025592",
      "variants": [
        "iso",
        "az146",
        "az223",
        "az294",
        "az336"
      ]
    },
    {
      "tile": "tile_010478",
      "variants": [
        "iso",
        "az100",
        "az180",
        "az199",
        "az353"
      ]
    },
    {
      "tile": "tile_006708",
      "variants": [
        "iso",
        "az018",
        "az132",
        "az300",
        "az304"
      ]
    },
    {
      "tile": "tile_013586",
      "variants": [
        "iso",
        "az005",
        "az033",
        "az042",
        "az229"
      ]
    },
    {
      "tile": "tile_023852",
      "variants": [
        "iso",
        "az036",
        "az182",
        "az215",
        "az234"
      ]
    },
    {
      "tile": "tile_011857",
      "variants": [
        "iso",
        "az047",
        "az118",
        "az211",
        "az293"
      ]
    },
    {
      "tile": "tile_018880",
      "variants": [
        "iso",
        "az103",
        "az207",
        "az216",
        "az241"
      ]
    },
    {
      "tile": "tile_008851",
      "variants": [
        "iso",
        "az057",
        "az058",
        "az302",
        "az303"
      ]
    },
    {
      "tile": "tile_009163",
      "variants": [
        "iso",
        "az078",
        "az128",
        "az148",
        "az264"
      ]
    },
    {
      "tile": "tile_025458",
      "variants": [
        "iso",
        "az044",
        "az075",
        "az190",
        "az232"
      ]
    },
    {
      "tile": "tile_026290",
      "variants": [
        "iso",
        "az072",
        "az086",
        "az252",
        "az348"
      ]
    },
    {
      "tile": "tile_006311",
      "variants": [
        "iso",
        "az206",
        "az243",
        "az311",
        "az322"
      ]
    },
    {
      "tile": "tile_010719",
      "variants": [
        "iso",
        "az031",
        "az059",
        "az156",
        "az327"
      ]
    },
    {
      "tile": "tile_009667",
      "variants": [
        "iso",
        "az032",
        "az117",
        "az127",
        "az305"
      ]
    },
    {
      "tile": "tile_013769",
      "variants": [
        "iso",
        "az097",
        "az113",
        "az143",
        "az150"
      ]
    },
    {
      "tile": "tile_010934",
      "variants": [
        "iso",
        "az070",
        "az118",
        "az177",
        "az231"
      ]
    },
    {
      "tile": "tile_014636",
      "variants": [
        "iso",
        "az042",
        "az120",
        "az265",
        "az340"
      ]
    },
    {
      "tile": "tile_021687",
      "variants": [
        "iso",
        "az017",
        "az019",
        "az297",
        "az354"
      ]
    },
    {
      "tile": "tile_016619",
      "variants": [
        "iso",
        "az047",
        "az161",
        "az259",
        "az345"
      ]
    },
    {
      "tile": "tile_001527",
      "variants": [
        "iso",
        "az035",
        "az169",
        "az207",
        "az332"
      ]
    },
    {
      "tile": "tile_000036",
      "variants": [
        "iso",
        "az071",
        "az129",
        "az177",
        "az184"
      ]
    },
    {
      "tile": "tile_027112",
      "variants": [
        "iso",
        "az031",
        "az068",
        "az094",
        "az195"
      ]
    },
    {
      "tile": "tile_010501",
      "variants": [
        "iso",
        "az044",
        "az076",
        "az198",
        "az250"
      ]
    },
    {
      "tile": "tile_013272",
      "variants": [
        "iso",
        "az071",
        "az272",
        "az284",
        "az301"
      ]
    },
    {
      "tile": "tile_009846",
      "variants": [
        "iso",
        "az057",
        "az161",
        "az214",
        "az236"
      ]
    },
    {
      "tile": "tile_016701",
      "variants": [
        "iso",
        "az072",
        "az129",
        "az157",
        "az201"
      ]
    },
    {
      "tile": "tile_001204",
      "variants": [
        "iso",
        "az207",
        "az249",
        "az285",
        "az326"
      ]
    },
    {
      "tile": "tile_003719",
      "variants": [
        "iso",
        "az037",
        "az087",
        "az107",
        "az232"
      ]
    },
    {
      "tile": "tile_002606",
      "variants": [
        "iso",
        "az153",
        "az211",
        "az284",
        "az351"
      ]
    },
    {
      "tile": "tile_010996",
      "variants": [
        "iso",
        "az094",
        "az203",
        "az204",
        "az308"
      ]
    },
    {
      "tile": "tile_016569",
      "variants": [
        "iso",
        "az047",
        "az226",
        "az271",
        "az302"
      ]
    },
    {
      "tile": "tile_023093",
      "variants": [
        "iso",
        "az005",
        "az146",
        "az178",
        "az294"
      ]
    },
    {
      "tile": "tile_005956",
      "variants": [
        "iso",
        "az088",
        "az288",
        "az318",
        "az346"
      ]
    },
    {
      "tile": "tile_018386",
      "variants": [
        "iso",
        "az032",
        "az100",
        "az202",
        "az278"
      ]
    },
    {
      "tile": "tile_017779",
      "variants": [
        "iso",
        "az146",
        "az183",
        "az277",
        "az311"
      ]
    },
    {
      "tile": "tile_008769",
      "variants": [
        "iso",
        "az040",
        "az187",
        "az259",
        "az347"
      ]
    },
    {
      "tile": "tile_006928",
      "variants": [
        "iso",
        "az206",
        "az262",
        "az272",
        "az323"
      ]
    },
    {
      "tile": "tile_000582",
      "variants": [
        "iso",
        "az170",
        "az243",
        "az256",
        "az274"
      ]
    },
    {
      "tile": "tile_019432",
      "variants": [
        "iso",
        "az037",
        "az229",
        "az267",
        "az357"
      ]
    },
    {
      "tile": "tile_004958",
      "variants": [
        "iso",
        "az028",
        "az060",
        "az237",
        "az338"
      ]
    },
    {
      "tile": "tile_008845",
      "variants": [
        "iso",
        "az045",
        "az055",
        "az167",
        "az179"
      ]
    },
    {
      "tile": "tile_003792",
      "variants": [
        "iso",
        "az086",
        "az089",
        "az153",
        "az177"
      ]
    },
    {
      "tile": "tile_013930",
      "variants": [
        "iso",
        "az049",
        "az081",
        "az247",
        "az357"
      ]
    },
    {
      "tile": "tile_020113",
      "variants": [
        "iso",
        "az136",
        "az230",
        "az244",
        "az295"
      ]
    },
    {
      "tile": "tile_012194",
      "variants": [
        "iso",
        "az010",
        "az084",
        "az187",
        "az244"
      ]
    },
    {
      "tile": "tile_002513",
      "variants": [
        "iso",
        "az050",
        "az150",
        "az235",
        "az254"
      ]
    },
    {
      "tile": "tile_015949",
      "variants": [
        "iso",
        "az034",
        "az156",
        "az254",
        "az309"
      ]
    },
    {
      "tile": "tile_024797",
      "variants": [
        "iso",
        "az094",
        "az268",
        "az296",
        "az336"
      ]
    },
    {
      "tile": "tile_014261",
      "variants": [
        "iso",
        "az084",
        "az103",
        "az216",
        "az322"
      ]
    },
    {
      "tile": "tile_001490",
      "variants": [
        "iso",
        "az008",
        "az165",
        "az183",
        "az332"
      ]
    },
    {
      "tile": "tile_010074",
      "variants": [
        "iso",
        "az035",
        "az046",
        "az138",
        "az198"
      ]
    },
    {
      "tile": "tile_026805",
      "variants": [
        "iso",
        "az108",
        "az233",
        "az238",
        "az317"
      ]
    },
    {
      "tile": "tile_008615",
      "variants": [
        "iso",
        "az048",
        "az049",
        "az076",
        "az308"
      ]
    },
    {
      "tile": "tile_015449",
      "variants": [
        "iso",
        "az117",
        "az136",
        "az163",
        "az209"
      ]
    },
    {
      "tile": "tile_007386",
      "variants": [
        "iso",
        "az208",
        "az221",
        "az289",
        "az356"
      ]
    },
    {
      "tile": "tile_026526",
      "variants": [
        "iso",
        "az099",
        "az145",
        "az176",
        "az321"
      ]
    },
    {
      "tile": "tile_003830",
      "variants": [
        "iso",
        "az119",
        "az217",
        "az289",
        "az292"
      ]
    },
    {
      "tile": "tile_022071",
      "variants": [
        "iso",
        "az031",
        "az089",
        "az092",
        "az262"
      ]
    },
    {
      "tile": "tile_023373",
      "variants": [
        "iso",
        "az079",
        "az136",
        "az227",
        "az291"
      ]
    },
    {
      "tile": "tile_018664",
      "variants": [
        "iso",
        "az011",
        "az182",
        "az213",
        "az229"
      ]
    },
    {
      "tile": "tile_014933",
      "variants": [
        "iso",
        "az070",
        "az093",
        "az253",
        "az270"
      ]
    },
    {
      "tile": "tile_002837",
      "variants": [
        "iso",
        "az188",
        "az190",
        "az211",
        "az213"
      ]
    },
    {
      "tile": "tile_010569",
      "variants": [
        "iso",
        "az049",
        "az086",
        "az137",
        "az154"
      ]
    },
    {
      "tile": "tile_013380",
      "variants": [
        "iso",
        "az072",
        "az122",
        "az239",
        "az337"
      ]
    },
    {
      "tile": "tile_011257",
      "variants": [
        "iso",
        "az139",
        "az149",
        "az216",
        "az337"
      ]
    },
    {
      "tile": "tile_009791",
      "variants": [
        "iso",
        "az056",
        "az090",
        "az197",
        "az258"
      ]
    },
    {
      "tile": "tile_000538",
      "variants": [
        "iso",
        "az009",
        "az014",
        "az236",
        "az320"
      ]
    },
    {
      "tile": "tile_002130",
      "variants": [
        "iso",
        "az050",
        "az118",
        "az249",
        "az298"
      ]
    },
    {
      "tile": "tile_018174",
      "variants": [
        "iso",
        "az066",
        "az070",
        "az215",
        "az262"
      ]
    },
    {
      "tile": "tile_022012",
      "variants": [
        "iso",
        "az177",
        "az215",
        "az310",
        "az338"
      ]
    },
    {
      "tile": "tile_007100",
      "variants": [
        "iso",
        "az056",
        "az173",
        "az222",
        "az329"
      ]
    },
    {
      "tile": "tile_026564",
      "variants": [
        "iso",
        "az055",
        "az076",
        "az160",
        "az173"
      ]
    },
    {
      "tile": "tile_027059",
      "variants": [
        "iso",
        "az073",
        "az154",
        "az267",
        "az346"
      ]
    },
    {
      "tile": "tile_026177",
      "variants": [
        "iso",
        "az077",
        "az218",
        "az343",
        "az354"
      ]
    },
    {
      "tile": "tile_026700",
      "variants": [
        "iso",
        "az055",
        "az108",
        "az254",
        "az280"
      ]
    },
    {
      "tile": "tile_016879",
      "variants": [
        "iso",
        "az105",
        "az107",
        "az110",
        "az163"
      ]
    },
    {
      "tile": "tile_000784",
      "variants": [
        "iso",
        "az177",
        "az271",
        "az276",
        "az345"
      ]
    },
    {
      "tile": "tile_010331",
      "variants": [
        "iso",
        "az171",
        "az183",
        "az287",
        "az335"
      ]
    },
    {
      "tile": "tile_009903",
      "variants": [
        "iso",
        "az001",
        "az141",
        "az256",
        "az308"
      ]
    },
    {
      "tile": "tile_009756",
      "variants": [
        "iso",
        "az009",
        "az187",
        "az248",
        "az297"
      ]
    },
    {
      "tile": "tile_009295",
      "variants": [
        "iso",
        "az071",
        "az161",
        "az272",
        "az292"
      ]
    },
    {
      "tile": "tile_007927",
      "variants": [
        "iso",
        "az186",
        "az247",
        "az343",
        "az351"
      ]
    },
    {
      "tile": "tile_013699",
      "variants": [
        "iso",
        "az114",
        "az158",
        "az159",
        "az242"
      ]
    },
    {
      "tile": "tile_013070",
      "variants": [
        "iso",
        "az000",
        "az039",
        "az216",
        "az319"
      ]
    },
    {
      "tile": "tile_016694",
      "variants": [
        "iso",
        "az206",
        "az294",
        "az332",
        "az339"
      ]
    },
    {
      "tile": "tile_002492",
      "variants": [
        "iso",
        "az031",
        "az087",
        "az175",
        "az240"
      ]
    },
    {
      "tile": "tile_001642",
      "variants": [
        "iso",
        "az016",
        "az142",
        "az235",
        "az274"
      ]
    },
    {
      "tile": "tile_009000",
      "variants": [
        "iso",
        "az009",
        "az145",
        "az218",
        "az280"
      ]
    },
    {
      "tile": "tile_007172",
      "variants": [
        "iso",
        "az006",
        "az041",
        "az211",
        "az265"
      ]
    },
    {
      "tile": "tile_024136",
      "variants": [
        "iso",
        "az003",
        "az074",
        "az136",
        "az256"
      ]
    },
    {
      "tile": "tile_015177",
      "variants": [
        "iso",
        "az079",
        "az087",
        "az095",
        "az181"
      ]
    },
    {
      "tile": "tile_008032",
      "variants": [
        "iso",
        "az079",
        "az106",
        "az112",
        "az141"
      ]
    },
    {
      "tile": "tile_011369",
      "variants": [
        "iso",
        "az048",
        "az175",
        "az241",
        "az352"
      ]
    },
    {
      "tile": "tile_009606",
      "variants": [
        "iso",
        "az064",
        "az166",
        "az268",
        "az274"
      ]
    },
    {
      "tile": "tile_009691",
      "variants": [
        "iso",
        "az013",
        "az095",
        "az163",
        "az191"
      ]
    },
    {
      "tile": "tile_016259",
      "variants": [
        "iso",
        "az091",
        "az093",
        "az302",
        "az312"
      ]
    },
    {
      "tile": "tile_026068",
      "variants": [
        "iso",
        "az054",
        "az100",
        "az116",
        "az202"
      ]
    },
    {
      "tile": "tile_023759",
      "variants": [
        "iso",
        "az021",
        "az260",
        "az264",
        "az267"
      ]
    },
    {
      "tile": "tile_025518",
      "variants": [
        "iso",
        "az237",
        "az257",
        "az284",
        "az329"
      ]
    },
    {
      "tile": "tile_000040",
      "variants": [
        "iso",
        "az004",
        "az023",
        "az225",
        "az343"
      ]
    },
    {
      "tile": "tile_010484",
      "variants": [
        "iso",
        "az051",
        "az237",
        "az249",
        "az271"
      ]
    },
    {
      "tile": "tile_015871",
      "variants": [
        "iso",
        "az070",
        "az099",
        "az170",
        "az266"
      ]
    },
    {
      "tile": "tile_019528",
      "variants": [
        "iso",
        "az127",
        "az221",
        "az331",
        "az347"
      ]
    },
    {
      "tile": "tile_025896",
      "variants": [
        "iso",
        "az027",
        "az046",
        "az109",
        "az187"
      ]
    },
    {
      "tile": "tile_021268",
      "variants": [
        "iso",
        "az035",
        "az088",
        "az103",
        "az293"
      ]
    },
    {
      "tile": "tile_009615",
      "variants": [
        "iso",
        "az004",
        "az136",
        "az271",
        "az322"
      ]
    },
    {
      "tile": "tile_024788",
      "variants": [
        "iso",
        "az034",
        "az069",
        "az080",
        "az116"
      ]
    },
    {
      "tile": "tile_002371",
      "variants": [
        "iso",
        "az013",
        "az176",
        "az310",
        "az329"
      ]
    },
    {
      "tile": "tile_000650",
      "variants": [
        "iso",
        "az144",
        "az176",
        "az249",
        "az348"
      ]
    },
    {
      "tile": "tile_011107",
      "variants": [
        "iso",
        "az172",
        "az262",
        "az280",
        "az306"
      ]
    },
    {
      "tile": "tile_010334",
      "variants": [
        "iso",
        "az192",
        "az225",
        "az283",
        "az349"
      ]
    },
    {
      "tile": "tile_017806",
      "variants": [
        "iso",
        "az232",
        "az301",
        "az317",
        "az346"
      ]
    },
    {
      "tile": "tile_009484",
      "variants": [
        "iso",
        "az122",
        "az158",
        "az329",
        "az352"
      ]
    },
    {
      "tile": "tile_009999",
      "variants": [
        "iso",
        "az073",
        "az233",
        "az283",
        "az310"
      ]
    },
    {
      "tile": "tile_009232",
      "variants": [
        "iso",
        "az027",
        "az072",
        "az154",
        "az355"
      ]
    },
    {
      "tile": "tile_000168",
      "variants": [
        "iso",
        "az079",
        "az200",
        "az212",
        "az265"
      ]
    },
    {
      "tile": "tile_024019",
      "variants": [
        "iso",
        "az107",
        "az283",
        "az325",
        "az328"
      ]
    },
    {
      "tile": "tile_008982",
      "variants": [
        "iso",
        "az034",
        "az041",
        "az184",
        "az293"
      ]
    },
    {
      "tile": "tile_002356",
      "variants": [
        "iso",
        "az040",
        "az043",
        "az116",
        "az258"
      ]
    },
    {
      "tile": "tile_012178",
      "variants": [
        "iso",
        "az166",
        "az222",
        "az297",
        "az357"
      ]
    },
    {
      "tile": "tile_008545",
      "variants": [
        "iso",
        "az151",
        "az199",
        "az314",
        "az333"
      ]
    },
    {
      "tile": "tile_010797",
      "variants": [
        "iso",
        "az046",
        "az160",
        "az281",
        "az336"
      ]
    },
    {
      "tile": "tile_003596",
      "variants": [
        "iso",
        "az097",
        "az267",
        "az286",
        "az357"
      ]
    },
    {
      "tile": "tile_018879",
      "variants": [
        "iso",
        "az007",
        "az074",
        "az080",
        "az301"
      ]
    },
    {
      "tile": "tile_003839",
      "variants": [
        "iso",
        "az093",
        "az174",
        "az188",
        "az313"
      ]
    },
    {
      "tile": "tile_010103",
      "variants": [
        "iso",
        "az149",
        "az212",
        "az299",
        "az348"
      ]
    },
    {
      "tile": "tile_026286",
      "variants": [
        "iso",
        "az118",
        "az183",
        "az207",
        "az292"
      ]
    },
    {
      "tile": "tile_026103",
      "variants": [
        "iso",
        "az021",
        "az076",
        "az128",
        "az331"
      ]
    },
    {
      "tile": "tile_027223",
      "variants": [
        "iso",
        "az097",
        "az224",
        "az341",
        "az354"
      ]
    },
    {
      "tile": "tile_012911",
      "variants": [
        "iso",
        "az048",
        "az107",
        "az215",
        "az322"
      ]
    },
    {
      "tile": "tile_015036",
      "variants": [
        "iso",
        "az120",
        "az146",
        "az216",
        "az322"
      ]
    },
    {
      "tile": "tile_004831",
      "variants": [
        "iso",
        "az086",
        "az196",
        "az259",
        "az319"
      ]
    },
    {
      "tile": "tile_026359",
      "variants": [
        "iso",
        "az087",
        "az103",
        "az168",
        "az246"
      ]
    },
    {
      "tile": "tile_011296",
      "variants": [
        "iso",
        "az056",
        "az148",
        "az287",
        "az307"
      ]
    },
    {
      "tile": "tile_025680",
      "variants": [
        "iso",
        "az011",
        "az088",
        "az171",
        "az190"
      ]
    },
    {
      "tile": "tile_003215",
      "variants": [
        "iso",
        "az091",
        "az132",
        "az199",
        "az224"
      ]
    },
    {
      "tile": "tile_015522",
      "variants": [
        "iso",
        "az167",
        "az171",
        "az249",
        "az350"
      ]
    },
    {
      "tile": "tile_012030",
      "variants": [
        "iso",
        "az232",
        "az258",
        "az300",
        "az311"
      ]
    },
    {
      "tile": "tile_010571",
      "variants": [
        "iso",
        "az123",
        "az161",
        "az237",
        "az259"
      ]
    },
    {
      "tile": "tile_002768",
      "variants": [
        "iso",
        "az082",
        "az181",
        "az202",
        "az247"
      ]
    },
    {
      "tile": "tile_000730",
      "variants": [
        "iso",
        "az037",
        "az061",
        "az266",
        "az351"
      ]
    },
    {
      "tile": "tile_023769",
      "variants": [
        "iso",
        "az035",
        "az064",
        "az157",
        "az285"
      ]
    },
    {
      "tile": "tile_009822",
      "variants": [
        "iso",
        "az033",
        "az152",
        "az232",
        "az308"
      ]
    },
    {
      "tile": "tile_010532",
      "variants": [
        "iso",
        "az150",
        "az190",
        "az319",
        "az356"
      ]
    },
    {
      "tile": "tile_023796",
      "variants": [
        "iso",
        "az024",
        "az181",
        "az215",
        "az253"
      ]
    },
    {
      "tile": "tile_013475",
      "variants": [
        "iso",
        "az025",
        "az066",
        "az138",
        "az226"
      ]
    },
    {
      "tile": "tile_013871",
      "variants": [
        "iso",
        "az023",
        "az058",
        "az075",
        "az337"
      ]
    },
    {
      "tile": "tile_000810",
      "variants": [
        "iso",
        "az046",
        "az257",
        "az270",
        "az304"
      ]
    },
    {
      "tile": "tile_022090",
      "variants": [
        "iso",
        "az073",
        "az100",
        "az154",
        "az245"
      ]
    },
    {
      "tile": "tile_011783",
      "variants": [
        "iso",
        "az049",
        "az101",
        "az167",
        "az212"
      ]
    },
    {
      "tile": "tile_025608",
      "variants": [
        "iso",
        "az041",
        "az048",
        "az294",
        "az342"
      ]
    },
    {
      "tile": "tile_007605",
      "variants": [
        "iso",
        "az105",
        "az225",
        "az255",
        "az258"
      ]
    },
    {
      "tile": "tile_020642",
      "variants": [
        "iso",
        "az015",
        "az076",
        "az252",
        "az261"
      ]
    },
    {
      "tile": "tile_022765",
      "variants": [
        "iso",
        "az060",
        "az204",
        "az208",
        "az351"
      ]
    },
    {
      "tile": "tile_010096",
      "variants": [
        "iso",
        "az029",
        "az040",
        "az098",
        "az122"
      ]
    },
    {
      "tile": "tile_019285",
      "variants": [
        "iso",
        "az031",
        "az063",
        "az085",
        "az173"
      ]
    },
    {
      "tile": "tile_008823",
      "variants": [
        "iso",
        "az052",
        "az114",
        "az221",
        "az320"
      ]
    },
    {
      "tile": "tile_019748",
      "variants": [
        "iso",
        "az077",
        "az220",
        "az231",
        "az319"
      ]
    },
    {
      "tile": "tile_009536",
      "variants": [
        "iso",
        "az044",
        "az049",
        "az102",
        "az191"
      ]
    },
    {
      "tile": "tile_002041",
      "variants": [
        "iso",
        "az025",
        "az151",
        "az188",
        "az207"
      ]
    },
    {
      "tile": "tile_015714",
      "variants": [
        "iso",
        "az114",
        "az159",
        "az312",
        "az359"
      ]
    },
    {
      "tile": "tile_002555",
      "variants": [
        "iso",
        "az069",
        "az222",
        "az233",
        "az260"
      ]
    },
    {
      "tile": "tile_002043",
      "variants": [
        "iso",
        "az021",
        "az226",
        "az230",
        "az337"
      ]
    },
    {
      "tile": "tile_001044",
      "variants": [
        "iso",
        "az000",
        "az189",
        "az208",
        "az233"
      ]
    },
    {
      "tile": "tile_011372",
      "variants": [
        "iso",
        "az187",
        "az230",
        "az241",
        "az322"
      ]
    },
    {
      "tile": "tile_006659",
      "variants": [
        "iso",
        "az005",
        "az076",
        "az266",
        "az319"
      ]
    },
    {
      "tile": "tile_019656",
      "variants": [
        "iso",
        "az059",
        "az064",
        "az116",
        "az169"
      ]
    },
    {
      "tile": "tile_010733",
      "variants": [
        "iso",
        "az048",
        "az139",
        "az192",
        "az292"
      ]
    },
    {
      "tile": "tile_010878",
      "variants": [
        "iso",
        "az073",
        "az137",
        "az171",
        "az268"
      ]
    },
    {
      "tile": "tile_027151",
      "variants": [
        "iso",
        "az174",
        "az244",
        "az316",
        "az318"
      ]
    },
    {
      "tile": "tile_016597",
      "variants": [
        "iso",
        "az141",
        "az233",
        "az247",
        "az248"
      ]
    },
    {
      "tile": "tile_023023",
      "variants": [
        "iso",
        "az019",
        "az063",
        "az297",
        "az344"
      ]
    },
    {
      "tile": "tile_009941",
      "variants": [
        "iso",
        "az071",
        "az121",
        "az235",
        "az351"
      ]
    },
    {
      "tile": "tile_023131",
      "variants": [
        "iso",
        "az096",
        "az170",
        "az227",
        "az333"
      ]
    },
    {
      "tile": "tile_017808",
      "variants": [
        "iso",
        "az057",
        "az186",
        "az241",
        "az259"
      ]
    },
    {
      "tile": "tile_003777",
      "variants": [
        "iso",
        "az023",
        "az030",
        "az042",
        "az272"
      ]
    },
    {
      "tile": "tile_000989",
      "variants": [
        "iso",
        "az069",
        "az171",
        "az193",
        "az256"
      ]
    },
    {
      "tile": "tile_000647",
      "variants": [
        "iso",
        "az131",
        "az143",
        "az272",
        "az279"
      ]
    },
    {
      "tile": "tile_011194",
      "variants": [
        "iso",
        "az053",
        "az071",
        "az078",
        "az284"
      ]
    },
    {
      "tile": "tile_009389",
      "variants": [
        "iso",
        "az022",
        "az103",
        "az173",
        "az216"
      ]
    },
    {
      "tile": "tile_007534",
      "variants": [
        "iso",
        "az040",
        "az115",
        "az209",
        "az308"
      ]
    },
    {
      "tile": "tile_026575",
      "variants": [
        "iso",
        "az027",
        "az253",
        "az337",
        "az352"
      ]
    },
    {
      "tile": "tile_020045",
      "variants": [
        "iso",
        "az129",
        "az159",
        "az221",
        "az255"
      ]
    },
    {
      "tile": "tile_008529",
      "variants": [
        "iso",
        "az004",
        "az031",
        "az075",
        "az105"
      ]
    },
    {
      "tile": "tile_026527",
      "variants": [
        "iso",
        "az095",
        "az145",
        "az224",
        "az288"
      ]
    },
    {
      "tile": "tile_000043",
      "variants": [
        "iso",
        "az116",
        "az182",
        "az191",
        "az313"
      ]
    },
    {
      "tile": "tile_008824",
      "variants": [
        "iso",
        "az008",
        "az029",
        "az031",
        "az098"
      ]
    },
    {
      "tile": "tile_002983",
      "variants": [
        "iso",
        "az025",
        "az089",
        "az174",
        "az189"
      ]
    },
    {
      "tile": "tile_002978",
      "variants": [
        "iso",
        "az013",
        "az067",
        "az197",
        "az343"
      ]
    },
    {
      "tile": "tile_020311",
      "variants": [
        "iso",
        "az118",
        "az163",
        "az327",
        "az354"
      ]
    },
    {
      "tile": "tile_016772",
      "variants": [
        "iso",
        "az147",
        "az204",
        "az237",
        "az255"
      ]
    },
    {
      "tile": "tile_008347",
      "variants": [
        "iso",
        "az058",
        "az191",
        "az238",
        "az325"
      ]
    },
    {
      "tile": "tile_011355",
      "variants": [
        "iso",
        "az015",
        "az116",
        "az339",
        "az344"
      ]
    },
    {
      "tile": "tile_026797",
      "variants": [
        "iso",
        "az169",
        "az203",
        "az284",
        "az314"
      ]
    },
    {
      "tile": "tile_000896",
      "variants": [
        "iso",
        "az056",
        "az078",
        "az342",
        "az357"
      ]
    },
    {
      "tile": "tile_009247",
      "variants": [
        "iso",
        "az056",
        "az167",
        "az301",
        "az356"
      ]
    },
    {
      "tile": "tile_023827",
      "variants": [
        "iso",
        "az004",
        "az156",
        "az209",
        "az318"
      ]
    },
    {
      "tile": "tile_022605",
      "variants": [
        "iso",
        "az031",
        "az037",
        "az038",
        "az105"
      ]
    },
    {
      "tile": "tile_022708",
      "variants": [
        "iso",
        "az120",
        "az124",
        "az284",
        "az327"
      ]
    },
    {
      "tile": "tile_024374",
      "variants": [
        "iso",
        "az048",
        "az187",
        "az248",
        "az308"
      ]
    },
    {
      "tile": "tile_016681",
      "variants": [
        "iso",
        "az031",
        "az055",
        "az094",
        "az343"
      ]
    },
    {
      "tile": "tile_025826",
      "variants": [
        "iso",
        "az068",
        "az110",
        "az183",
        "az340"
      ]
    },
    {
      "tile": "tile_019395",
      "variants": [
        "iso",
        "az008",
        "az097",
        "az132",
        "az167"
      ]
    },
    {
      "tile": "tile_016228",
      "variants": [
        "iso",
        "az106",
        "az128",
        "az157",
        "az333"
      ]
    },
    {
      "tile": "tile_009272",
      "variants": [
        "iso",
        "az032",
        "az038",
        "az181",
        "az219"
      ]
    },
    {
      "tile": "tile_003173",
      "variants": [
        "iso",
        "az030",
        "az081",
        "az144",
        "az255"
      ]
    },
    {
      "tile": "tile_014342",
      "variants": [
        "iso",
        "az012",
        "az070",
        "az101",
        "az296"
      ]
    },
    {
      "tile": "tile_026778",
      "variants": [
        "iso",
        "az063",
        "az155",
        "az226",
        "az335"
      ]
    },
    {
      "tile": "tile_010541",
      "variants": [
        "iso",
        "az042",
        "az104",
        "az143",
        "az186"
      ]
    },
    {
      "tile": "tile_002932",
      "variants": [
        "iso",
        "az003",
        "az090",
        "az197",
        "az345"
      ]
    },
    {
      "tile": "tile_024961",
      "variants": [
        "iso",
        "az106",
        "az165",
        "az230",
        "az238"
      ]
    },
    {
      "tile": "tile_009795",
      "variants": [
        "iso",
        "az016",
        "az091",
        "az132",
        "az183"
      ]
    },
    {
      "tile": "tile_006474",
      "variants": [
        "iso",
        "az000",
        "az093",
        "az184",
        "az211"
      ]
    },
    {
      "tile": "tile_011854",
      "variants": [
        "iso",
        "az026",
        "az043",
        "az144",
        "az206"
      ]
    },
    {
      "tile": "tile_006055",
      "variants": [
        "iso",
        "az181",
        "az196",
        "az222",
        "az357"
      ]
    },
    {
      "tile": "tile_025804",
      "variants": [
        "iso",
        "az012",
        "az157",
        "az269",
        "az338"
      ]
    },
    {
      "tile": "tile_004380",
      "variants": [
        "iso",
        "az102",
        "az123",
        "az257",
        "az323"
      ]
    },
    {
      "tile": "tile_004127",
      "variants": [
        "iso",
        "az037",
        "az173",
        "az223",
        "az310"
      ]
    },
    {
      "tile": "tile_021988",
      "variants": [
        "iso",
        "az105",
        "az151",
        "az326",
        "az348"
      ]
    },
    {
      "tile": "tile_024835",
      "variants": [
        "iso",
        "az126",
        "az200",
        "az249",
        "az296"
      ]
    },
    {
      "tile": "tile_005760",
      "variants": [
        "iso",
        "az052",
        "az240",
        "az241",
        "az337"
      ]
    },
    {
      "tile": "tile_016201",
      "variants": [
        "iso",
        "az002",
        "az197",
        "az285",
        "az349"
      ]
    },
    {
      "tile": "tile_014654",
      "variants": [
        "iso",
        "az016",
        "az048",
        "az166",
        "az331"
      ]
    },
    {
      "tile": "tile_016329",
      "variants": [
        "iso",
        "az053",
        "az105",
        "az145",
        "az336"
      ]
    },
    {
      "tile": "tile_004167",
      "variants": [
        "iso",
        "az124",
        "az204",
        "az270",
        "az327"
      ]
    },
    {
      "tile": "tile_021790",
      "variants": [
        "iso",
        "az139",
        "az251",
        "az289",
        "az327"
      ]
    },
    {
      "tile": "tile_001835",
      "variants": [
        "iso",
        "az157",
        "az162",
        "az188",
        "az190"
      ]
    },
    {
      "tile": "tile_008733",
      "variants": [
        "iso",
        "az137",
        "az144",
        "az271",
        "az287"
      ]
    },
    {
      "tile": "tile_009475",
      "variants": [
        "iso",
        "az214",
        "az254",
        "az322",
        "az342"
      ]
    },
    {
      "tile": "tile_004807",
      "variants": [
        "iso",
        "az021",
        "az322",
        "az325",
        "az355"
      ]
    },
    {
      "tile": "tile_009370",
      "variants": [
        "iso",
        "az151",
        "az184",
        "az252",
        "az260"
      ]
    },
    {
      "tile": "tile_008551",
      "variants": [
        "iso",
        "az147",
        "az222",
        "az291",
        "az349"
      ]
    },
    {
      "tile": "tile_014707",
      "variants": [
        "iso",
        "az079",
        "az080",
        "az287",
        "az338"
      ]
    },
    {
      "tile": "tile_025740",
      "variants": [
        "iso",
        "az079",
        "az090",
        "az155",
        "az167"
      ]
    },
    {
      "tile": "tile_016695",
      "variants": [
        "iso",
        "az064",
        "az178",
        "az227",
        "az359"
      ]
    },
    {
      "tile": "tile_009604",
      "variants": [
        "iso",
        "az022",
        "az079",
        "az123",
        "az195"
      ]
    },
    {
      "tile": "tile_015015",
      "variants": [
        "iso",
        "az107",
        "az135",
        "az310",
        "az343"
      ]
    },
    {
      "tile": "tile_019260",
      "variants": [
        "iso",
        "az015",
        "az070",
        "az090",
        "az148"
      ]
    },
    {
      "tile": "tile_002636",
      "variants": [
        "iso",
        "az071",
        "az097",
        "az215",
        "az228"
      ]
    },
    {
      "tile": "tile_009852",
      "variants": [
        "iso",
        "az051",
        "az111",
        "az155",
        "az337"
      ]
    },
    {
      "tile": "tile_012220",
      "variants": [
        "iso",
        "az136",
        "az149",
        "az173",
        "az355"
      ]
    },
    {
      "tile": "tile_004432",
      "variants": [
        "iso",
        "az034",
        "az056",
        "az211",
        "az231"
      ]
    },
    {
      "tile": "tile_026989",
      "variants": [
        "iso",
        "az030",
        "az084",
        "az122",
        "az292"
      ]
    },
    {
      "tile": "tile_000027",
      "variants": [
        "iso",
        "az221",
        "az243",
        "az281",
        "az309"
      ]
    },
    {
      "tile": "tile_026751",
      "variants": [
        "iso",
        "az034",
        "az055",
        "az061",
        "az227"
      ]
    },
    {
      "tile": "tile_021473",
      "variants": [
        "iso",
        "az006",
        "az085",
        "az109",
        "az112"
      ]
    },
    {
      "tile": "tile_016640",
      "variants": [
        "iso",
        "az176",
        "az178",
        "az283",
        "az335"
      ]
    },
    {
      "tile": "tile_006261",
      "variants": [
        "iso",
        "az002",
        "az064",
        "az104",
        "az311"
      ]
    },
    {
      "tile": "tile_022640",
      "variants": [
        "iso",
        "az162",
        "az187",
        "az330",
        "az346"
      ]
    },
    {
      "tile": "tile_019376",
      "variants": [
        "iso",
        "az062",
        "az190",
        "az198",
        "az257"
      ]
    },
    {
      "tile": "tile_024576",
      "variants": [
        "iso",
        "az012",
        "az111",
        "az254",
        "az345"
      ]
    },
    {
      "tile": "tile_027263",
      "variants": [
        "iso",
        "az029",
        "az054",
        "az149",
        "az203"
      ]
    },
    {
      "tile": "tile_027026",
      "variants": [
        "iso",
        "az206",
        "az237",
        "az274",
        "az340"
      ]
    },
    {
      "tile": "tile_011031",
      "variants": [
        "iso",
        "az092",
        "az104",
        "az293",
        "az319"
      ]
    },
    {
      "tile": "tile_018658",
      "variants": [
        "iso",
        "az068",
        "az166",
        "az249",
        "az313"
      ]
    },
    {
      "tile": "tile_022101",
      "variants": [
        "iso",
        "az306",
        "az325",
        "az334",
        "az354"
      ]
    },
    {
      "tile": "tile_002399",
      "variants": [
        "iso",
        "az132",
        "az162",
        "az248",
        "az257"
      ]
    },
    {
      "tile": "tile_015640",
      "variants": [
        "iso",
        "az031",
        "az119",
        "az268",
        "az292"
      ]
    },
    {
      "tile": "tile_002385",
      "variants": [
        "iso",
        "az010",
        "az031",
        "az109",
        "az299"
      ]
    },
    {
      "tile": "tile_009708",
      "variants": [
        "iso",
        "az072",
        "az080",
        "az112",
        "az239"
      ]
    },
    {
      "tile": "tile_000706",
      "variants": [
        "iso",
        "az029",
        "az202",
        "az211",
        "az230"
      ]
    },
    {
      "tile": "tile_008462",
      "variants": [
        "iso",
        "az030",
        "az085",
        "az142",
        "az224"
      ]
    },
    {
      "tile": "tile_009981",
      "variants": [
        "iso",
        "az070",
        "az085",
        "az098",
        "az142"
      ]
    },
    {
      "tile": "tile_010671",
      "variants": [
        "iso",
        "az072",
        "az116",
        "az263",
        "az303"
      ]
    },
    {
      "tile": "tile_007823",
      "variants": [
        "iso",
        "az246",
        "az268",
        "az297",
        "az337"
      ]
    },
    {
      "tile": "tile_023654",
      "variants": [
        "iso",
        "az239",
        "az268",
        "az309",
        "az338"
      ]
    },
    {
      "tile": "tile_021910",
      "variants": [
        "iso",
        "az091",
        "az150",
        "az298",
        "az335"
      ]
    },
    {
      "tile": "tile_009426",
      "variants": [
        "iso",
        "az049",
        "az056",
        "az190",
        "az225"
      ]
    },
    {
      "tile": "tile_002212",
      "variants": [
        "iso",
        "az028",
        "az102",
        "az115",
        "az198"
      ]
    },
    {
      "tile": "tile_026092",
      "variants": [
        "iso",
        "az146",
        "az173",
        "az194",
        "az200"
      ]
    },
    {
      "tile": "tile_012492",
      "variants": [
        "iso",
        "az124",
        "az134",
        "az287",
        "az294"
      ]
    },
    {
      "tile": "tile_010374",
      "variants": [
        "iso",
        "az007",
        "az067",
        "az250",
        "az348"
      ]
    },
    {
      "tile": "tile_009481",
      "variants": [
        "iso",
        "az033",
        "az098",
        "az265",
        "az300"
      ]
    },
    {
      "tile": "tile_009997",
      "variants": [
        "iso",
        "az062",
        "az189",
        "az196",
        "az230"
      ]
    },
    {
      "tile": "tile_011416",
      "variants": [
        "iso",
        "az022",
        "az041",
        "az085",
        "az096"
      ]
    },
    {
      "tile": "tile_024641",
      "variants": [
        "iso",
        "az071",
        "az227",
        "az280",
        "az341"
      ]
    },
    {
      "tile": "tile_016087",
      "variants": [
        "iso",
        "az030",
        "az152",
        "az259",
        "az308"
      ]
    },
    {
      "tile": "tile_027018",
      "variants": [
        "iso",
        "az025",
        "az197",
        "az213",
        "az297"
      ]
    },
    {
      "tile": "tile_026314",
      "variants": [
        "iso",
        "az007",
        "az148",
        "az194",
        "az357"
      ]
    },
    {
      "tile": "tile_000386",
      "variants": [
        "iso",
        "az039",
        "az149",
        "az250",
        "az341"
      ]
    },
    {
      "tile": "tile_002470",
      "variants": [
        "iso",
        "az028",
        "az035",
        "az094",
        "az234"
      ]
    },
    {
      "tile": "tile_008786",
      "variants": [
        "iso",
        "az000",
        "az091",
        "az148",
        "az229"
      ]
    },
    {
      "tile": "tile_015958",
      "variants": [
        "iso",
        "az048",
        "az060",
        "az286",
        "az322"
      ]
    },
    {
      "tile": "tile_003553",
      "variants": [
        "iso",
        "az107",
        "az149",
        "az151",
        "az333"
      ]
    },
    {
      "tile": "tile_025901",
      "variants": [
        "iso",
        "az007",
        "az081",
        "az152",
        "az242"
      ]
    },
    {
      "tile": "tile_016988",
      "variants": [
        "iso",
        "az100",
        "az306",
        "az307",
        "az335"
      ]
    },
    {
      "tile": "tile_023017",
      "variants": [
        "iso",
        "az016",
        "az022",
        "az095",
        "az326"
      ]
    },
    {
      "tile": "tile_005797",
      "variants": [
        "iso",
        "az053",
        "az099",
        "az167",
        "az212"
      ]
    },
    {
      "tile": "tile_009524",
      "variants": [
        "iso",
        "az157",
        "az205",
        "az220",
        "az243"
      ]
    },
    {
      "tile": "tile_023117",
      "variants": [
        "iso",
        "az017",
        "az117",
        "az210",
        "az258"
      ]
    },
    {
      "tile": "tile_011303",
      "variants": [
        "iso",
        "az033",
        "az124",
        "az251",
        "az257"
      ]
    },
    {
      "tile": "tile_013956",
      "variants": [
        "iso",
        "az014",
        "az062",
        "az087",
        "az122"
      ]
    },
    {
      "tile": "tile_005940",
      "variants": [
        "iso",
        "az070",
        "az157",
        "az193",
        "az321"
      ]
    },
    {
      "tile": "tile_002610",
      "variants": [
        "iso",
        "az021",
        "az205",
        "az244",
        "az328"
      ]
    },
    {
      "tile": "tile_018117",
      "variants": [
        "iso",
        "az052",
        "az200",
        "az301",
        "az359"
      ]
    },
    {
      "tile": "tile_016767",
      "variants": [
        "iso",
        "az024",
        "az048",
        "az134",
        "az257"
      ]
    },
    {
      "tile": "tile_001997",
      "variants": [
        "iso",
        "az142",
        "az155",
        "az192",
        "az251"
      ]
    },
    {
      "tile": "tile_012069",
      "variants": [
        "iso",
        "az016",
        "az041",
        "az215",
        "az330"
      ]
    },
    {
      "tile": "tile_010875",
      "variants": [
        "iso",
        "az185",
        "az273",
        "az275",
        "az310"
      ]
    },
    {
      "tile": "tile_013764",
      "variants": [
        "iso",
        "az018",
        "az166",
        "az230",
        "az265"
      ]
    },
    {
      "tile": "tile_008428",
      "variants": [
        "iso",
        "az039",
        "az053",
        "az100",
        "az126"
      ]
    },
    {
      "tile": "tile_021706",
      "variants": [
        "iso",
        "az074",
        "az145",
        "az239",
        "az303"
      ]
    },
    {
      "tile": "tile_016231",
      "variants": [
        "iso",
        "az020",
        "az031",
        "az116",
        "az332"
      ]
    },
    {
      "tile": "tile_000226",
      "variants": [
        "iso",
        "az003",
        "az115",
        "az117",
        "az243"
      ]
    },
    {
      "tile": "tile_000433",
      "variants": [
        "iso",
        "az011",
        "az024",
        "az171",
        "az339"
      ]
    },
    {
      "tile": "tile_015299",
      "variants": [
        "iso",
        "az060",
        "az194",
        "az316",
        "az328"
      ]
    },
    {
      "tile": "tile_007154",
      "variants": [
        "iso",
        "az006",
        "az029",
        "az068",
        "az351"
      ]
    },
    {
      "tile": "tile_025133",
      "variants": [
        "iso",
        "az007",
        "az196",
        "az281",
        "az342"
      ]
    },
    {
      "tile": "tile_027040",
      "variants": [
        "iso",
        "az052",
        "az112",
        "az287",
        "az305"
      ]
    },
    {
      "tile": "tile_013486",
      "variants": [
        "iso",
        "az089",
        "az097",
        "az116",
        "az312"
      ]
    },
    {
      "tile": "tile_002501",
      "variants": [
        "iso",
        "az230",
        "az302",
        "az316",
        "az340"
      ]
    },
    {
      "tile": "tile_010743",
      "variants": [
        "iso",
        "az042",
        "az166",
        "az205",
        "az207"
      ]
    },
    {
      "tile": "tile_010547",
      "variants": [
        "iso",
        "az015",
        "az131",
        "az136",
        "az161"
      ]
    },
    {
      "tile": "tile_016869",
      "variants": [
        "iso",
        "az038",
        "az097",
        "az120",
        "az254"
      ]
    },
    {
      "tile": "tile_026148",
      "variants": [
        "iso",
        "az164",
        "az261",
        "az277",
        "az296"
      ]
    },
    {
      "tile": "tile_022893",
      "variants": [
        "iso",
        "az097",
        "az278",
        "az342",
        "az351"
      ]
    },
    {
      "tile": "tile_017818",
      "variants": [
        "iso",
        "az045",
        "az092",
        "az172",
        "az215"
      ]
    },
    {
      "tile": "tile_022328",
      "variants": [
        "iso",
        "az003",
        "az071",
        "az182",
        "az265"
      ]
    },
    {
      "tile": "tile_020288",
      "variants": [
        "iso",
        "az050",
        "az105",
        "az221",
        "az268"
      ]
    },
    {
      "tile": "tile_003352",
      "variants": [
        "iso",
        "az223",
        "az265",
        "az305",
        "az337"
      ]
    },
    {
      "tile": "tile_000416",
      "variants": [
        "iso",
        "az038",
        "az071",
        "az127",
        "az275"
      ]
    },
    {
      "tile": "tile_000671",
      "variants": [
        "iso",
        "az046",
        "az126",
        "az260",
        "az307"
      ]
    },
    {
      "tile": "tile_006747",
      "variants": [
        "iso",
        "az082",
        "az187",
        "az214",
        "az304"
      ]
    },
    {
      "tile": "tile_005263",
      "variants": [
        "iso",
        "az000",
        "az050",
        "az107",
        "az154"
      ]
    },
    {
      "tile": "tile_005351",
      "variants": [
        "iso",
        "az085",
        "az180",
        "az243",
        "az261"
      ]
    },
    {
      "tile": "tile_009310",
      "variants": [
        "iso",
        "az045",
        "az112",
        "az224",
        "az300"
      ]
    },
    {
      "tile": "tile_000261",
      "variants": [
        "iso",
        "az055",
        "az058",
        "az094",
        "az144"
      ]
    },
    {
      "tile": "tile_025199",
      "variants": [
        "iso",
        "az050",
        "az091",
        "az151",
        "az176"
      ]
    },
    {
      "tile": "tile_010423",
      "variants": [
        "iso",
        "az010",
        "az023",
        "az126",
        "az209"
      ]
    },
    {
      "tile": "tile_009248",
      "variants": [
        "iso",
        "az194",
        "az275",
        "az326",
        "az331"
      ]
    },
    {
      "tile": "tile_006587",
      "variants": [
        "iso",
        "az092",
        "az121",
        "az187",
        "az253"
      ]
    },
    {
      "tile": "tile_027192",
      "variants": [
        "iso",
        "az056",
        "az221",
        "az233",
        "az250"
      ]
    },
    {
      "tile": "tile_009490",
      "variants": [
        "iso",
        "az069",
        "az100",
        "az126",
        "az355"
      ]
    },
    {
      "tile": "tile_004725",
      "variants": [
        "iso",
        "az089",
        "az170",
        "az303",
        "az339"
      ]
    },
    {
      "tile": "tile_000311",
      "variants": [
        "iso",
        "az139",
        "az170",
        "az211",
        "az217"
      ]
    },
    {
      "tile": "tile_023498",
      "variants": [
        "iso",
        "az042",
        "az069",
        "az300",
        "az338"
      ]
    },
    {
      "tile": "tile_003212",
      "variants": [
        "iso",
        "az055",
        "az153",
        "az237",
        "az349"
      ]
    },
    {
      "tile": "tile_010504",
      "variants": [
        "iso",
        "az078",
        "az096",
        "az122",
        "az348"
      ]
    },
    {
      "tile": "tile_008368",
      "variants": [
        "iso",
        "az007",
        "az148",
        "az268",
        "az316"
      ]
    },
    {
      "tile": "tile_009051",
      "variants": [
        "iso",
        "az101",
        "az203",
        "az205",
        "az292"
      ]
    },
    {
      "tile": "tile_027110",
      "variants": [
        "iso",
        "az070",
        "az222",
        "az305",
        "az348"
      ]
    },
    {
      "tile": "tile_024430",
      "variants": [
        "iso",
        "az037",
        "az046",
        "az063",
        "az143"
      ]
    },
    {
      "tile": "tile_003394",
      "variants": [
        "iso",
        "az115",
        "az123",
        "az223",
        "az299"
      ]
    },
    {
      "tile": "tile_026651",
      "variants": [
        "iso",
        "az077",
        "az108",
        "az123",
        "az306"
      ]
    },
    {
      "tile": "tile_000394",
      "variants": [
        "iso",
        "az048",
        "az086",
        "az103",
        "az323"
      ]
    },
    {
      "tile": "tile_006690",
      "variants": [
        "iso",
        "az033",
        "az215",
        "az247",
        "az308"
      ]
    },
    {
      "tile": "tile_006466",
      "variants": [
        "iso",
        "az172",
        "az262",
        "az280",
        "az283"
      ]
    },
    {
      "tile": "tile_018862",
      "variants": [
        "iso",
        "az178",
        "az266",
        "az279",
        "az326"
      ]
    },
    {
      "tile": "tile_010077",
      "variants": [
        "iso",
        "az016",
        "az221",
        "az281",
        "az296"
      ]
    },
    {
      "tile": "tile_026175",
      "variants": [
        "iso",
        "az049",
        "az050",
        "az089",
        "az212"
      ]
    },
    {
      "tile": "tile_009905",
      "variants": [
        "iso",
        "az061",
        "az162",
        "az170",
        "az319"
      ]
    },
    {
      "tile": "tile_008880",
      "variants": [
        "iso",
        "az276",
        "az277",
        "az283",
        "az305"
      ]
    },
    {
      "tile": "tile_022459",
      "variants": [
        "iso",
        "az047",
        "az103",
        "az124",
        "az345"
      ]
    },
    {
      "tile": "tile_024470",
      "variants": [
        "iso",
        "az065",
        "az185",
        "az250",
        "az312"
      ]
    },
    {
      "tile": "tile_004196",
      "variants": [
        "iso",
        "az122",
        "az131",
        "az136",
        "az195"
      ]
    },
    {
      "tile": "tile_009417",
      "variants": [
        "iso",
        "az096",
        "az142",
        "az235",
        "az256"
      ]
    },
    {
      "tile": "tile_009446",
      "variants": [
        "iso",
        "az081",
        "az184",
        "az197",
        "az303"
      ]
    },
    {
      "tile": "tile_021974",
      "variants": [
        "iso",
        "az058",
        "az214",
        "az299",
        "az350"
      ]
    },
    {
      "tile": "tile_020686",
      "variants": [
        "iso",
        "az042",
        "az168",
        "az339",
        "az357"
      ]
    },
    {
      "tile": "tile_018449",
      "variants": [
        "iso",
        "az035",
        "az060",
        "az126",
        "az293"
      ]
    },
    {
      "tile": "tile_027160",
      "variants": [
        "iso",
        "az031",
        "az077",
        "az125",
        "az208"
      ]
    },
    {
      "tile": "tile_026979",
      "variants": [
        "iso",
        "az033",
        "az045",
        "az062",
        "az348"
      ]
    },
    {
      "tile": "tile_008746",
      "variants": [
        "iso",
        "az007",
        "az278",
        "az312",
        "az320"
      ]
    },
    {
      "tile": "tile_006354",
      "variants": [
        "iso",
        "az051",
        "az144",
        "az268",
        "az341"
      ]
    },
    {
      "tile": "tile_003737",
      "variants": [
        "iso",
        "az043",
        "az162",
        "az229",
        "az236"
      ]
    },
    {
      "tile": "tile_021041",
      "variants": [
        "iso",
        "az123",
        "az134",
        "az231",
        "az352"
      ]
    },
    {
      "tile": "tile_025569",
      "variants": [
        "iso",
        "az113",
        "az115",
        "az271",
        "az329"
      ]
    },
    {
      "tile": "tile_025413",
      "variants": [
        "iso",
        "az065",
        "az156",
        "az190",
        "az298"
      ]
    },
    {
      "tile": "tile_020922",
      "variants": [
        "iso",
        "az040",
        "az095",
        "az256",
        "az344"
      ]
    },
    {
      "tile": "tile_008109",
      "variants": [
        "iso",
        "az173",
        "az203",
        "az222",
        "az343"
      ]
    },
    {
      "tile": "tile_020714",
      "variants": [
        "iso",
        "az005",
        "az032",
        "az289",
        "az306"
      ]
    },
    {
      "tile": "tile_003532",
      "variants": [
        "iso",
        "az036",
        "az171",
        "az343",
        "az345"
      ]
    },
    {
      "tile": "tile_006787",
      "variants": [
        "iso",
        "az005",
        "az125",
        "az280",
        "az326"
      ]
    },
    {
      "tile": "tile_014169",
      "variants": [
        "iso",
        "az108",
        "az138",
        "az146",
        "az159"
      ]
    },
    {
      "tile": "tile_024481",
      "variants": [
        "iso",
        "az018",
        "az031",
        "az140",
        "az271"
      ]
    },
    {
      "tile": "tile_019820",
      "variants": [
        "iso",
        "az096",
        "az105",
        "az126",
        "az251"
      ]
    },
    {
      "tile": "tile_006642",
      "variants": [
        "iso",
        "az086",
        "az229",
        "az263",
        "az345"
      ]
    },
    {
      "tile": "tile_024793",
      "variants": [
        "iso",
        "az117",
        "az199",
        "az202",
        "az246"
      ]
    },
    {
      "tile": "tile_009624",
      "variants": [
        "iso",
        "az157",
        "az257",
        "az312",
        "az318"
      ]
    },
    {
      "tile": "tile_024446",
      "variants": [
        "iso",
        "az222",
        "az240",
        "az291",
        "az344"
      ]
    },
    {
      "tile": "tile_011846",
      "variants": [
        "iso",
        "az022",
        "az223",
        "az316",
        "az341"
      ]
    },
    {
      "tile": "tile_026094",
      "variants": [
        "iso",
        "az064",
        "az295",
        "az320",
        "az340"
      ]
    },
    {
      "tile": "tile_017783",
      "variants": [
        "iso",
        "az171",
        "az191",
        "az204",
        "az257"
      ]
    },
    {
      "tile": "tile_023442",
      "variants": [
        "iso",
        "az001",
        "az116",
        "az219",
        "az268"
      ]
    },
    {
      "tile": "tile_004097",
      "variants": [
        "iso",
        "az019",
        "az120",
        "az181",
        "az268"
      ]
    },
    {
      "tile": "tile_020391",
      "variants": [
        "iso",
        "az011",
        "az062",
        "az079",
        "az114"
      ]
    },
    {
      "tile": "tile_020598",
      "variants": [
        "iso",
        "az079",
        "az104",
        "az170",
        "az241"
      ]
    },
    {
      "tile": "tile_016391",
      "variants": [
        "iso",
        "az090",
        "az120",
        "az160",
        "az352"
      ]
    },
    {
      "tile": "tile_026135",
      "variants": [
        "iso",
        "az021",
        "az128",
        "az174",
        "az257"
      ]
    },
    {
      "tile": "tile_016922",
      "variants": [
        "iso",
        "az038",
        "az137",
        "az171",
        "az226"
      ]
    },
    {
      "tile": "tile_008125",
      "variants": [
        "iso",
        "az042",
        "az181",
        "az196",
        "az306"
      ]
    },
    {
      "tile": "tile_012494",
      "variants": [
        "iso",
        "az063",
        "az064",
        "az116",
        "az156"
      ]
    },
    {
      "tile": "tile_009437",
      "variants": [
        "iso",
        "az068",
        "az099",
        "az121",
        "az140"
      ]
    },
    {
      "tile": "tile_027262",
      "variants": [
        "iso",
        "az152",
        "az167",
        "az265",
        "az297"
      ]
    },
    {
      "tile": "tile_019473",
      "variants": [
        "iso",
        "az014",
        "az099",
        "az142",
        "az295"
      ]
    },
    {
      "tile": "tile_006461",
      "variants": [
        "iso",
        "az021",
        "az125",
        "az232",
        "az321"
      ]
    },
    {
      "tile": "tile_009760",
      "variants": [
        "iso",
        "az037",
        "az131",
        "az253",
        "az354"
      ]
    },
    {
      "tile": "tile_025726",
      "variants": [
        "iso",
        "az151",
        "az189",
        "az259",
        "az277"
      ]
    },
    {
      "tile": "tile_010109",
      "variants": [
        "iso",
        "az049",
        "az091",
        "az232",
        "az354"
      ]
    },
    {
      "tile": "tile_026604",
      "variants": [
        "iso",
        "az011",
        "az206",
        "az338",
        "az356"
      ]
    },
    {
      "tile": "tile_016636",
      "variants": [
        "iso",
        "az030",
        "az045",
        "az077",
        "az305"
      ]
    },
    {
      "tile": "tile_003688",
      "variants": [
        "iso",
        "az079",
        "az081",
        "az165",
        "az282"
      ]
    },
    {
      "tile": "tile_009383",
      "variants": [
        "iso",
        "az017",
        "az209",
        "az249",
        "az255"
      ]
    },
    {
      "tile": "tile_008110",
      "variants": [
        "iso",
        "az177",
        "az188",
        "az219",
        "az304"
      ]
    },
    {
      "tile": "tile_023590",
      "variants": [
        "iso",
        "az016",
        "az030",
        "az225",
        "az338"
      ]
    },
    {
      "tile": "tile_021277",
      "variants": [
        "iso",
        "az096",
        "az121",
        "az232",
        "az321"
      ]
    },
    {
      "tile": "tile_005312",
      "variants": [
        "iso",
        "az078",
        "az110",
        "az319",
        "az355"
      ]
    },
    {
      "tile": "tile_025937",
      "variants": [
        "iso",
        "az124",
        "az197",
        "az273",
        "az275"
      ]
    },
    {
      "tile": "tile_022499",
      "variants": [
        "iso",
        "az033",
        "az082",
        "az143",
        "az153"
      ]
    },
    {
      "tile": "tile_010868",
      "variants": [
        "iso",
        "az005",
        "az114",
        "az120",
        "az278"
      ]
    },
    {
      "tile": "tile_002140",
      "variants": [
        "iso",
        "az018",
        "az197",
        "az282",
        "az316"
      ]
    },
    {
      "tile": "tile_022332",
      "variants": [
        "iso",
        "az078",
        "az083",
        "az090",
        "az099"
      ]
    },
    {
      "tile": "tile_020159",
      "variants": [
        "iso",
        "az049",
        "az067",
        "az230",
        "az321"
      ]
    },
    {
      "tile": "tile_018316",
      "variants": [
        "iso",
        "az032",
        "az212",
        "az236",
        "az340"
      ]
    },
    {
      "tile": "tile_004877",
      "variants": [
        "iso",
        "az141",
        "az182",
        "az206",
        "az265"
      ]
    },
    {
      "tile": "tile_002039",
      "variants": [
        "iso",
        "az021",
        "az057",
        "az156",
        "az255"
      ]
    },
    {
      "tile": "tile_017879",
      "variants": [
        "iso",
        "az019",
        "az028",
        "az124",
        "az171"
      ]
    },
    {
      "tile": "tile_003135",
      "variants": [
        "iso",
        "az036",
        "az185",
        "az276",
        "az296"
      ]
    },
    {
      "tile": "tile_007721",
      "variants": [
        "iso",
        "az002",
        "az063",
        "az198",
        "az263"
      ]
    },
    {
      "tile": "tile_025789",
      "variants": [
        "iso",
        "az071",
        "az237",
        "az267",
        "az292"
      ]
    },
    {
      "tile": "tile_006611",
      "variants": [
        "iso",
        "az068",
        "az166",
        "az241",
        "az305"
      ]
    },
    {
      "tile": "tile_017395",
      "variants": [
        "iso",
        "az158",
        "az260",
        "az291",
        "az309"
      ]
    },
    {
      "tile": "tile_004713",
      "variants": [
        "iso",
        "az070",
        "az109",
        "az262",
        "az278"
      ]
    },
    {
      "tile": "tile_011738",
      "variants": [
        "iso",
        "az095",
        "az255",
        "az286",
        "az308"
      ]
    },
    {
      "tile": "tile_006736",
      "variants": [
        "iso",
        "az221",
        "az267",
        "az290",
        "az305"
      ]
    },
    {
      "tile": "tile_024710",
      "variants": [
        "iso",
        "az018",
        "az137",
        "az166",
        "az299"
      ]
    },
    {
      "tile": "tile_014997",
      "variants": [
        "iso",
        "az060",
        "az113",
        "az222",
        "az279"
      ]
    },
    {
      "tile": "tile_017291",
      "variants": [
        "iso",
        "az147",
        "az174",
        "az215",
        "az258"
      ]
    },
    {
      "tile": "tile_011898",
      "variants": [
        "iso",
        "az141",
        "az152",
        "az266",
        "az310"
      ]
    },
    {
      "tile": "tile_002823",
      "variants": [
        "iso",
        "az026",
        "az047",
        "az157",
        "az225"
      ]
    },
    {
      "tile": "tile_005137",
      "variants": [
        "iso",
        "az018",
        "az265",
        "az280",
        "az359"
      ]
    },
    {
      "tile": "tile_025204",
      "variants": [
        "iso",
        "az050",
        "az102",
        "az189",
        "az319"
      ]
    },
    {
      "tile": "tile_022493",
      "variants": [
        "iso",
        "az006",
        "az233",
        "az237",
        "az273"
      ]
    },
    {
      "tile": "tile_002390",
      "variants": [
        "iso",
        "az039",
        "az194",
        "az299",
        "az321"
      ]
    },
    {
      "tile": "tile_015243",
      "variants": [
        "iso",
        "az025",
        "az169",
        "az253",
        "az295"
      ]
    },
    {
      "tile": "tile_008789",
      "variants": [
        "iso",
        "az130",
        "az188",
        "az225",
        "az226"
      ]
    },
    {
      "tile": "tile_023337",
      "variants": [
        "iso",
        "az106",
        "az152",
        "az254",
        "az268"
      ]
    },
    {
      "tile": "tile_004173",
      "variants": [
        "iso",
        "az062",
        "az080",
        "az241",
        "az290"
      ]
    },
    {
      "tile": "tile_002779",
      "variants": [
        "iso",
        "az109",
        "az204",
        "az295",
        "az309"
      ]
    },
    {
      "tile": "tile_027066",
      "variants": [
        "iso",
        "az045",
        "az061",
        "az218",
        "az258"
      ]
    },
    {
      "tile": "tile_000488",
      "variants": [
        "iso",
        "az005",
        "az088",
        "az098",
        "az236"
      ]
    },
    {
      "tile": "tile_023554",
      "variants": [
        "iso",
        "az124",
        "az158",
        "az248",
        "az271"
      ]
    },
    {
      "tile": "tile_019290",
      "variants": [
        "iso",
        "az037",
        "az174",
        "az239",
        "az291"
      ]
    },
    {
      "tile": "tile_017772",
      "variants": [
        "iso",
        "az140",
        "az227",
        "az331",
        "az333"
      ]
    },
    {
      "tile": "tile_024971",
      "variants": [
        "iso",
        "az042",
        "az088",
        "az230",
        "az238"
      ]
    },
    {
      "tile": "tile_015356",
      "variants": [
        "iso",
        "az002",
        "az079",
        "az109",
        "az150"
      ]
    },
    {
      "tile": "tile_010654",
      "variants": [
        "iso",
        "az083",
        "az155",
        "az233",
        "az317"
      ]
    },
    {
      "tile": "tile_018512",
      "variants": [
        "iso",
        "az101",
        "az320",
        "az332",
        "az346"
      ]
    },
    {
      "tile": "tile_009072",
      "variants": [
        "iso",
        "az127",
        "az151",
        "az301",
        "az355"
      ]
    },
    {
      "tile": "tile_008511",
      "variants": [
        "iso",
        "az017",
        "az033",
        "az062",
        "az295"
      ]
    },
    {
      "tile": "tile_001443",
      "variants": [
        "iso",
        "az083",
        "az085",
        "az107",
        "az217"
      ]
    },
    {
      "tile": "tile_018565",
      "variants": [
        "iso",
        "az126",
        "az165",
        "az278",
        "az343"
      ]
    },
    {
      "tile": "tile_003005",
      "variants": [
        "iso",
        "az107",
        "az114",
        "az232",
        "az318"
      ]
    },
    {
      "tile": "tile_003011",
      "variants": [
        "iso",
        "az038",
        "az107",
        "az165",
        "az299"
      ]
    },
    {
      "tile": "tile_003213",
      "variants": [
        "iso",
        "az052",
        "az176",
        "az193",
        "az317"
      ]
    },
    {
      "tile": "tile_016193",
      "variants": [
        "iso",
        "az103",
        "az278",
        "az279",
        "az307"
      ]
    },
    {
      "tile": "tile_005197",
      "variants": [
        "iso",
        "az027",
        "az083",
        "az134",
        "az207"
      ]
    },
    {
      "tile": "tile_011207",
      "variants": [
        "iso",
        "az164",
        "az168",
        "az199",
        "az236"
      ]
    },
    {
      "tile": "tile_011185",
      "variants": [
        "iso",
        "az122",
        "az177",
        "az213",
        "az284"
      ]
    },
    {
      "tile": "tile_009690",
      "variants": [
        "iso",
        "az043",
        "az179",
        "az213",
        "az343"
      ]
    },
    {
      "tile": "tile_024395",
      "variants": [
        "iso",
        "az035",
        "az078",
        "az225",
        "az309"
      ]
    },
    {
      "tile": "tile_027186",
      "variants": [
        "iso",
        "az015",
        "az052",
        "az115",
        "az235"
      ]
    },
    {
      "tile": "tile_026015",
      "variants": [
        "iso",
        "az204",
        "az250",
        "az331",
        "az352"
      ]
    },
    {
      "tile": "tile_001185",
      "variants": [
        "iso",
        "az060",
        "az083",
        "az268",
        "az328"
      ]
    },
    {
      "tile": "tile_000523",
      "variants": [
        "iso",
        "az117",
        "az139",
        "az311",
        "az317"
      ]
    },
    {
      "tile": "tile_024666",
      "variants": [
        "iso",
        "az088",
        "az095",
        "az151",
        "az347"
      ]
    },
    {
      "tile": "tile_011924",
      "variants": [
        "iso",
        "az128",
        "az148",
        "az170",
        "az340"
      ]
    },
    {
      "tile": "tile_025798",
      "variants": [
        "iso",
        "az055",
        "az068",
        "az078",
        "az280"
      ]
    },
    {
      "tile": "tile_002432",
      "variants": [
        "iso",
        "az075",
        "az112",
        "az120",
        "az204"
      ]
    },
    {
      "tile": "tile_026085",
      "variants": [
        "iso",
        "az026",
        "az136",
        "az338",
        "az343"
      ]
    },
    {
      "tile": "tile_026001",
      "variants": [
        "iso",
        "az032",
        "az042",
        "az147",
        "az254"
      ]
    },
    {
      "tile": "tile_011330",
      "variants": [
        "iso",
        "az104",
        "az168",
        "az298",
        "az309"
      ]
    },
    {
      "tile": "tile_000178",
      "variants": [
        "iso",
        "az212",
        "az229",
        "az256",
        "az298"
      ]
    },
    {
      "tile": "tile_004273",
      "variants": [
        "iso",
        "az056",
        "az133",
        "az173",
        "az286"
      ]
    },
    {
      "tile": "tile_000408",
      "variants": [
        "iso",
        "az140",
        "az235",
        "az286",
        "az305"
      ]
    },
    {
      "tile": "tile_009712",
      "variants": [
        "iso",
        "az015",
        "az030",
        "az303",
        "az330"
      ]
    },
    {
      "tile": "tile_000381",
      "variants": [
        "iso",
        "az188",
        "az302",
        "az323",
        "az328"
      ]
    },
    {
      "tile": "tile_008943",
      "variants": [
        "iso",
        "az040",
        "az065",
        "az147",
        "az227"
      ]
    },
    {
      "tile": "tile_017227",
      "variants": [
        "iso",
        "az060",
        "az137",
        "az155",
        "az315"
      ]
    },
    {
      "tile": "tile_007431",
      "variants": [
        "iso",
        "az107",
        "az208",
        "az306",
        "az330"
      ]
    },
    {
      "tile": "tile_021304",
      "variants": [
        "iso",
        "az051",
        "az185",
        "az229",
        "az314"
      ]
    },
    {
      "tile": "tile_009145",
      "variants": [
        "iso",
        "az084",
        "az183",
        "az329",
        "az336"
      ]
    },
    {
      "tile": "tile_014793",
      "variants": [
        "iso",
        "az067",
        "az213",
        "az241",
        "az258"
      ]
    },
    {
      "tile": "tile_022367",
      "variants": [
        "iso",
        "az154",
        "az156",
        "az224",
        "az337"
      ]
    },
    {
      "tile": "tile_024279",
      "variants": [
        "iso",
        "az068",
        "az264",
        "az270",
        "az356"
      ]
    },
    {
      "tile": "tile_027046",
      "variants": [
        "iso",
        "az056",
        "az137",
        "az175",
        "az297"
      ]
    },
    {
      "tile": "tile_003690",
      "variants": [
        "iso",
        "az058",
        "az131",
        "az164",
        "az242"
      ]
    },
    {
      "tile": "tile_003311",
      "variants": [
        "iso",
        "az019",
        "az165",
        "az197",
        "az218"
      ]
    },
    {
      "tile": "tile_006705",
      "variants": [
        "iso",
        "az119",
        "az129",
        "az146",
        "az244"
      ]
    },
    {
      "tile": "tile_000747",
      "variants": [
        "iso",
        "az004",
        "az117",
        "az135",
        "az273"
      ]
    },
    {
      "tile": "tile_016589",
      "variants": [
        "iso",
        "az221",
        "az224",
        "az325",
        "az337"
      ]
    },
    {
      "tile": "tile_003671",
      "variants": [
        "iso",
        "az001",
        "az019",
        "az269",
        "az283"
      ]
    },
    {
      "tile": "tile_020146",
      "variants": [
        "iso",
        "az038",
        "az040",
        "az185",
        "az244"
      ]
    },
    {
      "tile": "tile_002556",
      "variants": [
        "iso",
        "az070",
        "az123",
        "az169",
        "az293"
      ]
    },
    {
      "tile": "tile_006932",
      "variants": [
        "iso",
        "az021",
        "az100",
        "az183",
        "az284"
      ]
    },
    {
      "tile": "tile_012561",
      "variants": [
        "iso",
        "az265",
        "az269",
        "az284",
        "az351"
      ]
    },
    {
      "tile": "tile_004252",
      "variants": [
        "iso",
        "az062",
        "az196",
        "az229",
        "az346"
      ]
    },
    {
      "tile": "tile_006703",
      "variants": [
        "iso",
        "az102",
        "az111",
        "az255",
        "az314"
      ]
    },
    {
      "tile": "tile_025758",
      "variants": [
        "iso",
        "az000",
        "az096",
        "az181",
        "az270"
      ]
    },
    {
      "tile": "tile_003790",
      "variants": [
        "iso",
        "az002",
        "az019",
        "az106",
        "az319"
      ]
    },
    {
      "tile": "tile_010474",
      "variants": [
        "iso",
        "az070",
        "az087",
        "az150",
        "az304"
      ]
    },
    {
      "tile": "tile_009642",
      "variants": [
        "iso",
        "az016",
        "az040",
        "az167",
        "az180"
      ]
    },
    {
      "tile": "tile_007558",
      "variants": [
        "iso",
        "az008",
        "az080",
        "az089",
        "az334"
      ]
    },
    {
      "tile": "tile_002989",
      "variants": [
        "iso",
        "az188",
        "az231",
        "az241",
        "az302"
      ]
    },
    {
      "tile": "tile_003902",
      "variants": [
        "iso",
        "az008",
        "az147",
        "az327",
        "az335"
      ]
    },
    {
      "tile": "tile_019636",
      "variants": [
        "iso",
        "az099",
        "az115",
        "az153",
        "az193"
      ]
    },
    {
      "tile": "tile_019544",
      "variants": [
        "iso",
        "az053",
        "az213",
        "az220",
        "az285"
      ]
    },
    {
      "tile": "tile_005663",
      "variants": [
        "iso",
        "az067",
        "az209",
        "az293",
        "az322"
      ]
    },
    {
      "tile": "tile_014510",
      "variants": [
        "iso",
        "az111",
        "az134",
        "az253",
        "az298"
      ]
    },
    {
      "tile": "tile_004150",
      "variants": [
        "iso",
        "az003",
        "az144",
        "az295",
        "az313"
      ]
    },
    {
      "tile": "tile_000404",
      "variants": [
        "iso",
        "az018",
        "az051",
        "az116",
        "az135"
      ]
    },
    {
      "tile": "tile_018826",
      "variants": [
        "iso",
        "az055",
        "az075",
        "az215",
        "az308"
      ]
    },
    {
      "tile": "tile_000316",
      "variants": [
        "iso",
        "az013",
        "az015",
        "az087",
        "az359"
      ]
    },
    {
      "tile": "tile_013317",
      "variants": [
        "iso",
        "az007",
        "az035",
        "az343",
        "az357"
      ]
    },
    {
      "tile": "tile_010881",
      "variants": [
        "iso",
        "az061",
        "az087",
        "az238",
        "az280"
      ]
    },
    {
      "tile": "tile_014116",
      "variants": [
        "iso",
        "az112",
        "az148",
        "az274",
        "az348"
      ]
    },
    {
      "tile": "tile_027042",
      "variants": [
        "iso",
        "az158",
        "az234",
        "az277",
        "az351"
      ]
    },
    {
      "tile": "tile_011419",
      "variants": [
        "iso",
        "az028",
        "az169",
        "az196",
        "az210"
      ]
    },
    {
      "tile": "tile_009684",
      "variants": [
        "iso",
        "az072",
        "az090",
        "az292",
        "az310"
      ]
    },
    {
      "tile": "tile_022583",
      "variants": [
        "iso",
        "az207",
        "az310",
        "az340",
        "az356"
      ]
    },
    {
      "tile": "tile_024316",
      "variants": [
        "iso",
        "az148",
        "az224",
        "az280",
        "az346"
      ]
    },
    {
      "tile": "tile_018986",
      "variants": [
        "iso",
        "az155",
        "az287",
        "az317",
        "az340"
      ]
    },
    {
      "tile": "tile_021275",
      "variants": [
        "iso",
        "az058",
        "az103",
        "az127",
        "az310"
      ]
    },
    {
      "tile": "tile_022256",
      "variants": [
        "iso",
        "az233",
        "az242",
        "az244",
        "az283"
      ]
    },
    {
      "tile": "tile_027261",
      "variants": [
        "iso",
        "az038",
        "az177",
        "az251",
        "az285"
      ]
    },
    {
      "tile": "tile_010132",
      "variants": [
        "iso",
        "az044",
        "az116",
        "az249",
        "az296"
      ]
    },
    {
      "tile": "tile_019919",
      "variants": [
        "iso",
        "az167",
        "az207",
        "az232",
        "az281"
      ]
    },
    {
      "tile": "tile_026961",
      "variants": [
        "iso",
        "az015",
        "az020",
        "az088",
        "az351"
      ]
    },
    {
      "tile": "tile_009549",
      "variants": [
        "iso",
        "az000",
        "az163",
        "az204",
        "az247"
      ]
    },
    {
      "tile": "tile_001335",
      "variants": [
        "iso",
        "az183",
        "az188",
        "az210",
        "az254"
      ]
    },
    {
      "tile": "tile_001730",
      "variants": [
        "iso",
        "az009",
        "az104",
        "az111",
        "az116"
      ]
    },
    {
      "tile": "tile_026305",
      "variants": [
        "iso",
        "az073",
        "az131",
        "az288",
        "az314"
      ]
    },
    {
      "tile": "tile_022871",
      "variants": [
        "iso",
        "az084",
        "az198",
        "az229",
        "az316"
      ]
    },
    {
      "tile": "tile_003784",
      "variants": [
        "iso",
        "az125",
        "az158",
        "az214",
        "az309"
      ]
    },
    {
      "tile": "tile_026660",
      "variants": [
        "iso",
        "az016",
        "az222",
        "az230",
        "az349"
      ]
    },
    {
      "tile": "tile_018022",
      "variants": [
        "iso",
        "az015",
        "az083",
        "az116",
        "az295"
      ]
    },
    {
      "tile": "tile_010280",
      "variants": [
        "iso",
        "az026",
        "az244",
        "az283",
        "az294"
      ]
    },
    {
      "tile": "tile_016565",
      "variants": [
        "iso",
        "az147",
        "az217",
        "az286",
        "az344"
      ]
    },
    {
      "tile": "tile_009763",
      "variants": [
        "iso",
        "az061",
        "az172",
        "az270",
        "az294"
      ]
    },
    {
      "tile": "tile_006657",
      "variants": [
        "iso",
        "az024",
        "az190",
        "az284",
        "az314"
      ]
    },
    {
      "tile": "tile_023899",
      "variants": [
        "iso",
        "az070",
        "az138",
        "az259",
        "az304"
      ]
    },
    {
      "tile": "tile_003126",
      "variants": [
        "iso",
        "az001",
        "az177",
        "az221",
        "az343"
      ]
    },
    {
      "tile": "tile_002879",
      "variants": [
        "iso",
        "az013",
        "az070",
        "az309",
        "az311"
      ]
    },
    {
      "tile": "tile_009636",
      "variants": [
        "iso",
        "az068",
        "az083",
        "az270",
        "az317"
      ]
    },
    {
      "tile": "tile_007138",
      "variants": [
        "iso",
        "az157",
        "az167",
        "az171",
        "az242"
      ]
    },
    {
      "tile": "tile_008263",
      "variants": [
        "iso",
        "az041",
        "az195",
        "az243",
        "az280"
      ]
    },
    {
      "tile": "tile_001515",
      "variants": [
        "iso",
        "az110",
        "az171",
        "az210",
        "az242"
      ]
    },
    {
      "tile": "tile_019428",
      "variants": [
        "iso",
        "az039",
        "az161",
        "az307",
        "az319"
      ]
    },
    {
      "tile": "tile_003580",
      "variants": [
        "iso",
        "az066",
        "az166",
        "az324",
        "az349"
      ]
    },
    {
      "tile": "tile_009057",
      "variants": [
        "iso",
        "az127",
        "az188",
        "az242",
        "az297"
      ]
    },
    {
      "tile": "tile_002434",
      "variants": [
        "iso",
        "az093",
        "az126",
        "az186",
        "az332"
      ]
    },
    {
      "tile": "tile_006625",
      "variants": [
        "iso",
        "az017",
        "az058",
        "az139",
        "az275"
      ]
    },
    {
      "tile": "tile_023069",
      "variants": [
        "iso",
        "az066",
        "az126",
        "az148",
        "az183"
      ]
    },
    {
      "tile": "tile_020769",
      "variants": [
        "iso",
        "az067",
        "az113",
        "az157",
        "az217"
      ]
    },
    {
      "tile": "tile_012114",
      "variants": [
        "iso",
        "az134",
        "az151",
        "az169",
        "az201"
      ]
    },
    {
      "tile": "tile_006766",
      "variants": [
        "iso",
        "az033",
        "az087",
        "az166",
        "az330"
      ]
    },
    {
      "tile": "tile_018313",
      "variants": [
        "iso",
        "az110",
        "az128",
        "az208",
        "az211"
      ]
    },
    {
      "tile": "tile_026382",
      "variants": [
        "iso",
        "az020",
        "az025",
        "az158",
        "az268"
      ]
    },
    {
      "tile": "tile_003077",
      "variants": [
        "iso",
        "az078",
        "az209",
        "az213",
        "az289"
      ]
    },
    {
      "tile": "tile_008800",
      "variants": [
        "iso",
        "az068",
        "az178",
        "az221",
        "az265"
      ]
    },
    {
      "tile": "tile_026521",
      "variants": [
        "iso",
        "az026",
        "az236",
        "az247",
        "az336"
      ]
    },
    {
      "tile": "tile_001555",
      "variants": [
        "iso",
        "az038",
        "az166",
        "az312",
        "az322"
      ]
    },
    {
      "tile": "tile_008203",
      "variants": [
        "iso",
        "az124",
        "az276",
        "az281",
        "az330"
      ]
    },
    {
      "tile": "tile_009087",
      "variants": [
        "iso",
        "az042",
        "az097",
        "az202",
        "az295"
      ]
    },
    {
      "tile": "tile_017316",
      "variants": [
        "iso",
        "az193",
        "az302",
        "az323",
        "az344"
      ]
    },
    {
      "tile": "tile_025634",
      "variants": [
        "iso",
        "az080",
        "az222",
        "az280",
        "az289"
      ]
    },
    {
      "tile": "tile_003341",
      "variants": [
        "iso",
        "az106",
        "az201",
        "az219",
        "az225"
      ]
    },
    {
      "tile": "tile_023178",
      "variants": [
        "iso",
        "az015",
        "az238",
        "az245",
        "az329"
      ]
    },
    {
      "tile": "tile_026747",
      "variants": [
        "iso",
        "az165",
        "az194",
        "az300",
        "az335"
      ]
    },
    {
      "tile": "tile_008625",
      "variants": [
        "iso",
        "az011",
        "az044",
        "az051",
        "az198"
      ]
    },
    {
      "tile": "tile_003820",
      "variants": [
        "iso",
        "az022",
        "az059",
        "az111",
        "az269"
      ]
    },
    {
      "tile": "tile_004303",
      "variants": [
        "iso",
        "az071",
        "az102",
        "az271",
        "az343"
      ]
    },
    {
      "tile": "tile_021033",
      "variants": [
        "iso",
        "az011",
        "az174",
        "az226",
        "az272"
      ]
    },
    {
      "tile": "tile_026412",
      "variants": [
        "iso",
        "az027",
        "az087",
        "az118",
        "az343"
      ]
    },
    {
      "tile": "tile_025913",
      "variants": [
        "iso",
        "az035",
        "az094",
        "az155",
        "az351"
      ]
    },
    {
      "tile": "tile_023745",
      "variants": [
        "iso",
        "az031",
        "az175",
        "az207",
        "az224"
      ]
    },
    {
      "tile": "tile_006152",
      "variants": [
        "iso",
        "az034",
        "az117",
        "az155",
        "az266"
      ]
    },
    {
      "tile": "tile_010327",
      "variants": [
        "iso",
        "az114",
        "az133",
        "az180",
        "az245"
      ]
    },
    {
      "tile": "tile_002931",
      "variants": [
        "iso",
        "az033",
        "az115",
        "az183",
        "az277"
      ]
    },
    {
      "tile": "tile_000248",
      "variants": [
        "iso",
        "az033",
        "az056",
        "az141",
        "az205"
      ]
    },
    {
      "tile": "tile_017821",
      "variants": [
        "iso",
        "az045",
        "az112",
        "az179",
        "az314"
      ]
    },
    {
      "tile": "tile_002874",
      "variants": [
        "iso",
        "az034",
        "az213",
        "az284",
        "az354"
      ]
    },
    {
      "tile": "tile_006700",
      "variants": [
        "iso",
        "az148",
        "az262",
        "az283",
        "az286"
      ]
    },
    {
      "tile": "tile_022438",
      "variants": [
        "iso",
        "az185",
        "az189",
        "az298",
        "az337"
      ]
    },
    {
      "tile": "tile_006644",
      "variants": [
        "iso",
        "az014",
        "az016",
        "az255",
        "az311"
      ]
    },
    {
      "tile": "tile_014945",
      "variants": [
        "iso",
        "az082",
        "az142",
        "az164",
        "az353"
      ]
    },
    {
      "tile": "tile_024111",
      "variants": [
        "iso",
        "az098",
        "az274",
        "az297",
        "az322"
      ]
    },
    {
      "tile": "tile_012122",
      "variants": [
        "iso",
        "az153",
        "az165",
        "az275",
        "az330"
      ]
    },
    {
      "tile": "tile_023448",
      "variants": [
        "iso",
        "az064",
        "az136",
        "az289",
        "az329"
      ]
    },
    {
      "tile": "tile_021775",
      "variants": [
        "iso",
        "az055",
        "az133",
        "az242",
        "az316"
      ]
    },
    {
      "tile": "tile_025444",
      "variants": [
        "iso",
        "az151",
        "az165",
        "az217",
        "az232"
      ]
    },
    {
      "tile": "tile_005386",
      "variants": [
        "iso",
        "az017",
        "az057",
        "az307",
        "az357"
      ]
    },
    {
      "tile": "tile_003876",
      "variants": [
        "iso",
        "az068",
        "az227",
        "az234",
        "az315"
      ]
    },
    {
      "tile": "tile_018615",
      "variants": [
        "iso",
        "az085",
        "az165",
        "az344",
        "az353"
      ]
    },
    {
      "tile": "tile_014898",
      "variants": [
        "iso",
        "az038",
        "az214",
        "az255",
        "az337"
      ]
    },
    {
      "tile": "tile_001522",
      "variants": [
        "iso",
        "az008",
        "az125",
        "az283",
        "az329"
      ]
    },
    {
      "tile": "tile_000132",
      "variants": [
        "iso",
        "az068",
        "az279",
        "az316",
        "az321"
      ]
    },
    {
      "tile": "tile_009894",
      "variants": [
        "iso",
        "az117",
        "az193",
        "az200",
        "az248"
      ]
    },
    {
      "tile": "tile_000792",
      "variants": [
        "iso",
        "az107",
        "az150",
        "az239",
        "az250"
      ]
    },
    {
      "tile": "tile_008858",
      "variants": [
        "iso",
        "az231",
        "az242",
        "az290",
        "az336"
      ]
    },
    {
      "tile": "tile_012361",
      "variants": [
        "iso",
        "az048",
        "az063",
        "az163",
        "az278"
      ]
    },
    {
      "tile": "tile_016736",
      "variants": [
        "iso",
        "az126",
        "az140",
        "az168",
        "az323"
      ]
    },
    {
      "tile": "tile_006670",
      "variants": [
        "iso",
        "az113",
        "az224",
        "az225",
        "az242"
      ]
    },
    {
      "tile": "tile_006658",
      "variants": [
        "iso",
        "az002",
        "az279",
        "az292",
        "az308"
      ]
    },
    {
      "tile": "tile_007713",
      "variants": [
        "iso",
        "az029",
        "az107",
        "az298",
        "az349"
      ]
    },
    {
      "tile": "tile_000371",
      "variants": [
        "iso",
        "az147",
        "az278",
        "az291",
        "az355"
      ]
    },
    {
      "tile": "tile_018526",
      "variants": [
        "iso",
        "az031",
        "az050",
        "az150",
        "az154"
      ]
    },
    {
      "tile": "tile_003139",
      "variants": [
        "iso",
        "az015",
        "az079",
        "az114",
        "az140"
      ]
    },
    {
      "tile": "tile_009715",
      "variants": [
        "iso",
        "az069",
        "az122",
        "az169",
        "az257"
      ]
    },
    {
      "tile": "tile_017655",
      "variants": [
        "iso",
        "az211",
        "az311",
        "az325",
        "az355"
      ]
    },
    {
      "tile": "tile_017678",
      "variants": [
        "iso",
        "az151",
        "az155",
        "az171",
        "az199"
      ]
    },
    {
      "tile": "tile_002463",
      "variants": [
        "iso",
        "az162",
        "az178",
        "az212",
        "az237"
      ]
    },
    {
      "tile": "tile_023297",
      "variants": [
        "iso",
        "az019",
        "az155",
        "az209",
        "az304"
      ]
    },
    {
      "tile": "tile_009032",
      "variants": [
        "iso",
        "az090",
        "az105",
        "az225",
        "az262"
      ]
    },
    {
      "tile": "tile_010543",
      "variants": [
        "iso",
        "az074",
        "az183",
        "az214",
        "az280"
      ]
    },
    {
      "tile": "tile_014019",
      "variants": [
        "iso",
        "az000",
        "az075",
        "az204",
        "az220"
      ]
    },
    {
      "tile": "tile_009507",
      "variants": [
        "iso",
        "az003",
        "az255",
        "az259",
        "az340"
      ]
    },
    {
      "tile": "tile_018348",
      "variants": [
        "iso",
        "az132",
        "az198",
        "az269",
        "az316"
      ]
    },
    {
      "tile": "tile_022682",
      "variants": [
        "iso",
        "az028",
        "az079",
        "az082",
        "az099"
      ]
    },
    {
      "tile": "tile_000884",
      "variants": [
        "iso",
        "az099",
        "az103",
        "az142",
        "az350"
      ]
    },
    {
      "tile": "tile_016386",
      "variants": [
        "iso",
        "az047",
        "az131",
        "az172",
        "az237"
      ]
    },
    {
      "tile": "tile_003802",
      "variants": [
        "iso",
        "az022",
        "az120",
        "az173",
        "az309"
      ]
    },
    {
      "tile": "tile_026530",
      "variants": [
        "iso",
        "az238",
        "az255",
        "az306",
        "az326"
      ]
    },
    {
      "tile": "tile_003588",
      "variants": [
        "iso",
        "az041",
        "az086",
        "az175",
        "az228"
      ]
    },
    {
      "tile": "tile_006914",
      "variants": [
        "iso",
        "az034",
        "az055",
        "az131",
        "az198"
      ]
    },
    {
      "tile": "tile_020015",
      "variants": [
        "iso",
        "az008",
        "az015",
        "az052",
        "az114"
      ]
    },
    {
      "tile": "tile_000301",
      "variants": [
        "iso",
        "az038",
        "az128",
        "az260",
        "az326"
      ]
    },
    {
      "tile": "tile_006692",
      "variants": [
        "iso",
        "az126",
        "az156",
        "az265",
        "az294"
      ]
    },
    {
      "tile": "tile_016687",
      "variants": [
        "iso",
        "az215",
        "az216",
        "az253",
        "az285"
      ]
    },
    {
      "tile": "tile_026659",
      "variants": [
        "iso",
        "az117",
        "az135",
        "az250",
        "az351"
      ]
    },
    {
      "tile": "tile_004087",
      "variants": [
        "iso",
        "az064",
        "az070",
        "az157",
        "az228"
      ]
    },
    {
      "tile": "tile_004545",
      "variants": [
        "iso",
        "az012",
        "az052",
        "az307",
        "az318"
      ]
    },
    {
      "tile": "tile_006310",
      "variants": [
        "iso",
        "az052",
        "az083",
        "az296",
        "az317"
      ]
    },
    {
      "tile": "tile_010107",
      "variants": [
        "iso",
        "az021",
        "az214",
        "az225",
        "az343"
      ]
    },
    {
      "tile": "tile_001975",
      "variants": [
        "iso",
        "az021",
        "az056",
        "az207",
        "az309"
      ]
    },
    {
      "tile": "tile_007679",
      "variants": [
        "iso",
        "az112",
        "az330",
        "az344",
        "az345"
      ]
    },
    {
      "tile": "tile_015967",
      "variants": [
        "iso",
        "az061",
        "az064",
        "az195",
        "az354"
      ]
    },
    {
      "tile": "tile_024219",
      "variants": [
        "iso",
        "az017",
        "az052",
        "az233",
        "az297"
      ]
    },
    {
      "tile": "tile_020894",
      "variants": [
        "iso",
        "az158",
        "az203",
        "az321",
        "az341"
      ]
    },
    {
      "tile": "tile_000179",
      "variants": [
        "iso",
        "az006",
        "az197",
        "az228",
        "az314"
      ]
    },
    {
      "tile": "tile_024748",
      "variants": [
        "iso",
        "az104",
        "az111",
        "az206",
        "az345"
      ]
    },
    {
      "tile": "tile_016820",
      "variants": [
        "iso",
        "az096",
        "az174",
        "az176",
        "az233"
      ]
    },
    {
      "tile": "tile_005933",
      "variants": [
        "iso",
        "az074",
        "az137",
        "az138",
        "az158"
      ]
    },
    {
      "tile": "tile_027201",
      "variants": [
        "iso",
        "az036",
        "az043",
        "az147",
        "az203"
      ]
    },
    {
      "tile": "tile_026293",
      "variants": [
        "iso",
        "az019",
        "az028",
        "az103",
        "az310"
      ]
    },
    {
      "tile": "tile_006983",
      "variants": [
        "iso",
        "az104",
        "az154",
        "az227",
        "az280"
      ]
    },
    {
      "tile": "tile_017060",
      "variants": [
        "iso",
        "az014",
        "az216",
        "az255",
        "az264"
      ]
    },
    {
      "tile": "tile_001630",
      "variants": [
        "iso",
        "az019",
        "az110",
        "az207",
        "az352"
      ]
    },
    {
      "tile": "tile_021357",
      "variants": [
        "iso",
        "az035",
        "az072",
        "az202",
        "az339"
      ]
    },
    {
      "tile": "tile_022021",
      "variants": [
        "iso",
        "az008",
        "az203",
        "az240",
        "az287"
      ]
    },
    {
      "tile": "tile_022762",
      "variants": [
        "iso",
        "az125",
        "az303",
        "az314",
        "az323"
      ]
    },
    {
      "tile": "tile_003069",
      "variants": [
        "iso",
        "az049",
        "az097",
        "az171",
        "az240"
      ]
    },
    {
      "tile": "tile_008929",
      "variants": [
        "iso",
        "az196",
        "az206",
        "az240",
        "az352"
      ]
    },
    {
      "tile": "tile_026204",
      "variants": [
        "iso",
        "az078",
        "az156",
        "az261",
        "az300"
      ]
    },
    {
      "tile": "tile_025721",
      "variants": [
        "iso",
        "az250",
        "az258",
        "az260",
        "az311"
      ]
    },
    {
      "tile": "tile_010017",
      "variants": [
        "iso",
        "az121",
        "az151",
        "az196",
        "az289"
      ]
    },
    {
      "tile": "tile_027248",
      "variants": [
        "iso",
        "az209",
        "az268",
        "az287",
        "az320"
      ]
    },
    {
      "tile": "tile_006672",
      "variants": [
        "iso",
        "az015",
        "az068",
        "az092",
        "az349"
      ]
    },
    {
      "tile": "tile_009385",
      "variants": [
        "iso",
        "az151",
        "az166",
        "az227",
        "az249"
      ]
    },
    {
      "tile": "tile_016555",
      "variants": [
        "iso",
        "az007",
        "az048",
        "az081",
        "az264"
      ]
    },
    {
      "tile": "tile_011917",
      "variants": [
        "iso",
        "az227",
        "az265",
        "az299",
        "az322"
      ]
    },
    {
      "tile": "tile_012046",
      "variants": [
        "iso",
        "az021",
        "az024",
        "az133",
        "az279"
      ]
    },
    {
      "tile": "tile_025440",
      "variants": [
        "iso",
        "az088",
        "az140",
        "az155",
        "az252"
      ]
    },
    {
      "tile": "tile_023300",
      "variants": [
        "iso",
        "az108",
        "az153",
        "az170",
        "az353"
      ]
    },
    {
      "tile": "tile_000061",
      "variants": [
        "iso",
        "az101",
        "az184",
        "az241",
        "az344"
      ]
    },
    {
      "tile": "tile_026668",
      "variants": [
        "iso",
        "az077",
        "az089",
        "az167",
        "az168"
      ]
    },
    {
      "tile": "tile_008171",
      "variants": [
        "iso",
        "az050",
        "az113",
        "az312",
        "az346"
      ]
    },
    {
      "tile": "tile_018433",
      "variants": [
        "iso",
        "az025",
        "az075",
        "az111",
        "az197"
      ]
    },
    {
      "tile": "tile_008436",
      "variants": [
        "iso",
        "az012",
        "az064",
        "az180",
        "az303"
      ]
    },
    {
      "tile": "tile_020605",
      "variants": [
        "iso",
        "az224",
        "az255",
        "az264",
        "az301"
      ]
    },
    {
      "tile": "tile_007305",
      "variants": [
        "iso",
        "az018",
        "az054",
        "az084",
        "az101"
      ]
    },
    {
      "tile": "tile_022565",
      "variants": [
        "iso",
        "az118",
        "az175",
        "az201",
        "az244"
      ]
    },
    {
      "tile": "tile_013493",
      "variants": [
        "iso",
        "az057",
        "az208",
        "az209",
        "az356"
      ]
    },
    {
      "tile": "tile_009485",
      "variants": [
        "iso",
        "az037",
        "az051",
        "az221",
        "az350"
      ]
    },
    {
      "tile": "tile_006113",
      "variants": [
        "iso",
        "az081",
        "az154",
        "az167",
        "az216"
      ]
    },
    {
      "tile": "tile_024667",
      "variants": [
        "iso",
        "az014",
        "az082",
        "az092",
        "az170"
      ]
    },
    {
      "tile": "tile_018732",
      "variants": [
        "iso",
        "az114",
        "az169",
        "az237",
        "az357"
      ]
    },
    {
      "tile": "tile_022738",
      "variants": [
        "iso",
        "az144",
        "az238",
        "az290",
        "az336"
      ]
    },
    {
      "tile": "tile_008874",
      "variants": [
        "iso",
        "az110",
        "az207",
        "az247",
        "az256"
      ]
    },
    {
      "tile": "tile_014661",
      "variants": [
        "iso",
        "az049",
        "az119",
        "az137",
        "az258"
      ]
    },
    {
      "tile": "tile_018671",
      "variants": [
        "iso",
        "az010",
        "az030",
        "az079",
        "az108"
      ]
    },
    {
      "tile": "tile_011211",
      "variants": [
        "iso",
        "az009",
        "az199",
        "az223",
        "az302"
      ]
    },
    {
      "tile": "tile_012468",
      "variants": [
        "iso",
        "az065",
        "az082",
        "az292",
        "az326"
      ]
    },
    {
      "tile": "tile_018365",
      "variants": [
        "iso",
        "az005",
        "az068",
        "az253",
        "az270"
      ]
    },
    {
      "tile": "tile_004214",
      "variants": [
        "iso",
        "az025",
        "az072",
        "az085",
        "az121"
      ]
    },
    {
      "tile": "tile_000906",
      "variants": [
        "iso",
        "az029",
        "az060",
        "az202",
        "az283"
      ]
    },
    {
      "tile": "tile_008684",
      "variants": [
        "iso",
        "az029",
        "az081",
        "az209",
        "az268"
      ]
    },
    {
      "tile": "tile_023416",
      "variants": [
        "iso",
        "az173",
        "az178",
        "az261",
        "az305"
      ]
    },
    {
      "tile": "tile_017211",
      "variants": [
        "iso",
        "az001",
        "az087",
        "az176",
        "az307"
      ]
    },
    {
      "tile": "tile_016385",
      "variants": [
        "iso",
        "az122",
        "az234",
        "az301",
        "az349"
      ]
    },
    {
      "tile": "tile_000894",
      "variants": [
        "iso",
        "az021",
        "az054",
        "az108",
        "az288"
      ]
    },
    {
      "tile": "tile_008502",
      "variants": [
        "iso",
        "az055",
        "az186",
        "az222",
        "az302"
      ]
    },
    {
      "tile": "tile_000190",
      "variants": [
        "iso",
        "az064",
        "az113",
        "az200",
        "az276"
      ]
    },
    {
      "tile": "tile_004194",
      "variants": [
        "iso",
        "az052",
        "az198",
        "az215",
        "az219"
      ]
    },
    {
      "tile": "tile_010492",
      "variants": [
        "iso",
        "az069",
        "az186",
        "az293",
        "az340"
      ]
    },
    {
      "tile": "tile_003710",
      "variants": [
        "iso",
        "az018",
        "az097",
        "az289",
        "az318"
      ]
    },
    {
      "tile": "tile_009717",
      "variants": [
        "iso",
        "az036",
        "az099",
        "az118",
        "az278"
      ]
    },
    {
      "tile": "tile_027137",
      "variants": [
        "iso",
        "az014",
        "az167",
        "az219",
        "az247"
      ]
    },
    {
      "tile": "tile_000666",
      "variants": [
        "iso",
        "az111",
        "az135",
        "az184",
        "az192"
      ]
    },
    {
      "tile": "tile_026559",
      "variants": [
        "iso",
        "az003",
        "az019",
        "az034",
        "az128"
      ]
    },
    {
      "tile": "tile_002835",
      "variants": [
        "iso",
        "az156",
        "az164",
        "az170",
        "az332"
      ]
    },
    {
      "tile": "tile_003983",
      "variants": [
        "iso",
        "az079",
        "az087",
        "az115",
        "az286"
      ]
    },
    {
      "tile": "tile_000709",
      "variants": [
        "iso",
        "az165",
        "az194",
        "az228",
        "az332"
      ]
    },
    {
      "tile": "tile_013113",
      "variants": [
        "iso",
        "az044",
        "az117",
        "az134",
        "az174"
      ]
    },
    {
      "tile": "tile_000234",
      "variants": [
        "iso",
        "az076",
        "az163",
        "az252",
        "az271"
      ]
    },
    {
      "tile": "tile_016495",
      "variants": [
        "iso",
        "az114",
        "az161",
        "az353",
        "az358"
      ]
    },
    {
      "tile": "tile_008464",
      "variants": [
        "iso",
        "az139",
        "az202",
        "az229",
        "az338"
      ]
    },
    {
      "tile": "tile_015013",
      "variants": [
        "iso",
        "az008",
        "az057",
        "az134",
        "az317"
      ]
    },
    {
      "tile": "tile_025777",
      "variants": [
        "iso",
        "az014",
        "az016",
        "az148",
        "az287"
      ]
    },
    {
      "tile": "tile_006058",
      "variants": [
        "iso",
        "az064",
        "az088",
        "az166",
        "az229"
      ]
    },
    {
      "tile": "tile_010387",
      "variants": [
        "iso",
        "az043",
        "az061",
        "az168",
        "az336"
      ]
    },
    {
      "tile": "tile_000426",
      "variants": [
        "iso",
        "az007",
        "az035",
        "az123",
        "az354"
      ]
    },
    {
      "tile": "tile_007820",
      "variants": [
        "iso",
        "az032",
        "az040",
        "az185",
        "az348"
      ]
    },
    {
      "tile": "tile_023651",
      "variants": [
        "iso",
        "az148",
        "az150",
        "az193",
        "az326"
      ]
    },
    {
      "tile": "tile_010703",
      "variants": [
        "iso",
        "az102",
        "az227",
        "az351",
        "az354"
      ]
    },
    {
      "tile": "tile_027316",
      "variants": [
        "iso",
        "az048",
        "az092",
        "az134",
        "az252"
      ]
    },
    {
      "tile": "tile_010665",
      "variants": [
        "iso",
        "az022",
        "az120",
        "az168",
        "az352"
      ]
    },
    {
      "tile": "tile_014519",
      "variants": [
        "iso",
        "az065",
        "az173",
        "az203",
        "az353"
      ]
    },
    {
      "tile": "tile_004023",
      "variants": [
        "iso",
        "az128",
        "az193",
        "az194",
        "az341"
      ]
    },
    {
      "tile": "tile_021926",
      "variants": [
        "iso",
        "az016",
        "az018",
        "az089",
        "az280"
      ]
    },
    {
      "tile": "tile_010594",
      "variants": [
        "iso",
        "az043",
        "az101",
        "az130",
        "az282"
      ]
    },
    {
      "tile": "tile_011174",
      "variants": [
        "iso",
        "az011",
        "az136",
        "az244",
        "az315"
      ]
    },
    {
      "tile": "tile_019474",
      "variants": [
        "iso",
        "az054",
        "az129",
        "az316",
        "az331"
      ]
    },
    {
      "tile": "tile_021756",
      "variants": [
        "iso",
        "az003",
        "az103",
        "az343",
        "az349"
      ]
    },
    {
      "tile": "tile_000056",
      "variants": [
        "iso",
        "az061",
        "az227",
        "az250",
        "az350"
      ]
    },
    {
      "tile": "tile_015920",
      "variants": [
        "iso",
        "az080",
        "az115",
        "az281",
        "az355"
      ]
    },
    {
      "tile": "tile_025754",
      "variants": [
        "iso",
        "az025",
        "az069",
        "az183",
        "az314"
      ]
    },
    {
      "tile": "tile_006970",
      "variants": [
        "iso",
        "az152",
        "az177",
        "az216",
        "az269"
      ]
    },
    {
      "tile": "tile_010577",
      "variants": [
        "iso",
        "az062",
        "az154",
        "az239",
        "az310"
      ]
    },
    {
      "tile": "tile_002299",
      "variants": [
        "iso",
        "az068",
        "az251",
        "az295",
        "az346"
      ]
    },
    {
      "tile": "tile_024977",
      "variants": [
        "iso",
        "az096",
        "az123",
        "az158",
        "az242"
      ]
    },
    {
      "tile": "tile_026225",
      "variants": [
        "iso",
        "az244",
        "az303",
        "az324",
        "az349"
      ]
    },
    {
      "tile": "tile_003488",
      "variants": [
        "iso",
        "az060",
        "az090",
        "az221",
        "az323"
      ]
    },
    {
      "tile": "tile_013383",
      "variants": [
        "iso",
        "az016",
        "az206",
        "az324",
        "az337"
      ]
    },
    {
      "tile": "tile_018821",
      "variants": [
        "iso",
        "az016",
        "az109",
        "az148",
        "az256"
      ]
    },
    {
      "tile": "tile_020359",
      "variants": [
        "iso",
        "az001",
        "az232",
        "az235",
        "az338"
      ]
    },
    {
      "tile": "tile_015392",
      "variants": [
        "iso",
        "az004",
        "az241",
        "az273",
        "az316"
      ]
    },
    {
      "tile": "tile_017312",
      "variants": [
        "iso",
        "az121",
        "az209",
        "az245",
        "az343"
      ]
    },
    {
      "tile": "tile_014494",
      "variants": [
        "iso",
        "az005",
        "az064",
        "az334",
        "az341"
      ]
    },
    {
      "tile": "tile_021446",
      "variants": [
        "iso",
        "az080",
        "az215",
        "az288",
        "az298"
      ]
    },
    {
      "tile": "tile_011319",
      "variants": [
        "iso",
        "az130",
        "az148",
        "az201",
        "az282"
      ]
    },
    {
      "tile": "tile_000762",
      "variants": [
        "iso",
        "az068",
        "az172",
        "az176",
        "az310"
      ]
    },
    {
      "tile": "tile_009764",
      "variants": [
        "iso",
        "az280",
        "az284",
        "az294",
        "az342"
      ]
    },
    {
      "tile": "tile_027064",
      "variants": [
        "iso",
        "az091",
        "az157",
        "az187",
        "az282"
      ]
    },
    {
      "tile": "tile_009673",
      "variants": [
        "iso",
        "az063",
        "az097",
        "az143",
        "az356"
      ]
    },
    {
      "tile": "tile_026391",
      "variants": [
        "iso",
        "az065",
        "az085",
        "az175",
        "az356"
      ]
    },
    {
      "tile": "tile_000519",
      "variants": [
        "iso",
        "az109",
        "az134",
        "az230",
        "az280"
      ]
    },
    {
      "tile": "tile_018706",
      "variants": [
        "iso",
        "az118",
        "az160",
        "az180",
        "az275"
      ]
    },
    {
      "tile": "tile_002949",
      "variants": [
        "iso",
        "az039",
        "az099",
        "az243",
        "az359"
      ]
    },
    {
      "tile": "tile_020140",
      "variants": [
        "iso",
        "az122",
        "az203",
        "az267",
        "az335"
      ]
    },
    {
      "tile": "tile_004873",
      "variants": [
        "iso",
        "az090",
        "az093",
        "az126",
        "az220"
      ]
    },
    {
      "tile": "tile_023952",
      "variants": [
        "iso",
        "az131",
        "az180",
        "az182",
        "az268"
      ]
    },
    {
      "tile": "tile_015420",
      "variants": [
        "iso",
        "az041",
        "az054",
        "az091",
        "az253"
      ]
    },
    {
      "tile": "tile_001767",
      "variants": [
        "iso",
        "az034",
        "az052",
        "az217",
        "az341"
      ]
    },
    {
      "tile": "tile_025292",
      "variants": [
        "iso",
        "az028",
        "az044",
        "az120",
        "az301"
      ]
    },
    {
      "tile": "tile_006803",
      "variants": [
        "iso",
        "az015",
        "az206",
        "az235",
        "az305"
      ]
    },
    {
      "tile": "tile_012300",
      "variants": [
        "iso",
        "az101",
        "az131",
        "az285",
        "az313"
      ]
    },
    {
      "tile": "tile_027238",
      "variants": [
        "iso",
        "az040",
        "az111",
        "az263",
        "az339"
      ]
    },
    {
      "tile": "tile_025503",
      "variants": [
        "iso",
        "az099",
        "az279",
        "az324",
        "az328"
      ]
    },
    {
      "tile": "tile_020158",
      "variants": [
        "iso",
        "az003",
        "az218",
        "az270",
        "az294"
      ]
    },
    {
      "tile": "tile_020471",
      "variants": [
        "iso",
        "az061",
        "az124",
        "az250",
        "az283"
      ]
    },
    {
      "tile": "tile_001801",
      "variants": [
        "iso",
        "az085",
        "az120",
        "az242",
        "az266"
      ]
    },
    {
      "tile": "tile_002306",
      "variants": [
        "iso",
        "az097",
        "az169",
        "az180",
        "az205"
      ]
    },
    {
      "tile": "tile_009463",
      "variants": [
        "iso",
        "az035",
        "az068",
        "az131",
        "az343"
      ]
    },
    {
      "tile": "tile_010585",
      "variants": [
        "iso",
        "az040",
        "az047",
        "az052",
        "az287"
      ]
    },
    {
      "tile": "tile_022143",
      "variants": [
        "iso",
        "az091",
        "az100",
        "az306",
        "az331"
      ]
    },
    {
      "tile": "tile_006345",
      "variants": [
        "iso",
        "az022",
        "az027",
        "az054",
        "az313"
      ]
    },
    {
      "tile": "tile_023343",
      "variants": [
        "iso",
        "az051",
        "az118",
        "az153",
        "az186"
      ]
    },
    {
      "tile": "tile_010745",
      "variants": [
        "iso",
        "az081",
        "az105",
        "az299",
        "az326"
      ]
    },
    {
      "tile": "tile_003655",
      "variants": [
        "iso",
        "az139",
        "az141",
        "az199",
        "az303"
      ]
    },
    {
      "tile": "tile_023689",
      "variants": [
        "iso",
        "az038",
        "az104",
        "az283",
        "az293"
      ]
    },
    {
      "tile": "tile_025942",
      "variants": [
        "iso",
        "az043",
        "az074",
        "az115",
        "az252"
      ]
    },
    {
      "tile": "tile_008131",
      "variants": [
        "iso",
        "az049",
        "az101",
        "az331",
        "az347"
      ]
    },
    {
      "tile": "tile_009623",
      "variants": [
        "iso",
        "az125",
        "az192",
        "az202",
        "az274"
      ]
    },
    {
      "tile": "tile_002526",
      "variants": [
        "iso",
        "az005",
        "az142",
        "az233",
        "az356"
      ]
    },
    {
      "tile": "tile_013599",
      "variants": [
        "iso",
        "az074",
        "az086",
        "az194",
        "az238"
      ]
    },
    {
      "tile": "tile_025642",
      "variants": [
        "iso",
        "az177",
        "az236",
        "az268",
        "az283"
      ]
    },
    {
      "tile": "tile_021320",
      "variants": [
        "iso",
        "az005",
        "az006",
        "az337",
        "az354"
      ]
    },
    {
      "tile": "tile_003117",
      "variants": [
        "iso",
        "az023",
        "az118",
        "az231",
        "az300"
      ]
    },
    {
      "tile": "tile_017050",
      "variants": [
        "iso",
        "az144",
        "az162",
        "az177",
        "az228"
      ]
    },
    {
      "tile": "tile_009401",
      "variants": [
        "iso",
        "az070",
        "az102",
        "az253",
        "az261"
      ]
    },
    {
      "tile": "tile_020452",
      "variants": [
        "iso",
        "az037",
        "az072",
        "az089",
        "az103"
      ]
    },
    {
      "tile": "tile_003505",
      "variants": [
        "iso",
        "az001",
        "az188",
        "az271",
        "az340"
      ]
    },
    {
      "tile": "tile_000020",
      "variants": [
        "iso",
        "az129",
        "az244",
        "az314",
        "az323"
      ]
    },
    {
      "tile": "tile_020550",
      "variants": [
        "iso",
        "az042",
        "az174",
        "az224",
        "az283"
      ]
    },
    {
      "tile": "tile_009107",
      "variants": [
        "iso",
        "az007",
        "az086",
        "az120",
        "az226"
      ]
    },
    {
      "tile": "tile_005238",
      "variants": [
        "iso",
        "az124",
        "az152",
        "az266",
        "az303"
      ]
    },
    {
      "tile": "tile_012625",
      "variants": [
        "iso",
        "az051",
        "az073",
        "az087",
        "az225"
      ]
    },
    {
      "tile": "tile_004063",
      "variants": [
        "iso",
        "az061",
        "az170",
        "az200",
        "az239"
      ]
    },
    {
      "tile": "tile_011468",
      "variants": [
        "iso",
        "az061",
        "az167",
        "az227",
        "az345"
      ]
    },
    {
      "tile": "tile_021818",
      "variants": [
        "iso",
        "az041",
        "az108",
        "az118",
        "az337"
      ]
    },
    {
      "tile": "tile_011646",
      "variants": [
        "iso",
        "az142",
        "az166",
        "az269",
        "az350"
      ]
    },
    {
      "tile": "tile_024837",
      "variants": [
        "iso",
        "az058",
        "az062",
        "az071",
        "az110"
      ]
    },
    {
      "tile": "tile_009670",
      "variants": [
        "iso",
        "az085",
        "az264",
        "az265",
        "az277"
      ]
    },
    {
      "tile": "tile_003279",
      "variants": [
        "iso",
        "az004",
        "az232",
        "az271",
        "az346"
      ]
    },
    {
      "tile": "tile_002674",
      "variants": [
        "iso",
        "az005",
        "az160",
        "az187",
        "az312"
      ]
    },
    {
      "tile": "tile_026986",
      "variants": [
        "iso",
        "az050",
        "az182",
        "az324",
        "az348"
      ]
    },
    {
      "tile": "tile_000477",
      "variants": [
        "iso",
        "az055",
        "az202",
        "az262",
        "az311"
      ]
    },
    {
      "tile": "tile_025780",
      "variants": [
        "iso",
        "az030",
        "az106",
        "az145",
        "az162"
      ]
    },
    {
      "tile": "tile_005615",
      "variants": [
        "iso",
        "az015",
        "az063",
        "az096",
        "az237"
      ]
    },
    {
      "tile": "tile_018447",
      "variants": [
        "iso",
        "az005",
        "az007",
        "az162",
        "az305"
      ]
    },
    {
      "tile": "tile_021515",
      "variants": [
        "iso",
        "az135",
        "az172",
        "az256",
        "az286"
      ]
    },
    {
      "tile": "tile_003535",
      "variants": [
        "iso",
        "az027",
        "az055",
        "az178",
        "az246"
      ]
    },
    {
      "tile": "tile_025778",
      "variants": [
        "iso",
        "az006",
        "az066",
        "az106",
        "az221"
      ]
    },
    {
      "tile": "tile_002812",
      "variants": [
        "iso",
        "az136",
        "az183",
        "az223",
        "az319"
      ]
    },
    {
      "tile": "tile_027182",
      "variants": [
        "iso",
        "az127",
        "az130",
        "az232",
        "az329"
      ]
    },
    {
      "tile": "tile_026050",
      "variants": [
        "iso",
        "az126",
        "az135",
        "az266",
        "az275"
      ]
    },
    {
      "tile": "tile_022434",
      "variants": [
        "iso",
        "az135",
        "az184",
        "az278",
        "az344"
      ]
    },
    {
      "tile": "tile_007351",
      "variants": [
        "iso",
        "az030",
        "az037",
        "az148",
        "az349"
      ]
    },
    {
      "tile": "tile_027266",
      "variants": [
        "iso",
        "az020",
        "az054",
        "az237",
        "az354"
      ]
    },
    {
      "tile": "tile_006596",
      "variants": [
        "iso",
        "az091",
        "az192",
        "az237",
        "az314"
      ]
    },
    {
      "tile": "tile_004859",
      "variants": [
        "iso",
        "az069",
        "az137",
        "az265",
        "az297"
      ]
    },
    {
      "tile": "tile_008747",
      "variants": [
        "iso",
        "az035",
        "az117",
        "az136",
        "az304"
      ]
    },
    {
      "tile": "tile_022482",
      "variants": [
        "iso",
        "az011",
        "az042",
        "az312",
        "az347"
      ]
    },
    {
      "tile": "tile_003582",
      "variants": [
        "iso",
        "az048",
        "az059",
        "az179",
        "az283"
      ]
    },
    {
      "tile": "tile_006661",
      "variants": [
        "iso",
        "az028",
        "az086",
        "az209",
        "az270"
      ]
    },
    {
      "tile": "tile_009575",
      "variants": [
        "iso",
        "az056",
        "az133",
        "az321",
        "az333"
      ]
    },
    {
      "tile": "tile_015094",
      "variants": [
        "iso",
        "az269",
        "az286",
        "az288",
        "az331"
      ]
    },
    {
      "tile": "tile_001743",
      "variants": [
        "iso",
        "az064",
        "az095",
        "az124",
        "az246"
      ]
    },
    {
      "tile": "tile_011239",
      "variants": [
        "iso",
        "az028",
        "az162",
        "az228",
        "az250"
      ]
    },
    {
      "tile": "tile_026988",
      "variants": [
        "iso",
        "az093",
        "az194",
        "az201",
        "az230"
      ]
    },
    {
      "tile": "tile_000705",
      "variants": [
        "iso",
        "az092",
        "az099",
        "az241",
        "az342"
      ]
    },
    {
      "tile": "tile_006601",
      "variants": [
        "iso",
        "az133",
        "az146",
        "az320",
        "az336"
      ]
    },
    {
      "tile": "tile_012239",
      "variants": [
        "iso",
        "az035",
        "az124",
        "az125",
        "az292"
      ]
    },
    {
      "tile": "tile_019525",
      "variants": [
        "iso",
        "az122",
        "az253",
        "az275",
        "az310"
      ]
    },
    {
      "tile": "tile_026422",
      "variants": [
        "iso",
        "az022",
        "az053",
        "az059",
        "az348"
      ]
    },
    {
      "tile": "tile_000140",
      "variants": [
        "iso",
        "az086",
        "az182",
        "az238",
        "az252"
      ]
    },
    {
      "tile": "tile_002668",
      "variants": [
        "iso",
        "az105",
        "az159",
        "az335",
        "az337"
      ]
    },
    {
      "tile": "tile_012200",
      "variants": [
        "iso",
        "az064",
        "az071",
        "az128",
        "az241"
      ]
    },
    {
      "tile": "tile_002419",
      "variants": [
        "iso",
        "az216",
        "az274",
        "az345",
        "az347"
      ]
    },
    {
      "tile": "tile_015875",
      "variants": [
        "iso",
        "az105",
        "az117",
        "az137",
        "az270"
      ]
    },
    {
      "tile": "tile_009621",
      "variants": [
        "iso",
        "az017",
        "az029",
        "az257",
        "az338"
      ]
    },
    {
      "tile": "tile_010083",
      "variants": [
        "iso",
        "az026",
        "az128",
        "az209",
        "az311"
      ]
    },
    {
      "tile": "tile_012125",
      "variants": [
        "iso",
        "az044",
        "az126",
        "az154",
        "az299"
      ]
    },
    {
      "tile": "tile_003745",
      "variants": [
        "iso",
        "az052",
        "az176",
        "az278",
        "az332"
      ]
    },
    {
      "tile": "tile_025140",
      "variants": [
        "iso",
        "az128",
        "az248",
        "az250",
        "az306"
      ]
    },
    {
      "tile": "tile_006295",
      "variants": [
        "iso",
        "az030",
        "az198",
        "az224",
        "az358"
      ]
    },
    {
      "tile": "tile_000285",
      "variants": [
        "iso",
        "az018",
        "az154",
        "az163",
        "az351"
      ]
    },
    {
      "tile": "tile_012150",
      "variants": [
        "iso",
        "az034",
        "az156",
        "az182",
        "az268"
      ]
    },
    {
      "tile": "tile_011844",
      "variants": [
        "iso",
        "az050",
        "az105",
        "az289",
        "az336"
      ]
    },
    {
      "tile": "tile_014711",
      "variants": [
        "iso",
        "az017",
        "az089",
        "az215",
        "az257"
      ]
    },
    {
      "tile": "tile_025631",
      "variants": [
        "iso",
        "az140",
        "az149",
        "az187",
        "az347"
      ]
    },
    {
      "tile": "tile_014954",
      "variants": [
        "iso",
        "az097",
        "az166",
        "az251",
        "az327"
      ]
    },
    {
      "tile": "tile_018965",
      "variants": [
        "iso",
        "az079",
        "az153",
        "az340",
        "az353"
      ]
    },
    {
      "tile": "tile_000500",
      "variants": [
        "iso",
        "az019",
        "az058",
        "az279",
        "az330"
      ]
    },
    {
      "tile": "tile_012686",
      "variants": [
        "iso",
        "az051",
        "az097",
        "az148",
        "az204"
      ]
    },
    {
      "tile": "tile_011268",
      "variants": [
        "iso",
        "az034",
        "az035",
        "az092",
        "az219"
      ]
    },
    {
      "tile": "tile_023110",
      "variants": [
        "iso",
        "az027",
        "az082",
        "az177",
        "az339"
      ]
    },
    {
      "tile": "tile_017304",
      "variants": [
        "iso",
        "az038",
        "az106",
        "az274",
        "az307"
      ]
    },
    {
      "tile": "tile_004637",
      "variants": [
        "iso",
        "az068",
        "az250",
        "az291",
        "az327"
      ]
    },
    {
      "tile": "tile_009236",
      "variants": [
        "iso",
        "az017",
        "az022",
        "az145",
        "az357"
      ]
    },
    {
      "tile": "tile_022963",
      "variants": [
        "iso",
        "az073",
        "az093",
        "az183",
        "az237"
      ]
    },
    {
      "tile": "tile_006845",
      "variants": [
        "iso",
        "az098",
        "az103",
        "az148",
        "az211"
      ]
    },
    {
      "tile": "tile_007591",
      "variants": [
        "iso",
        "az035",
        "az094",
        "az130",
        "az139"
      ]
    },
    {
      "tile": "tile_015872",
      "variants": [
        "iso",
        "az061",
        "az118",
        "az200",
        "az203"
      ]
    },
    {
      "tile": "tile_005268",
      "variants": [
        "iso",
        "az194",
        "az232",
        "az241",
        "az359"
      ]
    },
    {
      "tile": "tile_007455",
      "variants": [
        "iso",
        "az104",
        "az157",
        "az266",
        "az329"
      ]
    },
    {
      "tile": "tile_000852",
      "variants": [
        "iso",
        "az002",
        "az026",
        "az144",
        "az184"
      ]
    },
    {
      "tile": "tile_027350",
      "variants": [
        "iso",
        "az118",
        "az157",
        "az171",
        "az275"
      ]
    },
    {
      "tile": "tile_026443",
      "variants": [
        "iso",
        "az028",
        "az118",
        "az237",
        "az246"
      ]
    },
    {
      "tile": "tile_017039",
      "variants": [
        "iso",
        "az062",
        "az146",
        "az164",
        "az177"
      ]
    },
    {
      "tile": "tile_021294",
      "variants": [
        "iso",
        "az066",
        "az108",
        "az133",
        "az145"
      ]
    },
    {
      "tile": "tile_010079",
      "variants": [
        "iso",
        "az034",
        "az087",
        "az303",
        "az349"
      ]
    },
    {
      "tile": "tile_013091",
      "variants": [
        "iso",
        "az011",
        "az125",
        "az274",
        "az344"
      ]
    },
    {
      "tile": "tile_008334",
      "variants": [
        "iso",
        "az007",
        "az069",
        "az183",
        "az264"
      ]
    },
    {
      "tile": "tile_012650",
      "variants": [
        "iso",
        "az006",
        "az056",
        "az060",
        "az107"
      ]
    },
    {
      "tile": "tile_013005",
      "variants": [
        "iso",
        "az032",
        "az036",
        "az094",
        "az249"
      ]
    },
    {
      "tile": "tile_025723",
      "variants": [
        "iso",
        "az039",
        "az091",
        "az154",
        "az187"
      ]
    },
    {
      "tile": "tile_006665",
      "variants": [
        "iso",
        "az063",
        "az064",
        "az153",
        "az198"
      ]
    },
    {
      "tile": "tile_006533",
      "variants": [
        "iso",
        "az146",
        "az188",
        "az193",
        "az269"
      ]
    },
    {
      "tile": "tile_010418",
      "variants": [
        "iso",
        "az083",
        "az198",
        "az316",
        "az327"
      ]
    },
    {
      "tile": "tile_013249",
      "variants": [
        "iso",
        "az141",
        "az262",
        "az334",
        "az335"
      ]
    },
    {
      "tile": "tile_003076",
      "variants": [
        "iso",
        "az075",
        "az241",
        "az319",
        "az346"
      ]
    },
    {
      "tile": "tile_025727",
      "variants": [
        "iso",
        "az081",
        "az119",
        "az180",
        "az213"
      ]
    },
    {
      "tile": "tile_021868",
      "variants": [
        "iso",
        "az073",
        "az123",
        "az190",
        "az326"
      ]
    },
    {
      "tile": "tile_022169",
      "variants": [
        "iso",
        "az016",
        "az114",
        "az127",
        "az335"
      ]
    },
    {
      "tile": "tile_003012",
      "variants": [
        "iso",
        "az093",
        "az122",
        "az139",
        "az258"
      ]
    },
    {
      "tile": "tile_026389",
      "variants": [
        "iso",
        "az008",
        "az079",
        "az176",
        "az313"
      ]
    },
    {
      "tile": "tile_023649",
      "variants": [
        "iso",
        "az033",
        "az130",
        "az258",
        "az282"
      ]
    },
    {
      "tile": "tile_008236",
      "variants": [
        "iso",
        "az182",
        "az191",
        "az216",
        "az324"
      ]
    },
    {
      "tile": "tile_024163",
      "variants": [
        "iso",
        "az087",
        "az101",
        "az190",
        "az259"
      ]
    },
    {
      "tile": "tile_010061",
      "variants": [
        "iso",
        "az096",
        "az103",
        "az178",
        "az341"
      ]
    },
    {
      "tile": "tile_020860",
      "variants": [
        "iso",
        "az047",
        "az213",
        "az227",
        "az252"
      ]
    },
    {
      "tile": "tile_017051",
      "variants": [
        "iso",
        "az127",
        "az178",
        "az221",
        "az291"
      ]
    },
    {
      "tile": "tile_002548",
      "variants": [
        "iso",
        "az055",
        "az239",
        "az277",
        "az350"
      ]
    },
    {
      "tile": "tile_019071",
      "variants": [
        "iso",
        "az022",
        "az132",
        "az144",
        "az204"
      ]
    },
    {
      "tile": "tile_014602",
      "variants": [
        "iso",
        "az017",
        "az079",
        "az194",
        "az233"
      ]
    },
    {
      "tile": "tile_011166",
      "variants": [
        "iso",
        "az034",
        "az086",
        "az090",
        "az183"
      ]
    },
    {
      "tile": "tile_016734",
      "variants": [
        "iso",
        "az079",
        "az166",
        "az202",
        "az319"
      ]
    },
    {
      "tile": "tile_015279",
      "variants": [
        "iso",
        "az099",
        "az202",
        "az290",
        "az342"
      ]
    },
    {
      "tile": "tile_020970",
      "variants": [
        "iso",
        "az112",
        "az166",
        "az231",
        "az281"
      ]
    },
    {
      "tile": "tile_026969",
      "variants": [
        "iso",
        "az042",
        "az101",
        "az108",
        "az249"
      ]
    },
    {
      "tile": "tile_012028",
      "variants": [
        "iso",
        "az086",
        "az161",
        "az242",
        "az332"
      ]
    },
    {
      "tile": "tile_009067",
      "variants": [
        "iso",
        "az012",
        "az015",
        "az078",
        "az129"
      ]
    },
    {
      "tile": "tile_025902",
      "variants": [
        "iso",
        "az067",
        "az156",
        "az206",
        "az234"
      ]
    },
    {
      "tile": "tile_000242",
      "variants": [
        "iso",
        "az023",
        "az024",
        "az040",
        "az104"
      ]
    },
    {
      "tile": "tile_021078",
      "variants": [
        "iso",
        "az154",
        "az242",
        "az260",
        "az285"
      ]
    },
    {
      "tile": "tile_027325",
      "variants": [
        "iso",
        "az048",
        "az233",
        "az308",
        "az317"
      ]
    },
    {
      "tile": "tile_015429",
      "variants": [
        "iso",
        "az192",
        "az212",
        "az221",
        "az227"
      ]
    },
    {
      "tile": "tile_015835",
      "variants": [
        "iso",
        "az188",
        "az213",
        "az276",
        "az304"
      ]
    },
    {
      "tile": "tile_017234",
      "variants": [
        "iso",
        "az015",
        "az232",
        "az272",
        "az281"
      ]
    },
    {
      "tile": "tile_024447",
      "variants": [
        "iso",
        "az133",
        "az183",
        "az239",
        "az337"
      ]
    },
    {
      "tile": "tile_007626",
      "variants": [
        "iso",
        "az083",
        "az125",
        "az227",
        "az290"
      ]
    },
    {
      "tile": "tile_008238",
      "variants": [
        "iso",
        "az036",
        "az170",
        "az172",
        "az218"
      ]
    },
    {
      "tile": "tile_003629",
      "variants": [
        "iso",
        "az074",
        "az218",
        "az273",
        "az319"
      ]
    },
    {
      "tile": "tile_009964",
      "variants": [
        "iso",
        "az037",
        "az067",
        "az321",
        "az338"
      ]
    },
    {
      "tile": "tile_013370",
      "variants": [
        "iso",
        "az045",
        "az048",
        "az288",
        "az341"
      ]
    },
    {
      "tile": "tile_000518",
      "variants": [
        "iso",
        "az131",
        "az158",
        "az185",
        "az208"
      ]
    },
    {
      "tile": "tile_009436",
      "variants": [
        "iso",
        "az184",
        "az247",
        "az277",
        "az292"
      ]
    },
    {
      "tile": "tile_011210",
      "variants": [
        "iso",
        "az043",
        "az108",
        "az267",
        "az317"
      ]
    },
    {
      "tile": "tile_025621",
      "variants": [
        "iso",
        "az125",
        "az221",
        "az281",
        "az324"
      ]
    },
    {
      "tile": "tile_003042",
      "variants": [
        "iso",
        "az039",
        "az083",
        "az303",
        "az322"
      ]
    },
    {
      "tile": "tile_008186",
      "variants": [
        "iso",
        "az001",
        "az057",
        "az151",
        "az281"
      ]
    },
    {
      "tile": "tile_003049",
      "variants": [
        "iso",
        "az144",
        "az247",
        "az274",
        "az294"
      ]
    },
    {
      "tile": "tile_007495",
      "variants": [
        "iso",
        "az043",
        "az061",
        "az286",
        "az311"
      ]
    },
    {
      "tile": "tile_023390",
      "variants": [
        "iso",
        "az233",
        "az237",
        "az288",
        "az315"
      ]
    },
    {
      "tile": "tile_009676",
      "variants": [
        "iso",
        "az029",
        "az147",
        "az339",
        "az344"
      ]
    },
    {
      "tile": "tile_027074",
      "variants": [
        "iso",
        "az014",
        "az101",
        "az199",
        "az296"
      ]
    },
    {
      "tile": "tile_002919",
      "variants": [
        "iso",
        "az025",
        "az111",
        "az199",
        "az272"
      ]
    },
    {
      "tile": "tile_020160",
      "variants": [
        "iso",
        "az122",
        "az184",
        "az279",
        "az345"
      ]
    },
    {
      "tile": "tile_009643",
      "variants": [
        "iso",
        "az107",
        "az171",
        "az188",
        "az298"
      ]
    },
    {
      "tile": "tile_015115",
      "variants": [
        "iso",
        "az085",
        "az135",
        "az175",
        "az213"
      ]
    },
    {
      "tile": "tile_016321",
      "variants": [
        "iso",
        "az053",
        "az085",
        "az109",
        "az171"
      ]
    },
    {
      "tile": "tile_017687",
      "variants": [
        "iso",
        "az011",
        "az035",
        "az316",
        "az356"
      ]
    },
    {
      "tile": "tile_017224",
      "variants": [
        "iso",
        "az094",
        "az241",
        "az253",
        "az268"
      ]
    },
    {
      "tile": "tile_002239",
      "variants": [
        "iso",
        "az137",
        "az173",
        "az261",
        "az346"
      ]
    },
    {
      "tile": "tile_008694",
      "variants": [
        "iso",
        "az118",
        "az260",
        "az266",
        "az290"
      ]
    },
    {
      "tile": "tile_010002",
      "variants": [
        "iso",
        "az051",
        "az234",
        "az274",
        "az339"
      ]
    },
    {
      "tile": "tile_013512",
      "variants": [
        "iso",
        "az000",
        "az039",
        "az168",
        "az288"
      ]
    },
    {
      "tile": "tile_024048",
      "variants": [
        "iso",
        "az192",
        "az238",
        "az258",
        "az270"
      ]
    },
    {
      "tile": "tile_023945",
      "variants": [
        "iso",
        "az069",
        "az296",
        "az308",
        "az323"
      ]
    },
    {
      "tile": "tile_015333",
      "variants": [
        "iso",
        "az008",
        "az100",
        "az114",
        "az335"
      ]
    },
    {
      "tile": "tile_016252",
      "variants": [
        "iso",
        "az114",
        "az144",
        "az179",
        "az237"
      ]
    },
    {
      "tile": "tile_013404",
      "variants": [
        "iso",
        "az094",
        "az169",
        "az228",
        "az261"
      ]
    },
    {
      "tile": "tile_006884",
      "variants": [
        "iso",
        "az046",
        "az171",
        "az202",
        "az281"
      ]
    },
    {
      "tile": "tile_026453",
      "variants": [
        "iso",
        "az058",
        "az061",
        "az151",
        "az290"
      ]
    },
    {
      "tile": "tile_026807",
      "variants": [
        "iso",
        "az086",
        "az247",
        "az262",
        "az324"
      ]
    },
    {
      "tile": "tile_004481",
      "variants": [
        "iso",
        "az029",
        "az099",
        "az178",
        "az343"
      ]
    },
    {
      "tile": "tile_001480",
      "variants": [
        "iso",
        "az069",
        "az241",
        "az302",
        "az304"
      ]
    },
    {
      "tile": "tile_009027",
      "variants": [
        "iso",
        "az078",
        "az156",
        "az250",
        "az338"
      ]
    },
    {
      "tile": "tile_021568",
      "variants": [
        "iso",
        "az023",
        "az040",
        "az227",
        "az320"
      ]
    },
    {
      "tile": "tile_025704",
      "variants": [
        "iso",
        "az034",
        "az114",
        "az260",
        "az320"
      ]
    },
    {
      "tile": "tile_021846",
      "variants": [
        "iso",
        "az133",
        "az253",
        "az258",
        "az270"
      ]
    },
    {
      "tile": "tile_013445",
      "variants": [
        "iso",
        "az066",
        "az193",
        "az267",
        "az315"
      ]
    },
    {
      "tile": "tile_009850",
      "variants": [
        "iso",
        "az007",
        "az060",
        "az155",
        "az227"
      ]
    },
    {
      "tile": "tile_023076",
      "variants": [
        "iso",
        "az096",
        "az147",
        "az152",
        "az277"
      ]
    },
    {
      "tile": "tile_006115",
      "variants": [
        "iso",
        "az014",
        "az042",
        "az127",
        "az275"
      ]
    },
    {
      "tile": "tile_005062",
      "variants": [
        "iso",
        "az072",
        "az077",
        "az107",
        "az319"
      ]
    },
    {
      "tile": "tile_000284",
      "variants": [
        "iso",
        "az000",
        "az051",
        "az193",
        "az333"
      ]
    },
    {
      "tile": "tile_012349",
      "variants": [
        "iso",
        "az008",
        "az053",
        "az188",
        "az300"
      ]
    },
    {
      "tile": "tile_008348",
      "variants": [
        "iso",
        "az103",
        "az237",
        "az259",
        "az306"
      ]
    },
    {
      "tile": "tile_014079",
      "variants": [
        "iso",
        "az058",
        "az126",
        "az174",
        "az271"
      ]
    },
    {
      "tile": "tile_018114",
      "variants": [
        "iso",
        "az114",
        "az209",
        "az217",
        "az321"
      ]
    },
    {
      "tile": "tile_015969",
      "variants": [
        "iso",
        "az117",
        "az196",
        "az310",
        "az319"
      ]
    },
    {
      "tile": "tile_012655",
      "variants": [
        "iso",
        "az019",
        "az183",
        "az210",
        "az303"
      ]
    },
    {
      "tile": "tile_020784",
      "variants": [
        "iso",
        "az044",
        "az188",
        "az192",
        "az266"
      ]
    },
    {
      "tile": "tile_026348",
      "variants": [
        "iso",
        "az002",
        "az080",
        "az139",
        "az270"
      ]
    },
    {
      "tile": "tile_018598",
      "variants": [
        "iso",
        "az073",
        "az203",
        "az228",
        "az265"
      ]
    },
    {
      "tile": "tile_021711",
      "variants": [
        "iso",
        "az172",
        "az302",
        "az318",
        "az356"
      ]
    },
    {
      "tile": "tile_021212",
      "variants": [
        "iso",
        "az150",
        "az207",
        "az301",
        "az352"
      ]
    },
    {
      "tile": "tile_017290",
      "variants": [
        "iso",
        "az032",
        "az191",
        "az224",
        "az231"
      ]
    },
    {
      "tile": "tile_016929",
      "variants": [
        "iso",
        "az098",
        "az222",
        "az255",
        "az301"
      ]
    },
    {
      "tile": "tile_010453",
      "variants": [
        "iso",
        "az039",
        "az111",
        "az147",
        "az294"
      ]
    },
    {
      "tile": "tile_012873",
      "variants": [
        "iso",
        "az218",
        "az253",
        "az256",
        "az342"
      ]
    },
    {
      "tile": "tile_015880",
      "variants": [
        "iso",
        "az184",
        "az203",
        "az261",
        "az270"
      ]
    },
    {
      "tile": "tile_000858",
      "variants": [
        "iso",
        "az001",
        "az030",
        "az114",
        "az211"
      ]
    },
    {
      "tile": "tile_025954",
      "variants": [
        "iso",
        "az033",
        "az104",
        "az231",
        "az304"
      ]
    },
    {
      "tile": "tile_023688",
      "variants": [
        "iso",
        "az050",
        "az120",
        "az128",
        "az129"
      ]
    },
    {
      "tile": "tile_003041",
      "variants": [
        "iso",
        "az194",
        "az226",
        "az235",
        "az326"
      ]
    },
    {
      "tile": "tile_018032",
      "variants": [
        "iso",
        "az004",
        "az122",
        "az131",
        "az328"
      ]
    },
    {
      "tile": "tile_006245",
      "variants": [
        "iso",
        "az059",
        "az070",
        "az117",
        "az143"
      ]
    },
    {
      "tile": "tile_025936",
      "variants": [
        "iso",
        "az056",
        "az163",
        "az182",
        "az224"
      ]
    },
    {
      "tile": "tile_022497",
      "variants": [
        "iso",
        "az035",
        "az068",
        "az274",
        "az282"
      ]
    },
    {
      "tile": "tile_003568",
      "variants": [
        "iso",
        "az006",
        "az079",
        "az271",
        "az318"
      ]
    },
    {
      "tile": "tile_018194",
      "variants": [
        "iso",
        "az025",
        "az101",
        "az154",
        "az261"
      ]
    },
    {
      "tile": "tile_022797",
      "variants": [
        "iso",
        "az003",
        "az007",
        "az184",
        "az237"
      ]
    },
    {
      "tile": "tile_004351",
      "variants": [
        "iso",
        "az035",
        "az254",
        "az285",
        "az349"
      ]
    },
    {
      "tile": "tile_018690",
      "variants": [
        "iso",
        "az040",
        "az109",
        "az148",
        "az298"
      ]
    },
    {
      "tile": "tile_010507",
      "variants": [
        "iso",
        "az027",
        "az073",
        "az084",
        "az284"
      ]
    },
    {
      "tile": "tile_025018",
      "variants": [
        "iso",
        "az008",
        "az188",
        "az285",
        "az306"
      ]
    },
    {
      "tile": "tile_024540",
      "variants": [
        "iso",
        "az037",
        "az059",
        "az079",
        "az309"
      ]
    },
    {
      "tile": "tile_002061",
      "variants": [
        "iso",
        "az117",
        "az184",
        "az314",
        "az322"
      ]
    },
    {
      "tile": "tile_017106",
      "variants": [
        "iso",
        "az060",
        "az089",
        "az266",
        "az353"
      ]
    },
    {
      "tile": "tile_015106",
      "variants": [
        "iso",
        "az023",
        "az168",
        "az186",
        "az193"
      ]
    },
    {
      "tile": "tile_026646",
      "variants": [
        "iso",
        "az104",
        "az130",
        "az270",
        "az320"
      ]
    },
    {
      "tile": "tile_010756",
      "variants": [
        "iso",
        "az002",
        "az042",
        "az253",
        "az336"
      ]
    },
    {
      "tile": "tile_024402",
      "variants": [
        "iso",
        "az223",
        "az275",
        "az276",
        "az295"
      ]
    },
    {
      "tile": "tile_017631",
      "variants": [
        "iso",
        "az004",
        "az031",
        "az184",
        "az190"
      ]
    },
    {
      "tile": "tile_002681",
      "variants": [
        "iso",
        "az088",
        "az104",
        "az117",
        "az145"
      ]
    },
    {
      "tile": "tile_020211",
      "variants": [
        "iso",
        "az064",
        "az099",
        "az266",
        "az269"
      ]
    },
    {
      "tile": "tile_012575",
      "variants": [
        "iso",
        "az068",
        "az191",
        "az268",
        "az350"
      ]
    },
    {
      "tile": "tile_009439",
      "variants": [
        "iso",
        "az092",
        "az158",
        "az296",
        "az345"
      ]
    },
    {
      "tile": "tile_012939",
      "variants": [
        "iso",
        "az017",
        "az087",
        "az100",
        "az296"
      ]
    },
    {
      "tile": "tile_010623",
      "variants": [
        "iso",
        "az117",
        "az206",
        "az235",
        "az286"
      ]
    },
    {
      "tile": "tile_009373",
      "variants": [
        "iso",
        "az017",
        "az228",
        "az262",
        "az269"
      ]
    },
    {
      "tile": "tile_021933",
      "variants": [
        "iso",
        "az088",
        "az192",
        "az208",
        "az220"
      ]
    },
    {
      "tile": "tile_024077",
      "variants": [
        "iso",
        "az027",
        "az165",
        "az235",
        "az250"
      ]
    },
    {
      "tile": "tile_016700",
      "variants": [
        "iso",
        "az113",
        "az326",
        "az347",
        "az357"
      ]
    },
    {
      "tile": "tile_000009",
      "variants": [
        "iso",
        "az004",
        "az159",
        "az175",
        "az250"
      ]
    },
    {
      "tile": "tile_016712",
      "variants": [
        "iso",
        "az035",
        "az220",
        "az264",
        "az355"
      ]
    },
    {
      "tile": "tile_003033",
      "variants": [
        "iso",
        "az023",
        "az071",
        "az272",
        "az283"
      ]
    },
    {
      "tile": "tile_003427",
      "variants": [
        "iso",
        "az047",
        "az226",
        "az232",
        "az256"
      ]
    },
    {
      "tile": "tile_022213",
      "variants": [
        "iso",
        "az039",
        "az047",
        "az057",
        "az143"
      ]
    },
    {
      "tile": "tile_019104",
      "variants": [
        "iso",
        "az137",
        "az239",
        "az266",
        "az317"
      ]
    },
    {
      "tile": "tile_023652",
      "variants": [
        "iso",
        "az026",
        "az059",
        "az273",
        "az293"
      ]
    },
    {
      "tile": "tile_002911",
      "variants": [
        "iso",
        "az176",
        "az178",
        "az231",
        "az348"
      ]
    },
    {
      "tile": "tile_002414",
      "variants": [
        "iso",
        "az095",
        "az113",
        "az203",
        "az210"
      ]
    },
    {
      "tile": "tile_011184",
      "variants": [
        "iso",
        "az065",
        "az080",
        "az082",
        "az226"
      ]
    },
    {
      "tile": "tile_016875",
      "variants": [
        "iso",
        "az300",
        "az301",
        "az335",
        "az350"
      ]
    },
    {
      "tile": "tile_002308",
      "variants": [
        "iso",
        "az102",
        "az136",
        "az144",
        "az350"
      ]
    },
    {
      "tile": "tile_009510",
      "variants": [
        "iso",
        "az062",
        "az228",
        "az248",
        "az318"
      ]
    },
    {
      "tile": "tile_004530",
      "variants": [
        "iso",
        "az011",
        "az095",
        "az109",
        "az126"
      ]
    },
    {
      "tile": "tile_015352",
      "variants": [
        "iso",
        "az033",
        "az084",
        "az178",
        "az258"
      ]
    },
    {
      "tile": "tile_026432",
      "variants": [
        "iso",
        "az011",
        "az083",
        "az143",
        "az154"
      ]
    },
    {
      "tile": "tile_019024",
      "variants": [
        "iso",
        "az181",
        "az229",
        "az245",
        "az317"
      ]
    },
    {
      "tile": "tile_002743",
      "variants": [
        "iso",
        "az089",
        "az153",
        "az171",
        "az232"
      ]
    },
    {
      "tile": "tile_001986",
      "variants": [
        "iso",
        "az144",
        "az301",
        "az330",
        "az351"
      ]
    },
    {
      "tile": "tile_011657",
      "variants": [
        "iso",
        "az121",
        "az146",
        "az230",
        "az348"
      ]
    },
    {
      "tile": "tile_012906",
      "variants": [
        "iso",
        "az066",
        "az083",
        "az270",
        "az278"
      ]
    },
    {
      "tile": "tile_013860",
      "variants": [
        "iso",
        "az067",
        "az137",
        "az228",
        "az284"
      ]
    },
    {
      "tile": "tile_006606",
      "variants": [
        "iso",
        "az147",
        "az170",
        "az242",
        "az310"
      ]
    },
    {
      "tile": "tile_016103",
      "variants": [
        "iso",
        "az078",
        "az090",
        "az213",
        "az341"
      ]
    },
    {
      "tile": "tile_026948",
      "variants": [
        "iso",
        "az185",
        "az194",
        "az328",
        "az335"
      ]
    },
    {
      "tile": "tile_006548",
      "variants": [
        "iso",
        "az049",
        "az059",
        "az116",
        "az233"
      ]
    },
    {
      "tile": "tile_003400",
      "variants": [
        "iso",
        "az059",
        "az129",
        "az168",
        "az186"
      ]
    },
    {
      "tile": "tile_023790",
      "variants": [
        "iso",
        "az024",
        "az173",
        "az216",
        "az219"
      ]
    },
    {
      "tile": "tile_011346",
      "variants": [
        "iso",
        "az023",
        "az093",
        "az157",
        "az332"
      ]
    },
    {
      "tile": "tile_012532",
      "variants": [
        "iso",
        "az108",
        "az146",
        "az192",
        "az295"
      ]
    },
    {
      "tile": "tile_007560",
      "variants": [
        "iso",
        "az117",
        "az183",
        "az271",
        "az339"
      ]
    },
    {
      "tile": "tile_018697",
      "variants": [
        "iso",
        "az007",
        "az229",
        "az240",
        "az290"
      ]
    },
    {
      "tile": "tile_026687",
      "variants": [
        "iso",
        "az015",
        "az065",
        "az204",
        "az289"
      ]
    },
    {
      "tile": "tile_004393",
      "variants": [
        "iso",
        "az130",
        "az199",
        "az253",
        "az279"
      ]
    },
    {
      "tile": "tile_013327",
      "variants": [
        "iso",
        "az019",
        "az087",
        "az098",
        "az198"
      ]
    },
    {
      "tile": "tile_001200",
      "variants": [
        "iso",
        "az062",
        "az132",
        "az243",
        "az262"
      ]
    },
    {
      "tile": "tile_009080",
      "variants": [
        "iso",
        "az041",
        "az128",
        "az354",
        "az355"
      ]
    },
    {
      "tile": "tile_010428",
      "variants": [
        "iso",
        "az095",
        "az225",
        "az274",
        "az298"
      ]
    },
    {
      "tile": "tile_027019",
      "variants": [
        "iso",
        "az040",
        "az096",
        "az242",
        "az295"
      ]
    },
    {
      "tile": "tile_009855",
      "variants": [
        "iso",
        "az060",
        "az193",
        "az257",
        "az302"
      ]
    },
    {
      "tile": "tile_027242",
      "variants": [
        "iso",
        "az024",
        "az066",
        "az158",
        "az317"
      ]
    },
    {
      "tile": "tile_011100",
      "variants": [
        "iso",
        "az201",
        "az259",
        "az265",
        "az336"
      ]
    },
    {
      "tile": "tile_000298",
      "variants": [
        "iso",
        "az101",
        "az250",
        "az288",
        "az353"
      ]
    },
    {
      "tile": "tile_024444",
      "variants": [
        "iso",
        "az076",
        "az200",
        "az299",
        "az340"
      ]
    },
    {
      "tile": "tile_019957",
      "variants": [
        "iso",
        "az062",
        "az140",
        "az228",
        "az325"
      ]
    },
    {
      "tile": "tile_021266",
      "variants": [
        "iso",
        "az002",
        "az231",
        "az248",
        "az285"
      ]
    },
    {
      "tile": "tile_011282",
      "variants": [
        "iso",
        "az047",
        "az158",
        "az181",
        "az285"
      ]
    },
    {
      "tile": "tile_006849",
      "variants": [
        "iso",
        "az109",
        "az130",
        "az206",
        "az300"
      ]
    },
    {
      "tile": "tile_002962",
      "variants": [
        "iso",
        "az098",
        "az143",
        "az164",
        "az221"
      ]
    },
    {
      "tile": "tile_005455",
      "variants": [
        "iso",
        "az026",
        "az093",
        "az178",
        "az339"
      ]
    },
    {
      "tile": "tile_009015",
      "variants": [
        "iso",
        "az039",
        "az082",
        "az090",
        "az313"
      ]
    },
    {
      "tile": "tile_001203",
      "variants": [
        "iso",
        "az073",
        "az142",
        "az209",
        "az327"
      ]
    },
    {
      "tile": "tile_017475",
      "variants": [
        "iso",
        "az056",
        "az228",
        "az316",
        "az333"
      ]
    },
    {
      "tile": "tile_022216",
      "variants": [
        "iso",
        "az067",
        "az071",
        "az244",
        "az293"
      ]
    },
    {
      "tile": "tile_003024",
      "variants": [
        "iso",
        "az054",
        "az155",
        "az293",
        "az300"
      ]
    },
    {
      "tile": "tile_024302",
      "variants": [
        "iso",
        "az005",
        "az212",
        "az227",
        "az232"
      ]
    },
    {
      "tile": "tile_006656",
      "variants": [
        "iso",
        "az008",
        "az122",
        "az148",
        "az317"
      ]
    },
    {
      "tile": "tile_017105",
      "variants": [
        "iso",
        "az025",
        "az110",
        "az176",
        "az344"
      ]
    },
    {
      "tile": "tile_020442",
      "variants": [
        "iso",
        "az025",
        "az081",
        "az154",
        "az305"
      ]
    },
    {
      "tile": "tile_023301",
      "variants": [
        "iso",
        "az046",
        "az070",
        "az152",
        "az357"
      ]
    },
    {
      "tile": "tile_021099",
      "variants": [
        "iso",
        "az044",
        "az096",
        "az111",
        "az353"
      ]
    },
    {
      "tile": "tile_013567",
      "variants": [
        "iso",
        "az231",
        "az242",
        "az319",
        "az347"
      ]
    },
    {
      "tile": "tile_003044",
      "variants": [
        "iso",
        "az040",
        "az113",
        "az175",
        "az186"
      ]
    },
    {
      "tile": "tile_012293",
      "variants": [
        "iso",
        "az059",
        "az062",
        "az120",
        "az223"
      ]
    },
    {
      "tile": "tile_010787",
      "variants": [
        "iso",
        "az028",
        "az107",
        "az336",
        "az350"
      ]
    },
    {
      "tile": "tile_012680",
      "variants": [
        "iso",
        "az068",
        "az076",
        "az183",
        "az249"
      ]
    },
    {
      "tile": "tile_006978",
      "variants": [
        "iso",
        "az032",
        "az061",
        "az218",
        "az331"
      ]
    },
    {
      "tile": "tile_003278",
      "variants": [
        "iso",
        "az156",
        "az247",
        "az280",
        "az342"
      ]
    },
    {
      "tile": "tile_018450",
      "variants": [
        "iso",
        "az104",
        "az220",
        "az278",
        "az287"
      ]
    },
    {
      "tile": "tile_026570",
      "variants": [
        "iso",
        "az199",
        "az251",
        "az256",
        "az354"
      ]
    },
    {
      "tile": "tile_003310",
      "variants": [
        "iso",
        "az056",
        "az082",
        "az227",
        "az255"
      ]
    },
    {
      "tile": "tile_026918",
      "variants": [
        "iso",
        "az084",
        "az116",
        "az145",
        "az244"
      ]
    },
    {
      "tile": "tile_016136",
      "variants": [
        "iso",
        "az202",
        "az213",
        "az266",
        "az281"
      ]
    },
    {
      "tile": "tile_025263",
      "variants": [
        "iso",
        "az011",
        "az219",
        "az225",
        "az247"
      ]
    },
    {
      "tile": "tile_002110",
      "variants": [
        "iso",
        "az052",
        "az119",
        "az280",
        "az300"
      ]
    },
    {
      "tile": "tile_022972",
      "variants": [
        "iso",
        "az114",
        "az158",
        "az225",
        "az346"
      ]
    },
    {
      "tile": "tile_026763",
      "variants": [
        "iso",
        "az006",
        "az147",
        "az164",
        "az203"
      ]
    },
    {
      "tile": "tile_006730",
      "variants": [
        "iso",
        "az081",
        "az164",
        "az181",
        "az290"
      ]
    },
    {
      "tile": "tile_016829",
      "variants": [
        "iso",
        "az070",
        "az071",
        "az147",
        "az215"
      ]
    },
    {
      "tile": "tile_025917",
      "variants": [
        "iso",
        "az051",
        "az110",
        "az231",
        "az322"
      ]
    },
    {
      "tile": "tile_003052",
      "variants": [
        "iso",
        "az092",
        "az223",
        "az235",
        "az255"
      ]
    },
    {
      "tile": "tile_001533",
      "variants": [
        "iso",
        "az118",
        "az219",
        "az312",
        "az347"
      ]
    },
    {
      "tile": "tile_006909",
      "variants": [
        "iso",
        "az062",
        "az155",
        "az175",
        "az209"
      ]
    },
    {
      "tile": "tile_023453",
      "variants": [
        "iso",
        "az038",
        "az064",
        "az187",
        "az327"
      ]
    },
    {
      "tile": "tile_025268",
      "variants": [
        "iso",
        "az086",
        "az143",
        "az231",
        "az250"
      ]
    },
    {
      "tile": "tile_009077",
      "variants": [
        "iso",
        "az114",
        "az130",
        "az291",
        "az311"
      ]
    },
    {
      "tile": "tile_024426",
      "variants": [
        "iso",
        "az032",
        "az104",
        "az179",
        "az307"
      ]
    },
    {
      "tile": "tile_018374",
      "variants": [
        "iso",
        "az035",
        "az079",
        "az244",
        "az258"
      ]
    },
    {
      "tile": "tile_006750",
      "variants": [
        "iso",
        "az028",
        "az039",
        "az062",
        "az256"
      ]
    },
    {
      "tile": "tile_016719",
      "variants": [
        "iso",
        "az080",
        "az223",
        "az255",
        "az355"
      ]
    },
    {
      "tile": "tile_007063",
      "variants": [
        "iso",
        "az193",
        "az212",
        "az242",
        "az275"
      ]
    },
    {
      "tile": "tile_004890",
      "variants": [
        "iso",
        "az073",
        "az182",
        "az197",
        "az332"
      ]
    },
    {
      "tile": "tile_010087",
      "variants": [
        "iso",
        "az003",
        "az043",
        "az105",
        "az269"
      ]
    },
    {
      "tile": "tile_000708",
      "variants": [
        "iso",
        "az023",
        "az151",
        "az177",
        "az347"
      ]
    },
    {
      "tile": "tile_010033",
      "variants": [
        "iso",
        "az017",
        "az067",
        "az154",
        "az194"
      ]
    },
    {
      "tile": "tile_004187",
      "variants": [
        "iso",
        "az041",
        "az093",
        "az205",
        "az312"
      ]
    },
    {
      "tile": "tile_000133",
      "variants": [
        "iso",
        "az034",
        "az179",
        "az206",
        "az343"
      ]
    },
    {
      "tile": "tile_025643",
      "variants": [
        "iso",
        "az061",
        "az185",
        "az348",
        "az354"
      ]
    },
    {
      "tile": "tile_026558",
      "variants": [
        "iso",
        "az027",
        "az031",
        "az101",
        "az105"
      ]
    },
    {
      "tile": "tile_006523",
      "variants": [
        "iso",
        "az077",
        "az227",
        "az293",
        "az298"
      ]
    },
    {
      "tile": "tile_020867",
      "variants": [
        "iso",
        "az199",
        "az284",
        "az349",
        "az359"
      ]
    },
    {
      "tile": "tile_009075",
      "variants": [
        "iso",
        "az039",
        "az049",
        "az185",
        "az294"
      ]
    },
    {
      "tile": "tile_019974",
      "variants": [
        "iso",
        "az034",
        "az040",
        "az216",
        "az227"
      ]
    },
    {
      "tile": "tile_021434",
      "variants": [
        "iso",
        "az168",
        "az179",
        "az256",
        "az359"
      ]
    },
    {
      "tile": "tile_009456",
      "variants": [
        "iso",
        "az023",
        "az026",
        "az051",
        "az157"
      ]
    },
    {
      "tile": "tile_022196",
      "variants": [
        "iso",
        "az000",
        "az153",
        "az190",
        "az343"
      ]
    },
    {
      "tile": "tile_012242",
      "variants": [
        "iso",
        "az052",
        "az141",
        "az218",
        "az307"
      ]
    },
    {
      "tile": "tile_003236",
      "variants": [
        "iso",
        "az004",
        "az028",
        "az087",
        "az144"
      ]
    },
    {
      "tile": "tile_012760",
      "variants": [
        "iso",
        "az008",
        "az105",
        "az120",
        "az239"
      ]
    },
    {
      "tile": "tile_027268",
      "variants": [
        "iso",
        "az014",
        "az027",
        "az309",
        "az310"
      ]
    },
    {
      "tile": "tile_018233",
      "variants": [
        "iso",
        "az104",
        "az151",
        "az217",
        "az284"
      ]
    },
    {
      "tile": "tile_008234",
      "variants": [
        "iso",
        "az117",
        "az142",
        "az220",
        "az266"
      ]
    },
    {
      "tile": "tile_008857",
      "variants": [
        "iso",
        "az043",
        "az086",
        "az094",
        "az314"
      ]
    },
    {
      "tile": "tile_005151",
      "variants": [
        "iso",
        "az028",
        "az201",
        "az314",
        "az348"
      ]
    },
    {
      "tile": "tile_017240",
      "variants": [
        "iso",
        "az259",
        "az293",
        "az336",
        "az345"
      ]
    },
    {
      "tile": "tile_015934",
      "variants": [
        "iso",
        "az015",
        "az018",
        "az061",
        "az268"
      ]
    },
    {
      "tile": "tile_024972",
      "variants": [
        "iso",
        "az002",
        "az032",
        "az303",
        "az357"
      ]
    },
    {
      "tile": "tile_015583",
      "variants": [
        "iso",
        "az049",
        "az192",
        "az333",
        "az338"
      ]
    },
    {
      "tile": "tile_002700",
      "variants": [
        "iso",
        "az120",
        "az130",
        "az173",
        "az288"
      ]
    },
    {
      "tile": "tile_013460",
      "variants": [
        "iso",
        "az002",
        "az029",
        "az105",
        "az232"
      ]
    },
    {
      "tile": "tile_007484",
      "variants": [
        "iso",
        "az052",
        "az074",
        "az237",
        "az339"
      ]
    },
    {
      "tile": "tile_011250",
      "variants": [
        "iso",
        "az012",
        "az055",
        "az285",
        "az319"
      ]
    },
    {
      "tile": "tile_018321",
      "variants": [
        "iso",
        "az045",
        "az107",
        "az170",
        "az247"
      ]
    },
    {
      "tile": "tile_002927",
      "variants": [
        "iso",
        "az006",
        "az067",
        "az140",
        "az228"
      ]
    },
    {
      "tile": "tile_015523",
      "variants": [
        "iso",
        "az136",
        "az148",
        "az161",
        "az198"
      ]
    },
    {
      "tile": "tile_002497",
      "variants": [
        "iso",
        "az168",
        "az184",
        "az286",
        "az300"
      ]
    },
    {
      "tile": "tile_000010",
      "variants": [
        "iso",
        "az090",
        "az179",
        "az190",
        "az218"
      ]
    },
    {
      "tile": "tile_018573",
      "variants": [
        "iso",
        "az006",
        "az135",
        "az244",
        "az247"
      ]
    },
    {
      "tile": "tile_000932",
      "variants": [
        "iso",
        "az102",
        "az122",
        "az129",
        "az270"
      ]
    },
    {
      "tile": "tile_014338",
      "variants": [
        "iso",
        "az146",
        "az212",
        "az227",
        "az243"
      ]
    },
    {
      "tile": "tile_024871",
      "variants": [
        "iso",
        "az026",
        "az105",
        "az124",
        "az178"
      ]
    },
    {
      "tile": "tile_006759",
      "variants": [
        "iso",
        "az112",
        "az220",
        "az286",
        "az306"
      ]
    },
    {
      "tile": "tile_022823",
      "variants": [
        "iso",
        "az042",
        "az085",
        "az206",
        "az217"
      ]
    },
    {
      "tile": "tile_018836",
      "variants": [
        "iso",
        "az170",
        "az268",
        "az288",
        "az305"
      ]
    },
    {
      "tile": "tile_017279",
      "variants": [
        "iso",
        "az096",
        "az160",
        "az256",
        "az354"
      ]
    },
    {
      "tile": "tile_001396",
      "variants": [
        "iso",
        "az108",
        "az222",
        "az228",
        "az315"
      ]
    },
    {
      "tile": "tile_002901",
      "variants": [
        "iso",
        "az065",
        "az126",
        "az168",
        "az182"
      ]
    },
    {
      "tile": "tile_006748",
      "variants": [
        "iso",
        "az033",
        "az211",
        "az315",
        "az352"
      ]
    },
    {
      "tile": "tile_008875",
      "variants": [
        "iso",
        "az101",
        "az124",
        "az267",
        "az275"
      ]
    },
    {
      "tile": "tile_019031",
      "variants": [
        "iso",
        "az106",
        "az107",
        "az121",
        "az249"
      ]
    },
    {
      "tile": "tile_012412",
      "variants": [
        "iso",
        "az050",
        "az192",
        "az279",
        "az312"
      ]
    },
    {
      "tile": "tile_008425",
      "variants": [
        "iso",
        "az084",
        "az111",
        "az146",
        "az278"
      ]
    },
    {
      "tile": "tile_023430",
      "variants": [
        "iso",
        "az044",
        "az052",
        "az280",
        "az307"
      ]
    },
    {
      "tile": "tile_016340",
      "variants": [
        "iso",
        "az044",
        "az045",
        "az125",
        "az353"
      ]
    },
    {
      "tile": "tile_007551",
      "variants": [
        "iso",
        "az006",
        "az079",
        "az134",
        "az262"
      ]
    },
    {
      "tile": "tile_019875",
      "variants": [
        "iso",
        "az063",
        "az122",
        "az208",
        "az302"
      ]
    },
    {
      "tile": "tile_024969",
      "variants": [
        "iso",
        "az045",
        "az096",
        "az193",
        "az304"
      ]
    },
    {
      "tile": "tile_007879",
      "variants": [
        "iso",
        "az022",
        "az140",
        "az212",
        "az244"
      ]
    },
    {
      "tile": "tile_000790",
      "variants": [
        "iso",
        "az006",
        "az127",
        "az187",
        "az245"
      ]
    },
    {
      "tile": "tile_015360",
      "variants": [
        "iso",
        "az032",
        "az224",
        "az243",
        "az277"
      ]
    },
    {
      "tile": "tile_003272",
      "variants": [
        "iso",
        "az072",
        "az149",
        "az193",
        "az291"
      ]
    },
    {
      "tile": "tile_012591",
      "variants": [
        "iso",
        "az039",
        "az101",
        "az269",
        "az281"
      ]
    },
    {
      "tile": "tile_023019",
      "variants": [
        "iso",
        "az036",
        "az099",
        "az119",
        "az149"
      ]
    },
    {
      "tile": "tile_010604",
      "variants": [
        "iso",
        "az008",
        "az024",
        "az174",
        "az253"
      ]
    },
    {
      "tile": "tile_020881",
      "variants": [
        "iso",
        "az067",
        "az143",
        "az174",
        "az220"
      ]
    },
    {
      "tile": "tile_008972",
      "variants": [
        "iso",
        "az008",
        "az091",
        "az172",
        "az271"
      ]
    },
    {
      "tile": "tile_018399",
      "variants": [
        "iso",
        "az053",
        "az128",
        "az186",
        "az255"
      ]
    },
    {
      "tile": "tile_015116",
      "variants": [
        "iso",
        "az029",
        "az249",
        "az252",
        "az347"
      ]
    },
    {
      "tile": "tile_022131",
      "variants": [
        "iso",
        "az075",
        "az184",
        "az227",
        "az258"
      ]
    },
    {
      "tile": "tile_021302",
      "variants": [
        "iso",
        "az030",
        "az208",
        "az255",
        "az298"
      ]
    },
    {
      "tile": "tile_005040",
      "variants": [
        "iso",
        "az042",
        "az212",
        "az327",
        "az339"
      ]
    },
    {
      "tile": "tile_019316",
      "variants": [
        "iso",
        "az142",
        "az160",
        "az229",
        "az307"
      ]
    },
    {
      "tile": "tile_002352",
      "variants": [
        "iso",
        "az040",
        "az257",
        "az279",
        "az332"
      ]
    },
    {
      "tile": "tile_021189",
      "variants": [
        "iso",
        "az033",
        "az098",
        "az164",
        "az283"
      ]
    },
    {
      "tile": "tile_023410",
      "variants": [
        "iso",
        "az129",
        "az145",
        "az231",
        "az299"
      ]
    },
    {
      "tile": "tile_006524",
      "variants": [
        "iso",
        "az136",
        "az214",
        "az238",
        "az283"
      ]
    },
    {
      "tile": "tile_027273",
      "variants": [
        "iso",
        "az005",
        "az035",
        "az260",
        "az308"
      ]
    },
    {
      "tile": "tile_002326",
      "variants": [
        "iso",
        "az059",
        "az097",
        "az152",
        "az169"
      ]
    },
    {
      "tile": "tile_011445",
      "variants": [
        "iso",
        "az016",
        "az121",
        "az256",
        "az259"
      ]
    },
    {
      "tile": "tile_004629",
      "variants": [
        "iso",
        "az055",
        "az136",
        "az248",
        "az281"
      ]
    },
    {
      "tile": "tile_024132",
      "variants": [
        "iso",
        "az229",
        "az241",
        "az292",
        "az299"
      ]
    },
    {
      "tile": "tile_011199",
      "variants": [
        "iso",
        "az020",
        "az088",
        "az174",
        "az212"
      ]
    },
    {
      "tile": "tile_015976",
      "variants": [
        "iso",
        "az054",
        "az149",
        "az191",
        "az253"
      ]
    },
    {
      "tile": "tile_003343",
      "variants": [
        "iso",
        "az104",
        "az160",
        "az276",
        "az343"
      ]
    },
    {
      "tile": "tile_023163",
      "variants": [
        "iso",
        "az097",
        "az186",
        "az236",
        "az330"
      ]
    },
    {
      "tile": "tile_019670",
      "variants": [
        "iso",
        "az045",
        "az187",
        "az191",
        "az213"
      ]
    },
    {
      "tile": "tile_026236",
      "variants": [
        "iso",
        "az160",
        "az179",
        "az238",
        "az240"
      ]
    },
    {
      "tile": "tile_025102",
      "variants": [
        "iso",
        "az041",
        "az170",
        "az207",
        "az249"
      ]
    },
    {
      "tile": "tile_025912",
      "variants": [
        "iso",
        "az023",
        "az049",
        "az072",
        "az183"
      ]
    },
    {
      "tile": "tile_020306",
      "variants": [
        "iso",
        "az118",
        "az186",
        "az335",
        "az356"
      ]
    },
    {
      "tile": "tile_025067",
      "variants": [
        "iso",
        "az090",
        "az197",
        "az241",
        "az339"
      ]
    },
    {
      "tile": "tile_004250",
      "variants": [
        "iso",
        "az001",
        "az049",
        "az149",
        "az306"
      ]
    },
    {
      "tile": "tile_002997",
      "variants": [
        "iso",
        "az038",
        "az204",
        "az209",
        "az252"
      ]
    },
    {
      "tile": "tile_000300",
      "variants": [
        "iso",
        "az010",
        "az030",
        "az267",
        "az310"
      ]
    },
    {
      "tile": "tile_021928",
      "variants": [
        "iso",
        "az017",
        "az181",
        "az336",
        "az345"
      ]
    },
    {
      "tile": "tile_009705",
      "variants": [
        "iso",
        "az055",
        "az250",
        "az296",
        "az329"
      ]
    },
    {
      "tile": "tile_005814",
      "variants": [
        "iso",
        "az117",
        "az127",
        "az128",
        "az213"
      ]
    },
    {
      "tile": "tile_019842",
      "variants": [
        "iso",
        "az031",
        "az147",
        "az222",
        "az258"
      ]
    },
    {
      "tile": "tile_015209",
      "variants": [
        "iso",
        "az110",
        "az113",
        "az258",
        "az276"
      ]
    },
    {
      "tile": "tile_002621",
      "variants": [
        "iso",
        "az202",
        "az231",
        "az335",
        "az337"
      ]
    },
    {
      "tile": "tile_022037",
      "variants": [
        "iso",
        "az031",
        "az095",
        "az122",
        "az187"
      ]
    },
    {
      "tile": "tile_007516",
      "variants": [
        "iso",
        "az141",
        "az149",
        "az204",
        "az346"
      ]
    },
    {
      "tile": "tile_013075",
      "variants": [
        "iso",
        "az135",
        "az141",
        "az195",
        "az296"
      ]
    },
    {
      "tile": "tile_009952",
      "variants": [
        "iso",
        "az038",
        "az080",
        "az149",
        "az357"
      ]
    },
    {
      "tile": "tile_010315",
      "variants": [
        "iso",
        "az048",
        "az077",
        "az218",
        "az251"
      ]
    },
    {
      "tile": "tile_023986",
      "variants": [
        "iso",
        "az011",
        "az108",
        "az169",
        "az225"
      ]
    },
    {
      "tile": "tile_019108",
      "variants": [
        "iso",
        "az104",
        "az111",
        "az205",
        "az286"
      ]
    },
    {
      "tile": "tile_024706",
      "variants": [
        "iso",
        "az035",
        "az043",
        "az218",
        "az282"
      ]
    },
    {
      "tile": "tile_023894",
      "variants": [
        "iso",
        "az035",
        "az039",
        "az198",
        "az212"
      ]
    },
    {
      "tile": "tile_022440",
      "variants": [
        "iso",
        "az074",
        "az172",
        "az199",
        "az237"
      ]
    },
    {
      "tile": "tile_021368",
      "variants": [
        "iso",
        "az013",
        "az193",
        "az256",
        "az350"
      ]
    },
    {
      "tile": "tile_027108",
      "variants": [
        "iso",
        "az044",
        "az142",
        "az220",
        "az289"
      ]
    },
    {
      "tile": "tile_010588",
      "variants": [
        "iso",
        "az020",
        "az114",
        "az241",
        "az342"
      ]
    },
    {
      "tile": "tile_011035",
      "variants": [
        "iso",
        "az000",
        "az054",
        "az112",
        "az228"
      ]
    },
    {
      "tile": "tile_002741",
      "variants": [
        "iso",
        "az208",
        "az229",
        "az246",
        "az319"
      ]
    },
    {
      "tile": "tile_009050",
      "variants": [
        "iso",
        "az156",
        "az163",
        "az295",
        "az359"
      ]
    },
    {
      "tile": "tile_017049",
      "variants": [
        "iso",
        "az104",
        "az105",
        "az107",
        "az129"
      ]
    },
    {
      "tile": "tile_013685",
      "variants": [
        "iso",
        "az109",
        "az296",
        "az319",
        "az358"
      ]
    },
    {
      "tile": "tile_013668",
      "variants": [
        "iso",
        "az118",
        "az165",
        "az210",
        "az251"
      ]
    },
    {
      "tile": "tile_008306",
      "variants": [
        "iso",
        "az044",
        "az185",
        "az186",
        "az304"
      ]
    },
    {
      "tile": "tile_016805",
      "variants": [
        "iso",
        "az026",
        "az183",
        "az186",
        "az266"
      ]
    },
    {
      "tile": "tile_009664",
      "variants": [
        "iso",
        "az144",
        "az212",
        "az263",
        "az333"
      ]
    },
    {
      "tile": "tile_007299",
      "variants": [
        "iso",
        "az012",
        "az130",
        "az145",
        "az320"
      ]
    },
    {
      "tile": "tile_009201",
      "variants": [
        "iso",
        "az030",
        "az073",
        "az186",
        "az336"
      ]
    },
    {
      "tile": "tile_015140",
      "variants": [
        "iso",
        "az075",
        "az173",
        "az182",
        "az210"
      ]
    },
    {
      "tile": "tile_004345",
      "variants": [
        "iso",
        "az013",
        "az190",
        "az295",
        "az297"
      ]
    },
    {
      "tile": "tile_021638",
      "variants": [
        "iso",
        "az086",
        "az094",
        "az231",
        "az355"
      ]
    },
    {
      "tile": "tile_015289",
      "variants": [
        "iso",
        "az200",
        "az286",
        "az325",
        "az350"
      ]
    },
    {
      "tile": "tile_010740",
      "variants": [
        "iso",
        "az018",
        "az022",
        "az029",
        "az074"
      ]
    },
    {
      "tile": "tile_003441",
      "variants": [
        "iso",
        "az064",
        "az077",
        "az085",
        "az265"
      ]
    },
    {
      "tile": "tile_011919",
      "variants": [
        "iso",
        "az000",
        "az054",
        "az258",
        "az292"
      ]
    },
    {
      "tile": "tile_018593",
      "variants": [
        "iso",
        "az157",
        "az291",
        "az298",
        "az352"
      ]
    },
    {
      "tile": "tile_026733",
      "variants": [
        "iso",
        "az112",
        "az135",
        "az213",
        "az254"
      ]
    },
    {
      "tile": "tile_020540",
      "variants": [
        "iso",
        "az056",
        "az097",
        "az285",
        "az291"
      ]
    },
    {
      "tile": "tile_012958",
      "variants": [
        "iso",
        "az063",
        "az120",
        "az235",
        "az300"
      ]
    },
    {
      "tile": "tile_008818",
      "variants": [
        "iso",
        "az153",
        "az183",
        "az214",
        "az288"
      ]
    },
    {
      "tile": "tile_018770",
      "variants": [
        "iso",
        "az074",
        "az111",
        "az249",
        "az303"
      ]
    },
    {
      "tile": "tile_018121",
      "variants": [
        "iso",
        "az137",
        "az217",
        "az269",
        "az295"
      ]
    },
    {
      "tile": "tile_027009",
      "variants": [
        "iso",
        "az010",
        "az027",
        "az205",
        "az211"
      ]
    },
    {
      "tile": "tile_010377",
      "variants": [
        "iso",
        "az001",
        "az041",
        "az125",
        "az267"
      ]
    },
    {
      "tile": "tile_009533",
      "variants": [
        "iso",
        "az139",
        "az151",
        "az157",
        "az350"
      ]
    },
    {
      "tile": "tile_013067",
      "variants": [
        "iso",
        "az016",
        "az186",
        "az187",
        "az201"
      ]
    },
    {
      "tile": "tile_020059",
      "variants": [
        "iso",
        "az061",
        "az130",
        "az187",
        "az331"
      ]
    },
    {
      "tile": "tile_005007",
      "variants": [
        "iso",
        "az181",
        "az260",
        "az282",
        "az343"
      ]
    },
    {
      "tile": "tile_004561",
      "variants": [
        "iso",
        "az102",
        "az185",
        "az225",
        "az327"
      ]
    },
    {
      "tile": "tile_000558",
      "variants": [
        "iso",
        "az099",
        "az232",
        "az310",
        "az312"
      ]
    },
    {
      "tile": "tile_017690",
      "variants": [
        "iso",
        "az050",
        "az066",
        "az228",
        "az308"
      ]
    },
    {
      "tile": "tile_027259",
      "variants": [
        "iso",
        "az063",
        "az113",
        "az162",
        "az284"
      ]
    },
    {
      "tile": "tile_015414",
      "variants": [
        "iso",
        "az009",
        "az055",
        "az095",
        "az346"
      ]
    },
    {
      "tile": "tile_004357",
      "variants": [
        "iso",
        "az013",
        "az184",
        "az258",
        "az337"
      ]
    },
    {
      "tile": "tile_018455",
      "variants": [
        "iso",
        "az047",
        "az141",
        "az234",
        "az329"
      ]
    },
    {
      "tile": "tile_009478",
      "variants": [
        "iso",
        "az126",
        "az155",
        "az184",
        "az252"
      ]
    },
    {
      "tile": "tile_004086",
      "variants": [
        "iso",
        "az015",
        "az069",
        "az147",
        "az163"
      ]
    },
    {
      "tile": "tile_007501",
      "variants": [
        "iso",
        "az095",
        "az184",
        "az253",
        "az265"
      ]
    },
    {
      "tile": "tile_012117",
      "variants": [
        "iso",
        "az028",
        "az277",
        "az292",
        "az303"
      ]
    },
    {
      "tile": "tile_006489",
      "variants": [
        "iso",
        "az068",
        "az097",
        "az161",
        "az262"
      ]
    },
    {
      "tile": "tile_020907",
      "variants": [
        "iso",
        "az074",
        "az110",
        "az111",
        "az137"
      ]
    },
    {
      "tile": "tile_000357",
      "variants": [
        "iso",
        "az162",
        "az265",
        "az268",
        "az321"
      ]
    },
    {
      "tile": "tile_009696",
      "variants": [
        "iso",
        "az148",
        "az252",
        "az299",
        "az335"
      ]
    },
    {
      "tile": "tile_003176",
      "variants": [
        "iso",
        "az034",
        "az131",
        "az170",
        "az348"
      ]
    },
    {
      "tile": "tile_018187",
      "variants": [
        "iso",
        "az065",
        "az110",
        "az111",
        "az277"
      ]
    },
    {
      "tile": "tile_013381",
      "variants": [
        "iso",
        "az062",
        "az122",
        "az192",
        "az228"
      ]
    },
    {
      "tile": "tile_003841",
      "variants": [
        "iso",
        "az099",
        "az145",
        "az225",
        "az291"
      ]
    },
    {
      "tile": "tile_025831",
      "variants": [
        "iso",
        "az065",
        "az122",
        "az185",
        "az318"
      ]
    },
    {
      "tile": "tile_003911",
      "variants": [
        "iso",
        "az005",
        "az132",
        "az253",
        "az337"
      ]
    },
    {
      "tile": "tile_010725",
      "variants": [
        "iso",
        "az019",
        "az034",
        "az243",
        "az319"
      ]
    },
    {
      "tile": "tile_012674",
      "variants": [
        "iso",
        "az059",
        "az167",
        "az217",
        "az311"
      ]
    },
    {
      "tile": "tile_025953",
      "variants": [
        "iso",
        "az033",
        "az152",
        "az222",
        "az289"
      ]
    },
    {
      "tile": "tile_016257",
      "variants": [
        "iso",
        "az075",
        "az196",
        "az208",
        "az243"
      ]
    },
    {
      "tile": "tile_013191",
      "variants": [
        "iso",
        "az233",
        "az237",
        "az262",
        "az332"
      ]
    },
    {
      "tile": "tile_017463",
      "variants": [
        "iso",
        "az088",
        "az228",
        "az232",
        "az326"
      ]
    },
    {
      "tile": "tile_026717",
      "variants": [
        "iso",
        "az141",
        "az175",
        "az301",
        "az344"
      ]
    },
    {
      "tile": "tile_004588",
      "variants": [
        "iso",
        "az098",
        "az122",
        "az280",
        "az341"
      ]
    },
    {
      "tile": "tile_009022",
      "variants": [
        "iso",
        "az043",
        "az100",
        "az130",
        "az279"
      ]
    },
    {
      "tile": "tile_021652",
      "variants": [
        "iso",
        "az024",
        "az054",
        "az191",
        "az274"
      ]
    },
    {
      "tile": "tile_008939",
      "variants": [
        "iso",
        "az130",
        "az149",
        "az224",
        "az282"
      ]
    },
    {
      "tile": "tile_000554",
      "variants": [
        "iso",
        "az232",
        "az283",
        "az299",
        "az311"
      ]
    },
    {
      "tile": "tile_009459",
      "variants": [
        "iso",
        "az074",
        "az281",
        "az337",
        "az358"
      ]
    },
    {
      "tile": "tile_014549",
      "variants": [
        "iso",
        "az054",
        "az165",
        "az225",
        "az320"
      ]
    },
    {
      "tile": "tile_025875",
      "variants": [
        "iso",
        "az146",
        "az147",
        "az185",
        "az232"
      ]
    },
    {
      "tile": "tile_017588",
      "variants": [
        "iso",
        "az165",
        "az168",
        "az202",
        "az296"
      ]
    },
    {
      "tile": "tile_013176",
      "variants": [
        "iso",
        "az070",
        "az097",
        "az203",
        "az235"
      ]
    },
    {
      "tile": "tile_011083",
      "variants": [
        "iso",
        "az026",
        "az193",
        "az296",
        "az308"
      ]
    },
    {
      "tile": "tile_009971",
      "variants": [
        "iso",
        "az011",
        "az152",
        "az174",
        "az269"
      ]
    },
    {
      "tile": "tile_009222",
      "variants": [
        "iso",
        "az040",
        "az253",
        "az272",
        "az303"
      ]
    },
    {
      "tile": "tile_015475",
      "variants": [
        "iso",
        "az025",
        "az070",
        "az082",
        "az347"
      ]
    },
    {
      "tile": "tile_019359",
      "variants": [
        "iso",
        "az057",
        "az143",
        "az234",
        "az295"
      ]
    },
    {
      "tile": "tile_025066",
      "variants": [
        "iso",
        "az006",
        "az071",
        "az326",
        "az330"
      ]
    },
    {
      "tile": "tile_012423",
      "variants": [
        "iso",
        "az104",
        "az210",
        "az225",
        "az264"
      ]
    },
    {
      "tile": "tile_021938",
      "variants": [
        "iso",
        "az026",
        "az163",
        "az289",
        "az298"
      ]
    },
    {
      "tile": "tile_009601",
      "variants": [
        "iso",
        "az159",
        "az215",
        "az324",
        "az338"
      ]
    },
    {
      "tile": "tile_006270",
      "variants": [
        "iso",
        "az000",
        "az203",
        "az280",
        "az336"
      ]
    },
    {
      "tile": "tile_022301",
      "variants": [
        "iso",
        "az012",
        "az062",
        "az109",
        "az306"
      ]
    },
    {
      "tile": "tile_012309",
      "variants": [
        "iso",
        "az033",
        "az151",
        "az196",
        "az201"
      ]
    },
    {
      "tile": "tile_004229",
      "variants": [
        "iso",
        "az022",
        "az192",
        "az237",
        "az330"
      ]
    },
    {
      "tile": "tile_000464",
      "variants": [
        "iso",
        "az122",
        "az153",
        "az208",
        "az323"
      ]
    },
    {
      "tile": "tile_008228",
      "variants": [
        "iso",
        "az021",
        "az034",
        "az100",
        "az288"
      ]
    },
    {
      "tile": "tile_023105",
      "variants": [
        "iso",
        "az060",
        "az219",
        "az355",
        "az356"
      ]
    },
    {
      "tile": "tile_022861",
      "variants": [
        "iso",
        "az095",
        "az102",
        "az129",
        "az291"
      ]
    },
    {
      "tile": "tile_006782",
      "variants": [
        "iso",
        "az011",
        "az035",
        "az173",
        "az202"
      ]
    },
    {
      "tile": "tile_004420",
      "variants": [
        "iso",
        "az017",
        "az096",
        "az115",
        "az209"
      ]
    },
    {
      "tile": "tile_000996",
      "variants": [
        "iso",
        "az077",
        "az170",
        "az302",
        "az349"
      ]
    },
    {
      "tile": "tile_018969",
      "variants": [
        "iso",
        "az095",
        "az160",
        "az276",
        "az291"
      ]
    },
    {
      "tile": "tile_002807",
      "variants": [
        "iso",
        "az018",
        "az047",
        "az158",
        "az343"
      ]
    },
    {
      "tile": "tile_007109",
      "variants": [
        "iso",
        "az045",
        "az107",
        "az278",
        "az323"
      ]
    },
    {
      "tile": "tile_006712",
      "variants": [
        "iso",
        "az016",
        "az187",
        "az319",
        "az326"
      ]
    },
    {
      "tile": "tile_027105",
      "variants": [
        "iso",
        "az032",
        "az080",
        "az111",
        "az181"
      ]
    },
    {
      "tile": "tile_019026",
      "variants": [
        "iso",
        "az036",
        "az064",
        "az077",
        "az197"
      ]
    },
    {
      "tile": "tile_002116",
      "variants": [
        "iso",
        "az079",
        "az081",
        "az213",
        "az329"
      ]
    },
    {
      "tile": "tile_008661",
      "variants": [
        "iso",
        "az160",
        "az176",
        "az229",
        "az284"
      ]
    },
    {
      "tile": "tile_009578",
      "variants": [
        "iso",
        "az033",
        "az135",
        "az147",
        "az313"
      ]
    },
    {
      "tile": "tile_006608",
      "variants": [
        "iso",
        "az013",
        "az106",
        "az259",
        "az342"
      ]
    },
    {
      "tile": "tile_014574",
      "variants": [
        "iso",
        "az045",
        "az052",
        "az104",
        "az163"
      ]
    },
    {
      "tile": "tile_006592",
      "variants": [
        "iso",
        "az122",
        "az164",
        "az240",
        "az266"
      ]
    },
    {
      "tile": "tile_003953",
      "variants": [
        "iso",
        "az041",
        "az152",
        "az296",
        "az320"
      ]
    },
    {
      "tile": "tile_018326",
      "variants": [
        "iso",
        "az095",
        "az123",
        "az305",
        "az358"
      ]
    },
    {
      "tile": "tile_021028",
      "variants": [
        "iso",
        "az002",
        "az061",
        "az157",
        "az218"
      ]
    },
    {
      "tile": "tile_009433",
      "variants": [
        "iso",
        "az019",
        "az103",
        "az184",
        "az278"
      ]
    },
    {
      "tile": "tile_022318",
      "variants": [
        "iso",
        "az014",
        "az145",
        "az211",
        "az243"
      ]
    },
    {
      "tile": "tile_001040",
      "variants": [
        "iso",
        "az023",
        "az103",
        "az135",
        "az163"
      ]
    },
    {
      "tile": "tile_026414",
      "variants": [
        "iso",
        "az051",
        "az202",
        "az242",
        "az300"
      ]
    },
    {
      "tile": "tile_010325",
      "variants": [
        "iso",
        "az093",
        "az151",
        "az198",
        "az253"
      ]
    },
    {
      "tile": "tile_026618",
      "variants": [
        "iso",
        "az108",
        "az190",
        "az254",
        "az274"
      ]
    },
    {
      "tile": "tile_019347",
      "variants": [
        "iso",
        "az085",
        "az278",
        "az302",
        "az343"
      ]
    },
    {
      "tile": "tile_001191",
      "variants": [
        "iso",
        "az077",
        "az096",
        "az170",
        "az296"
      ]
    },
    {
      "tile": "tile_018046",
      "variants": [
        "iso",
        "az117",
        "az172",
        "az253",
        "az340"
      ]
    },
    {
      "tile": "tile_006613",
      "variants": [
        "iso",
        "az064",
        "az110",
        "az227",
        "az245"
      ]
    },
    {
      "tile": "tile_015541",
      "variants": [
        "iso",
        "az109",
        "az283",
        "az334",
        "az342"
      ]
    },
    {
      "tile": "tile_024792",
      "variants": [
        "iso",
        "az011",
        "az053",
        "az059",
        "az250"
      ]
    },
    {
      "tile": "tile_017865",
      "variants": [
        "iso",
        "az092",
        "az201",
        "az214",
        "az272"
      ]
    },
    {
      "tile": "tile_003384",
      "variants": [
        "iso",
        "az020",
        "az030",
        "az068",
        "az159"
      ]
    },
    {
      "tile": "tile_010514",
      "variants": [
        "iso",
        "az114",
        "az207",
        "az294",
        "az306"
      ]
    },
    {
      "tile": "tile_012212",
      "variants": [
        "iso",
        "az151",
        "az284",
        "az298",
        "az310"
      ]
    },
    {
      "tile": "tile_011215",
      "variants": [
        "iso",
        "az046",
        "az063",
        "az110",
        "az186"
      ]
    },
    {
      "tile": "tile_010078",
      "variants": [
        "iso",
        "az055",
        "az104",
        "az257",
        "az292"
      ]
    },
    {
      "tile": "tile_003070",
      "variants": [
        "iso",
        "az014",
        "az132",
        "az143",
        "az206"
      ]
    },
    {
      "tile": "tile_013845",
      "variants": [
        "iso",
        "az155",
        "az156",
        "az254",
        "az347"
      ]
    },
    {
      "tile": "tile_002940",
      "variants": [
        "iso",
        "az004",
        "az088",
        "az160",
        "az242"
      ]
    },
    {
      "tile": "tile_026149",
      "variants": [
        "iso",
        "az129",
        "az166",
        "az170",
        "az309"
      ]
    },
    {
      "tile": "tile_018343",
      "variants": [
        "iso",
        "az054",
        "az145",
        "az243",
        "az348"
      ]
    },
    {
      "tile": "tile_006701",
      "variants": [
        "iso",
        "az094",
        "az114",
        "az115",
        "az203"
      ]
    },
    {
      "tile": "tile_027140",
      "variants": [
        "iso",
        "az005",
        "az029",
        "az050",
        "az348"
      ]
    },
    {
      "tile": "tile_021509",
      "variants": [
        "iso",
        "az035",
        "az052",
        "az249",
        "az341"
      ]
    },
    {
      "tile": "tile_003993",
      "variants": [
        "iso",
        "az058",
        "az134",
        "az175",
        "az196"
      ]
    },
    {
      "tile": "tile_005789",
      "variants": [
        "iso",
        "az021",
        "az072",
        "az135",
        "az224"
      ]
    },
    {
      "tile": "tile_023330",
      "variants": [
        "iso",
        "az023",
        "az044",
        "az132",
        "az323"
      ]
    },
    {
      "tile": "tile_009182",
      "variants": [
        "iso",
        "az062",
        "az173",
        "az246",
        "az329"
      ]
    },
    {
      "tile": "tile_009420",
      "variants": [
        "iso",
        "az009",
        "az046",
        "az066",
        "az140"
      ]
    },
    {
      "tile": "tile_004189",
      "variants": [
        "iso",
        "az032",
        "az084",
        "az248",
        "az308"
      ]
    },
    {
      "tile": "tile_008704",
      "variants": [
        "iso",
        "az021",
        "az050",
        "az161",
        "az323"
      ]
    },
    {
      "tile": "tile_020283",
      "variants": [
        "iso",
        "az010",
        "az081",
        "az112",
        "az128"
      ]
    },
    {
      "tile": "tile_021876",
      "variants": [
        "iso",
        "az037",
        "az053",
        "az139",
        "az173"
      ]
    },
    {
      "tile": "tile_002964",
      "variants": [
        "iso",
        "az117",
        "az175",
        "az247",
        "az340"
      ]
    },
    {
      "tile": "tile_026160",
      "variants": [
        "iso",
        "az091",
        "az181",
        "az265",
        "az282"
      ]
    },
    {
      "tile": "tile_010794",
      "variants": [
        "iso",
        "az001",
        "az078",
        "az207",
        "az236"
      ]
    },
    {
      "tile": "tile_026706",
      "variants": [
        "iso",
        "az048",
        "az093",
        "az213",
        "az252"
      ]
    },
    {
      "tile": "tile_000775",
      "variants": [
        "iso",
        "az112",
        "az122",
        "az212",
        "az306"
      ]
    },
    {
      "tile": "tile_009626",
      "variants": [
        "iso",
        "az001",
        "az011",
        "az282",
        "az359"
      ]
    },
    {
      "tile": "tile_021441",
      "variants": [
        "iso",
        "az013",
        "az219",
        "az308",
        "az337"
      ]
    },
    {
      "tile": "tile_008371",
      "variants": [
        "iso",
        "az077",
        "az189",
        "az199",
        "az319"
      ]
    },
    {
      "tile": "tile_020779",
      "variants": [
        "iso",
        "az022",
        "az172",
        "az177",
        "az228"
      ]
    },
    {
      "tile": "tile_008133",
      "variants": [
        "iso",
        "az027",
        "az116",
        "az167",
        "az337"
      ]
    },
    {
      "tile": "tile_011219",
      "variants": [
        "iso",
        "az133",
        "az196",
        "az236",
        "az331"
      ]
    },
    {
      "tile": "tile_016007",
      "variants": [
        "iso",
        "az092",
        "az099",
        "az132",
        "az203"
      ]
    },
    {
      "tile": "tile_000581",
      "variants": [
        "iso",
        "az037",
        "az107",
        "az209",
        "az332"
      ]
    },
    {
      "tile": "tile_019706",
      "variants": [
        "iso",
        "az054",
        "az071",
        "az181",
        "az257"
      ]
    },
    {
      "tile": "tile_004702",
      "variants": [
        "iso",
        "az046",
        "az190",
        "az195",
        "az304"
      ]
    },
    {
      "tile": "tile_009901",
      "variants": [
        "iso",
        "az033",
        "az142",
        "az254",
        "az335"
      ]
    },
    {
      "tile": "tile_023479",
      "variants": [
        "iso",
        "az199",
        "az284",
        "az314",
        "az318"
      ]
    },
    {
      "tile": "tile_001525",
      "variants": [
        "iso",
        "az027",
        "az180",
        "az284",
        "az324"
      ]
    },
    {
      "tile": "tile_010068",
      "variants": [
        "iso",
        "az067",
        "az196",
        "az261",
        "az300"
      ]
    },
    {
      "tile": "tile_007775",
      "variants": [
        "iso",
        "az141",
        "az187",
        "az235",
        "az240"
      ]
    },
    {
      "tile": "tile_003081",
      "variants": [
        "iso",
        "az086",
        "az238",
        "az244",
        "az329"
      ]
    },
    {
      "tile": "tile_023805",
      "variants": [
        "iso",
        "az019",
        "az069",
        "az112",
        "az165"
      ]
    },
    {
      "tile": "tile_004513",
      "variants": [
        "iso",
        "az211",
        "az236",
        "az256",
        "az278"
      ]
    },
    {
      "tile": "tile_018368",
      "variants": [
        "iso",
        "az133",
        "az148",
        "az206",
        "az256"
      ]
    },
    {
      "tile": "tile_024375",
      "variants": [
        "iso",
        "az131",
        "az285",
        "az334",
        "az357"
      ]
    },
    {
      "tile": "tile_002069",
      "variants": [
        "iso",
        "az041",
        "az098",
        "az163",
        "az306"
      ]
    },
    {
      "tile": "tile_001638",
      "variants": [
        "iso",
        "az180",
        "az229",
        "az299",
        "az319"
      ]
    },
    {
      "tile": "tile_023092",
      "variants": [
        "iso",
        "az075",
        "az077",
        "az140",
        "az142"
      ]
    },
    {
      "tile": "tile_009362",
      "variants": [
        "iso",
        "az059",
        "az093",
        "az096",
        "az113"
      ]
    },
    {
      "tile": "tile_025548",
      "variants": [
        "iso",
        "az217",
        "az267",
        "az269",
        "az354"
      ]
    },
    {
      "tile": "tile_016945",
      "variants": [
        "iso",
        "az040",
        "az120",
        "az202",
        "az302"
      ]
    },
    {
      "tile": "tile_011479",
      "variants": [
        "iso",
        "az011",
        "az078",
        "az170",
        "az310"
      ]
    },
    {
      "tile": "tile_019797",
      "variants": [
        "iso",
        "az169",
        "az187",
        "az225",
        "az310"
      ]
    },
    {
      "tile": "tile_000410",
      "variants": [
        "iso",
        "az037",
        "az042",
        "az083",
        "az122"
      ]
    },
    {
      "tile": "tile_015695",
      "variants": [
        "iso",
        "az050",
        "az109",
        "az200",
        "az349"
      ]
    },
    {
      "tile": "tile_006675",
      "variants": [
        "iso",
        "az100",
        "az170",
        "az208",
        "az278"
      ]
    },
    {
      "tile": "tile_007543",
      "variants": [
        "iso",
        "az040",
        "az060",
        "az204",
        "az284"
      ]
    },
    {
      "tile": "tile_012462",
      "variants": [
        "iso",
        "az122",
        "az197",
        "az208",
        "az280"
      ]
    },
    {
      "tile": "tile_006488",
      "variants": [
        "iso",
        "az042",
        "az071",
        "az102",
        "az295"
      ]
    },
    {
      "tile": "tile_014370",
      "variants": [
        "iso",
        "az203",
        "az207",
        "az222",
        "az308"
      ]
    },
    {
      "tile": "tile_002705",
      "variants": [
        "iso",
        "az087",
        "az276",
        "az282",
        "az313"
      ]
    },
    {
      "tile": "tile_010600",
      "variants": [
        "iso",
        "az086",
        "az124",
        "az135",
        "az235"
      ]
    },
    {
      "tile": "tile_022891",
      "variants": [
        "iso",
        "az021",
        "az069",
        "az165",
        "az247"
      ]
    },
    {
      "tile": "tile_026402",
      "variants": [
        "iso",
        "az103",
        "az235",
        "az311",
        "az350"
      ]
    },
    {
      "tile": "tile_021596",
      "variants": [
        "iso",
        "az015",
        "az081",
        "az201",
        "az342"
      ]
    },
    {
      "tile": "tile_003789",
      "variants": [
        "iso",
        "az055",
        "az058",
        "az303",
        "az321"
      ]
    },
    {
      "tile": "tile_001219",
      "variants": [
        "iso",
        "az115",
        "az158",
        "az319",
        "az321"
      ]
    },
    {
      "tile": "tile_003608",
      "variants": [
        "iso",
        "az099",
        "az116",
        "az294",
        "az343"
      ]
    },
    {
      "tile": "tile_002095",
      "variants": [
        "iso",
        "az014",
        "az064",
        "az123",
        "az153"
      ]
    },
    {
      "tile": "tile_008871",
      "variants": [
        "iso",
        "az088",
        "az140",
        "az217",
        "az230"
      ]
    },
    {
      "tile": "tile_002771",
      "variants": [
        "iso",
        "az001",
        "az112",
        "az208",
        "az303"
      ]
    },
    {
      "tile": "tile_000074",
      "variants": [
        "iso",
        "az092",
        "az107",
        "az223",
        "az287"
      ]
    },
    {
      "tile": "tile_010593",
      "variants": [
        "iso",
        "az030",
        "az111",
        "az162",
        "az277"
      ]
    },
    {
      "tile": "tile_025104",
      "variants": [
        "iso",
        "az084",
        "az219",
        "az264",
        "az342"
      ]
    },
    {
      "tile": "tile_025501",
      "variants": [
        "iso",
        "az008",
        "az029",
        "az090",
        "az352"
      ]
    },
    {
      "tile": "tile_007201",
      "variants": [
        "iso",
        "az188",
        "az218",
        "az233",
        "az359"
      ]
    },
    {
      "tile": "tile_013758",
      "variants": [
        "iso",
        "az051",
        "az124",
        "az187",
        "az264"
      ]
    },
    {
      "tile": "tile_000369",
      "variants": [
        "iso",
        "az005",
        "az112",
        "az228",
        "az328"
      ]
    },
    {
      "tile": "tile_016810",
      "variants": [
        "iso",
        "az141",
        "az187",
        "az256",
        "az359"
      ]
    },
    {
      "tile": "tile_009967",
      "variants": [
        "iso",
        "az071",
        "az213",
        "az232",
        "az356"
      ]
    },
    {
      "tile": "tile_007074",
      "variants": [
        "iso",
        "az085",
        "az152",
        "az215",
        "az246"
      ]
    },
    {
      "tile": "tile_010048",
      "variants": [
        "iso",
        "az077",
        "az148",
        "az271",
        "az330"
      ]
    },
    {
      "tile": "tile_026742",
      "variants": [
        "iso",
        "az122",
        "az140",
        "az147",
        "az321"
      ]
    },
    {
      "tile": "tile_026295",
      "variants": [
        "iso",
        "az039",
        "az201",
        "az282",
        "az320"
      ]
    },
    {
      "tile": "tile_012251",
      "variants": [
        "iso",
        "az008",
        "az047",
        "az236",
        "az256"
      ]
    },
    {
      "tile": "tile_017103",
      "variants": [
        "iso",
        "az001",
        "az015",
        "az083",
        "az283"
      ]
    },
    {
      "tile": "tile_022754",
      "variants": [
        "iso",
        "az129",
        "az243",
        "az305",
        "az312"
      ]
    },
    {
      "tile": "tile_017612",
      "variants": [
        "iso",
        "az151",
        "az231",
        "az268",
        "az291"
      ]
    },
    {
      "tile": "tile_027139",
      "variants": [
        "iso",
        "az071",
        "az130",
        "az174",
        "az275"
      ]
    },
    {
      "tile": "tile_014584",
      "variants": [
        "iso",
        "az035",
        "az178",
        "az192",
        "az198"
      ]
    },
    {
      "tile": "tile_007041",
      "variants": [
        "iso",
        "az154",
        "az262",
        "az332",
        "az357"
      ]
    },
    {
      "tile": "tile_021972",
      "variants": [
        "iso",
        "az077",
        "az158",
        "az263",
        "az277"
      ]
    },
    {
      "tile": "tile_008896",
      "variants": [
        "iso",
        "az113",
        "az116",
        "az241",
        "az344"
      ]
    },
    {
      "tile": "tile_004616",
      "variants": [
        "iso",
        "az133",
        "az153",
        "az213",
        "az338"
      ]
    },
    {
      "tile": "tile_003250",
      "variants": [
        "iso",
        "az068",
        "az170",
        "az200",
        "az320"
      ]
    },
    {
      "tile": "tile_027345",
      "variants": [
        "iso",
        "az044",
        "az046",
        "az147",
        "az148"
      ]
    },
    {
      "tile": "tile_024751",
      "variants": [
        "iso",
        "az068",
        "az251",
        "az275",
        "az303"
      ]
    },
    {
      "tile": "tile_023239",
      "variants": [
        "iso",
        "az242",
        "az258",
        "az272",
        "az354"
      ]
    },
    {
      "tile": "tile_023655",
      "variants": [
        "iso",
        "az006",
        "az025",
        "az081",
        "az108"
      ]
    },
    {
      "tile": "tile_022016",
      "variants": [
        "iso",
        "az127",
        "az185",
        "az243",
        "az277"
      ]
    },
    {
      "tile": "tile_026025",
      "variants": [
        "iso",
        "az010",
        "az047",
        "az050",
        "az150"
      ]
    },
    {
      "tile": "tile_019744",
      "variants": [
        "iso",
        "az016",
        "az183",
        "az338",
        "az356"
      ]
    },
    {
      "tile": "tile_016808",
      "variants": [
        "iso",
        "az150",
        "az242",
        "az249",
        "az265"
      ]
    },
    {
      "tile": "tile_024532",
      "variants": [
        "iso",
        "az150",
        "az185",
        "az237",
        "az318"
      ]
    },
    {
      "tile": "tile_026647",
      "variants": [
        "iso",
        "az203",
        "az204",
        "az255",
        "az298"
      ]
    },
    {
      "tile": "tile_000286",
      "variants": [
        "iso",
        "az080",
        "az095",
        "az290",
        "az309"
      ]
    },
    {
      "tile": "tile_026844",
      "variants": [
        "iso",
        "az071",
        "az084",
        "az087",
        "az201"
      ]
    },
    {
      "tile": "tile_027025",
      "variants": [
        "iso",
        "az124",
        "az219",
        "az247",
        "az300"
      ]
    },
    {
      "tile": "tile_001802",
      "variants": [
        "iso",
        "az115",
        "az125",
        "az305",
        "az340"
      ]
    },
    {
      "tile": "tile_008275",
      "variants": [
        "iso",
        "az045",
        "az148",
        "az262",
        "az288"
      ]
    },
    {
      "tile": "tile_002603",
      "variants": [
        "iso",
        "az011",
        "az158",
        "az252",
        "az335"
      ]
    },
    {
      "tile": "tile_010880",
      "variants": [
        "iso",
        "az117",
        "az122",
        "az151",
        "az257"
      ]
    },
    {
      "tile": "tile_012137",
      "variants": [
        "iso",
        "az002",
        "az234",
        "az284",
        "az338"
      ]
    },
    {
      "tile": "tile_009841",
      "variants": [
        "iso",
        "az162",
        "az266",
        "az315",
        "az346"
      ]
    },
    {
      "tile": "tile_026497",
      "variants": [
        "iso",
        "az010",
        "az017",
        "az251",
        "az315"
      ]
    },
    {
      "tile": "tile_003720",
      "variants": [
        "iso",
        "az066",
        "az198",
        "az299",
        "az328"
      ]
    },
    {
      "tile": "tile_013215",
      "variants": [
        "iso",
        "az024",
        "az073",
        "az251",
        "az272"
      ]
    },
    {
      "tile": "tile_011405",
      "variants": [
        "iso",
        "az007",
        "az162",
        "az179",
        "az235"
      ]
    },
    {
      "tile": "tile_002841",
      "variants": [
        "iso",
        "az043",
        "az157",
        "az315",
        "az356"
      ]
    },
    {
      "tile": "tile_002289",
      "variants": [
        "iso",
        "az128",
        "az181",
        "az193",
        "az236"
      ]
    },
    {
      "tile": "tile_009515",
      "variants": [
        "iso",
        "az069",
        "az088",
        "az105",
        "az301"
      ]
    },
    {
      "tile": "tile_000509",
      "variants": [
        "iso",
        "az088",
        "az126",
        "az269",
        "az339"
      ]
    },
    {
      "tile": "tile_006439",
      "variants": [
        "iso",
        "az033",
        "az063",
        "az237",
        "az322"
      ]
    },
    {
      "tile": "tile_024016",
      "variants": [
        "iso",
        "az054",
        "az167",
        "az183",
        "az301"
      ]
    },
    {
      "tile": "tile_017799",
      "variants": [
        "iso",
        "az052",
        "az114",
        "az222",
        "az315"
      ]
    },
    {
      "tile": "tile_005478",
      "variants": [
        "iso",
        "az160",
        "az243",
        "az282",
        "az325"
      ]
    },
    {
      "tile": "tile_005471",
      "variants": [
        "iso",
        "az021",
        "az032",
        "az205",
        "az294"
      ]
    },
    {
      "tile": "tile_009291",
      "variants": [
        "iso",
        "az022",
        "az108",
        "az135",
        "az313"
      ]
    },
    {
      "tile": "tile_020547",
      "variants": [
        "iso",
        "az078",
        "az089",
        "az174",
        "az202"
      ]
    },
    {
      "tile": "tile_014758",
      "variants": [
        "iso",
        "az081",
        "az083",
        "az180",
        "az232"
      ]
    },
    {
      "tile": "tile_001454",
      "variants": [
        "iso",
        "az091",
        "az139",
        "az197",
        "az208"
      ]
    },
    {
      "tile": "tile_003683",
      "variants": [
        "iso",
        "az180",
        "az251",
        "az287",
        "az355"
      ]
    },
    {
      "tile": "tile_009704",
      "variants": [
        "iso",
        "az015",
        "az113",
        "az211",
        "az285"
      ]
    },
    {
      "tile": "tile_006302",
      "variants": [
        "iso",
        "az049",
        "az126",
        "az332",
        "az345"
      ]
    },
    {
      "tile": "tile_023181",
      "variants": [
        "iso",
        "az169",
        "az224",
        "az242",
        "az278"
      ]
    },
    {
      "tile": "tile_004333",
      "variants": [
        "iso",
        "az106",
        "az151",
        "az153",
        "az227"
      ]
    },
    {
      "tile": "tile_012213",
      "variants": [
        "iso",
        "az133",
        "az178",
        "az195",
        "az252"
      ]
    },
    {
      "tile": "tile_008662",
      "variants": [
        "iso",
        "az028",
        "az043",
        "az294",
        "az318"
      ]
    },
    {
      "tile": "tile_006896",
      "variants": [
        "iso",
        "az004",
        "az131",
        "az243",
        "az338"
      ]
    },
    {
      "tile": "tile_009094",
      "variants": [
        "iso",
        "az040",
        "az176",
        "az233",
        "az358"
      ]
    },
    {
      "tile": "tile_014810",
      "variants": [
        "iso",
        "az032",
        "az152",
        "az160",
        "az330"
      ]
    },
    {
      "tile": "tile_019962",
      "variants": [
        "iso",
        "az093",
        "az165",
        "az188",
        "az250"
      ]
    },
    {
      "tile": "tile_009516",
      "variants": [
        "iso",
        "az076",
        "az098",
        "az249",
        "az297"
      ]
    },
    {
      "tile": "tile_021755",
      "variants": [
        "iso",
        "az107",
        "az160",
        "az237",
        "az315"
      ]
    },
    {
      "tile": "tile_009848",
      "variants": [
        "iso",
        "az077",
        "az252",
        "az313",
        "az335"
      ]
    },
    {
      "tile": "tile_022199",
      "variants": [
        "iso",
        "az009",
        "az294",
        "az343",
        "az350"
      ]
    },
    {
      "tile": "tile_003986",
      "variants": [
        "iso",
        "az068",
        "az177",
        "az229",
        "az255"
      ]
    },
    {
      "tile": "tile_008598",
      "variants": [
        "iso",
        "az076",
        "az152",
        "az308",
        "az318"
      ]
    },
    {
      "tile": "tile_018868",
      "variants": [
        "iso",
        "az016",
        "az048",
        "az109",
        "az248"
      ]
    },
    {
      "tile": "tile_027030",
      "variants": [
        "iso",
        "az112",
        "az119",
        "az164",
        "az180"
      ]
    },
    {
      "tile": "tile_015625",
      "variants": [
        "iso",
        "az005",
        "az057",
        "az207",
        "az244"
      ]
    },
    {
      "tile": "tile_027175",
      "variants": [
        "iso",
        "az052",
        "az148",
        "az194",
        "az314"
      ]
    },
    {
      "tile": "tile_000536",
      "variants": [
        "iso",
        "az121",
        "az133",
        "az260",
        "az272"
      ]
    },
    {
      "tile": "tile_010962",
      "variants": [
        "iso",
        "az007",
        "az055",
        "az097",
        "az149"
      ]
    },
    {
      "tile": "tile_008575",
      "variants": [
        "iso",
        "az099",
        "az131",
        "az212",
        "az334"
      ]
    },
    {
      "tile": "tile_023596",
      "variants": [
        "iso",
        "az158",
        "az250",
        "az345",
        "az356"
      ]
    },
    {
      "tile": "tile_009028",
      "variants": [
        "iso",
        "az254",
        "az268",
        "az312",
        "az323"
      ]
    },
    {
      "tile": "tile_002353",
      "variants": [
        "iso",
        "az015",
        "az057",
        "az118",
        "az208"
      ]
    },
    {
      "tile": "tile_023518",
      "variants": [
        "iso",
        "az033",
        "az180",
        "az299",
        "az330"
      ]
    },
    {
      "tile": "tile_016924",
      "variants": [
        "iso",
        "az020",
        "az131",
        "az254",
        "az300"
      ]
    },
    {
      "tile": "tile_008641",
      "variants": [
        "iso",
        "az120",
        "az166",
        "az192",
        "az337"
      ]
    },
    {
      "tile": "tile_017440",
      "variants": [
        "iso",
        "az021",
        "az155",
        "az237",
        "az298"
      ]
    },
    {
      "tile": "tile_017610",
      "variants": [
        "iso",
        "az005",
        "az019",
        "az025",
        "az345"
      ]
    },
    {
      "tile": "tile_003018",
      "variants": [
        "iso",
        "az112",
        "az126",
        "az207",
        "az278"
      ]
    },
    {
      "tile": "tile_025812",
      "variants": [
        "iso",
        "az002",
        "az030",
        "az239",
        "az314"
      ]
    },
    {
      "tile": "tile_021249",
      "variants": [
        "iso",
        "az099",
        "az105",
        "az264",
        "az286"
      ]
    },
    {
      "tile": "tile_002630",
      "variants": [
        "iso",
        "az162",
        "az250",
        "az275",
        "az298"
      ]
    },
    {
      "tile": "tile_027179",
      "variants": [
        "iso",
        "az195",
        "az264",
        "az324",
        "az356"
      ]
    },
    {
      "tile": "tile_009322",
      "variants": [
        "iso",
        "az013",
        "az142",
        "az258",
        "az305"
      ]
    },
    {
      "tile": "tile_020036",
      "variants": [
        "iso",
        "az021",
        "az096",
        "az147",
        "az358"
      ]
    },
    {
      "tile": "tile_003577",
      "variants": [
        "iso",
        "az077",
        "az245",
        "az262",
        "az304"
      ]
    },
    {
      "tile": "tile_000791",
      "variants": [
        "iso",
        "az091",
        "az139",
        "az203",
        "az209"
      ]
    },
    {
      "tile": "tile_009931",
      "variants": [
        "iso",
        "az061",
        "az183",
        "az233",
        "az335"
      ]
    },
    {
      "tile": "tile_026243",
      "variants": [
        "iso",
        "az096",
        "az120",
        "az259",
        "az332"
      ]
    },
    {
      "tile": "tile_010805",
      "variants": [
        "iso",
        "az050",
        "az213",
        "az238",
        "az296"
      ]
    },
    {
      "tile": "tile_026401",
      "variants": [
        "iso",
        "az072",
        "az111",
        "az167",
        "az274"
      ]
    },
    {
      "tile": "tile_015155",
      "variants": [
        "iso",
        "az130",
        "az157",
        "az190",
        "az295"
      ]
    },
    {
      "tile": "tile_017962",
      "variants": [
        "iso",
        "az051",
        "az191",
        "az204",
        "az297"
      ]
    },
    {
      "tile": "tile_016233",
      "variants": [
        "iso",
        "az094",
        "az184",
        "az339",
        "az354"
      ]
    },
    {
      "tile": "tile_017880",
      "variants": [
        "iso",
        "az158",
        "az211",
        "az228",
        "az261"
      ]
    },
    {
      "tile": "tile_007130",
      "variants": [
        "iso",
        "az062",
        "az164",
        "az281",
        "az313"
      ]
    },
    {
      "tile": "tile_011095",
      "variants": [
        "iso",
        "az080",
        "az209",
        "az261",
        "az333"
      ]
    },
    {
      "tile": "tile_009131",
      "variants": [
        "iso",
        "az063",
        "az209",
        "az280",
        "az323"
      ]
    },
    {
      "tile": "tile_022439",
      "variants": [
        "iso",
        "az028",
        "az084",
        "az092",
        "az219"
      ]
    },
    {
      "tile": "tile_003100",
      "variants": [
        "iso",
        "az081",
        "az124",
        "az317",
        "az350"
      ]
    },
    {
      "tile": "tile_013256",
      "variants": [
        "iso",
        "az042",
        "az050",
        "az105",
        "az348"
      ]
    },
    {
      "tile": "tile_023351",
      "variants": [
        "iso",
        "az154",
        "az267",
        "az320",
        "az321"
      ]
    },
    {
      "tile": "tile_006927",
      "variants": [
        "iso",
        "az093",
        "az113",
        "az128",
        "az327"
      ]
    },
    {
      "tile": "tile_000502",
      "variants": [
        "iso",
        "az020",
        "az123",
        "az154",
        "az209"
      ]
    },
    {
      "tile": "tile_006079",
      "variants": [
        "iso",
        "az180",
        "az248",
        "az346",
        "az356"
      ]
    },
    {
      "tile": "tile_009079",
      "variants": [
        "iso",
        "az010",
        "az182",
        "az188",
        "az252"
      ]
    },
    {
      "tile": "tile_022939",
      "variants": [
        "iso",
        "az117",
        "az155",
        "az264",
        "az349"
      ]
    },
    {
      "tile": "tile_017001",
      "variants": [
        "iso",
        "az050",
        "az104",
        "az190",
        "az199"
      ]
    },
    {
      "tile": "tile_008806",
      "variants": [
        "iso",
        "az027",
        "az104",
        "az132",
        "az133"
      ]
    },
    {
      "tile": "tile_000667",
      "variants": [
        "iso",
        "az105",
        "az128",
        "az272",
        "az316"
      ]
    },
    {
      "tile": "tile_025100",
      "variants": [
        "iso",
        "az107",
        "az220",
        "az226",
        "az326"
      ]
    },
    {
      "tile": "tile_000287",
      "variants": [
        "iso",
        "az151",
        "az172",
        "az186",
        "az188"
      ]
    },
    {
      "tile": "tile_000106",
      "variants": [
        "iso",
        "az120",
        "az156",
        "az225",
        "az262"
      ]
    },
    {
      "tile": "tile_007461",
      "variants": [
        "iso",
        "az195",
        "az263",
        "az315",
        "az359"
      ]
    },
    {
      "tile": "tile_021699",
      "variants": [
        "iso",
        "az140",
        "az221",
        "az224",
        "az281"
      ]
    },
    {
      "tile": "tile_026560",
      "variants": [
        "iso",
        "az098",
        "az166",
        "az189",
        "az324"
      ]
    },
    {
      "tile": "tile_026242",
      "variants": [
        "iso",
        "az047",
        "az077",
        "az154",
        "az255"
      ]
    },
    {
      "tile": "tile_026721",
      "variants": [
        "iso",
        "az031",
        "az079",
        "az107",
        "az213"
      ]
    },
    {
      "tile": "tile_019712",
      "variants": [
        "iso",
        "az038",
        "az096",
        "az124",
        "az200"
      ]
    },
    {
      "tile": "tile_006804",
      "variants": [
        "iso",
        "az074",
        "az078",
        "az111",
        "az297"
      ]
    },
    {
      "tile": "tile_025859",
      "variants": [
        "iso",
        "az095",
        "az143",
        "az249",
        "az292"
      ]
    },
    {
      "tile": "tile_015435",
      "variants": [
        "iso",
        "az023",
        "az149",
        "az170",
        "az233"
      ]
    },
    {
      "tile": "tile_002764",
      "variants": [
        "iso",
        "az012",
        "az263",
        "az293",
        "az304"
      ]
    },
    {
      "tile": "tile_026632",
      "variants": [
        "iso",
        "az029",
        "az071",
        "az128",
        "az238"
      ]
    },
    {
      "tile": "tile_026715",
      "variants": [
        "iso",
        "az094",
        "az194",
        "az202",
        "az349"
      ]
    },
    {
      "tile": "tile_003905",
      "variants": [
        "iso",
        "az005",
        "az008",
        "az192",
        "az260"
      ]
    },
    {
      "tile": "tile_002152",
      "variants": [
        "iso",
        "az003",
        "az012",
        "az139",
        "az354"
      ]
    },
    {
      "tile": "tile_008455",
      "variants": [
        "iso",
        "az150",
        "az204",
        "az254",
        "az280"
      ]
    },
    {
      "tile": "tile_011730",
      "variants": [
        "iso",
        "az013",
        "az029",
        "az093",
        "az292"
      ]
    },
    {
      "tile": "tile_006482",
      "variants": [
        "iso",
        "az272",
        "az295",
        "az342",
        "az358"
      ]
    },
    {
      "tile": "tile_018246",
      "variants": [
        "iso",
        "az088",
        "az132",
        "az296",
        "az356"
      ]
    },
    {
      "tile": "tile_006607",
      "variants": [
        "iso",
        "az018",
        "az172",
        "az234",
        "az272"
      ]
    },
    {
      "tile": "tile_020309",
      "variants": [
        "iso",
        "az100",
        "az245",
        "az257",
        "az335"
      ]
    },
    {
      "tile": "tile_009593",
      "variants": [
        "iso",
        "az011",
        "az055",
        "az203",
        "az338"
      ]
    },
    {
      "tile": "tile_003261",
      "variants": [
        "iso",
        "az007",
        "az118",
        "az244",
        "az275"
      ]
    },
    {
      "tile": "tile_018838",
      "variants": [
        "iso",
        "az055",
        "az063",
        "az079",
        "az350"
      ]
    },
    {
      "tile": "tile_010319",
      "variants": [
        "iso",
        "az023",
        "az198",
        "az204",
        "az313"
      ]
    },
    {
      "tile": "tile_003071",
      "variants": [
        "iso",
        "az005",
        "az077",
        "az203",
        "az355"
      ]
    },
    {
      "tile": "tile_026294",
      "variants": [
        "iso",
        "az155",
        "az216",
        "az280",
        "az354"
      ]
    },
    {
      "tile": "tile_016466",
      "variants": [
        "iso",
        "az031",
        "az091",
        "az272",
        "az281"
      ]
    },
    {
      "tile": "tile_016510",
      "variants": [
        "iso",
        "az053",
        "az151",
        "az271",
        "az330"
      ]
    },
    {
      "tile": "tile_025416",
      "variants": [
        "iso",
        "az245",
        "az260",
        "az343",
        "az345"
      ]
    },
    {
      "tile": "tile_020308",
      "variants": [
        "iso",
        "az136",
        "az156",
        "az213",
        "az263"
      ]
    },
    {
      "tile": "tile_021977",
      "variants": [
        "iso",
        "az079",
        "az140",
        "az273",
        "az330"
      ]
    },
    {
      "tile": "tile_012916",
      "variants": [
        "iso",
        "az038",
        "az095",
        "az110",
        "az119"
      ]
    },
    {
      "tile": "tile_009381",
      "variants": [
        "iso",
        "az141",
        "az187",
        "az264",
        "az298"
      ]
    },
    {
      "tile": "tile_002642",
      "variants": [
        "iso",
        "az061",
        "az082",
        "az193",
        "az344"
      ]
    },
    {
      "tile": "tile_000260",
      "variants": [
        "iso",
        "az179",
        "az196",
        "az239",
        "az354"
      ]
    },
    {
      "tile": "tile_017138",
      "variants": [
        "iso",
        "az115",
        "az134",
        "az294",
        "az353"
      ]
    },
    {
      "tile": "tile_003096",
      "variants": [
        "iso",
        "az018",
        "az064",
        "az112",
        "az187"
      ]
    },
    {
      "tile": "tile_024556",
      "variants": [
        "iso",
        "az017",
        "az102",
        "az222",
        "az317"
      ]
    },
    {
      "tile": "tile_017517",
      "variants": [
        "iso",
        "az074",
        "az075",
        "az331",
        "az352"
      ]
    },
    {
      "tile": "tile_003899",
      "variants": [
        "iso",
        "az177",
        "az277",
        "az300",
        "az353"
      ]
    },
    {
      "tile": "tile_008795",
      "variants": [
        "iso",
        "az141",
        "az143",
        "az195",
        "az322"
      ]
    },
    {
      "tile": "tile_010694",
      "variants": [
        "iso",
        "az003",
        "az123",
        "az199",
        "az338"
      ]
    },
    {
      "tile": "tile_018366",
      "variants": [
        "iso",
        "az042",
        "az137",
        "az252",
        "az348"
      ]
    },
    {
      "tile": "tile_011170",
      "variants": [
        "iso",
        "az050",
        "az071",
        "az181",
        "az329"
      ]
    },
    {
      "tile": "tile_019574",
      "variants": [
        "iso",
        "az002",
        "az088",
        "az160",
        "az313"
      ]
    },
    {
      "tile": "tile_018886",
      "variants": [
        "iso",
        "az238",
        "az257",
        "az301",
        "az343"
      ]
    },
    {
      "tile": "tile_006963",
      "variants": [
        "iso",
        "az237",
        "az244",
        "az269",
        "az318"
      ]
    },
    {
      "tile": "tile_024384",
      "variants": [
        "iso",
        "az022",
        "az032",
        "az121",
        "az279"
      ]
    },
    {
      "tile": "tile_018272",
      "variants": [
        "iso",
        "az042",
        "az129",
        "az158",
        "az175"
      ]
    },
    {
      "tile": "tile_023834",
      "variants": [
        "iso",
        "az065",
        "az161",
        "az215",
        "az266"
      ]
    },
    {
      "tile": "tile_009095",
      "variants": [
        "iso",
        "az164",
        "az234",
        "az239",
        "az332"
      ]
    },
    {
      "tile": "tile_005157",
      "variants": [
        "iso",
        "az068",
        "az099",
        "az149",
        "az179"
      ]
    },
    {
      "tile": "tile_012050",
      "variants": [
        "iso",
        "az055",
        "az089",
        "az195",
        "az272"
      ]
    },
    {
      "tile": "tile_004507",
      "variants": [
        "iso",
        "az026",
        "az145",
        "az150",
        "az330"
      ]
    },
    {
      "tile": "tile_003931",
      "variants": [
        "iso",
        "az010",
        "az284",
        "az322",
        "az324"
      ]
    },
    {
      "tile": "tile_025834",
      "variants": [
        "iso",
        "az013",
        "az046",
        "az179",
        "az300"
      ]
    },
    {
      "tile": "tile_006609",
      "variants": [
        "iso",
        "az018",
        "az238",
        "az247",
        "az330"
      ]
    },
    {
      "tile": "tile_024440",
      "variants": [
        "iso",
        "az167",
        "az171",
        "az297",
        "az310"
      ]
    },
    {
      "tile": "tile_007642",
      "variants": [
        "iso",
        "az037",
        "az084",
        "az104",
        "az120"
      ]
    },
    {
      "tile": "tile_016345",
      "variants": [
        "iso",
        "az006",
        "az102",
        "az111",
        "az203"
      ]
    },
    {
      "tile": "tile_026666",
      "variants": [
        "iso",
        "az001",
        "az145",
        "az198",
        "az358"
      ]
    },
    {
      "tile": "tile_017870",
      "variants": [
        "iso",
        "az079",
        "az111",
        "az127",
        "az208"
      ]
    },
    {
      "tile": "tile_016900",
      "variants": [
        "iso",
        "az060",
        "az092",
        "az232",
        "az314"
      ]
    },
    {
      "tile": "tile_008623",
      "variants": [
        "iso",
        "az077",
        "az145",
        "az276",
        "az344"
      ]
    },
    {
      "tile": "tile_000058",
      "variants": [
        "iso",
        "az040",
        "az239",
        "az284",
        "az313"
      ]
    },
    {
      "tile": "tile_014609",
      "variants": [
        "iso",
        "az005",
        "az038",
        "az168",
        "az299"
      ]
    },
    {
      "tile": "tile_027133",
      "variants": [
        "iso",
        "az098",
        "az158",
        "az203",
        "az220"
      ]
    },
    {
      "tile": "tile_027152",
      "variants": [
        "iso",
        "az169",
        "az223",
        "az260",
        "az351"
      ]
    },
    {
      "tile": "tile_019972",
      "variants": [
        "iso",
        "az102",
        "az235",
        "az312",
        "az347"
      ]
    },
    {
      "tile": "tile_001307",
      "variants": [
        "iso",
        "az013",
        "az222",
        "az274",
        "az305"
      ]
    },
    {
      "tile": "tile_010616",
      "variants": [
        "iso",
        "az014",
        "az123",
        "az161",
        "az175"
      ]
    },
    {
      "tile": "tile_014472",
      "variants": [
        "iso",
        "az016",
        "az093",
        "az268",
        "az297"
      ]
    },
    {
      "tile": "tile_015971",
      "variants": [
        "iso",
        "az130",
        "az184",
        "az236",
        "az280"
      ]
    },
    {
      "tile": "tile_001721",
      "variants": [
        "iso",
        "az181",
        "az276",
        "az319",
        "az327"
      ]
    },
    {
      "tile": "tile_027254",
      "variants": [
        "iso",
        "az029",
        "az180",
        "az264",
        "az266"
      ]
    },
    {
      "tile": "tile_025956",
      "variants": [
        "iso",
        "az085",
        "az098",
        "az112",
        "az147"
      ]
    },
    {
      "tile": "tile_007205",
      "variants": [
        "iso",
        "az030",
        "az076",
        "az130",
        "az335"
      ]
    },
    {
      "tile": "tile_016493",
      "variants": [
        "iso",
        "az093",
        "az276",
        "az304",
        "az342"
      ]
    },
    {
      "tile": "tile_019030",
      "variants": [
        "iso",
        "az069",
        "az170",
        "az266",
        "az292"
      ]
    },
    {
      "tile": "tile_003581",
      "variants": [
        "iso",
        "az011",
        "az064",
        "az234",
        "az338"
      ]
    },
    {
      "tile": "tile_027356",
      "variants": [
        "iso",
        "az044",
        "az082",
        "az123",
        "az309"
      ]
    },
    {
      "tile": "tile_003088",
      "variants": [
        "iso",
        "az103",
        "az139",
        "az142",
        "az236"
      ]
    },
    {
      "tile": "tile_016341",
      "variants": [
        "iso",
        "az007",
        "az135",
        "az279",
        "az309"
      ]
    },
    {
      "tile": "tile_003313",
      "variants": [
        "iso",
        "az077",
        "az190",
        "az208",
        "az296"
      ]
    },
    {
      "tile": "tile_005193",
      "variants": [
        "iso",
        "az088",
        "az094",
        "az216",
        "az280"
      ]
    },
    {
      "tile": "tile_024337",
      "variants": [
        "iso",
        "az007",
        "az152",
        "az168",
        "az322"
      ]
    },
    {
      "tile": "tile_026842",
      "variants": [
        "iso",
        "az062",
        "az146",
        "az208",
        "az316"
      ]
    },
    {
      "tile": "tile_007039",
      "variants": [
        "iso",
        "az023",
        "az104",
        "az222",
        "az226"
      ]
    },
    {
      "tile": "tile_008777",
      "variants": [
        "iso",
        "az181",
        "az235",
        "az286",
        "az305"
      ]
    },
    {
      "tile": "tile_027171",
      "variants": [
        "iso",
        "az082",
        "az089",
        "az156",
        "az195"
      ]
    },
    {
      "tile": "tile_026241",
      "variants": [
        "iso",
        "az006",
        "az081",
        "az104",
        "az357"
      ]
    },
    {
      "tile": "tile_023606",
      "variants": [
        "iso",
        "az076",
        "az250",
        "az326",
        "az332"
      ]
    },
    {
      "tile": "tile_000478",
      "variants": [
        "iso",
        "az118",
        "az137",
        "az180",
        "az339"
      ]
    },
    {
      "tile": "tile_006573",
      "variants": [
        "iso",
        "az064",
        "az071",
        "az304",
        "az339"
      ]
    },
    {
      "tile": "tile_005907",
      "variants": [
        "iso",
        "az033",
        "az130",
        "az262",
        "az270"
      ]
    },
    {
      "tile": "tile_020489",
      "variants": [
        "iso",
        "az102",
        "az169",
        "az234",
        "az307"
      ]
    },
    {
      "tile": "tile_026891",
      "variants": [
        "iso",
        "az101",
        "az208",
        "az215",
        "az216"
      ]
    },
    {
      "tile": "tile_016294",
      "variants": [
        "iso",
        "az064",
        "az074",
        "az235",
        "az272"
      ]
    },
    {
      "tile": "tile_024254",
      "variants": [
        "iso",
        "az000",
        "az113",
        "az199",
        "az276"
      ]
    },
    {
      "tile": "tile_010444",
      "variants": [
        "iso",
        "az030",
        "az109",
        "az297",
        "az328"
      ]
    },
    {
      "tile": "tile_000564",
      "variants": [
        "iso",
        "az033",
        "az172",
        "az192",
        "az333"
      ]
    },
    {
      "tile": "tile_003818",
      "variants": [
        "iso",
        "az053",
        "az142",
        "az253",
        "az276"
      ]
    },
    {
      "tile": "tile_000109",
      "variants": [
        "iso",
        "az104",
        "az167",
        "az179",
        "az286"
      ]
    },
    {
      "tile": "tile_027245",
      "variants": [
        "iso",
        "az213",
        "az227",
        "az238",
        "az318"
      ]
    },
    {
      "tile": "tile_019066",
      "variants": [
        "iso",
        "az045",
        "az274",
        "az308",
        "az311"
      ]
    },
    {
      "tile": "tile_018874",
      "variants": [
        "iso",
        "az182",
        "az188",
        "az249",
        "az346"
      ]
    },
    {
      "tile": "tile_006646",
      "variants": [
        "iso",
        "az052",
        "az170",
        "az322",
        "az347"
      ]
    }
  ],
  "max_parallel_propagations": 5,
  "preprocess_threads": 4,
  "timeout_seconds": 1800,
  "dry_run": false
}
[1/3200] PREPROCESS tile_018241
[1/3200] PREPARE tile_018241 iso az007 az072 az183 az287
[1/3200] PROPAGATE tile_018241 (5 parallel)
[1/3200] OK tile_018241 iso
[1/3200] OK tile_018241 az007
[1/3200] OK tile_018241 az072
[1/3200] OK tile_018241 az287
[1/3200] OK tile_018241 az183
[1/3200] COMPACT tile_018241
[1/3200] DONE tile_018241 87.7s
[2/3200] PREPROCESS tile_027078
[2/3200] PREPARE tile_027078 iso az098 az160 az172 az335
[2/3200] PROPAGATE tile_027078 (5 parallel)
[2/3200] OK tile_027078 az098
[2/3200] OK tile_027078 az172
[2/3200] OK tile_027078 iso
[2/3200] OK tile_027078 az160
[2/3200] OK tile_027078 az335
[2/3200] COMPACT tile_027078
[2/3200] DONE tile_027078 353.4s
[3/3200] PREPROCESS tile_004311
[3/3200] PREPARE tile_004311 iso az010 az038 az228 az277
[3/3200] PROPAGATE tile_004311 (5 parallel)
[3/3200] OK tile_004311 iso
[3/3200] OK tile_004311 az010
[3/3200] OK tile_004311 az277
[3/3200] OK tile_004311 az228
[3/3200] OK tile_004311 az038
[3/3200] COMPACT tile_004311
[3/3200] DONE tile_004311 41.6s
[4/3200] PREPROCESS tile_023218
[4/3200] PREPARE tile_023218 iso az028 az164 az232 az346
[4/3200] PROPAGATE tile_023218 (5 parallel)
[4/3200] OK tile_023218 iso
[4/3200] OK tile_023218 az346
[4/3200] OK tile_023218 az164
[4/3200] OK tile_023218 az232
[4/3200] OK tile_023218 az028
[4/3200] COMPACT tile_023218
[4/3200] DONE tile_023218 56.3s
[5/3200] PREPROCESS tile_009123
[5/3200] PREPARE tile_009123 iso az048 az162 az225 az281
[5/3200] PROPAGATE tile_009123 (5 parallel)
[5/3200] OK tile_009123 iso
[5/3200] OK tile_009123 az281
[5/3200] OK tile_009123 az162
[5/3200] OK tile_009123 az225
[5/3200] OK tile_009123 az048
[5/3200] COMPACT tile_009123
[5/3200] DONE tile_009123 159.0s
[6/3200] PREPROCESS tile_003456
[6/3200] PREPARE tile_003456 iso az183 az305 az307 az331
[6/3200] PROPAGATE tile_003456 (5 parallel)
[6/3200] OK tile_003456 iso
[6/3200] OK tile_003456 az305
[6/3200] OK tile_003456 az307
[6/3200] OK tile_003456 az331
[6/3200] OK tile_003456 az183
[6/3200] COMPACT tile_003456
[6/3200] DONE tile_003456 85.4s
[7/3200] PREPROCESS tile_014919
[7/3200] PREPARE tile_014919 iso az089 az152 az205 az271
[7/3200] PROPAGATE tile_014919 (5 parallel)
[7/3200] OK tile_014919 iso
[7/3200] OK tile_014919 az089
[7/3200] OK tile_014919 az205
[7/3200] OK tile_014919 az152
[7/3200] OK tile_014919 az271
[7/3200] COMPACT tile_014919
[7/3200] DONE tile_014919 121.0s
[8/3200] PREPROCESS tile_005699
[8/3200] PREPARE tile_005699 iso az077 az106 az271 az328
[8/3200] PROPAGATE tile_005699 (5 parallel)
[8/3200] OK tile_005699 iso
[8/3200] OK tile_005699 az077
[8/3200] OK tile_005699 az271
[8/3200] OK tile_005699 az328
[8/3200] OK tile_005699 az106
[8/3200] COMPACT tile_005699
[8/3200] DONE tile_005699 132.3s
[9/3200] PREPROCESS tile_009521
[9/3200] PREPARE tile_009521 iso az056 az065 az120 az213
[9/3200] PROPAGATE tile_009521 (5 parallel)
