tile,split,status,valid_gain_pixels,seconds,error
tile_000001,val,ok,12771,0.011,
tile_000002,train,ok,10776,0.009,
tile_000003,train,ok,11668,0.009,
tile_000004,train,ok,13115,0.009,
tile_000005,train,ok,12970,0.006,
tile_000006,train,ok,10270,0.006,
tile_000007,train,ok,11978,0.006,
tile_000008,train,ok,12331,0.006,
tile_000009,val,ok,12131,0.006,
tile_000010,val,ok,8290,0.007,
tile_000011,test,ok,12368,0.007,
tile_000012,train,ok,11160,0.006,
tile_000013,train,ok,10783,0.005,
tile_000014,val,ok,12090,0.007,
tile_000015,train,ok,10894,0.006,
tile_000016,train,ok,11561,0.006,
tile_000017,train,ok,9545,0.006,
tile_000018,train,ok,12207,0.006,
tile_000019,train,ok,11184,0.006,
tile_000020,train,ok,10384,0.007,
tile_000021,val,ok,11608,0.006,
tile_000022,test,ok,12723,0.006,
tile_000023,train,ok,11026,0.006,
tile_000024,train,ok,10550,0.005,
tile_000025,train,ok,12394,0.005,
tile_000026,train,ok,12685,0.005,
tile_000027,train,ok,10313,0.005,
tile_000028,train,ok,12407,0.005,
tile_000029,train,ok,11166,0.006,
tile_000030,train,ok,12432,0.005,
tile_000031,train,ok,10543,0.005,
tile_000032,train,ok,11209,0.005,
tile_000033,train,ok,12939,0.006,
tile_000034,train,ok,10191,0.006,
tile_000035,train,ok,12248,0.005,
tile_000036,train,ok,12667,0.005,
tile_000037,train,ok,12584,0.006,
tile_000038,train,ok,8960,0.006,
tile_000039,train,ok,12226,0.005,
tile_000040,train,ok,12713,0.006,
tile_000041,train,ok,11283,0.005,
tile_000042,train,ok,12235,0.005,
tile_000043,train,ok,12365,0.005,
tile_000044,train,ok,11681,0.005,
tile_000045,train,ok,11588,0.005,
tile_000046,train,ok,11271,0.005,
tile_000047,train,ok,10348,0.005,
tile_000048,train,ok,12138,0.005,
tile_000049,train,ok,11578,0.005,
tile_000050,train,ok,12756,0.005,
tile_000051,train,ok,12343,0.005,
tile_000052,test,ok,12361,0.006,
tile_000053,train,ok,11714,0.005,
tile_000054,train,ok,12553,0.006,
tile_000055,train,ok,11316,0.005,
tile_000056,train,ok,10160,0.005,
tile_000057,train,ok,9681,0.005,
tile_000058,test,ok,11994,0.006,
tile_000059,train,ok,10782,0.005,
tile_000060,train,ok,12866,0.005,
tile_000061,train,ok,11288,0.005,
tile_000062,train,ok,12791,0.006,
tile_000063,train,ok,12929,0.005,
tile_000064,train,ok,12642,0.006,
tile_000065,test,ok,12885,0.006,
tile_000066,train,ok,12924,0.005,
tile_000067,train,ok,12853,0.005,
tile_000068,train,ok,10506,0.005,
tile_000069,train,ok,13013,0.006,
tile_000070,train,ok,12113,0.006,
tile_000071,train,ok,12339,0.005,
tile_000072,train,ok,11947,0.006,
tile_000073,train,ok,8900,0.006,
tile_000074,test,ok,10425,0.006,
tile_000075,test,ok,12792,0.006,
tile_000076,train,ok,9875,0.006,
tile_000077,train,ok,12283,0.006,
tile_000078,train,ok,9440,0.006,
tile_000079,train,ok,9187,0.006,
tile_000080,train,ok,11414,0.006,
tile_000081,train,ok,11823,0.006,
tile_000082,val,ok,11055,0.006,
tile_000083,train,ok,10906,0.005,
tile_000084,train,ok,10916,0.006,
tile_000085,train,ok,12121,0.005,
tile_000086,train,ok,12489,0.005,
tile_000087,train,ok,11869,0.005,
tile_000088,train,ok,12040,0.005,
tile_000089,train,ok,11520,0.005,
tile_000090,test,ok,12511,0.006,
tile_000091,train,ok,11657,0.005,
tile_000092,train,ok,11149,0.005,
tile_000093,train,ok,11987,0.006,
tile_000094,test,ok,11270,0.006,
tile_000095,test,ok,11233,0.006,
tile_000096,train,ok,10292,0.006,
tile_000097,train,ok,13120,0.005,
tile_000098,train,ok,13129,0.006,
tile_000099,train,ok,13105,0.006,
tile_000100,train,ok,12120,0.006,
tile_000101,train,ok,12845,0.005,
tile_000102,train,ok,11395,0.005,
tile_000103,train,ok,12771,0.005,
tile_000104,val,ok,12955,0.006,
tile_000105,train,ok,9665,0.005,
tile_000106,test,ok,12612,0.006,
tile_000107,train,ok,10431,0.005,
tile_000108,train,ok,11303,0.005,
tile_000109,test,ok,12799,0.006,
tile_000110,test,ok,12693,0.007,
tile_000111,test,ok,13024,0.006,
tile_000112,train,ok,12960,0.005,
tile_000113,train,ok,11946,0.005,
tile_000114,train,ok,12880,0.006,
tile_000115,train,ok,11438,0.006,
tile_000116,train,ok,12195,0.006,
tile_000117,val,ok,12698,0.007,
tile_000118,test,ok,12182,0.006,
tile_000119,train,ok,11785,0.005,
tile_000120,test,ok,12030,0.006,
tile_000121,train,ok,11887,0.005,
tile_000122,test,ok,12593,0.006,
tile_000123,train,ok,12015,0.005,
tile_000124,train,ok,11703,0.005,
tile_000125,train,ok,10484,0.006,
tile_000126,train,ok,11463,0.005,
tile_000127,train,ok,12006,0.005,
tile_000128,train,ok,12056,0.005,
tile_000129,train,ok,12859,0.005,
tile_000130,train,ok,11574,0.005,
tile_000131,test,ok,11457,0.006,
tile_000132,train,ok,12392,0.005,
tile_000133,val,ok,11898,0.006,
tile_000134,train,ok,10646,0.005,
tile_000135,train,ok,12333,0.005,
tile_000136,train,ok,11396,0.005,
tile_000137,val,ok,12706,0.006,
tile_000138,val,ok,11819,0.006,
tile_000139,test,ok,12724,0.006,
tile_000140,train,ok,9570,0.005,
tile_000141,train,ok,11187,0.006,
tile_000142,train,ok,12850,0.006,
tile_000143,train,ok,11227,0.005,
tile_000144,train,ok,11645,0.005,
tile_000145,train,ok,10274,0.005,
tile_000146,train,ok,12168,0.005,
tile_000147,train,ok,11517,0.005,
tile_000148,val,ok,9218,0.006,
tile_000149,train,ok,13043,0.006,
tile_000150,train,ok,11317,0.005,
tile_000151,train,ok,11160,0.005,
tile_000152,test,ok,12017,0.005,
tile_000153,test,ok,12602,0.006,
tile_000154,train,ok,12425,0.005,
tile_000155,train,ok,12348,0.005,
tile_000156,train,ok,13059,0.005,
tile_000157,train,ok,11657,0.005,
tile_000158,train,ok,11669,0.005,
tile_000159,train,ok,10078,0.005,
tile_000160,train,ok,10757,0.005,
tile_000161,train,ok,10243,0.006,
tile_000162,val,ok,12096,0.006,
tile_000163,val,ok,10958,0.006,
tile_000164,train,ok,12139,0.005,
tile_000165,train,ok,12802,0.006,
tile_000166,train,ok,12993,0.005,
tile_000167,train,ok,12297,0.005,
tile_000168,train,ok,12177,0.005,
tile_000169,train,ok,9196,0.006,
tile_000170,train,ok,11022,0.005,
tile_000171,train,ok,12108,0.006,
tile_000172,train,ok,11612,0.005,
tile_000173,train,ok,11514,0.005,
tile_000174,train,ok,8915,0.005,
tile_000175,train,ok,8637,0.005,
tile_000176,train,ok,11143,0.005,
tile_000177,val,ok,10253,0.006,
tile_000178,train,ok,12960,0.006,
tile_000179,train,ok,12906,0.005,
tile_000180,train,ok,12189,0.005,
tile_000181,val,ok,12137,0.006,
tile_000182,val,ok,11603,0.006,
tile_000183,train,ok,12346,0.006,
tile_000184,train,ok,11675,0.005,
tile_000185,train,ok,12719,0.006,
tile_000186,train,ok,12099,0.005,
tile_000187,train,ok,11376,0.005,
tile_000188,test,ok,12310,0.006,
tile_000189,test,ok,12958,0.006,
tile_000190,train,ok,11488,0.006,
tile_000191,train,ok,12635,0.006,
tile_000192,val,ok,12723,0.006,
tile_000193,train,ok,12724,0.005,
tile_000194,train,ok,10897,0.006,
tile_000195,train,ok,9103,0.005,
tile_000196,test,ok,10336,0.005,
tile_000197,train,ok,11616,0.005,
tile_000198,train,ok,11818,0.006,
tile_000199,train,ok,11499,0.005,
tile_000200,train,ok,12976,0.005,
tile_000201,train,ok,12424,0.005,
tile_000202,train,ok,11706,0.005,
tile_000203,val,ok,12024,0.006,
tile_000204,val,ok,11979,0.006,
tile_000205,train,ok,12797,0.005,
tile_000206,train,ok,13026,0.006,
tile_000207,train,ok,8987,0.006,
tile_000208,train,ok,12688,0.005,
tile_000209,test,ok,12148,0.006,
tile_000210,test,ok,10061,0.006,
tile_000211,train,ok,9758,0.005,
tile_000212,train,ok,11941,0.005,
tile_000213,train,ok,12453,0.005,
tile_000214,test,ok,10969,0.006,
tile_000215,test,ok,12764,0.006,
tile_000216,train,ok,11591,0.006,
tile_000217,train,ok,13008,0.005,
tile_000218,train,ok,12184,0.006,
tile_000219,test,ok,12429,0.005,
tile_000220,train,ok,12676,0.005,
tile_000221,train,ok,12283,0.005,
tile_000222,test,ok,10226,0.006,
tile_000223,train,ok,11899,0.005,
tile_000224,val,ok,10840,0.006,
tile_000225,val,ok,13066,0.006,
tile_000226,train,ok,12209,0.005,
tile_000227,train,ok,12394,0.005,
tile_000228,train,ok,12695,0.006,
tile_000229,train,ok,12683,0.005,
tile_000230,test,ok,12719,0.006,
tile_000231,val,ok,12435,0.006,
tile_000232,train,ok,12620,0.005,
tile_000233,train,ok,11047,0.005,
tile_000234,train,ok,11992,0.005,
tile_000235,train,ok,10935,0.005,
tile_000236,train,ok,11549,0.005,
tile_000237,train,ok,13036,0.005,
tile_000238,train,ok,10985,0.005,
tile_000239,train,ok,12212,0.005,
tile_000240,train,ok,12555,0.005,
tile_000241,train,ok,12910,0.005,
tile_000242,train,ok,13118,0.005,
tile_000243,train,ok,11962,0.005,
tile_000244,val,ok,12069,0.005,
tile_000245,train,ok,11690,0.005,
tile_000246,train,ok,11081,0.005,
tile_000247,train,ok,12979,0.005,
tile_000248,train,ok,11327,0.005,
tile_000249,val,ok,8463,0.006,
tile_000250,train,ok,12884,0.005,
tile_000251,train,ok,10832,0.005,
tile_000252,train,ok,11747,0.005,
tile_000253,train,ok,11348,0.005,
tile_000254,val,ok,10872,0.006,
tile_000255,val,ok,12099,0.006,
tile_000256,val,ok,13036,0.005,
tile_000257,train,ok,12109,0.005,
tile_000258,train,ok,12045,0.005,
tile_000259,train,ok,12159,0.005,
tile_000260,test,ok,12468,0.006,
tile_000261,train,ok,13053,0.005,
tile_000262,val,ok,10991,0.006,
tile_000263,val,ok,10315,0.005,
tile_000264,train,ok,12169,0.005,
tile_000265,train,ok,12813,0.005,
tile_000266,train,ok,11375,0.005,
tile_000267,train,ok,11307,0.005,
tile_000268,train,ok,11642,0.005,
tile_000269,train,ok,12828,0.005,
tile_000270,val,ok,12409,0.006,
tile_000271,val,ok,11129,0.006,
tile_000272,val,ok,11678,0.006,
tile_000273,train,ok,12006,0.006,
tile_000274,train,ok,11727,0.005,
tile_000275,test,ok,13038,0.005,
tile_000276,test,ok,10430,0.006,
tile_000277,test,ok,10806,0.006,
tile_000278,test,ok,12130,0.006,
tile_000279,test,ok,8631,0.006,
tile_000280,train,ok,12924,0.005,
tile_000281,train,ok,12314,0.005,
tile_000282,val,ok,12966,0.006,
tile_000283,val,ok,12888,0.006,
tile_000284,train,ok,10951,0.005,
tile_000285,train,ok,12602,0.005,
tile_000286,test,ok,7573,0.006,
tile_000287,test,ok,12649,0.006,
tile_000288,val,ok,12573,0.006,
tile_000289,val,ok,10090,0.005,
tile_000290,val,ok,12632,0.006,
tile_000291,train,ok,11634,0.005,
tile_000292,train,ok,12562,0.005,
tile_000293,train,ok,10930,0.005,
tile_000294,train,ok,12320,0.005,
tile_000295,train,ok,12424,0.005,
tile_000296,train,ok,8547,0.005,
tile_000297,val,ok,12296,0.005,
tile_000298,val,ok,10575,0.006,
tile_000299,val,ok,11465,0.006,
tile_000300,val,ok,11794,0.006,
tile_000301,train,ok,10533,0.005,
tile_000302,train,ok,12766,0.006,
tile_000303,val,ok,12963,0.005,
tile_000304,train,ok,12696,0.005,
tile_000305,val,ok,12878,0.006,
tile_000306,train,ok,12120,0.005,
tile_000307,train,ok,10326,0.005,
tile_000308,train,ok,13107,0.005,
tile_000309,train,ok,12215,0.005,
tile_000310,val,ok,11890,0.006,
tile_000311,train,ok,12754,0.005,
tile_000312,train,ok,13121,0.005,
tile_000313,test,ok,12527,0.005,
tile_000314,test,ok,8641,0.006,
tile_000315,val,ok,10441,0.006,
tile_000316,train,ok,11304,0.005,
tile_000317,train,ok,11310,0.005,
tile_000318,train,ok,12509,0.005,
tile_000319,train,ok,11947,0.006,
tile_000320,train,ok,12811,0.005,
tile_000321,train,ok,12654,0.005,
tile_000322,train,ok,12056,0.005,
tile_000323,train,ok,11736,0.005,
tile_000324,train,ok,12394,0.005,
tile_000325,train,ok,11429,0.005,
tile_000326,val,ok,12653,0.006,
tile_000327,train,ok,12782,0.005,
tile_000328,train,ok,13083,0.005,
tile_000329,train,ok,11897,0.005,
tile_000330,train,ok,9821,0.006,
tile_000331,train,ok,12458,0.005,
tile_000332,train,ok,12721,0.005,
tile_000333,train,ok,9515,0.005,
tile_000334,val,ok,12591,0.006,
tile_000335,train,ok,12819,0.006,
tile_000336,train,ok,11333,0.006,
tile_000337,train,ok,12928,0.006,
tile_000338,train,ok,13003,0.005,
tile_000339,train,ok,12179,0.005,
tile_000340,train,ok,12876,0.005,
tile_000341,val,ok,12273,0.006,
tile_000342,train,ok,12297,0.005,
tile_000343,train,ok,11016,0.005,
tile_000344,train,ok,11539,0.005,
tile_000345,train,ok,12862,0.005,
tile_000346,train,ok,11565,0.005,
tile_000347,train,ok,12734,0.005,
tile_000348,train,ok,13012,0.006,
tile_000349,val,ok,12423,0.006,
tile_000350,train,ok,12277,0.006,
tile_000351,train,ok,11221,0.005,
tile_000352,train,ok,8626,0.006,
tile_000353,train,ok,13035,0.006,
tile_000354,train,ok,11582,0.006,
tile_000355,train,ok,13083,0.006,
tile_000356,train,ok,11548,0.005,
tile_000357,val,ok,12685,0.006,
tile_000358,train,ok,11774,0.006,
tile_000359,train,ok,11959,0.006,
tile_000360,train,ok,12422,0.006,
tile_000361,train,ok,11041,0.005,
tile_000362,train,ok,11945,0.006,
tile_000363,train,ok,12871,0.005,
tile_000364,train,ok,12859,0.005,
tile_000365,test,ok,11979,0.006,
tile_000366,val,ok,8929,0.006,
tile_000367,train,ok,12701,0.005,
tile_000368,val,ok,12872,0.006,
tile_000369,test,ok,12930,0.006,
tile_000370,train,ok,12924,0.005,
tile_000371,train,ok,11647,0.005,
tile_000372,train,ok,12778,0.005,
tile_000373,train,ok,8770,0.005,
tile_000374,val,ok,9700,0.006,
tile_000375,train,ok,11757,0.005,
tile_000376,train,ok,12340,0.005,
tile_000377,train,ok,11973,0.005,
tile_000378,train,ok,11307,0.005,
tile_000379,test,ok,12654,0.006,
tile_000380,val,ok,11900,0.006,
tile_000381,train,ok,13057,0.005,
tile_000382,train,ok,11621,0.005,
tile_000383,train,ok,12100,0.005,
tile_000384,train,ok,12722,0.005,
tile_000385,train,ok,10980,0.005,
tile_000386,train,ok,11897,0.006,
tile_000387,train,ok,12373,0.006,
tile_000388,train,ok,12937,0.006,
tile_000389,train,ok,13120,0.005,
tile_000390,val,ok,12727,0.005,
tile_000391,train,ok,11834,0.005,
tile_000392,train,ok,12170,0.006,
tile_000393,train,ok,12808,0.005,
tile_000394,train,ok,10466,0.006,
tile_000395,val,ok,11594,0.006,
tile_000396,train,ok,12745,0.005,
tile_000397,train,ok,11201,0.005,
tile_000398,train,ok,12550,0.006,
tile_000399,train,ok,12203,0.006,
tile_000400,val,ok,10547,0.006,
tile_000401,train,ok,11093,0.005,
tile_000402,train,ok,12498,0.006,
tile_000403,train,ok,11286,0.006,
tile_000404,train,ok,12956,0.006,
tile_000405,train,ok,11817,0.006,
tile_000406,train,ok,13071,0.006,
tile_000407,train,ok,13140,0.006,
tile_000408,train,ok,12374,0.006,
tile_000409,test,ok,12913,0.006,
tile_000410,test,ok,12870,0.007,
tile_000411,train,ok,11666,0.006,
tile_000412,train,ok,10015,0.006,
tile_000413,train,ok,12886,0.006,
tile_000414,val,ok,11904,0.006,
tile_000415,train,ok,13024,0.006,
tile_000416,train,ok,12125,0.005,
tile_000417,test,ok,12164,0.005,
tile_000418,train,ok,10011,0.005,
tile_000419,train,ok,11660,0.005,
tile_000420,train,ok,12934,0.006,
tile_000421,train,ok,11872,0.005,
tile_000422,train,ok,12929,0.005,
tile_000423,train,ok,11032,0.005,
tile_000424,train,ok,12895,0.006,
tile_000425,train,ok,12599,0.005,
tile_000426,train,ok,11006,0.005,
tile_000427,train,ok,12614,0.006,
tile_000428,train,ok,12174,0.005,
tile_000429,train,ok,12967,0.006,
tile_000430,train,ok,12943,0.005,
tile_000431,train,ok,12701,0.006,
tile_000432,train,ok,12956,0.005,
tile_000433,train,ok,12225,0.005,
tile_000434,train,ok,11531,0.006,
tile_000435,train,ok,12336,0.006,
tile_000436,train,ok,12798,0.006,
tile_000437,train,ok,12499,0.006,
tile_000438,train,ok,12572,0.006,
tile_000439,train,ok,12958,0.006,
tile_000440,train,ok,12301,0.006,
tile_000441,train,ok,12488,0.006,
tile_000442,train,ok,12102,0.005,
tile_000443,train,ok,12803,0.006,
tile_000444,train,ok,11097,0.005,
tile_000445,train,ok,11775,0.006,
tile_000446,train,ok,12586,0.005,
tile_000447,train,ok,12604,0.005,
tile_000448,train,ok,12156,0.005,
tile_000449,train,ok,12476,0.005,
tile_000450,train,ok,12574,0.005,
tile_000451,train,ok,12505,0.005,
tile_000452,train,ok,13016,0.005,
tile_000453,train,ok,10051,0.006,
tile_000454,train,ok,11757,0.006,
tile_000455,train,ok,12616,0.005,
tile_000456,train,ok,12650,0.006,
tile_000457,train,ok,11088,0.006,
tile_000458,train,ok,12724,0.005,
tile_000459,train,ok,12794,0.006,
tile_000460,train,ok,13083,0.005,
tile_000461,train,ok,12278,0.005,
tile_000462,train,ok,11412,0.006,
tile_000463,train,ok,12817,0.005,
tile_000464,val,ok,12936,0.006,
tile_000465,train,ok,11840,0.006,
tile_000466,train,ok,11058,0.005,
tile_000467,train,ok,9226,0.006,
tile_000468,train,ok,9142,0.006,
tile_000469,train,ok,12974,0.005,
tile_000470,train,ok,12263,0.005,
tile_000471,train,ok,13058,0.006,
tile_000472,train,ok,13001,0.006,
tile_000473,train,ok,12837,0.006,
tile_000474,train,ok,10095,0.005,
tile_000475,train,ok,13076,0.005,
tile_000476,train,ok,11121,0.005,
tile_000477,train,ok,12422,0.006,
tile_000478,test,ok,12908,0.006,
tile_000479,train,ok,11317,0.005,
tile_000480,test,ok,12917,0.006,
tile_000481,train,ok,12680,0.006,
tile_000482,train,ok,10772,0.006,
tile_000483,train,ok,12473,0.006,
tile_000484,train,ok,11880,0.006,
tile_000485,train,ok,13063,0.006,
tile_000486,train,ok,11262,0.006,
tile_000487,train,ok,11053,0.005,
tile_000488,train,ok,12219,0.006,
tile_000489,train,ok,11490,0.006,
tile_000490,train,ok,9465,0.006,
tile_000491,train,ok,10051,0.006,
tile_000492,train,ok,12534,0.006,
tile_000493,train,ok,12616,0.005,
tile_000494,train,ok,12618,0.005,
tile_000495,train,ok,12190,0.005,
tile_000496,train,ok,12946,0.005,
tile_000497,train,ok,13091,0.005,
tile_000498,test,ok,11529,0.006,
tile_000499,test,ok,11966,0.006,
tile_000500,train,ok,11430,0.005,
tile_000501,val,ok,11448,0.006,
tile_000502,test,ok,13018,0.006,
tile_000503,train,ok,13135,0.005,
tile_000504,train,ok,9032,0.005,
tile_000505,train,ok,8335,0.005,
tile_000506,train,ok,11355,0.005,
tile_000507,train,ok,11392,0.005,
tile_000508,test,ok,12382,0.006,
tile_000509,test,ok,13035,0.006,
tile_000510,test,ok,12996,0.006,
tile_000511,train,ok,13076,0.005,
tile_000512,val,ok,12712,0.006,
tile_000513,train,ok,13023,0.005,
tile_000514,train,ok,11928,0.006,
tile_000515,train,ok,12792,0.006,
tile_000516,train,ok,12721,0.005,
tile_000517,train,ok,12547,0.005,
tile_000518,train,ok,11435,0.015,
tile_000519,train,ok,12186,0.015,
tile_000520,train,ok,11783,0.016,
tile_000521,train,ok,11263,0.016,
tile_000522,train,ok,12398,0.006,
tile_000523,train,ok,13052,0.006,
tile_000524,train,ok,12617,0.006,
tile_000525,test,ok,12952,0.006,
tile_000526,test,ok,12692,0.006,
tile_000527,val,ok,12650,0.006,
tile_000528,train,ok,13091,0.005,
tile_000529,train,ok,12320,0.005,
tile_000530,train,ok,12304,0.006,
tile_000531,train,ok,11404,0.005,
tile_000532,train,ok,12342,0.005,
tile_000533,train,ok,12188,0.006,
tile_000534,val,ok,12685,0.006,
tile_000535,train,ok,10116,0.006,
tile_000536,test,ok,12487,0.006,
tile_000537,test,ok,12916,0.006,
tile_000538,train,ok,13113,0.006,
tile_000539,train,ok,12842,0.005,
tile_000540,train,ok,10853,0.005,
tile_000541,train,ok,13108,0.006,
tile_000542,train,ok,11991,0.005,
tile_000543,train,ok,12970,0.005,
tile_000544,train,ok,12775,0.005,
tile_000545,train,ok,12158,0.005,
tile_000546,train,ok,12705,0.005,
tile_000547,train,ok,8066,0.006,
tile_000548,train,ok,9452,0.005,
tile_000549,train,ok,12349,0.005,
tile_000550,train,ok,11490,0.006,
tile_000551,test,ok,12774,0.006,
tile_000552,test,ok,11718,0.006,
tile_000553,train,ok,12370,0.005,
tile_000554,val,ok,12663,0.006,
tile_000555,train,ok,7445,0.006,
tile_000556,train,ok,12971,0.006,
tile_000557,train,ok,13123,0.005,
tile_000558,val,ok,12780,0.006,
tile_000559,train,ok,13110,0.006,
tile_000560,train,ok,13121,0.005,
tile_000561,train,ok,12066,0.006,
tile_000562,train,ok,12059,0.006,
tile_000563,train,ok,12530,0.006,
tile_000564,test,ok,11831,0.006,
tile_000565,val,ok,12385,0.006,
tile_000566,train,ok,10864,0.006,
tile_000567,train,ok,12452,0.006,
tile_000568,train,ok,11688,0.006,
tile_000569,train,ok,11870,0.006,
tile_000570,train,ok,13078,0.005,
tile_000571,val,ok,12139,0.006,
tile_000572,train,ok,12550,0.005,
tile_000573,train,ok,13045,0.005,
tile_000574,train,ok,11819,0.006,
tile_000575,train,ok,12687,0.006,
tile_000576,train,ok,12555,0.006,
tile_000577,train,ok,12414,0.006,
tile_000578,test,ok,12062,0.006,
tile_000579,test,ok,12832,0.006,
tile_000580,test,ok,11484,0.006,
tile_000581,test,ok,11793,0.006,
tile_000582,train,ok,12125,0.005,
tile_000583,train,ok,12791,0.005,
tile_000584,train,ok,12824,0.005,
tile_000585,val,ok,12585,0.006,
tile_000586,val,ok,12537,0.006,
tile_000587,train,ok,13098,0.006,
tile_000588,train,ok,13001,0.006,
tile_000589,train,ok,12625,0.006,
tile_000590,train,ok,12163,0.006,
tile_000591,train,ok,12608,0.006,
tile_000592,train,ok,10330,0.006,
tile_000593,train,ok,9971,0.006,
tile_000594,train,ok,12708,0.006,
tile_000595,train,ok,12701,0.006,
tile_000596,train,ok,11881,0.006,
tile_000597,train,ok,12247,0.006,
tile_000598,train,ok,11938,0.006,
tile_000599,test,ok,12794,0.006,
tile_000600,test,ok,12374,0.006,
tile_000601,train,ok,12174,0.006,
tile_000602,val,ok,12271,0.006,
tile_000603,train,ok,12742,0.005,
tile_000604,train,ok,13097,0.006,
tile_000605,train,ok,12827,0.006,
tile_000606,train,ok,12002,0.006,
tile_000607,train,ok,10686,0.006,
tile_000608,train,ok,11748,0.006,
tile_000609,train,ok,10378,0.005,
tile_000610,val,ok,8763,0.006,
tile_000611,val,ok,10141,0.006,
tile_000612,val,ok,12665,0.006,
tile_000613,train,ok,10271,0.005,
tile_000614,test,ok,12469,0.006,
tile_000615,train,ok,13078,0.006,
tile_000616,train,ok,12357,0.006,
tile_000617,train,ok,12232,0.005,
tile_000618,test,ok,12986,0.005,
tile_000619,test,ok,11800,0.006,
tile_000620,test,ok,13133,0.005,
tile_000621,train,ok,12835,0.005,
tile_000622,train,ok,12281,0.005,
tile_000623,train,ok,12330,0.005,
tile_000624,train,ok,12878,0.006,
tile_000625,train,ok,12162,0.005,
tile_000626,train,ok,12842,0.006,
tile_000627,train,ok,12984,0.006,
tile_000628,train,ok,11886,0.006,
tile_000629,train,ok,12551,0.005,
tile_000630,val,ok,11718,0.006,
tile_000631,val,ok,11082,0.006,
tile_000632,val,ok,11881,0.006,
tile_000633,val,ok,12040,0.006,
tile_000634,train,ok,11932,0.005,
tile_000635,train,ok,11436,0.005,
tile_000636,test,ok,12691,0.006,
tile_000637,test,ok,11877,0.006,
tile_000638,train,ok,13158,0.006,
tile_000639,train,ok,12834,0.006,
tile_000640,train,ok,11429,0.006,
tile_000641,train,ok,12680,0.006,
tile_000642,train,ok,13035,0.005,
tile_000643,train,ok,12960,0.005,
tile_000644,train,ok,12802,0.005,
tile_000645,train,ok,11815,0.005,
tile_000646,train,ok,12518,0.006,
tile_000647,train,ok,12819,0.005,
tile_000648,train,ok,11068,0.005,
tile_000649,train,ok,12966,0.005,
tile_000650,train,ok,13066,0.006,
tile_000651,train,ok,12075,0.006,
tile_000652,train,ok,13054,0.006,
tile_000653,val,ok,12852,0.006,
tile_000654,train,ok,11052,0.006,
tile_000655,test,ok,13305,0.006,
tile_000656,test,ok,12731,0.006,
tile_000657,train,ok,12460,0.005,
tile_000658,train,ok,12278,0.005,
tile_000659,train,ok,12970,0.005,
tile_000660,train,ok,12552,0.005,
tile_000661,train,ok,12556,0.006,
tile_000662,test,ok,12964,0.006,
tile_000663,train,ok,12881,0.005,
tile_000664,train,ok,12481,0.006,
tile_000665,train,ok,12369,0.005,
tile_000666,train,ok,12957,0.005,
tile_000667,test,ok,12386,0.006,
tile_000668,train,ok,12095,0.006,
tile_000669,train,ok,12980,0.005,
tile_000670,train,ok,13199,0.006,
tile_000671,train,ok,12711,0.006,
tile_000672,train,ok,12068,0.006,
tile_000673,train,ok,12062,0.006,
tile_000674,val,ok,12366,0.006,
tile_000675,train,ok,12766,0.006,
tile_000676,test,ok,13010,0.006,
tile_000677,train,ok,12017,0.005,
tile_000678,train,ok,11090,0.006,
tile_000679,train,ok,13104,0.005,
tile_000680,train,ok,13120,0.005,
tile_000681,train,ok,10868,0.005,
tile_000682,train,ok,11843,0.006,
tile_000683,train,ok,12761,0.005,
tile_000684,test,ok,12801,0.006,
tile_000685,train,ok,12551,0.005,
tile_000686,train,ok,12628,0.005,
tile_000687,train,ok,12284,0.005,
tile_000688,train,ok,12184,0.005,
tile_000689,train,ok,10433,0.006,
tile_000690,train,ok,11638,0.006,
tile_000691,train,ok,12132,0.006,
tile_000692,train,ok,12082,0.006,
tile_000693,train,ok,12661,0.005,
tile_000694,train,ok,12383,0.005,
tile_000695,val,ok,13048,0.006,
tile_000696,train,ok,13132,0.005,
tile_000697,train,ok,12961,0.005,
tile_000698,train,ok,12895,0.005,
tile_000699,train,ok,12560,0.005,
tile_000700,train,ok,12678,0.006,
tile_000701,train,ok,11152,0.006,
tile_000702,train,ok,13005,0.006,
tile_000703,train,ok,12294,0.005,
tile_000704,train,ok,13056,0.005,
tile_000705,train,ok,12681,0.005,
tile_000706,train,ok,13068,0.005,
tile_000707,val,ok,12714,0.006,
tile_000708,val,ok,12940,0.006,
tile_000709,train,ok,12291,0.005,
tile_000710,train,ok,12757,0.005,
tile_000711,train,ok,10775,0.006,
tile_000712,train,ok,10114,0.005,
tile_000713,train,ok,9601,0.005,
tile_000714,train,ok,11038,0.006,
tile_000715,train,ok,12816,0.006,
tile_000716,train,ok,12337,0.005,
tile_000717,train,ok,11479,0.006,
tile_000718,val,ok,13237,0.007,
tile_000719,train,ok,11812,0.006,
tile_000720,train,ok,12147,0.006,
tile_000721,train,ok,13100,0.006,
tile_000722,train,ok,12541,0.006,
tile_000723,train,ok,11266,0.006,
tile_000724,train,ok,12387,0.006,
tile_000725,train,ok,10213,0.006,
tile_000726,val,ok,11853,0.006,
tile_000727,train,ok,11899,0.006,
tile_000728,train,ok,10752,0.006,
tile_000729,train,ok,10981,0.006,
tile_000730,train,ok,9341,0.006,
tile_000731,train,ok,12883,0.006,
tile_000732,train,ok,11788,0.006,
tile_000733,train,ok,13063,0.006,
tile_000734,train,ok,12883,0.006,
tile_000735,test,ok,11220,0.006,
tile_000736,train,ok,12662,0.005,
tile_000737,train,ok,10438,0.005,
tile_000738,train,ok,12921,0.005,
tile_000739,train,ok,12639,0.005,
tile_000740,val,ok,10677,0.006,
tile_000741,train,ok,10597,0.005,
tile_000742,train,ok,13036,0.006,
tile_000743,train,ok,12590,0.005,
tile_000744,train,ok,8900,0.005,
tile_000745,train,ok,12232,0.005,
tile_000746,train,ok,12491,0.006,
tile_000747,train,ok,11146,0.006,
tile_000748,train,ok,12918,0.005,
tile_000749,train,ok,12451,0.006,
tile_000750,train,ok,11711,0.006,
tile_000751,train,ok,12836,0.006,
tile_000752,train,ok,11411,0.006,
tile_000753,train,ok,12631,0.005,
tile_000754,test,ok,12636,0.006,
tile_000755,test,ok,12631,0.006,
tile_000756,train,ok,11237,0.006,
tile_000757,train,ok,11935,0.006,
tile_000758,train,ok,10855,0.006,
tile_000759,train,ok,12095,0.005,
tile_000760,train,ok,12052,0.005,
tile_000761,train,ok,12896,0.005,
tile_000762,train,ok,11920,0.005,
tile_000763,test,ok,12232,0.006,
tile_000764,test,ok,10249,0.006,
tile_000765,train,ok,12915,0.005,
tile_000766,train,ok,12718,0.006,
tile_000767,train,ok,13115,0.005,
tile_000768,train,ok,12673,0.005,
tile_000769,train,ok,12577,0.005,
tile_000770,test,ok,11550,0.006,
tile_000771,test,ok,11934,0.006,
tile_000772,test,ok,12340,0.006,
tile_000773,train,ok,12258,0.005,
tile_000774,train,ok,11419,0.005,
tile_000775,test,ok,12596,0.005,
tile_000776,test,ok,12152,0.006,
tile_000777,test,ok,12315,0.005,
tile_000778,train,ok,10242,0.006,
tile_000779,train,ok,12336,0.005,
tile_000780,train,ok,11307,0.005,
tile_000781,train,ok,10489,0.006,
tile_000782,train,ok,11084,0.006,
tile_000783,train,ok,13091,0.006,
tile_000784,train,ok,12535,0.006,
tile_000785,train,ok,10680,0.006,
tile_000786,train,ok,13053,0.006,
tile_000787,train,ok,12035,0.006,
tile_000788,train,ok,9353,0.005,
tile_000789,val,ok,10965,0.006,
tile_000790,val,ok,11878,0.007,
tile_000791,test,ok,12488,0.006,
tile_000792,train,ok,12899,0.006,
tile_000793,train,ok,11535,0.006,
tile_000794,train,ok,11712,0.005,
tile_000795,train,ok,12295,0.005,
tile_000796,train,ok,12372,0.005,
tile_000797,train,ok,12519,0.006,
tile_000798,train,ok,12048,0.006,
tile_000799,train,ok,12807,0.006,
tile_000800,test,ok,12375,0.006,
tile_000801,test,ok,12361,0.006,
tile_000802,test,ok,11269,0.007,
tile_000803,test,ok,12921,0.006,
tile_000804,train,ok,11897,0.005,
tile_000805,train,ok,11603,0.006,
tile_000806,test,ok,12254,0.007,
tile_000807,test,ok,12796,0.006,
tile_000808,test,ok,12988,0.006,
tile_000809,test,ok,12475,0.006,
tile_000810,train,ok,10837,0.006,
tile_000811,train,ok,11536,0.006,
tile_000812,train,ok,12868,0.006,
tile_000813,train,ok,11147,0.006,
tile_000814,train,ok,11206,0.006,
tile_000815,train,ok,11795,0.006,
tile_000816,train,ok,12209,0.006,
tile_000817,train,ok,11568,0.006,
tile_000818,train,ok,10012,0.006,
tile_000819,train,ok,10168,0.006,
tile_000820,train,ok,11345,0.006,
tile_000821,train,ok,11718,0.005,
tile_000822,train,ok,12927,0.005,
tile_000823,train,ok,12914,0.005,
tile_000824,train,ok,12002,0.005,
tile_000825,train,ok,12793,0.005,
tile_000826,train,ok,13109,0.005,
tile_000827,train,ok,13091,0.006,
tile_000828,train,ok,12682,0.005,
tile_000829,train,ok,12927,0.005,
tile_000830,train,ok,13125,0.006,
tile_000831,train,ok,12275,0.006,
tile_000832,train,ok,12162,0.006,
tile_000833,train,ok,11838,0.006,
tile_000834,train,ok,11692,0.005,
tile_000835,test,ok,12020,0.006,
tile_000836,test,ok,12188,0.006,
tile_000837,test,ok,12781,0.006,
tile_000838,test,ok,10617,0.006,
tile_000839,train,ok,12778,0.005,
tile_000840,train,ok,11738,0.005,
tile_000841,test,ok,12307,0.006,
tile_000842,test,ok,12425,0.006,
tile_000843,test,ok,13102,0.006,
tile_000844,train,ok,12911,0.006,
tile_000845,train,ok,11428,0.006,
tile_000846,train,ok,12760,0.006,
tile_000847,train,ok,12502,0.006,
tile_000848,train,ok,12608,0.006,
tile_000849,train,ok,12359,0.006,
tile_000850,train,ok,11380,0.006,
tile_000851,train,ok,12763,0.006,
tile_000852,train,ok,11172,0.006,
tile_000853,train,ok,12878,0.005,
tile_000854,train,ok,12793,0.005,
tile_000855,test,ok,10943,0.006,
tile_000856,train,ok,12798,0.006,
tile_000857,train,ok,12981,0.005,
tile_000858,train,ok,12668,0.006,
tile_000859,train,ok,12608,0.005,
tile_000860,train,ok,12720,0.005,
tile_000861,train,ok,12765,0.005,
tile_000862,train,ok,12924,0.006,
tile_000863,train,ok,12325,0.006,
tile_000864,train,ok,12888,0.006,
tile_000865,test,ok,12979,0.006,
tile_000866,test,ok,11724,0.006,
tile_000867,test,ok,12735,0.006,
tile_000868,test,ok,12553,0.006,
tile_000869,train,ok,11808,0.005,
tile_000870,train,ok,13181,0.006,
tile_000871,train,ok,12549,0.006,
tile_000872,test,ok,12334,0.006,
tile_000873,test,ok,12458,0.006,
tile_000874,test,ok,12897,0.006,
tile_000875,test,ok,11614,0.006,
tile_000876,train,ok,9280,0.006,
tile_000877,train,ok,12432,0.006,
tile_000878,train,ok,11683,0.006,
tile_000879,train,ok,12462,0.005,
tile_000880,train,ok,12529,0.006,
tile_000881,train,ok,12942,0.006,
tile_000882,train,ok,12825,0.006,
tile_000883,train,ok,12768,0.006,
tile_000884,train,ok,9277,0.006,
tile_000885,val,ok,9160,0.006,
tile_000886,train,ok,12714,0.005,
tile_000887,train,ok,9716,0.005,
tile_000888,train,ok,12161,0.005,
tile_000889,train,ok,12449,0.006,
tile_000890,train,ok,13062,0.005,
tile_000891,train,ok,12748,0.005,
tile_000892,train,ok,12593,0.005,
tile_000893,train,ok,11928,0.005,
tile_000894,train,ok,11666,0.005,
tile_000895,train,ok,12369,0.005,
tile_000896,train,ok,12480,0.006,
tile_000897,train,ok,12532,0.005,
tile_000898,val,ok,11751,0.006,
tile_000899,val,ok,11719,0.006,
tile_000900,val,ok,12272,0.006,
tile_000901,test,ok,11961,0.006,
tile_000902,train,ok,12993,0.005,
tile_000903,train,ok,12352,0.005,
tile_000904,train,ok,12677,0.005,
tile_000905,train,ok,12163,0.006,
tile_000906,train,ok,12309,0.006,
tile_000907,train,ok,11455,0.005,
tile_000908,train,ok,12008,0.005,
tile_000909,train,ok,11918,0.005,
tile_000910,train,ok,11432,0.005,
tile_000911,train,ok,11465,0.006,
tile_000912,train,ok,12167,0.005,
tile_000913,train,ok,12914,0.006,
tile_000914,train,ok,11171,0.006,
tile_000915,train,ok,12411,0.005,
tile_000916,train,ok,9604,0.005,
tile_000917,train,ok,11393,0.005,
tile_000918,train,ok,12588,0.005,
tile_000919,train,ok,10574,0.005,
tile_000920,train,ok,11242,0.005,
tile_000921,train,ok,11903,0.005,
tile_000922,train,ok,11860,0.005,
tile_000923,train,ok,12817,0.005,
tile_000924,train,ok,12266,0.005,
tile_000925,train,ok,12785,0.006,
tile_000926,train,ok,11937,0.006,
tile_000927,train,ok,11912,0.006,
tile_000928,train,ok,12750,0.006,
tile_000929,train,ok,13081,0.005,
tile_000930,train,ok,13031,0.005,
tile_000931,val,ok,12363,0.006,
tile_000932,val,ok,12170,0.006,
tile_000933,val,ok,12089,0.006,
tile_000934,test,ok,12954,0.006,
tile_000935,train,ok,13014,0.005,
tile_000936,train,ok,12649,0.005,
tile_000937,train,ok,12619,0.005,
tile_000938,train,ok,13061,0.005,
tile_000939,train,ok,11468,0.006,
tile_000940,train,ok,11669,0.005,
tile_000941,train,ok,12056,0.005,
tile_000942,train,ok,11294,0.006,
tile_000943,train,ok,12831,0.005,
tile_000944,train,ok,10467,0.005,
tile_000945,train,ok,12407,0.005,
tile_000946,train,ok,11436,0.006,
tile_000947,train,ok,13041,0.006,
tile_000948,train,ok,12473,0.006,
tile_000949,train,ok,12186,0.005,
tile_000950,train,ok,13050,0.006,
tile_000951,train,ok,12277,0.006,
tile_000952,val,ok,12428,0.006,
tile_000953,val,ok,12874,0.006,
tile_000954,train,ok,13189,0.006,
tile_000955,train,ok,12020,0.005,
tile_000956,train,ok,11640,0.006,
tile_000957,train,ok,12089,0.006,
tile_000958,train,ok,12992,0.005,
tile_000959,train,ok,10788,0.005,
tile_000960,train,ok,11528,0.005,
tile_000961,train,ok,11811,0.005,
tile_000962,train,ok,12621,0.006,
tile_000963,train,ok,13117,0.006,
tile_000964,train,ok,12475,0.005,
tile_000965,train,ok,13113,0.005,
tile_000966,train,ok,12145,0.005,
tile_000967,train,ok,9295,0.005,
tile_000968,train,ok,11621,0.006,
tile_000969,test,ok,11799,0.006,
tile_000970,test,ok,12933,0.006,
tile_000971,test,ok,12320,0.006,
tile_000972,val,ok,11361,0.006,
tile_000973,val,ok,11348,0.006,
tile_000974,train,ok,12065,0.006,
tile_000975,train,ok,12447,0.006,
tile_000976,train,ok,11916,0.006,
tile_000977,train,ok,9668,0.006,
tile_000978,train,ok,11323,0.005,
tile_000979,train,ok,12862,0.005,
tile_000980,val,ok,12332,0.006,
tile_000981,train,ok,12833,0.005,
tile_000982,train,ok,12468,0.006,
tile_000983,train,ok,13089,0.006,
tile_000984,train,ok,13070,0.006,
tile_000985,train,ok,12193,0.005,
tile_000986,train,ok,11516,0.006,
tile_000987,train,ok,12599,0.006,
tile_000988,train,ok,12477,0.006,
tile_000989,train,ok,11627,0.006,
tile_000990,train,ok,11938,0.005,
tile_000991,train,ok,12353,0.006,
tile_000992,train,ok,12390,0.005,
tile_000993,train,ok,12174,0.005,
tile_000994,train,ok,12604,0.006,
tile_000995,val,ok,12291,0.006,
tile_000996,val,ok,11542,0.006,
tile_000997,train,ok,12569,0.005,
tile_000998,train,ok,13000,0.005,
tile_000999,train,ok,9389,0.005,
tile_001000,train,ok,11394,0.005,
tile_001001,train,ok,12032,0.005,
tile_001002,test,ok,12647,0.006,
tile_001003,train,ok,12972,0.005,
tile_001004,train,ok,12843,0.005,
tile_001005,train,ok,12136,0.005,
tile_001006,train,ok,10867,0.005,
tile_001007,train,ok,11210,0.006,
tile_001008,train,ok,12824,0.006,
tile_001009,train,ok,13120,0.005,
tile_001010,test,ok,12977,0.006,
tile_001011,train,ok,11327,0.005,
tile_001012,train,ok,11868,0.005,
tile_001013,train,ok,12124,0.005,
tile_001014,train,ok,12076,0.006,
tile_001015,train,ok,12679,0.006,
tile_001016,train,ok,13039,0.006,
tile_001017,train,ok,12308,0.006,
tile_001018,train,ok,11886,0.006,
tile_001019,train,ok,9689,0.006,
tile_001020,test,ok,12717,0.006,
tile_001021,test,ok,12622,0.006,
tile_001022,train,ok,12909,0.005,
tile_001023,train,ok,11177,0.005,
tile_001024,train,ok,11977,0.005,
tile_001025,train,ok,12779,0.005,
tile_001026,train,ok,12801,0.006,
tile_001027,test,ok,12384,0.006,
tile_001028,train,ok,13029,0.006,
tile_001029,train,ok,12332,0.006,
tile_001030,train,ok,11475,0.005,
tile_001031,train,ok,12228,0.005,
tile_001032,train,ok,12991,0.005,
tile_001033,train,ok,10988,0.005,
tile_001034,train,ok,11067,0.006,
tile_001035,train,ok,11934,0.006,
tile_001036,train,ok,11006,0.006,
tile_001037,train,ok,11393,0.006,
tile_001038,train,ok,12314,0.006,
tile_001039,train,ok,13104,0.006,
tile_001040,test,ok,12966,0.006,
tile_001041,test,ok,11158,0.006,
tile_001042,train,ok,11687,0.006,
tile_001043,train,ok,11983,0.005,
tile_001044,train,ok,11771,0.006,
tile_001045,train,ok,11821,0.006,
tile_001046,train,ok,11789,0.006,
tile_001047,train,ok,12825,0.006,
tile_001048,train,ok,12754,0.006,
tile_001049,train,ok,10499,0.006,
tile_001050,train,ok,9993,0.005,
tile_001051,train,ok,11596,0.006,
tile_001052,train,ok,12368,0.006,
tile_001053,train,ok,9695,0.005,
tile_001054,train,ok,13086,0.005,
tile_001055,train,ok,12903,0.006,
tile_001056,train,ok,11308,0.006,
tile_001057,train,ok,12005,0.006,
tile_001058,val,ok,10143,0.008,
tile_001059,train,ok,13008,0.006,
tile_001060,train,ok,13057,0.006,
tile_001061,train,ok,12654,0.006,
tile_001062,train,ok,13023,0.006,
tile_001063,train,ok,11211,0.005,
tile_001064,train,ok,12024,0.005,
tile_001065,train,ok,11963,0.005,
tile_001066,train,ok,12800,0.005,
tile_001067,train,ok,12315,0.006,
tile_001068,train,ok,11377,0.006,
tile_001069,train,ok,11742,0.006,
tile_001070,train,ok,11405,0.006,
tile_001071,train,ok,11249,0.006,
tile_001072,train,ok,11581,0.006,
tile_001073,train,ok,10876,0.006,
tile_001074,train,ok,10695,0.007,
tile_001075,test,ok,12521,0.007,
tile_001076,train,ok,12325,0.007,
tile_001077,train,ok,12654,0.008,
tile_001078,train,ok,12087,0.006,
tile_001079,train,ok,11739,0.007,
tile_001080,train,ok,11620,0.006,
tile_001081,train,ok,12081,0.006,
tile_001082,train,ok,12001,0.006,
tile_001083,train,ok,12246,0.006,
tile_001084,train,ok,12372,0.006,
tile_001085,train,ok,10903,0.006,
tile_001086,train,ok,8931,0.006,
tile_001087,train,ok,10473,0.006,
tile_001088,train,ok,11174,0.006,
tile_001089,train,ok,11846,0.006,
tile_001090,train,ok,11997,0.006,
tile_001091,test,ok,11526,0.006,
tile_001092,train,ok,12634,0.006,
tile_001093,train,ok,11799,0.006,
tile_001094,train,ok,11594,0.007,
tile_001095,train,ok,12051,0.006,
tile_001096,train,ok,12030,0.006,
tile_001097,train,ok,12906,0.006,
tile_001098,train,ok,11279,0.006,
tile_001099,train,ok,10375,0.006,
tile_001100,train,ok,11543,0.006,
tile_001101,train,ok,9846,0.006,
tile_001102,train,ok,11552,0.007,
tile_001103,train,ok,9936,0.006,
tile_001104,train,ok,9231,0.006,
tile_001105,train,ok,12512,0.006,
tile_001106,test,ok,12919,0.006,
tile_001107,test,ok,10339,0.007,
tile_001108,train,ok,11451,0.006,
tile_001109,train,ok,11176,0.006,
tile_001110,train,ok,12419,0.006,
tile_001111,train,ok,11592,0.006,
tile_001112,train,ok,12424,0.006,
tile_001113,train,ok,11847,0.006,
tile_001114,train,ok,13012,0.007,
tile_001115,train,ok,11873,0.007,
tile_001116,train,ok,12066,0.008,
tile_001117,train,ok,13112,0.007,
tile_001118,train,ok,11766,0.007,
tile_001119,train,ok,9818,0.008,
tile_001120,train,ok,12749,0.009,
tile_001121,train,ok,11071,0.008,
tile_001122,train,ok,12845,0.008,
tile_001123,train,ok,11148,0.007,
tile_001124,train,ok,12779,0.007,
tile_001125,train,ok,12419,0.007,
tile_001126,train,ok,12410,0.008,
tile_001127,train,ok,12165,0.008,
tile_001128,train,ok,12528,0.008,
tile_001129,train,ok,12683,0.008,
tile_001130,train,ok,12213,0.009,
tile_001131,train,ok,12705,0.008,
tile_001132,train,ok,12905,0.007,
tile_001133,train,ok,12580,0.007,
tile_001134,train,ok,11601,0.006,
tile_001135,train,ok,12613,0.006,
tile_001136,train,ok,11738,0.006,
tile_001137,test,ok,12381,0.006,
tile_001138,test,ok,12263,0.007,
tile_001139,train,ok,12019,0.007,
tile_001140,test,ok,13016,0.007,
tile_001141,train,ok,12972,0.007,
tile_001142,train,ok,13058,0.006,
tile_001143,train,ok,11758,0.006,
tile_001144,train,ok,11209,0.006,
tile_001145,train,ok,12311,0.006,
tile_001146,train,ok,12055,0.006,
tile_001147,train,ok,12259,0.006,
tile_001148,train,ok,10359,0.006,
tile_001149,train,ok,8791,0.006,
tile_001150,train,ok,9922,0.007,
tile_001151,train,ok,10643,0.008,
tile_001152,train,ok,11037,0.007,
tile_001153,train,ok,10695,0.007,
tile_001154,train,ok,11452,0.007,
tile_001155,train,ok,10376,0.006,
tile_001156,val,ok,12295,0.006,
tile_001157,val,ok,11996,0.006,
tile_001158,val,ok,12362,0.007,
tile_001159,train,ok,12330,0.007,
tile_001160,train,ok,11673,0.006,
tile_001161,train,ok,12605,0.006,
tile_001162,train,ok,12969,0.006,
tile_001163,val,ok,12881,0.007,
tile_001164,val,ok,13068,0.007,
tile_001165,val,ok,11248,0.006,
tile_001166,train,ok,12295,0.006,
tile_001167,train,ok,12218,0.006,
tile_001168,train,ok,12112,0.006,
tile_001169,train,ok,11442,0.006,
tile_001170,test,ok,12985,0.007,
tile_001171,train,ok,13082,0.007,
tile_001172,train,ok,12638,0.007,
tile_001173,train,ok,10976,0.006,
tile_001174,train,ok,12077,0.006,
tile_001175,train,ok,10566,0.005,
tile_001176,train,ok,9390,0.006,
tile_001177,train,ok,12335,0.006,
tile_001178,train,ok,9786,0.006,
tile_001179,train,ok,7817,0.006,
tile_001180,train,ok,7983,0.005,
tile_001181,train,ok,10447,0.006,
tile_001182,train,ok,9183,0.006,
tile_001183,train,ok,11592,0.006,
tile_001184,train,ok,11275,0.005,
tile_001185,train,ok,12054,0.005,
tile_001186,val,ok,11616,0.006,
tile_001187,val,ok,11117,0.006,
tile_001188,val,ok,12171,0.006,
tile_001189,train,ok,12273,0.006,
tile_001190,train,ok,12579,0.006,
tile_001191,test,ok,12757,0.006,
tile_001192,test,ok,12752,0.006,
tile_001193,train,ok,11423,0.006,
tile_001194,train,ok,12669,0.006,
tile_001195,train,ok,11842,0.005,
tile_001196,train,ok,10962,0.005,
tile_001197,train,ok,13143,0.006,
tile_001198,train,ok,12399,0.005,
tile_001199,val,ok,12336,0.006,
tile_001200,val,ok,13056,0.006,
tile_001201,train,ok,12893,0.006,
tile_001202,train,ok,12783,0.005,
tile_001203,val,ok,12484,0.006,
tile_001204,train,ok,13044,0.005,
tile_001205,train,ok,12368,0.005,
tile_001206,train,ok,12635,0.006,
tile_001207,train,ok,12588,0.005,
tile_001208,train,ok,11942,0.005,
tile_001209,train,ok,12076,0.005,
tile_001210,test,ok,12747,0.006,
tile_001211,test,ok,12517,0.006,
tile_001212,test,ok,12152,0.006,
tile_001213,train,ok,12358,0.005,
tile_001214,train,ok,12165,0.005,
tile_001215,train,ok,11939,0.005,
tile_001216,test,ok,12857,0.005,
tile_001217,test,ok,11687,0.006,
tile_001218,test,ok,10423,0.006,
tile_001219,test,ok,10424,0.006,
tile_001220,train,ok,12418,0.006,
tile_001221,train,ok,11503,0.006,
tile_001222,train,ok,12327,0.006,
tile_001223,train,ok,11898,0.006,
tile_001224,train,ok,11148,0.005,
tile_001225,train,ok,11095,0.006,
tile_001226,train,ok,12551,0.005,
tile_001227,train,ok,11790,0.006,
tile_001228,train,ok,11063,0.006,
tile_001229,train,ok,11912,0.005,
tile_001230,train,ok,12256,0.007,
tile_001231,train,ok,11579,0.007,
tile_001232,train,ok,11699,0.007,
tile_001233,train,ok,12246,0.006,
tile_001234,train,ok,11505,0.007,
tile_001235,val,ok,11968,0.006,
tile_001236,val,ok,12691,0.007,
tile_001237,train,ok,12989,0.006,
tile_001238,train,ok,12887,0.006,
tile_001239,train,ok,10962,0.006,
tile_001240,test,ok,12073,0.011,
tile_001241,train,ok,12694,0.005,
tile_001242,train,ok,12879,0.005,
tile_001243,train,ok,11990,0.005,
tile_001244,train,ok,11647,0.005,
tile_001245,train,ok,12165,0.006,
tile_001246,train,ok,11430,0.006,
tile_001247,train,ok,12972,0.006,
tile_001248,train,ok,12484,0.005,
tile_001249,val,ok,12739,0.006,
tile_001250,train,ok,12969,0.006,
tile_001251,train,ok,12315,0.006,
tile_001252,train,ok,12149,0.006,
tile_001253,train,ok,12213,0.006,
tile_001254,train,ok,12399,0.005,
tile_001255,train,ok,11760,0.005,
tile_001256,train,ok,13026,0.005,
tile_001257,train,ok,12755,0.006,
tile_001258,train,ok,13057,0.006,
tile_001259,train,ok,12964,0.005,
tile_001260,test,ok,12279,0.006,
tile_001261,test,ok,12080,0.006,
tile_001262,test,ok,12173,0.006,
tile_001263,test,ok,12192,0.006,
tile_001264,train,ok,12097,0.006,
tile_001265,train,ok,12540,0.006,
tile_001266,train,ok,11855,0.006,
tile_001267,test,ok,11384,0.007,
tile_001268,test,ok,11420,0.006,
tile_001269,test,ok,11602,0.007,
tile_001270,train,ok,11488,0.006,
tile_001271,train,ok,11869,0.007,
tile_001272,train,ok,11716,0.006,
tile_001273,train,ok,11391,0.009,
tile_001274,train,ok,11951,0.008,
tile_001275,train,ok,13080,0.007,
tile_001276,train,ok,10955,0.008,
tile_001277,train,ok,12589,0.008,
tile_001278,train,ok,12100,0.008,
tile_001279,train,ok,10296,0.007,
tile_001280,train,ok,12392,0.008,
tile_001281,train,ok,11100,0.007,
tile_001282,val,ok,10767,0.007,
tile_001283,val,ok,12394,0.007,
tile_001284,val,ok,11315,0.007,
tile_001285,val,ok,12699,0.01,
tile_001286,train,ok,12751,0.008,
tile_001287,train,ok,11969,0.007,
tile_001288,train,ok,12554,0.007,
tile_001289,train,ok,12166,0.007,
tile_001290,train,ok,12488,0.008,
tile_001291,train,ok,9566,0.007,
tile_001292,val,ok,12696,0.007,
tile_001293,train,ok,13043,0.008,
tile_001294,train,ok,12184,0.008,
tile_001295,train,ok,11816,0.008,
tile_001296,val,ok,11808,0.008,
tile_001297,val,ok,12750,0.009,
tile_001298,test,ok,12840,0.009,
tile_001299,test,ok,12983,0.008,
tile_001300,val,ok,12911,0.008,
tile_001301,train,ok,11759,0.007,
tile_001302,train,ok,12352,0.007,
tile_001303,train,ok,12520,0.007,
tile_001304,train,ok,12459,0.007,
tile_001305,train,ok,12133,0.006,
tile_001306,train,ok,12088,0.006,
tile_001307,test,ok,12991,0.007,
tile_001308,test,ok,12892,0.007,
tile_001309,test,ok,12215,0.007,
tile_001310,train,ok,12835,0.006,
tile_001311,train,ok,11367,0.007,
tile_001312,train,ok,11091,0.007,
tile_001313,train,ok,11153,0.006,
tile_001314,test,ok,12795,0.007,
tile_001315,test,ok,12086,0.007,
tile_001316,test,ok,11406,0.006,
tile_001317,test,ok,10829,0.006,
tile_001318,val,ok,13002,0.007,
tile_001319,val,ok,13015,0.007,
tile_001320,train,ok,11043,0.006,
tile_001321,train,ok,10680,0.006,
tile_001322,train,ok,11130,0.006,
tile_001323,train,ok,12724,0.006,
tile_001324,train,ok,12304,0.006,
tile_001325,train,ok,12792,0.006,
tile_001326,train,ok,13121,0.006,
tile_001327,train,ok,12564,0.006,
tile_001328,test,ok,11834,0.006,
tile_001329,test,ok,12633,0.006,
tile_001330,train,ok,12053,0.006,
tile_001331,train,ok,11367,0.006,
tile_001332,train,ok,12668,0.006,
tile_001333,train,ok,11707,0.027,
tile_001334,train,ok,12873,0.027,
tile_001335,train,ok,12971,0.026,
tile_001336,train,ok,11919,0.027,
tile_001337,train,ok,12764,0.006,
tile_001338,val,ok,11565,0.006,
tile_001339,val,ok,12584,0.006,
tile_001340,val,ok,12904,0.007,
tile_001341,val,ok,11596,0.006,
tile_001342,val,ok,11731,0.007,
tile_001343,train,ok,10992,0.006,
tile_001344,train,ok,11116,0.006,
tile_001345,train,ok,12249,0.006,
tile_001346,train,ok,12534,0.006,
tile_001347,train,ok,11955,0.007,
tile_001348,train,ok,12180,0.006,
tile_001349,train,ok,12785,0.007,
tile_001350,train,ok,9704,0.006,
tile_001351,train,ok,10984,0.006,
tile_001352,train,ok,10831,0.006,
tile_001353,test,ok,12686,0.007,
tile_001354,test,ok,11375,0.007,
tile_001355,test,ok,11020,0.007,
tile_001356,test,ok,10345,0.006,
tile_001357,val,ok,11989,0.007,
tile_001358,train,ok,10464,0.006,
tile_001359,train,ok,9238,0.006,
tile_001360,train,ok,10837,0.006,
tile_001361,train,ok,10680,0.006,
tile_001362,train,ok,10856,0.006,
tile_001363,train,ok,12102,0.007,
tile_001364,train,ok,13126,0.006,
tile_001365,train,ok,11657,0.006,
tile_001366,train,ok,11753,0.006,
tile_001367,test,ok,11507,0.006,
tile_001368,test,ok,11689,0.009,
tile_001369,test,ok,10529,0.006,
tile_001370,train,ok,11741,0.006,
tile_001371,train,ok,12807,0.006,
tile_001372,train,ok,12336,0.005,
tile_001373,train,ok,12394,0.006,
tile_001374,train,ok,13012,0.006,
tile_001375,train,ok,11943,0.006,
tile_001376,train,ok,12933,0.006,
tile_001377,train,ok,11518,0.005,
tile_001378,train,ok,12727,0.006,
tile_001379,train,ok,12234,0.006,
tile_001380,train,ok,12172,0.005,
tile_001381,train,ok,12871,0.006,
tile_001382,train,ok,12182,0.006,
tile_001383,train,ok,12213,0.006,
tile_001384,train,ok,11272,0.006,
tile_001385,train,ok,12916,0.006,
tile_001386,train,ok,12712,0.006,
tile_001387,train,ok,12105,0.006,
tile_001388,train,ok,12840,0.006,
tile_001389,train,ok,11576,0.007,
tile_001390,train,ok,8478,0.009,
tile_001391,train,ok,12612,0.008,
tile_001392,val,ok,12528,0.01,
tile_001393,val,ok,12268,0.01,
tile_001394,val,ok,11901,0.009,
tile_001395,val,ok,12999,0.009,
tile_001396,val,ok,12396,0.009,
tile_001397,train,ok,12119,0.007,
tile_001398,train,ok,11573,0.007,
tile_001399,train,ok,13096,0.007,
tile_001400,train,ok,11247,0.006,
tile_001401,train,ok,11647,0.008,
tile_001402,train,ok,11516,0.007,
tile_001403,test,ok,12525,0.008,
tile_001404,test,ok,10556,0.008,
tile_001405,test,ok,9611,0.008,
tile_001406,val,ok,11703,0.008,
tile_001407,val,ok,10495,0.008,
tile_001408,val,ok,11044,0.008,
tile_001409,train,ok,9968,0.006,
tile_001410,train,ok,9229,0.005,
tile_001411,train,ok,9527,0.005,
tile_001412,train,ok,9780,0.005,
tile_001413,train,ok,10861,0.005,
tile_001414,train,ok,11592,0.005,
tile_001415,train,ok,11378,0.005,
tile_001416,train,ok,11699,0.005,
tile_001417,train,ok,12475,0.006,
tile_001418,train,ok,12515,0.006,
tile_001419,train,ok,11664,0.006,
tile_001420,test,ok,11288,0.006,
tile_001421,test,ok,11046,0.006,
tile_001422,test,ok,12545,0.006,
tile_001423,test,ok,11469,0.006,
tile_001424,train,ok,13113,0.005,
tile_001425,train,ok,12121,0.006,
tile_001426,train,ok,12704,0.006,
tile_001427,train,ok,11787,0.006,
tile_001428,train,ok,11296,0.006,
tile_001429,train,ok,12924,0.005,
tile_001430,train,ok,12691,0.006,
tile_001431,train,ok,12215,0.006,
tile_001432,train,ok,12543,0.005,
tile_001433,train,ok,10375,0.005,
tile_001434,train,ok,12562,0.005,
tile_001435,train,ok,12089,0.005,
tile_001436,train,ok,11850,0.005,
tile_001437,train,ok,12751,0.006,
tile_001438,train,ok,12919,0.006,
tile_001439,val,ok,12466,0.006,
tile_001440,val,ok,12947,0.006,
tile_001441,train,ok,12614,0.005,
tile_001442,train,ok,12242,0.005,
tile_001443,train,ok,12688,0.005,
tile_001444,train,ok,12327,0.006,
tile_001445,test,ok,12653,0.005,
tile_001446,test,ok,12127,0.006,
tile_001447,test,ok,12277,0.006,
tile_001448,train,ok,11956,0.006,
tile_001449,train,ok,10669,0.007,
tile_001450,train,ok,12175,0.005,
tile_001451,train,ok,10988,0.006,
tile_001452,test,ok,12323,0.006,
tile_001453,test,ok,10467,0.006,
tile_001454,test,ok,10269,0.005,
tile_001455,test,ok,9406,0.006,
tile_001456,val,ok,11124,0.006,
tile_001457,val,ok,12080,0.006,
tile_001458,train,ok,10828,0.005,
tile_001459,train,ok,10556,0.005,
tile_001460,train,ok,9880,0.006,
tile_001461,train,ok,10303,0.006,
tile_001462,train,ok,11908,0.005,
tile_001463,train,ok,11471,0.006,
tile_001464,train,ok,11481,0.005,
tile_001465,train,ok,10984,0.005,
tile_001466,train,ok,12516,0.005,
tile_001467,train,ok,12952,0.005,
tile_001468,train,ok,12552,0.005,
tile_001469,test,ok,12201,0.006,
tile_001470,test,ok,11655,0.006,
tile_001471,train,ok,12625,0.005,
tile_001472,train,ok,12278,0.005,
tile_001473,train,ok,12281,0.006,
tile_001474,train,ok,10879,0.006,
tile_001475,train,ok,12747,0.006,
tile_001476,train,ok,12201,0.006,
tile_001477,train,ok,12312,0.007,
tile_001478,train,ok,12764,0.007,
tile_001479,train,ok,10893,0.006,
tile_001480,train,ok,12327,0.006,
tile_001481,train,ok,11406,0.007,
tile_001482,val,ok,12604,0.007,
tile_001483,val,ok,12239,0.006,
tile_001484,val,ok,11979,0.006,
tile_001485,train,ok,12856,0.007,
tile_001486,train,ok,11382,0.007,
tile_001487,train,ok,12720,0.007,
tile_001488,train,ok,11775,0.006,
tile_001489,train,ok,12096,0.006,
tile_001490,train,ok,11076,0.006,
tile_001491,train,ok,11768,0.006,
tile_001492,train,ok,11259,0.006,
tile_001493,train,ok,11875,0.006,
tile_001494,train,ok,9777,0.006,
tile_001495,test,ok,11254,0.007,
tile_001496,test,ok,10196,0.007,
tile_001497,test,ok,9435,0.007,
tile_001498,test,ok,9286,0.007,
tile_001499,train,ok,11874,0.006,
tile_001500,train,ok,12318,0.006,
tile_001501,train,ok,9929,0.006,
tile_001502,train,ok,10624,0.006,
tile_001503,train,ok,9336,0.006,
tile_001504,train,ok,9223,0.006,
tile_001505,train,ok,9880,0.007,
tile_001506,train,ok,11299,0.007,
tile_001507,train,ok,12472,0.007,
tile_001508,train,ok,11942,0.007,
tile_001509,train,ok,11163,0.008,
tile_001510,train,ok,12416,0.008,
tile_001511,train,ok,11622,0.007,
tile_001512,train,ok,11804,0.007,
tile_001513,train,ok,11863,0.008,
tile_001514,train,ok,10822,0.008,
tile_001515,train,ok,11898,0.008,
tile_001516,train,ok,12215,0.008,
tile_001517,train,ok,12833,0.008,
tile_001518,train,ok,12322,0.008,
tile_001519,train,ok,12904,0.008,
tile_001520,train,ok,12461,0.007,
tile_001521,train,ok,11941,0.007,
tile_001522,train,ok,13074,0.007,
tile_001523,val,ok,12459,0.008,
tile_001524,test,ok,12148,0.008,
tile_001525,test,ok,12753,0.007,
tile_001526,train,ok,12494,0.006,
tile_001527,train,ok,12514,0.007,
tile_001528,train,ok,13116,0.007,
tile_001529,train,ok,10667,0.006,
tile_001530,val,ok,12370,0.007,
tile_001531,val,ok,12031,0.007,
tile_001532,val,ok,12751,0.006,
tile_001533,val,ok,12596,0.006,
tile_001534,train,ok,13028,0.006,
tile_001535,train,ok,12904,0.006,
tile_001536,train,ok,12431,0.006,
tile_001537,train,ok,11602,0.006,
tile_001538,train,ok,11845,0.006,
tile_001539,train,ok,11695,0.006,
tile_001540,train,ok,12476,0.006,
tile_001541,train,ok,11065,0.005,
tile_001542,train,ok,12230,0.006,
tile_001543,train,ok,11502,0.006,
tile_001544,test,ok,12714,0.007,
tile_001545,test,ok,11238,0.006,
tile_001546,test,ok,11215,0.006,
tile_001547,test,ok,10750,0.006,
tile_001548,train,ok,10974,0.006,
tile_001549,train,ok,12959,0.005,
tile_001550,train,ok,11349,0.006,
tile_001551,train,ok,10217,0.005,
tile_001552,train,ok,11371,0.006,
tile_001553,train,ok,10140,0.006,
tile_001554,train,ok,10265,0.006,
tile_001555,train,ok,10609,0.006,
tile_001556,train,ok,11277,0.006,
tile_001557,train,ok,12024,0.006,
tile_001558,train,ok,13029,0.005,
tile_001559,train,ok,12572,0.005,
tile_001560,train,ok,11392,0.005,
tile_001561,train,ok,11978,0.005,
tile_001562,train,ok,12185,0.005,
tile_001563,train,ok,12191,0.005,
tile_001564,train,ok,12214,0.005,
tile_001565,train,ok,11497,0.005,
tile_001566,train,ok,12034,0.005,
tile_001567,train,ok,11804,0.005,
tile_001568,train,ok,12767,0.006,
tile_001569,val,ok,12769,0.006,
tile_001570,val,ok,12716,0.006,
tile_001571,train,ok,12454,0.006,
tile_001572,train,ok,12759,0.005,
tile_001573,train,ok,12356,0.006,
tile_001574,train,ok,11475,0.006,
tile_001575,train,ok,12883,0.006,
tile_001576,train,ok,12364,0.005,
tile_001577,train,ok,12505,0.005,
tile_001578,train,ok,12195,0.005,
tile_001579,train,ok,11911,0.005,
tile_001580,train,ok,11404,0.005,
tile_001581,test,ok,11203,0.006,
tile_001582,test,ok,10093,0.006,
tile_001583,test,ok,9729,0.006,
tile_001584,test,ok,9315,0.006,
tile_001585,train,ok,10441,0.005,
tile_001586,train,ok,10495,0.005,
tile_001587,train,ok,11974,0.005,
tile_001588,train,ok,10274,0.005,
tile_001589,train,ok,10062,0.006,
tile_001590,train,ok,10003,0.006,
tile_001591,train,ok,9983,0.005,
tile_001592,train,ok,9608,0.005,
tile_001593,train,ok,11581,0.005,
tile_001594,train,ok,11849,0.005,
tile_001595,train,ok,11546,0.005,
tile_001596,train,ok,11131,0.005,
tile_001597,train,ok,11165,0.005,
tile_001598,train,ok,12985,0.005,
tile_001599,train,ok,12985,0.006,
tile_001600,train,ok,12342,0.005,
tile_001601,train,ok,11626,0.005,
tile_001602,train,ok,12174,0.006,
tile_001603,train,ok,9434,0.005,
tile_001604,train,ok,12586,0.006,
tile_001605,train,ok,12549,0.006,
tile_001606,train,ok,11852,0.006,
tile_001607,train,ok,12598,0.005,
tile_001608,train,ok,13060,0.005,
tile_001609,train,ok,12245,0.005,
tile_001610,train,ok,13087,0.005,
tile_001611,val,ok,12948,0.006,
tile_001612,val,ok,12561,0.005,
tile_001613,train,ok,13003,0.005,
tile_001614,train,ok,12833,0.005,
tile_001615,train,ok,12656,0.005,
tile_001616,train,ok,12725,0.006,
tile_001617,train,ok,11693,0.005,
tile_001618,test,ok,12495,0.006,
tile_001619,test,ok,11388,0.006,
tile_001620,test,ok,11423,0.006,
tile_001621,test,ok,9957,0.006,
tile_001622,train,ok,12615,0.005,
tile_001623,train,ok,11757,0.005,
tile_001624,train,ok,9999,0.005,
tile_001625,train,ok,9627,0.005,
tile_001626,train,ok,9822,0.005,
tile_001627,train,ok,10359,0.005,
tile_001628,train,ok,9789,0.006,
tile_001629,train,ok,10578,0.006,
tile_001630,train,ok,12739,0.006,
tile_001631,train,ok,12718,0.006,
tile_001632,train,ok,12414,0.005,
tile_001633,train,ok,12388,0.006,
tile_001634,train,ok,12918,0.006,
tile_001635,train,ok,12753,0.005,
tile_001636,train,ok,12886,0.005,
tile_001637,train,ok,12891,0.006,
tile_001638,test,ok,12777,0.006,
tile_001639,train,ok,11215,0.005,
tile_001640,train,ok,12133,0.006,
tile_001641,train,ok,12824,0.006,
tile_001642,train,ok,12928,0.005,
tile_001643,train,ok,11802,0.005,
tile_001644,train,ok,12985,0.005,
tile_001645,train,ok,12625,0.006,
tile_001646,val,ok,12973,0.006,
tile_001647,val,ok,12974,0.006,
tile_001648,val,ok,12655,0.006,
tile_001649,val,ok,12176,0.006,
tile_001650,train,ok,12632,0.006,
tile_001651,train,ok,12133,0.006,
tile_001652,train,ok,11672,0.005,
tile_001653,train,ok,13123,0.005,
tile_001654,train,ok,12738,0.005,
tile_001655,train,ok,12387,0.005,
tile_001656,train,ok,12662,0.005,
tile_001657,train,ok,11781,0.005,
tile_001658,train,ok,10328,0.005,
tile_001659,train,ok,10336,0.005,
tile_001660,train,ok,10779,0.006,
tile_001661,test,ok,10316,0.006,
tile_001662,test,ok,10499,0.006,
tile_001663,test,ok,9900,0.005,
tile_001664,test,ok,10319,0.006,
tile_001665,train,ok,12838,0.005,
tile_001666,train,ok,12847,0.005,
tile_001667,train,ok,12188,0.005,
tile_001668,test,ok,12932,0.005,
tile_001669,test,ok,12668,0.006,
tile_001670,train,ok,10950,0.006,
tile_001671,train,ok,12475,0.005,
tile_001672,train,ok,9992,0.005,
tile_001673,train,ok,12764,0.006,
tile_001674,train,ok,11190,0.006,
tile_001675,train,ok,11811,0.006,
tile_001676,train,ok,12457,0.006,
tile_001677,val,ok,12214,0.007,
tile_001678,val,ok,12454,0.007,
tile_001679,val,ok,12752,0.007,
tile_001680,val,ok,11220,0.006,
tile_001681,train,ok,11675,0.007,
tile_001682,train,ok,12350,0.007,
tile_001683,train,ok,11766,0.008,
tile_001684,train,ok,12293,0.008,
tile_001685,train,ok,11923,0.007,
tile_001686,train,ok,11095,0.007,
tile_001687,train,ok,12769,0.008,
tile_001688,train,ok,11931,0.008,
tile_001689,train,ok,11460,0.008,
tile_001690,train,ok,12241,0.006,
tile_001691,train,ok,11088,0.007,
tile_001692,test,ok,12367,0.008,
tile_001693,test,ok,12016,0.01,
tile_001694,train,ok,11997,0.007,
tile_001695,train,ok,13046,0.007,
tile_001696,train,ok,12019,0.007,
tile_001697,train,ok,12189,0.007,
tile_001698,train,ok,12833,0.007,
tile_001699,train,ok,12908,0.007,
tile_001700,test,ok,11538,0.008,
tile_001701,train,ok,12075,0.007,
tile_001702,train,ok,11834,0.007,
tile_001703,train,ok,12798,0.007,
tile_001704,train,ok,12468,0.006,
tile_001705,val,ok,12244,0.007,
tile_001706,val,ok,12577,0.007,
tile_001707,val,ok,12177,0.007,
tile_001708,train,ok,11849,0.007,
tile_001709,train,ok,11932,0.008,
tile_001710,train,ok,12906,0.007,
tile_001711,train,ok,12422,0.006,
tile_001712,train,ok,11018,0.006,
tile_001713,train,ok,10818,0.007,
tile_001714,train,ok,11833,0.007,
tile_001715,train,ok,11946,0.007,
tile_001716,train,ok,11783,0.007,
tile_001717,train,ok,10428,0.011,
tile_001718,train,ok,11629,0.01,
tile_001719,test,ok,11935,0.011,
tile_001720,test,ok,12005,0.012,
tile_001721,test,ok,12843,0.01,
tile_001722,test,ok,11611,0.012,
tile_001723,train,ok,11566,0.01,
tile_001724,train,ok,12316,0.01,
tile_001725,train,ok,12258,0.01,
tile_001726,train,ok,12251,0.009,
tile_001727,train,ok,12260,0.009,
tile_001728,train,ok,11917,0.009,
tile_001729,train,ok,12471,0.007,
tile_001730,train,ok,12817,0.007,
tile_001731,train,ok,12494,0.007,
tile_001732,train,ok,12758,0.006,
tile_001733,test,ok,12781,0.007,
tile_001734,train,ok,11870,0.006,
tile_001735,train,ok,12779,0.006,
tile_001736,train,ok,12581,0.006,
tile_001737,train,ok,12307,0.006,
tile_001738,train,ok,12574,0.006,
tile_001739,val,ok,12473,0.006,
tile_001740,val,ok,11963,0.006,
tile_001741,val,ok,10640,0.007,
tile_001742,train,ok,12221,0.007,
tile_001743,train,ok,11263,0.007,
tile_001744,train,ok,12410,0.006,
tile_001745,train,ok,11855,0.006,
tile_001746,train,ok,11878,0.006,
tile_001747,train,ok,11193,0.006,
tile_001748,train,ok,11461,0.006,
tile_001749,train,ok,11284,0.006,
tile_001750,train,ok,11685,0.006,
tile_001751,test,ok,11621,0.006,
tile_001752,test,ok,10964,0.006,
tile_001753,test,ok,11322,0.006,
tile_001754,test,ok,11625,0.006,
tile_001755,train,ok,12318,0.006,
tile_001756,train,ok,13062,0.006,
tile_001757,train,ok,11802,0.006,
tile_001758,train,ok,12428,0.006,
tile_001759,train,ok,12943,0.006,
tile_001760,train,ok,10858,0.006,
tile_001761,train,ok,11535,0.006,
tile_001762,train,ok,11625,0.006,
tile_001763,train,ok,11961,0.006,
tile_001764,train,ok,12680,0.006,
tile_001765,train,ok,12570,0.006,
tile_001766,test,ok,11715,0.006,
tile_001767,train,ok,12979,0.006,
tile_001768,test,ok,12976,0.006,
tile_001769,test,ok,11887,0.007,
tile_001770,train,ok,12658,0.006,
tile_001771,train,ok,11881,0.006,
tile_001772,train,ok,10984,0.007,
tile_001773,train,ok,9997,0.006,
tile_001774,train,ok,12495,0.006,
tile_001775,train,ok,12332,0.006,
tile_001776,train,ok,11199,0.006,
tile_001777,train,ok,11648,0.006,
tile_001778,train,ok,11527,0.005,
tile_001779,train,ok,12282,0.006,
tile_001780,train,ok,12371,0.006,
tile_001781,train,ok,11239,0.006,
tile_001782,train,ok,11899,0.006,
tile_001783,train,ok,11294,0.006,
tile_001784,train,ok,11322,0.006,
tile_001785,train,ok,11405,0.006,
tile_001786,train,ok,11412,0.006,
tile_001787,train,ok,12066,0.006,
tile_001788,test,ok,12450,0.006,
tile_001789,test,ok,12442,0.006,
tile_001790,test,ok,12767,0.006,
tile_001791,test,ok,12350,0.006,
tile_001792,train,ok,12459,0.006,
tile_001793,train,ok,11985,0.006,
tile_001794,train,ok,11917,0.006,
tile_001795,train,ok,13116,0.006,
tile_001796,train,ok,12605,0.006,
tile_001797,train,ok,12044,0.005,
tile_001798,val,ok,12166,0.006,
tile_001799,test,ok,12974,0.006,
tile_001800,test,ok,12676,0.006,
tile_001801,train,ok,12940,0.006,
tile_001802,test,ok,12683,0.006,
tile_001803,test,ok,12474,0.006,
tile_001804,train,ok,12744,0.006,
tile_001805,train,ok,11894,0.006,
tile_001806,train,ok,12231,0.005,
tile_001807,train,ok,12845,0.005,
tile_001808,train,ok,13007,0.006,
tile_001809,train,ok,12393,0.006,
tile_001810,train,ok,13102,0.005,
tile_001811,train,ok,13020,0.006,
tile_001812,train,ok,12167,0.005,
tile_001813,train,ok,11970,0.006,
tile_001814,train,ok,11674,0.006,
tile_001815,train,ok,11981,0.006,
tile_001816,train,ok,12365,0.006,
tile_001817,train,ok,12588,0.006,
tile_001818,train,ok,11417,0.006,
tile_001819,train,ok,12039,0.005,
tile_001820,train,ok,11862,0.006,
tile_001821,test,ok,12546,0.006,
tile_001822,test,ok,12656,0.006,
tile_001823,train,ok,12095,0.006,
tile_001824,train,ok,11915,0.006,
tile_001825,train,ok,11392,0.006,
tile_001826,train,ok,10424,0.006,
tile_001827,val,ok,12260,0.006,
tile_001828,test,ok,12676,0.006,
tile_001829,train,ok,12519,0.005,
tile_001830,train,ok,12942,0.006,
tile_001831,train,ok,12605,0.005,
tile_001832,train,ok,12166,0.005,
tile_001833,train,ok,12255,0.005,
tile_001834,train,ok,12563,0.005,
tile_001835,train,ok,11773,0.005,
tile_001836,train,ok,12067,0.005,
tile_001837,train,ok,12849,0.005,
tile_001838,train,ok,12857,0.005,
tile_001839,train,ok,12543,0.005,
tile_001840,train,ok,12990,0.005,
tile_001841,train,ok,12491,0.005,
tile_001842,test,ok,13030,0.006,
tile_001843,train,ok,12606,0.005,
tile_001844,train,ok,11803,0.005,
tile_001845,train,ok,12105,0.006,
tile_001846,train,ok,10803,0.006,
tile_001847,train,ok,10837,0.006,
tile_001848,train,ok,11368,0.006,
tile_001849,test,ok,12795,0.006,
tile_001850,test,ok,12223,0.006,
tile_001851,test,ok,13090,0.006,
tile_001852,test,ok,12210,0.006,
tile_001853,train,ok,12836,0.006,
tile_001854,train,ok,12578,0.006,
tile_001855,train,ok,11037,0.005,
tile_001856,train,ok,11648,0.005,
tile_001857,train,ok,12468,0.008,
tile_001858,train,ok,11553,0.009,
tile_001859,train,ok,11823,0.009,
tile_001860,train,ok,11223,0.009,
tile_001861,train,ok,10914,0.009,
tile_001862,train,ok,11562,0.008,
tile_001863,train,ok,12482,0.008,
tile_001864,train,ok,11583,0.008,
tile_001865,train,ok,11438,0.006,
tile_001866,train,ok,12201,0.006,
tile_001867,train,ok,12156,0.006,
tile_001868,test,ok,12984,0.006,
tile_001869,test,ok,13080,0.006,
tile_001870,train,ok,12969,0.005,
tile_001871,train,ok,12200,0.005,
tile_001872,train,ok,12027,0.005,
tile_001873,train,ok,11292,0.006,
tile_001874,train,ok,12224,0.005,
tile_001875,train,ok,12880,0.006,
tile_001876,train,ok,12959,0.005,
tile_001877,train,ok,12855,0.006,
tile_001878,val,ok,11695,0.005,
tile_001879,val,ok,12379,0.006,
tile_001880,val,ok,11349,0.006,
tile_001881,train,ok,12655,0.005,
tile_001882,train,ok,12910,0.005,
tile_001883,train,ok,12376,0.005,
tile_001884,train,ok,12581,0.006,
tile_001885,train,ok,11698,0.007,
tile_001886,train,ok,11076,0.007,
tile_001887,train,ok,12120,0.006,
tile_001888,train,ok,12649,0.007,
tile_001889,train,ok,12420,0.005,
tile_001890,train,ok,11482,0.005,
tile_001891,train,ok,12544,0.005,
tile_001892,train,ok,11570,0.005,
tile_001893,train,ok,12806,0.006,
tile_001894,train,ok,12702,0.007,
tile_001895,train,ok,13001,0.007,
tile_001896,train,ok,12719,0.008,
tile_001897,test,ok,10933,0.01,
tile_001898,test,ok,9527,0.011,
tile_001899,train,ok,12297,0.009,
tile_001900,train,ok,11361,0.01,
tile_001901,train,ok,10496,0.011,
tile_001902,test,ok,10397,0.012,
tile_001903,train,ok,10663,0.01,
tile_001904,train,ok,12952,0.011,
tile_001905,train,ok,11787,0.006,
tile_001906,val,ok,12039,0.006,
tile_001907,val,ok,12558,0.006,
tile_001908,val,ok,11739,0.005,
tile_001909,val,ok,11960,0.006,
tile_001910,train,ok,12804,0.005,
tile_001911,train,ok,13115,0.005,
tile_001912,train,ok,11919,0.005,
tile_001913,train,ok,12831,0.005,
tile_001914,train,ok,12513,0.005,
tile_001915,train,ok,12806,0.005,
tile_001916,train,ok,12650,0.005,
tile_001917,train,ok,12556,0.005,
tile_001918,train,ok,13093,0.005,
tile_001919,train,ok,12631,0.005,
tile_001920,train,ok,12251,0.005,
tile_001921,test,ok,9539,0.005,
tile_001922,train,ok,12206,0.005,
tile_001923,train,ok,13033,0.005,
tile_001924,train,ok,11838,0.005,
tile_001925,train,ok,8779,0.005,
tile_001926,train,ok,12415,0.005,
tile_001927,train,ok,13040,0.005,
tile_001928,val,ok,12733,0.005,
tile_001929,train,ok,10658,0.005,
tile_001930,train,ok,12175,0.005,
tile_001931,train,ok,11863,0.005,
tile_001932,val,ok,12436,0.006,
tile_001933,val,ok,12039,0.006,
tile_001934,val,ok,12498,0.006,
tile_001935,train,ok,12204,0.006,
tile_001936,train,ok,12694,0.005,
tile_001937,train,ok,12605,0.006,
tile_001938,train,ok,12888,0.006,
tile_001939,train,ok,12208,0.006,
tile_001940,train,ok,12354,0.005,
tile_001941,train,ok,12837,0.007,
tile_001942,train,ok,12617,0.007,
tile_001943,train,ok,13163,0.007,
tile_001944,train,ok,12814,0.007,
tile_001945,train,ok,11963,0.006,
tile_001946,train,ok,12504,0.006,
tile_001947,train,ok,12423,0.006,
tile_001948,train,ok,12555,0.005,
tile_001949,train,ok,12349,0.005,
tile_001950,train,ok,13069,0.006,
tile_001951,train,ok,11604,0.005,
tile_001952,train,ok,12462,0.005,
tile_001953,test,ok,12080,0.006,
tile_001954,train,ok,11780,0.005,
tile_001955,train,ok,10319,0.005,
tile_001956,train,ok,12006,0.005,
tile_001957,val,ok,12070,0.006,
tile_001958,val,ok,12769,0.006,
tile_001959,train,ok,12441,0.005,
tile_001960,train,ok,12881,0.005,
tile_001961,train,ok,12789,0.006,
tile_001962,val,ok,12314,0.006,
tile_001963,val,ok,12743,0.006,
tile_001964,val,ok,11627,0.006,
tile_001965,train,ok,12227,0.005,
tile_001966,train,ok,12286,0.005,
tile_001967,train,ok,11630,0.006,
tile_001968,train,ok,12534,0.006,
tile_001969,train,ok,11347,0.005,
tile_001970,train,ok,11640,0.006,
tile_001971,train,ok,12392,0.006,
tile_001972,train,ok,11692,0.006,
tile_001973,train,ok,12953,0.006,
tile_001974,train,ok,12544,0.006,
tile_001975,train,ok,11722,0.006,
tile_001976,train,ok,12883,0.007,
tile_001977,train,ok,11521,0.006,
tile_001978,train,ok,12307,0.006,
tile_001979,train,ok,12941,0.006,
tile_001980,train,ok,9350,0.006,
tile_001981,train,ok,10430,0.005,
tile_001982,train,ok,11917,0.006,
tile_001983,train,ok,12089,0.005,
tile_001984,val,ok,11402,0.006,
tile_001985,train,ok,11530,0.005,
tile_001986,val,ok,12714,0.006,
tile_001987,train,ok,12553,0.005,
tile_001988,train,ok,13047,0.005,
tile_001989,train,ok,12439,0.006,
tile_001990,val,ok,12463,0.006,
tile_001991,train,ok,12906,0.006,
tile_001992,train,ok,11737,0.005,
tile_001993,train,ok,12822,0.005,
tile_001994,train,ok,12544,0.006,
tile_001995,train,ok,12421,0.005,
tile_001996,train,ok,12933,0.006,
tile_001997,train,ok,13085,0.005,
tile_001998,test,ok,12635,0.007,
tile_001999,train,ok,12246,0.006,
tile_002000,train,ok,11237,0.006,
tile_002001,train,ok,12902,0.006,
tile_002002,train,ok,12607,0.005,
tile_002003,train,ok,10600,0.005,
tile_002004,train,ok,12195,0.005,
tile_002005,train,ok,11780,0.005,
tile_002006,train,ok,11495,0.006,
tile_002007,train,ok,12826,0.005,
tile_002008,train,ok,12771,0.005,
tile_002009,train,ok,13135,0.005,
tile_002010,val,ok,11964,0.006,
tile_002011,train,ok,12769,0.005,
tile_002012,train,ok,12948,0.005,
tile_002013,train,ok,12840,0.005,
tile_002014,train,ok,12994,0.005,
tile_002015,train,ok,12517,0.005,
tile_002016,val,ok,12281,0.006,
tile_002017,train,ok,11774,0.005,
tile_002018,train,ok,12884,0.006,
tile_002019,train,ok,12242,0.005,
tile_002020,train,ok,12406,0.005,
tile_002021,test,ok,10773,0.005,
tile_002022,train,ok,12992,0.005,
tile_002023,train,ok,12969,0.005,
tile_002024,train,ok,11064,0.005,
tile_002025,train,ok,7525,0.005,
tile_002026,train,ok,7073,0.005,
tile_002027,train,ok,12191,0.005,
tile_002028,train,ok,12061,0.005,
tile_002029,train,ok,12776,0.005,
tile_002030,train,ok,12448,0.005,
tile_002031,val,ok,12635,0.006,
tile_002032,train,ok,12966,0.005,
tile_002033,train,ok,12615,0.005,
tile_002034,train,ok,11459,0.005,
tile_002035,val,ok,12042,0.006,
tile_002036,train,ok,12637,0.005,
tile_002037,train,ok,13042,0.005,
tile_002038,train,ok,12448,0.008,
tile_002039,train,ok,12657,0.009,
tile_002040,test,ok,12843,0.008,
tile_002041,train,ok,10765,0.008,
tile_002042,train,ok,11141,0.007,
tile_002043,train,ok,10825,0.007,
tile_002044,test,ok,9542,0.008,
tile_002045,test,ok,10961,0.008,
tile_002046,train,ok,13171,0.006,
tile_002047,train,ok,12901,0.007,
tile_002048,train,ok,12694,0.006,
tile_002049,train,ok,12929,0.006,
tile_002050,val,ok,11440,0.008,
tile_002051,val,ok,12678,0.007,
tile_002052,train,ok,13013,0.007,
tile_002053,train,ok,11141,0.006,
tile_002054,train,ok,12920,0.006,
tile_002055,test,ok,11589,0.008,
tile_002056,test,ok,12563,0.008,
tile_002057,train,ok,12585,0.006,
tile_002058,train,ok,11569,0.006,
tile_002059,train,ok,12625,0.007,
tile_002060,train,ok,12856,0.007,
tile_002061,train,ok,11549,0.007,
tile_002062,train,ok,12692,0.007,
tile_002063,train,ok,12884,0.006,
tile_002064,train,ok,13066,0.006,
tile_002065,train,ok,9899,0.006,
tile_002066,val,ok,13002,0.006,
tile_002067,train,ok,12247,0.009,
tile_002068,test,ok,11829,0.012,
tile_002069,test,ok,11726,0.012,
tile_002070,val,ok,11913,0.014,
tile_002071,train,ok,12349,0.007,
tile_002072,train,ok,12891,0.007,
tile_002073,train,ok,11815,0.007,
tile_002074,train,ok,12777,0.007,
tile_002075,val,ok,13043,0.008,
tile_002076,train,ok,12552,0.007,
tile_002077,train,ok,12459,0.006,
tile_002078,train,ok,12299,0.006,
tile_002079,train,ok,12635,0.006,
tile_002080,train,ok,11559,0.006,
tile_002081,train,ok,12729,0.006,
tile_002082,train,ok,12522,0.006,
tile_002083,val,ok,12039,0.008,
tile_002084,val,ok,12128,0.007,
tile_002085,val,ok,12936,0.007,
tile_002086,train,ok,12810,0.006,
tile_002087,train,ok,12476,0.005,
tile_002088,train,ok,11556,0.006,
tile_002089,train,ok,13120,0.006,
tile_002090,train,ok,12265,0.006,
tile_002091,train,ok,10801,0.006,
tile_002092,val,ok,12470,0.007,
tile_002093,val,ok,11532,0.006,
tile_002094,val,ok,12864,0.006,
tile_002095,test,ok,12830,0.006,
tile_002096,test,ok,12834,0.006,
tile_002097,train,ok,12414,0.005,
tile_002098,train,ok,11785,0.005,
tile_002099,train,ok,13099,0.005,
tile_002100,train,ok,12707,0.005,
tile_002101,train,ok,11870,0.005,
tile_002102,val,ok,11562,0.006,
tile_002103,val,ok,12590,0.006,
tile_002104,train,ok,9151,0.005,
tile_002105,train,ok,10752,0.006,
tile_002106,train,ok,9139,0.005,
tile_002107,train,ok,8361,0.005,
tile_002108,train,ok,12170,0.006,
tile_002109,val,ok,11966,0.006,
tile_002110,val,ok,9975,0.005,
tile_002111,val,ok,8717,0.006,
tile_002112,train,ok,11979,0.006,
tile_002113,train,ok,12894,0.006,
tile_002114,train,ok,11540,0.006,
tile_002115,val,ok,12350,0.006,
tile_002116,val,ok,11781,0.006,
tile_002117,test,ok,11962,0.006,
tile_002118,test,ok,12951,0.006,
tile_002119,test,ok,12314,0.006,
tile_002120,test,ok,12475,0.006,
tile_002121,train,ok,12554,0.005,
tile_002122,train,ok,13057,0.005,
tile_002123,train,ok,12555,0.005,
tile_002124,train,ok,10650,0.005,
tile_002125,train,ok,12317,0.005,
tile_002126,val,ok,10443,0.006,
tile_002127,val,ok,11912,0.006,
tile_002128,val,ok,12731,0.006,
tile_002129,train,ok,12640,0.006,
tile_002130,train,ok,10797,0.005,
tile_002131,train,ok,10713,0.005,
tile_002132,train,ok,11444,0.005,
tile_002133,train,ok,12847,0.005,
tile_002134,train,ok,12451,0.005,
tile_002135,train,ok,10906,0.006,
tile_002136,train,ok,12884,0.005,
tile_002137,train,ok,13084,0.005,
tile_002138,train,ok,13017,0.005,
tile_002139,train,ok,12852,0.006,
tile_002140,train,ok,12173,0.006,
tile_002141,train,ok,13097,0.006,
tile_002142,train,ok,12187,0.005,
tile_002143,test,ok,11000,0.006,
tile_002144,train,ok,12923,0.005,
tile_002145,train,ok,9114,0.005,
tile_002146,train,ok,8056,0.005,
tile_002147,train,ok,11130,0.005,
tile_002148,test,ok,11438,0.006,
tile_002149,test,ok,13013,0.006,
tile_002150,train,ok,11023,0.005,
tile_002151,test,ok,10329,0.005,
tile_002152,test,ok,12435,0.006,
tile_002153,train,ok,11978,0.005,
tile_002154,train,ok,11826,0.005,
tile_002155,train,ok,12976,0.005,
tile_002156,train,ok,10196,0.005,
tile_002157,train,ok,11370,0.005,
tile_002158,train,ok,13078,0.006,
tile_002159,train,ok,12754,0.005,
tile_002160,train,ok,12380,0.005,
tile_002161,train,ok,12164,0.006,
tile_002162,train,ok,13035,0.005,
tile_002163,train,ok,12559,0.005,
tile_002164,train,ok,12330,0.006,
tile_002165,train,ok,11340,0.005,
tile_002166,train,ok,11122,0.005,
tile_002167,train,ok,12103,0.006,
tile_002168,test,ok,13004,0.006,
tile_002169,test,ok,11017,0.006,
tile_002170,train,ok,11923,0.006,
tile_002171,train,ok,12823,0.005,
tile_002172,test,ok,11743,0.006,
tile_002173,train,ok,11819,0.006,
tile_002174,train,ok,12548,0.005,
tile_002175,train,ok,13003,0.005,
tile_002176,test,ok,10743,0.006,
tile_002177,test,ok,13098,0.006,
tile_002178,train,ok,10987,0.006,
tile_002179,train,ok,11953,0.005,
tile_002180,train,ok,11432,0.006,
tile_002181,train,ok,11820,0.005,
tile_002182,train,ok,12240,0.005,
tile_002183,train,ok,12099,0.005,
tile_002184,train,ok,12388,0.005,
tile_002185,train,ok,12818,0.005,
tile_002186,train,ok,12688,0.006,
tile_002187,train,ok,12434,0.005,
tile_002188,train,ok,12917,0.005,
tile_002189,test,ok,12848,0.006,
tile_002190,test,ok,12760,0.006,
tile_002191,train,ok,12639,0.006,
tile_002192,train,ok,11902,0.006,
tile_002193,train,ok,13077,0.005,
tile_002194,test,ok,10111,0.006,
tile_002195,train,ok,12685,0.005,
tile_002196,train,ok,12715,0.005,
tile_002197,train,ok,12777,0.005,
tile_002198,train,ok,12975,0.005,
tile_002199,train,ok,12947,0.005,
tile_002200,train,ok,12843,0.005,
tile_002201,train,ok,12737,0.005,
tile_002202,train,ok,12520,0.005,
tile_002203,train,ok,12844,0.005,
tile_002204,train,ok,12970,0.006,
tile_002205,test,ok,12875,0.006,
tile_002206,train,ok,11245,0.005,
tile_002207,train,ok,12451,0.005,
tile_002208,test,ok,12762,0.006,
tile_002209,test,ok,12625,0.006,
tile_002210,test,ok,13106,0.006,
tile_002211,train,ok,12906,0.005,
tile_002212,train,ok,10700,0.006,
tile_002213,train,ok,9288,0.005,
tile_002214,train,ok,13092,0.006,
tile_002215,val,ok,11631,0.006,
tile_002216,val,ok,13047,0.006,
tile_002217,train,ok,11394,0.006,
tile_002218,train,ok,11204,0.006,
tile_002219,train,ok,11786,0.005,
tile_002220,train,ok,12031,0.005,
tile_002221,train,ok,11633,0.005,
tile_002222,test,ok,12592,0.006,
tile_002223,train,ok,11574,0.005,
tile_002224,train,ok,11235,0.005,
tile_002225,train,ok,11529,0.005,
tile_002226,train,ok,11685,0.005,
tile_002227,train,ok,12396,0.005,
tile_002228,train,ok,12620,0.006,
tile_002229,train,ok,12656,0.006,
tile_002230,train,ok,12686,0.005,
tile_002231,train,ok,12936,0.005,
tile_002232,train,ok,10757,0.006,
tile_002233,train,ok,12925,0.006,
tile_002234,train,ok,12851,0.005,
tile_002235,train,ok,13027,0.005,
tile_002236,train,ok,10947,0.005,
tile_002237,train,ok,9317,0.005,
tile_002238,train,ok,11387,0.006,
tile_002239,train,ok,11789,0.006,
tile_002240,train,ok,11483,0.006,
tile_002241,train,ok,12065,0.006,
tile_002242,val,ok,12524,0.006,
tile_002243,train,ok,12863,0.006,
tile_002244,train,ok,13084,0.006,
tile_002245,train,ok,13078,0.006,
tile_002246,train,ok,12160,0.006,
tile_002247,train,ok,12450,0.007,
tile_002248,train,ok,12012,0.005,
tile_002249,train,ok,12650,0.005,
tile_002250,train,ok,12837,0.005,
tile_002251,train,ok,12406,0.005,
tile_002252,train,ok,12583,0.006,
tile_002253,train,ok,13128,0.006,
tile_002254,train,ok,12935,0.006,
tile_002255,train,ok,12425,0.006,
tile_002256,train,ok,12703,0.006,
tile_002257,train,ok,13080,0.006,
tile_002258,train,ok,11704,0.006,
tile_002259,train,ok,11821,0.005,
tile_002260,train,ok,11296,0.005,
tile_002261,train,ok,12651,0.006,
tile_002262,train,ok,9478,0.006,
tile_002263,train,ok,8323,0.006,
tile_002264,train,ok,12196,0.005,
tile_002265,train,ok,13045,0.006,
tile_002266,train,ok,12968,0.006,
tile_002267,test,ok,12316,0.006,
tile_002268,test,ok,12104,0.006,
tile_002269,test,ok,12126,0.006,
tile_002270,train,ok,7653,0.006,
tile_002271,train,ok,12283,0.005,
tile_002272,train,ok,12303,0.005,
tile_002273,train,ok,12909,0.005,
tile_002274,train,ok,13088,0.005,
tile_002275,train,ok,12430,0.005,
tile_002276,train,ok,13018,0.006,
tile_002277,train,ok,13014,0.005,
tile_002278,train,ok,13022,0.005,
tile_002279,train,ok,11233,0.005,
tile_002280,train,ok,12335,0.006,
tile_002281,train,ok,11323,0.006,
tile_002282,train,ok,12018,0.006,
tile_002283,train,ok,12170,0.006,
tile_002284,train,ok,11787,0.006,
tile_002285,train,ok,11978,0.006,
tile_002286,train,ok,11577,0.006,
tile_002287,test,ok,13106,0.006,
tile_002288,test,ok,13084,0.006,
tile_002289,test,ok,11904,0.007,
tile_002290,train,ok,13072,0.006,
tile_002291,train,ok,12911,0.006,
tile_002292,train,ok,12728,0.005,
tile_002293,train,ok,12104,0.005,
tile_002294,train,ok,12869,0.006,
tile_002295,train,ok,12944,0.005,
tile_002296,train,ok,12511,0.006,
tile_002297,train,ok,12028,0.006,
tile_002298,train,ok,8714,0.006,
tile_002299,train,ok,12216,0.006,
tile_002300,train,ok,12790,0.006,
tile_002301,train,ok,12309,0.006,
tile_002302,train,ok,12701,0.006,
tile_002303,train,ok,12934,0.006,
tile_002304,train,ok,12902,0.006,
tile_002305,train,ok,10524,0.006,
tile_002306,train,ok,11028,0.006,
tile_002307,train,ok,12459,0.006,
tile_002308,val,ok,12238,0.006,
tile_002309,val,ok,11426,0.006,
tile_002310,train,ok,12974,0.006,
tile_002311,train,ok,11368,0.005,
tile_002312,train,ok,11466,0.005,
tile_002313,train,ok,12365,0.005,
tile_002314,train,ok,13104,0.005,
tile_002315,test,ok,12958,0.006,
tile_002316,test,ok,12879,0.006,
tile_002317,test,ok,12406,0.006,
tile_002318,train,ok,12763,0.006,
tile_002319,train,ok,12329,0.006,
tile_002320,train,ok,13133,0.006,
tile_002321,train,ok,12934,0.006,
tile_002322,train,ok,13027,0.006,
tile_002323,val,ok,13089,0.006,
tile_002324,val,ok,13078,0.006,
tile_002325,train,ok,11827,0.005,
tile_002326,val,ok,12766,0.006,
tile_002327,train,ok,12741,0.005,
tile_002328,train,ok,12634,0.006,
tile_002329,train,ok,11964,0.006,
tile_002330,val,ok,11318,0.006,
tile_002331,train,ok,12191,0.005,
tile_002332,train,ok,10904,0.005,
tile_002333,train,ok,11558,0.005,
tile_002334,train,ok,12489,0.005,
tile_002335,val,ok,11643,0.005,
tile_002336,train,ok,12867,0.005,
tile_002337,val,ok,13118,0.006,
tile_002338,val,ok,12453,0.006,
tile_002339,train,ok,12296,0.005,
tile_002340,train,ok,12351,0.006,
tile_002341,test,ok,12603,0.006,
tile_002342,train,ok,13080,0.005,
tile_002343,train,ok,12954,0.005,
tile_002344,train,ok,12852,0.005,
tile_002345,val,ok,11266,0.006,
tile_002346,train,ok,11270,0.005,
tile_002347,val,ok,9992,0.006,
tile_002348,val,ok,8416,0.006,
tile_002349,val,ok,13029,0.006,
tile_002350,train,ok,12643,0.005,
tile_002351,train,ok,11800,0.005,
tile_002352,val,ok,13087,0.006,
tile_002353,test,ok,11213,0.006,
tile_002354,train,ok,13040,0.005,
tile_002355,train,ok,11833,0.006,
tile_002356,train,ok,12759,0.005,
tile_002357,train,ok,11540,0.005,
tile_002358,val,ok,11607,0.006,
tile_002359,train,ok,12218,0.006,
tile_002360,val,ok,11833,0.006,
tile_002361,val,ok,12745,0.006,
tile_002362,train,ok,13053,0.005,
tile_002363,test,ok,12838,0.006,
tile_002364,train,ok,12293,0.005,
tile_002365,train,ok,12748,0.005,
tile_002366,train,ok,11470,0.005,
tile_002367,train,ok,8668,0.005,
tile_002368,train,ok,10284,0.005,
tile_002369,train,ok,12339,0.005,
tile_002370,val,ok,8857,0.006,
tile_002371,train,ok,8909,0.005,
tile_002372,train,ok,11450,0.009,
tile_002373,train,ok,12077,0.009,
tile_002374,val,ok,10902,0.009,
tile_002375,val,ok,12031,0.009,
tile_002376,val,ok,11881,0.008,
tile_002377,val,ok,11733,0.008,
tile_002378,val,ok,9135,0.008,
tile_002379,train,ok,12691,0.007,
tile_002380,train,ok,10524,0.007,
tile_002381,train,ok,12156,0.007,
tile_002382,train,ok,12120,0.007,
tile_002383,test,ok,11939,0.008,
tile_002384,train,ok,12488,0.006,
tile_002385,train,ok,12616,0.007,
tile_002386,train,ok,9762,0.007,
tile_002387,train,ok,9882,0.007,
tile_002388,val,ok,12432,0.008,
tile_002389,train,ok,12975,0.007,
tile_002390,train,ok,12993,0.007,
tile_002391,test,ok,12121,0.007,
tile_002392,test,ok,12796,0.009,
tile_002393,train,ok,6278,0.009,
tile_002394,train,ok,13103,0.009,
tile_002395,train,ok,11164,0.012,
tile_002396,train,ok,11519,0.009,
tile_002397,val,ok,12784,0.012,
tile_002398,val,ok,12129,0.012,
tile_002399,train,ok,12236,0.006,
tile_002400,train,ok,12890,0.006,
tile_002401,train,ok,11858,0.005,
tile_002402,train,ok,12770,0.005,
tile_002403,val,ok,11357,0.006,
tile_002404,val,ok,13067,0.006,
tile_002405,train,ok,11846,0.005,
tile_002406,val,ok,12037,0.005,
tile_002407,train,ok,12824,0.005,
tile_002408,train,ok,12625,0.005,
tile_002409,train,ok,11376,0.005,
tile_002410,train,ok,12705,0.005,
tile_002411,train,ok,12711,0.005,
tile_002412,val,ok,12537,0.005,
tile_002413,test,ok,10804,0.006,
tile_002414,val,ok,12625,0.006,
tile_002415,train,ok,11535,0.005,
tile_002416,train,ok,10623,0.005,
tile_002417,train,ok,11178,0.005,
tile_002418,train,ok,10458,0.006,
tile_002419,train,ok,12324,0.005,
tile_002420,test,ok,12514,0.006,
tile_002421,test,ok,11501,0.006,
tile_002422,train,ok,13073,0.006,
tile_002423,train,ok,12207,0.005,
tile_002424,train,ok,11870,0.005,
tile_002425,train,ok,13144,0.005,
tile_002426,train,ok,12877,0.005,
tile_002427,test,ok,12836,0.006,
tile_002428,test,ok,12082,0.006,
tile_002429,train,ok,12143,0.005,
tile_002430,train,ok,9401,0.005,
tile_002431,train,ok,11219,0.006,
tile_002432,train,ok,11916,0.005,
tile_002433,train,ok,12714,0.005,
tile_002434,train,ok,10590,0.005,
tile_002435,train,ok,12715,0.005,
tile_002436,train,ok,12337,0.006,
tile_002437,train,ok,11905,0.006,
tile_002438,train,ok,8620,0.006,
tile_002439,train,ok,12003,0.005,
tile_002440,train,ok,8280,0.005,
tile_002441,train,ok,12069,0.005,
tile_002442,train,ok,12309,0.005,
tile_002443,train,ok,12138,0.005,
tile_002444,test,ok,12806,0.006,
tile_002445,train,ok,11552,0.005,
tile_002446,train,ok,12789,0.006,
tile_002447,train,ok,11246,0.006,
tile_002448,val,ok,12645,0.007,
tile_002449,val,ok,12664,0.006,
tile_002450,train,ok,12544,0.006,
tile_002451,train,ok,12594,0.005,
tile_002452,train,ok,12463,0.005,
tile_002453,test,ok,9920,0.006,
tile_002454,test,ok,8637,0.006,
tile_002455,train,ok,12750,0.005,
tile_002456,train,ok,12730,0.006,
tile_002457,train,ok,11338,0.005,
tile_002458,train,ok,10349,0.006,
tile_002459,train,ok,10732,0.006,
tile_002460,train,ok,12165,0.005,
tile_002461,train,ok,12121,0.005,
tile_002462,train,ok,12459,0.005,
tile_002463,train,ok,12103,0.005,
tile_002464,train,ok,12703,0.005,
tile_002465,train,ok,12115,0.005,
tile_002466,train,ok,13097,0.005,
tile_002467,train,ok,9499,0.005,
tile_002468,train,ok,12564,0.006,
tile_002469,train,ok,12720,0.006,
tile_002470,train,ok,11665,0.005,
tile_002471,train,ok,12507,0.005,
tile_002472,train,ok,12217,0.005,
tile_002473,train,ok,12165,0.006,
tile_002474,train,ok,12854,0.005,
tile_002475,val,ok,12664,0.006,
tile_002476,val,ok,12922,0.006,
tile_002477,train,ok,11770,0.005,
tile_002478,test,ok,10390,0.006,
tile_002479,test,ok,8812,0.006,
tile_002480,train,ok,11448,0.005,
tile_002481,train,ok,11068,0.005,
tile_002482,train,ok,11415,0.006,
tile_002483,train,ok,12376,0.005,
tile_002484,train,ok,11395,0.005,
tile_002485,train,ok,12252,0.005,
tile_002486,train,ok,11136,0.005,
tile_002487,train,ok,11935,0.005,
tile_002488,train,ok,12284,0.005,
tile_002489,train,ok,11528,0.005,
tile_002490,train,ok,11928,0.005,
tile_002491,train,ok,12387,0.005,
tile_002492,train,ok,12122,0.005,
tile_002493,train,ok,12683,0.005,
tile_002494,train,ok,11240,0.005,
tile_002495,train,ok,13072,0.005,
tile_002496,train,ok,12533,0.006,
tile_002497,val,ok,12880,0.006,
tile_002498,train,ok,12496,0.005,
tile_002499,test,ok,12427,0.006,
tile_002500,train,ok,11251,0.005,
tile_002501,train,ok,7927,0.005,
tile_002502,train,ok,9658,0.006,
tile_002503,train,ok,10168,0.005,
tile_002504,train,ok,12119,0.005,
tile_002505,train,ok,11132,0.006,
tile_002506,train,ok,10507,0.005,
tile_002507,train,ok,11406,0.006,
tile_002508,train,ok,13001,0.006,
tile_002509,train,ok,11793,0.006,
tile_002510,train,ok,12679,0.006,
tile_002511,train,ok,12693,0.006,
tile_002512,train,ok,12729,0.006,
tile_002513,train,ok,13192,0.006,
tile_002514,train,ok,11713,0.006,
tile_002515,train,ok,11447,0.005,
tile_002516,train,ok,12817,0.005,
tile_002517,train,ok,12226,0.006,
tile_002518,train,ok,12910,0.005,
tile_002519,train,ok,13093,0.005,
tile_002520,train,ok,13062,0.006,
tile_002521,train,ok,12336,0.006,
tile_002522,train,ok,11852,0.006,
tile_002523,train,ok,10976,0.006,
tile_002524,train,ok,12997,0.006,
tile_002525,train,ok,13145,0.006,
tile_002526,train,ok,12861,0.006,
tile_002527,train,ok,12426,0.005,
tile_002528,train,ok,12788,0.005,
tile_002529,train,ok,12714,0.005,
tile_002530,train,ok,12170,0.006,
tile_002531,train,ok,12479,0.005,
tile_002532,train,ok,10188,0.005,
tile_002533,train,ok,11877,0.005,
tile_002534,train,ok,11610,0.005,
tile_002535,train,ok,11287,0.006,
tile_002536,train,ok,12058,0.006,
tile_002537,train,ok,12992,0.005,
tile_002538,train,ok,11391,0.005,
tile_002539,train,ok,11600,0.006,
tile_002540,train,ok,11003,0.006,
tile_002541,train,ok,12911,0.006,
tile_002542,train,ok,12691,0.005,
tile_002543,train,ok,12591,0.006,
tile_002544,train,ok,12691,0.006,
tile_002545,train,ok,12718,0.005,
tile_002546,train,ok,13101,0.005,
tile_002547,train,ok,12959,0.005,
tile_002548,train,ok,13050,0.006,
tile_002549,train,ok,12428,0.006,
tile_002550,train,ok,12684,0.005,
tile_002551,train,ok,11386,0.005,
tile_002552,train,ok,12743,0.005,
tile_002553,train,ok,12902,0.005,
tile_002554,train,ok,11048,0.005,
tile_002555,train,ok,12793,0.005,
tile_002556,train,ok,12843,0.005,
tile_002557,train,ok,10385,0.005,
tile_002558,train,ok,12465,0.005,
tile_002559,train,ok,12160,0.005,
tile_002560,train,ok,9402,0.005,
tile_002561,train,ok,12685,0.005,
tile_002562,train,ok,10916,0.005,
tile_002563,train,ok,12679,0.005,
tile_002564,train,ok,12249,0.005,
tile_002565,train,ok,13076,0.005,
tile_002566,train,ok,12450,0.005,
tile_002567,train,ok,12355,0.005,
tile_002568,train,ok,12419,0.006,
tile_002569,test,ok,11674,0.007,
tile_002570,train,ok,12254,0.005,
tile_002571,train,ok,12416,0.006,
tile_002572,val,ok,9529,0.006,
tile_002573,train,ok,11017,0.005,
tile_002574,train,ok,11593,0.005,
tile_002575,train,ok,13019,0.006,
tile_002576,train,ok,11170,0.005,
tile_002577,train,ok,11469,0.005,
tile_002578,train,ok,12821,0.005,
tile_002579,train,ok,11727,0.005,
tile_002580,train,ok,11744,0.006,
tile_002581,train,ok,13096,0.005,
tile_002582,train,ok,10842,0.005,
tile_002583,train,ok,12237,0.005,
tile_002584,train,ok,9595,0.005,
tile_002585,train,ok,11903,0.005,
tile_002586,train,ok,11324,0.005,
tile_002587,test,ok,12172,0.006,
tile_002588,train,ok,12760,0.006,
tile_002589,train,ok,12378,0.006,
tile_002590,train,ok,13113,0.005,
tile_002591,train,ok,12208,0.005,
tile_002592,train,ok,13101,0.006,
tile_002593,train,ok,12416,0.006,
tile_002594,train,ok,12026,0.006,
tile_002595,train,ok,12421,0.005,
tile_002596,train,ok,8666,0.006,
tile_002597,train,ok,12888,0.006,
tile_002598,train,ok,12321,0.006,
tile_002599,val,ok,12443,0.006,
tile_002600,train,ok,9185,0.006,
tile_002601,train,ok,12241,0.005,
tile_002602,train,ok,11746,0.005,
tile_002603,test,ok,10707,0.006,
tile_002604,train,ok,12858,0.006,
tile_002605,train,ok,12548,0.005,
tile_002606,train,ok,12082,0.005,
tile_002607,train,ok,13064,0.005,
tile_002608,train,ok,12548,0.005,
tile_002609,train,ok,12181,0.006,
tile_002610,train,ok,12901,0.005,
tile_002611,train,ok,12158,0.005,
tile_002612,train,ok,11871,0.006,
tile_002613,test,ok,11392,0.006,
tile_002614,train,ok,13071,0.005,
tile_002615,train,ok,10745,0.005,
tile_002616,train,ok,12285,0.005,
tile_002617,train,ok,12349,0.005,
tile_002618,val,ok,11331,0.005,
tile_002619,val,ok,12441,0.006,
tile_002620,val,ok,12910,0.006,
tile_002621,val,ok,13113,0.006,
tile_002622,val,ok,12878,0.006,
tile_002623,train,ok,11855,0.005,
tile_002624,train,ok,9904,0.005,
tile_002625,val,ok,11414,0.006,
tile_002626,train,ok,12883,0.006,
tile_002627,train,ok,10028,0.005,
tile_002628,train,ok,13025,0.005,
tile_002629,train,ok,12862,0.005,
tile_002630,test,ok,11352,0.005,
tile_002631,train,ok,12221,0.005,
tile_002632,train,ok,12707,0.006,
tile_002633,train,ok,12652,0.006,
tile_002634,train,ok,10516,0.005,
tile_002635,train,ok,12906,0.005,
tile_002636,train,ok,12815,0.006,
tile_002637,train,ok,12247,0.005,
tile_002638,train,ok,9564,0.005,
tile_002639,train,ok,12367,0.006,
tile_002640,train,ok,10256,0.005,
tile_002641,train,ok,11811,0.005,
tile_002642,test,ok,10058,0.006,
tile_002643,test,ok,12373,0.006,
tile_002644,test,ok,8902,0.006,
tile_002645,train,ok,10341,0.005,
tile_002646,train,ok,10407,0.005,
tile_002647,train,ok,11521,0.005,
tile_002648,train,ok,13017,0.006,
tile_002649,train,ok,9696,0.005,
tile_002650,train,ok,11012,0.005,
tile_002651,val,ok,12921,0.006,
tile_002652,train,ok,12398,0.006,
tile_002653,train,ok,9948,0.006,
tile_002654,train,ok,6798,0.006,
tile_002655,train,ok,10976,0.006,
tile_002656,val,ok,11815,0.007,
tile_002657,val,ok,11574,0.006,
tile_002658,val,ok,11089,0.006,
tile_002659,val,ok,12195,0.006,
tile_002660,test,ok,11883,0.006,
tile_002661,test,ok,11743,0.006,
tile_002662,test,ok,12367,0.006,
tile_002663,train,ok,11739,0.005,
tile_002664,train,ok,12029,0.005,
tile_002665,val,ok,10832,0.006,
tile_002666,train,ok,12511,0.005,
tile_002667,train,ok,12609,0.005,
tile_002668,train,ok,12591,0.005,
tile_002669,train,ok,12139,0.005,
tile_002670,val,ok,10254,0.005,
tile_002671,val,ok,12990,0.006,
tile_002672,train,ok,10949,0.005,
tile_002673,train,ok,12695,0.005,
tile_002674,train,ok,8836,0.006,
tile_002675,val,ok,11141,0.006,
tile_002676,train,ok,12609,0.005,
tile_002677,train,ok,12983,0.006,
tile_002678,train,ok,12515,0.006,
tile_002679,val,ok,11560,0.006,
tile_002680,train,ok,10375,0.005,
tile_002681,val,ok,12554,0.006,
tile_002682,train,ok,12880,0.005,
tile_002683,train,ok,11423,0.005,
tile_002684,test,ok,11331,0.006,
tile_002685,test,ok,11979,0.006,
tile_002686,test,ok,10102,0.006,
tile_002687,test,ok,12164,0.006,
tile_002688,train,ok,9335,0.005,
tile_002689,train,ok,11837,0.005,
tile_002690,train,ok,10768,0.005,
tile_002691,train,ok,12459,0.005,
tile_002692,train,ok,12465,0.005,
tile_002693,train,ok,12470,0.005,
tile_002694,train,ok,12926,0.005,
tile_002695,train,ok,10826,0.005,
tile_002696,train,ok,12748,0.005,
tile_002697,val,ok,12579,0.006,
tile_002698,val,ok,12370,0.006,
tile_002699,val,ok,12739,0.006,
tile_002700,val,ok,9112,0.006,
tile_002701,train,ok,11601,0.005,
tile_002702,train,ok,12905,0.005,
tile_002703,train,ok,12434,0.005,
tile_002704,train,ok,10807,0.006,
tile_002705,test,ok,12396,0.006,
tile_002706,val,ok,11877,0.006,
tile_002707,train,ok,13058,0.005,
tile_002708,train,ok,10606,0.005,
tile_002709,test,ok,12622,0.006,
tile_002710,train,ok,11871,0.005,
tile_002711,train,ok,12104,0.005,
tile_002712,train,ok,10027,0.008,
tile_002713,train,ok,11882,0.008,
tile_002714,train,ok,10976,0.008,
tile_002715,val,ok,11890,0.009,
tile_002716,val,ok,11828,0.009,
tile_002717,val,ok,10651,0.008,
tile_002718,train,ok,12233,0.007,
tile_002719,train,ok,12925,0.006,
tile_002720,train,ok,10670,0.007,
tile_002721,train,ok,10269,0.007,
tile_002722,train,ok,11904,0.006,
tile_002723,test,ok,12170,0.007,
tile_002724,test,ok,13027,0.008,
tile_002725,train,ok,12538,0.006,
tile_002726,train,ok,9839,0.007,
tile_002727,train,ok,12799,0.007,
tile_002728,train,ok,11852,0.007,
tile_002729,train,ok,10894,0.006,
tile_002730,train,ok,12369,0.007,
tile_002731,train,ok,12274,0.007,
tile_002732,train,ok,12870,0.006,
tile_002733,train,ok,12916,0.007,
tile_002734,train,ok,12951,0.007,
tile_002735,train,ok,11221,0.007,
tile_002736,train,ok,10674,0.007,
tile_002737,train,ok,13130,0.007,
tile_002738,train,ok,8086,0.007,
tile_002739,train,ok,12890,0.006,
tile_002740,val,ok,12866,0.017,
tile_002741,val,ok,12796,0.017,
tile_002742,val,ok,12153,0.016,
tile_002743,val,ok,12065,0.016,
tile_002744,val,ok,11778,0.009,
tile_002745,train,ok,12604,0.008,
tile_002746,train,ok,11834,0.008,
tile_002747,test,ok,12485,0.008,
tile_002748,train,ok,12220,0.006,
tile_002749,train,ok,11230,0.006,
tile_002750,train,ok,11971,0.007,
tile_002751,train,ok,12532,0.005,
tile_002752,train,ok,12960,0.006,
tile_002753,train,ok,13070,0.005,
tile_002754,train,ok,10917,0.005,
tile_002755,val,ok,11659,0.006,
tile_002756,train,ok,13016,0.006,
tile_002757,train,ok,12400,0.006,
tile_002758,val,ok,12744,0.006,
tile_002759,train,ok,11166,0.005,
tile_002760,train,ok,11933,0.006,
tile_002761,test,ok,11675,0.006,
tile_002762,train,ok,12290,0.005,
tile_002763,train,ok,12036,0.006,
tile_002764,test,ok,12517,0.006,
tile_002765,train,ok,12564,0.006,
tile_002766,train,ok,9907,0.005,
tile_002767,train,ok,12173,0.005,
tile_002768,train,ok,10421,0.006,
tile_002769,train,ok,11113,0.005,
tile_002770,train,ok,12288,0.006,
tile_002771,test,ok,11913,0.006,
tile_002772,train,ok,11774,0.006,
tile_002773,train,ok,12943,0.005,
tile_002774,val,ok,12801,0.006,
tile_002775,train,ok,12773,0.005,
tile_002776,train,ok,9598,0.005,
tile_002777,train,ok,12712,0.006,
tile_002778,train,ok,9687,0.005,
tile_002779,train,ok,10852,0.006,
tile_002780,train,ok,8466,0.006,
tile_002781,train,ok,11665,0.005,
tile_002782,train,ok,11497,0.005,
tile_002783,test,ok,11351,0.005,
tile_002784,val,ok,12624,0.006,
tile_002785,val,ok,12669,0.006,
tile_002786,train,ok,13000,0.006,
tile_002787,train,ok,12627,0.006,
tile_002788,train,ok,12120,0.005,
tile_002789,val,ok,12539,0.006,
tile_002790,val,ok,11471,0.006,
tile_002791,val,ok,11171,0.006,
tile_002792,train,ok,12725,0.005,
tile_002793,train,ok,12829,0.005,
tile_002794,test,ok,12763,0.006,
tile_002795,test,ok,12110,0.007,
tile_002796,train,ok,11031,0.006,
tile_002797,train,ok,12347,0.006,
tile_002798,train,ok,10647,0.006,
tile_002799,train,ok,12411,0.005,
tile_002800,train,ok,11586,0.005,
tile_002801,test,ok,12766,0.006,
tile_002802,test,ok,12857,0.006,
tile_002803,test,ok,13049,0.006,
tile_002804,val,ok,12184,0.006,
tile_002805,train,ok,12330,0.005,
tile_002806,val,ok,10594,0.006,
tile_002807,val,ok,12431,0.006,
tile_002808,val,ok,12965,0.006,
tile_002809,train,ok,11783,0.005,
tile_002810,val,ok,12274,0.006,
tile_002811,val,ok,12178,0.006,
tile_002812,train,ok,13080,0.005,
tile_002813,val,ok,12909,0.006,
tile_002814,train,ok,12425,0.006,
tile_002815,train,ok,10303,0.006,
tile_002816,test,ok,11471,0.006,
tile_002817,train,ok,7353,0.006,
tile_002818,train,ok,9977,0.006,
tile_002819,train,ok,12562,0.006,
tile_002820,val,ok,11209,0.006,
tile_002821,train,ok,11176,0.005,
tile_002822,train,ok,12677,0.006,
tile_002823,train,ok,11865,0.005,
tile_002824,test,ok,12052,0.006,
tile_002825,test,ok,12086,0.006,
tile_002826,train,ok,11573,0.005,
tile_002827,val,ok,12403,0.006,
tile_002828,train,ok,12895,0.005,
tile_002829,val,ok,12739,0.006,
tile_002830,train,ok,12105,0.005,
tile_002831,val,ok,12900,0.006,
tile_002832,val,ok,10893,0.006,
tile_002833,train,ok,12564,0.006,
tile_002834,train,ok,12954,0.006,
tile_002835,train,ok,12438,0.006,
tile_002836,train,ok,10422,0.006,
tile_002837,train,ok,10204,0.006,
tile_002838,train,ok,12148,0.006,
tile_002839,train,ok,9760,0.005,
tile_002840,train,ok,13054,0.006,
tile_002841,test,ok,12627,0.006,
tile_002842,train,ok,12754,0.006,
tile_002843,train,ok,13090,0.006,
tile_002844,train,ok,11929,0.005,
tile_002845,train,ok,12331,0.005,
tile_002846,test,ok,11378,0.006,
tile_002847,train,ok,13056,0.006,
tile_002848,train,ok,12911,0.005,
tile_002849,val,ok,12745,0.006,
tile_002850,train,ok,9136,0.006,
tile_002851,train,ok,12055,0.005,
tile_002852,train,ok,12437,0.005,
tile_002853,train,ok,11513,0.005,
tile_002854,train,ok,12521,0.005,
tile_002855,test,ok,12995,0.005,
tile_002856,test,ok,12891,0.006,
tile_002857,train,ok,12192,0.005,
tile_002858,train,ok,12551,0.006,
tile_002859,train,ok,12223,0.005,
tile_002860,train,ok,12118,0.059,
tile_002861,train,ok,11273,0.059,
tile_002862,train,ok,10532,0.06,
tile_002863,train,ok,13017,0.058,
tile_002864,train,ok,12819,0.006,
tile_002865,train,ok,11587,0.006,
tile_002866,train,ok,12842,0.006,
tile_002867,val,ok,12297,0.006,
tile_002868,val,ok,10194,0.006,
tile_002869,train,ok,10586,0.006,
tile_002870,train,ok,12533,0.005,
tile_002871,train,ok,10794,0.006,
tile_002872,train,ok,10191,0.006,
tile_002873,train,ok,11955,0.006,
tile_002874,train,ok,9965,0.005,
tile_002875,train,ok,12924,0.006,
tile_002876,test,ok,9174,0.006,
tile_002877,train,ok,12156,0.005,
tile_002878,train,ok,12370,0.005,
tile_002879,train,ok,12272,0.005,
tile_002880,train,ok,11735,0.006,
tile_002881,train,ok,12979,0.005,
tile_002882,val,ok,9674,0.006,
tile_002883,train,ok,11051,0.005,
tile_002884,train,ok,12279,0.022,
tile_002885,val,ok,11179,0.023,
tile_002886,train,ok,9850,0.022,
tile_002887,train,ok,9518,0.022,
tile_002888,train,ok,11489,0.006,
tile_002889,train,ok,10990,0.005,
tile_002890,train,ok,11948,0.005,
tile_002891,train,ok,11739,0.005,
tile_002892,train,ok,12576,0.006,
tile_002893,train,ok,12223,0.006,
tile_002894,train,ok,12228,0.006,
tile_002895,train,ok,12217,0.006,
tile_002896,train,ok,12072,0.007,
tile_002897,train,ok,12137,0.006,
tile_002898,train,ok,13003,0.006,
tile_002899,train,ok,12658,0.006,
tile_002900,train,ok,9880,0.006,
tile_002901,val,ok,8421,0.006,
tile_002902,train,ok,11661,0.006,
tile_002903,train,ok,11183,0.005,
tile_002904,train,ok,12771,0.006,
tile_002905,train,ok,12555,0.006,
tile_002906,val,ok,11460,0.006,
tile_002907,val,ok,12727,0.007,
tile_002908,val,ok,12616,0.006,
tile_002909,val,ok,13144,0.006,
tile_002910,train,ok,11701,0.006,
tile_002911,val,ok,8655,0.006,
tile_002912,val,ok,10594,0.007,
tile_002913,train,ok,13072,0.006,
tile_002914,train,ok,12780,0.007,
tile_002915,train,ok,10147,0.007,
tile_002916,train,ok,13082,0.006,
tile_002917,test,ok,12452,0.007,
tile_002918,train,ok,12737,0.006,
tile_002919,train,ok,11537,0.006,
tile_002920,train,ok,13006,0.005,
tile_002921,train,ok,12273,0.005,
tile_002922,train,ok,11895,0.005,
tile_002923,train,ok,12890,0.005,
tile_002924,train,ok,12884,0.005,
tile_002925,train,ok,12543,0.005,
tile_002926,val,ok,9576,0.006,
tile_002927,val,ok,11149,0.006,
tile_002928,val,ok,8614,0.006,
tile_002929,train,ok,12878,0.006,
tile_002930,train,ok,12662,0.005,
tile_002931,train,ok,12601,0.006,
tile_002932,train,ok,12118,0.005,
tile_002933,train,ok,8182,0.005,
tile_002934,train,ok,10979,0.005,
tile_002935,train,ok,12129,0.005,
tile_002936,val,ok,11667,0.006,
tile_002937,train,ok,12934,0.006,
tile_002938,train,ok,13087,0.005,
tile_002939,test,ok,12629,0.006,
tile_002940,test,ok,12481,0.006,
tile_002941,val,ok,8801,0.006,
tile_002942,train,ok,12656,0.006,
tile_002943,train,ok,11767,0.005,
tile_002944,train,ok,9501,0.005,
tile_002945,train,ok,11641,0.005,
tile_002946,test,ok,12636,0.006,
tile_002947,train,ok,9381,0.005,
tile_002948,train,ok,12599,0.006,
tile_002949,train,ok,13194,0.006,
tile_002950,train,ok,11521,0.005,
tile_002951,train,ok,12209,0.006,
tile_002952,train,ok,12794,0.006,
tile_002953,train,ok,12749,0.006,
tile_002954,train,ok,10253,0.006,
tile_002955,test,ok,12894,0.006,
tile_002956,train,ok,12858,0.006,
tile_002957,train,ok,8771,0.006,
tile_002958,train,ok,12646,0.005,
tile_002959,train,ok,10487,0.006,
tile_002960,val,ok,11351,0.012,
tile_002961,train,ok,12279,0.005,
tile_002962,val,ok,12930,0.013,
tile_002963,train,ok,11897,0.005,
tile_002964,test,ok,10602,0.006,
tile_002965,test,ok,12452,0.007,
tile_002966,test,ok,11118,0.006,
tile_002967,train,ok,12500,0.005,
tile_002968,train,ok,9553,0.005,
tile_002969,train,ok,12109,0.005,
tile_002970,train,ok,12240,0.005,
tile_002971,train,ok,11483,0.005,
tile_002972,train,ok,11700,0.005,
tile_002973,train,ok,12157,0.005,
tile_002974,train,ok,13081,0.005,
tile_002975,val,ok,12346,0.006,
tile_002976,train,ok,10535,0.006,
tile_002977,test,ok,11877,0.006,
tile_002978,train,ok,10862,0.005,
tile_002979,train,ok,9092,0.005,
tile_002980,train,ok,10189,0.005,
tile_002981,train,ok,11719,0.005,
tile_002982,train,ok,12677,0.005,
tile_002983,train,ok,12178,0.006,
tile_002984,train,ok,11699,0.005,
tile_002985,train,ok,12593,0.005,
tile_002986,train,ok,12997,0.006,
tile_002987,train,ok,11752,0.005,
tile_002988,train,ok,12891,0.005,
tile_002989,train,ok,12938,0.005,
tile_002990,train,ok,12327,0.006,
tile_002991,train,ok,13080,0.005,
tile_002992,train,ok,13051,0.005,
tile_002993,train,ok,12118,0.005,
tile_002994,train,ok,11753,0.008,
tile_002995,train,ok,10967,0.008,
tile_002996,train,ok,11642,0.008,
tile_002997,val,ok,11124,0.008,
tile_002998,val,ok,12515,0.007,
tile_002999,train,ok,12791,0.006,
tile_003000,train,ok,9594,0.007,
tile_003001,train,ok,12998,0.007,
tile_003002,train,ok,12786,0.006,
tile_003003,train,ok,12610,0.007,
tile_003004,train,ok,11065,0.006,
tile_003005,train,ok,12362,0.007,
tile_003006,train,ok,12829,0.007,
tile_003007,train,ok,12951,0.006,
tile_003008,train,ok,12659,0.007,
tile_003009,train,ok,12647,0.007,
tile_003010,train,ok,12670,0.007,
tile_003011,train,ok,12967,0.007,
tile_003012,train,ok,12395,0.007,
tile_003013,val,ok,12989,0.008,
tile_003014,val,ok,13028,0.008,
tile_003015,val,ok,11273,0.008,
tile_003016,train,ok,13053,0.007,
tile_003017,train,ok,11952,0.006,
tile_003018,test,ok,12688,0.008,
tile_003019,train,ok,13032,0.006,
tile_003020,train,ok,13089,0.006,
tile_003021,train,ok,13011,0.006,
tile_003022,train,ok,10903,0.006,
tile_003023,train,ok,13058,0.006,
tile_003024,val,ok,12245,0.007,
tile_003025,val,ok,11292,0.007,
tile_003026,val,ok,12825,0.006,
tile_003027,train,ok,8643,0.006,
tile_003028,train,ok,9022,0.006,
tile_003029,train,ok,10656,0.005,
tile_003030,train,ok,7629,0.006,
tile_003031,train,ok,9854,0.006,
tile_003032,train,ok,12266,0.006,
tile_003033,val,ok,11657,0.006,
tile_003034,val,ok,13042,0.006,
tile_003035,val,ok,9981,0.006,
tile_003036,train,ok,12490,0.005,
tile_003037,train,ok,13073,0.005,
tile_003038,train,ok,11608,0.005,
tile_003039,train,ok,8559,0.005,
tile_003040,train,ok,12747,0.005,
tile_003041,train,ok,12313,0.005,
tile_003042,train,ok,12451,0.006,
tile_003043,train,ok,12409,0.005,
tile_003044,val,ok,12407,0.006,
tile_003045,train,ok,11676,0.005,
tile_003046,train,ok,12176,0.005,
tile_003047,train,ok,8265,0.006,
tile_003048,train,ok,11211,0.005,
tile_003049,train,ok,10980,0.005,
tile_003050,train,ok,7328,0.005,
tile_003051,train,ok,12115,0.005,
tile_003052,val,ok,8411,0.006,
tile_003053,train,ok,10959,0.005,
tile_003054,train,ok,11323,0.006,
tile_003055,val,ok,12535,0.006,
tile_003056,test,ok,12051,0.006,
tile_003057,train,ok,12501,0.006,
tile_003058,train,ok,13049,0.005,
tile_003059,train,ok,11157,0.005,
tile_003060,train,ok,11684,0.005,
tile_003061,test,ok,10478,0.006,
tile_003062,train,ok,12578,0.005,
tile_003063,train,ok,13045,0.005,
tile_003064,train,ok,12746,0.005,
tile_003065,train,ok,12593,0.005,
tile_003066,train,ok,12267,0.005,
tile_003067,train,ok,12184,0.005,
tile_003068,train,ok,12951,0.005,
tile_003069,train,ok,12542,0.005,
tile_003070,test,ok,11512,0.006,
tile_003071,test,ok,12653,0.006,
tile_003072,train,ok,12924,0.006,
tile_003073,train,ok,12796,0.005,
tile_003074,train,ok,12953,0.006,
tile_003075,train,ok,12873,0.006,
tile_003076,train,ok,11385,0.005,
tile_003077,train,ok,10611,0.005,
tile_003078,train,ok,12829,0.005,
tile_003079,train,ok,12396,0.005,
tile_003080,train,ok,12945,0.005,
tile_003081,test,ok,11821,0.006,
tile_003082,train,ok,12170,0.005,
tile_003083,train,ok,12965,0.005,
tile_003084,train,ok,11656,0.005,
tile_003085,train,ok,9721,0.005,
tile_003086,val,ok,12787,0.006,
tile_003087,train,ok,12235,0.005,
tile_003088,test,ok,12356,0.006,
tile_003089,train,ok,9365,0.006,
tile_003090,train,ok,13052,0.006,
tile_003091,train,ok,9447,0.005,
tile_003092,train,ok,12747,0.005,
tile_003093,train,ok,12946,0.005,
tile_003094,train,ok,12219,0.005,
tile_003095,train,ok,13111,0.005,
tile_003096,test,ok,10139,0.006,
tile_003097,train,ok,9206,0.005,
tile_003098,train,ok,11706,0.006,
tile_003099,train,ok,12238,0.005,
tile_003100,test,ok,11338,0.006,
tile_003101,train,ok,9664,0.005,
tile_003102,train,ok,9242,0.005,
tile_003103,train,ok,11777,0.005,
tile_003104,train,ok,13095,0.005,
tile_003105,train,ok,11134,0.005,
tile_003106,train,ok,10160,0.005,
tile_003107,train,ok,11924,0.005,
tile_003108,train,ok,11744,0.005,
tile_003109,train,ok,12471,0.005,
tile_003110,val,ok,12666,0.006,
tile_003111,train,ok,9078,0.005,
tile_003112,train,ok,12360,0.006,
tile_003113,train,ok,11604,0.005,
tile_003114,train,ok,12926,0.005,
tile_003115,train,ok,10715,0.005,
tile_003116,val,ok,11909,0.005,
tile_003117,train,ok,12468,0.005,
tile_003118,train,ok,12903,0.005,
tile_003119,train,ok,12614,0.005,
tile_003120,train,ok,11774,0.005,
tile_003121,train,ok,9533,0.006,
tile_003122,train,ok,12666,0.006,
tile_003123,train,ok,12850,0.006,
tile_003124,train,ok,11569,0.005,
tile_003125,train,ok,13169,0.005,
tile_003126,train,ok,12480,0.006,
tile_003127,train,ok,12561,0.005,
tile_003128,train,ok,10827,0.006,
tile_003129,train,ok,12870,0.005,
tile_003130,train,ok,12002,0.005,
tile_003131,train,ok,11743,0.005,
tile_003132,val,ok,12716,0.006,
tile_003133,train,ok,11732,0.006,
tile_003134,train,ok,12664,0.005,
tile_003135,train,ok,10706,0.005,
tile_003136,train,ok,11318,0.005,
tile_003137,train,ok,13039,0.005,
tile_003138,val,ok,12477,0.006,
tile_003139,train,ok,9992,0.006,
tile_003140,train,ok,11171,0.005,
tile_003141,train,ok,12619,0.005,
tile_003142,train,ok,12854,0.005,
tile_003143,train,ok,12022,0.006,
tile_003144,train,ok,12676,0.006,
tile_003145,train,ok,12388,0.005,
tile_003146,train,ok,13053,0.005,
tile_003147,val,ok,12668,0.005,
tile_003148,train,ok,13125,0.005,
tile_003149,train,ok,11583,0.005,
tile_003150,train,ok,13006,0.005,
tile_003151,train,ok,13087,0.005,
tile_003152,val,ok,12637,0.006,
tile_003153,train,ok,12623,0.005,
tile_003154,train,ok,12728,0.005,
tile_003155,train,ok,13054,0.005,
tile_003156,train,ok,11512,0.006,
tile_003157,train,ok,12175,0.005,
tile_003158,train,ok,12133,0.005,
tile_003159,train,ok,12680,0.006,
tile_003160,train,ok,11361,0.005,
tile_003161,train,ok,12849,0.005,
tile_003162,train,ok,13085,0.006,
tile_003163,train,ok,12790,0.005,
tile_003164,val,ok,11781,0.006,
tile_003165,train,ok,12902,0.005,
tile_003166,train,ok,11861,0.005,
tile_003167,val,ok,11886,0.006,
tile_003168,train,ok,11635,0.006,
tile_003169,train,ok,12623,0.005,
tile_003170,train,ok,10555,0.006,
tile_003171,val,ok,9522,0.006,
tile_003172,val,ok,12831,0.006,
tile_003173,train,ok,13073,0.006,
tile_003174,train,ok,13105,0.005,
tile_003175,train,ok,12685,0.006,
tile_003176,val,ok,11842,0.006,
tile_003177,train,ok,12438,0.006,
tile_003178,train,ok,12380,0.006,
tile_003179,train,ok,13116,0.005,
tile_003180,train,ok,10562,0.005,
tile_003181,train,ok,12892,0.005,
tile_003182,train,ok,8883,0.005,
tile_003183,train,ok,11769,0.005,
tile_003184,train,ok,11423,0.006,
tile_003185,train,ok,12111,0.005,
tile_003186,train,ok,10864,0.005,
tile_003187,val,ok,11930,0.006,
tile_003188,train,ok,12487,0.006,
tile_003189,train,ok,12529,0.005,
tile_003190,train,ok,12077,0.005,
tile_003191,train,ok,12521,0.005,
tile_003192,train,ok,12109,0.005,
tile_003193,val,ok,12143,0.006,
tile_003194,val,ok,13027,0.006,
tile_003195,train,ok,12748,0.006,
tile_003196,train,ok,12161,0.005,
tile_003197,train,ok,12858,0.005,
tile_003198,train,ok,12361,0.006,
tile_003199,train,ok,11413,0.005,
tile_003200,train,ok,12307,0.005,
tile_003201,train,ok,12162,0.005,
tile_003202,val,ok,12569,0.006,
tile_003203,train,ok,11699,0.005,
tile_003204,train,ok,11380,0.005,
tile_003205,test,ok,11079,0.006,
tile_003206,train,ok,11447,0.006,
tile_003207,train,ok,8850,0.005,
tile_003208,train,ok,12689,0.006,
tile_003209,train,ok,11982,0.006,
tile_003210,train,ok,12323,0.006,
tile_003211,train,ok,13026,0.006,
tile_003212,train,ok,11946,0.006,
tile_003213,train,ok,11817,0.005,
tile_003214,train,ok,11688,0.006,
tile_003215,train,ok,12768,0.005,
tile_003216,val,ok,12544,0.006,
tile_003217,train,ok,11715,0.005,
tile_003218,train,ok,13015,0.006,
tile_003219,test,ok,12869,0.006,
tile_003220,test,ok,12829,0.006,
tile_003221,train,ok,10556,0.005,
tile_003222,train,ok,11220,0.005,
tile_003223,train,ok,12607,0.005,
tile_003224,train,ok,12472,0.006,
tile_003225,train,ok,12819,0.005,
tile_003226,train,ok,12031,0.005,
tile_003227,train,ok,12112,0.005,
tile_003228,train,ok,12909,0.006,
tile_003229,train,ok,12551,0.005,
tile_003230,train,ok,13057,0.006,
tile_003231,train,ok,12125,0.005,
tile_003232,train,ok,11140,0.006,
tile_003233,train,ok,11776,0.005,
tile_003234,train,ok,11925,0.005,
tile_003235,train,ok,12230,0.005,
tile_003236,val,ok,10525,0.006,
tile_003237,train,ok,12381,0.005,
tile_003238,train,ok,12462,0.006,
tile_003239,train,ok,12985,0.005,
tile_003240,train,ok,12376,0.005,
tile_003241,train,ok,12569,0.005,
tile_003242,train,ok,11460,0.006,
tile_003243,train,ok,12643,0.005,
tile_003244,test,ok,12352,0.006,
tile_003245,train,ok,10608,0.005,
tile_003246,train,ok,12650,0.005,
tile_003247,train,ok,12980,0.005,
tile_003248,train,ok,11689,0.005,
tile_003249,test,ok,12132,0.006,
tile_003250,test,ok,12916,0.006,
tile_003251,val,ok,12152,0.006,
tile_003252,train,ok,11379,0.005,
tile_003253,train,ok,12930,0.005,
tile_003254,train,ok,12891,0.005,
tile_003255,train,ok,12443,0.006,
tile_003256,train,ok,12898,0.005,
tile_003257,train,ok,12221,0.005,
tile_003258,test,ok,12227,0.006,
tile_003259,train,ok,12235,0.005,
tile_003260,val,ok,11936,0.006,
tile_003261,test,ok,12278,0.006,
tile_003262,train,ok,11906,0.006,
tile_003263,train,ok,7815,0.005,
tile_003264,test,ok,12795,0.006,
tile_003265,test,ok,11138,0.006,
tile_003266,train,ok,11696,0.005,
tile_003267,train,ok,11002,0.005,
tile_003268,val,ok,11849,0.005,
tile_003269,test,ok,10496,0.006,
tile_003270,test,ok,12344,0.006,
tile_003271,train,ok,12606,0.006,
tile_003272,val,ok,12573,0.006,
tile_003273,train,ok,9248,0.006,
tile_003274,train,ok,12828,0.006,
tile_003275,train,ok,12110,0.006,
tile_003276,train,ok,12721,0.006,
tile_003277,train,ok,12985,0.005,
tile_003278,val,ok,12671,0.006,
tile_003279,train,ok,10655,0.005,
tile_003280,train,ok,12299,0.006,
tile_003281,train,ok,8257,0.006,
tile_003282,train,ok,9916,0.006,
tile_003283,train,ok,9907,0.006,
tile_003284,train,ok,13028,0.006,
tile_003285,train,ok,12751,0.006,
tile_003286,train,ok,12849,0.005,
tile_003287,train,ok,11370,0.005,
tile_003288,train,ok,12718,0.005,
tile_003289,train,ok,11876,0.005,
tile_003290,train,ok,12292,0.006,
tile_003291,val,ok,11981,0.006,
tile_003292,test,ok,10938,0.006,
tile_003293,train,ok,11545,0.005,
tile_003294,train,ok,12739,0.005,
tile_003295,train,ok,12993,0.006,
tile_003296,test,ok,12297,0.006,
tile_003297,train,ok,11103,0.005,
tile_003298,train,ok,12464,0.005,
tile_003299,train,ok,11792,0.005,
tile_003300,val,ok,11468,0.006,
tile_003301,train,ok,13025,0.005,
tile_003302,train,ok,12032,0.005,
tile_003303,train,ok,11064,0.005,
tile_003304,train,ok,12554,0.005,
tile_003305,train,ok,12550,0.006,
tile_003306,train,ok,10300,0.005,
tile_003307,train,ok,10607,0.006,
tile_003308,train,ok,9077,0.006,
tile_003309,test,ok,12529,0.006,
tile_003310,val,ok,11388,0.006,
tile_003311,train,ok,13041,0.005,
tile_003312,train,ok,12468,0.005,
tile_003313,test,ok,12589,0.006,
tile_003314,train,ok,12461,0.005,
tile_003315,train,ok,11779,0.005,
tile_003316,val,ok,9619,0.006,
tile_003317,val,ok,11684,0.006,
tile_003318,test,ok,11880,0.006,
tile_003319,train,ok,13026,0.006,
tile_003320,train,ok,12801,0.006,
tile_003321,train,ok,12910,0.006,
tile_003322,train,ok,11626,0.007,
tile_003323,train,ok,11778,0.006,
tile_003324,val,ok,12512,0.007,
tile_003325,train,ok,12355,0.006,
tile_003326,test,ok,12409,0.007,
tile_003327,test,ok,12675,0.007,
tile_003328,train,ok,10330,0.006,
tile_003329,train,ok,10577,0.006,
tile_003330,train,ok,11909,0.006,
tile_003331,train,ok,11710,0.006,
tile_003332,train,ok,11871,0.005,
tile_003333,train,ok,12306,0.006,
tile_003334,train,ok,12375,0.006,
tile_003335,train,ok,11404,0.006,
tile_003336,train,ok,11756,0.006,
tile_003337,train,ok,12310,0.006,
tile_003338,train,ok,12814,0.006,
tile_003339,train,ok,12589,0.006,
tile_003340,train,ok,11379,0.006,
tile_003341,train,ok,12862,0.006,
tile_003342,train,ok,12638,0.01,
tile_003343,val,ok,10250,0.011,
tile_003344,test,ok,10401,0.012,
tile_003345,train,ok,12612,0.009,
tile_003346,train,ok,11684,0.007,
tile_003347,train,ok,12163,0.007,
tile_003348,train,ok,11355,0.007,
tile_003349,train,ok,12748,0.007,
tile_003350,train,ok,11663,0.007,
tile_003351,train,ok,12424,0.007,
tile_003352,train,ok,12327,0.007,
tile_003353,train,ok,13018,0.007,
tile_003354,train,ok,12960,0.007,
tile_003355,train,ok,11788,0.007,
tile_003356,train,ok,10612,0.007,
tile_003357,train,ok,12811,0.007,
tile_003358,train,ok,12394,0.007,
tile_003359,train,ok,11076,0.007,
tile_003360,train,ok,12732,0.007,
tile_003361,train,ok,11894,0.007,
tile_003362,train,ok,12256,0.008,
tile_003363,train,ok,12857,0.007,
tile_003364,train,ok,12518,0.008,
tile_003365,train,ok,12625,0.009,
tile_003366,train,ok,13037,0.008,
tile_003367,train,ok,12758,0.009,
tile_003368,train,ok,12287,0.008,
tile_003369,train,ok,12271,0.009,
tile_003370,train,ok,13105,0.009,
tile_003371,train,ok,12769,0.009,
tile_003372,train,ok,12735,0.009,
tile_003373,train,ok,11512,0.008,
tile_003374,train,ok,12227,0.007,
tile_003375,train,ok,12528,0.007,
tile_003376,train,ok,11213,0.008,
tile_003377,train,ok,12895,0.008,
tile_003378,train,ok,12724,0.008,
tile_003379,train,ok,12522,0.007,
tile_003380,train,ok,12873,0.007,
tile_003381,val,ok,11628,0.008,
tile_003382,train,ok,13069,0.007,
tile_003383,train,ok,10670,0.006,
tile_003384,test,ok,12360,0.007,
tile_003385,train,ok,12907,0.007,
tile_003386,test,ok,10941,0.007,
tile_003387,test,ok,11396,0.007,
tile_003388,train,ok,12321,0.006,
tile_003389,train,ok,13000,0.006,
tile_003390,train,ok,10236,0.006,
tile_003391,train,ok,5745,0.006,
tile_003392,train,ok,10644,0.006,
tile_003393,train,ok,12322,0.006,
tile_003394,train,ok,10377,0.006,
tile_003395,train,ok,12943,0.006,
tile_003396,train,ok,12905,0.005,
tile_003397,train,ok,12169,0.006,
tile_003398,train,ok,11422,0.008,
tile_003399,val,ok,11580,0.01,
tile_003400,val,ok,10904,0.01,
tile_003401,val,ok,11815,0.011,
tile_003402,val,ok,13159,0.009,
tile_003403,val,ok,11323,0.008,
tile_003404,val,ok,11872,0.007,
tile_003405,train,ok,12773,0.006,
tile_003406,val,ok,11656,0.006,
tile_003407,val,ok,11586,0.006,
tile_003408,train,ok,11689,0.005,
tile_003409,train,ok,12764,0.006,
tile_003410,val,ok,12840,0.006,
tile_003411,val,ok,12947,0.006,
tile_003412,train,ok,12764,0.005,
tile_003413,train,ok,12754,0.006,
tile_003414,train,ok,11649,0.005,
tile_003415,train,ok,12919,0.006,
tile_003416,train,ok,11661,0.006,
tile_003417,train,ok,12512,0.006,
tile_003418,train,ok,12238,0.006,
tile_003419,val,ok,11708,0.006,
tile_003420,train,ok,12608,0.006,
tile_003421,train,ok,12950,0.006,
tile_003422,train,ok,12301,0.006,
tile_003423,train,ok,13083,0.006,
tile_003424,train,ok,12889,0.006,
tile_003425,train,ok,12068,0.005,
tile_003426,val,ok,12148,0.006,
tile_003427,val,ok,12569,0.006,
tile_003428,val,ok,12159,0.007,
tile_003429,train,ok,12399,0.006,
tile_003430,train,ok,12496,0.006,
tile_003431,train,ok,13111,0.007,
tile_003432,train,ok,12943,0.006,
tile_003433,val,ok,12460,0.006,
tile_003434,val,ok,13108,0.006,
tile_003435,val,ok,13060,0.006,
tile_003436,val,ok,12300,0.006,
tile_003437,train,ok,11710,0.006,
tile_003438,train,ok,13001,0.006,
tile_003439,val,ok,13093,0.006,
tile_003440,train,ok,12974,0.006,
tile_003441,val,ok,13080,0.006,
tile_003442,train,ok,11582,0.005,
tile_003443,train,ok,11793,0.006,
tile_003444,train,ok,13045,0.005,
tile_003445,val,ok,11928,0.006,
tile_003446,val,ok,12465,0.006,
tile_003447,train,ok,11931,0.006,
tile_003448,train,ok,11745,0.006,
tile_003449,train,ok,12678,0.006,
tile_003450,train,ok,10969,0.006,
tile_003451,train,ok,12381,0.006,
tile_003452,test,ok,12666,0.006,
tile_003453,train,ok,11646,0.005,
tile_003454,train,ok,12190,0.005,
tile_003455,train,ok,12992,0.006,
tile_003456,train,ok,12190,0.005,
tile_003457,train,ok,10506,0.005,
tile_003458,train,ok,11140,0.005,
tile_003459,train,ok,12535,0.005,
tile_003460,train,ok,12280,0.005,
tile_003461,train,ok,12228,0.005,
tile_003462,train,ok,12858,0.005,
tile_003463,train,ok,11670,0.006,
tile_003464,train,ok,13090,0.005,
tile_003465,train,ok,12198,0.005,
tile_003466,train,ok,12335,0.005,
tile_003467,train,ok,9611,0.006,
tile_003468,train,ok,12984,0.006,
tile_003469,train,ok,10952,0.005,
tile_003470,train,ok,11263,0.005,
tile_003471,train,ok,13122,0.006,
tile_003472,train,ok,12216,0.006,
tile_003473,train,ok,9382,0.006,
tile_003474,train,ok,11932,0.005,
tile_003475,train,ok,11181,0.005,
tile_003476,train,ok,10059,0.005,
tile_003477,train,ok,9345,0.005,
tile_003478,train,ok,10732,0.005,
tile_003479,train,ok,13073,0.006,
tile_003480,train,ok,12693,0.005,
tile_003481,train,ok,12205,0.005,
tile_003482,train,ok,12717,0.005,
tile_003483,train,ok,11900,0.005,
tile_003484,train,ok,12089,0.006,
tile_003485,train,ok,11841,0.006,
tile_003486,train,ok,11346,0.005,
tile_003487,train,ok,12619,0.005,
tile_003488,train,ok,11701,0.005,
tile_003489,train,ok,12588,0.005,
tile_003490,train,ok,12747,0.006,
tile_003491,train,ok,10845,0.005,
tile_003492,train,ok,8714,0.005,
tile_003493,train,ok,10361,0.006,
tile_003494,train,ok,11693,0.006,
tile_003495,train,ok,10819,0.006,
tile_003496,train,ok,12605,0.006,
tile_003497,train,ok,11207,0.006,
tile_003498,train,ok,11700,0.006,
tile_003499,train,ok,13135,0.006,
tile_003500,train,ok,12813,0.006,
tile_003501,train,ok,12052,0.007,
tile_003502,train,ok,9370,0.007,
tile_003503,train,ok,11531,0.008,
tile_003504,train,ok,11401,0.008,
tile_003505,train,ok,13042,0.007,
tile_003506,train,ok,11832,0.007,
tile_003507,train,ok,10933,0.007,
tile_003508,train,ok,12323,0.007,
tile_003509,train,ok,11349,0.007,
tile_003510,train,ok,11568,0.007,
tile_003511,train,ok,12218,0.008,
tile_003512,train,ok,12982,0.007,
tile_003513,val,ok,12834,0.008,
tile_003514,val,ok,12270,0.008,
tile_003515,val,ok,11577,0.009,
tile_003516,train,ok,12509,0.007,
tile_003517,train,ok,13084,0.008,
tile_003518,train,ok,10078,0.009,
tile_003519,train,ok,12159,0.009,
tile_003520,train,ok,11771,0.009,
tile_003521,train,ok,12871,0.009,
tile_003522,test,ok,12998,0.01,
tile_003523,val,ok,13025,0.009,
tile_003524,train,ok,13181,0.009,
tile_003525,train,ok,10781,0.009,
tile_003526,train,ok,12125,0.009,
tile_003527,train,ok,11868,0.008,
tile_003528,train,ok,9989,0.007,
tile_003529,train,ok,11417,0.008,
tile_003530,val,ok,12781,0.008,
tile_003531,train,ok,12245,0.007,
tile_003532,train,ok,12871,0.008,
tile_003533,train,ok,12865,0.008,
tile_003534,train,ok,11845,0.007,
tile_003535,train,ok,11394,0.006,
tile_003536,train,ok,11120,0.007,
tile_003537,train,ok,10324,0.006,
tile_003538,train,ok,13157,0.007,
tile_003539,train,ok,12909,0.007,
tile_003540,val,ok,12760,0.007,
tile_003541,train,ok,11472,0.007,
tile_003542,train,ok,12692,0.008,
tile_003543,train,ok,12898,0.007,
tile_003544,train,ok,13126,0.007,
tile_003545,train,ok,12840,0.008,
tile_003546,train,ok,12340,0.007,
tile_003547,train,ok,12678,0.007,
tile_003548,test,ok,11152,0.008,
tile_003549,test,ok,12748,0.007,
tile_003550,test,ok,11702,0.008,
tile_003551,train,ok,12269,0.007,
tile_003552,train,ok,11284,0.007,
tile_003553,train,ok,10281,0.007,
tile_003554,train,ok,12347,0.007,
tile_003555,train,ok,10894,0.006,
tile_003556,train,ok,12674,0.006,
tile_003557,train,ok,11966,0.006,
tile_003558,train,ok,12007,0.007,
tile_003559,train,ok,11919,0.006,
tile_003560,test,ok,12079,0.007,
tile_003561,train,ok,12983,0.006,
tile_003562,train,ok,12968,0.006,
tile_003563,test,ok,12648,0.006,
tile_003564,train,ok,12305,0.006,
tile_003565,train,ok,11033,0.006,
tile_003566,train,ok,13014,0.007,
tile_003567,test,ok,12802,0.007,
tile_003568,train,ok,12666,0.006,
tile_003569,train,ok,12893,0.006,
tile_003570,train,ok,11492,0.007,
tile_003571,test,ok,11622,0.008,
tile_003572,train,ok,11382,0.008,
tile_003573,train,ok,12194,0.008,
tile_003574,train,ok,11951,0.009,
tile_003575,test,ok,13041,0.011,
tile_003576,test,ok,10662,0.009,
tile_003577,test,ok,12058,0.01,
tile_003578,train,ok,11975,0.009,
tile_003579,train,ok,10917,0.01,
tile_003580,train,ok,12536,0.009,
tile_003581,test,ok,12685,0.011,
tile_003582,train,ok,13090,0.015,
tile_003583,train,ok,10424,0.015,
tile_003584,train,ok,13145,0.014,
tile_003585,train,ok,12665,0.013,
tile_003586,train,ok,10613,0.008,
tile_003587,train,ok,11165,0.01,
tile_003588,train,ok,13146,0.009,
tile_003589,test,ok,11108,0.009,
tile_003590,test,ok,11203,0.01,
tile_003591,train,ok,12282,0.009,
tile_003592,test,ok,12363,0.009,
tile_003593,train,ok,11754,0.009,
tile_003594,train,ok,11399,0.008,
tile_003595,train,ok,12865,0.009,
tile_003596,train,ok,13061,0.008,
tile_003597,test,ok,10373,0.009,
tile_003598,train,ok,11993,0.008,
tile_003599,test,ok,12599,0.009,
tile_003600,test,ok,12864,0.009,
tile_003601,train,ok,11329,0.008,
tile_003602,train,ok,13014,0.008,
tile_003603,train,ok,12841,0.008,
tile_003604,train,ok,11499,0.008,
tile_003605,train,ok,12998,0.009,
tile_003606,train,ok,12998,0.01,
tile_003607,test,ok,12346,0.01,
tile_003608,test,ok,11508,0.009,
tile_003609,test,ok,12408,0.01,
tile_003610,train,ok,11368,0.009,
tile_003611,train,ok,12786,0.009,
tile_003612,train,ok,12892,0.008,
tile_003613,train,ok,12935,0.009,
tile_003614,train,ok,11146,0.008,
tile_003615,train,ok,10212,0.009,
tile_003616,train,ok,11725,0.009,
tile_003617,train,ok,12599,0.008,
tile_003618,train,ok,12535,0.009,
tile_003619,train,ok,13073,0.009,
tile_003620,train,ok,12460,0.01,
tile_003621,train,ok,12603,0.011,
tile_003622,train,ok,10394,0.012,
tile_003623,test,ok,12815,0.013,
tile_003624,test,ok,10960,0.013,
tile_003625,test,ok,11532,0.014,
tile_003626,test,ok,12974,0.012,
tile_003627,train,ok,9457,0.013,
tile_003628,train,ok,11703,0.012,
tile_003629,train,ok,8771,0.011,
tile_003630,train,ok,13071,0.011,
tile_003631,train,ok,10460,0.012,
tile_003632,train,ok,12915,0.011,
tile_003633,train,ok,8664,0.01,
tile_003634,train,ok,12772,0.011,
tile_003635,train,ok,12472,0.01,
tile_003636,train,ok,11036,0.01,
tile_003637,train,ok,11657,0.01,
tile_003638,train,ok,12719,0.01,
tile_003639,train,ok,12943,0.01,
tile_003640,train,ok,11344,0.009,
tile_003641,train,ok,12310,0.01,
tile_003642,train,ok,11772,0.009,
tile_003643,train,ok,11945,0.01,
tile_003644,train,ok,11339,0.009,
tile_003645,train,ok,12889,0.011,
tile_003646,train,ok,12928,0.008,
tile_003647,train,ok,12712,0.009,
tile_003648,train,ok,12606,0.008,
tile_003649,train,ok,12913,0.007,
tile_003650,train,ok,12725,0.008,
tile_003651,train,ok,11056,0.01,
tile_003652,train,ok,12879,0.009,
tile_003653,train,ok,11270,0.009,
tile_003654,train,ok,10985,0.008,
tile_003655,train,ok,10917,0.008,
tile_003656,test,ok,11597,0.01,
tile_003657,train,ok,10960,0.01,
tile_003658,train,ok,11489,0.008,
tile_003659,train,ok,11730,0.008,
tile_003660,train,ok,12703,0.007,
tile_003661,train,ok,11694,0.008,
tile_003662,train,ok,12769,0.008,
tile_003663,train,ok,10815,0.009,
tile_003664,train,ok,11306,0.009,
tile_003665,train,ok,12580,0.009,
tile_003666,train,ok,12964,0.008,
tile_003667,train,ok,12430,0.008,
tile_003668,train,ok,12006,0.007,
tile_003669,train,ok,12386,0.008,
tile_003670,train,ok,12419,0.008,
tile_003671,train,ok,12420,0.008,
tile_003672,train,ok,11941,0.009,
tile_003673,train,ok,11245,0.008,
tile_003674,train,ok,12954,0.008,
tile_003675,train,ok,12925,0.009,
tile_003676,train,ok,11433,0.008,
tile_003677,train,ok,12832,0.008,
tile_003678,train,ok,10181,0.008,
tile_003679,train,ok,11227,0.008,
tile_003680,train,ok,12441,0.008,
tile_003681,train,ok,12086,0.007,
tile_003682,train,ok,12688,0.008,
tile_003683,test,ok,11479,0.01,
tile_003684,train,ok,10495,0.009,
tile_003685,train,ok,12391,0.009,
tile_003686,train,ok,10988,0.01,
tile_003687,train,ok,10652,0.009,
tile_003688,train,ok,10827,0.008,
tile_003689,train,ok,13037,0.011,
tile_003690,train,ok,12819,0.008,
tile_003691,train,ok,9013,0.011,
tile_003692,train,ok,10534,0.01,
tile_003693,train,ok,11446,0.01,
tile_003694,train,ok,10552,0.009,
tile_003695,train,ok,11902,0.009,
tile_003696,train,ok,9800,0.009,
tile_003697,train,ok,12141,0.009,
tile_003698,train,ok,12299,0.009,
tile_003699,train,ok,12546,0.009,
tile_003700,train,ok,11942,0.009,
tile_003701,train,ok,11581,0.008,
tile_003702,train,ok,10484,0.009,
tile_003703,train,ok,12027,0.009,
tile_003704,train,ok,12755,0.009,
tile_003705,train,ok,13099,0.009,
tile_003706,train,ok,12086,0.009,
tile_003707,train,ok,11740,0.008,
tile_003708,train,ok,12678,0.008,
tile_003709,train,ok,11621,0.009,
tile_003710,train,ok,12923,0.008,
tile_003711,train,ok,10218,0.008,
tile_003712,train,ok,11691,0.008,
tile_003713,train,ok,12661,0.007,
tile_003714,train,ok,12517,0.008,
tile_003715,train,ok,12670,0.009,
tile_003716,train,ok,11559,0.01,
tile_003717,train,ok,11679,0.009,
tile_003718,train,ok,12928,0.008,
tile_003719,train,ok,12151,0.008,
tile_003720,test,ok,12694,0.01,
tile_003721,train,ok,13075,0.01,
tile_003722,train,ok,12650,0.008,
tile_003723,train,ok,12762,0.012,
tile_003724,test,ok,12724,0.012,
tile_003725,test,ok,12251,0.012,
tile_003726,train,ok,12479,0.011,
tile_003727,test,ok,12940,0.013,
tile_003728,train,ok,11583,0.013,
tile_003729,train,ok,12525,0.013,
tile_003730,train,ok,12761,0.014,
tile_003731,train,ok,12617,0.013,
tile_003732,train,ok,11614,0.013,
tile_003733,train,ok,12357,0.013,
tile_003734,train,ok,11650,0.014,
tile_003735,train,ok,12951,0.013,
tile_003736,test,ok,12943,0.013,
tile_003737,train,ok,13102,0.012,
tile_003738,test,ok,10479,0.015,
tile_003739,train,ok,12108,0.012,
tile_003740,train,ok,10086,0.012,
tile_003741,train,ok,12475,0.011,
tile_003742,train,ok,12113,0.011,
tile_003743,train,ok,12510,0.009,
tile_003744,test,ok,12544,0.01,
tile_003745,train,ok,12593,0.009,
tile_003746,train,ok,12006,0.008,
tile_003747,train,ok,12132,0.008,
tile_003748,train,ok,11952,0.009,
tile_003749,train,ok,12891,0.008,
tile_003750,val,ok,12048,0.009,
tile_003751,train,ok,13033,0.007,
tile_003752,train,ok,12932,0.007,
tile_003753,train,ok,13016,0.007,
tile_003754,train,ok,11629,0.009,
tile_003755,train,ok,10701,0.007,
tile_003756,test,ok,11984,0.009,
tile_003757,train,ok,13211,0.009,
tile_003758,train,ok,12507,0.008,
tile_003759,train,ok,11674,0.009,
tile_003760,train,ok,12864,0.007,
tile_003761,train,ok,12229,0.008,
tile_003762,train,ok,10619,0.008,
tile_003763,test,ok,13048,0.01,
tile_003764,test,ok,12821,0.008,
tile_003765,test,ok,12549,0.009,
tile_003766,test,ok,13069,0.008,
tile_003767,train,ok,12762,0.007,
tile_003768,train,ok,10722,0.008,
tile_003769,train,ok,12768,0.007,
tile_003770,train,ok,12024,0.008,
tile_003771,train,ok,12339,0.008,
tile_003772,train,ok,11658,0.009,
tile_003773,train,ok,11634,0.009,
tile_003774,val,ok,12643,0.01,
tile_003775,val,ok,12311,0.01,
tile_003776,train,ok,12427,0.008,
tile_003777,train,ok,10608,0.009,
tile_003778,train,ok,13149,0.009,
tile_003779,train,ok,12472,0.007,
tile_003780,train,ok,10452,0.007,
tile_003781,train,ok,11333,0.008,
tile_003782,train,ok,12173,0.008,
tile_003783,test,ok,10884,0.01,
tile_003784,train,ok,10949,0.008,
tile_003785,train,ok,12961,0.008,
tile_003786,train,ok,11133,0.007,
tile_003787,train,ok,11647,0.007,
tile_003788,test,ok,12334,0.008,
tile_003789,test,ok,11372,0.008,
tile_003790,train,ok,11368,0.009,
tile_003791,train,ok,10545,0.008,
tile_003792,train,ok,12971,0.009,
tile_003793,train,ok,11750,0.008,
tile_003794,train,ok,12799,0.008,
tile_003795,train,ok,11102,0.008,
tile_003796,train,ok,11166,0.008,
tile_003797,train,ok,12562,0.008,
tile_003798,train,ok,12150,0.008,
tile_003799,train,ok,10962,0.008,
tile_003800,train,ok,10929,0.009,
tile_003801,train,ok,12614,0.01,
tile_003802,train,ok,12739,0.008,
tile_003803,test,ok,12522,0.01,
tile_003804,test,ok,12416,0.009,
tile_003805,test,ok,12041,0.009,
tile_003806,test,ok,12603,0.009,
tile_003807,train,ok,12015,0.008,
tile_003808,train,ok,12847,0.006,
tile_003809,train,ok,12743,0.007,
tile_003810,train,ok,11481,0.007,
tile_003811,train,ok,12327,0.009,
tile_003812,train,ok,12119,0.007,
tile_003813,train,ok,11044,0.007,
tile_003814,train,ok,12307,0.009,
tile_003815,train,ok,12407,0.008,
tile_003816,train,ok,13076,0.008,
tile_003817,train,ok,13144,0.009,
tile_003818,test,ok,11790,0.012,
tile_003819,train,ok,12002,0.011,
tile_003820,train,ok,9922,0.01,
tile_003821,train,ok,12202,0.011,
tile_003822,train,ok,11401,0.01,
tile_003823,train,ok,11220,0.009,
tile_003824,train,ok,10045,0.009,
tile_003825,train,ok,11590,0.011,
tile_003826,train,ok,12571,0.009,
tile_003827,train,ok,11547,0.009,
tile_003828,train,ok,11537,0.011,
tile_003829,train,ok,12947,0.018,
tile_003830,train,ok,13094,0.018,
tile_003831,val,ok,11366,0.017,
tile_003832,val,ok,11182,0.016,
tile_003833,train,ok,11621,0.011,
tile_003834,train,ok,11688,0.012,
tile_003835,train,ok,12502,0.011,
tile_003836,train,ok,12764,0.011,
tile_003837,train,ok,11673,0.012,
tile_003838,train,ok,13082,0.012,
tile_003839,train,ok,11236,0.01,
tile_003840,val,ok,12693,0.012,
tile_003841,val,ok,12956,0.012,
tile_003842,train,ok,11786,0.011,
tile_003843,train,ok,11813,0.01,
tile_003844,train,ok,11266,0.011,
tile_003845,train,ok,10980,0.012,
tile_003846,train,ok,11302,0.012,
tile_003847,train,ok,12897,0.012,
tile_003848,train,ok,12937,0.011,
tile_003849,train,ok,12054,0.012,
tile_003850,train,ok,12169,0.011,
tile_003851,test,ok,11258,0.011,
tile_003852,val,ok,12708,0.011,
tile_003853,train,ok,12697,0.011,
tile_003854,train,ok,12527,0.013,
tile_003855,train,ok,12192,0.01,
tile_003856,train,ok,12319,0.009,
tile_003857,train,ok,12618,0.01,
tile_003858,train,ok,13037,0.01,
tile_003859,train,ok,10073,0.009,
tile_003860,train,ok,11336,0.011,
tile_003861,train,ok,12535,0.01,
tile_003862,train,ok,11027,0.01,
tile_003863,train,ok,12880,0.009,
tile_003864,train,ok,12433,0.009,
tile_003865,train,ok,12826,0.01,
tile_003866,train,ok,8436,0.009,
tile_003867,train,ok,12581,0.013,
tile_003868,train,ok,10114,0.014,
tile_003869,train,ok,12931,0.013,
tile_003870,train,ok,13005,0.012,
tile_003871,test,ok,10497,0.014,
tile_003872,train,ok,12978,0.01,
tile_003873,train,ok,10627,0.01,
tile_003874,train,ok,10872,0.011,
tile_003875,train,ok,11893,0.009,
tile_003876,train,ok,12361,0.009,
tile_003877,test,ok,12962,0.012,
tile_003878,test,ok,12825,0.011,
tile_003879,test,ok,13024,0.012,
tile_003880,test,ok,9882,0.011,
tile_003881,train,ok,12951,0.01,
tile_003882,train,ok,11122,0.01,
tile_003883,train,ok,12654,0.01,
tile_003884,val,ok,12248,0.011,
tile_003885,train,ok,13059,0.012,
tile_003886,test,ok,10773,0.012,
tile_003887,test,ok,12051,0.012,
tile_003888,test,ok,12099,0.011,
tile_003889,train,ok,12923,0.01,
tile_003890,train,ok,11260,0.009,
tile_003891,train,ok,12300,0.01,
tile_003892,test,ok,12811,0.011,
tile_003893,train,ok,12419,0.01,
tile_003894,test,ok,11066,0.012,
tile_003895,test,ok,11975,0.011,
tile_003896,test,ok,11770,0.011,
tile_003897,train,ok,12530,0.01,
tile_003898,train,ok,12114,0.011,
tile_003899,test,ok,11530,0.014,
tile_003900,val,ok,12484,0.013,
tile_003901,val,ok,12438,0.013,
tile_003902,train,ok,10898,0.012,
tile_003903,train,ok,12183,0.009,
tile_003904,train,ok,12964,0.01,
tile_003905,test,ok,12524,0.019,
tile_003906,train,ok,12630,0.017,
tile_003907,train,ok,11773,0.018,
tile_003908,train,ok,12256,0.015,
tile_003909,train,ok,11778,0.011,
tile_003910,test,ok,11712,0.013,
tile_003911,val,ok,12300,0.013,
tile_003912,train,ok,11376,0.008,
tile_003913,train,ok,11316,0.011,
tile_003914,train,ok,12768,0.009,
tile_003915,train,ok,12810,0.009,
tile_003916,train,ok,11886,0.01,
tile_003917,train,ok,13103,0.01,
tile_003918,train,ok,11838,0.01,
tile_003919,train,ok,11473,0.01,
tile_003920,train,ok,11647,0.009,
tile_003921,test,ok,10592,0.011,
tile_003922,train,ok,12822,0.009,
tile_003923,train,ok,10813,0.01,
tile_003924,train,ok,12940,0.009,
tile_003925,train,ok,12806,0.01,
tile_003926,train,ok,11429,0.01,
tile_003927,train,ok,11308,0.009,
tile_003928,train,ok,12926,0.011,
tile_003929,train,ok,12527,0.01,
tile_003930,train,ok,11839,0.011,
tile_003931,test,ok,11500,0.012,
tile_003932,test,ok,12577,0.011,
tile_003933,test,ok,11500,0.016,
tile_003934,train,ok,12687,0.013,
tile_003935,train,ok,12024,0.013,
tile_003936,train,ok,12848,0.012,
tile_003937,train,ok,11173,0.012,
tile_003938,train,ok,11585,0.011,
tile_003939,test,ok,12189,0.01,
tile_003940,train,ok,11104,0.01,
tile_003941,train,ok,12647,0.009,
tile_003942,train,ok,12735,0.011,
tile_003943,train,ok,12236,0.011,
tile_003944,train,ok,10706,0.011,
tile_003945,train,ok,11184,0.008,
tile_003946,train,ok,10479,0.008,
tile_003947,train,ok,11844,0.009,
tile_003948,test,ok,11640,0.009,
tile_003949,test,ok,12908,0.009,
tile_003950,train,ok,13074,0.009,
tile_003951,train,ok,12074,0.008,
tile_003952,train,ok,11615,0.008,
tile_003953,val,ok,12703,0.009,
tile_003954,train,ok,13081,0.008,
tile_003955,test,ok,13035,0.008,
tile_003956,train,ok,11564,0.009,
tile_003957,train,ok,11756,0.008,
tile_003958,train,ok,13042,0.008,
tile_003959,train,ok,12247,0.007,
tile_003960,train,ok,12135,0.008,
tile_003961,train,ok,12427,0.006,
tile_003962,train,ok,12946,0.008,
tile_003963,test,ok,12423,0.007,
tile_003964,test,ok,12891,0.007,
tile_003965,test,ok,11961,0.007,
tile_003966,test,ok,12683,0.006,
tile_003967,train,ok,12161,0.006,
tile_003968,train,ok,12500,0.006,
tile_003969,train,ok,12354,0.006,
tile_003970,train,ok,12116,0.006,
tile_003971,train,ok,12336,0.006,
tile_003972,test,ok,12457,0.007,
tile_003973,test,ok,10071,0.006,
tile_003974,train,ok,12013,0.007,
tile_003975,train,ok,13034,0.006,
tile_003976,train,ok,11046,0.006,
tile_003977,test,ok,10503,0.008,
tile_003978,train,ok,11771,0.006,
tile_003979,train,ok,11538,0.006,
tile_003980,train,ok,12239,0.006,
tile_003981,train,ok,11953,0.006,
tile_003982,val,ok,12871,0.006,
tile_003983,train,ok,12942,0.005,
tile_003984,train,ok,8898,0.005,
tile_003985,train,ok,12154,0.005,
tile_003986,test,ok,12690,0.006,
tile_003987,train,ok,12326,0.006,
tile_003988,train,ok,12893,0.006,
tile_003989,train,ok,12882,0.005,
tile_003990,train,ok,12177,0.006,
tile_003991,test,ok,11517,0.006,
tile_003992,test,ok,10976,0.005,
tile_003993,test,ok,12602,0.006,
tile_003994,test,ok,12907,0.006,
tile_003995,train,ok,12256,0.006,
tile_003996,train,ok,12353,0.005,
tile_003997,train,ok,11920,0.005,
tile_003998,train,ok,12574,0.005,
tile_003999,train,ok,10649,0.005,
tile_004000,test,ok,10984,0.006,
tile_004001,train,ok,12213,0.006,
tile_004002,train,ok,12035,0.005,
tile_004003,train,ok,12399,0.005,
tile_004004,train,ok,12186,0.005,
tile_004005,test,ok,12045,0.005,
tile_004006,train,ok,12419,0.005,
tile_004007,train,ok,12473,0.006,
tile_004008,train,ok,11696,0.005,
tile_004009,train,ok,11638,0.006,
tile_004010,train,ok,11729,0.006,
tile_004011,train,ok,12254,0.005,
tile_004012,train,ok,12781,0.005,
tile_004013,train,ok,13074,0.006,
tile_004014,train,ok,12656,0.005,
tile_004015,train,ok,11792,0.005,
tile_004016,train,ok,11022,0.006,
tile_004017,train,ok,11581,0.006,
tile_004018,train,ok,12451,0.006,
tile_004019,train,ok,11981,0.005,
tile_004020,train,ok,12488,0.006,
tile_004021,train,ok,12296,0.006,
tile_004022,train,ok,12094,0.006,
tile_004023,train,ok,12570,0.006,
tile_004024,train,ok,12132,0.005,
tile_004025,train,ok,12591,0.006,
tile_004026,train,ok,12468,0.005,
tile_004027,train,ok,12888,0.005,
tile_004028,train,ok,11422,0.005,
tile_004029,train,ok,12248,0.006,
tile_004030,train,ok,12240,0.005,
tile_004031,train,ok,12622,0.005,
tile_004032,train,ok,10825,0.005,
tile_004033,train,ok,12740,0.006,
tile_004034,train,ok,10784,0.005,
tile_004035,train,ok,11718,0.006,
tile_004036,train,ok,12678,0.005,
tile_004037,train,ok,12901,0.005,
tile_004038,train,ok,12882,0.005,
tile_004039,train,ok,13046,0.005,
tile_004040,train,ok,12067,0.005,
tile_004041,train,ok,11070,0.005,
tile_004042,train,ok,9728,0.005,
tile_004043,train,ok,12284,0.005,
tile_004044,val,ok,11493,0.006,
tile_004045,train,ok,12806,0.006,
tile_004046,train,ok,13084,0.005,
tile_004047,train,ok,12757,0.005,
tile_004048,train,ok,11949,0.006,
tile_004049,train,ok,12655,0.005,
tile_004050,train,ok,12559,0.006,
tile_004051,train,ok,11684,0.005,
tile_004052,train,ok,12862,0.005,
tile_004053,train,ok,12547,0.005,
tile_004054,train,ok,11529,0.006,
tile_004055,train,ok,11934,0.005,
tile_004056,train,ok,11453,0.006,
tile_004057,train,ok,11623,0.005,
tile_004058,train,ok,11566,0.006,
tile_004059,train,ok,11486,0.005,
tile_004060,train,ok,12447,0.005,
tile_004061,train,ok,11878,0.005,
tile_004062,train,ok,12676,0.005,
tile_004063,train,ok,11557,0.005,
tile_004064,train,ok,12855,0.006,
tile_004065,train,ok,12123,0.005,
tile_004066,train,ok,13016,0.006,
tile_004067,train,ok,12745,0.006,
tile_004068,train,ok,12791,0.006,
tile_004069,train,ok,10507,0.005,
tile_004070,train,ok,11120,0.006,
tile_004071,train,ok,11198,0.006,
tile_004072,train,ok,11390,0.005,
tile_004073,train,ok,11167,0.006,
tile_004074,train,ok,12486,0.005,
tile_004075,train,ok,10341,0.005,
tile_004076,train,ok,10796,0.006,
tile_004077,train,ok,9324,0.006,
tile_004078,train,ok,9701,0.006,
tile_004079,train,ok,11693,0.005,
tile_004080,train,ok,12532,0.005,
tile_004081,train,ok,12209,0.005,
tile_004082,train,ok,12910,0.005,
tile_004083,train,ok,10769,0.005,
tile_004084,train,ok,12201,0.005,
tile_004085,train,ok,12454,0.008,
tile_004086,val,ok,12115,0.009,
tile_004087,train,ok,13023,0.009,
tile_004088,train,ok,12812,0.008,
tile_004089,train,ok,12070,0.007,
tile_004090,train,ok,11385,0.007,
tile_004091,train,ok,12464,0.007,
tile_004092,train,ok,11230,0.007,
tile_004093,train,ok,11710,0.007,
tile_004094,train,ok,12660,0.007,
tile_004095,train,ok,12842,0.007,
tile_004096,train,ok,12134,0.007,
tile_004097,train,ok,11241,0.007,
tile_004098,train,ok,13064,0.006,
tile_004099,train,ok,11588,0.007,
tile_004100,train,ok,12366,0.007,
tile_004101,train,ok,12906,0.007,
tile_004102,train,ok,12739,0.007,
tile_004103,train,ok,12667,0.007,
tile_004104,train,ok,12287,0.007,
tile_004105,train,ok,12557,0.007,
tile_004106,train,ok,12307,0.007,
tile_004107,train,ok,12446,0.007,
tile_004108,train,ok,12391,0.007,
tile_004109,train,ok,12715,0.006,
tile_004110,train,ok,12752,0.006,
tile_004111,train,ok,11013,0.007,
tile_004112,train,ok,10393,0.006,
tile_004113,train,ok,12437,0.006,
tile_004114,train,ok,12609,0.006,
tile_004115,train,ok,12146,0.006,
tile_004116,train,ok,12385,0.006,
tile_004117,train,ok,12243,0.006,
tile_004118,val,ok,12175,0.007,
tile_004119,train,ok,13131,0.006,
tile_004120,train,ok,12936,0.006,
tile_004121,test,ok,12622,0.007,
tile_004122,test,ok,13061,0.007,
tile_004123,train,ok,12574,0.006,
tile_004124,train,ok,10261,0.007,
tile_004125,train,ok,11557,0.006,
tile_004126,train,ok,12483,0.006,
tile_004127,train,ok,12169,0.006,
tile_004128,train,ok,11882,0.006,
tile_004129,train,ok,12448,0.006,
tile_004130,train,ok,12815,0.006,
tile_004131,train,ok,9890,0.005,
tile_004132,train,ok,11678,0.006,
tile_004133,train,ok,12855,0.006,
tile_004134,train,ok,11328,0.005,
tile_004135,train,ok,12649,0.006,
tile_004136,train,ok,11282,0.006,
tile_004137,train,ok,11711,0.005,
tile_004138,train,ok,11066,0.006,
tile_004139,val,ok,11928,0.006,
tile_004140,val,ok,13160,0.006,
tile_004141,train,ok,12996,0.006,
tile_004142,train,ok,12855,0.006,
tile_004143,train,ok,12277,0.006,
tile_004144,train,ok,12442,0.006,
tile_004145,train,ok,12881,0.006,
tile_004146,train,ok,12673,0.006,
tile_004147,train,ok,12173,0.006,
tile_004148,train,ok,12066,0.005,
tile_004149,train,ok,12472,0.006,
tile_004150,train,ok,11493,0.006,
tile_004151,train,ok,11332,0.006,
tile_004152,train,ok,12532,0.006,
tile_004153,train,ok,12946,0.006,
tile_004154,val,ok,12589,0.006,
tile_004155,val,ok,12362,0.006,
tile_004156,val,ok,11388,0.007,
tile_004157,train,ok,11280,0.006,
tile_004158,train,ok,12966,0.006,
tile_004159,train,ok,12892,0.005,
tile_004160,train,ok,12995,0.006,
tile_004161,train,ok,11159,0.006,
tile_004162,train,ok,11720,0.006,
tile_004163,train,ok,12048,0.006,
tile_004164,train,ok,12862,0.005,
tile_004165,train,ok,10905,0.006,
tile_004166,train,ok,12102,0.006,
tile_004167,train,ok,12732,0.005,
tile_004168,val,ok,10515,0.006,
tile_004169,val,ok,12755,0.006,
tile_004170,test,ok,12850,0.006,
tile_004171,train,ok,12855,0.006,
tile_004172,train,ok,12331,0.006,
tile_004173,train,ok,13040,0.006,
tile_004174,train,ok,13062,0.006,
tile_004175,test,ok,12506,0.006,
tile_004176,test,ok,12430,0.006,
tile_004177,test,ok,12803,0.006,
tile_004178,train,ok,11691,0.006,
tile_004179,train,ok,11966,0.005,
tile_004180,train,ok,11676,0.006,
tile_004181,train,ok,12242,0.006,
tile_004182,train,ok,12217,0.006,
tile_004183,train,ok,13051,0.006,
tile_004184,train,ok,10560,0.006,
tile_004185,train,ok,12029,0.006,
tile_004186,val,ok,11622,0.006,
tile_004187,val,ok,11592,0.006,
tile_004188,train,ok,12797,0.006,
tile_004189,test,ok,13054,0.007,
tile_004190,train,ok,12878,0.006,
tile_004191,train,ok,13076,0.006,
tile_004192,train,ok,12615,0.006,
tile_004193,train,ok,12546,0.006,
tile_004194,train,ok,11815,0.006,
tile_004195,train,ok,12482,0.006,
tile_004196,train,ok,12452,0.006,
tile_004197,train,ok,11455,0.006,
tile_004198,train,ok,12190,0.006,
tile_004199,train,ok,9918,0.006,
tile_004200,train,ok,13106,0.006,
tile_004201,train,ok,12979,0.006,
tile_004202,val,ok,13071,0.006,
tile_004203,train,ok,11958,0.007,
tile_004204,train,ok,13074,0.006,
tile_004205,train,ok,13036,0.006,
tile_004206,test,ok,12704,0.006,
tile_004207,train,ok,12828,0.006,
tile_004208,train,ok,10511,0.006,
tile_004209,train,ok,11289,0.006,
tile_004210,train,ok,12263,0.005,
tile_004211,train,ok,12085,0.006,
tile_004212,val,ok,12739,0.006,
tile_004213,val,ok,13279,0.006,
tile_004214,train,ok,11604,0.006,
tile_004215,test,ok,12656,0.006,
tile_004216,train,ok,10962,0.006,
tile_004217,train,ok,10104,0.006,
tile_004218,train,ok,10765,0.006,
tile_004219,train,ok,12061,0.006,
tile_004220,train,ok,13016,0.006,
tile_004221,val,ok,12615,0.006,
tile_004222,val,ok,12570,0.006,
tile_004223,train,ok,12548,0.006,
tile_004224,train,ok,12084,0.006,
tile_004225,test,ok,13068,0.006,
tile_004226,train,ok,12891,0.006,
tile_004227,val,ok,12750,0.006,
tile_004228,train,ok,12944,0.006,
tile_004229,val,ok,12417,0.006,
tile_004230,train,ok,12386,0.006,
tile_004231,train,ok,11703,0.006,
tile_004232,test,ok,12347,0.006,
tile_004233,test,ok,12603,0.006,
tile_004234,test,ok,12419,0.006,
tile_004235,train,ok,10916,0.006,
tile_004236,train,ok,12978,0.006,
tile_004237,val,ok,9724,0.007,
tile_004238,val,ok,12243,0.006,
tile_004239,train,ok,11736,0.006,
tile_004240,train,ok,11702,0.006,
tile_004241,train,ok,10726,0.006,
tile_004242,train,ok,12893,0.006,
tile_004243,train,ok,12860,0.006,
tile_004244,train,ok,12608,0.006,
tile_004245,train,ok,12426,0.007,
tile_004246,train,ok,12479,0.006,
tile_004247,test,ok,12768,0.006,
tile_004248,test,ok,11450,0.006,
tile_004249,train,ok,11963,0.006,
tile_004250,val,ok,11704,0.006,
tile_004251,train,ok,12301,0.006,
tile_004252,train,ok,13111,0.006,
tile_004253,train,ok,12168,0.006,
tile_004254,train,ok,10525,0.006,
tile_004255,train,ok,11402,0.006,
tile_004256,test,ok,13064,0.006,
tile_004257,test,ok,10992,0.007,
tile_004258,train,ok,12634,0.006,
tile_004259,test,ok,11387,0.006,
tile_004260,test,ok,12995,0.006,
tile_004261,test,ok,13059,0.006,
tile_004262,train,ok,11555,0.006,
tile_004263,val,ok,11299,0.006,
tile_004264,train,ok,11621,0.006,
tile_004265,train,ok,12190,0.006,
tile_004266,train,ok,11935,0.007,
tile_004267,train,ok,12820,0.006,
tile_004268,train,ok,11734,0.006,
tile_004269,train,ok,12316,0.01,
tile_004270,train,ok,13016,0.005,
tile_004271,train,ok,11567,0.009,
tile_004272,train,ok,10827,0.009,
tile_004273,train,ok,12877,0.008,
tile_004274,test,ok,11983,0.006,
tile_004275,test,ok,11692,0.006,
tile_004276,val,ok,12457,0.006,
tile_004277,test,ok,12676,0.007,
tile_004278,train,ok,9604,0.006,
tile_004279,train,ok,10430,0.006,
tile_004280,train,ok,11844,0.006,
tile_004281,train,ok,12122,0.006,
tile_004282,test,ok,13051,0.006,
tile_004283,train,ok,12078,0.006,
tile_004284,train,ok,12390,0.006,
tile_004285,train,ok,12312,0.006,
tile_004286,train,ok,12111,0.006,
tile_004287,train,ok,12312,0.007,
tile_004288,train,ok,12474,0.006,
tile_004289,train,ok,12848,0.006,
tile_004290,train,ok,13094,0.006,
tile_004291,train,ok,13034,0.006,
tile_004292,val,ok,12864,0.006,
tile_004293,val,ok,12304,0.006,
tile_004294,train,ok,11016,0.007,
tile_004295,train,ok,10406,0.006,
tile_004296,train,ok,11842,0.006,
tile_004297,train,ok,10883,0.006,
tile_004298,test,ok,10701,0.007,
tile_004299,test,ok,12170,0.006,
tile_004300,train,ok,12594,0.006,
tile_004301,train,ok,12958,0.006,
tile_004302,train,ok,10717,0.006,
tile_004303,train,ok,11099,0.006,
tile_004304,train,ok,13064,0.006,
tile_004305,train,ok,12826,0.006,
tile_004306,train,ok,11547,0.006,
tile_004307,train,ok,10149,0.006,
tile_004308,val,ok,12610,0.006,
tile_004309,val,ok,12855,0.012,
tile_004310,train,ok,12829,0.011,
tile_004311,train,ok,12657,0.011,
tile_004312,train,ok,12617,0.011,
tile_004313,train,ok,12015,0.005,
tile_004314,train,ok,9794,0.005,
tile_004315,test,ok,12628,0.006,
tile_004316,test,ok,12567,0.006,
tile_004317,train,ok,12910,0.005,
tile_004318,train,ok,12658,0.006,
tile_004319,train,ok,12490,0.006,
tile_004320,train,ok,12252,0.006,
tile_004321,train,ok,11872,0.006,
tile_004322,train,ok,11866,0.006,
tile_004323,train,ok,10585,0.009,
tile_004324,train,ok,12557,0.006,
tile_004325,val,ok,11721,0.012,
tile_004326,val,ok,11271,0.01,
tile_004327,val,ok,12031,0.01,
tile_004328,train,ok,12410,0.008,
tile_004329,train,ok,12323,0.005,
tile_004330,train,ok,12772,0.006,
tile_004331,train,ok,12867,0.005,
tile_004332,test,ok,11678,0.006,
tile_004333,test,ok,10891,0.006,
tile_004334,test,ok,12073,0.005,
tile_004335,train,ok,12942,0.006,
tile_004336,train,ok,12380,0.005,
tile_004337,train,ok,12832,0.005,
tile_004338,train,ok,12781,0.005,
tile_004339,train,ok,11743,0.006,
tile_004340,train,ok,11423,0.006,
tile_004341,train,ok,11073,0.005,
tile_004342,train,ok,12332,0.005,
tile_004343,train,ok,12526,0.005,
tile_004344,train,ok,12284,0.005,
tile_004345,val,ok,12542,0.006,
tile_004346,val,ok,12371,0.006,
tile_004347,val,ok,13062,0.005,
tile_004348,train,ok,12430,0.005,
tile_004349,train,ok,12973,0.006,
tile_004350,train,ok,13096,0.005,
tile_004351,train,ok,12815,0.005,
tile_004352,train,ok,12963,0.005,
tile_004353,train,ok,12026,0.005,
tile_004354,val,ok,12142,0.006,
tile_004355,val,ok,12857,0.005,
tile_004356,val,ok,12721,0.005,
tile_004357,val,ok,11959,0.006,
tile_004358,val,ok,10337,0.006,
tile_004359,train,ok,11860,0.005,
tile_004360,train,ok,12684,0.006,
tile_004361,train,ok,12771,0.005,
tile_004362,train,ok,12133,0.005,
tile_004363,train,ok,12333,0.006,
tile_004364,train,ok,13108,0.005,
tile_004365,train,ok,12713,0.006,
tile_004366,train,ok,11608,0.005,
tile_004367,train,ok,12775,0.005,
tile_004368,train,ok,12205,0.005,
tile_004369,train,ok,12618,0.006,
tile_004370,train,ok,12630,0.005,
tile_004371,val,ok,13049,0.006,
tile_004372,val,ok,12866,0.006,
tile_004373,val,ok,12458,0.005,
tile_004374,train,ok,12712,0.005,
tile_004375,train,ok,12469,0.005,
tile_004376,val,ok,13094,0.006,
tile_004377,val,ok,11804,0.006,
tile_004378,train,ok,13062,0.005,
tile_004379,train,ok,10751,0.005,
tile_004380,train,ok,12533,0.005,
tile_004381,train,ok,11984,0.006,
tile_004382,train,ok,12689,0.006,
tile_004383,train,ok,12625,0.006,
tile_004384,train,ok,12361,0.006,
tile_004385,train,ok,11938,0.006,
tile_004386,train,ok,13061,0.005,
tile_004387,train,ok,12829,0.006,
tile_004388,train,ok,12385,0.006,
tile_004389,train,ok,12081,0.031,
tile_004390,val,ok,12671,0.031,
tile_004391,val,ok,13022,0.032,
tile_004392,val,ok,12641,0.032,
tile_004393,val,ok,13128,0.01,
tile_004394,val,ok,12075,0.01,
tile_004395,val,ok,11569,0.009,
tile_004396,train,ok,13005,0.009,
tile_004397,val,ok,13053,0.007,
tile_004398,train,ok,12271,0.007,
tile_004399,train,ok,12558,0.007,
tile_004400,train,ok,12731,0.007,
tile_004401,train,ok,12507,0.007,
tile_004402,train,ok,12446,0.007,
tile_004403,train,ok,11825,0.007,
tile_004404,train,ok,12405,0.006,
tile_004405,train,ok,11453,0.006,
tile_004406,train,ok,12703,0.005,
tile_004407,train,ok,12170,0.005,
tile_004408,train,ok,12129,0.005,
tile_004409,train,ok,12855,0.005,
tile_004410,train,ok,12909,0.006,
tile_004411,train,ok,12503,0.005,
tile_004412,train,ok,12148,0.005,
tile_004413,train,ok,13023,0.006,
tile_004414,train,ok,12919,0.006,
tile_004415,val,ok,13035,0.006,
tile_004416,val,ok,12322,0.006,
tile_004417,val,ok,11410,0.006,
tile_004418,val,ok,12887,0.006,
tile_004419,train,ok,12882,0.006,
tile_004420,val,ok,12945,0.006,
tile_004421,train,ok,12090,0.006,
tile_004422,train,ok,12563,0.006,
tile_004423,train,ok,11693,0.006,
tile_004424,train,ok,13072,0.006,
tile_004425,train,ok,11835,0.005,
tile_004426,train,ok,12837,0.005,
tile_004427,train,ok,10746,0.005,
tile_004428,train,ok,11630,0.006,
tile_004429,train,ok,12879,0.005,
tile_004430,train,ok,11759,0.007,
tile_004431,train,ok,11790,0.007,
tile_004432,train,ok,12880,0.006,
tile_004433,train,ok,12910,0.006,
tile_004434,train,ok,12538,0.005,
tile_004435,train,ok,12788,0.005,
tile_004436,train,ok,12156,0.005,
tile_004437,train,ok,12063,0.005,
tile_004438,train,ok,12865,0.006,
tile_004439,train,ok,11707,0.005,
tile_004440,train,ok,12066,0.005,
tile_004441,train,ok,11892,0.005,
tile_004442,train,ok,10936,0.006,
tile_004443,train,ok,12334,0.005,
tile_004444,train,ok,12032,0.005,
tile_004445,train,ok,12738,0.005,
tile_004446,train,ok,12657,0.005,
tile_004447,train,ok,12819,0.005,
tile_004448,train,ok,13052,0.005,
tile_004449,train,ok,13005,0.005,
tile_004450,train,ok,13002,0.005,
tile_004451,train,ok,12290,0.005,
tile_004452,train,ok,12914,0.005,
tile_004453,train,ok,12822,0.005,
tile_004454,train,ok,12836,0.006,
tile_004455,train,ok,12557,0.005,
tile_004456,train,ok,12672,0.005,
tile_004457,train,ok,12060,0.006,
tile_004458,train,ok,12390,0.005,
tile_004459,train,ok,12119,0.005,
tile_004460,train,ok,13135,0.005,
tile_004461,train,ok,12762,0.006,
tile_004462,train,ok,12234,0.005,
tile_004463,train,ok,11376,0.006,
tile_004464,train,ok,10951,0.005,
tile_004465,train,ok,12139,0.005,
tile_004466,train,ok,11150,0.005,
tile_004467,train,ok,12192,0.005,
tile_004468,train,ok,12742,0.005,
tile_004469,train,ok,12611,0.005,
tile_004470,train,ok,12843,0.005,
tile_004471,train,ok,12576,0.006,
tile_004472,train,ok,12345,0.005,
tile_004473,train,ok,13091,0.005,
tile_004474,train,ok,12485,0.005,
tile_004475,train,ok,12777,0.005,
tile_004476,train,ok,12924,0.005,
tile_004477,train,ok,12048,0.005,
tile_004478,train,ok,13054,0.005,
tile_004479,train,ok,12814,0.006,
tile_004480,train,ok,12188,0.005,
tile_004481,train,ok,12861,0.005,
tile_004482,train,ok,12720,0.005,
tile_004483,train,ok,12609,0.005,
tile_004484,train,ok,11325,0.006,
tile_004485,train,ok,10971,0.005,
tile_004486,train,ok,10721,0.005,
tile_004487,train,ok,10912,0.005,
tile_004488,train,ok,11895,0.005,
tile_004489,train,ok,13087,0.005,
tile_004490,train,ok,12980,0.006,
tile_004491,train,ok,12850,0.005,
tile_004492,train,ok,12297,0.005,
tile_004493,train,ok,13062,0.005,
tile_004494,train,ok,13045,0.005,
tile_004495,train,ok,12457,0.006,
tile_004496,train,ok,12594,0.006,
tile_004497,train,ok,12166,0.006,
tile_004498,train,ok,12628,0.005,
tile_004499,train,ok,12364,0.005,
tile_004500,train,ok,11940,0.005,
tile_004501,train,ok,13025,0.005,
tile_004502,train,ok,12902,0.005,
tile_004503,train,ok,12332,0.005,
tile_004504,train,ok,11452,0.005,
tile_004505,train,ok,12245,0.005,
tile_004506,train,ok,12379,0.005,
tile_004507,test,ok,12986,0.006,
tile_004508,test,ok,12704,0.006,
tile_004509,train,ok,12028,0.005,
tile_004510,train,ok,12761,0.005,
tile_004511,test,ok,12478,0.006,
tile_004512,test,ok,10058,0.006,
tile_004513,test,ok,12297,0.006,
tile_004514,test,ok,12652,0.005,
tile_004515,train,ok,12387,0.005,
tile_004516,train,ok,12838,0.005,
tile_004517,train,ok,12897,0.005,
tile_004518,train,ok,11819,0.005,
tile_004519,train,ok,12452,0.005,
tile_004520,val,ok,12650,0.006,
tile_004521,val,ok,11929,0.006,
tile_004522,val,ok,12853,0.006,
tile_004523,train,ok,12031,0.005,
tile_004524,train,ok,12169,0.005,
tile_004525,train,ok,12855,0.005,
tile_004526,train,ok,12276,0.005,
tile_004527,train,ok,11751,0.005,
tile_004528,test,ok,12321,0.006,
tile_004529,train,ok,11148,0.005,
tile_004530,val,ok,12908,0.006,
tile_004531,val,ok,10379,0.006,
tile_004532,train,ok,13036,0.005,
tile_004533,train,ok,12152,0.005,
tile_004534,train,ok,11621,0.006,
tile_004535,train,ok,12132,0.005,
tile_004536,train,ok,13003,0.005,
tile_004537,train,ok,12574,0.005,
tile_004538,train,ok,12934,0.005,
tile_004539,test,ok,12219,0.005,
tile_004540,test,ok,11171,0.006,
tile_004541,test,ok,12924,0.006,
tile_004542,test,ok,12923,0.006,
tile_004543,train,ok,11959,0.006,
tile_004544,train,ok,12828,0.006,
tile_004545,train,ok,12342,0.006,
tile_004546,train,ok,11865,0.005,
tile_004547,train,ok,12642,0.005,
tile_004548,train,ok,11304,0.005,
tile_004549,train,ok,12936,0.005,
tile_004550,val,ok,12952,0.005,
tile_004551,val,ok,12472,0.006,
tile_004552,val,ok,12464,0.006,
tile_004553,train,ok,11711,0.005,
tile_004554,train,ok,12564,0.006,
tile_004555,train,ok,12485,0.005,
tile_004556,train,ok,12616,0.006,
tile_004557,train,ok,12736,0.005,
tile_004558,train,ok,11193,0.005,
tile_004559,train,ok,12550,0.005,
tile_004560,val,ok,12947,0.006,
tile_004561,val,ok,11393,0.006,
tile_004562,train,ok,12812,0.005,
tile_004563,train,ok,12116,0.005,
tile_004564,train,ok,12468,0.005,
tile_004565,train,ok,12050,0.005,
tile_004566,train,ok,11145,0.005,
tile_004567,train,ok,11600,0.006,
tile_004568,train,ok,12096,0.006,
tile_004569,train,ok,11917,0.005,
tile_004570,train,ok,12600,0.005,
tile_004571,train,ok,12904,0.005,
tile_004572,test,ok,11919,0.006,
tile_004573,train,ok,12947,0.005,
tile_004574,train,ok,12485,0.005,
tile_004575,train,ok,12405,0.005,
tile_004576,train,ok,12419,0.005,
tile_004577,train,ok,13063,0.005,
tile_004578,val,ok,12606,0.007,
tile_004579,train,ok,12364,0.006,
tile_004580,train,ok,12729,0.005,
tile_004581,train,ok,12285,0.005,
tile_004582,train,ok,11502,0.006,
tile_004583,train,ok,12498,0.005,
tile_004584,train,ok,11941,0.005,
tile_004585,train,ok,11760,0.005,
tile_004586,train,ok,12472,0.006,
tile_004587,val,ok,13109,0.006,
tile_004588,val,ok,13097,0.006,
tile_004589,train,ok,12169,0.006,
tile_004590,train,ok,12228,0.005,
tile_004591,train,ok,10602,0.005,
tile_004592,train,ok,11056,0.006,
tile_004593,train,ok,11000,0.005,
tile_004594,train,ok,12475,0.006,
tile_004595,train,ok,12604,0.005,
tile_004596,train,ok,11554,0.005,
tile_004597,train,ok,12574,0.005,
tile_004598,train,ok,12709,0.006,
tile_004599,train,ok,13005,0.006,
tile_004600,train,ok,12899,0.006,
tile_004601,train,ok,12510,0.006,
tile_004602,train,ok,10670,0.006,
tile_004603,train,ok,13030,0.006,
tile_004604,train,ok,12734,0.006,
tile_004605,train,ok,12914,0.006,
tile_004606,train,ok,12998,0.006,
tile_004607,train,ok,13019,0.006,
tile_004608,train,ok,12006,0.006,
tile_004609,train,ok,12388,0.006,
tile_004610,train,ok,12436,0.005,
tile_004611,val,ok,9768,0.006,
tile_004612,train,ok,12428,0.006,
tile_004613,train,ok,13025,0.005,
tile_004614,train,ok,12056,0.005,
tile_004615,train,ok,12494,0.005,
tile_004616,test,ok,12950,0.006,
tile_004617,train,ok,11145,0.006,
tile_004618,train,ok,12921,0.006,
tile_004619,train,ok,12938,0.006,
tile_004620,train,ok,11980,0.006,
tile_004621,val,ok,11759,0.006,
tile_004622,train,ok,12400,0.006,
tile_004623,train,ok,11708,0.006,
tile_004624,train,ok,12533,0.006,
tile_004625,train,ok,12770,0.006,
tile_004626,train,ok,13109,0.006,
tile_004627,train,ok,12089,0.006,
tile_004628,train,ok,12475,0.005,
tile_004629,val,ok,11731,0.006,
tile_004630,val,ok,12135,0.006,
tile_004631,train,ok,12997,0.006,
tile_004632,train,ok,11760,0.006,
tile_004633,train,ok,13057,0.006,
tile_004634,test,ok,12764,0.006,
tile_004635,train,ok,11916,0.005,
tile_004636,train,ok,13137,0.006,
tile_004637,train,ok,12347,0.006,
tile_004638,train,ok,10447,0.005,
tile_004639,train,ok,12946,0.006,
tile_004640,train,ok,11059,0.005,
tile_004641,train,ok,12211,0.006,
tile_004642,train,ok,11754,0.005,
tile_004643,train,ok,9527,0.005,
tile_004644,train,ok,12369,0.005,
tile_004645,train,ok,12139,0.005,
tile_004646,train,ok,12462,0.005,
tile_004647,train,ok,11311,0.005,
tile_004648,train,ok,12690,0.005,
tile_004649,train,ok,12683,0.005,
tile_004650,train,ok,12849,0.006,
tile_004651,train,ok,13024,0.006,
tile_004652,val,ok,12524,0.006,
tile_004653,train,ok,13019,0.006,
tile_004654,train,ok,12587,0.006,
tile_004655,train,ok,12502,0.005,
tile_004656,train,ok,12239,0.005,
tile_004657,train,ok,12563,0.005,
tile_004658,train,ok,12777,0.006,
tile_004659,train,ok,13081,0.006,
tile_004660,train,ok,12459,0.005,
tile_004661,train,ok,12520,0.005,
tile_004662,train,ok,12718,0.006,
tile_004663,train,ok,12639,0.006,
tile_004664,train,ok,12308,0.006,
tile_004665,val,ok,12438,0.006,
tile_004666,train,ok,12704,0.006,
tile_004667,train,ok,11876,0.006,
tile_004668,train,ok,12732,0.005,
tile_004669,test,ok,12742,0.006,
tile_004670,test,ok,13157,0.006,
tile_004671,test,ok,11534,0.005,
tile_004672,train,ok,11383,0.005,
tile_004673,train,ok,12753,0.005,
tile_004674,train,ok,11850,0.005,
tile_004675,train,ok,12144,0.005,
tile_004676,train,ok,10522,0.005,
tile_004677,train,ok,12126,0.005,
tile_004678,train,ok,10619,0.006,
tile_004679,train,ok,12456,0.006,
tile_004680,train,ok,12838,0.005,
tile_004681,train,ok,11259,0.006,
tile_004682,train,ok,10238,0.006,
tile_004683,train,ok,12826,0.005,
tile_004684,train,ok,12255,0.005,
tile_004685,train,ok,12953,0.005,
tile_004686,train,ok,11166,0.006,
tile_004687,train,ok,13049,0.006,
tile_004688,train,ok,13048,0.006,
tile_004689,train,ok,11842,0.006,
tile_004690,train,ok,12090,0.006,
tile_004691,train,ok,12973,0.006,
tile_004692,train,ok,12801,0.005,
tile_004693,train,ok,12687,0.005,
tile_004694,train,ok,13063,0.006,
tile_004695,train,ok,12489,0.006,
tile_004696,train,ok,13094,0.006,
tile_004697,train,ok,12442,0.006,
tile_004698,val,ok,12881,0.006,
tile_004699,train,ok,13090,0.005,
tile_004700,train,ok,13050,0.006,
tile_004701,test,ok,11449,0.006,
tile_004702,test,ok,12127,0.006,
tile_004703,test,ok,12020,0.006,
tile_004704,train,ok,12936,0.006,
tile_004705,train,ok,10957,0.006,
tile_004706,train,ok,9903,0.006,
tile_004707,train,ok,11706,0.005,
tile_004708,train,ok,11947,0.006,
tile_004709,train,ok,12318,0.005,
tile_004710,train,ok,11197,0.006,
tile_004711,train,ok,10584,0.006,
tile_004712,train,ok,12286,0.006,
tile_004713,train,ok,11596,0.005,
tile_004714,train,ok,12234,0.005,
tile_004715,train,ok,12187,0.006,
tile_004716,train,ok,10769,0.005,
tile_004717,train,ok,11499,0.005,
tile_004718,train,ok,13007,0.005,
tile_004719,train,ok,13090,0.006,
tile_004720,train,ok,12079,0.006,
tile_004721,train,ok,12737,0.006,
tile_004722,train,ok,11820,0.006,
tile_004723,train,ok,12434,0.005,
tile_004724,train,ok,13066,0.005,
tile_004725,train,ok,12166,0.006,
tile_004726,train,ok,12669,0.006,
tile_004727,train,ok,12417,0.006,
tile_004728,train,ok,13133,0.006,
tile_004729,train,ok,13000,0.006,
tile_004730,train,ok,11641,0.006,
tile_004731,train,ok,12793,0.006,
tile_004732,train,ok,12555,0.006,
tile_004733,train,ok,12874,0.005,
tile_004734,train,ok,13065,0.005,
tile_004735,train,ok,12738,0.006,
tile_004736,val,ok,12289,0.006,
tile_004737,val,ok,12744,0.006,
tile_004738,val,ok,12989,0.008,
tile_004739,val,ok,12943,0.009,
tile_004740,train,ok,12972,0.009,
tile_004741,test,ok,11904,0.008,
tile_004742,test,ok,12823,0.008,
tile_004743,test,ok,13102,0.008,
tile_004744,train,ok,11675,0.007,
tile_004745,train,ok,11812,0.008,
tile_004746,train,ok,12577,0.007,
tile_004747,train,ok,11334,0.007,
tile_004748,train,ok,10991,0.007,
tile_004749,train,ok,12228,0.007,
tile_004750,train,ok,9008,0.007,
tile_004751,train,ok,12126,0.007,
tile_004752,train,ok,10982,0.008,
tile_004753,train,ok,10156,0.008,
tile_004754,train,ok,12961,0.007,
tile_004755,train,ok,11506,0.008,
tile_004756,train,ok,10766,0.007,
tile_004757,train,ok,12741,0.007,
tile_004758,train,ok,12243,0.013,
tile_004759,train,ok,12174,0.013,
tile_004760,train,ok,10686,0.012,
tile_004761,train,ok,11555,0.011,
tile_004762,train,ok,12584,0.006,
tile_004763,train,ok,12386,0.006,
tile_004764,train,ok,12306,0.005,
tile_004765,train,ok,12740,0.005,
tile_004766,train,ok,12508,0.006,
tile_004767,train,ok,11901,0.006,
tile_004768,train,ok,12812,0.005,
tile_004769,val,ok,12816,0.006,
tile_004770,val,ok,12847,0.006,
tile_004771,train,ok,12504,0.006,
tile_004772,train,ok,12448,0.006,
tile_004773,train,ok,11354,0.005,
tile_004774,train,ok,11742,0.005,
tile_004775,val,ok,12239,0.006,
tile_004776,val,ok,12853,0.006,
tile_004777,val,ok,12153,0.006,
tile_004778,val,ok,11867,0.006,
tile_004779,train,ok,12876,0.005,
tile_004780,train,ok,12152,0.005,
tile_004781,train,ok,12945,0.005,
tile_004782,train,ok,11658,0.006,
tile_004783,train,ok,12797,0.006,
tile_004784,train,ok,12595,0.005,
tile_004785,train,ok,12249,0.005,
tile_004786,train,ok,10753,0.007,
tile_004787,train,ok,12419,0.007,
tile_004788,train,ok,9860,0.006,
tile_004789,train,ok,12701,0.006,
tile_004790,train,ok,11918,0.005,
tile_004791,train,ok,13123,0.006,
tile_004792,train,ok,11446,0.006,
tile_004793,train,ok,11190,0.006,
tile_004794,train,ok,10388,0.005,
tile_004795,train,ok,12495,0.005,
tile_004796,train,ok,12487,0.006,
tile_004797,train,ok,10990,0.006,
tile_004798,train,ok,12458,0.005,
tile_004799,train,ok,11995,0.006,
tile_004800,train,ok,12514,0.006,
tile_004801,train,ok,12398,0.006,
tile_004802,val,ok,12720,0.006,
tile_004803,val,ok,12482,0.006,
tile_004804,val,ok,12881,0.005,
tile_004805,train,ok,11772,0.005,
tile_004806,train,ok,13035,0.005,
tile_004807,train,ok,12308,0.005,
tile_004808,train,ok,13091,0.005,
tile_004809,val,ok,13051,0.005,
tile_004810,val,ok,12869,0.006,
tile_004811,train,ok,12543,0.006,
tile_004812,train,ok,12625,0.006,
tile_004813,train,ok,10846,0.005,
tile_004814,train,ok,12137,0.006,
tile_004815,train,ok,12247,0.006,
tile_004816,train,ok,12777,0.005,
tile_004817,train,ok,13110,0.006,
tile_004818,train,ok,12250,0.006,
tile_004819,train,ok,11454,0.005,
tile_004820,train,ok,10330,0.005,
tile_004821,train,ok,8981,0.005,
tile_004822,train,ok,12373,0.006,
tile_004823,train,ok,12042,0.006,
tile_004824,train,ok,12399,0.005,
tile_004825,train,ok,12954,0.005,
tile_004826,train,ok,12473,0.006,
tile_004827,train,ok,12849,0.005,
tile_004828,train,ok,11995,0.006,
tile_004829,train,ok,12295,0.005,
tile_004830,train,ok,12871,0.006,
tile_004831,train,ok,12164,0.006,
tile_004832,val,ok,12882,0.006,
tile_004833,train,ok,13075,0.006,
tile_004834,val,ok,12200,0.006,
tile_004835,train,ok,12566,0.005,
tile_004836,train,ok,11681,0.005,
tile_004837,train,ok,12742,0.006,
tile_004838,train,ok,12844,0.006,
tile_004839,train,ok,11587,0.006,
tile_004840,train,ok,12958,0.006,
tile_004841,train,ok,11053,0.005,
tile_004842,train,ok,12104,0.006,
tile_004843,train,ok,12699,0.005,
tile_004844,train,ok,12159,0.006,
tile_004845,train,ok,13008,0.006,
tile_004846,train,ok,11616,0.006,
tile_004847,train,ok,12914,0.006,
tile_004848,train,ok,12520,0.006,
tile_004849,train,ok,11854,0.006,
tile_004850,train,ok,12307,0.006,
tile_004851,train,ok,13002,0.006,
tile_004852,train,ok,11598,0.006,
tile_004853,train,ok,12720,0.006,
tile_004854,train,ok,12830,0.005,
tile_004855,train,ok,13000,0.005,
tile_004856,train,ok,11029,0.006,
tile_004857,train,ok,12851,0.005,
tile_004858,train,ok,12679,0.006,
tile_004859,train,ok,8110,0.006,
tile_004860,train,ok,12930,0.005,
tile_004861,train,ok,12584,0.005,
tile_004862,train,ok,12600,0.006,
tile_004863,train,ok,12424,0.006,
tile_004864,train,ok,12188,0.006,
tile_004865,val,ok,12256,0.006,
tile_004866,train,ok,13031,0.006,
tile_004867,train,ok,12448,0.006,
tile_004868,train,ok,12920,0.006,
tile_004869,val,ok,11752,0.006,
tile_004870,val,ok,12196,0.006,
tile_004871,val,ok,11632,0.006,
tile_004872,train,ok,12105,0.006,
tile_004873,train,ok,12584,0.005,
tile_004874,train,ok,10660,0.006,
tile_004875,train,ok,12389,0.006,
tile_004876,train,ok,12804,0.006,
tile_004877,train,ok,12639,0.006,
tile_004878,train,ok,10931,0.006,
tile_004879,train,ok,12924,0.006,
tile_004880,train,ok,12318,0.006,
tile_004881,test,ok,12441,0.006,
tile_004882,test,ok,12830,0.006,
tile_004883,test,ok,11349,0.006,
tile_004884,train,ok,12264,0.006,
tile_004885,train,ok,12129,0.006,
tile_004886,train,ok,12506,0.005,
tile_004887,train,ok,12628,0.006,
tile_004888,val,ok,12387,0.006,
tile_004889,val,ok,10566,0.006,
tile_004890,val,ok,10479,0.006,
tile_004891,val,ok,12809,0.006,
tile_004892,train,ok,12652,0.006,
tile_004893,train,ok,13068,0.007,
tile_004894,train,ok,12694,0.007,
tile_004895,train,ok,12797,0.007,
tile_004896,train,ok,12911,0.006,
tile_004897,train,ok,11856,0.006,
tile_004898,train,ok,12637,0.006,
tile_004899,train,ok,12084,0.007,
tile_004900,train,ok,12729,0.006,
tile_004901,train,ok,11835,0.006,
tile_004902,train,ok,11555,0.006,
tile_004903,train,ok,11132,0.006,
tile_004904,train,ok,12629,0.006,
tile_004905,val,ok,12460,0.006,
tile_004906,train,ok,12984,0.006,
tile_004907,train,ok,12878,0.005,
tile_004908,train,ok,12955,0.006,
tile_004909,train,ok,11302,0.005,
tile_004910,train,ok,12035,0.005,
tile_004911,train,ok,10996,0.005,
tile_004912,train,ok,11766,0.005,
tile_004913,test,ok,12944,0.005,
tile_004914,test,ok,11509,0.006,
tile_004915,test,ok,12567,0.006,
tile_004916,train,ok,12701,0.005,
tile_004917,train,ok,12121,0.005,
tile_004918,train,ok,12469,0.005,
tile_004919,train,ok,12957,0.005,
tile_004920,train,ok,12711,0.005,
tile_004921,train,ok,12943,0.006,
tile_004922,train,ok,12272,0.006,
tile_004923,train,ok,12886,0.006,
tile_004924,train,ok,12460,0.005,
tile_004925,train,ok,12327,0.005,
tile_004926,train,ok,12952,0.006,
tile_004927,train,ok,11916,0.006,
tile_004928,train,ok,12678,0.006,
tile_004929,train,ok,11904,0.005,
tile_004930,train,ok,12442,0.006,
tile_004931,train,ok,11443,0.006,
tile_004932,train,ok,11466,0.005,
tile_004933,val,ok,12766,0.005,
tile_004934,val,ok,11885,0.006,
tile_004935,train,ok,12541,0.005,
tile_004936,train,ok,13009,0.006,
tile_004937,train,ok,13061,0.005,
tile_004938,train,ok,13081,0.005,
tile_004939,train,ok,12962,0.005,
tile_004940,train,ok,12024,0.006,
tile_004941,train,ok,12780,0.006,
tile_004942,train,ok,9584,0.006,
tile_004943,train,ok,11377,0.005,
tile_004944,test,ok,12740,0.006,
tile_004945,test,ok,11392,0.006,
tile_004946,test,ok,12306,0.005,
tile_004947,train,ok,11281,0.005,
tile_004948,train,ok,12442,0.005,
tile_004949,train,ok,12447,0.006,
tile_004950,train,ok,12331,0.006,
tile_004951,train,ok,10882,0.006,
tile_004952,val,ok,12518,0.006,
tile_004953,val,ok,13103,0.006,
tile_004954,train,ok,12637,0.006,
tile_004955,train,ok,13076,0.005,
tile_004956,train,ok,13070,0.005,
tile_004957,train,ok,11749,0.005,
tile_004958,train,ok,12639,0.006,
tile_004959,train,ok,11995,0.005,
tile_004960,train,ok,11909,0.006,
tile_004961,train,ok,11985,0.005,
tile_004962,train,ok,12742,0.005,
tile_004963,train,ok,11869,0.005,
tile_004964,train,ok,12347,0.005,
tile_004965,train,ok,12207,0.006,
tile_004966,train,ok,12270,0.005,
tile_004967,train,ok,11559,0.005,
tile_004968,train,ok,11628,0.005,
tile_004969,train,ok,12349,0.005,
tile_004970,train,ok,11433,0.006,
tile_004971,val,ok,11846,0.006,
tile_004972,train,ok,12418,0.006,
tile_004973,train,ok,11485,0.005,
tile_004974,train,ok,11692,0.005,
tile_004975,train,ok,12475,0.006,
tile_004976,train,ok,11177,0.005,
tile_004977,train,ok,10908,0.005,
tile_004978,train,ok,13128,0.006,
tile_004979,train,ok,12612,0.005,
tile_004980,train,ok,12663,0.005,
tile_004981,val,ok,12657,0.006,
tile_004982,val,ok,13032,0.006,
tile_004983,train,ok,12173,0.006,
tile_004984,train,ok,12282,0.005,
tile_004985,train,ok,12328,0.005,
tile_004986,train,ok,12770,0.005,
tile_004987,train,ok,12007,0.006,
tile_004988,train,ok,11504,0.005,
tile_004989,train,ok,12367,0.005,
tile_004990,train,ok,12778,0.006,
tile_004991,train,ok,12646,0.005,
tile_004992,train,ok,12281,0.005,
tile_004993,train,ok,11768,0.006,
tile_004994,train,ok,12086,0.006,
tile_004995,train,ok,12123,0.006,
tile_004996,train,ok,12856,0.006,
tile_004997,train,ok,12436,0.006,
tile_004998,train,ok,12388,0.006,
tile_004999,train,ok,12358,0.005,
tile_005000,train,ok,12273,0.005,
tile_005001,train,ok,11833,0.005,
tile_005002,train,ok,12281,0.006,
tile_005003,train,ok,11328,0.006,
tile_005004,train,ok,10903,0.006,
tile_005005,train,ok,12138,0.006,
tile_005006,val,ok,12461,0.006,
tile_005007,val,ok,12401,0.006,
tile_005008,train,ok,12023,0.005,
tile_005009,train,ok,12636,0.006,
tile_005010,train,ok,11982,0.006,
tile_005011,train,ok,11967,0.005,
tile_005012,train,ok,12788,0.005,
tile_005013,val,ok,12103,0.005,
tile_005014,val,ok,12268,0.007,
tile_005015,val,ok,11228,0.006,
tile_005016,val,ok,11718,0.006,
tile_005017,train,ok,11968,0.006,
tile_005018,train,ok,12417,0.006,
tile_005019,train,ok,12091,0.006,
tile_005020,train,ok,12700,0.006,
tile_005021,train,ok,12289,0.006,
tile_005022,train,ok,12247,0.006,
tile_005023,train,ok,12341,0.006,
tile_005024,train,ok,12074,0.006,
tile_005025,train,ok,10898,0.006,
tile_005026,train,ok,11285,0.006,
tile_005027,train,ok,11784,0.005,
tile_005028,train,ok,12790,0.006,
tile_005029,train,ok,12200,0.005,
tile_005030,train,ok,12113,0.006,
tile_005031,train,ok,12805,0.006,
tile_005032,train,ok,12784,0.006,
tile_005033,train,ok,12779,0.006,
tile_005034,train,ok,12640,0.005,
tile_005035,train,ok,12938,0.005,
tile_005036,test,ok,12939,0.006,
tile_005037,test,ok,12511,0.006,
tile_005038,train,ok,12734,0.005,
tile_005039,train,ok,11395,0.005,
tile_005040,val,ok,11982,0.005,
tile_005041,val,ok,11867,0.006,
tile_005042,train,ok,11905,0.006,
tile_005043,train,ok,12996,0.005,
tile_005044,train,ok,12757,0.005,
tile_005045,train,ok,11811,0.006,
tile_005046,train,ok,12223,0.006,
tile_005047,train,ok,13093,0.006,
tile_005048,val,ok,12980,0.006,
tile_005049,val,ok,10647,0.006,
tile_005050,train,ok,10891,0.005,
tile_005051,train,ok,12592,0.006,
tile_005052,train,ok,11621,0.006,
tile_005053,train,ok,11395,0.005,
tile_005054,train,ok,12959,0.005,
tile_005055,train,ok,12427,0.005,
tile_005056,train,ok,12445,0.005,
tile_005057,train,ok,11911,0.005,
tile_005058,train,ok,10669,0.006,
tile_005059,train,ok,12440,0.005,
tile_005060,train,ok,12124,0.005,
tile_005061,train,ok,12181,0.005,
tile_005062,train,ok,11868,0.006,
tile_005063,train,ok,11963,0.006,
tile_005064,train,ok,11812,0.006,
tile_005065,train,ok,12184,0.005,
tile_005066,train,ok,12071,0.005,
tile_005067,train,ok,11638,0.006,
tile_005068,train,ok,12992,0.005,
tile_005069,test,ok,12508,0.006,
tile_005070,test,ok,13001,0.006,
tile_005071,train,ok,10389,0.006,
tile_005072,train,ok,11772,0.006,
tile_005073,train,ok,9403,0.006,
tile_005074,train,ok,11495,0.012,
tile_005075,val,ok,10575,0.012,
tile_005076,train,ok,13079,0.012,
tile_005077,train,ok,13037,0.014,
tile_005078,train,ok,12833,0.008,
tile_005079,train,ok,12670,0.007,
tile_005080,train,ok,12859,0.007,
tile_005081,train,ok,13019,0.007,
tile_005082,train,ok,12989,0.007,
tile_005083,train,ok,12352,0.006,
tile_005084,train,ok,12261,0.007,
tile_005085,train,ok,12481,0.007,
tile_005086,val,ok,12867,0.007,
tile_005087,train,ok,11920,0.007,
tile_005088,train,ok,13167,0.007,
tile_005089,train,ok,12614,0.007,
tile_005090,train,ok,11810,0.007,
tile_005091,train,ok,11767,0.007,
tile_005092,train,ok,12817,0.007,
tile_005093,train,ok,11811,0.006,
tile_005094,train,ok,12163,0.007,
tile_005095,train,ok,11141,0.007,
tile_005096,train,ok,12536,0.007,
tile_005097,train,ok,11079,0.007,
tile_005098,train,ok,11309,0.007,
tile_005099,train,ok,11728,0.007,
tile_005100,train,ok,11876,0.007,
tile_005101,train,ok,11498,0.007,
tile_005102,train,ok,11780,0.006,
tile_005103,train,ok,12230,0.006,
tile_005104,train,ok,11783,0.006,
tile_005105,train,ok,12898,0.006,
tile_005106,train,ok,10126,0.006,
tile_005107,train,ok,11871,0.006,
tile_005108,val,ok,12154,0.006,
tile_005109,val,ok,11038,0.006,
tile_005110,val,ok,10587,0.007,
tile_005111,train,ok,10635,0.006,
tile_005112,train,ok,12103,0.006,
tile_005113,train,ok,11554,0.006,
tile_005114,train,ok,12899,0.005,
tile_005115,train,ok,11604,0.005,
tile_005116,train,ok,11476,0.005,
tile_005117,train,ok,13043,0.005,
tile_005118,train,ok,12571,0.006,
tile_005119,train,ok,12445,0.006,
tile_005120,train,ok,12967,0.006,
tile_005121,train,ok,12729,0.005,
tile_005122,val,ok,13017,0.006,
tile_005123,val,ok,12959,0.006,
tile_005124,train,ok,12554,0.006,
tile_005125,train,ok,11764,0.005,
tile_005126,train,ok,12187,0.005,
tile_005127,train,ok,11608,0.006,
tile_005128,train,ok,11660,0.005,
tile_005129,train,ok,12675,0.005,
tile_005130,train,ok,11623,0.005,
tile_005131,train,ok,11959,0.006,
tile_005132,train,ok,11678,0.006,
tile_005133,train,ok,12074,0.006,
tile_005134,train,ok,13100,0.006,
tile_005135,train,ok,11433,0.005,
tile_005136,train,ok,11134,0.006,
tile_005137,train,ok,10062,0.006,
tile_005138,train,ok,12699,0.005,
tile_005139,train,ok,11275,0.005,
tile_005140,train,ok,13072,0.005,
tile_005141,train,ok,12848,0.006,
tile_005142,train,ok,12704,0.005,
tile_005143,train,ok,12560,0.006,
tile_005144,train,ok,12059,0.006,
tile_005145,train,ok,11401,0.005,
tile_005146,train,ok,11878,0.005,
tile_005147,train,ok,10590,0.005,
tile_005148,train,ok,10188,0.006,
tile_005149,train,ok,10801,0.005,
tile_005150,train,ok,11321,0.005,
tile_005151,val,ok,11335,0.006,
tile_005152,val,ok,12623,0.005,
tile_005153,test,ok,13061,0.005,
tile_005154,train,ok,11827,0.006,
tile_005155,train,ok,11998,0.007,
tile_005156,test,ok,12617,0.006,
tile_005157,test,ok,12512,0.006,
tile_005158,test,ok,11470,0.006,
tile_005159,train,ok,12709,0.006,
tile_005160,train,ok,12449,0.005,
tile_005161,val,ok,12199,0.006,
tile_005162,val,ok,12744,0.006,
tile_005163,train,ok,12573,0.005,
tile_005164,train,ok,12876,0.005,
tile_005165,train,ok,11895,0.006,
tile_005166,train,ok,12431,0.005,
tile_005167,train,ok,11364,0.005,
tile_005168,train,ok,12272,0.006,
tile_005169,train,ok,11520,0.005,
tile_005170,train,ok,10946,0.005,
tile_005171,train,ok,12642,0.005,
tile_005172,train,ok,12322,0.006,
tile_005173,train,ok,12704,0.005,
tile_005174,train,ok,12038,0.006,
tile_005175,train,ok,9443,0.006,
tile_005176,train,ok,11442,0.005,
tile_005177,train,ok,11932,0.005,
tile_005178,train,ok,12795,0.005,
tile_005179,train,ok,11550,0.006,
tile_005180,train,ok,12615,0.005,
tile_005181,train,ok,11176,0.005,
tile_005182,train,ok,10774,0.005,
tile_005183,train,ok,11954,0.006,
tile_005184,train,ok,12592,0.006,
tile_005185,train,ok,12120,0.005,
tile_005186,train,ok,8868,0.005,
tile_005187,train,ok,12056,0.006,
tile_005188,train,ok,10277,0.006,
tile_005189,train,ok,11357,0.006,
tile_005190,train,ok,12321,0.005,
tile_005191,val,ok,10383,0.006,
tile_005192,val,ok,11673,0.006,
tile_005193,test,ok,12977,0.006,
tile_005194,train,ok,12146,0.005,
tile_005195,test,ok,13094,0.006,
tile_005196,train,ok,10548,0.005,
tile_005197,train,ok,12234,0.005,
tile_005198,train,ok,13092,0.006,
tile_005199,val,ok,11967,0.006,
tile_005200,val,ok,12808,0.006,
tile_005201,val,ok,11351,0.006,
tile_005202,val,ok,11551,0.006,
tile_005203,train,ok,12299,0.005,
tile_005204,train,ok,12340,0.005,
tile_005205,train,ok,12766,0.006,
tile_005206,train,ok,12967,0.005,
tile_005207,train,ok,12050,0.005,
tile_005208,train,ok,10949,0.005,
tile_005209,train,ok,11822,0.006,
tile_005210,train,ok,11424,0.005,
tile_005211,train,ok,11193,0.005,
tile_005212,train,ok,12442,0.005,
tile_005213,train,ok,12195,0.005,
tile_005214,train,ok,12318,0.005,
tile_005215,train,ok,12449,0.005,
tile_005216,train,ok,10531,0.005,
tile_005217,train,ok,13074,0.005,
tile_005218,train,ok,10907,0.005,
tile_005219,train,ok,12344,0.005,
tile_005220,train,ok,11010,0.006,
tile_005221,train,ok,11961,0.005,
tile_005222,train,ok,12778,0.005,
tile_005223,train,ok,12170,0.005,
tile_005224,train,ok,11505,0.006,
tile_005225,train,ok,11932,0.005,
tile_005226,train,ok,12877,0.005,
tile_005227,train,ok,11262,0.005,
tile_005228,train,ok,9860,0.005,
tile_005229,train,ok,10388,0.005,
tile_005230,train,ok,11601,0.005,
tile_005231,train,ok,12629,0.006,
tile_005232,train,ok,11481,0.005,
tile_005233,train,ok,12168,0.005,
tile_005234,val,ok,10562,0.006,
tile_005235,val,ok,13122,0.005,
tile_005236,train,ok,12525,0.005,
tile_005237,train,ok,10933,0.006,
tile_005238,train,ok,12867,0.005,
tile_005239,val,ok,9825,0.005,
tile_005240,val,ok,12724,0.006,
tile_005241,test,ok,12935,0.006,
tile_005242,train,ok,12966,0.006,
tile_005243,train,ok,12502,0.005,
tile_005244,train,ok,12938,0.006,
tile_005245,val,ok,12065,0.006,
tile_005246,val,ok,12178,0.005,
tile_005247,val,ok,12195,0.005,
tile_005248,val,ok,11899,0.006,
tile_005249,train,ok,11976,0.005,
tile_005250,train,ok,12927,0.005,
tile_005251,train,ok,12716,0.005,
tile_005252,train,ok,12409,0.006,
tile_005253,train,ok,12107,0.006,
tile_005254,train,ok,12814,0.005,
tile_005255,train,ok,12448,0.006,
tile_005256,train,ok,12197,0.006,
tile_005257,train,ok,12170,0.005,
tile_005258,train,ok,13008,0.006,
tile_005259,train,ok,11393,0.005,
tile_005260,train,ok,12160,0.005,
tile_005261,train,ok,11353,0.006,
tile_005262,train,ok,10407,0.006,
tile_005263,train,ok,12994,0.006,
tile_005264,train,ok,13054,0.006,
tile_005265,train,ok,12557,0.006,
tile_005266,train,ok,12718,0.005,
tile_005267,train,ok,12181,0.006,
tile_005268,train,ok,13000,0.006,
tile_005269,train,ok,13040,0.006,
tile_005270,train,ok,13089,0.005,
tile_005271,train,ok,13125,0.006,
tile_005272,train,ok,10339,0.006,
tile_005273,train,ok,12523,0.006,
tile_005274,train,ok,12518,0.005,
tile_005275,train,ok,12982,0.006,
tile_005276,train,ok,10421,0.006,
tile_005277,train,ok,12951,0.006,
tile_005278,train,ok,10433,0.005,
tile_005279,train,ok,12974,0.005,
tile_005280,train,ok,11713,0.005,
tile_005281,train,ok,10501,0.005,
tile_005282,train,ok,11639,0.005,
tile_005283,train,ok,10585,0.005,
tile_005284,train,ok,11292,0.005,
tile_005285,train,ok,12880,0.005,
tile_005286,train,ok,11920,0.005,
tile_005287,val,ok,12587,0.006,
tile_005288,val,ok,12122,0.006,
tile_005289,val,ok,11920,0.005,
tile_005290,val,ok,12034,0.006,
tile_005291,train,ok,12880,0.005,
tile_005292,val,ok,12594,0.005,
tile_005293,val,ok,12826,0.006,
tile_005294,test,ok,12213,0.005,
tile_005295,train,ok,13071,0.005,
tile_005296,train,ok,13009,0.005,
tile_005297,train,ok,12499,0.005,
tile_005298,test,ok,13093,0.006,
tile_005299,test,ok,12268,0.005,
tile_005300,train,ok,13009,0.005,
tile_005301,train,ok,12499,0.005,
tile_005302,train,ok,11742,0.005,
tile_005303,val,ok,12737,0.005,
tile_005304,val,ok,11765,0.006,
tile_005305,val,ok,12193,0.006,
tile_005306,val,ok,11302,0.006,
tile_005307,train,ok,12224,0.005,
tile_005308,train,ok,12641,0.005,
tile_005309,train,ok,12680,0.005,
tile_005310,train,ok,12528,0.006,
tile_005311,train,ok,12610,0.006,
tile_005312,train,ok,12079,0.005,
tile_005313,train,ok,11947,0.005,
tile_005314,train,ok,12748,0.006,
tile_005315,train,ok,12712,0.005,
tile_005316,train,ok,12954,0.005,
tile_005317,train,ok,11340,0.005,
tile_005318,train,ok,10744,0.005,
tile_005319,train,ok,9940,0.005,
tile_005320,train,ok,11987,0.006,
tile_005321,train,ok,11179,0.005,
tile_005322,train,ok,11448,0.005,
tile_005323,train,ok,12114,0.005,
tile_005324,train,ok,11944,0.005,
tile_005325,train,ok,12940,0.005,
tile_005326,train,ok,12866,0.006,
tile_005327,train,ok,12454,0.005,
tile_005328,train,ok,12985,0.006,
tile_005329,train,ok,11164,0.005,
tile_005330,train,ok,11856,0.005,
tile_005331,train,ok,12230,0.005,
tile_005332,train,ok,10626,0.006,
tile_005333,train,ok,11012,0.005,
tile_005334,train,ok,10969,0.005,
tile_005335,train,ok,12008,0.005,
tile_005336,train,ok,10557,0.005,
tile_005337,train,ok,12678,0.005,
tile_005338,train,ok,12956,0.005,
tile_005339,train,ok,12692,0.005,
tile_005340,train,ok,11231,0.005,
tile_005341,train,ok,10244,0.005,
tile_005342,train,ok,8459,0.005,
tile_005343,train,ok,12861,0.005,
tile_005344,train,ok,11030,0.005,
tile_005345,val,ok,12497,0.006,
tile_005346,train,ok,12870,0.005,
tile_005347,train,ok,12020,0.006,
tile_005348,train,ok,11033,0.005,
tile_005349,train,ok,12109,0.005,
tile_005350,train,ok,12537,0.005,
tile_005351,train,ok,12646,0.005,
tile_005352,train,ok,12684,0.006,
tile_005353,train,ok,12701,0.005,
tile_005354,train,ok,12908,0.006,
tile_005355,train,ok,10822,0.005,
tile_005356,train,ok,11721,0.007,
tile_005357,test,ok,12996,0.007,
tile_005358,test,ok,12868,0.007,
tile_005359,train,ok,12940,0.007,
tile_005360,train,ok,12284,0.007,
tile_005361,train,ok,12105,0.007,
tile_005362,train,ok,12097,0.007,
tile_005363,train,ok,12666,0.008,
tile_005364,train,ok,11265,0.007,
tile_005365,train,ok,12313,0.007,
tile_005366,test,ok,12911,0.006,
tile_005367,test,ok,13129,0.006,
tile_005368,test,ok,12686,0.007,
tile_005369,train,ok,11466,0.007,
tile_005370,train,ok,12697,0.006,
tile_005371,train,ok,12637,0.006,
tile_005372,train,ok,12978,0.006,
tile_005373,train,ok,13043,0.006,
tile_005374,train,ok,10595,0.006,
tile_005375,train,ok,12175,0.006,
tile_005376,train,ok,12484,0.006,
tile_005377,train,ok,11769,0.005,
tile_005378,train,ok,12903,0.006,
tile_005379,train,ok,11773,0.006,
tile_005380,train,ok,11071,0.006,
tile_005381,train,ok,12919,0.006,
tile_005382,train,ok,12952,0.006,
tile_005383,train,ok,12429,0.006,
tile_005384,train,ok,12694,0.006,
tile_005385,train,ok,11952,0.006,
tile_005386,train,ok,12644,0.006,
tile_005387,train,ok,12670,0.006,
tile_005388,test,ok,12735,0.006,
tile_005389,test,ok,11775,0.007,
tile_005390,test,ok,12571,0.006,
tile_005391,train,ok,12725,0.006,
tile_005392,train,ok,12988,0.008,
tile_005393,train,ok,12179,0.007,
tile_005394,train,ok,12344,0.007,
tile_005395,train,ok,12537,0.007,
tile_005396,train,ok,12125,0.007,
tile_005397,train,ok,12726,0.007,
tile_005398,train,ok,13119,0.007,
tile_005399,train,ok,13150,0.007,
tile_005400,test,ok,12618,0.008,
tile_005401,test,ok,11890,0.009,
tile_005402,train,ok,10082,0.008,
tile_005403,train,ok,12700,0.007,
tile_005404,train,ok,12571,0.008,
tile_005405,train,ok,13123,0.007,
tile_005406,train,ok,11558,0.007,
tile_005407,train,ok,12305,0.007,
tile_005408,train,ok,12274,0.007,
tile_005409,train,ok,13034,0.006,
tile_005410,train,ok,12700,0.006,
tile_005411,train,ok,13010,0.006,
tile_005412,train,ok,12513,0.006,
tile_005413,train,ok,12442,0.006,
tile_005414,train,ok,11413,0.006,
tile_005415,train,ok,9592,0.006,
tile_005416,train,ok,12144,0.006,
tile_005417,train,ok,11159,0.006,
tile_005418,train,ok,13104,0.006,
tile_005419,train,ok,11178,0.006,
tile_005420,train,ok,12787,0.005,
tile_005421,train,ok,12322,0.006,
tile_005422,train,ok,11464,0.006,
tile_005423,train,ok,13021,0.006,
tile_005424,test,ok,11294,0.01,
tile_005425,test,ok,11497,0.011,
tile_005426,test,ok,10317,0.01,
tile_005427,test,ok,12580,0.01,
tile_005428,train,ok,13049,0.007,
tile_005429,train,ok,12936,0.007,
tile_005430,train,ok,12292,0.008,
tile_005431,train,ok,11225,0.007,
tile_005432,train,ok,12898,0.008,
tile_005433,train,ok,12965,0.008,
tile_005434,test,ok,12026,0.008,
tile_005435,test,ok,13011,0.009,
tile_005436,test,ok,12836,0.008,
tile_005437,train,ok,12949,0.008,
tile_005438,train,ok,12194,0.008,
tile_005439,train,ok,12342,0.007,
tile_005440,train,ok,12488,0.008,
tile_005441,train,ok,12924,0.008,
tile_005442,train,ok,12551,0.007,
tile_005443,train,ok,12098,0.007,
tile_005444,train,ok,11636,0.007,
tile_005445,train,ok,11912,0.007,
tile_005446,train,ok,12033,0.008,
tile_005447,train,ok,12517,0.008,
tile_005448,train,ok,11543,0.007,
tile_005449,test,ok,12245,0.008,
tile_005450,train,ok,12584,0.007,
tile_005451,train,ok,12062,0.007,
tile_005452,train,ok,13134,0.006,
tile_005453,train,ok,12758,0.007,
tile_005454,val,ok,12225,0.006,
tile_005455,val,ok,12744,0.007,
tile_005456,val,ok,12397,0.006,
tile_005457,train,ok,12998,0.005,
tile_005458,train,ok,12735,0.006,
tile_005459,train,ok,12762,0.005,
tile_005460,train,ok,13035,0.006,
tile_005461,train,ok,12702,0.006,
tile_005462,train,ok,12754,0.005,
tile_005463,train,ok,11652,0.006,
tile_005464,train,ok,12852,0.005,
tile_005465,train,ok,11045,0.006,
tile_005466,train,ok,12434,0.005,
tile_005467,val,ok,10980,0.006,
tile_005468,val,ok,12462,0.006,
tile_005469,train,ok,10066,0.006,
tile_005470,train,ok,11710,0.005,
tile_005471,test,ok,12253,0.005,
tile_005472,test,ok,10821,0.006,
tile_005473,test,ok,11780,0.006,
tile_005474,train,ok,12348,0.006,
tile_005475,train,ok,12362,0.005,
tile_005476,train,ok,12331,0.005,
tile_005477,train,ok,13002,0.005,
tile_005478,test,ok,12997,0.006,
tile_005479,test,ok,12661,0.006,
tile_005480,train,ok,12488,0.006,
tile_005481,train,ok,11487,0.005,
tile_005482,train,ok,11610,0.006,
tile_005483,train,ok,12808,0.005,
tile_005484,train,ok,12569,0.005,
tile_005485,train,ok,11785,0.005,
tile_005486,train,ok,11593,0.005,
tile_005487,train,ok,13010,0.005,
tile_005488,train,ok,12193,0.006,
tile_005489,train,ok,11521,0.006,
tile_005490,train,ok,13144,0.006,
tile_005491,train,ok,12045,0.005,
tile_005492,train,ok,11435,0.006,
tile_005493,train,ok,10469,0.006,
tile_005494,train,ok,12087,0.005,
tile_005495,test,ok,12670,0.006,
tile_005496,test,ok,11859,0.006,
tile_005497,test,ok,12084,0.006,
tile_005498,test,ok,12396,0.006,
tile_005499,train,ok,12105,0.005,
tile_005500,train,ok,11979,0.006,
tile_005501,train,ok,12823,0.006,
tile_005502,train,ok,12601,0.006,
tile_005503,val,ok,12566,0.006,
tile_005504,val,ok,12769,0.006,
tile_005505,train,ok,11493,0.006,
tile_005506,train,ok,12155,0.006,
tile_005507,train,ok,12836,0.005,
tile_005508,train,ok,9920,0.006,
tile_005509,test,ok,12675,0.006,
tile_005510,train,ok,12384,0.006,
tile_005511,train,ok,12906,0.006,
tile_005512,train,ok,9728,0.005,
tile_005513,train,ok,10093,0.005,
tile_005514,train,ok,9834,0.006,
tile_005515,train,ok,9629,0.006,
tile_005516,train,ok,11770,0.005,
tile_005517,train,ok,13084,0.005,
tile_005518,train,ok,12741,0.006,
tile_005519,train,ok,12508,0.006,
tile_005520,train,ok,12954,0.006,
tile_005521,train,ok,11089,0.005,
tile_005522,train,ok,12668,0.006,
tile_005523,train,ok,13077,0.005,
tile_005524,train,ok,12808,0.006,
tile_005525,train,ok,12436,0.005,
tile_005526,train,ok,11437,0.005,
tile_005527,train,ok,12202,0.005,
tile_005528,train,ok,11973,0.005,
tile_005529,train,ok,11540,0.006,
tile_005530,train,ok,11866,0.005,
tile_005531,train,ok,12335,0.006,
tile_005532,train,ok,12166,0.006,
tile_005533,train,ok,11664,0.006,
tile_005534,test,ok,12942,0.006,
tile_005535,test,ok,11169,0.006,
tile_005536,test,ok,12245,0.006,
tile_005537,val,ok,12998,0.006,
tile_005538,val,ok,12102,0.006,
tile_005539,val,ok,12112,0.006,
tile_005540,val,ok,11741,0.007,
tile_005541,val,ok,12498,0.007,
tile_005542,val,ok,11561,0.008,
tile_005543,val,ok,12409,0.007,
tile_005544,val,ok,11812,0.008,
tile_005545,train,ok,12817,0.007,
tile_005546,train,ok,13026,0.007,
tile_005547,train,ok,11919,0.007,
tile_005548,train,ok,12828,0.007,
tile_005549,train,ok,12781,0.007,
tile_005550,test,ok,12637,0.008,
tile_005551,train,ok,12649,0.007,
tile_005552,train,ok,13052,0.007,
tile_005553,train,ok,12258,0.007,
tile_005554,train,ok,12704,0.008,
tile_005555,train,ok,11643,0.007,
tile_005556,train,ok,11007,0.008,
tile_005557,train,ok,10218,0.007,
tile_005558,train,ok,11680,0.008,
tile_005559,train,ok,11167,0.007,
tile_005560,train,ok,10422,0.008,
tile_005561,train,ok,11627,0.007,
tile_005562,train,ok,11992,0.007,
tile_005563,train,ok,12809,0.007,
tile_005564,train,ok,13020,0.006,
tile_005565,train,ok,12688,0.006,
tile_005566,train,ok,12776,0.006,
tile_005567,train,ok,12643,0.007,
tile_005568,train,ok,12519,0.007,
tile_005569,train,ok,12612,0.007,
tile_005570,train,ok,13132,0.007,
tile_005571,train,ok,12281,0.006,
tile_005572,train,ok,12215,0.006,
tile_005573,train,ok,12895,0.006,
tile_005574,train,ok,12118,0.006,
tile_005575,train,ok,12769,0.006,
tile_005576,train,ok,12163,0.006,
tile_005577,train,ok,12160,0.006,
tile_005578,train,ok,13101,0.006,
tile_005579,train,ok,12401,0.006,
tile_005580,train,ok,11895,0.006,
tile_005581,train,ok,12889,0.006,
tile_005582,test,ok,11822,0.006,
tile_005583,test,ok,11683,0.006,
tile_005584,test,ok,11167,0.007,
tile_005585,val,ok,12839,0.006,
tile_005586,val,ok,12839,0.006,
tile_005587,val,ok,12165,0.006,
tile_005588,val,ok,12485,0.007,
tile_005589,val,ok,12070,0.006,
tile_005590,val,ok,11975,0.007,
tile_005591,train,ok,11528,0.006,
tile_005592,train,ok,13033,0.006,
tile_005593,train,ok,12965,0.006,
tile_005594,train,ok,12975,0.005,
tile_005595,test,ok,12753,0.006,
tile_005596,test,ok,13017,0.007,
tile_005597,test,ok,11977,0.007,
tile_005598,test,ok,12177,0.008,
tile_005599,train,ok,13112,0.007,
tile_005600,train,ok,13113,0.006,
tile_005601,train,ok,13069,0.007,
tile_005602,train,ok,11115,0.007,
tile_005603,train,ok,11607,0.006,
tile_005604,train,ok,11073,0.006,
tile_005605,train,ok,10457,0.006,
tile_005606,train,ok,11220,0.006,
tile_005607,train,ok,8158,0.006,
tile_005608,train,ok,12624,0.006,
tile_005609,train,ok,8771,0.006,
tile_005610,train,ok,11649,0.006,
tile_005611,train,ok,12986,0.006,
tile_005612,train,ok,12326,0.006,
tile_005613,train,ok,12984,0.006,
tile_005614,train,ok,13094,0.006,
tile_005615,train,ok,12706,0.006,
tile_005616,train,ok,12814,0.006,
tile_005617,train,ok,11394,0.006,
tile_005618,train,ok,11809,0.006,
tile_005619,train,ok,12247,0.006,
tile_005620,train,ok,12846,0.006,
tile_005621,train,ok,11472,0.006,
tile_005622,train,ok,11721,0.006,
tile_005623,train,ok,11382,0.006,
tile_005624,train,ok,12368,0.006,
tile_005625,test,ok,12053,0.006,
tile_005626,test,ok,10807,0.006,
tile_005627,test,ok,12180,0.006,
tile_005628,val,ok,12819,0.007,
tile_005629,val,ok,12271,0.007,
tile_005630,val,ok,12093,0.006,
tile_005631,val,ok,12898,0.006,
tile_005632,val,ok,12292,0.006,
tile_005633,val,ok,12225,0.006,
tile_005634,train,ok,12011,0.006,
tile_005635,train,ok,11351,0.005,
tile_005636,train,ok,12908,0.006,
tile_005637,test,ok,12626,0.006,
tile_005638,test,ok,12468,0.006,
tile_005639,test,ok,12289,0.006,
tile_005640,test,ok,12821,0.006,
tile_005641,train,ok,12634,0.006,
tile_005642,train,ok,12654,0.006,
tile_005643,test,ok,12456,0.006,
tile_005644,test,ok,12200,0.007,
tile_005645,train,ok,12392,0.006,
tile_005646,train,ok,11553,0.007,
tile_005647,train,ok,12644,0.006,
tile_005648,train,ok,11920,0.006,
tile_005649,train,ok,12634,0.006,
tile_005650,train,ok,11025,0.006,
tile_005651,train,ok,11681,0.006,
tile_005652,train,ok,10825,0.006,
tile_005653,train,ok,11174,0.006,
tile_005654,train,ok,11649,0.006,
tile_005655,train,ok,11555,0.006,
tile_005656,train,ok,12909,0.006,
tile_005657,train,ok,12014,0.006,
tile_005658,train,ok,12860,0.006,
tile_005659,train,ok,11735,0.006,
tile_005660,train,ok,12445,0.006,
tile_005661,train,ok,12949,0.006,
tile_005662,train,ok,10963,0.005,
tile_005663,train,ok,12102,0.006,
tile_005664,train,ok,11771,0.006,
tile_005665,train,ok,11860,0.006,
tile_005666,train,ok,11681,0.006,
tile_005667,train,ok,11742,0.006,
tile_005668,train,ok,12367,0.006,
tile_005669,test,ok,11946,0.006,
tile_005670,test,ok,12743,0.006,
tile_005671,test,ok,10983,0.006,
tile_005672,val,ok,11732,0.006,
tile_005673,val,ok,12061,0.006,
tile_005674,val,ok,11906,0.006,
tile_005675,val,ok,11652,0.007,
tile_005676,val,ok,12060,0.007,
tile_005677,val,ok,12367,0.007,
tile_005678,val,ok,11489,0.006,
tile_005679,val,ok,11926,0.006,
tile_005680,train,ok,11583,0.006,
tile_005681,train,ok,11656,0.006,
tile_005682,train,ok,10796,0.006,
tile_005683,train,ok,11281,0.006,
tile_005684,train,ok,9252,0.006,
tile_005685,train,ok,12332,0.006,
tile_005686,test,ok,12362,0.006,
tile_005687,test,ok,12603,0.006,
tile_005688,test,ok,12532,0.006,
tile_005689,test,ok,12382,0.006,
tile_005690,train,ok,12506,0.005,
tile_005691,train,ok,10997,0.005,
tile_005692,train,ok,11317,0.005,
tile_005693,train,ok,8952,0.006,
tile_005694,train,ok,8819,0.005,
tile_005695,train,ok,6578,0.005,
tile_005696,train,ok,10919,0.006,
tile_005697,train,ok,10744,0.005,
tile_005698,train,ok,10810,0.005,
tile_005699,train,ok,11123,0.005,
tile_005700,train,ok,10088,0.005,
tile_005701,train,ok,11470,0.006,
tile_005702,train,ok,12295,0.006,
tile_005703,train,ok,12911,0.005,
tile_005704,val,ok,12421,0.006,
tile_005705,val,ok,12385,0.006,
tile_005706,train,ok,13137,0.006,
tile_005707,train,ok,12439,0.006,
tile_005708,train,ok,11704,0.006,
tile_005709,val,ok,12334,0.006,
tile_005710,val,ok,11274,0.006,
tile_005711,val,ok,12576,0.006,
tile_005712,val,ok,11669,0.006,
tile_005713,val,ok,11550,0.006,
tile_005714,val,ok,10997,0.006,
tile_005715,test,ok,12836,0.006,
tile_005716,test,ok,13079,0.006,
tile_005717,train,ok,11511,0.006,
tile_005718,train,ok,12886,0.006,
tile_005719,train,ok,11639,0.006,
tile_005720,train,ok,10890,0.006,
tile_005721,train,ok,11524,0.005,
tile_005722,train,ok,12490,0.005,
tile_005723,train,ok,11204,0.005,
tile_005724,train,ok,11935,0.006,
tile_005725,train,ok,11183,0.006,
tile_005726,train,ok,11810,0.006,
tile_005727,train,ok,11737,0.006,
tile_005728,train,ok,13084,0.006,
tile_005729,train,ok,12119,0.005,
tile_005730,train,ok,11891,0.005,
tile_005731,train,ok,12139,0.006,
tile_005732,train,ok,11134,0.006,
tile_005733,test,ok,10014,0.007,
tile_005734,test,ok,12643,0.006,
tile_005735,test,ok,12017,0.006,
tile_005736,train,ok,12628,0.007,
tile_005737,train,ok,12742,0.008,
tile_005738,train,ok,12152,0.007,
tile_005739,val,ok,11280,0.007,
tile_005740,val,ok,10111,0.009,
tile_005741,val,ok,11847,0.01,
tile_005742,train,ok,12885,0.009,
tile_005743,train,ok,11268,0.008,
tile_005744,train,ok,10390,0.008,
tile_005745,train,ok,11725,0.008,
tile_005746,train,ok,9845,0.008,
tile_005747,train,ok,10978,0.008,
tile_005748,train,ok,9747,0.008,
tile_005749,train,ok,11920,0.008,
tile_005750,val,ok,12778,0.008,
tile_005751,train,ok,12297,0.007,
tile_005752,train,ok,11552,0.008,
tile_005753,train,ok,12814,0.008,
tile_005754,train,ok,11406,0.008,
tile_005755,train,ok,9617,0.007,
tile_005756,train,ok,10076,0.008,
tile_005757,train,ok,10384,0.007,
tile_005758,train,ok,11101,0.008,
tile_005759,train,ok,11848,0.008,
tile_005760,train,ok,12852,0.009,
tile_005761,train,ok,12051,0.008,
tile_005762,train,ok,12628,0.008,
tile_005763,val,ok,12639,0.009,
tile_005764,val,ok,13017,0.009,
tile_005765,val,ok,11313,0.011,
tile_005766,val,ok,12751,0.01,
tile_005767,val,ok,12008,0.009,
tile_005768,val,ok,11466,0.008,
tile_005769,val,ok,9266,0.008,
tile_005770,val,ok,13038,0.008,
tile_005771,test,ok,12587,0.008,
tile_005772,test,ok,11953,0.008,
tile_005773,train,ok,11150,0.008,
tile_005774,train,ok,12435,0.008,
tile_005775,train,ok,12789,0.008,
tile_005776,train,ok,12238,0.007,
tile_005777,train,ok,12953,0.006,
tile_005778,train,ok,12731,0.006,
tile_005779,train,ok,12854,0.006,
tile_005780,train,ok,12798,0.006,
tile_005781,train,ok,12074,0.006,
tile_005782,train,ok,11568,0.007,
tile_005783,train,ok,11881,0.006,
tile_005784,train,ok,12946,0.006,
tile_005785,train,ok,10964,0.006,
tile_005786,train,ok,12403,0.006,
tile_005787,train,ok,12310,0.006,
tile_005788,train,ok,12293,0.006,
tile_005789,test,ok,11623,0.007,
tile_005790,test,ok,12648,0.007,
tile_005791,test,ok,12806,0.007,
tile_005792,train,ok,12932,0.007,
tile_005793,train,ok,13061,0.007,
tile_005794,val,ok,10971,0.007,
tile_005795,train,ok,13030,0.007,
tile_005796,train,ok,12052,0.005,
tile_005797,train,ok,11677,0.006,
tile_005798,train,ok,11825,0.005,
tile_005799,train,ok,10128,0.005,
tile_005800,train,ok,11708,0.005,
tile_005801,train,ok,10545,0.005,
tile_005802,train,ok,12330,0.006,
tile_005803,val,ok,12553,0.005,
tile_005804,train,ok,12881,0.005,
tile_005805,train,ok,11233,0.006,
tile_005806,train,ok,11150,0.005,
tile_005807,train,ok,11809,0.005,
tile_005808,train,ok,10926,0.005,
tile_005809,train,ok,12658,0.005,
tile_005810,train,ok,12870,0.006,
tile_005811,train,ok,13087,0.006,
tile_005812,train,ok,10457,0.006,
tile_005813,val,ok,10539,0.006,
tile_005814,val,ok,12437,0.006,
tile_005815,val,ok,12240,0.006,
tile_005816,val,ok,12760,0.006,
tile_005817,val,ok,12413,0.006,
tile_005818,val,ok,11887,0.006,
tile_005819,val,ok,12642,0.006,
tile_005820,val,ok,11861,0.006,
tile_005821,test,ok,12562,0.005,
tile_005822,test,ok,12053,0.005,
tile_005823,test,ok,12473,0.005,
tile_005824,train,ok,11780,0.006,
tile_005825,train,ok,12406,0.006,
tile_005826,train,ok,11291,0.006,
tile_005827,train,ok,12187,0.006,
tile_005828,train,ok,12951,0.006,
tile_005829,train,ok,11711,0.006,
tile_005830,train,ok,11707,0.005,
tile_005831,train,ok,12754,0.005,
tile_005832,train,ok,11919,0.005,
tile_005833,train,ok,11941,0.006,
tile_005834,train,ok,11424,0.006,
tile_005835,train,ok,12093,0.005,
tile_005836,train,ok,12932,0.006,
tile_005837,train,ok,11981,0.005,
tile_005838,test,ok,13015,0.006,
tile_005839,train,ok,11437,0.006,
tile_005840,train,ok,12510,0.005,
tile_005841,train,ok,12958,0.005,
tile_005842,train,ok,12739,0.005,
tile_005843,train,ok,9299,0.005,
tile_005844,train,ok,10131,0.006,
tile_005845,train,ok,11387,0.005,
tile_005846,train,ok,11632,0.005,
tile_005847,train,ok,12533,0.005,
tile_005848,train,ok,12933,0.005,
tile_005849,train,ok,11632,0.006,
tile_005850,train,ok,13069,0.005,
tile_005851,train,ok,11375,0.005,
tile_005852,train,ok,10607,0.006,
tile_005853,train,ok,10038,0.005,
tile_005854,val,ok,11373,0.006,
tile_005855,val,ok,12411,0.006,
tile_005856,train,ok,11540,0.005,
tile_005857,train,ok,9567,0.005,
tile_005858,val,ok,13112,0.006,
tile_005859,val,ok,12704,0.006,
tile_005860,val,ok,12276,0.005,
tile_005861,test,ok,12675,0.006,
tile_005862,test,ok,12786,0.006,
tile_005863,test,ok,11841,0.006,
tile_005864,train,ok,12242,0.005,
tile_005865,train,ok,11804,0.005,
tile_005866,train,ok,12347,0.005,
tile_005867,train,ok,12054,0.005,
tile_005868,train,ok,11925,0.005,
tile_005869,train,ok,12192,0.006,
tile_005870,train,ok,11931,0.005,
tile_005871,train,ok,12154,0.005,
tile_005872,train,ok,11916,0.005,
tile_005873,train,ok,12588,0.006,
tile_005874,train,ok,11787,0.005,
tile_005875,train,ok,12803,0.005,
tile_005876,train,ok,11747,0.005,
tile_005877,train,ok,13133,0.005,
tile_005878,test,ok,11379,0.005,
tile_005879,train,ok,13134,0.005,
tile_005880,train,ok,12881,0.006,
tile_005881,train,ok,11774,0.005,
tile_005882,train,ok,10959,0.006,
tile_005883,train,ok,13099,0.006,
tile_005884,train,ok,12326,0.006,
tile_005885,train,ok,12757,0.005,
tile_005886,val,ok,11808,0.005,
tile_005887,val,ok,11123,0.006,
tile_005888,test,ok,12599,0.006,
tile_005889,train,ok,12459,0.006,
tile_005890,train,ok,13083,0.005,
tile_005891,train,ok,13022,0.005,
tile_005892,train,ok,12934,0.005,
tile_005893,train,ok,12199,0.006,
tile_005894,train,ok,10383,0.006,
tile_005895,test,ok,11113,0.006,
tile_005896,test,ok,12076,0.006,
tile_005897,train,ok,11045,0.006,
tile_005898,train,ok,12571,0.006,
tile_005899,train,ok,12729,0.005,
tile_005900,train,ok,11565,0.007,
tile_005901,train,ok,11881,0.006,
tile_005902,train,ok,12393,0.006,
tile_005903,train,ok,12718,0.005,
tile_005904,train,ok,12093,0.005,
tile_005905,train,ok,12087,0.006,
tile_005906,test,ok,12276,0.006,
tile_005907,test,ok,12435,0.006,
tile_005908,test,ok,12638,0.006,
tile_005909,train,ok,12729,0.005,
tile_005910,train,ok,11176,0.005,
tile_005911,train,ok,11752,0.005,
tile_005912,train,ok,11479,0.005,
tile_005913,train,ok,12261,0.005,
tile_005914,train,ok,12862,0.006,
tile_005915,train,ok,10932,0.006,
tile_005916,train,ok,12912,0.053,
tile_005917,train,ok,11960,0.053,
tile_005918,train,ok,10949,0.053,
tile_005919,train,ok,11734,0.053,
tile_005920,train,ok,12780,0.006,
tile_005921,train,ok,12546,0.006,
tile_005922,train,ok,11652,0.006,
tile_005923,train,ok,11533,0.006,
tile_005924,train,ok,12187,0.006,
tile_005925,val,ok,9938,0.006,
tile_005926,val,ok,12322,0.006,
tile_005927,val,ok,12877,0.006,
tile_005928,train,ok,12520,0.006,
tile_005929,train,ok,13009,0.006,
tile_005930,train,ok,11254,0.006,
tile_005931,test,ok,12000,0.006,
tile_005932,test,ok,12553,0.006,
tile_005933,train,ok,12590,0.006,
tile_005934,train,ok,12231,0.006,
tile_005935,train,ok,11497,0.005,
tile_005936,train,ok,10667,0.006,
tile_005937,train,ok,11605,0.006,
tile_005938,test,ok,12318,0.006,
tile_005939,test,ok,9997,0.006,
tile_005940,train,ok,11398,0.006,
tile_005941,train,ok,12445,0.006,
tile_005942,train,ok,12607,0.006,
tile_005943,train,ok,11847,0.005,
tile_005944,train,ok,12994,0.006,
tile_005945,train,ok,12290,0.006,
tile_005946,test,ok,11605,0.006,
tile_005947,test,ok,12136,0.006,
tile_005948,test,ok,11725,0.006,
tile_005949,train,ok,12052,0.006,
tile_005950,train,ok,12122,0.006,
tile_005951,train,ok,13068,0.006,
tile_005952,train,ok,13109,0.006,
tile_005953,train,ok,12321,0.006,
tile_005954,train,ok,11523,0.006,
tile_005955,train,ok,11490,0.006,
tile_005956,train,ok,11582,0.006,
tile_005957,train,ok,11783,0.006,
tile_005958,train,ok,12526,0.006,
tile_005959,train,ok,12534,0.006,
tile_005960,train,ok,12557,0.006,
tile_005961,train,ok,13092,0.006,
tile_005962,train,ok,11137,0.006,
tile_005963,train,ok,9454,0.006,
tile_005964,train,ok,12436,0.006,
tile_005965,train,ok,11726,0.006,
tile_005966,val,ok,13112,0.007,
tile_005967,val,ok,12358,0.006,
tile_005968,val,ok,12423,0.006,
tile_005969,train,ok,12866,0.006,
tile_005970,train,ok,12823,0.006,
tile_005971,test,ok,13119,0.006,
tile_005972,test,ok,11850,0.006,
tile_005973,train,ok,11705,0.006,
tile_005974,train,ok,11876,0.006,
tile_005975,train,ok,11735,0.006,
tile_005976,train,ok,12109,0.006,
tile_005977,test,ok,12036,0.006,
tile_005978,test,ok,11195,0.006,
tile_005979,train,ok,12949,0.006,
tile_005980,train,ok,12516,0.007,
tile_005981,train,ok,13006,0.006,
tile_005982,train,ok,12878,0.006,
tile_005983,train,ok,12624,0.006,
tile_005984,train,ok,11729,0.005,
tile_005985,train,ok,11816,0.005,
tile_005986,train,ok,12468,0.006,
tile_005987,train,ok,11565,0.005,
tile_005988,test,ok,11966,0.006,
tile_005989,test,ok,12152,0.006,
tile_005990,test,ok,13059,0.006,
tile_005991,train,ok,11405,0.006,
tile_005992,train,ok,12034,0.006,
tile_005993,train,ok,12055,0.006,
tile_005994,train,ok,12678,0.006,
tile_005995,train,ok,12113,0.006,
tile_005996,train,ok,12900,0.006,
tile_005997,train,ok,12970,0.006,
tile_005998,train,ok,12444,0.006,
tile_005999,train,ok,12015,0.006,
tile_006000,train,ok,12833,0.007,
tile_006001,train,ok,12806,0.007,
tile_006002,train,ok,12488,0.006,
tile_006003,train,ok,10199,0.006,
tile_006004,train,ok,10082,0.006,
tile_006005,train,ok,11323,0.006,
tile_006006,train,ok,12409,0.006,
tile_006007,train,ok,12833,0.006,
tile_006008,val,ok,11605,0.005,
tile_006009,val,ok,10493,0.006,
tile_006010,val,ok,12987,0.006,
tile_006011,val,ok,11402,0.006,
tile_006012,train,ok,12522,0.005,
tile_006013,train,ok,12592,0.005,
tile_006014,train,ok,12752,0.006,
tile_006015,train,ok,11495,0.005,
tile_006016,train,ok,10940,0.005,
tile_006017,test,ok,12721,0.005,
tile_006018,test,ok,12884,0.005,
tile_006019,train,ok,12152,0.005,
tile_006020,train,ok,12878,0.006,
tile_006021,train,ok,12935,0.005,
tile_006022,train,ok,12624,0.005,
tile_006023,train,ok,11387,0.005,
tile_006024,train,ok,12443,0.005,
tile_006025,train,ok,11878,0.005,
tile_006026,test,ok,12908,0.005,
tile_006027,test,ok,12373,0.005,
tile_006028,test,ok,13089,0.005,
tile_006029,train,ok,12270,0.005,
tile_006030,train,ok,13003,0.005,
tile_006031,train,ok,11528,0.005,
tile_006032,train,ok,12287,0.006,
tile_006033,train,ok,11404,0.005,
tile_006034,train,ok,11874,0.005,
tile_006035,train,ok,11802,0.005,
tile_006036,train,ok,11544,0.005,
tile_006037,train,ok,11765,0.005,
tile_006038,train,ok,12433,0.005,
tile_006039,train,ok,9239,0.005,
tile_006040,train,ok,9629,0.005,
tile_006041,train,ok,11271,0.005,
tile_006042,train,ok,11307,0.005,
tile_006043,train,ok,12085,0.005,
tile_006044,train,ok,12583,0.008,
tile_006045,test,ok,11686,0.009,
tile_006046,test,ok,11570,0.01,
tile_006047,test,ok,10575,0.009,
tile_006048,test,ok,11208,0.008,
tile_006049,test,ok,11369,0.007,
tile_006050,test,ok,12546,0.007,
tile_006051,test,ok,12372,0.008,
tile_006052,train,ok,13006,0.007,
tile_006053,train,ok,11396,0.007,
tile_006054,train,ok,12668,0.007,
tile_006055,train,ok,12493,0.006,
tile_006056,train,ok,12750,0.007,
tile_006057,train,ok,12796,0.006,
tile_006058,train,ok,11807,0.007,
tile_006059,val,ok,12842,0.007,
tile_006060,val,ok,12036,0.008,
tile_006061,val,ok,12425,0.007,
tile_006062,val,ok,11904,0.007,
tile_006063,train,ok,12073,0.007,
tile_006064,train,ok,12631,0.007,
tile_006065,train,ok,12679,0.007,
tile_006066,train,ok,11914,0.007,
tile_006067,train,ok,11395,0.007,
tile_006068,train,ok,12498,0.007,
tile_006069,val,ok,12275,0.008,
tile_006070,val,ok,11909,0.008,
tile_006071,val,ok,12989,0.008,
tile_006072,val,ok,12225,0.008,
tile_006073,val,ok,12224,0.008,
tile_006074,train,ok,12892,0.007,
tile_006075,train,ok,12940,0.007,
tile_006076,train,ok,12745,0.006,
tile_006077,test,ok,10858,0.006,
tile_006078,test,ok,12454,0.006,
tile_006079,test,ok,9778,0.006,
tile_006080,train,ok,12066,0.005,
tile_006081,train,ok,12527,0.005,
tile_006082,train,ok,12939,0.005,
tile_006083,train,ok,13011,0.005,
tile_006084,train,ok,12575,0.005,
tile_006085,train,ok,12610,0.005,
tile_006086,train,ok,12028,0.005,
tile_006087,val,ok,11289,0.005,
tile_006088,val,ok,12660,0.006,
tile_006089,val,ok,13037,0.006,
tile_006090,train,ok,12631,0.006,
tile_006091,train,ok,12449,0.006,
tile_006092,train,ok,12851,0.005,
tile_006093,train,ok,12466,0.005,
tile_006094,train,ok,11523,0.006,
tile_006095,train,ok,13093,0.005,
tile_006096,val,ok,12189,0.006,
tile_006097,val,ok,11710,0.006,
tile_006098,val,ok,12308,0.006,
tile_006099,val,ok,12125,0.005,
tile_006100,train,ok,11113,0.006,
tile_006101,train,ok,11876,0.005,
tile_006102,test,ok,12840,0.006,
tile_006103,train,ok,12172,0.005,
tile_006104,train,ok,11396,0.005,
tile_006105,train,ok,12638,0.005,
tile_006106,train,ok,12845,0.005,
tile_006107,train,ok,12648,0.005,
tile_006108,train,ok,12833,0.005,
tile_006109,val,ok,12648,0.005,
tile_006110,val,ok,12520,0.005,
tile_006111,val,ok,12585,0.006,
tile_006112,train,ok,12393,0.005,
tile_006113,train,ok,12985,0.005,
tile_006114,train,ok,12251,0.005,
tile_006115,train,ok,12865,0.005,
tile_006116,val,ok,11778,0.006,
tile_006117,val,ok,12520,0.006,
tile_006118,val,ok,11828,0.005,
tile_006119,val,ok,12737,0.006,
tile_006120,train,ok,12361,0.005,
tile_006121,train,ok,13024,0.005,
tile_006122,train,ok,11402,0.006,
tile_006123,test,ok,11050,0.005,
tile_006124,test,ok,12284,0.005,
tile_006125,test,ok,10867,0.005,
tile_006126,train,ok,12222,0.005,
tile_006127,train,ok,11494,0.005,
tile_006128,train,ok,12143,0.005,
tile_006129,train,ok,9241,0.005,
tile_006130,train,ok,10269,0.005,
tile_006131,train,ok,12852,0.005,
tile_006132,val,ok,12908,0.006,
tile_006133,val,ok,12271,0.005,
tile_006134,val,ok,12250,0.006,
tile_006135,train,ok,12540,0.005,
tile_006136,train,ok,11437,0.005,
tile_006137,train,ok,12224,0.005,
tile_006138,train,ok,12212,0.005,
tile_006139,val,ok,12221,0.006,
tile_006140,val,ok,11490,0.005,
tile_006141,val,ok,11230,0.005,
tile_006142,val,ok,12482,0.006,
tile_006143,val,ok,10886,0.005,
tile_006144,val,ok,12645,0.005,
tile_006145,train,ok,13108,0.005,
tile_006146,train,ok,13056,0.005,
tile_006147,train,ok,11137,0.005,
tile_006148,train,ok,12045,0.005,
tile_006149,train,ok,11944,0.005,
tile_006150,train,ok,12530,0.005,
tile_006151,train,ok,11416,0.005,
tile_006152,train,ok,12010,0.005,
tile_006153,train,ok,12760,0.005,
tile_006154,train,ok,11848,0.005,
tile_006155,train,ok,11196,0.005,
tile_006156,train,ok,11279,0.005,
tile_006157,test,ok,11030,0.006,
tile_006158,test,ok,12971,0.006,
tile_006159,test,ok,12415,0.006,
tile_006160,train,ok,12540,0.005,
tile_006161,train,ok,13088,0.005,
tile_006162,train,ok,10717,0.005,
tile_006163,train,ok,9849,0.005,
tile_006164,train,ok,12464,0.005,
tile_006165,train,ok,12251,0.005,
tile_006166,train,ok,12164,0.005,
tile_006167,train,ok,11937,0.005,
tile_006168,train,ok,11846,0.005,
tile_006169,train,ok,11214,0.005,
tile_006170,train,ok,12118,0.005,
tile_006171,train,ok,12502,0.005,
tile_006172,train,ok,11652,0.005,
tile_006173,train,ok,12931,0.005,
tile_006174,train,ok,12773,0.005,
tile_006175,train,ok,12008,0.005,
tile_006176,train,ok,11264,0.006,
tile_006177,train,ok,12442,0.005,
tile_006178,train,ok,10877,0.005,
tile_006179,train,ok,12647,0.005,
tile_006180,train,ok,12966,0.005,
tile_006181,train,ok,12952,0.006,
tile_006182,train,ok,12941,0.005,
tile_006183,train,ok,11098,0.005,
tile_006184,train,ok,11684,0.005,
tile_006185,train,ok,13076,0.005,
tile_006186,test,ok,11982,0.005,
tile_006187,test,ok,11292,0.005,
tile_006188,test,ok,12463,0.006,
tile_006189,train,ok,11719,0.005,
tile_006190,train,ok,10907,0.005,
tile_006191,train,ok,12889,0.005,
tile_006192,train,ok,11834,0.005,
tile_006193,train,ok,13146,0.006,
tile_006194,train,ok,12439,0.005,
tile_006195,train,ok,13067,0.005,
tile_006196,train,ok,11673,0.005,
tile_006197,train,ok,12531,0.005,
tile_006198,train,ok,12791,0.005,
tile_006199,train,ok,12559,0.005,
tile_006200,train,ok,12204,0.006,
tile_006201,train,ok,12662,0.005,
tile_006202,train,ok,12441,0.005,
tile_006203,train,ok,12881,0.005,
tile_006204,train,ok,12475,0.005,
tile_006205,train,ok,12643,0.005,
tile_006206,train,ok,11356,0.005,
tile_006207,train,ok,11831,0.005,
tile_006208,train,ok,10903,0.005,
tile_006209,train,ok,11378,0.005,
tile_006210,train,ok,11143,0.006,
tile_006211,test,ok,12216,0.006,
tile_006212,test,ok,12695,0.006,
tile_006213,train,ok,11636,0.005,
tile_006214,train,ok,12813,0.006,
tile_006215,train,ok,12384,0.005,
tile_006216,train,ok,12772,0.006,
tile_006217,train,ok,12412,0.006,
tile_006218,train,ok,12642,0.005,
tile_006219,train,ok,11921,0.006,
tile_006220,train,ok,12997,0.006,
tile_006221,train,ok,11176,0.006,
tile_006222,train,ok,11507,0.006,
tile_006223,train,ok,11636,0.006,
tile_006224,train,ok,12060,0.006,
tile_006225,train,ok,11924,0.006,
tile_006226,train,ok,12096,0.006,
tile_006227,train,ok,12525,0.005,
tile_006228,val,ok,12139,0.006,
tile_006229,val,ok,12622,0.006,
tile_006230,train,ok,12069,0.006,
tile_006231,train,ok,12461,0.006,
tile_006232,train,ok,11105,0.006,
tile_006233,train,ok,10777,0.006,
tile_006234,train,ok,11349,0.005,
tile_006235,train,ok,12534,0.005,
tile_006236,train,ok,12393,0.006,
tile_006237,train,ok,12852,0.006,
tile_006238,train,ok,11244,0.005,
tile_006239,train,ok,11635,0.005,
tile_006240,train,ok,11115,0.006,
tile_006241,train,ok,12302,0.005,
tile_006242,train,ok,12516,0.005,
tile_006243,train,ok,12058,0.005,
tile_006244,train,ok,12289,0.006,
tile_006245,train,ok,12209,0.006,
tile_006246,train,ok,12808,0.006,
tile_006247,train,ok,10739,0.006,
tile_006248,train,ok,12551,0.024,
tile_006249,train,ok,12905,0.023,
tile_006250,test,ok,11708,0.023,
tile_006251,test,ok,12582,0.023,
tile_006252,test,ok,11202,0.006,
tile_006253,train,ok,13027,0.006,
tile_006254,train,ok,12468,0.006,
tile_006255,train,ok,11597,0.006,
tile_006256,train,ok,13147,0.006,
tile_006257,train,ok,12434,0.005,
tile_006258,train,ok,12919,0.005,
tile_006259,train,ok,12668,0.005,
tile_006260,val,ok,11457,0.006,
tile_006261,train,ok,13136,0.006,
tile_006262,train,ok,12222,0.006,
tile_006263,train,ok,12194,0.006,
tile_006264,train,ok,12577,0.006,
tile_006265,train,ok,11988,0.005,
tile_006266,test,ok,11222,0.006,
tile_006267,test,ok,12902,0.006,
tile_006268,train,ok,12644,0.006,
tile_006269,val,ok,12233,0.006,
tile_006270,val,ok,12402,0.006,
tile_006271,train,ok,11784,0.006,
tile_006272,train,ok,12308,0.006,
tile_006273,train,ok,10818,0.006,
tile_006274,train,ok,13127,0.005,
tile_006275,train,ok,13095,0.006,
tile_006276,train,ok,12114,0.005,
tile_006277,val,ok,12992,0.006,
tile_006278,val,ok,12610,0.006,
tile_006279,test,ok,12526,0.005,
tile_006280,test,ok,11622,0.005,
tile_006281,val,ok,12314,0.006,
tile_006282,val,ok,12869,0.006,
tile_006283,train,ok,12229,0.005,
tile_006284,train,ok,11142,0.006,
tile_006285,train,ok,12599,0.006,
tile_006286,train,ok,13143,0.006,
tile_006287,train,ok,12688,0.005,
tile_006288,train,ok,12441,0.005,
tile_006289,train,ok,12558,0.006,
tile_006290,train,ok,12912,0.006,
tile_006291,test,ok,12640,0.006,
tile_006292,test,ok,12736,0.006,
tile_006293,test,ok,12210,0.005,
tile_006294,test,ok,12320,0.005,
tile_006295,train,ok,11542,0.005,
tile_006296,val,ok,12427,0.006,
tile_006297,val,ok,11767,0.006,
tile_006298,val,ok,12563,0.006,
tile_006299,val,ok,11872,0.006,
tile_006300,train,ok,12578,0.005,
tile_006301,test,ok,12755,0.005,
tile_006302,test,ok,11410,0.006,
tile_006303,test,ok,10995,0.006,
tile_006304,train,ok,12456,0.005,
tile_006305,train,ok,12816,0.005,
tile_006306,train,ok,12726,0.005,
tile_006307,train,ok,12247,0.005,
tile_006308,val,ok,11200,0.005,
tile_006309,train,ok,12426,0.005,
tile_006310,train,ok,11287,0.005,
tile_006311,train,ok,13021,0.005,
tile_006312,train,ok,10536,0.005,
tile_006313,train,ok,12782,0.005,
tile_006314,train,ok,12635,0.005,
tile_006315,train,ok,12338,0.005,
tile_006316,val,ok,12903,0.006,
tile_006317,train,ok,11762,0.005,
tile_006318,train,ok,12215,0.005,
tile_006319,train,ok,12723,0.005,
tile_006320,train,ok,12992,0.005,
tile_006321,train,ok,12293,0.006,
tile_006322,train,ok,12421,0.005,
tile_006323,train,ok,12073,0.005,
tile_006324,train,ok,12620,0.006,
tile_006325,train,ok,12148,0.006,
tile_006326,train,ok,11303,0.005,
tile_006327,train,ok,12204,0.005,
tile_006328,train,ok,13087,0.005,
tile_006329,train,ok,10567,0.006,
tile_006330,val,ok,10690,0.006,
tile_006331,val,ok,11140,0.005,
tile_006332,train,ok,12437,0.005,
tile_006333,train,ok,11125,0.006,
tile_006334,train,ok,12239,0.006,
tile_006335,train,ok,12043,0.006,
tile_006336,train,ok,11698,0.005,
tile_006337,train,ok,12642,0.005,
tile_006338,train,ok,12654,0.005,
tile_006339,train,ok,12102,0.005,
tile_006340,train,ok,12939,0.005,
tile_006341,train,ok,12715,0.005,
tile_006342,train,ok,12968,0.005,
tile_006343,train,ok,12755,0.005,
tile_006344,train,ok,12170,0.005,
tile_006345,train,ok,11284,0.006,
tile_006346,train,ok,11650,0.006,
tile_006347,train,ok,11869,0.006,
tile_006348,val,ok,12925,0.006,
tile_006349,train,ok,11159,0.005,
tile_006350,train,ok,11584,0.006,
tile_006351,train,ok,12285,0.006,
tile_006352,train,ok,13040,0.005,
tile_006353,train,ok,12333,0.005,
tile_006354,train,ok,12732,0.006,
tile_006355,train,ok,12600,0.005,
tile_006356,train,ok,12598,0.006,
tile_006357,train,ok,10026,0.006,
tile_006358,train,ok,11349,0.005,
tile_006359,train,ok,12075,0.006,
tile_006360,train,ok,11302,0.005,
tile_006361,train,ok,12801,0.006,
tile_006362,train,ok,12444,0.006,
tile_006363,train,ok,10757,0.006,
tile_006364,train,ok,12538,0.005,
tile_006365,train,ok,12061,0.006,
tile_006366,train,ok,11242,0.005,
tile_006367,train,ok,11130,0.005,
tile_006368,train,ok,12447,0.005,
tile_006369,train,ok,12124,0.006,
tile_006370,train,ok,13043,0.006,
tile_006371,train,ok,12752,0.005,
tile_006372,train,ok,12774,0.005,
tile_006373,train,ok,12409,0.005,
tile_006374,val,ok,11361,0.006,
tile_006375,train,ok,9059,0.005,
tile_006376,train,ok,11041,0.005,
tile_006377,train,ok,12473,0.005,
tile_006378,train,ok,10778,0.005,
tile_006379,train,ok,10644,0.005,
tile_006380,train,ok,12892,0.005,
tile_006381,train,ok,12513,0.005,
tile_006382,train,ok,11218,0.006,
tile_006383,train,ok,12311,0.006,
tile_006384,train,ok,12828,0.006,
tile_006385,train,ok,12520,0.008,
tile_006386,train,ok,12698,0.008,
tile_006387,val,ok,12923,0.009,
tile_006388,train,ok,11390,0.009,
tile_006389,train,ok,10836,0.007,
tile_006390,train,ok,10209,0.007,
tile_006391,train,ok,12462,0.006,
tile_006392,train,ok,11943,0.007,
tile_006393,train,ok,10331,0.007,
tile_006394,train,ok,10409,0.007,
tile_006395,train,ok,11950,0.008,
tile_006396,train,ok,12825,0.007,
tile_006397,train,ok,12809,0.007,
tile_006398,train,ok,11970,0.007,
tile_006399,train,ok,11219,0.007,
tile_006400,train,ok,12409,0.006,
tile_006401,train,ok,12943,0.008,
tile_006402,train,ok,12444,0.008,
tile_006403,train,ok,12315,0.008,
tile_006404,train,ok,12314,0.008,
tile_006405,val,ok,12443,0.008,
tile_006406,train,ok,12710,0.007,
tile_006407,train,ok,13102,0.007,
tile_006408,train,ok,12583,0.008,
tile_006409,train,ok,12817,0.007,
tile_006410,train,ok,11887,0.006,
tile_006411,train,ok,8611,0.007,
tile_006412,train,ok,12754,0.007,
tile_006413,train,ok,11712,0.007,
tile_006414,train,ok,11528,0.007,
tile_006415,train,ok,12210,0.007,
tile_006416,val,ok,13095,0.008,
tile_006417,val,ok,13128,0.007,
tile_006418,val,ok,12916,0.008,
tile_006419,val,ok,12313,0.007,
tile_006420,train,ok,12819,0.007,
tile_006421,train,ok,11650,0.006,
tile_006422,train,ok,11225,0.005,
tile_006423,train,ok,12676,0.006,
tile_006424,train,ok,10346,0.005,
tile_006425,train,ok,10064,0.006,
tile_006426,train,ok,11876,0.006,
tile_006427,train,ok,12920,0.005,
tile_006428,train,ok,12793,0.006,
tile_006429,train,ok,12193,0.007,
tile_006430,train,ok,11269,0.007,
tile_006431,train,ok,12040,0.007,
tile_006432,val,ok,11998,0.006,
tile_006433,val,ok,12530,0.007,
tile_006434,val,ok,12800,0.006,
tile_006435,train,ok,12828,0.005,
tile_006436,train,ok,11012,0.005,
tile_006437,train,ok,12005,0.005,
tile_006438,train,ok,13011,0.005,
tile_006439,test,ok,12892,0.006,
tile_006440,test,ok,12764,0.006,
tile_006441,train,ok,12576,0.005,
tile_006442,train,ok,12725,0.005,
tile_006443,train,ok,12501,0.005,
tile_006444,train,ok,11831,0.005,
tile_006445,train,ok,12937,0.006,
tile_006446,train,ok,10315,0.005,
tile_006447,train,ok,10016,0.005,
tile_006448,train,ok,11811,0.006,
tile_006449,train,ok,12874,0.005,
tile_006450,train,ok,13061,0.005,
tile_006451,train,ok,12397,0.005,
tile_006452,val,ok,11694,0.006,
tile_006453,val,ok,12824,0.005,
tile_006454,val,ok,12319,0.006,
tile_006455,train,ok,12364,0.005,
tile_006456,train,ok,11404,0.006,
tile_006457,test,ok,12426,0.006,
tile_006458,test,ok,10516,0.006,
tile_006459,train,ok,13070,0.005,
tile_006460,train,ok,11827,0.006,
tile_006461,train,ok,13055,0.006,
tile_006462,test,ok,13042,0.006,
tile_006463,test,ok,13057,0.006,
tile_006464,test,ok,12399,0.006,
tile_006465,test,ok,11693,0.005,
tile_006466,train,ok,12340,0.005,
tile_006467,train,ok,11013,0.005,
tile_006468,train,ok,12629,0.006,
tile_006469,train,ok,13087,0.006,
tile_006470,train,ok,12941,0.006,
tile_006471,test,ok,10462,0.005,
tile_006472,test,ok,10068,0.006,
tile_006473,test,ok,12332,0.005,
tile_006474,train,ok,12650,0.005,
tile_006475,train,ok,11355,0.005,
tile_006476,train,ok,13066,0.005,
tile_006477,test,ok,12975,0.005,
tile_006478,test,ok,13089,0.006,
tile_006479,train,ok,12869,0.005,
tile_006480,test,ok,10982,0.006,
tile_006481,train,ok,12878,0.006,
tile_006482,test,ok,12290,0.005,
tile_006483,test,ok,11928,0.005,
tile_006484,test,ok,11454,0.006,
tile_006485,train,ok,12031,0.005,
tile_006486,train,ok,11743,0.005,
tile_006487,train,ok,11999,0.005,
tile_006488,test,ok,11261,0.006,
tile_006489,val,ok,13044,0.006,
tile_006490,train,ok,12269,0.006,
tile_006491,train,ok,13030,0.006,
tile_006492,train,ok,12709,0.005,
tile_006493,test,ok,12590,0.006,
tile_006494,train,ok,11828,0.005,
tile_006495,test,ok,12226,0.006,
tile_006496,train,ok,13123,0.006,
tile_006497,train,ok,12386,0.006,
tile_006498,test,ok,12980,0.006,
tile_006499,train,ok,12761,0.006,
tile_006500,train,ok,12708,0.005,
tile_006501,train,ok,13118,0.006,
tile_006502,test,ok,13033,0.006,
tile_006503,test,ok,12893,0.006,
tile_006504,train,ok,13065,0.005,
tile_006505,test,ok,13090,0.006,
tile_006506,train,ok,12620,0.005,
tile_006507,val,ok,11030,0.005,
tile_006508,val,ok,11380,0.006,
tile_006509,train,ok,12192,0.005,
tile_006510,train,ok,11570,0.005,
tile_006511,train,ok,12427,0.006,
tile_006512,train,ok,12993,0.006,
tile_006513,train,ok,12211,0.006,
tile_006514,train,ok,11061,0.005,
tile_006515,train,ok,11707,0.005,
tile_006516,val,ok,13100,0.008,
tile_006517,train,ok,12217,0.007,
tile_006518,val,ok,12625,0.007,
tile_006519,train,ok,12996,0.007,
tile_006520,train,ok,11562,0.006,
tile_006521,train,ok,13125,0.006,
tile_006522,train,ok,12659,0.005,
tile_006523,val,ok,12470,0.005,
tile_006524,val,ok,12904,0.006,
tile_006525,train,ok,11208,0.006,
tile_006526,train,ok,11206,0.006,
tile_006527,train,ok,12982,0.006,
tile_006528,train,ok,12976,0.005,
tile_006529,val,ok,11157,0.006,
tile_006530,train,ok,12225,0.006,
tile_006531,train,ok,12082,0.005,
tile_006532,train,ok,12612,0.006,
tile_006533,train,ok,12918,0.005,
tile_006534,train,ok,11754,0.006,
tile_006535,train,ok,12885,0.005,
tile_006536,train,ok,12714,0.005,
tile_006537,train,ok,12529,0.005,
tile_006538,train,ok,12441,0.005,
tile_006539,train,ok,12770,0.005,
tile_006540,train,ok,13096,0.006,
tile_006541,train,ok,11743,0.007,
tile_006542,train,ok,11411,0.006,
tile_006543,train,ok,12977,0.006,
tile_006544,train,ok,12976,0.006,
tile_006545,train,ok,11604,0.005,
tile_006546,train,ok,12991,0.006,
tile_006547,train,ok,12637,0.005,
tile_006548,val,ok,12883,0.005,
tile_006549,train,ok,13094,0.005,
tile_006550,train,ok,10533,0.005,
tile_006551,train,ok,11449,0.005,
tile_006552,train,ok,12164,0.006,
tile_006553,train,ok,12277,0.005,
tile_006554,train,ok,13112,0.005,
tile_006555,train,ok,11429,0.005,
tile_006556,train,ok,11737,0.005,
tile_006557,val,ok,13068,0.006,
tile_006558,train,ok,11334,0.005,
tile_006559,train,ok,11273,0.006,
tile_006560,train,ok,11981,0.006,
tile_006561,train,ok,12759,0.005,
tile_006562,train,ok,12269,0.005,
tile_006563,train,ok,12520,0.005,
tile_006564,train,ok,12669,0.006,
tile_006565,train,ok,12514,0.006,
tile_006566,train,ok,12966,0.006,
tile_006567,train,ok,11512,0.006,
tile_006568,train,ok,12110,0.006,
tile_006569,train,ok,12278,0.006,
tile_006570,train,ok,12322,0.006,
tile_006571,train,ok,12612,0.006,
tile_006572,test,ok,11390,0.006,
tile_006573,test,ok,12085,0.006,
tile_006574,train,ok,11412,0.006,
tile_006575,test,ok,12162,0.006,
tile_006576,test,ok,11902,0.006,
tile_006577,test,ok,12329,0.006,
tile_006578,test,ok,12415,0.006,
tile_006579,train,ok,13033,0.005,
tile_006580,train,ok,12863,0.006,
tile_006581,train,ok,12979,0.006,
tile_006582,train,ok,11837,0.006,
tile_006583,train,ok,13000,0.005,
tile_006584,train,ok,12923,0.006,
tile_006585,train,ok,12670,0.006,
tile_006586,train,ok,12861,0.006,
tile_006587,train,ok,12008,0.005,
tile_006588,train,ok,13048,0.005,
tile_006589,train,ok,13054,0.006,
tile_006590,train,ok,10127,0.006,
tile_006591,train,ok,10053,0.005,
tile_006592,val,ok,12900,0.006,
tile_006593,train,ok,12924,0.005,
tile_006594,train,ok,12688,0.005,
tile_006595,train,ok,12868,0.005,
tile_006596,train,ok,12491,0.006,
tile_006597,train,ok,12603,0.005,
tile_006598,train,ok,12112,0.005,
tile_006599,train,ok,12277,0.005,
tile_006600,train,ok,11148,0.005,
tile_006601,train,ok,11114,0.005,
tile_006602,train,ok,11876,0.005,
tile_006603,test,ok,12823,0.006,
tile_006604,train,ok,11422,0.006,
tile_006605,train,ok,11908,0.006,
tile_006606,val,ok,12961,0.005,
tile_006607,test,ok,12853,0.006,
tile_006608,val,ok,11010,0.006,
tile_006609,test,ok,12318,0.006,
tile_006610,train,ok,12000,0.005,
tile_006611,train,ok,12564,0.005,
tile_006612,train,ok,12288,0.005,
tile_006613,test,ok,12883,0.005,
tile_006614,train,ok,10344,0.005,
tile_006615,train,ok,12644,0.005,
tile_006616,train,ok,12658,0.005,
tile_006617,train,ok,11555,0.005,
tile_006618,train,ok,10956,0.006,
tile_006619,train,ok,12638,0.006,
tile_006620,train,ok,11194,0.005,
tile_006621,train,ok,12309,0.005,
tile_006622,train,ok,11150,0.005,
tile_006623,train,ok,12900,0.005,
tile_006624,train,ok,12889,0.006,
tile_006625,train,ok,12797,0.005,
tile_006626,train,ok,11820,0.005,
tile_006627,train,ok,12452,0.005,
tile_006628,train,ok,12864,0.006,
tile_006629,train,ok,12071,0.006,
tile_006630,train,ok,10329,0.006,
tile_006631,train,ok,9519,0.005,
tile_006632,train,ok,12820,0.005,
tile_006633,train,ok,12935,0.005,
tile_006634,train,ok,12845,0.005,
tile_006635,test,ok,12888,0.005,
tile_006636,train,ok,12517,0.006,
tile_006637,train,ok,11898,0.005,
tile_006638,train,ok,11799,0.005,
tile_006639,train,ok,12557,0.005,
tile_006640,test,ok,11592,0.006,
tile_006641,train,ok,13032,0.005,
tile_006642,train,ok,12228,0.006,
tile_006643,train,ok,12801,0.005,
tile_006644,train,ok,12459,0.005,
tile_006645,train,ok,12587,0.005,
tile_006646,test,ok,11752,0.006,
tile_006647,train,ok,12958,0.005,
tile_006648,train,ok,12903,0.005,
tile_006649,train,ok,12805,0.005,
tile_006650,train,ok,9342,0.005,
tile_006651,train,ok,11423,0.005,
tile_006652,train,ok,13068,0.006,
tile_006653,train,ok,12641,0.006,
tile_006654,train,ok,12634,0.005,
tile_006655,train,ok,11482,0.005,
tile_006656,val,ok,11559,0.006,
tile_006657,train,ok,11808,0.006,
tile_006658,train,ok,12941,0.005,
tile_006659,train,ok,11054,0.005,
tile_006660,train,ok,12670,0.006,
tile_006661,train,ok,10288,0.006,
tile_006662,train,ok,12684,0.006,
tile_006663,train,ok,12184,0.005,
tile_006664,train,ok,11070,0.006,
tile_006665,train,ok,11202,0.006,
tile_006666,train,ok,12949,0.006,
tile_006667,train,ok,13058,0.006,
tile_006668,train,ok,12739,0.005,
tile_006669,train,ok,13100,0.005,
tile_006670,train,ok,9466,0.005,
tile_006671,train,ok,12825,0.006,
tile_006672,train,ok,12579,0.006,
tile_006673,train,ok,12341,0.006,
tile_006674,train,ok,12217,0.006,
tile_006675,test,ok,12704,0.006,
tile_006676,train,ok,12987,0.006,
tile_006677,train,ok,11411,0.005,
tile_006678,train,ok,11531,0.005,
tile_006679,train,ok,12705,0.005,
tile_006680,train,ok,12844,0.006,
tile_006681,train,ok,10802,0.005,
tile_006682,test,ok,12052,0.005,
tile_006683,test,ok,12087,0.005,
tile_006684,train,ok,12733,0.006,
tile_006685,val,ok,11382,0.005,
tile_006686,train,ok,12415,0.006,
tile_006687,train,ok,11368,0.005,
tile_006688,train,ok,12204,0.005,
tile_006689,train,ok,12414,0.005,
tile_006690,train,ok,12886,0.005,
tile_006691,train,ok,9352,0.005,
tile_006692,train,ok,9879,0.005,
tile_006693,train,ok,11129,0.005,
tile_006694,train,ok,11211,0.005,
tile_006695,train,ok,12456,0.005,
tile_006696,train,ok,11581,0.006,
tile_006697,train,ok,9995,0.006,
tile_006698,train,ok,12658,0.006,
tile_006699,val,ok,11493,0.006,
tile_006700,train,ok,12925,0.005,
tile_006701,test,ok,13086,0.006,
tile_006702,train,ok,12145,0.005,
tile_006703,train,ok,12428,0.006,
tile_006704,val,ok,12596,0.006,
tile_006705,train,ok,12585,0.006,
tile_006706,train,ok,12630,0.005,
tile_006707,train,ok,11616,0.005,
tile_006708,train,ok,12942,0.006,
tile_006709,train,ok,12396,0.006,
tile_006710,test,ok,12130,0.006,
tile_006711,test,ok,12620,0.006,
tile_006712,val,ok,11634,0.006,
tile_006713,train,ok,12619,0.006,
tile_006714,train,ok,12028,0.006,
tile_006715,train,ok,11446,0.006,
tile_006716,train,ok,12890,0.006,
tile_006717,train,ok,12156,0.006,
tile_006718,train,ok,11840,0.006,
tile_006719,train,ok,12480,0.006,
tile_006720,train,ok,12277,0.006,
tile_006721,val,ok,12306,0.006,
tile_006722,val,ok,11078,0.006,
tile_006723,val,ok,12217,0.006,
tile_006724,train,ok,12033,0.005,
tile_006725,train,ok,11135,0.005,
tile_006726,train,ok,12120,0.005,
tile_006727,train,ok,12867,0.006,
tile_006728,train,ok,12190,0.008,
tile_006729,train,ok,13078,0.008,
tile_006730,val,ok,12017,0.009,
tile_006731,train,ok,11613,0.009,
tile_006732,train,ok,9208,0.008,
tile_006733,train,ok,12993,0.008,
tile_006734,val,ok,12157,0.007,
tile_006735,val,ok,13112,0.008,
tile_006736,train,ok,12922,0.007,
tile_006737,train,ok,12610,0.007,
tile_006738,train,ok,12042,0.007,
tile_006739,train,ok,12047,0.007,
tile_006740,train,ok,12758,0.007,
tile_006741,train,ok,12720,0.007,
tile_006742,train,ok,11506,0.007,
tile_006743,train,ok,12882,0.007,
tile_006744,val,ok,11736,0.013,
tile_006745,train,ok,9137,0.011,
tile_006746,train,ok,10933,0.011,
tile_006747,train,ok,11150,0.01,
tile_006748,val,ok,12936,0.007,
tile_006749,val,ok,12172,0.008,
tile_006750,val,ok,10076,0.007,
tile_006751,train,ok,11172,0.007,
tile_006752,train,ok,12997,0.006,
tile_006753,train,ok,11355,0.007,
tile_006754,train,ok,13084,0.007,
tile_006755,train,ok,13042,0.007,
tile_006756,train,ok,13057,0.006,
tile_006757,train,ok,12063,0.007,
tile_006758,train,ok,12159,0.007,
tile_006759,val,ok,10845,0.008,
tile_006760,val,ok,11283,0.008,
tile_006761,train,ok,10389,0.006,
tile_006762,train,ok,13090,0.007,
tile_006763,train,ok,12333,0.006,
tile_006764,train,ok,9749,0.007,
tile_006765,train,ok,12885,0.006,
tile_006766,train,ok,12698,0.007,
tile_006767,train,ok,11967,0.007,
tile_006768,train,ok,10606,0.006,
tile_006769,train,ok,10823,0.006,
tile_006770,train,ok,12705,0.005,
tile_006771,train,ok,10611,0.005,
tile_006772,train,ok,10535,0.005,
tile_006773,val,ok,11051,0.006,
tile_006774,train,ok,12568,0.005,
tile_006775,train,ok,12921,0.005,
tile_006776,train,ok,11095,0.006,
tile_006777,train,ok,11078,0.005,
tile_006778,train,ok,12818,0.005,
tile_006779,train,ok,12059,0.006,
tile_006780,train,ok,11177,0.006,
tile_006781,train,ok,10317,0.006,
tile_006782,val,ok,10123,0.006,
tile_006783,train,ok,11435,0.005,
tile_006784,train,ok,12057,0.005,
tile_006785,train,ok,11151,0.005,
tile_006786,train,ok,8887,0.005,
tile_006787,train,ok,12601,0.005,
tile_006788,train,ok,12712,0.005,
tile_006789,test,ok,12850,0.006,
tile_006790,test,ok,12107,0.005,
tile_006791,train,ok,12051,0.005,
tile_006792,train,ok,10005,0.005,
tile_006793,test,ok,10340,0.006,
tile_006794,test,ok,9839,0.005,
tile_006795,test,ok,11486,0.005,
tile_006796,train,ok,12797,0.005,
tile_006797,train,ok,12858,0.006,
tile_006798,test,ok,11345,0.006,
tile_006799,test,ok,11969,0.006,
tile_006800,test,ok,10622,0.006,
tile_006801,test,ok,8652,0.006,
tile_006802,test,ok,9765,0.006,
tile_006803,train,ok,12731,0.006,
tile_006804,test,ok,12860,0.006,
tile_006805,test,ok,12666,0.006,
tile_006806,train,ok,12596,0.006,
tile_006807,train,ok,11971,0.005,
tile_006808,train,ok,12378,0.005,
tile_006809,train,ok,11862,0.005,
tile_006810,train,ok,10633,0.005,
tile_006811,train,ok,13086,0.005,
tile_006812,train,ok,10434,0.005,
tile_006813,train,ok,11955,0.005,
tile_006814,train,ok,13024,0.005,
tile_006815,train,ok,11185,0.005,
tile_006816,train,ok,12131,0.005,
tile_006817,train,ok,12801,0.005,
tile_006818,train,ok,12625,0.006,
tile_006819,train,ok,12723,0.005,
tile_006820,train,ok,11571,0.005,
tile_006821,train,ok,11449,0.005,
tile_006822,train,ok,12647,0.006,
tile_006823,train,ok,13034,0.006,
tile_006824,train,ok,12053,0.006,
tile_006825,train,ok,11675,0.005,
tile_006826,train,ok,12512,0.006,
tile_006827,train,ok,11054,0.005,
tile_006828,train,ok,12769,0.005,
tile_006829,train,ok,12439,0.005,
tile_006830,train,ok,12296,0.005,
tile_006831,train,ok,10387,0.005,
tile_006832,train,ok,12481,0.005,
tile_006833,train,ok,12852,0.005,
tile_006834,train,ok,11703,0.005,
tile_006835,train,ok,10787,0.005,
tile_006836,val,ok,13069,0.005,
tile_006837,val,ok,12040,0.006,
tile_006838,train,ok,11148,0.005,
tile_006839,test,ok,12697,0.006,
tile_006840,train,ok,12533,0.005,
tile_006841,train,ok,12280,0.005,
tile_006842,train,ok,9865,0.006,
tile_006843,train,ok,10473,0.005,
tile_006844,train,ok,11484,0.006,
tile_006845,train,ok,12837,0.006,
tile_006846,train,ok,12940,0.006,
tile_006847,train,ok,11774,0.005,
tile_006848,val,ok,12495,0.006,
tile_006849,val,ok,11485,0.005,
tile_006850,val,ok,11437,0.006,
tile_006851,train,ok,11316,0.005,
tile_006852,train,ok,10768,0.006,
tile_006853,train,ok,12167,0.006,
tile_006854,train,ok,12233,0.006,
tile_006855,train,ok,11286,0.005,
tile_006856,train,ok,10934,0.005,
tile_006857,train,ok,11127,0.005,
tile_006858,val,ok,13111,0.005,
tile_006859,val,ok,12299,0.005,
tile_006860,val,ok,12048,0.006,
tile_006861,val,ok,12839,0.006,
tile_006862,train,ok,12232,0.005,
tile_006863,test,ok,12579,0.005,
tile_006864,test,ok,10078,0.006,
tile_006865,test,ok,9138,0.006,
tile_006866,train,ok,10455,0.006,
tile_006867,train,ok,13092,0.006,
tile_006868,val,ok,12220,0.006,
tile_006869,val,ok,10626,0.005,
tile_006870,val,ok,10701,0.006,
tile_006871,val,ok,12063,0.006,
tile_006872,val,ok,11201,0.006,
tile_006873,val,ok,12613,0.006,
tile_006874,train,ok,11575,0.005,
tile_006875,train,ok,10267,0.005,
tile_006876,train,ok,10386,0.005,
tile_006877,train,ok,12928,0.005,
tile_006878,test,ok,11954,0.006,
tile_006879,test,ok,12919,0.006,
tile_006880,test,ok,11847,0.006,
tile_006881,train,ok,12719,0.005,
tile_006882,train,ok,12997,0.006,
tile_006883,train,ok,12689,0.005,
tile_006884,train,ok,11972,0.006,
tile_006885,train,ok,12059,0.005,
tile_006886,train,ok,10756,0.006,
tile_006887,train,ok,12855,0.005,
tile_006888,train,ok,12395,0.006,
tile_006889,train,ok,11845,0.006,
tile_006890,val,ok,11690,0.006,
tile_006891,val,ok,11594,0.006,
tile_006892,val,ok,12676,0.006,
tile_006893,val,ok,12914,0.006,
tile_006894,test,ok,12971,0.006,
tile_006895,test,ok,11480,0.006,
tile_006896,test,ok,10914,0.006,
tile_006897,test,ok,10752,0.006,
tile_006898,train,ok,12950,0.006,
tile_006899,train,ok,11698,0.005,
tile_006900,train,ok,12862,0.005,
tile_006901,train,ok,11833,0.005,
tile_006902,train,ok,11361,0.005,
tile_006903,train,ok,11998,0.005,
tile_006904,train,ok,12618,0.006,
tile_006905,train,ok,12319,0.006,
tile_006906,train,ok,12949,0.005,
tile_006907,train,ok,12814,0.005,
tile_006908,train,ok,13010,0.005,
tile_006909,val,ok,12073,0.006,
tile_006910,train,ok,11545,0.006,
tile_006911,train,ok,12085,0.006,
tile_006912,train,ok,12460,0.005,
tile_006913,train,ok,13123,0.006,
tile_006914,train,ok,12681,0.005,
tile_006915,val,ok,12110,0.006,
tile_006916,val,ok,11890,0.006,
tile_006917,val,ok,12645,0.005,
tile_006918,val,ok,12419,0.006,
tile_006919,test,ok,11791,0.006,
tile_006920,test,ok,11082,0.007,
tile_006921,test,ok,12773,0.007,
tile_006922,train,ok,12709,0.006,
tile_006923,train,ok,13075,0.006,
tile_006924,train,ok,12292,0.006,
tile_006925,train,ok,12909,0.005,
tile_006926,train,ok,11794,0.006,
tile_006927,test,ok,11365,0.006,
tile_006928,train,ok,11714,0.006,
tile_006929,train,ok,12440,0.006,
tile_006930,train,ok,11367,0.006,
tile_006931,train,ok,12586,0.005,
tile_006932,train,ok,13009,0.006,
tile_006933,train,ok,12767,0.005,
tile_006934,train,ok,11928,0.005,
tile_006935,train,ok,12348,0.005,
tile_006936,val,ok,12594,0.006,
tile_006937,val,ok,12945,0.006,
tile_006938,val,ok,11727,0.006,
tile_006939,test,ok,12767,0.006,
tile_006940,test,ok,12967,0.007,
tile_006941,test,ok,13002,0.006,
tile_006942,train,ok,13031,0.006,
tile_006943,train,ok,12515,0.006,
tile_006944,train,ok,11729,0.006,
tile_006945,train,ok,11531,0.006,
tile_006946,test,ok,10691,0.006,
tile_006947,train,ok,12690,0.006,
tile_006948,train,ok,7537,0.006,
tile_006949,train,ok,10086,0.006,
tile_006950,train,ok,12546,0.006,
tile_006951,train,ok,13036,0.006,
tile_006952,train,ok,11870,0.005,
tile_006953,train,ok,10605,0.005,
tile_006954,val,ok,12137,0.006,
tile_006955,val,ok,11951,0.006,
tile_006956,test,ok,12720,0.006,
tile_006957,train,ok,11885,0.005,
tile_006958,train,ok,12503,0.005,
tile_006959,train,ok,12615,0.006,
tile_006960,train,ok,12610,0.006,
tile_006961,train,ok,12053,0.005,
tile_006962,test,ok,12600,0.006,
tile_006963,test,ok,12768,0.006,
tile_006964,train,ok,9571,0.006,
tile_006965,train,ok,11627,0.006,
tile_006966,train,ok,9838,0.005,
tile_006967,train,ok,13088,0.005,
tile_006968,train,ok,11774,0.006,
tile_006969,train,ok,9545,0.005,
tile_006970,train,ok,12689,0.005,
tile_006971,val,ok,12710,0.006,
tile_006972,train,ok,12211,0.005,
tile_006973,train,ok,13072,0.005,
tile_006974,train,ok,12111,0.005,
tile_006975,train,ok,11690,0.005,
tile_006976,val,ok,11684,0.005,
tile_006977,val,ok,12842,0.006,
tile_006978,val,ok,11420,0.006,
tile_006979,val,ok,11715,0.005,
tile_006980,test,ok,11676,0.006,
tile_006981,test,ok,12221,0.006,
tile_006982,test,ok,13099,0.005,
tile_006983,train,ok,12578,0.005,
tile_006984,train,ok,11753,0.006,
tile_006985,train,ok,12875,0.006,
tile_006986,train,ok,11946,0.006,
tile_006987,val,ok,13129,0.006,
tile_006988,train,ok,12118,0.006,
tile_006989,train,ok,12920,0.005,
tile_006990,train,ok,11889,0.005,
tile_006991,train,ok,11550,0.006,
tile_006992,train,ok,12521,0.006,
tile_006993,train,ok,11638,0.006,
tile_006994,train,ok,11726,0.006,
tile_006995,val,ok,10744,0.006,
tile_006996,val,ok,11897,0.006,
tile_006997,val,ok,11565,0.006,
tile_006998,test,ok,10962,0.006,
tile_006999,test,ok,10841,0.006,
tile_007000,test,ok,12119,0.006,
tile_007001,train,ok,12749,0.005,
tile_007002,val,ok,12711,0.006,
tile_007003,val,ok,12427,0.006,
tile_007004,val,ok,11711,0.006,
tile_007005,train,ok,9275,0.006,
tile_007006,val,ok,12922,0.006,
tile_007007,train,ok,10081,0.005,
tile_007008,val,ok,12144,0.006,
tile_007009,val,ok,11496,0.006,
tile_007010,val,ok,11523,0.006,
tile_007011,test,ok,10772,0.006,
tile_007012,test,ok,11655,0.006,
tile_007013,test,ok,13070,0.006,
tile_007014,train,ok,11185,0.006,
tile_007015,train,ok,10147,0.006,
tile_007016,train,ok,12484,0.005,
tile_007017,train,ok,10577,0.005,
tile_007018,val,ok,12968,0.006,
tile_007019,val,ok,12275,0.006,
tile_007020,train,ok,12416,0.006,
tile_007021,train,ok,12177,0.006,
tile_007022,train,ok,10912,0.006,
tile_007023,train,ok,13084,0.005,
tile_007024,train,ok,12565,0.006,
tile_007025,train,ok,12014,0.006,
tile_007026,train,ok,12144,0.006,
tile_007027,train,ok,11707,0.005,
tile_007028,train,ok,10833,0.005,
tile_007029,train,ok,12361,0.005,
tile_007030,train,ok,11856,0.005,
tile_007031,train,ok,12450,0.005,
tile_007032,train,ok,11099,0.006,
tile_007033,train,ok,11366,0.006,
tile_007034,train,ok,11413,0.006,
tile_007035,train,ok,11714,0.006,
tile_007036,train,ok,12430,0.006,
tile_007037,train,ok,13101,0.006,
tile_007038,train,ok,12429,0.005,
tile_007039,test,ok,11647,0.006,
tile_007040,train,ok,13070,0.006,
tile_007041,test,ok,12537,0.006,
tile_007042,train,ok,11825,0.005,
tile_007043,train,ok,9712,0.006,
tile_007044,train,ok,12643,0.006,
tile_007045,train,ok,12939,0.006,
tile_007046,train,ok,12828,0.005,
tile_007047,train,ok,12512,0.006,
tile_007048,train,ok,12794,0.006,
tile_007049,train,ok,12846,0.006,
tile_007050,train,ok,10420,0.005,
tile_007051,train,ok,10235,0.005,
tile_007052,train,ok,11150,0.005,
tile_007053,test,ok,10521,0.006,
tile_007054,test,ok,11733,0.006,
tile_007055,train,ok,11711,0.005,
tile_007056,train,ok,11228,0.006,
tile_007057,train,ok,13097,0.006,
tile_007058,train,ok,10664,0.006,
tile_007059,train,ok,12267,0.005,
tile_007060,train,ok,12258,0.006,
tile_007061,train,ok,13016,0.005,
tile_007062,train,ok,12190,0.005,
tile_007063,val,ok,12294,0.006,
tile_007064,test,ok,12990,0.007,
tile_007065,train,ok,13082,0.006,
tile_007066,train,ok,12266,0.006,
tile_007067,train,ok,7556,0.008,
tile_007068,train,ok,12170,0.009,
tile_007069,train,ok,9752,0.008,
tile_007070,train,ok,12083,0.009,
tile_007071,train,ok,12674,0.007,
tile_007072,train,ok,11462,0.006,
tile_007073,train,ok,10254,0.007,
tile_007074,test,ok,11923,0.008,
tile_007075,train,ok,12222,0.007,
tile_007076,train,ok,11704,0.007,
tile_007077,train,ok,12903,0.007,
tile_007078,train,ok,12592,0.007,
tile_007079,test,ok,13025,0.007,
tile_007080,train,ok,11756,0.007,
tile_007081,train,ok,13053,0.007,
tile_007082,train,ok,11344,0.007,
tile_007083,train,ok,12305,0.007,
tile_007084,train,ok,11433,0.007,
tile_007085,train,ok,12004,0.007,
tile_007086,train,ok,12784,0.008,
tile_007087,test,ok,11470,0.008,
tile_007088,train,ok,12585,0.007,
tile_007089,train,ok,12878,0.007,
tile_007090,train,ok,10763,0.007,
tile_007091,train,ok,12158,0.007,
tile_007092,train,ok,13133,0.007,
tile_007093,test,ok,11593,0.007,
tile_007094,train,ok,10318,0.007,
tile_007095,train,ok,11370,0.007,
tile_007096,train,ok,12437,0.007,
tile_007097,train,ok,12714,0.007,
tile_007098,train,ok,12828,0.007,
tile_007099,train,ok,10228,0.007,
tile_007100,train,ok,12045,0.007,
tile_007101,train,ok,11286,0.007,
tile_007102,test,ok,12312,0.008,
tile_007103,train,ok,11125,0.007,
tile_007104,train,ok,12631,0.007,
tile_007105,train,ok,11369,0.007,
tile_007106,train,ok,11408,0.007,
tile_007107,train,ok,12704,0.007,
tile_007108,train,ok,9844,0.006,
tile_007109,val,ok,12841,0.006,
tile_007110,train,ok,12107,0.005,
tile_007111,val,ok,13106,0.006,
tile_007112,train,ok,12846,0.006,
tile_007113,train,ok,12840,0.006,
tile_007114,train,ok,11330,0.005,
tile_007115,train,ok,9958,0.006,
tile_007116,test,ok,12539,0.005,
tile_007117,test,ok,12604,0.006,
tile_007118,train,ok,12871,0.005,
tile_007119,train,ok,12410,0.006,
tile_007120,train,ok,12266,0.006,
tile_007121,train,ok,12128,0.006,
tile_007122,train,ok,11074,0.006,
tile_007123,train,ok,11648,0.006,
tile_007124,val,ok,12178,0.006,
tile_007125,train,ok,12592,0.005,
tile_007126,train,ok,13126,0.005,
tile_007127,train,ok,11278,0.005,
tile_007128,train,ok,11436,0.006,
tile_007129,test,ok,12885,0.006,
tile_007130,test,ok,12648,0.006,
tile_007131,test,ok,11902,0.005,
tile_007132,train,ok,12589,0.005,
tile_007133,train,ok,13018,0.005,
tile_007134,train,ok,10992,0.005,
tile_007135,train,ok,12525,0.005,
tile_007136,train,ok,12024,0.005,
tile_007137,train,ok,12259,0.005,
tile_007138,train,ok,12267,0.005,
tile_007139,train,ok,12349,0.005,
tile_007140,train,ok,12672,0.006,
tile_007141,train,ok,12542,0.005,
tile_007142,train,ok,12337,0.006,
tile_007143,val,ok,12330,0.006,
tile_007144,train,ok,12886,0.006,
tile_007145,train,ok,12758,0.005,
tile_007146,train,ok,12073,0.005,
tile_007147,train,ok,12734,0.005,
tile_007148,train,ok,12991,0.006,
tile_007149,train,ok,12686,0.005,
tile_007150,train,ok,13045,0.005,
tile_007151,train,ok,11971,0.006,
tile_007152,val,ok,12624,0.006,
tile_007153,train,ok,12646,0.006,
tile_007154,train,ok,9846,0.005,
tile_007155,train,ok,8292,0.005,
tile_007156,train,ok,13011,0.005,
tile_007157,train,ok,11523,0.006,
tile_007158,train,ok,12041,0.006,
tile_007159,train,ok,13007,0.005,
tile_007160,train,ok,12640,0.006,
tile_007161,train,ok,12340,0.005,
tile_007162,train,ok,10065,0.005,
tile_007163,train,ok,12893,0.005,
tile_007164,train,ok,12189,0.005,
tile_007165,train,ok,11982,0.005,
tile_007166,train,ok,12238,0.005,
tile_007167,train,ok,12627,0.005,
tile_007168,train,ok,12555,0.006,
tile_007169,train,ok,11291,0.005,
tile_007170,train,ok,11666,0.005,
tile_007171,train,ok,12864,0.005,
tile_007172,train,ok,11807,0.006,
tile_007173,val,ok,13147,0.006,
tile_007174,train,ok,12381,0.006,
tile_007175,train,ok,12466,0.006,
tile_007176,train,ok,12447,0.006,
tile_007177,train,ok,12825,0.006,
tile_007178,train,ok,11773,0.006,
tile_007179,train,ok,13045,0.006,
tile_007180,train,ok,11348,0.005,
tile_007181,test,ok,12511,0.005,
tile_007182,train,ok,11487,0.005,
tile_007183,test,ok,13052,0.006,
tile_007184,train,ok,12274,0.006,
tile_007185,train,ok,12449,0.006,
tile_007186,train,ok,12061,0.005,
tile_007187,train,ok,13027,0.006,
tile_007188,train,ok,12541,0.006,
tile_007189,train,ok,12182,0.006,
tile_007190,train,ok,11789,0.006,
tile_007191,train,ok,11997,0.005,
tile_007192,train,ok,12521,0.006,
tile_007193,val,ok,10528,0.006,
tile_007194,train,ok,10337,0.005,
tile_007195,train,ok,12061,0.005,
tile_007196,train,ok,10264,0.006,
tile_007197,train,ok,12699,0.006,
tile_007198,train,ok,12299,0.006,
tile_007199,train,ok,13075,0.006,
tile_007200,train,ok,12416,0.006,
tile_007201,test,ok,13145,0.006,
tile_007202,train,ok,12841,0.006,
tile_007203,train,ok,11829,0.005,
tile_007204,test,ok,13051,0.006,
tile_007205,test,ok,12179,0.006,
tile_007206,train,ok,11850,0.006,
tile_007207,train,ok,13092,0.006,
tile_007208,train,ok,13097,0.005,
tile_007209,train,ok,12897,0.005,
tile_007210,train,ok,11548,0.006,
tile_007211,train,ok,12769,0.006,
tile_007212,train,ok,11127,0.006,
tile_007213,val,ok,11645,0.006,
tile_007214,val,ok,12086,0.005,
tile_007215,train,ok,10469,0.005,
tile_007216,train,ok,10676,0.006,
tile_007217,train,ok,11673,0.005,
tile_007218,train,ok,12293,0.005,
tile_007219,train,ok,12858,0.006,
tile_007220,train,ok,11783,0.006,
tile_007221,train,ok,12456,0.006,
tile_007222,train,ok,11182,0.006,
tile_007223,train,ok,11782,0.006,
tile_007224,train,ok,10935,0.006,
tile_007225,train,ok,10903,0.006,
tile_007226,train,ok,12010,0.006,
tile_007227,test,ok,10337,0.006,
tile_007228,train,ok,11931,0.006,
tile_007229,train,ok,11654,0.006,
tile_007230,train,ok,12927,0.006,
tile_007231,train,ok,11847,0.006,
tile_007232,train,ok,11648,0.006,
tile_007233,train,ok,12326,0.005,
tile_007234,train,ok,12587,0.005,
tile_007235,train,ok,12319,0.005,
tile_007236,train,ok,12048,0.006,
tile_007237,train,ok,12314,0.006,
tile_007238,train,ok,11638,0.006,
tile_007239,train,ok,12817,0.006,
tile_007240,train,ok,12923,0.005,
tile_007241,train,ok,11989,0.006,
tile_007242,train,ok,13088,0.006,
tile_007243,train,ok,13018,0.006,
tile_007244,train,ok,13109,0.006,
tile_007245,train,ok,12880,0.006,
tile_007246,train,ok,12668,0.005,
tile_007247,train,ok,11455,0.006,
tile_007248,train,ok,11280,0.006,
tile_007249,train,ok,13008,0.005,
tile_007250,train,ok,12498,0.005,
tile_007251,test,ok,12880,0.006,
tile_007252,train,ok,12333,0.005,
tile_007253,train,ok,10741,0.006,
tile_007254,train,ok,11840,0.005,
tile_007255,train,ok,12226,0.005,
tile_007256,train,ok,11945,0.006,
tile_007257,train,ok,10728,0.005,
tile_007258,train,ok,9728,0.005,
tile_007259,train,ok,7982,0.005,
tile_007260,train,ok,8600,0.006,
tile_007261,val,ok,11291,0.006,
tile_007262,train,ok,12651,0.005,
tile_007263,train,ok,11278,0.005,
tile_007264,train,ok,12101,0.006,
tile_007265,train,ok,12762,0.006,
tile_007266,train,ok,12570,0.006,
tile_007267,train,ok,12356,0.006,
tile_007268,train,ok,11664,0.006,
tile_007269,train,ok,12820,0.006,
tile_007270,train,ok,12626,0.006,
tile_007271,train,ok,8938,0.006,
tile_007272,train,ok,9879,0.006,
tile_007273,train,ok,9012,0.006,
tile_007274,train,ok,12847,0.005,
tile_007275,train,ok,12763,0.005,
tile_007276,train,ok,12801,0.006,
tile_007277,train,ok,12523,0.006,
tile_007278,train,ok,8857,0.006,
tile_007279,train,ok,13059,0.005,
tile_007280,test,ok,12110,0.006,
tile_007281,train,ok,11717,0.005,
tile_007282,train,ok,12363,0.006,
tile_007283,train,ok,11946,0.006,
tile_007284,train,ok,13054,0.005,
tile_007285,train,ok,11646,0.005,
tile_007286,train,ok,11460,0.005,
tile_007287,train,ok,11837,0.005,
tile_007288,val,ok,11892,0.006,
tile_007289,train,ok,11772,0.006,
tile_007290,train,ok,12799,0.006,
tile_007291,train,ok,12901,0.006,
tile_007292,train,ok,12146,0.006,
tile_007293,train,ok,12787,0.005,
tile_007294,train,ok,11410,0.006,
tile_007295,train,ok,10377,0.005,
tile_007296,train,ok,10946,0.005,
tile_007297,train,ok,7432,0.005,
tile_007298,val,ok,11272,0.006,
tile_007299,val,ok,12677,0.006,
tile_007300,train,ok,12310,0.006,
tile_007301,train,ok,12005,0.006,
tile_007302,train,ok,13002,0.005,
tile_007303,train,ok,11492,0.006,
tile_007304,train,ok,11589,0.006,
tile_007305,train,ok,11305,0.005,
tile_007306,train,ok,12092,0.005,
tile_007307,train,ok,9049,0.005,
tile_007308,train,ok,8106,0.006,
tile_007309,train,ok,10773,0.006,
tile_007310,train,ok,10579,0.006,
tile_007311,train,ok,10011,0.006,
tile_007312,train,ok,12682,0.006,
tile_007313,train,ok,12265,0.006,
tile_007314,train,ok,9782,0.006,
tile_007315,train,ok,12091,0.005,
tile_007316,train,ok,12719,0.006,
tile_007317,train,ok,12450,0.006,
tile_007318,train,ok,12983,0.005,
tile_007319,train,ok,13080,0.005,
tile_007320,train,ok,10341,0.006,
tile_007321,train,ok,13082,0.006,
tile_007322,train,ok,12267,0.006,
tile_007323,train,ok,12663,0.006,
tile_007324,train,ok,9540,0.006,
tile_007325,train,ok,11170,0.006,
tile_007326,train,ok,12164,0.005,
tile_007327,train,ok,11978,0.006,
tile_007328,train,ok,10091,0.006,
tile_007329,train,ok,8801,0.005,
tile_007330,train,ok,12266,0.005,
tile_007331,train,ok,11912,0.005,
tile_007332,train,ok,11199,0.005,
tile_007333,train,ok,11683,0.006,
tile_007334,val,ok,12782,0.006,
tile_007335,train,ok,11878,0.005,
tile_007336,train,ok,10878,0.006,
tile_007337,train,ok,12771,0.006,
tile_007338,train,ok,11780,0.006,
tile_007339,train,ok,12698,0.006,
tile_007340,train,ok,12516,0.005,
tile_007341,train,ok,12944,0.006,
tile_007342,train,ok,11925,0.006,
tile_007343,train,ok,12838,0.005,
tile_007344,train,ok,12615,0.006,
tile_007345,train,ok,11593,0.006,
tile_007346,train,ok,12875,0.005,
tile_007347,train,ok,12428,0.006,
tile_007348,test,ok,12896,0.006,
tile_007349,test,ok,12453,0.006,
tile_007350,train,ok,12288,0.005,
tile_007351,train,ok,12688,0.005,
tile_007352,train,ok,12252,0.006,
tile_007353,train,ok,12929,0.006,
tile_007354,train,ok,11910,0.006,
tile_007355,train,ok,12916,0.005,
tile_007356,train,ok,12700,0.006,
tile_007357,train,ok,11460,0.006,
tile_007358,train,ok,10059,0.006,
tile_007359,train,ok,12572,0.005,
tile_007360,train,ok,11636,0.005,
tile_007361,train,ok,12046,0.005,
tile_007362,train,ok,11877,0.005,
tile_007363,train,ok,9591,0.006,
tile_007364,train,ok,10566,0.006,
tile_007365,train,ok,12253,0.005,
tile_007366,train,ok,12124,0.006,
tile_007367,train,ok,11242,0.006,
tile_007368,train,ok,12444,0.005,
tile_007369,train,ok,12334,0.005,
tile_007370,train,ok,12068,0.006,
tile_007371,train,ok,11775,0.006,
tile_007372,train,ok,12781,0.005,
tile_007373,train,ok,12320,0.005,
tile_007374,test,ok,13039,0.006,
tile_007375,train,ok,12338,0.006,
tile_007376,train,ok,12539,0.005,
tile_007377,train,ok,12802,0.006,
tile_007378,train,ok,12666,0.005,
tile_007379,train,ok,12223,0.005,
tile_007380,train,ok,13033,0.006,
tile_007381,train,ok,11114,0.006,
tile_007382,train,ok,9967,0.006,
tile_007383,train,ok,9521,0.005,
tile_007384,train,ok,11829,0.006,
tile_007385,train,ok,12919,0.006,
tile_007386,train,ok,11536,0.009,
tile_007387,train,ok,12845,0.007,
tile_007388,train,ok,12256,0.009,
tile_007389,val,ok,12660,0.01,
tile_007390,val,ok,12242,0.01,
tile_007391,val,ok,12675,0.009,
tile_007392,train,ok,11646,0.007,
tile_007393,train,ok,12880,0.007,
tile_007394,train,ok,13004,0.007,
tile_007395,train,ok,12548,0.007,
tile_007396,train,ok,11059,0.007,
tile_007397,train,ok,12637,0.007,
tile_007398,test,ok,11700,0.009,
tile_007399,train,ok,11957,0.007,
tile_007400,train,ok,12229,0.007,
tile_007401,train,ok,12221,0.007,
tile_007402,train,ok,12728,0.007,
tile_007403,train,ok,12708,0.007,
tile_007404,train,ok,11612,0.006,
tile_007405,train,ok,10213,0.007,
tile_007406,train,ok,10553,0.007,
tile_007407,train,ok,12420,0.007,
tile_007408,train,ok,11639,0.006,
tile_007409,train,ok,12420,0.007,
tile_007410,train,ok,12762,0.007,
tile_007411,train,ok,12499,0.008,
tile_007412,train,ok,12617,0.007,
tile_007413,train,ok,12800,0.008,
tile_007414,train,ok,12440,0.007,
tile_007415,val,ok,12437,0.009,
tile_007416,val,ok,12758,0.008,
tile_007417,train,ok,13081,0.007,
tile_007418,train,ok,11503,0.007,
tile_007419,train,ok,12237,0.007,
tile_007420,train,ok,11146,0.007,
tile_007421,train,ok,12330,0.007,
tile_007422,train,ok,12163,0.007,
tile_007423,train,ok,11847,0.007,
tile_007424,test,ok,10298,0.007,
tile_007425,test,ok,11849,0.008,
tile_007426,val,ok,11955,0.008,
tile_007427,train,ok,13048,0.006,
tile_007428,train,ok,13076,0.006,
tile_007429,train,ok,12924,0.005,
tile_007430,val,ok,12802,0.006,
tile_007431,train,ok,12645,0.005,
tile_007432,train,ok,11453,0.005,
tile_007433,train,ok,11209,0.005,
tile_007434,train,ok,9803,0.005,
tile_007435,train,ok,8548,0.006,
tile_007436,train,ok,9316,0.006,
tile_007437,train,ok,12477,0.005,
tile_007438,train,ok,12996,0.006,
tile_007439,train,ok,11926,0.006,
tile_007440,train,ok,10619,0.005,
tile_007441,train,ok,9329,0.006,
tile_007442,train,ok,10756,0.005,
tile_007443,train,ok,11360,0.006,
tile_007444,train,ok,11964,0.006,
tile_007445,test,ok,11920,0.044,
tile_007446,test,ok,11541,0.044,
tile_007447,train,ok,12856,0.044,
tile_007448,train,ok,12978,0.044,
tile_007449,train,ok,11595,0.006,
tile_007450,val,ok,12805,0.006,
tile_007451,val,ok,12496,0.006,
tile_007452,train,ok,12715,0.005,
tile_007453,train,ok,11796,0.006,
tile_007454,train,ok,12773,0.006,
tile_007455,train,ok,13075,0.006,
tile_007456,train,ok,12261,0.005,
tile_007457,train,ok,12740,0.006,
tile_007458,test,ok,12972,0.006,
tile_007459,test,ok,12462,0.006,
tile_007460,test,ok,12236,0.006,
tile_007461,test,ok,12407,0.005,
tile_007462,train,ok,12995,0.006,
tile_007463,train,ok,12675,0.005,
tile_007464,train,ok,13013,0.005,
tile_007465,val,ok,12973,0.006,
tile_007466,val,ok,11968,0.006,
tile_007467,train,ok,12225,0.006,
tile_007468,train,ok,12784,0.006,
tile_007469,train,ok,12044,0.005,
tile_007470,train,ok,11716,0.005,
tile_007471,train,ok,11028,0.005,
tile_007472,train,ok,12240,0.005,
tile_007473,train,ok,11822,0.006,
tile_007474,train,ok,12155,0.006,
tile_007475,test,ok,12039,0.006,
tile_007476,test,ok,12009,0.006,
tile_007477,test,ok,12365,0.006,
tile_007478,test,ok,12783,0.005,
tile_007479,test,ok,12863,0.006,
tile_007480,train,ok,13081,0.005,
tile_007481,train,ok,12548,0.005,
tile_007482,train,ok,12859,0.005,
tile_007483,train,ok,12975,0.005,
tile_007484,val,ok,12050,0.006,
tile_007485,val,ok,12506,0.006,
tile_007486,val,ok,12968,0.006,
tile_007487,test,ok,11896,0.006,
tile_007488,test,ok,11784,0.006,
tile_007489,train,ok,11874,0.006,
tile_007490,train,ok,12684,0.006,
tile_007491,train,ok,12941,0.005,
tile_007492,train,ok,12580,0.005,
tile_007493,train,ok,12723,0.005,
tile_007494,train,ok,12911,0.005,
tile_007495,train,ok,10039,0.006,
tile_007496,train,ok,12658,0.005,
tile_007497,train,ok,13131,0.006,
tile_007498,train,ok,12790,0.006,
tile_007499,train,ok,11652,0.006,
tile_007500,train,ok,10848,0.005,
tile_007501,val,ok,12815,0.006,
tile_007502,train,ok,13083,0.005,
tile_007503,train,ok,12511,0.006,
tile_007504,train,ok,12656,0.005,
tile_007505,train,ok,12835,0.006,
tile_007506,train,ok,12155,0.006,
tile_007507,train,ok,13085,0.005,
tile_007508,train,ok,11770,0.006,
tile_007509,train,ok,12540,0.006,
tile_007510,train,ok,9542,0.005,
tile_007511,train,ok,13047,0.005,
tile_007512,train,ok,12742,0.005,
tile_007513,val,ok,11756,0.006,
tile_007514,val,ok,12442,0.006,
tile_007515,val,ok,11589,0.006,
tile_007516,val,ok,12456,0.006,
tile_007517,test,ok,11600,0.006,
tile_007518,train,ok,12600,0.006,
tile_007519,train,ok,12637,0.006,
tile_007520,train,ok,10749,0.006,
tile_007521,train,ok,11713,0.006,
tile_007522,train,ok,11829,0.006,
tile_007523,val,ok,10889,0.005,
tile_007524,val,ok,13096,0.006,
tile_007525,train,ok,12506,0.006,
tile_007526,train,ok,12270,0.006,
tile_007527,train,ok,12564,0.006,
tile_007528,train,ok,11990,0.005,
tile_007529,train,ok,11155,0.006,
tile_007530,train,ok,12397,0.006,
tile_007531,train,ok,12955,0.006,
tile_007532,train,ok,11826,0.006,
tile_007533,train,ok,9517,0.006,
tile_007534,train,ok,12752,0.006,
tile_007535,train,ok,12820,0.006,
tile_007536,train,ok,11320,0.006,
tile_007537,train,ok,11946,0.006,
tile_007538,train,ok,12696,0.007,
tile_007539,train,ok,11842,0.006,
tile_007540,train,ok,12882,0.006,
tile_007541,val,ok,12205,0.006,
tile_007542,test,ok,11321,0.006,
tile_007543,test,ok,11077,0.006,
tile_007544,test,ok,12758,0.006,
tile_007545,train,ok,11835,0.006,
tile_007546,train,ok,12661,0.006,
tile_007547,train,ok,10958,0.006,
tile_007548,train,ok,11435,0.005,
tile_007549,val,ok,12078,0.006,
tile_007550,val,ok,12976,0.006,
tile_007551,val,ok,9906,0.006,
tile_007552,val,ok,9670,0.005,
tile_007553,train,ok,12677,0.006,
tile_007554,train,ok,11663,0.006,
tile_007555,train,ok,10916,0.006,
tile_007556,train,ok,12236,0.006,
tile_007557,train,ok,9194,0.006,
tile_007558,train,ok,11431,0.006,
tile_007559,train,ok,12923,0.006,
tile_007560,val,ok,10648,0.006,
tile_007561,train,ok,11451,0.006,
tile_007562,train,ok,12902,0.006,
tile_007563,train,ok,12936,0.006,
tile_007564,train,ok,10919,0.005,
tile_007565,train,ok,11060,0.006,
tile_007566,train,ok,12975,0.006,
tile_007567,train,ok,11418,0.006,
tile_007568,train,ok,12284,0.006,
tile_007569,train,ok,12670,0.005,
tile_007570,train,ok,12960,0.005,
tile_007571,test,ok,12776,0.006,
tile_007572,test,ok,11251,0.006,
tile_007573,test,ok,12680,0.006,
tile_007574,train,ok,11152,0.006,
tile_007575,train,ok,11935,0.005,
tile_007576,train,ok,13011,0.005,
tile_007577,train,ok,11559,0.005,
tile_007578,val,ok,11757,0.006,
tile_007579,val,ok,9276,0.006,
tile_007580,train,ok,11488,0.005,
tile_007581,train,ok,11259,0.006,
tile_007582,train,ok,12748,0.005,
tile_007583,train,ok,11319,0.005,
tile_007584,train,ok,11339,0.006,
tile_007585,train,ok,10804,0.006,
tile_007586,train,ok,12150,0.006,
tile_007587,train,ok,13040,0.006,
tile_007588,train,ok,12375,0.005,
tile_007589,train,ok,12742,0.006,
tile_007590,train,ok,12117,0.005,
tile_007591,train,ok,10533,0.006,
tile_007592,train,ok,12410,0.006,
tile_007593,train,ok,12744,0.006,
tile_007594,train,ok,13074,0.005,
tile_007595,train,ok,12759,0.005,
tile_007596,train,ok,12609,0.006,
tile_007597,train,ok,12120,0.006,
tile_007598,train,ok,12131,0.005,
tile_007599,train,ok,12219,0.006,
tile_007600,train,ok,12472,0.005,
tile_007601,test,ok,12411,0.006,
tile_007602,test,ok,12670,0.006,
tile_007603,train,ok,12953,0.006,
tile_007604,train,ok,12614,0.006,
tile_007605,train,ok,11097,0.006,
tile_007606,train,ok,11471,0.006,
tile_007607,train,ok,13007,0.006,
tile_007608,test,ok,11870,0.006,
tile_007609,test,ok,12816,0.007,
tile_007610,test,ok,10624,0.007,
tile_007611,train,ok,11471,0.006,
tile_007612,train,ok,11744,0.006,
tile_007613,train,ok,10875,0.006,
tile_007614,train,ok,12943,0.006,
tile_007615,train,ok,12960,0.006,
tile_007616,val,ok,12844,0.006,
tile_007617,test,ok,11174,0.006,
tile_007618,train,ok,11553,0.006,
tile_007619,train,ok,10352,0.006,
tile_007620,train,ok,10029,0.006,
tile_007621,train,ok,12703,0.006,
tile_007622,train,ok,12831,0.006,
tile_007623,train,ok,12976,0.006,
tile_007624,train,ok,11846,0.006,
tile_007625,train,ok,12656,0.006,
tile_007626,train,ok,12961,0.006,
tile_007627,train,ok,12485,0.006,
tile_007628,train,ok,12415,0.005,
tile_007629,test,ok,12163,0.006,
tile_007630,test,ok,11235,0.006,
tile_007631,test,ok,11449,0.007,
tile_007632,test,ok,10122,0.006,
tile_007633,train,ok,12588,0.005,
tile_007634,train,ok,12426,0.006,
tile_007635,train,ok,12517,0.006,
tile_007636,train,ok,12748,0.006,
tile_007637,train,ok,12744,0.006,
tile_007638,train,ok,12077,0.006,
tile_007639,train,ok,12785,0.006,
tile_007640,train,ok,12028,0.005,
tile_007641,test,ok,12701,0.007,
tile_007642,test,ok,11792,0.006,
tile_007643,train,ok,11869,0.007,
tile_007644,train,ok,12127,0.006,
tile_007645,train,ok,12951,0.007,
tile_007646,train,ok,12082,0.008,
tile_007647,train,ok,10315,0.007,
tile_007648,test,ok,11504,0.008,
tile_007649,test,ok,11153,0.008,
tile_007650,train,ok,13056,0.008,
tile_007651,train,ok,12155,0.008,
tile_007652,train,ok,13013,0.008,
tile_007653,train,ok,12885,0.008,
tile_007654,train,ok,12974,0.007,
tile_007655,train,ok,11945,0.007,
tile_007656,test,ok,12706,0.008,
tile_007657,test,ok,11117,0.008,
tile_007658,train,ok,12817,0.007,
tile_007659,train,ok,12630,0.007,
tile_007660,train,ok,12981,0.007,
tile_007661,train,ok,12221,0.006,
tile_007662,train,ok,12456,0.006,
tile_007663,train,ok,12094,0.007,
tile_007664,train,ok,12895,0.007,
tile_007665,train,ok,13120,0.006,
tile_007666,train,ok,9952,0.006,
tile_007667,train,ok,11075,0.007,
tile_007668,train,ok,12214,0.006,
tile_007669,train,ok,13037,0.006,
tile_007670,train,ok,11743,0.006,
tile_007671,train,ok,12814,0.006,
tile_007672,train,ok,13052,0.006,
tile_007673,train,ok,12409,0.006,
tile_007674,train,ok,11222,0.006,
tile_007675,train,ok,12904,0.007,
tile_007676,train,ok,10869,0.006,
tile_007677,train,ok,12839,0.006,
tile_007678,train,ok,12607,0.006,
tile_007679,train,ok,12856,0.006,
tile_007680,train,ok,12453,0.006,
tile_007681,train,ok,12275,0.006,
tile_007682,train,ok,12718,0.006,
tile_007683,train,ok,13020,0.006,
tile_007684,train,ok,12388,0.006,
tile_007685,train,ok,10757,0.007,
tile_007686,train,ok,11288,0.007,
tile_007687,train,ok,11487,0.007,
tile_007688,test,ok,12605,0.009,
tile_007689,test,ok,12457,0.01,
tile_007690,test,ok,12680,0.011,
tile_007691,test,ok,11389,0.011,
tile_007692,train,ok,12291,0.009,
tile_007693,train,ok,12292,0.007,
tile_007694,train,ok,12961,0.007,
tile_007695,train,ok,11965,0.008,
tile_007696,train,ok,12140,0.007,
tile_007697,train,ok,12110,0.007,
tile_007698,train,ok,12493,0.007,
tile_007699,train,ok,12297,0.008,
tile_007700,train,ok,11581,0.007,
tile_007701,train,ok,12852,0.008,
tile_007702,train,ok,13014,0.008,
tile_007703,train,ok,12495,0.008,
tile_007704,train,ok,12901,0.007,
tile_007705,train,ok,11894,0.007,
tile_007706,train,ok,11806,0.007,
tile_007707,train,ok,11533,0.008,
tile_007708,train,ok,12727,0.007,
tile_007709,train,ok,12297,0.007,
tile_007710,train,ok,12890,0.007,
tile_007711,train,ok,10947,0.007,
tile_007712,train,ok,13035,0.007,
tile_007713,train,ok,12316,0.007,
tile_007714,train,ok,12910,0.007,
tile_007715,train,ok,12829,0.007,
tile_007716,train,ok,12763,0.007,
tile_007717,train,ok,12939,0.007,
tile_007718,train,ok,12162,0.007,
tile_007719,train,ok,12903,0.007,
tile_007720,train,ok,11121,0.007,
tile_007721,train,ok,11339,0.007,
tile_007722,train,ok,12145,0.007,
tile_007723,train,ok,11125,0.008,
tile_007724,train,ok,11418,0.008,
tile_007725,train,ok,12629,0.006,
tile_007726,train,ok,12449,0.006,
tile_007727,train,ok,12066,0.006,
tile_007728,train,ok,11344,0.005,
tile_007729,train,ok,12424,0.006,
tile_007730,train,ok,9952,0.006,
tile_007731,train,ok,11752,0.005,
tile_007732,train,ok,11826,0.005,
tile_007733,train,ok,11963,0.006,
tile_007734,train,ok,8051,0.006,
tile_007735,train,ok,11954,0.006,
tile_007736,val,ok,11504,0.006,
tile_007737,train,ok,11615,0.006,
tile_007738,test,ok,12456,0.006,
tile_007739,train,ok,13111,0.006,
tile_007740,train,ok,12797,0.005,
tile_007741,train,ok,9877,0.005,
tile_007742,train,ok,11930,0.005,
tile_007743,train,ok,10910,0.005,
tile_007744,train,ok,13125,0.005,
tile_007745,train,ok,12575,0.006,
tile_007746,train,ok,12302,0.006,
tile_007747,train,ok,11469,0.006,
tile_007748,train,ok,12566,0.006,
tile_007749,train,ok,12348,0.006,
tile_007750,train,ok,12492,0.006,
tile_007751,train,ok,12541,0.006,
tile_007752,train,ok,11341,0.005,
tile_007753,train,ok,11508,0.006,
tile_007754,train,ok,12416,0.006,
tile_007755,train,ok,12286,0.006,
tile_007756,train,ok,11935,0.006,
tile_007757,train,ok,12338,0.005,
tile_007758,train,ok,13005,0.006,
tile_007759,train,ok,12284,0.006,
tile_007760,train,ok,12737,0.006,
tile_007761,train,ok,12447,0.005,
tile_007762,train,ok,11896,0.005,
tile_007763,train,ok,12544,0.006,
tile_007764,train,ok,11605,0.006,
tile_007765,train,ok,12303,0.005,
tile_007766,train,ok,12069,0.005,
tile_007767,train,ok,11622,0.005,
tile_007768,train,ok,12780,0.006,
tile_007769,train,ok,11577,0.005,
tile_007770,train,ok,12954,0.006,
tile_007771,val,ok,12533,0.006,
tile_007772,val,ok,9585,0.006,
tile_007773,val,ok,12290,0.006,
tile_007774,val,ok,13107,0.006,
tile_007775,test,ok,12145,0.006,
tile_007776,train,ok,7951,0.005,
tile_007777,train,ok,11456,0.005,
tile_007778,train,ok,11985,0.005,
tile_007779,train,ok,12699,0.005,
tile_007780,train,ok,12961,0.005,
tile_007781,train,ok,12380,0.006,
tile_007782,train,ok,12693,0.006,
tile_007783,train,ok,12746,0.007,
tile_007784,train,ok,12949,0.006,
tile_007785,train,ok,12469,0.005,
tile_007786,train,ok,11178,0.006,
tile_007787,train,ok,12431,0.006,
tile_007788,train,ok,11903,0.006,
tile_007789,train,ok,12041,0.007,
tile_007790,train,ok,12206,0.007,
tile_007791,train,ok,12563,0.007,
tile_007792,train,ok,11853,0.007,
tile_007793,train,ok,12081,0.007,
tile_007794,train,ok,12263,0.008,
tile_007795,train,ok,11944,0.007,
tile_007796,train,ok,12101,0.007,
tile_007797,train,ok,11688,0.007,
tile_007798,train,ok,11535,0.008,
tile_007799,train,ok,11771,0.008,
tile_007800,train,ok,12685,0.007,
tile_007801,train,ok,12306,0.008,
tile_007802,train,ok,12536,0.007,
tile_007803,train,ok,11830,0.011,
tile_007804,train,ok,12550,0.007,
tile_007805,train,ok,12710,0.007,
tile_007806,train,ok,12974,0.007,
tile_007807,train,ok,12809,0.007,
tile_007808,train,ok,11861,0.008,
tile_007809,train,ok,12677,0.008,
tile_007810,val,ok,11750,0.008,
tile_007811,train,ok,12801,0.007,
tile_007812,train,ok,9885,0.007,
tile_007813,train,ok,10135,0.008,
tile_007814,train,ok,12461,0.008,
tile_007815,train,ok,11674,0.008,
tile_007816,train,ok,12483,0.007,
tile_007817,train,ok,12845,0.007,
tile_007818,train,ok,12959,0.007,
tile_007819,train,ok,11026,0.007,
tile_007820,train,ok,13034,0.007,
tile_007821,train,ok,12678,0.006,
tile_007822,train,ok,12433,0.006,
tile_007823,train,ok,12201,0.007,
tile_007824,train,ok,12468,0.007,
tile_007825,train,ok,12613,0.007,
tile_007826,train,ok,12535,0.006,
tile_007827,train,ok,11590,0.006,
tile_007828,train,ok,11861,0.006,
tile_007829,train,ok,11952,0.006,
tile_007830,train,ok,11325,0.006,
tile_007831,train,ok,11131,0.006,
tile_007832,train,ok,11921,0.006,
tile_007833,train,ok,12685,0.006,
tile_007834,train,ok,12969,0.006,
tile_007835,train,ok,12341,0.006,
tile_007836,train,ok,12318,0.006,
tile_007837,train,ok,12996,0.006,
tile_007838,train,ok,12879,0.006,
tile_007839,train,ok,12366,0.006,
tile_007840,train,ok,13112,0.006,
tile_007841,train,ok,11708,0.006,
tile_007842,train,ok,9843,0.006,
tile_007843,train,ok,13042,0.006,
tile_007844,val,ok,9957,0.006,
tile_007845,train,ok,11645,0.006,
tile_007846,train,ok,13055,0.006,
tile_007847,train,ok,12369,0.006,
tile_007848,train,ok,12883,0.006,
tile_007849,train,ok,13026,0.006,
tile_007850,train,ok,12025,0.006,
tile_007851,train,ok,12877,0.006,
tile_007852,val,ok,12913,0.006,
tile_007853,train,ok,12423,0.006,
tile_007854,train,ok,11997,0.006,
tile_007855,train,ok,11151,0.006,
tile_007856,train,ok,12042,0.006,
tile_007857,train,ok,11026,0.006,
tile_007858,train,ok,11983,0.006,
tile_007859,train,ok,11485,0.006,
tile_007860,train,ok,11704,0.005,
tile_007861,train,ok,12641,0.005,
tile_007862,train,ok,13067,0.006,
tile_007863,train,ok,12431,0.006,
tile_007864,train,ok,12542,0.006,
tile_007865,train,ok,12806,0.006,
tile_007866,train,ok,12120,0.006,
tile_007867,train,ok,12203,0.006,
tile_007868,train,ok,12274,0.006,
tile_007869,train,ok,13158,0.006,
tile_007870,train,ok,13067,0.006,
tile_007871,train,ok,10122,0.006,
tile_007872,train,ok,13082,0.006,
tile_007873,train,ok,12562,0.006,
tile_007874,test,ok,10519,0.006,
tile_007875,test,ok,13121,0.006,
tile_007876,train,ok,12853,0.006,
tile_007877,train,ok,12907,0.006,
tile_007878,train,ok,12795,0.006,
tile_007879,val,ok,12927,0.007,
tile_007880,train,ok,11110,0.006,
tile_007881,train,ok,10531,0.006,
tile_007882,train,ok,12877,0.006,
tile_007883,train,ok,12446,0.006,
tile_007884,val,ok,10082,0.006,
tile_007885,val,ok,12527,0.006,
tile_007886,train,ok,11323,0.007,
tile_007887,train,ok,11494,0.007,
tile_007888,train,ok,12698,0.007,
tile_007889,train,ok,11356,0.007,
tile_007890,train,ok,12462,0.006,
tile_007891,train,ok,12168,0.006,
tile_007892,train,ok,11828,0.006,
tile_007893,train,ok,12425,0.006,
tile_007894,train,ok,12014,0.006,
tile_007895,train,ok,11279,0.005,
tile_007896,train,ok,11047,0.006,
tile_007897,train,ok,10765,0.006,
tile_007898,train,ok,11358,0.006,
tile_007899,train,ok,12750,0.006,
tile_007900,train,ok,12299,0.005,
tile_007901,train,ok,11293,0.005,
tile_007902,train,ok,10622,0.006,
tile_007903,train,ok,12630,0.006,
tile_007904,train,ok,10116,0.006,
tile_007905,train,ok,12358,0.006,
tile_007906,train,ok,12987,0.007,
tile_007907,train,ok,11581,0.006,
tile_007908,train,ok,11947,0.006,
tile_007909,train,ok,11149,0.006,
tile_007910,train,ok,13060,0.006,
tile_007911,train,ok,12394,0.006,
tile_007912,test,ok,12050,0.006,
tile_007913,train,ok,11302,0.006,
tile_007914,train,ok,12812,0.006,
tile_007915,val,ok,12192,0.006,
tile_007916,val,ok,11768,0.006,
tile_007917,train,ok,11833,0.006,
tile_007918,train,ok,12058,0.006,
tile_007919,train,ok,11833,0.006,
tile_007920,train,ok,11328,0.006,
tile_007921,train,ok,12509,0.005,
tile_007922,train,ok,12456,0.006,
tile_007923,train,ok,12029,0.006,
tile_007924,train,ok,13033,0.006,
tile_007925,train,ok,12121,0.006,
tile_007926,train,ok,10630,0.007,
tile_007927,train,ok,12535,0.006,
tile_007928,train,ok,9978,0.006,
tile_007929,train,ok,10440,0.006,
tile_007930,train,ok,10918,0.005,
tile_007931,train,ok,12076,0.006,
tile_007932,train,ok,12924,0.006,
tile_007933,train,ok,10630,0.006,
tile_007934,train,ok,12709,0.005,
tile_007935,train,ok,12295,0.006,
tile_007936,train,ok,11999,0.005,
tile_007937,train,ok,11996,0.005,
tile_007938,train,ok,13111,0.005,
tile_007939,train,ok,12526,0.006,
tile_007940,train,ok,12235,0.005,
tile_007941,train,ok,11812,0.005,
tile_007942,train,ok,11604,0.006,
tile_007943,train,ok,10792,0.006,
tile_007944,train,ok,12748,0.006,
tile_007945,train,ok,11618,0.006,
tile_007946,train,ok,10492,0.005,
tile_007947,train,ok,13097,0.005,
tile_007948,train,ok,11216,0.005,
tile_007949,test,ok,12976,0.006,
tile_007950,test,ok,11424,0.006,
tile_007951,val,ok,12736,0.007,
tile_007952,val,ok,12669,0.006,
tile_007953,val,ok,11848,0.006,
tile_007954,val,ok,10982,0.006,
tile_007955,train,ok,13057,0.006,
tile_007956,train,ok,12476,0.006,
tile_007957,train,ok,11898,0.006,
tile_007958,train,ok,10049,0.005,
tile_007959,train,ok,11556,0.005,
tile_007960,train,ok,12861,0.005,
tile_007961,train,ok,12893,0.005,
tile_007962,train,ok,13056,0.006,
tile_007963,train,ok,10966,0.006,
tile_007964,train,ok,13118,0.005,
tile_007965,train,ok,13063,0.006,
tile_007966,train,ok,12500,0.005,
tile_007967,train,ok,12761,0.005,
tile_007968,train,ok,11893,0.006,
tile_007969,train,ok,12576,0.005,
tile_007970,train,ok,12394,0.005,
tile_007971,train,ok,12645,0.005,
tile_007972,train,ok,11171,0.005,
tile_007973,train,ok,13178,0.005,
tile_007974,train,ok,11107,0.005,
tile_007975,train,ok,11942,0.006,
tile_007976,train,ok,10612,0.006,
tile_007977,train,ok,11207,0.006,
tile_007978,train,ok,12972,0.006,
tile_007979,train,ok,11610,0.005,
tile_007980,train,ok,11918,0.005,
tile_007981,train,ok,11939,0.005,
tile_007982,train,ok,13053,0.006,
tile_007983,train,ok,10582,0.006,
tile_007984,train,ok,12724,0.005,
tile_007985,train,ok,12065,0.005,
tile_007986,train,ok,11723,0.006,
tile_007987,train,ok,12576,0.006,
tile_007988,train,ok,12077,0.006,
tile_007989,train,ok,12930,0.005,
tile_007990,train,ok,12394,0.006,
tile_007991,train,ok,12279,0.006,
tile_007992,train,ok,12971,0.005,
tile_007993,train,ok,12193,0.005,
tile_007994,train,ok,12855,0.006,
tile_007995,train,ok,12034,0.006,
tile_007996,train,ok,11299,0.006,
tile_007997,val,ok,12443,0.006,
tile_007998,val,ok,12842,0.007,
tile_007999,val,ok,11942,0.007,
tile_008000,val,ok,12285,0.007,
tile_008001,train,ok,12618,0.006,
tile_008002,train,ok,10586,0.006,
tile_008003,train,ok,11462,0.006,
tile_008004,train,ok,11669,0.006,
tile_008005,train,ok,12633,0.006,
tile_008006,train,ok,12437,0.008,
tile_008007,train,ok,11873,0.008,
tile_008008,train,ok,12564,0.008,
tile_008009,train,ok,12553,0.008,
tile_008010,train,ok,10459,0.01,
tile_008011,train,ok,12243,0.008,
tile_008012,train,ok,11490,0.01,
tile_008013,train,ok,4390,0.01,
tile_008014,train,ok,12446,0.008,
tile_008015,train,ok,12867,0.01,
tile_008016,train,ok,11618,0.01,
tile_008017,test,ok,10847,0.011,
tile_008018,test,ok,11172,0.014,
tile_008019,test,ok,9807,0.01,
tile_008020,train,ok,12799,0.008,
tile_008021,train,ok,12208,0.009,
tile_008022,train,ok,12235,0.014,
tile_008023,train,ok,12418,0.011,
tile_008024,train,ok,11999,0.014,
tile_008025,train,ok,11031,0.013,
tile_008026,train,ok,11394,0.01,
tile_008027,train,ok,12812,0.008,
tile_008028,train,ok,12698,0.009,
tile_008029,train,ok,12086,0.009,
tile_008030,train,ok,11726,0.011,
tile_008031,train,ok,12863,0.012,
tile_008032,train,ok,12324,0.011,
tile_008033,train,ok,12996,0.011,
tile_008034,train,ok,12832,0.007,
tile_008035,train,ok,12765,0.007,
tile_008036,train,ok,11029,0.008,
tile_008037,train,ok,11982,0.007,
tile_008038,train,ok,12866,0.008,
tile_008039,val,ok,12444,0.008,
tile_008040,val,ok,12459,0.008,
tile_008041,train,ok,13057,0.008,
tile_008042,train,ok,12449,0.007,
tile_008043,train,ok,12726,0.007,
tile_008044,train,ok,12249,0.007,
tile_008045,train,ok,12690,0.007,
tile_008046,train,ok,13062,0.006,
tile_008047,train,ok,10003,0.006,
tile_008048,test,ok,9640,0.006,
tile_008049,test,ok,11038,0.006,
tile_008050,test,ok,11024,0.006,
tile_008051,train,ok,10962,0.006,
tile_008052,train,ok,10070,0.005,
tile_008053,train,ok,12166,0.005,
tile_008054,train,ok,13008,0.006,
tile_008055,train,ok,12138,0.006,
tile_008056,train,ok,12230,0.006,
tile_008057,train,ok,12393,0.006,
tile_008058,train,ok,12474,0.007,
tile_008059,train,ok,12027,0.007,
tile_008060,train,ok,12559,0.006,
tile_008061,train,ok,12677,0.006,
tile_008062,train,ok,11625,0.006,
tile_008063,train,ok,12082,0.006,
tile_008064,train,ok,12578,0.006,
tile_008065,train,ok,12255,0.005,
tile_008066,val,ok,12621,0.006,
tile_008067,val,ok,10900,0.006,
tile_008068,train,ok,12984,0.006,
tile_008069,train,ok,12276,0.006,
tile_008070,train,ok,13088,0.006,
tile_008071,test,ok,13012,0.006,
tile_008072,train,ok,12393,0.005,
tile_008073,train,ok,12524,0.006,
tile_008074,train,ok,12813,0.005,
tile_008075,train,ok,12873,0.005,
tile_008076,train,ok,12974,0.005,
tile_008077,train,ok,11958,0.005,
tile_008078,train,ok,12000,0.006,
tile_008079,train,ok,12477,0.005,
tile_008080,train,ok,12427,0.006,
tile_008081,train,ok,11733,0.006,
tile_008082,train,ok,12037,0.006,
tile_008083,train,ok,11989,0.006,
tile_008084,train,ok,12429,0.005,
tile_008085,train,ok,12843,0.005,
tile_008086,train,ok,13090,0.006,
tile_008087,train,ok,12077,0.006,
tile_008088,train,ok,12235,0.006,
tile_008089,train,ok,12854,0.005,
tile_008090,train,ok,12873,0.005,
tile_008091,train,ok,12428,0.006,
tile_008092,val,ok,12838,0.006,
tile_008093,val,ok,11645,0.006,
tile_008094,train,ok,12379,0.005,
tile_008095,train,ok,12868,0.005,
tile_008096,train,ok,12358,0.006,
tile_008097,train,ok,12068,0.005,
tile_008098,train,ok,12123,0.006,
tile_008099,train,ok,12118,0.006,
tile_008100,train,ok,12889,0.005,
tile_008101,train,ok,11983,0.006,
tile_008102,train,ok,11998,0.005,
tile_008103,train,ok,11483,0.005,
tile_008104,train,ok,12098,0.005,
tile_008105,train,ok,12164,0.005,
tile_008106,train,ok,12401,0.005,
tile_008107,train,ok,12092,0.006,
tile_008108,train,ok,13133,0.005,
tile_008109,train,ok,12613,0.005,
tile_008110,train,ok,12226,0.005,
tile_008111,val,ok,12006,0.006,
tile_008112,val,ok,12739,0.006,
tile_008113,val,ok,13080,0.006,
tile_008114,train,ok,11663,0.005,
tile_008115,train,ok,12214,0.005,
tile_008116,train,ok,12944,0.005,
tile_008117,train,ok,12617,0.005,
tile_008118,train,ok,11596,0.005,
tile_008119,train,ok,11621,0.005,
tile_008120,train,ok,12685,0.005,
tile_008121,train,ok,13143,0.005,
tile_008122,train,ok,12381,0.005,
tile_008123,train,ok,12346,0.005,
tile_008124,train,ok,11136,0.006,
tile_008125,train,ok,11566,0.005,
tile_008126,train,ok,12457,0.006,
tile_008127,train,ok,12999,0.005,
tile_008128,train,ok,10659,0.005,
tile_008129,train,ok,11628,0.005,
tile_008130,train,ok,11324,0.005,
tile_008131,train,ok,12777,0.005,
tile_008132,test,ok,11514,0.006,
tile_008133,test,ok,12773,0.006,
tile_008134,train,ok,13063,0.006,
tile_008135,val,ok,13074,0.006,
tile_008136,train,ok,12544,0.006,
tile_008137,train,ok,12035,0.006,
tile_008138,train,ok,12489,0.006,
tile_008139,train,ok,12881,0.005,
tile_008140,train,ok,12104,0.006,
tile_008141,train,ok,11948,0.006,
tile_008142,train,ok,11907,0.006,
tile_008143,train,ok,11929,0.006,
tile_008144,train,ok,12049,0.006,
tile_008145,train,ok,12600,0.007,
tile_008146,train,ok,12674,0.006,
tile_008147,train,ok,11936,0.006,
tile_008148,train,ok,12982,0.006,
tile_008149,train,ok,12924,0.006,
tile_008150,train,ok,13095,0.006,
tile_008151,train,ok,12643,0.006,
tile_008152,train,ok,12708,0.006,
tile_008153,train,ok,13069,0.006,
tile_008154,train,ok,12843,0.006,
tile_008155,train,ok,12582,0.005,
tile_008156,train,ok,12268,0.006,
tile_008157,train,ok,11990,0.006,
tile_008158,train,ok,9921,0.006,
tile_008159,train,ok,12731,0.005,
tile_008160,train,ok,12100,0.005,
tile_008161,val,ok,12960,0.006,
tile_008162,train,ok,11792,0.006,
tile_008163,train,ok,12026,0.006,
tile_008164,train,ok,12371,0.006,
tile_008165,train,ok,12688,0.005,
tile_008166,train,ok,12907,0.006,
tile_008167,train,ok,12914,0.006,
tile_008168,train,ok,12829,0.006,
tile_008169,train,ok,12422,0.007,
tile_008170,train,ok,11377,0.008,
tile_008171,train,ok,11449,0.007,
tile_008172,train,ok,10321,0.007,
tile_008173,train,ok,12922,0.007,
tile_008174,train,ok,11470,0.008,
tile_008175,val,ok,11451,0.008,
tile_008176,train,ok,10762,0.008,
tile_008177,train,ok,12599,0.008,
tile_008178,train,ok,12079,0.008,
tile_008179,train,ok,12566,0.007,
tile_008180,train,ok,13074,0.007,
tile_008181,train,ok,12804,0.007,
tile_008182,train,ok,12569,0.007,
tile_008183,train,ok,12940,0.007,
tile_008184,train,ok,12991,0.008,
tile_008185,train,ok,11900,0.007,
tile_008186,train,ok,12646,0.007,
tile_008187,train,ok,11610,0.007,
tile_008188,train,ok,13052,0.007,
tile_008189,val,ok,11786,0.007,
tile_008190,train,ok,11759,0.007,
tile_008191,train,ok,12289,0.007,
tile_008192,train,ok,12909,0.007,
tile_008193,train,ok,12615,0.006,
tile_008194,train,ok,12170,0.006,
tile_008195,train,ok,11530,0.007,
tile_008196,train,ok,12239,0.006,
tile_008197,test,ok,13100,0.007,
tile_008198,test,ok,12986,0.007,
tile_008199,test,ok,12873,0.007,
tile_008200,train,ok,13003,0.007,
tile_008201,train,ok,12176,0.006,
tile_008202,train,ok,11428,0.007,
tile_008203,train,ok,12999,0.007,
tile_008204,train,ok,9550,0.007,
tile_008205,val,ok,12736,0.007,
tile_008206,train,ok,10189,0.007,
tile_008207,train,ok,11596,0.007,
tile_008208,train,ok,11238,0.007,
tile_008209,train,ok,12130,0.007,
tile_008210,train,ok,12897,0.007,
tile_008211,train,ok,12849,0.007,
tile_008212,test,ok,12457,0.007,
tile_008213,train,ok,12895,0.006,
tile_008214,train,ok,11433,0.007,
tile_008215,train,ok,12277,0.007,
tile_008216,train,ok,10032,0.007,
tile_008217,train,ok,12380,0.007,
tile_008218,train,ok,9710,0.007,
tile_008219,train,ok,10814,0.007,
tile_008220,train,ok,9556,0.006,
tile_008221,train,ok,10922,0.007,
tile_008222,train,ok,11682,0.007,
tile_008223,train,ok,12634,0.007,
tile_008224,train,ok,10527,0.007,
tile_008225,train,ok,12512,0.007,
tile_008226,val,ok,12092,0.007,
tile_008227,val,ok,9546,0.007,
tile_008228,val,ok,9295,0.007,
tile_008229,train,ok,12376,0.006,
tile_008230,train,ok,11889,0.007,
tile_008231,train,ok,11591,0.006,
tile_008232,train,ok,12324,0.006,
tile_008233,train,ok,11085,0.006,
tile_008234,val,ok,12403,0.007,
tile_008235,train,ok,10745,0.006,
tile_008236,train,ok,12116,0.006,
tile_008237,train,ok,9901,0.006,
tile_008238,train,ok,9433,0.006,
tile_008239,train,ok,12089,0.007,
tile_008240,train,ok,12757,0.006,
tile_008241,train,ok,12466,0.006,
tile_008242,train,ok,13100,0.006,
tile_008243,test,ok,12125,0.007,
tile_008244,train,ok,12511,0.006,
tile_008245,train,ok,11830,0.006,
tile_008246,train,ok,10659,0.006,
tile_008247,train,ok,11538,0.006,
tile_008248,train,ok,11561,0.006,
tile_008249,train,ok,12366,0.006,
tile_008250,train,ok,11425,0.006,
tile_008251,val,ok,13096,0.007,
tile_008252,val,ok,12855,0.007,
tile_008253,train,ok,12839,0.006,
tile_008254,train,ok,13047,0.006,
tile_008255,train,ok,13126,0.006,
tile_008256,val,ok,12637,0.006,
tile_008257,train,ok,12296,0.006,
tile_008258,train,ok,13114,0.006,
tile_008259,train,ok,12979,0.006,
tile_008260,train,ok,10971,0.006,
tile_008261,train,ok,11519,0.006,
tile_008262,train,ok,11841,0.006,
tile_008263,train,ok,10296,0.006,
tile_008264,train,ok,12937,0.006,
tile_008265,train,ok,12106,0.006,
tile_008266,train,ok,12280,0.006,
tile_008267,train,ok,12635,0.006,
tile_008268,train,ok,10094,0.006,
tile_008269,val,ok,11439,0.006,
tile_008270,train,ok,13132,0.006,
tile_008271,train,ok,12629,0.006,
tile_008272,train,ok,12500,0.006,
tile_008273,train,ok,10651,0.007,
tile_008274,test,ok,9980,0.006,
tile_008275,test,ok,12668,0.006,
tile_008276,train,ok,12777,0.006,
tile_008277,train,ok,12707,0.006,
tile_008278,train,ok,12146,0.006,
tile_008279,train,ok,12676,0.006,
tile_008280,val,ok,12523,0.006,
tile_008281,val,ok,10641,0.006,
tile_008282,train,ok,12524,0.006,
tile_008283,train,ok,12448,0.006,
tile_008284,train,ok,12746,0.006,
tile_008285,train,ok,12874,0.007,
tile_008286,train,ok,12984,0.01,
tile_008287,train,ok,12802,0.01,
tile_008288,train,ok,11465,0.009,
tile_008289,train,ok,13148,0.01,
tile_008290,train,ok,9265,0.009,
tile_008291,train,ok,12355,0.008,
tile_008292,train,ok,9848,0.008,
tile_008293,train,ok,13019,0.008,
tile_008294,train,ok,11360,0.008,
tile_008295,train,ok,12692,0.008,
tile_008296,train,ok,9653,0.009,
tile_008297,train,ok,11878,0.008,
tile_008298,train,ok,12781,0.008,
tile_008299,train,ok,10132,0.008,
tile_008300,train,ok,10889,0.008,
tile_008301,val,ok,13143,0.009,
tile_008302,train,ok,12629,0.007,
tile_008303,train,ok,12582,0.007,
tile_008304,train,ok,10756,0.007,
tile_008305,train,ok,12055,0.007,
tile_008306,val,ok,12736,0.008,
tile_008307,train,ok,12664,0.007,
tile_008308,val,ok,13031,0.008,
tile_008309,train,ok,11648,0.007,
tile_008310,train,ok,11848,0.007,
tile_008311,train,ok,11966,0.007,
tile_008312,train,ok,9966,0.007,
tile_008313,train,ok,10452,0.008,
tile_008314,train,ok,7942,0.007,
tile_008315,train,ok,13030,0.007,
tile_008316,train,ok,12418,0.007,
tile_008317,val,ok,13152,0.008,
tile_008318,val,ok,8203,0.007,
tile_008319,val,ok,11126,0.007,
tile_008320,train,ok,11376,0.007,
tile_008321,train,ok,12051,0.007,
tile_008322,train,ok,9761,0.006,
tile_008323,train,ok,13075,0.007,
tile_008324,train,ok,12042,0.007,
tile_008325,train,ok,12552,0.006,
tile_008326,train,ok,10121,0.005,
tile_008327,train,ok,12013,0.005,
tile_008328,train,ok,8739,0.006,
tile_008329,train,ok,11949,0.006,
tile_008330,val,ok,8353,0.005,
tile_008331,val,ok,9366,0.006,
tile_008332,val,ok,11907,0.006,
tile_008333,train,ok,9536,0.005,
tile_008334,train,ok,12981,0.006,
tile_008335,train,ok,10233,0.006,
tile_008336,train,ok,12203,0.005,
tile_008337,train,ok,12741,0.005,
tile_008338,train,ok,12322,0.006,
tile_008339,train,ok,10386,0.005,
tile_008340,train,ok,10238,0.006,
tile_008341,train,ok,9355,0.006,
tile_008342,val,ok,11976,0.006,
tile_008343,val,ok,10299,0.006,
tile_008344,val,ok,11007,0.006,
tile_008345,train,ok,11708,0.005,
tile_008346,train,ok,12081,0.006,
tile_008347,train,ok,10913,0.005,
tile_008348,train,ok,9777,0.005,
tile_008349,train,ok,11498,0.005,
tile_008350,train,ok,12555,0.005,
tile_008351,train,ok,12019,0.006,
tile_008352,train,ok,8309,0.006,
tile_008353,train,ok,11490,0.005,
tile_008354,train,ok,11607,0.006,
tile_008355,train,ok,12580,0.005,
tile_008356,train,ok,12693,0.005,
tile_008357,train,ok,12276,0.005,
tile_008358,train,ok,13144,0.005,
tile_008359,train,ok,11011,0.005,
tile_008360,train,ok,13043,0.005,
tile_008361,train,ok,11062,0.005,
tile_008362,train,ok,8830,0.005,
tile_008363,train,ok,10994,0.005,
tile_008364,train,ok,11142,0.006,
tile_008365,train,ok,10802,0.005,
tile_008366,train,ok,12468,0.005,
tile_008367,train,ok,11533,0.005,
tile_008368,train,ok,10404,0.005,
tile_008369,train,ok,12401,0.005,
tile_008370,train,ok,12626,0.005,
tile_008371,test,ok,11642,0.006,
tile_008372,test,ok,10780,0.006,
tile_008373,train,ok,11283,0.005,
tile_008374,train,ok,12121,0.005,
tile_008375,train,ok,12445,0.006,
tile_008376,train,ok,12810,0.006,
tile_008377,train,ok,11508,0.006,
tile_008378,train,ok,10605,0.005,
tile_008379,train,ok,13116,0.005,
tile_008380,train,ok,10837,0.005,
tile_008381,train,ok,12785,0.005,
tile_008382,train,ok,11798,0.005,
tile_008383,train,ok,12166,0.005,
tile_008384,train,ok,11800,0.005,
tile_008385,train,ok,12603,0.006,
tile_008386,train,ok,13041,0.005,
tile_008387,train,ok,9311,0.005,
tile_008388,train,ok,10694,0.005,
tile_008389,train,ok,10060,0.005,
tile_008390,train,ok,10968,0.005,
tile_008391,train,ok,9060,0.005,
tile_008392,train,ok,10629,0.006,
tile_008393,train,ok,11598,0.005,
tile_008394,train,ok,12915,0.005,
tile_008395,train,ok,13064,0.005,
tile_008396,train,ok,9783,0.005,
tile_008397,train,ok,12698,0.005,
tile_008398,train,ok,11815,0.005,
tile_008399,train,ok,11817,0.005,
tile_008400,train,ok,10857,0.006,
tile_008401,train,ok,10091,0.005,
tile_008402,train,ok,12112,0.005,
tile_008403,val,ok,12829,0.005,
tile_008404,train,ok,11655,0.005,
tile_008405,train,ok,11438,0.006,
tile_008406,train,ok,13018,0.006,
tile_008407,train,ok,12948,0.006,
tile_008408,train,ok,11826,0.006,
tile_008409,train,ok,12827,0.006,
tile_008410,train,ok,10457,0.006,
tile_008411,train,ok,12154,0.006,
tile_008412,train,ok,9940,0.005,
tile_008413,train,ok,9382,0.005,
tile_008414,train,ok,12423,0.005,
tile_008415,train,ok,10302,0.005,
tile_008416,train,ok,12674,0.006,
tile_008417,train,ok,12143,0.005,
tile_008418,train,ok,9815,0.006,
tile_008419,train,ok,11750,0.006,
tile_008420,train,ok,11693,0.005,
tile_008421,train,ok,9122,0.005,
tile_008422,train,ok,10301,0.005,
tile_008423,train,ok,11927,0.005,
tile_008424,train,ok,12943,0.005,
tile_008425,val,ok,11264,0.006,
tile_008426,train,ok,9614,0.005,
tile_008427,train,ok,11055,0.006,
tile_008428,train,ok,11960,0.005,
tile_008429,train,ok,11425,0.005,
tile_008430,train,ok,11057,0.006,
tile_008431,train,ok,10048,0.005,
tile_008432,train,ok,8653,0.005,
tile_008433,train,ok,12454,0.005,
tile_008434,train,ok,12927,0.006,
tile_008435,test,ok,11724,0.006,
tile_008436,train,ok,12448,0.006,
tile_008437,train,ok,10756,0.006,
tile_008438,test,ok,11322,0.006,
tile_008439,test,ok,10713,0.006,
tile_008440,train,ok,10649,0.006,
tile_008441,train,ok,10325,0.006,
tile_008442,train,ok,11720,0.006,
tile_008443,train,ok,12866,0.006,
tile_008444,train,ok,11717,0.006,
tile_008445,train,ok,9538,0.006,
tile_008446,train,ok,10673,0.006,
tile_008447,train,ok,9732,0.006,
tile_008448,train,ok,10757,0.006,
tile_008449,train,ok,8505,0.005,
tile_008450,train,ok,9713,0.006,
tile_008451,train,ok,12651,0.006,
tile_008452,val,ok,12723,0.006,
tile_008453,train,ok,13016,0.005,
tile_008454,train,ok,12991,0.005,
tile_008455,test,ok,10668,0.006,
tile_008456,test,ok,12746,0.006,
tile_008457,train,ok,12364,0.005,
tile_008458,train,ok,10663,0.006,
tile_008459,train,ok,10978,0.005,
tile_008460,train,ok,11939,0.006,
tile_008461,train,ok,10989,0.006,
tile_008462,train,ok,11706,0.006,
tile_008463,train,ok,11478,0.006,
tile_008464,train,ok,9317,0.006,
tile_008465,train,ok,11962,0.006,
tile_008466,train,ok,12537,0.006,
tile_008467,val,ok,12178,0.006,
tile_008468,val,ok,12847,0.006,
tile_008469,train,ok,12279,0.005,
tile_008470,train,ok,11213,0.006,
tile_008471,train,ok,11669,0.006,
tile_008472,train,ok,12593,0.006,
tile_008473,train,ok,11763,0.006,
tile_008474,val,ok,11490,0.006,
tile_008475,train,ok,12108,0.006,
tile_008476,train,ok,11663,0.006,
tile_008477,train,ok,11757,0.006,
tile_008478,train,ok,11475,0.006,
tile_008479,train,ok,11935,0.005,
tile_008480,train,ok,12942,0.005,
tile_008481,val,ok,13014,0.006,
tile_008482,train,ok,12893,0.006,
tile_008483,test,ok,12108,0.006,
tile_008484,test,ok,10483,0.006,
tile_008485,train,ok,11638,0.005,
tile_008486,train,ok,12908,0.005,
tile_008487,train,ok,9358,0.006,
tile_008488,train,ok,12991,0.006,
tile_008489,train,ok,12788,0.005,
tile_008490,val,ok,12359,0.006,
tile_008491,val,ok,11963,0.006,
tile_008492,train,ok,12465,0.006,
tile_008493,train,ok,10297,0.006,
tile_008494,train,ok,11267,0.005,
tile_008495,train,ok,11039,0.006,
tile_008496,train,ok,13011,0.005,
tile_008497,train,ok,10314,0.006,
tile_008498,train,ok,12141,0.006,
tile_008499,train,ok,11676,0.005,
tile_008500,train,ok,8717,0.005,
tile_008501,train,ok,12457,0.006,
tile_008502,train,ok,9141,0.006,
tile_008503,train,ok,8297,0.006,
tile_008504,train,ok,12681,0.006,
tile_008505,val,ok,12313,0.006,
tile_008506,val,ok,11278,0.007,
tile_008507,train,ok,10600,0.005,
tile_008508,train,ok,13124,0.005,
tile_008509,train,ok,10939,0.005,
tile_008510,train,ok,10699,0.006,
tile_008511,train,ok,12850,0.005,
tile_008512,train,ok,13097,0.005,
tile_008513,train,ok,11826,0.005,
tile_008514,train,ok,8843,0.006,
tile_008515,train,ok,10479,0.006,
tile_008516,train,ok,11342,0.005,
tile_008517,val,ok,11640,0.006,
tile_008518,val,ok,12988,0.006,
tile_008519,train,ok,12715,0.005,
tile_008520,train,ok,12877,0.005,
tile_008521,train,ok,12900,0.005,
tile_008522,train,ok,12799,0.006,
tile_008523,train,ok,10699,0.005,
tile_008524,train,ok,10509,0.005,
tile_008525,train,ok,11051,0.006,
tile_008526,train,ok,12642,0.006,
tile_008527,train,ok,12299,0.005,
tile_008528,train,ok,12727,0.005,
tile_008529,train,ok,11954,0.006,
tile_008530,train,ok,12752,0.005,
tile_008531,train,ok,11359,0.006,
tile_008532,train,ok,10901,0.005,
tile_008533,train,ok,12996,0.006,
tile_008534,train,ok,12797,0.006,
tile_008535,train,ok,10664,0.006,
tile_008536,train,ok,11002,0.005,
tile_008537,train,ok,10802,0.005,
tile_008538,train,ok,11658,0.005,
tile_008539,train,ok,13017,0.005,
tile_008540,train,ok,12341,0.005,
tile_008541,train,ok,12670,0.005,
tile_008542,train,ok,11373,0.005,
tile_008543,train,ok,11572,0.006,
tile_008544,train,ok,12658,0.006,
tile_008545,train,ok,12386,0.005,
tile_008546,train,ok,12987,0.006,
tile_008547,train,ok,12720,0.006,
tile_008548,test,ok,12093,0.006,
tile_008549,test,ok,12748,0.006,
tile_008550,train,ok,12416,0.005,
tile_008551,train,ok,11210,0.006,
tile_008552,train,ok,12634,0.005,
tile_008553,train,ok,12208,0.005,
tile_008554,val,ok,12748,0.007,
tile_008555,val,ok,11222,0.008,
tile_008556,train,ok,11126,0.007,
tile_008557,train,ok,12497,0.007,
tile_008558,train,ok,12924,0.007,
tile_008559,train,ok,12431,0.007,
tile_008560,test,ok,12053,0.008,
tile_008561,test,ok,12812,0.009,
tile_008562,test,ok,12983,0.007,
tile_008563,train,ok,13093,0.007,
tile_008564,train,ok,11905,0.006,
tile_008565,train,ok,12320,0.007,
tile_008566,train,ok,11095,0.007,
tile_008567,train,ok,13058,0.006,
tile_008568,train,ok,12938,0.006,
tile_008569,train,ok,12814,0.006,
tile_008570,train,ok,11100,0.007,
tile_008571,train,ok,13066,0.006,
tile_008572,train,ok,11694,0.007,
tile_008573,train,ok,12705,0.007,
tile_008574,train,ok,10999,0.007,
tile_008575,test,ok,11229,0.007,
tile_008576,test,ok,11069,0.007,
tile_008577,train,ok,12832,0.007,
tile_008578,val,ok,11329,0.008,
tile_008579,val,ok,13082,0.007,
tile_008580,train,ok,11214,0.006,
tile_008581,train,ok,12649,0.006,
tile_008582,train,ok,11072,0.007,
tile_008583,train,ok,10086,0.007,
tile_008584,train,ok,11150,0.007,
tile_008585,train,ok,12399,0.007,
tile_008586,train,ok,11181,0.007,
tile_008587,train,ok,10443,0.007,
tile_008588,train,ok,12323,0.007,
tile_008589,val,ok,12970,0.007,
tile_008590,train,ok,12634,0.008,
tile_008591,train,ok,12694,0.008,
tile_008592,train,ok,12210,0.008,
tile_008593,train,ok,10998,0.008,
tile_008594,train,ok,8660,0.006,
tile_008595,train,ok,12931,0.007,
tile_008596,train,ok,12228,0.007,
tile_008597,test,ok,12786,0.007,
tile_008598,test,ok,11942,0.008,
tile_008599,train,ok,12782,0.007,
tile_008600,train,ok,10124,0.007,
tile_008601,train,ok,11013,0.006,
tile_008602,train,ok,9853,0.007,
tile_008603,train,ok,10158,0.007,
tile_008604,train,ok,11763,0.007,
tile_008605,train,ok,11469,0.007,
tile_008606,train,ok,12636,0.007,
tile_008607,train,ok,13027,0.007,
tile_008608,train,ok,12792,0.007,
tile_008609,train,ok,12815,0.007,
tile_008610,train,ok,9372,0.007,
tile_008611,train,ok,11862,0.007,
tile_008612,train,ok,12216,0.007,
tile_008613,train,ok,12551,0.008,
tile_008614,test,ok,12904,0.007,
tile_008615,train,ok,12626,0.007,
tile_008616,train,ok,11136,0.007,
tile_008617,train,ok,12620,0.007,
tile_008618,train,ok,11517,0.007,
tile_008619,train,ok,11316,0.007,
tile_008620,train,ok,12992,0.006,
tile_008621,train,ok,12859,0.007,
tile_008622,train,ok,12127,0.007,
tile_008623,test,ok,12342,0.007,
tile_008624,train,ok,12467,0.007,
tile_008625,train,ok,9857,0.006,
tile_008626,train,ok,7597,0.007,
tile_008627,train,ok,9643,0.007,
tile_008628,train,ok,12091,0.007,
tile_008629,train,ok,11387,0.007,
tile_008630,train,ok,12555,0.007,
tile_008631,train,ok,11808,0.008,
tile_008632,train,ok,12679,0.007,
tile_008633,train,ok,12648,0.008,
tile_008634,train,ok,11348,0.008,
tile_008635,train,ok,10802,0.007,
tile_008636,train,ok,9076,0.007,
tile_008637,train,ok,10890,0.008,
tile_008638,train,ok,12999,0.007,
tile_008639,train,ok,12060,0.007,
tile_008640,train,ok,11963,0.007,
tile_008641,test,ok,12832,0.007,
tile_008642,train,ok,9608,0.005,
tile_008643,train,ok,12289,0.005,
tile_008644,train,ok,13022,0.005,
tile_008645,train,ok,12080,0.006,
tile_008646,train,ok,12972,0.005,
tile_008647,train,ok,12544,0.005,
tile_008648,train,ok,12793,0.005,
tile_008649,train,ok,12056,0.005,
tile_008650,train,ok,12791,0.006,
tile_008651,train,ok,11508,0.005,
tile_008652,train,ok,12468,0.005,
tile_008653,train,ok,12461,0.005,
tile_008654,train,ok,11163,0.006,
tile_008655,train,ok,12900,0.006,
tile_008656,train,ok,13011,0.006,
tile_008657,train,ok,12942,0.006,
tile_008658,train,ok,12410,0.005,
tile_008659,test,ok,12094,0.006,
tile_008660,val,ok,12828,0.006,
tile_008661,val,ok,12995,0.005,
tile_008662,test,ok,12299,0.006,
tile_008663,test,ok,9064,0.006,
tile_008664,val,ok,12763,0.006,
tile_008665,train,ok,13086,0.005,
tile_008666,train,ok,9120,0.006,
tile_008667,train,ok,12502,0.005,
tile_008668,train,ok,12917,0.006,
tile_008669,train,ok,13090,0.006,
tile_008670,train,ok,12660,0.005,
tile_008671,train,ok,12631,0.006,
tile_008672,val,ok,9660,0.006,
tile_008673,train,ok,13021,0.005,
tile_008674,train,ok,11986,0.006,
tile_008675,train,ok,12851,0.005,
tile_008676,train,ok,12040,0.005,
tile_008677,train,ok,12645,0.005,
tile_008678,val,ok,12267,0.006,
tile_008679,train,ok,12870,0.006,
tile_008680,train,ok,11282,0.006,
tile_008681,train,ok,11013,0.006,
tile_008682,test,ok,11993,0.006,
tile_008683,train,ok,13019,0.006,
tile_008684,train,ok,10926,0.006,
tile_008685,train,ok,11396,0.006,
tile_008686,train,ok,12374,0.006,
tile_008687,train,ok,12080,0.005,
tile_008688,train,ok,10237,0.005,
tile_008689,train,ok,10773,0.005,
tile_008690,train,ok,11185,0.005,
tile_008691,train,ok,12534,0.005,
tile_008692,train,ok,12969,0.005,
tile_008693,test,ok,12754,0.006,
tile_008694,train,ok,9036,0.006,
tile_008695,train,ok,12945,0.006,
tile_008696,train,ok,13113,0.006,
tile_008697,train,ok,12985,0.006,
tile_008698,train,ok,10576,0.006,
tile_008699,train,ok,11439,0.006,
tile_008700,train,ok,12515,0.006,
tile_008701,train,ok,12669,0.006,
tile_008702,train,ok,12458,0.006,
tile_008703,test,ok,12419,0.006,
tile_008704,test,ok,11831,0.006,
tile_008705,test,ok,10633,0.006,
tile_008706,test,ok,10918,0.006,
tile_008707,test,ok,10692,0.006,
tile_008708,train,ok,11052,0.005,
tile_008709,train,ok,12179,0.005,
tile_008710,train,ok,11246,0.005,
tile_008711,train,ok,12912,0.005,
tile_008712,train,ok,12770,0.005,
tile_008713,test,ok,11108,0.006,
tile_008714,train,ok,11782,0.005,
tile_008715,train,ok,12330,0.005,
tile_008716,train,ok,12323,0.005,
tile_008717,train,ok,11958,0.005,
tile_008718,train,ok,11423,0.006,
tile_008719,train,ok,10978,0.005,
tile_008720,train,ok,10808,0.006,
tile_008721,train,ok,12759,0.006,
tile_008722,train,ok,12772,0.005,
tile_008723,train,ok,12154,0.005,
tile_008724,train,ok,12748,0.006,
tile_008725,train,ok,13087,0.005,
tile_008726,train,ok,12404,0.006,
tile_008727,train,ok,13072,0.006,
tile_008728,train,ok,12059,0.005,
tile_008729,train,ok,13130,0.005,
tile_008730,train,ok,13074,0.006,
tile_008731,train,ok,12876,0.005,
tile_008732,train,ok,10258,0.005,
tile_008733,train,ok,12676,0.005,
tile_008734,train,ok,12773,0.005,
tile_008735,train,ok,12542,0.005,
tile_008736,train,ok,12465,0.005,
tile_008737,train,ok,13017,0.005,
tile_008738,train,ok,12654,0.005,
tile_008739,train,ok,11363,0.005,
tile_008740,train,ok,12877,0.006,
tile_008741,train,ok,11168,0.005,
tile_008742,train,ok,10919,0.005,
tile_008743,train,ok,12602,0.005,
tile_008744,train,ok,12561,0.005,
tile_008745,train,ok,12322,0.006,
tile_008746,train,ok,10127,0.005,
tile_008747,train,ok,10987,0.005,
tile_008748,train,ok,12011,0.005,
tile_008749,val,ok,12424,0.006,
tile_008750,train,ok,12683,0.005,
tile_008751,train,ok,10719,0.005,
tile_008752,train,ok,12792,0.006,
tile_008753,train,ok,10244,0.005,
tile_008754,train,ok,11155,0.005,
tile_008755,train,ok,12613,0.006,
tile_008756,train,ok,10744,0.005,
tile_008757,train,ok,12995,0.005,
tile_008758,train,ok,12672,0.005,
tile_008759,train,ok,12527,0.005,
tile_008760,train,ok,10102,0.005,
tile_008761,train,ok,7027,0.005,
tile_008762,train,ok,11895,0.006,
tile_008763,train,ok,11230,0.006,
tile_008764,train,ok,10669,0.006,
tile_008765,train,ok,9733,0.006,
tile_008766,train,ok,10706,0.006,
tile_008767,train,ok,13016,0.005,
tile_008768,train,ok,12516,0.005,
tile_008769,train,ok,11937,0.005,
tile_008770,train,ok,12257,0.006,
tile_008771,train,ok,11586,0.006,
tile_008772,train,ok,11991,0.006,
tile_008773,train,ok,10181,0.006,
tile_008774,train,ok,9585,0.006,
tile_008775,train,ok,11965,0.006,
tile_008776,train,ok,12459,0.005,
tile_008777,test,ok,12675,0.005,
tile_008778,train,ok,12812,0.006,
tile_008779,train,ok,11568,0.006,
tile_008780,train,ok,12672,0.006,
tile_008781,train,ok,12058,0.006,
tile_008782,train,ok,12184,0.006,
tile_008783,train,ok,10613,0.006,
tile_008784,train,ok,12943,0.006,
tile_008785,train,ok,12552,0.006,
tile_008786,train,ok,11074,0.006,
tile_008787,train,ok,12676,0.006,
tile_008788,train,ok,12481,0.006,
tile_008789,train,ok,12686,0.006,
tile_008790,train,ok,12093,0.007,
tile_008791,train,ok,12899,0.007,
tile_008792,train,ok,8653,0.006,
tile_008793,train,ok,13005,0.006,
tile_008794,train,ok,12041,0.007,
tile_008795,test,ok,12818,0.006,
tile_008796,train,ok,12762,0.007,
tile_008797,train,ok,11097,0.007,
tile_008798,train,ok,12093,0.006,
tile_008799,test,ok,12407,0.006,
tile_008800,train,ok,12297,0.006,
tile_008801,train,ok,13069,0.006,
tile_008802,train,ok,12559,0.006,
tile_008803,train,ok,11634,0.006,
tile_008804,train,ok,10429,0.006,
tile_008805,train,ok,12435,0.006,
tile_008806,test,ok,12442,0.006,
tile_008807,train,ok,12298,0.006,
tile_008808,val,ok,11196,0.006,
tile_008809,train,ok,10712,0.006,
tile_008810,val,ok,12152,0.006,
tile_008811,train,ok,9960,0.006,
tile_008812,train,ok,12506,0.006,
tile_008813,train,ok,11846,0.006,
tile_008814,train,ok,9317,0.006,
tile_008815,train,ok,12928,0.006,
tile_008816,train,ok,12658,0.006,
tile_008817,val,ok,13004,0.006,
tile_008818,val,ok,13034,0.007,
tile_008819,val,ok,12139,0.007,
tile_008820,test,ok,10973,0.007,
tile_008821,train,ok,12300,0.006,
tile_008822,train,ok,12455,0.006,
tile_008823,train,ok,11479,0.006,
tile_008824,train,ok,12097,0.007,
tile_008825,train,ok,12984,0.006,
tile_008826,train,ok,13103,0.006,
tile_008827,train,ok,11939,0.006,
tile_008828,train,ok,9296,0.006,
tile_008829,train,ok,10745,0.006,
tile_008830,train,ok,12290,0.006,
tile_008831,test,ok,11326,0.007,
tile_008832,train,ok,12670,0.006,
tile_008833,train,ok,10650,0.006,
tile_008834,train,ok,10734,0.006,
tile_008835,train,ok,12647,0.006,
tile_008836,train,ok,12274,0.006,
tile_008837,train,ok,12980,0.006,
tile_008838,val,ok,12491,0.007,
tile_008839,train,ok,11216,0.006,
tile_008840,train,ok,12735,0.006,
tile_008841,val,ok,12759,0.007,
tile_008842,train,ok,11218,0.007,
tile_008843,train,ok,12946,0.006,
tile_008844,train,ok,9479,0.006,
tile_008845,train,ok,12161,0.006,
tile_008846,val,ok,12095,0.007,
tile_008847,train,ok,12670,0.006,
tile_008848,val,ok,13057,0.007,
tile_008849,val,ok,12834,0.007,
tile_008850,train,ok,9475,0.006,
tile_008851,train,ok,11131,0.006,
tile_008852,train,ok,11945,0.006,
tile_008853,train,ok,11471,0.006,
tile_008854,train,ok,9142,0.006,
tile_008855,val,ok,10339,0.006,
tile_008856,val,ok,12621,0.006,
tile_008857,val,ok,12258,0.006,
tile_008858,train,ok,10874,0.006,
tile_008859,train,ok,13101,0.006,
tile_008860,train,ok,12160,0.006,
tile_008861,train,ok,9748,0.006,
tile_008862,test,ok,12407,0.006,
tile_008863,train,ok,11181,0.006,
tile_008864,train,ok,11060,0.006,
tile_008865,train,ok,11852,0.006,
tile_008866,train,ok,12617,0.007,
tile_008867,train,ok,11464,0.007,
tile_008868,train,ok,12129,0.006,
tile_008869,test,ok,12956,0.006,
tile_008870,train,ok,12868,0.006,
tile_008871,test,ok,11648,0.006,
tile_008872,test,ok,10932,0.006,
tile_008873,val,ok,10826,0.006,
tile_008874,train,ok,12306,0.01,
tile_008875,val,ok,12430,0.011,
tile_008876,test,ok,11114,0.011,
tile_008877,test,ok,11039,0.011,
tile_008878,train,ok,12151,0.007,
tile_008879,train,ok,11462,0.007,
tile_008880,train,ok,10414,0.007,
tile_008881,train,ok,11819,0.007,
tile_008882,train,ok,12021,0.007,
tile_008883,val,ok,12012,0.008,
tile_008884,val,ok,9563,0.008,
tile_008885,test,ok,11470,0.008,
tile_008886,test,ok,10522,0.008,
tile_008887,train,ok,12820,0.008,
tile_008888,test,ok,13125,0.009,
tile_008889,train,ok,10823,0.007,
tile_008890,val,ok,11321,0.008,
tile_008891,val,ok,11163,0.008,
tile_008892,test,ok,12445,0.009,
tile_008893,test,ok,12955,0.008,
tile_008894,train,ok,12810,0.008,
tile_008895,train,ok,12489,0.007,
tile_008896,test,ok,10269,0.008,
tile_008897,train,ok,12890,0.008,
tile_008898,train,ok,12643,0.007,
tile_008899,train,ok,12923,0.008,
tile_008900,train,ok,12265,0.007,
tile_008901,train,ok,11721,0.008,
tile_008902,train,ok,9586,0.008,
tile_008903,train,ok,11826,0.007,
tile_008904,train,ok,11303,0.007,
tile_008905,train,ok,10870,0.007,
tile_008906,train,ok,13095,0.006,
tile_008907,train,ok,12910,0.006,
tile_008908,train,ok,12348,0.006,
tile_008909,train,ok,11550,0.006,
tile_008910,train,ok,12224,0.006,
tile_008911,train,ok,13084,0.006,
tile_008912,train,ok,10008,0.006,
tile_008913,train,ok,12923,0.006,
tile_008914,train,ok,9852,0.006,
tile_008915,train,ok,12930,0.005,
tile_008916,train,ok,11320,0.006,
tile_008917,train,ok,12340,0.005,
tile_008918,train,ok,12654,0.005,
tile_008919,train,ok,12187,0.006,
tile_008920,train,ok,12663,0.006,
tile_008921,val,ok,11535,0.006,
tile_008922,train,ok,12207,0.005,
tile_008923,test,ok,9396,0.006,
tile_008924,test,ok,11624,0.006,
tile_008925,train,ok,13114,0.006,
tile_008926,train,ok,9874,0.006,
tile_008927,train,ok,10330,0.006,
tile_008928,train,ok,12263,0.006,
tile_008929,train,ok,12722,0.006,
tile_008930,train,ok,7636,0.006,
tile_008931,train,ok,12063,0.006,
tile_008932,train,ok,12647,0.006,
tile_008933,train,ok,9231,0.006,
tile_008934,train,ok,11741,0.005,
tile_008935,train,ok,12781,0.006,
tile_008936,train,ok,12994,0.005,
tile_008937,train,ok,10537,0.006,
tile_008938,train,ok,12899,0.005,
tile_008939,val,ok,10539,0.006,
tile_008940,train,ok,11218,0.006,
tile_008941,train,ok,12784,0.006,
tile_008942,train,ok,10560,0.006,
tile_008943,train,ok,12853,0.006,
tile_008944,train,ok,12411,0.006,
tile_008945,train,ok,11845,0.005,
tile_008946,train,ok,12727,0.005,
tile_008947,train,ok,12674,0.005,
tile_008948,train,ok,10983,0.006,
tile_008949,train,ok,12778,0.006,
tile_008950,train,ok,11750,0.006,
tile_008951,train,ok,11735,0.006,
tile_008952,train,ok,12920,0.006,
tile_008953,train,ok,12932,0.005,
tile_008954,train,ok,10336,0.006,
tile_008955,train,ok,10368,0.006,
tile_008956,train,ok,10674,0.005,
tile_008957,train,ok,9949,0.005,
tile_008958,train,ok,12005,0.006,
tile_008959,train,ok,13129,0.005,
tile_008960,train,ok,10988,0.006,
tile_008961,train,ok,10639,0.005,
tile_008962,train,ok,10761,0.005,
tile_008963,train,ok,11557,0.006,
tile_008964,train,ok,10852,0.005,
tile_008965,train,ok,12657,0.006,
tile_008966,train,ok,12883,0.006,
tile_008967,train,ok,12421,0.006,
tile_008968,train,ok,10358,0.006,
tile_008969,train,ok,11525,0.005,
tile_008970,train,ok,11185,0.005,
tile_008971,test,ok,12888,0.006,
tile_008972,val,ok,12782,0.006,
tile_008973,train,ok,12367,0.005,
tile_008974,train,ok,11881,0.006,
tile_008975,train,ok,12375,0.037,
tile_008976,train,ok,11558,0.036,
tile_008977,train,ok,9618,0.036,
tile_008978,train,ok,11776,0.035,
tile_008979,train,ok,10216,0.006,
tile_008980,train,ok,11613,0.006,
tile_008981,train,ok,11293,0.006,
tile_008982,train,ok,11596,0.005,
tile_008983,train,ok,10505,0.007,
tile_008984,train,ok,11624,0.007,
tile_008985,train,ok,12778,0.006,
tile_008986,train,ok,11249,0.006,
tile_008987,train,ok,11829,0.006,
tile_008988,val,ok,12386,0.006,
tile_008989,val,ok,12573,0.006,
tile_008990,val,ok,12413,0.006,
tile_008991,train,ok,11873,0.006,
tile_008992,train,ok,12717,0.006,
tile_008993,train,ok,12329,0.006,
tile_008994,train,ok,12986,0.006,
tile_008995,train,ok,11434,0.006,
tile_008996,train,ok,11453,0.006,
tile_008997,train,ok,11215,0.006,
tile_008998,train,ok,12163,0.006,
tile_008999,train,ok,11705,0.006,
tile_009000,train,ok,12480,0.006,
tile_009001,train,ok,11682,0.006,
tile_009002,train,ok,12466,0.006,
tile_009003,val,ok,12700,0.006,
tile_009004,train,ok,11249,0.006,
tile_009005,train,ok,13060,0.006,
tile_009006,train,ok,13063,0.006,
tile_009007,train,ok,10483,0.006,
tile_009008,train,ok,12573,0.006,
tile_009009,train,ok,13049,0.005,
tile_009010,train,ok,13101,0.006,
tile_009011,train,ok,12392,0.006,
tile_009012,train,ok,11628,0.006,
tile_009013,train,ok,11046,0.006,
tile_009014,val,ok,12740,0.006,
tile_009015,val,ok,12325,0.006,
tile_009016,train,ok,11483,0.006,
tile_009017,train,ok,10464,0.006,
tile_009018,train,ok,13036,0.006,
tile_009019,val,ok,13067,0.008,
tile_009020,train,ok,13002,0.008,
tile_009021,train,ok,10524,0.009,
tile_009022,val,ok,12064,0.009,
tile_009023,train,ok,11732,0.006,
tile_009024,train,ok,11312,0.006,
tile_009025,train,ok,11394,0.006,
tile_009026,train,ok,13171,0.006,
tile_009027,train,ok,12584,0.006,
tile_009028,test,ok,11215,0.006,
tile_009029,test,ok,10314,0.006,
tile_009030,test,ok,11328,0.006,
tile_009031,train,ok,12651,0.006,
tile_009032,train,ok,11855,0.006,
tile_009033,train,ok,12923,0.006,
tile_009034,train,ok,12333,0.006,
tile_009035,train,ok,11060,0.006,
tile_009036,train,ok,12044,0.006,
tile_009037,train,ok,11519,0.006,
tile_009038,train,ok,12732,0.006,
tile_009039,test,ok,10051,0.006,
tile_009040,test,ok,12953,0.006,
tile_009041,train,ok,12688,0.006,
tile_009042,train,ok,11410,0.006,
tile_009043,train,ok,13006,0.007,
tile_009044,train,ok,11585,0.006,
tile_009045,train,ok,12832,0.006,
tile_009046,train,ok,13005,0.006,
tile_009047,train,ok,12347,0.006,
tile_009048,train,ok,11411,0.006,
tile_009049,train,ok,12610,0.005,
tile_009050,val,ok,12092,0.006,
tile_009051,train,ok,12494,0.006,
tile_009052,train,ok,12355,0.006,
tile_009053,train,ok,12550,0.006,
tile_009054,train,ok,13014,0.006,
tile_009055,train,ok,12957,0.006,
tile_009056,train,ok,12570,0.006,
tile_009057,train,ok,12957,0.006,
tile_009058,train,ok,12715,0.006,
tile_009059,train,ok,11916,0.006,
tile_009060,train,ok,13115,0.006,
tile_009061,train,ok,12640,0.006,
tile_009062,train,ok,12969,0.006,
tile_009063,train,ok,10960,0.006,
tile_009064,train,ok,12356,0.006,
tile_009065,train,ok,12482,0.006,
tile_009066,train,ok,13021,0.006,
tile_009067,train,ok,12683,0.006,
tile_009068,train,ok,11804,0.006,
tile_009069,train,ok,8582,0.006,
tile_009070,train,ok,12371,0.006,
tile_009071,train,ok,12536,0.006,
tile_009072,train,ok,11866,0.005,
tile_009073,train,ok,12462,0.006,
tile_009074,val,ok,11925,0.006,
tile_009075,val,ok,12794,0.006,
tile_009076,test,ok,10998,0.006,
tile_009077,val,ok,11495,0.005,
tile_009078,test,ok,11698,0.006,
tile_009079,test,ok,12212,0.006,
tile_009080,val,ok,12859,0.006,
tile_009081,train,ok,12365,0.005,
tile_009082,val,ok,13090,0.006,
tile_009083,test,ok,10791,0.006,
tile_009084,train,ok,11891,0.006,
tile_009085,train,ok,12993,0.006,
tile_009086,test,ok,9267,0.006,
tile_009087,train,ok,12726,0.005,
tile_009088,test,ok,13027,0.006,
tile_009089,val,ok,11666,0.006,
tile_009090,train,ok,10564,0.006,
tile_009091,test,ok,11765,0.006,
tile_009092,train,ok,12207,0.006,
tile_009093,train,ok,12662,0.006,
tile_009094,test,ok,12975,0.006,
tile_009095,test,ok,12111,0.006,
tile_009096,train,ok,12332,0.006,
tile_009097,train,ok,9261,0.006,
tile_009098,val,ok,12474,0.006,
tile_009099,test,ok,12655,0.006,
tile_009100,train,ok,12496,0.006,
tile_009101,test,ok,9870,0.006,
tile_009102,test,ok,11915,0.006,
tile_009103,train,ok,8792,0.006,
tile_009104,train,ok,12837,0.006,
tile_009105,train,ok,10234,0.006,
tile_009106,train,ok,11001,0.006,
tile_009107,train,ok,13072,0.006,
tile_009108,train,ok,13013,0.005,
tile_009109,test,ok,10995,0.006,
tile_009110,train,ok,12969,0.005,
tile_009111,train,ok,12997,0.006,
tile_009112,train,ok,12805,0.006,
tile_009113,train,ok,12899,0.006,
tile_009114,train,ok,10892,0.006,
tile_009115,train,ok,10879,0.006,
tile_009116,train,ok,11018,0.006,
tile_009117,train,ok,10238,0.006,
tile_009118,train,ok,11429,0.006,
tile_009119,train,ok,11168,0.006,
tile_009120,train,ok,11873,0.006,
tile_009121,train,ok,12576,0.006,
tile_009122,train,ok,10986,0.006,
tile_009123,train,ok,13029,0.006,
tile_009124,train,ok,12709,0.006,
tile_009125,test,ok,11962,0.006,
tile_009126,train,ok,12193,0.006,
tile_009127,train,ok,9361,0.006,
tile_009128,train,ok,10945,0.006,
tile_009129,train,ok,12649,0.006,
tile_009130,train,ok,10240,0.006,
tile_009131,test,ok,13068,0.006,
tile_009132,train,ok,9960,0.006,
tile_009133,train,ok,12346,0.006,
tile_009134,train,ok,12397,0.005,
tile_009135,train,ok,11730,0.006,
tile_009136,train,ok,12276,0.006,
tile_009137,train,ok,10650,0.006,
tile_009138,train,ok,12576,0.005,
tile_009139,train,ok,12983,0.006,
tile_009140,val,ok,12888,0.006,
tile_009141,val,ok,11721,0.006,
tile_009142,train,ok,12670,0.006,
tile_009143,train,ok,12126,0.006,
tile_009144,train,ok,10981,0.006,
tile_009145,train,ok,12668,0.006,
tile_009146,train,ok,11615,0.006,
tile_009147,train,ok,10989,0.007,
tile_009148,train,ok,12596,0.006,
tile_009149,train,ok,12895,0.006,
tile_009150,train,ok,11391,0.006,
tile_009151,train,ok,13090,0.007,
tile_009152,train,ok,10893,0.007,
tile_009153,train,ok,11732,0.007,
tile_009154,train,ok,13048,0.007,
tile_009155,train,ok,11599,0.006,
tile_009156,train,ok,11991,0.006,
tile_009157,train,ok,12074,0.006,
tile_009158,train,ok,12876,0.006,
tile_009159,train,ok,10418,0.007,
tile_009160,train,ok,13111,0.007,
tile_009161,train,ok,12510,0.006,
tile_009162,train,ok,13056,0.006,
tile_009163,train,ok,12341,0.007,
tile_009164,train,ok,11248,0.007,
tile_009165,test,ok,12029,0.007,
tile_009166,train,ok,13152,0.007,
tile_009167,test,ok,13067,0.007,
tile_009168,train,ok,11734,0.007,
tile_009169,test,ok,11651,0.007,
tile_009170,train,ok,12380,0.007,
tile_009171,train,ok,13041,0.01,
tile_009172,train,ok,12346,0.01,
tile_009173,val,ok,12943,0.012,
tile_009174,train,ok,12662,0.009,
tile_009175,train,ok,13045,0.008,
tile_009176,train,ok,11515,0.008,
tile_009177,train,ok,12999,0.008,
tile_009178,train,ok,11584,0.008,
tile_009179,val,ok,13061,0.008,
tile_009180,train,ok,12471,0.008,
tile_009181,train,ok,12181,0.008,
tile_009182,test,ok,11712,0.008,
tile_009183,train,ok,12660,0.008,
tile_009184,train,ok,12183,0.007,
tile_009185,train,ok,12504,0.007,
tile_009186,train,ok,12878,0.007,
tile_009187,train,ok,12851,0.01,
tile_009188,train,ok,12612,0.012,
tile_009189,train,ok,12080,0.011,
tile_009190,train,ok,12955,0.011,
tile_009191,train,ok,12371,0.007,
tile_009192,train,ok,10151,0.007,
tile_009193,train,ok,11041,0.008,
tile_009194,train,ok,12108,0.007,
tile_009195,train,ok,12682,0.007,
tile_009196,train,ok,12787,0.007,
tile_009197,train,ok,12464,0.007,
tile_009198,train,ok,12307,0.007,
tile_009199,val,ok,12196,0.008,
tile_009200,train,ok,12724,0.007,
tile_009201,val,ok,13060,0.008,
tile_009202,train,ok,10570,0.007,
tile_009203,train,ok,12904,0.007,
tile_009204,train,ok,12878,0.006,
tile_009205,train,ok,12818,0.006,
tile_009206,train,ok,12199,0.006,
tile_009207,train,ok,12585,0.006,
tile_009208,val,ok,11036,0.006,
tile_009209,train,ok,11093,0.006,
tile_009210,train,ok,9963,0.006,
tile_009211,train,ok,11180,0.006,
tile_009212,train,ok,13050,0.006,
tile_009213,train,ok,13008,0.006,
tile_009214,train,ok,12418,0.006,
tile_009215,train,ok,11502,0.006,
tile_009216,train,ok,12773,0.006,
tile_009217,train,ok,10901,0.005,
tile_009218,train,ok,11224,0.005,
tile_009219,train,ok,7485,0.006,
tile_009220,train,ok,12294,0.006,
tile_009221,train,ok,12379,0.006,
tile_009222,val,ok,10593,0.006,
tile_009223,train,ok,12863,0.006,
tile_009224,test,ok,12853,0.006,
tile_009225,train,ok,12908,0.006,
tile_009226,train,ok,12812,0.006,
tile_009227,train,ok,13002,0.006,
tile_009228,train,ok,13149,0.006,
tile_009229,train,ok,11963,0.005,
tile_009230,train,ok,13057,0.006,
tile_009231,train,ok,13062,0.006,
tile_009232,train,ok,11628,0.006,
tile_009233,train,ok,12134,0.006,
tile_009234,train,ok,12284,0.005,
tile_009235,train,ok,12470,0.006,
tile_009236,train,ok,12015,0.006,
tile_009237,train,ok,12662,0.006,
tile_009238,train,ok,11806,0.005,
tile_009239,train,ok,12332,0.006,
tile_009240,train,ok,11862,0.006,
tile_009241,train,ok,12295,0.006,
tile_009242,val,ok,12767,0.006,
tile_009243,train,ok,11842,0.006,
tile_009244,train,ok,12645,0.006,
tile_009245,train,ok,12888,0.006,
tile_009246,train,ok,12869,0.006,
tile_009247,train,ok,12996,0.006,
tile_009248,train,ok,11806,0.007,
tile_009249,train,ok,12693,0.006,
tile_009250,train,ok,12074,0.006,
tile_009251,train,ok,12971,0.006,
tile_009252,train,ok,12592,0.006,
tile_009253,test,ok,12338,0.006,
tile_009254,train,ok,12162,0.006,
tile_009255,train,ok,12152,0.005,
tile_009256,train,ok,11820,0.006,
tile_009257,train,ok,12442,0.005,
tile_009258,train,ok,12188,0.006,
tile_009259,train,ok,12318,0.005,
tile_009260,train,ok,13064,0.006,
tile_009261,train,ok,12715,0.005,
tile_009262,train,ok,12532,0.005,
tile_009263,train,ok,13030,0.005,
tile_009264,train,ok,12547,0.006,
tile_009265,train,ok,12685,0.006,
tile_009266,test,ok,12961,0.006,
tile_009267,train,ok,11871,0.006,
tile_009268,train,ok,12875,0.006,
tile_009269,train,ok,10272,0.006,
tile_009270,train,ok,12490,0.006,
tile_009271,train,ok,13057,0.006,
tile_009272,train,ok,12173,0.006,
tile_009273,train,ok,9314,0.006,
tile_009274,train,ok,11680,0.006,
tile_009275,train,ok,13000,0.006,
tile_009276,train,ok,11773,0.006,
tile_009277,train,ok,12323,0.006,
tile_009278,train,ok,11877,0.006,
tile_009279,train,ok,10980,0.006,
tile_009280,train,ok,12442,0.006,
tile_009281,train,ok,12704,0.006,
tile_009282,train,ok,12381,0.006,
tile_009283,train,ok,11899,0.006,
tile_009284,train,ok,13054,0.005,
tile_009285,test,ok,11488,0.006,
tile_009286,train,ok,12848,0.006,
tile_009287,train,ok,13026,0.006,
tile_009288,train,ok,12624,0.005,
tile_009289,train,ok,12593,0.006,
tile_009290,test,ok,13115,0.007,
tile_009291,test,ok,12050,0.008,
tile_009292,train,ok,12639,0.008,
tile_009293,train,ok,11266,0.008,
tile_009294,train,ok,9596,0.007,
tile_009295,train,ok,13060,0.006,
tile_009296,train,ok,10977,0.006,
tile_009297,train,ok,12170,0.006,
tile_009298,train,ok,12231,0.006,
tile_009299,train,ok,11161,0.01,
tile_009300,train,ok,12410,0.01,
tile_009301,train,ok,12814,0.01,
tile_009302,train,ok,10580,0.011,
tile_009303,train,ok,12859,0.007,
tile_009304,train,ok,12296,0.007,
tile_009305,train,ok,12658,0.007,
tile_009306,train,ok,12634,0.007,
tile_009307,train,ok,13063,0.008,
tile_009308,train,ok,12521,0.007,
tile_009309,train,ok,11385,0.007,
tile_009310,train,ok,13163,0.007,
tile_009311,train,ok,12573,0.006,
tile_009312,train,ok,11783,0.006,
tile_009313,train,ok,12961,0.006,
tile_009314,train,ok,11626,0.006,
tile_009315,train,ok,11408,0.007,
tile_009316,train,ok,11975,0.006,
tile_009317,train,ok,12978,0.006,
tile_009318,train,ok,10938,0.007,
tile_009319,train,ok,12001,0.006,
tile_009320,train,ok,12612,0.006,
tile_009321,test,ok,11901,0.006,
tile_009322,test,ok,12367,0.006,
tile_009323,test,ok,12801,0.006,
tile_009324,train,ok,11308,0.006,
tile_009325,train,ok,12290,0.006,
tile_009326,train,ok,12964,0.006,
tile_009327,train,ok,10533,0.007,
tile_009328,train,ok,11908,0.007,
tile_009329,train,ok,12616,0.006,
tile_009330,train,ok,12196,0.006,
tile_009331,val,ok,12403,0.006,
tile_009332,val,ok,12687,0.006,
tile_009333,train,ok,12637,0.006,
tile_009334,train,ok,13041,0.006,
tile_009335,train,ok,12399,0.006,
tile_009336,train,ok,12818,0.006,
tile_009337,train,ok,10646,0.006,
tile_009338,train,ok,12832,0.005,
tile_009339,train,ok,11089,0.006,
tile_009340,train,ok,9971,0.007,
tile_009341,train,ok,12649,0.006,
tile_009342,train,ok,12121,0.006,
tile_009343,train,ok,11502,0.007,
tile_009344,train,ok,12729,0.007,
tile_009345,train,ok,11068,0.006,
tile_009346,train,ok,12871,0.006,
tile_009347,train,ok,12797,0.006,
tile_009348,test,ok,11476,0.006,
tile_009349,test,ok,11202,0.007,
tile_009350,train,ok,11347,0.006,
tile_009351,train,ok,11272,0.006,
tile_009352,train,ok,12038,0.007,
tile_009353,test,ok,12697,0.007,
tile_009354,test,ok,12627,0.007,
tile_009355,test,ok,12102,0.006,
tile_009356,test,ok,11881,0.006,
tile_009357,train,ok,12116,0.006,
tile_009358,train,ok,12378,0.006,
tile_009359,train,ok,12586,0.006,
tile_009360,train,ok,12459,0.006,
tile_009361,test,ok,11577,0.006,
tile_009362,test,ok,12427,0.006,
tile_009363,train,ok,11156,0.006,
tile_009364,train,ok,12803,0.006,
tile_009365,train,ok,12365,0.006,
tile_009366,train,ok,12908,0.006,
tile_009367,train,ok,12357,0.007,
tile_009368,train,ok,11856,0.006,
tile_009369,test,ok,12945,0.006,
tile_009370,train,ok,12062,0.006,
tile_009371,train,ok,11845,0.006,
tile_009372,test,ok,12885,0.006,
tile_009373,val,ok,13060,0.006,
tile_009374,train,ok,12895,0.006,
tile_009375,val,ok,12976,0.006,
tile_009376,train,ok,11846,0.006,
tile_009377,train,ok,11882,0.006,
tile_009378,train,ok,13064,0.006,
tile_009379,train,ok,10620,0.006,
tile_009380,test,ok,11324,0.006,
tile_009381,test,ok,10817,0.006,
tile_009382,train,ok,11854,0.006,
tile_009383,train,ok,12782,0.006,
tile_009384,train,ok,12048,0.006,
tile_009385,train,ok,13137,0.006,
tile_009386,val,ok,13107,0.007,
tile_009387,train,ok,12097,0.007,
tile_009388,train,ok,12486,0.007,
tile_009389,train,ok,12677,0.007,
tile_009390,train,ok,12787,0.006,
tile_009391,train,ok,12120,0.006,
tile_009392,train,ok,12351,0.006,
tile_009393,train,ok,11393,0.006,
tile_009394,train,ok,12184,0.006,
tile_009395,train,ok,12056,0.006,
tile_009396,train,ok,11940,0.006,
tile_009397,train,ok,12176,0.006,
tile_009398,train,ok,12173,0.006,
tile_009399,train,ok,13101,0.006,
tile_009400,train,ok,13036,0.006,
tile_009401,train,ok,12156,0.006,
tile_009402,train,ok,12729,0.006,
tile_009403,train,ok,13127,0.006,
tile_009404,train,ok,13088,0.006,
tile_009405,train,ok,13107,0.006,
tile_009406,train,ok,9963,0.006,
tile_009407,train,ok,13024,0.007,
tile_009408,train,ok,11824,0.007,
tile_009409,train,ok,13130,0.006,
tile_009410,train,ok,12123,0.006,
tile_009411,train,ok,13047,0.007,
tile_009412,train,ok,12182,0.007,
tile_009413,train,ok,12612,0.007,
tile_009414,train,ok,12828,0.006,
tile_009415,train,ok,12920,0.007,
tile_009416,train,ok,12985,0.007,
tile_009417,train,ok,11805,0.007,
tile_009418,test,ok,12138,0.007,
tile_009419,train,ok,11356,0.007,
tile_009420,test,ok,12297,0.007,
tile_009421,train,ok,12875,0.007,
tile_009422,train,ok,12480,0.007,
tile_009423,train,ok,12824,0.006,
tile_009424,train,ok,11816,0.006,
tile_009425,train,ok,12000,0.007,
tile_009426,train,ok,11779,0.006,
tile_009427,train,ok,12515,0.006,
tile_009428,train,ok,12231,0.006,
tile_009429,train,ok,10186,0.006,
tile_009430,train,ok,13055,0.006,
tile_009431,train,ok,11556,0.006,
tile_009432,train,ok,11552,0.006,
tile_009433,test,ok,9794,0.006,
tile_009434,test,ok,12119,0.006,
tile_009435,train,ok,11656,0.006,
tile_009436,train,ok,11872,0.006,
tile_009437,train,ok,10487,0.006,
tile_009438,train,ok,12575,0.006,
tile_009439,val,ok,11701,0.006,
tile_009440,train,ok,11622,0.006,
tile_009441,val,ok,12650,0.006,
tile_009442,val,ok,11380,0.007,
tile_009443,train,ok,11963,0.007,
tile_009444,test,ok,12283,0.006,
tile_009445,train,ok,13061,0.006,
tile_009446,train,ok,12836,0.006,
tile_009447,train,ok,12907,0.006,
tile_009448,train,ok,13124,0.006,
tile_009449,train,ok,11421,0.006,
tile_009450,train,ok,13056,0.006,
tile_009451,train,ok,10488,0.006,
tile_009452,train,ok,12551,0.007,
tile_009453,train,ok,12454,0.007,
tile_009454,train,ok,12410,0.006,
tile_009455,train,ok,12024,0.006,
tile_009456,val,ok,12182,0.007,
tile_009457,train,ok,12882,0.007,
tile_009458,train,ok,12291,0.006,
tile_009459,val,ok,12230,0.006,
tile_009460,train,ok,12764,0.006,
tile_009461,train,ok,12199,0.006,
tile_009462,train,ok,11960,0.006,
tile_009463,train,ok,12661,0.006,
tile_009464,test,ok,12203,0.006,
tile_009465,test,ok,10849,0.006,
tile_009466,train,ok,12865,0.006,
tile_009467,train,ok,13108,0.006,
tile_009468,train,ok,11834,0.006,
tile_009469,train,ok,12093,0.006,
tile_009470,train,ok,11038,0.006,
tile_009471,train,ok,9612,0.006,
tile_009472,train,ok,12006,0.006,
tile_009473,train,ok,10205,0.006,
tile_009474,train,ok,12610,0.006,
tile_009475,train,ok,12650,0.008,
tile_009476,train,ok,13132,0.009,
tile_009477,test,ok,13053,0.009,
tile_009478,val,ok,12034,0.01,
tile_009479,train,ok,9994,0.008,
tile_009480,train,ok,12271,0.008,
tile_009481,train,ok,10891,0.009,
tile_009482,train,ok,11744,0.008,
tile_009483,test,ok,12947,0.008,
tile_009484,train,ok,12526,0.007,
tile_009485,train,ok,12197,0.008,
tile_009486,train,ok,12999,0.008,
tile_009487,train,ok,12942,0.008,
tile_009488,train,ok,12160,0.008,
tile_009489,train,ok,11499,0.008,
tile_009490,train,ok,12765,0.008,
tile_009491,train,ok,11641,0.008,
tile_009492,train,ok,12546,0.007,
tile_009493,train,ok,11629,0.007,
tile_009494,train,ok,12644,0.008,
tile_009495,train,ok,12856,0.008,
tile_009496,train,ok,13063,0.008,
tile_009497,train,ok,11016,0.007,
tile_009498,train,ok,11718,0.007,
tile_009499,train,ok,12612,0.007,
tile_009500,val,ok,12878,0.008,
tile_009501,train,ok,11129,0.007,
tile_009502,val,ok,11622,0.008,
tile_009503,train,ok,12019,0.008,
tile_009504,train,ok,12539,0.009,
tile_009505,train,ok,11907,0.008,
tile_009506,train,ok,9537,0.007,
tile_009507,train,ok,12811,0.008,
tile_009508,train,ok,12934,0.008,
tile_009509,train,ok,12552,0.009,
tile_009510,val,ok,12502,0.009,
tile_009511,train,ok,9817,0.007,
tile_009512,train,ok,12214,0.006,
tile_009513,train,ok,12791,0.006,
tile_009514,train,ok,12733,0.006,
tile_009515,test,ok,12230,0.006,
tile_009516,test,ok,13019,0.006,
tile_009517,train,ok,12825,0.006,
tile_009518,train,ok,12283,0.006,
tile_009519,train,ok,10479,0.006,
tile_009520,train,ok,12734,0.006,
tile_009521,train,ok,12320,0.006,
tile_009522,train,ok,13107,0.006,
tile_009523,train,ok,12278,0.006,
tile_009524,train,ok,11560,0.006,
tile_009525,train,ok,12847,0.006,
tile_009526,train,ok,12245,0.006,
tile_009527,train,ok,11508,0.006,
tile_009528,train,ok,12695,0.006,
tile_009529,train,ok,10336,0.006,
tile_009530,train,ok,8883,0.006,
tile_009531,train,ok,8636,0.006,
tile_009532,train,ok,9719,0.006,
tile_009533,val,ok,12170,0.006,
tile_009534,train,ok,12560,0.006,
tile_009535,train,ok,11161,0.007,
tile_009536,train,ok,11338,0.006,
tile_009537,train,ok,8577,0.006,
tile_009538,train,ok,9593,0.006,
tile_009539,train,ok,9171,0.007,
tile_009540,train,ok,9393,0.007,
tile_009541,train,ok,12929,0.006,
tile_009542,train,ok,12662,0.006,
tile_009543,train,ok,11878,0.006,
tile_009544,train,ok,10255,0.006,
tile_009545,train,ok,11287,0.006,
tile_009546,train,ok,9592,0.006,
tile_009547,train,ok,8389,0.006,
tile_009548,train,ok,10906,0.006,
tile_009549,train,ok,11481,0.006,
tile_009550,train,ok,11987,0.006,
tile_009551,train,ok,9706,0.006,
tile_009552,train,ok,12324,0.007,
tile_009553,train,ok,10099,0.006,
tile_009554,train,ok,9347,0.006,
tile_009555,train,ok,12714,0.006,
tile_009556,train,ok,10974,0.006,
tile_009557,train,ok,11166,0.006,
tile_009558,train,ok,9975,0.006,
tile_009559,train,ok,10012,0.006,
tile_009560,train,ok,11700,0.006,
tile_009561,train,ok,8888,0.006,
tile_009562,train,ok,10928,0.006,
tile_009563,train,ok,10366,0.006,
tile_009564,train,ok,8943,0.006,
tile_009565,train,ok,12557,0.007,
tile_009566,train,ok,9824,0.006,
tile_009567,train,ok,12567,0.006,
tile_009568,train,ok,9627,0.006,
tile_009569,train,ok,10829,0.006,
tile_009570,train,ok,11176,0.006,
tile_009571,train,ok,12660,0.007,
tile_009572,train,ok,11074,0.006,
tile_009573,train,ok,12171,0.006,
tile_009574,val,ok,12386,0.006,
tile_009575,train,ok,11440,0.006,
tile_009576,train,ok,12889,0.006,
tile_009577,train,ok,10897,0.006,
tile_009578,val,ok,11619,0.006,
tile_009579,train,ok,10698,0.007,
tile_009580,train,ok,11267,0.007,
tile_009581,val,ok,12267,0.006,
tile_009582,val,ok,12423,0.006,
tile_009583,train,ok,13089,0.01,
tile_009584,train,ok,12053,0.009,
tile_009585,train,ok,12962,0.009,
tile_009586,train,ok,12707,0.009,
tile_009587,train,ok,12463,0.007,
tile_009588,train,ok,11929,0.007,
tile_009589,train,ok,12320,0.007,
tile_009590,train,ok,11621,0.006,
tile_009591,train,ok,12895,0.006,
tile_009592,train,ok,11735,0.006,
tile_009593,test,ok,12215,0.006,
tile_009594,train,ok,12781,0.006,
tile_009595,train,ok,11571,0.006,
tile_009596,train,ok,12988,0.007,
tile_009597,test,ok,12767,0.007,
tile_009598,train,ok,10913,0.007,
tile_009599,train,ok,12246,0.007,
tile_009600,test,ok,13109,0.007,
tile_009601,val,ok,12334,0.007,
tile_009602,test,ok,12623,0.007,
tile_009603,train,ok,11992,0.006,
tile_009604,train,ok,10696,0.006,
tile_009605,train,ok,12098,0.006,
tile_009606,train,ok,8953,0.006,
tile_009607,train,ok,12632,0.006,
tile_009608,train,ok,12415,0.006,
tile_009609,train,ok,12995,0.006,
tile_009610,train,ok,12138,0.006,
tile_009611,train,ok,10892,0.006,
tile_009612,train,ok,10473,0.006,
tile_009613,train,ok,10495,0.006,
tile_009614,train,ok,12940,0.006,
tile_009615,train,ok,12863,0.006,
tile_009616,train,ok,12719,0.006,
tile_009617,train,ok,8544,0.006,
tile_009618,train,ok,9768,0.006,
tile_009619,train,ok,12571,0.006,
tile_009620,train,ok,12933,0.007,
tile_009621,train,ok,11617,0.007,
tile_009622,train,ok,12167,0.006,
tile_009623,train,ok,12766,0.008,
tile_009624,train,ok,12674,0.009,
tile_009625,val,ok,13071,0.008,
tile_009626,test,ok,12302,0.008,
tile_009627,train,ok,12191,0.007,
tile_009628,train,ok,12089,0.01,
tile_009629,train,ok,10898,0.009,
tile_009630,val,ok,12926,0.009,
tile_009631,train,ok,11775,0.01,
tile_009632,train,ok,12425,0.008,
tile_009633,train,ok,10775,0.008,
tile_009634,test,ok,12980,0.007,
tile_009635,train,ok,10065,0.008,
tile_009636,train,ok,12630,0.008,
tile_009637,train,ok,9868,0.008,
tile_009638,train,ok,11451,0.008,
tile_009639,train,ok,12015,0.009,
tile_009640,test,ok,12808,0.008,
tile_009641,train,ok,11257,0.008,
tile_009642,train,ok,12863,0.008,
tile_009643,train,ok,13024,0.007,
tile_009644,train,ok,12609,0.007,
tile_009645,train,ok,12424,0.007,
tile_009646,train,ok,12355,0.008,
tile_009647,train,ok,12276,0.008,
tile_009648,test,ok,13070,0.007,
tile_009649,train,ok,12591,0.008,
tile_009650,train,ok,11667,0.007,
tile_009651,train,ok,11990,0.008,
tile_009652,train,ok,12887,0.008,
tile_009653,train,ok,12960,0.007,
tile_009654,train,ok,12759,0.008,
tile_009655,train,ok,12697,0.007,
tile_009656,train,ok,8770,0.006,
tile_009657,train,ok,12946,0.007,
tile_009658,train,ok,12241,0.006,
tile_009659,train,ok,12934,0.007,
tile_009660,train,ok,12542,0.007,
tile_009661,train,ok,12158,0.007,
tile_009662,train,ok,12993,0.006,
tile_009663,train,ok,12660,0.006,
tile_009664,val,ok,12949,0.006,
tile_009665,train,ok,10398,0.006,
tile_009666,train,ok,12872,0.006,
tile_009667,train,ok,13058,0.006,
tile_009668,train,ok,12706,0.006,
tile_009669,val,ok,12538,0.006,
tile_009670,train,ok,11834,0.006,
tile_009671,val,ok,10002,0.006,
tile_009672,train,ok,12800,0.006,
tile_009673,train,ok,10155,0.006,
tile_009674,train,ok,12581,0.006,
tile_009675,train,ok,13052,0.006,
tile_009676,train,ok,12438,0.006,
tile_009677,train,ok,12435,0.006,
tile_009678,train,ok,12129,0.006,
tile_009679,train,ok,13043,0.007,
tile_009680,test,ok,12522,0.007,
tile_009681,train,ok,13094,0.006,
tile_009682,train,ok,12508,0.006,
tile_009683,test,ok,13033,0.006,
tile_009684,train,ok,11055,0.006,
tile_009685,train,ok,12807,0.006,
tile_009686,train,ok,13004,0.006,
tile_009687,train,ok,12980,0.006,
tile_009688,train,ok,12796,0.006,
tile_009689,train,ok,12783,0.006,
tile_009690,train,ok,12644,0.006,
tile_009691,train,ok,12640,0.006,
tile_009692,train,ok,12715,0.006,
tile_009693,test,ok,12989,0.006,
tile_009694,train,ok,12999,0.006,
tile_009695,train,ok,12888,0.006,
tile_009696,val,ok,12655,0.006,
tile_009697,test,ok,12896,0.006,
tile_009698,train,ok,11883,0.006,
tile_009699,train,ok,12167,0.006,
tile_009700,val,ok,11519,0.006,
tile_009701,train,ok,11058,0.006,
tile_009702,train,ok,11906,0.006,
tile_009703,train,ok,11576,0.006,
tile_009704,test,ok,12100,0.006,
tile_009705,val,ok,13092,0.006,
tile_009706,train,ok,12528,0.006,
tile_009707,train,ok,13105,0.006,
tile_009708,train,ok,12990,0.006,
tile_009709,train,ok,10914,0.006,
tile_009710,train,ok,10208,0.006,
tile_009711,train,ok,10264,0.006,
tile_009712,train,ok,11752,0.006,
tile_009713,train,ok,12837,0.006,
tile_009714,train,ok,11648,0.006,
tile_009715,train,ok,12368,0.006,
tile_009716,train,ok,12709,0.006,
tile_009717,train,ok,12973,0.006,
tile_009718,train,ok,13013,0.006,
tile_009719,train,ok,12283,0.006,
tile_009720,train,ok,13082,0.007,
tile_009721,train,ok,10215,0.006,
tile_009722,train,ok,12989,0.006,
tile_009723,train,ok,12358,0.006,
tile_009724,train,ok,11294,0.006,
tile_009725,train,ok,10150,0.006,
tile_009726,train,ok,9767,0.006,
tile_009727,train,ok,11693,0.007,
tile_009728,train,ok,12264,0.006,
tile_009729,train,ok,11560,0.007,
tile_009730,train,ok,10715,0.006,
tile_009731,train,ok,9512,0.006,
tile_009732,train,ok,11636,0.006,
tile_009733,train,ok,12730,0.006,
tile_009734,train,ok,10043,0.006,
tile_009735,train,ok,11131,0.006,
tile_009736,train,ok,9889,0.006,
tile_009737,train,ok,8250,0.006,
tile_009738,train,ok,12669,0.006,
tile_009739,train,ok,11008,0.007,
tile_009740,train,ok,9774,0.007,
tile_009741,train,ok,10928,0.006,
tile_009742,train,ok,10771,0.006,
tile_009743,train,ok,10078,0.007,
tile_009744,train,ok,10152,0.007,
tile_009745,train,ok,11315,0.007,
tile_009746,test,ok,12433,0.007,
tile_009747,train,ok,12158,0.006,
tile_009748,train,ok,12464,0.006,
tile_009749,train,ok,12042,0.006,
tile_009750,train,ok,10323,0.006,
tile_009751,train,ok,10444,0.007,
tile_009752,train,ok,9837,0.007,
tile_009753,train,ok,10220,0.007,
tile_009754,train,ok,10096,0.006,
tile_009755,train,ok,11424,0.007,
tile_009756,train,ok,13123,0.007,
tile_009757,train,ok,12611,0.007,
tile_009758,test,ok,12990,0.007,
tile_009759,train,ok,12987,0.007,
tile_009760,train,ok,12451,0.007,
tile_009761,train,ok,12722,0.007,
tile_009762,train,ok,12944,0.007,
tile_009763,train,ok,13056,0.007,
tile_009764,train,ok,12841,0.007,
tile_009765,train,ok,13091,0.007,
tile_009766,train,ok,11956,0.008,
tile_009767,train,ok,10937,0.009,
tile_009768,train,ok,11195,0.008,
tile_009769,train,ok,10014,0.009,
tile_009770,train,ok,9904,0.008,
tile_009771,train,ok,12999,0.015,
tile_009772,test,ok,12376,0.014,
tile_009773,train,ok,11630,0.015,
tile_009774,train,ok,10598,0.015,
tile_009775,train,ok,10456,0.01,
tile_009776,train,ok,10497,0.011,
tile_009777,train,ok,12190,0.01,
tile_009778,train,ok,12912,0.01,
tile_009779,train,ok,13007,0.01,
tile_009780,val,ok,13037,0.008,
tile_009781,val,ok,11562,0.009,
tile_009782,train,ok,11444,0.01,
tile_009783,train,ok,10929,0.011,
tile_009784,train,ok,12553,0.01,
tile_009785,train,ok,12533,0.01,
tile_009786,train,ok,12924,0.009,
tile_009787,train,ok,10512,0.009,
tile_009788,train,ok,11584,0.01,
tile_009789,train,ok,11188,0.01,
tile_009790,train,ok,9333,0.009,
tile_009791,train,ok,12815,0.01,
tile_009792,train,ok,12701,0.01,
tile_009793,train,ok,10184,0.01,
tile_009794,train,ok,12243,0.01,
tile_009795,train,ok,12256,0.009,
tile_009796,train,ok,10687,0.01,
tile_009797,train,ok,9433,0.011,
tile_009798,train,ok,8384,0.009,
tile_009799,train,ok,11784,0.014,
tile_009800,train,ok,12684,0.013,
tile_009801,train,ok,11392,0.013,
tile_009802,train,ok,11265,0.013,
tile_009803,train,ok,11688,0.011,
tile_009804,train,ok,11420,0.01,
tile_009805,train,ok,12743,0.01,
tile_009806,train,ok,12034,0.009,
tile_009807,train,ok,12192,0.009,
tile_009808,train,ok,12497,0.009,
tile_009809,train,ok,11442,0.009,
tile_009810,train,ok,12779,0.009,
tile_009811,train,ok,12162,0.013,
tile_009812,train,ok,11980,0.013,
tile_009813,train,ok,11691,0.013,
tile_009814,train,ok,12428,0.013,
tile_009815,val,ok,12255,0.017,
tile_009816,train,ok,12299,0.017,
tile_009817,train,ok,11515,0.017,
tile_009818,train,ok,11906,0.017,
tile_009819,test,ok,12808,0.008,
tile_009820,train,ok,12896,0.008,
tile_009821,train,ok,11980,0.008,
tile_009822,train,ok,12575,0.008,
tile_009823,train,ok,12506,0.007,
tile_009824,train,ok,12460,0.007,
tile_009825,train,ok,12669,0.007,
tile_009826,test,ok,13027,0.006,
tile_009827,test,ok,12653,0.007,
tile_009828,test,ok,11180,0.007,
tile_009829,train,ok,11397,0.007,
tile_009830,train,ok,12994,0.007,
tile_009831,train,ok,13000,0.007,
tile_009832,train,ok,12804,0.007,
tile_009833,test,ok,11480,0.007,
tile_009834,train,ok,10960,0.007,
tile_009835,train,ok,12958,0.006,
tile_009836,train,ok,12403,0.006,
tile_009837,train,ok,12182,0.006,
tile_009838,train,ok,12022,0.006,
tile_009839,test,ok,11348,0.007,
tile_009840,test,ok,12970,0.007,
tile_009841,test,ok,12671,0.007,
tile_009842,train,ok,11955,0.006,
tile_009843,train,ok,11853,0.007,
tile_009844,train,ok,13027,0.006,
tile_009845,train,ok,10185,0.006,
tile_009846,train,ok,12505,0.006,
tile_009847,train,ok,11939,0.006,
tile_009848,test,ok,12713,0.006,
tile_009849,train,ok,12967,0.006,
tile_009850,train,ok,12651,0.006,
tile_009851,train,ok,12326,0.006,
tile_009852,train,ok,13043,0.006,
tile_009853,test,ok,9406,0.006,
tile_009854,train,ok,11513,0.006,
tile_009855,val,ok,9101,0.006,
tile_009856,train,ok,12072,0.006,
tile_009857,train,ok,12469,0.006,
tile_009858,train,ok,13050,0.006,
tile_009859,test,ok,12245,0.006,
tile_009860,test,ok,12776,0.006,
tile_009861,train,ok,12132,0.006,
tile_009862,train,ok,13034,0.006,
tile_009863,train,ok,12984,0.007,
tile_009864,train,ok,11589,0.007,
tile_009865,train,ok,11392,0.007,
tile_009866,train,ok,11276,0.007,
tile_009867,train,ok,12709,0.006,
tile_009868,train,ok,12702,0.006,
tile_009869,train,ok,10754,0.006,
tile_009870,train,ok,12526,0.006,
tile_009871,val,ok,12694,0.007,
tile_009872,train,ok,12709,0.007,
tile_009873,val,ok,12795,0.007,
tile_009874,train,ok,12398,0.007,
tile_009875,test,ok,12734,0.007,
tile_009876,train,ok,11775,0.007,
tile_009877,train,ok,11576,0.007,
tile_009878,test,ok,12727,0.007,
tile_009879,train,ok,13050,0.006,
tile_009880,train,ok,12819,0.006,
tile_009881,train,ok,12808,0.006,
tile_009882,val,ok,12295,0.006,
tile_009883,val,ok,11418,0.006,
tile_009884,train,ok,12862,0.006,
tile_009885,train,ok,12108,0.006,
tile_009886,train,ok,10680,0.006,
tile_009887,train,ok,12875,0.006,
tile_009888,train,ok,10439,0.006,
tile_009889,train,ok,11754,0.006,
tile_009890,val,ok,12972,0.006,
tile_009891,train,ok,13082,0.006,
tile_009892,train,ok,12577,0.006,
tile_009893,train,ok,12400,0.006,
tile_009894,train,ok,13066,0.006,
tile_009895,train,ok,12474,0.007,
tile_009896,test,ok,12981,0.007,
tile_009897,train,ok,12865,0.008,
tile_009898,test,ok,10972,0.007,
tile_009899,test,ok,12419,0.008,
tile_009900,test,ok,12867,0.008,
tile_009901,test,ok,13110,0.008,
tile_009902,train,ok,13127,0.007,
tile_009903,train,ok,11971,0.008,
tile_009904,train,ok,12270,0.009,
tile_009905,train,ok,13040,0.009,
tile_009906,train,ok,10443,0.009,
tile_009907,train,ok,12850,0.007,
tile_009908,train,ok,12466,0.006,
tile_009909,train,ok,12796,0.007,
tile_009910,test,ok,11940,0.006,
tile_009911,train,ok,12601,0.006,
tile_009912,test,ok,10768,0.006,
tile_009913,train,ok,12633,0.006,
tile_009914,val,ok,11733,0.006,
tile_009915,train,ok,11975,0.006,
tile_009916,train,ok,12933,0.006,
tile_009917,train,ok,12966,0.006,
tile_009918,train,ok,12271,0.006,
tile_009919,train,ok,11506,0.006,
tile_009920,train,ok,12789,0.006,
tile_009921,train,ok,12062,0.006,
tile_009922,train,ok,11889,0.006,
tile_009923,train,ok,13061,0.007,
tile_009924,train,ok,12959,0.006,
tile_009925,train,ok,11021,0.007,
tile_009926,train,ok,12767,0.007,
tile_009927,train,ok,12380,0.008,
tile_009928,val,ok,12100,0.008,
tile_009929,val,ok,12937,0.007,
tile_009930,train,ok,12764,0.007,
tile_009931,test,ok,12112,0.008,
tile_009932,train,ok,12551,0.008,
tile_009933,train,ok,11892,0.007,
tile_009934,val,ok,12094,0.007,
tile_009935,val,ok,12073,0.009,
tile_009936,val,ok,12210,0.009,
tile_009937,train,ok,10889,0.009,
tile_009938,train,ok,11642,0.008,
tile_009939,val,ok,12055,0.008,
tile_009940,val,ok,11392,0.008,
tile_009941,train,ok,11715,0.008,
tile_009942,train,ok,10926,0.008,
tile_009943,train,ok,13103,0.008,
tile_009944,train,ok,11303,0.009,
tile_009945,train,ok,9614,0.008,
tile_009946,train,ok,10187,0.008,
tile_009947,train,ok,9632,0.009,
tile_009948,val,ok,12452,0.009,
tile_009949,val,ok,13168,0.009,
tile_009950,train,ok,13047,0.009,
tile_009951,train,ok,11396,0.008,
tile_009952,val,ok,13012,0.008,
tile_009953,val,ok,11510,0.008,
tile_009954,val,ok,13017,0.008,
tile_009955,val,ok,10202,0.017,
tile_009956,val,ok,12706,0.016,
tile_009957,train,ok,10808,0.016,
tile_009958,train,ok,12876,0.016,
tile_009959,val,ok,12187,0.012,
tile_009960,train,ok,10841,0.011,
tile_009961,train,ok,11605,0.011,
tile_009962,train,ok,12025,0.011,
tile_009963,train,ok,12266,0.008,
tile_009964,train,ok,12665,0.009,
tile_009965,test,ok,12550,0.009,
tile_009966,test,ok,12950,0.008,
tile_009967,test,ok,13083,0.008,
tile_009968,train,ok,12527,0.008,
tile_009969,train,ok,12680,0.008,
tile_009970,train,ok,12367,0.008,
tile_009971,val,ok,10742,0.008,
tile_009972,val,ok,9971,0.008,
tile_009973,train,ok,11998,0.009,
tile_009974,train,ok,11385,0.008,
tile_009975,val,ok,12896,0.008,
tile_009976,train,ok,12230,0.008,
tile_009977,train,ok,12423,0.008,
tile_009978,train,ok,12015,0.008,
tile_009979,train,ok,11497,0.007,
tile_009980,train,ok,12687,0.007,
tile_009981,train,ok,12754,0.007,
tile_009982,val,ok,13068,0.007,
tile_009983,val,ok,11352,0.008,
tile_009984,val,ok,12267,0.007,
tile_009985,train,ok,9702,0.007,
tile_009986,train,ok,11716,0.007,
tile_009987,train,ok,10122,0.007,
tile_009988,val,ok,12903,0.006,
tile_009989,train,ok,10422,0.007,
tile_009990,train,ok,12189,0.007,
tile_009991,train,ok,11498,0.007,
tile_009992,train,ok,11686,0.007,
tile_009993,train,ok,12574,0.006,
tile_009994,test,ok,13088,0.007,
tile_009995,test,ok,12857,0.007,
tile_009996,test,ok,12461,0.007,
tile_009997,train,ok,8398,0.007,
tile_009998,train,ok,13006,0.007,
tile_009999,train,ok,11251,0.008,
tile_010000,train,ok,13165,0.007,
tile_010001,train,ok,12214,0.007,
tile_010002,train,ok,12753,0.007,
tile_010003,val,ok,12563,0.007,
tile_010004,val,ok,12145,0.007,
tile_010005,val,ok,10104,0.007,
tile_010006,val,ok,12361,0.007,
tile_010007,train,ok,10020,0.009,
tile_010008,train,ok,11479,0.008,
tile_010009,train,ok,11720,0.009,
tile_010010,train,ok,12280,0.008,
tile_010011,train,ok,12605,0.01,
tile_010012,train,ok,11293,0.009,
tile_010013,train,ok,11848,0.009,
tile_010014,train,ok,11967,0.009,
tile_010015,train,ok,11913,0.012,
tile_010016,test,ok,12618,0.012,
tile_010017,train,ok,12660,0.013,
tile_010018,train,ok,11988,0.013,
tile_010019,train,ok,11819,0.017,
tile_010020,test,ok,12646,0.016,
tile_010021,train,ok,12774,0.016,
tile_010022,train,ok,11757,0.015,
tile_010023,train,ok,10287,0.011,
tile_010024,train,ok,10940,0.012,
tile_010025,train,ok,10343,0.011,
tile_010026,train,ok,11720,0.011,
tile_010027,train,ok,10518,0.009,
tile_010028,train,ok,11741,0.008,
tile_010029,train,ok,12663,0.008,
tile_010030,train,ok,12165,0.008,
tile_010031,train,ok,12047,0.008,
tile_010032,val,ok,12376,0.008,
tile_010033,val,ok,12073,0.009,
tile_010034,test,ok,12124,0.008,
tile_010035,train,ok,12129,0.009,
tile_010036,train,ok,9845,0.009,
tile_010037,train,ok,10455,0.008,
tile_010038,train,ok,12238,0.009,
tile_010039,train,ok,10262,0.009,
tile_010040,train,ok,10840,0.009,
tile_010041,train,ok,11879,0.009,
tile_010042,train,ok,11350,0.009,
tile_010043,train,ok,12591,0.009,
tile_010044,train,ok,12682,0.009,
tile_010045,val,ok,12786,0.009,
tile_010046,val,ok,12443,0.008,
tile_010047,val,ok,12883,0.011,
tile_010048,test,ok,12292,0.011,
tile_010049,train,ok,12537,0.011,
tile_010050,train,ok,12160,0.01,
tile_010051,train,ok,11517,0.006,
tile_010052,train,ok,11741,0.007,
tile_010053,train,ok,13024,0.006,
tile_010054,train,ok,11649,0.006,
tile_010055,train,ok,12888,0.007,
tile_010056,train,ok,12868,0.007,
tile_010057,train,ok,12973,0.007,
tile_010058,val,ok,12555,0.007,
tile_010059,val,ok,12932,0.007,
tile_010060,train,ok,10861,0.007,
tile_010061,train,ok,10438,0.007,
tile_010062,train,ok,11040,0.006,
tile_010063,train,ok,11317,0.007,
tile_010064,train,ok,12632,0.007,
tile_010065,train,ok,12953,0.007,
tile_010066,train,ok,12906,0.007,
tile_010067,train,ok,10893,0.007,
tile_010068,test,ok,11788,0.007,
tile_010069,train,ok,12597,0.007,
tile_010070,train,ok,13133,0.007,
tile_010071,test,ok,12970,0.009,
tile_010072,test,ok,12007,0.009,
tile_010073,test,ok,12292,0.009,
tile_010074,train,ok,12128,0.009,
tile_010075,train,ok,13108,0.008,
tile_010076,train,ok,12884,0.007,
tile_010077,train,ok,12855,0.007,
tile_010078,test,ok,11851,0.007,
tile_010079,train,ok,12956,0.008,
tile_010080,train,ok,12071,0.007,
tile_010081,train,ok,12733,0.007,
tile_010082,train,ok,11803,0.007,
tile_010083,train,ok,13067,0.007,
tile_010084,train,ok,12574,0.007,
tile_010085,train,ok,12214,0.007,
tile_010086,train,ok,12599,0.007,
tile_010087,val,ok,12350,0.007,
tile_010088,train,ok,12813,0.007,
tile_010089,train,ok,13014,0.007,
tile_010090,train,ok,12170,0.007,
tile_010091,train,ok,12719,0.007,
tile_010092,train,ok,12141,0.007,
tile_010093,train,ok,13118,0.007,
tile_010094,train,ok,11572,0.006,
tile_010095,train,ok,13079,0.007,
tile_010096,train,ok,13059,0.007,
tile_010097,val,ok,12561,0.006,
tile_010098,train,ok,7281,0.006,
tile_010099,train,ok,9532,0.007,
tile_010100,train,ok,7622,0.006,
tile_010101,train,ok,13065,0.007,
tile_010102,test,ok,12375,0.006,
tile_010103,train,ok,12747,0.007,
tile_010104,train,ok,12446,0.007,
tile_010105,train,ok,12716,0.007,
tile_010106,train,ok,12996,0.007,
tile_010107,train,ok,12333,0.007,
tile_010108,train,ok,12713,0.007,
tile_010109,train,ok,11861,0.007,
tile_010110,train,ok,11986,0.007,
tile_010111,train,ok,13139,0.007,
tile_010112,val,ok,11718,0.006,
tile_010113,train,ok,13062,0.007,
tile_010114,val,ok,11761,0.007,
tile_010115,val,ok,12015,0.007,
tile_010116,train,ok,12834,0.007,
tile_010117,train,ok,12799,0.007,
tile_010118,train,ok,11376,0.007,
tile_010119,train,ok,11345,0.007,
tile_010120,test,ok,12470,0.006,
tile_010121,val,ok,12478,0.006,
tile_010122,val,ok,12048,0.006,
tile_010123,train,ok,12456,0.008,
tile_010124,train,ok,12863,0.007,
tile_010125,train,ok,12913,0.008,
tile_010126,train,ok,12902,0.008,
tile_010127,train,ok,12061,0.009,
tile_010128,val,ok,11750,0.009,
tile_010129,train,ok,12865,0.008,
tile_010130,train,ok,10947,0.008,
tile_010131,train,ok,12784,0.009,
tile_010132,train,ok,11667,0.009,
tile_010133,train,ok,13010,0.009,
tile_010134,train,ok,11970,0.008,
tile_010135,train,ok,12276,0.009,
tile_010136,train,ok,10846,0.008,
tile_010137,train,ok,12573,0.008,
tile_010138,train,ok,12953,0.008,
tile_010139,train,ok,10445,0.008,
tile_010140,train,ok,10658,0.008,
tile_010141,train,ok,12768,0.008,
tile_010142,train,ok,12560,0.007,
tile_010143,train,ok,13015,0.007,
tile_010144,train,ok,12234,0.007,
tile_010145,train,ok,12628,0.007,
tile_010146,train,ok,9739,0.007,
tile_010147,train,ok,10648,0.008,
tile_010148,train,ok,10409,0.008,
tile_010149,train,ok,11849,0.008,
tile_010150,train,ok,10418,0.008,
tile_010151,train,ok,12986,0.007,
tile_010152,train,ok,12653,0.007,
tile_010153,train,ok,12813,0.008,
tile_010154,train,ok,8167,0.007,
tile_010155,train,ok,11509,0.009,
tile_010156,train,ok,11324,0.009,
tile_010157,train,ok,11925,0.009,
tile_010158,train,ok,9254,0.009,
tile_010159,train,ok,9094,0.007,
tile_010160,train,ok,9030,0.007,
tile_010161,train,ok,9330,0.007,
tile_010162,train,ok,12264,0.007,
tile_010163,train,ok,12606,0.008,
tile_010164,train,ok,10958,0.007,
tile_010165,train,ok,11662,0.007,
tile_010166,train,ok,12000,0.007,
tile_010167,train,ok,12412,0.007,
tile_010168,train,ok,9335,0.007,
tile_010169,train,ok,9553,0.007,
tile_010170,train,ok,8724,0.007,
tile_010171,train,ok,11441,0.006,
tile_010172,train,ok,9598,0.007,
tile_010173,train,ok,9314,0.007,
tile_010174,train,ok,12940,0.006,
tile_010175,train,ok,9856,0.006,
tile_010176,train,ok,12605,0.006,
tile_010177,train,ok,11311,0.006,
tile_010178,train,ok,10623,0.006,
tile_010179,train,ok,10641,0.007,
tile_010180,train,ok,8911,0.007,
tile_010181,train,ok,9055,0.007,
tile_010182,train,ok,9832,0.007,
tile_010183,train,ok,12079,0.007,
tile_010184,train,ok,8803,0.006,
tile_010185,train,ok,8922,0.007,
tile_010186,val,ok,12258,0.006,
tile_010187,val,ok,9912,0.007,
tile_010188,train,ok,11082,0.007,
tile_010189,train,ok,12830,0.006,
tile_010190,train,ok,12728,0.006,
tile_010191,train,ok,12236,0.007,
tile_010192,train,ok,9166,0.007,
tile_010193,train,ok,9912,0.007,
tile_010194,train,ok,9434,0.006,
tile_010195,train,ok,10737,0.007,
tile_010196,train,ok,10356,0.007,
tile_010197,train,ok,10544,0.006,
tile_010198,train,ok,9144,0.006,
tile_010199,train,ok,9218,0.007,
tile_010200,val,ok,10397,0.007,
tile_010201,val,ok,11241,0.006,
tile_010202,train,ok,12833,0.006,
tile_010203,train,ok,12863,0.006,
tile_010204,train,ok,12909,0.006,
tile_010205,train,ok,11477,0.007,
tile_010206,train,ok,9864,0.006,
tile_010207,train,ok,11466,0.006,
tile_010208,train,ok,12906,0.006,
tile_010209,train,ok,11241,0.006,
tile_010210,train,ok,12238,0.006,
tile_010211,train,ok,9043,0.01,
tile_010212,train,ok,9658,0.01,
tile_010213,train,ok,9184,0.008,
tile_010214,train,ok,11621,0.009,
tile_010215,train,ok,9427,0.01,
tile_010216,train,ok,8988,0.009,
tile_010217,train,ok,9950,0.009,
tile_010218,train,ok,9537,0.009,
tile_010219,train,ok,10843,0.008,
tile_010220,val,ok,11509,0.008,
tile_010221,val,ok,10107,0.008,
tile_010222,val,ok,11809,0.008,
tile_010223,train,ok,10626,0.007,
tile_010224,train,ok,11381,0.007,
tile_010225,train,ok,12930,0.007,
tile_010226,train,ok,12733,0.008,
tile_010227,train,ok,9595,0.008,
tile_010228,train,ok,12473,0.008,
tile_010229,train,ok,12522,0.008,
tile_010230,train,ok,12836,0.009,
tile_010231,train,ok,11637,0.008,
tile_010232,train,ok,12527,0.007,
tile_010233,train,ok,12421,0.007,
tile_010234,train,ok,12700,0.007,
tile_010235,train,ok,12690,0.006,
tile_010236,train,ok,11647,0.006,
tile_010237,train,ok,10387,0.006,
tile_010238,train,ok,9493,0.006,
tile_010239,train,ok,7862,0.006,
tile_010240,train,ok,7870,0.006,
tile_010241,train,ok,11170,0.007,
tile_010242,train,ok,10683,0.006,
tile_010243,train,ok,10559,0.006,
tile_010244,val,ok,12605,0.006,
tile_010245,val,ok,11077,0.006,
tile_010246,val,ok,12053,0.006,
tile_010247,train,ok,12785,0.009,
tile_010248,train,ok,12819,0.009,
tile_010249,train,ok,12575,0.01,
tile_010250,train,ok,13043,0.011,
tile_010251,train,ok,12782,0.012,
tile_010252,train,ok,11339,0.011,
tile_010253,test,ok,12324,0.01,
tile_010254,test,ok,9758,0.01,
tile_010255,test,ok,10502,0.009,
tile_010256,train,ok,12750,0.009,
tile_010257,val,ok,11076,0.008,
tile_010258,val,ok,12639,0.008,
tile_010259,val,ok,12919,0.009,
tile_010260,val,ok,11069,0.009,
tile_010261,val,ok,10593,0.009,
tile_010262,train,ok,12789,0.009,
tile_010263,train,ok,12408,0.009,
tile_010264,train,ok,11096,0.009,
tile_010265,train,ok,10694,0.008,
tile_010266,train,ok,12513,0.009,
tile_010267,train,ok,11213,0.008,
tile_010268,train,ok,10612,0.008,
tile_010269,test,ok,11606,0.008,
tile_010270,test,ok,12704,0.008,
tile_010271,test,ok,10611,0.009,
tile_010272,test,ok,10864,0.009,
tile_010273,train,ok,11994,0.01,
tile_010274,train,ok,12929,0.009,
tile_010275,val,ok,11467,0.01,
tile_010276,val,ok,12736,0.01,
tile_010277,val,ok,10104,0.011,
tile_010278,val,ok,11051,0.011,
tile_010279,train,ok,12311,0.011,
tile_010280,train,ok,11616,0.011,
tile_010281,test,ok,12323,0.01,
tile_010282,train,ok,10760,0.01,
tile_010283,train,ok,11185,0.011,
tile_010284,train,ok,9669,0.01,
tile_010285,train,ok,11251,0.01,
tile_010286,train,ok,9889,0.01,
tile_010287,train,ok,10781,0.008,
tile_010288,train,ok,12292,0.009,
tile_010289,test,ok,9214,0.009,
tile_010290,test,ok,13008,0.009,
tile_010291,test,ok,10435,0.009,
tile_010292,test,ok,9670,0.01,
tile_010293,train,ok,10787,0.009,
tile_010294,train,ok,11911,0.008,
tile_010295,val,ok,12831,0.01,
tile_010296,val,ok,10350,0.009,
tile_010297,val,ok,10638,0.009,
tile_010298,train,ok,10334,0.011,
tile_010299,train,ok,12258,0.009,
tile_010300,train,ok,13018,0.01,
tile_010301,test,ok,13040,0.01,
tile_010302,train,ok,10439,0.009,
tile_010303,train,ok,9970,0.008,
tile_010304,train,ok,10111,0.008,
tile_010305,train,ok,10764,0.008,
tile_010306,train,ok,12511,0.007,
tile_010307,test,ok,12846,0.008,
tile_010308,test,ok,12848,0.007,
tile_010309,test,ok,11647,0.007,
tile_010310,train,ok,12224,0.006,
tile_010311,train,ok,12490,0.009,
tile_010312,train,ok,13060,0.008,
tile_010313,val,ok,12522,0.008,
tile_010314,val,ok,12502,0.008,
tile_010315,val,ok,10811,0.008,
tile_010316,train,ok,9557,0.009,
tile_010317,train,ok,11966,0.008,
tile_010318,train,ok,12908,0.008,
tile_010319,test,ok,12270,0.007,
tile_010320,train,ok,12367,0.007,
tile_010321,train,ok,8907,0.007,
tile_010322,train,ok,10761,0.007,
tile_010323,train,ok,10450,0.006,
tile_010324,test,ok,13115,0.006,
tile_010325,test,ok,13023,0.006,
tile_010326,train,ok,11378,0.006,
tile_010327,train,ok,9974,0.007,
tile_010328,train,ok,9265,0.006,
tile_010329,train,ok,9439,0.006,
tile_010330,train,ok,10484,0.006,
tile_010331,train,ok,12658,0.007,
tile_010332,train,ok,12394,0.007,
tile_010333,train,ok,12638,0.007,
tile_010334,train,ok,10703,0.007,
tile_010335,train,ok,12381,0.006,
tile_010336,train,ok,8758,0.006,
tile_010337,train,ok,10646,0.006,
tile_010338,train,ok,12990,0.006,
tile_010339,train,ok,11314,0.007,
tile_010340,train,ok,9895,0.006,
tile_010341,test,ok,12586,0.007,
tile_010342,train,ok,12301,0.006,
tile_010343,train,ok,9225,0.007,
tile_010344,train,ok,9458,0.006,
tile_010345,train,ok,11638,0.006,
tile_010346,train,ok,13047,0.006,
tile_010347,train,ok,10894,0.007,
tile_010348,train,ok,11820,0.007,
tile_010349,train,ok,9583,0.007,
tile_010350,train,ok,12626,0.007,
tile_010351,train,ok,12211,0.007,
tile_010352,test,ok,12823,0.007,
tile_010353,test,ok,12529,0.007,
tile_010354,train,ok,11442,0.007,
tile_010355,train,ok,11185,0.007,
tile_010356,train,ok,9054,0.007,
tile_010357,train,ok,10742,0.007,
tile_010358,train,ok,13167,0.007,
tile_010359,train,ok,12885,0.006,
tile_010360,train,ok,11263,0.006,
tile_010361,train,ok,11316,0.006,
tile_010362,train,ok,12469,0.006,
tile_010363,train,ok,7786,0.006,
tile_010364,train,ok,8603,0.006,
tile_010365,train,ok,10105,0.006,
tile_010366,train,ok,12922,0.006,
tile_010367,train,ok,12314,0.008,
tile_010368,train,ok,12286,0.008,
tile_010369,train,ok,11138,0.008,
tile_010370,train,ok,9035,0.008,
tile_010371,train,ok,12786,0.006,
tile_010372,train,ok,10799,0.006,
tile_010373,train,ok,12825,0.006,
tile_010374,train,ok,12303,0.006,
tile_010375,test,ok,12254,0.01,
tile_010376,train,ok,11391,0.01,
tile_010377,val,ok,12526,0.014,
tile_010378,val,ok,10180,0.014,
tile_010379,val,ok,7406,0.007,
tile_010380,val,ok,8472,0.007,
tile_010381,train,ok,7290,0.007,
tile_010382,train,ok,9232,0.007,
tile_010383,train,ok,11683,0.007,
tile_010384,train,ok,8330,0.007,
tile_010385,train,ok,12248,0.007,
tile_010386,train,ok,11924,0.007,
tile_010387,train,ok,12491,0.006,
tile_010388,train,ok,12614,0.007,
tile_010389,train,ok,13090,0.006,
tile_010390,test,ok,11739,0.006,
tile_010391,train,ok,10542,0.006,
tile_010392,val,ok,8654,0.006,
tile_010393,val,ok,10277,0.007,
tile_010394,train,ok,12617,0.006,
tile_010395,train,ok,9223,0.006,
tile_010396,train,ok,9830,0.006,
tile_010397,train,ok,9102,0.006,
tile_010398,train,ok,9269,0.007,
tile_010399,train,ok,10773,0.007,
tile_010400,train,ok,9092,0.007,
tile_010401,train,ok,8033,0.006,
tile_010402,train,ok,12436,0.006,
tile_010403,val,ok,12885,0.006,
tile_010404,train,ok,12414,0.006,
tile_010405,train,ok,8949,0.006,
tile_010406,train,ok,8720,0.006,
tile_010407,train,ok,9794,0.006,
tile_010408,train,ok,11113,0.006,
tile_010409,train,ok,12892,0.006,
tile_010410,train,ok,8741,0.007,
tile_010411,val,ok,10726,0.006,
tile_010412,train,ok,12559,0.006,
tile_010413,train,ok,12858,0.006,
tile_010414,train,ok,12131,0.006,
tile_010415,train,ok,11313,0.006,
tile_010416,train,ok,11422,0.006,
tile_010417,train,ok,11525,0.006,
tile_010418,train,ok,12111,0.006,
tile_010419,train,ok,9373,0.006,
tile_010420,train,ok,12694,0.007,
tile_010421,train,ok,11486,0.006,
tile_010422,train,ok,12690,0.006,
tile_010423,train,ok,13108,0.006,
tile_010424,train,ok,12149,0.006,
tile_010425,train,ok,9290,0.006,
tile_010426,train,ok,11881,0.006,
tile_010427,train,ok,12386,0.006,
tile_010428,val,ok,12805,0.006,
tile_010429,train,ok,12956,0.006,
tile_010430,train,ok,12798,0.006,
tile_010431,train,ok,12521,0.007,
tile_010432,train,ok,12441,0.006,
tile_010433,train,ok,12135,0.006,
tile_010434,val,ok,12052,0.006,
tile_010435,train,ok,12858,0.006,
tile_010436,train,ok,12563,0.006,
tile_010437,train,ok,11198,0.006,
tile_010438,train,ok,12932,0.006,
tile_010439,train,ok,11832,0.006,
tile_010440,train,ok,12233,0.006,
tile_010441,train,ok,11973,0.006,
tile_010442,train,ok,10386,0.006,
tile_010443,train,ok,12650,0.006,
tile_010444,test,ok,9810,0.006,
tile_010445,train,ok,11861,0.007,
tile_010446,train,ok,12274,0.007,
tile_010447,train,ok,12509,0.007,
tile_010448,val,ok,12510,0.006,
tile_010449,train,ok,12857,0.007,
tile_010450,train,ok,11381,0.006,
tile_010451,train,ok,11595,0.006,
tile_010452,train,ok,11521,0.006,
tile_010453,train,ok,12590,0.007,
tile_010454,train,ok,9855,0.007,
tile_010455,train,ok,9742,0.006,
tile_010456,train,ok,11178,0.007,
tile_010457,train,ok,11247,0.007,
tile_010458,train,ok,13021,0.006,
tile_010459,train,ok,12017,0.006,
tile_010460,train,ok,12695,0.007,
tile_010461,train,ok,12662,0.007,
tile_010462,train,ok,11544,0.006,
tile_010463,train,ok,10890,0.006,
tile_010464,train,ok,10464,0.006,
tile_010465,train,ok,11358,0.007,
tile_010466,train,ok,10092,0.007,
tile_010467,val,ok,12919,0.007,
tile_010468,train,ok,12697,0.006,
tile_010469,train,ok,12612,0.006,
tile_010470,train,ok,13014,0.006,
tile_010471,train,ok,12643,0.006,
tile_010472,train,ok,12953,0.006,
tile_010473,train,ok,12149,0.006,
tile_010474,train,ok,11147,0.006,
tile_010475,train,ok,11277,0.006,
tile_010476,train,ok,8742,0.006,
tile_010477,train,ok,12614,0.006,
tile_010478,train,ok,12738,0.006,
tile_010479,train,ok,11808,0.006,
tile_010480,train,ok,12421,0.006,
tile_010481,train,ok,11390,0.006,
tile_010482,test,ok,8688,0.006,
tile_010483,train,ok,11056,0.006,
tile_010484,train,ok,12629,0.006,
tile_010485,val,ok,12791,0.007,
tile_010486,train,ok,12238,0.007,
tile_010487,train,ok,12220,0.006,
tile_010488,train,ok,13064,0.006,
tile_010489,train,ok,12726,0.006,
tile_010490,train,ok,12413,0.007,
tile_010491,train,ok,13079,0.006,
tile_010492,train,ok,12245,0.006,
tile_010493,train,ok,10795,0.006,
tile_010494,train,ok,12910,0.006,
tile_010495,train,ok,11355,0.006,
tile_010496,train,ok,13055,0.006,
tile_010497,train,ok,12783,0.006,
tile_010498,train,ok,11842,0.007,
tile_010499,train,ok,11609,0.006,
tile_010500,train,ok,12545,0.006,
tile_010501,train,ok,12787,0.006,
tile_010502,train,ok,11877,0.006,
tile_010503,train,ok,12821,0.006,
tile_010504,train,ok,11945,0.006,
tile_010505,train,ok,12458,0.06,
tile_010506,train,ok,12751,0.06,
tile_010507,train,ok,12121,0.061,
tile_010508,train,ok,12797,0.061,
tile_010509,train,ok,12348,0.007,
tile_010510,train,ok,13082,0.007,
tile_010511,train,ok,12829,0.006,
tile_010512,train,ok,12623,0.007,
tile_010513,train,ok,11803,0.006,
tile_010514,test,ok,12871,0.006,
tile_010515,train,ok,12794,0.006,
tile_010516,train,ok,12120,0.006,
tile_010517,train,ok,11732,0.006,
tile_010518,train,ok,12697,0.006,
tile_010519,train,ok,11781,0.006,
tile_010520,train,ok,12793,0.006,
tile_010521,train,ok,13080,0.007,
tile_010522,train,ok,12059,0.007,
tile_010523,train,ok,13064,0.007,
tile_010524,train,ok,13060,0.007,
tile_010525,train,ok,13057,0.01,
tile_010526,train,ok,12760,0.01,
tile_010527,val,ok,13072,0.009,
tile_010528,train,ok,12943,0.01,
tile_010529,train,ok,12831,0.012,
tile_010530,test,ok,12507,0.012,
tile_010531,train,ok,13108,0.011,
tile_010532,train,ok,11567,0.011,
tile_010533,train,ok,12545,0.009,
tile_010534,train,ok,11473,0.01,
tile_010535,test,ok,12466,0.009,
tile_010536,train,ok,11107,0.01,
tile_010537,train,ok,12751,0.008,
tile_010538,train,ok,12315,0.009,
tile_010539,train,ok,12687,0.008,
tile_010540,test,ok,12480,0.008,
tile_010541,train,ok,11259,0.01,
tile_010542,train,ok,12775,0.008,
tile_010543,train,ok,12108,0.009,
tile_010544,train,ok,12697,0.009,
tile_010545,train,ok,12824,0.009,
tile_010546,train,ok,12027,0.009,
tile_010547,train,ok,12803,0.009,
tile_010548,train,ok,11876,0.01,
tile_010549,train,ok,11053,0.008,
tile_010550,train,ok,12484,0.008,
tile_010551,train,ok,12759,0.008,
tile_010552,train,ok,10771,0.009,
tile_010553,train,ok,12828,0.007,
tile_010554,train,ok,12435,0.007,
tile_010555,train,ok,10994,0.007,
tile_010556,train,ok,12225,0.006,
tile_010557,train,ok,13014,0.007,
tile_010558,train,ok,13153,0.007,
tile_010559,train,ok,12717,0.008,
tile_010560,train,ok,12560,0.008,
tile_010561,train,ok,12854,0.007,
tile_010562,train,ok,12863,0.007,
tile_010563,train,ok,11345,0.006,
tile_010564,train,ok,12060,0.006,
tile_010565,train,ok,12749,0.006,
tile_010566,train,ok,10874,0.006,
tile_010567,train,ok,12131,0.006,
tile_010568,train,ok,12908,0.006,
tile_010569,train,ok,12494,0.006,
tile_010570,train,ok,11869,0.006,
tile_010571,train,ok,12949,0.007,
tile_010572,train,ok,9110,0.006,
tile_010573,train,ok,11558,0.006,
tile_010574,train,ok,12863,0.007,
tile_010575,train,ok,13111,0.006,
tile_010576,train,ok,12935,0.006,
tile_010577,train,ok,12494,0.006,
tile_010578,train,ok,12866,0.006,
tile_010579,train,ok,12909,0.006,
tile_010580,train,ok,12763,0.006,
tile_010581,train,ok,11664,0.006,
tile_010582,train,ok,12643,0.006,
tile_010583,train,ok,12881,0.006,
tile_010584,train,ok,12469,0.006,
tile_010585,train,ok,12722,0.006,
tile_010586,train,ok,12640,0.006,
tile_010587,train,ok,12373,0.006,
tile_010588,val,ok,12986,0.006,
tile_010589,val,ok,12761,0.006,
tile_010590,train,ok,12811,0.006,
tile_010591,train,ok,12528,0.006,
tile_010592,train,ok,12961,0.006,
tile_010593,test,ok,12841,0.006,
tile_010594,train,ok,12291,0.006,
tile_010595,val,ok,12922,0.006,
tile_010596,train,ok,12734,0.006,
tile_010597,train,ok,9228,0.006,
tile_010598,train,ok,11947,0.006,
tile_010599,train,ok,12922,0.006,
tile_010600,test,ok,12092,0.006,
tile_010601,train,ok,12762,0.006,
tile_010602,train,ok,12953,0.006,
tile_010603,train,ok,12358,0.006,
tile_010604,val,ok,12920,0.006,
tile_010605,train,ok,12913,0.009,
tile_010606,train,ok,12971,0.008,
tile_010607,test,ok,12408,0.008,
tile_010608,test,ok,11963,0.01,
tile_010609,train,ok,12591,0.008,
tile_010610,train,ok,12018,0.008,
tile_010611,test,ok,12495,0.009,
tile_010612,test,ok,11137,0.008,
tile_010613,test,ok,12766,0.008,
tile_010614,train,ok,12917,0.007,
tile_010615,train,ok,11856,0.007,
tile_010616,test,ok,12667,0.007,
tile_010617,train,ok,12093,0.006,
tile_010618,val,ok,12849,0.006,
tile_010619,test,ok,11524,0.006,
tile_010620,train,ok,11548,0.006,
tile_010621,train,ok,12272,0.006,
tile_010622,train,ok,11799,0.006,
tile_010623,val,ok,12962,0.006,
tile_010624,train,ok,9462,0.006,
tile_010625,train,ok,11612,0.006,
tile_010626,train,ok,12352,0.006,
tile_010627,train,ok,12826,0.006,
tile_010628,train,ok,12558,0.006,
tile_010629,train,ok,10346,0.006,
tile_010630,train,ok,11687,0.006,
tile_010631,train,ok,11552,0.006,
tile_010632,train,ok,12608,0.006,
tile_010633,train,ok,12609,0.005,
tile_010634,train,ok,13013,0.006,
tile_010635,train,ok,12037,0.005,
tile_010636,val,ok,10933,0.006,
tile_010637,train,ok,12024,0.006,
tile_010638,train,ok,13059,0.006,
tile_010639,train,ok,11870,0.006,
tile_010640,train,ok,10237,0.006,
tile_010641,train,ok,12090,0.006,
tile_010642,train,ok,11051,0.006,
tile_010643,train,ok,12886,0.006,
tile_010644,train,ok,12762,0.006,
tile_010645,train,ok,13060,0.006,
tile_010646,train,ok,10387,0.006,
tile_010647,val,ok,11651,0.006,
tile_010648,train,ok,11682,0.006,
tile_010649,train,ok,11263,0.006,
tile_010650,train,ok,12319,0.006,
tile_010651,train,ok,11163,0.007,
tile_010652,train,ok,12171,0.006,
tile_010653,train,ok,12920,0.007,
tile_010654,train,ok,11498,0.008,
tile_010655,train,ok,12821,0.008,
tile_010656,train,ok,12013,0.008,
tile_010657,train,ok,11541,0.009,
tile_010658,train,ok,7364,0.009,
tile_010659,train,ok,11642,0.008,
tile_010660,train,ok,11859,0.01,
tile_010661,test,ok,12646,0.008,
tile_010662,train,ok,13019,0.008,
tile_010663,train,ok,10320,0.009,
tile_010664,train,ok,13088,0.007,
tile_010665,train,ok,12303,0.008,
tile_010666,train,ok,11272,0.008,
tile_010667,train,ok,12700,0.007,
tile_010668,train,ok,12841,0.008,
tile_010669,train,ok,11970,0.009,
tile_010670,train,ok,10556,0.008,
tile_010671,train,ok,11247,0.007,
tile_010672,train,ok,12957,0.008,
tile_010673,train,ok,12984,0.008,
tile_010674,train,ok,13081,0.008,
tile_010675,train,ok,12022,0.008,
tile_010676,train,ok,12587,0.009,
tile_010677,train,ok,12329,0.009,
tile_010678,train,ok,12705,0.009,
tile_010679,train,ok,12748,0.008,
tile_010680,train,ok,12700,0.008,
tile_010681,train,ok,10396,0.009,
tile_010682,train,ok,11586,0.007,
tile_010683,train,ok,11935,0.007,
tile_010684,train,ok,12375,0.007,
tile_010685,train,ok,12033,0.008,
tile_010686,train,ok,10533,0.006,
tile_010687,train,ok,12698,0.007,
tile_010688,train,ok,11901,0.007,
tile_010689,train,ok,12337,0.007,
tile_010690,train,ok,12757,0.006,
tile_010691,train,ok,12188,0.006,
tile_010692,train,ok,11519,0.006,
tile_010693,train,ok,12900,0.006,
tile_010694,test,ok,11961,0.006,
tile_010695,test,ok,10010,0.005,
tile_010696,test,ok,11192,0.006,
tile_010697,test,ok,12021,0.006,
tile_010698,val,ok,12402,0.006,
tile_010699,train,ok,9720,0.006,
tile_010700,train,ok,9138,0.007,
tile_010701,train,ok,9977,0.008,
tile_010702,train,ok,12215,0.009,
tile_010703,train,ok,12772,0.009,
tile_010704,train,ok,12590,0.009,
tile_010705,test,ok,12275,0.008,
tile_010706,test,ok,12850,0.009,
tile_010707,test,ok,11978,0.012,
tile_010708,train,ok,12883,0.009,
tile_010709,val,ok,10496,0.009,
tile_010710,val,ok,11532,0.012,
tile_010711,train,ok,12723,0.01,
tile_010712,train,ok,11948,0.01,
tile_010713,train,ok,12422,0.012,
tile_010714,train,ok,9840,0.012,
tile_010715,train,ok,9979,0.012,
tile_010716,train,ok,10198,0.011,
tile_010717,train,ok,9719,0.01,
tile_010718,train,ok,12632,0.008,
tile_010719,train,ok,12648,0.008,
tile_010720,train,ok,12859,0.008,
tile_010721,train,ok,13103,0.009,
tile_010722,val,ok,12412,0.008,
tile_010723,val,ok,11789,0.008,
tile_010724,train,ok,13078,0.007,
tile_010725,val,ok,12721,0.007,
tile_010726,train,ok,12117,0.008,
tile_010727,train,ok,9827,0.007,
tile_010728,train,ok,11424,0.006,
tile_010729,train,ok,10665,0.006,
tile_010730,train,ok,9683,0.006,
tile_010731,train,ok,11907,0.007,
tile_010732,train,ok,12119,0.007,
tile_010733,train,ok,12776,0.007,
tile_010734,val,ok,12556,0.007,
tile_010735,test,ok,12767,0.006,
tile_010736,train,ok,13052,0.007,
tile_010737,train,ok,11786,0.007,
tile_010738,train,ok,12869,0.008,
tile_010739,train,ok,11497,0.006,
tile_010740,val,ok,12773,0.006,
tile_010741,val,ok,11181,0.008,
tile_010742,train,ok,12831,0.006,
tile_010743,train,ok,12624,0.006,
tile_010744,train,ok,12682,0.008,
tile_010745,train,ok,12956,0.006,
tile_010746,train,ok,12690,0.006,
tile_010747,train,ok,12479,0.006,
tile_010748,train,ok,10505,0.006,
tile_010749,train,ok,11213,0.006,
tile_010750,train,ok,12432,0.006,
tile_010751,train,ok,11841,0.006,
tile_010752,train,ok,12827,0.006,
tile_010753,train,ok,12648,0.006,
tile_010754,train,ok,12353,0.006,
tile_010755,train,ok,12917,0.006,
tile_010756,val,ok,12371,0.007,
tile_010757,train,ok,12955,0.006,
tile_010758,val,ok,11917,0.006,
tile_010759,val,ok,12887,0.007,
tile_010760,train,ok,12647,0.007,
tile_010761,train,ok,12388,0.006,
tile_010762,train,ok,13017,0.009,
tile_010763,train,ok,11697,0.007,
tile_010764,train,ok,11486,0.006,
tile_010765,train,ok,11651,0.007,
tile_010766,train,ok,13012,0.008,
tile_010767,train,ok,10873,0.008,
tile_010768,train,ok,11417,0.007,
tile_010769,train,ok,11839,0.007,
tile_010770,test,ok,12089,0.006,
tile_010771,test,ok,10015,0.006,
tile_010772,test,ok,9750,0.008,
tile_010773,train,ok,11491,0.007,
tile_010774,train,ok,12920,0.007,
tile_010775,train,ok,12302,0.007,
tile_010776,train,ok,12121,0.006,
tile_010777,train,ok,12815,0.006,
tile_010778,train,ok,12013,0.007,
tile_010779,train,ok,12034,0.007,
tile_010780,train,ok,12805,0.006,
tile_010781,train,ok,10557,0.007,
tile_010782,val,ok,11775,0.007,
tile_010783,train,ok,12940,0.007,
tile_010784,train,ok,12734,0.007,
tile_010785,train,ok,12619,0.007,
tile_010786,val,ok,12772,0.006,
tile_010787,val,ok,9845,0.006,
tile_010788,val,ok,12425,0.005,
tile_010789,train,ok,12965,0.006,
tile_010790,train,ok,12817,0.006,
tile_010791,train,ok,11768,0.006,
tile_010792,test,ok,11894,0.006,
tile_010793,test,ok,12426,0.006,
tile_010794,test,ok,11010,0.006,
tile_010795,test,ok,9410,0.006,
tile_010796,train,ok,13022,0.006,
tile_010797,train,ok,13121,0.008,
tile_010798,train,ok,12910,0.008,
tile_010799,train,ok,12386,0.008,
tile_010800,train,ok,11991,0.008,
tile_010801,train,ok,11547,0.007,
tile_010802,train,ok,10639,0.009,
tile_010803,train,ok,12197,0.008,
tile_010804,train,ok,11691,0.009,
tile_010805,test,ok,12862,0.009,
tile_010806,test,ok,11672,0.008,
tile_010807,test,ok,11589,0.008,
tile_010808,train,ok,11812,0.009,
tile_010809,train,ok,12267,0.008,
tile_010810,train,ok,12853,0.008,
tile_010811,train,ok,12301,0.008,
tile_010812,train,ok,13014,0.008,
tile_010813,train,ok,12172,0.009,
tile_010814,train,ok,12632,0.007,
tile_010815,train,ok,11743,0.01,
tile_010816,val,ok,12660,0.008,
tile_010817,train,ok,12797,0.008,
tile_010818,train,ok,12633,0.008,
tile_010819,train,ok,12585,0.008,
tile_010820,train,ok,11869,0.009,
tile_010821,train,ok,11776,0.008,
tile_010822,test,ok,12978,0.008,
tile_010823,train,ok,13019,0.008,
tile_010824,train,ok,12598,0.007,
tile_010825,train,ok,12663,0.008,
tile_010826,train,ok,12841,0.008,
tile_010827,train,ok,12091,0.009,
tile_010828,train,ok,12121,0.009,
tile_010829,train,ok,12602,0.009,
tile_010830,test,ok,11152,0.009,
tile_010831,test,ok,11873,0.009,
tile_010832,test,ok,12515,0.009,
tile_010833,train,ok,13024,0.008,
tile_010834,train,ok,12989,0.009,
tile_010835,train,ok,13148,0.006,
tile_010836,train,ok,11647,0.006,
tile_010837,train,ok,13071,0.005,
tile_010838,train,ok,11409,0.008,
tile_010839,train,ok,12391,0.006,
tile_010840,val,ok,13098,0.006,
tile_010841,val,ok,12922,0.006,
tile_010842,val,ok,12596,0.007,
tile_010843,train,ok,11450,0.007,
tile_010844,test,ok,11324,0.007,
tile_010845,train,ok,12614,0.007,
tile_010846,train,ok,12054,0.006,
tile_010847,train,ok,12236,0.007,
tile_010848,train,ok,12935,0.006,
tile_010849,val,ok,12832,0.006,
tile_010850,train,ok,13025,0.008,
tile_010851,train,ok,13028,0.008,
tile_010852,train,ok,11913,0.008,
tile_010853,train,ok,11453,0.007,
tile_010854,val,ok,12014,0.006,
tile_010855,train,ok,12778,0.006,
tile_010856,train,ok,12559,0.008,
tile_010857,train,ok,12311,0.007,
tile_010858,train,ok,10071,0.008,
tile_010859,train,ok,13107,0.006,
tile_010860,train,ok,12701,0.007,
tile_010861,val,ok,12971,0.007,
tile_010862,val,ok,12720,0.007,
tile_010863,val,ok,12582,0.009,
tile_010864,train,ok,12931,0.007,
tile_010865,train,ok,13043,0.008,
tile_010866,test,ok,13052,0.006,
tile_010867,test,ok,12782,0.007,
tile_010868,train,ok,12787,0.007,
tile_010869,train,ok,12719,0.007,
tile_010870,train,ok,10970,0.006,
tile_010871,train,ok,12171,0.008,
tile_010872,train,ok,10946,0.008,
tile_010873,train,ok,10402,0.006,
tile_010874,train,ok,11465,0.007,
tile_010875,train,ok,12665,0.006,
tile_010876,train,ok,12770,0.007,
tile_010877,train,ok,12722,0.006,
tile_010878,train,ok,10416,0.006,
tile_010879,train,ok,11578,0.006,
tile_010880,test,ok,12701,0.008,
tile_010881,train,ok,13108,0.006,
tile_010882,train,ok,12967,0.006,
tile_010883,test,ok,12494,0.006,
tile_010884,train,ok,12366,0.008,
tile_010885,train,ok,12839,0.007,
tile_010886,train,ok,11975,0.007,
tile_010887,train,ok,10360,0.006,
tile_010888,train,ok,10683,0.006,
tile_010889,train,ok,11810,0.007,
tile_010890,train,ok,12592,0.006,
tile_010891,train,ok,13032,0.006,
tile_010892,train,ok,12729,0.006,
tile_010893,train,ok,12908,0.006,
tile_010894,test,ok,11292,0.006,
tile_010895,train,ok,12832,0.006,
tile_010896,train,ok,12387,0.007,
tile_010897,train,ok,12302,0.005,
tile_010898,train,ok,10866,0.006,
tile_010899,train,ok,11835,0.007,
tile_010900,train,ok,11808,0.006,
tile_010901,train,ok,12471,0.005,
tile_010902,train,ok,11762,0.005,
tile_010903,train,ok,12895,0.006,
tile_010904,train,ok,12478,0.006,
tile_010905,train,ok,12619,0.005,
tile_010906,train,ok,12926,0.007,
tile_010907,train,ok,12747,0.005,
tile_010908,train,ok,12895,0.007,
tile_010909,train,ok,12318,0.007,
tile_010910,train,ok,12327,0.006,
tile_010911,train,ok,11924,0.006,
tile_010912,train,ok,10627,0.006,
tile_010913,train,ok,12748,0.006,
tile_010914,test,ok,12839,0.007,
tile_010915,train,ok,12003,0.006,
tile_010916,train,ok,12362,0.006,
tile_010917,train,ok,13072,0.007,
tile_010918,train,ok,11776,0.006,
tile_010919,train,ok,12631,0.006,
tile_010920,test,ok,12450,0.006,
tile_010921,train,ok,12663,0.006,
tile_010922,train,ok,12816,0.006,
tile_010923,train,ok,12599,0.006,
tile_010924,train,ok,12176,0.006,
tile_010925,train,ok,12828,0.006,
tile_010926,train,ok,11734,0.006,
tile_010927,test,ok,12519,0.006,
tile_010928,test,ok,12848,0.007,
tile_010929,train,ok,12540,0.006,
tile_010930,train,ok,13071,0.008,
tile_010931,train,ok,12855,0.008,
tile_010932,train,ok,12614,0.008,
tile_010933,train,ok,12311,0.009,
tile_010934,train,ok,12816,0.009,
tile_010935,train,ok,12672,0.008,
tile_010936,train,ok,11952,0.007,
tile_010937,train,ok,13092,0.007,
tile_010938,train,ok,12508,0.007,
tile_010939,train,ok,12510,0.007,
tile_010940,train,ok,11354,0.006,
tile_010941,val,ok,12239,0.008,
tile_010942,train,ok,11785,0.007,
tile_010943,train,ok,11801,0.006,
tile_010944,train,ok,12786,0.007,
tile_010945,train,ok,12280,0.007,
tile_010946,train,ok,12136,0.007,
tile_010947,train,ok,10237,0.007,
tile_010948,train,ok,8956,0.008,
tile_010949,val,ok,12629,0.007,
tile_010950,val,ok,10996,0.008,
tile_010951,test,ok,12889,0.008,
tile_010952,test,ok,12689,0.007,
tile_010953,train,ok,11327,0.007,
tile_010954,train,ok,11393,0.008,
tile_010955,train,ok,11505,0.007,
tile_010956,train,ok,10902,0.008,
tile_010957,train,ok,11571,0.007,
tile_010958,test,ok,11079,0.007,
tile_010959,test,ok,12027,0.008,
tile_010960,train,ok,11845,0.008,
tile_010961,train,ok,12859,0.009,
tile_010962,test,ok,12511,0.006,
tile_010963,train,ok,11826,0.008,
tile_010964,train,ok,13014,0.007,
tile_010965,train,ok,11891,0.009,
tile_010966,train,ok,12141,0.006,
tile_010967,test,ok,12843,0.007,
tile_010968,test,ok,12286,0.007,
tile_010969,val,ok,11885,0.006,
tile_010970,train,ok,11342,0.006,
tile_010971,train,ok,11024,0.007,
tile_010972,test,ok,12169,0.006,
tile_010973,test,ok,11766,0.006,
tile_010974,val,ok,13076,0.006,
tile_010975,train,ok,11541,0.006,
tile_010976,val,ok,12794,0.006,
tile_010977,train,ok,12891,0.007,
tile_010978,test,ok,11555,0.006,
tile_010979,test,ok,12793,0.006,
tile_010980,train,ok,10954,0.006,
tile_010981,train,ok,12045,0.008,
tile_010982,train,ok,12369,0.006,
tile_010983,train,ok,12468,0.006,
tile_010984,train,ok,10799,0.006,
tile_010985,train,ok,13120,0.006,
tile_010986,train,ok,11407,0.007,
tile_010987,train,ok,11824,0.006,
tile_010988,train,ok,12262,0.008,
tile_010989,train,ok,12763,0.007,
tile_010990,train,ok,12605,0.007,
tile_010991,train,ok,12251,0.006,
tile_010992,train,ok,11591,0.007,
tile_010993,train,ok,12504,0.008,
tile_010994,train,ok,12957,0.007,
tile_010995,train,ok,12437,0.006,
tile_010996,train,ok,12921,0.007,
tile_010997,train,ok,12754,0.008,
tile_010998,train,ok,10344,0.007,
tile_010999,train,ok,9129,0.007,
tile_011000,train,ok,12606,0.008,
tile_011001,train,ok,13071,0.008,
tile_011002,train,ok,12907,0.007,
tile_011003,train,ok,12581,0.007,
tile_011004,train,ok,11846,0.007,
tile_011005,train,ok,12797,0.007,
tile_011006,train,ok,12990,0.007,
tile_011007,train,ok,12529,0.006,
tile_011008,train,ok,10466,0.008,
tile_011009,train,ok,12285,0.009,
tile_011010,train,ok,11503,0.007,
tile_011011,train,ok,11325,0.007,
tile_011012,train,ok,12516,0.009,
tile_011013,train,ok,12989,0.008,
tile_011014,train,ok,11115,0.008,
tile_011015,test,ok,12644,0.008,
tile_011016,train,ok,12708,0.008,
tile_011017,train,ok,7481,0.008,
tile_011018,train,ok,12152,0.006,
tile_011019,train,ok,13095,0.008,
tile_011020,train,ok,11950,0.009,
tile_011021,train,ok,12505,0.006,
tile_011022,train,ok,12537,0.008,
tile_011023,train,ok,10675,0.007,
tile_011024,train,ok,12901,0.007,
tile_011025,train,ok,13002,0.006,
tile_011026,train,ok,13008,0.008,
tile_011027,train,ok,12884,0.008,
tile_011028,train,ok,12837,0.007,
tile_011029,train,ok,12784,0.007,
tile_011030,train,ok,11676,0.007,
tile_011031,train,ok,12659,0.006,
tile_011032,train,ok,12782,0.006,
tile_011033,train,ok,10931,0.007,
tile_011034,train,ok,12250,0.006,
tile_011035,val,ok,12594,0.006,
tile_011036,train,ok,9485,0.007,
tile_011037,train,ok,11974,0.007,
tile_011038,train,ok,11331,0.007,
tile_011039,train,ok,11400,0.008,
tile_011040,train,ok,12969,0.007,
tile_011041,train,ok,12283,0.007,
tile_011042,test,ok,11271,0.007,
tile_011043,test,ok,10697,0.006,
tile_011044,train,ok,13001,0.007,
tile_011045,train,ok,12928,0.008,
tile_011046,train,ok,12122,0.008,
tile_011047,train,ok,12477,0.006,
tile_011048,train,ok,11181,0.007,
tile_011049,test,ok,12610,0.007,
tile_011050,test,ok,12784,0.007,
tile_011051,train,ok,11692,0.007,
tile_011052,train,ok,11824,0.008,
tile_011053,train,ok,13057,0.007,
tile_011054,train,ok,12207,0.006,
tile_011055,train,ok,12567,0.007,
tile_011056,train,ok,12449,0.007,
tile_011057,train,ok,12970,0.007,
tile_011058,train,ok,12589,0.006,
tile_011059,train,ok,13093,0.006,
tile_011060,train,ok,11558,0.007,
tile_011061,train,ok,12598,0.006,
tile_011062,train,ok,13080,0.006,
tile_011063,train,ok,12012,0.006,
tile_011064,train,ok,10295,0.008,
tile_011065,train,ok,12549,0.008,
tile_011066,train,ok,11722,0.006,
tile_011067,test,ok,13091,0.007,
tile_011068,train,ok,12646,0.006,
tile_011069,train,ok,11929,0.008,
tile_011070,val,ok,12809,0.007,
tile_011071,train,ok,11721,0.006,
tile_011072,test,ok,11813,0.007,
tile_011073,train,ok,12258,0.006,
tile_011074,train,ok,12823,0.006,
tile_011075,train,ok,11633,0.006,
tile_011076,val,ok,12989,0.006,
tile_011077,train,ok,12130,0.007,
tile_011078,train,ok,12218,0.006,
tile_011079,train,ok,10357,0.006,
tile_011080,val,ok,13155,0.01,
tile_011081,train,ok,12942,0.01,
tile_011082,train,ok,11978,0.01,
tile_011083,val,ok,11359,0.01,
tile_011084,train,ok,11784,0.011,
tile_011085,train,ok,10771,0.009,
tile_011086,train,ok,12641,0.01,
tile_011087,train,ok,10187,0.01,
tile_011088,train,ok,12454,0.009,
tile_011089,test,ok,12950,0.01,
tile_011090,train,ok,12348,0.01,
tile_011091,train,ok,13082,0.01,
tile_011092,train,ok,12762,0.01,
tile_011093,train,ok,12634,0.011,
tile_011094,train,ok,12858,0.01,
tile_011095,test,ok,12756,0.01,
tile_011096,train,ok,12674,0.011,
tile_011097,train,ok,13060,0.011,
tile_011098,val,ok,12954,0.01,
tile_011099,val,ok,9592,0.011,
tile_011100,val,ok,11629,0.009,
tile_011101,train,ok,12365,0.009,
tile_011102,train,ok,12330,0.01,
tile_011103,train,ok,11561,0.011,
tile_011104,train,ok,10584,0.008,
tile_011105,train,ok,13006,0.01,
tile_011106,train,ok,11896,0.009,
tile_011107,train,ok,12800,0.01,
tile_011108,train,ok,10610,0.011,
tile_011109,train,ok,12016,0.01,
tile_011110,train,ok,10583,0.01,
tile_011111,train,ok,11907,0.009,
tile_011112,val,ok,11233,0.008,
tile_011113,train,ok,12941,0.008,
tile_011114,train,ok,12761,0.008,
tile_011115,train,ok,11652,0.008,
tile_011116,train,ok,11581,0.009,
tile_011117,train,ok,11998,0.007,
tile_011118,train,ok,12322,0.008,
tile_011119,train,ok,12729,0.008,
tile_011120,train,ok,12931,0.007,
tile_011121,train,ok,10712,0.008,
tile_011122,train,ok,10547,0.007,
tile_011123,train,ok,11649,0.006,
tile_011124,train,ok,12497,0.006,
tile_011125,train,ok,12275,0.008,
tile_011126,val,ok,13142,0.008,
tile_011127,train,ok,12016,0.008,
tile_011128,train,ok,12158,0.008,
tile_011129,train,ok,12097,0.009,
tile_011130,train,ok,9279,0.007,
tile_011131,train,ok,12953,0.008,
tile_011132,train,ok,11010,0.009,
tile_011133,train,ok,11767,0.008,
tile_011134,train,ok,11605,0.008,
tile_011135,train,ok,10915,0.008,
tile_011136,train,ok,10309,0.009,
tile_011137,train,ok,12909,0.01,
tile_011138,train,ok,13079,0.009,
tile_011139,train,ok,11821,0.009,
tile_011140,train,ok,9998,0.008,
tile_011141,train,ok,9967,0.01,
tile_011142,train,ok,11793,0.008,
tile_011143,train,ok,13076,0.01,
tile_011144,train,ok,13171,0.009,
tile_011145,train,ok,13092,0.01,
tile_011146,train,ok,12529,0.009,
tile_011147,test,ok,11012,0.007,
tile_011148,train,ok,10876,0.008,
tile_011149,train,ok,12263,0.009,
tile_011150,train,ok,12586,0.009,
tile_011151,train,ok,11308,0.009,
tile_011152,train,ok,13097,0.007,
tile_011153,train,ok,11258,0.007,
tile_011154,train,ok,11936,0.007,
tile_011155,train,ok,12804,0.007,
tile_011156,train,ok,12256,0.008,
tile_011157,train,ok,11512,0.006,
tile_011158,train,ok,13075,0.008,
tile_011159,train,ok,12971,0.006,
tile_011160,train,ok,12344,0.007,
tile_011161,train,ok,12295,0.007,
tile_011162,train,ok,11332,0.006,
tile_011163,train,ok,13056,0.007,
tile_011164,train,ok,10130,0.008,
tile_011165,train,ok,11983,0.006,
tile_011166,train,ok,12101,0.007,
tile_011167,train,ok,12563,0.008,
tile_011168,train,ok,13059,0.009,
tile_011169,train,ok,10815,0.007,
tile_011170,test,ok,12086,0.006,
tile_011171,train,ok,12733,0.006,
tile_011172,train,ok,10987,0.007,
tile_011173,train,ok,12780,0.007,
tile_011174,train,ok,12645,0.008,
tile_011175,train,ok,12552,0.007,
tile_011176,train,ok,12188,0.008,
tile_011177,train,ok,13065,0.009,
tile_011178,train,ok,12094,0.008,
tile_011179,val,ok,12710,0.007,
tile_011180,train,ok,11505,0.007,
tile_011181,train,ok,10980,0.007,
tile_011182,train,ok,12962,0.007,
tile_011183,val,ok,12324,0.008,
tile_011184,val,ok,12090,0.006,
tile_011185,train,ok,11874,0.006,
tile_011186,train,ok,11379,0.006,
tile_011187,train,ok,12388,0.007,
tile_011188,train,ok,12601,0.008,
tile_011189,train,ok,12995,0.009,
tile_011190,train,ok,11418,0.008,
tile_011191,train,ok,11863,0.009,
tile_011192,test,ok,12948,0.009,
tile_011193,test,ok,11495,0.01,
tile_011194,train,ok,12109,0.01,
tile_011195,train,ok,12715,0.011,
tile_011196,train,ok,12799,0.011,
tile_011197,test,ok,12621,0.011,
tile_011198,test,ok,12258,0.012,
tile_011199,val,ok,11534,0.01,
tile_011200,test,ok,12460,0.01,
tile_011201,train,ok,12354,0.009,
tile_011202,val,ok,12269,0.007,
tile_011203,train,ok,12363,0.007,
tile_011204,train,ok,11622,0.007,
tile_011205,test,ok,11290,0.007,
tile_011206,train,ok,13070,0.007,
tile_011207,train,ok,11122,0.009,
tile_011208,train,ok,10141,0.007,
tile_011209,train,ok,12855,0.01,
tile_011210,train,ok,12075,0.007,
tile_011211,train,ok,12773,0.008,
tile_011212,train,ok,12504,0.009,
tile_011213,train,ok,12206,0.009,
tile_011214,train,ok,9908,0.007,
tile_011215,test,ok,12412,0.009,
tile_011216,train,ok,12589,0.008,
tile_011217,train,ok,12548,0.007,
tile_011218,train,ok,12906,0.008,
tile_011219,test,ok,9114,0.006,
tile_011220,test,ok,13071,0.008,
tile_011221,train,ok,12624,0.008,
tile_011222,train,ok,11695,0.008,
tile_011223,train,ok,12398,0.007,
tile_011224,train,ok,12978,0.006,
tile_011225,train,ok,12513,0.008,
tile_011226,val,ok,12528,0.008,
tile_011227,train,ok,9053,0.007,
tile_011228,train,ok,10666,0.006,
tile_011229,train,ok,11653,0.008,
tile_011230,test,ok,10453,0.007,
tile_011231,train,ok,11948,0.007,
tile_011232,train,ok,12238,0.007,
tile_011233,train,ok,11519,0.007,
tile_011234,train,ok,12694,0.006,
tile_011235,train,ok,12103,0.007,
tile_011236,train,ok,12479,0.007,
tile_011237,train,ok,12092,0.009,
tile_011238,train,ok,12013,0.006,
tile_011239,train,ok,11266,0.007,
tile_011240,train,ok,11599,0.007,
tile_011241,train,ok,12172,0.007,
tile_011242,val,ok,11590,0.006,
tile_011243,val,ok,11392,0.007,
tile_011244,val,ok,12351,0.006,
tile_011245,train,ok,12942,0.006,
tile_011246,train,ok,12523,0.006,
tile_011247,train,ok,12873,0.006,
tile_011248,train,ok,12358,0.008,
tile_011249,train,ok,11763,0.006,
tile_011250,val,ok,11506,0.007,
tile_011251,train,ok,9467,0.006,
tile_011252,train,ok,10936,0.006,
tile_011253,train,ok,9807,0.006,
tile_011254,train,ok,12113,0.007,
tile_011255,train,ok,10208,0.006,
tile_011256,train,ok,9179,0.008,
tile_011257,train,ok,10961,0.009,
tile_011258,train,ok,12788,0.01,
tile_011259,train,ok,11540,0.009,
tile_011260,train,ok,12051,0.007,
tile_011261,train,ok,11990,0.007,
tile_011262,train,ok,11492,0.007,
tile_011263,train,ok,12634,0.007,
tile_011264,train,ok,12929,0.007,
tile_011265,train,ok,11690,0.008,
tile_011266,train,ok,12697,0.008,
tile_011267,val,ok,11488,0.007,
tile_011268,train,ok,12284,0.007,
tile_011269,train,ok,12406,0.006,
tile_011270,train,ok,11760,0.008,
tile_011271,train,ok,12432,0.007,
tile_011272,train,ok,10723,0.006,
tile_011273,train,ok,9541,0.006,
tile_011274,train,ok,10419,0.007,
tile_011275,train,ok,9282,0.006,
tile_011276,train,ok,11398,0.007,
tile_011277,train,ok,11674,0.006,
tile_011278,train,ok,11890,0.007,
tile_011279,train,ok,12224,0.007,
tile_011280,train,ok,12800,0.007,
tile_011281,train,ok,12873,0.008,
tile_011282,val,ok,12679,0.007,
tile_011283,train,ok,10975,0.008,
tile_011284,train,ok,12299,0.008,
tile_011285,train,ok,12461,0.007,
tile_011286,train,ok,11712,0.007,
tile_011287,train,ok,10858,0.007,
tile_011288,train,ok,11087,0.006,
tile_011289,train,ok,12314,0.006,
tile_011290,test,ok,12993,0.007,
tile_011291,train,ok,12751,0.007,
tile_011292,train,ok,12408,0.007,
tile_011293,train,ok,12539,0.007,
tile_011294,train,ok,9348,0.007,
tile_011295,train,ok,8684,0.007,
tile_011296,train,ok,8740,0.007,
tile_011297,train,ok,10171,0.008,
tile_011298,train,ok,11188,0.007,
tile_011299,train,ok,12354,0.008,
tile_011300,train,ok,12506,0.007,
tile_011301,train,ok,11707,0.008,
tile_011302,train,ok,12524,0.007,
tile_011303,train,ok,12313,0.008,
tile_011304,train,ok,12958,0.007,
tile_011305,train,ok,11361,0.007,
tile_011306,train,ok,11511,0.007,
tile_011307,test,ok,12085,0.007,
tile_011308,val,ok,13050,0.007,
tile_011309,train,ok,12711,0.007,
tile_011310,train,ok,12761,0.007,
tile_011311,train,ok,11797,0.007,
tile_011312,train,ok,10673,0.007,
tile_011313,train,ok,12804,0.007,
tile_011314,train,ok,8905,0.006,
tile_011315,train,ok,11484,0.007,
tile_011316,train,ok,11156,0.009,
tile_011317,train,ok,11676,0.007,
tile_011318,train,ok,8619,0.006,
tile_011319,train,ok,12432,0.009,
tile_011320,train,ok,9682,0.008,
tile_011321,train,ok,12002,0.007,
tile_011322,train,ok,12904,0.008,
tile_011323,train,ok,12905,0.008,
tile_011324,train,ok,11627,0.008,
tile_011325,train,ok,11848,0.008,
tile_011326,train,ok,12710,0.009,
tile_011327,train,ok,12075,0.007,
tile_011328,train,ok,12007,0.009,
tile_011329,train,ok,11672,0.008,
tile_011330,train,ok,13064,0.007,
tile_011331,train,ok,12258,0.008,
tile_011332,test,ok,9661,0.009,
tile_011333,test,ok,7922,0.009,
tile_011334,test,ok,8891,0.009,
tile_011335,test,ok,10129,0.009,
tile_011336,test,ok,12276,0.01,
tile_011337,test,ok,11362,0.008,
tile_011338,train,ok,12754,0.01,
tile_011339,train,ok,11666,0.008,
tile_011340,train,ok,12485,0.01,
tile_011341,train,ok,9684,0.01,
tile_011342,train,ok,12914,0.01,
tile_011343,train,ok,9908,0.01,
tile_011344,train,ok,10480,0.009,
tile_011345,test,ok,12670,0.009,
tile_011346,val,ok,12092,0.011,
tile_011347,train,ok,12984,0.01,
tile_011348,train,ok,11202,0.01,
tile_011349,train,ok,11205,0.01,
tile_011350,train,ok,10700,0.01,
tile_011351,train,ok,11383,0.011,
tile_011352,train,ok,12310,0.01,
tile_011353,train,ok,12669,0.01,
tile_011354,train,ok,11898,0.009,
tile_011355,train,ok,12958,0.01,
tile_011356,train,ok,12762,0.01,
tile_011357,train,ok,13027,0.011,
tile_011358,train,ok,12058,0.01,
tile_011359,test,ok,12519,0.009,
tile_011360,test,ok,9968,0.01,
tile_011361,test,ok,11835,0.009,
tile_011362,test,ok,12781,0.009,
tile_011363,train,ok,12064,0.008,
tile_011364,train,ok,12836,0.008,
tile_011365,train,ok,11206,0.008,
tile_011366,train,ok,11723,0.01,
tile_011367,train,ok,11679,0.007,
tile_011368,test,ok,12644,0.007,
tile_011369,train,ok,12864,0.007,
tile_011370,train,ok,12267,0.006,
tile_011371,train,ok,12633,0.007,
tile_011372,train,ok,12748,0.008,
tile_011373,train,ok,12653,0.007,
tile_011374,train,ok,12117,0.006,
tile_011375,train,ok,12325,0.006,
tile_011376,train,ok,11373,0.007,
tile_011377,train,ok,10870,0.006,
tile_011378,train,ok,12972,0.006,
tile_011379,train,ok,12724,0.006,
tile_011380,train,ok,11399,0.006,
tile_011381,train,ok,11341,0.006,
tile_011382,test,ok,11907,0.006,
tile_011383,test,ok,12855,0.007,
tile_011384,train,ok,10442,0.006,
tile_011385,train,ok,9609,0.006,
tile_011386,train,ok,11770,0.007,
tile_011387,train,ok,10851,0.007,
tile_011388,train,ok,12858,0.007,
tile_011389,test,ok,12522,0.006,
tile_011390,train,ok,12866,0.006,
tile_011391,train,ok,13018,0.007,
tile_011392,train,ok,12832,0.007,
tile_011393,train,ok,11030,0.008,
tile_011394,train,ok,11122,0.008,
tile_011395,train,ok,10498,0.007,
tile_011396,train,ok,12394,0.007,
tile_011397,train,ok,10501,0.006,
tile_011398,train,ok,11486,0.007,
tile_011399,train,ok,12302,0.007,
tile_011400,train,ok,11139,0.007,
tile_011401,train,ok,9331,0.007,
tile_011402,train,ok,12136,0.007,
tile_011403,train,ok,13001,0.007,
tile_011404,test,ok,10374,0.007,
tile_011405,test,ok,9471,0.008,
tile_011406,test,ok,11741,0.006,
tile_011407,test,ok,12778,0.007,
tile_011408,test,ok,13141,0.008,
tile_011409,train,ok,12543,0.007,
tile_011410,train,ok,9921,0.008,
tile_011411,train,ok,11302,0.007,
tile_011412,train,ok,11092,0.007,
tile_011413,train,ok,12410,0.007,
tile_011414,train,ok,12295,0.007,
tile_011415,val,ok,12565,0.008,
tile_011416,train,ok,12825,0.008,
tile_011417,train,ok,12502,0.008,
tile_011418,train,ok,12206,0.008,
tile_011419,train,ok,11730,0.007,
tile_011420,train,ok,11583,0.007,
tile_011421,train,ok,13086,0.008,
tile_011422,train,ok,12932,0.008,
tile_011423,train,ok,13053,0.008,
tile_011424,train,ok,12252,0.007,
tile_011425,train,ok,12771,0.008,
tile_011426,train,ok,10759,0.008,
tile_011427,train,ok,11629,0.007,
tile_011428,train,ok,11708,0.008,
tile_011429,train,ok,11515,0.007,
tile_011430,train,ok,11480,0.008,
tile_011431,train,ok,11666,0.007,
tile_011432,train,ok,12979,0.007,
tile_011433,train,ok,10517,0.006,
tile_011434,train,ok,8739,0.007,
tile_011435,train,ok,12643,0.007,
tile_011436,train,ok,9984,0.007,
tile_011437,train,ok,7755,0.006,
tile_011438,train,ok,10512,0.008,
tile_011439,val,ok,10851,0.008,
tile_011440,val,ok,10304,0.007,
tile_011441,val,ok,11497,0.007,
tile_011442,val,ok,9137,0.007,
tile_011443,train,ok,11277,0.008,
tile_011444,test,ok,10418,0.008,
tile_011445,val,ok,12720,0.008,
tile_011446,val,ok,9912,0.011,
tile_011447,train,ok,10431,0.01,
tile_011448,train,ok,12305,0.009,
tile_011449,train,ok,10486,0.01,
tile_011450,train,ok,11440,0.008,
tile_011451,train,ok,11655,0.007,
tile_011452,train,ok,11901,0.007,
tile_011453,train,ok,13047,0.007,
tile_011454,train,ok,12919,0.008,
tile_011455,train,ok,11544,0.009,
tile_011456,train,ok,10390,0.008,
tile_011457,train,ok,12238,0.007,
tile_011458,train,ok,12980,0.009,
tile_011459,train,ok,12821,0.008,
tile_011460,train,ok,11672,0.009,
tile_011461,train,ok,12821,0.01,
tile_011462,train,ok,12545,0.008,
tile_011463,train,ok,11368,0.008,
tile_011464,train,ok,12540,0.008,
tile_011465,train,ok,12188,0.007,
tile_011466,train,ok,11219,0.007,
tile_011467,train,ok,12581,0.007,
tile_011468,train,ok,13041,0.007,
tile_011469,train,ok,12837,0.009,
tile_011470,train,ok,11481,0.007,
tile_011471,train,ok,11985,0.01,
tile_011472,train,ok,10780,0.007,
tile_011473,train,ok,12752,0.006,
tile_011474,train,ok,12477,0.007,
tile_011475,train,ok,11757,0.006,
tile_011476,val,ok,10007,0.006,
tile_011477,val,ok,12040,0.006,
tile_011478,test,ok,12003,0.006,
tile_011479,test,ok,9564,0.007,
tile_011480,val,ok,11057,0.008,
tile_011481,val,ok,10189,0.008,
tile_011482,val,ok,9611,0.01,
tile_011483,train,ok,9567,0.008,
tile_011484,train,ok,10018,0.008,
tile_011485,train,ok,10642,0.009,
tile_011486,train,ok,12558,0.008,
tile_011487,train,ok,11389,0.008,
tile_011488,train,ok,12996,0.009,
tile_011489,train,ok,12842,0.007,
tile_011490,train,ok,12602,0.009,
tile_011491,train,ok,12690,0.009,
tile_011492,train,ok,11508,0.008,
tile_011493,train,ok,10940,0.008,
tile_011494,train,ok,11608,0.007,
tile_011495,train,ok,12967,0.008,
tile_011496,train,ok,12552,0.007,
tile_011497,train,ok,12711,0.007,
tile_011498,test,ok,12425,0.007,
tile_011499,train,ok,12712,0.007,
tile_011500,train,ok,12572,0.008,
tile_011501,train,ok,11879,0.006,
tile_011502,train,ok,13163,0.009,
tile_011503,train,ok,12859,0.007,
tile_011504,train,ok,12570,0.006,
tile_011505,train,ok,13130,0.009,
tile_011506,train,ok,11417,0.006,
tile_011507,train,ok,10956,0.008,
tile_011508,train,ok,12910,0.009,
tile_011509,train,ok,12964,0.008,
tile_011510,train,ok,12507,0.008,
tile_011511,train,ok,10977,0.009,
tile_011512,train,ok,12093,0.008,
tile_011513,train,ok,12933,0.008,
tile_011514,train,ok,12852,0.008,
tile_011515,train,ok,11026,0.009,
tile_011516,val,ok,9182,0.01,
tile_011517,val,ok,10327,0.01,
tile_011518,train,ok,12796,0.009,
tile_011519,train,ok,10875,0.009,
tile_011520,test,ok,13050,0.009,
tile_011521,val,ok,12654,0.009,
tile_011522,val,ok,12621,0.009,
tile_011523,val,ok,9450,0.008,
tile_011524,train,ok,11441,0.008,
tile_011525,train,ok,10141,0.008,
tile_011526,train,ok,10919,0.008,
tile_011527,train,ok,12901,0.008,
tile_011528,train,ok,11632,0.008,
tile_011529,train,ok,12486,0.008,
tile_011530,train,ok,11293,0.008,
tile_011531,train,ok,11824,0.008,
tile_011532,train,ok,12624,0.009,
tile_011533,train,ok,10465,0.009,
tile_011534,train,ok,11970,0.008,
tile_011535,train,ok,13070,0.008,
tile_011536,train,ok,10877,0.008,
tile_011537,train,ok,10186,0.008,
tile_011538,train,ok,11204,0.007,
tile_011539,train,ok,12998,0.008,
tile_011540,train,ok,12470,0.008,
tile_011541,train,ok,12993,0.009,
tile_011542,test,ok,9064,0.01,
tile_011543,train,ok,10938,0.009,
tile_011544,train,ok,11371,0.009,
tile_011545,train,ok,13036,0.009,
tile_011546,train,ok,12978,0.008,
tile_011547,train,ok,12819,0.009,
tile_011548,train,ok,12795,0.01,
tile_011549,train,ok,12558,0.009,
tile_011550,train,ok,10324,0.008,
tile_011551,train,ok,12537,0.009,
tile_011552,train,ok,12084,0.007,
tile_011553,train,ok,11410,0.011,
tile_011554,train,ok,11216,0.008,
tile_011555,train,ok,12349,0.009,
tile_011556,train,ok,8858,0.009,
tile_011557,train,ok,9428,0.01,
tile_011558,val,ok,11031,0.008,
tile_011559,val,ok,11837,0.01,
tile_011560,train,ok,12288,0.009,
tile_011561,train,ok,12962,0.009,
tile_011562,train,ok,10560,0.008,
tile_011563,train,ok,11633,0.009,
tile_011564,test,ok,11945,0.009,
tile_011565,test,ok,12912,0.008,
tile_011566,val,ok,12701,0.008,
tile_011567,val,ok,10495,0.01,
tile_011568,train,ok,10364,0.009,
tile_011569,train,ok,10053,0.011,
tile_011570,train,ok,10876,0.009,
tile_011571,train,ok,12091,0.009,
tile_011572,train,ok,12584,0.01,
tile_011573,train,ok,9674,0.009,
tile_011574,train,ok,9973,0.01,
tile_011575,train,ok,12284,0.01,
tile_011576,train,ok,10019,0.011,
tile_011577,train,ok,11785,0.011,
tile_011578,train,ok,10375,0.011,
tile_011579,train,ok,9706,0.013,
tile_011580,train,ok,11435,0.012,
tile_011581,train,ok,11638,0.011,
tile_011582,train,ok,12625,0.012,
tile_011583,train,ok,12017,0.012,
tile_011584,train,ok,13010,0.011,
tile_011585,train,ok,12863,0.012,
tile_011586,train,ok,12782,0.01,
tile_011587,train,ok,12648,0.012,
tile_011588,train,ok,12432,0.011,
tile_011589,test,ok,12210,0.011,
tile_011590,train,ok,12118,0.012,
tile_011591,train,ok,11173,0.013,
tile_011592,train,ok,11184,0.012,
tile_011593,train,ok,12754,0.013,
tile_011594,train,ok,9578,0.011,
tile_011595,train,ok,10519,0.011,
tile_011596,train,ok,12180,0.012,
tile_011597,train,ok,10528,0.011,
tile_011598,train,ok,12508,0.013,
tile_011599,train,ok,11454,0.012,
tile_011600,train,ok,13016,0.011,
tile_011601,train,ok,12526,0.011,
tile_011602,train,ok,10922,0.011,
tile_011603,train,ok,11486,0.017,
tile_011604,train,ok,12831,0.017,
tile_011605,train,ok,12469,0.016,
tile_011606,train,ok,12932,0.01,
tile_011607,train,ok,12762,0.009,
tile_011608,train,ok,12145,0.008,
tile_011609,train,ok,12176,0.009,
tile_011610,train,ok,12735,0.01,
tile_011611,train,ok,12368,0.008,
tile_011612,test,ok,12670,0.008,
tile_011613,train,ok,10820,0.009,
tile_011614,train,ok,10454,0.008,
tile_011615,train,ok,12085,0.009,
tile_011616,train,ok,10136,0.009,
tile_011617,train,ok,13086,0.009,
tile_011618,train,ok,9443,0.008,
tile_011619,val,ok,11822,0.009,
tile_011620,val,ok,12965,0.01,
tile_011621,val,ok,12106,0.01,
tile_011622,train,ok,11080,0.011,
tile_011623,train,ok,10780,0.011,
tile_011624,train,ok,9963,0.011,
tile_011625,train,ok,11438,0.011,
tile_011626,train,ok,11496,0.011,
tile_011627,train,ok,13061,0.01,
tile_011628,train,ok,11388,0.008,
tile_011629,train,ok,13081,0.01,
tile_011630,train,ok,12996,0.008,
tile_011631,train,ok,12611,0.01,
tile_011632,train,ok,10068,0.009,
tile_011633,train,ok,11960,0.01,
tile_011634,train,ok,12743,0.01,
tile_011635,train,ok,11700,0.01,
tile_011636,train,ok,12109,0.008,
tile_011637,train,ok,12017,0.009,
tile_011638,train,ok,13138,0.008,
tile_011639,train,ok,12266,0.01,
tile_011640,train,ok,12868,0.01,
tile_011641,train,ok,11754,0.009,
tile_011642,train,ok,12656,0.008,
tile_011643,train,ok,11434,0.01,
tile_011644,train,ok,12443,0.009,
tile_011645,train,ok,12565,0.009,
tile_011646,train,ok,10611,0.009,
tile_011647,train,ok,11397,0.008,
tile_011648,train,ok,13128,0.007,
tile_011649,train,ok,13152,0.008,
tile_011650,train,ok,12711,0.008,
tile_011651,train,ok,10837,0.006,
tile_011652,train,ok,12181,0.008,
tile_011653,train,ok,11926,0.008,
tile_011654,train,ok,12857,0.006,
tile_011655,train,ok,11898,0.01,
tile_011656,train,ok,12720,0.007,
tile_011657,val,ok,11273,0.008,
tile_011658,train,ok,11894,0.009,
tile_011659,test,ok,10875,0.008,
tile_011660,train,ok,12343,0.009,
tile_011661,train,ok,11415,0.007,
tile_011662,train,ok,11205,0.007,
tile_011663,train,ok,10726,0.006,
tile_011664,train,ok,10974,0.008,
tile_011665,train,ok,10100,0.009,
tile_011666,train,ok,9510,0.009,
tile_011667,train,ok,9075,0.008,
tile_011668,val,ok,12911,0.008,
tile_011669,val,ok,10886,0.008,
tile_011670,val,ok,11875,0.009,
tile_011671,val,ok,11749,0.008,
tile_011672,train,ok,12169,0.009,
tile_011673,train,ok,10991,0.008,
tile_011674,train,ok,9528,0.008,
tile_011675,train,ok,9813,0.009,
tile_011676,train,ok,10779,0.008,
tile_011677,train,ok,10368,0.008,
tile_011678,train,ok,11712,0.007,
tile_011679,train,ok,12428,0.008,
tile_011680,train,ok,12415,0.008,
tile_011681,train,ok,9937,0.006,
tile_011682,train,ok,11550,0.007,
tile_011683,train,ok,11914,0.008,
tile_011684,train,ok,10872,0.007,
tile_011685,train,ok,12526,0.007,
tile_011686,train,ok,12209,0.008,
tile_011687,train,ok,13005,0.007,
tile_011688,train,ok,10107,0.007,
tile_011689,train,ok,12011,0.007,
tile_011690,train,ok,12507,0.007,
tile_011691,train,ok,12638,0.008,
tile_011692,train,ok,12172,0.008,
tile_011693,train,ok,11938,0.008,
tile_011694,train,ok,11164,0.01,
tile_011695,train,ok,13094,0.009,
tile_011696,train,ok,11458,0.009,
tile_011697,train,ok,11565,0.008,
tile_011698,train,ok,12919,0.01,
tile_011699,train,ok,12249,0.011,
tile_011700,train,ok,13138,0.011,
tile_011701,train,ok,11728,0.011,
tile_011702,train,ok,9655,0.009,
tile_011703,train,ok,12497,0.01,
tile_011704,train,ok,12767,0.01,
tile_011705,train,ok,12242,0.012,
tile_011706,val,ok,12582,0.011,
tile_011707,train,ok,11404,0.011,
tile_011708,train,ok,13202,0.01,
tile_011709,train,ok,10971,0.009,
tile_011710,train,ok,12045,0.013,
tile_011711,train,ok,10891,0.012,
tile_011712,train,ok,10455,0.012,
tile_011713,train,ok,12040,0.011,
tile_011714,train,ok,12551,0.011,
tile_011715,train,ok,12301,0.01,
tile_011716,train,ok,9686,0.011,
tile_011717,train,ok,9502,0.01,
tile_011718,train,ok,12118,0.012,
tile_011719,train,ok,12815,0.009,
tile_011720,train,ok,11833,0.011,
tile_011721,train,ok,12627,0.011,
tile_011722,train,ok,12767,0.01,
tile_011723,train,ok,12146,0.012,
tile_011724,train,ok,11429,0.01,
tile_011725,train,ok,12476,0.011,
tile_011726,train,ok,10127,0.011,
tile_011727,train,ok,12372,0.01,
tile_011728,train,ok,12964,0.01,
tile_011729,train,ok,12808,0.01,
tile_011730,test,ok,12384,0.011,
tile_011731,test,ok,10629,0.009,
tile_011732,train,ok,9917,0.01,
tile_011733,train,ok,11859,0.01,
tile_011734,train,ok,10870,0.009,
tile_011735,train,ok,9430,0.01,
tile_011736,train,ok,9546,0.01,
tile_011737,train,ok,9680,0.009,
tile_011738,train,ok,10656,0.011,
tile_011739,train,ok,9048,0.01,
tile_011740,val,ok,11753,0.009,
tile_011741,val,ok,13121,0.01,
tile_011742,val,ok,10199,0.01,
tile_011743,val,ok,11244,0.008,
tile_011744,train,ok,12730,0.01,
tile_011745,train,ok,11515,0.01,
tile_011746,train,ok,10010,0.011,
tile_011747,train,ok,11329,0.01,
tile_011748,train,ok,12503,0.01,
tile_011749,train,ok,12705,0.009,
tile_011750,train,ok,10334,0.009,
tile_011751,train,ok,12067,0.009,
tile_011752,train,ok,10902,0.009,
tile_011753,train,ok,10608,0.009,
tile_011754,train,ok,11322,0.01,
tile_011755,train,ok,13134,0.009,
tile_011756,train,ok,12216,0.01,
tile_011757,train,ok,11049,0.01,
tile_011758,train,ok,12488,0.01,
tile_011759,train,ok,12896,0.009,
tile_011760,train,ok,12132,0.009,
tile_011761,train,ok,11563,0.01,
tile_011762,train,ok,12526,0.009,
tile_011763,train,ok,12828,0.008,
tile_011764,train,ok,11709,0.01,
tile_011765,train,ok,12877,0.009,
tile_011766,train,ok,12917,0.009,
tile_011767,train,ok,12277,0.009,
tile_011768,train,ok,12182,0.008,
tile_011769,train,ok,11727,0.008,
tile_011770,train,ok,10709,0.01,
tile_011771,train,ok,11979,0.009,
tile_011772,train,ok,11930,0.008,
tile_011773,train,ok,12106,0.008,
tile_011774,train,ok,12466,0.01,
tile_011775,train,ok,11221,0.009,
tile_011776,train,ok,11715,0.009,
tile_011777,train,ok,13061,0.008,
tile_011778,train,ok,11344,0.009,
tile_011779,train,ok,12447,0.009,
tile_011780,train,ok,12885,0.009,
tile_011781,train,ok,12184,0.009,
tile_011782,train,ok,12536,0.009,
tile_011783,train,ok,12886,0.01,
tile_011784,train,ok,11396,0.008,
tile_011785,train,ok,13041,0.009,
tile_011786,train,ok,11340,0.009,
tile_011787,train,ok,11625,0.01,
tile_011788,train,ok,13114,0.01,
tile_011789,train,ok,12728,0.009,
tile_011790,train,ok,12047,0.01,
tile_011791,train,ok,12252,0.01,
tile_011792,train,ok,12824,0.011,
tile_011793,train,ok,12650,0.01,
tile_011794,train,ok,12720,0.015,
tile_011795,train,ok,12833,0.014,
tile_011796,val,ok,12903,0.016,
tile_011797,val,ok,12160,0.013,
tile_011798,val,ok,12252,0.012,
tile_011799,train,ok,11868,0.013,
tile_011800,train,ok,12806,0.012,
tile_011801,train,ok,12729,0.01,
tile_011802,train,ok,12297,0.01,
tile_011803,train,ok,10332,0.012,
tile_011804,train,ok,10666,0.01,
tile_011805,train,ok,12088,0.011,
tile_011806,train,ok,11524,0.009,
tile_011807,train,ok,12478,0.012,
tile_011808,train,ok,11709,0.011,
tile_011809,train,ok,13143,0.011,
tile_011810,train,ok,12213,0.011,
tile_011811,val,ok,11520,0.012,
tile_011812,val,ok,11968,0.01,
tile_011813,train,ok,12670,0.01,
tile_011814,train,ok,10012,0.009,
tile_011815,train,ok,11588,0.01,
tile_011816,train,ok,10861,0.01,
tile_011817,train,ok,12611,0.009,
tile_011818,train,ok,11934,0.01,
tile_011819,train,ok,11013,0.009,
tile_011820,train,ok,11534,0.008,
tile_011821,train,ok,9378,0.009,
tile_011822,train,ok,11392,0.009,
tile_011823,train,ok,12519,0.009,
tile_011824,train,ok,10909,0.008,
tile_011825,train,ok,11380,0.009,
tile_011826,train,ok,11741,0.008,
tile_011827,train,ok,10094,0.008,
tile_011828,train,ok,12690,0.009,
tile_011829,train,ok,11888,0.008,
tile_011830,train,ok,12886,0.01,
tile_011831,train,ok,12661,0.011,
tile_011832,train,ok,13053,0.01,
tile_011833,train,ok,13007,0.011,
tile_011834,train,ok,11949,0.012,
tile_011835,train,ok,10590,0.011,
tile_011836,train,ok,8868,0.011,
tile_011837,train,ok,13126,0.012,
tile_011838,train,ok,12852,0.011,
tile_011839,train,ok,12970,0.011,
tile_011840,train,ok,13037,0.011,
tile_011841,train,ok,13044,0.011,
tile_011842,train,ok,11793,0.009,
tile_011843,train,ok,10014,0.01,
tile_011844,train,ok,10920,0.009,
tile_011845,train,ok,12551,0.009,
tile_011846,train,ok,11331,0.01,
tile_011847,train,ok,12689,0.009,
tile_011848,train,ok,11723,0.009,
tile_011849,train,ok,11529,0.01,
tile_011850,train,ok,12306,0.009,
tile_011851,train,ok,13106,0.007,
tile_011852,test,ok,13131,0.009,
tile_011853,test,ok,13089,0.009,
tile_011854,train,ok,12450,0.009,
tile_011855,train,ok,12743,0.008,
tile_011856,val,ok,12809,0.009,
tile_011857,train,ok,12190,0.008,
tile_011858,val,ok,13046,0.008,
tile_011859,val,ok,13208,0.009,
tile_011860,val,ok,10790,0.008,
tile_011861,train,ok,12332,0.007,
tile_011862,train,ok,12901,0.006,
tile_011863,train,ok,12612,0.009,
tile_011864,train,ok,11307,0.007,
tile_011865,train,ok,13111,0.008,
tile_011866,train,ok,11681,0.007,
tile_011867,train,ok,11484,0.009,
tile_011868,train,ok,12278,0.008,
tile_011869,test,ok,13076,0.008,
tile_011870,test,ok,12009,0.009,
tile_011871,train,ok,12112,0.008,
tile_011872,train,ok,12758,0.007,
tile_011873,train,ok,12720,0.008,
tile_011874,train,ok,12494,0.009,
tile_011875,train,ok,11162,0.008,
tile_011876,val,ok,10850,0.008,
tile_011877,val,ok,9706,0.008,
tile_011878,val,ok,12235,0.009,
tile_011879,train,ok,10491,0.009,
tile_011880,train,ok,11119,0.009,
tile_011881,train,ok,11267,0.01,
tile_011882,train,ok,12532,0.009,
tile_011883,train,ok,12406,0.009,
tile_011884,train,ok,12556,0.008,
tile_011885,train,ok,12641,0.008,
tile_011886,train,ok,10505,0.009,
tile_011887,train,ok,10714,0.006,
tile_011888,train,ok,12456,0.008,
tile_011889,train,ok,11631,0.007,
tile_011890,train,ok,11581,0.009,
tile_011891,train,ok,10621,0.009,
tile_011892,train,ok,12403,0.007,
tile_011893,train,ok,12266,0.008,
tile_011894,train,ok,13051,0.007,
tile_011895,train,ok,12180,0.008,
tile_011896,train,ok,13082,0.008,
tile_011897,train,ok,12726,0.009,
tile_011898,train,ok,12608,0.007,
tile_011899,train,ok,12572,0.007,
tile_011900,train,ok,13029,0.008,
tile_011901,train,ok,13072,0.007,
tile_011902,train,ok,11567,0.007,
tile_011903,train,ok,11651,0.007,
tile_011904,train,ok,12889,0.008,
tile_011905,train,ok,11901,0.009,
tile_011906,train,ok,12010,0.01,
tile_011907,train,ok,11944,0.009,
tile_011908,train,ok,11786,0.009,
tile_011909,train,ok,11020,0.009,
tile_011910,train,ok,11737,0.009,
tile_011911,train,ok,11327,0.008,
tile_011912,train,ok,10963,0.007,
tile_011913,train,ok,12572,0.01,
tile_011914,train,ok,12437,0.006,
tile_011915,train,ok,11756,0.007,
tile_011916,train,ok,12210,0.007,
tile_011917,train,ok,12342,0.009,
tile_011918,val,ok,9736,0.009,
tile_011919,val,ok,9545,0.009,
tile_011920,val,ok,11998,0.008,
tile_011921,train,ok,13007,0.009,
tile_011922,train,ok,12782,0.01,
tile_011923,train,ok,10401,0.011,
tile_011924,train,ok,12192,0.011,
tile_011925,train,ok,11734,0.01,
tile_011926,train,ok,11494,0.009,
tile_011927,train,ok,11870,0.008,
tile_011928,test,ok,12039,0.008,
tile_011929,train,ok,11048,0.01,
tile_011930,train,ok,12660,0.008,
tile_011931,val,ok,12968,0.008,
tile_011932,val,ok,10919,0.007,
tile_011933,val,ok,11273,0.008,
tile_011934,val,ok,12617,0.009,
tile_011935,train,ok,12622,0.009,
tile_011936,val,ok,12387,0.009,
tile_011937,val,ok,10570,0.009,
tile_011938,val,ok,11636,0.01,
tile_011939,train,ok,10499,0.011,
tile_011940,train,ok,11465,0.011,
tile_011941,train,ok,12390,0.01,
tile_011942,train,ok,10667,0.012,
tile_011943,train,ok,10585,0.013,
tile_011944,train,ok,11677,0.012,
tile_011945,train,ok,9788,0.013,
tile_011946,train,ok,10551,0.012,
tile_011947,train,ok,11487,0.011,
tile_011948,train,ok,12599,0.011,
tile_011949,val,ok,12623,0.011,
tile_011950,train,ok,12430,0.009,
tile_011951,train,ok,10788,0.01,
tile_011952,train,ok,12890,0.009,
tile_011953,train,ok,12527,0.012,
tile_011954,train,ok,11764,0.013,
tile_011955,train,ok,13057,0.012,
tile_011956,train,ok,12666,0.012,
tile_011957,train,ok,12817,0.012,
tile_011958,train,ok,12881,0.01,
tile_011959,train,ok,12698,0.01,
tile_011960,train,ok,12690,0.01,
tile_011961,train,ok,12439,0.009,
tile_011962,train,ok,11982,0.009,
tile_011963,train,ok,12607,0.008,
tile_011964,train,ok,11956,0.008,
tile_011965,train,ok,12481,0.01,
tile_011966,train,ok,12621,0.007,
tile_011967,train,ok,11627,0.009,
tile_011968,train,ok,12830,0.009,
tile_011969,train,ok,13044,0.007,
tile_011970,train,ok,13043,0.01,
tile_011971,train,ok,12259,0.009,
tile_011972,train,ok,12420,0.01,
tile_011973,train,ok,13077,0.008,
tile_011974,train,ok,10867,0.009,
tile_011975,train,ok,11980,0.009,
tile_011976,train,ok,12158,0.009,
tile_011977,train,ok,12745,0.01,
tile_011978,train,ok,11715,0.009,
tile_011979,train,ok,12648,0.008,
tile_011980,train,ok,11318,0.008,
tile_011981,test,ok,13051,0.008,
tile_011982,train,ok,11732,0.009,
tile_011983,train,ok,10418,0.01,
tile_011984,train,ok,9657,0.009,
tile_011985,train,ok,11667,0.008,
tile_011986,train,ok,11252,0.008,
tile_011987,val,ok,9149,0.009,
tile_011988,val,ok,10762,0.007,
tile_011989,val,ok,8710,0.008,
tile_011990,val,ok,12902,0.008,
tile_011991,val,ok,12876,0.008,
tile_011992,val,ok,10005,0.008,
tile_011993,train,ok,9922,0.009,
tile_011994,train,ok,11788,0.011,
tile_011995,train,ok,12717,0.01,
tile_011996,train,ok,10813,0.012,
tile_011997,train,ok,11062,0.011,
tile_011998,train,ok,11476,0.009,
tile_011999,train,ok,10018,0.01,
tile_012000,train,ok,8227,0.011,
tile_012001,train,ok,11018,0.012,
tile_012002,train,ok,11617,0.012,
tile_012003,val,ok,12546,0.009,
tile_012004,val,ok,12622,0.009,
tile_012005,train,ok,12764,0.009,
tile_012006,train,ok,13085,0.01,
tile_012007,train,ok,12343,0.011,
tile_012008,train,ok,12634,0.01,
tile_012009,train,ok,12042,0.009,
tile_012010,train,ok,12018,0.01,
tile_012011,train,ok,13060,0.01,
tile_012012,train,ok,12916,0.01,
tile_012013,train,ok,12192,0.009,
tile_012014,train,ok,11219,0.01,
tile_012015,train,ok,12945,0.011,
tile_012016,train,ok,12616,0.01,
tile_012017,train,ok,13049,0.01,
tile_012018,train,ok,12473,0.009,
tile_012019,train,ok,11943,0.009,
tile_012020,train,ok,12546,0.009,
tile_012021,train,ok,11846,0.009,
tile_012022,train,ok,12582,0.007,
tile_012023,train,ok,12852,0.008,
tile_012024,train,ok,12393,0.007,
tile_012025,train,ok,12195,0.007,
tile_012026,train,ok,13009,0.006,
tile_012027,train,ok,12159,0.008,
tile_012028,train,ok,12898,0.007,
tile_012029,train,ok,9511,0.009,
tile_012030,train,ok,12929,0.007,
tile_012031,val,ok,11075,0.009,
tile_012032,train,ok,12518,0.009,
tile_012033,train,ok,12453,0.007,
tile_012034,train,ok,12158,0.009,
tile_012035,train,ok,11050,0.108,
tile_012036,train,ok,10792,0.108,
tile_012037,train,ok,10572,0.108,
tile_012038,train,ok,10823,0.106,
tile_012039,train,ok,9491,0.006,
tile_012040,val,ok,8415,0.007,
tile_012041,val,ok,9296,0.007,
tile_012042,train,ok,12988,0.007,
tile_012043,train,ok,12682,0.007,
tile_012044,train,ok,12321,0.007,
tile_012045,train,ok,10071,0.006,
tile_012046,train,ok,9250,0.007,
tile_012047,train,ok,10518,0.006,
tile_012048,train,ok,12785,0.006,
tile_012049,val,ok,12950,0.006,
tile_012050,test,ok,12857,0.007,
tile_012051,train,ok,10160,0.007,
tile_012052,train,ok,12233,0.006,
tile_012053,train,ok,12347,0.006,
tile_012054,train,ok,12978,0.007,
tile_012055,train,ok,12243,0.006,
tile_012056,train,ok,12077,0.007,
tile_012057,train,ok,13035,0.006,
tile_012058,train,ok,12542,0.007,
tile_012059,train,ok,11893,0.007,
tile_012060,train,ok,12484,0.007,
tile_012061,train,ok,12489,0.007,
tile_012062,train,ok,12689,0.008,
tile_012063,train,ok,12780,0.008,
tile_012064,train,ok,11990,0.007,
tile_012065,train,ok,11447,0.007,
tile_012066,train,ok,11519,0.007,
tile_012067,train,ok,11104,0.006,
tile_012068,train,ok,12158,0.008,
tile_012069,train,ok,11979,0.006,
tile_012070,train,ok,10323,0.006,
tile_012071,train,ok,11852,0.007,
tile_012072,train,ok,10811,0.006,
tile_012073,train,ok,12731,0.006,
tile_012074,train,ok,11585,0.007,
tile_012075,train,ok,11339,0.007,
tile_012076,train,ok,11147,0.007,
tile_012077,test,ok,12064,0.006,
tile_012078,test,ok,9460,0.006,
tile_012079,train,ok,8519,0.008,
tile_012080,val,ok,9932,0.006,
tile_012081,val,ok,12543,0.006,
tile_012082,val,ok,10677,0.006,
tile_012083,val,ok,11158,0.007,
tile_012084,train,ok,12894,0.007,
tile_012085,train,ok,11026,0.007,
tile_012086,train,ok,12956,0.006,
tile_012087,train,ok,12769,0.006,
tile_012088,train,ok,12866,0.007,
tile_012089,test,ok,8985,0.007,
tile_012090,train,ok,11217,0.006,
tile_012091,train,ok,13060,0.006,
tile_012092,train,ok,10983,0.006,
tile_012093,train,ok,11605,0.006,
tile_012094,train,ok,11480,0.006,
tile_012095,train,ok,9554,0.006,
tile_012096,train,ok,12630,0.006,
tile_012097,train,ok,12573,0.006,
tile_012098,train,ok,12698,0.006,
tile_012099,train,ok,12614,0.006,
tile_012100,train,ok,11521,0.006,
tile_012101,train,ok,11184,0.006,
tile_012102,train,ok,12537,0.006,
tile_012103,train,ok,12515,0.006,
tile_012104,train,ok,12972,0.006,
tile_012105,test,ok,10985,0.006,
tile_012106,train,ok,11941,0.006,
tile_012107,train,ok,12673,0.006,
tile_012108,train,ok,11453,0.006,
tile_012109,train,ok,11406,0.007,
tile_012110,train,ok,12447,0.007,
tile_012111,train,ok,13131,0.009,
tile_012112,train,ok,11684,0.009,
tile_012113,train,ok,12283,0.011,
tile_012114,train,ok,10248,0.008,
tile_012115,val,ok,10939,0.011,
tile_012116,train,ok,12841,0.009,
tile_012117,val,ok,12303,0.008,
tile_012118,train,ok,12222,0.009,
tile_012119,val,ok,11902,0.008,
tile_012120,train,ok,12434,0.007,
tile_012121,train,ok,12272,0.006,
tile_012122,train,ok,12435,0.007,
tile_012123,train,ok,12035,0.008,
tile_012124,train,ok,12134,0.008,
tile_012125,train,ok,11867,0.006,
tile_012126,train,ok,11821,0.007,
tile_012127,train,ok,12069,0.008,
tile_012128,train,ok,12354,0.007,
tile_012129,train,ok,12817,0.007,
tile_012130,train,ok,12175,0.006,
tile_012131,train,ok,11582,0.007,
tile_012132,val,ok,12907,0.008,
tile_012133,val,ok,12925,0.009,
tile_012134,val,ok,12618,0.006,
tile_012135,test,ok,12995,0.008,
tile_012136,test,ok,12329,0.007,
tile_012137,test,ok,11541,0.006,
tile_012138,train,ok,9950,0.006,
tile_012139,val,ok,10002,0.006,
tile_012140,val,ok,11748,0.006,
tile_012141,val,ok,12549,0.006,
tile_012142,train,ok,11145,0.007,
tile_012143,train,ok,12891,0.007,
tile_012144,train,ok,12231,0.007,
tile_012145,train,ok,13033,0.007,
tile_012146,train,ok,12708,0.007,
tile_012147,test,ok,12535,0.006,
tile_012148,train,ok,10705,0.006,
tile_012149,train,ok,12344,0.006,
tile_012150,train,ok,13117,0.006,
tile_012151,train,ok,12169,0.007,
tile_012152,train,ok,12751,0.006,
tile_012153,train,ok,10260,0.008,
tile_012154,train,ok,11700,0.006,
tile_012155,train,ok,12010,0.007,
tile_012156,train,ok,11635,0.006,
tile_012157,train,ok,12045,0.006,
tile_012158,train,ok,11937,0.007,
tile_012159,train,ok,11334,0.008,
tile_012160,train,ok,11151,0.008,
tile_012161,train,ok,12688,0.009,
tile_012162,val,ok,12963,0.009,
tile_012163,train,ok,13145,0.008,
tile_012164,train,ok,10879,0.007,
tile_012165,test,ok,13102,0.007,
tile_012166,test,ok,12474,0.006,
tile_012167,train,ok,13047,0.007,
tile_012168,train,ok,12499,0.006,
tile_012169,train,ok,12592,0.007,
tile_012170,val,ok,12369,0.007,
tile_012171,val,ok,12736,0.007,
tile_012172,train,ok,11652,0.008,
tile_012173,train,ok,12920,0.008,
tile_012174,train,ok,12480,0.007,
tile_012175,train,ok,9894,0.007,
tile_012176,train,ok,12788,0.007,
tile_012177,train,ok,12244,0.007,
tile_012178,train,ok,12334,0.008,
tile_012179,train,ok,12232,0.008,
tile_012180,train,ok,12476,0.008,
tile_012181,train,ok,12498,0.006,
tile_012182,train,ok,9243,0.006,
tile_012183,train,ok,10734,0.006,
tile_012184,train,ok,13072,0.006,
tile_012185,val,ok,12539,0.007,
tile_012186,val,ok,12978,0.007,
tile_012187,train,ok,11653,0.006,
tile_012188,test,ok,10657,0.006,
tile_012189,test,ok,9090,0.006,
tile_012190,test,ok,10774,0.007,
tile_012191,test,ok,9747,0.009,
tile_012192,train,ok,11204,0.009,
tile_012193,val,ok,11795,0.01,
tile_012194,train,ok,9670,0.009,
tile_012195,train,ok,12272,0.009,
tile_012196,train,ok,11840,0.01,
tile_012197,train,ok,12206,0.01,
tile_012198,train,ok,12878,0.01,
tile_012199,train,ok,12444,0.007,
tile_012200,train,ok,11211,0.008,
tile_012201,train,ok,12265,0.007,
tile_012202,train,ok,12939,0.007,
tile_012203,test,ok,11682,0.007,
tile_012204,test,ok,10952,0.009,
tile_012205,train,ok,10149,0.009,
tile_012206,train,ok,10736,0.009,
tile_012207,train,ok,10809,0.009,
tile_012208,train,ok,12071,0.007,
tile_012209,train,ok,12682,0.008,
tile_012210,train,ok,12285,0.009,
tile_012211,test,ok,11703,0.01,
tile_012212,test,ok,12449,0.008,
tile_012213,test,ok,13104,0.009,
tile_012214,train,ok,12395,0.01,
tile_012215,train,ok,12784,0.01,
tile_012216,train,ok,9561,0.009,
tile_012217,train,ok,12018,0.009,
tile_012218,train,ok,10402,0.009,
tile_012219,train,ok,10561,0.009,
tile_012220,train,ok,12380,0.008,
tile_012221,train,ok,12955,0.01,
tile_012222,train,ok,12579,0.009,
tile_012223,train,ok,11925,0.008,
tile_012224,train,ok,12546,0.009,
tile_012225,val,ok,12984,0.008,
tile_012226,train,ok,12882,0.007,
tile_012227,train,ok,11869,0.009,
tile_012228,train,ok,12711,0.008,
tile_012229,train,ok,13135,0.007,
tile_012230,test,ok,12605,0.007,
tile_012231,train,ok,12777,0.006,
tile_012232,val,ok,11994,0.007,
tile_012233,train,ok,11996,0.006,
tile_012234,train,ok,12339,0.006,
tile_012235,train,ok,12776,0.007,
tile_012236,train,ok,12764,0.008,
tile_012237,train,ok,13095,0.007,
tile_012238,train,ok,12662,0.006,
tile_012239,train,ok,13133,0.008,
tile_012240,val,ok,10386,0.007,
tile_012241,val,ok,12744,0.008,
tile_012242,val,ok,11887,0.007,
tile_012243,train,ok,13120,0.008,
tile_012244,train,ok,13056,0.008,
tile_012245,train,ok,11939,0.006,
tile_012246,train,ok,9159,0.008,
tile_012247,test,ok,11039,0.008,
tile_012248,test,ok,9891,0.007,
tile_012249,test,ok,10487,0.007,
tile_012250,test,ok,12009,0.007,
tile_012251,test,ok,9653,0.008,
tile_012252,train,ok,11684,0.007,
tile_012253,train,ok,9064,0.008,
tile_012254,train,ok,9860,0.008,
tile_012255,train,ok,12782,0.007,
tile_012256,val,ok,12036,0.007,
tile_012257,train,ok,10325,0.007,
tile_012258,train,ok,12150,0.007,
tile_012259,train,ok,13130,0.008,
tile_012260,train,ok,12134,0.007,
tile_012261,train,ok,12942,0.008,
tile_012262,train,ok,12628,0.006,
tile_012263,train,ok,11050,0.007,
tile_012264,train,ok,12494,0.007,
tile_012265,test,ok,12458,0.007,
tile_012266,test,ok,11901,0.007,
tile_012267,train,ok,10634,0.008,
tile_012268,train,ok,11934,0.007,
tile_012269,train,ok,12637,0.01,
tile_012270,train,ok,12975,0.007,
tile_012271,train,ok,12968,0.008,
tile_012272,train,ok,12775,0.009,
tile_012273,train,ok,12333,0.007,
tile_012274,train,ok,12851,0.007,
tile_012275,train,ok,11810,0.009,
tile_012276,train,ok,11774,0.008,
tile_012277,train,ok,12583,0.007,
tile_012278,train,ok,12424,0.007,
tile_012279,test,ok,12812,0.008,
tile_012280,test,ok,12280,0.009,
tile_012281,train,ok,11831,0.008,
tile_012282,train,ok,12071,0.006,
tile_012283,train,ok,9193,0.01,
tile_012284,train,ok,8850,0.008,
tile_012285,train,ok,11029,0.009,
tile_012286,train,ok,11073,0.007,
tile_012287,train,ok,12557,0.009,
tile_012288,train,ok,11331,0.008,
tile_012289,train,ok,9359,0.007,
tile_012290,train,ok,10536,0.007,
tile_012291,train,ok,11911,0.007,
tile_012292,val,ok,11846,0.007,
tile_012293,val,ok,12955,0.008,
tile_012294,val,ok,12111,0.007,
tile_012295,train,ok,12739,0.007,
tile_012296,train,ok,12290,0.008,
tile_012297,train,ok,11943,0.007,
tile_012298,val,ok,13100,0.007,
tile_012299,train,ok,12290,0.007,
tile_012300,train,ok,12327,0.007,
tile_012301,val,ok,11736,0.007,
tile_012302,val,ok,11775,0.007,
tile_012303,train,ok,10496,0.006,
tile_012304,train,ok,12892,0.007,
tile_012305,train,ok,12222,0.006,
tile_012306,val,ok,11280,0.006,
tile_012307,val,ok,11929,0.008,
tile_012308,val,ok,12337,0.007,
tile_012309,val,ok,11535,0.008,
tile_012310,train,ok,11380,0.007,
tile_012311,train,ok,9512,0.009,
tile_012312,train,ok,11879,0.009,
tile_012313,train,ok,12342,0.009,
tile_012314,train,ok,10353,0.009,
tile_012315,train,ok,10137,0.008,
tile_012316,train,ok,9501,0.008,
tile_012317,train,ok,9101,0.009,
tile_012318,train,ok,10946,0.008,
tile_012319,train,ok,12209,0.007,
tile_012320,train,ok,12712,0.009,
tile_012321,train,ok,11186,0.008,
tile_012322,train,ok,9580,0.009,
tile_012323,train,ok,11773,0.008,
tile_012324,train,ok,13038,0.007,
tile_012325,train,ok,12390,0.008,
tile_012326,train,ok,12345,0.008,
tile_012327,train,ok,12361,0.007,
tile_012328,train,ok,11590,0.007,
tile_012329,train,ok,12534,0.008,
tile_012330,train,ok,13098,0.008,
tile_012331,train,ok,12064,0.009,
tile_012332,train,ok,12477,0.009,
tile_012333,train,ok,12311,0.009,
tile_012334,train,ok,13065,0.008,
tile_012335,train,ok,12472,0.009,
tile_012336,train,ok,10646,0.01,
tile_012337,train,ok,12358,0.008,
tile_012338,train,ok,10994,0.009,
tile_012339,val,ok,12589,0.008,
tile_012340,val,ok,10324,0.009,
tile_012341,val,ok,11829,0.009,
tile_012342,train,ok,12384,0.008,
tile_012343,train,ok,11750,0.008,
tile_012344,train,ok,12087,0.008,
tile_012345,train,ok,11866,0.008,
tile_012346,train,ok,11805,0.008,
tile_012347,train,ok,11646,0.008,
tile_012348,train,ok,11589,0.008,
tile_012349,train,ok,13160,0.008,
tile_012350,train,ok,10861,0.008,
tile_012351,train,ok,11735,0.008,
tile_012352,train,ok,11994,0.009,
tile_012353,train,ok,12732,0.009,
tile_012354,train,ok,11948,0.008,
tile_012355,train,ok,12463,0.008,
tile_012356,train,ok,12727,0.009,
tile_012357,train,ok,12443,0.007,
tile_012358,val,ok,13051,0.007,
tile_012359,train,ok,12296,0.008,
tile_012360,train,ok,12942,0.007,
tile_012361,train,ok,9967,0.009,
tile_012362,train,ok,10358,0.008,
tile_012363,train,ok,11172,0.009,
tile_012364,train,ok,12502,0.008,
tile_012365,train,ok,12578,0.008,
tile_012366,train,ok,12829,0.008,
tile_012367,val,ok,12042,0.008,
tile_012368,train,ok,12386,0.009,
tile_012369,train,ok,12324,0.008,
tile_012370,train,ok,11928,0.007,
tile_012371,train,ok,13108,0.007,
tile_012372,train,ok,10740,0.007,
tile_012373,train,ok,11640,0.008,
tile_012374,val,ok,11803,0.009,
tile_012375,val,ok,12122,0.009,
tile_012376,val,ok,10385,0.01,
tile_012377,train,ok,11294,0.01,
tile_012378,train,ok,12004,0.01,
tile_012379,train,ok,11605,0.009,
tile_012380,train,ok,9478,0.009,
tile_012381,train,ok,8921,0.008,
tile_012382,train,ok,8871,0.008,
tile_012383,train,ok,11555,0.007,
tile_012384,train,ok,12468,0.009,
tile_012385,train,ok,10779,0.009,
tile_012386,train,ok,12792,0.009,
tile_012387,train,ok,11103,0.008,
tile_012388,train,ok,11202,0.01,
tile_012389,train,ok,11797,0.01,
tile_012390,train,ok,9897,0.01,
tile_012391,train,ok,12272,0.01,
tile_012392,train,ok,13079,0.01,
tile_012393,train,ok,12660,0.009,
tile_012394,train,ok,12745,0.009,
tile_012395,train,ok,11151,0.009,
tile_012396,train,ok,12648,0.009,
tile_012397,val,ok,10945,0.008,
tile_012398,val,ok,12259,0.006,
tile_012399,train,ok,12578,0.007,
tile_012400,train,ok,12468,0.008,
tile_012401,train,ok,9645,0.009,
tile_012402,train,ok,12148,0.008,
tile_012403,train,ok,13077,0.007,
tile_012404,train,ok,11115,0.008,
tile_012405,train,ok,11970,0.008,
tile_012406,train,ok,12780,0.009,
tile_012407,train,ok,12668,0.008,
tile_012408,train,ok,12637,0.007,
tile_012409,train,ok,12683,0.008,
tile_012410,train,ok,11609,0.007,
tile_012411,train,ok,11935,0.007,
tile_012412,val,ok,13006,0.009,
tile_012413,val,ok,12850,0.007,
tile_012414,train,ok,12171,0.008,
tile_012415,train,ok,11947,0.008,
tile_012416,train,ok,13077,0.007,
tile_012417,train,ok,11515,0.008,
tile_012418,train,ok,10572,0.008,
tile_012419,train,ok,12279,0.007,
tile_012420,train,ok,11027,0.007,
tile_012421,train,ok,11505,0.008,
tile_012422,train,ok,12510,0.007,
tile_012423,val,ok,12313,0.008,
tile_012424,train,ok,12185,0.011,
tile_012425,train,ok,11362,0.01,
tile_012426,train,ok,10901,0.011,
tile_012427,train,ok,12816,0.01,
tile_012428,val,ok,8893,0.009,
tile_012429,val,ok,11282,0.007,
tile_012430,train,ok,13054,0.007,
tile_012431,train,ok,10714,0.009,
tile_012432,train,ok,11110,0.008,
tile_012433,train,ok,11012,0.007,
tile_012434,train,ok,12917,0.007,
tile_012435,train,ok,13045,0.008,
tile_012436,train,ok,12882,0.008,
tile_012437,train,ok,12123,0.01,
tile_012438,train,ok,9036,0.01,
tile_012439,train,ok,10160,0.01,
tile_012440,train,ok,11863,0.01,
tile_012441,train,ok,12067,0.009,
tile_012442,train,ok,12407,0.01,
tile_012443,train,ok,12753,0.009,
tile_012444,train,ok,9944,0.008,
tile_012445,train,ok,11225,0.008,
tile_012446,train,ok,10981,0.009,
tile_012447,train,ok,12030,0.009,
tile_012448,train,ok,12797,0.011,
tile_012449,train,ok,12658,0.009,
tile_012450,train,ok,11953,0.01,
tile_012451,train,ok,12637,0.01,
tile_012452,train,ok,9092,0.011,
tile_012453,train,ok,12544,0.01,
tile_012454,val,ok,9698,0.009,
tile_012455,val,ok,12758,0.01,
tile_012456,train,ok,12289,0.011,
tile_012457,train,ok,11996,0.011,
tile_012458,train,ok,10733,0.011,
tile_012459,train,ok,12251,0.011,
tile_012460,val,ok,11450,0.019,
tile_012461,train,ok,10951,0.019,
tile_012462,test,ok,10796,0.024,
tile_012463,train,ok,12678,0.026,
tile_012464,train,ok,11174,0.016,
tile_012465,val,ok,12113,0.018,
tile_012466,val,ok,9757,0.011,
tile_012467,train,ok,12616,0.011,
tile_012468,train,ok,11996,0.01,
tile_012469,train,ok,10772,0.011,
tile_012470,train,ok,12132,0.011,
tile_012471,train,ok,11741,0.012,
tile_012472,train,ok,13093,0.009,
tile_012473,train,ok,11770,0.01,
tile_012474,train,ok,12131,0.011,
tile_012475,train,ok,11235,0.01,
tile_012476,train,ok,11642,0.014,
tile_012477,train,ok,11880,0.013,
tile_012478,train,ok,10217,0.017,
tile_012479,train,ok,11281,0.015,
tile_012480,train,ok,12223,0.013,
tile_012481,train,ok,11211,0.012,
tile_012482,train,ok,11418,0.008,
tile_012483,train,ok,12129,0.009,
tile_012484,train,ok,9372,0.009,
tile_012485,train,ok,10150,0.009,
tile_012486,train,ok,11314,0.008,
tile_012487,train,ok,12169,0.009,
tile_012488,val,ok,11401,0.01,
tile_012489,val,ok,11815,0.008,
tile_012490,train,ok,12168,0.009,
tile_012491,train,ok,12167,0.007,
tile_012492,train,ok,13065,0.009,
tile_012493,train,ok,13003,0.008,
tile_012494,train,ok,10076,0.009,
tile_012495,train,ok,11634,0.009,
tile_012496,train,ok,12144,0.009,
tile_012497,train,ok,9592,0.009,
tile_012498,train,ok,9961,0.007,
tile_012499,train,ok,13061,0.008,
tile_012500,train,ok,11050,0.008,
tile_012501,train,ok,12419,0.009,
tile_012502,train,ok,12295,0.009,
tile_012503,train,ok,12169,0.008,
tile_012504,train,ok,13036,0.01,
tile_012505,val,ok,12598,0.009,
tile_012506,train,ok,12458,0.008,
tile_012507,train,ok,12677,0.009,
tile_012508,train,ok,10860,0.008,
tile_012509,train,ok,10626,0.008,
tile_012510,train,ok,13039,0.009,
tile_012511,train,ok,13042,0.008,
tile_012512,train,ok,11937,0.008,
tile_012513,train,ok,12934,0.008,
tile_012514,train,ok,11204,0.008,
tile_012515,train,ok,9927,0.008,
tile_012516,train,ok,11685,0.008,
tile_012517,train,ok,11505,0.007,
tile_012518,val,ok,11224,0.008,
tile_012519,val,ok,10388,0.007,
tile_012520,train,ok,10428,0.007,
tile_012521,train,ok,11468,0.008,
tile_012522,train,ok,12766,0.008,
tile_012523,train,ok,10405,0.008,
tile_012524,train,ok,12137,0.008,
tile_012525,train,ok,12301,0.007,
tile_012526,train,ok,12005,0.008,
tile_012527,train,ok,11622,0.007,
tile_012528,train,ok,12881,0.007,
tile_012529,train,ok,11024,0.007,
tile_012530,train,ok,11201,0.008,
tile_012531,train,ok,11936,0.008,
tile_012532,val,ok,12854,0.008,
tile_012533,train,ok,12825,0.009,
tile_012534,train,ok,12172,0.007,
tile_012535,train,ok,11497,0.009,
tile_012536,train,ok,9614,0.009,
tile_012537,train,ok,10377,0.008,
tile_012538,train,ok,9846,0.007,
tile_012539,val,ok,11155,0.009,
tile_012540,val,ok,12866,0.009,
tile_012541,train,ok,12078,0.007,
tile_012542,train,ok,10780,0.008,
tile_012543,val,ok,12814,0.008,
tile_012544,train,ok,12784,0.008,
tile_012545,train,ok,12787,0.007,
tile_012546,train,ok,12998,0.007,
tile_012547,test,ok,11598,0.01,
tile_012548,test,ok,11071,0.009,
tile_012549,test,ok,11264,0.009,
tile_012550,train,ok,10283,0.008,
tile_012551,train,ok,12426,0.011,
tile_012552,train,ok,12679,0.011,
tile_012553,train,ok,9920,0.01,
tile_012554,train,ok,10354,0.011,
tile_012555,train,ok,11505,0.008,
tile_012556,train,ok,10166,0.01,
tile_012557,train,ok,11841,0.009,
tile_012558,train,ok,12452,0.008,
tile_012559,val,ok,10435,0.008,
tile_012560,train,ok,13065,0.008,
tile_012561,train,ok,12069,0.009,
tile_012562,val,ok,12669,0.008,
tile_012563,val,ok,10647,0.008,
tile_012564,train,ok,12018,0.009,
tile_012565,train,ok,12752,0.008,
tile_012566,train,ok,12672,0.009,
tile_012567,train,ok,10219,0.009,
tile_012568,train,ok,12942,0.009,
tile_012569,train,ok,12968,0.009,
tile_012570,train,ok,11947,0.009,
tile_012571,train,ok,12805,0.009,
tile_012572,train,ok,12115,0.009,
tile_012573,train,ok,10080,0.009,
tile_012574,val,ok,9765,0.01,
tile_012575,val,ok,11422,0.008,
tile_012576,val,ok,12382,0.008,
tile_012577,train,ok,12049,0.01,
tile_012578,train,ok,12156,0.008,
tile_012579,train,ok,11192,0.009,
tile_012580,train,ok,10624,0.009,
tile_012581,train,ok,9479,0.009,
tile_012582,train,ok,10835,0.01,
tile_012583,train,ok,10940,0.009,
tile_012584,train,ok,11517,0.009,
tile_012585,train,ok,10378,0.007,
tile_012586,val,ok,12055,0.008,
tile_012587,train,ok,12555,0.009,
tile_012588,train,ok,12174,0.009,
tile_012589,train,ok,10940,0.008,
tile_012590,train,ok,10976,0.009,
tile_012591,val,ok,13115,0.008,
tile_012592,val,ok,12850,0.009,
tile_012593,train,ok,13070,0.008,
tile_012594,train,ok,11252,0.009,
tile_012595,train,ok,12279,0.008,
tile_012596,train,ok,11131,0.007,
tile_012597,val,ok,11268,0.007,
tile_012598,val,ok,12071,0.009,
tile_012599,val,ok,12850,0.009,
tile_012600,train,ok,12163,0.008,
tile_012601,train,ok,11976,0.008,
tile_012602,train,ok,12957,0.009,
tile_012603,test,ok,10877,0.011,
tile_012604,test,ok,10404,0.009,
tile_012605,test,ok,11488,0.01,
tile_012606,train,ok,9845,0.009,
tile_012607,train,ok,10933,0.01,
tile_012608,train,ok,12766,0.01,
tile_012609,train,ok,11210,0.008,
tile_012610,train,ok,11453,0.007,
tile_012611,train,ok,9810,0.009,
tile_012612,train,ok,11671,0.008,
tile_012613,train,ok,11092,0.008,
tile_012614,train,ok,12798,0.008,
tile_012615,train,ok,11375,0.009,
tile_012616,val,ok,11016,0.008,
tile_012617,test,ok,10998,0.008,
tile_012618,test,ok,10932,0.008,
tile_012619,val,ok,8974,0.009,
tile_012620,val,ok,11138,0.009,
tile_012621,val,ok,11388,0.008,
tile_012622,val,ok,12436,0.009,
tile_012623,val,ok,12576,0.009,
tile_012624,train,ok,12317,0.008,
tile_012625,train,ok,13058,0.008,
tile_012626,train,ok,12393,0.009,
tile_012627,test,ok,12616,0.007,
tile_012628,train,ok,12633,0.008,
tile_012629,train,ok,12596,0.009,
tile_012630,train,ok,11221,0.009,
tile_012631,train,ok,12143,0.007,
tile_012632,train,ok,11989,0.008,
tile_012633,train,ok,12463,0.008,
tile_012634,train,ok,12490,0.008,
tile_012635,train,ok,12298,0.007,
tile_012636,train,ok,8707,0.009,
tile_012637,train,ok,11889,0.008,
tile_012638,train,ok,11656,0.007,
tile_012639,train,ok,12905,0.007,
tile_012640,val,ok,11816,0.009,
tile_012641,val,ok,9905,0.006,
tile_012642,val,ok,10884,0.008,
tile_012643,train,ok,11706,0.01,
tile_012644,train,ok,11695,0.006,
tile_012645,train,ok,12227,0.008,
tile_012646,train,ok,11104,0.008,
tile_012647,train,ok,11854,0.007,
tile_012648,train,ok,10630,0.009,
tile_012649,train,ok,9037,0.008,
tile_012650,train,ok,12053,0.008,
tile_012651,train,ok,11905,0.01,
tile_012652,train,ok,10762,0.011,
tile_012653,train,ok,12205,0.009,
tile_012654,train,ok,11972,0.01,
tile_012655,train,ok,12113,0.009,
tile_012656,train,ok,12649,0.008,
tile_012657,train,ok,11839,0.008,
tile_012658,val,ok,12918,0.008,
tile_012659,val,ok,12069,0.01,
tile_012660,train,ok,11695,0.009,
tile_012661,train,ok,11897,0.009,
tile_012662,train,ok,11317,0.01,
tile_012663,train,ok,12555,0.01,
tile_012664,test,ok,11158,0.011,
tile_012665,test,ok,11101,0.01,
tile_012666,train,ok,11571,0.009,
tile_012667,train,ok,12045,0.01,
tile_012668,train,ok,11884,0.012,
tile_012669,train,ok,12217,0.01,
tile_012670,train,ok,10652,0.01,
tile_012671,train,ok,11787,0.013,
tile_012672,train,ok,11534,0.012,
tile_012673,train,ok,12638,0.013,
tile_012674,val,ok,12282,0.013,
tile_012675,val,ok,10675,0.012,
tile_012676,train,ok,12676,0.011,
tile_012677,val,ok,12616,0.011,
tile_012678,val,ok,12075,0.012,
tile_012679,val,ok,13110,0.009,
tile_012680,val,ok,10794,0.009,
tile_012681,val,ok,11518,0.009,
tile_012682,train,ok,10290,0.009,
tile_012683,train,ok,12643,0.009,
tile_012684,test,ok,13038,0.009,
tile_012685,train,ok,12567,0.008,
tile_012686,train,ok,11100,0.008,
tile_012687,train,ok,11810,0.008,
tile_012688,train,ok,13131,0.007,
tile_012689,train,ok,13067,0.009,
tile_012690,train,ok,11715,0.007,
tile_012691,train,ok,12804,0.009,
tile_012692,train,ok,11097,0.007,
tile_012693,train,ok,11866,0.007,
tile_012694,train,ok,12849,0.009,
tile_012695,train,ok,12825,0.01,
tile_012696,train,ok,13081,0.008,
tile_012697,train,ok,11924,0.008,
tile_012698,train,ok,10414,0.009,
tile_012699,train,ok,11784,0.008,
tile_012700,train,ok,12658,0.007,
tile_012701,train,ok,10479,0.008,
tile_012702,train,ok,9449,0.006,
tile_012703,train,ok,11105,0.007,
tile_012704,train,ok,11904,0.008,
tile_012705,val,ok,11142,0.009,
tile_012706,val,ok,13075,0.01,
tile_012707,train,ok,13056,0.01,
tile_012708,train,ok,11430,0.01,
tile_012709,train,ok,13007,0.009,
tile_012710,train,ok,11226,0.009,
tile_012711,train,ok,10075,0.01,
tile_012712,train,ok,12065,0.009,
tile_012713,val,ok,12866,0.01,
tile_012714,train,ok,12030,0.009,
tile_012715,train,ok,11624,0.01,
tile_012716,val,ok,12795,0.011,
tile_012717,test,ok,12233,0.01,
tile_012718,train,ok,11567,0.01,
tile_012719,train,ok,13112,0.008,
tile_012720,train,ok,12295,0.009,
tile_012721,train,ok,11577,0.009,
tile_012722,train,ok,10606,0.009,
tile_012723,train,ok,12180,0.01,
tile_012724,test,ok,12262,0.009,
tile_012725,test,ok,11612,0.007,
tile_012726,train,ok,12997,0.01,
tile_012727,train,ok,12009,0.011,
tile_012728,train,ok,11812,0.009,
tile_012729,train,ok,11877,0.011,
tile_012730,val,ok,12632,0.01,
tile_012731,train,ok,12497,0.011,
tile_012732,train,ok,12319,0.009,
tile_012733,train,ok,12732,0.009,
tile_012734,train,ok,12986,0.009,
tile_012735,train,ok,12839,0.007,
tile_012736,train,ok,11625,0.009,
tile_012737,train,ok,11587,0.009,
tile_012738,test,ok,12018,0.009,
tile_012739,test,ok,12510,0.009,
tile_012740,test,ok,13072,0.01,
tile_012741,test,ok,12413,0.008,
tile_012742,test,ok,10955,0.008,
tile_012743,test,ok,12545,0.01,
tile_012744,train,ok,12753,0.009,
tile_012745,train,ok,13069,0.01,
tile_012746,train,ok,12688,0.009,
tile_012747,test,ok,12693,0.008,
tile_012748,test,ok,12487,0.008,
tile_012749,test,ok,12068,0.007,
tile_012750,train,ok,11174,0.01,
tile_012751,train,ok,13082,0.008,
tile_012752,test,ok,11266,0.008,
tile_012753,val,ok,10824,0.009,
tile_012754,val,ok,9458,0.009,
tile_012755,train,ok,11269,0.008,
tile_012756,train,ok,11900,0.008,
tile_012757,train,ok,12153,0.009,
tile_012758,train,ok,10826,0.008,
tile_012759,val,ok,11809,0.01,
tile_012760,val,ok,10908,0.01,
tile_012761,val,ok,12361,0.01,
tile_012762,train,ok,13085,0.01,
tile_012763,train,ok,9346,0.01,
tile_012764,train,ok,10548,0.01,
tile_012765,train,ok,11564,0.009,
tile_012766,train,ok,12909,0.009,
tile_012767,train,ok,10717,0.008,
tile_012768,train,ok,12979,0.008,
tile_012769,train,ok,12991,0.01,
tile_012770,train,ok,10082,0.009,
tile_012771,train,ok,12777,0.009,
tile_012772,test,ok,12941,0.01,
tile_012773,test,ok,12840,0.009,
tile_012774,test,ok,12531,0.01,
tile_012775,train,ok,11081,0.01,
tile_012776,train,ok,11308,0.009,
tile_012777,train,ok,12140,0.011,
tile_012778,train,ok,12640,0.008,
tile_012779,train,ok,10250,0.009,
tile_012780,train,ok,11459,0.01,
tile_012781,train,ok,10830,0.011,
tile_012782,train,ok,11820,0.009,
tile_012783,train,ok,12833,0.01,
tile_012784,test,ok,12679,0.009,
tile_012785,test,ok,13105,0.009,
tile_012786,train,ok,10237,0.01,
tile_012787,train,ok,11475,0.01,
tile_012788,train,ok,11902,0.008,
tile_012789,train,ok,11694,0.01,
tile_012790,val,ok,10354,0.01,
tile_012791,val,ok,12360,0.009,
tile_012792,train,ok,12264,0.01,
tile_012793,train,ok,11652,0.008,
tile_012794,train,ok,12595,0.009,
tile_012795,train,ok,12618,0.009,
tile_012796,train,ok,10509,0.008,
tile_012797,train,ok,12495,0.009,
tile_012798,train,ok,11870,0.011,
tile_012799,train,ok,11583,0.009,
tile_012800,train,ok,11599,0.01,
tile_012801,train,ok,11772,0.011,
tile_012802,test,ok,12271,0.009,
tile_012803,test,ok,12591,0.01,
tile_012804,test,ok,11995,0.011,
tile_012805,test,ok,11785,0.01,
tile_012806,test,ok,13082,0.01,
tile_012807,train,ok,13026,0.01,
tile_012808,train,ok,12898,0.01,
tile_012809,train,ok,12097,0.01,
tile_012810,test,ok,13118,0.008,
tile_012811,test,ok,12874,0.008,
tile_012812,test,ok,12771,0.009,
tile_012813,val,ok,12603,0.008,
tile_012814,val,ok,13143,0.008,
tile_012815,train,ok,12455,0.008,
tile_012816,val,ok,11565,0.008,
tile_012817,val,ok,10580,0.008,
tile_012818,val,ok,12439,0.009,
tile_012819,train,ok,11952,0.009,
tile_012820,train,ok,11827,0.008,
tile_012821,train,ok,10496,0.008,
tile_012822,train,ok,11752,0.007,
tile_012823,train,ok,11173,0.008,
tile_012824,val,ok,9327,0.007,
tile_012825,val,ok,11218,0.009,
tile_012826,train,ok,9736,0.008,
tile_012827,train,ok,12496,0.008,
tile_012828,train,ok,10747,0.007,
tile_012829,train,ok,12714,0.012,
tile_012830,train,ok,11463,0.01,
tile_012831,train,ok,8609,0.01,
tile_012832,train,ok,9450,0.012,
tile_012833,train,ok,11852,0.012,
tile_012834,train,ok,12053,0.012,
tile_012835,val,ok,12671,0.011,
tile_012836,train,ok,9747,0.01,
tile_012837,train,ok,11456,0.009,
tile_012838,train,ok,12287,0.01,
tile_012839,train,ok,13163,0.01,
tile_012840,train,ok,11494,0.009,
tile_012841,train,ok,13055,0.01,
tile_012842,train,ok,12276,0.009,
tile_012843,test,ok,12824,0.01,
tile_012844,train,ok,10697,0.01,
tile_012845,train,ok,11669,0.009,
tile_012846,train,ok,12799,0.009,
tile_012847,train,ok,12719,0.01,
tile_012848,train,ok,12196,0.01,
tile_012849,train,ok,12611,0.011,
tile_012850,train,ok,11522,0.009,
tile_012851,train,ok,10904,0.009,
tile_012852,train,ok,13012,0.01,
tile_012853,train,ok,11924,0.011,
tile_012854,test,ok,10738,0.011,
tile_012855,test,ok,12723,0.01,
tile_012856,train,ok,12614,0.009,
tile_012857,train,ok,11513,0.01,
tile_012858,train,ok,12568,0.009,
tile_012859,train,ok,12841,0.01,
tile_012860,train,ok,12313,0.008,
tile_012861,val,ok,11279,0.01,
tile_012862,train,ok,12262,0.01,
tile_012863,train,ok,11033,0.011,
tile_012864,train,ok,9717,0.01,
tile_012865,train,ok,10380,0.011,
tile_012866,train,ok,12282,0.011,
tile_012867,train,ok,12869,0.012,
tile_012868,train,ok,12869,0.011,
tile_012869,train,ok,8851,0.011,
tile_012870,train,ok,8284,0.011,
tile_012871,train,ok,12249,0.01,
tile_012872,train,ok,12956,0.011,
tile_012873,train,ok,12003,0.012,
tile_012874,test,ok,13009,0.012,
tile_012875,train,ok,12951,0.012,
tile_012876,test,ok,12191,0.011,
tile_012877,test,ok,13081,0.011,
tile_012878,val,ok,13145,0.013,
tile_012879,val,ok,12922,0.011,
tile_012880,train,ok,12299,0.013,
tile_012881,train,ok,11616,0.01,
tile_012882,val,ok,10622,0.012,
tile_012883,test,ok,12058,0.012,
tile_012884,val,ok,10830,0.011,
tile_012885,val,ok,9743,0.012,
tile_012886,train,ok,12172,0.012,
tile_012887,train,ok,11019,0.012,
tile_012888,train,ok,10517,0.012,
tile_012889,train,ok,11814,0.01,
tile_012890,train,ok,10920,0.009,
tile_012891,val,ok,12261,0.01,
tile_012892,val,ok,9854,0.009,
tile_012893,val,ok,12126,0.011,
tile_012894,train,ok,9932,0.011,
tile_012895,train,ok,12625,0.01,
tile_012896,train,ok,11135,0.01,
tile_012897,train,ok,10861,0.011,
tile_012898,train,ok,12814,0.011,
tile_012899,train,ok,12430,0.01,
tile_012900,train,ok,11936,0.01,
tile_012901,train,ok,12430,0.01,
tile_012902,train,ok,9478,0.01,
tile_012903,train,ok,10163,0.009,
tile_012904,train,ok,10291,0.01,
tile_012905,train,ok,12810,0.008,
tile_012906,val,ok,12801,0.009,
tile_012907,train,ok,10491,0.009,
tile_012908,train,ok,9506,0.007,
tile_012909,train,ok,11842,0.009,
tile_012910,train,ok,9878,0.007,
tile_012911,train,ok,12161,0.008,
tile_012912,train,ok,12281,0.008,
tile_012913,train,ok,11956,0.009,
tile_012914,test,ok,12667,0.008,
tile_012915,test,ok,13111,0.009,
tile_012916,test,ok,12937,0.008,
tile_012917,train,ok,12864,0.008,
tile_012918,train,ok,12563,0.009,
tile_012919,train,ok,12620,0.009,
tile_012920,train,ok,10468,0.007,
tile_012921,train,ok,10686,0.008,
tile_012922,train,ok,11876,0.009,
tile_012923,train,ok,12411,0.008,
tile_012924,train,ok,12812,0.008,
tile_012925,test,ok,13037,0.007,
tile_012926,test,ok,12668,0.006,
tile_012927,val,ok,10291,0.008,
tile_012928,val,ok,9395,0.007,
tile_012929,train,ok,9841,0.007,
tile_012930,train,ok,12170,0.006,
tile_012931,train,ok,10696,0.008,
tile_012932,train,ok,9572,0.008,
tile_012933,train,ok,10682,0.009,
tile_012934,train,ok,11386,0.01,
tile_012935,train,ok,12515,0.009,
tile_012936,train,ok,9984,0.009,
tile_012937,train,ok,12863,0.01,
tile_012938,train,ok,12680,0.008,
tile_012939,val,ok,12148,0.007,
tile_012940,train,ok,11021,0.008,
tile_012941,train,ok,7825,0.008,
tile_012942,train,ok,11378,0.008,
tile_012943,train,ok,10427,0.009,
tile_012944,train,ok,10676,0.008,
tile_012945,test,ok,10630,0.009,
tile_012946,test,ok,12344,0.01,
tile_012947,test,ok,11144,0.01,
tile_012948,test,ok,12620,0.012,
tile_012949,test,ok,11850,0.01,
tile_012950,test,ok,12979,0.009,
tile_012951,val,ok,12516,0.009,
tile_012952,train,ok,11348,0.009,
tile_012953,train,ok,11190,0.009,
tile_012954,train,ok,10331,0.008,
tile_012955,val,ok,11787,0.008,
tile_012956,test,ok,11810,0.009,
tile_012957,val,ok,10894,0.01,
tile_012958,val,ok,12384,0.01,
tile_012959,train,ok,12641,0.01,
tile_012960,train,ok,12342,0.009,
tile_012961,train,ok,11045,0.008,
tile_012962,val,ok,12889,0.009,
tile_012963,val,ok,10539,0.01,
tile_012964,train,ok,12909,0.008,
tile_012965,train,ok,12659,0.013,
tile_012966,train,ok,12322,0.012,
tile_012967,train,ok,11723,0.012,
tile_012968,train,ok,12450,0.012,
tile_012969,train,ok,12396,0.01,
tile_012970,train,ok,10809,0.01,
tile_012971,train,ok,11985,0.009,
tile_012972,train,ok,11762,0.01,
tile_012973,train,ok,12015,0.009,
tile_012974,train,ok,12720,0.009,
tile_012975,val,ok,12780,0.009,
tile_012976,train,ok,12932,0.009,
tile_012977,train,ok,12308,0.009,
tile_012978,train,ok,12528,0.009,
tile_012979,train,ok,11055,0.008,
tile_012980,train,ok,11591,0.009,
tile_012981,train,ok,12170,0.008,
tile_012982,test,ok,12131,0.009,
tile_012983,test,ok,12180,0.009,
tile_012984,train,ok,11336,0.008,
tile_012985,train,ok,10933,0.01,
tile_012986,train,ok,11612,0.013,
tile_012987,train,ok,12577,0.011,
tile_012988,train,ok,11598,0.012,
tile_012989,train,ok,12042,0.009,
tile_012990,train,ok,10378,0.009,
tile_012991,train,ok,11002,0.01,
tile_012992,train,ok,13045,0.008,
tile_012993,train,ok,12633,0.01,
tile_012994,val,ok,10679,0.008,
tile_012995,val,ok,11943,0.01,
tile_012996,val,ok,12270,0.01,
tile_012997,val,ok,11088,0.008,
tile_012998,train,ok,10815,0.01,
tile_012999,train,ok,13056,0.01,
tile_013000,train,ok,9291,0.01,
tile_013001,train,ok,9917,0.009,
tile_013002,train,ok,12983,0.009,
tile_013003,val,ok,12980,0.01,
tile_013004,val,ok,9845,0.011,
tile_013005,train,ok,11134,0.009,
tile_013006,train,ok,13018,0.01,
tile_013007,train,ok,12823,0.011,
tile_013008,train,ok,10369,0.01,
tile_013009,train,ok,10404,0.01,
tile_013010,train,ok,10258,0.011,
tile_013011,train,ok,12047,0.009,
tile_013012,train,ok,11390,0.01,
tile_013013,train,ok,12101,0.01,
tile_013014,train,ok,12988,0.011,
tile_013015,train,ok,12182,0.01,
tile_013016,train,ok,9830,0.011,
tile_013017,train,ok,11100,0.01,
tile_013018,train,ok,13104,0.01,
tile_013019,train,ok,11682,0.01,
tile_013020,train,ok,10789,0.01,
tile_013021,train,ok,10470,0.011,
tile_013022,train,ok,13029,0.009,
tile_013023,train,ok,10588,0.009,
tile_013024,train,ok,11569,0.01,
tile_013025,train,ok,11414,0.009,
tile_013026,train,ok,10132,0.009,
tile_013027,val,ok,12319,0.008,
tile_013028,val,ok,13086,0.009,
tile_013029,train,ok,9239,0.009,
tile_013030,train,ok,8727,0.01,
tile_013031,train,ok,8927,0.008,
tile_013032,train,ok,10733,0.008,
tile_013033,val,ok,11163,0.009,
tile_013034,val,ok,12569,0.009,
tile_013035,val,ok,11239,0.009,
tile_013036,train,ok,7939,0.009,
tile_013037,train,ok,11241,0.008,
tile_013038,test,ok,12037,0.01,
tile_013039,test,ok,10588,0.009,
tile_013040,test,ok,8253,0.009,
tile_013041,test,ok,11829,0.009,
tile_013042,train,ok,12181,0.008,
tile_013043,train,ok,11470,0.008,
tile_013044,train,ok,12137,0.008,
tile_013045,train,ok,12892,0.008,
tile_013046,train,ok,12789,0.009,
tile_013047,test,ok,12392,0.006,
tile_013048,test,ok,12660,0.007,
tile_013049,train,ok,10743,0.009,
tile_013050,train,ok,11390,0.009,
tile_013051,train,ok,13037,0.009,
tile_013052,val,ok,12393,0.009,
tile_013053,val,ok,10580,0.008,
tile_013054,val,ok,12322,0.008,
tile_013055,val,ok,11169,0.009,
tile_013056,train,ok,12488,0.008,
tile_013057,train,ok,12423,0.006,
tile_013058,train,ok,12117,0.007,
tile_013059,train,ok,12899,0.007,
tile_013060,train,ok,11953,0.009,
tile_013061,val,ok,12484,0.009,
tile_013062,train,ok,12332,0.009,
tile_013063,train,ok,10331,0.007,
tile_013064,train,ok,11904,0.008,
tile_013065,val,ok,11348,0.007,
tile_013066,val,ok,10167,0.008,
tile_013067,val,ok,9345,0.007,
tile_013068,train,ok,10420,0.007,
tile_013069,train,ok,12350,0.008,
tile_013070,train,ok,10699,0.009,
tile_013071,train,ok,9968,0.008,
tile_013072,train,ok,12872,0.01,
tile_013073,val,ok,12057,0.008,
tile_013074,val,ok,12930,0.012,
tile_013075,val,ok,11451,0.012,
tile_013076,train,ok,12196,0.014,
tile_013077,train,ok,10901,0.012,
tile_013078,train,ok,9388,0.012,
tile_013079,train,ok,12485,0.012,
tile_013080,train,ok,12182,0.012,
tile_013081,train,ok,11570,0.011,
tile_013082,train,ok,12202,0.011,
tile_013083,train,ok,11700,0.012,
tile_013084,train,ok,11624,0.012,
tile_013085,train,ok,12400,0.011,
tile_013086,train,ok,11633,0.011,
tile_013087,train,ok,11382,0.011,
tile_013088,train,ok,9268,0.012,
tile_013089,train,ok,9656,0.012,
tile_013090,train,ok,10797,0.011,
tile_013091,train,ok,10402,0.011,
tile_013092,train,ok,11608,0.012,
tile_013093,train,ok,11978,0.012,
tile_013094,train,ok,10146,0.012,
tile_013095,train,ok,12224,0.011,
tile_013096,train,ok,9387,0.01,
tile_013097,train,ok,12907,0.009,
tile_013098,train,ok,11734,0.009,
tile_013099,val,ok,12351,0.01,
tile_013100,val,ok,11234,0.01,
tile_013101,train,ok,11277,0.009,
tile_013102,train,ok,10774,0.009,
tile_013103,train,ok,9087,0.009,
tile_013104,train,ok,10076,0.01,
tile_013105,val,ok,9478,0.011,
tile_013106,val,ok,10188,0.009,
tile_013107,val,ok,11963,0.01,
tile_013108,val,ok,11686,0.01,
tile_013109,train,ok,11579,0.01,
tile_013110,test,ok,9798,0.011,
tile_013111,train,ok,11500,0.01,
tile_013112,train,ok,12388,0.008,
tile_013113,train,ok,12847,0.008,
tile_013114,train,ok,12303,0.008,
tile_013115,train,ok,12987,0.009,
tile_013116,train,ok,12082,0.007,
tile_013117,train,ok,12947,0.008,
tile_013118,train,ok,12459,0.008,
tile_013119,train,ok,12324,0.009,
tile_013120,train,ok,12977,0.008,
tile_013121,val,ok,12913,0.011,
tile_013122,val,ok,12420,0.01,
tile_013123,val,ok,10974,0.009,
tile_013124,val,ok,13116,0.009,
tile_013125,train,ok,13035,0.008,
tile_013126,train,ok,11809,0.01,
tile_013127,train,ok,12599,0.01,
tile_013128,train,ok,11204,0.009,
tile_013129,train,ok,12824,0.009,
tile_013130,train,ok,12670,0.009,
tile_013131,train,ok,12519,0.009,
tile_013132,train,ok,12297,0.009,
tile_013133,train,ok,12320,0.009,
tile_013134,val,ok,11622,0.009,
tile_013135,val,ok,9522,0.009,
tile_013136,val,ok,11310,0.008,
tile_013137,val,ok,12227,0.009,
tile_013138,train,ok,12204,0.007,
tile_013139,train,ok,12659,0.008,
tile_013140,train,ok,11945,0.007,
tile_013141,train,ok,9599,0.009,
tile_013142,train,ok,9434,0.008,
tile_013143,train,ok,12957,0.008,
tile_013144,train,ok,10530,0.009,
tile_013145,test,ok,11659,0.009,
tile_013146,train,ok,11110,0.008,
tile_013147,val,ok,11606,0.014,
tile_013148,train,ok,11670,0.009,
tile_013149,train,ok,11546,0.015,
tile_013150,train,ok,12627,0.009,
tile_013151,train,ok,13060,0.008,
tile_013152,train,ok,12732,0.008,
tile_013153,train,ok,9301,0.007,
tile_013154,train,ok,8788,0.01,
tile_013155,train,ok,9386,0.009,
tile_013156,train,ok,9870,0.008,
tile_013157,train,ok,9594,0.008,
tile_013158,train,ok,10042,0.008,
tile_013159,train,ok,10332,0.006,
tile_013160,train,ok,10741,0.009,
tile_013161,train,ok,9775,0.007,
tile_013162,train,ok,9525,0.008,
tile_013163,train,ok,12308,0.006,
tile_013164,train,ok,10182,0.008,
tile_013165,train,ok,10311,0.008,
tile_013166,train,ok,10456,0.011,
tile_013167,train,ok,11771,0.008,
tile_013168,val,ok,12713,0.006,
tile_013169,train,ok,12588,0.013,
tile_013170,train,ok,10982,0.007,
tile_013171,train,ok,12407,0.008,
tile_013172,train,ok,9242,0.008,
tile_013173,val,ok,11409,0.007,
tile_013174,val,ok,12894,0.007,
tile_013175,val,ok,10629,0.007,
tile_013176,val,ok,9753,0.006,
tile_013177,train,ok,9791,0.006,
tile_013178,train,ok,12111,0.006,
tile_013179,train,ok,11094,0.006,
tile_013180,train,ok,12543,0.006,
tile_013181,train,ok,10761,0.006,
tile_013182,train,ok,10958,0.006,
tile_013183,train,ok,10316,0.006,
tile_013184,train,ok,11885,0.006,
tile_013185,train,ok,11543,0.006,
tile_013186,test,ok,10693,0.006,
tile_013187,test,ok,13051,0.006,
tile_013188,train,ok,12150,0.007,
tile_013189,train,ok,12933,0.007,
tile_013190,val,ok,11987,0.007,
tile_013191,val,ok,12535,0.008,
tile_013192,val,ok,10551,0.007,
tile_013193,val,ok,10461,0.008,
tile_013194,train,ok,10696,0.007,
tile_013195,train,ok,11315,0.009,
tile_013196,train,ok,12400,0.01,
tile_013197,train,ok,10889,0.009,
tile_013198,train,ok,11737,0.009,
tile_013199,train,ok,12913,0.009,
tile_013200,train,ok,12821,0.008,
tile_013201,val,ok,9687,0.008,
tile_013202,train,ok,10360,0.007,
tile_013203,train,ok,9730,0.008,
tile_013204,train,ok,12595,0.008,
tile_013205,train,ok,12065,0.009,
tile_013206,val,ok,8909,0.008,
tile_013207,val,ok,10709,0.009,
tile_013208,val,ok,10559,0.009,
tile_013209,val,ok,12915,0.008,
tile_013210,train,ok,12210,0.008,
tile_013211,train,ok,12599,0.009,
tile_013212,train,ok,11090,0.008,
tile_013213,train,ok,12066,0.007,
tile_013214,train,ok,11176,0.008,
tile_013215,test,ok,12916,0.008,
tile_013216,train,ok,11472,0.007,
tile_013217,val,ok,12549,0.008,
tile_013218,val,ok,11171,0.009,
tile_013219,train,ok,13101,0.009,
tile_013220,train,ok,12211,0.009,
tile_013221,train,ok,12613,0.008,
tile_013222,train,ok,11559,0.007,
tile_013223,train,ok,12029,0.008,
tile_013224,train,ok,11236,0.007,
tile_013225,train,ok,12105,0.009,
tile_013226,train,ok,12254,0.008,
tile_013227,train,ok,11770,0.007,
tile_013228,train,ok,11461,0.009,
tile_013229,train,ok,13005,0.007,
tile_013230,train,ok,12329,0.008,
tile_013231,train,ok,9455,0.007,
tile_013232,train,ok,9681,0.007,
tile_013233,train,ok,11695,0.007,
tile_013234,val,ok,11312,0.006,
tile_013235,val,ok,13161,0.006,
tile_013236,train,ok,11419,0.007,
tile_013237,train,ok,11780,0.008,
tile_013238,train,ok,11285,0.007,
tile_013239,val,ok,11793,0.007,
tile_013240,val,ok,10133,0.006,
tile_013241,val,ok,9631,0.006,
tile_013242,val,ok,12609,0.007,
tile_013243,train,ok,10554,0.007,
tile_013244,train,ok,11313,0.006,
tile_013245,train,ok,12137,0.007,
tile_013246,train,ok,12254,0.007,
tile_013247,train,ok,12337,0.008,
tile_013248,train,ok,12241,0.008,
tile_013249,train,ok,10197,0.009,
tile_013250,train,ok,10193,0.008,
tile_013251,val,ok,10908,0.01,
tile_013252,train,ok,12252,0.009,
tile_013253,train,ok,11161,0.008,
tile_013254,train,ok,10632,0.009,
tile_013255,test,ok,9520,0.007,
tile_013256,test,ok,10959,0.008,
tile_013257,test,ok,11447,0.007,
tile_013258,train,ok,12723,0.008,
tile_013259,train,ok,11379,0.007,
tile_013260,train,ok,11086,0.007,
tile_013261,train,ok,12758,0.009,
tile_013262,val,ok,9920,0.007,
tile_013263,val,ok,10327,0.009,
tile_013264,train,ok,11965,0.007,
tile_013265,train,ok,9970,0.009,
tile_013266,train,ok,11797,0.009,
tile_013267,train,ok,11505,0.008,
tile_013268,train,ok,12000,0.008,
tile_013269,train,ok,11653,0.007,
tile_013270,train,ok,12172,0.007,
tile_013271,train,ok,12525,0.008,
tile_013272,train,ok,12413,0.007,
tile_013273,val,ok,12360,0.007,
tile_013274,train,ok,9596,0.007,
tile_013275,val,ok,11924,0.007,
tile_013276,val,ok,13113,0.007,
tile_013277,train,ok,11827,0.006,
tile_013278,train,ok,13017,0.006,
tile_013279,train,ok,12383,0.007,
tile_013280,train,ok,10331,0.006,
tile_013281,train,ok,12311,0.007,
tile_013282,val,ok,11585,0.006,
tile_013283,val,ok,12854,0.007,
tile_013284,train,ok,13087,0.007,
tile_013285,train,ok,12101,0.007,
tile_013286,train,ok,9501,0.008,
tile_013287,val,ok,12426,0.005,
tile_013288,val,ok,10707,0.005,
tile_013289,train,ok,11459,0.006,
tile_013290,train,ok,10738,0.006,
tile_013291,train,ok,11690,0.006,
tile_013292,train,ok,10753,0.007,
tile_013293,train,ok,9581,0.007,
tile_013294,val,ok,11305,0.006,
tile_013295,val,ok,12344,0.006,
tile_013296,train,ok,8978,0.006,
tile_013297,train,ok,10191,0.006,
tile_013298,train,ok,11421,0.008,
tile_013299,train,ok,12626,0.008,
tile_013300,train,ok,12317,0.006,
tile_013301,train,ok,9907,0.006,
tile_013302,train,ok,13075,0.006,
tile_013303,test,ok,13113,0.007,
tile_013304,test,ok,10645,0.006,
tile_013305,test,ok,13010,0.007,
tile_013306,train,ok,9886,0.007,
tile_013307,train,ok,11148,0.006,
tile_013308,train,ok,10759,0.006,
tile_013309,train,ok,12696,0.006,
tile_013310,train,ok,11815,0.008,
tile_013311,train,ok,10890,0.007,
tile_013312,train,ok,12724,0.007,
tile_013313,train,ok,9648,0.006,
tile_013314,train,ok,11830,0.007,
tile_013315,train,ok,11483,0.007,
tile_013316,train,ok,11286,0.006,
tile_013317,train,ok,12267,0.006,
tile_013318,train,ok,12118,0.009,
tile_013319,test,ok,12712,0.008,
tile_013320,train,ok,13112,0.008,
tile_013321,train,ok,11787,0.008,
tile_013322,train,ok,11589,0.009,
tile_013323,train,ok,10793,0.01,
tile_013324,test,ok,11331,0.01,
tile_013325,test,ok,12412,0.01,
tile_013326,train,ok,13031,0.012,
tile_013327,val,ok,11194,0.012,
tile_013328,val,ok,11986,0.011,
tile_013329,train,ok,12933,0.009,
tile_013330,train,ok,12711,0.011,
tile_013331,train,ok,13122,0.013,
tile_013332,train,ok,8164,0.012,
tile_013333,train,ok,13001,0.011,
tile_013334,val,ok,13036,0.01,
tile_013335,val,ok,10992,0.01,
tile_013336,train,ok,10600,0.01,
tile_013337,train,ok,10185,0.01,
tile_013338,train,ok,12063,0.01,
tile_013339,train,ok,13025,0.009,
tile_013340,train,ok,12707,0.011,
tile_013341,train,ok,10529,0.009,
tile_013342,train,ok,12458,0.01,
tile_013343,val,ok,11878,0.008,
tile_013344,val,ok,12358,0.009,
tile_013345,train,ok,12765,0.009,
tile_013346,train,ok,11869,0.01,
tile_013347,train,ok,11705,0.009,
tile_013348,train,ok,13132,0.011,
tile_013349,test,ok,8987,0.009,
tile_013350,test,ok,10662,0.009,
tile_013351,train,ok,11462,0.009,
tile_013352,train,ok,12405,0.009,
tile_013353,train,ok,10438,0.008,
tile_013354,train,ok,11314,0.007,
tile_013355,train,ok,11912,0.008,
tile_013356,train,ok,11554,0.007,
tile_013357,train,ok,12033,0.008,
tile_013358,train,ok,12446,0.008,
tile_013359,train,ok,10581,0.008,
tile_013360,train,ok,12677,0.008,
tile_013361,train,ok,12321,0.008,
tile_013362,train,ok,11953,0.007,
tile_013363,train,ok,11861,0.007,
tile_013364,train,ok,12597,0.007,
tile_013365,train,ok,11885,0.007,
tile_013366,train,ok,12023,0.008,
tile_013367,train,ok,10584,0.007,
tile_013368,train,ok,12812,0.007,
tile_013369,train,ok,11063,0.007,
tile_013370,train,ok,12999,0.008,
tile_013371,train,ok,12930,0.007,
tile_013372,train,ok,12687,0.008,
tile_013373,train,ok,10644,0.008,
tile_013374,train,ok,12520,0.007,
tile_013375,train,ok,10563,0.009,
tile_013376,train,ok,10357,0.01,
tile_013377,test,ok,8945,0.009,
tile_013378,test,ok,12725,0.009,
tile_013379,test,ok,12921,0.008,
tile_013380,train,ok,12381,0.01,
tile_013381,val,ok,12634,0.008,
tile_013382,val,ok,10711,0.008,
tile_013383,train,ok,11437,0.007,
tile_013384,train,ok,11891,0.007,
tile_013385,train,ok,12975,0.009,
tile_013386,train,ok,12364,0.008,
tile_013387,train,ok,12719,0.007,
tile_013388,train,ok,12809,0.01,
tile_013389,train,ok,12511,0.008,
tile_013390,train,ok,11408,0.008,
tile_013391,train,ok,12145,0.01,
tile_013392,val,ok,12020,0.01,
tile_013393,val,ok,12375,0.009,
tile_013394,train,ok,11770,0.01,
tile_013395,train,ok,11161,0.009,
tile_013396,train,ok,11152,0.007,
tile_013397,train,ok,11371,0.008,
tile_013398,train,ok,11019,0.009,
tile_013399,train,ok,12586,0.007,
tile_013400,val,ok,11367,0.009,
tile_013401,val,ok,10859,0.008,
tile_013402,val,ok,11027,0.008,
tile_013403,val,ok,12413,0.008,
tile_013404,train,ok,10838,0.011,
tile_013405,train,ok,12711,0.01,
tile_013406,train,ok,12653,0.009,
tile_013407,train,ok,10754,0.009,
tile_013408,train,ok,11689,0.008,
tile_013409,train,ok,13013,0.01,
tile_013410,train,ok,9501,0.007,
tile_013411,train,ok,10525,0.008,
tile_013412,test,ok,12689,0.007,
tile_013413,test,ok,11692,0.008,
tile_013414,train,ok,11001,0.008,
tile_013415,train,ok,12843,0.009,
tile_013416,train,ok,11058,0.008,
tile_013417,train,ok,13021,0.007,
tile_013418,train,ok,12817,0.008,
tile_013419,train,ok,11425,0.009,
tile_013420,train,ok,12467,0.008,
tile_013421,train,ok,10582,0.007,
tile_013422,train,ok,12579,0.009,
tile_013423,train,ok,12037,0.008,
tile_013424,train,ok,11749,0.008,
tile_013425,train,ok,12920,0.009,
tile_013426,train,ok,11110,0.008,
tile_013427,train,ok,12360,0.009,
tile_013428,train,ok,12803,0.01,
tile_013429,train,ok,12934,0.01,
tile_013430,train,ok,12877,0.009,
tile_013431,train,ok,12012,0.009,
tile_013432,train,ok,11722,0.008,
tile_013433,train,ok,11480,0.01,
tile_013434,train,ok,11886,0.009,
tile_013435,train,ok,11200,0.01,
tile_013436,train,ok,11313,0.009,
tile_013437,test,ok,12195,0.011,
tile_013438,train,ok,10636,0.009,
tile_013439,train,ok,12853,0.011,
tile_013440,train,ok,11403,0.011,
tile_013441,train,ok,12217,0.011,
tile_013442,test,ok,10506,0.011,
tile_013443,test,ok,12615,0.009,
tile_013444,train,ok,11930,0.009,
tile_013445,train,ok,13074,0.009,
tile_013446,train,ok,12848,0.009,
tile_013447,train,ok,11472,0.009,
tile_013448,train,ok,12278,0.01,
tile_013449,train,ok,13016,0.009,
tile_013450,val,ok,11881,0.009,
tile_013451,val,ok,11073,0.008,
tile_013452,val,ok,12394,0.008,
tile_013453,train,ok,12041,0.011,
tile_013454,train,ok,11944,0.011,
tile_013455,train,ok,12917,0.01,
tile_013456,train,ok,10848,0.012,
tile_013457,train,ok,10454,0.011,
tile_013458,val,ok,10401,0.01,
tile_013459,val,ok,10248,0.01,
tile_013460,val,ok,11495,0.01,
tile_013461,val,ok,12918,0.009,
tile_013462,train,ok,12769,0.009,
tile_013463,train,ok,10207,0.01,
tile_013464,train,ok,12701,0.008,
tile_013465,train,ok,8998,0.008,
tile_013466,train,ok,11275,0.008,
tile_013467,train,ok,11364,0.009,
tile_013468,train,ok,11300,0.01,
tile_013469,train,ok,10791,0.009,
tile_013470,train,ok,12801,0.01,
tile_013471,train,ok,11728,0.008,
tile_013472,train,ok,12024,0.009,
tile_013473,train,ok,12282,0.009,
tile_013474,train,ok,10927,0.008,
tile_013475,train,ok,11308,0.009,
tile_013476,train,ok,10757,0.009,
tile_013477,train,ok,11170,0.008,
tile_013478,train,ok,11337,0.009,
tile_013479,train,ok,12886,0.008,
tile_013480,train,ok,11925,0.009,
tile_013481,train,ok,12146,0.008,
tile_013482,train,ok,11675,0.009,
tile_013483,train,ok,11278,0.007,
tile_013484,train,ok,11804,0.007,
tile_013485,train,ok,12141,0.008,
tile_013486,train,ok,12775,0.007,
tile_013487,train,ok,12667,0.007,
tile_013488,train,ok,10567,0.007,
tile_013489,train,ok,11911,0.008,
tile_013490,train,ok,11301,0.006,
tile_013491,train,ok,10441,0.006,
tile_013492,train,ok,12401,0.007,
tile_013493,train,ok,11958,0.009,
tile_013494,train,ok,12279,0.007,
tile_013495,train,ok,11085,0.008,
tile_013496,train,ok,9816,0.007,
tile_013497,train,ok,12320,0.008,
tile_013498,train,ok,11813,0.009,
tile_013499,val,ok,12753,0.008,
tile_013500,val,ok,12665,0.007,
tile_013501,train,ok,11443,0.007,
tile_013502,train,ok,5451,0.007,
tile_013503,train,ok,12548,0.008,
tile_013504,train,ok,12784,0.006,
tile_013505,train,ok,11912,0.007,
tile_013506,train,ok,10323,0.007,
tile_013507,train,ok,13014,0.007,
tile_013508,train,ok,11405,0.007,
tile_013509,train,ok,11124,0.008,
tile_013510,train,ok,12091,0.006,
tile_013511,train,ok,13118,0.007,
tile_013512,train,ok,11310,0.006,
tile_013513,train,ok,13083,0.007,
tile_013514,train,ok,12625,0.007,
tile_013515,train,ok,9220,0.006,
tile_013516,train,ok,11428,0.008,
tile_013517,train,ok,9848,0.008,
tile_013518,val,ok,13066,0.007,
tile_013519,val,ok,11522,0.007,
tile_013520,test,ok,12516,0.007,
tile_013521,train,ok,11386,0.008,
tile_013522,train,ok,11907,0.008,
tile_013523,train,ok,11778,0.008,
tile_013524,train,ok,12718,0.008,
tile_013525,train,ok,11374,0.009,
tile_013526,train,ok,11298,0.008,
tile_013527,train,ok,11059,0.008,
tile_013528,train,ok,12605,0.009,
tile_013529,train,ok,13028,0.007,
tile_013530,train,ok,12983,0.007,
tile_013531,train,ok,12646,0.006,
tile_013532,train,ok,12403,0.007,
tile_013533,train,ok,11469,0.008,
tile_013534,train,ok,10293,0.008,
tile_013535,train,ok,11367,0.007,
tile_013536,train,ok,10910,0.007,
tile_013537,train,ok,12915,0.009,
tile_013538,train,ok,12720,0.008,
tile_013539,train,ok,12273,0.008,
tile_013540,train,ok,11985,0.008,
tile_013541,train,ok,11549,0.008,
tile_013542,train,ok,9713,0.008,
tile_013543,train,ok,12130,0.009,
tile_013544,train,ok,10735,0.008,
tile_013545,train,ok,9586,0.008,
tile_013546,train,ok,11356,0.009,
tile_013547,train,ok,10844,0.009,
tile_013548,train,ok,11012,0.009,
tile_013549,train,ok,10950,0.011,
tile_013550,train,ok,11281,0.011,
tile_013551,train,ok,11300,0.01,
tile_013552,train,ok,9439,0.01,
tile_013553,test,ok,9648,0.01,
tile_013554,test,ok,10712,0.009,
tile_013555,test,ok,11586,0.01,
tile_013556,val,ok,11983,0.01,
tile_013557,val,ok,10724,0.016,
tile_013558,val,ok,10137,0.017,
tile_013559,train,ok,12422,0.016,
tile_013560,train,ok,12998,0.016,
tile_013561,train,ok,12440,0.009,
tile_013562,train,ok,12037,0.01,
tile_013563,train,ok,12669,0.008,
tile_013564,train,ok,12893,0.085,
tile_013565,train,ok,10997,0.078,
tile_013566,train,ok,11375,0.077,
tile_013567,val,ok,13065,0.076,
tile_013568,val,ok,10719,0.006,
tile_013569,val,ok,12993,0.006,
tile_013570,val,ok,11389,0.006,
tile_013571,train,ok,11487,0.006,
tile_013572,train,ok,12864,0.006,
tile_013573,train,ok,11253,0.006,
tile_013574,train,ok,12463,0.006,
tile_013575,train,ok,12800,0.007,
tile_013576,train,ok,12840,0.006,
tile_013577,train,ok,12608,0.006,
tile_013578,train,ok,11455,0.007,
tile_013579,train,ok,12665,0.006,
tile_013580,train,ok,12876,0.007,
tile_013581,train,ok,12507,0.007,
tile_013582,train,ok,12808,0.007,
tile_013583,train,ok,11604,0.007,
tile_013584,train,ok,12690,0.007,
tile_013585,train,ok,10819,0.006,
tile_013586,train,ok,12944,0.007,
tile_013587,train,ok,10775,0.006,
tile_013588,train,ok,12695,0.007,
tile_013589,test,ok,11131,0.006,
tile_013590,test,ok,11693,0.006,
tile_013591,test,ok,10606,0.007,
tile_013592,train,ok,11424,0.007,
tile_013593,train,ok,12233,0.006,
tile_013594,val,ok,12744,0.006,
tile_013595,val,ok,12337,0.006,
tile_013596,test,ok,12419,0.008,
tile_013597,test,ok,12760,0.006,
tile_013598,train,ok,12368,0.007,
tile_013599,train,ok,10904,0.006,
tile_013600,train,ok,9755,0.007,
tile_013601,train,ok,10382,0.007,
tile_013602,train,ok,9843,0.008,
tile_013603,train,ok,10380,0.007,
tile_013604,train,ok,12673,0.007,
tile_013605,train,ok,12472,0.008,
tile_013606,train,ok,10889,0.008,
tile_013607,train,ok,9814,0.007,
tile_013608,train,ok,11093,0.008,
tile_013609,train,ok,12196,0.008,
tile_013610,train,ok,10567,0.008,
tile_013611,train,ok,13066,0.008,
tile_013612,train,ok,11262,0.008,
tile_013613,train,ok,11504,0.007,
tile_013614,train,ok,11912,0.007,
tile_013615,train,ok,12728,0.007,
tile_013616,train,ok,11991,0.007,
tile_013617,train,ok,12920,0.008,
tile_013618,train,ok,12838,0.008,
tile_013619,train,ok,12660,0.006,
tile_013620,train,ok,12838,0.008,
tile_013621,train,ok,10882,0.009,
tile_013622,train,ok,11381,0.009,
tile_013623,train,ok,12679,0.008,
tile_013624,train,ok,11769,0.007,
tile_013625,train,ok,11617,0.007,
tile_013626,train,ok,10144,0.007,
tile_013627,train,ok,11192,0.008,
tile_013628,train,ok,11208,0.007,
tile_013629,train,ok,12181,0.008,
tile_013630,train,ok,10993,0.006,
tile_013631,test,ok,12081,0.008,
tile_013632,test,ok,11988,0.008,
tile_013633,test,ok,11002,0.008,
tile_013634,test,ok,10671,0.007,
tile_013635,train,ok,12473,0.008,
tile_013636,train,ok,11714,0.006,
tile_013637,train,ok,10700,0.006,
tile_013638,train,ok,11015,0.006,
tile_013639,val,ok,11661,0.006,
tile_013640,val,ok,11785,0.007,
tile_013641,val,ok,11830,0.006,
tile_013642,val,ok,12212,0.007,
tile_013643,train,ok,11721,0.007,
tile_013644,train,ok,11795,0.006,
tile_013645,train,ok,9657,0.008,
tile_013646,train,ok,13052,0.008,
tile_013647,train,ok,12142,0.007,
tile_013648,train,ok,12180,0.008,
tile_013649,val,ok,12364,0.008,
tile_013650,val,ok,12348,0.008,
tile_013651,val,ok,11904,0.008,
tile_013652,train,ok,12335,0.006,
tile_013653,train,ok,11747,0.007,
tile_013654,train,ok,12362,0.006,
tile_013655,train,ok,12170,0.007,
tile_013656,test,ok,12887,0.007,
tile_013657,test,ok,12604,0.007,
tile_013658,train,ok,10483,0.008,
tile_013659,train,ok,10732,0.008,
tile_013660,train,ok,12116,0.008,
tile_013661,train,ok,11323,0.008,
tile_013662,train,ok,12520,0.008,
tile_013663,train,ok,12541,0.008,
tile_013664,train,ok,12900,0.007,
tile_013665,train,ok,12955,0.008,
tile_013666,train,ok,11538,0.008,
tile_013667,train,ok,11715,0.009,
tile_013668,val,ok,12667,0.008,
tile_013669,train,ok,12521,0.008,
tile_013670,test,ok,12981,0.008,
tile_013671,train,ok,13042,0.007,
tile_013672,train,ok,11781,0.007,
tile_013673,train,ok,12323,0.009,
tile_013674,train,ok,11003,0.007,
tile_013675,train,ok,10744,0.007,
tile_013676,train,ok,12042,0.008,
tile_013677,train,ok,11667,0.009,
tile_013678,test,ok,11902,0.008,
tile_013679,test,ok,9143,0.009,
tile_013680,test,ok,11612,0.009,
tile_013681,train,ok,10850,0.01,
tile_013682,train,ok,10471,0.01,
tile_013683,train,ok,11806,0.009,
tile_013684,val,ok,12118,0.008,
tile_013685,val,ok,12054,0.009,
tile_013686,test,ok,10198,0.009,
tile_013687,test,ok,12813,0.01,
tile_013688,train,ok,11825,0.01,
tile_013689,train,ok,10778,0.007,
tile_013690,train,ok,12737,0.009,
tile_013691,train,ok,12588,0.007,
tile_013692,train,ok,9522,0.009,
tile_013693,train,ok,10168,0.008,
tile_013694,train,ok,12600,0.008,
tile_013695,train,ok,12841,0.008,
tile_013696,train,ok,11144,0.008,
tile_013697,train,ok,11255,0.008,
tile_013698,train,ok,13013,0.006,
tile_013699,train,ok,12885,0.009,
tile_013700,train,ok,13021,0.009,
tile_013701,train,ok,12278,0.01,
tile_013702,train,ok,12902,0.008,
tile_013703,train,ok,11860,0.009,
tile_013704,train,ok,11534,0.008,
tile_013705,train,ok,11881,0.008,
tile_013706,train,ok,10117,0.008,
tile_013707,train,ok,11531,0.008,
tile_013708,train,ok,12625,0.008,
tile_013709,train,ok,12480,0.008,
tile_013710,train,ok,11223,0.008,
tile_013711,train,ok,12015,0.008,
tile_013712,train,ok,12823,0.009,
tile_013713,train,ok,12390,0.009,
tile_013714,train,ok,12719,0.009,
tile_013715,train,ok,11019,0.011,
tile_013716,test,ok,11482,0.009,
tile_013717,train,ok,10762,0.011,
tile_013718,train,ok,12753,0.01,
tile_013719,train,ok,12975,0.011,
tile_013720,train,ok,12726,0.009,
tile_013721,train,ok,12648,0.009,
tile_013722,train,ok,10133,0.01,
tile_013723,train,ok,11717,0.007,
tile_013724,train,ok,12249,0.01,
tile_013725,train,ok,12662,0.009,
tile_013726,train,ok,12697,0.01,
tile_013727,train,ok,12103,0.009,
tile_013728,train,ok,13064,0.008,
tile_013729,train,ok,12486,0.009,
tile_013730,train,ok,12875,0.009,
tile_013731,train,ok,12715,0.008,
tile_013732,train,ok,11089,0.009,
tile_013733,test,ok,9487,0.009,
tile_013734,test,ok,12266,0.009,
tile_013735,test,ok,10765,0.01,
tile_013736,test,ok,12106,0.009,
tile_013737,train,ok,12120,0.007,
tile_013738,train,ok,12724,0.008,
tile_013739,train,ok,13030,0.007,
tile_013740,train,ok,12709,0.007,
tile_013741,val,ok,11049,0.007,
tile_013742,val,ok,11468,0.008,
tile_013743,val,ok,13113,0.007,
tile_013744,train,ok,12808,0.009,
tile_013745,train,ok,12839,0.009,
tile_013746,train,ok,12484,0.008,
tile_013747,train,ok,12190,0.007,
tile_013748,train,ok,11812,0.008,
tile_013749,train,ok,12614,0.007,
tile_013750,train,ok,10992,0.008,
tile_013751,train,ok,10880,0.008,
tile_013752,val,ok,11535,0.009,
tile_013753,val,ok,10614,0.008,
tile_013754,val,ok,11777,0.009,
tile_013755,train,ok,11142,0.008,
tile_013756,train,ok,11155,0.009,
tile_013757,train,ok,9982,0.009,
tile_013758,test,ok,10385,0.011,
tile_013759,train,ok,10901,0.01,
tile_013760,train,ok,12152,0.009,
tile_013761,train,ok,12374,0.009,
tile_013762,train,ok,10437,0.009,
tile_013763,train,ok,11973,0.01,
tile_013764,train,ok,12101,0.011,
tile_013765,train,ok,12705,0.012,
tile_013766,train,ok,12336,0.011,
tile_013767,train,ok,12589,0.011,
tile_013768,train,ok,13053,0.013,
tile_013769,train,ok,12306,0.013,
tile_013770,val,ok,10078,0.011,
tile_013771,train,ok,12955,0.012,
tile_013772,train,ok,13059,0.012,
tile_013773,test,ok,11505,0.011,
tile_013774,test,ok,10577,0.011,
tile_013775,train,ok,7847,0.012,
tile_013776,train,ok,9655,0.01,
tile_013777,val,ok,12915,0.01,
tile_013778,val,ok,12962,0.01,
tile_013779,val,ok,11682,0.01,
tile_013780,train,ok,11739,0.009,
tile_013781,train,ok,11578,0.01,
tile_013782,train,ok,11175,0.01,
tile_013783,train,ok,9518,0.008,
tile_013784,train,ok,12722,0.009,
tile_013785,train,ok,10547,0.009,
tile_013786,train,ok,12115,0.01,
tile_013787,train,ok,11712,0.009,
tile_013788,train,ok,9978,0.01,
tile_013789,train,ok,12890,0.01,
tile_013790,train,ok,12773,0.01,
tile_013791,train,ok,13075,0.01,
tile_013792,train,ok,11370,0.008,
tile_013793,train,ok,12422,0.01,
tile_013794,train,ok,11968,0.009,
tile_013795,train,ok,10638,0.009,
tile_013796,train,ok,12992,0.01,
tile_013797,train,ok,12001,0.01,
tile_013798,train,ok,9940,0.01,
tile_013799,train,ok,12408,0.01,
tile_013800,test,ok,11468,0.01,
tile_013801,train,ok,12055,0.01,
tile_013802,train,ok,12319,0.01,
tile_013803,train,ok,12850,0.011,
tile_013804,train,ok,11891,0.01,
tile_013805,train,ok,12321,0.009,
tile_013806,train,ok,10536,0.01,
tile_013807,train,ok,11240,0.009,
tile_013808,train,ok,11796,0.009,
tile_013809,train,ok,11208,0.009,
tile_013810,train,ok,12793,0.009,
tile_013811,train,ok,9352,0.009,
tile_013812,train,ok,13031,0.009,
tile_013813,train,ok,12248,0.01,
tile_013814,train,ok,12726,0.01,
tile_013815,train,ok,12353,0.01,
tile_013816,train,ok,10417,0.01,
tile_013817,train,ok,10777,0.01,
tile_013818,test,ok,11127,0.009,
tile_013819,test,ok,11476,0.01,
tile_013820,train,ok,11962,0.01,
tile_013821,train,ok,11113,0.01,
tile_013822,train,ok,12172,0.01,
tile_013823,train,ok,11787,0.01,
tile_013824,train,ok,12893,0.01,
tile_013825,val,ok,12509,0.01,
tile_013826,val,ok,12709,0.009,
tile_013827,val,ok,11822,0.009,
tile_013828,train,ok,12614,0.009,
tile_013829,train,ok,12936,0.008,
tile_013830,train,ok,12025,0.007,
tile_013831,train,ok,11073,0.008,
tile_013832,train,ok,13206,0.007,
tile_013833,train,ok,11197,0.006,
tile_013834,train,ok,12754,0.007,
tile_013835,train,ok,12280,0.007,
tile_013836,train,ok,10059,0.007,
tile_013837,train,ok,11843,0.007,
tile_013838,train,ok,11258,0.007,
tile_013839,val,ok,9986,0.007,
tile_013840,val,ok,11872,0.008,
tile_013841,val,ok,12107,0.007,
tile_013842,train,ok,12729,0.007,
tile_013843,train,ok,10902,0.008,
tile_013844,train,ok,11210,0.008,
tile_013845,test,ok,12384,0.009,
tile_013846,test,ok,10375,0.009,
tile_013847,train,ok,11540,0.008,
tile_013848,train,ok,10403,0.007,
tile_013849,train,ok,12396,0.007,
tile_013850,train,ok,12318,0.008,
tile_013851,train,ok,12970,0.007,
tile_013852,train,ok,11752,0.008,
tile_013853,train,ok,10943,0.007,
tile_013854,train,ok,12236,0.007,
tile_013855,train,ok,12896,0.008,
tile_013856,train,ok,11298,0.007,
tile_013857,train,ok,12694,0.008,
tile_013858,train,ok,13068,0.007,
tile_013859,train,ok,13030,0.007,
tile_013860,val,ok,12963,0.008,
tile_013861,train,ok,11978,0.008,
tile_013862,train,ok,12308,0.007,
tile_013863,train,ok,12842,0.007,
tile_013864,train,ok,11673,0.007,
tile_013865,train,ok,12276,0.008,
tile_013866,train,ok,9775,0.007,
tile_013867,train,ok,10251,0.007,
tile_013868,train,ok,10424,0.007,
tile_013869,train,ok,8261,0.007,
tile_013870,train,ok,10525,0.006,
tile_013871,train,ok,10351,0.006,
tile_013872,train,ok,10695,0.007,
tile_013873,train,ok,12296,0.006,
tile_013874,train,ok,13004,0.007,
tile_013875,train,ok,11930,0.006,
tile_013876,train,ok,10368,0.006,
tile_013877,train,ok,12503,0.006,
tile_013878,train,ok,10407,0.006,
tile_013879,train,ok,13115,0.006,
tile_013880,train,ok,11780,0.007,
tile_013881,train,ok,13059,0.007,
tile_013882,train,ok,11348,0.008,
tile_013883,train,ok,11031,0.007,
tile_013884,train,ok,10195,0.009,
tile_013885,train,ok,12848,0.007,
tile_013886,train,ok,10921,0.007,
tile_013887,train,ok,11848,0.007,
tile_013888,train,ok,9785,0.008,
tile_013889,train,ok,11987,0.007,
tile_013890,train,ok,9285,0.009,
tile_013891,train,ok,12450,0.007,
tile_013892,train,ok,12736,0.007,
tile_013893,train,ok,10200,0.007,
tile_013894,train,ok,12155,0.008,
tile_013895,train,ok,12483,0.007,
tile_013896,test,ok,10139,0.007,
tile_013897,test,ok,12416,0.006,
tile_013898,test,ok,12649,0.006,
tile_013899,train,ok,12726,0.007,
tile_013900,train,ok,12811,0.006,
tile_013901,train,ok,10518,0.009,
tile_013902,train,ok,11823,0.007,
tile_013903,train,ok,12916,0.007,
tile_013904,train,ok,11501,0.008,
tile_013905,train,ok,12826,0.007,
tile_013906,train,ok,11613,0.008,
tile_013907,train,ok,13003,0.008,
tile_013908,train,ok,12917,0.006,
tile_013909,train,ok,13107,0.006,
tile_013910,test,ok,10401,0.007,
tile_013911,test,ok,11817,0.007,
tile_013912,test,ok,11510,0.008,
tile_013913,test,ok,12105,0.007,
tile_013914,train,ok,9344,0.006,
tile_013915,train,ok,12510,0.008,
tile_013916,train,ok,12361,0.006,
tile_013917,train,ok,11145,0.006,
tile_013918,train,ok,10102,0.007,
tile_013919,train,ok,12437,0.007,
tile_013920,train,ok,10983,0.007,
tile_013921,train,ok,11026,0.007,
tile_013922,train,ok,12451,0.007,
tile_013923,train,ok,11703,0.008,
tile_013924,test,ok,12418,0.008,
tile_013925,train,ok,12362,0.007,
tile_013926,train,ok,11502,0.007,
tile_013927,train,ok,12787,0.008,
tile_013928,train,ok,12255,0.007,
tile_013929,train,ok,11935,0.007,
tile_013930,train,ok,12562,0.006,
tile_013931,train,ok,11481,0.007,
tile_013932,train,ok,8657,0.007,
tile_013933,train,ok,12638,0.008,
tile_013934,train,ok,12103,0.007,
tile_013935,train,ok,8830,0.007,
tile_013936,train,ok,13027,0.006,
tile_013937,train,ok,11562,0.007,
tile_013938,train,ok,11689,0.006,
tile_013939,train,ok,11549,0.007,
tile_013940,train,ok,12930,0.007,
tile_013941,train,ok,12807,0.007,
tile_013942,train,ok,10417,0.007,
tile_013943,train,ok,10561,0.006,
tile_013944,train,ok,11630,0.007,
tile_013945,train,ok,10512,0.007,
tile_013946,train,ok,10788,0.006,
tile_013947,train,ok,12533,0.006,
tile_013948,train,ok,12159,0.006,
tile_013949,train,ok,12722,0.006,
tile_013950,train,ok,9460,0.006,
tile_013951,train,ok,12439,0.007,
tile_013952,train,ok,12394,0.007,
tile_013953,train,ok,11904,0.006,
tile_013954,train,ok,10956,0.007,
tile_013955,train,ok,12933,0.006,
tile_013956,train,ok,12202,0.006,
tile_013957,train,ok,9989,0.008,
tile_013958,train,ok,11721,0.006,
tile_013959,train,ok,10794,0.008,
tile_013960,train,ok,9955,0.007,
tile_013961,train,ok,12899,0.007,
tile_013962,train,ok,11590,0.007,
tile_013963,train,ok,11092,0.006,
tile_013964,train,ok,12649,0.007,
tile_013965,train,ok,12919,0.006,
tile_013966,train,ok,11611,0.007,
tile_013967,train,ok,10789,0.009,
tile_013968,train,ok,12160,0.007,
tile_013969,train,ok,11468,0.009,
tile_013970,train,ok,11610,0.008,
tile_013971,train,ok,12709,0.007,
tile_013972,train,ok,11996,0.006,
tile_013973,train,ok,10671,0.007,
tile_013974,train,ok,11734,0.006,
tile_013975,train,ok,12465,0.006,
tile_013976,train,ok,11552,0.008,
tile_013977,train,ok,12355,0.007,
tile_013978,train,ok,12881,0.007,
tile_013979,test,ok,12964,0.007,
tile_013980,test,ok,11106,0.006,
tile_013981,test,ok,12585,0.006,
tile_013982,test,ok,10016,0.008,
tile_013983,train,ok,12962,0.006,
tile_013984,train,ok,12842,0.008,
tile_013985,train,ok,10183,0.007,
tile_013986,train,ok,11403,0.006,
tile_013987,train,ok,11570,0.006,
tile_013988,train,ok,12367,0.006,
tile_013989,train,ok,11638,0.007,
tile_013990,train,ok,10079,0.007,
tile_013991,train,ok,10119,0.006,
tile_013992,train,ok,11541,0.007,
tile_013993,train,ok,11993,0.006,
tile_013994,train,ok,12686,0.006,
tile_013995,test,ok,13073,0.006,
tile_013996,test,ok,12055,0.006,
tile_013997,test,ok,9933,0.006,
tile_013998,train,ok,11670,0.006,
tile_013999,train,ok,10741,0.008,
tile_014000,train,ok,11049,0.007,
tile_014001,train,ok,12056,0.008,
tile_014002,train,ok,13180,0.007,
tile_014003,train,ok,13175,0.006,
tile_014004,train,ok,11054,0.007,
tile_014005,train,ok,12182,0.008,
tile_014006,train,ok,10866,0.009,
tile_014007,val,ok,12188,0.009,
tile_014008,test,ok,12602,0.009,
tile_014009,train,ok,13064,0.007,
tile_014010,train,ok,12319,0.008,
tile_014011,train,ok,10550,0.008,
tile_014012,train,ok,12983,0.009,
tile_014013,train,ok,12492,0.011,
tile_014014,train,ok,12166,0.01,
tile_014015,train,ok,11664,0.009,
tile_014016,train,ok,13103,0.01,
tile_014017,train,ok,12233,0.009,
tile_014018,train,ok,12219,0.009,
tile_014019,train,ok,11082,0.01,
tile_014020,train,ok,11438,0.01,
tile_014021,train,ok,11498,0.012,
tile_014022,train,ok,12849,0.01,
tile_014023,train,ok,11192,0.012,
tile_014024,train,ok,12851,0.01,
tile_014025,train,ok,10623,0.009,
tile_014026,train,ok,12428,0.011,
tile_014027,train,ok,13090,0.011,
tile_014028,train,ok,11084,0.011,
tile_014029,train,ok,10717,0.009,
tile_014030,train,ok,11440,0.01,
tile_014031,train,ok,11221,0.008,
tile_014032,train,ok,13035,0.007,
tile_014033,train,ok,13073,0.006,
tile_014034,train,ok,12858,0.008,
tile_014035,train,ok,10044,0.006,
tile_014036,train,ok,12462,0.007,
tile_014037,train,ok,11129,0.008,
tile_014038,train,ok,9322,0.007,
tile_014039,train,ok,10302,0.008,
tile_014040,train,ok,12268,0.009,
tile_014041,train,ok,8238,0.008,
tile_014042,train,ok,12425,0.006,
tile_014043,train,ok,11479,0.006,
tile_014044,train,ok,11448,0.007,
tile_014045,train,ok,11678,0.007,
tile_014046,train,ok,11208,0.007,
tile_014047,train,ok,10767,0.008,
tile_014048,train,ok,11741,0.006,
tile_014049,train,ok,11179,0.006,
tile_014050,train,ok,10425,0.006,
tile_014051,train,ok,10132,0.008,
tile_014052,train,ok,10676,0.008,
tile_014053,test,ok,9756,0.008,
tile_014054,train,ok,12630,0.008,
tile_014055,train,ok,12994,0.007,
tile_014056,train,ok,12618,0.007,
tile_014057,val,ok,12098,0.007,
tile_014058,val,ok,11968,0.008,
tile_014059,val,ok,12011,0.007,
tile_014060,train,ok,12250,0.006,
tile_014061,train,ok,10715,0.007,
tile_014062,train,ok,10780,0.008,
tile_014063,test,ok,12851,0.008,
tile_014064,test,ok,10203,0.007,
tile_014065,test,ok,11854,0.006,
tile_014066,train,ok,11521,0.007,
tile_014067,train,ok,9994,0.007,
tile_014068,train,ok,12185,0.007,
tile_014069,train,ok,13094,0.007,
tile_014070,train,ok,11210,0.006,
tile_014071,train,ok,12687,0.008,
tile_014072,val,ok,12392,0.01,
tile_014073,val,ok,11466,0.009,
tile_014074,val,ok,11652,0.008,
tile_014075,val,ok,12604,0.008,
tile_014076,test,ok,13136,0.008,
tile_014077,train,ok,11479,0.007,
tile_014078,train,ok,11787,0.007,
tile_014079,train,ok,11679,0.007,
tile_014080,train,ok,12230,0.007,
tile_014081,train,ok,11890,0.008,
tile_014082,train,ok,11730,0.007,
tile_014083,test,ok,12447,0.007,
tile_014084,test,ok,12520,0.008,
tile_014085,test,ok,12818,0.008,
tile_014086,train,ok,11284,0.007,
tile_014087,train,ok,13041,0.008,
tile_014088,train,ok,10987,0.008,
tile_014089,train,ok,11530,0.008,
tile_014090,train,ok,13038,0.008,
tile_014091,train,ok,11030,0.007,
tile_014092,train,ok,13016,0.007,
tile_014093,train,ok,12659,0.006,
tile_014094,train,ok,12464,0.009,
tile_014095,train,ok,12546,0.006,
tile_014096,train,ok,11822,0.006,
tile_014097,train,ok,12103,0.007,
tile_014098,train,ok,12701,0.006,
tile_014099,train,ok,11799,0.007,
tile_014100,train,ok,12945,0.007,
tile_014101,train,ok,11440,0.008,
tile_014102,train,ok,11708,0.008,
tile_014103,train,ok,11348,0.008,
tile_014104,train,ok,11259,0.009,
tile_014105,train,ok,10909,0.006,
tile_014106,train,ok,9769,0.006,
tile_014107,train,ok,11163,0.008,
tile_014108,train,ok,12171,0.008,
tile_014109,train,ok,8958,0.009,
tile_014110,train,ok,10718,0.008,
tile_014111,train,ok,8435,0.009,
tile_014112,train,ok,11254,0.008,
tile_014113,train,ok,12599,0.007,
tile_014114,train,ok,10974,0.009,
tile_014115,train,ok,11799,0.008,
tile_014116,train,ok,12852,0.009,
tile_014117,train,ok,12660,0.01,
tile_014118,train,ok,10301,0.008,
tile_014119,train,ok,11114,0.008,
tile_014120,train,ok,12375,0.008,
tile_014121,train,ok,11865,0.008,
tile_014122,train,ok,11947,0.008,
tile_014123,train,ok,10862,0.008,
tile_014124,train,ok,10534,0.007,
tile_014125,train,ok,12171,0.008,
tile_014126,train,ok,12769,0.008,
tile_014127,train,ok,9489,0.008,
tile_014128,train,ok,10694,0.007,
tile_014129,train,ok,10983,0.007,
tile_014130,train,ok,10778,0.007,
tile_014131,train,ok,12347,0.007,
tile_014132,train,ok,11099,0.007,
tile_014133,test,ok,10926,0.007,
tile_014134,train,ok,12739,0.007,
tile_014135,train,ok,12463,0.008,
tile_014136,train,ok,12496,0.008,
tile_014137,val,ok,11818,0.007,
tile_014138,val,ok,12442,0.006,
tile_014139,val,ok,10334,0.007,
tile_014140,val,ok,11875,0.007,
tile_014141,train,ok,11564,0.006,
tile_014142,train,ok,11560,0.007,
tile_014143,train,ok,12210,0.007,
tile_014144,train,ok,12494,0.009,
tile_014145,test,ok,13051,0.008,
tile_014146,train,ok,12921,0.009,
tile_014147,train,ok,11358,0.008,
tile_014148,train,ok,10067,0.006,
tile_014149,train,ok,11954,0.006,
tile_014150,train,ok,10253,0.006,
tile_014151,train,ok,12439,0.008,
tile_014152,val,ok,9973,0.006,
tile_014153,val,ok,9616,0.006,
tile_014154,val,ok,11687,0.008,
tile_014155,test,ok,11631,0.007,
tile_014156,train,ok,10052,0.008,
tile_014157,train,ok,11810,0.008,
tile_014158,train,ok,12251,0.008,
tile_014159,train,ok,11453,0.007,
tile_014160,train,ok,11844,0.007,
tile_014161,train,ok,12833,0.006,
tile_014162,test,ok,13006,0.006,
tile_014163,test,ok,12932,0.008,
tile_014164,test,ok,12628,0.007,
tile_014165,train,ok,10737,0.008,
tile_014166,train,ok,9530,0.007,
tile_014167,train,ok,10682,0.007,
tile_014168,train,ok,12162,0.009,
tile_014169,train,ok,12648,0.008,
tile_014170,train,ok,12816,0.008,
tile_014171,train,ok,12264,0.007,
tile_014172,train,ok,12192,0.007,
tile_014173,train,ok,12930,0.006,
tile_014174,train,ok,11557,0.008,
tile_014175,train,ok,12264,0.007,
tile_014176,train,ok,11828,0.007,
tile_014177,train,ok,12564,0.008,
tile_014178,train,ok,11207,0.007,
tile_014179,train,ok,10553,0.007,
tile_014180,train,ok,11820,0.01,
tile_014181,train,ok,11752,0.009,
tile_014182,train,ok,11644,0.007,
tile_014183,train,ok,12856,0.007,
tile_014184,train,ok,12413,0.007,
tile_014185,train,ok,12593,0.006,
tile_014186,train,ok,12413,0.007,
tile_014187,train,ok,10237,0.007,
tile_014188,train,ok,12582,0.008,
tile_014189,train,ok,8816,0.008,
tile_014190,val,ok,8933,0.008,
tile_014191,val,ok,10570,0.007,
tile_014192,val,ok,9369,0.007,
tile_014193,val,ok,9792,0.007,
tile_014194,test,ok,12005,0.006,
tile_014195,train,ok,9669,0.006,
tile_014196,train,ok,8692,0.008,
tile_014197,train,ok,11761,0.007,
tile_014198,train,ok,12481,0.007,
tile_014199,train,ok,11256,0.006,
tile_014200,train,ok,10977,0.007,
tile_014201,train,ok,12946,0.007,
tile_014202,train,ok,11704,0.007,
tile_014203,test,ok,12590,0.007,
tile_014204,test,ok,10034,0.007,
tile_014205,test,ok,11381,0.006,
tile_014206,test,ok,10546,0.006,
tile_014207,train,ok,13142,0.006,
tile_014208,train,ok,11477,0.006,
tile_014209,train,ok,13010,0.006,
tile_014210,train,ok,12940,0.006,
tile_014211,train,ok,12960,0.006,
tile_014212,train,ok,12251,0.006,
tile_014213,test,ok,13057,0.007,
tile_014214,test,ok,11978,0.006,
tile_014215,train,ok,12298,0.006,
tile_014216,train,ok,12887,0.006,
tile_014217,train,ok,12602,0.008,
tile_014218,train,ok,12260,0.006,
tile_014219,train,ok,11052,0.008,
tile_014220,train,ok,13040,0.007,
tile_014221,val,ok,11715,0.007,
tile_014222,val,ok,12325,0.008,
tile_014223,val,ok,12635,0.007,
tile_014224,test,ok,10563,0.008,
tile_014225,test,ok,11864,0.007,
tile_014226,test,ok,12294,0.007,
tile_014227,test,ok,10828,0.006,
tile_014228,train,ok,12710,0.007,
tile_014229,train,ok,11134,0.007,
tile_014230,train,ok,10282,0.006,
tile_014231,train,ok,11158,0.006,
tile_014232,train,ok,9613,0.007,
tile_014233,train,ok,11055,0.007,
tile_014234,train,ok,13117,0.007,
tile_014235,train,ok,11915,0.006,
tile_014236,train,ok,11672,0.006,
tile_014237,train,ok,11812,0.006,
tile_014238,train,ok,12177,0.006,
tile_014239,train,ok,10173,0.006,
tile_014240,train,ok,9694,0.006,
tile_014241,train,ok,11604,0.006,
tile_014242,train,ok,12512,0.006,
tile_014243,train,ok,11750,0.006,
tile_014244,train,ok,12094,0.007,
tile_014245,train,ok,12231,0.007,
tile_014246,train,ok,11717,0.007,
tile_014247,train,ok,12880,0.006,
tile_014248,train,ok,12519,0.006,
tile_014249,train,ok,12228,0.006,
tile_014250,train,ok,12706,0.006,
tile_014251,train,ok,12636,0.006,
tile_014252,train,ok,13096,0.007,
tile_014253,train,ok,11887,0.006,
tile_014254,val,ok,12609,0.008,
tile_014255,val,ok,10607,0.008,
tile_014256,val,ok,12278,0.007,
tile_014257,val,ok,12138,0.006,
tile_014258,train,ok,11904,0.006,
tile_014259,train,ok,11383,0.008,
tile_014260,train,ok,12650,0.007,
tile_014261,train,ok,11683,0.006,
tile_014262,train,ok,9643,0.006,
tile_014263,train,ok,11612,0.007,
tile_014264,train,ok,11143,0.008,
tile_014265,train,ok,9210,0.006,
tile_014266,train,ok,12366,0.006,
tile_014267,train,ok,11789,0.006,
tile_014268,train,ok,10559,0.008,
tile_014269,train,ok,11603,0.008,
tile_014270,train,ok,12715,0.009,
tile_014271,train,ok,12458,0.01,
tile_014272,train,ok,9924,0.009,
tile_014273,train,ok,10208,0.009,
tile_014274,val,ok,12523,0.008,
tile_014275,val,ok,10409,0.009,
tile_014276,val,ok,11508,0.009,
tile_014277,train,ok,11711,0.01,
tile_014278,train,ok,12950,0.008,
tile_014279,train,ok,12504,0.009,
tile_014280,train,ok,12271,0.009,
tile_014281,train,ok,11778,0.008,
tile_014282,train,ok,10238,0.008,
tile_014283,train,ok,11503,0.015,
tile_014284,train,ok,10492,0.015,
tile_014285,train,ok,12397,0.015,
tile_014286,test,ok,12141,0.014,
tile_014287,test,ok,12484,0.008,
tile_014288,test,ok,12803,0.008,
tile_014289,train,ok,9970,0.009,
tile_014290,train,ok,11573,0.011,
tile_014291,train,ok,12493,0.008,
tile_014292,train,ok,11534,0.008,
tile_014293,train,ok,10438,0.008,
tile_014294,train,ok,9519,0.007,
tile_014295,train,ok,13109,0.008,
tile_014296,train,ok,10749,0.008,
tile_014297,train,ok,12140,0.008,
tile_014298,train,ok,12211,0.007,
tile_014299,train,ok,11982,0.007,
tile_014300,train,ok,12617,0.007,
tile_014301,test,ok,11179,0.007,
tile_014302,train,ok,10648,0.007,
tile_014303,train,ok,10638,0.006,
tile_014304,train,ok,11879,0.006,
tile_014305,train,ok,11573,0.006,
tile_014306,train,ok,12235,0.006,
tile_014307,train,ok,12464,0.006,
tile_014308,val,ok,11555,0.006,
tile_014309,val,ok,11383,0.006,
tile_014310,val,ok,10128,0.006,
tile_014311,train,ok,11664,0.006,
tile_014312,test,ok,11579,0.006,
tile_014313,test,ok,12647,0.006,
tile_014314,test,ok,12376,0.007,
tile_014315,train,ok,10766,0.007,
tile_014316,train,ok,12874,0.007,
tile_014317,train,ok,10281,0.006,
tile_014318,train,ok,11152,0.006,
tile_014319,train,ok,9969,0.008,
tile_014320,train,ok,9269,0.007,
tile_014321,train,ok,10865,0.006,
tile_014322,train,ok,13021,0.006,
tile_014323,train,ok,12870,0.007,
tile_014324,train,ok,12297,0.006,
tile_014325,train,ok,12552,0.006,
tile_014326,train,ok,12174,0.006,
tile_014327,train,ok,12730,0.007,
tile_014328,train,ok,12453,0.008,
tile_014329,train,ok,11435,0.009,
tile_014330,train,ok,12432,0.009,
tile_014331,train,ok,12566,0.009,
tile_014332,train,ok,11120,0.009,
tile_014333,train,ok,10820,0.008,
tile_014334,train,ok,12542,0.009,
tile_014335,train,ok,11678,0.009,
tile_014336,train,ok,10879,0.009,
tile_014337,train,ok,12383,0.009,
tile_014338,val,ok,11374,0.01,
tile_014339,train,ok,12893,0.008,
tile_014340,train,ok,12977,0.01,
tile_014341,train,ok,13103,0.009,
tile_014342,train,ok,11984,0.01,
tile_014343,train,ok,11999,0.011,
tile_014344,train,ok,10119,0.009,
tile_014345,train,ok,13093,0.011,
tile_014346,train,ok,12721,0.01,
tile_014347,train,ok,12958,0.01,
tile_014348,train,ok,12111,0.01,
tile_014349,train,ok,12922,0.01,
tile_014350,train,ok,12670,0.011,
tile_014351,train,ok,12696,0.012,
tile_014352,train,ok,12487,0.011,
tile_014353,train,ok,9481,0.011,
tile_014354,train,ok,11323,0.009,
tile_014355,train,ok,11732,0.011,
tile_014356,train,ok,12913,0.011,
tile_014357,train,ok,9867,0.01,
tile_014358,train,ok,12326,0.01,
tile_014359,train,ok,12745,0.011,
tile_014360,train,ok,11819,0.011,
tile_014361,train,ok,10564,0.011,
tile_014362,train,ok,9293,0.011,
tile_014363,val,ok,11008,0.009,
tile_014364,val,ok,12795,0.01,
tile_014365,val,ok,11008,0.009,
tile_014366,val,ok,11539,0.008,
tile_014367,train,ok,10945,0.01,
tile_014368,train,ok,13099,0.009,
tile_014369,train,ok,12630,0.01,
tile_014370,test,ok,13028,0.009,
tile_014371,train,ok,12862,0.008,
tile_014372,train,ok,13039,0.01,
tile_014373,train,ok,12533,0.008,
tile_014374,train,ok,12247,0.009,
tile_014375,train,ok,12193,0.011,
tile_014376,test,ok,10212,0.01,
tile_014377,test,ok,11509,0.009,
tile_014378,test,ok,12750,0.009,
tile_014379,test,ok,11750,0.01,
tile_014380,train,ok,12865,0.01,
tile_014381,train,ok,11901,0.008,
tile_014382,train,ok,10903,0.01,
tile_014383,train,ok,12587,0.009,
tile_014384,train,ok,12270,0.008,
tile_014385,train,ok,9963,0.009,
tile_014386,train,ok,12317,0.009,
tile_014387,train,ok,12974,0.008,
tile_014388,train,ok,11303,0.008,
tile_014389,train,ok,11634,0.008,
tile_014390,train,ok,11273,0.007,
tile_014391,train,ok,11927,0.008,
tile_014392,train,ok,10164,0.007,
tile_014393,train,ok,12792,0.007,
tile_014394,train,ok,11694,0.008,
tile_014395,train,ok,12046,0.008,
tile_014396,test,ok,11305,0.007,
tile_014397,train,ok,12267,0.007,
tile_014398,train,ok,9921,0.007,
tile_014399,train,ok,10385,0.007,
tile_014400,train,ok,11718,0.008,
tile_014401,train,ok,10881,0.007,
tile_014402,val,ok,11897,0.006,
tile_014403,val,ok,12358,0.008,
tile_014404,val,ok,10772,0.009,
tile_014405,val,ok,10425,0.008,
tile_014406,train,ok,10871,0.009,
tile_014407,test,ok,10936,0.007,
tile_014408,test,ok,12079,0.007,
tile_014409,train,ok,11268,0.007,
tile_014410,train,ok,10928,0.007,
tile_014411,train,ok,11737,0.008,
tile_014412,train,ok,10810,0.008,
tile_014413,train,ok,10323,0.007,
tile_014414,train,ok,11094,0.007,
tile_014415,train,ok,12162,0.008,
tile_014416,train,ok,12939,0.007,
tile_014417,train,ok,13038,0.008,
tile_014418,train,ok,12877,0.008,
tile_014419,train,ok,11737,0.009,
tile_014420,train,ok,12189,0.009,
tile_014421,train,ok,12912,0.008,
tile_014422,train,ok,9414,0.009,
tile_014423,train,ok,10749,0.007,
tile_014424,train,ok,11585,0.007,
tile_014425,train,ok,9695,0.007,
tile_014426,train,ok,9953,0.008,
tile_014427,train,ok,10090,0.007,
tile_014428,train,ok,12428,0.007,
tile_014429,train,ok,11365,0.007,
tile_014430,train,ok,12358,0.009,
tile_014431,train,ok,12843,0.008,
tile_014432,val,ok,10826,0.007,
tile_014433,train,ok,11713,0.009,
tile_014434,train,ok,11311,0.008,
tile_014435,train,ok,7571,0.007,
tile_014436,train,ok,12686,0.008,
tile_014437,train,ok,12941,0.009,
tile_014438,train,ok,11928,0.009,
tile_014439,train,ok,12836,0.009,
tile_014440,val,ok,12312,0.008,
tile_014441,train,ok,12457,0.008,
tile_014442,train,ok,11939,0.008,
tile_014443,train,ok,12412,0.007,
tile_014444,train,ok,12278,0.008,
tile_014445,train,ok,12947,0.008,
tile_014446,train,ok,12759,0.008,
tile_014447,train,ok,9008,0.009,
tile_014448,train,ok,10393,0.008,
tile_014449,train,ok,10348,0.006,
tile_014450,train,ok,11308,0.008,
tile_014451,train,ok,11909,0.009,
tile_014452,train,ok,9449,0.008,
tile_014453,train,ok,12500,0.008,
tile_014454,train,ok,11508,0.011,
tile_014455,train,ok,12285,0.01,
tile_014456,train,ok,12703,0.01,
tile_014457,train,ok,11506,0.011,
tile_014458,train,ok,13081,0.011,
tile_014459,train,ok,11163,0.009,
tile_014460,val,ok,11302,0.011,
tile_014461,val,ok,11788,0.01,
tile_014462,val,ok,9958,0.01,
tile_014463,val,ok,9766,0.012,
tile_014464,train,ok,11437,0.009,
tile_014465,train,ok,12382,0.011,
tile_014466,train,ok,11864,0.011,
tile_014467,train,ok,11596,0.011,
tile_014468,train,ok,11824,0.01,
tile_014469,train,ok,10107,0.01,
tile_014470,train,ok,11242,0.009,
tile_014471,test,ok,11978,0.009,
tile_014472,test,ok,13085,0.009,
tile_014473,test,ok,8504,0.009,
tile_014474,test,ok,12809,0.01,
tile_014475,train,ok,12409,0.01,
tile_014476,train,ok,10233,0.008,
tile_014477,train,ok,12957,0.011,
tile_014478,train,ok,10647,0.009,
tile_014479,train,ok,11687,0.01,
tile_014480,train,ok,10791,0.009,
tile_014481,train,ok,11719,0.011,
tile_014482,train,ok,12216,0.009,
tile_014483,train,ok,10120,0.008,
tile_014484,train,ok,10907,0.009,
tile_014485,train,ok,13015,0.008,
tile_014486,train,ok,12285,0.009,
tile_014487,train,ok,11835,0.008,
tile_014488,train,ok,10470,0.009,
tile_014489,train,ok,12548,0.009,
tile_014490,train,ok,12153,0.009,
tile_014491,test,ok,12245,0.008,
tile_014492,test,ok,12416,0.008,
tile_014493,test,ok,9332,0.009,
tile_014494,train,ok,12163,0.01,
tile_014495,train,ok,12643,0.01,
tile_014496,train,ok,12519,0.01,
tile_014497,train,ok,10827,0.01,
tile_014498,train,ok,11172,0.009,
tile_014499,val,ok,12245,0.011,
tile_014500,val,ok,12844,0.011,
tile_014501,val,ok,11607,0.01,
tile_014502,train,ok,11535,0.01,
tile_014503,train,ok,11107,0.01,
tile_014504,test,ok,11654,0.01,
tile_014505,test,ok,12477,0.012,
tile_014506,train,ok,10351,0.012,
tile_014507,train,ok,9601,0.01,
tile_014508,train,ok,12725,0.01,
tile_014509,train,ok,12395,0.01,
tile_014510,train,ok,12804,0.011,
tile_014511,train,ok,12947,0.012,
tile_014512,train,ok,12933,0.01,
tile_014513,train,ok,13055,0.009,
tile_014514,train,ok,12678,0.01,
tile_014515,train,ok,12133,0.009,
tile_014516,train,ok,12542,0.01,
tile_014517,train,ok,10201,0.011,
tile_014518,train,ok,12720,0.01,
tile_014519,train,ok,10244,0.01,
tile_014520,train,ok,8986,0.01,
tile_014521,train,ok,10486,0.007,
tile_014522,train,ok,10464,0.009,
tile_014523,train,ok,12352,0.009,
tile_014524,train,ok,11335,0.008,
tile_014525,train,ok,11828,0.007,
tile_014526,train,ok,12242,0.009,
tile_014527,train,ok,9906,0.009,
tile_014528,train,ok,11580,0.008,
tile_014529,train,ok,10744,0.008,
tile_014530,train,ok,11898,0.009,
tile_014531,train,ok,12494,0.007,
tile_014532,val,ok,11753,0.008,
tile_014533,train,ok,9859,0.008,
tile_014534,train,ok,12143,0.007,
tile_014535,train,ok,8713,0.009,
tile_014536,train,ok,11750,0.008,
tile_014537,train,ok,12499,0.009,
tile_014538,train,ok,12244,0.009,
tile_014539,train,ok,10883,0.008,
tile_014540,test,ok,12706,0.009,
tile_014541,train,ok,12725,0.008,
tile_014542,train,ok,11856,0.008,
tile_014543,train,ok,12068,0.007,
tile_014544,train,ok,10168,0.008,
tile_014545,train,ok,7439,0.009,
tile_014546,train,ok,10924,0.006,
tile_014547,train,ok,12612,0.007,
tile_014548,train,ok,12244,0.008,
tile_014549,val,ok,11864,0.006,
tile_014550,val,ok,12562,0.007,
tile_014551,train,ok,12037,0.007,
tile_014552,train,ok,12243,0.006,
tile_014553,train,ok,12012,0.005,
tile_014554,train,ok,10728,0.008,
tile_014555,train,ok,11386,0.008,
tile_014556,train,ok,9697,0.006,
tile_014557,train,ok,8462,0.008,
tile_014558,train,ok,9477,0.006,
tile_014559,train,ok,10653,0.006,
tile_014560,train,ok,11501,0.006,
tile_014561,train,ok,12074,0.008,
tile_014562,train,ok,12857,0.007,
tile_014563,train,ok,12117,0.007,
tile_014564,train,ok,11952,0.007,
tile_014565,train,ok,11247,0.007,
tile_014566,train,ok,12594,0.007,
tile_014567,train,ok,12769,0.006,
tile_014568,train,ok,11706,0.007,
tile_014569,train,ok,11786,0.007,
tile_014570,train,ok,11695,0.006,
tile_014571,train,ok,12620,0.007,
tile_014572,train,ok,11509,0.008,
tile_014573,train,ok,12261,0.007,
tile_014574,val,ok,10967,0.007,
tile_014575,val,ok,9064,0.009,
tile_014576,val,ok,11098,0.006,
tile_014577,val,ok,12780,0.006,
tile_014578,train,ok,12836,0.01,
tile_014579,train,ok,12677,0.007,
tile_014580,train,ok,11725,0.007,
tile_014581,train,ok,12407,0.007,
tile_014582,train,ok,10269,0.008,
tile_014583,train,ok,9832,0.006,
tile_014584,test,ok,12355,0.007,
tile_014585,train,ok,13097,0.008,
tile_014586,train,ok,10769,0.006,
tile_014587,train,ok,9884,0.007,
tile_014588,test,ok,10909,0.007,
tile_014589,test,ok,11666,0.008,
tile_014590,test,ok,12529,0.008,
tile_014591,train,ok,12995,0.005,
tile_014592,train,ok,11746,0.006,
tile_014593,train,ok,13041,0.007,
tile_014594,train,ok,12664,0.008,
tile_014595,train,ok,12681,0.007,
tile_014596,train,ok,11683,0.008,
tile_014597,train,ok,10703,0.008,
tile_014598,train,ok,9522,0.007,
tile_014599,train,ok,12713,0.008,
tile_014600,train,ok,10874,0.008,
tile_014601,train,ok,10394,0.008,
tile_014602,train,ok,10755,0.008,
tile_014603,train,ok,11315,0.008,
tile_014604,train,ok,10823,0.01,
tile_014605,train,ok,11912,0.01,
tile_014606,train,ok,12522,0.01,
tile_014607,train,ok,12747,0.009,
tile_014608,train,ok,11346,0.01,
tile_014609,test,ok,12864,0.01,
tile_014610,test,ok,12654,0.01,
tile_014611,train,ok,12550,0.01,
tile_014612,train,ok,11484,0.011,
tile_014613,train,ok,12254,0.011,
tile_014614,train,ok,12842,0.011,
tile_014615,train,ok,12848,0.012,
tile_014616,train,ok,12677,0.01,
tile_014617,train,ok,12867,0.01,
tile_014618,train,ok,11535,0.009,
tile_014619,test,ok,12466,0.01,
tile_014620,test,ok,12817,0.008,
tile_014621,train,ok,12580,0.009,
tile_014622,train,ok,11797,0.01,
tile_014623,val,ok,11488,0.009,
tile_014624,val,ok,11253,0.01,
tile_014625,val,ok,11864,0.011,
tile_014626,train,ok,11749,0.01,
tile_014627,val,ok,12296,0.01,
tile_014628,train,ok,11547,0.013,
tile_014629,test,ok,12611,0.011,
tile_014630,test,ok,12451,0.011,
tile_014631,train,ok,11291,0.011,
tile_014632,train,ok,12656,0.011,
tile_014633,train,ok,11872,0.012,
tile_014634,train,ok,9340,0.011,
tile_014635,train,ok,8197,0.011,
tile_014636,train,ok,10121,0.011,
tile_014637,train,ok,10995,0.01,
tile_014638,train,ok,12615,0.009,
tile_014639,val,ok,9155,0.01,
tile_014640,val,ok,9239,0.01,
tile_014641,train,ok,11621,0.01,
tile_014642,train,ok,13135,0.01,
tile_014643,train,ok,9454,0.009,
tile_014644,train,ok,10445,0.009,
tile_014645,train,ok,11016,0.009,
tile_014646,train,ok,10127,0.01,
tile_014647,train,ok,10842,0.009,
tile_014648,train,ok,9248,0.01,
tile_014649,train,ok,9178,0.01,
tile_014650,train,ok,8006,0.01,
tile_014651,train,ok,11122,0.009,
tile_014652,train,ok,11476,0.009,
tile_014653,train,ok,13024,0.009,
tile_014654,train,ok,12400,0.007,
tile_014655,train,ok,11559,0.007,
tile_014656,train,ok,11074,0.009,
tile_014657,train,ok,12425,0.01,
tile_014658,train,ok,12588,0.009,
tile_014659,train,ok,10721,0.008,
tile_014660,train,ok,11111,0.007,
tile_014661,train,ok,12887,0.008,
tile_014662,train,ok,10398,0.008,
tile_014663,val,ok,9719,0.009,
tile_014664,val,ok,11836,0.009,
tile_014665,val,ok,12656,0.008,
tile_014666,train,ok,10685,0.008,
tile_014667,train,ok,11332,0.009,
tile_014668,train,ok,9745,0.007,
tile_014669,train,ok,8682,0.007,
tile_014670,test,ok,12698,0.007,
tile_014671,train,ok,11413,0.008,
tile_014672,train,ok,10709,0.007,
tile_014673,train,ok,12594,0.007,
tile_014674,test,ok,11323,0.007,
tile_014675,test,ok,11267,0.007,
tile_014676,test,ok,12926,0.007,
tile_014677,train,ok,12588,0.006,
tile_014678,train,ok,10738,0.007,
tile_014679,train,ok,12887,0.006,
tile_014680,train,ok,11783,0.008,
tile_014681,train,ok,11736,0.007,
tile_014682,train,ok,9874,0.009,
tile_014683,train,ok,12676,0.009,
tile_014684,train,ok,10614,0.007,
tile_014685,train,ok,10885,0.008,
tile_014686,train,ok,11548,0.006,
tile_014687,train,ok,11829,0.008,
tile_014688,train,ok,12906,0.007,
tile_014689,train,ok,12185,0.006,
tile_014690,train,ok,12505,0.008,
tile_014691,train,ok,12485,0.01,
tile_014692,train,ok,11654,0.011,
tile_014693,train,ok,10802,0.01,
tile_014694,train,ok,12738,0.01,
tile_014695,train,ok,12164,0.009,
tile_014696,train,ok,10925,0.008,
tile_014697,train,ok,10876,0.008,
tile_014698,train,ok,11459,0.008,
tile_014699,train,ok,10349,0.009,
tile_014700,train,ok,10198,0.007,
tile_014701,train,ok,10488,0.007,
tile_014702,train,ok,11471,0.007,
tile_014703,train,ok,13048,0.007,
tile_014704,train,ok,11115,0.008,
tile_014705,train,ok,11805,0.008,
tile_014706,train,ok,12438,0.007,
tile_014707,train,ok,12052,0.008,
tile_014708,train,ok,11669,0.008,
tile_014709,train,ok,12528,0.007,
tile_014710,train,ok,10296,0.008,
tile_014711,train,ok,11640,0.009,
tile_014712,train,ok,12641,0.007,
tile_014713,train,ok,13075,0.007,
tile_014714,train,ok,13115,0.008,
tile_014715,val,ok,13017,0.007,
tile_014716,val,ok,10357,0.007,
tile_014717,val,ok,10712,0.007,
tile_014718,train,ok,13092,0.006,
tile_014719,val,ok,12542,0.006,
tile_014720,train,ok,11721,0.006,
tile_014721,test,ok,11450,0.006,
tile_014722,train,ok,12116,0.006,
tile_014723,test,ok,12574,0.006,
tile_014724,train,ok,8950,0.006,
tile_014725,train,ok,9330,0.006,
tile_014726,train,ok,11187,0.006,
tile_014727,train,ok,12390,0.006,
tile_014728,val,ok,12723,0.006,
tile_014729,train,ok,12522,0.006,
tile_014730,train,ok,8588,0.007,
tile_014731,train,ok,8812,0.009,
tile_014732,train,ok,8701,0.01,
tile_014733,train,ok,10854,0.01,
tile_014734,train,ok,10851,0.011,
tile_014735,train,ok,11216,0.012,
tile_014736,train,ok,9594,0.013,
tile_014737,train,ok,6966,0.012,
tile_014738,train,ok,9782,0.013,
tile_014739,train,ok,12527,0.011,
tile_014740,train,ok,9957,0.012,
tile_014741,train,ok,12912,0.012,
tile_014742,train,ok,12938,0.014,
tile_014743,train,ok,12026,0.021,
tile_014744,train,ok,11638,0.018,
tile_014745,train,ok,11727,0.014,
tile_014746,train,ok,12700,0.012,
tile_014747,train,ok,8208,0.015,
tile_014748,train,ok,11085,0.018,
tile_014749,train,ok,12703,0.016,
tile_014750,val,ok,10914,0.017,
tile_014751,val,ok,11572,0.011,
tile_014752,val,ok,10964,0.009,
tile_014753,val,ok,11785,0.008,
tile_014754,train,ok,10947,0.009,
tile_014755,test,ok,12412,0.007,
tile_014756,train,ok,12085,0.007,
tile_014757,train,ok,12918,0.007,
tile_014758,test,ok,11058,0.009,
tile_014759,test,ok,11029,0.009,
tile_014760,train,ok,12875,0.007,
tile_014761,train,ok,10467,0.008,
tile_014762,train,ok,11629,0.008,
tile_014763,train,ok,12883,0.009,
tile_014764,train,ok,13051,0.009,
tile_014765,train,ok,12917,0.008,
tile_014766,train,ok,11610,0.009,
tile_014767,train,ok,11274,0.007,
tile_014768,train,ok,12546,0.008,
tile_014769,train,ok,10422,0.008,
tile_014770,train,ok,9669,0.008,
tile_014771,train,ok,11657,0.007,
tile_014772,train,ok,10710,0.008,
tile_014773,train,ok,10998,0.009,
tile_014774,train,ok,11530,0.008,
tile_014775,train,ok,12311,0.008,
tile_014776,train,ok,10727,0.008,
tile_014777,train,ok,11198,0.007,
tile_014778,train,ok,10767,0.008,
tile_014779,train,ok,11739,0.006,
tile_014780,train,ok,11397,0.008,
tile_014781,train,ok,10964,0.009,
tile_014782,train,ok,9912,0.007,
tile_014783,train,ok,12578,0.006,
tile_014784,train,ok,10667,0.007,
tile_014785,train,ok,10976,0.007,
tile_014786,train,ok,12948,0.008,
tile_014787,train,ok,12333,0.009,
tile_014788,train,ok,12108,0.007,
tile_014789,train,ok,12814,0.008,
tile_014790,train,ok,11617,0.008,
tile_014791,train,ok,13071,0.007,
tile_014792,test,ok,12862,0.008,
tile_014793,train,ok,11444,0.007,
tile_014794,train,ok,13045,0.008,
tile_014795,val,ok,10508,0.007,
tile_014796,val,ok,10321,0.009,
tile_014797,val,ok,11406,0.008,
tile_014798,val,ok,12284,0.007,
tile_014799,val,ok,11725,0.007,
tile_014800,val,ok,9431,0.008,
tile_014801,train,ok,11584,0.008,
tile_014802,train,ok,12347,0.007,
tile_014803,test,ok,12725,0.008,
tile_014804,test,ok,10535,0.006,
tile_014805,train,ok,12930,0.008,
tile_014806,train,ok,11597,0.008,
tile_014807,train,ok,11678,0.007,
tile_014808,train,ok,11592,0.007,
tile_014809,test,ok,12255,0.007,
tile_014810,test,ok,11405,0.008,
tile_014811,train,ok,12420,0.007,
tile_014812,train,ok,11766,0.006,
tile_014813,train,ok,11210,0.007,
tile_014814,train,ok,11617,0.007,
tile_014815,val,ok,12201,0.006,
tile_014816,val,ok,11995,0.007,
tile_014817,train,ok,11872,0.007,
tile_014818,train,ok,11090,0.006,
tile_014819,train,ok,10977,0.006,
tile_014820,train,ok,10110,0.007,
tile_014821,train,ok,8560,0.006,
tile_014822,train,ok,9892,0.006,
tile_014823,train,ok,12842,0.005,
tile_014824,train,ok,12195,0.006,
tile_014825,train,ok,8494,0.006,
tile_014826,train,ok,8909,0.007,
tile_014827,train,ok,12518,0.007,
tile_014828,train,ok,11743,0.008,
tile_014829,train,ok,13056,0.006,
tile_014830,train,ok,12212,0.007,
tile_014831,train,ok,12347,0.007,
tile_014832,train,ok,12557,0.005,
tile_014833,train,ok,10415,0.008,
tile_014834,train,ok,8639,0.006,
tile_014835,train,ok,10687,0.007,
tile_014836,train,ok,11165,0.006,
tile_014837,val,ok,12995,0.006,
tile_014838,val,ok,12212,0.006,
tile_014839,val,ok,12860,0.008,
tile_014840,train,ok,12092,0.007,
tile_014841,train,ok,12671,0.006,
tile_014842,test,ok,10136,0.008,
tile_014843,test,ok,11410,0.007,
tile_014844,test,ok,10867,0.007,
tile_014845,train,ok,13107,0.007,
tile_014846,train,ok,12584,0.007,
tile_014847,train,ok,11420,0.006,
tile_014848,train,ok,12238,0.007,
tile_014849,train,ok,12766,0.006,
tile_014850,train,ok,12691,0.008,
tile_014851,train,ok,11203,0.006,
tile_014852,train,ok,11401,0.007,
tile_014853,train,ok,13014,0.006,
tile_014854,train,ok,10539,0.006,
tile_014855,train,ok,12316,0.006,
tile_014856,train,ok,10489,0.006,
tile_014857,train,ok,12640,0.006,
tile_014858,train,ok,11772,0.005,
tile_014859,train,ok,10700,0.005,
tile_014860,train,ok,10932,0.006,
tile_014861,train,ok,10959,0.006,
tile_014862,train,ok,10200,0.006,
tile_014863,train,ok,9993,0.006,
tile_014864,train,ok,11977,0.006,
tile_014865,train,ok,12395,0.006,
tile_014866,train,ok,11351,0.006,
tile_014867,train,ok,12887,0.006,
tile_014868,train,ok,11521,0.006,
tile_014869,train,ok,12712,0.006,
tile_014870,train,ok,12579,0.007,
tile_014871,train,ok,13046,0.007,
tile_014872,train,ok,13094,0.006,
tile_014873,train,ok,12903,0.006,
tile_014874,train,ok,12063,0.006,
tile_014875,val,ok,10501,0.006,
tile_014876,val,ok,9764,0.005,
tile_014877,train,ok,11477,0.006,
tile_014878,train,ok,11411,0.005,
tile_014879,train,ok,13039,0.005,
tile_014880,train,ok,11332,0.006,
tile_014881,val,ok,10255,0.006,
tile_014882,val,ok,12514,0.006,
tile_014883,val,ok,12847,0.006,
tile_014884,val,ok,13129,0.006,
tile_014885,train,ok,13041,0.006,
tile_014886,train,ok,11582,0.005,
tile_014887,train,ok,10735,0.006,
tile_014888,train,ok,12476,0.006,
tile_014889,train,ok,12662,0.006,
tile_014890,test,ok,10907,0.007,
tile_014891,test,ok,9131,0.007,
tile_014892,test,ok,11676,0.007,
tile_014893,train,ok,12980,0.007,
tile_014894,train,ok,10453,0.006,
tile_014895,val,ok,11830,0.006,
tile_014896,train,ok,11302,0.006,
tile_014897,train,ok,11967,0.006,
tile_014898,train,ok,10818,0.006,
tile_014899,train,ok,11677,0.006,
tile_014900,train,ok,10466,0.006,
tile_014901,train,ok,12350,0.005,
tile_014902,train,ok,10310,0.006,
tile_014903,train,ok,12954,0.005,
tile_014904,train,ok,12939,0.006,
tile_014905,train,ok,10074,0.006,
tile_014906,train,ok,9509,0.006,
tile_014907,train,ok,12200,0.006,
tile_014908,train,ok,11425,0.006,
tile_014909,train,ok,11625,0.006,
tile_014910,train,ok,9624,0.006,
tile_014911,train,ok,11562,0.005,
tile_014912,train,ok,12050,0.006,
tile_014913,test,ok,12716,0.006,
tile_014914,train,ok,8987,0.006,
tile_014915,train,ok,11409,0.006,
tile_014916,test,ok,12129,0.006,
tile_014917,train,ok,13096,0.006,
tile_014918,train,ok,12710,0.006,
tile_014919,train,ok,12918,0.006,
tile_014920,train,ok,11471,0.008,
tile_014921,train,ok,11605,0.008,
tile_014922,train,ok,9037,0.009,
tile_014923,train,ok,10490,0.008,
tile_014924,train,ok,12734,0.007,
tile_014925,val,ok,12835,0.007,
tile_014926,train,ok,12300,0.007,
tile_014927,train,ok,9772,0.007,
tile_014928,test,ok,13077,0.006,
tile_014929,test,ok,12123,0.007,
tile_014930,train,ok,13006,0.008,
tile_014931,train,ok,11540,0.007,
tile_014932,train,ok,12399,0.007,
tile_014933,train,ok,12807,0.007,
tile_014934,train,ok,12942,0.007,
tile_014935,train,ok,12816,0.006,
tile_014936,train,ok,13057,0.007,
tile_014937,train,ok,13040,0.006,
tile_014938,test,ok,11284,0.007,
tile_014939,test,ok,12288,0.007,
tile_014940,train,ok,12980,0.006,
tile_014941,train,ok,11198,0.007,
tile_014942,train,ok,13000,0.008,
tile_014943,train,ok,12400,0.006,
tile_014944,train,ok,11153,0.007,
tile_014945,train,ok,10246,0.006,
tile_014946,train,ok,11503,0.007,
tile_014947,train,ok,12921,0.009,
tile_014948,train,ok,12407,0.008,
tile_014949,val,ok,12741,0.007,
tile_014950,val,ok,12060,0.008,
tile_014951,val,ok,12395,0.008,
tile_014952,train,ok,12245,0.008,
tile_014953,train,ok,12562,0.008,
tile_014954,train,ok,11019,0.007,
tile_014955,train,ok,10275,0.008,
tile_014956,train,ok,12985,0.007,
tile_014957,train,ok,11497,0.008,
tile_014958,train,ok,11819,0.009,
tile_014959,test,ok,12264,0.007,
tile_014960,train,ok,12724,0.006,
tile_014961,val,ok,12274,0.008,
tile_014962,val,ok,12696,0.007,
tile_014963,train,ok,12942,0.007,
tile_014964,train,ok,11717,0.007,
tile_014965,train,ok,12966,0.009,
tile_014966,train,ok,13086,0.007,
tile_014967,train,ok,12365,0.006,
tile_014968,train,ok,12221,0.007,
tile_014969,train,ok,11611,0.006,
tile_014970,train,ok,13013,0.007,
tile_014971,train,ok,11041,0.007,
tile_014972,test,ok,11799,0.009,
tile_014973,test,ok,12859,0.008,
tile_014974,train,ok,11573,0.008,
tile_014975,train,ok,9562,0.007,
tile_014976,train,ok,10723,0.007,
tile_014977,train,ok,9748,0.007,
tile_014978,train,ok,12807,0.006,
tile_014979,train,ok,12914,0.006,
tile_014980,train,ok,13112,0.006,
tile_014981,train,ok,11582,0.006,
tile_014982,test,ok,12540,0.006,
tile_014983,train,ok,11977,0.006,
tile_014984,train,ok,11462,0.006,
tile_014985,train,ok,10480,0.006,
tile_014986,train,ok,10406,0.006,
tile_014987,train,ok,10213,0.007,
tile_014988,train,ok,12752,0.007,
tile_014989,train,ok,11873,0.006,
tile_014990,train,ok,11551,0.006,
tile_014991,test,ok,12651,0.006,
tile_014992,test,ok,11958,0.006,
tile_014993,test,ok,11033,0.006,
tile_014994,test,ok,10749,0.006,
tile_014995,train,ok,11099,0.007,
tile_014996,train,ok,12587,0.008,
tile_014997,train,ok,12457,0.009,
tile_014998,val,ok,11960,0.01,
tile_014999,train,ok,12783,0.009,
tile_015000,train,ok,12922,0.008,
tile_015001,train,ok,10678,0.009,
tile_015002,train,ok,10041,0.008,
tile_015003,test,ok,12573,0.008,
tile_015004,test,ok,12286,0.008,
tile_015005,test,ok,10168,0.009,
tile_015006,test,ok,13055,0.01,
tile_015007,train,ok,12926,0.009,
tile_015008,train,ok,12286,0.009,
tile_015009,train,ok,11049,0.009,
tile_015010,train,ok,10794,0.009,
tile_015011,train,ok,12671,0.009,
tile_015012,train,ok,12219,0.008,
tile_015013,train,ok,13012,0.009,
tile_015014,test,ok,11653,0.008,
tile_015015,train,ok,12272,0.009,
tile_015016,train,ok,12008,0.009,
tile_015017,train,ok,11578,0.01,
tile_015018,train,ok,12137,0.01,
tile_015019,val,ok,11167,0.01,
tile_015020,train,ok,11071,0.009,
tile_015021,val,ok,13094,0.009,
tile_015022,train,ok,10833,0.01,
tile_015023,train,ok,12790,0.009,
tile_015024,train,ok,12159,0.009,
tile_015025,train,ok,12776,0.008,
tile_015026,train,ok,11590,0.008,
tile_015027,train,ok,12040,0.007,
tile_015028,train,ok,12445,0.008,
tile_015029,train,ok,11143,0.006,
tile_015030,train,ok,12146,0.006,
tile_015031,test,ok,12115,0.007,
tile_015032,test,ok,11869,0.006,
tile_015033,test,ok,11939,0.006,
tile_015034,test,ok,12932,0.006,
tile_015035,train,ok,12315,0.006,
tile_015036,train,ok,11582,0.005,
tile_015037,train,ok,8722,0.006,
tile_015038,train,ok,12390,0.006,
tile_015039,train,ok,11916,0.006,
tile_015040,train,ok,11103,0.007,
tile_015041,train,ok,9587,0.006,
tile_015042,train,ok,10417,0.006,
tile_015043,train,ok,12346,0.007,
tile_015044,val,ok,12342,0.006,
tile_015045,val,ok,11545,0.006,
tile_015046,val,ok,11772,0.006,
tile_015047,val,ok,12651,0.005,
tile_015048,train,ok,10850,0.006,
tile_015049,train,ok,11161,0.006,
tile_015050,train,ok,11505,0.006,
tile_015051,train,ok,11995,0.006,
tile_015052,train,ok,11578,0.005,
tile_015053,train,ok,12146,0.006,
tile_015054,train,ok,11865,0.006,
tile_015055,train,ok,10538,0.006,
tile_015056,train,ok,12243,0.006,
tile_015057,train,ok,11365,0.007,
tile_015058,train,ok,11916,0.007,
tile_015059,train,ok,11765,0.006,
tile_015060,train,ok,11587,0.006,
tile_015061,test,ok,10087,0.006,
tile_015062,train,ok,11557,0.006,
tile_015063,train,ok,12944,0.007,
tile_015064,train,ok,11330,0.007,
tile_015065,train,ok,10749,0.006,
tile_015066,train,ok,11195,0.007,
tile_015067,train,ok,11152,0.006,
tile_015068,test,ok,12074,0.006,
tile_015069,train,ok,12720,0.007,
tile_015070,train,ok,12546,0.007,
tile_015071,train,ok,11838,0.008,
tile_015072,train,ok,9691,0.008,
tile_015073,train,ok,9160,0.01,
tile_015074,train,ok,12407,0.011,
tile_015075,train,ok,9680,0.012,
tile_015076,train,ok,10420,0.01,
tile_015077,train,ok,10551,0.008,
tile_015078,train,ok,11542,0.009,
tile_015079,train,ok,12499,0.009,
tile_015080,train,ok,11365,0.009,
tile_015081,train,ok,11280,0.012,
tile_015082,test,ok,11911,0.01,
tile_015083,train,ok,11857,0.01,
tile_015084,train,ok,11399,0.008,
tile_015085,val,ok,11748,0.007,
tile_015086,val,ok,11663,0.007,
tile_015087,train,ok,12281,0.007,
tile_015088,train,ok,12550,0.009,
tile_015089,train,ok,10869,0.008,
tile_015090,test,ok,11646,0.007,
tile_015091,test,ok,10888,0.072,
tile_015092,test,ok,10398,0.071,
tile_015093,test,ok,12314,0.066,
tile_015094,train,ok,10024,0.065,
tile_015095,train,ok,12699,0.006,
tile_015096,train,ok,11913,0.007,
tile_015097,train,ok,13086,0.007,
tile_015098,train,ok,11895,0.007,
tile_015099,train,ok,11179,0.006,
tile_015100,train,ok,12552,0.006,
tile_015101,train,ok,12378,0.006,
tile_015102,test,ok,10984,0.006,
tile_015103,test,ok,12774,0.007,
tile_015104,train,ok,11384,0.007,
tile_015105,train,ok,13119,0.007,
tile_015106,train,ok,11892,0.007,
tile_015107,train,ok,13090,0.007,
tile_015108,train,ok,12631,0.006,
tile_015109,train,ok,11256,0.006,
tile_015110,train,ok,12120,0.006,
tile_015111,train,ok,12662,0.006,
tile_015112,val,ok,13027,0.006,
tile_015113,val,ok,12969,0.008,
tile_015114,val,ok,12672,0.007,
tile_015115,train,ok,10777,0.007,
tile_015116,val,ok,12030,0.007,
tile_015117,train,ok,12666,0.007,
tile_015118,train,ok,12259,0.007,
tile_015119,train,ok,10174,0.006,
tile_015120,train,ok,11886,0.007,
tile_015121,train,ok,11006,0.007,
tile_015122,train,ok,12843,0.006,
tile_015123,train,ok,9621,0.006,
tile_015124,train,ok,11440,0.007,
tile_015125,test,ok,11198,0.007,
tile_015126,test,ok,13003,0.006,
tile_015127,test,ok,10585,0.007,
tile_015128,train,ok,9558,0.007,
tile_015129,train,ok,12770,0.007,
tile_015130,train,ok,10512,0.006,
tile_015131,train,ok,11897,0.008,
tile_015132,train,ok,10958,0.009,
tile_015133,train,ok,10107,0.008,
tile_015134,train,ok,12700,0.007,
tile_015135,train,ok,11911,0.007,
tile_015136,train,ok,9543,0.007,
tile_015137,train,ok,8666,0.007,
tile_015138,val,ok,10542,0.008,
tile_015139,val,ok,11088,0.008,
tile_015140,val,ok,12168,0.007,
tile_015141,val,ok,11333,0.007,
tile_015142,test,ok,10704,0.007,
tile_015143,train,ok,11473,0.008,
tile_015144,train,ok,12653,0.006,
tile_015145,train,ok,11519,0.007,
tile_015146,train,ok,10303,0.007,
tile_015147,train,ok,10151,0.008,
tile_015148,train,ok,13123,0.007,
tile_015149,train,ok,12737,0.007,
tile_015150,train,ok,12477,0.008,
tile_015151,train,ok,12850,0.007,
tile_015152,train,ok,10349,0.007,
tile_015153,train,ok,10974,0.009,
tile_015154,train,ok,11819,0.006,
tile_015155,test,ok,11960,0.007,
tile_015156,train,ok,11936,0.007,
tile_015157,train,ok,10998,0.009,
tile_015158,train,ok,12295,0.008,
tile_015159,train,ok,10349,0.007,
tile_015160,train,ok,12135,0.007,
tile_015161,train,ok,12391,0.008,
tile_015162,train,ok,11709,0.007,
tile_015163,train,ok,12319,0.006,
tile_015164,train,ok,10442,0.006,
tile_015165,train,ok,10586,0.006,
tile_015166,train,ok,10389,0.007,
tile_015167,train,ok,10790,0.006,
tile_015168,train,ok,11509,0.006,
tile_015169,train,ok,11512,0.006,
tile_015170,train,ok,11429,0.005,
tile_015171,train,ok,10568,0.006,
tile_015172,train,ok,11909,0.006,
tile_015173,train,ok,10244,0.006,
tile_015174,test,ok,13095,0.006,
tile_015175,test,ok,11343,0.007,
tile_015176,val,ok,12882,0.006,
tile_015177,train,ok,12064,0.006,
tile_015178,train,ok,13115,0.006,
tile_015179,train,ok,11198,0.007,
tile_015180,train,ok,10666,0.008,
tile_015181,test,ok,10297,0.007,
tile_015182,test,ok,10360,0.007,
tile_015183,test,ok,10475,0.006,
tile_015184,test,ok,11252,0.007,
tile_015185,train,ok,13115,0.007,
tile_015186,train,ok,11541,0.008,
tile_015187,train,ok,11333,0.008,
tile_015188,train,ok,11542,0.007,
tile_015189,train,ok,11974,0.007,
tile_015190,train,ok,10706,0.008,
tile_015191,train,ok,11469,0.007,
tile_015192,train,ok,12692,0.007,
tile_015193,train,ok,12523,0.007,
tile_015194,train,ok,12613,0.006,
tile_015195,train,ok,12947,0.009,
tile_015196,train,ok,12321,0.008,
tile_015197,train,ok,12250,0.008,
tile_015198,train,ok,11894,0.009,
tile_015199,train,ok,12497,0.006,
tile_015200,train,ok,12960,0.007,
tile_015201,train,ok,10665,0.007,
tile_015202,train,ok,9676,0.007,
tile_015203,train,ok,11508,0.009,
tile_015204,train,ok,11808,0.006,
tile_015205,train,ok,12274,0.006,
tile_015206,train,ok,12093,0.008,
tile_015207,train,ok,11323,0.008,
tile_015208,train,ok,12991,0.007,
tile_015209,val,ok,13050,0.008,
tile_015210,val,ok,11335,0.008,
tile_015211,train,ok,12911,0.009,
tile_015212,val,ok,11091,0.007,
tile_015213,val,ok,11140,0.007,
tile_015214,val,ok,13132,0.008,
tile_015215,val,ok,12454,0.008,
tile_015216,train,ok,12828,0.008,
tile_015217,train,ok,12734,0.008,
tile_015218,train,ok,11229,0.007,
tile_015219,train,ok,12821,0.007,
tile_015220,test,ok,10812,0.007,
tile_015221,test,ok,8924,0.006,
tile_015222,test,ok,9783,0.005,
tile_015223,train,ok,10079,0.005,
tile_015224,train,ok,12595,0.006,
tile_015225,train,ok,11313,0.005,
tile_015226,train,ok,9643,0.007,
tile_015227,train,ok,11104,0.006,
tile_015228,train,ok,8447,0.006,
tile_015229,train,ok,12554,0.006,
tile_015230,train,ok,12511,0.006,
tile_015231,train,ok,12485,0.006,
tile_015232,test,ok,10401,0.007,
tile_015233,test,ok,12757,0.007,
tile_015234,test,ok,13153,0.008,
tile_015235,test,ok,11527,0.008,
tile_015236,train,ok,12224,0.009,
tile_015237,train,ok,11520,0.008,
tile_015238,train,ok,10952,0.008,
tile_015239,train,ok,12984,0.009,
tile_015240,train,ok,11751,0.009,
tile_015241,train,ok,13051,0.008,
tile_015242,train,ok,10328,0.008,
tile_015243,train,ok,12643,0.009,
tile_015244,val,ok,13068,0.008,
tile_015245,val,ok,12005,0.009,
tile_015246,train,ok,12792,0.008,
tile_015247,train,ok,12676,0.009,
tile_015248,train,ok,12119,0.01,
tile_015249,train,ok,11835,0.009,
tile_015250,train,ok,11183,0.009,
tile_015251,train,ok,11070,0.007,
tile_015252,train,ok,11833,0.008,
tile_015253,train,ok,10350,0.009,
tile_015254,train,ok,9816,0.008,
tile_015255,train,ok,12668,0.008,
tile_015256,train,ok,11074,0.009,
tile_015257,train,ok,10735,0.009,
tile_015258,train,ok,12276,0.008,
tile_015259,val,ok,9106,0.007,
tile_015260,val,ok,11555,0.006,
tile_015261,val,ok,11149,0.007,
tile_015262,val,ok,12206,0.007,
tile_015263,test,ok,11968,0.006,
tile_015264,test,ok,12074,0.007,
tile_015265,test,ok,12298,0.006,
tile_015266,train,ok,10093,0.006,
tile_015267,train,ok,12775,0.006,
tile_015268,train,ok,13082,0.007,
tile_015269,train,ok,12428,0.006,
tile_015270,train,ok,12284,0.006,
tile_015271,train,ok,12966,0.006,
tile_015272,train,ok,11282,0.006,
tile_015273,train,ok,10550,0.006,
tile_015274,train,ok,10763,0.006,
tile_015275,train,ok,11599,0.006,
tile_015276,train,ok,12420,0.006,
tile_015277,train,ok,12925,0.007,
tile_015278,train,ok,11786,0.007,
tile_015279,train,ok,12979,0.006,
tile_015280,train,ok,12766,0.006,
tile_015281,train,ok,11500,0.006,
tile_015282,train,ok,12023,0.006,
tile_015283,train,ok,13052,0.006,
tile_015284,train,ok,11939,0.006,
tile_015285,train,ok,11175,0.006,
tile_015286,train,ok,12494,0.006,
tile_015287,val,ok,12910,0.006,
tile_015288,val,ok,11028,0.006,
tile_015289,val,ok,12875,0.006,
tile_015290,train,ok,12712,0.006,
tile_015291,train,ok,10378,0.006,
tile_015292,train,ok,11141,0.006,
tile_015293,train,ok,12349,0.006,
tile_015294,train,ok,10959,0.006,
tile_015295,val,ok,11958,0.008,
tile_015296,val,ok,12133,0.007,
tile_015297,val,ok,12717,0.007,
tile_015298,train,ok,12789,0.007,
tile_015299,train,ok,10571,0.006,
tile_015300,train,ok,12566,0.006,
tile_015301,test,ok,12637,0.006,
tile_015302,test,ok,10406,0.006,
tile_015303,test,ok,9735,0.007,
tile_015304,test,ok,11705,0.007,
tile_015305,train,ok,10198,0.006,
tile_015306,train,ok,10847,0.007,
tile_015307,train,ok,9906,0.006,
tile_015308,train,ok,10559,0.008,
tile_015309,val,ok,12710,0.008,
tile_015310,train,ok,12178,0.008,
tile_015311,test,ok,12222,0.007,
tile_015312,train,ok,12656,0.007,
tile_015313,train,ok,12070,0.007,
tile_015314,train,ok,12809,0.006,
tile_015315,train,ok,11554,0.006,
tile_015316,test,ok,11849,0.007,
tile_015317,test,ok,9937,0.007,
tile_015318,test,ok,12223,0.009,
tile_015319,train,ok,11393,0.007,
tile_015320,train,ok,12270,0.008,
tile_015321,train,ok,10580,0.008,
tile_015322,train,ok,12458,0.008,
tile_015323,train,ok,9723,0.009,
tile_015324,train,ok,11226,0.007,
tile_015325,train,ok,12878,0.007,
tile_015326,train,ok,9781,0.007,
tile_015327,train,ok,11503,0.007,
tile_015328,train,ok,12719,0.008,
tile_015329,train,ok,12322,0.007,
tile_015330,train,ok,12388,0.006,
tile_015331,train,ok,10470,0.006,
tile_015332,train,ok,12206,0.006,
tile_015333,train,ok,12485,0.006,
tile_015334,train,ok,10473,0.005,
tile_015335,train,ok,9727,0.005,
tile_015336,val,ok,12544,0.005,
tile_015337,val,ok,11076,0.005,
tile_015338,val,ok,12412,0.005,
tile_015339,val,ok,11078,0.007,
tile_015340,test,ok,12356,0.007,
tile_015341,test,ok,12664,0.007,
tile_015342,train,ok,12088,0.006,
tile_015343,train,ok,11952,0.007,
tile_015344,train,ok,12169,0.006,
tile_015345,train,ok,11102,0.006,
tile_015346,train,ok,11436,0.006,
tile_015347,train,ok,11017,0.007,
tile_015348,train,ok,10817,0.008,
tile_015349,train,ok,11058,0.008,
tile_015350,train,ok,10885,0.007,
tile_015351,train,ok,12784,0.009,
tile_015352,val,ok,12843,0.007,
tile_015353,train,ok,13088,0.007,
tile_015354,train,ok,12388,0.007,
tile_015355,train,ok,11435,0.008,
tile_015356,train,ok,10635,0.007,
tile_015357,train,ok,12244,0.006,
tile_015358,train,ok,12499,0.009,
tile_015359,train,ok,11629,0.007,
tile_015360,val,ok,13105,0.007,
tile_015361,train,ok,12928,0.008,
tile_015362,val,ok,12369,0.007,
tile_015363,val,ok,12640,0.007,
tile_015364,val,ok,11149,0.006,
tile_015365,train,ok,12414,0.008,
tile_015366,train,ok,12293,0.007,
tile_015367,train,ok,12619,0.008,
tile_015368,train,ok,12323,0.006,
tile_015369,val,ok,12423,0.008,
tile_015370,val,ok,12178,0.006,
tile_015371,train,ok,12070,0.008,
tile_015372,train,ok,11916,0.007,
tile_015373,train,ok,11908,0.008,
tile_015374,train,ok,12044,0.007,
tile_015375,train,ok,12083,0.007,
tile_015376,train,ok,13157,0.008,
tile_015377,train,ok,12011,0.008,
tile_015378,test,ok,10932,0.008,
tile_015379,test,ok,12797,0.007,
tile_015380,train,ok,10489,0.007,
tile_015381,train,ok,8153,0.007,
tile_015382,train,ok,11055,0.006,
tile_015383,train,ok,11562,0.006,
tile_015384,train,ok,13012,0.008,
tile_015385,train,ok,12660,0.006,
tile_015386,train,ok,12801,0.006,
tile_015387,train,ok,12898,0.007,
tile_015388,train,ok,12296,0.007,
tile_015389,train,ok,13055,0.006,
tile_015390,train,ok,12296,0.006,
tile_015391,train,ok,12234,0.007,
tile_015392,train,ok,12332,0.006,
tile_015393,test,ok,12099,0.007,
tile_015394,test,ok,11101,0.006,
tile_015395,test,ok,12320,0.006,
tile_015396,train,ok,13094,0.006,
tile_015397,train,ok,12497,0.007,
tile_015398,train,ok,12655,0.007,
tile_015399,train,ok,11782,0.007,
tile_015400,train,ok,13006,0.007,
tile_015401,train,ok,12699,0.008,
tile_015402,train,ok,12868,0.007,
tile_015403,train,ok,11575,0.007,
tile_015404,train,ok,11002,0.007,
tile_015405,train,ok,10160,0.008,
tile_015406,train,ok,10697,0.008,
tile_015407,train,ok,10317,0.01,
tile_015408,train,ok,12077,0.008,
tile_015409,train,ok,11045,0.009,
tile_015410,val,ok,12818,0.009,
tile_015411,val,ok,13057,0.008,
tile_015412,val,ok,10129,0.008,
tile_015413,val,ok,12259,0.008,
tile_015414,val,ok,12293,0.007,
tile_015415,val,ok,11691,0.009,
tile_015416,test,ok,11385,0.007,
tile_015417,test,ok,9892,0.007,
tile_015418,val,ok,12389,0.007,
tile_015419,val,ok,11359,0.008,
tile_015420,train,ok,11037,0.006,
tile_015421,train,ok,12498,0.007,
tile_015422,train,ok,11550,0.008,
tile_015423,train,ok,12038,0.007,
tile_015424,train,ok,10197,0.006,
tile_015425,train,ok,12996,0.006,
tile_015426,train,ok,12637,0.007,
tile_015427,train,ok,12812,0.006,
tile_015428,train,ok,12631,0.005,
tile_015429,train,ok,12500,0.006,
tile_015430,train,ok,12255,0.006,
tile_015431,train,ok,11366,0.007,
tile_015432,train,ok,10567,0.007,
tile_015433,train,ok,12518,0.006,
tile_015434,train,ok,13163,0.007,
tile_015435,test,ok,12291,0.007,
tile_015436,train,ok,10336,0.007,
tile_015437,test,ok,13124,0.006,
tile_015438,train,ok,12848,0.006,
tile_015439,train,ok,12310,0.006,
tile_015440,train,ok,12449,0.007,
tile_015441,train,ok,12958,0.007,
tile_015442,train,ok,12151,0.007,
tile_015443,train,ok,9727,0.007,
tile_015444,train,ok,10669,0.008,
tile_015445,train,ok,11627,0.008,
tile_015446,train,ok,12014,0.006,
tile_015447,train,ok,12548,0.006,
tile_015448,train,ok,11283,0.007,
tile_015449,train,ok,12572,0.008,
tile_015450,val,ok,12182,0.008,
tile_015451,val,ok,11413,0.006,
tile_015452,val,ok,12029,0.007,
tile_015453,train,ok,12811,0.007,
tile_015454,val,ok,12243,0.007,
tile_015455,val,ok,12645,0.007,
tile_015456,val,ok,12212,0.007,
tile_015457,val,ok,12037,0.007,
tile_015458,train,ok,11582,0.008,
tile_015459,train,ok,11837,0.008,
tile_015460,train,ok,12176,0.007,
tile_015461,train,ok,11319,0.006,
tile_015462,train,ok,12219,0.007,
tile_015463,train,ok,12572,0.007,
tile_015464,test,ok,12126,0.008,
tile_015465,test,ok,11316,0.009,
tile_015466,train,ok,9424,0.007,
tile_015467,train,ok,12349,0.006,
tile_015468,train,ok,10476,0.008,
tile_015469,train,ok,12722,0.007,
tile_015470,train,ok,12229,0.007,
tile_015471,train,ok,11997,0.008,
tile_015472,test,ok,12930,0.007,
tile_015473,test,ok,12960,0.007,
tile_015474,test,ok,13067,0.007,
tile_015475,val,ok,12371,0.006,
tile_015476,train,ok,12683,0.007,
tile_015477,train,ok,12821,0.006,
tile_015478,train,ok,13029,0.007,
tile_015479,train,ok,12056,0.007,
tile_015480,test,ok,9755,0.007,
tile_015481,test,ok,12157,0.007,
tile_015482,test,ok,13099,0.006,
tile_015483,test,ok,10657,0.006,
tile_015484,train,ok,11334,0.008,
tile_015485,train,ok,12619,0.008,
tile_015486,train,ok,8940,0.007,
tile_015487,val,ok,12600,0.008,
tile_015488,val,ok,10348,0.006,
tile_015489,train,ok,11592,0.008,
tile_015490,train,ok,11867,0.007,
tile_015491,train,ok,8935,0.007,
tile_015492,train,ok,9792,0.007,
tile_015493,train,ok,12322,0.007,
tile_015494,train,ok,10872,0.007,
tile_015495,train,ok,10145,0.006,
tile_015496,train,ok,11430,0.007,
tile_015497,train,ok,10099,0.007,
tile_015498,val,ok,11618,0.006,
tile_015499,val,ok,9408,0.006,
tile_015500,val,ok,10765,0.007,
tile_015501,train,ok,9640,0.006,
tile_015502,test,ok,12050,0.006,
tile_015503,train,ok,10258,0.006,
tile_015504,train,ok,12027,0.007,
tile_015505,train,ok,11098,0.007,
tile_015506,train,ok,9242,0.006,
tile_015507,train,ok,9412,0.006,
tile_015508,train,ok,12706,0.006,
tile_015509,train,ok,12123,0.006,
tile_015510,train,ok,11630,0.006,
tile_015511,train,ok,12040,0.006,
tile_015512,train,ok,12558,0.007,
tile_015513,train,ok,12477,0.006,
tile_015514,train,ok,11894,0.008,
tile_015515,train,ok,9571,0.006,
tile_015516,test,ok,12655,0.009,
tile_015517,train,ok,10520,0.009,
tile_015518,train,ok,10868,0.01,
tile_015519,train,ok,9729,0.008,
tile_015520,train,ok,13039,0.009,
tile_015521,train,ok,12881,0.009,
tile_015522,train,ok,11349,0.009,
tile_015523,val,ok,12760,0.009,
tile_015524,train,ok,13033,0.01,
tile_015525,train,ok,12943,0.01,
tile_015526,train,ok,13048,0.008,
tile_015527,val,ok,12753,0.008,
tile_015528,train,ok,13146,0.009,
tile_015529,train,ok,12605,0.009,
tile_015530,train,ok,9284,0.01,
tile_015531,train,ok,12744,0.009,
tile_015532,train,ok,10215,0.008,
tile_015533,train,ok,11131,0.01,
tile_015534,train,ok,10272,0.01,
tile_015535,train,ok,12645,0.009,
tile_015536,train,ok,11770,0.009,
tile_015537,train,ok,12713,0.009,
tile_015538,train,ok,9706,0.009,
tile_015539,train,ok,12714,0.01,
tile_015540,test,ok,9816,0.009,
tile_015541,test,ok,12592,0.01,
tile_015542,test,ok,10443,0.01,
tile_015543,train,ok,10821,0.008,
tile_015544,train,ok,12260,0.008,
tile_015545,train,ok,12554,0.009,
tile_015546,train,ok,12266,0.007,
tile_015547,train,ok,11744,0.009,
tile_015548,train,ok,12499,0.007,
tile_015549,train,ok,12670,0.008,
tile_015550,train,ok,12008,0.008,
tile_015551,train,ok,11138,0.007,
tile_015552,train,ok,10167,0.006,
tile_015553,train,ok,12674,0.008,
tile_015554,train,ok,12635,0.007,
tile_015555,val,ok,9200,0.006,
tile_015556,val,ok,11407,0.007,
tile_015557,val,ok,10942,0.007,
tile_015558,train,ok,12273,0.007,
tile_015559,train,ok,13081,0.006,
tile_015560,train,ok,13095,0.007,
tile_015561,train,ok,12881,0.007,
tile_015562,train,ok,12947,0.008,
tile_015563,train,ok,12521,0.008,
tile_015564,train,ok,13007,0.008,
tile_015565,train,ok,12426,0.007,
tile_015566,val,ok,12381,0.008,
tile_015567,val,ok,13101,0.008,
tile_015568,val,ok,9907,0.007,
tile_015569,val,ok,9475,0.007,
tile_015570,val,ok,8055,0.007,
tile_015571,train,ok,9384,0.007,
tile_015572,train,ok,10104,0.007,
tile_015573,train,ok,12342,0.009,
tile_015574,train,ok,10917,0.006,
tile_015575,train,ok,11447,0.008,
tile_015576,train,ok,9957,0.007,
tile_015577,train,ok,11323,0.007,
tile_015578,train,ok,12637,0.007,
tile_015579,train,ok,11803,0.008,
tile_015580,train,ok,11666,0.008,
tile_015581,train,ok,12409,0.007,
tile_015582,val,ok,9351,0.006,
tile_015583,val,ok,11585,0.006,
tile_015584,val,ok,10593,0.007,
tile_015585,train,ok,10401,0.007,
tile_015586,train,ok,10359,0.008,
tile_015587,train,ok,10160,0.007,
tile_015588,val,ok,9926,0.007,
tile_015589,train,ok,12326,0.006,
tile_015590,train,ok,11595,0.006,
tile_015591,train,ok,12058,0.006,
tile_015592,train,ok,11136,0.006,
tile_015593,train,ok,10472,0.006,
tile_015594,train,ok,12764,0.006,
tile_015595,train,ok,13103,0.006,
tile_015596,train,ok,11804,0.006,
tile_015597,train,ok,11691,0.006,
tile_015598,train,ok,12290,0.007,
tile_015599,test,ok,11618,0.006,
tile_015600,train,ok,10695,0.006,
tile_015601,train,ok,10708,0.006,
tile_015602,train,ok,11029,0.006,
tile_015603,train,ok,11794,0.006,
tile_015604,train,ok,12303,0.007,
tile_015605,train,ok,10200,0.007,
tile_015606,train,ok,11013,0.006,
tile_015607,test,ok,10948,0.007,
tile_015608,test,ok,12340,0.006,
tile_015609,train,ok,11789,0.006,
tile_015610,val,ok,12637,0.006,
tile_015611,val,ok,11769,0.006,
tile_015612,train,ok,12234,0.006,
tile_015613,train,ok,11972,0.006,
tile_015614,train,ok,12731,0.007,
tile_015615,train,ok,10163,0.007,
tile_015616,train,ok,10566,0.006,
tile_015617,train,ok,10838,0.006,
tile_015618,train,ok,12887,0.006,
tile_015619,train,ok,12565,0.006,
tile_015620,train,ok,12945,0.006,
tile_015621,train,ok,7366,0.006,
tile_015622,train,ok,9539,0.006,
tile_015623,train,ok,11528,0.007,
tile_015624,train,ok,11663,0.007,
tile_015625,test,ok,12899,0.007,
tile_015626,test,ok,12973,0.006,
tile_015627,test,ok,10425,0.007,
tile_015628,train,ok,11902,0.007,
tile_015629,train,ok,12372,0.007,
tile_015630,train,ok,10557,0.008,
tile_015631,train,ok,10711,0.006,
tile_015632,train,ok,9923,0.007,
tile_015633,train,ok,10003,0.006,
tile_015634,train,ok,12757,0.006,
tile_015635,train,ok,9865,0.007,
tile_015636,val,ok,10480,0.007,
tile_015637,val,ok,11817,0.008,
tile_015638,val,ok,11397,0.007,
tile_015639,train,ok,13050,0.008,
tile_015640,train,ok,12905,0.006,
tile_015641,train,ok,11997,0.007,
tile_015642,train,ok,12391,0.007,
tile_015643,train,ok,10163,0.007,
tile_015644,train,ok,11964,0.007,
tile_015645,test,ok,12648,0.008,
tile_015646,test,ok,10965,0.006,
tile_015647,train,ok,12850,0.007,
tile_015648,train,ok,11553,0.006,
tile_015649,train,ok,10485,0.008,
tile_015650,train,ok,11881,0.007,
tile_015651,train,ok,12145,0.008,
tile_015652,train,ok,12373,0.007,
tile_015653,train,ok,11915,0.008,
tile_015654,train,ok,12916,0.007,
tile_015655,train,ok,12593,0.007,
tile_015656,train,ok,12347,0.006,
tile_015657,val,ok,11648,0.007,
tile_015658,val,ok,12630,0.007,
tile_015659,train,ok,12405,0.007,
tile_015660,val,ok,9534,0.008,
tile_015661,val,ok,10794,0.006,
tile_015662,val,ok,9325,0.008,
tile_015663,train,ok,11534,0.006,
tile_015664,train,ok,11832,0.008,
tile_015665,train,ok,12525,0.006,
tile_015666,train,ok,11328,0.009,
tile_015667,train,ok,9487,0.007,
tile_015668,train,ok,12224,0.007,
tile_015669,train,ok,11847,0.007,
tile_015670,train,ok,9905,0.009,
tile_015671,train,ok,10616,0.008,
tile_015672,train,ok,11285,0.008,
tile_015673,train,ok,9316,0.007,
tile_015674,train,ok,9983,0.009,
tile_015675,train,ok,11838,0.008,
tile_015676,val,ok,9756,0.008,
tile_015677,val,ok,11800,0.008,
tile_015678,val,ok,11167,0.007,
tile_015679,train,ok,11420,0.008,
tile_015680,train,ok,9409,0.007,
tile_015681,train,ok,11178,0.008,
tile_015682,val,ok,8836,0.009,
tile_015683,val,ok,11952,0.01,
tile_015684,train,ok,11976,0.009,
tile_015685,train,ok,12943,0.009,
tile_015686,train,ok,10498,0.009,
tile_015687,train,ok,12620,0.008,
tile_015688,train,ok,12137,0.009,
tile_015689,train,ok,10993,0.009,
tile_015690,train,ok,12855,0.008,
tile_015691,train,ok,13152,0.008,
tile_015692,train,ok,12947,0.009,
tile_015693,train,ok,12099,0.007,
tile_015694,train,ok,13080,0.008,
tile_015695,test,ok,11853,0.009,
tile_015696,train,ok,10097,0.008,
tile_015697,train,ok,11085,0.008,
tile_015698,train,ok,11718,0.009,
tile_015699,train,ok,12943,0.008,
tile_015700,train,ok,12878,0.007,
tile_015701,train,ok,12820,0.006,
tile_015702,train,ok,11164,0.006,
tile_015703,train,ok,8937,0.006,
tile_015704,train,ok,12799,0.006,
tile_015705,train,ok,12012,0.007,
tile_015706,test,ok,10361,0.008,
tile_015707,test,ok,11570,0.007,
tile_015708,train,ok,10446,0.007,
tile_015709,train,ok,9562,0.008,
tile_015710,train,ok,12559,0.008,
tile_015711,train,ok,11333,0.006,
tile_015712,train,ok,11524,0.006,
tile_015713,train,ok,12652,0.008,
tile_015714,train,ok,12526,0.008,
tile_015715,train,ok,11755,0.007,
tile_015716,train,ok,11674,0.008,
tile_015717,train,ok,12741,0.007,
tile_015718,train,ok,12556,0.006,
tile_015719,train,ok,5170,0.008,
tile_015720,train,ok,10487,0.008,
tile_015721,train,ok,12851,0.008,
tile_015722,train,ok,11978,0.006,
tile_015723,train,ok,13102,0.007,
tile_015724,test,ok,9335,0.006,
tile_015725,test,ok,11718,0.008,
tile_015726,train,ok,12411,0.007,
tile_015727,train,ok,11121,0.006,
tile_015728,train,ok,12248,0.006,
tile_015729,train,ok,11804,0.008,
tile_015730,train,ok,12835,0.01,
tile_015731,test,ok,11675,0.007,
tile_015732,train,ok,12585,0.007,
tile_015733,train,ok,12041,0.009,
tile_015734,train,ok,10936,0.008,
tile_015735,train,ok,11698,0.009,
tile_015736,train,ok,11969,0.008,
tile_015737,train,ok,11306,0.009,
tile_015738,train,ok,12480,0.007,
tile_015739,train,ok,11143,0.006,
tile_015740,train,ok,11016,0.007,
tile_015741,train,ok,12433,0.009,
tile_015742,val,ok,11326,0.007,
tile_015743,val,ok,12233,0.006,
tile_015744,val,ok,12827,0.008,
tile_015745,val,ok,11236,0.009,
tile_015746,train,ok,12875,0.009,
tile_015747,train,ok,11300,0.009,
tile_015748,train,ok,10635,0.007,
tile_015749,train,ok,10535,0.009,
tile_015750,train,ok,12522,0.007,
tile_015751,train,ok,12011,0.009,
tile_015752,train,ok,9607,0.009,
tile_015753,train,ok,11017,0.007,
tile_015754,train,ok,10770,0.007,
tile_015755,train,ok,7930,0.009,
tile_015756,train,ok,10712,0.009,
tile_015757,train,ok,10520,0.008,
tile_015758,train,ok,10850,0.007,
tile_015759,train,ok,12017,0.006,
tile_015760,train,ok,10683,0.006,
tile_015761,train,ok,12486,0.007,
tile_015762,val,ok,10568,0.006,
tile_015763,val,ok,12966,0.006,
tile_015764,train,ok,11906,0.007,
tile_015765,train,ok,11534,0.006,
tile_015766,train,ok,10811,0.006,
tile_015767,train,ok,10805,0.006,
tile_015768,train,ok,10325,0.007,
tile_015769,val,ok,11435,0.006,
tile_015770,train,ok,10819,0.007,
tile_015771,train,ok,11121,0.006,
tile_015772,train,ok,12509,0.007,
tile_015773,train,ok,12291,0.007,
tile_015774,train,ok,12247,0.006,
tile_015775,train,ok,12372,0.006,
tile_015776,train,ok,12542,0.007,
tile_015777,train,ok,11707,0.006,
tile_015778,train,ok,12105,0.006,
tile_015779,train,ok,12320,0.007,
tile_015780,test,ok,12929,0.009,
tile_015781,train,ok,11822,0.008,
tile_015782,train,ok,11883,0.01,
tile_015783,train,ok,12610,0.009,
tile_015784,train,ok,11797,0.01,
tile_015785,train,ok,12816,0.009,
tile_015786,train,ok,11399,0.008,
tile_015787,train,ok,12545,0.008,
tile_015788,test,ok,12411,0.008,
tile_015789,train,ok,12956,0.009,
tile_015790,train,ok,12161,0.008,
tile_015791,train,ok,11168,0.008,
tile_015792,train,ok,11155,0.008,
tile_015793,train,ok,12956,0.009,
tile_015794,train,ok,12532,0.008,
tile_015795,train,ok,11693,0.009,
tile_015796,train,ok,12627,0.008,
tile_015797,train,ok,11831,0.008,
tile_015798,train,ok,8804,0.008,
tile_015799,train,ok,7882,0.008,
tile_015800,train,ok,9251,0.009,
tile_015801,train,ok,5693,0.008,
tile_015802,train,ok,12861,0.009,
tile_015803,train,ok,12846,0.009,
tile_015804,train,ok,12071,0.008,
tile_015805,train,ok,13018,0.009,
tile_015806,train,ok,12256,0.008,
tile_015807,test,ok,10043,0.008,
tile_015808,test,ok,10868,0.008,
tile_015809,train,ok,12822,0.008,
tile_015810,train,ok,13061,0.008,
tile_015811,train,ok,12207,0.008,
tile_015812,train,ok,12839,0.008,
tile_015813,train,ok,10269,0.006,
tile_015814,train,ok,11560,0.007,
tile_015815,val,ok,12684,0.008,
tile_015816,train,ok,12831,0.008,
tile_015817,test,ok,13088,0.007,
tile_015818,train,ok,11644,0.006,
tile_015819,train,ok,10749,0.007,
tile_015820,train,ok,11770,0.007,
tile_015821,train,ok,11060,0.007,
tile_015822,train,ok,11728,0.007,
tile_015823,train,ok,12661,0.008,
tile_015824,train,ok,11495,0.008,
tile_015825,train,ok,10915,0.006,
tile_015826,train,ok,12024,0.008,
tile_015827,train,ok,12819,0.008,
tile_015828,train,ok,11377,0.007,
tile_015829,train,ok,12069,0.006,
tile_015830,train,ok,12666,0.006,
tile_015831,train,ok,11939,0.007,
tile_015832,val,ok,12427,0.006,
tile_015833,val,ok,12879,0.006,
tile_015834,train,ok,12520,0.006,
tile_015835,train,ok,11786,0.006,
tile_015836,train,ok,11628,0.007,
tile_015837,train,ok,12220,0.006,
tile_015838,val,ok,12520,0.006,
tile_015839,val,ok,9617,0.006,
tile_015840,val,ok,12967,0.007,
tile_015841,train,ok,11479,0.006,
tile_015842,train,ok,10757,0.006,
tile_015843,train,ok,11055,0.008,
tile_015844,train,ok,11950,0.009,
tile_015845,train,ok,9972,0.007,
tile_015846,train,ok,10881,0.007,
tile_015847,train,ok,12466,0.007,
tile_015848,train,ok,8966,0.007,
tile_015849,train,ok,11048,0.006,
tile_015850,train,ok,12770,0.006,
tile_015851,train,ok,11141,0.007,
tile_015852,train,ok,10701,0.007,
tile_015853,train,ok,10779,0.007,
tile_015854,train,ok,11566,0.007,
tile_015855,train,ok,10942,0.007,
tile_015856,val,ok,11521,0.006,
tile_015857,train,ok,12999,0.006,
tile_015858,train,ok,11469,0.006,
tile_015859,train,ok,9592,0.007,
tile_015860,val,ok,10347,0.007,
tile_015861,train,ok,12503,0.006,
tile_015862,train,ok,12838,0.007,
tile_015863,test,ok,11853,0.006,
tile_015864,train,ok,11009,0.006,
tile_015865,train,ok,12753,0.006,
tile_015866,train,ok,11646,0.007,
tile_015867,train,ok,12941,0.008,
tile_015868,train,ok,13078,0.006,
tile_015869,train,ok,12990,0.007,
tile_015870,train,ok,12718,0.006,
tile_015871,train,ok,12497,0.007,
tile_015872,train,ok,13076,0.006,
tile_015873,train,ok,12897,0.006,
tile_015874,val,ok,12851,0.008,
tile_015875,train,ok,11720,0.006,
tile_015876,train,ok,11749,0.006,
tile_015877,train,ok,12514,0.006,
tile_015878,train,ok,12031,0.008,
tile_015879,train,ok,13147,0.007,
tile_015880,train,ok,13009,0.008,
tile_015881,train,ok,12888,0.007,
tile_015882,train,ok,12729,0.006,
tile_015883,train,ok,12467,0.006,
tile_015884,train,ok,12980,0.006,
tile_015885,train,ok,12119,0.008,
tile_015886,train,ok,12673,0.007,
tile_015887,test,ok,11343,0.007,
tile_015888,test,ok,12229,0.006,
tile_015889,test,ok,11278,0.007,
tile_015890,train,ok,12044,0.008,
tile_015891,train,ok,7338,0.007,
tile_015892,train,ok,8801,0.008,
tile_015893,train,ok,10383,0.008,
tile_015894,train,ok,12839,0.008,
tile_015895,train,ok,12836,0.007,
tile_015896,train,ok,10525,0.007,
tile_015897,test,ok,12428,0.007,
tile_015898,test,ok,12585,0.008,
tile_015899,test,ok,10636,0.011,
tile_015900,train,ok,12059,0.009,
tile_015901,train,ok,12696,0.009,
tile_015902,train,ok,12567,0.008,
tile_015903,train,ok,12585,0.008,
tile_015904,train,ok,12347,0.008,
tile_015905,train,ok,12176,0.007,
tile_015906,train,ok,11463,0.008,
tile_015907,train,ok,12066,0.009,
tile_015908,train,ok,11697,0.008,
tile_015909,train,ok,12818,0.008,
tile_015910,train,ok,12050,0.008,
tile_015911,train,ok,12798,0.008,
tile_015912,train,ok,10425,0.008,
tile_015913,train,ok,9069,0.008,
tile_015914,train,ok,12527,0.009,
tile_015915,val,ok,10737,0.008,
tile_015916,val,ok,12097,0.008,
tile_015917,train,ok,12986,0.008,
tile_015918,train,ok,10126,0.009,
tile_015919,train,ok,12640,0.008,
tile_015920,train,ok,12760,0.008,
tile_015921,train,ok,13071,0.008,
tile_015922,train,ok,13122,0.008,
tile_015923,train,ok,12128,0.009,
tile_015924,train,ok,9708,0.008,
tile_015925,train,ok,10475,0.009,
tile_015926,train,ok,12940,0.009,
tile_015927,train,ok,12320,0.007,
tile_015928,val,ok,11784,0.008,
tile_015929,val,ok,12711,0.007,
tile_015930,val,ok,12000,0.008,
tile_015931,val,ok,13097,0.009,
tile_015932,train,ok,12026,0.007,
tile_015933,val,ok,9980,0.007,
tile_015934,val,ok,11865,0.009,
tile_015935,test,ok,11731,0.008,
tile_015936,test,ok,12183,0.009,
tile_015937,train,ok,11368,0.009,
tile_015938,test,ok,12797,0.012,
tile_015939,test,ok,9826,0.011,
tile_015940,test,ok,11847,0.011,
tile_015941,train,ok,11859,0.011,
tile_015942,train,ok,12184,0.01,
tile_015943,train,ok,12687,0.011,
tile_015944,train,ok,12183,0.011,
tile_015945,train,ok,10769,0.01,
tile_015946,train,ok,13066,0.009,
tile_015947,train,ok,12525,0.01,
tile_015948,train,ok,13067,0.008,
tile_015949,train,ok,12332,0.009,
tile_015950,train,ok,10638,0.009,
tile_015951,train,ok,11661,0.01,
tile_015952,train,ok,11580,0.009,
tile_015953,train,ok,9734,0.009,
tile_015954,train,ok,10625,0.008,
tile_015955,train,ok,12756,0.008,
tile_015956,train,ok,8057,0.008,
tile_015957,train,ok,10681,0.008,
tile_015958,train,ok,10796,0.009,
tile_015959,train,ok,12578,0.009,
tile_015960,train,ok,12892,0.008,
tile_015961,train,ok,12565,0.009,
tile_015962,train,ok,12834,0.009,
tile_015963,train,ok,11273,0.01,
tile_015964,train,ok,10932,0.009,
tile_015965,train,ok,12196,0.01,
tile_015966,train,ok,12315,0.01,
tile_015967,train,ok,12707,0.01,
tile_015968,train,ok,13016,0.008,
tile_015969,train,ok,13003,0.009,
tile_015970,train,ok,11007,0.008,
tile_015971,test,ok,11799,0.008,
tile_015972,test,ok,11132,0.009,
tile_015973,test,ok,12860,0.009,
tile_015974,test,ok,10388,0.008,
tile_015975,train,ok,11864,0.008,
tile_015976,val,ok,12759,0.01,
tile_015977,train,ok,12549,0.01,
tile_015978,train,ok,12424,0.01,
tile_015979,train,ok,12662,0.009,
tile_015980,train,ok,13141,0.01,
tile_015981,train,ok,12927,0.008,
tile_015982,train,ok,12801,0.01,
tile_015983,train,ok,11921,0.009,
tile_015984,train,ok,12496,0.01,
tile_015985,train,ok,12511,0.011,
tile_015986,val,ok,11914,0.008,
tile_015987,val,ok,10987,0.009,
tile_015988,train,ok,11289,0.009,
tile_015989,train,ok,11865,0.007,
tile_015990,train,ok,11914,0.011,
tile_015991,train,ok,11378,0.009,
tile_015992,train,ok,12544,0.009,
tile_015993,train,ok,11908,0.009,
tile_015994,train,ok,11946,0.01,
tile_015995,train,ok,10955,0.01,
tile_015996,val,ok,11593,0.011,
tile_015997,val,ok,12195,0.01,
tile_015998,val,ok,11912,0.009,
tile_015999,train,ok,9150,0.008,
tile_016000,train,ok,10463,0.009,
tile_016001,train,ok,12388,0.01,
tile_016002,train,ok,10374,0.008,
tile_016003,val,ok,11306,0.008,
tile_016004,val,ok,12280,0.009,
tile_016005,val,ok,11092,0.008,
tile_016006,val,ok,12507,0.008,
tile_016007,test,ok,10732,0.009,
tile_016008,test,ok,11097,0.009,
tile_016009,test,ok,10936,0.009,
tile_016010,test,ok,10666,0.008,
tile_016011,train,ok,11069,0.01,
tile_016012,train,ok,13105,0.008,
tile_016013,train,ok,12758,0.009,
tile_016014,train,ok,12794,0.008,
tile_016015,train,ok,11884,0.009,
tile_016016,train,ok,13028,0.006,
tile_016017,train,ok,12585,0.009,
tile_016018,test,ok,11253,0.011,
tile_016019,test,ok,12192,0.01,
tile_016020,train,ok,11771,0.008,
tile_016021,train,ok,12410,0.015,
tile_016022,train,ok,12928,0.013,
tile_016023,train,ok,13080,0.016,
tile_016024,train,ok,12488,0.015,
tile_016025,train,ok,11585,0.012,
tile_016026,train,ok,11413,0.013,
tile_016027,train,ok,12982,0.013,
tile_016028,train,ok,10727,0.013,
tile_016029,train,ok,12844,0.012,
tile_016030,train,ok,12812,0.012,
tile_016031,train,ok,12358,0.011,
tile_016032,train,ok,12816,0.012,
tile_016033,train,ok,10975,0.013,
tile_016034,train,ok,9982,0.014,
tile_016035,train,ok,12069,0.017,
tile_016036,train,ok,12062,0.017,
tile_016037,train,ok,11358,0.01,
tile_016038,train,ok,12940,0.011,
tile_016039,train,ok,12469,0.01,
tile_016040,train,ok,11088,0.011,
tile_016041,train,ok,11178,0.011,
tile_016042,train,ok,9632,0.011,
tile_016043,train,ok,11882,0.01,
tile_016044,train,ok,7073,0.01,
tile_016045,train,ok,11490,0.009,
tile_016046,train,ok,12584,0.01,
tile_016047,train,ok,12968,0.008,
tile_016048,train,ok,11082,0.01,
tile_016049,train,ok,13029,0.008,
tile_016050,train,ok,13047,0.009,
tile_016051,train,ok,11137,0.007,
tile_016052,train,ok,11937,0.008,
tile_016053,train,ok,12225,0.008,
tile_016054,test,ok,12822,0.007,
tile_016055,test,ok,12671,0.01,
tile_016056,test,ok,9414,0.008,
tile_016057,test,ok,12568,0.008,
tile_016058,train,ok,12151,0.008,
tile_016059,train,ok,11408,0.008,
tile_016060,train,ok,11581,0.008,
tile_016061,train,ok,13102,0.009,
tile_016062,train,ok,11653,0.008,
tile_016063,train,ok,10968,0.008,
tile_016064,val,ok,11901,0.007,
tile_016065,val,ok,10249,0.009,
tile_016066,val,ok,12765,0.009,
tile_016067,train,ok,12605,0.01,
tile_016068,train,ok,13067,0.009,
tile_016069,train,ok,12516,0.009,
tile_016070,train,ok,11701,0.009,
tile_016071,train,ok,12466,0.008,
tile_016072,train,ok,11455,0.009,
tile_016073,train,ok,10941,0.008,
tile_016074,train,ok,9492,0.008,
tile_016075,val,ok,10454,0.009,
tile_016076,train,ok,12799,0.01,
tile_016077,train,ok,12909,0.009,
tile_016078,train,ok,13082,0.009,
tile_016079,val,ok,10687,0.009,
tile_016080,val,ok,12473,0.009,
tile_016081,val,ok,12254,0.009,
tile_016082,val,ok,11545,0.009,
tile_016083,test,ok,10428,0.009,
tile_016084,test,ok,10318,0.009,
tile_016085,test,ok,11968,0.009,
tile_016086,test,ok,12739,0.011,
tile_016087,train,ok,12140,0.011,
tile_016088,train,ok,12222,0.01,
tile_016089,train,ok,10730,0.01,
tile_016090,train,ok,12829,0.011,
tile_016091,train,ok,12575,0.011,
tile_016092,train,ok,11560,0.01,
tile_016093,train,ok,12547,0.01,
tile_016094,test,ok,13085,0.01,
tile_016095,test,ok,11963,0.011,
tile_016096,test,ok,12564,0.01,
tile_016097,train,ok,12869,0.012,
tile_016098,train,ok,13134,0.01,
tile_016099,train,ok,12451,0.01,
tile_016100,train,ok,13032,0.009,
tile_016101,train,ok,13103,0.01,
tile_016102,train,ok,10999,0.011,
tile_016103,val,ok,12674,0.009,
tile_016104,train,ok,13034,0.009,
tile_016105,train,ok,12577,0.011,
tile_016106,train,ok,9945,0.01,
tile_016107,train,ok,12180,0.01,
tile_016108,train,ok,12984,0.009,
tile_016109,train,ok,12225,0.009,
tile_016110,train,ok,11851,0.01,
tile_016111,train,ok,11369,0.009,
tile_016112,train,ok,10840,0.01,
tile_016113,train,ok,10652,0.011,
tile_016114,train,ok,13055,0.009,
tile_016115,train,ok,7388,0.01,
tile_016116,test,ok,12123,0.011,
tile_016117,train,ok,13020,0.01,
tile_016118,train,ok,11148,0.012,
tile_016119,train,ok,11318,0.011,
tile_016120,train,ok,11591,0.011,
tile_016121,train,ok,12873,0.009,
tile_016122,train,ok,13018,0.009,
tile_016123,train,ok,12524,0.011,
tile_016124,train,ok,12947,0.01,
tile_016125,train,ok,11541,0.01,
tile_016126,train,ok,12627,0.01,
tile_016127,train,ok,11878,0.009,
tile_016128,test,ok,12804,0.009,
tile_016129,test,ok,10925,0.009,
tile_016130,train,ok,11227,0.01,
tile_016131,train,ok,12469,0.01,
tile_016132,train,ok,12751,0.01,
tile_016133,train,ok,11003,0.01,
tile_016134,train,ok,11328,0.009,
tile_016135,train,ok,11679,0.009,
tile_016136,val,ok,8970,0.009,
tile_016137,train,ok,10364,0.009,
tile_016138,train,ok,10727,0.01,
tile_016139,train,ok,10499,0.008,
tile_016140,train,ok,8606,0.009,
tile_016141,train,ok,9918,0.009,
tile_016142,train,ok,11014,0.009,
tile_016143,train,ok,10947,0.008,
tile_016144,train,ok,11584,0.008,
tile_016145,train,ok,10367,0.01,
tile_016146,val,ok,12190,0.008,
tile_016147,train,ok,10635,0.009,
tile_016148,val,ok,12567,0.009,
tile_016149,val,ok,12854,0.008,
tile_016150,test,ok,11687,0.009,
tile_016151,test,ok,9079,0.01,
tile_016152,test,ok,10746,0.008,
tile_016153,test,ok,10951,0.007,
tile_016154,train,ok,11919,0.007,
tile_016155,train,ok,12086,0.009,
tile_016156,train,ok,12415,0.01,
tile_016157,train,ok,12407,0.01,
tile_016158,train,ok,11690,0.01,
tile_016159,train,ok,9332,0.009,
tile_016160,train,ok,11312,0.008,
tile_016161,train,ok,10246,0.009,
tile_016162,train,ok,12763,0.009,
tile_016163,train,ok,12584,0.009,
tile_016164,train,ok,12883,0.009,
tile_016165,test,ok,10945,0.008,
tile_016166,test,ok,11119,0.009,
tile_016167,test,ok,10367,0.009,
tile_016168,train,ok,12548,0.008,
tile_016169,train,ok,12835,0.009,
tile_016170,train,ok,12854,0.008,
tile_016171,train,ok,12670,0.009,
tile_016172,train,ok,12982,0.009,
tile_016173,train,ok,12039,0.009,
tile_016174,train,ok,12231,0.01,
tile_016175,train,ok,11682,0.008,
tile_016176,train,ok,9892,0.009,
tile_016177,train,ok,9558,0.007,
tile_016178,train,ok,9899,0.01,
tile_016179,test,ok,9166,0.008,
tile_016180,test,ok,11386,0.008,
tile_016181,train,ok,12634,0.008,
tile_016182,train,ok,12623,0.01,
tile_016183,train,ok,12778,0.01,
tile_016184,train,ok,12928,0.009,
tile_016185,train,ok,8975,0.01,
tile_016186,test,ok,10833,0.011,
tile_016187,test,ok,10914,0.01,
tile_016188,test,ok,9911,0.011,
tile_016189,test,ok,12190,0.01,
tile_016190,test,ok,11994,0.011,
tile_016191,test,ok,11400,0.01,
tile_016192,train,ok,11888,0.011,
tile_016193,train,ok,12359,0.01,
tile_016194,train,ok,13130,0.012,
tile_016195,train,ok,12666,0.011,
tile_016196,train,ok,11666,0.011,
tile_016197,train,ok,11168,0.011,
tile_016198,train,ok,10987,0.012,
tile_016199,train,ok,12012,0.011,
tile_016200,train,ok,12858,0.012,
tile_016201,train,ok,12567,0.012,
tile_016202,train,ok,12540,0.01,
tile_016203,train,ok,13154,0.009,
tile_016204,train,ok,11348,0.01,
tile_016205,train,ok,13057,0.011,
tile_016206,train,ok,13071,0.009,
tile_016207,val,ok,11941,0.009,
tile_016208,val,ok,12377,0.009,
tile_016209,train,ok,12936,0.009,
tile_016210,train,ok,12827,0.008,
tile_016211,train,ok,12470,0.008,
tile_016212,test,ok,10870,0.01,
tile_016213,train,ok,10456,0.01,
tile_016214,train,ok,8331,0.01,
tile_016215,train,ok,12219,0.01,
tile_016216,train,ok,12952,0.009,
tile_016217,train,ok,12318,0.009,
tile_016218,train,ok,11559,0.008,
tile_016219,test,ok,11832,0.01,
tile_016220,train,ok,11409,0.011,
tile_016221,train,ok,10594,0.011,
tile_016222,train,ok,11750,0.011,
tile_016223,train,ok,10524,0.01,
tile_016224,train,ok,11552,0.013,
tile_016225,train,ok,11517,0.012,
tile_016226,train,ok,12050,0.012,
tile_016227,train,ok,11801,0.011,
tile_016228,train,ok,11425,0.012,
tile_016229,train,ok,12473,0.011,
tile_016230,train,ok,11791,0.01,
tile_016231,train,ok,12968,0.011,
tile_016232,train,ok,12826,0.012,
tile_016233,test,ok,12382,0.012,
tile_016234,test,ok,12675,0.011,
tile_016235,train,ok,12741,0.012,
tile_016236,train,ok,9960,0.01,
tile_016237,train,ok,12631,0.012,
tile_016238,val,ok,10519,0.01,
tile_016239,val,ok,13096,0.013,
tile_016240,train,ok,12321,0.012,
tile_016241,test,ok,11701,0.013,
tile_016242,test,ok,11488,0.013,
tile_016243,test,ok,10119,0.011,
tile_016244,train,ok,13086,0.009,
tile_016245,train,ok,11200,0.01,
tile_016246,train,ok,11438,0.01,
tile_016247,val,ok,12867,0.01,
tile_016248,train,ok,11298,0.009,
tile_016249,train,ok,11112,0.01,
tile_016250,train,ok,9194,0.01,
tile_016251,train,ok,9094,0.01,
tile_016252,train,ok,9540,0.01,
tile_016253,test,ok,8734,0.01,
tile_016254,test,ok,11886,0.011,
tile_016255,test,ok,12141,0.01,
tile_016256,train,ok,12296,0.008,
tile_016257,val,ok,11782,0.009,
tile_016258,train,ok,11492,0.008,
tile_016259,train,ok,11440,0.009,
tile_016260,train,ok,12753,0.009,
tile_016261,val,ok,10940,0.01,
tile_016262,test,ok,11951,0.009,
tile_016263,test,ok,12075,0.009,
tile_016264,test,ok,9409,0.009,
tile_016265,train,ok,12970,0.009,
tile_016266,train,ok,13038,0.009,
tile_016267,train,ok,11852,0.009,
tile_016268,train,ok,12640,0.01,
tile_016269,train,ok,12388,0.01,
tile_016270,train,ok,12965,0.01,
tile_016271,train,ok,9769,0.01,
tile_016272,train,ok,11174,0.01,
tile_016273,train,ok,11237,0.01,
tile_016274,train,ok,12022,0.009,
tile_016275,train,ok,11968,0.01,
tile_016276,train,ok,12634,0.01,
tile_016277,train,ok,12745,0.009,
tile_016278,train,ok,12062,0.011,
tile_016279,train,ok,12182,0.01,
tile_016280,val,ok,13070,0.01,
tile_016281,val,ok,12819,0.01,
tile_016282,train,ok,11630,0.01,
tile_016283,train,ok,12646,0.01,
tile_016284,test,ok,12116,0.01,
tile_016285,test,ok,12465,0.01,
tile_016286,train,ok,11529,0.009,
tile_016287,train,ok,9971,0.009,
tile_016288,train,ok,11331,0.009,
tile_016289,train,ok,11027,0.01,
tile_016290,train,ok,11460,0.011,
tile_016291,train,ok,11669,0.011,
tile_016292,train,ok,12866,0.01,
tile_016293,train,ok,11467,0.01,
tile_016294,test,ok,11557,0.01,
tile_016295,train,ok,13134,0.01,
tile_016296,train,ok,11701,0.011,
tile_016297,train,ok,12313,0.009,
tile_016298,train,ok,12632,0.01,
tile_016299,train,ok,10350,0.01,
tile_016300,train,ok,12139,0.008,
tile_016301,train,ok,12094,0.01,
tile_016302,train,ok,11500,0.01,
tile_016303,train,ok,10875,0.01,
tile_016304,train,ok,10340,0.009,
tile_016305,train,ok,11895,0.01,
tile_016306,train,ok,10824,0.008,
tile_016307,train,ok,11558,0.01,
tile_016308,train,ok,11646,0.009,
tile_016309,train,ok,12684,0.01,
tile_016310,train,ok,11284,0.009,
tile_016311,train,ok,11468,0.01,
tile_016312,train,ok,12082,0.01,
tile_016313,test,ok,12102,0.01,
tile_016314,test,ok,11641,0.009,
tile_016315,train,ok,13133,0.009,
tile_016316,train,ok,8618,0.01,
tile_016317,train,ok,7185,0.009,
tile_016318,test,ok,12889,0.009,
tile_016319,test,ok,11235,0.009,
tile_016320,train,ok,12602,0.009,
tile_016321,train,ok,11955,0.009,
tile_016322,train,ok,10110,0.009,
tile_016323,train,ok,10485,0.009,
tile_016324,train,ok,11091,0.009,
tile_016325,train,ok,10007,0.01,
tile_016326,test,ok,10330,0.01,
tile_016327,test,ok,10857,0.01,
tile_016328,test,ok,12024,0.012,
tile_016329,train,ok,12248,0.012,
tile_016330,test,ok,12882,0.01,
tile_016331,train,ok,12535,0.011,
tile_016332,train,ok,12722,0.012,
tile_016333,train,ok,12535,0.01,
tile_016334,train,ok,11836,0.012,
tile_016335,train,ok,13050,0.01,
tile_016336,train,ok,12670,0.01,
tile_016337,train,ok,11432,0.01,
tile_016338,val,ok,10576,0.01,
tile_016339,val,ok,12824,0.01,
tile_016340,val,ok,11625,0.01,
tile_016341,test,ok,9846,0.01,
tile_016342,test,ok,9329,0.011,
tile_016343,test,ok,9289,0.011,
tile_016344,test,ok,12057,0.01,
tile_016345,test,ok,9603,0.008,
tile_016346,train,ok,11637,0.007,
tile_016347,train,ok,11266,0.008,
tile_016348,train,ok,12890,0.008,
tile_016349,train,ok,13021,0.009,
tile_016350,train,ok,11373,0.008,
tile_016351,train,ok,11382,0.008,
tile_016352,train,ok,10865,0.01,
tile_016353,train,ok,11869,0.008,
tile_016354,train,ok,10195,0.01,
tile_016355,test,ok,11645,0.01,
tile_016356,test,ok,12911,0.008,
tile_016357,test,ok,12897,0.008,
tile_016358,test,ok,12252,0.01,
tile_016359,train,ok,12627,0.009,
tile_016360,train,ok,12018,0.008,
tile_016361,train,ok,11966,0.009,
tile_016362,train,ok,12034,0.009,
tile_016363,val,ok,12751,0.008,
tile_016364,val,ok,10828,0.008,
tile_016365,train,ok,12924,0.007,
tile_016366,train,ok,12286,0.008,
tile_016367,train,ok,11512,0.008,
tile_016368,train,ok,12233,0.008,
tile_016369,train,ok,10713,0.008,
tile_016370,train,ok,12567,0.008,
tile_016371,train,ok,12282,0.009,
tile_016372,train,ok,13130,0.008,
tile_016373,train,ok,12131,0.008,
tile_016374,train,ok,12750,0.008,
tile_016375,train,ok,12533,0.009,
tile_016376,train,ok,9751,0.008,
tile_016377,train,ok,12868,0.009,
tile_016378,train,ok,12230,0.009,
tile_016379,test,ok,12374,0.009,
tile_016380,train,ok,12369,0.008,
tile_016381,train,ok,11734,0.007,
tile_016382,train,ok,11186,0.007,
tile_016383,train,ok,10798,0.007,
tile_016384,test,ok,12806,0.007,
tile_016385,train,ok,11224,0.007,
tile_016386,train,ok,12491,0.006,
tile_016387,train,ok,12388,0.006,
tile_016388,train,ok,12833,0.008,
tile_016389,test,ok,13107,0.006,
tile_016390,train,ok,11821,0.007,
tile_016391,train,ok,12780,0.006,
tile_016392,train,ok,12977,0.007,
tile_016393,train,ok,11691,0.006,
tile_016394,train,ok,13018,0.006,
tile_016395,train,ok,12658,0.006,
tile_016396,test,ok,10010,0.007,
tile_016397,test,ok,11457,0.007,
tile_016398,test,ok,12528,0.007,
tile_016399,train,ok,9116,0.007,
tile_016400,train,ok,11994,0.006,
tile_016401,val,ok,11966,0.006,
tile_016402,val,ok,12350,0.007,
tile_016403,train,ok,11189,0.007,
tile_016404,train,ok,12952,0.007,
tile_016405,train,ok,12332,0.007,
tile_016406,train,ok,11806,0.007,
tile_016407,train,ok,11203,0.007,
tile_016408,train,ok,13107,0.007,
tile_016409,train,ok,13110,0.007,
tile_016410,train,ok,13052,0.008,
tile_016411,train,ok,12268,0.007,
tile_016412,test,ok,11986,0.007,
tile_016413,train,ok,11368,0.006,
tile_016414,train,ok,12806,0.008,
tile_016415,train,ok,11905,0.008,
tile_016416,train,ok,10195,0.007,
tile_016417,val,ok,12109,0.008,
tile_016418,val,ok,12087,0.007,
tile_016419,val,ok,12979,0.009,
tile_016420,train,ok,12128,0.007,
tile_016421,train,ok,11798,0.006,
tile_016422,train,ok,11825,0.008,
tile_016423,train,ok,12350,0.007,
tile_016424,train,ok,11358,0.006,
tile_016425,train,ok,12686,0.007,
tile_016426,train,ok,11758,0.008,
tile_016427,train,ok,11050,0.007,
tile_016428,train,ok,10459,0.008,
tile_016429,train,ok,12040,0.006,
tile_016430,train,ok,13056,0.006,
tile_016431,train,ok,12873,0.007,
tile_016432,train,ok,12257,0.008,
tile_016433,train,ok,11945,0.006,
tile_016434,train,ok,10409,0.007,
tile_016435,train,ok,12210,0.008,
tile_016436,train,ok,12104,0.008,
tile_016437,train,ok,11161,0.01,
tile_016438,train,ok,12885,0.012,
tile_016439,train,ok,12496,0.012,
tile_016440,train,ok,12482,0.012,
tile_016441,train,ok,10852,0.012,
tile_016442,train,ok,12476,0.012,
tile_016443,val,ok,11822,0.012,
tile_016444,train,ok,12944,0.012,
tile_016445,train,ok,9473,0.013,
tile_016446,train,ok,12094,0.012,
tile_016447,test,ok,12647,0.011,
tile_016448,train,ok,10858,0.012,
tile_016449,train,ok,12842,0.013,
tile_016450,train,ok,12239,0.011,
tile_016451,train,ok,13069,0.01,
tile_016452,train,ok,12376,0.011,
tile_016453,train,ok,11779,0.012,
tile_016454,train,ok,12422,0.011,
tile_016455,train,ok,12873,0.011,
tile_016456,train,ok,12884,0.011,
tile_016457,train,ok,9379,0.01,
tile_016458,test,ok,11290,0.011,
tile_016459,train,ok,12868,0.009,
tile_016460,train,ok,11850,0.01,
tile_016461,train,ok,12179,0.009,
tile_016462,train,ok,13016,0.009,
tile_016463,train,ok,12752,0.008,
tile_016464,train,ok,12997,0.008,
tile_016465,test,ok,12614,0.008,
tile_016466,test,ok,12338,0.007,
tile_016467,test,ok,11558,0.008,
tile_016468,test,ok,12030,0.008,
tile_016469,train,ok,13095,0.009,
tile_016470,train,ok,12039,0.008,
tile_016471,train,ok,12939,0.009,
tile_016472,train,ok,12768,0.009,
tile_016473,test,ok,11860,0.009,
tile_016474,train,ok,11126,0.008,
tile_016475,train,ok,11990,0.009,
tile_016476,train,ok,11452,0.008,
tile_016477,train,ok,12522,0.008,
tile_016478,train,ok,12995,0.008,
tile_016479,train,ok,12419,0.009,
tile_016480,train,ok,12986,0.009,
tile_016481,train,ok,10118,0.008,
tile_016482,train,ok,12039,0.008,
tile_016483,train,ok,11308,0.007,
tile_016484,train,ok,13004,0.007,
tile_016485,train,ok,12401,0.008,
tile_016486,train,ok,9656,0.008,
tile_016487,train,ok,11934,0.008,
tile_016488,test,ok,12516,0.007,
tile_016489,test,ok,10718,0.007,
tile_016490,test,ok,11941,0.009,
tile_016491,test,ok,12818,0.009,
tile_016492,test,ok,11302,0.009,
tile_016493,test,ok,12214,0.008,
tile_016494,train,ok,11479,0.008,
tile_016495,train,ok,11345,0.007,
tile_016496,train,ok,10859,0.009,
tile_016497,train,ok,12637,0.01,
tile_016498,train,ok,13102,0.009,
tile_016499,train,ok,12203,0.009,
tile_016500,train,ok,12760,0.008,
tile_016501,train,ok,11421,0.008,
tile_016502,train,ok,12828,0.008,
tile_016503,train,ok,11217,0.008,
tile_016504,train,ok,12966,0.009,
tile_016505,train,ok,10827,0.008,
tile_016506,train,ok,12430,0.007,
tile_016507,train,ok,12503,0.009,
tile_016508,train,ok,13066,0.009,
tile_016509,train,ok,11393,0.009,
tile_016510,test,ok,12662,0.009,
tile_016511,val,ok,12481,0.009,
tile_016512,test,ok,12181,0.009,
tile_016513,test,ok,12296,0.007,
tile_016514,val,ok,10436,0.008,
tile_016515,val,ok,13050,0.009,
tile_016516,train,ok,11291,0.009,
tile_016517,train,ok,13000,0.01,
tile_016518,test,ok,12972,0.009,
tile_016519,test,ok,11729,0.007,
tile_016520,test,ok,11328,0.008,
tile_016521,test,ok,11975,0.008,
tile_016522,train,ok,11693,0.009,
tile_016523,train,ok,10326,0.009,
tile_016524,train,ok,10884,0.01,
tile_016525,train,ok,12041,0.009,
tile_016526,train,ok,12955,0.01,
tile_016527,train,ok,12226,0.009,
tile_016528,test,ok,12585,0.007,
tile_016529,train,ok,13072,0.007,
tile_016530,train,ok,11088,0.008,
tile_016531,train,ok,11957,0.007,
tile_016532,train,ok,12513,0.006,
tile_016533,train,ok,12749,0.008,
tile_016534,train,ok,12461,0.009,
tile_016535,train,ok,12684,0.008,
tile_016536,train,ok,12759,0.008,
tile_016537,train,ok,11590,0.009,
tile_016538,train,ok,12703,0.009,
tile_016539,train,ok,8996,0.008,
tile_016540,train,ok,12581,0.009,
tile_016541,train,ok,11077,0.009,
tile_016542,train,ok,12008,0.008,
tile_016543,train,ok,10307,0.007,
tile_016544,train,ok,10691,0.009,
tile_016545,test,ok,10251,0.009,
tile_016546,test,ok,10367,0.008,
tile_016547,test,ok,10414,0.009,
tile_016548,test,ok,10994,0.008,
tile_016549,train,ok,12409,0.009,
tile_016550,train,ok,9142,0.009,
tile_016551,train,ok,11712,0.008,
tile_016552,train,ok,10408,0.007,
tile_016553,train,ok,12970,0.009,
tile_016554,train,ok,12922,0.01,
tile_016555,train,ok,13101,0.009,
tile_016556,train,ok,11791,0.008,
tile_016557,train,ok,12323,0.009,
tile_016558,train,ok,12954,0.009,
tile_016559,train,ok,10569,0.01,
tile_016560,train,ok,10236,0.01,
tile_016561,train,ok,12595,0.008,
tile_016562,train,ok,12952,0.008,
tile_016563,train,ok,9868,0.008,
tile_016564,train,ok,10673,0.009,
tile_016565,train,ok,11007,0.01,
tile_016566,train,ok,11437,0.009,
tile_016567,val,ok,12316,0.009,
tile_016568,train,ok,11783,0.009,
tile_016569,train,ok,13022,0.007,
tile_016570,val,ok,12662,0.008,
tile_016571,val,ok,11996,0.009,
tile_016572,train,ok,11587,0.009,
tile_016573,train,ok,11797,0.007,
tile_016574,train,ok,11971,0.009,
tile_016575,train,ok,12673,0.009,
tile_016576,test,ok,12413,0.009,
tile_016577,test,ok,11432,0.009,
tile_016578,test,ok,12201,0.01,
tile_016579,train,ok,11305,0.01,
tile_016580,train,ok,10766,0.009,
tile_016581,train,ok,12717,0.008,
tile_016582,train,ok,12739,0.009,
tile_016583,val,ok,12610,0.009,
tile_016584,test,ok,12730,0.01,
tile_016585,train,ok,12876,0.008,
tile_016586,train,ok,12180,0.008,
tile_016587,train,ok,10311,0.008,
tile_016588,train,ok,12593,0.01,
tile_016589,train,ok,10309,0.008,
tile_016590,train,ok,10500,0.008,
tile_016591,train,ok,12269,0.008,
tile_016592,train,ok,11500,0.007,
tile_016593,train,ok,11076,0.008,
tile_016594,test,ok,11507,0.008,
tile_016595,test,ok,11149,0.007,
tile_016596,test,ok,11536,0.007,
tile_016597,train,ok,13044,0.008,
tile_016598,train,ok,8426,0.009,
tile_016599,train,ok,10883,0.008,
tile_016600,train,ok,10726,0.009,
tile_016601,train,ok,10390,0.01,
tile_016602,train,ok,10728,0.01,
tile_016603,train,ok,12600,0.009,
tile_016604,train,ok,12846,0.008,
tile_016605,train,ok,12081,0.009,
tile_016606,train,ok,11884,0.008,
tile_016607,train,ok,13073,0.008,
tile_016608,train,ok,11942,0.008,
tile_016609,train,ok,12797,0.009,
tile_016610,train,ok,7239,0.008,
tile_016611,train,ok,10850,0.008,
tile_016612,train,ok,10486,0.009,
tile_016613,train,ok,12449,0.009,
tile_016614,val,ok,12473,0.009,
tile_016615,test,ok,12606,0.008,
tile_016616,train,ok,12686,0.008,
tile_016617,train,ok,10743,0.096,
tile_016618,train,ok,12546,0.097,
tile_016619,train,ok,12060,0.096,
tile_016620,train,ok,12788,0.096,
tile_016621,val,ok,12185,0.01,
tile_016622,train,ok,12977,0.01,
tile_016623,train,ok,12478,0.012,
tile_016624,train,ok,10994,0.011,
tile_016625,train,ok,9436,0.008,
tile_016626,train,ok,10950,0.008,
tile_016627,train,ok,11903,0.008,
tile_016628,train,ok,10741,0.008,
tile_016629,train,ok,12868,0.009,
tile_016630,train,ok,12822,0.008,
tile_016631,test,ok,12030,0.009,
tile_016632,test,ok,12155,0.008,
tile_016633,test,ok,11915,0.009,
tile_016634,train,ok,12275,0.008,
tile_016635,train,ok,10237,0.009,
tile_016636,train,ok,12865,0.008,
tile_016637,train,ok,12292,0.008,
tile_016638,train,ok,13076,0.009,
tile_016639,train,ok,12515,0.009,
tile_016640,train,ok,12273,0.009,
tile_016641,train,ok,11587,0.009,
tile_016642,train,ok,12307,0.01,
tile_016643,train,ok,10618,0.008,
tile_016644,train,ok,10592,0.009,
tile_016645,train,ok,11550,0.007,
tile_016646,train,ok,12111,0.007,
tile_016647,train,ok,12387,0.008,
tile_016648,train,ok,11496,0.006,
tile_016649,train,ok,12359,0.006,
tile_016650,train,ok,9793,0.006,
tile_016651,train,ok,11803,0.007,
tile_016652,train,ok,10441,0.007,
tile_016653,val,ok,11633,0.006,
tile_016654,train,ok,11813,0.009,
tile_016655,train,ok,13001,0.007,
tile_016656,train,ok,10701,0.007,
tile_016657,train,ok,12610,0.006,
tile_016658,train,ok,12689,0.007,
tile_016659,train,ok,10005,0.006,
tile_016660,train,ok,12313,0.006,
tile_016661,train,ok,9850,0.006,
tile_016662,train,ok,8847,0.007,
tile_016663,train,ok,12145,0.006,
tile_016664,train,ok,12679,0.006,
tile_016665,train,ok,13083,0.007,
tile_016666,train,ok,12763,0.007,
tile_016667,train,ok,13083,0.006,
tile_016668,train,ok,11938,0.006,
tile_016669,train,ok,11836,0.005,
tile_016670,train,ok,11829,0.007,
tile_016671,val,ok,11447,0.008,
tile_016672,val,ok,12696,0.008,
tile_016673,val,ok,11168,0.008,
tile_016674,val,ok,12817,0.007,
tile_016675,val,ok,11630,0.007,
tile_016676,val,ok,12064,0.007,
tile_016677,val,ok,12948,0.007,
tile_016678,train,ok,11742,0.007,
tile_016679,train,ok,12456,0.007,
tile_016680,train,ok,12556,0.007,
tile_016681,train,ok,12440,0.007,
tile_016682,train,ok,10533,0.007,
tile_016683,train,ok,13066,0.007,
tile_016684,train,ok,12169,0.006,
tile_016685,train,ok,12154,0.006,
tile_016686,train,ok,12282,0.008,
tile_016687,train,ok,11907,0.007,
tile_016688,train,ok,11508,0.007,
tile_016689,train,ok,11223,0.007,
tile_016690,train,ok,11434,0.007,
tile_016691,val,ok,12770,0.008,
tile_016692,val,ok,11185,0.006,
tile_016693,train,ok,11639,0.007,
tile_016694,train,ok,12846,0.006,
tile_016695,train,ok,12912,0.006,
tile_016696,test,ok,11798,0.007,
tile_016697,test,ok,11341,0.007,
tile_016698,train,ok,12097,0.006,
tile_016699,test,ok,11616,0.006,
tile_016700,val,ok,12469,0.007,
tile_016701,train,ok,10576,0.007,
tile_016702,train,ok,12711,0.006,
tile_016703,train,ok,11605,0.008,
tile_016704,train,ok,10965,0.006,
tile_016705,train,ok,13103,0.006,
tile_016706,test,ok,12649,0.006,
tile_016707,train,ok,13091,0.007,
tile_016708,train,ok,11922,0.007,
tile_016709,train,ok,9126,0.007,
tile_016710,train,ok,12371,0.007,
tile_016711,train,ok,12389,0.007,
tile_016712,val,ok,12863,0.007,
tile_016713,val,ok,12865,0.007,
tile_016714,val,ok,12693,0.008,
tile_016715,val,ok,11426,0.007,
tile_016716,val,ok,11359,0.007,
tile_016717,val,ok,12483,0.008,
tile_016718,val,ok,12619,0.007,
tile_016719,val,ok,12000,0.01,
tile_016720,train,ok,11416,0.011,
tile_016721,train,ok,13129,0.009,
tile_016722,train,ok,12884,0.009,
tile_016723,train,ok,12496,0.008,
tile_016724,train,ok,12546,0.008,
tile_016725,train,ok,13116,0.008,
tile_016726,train,ok,12644,0.008,
tile_016727,train,ok,9676,0.009,
tile_016728,train,ok,12201,0.009,
tile_016729,train,ok,12206,0.008,
tile_016730,train,ok,12661,0.009,
tile_016731,train,ok,12620,0.009,
tile_016732,train,ok,11134,0.007,
tile_016733,train,ok,12875,0.008,
tile_016734,train,ok,12542,0.007,
tile_016735,train,ok,13062,0.008,
tile_016736,train,ok,12729,0.008,
tile_016737,train,ok,9345,0.007,
tile_016738,train,ok,11048,0.008,
tile_016739,train,ok,12524,0.009,
tile_016740,train,ok,12955,0.008,
tile_016741,train,ok,13080,0.007,
tile_016742,train,ok,11924,0.008,
tile_016743,train,ok,12114,0.008,
tile_016744,train,ok,11564,0.008,
tile_016745,train,ok,12329,0.007,
tile_016746,train,ok,12061,0.009,
tile_016747,train,ok,12189,0.009,
tile_016748,train,ok,12421,0.008,
tile_016749,train,ok,12340,0.009,
tile_016750,train,ok,11592,0.009,
tile_016751,train,ok,12213,0.007,
tile_016752,train,ok,11431,0.009,
tile_016753,train,ok,11941,0.008,
tile_016754,train,ok,12394,0.008,
tile_016755,train,ok,11651,0.01,
tile_016756,train,ok,13009,0.007,
tile_016757,train,ok,9976,0.009,
tile_016758,train,ok,12347,0.008,
tile_016759,train,ok,12857,0.01,
tile_016760,train,ok,11095,0.009,
tile_016761,val,ok,12940,0.008,
tile_016762,train,ok,10654,0.007,
tile_016763,val,ok,10668,0.009,
tile_016764,train,ok,11760,0.007,
tile_016765,train,ok,12151,0.008,
tile_016766,train,ok,11266,0.008,
tile_016767,train,ok,12333,0.008,
tile_016768,val,ok,12788,0.009,
tile_016769,train,ok,12185,0.007,
tile_016770,train,ok,10572,0.007,
tile_016771,train,ok,12054,0.008,
tile_016772,train,ok,12756,0.007,
tile_016773,train,ok,10971,0.007,
tile_016774,train,ok,11897,0.007,
tile_016775,train,ok,12913,0.006,
tile_016776,train,ok,12256,0.006,
tile_016777,train,ok,12646,0.006,
tile_016778,train,ok,13099,0.006,
tile_016779,train,ok,13019,0.006,
tile_016780,train,ok,11604,0.006,
tile_016781,train,ok,13060,0.006,
tile_016782,test,ok,11937,0.006,
tile_016783,val,ok,12510,0.006,
tile_016784,train,ok,12822,0.006,
tile_016785,test,ok,12884,0.006,
tile_016786,train,ok,8678,0.006,
tile_016787,train,ok,10802,0.006,
tile_016788,train,ok,12803,0.006,
tile_016789,train,ok,12735,0.006,
tile_016790,train,ok,11979,0.006,
tile_016791,train,ok,12269,0.006,
tile_016792,train,ok,13015,0.006,
tile_016793,train,ok,11829,0.006,
tile_016794,train,ok,11262,0.006,
tile_016795,test,ok,12973,0.007,
tile_016796,train,ok,9819,0.006,
tile_016797,train,ok,12499,0.006,
tile_016798,train,ok,12560,0.006,
tile_016799,train,ok,11703,0.006,
tile_016800,val,ok,12091,0.006,
tile_016801,train,ok,11387,0.006,
tile_016802,val,ok,11560,0.006,
tile_016803,val,ok,11425,0.007,
tile_016804,train,ok,13010,0.006,
tile_016805,val,ok,13096,0.006,
tile_016806,train,ok,11444,0.006,
tile_016807,train,ok,12355,0.007,
tile_016808,test,ok,11382,0.006,
tile_016809,test,ok,11871,0.006,
tile_016810,test,ok,12871,0.006,
tile_016811,train,ok,12335,0.006,
tile_016812,train,ok,13013,0.006,
tile_016813,train,ok,9518,0.005,
tile_016814,train,ok,10261,0.005,
tile_016815,train,ok,11811,0.007,
tile_016816,train,ok,12067,0.006,
tile_016817,train,ok,13154,0.006,
tile_016818,train,ok,11922,0.006,
tile_016819,train,ok,7787,0.006,
tile_016820,train,ok,12813,0.006,
tile_016821,train,ok,12432,0.007,
tile_016822,train,ok,12815,0.006,
tile_016823,train,ok,12502,0.007,
tile_016824,train,ok,11479,0.007,
tile_016825,train,ok,12920,0.006,
tile_016826,train,ok,11718,0.007,
tile_016827,train,ok,12221,0.007,
tile_016828,train,ok,12734,0.006,
tile_016829,val,ok,12369,0.006,
tile_016830,test,ok,11329,0.007,
tile_016831,test,ok,13119,0.006,
tile_016832,test,ok,11196,0.006,
tile_016833,test,ok,12942,0.007,
tile_016834,test,ok,11915,0.007,
tile_016835,train,ok,12574,0.007,
tile_016836,test,ok,12982,0.007,
tile_016837,train,ok,12787,0.007,
tile_016838,train,ok,12248,0.007,
tile_016839,train,ok,12709,0.007,
tile_016840,train,ok,13008,0.007,
tile_016841,train,ok,12286,0.005,
tile_016842,test,ok,12784,0.007,
tile_016843,train,ok,12684,0.007,
tile_016844,train,ok,12178,0.006,
tile_016845,train,ok,12951,0.007,
tile_016846,train,ok,12691,0.006,
tile_016847,test,ok,12091,0.006,
tile_016848,test,ok,12166,0.007,
tile_016849,train,ok,10190,0.006,
tile_016850,train,ok,12961,0.006,
tile_016851,train,ok,9805,0.006,
tile_016852,train,ok,11782,0.006,
tile_016853,train,ok,10565,0.006,
tile_016854,train,ok,12452,0.006,
tile_016855,train,ok,12994,0.006,
tile_016856,train,ok,12943,0.006,
tile_016857,test,ok,12501,0.006,
tile_016858,test,ok,10337,0.007,
tile_016859,test,ok,12177,0.006,
tile_016860,test,ok,10474,0.006,
tile_016861,train,ok,10380,0.006,
tile_016862,train,ok,12523,0.006,
tile_016863,train,ok,11457,0.006,
tile_016864,train,ok,11732,0.006,
tile_016865,train,ok,10244,0.006,
tile_016866,train,ok,12697,0.006,
tile_016867,train,ok,11521,0.006,
tile_016868,train,ok,12277,0.006,
tile_016869,train,ok,11575,0.006,
tile_016870,train,ok,12810,0.006,
tile_016871,train,ok,11790,0.007,
tile_016872,val,ok,11358,0.007,
tile_016873,test,ok,10671,0.007,
tile_016874,train,ok,10127,0.007,
tile_016875,val,ok,11286,0.007,
tile_016876,train,ok,11634,0.006,
tile_016877,val,ok,12726,0.006,
tile_016878,train,ok,11696,0.006,
tile_016879,train,ok,12338,0.007,
tile_016880,train,ok,12835,0.006,
tile_016881,test,ok,12620,0.007,
tile_016882,test,ok,9852,0.006,
tile_016883,test,ok,11062,0.007,
tile_016884,test,ok,12647,0.006,
tile_016885,train,ok,11882,0.006,
tile_016886,train,ok,11648,0.006,
tile_016887,train,ok,11148,0.008,
tile_016888,test,ok,12146,0.006,
tile_016889,test,ok,12474,0.006,
tile_016890,train,ok,12196,0.007,
tile_016891,train,ok,12146,0.007,
tile_016892,train,ok,11966,0.008,
tile_016893,train,ok,12101,0.008,
tile_016894,train,ok,12963,0.008,
tile_016895,train,ok,11160,0.007,
tile_016896,train,ok,11357,0.006,
tile_016897,train,ok,12616,0.007,
tile_016898,train,ok,8949,0.008,
tile_016899,train,ok,7743,0.008,
tile_016900,test,ok,11960,0.009,
tile_016901,train,ok,10165,0.008,
tile_016902,train,ok,13059,0.008,
tile_016903,train,ok,13087,0.008,
tile_016904,train,ok,12341,0.01,
tile_016905,train,ok,12162,0.008,
tile_016906,train,ok,12283,0.009,
tile_016907,test,ok,11719,0.01,
tile_016908,test,ok,11674,0.009,
tile_016909,test,ok,12766,0.01,
tile_016910,test,ok,9822,0.148,
tile_016911,train,ok,11594,0.146,
tile_016912,train,ok,11854,0.145,
tile_016913,train,ok,12053,0.143,
tile_016914,train,ok,12378,0.008,
tile_016915,train,ok,11767,0.007,
tile_016916,train,ok,11950,0.006,
tile_016917,train,ok,11724,0.007,
tile_016918,train,ok,13054,0.006,
tile_016919,train,ok,12920,0.006,
tile_016920,train,ok,10588,0.005,
tile_016921,train,ok,12428,0.006,
tile_016922,train,ok,11927,0.007,
tile_016923,val,ok,12604,0.007,
tile_016924,test,ok,12765,0.006,
tile_016925,train,ok,12415,0.006,
tile_016926,train,ok,12627,0.006,
tile_016927,val,ok,12683,0.006,
tile_016928,train,ok,12967,0.006,
tile_016929,train,ok,11977,0.005,
tile_016930,train,ok,13110,0.006,
tile_016931,train,ok,11941,0.006,
tile_016932,val,ok,11303,0.006,
tile_016933,train,ok,11664,0.006,
tile_016934,train,ok,11954,0.006,
tile_016935,train,ok,11441,0.006,
tile_016936,train,ok,11444,0.006,
tile_016937,train,ok,11741,0.006,
tile_016938,train,ok,12980,0.006,
tile_016939,train,ok,13043,0.006,
tile_016940,train,ok,11655,0.005,
tile_016941,train,ok,11111,0.005,
tile_016942,test,ok,11196,0.006,
tile_016943,test,ok,13075,0.006,
tile_016944,test,ok,9974,0.006,
tile_016945,test,ok,12909,0.006,
tile_016946,train,ok,10114,0.007,
tile_016947,train,ok,9614,0.007,
tile_016948,train,ok,12780,0.006,
tile_016949,train,ok,12269,0.006,
tile_016950,train,ok,12647,0.006,
tile_016951,train,ok,12944,0.008,
tile_016952,train,ok,12979,0.007,
tile_016953,train,ok,12935,0.007,
tile_016954,train,ok,8111,0.009,
tile_016955,train,ok,11835,0.008,
tile_016956,train,ok,12416,0.008,
tile_016957,test,ok,12038,0.007,
tile_016958,train,ok,12180,0.008,
tile_016959,train,ok,13044,0.007,
tile_016960,train,ok,13023,0.007,
tile_016961,train,ok,12653,0.008,
tile_016962,train,ok,13009,0.007,
tile_016963,train,ok,11898,0.007,
tile_016964,train,ok,11759,0.008,
tile_016965,train,ok,11443,0.007,
tile_016966,train,ok,12463,0.007,
tile_016967,train,ok,11518,0.007,
tile_016968,train,ok,11868,0.007,
tile_016969,train,ok,12408,0.007,
tile_016970,test,ok,10670,0.007,
tile_016971,test,ok,12538,0.009,
tile_016972,test,ok,13108,0.008,
tile_016973,test,ok,11264,0.008,
tile_016974,train,ok,11304,0.007,
tile_016975,train,ok,11453,0.009,
tile_016976,train,ok,11584,0.007,
tile_016977,train,ok,11487,0.007,
tile_016978,train,ok,12757,0.007,
tile_016979,train,ok,12187,0.007,
tile_016980,train,ok,10538,0.007,
tile_016981,train,ok,8783,0.008,
tile_016982,train,ok,12198,0.006,
tile_016983,train,ok,12851,0.007,
tile_016984,train,ok,12571,0.007,
tile_016985,train,ok,10728,0.007,
tile_016986,train,ok,12666,0.008,
tile_016987,val,ok,10744,0.007,
tile_016988,train,ok,9789,0.007,
tile_016989,val,ok,12029,0.007,
tile_016990,val,ok,11130,0.007,
tile_016991,train,ok,10339,0.007,
tile_016992,train,ok,11905,0.008,
tile_016993,train,ok,12008,0.006,
tile_016994,train,ok,12676,0.007,
tile_016995,train,ok,13054,0.006,
tile_016996,train,ok,12800,0.006,
tile_016997,train,ok,10410,0.007,
tile_016998,train,ok,8624,0.007,
tile_016999,train,ok,9431,0.007,
tile_017000,train,ok,9495,0.007,
tile_017001,test,ok,12955,0.008,
tile_017002,test,ok,12074,0.007,
tile_017003,test,ok,10484,0.006,
tile_017004,test,ok,12253,0.006,
tile_017005,test,ok,12275,0.006,
tile_017006,train,ok,10479,0.008,
tile_017007,train,ok,13083,0.006,
tile_017008,train,ok,11825,0.006,
tile_017009,train,ok,12034,0.008,
tile_017010,train,ok,12721,0.006,
tile_017011,train,ok,13091,0.007,
tile_017012,train,ok,12768,0.006,
tile_017013,train,ok,12848,0.008,
tile_017014,train,ok,13039,0.008,
tile_017015,test,ok,10640,0.007,
tile_017016,test,ok,9578,0.007,
tile_017017,test,ok,11327,0.007,
tile_017018,train,ok,13039,0.009,
tile_017019,train,ok,12768,0.007,
tile_017020,train,ok,12796,0.007,
tile_017021,train,ok,13050,0.007,
tile_017022,train,ok,12308,0.008,
tile_017023,train,ok,12469,0.007,
tile_017024,train,ok,11008,0.008,
tile_017025,train,ok,9335,0.007,
tile_017026,train,ok,13059,0.008,
tile_017027,train,ok,10579,0.006,
tile_017028,train,ok,12019,0.007,
tile_017029,train,ok,12269,0.007,
tile_017030,train,ok,11788,0.007,
tile_017031,test,ok,12901,0.007,
tile_017032,test,ok,13126,0.006,
tile_017033,test,ok,11841,0.007,
tile_017034,train,ok,12082,0.007,
tile_017035,train,ok,12273,0.007,
tile_017036,train,ok,12886,0.006,
tile_017037,train,ok,11505,0.006,
tile_017038,train,ok,11268,0.006,
tile_017039,train,ok,13151,0.006,
tile_017040,train,ok,11567,0.006,
tile_017041,train,ok,12185,0.006,
tile_017042,train,ok,12233,0.006,
tile_017043,train,ok,13098,0.006,
tile_017044,train,ok,12088,0.006,
tile_017045,train,ok,12711,0.007,
tile_017046,train,ok,12599,0.006,
tile_017047,train,ok,10799,0.006,
tile_017048,train,ok,11778,0.006,
tile_017049,val,ok,12197,0.006,
tile_017050,train,ok,10326,0.006,
tile_017051,train,ok,10028,0.007,
tile_017052,train,ok,10616,0.006,
tile_017053,train,ok,11152,0.006,
tile_017054,train,ok,11847,0.006,
tile_017055,train,ok,12710,0.006,
tile_017056,train,ok,11359,0.005,
tile_017057,train,ok,12414,0.007,
tile_017058,train,ok,11521,0.006,
tile_017059,train,ok,11527,0.006,
tile_017060,train,ok,12978,0.006,
tile_017061,train,ok,12763,0.006,
tile_017062,train,ok,11596,0.005,
tile_017063,train,ok,12347,0.006,
tile_017064,train,ok,11570,0.006,
tile_017065,train,ok,13117,0.006,
tile_017066,test,ok,12795,0.006,
tile_017067,test,ok,12232,0.005,
tile_017068,train,ok,9846,0.006,
tile_017069,train,ok,11987,0.006,
tile_017070,train,ok,11236,0.006,
tile_017071,train,ok,10856,0.006,
tile_017072,train,ok,12414,0.006,
tile_017073,train,ok,13051,0.006,
tile_017074,train,ok,12779,0.006,
tile_017075,train,ok,11522,0.006,
tile_017076,train,ok,11998,0.005,
tile_017077,train,ok,12811,0.007,
tile_017078,train,ok,10962,0.006,
tile_017079,train,ok,10286,0.006,
tile_017080,train,ok,11241,0.006,
tile_017081,train,ok,12782,0.006,
tile_017082,train,ok,12721,0.006,
tile_017083,train,ok,11822,0.006,
tile_017084,train,ok,11436,0.006,
tile_017085,train,ok,10752,0.006,
tile_017086,train,ok,9638,0.006,
tile_017087,train,ok,11907,0.006,
tile_017088,train,ok,12193,0.006,
tile_017089,train,ok,12993,0.006,
tile_017090,train,ok,12539,0.006,
tile_017091,train,ok,12494,0.006,
tile_017092,train,ok,12787,0.006,
tile_017093,train,ok,11899,0.006,
tile_017094,train,ok,12942,0.006,
tile_017095,val,ok,10048,0.005,
tile_017096,val,ok,11456,0.005,
tile_017097,train,ok,12806,0.005,
tile_017098,train,ok,12164,0.006,
tile_017099,val,ok,12950,0.005,
tile_017100,val,ok,12818,0.005,
tile_017101,train,ok,11859,0.006,
tile_017102,test,ok,12977,0.006,
tile_017103,test,ok,11714,0.005,
tile_017104,test,ok,11693,0.006,
tile_017105,val,ok,10197,0.005,
tile_017106,train,ok,13001,0.006,
tile_017107,train,ok,11091,0.006,
tile_017108,train,ok,12755,0.006,
tile_017109,train,ok,11817,0.006,
tile_017110,train,ok,11623,0.006,
tile_017111,train,ok,10018,0.006,
tile_017112,train,ok,11962,0.005,
tile_017113,train,ok,12776,0.007,
tile_017114,train,ok,12914,0.008,
tile_017115,train,ok,11649,0.009,
tile_017116,train,ok,11530,0.008,
tile_017117,train,ok,11961,0.013,
tile_017118,train,ok,8969,0.013,
tile_017119,train,ok,10412,0.012,
tile_017120,train,ok,12139,0.013,
tile_017121,train,ok,10953,0.015,
tile_017122,train,ok,11436,0.014,
tile_017123,train,ok,10124,0.014,
tile_017124,train,ok,10855,0.014,
tile_017125,train,ok,9832,0.008,
tile_017126,train,ok,10814,0.009,
tile_017127,train,ok,10092,0.008,
tile_017128,train,ok,12069,0.009,
tile_017129,train,ok,11684,0.008,
tile_017130,train,ok,10113,0.008,
tile_017131,train,ok,12964,0.007,
tile_017132,train,ok,11969,0.008,
tile_017133,train,ok,13112,0.008,
tile_017134,train,ok,12887,0.008,
tile_017135,train,ok,9720,0.007,
tile_017136,train,ok,11546,0.008,
tile_017137,train,ok,11154,0.007,
tile_017138,test,ok,12768,0.007,
tile_017139,train,ok,12889,0.008,
tile_017140,train,ok,12950,0.007,
tile_017141,train,ok,12233,0.007,
tile_017142,train,ok,12959,0.007,
tile_017143,train,ok,11062,0.007,
tile_017144,train,ok,11594,0.006,
tile_017145,val,ok,11626,0.006,
tile_017146,val,ok,12463,0.006,
tile_017147,train,ok,12474,0.006,
tile_017148,val,ok,11138,0.006,
tile_017149,val,ok,12921,0.005,
tile_017150,train,ok,12308,0.006,
tile_017151,train,ok,12849,0.005,
tile_017152,test,ok,11115,0.006,
tile_017153,train,ok,13048,0.005,
tile_017154,train,ok,12025,0.005,
tile_017155,train,ok,11976,0.005,
tile_017156,train,ok,12909,0.005,
tile_017157,train,ok,11311,0.006,
tile_017158,train,ok,12546,0.006,
tile_017159,train,ok,10094,0.006,
tile_017160,train,ok,11641,0.006,
tile_017161,train,ok,12056,0.007,
tile_017162,train,ok,12639,0.006,
tile_017163,train,ok,11726,0.006,
tile_017164,test,ok,13153,0.006,
tile_017165,test,ok,12665,0.007,
tile_017166,test,ok,13005,0.007,
tile_017167,test,ok,13058,0.006,
tile_017168,train,ok,9354,0.006,
tile_017169,train,ok,11227,0.006,
tile_017170,train,ok,12611,0.007,
tile_017171,train,ok,11970,0.006,
tile_017172,train,ok,12097,0.006,
tile_017173,train,ok,10896,0.006,
tile_017174,train,ok,9919,0.006,
tile_017175,train,ok,12064,0.005,
tile_017176,train,ok,11184,0.006,
tile_017177,val,ok,12817,0.006,
tile_017178,train,ok,11874,0.006,
tile_017179,train,ok,11560,0.006,
tile_017180,train,ok,12929,0.006,
tile_017181,train,ok,10639,0.006,
tile_017182,train,ok,12224,0.006,
tile_017183,train,ok,12959,0.006,
tile_017184,train,ok,12375,0.006,
tile_017185,train,ok,11061,0.006,
tile_017186,train,ok,13042,0.006,
tile_017187,train,ok,12900,0.006,
tile_017188,train,ok,11069,0.006,
tile_017189,train,ok,11016,0.006,
tile_017190,val,ok,11475,0.006,
tile_017191,val,ok,9296,0.006,
tile_017192,val,ok,11854,0.006,
tile_017193,train,ok,12598,0.006,
tile_017194,train,ok,12117,0.007,
tile_017195,train,ok,12489,0.007,
tile_017196,train,ok,10900,0.006,
tile_017197,train,ok,12444,0.007,
tile_017198,train,ok,12754,0.007,
tile_017199,train,ok,12695,0.008,
tile_017200,train,ok,11722,0.006,
tile_017201,train,ok,11759,0.006,
tile_017202,train,ok,11911,0.006,
tile_017203,test,ok,11833,0.006,
tile_017204,train,ok,12543,0.006,
tile_017205,train,ok,12067,0.006,
tile_017206,train,ok,12290,0.006,
tile_017207,train,ok,12426,0.007,
tile_017208,train,ok,12774,0.006,
tile_017209,train,ok,13130,0.006,
tile_017210,train,ok,12429,0.006,
tile_017211,train,ok,13066,0.006,
tile_017212,train,ok,9157,0.007,
tile_017213,train,ok,12843,0.006,
tile_017214,train,ok,10719,0.006,
tile_017215,train,ok,12374,0.007,
tile_017216,train,ok,12764,0.007,
tile_017217,train,ok,8613,0.006,
tile_017218,train,ok,9587,0.005,
tile_017219,train,ok,12123,0.006,
tile_017220,train,ok,13010,0.006,
tile_017221,train,ok,12313,0.008,
tile_017222,train,ok,12130,0.007,
tile_017223,train,ok,10947,0.008,
tile_017224,train,ok,12138,0.008,
tile_017225,train,ok,12869,0.007,
tile_017226,train,ok,11446,0.008,
tile_017227,train,ok,11638,0.008,
tile_017228,train,ok,11170,0.007,
tile_017229,train,ok,9921,0.007,
tile_017230,train,ok,12843,0.008,
tile_017231,test,ok,13100,0.008,
tile_017232,test,ok,10658,0.008,
tile_017233,test,ok,12850,0.007,
tile_017234,train,ok,9824,0.007,
tile_017235,train,ok,12030,0.008,
tile_017236,val,ok,9220,0.007,
tile_017237,val,ok,12683,0.008,
tile_017238,val,ok,11196,0.007,
tile_017239,val,ok,11817,0.008,
tile_017240,val,ok,11956,0.009,
tile_017241,train,ok,12820,0.009,
tile_017242,train,ok,12353,0.006,
tile_017243,test,ok,11956,0.007,
tile_017244,test,ok,12280,0.008,
tile_017245,train,ok,12544,0.008,
tile_017246,train,ok,11900,0.008,
tile_017247,train,ok,12997,0.007,
tile_017248,train,ok,12696,0.007,
tile_017249,train,ok,12553,0.007,
tile_017250,val,ok,12113,0.006,
tile_017251,train,ok,12715,0.007,
tile_017252,train,ok,12684,0.007,
tile_017253,train,ok,12992,0.006,
tile_017254,train,ok,10684,0.006,
tile_017255,train,ok,12115,0.01,
tile_017256,train,ok,13077,0.009,
tile_017257,train,ok,12645,0.009,
tile_017258,train,ok,11656,0.008,
tile_017259,train,ok,12268,0.007,
tile_017260,train,ok,11254,0.007,
tile_017261,train,ok,12488,0.006,
tile_017262,train,ok,11513,0.006,
tile_017263,val,ok,11839,0.009,
tile_017264,val,ok,11337,0.006,
tile_017265,val,ok,9882,0.01,
tile_017266,val,ok,11369,0.006,
tile_017267,train,ok,12275,0.007,
tile_017268,train,ok,11544,0.006,
tile_017269,train,ok,11818,0.006,
tile_017270,val,ok,11788,0.007,
tile_017271,val,ok,13044,0.007,
tile_017272,val,ok,11968,0.007,
tile_017273,train,ok,12088,0.006,
tile_017274,train,ok,11597,0.006,
tile_017275,train,ok,9519,0.009,
tile_017276,train,ok,12975,0.006,
tile_017277,train,ok,12702,0.007,
tile_017278,train,ok,11899,0.006,
tile_017279,val,ok,12498,0.007,
tile_017280,test,ok,12775,0.007,
tile_017281,test,ok,12732,0.007,
tile_017282,test,ok,10511,0.007,
tile_017283,test,ok,9652,0.007,
tile_017284,train,ok,10623,0.006,
tile_017285,train,ok,11723,0.006,
tile_017286,train,ok,12596,0.006,
tile_017287,train,ok,12633,0.007,
tile_017288,train,ok,12124,0.008,
tile_017289,train,ok,13057,0.008,
tile_017290,train,ok,12712,0.007,
tile_017291,train,ok,12969,0.007,
tile_017292,val,ok,12518,0.006,
tile_017293,val,ok,11960,0.006,
tile_017294,train,ok,12690,0.006,
tile_017295,train,ok,11682,0.006,
tile_017296,train,ok,11832,0.007,
tile_017297,train,ok,10928,0.006,
tile_017298,train,ok,11317,0.007,
tile_017299,train,ok,9076,0.006,
tile_017300,train,ok,10735,0.007,
tile_017301,train,ok,12043,0.005,
tile_017302,train,ok,12434,0.006,
tile_017303,train,ok,13100,0.006,
tile_017304,train,ok,11995,0.006,
tile_017305,train,ok,10792,0.006,
tile_017306,train,ok,12269,0.008,
tile_017307,train,ok,12589,0.007,
tile_017308,val,ok,12471,0.007,
tile_017309,train,ok,13075,0.007,
tile_017310,train,ok,12785,0.006,
tile_017311,train,ok,11079,0.005,
tile_017312,train,ok,12012,0.006,
tile_017313,train,ok,10989,0.006,
tile_017314,train,ok,9368,0.006,
tile_017315,train,ok,12839,0.007,
tile_017316,train,ok,12444,0.006,
tile_017317,train,ok,12618,0.007,
tile_017318,train,ok,12685,0.006,
tile_017319,train,ok,10533,0.006,
tile_017320,train,ok,11612,0.006,
tile_017321,train,ok,12956,0.008,
tile_017322,val,ok,11965,0.006,
tile_017323,val,ok,9201,0.007,
tile_017324,val,ok,8361,0.006,
tile_017325,train,ok,12348,0.006,
tile_017326,train,ok,12460,0.006,
tile_017327,train,ok,12944,0.006,
tile_017328,train,ok,11333,0.006,
tile_017329,train,ok,11481,0.006,
tile_017330,train,ok,12589,0.006,
tile_017331,train,ok,13050,0.006,
tile_017332,train,ok,12589,0.006,
tile_017333,train,ok,10873,0.006,
tile_017334,train,ok,10678,0.006,
tile_017335,val,ok,12585,0.006,
tile_017336,val,ok,12666,0.006,
tile_017337,val,ok,12071,0.006,
tile_017338,train,ok,12640,0.006,
tile_017339,train,ok,11484,0.006,
tile_017340,train,ok,12818,0.006,
tile_017341,test,ok,12088,0.006,
tile_017342,test,ok,11972,0.006,
tile_017343,train,ok,12684,0.006,
tile_017344,train,ok,11055,0.006,
tile_017345,train,ok,11478,0.006,
tile_017346,train,ok,11762,0.006,
tile_017347,train,ok,11419,0.006,
tile_017348,train,ok,12045,0.006,
tile_017349,train,ok,12401,0.006,
tile_017350,train,ok,12209,0.006,
tile_017351,train,ok,12856,0.007,
tile_017352,train,ok,10021,0.005,
tile_017353,train,ok,12294,0.006,
tile_017354,train,ok,12084,0.006,
tile_017355,train,ok,12780,0.006,
tile_017356,train,ok,10929,0.007,
tile_017357,train,ok,12790,0.007,
tile_017358,train,ok,11594,0.007,
tile_017359,train,ok,12645,0.006,
tile_017360,train,ok,11690,0.007,
tile_017361,train,ok,11143,0.007,
tile_017362,train,ok,9500,0.006,
tile_017363,train,ok,10649,0.006,
tile_017364,train,ok,9603,0.006,
tile_017365,train,ok,9277,0.007,
tile_017366,train,ok,9784,0.006,
tile_017367,train,ok,12709,0.006,
tile_017368,train,ok,12549,0.007,
tile_017369,val,ok,10130,0.006,
tile_017370,train,ok,12152,0.007,
tile_017371,train,ok,10488,0.006,
tile_017372,train,ok,11538,0.007,
tile_017373,train,ok,12257,0.006,
tile_017374,train,ok,11327,0.006,
tile_017375,train,ok,10984,0.006,
tile_017376,train,ok,10728,0.006,
tile_017377,train,ok,10716,0.006,
tile_017378,train,ok,11154,0.007,
tile_017379,train,ok,12791,0.006,
tile_017380,train,ok,12383,0.006,
tile_017381,train,ok,11827,0.006,
tile_017382,train,ok,12780,0.006,
tile_017383,train,ok,12739,0.007,
tile_017384,train,ok,12459,0.006,
tile_017385,train,ok,10007,0.006,
tile_017386,train,ok,12984,0.007,
tile_017387,val,ok,11983,0.006,
tile_017388,train,ok,11295,0.006,
tile_017389,train,ok,12620,0.006,
tile_017390,train,ok,12215,0.007,
tile_017391,train,ok,12841,0.006,
tile_017392,train,ok,9472,0.006,
tile_017393,train,ok,12326,0.006,
tile_017394,train,ok,9564,0.007,
tile_017395,train,ok,11624,0.006,
tile_017396,train,ok,12551,0.006,
tile_017397,train,ok,12556,0.006,
tile_017398,train,ok,11474,0.006,
tile_017399,train,ok,12060,0.006,
tile_017400,train,ok,11416,0.007,
tile_017401,val,ok,10979,0.008,
tile_017402,val,ok,12143,0.007,
tile_017403,train,ok,12271,0.007,
tile_017404,train,ok,9828,0.009,
tile_017405,train,ok,9215,0.009,
tile_017406,train,ok,11772,0.009,
tile_017407,train,ok,11955,0.009,
tile_017408,train,ok,12537,0.008,
tile_017409,train,ok,12634,0.008,
tile_017410,train,ok,12849,0.009,
tile_017411,train,ok,10454,0.009,
tile_017412,train,ok,12822,0.009,
tile_017413,test,ok,12389,0.009,
tile_017414,train,ok,11994,0.01,
tile_017415,train,ok,11049,0.009,
tile_017416,val,ok,12067,0.009,
tile_017417,train,ok,11956,0.009,
tile_017418,train,ok,12612,0.009,
tile_017419,test,ok,13073,0.01,
tile_017420,test,ok,9122,0.009,
tile_017421,train,ok,12559,0.008,
tile_017422,train,ok,12120,0.008,
tile_017423,train,ok,12917,0.009,
tile_017424,train,ok,12008,0.009,
tile_017425,train,ok,12429,0.009,
tile_017426,train,ok,12895,0.008,
tile_017427,train,ok,11498,0.008,
tile_017428,train,ok,13024,0.008,
tile_017429,train,ok,11284,0.008,
tile_017430,train,ok,12517,0.009,
tile_017431,train,ok,10390,0.008,
tile_017432,train,ok,12539,0.008,
tile_017433,train,ok,10979,0.008,
tile_017434,train,ok,11933,0.008,
tile_017435,train,ok,10949,0.007,
tile_017436,train,ok,11659,0.006,
tile_017437,train,ok,10498,0.006,
tile_017438,train,ok,11446,0.006,
tile_017439,val,ok,12925,0.007,
tile_017440,test,ok,12069,0.007,
tile_017441,train,ok,11945,0.007,
tile_017442,train,ok,8985,0.007,
tile_017443,train,ok,11245,0.007,
tile_017444,train,ok,10425,0.007,
tile_017445,train,ok,9293,0.007,
tile_017446,train,ok,8968,0.008,
tile_017447,train,ok,10815,0.007,
tile_017448,train,ok,10906,0.007,
tile_017449,train,ok,9248,0.008,
tile_017450,train,ok,8141,0.006,
tile_017451,train,ok,9698,0.007,
tile_017452,train,ok,9795,0.006,
tile_017453,train,ok,10573,0.006,
tile_017454,train,ok,12467,0.007,
tile_017455,train,ok,9915,0.006,
tile_017456,train,ok,11827,0.006,
tile_017457,train,ok,11807,0.006,
tile_017458,train,ok,11247,0.007,
tile_017459,test,ok,11380,0.006,
tile_017460,train,ok,10501,0.007,
tile_017461,train,ok,10606,0.006,
tile_017462,train,ok,11322,0.008,
tile_017463,val,ok,11417,0.008,
tile_017464,val,ok,12712,0.007,
tile_017465,train,ok,8477,0.007,
tile_017466,train,ok,12862,0.007,
tile_017467,train,ok,9974,0.006,
tile_017468,train,ok,12734,0.006,
tile_017469,train,ok,12976,0.006,
tile_017470,train,ok,10647,0.006,
tile_017471,train,ok,10625,0.006,
tile_017472,train,ok,11792,0.006,
tile_017473,train,ok,11205,0.006,
tile_017474,train,ok,11726,0.007,
tile_017475,val,ok,12745,0.006,
tile_017476,train,ok,12632,0.006,
tile_017477,train,ok,10925,0.006,
tile_017478,train,ok,12757,0.006,
tile_017479,train,ok,12701,0.007,
tile_017480,train,ok,10140,0.006,
tile_017481,train,ok,11829,0.007,
tile_017482,train,ok,12060,0.007,
tile_017483,train,ok,10322,0.006,
tile_017484,train,ok,12337,0.008,
tile_017485,train,ok,12454,0.007,
tile_017486,train,ok,12042,0.006,
tile_017487,train,ok,13053,0.007,
tile_017488,train,ok,13025,0.007,
tile_017489,train,ok,9605,0.007,
tile_017490,train,ok,12810,0.006,
tile_017491,train,ok,10694,0.006,
tile_017492,train,ok,6849,0.006,
tile_017493,train,ok,11172,0.006,
tile_017494,val,ok,10799,0.007,
tile_017495,val,ok,11389,0.006,
tile_017496,val,ok,7927,0.006,
tile_017497,val,ok,9393,0.007,
tile_017498,train,ok,7772,0.007,
tile_017499,train,ok,10987,0.007,
tile_017500,train,ok,12876,0.006,
tile_017501,train,ok,12413,0.006,
tile_017502,train,ok,12643,0.007,
tile_017503,train,ok,13082,0.007,
tile_017504,train,ok,12591,0.006,
tile_017505,train,ok,12224,0.007,
tile_017506,train,ok,11297,0.007,
tile_017507,train,ok,11195,0.008,
tile_017508,train,ok,13059,0.007,
tile_017509,train,ok,10428,0.006,
tile_017510,test,ok,13087,0.006,
tile_017511,test,ok,12593,0.006,
tile_017512,train,ok,12442,0.008,
tile_017513,train,ok,11619,0.007,
tile_017514,train,ok,11734,0.006,
tile_017515,train,ok,12389,0.008,
tile_017516,test,ok,12660,0.007,
tile_017517,test,ok,12613,0.007,
tile_017518,train,ok,12113,0.008,
tile_017519,train,ok,9934,0.008,
tile_017520,train,ok,12207,0.008,
tile_017521,train,ok,11529,0.007,
tile_017522,train,ok,11314,0.007,
tile_017523,train,ok,12828,0.006,
tile_017524,train,ok,11915,0.006,
tile_017525,train,ok,11520,0.006,
tile_017526,train,ok,10694,0.008,
tile_017527,train,ok,9333,0.006,
tile_017528,train,ok,10592,0.006,
tile_017529,train,ok,11450,0.006,
tile_017530,train,ok,9807,0.006,
tile_017531,train,ok,11347,0.007,
tile_017532,train,ok,12909,0.007,
tile_017533,train,ok,11556,0.009,
tile_017534,train,ok,10967,0.006,
tile_017535,train,ok,12897,0.008,
tile_017536,train,ok,11343,0.007,
tile_017537,train,ok,10181,0.008,
tile_017538,train,ok,9411,0.009,
tile_017539,train,ok,8659,0.007,
tile_017540,train,ok,10882,0.007,
tile_017541,train,ok,11758,0.006,
tile_017542,train,ok,11876,0.007,
tile_017543,train,ok,11476,0.006,
tile_017544,train,ok,12102,0.007,
tile_017545,train,ok,10804,0.006,
tile_017546,train,ok,12543,0.007,
tile_017547,train,ok,10333,0.008,
tile_017548,train,ok,12964,0.007,
tile_017549,train,ok,11735,0.007,
tile_017550,train,ok,11875,0.008,
tile_017551,train,ok,12214,0.007,
tile_017552,train,ok,11867,0.007,
tile_017553,train,ok,12947,0.008,
tile_017554,train,ok,8682,0.008,
tile_017555,train,ok,9936,0.008,
tile_017556,train,ok,12389,0.006,
tile_017557,train,ok,12400,0.008,
tile_017558,train,ok,11725,0.007,
tile_017559,train,ok,11632,0.007,
tile_017560,train,ok,12959,0.006,
tile_017561,train,ok,11460,0.006,
tile_017562,train,ok,11017,0.006,
tile_017563,train,ok,12760,0.006,
tile_017564,train,ok,10995,0.007,
tile_017565,train,ok,7879,0.007,
tile_017566,train,ok,8480,0.007,
tile_017567,train,ok,9183,0.007,
tile_017568,train,ok,10953,0.006,
tile_017569,val,ok,11206,0.007,
tile_017570,val,ok,11827,0.007,
tile_017571,val,ok,9750,0.007,
tile_017572,val,ok,10198,0.006,
tile_017573,train,ok,10038,0.007,
tile_017574,train,ok,9461,0.007,
tile_017575,train,ok,12234,0.006,
tile_017576,train,ok,13034,0.008,
tile_017577,train,ok,11451,0.006,
tile_017578,train,ok,11322,0.006,
tile_017579,train,ok,11771,0.006,
tile_017580,train,ok,10066,0.006,
tile_017581,train,ok,11680,0.006,
tile_017582,train,ok,12694,0.006,
tile_017583,train,ok,13137,0.006,
tile_017584,train,ok,12800,0.008,
tile_017585,train,ok,11448,0.006,
tile_017586,test,ok,12676,0.006,
tile_017587,train,ok,12106,0.006,
tile_017588,val,ok,12819,0.007,
tile_017589,train,ok,13028,0.006,
tile_017590,test,ok,13024,0.006,
tile_017591,train,ok,11841,0.007,
tile_017592,train,ok,11828,0.006,
tile_017593,train,ok,12733,0.007,
tile_017594,train,ok,12448,0.006,
tile_017595,train,ok,11372,0.006,
tile_017596,train,ok,11698,0.006,
tile_017597,train,ok,12259,0.006,
tile_017598,train,ok,10736,0.007,
tile_017599,train,ok,12546,0.006,
tile_017600,train,ok,12390,0.007,
tile_017601,train,ok,10262,0.006,
tile_017602,train,ok,11368,0.006,
tile_017603,train,ok,12930,0.006,
tile_017604,train,ok,12379,0.006,
tile_017605,train,ok,12011,0.006,
tile_017606,train,ok,12652,0.006,
tile_017607,val,ok,13133,0.006,
tile_017608,train,ok,12201,0.006,
tile_017609,train,ok,10981,0.006,
tile_017610,test,ok,12471,0.006,
tile_017611,train,ok,12036,0.006,
tile_017612,test,ok,11633,0.006,
tile_017613,test,ok,12596,0.006,
tile_017614,train,ok,12758,0.006,
tile_017615,train,ok,11332,0.006,
tile_017616,train,ok,10218,0.006,
tile_017617,train,ok,9878,0.006,
tile_017618,train,ok,8987,0.007,
tile_017619,train,ok,10339,0.006,
tile_017620,train,ok,12655,0.006,
tile_017621,train,ok,12639,0.006,
tile_017622,test,ok,12796,0.006,
tile_017623,train,ok,9924,0.006,
tile_017624,train,ok,12438,0.007,
tile_017625,train,ok,12918,0.007,
tile_017626,train,ok,12761,0.006,
tile_017627,val,ok,12197,0.006,
tile_017628,train,ok,10626,0.006,
tile_017629,train,ok,10664,0.008,
tile_017630,val,ok,10702,0.006,
tile_017631,val,ok,11353,0.006,
tile_017632,train,ok,12419,0.006,
tile_017633,train,ok,13081,0.006,
tile_017634,train,ok,12129,0.007,
tile_017635,train,ok,12338,0.007,
tile_017636,train,ok,11737,0.006,
tile_017637,train,ok,10721,0.006,
tile_017638,train,ok,11262,0.006,
tile_017639,train,ok,12399,0.006,
tile_017640,train,ok,10715,0.007,
tile_017641,train,ok,9529,0.009,
tile_017642,train,ok,11047,0.007,
tile_017643,train,ok,9794,0.007,
tile_017644,train,ok,10648,0.007,
tile_017645,train,ok,12904,0.006,
tile_017646,train,ok,11367,0.006,
tile_017647,train,ok,8346,0.008,
tile_017648,train,ok,12125,0.007,
tile_017649,train,ok,11534,0.008,
tile_017650,train,ok,12387,0.006,
tile_017651,train,ok,12984,0.009,
tile_017652,train,ok,10797,0.01,
tile_017653,train,ok,11965,0.009,
tile_017654,train,ok,12037,0.009,
tile_017655,train,ok,11747,0.008,
tile_017656,train,ok,12496,0.008,
tile_017657,test,ok,12833,0.008,
tile_017658,train,ok,9863,0.007,
tile_017659,train,ok,12343,0.007,
tile_017660,train,ok,11859,0.007,
tile_017661,train,ok,12639,0.009,
tile_017662,test,ok,11133,0.006,
tile_017663,test,ok,11824,0.009,
tile_017664,test,ok,11826,0.007,
tile_017665,train,ok,11765,0.006,
tile_017666,train,ok,12728,0.008,
tile_017667,train,ok,12764,0.007,
tile_017668,train,ok,12242,0.008,
tile_017669,val,ok,12947,0.007,
tile_017670,train,ok,12070,0.008,
tile_017671,train,ok,11888,0.008,
tile_017672,train,ok,12890,0.008,
tile_017673,train,ok,12246,0.008,
tile_017674,train,ok,12998,0.008,
tile_017675,train,ok,11875,0.008,
tile_017676,train,ok,13096,0.008,
tile_017677,train,ok,11986,0.008,
tile_017678,train,ok,11279,0.008,
tile_017679,train,ok,12863,0.008,
tile_017680,train,ok,10909,0.007,
tile_017681,train,ok,12358,0.01,
tile_017682,val,ok,11169,0.008,
tile_017683,val,ok,11812,0.009,
tile_017684,train,ok,11933,0.009,
tile_017685,train,ok,10291,0.01,
tile_017686,train,ok,11675,0.008,
tile_017687,train,ok,9802,0.01,
tile_017688,train,ok,9956,0.008,
tile_017689,train,ok,12762,0.011,
tile_017690,val,ok,12916,0.01,
tile_017691,train,ok,12741,0.01,
tile_017692,train,ok,11306,0.01,
tile_017693,train,ok,10245,0.009,
tile_017694,train,ok,12820,0.009,
tile_017695,train,ok,11774,0.009,
tile_017696,train,ok,13011,0.009,
tile_017697,train,ok,11143,0.01,
tile_017698,train,ok,13104,0.008,
tile_017699,val,ok,10965,0.009,
tile_017700,val,ok,11755,0.008,
tile_017701,train,ok,12518,0.01,
tile_017702,train,ok,12830,0.008,
tile_017703,train,ok,13000,0.008,
tile_017704,train,ok,12298,0.009,
tile_017705,train,ok,9603,0.008,
tile_017706,train,ok,11237,0.008,
tile_017707,train,ok,12972,0.009,
tile_017708,train,ok,10869,0.009,
tile_017709,train,ok,6968,0.009,
tile_017710,train,ok,12919,0.008,
tile_017711,train,ok,11846,0.008,
tile_017712,train,ok,9858,0.008,
tile_017713,train,ok,10592,0.008,
tile_017714,train,ok,11740,0.008,
tile_017715,train,ok,11961,0.008,
tile_017716,train,ok,12496,0.007,
tile_017717,train,ok,11220,0.007,
tile_017718,train,ok,10197,0.008,
tile_017719,train,ok,11784,0.009,
tile_017720,train,ok,10671,0.008,
tile_017721,train,ok,12287,0.006,
tile_017722,train,ok,12724,0.006,
tile_017723,train,ok,11222,0.009,
tile_017724,train,ok,13085,0.008,
tile_017725,train,ok,12003,0.008,
tile_017726,train,ok,11433,0.007,
tile_017727,train,ok,12984,0.007,
tile_017728,train,ok,13039,0.008,
tile_017729,train,ok,12135,0.007,
tile_017730,train,ok,13088,0.007,
tile_017731,train,ok,12120,0.008,
tile_017732,test,ok,12501,0.007,
tile_017733,test,ok,13035,0.007,
tile_017734,test,ok,12600,0.008,
tile_017735,train,ok,11187,0.007,
tile_017736,train,ok,11500,0.008,
tile_017737,train,ok,12385,0.008,
tile_017738,train,ok,12031,0.007,
tile_017739,train,ok,11964,0.008,
tile_017740,train,ok,12842,0.009,
tile_017741,train,ok,12516,0.009,
tile_017742,train,ok,12501,0.01,
tile_017743,train,ok,10379,0.009,
tile_017744,train,ok,12104,0.007,
tile_017745,train,ok,11282,0.009,
tile_017746,train,ok,11412,0.007,
tile_017747,train,ok,12347,0.008,
tile_017748,train,ok,12424,0.006,
tile_017749,train,ok,11880,0.009,
tile_017750,val,ok,12818,0.008,
tile_017751,train,ok,12245,0.008,
tile_017752,train,ok,11432,0.009,
tile_017753,train,ok,12180,0.007,
tile_017754,train,ok,9011,0.008,
tile_017755,train,ok,12671,0.008,
tile_017756,train,ok,12883,0.008,
tile_017757,train,ok,9850,0.007,
tile_017758,train,ok,10071,0.008,
tile_017759,train,ok,12107,0.008,
tile_017760,train,ok,11974,0.007,
tile_017761,train,ok,10524,0.008,
tile_017762,train,ok,12817,0.008,
tile_017763,train,ok,12682,0.007,
tile_017764,train,ok,12773,0.008,
tile_017765,val,ok,13135,0.007,
tile_017766,train,ok,12315,0.008,
tile_017767,val,ok,11579,0.006,
tile_017768,train,ok,13050,0.006,
tile_017769,train,ok,8603,0.008,
tile_017770,train,ok,10967,0.012,
tile_017771,train,ok,10486,0.011,
tile_017772,train,ok,9486,0.012,
tile_017773,train,ok,10733,0.012,
tile_017774,train,ok,7685,0.011,
tile_017775,train,ok,12600,0.01,
tile_017776,train,ok,12250,0.01,
tile_017777,train,ok,10174,0.012,
tile_017778,train,ok,9980,0.012,
tile_017779,train,ok,12508,0.012,
tile_017780,train,ok,9821,0.012,
tile_017781,train,ok,10989,0.011,
tile_017782,train,ok,11354,0.01,
tile_017783,train,ok,11811,0.009,
tile_017784,train,ok,12296,0.01,
tile_017785,train,ok,12912,0.01,
tile_017786,test,ok,12234,0.01,
tile_017787,train,ok,11201,0.01,
tile_017788,train,ok,13020,0.01,
tile_017789,train,ok,12211,0.009,
tile_017790,train,ok,12897,0.012,
tile_017791,train,ok,12091,0.011,
tile_017792,train,ok,11790,0.01,
tile_017793,train,ok,12692,0.014,
tile_017794,train,ok,12223,0.014,
tile_017795,train,ok,8531,0.016,
tile_017796,train,ok,10353,0.016,
tile_017797,train,ok,12792,0.011,
tile_017798,train,ok,11727,0.01,
tile_017799,test,ok,12555,0.009,
tile_017800,train,ok,12980,0.016,
tile_017801,train,ok,13095,0.014,
tile_017802,train,ok,12704,0.014,
tile_017803,val,ok,13130,0.015,
tile_017804,val,ok,11125,0.009,
tile_017805,train,ok,12368,0.007,
tile_017806,train,ok,11887,0.009,
tile_017807,train,ok,12896,0.009,
tile_017808,train,ok,12691,0.008,
tile_017809,train,ok,10779,0.009,
tile_017810,val,ok,12964,0.009,
tile_017811,train,ok,12924,0.009,
tile_017812,train,ok,12064,0.009,
tile_017813,train,ok,12773,0.008,
tile_017814,train,ok,11859,0.007,
tile_017815,train,ok,11908,0.007,
tile_017816,train,ok,12323,0.007,
tile_017817,train,ok,12877,0.006,
tile_017818,train,ok,12023,0.006,
tile_017819,train,ok,11447,0.006,
tile_017820,train,ok,12358,0.007,
tile_017821,train,ok,11740,0.006,
tile_017822,train,ok,12976,0.007,
tile_017823,train,ok,11722,0.006,
tile_017824,train,ok,11110,0.007,
tile_017825,train,ok,12685,0.007,
tile_017826,train,ok,11014,0.007,
tile_017827,train,ok,11600,0.006,
tile_017828,train,ok,10926,0.007,
tile_017829,train,ok,11032,0.008,
tile_017830,train,ok,10176,0.006,
tile_017831,train,ok,12956,0.008,
tile_017832,train,ok,10443,0.008,
tile_017833,train,ok,11616,0.006,
tile_017834,train,ok,12451,0.007,
tile_017835,train,ok,13046,0.007,
tile_017836,train,ok,11928,0.007,
tile_017837,train,ok,10963,0.006,
tile_017838,test,ok,10431,0.008,
tile_017839,test,ok,11626,0.007,
tile_017840,train,ok,12345,0.007,
tile_017841,train,ok,12565,0.008,
tile_017842,train,ok,10669,0.009,
tile_017843,train,ok,11731,0.008,
tile_017844,train,ok,11468,0.007,
tile_017845,train,ok,10819,0.008,
tile_017846,train,ok,9111,0.007,
tile_017847,train,ok,7909,0.007,
tile_017848,train,ok,8473,0.008,
tile_017849,train,ok,10037,0.006,
tile_017850,train,ok,12877,0.007,
tile_017851,train,ok,12173,0.008,
tile_017852,train,ok,10120,0.008,
tile_017853,train,ok,12521,0.008,
tile_017854,train,ok,11236,0.008,
tile_017855,train,ok,13059,0.007,
tile_017856,val,ok,10823,0.007,
tile_017857,val,ok,10853,0.007,
tile_017858,train,ok,12944,0.008,
tile_017859,train,ok,12735,0.007,
tile_017860,train,ok,11993,0.007,
tile_017861,train,ok,12856,0.007,
tile_017862,train,ok,11449,0.008,
tile_017863,train,ok,12325,0.007,
tile_017864,test,ok,12757,0.009,
tile_017865,test,ok,12411,0.008,
tile_017866,train,ok,12914,0.008,
tile_017867,train,ok,12733,0.007,
tile_017868,train,ok,12678,0.007,
tile_017869,train,ok,12169,0.007,
tile_017870,test,ok,12605,0.007,
tile_017871,train,ok,12645,0.007,
tile_017872,train,ok,12761,0.008,
tile_017873,train,ok,11780,0.008,
tile_017874,train,ok,12794,0.006,
tile_017875,train,ok,12433,0.006,
tile_017876,train,ok,11864,0.007,
tile_017877,train,ok,10228,0.007,
tile_017878,train,ok,9887,0.006,
tile_017879,train,ok,12541,0.006,
tile_017880,test,ok,11237,0.006,
tile_017881,train,ok,10957,0.006,
tile_017882,train,ok,11943,0.006,
tile_017883,train,ok,10506,0.007,
tile_017884,train,ok,9828,0.007,
tile_017885,test,ok,12512,0.007,
tile_017886,test,ok,11869,0.008,
tile_017887,test,ok,10222,0.009,
tile_017888,test,ok,11868,0.009,
tile_017889,test,ok,12490,0.007,
tile_017890,test,ok,8540,0.01,
tile_017891,train,ok,10765,0.009,
tile_017892,train,ok,9634,0.01,
tile_017893,train,ok,9424,0.01,
tile_017894,train,ok,12179,0.01,
tile_017895,train,ok,12794,0.01,
tile_017896,test,ok,10388,0.011,
tile_017897,train,ok,12764,0.011,
tile_017898,train,ok,12567,0.01,
tile_017899,train,ok,10349,0.011,
tile_017900,train,ok,8886,0.011,
tile_017901,train,ok,13012,0.011,
tile_017902,train,ok,12420,0.011,
tile_017903,train,ok,11349,0.011,
tile_017904,val,ok,12840,0.011,
tile_017905,train,ok,11866,0.012,
tile_017906,train,ok,10932,0.012,
tile_017907,train,ok,11374,0.011,
tile_017908,train,ok,12735,0.01,
tile_017909,train,ok,10459,0.011,
tile_017910,train,ok,9749,0.011,
tile_017911,train,ok,9252,0.012,
tile_017912,train,ok,10876,0.011,
tile_017913,train,ok,8802,0.013,
tile_017914,train,ok,9615,0.011,
tile_017915,train,ok,12428,0.011,
tile_017916,train,ok,12024,0.011,
tile_017917,train,ok,8689,0.011,
tile_017918,train,ok,10733,0.01,
tile_017919,train,ok,11773,0.01,
tile_017920,train,ok,12568,0.011,
tile_017921,train,ok,12736,0.011,
tile_017922,train,ok,12670,0.012,
tile_017923,train,ok,11641,0.011,
tile_017924,train,ok,12948,0.01,
tile_017925,train,ok,12632,0.011,
tile_017926,train,ok,12565,0.011,
tile_017927,train,ok,12907,0.01,
tile_017928,train,ok,12239,0.012,
tile_017929,train,ok,11547,0.012,
tile_017930,train,ok,12053,0.011,
tile_017931,train,ok,12137,0.012,
tile_017932,val,ok,11751,0.012,
tile_017933,val,ok,10638,0.011,
tile_017934,train,ok,11981,0.01,
tile_017935,train,ok,10973,0.01,
tile_017936,train,ok,12373,0.01,
tile_017937,train,ok,12481,0.009,
tile_017938,train,ok,11662,0.01,
tile_017939,train,ok,13028,0.01,
tile_017940,train,ok,12526,0.01,
tile_017941,train,ok,12380,0.01,
tile_017942,train,ok,11742,0.01,
tile_017943,train,ok,13057,0.009,
tile_017944,test,ok,13080,0.011,
tile_017945,train,ok,9267,0.009,
tile_017946,train,ok,13065,0.008,
tile_017947,train,ok,12190,0.009,
tile_017948,train,ok,11973,0.01,
tile_017949,train,ok,12948,0.01,
tile_017950,train,ok,12453,0.009,
tile_017951,train,ok,11816,0.009,
tile_017952,train,ok,12736,0.009,
tile_017953,train,ok,12619,0.008,
tile_017954,train,ok,12006,0.01,
tile_017955,train,ok,12407,0.01,
tile_017956,val,ok,11855,0.009,
tile_017957,val,ok,12121,0.01,
tile_017958,val,ok,10715,0.01,
tile_017959,train,ok,12171,0.009,
tile_017960,test,ok,10799,0.009,
tile_017961,test,ok,12019,0.009,
tile_017962,test,ok,13049,0.009,
tile_017963,train,ok,11048,0.01,
tile_017964,train,ok,12831,0.011,
tile_017965,train,ok,11128,0.012,
tile_017966,train,ok,9797,0.011,
tile_017967,train,ok,11404,0.011,
tile_017968,test,ok,12726,0.009,
tile_017969,test,ok,10442,0.008,
tile_017970,train,ok,12664,0.008,
tile_017971,train,ok,12699,0.008,
tile_017972,train,ok,10465,0.008,
tile_017973,train,ok,9265,0.008,
tile_017974,train,ok,11129,0.009,
tile_017975,train,ok,12874,0.009,
tile_017976,train,ok,12512,0.009,
tile_017977,train,ok,12945,0.01,
tile_017978,train,ok,12982,0.009,
tile_017979,train,ok,11736,0.009,
tile_017980,train,ok,9651,0.009,
tile_017981,train,ok,10675,0.01,
tile_017982,train,ok,12768,0.008,
tile_017983,train,ok,9885,0.008,
tile_017984,train,ok,11323,0.009,
tile_017985,train,ok,12714,0.008,
tile_017986,train,ok,10260,0.009,
tile_017987,train,ok,10785,0.008,
tile_017988,train,ok,11823,0.009,
tile_017989,train,ok,10528,0.009,
tile_017990,train,ok,11230,0.008,
tile_017991,train,ok,11739,0.007,
tile_017992,train,ok,12207,0.008,
tile_017993,train,ok,11381,0.008,
tile_017994,train,ok,12355,0.009,
tile_017995,train,ok,7886,0.008,
tile_017996,train,ok,9842,0.008,
tile_017997,train,ok,12737,0.007,
tile_017998,train,ok,12554,0.008,
tile_017999,train,ok,11058,0.008,
tile_018000,train,ok,11038,0.008,
tile_018001,train,ok,10554,0.007,
tile_018002,train,ok,12582,0.01,
tile_018003,train,ok,11706,0.007,
tile_018004,train,ok,12238,0.008,
tile_018005,train,ok,12340,0.009,
tile_018006,train,ok,12779,0.008,
tile_018007,train,ok,13105,0.007,
tile_018008,train,ok,11904,0.008,
tile_018009,val,ok,11930,0.009,
tile_018010,train,ok,11914,0.008,
tile_018011,train,ok,12051,0.009,
tile_018012,train,ok,10540,0.01,
tile_018013,val,ok,12770,0.011,
tile_018014,val,ok,12717,0.011,
tile_018015,val,ok,13107,0.011,
tile_018016,train,ok,12167,0.009,
tile_018017,train,ok,11895,0.009,
tile_018018,train,ok,12522,0.009,
tile_018019,train,ok,12847,0.009,
tile_018020,test,ok,10713,0.008,
tile_018021,test,ok,12561,0.008,
tile_018022,train,ok,12104,0.008,
tile_018023,train,ok,12431,0.008,
tile_018024,train,ok,11777,0.01,
tile_018025,val,ok,12516,0.008,
tile_018026,train,ok,11677,0.008,
tile_018027,train,ok,12399,0.008,
tile_018028,test,ok,12342,0.008,
tile_018029,train,ok,12365,0.008,
tile_018030,train,ok,12866,0.008,
tile_018031,train,ok,12525,0.008,
tile_018032,train,ok,11436,0.008,
tile_018033,train,ok,11759,0.008,
tile_018034,train,ok,12599,0.008,
tile_018035,train,ok,11841,0.009,
tile_018036,train,ok,11807,0.009,
tile_018037,train,ok,11131,0.01,
tile_018038,train,ok,11530,0.01,
tile_018039,train,ok,11057,0.009,
tile_018040,train,ok,12726,0.01,
tile_018041,val,ok,11129,0.011,
tile_018042,val,ok,8516,0.01,
tile_018043,train,ok,12968,0.01,
tile_018044,test,ok,10480,0.011,
tile_018045,test,ok,10686,0.009,
tile_018046,test,ok,11525,0.01,
tile_018047,test,ok,10703,0.009,
tile_018048,train,ok,12557,0.009,
tile_018049,train,ok,11074,0.008,
tile_018050,train,ok,12965,0.01,
tile_018051,train,ok,13004,0.009,
tile_018052,train,ok,12545,0.011,
tile_018053,train,ok,12529,0.011,
tile_018054,train,ok,9234,0.011,
tile_018055,test,ok,12773,0.01,
tile_018056,train,ok,12260,0.008,
tile_018057,train,ok,12430,0.008,
tile_018058,train,ok,9006,0.009,
tile_018059,train,ok,12347,0.008,
tile_018060,train,ok,12384,0.008,
tile_018061,train,ok,13116,0.008,
tile_018062,train,ok,11667,0.007,
tile_018063,train,ok,11481,0.008,
tile_018064,train,ok,11795,0.008,
tile_018065,train,ok,12546,0.008,
tile_018066,train,ok,12914,0.008,
tile_018067,train,ok,11617,0.008,
tile_018068,train,ok,10502,0.007,
tile_018069,train,ok,12326,0.009,
tile_018070,train,ok,9191,0.009,
tile_018071,train,ok,10469,0.008,
tile_018072,train,ok,12185,0.008,
tile_018073,train,ok,9323,0.008,
tile_018074,train,ok,10757,0.008,
tile_018075,train,ok,9010,0.007,
tile_018076,train,ok,12486,0.007,
tile_018077,train,ok,11376,0.006,
tile_018078,train,ok,10994,0.006,
tile_018079,train,ok,10833,0.007,
tile_018080,train,ok,9085,0.006,
tile_018081,train,ok,7412,0.006,
tile_018082,train,ok,11834,0.006,
tile_018083,train,ok,12742,0.006,
tile_018084,train,ok,12096,0.006,
tile_018085,train,ok,12808,0.007,
tile_018086,train,ok,10555,0.008,
tile_018087,train,ok,10546,0.008,
tile_018088,train,ok,11668,0.009,
tile_018089,train,ok,12320,0.006,
tile_018090,train,ok,11232,0.006,
tile_018091,train,ok,12872,0.006,
tile_018092,train,ok,12515,0.006,
tile_018093,val,ok,12593,0.006,
tile_018094,train,ok,11698,0.007,
tile_018095,train,ok,11750,0.005,
tile_018096,val,ok,12556,0.006,
tile_018097,train,ok,11190,0.006,
tile_018098,train,ok,11782,0.006,
tile_018099,test,ok,11684,0.007,
tile_018100,train,ok,12588,0.006,
tile_018101,train,ok,12149,0.005,
tile_018102,train,ok,11690,0.006,
tile_018103,train,ok,11360,0.006,
tile_018104,train,ok,11347,0.006,
tile_018105,train,ok,11982,0.005,
tile_018106,train,ok,13004,0.006,
tile_018107,test,ok,13034,0.008,
tile_018108,train,ok,12465,0.008,
tile_018109,train,ok,12735,0.008,
tile_018110,train,ok,12578,0.008,
tile_018111,train,ok,12530,0.008,
tile_018112,train,ok,12878,0.007,
tile_018113,train,ok,10906,0.007,
tile_018114,train,ok,11339,0.006,
tile_018115,train,ok,12128,0.007,
tile_018116,train,ok,11576,0.007,
tile_018117,train,ok,11697,0.006,
tile_018118,val,ok,12485,0.007,
tile_018119,val,ok,9651,0.007,
tile_018120,val,ok,13031,0.006,
tile_018121,val,ok,12748,0.006,
tile_018122,train,ok,12329,0.006,
tile_018123,train,ok,12665,0.007,
tile_018124,test,ok,10233,0.007,
tile_018125,test,ok,11363,0.006,
tile_018126,test,ok,12804,0.006,
tile_018127,train,ok,12780,0.006,
tile_018128,train,ok,13085,0.007,
tile_018129,train,ok,12975,0.007,
tile_018130,train,ok,13004,0.007,
tile_018131,train,ok,8969,0.006,
tile_018132,train,ok,10759,0.007,
tile_018133,test,ok,12788,0.008,
tile_018134,train,ok,12862,0.006,
tile_018135,train,ok,12580,0.007,
tile_018136,train,ok,13082,0.006,
tile_018137,train,ok,11818,0.006,
tile_018138,train,ok,10785,0.007,
tile_018139,train,ok,12731,0.007,
tile_018140,train,ok,12150,0.006,
tile_018141,train,ok,10564,0.007,
tile_018142,train,ok,8883,0.008,
tile_018143,train,ok,12443,0.028,
tile_018144,val,ok,13054,0.009,
tile_018145,train,ok,10938,0.028,
tile_018146,train,ok,12013,0.027,
tile_018147,train,ok,12960,0.023,
tile_018148,train,ok,10725,0.008,
tile_018149,train,ok,11773,0.009,
tile_018150,train,ok,10368,0.009,
tile_018151,train,ok,10887,0.009,
tile_018152,train,ok,12316,0.01,
tile_018153,train,ok,11653,0.013,
tile_018154,train,ok,10778,0.015,
tile_018155,train,ok,9705,0.015,
tile_018156,train,ok,10461,0.014,
tile_018157,train,ok,12126,0.012,
tile_018158,train,ok,11774,0.011,
tile_018159,train,ok,12866,0.01,
tile_018160,train,ok,12779,0.011,
tile_018161,train,ok,12706,0.012,
tile_018162,train,ok,12753,0.012,
tile_018163,train,ok,12149,0.012,
tile_018164,train,ok,11449,0.011,
tile_018165,train,ok,12960,0.011,
tile_018166,train,ok,12767,0.01,
tile_018167,train,ok,12698,0.01,
tile_018168,train,ok,10554,0.009,
tile_018169,train,ok,12699,0.01,
tile_018170,train,ok,12892,0.009,
tile_018171,train,ok,12349,0.009,
tile_018172,train,ok,12412,0.01,
tile_018173,train,ok,11501,0.008,
tile_018174,train,ok,11763,0.009,
tile_018175,train,ok,13099,0.008,
tile_018176,train,ok,10775,0.01,
tile_018177,train,ok,11298,0.008,
tile_018178,train,ok,12515,0.008,
tile_018179,train,ok,11548,0.008,
tile_018180,train,ok,11776,0.008,
tile_018181,train,ok,10970,0.007,
tile_018182,train,ok,11025,0.01,
tile_018183,train,ok,12442,0.007,
tile_018184,train,ok,12564,0.008,
tile_018185,test,ok,12642,0.009,
tile_018186,test,ok,12721,0.009,
tile_018187,val,ok,13005,0.007,
tile_018188,train,ok,11534,0.008,
tile_018189,train,ok,12629,0.007,
tile_018190,train,ok,10612,0.007,
tile_018191,train,ok,10821,0.008,
tile_018192,train,ok,13038,0.007,
tile_018193,train,ok,11889,0.007,
tile_018194,train,ok,13018,0.007,
tile_018195,train,ok,12289,0.008,
tile_018196,val,ok,10074,0.007,
tile_018197,val,ok,8651,0.006,
tile_018198,val,ok,11178,0.007,
tile_018199,val,ok,12658,0.006,
tile_018200,val,ok,11601,0.006,
tile_018201,train,ok,8027,0.007,
tile_018202,train,ok,8228,0.008,
tile_018203,train,ok,12570,0.008,
tile_018204,train,ok,11788,0.007,
tile_018205,train,ok,9990,0.009,
tile_018206,train,ok,11832,0.008,
tile_018207,train,ok,10182,0.009,
tile_018208,train,ok,12640,0.007,
tile_018209,train,ok,11518,0.007,
tile_018210,train,ok,12002,0.009,
tile_018211,train,ok,11838,0.007,
tile_018212,train,ok,13102,0.008,
tile_018213,test,ok,12640,0.008,
tile_018214,test,ok,12390,0.008,
tile_018215,val,ok,12097,0.006,
tile_018216,val,ok,8742,0.008,
tile_018217,train,ok,12049,0.008,
tile_018218,train,ok,11730,0.008,
tile_018219,train,ok,12879,0.008,
tile_018220,train,ok,11859,0.009,
tile_018221,train,ok,12841,0.008,
tile_018222,train,ok,12840,0.007,
tile_018223,train,ok,11749,0.008,
tile_018224,val,ok,9710,0.008,
tile_018225,val,ok,12343,0.007,
tile_018226,val,ok,13196,0.009,
tile_018227,val,ok,12235,0.007,
tile_018228,train,ok,12856,0.008,
tile_018229,train,ok,9723,0.008,
tile_018230,train,ok,8904,0.007,
tile_018231,train,ok,12620,0.008,
tile_018232,train,ok,11924,0.008,
tile_018233,val,ok,10583,0.007,
tile_018234,val,ok,10817,0.008,
tile_018235,val,ok,12884,0.009,
tile_018236,train,ok,10909,0.007,
tile_018237,train,ok,9729,0.009,
tile_018238,train,ok,11292,0.007,
tile_018239,test,ok,11250,0.007,
tile_018240,test,ok,10601,0.007,
tile_018241,train,ok,12482,0.007,
tile_018242,train,ok,11817,0.008,
tile_018243,train,ok,12477,0.006,
tile_018244,train,ok,12715,0.006,
tile_018245,train,ok,12727,0.007,
tile_018246,test,ok,12723,0.006,
tile_018247,val,ok,12454,0.008,
tile_018248,val,ok,12817,0.008,
tile_018249,train,ok,11639,0.007,
tile_018250,train,ok,12188,0.008,
tile_018251,train,ok,12989,0.007,
tile_018252,train,ok,13123,0.007,
tile_018253,train,ok,12046,0.006,
tile_018254,train,ok,11161,0.006,
tile_018255,train,ok,12138,0.006,
tile_018256,train,ok,12829,0.007,
tile_018257,val,ok,11399,0.007,
tile_018258,train,ok,12688,0.007,
tile_018259,train,ok,12627,0.006,
tile_018260,train,ok,10613,0.007,
tile_018261,train,ok,10974,0.006,
tile_018262,train,ok,11097,0.008,
tile_018263,val,ok,12820,0.007,
tile_018264,train,ok,11800,0.008,
tile_018265,test,ok,11481,0.007,
tile_018266,train,ok,12387,0.006,
tile_018267,train,ok,12724,0.007,
tile_018268,train,ok,12669,0.009,
tile_018269,train,ok,12150,0.008,
tile_018270,train,ok,12951,0.007,
tile_018271,train,ok,8739,0.007,
tile_018272,test,ok,12224,0.006,
tile_018273,test,ok,12282,0.006,
tile_018274,test,ok,12947,0.007,
tile_018275,test,ok,13135,0.006,
tile_018276,val,ok,11812,0.006,
tile_018277,val,ok,9347,0.006,
tile_018278,val,ok,10454,0.006,
tile_018279,val,ok,10759,0.007,
tile_018280,val,ok,12248,0.007,
tile_018281,train,ok,13076,0.006,
tile_018282,train,ok,10186,0.006,
tile_018283,train,ok,11131,0.006,
tile_018284,train,ok,12964,0.006,
tile_018285,train,ok,12366,0.007,
tile_018286,train,ok,12501,0.006,
tile_018287,train,ok,13039,0.006,
tile_018288,train,ok,11479,0.007,
tile_018289,train,ok,11446,0.007,
tile_018290,train,ok,9748,0.006,
tile_018291,train,ok,11243,0.007,
tile_018292,val,ok,12799,0.008,
tile_018293,train,ok,11872,0.007,
tile_018294,train,ok,10919,0.006,
tile_018295,train,ok,12886,0.006,
tile_018296,train,ok,11678,0.007,
tile_018297,train,ok,11467,0.007,
tile_018298,train,ok,11462,0.007,
tile_018299,train,ok,10033,0.007,
tile_018300,train,ok,10790,0.008,
tile_018301,test,ok,12337,0.008,
tile_018302,test,ok,12183,0.008,
tile_018303,test,ok,11879,0.007,
tile_018304,train,ok,12020,0.006,
tile_018305,train,ok,12751,0.007,
tile_018306,train,ok,12622,0.006,
tile_018307,test,ok,12965,0.006,
tile_018308,test,ok,12763,0.007,
tile_018309,test,ok,11172,0.006,
tile_018310,test,ok,12980,0.008,
tile_018311,val,ok,12801,0.007,
tile_018312,val,ok,12918,0.006,
tile_018313,train,ok,11657,0.006,
tile_018314,train,ok,11789,0.006,
tile_018315,train,ok,11905,0.007,
tile_018316,train,ok,12333,0.006,
tile_018317,train,ok,11999,0.008,
tile_018318,train,ok,12202,0.006,
tile_018319,train,ok,12432,0.006,
tile_018320,train,ok,11630,0.007,
tile_018321,val,ok,9691,0.007,
tile_018322,val,ok,11935,0.008,
tile_018323,val,ok,10557,0.007,
tile_018324,val,ok,12720,0.007,
tile_018325,val,ok,12237,0.007,
tile_018326,val,ok,12432,0.006,
tile_018327,train,ok,10610,0.009,
tile_018328,train,ok,11053,0.006,
tile_018329,train,ok,12426,0.007,
tile_018330,train,ok,11240,0.007,
tile_018331,train,ok,11209,0.007,
tile_018332,train,ok,12484,0.009,
tile_018333,train,ok,11757,0.006,
tile_018334,val,ok,11945,0.007,
tile_018335,val,ok,9023,0.007,
tile_018336,train,ok,9984,0.007,
tile_018337,train,ok,9951,0.007,
tile_018338,train,ok,11285,0.007,
tile_018339,test,ok,9392,0.008,
tile_018340,test,ok,8452,0.008,
tile_018341,train,ok,12799,0.006,
tile_018342,train,ok,11874,0.007,
tile_018343,test,ok,13037,0.007,
tile_018344,test,ok,10592,0.007,
tile_018345,train,ok,12446,0.006,
tile_018346,train,ok,12627,0.007,
tile_018347,train,ok,11826,0.007,
tile_018348,train,ok,12420,0.006,
tile_018349,train,ok,13018,0.006,
tile_018350,val,ok,11419,0.006,
tile_018351,train,ok,12405,0.006,
tile_018352,train,ok,11911,0.006,
tile_018353,train,ok,11230,0.006,
tile_018354,val,ok,12921,0.005,
tile_018355,val,ok,11756,0.006,
tile_018356,train,ok,11461,0.007,
tile_018357,train,ok,12449,0.006,
tile_018358,train,ok,12771,0.008,
tile_018359,train,ok,12356,0.007,
tile_018360,test,ok,11960,0.007,
tile_018361,train,ok,11557,0.008,
tile_018362,train,ok,11894,0.006,
tile_018363,train,ok,12682,0.007,
tile_018364,train,ok,11943,0.007,
tile_018365,train,ok,12746,0.007,
tile_018366,test,ok,11696,0.007,
tile_018367,test,ok,12565,0.007,
tile_018368,test,ok,12106,0.007,
tile_018369,train,ok,11183,0.007,
tile_018370,val,ok,12391,0.006,
tile_018371,test,ok,12473,0.007,
tile_018372,val,ok,12623,0.008,
tile_018373,val,ok,11362,0.008,
tile_018374,val,ok,11519,0.007,
tile_018375,val,ok,10000,0.007,
tile_018376,val,ok,12522,0.007,
tile_018377,val,ok,13110,0.007,
tile_018378,val,ok,8820,0.008,
tile_018379,val,ok,8316,0.008,
tile_018380,val,ok,11962,0.007,
tile_018381,val,ok,12455,0.007,
tile_018382,train,ok,8831,0.008,
tile_018383,train,ok,12849,0.008,
tile_018384,train,ok,11420,0.008,
tile_018385,train,ok,11256,0.008,
tile_018386,train,ok,12447,0.007,
tile_018387,val,ok,12576,0.007,
tile_018388,val,ok,11613,0.007,
tile_018389,train,ok,13024,0.007,
tile_018390,train,ok,11884,0.007,
tile_018391,train,ok,11353,0.009,
tile_018392,train,ok,10380,0.009,
tile_018393,train,ok,11114,0.008,
tile_018394,train,ok,12110,0.009,
tile_018395,train,ok,11253,0.008,
tile_018396,train,ok,11665,0.012,
tile_018397,test,ok,12821,0.011,
tile_018398,test,ok,11786,0.011,
tile_018399,val,ok,12021,0.01,
tile_018400,train,ok,10462,0.013,
tile_018401,train,ok,8922,0.015,
tile_018402,train,ok,7823,0.014,
tile_018403,train,ok,12752,0.014,
tile_018404,train,ok,9370,0.009,
tile_018405,train,ok,12989,0.009,
tile_018406,train,ok,12199,0.008,
tile_018407,train,ok,12643,0.009,
tile_018408,train,ok,12675,0.009,
tile_018409,val,ok,11148,0.009,
tile_018410,val,ok,12473,0.007,
tile_018411,val,ok,8547,0.009,
tile_018412,val,ok,11098,0.009,
tile_018413,val,ok,12342,0.009,
tile_018414,train,ok,12650,0.009,
tile_018415,train,ok,11593,0.009,
tile_018416,train,ok,12461,0.009,
tile_018417,train,ok,11719,0.008,
tile_018418,train,ok,13073,0.007,
tile_018419,train,ok,12596,0.009,
tile_018420,val,ok,12324,0.009,
tile_018421,val,ok,11420,0.009,
tile_018422,train,ok,12870,0.008,
tile_018423,train,ok,12735,0.008,
tile_018424,test,ok,12665,0.006,
tile_018425,test,ok,10212,0.006,
tile_018426,train,ok,12857,0.006,
tile_018427,train,ok,12237,0.006,
tile_018428,train,ok,12726,0.007,
tile_018429,train,ok,12397,0.006,
tile_018430,train,ok,11374,0.006,
tile_018431,train,ok,11480,0.006,
tile_018432,train,ok,12549,0.006,
tile_018433,train,ok,12996,0.006,
tile_018434,train,ok,10859,0.006,
tile_018435,train,ok,12453,0.006,
tile_018436,train,ok,13022,0.006,
tile_018437,train,ok,12464,0.006,
tile_018438,train,ok,12116,0.007,
tile_018439,train,ok,11008,0.008,
tile_018440,train,ok,11663,0.007,
tile_018441,train,ok,12823,0.007,
tile_018442,train,ok,11360,0.007,
tile_018443,train,ok,12823,0.006,
tile_018444,train,ok,12723,0.006,
tile_018445,train,ok,11183,0.006,
tile_018446,train,ok,11737,0.006,
tile_018447,train,ok,11397,0.006,
tile_018448,val,ok,11700,0.006,
tile_018449,train,ok,12524,0.006,
tile_018450,val,ok,11649,0.006,
tile_018451,train,ok,13091,0.006,
tile_018452,train,ok,11902,0.006,
tile_018453,train,ok,11797,0.006,
tile_018454,train,ok,12339,0.006,
tile_018455,val,ok,11592,0.007,
tile_018456,val,ok,11637,0.008,
tile_018457,val,ok,12716,0.007,
tile_018458,val,ok,13007,0.007,
tile_018459,val,ok,10738,0.007,
tile_018460,val,ok,11679,0.006,
tile_018461,val,ok,9393,0.006,
tile_018462,val,ok,10123,0.007,
tile_018463,val,ok,10093,0.006,
tile_018464,val,ok,12986,0.007,
tile_018465,train,ok,12296,0.007,
tile_018466,test,ok,12518,0.007,
tile_018467,train,ok,12516,0.007,
tile_018468,val,ok,12932,0.007,
tile_018469,train,ok,7969,0.007,
tile_018470,train,ok,10389,0.006,
tile_018471,train,ok,11286,0.006,
tile_018472,val,ok,12337,0.006,
tile_018473,val,ok,10435,0.007,
tile_018474,val,ok,11811,0.007,
tile_018475,train,ok,12355,0.007,
tile_018476,train,ok,12569,0.007,
tile_018477,train,ok,11565,0.006,
tile_018478,train,ok,12966,0.007,
tile_018479,test,ok,11019,0.007,
tile_018480,train,ok,11073,0.006,
tile_018481,train,ok,11751,0.006,
tile_018482,train,ok,11966,0.006,
tile_018483,train,ok,12739,0.006,
tile_018484,train,ok,11735,0.006,
tile_018485,train,ok,12660,0.006,
tile_018486,train,ok,10647,0.006,
tile_018487,val,ok,8268,0.009,
tile_018488,val,ok,12219,0.006,
tile_018489,val,ok,12954,0.009,
tile_018490,val,ok,10522,0.007,
tile_018491,val,ok,6424,0.007,
tile_018492,val,ok,6973,0.006,
tile_018493,val,ok,12534,0.006,
tile_018494,train,ok,12998,0.006,
tile_018495,train,ok,12786,0.007,
tile_018496,train,ok,12282,0.007,
tile_018497,train,ok,12853,0.007,
tile_018498,val,ok,10467,0.006,
tile_018499,val,ok,12627,0.006,
tile_018500,train,ok,12002,0.007,
tile_018501,train,ok,12440,0.007,
tile_018502,train,ok,13067,0.006,
tile_018503,train,ok,12396,0.007,
tile_018504,test,ok,12768,0.006,
tile_018505,test,ok,13046,0.006,
tile_018506,test,ok,11805,0.006,
tile_018507,train,ok,12729,0.007,
tile_018508,train,ok,12206,0.007,
tile_018509,train,ok,11626,0.007,
tile_018510,train,ok,13014,0.006,
tile_018511,train,ok,13084,0.006,
tile_018512,train,ok,11977,0.008,
tile_018513,train,ok,12223,0.007,
tile_018514,train,ok,12169,0.006,
tile_018515,train,ok,11619,0.007,
tile_018516,train,ok,13049,0.006,
tile_018517,train,ok,11815,0.007,
tile_018518,train,ok,11527,0.005,
tile_018519,test,ok,12985,0.007,
tile_018520,test,ok,12476,0.007,
tile_018521,train,ok,12263,0.007,
tile_018522,train,ok,12784,0.007,
tile_018523,train,ok,12503,0.007,
tile_018524,train,ok,11305,0.007,
tile_018525,train,ok,12674,0.007,
tile_018526,train,ok,12737,0.006,
tile_018527,train,ok,10496,0.007,
tile_018528,train,ok,12662,0.007,
tile_018529,train,ok,12189,0.006,
tile_018530,train,ok,11026,0.007,
tile_018531,train,ok,11440,0.008,
tile_018532,train,ok,12645,0.007,
tile_018533,train,ok,11133,0.008,
tile_018534,train,ok,6570,0.006,
tile_018535,train,ok,12180,0.007,
tile_018536,train,ok,9929,0.007,
tile_018537,train,ok,9895,0.007,
tile_018538,val,ok,13010,0.007,
tile_018539,train,ok,12809,0.006,
tile_018540,train,ok,12714,0.008,
tile_018541,train,ok,10444,0.007,
tile_018542,train,ok,10437,0.007,
tile_018543,train,ok,7687,0.006,
tile_018544,train,ok,11138,0.007,
tile_018545,train,ok,10610,0.007,
tile_018546,test,ok,12996,0.007,
tile_018547,test,ok,10414,0.008,
tile_018548,test,ok,9518,0.007,
tile_018549,train,ok,12119,0.007,
tile_018550,train,ok,11949,0.006,
tile_018551,train,ok,12592,0.006,
tile_018552,train,ok,13003,0.006,
tile_018553,train,ok,12721,0.007,
tile_018554,train,ok,12143,0.006,
tile_018555,train,ok,11487,0.007,
tile_018556,val,ok,12397,0.006,
tile_018557,train,ok,12455,0.007,
tile_018558,train,ok,12362,0.007,
tile_018559,train,ok,11592,0.006,
tile_018560,train,ok,12850,0.005,
tile_018561,train,ok,11994,0.006,
tile_018562,train,ok,9519,0.005,
tile_018563,train,ok,11577,0.006,
tile_018564,train,ok,12392,0.005,
tile_018565,train,ok,12295,0.006,
tile_018566,train,ok,9442,0.005,
tile_018567,train,ok,7795,0.006,
tile_018568,train,ok,9608,0.006,
tile_018569,train,ok,11439,0.006,
tile_018570,train,ok,9648,0.006,
tile_018571,train,ok,10517,0.006,
tile_018572,val,ok,11133,0.006,
tile_018573,val,ok,12465,0.006,
tile_018574,train,ok,9508,0.006,
tile_018575,train,ok,9805,0.007,
tile_018576,train,ok,8262,0.007,
tile_018577,train,ok,12341,0.007,
tile_018578,train,ok,12255,0.007,
tile_018579,train,ok,12900,0.006,
tile_018580,train,ok,12491,0.006,
tile_018581,train,ok,12914,0.006,
tile_018582,train,ok,11189,0.005,
tile_018583,train,ok,9046,0.006,
tile_018584,train,ok,12011,0.006,
tile_018585,train,ok,11203,0.006,
tile_018586,train,ok,12862,0.006,
tile_018587,train,ok,12752,0.007,
tile_018588,train,ok,10918,0.006,
tile_018589,val,ok,12666,0.006,
tile_018590,train,ok,12626,0.007,
tile_018591,train,ok,12095,0.006,
tile_018592,val,ok,11868,0.006,
tile_018593,val,ok,11770,0.006,
tile_018594,val,ok,12168,0.006,
tile_018595,train,ok,12720,0.006,
tile_018596,train,ok,11789,0.006,
tile_018597,train,ok,11919,0.006,
tile_018598,train,ok,12064,0.007,
tile_018599,train,ok,11652,0.006,
tile_018600,val,ok,12671,0.006,
tile_018601,val,ok,12037,0.007,
tile_018602,train,ok,12789,0.005,
tile_018603,train,ok,12892,0.006,
tile_018604,train,ok,12651,0.006,
tile_018605,train,ok,12733,0.006,
tile_018606,train,ok,12693,0.006,
tile_018607,train,ok,11896,0.006,
tile_018608,val,ok,12222,0.006,
tile_018609,train,ok,12739,0.006,
tile_018610,train,ok,12060,0.006,
tile_018611,train,ok,12760,0.006,
tile_018612,train,ok,11714,0.006,
tile_018613,train,ok,12586,0.006,
tile_018614,val,ok,12229,0.006,
tile_018615,train,ok,12378,0.007,
tile_018616,val,ok,13047,0.006,
tile_018617,val,ok,12966,0.006,
tile_018618,train,ok,11097,0.008,
tile_018619,train,ok,11074,0.006,
tile_018620,train,ok,11723,0.007,
tile_018621,train,ok,12738,0.007,
tile_018622,train,ok,8919,0.006,
tile_018623,train,ok,8449,0.007,
tile_018624,train,ok,12372,0.006,
tile_018625,train,ok,12772,0.007,
tile_018626,train,ok,10445,0.008,
tile_018627,train,ok,11255,0.006,
tile_018628,train,ok,12804,0.007,
tile_018629,train,ok,13079,0.008,
tile_018630,test,ok,11648,0.008,
tile_018631,train,ok,12812,0.006,
tile_018632,train,ok,12501,0.007,
tile_018633,train,ok,11673,0.006,
tile_018634,train,ok,9432,0.006,
tile_018635,train,ok,12704,0.008,
tile_018636,train,ok,12641,0.006,
tile_018637,train,ok,11278,0.006,
tile_018638,train,ok,11263,0.006,
tile_018639,train,ok,11880,0.006,
tile_018640,train,ok,11698,0.006,
tile_018641,train,ok,12989,0.006,
tile_018642,train,ok,11911,0.006,
tile_018643,train,ok,11916,0.006,
tile_018644,train,ok,11927,0.006,
tile_018645,train,ok,12141,0.006,
tile_018646,train,ok,12075,0.006,
tile_018647,val,ok,12219,0.005,
tile_018648,val,ok,12719,0.006,
tile_018649,train,ok,10885,0.005,
tile_018650,train,ok,9350,0.005,
tile_018651,train,ok,10628,0.006,
tile_018652,train,ok,11477,0.006,
tile_018653,train,ok,11089,0.006,
tile_018654,train,ok,11013,0.008,
tile_018655,train,ok,11974,0.008,
tile_018656,train,ok,11073,0.009,
tile_018657,train,ok,11447,0.008,
tile_018658,train,ok,8293,0.006,
tile_018659,train,ok,11422,0.005,
tile_018660,train,ok,11186,0.006,
tile_018661,train,ok,9526,0.007,
tile_018662,train,ok,12354,0.007,
tile_018663,train,ok,13067,0.007,
tile_018664,train,ok,12892,0.007,
tile_018665,train,ok,11973,0.007,
tile_018666,train,ok,13085,0.006,
tile_018667,train,ok,11595,0.007,
tile_018668,val,ok,10781,0.007,
tile_018669,val,ok,11519,0.007,
tile_018670,train,ok,10156,0.006,
tile_018671,train,ok,11149,0.006,
tile_018672,val,ok,12546,0.007,
tile_018673,val,ok,12579,0.007,
tile_018674,train,ok,11865,0.009,
tile_018675,train,ok,12882,0.008,
tile_018676,train,ok,12771,0.008,
tile_018677,train,ok,12350,0.007,
tile_018678,train,ok,12015,0.008,
tile_018679,test,ok,12799,0.009,
tile_018680,train,ok,11583,0.008,
tile_018681,train,ok,12938,0.009,
tile_018682,val,ok,12268,0.01,
tile_018683,val,ok,12231,0.01,
tile_018684,train,ok,12047,0.009,
tile_018685,train,ok,11838,0.009,
tile_018686,train,ok,12440,0.008,
tile_018687,train,ok,12378,0.009,
tile_018688,train,ok,12064,0.008,
tile_018689,train,ok,11820,0.008,
tile_018690,train,ok,11414,0.007,
tile_018691,train,ok,13057,0.009,
tile_018692,train,ok,12527,0.008,
tile_018693,train,ok,10241,0.008,
tile_018694,train,ok,12300,0.008,
tile_018695,train,ok,12809,0.008,
tile_018696,train,ok,12393,0.009,
tile_018697,val,ok,10489,0.007,
tile_018698,train,ok,12467,0.007,
tile_018699,train,ok,12356,0.007,
tile_018700,train,ok,11684,0.008,
tile_018701,train,ok,12317,0.008,
tile_018702,train,ok,12945,0.008,
tile_018703,train,ok,11036,0.009,
tile_018704,train,ok,12788,0.01,
tile_018705,train,ok,12958,0.009,
tile_018706,train,ok,12409,0.009,
tile_018707,train,ok,10745,0.008,
tile_018708,train,ok,12577,0.009,
tile_018709,train,ok,12666,0.009,
tile_018710,train,ok,11657,0.009,
tile_018711,train,ok,10952,0.007,
tile_018712,train,ok,10434,0.007,
tile_018713,train,ok,11562,0.006,
tile_018714,train,ok,12530,0.006,
tile_018715,val,ok,12427,0.007,
tile_018716,train,ok,9268,0.006,
tile_018717,train,ok,13010,0.006,
tile_018718,train,ok,12804,0.006,
tile_018719,train,ok,9898,0.005,
tile_018720,train,ok,10872,0.005,
tile_018721,train,ok,10607,0.006,
tile_018722,train,ok,13089,0.006,
tile_018723,train,ok,8816,0.006,
tile_018724,train,ok,8812,0.006,
tile_018725,train,ok,10007,0.006,
tile_018726,train,ok,12468,0.007,
tile_018727,train,ok,10393,0.008,
tile_018728,train,ok,12326,0.008,
tile_018729,train,ok,12801,0.009,
tile_018730,train,ok,12770,0.008,
tile_018731,train,ok,12376,0.007,
tile_018732,train,ok,12895,0.007,
tile_018733,train,ok,12170,0.007,
tile_018734,train,ok,13047,0.006,
tile_018735,train,ok,12653,0.007,
tile_018736,val,ok,12065,0.007,
tile_018737,val,ok,12252,0.006,
tile_018738,val,ok,12576,0.006,
tile_018739,train,ok,12792,0.007,
tile_018740,train,ok,12229,0.007,
tile_018741,train,ok,12302,0.006,
tile_018742,train,ok,13140,0.007,
tile_018743,train,ok,13143,0.007,
tile_018744,val,ok,13084,0.006,
tile_018745,train,ok,12367,0.007,
tile_018746,val,ok,11258,0.007,
tile_018747,val,ok,10876,0.009,
tile_018748,val,ok,11584,0.008,
tile_018749,val,ok,11279,0.008,
tile_018750,train,ok,12029,0.008,
tile_018751,val,ok,12435,0.008,
tile_018752,train,ok,12074,0.007,
tile_018753,train,ok,12067,0.006,
tile_018754,train,ok,12690,0.007,
tile_018755,train,ok,10519,0.006,
tile_018756,train,ok,12627,0.006,
tile_018757,train,ok,12030,0.006,
tile_018758,train,ok,10640,0.006,
tile_018759,train,ok,12167,0.006,
tile_018760,train,ok,11758,0.006,
tile_018761,train,ok,10373,0.006,
tile_018762,train,ok,12037,0.006,
tile_018763,train,ok,11451,0.006,
tile_018764,train,ok,12547,0.006,
tile_018765,train,ok,11369,0.006,
tile_018766,train,ok,11078,0.006,
tile_018767,train,ok,11466,0.006,
tile_018768,train,ok,9928,0.006,
tile_018769,train,ok,11377,0.007,
tile_018770,val,ok,12681,0.006,
tile_018771,val,ok,12620,0.006,
tile_018772,val,ok,12452,0.006,
tile_018773,train,ok,11336,0.006,
tile_018774,train,ok,9813,0.006,
tile_018775,train,ok,10593,0.006,
tile_018776,train,ok,9646,0.005,
tile_018777,train,ok,6013,0.006,
tile_018778,train,ok,8067,0.006,
tile_018779,train,ok,7721,0.005,
tile_018780,train,ok,10439,0.005,
tile_018781,train,ok,8747,0.005,
tile_018782,train,ok,8554,0.006,
tile_018783,train,ok,12085,0.006,
tile_018784,train,ok,9334,0.006,
tile_018785,train,ok,13016,0.006,
tile_018786,train,ok,12126,0.005,
tile_018787,train,ok,10770,0.006,
tile_018788,train,ok,9798,0.006,
tile_018789,train,ok,9369,0.006,
tile_018790,train,ok,11243,0.006,
tile_018791,train,ok,11325,0.006,
tile_018792,train,ok,12693,0.006,
tile_018793,train,ok,10045,0.006,
tile_018794,train,ok,11215,0.007,
tile_018795,train,ok,12327,0.007,
tile_018796,train,ok,11596,0.007,
tile_018797,train,ok,12485,0.007,
tile_018798,train,ok,12777,0.006,
tile_018799,train,ok,9303,0.007,
tile_018800,train,ok,10354,0.006,
tile_018801,train,ok,11592,0.006,
tile_018802,train,ok,9924,0.007,
tile_018803,test,ok,12712,0.006,
tile_018804,train,ok,12318,0.006,
tile_018805,train,ok,12920,0.006,
tile_018806,train,ok,11486,0.006,
tile_018807,train,ok,11786,0.006,
tile_018808,train,ok,10667,0.006,
tile_018809,train,ok,11782,0.006,
tile_018810,val,ok,12452,0.006,
tile_018811,train,ok,12571,0.006,
tile_018812,train,ok,12995,0.006,
tile_018813,train,ok,12876,0.006,
tile_018814,train,ok,11449,0.006,
tile_018815,test,ok,12573,0.006,
tile_018816,val,ok,12833,0.006,
tile_018817,val,ok,12017,0.006,
tile_018818,train,ok,11842,0.006,
tile_018819,train,ok,12525,0.006,
tile_018820,train,ok,12728,0.006,
tile_018821,train,ok,12142,0.006,
tile_018822,train,ok,10934,0.006,
tile_018823,train,ok,9827,0.006,
tile_018824,train,ok,12950,0.006,
tile_018825,train,ok,12305,0.006,
tile_018826,train,ok,12899,0.006,
tile_018827,train,ok,11455,0.006,
tile_018828,test,ok,12763,0.006,
tile_018829,test,ok,9882,0.006,
tile_018830,test,ok,9969,0.006,
tile_018831,test,ok,12262,0.006,
tile_018832,train,ok,12581,0.006,
tile_018833,train,ok,10966,0.007,
tile_018834,train,ok,12902,0.006,
tile_018835,train,ok,12524,0.006,
tile_018836,val,ok,13064,0.006,
tile_018837,test,ok,12688,0.006,
tile_018838,test,ok,12748,0.005,
tile_018839,train,ok,10855,0.006,
tile_018840,train,ok,12264,0.006,
tile_018841,train,ok,12756,0.006,
tile_018842,train,ok,11675,0.008,
tile_018843,train,ok,10564,0.008,
tile_018844,val,ok,11152,0.009,
tile_018845,val,ok,11101,0.008,
tile_018846,val,ok,12137,0.007,
tile_018847,train,ok,9933,0.006,
tile_018848,train,ok,9811,0.006,
tile_018849,train,ok,12621,0.006,
tile_018850,test,ok,10028,0.006,
tile_018851,test,ok,9248,0.007,
tile_018852,test,ok,11701,0.007,
tile_018853,test,ok,8219,0.006,
tile_018854,train,ok,11951,0.006,
tile_018855,train,ok,9356,0.007,
tile_018856,train,ok,9350,0.007,
tile_018857,val,ok,11083,0.007,
tile_018858,val,ok,11759,0.006,
tile_018859,train,ok,12808,0.007,
tile_018860,train,ok,11880,0.007,
tile_018861,train,ok,13014,0.007,
tile_018862,train,ok,12857,0.008,
tile_018863,test,ok,12322,0.006,
tile_018864,test,ok,10552,0.006,
tile_018865,train,ok,12979,0.006,
tile_018866,train,ok,8050,0.007,
tile_018867,test,ok,11291,0.007,
tile_018868,test,ok,11278,0.006,
tile_018869,test,ok,12145,0.006,
tile_018870,test,ok,10036,0.007,
tile_018871,train,ok,12446,0.007,
tile_018872,train,ok,11402,0.008,
tile_018873,train,ok,11117,0.008,
tile_018874,test,ok,11983,0.006,
tile_018875,train,ok,10606,0.006,
tile_018876,train,ok,11579,0.006,
tile_018877,train,ok,12504,0.006,
tile_018878,train,ok,13105,0.006,
tile_018879,train,ok,12548,0.007,
tile_018880,train,ok,12361,0.006,
tile_018881,train,ok,12872,0.006,
tile_018882,val,ok,11959,0.005,
tile_018883,train,ok,12440,0.006,
tile_018884,train,ok,13048,0.005,
tile_018885,train,ok,12800,0.005,
tile_018886,test,ok,13034,0.006,
tile_018887,train,ok,13029,0.006,
tile_018888,val,ok,11813,0.006,
tile_018889,train,ok,11432,0.006,
tile_018890,train,ok,12757,0.006,
tile_018891,train,ok,12341,0.006,
tile_018892,train,ok,13042,0.005,
tile_018893,train,ok,12932,0.006,
tile_018894,train,ok,10257,0.006,
tile_018895,train,ok,11651,0.006,
tile_018896,train,ok,12390,0.007,
tile_018897,test,ok,12851,0.006,
tile_018898,train,ok,12874,0.007,
tile_018899,test,ok,12802,0.006,
tile_018900,test,ok,12833,0.007,
tile_018901,train,ok,12381,0.006,
tile_018902,train,ok,10734,0.007,
tile_018903,val,ok,12935,0.007,
tile_018904,val,ok,10445,0.007,
tile_018905,val,ok,10777,0.007,
tile_018906,val,ok,12438,0.007,
tile_018907,train,ok,10890,0.006,
tile_018908,train,ok,12309,0.006,
tile_018909,train,ok,12987,0.006,
tile_018910,train,ok,10435,0.008,
tile_018911,test,ok,9766,0.006,
tile_018912,test,ok,9399,0.006,
tile_018913,test,ok,11114,0.006,
tile_018914,test,ok,12607,0.007,
tile_018915,train,ok,11575,0.007,
tile_018916,train,ok,11128,0.006,
tile_018917,val,ok,12602,0.007,
tile_018918,val,ok,13018,0.006,
tile_018919,val,ok,13019,0.006,
tile_018920,val,ok,12047,0.006,
tile_018921,train,ok,13006,0.006,
tile_018922,train,ok,12587,0.006,
tile_018923,train,ok,12505,0.006,
tile_018924,train,ok,11543,0.006,
tile_018925,train,ok,13071,0.006,
tile_018926,train,ok,12174,0.007,
tile_018927,train,ok,9800,0.007,
tile_018928,train,ok,12110,0.006,
tile_018929,train,ok,11048,0.006,
tile_018930,train,ok,11171,0.006,
tile_018931,train,ok,11072,0.006,
tile_018932,train,ok,12254,0.006,
tile_018933,train,ok,12454,0.007,
tile_018934,train,ok,11503,0.006,
tile_018935,train,ok,11193,0.005,
tile_018936,train,ok,12521,0.006,
tile_018937,train,ok,12496,0.006,
tile_018938,train,ok,12978,0.006,
tile_018939,train,ok,12530,0.006,
tile_018940,val,ok,12003,0.006,
tile_018941,train,ok,12897,0.006,
tile_018942,train,ok,12373,0.006,
tile_018943,train,ok,12903,0.007,
tile_018944,train,ok,12312,0.007,
tile_018945,train,ok,10932,0.006,
tile_018946,train,ok,12948,0.006,
tile_018947,val,ok,12812,0.007,
tile_018948,train,ok,12446,0.007,
tile_018949,train,ok,12664,0.006,
tile_018950,train,ok,12855,0.006,
tile_018951,train,ok,11178,0.006,
tile_018952,train,ok,12000,0.006,
tile_018953,train,ok,12348,0.006,
tile_018954,train,ok,12014,0.006,
tile_018955,train,ok,12942,0.008,
tile_018956,train,ok,11707,0.007,
tile_018957,train,ok,12004,0.008,
tile_018958,train,ok,11280,0.007,
tile_018959,train,ok,12936,0.007,
tile_018960,val,ok,12561,0.007,
tile_018961,train,ok,12901,0.006,
tile_018962,test,ok,12824,0.006,
tile_018963,test,ok,12210,0.006,
tile_018964,train,ok,11971,0.006,
tile_018965,train,ok,11729,0.006,
tile_018966,train,ok,10738,0.006,
tile_018967,train,ok,10547,0.007,
tile_018968,train,ok,7655,0.007,
tile_018969,val,ok,9323,0.006,
tile_018970,val,ok,12733,0.006,
tile_018971,val,ok,12787,0.006,
tile_018972,val,ok,10377,0.006,
tile_018973,train,ok,11861,0.006,
tile_018974,train,ok,12739,0.006,
tile_018975,train,ok,9984,0.006,
tile_018976,test,ok,11416,0.005,
tile_018977,test,ok,10668,0.006,
tile_018978,test,ok,10976,0.007,
tile_018979,test,ok,12045,0.008,
tile_018980,train,ok,13104,0.008,
tile_018981,train,ok,12423,0.009,
tile_018982,train,ok,10208,0.008,
tile_018983,train,ok,9309,0.009,
tile_018984,val,ok,11251,0.009,
tile_018985,val,ok,12584,0.008,
tile_018986,train,ok,10859,0.009,
tile_018987,train,ok,9875,0.008,
tile_018988,train,ok,12106,0.008,
tile_018989,train,ok,11791,0.008,
tile_018990,train,ok,9235,0.008,
tile_018991,train,ok,10701,0.008,
tile_018992,train,ok,12895,0.008,
tile_018993,train,ok,12596,0.009,
tile_018994,train,ok,12999,0.008,
tile_018995,train,ok,11567,0.008,
tile_018996,train,ok,11291,0.008,
tile_018997,train,ok,9830,0.009,
tile_018998,train,ok,9231,0.009,
tile_018999,test,ok,12120,0.007,
tile_019000,train,ok,12935,0.008,
tile_019001,test,ok,12638,0.007,
tile_019002,test,ok,11649,0.008,
tile_019003,train,ok,12525,0.008,
tile_019004,train,ok,12824,0.008,
tile_019005,train,ok,11051,0.007,
tile_019006,train,ok,9928,0.008,
tile_019007,train,ok,7933,0.008,
tile_019008,train,ok,11047,0.007,
tile_019009,train,ok,12875,0.007,
tile_019010,train,ok,11973,0.008,
tile_019011,train,ok,11855,0.007,
tile_019012,train,ok,12123,0.007,
tile_019013,train,ok,12049,0.007,
tile_019014,train,ok,12853,0.007,
tile_019015,val,ok,11225,0.007,
tile_019016,train,ok,12325,0.007,
tile_019017,train,ok,12185,0.007,
tile_019018,train,ok,12303,0.006,
tile_019019,train,ok,12688,0.006,
tile_019020,val,ok,10988,0.006,
tile_019021,val,ok,10929,0.006,
tile_019022,train,ok,11795,0.006,
tile_019023,train,ok,12703,0.006,
tile_019024,val,ok,10268,0.006,
tile_019025,train,ok,11002,0.006,
tile_019026,val,ok,12236,0.006,
tile_019027,train,ok,12558,0.006,
tile_019028,test,ok,13019,0.006,
tile_019029,val,ok,12966,0.006,
tile_019030,test,ok,12196,0.006,
tile_019031,val,ok,11731,0.006,
tile_019032,train,ok,12688,0.006,
tile_019033,train,ok,11803,0.006,
tile_019034,train,ok,10817,0.006,
tile_019035,test,ok,12002,0.006,
tile_019036,train,ok,12648,0.006,
tile_019037,train,ok,13141,0.006,
tile_019038,train,ok,12274,0.005,
tile_019039,train,ok,12819,0.006,
tile_019040,train,ok,11914,0.006,
tile_019041,train,ok,12701,0.005,
tile_019042,train,ok,10832,0.006,
tile_019043,train,ok,11878,0.006,
tile_019044,test,ok,12207,0.006,
tile_019045,test,ok,9038,0.005,
tile_019046,test,ok,11201,0.005,
tile_019047,train,ok,12844,0.006,
tile_019048,train,ok,11745,0.006,
tile_019049,train,ok,12067,0.006,
tile_019050,val,ok,12769,0.006,
tile_019051,train,ok,11735,0.006,
tile_019052,train,ok,9885,0.006,
tile_019053,train,ok,9180,0.005,
tile_019054,train,ok,11675,0.005,
tile_019055,train,ok,9273,0.005,
tile_019056,train,ok,13040,0.005,
tile_019057,train,ok,12805,0.006,
tile_019058,train,ok,9294,0.006,
tile_019059,train,ok,10019,0.006,
tile_019060,train,ok,12933,0.006,
tile_019061,train,ok,11936,0.006,
tile_019062,train,ok,11073,0.005,
tile_019063,train,ok,12720,0.006,
tile_019064,train,ok,11437,0.006,
tile_019065,train,ok,11446,0.006,
tile_019066,test,ok,12294,0.006,
tile_019067,test,ok,7794,0.006,
tile_019068,test,ok,8027,0.007,
tile_019069,test,ok,8983,0.006,
tile_019070,train,ok,12131,0.005,
tile_019071,train,ok,10369,0.006,
tile_019072,train,ok,9556,0.006,
tile_019073,train,ok,12050,0.006,
tile_019074,train,ok,12421,0.006,
tile_019075,train,ok,11965,0.006,
tile_019076,test,ok,12461,0.006,
tile_019077,test,ok,12596,0.006,
tile_019078,train,ok,12539,0.005,
tile_019079,train,ok,12761,0.006,
tile_019080,train,ok,13147,0.006,
tile_019081,train,ok,11752,0.006,
tile_019082,train,ok,10569,0.006,
tile_019083,train,ok,8478,0.006,
tile_019084,train,ok,12252,0.006,
tile_019085,train,ok,12406,0.006,
tile_019086,train,ok,12418,0.006,
tile_019087,train,ok,11854,0.006,
tile_019088,train,ok,9650,0.006,
tile_019089,train,ok,12448,0.007,
tile_019090,train,ok,12127,0.006,
tile_019091,train,ok,12831,0.006,
tile_019092,train,ok,12154,0.006,
tile_019093,train,ok,12725,0.006,
tile_019094,train,ok,13006,0.005,
tile_019095,train,ok,11379,0.006,
tile_019096,train,ok,12928,0.006,
tile_019097,train,ok,12064,0.006,
tile_019098,train,ok,11338,0.006,
tile_019099,train,ok,10197,0.006,
tile_019100,train,ok,12938,0.006,
tile_019101,val,ok,11271,0.006,
tile_019102,val,ok,12857,0.006,
tile_019103,train,ok,13005,0.006,
tile_019104,val,ok,12967,0.006,
tile_019105,train,ok,12623,0.006,
tile_019106,val,ok,12707,0.006,
tile_019107,train,ok,12476,0.006,
tile_019108,val,ok,12670,0.006,
tile_019109,train,ok,12357,0.005,
tile_019110,train,ok,12129,0.005,
tile_019111,train,ok,12699,0.006,
tile_019112,train,ok,11433,0.006,
tile_019113,train,ok,12420,0.006,
tile_019114,train,ok,11195,0.006,
tile_019115,train,ok,12218,0.007,
tile_019116,train,ok,11397,0.007,
tile_019117,train,ok,9565,0.007,
tile_019118,train,ok,13085,0.007,
tile_019119,train,ok,11362,0.008,
tile_019120,train,ok,10097,0.008,
tile_019121,train,ok,8043,0.008,
tile_019122,train,ok,8588,0.008,
tile_019123,train,ok,11455,0.006,
tile_019124,train,ok,12950,0.006,
tile_019125,train,ok,10557,0.007,
tile_019126,train,ok,12038,0.007,
tile_019127,train,ok,12414,0.006,
tile_019128,test,ok,10542,0.007,
tile_019129,test,ok,12895,0.006,
tile_019130,test,ok,8873,0.007,
tile_019131,test,ok,12830,0.006,
tile_019132,train,ok,8115,0.007,
tile_019133,train,ok,12716,0.006,
tile_019134,train,ok,10235,0.006,
tile_019135,train,ok,12191,0.006,
tile_019136,train,ok,13068,0.007,
tile_019137,train,ok,11743,0.006,
tile_019138,train,ok,10806,0.006,
tile_019139,train,ok,8058,0.007,
tile_019140,train,ok,11649,0.007,
tile_019141,train,ok,13146,0.006,
tile_019142,train,ok,11827,0.006,
tile_019143,train,ok,9069,0.006,
tile_019144,train,ok,11182,0.006,
tile_019145,train,ok,11726,0.006,
tile_019146,train,ok,10650,0.007,
tile_019147,train,ok,10066,0.006,
tile_019148,train,ok,8432,0.007,
tile_019149,train,ok,9676,0.007,
tile_019150,train,ok,9903,0.007,
tile_019151,train,ok,10767,0.007,
tile_019152,train,ok,9718,0.008,
tile_019153,train,ok,11315,0.008,
tile_019154,train,ok,12407,0.006,
tile_019155,train,ok,12972,0.008,
tile_019156,train,ok,13181,0.007,
tile_019157,train,ok,10252,0.007,
tile_019158,train,ok,11815,0.008,
tile_019159,train,ok,11670,0.006,
tile_019160,test,ok,11002,0.006,
tile_019161,test,ok,12793,0.006,
tile_019162,test,ok,11298,0.005,
tile_019163,test,ok,11433,0.006,
tile_019164,train,ok,11024,0.006,
tile_019165,train,ok,12430,0.005,
tile_019166,val,ok,11834,0.006,
tile_019167,val,ok,13096,0.006,
tile_019168,train,ok,12901,0.006,
tile_019169,train,ok,13052,0.007,
tile_019170,train,ok,13109,0.006,
tile_019171,train,ok,12127,0.006,
tile_019172,train,ok,12401,0.006,
tile_019173,train,ok,12790,0.006,
tile_019174,train,ok,12495,0.006,
tile_019175,train,ok,11780,0.007,
tile_019176,train,ok,12999,0.007,
tile_019177,test,ok,13057,0.006,
tile_019178,train,ok,12950,0.006,
tile_019179,train,ok,10788,0.007,
tile_019180,train,ok,12323,0.008,
tile_019181,train,ok,11190,0.007,
tile_019182,train,ok,13015,0.007,
tile_019183,train,ok,12777,0.006,
tile_019184,train,ok,11674,0.008,
tile_019185,train,ok,12233,0.006,
tile_019186,train,ok,11951,0.006,
tile_019187,train,ok,11371,0.007,
tile_019188,train,ok,11280,0.006,
tile_019189,train,ok,12798,0.006,
tile_019190,val,ok,12944,0.008,
tile_019191,train,ok,12944,0.008,
tile_019192,train,ok,12399,0.007,
tile_019193,train,ok,12835,0.007,
tile_019194,val,ok,12285,0.006,
tile_019195,train,ok,11118,0.006,
tile_019196,train,ok,12702,0.006,
tile_019197,train,ok,12293,0.006,
tile_019198,train,ok,12435,0.006,
tile_019199,train,ok,12726,0.006,
tile_019200,train,ok,10978,0.006,
tile_019201,train,ok,11675,0.006,
tile_019202,train,ok,11868,0.005,
tile_019203,train,ok,11799,0.006,
tile_019204,train,ok,10927,0.006,
tile_019205,train,ok,11797,0.006,
tile_019206,train,ok,12023,0.006,
tile_019207,train,ok,11829,0.007,
tile_019208,train,ok,12882,0.007,
tile_019209,train,ok,11906,0.008,
tile_019210,train,ok,12324,0.007,
tile_019211,test,ok,13186,0.008,
tile_019212,test,ok,10601,0.008,
tile_019213,test,ok,12719,0.007,
tile_019214,train,ok,12887,0.008,
tile_019215,train,ok,12653,0.009,
tile_019216,train,ok,12402,0.007,
tile_019217,train,ok,11174,0.007,
tile_019218,train,ok,9851,0.006,
tile_019219,train,ok,8338,0.007,
tile_019220,train,ok,11811,0.007,
tile_019221,train,ok,12140,0.007,
tile_019222,train,ok,9772,0.007,
tile_019223,train,ok,9156,0.008,
tile_019224,train,ok,9655,0.008,
tile_019225,train,ok,12713,0.006,
tile_019226,train,ok,13014,0.007,
tile_019227,train,ok,11528,0.007,
tile_019228,train,ok,11700,0.006,
tile_019229,train,ok,9804,0.006,
tile_019230,train,ok,12245,0.007,
tile_019231,train,ok,11717,0.006,
tile_019232,train,ok,10809,0.007,
tile_019233,train,ok,12383,0.006,
tile_019234,test,ok,8783,0.006,
tile_019235,train,ok,12576,0.006,
tile_019236,train,ok,13082,0.006,
tile_019237,train,ok,12893,0.006,
tile_019238,train,ok,12282,0.006,
tile_019239,train,ok,12048,0.006,
tile_019240,train,ok,13064,0.006,
tile_019241,train,ok,12643,0.006,
tile_019242,train,ok,11459,0.006,
tile_019243,train,ok,11904,0.006,
tile_019244,train,ok,11770,0.006,
tile_019245,train,ok,12002,0.006,
tile_019246,test,ok,12142,0.007,
tile_019247,train,ok,12883,0.006,
tile_019248,train,ok,12267,0.006,
tile_019249,train,ok,11326,0.006,
tile_019250,train,ok,11642,0.006,
tile_019251,train,ok,10989,0.007,
tile_019252,train,ok,11649,0.007,
tile_019253,train,ok,12691,0.006,
tile_019254,train,ok,12354,0.006,
tile_019255,train,ok,11195,0.006,
tile_019256,train,ok,12766,0.006,
tile_019257,train,ok,12463,0.006,
tile_019258,train,ok,12129,0.006,
tile_019259,val,ok,11988,0.006,
tile_019260,train,ok,12678,0.006,
tile_019261,val,ok,12881,0.006,
tile_019262,val,ok,8215,0.006,
tile_019263,val,ok,13109,0.006,
tile_019264,train,ok,11824,0.006,
tile_019265,train,ok,12997,0.006,
tile_019266,train,ok,13097,0.005,
tile_019267,train,ok,13019,0.006,
tile_019268,train,ok,11163,0.006,
tile_019269,train,ok,10050,0.006,
tile_019270,train,ok,11957,0.006,
tile_019271,train,ok,11693,0.007,
tile_019272,train,ok,11356,0.006,
tile_019273,train,ok,10970,0.008,
tile_019274,train,ok,9646,0.006,
tile_019275,train,ok,6519,0.006,
tile_019276,train,ok,12377,0.006,
tile_019277,train,ok,9094,0.006,
tile_019278,train,ok,12279,0.006,
tile_019279,train,ok,11344,0.007,
tile_019280,train,ok,10319,0.007,
tile_019281,train,ok,9655,0.007,
tile_019282,train,ok,11577,0.006,
tile_019283,train,ok,11427,0.006,
tile_019284,train,ok,12227,0.006,
tile_019285,train,ok,10915,0.006,
tile_019286,train,ok,12319,0.005,
tile_019287,train,ok,11950,0.007,
tile_019288,train,ok,12489,0.007,
tile_019289,train,ok,12797,0.007,
tile_019290,train,ok,11563,0.007,
tile_019291,train,ok,9988,0.01,
tile_019292,train,ok,9690,0.009,
tile_019293,train,ok,13089,0.009,
tile_019294,test,ok,12518,0.009,
tile_019295,test,ok,12851,0.009,
tile_019296,train,ok,12904,0.009,
tile_019297,train,ok,12020,0.008,
tile_019298,train,ok,11222,0.009,
tile_019299,train,ok,12191,0.009,
tile_019300,train,ok,8480,0.007,
tile_019301,train,ok,8809,0.008,
tile_019302,train,ok,10736,0.008,
tile_019303,train,ok,12498,0.008,
tile_019304,train,ok,9570,0.008,
tile_019305,train,ok,12684,0.008,
tile_019306,train,ok,12308,0.009,
tile_019307,train,ok,8105,0.007,
tile_019308,train,ok,10142,0.008,
tile_019309,train,ok,7097,0.008,
tile_019310,train,ok,9454,0.008,
tile_019311,train,ok,8748,0.008,
tile_019312,train,ok,11858,0.007,
tile_019313,train,ok,11335,0.008,
tile_019314,train,ok,11190,0.007,
tile_019315,train,ok,11137,0.008,
tile_019316,val,ok,12102,0.008,
tile_019317,train,ok,10572,0.007,
tile_019318,train,ok,12765,0.008,
tile_019319,train,ok,12743,0.008,
tile_019320,train,ok,12502,0.009,
tile_019321,train,ok,12470,0.008,
tile_019322,train,ok,12391,0.007,
tile_019323,train,ok,12769,0.008,
tile_019324,train,ok,12393,0.008,
tile_019325,train,ok,12950,0.008,
tile_019326,train,ok,12532,0.007,
tile_019327,train,ok,12680,0.01,
tile_019328,train,ok,10620,0.011,
tile_019329,train,ok,11339,0.01,
tile_019330,train,ok,11831,0.01,
tile_019331,train,ok,12956,0.007,
tile_019332,train,ok,12302,0.006,
tile_019333,train,ok,12314,0.006,
tile_019334,train,ok,11889,0.006,
tile_019335,train,ok,12536,0.006,
tile_019336,train,ok,12975,0.007,
tile_019337,train,ok,12556,0.006,
tile_019338,train,ok,11898,0.006,
tile_019339,train,ok,12247,0.007,
tile_019340,train,ok,12414,0.006,
tile_019341,train,ok,12856,0.006,
tile_019342,test,ok,13036,0.006,
tile_019343,train,ok,12124,0.007,
tile_019344,train,ok,11099,0.006,
tile_019345,train,ok,12710,0.006,
tile_019346,train,ok,12906,0.007,
tile_019347,test,ok,12305,0.006,
tile_019348,train,ok,11513,0.005,
tile_019349,train,ok,11545,0.006,
tile_019350,train,ok,13012,0.005,
tile_019351,train,ok,13019,0.006,
tile_019352,test,ok,11250,0.006,
tile_019353,train,ok,12705,0.006,
tile_019354,train,ok,12346,0.006,
tile_019355,train,ok,12995,0.005,
tile_019356,train,ok,11852,0.006,
tile_019357,train,ok,12339,0.006,
tile_019358,train,ok,12916,0.005,
tile_019359,val,ok,12703,0.005,
tile_019360,train,ok,10444,0.005,
tile_019361,train,ok,11981,0.006,
tile_019362,train,ok,8606,0.005,
tile_019363,train,ok,8734,0.006,
tile_019364,train,ok,13077,0.006,
tile_019365,train,ok,11123,0.006,
tile_019366,train,ok,10349,0.006,
tile_019367,train,ok,10110,0.006,
tile_019368,train,ok,9728,0.006,
tile_019369,train,ok,12086,0.005,
tile_019370,train,ok,11410,0.005,
tile_019371,train,ok,11985,0.006,
tile_019372,train,ok,12867,0.006,
tile_019373,train,ok,11858,0.006,
tile_019374,train,ok,10875,0.005,
tile_019375,train,ok,11538,0.006,
tile_019376,train,ok,13034,0.006,
tile_019377,train,ok,12528,0.006,
tile_019378,train,ok,12432,0.006,
tile_019379,test,ok,12450,0.008,
tile_019380,test,ok,10149,0.008,
tile_019381,test,ok,10700,0.007,
tile_019382,train,ok,13098,0.007,
tile_019383,train,ok,10837,0.006,
tile_019384,train,ok,11616,0.006,
tile_019385,train,ok,10844,0.006,
tile_019386,train,ok,8702,0.005,
tile_019387,train,ok,11578,0.006,
tile_019388,train,ok,7548,0.006,
tile_019389,train,ok,10734,0.006,
tile_019390,train,ok,11922,0.006,
tile_019391,train,ok,11829,0.006,
tile_019392,train,ok,12443,0.006,
tile_019393,train,ok,10553,0.005,
tile_019394,train,ok,12551,0.006,
tile_019395,train,ok,12281,0.007,
tile_019396,train,ok,12540,0.007,
tile_019397,train,ok,12537,0.006,
tile_019398,train,ok,7788,0.006,
tile_019399,train,ok,11897,0.006,
tile_019400,train,ok,10029,0.006,
tile_019401,train,ok,11590,0.007,
tile_019402,train,ok,12556,0.006,
tile_019403,train,ok,13072,0.007,
tile_019404,train,ok,11279,0.006,
tile_019405,test,ok,13021,0.007,
tile_019406,test,ok,12535,0.006,
tile_019407,test,ok,10710,0.007,
tile_019408,val,ok,12799,0.007,
tile_019409,train,ok,12020,0.007,
tile_019410,train,ok,12767,0.007,
tile_019411,train,ok,10871,0.007,
tile_019412,train,ok,13108,0.007,
tile_019413,train,ok,12969,0.007,
tile_019414,train,ok,12989,0.007,
tile_019415,train,ok,12298,0.006,
tile_019416,train,ok,12866,0.006,
tile_019417,train,ok,11892,0.006,
tile_019418,train,ok,10720,0.008,
tile_019419,train,ok,12870,0.006,
tile_019420,train,ok,12681,0.006,
tile_019421,train,ok,12985,0.007,
tile_019422,train,ok,11781,0.008,
tile_019423,train,ok,11158,0.009,
tile_019424,train,ok,12726,0.008,
tile_019425,train,ok,12126,0.009,
tile_019426,train,ok,12127,0.007,
tile_019427,train,ok,9907,0.006,
tile_019428,train,ok,10902,0.007,
tile_019429,train,ok,12981,0.008,
tile_019430,train,ok,12836,0.007,
tile_019431,train,ok,9861,0.006,
tile_019432,train,ok,12785,0.006,
tile_019433,train,ok,12976,0.007,
tile_019434,train,ok,13051,0.007,
tile_019435,train,ok,11582,0.006,
tile_019436,val,ok,9887,0.006,
tile_019437,train,ok,8091,0.007,
tile_019438,train,ok,8936,0.007,
tile_019439,train,ok,10541,0.008,
tile_019440,train,ok,11876,0.006,
tile_019441,train,ok,10575,0.007,
tile_019442,train,ok,8576,0.007,
tile_019443,train,ok,11687,0.006,
tile_019444,train,ok,12916,0.007,
tile_019445,train,ok,11496,0.007,
tile_019446,train,ok,12474,0.007,
tile_019447,train,ok,13135,0.006,
tile_019448,train,ok,11515,0.006,
tile_019449,train,ok,12043,0.007,
tile_019450,train,ok,11669,0.006,
tile_019451,train,ok,11698,0.007,
tile_019452,train,ok,12042,0.008,
tile_019453,train,ok,10409,0.007,
tile_019454,train,ok,13060,0.008,
tile_019455,train,ok,12847,0.007,
tile_019456,train,ok,8949,0.007,
tile_019457,train,ok,10091,0.009,
tile_019458,train,ok,10239,0.01,
tile_019459,train,ok,12866,0.008,
tile_019460,test,ok,11363,0.009,
tile_019461,test,ok,11616,0.006,
tile_019462,test,ok,12097,0.006,
tile_019463,test,ok,9753,0.006,
tile_019464,train,ok,11365,0.006,
tile_019465,train,ok,13050,0.007,
tile_019466,train,ok,9755,0.007,
tile_019467,train,ok,11643,0.007,
tile_019468,val,ok,11635,0.007,
tile_019469,train,ok,12054,0.007,
tile_019470,train,ok,13073,0.006,
tile_019471,train,ok,12503,0.007,
tile_019472,train,ok,11263,0.007,
tile_019473,train,ok,11281,0.007,
tile_019474,train,ok,13003,0.007,
tile_019475,train,ok,12778,0.007,
tile_019476,train,ok,11185,0.007,
tile_019477,train,ok,12370,0.007,
tile_019478,train,ok,12891,0.007,
tile_019479,train,ok,12815,0.007,
tile_019480,train,ok,12833,0.006,
tile_019481,train,ok,12774,0.007,
tile_019482,train,ok,12450,0.008,
tile_019483,train,ok,13065,0.007,
tile_019484,train,ok,12894,0.007,
tile_019485,train,ok,12456,0.006,
tile_019486,train,ok,12048,0.007,
tile_019487,train,ok,11856,0.006,
tile_019488,train,ok,13076,0.006,
tile_019489,train,ok,10670,0.006,
tile_019490,train,ok,12218,0.006,
tile_019491,train,ok,12129,0.006,
tile_019492,test,ok,11777,0.006,
tile_019493,test,ok,12490,0.006,
tile_019494,test,ok,11489,0.006,
tile_019495,test,ok,12889,0.006,
tile_019496,train,ok,13070,0.006,
tile_019497,train,ok,11655,0.006,
tile_019498,test,ok,11589,0.006,
tile_019499,train,ok,13119,0.006,
tile_019500,train,ok,13102,0.006,
tile_019501,train,ok,11831,0.007,
tile_019502,train,ok,11925,0.007,
tile_019503,train,ok,12325,0.007,
tile_019504,val,ok,12191,0.007,
tile_019505,train,ok,12650,0.006,
tile_019506,train,ok,11409,0.006,
tile_019507,train,ok,12089,0.006,
tile_019508,test,ok,11827,0.006,
tile_019509,test,ok,11186,0.006,
tile_019510,train,ok,10053,0.006,
tile_019511,train,ok,12597,0.007,
tile_019512,train,ok,12001,0.006,
tile_019513,train,ok,12700,0.006,
tile_019514,val,ok,9486,0.006,
tile_019515,train,ok,10015,0.006,
tile_019516,train,ok,12325,0.006,
tile_019517,train,ok,11695,0.006,
tile_019518,train,ok,10663,0.006,
tile_019519,train,ok,12303,0.007,
tile_019520,train,ok,11390,0.007,
tile_019521,train,ok,12072,0.007,
tile_019522,train,ok,10549,0.006,
tile_019523,train,ok,10749,0.006,
tile_019524,train,ok,12382,0.006,
tile_019525,train,ok,11287,0.006,
tile_019526,train,ok,11070,0.006,
tile_019527,train,ok,11484,0.006,
tile_019528,train,ok,11225,0.007,
tile_019529,train,ok,10973,0.006,
tile_019530,train,ok,11025,0.006,
tile_019531,train,ok,9683,0.006,
tile_019532,train,ok,10823,0.006,
tile_019533,train,ok,12699,0.006,
tile_019534,train,ok,10465,0.007,
tile_019535,train,ok,10317,0.007,
tile_019536,train,ok,12628,0.006,
tile_019537,train,ok,12093,0.006,
tile_019538,train,ok,11406,0.006,
tile_019539,train,ok,12333,0.007,
tile_019540,test,ok,11328,0.007,
tile_019541,test,ok,7891,0.006,
tile_019542,train,ok,12580,0.006,
tile_019543,train,ok,13107,0.006,
tile_019544,train,ok,11276,0.006,
tile_019545,train,ok,12852,0.006,
tile_019546,train,ok,9144,0.006,
tile_019547,train,ok,11166,0.006,
tile_019548,val,ok,11612,0.006,
tile_019549,train,ok,12162,0.006,
tile_019550,train,ok,13087,0.006,
tile_019551,train,ok,10687,0.007,
tile_019552,train,ok,11511,0.006,
tile_019553,train,ok,10317,0.006,
tile_019554,train,ok,12292,0.006,
tile_019555,train,ok,12754,0.006,
tile_019556,train,ok,12935,0.006,
tile_019557,train,ok,12668,0.006,
tile_019558,train,ok,12855,0.006,
tile_019559,train,ok,10931,0.006,
tile_019560,train,ok,10520,0.006,
tile_019561,train,ok,13137,0.006,
tile_019562,train,ok,12713,0.006,
tile_019563,train,ok,12480,0.006,
tile_019564,train,ok,12188,0.006,
tile_019565,train,ok,12812,0.006,
tile_019566,train,ok,12601,0.006,
tile_019567,train,ok,13054,0.007,
tile_019568,train,ok,11515,0.008,
tile_019569,train,ok,12600,0.007,
tile_019570,train,ok,10869,0.009,
tile_019571,test,ok,11735,0.009,
tile_019572,test,ok,9901,0.01,
tile_019573,test,ok,11488,0.008,
tile_019574,test,ok,10400,0.008,
tile_019575,train,ok,11921,0.008,
tile_019576,train,ok,11517,0.009,
tile_019577,train,ok,12318,0.009,
tile_019578,train,ok,11718,0.008,
tile_019579,train,ok,13015,0.008,
tile_019580,train,ok,13154,0.008,
tile_019581,train,ok,12464,0.009,
tile_019582,test,ok,12847,0.009,
tile_019583,train,ok,12522,0.01,
tile_019584,train,ok,12552,0.01,
tile_019585,train,ok,11319,0.01,
tile_019586,train,ok,12780,0.008,
tile_019587,train,ok,12134,0.008,
tile_019588,train,ok,10047,0.009,
tile_019589,val,ok,12909,0.008,
tile_019590,val,ok,12745,0.009,
tile_019591,train,ok,12846,0.008,
tile_019592,train,ok,12127,0.007,
tile_019593,train,ok,12759,0.007,
tile_019594,train,ok,10670,0.008,
tile_019595,train,ok,9883,0.008,
tile_019596,train,ok,10678,0.008,
tile_019597,train,ok,12245,0.008,
tile_019598,train,ok,10217,0.008,
tile_019599,train,ok,10457,0.01,
tile_019600,train,ok,9519,0.01,
tile_019601,train,ok,12062,0.009,
tile_019602,train,ok,11602,0.009,
tile_019603,train,ok,9603,0.009,
tile_019604,train,ok,9486,0.007,
tile_019605,train,ok,10927,0.01,
tile_019606,train,ok,10626,0.008,
tile_019607,train,ok,11079,0.008,
tile_019608,train,ok,12033,0.009,
tile_019609,train,ok,9430,0.008,
tile_019610,train,ok,9502,0.009,
tile_019611,train,ok,12940,0.009,
tile_019612,train,ok,12774,0.009,
tile_019613,train,ok,12389,0.008,
tile_019614,train,ok,13090,0.008,
tile_019615,train,ok,10638,0.008,
tile_019616,train,ok,10316,0.01,
tile_019617,test,ok,9790,0.008,
tile_019618,train,ok,12881,0.009,
tile_019619,train,ok,12256,0.009,
tile_019620,train,ok,12954,0.009,
tile_019621,val,ok,13068,0.008,
tile_019622,val,ok,10901,0.008,
tile_019623,test,ok,12821,0.009,
tile_019624,test,ok,9535,0.009,
tile_019625,test,ok,8412,0.008,
tile_019626,test,ok,8350,0.008,
tile_019627,train,ok,10346,0.008,
tile_019628,train,ok,12957,0.008,
tile_019629,train,ok,12655,0.009,
tile_019630,train,ok,12143,0.008,
tile_019631,train,ok,9193,0.008,
tile_019632,train,ok,9054,0.012,
tile_019633,train,ok,12766,0.013,
tile_019634,train,ok,12245,0.012,
tile_019635,train,ok,6790,0.01,
tile_019636,train,ok,10207,0.006,
tile_019637,test,ok,12539,0.006,
tile_019638,train,ok,10522,0.006,
tile_019639,train,ok,9070,0.006,
tile_019640,train,ok,12470,0.006,
tile_019641,train,ok,12633,0.006,
tile_019642,train,ok,12883,0.006,
tile_019643,train,ok,12497,0.006,
tile_019644,train,ok,12661,0.006,
tile_019645,train,ok,12474,0.006,
tile_019646,train,ok,11041,0.006,
tile_019647,train,ok,12624,0.006,
tile_019648,train,ok,12741,0.007,
tile_019649,train,ok,12591,0.006,
tile_019650,train,ok,11918,0.006,
tile_019651,test,ok,12880,0.005,
tile_019652,test,ok,12826,0.006,
tile_019653,train,ok,12822,0.007,
tile_019654,train,ok,12743,0.008,
tile_019655,train,ok,12936,0.008,
tile_019656,train,ok,12352,0.008,
tile_019657,train,ok,11819,0.007,
tile_019658,train,ok,13103,0.006,
tile_019659,test,ok,9161,0.007,
tile_019660,train,ok,12139,0.007,
tile_019661,train,ok,12996,0.007,
tile_019662,train,ok,12052,0.006,
tile_019663,train,ok,8766,0.009,
tile_019664,train,ok,10889,0.008,
tile_019665,train,ok,12844,0.009,
tile_019666,train,ok,8896,0.009,
tile_019667,train,ok,10466,0.007,
tile_019668,train,ok,9254,0.008,
tile_019669,val,ok,12606,0.007,
tile_019670,val,ok,10387,0.007,
tile_019671,train,ok,12652,0.007,
tile_019672,train,ok,9106,0.083,
tile_019673,train,ok,11083,0.084,
tile_019674,train,ok,11885,0.083,
tile_019675,train,ok,10901,0.083,
tile_019676,train,ok,10562,0.007,
tile_019677,train,ok,9094,0.008,
tile_019678,train,ok,9745,0.007,
tile_019679,train,ok,10143,0.007,
tile_019680,train,ok,9945,0.007,
tile_019681,train,ok,12385,0.006,
tile_019682,train,ok,11380,0.007,
tile_019683,train,ok,10905,0.006,
tile_019684,train,ok,12423,0.006,
tile_019685,train,ok,11941,0.006,
tile_019686,train,ok,11067,0.006,
tile_019687,train,ok,9975,0.006,
tile_019688,train,ok,10670,0.006,
tile_019689,train,ok,10813,0.006,
tile_019690,train,ok,12262,0.006,
tile_019691,train,ok,12834,0.006,
tile_019692,train,ok,11005,0.006,
tile_019693,train,ok,10163,0.006,
tile_019694,train,ok,11417,0.006,
tile_019695,train,ok,10691,0.006,
tile_019696,test,ok,11060,0.006,
tile_019697,test,ok,13071,0.006,
tile_019698,test,ok,12597,0.006,
tile_019699,train,ok,12737,0.007,
tile_019700,train,ok,12637,0.008,
tile_019701,train,ok,12149,0.007,
tile_019702,val,ok,12948,0.007,
tile_019703,test,ok,13058,0.008,
tile_019704,test,ok,7286,0.007,
tile_019705,test,ok,10265,0.007,
tile_019706,test,ok,12424,0.007,
tile_019707,train,ok,12977,0.007,
tile_019708,train,ok,10221,0.006,
tile_019709,train,ok,11941,0.006,
tile_019710,train,ok,12567,0.007,
tile_019711,train,ok,12776,0.007,
tile_019712,test,ok,12636,0.006,
tile_019713,train,ok,11892,0.006,
tile_019714,train,ok,12429,0.006,
tile_019715,train,ok,12818,0.006,
tile_019716,train,ok,12666,0.007,
tile_019717,train,ok,12840,0.007,
tile_019718,train,ok,11899,0.007,
tile_019719,train,ok,11377,0.006,
tile_019720,train,ok,12523,0.006,
tile_019721,train,ok,12466,0.006,
tile_019722,train,ok,12340,0.006,
tile_019723,train,ok,12602,0.007,
tile_019724,train,ok,12500,0.006,
tile_019725,train,ok,12695,0.007,
tile_019726,train,ok,12293,0.006,
tile_019727,train,ok,12354,0.007,
tile_019728,test,ok,12846,0.006,
tile_019729,test,ok,13058,0.006,
tile_019730,test,ok,11906,0.007,
tile_019731,train,ok,12968,0.007,
tile_019732,train,ok,12474,0.008,
tile_019733,train,ok,12816,0.008,
tile_019734,train,ok,12902,0.007,
tile_019735,val,ok,12526,0.007,
tile_019736,train,ok,13039,0.008,
tile_019737,train,ok,12088,0.007,
tile_019738,train,ok,13009,0.007,
tile_019739,val,ok,12349,0.008,
tile_019740,val,ok,11372,0.007,
tile_019741,val,ok,12074,0.007,
tile_019742,val,ok,12118,0.006,
tile_019743,train,ok,12863,0.006,
tile_019744,test,ok,12017,0.007,
tile_019745,train,ok,11425,0.007,
tile_019746,train,ok,10429,0.006,
tile_019747,train,ok,11678,0.006,
tile_019748,train,ok,12857,0.007,
tile_019749,train,ok,12647,0.007,
tile_019750,train,ok,10601,0.007,
tile_019751,train,ok,8606,0.006,
tile_019752,train,ok,12507,0.006,
tile_019753,train,ok,10697,0.005,
tile_019754,train,ok,12172,0.007,
tile_019755,train,ok,10440,0.007,
tile_019756,train,ok,12075,0.006,
tile_019757,train,ok,11922,0.007,
tile_019758,train,ok,12113,0.007,
tile_019759,train,ok,13086,0.007,
tile_019760,train,ok,9775,0.006,
tile_019761,train,ok,9000,0.007,
tile_019762,val,ok,11223,0.007,
tile_019763,val,ok,12061,0.006,
tile_019764,val,ok,8397,0.006,
tile_019765,val,ok,9875,0.006,
tile_019766,train,ok,13007,0.006,
tile_019767,train,ok,12296,0.007,
tile_019768,train,ok,12525,0.009,
tile_019769,train,ok,12634,0.01,
tile_019770,train,ok,11077,0.011,
tile_019771,train,ok,11576,0.011,
tile_019772,train,ok,11425,0.012,
tile_019773,train,ok,11460,0.012,
tile_019774,train,ok,12446,0.012,
tile_019775,test,ok,8805,0.011,
tile_019776,train,ok,8483,0.011,
tile_019777,train,ok,12400,0.01,
tile_019778,train,ok,12410,0.009,
tile_019779,train,ok,11338,0.009,
tile_019780,train,ok,9715,0.009,
tile_019781,train,ok,13109,0.009,
tile_019782,train,ok,11598,0.008,
tile_019783,train,ok,10759,0.009,
tile_019784,train,ok,8652,0.01,
tile_019785,train,ok,6942,0.009,
tile_019786,train,ok,9214,0.009,
tile_019787,train,ok,9905,0.01,
tile_019788,train,ok,12820,0.011,
tile_019789,train,ok,11627,0.011,
tile_019790,train,ok,9886,0.011,
tile_019791,train,ok,10917,0.013,
tile_019792,train,ok,9677,0.011,
tile_019793,train,ok,9509,0.011,
tile_019794,test,ok,12154,0.01,
tile_019795,test,ok,11187,0.011,
tile_019796,train,ok,13110,0.009,
tile_019797,test,ok,12012,0.009,
tile_019798,test,ok,13089,0.009,
tile_019799,test,ok,12797,0.009,
tile_019800,val,ok,11377,0.01,
tile_019801,val,ok,13024,0.009,
tile_019802,val,ok,10800,0.011,
tile_019803,train,ok,10773,0.009,
tile_019804,train,ok,12582,0.009,
tile_019805,train,ok,12363,0.01,
tile_019806,train,ok,12593,0.009,
tile_019807,test,ok,10761,0.008,
tile_019808,test,ok,12430,0.009,
tile_019809,train,ok,10366,0.009,
tile_019810,train,ok,11058,0.009,
tile_019811,train,ok,11580,0.008,
tile_019812,train,ok,12462,0.008,
tile_019813,train,ok,12791,0.008,
tile_019814,test,ok,9330,0.008,
tile_019815,train,ok,11771,0.008,
tile_019816,train,ok,12764,0.008,
tile_019817,val,ok,13043,0.008,
tile_019818,train,ok,12601,0.008,
tile_019819,train,ok,12452,0.007,
tile_019820,train,ok,12110,0.006,
tile_019821,train,ok,11718,0.007,
tile_019822,train,ok,9541,0.007,
tile_019823,train,ok,10345,0.007,
tile_019824,train,ok,10758,0.007,
tile_019825,train,ok,11231,0.008,
tile_019826,train,ok,9107,0.006,
tile_019827,train,ok,12871,0.006,
tile_019828,train,ok,13026,0.008,
tile_019829,train,ok,12770,0.007,
tile_019830,train,ok,10786,0.007,
tile_019831,train,ok,12237,0.008,
tile_019832,train,ok,6885,0.006,
tile_019833,train,ok,8439,0.007,
tile_019834,train,ok,8565,0.006,
tile_019835,train,ok,10460,0.007,
tile_019836,train,ok,11299,0.007,
tile_019837,train,ok,12449,0.008,
tile_019838,train,ok,12552,0.007,
tile_019839,train,ok,12064,0.006,
tile_019840,train,ok,10583,0.007,
tile_019841,train,ok,9854,0.007,
tile_019842,val,ok,12264,0.006,
tile_019843,val,ok,11413,0.006,
tile_019844,val,ok,12159,0.007,
tile_019845,train,ok,12704,0.006,
tile_019846,train,ok,11821,0.006,
tile_019847,train,ok,11111,0.009,
tile_019848,train,ok,11280,0.007,
tile_019849,train,ok,9130,0.007,
tile_019850,train,ok,11830,0.007,
tile_019851,train,ok,12332,0.007,
tile_019852,train,ok,9472,0.006,
tile_019853,train,ok,11209,0.006,
tile_019854,train,ok,12472,0.007,
tile_019855,train,ok,12919,0.006,
tile_019856,test,ok,13037,0.006,
tile_019857,test,ok,11436,0.006,
tile_019858,train,ok,10792,0.006,
tile_019859,train,ok,12259,0.007,
tile_019860,train,ok,12986,0.007,
tile_019861,train,ok,10202,0.007,
tile_019862,train,ok,11931,0.008,
tile_019863,train,ok,12831,0.006,
tile_019864,train,ok,9015,0.007,
tile_019865,train,ok,8476,0.007,
tile_019866,train,ok,10584,0.006,
tile_019867,train,ok,12638,0.006,
tile_019868,train,ok,13123,0.006,
tile_019869,train,ok,11680,0.006,
tile_019870,train,ok,12660,0.008,
tile_019871,train,ok,10982,0.006,
tile_019872,train,ok,11070,0.006,
tile_019873,train,ok,12445,0.006,
tile_019874,val,ok,12665,0.006,
tile_019875,val,ok,10664,0.006,
tile_019876,train,ok,12072,0.005,
tile_019877,train,ok,12886,0.006,
tile_019878,test,ok,12814,0.005,
tile_019879,test,ok,12719,0.006,
tile_019880,test,ok,12607,0.005,
tile_019881,test,ok,12607,0.005,
tile_019882,test,ok,12461,0.006,
tile_019883,val,ok,11053,0.007,
tile_019884,val,ok,12808,0.007,
tile_019885,train,ok,12643,0.007,
tile_019886,test,ok,12513,0.007,
tile_019887,train,ok,11327,0.006,
tile_019888,train,ok,9555,0.006,
tile_019889,train,ok,11915,0.006,
tile_019890,train,ok,11086,0.006,
tile_019891,train,ok,12956,0.006,
tile_019892,train,ok,11597,0.006,
tile_019893,train,ok,11785,0.006,
tile_019894,train,ok,12643,0.006,
tile_019895,train,ok,12184,0.006,
tile_019896,train,ok,12250,0.007,
tile_019897,train,ok,11937,0.007,
tile_019898,train,ok,11679,0.006,
tile_019899,train,ok,12703,0.007,
tile_019900,train,ok,11002,0.007,
tile_019901,train,ok,11277,0.006,
tile_019902,train,ok,13060,0.006,
tile_019903,train,ok,11814,0.006,
tile_019904,train,ok,12209,0.006,
tile_019905,train,ok,10706,0.006,
tile_019906,train,ok,12557,0.007,
tile_019907,train,ok,10979,0.007,
tile_019908,train,ok,7324,0.007,
tile_019909,train,ok,10003,0.007,
tile_019910,train,ok,11482,0.007,
tile_019911,train,ok,12958,0.007,
tile_019912,train,ok,11584,0.008,
tile_019913,train,ok,11560,0.007,
tile_019914,val,ok,10948,0.006,
tile_019915,val,ok,13053,0.006,
tile_019916,train,ok,10684,0.006,
tile_019917,train,ok,10554,0.006,
tile_019918,train,ok,11456,0.006,
tile_019919,train,ok,10318,0.007,
tile_019920,train,ok,8708,0.007,
tile_019921,train,ok,11109,0.006,
tile_019922,train,ok,11738,0.006,
tile_019923,train,ok,9126,0.006,
tile_019924,train,ok,11495,0.006,
tile_019925,train,ok,13070,0.007,
tile_019926,train,ok,10027,0.007,
tile_019927,train,ok,11907,0.006,
tile_019928,train,ok,10289,0.007,
tile_019929,train,ok,10790,0.006,
tile_019930,train,ok,10786,0.006,
tile_019931,train,ok,8800,0.006,
tile_019932,train,ok,8824,0.006,
tile_019933,train,ok,9633,0.006,
tile_019934,train,ok,8754,0.007,
tile_019935,train,ok,7482,0.006,
tile_019936,train,ok,10554,0.008,
tile_019937,train,ok,12258,0.008,
tile_019938,train,ok,10805,0.008,
tile_019939,train,ok,12071,0.007,
tile_019940,train,ok,11712,0.007,
tile_019941,train,ok,12423,0.008,
tile_019942,train,ok,12648,0.008,
tile_019943,train,ok,13084,0.008,
tile_019944,test,ok,12924,0.007,
tile_019945,test,ok,9831,0.008,
tile_019946,train,ok,13031,0.007,
tile_019947,train,ok,7971,0.007,
tile_019948,train,ok,8707,0.007,
tile_019949,train,ok,11278,0.007,
tile_019950,train,ok,12603,0.008,
tile_019951,train,ok,7131,0.008,
tile_019952,train,ok,11867,0.008,
tile_019953,train,ok,13116,0.006,
tile_019954,train,ok,12717,0.007,
tile_019955,train,ok,12581,0.007,
tile_019956,val,ok,12608,0.007,
tile_019957,val,ok,12588,0.009,
tile_019958,test,ok,11334,0.01,
tile_019959,test,ok,13075,0.009,
tile_019960,test,ok,13015,0.01,
tile_019961,test,ok,13157,0.01,
tile_019962,test,ok,12068,0.011,
tile_019963,val,ok,9892,0.011,
tile_019964,val,ok,12496,0.011,
tile_019965,val,ok,11671,0.009,
tile_019966,train,ok,11455,0.009,
tile_019967,train,ok,10999,0.009,
tile_019968,train,ok,11654,0.009,
tile_019969,test,ok,12198,0.008,
tile_019970,train,ok,12443,0.009,
tile_019971,train,ok,11313,0.009,
tile_019972,test,ok,12830,0.007,
tile_019973,test,ok,12414,0.007,
tile_019974,val,ok,13088,0.009,
tile_019975,train,ok,12522,0.008,
tile_019976,val,ok,13039,0.009,
tile_019977,val,ok,12471,0.009,
tile_019978,train,ok,12341,0.009,
tile_019979,train,ok,11892,0.008,
tile_019980,train,ok,11902,0.009,
tile_019981,train,ok,12881,0.008,
tile_019982,train,ok,9500,0.008,
tile_019983,train,ok,12585,0.008,
tile_019984,train,ok,12965,0.008,
tile_019985,train,ok,12641,0.008,
tile_019986,train,ok,12734,0.009,
tile_019987,train,ok,11784,0.007,
tile_019988,train,ok,11368,0.008,
tile_019989,train,ok,11953,0.007,
tile_019990,train,ok,10980,0.007,
tile_019991,train,ok,8586,0.006,
tile_019992,train,ok,9238,0.006,
tile_019993,train,ok,11046,0.006,
tile_019994,train,ok,11954,0.008,
tile_019995,train,ok,10793,0.007,
tile_019996,train,ok,10754,0.007,
tile_019997,train,ok,11958,0.009,
tile_019998,train,ok,11834,0.007,
tile_019999,train,ok,9454,0.008,
tile_020000,val,ok,12330,0.008,
tile_020001,val,ok,10344,0.007,
tile_020002,val,ok,10747,0.006,
tile_020003,val,ok,10093,0.006,
tile_020004,train,ok,10359,0.007,
tile_020005,train,ok,9235,0.006,
tile_020006,train,ok,9282,0.006,
tile_020007,train,ok,10744,0.007,
tile_020008,train,ok,10203,0.006,
tile_020009,train,ok,11226,0.008,
tile_020010,train,ok,10592,0.007,
tile_020011,train,ok,11577,0.007,
tile_020012,train,ok,8921,0.006,
tile_020013,train,ok,9255,0.006,
tile_020014,train,ok,11121,0.006,
tile_020015,train,ok,12932,0.007,
tile_020016,test,ok,12269,0.007,
tile_020017,test,ok,11141,0.006,
tile_020018,train,ok,11456,0.006,
tile_020019,train,ok,11553,0.006,
tile_020020,train,ok,12439,0.006,
tile_020021,train,ok,12105,0.006,
tile_020022,train,ok,10178,0.006,
tile_020023,train,ok,9491,0.006,
tile_020024,train,ok,10481,0.006,
tile_020025,train,ok,8722,0.007,
tile_020026,train,ok,7377,0.007,
tile_020027,train,ok,10015,0.006,
tile_020028,train,ok,12643,0.006,
tile_020029,train,ok,11198,0.006,
tile_020030,train,ok,10584,0.007,
tile_020031,train,ok,12828,0.006,
tile_020032,train,ok,12030,0.006,
tile_020033,train,ok,10776,0.006,
tile_020034,train,ok,12525,0.006,
tile_020035,train,ok,8856,0.008,
tile_020036,test,ok,12326,0.006,
tile_020037,test,ok,11666,0.007,
tile_020038,train,ok,12094,0.007,
tile_020039,train,ok,10974,0.005,
tile_020040,train,ok,11142,0.006,
tile_020041,train,ok,11521,0.006,
tile_020042,train,ok,11263,0.006,
tile_020043,train,ok,12816,0.006,
tile_020044,val,ok,11465,0.007,
tile_020045,train,ok,12193,0.007,
tile_020046,test,ok,12470,0.006,
tile_020047,val,ok,11450,0.007,
tile_020048,val,ok,9988,0.006,
tile_020049,val,ok,10724,0.006,
tile_020050,train,ok,12534,0.007,
tile_020051,train,ok,11819,0.006,
tile_020052,train,ok,12380,0.005,
tile_020053,test,ok,11332,0.005,
tile_020054,train,ok,12355,0.005,
tile_020055,val,ok,12956,0.006,
tile_020056,train,ok,12108,0.007,
tile_020057,train,ok,13131,0.007,
tile_020058,val,ok,11355,0.006,
tile_020059,val,ok,12791,0.006,
tile_020060,train,ok,11759,0.007,
tile_020061,train,ok,12984,0.008,
tile_020062,train,ok,12993,0.007,
tile_020063,train,ok,13025,0.008,
tile_020064,train,ok,13035,0.008,
tile_020065,train,ok,12417,0.008,
tile_020066,train,ok,12814,0.008,
tile_020067,train,ok,12494,0.008,
tile_020068,train,ok,12556,0.01,
tile_020069,train,ok,12792,0.011,
tile_020070,train,ok,12901,0.01,
tile_020071,train,ok,13087,0.01,
tile_020072,train,ok,11582,0.013,
tile_020073,train,ok,12010,0.011,
tile_020074,train,ok,12232,0.009,
tile_020075,train,ok,10878,0.011,
tile_020076,train,ok,13057,0.009,
tile_020077,train,ok,12156,0.008,
tile_020078,train,ok,12403,0.011,
tile_020079,test,ok,13112,0.01,
tile_020080,train,ok,12190,0.011,
tile_020081,train,ok,12356,0.012,
tile_020082,train,ok,8945,0.012,
tile_020083,train,ok,9489,0.013,
tile_020084,train,ok,7042,0.012,
tile_020085,train,ok,10562,0.01,
tile_020086,train,ok,12504,0.012,
tile_020087,train,ok,13120,0.011,
tile_020088,val,ok,12492,0.011,
tile_020089,val,ok,12097,0.01,
tile_020090,val,ok,12652,0.009,
tile_020091,val,ok,10419,0.009,
tile_020092,train,ok,10825,0.009,
tile_020093,train,ok,8942,0.009,
tile_020094,train,ok,9482,0.01,
tile_020095,train,ok,11256,0.009,
tile_020096,train,ok,10802,0.01,
tile_020097,train,ok,9784,0.01,
tile_020098,train,ok,10886,0.009,
tile_020099,train,ok,10937,0.008,
tile_020100,train,ok,9162,0.009,
tile_020101,train,ok,8078,0.009,
tile_020102,train,ok,10854,0.008,
tile_020103,train,ok,13099,0.008,
tile_020104,train,ok,13105,0.007,
tile_020105,val,ok,12072,0.008,
tile_020106,val,ok,12031,0.008,
tile_020107,train,ok,11582,0.007,
tile_020108,train,ok,11431,0.008,
tile_020109,train,ok,11317,0.008,
tile_020110,train,ok,9384,0.008,
tile_020111,train,ok,10430,0.009,
tile_020112,train,ok,9526,0.007,
tile_020113,train,ok,12896,0.008,
tile_020114,train,ok,12367,0.006,
tile_020115,train,ok,11470,0.007,
tile_020116,train,ok,10293,0.008,
tile_020117,train,ok,8641,0.008,
tile_020118,train,ok,10205,0.008,
tile_020119,train,ok,12802,0.008,
tile_020120,train,ok,11542,0.007,
tile_020121,train,ok,12395,0.009,
tile_020122,train,ok,8303,0.008,
tile_020123,train,ok,10423,0.008,
tile_020124,train,ok,9968,0.007,
tile_020125,train,ok,10346,0.008,
tile_020126,train,ok,9567,0.007,
tile_020127,train,ok,12671,0.007,
tile_020128,test,ok,12718,0.007,
tile_020129,test,ok,12607,0.006,
tile_020130,train,ok,12482,0.006,
tile_020131,train,ok,13055,0.007,
tile_020132,test,ok,12929,0.007,
tile_020133,test,ok,11296,0.007,
tile_020134,train,ok,10983,0.006,
tile_020135,val,ok,12827,0.007,
tile_020136,val,ok,12986,0.008,
tile_020137,val,ok,13027,0.007,
tile_020138,train,ok,10427,0.006,
tile_020139,train,ok,9212,0.006,
tile_020140,train,ok,11641,0.007,
tile_020141,train,ok,13242,0.007,
tile_020142,train,ok,12443,0.006,
tile_020143,train,ok,9955,0.006,
tile_020144,train,ok,12504,0.006,
tile_020145,train,ok,11201,0.007,
tile_020146,train,ok,12748,0.007,
tile_020147,train,ok,12090,0.007,
tile_020148,train,ok,9261,0.008,
tile_020149,train,ok,12693,0.007,
tile_020150,train,ok,12854,0.007,
tile_020151,train,ok,12681,0.008,
tile_020152,train,ok,12671,0.007,
tile_020153,train,ok,12867,0.006,
tile_020154,train,ok,12812,0.007,
tile_020155,train,ok,12364,0.007,
tile_020156,train,ok,12516,0.007,
tile_020157,val,ok,12081,0.006,
tile_020158,train,ok,12998,0.006,
tile_020159,train,ok,13002,0.006,
tile_020160,train,ok,12642,0.007,
tile_020161,train,ok,10604,0.007,
tile_020162,test,ok,12235,0.007,
tile_020163,train,ok,13015,0.006,
tile_020164,train,ok,10355,0.007,
tile_020165,train,ok,9626,0.006,
tile_020166,train,ok,9876,0.007,
tile_020167,train,ok,8209,0.007,
tile_020168,train,ok,11215,0.006,
tile_020169,train,ok,12401,0.006,
tile_020170,val,ok,12484,0.006,
tile_020171,train,ok,11496,0.007,
tile_020172,train,ok,9311,0.007,
tile_020173,train,ok,10007,0.006,
tile_020174,train,ok,11682,0.007,
tile_020175,train,ok,8938,0.007,
tile_020176,train,ok,10287,0.007,
tile_020177,train,ok,12867,0.007,
tile_020178,train,ok,11837,0.007,
tile_020179,train,ok,9967,0.007,
tile_020180,train,ok,11409,0.006,
tile_020181,train,ok,10123,0.006,
tile_020182,train,ok,11282,0.005,
tile_020183,val,ok,11588,0.006,
tile_020184,val,ok,7246,0.007,
tile_020185,train,ok,10538,0.007,
tile_020186,train,ok,8972,0.006,
tile_020187,train,ok,11220,0.006,
tile_020188,train,ok,11966,0.008,
tile_020189,train,ok,11957,0.006,
tile_020190,train,ok,12226,0.006,
tile_020191,train,ok,12018,0.006,
tile_020192,train,ok,13099,0.006,
tile_020193,train,ok,12833,0.006,
tile_020194,train,ok,11156,0.007,
tile_020195,train,ok,11882,0.008,
tile_020196,train,ok,12221,0.006,
tile_020197,train,ok,12261,0.006,
tile_020198,train,ok,10726,0.005,
tile_020199,train,ok,10570,0.007,
tile_020200,train,ok,13097,0.007,
tile_020201,train,ok,10497,0.008,
tile_020202,train,ok,12757,0.006,
tile_020203,test,ok,11037,0.006,
tile_020204,test,ok,12270,0.007,
tile_020205,test,ok,13025,0.007,
tile_020206,test,ok,8949,0.006,
tile_020207,train,ok,12699,0.005,
tile_020208,train,ok,11878,0.007,
tile_020209,test,ok,13013,0.008,
tile_020210,train,ok,13096,0.007,
tile_020211,val,ok,10318,0.006,
tile_020212,val,ok,13087,0.005,
tile_020213,train,ok,11633,0.006,
tile_020214,train,ok,12374,0.006,
tile_020215,train,ok,12433,0.006,
tile_020216,train,ok,12169,0.006,
tile_020217,train,ok,12597,0.006,
tile_020218,train,ok,10091,0.006,
tile_020219,train,ok,12924,0.005,
tile_020220,train,ok,12102,0.006,
tile_020221,train,ok,13137,0.006,
tile_020222,train,ok,9257,0.006,
tile_020223,train,ok,12948,0.006,
tile_020224,train,ok,12128,0.006,
tile_020225,train,ok,13141,0.006,
tile_020226,train,ok,13040,0.006,
tile_020227,train,ok,12509,0.006,
tile_020228,train,ok,12583,0.006,
tile_020229,train,ok,13136,0.006,
tile_020230,train,ok,12799,0.006,
tile_020231,train,ok,12697,0.006,
tile_020232,val,ok,11911,0.005,
tile_020233,val,ok,12402,0.005,
tile_020234,train,ok,12781,0.006,
tile_020235,train,ok,11242,0.006,
tile_020236,test,ok,13136,0.006,
tile_020237,test,ok,13052,0.006,
tile_020238,test,ok,12150,0.006,
tile_020239,train,ok,11100,0.006,
tile_020240,train,ok,7776,0.006,
tile_020241,train,ok,10407,0.005,
tile_020242,train,ok,9338,0.006,
tile_020243,train,ok,11430,0.005,
tile_020244,train,ok,9833,0.006,
tile_020245,train,ok,9274,0.006,
tile_020246,train,ok,13089,0.006,
tile_020247,train,ok,12651,0.006,
tile_020248,train,ok,11837,0.006,
tile_020249,train,ok,9500,0.006,
tile_020250,train,ok,7605,0.006,
tile_020251,train,ok,11729,0.006,
tile_020252,train,ok,11673,0.007,
tile_020253,train,ok,10482,0.007,
tile_020254,train,ok,12276,0.007,
tile_020255,train,ok,10963,0.007,
tile_020256,train,ok,13002,0.006,
tile_020257,train,ok,13109,0.006,
tile_020258,val,ok,11521,0.007,
tile_020259,val,ok,10331,0.006,
tile_020260,val,ok,10829,0.006,
tile_020261,train,ok,10431,0.007,
tile_020262,train,ok,7075,0.007,
tile_020263,train,ok,7918,0.007,
tile_020264,train,ok,11205,0.007,
tile_020265,train,ok,9077,0.006,
tile_020266,train,ok,10280,0.006,
tile_020267,train,ok,13052,0.007,
tile_020268,train,ok,10349,0.006,
tile_020269,train,ok,12881,0.007,
tile_020270,train,ok,11650,0.006,
tile_020271,train,ok,12627,0.007,
tile_020272,train,ok,11737,0.006,
tile_020273,train,ok,9562,0.007,
tile_020274,train,ok,9944,0.006,
tile_020275,train,ok,9947,0.007,
tile_020276,train,ok,10223,0.008,
tile_020277,train,ok,10229,0.008,
tile_020278,train,ok,12187,0.007,
tile_020279,train,ok,11910,0.007,
tile_020280,train,ok,11574,0.007,
tile_020281,train,ok,11864,0.006,
tile_020282,train,ok,12820,0.007,
tile_020283,test,ok,11932,0.007,
tile_020284,test,ok,11296,0.006,
tile_020285,test,ok,12012,0.006,
tile_020286,train,ok,12415,0.006,
tile_020287,val,ok,12878,0.006,
tile_020288,train,ok,12291,0.007,
tile_020289,train,ok,12268,0.007,
tile_020290,train,ok,12802,0.007,
tile_020291,train,ok,12325,0.007,
tile_020292,train,ok,12896,0.006,
tile_020293,train,ok,11707,0.007,
tile_020294,train,ok,10859,0.006,
tile_020295,train,ok,11278,0.005,
tile_020296,train,ok,11839,0.006,
tile_020297,train,ok,12786,0.006,
tile_020298,train,ok,11890,0.005,
tile_020299,train,ok,12263,0.005,
tile_020300,train,ok,12350,0.006,
tile_020301,train,ok,12826,0.006,
tile_020302,train,ok,12861,0.006,
tile_020303,train,ok,12327,0.007,
tile_020304,train,ok,13107,0.007,
tile_020305,train,ok,12405,0.007,
tile_020306,val,ok,12621,0.008,
tile_020307,val,ok,12524,0.007,
tile_020308,test,ok,11462,0.007,
tile_020309,test,ok,10243,0.007,
tile_020310,test,ok,11981,0.007,
tile_020311,train,ok,11257,0.006,
tile_020312,train,ok,11941,0.006,
tile_020313,val,ok,9069,0.006,
tile_020314,val,ok,12492,0.006,
tile_020315,val,ok,12560,0.006,
tile_020316,train,ok,10575,0.009,
tile_020317,train,ok,10057,0.008,
tile_020318,train,ok,11177,0.008,
tile_020319,train,ok,9585,0.007,
tile_020320,train,ok,12410,0.007,
tile_020321,train,ok,12524,0.007,
tile_020322,train,ok,10680,0.008,
tile_020323,train,ok,13119,0.007,
tile_020324,train,ok,12872,0.008,
tile_020325,train,ok,12478,0.008,
tile_020326,train,ok,8272,0.007,
tile_020327,val,ok,10696,0.007,
tile_020328,val,ok,7197,0.007,
tile_020329,val,ok,12223,0.006,
tile_020330,val,ok,11958,0.007,
tile_020331,train,ok,12587,0.006,
tile_020332,train,ok,8189,0.006,
tile_020333,train,ok,8257,0.006,
tile_020334,train,ok,12753,0.007,
tile_020335,train,ok,11136,0.007,
tile_020336,train,ok,12573,0.01,
tile_020337,train,ok,9856,0.008,
tile_020338,train,ok,11724,0.008,
tile_020339,train,ok,10624,0.009,
tile_020340,train,ok,11655,0.008,
tile_020341,train,ok,10475,0.009,
tile_020342,train,ok,10594,0.009,
tile_020343,train,ok,11463,0.008,
tile_020344,train,ok,9722,0.009,
tile_020345,train,ok,6802,0.009,
tile_020346,train,ok,11319,0.008,
tile_020347,train,ok,12760,0.008,
tile_020348,train,ok,11110,0.008,
tile_020349,train,ok,9589,0.008,
tile_020350,train,ok,5839,0.008,
tile_020351,train,ok,10402,0.008,
tile_020352,train,ok,10807,0.007,
tile_020353,train,ok,9367,0.008,
tile_020354,train,ok,11414,0.008,
tile_020355,train,ok,11696,0.008,
tile_020356,test,ok,12520,0.007,
tile_020357,test,ok,9245,0.007,
tile_020358,test,ok,12528,0.008,
tile_020359,train,ok,12165,0.008,
tile_020360,train,ok,10817,0.007,
tile_020361,val,ok,12532,0.007,
tile_020362,val,ok,13048,0.008,
tile_020363,train,ok,13100,0.008,
tile_020364,train,ok,13189,0.007,
tile_020365,test,ok,12828,0.007,
tile_020366,train,ok,11610,0.007,
tile_020367,train,ok,11768,0.008,
tile_020368,train,ok,12187,0.008,
tile_020369,train,ok,10772,0.007,
tile_020370,train,ok,11040,0.007,
tile_020371,train,ok,12138,0.007,
tile_020372,train,ok,11527,0.006,
tile_020373,train,ok,10852,0.007,
tile_020374,train,ok,11126,0.007,
tile_020375,val,ok,12240,0.008,
tile_020376,train,ok,13062,0.007,
tile_020377,train,ok,13015,0.007,
tile_020378,train,ok,13047,0.008,
tile_020379,train,ok,12613,0.006,
tile_020380,train,ok,11163,0.007,
tile_020381,train,ok,11882,0.006,
tile_020382,train,ok,11726,0.006,
tile_020383,train,ok,13020,0.006,
tile_020384,train,ok,12402,0.006,
tile_020385,train,ok,12748,0.007,
tile_020386,train,ok,12621,0.006,
tile_020387,train,ok,12688,0.008,
tile_020388,train,ok,9609,0.006,
tile_020389,train,ok,12959,0.007,
tile_020390,train,ok,12777,0.007,
tile_020391,train,ok,11491,0.006,
tile_020392,train,ok,11051,0.006,
tile_020393,train,ok,9805,0.007,
tile_020394,train,ok,12846,0.006,
tile_020395,train,ok,12611,0.006,
tile_020396,train,ok,12579,0.007,
tile_020397,train,ok,12192,0.006,
tile_020398,train,ok,9877,0.006,
tile_020399,train,ok,12056,0.006,
tile_020400,train,ok,9400,0.006,
tile_020401,test,ok,12101,0.006,
tile_020402,train,ok,11171,0.006,
tile_020403,train,ok,10467,0.006,
tile_020404,train,ok,12900,0.006,
tile_020405,train,ok,12232,0.006,
tile_020406,train,ok,12704,0.006,
tile_020407,train,ok,12951,0.006,
tile_020408,test,ok,10003,0.006,
tile_020409,test,ok,11134,0.006,
tile_020410,test,ok,7105,0.006,
tile_020411,train,ok,10985,0.006,
tile_020412,train,ok,9454,0.005,
tile_020413,train,ok,8383,0.005,
tile_020414,train,ok,8065,0.005,
tile_020415,train,ok,10118,0.006,
tile_020416,train,ok,12677,0.005,
tile_020417,train,ok,11955,0.006,
tile_020418,train,ok,12364,0.006,
tile_020419,train,ok,12261,0.006,
tile_020420,train,ok,12455,0.007,
tile_020421,train,ok,12013,0.006,
tile_020422,train,ok,12409,0.006,
tile_020423,train,ok,10433,0.005,
tile_020424,train,ok,11084,0.005,
tile_020425,train,ok,11744,0.006,
tile_020426,train,ok,9155,0.006,
tile_020427,train,ok,11031,0.006,
tile_020428,train,ok,8600,0.005,
tile_020429,train,ok,7657,0.006,
tile_020430,train,ok,6757,0.006,
tile_020431,train,ok,7713,0.006,
tile_020432,train,ok,9871,0.006,
tile_020433,train,ok,12813,0.006,
tile_020434,train,ok,9276,0.006,
tile_020435,train,ok,10746,0.006,
tile_020436,train,ok,9310,0.005,
tile_020437,train,ok,9486,0.006,
tile_020438,train,ok,11184,0.006,
tile_020439,train,ok,12783,0.006,
tile_020440,train,ok,8466,0.006,
tile_020441,train,ok,8831,0.006,
tile_020442,val,ok,9499,0.007,
tile_020443,val,ok,12240,0.006,
tile_020444,train,ok,11582,0.007,
tile_020445,train,ok,12328,0.006,
tile_020446,train,ok,12324,0.006,
tile_020447,train,ok,10641,0.006,
tile_020448,train,ok,12941,0.006,
tile_020449,test,ok,12834,0.006,
tile_020450,test,ok,12823,0.006,
tile_020451,train,ok,12482,0.006,
tile_020452,train,ok,10686,0.006,
tile_020453,train,ok,11671,0.005,
tile_020454,train,ok,11169,0.006,
tile_020455,train,ok,10182,0.006,
tile_020456,train,ok,11035,0.006,
tile_020457,train,ok,9786,0.005,
tile_020458,train,ok,10688,0.006,
tile_020459,train,ok,12961,0.006,
tile_020460,test,ok,12106,0.006,
tile_020461,train,ok,11183,0.007,
tile_020462,train,ok,12487,0.006,
tile_020463,train,ok,12263,0.006,
tile_020464,train,ok,12543,0.006,
tile_020465,train,ok,11846,0.008,
tile_020466,train,ok,12969,0.008,
tile_020467,train,ok,12866,0.008,
tile_020468,train,ok,13097,0.008,
tile_020469,train,ok,11342,0.007,
tile_020470,train,ok,12339,0.008,
tile_020471,train,ok,12938,0.007,
tile_020472,val,ok,12666,0.007,
tile_020473,val,ok,9886,0.007,
tile_020474,train,ok,11627,0.007,
tile_020475,train,ok,11666,0.008,
tile_020476,train,ok,13056,0.008,
tile_020477,val,ok,11166,0.006,
tile_020478,train,ok,13116,0.007,
tile_020479,train,ok,9816,0.007,
tile_020480,train,ok,9058,0.007,
tile_020481,train,ok,12994,0.007,
tile_020482,train,ok,9177,0.008,
tile_020483,train,ok,12376,0.007,
tile_020484,test,ok,13008,0.007,
tile_020485,train,ok,12388,0.008,
tile_020486,train,ok,10524,0.008,
tile_020487,train,ok,12026,0.008,
tile_020488,train,ok,8772,0.008,
tile_020489,test,ok,10257,0.008,
tile_020490,test,ok,12099,0.007,
tile_020491,train,ok,12886,0.007,
tile_020492,train,ok,12394,0.009,
tile_020493,test,ok,12552,0.007,
tile_020494,test,ok,9590,0.008,
tile_020495,test,ok,9754,0.007,
tile_020496,test,ok,11219,0.007,
tile_020497,train,ok,13011,0.008,
tile_020498,train,ok,9175,0.007,
tile_020499,train,ok,10439,0.008,
tile_020500,train,ok,11012,0.007,
tile_020501,train,ok,10297,0.007,
tile_020502,train,ok,12394,0.007,
tile_020503,train,ok,7397,0.007,
tile_020504,train,ok,11371,0.008,
tile_020505,train,ok,12178,0.007,
tile_020506,train,ok,12518,0.007,
tile_020507,train,ok,11578,0.007,
tile_020508,train,ok,11796,0.007,
tile_020509,train,ok,13113,0.006,
tile_020510,train,ok,9718,0.007,
tile_020511,train,ok,10739,0.006,
tile_020512,train,ok,12204,0.007,
tile_020513,train,ok,10429,0.006,
tile_020514,train,ok,10322,0.006,
tile_020515,train,ok,9716,0.007,
tile_020516,train,ok,11693,0.006,
tile_020517,train,ok,11066,0.008,
tile_020518,train,ok,11881,0.008,
tile_020519,train,ok,10271,0.007,
tile_020520,train,ok,11109,0.007,
tile_020521,train,ok,9838,0.006,
tile_020522,train,ok,8015,0.007,
tile_020523,train,ok,7890,0.007,
tile_020524,train,ok,8677,0.007,
tile_020525,train,ok,8902,0.007,
tile_020526,train,ok,10433,0.006,
tile_020527,train,ok,11690,0.006,
tile_020528,train,ok,12526,0.006,
tile_020529,train,ok,12359,0.005,
tile_020530,val,ok,10842,0.006,
tile_020531,val,ok,11308,0.006,
tile_020532,val,ok,12231,0.006,
tile_020533,train,ok,11123,0.006,
tile_020534,train,ok,12448,0.005,
tile_020535,train,ok,13028,0.005,
tile_020536,train,ok,10608,0.006,
tile_020537,train,ok,12021,0.005,
tile_020538,train,ok,13002,0.007,
tile_020539,train,ok,12610,0.006,
tile_020540,val,ok,13123,0.006,
tile_020541,train,ok,12215,0.006,
tile_020542,test,ok,11973,0.007,
tile_020543,test,ok,11669,0.008,
tile_020544,test,ok,11693,0.007,
tile_020545,train,ok,12643,0.008,
tile_020546,train,ok,12502,0.007,
tile_020547,test,ok,13064,0.007,
tile_020548,train,ok,12901,0.007,
tile_020549,train,ok,11740,0.006,
tile_020550,train,ok,11725,0.006,
tile_020551,train,ok,12114,0.006,
tile_020552,train,ok,11964,0.007,
tile_020553,train,ok,12825,0.006,
tile_020554,train,ok,13061,0.006,
tile_020555,train,ok,12473,0.006,
tile_020556,test,ok,12829,0.007,
tile_020557,train,ok,12004,0.007,
tile_020558,val,ok,12878,0.007,
tile_020559,train,ok,11931,0.008,
tile_020560,train,ok,12954,0.007,
tile_020561,train,ok,12308,0.007,
tile_020562,train,ok,11363,0.008,
tile_020563,train,ok,11535,0.007,
tile_020564,train,ok,12119,0.007,
tile_020565,train,ok,11449,0.006,
tile_020566,train,ok,10973,0.007,
tile_020567,train,ok,11377,0.006,
tile_020568,train,ok,11314,0.007,
tile_020569,train,ok,12069,0.005,
tile_020570,train,ok,12471,0.007,
tile_020571,train,ok,11659,0.008,
tile_020572,train,ok,12757,0.007,
tile_020573,train,ok,12535,0.007,
tile_020574,train,ok,7705,0.007,
tile_020575,train,ok,9415,0.007,
tile_020576,train,ok,11318,0.006,
tile_020577,train,ok,13156,0.007,
tile_020578,train,ok,12933,0.007,
tile_020579,train,ok,11908,0.006,
tile_020580,val,ok,11670,0.006,
tile_020581,val,ok,9664,0.007,
tile_020582,val,ok,12977,0.006,
tile_020583,val,ok,12710,0.006,
tile_020584,val,ok,10677,0.006,
tile_020585,train,ok,11937,0.006,
tile_020586,train,ok,12996,0.007,
tile_020587,train,ok,13130,0.007,
tile_020588,train,ok,12911,0.007,
tile_020589,val,ok,12262,0.008,
tile_020590,train,ok,12751,0.006,
tile_020591,train,ok,12912,0.006,
tile_020592,train,ok,11209,0.005,
tile_020593,train,ok,9430,0.008,
tile_020594,train,ok,10575,0.007,
tile_020595,train,ok,10275,0.006,
tile_020596,train,ok,11814,0.007,
tile_020597,train,ok,9189,0.006,
tile_020598,train,ok,8973,0.006,
tile_020599,train,ok,12572,0.006,
tile_020600,train,ok,10930,0.006,
tile_020601,train,ok,10098,0.006,
tile_020602,train,ok,10798,0.007,
tile_020603,test,ok,11348,0.006,
tile_020604,test,ok,11007,0.007,
tile_020605,train,ok,12004,0.007,
tile_020606,train,ok,11099,0.006,
tile_020607,train,ok,11535,0.006,
tile_020608,test,ok,11558,0.007,
tile_020609,test,ok,9729,0.006,
tile_020610,test,ok,9497,0.006,
tile_020611,train,ok,11533,0.006,
tile_020612,train,ok,8585,0.006,
tile_020613,train,ok,10131,0.007,
tile_020614,train,ok,9566,0.006,
tile_020615,train,ok,12840,0.005,
tile_020616,train,ok,11836,0.009,
tile_020617,train,ok,12009,0.007,
tile_020618,train,ok,12767,0.007,
tile_020619,train,ok,11426,0.007,
tile_020620,train,ok,9741,0.006,
tile_020621,train,ok,11519,0.006,
tile_020622,train,ok,12139,0.007,
tile_020623,train,ok,8535,0.006,
tile_020624,train,ok,10520,0.006,
tile_020625,train,ok,10501,0.007,
tile_020626,train,ok,11380,0.006,
tile_020627,train,ok,10644,0.006,
tile_020628,train,ok,12144,0.007,
tile_020629,train,ok,10832,0.006,
tile_020630,train,ok,12286,0.007,
tile_020631,train,ok,11465,0.007,
tile_020632,train,ok,11882,0.008,
tile_020633,train,ok,11473,0.008,
tile_020634,train,ok,10829,0.007,
tile_020635,train,ok,12253,0.008,
tile_020636,train,ok,12139,0.008,
tile_020637,train,ok,11182,0.007,
tile_020638,train,ok,12463,0.008,
tile_020639,train,ok,11533,0.007,
tile_020640,val,ok,11870,0.007,
tile_020641,train,ok,13125,0.007,
tile_020642,train,ok,12959,0.007,
tile_020643,train,ok,12123,0.007,
tile_020644,train,ok,12969,0.008,
tile_020645,train,ok,11570,0.008,
tile_020646,train,ok,13076,0.008,
tile_020647,train,ok,11493,0.008,
tile_020648,test,ok,10918,0.008,
tile_020649,test,ok,12129,0.008,
tile_020650,train,ok,12528,0.009,
tile_020651,train,ok,12802,0.008,
tile_020652,test,ok,11855,0.008,
tile_020653,train,ok,10961,0.008,
tile_020654,train,ok,11872,0.007,
tile_020655,train,ok,12028,0.008,
tile_020656,train,ok,11277,0.008,
tile_020657,train,ok,10642,0.007,
tile_020658,train,ok,10272,0.007,
tile_020659,train,ok,12806,0.008,
tile_020660,train,ok,12839,0.009,
tile_020661,train,ok,9084,0.008,
tile_020662,train,ok,11513,0.008,
tile_020663,train,ok,11581,0.01,
tile_020664,val,ok,12099,0.008,
tile_020665,val,ok,11950,0.007,
tile_020666,train,ok,11789,0.008,
tile_020667,train,ok,12024,0.007,
tile_020668,train,ok,10902,0.007,
tile_020669,train,ok,10907,0.007,
tile_020670,train,ok,11994,0.006,
tile_020671,val,ok,12655,0.006,
tile_020672,train,ok,12779,0.007,
tile_020673,train,ok,11703,0.007,
tile_020674,train,ok,11353,0.006,
tile_020675,train,ok,10881,0.007,
tile_020676,train,ok,11056,0.006,
tile_020677,train,ok,12997,0.006,
tile_020678,train,ok,12983,0.007,
tile_020679,train,ok,11480,0.007,
tile_020680,train,ok,11050,0.006,
tile_020681,train,ok,9576,0.006,
tile_020682,train,ok,8380,0.006,
tile_020683,train,ok,9374,0.006,
tile_020684,train,ok,8922,0.007,
tile_020685,train,ok,9466,0.007,
tile_020686,train,ok,10628,0.007,
tile_020687,train,ok,10745,0.007,
tile_020688,train,ok,11131,0.007,
tile_020689,train,ok,11153,0.006,
tile_020690,train,ok,12204,0.007,
tile_020691,val,ok,12119,0.006,
tile_020692,val,ok,12979,0.006,
tile_020693,val,ok,10217,0.006,
tile_020694,val,ok,11245,0.006,
tile_020695,val,ok,12021,0.007,
tile_020696,train,ok,13075,0.007,
tile_020697,train,ok,11222,0.006,
tile_020698,train,ok,12808,0.006,
tile_020699,train,ok,12754,0.008,
tile_020700,train,ok,12700,0.007,
tile_020701,train,ok,12695,0.007,
tile_020702,train,ok,12813,0.007,
tile_020703,train,ok,11662,0.007,
tile_020704,train,ok,8669,0.007,
tile_020705,train,ok,10691,0.007,
tile_020706,train,ok,13091,0.006,
tile_020707,train,ok,7499,0.006,
tile_020708,train,ok,10359,0.007,
tile_020709,train,ok,11434,0.006,
tile_020710,train,ok,12687,0.007,
tile_020711,train,ok,12420,0.006,
tile_020712,test,ok,12628,0.006,
tile_020713,train,ok,12934,0.006,
tile_020714,train,ok,9782,0.006,
tile_020715,train,ok,11588,0.005,
tile_020716,train,ok,11520,0.006,
tile_020717,test,ok,11541,0.005,
tile_020718,test,ok,12771,0.005,
tile_020719,train,ok,12071,0.006,
tile_020720,train,ok,12538,0.006,
tile_020721,train,ok,12424,0.005,
tile_020722,test,ok,12834,0.007,
tile_020723,test,ok,11824,0.006,
tile_020724,test,ok,7815,0.006,
tile_020725,test,ok,11387,0.006,
tile_020726,train,ok,12901,0.005,
tile_020727,train,ok,11274,0.006,
tile_020728,train,ok,10596,0.006,
tile_020729,train,ok,10992,0.006,
tile_020730,train,ok,9875,0.006,
tile_020731,train,ok,13079,0.006,
tile_020732,train,ok,12101,0.006,
tile_020733,train,ok,8015,0.006,
tile_020734,train,ok,9231,0.006,
tile_020735,train,ok,12638,0.005,
tile_020736,train,ok,10022,0.006,
tile_020737,train,ok,12144,0.006,
tile_020738,train,ok,12613,0.006,
tile_020739,train,ok,12839,0.006,
tile_020740,train,ok,10870,0.006,
tile_020741,train,ok,8803,0.006,
tile_020742,train,ok,11347,0.006,
tile_020743,train,ok,10812,0.006,
tile_020744,train,ok,9575,0.006,
tile_020745,train,ok,9429,0.006,
tile_020746,train,ok,11468,0.006,
tile_020747,train,ok,11019,0.006,
tile_020748,train,ok,12453,0.006,
tile_020749,train,ok,10484,0.005,
tile_020750,train,ok,12738,0.006,
tile_020751,train,ok,10586,0.006,
tile_020752,train,ok,11247,0.006,
tile_020753,train,ok,12928,0.006,
tile_020754,train,ok,11565,0.006,
tile_020755,train,ok,12237,0.006,
tile_020756,train,ok,13052,0.005,
tile_020757,train,ok,11827,0.005,
tile_020758,train,ok,12437,0.006,
tile_020759,train,ok,10914,0.006,
tile_020760,train,ok,10360,0.006,
tile_020761,train,ok,12836,0.007,
tile_020762,train,ok,13049,0.006,
tile_020763,train,ok,12877,0.006,
tile_020764,train,ok,12788,0.006,
tile_020765,train,ok,12639,0.005,
tile_020766,train,ok,12231,0.006,
tile_020767,train,ok,12319,0.006,
tile_020768,train,ok,12730,0.005,
tile_020769,train,ok,12823,0.006,
tile_020770,test,ok,11585,0.006,
tile_020771,test,ok,12429,0.006,
tile_020772,train,ok,11811,0.006,
tile_020773,test,ok,12751,0.005,
tile_020774,test,ok,12994,0.006,
tile_020775,train,ok,11556,0.006,
tile_020776,train,ok,13084,0.006,
tile_020777,train,ok,12842,0.006,
tile_020778,train,ok,12730,0.006,
tile_020779,test,ok,11365,0.006,
tile_020780,train,ok,12090,0.006,
tile_020781,train,ok,12030,0.006,
tile_020782,train,ok,9902,0.006,
tile_020783,train,ok,11902,0.006,
tile_020784,train,ok,13146,0.007,
tile_020785,train,ok,12992,0.006,
tile_020786,train,ok,12899,0.006,
tile_020787,train,ok,12416,0.007,
tile_020788,train,ok,12591,0.006,
tile_020789,train,ok,11412,0.007,
tile_020790,train,ok,8987,0.006,
tile_020791,train,ok,6565,0.007,
tile_020792,train,ok,9458,0.006,
tile_020793,train,ok,11000,0.007,
tile_020794,train,ok,10119,0.008,
tile_020795,train,ok,12467,0.007,
tile_020796,train,ok,12960,0.007,
tile_020797,val,ok,10468,0.007,
tile_020798,train,ok,7822,0.007,
tile_020799,train,ok,7530,0.006,
tile_020800,train,ok,10618,0.006,
tile_020801,train,ok,10608,0.006,
tile_020802,train,ok,10539,0.006,
tile_020803,train,ok,11948,0.007,
tile_020804,train,ok,11969,0.007,
tile_020805,train,ok,11813,0.008,
tile_020806,train,ok,9871,0.008,
tile_020807,train,ok,12900,0.007,
tile_020808,train,ok,13096,0.009,
tile_020809,train,ok,9953,0.007,
tile_020810,train,ok,10883,0.006,
tile_020811,train,ok,13031,0.006,
tile_020812,train,ok,12551,0.006,
tile_020813,train,ok,10189,0.007,
tile_020814,train,ok,11602,0.007,
tile_020815,train,ok,10524,0.007,
tile_020816,train,ok,11553,0.007,
tile_020817,train,ok,11297,0.006,
tile_020818,val,ok,10432,0.006,
tile_020819,val,ok,12233,0.007,
tile_020820,val,ok,11653,0.006,
tile_020821,test,ok,9599,0.006,
tile_020822,test,ok,9727,0.006,
tile_020823,val,ok,11965,0.007,
tile_020824,val,ok,11219,0.007,
tile_020825,train,ok,11194,0.007,
tile_020826,train,ok,12049,0.007,
tile_020827,train,ok,9927,0.007,
tile_020828,train,ok,11075,0.007,
tile_020829,test,ok,13028,0.006,
tile_020830,test,ok,10137,0.006,
tile_020831,test,ok,10169,0.007,
tile_020832,test,ok,10426,0.006,
tile_020833,test,ok,11964,0.007,
tile_020834,test,ok,11348,0.008,
tile_020835,train,ok,10161,0.006,
tile_020836,train,ok,9214,0.006,
tile_020837,train,ok,12445,0.006,
tile_020838,train,ok,9845,0.008,
tile_020839,train,ok,11073,0.016,
tile_020840,train,ok,12611,0.016,
tile_020841,train,ok,10543,0.017,
tile_020842,train,ok,9329,0.015,
tile_020843,train,ok,10731,0.008,
tile_020844,train,ok,10625,0.009,
tile_020845,train,ok,10321,0.007,
tile_020846,train,ok,10505,0.007,
tile_020847,train,ok,11966,0.007,
tile_020848,train,ok,12450,0.007,
tile_020849,val,ok,12559,0.007,
tile_020850,train,ok,12301,0.007,
tile_020851,train,ok,9520,0.006,
tile_020852,train,ok,11812,0.006,
tile_020853,train,ok,10563,0.006,
tile_020854,train,ok,11557,0.006,
tile_020855,train,ok,12768,0.006,
tile_020856,train,ok,12257,0.006,
tile_020857,train,ok,13070,0.006,
tile_020858,train,ok,12676,0.006,
tile_020859,train,ok,10918,0.006,
tile_020860,train,ok,10650,0.006,
tile_020861,train,ok,12888,0.006,
tile_020862,val,ok,12366,0.006,
tile_020863,val,ok,12601,0.01,
tile_020864,train,ok,12629,0.009,
tile_020865,train,ok,11814,0.009,
tile_020866,train,ok,12249,0.008,
tile_020867,val,ok,12921,0.012,
tile_020868,train,ok,11114,0.01,
tile_020869,train,ok,12775,0.012,
tile_020870,train,ok,10232,0.011,
tile_020871,train,ok,12621,0.012,
tile_020872,train,ok,12721,0.012,
tile_020873,train,ok,10643,0.012,
tile_020874,train,ok,12063,0.012,
tile_020875,train,ok,12808,0.006,
tile_020876,train,ok,12981,0.005,
tile_020877,train,ok,10910,0.006,
tile_020878,train,ok,10809,0.006,
tile_020879,val,ok,11389,0.006,
tile_020880,test,ok,11512,0.006,
tile_020881,val,ok,13113,0.006,
tile_020882,train,ok,11520,0.005,
tile_020883,train,ok,13087,0.005,
tile_020884,train,ok,11956,0.005,
tile_020885,train,ok,10272,0.006,
tile_020886,train,ok,12663,0.006,
tile_020887,train,ok,10053,0.005,
tile_020888,train,ok,11815,0.005,
tile_020889,train,ok,12133,0.005,
tile_020890,val,ok,9418,0.005,
tile_020891,train,ok,13025,0.006,
tile_020892,train,ok,10381,0.006,
tile_020893,train,ok,11365,0.005,
tile_020894,train,ok,12723,0.005,
tile_020895,train,ok,11724,0.005,
tile_020896,train,ok,12058,0.006,
tile_020897,train,ok,12373,0.006,
tile_020898,train,ok,12617,0.006,
tile_020899,train,ok,13013,0.006,
tile_020900,train,ok,11116,0.006,
tile_020901,train,ok,9710,0.006,
tile_020902,train,ok,12579,0.006,
tile_020903,train,ok,10695,0.006,
tile_020904,train,ok,12729,0.006,
tile_020905,train,ok,13084,0.006,
tile_020906,train,ok,11083,0.005,
tile_020907,val,ok,11298,0.006,
tile_020908,train,ok,11160,0.005,
tile_020909,train,ok,10903,0.005,
tile_020910,val,ok,9453,0.006,
tile_020911,val,ok,10843,0.005,
tile_020912,test,ok,10924,0.005,
tile_020913,test,ok,11350,0.005,
tile_020914,test,ok,12113,0.005,
tile_020915,test,ok,12726,0.006,
tile_020916,val,ok,11391,0.006,
tile_020917,val,ok,10259,0.005,
tile_020918,val,ok,10897,0.005,
tile_020919,train,ok,11938,0.006,
tile_020920,train,ok,10878,0.006,
tile_020921,train,ok,10020,0.008,
tile_020922,train,ok,13010,0.007,
tile_020923,test,ok,11506,0.007,
tile_020924,test,ok,11447,0.008,
tile_020925,test,ok,10366,0.008,
tile_020926,test,ok,11866,0.007,
tile_020927,test,ok,9741,0.007,
tile_020928,test,ok,12457,0.008,
tile_020929,test,ok,11946,0.007,
tile_020930,test,ok,9074,0.007,
tile_020931,train,ok,9972,0.008,
tile_020932,train,ok,12364,0.009,
tile_020933,train,ok,11336,0.01,
tile_020934,train,ok,11006,0.009,
tile_020935,train,ok,11372,0.009,
tile_020936,train,ok,11359,0.008,
tile_020937,train,ok,10435,0.008,
tile_020938,train,ok,12696,0.008,
tile_020939,train,ok,11956,0.008,
tile_020940,train,ok,9517,0.008,
tile_020941,train,ok,9996,0.007,
tile_020942,train,ok,12450,0.008,
tile_020943,train,ok,12922,0.008,
tile_020944,train,ok,12684,0.009,
tile_020945,train,ok,13053,0.008,
tile_020946,train,ok,12448,0.008,
tile_020947,train,ok,13022,0.007,
tile_020948,train,ok,10733,0.007,
tile_020949,train,ok,9337,0.008,
tile_020950,train,ok,13168,0.007,
tile_020951,train,ok,8987,0.007,
tile_020952,train,ok,12971,0.007,
tile_020953,train,ok,12863,0.008,
tile_020954,train,ok,11115,0.007,
tile_020955,train,ok,10462,0.006,
tile_020956,val,ok,11024,0.006,
tile_020957,val,ok,13133,0.006,
tile_020958,train,ok,11126,0.006,
tile_020959,train,ok,11461,0.006,
tile_020960,train,ok,12162,0.006,
tile_020961,train,ok,12359,0.006,
tile_020962,train,ok,12799,0.006,
tile_020963,train,ok,12995,0.006,
tile_020964,train,ok,9591,0.006,
tile_020965,train,ok,11372,0.006,
tile_020966,train,ok,13044,0.005,
tile_020967,train,ok,10870,0.006,
tile_020968,train,ok,12900,0.005,
tile_020969,train,ok,11929,0.006,
tile_020970,train,ok,12852,0.007,
tile_020971,train,ok,12626,0.006,
tile_020972,val,ok,12078,0.007,
tile_020973,train,ok,12645,0.008,
tile_020974,train,ok,11361,0.008,
tile_020975,val,ok,13048,0.007,
tile_020976,val,ok,12861,0.006,
tile_020977,train,ok,13138,0.005,
tile_020978,train,ok,12554,0.006,
tile_020979,train,ok,12051,0.006,
tile_020980,test,ok,11469,0.006,
tile_020981,train,ok,11801,0.006,
tile_020982,train,ok,13043,0.006,
tile_020983,train,ok,12089,0.006,
tile_020984,train,ok,8885,0.006,
tile_020985,train,ok,12981,0.006,
tile_020986,train,ok,10659,0.006,
tile_020987,train,ok,12337,0.006,
tile_020988,val,ok,9930,0.005,
tile_020989,val,ok,10960,0.005,
tile_020990,train,ok,11900,0.006,
tile_020991,train,ok,12019,0.006,
tile_020992,train,ok,10689,0.006,
tile_020993,train,ok,12484,0.006,
tile_020994,train,ok,10308,0.005,
tile_020995,train,ok,12915,0.006,
tile_020996,train,ok,10933,0.006,
tile_020997,val,ok,11190,0.006,
tile_020998,train,ok,11070,0.006,
tile_020999,train,ok,10081,0.006,
tile_021000,val,ok,12225,0.006,
tile_021001,test,ok,12882,0.005,
tile_021002,test,ok,11885,0.006,
tile_021003,test,ok,11827,0.006,
tile_021004,val,ok,12252,0.006,
tile_021005,val,ok,9350,0.006,
tile_021006,val,ok,12130,0.006,
tile_021007,train,ok,11306,0.008,
tile_021008,train,ok,9482,0.007,
tile_021009,train,ok,9966,0.007,
tile_021010,test,ok,11940,0.006,
tile_021011,test,ok,8656,0.006,
tile_021012,test,ok,9195,0.006,
tile_021013,test,ok,10783,0.006,
tile_021014,test,ok,10833,0.005,
tile_021015,test,ok,11405,0.007,
tile_021016,test,ok,11405,0.006,
tile_021017,test,ok,8176,0.007,
tile_021018,train,ok,12828,0.006,
tile_021019,train,ok,11058,0.006,
tile_021020,train,ok,10812,0.006,
tile_021021,train,ok,9415,0.006,
tile_021022,train,ok,9200,0.006,
tile_021023,train,ok,8670,0.006,
tile_021024,train,ok,9043,0.006,
tile_021025,train,ok,11431,0.007,
tile_021026,train,ok,12705,0.006,
tile_021027,train,ok,12952,0.007,
tile_021028,val,ok,12293,0.007,
tile_021029,train,ok,8948,0.006,
tile_021030,train,ok,12103,0.005,
tile_021031,train,ok,12673,0.007,
tile_021032,train,ok,11860,0.007,
tile_021033,train,ok,12984,0.007,
tile_021034,train,ok,11537,0.008,
tile_021035,train,ok,7654,0.006,
tile_021036,train,ok,9839,0.008,
tile_021037,train,ok,11850,0.005,
tile_021038,train,ok,11104,0.007,
tile_021039,train,ok,12971,0.006,
tile_021040,train,ok,12088,0.006,
tile_021041,train,ok,12427,0.006,
tile_021042,train,ok,12152,0.007,
tile_021043,val,ok,12533,0.006,
tile_021044,train,ok,11216,0.008,
tile_021045,train,ok,12300,0.006,
tile_021046,train,ok,12607,0.006,
tile_021047,train,ok,12860,0.006,
tile_021048,train,ok,12248,0.006,
tile_021049,train,ok,12806,0.007,
tile_021050,val,ok,10886,0.007,
tile_021051,train,ok,11652,0.006,
tile_021052,train,ok,9344,0.006,
tile_021053,train,ok,11881,0.006,
tile_021054,train,ok,11799,0.006,
tile_021055,train,ok,10952,0.006,
tile_021056,train,ok,12093,0.007,
tile_021057,train,ok,9480,0.007,
tile_021058,train,ok,11060,0.006,
tile_021059,test,ok,11287,0.006,
tile_021060,train,ok,11832,0.006,
tile_021061,train,ok,13012,0.007,
tile_021062,train,ok,13172,0.006,
tile_021063,val,ok,12540,0.006,
tile_021064,val,ok,12105,0.005,
tile_021065,train,ok,12890,0.006,
tile_021066,train,ok,12598,0.006,
tile_021067,train,ok,13057,0.006,
tile_021068,train,ok,12851,0.005,
tile_021069,train,ok,11374,0.006,
tile_021070,train,ok,12522,0.006,
tile_021071,train,ok,13082,0.006,
tile_021072,train,ok,12744,0.006,
tile_021073,train,ok,11153,0.006,
tile_021074,train,ok,12281,0.006,
tile_021075,train,ok,10846,0.006,
tile_021076,train,ok,11629,0.006,
tile_021077,train,ok,11624,0.006,
tile_021078,train,ok,11796,0.005,
tile_021079,train,ok,12216,0.006,
tile_021080,train,ok,10152,0.006,
tile_021081,train,ok,12086,0.006,
tile_021082,train,ok,11576,0.006,
tile_021083,train,ok,10634,0.006,
tile_021084,train,ok,11926,0.007,
tile_021085,train,ok,12843,0.007,
tile_021086,train,ok,9338,0.007,
tile_021087,train,ok,12268,0.006,
tile_021088,train,ok,11847,0.006,
tile_021089,train,ok,11660,0.006,
tile_021090,val,ok,10214,0.006,
tile_021091,val,ok,12030,0.006,
tile_021092,train,ok,11952,0.006,
tile_021093,train,ok,8625,0.006,
tile_021094,val,ok,12442,0.005,
tile_021095,val,ok,12011,0.006,
tile_021096,test,ok,12977,0.006,
tile_021097,test,ok,11699,0.006,
tile_021098,val,ok,11927,0.005,
tile_021099,val,ok,12405,0.006,
tile_021100,val,ok,12315,0.005,
tile_021101,val,ok,11641,0.006,
tile_021102,train,ok,12802,0.006,
tile_021103,train,ok,10774,0.006,
tile_021104,train,ok,8916,0.006,
tile_021105,test,ok,10344,0.005,
tile_021106,test,ok,9479,0.005,
tile_021107,test,ok,10638,0.006,
tile_021108,test,ok,11845,0.007,
tile_021109,test,ok,11195,0.006,
tile_021110,test,ok,9984,0.006,
tile_021111,test,ok,11352,0.007,
tile_021112,test,ok,9268,0.005,
tile_021113,train,ok,11688,0.006,
tile_021114,train,ok,11196,0.005,
tile_021115,train,ok,12842,0.006,
tile_021116,train,ok,12498,0.006,
tile_021117,train,ok,8325,0.006,
tile_021118,train,ok,9053,0.005,
tile_021119,train,ok,10138,0.006,
tile_021120,train,ok,9022,0.006,
tile_021121,train,ok,9719,0.006,
tile_021122,train,ok,9798,0.006,
tile_021123,train,ok,9537,0.006,
tile_021124,train,ok,9672,0.006,
tile_021125,train,ok,10794,0.006,
tile_021126,train,ok,11755,0.006,
tile_021127,train,ok,12326,0.006,
tile_021128,train,ok,12310,0.006,
tile_021129,train,ok,10565,0.006,
tile_021130,train,ok,11603,0.006,
tile_021131,train,ok,10580,0.006,
tile_021132,train,ok,10288,0.006,
tile_021133,train,ok,13006,0.006,
tile_021134,train,ok,11745,0.006,
tile_021135,train,ok,9994,0.006,
tile_021136,train,ok,10735,0.006,
tile_021137,train,ok,10637,0.006,
tile_021138,train,ok,11098,0.005,
tile_021139,train,ok,11009,0.006,
tile_021140,train,ok,12936,0.006,
tile_021141,train,ok,9254,0.006,
tile_021142,train,ok,7641,0.006,
tile_021143,train,ok,11151,0.006,
tile_021144,train,ok,9679,0.006,
tile_021145,train,ok,9979,0.006,
tile_021146,train,ok,6681,0.006,
tile_021147,train,ok,10654,0.006,
tile_021148,train,ok,12669,0.006,
tile_021149,train,ok,9011,0.006,
tile_021150,train,ok,11573,0.006,
tile_021151,train,ok,13157,0.006,
tile_021152,train,ok,13063,0.006,
tile_021153,val,ok,11677,0.006,
tile_021154,val,ok,11410,0.006,
tile_021155,train,ok,13129,0.006,
tile_021156,train,ok,12450,0.006,
tile_021157,train,ok,12107,0.006,
tile_021158,train,ok,9075,0.006,
tile_021159,train,ok,12446,0.006,
tile_021160,train,ok,12763,0.006,
tile_021161,train,ok,12672,0.005,
tile_021162,train,ok,10915,0.006,
tile_021163,train,ok,11432,0.006,
tile_021164,test,ok,11982,0.006,
tile_021165,test,ok,13090,0.006,
tile_021166,train,ok,11641,0.006,
tile_021167,train,ok,11936,0.007,
tile_021168,train,ok,12754,0.007,
tile_021169,train,ok,13027,0.007,
tile_021170,test,ok,12333,0.007,
tile_021171,train,ok,12253,0.006,
tile_021172,train,ok,12360,0.006,
tile_021173,train,ok,11931,0.006,
tile_021174,train,ok,12215,0.007,
tile_021175,train,ok,11451,0.006,
tile_021176,train,ok,12574,0.006,
tile_021177,train,ok,13108,0.006,
tile_021178,train,ok,9583,0.007,
tile_021179,train,ok,10643,0.007,
tile_021180,train,ok,11755,0.006,
tile_021181,train,ok,10524,0.006,
tile_021182,train,ok,12418,0.006,
tile_021183,train,ok,12823,0.006,
tile_021184,val,ok,11681,0.007,
tile_021185,val,ok,11194,0.007,
tile_021186,train,ok,10681,0.006,
tile_021187,train,ok,11164,0.006,
tile_021188,train,ok,11747,0.007,
tile_021189,val,ok,11253,0.006,
tile_021190,train,ok,11739,0.007,
tile_021191,train,ok,10742,0.007,
tile_021192,train,ok,10260,0.007,
tile_021193,train,ok,12343,0.005,
tile_021194,train,ok,9737,0.005,
tile_021195,train,ok,12354,0.006,
tile_021196,train,ok,9664,0.006,
tile_021197,train,ok,10973,0.006,
tile_021198,train,ok,12845,0.007,
tile_021199,test,ok,12744,0.006,
tile_021200,test,ok,11996,0.019,
tile_021201,test,ok,12510,0.018,
tile_021202,train,ok,10986,0.019,
tile_021203,val,ok,11654,0.017,
tile_021204,val,ok,10366,0.007,
tile_021205,train,ok,9967,0.006,
tile_021206,train,ok,9870,0.006,
tile_021207,train,ok,10938,0.006,
tile_021208,train,ok,11630,0.006,
tile_021209,train,ok,12628,0.006,
tile_021210,train,ok,11354,0.006,
tile_021211,train,ok,12534,0.006,
tile_021212,train,ok,11542,0.005,
tile_021213,train,ok,11858,0.006,
tile_021214,train,ok,10018,0.006,
tile_021215,test,ok,10409,0.006,
tile_021216,test,ok,9170,0.006,
tile_021217,test,ok,8920,0.006,
tile_021218,test,ok,9596,0.006,
tile_021219,train,ok,10083,0.006,
tile_021220,train,ok,9793,0.005,
tile_021221,train,ok,10365,0.006,
tile_021222,train,ok,9379,0.006,
tile_021223,train,ok,9974,0.006,
tile_021224,train,ok,11337,0.007,
tile_021225,train,ok,11247,0.006,
tile_021226,train,ok,10831,0.007,
tile_021227,val,ok,9701,0.007,
tile_021228,val,ok,11769,0.007,
tile_021229,val,ok,13042,0.008,
tile_021230,val,ok,12918,0.008,
tile_021231,train,ok,13047,0.009,
tile_021232,train,ok,11821,0.008,
tile_021233,train,ok,12981,0.008,
tile_021234,train,ok,12691,0.007,
tile_021235,train,ok,13117,0.007,
tile_021236,train,ok,12345,0.008,
tile_021237,train,ok,12746,0.008,
tile_021238,train,ok,9311,0.008,
tile_021239,train,ok,10585,0.008,
tile_021240,train,ok,12420,0.008,
tile_021241,train,ok,10398,0.007,
tile_021242,train,ok,12360,0.008,
tile_021243,train,ok,11867,0.008,
tile_021244,train,ok,8872,0.007,
tile_021245,train,ok,11393,0.008,
tile_021246,train,ok,11355,0.008,
tile_021247,test,ok,8644,0.009,
tile_021248,test,ok,10918,0.008,
tile_021249,test,ok,12184,0.009,
tile_021250,val,ok,12408,0.007,
tile_021251,val,ok,12976,0.008,
tile_021252,val,ok,11421,0.008,
tile_021253,val,ok,12082,0.008,
tile_021254,train,ok,12446,0.008,
tile_021255,train,ok,12482,0.008,
tile_021256,train,ok,12524,0.008,
tile_021257,train,ok,11978,0.007,
tile_021258,train,ok,12023,0.008,
tile_021259,test,ok,12579,0.008,
tile_021260,test,ok,12949,0.008,
tile_021261,test,ok,13048,0.007,
tile_021262,val,ok,12820,0.006,
tile_021263,train,ok,12578,0.007,
tile_021264,val,ok,11578,0.007,
tile_021265,val,ok,11879,0.006,
tile_021266,val,ok,11601,0.006,
tile_021267,train,ok,12996,0.006,
tile_021268,train,ok,12918,0.006,
tile_021269,test,ok,13003,0.006,
tile_021270,train,ok,12052,0.006,
tile_021271,train,ok,11754,0.006,
tile_021272,train,ok,12065,0.006,
tile_021273,train,ok,11771,0.006,
tile_021274,train,ok,12445,0.006,
tile_021275,train,ok,12881,0.007,
tile_021276,train,ok,12355,0.007,
tile_021277,train,ok,10226,0.007,
tile_021278,train,ok,7681,0.006,
tile_021279,train,ok,12269,0.005,
tile_021280,train,ok,11770,0.006,
tile_021281,val,ok,13000,0.006,
tile_021282,train,ok,12415,0.006,
tile_021283,train,ok,11591,0.006,
tile_021284,val,ok,12780,0.006,
tile_021285,val,ok,11650,0.005,
tile_021286,val,ok,11886,0.006,
tile_021287,train,ok,13016,0.006,
tile_021288,train,ok,11693,0.005,
tile_021289,train,ok,13043,0.006,
tile_021290,train,ok,12071,0.006,
tile_021291,train,ok,10844,0.006,
tile_021292,train,ok,10653,0.006,
tile_021293,train,ok,10817,0.006,
tile_021294,train,ok,11464,0.005,
tile_021295,train,ok,10119,0.006,
tile_021296,test,ok,12552,0.006,
tile_021297,test,ok,12243,0.006,
tile_021298,test,ok,12513,0.006,
tile_021299,test,ok,12192,0.007,
tile_021300,train,ok,12121,0.007,
tile_021301,val,ok,11122,0.007,
tile_021302,val,ok,8961,0.006,
tile_021303,val,ok,9192,0.006,
tile_021304,train,ok,11690,0.006,
tile_021305,train,ok,9469,0.006,
tile_021306,train,ok,10295,0.006,
tile_021307,train,ok,12926,0.006,
tile_021308,train,ok,12167,0.005,
tile_021309,train,ok,10854,0.006,
tile_021310,train,ok,8385,0.006,
tile_021311,train,ok,12997,0.005,
tile_021312,train,ok,12483,0.006,
tile_021313,train,ok,12908,0.006,
tile_021314,train,ok,10150,0.006,
tile_021315,train,ok,10764,0.006,
tile_021316,test,ok,11219,0.005,
tile_021317,test,ok,9463,0.006,
tile_021318,test,ok,9783,0.006,
tile_021319,test,ok,10869,0.006,
tile_021320,train,ok,11947,0.006,
tile_021321,train,ok,9774,0.006,
tile_021322,train,ok,10328,0.006,
tile_021323,train,ok,11329,0.006,
tile_021324,train,ok,11359,0.005,
tile_021325,train,ok,10259,0.006,
tile_021326,train,ok,10733,0.007,
tile_021327,val,ok,11244,0.006,
tile_021328,val,ok,12093,0.006,
tile_021329,val,ok,11910,0.006,
tile_021330,val,ok,12190,0.006,
tile_021331,train,ok,12459,0.006,
tile_021332,train,ok,11983,0.007,
tile_021333,train,ok,12297,0.006,
tile_021334,train,ok,6937,0.006,
tile_021335,train,ok,11890,0.006,
tile_021336,train,ok,12108,0.006,
tile_021337,train,ok,12792,0.006,
tile_021338,train,ok,12633,0.006,
tile_021339,train,ok,11041,0.006,
tile_021340,train,ok,6242,0.006,
tile_021341,train,ok,8067,0.006,
tile_021342,train,ok,11162,0.007,
tile_021343,train,ok,11495,0.006,
tile_021344,train,ok,12572,0.006,
tile_021345,train,ok,10681,0.007,
tile_021346,test,ok,10306,0.007,
tile_021347,test,ok,12059,0.007,
tile_021348,val,ok,13054,0.006,
tile_021349,val,ok,13030,0.006,
tile_021350,val,ok,12887,0.006,
tile_021351,train,ok,12993,0.006,
tile_021352,val,ok,12223,0.006,
tile_021353,val,ok,10800,0.006,
tile_021354,val,ok,11366,0.006,
tile_021355,test,ok,12947,0.006,
tile_021356,train,ok,12494,0.006,
tile_021357,train,ok,11309,0.006,
tile_021358,train,ok,12420,0.006,
tile_021359,val,ok,12993,0.006,
tile_021360,train,ok,12799,0.005,
tile_021361,train,ok,12339,0.006,
tile_021362,train,ok,13007,0.006,
tile_021363,train,ok,12861,0.006,
tile_021364,train,ok,12318,0.006,
tile_021365,train,ok,10071,0.007,
tile_021366,train,ok,12739,0.007,
tile_021367,train,ok,12605,0.008,
tile_021368,val,ok,12286,0.007,
tile_021369,val,ok,10751,0.006,
tile_021370,val,ok,12862,0.006,
tile_021371,train,ok,11522,0.006,
tile_021372,train,ok,11871,0.006,
tile_021373,train,ok,12092,0.006,
tile_021374,val,ok,12125,0.007,
tile_021375,val,ok,12676,0.006,
tile_021376,train,ok,10546,0.006,
tile_021377,train,ok,10278,0.006,
tile_021378,train,ok,11208,0.006,
tile_021379,train,ok,11334,0.006,
tile_021380,train,ok,12647,0.006,
tile_021381,train,ok,12251,0.006,
tile_021382,train,ok,11022,0.006,
tile_021383,train,ok,11767,0.007,
tile_021384,train,ok,12267,0.007,
tile_021385,train,ok,9876,0.007,
tile_021386,test,ok,11865,0.007,
tile_021387,test,ok,11169,0.006,
tile_021388,test,ok,11442,0.006,
tile_021389,test,ok,11857,0.009,
tile_021390,train,ok,9563,0.009,
tile_021391,train,ok,12115,0.009,
tile_021392,train,ok,9427,0.009,
tile_021393,val,ok,9241,0.006,
tile_021394,train,ok,13018,0.007,
tile_021395,train,ok,11900,0.007,
tile_021396,train,ok,11572,0.007,
tile_021397,train,ok,9018,0.007,
tile_021398,train,ok,12561,0.008,
tile_021399,train,ok,8815,0.007,
tile_021400,train,ok,11205,0.006,
tile_021401,train,ok,10384,0.007,
tile_021402,test,ok,10431,0.007,
tile_021403,test,ok,10342,0.006,
tile_021404,test,ok,10901,0.007,
tile_021405,test,ok,10829,0.008,
tile_021406,train,ok,12179,0.007,
tile_021407,train,ok,10368,0.008,
tile_021408,train,ok,12269,0.008,
tile_021409,train,ok,11000,0.006,
tile_021410,train,ok,11617,0.007,
tile_021411,train,ok,11881,0.007,
tile_021412,train,ok,11326,0.006,
tile_021413,train,ok,12196,0.007,
tile_021414,val,ok,11657,0.007,
tile_021415,val,ok,12443,0.008,
tile_021416,val,ok,12294,0.006,
tile_021417,val,ok,11502,0.007,
tile_021418,train,ok,12380,0.009,
tile_021419,train,ok,11654,0.007,
tile_021420,train,ok,8791,0.007,
tile_021421,train,ok,11239,0.006,
tile_021422,train,ok,12583,0.008,
tile_021423,train,ok,12394,0.008,
tile_021424,train,ok,12488,0.006,
tile_021425,train,ok,6543,0.006,
tile_021426,train,ok,11657,0.007,
tile_021427,train,ok,12820,0.006,
tile_021428,train,ok,12671,0.006,
tile_021429,val,ok,12473,0.006,
tile_021430,val,ok,12646,0.007,
tile_021431,train,ok,13083,0.006,
tile_021432,train,ok,9392,0.006,
tile_021433,val,ok,12855,0.006,
tile_021434,val,ok,12339,0.006,
tile_021435,test,ok,12779,0.006,
tile_021436,train,ok,12437,0.006,
tile_021437,train,ok,10727,0.006,
tile_021438,train,ok,11905,0.006,
tile_021439,train,ok,11493,0.006,
tile_021440,train,ok,12863,0.005,
tile_021441,test,ok,12926,0.006,
tile_021442,train,ok,12455,0.005,
tile_021443,train,ok,12341,0.006,
tile_021444,train,ok,10834,0.006,
tile_021445,train,ok,12123,0.006,
tile_021446,train,ok,11718,0.006,
tile_021447,train,ok,11973,0.006,
tile_021448,val,ok,12731,0.006,
tile_021449,train,ok,9173,0.006,
tile_021450,train,ok,12893,0.006,
tile_021451,val,ok,11589,0.005,
tile_021452,train,ok,12538,0.006,
tile_021453,train,ok,12726,0.006,
tile_021454,train,ok,10166,0.006,
tile_021455,train,ok,12082,0.006,
tile_021456,train,ok,12946,0.006,
tile_021457,train,ok,12320,0.007,
tile_021458,test,ok,9409,0.008,
tile_021459,test,ok,10255,0.008,
tile_021460,test,ok,12785,0.009,
tile_021461,train,ok,11620,0.008,
tile_021462,val,ok,12607,0.008,
tile_021463,val,ok,12394,0.007,
tile_021464,val,ok,12305,0.007,
tile_021465,train,ok,12266,0.007,
tile_021466,train,ok,12346,0.008,
tile_021467,train,ok,12790,0.008,
tile_021468,train,ok,12849,0.007,
tile_021469,train,ok,11685,0.007,
tile_021470,train,ok,9768,0.006,
tile_021471,train,ok,8812,0.006,
tile_021472,train,ok,11786,0.008,
tile_021473,train,ok,10973,0.007,
tile_021474,train,ok,12535,0.007,
tile_021475,test,ok,12927,0.006,
tile_021476,test,ok,11053,0.006,
tile_021477,train,ok,12185,0.007,
tile_021478,train,ok,10980,0.006,
tile_021479,train,ok,11547,0.006,
tile_021480,train,ok,11626,0.007,
tile_021481,train,ok,11994,0.006,
tile_021482,train,ok,12066,0.006,
tile_021483,train,ok,11622,0.006,
tile_021484,val,ok,10858,0.006,
tile_021485,val,ok,11939,0.006,
tile_021486,val,ok,12305,0.007,
tile_021487,train,ok,11909,0.008,
tile_021488,train,ok,12106,0.007,
tile_021489,train,ok,11543,0.007,
tile_021490,train,ok,12210,0.007,
tile_021491,train,ok,11976,0.007,
tile_021492,train,ok,12967,0.006,
tile_021493,train,ok,12541,0.007,
tile_021494,train,ok,11896,0.005,
tile_021495,test,ok,12783,0.007,
tile_021496,test,ok,11463,0.006,
tile_021497,test,ok,12180,0.006,
tile_021498,val,ok,11169,0.007,
tile_021499,val,ok,11754,0.006,
tile_021500,test,ok,12502,0.007,
tile_021501,train,ok,10702,0.006,
tile_021502,train,ok,12858,0.007,
tile_021503,train,ok,12742,0.006,
tile_021504,test,ok,13022,0.006,
tile_021505,test,ok,12978,0.006,
tile_021506,train,ok,12431,0.007,
tile_021507,train,ok,12799,0.006,
tile_021508,train,ok,12703,0.006,
tile_021509,test,ok,11212,0.006,
tile_021510,test,ok,12571,0.006,
tile_021511,test,ok,12626,0.006,
tile_021512,train,ok,13007,0.006,
tile_021513,train,ok,11689,0.007,
tile_021514,train,ok,12046,0.007,
tile_021515,train,ok,13015,0.006,
tile_021516,train,ok,12902,0.007,
tile_021517,train,ok,11849,0.007,
tile_021518,val,ok,13073,0.007,
tile_021519,train,ok,12416,0.008,
tile_021520,train,ok,11457,0.007,
tile_021521,train,ok,12928,0.006,
tile_021522,test,ok,12989,0.006,
tile_021523,test,ok,10206,0.006,
tile_021524,test,ok,11424,0.006,
tile_021525,train,ok,12199,0.006,
tile_021526,train,ok,13021,0.008,
tile_021527,train,ok,10271,0.007,
tile_021528,train,ok,9643,0.01,
tile_021529,train,ok,12793,0.01,
tile_021530,train,ok,11598,0.008,
tile_021531,train,ok,13030,0.008,
tile_021532,test,ok,12393,0.009,
tile_021533,test,ok,12643,0.009,
tile_021534,train,ok,10349,0.008,
tile_021535,train,ok,10822,0.008,
tile_021536,train,ok,12985,0.008,
tile_021537,train,ok,12399,0.008,
tile_021538,train,ok,8637,0.007,
tile_021539,train,ok,11954,0.007,
tile_021540,train,ok,11735,0.008,
tile_021541,train,ok,10009,0.01,
tile_021542,train,ok,11049,0.008,
tile_021543,train,ok,12216,0.007,
tile_021544,train,ok,12850,0.009,
tile_021545,train,ok,10084,0.009,
tile_021546,train,ok,12279,0.008,
tile_021547,train,ok,11625,0.009,
tile_021548,train,ok,11372,0.009,
tile_021549,train,ok,12766,0.009,
tile_021550,train,ok,12082,0.009,
tile_021551,train,ok,12920,0.008,
tile_021552,train,ok,12758,0.008,
tile_021553,train,ok,12974,0.009,
tile_021554,train,ok,12047,0.009,
tile_021555,train,ok,11870,0.008,
tile_021556,train,ok,12664,0.008,
tile_021557,train,ok,12283,0.008,
tile_021558,train,ok,11660,0.009,
tile_021559,train,ok,13110,0.009,
tile_021560,train,ok,13115,0.008,
tile_021561,train,ok,12219,0.009,
tile_021562,train,ok,12155,0.008,
tile_021563,train,ok,12769,0.009,
tile_021564,train,ok,11488,0.008,
tile_021565,train,ok,12775,0.008,
tile_021566,train,ok,13143,0.008,
tile_021567,train,ok,9940,0.008,
tile_021568,train,ok,12810,0.006,
tile_021569,test,ok,11961,0.008,
tile_021570,test,ok,12788,0.008,
tile_021571,test,ok,13135,0.006,
tile_021572,train,ok,12693,0.007,
tile_021573,train,ok,13068,0.007,
tile_021574,train,ok,12209,0.006,
tile_021575,train,ok,12570,0.006,
tile_021576,train,ok,12680,0.006,
tile_021577,train,ok,9882,0.006,
tile_021578,train,ok,10866,0.006,
tile_021579,train,ok,12956,0.006,
tile_021580,train,ok,12890,0.008,
tile_021581,train,ok,8613,0.007,
tile_021582,train,ok,12674,0.008,
tile_021583,train,ok,12487,0.008,
tile_021584,train,ok,12184,0.007,
tile_021585,train,ok,12816,0.006,
tile_021586,train,ok,12997,0.006,
tile_021587,test,ok,12768,0.008,
tile_021588,test,ok,12756,0.007,
tile_021589,train,ok,12294,0.007,
tile_021590,train,ok,12318,0.007,
tile_021591,train,ok,13076,0.006,
tile_021592,train,ok,11651,0.006,
tile_021593,train,ok,11021,0.006,
tile_021594,train,ok,8463,0.006,
tile_021595,test,ok,11876,0.006,
tile_021596,test,ok,8616,0.006,
tile_021597,train,ok,12298,0.007,
tile_021598,train,ok,11392,0.006,
tile_021599,train,ok,11582,0.007,
tile_021600,train,ok,11348,0.006,
tile_021601,train,ok,12520,0.007,
tile_021602,train,ok,11623,0.008,
tile_021603,train,ok,12275,0.007,
tile_021604,train,ok,11556,0.007,
tile_021605,train,ok,10933,0.007,
tile_021606,train,ok,11666,0.006,
tile_021607,train,ok,11422,0.006,
tile_021608,train,ok,11650,0.007,
tile_021609,train,ok,12163,0.006,
tile_021610,train,ok,11730,0.007,
tile_021611,train,ok,12240,0.006,
tile_021612,train,ok,11754,0.006,
tile_021613,train,ok,11112,0.006,
tile_021614,train,ok,12507,0.006,
tile_021615,train,ok,12815,0.006,
tile_021616,train,ok,12421,0.006,
tile_021617,train,ok,13080,0.007,
tile_021618,train,ok,12685,0.006,
tile_021619,train,ok,12356,0.006,
tile_021620,train,ok,13052,0.006,
tile_021621,train,ok,13060,0.007,
tile_021622,train,ok,12633,0.006,
tile_021623,train,ok,11641,0.008,
tile_021624,train,ok,12727,0.009,
tile_021625,train,ok,11617,0.009,
tile_021626,train,ok,10889,0.009,
tile_021627,train,ok,12547,0.008,
tile_021628,train,ok,11450,0.009,
tile_021629,train,ok,11710,0.009,
tile_021630,train,ok,12339,0.009,
tile_021631,train,ok,12878,0.009,
tile_021632,train,ok,11828,0.008,
tile_021633,train,ok,12214,0.007,
tile_021634,test,ok,12405,0.007,
tile_021635,train,ok,10862,0.007,
tile_021636,train,ok,12241,0.008,
tile_021637,train,ok,12466,0.008,
tile_021638,val,ok,8990,0.008,
tile_021639,train,ok,10879,0.007,
tile_021640,train,ok,13055,0.008,
tile_021641,train,ok,11367,0.008,
tile_021642,train,ok,11494,0.008,
tile_021643,train,ok,10762,0.007,
tile_021644,train,ok,11107,0.01,
tile_021645,train,ok,9616,0.009,
tile_021646,train,ok,9265,0.009,
tile_021647,train,ok,12608,0.01,
tile_021648,train,ok,12798,0.01,
tile_021649,train,ok,12245,0.01,
tile_021650,train,ok,11657,0.01,
tile_021651,train,ok,12473,0.01,
tile_021652,val,ok,10227,0.011,
tile_021653,train,ok,12997,0.01,
tile_021654,test,ok,12788,0.01,
tile_021655,test,ok,10875,0.01,
tile_021656,test,ok,12494,0.01,
tile_021657,train,ok,12497,0.01,
tile_021658,train,ok,9853,0.01,
tile_021659,test,ok,11607,0.01,
tile_021660,test,ok,11961,0.008,
tile_021661,test,ok,13070,0.008,
tile_021662,train,ok,12564,0.009,
tile_021663,train,ok,13014,0.008,
tile_021664,train,ok,12579,0.009,
tile_021665,train,ok,10557,0.01,
tile_021666,train,ok,11755,0.009,
tile_021667,train,ok,12913,0.009,
tile_021668,train,ok,10179,0.008,
tile_021669,train,ok,9696,0.008,
tile_021670,train,ok,11579,0.009,
tile_021671,train,ok,11326,0.008,
tile_021672,train,ok,11848,0.015,
tile_021673,train,ok,11534,0.009,
tile_021674,train,ok,10400,0.008,
tile_021675,train,ok,8966,0.009,
tile_021676,train,ok,12145,0.008,
tile_021677,train,ok,12351,0.008,
tile_021678,train,ok,12798,0.007,
tile_021679,train,ok,12866,0.006,
tile_021680,train,ok,13113,0.008,
tile_021681,train,ok,12765,0.008,
tile_021682,train,ok,12576,0.007,
tile_021683,train,ok,12573,0.009,
tile_021684,train,ok,11698,0.01,
tile_021685,train,ok,11036,0.009,
tile_021686,train,ok,11371,0.009,
tile_021687,train,ok,11831,0.008,
tile_021688,train,ok,12610,0.009,
tile_021689,train,ok,13035,0.008,
tile_021690,train,ok,12933,0.008,
tile_021691,train,ok,10892,0.009,
tile_021692,train,ok,10846,0.007,
tile_021693,train,ok,10561,0.008,
tile_021694,train,ok,10739,0.008,
tile_021695,train,ok,12800,0.007,
tile_021696,train,ok,12566,0.007,
tile_021697,test,ok,12342,0.009,
tile_021698,test,ok,12157,0.008,
tile_021699,test,ok,12660,0.008,
tile_021700,train,ok,12063,0.008,
tile_021701,train,ok,12435,0.01,
tile_021702,train,ok,11879,0.009,
tile_021703,train,ok,12819,0.01,
tile_021704,val,ok,10113,0.009,
tile_021705,val,ok,11906,0.009,
tile_021706,train,ok,12700,0.008,
tile_021707,train,ok,11713,0.008,
tile_021708,train,ok,12922,0.008,
tile_021709,train,ok,12827,0.01,
tile_021710,train,ok,12842,0.008,
tile_021711,train,ok,12634,0.008,
tile_021712,train,ok,13041,0.009,
tile_021713,train,ok,10907,0.007,
tile_021714,train,ok,11900,0.009,
tile_021715,train,ok,12699,0.007,
tile_021716,train,ok,12810,0.01,
tile_021717,val,ok,12352,0.01,
tile_021718,train,ok,12793,0.008,
tile_021719,test,ok,13070,0.009,
tile_021720,train,ok,12700,0.007,
tile_021721,train,ok,12390,0.007,
tile_021722,train,ok,11193,0.008,
tile_021723,train,ok,12226,0.008,
tile_021724,train,ok,12096,0.008,
tile_021725,test,ok,10156,0.008,
tile_021726,test,ok,12743,0.008,
tile_021727,test,ok,12790,0.011,
tile_021728,train,ok,9178,0.011,
tile_021729,train,ok,12901,0.011,
tile_021730,train,ok,11414,0.012,
tile_021731,train,ok,11177,0.009,
tile_021732,train,ok,10681,0.018,
tile_021733,train,ok,10741,0.019,
tile_021734,train,ok,13047,0.017,
tile_021735,train,ok,11729,0.014,
tile_021736,train,ok,11950,0.01,
tile_021737,train,ok,10484,0.01,
tile_021738,train,ok,10661,0.01,
tile_021739,train,ok,12090,0.009,
tile_021740,train,ok,13133,0.009,
tile_021741,train,ok,11751,0.01,
tile_021742,train,ok,11252,0.01,
tile_021743,train,ok,11496,0.01,
tile_021744,train,ok,12250,0.011,
tile_021745,train,ok,12318,0.011,
tile_021746,train,ok,11915,0.011,
tile_021747,train,ok,12426,0.011,
tile_021748,train,ok,12329,0.011,
tile_021749,train,ok,12860,0.011,
tile_021750,train,ok,12237,0.011,
tile_021751,train,ok,9795,0.01,
tile_021752,train,ok,11756,0.013,
tile_021753,train,ok,12686,0.012,
tile_021754,train,ok,10145,0.012,
tile_021755,test,ok,13044,0.012,
tile_021756,train,ok,12702,0.012,
tile_021757,train,ok,11964,0.012,
tile_021758,train,ok,11112,0.012,
tile_021759,train,ok,11675,0.012,
tile_021760,val,ok,12050,0.012,
tile_021761,val,ok,11159,0.013,
tile_021762,train,ok,12372,0.013,
tile_021763,train,ok,12500,0.013,
tile_021764,train,ok,12508,0.014,
tile_021765,train,ok,11836,0.013,
tile_021766,train,ok,12949,0.013,
tile_021767,train,ok,12788,0.012,
tile_021768,train,ok,13064,0.012,
tile_021769,test,ok,12988,0.013,
tile_021770,test,ok,12384,0.013,
tile_021771,train,ok,13116,0.013,
tile_021772,train,ok,12787,0.012,
tile_021773,train,ok,12660,0.011,
tile_021774,train,ok,13085,0.012,
tile_021775,train,ok,13111,0.011,
tile_021776,val,ok,12850,0.012,
tile_021777,val,ok,10463,0.012,
tile_021778,train,ok,12151,0.012,
tile_021779,train,ok,12131,0.012,
tile_021780,train,ok,12896,0.014,
tile_021781,train,ok,12552,0.014,
tile_021782,train,ok,12931,0.016,
tile_021783,test,ok,13053,0.016,
tile_021784,test,ok,10779,0.009,
tile_021785,test,ok,12562,0.01,
tile_021786,train,ok,12711,0.01,
tile_021787,train,ok,12471,0.01,
tile_021788,train,ok,12721,0.01,
tile_021789,train,ok,10818,0.01,
tile_021790,train,ok,12948,0.009,
tile_021791,train,ok,13053,0.009,
tile_021792,train,ok,12400,0.009,
tile_021793,train,ok,12320,0.009,
tile_021794,train,ok,11728,0.009,
tile_021795,val,ok,12809,0.009,
tile_021796,val,ok,11406,0.008,
tile_021797,train,ok,10949,0.008,
tile_021798,train,ok,11355,0.009,
tile_021799,train,ok,12864,0.009,
tile_021800,test,ok,12716,0.01,
tile_021801,test,ok,12701,0.009,
tile_021802,test,ok,12288,0.009,
tile_021803,train,ok,12315,0.01,
tile_021804,train,ok,11748,0.009,
tile_021805,train,ok,10357,0.01,
tile_021806,train,ok,11251,0.009,
tile_021807,train,ok,12309,0.009,
tile_021808,train,ok,11826,0.01,
tile_021809,train,ok,12374,0.01,
tile_021810,train,ok,8443,0.01,
tile_021811,train,ok,10928,0.01,
tile_021812,train,ok,8698,0.01,
tile_021813,test,ok,10848,0.008,
tile_021814,test,ok,12260,0.009,
tile_021815,test,ok,12527,0.009,
tile_021816,train,ok,12050,0.01,
tile_021817,train,ok,11537,0.009,
tile_021818,train,ok,10543,0.007,
tile_021819,train,ok,11406,0.008,
tile_021820,train,ok,12692,0.007,
tile_021821,train,ok,13077,0.008,
tile_021822,test,ok,12287,0.008,
tile_021823,test,ok,8851,0.007,
tile_021824,val,ok,11768,0.008,
tile_021825,val,ok,12574,0.007,
tile_021826,val,ok,10769,0.007,
tile_021827,train,ok,12749,0.007,
tile_021828,train,ok,12229,0.007,
tile_021829,train,ok,12338,0.007,
tile_021830,train,ok,13082,0.006,
tile_021831,test,ok,12145,0.006,
tile_021832,test,ok,10825,0.008,
tile_021833,train,ok,11339,0.007,
tile_021834,train,ok,12302,0.008,
tile_021835,train,ok,10647,0.007,
tile_021836,train,ok,11969,0.008,
tile_021837,train,ok,11894,0.007,
tile_021838,val,ok,12684,0.008,
tile_021839,train,ok,11923,0.007,
tile_021840,train,ok,12755,0.008,
tile_021841,train,ok,12546,0.007,
tile_021842,train,ok,12946,0.007,
tile_021843,train,ok,11950,0.007,
tile_021844,train,ok,12178,0.008,
tile_021845,train,ok,12189,0.007,
tile_021846,train,ok,12416,0.008,
tile_021847,train,ok,13072,0.007,
tile_021848,train,ok,10636,0.007,
tile_021849,train,ok,11411,0.008,
tile_021850,train,ok,12451,0.009,
tile_021851,train,ok,12768,0.009,
tile_021852,test,ok,12298,0.006,
tile_021853,train,ok,11425,0.007,
tile_021854,train,ok,12325,0.007,
tile_021855,test,ok,12857,0.007,
tile_021856,train,ok,9599,0.006,
tile_021857,train,ok,11327,0.007,
tile_021858,val,ok,11526,0.008,
tile_021859,val,ok,12742,0.007,
tile_021860,train,ok,10865,0.008,
tile_021861,train,ok,11328,0.007,
tile_021862,train,ok,12083,0.006,
tile_021863,val,ok,12626,0.006,
tile_021864,val,ok,12399,0.008,
tile_021865,train,ok,10969,0.007,
tile_021866,train,ok,13167,0.006,
tile_021867,train,ok,12473,0.008,
tile_021868,train,ok,13140,0.009,
tile_021869,val,ok,12388,0.008,
tile_021870,val,ok,12892,0.009,
tile_021871,val,ok,10585,0.008,
tile_021872,val,ok,12408,0.01,
tile_021873,val,ok,10859,0.008,
tile_021874,val,ok,10915,0.008,
tile_021875,test,ok,10072,0.008,
tile_021876,test,ok,12878,0.009,
tile_021877,test,ok,10836,0.01,
tile_021878,train,ok,11465,0.009,
tile_021879,train,ok,9334,0.008,
tile_021880,train,ok,11591,0.008,
tile_021881,train,ok,13008,0.009,
tile_021882,train,ok,12984,0.009,
tile_021883,test,ok,12896,0.008,
tile_021884,test,ok,9735,0.009,
tile_021885,train,ok,10633,0.009,
tile_021886,train,ok,12172,0.009,
tile_021887,train,ok,12638,0.009,
tile_021888,train,ok,12923,0.009,
tile_021889,train,ok,12063,0.009,
tile_021890,train,ok,9481,0.007,
tile_021891,train,ok,11882,0.008,
tile_021892,train,ok,10864,0.01,
tile_021893,train,ok,12160,0.009,
tile_021894,train,ok,12567,0.009,
tile_021895,test,ok,9786,0.01,
tile_021896,test,ok,11292,0.01,
tile_021897,test,ok,10362,0.01,
tile_021898,train,ok,11840,0.01,
tile_021899,train,ok,10639,0.009,
tile_021900,train,ok,11897,0.012,
tile_021901,train,ok,12575,0.013,
tile_021902,train,ok,12915,0.012,
tile_021903,test,ok,11337,0.012,
tile_021904,val,ok,12958,0.011,
tile_021905,train,ok,12920,0.011,
tile_021906,train,ok,12082,0.011,
tile_021907,train,ok,13013,0.011,
tile_021908,train,ok,10416,0.01,
tile_021909,train,ok,12896,0.011,
tile_021910,train,ok,12377,0.011,
tile_021911,val,ok,12431,0.011,
tile_021912,train,ok,12948,0.009,
tile_021913,train,ok,12645,0.008,
tile_021914,train,ok,12092,0.009,
tile_021915,train,ok,12582,0.008,
tile_021916,test,ok,12564,0.009,
tile_021917,train,ok,12245,0.007,
tile_021918,train,ok,12313,0.009,
tile_021919,train,ok,9950,0.009,
tile_021920,val,ok,12447,0.009,
tile_021921,val,ok,10193,0.008,
tile_021922,val,ok,11973,0.008,
tile_021923,train,ok,12972,0.009,
tile_021924,train,ok,12388,0.009,
tile_021925,train,ok,13120,0.007,
tile_021926,train,ok,12772,0.007,
tile_021927,train,ok,12761,0.008,
tile_021928,val,ok,12284,0.009,
tile_021929,train,ok,11706,0.008,
tile_021930,train,ok,12023,0.008,
tile_021931,train,ok,10994,0.008,
tile_021932,train,ok,11936,0.007,
tile_021933,val,ok,10867,0.008,
tile_021934,val,ok,9457,0.008,
tile_021935,val,ok,10802,0.008,
tile_021936,val,ok,12946,0.009,
tile_021937,val,ok,11226,0.008,
tile_021938,val,ok,8301,0.009,
tile_021939,val,ok,8816,0.009,
tile_021940,test,ok,10353,0.007,
tile_021941,test,ok,11498,0.008,
tile_021942,train,ok,11928,0.009,
tile_021943,train,ok,11180,0.009,
tile_021944,train,ok,10394,0.009,
tile_021945,train,ok,11436,0.008,
tile_021946,train,ok,11845,0.009,
tile_021947,test,ok,11356,0.009,
tile_021948,test,ok,13100,0.009,
tile_021949,train,ok,12733,0.009,
tile_021950,train,ok,11396,0.009,
tile_021951,train,ok,12198,0.008,
tile_021952,train,ok,10595,0.008,
tile_021953,train,ok,12143,0.009,
tile_021954,train,ok,9293,0.009,
tile_021955,train,ok,11159,0.008,
tile_021956,train,ok,12689,0.008,
tile_021957,test,ok,11023,0.01,
tile_021958,train,ok,12406,0.009,
tile_021959,train,ok,12090,0.008,
tile_021960,train,ok,11642,0.009,
tile_021961,train,ok,12161,0.008,
tile_021962,train,ok,10147,0.01,
tile_021963,train,ok,11796,0.009,
tile_021964,train,ok,12360,0.009,
tile_021965,train,ok,9554,0.009,
tile_021966,train,ok,11526,0.009,
tile_021967,val,ok,11845,0.008,
tile_021968,train,ok,12253,0.009,
tile_021969,train,ok,12573,0.009,
tile_021970,val,ok,12649,0.008,
tile_021971,val,ok,11017,0.008,
tile_021972,test,ok,11982,0.007,
tile_021973,train,ok,12313,0.007,
tile_021974,train,ok,13003,0.009,
tile_021975,train,ok,12099,0.008,
tile_021976,train,ok,10684,0.008,
tile_021977,test,ok,11751,0.007,
tile_021978,val,ok,12138,0.009,
tile_021979,val,ok,12906,0.008,
tile_021980,val,ok,12956,0.008,
tile_021981,train,ok,12302,0.01,
tile_021982,val,ok,12999,0.01,
tile_021983,train,ok,12426,0.009,
tile_021984,train,ok,12407,0.01,
tile_021985,train,ok,11940,0.009,
tile_021986,train,ok,12516,0.009,
tile_021987,train,ok,12017,0.009,
tile_021988,train,ok,12124,0.009,
tile_021989,val,ok,11384,0.01,
tile_021990,val,ok,10215,0.011,
tile_021991,val,ok,10525,0.009,
tile_021992,val,ok,9486,0.009,
tile_021993,val,ok,8279,0.012,
tile_021994,val,ok,8992,0.012,
tile_021995,val,ok,10043,0.01,
tile_021996,test,ok,11346,0.012,
tile_021997,test,ok,11876,0.012,
tile_021998,train,ok,10699,0.011,
tile_021999,train,ok,10660,0.012,
tile_022000,train,ok,10086,0.012,
tile_022001,train,ok,12730,0.011,
tile_022002,train,ok,11329,0.011,
tile_022003,train,ok,11878,0.011,
tile_022004,train,ok,10913,0.011,
tile_022005,test,ok,12577,0.011,
tile_022006,test,ok,10204,0.011,
tile_022007,train,ok,13134,0.011,
tile_022008,train,ok,11119,0.013,
tile_022009,train,ok,10712,0.01,
tile_022010,train,ok,12178,0.013,
tile_022011,train,ok,9267,0.011,
tile_022012,train,ok,12628,0.008,
tile_022013,train,ok,10253,0.01,
tile_022014,train,ok,8723,0.01,
tile_022015,train,ok,11188,0.009,
tile_022016,test,ok,10113,0.009,
tile_022017,test,ok,12575,0.009,
tile_022018,train,ok,11545,0.009,
tile_022019,train,ok,12811,0.009,
tile_022020,train,ok,13097,0.009,
tile_022021,train,ok,12060,0.009,
tile_022022,train,ok,12967,0.009,
tile_022023,train,ok,12472,0.008,
tile_022024,train,ok,12947,0.009,
tile_022025,train,ok,12503,0.009,
tile_022026,train,ok,11389,0.009,
tile_022027,train,ok,11327,0.01,
tile_022028,train,ok,12538,0.008,
tile_022029,test,ok,12475,0.008,
tile_022030,train,ok,11875,0.007,
tile_022031,train,ok,12825,0.009,
tile_022032,train,ok,10824,0.009,
tile_022033,train,ok,8580,0.01,
tile_022034,train,ok,12306,0.01,
tile_022035,train,ok,10988,0.01,
tile_022036,val,ok,12450,0.012,
tile_022037,val,ok,12029,0.01,
tile_022038,train,ok,12531,0.01,
tile_022039,train,ok,12172,0.009,
tile_022040,train,ok,9893,0.009,
tile_022041,train,ok,11475,0.009,
tile_022042,train,ok,10058,0.008,
tile_022043,train,ok,10826,0.008,
tile_022044,train,ok,10315,0.007,
tile_022045,val,ok,11465,0.008,
tile_022046,val,ok,11245,0.008,
tile_022047,val,ok,12350,0.008,
tile_022048,val,ok,12334,0.009,
tile_022049,train,ok,12172,0.009,
tile_022050,train,ok,12713,0.009,
tile_022051,val,ok,12948,0.01,
tile_022052,train,ok,11326,0.009,
tile_022053,train,ok,11434,0.009,
tile_022054,train,ok,9473,0.009,
tile_022055,train,ok,10664,0.01,
tile_022056,train,ok,9093,0.009,
tile_022057,train,ok,11939,0.008,
tile_022058,train,ok,8561,0.008,
tile_022059,train,ok,12852,0.008,
tile_022060,train,ok,12089,0.009,
tile_022061,train,ok,10296,0.009,
tile_022062,train,ok,11351,0.009,
tile_022063,train,ok,11596,0.008,
tile_022064,train,ok,12083,0.009,
tile_022065,train,ok,10279,0.009,
tile_022066,train,ok,10395,0.01,
tile_022067,train,ok,13138,0.009,
tile_022068,train,ok,12495,0.008,
tile_022069,train,ok,11465,0.009,
tile_022070,train,ok,9200,0.008,
tile_022071,train,ok,10945,0.008,
tile_022072,train,ok,11715,0.009,
tile_022073,train,ok,9374,0.008,
tile_022074,train,ok,10384,0.008,
tile_022075,train,ok,12077,0.008,
tile_022076,train,ok,11764,0.009,
tile_022077,val,ok,11931,0.008,
tile_022078,val,ok,9913,0.009,
tile_022079,val,ok,10418,0.008,
tile_022080,val,ok,11574,0.01,
tile_022081,val,ok,11862,0.009,
tile_022082,train,ok,12273,0.009,
tile_022083,train,ok,12734,0.009,
tile_022084,train,ok,11396,0.008,
tile_022085,train,ok,9351,0.009,
tile_022086,train,ok,12808,0.008,
tile_022087,train,ok,12986,0.009,
tile_022088,train,ok,12847,0.009,
tile_022089,train,ok,12273,0.007,
tile_022090,train,ok,10623,0.008,
tile_022091,train,ok,11841,0.008,
tile_022092,train,ok,10177,0.008,
tile_022093,train,ok,9382,0.008,
tile_022094,train,ok,10019,0.008,
tile_022095,train,ok,9274,0.008,
tile_022096,train,ok,10021,0.009,
tile_022097,train,ok,10285,0.009,
tile_022098,train,ok,13034,0.008,
tile_022099,train,ok,13136,0.008,
tile_022100,train,ok,12707,0.008,
tile_022101,train,ok,11856,0.007,
tile_022102,train,ok,10870,0.007,
tile_022103,train,ok,11842,0.006,
tile_022104,train,ok,11898,0.006,
tile_022105,val,ok,11108,0.007,
tile_022106,val,ok,11162,0.007,
tile_022107,val,ok,12910,0.006,
tile_022108,val,ok,12168,0.007,
tile_022109,train,ok,9729,0.006,
tile_022110,train,ok,11320,0.006,
tile_022111,train,ok,11224,0.006,
tile_022112,train,ok,11014,0.006,
tile_022113,train,ok,9446,0.006,
tile_022114,train,ok,12240,0.006,
tile_022115,train,ok,12412,0.007,
tile_022116,train,ok,12015,0.006,
tile_022117,train,ok,11325,0.007,
tile_022118,train,ok,11849,0.007,
tile_022119,train,ok,10499,0.006,
tile_022120,train,ok,11831,0.007,
tile_022121,train,ok,12144,0.007,
tile_022122,train,ok,10935,0.006,
tile_022123,train,ok,11576,0.006,
tile_022124,train,ok,11707,0.006,
tile_022125,train,ok,9206,0.007,
tile_022126,train,ok,11667,0.007,
tile_022127,train,ok,11305,0.006,
tile_022128,val,ok,12093,0.007,
tile_022129,val,ok,7839,0.008,
tile_022130,val,ok,10059,0.007,
tile_022131,val,ok,11845,0.007,
tile_022132,train,ok,12748,0.007,
tile_022133,val,ok,11712,0.007,
tile_022134,train,ok,11832,0.008,
tile_022135,train,ok,12052,0.007,
tile_022136,val,ok,11654,0.007,
tile_022137,train,ok,11110,0.007,
tile_022138,train,ok,12863,0.007,
tile_022139,val,ok,12771,0.008,
tile_022140,test,ok,11721,0.007,
tile_022141,train,ok,11868,0.006,
tile_022142,train,ok,13030,0.007,
tile_022143,train,ok,12291,0.007,
tile_022144,train,ok,12333,0.009,
tile_022145,train,ok,11529,0.007,
tile_022146,train,ok,11066,0.006,
tile_022147,train,ok,10068,0.007,
tile_022148,train,ok,12561,0.008,
tile_022149,train,ok,12625,0.008,
tile_022150,train,ok,12414,0.009,
tile_022151,train,ok,10371,0.008,
tile_022152,train,ok,12749,0.008,
tile_022153,train,ok,12096,0.008,
tile_022154,train,ok,12962,0.007,
tile_022155,train,ok,11811,0.007,
tile_022156,train,ok,13069,0.008,
tile_022157,train,ok,13015,0.007,
tile_022158,train,ok,12018,0.007,
tile_022159,train,ok,11716,0.009,
tile_022160,train,ok,12524,0.009,
tile_022161,train,ok,12546,0.008,
tile_022162,val,ok,12274,0.009,
tile_022163,val,ok,12169,0.008,
tile_022164,val,ok,9159,0.008,
tile_022165,train,ok,12573,0.006,
tile_022166,val,ok,11231,0.008,
tile_022167,val,ok,6534,0.007,
tile_022168,val,ok,12489,0.007,
tile_022169,train,ok,11761,0.008,
tile_022170,train,ok,9878,0.008,
tile_022171,train,ok,12280,0.008,
tile_022172,train,ok,12697,0.009,
tile_022173,train,ok,12574,0.007,
tile_022174,train,ok,12910,0.007,
tile_022175,train,ok,9471,0.007,
tile_022176,train,ok,9932,0.007,
tile_022177,train,ok,9771,0.008,
tile_022178,train,ok,12360,0.006,
tile_022179,train,ok,12111,0.007,
tile_022180,train,ok,10548,0.009,
tile_022181,train,ok,12842,0.008,
tile_022182,train,ok,12833,0.009,
tile_022183,train,ok,10524,0.009,
tile_022184,train,ok,10113,0.009,
tile_022185,train,ok,10552,0.01,
tile_022186,train,ok,11793,0.009,
tile_022187,val,ok,11312,0.008,
tile_022188,val,ok,11355,0.007,
tile_022189,val,ok,11498,0.008,
tile_022190,train,ok,8206,0.008,
tile_022191,train,ok,10237,0.008,
tile_022192,train,ok,11404,0.007,
tile_022193,train,ok,12644,0.007,
tile_022194,train,ok,12893,0.007,
tile_022195,train,ok,11708,0.01,
tile_022196,val,ok,12601,0.007,
tile_022197,val,ok,12468,0.006,
tile_022198,train,ok,12969,0.006,
tile_022199,test,ok,12676,0.007,
tile_022200,test,ok,12551,0.006,
tile_022201,train,ok,11270,0.006,
tile_022202,train,ok,10993,0.006,
tile_022203,train,ok,12555,0.006,
tile_022204,train,ok,13057,0.007,
tile_022205,train,ok,11239,0.006,
tile_022206,train,ok,11183,0.006,
tile_022207,train,ok,10864,0.006,
tile_022208,train,ok,11470,0.007,
tile_022209,train,ok,11639,0.007,
tile_022210,train,ok,12703,0.006,
tile_022211,train,ok,12908,0.007,
tile_022212,val,ok,11574,0.006,
tile_022213,val,ok,12191,0.007,
tile_022214,val,ok,10185,0.007,
tile_022215,val,ok,13136,0.007,
tile_022216,val,ok,9661,0.007,
tile_022217,train,ok,12864,0.007,
tile_022218,train,ok,12808,0.006,
tile_022219,train,ok,12902,0.013,
tile_022220,train,ok,11912,0.013,
tile_022221,train,ok,12782,0.015,
tile_022222,train,ok,11026,0.016,
tile_022223,train,ok,11577,0.008,
tile_022224,train,ok,12043,0.009,
tile_022225,train,ok,12796,0.01,
tile_022226,train,ok,12548,0.008,
tile_022227,train,ok,11155,0.009,
tile_022228,train,ok,12569,0.009,
tile_022229,train,ok,12507,0.008,
tile_022230,train,ok,12440,0.009,
tile_022231,train,ok,12330,0.01,
tile_022232,train,ok,12967,0.01,
tile_022233,train,ok,12895,0.009,
tile_022234,train,ok,9137,0.01,
tile_022235,train,ok,12444,0.008,
tile_022236,train,ok,12183,0.01,
tile_022237,val,ok,11754,0.009,
tile_022238,val,ok,7803,0.008,
tile_022239,val,ok,9981,0.008,
tile_022240,train,ok,8935,0.008,
tile_022241,train,ok,8974,0.008,
tile_022242,train,ok,12773,0.008,
tile_022243,train,ok,10943,0.009,
tile_022244,train,ok,12796,0.009,
tile_022245,val,ok,12987,0.009,
tile_022246,val,ok,12249,0.009,
tile_022247,train,ok,10396,0.008,
tile_022248,val,ok,12046,0.009,
tile_022249,train,ok,12665,0.008,
tile_022250,train,ok,12953,0.008,
tile_022251,train,ok,12868,0.007,
tile_022252,val,ok,12911,0.007,
tile_022253,train,ok,12216,0.007,
tile_022254,train,ok,11507,0.006,
tile_022255,train,ok,11866,0.006,
tile_022256,train,ok,12627,0.006,
tile_022257,train,ok,10805,0.007,
tile_022258,train,ok,12188,0.007,
tile_022259,train,ok,11545,0.007,
tile_022260,train,ok,12148,0.007,
tile_022261,train,ok,12885,0.007,
tile_022262,train,ok,13108,0.007,
tile_022263,train,ok,12523,0.008,
tile_022264,train,ok,12296,0.008,
tile_022265,train,ok,12817,0.007,
tile_022266,train,ok,10732,0.008,
tile_022267,train,ok,12822,0.007,
tile_022268,train,ok,10971,0.009,
tile_022269,train,ok,12854,0.007,
tile_022270,train,ok,12884,0.007,
tile_022271,train,ok,11804,0.008,
tile_022272,train,ok,12792,0.007,
tile_022273,train,ok,13142,0.006,
tile_022274,train,ok,12435,0.007,
tile_022275,train,ok,12701,0.006,
tile_022276,val,ok,12991,0.007,
tile_022277,val,ok,13099,0.006,
tile_022278,train,ok,12197,0.006,
tile_022279,train,ok,12703,0.007,
tile_022280,train,ok,9629,0.007,
tile_022281,train,ok,13054,0.007,
tile_022282,train,ok,11925,0.007,
tile_022283,train,ok,12063,0.007,
tile_022284,train,ok,12636,0.006,
tile_022285,test,ok,12569,0.007,
tile_022286,test,ok,10495,0.007,
tile_022287,test,ok,10229,0.008,
tile_022288,test,ok,9743,0.007,
tile_022289,train,ok,12643,0.007,
tile_022290,train,ok,10960,0.006,
tile_022291,train,ok,10281,0.007,
tile_022292,test,ok,11112,0.008,
tile_022293,test,ok,12520,0.007,
tile_022294,test,ok,12625,0.007,
tile_022295,test,ok,8806,0.006,
tile_022296,test,ok,12201,0.007,
tile_022297,val,ok,12589,0.007,
tile_022298,val,ok,12041,0.006,
tile_022299,val,ok,12387,0.007,
tile_022300,train,ok,12882,0.009,
tile_022301,val,ok,10655,0.007,
tile_022302,val,ok,13159,0.007,
tile_022303,val,ok,12110,0.007,
tile_022304,val,ok,12904,0.007,
tile_022305,train,ok,11399,0.007,
tile_022306,train,ok,12604,0.006,
tile_022307,train,ok,11959,0.006,
tile_022308,train,ok,12580,0.006,
tile_022309,test,ok,12303,0.006,
tile_022310,train,ok,12584,0.006,
tile_022311,train,ok,12344,0.006,
tile_022312,train,ok,12968,0.006,
tile_022313,train,ok,12400,0.006,
tile_022314,train,ok,12737,0.006,
tile_022315,train,ok,12535,0.007,
tile_022316,train,ok,12350,0.006,
tile_022317,train,ok,12654,0.007,
tile_022318,test,ok,12637,0.006,
tile_022319,train,ok,12444,0.006,
tile_022320,val,ok,10433,0.006,
tile_022321,val,ok,12217,0.006,
tile_022322,train,ok,12811,0.006,
tile_022323,train,ok,11490,0.006,
tile_022324,train,ok,11819,0.007,
tile_022325,train,ok,11665,0.007,
tile_022326,train,ok,9875,0.007,
tile_022327,train,ok,11547,0.008,
tile_022328,train,ok,10347,0.007,
tile_022329,train,ok,13115,0.007,
tile_022330,train,ok,12130,0.006,
tile_022331,train,ok,12800,0.007,
tile_022332,train,ok,11237,0.008,
tile_022333,train,ok,11241,0.007,
tile_022334,train,ok,12622,0.007,
tile_022335,train,ok,11415,0.006,
tile_022336,train,ok,10776,0.007,
tile_022337,train,ok,11827,0.006,
tile_022338,train,ok,11960,0.006,
tile_022339,train,ok,11725,0.007,
tile_022340,train,ok,12246,0.007,
tile_022341,train,ok,9226,0.006,
tile_022342,train,ok,12523,0.007,
tile_022343,val,ok,12189,0.006,
tile_022344,train,ok,11581,0.008,
tile_022345,train,ok,12195,0.006,
tile_022346,train,ok,12869,0.006,
tile_022347,train,ok,12083,0.006,
tile_022348,train,ok,7655,0.007,
tile_022349,train,ok,10330,0.007,
tile_022350,train,ok,10509,0.007,
tile_022351,test,ok,11898,0.008,
tile_022352,test,ok,11487,0.008,
tile_022353,test,ok,12436,0.008,
tile_022354,train,ok,13061,0.007,
tile_022355,train,ok,10096,0.007,
tile_022356,train,ok,12851,0.009,
tile_022357,test,ok,10735,0.007,
tile_022358,test,ok,10019,0.007,
tile_022359,test,ok,11898,0.007,
tile_022360,test,ok,13076,0.006,
tile_022361,test,ok,12028,0.007,
tile_022362,test,ok,11753,0.007,
tile_022363,test,ok,10358,0.006,
tile_022364,val,ok,13098,0.007,
tile_022365,val,ok,12436,0.006,
tile_022366,val,ok,11542,0.006,
tile_022367,train,ok,12714,0.006,
tile_022368,train,ok,12679,0.006,
tile_022369,train,ok,11821,0.007,
tile_022370,train,ok,12330,0.006,
tile_022371,train,ok,13016,0.006,
tile_022372,train,ok,13121,0.009,
tile_022373,train,ok,12362,0.007,
tile_022374,train,ok,10893,0.007,
tile_022375,train,ok,10768,0.008,
tile_022376,train,ok,12276,0.008,
tile_022377,train,ok,12506,0.007,
tile_022378,train,ok,12325,0.007,
tile_022379,train,ok,12839,0.006,
tile_022380,train,ok,12159,0.007,
tile_022381,val,ok,12388,0.007,
tile_022382,train,ok,11842,0.007,
tile_022383,train,ok,12530,0.007,
tile_022384,train,ok,10965,0.006,
tile_022385,train,ok,11362,0.007,
tile_022386,train,ok,12230,0.006,
tile_022387,train,ok,10665,0.006,
tile_022388,train,ok,10142,0.008,
tile_022389,train,ok,10749,0.006,
tile_022390,train,ok,9453,0.007,
tile_022391,test,ok,12960,0.007,
tile_022392,val,ok,12696,0.006,
tile_022393,train,ok,11901,0.007,
tile_022394,train,ok,12087,0.006,
tile_022395,train,ok,11030,0.007,
tile_022396,train,ok,13002,0.007,
tile_022397,train,ok,12803,0.007,
tile_022398,train,ok,12908,0.007,
tile_022399,train,ok,9698,0.006,
tile_022400,train,ok,12253,0.007,
tile_022401,train,ok,11706,0.006,
tile_022402,train,ok,12136,0.006,
tile_022403,val,ok,11551,0.007,
tile_022404,train,ok,12130,0.007,
tile_022405,train,ok,13025,0.006,
tile_022406,train,ok,11590,0.007,
tile_022407,train,ok,10854,0.007,
tile_022408,train,ok,10394,0.01,
tile_022409,train,ok,12775,0.009,
tile_022410,train,ok,9001,0.011,
tile_022411,train,ok,10327,0.01,
tile_022412,train,ok,9257,0.008,
tile_022413,train,ok,12717,0.009,
tile_022414,train,ok,10198,0.007,
tile_022415,train,ok,12856,0.008,
tile_022416,train,ok,12719,0.007,
tile_022417,train,ok,11240,0.008,
tile_022418,train,ok,12851,0.007,
tile_022419,train,ok,11902,0.008,
tile_022420,train,ok,13104,0.008,
tile_022421,train,ok,13106,0.007,
tile_022422,test,ok,12127,0.006,
tile_022423,test,ok,9290,0.008,
tile_022424,test,ok,10414,0.008,
tile_022425,test,ok,12697,0.009,
tile_022426,test,ok,11870,0.009,
tile_022427,test,ok,10156,0.009,
tile_022428,val,ok,11715,0.008,
tile_022429,val,ok,11930,0.007,
tile_022430,val,ok,9751,0.007,
tile_022431,val,ok,9865,0.008,
tile_022432,train,ok,13083,0.007,
tile_022433,train,ok,12731,0.007,
tile_022434,train,ok,12285,0.008,
tile_022435,train,ok,12407,0.006,
tile_022436,train,ok,12164,0.007,
tile_022437,train,ok,12726,0.007,
tile_022438,train,ok,11955,0.006,
tile_022439,test,ok,12994,0.006,
tile_022440,val,ok,11574,0.007,
tile_022441,val,ok,13017,0.007,
tile_022442,train,ok,12943,0.007,
tile_022443,train,ok,12249,0.006,
tile_022444,train,ok,12166,0.006,
tile_022445,train,ok,12164,0.006,
tile_022446,train,ok,11383,0.006,
tile_022447,train,ok,10220,0.006,
tile_022448,train,ok,12547,0.006,
tile_022449,train,ok,12835,0.006,
tile_022450,test,ok,11932,0.006,
tile_022451,test,ok,12652,0.006,
tile_022452,train,ok,12103,0.006,
tile_022453,train,ok,11918,0.007,
tile_022454,train,ok,12214,0.006,
tile_022455,train,ok,10601,0.006,
tile_022456,train,ok,12792,0.006,
tile_022457,train,ok,13005,0.008,
tile_022458,train,ok,11318,0.006,
tile_022459,train,ok,12308,0.006,
tile_022460,train,ok,7934,0.008,
tile_022461,test,ok,12778,0.007,
tile_022462,train,ok,12536,0.007,
tile_022463,train,ok,11195,0.008,
tile_022464,train,ok,12761,0.006,
tile_022465,train,ok,10393,0.006,
tile_022466,train,ok,12817,0.007,
tile_022467,train,ok,10912,0.006,
tile_022468,train,ok,12131,0.007,
tile_022469,train,ok,12979,0.007,
tile_022470,train,ok,12595,0.007,
tile_022471,train,ok,11865,0.007,
tile_022472,train,ok,11880,0.008,
tile_022473,train,ok,11882,0.008,
tile_022474,train,ok,12848,0.007,
tile_022475,train,ok,9042,0.008,
tile_022476,train,ok,9916,0.007,
tile_022477,train,ok,9649,0.008,
tile_022478,train,ok,12740,0.008,
tile_022479,train,ok,12921,0.008,
tile_022480,train,ok,11408,0.008,
tile_022481,train,ok,10323,0.008,
tile_022482,train,ok,12665,0.007,
tile_022483,test,ok,11856,0.007,
tile_022484,test,ok,10479,0.008,
tile_022485,test,ok,12577,0.007,
tile_022486,test,ok,11086,0.008,
tile_022487,test,ok,11404,0.008,
tile_022488,test,ok,9735,0.007,
tile_022489,test,ok,11821,0.007,
tile_022490,val,ok,10648,0.008,
tile_022491,val,ok,9632,0.006,
tile_022492,val,ok,7637,0.006,
tile_022493,train,ok,13012,0.006,
tile_022494,train,ok,13021,0.006,
tile_022495,val,ok,12724,0.007,
tile_022496,train,ok,13160,0.009,
tile_022497,train,ok,13074,0.01,
tile_022498,train,ok,12866,0.01,
tile_022499,train,ok,12148,0.01,
tile_022500,train,ok,11187,0.009,
tile_022501,train,ok,10513,0.008,
tile_022502,train,ok,11973,0.009,
tile_022503,val,ok,12615,0.009,
tile_022504,val,ok,10556,0.008,
tile_022505,val,ok,10272,0.009,
tile_022506,train,ok,12360,0.008,
tile_022507,train,ok,11373,0.009,
tile_022508,train,ok,11246,0.009,
tile_022509,train,ok,11469,0.009,
tile_022510,train,ok,12538,0.009,
tile_022511,train,ok,12670,0.008,
tile_022512,test,ok,12588,0.008,
tile_022513,test,ok,10620,0.008,
tile_022514,test,ok,11993,0.009,
tile_022515,train,ok,11610,0.009,
tile_022516,val,ok,12298,0.008,
tile_022517,val,ok,13115,0.008,
tile_022518,train,ok,12597,0.008,
tile_022519,train,ok,12804,0.009,
tile_022520,train,ok,12042,0.008,
tile_022521,train,ok,12443,0.009,
tile_022522,train,ok,12189,0.009,
tile_022523,train,ok,9970,0.009,
tile_022524,train,ok,12587,0.009,
tile_022525,train,ok,13002,0.009,
tile_022526,train,ok,12633,0.009,
tile_022527,train,ok,12635,0.009,
tile_022528,train,ok,9726,0.008,
tile_022529,train,ok,12050,0.008,
tile_022530,train,ok,13019,0.009,
tile_022531,train,ok,12086,0.008,
tile_022532,train,ok,12728,0.006,
tile_022533,train,ok,11091,0.008,
tile_022534,train,ok,11054,0.007,
tile_022535,train,ok,10327,0.006,
tile_022536,train,ok,12255,0.006,
tile_022537,val,ok,12487,0.007,
tile_022538,train,ok,12856,0.006,
tile_022539,train,ok,11403,0.006,
tile_022540,train,ok,9974,0.006,
tile_022541,train,ok,9810,0.006,
tile_022542,train,ok,11938,0.006,
tile_022543,train,ok,8850,0.006,
tile_022544,train,ok,10925,0.007,
tile_022545,test,ok,7677,0.006,
tile_022546,train,ok,10790,0.006,
tile_022547,train,ok,12632,0.007,
tile_022548,train,ok,7471,0.007,
tile_022549,train,ok,10687,0.006,
tile_022550,train,ok,11673,0.006,
tile_022551,train,ok,10620,0.006,
tile_022552,train,ok,10345,0.006,
tile_022553,train,ok,10412,0.006,
tile_022554,train,ok,9271,0.006,
tile_022555,train,ok,12886,0.005,
tile_022556,train,ok,12725,0.006,
tile_022557,train,ok,9917,0.006,
tile_022558,train,ok,10115,0.007,
tile_022559,train,ok,10715,0.006,
tile_022560,train,ok,11695,0.006,
tile_022561,train,ok,12100,0.006,
tile_022562,train,ok,10383,0.006,
tile_022563,train,ok,10318,0.006,
tile_022564,train,ok,10867,0.006,
tile_022565,train,ok,11606,0.006,
tile_022566,test,ok,11798,0.006,
tile_022567,train,ok,10580,0.006,
tile_022568,train,ok,12619,0.007,
tile_022569,train,ok,11882,0.007,
tile_022570,train,ok,12640,0.007,
tile_022571,train,ok,11956,0.007,
tile_022572,train,ok,11628,0.007,
tile_022573,train,ok,12536,0.007,
tile_022574,train,ok,12437,0.007,
tile_022575,train,ok,11197,0.007,
tile_022576,train,ok,12425,0.008,
tile_022577,train,ok,12946,0.009,
tile_022578,train,ok,12736,0.008,
tile_022579,train,ok,11560,0.008,
tile_022580,train,ok,12350,0.009,
tile_022581,train,ok,12927,0.013,
tile_022582,train,ok,10652,0.013,
tile_022583,train,ok,12820,0.01,
tile_022584,train,ok,11972,0.009,
tile_022585,train,ok,12249,0.008,
tile_022586,train,ok,12241,0.007,
tile_022587,train,ok,11911,0.01,
tile_022588,train,ok,12156,0.008,
tile_022589,train,ok,12169,0.008,
tile_022590,train,ok,11628,0.008,
tile_022591,train,ok,12988,0.008,
tile_022592,train,ok,10912,0.008,
tile_022593,train,ok,12292,0.008,
tile_022594,train,ok,12700,0.008,
tile_022595,train,ok,11106,0.006,
tile_022596,train,ok,12825,0.007,
tile_022597,train,ok,10617,0.007,
tile_022598,train,ok,9937,0.007,
tile_022599,train,ok,11201,0.007,
tile_022600,train,ok,10468,0.008,
tile_022601,train,ok,11679,0.006,
tile_022602,train,ok,10893,0.006,
tile_022603,train,ok,12254,0.008,
tile_022604,train,ok,11783,0.006,
tile_022605,train,ok,12583,0.006,
tile_022606,train,ok,11661,0.006,
tile_022607,test,ok,11362,0.006,
tile_022608,train,ok,11493,0.006,
tile_022609,val,ok,12819,0.008,
tile_022610,val,ok,10289,0.007,
tile_022611,val,ok,12611,0.007,
tile_022612,val,ok,12524,0.008,
tile_022613,train,ok,12323,0.006,
tile_022614,train,ok,9935,0.006,
tile_022615,train,ok,10847,0.007,
tile_022616,train,ok,12950,0.007,
tile_022617,train,ok,7152,0.007,
tile_022618,train,ok,10108,0.007,
tile_022619,train,ok,12727,0.008,
tile_022620,train,ok,12274,0.008,
tile_022621,train,ok,9988,0.007,
tile_022622,train,ok,11397,0.006,
tile_022623,train,ok,9846,0.008,
tile_022624,train,ok,11770,0.007,
tile_022625,train,ok,13088,0.007,
tile_022626,train,ok,12278,0.007,
tile_022627,train,ok,8539,0.007,
tile_022628,train,ok,11477,0.008,
tile_022629,train,ok,10011,0.008,
tile_022630,train,ok,10132,0.008,
tile_022631,train,ok,10377,0.009,
tile_022632,train,ok,12253,0.008,
tile_022633,train,ok,12097,0.008,
tile_022634,train,ok,11693,0.008,
tile_022635,train,ok,10971,0.006,
tile_022636,train,ok,10023,0.007,
tile_022637,test,ok,11241,0.006,
tile_022638,train,ok,12045,0.006,
tile_022639,train,ok,12580,0.007,
tile_022640,train,ok,11619,0.007,
tile_022641,train,ok,11083,0.006,
tile_022642,train,ok,12831,0.007,
tile_022643,train,ok,13033,0.007,
tile_022644,train,ok,12143,0.007,
tile_022645,train,ok,12387,0.009,
tile_022646,train,ok,13075,0.007,
tile_022647,train,ok,12739,0.008,
tile_022648,train,ok,11135,0.007,
tile_022649,train,ok,10347,0.007,
tile_022650,train,ok,12207,0.006,
tile_022651,train,ok,11192,0.006,
tile_022652,train,ok,12019,0.006,
tile_022653,train,ok,12225,0.006,
tile_022654,train,ok,12376,0.006,
tile_022655,train,ok,11229,0.008,
tile_022656,train,ok,12108,0.007,
tile_022657,train,ok,11635,0.008,
tile_022658,train,ok,11497,0.007,
tile_022659,train,ok,12808,0.008,
tile_022660,train,ok,11180,0.007,
tile_022661,train,ok,10230,0.008,
tile_022662,train,ok,10275,0.007,
tile_022663,train,ok,12074,0.007,
tile_022664,train,ok,12855,0.007,
tile_022665,train,ok,12853,0.006,
tile_022666,train,ok,12864,0.008,
tile_022667,test,ok,11959,0.008,
tile_022668,test,ok,11136,0.008,
tile_022669,train,ok,12573,0.007,
tile_022670,train,ok,11909,0.008,
tile_022671,val,ok,12761,0.007,
tile_022672,train,ok,12905,0.007,
tile_022673,train,ok,9851,0.007,
tile_022674,train,ok,9367,0.007,
tile_022675,train,ok,9505,0.007,
tile_022676,train,ok,13101,0.008,
tile_022677,test,ok,12688,0.008,
tile_022678,train,ok,11939,0.007,
tile_022679,train,ok,10708,0.009,
tile_022680,train,ok,7484,0.009,
tile_022681,train,ok,10057,0.007,
tile_022682,train,ok,11207,0.008,
tile_022683,train,ok,8074,0.008,
tile_022684,train,ok,9614,0.007,
tile_022685,train,ok,10434,0.008,
tile_022686,train,ok,11896,0.007,
tile_022687,train,ok,8071,0.006,
tile_022688,train,ok,12484,0.006,
tile_022689,train,ok,12826,0.006,
tile_022690,train,ok,10713,0.006,
tile_022691,train,ok,10680,0.007,
tile_022692,train,ok,12666,0.006,
tile_022693,train,ok,12921,0.006,
tile_022694,train,ok,12266,0.006,
tile_022695,train,ok,12798,0.006,
tile_022696,train,ok,13064,0.007,
tile_022697,train,ok,12848,0.006,
tile_022698,train,ok,11246,0.006,
tile_022699,train,ok,12040,0.006,
tile_022700,train,ok,11441,0.006,
tile_022701,train,ok,12434,0.006,
tile_022702,train,ok,13116,0.005,
tile_022703,train,ok,10723,0.006,
tile_022704,train,ok,10443,0.007,
tile_022705,train,ok,11321,0.005,
tile_022706,train,ok,12628,0.006,
tile_022707,train,ok,12116,0.007,
tile_022708,train,ok,12252,0.007,
tile_022709,train,ok,10628,0.007,
tile_022710,train,ok,8716,0.007,
tile_022711,train,ok,10216,0.006,
tile_022712,train,ok,8327,0.006,
tile_022713,train,ok,11728,0.006,
tile_022714,train,ok,11045,0.006,
tile_022715,train,ok,12162,0.006,
tile_022716,test,ok,12141,0.006,
tile_022717,test,ok,11349,0.008,
tile_022718,test,ok,12697,0.006,
tile_022719,test,ok,11958,0.006,
tile_022720,train,ok,12217,0.007,
tile_022721,train,ok,12802,0.006,
tile_022722,train,ok,13071,0.007,
tile_022723,train,ok,11576,0.006,
tile_022724,train,ok,13116,0.007,
tile_022725,test,ok,8758,0.009,
tile_022726,train,ok,11850,0.008,
tile_022727,train,ok,11427,0.008,
tile_022728,train,ok,12859,0.098,
tile_022729,train,ok,12323,0.097,
tile_022730,train,ok,8792,0.098,
tile_022731,train,ok,9326,0.095,
tile_022732,train,ok,8435,0.008,
tile_022733,train,ok,10698,0.007,
tile_022734,train,ok,12223,0.007,
tile_022735,train,ok,10019,0.009,
tile_022736,train,ok,12934,0.007,
tile_022737,train,ok,12378,0.008,
tile_022738,train,ok,11714,0.007,
tile_022739,train,ok,11656,0.007,
tile_022740,train,ok,12448,0.008,
tile_022741,train,ok,10619,0.007,
tile_022742,train,ok,10923,0.007,
tile_022743,train,ok,12268,0.008,
tile_022744,train,ok,11329,0.008,
tile_022745,train,ok,11231,0.008,
tile_022746,train,ok,9422,0.008,
tile_022747,train,ok,10394,0.008,
tile_022748,train,ok,12360,0.008,
tile_022749,train,ok,12176,0.007,
tile_022750,train,ok,12906,0.007,
tile_022751,train,ok,11547,0.008,
tile_022752,train,ok,11221,0.007,
tile_022753,test,ok,10310,0.008,
tile_022754,test,ok,9533,0.008,
tile_022755,train,ok,9647,0.008,
tile_022756,train,ok,12413,0.008,
tile_022757,test,ok,11287,0.007,
tile_022758,train,ok,12794,0.007,
tile_022759,train,ok,12554,0.008,
tile_022760,train,ok,12829,0.007,
tile_022761,train,ok,11403,0.007,
tile_022762,train,ok,12189,0.007,
tile_022763,train,ok,9946,0.006,
tile_022764,train,ok,12949,0.006,
tile_022765,train,ok,11578,0.006,
tile_022766,train,ok,12400,0.006,
tile_022767,test,ok,12573,0.006,
tile_022768,train,ok,8874,0.006,
tile_022769,train,ok,9725,0.006,
tile_022770,train,ok,12009,0.006,
tile_022771,train,ok,8626,0.006,
tile_022772,train,ok,7694,0.006,
tile_022773,train,ok,9269,0.006,
tile_022774,train,ok,12976,0.006,
tile_022775,train,ok,12444,0.006,
tile_022776,test,ok,10749,0.006,
tile_022777,val,ok,12823,0.006,
tile_022778,val,ok,12393,0.006,
tile_022779,train,ok,13050,0.005,
tile_022780,test,ok,12029,0.006,
tile_022781,test,ok,12094,0.005,
tile_022782,val,ok,11723,0.005,
tile_022783,train,ok,12984,0.006,
tile_022784,train,ok,12789,0.007,
tile_022785,train,ok,12645,0.007,
tile_022786,train,ok,13014,0.006,
tile_022787,train,ok,12560,0.006,
tile_022788,train,ok,8517,0.006,
tile_022789,train,ok,12277,0.006,
tile_022790,train,ok,11835,0.006,
tile_022791,test,ok,10255,0.006,
tile_022792,test,ok,7977,0.006,
tile_022793,test,ok,9289,0.006,
tile_022794,train,ok,12058,0.006,
tile_022795,test,ok,12664,0.006,
tile_022796,train,ok,12365,0.005,
tile_022797,train,ok,12932,0.005,
tile_022798,val,ok,12367,0.005,
tile_022799,train,ok,12626,0.006,
tile_022800,train,ok,11660,0.005,
tile_022801,train,ok,11884,0.006,
tile_022802,train,ok,11212,0.005,
tile_022803,train,ok,8416,0.005,
tile_022804,train,ok,11546,0.006,
tile_022805,train,ok,10346,0.006,
tile_022806,train,ok,9877,0.006,
tile_022807,train,ok,10533,0.006,
tile_022808,test,ok,12596,0.006,
tile_022809,train,ok,12347,0.006,
tile_022810,train,ok,8496,0.006,
tile_022811,train,ok,12893,0.006,
tile_022812,train,ok,8489,0.006,
tile_022813,train,ok,6743,0.006,
tile_022814,train,ok,8813,0.006,
tile_022815,train,ok,11257,0.005,
tile_022816,train,ok,11603,0.006,
tile_022817,train,ok,13058,0.006,
tile_022818,train,ok,8454,0.005,
tile_022819,train,ok,6972,0.006,
tile_022820,train,ok,12428,0.006,
tile_022821,test,ok,11896,0.006,
tile_022822,test,ok,12261,0.006,
tile_022823,val,ok,13034,0.005,
tile_022824,train,ok,11443,0.006,
tile_022825,train,ok,12115,0.006,
tile_022826,train,ok,12852,0.006,
tile_022827,train,ok,11260,0.006,
tile_022828,train,ok,11612,0.006,
tile_022829,train,ok,12636,0.006,
tile_022830,train,ok,13030,0.006,
tile_022831,train,ok,11081,0.006,
tile_022832,test,ok,12929,0.006,
tile_022833,test,ok,11876,0.006,
tile_022834,val,ok,13159,0.006,
tile_022835,val,ok,11896,0.006,
tile_022836,val,ok,10427,0.006,
tile_022837,train,ok,11253,0.006,
tile_022838,train,ok,13010,0.006,
tile_022839,train,ok,12684,0.006,
tile_022840,train,ok,12085,0.006,
tile_022841,train,ok,11918,0.007,
tile_022842,train,ok,10687,0.007,
tile_022843,train,ok,12971,0.008,
tile_022844,train,ok,9129,0.007,
tile_022845,train,ok,11862,0.007,
tile_022846,train,ok,12565,0.007,
tile_022847,train,ok,12357,0.006,
tile_022848,train,ok,11160,0.006,
tile_022849,train,ok,12254,0.007,
tile_022850,test,ok,10877,0.007,
tile_022851,test,ok,10087,0.007,
tile_022852,test,ok,9842,0.007,
tile_022853,train,ok,11634,0.007,
tile_022854,train,ok,10168,0.006,
tile_022855,train,ok,12116,0.007,
tile_022856,train,ok,13127,0.006,
tile_022857,train,ok,11592,0.008,
tile_022858,train,ok,11064,0.007,
tile_022859,train,ok,9859,0.006,
tile_022860,train,ok,9202,0.009,
tile_022861,val,ok,10730,0.007,
tile_022862,train,ok,12953,0.007,
tile_022863,train,ok,10677,0.007,
tile_022864,train,ok,12509,0.006,
tile_022865,train,ok,12697,0.006,
tile_022866,train,ok,11180,0.007,
tile_022867,train,ok,12901,0.007,
tile_022868,train,ok,12935,0.006,
tile_022869,test,ok,10000,0.007,
tile_022870,train,ok,10658,0.006,
tile_022871,train,ok,11160,0.006,
tile_022872,train,ok,7386,0.006,
tile_022873,train,ok,11337,0.007,
tile_022874,train,ok,11624,0.006,
tile_022875,train,ok,12885,0.006,
tile_022876,train,ok,11463,0.007,
tile_022877,train,ok,9123,0.007,
tile_022878,train,ok,9343,0.008,
tile_022879,train,ok,10435,0.007,
tile_022880,train,ok,12497,0.008,
tile_022881,test,ok,12338,0.008,
tile_022882,train,ok,12330,0.007,
tile_022883,train,ok,12406,0.007,
tile_022884,train,ok,12035,0.006,
tile_022885,train,ok,12869,0.007,
tile_022886,train,ok,11051,0.007,
tile_022887,train,ok,10444,0.007,
tile_022888,train,ok,11519,0.008,
tile_022889,train,ok,11085,0.008,
tile_022890,test,ok,12502,0.007,
tile_022891,test,ok,12361,0.008,
tile_022892,train,ok,11612,0.008,
tile_022893,train,ok,10405,0.007,
tile_022894,train,ok,11806,0.008,
tile_022895,test,ok,13158,0.009,
tile_022896,test,ok,12907,0.006,
tile_022897,test,ok,12055,0.006,
tile_022898,test,ok,10158,0.008,
tile_022899,val,ok,10786,0.007,
tile_022900,val,ok,10625,0.008,
tile_022901,val,ok,11935,0.007,
tile_022902,train,ok,12398,0.009,
tile_022903,train,ok,12863,0.009,
tile_022904,train,ok,13025,0.007,
tile_022905,test,ok,12689,0.006,
tile_022906,train,ok,13002,0.008,
tile_022907,train,ok,10040,0.008,
tile_022908,test,ok,10744,0.007,
tile_022909,test,ok,9919,0.008,
tile_022910,test,ok,9587,0.007,
tile_022911,train,ok,11349,0.007,
tile_022912,train,ok,9679,0.007,
tile_022913,train,ok,10026,0.006,
tile_022914,val,ok,8726,0.007,
tile_022915,val,ok,12210,0.006,
tile_022916,train,ok,13041,0.007,
tile_022917,train,ok,11737,0.006,
tile_022918,train,ok,11099,0.007,
tile_022919,train,ok,11716,0.007,
tile_022920,train,ok,12699,0.006,
tile_022921,train,ok,11746,0.006,
tile_022922,test,ok,12163,0.006,
tile_022923,train,ok,13038,0.008,
tile_022924,train,ok,11826,0.007,
tile_022925,train,ok,11533,0.006,
tile_022926,train,ok,9876,0.007,
tile_022927,train,ok,7481,0.007,
tile_022928,train,ok,9811,0.007,
tile_022929,train,ok,10091,0.006,
tile_022930,train,ok,8060,0.007,
tile_022931,train,ok,9732,0.006,
tile_022932,train,ok,8725,0.006,
tile_022933,train,ok,12177,0.007,
tile_022934,train,ok,10584,0.006,
tile_022935,train,ok,12756,0.006,
tile_022936,train,ok,10268,0.006,
tile_022937,test,ok,11524,0.006,
tile_022938,test,ok,11580,0.008,
tile_022939,test,ok,12689,0.008,
tile_022940,train,ok,12157,0.008,
tile_022941,train,ok,13104,0.008,
tile_022942,train,ok,11800,0.006,
tile_022943,train,ok,11142,0.006,
tile_022944,train,ok,9978,0.006,
tile_022945,train,ok,9603,0.006,
tile_022946,train,ok,12623,0.007,
tile_022947,train,ok,12425,0.007,
tile_022948,train,ok,10328,0.006,
tile_022949,test,ok,12624,0.007,
tile_022950,test,ok,12105,0.007,
tile_022951,test,ok,10731,0.007,
tile_022952,test,ok,11935,0.007,
tile_022953,train,ok,12036,0.007,
tile_022954,train,ok,11783,0.007,
tile_022955,test,ok,12302,0.007,
tile_022956,test,ok,8927,0.007,
tile_022957,val,ok,11702,0.007,
tile_022958,train,ok,13012,0.007,
tile_022959,train,ok,11419,0.007,
tile_022960,train,ok,9556,0.006,
tile_022961,train,ok,10767,0.006,
tile_022962,train,ok,10721,0.006,
tile_022963,train,ok,12639,0.006,
tile_022964,train,ok,13007,0.007,
tile_022965,train,ok,12949,0.006,
tile_022966,train,ok,11222,0.006,
tile_022967,val,ok,10658,0.007,
tile_022968,val,ok,11888,0.007,
tile_022969,train,ok,11226,0.007,
tile_022970,train,ok,12991,0.006,
tile_022971,train,ok,11731,0.006,
tile_022972,val,ok,11975,0.007,
tile_022973,test,ok,12739,0.006,
tile_022974,test,ok,11145,0.007,
tile_022975,test,ok,11932,0.007,
tile_022976,train,ok,9772,0.007,
tile_022977,train,ok,12901,0.006,
tile_022978,train,ok,9611,0.007,
tile_022979,test,ok,7602,0.007,
tile_022980,test,ok,9080,0.007,
tile_022981,test,ok,9659,0.007,
tile_022982,test,ok,11328,0.007,
tile_022983,test,ok,8542,0.007,
tile_022984,test,ok,12773,0.007,
tile_022985,train,ok,9937,0.006,
tile_022986,train,ok,9948,0.007,
tile_022987,train,ok,9902,0.007,
tile_022988,train,ok,10013,0.007,
tile_022989,train,ok,12381,0.007,
tile_022990,train,ok,11006,0.006,
tile_022991,train,ok,8707,0.008,
tile_022992,train,ok,9155,0.008,
tile_022993,val,ok,11700,0.006,
tile_022994,train,ok,11985,0.007,
tile_022995,train,ok,12999,0.007,
tile_022996,train,ok,12304,0.008,
tile_022997,train,ok,12456,0.008,
tile_022998,train,ok,12341,0.007,
tile_022999,train,ok,11372,0.008,
tile_023000,train,ok,10984,0.006,
tile_023001,train,ok,10960,0.006,
tile_023002,train,ok,11696,0.006,
tile_023003,train,ok,11788,0.006,
tile_023004,train,ok,12278,0.007,
tile_023005,train,ok,12051,0.007,
tile_023006,train,ok,11716,0.006,
tile_023007,train,ok,10336,0.007,
tile_023008,train,ok,11646,0.007,
tile_023009,train,ok,11585,0.006,
tile_023010,train,ok,11949,0.006,
tile_023011,train,ok,12292,0.008,
tile_023012,train,ok,10514,0.007,
tile_023013,train,ok,11399,0.006,
tile_023014,train,ok,12042,0.006,
tile_023015,train,ok,12117,0.006,
tile_023016,train,ok,11671,0.006,
tile_023017,train,ok,12321,0.006,
tile_023018,train,ok,11145,0.006,
tile_023019,val,ok,11774,0.006,
tile_023020,train,ok,12613,0.006,
tile_023021,train,ok,8275,0.006,
tile_023022,train,ok,9228,0.005,
tile_023023,train,ok,12890,0.006,
tile_023024,train,ok,12414,0.006,
tile_023025,train,ok,12642,0.006,
tile_023026,test,ok,12172,0.007,
tile_023027,test,ok,11570,0.009,
tile_023028,train,ok,7962,0.008,
tile_023029,train,ok,11653,0.008,
tile_023030,train,ok,10241,0.008,
tile_023031,test,ok,8627,0.007,
tile_023032,test,ok,9969,0.008,
tile_023033,test,ok,10069,0.008,
tile_023034,test,ok,8415,0.007,
tile_023035,test,ok,13084,0.008,
tile_023036,test,ok,11960,0.008,
tile_023037,test,ok,10826,0.008,
tile_023038,test,ok,12681,0.007,
tile_023039,train,ok,12970,0.008,
tile_023040,train,ok,9575,0.007,
tile_023041,train,ok,12264,0.008,
tile_023042,train,ok,7469,0.008,
tile_023043,train,ok,10975,0.008,
tile_023044,train,ok,9976,0.008,
tile_023045,val,ok,12326,0.008,
tile_023046,val,ok,12052,0.008,
tile_023047,train,ok,12694,0.008,
tile_023048,train,ok,13136,0.008,
tile_023049,train,ok,12381,0.008,
tile_023050,train,ok,12485,0.008,
tile_023051,train,ok,12197,0.007,
tile_023052,train,ok,11200,0.008,
tile_023053,train,ok,10676,0.008,
tile_023054,train,ok,11503,0.009,
tile_023055,train,ok,11546,0.008,
tile_023056,train,ok,10435,0.008,
tile_023057,train,ok,12250,0.008,
tile_023058,train,ok,12018,0.008,
tile_023059,train,ok,10174,0.007,
tile_023060,train,ok,11628,0.008,
tile_023061,train,ok,10561,0.008,
tile_023062,train,ok,12178,0.009,
tile_023063,train,ok,11930,0.009,
tile_023064,train,ok,10068,0.007,
tile_023065,train,ok,12419,0.007,
tile_023066,train,ok,12454,0.006,
tile_023067,train,ok,12787,0.006,
tile_023068,train,ok,11187,0.005,
tile_023069,train,ok,12450,0.006,
tile_023070,test,ok,11384,0.007,
tile_023071,train,ok,12342,0.007,
tile_023072,train,ok,12861,0.007,
tile_023073,train,ok,12497,0.006,
tile_023074,train,ok,12753,0.008,
tile_023075,train,ok,12774,0.008,
tile_023076,train,ok,12805,0.007,
tile_023077,train,ok,12406,0.007,
tile_023078,train,ok,10552,0.007,
tile_023079,train,ok,12287,0.006,
tile_023080,train,ok,12558,0.007,
tile_023081,train,ok,12970,0.009,
tile_023082,train,ok,12731,0.007,
tile_023083,test,ok,11560,0.006,
tile_023084,test,ok,10739,0.006,
tile_023085,train,ok,9602,0.008,
tile_023086,train,ok,12904,0.007,
tile_023087,test,ok,11780,0.006,
tile_023088,test,ok,11554,0.007,
tile_023089,test,ok,7782,0.006,
tile_023090,test,ok,8157,0.007,
tile_023091,test,ok,12118,0.007,
tile_023092,test,ok,8497,0.007,
tile_023093,train,ok,12244,0.007,
tile_023094,train,ok,9613,0.007,
tile_023095,train,ok,8929,0.006,
tile_023096,train,ok,9865,0.006,
tile_023097,train,ok,13092,0.006,
tile_023098,train,ok,12539,0.006,
tile_023099,val,ok,10053,0.006,
tile_023100,val,ok,10478,0.005,
tile_023101,val,ok,10472,0.006,
tile_023102,val,ok,13018,0.006,
tile_023103,train,ok,12080,0.006,
tile_023104,train,ok,12323,0.006,
tile_023105,val,ok,12606,0.007,
tile_023106,train,ok,11282,0.006,
tile_023107,train,ok,11558,0.006,
tile_023108,train,ok,10729,0.008,
tile_023109,train,ok,12304,0.006,
tile_023110,train,ok,12800,0.006,
tile_023111,train,ok,12917,0.006,
tile_023112,train,ok,12263,0.006,
tile_023113,train,ok,10836,0.007,
tile_023114,train,ok,11961,0.007,
tile_023115,train,ok,11617,0.007,
tile_023116,train,ok,10458,0.006,
tile_023117,train,ok,11304,0.006,
tile_023118,train,ok,12385,0.006,
tile_023119,train,ok,11763,0.006,
tile_023120,train,ok,11628,0.005,
tile_023121,train,ok,11804,0.005,
tile_023122,train,ok,13117,0.006,
tile_023123,train,ok,12000,0.006,
tile_023124,train,ok,11666,0.006,
tile_023125,train,ok,12605,0.005,
tile_023126,train,ok,12862,0.006,
tile_023127,train,ok,12880,0.006,
tile_023128,train,ok,13070,0.006,
tile_023129,train,ok,11037,0.006,
tile_023130,train,ok,13071,0.007,
tile_023131,train,ok,12000,0.006,
tile_023132,train,ok,12012,0.006,
tile_023133,train,ok,11990,0.007,
tile_023134,train,ok,9791,0.006,
tile_023135,val,ok,11274,0.006,
tile_023136,train,ok,10394,0.006,
tile_023137,train,ok,12503,0.006,
tile_023138,train,ok,9748,0.005,
tile_023139,train,ok,9891,0.005,
tile_023140,train,ok,12710,0.006,
tile_023141,test,ok,12366,0.006,
tile_023142,test,ok,11566,0.007,
tile_023143,train,ok,12143,0.006,
tile_023144,train,ok,11126,0.006,
tile_023145,test,ok,11693,0.006,
tile_023146,test,ok,11945,0.007,
tile_023147,test,ok,11303,0.007,
tile_023148,test,ok,10167,0.007,
tile_023149,train,ok,10042,0.006,
tile_023150,train,ok,11782,0.006,
tile_023151,train,ok,10433,0.006,
tile_023152,train,ok,8165,0.006,
tile_023153,train,ok,7716,0.006,
tile_023154,train,ok,10523,0.006,
tile_023155,train,ok,11038,0.007,
tile_023156,train,ok,7972,0.007,
tile_023157,val,ok,10955,0.005,
tile_023158,val,ok,9977,0.006,
tile_023159,val,ok,10632,0.007,
tile_023160,val,ok,11033,0.007,
tile_023161,train,ok,12709,0.006,
tile_023162,train,ok,12156,0.007,
tile_023163,val,ok,12974,0.006,
tile_023164,train,ok,11024,0.006,
tile_023165,train,ok,9507,0.006,
tile_023166,train,ok,10948,0.008,
tile_023167,train,ok,12195,0.006,
tile_023168,train,ok,12410,0.006,
tile_023169,train,ok,12115,0.007,
tile_023170,train,ok,12841,0.006,
tile_023171,train,ok,12502,0.006,
tile_023172,train,ok,12173,0.006,
tile_023173,train,ok,11300,0.006,
tile_023174,train,ok,10840,0.008,
tile_023175,train,ok,12063,0.007,
tile_023176,train,ok,12656,0.007,
tile_023177,train,ok,12418,0.007,
tile_023178,train,ok,11542,0.006,
tile_023179,train,ok,12780,0.006,
tile_023180,test,ok,12955,0.007,
tile_023181,test,ok,12921,0.005,
tile_023182,train,ok,13025,0.007,
tile_023183,train,ok,12741,0.007,
tile_023184,train,ok,11644,0.006,
tile_023185,train,ok,12576,0.006,
tile_023186,train,ok,12563,0.006,
tile_023187,train,ok,13001,0.006,
tile_023188,train,ok,12778,0.006,
tile_023189,train,ok,12582,0.006,
tile_023190,train,ok,12840,0.006,
tile_023191,train,ok,10526,0.006,
tile_023192,train,ok,9975,0.006,
tile_023193,train,ok,10412,0.006,
tile_023194,train,ok,11036,0.006,
tile_023195,train,ok,9533,0.006,
tile_023196,test,ok,10579,0.006,
tile_023197,test,ok,10739,0.006,
tile_023198,test,ok,11779,0.006,
tile_023199,test,ok,12018,0.006,
tile_023200,train,ok,11698,0.006,
tile_023201,train,ok,11740,0.005,
tile_023202,train,ok,12688,0.007,
tile_023203,train,ok,12312,0.006,
tile_023204,train,ok,9240,0.006,
tile_023205,train,ok,11247,0.006,
tile_023206,train,ok,12430,0.008,
tile_023207,train,ok,12624,0.008,
tile_023208,train,ok,10197,0.008,
tile_023209,train,ok,11640,0.008,
tile_023210,train,ok,11476,0.006,
tile_023211,train,ok,11758,0.006,
tile_023212,train,ok,12052,0.006,
tile_023213,train,ok,11547,0.006,
tile_023214,train,ok,13002,0.006,
tile_023215,train,ok,12763,0.006,
tile_023216,train,ok,12894,0.007,
tile_023217,train,ok,12706,0.006,
tile_023218,train,ok,11359,0.006,
tile_023219,train,ok,10441,0.007,
tile_023220,train,ok,12842,0.006,
tile_023221,train,ok,12109,0.006,
tile_023222,test,ok,12893,0.006,
tile_023223,test,ok,9929,0.006,
tile_023224,train,ok,11177,0.007,
tile_023225,train,ok,12718,0.006,
tile_023226,train,ok,11594,0.006,
tile_023227,train,ok,8652,0.007,
tile_023228,train,ok,12339,0.007,
tile_023229,train,ok,12934,0.006,
tile_023230,train,ok,12980,0.007,
tile_023231,train,ok,12278,0.007,
tile_023232,train,ok,11233,0.007,
tile_023233,train,ok,12443,0.006,
tile_023234,train,ok,12443,0.008,
tile_023235,train,ok,11568,0.008,
tile_023236,train,ok,12959,0.007,
tile_023237,train,ok,12119,0.007,
tile_023238,test,ok,11954,0.005,
tile_023239,test,ok,12484,0.006,
tile_023240,test,ok,9931,0.006,
tile_023241,test,ok,10429,0.006,
tile_023242,test,ok,13043,0.006,
tile_023243,train,ok,9400,0.006,
tile_023244,train,ok,10649,0.006,
tile_023245,train,ok,12336,0.006,
tile_023246,train,ok,11348,0.006,
tile_023247,train,ok,8936,0.007,
tile_023248,train,ok,10130,0.007,
tile_023249,train,ok,12698,0.008,
tile_023250,train,ok,12253,0.006,
tile_023251,train,ok,11768,0.006,
tile_023252,train,ok,12296,0.006,
tile_023253,train,ok,12956,0.006,
tile_023254,train,ok,12970,0.007,
tile_023255,train,ok,10713,0.006,
tile_023256,train,ok,12666,0.007,
tile_023257,train,ok,11335,0.007,
tile_023258,train,ok,11937,0.007,
tile_023259,train,ok,12173,0.006,
tile_023260,val,ok,11337,0.007,
tile_023261,train,ok,12096,0.007,
tile_023262,train,ok,12665,0.008,
tile_023263,train,ok,11100,0.008,
tile_023264,train,ok,12523,0.008,
tile_023265,train,ok,12614,0.007,
tile_023266,train,ok,11990,0.007,
tile_023267,train,ok,12702,0.007,
tile_023268,train,ok,12277,0.006,
tile_023269,train,ok,12961,0.007,
tile_023270,train,ok,12521,0.007,
tile_023271,train,ok,12044,0.006,
tile_023272,train,ok,13097,0.007,
tile_023273,train,ok,13051,0.007,
tile_023274,train,ok,11912,0.008,
tile_023275,val,ok,11534,0.007,
tile_023276,train,ok,10546,0.008,
tile_023277,train,ok,12003,0.006,
tile_023278,train,ok,11047,0.007,
tile_023279,train,ok,12031,0.007,
tile_023280,train,ok,11301,0.006,
tile_023281,train,ok,13094,0.007,
tile_023282,train,ok,11797,0.008,
tile_023283,train,ok,12681,0.008,
tile_023284,train,ok,12973,0.008,
tile_023285,test,ok,12092,0.008,
tile_023286,test,ok,11535,0.007,
tile_023287,train,ok,6863,0.007,
tile_023288,train,ok,10181,0.006,
tile_023289,train,ok,11158,0.006,
tile_023290,train,ok,12827,0.007,
tile_023291,train,ok,12361,0.006,
tile_023292,train,ok,11732,0.007,
tile_023293,train,ok,9721,0.006,
tile_023294,train,ok,10965,0.006,
tile_023295,train,ok,10265,0.006,
tile_023296,train,ok,11955,0.006,
tile_023297,train,ok,11376,0.006,
tile_023298,train,ok,11933,0.006,
tile_023299,val,ok,12799,0.006,
tile_023300,train,ok,11630,0.006,
tile_023301,val,ok,12883,0.006,
tile_023302,train,ok,12333,0.006,
tile_023303,train,ok,12222,0.006,
tile_023304,train,ok,12721,0.006,
tile_023305,val,ok,12728,0.006,
tile_023306,train,ok,12938,0.007,
tile_023307,train,ok,12134,0.008,
tile_023308,train,ok,13018,0.007,
tile_023309,train,ok,10290,0.007,
tile_023310,train,ok,11626,0.006,
tile_023311,train,ok,12379,0.006,
tile_023312,train,ok,10060,0.007,
tile_023313,train,ok,11799,0.008,
tile_023314,train,ok,11235,0.006,
tile_023315,train,ok,12117,0.006,
tile_023316,train,ok,12528,0.007,
tile_023317,train,ok,11775,0.006,
tile_023318,train,ok,11697,0.006,
tile_023319,train,ok,13007,0.006,
tile_023320,train,ok,12337,0.007,
tile_023321,train,ok,11316,0.006,
tile_023322,train,ok,11369,0.008,
tile_023323,train,ok,13078,0.009,
tile_023324,train,ok,10710,0.009,
tile_023325,train,ok,12832,0.008,
tile_023326,train,ok,12945,0.007,
tile_023327,train,ok,11871,0.008,
tile_023328,test,ok,11753,0.008,
tile_023329,test,ok,11884,0.008,
tile_023330,test,ok,10324,0.008,
tile_023331,train,ok,12349,0.009,
tile_023332,train,ok,12986,0.009,
tile_023333,train,ok,12091,0.009,
tile_023334,train,ok,10926,0.011,
tile_023335,train,ok,13017,0.01,
tile_023336,train,ok,8507,0.009,
tile_023337,train,ok,9256,0.009,
tile_023338,train,ok,10313,0.009,
tile_023339,train,ok,7158,0.008,
tile_023340,train,ok,9706,0.009,
tile_023341,train,ok,9235,0.008,
tile_023342,train,ok,10201,0.009,
tile_023343,train,ok,12578,0.008,
tile_023344,train,ok,7173,0.008,
tile_023345,train,ok,9390,0.008,
tile_023346,train,ok,11652,0.013,
tile_023347,train,ok,12564,0.013,
tile_023348,train,ok,11657,0.013,
tile_023349,train,ok,11313,0.012,
tile_023350,train,ok,11738,0.008,
tile_023351,test,ok,12514,0.007,
tile_023352,train,ok,10360,0.008,
tile_023353,train,ok,12736,0.008,
tile_023354,train,ok,12765,0.007,
tile_023355,train,ok,12050,0.007,
tile_023356,train,ok,9262,0.007,
tile_023357,train,ok,12606,0.007,
tile_023358,test,ok,10160,0.006,
tile_023359,train,ok,10076,0.006,
tile_023360,train,ok,9926,0.006,
tile_023361,train,ok,9513,0.006,
tile_023362,train,ok,11907,0.006,
tile_023363,train,ok,11729,0.006,
tile_023364,val,ok,12865,0.006,
tile_023365,val,ok,10685,0.005,
tile_023366,val,ok,10828,0.006,
tile_023367,val,ok,11352,0.006,
tile_023368,train,ok,11447,0.006,
tile_023369,train,ok,10568,0.006,
tile_023370,train,ok,11059,0.006,
tile_023371,train,ok,12273,0.006,
tile_023372,train,ok,11256,0.006,
tile_023373,train,ok,12996,0.006,
tile_023374,train,ok,9124,0.006,
tile_023375,train,ok,10024,0.007,
tile_023376,train,ok,10604,0.006,
tile_023377,train,ok,11130,0.007,
tile_023378,train,ok,11889,0.007,
tile_023379,train,ok,12752,0.007,
tile_023380,train,ok,10992,0.007,
tile_023381,train,ok,12089,0.007,
tile_023382,train,ok,12461,0.007,
tile_023383,train,ok,10841,0.007,
tile_023384,train,ok,11678,0.006,
tile_023385,train,ok,9184,0.006,
tile_023386,train,ok,11295,0.007,
tile_023387,train,ok,10860,0.009,
tile_023388,val,ok,13097,0.009,
tile_023389,train,ok,12954,0.009,
tile_023390,train,ok,10089,0.009,
tile_023391,train,ok,10642,0.007,
tile_023392,train,ok,8956,0.008,
tile_023393,train,ok,10228,0.007,
tile_023394,train,ok,10367,0.009,
tile_023395,train,ok,9260,0.007,
tile_023396,train,ok,6441,0.008,
tile_023397,train,ok,12508,0.007,
tile_023398,train,ok,12047,0.008,
tile_023399,train,ok,9802,0.007,
tile_023400,train,ok,10089,0.008,
tile_023401,train,ok,11442,0.008,
tile_023402,val,ok,11810,0.007,
tile_023403,val,ok,10657,0.006,
tile_023404,val,ok,10739,0.007,
tile_023405,val,ok,12605,0.008,
tile_023406,train,ok,7922,0.009,
tile_023407,train,ok,11030,0.008,
tile_023408,train,ok,10914,0.009,
tile_023409,train,ok,13077,0.01,
tile_023410,val,ok,10838,0.01,
tile_023411,val,ok,9159,0.009,
tile_023412,train,ok,9414,0.01,
tile_023413,train,ok,12515,0.011,
tile_023414,train,ok,11484,0.01,
tile_023415,train,ok,12766,0.01,
tile_023416,train,ok,11171,0.01,
tile_023417,train,ok,9813,0.01,
tile_023418,train,ok,7962,0.01,
tile_023419,train,ok,8254,0.008,
tile_023420,train,ok,12236,0.009,
tile_023421,train,ok,12786,0.01,
tile_023422,train,ok,11021,0.008,
tile_023423,train,ok,10000,0.008,
tile_023424,val,ok,13115,0.01,
tile_023425,train,ok,12132,0.008,
tile_023426,train,ok,9035,0.008,
tile_023427,train,ok,10655,0.007,
tile_023428,train,ok,10362,0.007,
tile_023429,train,ok,9131,0.007,
tile_023430,val,ok,12064,0.009,
tile_023431,train,ok,12739,0.008,
tile_023432,train,ok,11218,0.01,
tile_023433,train,ok,13128,0.008,
tile_023434,train,ok,13098,0.008,
tile_023435,train,ok,12233,0.006,
tile_023436,train,ok,11478,0.009,
tile_023437,train,ok,9019,0.008,
tile_023438,train,ok,9092,0.007,
tile_023439,train,ok,10132,0.01,
tile_023440,train,ok,11581,0.008,
tile_023441,train,ok,10649,0.007,
tile_023442,train,ok,12361,0.008,
tile_023443,train,ok,12251,0.007,
tile_023444,train,ok,12305,0.007,
tile_023445,train,ok,11411,0.008,
tile_023446,val,ok,11191,0.007,
tile_023447,train,ok,9531,0.007,
tile_023448,train,ok,12978,0.007,
tile_023449,train,ok,11787,0.007,
tile_023450,train,ok,12535,0.006,
tile_023451,train,ok,13072,0.007,
tile_023452,val,ok,11717,0.006,
tile_023453,val,ok,12351,0.006,
tile_023454,train,ok,11815,0.006,
tile_023455,train,ok,12852,0.006,
tile_023456,val,ok,13131,0.007,
tile_023457,val,ok,10489,0.007,
tile_023458,train,ok,9073,0.006,
tile_023459,train,ok,12545,0.007,
tile_023460,train,ok,12861,0.007,
tile_023461,train,ok,12569,0.006,
tile_023462,train,ok,10360,0.006,
tile_023463,train,ok,9967,0.006,
tile_023464,train,ok,8640,0.005,
tile_023465,train,ok,9525,0.005,
tile_023466,train,ok,12671,0.006,
tile_023467,train,ok,12546,0.006,
tile_023468,train,ok,11598,0.006,
tile_023469,train,ok,12035,0.006,
tile_023470,val,ok,12346,0.006,
tile_023471,val,ok,9674,0.006,
tile_023472,val,ok,11912,0.006,
tile_023473,train,ok,11234,0.006,
tile_023474,train,ok,12252,0.006,
tile_023475,train,ok,11094,0.006,
tile_023476,train,ok,8866,0.007,
tile_023477,train,ok,12114,0.006,
tile_023478,train,ok,12337,0.006,
tile_023479,test,ok,12956,0.005,
tile_023480,test,ok,12234,0.005,
tile_023481,test,ok,13022,0.006,
tile_023482,train,ok,12432,0.006,
tile_023483,train,ok,11367,0.006,
tile_023484,train,ok,10401,0.006,
tile_023485,train,ok,8484,0.006,
tile_023486,train,ok,10231,0.006,
tile_023487,train,ok,12020,0.006,
tile_023488,train,ok,11500,0.006,
tile_023489,train,ok,9819,0.006,
tile_023490,train,ok,13057,0.006,
tile_023491,train,ok,10072,0.006,
tile_023492,train,ok,11673,0.005,
tile_023493,train,ok,11790,0.006,
tile_023494,train,ok,11731,0.005,
tile_023495,train,ok,11438,0.006,
tile_023496,train,ok,11805,0.005,
tile_023497,test,ok,11344,0.006,
tile_023498,train,ok,11435,0.005,
tile_023499,train,ok,11580,0.005,
tile_023500,train,ok,11645,0.006,
tile_023501,train,ok,12813,0.006,
tile_023502,train,ok,11217,0.006,
tile_023503,train,ok,9446,0.006,
tile_023504,train,ok,13074,0.006,
tile_023505,train,ok,11203,0.006,
tile_023506,val,ok,12134,0.006,
tile_023507,val,ok,9819,0.006,
tile_023508,val,ok,10433,0.005,
tile_023509,train,ok,11223,0.005,
tile_023510,train,ok,8565,0.007,
tile_023511,train,ok,12125,0.008,
tile_023512,train,ok,9369,0.008,
tile_023513,train,ok,10435,0.008,
tile_023514,train,ok,11866,0.007,
tile_023515,train,ok,12025,0.006,
tile_023516,train,ok,12712,0.006,
tile_023517,train,ok,12085,0.006,
tile_023518,test,ok,12450,0.006,
tile_023519,train,ok,12281,0.007,
tile_023520,train,ok,11107,0.006,
tile_023521,train,ok,12981,0.006,
tile_023522,train,ok,11951,0.006,
tile_023523,train,ok,10683,0.006,
tile_023524,train,ok,11702,0.007,
tile_023525,train,ok,10370,0.006,
tile_023526,train,ok,9814,0.005,
tile_023527,train,ok,12951,0.006,
tile_023528,train,ok,11284,0.006,
tile_023529,train,ok,12889,0.007,
tile_023530,train,ok,13028,0.006,
tile_023531,test,ok,12843,0.006,
tile_023532,train,ok,12978,0.006,
tile_023533,train,ok,9025,0.006,
tile_023534,train,ok,12532,0.007,
tile_023535,train,ok,12590,0.007,
tile_023536,train,ok,10100,0.006,
tile_023537,train,ok,11437,0.006,
tile_023538,train,ok,11993,0.006,
tile_023539,train,ok,12815,0.006,
tile_023540,train,ok,11942,0.006,
tile_023541,test,ok,12309,0.006,
tile_023542,test,ok,13087,0.006,
tile_023543,test,ok,11393,0.007,
tile_023544,test,ok,12835,0.007,
tile_023545,test,ok,11568,0.007,
tile_023546,train,ok,12948,0.008,
tile_023547,train,ok,11364,0.01,
tile_023548,train,ok,12131,0.008,
tile_023549,train,ok,10029,0.01,
tile_023550,train,ok,12239,0.012,
tile_023551,train,ok,9395,0.012,
tile_023552,train,ok,11598,0.01,
tile_023553,train,ok,10380,0.01,
tile_023554,train,ok,12272,0.009,
tile_023555,train,ok,12119,0.01,
tile_023556,train,ok,12205,0.009,
tile_023557,train,ok,12890,0.01,
tile_023558,test,ok,12799,0.011,
tile_023559,test,ok,9293,0.011,
tile_023560,test,ok,10687,0.012,
tile_023561,test,ok,12361,0.01,
tile_023562,train,ok,9707,0.01,
tile_023563,train,ok,10444,0.009,
tile_023564,train,ok,12273,0.008,
tile_023565,train,ok,9945,0.009,
tile_023566,train,ok,11234,0.009,
tile_023567,train,ok,11971,0.009,
tile_023568,val,ok,12652,0.009,
tile_023569,train,ok,10121,0.008,
tile_023570,train,ok,11163,0.007,
tile_023571,train,ok,10492,0.009,
tile_023572,train,ok,10769,0.007,
tile_023573,train,ok,11296,0.007,
tile_023574,train,ok,12691,0.007,
tile_023575,train,ok,13099,0.009,
tile_023576,train,ok,11744,0.007,
tile_023577,train,ok,13086,0.007,
tile_023578,test,ok,12144,0.008,
tile_023579,train,ok,12450,0.008,
tile_023580,train,ok,12587,0.008,
tile_023581,train,ok,10451,0.008,
tile_023582,train,ok,10857,0.007,
tile_023583,train,ok,11827,0.008,
tile_023584,train,ok,9887,0.008,
tile_023585,train,ok,9733,0.008,
tile_023586,train,ok,12802,0.009,
tile_023587,train,ok,11656,0.012,
tile_023588,train,ok,12551,0.012,
tile_023589,train,ok,12399,0.011,
tile_023590,train,ok,12584,0.011,
tile_023591,train,ok,11700,0.01,
tile_023592,test,ok,11647,0.01,
tile_023593,test,ok,12463,0.01,
tile_023594,test,ok,12562,0.012,
tile_023595,train,ok,12949,0.01,
tile_023596,test,ok,11328,0.01,
tile_023597,test,ok,12369,0.011,
tile_023598,train,ok,11471,0.01,
tile_023599,train,ok,12740,0.01,
tile_023600,train,ok,12559,0.009,
tile_023601,train,ok,12613,0.011,
tile_023602,train,ok,12149,0.01,
tile_023603,train,ok,12577,0.01,
tile_023604,train,ok,11131,0.009,
tile_023605,train,ok,12952,0.011,
tile_023606,test,ok,13103,0.009,
tile_023607,test,ok,12264,0.009,
tile_023608,test,ok,13053,0.01,
tile_023609,test,ok,9954,0.012,
tile_023610,test,ok,9764,0.01,
tile_023611,train,ok,10611,0.009,
tile_023612,train,ok,9843,0.009,
tile_023613,train,ok,10806,0.007,
tile_023614,train,ok,11230,0.008,
tile_023615,train,ok,10947,0.009,
tile_023616,train,ok,12094,0.008,
tile_023617,train,ok,12014,0.007,
tile_023618,train,ok,12321,0.008,
tile_023619,train,ok,10208,0.007,
tile_023620,train,ok,10656,0.007,
tile_023621,train,ok,10034,0.007,
tile_023622,train,ok,9297,0.008,
tile_023623,train,ok,10398,0.008,
tile_023624,train,ok,9664,0.009,
tile_023625,train,ok,10967,0.008,
tile_023626,train,ok,11904,0.007,
tile_023627,train,ok,11904,0.007,
tile_023628,train,ok,12677,0.008,
tile_023629,train,ok,13051,0.008,
tile_023630,train,ok,12688,0.007,
tile_023631,train,ok,11975,0.007,
tile_023632,train,ok,12922,0.007,
tile_023633,train,ok,12517,0.007,
tile_023634,train,ok,10442,0.007,
tile_023635,train,ok,12726,0.007,
tile_023636,train,ok,11754,0.007,
tile_023637,train,ok,11755,0.007,
tile_023638,train,ok,12687,0.006,
tile_023639,train,ok,11094,0.007,
tile_023640,test,ok,12152,0.007,
tile_023641,test,ok,12472,0.007,
tile_023642,test,ok,11708,0.007,
tile_023643,train,ok,12051,0.006,
tile_023644,train,ok,12659,0.006,
tile_023645,train,ok,12217,0.007,
tile_023646,train,ok,12979,0.006,
tile_023647,train,ok,11748,0.007,
tile_023648,train,ok,12314,0.006,
tile_023649,train,ok,12721,0.008,
tile_023650,val,ok,11777,0.007,
tile_023651,train,ok,12334,0.007,
tile_023652,val,ok,12817,0.007,
tile_023653,train,ok,12656,0.006,
tile_023654,train,ok,11640,0.007,
tile_023655,test,ok,9997,0.006,
tile_023656,test,ok,12589,0.006,
tile_023657,train,ok,12079,0.006,
tile_023658,train,ok,11354,0.006,
tile_023659,train,ok,11157,0.006,
tile_023660,train,ok,10944,0.006,
tile_023661,train,ok,9961,0.005,
tile_023662,train,ok,12287,0.005,
tile_023663,train,ok,10834,0.006,
tile_023664,train,ok,11402,0.006,
tile_023665,train,ok,10369,0.006,
tile_023666,train,ok,9942,0.006,
tile_023667,train,ok,9631,0.007,
tile_023668,train,ok,9771,0.007,
tile_023669,train,ok,10467,0.007,
tile_023670,train,ok,10543,0.007,
tile_023671,train,ok,12575,0.007,
tile_023672,train,ok,11732,0.006,
tile_023673,train,ok,11078,0.008,
tile_023674,train,ok,11547,0.006,
tile_023675,train,ok,11489,0.006,
tile_023676,train,ok,12797,0.006,
tile_023677,train,ok,12147,0.006,
tile_023678,train,ok,13102,0.007,
tile_023679,train,ok,11916,0.007,
tile_023680,train,ok,10235,0.007,
tile_023681,train,ok,11376,0.006,
tile_023682,train,ok,13031,0.006,
tile_023683,train,ok,11762,0.006,
tile_023684,train,ok,12940,0.007,
tile_023685,train,ok,12698,0.006,
tile_023686,train,ok,12721,0.006,
tile_023687,train,ok,13147,0.006,
tile_023688,train,ok,12099,0.006,
tile_023689,train,ok,12485,0.006,
tile_023690,train,ok,11445,0.007,
tile_023691,train,ok,7973,0.006,
tile_023692,train,ok,11750,0.006,
tile_023693,train,ok,11451,0.006,
tile_023694,train,ok,11113,0.006,
tile_023695,train,ok,11547,0.006,
tile_023696,train,ok,12362,0.007,
tile_023697,train,ok,11024,0.006,
tile_023698,train,ok,12236,0.007,
tile_023699,train,ok,12934,0.007,
tile_023700,train,ok,12076,0.007,
tile_023701,train,ok,11424,0.007,
tile_023702,val,ok,11124,0.007,
tile_023703,train,ok,13110,0.008,
tile_023704,train,ok,10136,0.008,
tile_023705,train,ok,13073,0.008,
tile_023706,train,ok,12579,0.007,
tile_023707,train,ok,12941,0.007,
tile_023708,train,ok,11298,0.008,
tile_023709,test,ok,10355,0.008,
tile_023710,train,ok,8505,0.007,
tile_023711,train,ok,12685,0.008,
tile_023712,train,ok,10271,0.007,
tile_023713,train,ok,11374,0.007,
tile_023714,train,ok,10892,0.008,
tile_023715,train,ok,11340,0.008,
tile_023716,train,ok,11615,0.007,
tile_023717,train,ok,12547,0.008,
tile_023718,train,ok,12514,0.008,
tile_023719,train,ok,11177,0.008,
tile_023720,train,ok,10497,0.008,
tile_023721,train,ok,11886,0.007,
tile_023722,train,ok,10240,0.006,
tile_023723,train,ok,9579,0.009,
tile_023724,train,ok,11034,0.009,
tile_023725,train,ok,11835,0.009,
tile_023726,train,ok,11500,0.009,
tile_023727,train,ok,12103,0.009,
tile_023728,train,ok,11324,0.01,
tile_023729,train,ok,12320,0.009,
tile_023730,train,ok,12321,0.009,
tile_023731,train,ok,11432,0.008,
tile_023732,train,ok,10437,0.01,
tile_023733,train,ok,10980,0.01,
tile_023734,train,ok,12643,0.011,
tile_023735,val,ok,11733,0.01,
tile_023736,train,ok,7931,0.008,
tile_023737,train,ok,13000,0.009,
tile_023738,train,ok,12461,0.007,
tile_023739,train,ok,10529,0.007,
tile_023740,train,ok,11929,0.009,
tile_023741,train,ok,13059,0.008,
tile_023742,train,ok,11112,0.009,
tile_023743,val,ok,12696,0.009,
tile_023744,val,ok,11821,0.009,
tile_023745,train,ok,10411,0.008,
tile_023746,train,ok,13069,0.008,
tile_023747,train,ok,12574,0.008,
tile_023748,train,ok,11375,0.009,
tile_023749,train,ok,10293,0.008,
tile_023750,train,ok,9288,0.008,
tile_023751,train,ok,8013,0.009,
tile_023752,train,ok,9897,0.008,
tile_023753,train,ok,11958,0.007,
tile_023754,train,ok,10811,0.007,
tile_023755,train,ok,12411,0.007,
tile_023756,train,ok,11316,0.008,
tile_023757,train,ok,11979,0.008,
tile_023758,train,ok,13044,0.008,
tile_023759,train,ok,12897,0.007,
tile_023760,train,ok,13096,0.007,
tile_023761,val,ok,13072,0.007,
tile_023762,train,ok,11816,0.007,
tile_023763,train,ok,12922,0.006,
tile_023764,train,ok,12256,0.006,
tile_023765,train,ok,12081,0.006,
tile_023766,test,ok,12896,0.006,
tile_023767,test,ok,12798,0.006,
tile_023768,train,ok,12535,0.008,
tile_023769,train,ok,11678,0.009,
tile_023770,train,ok,9877,0.008,
tile_023771,train,ok,12337,0.01,
tile_023772,train,ok,8982,0.009,
tile_023773,train,ok,10801,0.01,
tile_023774,train,ok,10568,0.008,
tile_023775,train,ok,12040,0.008,
tile_023776,train,ok,9704,0.009,
tile_023777,train,ok,8353,0.009,
tile_023778,train,ok,9716,0.009,
tile_023779,train,ok,11036,0.01,
tile_023780,train,ok,10622,0.01,
tile_023781,train,ok,11996,0.01,
tile_023782,train,ok,11068,0.01,
tile_023783,train,ok,11916,0.014,
tile_023784,train,ok,11561,0.01,
tile_023785,train,ok,8917,0.01,
tile_023786,train,ok,9739,0.011,
tile_023787,train,ok,12326,0.009,
tile_023788,val,ok,11026,0.01,
tile_023789,val,ok,12958,0.013,
tile_023790,val,ok,12942,0.02,
tile_023791,test,ok,9968,0.016,
tile_023792,test,ok,12055,0.016,
tile_023793,val,ok,8100,0.013,
tile_023794,val,ok,12092,0.007,
tile_023795,val,ok,12720,0.008,
tile_023796,train,ok,12546,0.007,
tile_023797,train,ok,12171,0.007,
tile_023798,train,ok,11352,0.008,
tile_023799,train,ok,11946,0.007,
tile_023800,train,ok,12265,0.007,
tile_023801,train,ok,11332,0.006,
tile_023802,train,ok,8132,0.007,
tile_023803,train,ok,11898,0.007,
tile_023804,train,ok,11701,0.008,
tile_023805,test,ok,11996,0.007,
tile_023806,train,ok,12561,0.008,
tile_023807,train,ok,12147,0.009,
tile_023808,val,ok,11983,0.006,
tile_023809,val,ok,12134,0.008,
tile_023810,train,ok,10869,0.008,
tile_023811,train,ok,9831,0.006,
tile_023812,train,ok,10197,0.007,
tile_023813,train,ok,11813,0.006,
tile_023814,train,ok,12604,0.006,
tile_023815,train,ok,12989,0.006,
tile_023816,train,ok,10531,0.006,
tile_023817,train,ok,10134,0.006,
tile_023818,train,ok,12707,0.007,
tile_023819,train,ok,12968,0.007,
tile_023820,train,ok,11663,0.007,
tile_023821,train,ok,13101,0.006,
tile_023822,train,ok,12393,0.006,
tile_023823,train,ok,9290,0.007,
tile_023824,train,ok,11432,0.006,
tile_023825,train,ok,13048,0.006,
tile_023826,train,ok,12347,0.006,
tile_023827,train,ok,10928,0.006,
tile_023828,train,ok,13038,0.006,
tile_023829,train,ok,12852,0.006,
tile_023830,train,ok,11778,0.005,
tile_023831,train,ok,12127,0.005,
tile_023832,train,ok,10807,0.005,
tile_023833,train,ok,8193,0.006,
tile_023834,test,ok,12650,0.007,
tile_023835,train,ok,12834,0.006,
tile_023836,train,ok,10989,0.006,
tile_023837,train,ok,10825,0.006,
tile_023838,train,ok,10762,0.011,
tile_023839,train,ok,11214,0.012,
tile_023840,train,ok,12166,0.012,
tile_023841,train,ok,10968,0.013,
tile_023842,train,ok,11048,0.013,
tile_023843,train,ok,11416,0.013,
tile_023844,train,ok,11440,0.012,
tile_023845,train,ok,10097,0.013,
tile_023846,train,ok,8113,0.013,
tile_023847,train,ok,11240,0.012,
tile_023848,train,ok,10513,0.011,
tile_023849,train,ok,11719,0.011,
tile_023850,train,ok,10831,0.012,
tile_023851,train,ok,10756,0.012,
tile_023852,train,ok,12462,0.012,
tile_023853,val,ok,10106,0.011,
tile_023854,val,ok,9168,0.012,
tile_023855,train,ok,11669,0.012,
tile_023856,train,ok,12034,0.012,
tile_023857,train,ok,11757,0.011,
tile_023858,train,ok,11068,0.01,
tile_023859,val,ok,5723,0.01,
tile_023860,val,ok,10946,0.01,
tile_023861,val,ok,12599,0.009,
tile_023862,train,ok,11584,0.009,
tile_023863,train,ok,13107,0.008,
tile_023864,train,ok,11838,0.007,
tile_023865,train,ok,12636,0.008,
tile_023866,train,ok,12951,0.007,
tile_023867,train,ok,11250,0.007,
tile_023868,train,ok,12846,0.008,
tile_023869,train,ok,12089,0.007,
tile_023870,train,ok,12393,0.008,
tile_023871,train,ok,8383,0.008,
tile_023872,train,ok,10194,0.007,
tile_023873,train,ok,8964,0.007,
tile_023874,train,ok,9659,0.009,
tile_023875,val,ok,11931,0.01,
tile_023876,val,ok,9686,0.009,
tile_023877,val,ok,12535,0.008,
tile_023878,train,ok,11436,0.007,
tile_023879,train,ok,9306,0.007,
tile_023880,train,ok,9156,0.009,
tile_023881,train,ok,11866,0.007,
tile_023882,train,ok,13120,0.007,
tile_023883,train,ok,11487,0.006,
tile_023884,train,ok,7312,0.008,
tile_023885,train,ok,11415,0.008,
tile_023886,train,ok,12209,0.008,
tile_023887,train,ok,8260,0.008,
tile_023888,train,ok,12478,0.009,
tile_023889,train,ok,11077,0.008,
tile_023890,train,ok,11492,0.008,
tile_023891,train,ok,13009,0.008,
tile_023892,train,ok,12354,0.007,
tile_023893,train,ok,12251,0.008,
tile_023894,val,ok,12759,0.008,
tile_023895,test,ok,11754,0.007,
tile_023896,train,ok,12784,0.007,
tile_023897,train,ok,9951,0.007,
tile_023898,train,ok,13100,0.008,
tile_023899,train,ok,13085,0.008,
tile_023900,val,ok,12844,0.007,
tile_023901,val,ok,12399,0.007,
tile_023902,train,ok,12776,0.007,
tile_023903,train,ok,9935,0.008,
tile_023904,train,ok,12216,0.007,
tile_023905,train,ok,11318,0.007,
tile_023906,train,ok,11215,0.006,
tile_023907,train,ok,11263,0.006,
tile_023908,train,ok,11688,0.007,
tile_023909,train,ok,11659,0.008,
tile_023910,train,ok,11913,0.007,
tile_023911,train,ok,11082,0.008,
tile_023912,train,ok,11413,0.008,
tile_023913,train,ok,11504,0.007,
tile_023914,train,ok,11139,0.007,
tile_023915,train,ok,11238,0.009,
tile_023916,train,ok,11812,0.008,
tile_023917,train,ok,11492,0.009,
tile_023918,train,ok,12109,0.009,
tile_023919,train,ok,12145,0.006,
tile_023920,val,ok,13064,0.007,
tile_023921,val,ok,9889,0.008,
tile_023922,val,ok,9525,0.008,
tile_023923,train,ok,9401,0.007,
tile_023924,train,ok,12673,0.007,
tile_023925,train,ok,11875,0.007,
tile_023926,train,ok,12482,0.007,
tile_023927,train,ok,11447,0.006,
tile_023928,train,ok,11680,0.008,
tile_023929,val,ok,8895,0.006,
tile_023930,val,ok,10020,0.006,
tile_023931,train,ok,10869,0.007,
tile_023932,train,ok,12239,0.008,
tile_023933,train,ok,12870,0.007,
tile_023934,train,ok,9792,0.007,
tile_023935,train,ok,9392,0.007,
tile_023936,val,ok,11080,0.008,
tile_023937,val,ok,10190,0.008,
tile_023938,train,ok,10285,0.008,
tile_023939,train,ok,11541,0.007,
tile_023940,train,ok,8667,0.007,
tile_023941,train,ok,12452,0.008,
tile_023942,train,ok,9434,0.008,
tile_023943,train,ok,12882,0.008,
tile_023944,train,ok,12493,0.008,
tile_023945,train,ok,10806,0.007,
tile_023946,train,ok,12291,0.008,
tile_023947,train,ok,12935,0.007,
tile_023948,train,ok,12890,0.007,
tile_023949,train,ok,9217,0.008,
tile_023950,train,ok,8340,0.008,
tile_023951,train,ok,7032,0.007,
tile_023952,train,ok,10338,0.009,
tile_023953,train,ok,12922,0.009,
tile_023954,train,ok,12468,0.008,
tile_023955,train,ok,13044,0.009,
tile_023956,train,ok,12691,0.007,
tile_023957,train,ok,12485,0.006,
tile_023958,train,ok,12784,0.007,
tile_023959,train,ok,13121,0.007,
tile_023960,train,ok,12654,0.007,
tile_023961,train,ok,12721,0.006,
tile_023962,train,ok,11503,0.008,
tile_023963,train,ok,12854,0.006,
tile_023964,train,ok,10209,0.007,
tile_023965,train,ok,11080,0.008,
tile_023966,train,ok,9966,0.007,
tile_023967,train,ok,12588,0.007,
tile_023968,train,ok,10088,0.007,
tile_023969,train,ok,10105,0.007,
tile_023970,train,ok,11231,0.008,
tile_023971,train,ok,11174,0.006,
tile_023972,train,ok,11522,0.007,
tile_023973,train,ok,12768,0.006,
tile_023974,train,ok,10320,0.007,
tile_023975,train,ok,9339,0.006,
tile_023976,train,ok,9343,0.006,
tile_023977,train,ok,10155,0.006,
tile_023978,train,ok,9227,0.006,
tile_023979,train,ok,9934,0.006,
tile_023980,val,ok,12760,0.006,
tile_023981,train,ok,10652,0.006,
tile_023982,train,ok,10890,0.007,
tile_023983,train,ok,12143,0.006,
tile_023984,train,ok,12322,0.006,
tile_023985,train,ok,12034,0.006,
tile_023986,val,ok,13118,0.007,
tile_023987,train,ok,11020,0.007,
tile_023988,train,ok,10713,0.006,
tile_023989,train,ok,11428,0.006,
tile_023990,train,ok,12556,0.006,
tile_023991,train,ok,11910,0.006,
tile_023992,train,ok,10277,0.007,
tile_023993,train,ok,10469,0.007,
tile_023994,train,ok,10070,0.009,
tile_023995,train,ok,10783,0.009,
tile_023996,train,ok,11443,0.008,
tile_023997,train,ok,12785,0.008,
tile_023998,train,ok,12426,0.009,
tile_023999,train,ok,10376,0.008,
tile_024000,train,ok,12510,0.007,
tile_024001,train,ok,8976,0.007,
tile_024002,train,ok,9506,0.007,
tile_024003,train,ok,8675,0.007,
tile_024004,train,ok,12572,0.008,
tile_024005,train,ok,10414,0.007,
tile_024006,val,ok,10415,0.007,
tile_024007,val,ok,11579,0.007,
tile_024008,train,ok,12985,0.007,
tile_024009,train,ok,11719,0.007,
tile_024010,train,ok,12344,0.008,
tile_024011,test,ok,10672,0.007,
tile_024012,val,ok,12312,0.009,
tile_024013,train,ok,11607,0.008,
tile_024014,train,ok,12416,0.009,
tile_024015,test,ok,12057,0.007,
tile_024016,test,ok,13170,0.008,
tile_024017,train,ok,12545,0.008,
tile_024018,train,ok,11376,0.008,
tile_024019,train,ok,9432,0.008,
tile_024020,val,ok,9681,0.009,
tile_024021,val,ok,8962,0.007,
tile_024022,val,ok,9611,0.008,
tile_024023,val,ok,12694,0.009,
tile_024024,val,ok,11928,0.009,
tile_024025,val,ok,12736,0.009,
tile_024026,val,ok,12059,0.008,
tile_024027,val,ok,12154,0.009,
tile_024028,val,ok,10293,0.008,
tile_024029,val,ok,9748,0.008,
tile_024030,val,ok,11992,0.007,
tile_024031,train,ok,8858,0.008,
tile_024032,train,ok,10410,0.007,
tile_024033,train,ok,8655,0.008,
tile_024034,train,ok,9061,0.008,
tile_024035,train,ok,12774,0.007,
tile_024036,train,ok,12337,0.008,
tile_024037,train,ok,11528,0.008,
tile_024038,train,ok,11413,0.008,
tile_024039,train,ok,12221,0.007,
tile_024040,train,ok,11435,0.008,
tile_024041,train,ok,12161,0.007,
tile_024042,train,ok,11718,0.007,
tile_024043,val,ok,8340,0.008,
tile_024044,train,ok,5321,0.008,
tile_024045,train,ok,12205,0.008,
tile_024046,train,ok,11787,0.007,
tile_024047,train,ok,11635,0.009,
tile_024048,train,ok,13036,0.008,
tile_024049,train,ok,11335,0.008,
tile_024050,train,ok,11922,0.007,
tile_024051,train,ok,11216,0.007,
tile_024052,train,ok,12807,0.007,
tile_024053,train,ok,10751,0.006,
tile_024054,train,ok,11062,0.006,
tile_024055,train,ok,10166,0.006,
tile_024056,train,ok,11532,0.007,
tile_024057,train,ok,10550,0.007,
tile_024058,train,ok,10899,0.006,
tile_024059,train,ok,12856,0.007,
tile_024060,train,ok,11212,0.008,
tile_024061,train,ok,12175,0.008,
tile_024062,train,ok,11828,0.007,
tile_024063,train,ok,11221,0.009,
tile_024064,train,ok,11627,0.008,
tile_024065,train,ok,8691,0.008,
tile_024066,train,ok,9980,0.008,
tile_024067,train,ok,10063,0.008,
tile_024068,val,ok,12174,0.008,
tile_024069,train,ok,12110,0.008,
tile_024070,train,ok,8567,0.008,
tile_024071,train,ok,7755,0.006,
tile_024072,train,ok,11987,0.008,
tile_024073,train,ok,11930,0.006,
tile_024074,test,ok,11836,0.008,
tile_024075,test,ok,12447,0.007,
tile_024076,train,ok,12099,0.007,
tile_024077,val,ok,12961,0.007,
tile_024078,test,ok,10322,0.006,
tile_024079,test,ok,11417,0.006,
tile_024080,train,ok,11635,0.006,
tile_024081,train,ok,12945,0.006,
tile_024082,train,ok,10382,0.006,
tile_024083,train,ok,9983,0.007,
tile_024084,val,ok,8962,0.007,
tile_024085,val,ok,7684,0.006,
tile_024086,val,ok,10635,0.006,
tile_024087,val,ok,10486,0.008,
tile_024088,val,ok,11270,0.008,
tile_024089,val,ok,11838,0.008,
tile_024090,val,ok,12108,0.008,
tile_024091,val,ok,13057,0.007,
tile_024092,val,ok,11478,0.007,
tile_024093,val,ok,11101,0.008,
tile_024094,val,ok,10032,0.008,
tile_024095,train,ok,10180,0.008,
tile_024096,train,ok,9064,0.008,
tile_024097,train,ok,9589,0.01,
tile_024098,train,ok,12225,0.009,
tile_024099,train,ok,13065,0.011,
tile_024100,train,ok,11557,0.015,
tile_024101,train,ok,12523,0.014,
tile_024102,train,ok,12770,0.015,
tile_024103,train,ok,10739,0.009,
tile_024104,train,ok,12553,0.01,
tile_024105,train,ok,12291,0.01,
tile_024106,train,ok,12734,0.01,
tile_024107,train,ok,12847,0.01,
tile_024108,train,ok,12776,0.01,
tile_024109,train,ok,12804,0.01,
tile_024110,train,ok,13132,0.011,
tile_024111,train,ok,12832,0.01,
tile_024112,train,ok,10022,0.01,
tile_024113,train,ok,11701,0.012,
tile_024114,train,ok,13100,0.011,
tile_024115,train,ok,12070,0.011,
tile_024116,train,ok,12190,0.01,
tile_024117,train,ok,10922,0.01,
tile_024118,train,ok,9263,0.01,
tile_024119,train,ok,11126,0.009,
tile_024120,train,ok,9753,0.009,
tile_024121,train,ok,10806,0.01,
tile_024122,train,ok,12658,0.009,
tile_024123,train,ok,10597,0.009,
tile_024124,train,ok,12102,0.008,
tile_024125,train,ok,10591,0.008,
tile_024126,val,ok,10761,0.008,
tile_024127,val,ok,8728,0.008,
tile_024128,val,ok,12315,0.008,
tile_024129,train,ok,11130,0.008,
tile_024130,train,ok,11744,0.007,
tile_024131,train,ok,12373,0.008,
tile_024132,val,ok,13058,0.009,
tile_024133,train,ok,11727,0.008,
tile_024134,train,ok,11441,0.009,
tile_024135,train,ok,12098,0.009,
tile_024136,train,ok,12930,0.008,
tile_024137,val,ok,13078,0.008,
tile_024138,train,ok,12449,0.008,
tile_024139,train,ok,13071,0.007,
tile_024140,train,ok,9767,0.01,
tile_024141,train,ok,11105,0.008,
tile_024142,train,ok,11888,0.007,
tile_024143,val,ok,10306,0.007,
tile_024144,val,ok,7680,0.007,
tile_024145,val,ok,7774,0.007,
tile_024146,val,ok,12405,0.007,
tile_024147,val,ok,11502,0.007,
tile_024148,val,ok,9695,0.008,
tile_024149,val,ok,11144,0.009,
tile_024150,val,ok,11527,0.007,
tile_024151,val,ok,12182,0.007,
tile_024152,val,ok,9788,0.008,
tile_024153,train,ok,12374,0.007,
tile_024154,train,ok,9875,0.008,
tile_024155,train,ok,11782,0.007,
tile_024156,train,ok,10678,0.007,
tile_024157,train,ok,9589,0.009,
tile_024158,train,ok,10550,0.007,
tile_024159,train,ok,10224,0.008,
tile_024160,train,ok,12723,0.007,
tile_024161,train,ok,11716,0.006,
tile_024162,train,ok,11919,0.006,
tile_024163,train,ok,11891,0.006,
tile_024164,train,ok,11627,0.006,
tile_024165,train,ok,10884,0.005,
tile_024166,train,ok,10799,0.006,
tile_024167,train,ok,11021,0.005,
tile_024168,train,ok,10418,0.006,
tile_024169,train,ok,9677,0.006,
tile_024170,train,ok,12818,0.006,
tile_024171,train,ok,12030,0.006,
tile_024172,train,ok,11622,0.006,
tile_024173,train,ok,11129,0.006,
tile_024174,train,ok,12988,0.006,
tile_024175,train,ok,10535,0.005,
tile_024176,train,ok,10009,0.007,
tile_024177,train,ok,11950,0.006,
tile_024178,train,ok,11218,0.008,
tile_024179,train,ok,9997,0.008,
tile_024180,train,ok,7232,0.01,
tile_024181,train,ok,12004,0.009,
tile_024182,train,ok,12103,0.009,
tile_024183,train,ok,10118,0.008,
tile_024184,val,ok,11543,0.007,
tile_024185,val,ok,11782,0.008,
tile_024186,val,ok,11343,0.007,
tile_024187,val,ok,10803,0.007,
tile_024188,train,ok,13116,0.008,
tile_024189,train,ok,12926,0.008,
tile_024190,val,ok,12115,0.007,
tile_024191,train,ok,13064,0.007,
tile_024192,train,ok,12796,0.007,
tile_024193,train,ok,9881,0.007,
tile_024194,train,ok,11296,0.008,
tile_024195,train,ok,12825,0.007,
tile_024196,train,ok,13115,0.007,
tile_024197,train,ok,11570,0.008,
tile_024198,train,ok,11060,0.007,
tile_024199,train,ok,9454,0.007,
tile_024200,train,ok,10302,0.007,
tile_024201,train,ok,11006,0.008,
tile_024202,val,ok,12760,0.007,
tile_024203,val,ok,10121,0.007,
tile_024204,val,ok,8476,0.007,
tile_024205,val,ok,11536,0.007,
tile_024206,val,ok,10353,0.008,
tile_024207,val,ok,12821,0.008,
tile_024208,val,ok,10723,0.007,
tile_024209,val,ok,11169,0.006,
tile_024210,val,ok,10830,0.006,
tile_024211,val,ok,12625,0.007,
tile_024212,val,ok,12599,0.006,
tile_024213,train,ok,11982,0.005,
tile_024214,train,ok,12723,0.007,
tile_024215,train,ok,11953,0.006,
tile_024216,train,ok,9858,0.008,
tile_024217,train,ok,12915,0.006,
tile_024218,train,ok,13073,0.006,
tile_024219,train,ok,12966,0.007,
tile_024220,val,ok,13028,0.006,
tile_024221,val,ok,12200,0.007,
tile_024222,train,ok,11916,0.008,
tile_024223,train,ok,12214,0.008,
tile_024224,train,ok,10138,0.008,
tile_024225,train,ok,10294,0.006,
tile_024226,train,ok,12824,0.008,
tile_024227,train,ok,12204,0.006,
tile_024228,train,ok,12613,0.007,
tile_024229,train,ok,11778,0.007,
tile_024230,train,ok,13042,0.006,
tile_024231,train,ok,12964,0.006,
tile_024232,train,ok,12231,0.007,
tile_024233,train,ok,11974,0.007,
tile_024234,train,ok,10526,0.006,
tile_024235,train,ok,12461,0.005,
tile_024236,train,ok,12966,0.008,
tile_024237,train,ok,12694,0.007,
tile_024238,train,ok,12201,0.007,
tile_024239,train,ok,12925,0.006,
tile_024240,train,ok,8910,0.006,
tile_024241,test,ok,9256,0.007,
tile_024242,test,ok,12577,0.006,
tile_024243,test,ok,9433,0.006,
tile_024244,test,ok,11055,0.007,
tile_024245,test,ok,10697,0.008,
tile_024246,train,ok,12499,0.008,
tile_024247,train,ok,11903,0.008,
tile_024248,train,ok,8082,0.006,
tile_024249,val,ok,10832,0.008,
tile_024250,val,ok,9716,0.008,
tile_024251,val,ok,10562,0.008,
tile_024252,val,ok,9958,0.006,
tile_024253,train,ok,11478,0.007,
tile_024254,test,ok,11364,0.007,
tile_024255,test,ok,12580,0.006,
tile_024256,train,ok,11071,0.022,
tile_024257,train,ok,13057,0.021,
tile_024258,train,ok,10872,0.021,
tile_024259,train,ok,10965,0.021,
tile_024260,train,ok,12762,0.006,
tile_024261,train,ok,11332,0.006,
tile_024262,train,ok,10510,0.006,
tile_024263,train,ok,12296,0.006,
tile_024264,train,ok,11159,0.007,
tile_024265,train,ok,8647,0.006,
tile_024266,train,ok,9463,0.006,
tile_024267,train,ok,9051,0.006,
tile_024268,train,ok,11940,0.007,
tile_024269,train,ok,9887,0.006,
tile_024270,train,ok,10486,0.007,
tile_024271,train,ok,10500,0.006,
tile_024272,train,ok,12729,0.006,
tile_024273,train,ok,11177,0.006,
tile_024274,train,ok,11000,0.006,
tile_024275,train,ok,10507,0.006,
tile_024276,train,ok,10626,0.006,
tile_024277,train,ok,11999,0.006,
tile_024278,train,ok,12997,0.006,
tile_024279,train,ok,12738,0.006,
tile_024280,val,ok,11589,0.006,
tile_024281,val,ok,10115,0.006,
tile_024282,train,ok,12985,0.006,
tile_024283,train,ok,11533,0.006,
tile_024284,train,ok,12845,0.006,
tile_024285,train,ok,12453,0.006,
tile_024286,train,ok,10570,0.006,
tile_024287,train,ok,11839,0.006,
tile_024288,train,ok,12693,0.006,
tile_024289,train,ok,11925,0.006,
tile_024290,train,ok,12121,0.006,
tile_024291,train,ok,12941,0.005,
tile_024292,train,ok,12613,0.006,
tile_024293,train,ok,11666,0.007,
tile_024294,train,ok,13135,0.006,
tile_024295,train,ok,12317,0.006,
tile_024296,train,ok,12527,0.009,
tile_024297,test,ok,11317,0.01,
tile_024298,test,ok,11446,0.009,
tile_024299,train,ok,11745,0.009,
tile_024300,train,ok,12592,0.008,
tile_024301,train,ok,11388,0.007,
tile_024302,val,ok,10599,0.007,
tile_024303,test,ok,11766,0.007,
tile_024304,test,ok,12047,0.008,
tile_024305,val,ok,12067,0.007,
tile_024306,train,ok,12778,0.006,
tile_024307,train,ok,12624,0.007,
tile_024308,train,ok,10585,0.008,
tile_024309,train,ok,11130,0.008,
tile_024310,train,ok,11072,0.009,
tile_024311,train,ok,10564,0.009,
tile_024312,train,ok,11125,0.007,
tile_024313,train,ok,11814,0.007,
tile_024314,train,ok,12490,0.007,
tile_024315,train,ok,12254,0.007,
tile_024316,train,ok,11393,0.007,
tile_024317,train,ok,11858,0.008,
tile_024318,train,ok,12825,0.008,
tile_024319,train,ok,12790,0.007,
tile_024320,train,ok,10279,0.006,
tile_024321,val,ok,11753,0.007,
tile_024322,train,ok,12798,0.008,
tile_024323,train,ok,11858,0.007,
tile_024324,train,ok,12532,0.006,
tile_024325,train,ok,12603,0.007,
tile_024326,train,ok,13036,0.006,
tile_024327,train,ok,11977,0.006,
tile_024328,train,ok,12282,0.006,
tile_024329,train,ok,11327,0.006,
tile_024330,train,ok,12683,0.006,
tile_024331,train,ok,12374,0.006,
tile_024332,train,ok,9613,0.006,
tile_024333,train,ok,12575,0.007,
tile_024334,train,ok,10685,0.007,
tile_024335,train,ok,10168,0.007,
tile_024336,test,ok,12281,0.008,
tile_024337,test,ok,12117,0.007,
tile_024338,train,ok,13110,0.007,
tile_024339,val,ok,11749,0.007,
tile_024340,val,ok,9827,0.006,
tile_024341,val,ok,13086,0.006,
tile_024342,train,ok,12596,0.006,
tile_024343,train,ok,13105,0.006,
tile_024344,train,ok,13131,0.006,
tile_024345,test,ok,12325,0.007,
tile_024346,train,ok,13005,0.007,
tile_024347,test,ok,11638,0.007,
tile_024348,train,ok,12611,0.007,
tile_024349,train,ok,10362,0.007,
tile_024350,train,ok,9302,0.008,
tile_024351,train,ok,11372,0.008,
tile_024352,train,ok,12538,0.007,
tile_024353,train,ok,11132,0.008,
tile_024354,train,ok,10789,0.007,
tile_024355,train,ok,11979,0.008,
tile_024356,train,ok,11906,0.008,
tile_024357,train,ok,11469,0.008,
tile_024358,train,ok,11043,0.007,
tile_024359,train,ok,12760,0.008,
tile_024360,train,ok,9755,0.009,
tile_024361,val,ok,12675,0.007,
tile_024362,val,ok,11522,0.008,
tile_024363,val,ok,13130,0.009,
tile_024364,train,ok,12828,0.008,
tile_024365,train,ok,10311,0.009,
tile_024366,train,ok,12576,0.007,
tile_024367,train,ok,12452,0.008,
tile_024368,train,ok,10761,0.008,
tile_024369,train,ok,13046,0.009,
tile_024370,train,ok,10342,0.008,
tile_024371,train,ok,12811,0.008,
tile_024372,train,ok,10867,0.008,
tile_024373,train,ok,10010,0.008,
tile_024374,train,ok,11568,0.008,
tile_024375,test,ok,8275,0.007,
tile_024376,train,ok,12806,0.007,
tile_024377,test,ok,11307,0.007,
tile_024378,test,ok,12349,0.008,
tile_024379,test,ok,12027,0.007,
tile_024380,test,ok,6104,0.007,
tile_024381,train,ok,11352,0.006,
tile_024382,train,ok,8615,0.007,
tile_024383,train,ok,11565,0.006,
tile_024384,test,ok,11892,0.006,
tile_024385,train,ok,12609,0.006,
tile_024386,train,ok,12259,0.007,
tile_024387,train,ok,10000,0.006,
tile_024388,test,ok,12959,0.006,
tile_024389,test,ok,12093,0.006,
tile_024390,train,ok,12530,0.006,
tile_024391,train,ok,10416,0.006,
tile_024392,train,ok,8193,0.007,
tile_024393,train,ok,11136,0.007,
tile_024394,train,ok,11710,0.007,
tile_024395,train,ok,12804,0.007,
tile_024396,train,ok,11683,0.008,
tile_024397,train,ok,12852,0.007,
tile_024398,train,ok,12308,0.007,
tile_024399,train,ok,13128,0.007,
tile_024400,train,ok,10695,0.008,
tile_024401,train,ok,9497,0.008,
tile_024402,val,ok,13045,0.007,
tile_024403,train,ok,12572,0.007,
tile_024404,train,ok,12951,0.007,
tile_024405,train,ok,11687,0.008,
tile_024406,train,ok,12617,0.007,
tile_024407,train,ok,12870,0.008,
tile_024408,val,ok,12911,0.009,
tile_024409,val,ok,11478,0.008,
tile_024410,val,ok,10717,0.008,
tile_024411,train,ok,11542,0.009,
tile_024412,train,ok,11360,0.009,
tile_024413,val,ok,12181,0.01,
tile_024414,val,ok,12478,0.008,
tile_024415,val,ok,11223,0.008,
tile_024416,train,ok,9024,0.009,
tile_024417,train,ok,10641,0.009,
tile_024418,train,ok,13007,0.008,
tile_024419,train,ok,12460,0.008,
tile_024420,val,ok,12354,0.009,
tile_024421,train,ok,12975,0.008,
tile_024422,train,ok,11603,0.008,
tile_024423,val,ok,12696,0.008,
tile_024424,val,ok,12088,0.008,
tile_024425,test,ok,12126,0.01,
tile_024426,val,ok,12010,0.009,
tile_024427,train,ok,12925,0.008,
tile_024428,train,ok,12082,0.011,
tile_024429,train,ok,12435,0.011,
tile_024430,train,ok,13087,0.009,
tile_024431,train,ok,11291,0.01,
tile_024432,train,ok,12496,0.011,
tile_024433,train,ok,12543,0.01,
tile_024434,train,ok,12980,0.01,
tile_024435,train,ok,12120,0.01,
tile_024436,train,ok,10965,0.01,
tile_024437,train,ok,11114,0.01,
tile_024438,train,ok,11226,0.01,
tile_024439,test,ok,11426,0.01,
tile_024440,test,ok,11846,0.009,
tile_024441,train,ok,9676,0.009,
tile_024442,train,ok,11132,0.009,
tile_024443,train,ok,11434,0.009,
tile_024444,val,ok,11574,0.009,
tile_024445,train,ok,10504,0.009,
tile_024446,train,ok,13093,0.01,
tile_024447,train,ok,12028,0.009,
tile_024448,train,ok,12681,0.009,
tile_024449,train,ok,12427,0.009,
tile_024450,train,ok,9246,0.009,
tile_024451,train,ok,8868,0.008,
tile_024452,train,ok,10609,0.013,
tile_024453,train,ok,10310,0.014,
tile_024454,val,ok,11789,0.012,
tile_024455,val,ok,10695,0.011,
tile_024456,val,ok,11276,0.007,
tile_024457,val,ok,10401,0.008,
tile_024458,train,ok,10892,0.008,
tile_024459,train,ok,11898,0.007,
tile_024460,val,ok,12096,0.009,
tile_024461,train,ok,10494,0.009,
tile_024462,train,ok,11249,0.008,
tile_024463,train,ok,11415,0.007,
tile_024464,train,ok,10655,0.008,
tile_024465,test,ok,12817,0.009,
tile_024466,val,ok,12546,0.009,
tile_024467,train,ok,12621,0.009,
tile_024468,val,ok,12495,0.008,
tile_024469,test,ok,12459,0.008,
tile_024470,train,ok,12048,0.008,
tile_024471,train,ok,13016,0.008,
tile_024472,val,ok,12307,0.009,
tile_024473,train,ok,11425,0.009,
tile_024474,train,ok,11358,0.009,
tile_024475,train,ok,11195,0.008,
tile_024476,train,ok,12721,0.012,
tile_024477,train,ok,11537,0.01,
tile_024478,train,ok,12515,0.012,
tile_024479,train,ok,11430,0.012,
tile_024480,train,ok,12964,0.011,
tile_024481,train,ok,11600,0.011,
tile_024482,val,ok,13135,0.009,
tile_024483,train,ok,10159,0.009,
tile_024484,train,ok,11465,0.008,
tile_024485,train,ok,11694,0.008,
tile_024486,test,ok,13123,0.008,
tile_024487,test,ok,11974,0.008,
tile_024488,test,ok,11524,0.01,
tile_024489,train,ok,12156,0.01,
tile_024490,train,ok,9882,0.009,
tile_024491,train,ok,13041,0.009,
tile_024492,train,ok,12038,0.009,
tile_024493,train,ok,11109,0.009,
tile_024494,train,ok,13057,0.009,
tile_024495,test,ok,10944,0.009,
tile_024496,train,ok,11086,0.009,
tile_024497,train,ok,9367,0.009,
tile_024498,train,ok,11042,0.008,
tile_024499,train,ok,11390,0.007,
tile_024500,val,ok,13076,0.008,
tile_024501,train,ok,10663,0.009,
tile_024502,train,ok,12895,0.008,
tile_024503,train,ok,11701,0.009,
tile_024504,train,ok,12314,0.009,
tile_024505,train,ok,11342,0.009,
tile_024506,train,ok,12216,0.009,
tile_024507,train,ok,12354,0.008,
tile_024508,train,ok,11576,0.008,
tile_024509,train,ok,12871,0.008,
tile_024510,train,ok,11524,0.009,
tile_024511,train,ok,12954,0.009,
tile_024512,train,ok,12707,0.01,
tile_024513,train,ok,10108,0.009,
tile_024514,train,ok,9371,0.009,
tile_024515,train,ok,9277,0.008,
tile_024516,train,ok,11217,0.008,
tile_024517,train,ok,10103,0.009,
tile_024518,val,ok,10042,0.009,
tile_024519,val,ok,9936,0.009,
tile_024520,val,ok,12545,0.009,
tile_024521,train,ok,12212,0.01,
tile_024522,train,ok,10134,0.009,
tile_024523,train,ok,11832,0.008,
tile_024524,val,ok,10853,0.011,
tile_024525,val,ok,11770,0.01,
tile_024526,val,ok,10793,0.01,
tile_024527,train,ok,11581,0.01,
tile_024528,train,ok,8959,0.01,
tile_024529,train,ok,11921,0.01,
tile_024530,train,ok,12063,0.01,
tile_024531,train,ok,12737,0.01,
tile_024532,test,ok,11736,0.008,
tile_024533,train,ok,10720,0.008,
tile_024534,train,ok,10031,0.008,
tile_024535,train,ok,13018,0.008,
tile_024536,train,ok,12091,0.009,
tile_024537,train,ok,11145,0.009,
tile_024538,val,ok,12410,0.009,
tile_024539,train,ok,12117,0.009,
tile_024540,train,ok,12398,0.008,
tile_024541,train,ok,12421,0.01,
tile_024542,train,ok,11288,0.009,
tile_024543,train,ok,10109,0.009,
tile_024544,train,ok,12774,0.009,
tile_024545,train,ok,12630,0.008,
tile_024546,train,ok,12731,0.009,
tile_024547,train,ok,10838,0.009,
tile_024548,train,ok,12229,0.009,
tile_024549,train,ok,12911,0.01,
tile_024550,val,ok,12070,0.01,
tile_024551,val,ok,12580,0.008,
tile_024552,train,ok,11324,0.009,
tile_024553,train,ok,13005,0.01,
tile_024554,test,ok,9220,0.008,
tile_024555,test,ok,11510,0.01,
tile_024556,test,ok,11418,0.011,
tile_024557,train,ok,10548,0.009,
tile_024558,train,ok,10035,0.01,
tile_024559,train,ok,9140,0.01,
tile_024560,train,ok,10931,0.01,
tile_024561,train,ok,12263,0.007,
tile_024562,train,ok,11482,0.01,
tile_024563,train,ok,10038,0.009,
tile_024564,train,ok,9484,0.009,
tile_024565,train,ok,10117,0.009,
tile_024566,train,ok,12381,0.008,
tile_024567,train,ok,11375,0.009,
tile_024568,val,ok,10743,0.009,
tile_024569,val,ok,11575,0.008,
tile_024570,val,ok,10083,0.009,
tile_024571,train,ok,9347,0.008,
tile_024572,train,ok,11336,0.01,
tile_024573,train,ok,9631,0.009,
tile_024574,train,ok,12232,0.014,
tile_024575,train,ok,11258,0.019,
tile_024576,train,ok,12854,0.015,
tile_024577,train,ok,12085,0.015,
tile_024578,train,ok,11495,0.01,
tile_024579,train,ok,12963,0.011,
tile_024580,train,ok,13095,0.01,
tile_024581,train,ok,11670,0.011,
tile_024582,train,ok,10644,0.01,
tile_024583,train,ok,10350,0.011,
tile_024584,train,ok,11803,0.012,
tile_024585,train,ok,10249,0.012,
tile_024586,train,ok,10876,0.011,
tile_024587,val,ok,11401,0.01,
tile_024588,val,ok,10504,0.011,
tile_024589,val,ok,11301,0.011,
tile_024590,val,ok,10754,0.01,
tile_024591,train,ok,11463,0.011,
tile_024592,train,ok,11157,0.011,
tile_024593,train,ok,10312,0.011,
tile_024594,val,ok,11958,0.01,
tile_024595,val,ok,9351,0.01,
tile_024596,val,ok,11617,0.009,
tile_024597,train,ok,9187,0.01,
tile_024598,train,ok,13018,0.01,
tile_024599,train,ok,12535,0.008,
tile_024600,train,ok,10896,0.009,
tile_024601,train,ok,12405,0.009,
tile_024602,train,ok,13101,0.008,
tile_024603,train,ok,12150,0.008,
tile_024604,train,ok,12837,0.007,
tile_024605,train,ok,12563,0.008,
tile_024606,train,ok,11590,0.008,
tile_024607,train,ok,11175,0.008,
tile_024608,train,ok,10237,0.009,
tile_024609,train,ok,13059,0.006,
tile_024610,train,ok,13075,0.008,
tile_024611,train,ok,11136,0.009,
tile_024612,train,ok,12811,0.009,
tile_024613,val,ok,12821,0.007,
tile_024614,train,ok,12929,0.008,
tile_024615,train,ok,12369,0.008,
tile_024616,test,ok,9731,0.008,
tile_024617,test,ok,9438,0.009,
tile_024618,test,ok,10425,0.009,
tile_024619,train,ok,10039,0.008,
tile_024620,train,ok,9220,0.008,
tile_024621,train,ok,9968,0.009,
tile_024622,train,ok,9939,0.007,
tile_024623,train,ok,12172,0.008,
tile_024624,test,ok,12728,0.008,
tile_024625,train,ok,12129,0.009,
tile_024626,train,ok,11589,0.007,
tile_024627,train,ok,10521,0.01,
tile_024628,train,ok,9029,0.009,
tile_024629,train,ok,8968,0.009,
tile_024630,train,ok,10548,0.008,
tile_024631,train,ok,12746,0.009,
tile_024632,val,ok,11263,0.008,
tile_024633,val,ok,9808,0.01,
tile_024634,val,ok,11034,0.009,
tile_024635,val,ok,12953,0.008,
tile_024636,train,ok,11395,0.009,
tile_024637,train,ok,11491,0.009,
tile_024638,test,ok,11386,0.007,
tile_024639,test,ok,12708,0.01,
tile_024640,train,ok,13084,0.01,
tile_024641,train,ok,11902,0.009,
tile_024642,train,ok,12687,0.009,
tile_024643,train,ok,11121,0.009,
tile_024644,train,ok,10115,0.009,
tile_024645,train,ok,10298,0.008,
tile_024646,val,ok,10723,0.008,
tile_024647,val,ok,12535,0.009,
tile_024648,val,ok,10955,0.01,
tile_024649,train,ok,13095,0.009,
tile_024650,train,ok,10886,0.009,
tile_024651,train,ok,11264,0.008,
tile_024652,train,ok,11775,0.009,
tile_024653,train,ok,12561,0.007,
tile_024654,train,ok,10418,0.009,
tile_024655,train,ok,12257,0.01,
tile_024656,train,ok,12518,0.01,
tile_024657,train,ok,13089,0.009,
tile_024658,train,ok,12584,0.01,
tile_024659,train,ok,10157,0.008,
tile_024660,train,ok,10549,0.008,
tile_024661,val,ok,9999,0.009,
tile_024662,val,ok,12737,0.008,
tile_024663,val,ok,12956,0.009,
tile_024664,val,ok,12083,0.008,
tile_024665,train,ok,8468,0.008,
tile_024666,train,ok,12013,0.009,
tile_024667,train,ok,12715,0.008,
tile_024668,train,ok,11825,0.009,
tile_024669,val,ok,11658,0.008,
tile_024670,train,ok,12843,0.009,
tile_024671,train,ok,12852,0.009,
tile_024672,test,ok,12879,0.009,
tile_024673,test,ok,9848,0.008,
tile_024674,test,ok,9444,0.008,
tile_024675,train,ok,8811,0.008,
tile_024676,train,ok,9450,0.007,
tile_024677,train,ok,8253,0.008,
tile_024678,train,ok,12211,0.007,
tile_024679,train,ok,10549,0.007,
tile_024680,train,ok,11257,0.008,
tile_024681,train,ok,11049,0.009,
tile_024682,train,ok,12589,0.006,
tile_024683,val,ok,11009,0.008,
tile_024684,val,ok,13056,0.008,
tile_024685,val,ok,13044,0.007,
tile_024686,val,ok,13007,0.008,
tile_024687,train,ok,12557,0.008,
tile_024688,train,ok,12054,0.009,
tile_024689,test,ok,12857,0.009,
tile_024690,train,ok,12946,0.008,
tile_024691,train,ok,12656,0.008,
tile_024692,train,ok,12933,0.009,
tile_024693,train,ok,13021,0.01,
tile_024694,train,ok,12837,0.008,
tile_024695,train,ok,10844,0.009,
tile_024696,train,ok,11065,0.008,
tile_024697,val,ok,10932,0.009,
tile_024698,train,ok,12826,0.009,
tile_024699,train,ok,10606,0.009,
tile_024700,train,ok,11166,0.01,
tile_024701,train,ok,10457,0.007,
tile_024702,train,ok,12346,0.008,
tile_024703,train,ok,12574,0.009,
tile_024704,train,ok,11988,0.006,
tile_024705,train,ok,10284,0.007,
tile_024706,val,ok,10788,0.008,
tile_024707,val,ok,12863,0.006,
tile_024708,val,ok,12174,0.007,
tile_024709,train,ok,11289,0.008,
tile_024710,train,ok,10023,0.009,
tile_024711,train,ok,12930,0.008,
tile_024712,train,ok,12801,0.007,
tile_024713,train,ok,11835,0.006,
tile_024714,test,ok,10925,0.009,
tile_024715,test,ok,12517,0.009,
tile_024716,test,ok,8792,0.007,
tile_024717,test,ok,8300,0.008,
tile_024718,train,ok,10145,0.008,
tile_024719,train,ok,9532,0.009,
tile_024720,train,ok,8234,0.008,
tile_024721,train,ok,9913,0.009,
tile_024722,train,ok,12254,0.008,
tile_024723,train,ok,11774,0.007,
tile_024724,val,ok,12735,0.008,
tile_024725,val,ok,10472,0.008,
tile_024726,val,ok,10498,0.008,
tile_024727,val,ok,8434,0.007,
tile_024728,val,ok,11400,0.008,
tile_024729,test,ok,12090,0.007,
tile_024730,train,ok,12678,0.007,
tile_024731,train,ok,10636,0.008,
tile_024732,train,ok,11419,0.009,
tile_024733,train,ok,9914,0.009,
tile_024734,train,ok,12868,0.01,
tile_024735,train,ok,10889,0.01,
tile_024736,train,ok,11877,0.009,
tile_024737,train,ok,12858,0.008,
tile_024738,train,ok,12804,0.008,
tile_024739,train,ok,12908,0.009,
tile_024740,train,ok,12641,0.008,
tile_024741,train,ok,12199,0.009,
tile_024742,train,ok,9954,0.008,
tile_024743,train,ok,12771,0.009,
tile_024744,train,ok,10161,0.009,
tile_024745,val,ok,10890,0.009,
tile_024746,train,ok,11334,0.007,
tile_024747,train,ok,10850,0.009,
tile_024748,train,ok,12458,0.008,
tile_024749,train,ok,12655,0.01,
tile_024750,test,ok,13042,0.01,
tile_024751,test,ok,12988,0.008,
tile_024752,train,ok,12398,0.009,
tile_024753,train,ok,12979,0.008,
tile_024754,train,ok,12016,0.008,
tile_024755,test,ok,9782,0.009,
tile_024756,test,ok,10826,0.008,
tile_024757,test,ok,9711,0.008,
tile_024758,test,ok,8854,0.008,
tile_024759,train,ok,8946,0.007,
tile_024760,train,ok,8555,0.007,
tile_024761,train,ok,8432,0.009,
tile_024762,train,ok,9264,0.008,
tile_024763,train,ok,11585,0.008,
tile_024764,train,ok,10850,0.007,
tile_024765,train,ok,12630,0.008,
tile_024766,val,ok,9785,0.01,
tile_024767,val,ok,10061,0.009,
tile_024768,val,ok,8533,0.009,
tile_024769,val,ok,9217,0.009,
tile_024770,val,ok,8543,0.008,
tile_024771,val,ok,9326,0.009,
tile_024772,val,ok,10807,0.009,
tile_024773,train,ok,10922,0.007,
tile_024774,train,ok,12931,0.01,
tile_024775,train,ok,11844,0.009,
tile_024776,val,ok,12451,0.007,
tile_024777,val,ok,12101,0.011,
tile_024778,val,ok,12186,0.011,
tile_024779,train,ok,11415,0.011,
tile_024780,train,ok,10118,0.01,
tile_024781,train,ok,11758,0.008,
tile_024782,train,ok,11710,0.009,
tile_024783,train,ok,12154,0.009,
tile_024784,train,ok,11958,0.008,
tile_024785,train,ok,10384,0.008,
tile_024786,val,ok,9959,0.007,
tile_024787,val,ok,11107,0.007,
tile_024788,train,ok,12253,0.007,
tile_024789,val,ok,11301,0.008,
tile_024790,train,ok,12869,0.009,
tile_024791,train,ok,12432,0.007,
tile_024792,test,ok,12630,0.008,
tile_024793,train,ok,12926,0.008,
tile_024794,train,ok,12724,0.008,
tile_024795,train,ok,12496,0.008,
tile_024796,train,ok,12938,0.008,
tile_024797,train,ok,12005,0.01,
tile_024798,train,ok,12497,0.01,
tile_024799,test,ok,7672,0.011,
tile_024800,test,ok,7846,0.01,
tile_024801,test,ok,11988,0.013,
tile_024802,test,ok,12595,0.014,
tile_024803,train,ok,10044,0.012,
tile_024804,train,ok,8461,0.016,
tile_024805,train,ok,8811,0.013,
tile_024806,train,ok,8200,0.011,
tile_024807,train,ok,11981,0.011,
tile_024808,train,ok,11924,0.009,
tile_024809,train,ok,9950,0.01,
tile_024810,train,ok,10816,0.011,
tile_024811,train,ok,9054,0.011,
tile_024812,train,ok,10087,0.01,
tile_024813,val,ok,9911,0.012,
tile_024814,val,ok,9612,0.011,
tile_024815,val,ok,11581,0.011,
tile_024816,val,ok,10149,0.01,
tile_024817,val,ok,8291,0.01,
tile_024818,val,ok,9494,0.01,
tile_024819,val,ok,8584,0.011,
tile_024820,val,ok,10062,0.01,
tile_024821,val,ok,12499,0.01,
tile_024822,train,ok,11716,0.011,
tile_024823,train,ok,11216,0.01,
tile_024824,val,ok,12695,0.009,
tile_024825,val,ok,13086,0.008,
tile_024826,train,ok,12263,0.008,
tile_024827,train,ok,9261,0.009,
tile_024828,train,ok,11750,0.008,
tile_024829,train,ok,12715,0.01,
tile_024830,val,ok,12088,0.01,
tile_024831,val,ok,12983,0.01,
tile_024832,val,ok,12106,0.01,
tile_024833,train,ok,12100,0.008,
tile_024834,val,ok,10447,0.007,
tile_024835,train,ok,13165,0.009,
tile_024836,train,ok,12209,0.01,
tile_024837,train,ok,13045,0.008,
tile_024838,test,ok,9643,0.009,
tile_024839,train,ok,12729,0.009,
tile_024840,train,ok,11799,0.009,
tile_024841,train,ok,12704,0.008,
tile_024842,train,ok,12382,0.008,
tile_024843,test,ok,12030,0.008,
tile_024844,test,ok,11331,0.008,
tile_024845,train,ok,8614,0.009,
tile_024846,train,ok,9205,0.01,
tile_024847,train,ok,10331,0.009,
tile_024848,train,ok,10597,0.008,
tile_024849,train,ok,8696,0.009,
tile_024850,train,ok,9397,0.008,
tile_024851,train,ok,7688,0.009,
tile_024852,train,ok,7519,0.008,
tile_024853,train,ok,9859,0.01,
tile_024854,train,ok,12947,0.009,
tile_024855,train,ok,8430,0.008,
tile_024856,train,ok,11346,0.008,
tile_024857,train,ok,11883,0.007,
tile_024858,train,ok,11017,0.007,
tile_024859,train,ok,9168,0.007,
tile_024860,train,ok,9825,0.007,
tile_024861,train,ok,9729,0.007,
tile_024862,train,ok,9716,0.007,
tile_024863,train,ok,8989,0.007,
tile_024864,train,ok,8123,0.008,
tile_024865,train,ok,9450,0.007,
tile_024866,train,ok,13014,0.007,
tile_024867,train,ok,12694,0.007,
tile_024868,train,ok,11783,0.007,
tile_024869,train,ok,11035,0.007,
tile_024870,train,ok,12742,0.007,
tile_024871,val,ok,12869,0.006,
tile_024872,val,ok,12338,0.008,
tile_024873,val,ok,11741,0.006,
tile_024874,train,ok,11108,0.009,
tile_024875,train,ok,8462,0.007,
tile_024876,train,ok,12206,0.009,
tile_024877,train,ok,10894,0.009,
tile_024878,train,ok,10271,0.009,
tile_024879,val,ok,13132,0.008,
tile_024880,train,ok,10916,0.007,
tile_024881,train,ok,11296,0.009,
tile_024882,train,ok,12676,0.009,
tile_024883,train,ok,11485,0.009,
tile_024884,train,ok,11829,0.009,
tile_024885,train,ok,13155,0.008,
tile_024886,train,ok,11043,0.008,
tile_024887,train,ok,11725,0.009,
tile_024888,train,ok,12359,0.008,
tile_024889,train,ok,12202,0.008,
tile_024890,train,ok,13100,0.008,
tile_024891,train,ok,10884,0.009,
tile_024892,test,ok,12425,0.009,
tile_024893,test,ok,9001,0.008,
tile_024894,test,ok,12699,0.009,
tile_024895,train,ok,10160,0.007,
tile_024896,train,ok,12797,0.008,
tile_024897,train,ok,12061,0.009,
tile_024898,train,ok,11902,0.008,
tile_024899,train,ok,11422,0.008,
tile_024900,train,ok,11821,0.009,
tile_024901,train,ok,10839,0.008,
tile_024902,train,ok,11400,0.008,
tile_024903,train,ok,10398,0.007,
tile_024904,train,ok,10643,0.007,
tile_024905,train,ok,12189,0.009,
tile_024906,train,ok,10089,0.009,
tile_024907,train,ok,12120,0.009,
tile_024908,train,ok,12986,0.008,
tile_024909,train,ok,11918,0.009,
tile_024910,train,ok,9793,0.008,
tile_024911,train,ok,9583,0.008,
tile_024912,train,ok,9357,0.009,
tile_024913,train,ok,8730,0.007,
tile_024914,train,ok,9156,0.006,
tile_024915,train,ok,10803,0.006,
tile_024916,train,ok,12500,0.007,
tile_024917,train,ok,7585,0.007,
tile_024918,train,ok,8932,0.007,
tile_024919,train,ok,12837,0.008,
tile_024920,train,ok,12964,0.006,
tile_024921,val,ok,12093,0.007,
tile_024922,val,ok,13119,0.01,
tile_024923,train,ok,11528,0.009,
tile_024924,train,ok,8847,0.008,
tile_024925,train,ok,12160,0.01,
tile_024926,train,ok,11146,0.009,
tile_024927,train,ok,11884,0.007,
tile_024928,val,ok,12353,0.009,
tile_024929,train,ok,10162,0.008,
tile_024930,train,ok,11468,0.008,
tile_024931,val,ok,12795,0.009,
tile_024932,train,ok,12548,0.009,
tile_024933,train,ok,11811,0.007,
tile_024934,test,ok,12463,0.009,
tile_024935,train,ok,12244,0.008,
tile_024936,train,ok,12856,0.009,
tile_024937,train,ok,11416,0.008,
tile_024938,train,ok,11528,0.007,
tile_024939,train,ok,12909,0.008,
tile_024940,train,ok,12924,0.008,
tile_024941,train,ok,9940,0.008,
tile_024942,train,ok,12885,0.008,
tile_024943,train,ok,11746,0.007,
tile_024944,train,ok,12366,0.008,
tile_024945,train,ok,11747,0.008,
tile_024946,train,ok,8812,0.006,
tile_024947,train,ok,12348,0.007,
tile_024948,train,ok,10887,0.006,
tile_024949,train,ok,11856,0.007,
tile_024950,train,ok,11416,0.006,
tile_024951,train,ok,12742,0.006,
tile_024952,train,ok,9884,0.006,
tile_024953,train,ok,8281,0.006,
tile_024954,train,ok,8580,0.006,
tile_024955,train,ok,10483,0.006,
tile_024956,train,ok,9469,0.006,
tile_024957,train,ok,9493,0.007,
tile_024958,train,ok,9994,0.006,
tile_024959,train,ok,8904,0.006,
tile_024960,train,ok,12850,0.006,
tile_024961,train,ok,12998,0.006,
tile_024962,train,ok,12911,0.007,
tile_024963,val,ok,12575,0.006,
tile_024964,train,ok,11260,0.006,
tile_024965,train,ok,10210,0.006,
tile_024966,train,ok,12839,0.006,
tile_024967,train,ok,10588,0.006,
tile_024968,train,ok,13030,0.006,
tile_024969,val,ok,12815,0.007,
tile_024970,val,ok,12822,0.007,
tile_024971,train,ok,10726,0.007,
tile_024972,val,ok,12957,0.007,
tile_024973,train,ok,12915,0.006,
tile_024974,train,ok,12425,0.006,
tile_024975,train,ok,12776,0.006,
tile_024976,train,ok,12631,0.006,
tile_024977,train,ok,11710,0.006,
tile_024978,train,ok,12111,0.006,
tile_024979,train,ok,10544,0.006,
tile_024980,test,ok,12169,0.006,
tile_024981,train,ok,11853,0.007,
tile_024982,train,ok,9015,0.006,
tile_024983,train,ok,11139,0.006,
tile_024984,train,ok,8646,0.006,
tile_024985,train,ok,9284,0.006,
tile_024986,train,ok,11053,0.006,
tile_024987,train,ok,11175,0.006,
tile_024988,train,ok,10583,0.006,
tile_024989,train,ok,9699,0.006,
tile_024990,train,ok,8766,0.006,
tile_024991,train,ok,10987,0.006,
tile_024992,train,ok,12386,0.007,
tile_024993,train,ok,10968,0.007,
tile_024994,train,ok,9280,0.006,
tile_024995,train,ok,9542,0.006,
tile_024996,train,ok,12187,0.007,
tile_024997,train,ok,9411,0.006,
tile_024998,train,ok,11508,0.006,
tile_024999,train,ok,8612,0.006,
tile_025000,train,ok,10331,0.006,
tile_025001,train,ok,12821,0.006,
tile_025002,train,ok,9254,0.006,
tile_025003,train,ok,9413,0.006,
tile_025004,train,ok,9374,0.006,
tile_025005,train,ok,11898,0.006,
tile_025006,train,ok,12545,0.006,
tile_025007,train,ok,11975,0.005,
tile_025008,test,ok,10724,0.006,
tile_025009,train,ok,13075,0.006,
tile_025010,val,ok,12822,0.006,
tile_025011,val,ok,12874,0.006,
tile_025012,train,ok,12449,0.006,
tile_025013,test,ok,12135,0.006,
tile_025014,test,ok,12943,0.006,
tile_025015,train,ok,11768,0.006,
tile_025016,train,ok,11827,0.006,
tile_025017,train,ok,11612,0.006,
tile_025018,train,ok,12083,0.006,
tile_025019,train,ok,10266,0.006,
tile_025020,train,ok,11928,0.006,
tile_025021,train,ok,11562,0.007,
tile_025022,train,ok,8977,0.007,
tile_025023,train,ok,8577,0.007,
tile_025024,train,ok,8564,0.006,
tile_025025,train,ok,8687,0.006,
tile_025026,train,ok,9323,0.006,
tile_025027,train,ok,9793,0.006,
tile_025028,train,ok,11376,0.006,
tile_025029,train,ok,10345,0.006,
tile_025030,train,ok,7680,0.007,
tile_025031,train,ok,7840,0.006,
tile_025032,train,ok,11671,0.007,
tile_025033,train,ok,11697,0.006,
tile_025034,train,ok,8741,0.006,
tile_025035,train,ok,9531,0.007,
tile_025036,train,ok,9374,0.007,
tile_025037,train,ok,12062,0.006,
tile_025038,train,ok,10584,0.007,
tile_025039,train,ok,10781,0.006,
tile_025040,train,ok,10705,0.006,
tile_025041,test,ok,12437,0.007,
tile_025042,test,ok,10772,0.006,
tile_025043,test,ok,11852,0.006,
tile_025044,train,ok,12945,0.006,
tile_025045,train,ok,7962,0.006,
tile_025046,train,ok,9462,0.006,
tile_025047,train,ok,10812,0.006,
tile_025048,train,ok,12544,0.006,
tile_025049,train,ok,11603,0.006,
tile_025050,train,ok,12687,0.006,
tile_025051,test,ok,12703,0.006,
tile_025052,train,ok,12897,0.006,
tile_025053,val,ok,12430,0.006,
tile_025054,val,ok,12244,0.006,
tile_025055,train,ok,12187,0.005,
tile_025056,train,ok,12021,0.006,
tile_025057,test,ok,13069,0.009,
tile_025058,test,ok,12907,0.008,
tile_025059,train,ok,12715,0.008,
tile_025060,train,ok,11783,0.008,
tile_025061,train,ok,10424,0.008,
tile_025062,train,ok,11607,0.009,
tile_025063,train,ok,12588,0.009,
tile_025064,train,ok,11190,0.009,
tile_025065,train,ok,10282,0.011,
tile_025066,val,ok,12637,0.009,
tile_025067,val,ok,12781,0.01,
tile_025068,val,ok,12517,0.01,
tile_025069,train,ok,11778,0.009,
tile_025070,train,ok,11352,0.008,
tile_025071,train,ok,7954,0.009,
tile_025072,train,ok,10347,0.009,
tile_025073,train,ok,9178,0.009,
tile_025074,train,ok,10258,0.009,
tile_025075,train,ok,11399,0.009,
tile_025076,train,ok,12926,0.009,
tile_025077,train,ok,10934,0.009,
tile_025078,train,ok,12344,0.009,
tile_025079,train,ok,12118,0.009,
tile_025080,train,ok,12843,0.009,
tile_025081,train,ok,10230,0.01,
tile_025082,train,ok,12308,0.009,
tile_025083,train,ok,11358,0.009,
tile_025084,train,ok,10671,0.009,
tile_025085,train,ok,11747,0.008,
tile_025086,train,ok,11565,0.009,
tile_025087,test,ok,9936,0.009,
tile_025088,test,ok,8788,0.008,
tile_025089,test,ok,7608,0.007,
tile_025090,test,ok,12770,0.007,
tile_025091,train,ok,10656,0.006,
tile_025092,train,ok,9616,0.007,
tile_025093,train,ok,12961,0.007,
tile_025094,train,ok,12843,0.006,
tile_025095,train,ok,12926,0.006,
tile_025096,train,ok,12446,0.005,
tile_025097,train,ok,11886,0.007,
tile_025098,train,ok,12359,0.008,
tile_025099,test,ok,12505,0.007,
tile_025100,test,ok,10789,0.008,
tile_025101,train,ok,11227,0.006,
tile_025102,val,ok,12430,0.006,
tile_025103,train,ok,12097,0.006,
tile_025104,test,ok,12037,0.007,
tile_025105,test,ok,12867,0.007,
tile_025106,test,ok,11882,0.006,
tile_025107,train,ok,10465,0.006,
tile_025108,train,ok,12133,0.007,
tile_025109,train,ok,12748,0.007,
tile_025110,train,ok,11865,0.007,
tile_025111,train,ok,12242,0.006,
tile_025112,train,ok,11550,0.006,
tile_025113,val,ok,12227,0.006,
tile_025114,train,ok,12690,0.006,
tile_025115,train,ok,12953,0.006,
tile_025116,train,ok,12925,0.006,
tile_025117,train,ok,12644,0.008,
tile_025118,train,ok,12138,0.007,
tile_025119,train,ok,11101,0.006,
tile_025120,train,ok,9531,0.007,
tile_025121,train,ok,10351,0.007,
tile_025122,train,ok,8550,0.006,
tile_025123,train,ok,9918,0.006,
tile_025124,train,ok,12826,0.009,
tile_025125,train,ok,11580,0.007,
tile_025126,train,ok,9297,0.006,
tile_025127,train,ok,8609,0.006,
tile_025128,train,ok,10728,0.006,
tile_025129,train,ok,12754,0.006,
tile_025130,train,ok,10721,0.007,
tile_025131,train,ok,10402,0.006,
tile_025132,train,ok,10345,0.007,
tile_025133,train,ok,12247,0.008,
tile_025134,train,ok,10653,0.009,
tile_025135,test,ok,9328,0.009,
tile_025136,test,ok,9244,0.009,
tile_025137,test,ok,8128,0.007,
tile_025138,test,ok,12016,0.009,
tile_025139,train,ok,11326,0.007,
tile_025140,train,ok,11877,0.008,
tile_025141,train,ok,11338,0.007,
tile_025142,train,ok,12345,0.008,
tile_025143,train,ok,10744,0.008,
tile_025144,train,ok,12455,0.01,
tile_025145,train,ok,12285,0.009,
tile_025146,test,ok,12448,0.01,
tile_025147,train,ok,11712,0.01,
tile_025148,train,ok,11727,0.01,
tile_025149,train,ok,9843,0.011,
tile_025150,train,ok,10785,0.011,
tile_025151,train,ok,11098,0.01,
tile_025152,train,ok,11645,0.011,
tile_025153,val,ok,12420,0.009,
tile_025154,train,ok,11671,0.008,
tile_025155,test,ok,9747,0.008,
tile_025156,test,ok,8874,0.009,
tile_025157,test,ok,12251,0.009,
tile_025158,train,ok,12582,0.01,
tile_025159,train,ok,12960,0.011,
tile_025160,val,ok,11656,0.012,
tile_025161,val,ok,11958,0.012,
tile_025162,train,ok,11628,0.01,
tile_025163,train,ok,8250,0.011,
tile_025164,train,ok,11545,0.01,
tile_025165,train,ok,10153,0.01,
tile_025166,train,ok,12236,0.011,
tile_025167,train,ok,10524,0.011,
tile_025168,train,ok,11810,0.01,
tile_025169,train,ok,7650,0.01,
tile_025170,train,ok,8220,0.008,
tile_025171,train,ok,9870,0.01,
tile_025172,train,ok,11570,0.01,
tile_025173,train,ok,9084,0.008,
tile_025174,train,ok,9947,0.009,
tile_025175,train,ok,12727,0.008,
tile_025176,train,ok,7867,0.009,
tile_025177,train,ok,10613,0.009,
tile_025178,train,ok,12267,0.009,
tile_025179,train,ok,12501,0.008,
tile_025180,train,ok,11554,0.009,
tile_025181,train,ok,10696,0.008,
tile_025182,train,ok,9000,0.007,
tile_025183,test,ok,9442,0.01,
tile_025184,test,ok,9053,0.01,
tile_025185,test,ok,8239,0.01,
tile_025186,test,ok,8094,0.01,
tile_025187,train,ok,9404,0.009,
tile_025188,test,ok,11631,0.009,
tile_025189,test,ok,11528,0.009,
tile_025190,train,ok,8226,0.009,
tile_025191,train,ok,10265,0.009,
tile_025192,train,ok,11395,0.009,
tile_025193,train,ok,11146,0.008,
tile_025194,train,ok,12021,0.008,
tile_025195,train,ok,10121,0.007,
tile_025196,train,ok,12695,0.009,
tile_025197,train,ok,11407,0.009,
tile_025198,train,ok,9836,0.009,
tile_025199,train,ok,9335,0.009,
tile_025200,train,ok,10313,0.01,
tile_025201,train,ok,11538,0.01,
tile_025202,train,ok,11482,0.009,
tile_025203,train,ok,11036,0.01,
tile_025204,train,ok,12991,0.008,
tile_025205,test,ok,11550,0.009,
tile_025206,test,ok,10392,0.009,
tile_025207,test,ok,10285,0.009,
tile_025208,train,ok,13043,0.007,
tile_025209,train,ok,12709,0.006,
tile_025210,train,ok,12886,0.007,
tile_025211,train,ok,12739,0.006,
tile_025212,train,ok,12845,0.008,
tile_025213,train,ok,12747,0.009,
tile_025214,train,ok,10851,0.008,
tile_025215,train,ok,12150,0.008,
tile_025216,train,ok,12509,0.008,
tile_025217,train,ok,11691,0.008,
tile_025218,train,ok,6639,0.008,
tile_025219,train,ok,7840,0.008,
tile_025220,train,ok,7544,0.008,
tile_025221,train,ok,8075,0.007,
tile_025222,train,ok,9406,0.008,
tile_025223,train,ok,12943,0.008,
tile_025224,train,ok,9858,0.007,
tile_025225,train,ok,10032,0.006,
tile_025226,test,ok,11222,0.006,
tile_025227,test,ok,8844,0.006,
tile_025228,val,ok,8606,0.009,
tile_025229,val,ok,9892,0.008,
tile_025230,val,ok,9403,0.008,
tile_025231,test,ok,10386,0.007,
tile_025232,test,ok,8602,0.007,
tile_025233,test,ok,8548,0.007,
tile_025234,test,ok,9361,0.006,
tile_025235,train,ok,10774,0.006,
tile_025236,test,ok,11532,0.008,
tile_025237,test,ok,12451,0.006,
tile_025238,train,ok,12885,0.006,
tile_025239,train,ok,9369,0.007,
tile_025240,train,ok,11439,0.007,
tile_025241,train,ok,11751,0.006,
tile_025242,train,ok,12177,0.007,
tile_025243,train,ok,13029,0.008,
tile_025244,train,ok,12597,0.007,
tile_025245,train,ok,10912,0.009,
tile_025246,train,ok,11783,0.007,
tile_025247,train,ok,11057,0.008,
tile_025248,train,ok,10155,0.008,
tile_025249,train,ok,10393,0.007,
tile_025250,train,ok,12141,0.007,
tile_025251,train,ok,12363,0.007,
tile_025252,train,ok,13103,0.007,
tile_025253,train,ok,12356,0.008,
tile_025254,train,ok,12149,0.007,
tile_025255,train,ok,12827,0.008,
tile_025256,test,ok,11128,0.007,
tile_025257,test,ok,12885,0.008,
tile_025258,train,ok,12557,0.008,
tile_025259,train,ok,12410,0.008,
tile_025260,train,ok,11407,0.008,
tile_025261,test,ok,11716,0.009,
tile_025262,test,ok,13158,0.008,
tile_025263,val,ok,12370,0.01,
tile_025264,val,ok,12708,0.011,
tile_025265,val,ok,13103,0.01,
tile_025266,train,ok,10240,0.01,
tile_025267,train,ok,12144,0.009,
tile_025268,val,ok,12623,0.009,
tile_025269,train,ok,11931,0.013,
tile_025270,train,ok,11568,0.011,
tile_025271,train,ok,10829,0.009,
tile_025272,train,ok,12565,0.011,
tile_025273,train,ok,12714,0.01,
tile_025274,train,ok,13047,0.011,
tile_025275,train,ok,8082,0.01,
tile_025276,train,ok,7739,0.01,
tile_025277,train,ok,8806,0.008,
tile_025278,train,ok,6899,0.01,
tile_025279,train,ok,12551,0.01,
tile_025280,train,ok,12833,0.009,
tile_025281,train,ok,12872,0.01,
tile_025282,val,ok,9804,0.009,
tile_025283,val,ok,8848,0.01,
tile_025284,test,ok,9465,0.009,
tile_025285,test,ok,8309,0.008,
tile_025286,test,ok,6803,0.009,
tile_025287,test,ok,9092,0.009,
tile_025288,train,ok,9656,0.009,
tile_025289,train,ok,10276,0.01,
tile_025290,train,ok,12415,0.009,
tile_025291,train,ok,11313,0.011,
tile_025292,train,ok,12467,0.011,
tile_025293,train,ok,12912,0.011,
tile_025294,train,ok,12383,0.012,
tile_025295,train,ok,9959,0.011,
tile_025296,train,ok,9882,0.01,
tile_025297,train,ok,10346,0.01,
tile_025298,train,ok,9672,0.01,
tile_025299,train,ok,11170,0.009,
tile_025300,train,ok,9432,0.01,
tile_025301,train,ok,10010,0.012,
tile_025302,train,ok,13094,0.011,
tile_025303,train,ok,12847,0.011,
tile_025304,train,ok,11389,0.012,
tile_025305,test,ok,11741,0.013,
tile_025306,test,ok,12630,0.012,
tile_025307,train,ok,10182,0.013,
tile_025308,train,ok,12486,0.013,
tile_025309,val,ok,12683,0.012,
tile_025310,train,ok,11101,0.012,
tile_025311,train,ok,11662,0.012,
tile_025312,train,ok,10133,0.01,
tile_025313,train,ok,12808,0.012,
tile_025314,train,ok,11900,0.01,
tile_025315,train,ok,13017,0.011,
tile_025316,train,ok,11409,0.01,
tile_025317,train,ok,13100,0.009,
tile_025318,train,ok,11061,0.009,
tile_025319,train,ok,10242,0.009,
tile_025320,train,ok,12334,0.01,
tile_025321,train,ok,11580,0.01,
tile_025322,train,ok,12239,0.01,
tile_025323,train,ok,13091,0.01,
tile_025324,train,ok,9983,0.01,
tile_025325,train,ok,10657,0.009,
tile_025326,train,ok,9355,0.009,
tile_025327,train,ok,7609,0.008,
tile_025328,train,ok,11074,0.008,
tile_025329,train,ok,11933,0.009,
tile_025330,train,ok,12415,0.01,
tile_025331,train,ok,12226,0.008,
tile_025332,val,ok,11808,0.009,
tile_025333,val,ok,7880,0.008,
tile_025334,test,ok,10032,0.01,
tile_025335,test,ok,8267,0.009,
tile_025336,test,ok,7940,0.008,
tile_025337,test,ok,10984,0.009,
tile_025338,train,ok,12301,0.009,
tile_025339,train,ok,12084,0.009,
tile_025340,train,ok,10911,0.008,
tile_025341,train,ok,10337,0.009,
tile_025342,train,ok,12714,0.008,
tile_025343,train,ok,10106,0.008,
tile_025344,train,ok,11004,0.007,
tile_025345,train,ok,10822,0.006,
tile_025346,train,ok,12889,0.006,
tile_025347,train,ok,11879,0.006,
tile_025348,train,ok,12093,0.006,
tile_025349,test,ok,12820,0.006,
tile_025350,test,ok,12749,0.007,
tile_025351,train,ok,11392,0.007,
tile_025352,train,ok,11209,0.007,
tile_025353,train,ok,12582,0.009,
tile_025354,train,ok,11936,0.008,
tile_025355,test,ok,12833,0.007,
tile_025356,test,ok,12543,0.008,
tile_025357,train,ok,12666,0.008,
tile_025358,test,ok,12460,0.007,
tile_025359,val,ok,13101,0.007,
tile_025360,val,ok,12762,0.008,
tile_025361,train,ok,12262,0.008,
tile_025362,train,ok,11548,0.008,
tile_025363,train,ok,12578,0.007,
tile_025364,train,ok,13061,0.008,
tile_025365,train,ok,12016,0.008,
tile_025366,train,ok,12081,0.008,
tile_025367,train,ok,12902,0.007,
tile_025368,train,ok,11756,0.007,
tile_025369,train,ok,10959,0.008,
tile_025370,train,ok,10960,0.008,
tile_025371,train,ok,11928,0.009,
tile_025372,train,ok,13003,0.008,
tile_025373,train,ok,11938,0.008,
tile_025374,train,ok,10995,0.007,
tile_025375,train,ok,12620,0.007,
tile_025376,train,ok,11790,0.007,
tile_025377,train,ok,10697,0.008,
tile_025378,train,ok,10727,0.008,
tile_025379,train,ok,9280,0.008,
tile_025380,test,ok,12502,0.008,
tile_025381,test,ok,9720,0.008,
tile_025382,test,ok,10152,0.009,
tile_025383,test,ok,8984,0.008,
tile_025384,test,ok,10203,0.007,
tile_025385,train,ok,12709,0.006,
tile_025386,train,ok,12897,0.006,
tile_025387,train,ok,12594,0.006,
tile_025388,train,ok,11722,0.006,
tile_025389,train,ok,11891,0.007,
tile_025390,train,ok,11792,0.008,
tile_025391,train,ok,10975,0.008,
tile_025392,train,ok,11282,0.006,
tile_025393,train,ok,12079,0.006,
tile_025394,train,ok,12994,0.007,
tile_025395,train,ok,12199,0.007,
tile_025396,train,ok,9887,0.006,
tile_025397,train,ok,11953,0.007,
tile_025398,train,ok,12853,0.008,
tile_025399,train,ok,12191,0.007,
tile_025400,train,ok,13123,0.007,
tile_025401,train,ok,11811,0.008,
tile_025402,train,ok,12936,0.008,
tile_025403,train,ok,12750,0.007,
tile_025404,train,ok,13054,0.008,
tile_025405,train,ok,12942,0.009,
tile_025406,train,ok,12980,0.009,
tile_025407,train,ok,12765,0.008,
tile_025408,train,ok,12904,0.009,
tile_025409,train,ok,11765,0.009,
tile_025410,train,ok,12077,0.009,
tile_025411,train,ok,12754,0.009,
tile_025412,train,ok,12824,0.008,
tile_025413,train,ok,11478,0.007,
tile_025414,train,ok,12860,0.009,
tile_025415,train,ok,12132,0.01,
tile_025416,test,ok,12974,0.009,
tile_025417,train,ok,11610,0.01,
tile_025418,train,ok,12501,0.01,
tile_025419,train,ok,11781,0.009,
tile_025420,train,ok,10414,0.009,
tile_025421,train,ok,8983,0.007,
tile_025422,train,ok,11095,0.009,
tile_025423,train,ok,9854,0.009,
tile_025424,train,ok,12290,0.007,
tile_025425,train,ok,13117,0.01,
tile_025426,train,ok,9632,0.01,
tile_025427,train,ok,11454,0.01,
tile_025428,train,ok,11775,0.01,
tile_025429,train,ok,12783,0.01,
tile_025430,train,ok,11911,0.011,
tile_025431,train,ok,10307,0.011,
tile_025432,train,ok,10113,0.01,
tile_025433,train,ok,10114,0.01,
tile_025434,train,ok,11988,0.01,
tile_025435,train,ok,12954,0.01,
tile_025436,train,ok,10790,0.01,
tile_025437,train,ok,9206,0.009,
tile_025438,train,ok,9380,0.009,
tile_025439,train,ok,9202,0.008,
tile_025440,train,ok,11115,0.009,
tile_025441,train,ok,11856,0.008,
tile_025442,train,ok,12592,0.009,
tile_025443,train,ok,12807,0.008,
tile_025444,train,ok,12455,0.008,
tile_025445,train,ok,12459,0.007,
tile_025446,train,ok,12857,0.009,
tile_025447,train,ok,12510,0.008,
tile_025448,train,ok,12611,0.009,
tile_025449,train,ok,12210,0.009,
tile_025450,train,ok,12989,0.008,
tile_025451,train,ok,12303,0.008,
tile_025452,train,ok,9866,0.007,
tile_025453,train,ok,12394,0.007,
tile_025454,train,ok,12096,0.008,
tile_025455,train,ok,11714,0.008,
tile_025456,train,ok,12387,0.006,
tile_025457,train,ok,12577,0.007,
tile_025458,train,ok,12723,0.006,
tile_025459,train,ok,13102,0.007,
tile_025460,train,ok,12580,0.007,
tile_025461,train,ok,12227,0.007,
tile_025462,train,ok,10317,0.009,
tile_025463,train,ok,11698,0.007,
tile_025464,train,ok,13076,0.007,
tile_025465,train,ok,11879,0.006,
tile_025466,train,ok,9950,0.007,
tile_025467,train,ok,12415,0.006,
tile_025468,train,ok,12357,0.007,
tile_025469,train,ok,12332,0.009,
tile_025470,train,ok,12391,0.008,
tile_025471,train,ok,10040,0.007,
tile_025472,train,ok,10517,0.007,
tile_025473,train,ok,9882,0.007,
tile_025474,train,ok,12583,0.007,
tile_025475,train,ok,9689,0.008,
tile_025476,train,ok,10446,0.007,
tile_025477,train,ok,9575,0.006,
tile_025478,train,ok,10755,0.006,
tile_025479,train,ok,11917,0.006,
tile_025480,train,ok,10917,0.006,
tile_025481,train,ok,12422,0.006,
tile_025482,train,ok,12042,0.006,
tile_025483,train,ok,10501,0.006,
tile_025484,train,ok,12367,0.006,
tile_025485,train,ok,9573,0.005,
tile_025486,train,ok,13050,0.006,
tile_025487,train,ok,9798,0.006,
tile_025488,train,ok,11021,0.007,
tile_025489,train,ok,10146,0.006,
tile_025490,train,ok,11117,0.006,
tile_025491,train,ok,12954,0.006,
tile_025492,train,ok,12398,0.006,
tile_025493,train,ok,12511,0.006,
tile_025494,train,ok,12370,0.006,
tile_025495,train,ok,11437,0.006,
tile_025496,train,ok,12939,0.006,
tile_025497,train,ok,12585,0.006,
tile_025498,train,ok,13124,0.005,
tile_025499,train,ok,11768,0.005,
tile_025500,train,ok,12742,0.006,
tile_025501,test,ok,12248,0.006,
tile_025502,train,ok,12464,0.006,
tile_025503,train,ok,12513,0.006,
tile_025504,train,ok,13109,0.005,
tile_025505,train,ok,12364,0.005,
tile_025506,train,ok,12035,0.006,
tile_025507,train,ok,11716,0.005,
tile_025508,train,ok,12940,0.006,
tile_025509,train,ok,12703,0.006,
tile_025510,train,ok,11950,0.006,
tile_025511,train,ok,12140,0.006,
tile_025512,train,ok,10669,0.006,
tile_025513,train,ok,11256,0.005,
tile_025514,train,ok,12918,0.006,
tile_025515,train,ok,10599,0.005,
tile_025516,train,ok,12756,0.005,
tile_025517,train,ok,12631,0.006,
tile_025518,train,ok,12543,0.006,
tile_025519,train,ok,11463,0.006,
tile_025520,train,ok,11828,0.006,
tile_025521,train,ok,10694,0.005,
tile_025522,train,ok,12984,0.006,
tile_025523,train,ok,12118,0.005,
tile_025524,train,ok,11066,0.006,
tile_025525,train,ok,11924,0.005,
tile_025526,train,ok,12334,0.006,
tile_025527,train,ok,12146,0.006,
tile_025528,train,ok,12702,0.006,
tile_025529,train,ok,10461,0.006,
tile_025530,train,ok,13071,0.006,
tile_025531,train,ok,12175,0.006,
tile_025532,train,ok,11366,0.006,
tile_025533,train,ok,12812,0.006,
tile_025534,train,ok,12423,0.006,
tile_025535,train,ok,12951,0.006,
tile_025536,train,ok,12498,0.006,
tile_025537,train,ok,12363,0.006,
tile_025538,train,ok,12793,0.006,
tile_025539,train,ok,12137,0.006,
tile_025540,train,ok,11413,0.006,
tile_025541,train,ok,13098,0.006,
tile_025542,train,ok,12861,0.008,
tile_025543,train,ok,11592,0.008,
tile_025544,train,ok,12846,0.008,
tile_025545,train,ok,12422,0.009,
tile_025546,train,ok,12516,0.01,
tile_025547,train,ok,10329,0.008,
tile_025548,test,ok,13069,0.008,
tile_025549,train,ok,12314,0.008,
tile_025550,train,ok,12076,0.008,
tile_025551,train,ok,11120,0.008,
tile_025552,train,ok,12855,0.009,
tile_025553,train,ok,12355,0.009,
tile_025554,train,ok,12551,0.008,
tile_025555,train,ok,12042,0.008,
tile_025556,train,ok,12296,0.008,
tile_025557,train,ok,11279,0.008,
tile_025558,train,ok,11703,0.009,
tile_025559,train,ok,12101,0.01,
tile_025560,train,ok,12848,0.011,
tile_025561,train,ok,11720,0.01,
tile_025562,train,ok,12743,0.012,
tile_025563,train,ok,10374,0.012,
tile_025564,train,ok,12997,0.012,
tile_025565,train,ok,11174,0.012,
tile_025566,train,ok,13097,0.011,
tile_025567,test,ok,9560,0.012,
tile_025568,test,ok,9410,0.011,
tile_025569,train,ok,11322,0.011,
tile_025570,train,ok,11961,0.011,
tile_025571,val,ok,12915,0.01,
tile_025572,train,ok,12875,0.01,
tile_025573,train,ok,12573,0.01,
tile_025574,test,ok,12380,0.009,
tile_025575,train,ok,9923,0.009,
tile_025576,train,ok,11303,0.01,
tile_025577,train,ok,8467,0.01,
tile_025578,train,ok,12164,0.01,
tile_025579,train,ok,12871,0.009,
tile_025580,train,ok,12966,0.009,
tile_025581,train,ok,12814,0.009,
tile_025582,train,ok,12242,0.008,
tile_025583,train,ok,12687,0.009,
tile_025584,train,ok,12803,0.008,
tile_025585,train,ok,11140,0.009,
tile_025586,train,ok,10982,0.008,
tile_025587,train,ok,12856,0.008,
tile_025588,train,ok,11463,0.008,
tile_025589,train,ok,12307,0.007,
tile_025590,train,ok,12408,0.009,
tile_025591,train,ok,11701,0.009,
tile_025592,train,ok,12849,0.008,
tile_025593,train,ok,12538,0.009,
tile_025594,val,ok,12329,0.008,
tile_025595,train,ok,12977,0.007,
tile_025596,train,ok,12528,0.009,
tile_025597,train,ok,12835,0.009,
tile_025598,train,ok,12639,0.007,
tile_025599,train,ok,13046,0.007,
tile_025600,train,ok,11388,0.008,
tile_025601,test,ok,11966,0.008,
tile_025602,train,ok,12141,0.008,
tile_025603,train,ok,11510,0.009,
tile_025604,train,ok,11962,0.009,
tile_025605,train,ok,12782,0.008,
tile_025606,train,ok,12944,0.007,
tile_025607,train,ok,12677,0.009,
tile_025608,train,ok,12577,0.009,
tile_025609,train,ok,12641,0.009,
tile_025610,train,ok,13015,0.009,
tile_025611,train,ok,12315,0.008,
tile_025612,train,ok,11920,0.009,
tile_025613,train,ok,12608,0.008,
tile_025614,train,ok,11234,0.007,
tile_025615,train,ok,11785,0.009,
tile_025616,train,ok,12034,0.008,
tile_025617,train,ok,11515,0.008,
tile_025618,train,ok,12932,0.007,
tile_025619,train,ok,13019,0.007,
tile_025620,train,ok,12657,0.008,
tile_025621,train,ok,11943,0.007,
tile_025622,train,ok,12437,0.008,
tile_025623,test,ok,10854,0.007,
tile_025624,train,ok,12349,0.007,
tile_025625,train,ok,11400,0.008,
tile_025626,val,ok,11026,0.007,
tile_025627,val,ok,12777,0.007,
tile_025628,train,ok,12946,0.008,
tile_025629,train,ok,12986,0.006,
tile_025630,train,ok,11598,0.008,
tile_025631,train,ok,12325,0.008,
tile_025632,train,ok,10805,0.008,
tile_025633,train,ok,12739,0.008,
tile_025634,train,ok,13113,0.008,
tile_025635,train,ok,11934,0.006,
tile_025636,train,ok,10897,0.007,
tile_025637,train,ok,12477,0.008,
tile_025638,train,ok,13001,0.006,
tile_025639,train,ok,12791,0.007,
tile_025640,train,ok,12151,0.007,
tile_025641,train,ok,12764,0.008,
tile_025642,train,ok,12929,0.007,
tile_025643,val,ok,12951,0.007,
tile_025644,train,ok,10540,0.007,
tile_025645,val,ok,12122,0.007,
tile_025646,val,ok,12835,0.007,
tile_025647,val,ok,12802,0.007,
tile_025648,test,ok,8886,0.007,
tile_025649,test,ok,11388,0.008,
tile_025650,train,ok,11682,0.008,
tile_025651,train,ok,12242,0.007,
tile_025652,train,ok,12486,0.007,
tile_025653,train,ok,11687,0.006,
tile_025654,train,ok,12231,0.006,
tile_025655,train,ok,13069,0.005,
tile_025656,train,ok,12777,0.006,
tile_025657,train,ok,12118,0.006,
tile_025658,train,ok,12167,0.006,
tile_025659,train,ok,11491,0.005,
tile_025660,train,ok,12242,0.005,
tile_025661,train,ok,11143,0.006,
tile_025662,train,ok,11263,0.006,
tile_025663,train,ok,11291,0.006,
tile_025664,train,ok,10348,0.006,
tile_025665,train,ok,12444,0.006,
tile_025666,train,ok,13054,0.006,
tile_025667,train,ok,12029,0.006,
tile_025668,train,ok,12468,0.006,
tile_025669,test,ok,7514,0.005,
tile_025670,test,ok,11090,0.005,
tile_025671,train,ok,11051,0.005,
tile_025672,train,ok,12345,0.006,
tile_025673,train,ok,13036,0.006,
tile_025674,train,ok,12556,0.005,
tile_025675,train,ok,11908,0.006,
tile_025676,train,ok,12280,0.005,
tile_025677,train,ok,12472,0.006,
tile_025678,train,ok,12900,0.006,
tile_025679,train,ok,12798,0.006,
tile_025680,train,ok,12913,0.007,
tile_025681,train,ok,12875,0.007,
tile_025682,train,ok,12520,0.007,
tile_025683,train,ok,12898,0.007,
tile_025684,train,ok,11951,0.006,
tile_025685,train,ok,12497,0.005,
tile_025686,train,ok,12898,0.005,
tile_025687,train,ok,12058,0.005,
tile_025688,train,ok,10560,0.006,
tile_025689,train,ok,12268,0.006,
tile_025690,train,ok,12538,0.006,
tile_025691,train,ok,12142,0.006,
tile_025692,train,ok,11600,0.006,
tile_025693,train,ok,12064,0.006,
tile_025694,train,ok,12994,0.006,
tile_025695,train,ok,12417,0.005,
tile_025696,val,ok,12839,0.006,
tile_025697,val,ok,11781,0.006,
tile_025698,train,ok,12474,0.006,
tile_025699,test,ok,10867,0.005,
tile_025700,train,ok,13083,0.007,
tile_025701,train,ok,12140,0.007,
tile_025702,train,ok,12181,0.007,
tile_025703,train,ok,11691,0.007,
tile_025704,train,ok,12795,0.005,
tile_025705,train,ok,11918,0.007,
tile_025706,train,ok,12636,0.006,
tile_025707,train,ok,13028,0.006,
tile_025708,train,ok,12102,0.006,
tile_025709,train,ok,11542,0.006,
tile_025710,train,ok,11858,0.006,
tile_025711,train,ok,11876,0.006,
tile_025712,train,ok,11644,0.006,
tile_025713,train,ok,12264,0.007,
tile_025714,train,ok,12236,0.007,
tile_025715,train,ok,12520,0.006,
tile_025716,train,ok,12869,0.006,
tile_025717,train,ok,12665,0.007,
tile_025718,train,ok,10776,0.006,
tile_025719,train,ok,13110,0.007,
tile_025720,train,ok,12976,0.006,
tile_025721,train,ok,12939,0.006,
tile_025722,train,ok,11477,0.006,
tile_025723,train,ok,13009,0.006,
tile_025724,train,ok,12534,0.006,
tile_025725,train,ok,12726,0.006,
tile_025726,train,ok,12832,0.006,
tile_025727,train,ok,12036,0.007,
tile_025728,train,ok,13091,0.006,
tile_025729,train,ok,13087,0.007,
tile_025730,train,ok,11916,0.006,
tile_025731,train,ok,12384,0.006,
tile_025732,train,ok,12759,0.006,
tile_025733,train,ok,12344,0.007,
tile_025734,train,ok,12241,0.006,
tile_025735,train,ok,12138,0.006,
tile_025736,val,ok,13005,0.006,
tile_025737,train,ok,10856,0.006,
tile_025738,train,ok,11388,0.006,
tile_025739,train,ok,12942,0.006,
tile_025740,train,ok,11427,0.005,
tile_025741,train,ok,12455,0.006,
tile_025742,train,ok,12760,0.006,
tile_025743,train,ok,12792,0.006,
tile_025744,train,ok,12175,0.006,
tile_025745,train,ok,13103,0.006,
tile_025746,val,ok,12797,0.006,
tile_025747,train,ok,13091,0.006,
tile_025748,train,ok,12566,0.007,
tile_025749,val,ok,12942,0.006,
tile_025750,train,ok,12782,0.005,
tile_025751,train,ok,11312,0.006,
tile_025752,train,ok,13068,0.007,
tile_025753,train,ok,9835,0.006,
tile_025754,train,ok,13088,0.006,
tile_025755,train,ok,12318,0.005,
tile_025756,train,ok,11710,0.006,
tile_025757,train,ok,12750,0.006,
tile_025758,train,ok,11260,0.006,
tile_025759,test,ok,12293,0.006,
tile_025760,train,ok,12262,0.005,
tile_025761,train,ok,11032,0.007,
tile_025762,train,ok,12932,0.007,
tile_025763,train,ok,12831,0.008,
tile_025764,test,ok,12284,0.008,
tile_025765,train,ok,11052,0.006,
tile_025766,train,ok,10864,0.006,
tile_025767,train,ok,12096,0.006,
tile_025768,train,ok,11571,0.006,
tile_025769,train,ok,13009,0.007,
tile_025770,train,ok,11798,0.005,
tile_025771,train,ok,12165,0.005,
tile_025772,train,ok,11981,0.006,
tile_025773,train,ok,12189,0.006,
tile_025774,train,ok,12487,0.007,
tile_025775,train,ok,12914,0.006,
tile_025776,train,ok,12383,0.006,
tile_025777,train,ok,12607,0.006,
tile_025778,train,ok,12681,0.006,
tile_025779,train,ok,11896,0.006,
tile_025780,train,ok,12194,0.006,
tile_025781,train,ok,12161,0.006,
tile_025782,train,ok,12777,0.056,
tile_025783,train,ok,10855,0.079,
tile_025784,train,ok,11687,0.08,
tile_025785,train,ok,12940,0.078,
tile_025786,train,ok,12802,0.03,
tile_025787,train,ok,10788,0.009,
tile_025788,train,ok,13096,0.008,
tile_025789,train,ok,13036,0.009,
tile_025790,train,ok,12184,0.009,
tile_025791,train,ok,12802,0.008,
tile_025792,train,ok,12851,0.008,
tile_025793,test,ok,12490,0.008,
tile_025794,train,ok,12987,0.008,
tile_025795,train,ok,10677,0.008,
tile_025796,train,ok,12980,0.008,
tile_025797,train,ok,9058,0.009,
tile_025798,train,ok,12966,0.008,
tile_025799,train,ok,12683,0.009,
tile_025800,train,ok,12516,0.009,
tile_025801,train,ok,11869,0.008,
tile_025802,train,ok,13018,0.008,
tile_025803,train,ok,12651,0.008,
tile_025804,train,ok,12331,0.009,
tile_025805,train,ok,11711,0.008,
tile_025806,train,ok,12460,0.009,
tile_025807,train,ok,10127,0.01,
tile_025808,train,ok,12893,0.01,
tile_025809,train,ok,11597,0.009,
tile_025810,train,ok,12161,0.009,
tile_025811,train,ok,12424,0.008,
tile_025812,test,ok,12396,0.008,
tile_025813,train,ok,12894,0.008,
tile_025814,train,ok,12299,0.008,
tile_025815,train,ok,12497,0.008,
tile_025816,train,ok,11407,0.008,
tile_025817,train,ok,13011,0.007,
tile_025818,train,ok,11877,0.007,
tile_025819,test,ok,13148,0.007,
tile_025820,train,ok,12965,0.007,
tile_025821,train,ok,12904,0.007,
tile_025822,train,ok,12831,0.007,
tile_025823,train,ok,12258,0.006,
tile_025824,train,ok,12714,0.007,
tile_025825,val,ok,12585,0.007,
tile_025826,train,ok,13010,0.007,
tile_025827,train,ok,13049,0.005,
tile_025828,train,ok,12964,0.007,
tile_025829,train,ok,12753,0.007,
tile_025830,train,ok,13072,0.007,
tile_025831,val,ok,12391,0.007,
tile_025832,train,ok,12662,0.008,
tile_025833,train,ok,12204,0.007,
tile_025834,test,ok,12855,0.008,
tile_025835,test,ok,12479,0.007,
tile_025836,test,ok,12628,0.008,
tile_025837,train,ok,13083,0.008,
tile_025838,test,ok,12776,0.007,
tile_025839,train,ok,12976,0.007,
tile_025840,train,ok,12843,0.007,
tile_025841,train,ok,12990,0.007,
tile_025842,train,ok,12228,0.007,
tile_025843,train,ok,11051,0.006,
tile_025844,train,ok,12779,0.008,
tile_025845,val,ok,12037,0.006,
tile_025846,train,ok,12806,0.007,
tile_025847,train,ok,12805,0.007,
tile_025848,train,ok,10657,0.006,
tile_025849,test,ok,10131,0.006,
tile_025850,test,ok,11647,0.006,
tile_025851,train,ok,12858,0.006,
tile_025852,train,ok,13059,0.006,
tile_025853,test,ok,13047,0.007,
tile_025854,train,ok,11997,0.006,
tile_025855,train,ok,10113,0.006,
tile_025856,train,ok,11524,0.006,
tile_025857,train,ok,12712,0.006,
tile_025858,train,ok,13150,0.006,
tile_025859,test,ok,12949,0.006,
tile_025860,test,ok,10457,0.007,
tile_025861,train,ok,12575,0.006,
tile_025862,train,ok,12888,0.008,
tile_025863,train,ok,12066,0.007,
tile_025864,train,ok,11175,0.007,
tile_025865,train,ok,12036,0.007,
tile_025866,train,ok,12992,0.008,
tile_025867,test,ok,12773,0.006,
tile_025868,test,ok,11268,0.008,
tile_025869,train,ok,11807,0.007,
tile_025870,train,ok,12634,0.008,
tile_025871,train,ok,12238,0.008,
tile_025872,train,ok,12196,0.007,
tile_025873,train,ok,12583,0.007,
tile_025874,test,ok,11470,0.007,
tile_025875,val,ok,12931,0.007,
tile_025876,train,ok,12234,0.007,
tile_025877,train,ok,13000,0.007,
tile_025878,train,ok,12551,0.008,
tile_025879,train,ok,12053,0.007,
tile_025880,train,ok,12521,0.007,
tile_025881,train,ok,12808,0.008,
tile_025882,train,ok,12000,0.007,
tile_025883,train,ok,12278,0.006,
tile_025884,train,ok,11484,0.007,
tile_025885,train,ok,12187,0.008,
tile_025886,test,ok,12823,0.007,
tile_025887,test,ok,12511,0.008,
tile_025888,test,ok,10195,0.007,
tile_025889,train,ok,10225,0.008,
tile_025890,train,ok,12240,0.007,
tile_025891,train,ok,12411,0.007,
tile_025892,val,ok,11638,0.008,
tile_025893,val,ok,12775,0.007,
tile_025894,train,ok,12384,0.006,
tile_025895,train,ok,13059,0.006,
tile_025896,train,ok,12100,0.006,
tile_025897,train,ok,11621,0.008,
tile_025898,test,ok,12698,0.007,
tile_025899,test,ok,12248,0.006,
tile_025900,test,ok,12029,0.008,
tile_025901,train,ok,13153,0.008,
tile_025902,train,ok,12983,0.007,
tile_025903,train,ok,12051,0.007,
tile_025904,train,ok,12571,0.009,
tile_025905,train,ok,12327,0.006,
tile_025906,train,ok,12623,0.008,
tile_025907,train,ok,12456,0.006,
tile_025908,train,ok,12973,0.007,
tile_025909,train,ok,13134,0.007,
tile_025910,train,ok,10929,0.006,
tile_025911,train,ok,12549,0.007,
tile_025912,val,ok,13102,0.009,
tile_025913,train,ok,11092,0.008,
tile_025914,train,ok,11420,0.007,
tile_025915,train,ok,11388,0.007,
tile_025916,train,ok,9573,0.007,
tile_025917,val,ok,13080,0.006,
tile_025918,train,ok,11813,0.007,
tile_025919,val,ok,12358,0.007,
tile_025920,train,ok,12208,0.007,
tile_025921,train,ok,12853,0.006,
tile_025922,train,ok,13014,0.007,
tile_025923,train,ok,12932,0.008,
tile_025924,train,ok,10922,0.006,
tile_025925,train,ok,12604,0.007,
tile_025926,train,ok,12046,0.007,
tile_025927,train,ok,13139,0.007,
tile_025928,train,ok,11805,0.006,
tile_025929,train,ok,12440,0.006,
tile_025930,train,ok,12138,0.006,
tile_025931,train,ok,12322,0.007,
tile_025932,train,ok,11705,0.007,
tile_025933,train,ok,12623,0.006,
tile_025934,train,ok,12301,0.007,
tile_025935,train,ok,12518,0.007,
tile_025936,train,ok,13221,0.008,
tile_025937,train,ok,12823,0.006,
tile_025938,train,ok,12102,0.006,
tile_025939,train,ok,12817,0.006,
tile_025940,val,ok,12200,0.006,
tile_025941,train,ok,12754,0.006,
tile_025942,train,ok,10164,0.006,
tile_025943,train,ok,12897,0.007,
tile_025944,train,ok,12588,0.006,
tile_025945,train,ok,12542,0.006,
tile_025946,train,ok,12950,0.006,
tile_025947,train,ok,11941,0.006,
tile_025948,train,ok,12976,0.006,
tile_025949,train,ok,11915,0.006,
tile_025950,train,ok,12588,0.006,
tile_025951,train,ok,12065,0.007,
tile_025952,train,ok,12944,0.007,
tile_025953,val,ok,12831,0.007,
tile_025954,train,ok,12054,0.007,
tile_025955,train,ok,11420,0.006,
tile_025956,test,ok,11957,0.007,
tile_025957,val,ok,11651,0.005,
tile_025958,train,ok,11618,0.006,
tile_025959,train,ok,12327,0.007,
tile_025960,train,ok,11003,0.006,
tile_025961,train,ok,11896,0.006,
tile_025962,val,ok,9556,0.006,
tile_025963,val,ok,12534,0.006,
tile_025964,val,ok,9086,0.007,
tile_025965,train,ok,11797,0.007,
tile_025966,train,ok,12615,0.006,
tile_025967,train,ok,13110,0.006,
tile_025968,train,ok,12967,0.006,
tile_025969,train,ok,12350,0.007,
tile_025970,train,ok,12223,0.006,
tile_025971,train,ok,12484,0.007,
tile_025972,train,ok,11556,0.007,
tile_025973,val,ok,13075,0.007,
tile_025974,val,ok,12935,0.008,
tile_025975,train,ok,12745,0.006,
tile_025976,train,ok,10874,0.006,
tile_025977,train,ok,11977,0.006,
tile_025978,train,ok,12564,0.006,
tile_025979,train,ok,11742,0.007,
tile_025980,train,ok,12340,0.007,
tile_025981,train,ok,13141,0.007,
tile_025982,test,ok,12527,0.007,
tile_025983,train,ok,12790,0.006,
tile_025984,train,ok,12354,0.006,
tile_025985,train,ok,10847,0.007,
tile_025986,train,ok,13022,0.007,
tile_025987,train,ok,11850,0.007,
tile_025988,train,ok,12809,0.007,
tile_025989,train,ok,12551,0.006,
tile_025990,train,ok,11913,0.006,
tile_025991,train,ok,12305,0.007,
tile_025992,train,ok,12752,0.007,
tile_025993,train,ok,12954,0.006,
tile_025994,train,ok,12874,0.006,
tile_025995,train,ok,12440,0.008,
tile_025996,train,ok,11202,0.007,
tile_025997,train,ok,10605,0.006,
tile_025998,train,ok,8696,0.006,
tile_025999,train,ok,10839,0.01,
tile_026000,train,ok,13057,0.009,
tile_026001,train,ok,11656,0.01,
tile_026002,train,ok,12493,0.01,
tile_026003,train,ok,11227,0.01,
tile_026004,train,ok,12111,0.008,
tile_026005,train,ok,13118,0.008,
tile_026006,train,ok,12851,0.008,
tile_026007,train,ok,12634,0.008,
tile_026008,test,ok,12133,0.007,
tile_026009,train,ok,12308,0.007,
tile_026010,train,ok,12404,0.008,
tile_026011,train,ok,12604,0.008,
tile_026012,train,ok,12604,0.008,
tile_026013,train,ok,12949,0.008,
tile_026014,train,ok,12806,0.007,
tile_026015,train,ok,10799,0.008,
tile_026016,train,ok,12936,0.007,
tile_026017,train,ok,11767,0.006,
tile_026018,train,ok,12541,0.007,
tile_026019,train,ok,12655,0.007,
tile_026020,train,ok,11656,0.007,
tile_026021,train,ok,12658,0.008,
tile_026022,train,ok,11275,0.007,
tile_026023,train,ok,12957,0.008,
tile_026024,train,ok,13119,0.009,
tile_026025,test,ok,11775,0.007,
tile_026026,train,ok,11463,0.007,
tile_026027,train,ok,12270,0.007,
tile_026028,train,ok,13079,0.007,
tile_026029,train,ok,12680,0.007,
tile_026030,train,ok,12861,0.006,
tile_026031,train,ok,11360,0.008,
tile_026032,train,ok,11764,0.006,
tile_026033,train,ok,10685,0.007,
tile_026034,train,ok,11136,0.006,
tile_026035,train,ok,12170,0.006,
tile_026036,train,ok,9760,0.006,
tile_026037,train,ok,13059,0.007,
tile_026038,train,ok,13113,0.006,
tile_026039,train,ok,12951,0.008,
tile_026040,train,ok,12967,0.006,
tile_026041,train,ok,12513,0.006,
tile_026042,train,ok,12845,0.007,
tile_026043,train,ok,12926,0.01,
tile_026044,train,ok,12802,0.009,
tile_026045,train,ok,13160,0.009,
tile_026046,train,ok,12803,0.008,
tile_026047,train,ok,12433,0.008,
tile_026048,train,ok,12257,0.008,
tile_026049,train,ok,11739,0.007,
tile_026050,train,ok,12885,0.007,
tile_026051,train,ok,12763,0.008,
tile_026052,train,ok,13033,0.008,
tile_026053,val,ok,11364,0.008,
tile_026054,val,ok,7157,0.007,
tile_026055,train,ok,11008,0.007,
tile_026056,train,ok,12371,0.008,
tile_026057,train,ok,11466,0.008,
tile_026058,test,ok,12713,0.008,
tile_026059,train,ok,12044,0.009,
tile_026060,train,ok,11566,0.009,
tile_026061,train,ok,12818,0.009,
tile_026062,train,ok,11809,0.01,
tile_026063,train,ok,11811,0.01,
tile_026064,train,ok,11909,0.009,
tile_026065,train,ok,12881,0.009,
tile_026066,train,ok,12718,0.012,
tile_026067,train,ok,11657,0.013,
tile_026068,train,ok,12978,0.014,
tile_026069,train,ok,12982,0.011,
tile_026070,train,ok,12941,0.01,
tile_026071,test,ok,12753,0.008,
tile_026072,train,ok,12321,0.008,
tile_026073,train,ok,11460,0.008,
tile_026074,train,ok,12798,0.009,
tile_026075,train,ok,12163,0.008,
tile_026076,train,ok,10912,0.008,
tile_026077,train,ok,11189,0.009,
tile_026078,train,ok,12465,0.009,
tile_026079,train,ok,12601,0.008,
tile_026080,train,ok,12622,0.008,
tile_026081,train,ok,12638,0.008,
tile_026082,train,ok,12538,0.008,
tile_026083,train,ok,12762,0.009,
tile_026084,val,ok,12617,0.008,
tile_026085,train,ok,12867,0.008,
tile_026086,train,ok,11860,0.008,
tile_026087,train,ok,12763,0.008,
tile_026088,train,ok,12865,0.008,
tile_026089,train,ok,12843,0.007,
tile_026090,train,ok,10986,0.007,
tile_026091,train,ok,12359,0.008,
tile_026092,train,ok,12834,0.007,
tile_026093,train,ok,11945,0.006,
tile_026094,train,ok,13021,0.006,
tile_026095,train,ok,12018,0.006,
tile_026096,train,ok,12656,0.006,
tile_026097,train,ok,12039,0.006,
tile_026098,train,ok,12893,0.006,
tile_026099,train,ok,13056,0.006,
tile_026100,train,ok,12962,0.007,
tile_026101,train,ok,13069,0.006,
tile_026102,train,ok,12915,0.006,
tile_026103,train,ok,12528,0.006,
tile_026104,train,ok,12984,0.007,
tile_026105,train,ok,12759,0.007,
tile_026106,train,ok,11081,0.006,
tile_026107,train,ok,11734,0.007,
tile_026108,train,ok,12673,0.006,
tile_026109,train,ok,12723,0.007,
tile_026110,train,ok,12375,0.006,
tile_026111,train,ok,11986,0.007,
tile_026112,train,ok,11827,0.006,
tile_026113,train,ok,12320,0.005,
tile_026114,train,ok,12337,0.006,
tile_026115,train,ok,12850,0.006,
tile_026116,train,ok,12938,0.006,
tile_026117,train,ok,12220,0.007,
tile_026118,train,ok,12880,0.007,
tile_026119,train,ok,12609,0.006,
tile_026120,train,ok,12396,0.006,
tile_026121,train,ok,13100,0.007,
tile_026122,train,ok,12963,0.006,
tile_026123,train,ok,12793,0.006,
tile_026124,train,ok,12370,0.006,
tile_026125,train,ok,12012,0.007,
tile_026126,train,ok,13030,0.008,
tile_026127,train,ok,12931,0.008,
tile_026128,train,ok,13009,0.009,
tile_026129,train,ok,11141,0.007,
tile_026130,train,ok,12712,0.007,
tile_026131,train,ok,13075,0.007,
tile_026132,train,ok,12692,0.007,
tile_026133,train,ok,12339,0.008,
tile_026134,train,ok,11754,0.008,
tile_026135,train,ok,12623,0.007,
tile_026136,train,ok,12900,0.008,
tile_026137,train,ok,11839,0.008,
tile_026138,train,ok,11489,0.007,
tile_026139,train,ok,11871,0.007,
tile_026140,train,ok,12693,0.006,
tile_026141,train,ok,11732,0.007,
tile_026142,train,ok,12328,0.007,
tile_026143,val,ok,12368,0.008,
tile_026144,train,ok,12868,0.007,
tile_026145,train,ok,12794,0.008,
tile_026146,train,ok,12207,0.008,
tile_026147,train,ok,12952,0.006,
tile_026148,train,ok,13014,0.008,
tile_026149,test,ok,12618,0.008,
tile_026150,train,ok,13067,0.008,
tile_026151,train,ok,12482,0.006,
tile_026152,train,ok,12633,0.007,
tile_026153,train,ok,12998,0.006,
tile_026154,train,ok,11073,0.006,
tile_026155,train,ok,12658,0.006,
tile_026156,train,ok,12899,0.006,
tile_026157,train,ok,12244,0.006,
tile_026158,train,ok,13086,0.006,
tile_026159,train,ok,12601,0.007,
tile_026160,test,ok,11636,0.007,
tile_026161,train,ok,12873,0.006,
tile_026162,train,ok,12714,0.007,
tile_026163,train,ok,11805,0.007,
tile_026164,train,ok,11903,0.007,
tile_026165,train,ok,12131,0.007,
tile_026166,train,ok,12651,0.007,
tile_026167,test,ok,12953,0.006,
tile_026168,val,ok,12218,0.007,
tile_026169,test,ok,11645,0.006,
tile_026170,test,ok,12652,0.007,
tile_026171,train,ok,12761,0.006,
tile_026172,train,ok,13069,0.006,
tile_026173,train,ok,9562,0.006,
tile_026174,train,ok,11889,0.007,
tile_026175,train,ok,12748,0.006,
tile_026176,train,ok,9538,0.005,
tile_026177,train,ok,9475,0.007,
tile_026178,train,ok,12046,0.006,
tile_026179,train,ok,11976,0.006,
tile_026180,train,ok,12775,0.006,
tile_026181,train,ok,12913,0.006,
tile_026182,train,ok,13023,0.007,
tile_026183,train,ok,12996,0.007,
tile_026184,train,ok,11999,0.007,
tile_026185,train,ok,12599,0.007,
tile_026186,train,ok,13099,0.007,
tile_026187,train,ok,12445,0.006,
tile_026188,train,ok,12710,0.006,
tile_026189,val,ok,11959,0.006,
tile_026190,train,ok,12622,0.006,
tile_026191,train,ok,11162,0.006,
tile_026192,train,ok,12022,0.006,
tile_026193,train,ok,10920,0.006,
tile_026194,train,ok,12034,0.006,
tile_026195,val,ok,12624,0.006,
tile_026196,train,ok,12158,0.006,
tile_026197,train,ok,12730,0.008,
tile_026198,train,ok,12937,0.006,
tile_026199,train,ok,12590,0.006,
tile_026200,train,ok,12766,0.008,
tile_026201,train,ok,12566,0.007,
tile_026202,train,ok,13000,0.007,
tile_026203,train,ok,11989,0.006,
tile_026204,train,ok,9893,0.006,
tile_026205,train,ok,12466,0.006,
tile_026206,train,ok,12373,0.006,
tile_026207,train,ok,12894,0.007,
tile_026208,train,ok,12899,0.006,
tile_026209,train,ok,12689,0.006,
tile_026210,train,ok,12296,0.006,
tile_026211,train,ok,11886,0.006,
tile_026212,train,ok,13027,0.007,
tile_026213,val,ok,13108,0.006,
tile_026214,val,ok,12693,0.007,
tile_026215,train,ok,11423,0.006,
tile_026216,train,ok,12765,0.007,
tile_026217,train,ok,12610,0.006,
tile_026218,train,ok,12790,0.008,
tile_026219,train,ok,12753,0.006,
tile_026220,train,ok,12615,0.007,
tile_026221,train,ok,11731,0.006,
tile_026222,train,ok,12597,0.008,
tile_026223,train,ok,12978,0.007,
tile_026224,train,ok,11639,0.009,
tile_026225,train,ok,12287,0.009,
tile_026226,train,ok,13098,0.008,
tile_026227,test,ok,12116,0.008,
tile_026228,train,ok,12655,0.007,
tile_026229,train,ok,12770,0.006,
tile_026230,train,ok,12701,0.007,
tile_026231,train,ok,10969,0.007,
tile_026232,train,ok,12923,0.007,
tile_026233,train,ok,12513,0.007,
tile_026234,train,ok,12945,0.007,
tile_026235,train,ok,12310,0.007,
tile_026236,val,ok,10597,0.007,
tile_026237,train,ok,11995,0.006,
tile_026238,train,ok,12352,0.007,
tile_026239,train,ok,12654,0.007,
tile_026240,train,ok,13085,0.006,
tile_026241,test,ok,12058,0.006,
tile_026242,test,ok,12335,0.006,
tile_026243,test,ok,12415,0.006,
tile_026244,train,ok,11572,0.006,
tile_026245,train,ok,9967,0.006,
tile_026246,val,ok,11821,0.006,
tile_026247,train,ok,11520,0.006,
tile_026248,train,ok,12157,0.006,
tile_026249,test,ok,10919,0.006,
tile_026250,train,ok,11035,0.006,
tile_026251,train,ok,12672,0.006,
tile_026252,train,ok,12911,0.006,
tile_026253,train,ok,12779,0.006,
tile_026254,train,ok,12485,0.006,
tile_026255,train,ok,12076,0.006,
tile_026256,train,ok,12744,0.006,
tile_026257,train,ok,13061,0.006,
tile_026258,train,ok,10718,0.006,
tile_026259,train,ok,10341,0.006,
tile_026260,train,ok,12485,0.006,
tile_026261,train,ok,12941,0.006,
tile_026262,train,ok,12664,0.006,
tile_026263,test,ok,12377,0.006,
tile_026264,test,ok,12483,0.006,
tile_026265,test,ok,13005,0.006,
tile_026266,test,ok,11900,0.008,
tile_026267,train,ok,12417,0.008,
tile_026268,train,ok,12677,0.009,
tile_026269,train,ok,13106,0.008,
tile_026270,train,ok,9263,0.006,
tile_026271,train,ok,9286,0.006,
tile_026272,train,ok,12889,0.006,
tile_026273,test,ok,12812,0.006,
tile_026274,test,ok,11993,0.006,
tile_026275,train,ok,12476,0.007,
tile_026276,train,ok,12099,0.007,
tile_026277,train,ok,12899,0.006,
tile_026278,train,ok,12054,0.006,
tile_026279,train,ok,8012,0.006,
tile_026280,train,ok,11129,0.006,
tile_026281,train,ok,12443,0.006,
tile_026282,train,ok,11707,0.007,
tile_026283,train,ok,12188,0.007,
tile_026284,train,ok,12785,0.007,
tile_026285,train,ok,11340,0.007,
tile_026286,train,ok,11879,0.006,
tile_026287,train,ok,12655,0.006,
tile_026288,train,ok,11935,0.006,
tile_026289,train,ok,12014,0.006,
tile_026290,train,ok,11879,0.008,
tile_026291,train,ok,12889,0.007,
tile_026292,train,ok,12649,0.007,
tile_026293,train,ok,11879,0.006,
tile_026294,test,ok,12968,0.008,
tile_026295,test,ok,12617,0.008,
tile_026296,train,ok,13076,0.008,
tile_026297,test,ok,11025,0.006,
tile_026298,test,ok,10463,0.007,
tile_026299,test,ok,12665,0.006,
tile_026300,train,ok,11343,0.008,
tile_026301,train,ok,10821,0.007,
tile_026302,train,ok,9584,0.007,
tile_026303,train,ok,11194,0.007,
tile_026304,train,ok,11390,0.007,
tile_026305,train,ok,12842,0.007,
tile_026306,train,ok,12916,0.008,
tile_026307,train,ok,11343,0.007,
tile_026308,train,ok,11783,0.007,
tile_026309,train,ok,11831,0.007,
tile_026310,train,ok,10552,0.009,
tile_026311,train,ok,12723,0.008,
tile_026312,train,ok,12971,0.008,
tile_026313,train,ok,12570,0.007,
tile_026314,train,ok,12989,0.007,
tile_026315,train,ok,12256,0.007,
tile_026316,train,ok,8885,0.008,
tile_026317,train,ok,8766,0.007,
tile_026318,train,ok,10125,0.009,
tile_026319,val,ok,12388,0.009,
tile_026320,val,ok,13075,0.01,
tile_026321,train,ok,12390,0.008,
tile_026322,train,ok,12696,0.006,
tile_026323,train,ok,10401,0.007,
tile_026324,train,ok,10446,0.006,
tile_026325,train,ok,11329,0.007,
tile_026326,train,ok,11439,0.006,
tile_026327,train,ok,11881,0.007,
tile_026328,train,ok,12394,0.006,
tile_026329,train,ok,8791,0.008,
tile_026330,train,ok,9070,0.006,
tile_026331,train,ok,10350,0.006,
tile_026332,val,ok,9868,0.007,
tile_026333,val,ok,11381,0.007,
tile_026334,val,ok,11662,0.006,
tile_026335,val,ok,9681,0.007,
tile_026336,train,ok,11600,0.007,
tile_026337,train,ok,11433,0.007,
tile_026338,train,ok,12791,0.007,
tile_026339,train,ok,13044,0.006,
tile_026340,train,ok,12771,0.007,
tile_026341,train,ok,11709,0.008,
tile_026342,train,ok,11275,0.009,
tile_026343,train,ok,13033,0.009,
tile_026344,train,ok,13024,0.009,
tile_026345,train,ok,11724,0.008,
tile_026346,train,ok,11217,0.008,
tile_026347,train,ok,9164,0.01,
tile_026348,train,ok,11889,0.008,
tile_026349,train,ok,12316,0.009,
tile_026350,train,ok,9211,0.008,
tile_026351,train,ok,10218,0.008,
tile_026352,val,ok,10210,0.008,
tile_026353,val,ok,11012,0.007,
tile_026354,val,ok,12058,0.009,
tile_026355,val,ok,9921,0.009,
tile_026356,train,ok,12661,0.009,
tile_026357,train,ok,12242,0.008,
tile_026358,train,ok,11865,0.009,
tile_026359,train,ok,10706,0.009,
tile_026360,train,ok,12956,0.009,
tile_026361,train,ok,11134,0.009,
tile_026362,train,ok,11527,0.009,
tile_026363,train,ok,12604,0.009,
tile_026364,train,ok,12696,0.008,
tile_026365,train,ok,13069,0.008,
tile_026366,train,ok,10133,0.008,
tile_026367,train,ok,10993,0.008,
tile_026368,train,ok,10536,0.008,
tile_026369,val,ok,10932,0.008,
tile_026370,val,ok,11292,0.009,
tile_026371,val,ok,11634,0.01,
tile_026372,val,ok,11649,0.009,
tile_026373,test,ok,12994,0.009,
tile_026374,train,ok,12925,0.006,
tile_026375,train,ok,12414,0.008,
tile_026376,train,ok,12177,0.007,
tile_026377,train,ok,12446,0.006,
tile_026378,train,ok,12428,0.007,
tile_026379,train,ok,12967,0.007,
tile_026380,train,ok,13106,0.007,
tile_026381,train,ok,13019,0.007,
tile_026382,train,ok,11692,0.007,
tile_026383,train,ok,12234,0.006,
tile_026384,train,ok,11104,0.006,
tile_026385,test,ok,11384,0.006,
tile_026386,test,ok,11521,0.006,
tile_026387,test,ok,13059,0.006,
tile_026388,train,ok,12248,0.006,
tile_026389,train,ok,12286,0.006,
tile_026390,train,ok,11281,0.006,
tile_026391,train,ok,13002,0.006,
tile_026392,test,ok,13088,0.006,
tile_026393,train,ok,12830,0.006,
tile_026394,train,ok,12139,0.006,
tile_026395,train,ok,11724,0.007,
tile_026396,train,ok,12784,0.006,
tile_026397,train,ok,11140,0.006,
tile_026398,train,ok,12236,0.007,
tile_026399,train,ok,12156,0.007,
tile_026400,train,ok,11865,0.006,
tile_026401,test,ok,12444,0.006,
tile_026402,test,ok,12698,0.006,
tile_026403,test,ok,11904,0.007,
tile_026404,train,ok,12025,0.007,
tile_026405,train,ok,12992,0.006,
tile_026406,train,ok,12046,0.007,
tile_026407,train,ok,12231,0.008,
tile_026408,test,ok,12042,0.006,
tile_026409,test,ok,11643,0.006,
tile_026410,train,ok,13057,0.007,
tile_026411,train,ok,12758,0.007,
tile_026412,train,ok,12479,0.007,
tile_026413,train,ok,12995,0.007,
tile_026414,test,ok,13009,0.006,
tile_026415,test,ok,11409,0.006,
tile_026416,train,ok,12916,0.007,
tile_026417,train,ok,12282,0.006,
tile_026418,train,ok,12294,0.007,
tile_026419,train,ok,11605,0.006,
tile_026420,train,ok,11145,0.007,
tile_026421,train,ok,10343,0.006,
tile_026422,train,ok,12193,0.007,
tile_026423,train,ok,11493,0.007,
tile_026424,train,ok,13194,0.007,
tile_026425,val,ok,11921,0.006,
tile_026426,train,ok,12779,0.006,
tile_026427,test,ok,12780,0.006,
tile_026428,test,ok,11642,0.008,
tile_026429,train,ok,12643,0.007,
tile_026430,train,ok,12716,0.008,
tile_026431,train,ok,12587,0.008,
tile_026432,val,ok,13076,0.008,
tile_026433,train,ok,12607,0.007,
tile_026434,train,ok,12072,0.006,
tile_026435,train,ok,10999,0.009,
tile_026436,train,ok,11490,0.007,
tile_026437,train,ok,12801,0.007,
tile_026438,train,ok,12821,0.008,
tile_026439,test,ok,12143,0.009,
tile_026440,train,ok,13045,0.008,
tile_026441,train,ok,12853,0.008,
tile_026442,val,ok,12563,0.008,
tile_026443,train,ok,11803,0.007,
tile_026444,val,ok,12842,0.007,
tile_026445,val,ok,12791,0.007,
tile_026446,val,ok,12148,0.008,
tile_026447,train,ok,12004,0.009,
tile_026448,train,ok,12650,0.008,
tile_026449,train,ok,12803,0.01,
tile_026450,train,ok,11615,0.007,
tile_026451,test,ok,12773,0.007,
tile_026452,test,ok,13018,0.006,
tile_026453,train,ok,12589,0.008,
tile_026454,train,ok,13061,0.007,
tile_026455,train,ok,12465,0.007,
tile_026456,train,ok,12971,0.01,
tile_026457,train,ok,11907,0.008,
tile_026458,train,ok,12804,0.007,
tile_026459,train,ok,12768,0.01,
tile_026460,train,ok,12764,0.008,
tile_026461,train,ok,12327,0.01,
tile_026462,train,ok,10725,0.009,
tile_026463,train,ok,11614,0.008,
tile_026464,train,ok,12839,0.009,
tile_026465,train,ok,13001,0.009,
tile_026466,train,ok,10360,0.009,
tile_026467,train,ok,12873,0.007,
tile_026468,test,ok,12708,0.007,
tile_026469,test,ok,12399,0.008,
tile_026470,train,ok,12417,0.008,
tile_026471,train,ok,12848,0.009,
tile_026472,train,ok,12826,0.01,
tile_026473,train,ok,12439,0.009,
tile_026474,train,ok,12180,0.009,
tile_026475,train,ok,11862,0.009,
tile_026476,train,ok,12266,0.007,
tile_026477,train,ok,11620,0.008,
tile_026478,train,ok,12364,0.008,
tile_026479,train,ok,12040,0.009,
tile_026480,train,ok,12415,0.009,
tile_026481,train,ok,12974,0.009,
tile_026482,train,ok,13125,0.008,
tile_026483,train,ok,12254,0.009,
tile_026484,train,ok,12746,0.009,
tile_026485,train,ok,12852,0.007,
tile_026486,train,ok,12849,0.009,
tile_026487,train,ok,11318,0.007,
tile_026488,train,ok,12867,0.007,
tile_026489,train,ok,11929,0.009,
tile_026490,train,ok,12024,0.007,
tile_026491,train,ok,13070,0.008,
tile_026492,test,ok,12271,0.009,
tile_026493,test,ok,11914,0.01,
tile_026494,train,ok,12134,0.009,
tile_026495,train,ok,10818,0.007,
tile_026496,test,ok,12873,0.008,
tile_026497,test,ok,9548,0.008,
tile_026498,train,ok,12882,0.009,
tile_026499,val,ok,12097,0.007,
tile_026500,train,ok,12501,0.008,
tile_026501,train,ok,11240,0.009,
tile_026502,train,ok,12631,0.007,
tile_026503,test,ok,10543,0.009,
tile_026504,train,ok,12472,0.009,
tile_026505,train,ok,11664,0.008,
tile_026506,train,ok,10273,0.008,
tile_026507,train,ok,12750,0.007,
tile_026508,train,ok,12207,0.008,
tile_026509,train,ok,12974,0.006,
tile_026510,train,ok,13069,0.006,
tile_026511,train,ok,13096,0.006,
tile_026512,train,ok,13113,0.006,
tile_026513,train,ok,12715,0.008,
tile_026514,train,ok,11771,0.007,
tile_026515,train,ok,12818,0.007,
tile_026516,train,ok,12767,0.008,
tile_026517,train,ok,11882,0.007,
tile_026518,train,ok,12561,0.007,
tile_026519,train,ok,11905,0.008,
tile_026520,train,ok,11920,0.008,
tile_026521,train,ok,12224,0.007,
tile_026522,train,ok,12962,0.008,
tile_026523,train,ok,11570,0.007,
tile_026524,train,ok,12469,0.006,
tile_026525,train,ok,13033,0.007,
tile_026526,train,ok,12602,0.007,
tile_026527,train,ok,12372,0.007,
tile_026528,train,ok,13113,0.007,
tile_026529,train,ok,12208,0.006,
tile_026530,train,ok,11452,0.009,
tile_026531,train,ok,12734,0.006,
tile_026532,train,ok,13090,0.007,
tile_026533,train,ok,13055,0.007,
tile_026534,train,ok,12980,0.008,
tile_026535,train,ok,11547,0.007,
tile_026536,train,ok,12969,0.007,
tile_026537,train,ok,12492,0.007,
tile_026538,train,ok,12033,0.007,
tile_026539,train,ok,11698,0.008,
tile_026540,train,ok,12015,0.008,
tile_026541,train,ok,13023,0.008,
tile_026542,train,ok,12904,0.009,
tile_026543,train,ok,11465,0.008,
tile_026544,train,ok,12686,0.008,
tile_026545,train,ok,13074,0.006,
tile_026546,train,ok,11594,0.007,
tile_026547,train,ok,12057,0.007,
tile_026548,train,ok,12188,0.007,
tile_026549,train,ok,12477,0.007,
tile_026550,val,ok,12266,0.008,
tile_026551,train,ok,12126,0.008,
tile_026552,train,ok,11121,0.008,
tile_026553,train,ok,12737,0.009,
tile_026554,train,ok,10063,0.007,
tile_026555,train,ok,13075,0.008,
tile_026556,train,ok,12256,0.006,
tile_026557,test,ok,13007,0.008,
tile_026558,val,ok,13027,0.007,
tile_026559,train,ok,12792,0.007,
tile_026560,test,ok,12610,0.008,
tile_026561,train,ok,11700,0.006,
tile_026562,train,ok,13043,0.008,
tile_026563,train,ok,12853,0.006,
tile_026564,train,ok,12249,0.006,
tile_026565,train,ok,11745,0.007,
tile_026566,train,ok,10336,0.007,
tile_026567,train,ok,11890,0.007,
tile_026568,train,ok,12580,0.008,
tile_026569,train,ok,12342,0.007,
tile_026570,val,ok,12933,0.007,
tile_026571,train,ok,11573,0.008,
tile_026572,val,ok,12002,0.008,
tile_026573,train,ok,12123,0.007,
tile_026574,train,ok,12234,0.007,
tile_026575,train,ok,12579,0.008,
tile_026576,train,ok,9527,0.008,
tile_026577,train,ok,10992,0.007,
tile_026578,val,ok,10086,0.006,
tile_026579,train,ok,12845,0.009,
tile_026580,train,ok,9998,0.008,
tile_026581,train,ok,10473,0.006,
tile_026582,val,ok,11152,0.01,
tile_026583,val,ok,12505,0.012,
tile_026584,train,ok,12993,0.012,
tile_026585,test,ok,13039,0.011,
tile_026586,train,ok,9067,0.011,
tile_026587,train,ok,10610,0.008,
tile_026588,train,ok,12933,0.009,
tile_026589,train,ok,12682,0.008,
tile_026590,val,ok,11910,0.008,
tile_026591,train,ok,12870,0.007,
tile_026592,train,ok,12833,0.007,
tile_026593,train,ok,13077,0.008,
tile_026594,train,ok,12878,0.009,
tile_026595,train,ok,12000,0.009,
tile_026596,train,ok,12614,0.008,
tile_026597,train,ok,11696,0.014,
tile_026598,train,ok,13057,0.024,
tile_026599,train,ok,13073,0.032,
tile_026600,train,ok,10680,0.021,
tile_026601,train,ok,10421,0.024,
tile_026602,train,ok,10676,0.016,
tile_026603,train,ok,11407,0.016,
tile_026604,train,ok,12936,0.008,
tile_026605,train,ok,12988,0.009,
tile_026606,train,ok,12302,0.009,
tile_026607,train,ok,12611,0.009,
tile_026608,train,ok,12306,0.008,
tile_026609,train,ok,11391,0.008,
tile_026610,train,ok,10876,0.008,
tile_026611,train,ok,10530,0.008,
tile_026612,train,ok,11562,0.009,
tile_026613,train,ok,13066,0.009,
tile_026614,test,ok,12369,0.008,
tile_026615,test,ok,12847,0.008,
tile_026616,test,ok,12813,0.008,
tile_026617,train,ok,12511,0.008,
tile_026618,test,ok,12942,0.009,
tile_026619,train,ok,12623,0.008,
tile_026620,test,ok,12956,0.008,
tile_026621,train,ok,12543,0.008,
tile_026622,train,ok,12001,0.009,
tile_026623,train,ok,11071,0.009,
tile_026624,train,ok,13120,0.008,
tile_026625,train,ok,11910,0.009,
tile_026626,train,ok,11798,0.008,
tile_026627,train,ok,11981,0.008,
tile_026628,train,ok,12299,0.01,
tile_026629,test,ok,11961,0.008,
tile_026630,test,ok,12999,0.007,
tile_026631,train,ok,12516,0.007,
tile_026632,test,ok,12435,0.007,
tile_026633,train,ok,12092,0.006,
tile_026634,train,ok,12484,0.006,
tile_026635,train,ok,12590,0.006,
tile_026636,train,ok,11074,0.007,
tile_026637,train,ok,12665,0.006,
tile_026638,val,ok,13029,0.006,
tile_026639,train,ok,11788,0.007,
tile_026640,val,ok,13049,0.006,
tile_026641,train,ok,11248,0.007,
tile_026642,train,ok,12056,0.007,
tile_026643,train,ok,12260,0.006,
tile_026644,train,ok,12507,0.007,
tile_026645,train,ok,12674,0.007,
tile_026646,train,ok,13093,0.008,
tile_026647,test,ok,12766,0.007,
tile_026648,train,ok,11549,0.007,
tile_026649,train,ok,13072,0.007,
tile_026650,train,ok,12443,0.007,
tile_026651,train,ok,11061,0.007,
tile_026652,train,ok,12591,0.007,
tile_026653,test,ok,13055,0.006,
tile_026654,train,ok,12815,0.007,
tile_026655,train,ok,11347,0.007,
tile_026656,train,ok,12624,0.008,
tile_026657,train,ok,11846,0.006,
tile_026658,train,ok,12149,0.008,
tile_026659,train,ok,12928,0.008,
tile_026660,train,ok,12894,0.008,
tile_026661,train,ok,12795,0.008,
tile_026662,train,ok,12408,0.008,
tile_026663,train,ok,12697,0.007,
tile_026664,train,ok,10657,0.007,
tile_026665,train,ok,12306,0.007,
tile_026666,test,ok,12769,0.007,
tile_026667,train,ok,11443,0.006,
tile_026668,train,ok,13135,0.008,
tile_026669,val,ok,12402,0.007,
tile_026670,val,ok,12664,0.007,
tile_026671,test,ok,12927,0.008,
tile_026672,train,ok,12858,0.006,
tile_026673,train,ok,12515,0.008,
tile_026674,train,ok,11762,0.006,
tile_026675,train,ok,13121,0.007,
tile_026676,train,ok,12641,0.008,
tile_026677,test,ok,12955,0.008,
tile_026678,train,ok,12324,0.007,
tile_026679,train,ok,12727,0.006,
tile_026680,val,ok,11965,0.006,
tile_026681,train,ok,12693,0.006,
tile_026682,test,ok,12860,0.005,
tile_026683,train,ok,12573,0.007,
tile_026684,train,ok,12660,0.006,
tile_026685,train,ok,12701,0.007,
tile_026686,train,ok,12622,0.008,
tile_026687,val,ok,12810,0.009,
tile_026688,val,ok,12828,0.008,
tile_026689,val,ok,12960,0.006,
tile_026690,train,ok,12493,0.006,
tile_026691,train,ok,13026,0.008,
tile_026692,train,ok,12439,0.006,
tile_026693,train,ok,11982,0.007,
tile_026694,train,ok,12561,0.007,
tile_026695,train,ok,12410,0.006,
tile_026696,train,ok,12972,0.006,
tile_026697,train,ok,12075,0.007,
tile_026698,train,ok,12596,0.007,
tile_026699,train,ok,11517,0.006,
tile_026700,train,ok,11739,0.008,
tile_026701,train,ok,12637,0.007,
tile_026702,train,ok,12945,0.007,
tile_026703,train,ok,12832,0.008,
tile_026704,train,ok,12697,0.007,
tile_026705,train,ok,11997,0.007,
tile_026706,test,ok,11738,0.007,
tile_026707,train,ok,12477,0.007,
tile_026708,train,ok,12990,0.007,
tile_026709,train,ok,12468,0.007,
tile_026710,train,ok,11815,0.007,
tile_026711,test,ok,12366,0.006,
tile_026712,test,ok,12261,0.008,
tile_026713,test,ok,12280,0.008,
tile_026714,test,ok,12543,0.008,
tile_026715,test,ok,11851,0.009,
tile_026716,train,ok,10934,0.007,
tile_026717,val,ok,12908,0.007,
tile_026718,train,ok,11577,0.007,
tile_026719,train,ok,12309,0.007,
tile_026720,test,ok,12419,0.008,
tile_026721,test,ok,11791,0.008,
tile_026722,test,ok,12370,0.007,
tile_026723,train,ok,12069,0.008,
tile_026724,train,ok,12755,0.009,
tile_026725,train,ok,12824,0.007,
tile_026726,train,ok,12151,0.007,
tile_026727,train,ok,11390,0.008,
tile_026728,test,ok,12165,0.008,
tile_026729,test,ok,12928,0.007,
tile_026730,train,ok,12828,0.009,
tile_026731,train,ok,11970,0.008,
tile_026732,val,ok,11719,0.009,
tile_026733,val,ok,11877,0.008,
tile_026734,train,ok,12381,0.007,
tile_026735,val,ok,11313,0.008,
tile_026736,val,ok,11871,0.007,
tile_026737,train,ok,12464,0.007,
tile_026738,train,ok,12652,0.008,
tile_026739,train,ok,9959,0.007,
tile_026740,train,ok,12596,0.008,
tile_026741,train,ok,12885,0.008,
tile_026742,test,ok,12724,0.008,
tile_026743,train,ok,13049,0.007,
tile_026744,train,ok,12167,0.006,
tile_026745,train,ok,12291,0.006,
tile_026746,train,ok,11025,0.006,
tile_026747,train,ok,12870,0.006,
tile_026748,train,ok,11595,0.006,
tile_026749,train,ok,12780,0.006,
tile_026750,train,ok,12763,0.006,
tile_026751,train,ok,12087,0.006,
tile_026752,train,ok,12024,0.007,
tile_026753,test,ok,12066,0.007,
tile_026754,train,ok,13032,0.007,
tile_026755,test,ok,12381,0.007,
tile_026756,train,ok,10920,0.009,
tile_026757,train,ok,12314,0.006,
tile_026758,val,ok,12846,0.006,
tile_026759,train,ok,12528,0.006,
tile_026760,train,ok,11004,0.006,
tile_026761,train,ok,13008,0.006,
tile_026762,train,ok,12576,0.006,
tile_026763,val,ok,12949,0.007,
tile_026764,train,ok,12647,0.007,
tile_026765,train,ok,12746,0.006,
tile_026766,train,ok,12255,0.006,
tile_026767,train,ok,10353,0.006,
tile_026768,train,ok,13022,0.006,
tile_026769,train,ok,13125,0.007,
tile_026770,train,ok,11092,0.007,
tile_026771,train,ok,13051,0.007,
tile_026772,train,ok,11842,0.007,
tile_026773,train,ok,12251,0.006,
tile_026774,train,ok,10981,0.007,
tile_026775,train,ok,8887,0.007,
tile_026776,train,ok,10726,0.008,
tile_026777,train,ok,11830,0.007,
tile_026778,train,ok,12414,0.007,
tile_026779,train,ok,11383,0.008,
tile_026780,train,ok,12866,0.008,
tile_026781,train,ok,10395,0.007,
tile_026782,train,ok,11049,0.007,
tile_026783,train,ok,9890,0.007,
tile_026784,train,ok,11727,0.008,
tile_026785,train,ok,12591,0.006,
tile_026786,train,ok,12039,0.006,
tile_026787,train,ok,12841,0.006,
tile_026788,train,ok,12814,0.007,
tile_026789,train,ok,12822,0.007,
tile_026790,train,ok,12157,0.007,
tile_026791,train,ok,11582,0.008,
tile_026792,train,ok,10043,0.006,
tile_026793,train,ok,11259,0.007,
tile_026794,train,ok,13005,0.006,
tile_026795,test,ok,10287,0.008,
tile_026796,train,ok,11660,0.006,
tile_026797,train,ok,10984,0.007,
tile_026798,train,ok,9542,0.008,
tile_026799,train,ok,12138,0.008,
tile_026800,train,ok,12149,0.007,
tile_026801,train,ok,11005,0.008,
tile_026802,train,ok,12898,0.008,
tile_026803,train,ok,10830,0.006,
tile_026804,train,ok,11576,0.007,
tile_026805,train,ok,12661,0.007,
tile_026806,train,ok,12760,0.008,
tile_026807,train,ok,12641,0.007,
tile_026808,train,ok,12038,0.006,
tile_026809,train,ok,12045,0.007,
tile_026810,train,ok,12683,0.008,
tile_026811,train,ok,11649,0.007,
tile_026812,train,ok,10332,0.007,
tile_026813,train,ok,12383,0.006,
tile_026814,train,ok,12982,0.007,
tile_026815,train,ok,12967,0.007,
tile_026816,train,ok,12787,0.006,
tile_026817,train,ok,12401,0.007,
tile_026818,train,ok,11658,0.007,
tile_026819,train,ok,13124,0.006,
tile_026820,train,ok,12974,0.006,
tile_026821,train,ok,11562,0.006,
tile_026822,train,ok,12954,0.007,
tile_026823,train,ok,12275,0.007,
tile_026824,train,ok,12582,0.006,
tile_026825,train,ok,13163,0.006,
tile_026826,train,ok,12417,0.006,
tile_026827,train,ok,12787,0.006,
tile_026828,train,ok,12994,0.006,
tile_026829,train,ok,11250,0.007,
tile_026830,train,ok,10651,0.007,
tile_026831,test,ok,10507,0.007,
tile_026832,test,ok,12452,0.007,
tile_026833,train,ok,12622,0.006,
tile_026834,train,ok,11468,0.007,
tile_026835,train,ok,13043,0.007,
tile_026836,train,ok,12983,0.007,
tile_026837,train,ok,12499,0.008,
tile_026838,train,ok,11395,0.008,
tile_026839,train,ok,12518,0.006,
tile_026840,train,ok,13144,0.008,
tile_026841,train,ok,11419,0.007,
tile_026842,test,ok,12336,0.007,
tile_026843,train,ok,9086,0.008,
tile_026844,test,ok,13035,0.007,
tile_026845,train,ok,12365,0.006,
tile_026846,train,ok,11167,0.007,
tile_026847,train,ok,11400,0.006,
tile_026848,test,ok,10129,0.008,
tile_026849,test,ok,11495,0.007,
tile_026850,test,ok,11469,0.006,
tile_026851,train,ok,11586,0.006,
tile_026852,train,ok,11053,0.006,
tile_026853,train,ok,11904,0.007,
tile_026854,train,ok,11465,0.008,
tile_026855,train,ok,10175,0.008,
tile_026856,train,ok,10485,0.006,
tile_026857,train,ok,12720,0.006,
tile_026858,train,ok,11852,0.008,
tile_026859,test,ok,12569,0.007,
tile_026860,train,ok,11182,0.008,
tile_026861,test,ok,12586,0.007,
tile_026862,test,ok,11547,0.01,
tile_026863,train,ok,12327,0.01,
tile_026864,train,ok,11563,0.01,
tile_026865,train,ok,11771,0.009,
tile_026866,train,ok,11414,0.008,
tile_026867,test,ok,10025,0.008,
tile_026868,test,ok,10160,0.01,
tile_026869,test,ok,11839,0.008,
tile_026870,train,ok,10397,0.009,
tile_026871,train,ok,10747,0.008,
tile_026872,train,ok,9468,0.01,
tile_026873,train,ok,10827,0.009,
tile_026874,train,ok,12791,0.01,
tile_026875,test,ok,11954,0.01,
tile_026876,train,ok,12838,0.009,
tile_026877,test,ok,12224,0.01,
tile_026878,test,ok,12066,0.009,
tile_026879,train,ok,9688,0.011,
tile_026880,train,ok,11446,0.009,
tile_026881,train,ok,12342,0.009,
tile_026882,train,ok,12139,0.009,
tile_026883,test,ok,11167,0.01,
tile_026884,test,ok,9105,0.008,
tile_026885,test,ok,10135,0.009,
tile_026886,train,ok,9643,0.009,
tile_026887,train,ok,8956,0.008,
tile_026888,train,ok,11241,0.009,
tile_026889,train,ok,12374,0.01,
tile_026890,train,ok,12695,0.009,
tile_026891,test,ok,12175,0.008,
tile_026892,train,ok,9303,0.008,
tile_026893,train,ok,13035,0.016,
tile_026894,train,ok,12622,0.008,
tile_026895,train,ok,12857,0.005,
tile_026896,train,ok,11081,0.009,
tile_026897,train,ok,10763,0.007,
tile_026898,train,ok,9375,0.007,
tile_026899,train,ok,9009,0.007,
tile_026900,train,ok,11829,0.006,
tile_026901,train,ok,9880,0.007,
tile_026902,train,ok,9632,0.008,
tile_026903,train,ok,11747,0.006,
tile_026904,train,ok,12943,0.006,
tile_026905,train,ok,12893,0.006,
tile_026906,train,ok,12618,0.007,
tile_026907,train,ok,12778,0.006,
tile_026908,train,ok,12896,0.006,
tile_026909,train,ok,12921,0.006,
tile_026910,train,ok,12216,0.007,
tile_026911,train,ok,12960,0.006,
tile_026912,train,ok,11214,0.006,
tile_026913,train,ok,11112,0.006,
tile_026914,train,ok,10415,0.009,
tile_026915,train,ok,8802,0.009,
tile_026916,train,ok,10006,0.008,
tile_026917,train,ok,10383,0.008,
tile_026918,val,ok,12848,0.007,
tile_026919,test,ok,10780,0.007,
tile_026920,test,ok,10853,0.008,
tile_026921,train,ok,10977,0.008,
tile_026922,train,ok,12273,0.006,
tile_026923,train,ok,11657,0.009,
tile_026924,train,ok,12995,0.007,
tile_026925,train,ok,11563,0.008,
tile_026926,train,ok,10106,0.007,
tile_026927,train,ok,11888,0.009,
tile_026928,train,ok,10072,0.008,
tile_026929,train,ok,9664,0.01,
tile_026930,train,ok,12849,0.01,
tile_026931,train,ok,13164,0.009,
tile_026932,train,ok,12871,0.009,
tile_026933,train,ok,12874,0.009,
tile_026934,train,ok,9832,0.009,
tile_026935,train,ok,9480,0.009,
tile_026936,train,ok,8616,0.009,
tile_026937,train,ok,13146,0.008,
tile_026938,train,ok,12974,0.009,
tile_026939,train,ok,9870,0.009,
tile_026940,train,ok,9597,0.01,
tile_026941,train,ok,8090,0.009,
tile_026942,train,ok,8714,0.008,
tile_026943,train,ok,12171,0.009,
tile_026944,train,ok,9790,0.008,
tile_026945,train,ok,11847,0.009,
tile_026946,train,ok,12033,0.01,
tile_026947,val,ok,11930,0.009,
tile_026948,val,ok,13074,0.009,
tile_026949,val,ok,12401,0.009,
tile_026950,train,ok,12971,0.007,
tile_026951,train,ok,12297,0.009,
tile_026952,train,ok,12618,0.01,
tile_026953,train,ok,11463,0.01,
tile_026954,train,ok,10216,0.009,
tile_026955,train,ok,9713,0.009,
tile_026956,train,ok,10592,0.009,
tile_026957,train,ok,11269,0.009,
tile_026958,train,ok,8500,0.009,
tile_026959,train,ok,11919,0.011,
tile_026960,train,ok,11466,0.011,
tile_026961,train,ok,13067,0.009,
tile_026962,train,ok,12331,0.009,
tile_026963,train,ok,9720,0.009,
tile_026964,train,ok,10059,0.009,
tile_026965,train,ok,10915,0.01,
tile_026966,train,ok,10030,0.009,
tile_026967,train,ok,10846,0.01,
tile_026968,train,ok,12289,0.008,
tile_026969,train,ok,12229,0.01,
tile_026970,val,ok,9474,0.007,
tile_026971,train,ok,12175,0.007,
tile_026972,train,ok,12211,0.007,
tile_026973,train,ok,11796,0.008,
tile_026974,train,ok,11287,0.011,
tile_026975,train,ok,12667,0.008,
tile_026976,train,ok,11412,0.008,
tile_026977,train,ok,11948,0.009,
tile_026978,train,ok,11302,0.01,
tile_026979,train,ok,12570,0.008,
tile_026980,train,ok,12593,0.008,
tile_026981,train,ok,12123,0.006,
tile_026982,test,ok,11573,0.007,
tile_026983,test,ok,11345,0.008,
tile_026984,test,ok,11529,0.008,
tile_026985,train,ok,11921,0.008,
tile_026986,train,ok,12086,0.008,
tile_026987,train,ok,11985,0.008,
tile_026988,train,ok,12648,0.007,
tile_026989,train,ok,12799,0.007,
tile_026990,train,ok,11080,0.008,
tile_026991,test,ok,12114,0.007,
tile_026992,train,ok,12187,0.007,
tile_026993,train,ok,10570,0.008,
tile_026994,test,ok,12573,0.008,
tile_026995,test,ok,12683,0.009,
tile_026996,train,ok,12563,0.009,
tile_026997,train,ok,12461,0.008,
tile_026998,train,ok,13019,0.009,
tile_026999,train,ok,12596,0.008,
tile_027000,train,ok,12434,0.007,
tile_027001,train,ok,12978,0.007,
tile_027002,train,ok,11816,0.009,
tile_027003,train,ok,12557,0.009,
tile_027004,train,ok,12720,0.009,
tile_027005,train,ok,12617,0.008,
tile_027006,train,ok,12389,0.008,
tile_027007,train,ok,12926,0.008,
tile_027008,train,ok,11206,0.009,
tile_027009,val,ok,11718,0.008,
tile_027010,val,ok,12829,0.009,
tile_027011,train,ok,13122,0.009,
tile_027012,train,ok,12623,0.008,
tile_027013,train,ok,12811,0.008,
tile_027014,train,ok,12560,0.009,
tile_027015,train,ok,12630,0.008,
tile_027016,train,ok,11973,0.01,
tile_027017,train,ok,12767,0.01,
tile_027018,train,ok,12611,0.007,
tile_027019,val,ok,11537,0.008,
tile_027020,train,ok,12031,0.007,
tile_027021,train,ok,12586,0.008,
tile_027022,train,ok,12808,0.008,
tile_027023,train,ok,11016,0.008,
tile_027024,train,ok,10879,0.008,
tile_027025,test,ok,11948,0.007,
tile_027026,train,ok,12608,0.01,
tile_027027,train,ok,13174,0.011,
tile_027028,train,ok,12551,0.009,
tile_027029,train,ok,12187,0.012,
tile_027030,test,ok,10855,0.006,
tile_027031,test,ok,10862,0.006,
tile_027032,train,ok,10953,0.006,
tile_027033,train,ok,11562,0.006,
tile_027034,train,ok,12619,0.006,
tile_027035,test,ok,12725,0.006,
tile_027036,train,ok,12396,0.006,
tile_027037,train,ok,13029,0.006,
tile_027038,val,ok,11826,0.008,
tile_027039,train,ok,11408,0.006,
tile_027040,train,ok,12771,0.007,
tile_027041,train,ok,11849,0.007,
tile_027042,train,ok,11210,0.008,
tile_027043,train,ok,12018,0.008,
tile_027044,train,ok,12368,0.008,
tile_027045,train,ok,12897,0.008,
tile_027046,train,ok,13008,0.007,
tile_027047,train,ok,12719,0.008,
tile_027048,train,ok,13052,0.006,
tile_027049,train,ok,12899,0.007,
tile_027050,train,ok,12595,0.006,
tile_027051,train,ok,12675,0.008,
tile_027052,train,ok,12567,0.007,
tile_027053,train,ok,12836,0.007,
tile_027054,train,ok,11998,0.007,
tile_027055,train,ok,11155,0.008,
tile_027056,train,ok,12993,0.007,
tile_027057,train,ok,12454,0.007,
tile_027058,train,ok,12943,0.006,
tile_027059,train,ok,12712,0.007,
tile_027060,train,ok,12630,0.007,
tile_027061,train,ok,12815,0.006,
tile_027062,train,ok,12896,0.006,
tile_027063,train,ok,12531,0.009,
tile_027064,train,ok,12665,0.01,
tile_027065,train,ok,8490,0.008,
tile_027066,train,ok,12570,0.009,
tile_027067,train,ok,12775,0.009,
tile_027068,train,ok,12129,0.009,
tile_027069,train,ok,12912,0.009,
tile_027070,train,ok,12131,0.009,
tile_027071,train,ok,11927,0.011,
tile_027072,train,ok,12669,0.01,
tile_027073,train,ok,13115,0.012,
tile_027074,train,ok,12680,0.011,
tile_027075,train,ok,12973,0.012,
tile_027076,train,ok,12480,0.012,
tile_027077,train,ok,11873,0.01,
tile_027078,train,ok,12083,0.01,
tile_027079,train,ok,12341,0.013,
tile_027080,train,ok,12150,0.012,
tile_027081,train,ok,13063,0.013,
tile_027082,val,ok,12734,0.013,
tile_027083,test,ok,12819,0.009,
tile_027084,train,ok,11842,0.011,
tile_027085,train,ok,12147,0.01,
tile_027086,train,ok,12286,0.01,
tile_027087,train,ok,9782,0.009,
tile_027088,train,ok,13090,0.009,
tile_027089,train,ok,12467,0.01,
tile_027090,train,ok,12662,0.01,
tile_027091,train,ok,12400,0.01,
tile_027092,train,ok,12660,0.009,
tile_027093,train,ok,12826,0.008,
tile_027094,train,ok,12672,0.008,
tile_027095,test,ok,13062,0.011,
tile_027096,train,ok,12915,0.011,
tile_027097,train,ok,12702,0.011,
tile_027098,train,ok,12817,0.01,
tile_027099,train,ok,12727,0.01,
tile_027100,train,ok,12382,0.01,
tile_027101,train,ok,11911,0.01,
tile_027102,train,ok,13108,0.01,
tile_027103,train,ok,12721,0.011,
tile_027104,train,ok,13080,0.011,
tile_027105,val,ok,12561,0.01,
tile_027106,train,ok,12511,0.011,
tile_027107,test,ok,12860,0.011,
tile_027108,val,ok,13055,0.01,
tile_027109,test,ok,12516,0.011,
tile_027110,train,ok,12331,0.01,
tile_027111,val,ok,10704,0.011,
tile_027112,train,ok,12239,0.012,
tile_027113,train,ok,12686,0.011,
tile_027114,test,ok,12904,0.011,
tile_027115,test,ok,11621,0.011,
tile_027116,test,ok,12352,0.011,
tile_027117,train,ok,12191,0.011,
tile_027118,train,ok,11750,0.009,
tile_027119,train,ok,11499,0.01,
tile_027120,test,ok,12027,0.009,
tile_027121,test,ok,12541,0.01,
tile_027122,train,ok,12007,0.009,
tile_027123,train,ok,11648,0.009,
tile_027124,train,ok,12198,0.008,
tile_027125,test,ok,11284,0.008,
tile_027126,test,ok,11169,0.009,
tile_027127,train,ok,12983,0.007,
tile_027128,train,ok,12752,0.007,
tile_027129,train,ok,11687,0.008,
tile_027130,test,ok,11945,0.008,
tile_027131,train,ok,11997,0.008,
tile_027132,train,ok,12839,0.008,
tile_027133,test,ok,12711,0.008,
tile_027134,train,ok,10537,0.007,
tile_027135,train,ok,11140,0.007,
tile_027136,val,ok,12920,0.008,
tile_027137,train,ok,13082,0.008,
tile_027138,val,ok,12809,0.007,
tile_027139,test,ok,12433,0.008,
tile_027140,test,ok,11849,0.007,
tile_027141,train,ok,12991,0.008,
tile_027142,train,ok,13128,0.007,
tile_027143,test,ok,12245,0.008,
tile_027144,test,ok,12352,0.008,
tile_027145,test,ok,12305,0.008,
tile_027146,train,ok,12131,0.007,
tile_027147,train,ok,8237,0.007,
tile_027148,val,ok,11767,0.008,
tile_027149,train,ok,12825,0.006,
tile_027150,train,ok,10527,0.008,
tile_027151,train,ok,11335,0.008,
tile_027152,test,ok,11242,0.008,
tile_027153,train,ok,11839,0.009,
tile_027154,train,ok,12620,0.008,
tile_027155,train,ok,12637,0.006,
tile_027156,train,ok,11568,0.007,
tile_027157,train,ok,13070,0.006,
tile_027158,train,ok,12859,0.006,
tile_027159,train,ok,12877,0.006,
tile_027160,train,ok,12215,0.008,
tile_027161,train,ok,12452,0.007,
tile_027162,train,ok,11829,0.007,
tile_027163,train,ok,12697,0.005,
tile_027164,train,ok,11214,0.007,
tile_027165,train,ok,12454,0.007,
tile_027166,train,ok,11801,0.007,
tile_027167,train,ok,12910,0.006,
tile_027168,train,ok,12272,0.007,
tile_027169,train,ok,12604,0.007,
tile_027170,train,ok,12180,0.007,
tile_027171,test,ok,11894,0.006,
tile_027172,train,ok,12502,0.006,
tile_027173,test,ok,12727,0.006,
tile_027174,train,ok,10474,0.006,
tile_027175,test,ok,12897,0.006,
tile_027176,train,ok,12757,0.006,
tile_027177,val,ok,13087,0.007,
tile_027178,train,ok,12752,0.006,
tile_027179,test,ok,12612,0.008,
tile_027180,test,ok,13068,0.006,
tile_027181,train,ok,12533,0.006,
tile_027182,train,ok,13090,0.005,
tile_027183,train,ok,12882,0.007,
tile_027184,train,ok,12512,0.007,
tile_027185,test,ok,12451,0.007,
tile_027186,train,ok,12700,0.006,
tile_027187,train,ok,12417,0.006,
tile_027188,train,ok,12300,0.006,
tile_027189,val,ok,12903,0.006,
tile_027190,train,ok,13005,0.008,
tile_027191,train,ok,13119,0.007,
tile_027192,train,ok,11906,0.007,
tile_027193,train,ok,12542,0.006,
tile_027194,train,ok,13074,0.041,
tile_027195,train,ok,12328,0.041,
tile_027196,train,ok,12896,0.04,
tile_027197,train,ok,13097,0.04,
tile_027198,train,ok,12835,0.007,
tile_027199,train,ok,12384,0.009,
tile_027200,train,ok,12655,0.006,
tile_027201,train,ok,13044,0.008,
tile_027202,train,ok,12542,0.007,
tile_027203,train,ok,11457,0.007,
tile_027204,train,ok,13045,0.007,
tile_027205,train,ok,12516,0.008,
tile_027206,train,ok,12951,0.007,
tile_027207,test,ok,12594,0.008,
tile_027208,test,ok,11852,0.01,
tile_027209,val,ok,12353,0.009,
tile_027210,val,ok,12922,0.008,
tile_027211,val,ok,13083,0.009,
tile_027212,train,ok,12848,0.009,
tile_027213,train,ok,13000,0.009,
tile_027214,test,ok,11758,0.009,
tile_027215,val,ok,10885,0.008,
tile_027216,train,ok,12849,0.01,
tile_027217,val,ok,11337,0.009,
tile_027218,val,ok,11731,0.009,
tile_027219,test,ok,11504,0.01,
tile_027220,val,ok,13063,0.009,
tile_027221,train,ok,13138,0.009,
tile_027222,train,ok,12614,0.01,
tile_027223,train,ok,13158,0.009,
tile_027224,train,ok,13020,0.009,
tile_027225,train,ok,12413,0.01,
tile_027226,train,ok,12665,0.01,
tile_027227,train,ok,12699,0.01,
tile_027228,train,ok,13062,0.01,
tile_027229,train,ok,12001,0.009,
tile_027230,train,ok,12472,0.01,
tile_027231,train,ok,12706,0.009,
tile_027232,train,ok,12763,0.009,
tile_027233,val,ok,12641,0.009,
tile_027234,train,ok,12835,0.009,
tile_027235,train,ok,12821,0.009,
tile_027236,train,ok,11312,0.009,
tile_027237,train,ok,13096,0.009,
tile_027238,train,ok,12842,0.007,
tile_027239,train,ok,12945,0.008,
tile_027240,train,ok,13000,0.008,
tile_027241,train,ok,11746,0.008,
tile_027242,val,ok,12759,0.008,
tile_027243,train,ok,12152,0.008,
tile_027244,train,ok,12988,0.009,
tile_027245,test,ok,12070,0.008,
tile_027246,test,ok,12058,0.009,
tile_027247,train,ok,8511,0.007,
tile_027248,train,ok,12970,0.006,
tile_027249,train,ok,12771,0.006,
tile_027250,val,ok,10862,0.006,
tile_027251,val,ok,12410,0.007,
tile_027252,train,ok,12384,0.006,
tile_027253,train,ok,13059,0.006,
tile_027254,test,ok,13103,0.006,
tile_027255,train,ok,13101,0.006,
tile_027256,train,ok,11645,0.006,
tile_027257,train,ok,12045,0.007,
tile_027258,train,ok,11646,0.006,
tile_027259,val,ok,11322,0.007,
tile_027260,train,ok,12878,0.006,
tile_027261,train,ok,11600,0.006,
tile_027262,train,ok,7735,0.006,
tile_027263,train,ok,12099,0.006,
tile_027264,train,ok,12338,0.006,
tile_027265,train,ok,12773,0.006,
tile_027266,train,ok,12278,0.006,
tile_027267,val,ok,12596,0.007,
tile_027268,val,ok,12937,0.006,
tile_027269,val,ok,12865,0.006,
tile_027270,train,ok,12039,0.006,
tile_027271,train,ok,12248,0.008,
tile_027272,train,ok,12783,0.008,
tile_027273,val,ok,12755,0.008,
tile_027274,train,ok,12974,0.008,
tile_027275,train,ok,12494,0.007,
tile_027276,train,ok,13105,0.007,
tile_027277,train,ok,11704,0.005,
tile_027278,train,ok,12712,0.006,
tile_027279,train,ok,12772,0.007,
tile_027280,train,ok,10961,0.007,
tile_027281,train,ok,12047,0.007,
tile_027282,train,ok,12544,0.008,
tile_027283,train,ok,12713,0.007,
tile_027284,train,ok,12903,0.007,
tile_027285,train,ok,12357,0.007,
tile_027286,train,ok,12930,0.007,
tile_027287,train,ok,11588,0.008,
tile_027288,train,ok,7290,0.007,
tile_027289,train,ok,10308,0.007,
tile_027290,train,ok,9916,0.008,
tile_027291,train,ok,11142,0.008,
tile_027292,train,ok,12965,0.007,
tile_027293,train,ok,12737,0.007,
tile_027294,train,ok,10419,0.007,
tile_027295,train,ok,12720,0.007,
tile_027296,train,ok,12861,0.007,
tile_027297,train,ok,11724,0.008,
tile_027298,train,ok,12036,0.007,
tile_027299,train,ok,11709,0.009,
tile_027300,train,ok,10586,0.007,
tile_027301,train,ok,11314,0.007,
tile_027302,train,ok,11689,0.007,
tile_027303,train,ok,12482,0.007,
tile_027304,train,ok,12930,0.006,
tile_027305,train,ok,11224,0.007,
tile_027306,train,ok,12125,0.006,
tile_027307,train,ok,11773,0.006,
tile_027308,train,ok,12859,0.007,
tile_027309,train,ok,12177,0.007,
tile_027310,train,ok,9963,0.007,
tile_027311,train,ok,12157,0.008,
tile_027312,train,ok,12978,0.007,
tile_027313,train,ok,12598,0.007,
tile_027314,train,ok,12306,0.008,
tile_027315,train,ok,12312,0.007,
tile_027316,train,ok,12225,0.006,
tile_027317,train,ok,12971,0.006,
tile_027318,train,ok,12712,0.007,
tile_027319,test,ok,12012,0.007,
tile_027320,train,ok,13013,0.006,
tile_027321,train,ok,11319,0.006,
tile_027322,train,ok,13066,0.007,
tile_027323,train,ok,13150,0.006,
tile_027324,train,ok,12846,0.006,
tile_027325,train,ok,13098,0.006,
tile_027326,test,ok,10826,0.006,
tile_027327,test,ok,9874,0.006,
tile_027328,train,ok,12546,0.006,
tile_027329,train,ok,10756,0.006,
tile_027330,train,ok,11401,0.008,
tile_027331,train,ok,11753,0.008,
tile_027332,train,ok,10613,0.009,
tile_027333,train,ok,12839,0.008,
tile_027334,train,ok,10810,0.01,
tile_027335,train,ok,12495,0.012,
tile_027336,train,ok,11451,0.012,
tile_027337,train,ok,12715,0.012,
tile_027338,test,ok,12246,0.012,
tile_027339,train,ok,11320,0.013,
tile_027340,train,ok,11607,0.012,
tile_027341,train,ok,11828,0.012,
tile_027342,train,ok,11955,0.014,
tile_027343,train,ok,12142,0.014,
tile_027344,train,ok,13000,0.011,
tile_027345,test,ok,13033,0.01,
tile_027346,train,ok,11912,0.011,
tile_027347,train,ok,10094,0.014,
tile_027348,train,ok,11365,0.013,
tile_027349,train,ok,12498,0.013,
tile_027350,train,ok,12193,0.012,
tile_027351,train,ok,12833,0.012,
tile_027352,test,ok,12556,0.012,
tile_027353,train,ok,9873,0.011,
tile_027354,train,ok,12908,0.01,
tile_027355,train,ok,12149,0.01,
tile_027356,test,ok,10848,0.008,
tile_027357,train,ok,12024,0.008,
tile_027358,train,ok,11936,0.008,
tile_027359,test,ok,13099,0.009,
tile_027360,train,ok,13140,0.007,
