"Tile","Category","Replacement","VerifiedAt","VerifiedLog","Bytes","SHA256"
"tile_000001","DIRECT_RECHECK","C:\Users\pc\Documents\大创\prediction_recheck\tile_000001_checked_rechecked.odb","2026-07-24 09:51:02","C:\Users\pc\Documents\大创\prediction_recheck\_wallman_check_database_log.csv","162320","E8A3A4AA4D652178D97ACDB6C588E1B6D396861E44029316B59BBB9B8E173AE4"
"tile_000017","DIRECT_RECHECK","C:\Users\pc\Documents\大创\prediction_recheck\tile_000017_checked_rechecked.odb","2026-07-24 09:52:24","C:\Users\pc\Documents\大创\prediction_recheck\_wallman_check_database_worker_02_of_08.csv","323258","0F7F572D106969AA99D22A3280BEFE5FD2C82DF0DEB7504A7CA59CAE49868931"
"tile_000026","REBUILD_BASE","C:\Users\pc\Documents\大创\prediction_rebuild\tile_000026\tile_000026_checked.odb","2026-07-24 10:24:26","C:\Users\pc\Documents\大创\prediction_rebuild\_wallman_check_database_worker_01_of_08.csv","5284","F087FFD9A87BD1A9863BB29C204D74015337DB5C128945C3A237D7684BD3C6A6"
"tile_000077","REBUILD_BASE","C:\Users\pc\Documents\大创\prediction_rebuild\tile_000077\tile_000077_checked.odb","2026-07-24 10:24:30","C:\Users\pc\Documents\大创\prediction_rebuild\_wallman_check_database_worker_02_of_08.csv","68412","85904B9C06B7CC7D249B4C4FEE15DD82ABEAA9ED0E67EDB60E2AD8E4452AF754"
"tile_000138","REBUILD_BASE","C:\Users\pc\Documents\大创\prediction_rebuild\tile_000138\tile_000138_checked.odb","2026-07-24 10:24:25","C:\Users\pc\Documents\大创\prediction_rebuild\_wallman_check_database_worker_03_of_08.csv","159972","BDF46FE38FCFF647EDDD2762D5597C4B4BF142D90CAF65781FE2BC3DA1C2BEF4"
"tile_000149","DIRECT_RECHECK","C:\Users\pc\Documents\大创\prediction_recheck\tile_000149_checked_rechecked.odb","2026-07-24 09:52:11","C:\Users\pc\Documents\大创\prediction_recheck\_wallman_check_database_worker_06_of_08.csv","168398","5454F6DB44FA97C5F4EB66A22FB0DFA5F45B5530B24BA01ECF8EFBC17F68225F"
"tile_000174","DIRECT_RECHECK","C:\Users\pc\Documents\大创\prediction_recheck\tile_000174_checked_rechecked.odb","2026-07-24 09:52:13","C:\Users\pc\Documents\大创\prediction_recheck\_wallman_check_database_worker_07_of_08.csv","378662","91F793BF082F9915228B85F1D8EF13EA9A6C75B0B4FA5731CC673EEF6838D82D"
"tile_000194","REBUILD_BASE","C:\Users\pc\Documents\大创\prediction_rebuild\tile_000194\tile_000194_checked.odb","2026-07-24 10:24:28","C:\Users\pc\Documents\大创\prediction_rebuild\_wallman_check_database_worker_04_of_08.csv","179974","5173E14A20AC15DF0665159621947FB7D4AD12BE4697F16F5D35BFB9F6310E00"
"tile_000198","DIRECT_RECHECK","C:\Users\pc\Documents\大创\prediction_recheck\tile_000198_checked_rechecked.odb","2026-07-24 09:52:08","C:\Users\pc\Documents\大创\prediction_recheck\_wallman_check_database_worker_01_of_08.csv","215474","25EEC21C506870B9078FB20563CCF21078594ECDBB8FDB0BD9364DBCA3D4FE21"
"tile_000213","REBUILD_BASE","C:\Users\pc\Documents\大创\prediction_rebuild\tile_000213\tile_000213_checked.odb","2026-07-24 10:24:29","C:\Users\pc\Documents\大创\prediction_rebuild\_wallman_check_database_worker_05_of_08.csv","130644","21AA075D96F4C1059F2B3FBF8210C1EB0D516C9D0BA4BDB73517F49CC563F77F"
"tile_000228","REBUILD_BASE","C:\Users\pc\Documents\大创\prediction_rebuild\tile_000228\tile_000228_checked.odb","2026-07-24 10:24:36","C:\Users\pc\Documents\大创\prediction_rebuild\_wallman_check_database_worker_06_of_08.csv","95464","F5C03358806EC892C84336EE09F182F1E24A2FF829625081E3E95DEEBACB9F1C"
"tile_000279","REBUILD_POLYGON_FIX","C:\Users\pc\Documents\大创\prediction_rebuild_polygonfix\tile_000279\tile_000279_checked.odb","2026-07-24 10:59:31","C:\Users\pc\Documents\大创\prediction_rebuild_polygonfix\_wallman_check_database_worker_01_of_08.csv","173204","EDAFEAB73F4767DED205A552C0283EC9345B70597C5AD3930A16CBBC884DDC11"
"tile_000292","REBUILD_BASE","C:\Users\pc\Documents\大创\prediction_rebuild\tile_000292\tile_000292_checked.odb","2026-07-24 10:24:04","C:\Users\pc\Documents\大创\prediction_rebuild\_wallman_check_database_worker_08_of_08.csv","206670","336CE85D0AD3491943F3F951A230E3C8002CD72274D54916A883456B7582F599"
"tile_000323","REBUILD_SECOND_PASS","C:\Users\pc\Documents\大创\prediction_rebuild_recheck\tile_000323_checked_rechecked.odb","2026-07-24 10:35:17","C:\Users\pc\Documents\大创\prediction_rebuild_recheck\_wallman_check_database_worker_02_of_08.csv","5380","BE77EF014117FDF6EDB8E6BDABFA77695A8082CAD01392AA20DD0B674160A61E"
"tile_000394","REBUILD_BASE","C:\Users\pc\Documents\大创\prediction_rebuild\tile_000394\tile_000394_checked.odb","2026-07-24 10:24:40","C:\Users\pc\Documents\大创\prediction_rebuild\_wallman_check_database_worker_02_of_08.csv","237368","869CB67B3B46D8573CF3083C22857B7CC3F9DDB179615BEADA1F2DED37B8C613"
"tile_000453","REBUILD_BASE","C:\Users\pc\Documents\大创\prediction_rebuild\tile_000453\tile_000453_checked.odb","2026-07-24 10:24:35","C:\Users\pc\Documents\大创\prediction_rebuild\_wallman_check_database_worker_03_of_08.csv","5996","E618BB43C6E32DE9DD209AF63CC7FE31A32C6ECBD8C7BF82DD6D916E16A78D17"
"tile_000489","REBUILD_BASE","C:\Users\pc\Documents\大创\prediction_rebuild\tile_000489\tile_000489_checked.odb","2026-07-24 10:24:37","C:\Users\pc\Documents\大创\prediction_rebuild\_wallman_check_database_worker_04_of_08.csv","167700","D6E6C16FB144C5282EC173FE6795E83B26C15A9C164651D1F9A7FFBDCCE037A3"
"tile_000504","REBUILD_BASE","C:\Users\pc\Documents\大创\prediction_rebuild\tile_000504\tile_000504_checked.odb","2026-07-24 10:24:39","C:\Users\pc\Documents\大创\prediction_rebuild\_wallman_check_database_worker_05_of_08.csv","566294","A264F57564C29427917097C1349D12D8DCE1568E3F341E6025E637CB32497137"
"tile_000514","REBUILD_BASE","C:\Users\pc\Documents\大创\prediction_rebuild\tile_000514\tile_000514_checked.odb","2026-07-24 10:24:47","C:\Users\pc\Documents\大创\prediction_rebuild\_wallman_check_database_worker_06_of_08.csv","6324","9EEB0888DDB0CF2E6FA3E0D8BB155C1EDD5655EE44AB59E9133EAC3B24C6E4F9"
"tile_000525","REBUILD_BASE","C:\Users\pc\Documents\大创\prediction_rebuild\tile_000525\tile_000525_checked.odb","2026-07-24 10:24:43","C:\Users\pc\Documents\大创\prediction_rebuild\_wallman_check_database_worker_07_of_08.csv","21636","5505F7AA26252113A892EF33B04424384112074AD246CA8964CF56DC63FC7674"
"tile_000534","DIRECT_RECHECK","C:\Users\pc\Documents\大创\prediction_recheck\tile_000534_checked_rechecked.odb","2026-07-24 09:53:02","C:\Users\pc\Documents\大创\prediction_recheck\_wallman_check_database_worker_05_of_08.csv","16696","902196CA6F0B7304A7F525CE7D1CF280FDC7FD11D31D01850381ECEB27F3D224"
"tile_000628","REBUILD_GAP_0P2","C:\Users\pc\Documents\大创\prediction_rebuild_strong\tile_000628\tile_000628_checked.odb","2026-07-24 10:43:31","C:\Users\pc\Documents\大创\prediction_rebuild_strong\_wallman_check_database_worker_02_of_08.csv","5476","CAD3BD84D160E67E2CFE0A81905210854257F830FBA35F093E17D131D6D92302"
"tile_000657","REBUILD_GAP_1P0","C:\Users\pc\Documents\大创\prediction_rebuild_gap1\tile_000657\tile_000657_checked.odb","2026-07-24 10:46:33","C:\Users\pc\Documents\大创\prediction_rebuild_gap1\_wallman_check_database_worker_02_of_08.csv","5624","D96CCA30EE1B1F2C07A801F5C35E30BA00069C4B0BA2113775FC89CAB1BE2F7D"
"tile_000735","REBUILD_BASE","C:\Users\pc\Documents\大创\prediction_rebuild\tile_000735\tile_000735_checked.odb","2026-07-24 10:24:49","C:\Users\pc\Documents\大创\prediction_rebuild\_wallman_check_database_worker_02_of_08.csv","93472","D911BBBCD2DE64645533F88086BB3E0DE8280057180C25E074DC18D058F93352"
"tile_000756","REBUILD_BASE","C:\Users\pc\Documents\大创\prediction_rebuild\tile_000756\tile_000756_checked.odb","2026-07-24 10:24:46","C:\Users\pc\Documents\大创\prediction_rebuild\_wallman_check_database_worker_03_of_08.csv","11484","558FDA1DDFBDE776B78FE16A6B65B6B1D230C4B824E63BB6DAA28203B593D237"
"tile_000842","REBUILD_SECOND_PASS","C:\Users\pc\Documents\大创\prediction_rebuild_recheck\tile_000842_checked_rechecked.odb","2026-07-24 10:35:11","C:\Users\pc\Documents\大创\prediction_rebuild_recheck\_wallman_check_database_worker_05_of_08.csv","229618","629767A5FB9D85A9BCB2E6E94E56A54786DD93C05DFF8F18AB95B5D84F1B6243"
"tile_000907","REBUILD_BASE","C:\Users\pc\Documents\大创\prediction_rebuild\tile_000907\tile_000907_checked.odb","2026-07-24 10:24:48","C:\Users\pc\Documents\大创\prediction_rebuild\_wallman_check_database_worker_05_of_08.csv","142956","6EB2589342D427E15C14F8A865250B8380E176D4973D82293A9F16FA68756C1D"
"tile_000942","REBUILD_BASE","C:\Users\pc\Documents\大创\prediction_rebuild\tile_000942\tile_000942_checked.odb","2026-07-24 10:24:57","C:\Users\pc\Documents\大创\prediction_rebuild\_wallman_check_database_worker_06_of_08.csv","135052","760FC499E091D7B78CECEC9A7718D4283B775DEF0FCD5B2832CB577ED62F8263"
"tile_000951","DIRECT_RECHECK","C:\Users\pc\Documents\大创\prediction_recheck\tile_000951_checked_rechecked.odb","2026-07-24 09:53:24","C:\Users\pc\Documents\大创\prediction_recheck\_wallman_check_database_worker_05_of_08.csv","46538","5EA62A8674808BF67D92E205A5BF7F886E437FF457460C9BD1C9A7E60E6BEB5F"
"tile_000965","REBUILD_BASE","C:\Users\pc\Documents\大创\prediction_rebuild\tile_000965\tile_000965_checked.odb","2026-07-24 10:24:52","C:\Users\pc\Documents\大创\prediction_rebuild\_wallman_check_database_worker_07_of_08.csv","5884","39D2F6E25EFEFACFAB8CF256041CC21F43B327D39F37DA590CFBB22BE5F95691"
"tile_000973","REBUILD_SECOND_PASS","C:\Users\pc\Documents\大创\prediction_rebuild_recheck\tile_000973_checked_rechecked.odb","2026-07-24 10:35:24","C:\Users\pc\Documents\大创\prediction_rebuild_recheck\_wallman_check_database_worker_06_of_08.csv","11592","14804FB58408666DD5D5C8A849DF33C34F3EA734258E688E1BA0EB7308C72C0C"
"tile_000974","REBUILD_BASE","C:\Users\pc\Documents\大创\prediction_rebuild\tile_000974\tile_000974_checked.odb","2026-07-24 10:25:03","C:\Users\pc\Documents\大创\prediction_rebuild\_wallman_check_database_worker_01_of_08.csv","5572","05239F7B93D6CC18597CEEC70C05E8800C17CB69A4FCE4B746202DBDEE51F461"
"tile_000983","REBUILD_BASE","C:\Users\pc\Documents\大创\prediction_rebuild\tile_000983\tile_000983_checked.odb","2026-07-24 10:24:59","C:\Users\pc\Documents\大创\prediction_rebuild\_wallman_check_database_worker_02_of_08.csv","85000","2846A239C4D3B71FD0C97E4DA74850578906990EBFA24B1392B0FCE678AB48A0"
"tile_001034","REBUILD_BASE","C:\Users\pc\Documents\大创\prediction_rebuild\tile_001034\tile_001034_checked.odb","2026-07-24 10:24:56","C:\Users\pc\Documents\大创\prediction_rebuild\_wallman_check_database_worker_03_of_08.csv","7464","562E2D47C17A9F97EF3783B85FC0776182D92982F2910760ABCC3F7616AE06D0"
"tile_001101","DIRECT_RECHECK","C:\Users\pc\Documents\大创\prediction_recheck\tile_001101_checked_rechecked.odb","2026-07-24 09:53:39","C:\Users\pc\Documents\大创\prediction_recheck\_wallman_check_database_worker_03_of_08.csv","553926","619F04EC554F01275555ECE3078CE94C385604720AA785E61E62AD3B2548E2C2"
"tile_001104","DIRECT_RECHECK","C:\Users\pc\Documents\大创\prediction_recheck\tile_001104_checked_rechecked.odb","2026-07-24 09:53:42","C:\Users\pc\Documents\大创\prediction_recheck\_wallman_check_database_worker_04_of_08.csv","569214","AF62882A522456D70B308ABFE6FC468665DC7A92B1689A04981BE80EC0361DCB"
"tile_001108","REBUILD_BASE","C:\Users\pc\Documents\大创\prediction_rebuild\tile_001108\tile_001108_checked.odb","2026-07-24 10:25:05","C:\Users\pc\Documents\大创\prediction_rebuild\_wallman_check_database_worker_04_of_08.csv","183284","FFE39D35555F0F33FF979151C75E59CEAFEE974692B2C7D6B08DE6EAD2D73D16"
"tile_001110","REBUILD_BASE","C:\Users\pc\Documents\大创\prediction_rebuild\tile_001110\tile_001110_checked.odb","2026-07-24 10:24:58","C:\Users\pc\Documents\大创\prediction_rebuild\_wallman_check_database_worker_05_of_08.csv","93032","7C304A40902464651A1925CC3067CA533D9AB4E45A39EA2344E6E8F91028F815"
"tile_001149","REBUILD_BASE","C:\Users\pc\Documents\大创\prediction_rebuild\tile_001149\tile_001149_checked.odb","2026-07-24 10:25:10","C:\Users\pc\Documents\大创\prediction_rebuild\_wallman_check_database_worker_06_of_08.csv","834916","08BA6B9ACC77960FDCB51F341A7CC7CCEEA1EF2F75F9FA96F4C13B040D143101"
"tile_001151","REBUILD_BASE","C:\Users\pc\Documents\大创\prediction_rebuild\tile_001151\tile_001151_checked.odb","2026-07-24 10:25:02","C:\Users\pc\Documents\大创\prediction_rebuild\_wallman_check_database_worker_07_of_08.csv","193688","145DE817829ABB4E0B3BF8B3A2BE60BE0DC46FDE628610D7B05EFCA541A3629A"
"tile_001159","REBUILD_BASE","C:\Users\pc\Documents\大创\prediction_rebuild\tile_001159\tile_001159_checked.odb","2026-07-24 10:24:50","C:\Users\pc\Documents\大创\prediction_rebuild\_wallman_check_database_worker_08_of_08.csv","87172","6FD3AE75C1F642154D3E2DDBFD8E6B9C85F462584BA54AA94089825CA143F9BD"
"tile_001182","REBUILD_BASE","C:\Users\pc\Documents\大创\prediction_rebuild\tile_001182\tile_001182_checked.odb","2026-07-24 10:25:17","C:\Users\pc\Documents\大创\prediction_rebuild\_wallman_check_database_worker_01_of_08.csv","6084","DC5C5C76F61E750FA197575D8AE45062BDB78BC5036E54CA0074B4C5B24F07A8"
"tile_001200","DIRECT_RECHECK","C:\Users\pc\Documents\大创\prediction_recheck\tile_001200_checked_rechecked.odb","2026-07-24 09:54:03","C:\Users\pc\Documents\大创\prediction_recheck\_wallman_check_database_worker_03_of_08.csv","117856","0004D02B633FD3050EBF764C02A8EE8E911D46B932AAAAB7E44EE1F3223EF64B"
"tile_001243","REBUILD_BASE","C:\Users\pc\Documents\大创\prediction_rebuild\tile_001243\tile_001243_checked.odb","2026-07-24 10:25:11","C:\Users\pc\Documents\大创\prediction_rebuild\_wallman_check_database_worker_02_of_08.csv","97488","2363AB0DB16657884A0E4584F321E11DA2D6196F26E84B530FD2064718AD252F"
"tile_001247","REBUILD_BASE","C:\Users\pc\Documents\大创\prediction_rebuild\tile_001247\tile_001247_checked.odb","2026-07-24 10:25:06","C:\Users\pc\Documents\大创\prediction_rebuild\_wallman_check_database_worker_03_of_08.csv","14956","5048A588898423522F5CF49571A9F578F4B776421ED4D10455A76CA58AE7BDDB"
"tile_001280","REBUILD_BASE","C:\Users\pc\Documents\大创\prediction_rebuild\tile_001280\tile_001280_checked.odb","2026-07-24 10:25:15","C:\Users\pc\Documents\大创\prediction_rebuild\_wallman_check_database_worker_04_of_08.csv","127160","E347718F3C42F02667F83DE3BA4DD07C23629286F0AF20099584DE58CEA17A35"
"tile_001283","REBUILD_BASE","C:\Users\pc\Documents\大创\prediction_rebuild\tile_001283\tile_001283_checked.odb","2026-07-24 10:25:07","C:\Users\pc\Documents\大创\prediction_rebuild\_wallman_check_database_worker_05_of_08.csv","6224","8F3E8146D617B62BDE7F947F512A306E02B5C4A63C55D06E69B0BC59FDCF1C11"
"tile_001307","REBUILD_BASE","C:\Users\pc\Documents\大创\prediction_rebuild\tile_001307\tile_001307_checked.odb","2026-07-24 10:25:20","C:\Users\pc\Documents\大创\prediction_rebuild\_wallman_check_database_worker_06_of_08.csv","5872","F844FB585864931EF4E5C01C7D75809F2581D722280F54F65E2BC2F97AE16E85"
"tile_001333","REBUILD_BASE","C:\Users\pc\Documents\大创\prediction_rebuild\tile_001333\tile_001333_checked.odb","2026-07-24 10:25:13","C:\Users\pc\Documents\大创\prediction_rebuild\_wallman_check_database_worker_07_of_08.csv","6560","22AAAD5162C498E8E74E974997C0B265F6B48AB6BCEECB2330394374E2010034"
"tile_001345","REBUILD_BASE","C:\Users\pc\Documents\大创\prediction_rebuild\tile_001345\tile_001345_checked.odb","2026-07-24 10:25:01","C:\Users\pc\Documents\大创\prediction_rebuild\_wallman_check_database_worker_08_of_08.csv","87798","B8739EC90A21EA1459F2B3A6B61FBE77D5EB0CAEE69370F72DCED5700813D1B3"
"tile_001356","REBUILD_BASE","C:\Users\pc\Documents\大创\prediction_rebuild\tile_001356\tile_001356_checked.odb","2026-07-24 10:25:26","C:\Users\pc\Documents\大创\prediction_rebuild\_wallman_check_database_worker_01_of_08.csv","146116","D65AD83BB6BFC71C87A4E2A19B75E0B0D714447AAC9AA1B93F0D84C46858AA62"
"tile_001365","REBUILD_BASE","C:\Users\pc\Documents\大创\prediction_rebuild\tile_001365\tile_001365_checked.odb","2026-07-24 10:25:21","C:\Users\pc\Documents\大创\prediction_rebuild\_wallman_check_database_worker_02_of_08.csv","78104","8F39BAB3FD5978E893E0FFA199B5D4448DE11CFADF78680BCD84F1BB4830DCF1"
"tile_001373","DIRECT_RECHECK","C:\Users\pc\Documents\大创\prediction_recheck\tile_001373_checked_rechecked.odb","2026-07-24 10:04:18","C:\Users\pc\Documents\大创\prediction_recheck\_wallman_check_database_worker_05_of_08.csv","117486","97D7DDB06D4B36D84903AD569D3E18508964662D49C5B8B6682549E074840A0D"
"tile_001420","REBUILD_BASE","C:\Users\pc\Documents\大创\prediction_rebuild\tile_001420\tile_001420_checked.odb","2026-07-24 10:25:18","C:\Users\pc\Documents\大创\prediction_rebuild\_wallman_check_database_worker_03_of_08.csv","35680","418B3138B7D62BC60E39B7795AA77ACDE0CD640FB5B7069160DE36CFBEDC40FE"
"tile_001457","REBUILD_BASE","C:\Users\pc\Documents\大创\prediction_rebuild\tile_001457\tile_001457_checked.odb","2026-07-24 10:25:25","C:\Users\pc\Documents\大创\prediction_rebuild\_wallman_check_database_worker_04_of_08.csv","60120","B5AFAE626946A2DA2BC5C5A3709BFC8D747884A98B80214E0A1A98D7674B30B0"
"tile_001477","REBUILD_BASE","C:\Users\pc\Documents\大创\prediction_rebuild\tile_001477\tile_001477_checked.odb","2026-07-24 10:25:19","C:\Users\pc\Documents\大创\prediction_rebuild\_wallman_check_database_worker_05_of_08.csv","5696","958A2D1CA59A7F81FC0BABF952FBC2E387CCDA5AEF9EA83812A3954ED2940873"
"tile_001507","DIRECT_RECHECK","C:\Users\pc\Documents\大创\prediction_recheck\tile_001507_checked_rechecked.odb","2026-07-24 09:54:32","C:\Users\pc\Documents\大创\prediction_recheck\_wallman_check_database_worker_01_of_08.csv","100122","370E27AE085629EFB34640572C99B4DB2C952FD0B64EC0220B9461B6D9EF2C5E"
"tile_001518","REBUILD_BASE","C:\Users\pc\Documents\大创\prediction_rebuild\tile_001518\tile_001518_checked.odb","2026-07-24 10:25:30","C:\Users\pc\Documents\大创\prediction_rebuild\_wallman_check_database_worker_06_of_08.csv","160622","CFC6DF7B5EBD7B48F88F396F5BE1775BD026FE257F9BC996B45B37BE23DA297C"
"tile_001530","REBUILD_GAP_1P0","C:\Users\pc\Documents\大创\prediction_rebuild_gap1\tile_001530\tile_001530_checked.odb","2026-07-24 10:46:38","C:\Users\pc\Documents\大创\prediction_rebuild_gap1\_wallman_check_database_worker_03_of_08.csv","58940","DA0F91FA3EB4792354E42C7C4C38DF18CDBFEA996FB1C6D9A99E28ABFC990EB5"
"tile_001546","REBUILD_BASE","C:\Users\pc\Documents\大创\prediction_rebuild\tile_001546\tile_001546_checked.odb","2026-07-24 10:25:12","C:\Users\pc\Documents\大创\prediction_rebuild\_wallman_check_database_worker_08_of_08.csv","66536","5EB41981CC9359934BFA40EFF575F43CC935F609088BF888986BBBDF1B1E8763"
"tile_001553","REBUILD_BASE","C:\Users\pc\Documents\大创\prediction_rebuild\tile_001553\tile_001553_checked.odb","2026-07-24 10:25:36","C:\Users\pc\Documents\大创\prediction_rebuild\_wallman_check_database_worker_01_of_08.csv","426036","0CF15BFA830A6A3C63E9771ECD2F4F257D2866865F10AD6168BEC737607F2C41"
"tile_001634","REBUILD_BASE","C:\Users\pc\Documents\大创\prediction_rebuild\tile_001634\tile_001634_checked.odb","2026-07-24 10:25:31","C:\Users\pc\Documents\大创\prediction_rebuild\_wallman_check_database_worker_02_of_08.csv","39792","69E8A086B3DFC875B9BAE8145A02C4C0547F5DEA5AEAA8169E73E97995C5E708"
"tile_001665","REBUILD_BASE","C:\Users\pc\Documents\大创\prediction_rebuild\tile_001665\tile_001665_checked.odb","2026-07-24 10:25:27","C:\Users\pc\Documents\大创\prediction_rebuild\_wallman_check_database_worker_03_of_08.csv","11808","0FA4DBCBDF69F60025BFC0EDA863E2B61F25BFD2B7F4A2C4D1DFAB978571A6BA"
"tile_001709","REBUILD_BASE","C:\Users\pc\Documents\大创\prediction_rebuild\tile_001709\tile_001709_checked.odb","2026-07-24 10:25:35","C:\Users\pc\Documents\大创\prediction_rebuild\_wallman_check_database_worker_04_of_08.csv","36444","B6AD800BB6B244DD7F823E66FD2C5851C35A060BFE8FAF444806E049A28EB0BD"
"tile_001822","REBUILD_BASE","C:\Users\pc\Documents\大创\prediction_rebuild\tile_001822\tile_001822_checked.odb","2026-07-24 10:25:29","C:\Users\pc\Documents\大创\prediction_rebuild\_wallman_check_database_worker_05_of_08.csv","70540","5995FC431DD3FE91424D94ED2E93E20C5F669639B6AAB1E53D72B60529F610D7"
"tile_001902","REBUILD_BASE","C:\Users\pc\Documents\大创\prediction_rebuild\tile_001902\tile_001902_checked.odb","2026-07-24 10:25:39","C:\Users\pc\Documents\大创\prediction_rebuild\_wallman_check_database_worker_06_of_08.csv","222908","C5E06DEEDF722C75BA59982E0A0534D0C027B9C6A883AA971585C82CE1B9DA42"
"tile_001931","REBUILD_BASE","C:\Users\pc\Documents\大创\prediction_rebuild\tile_001931\tile_001931_checked.odb","2026-07-24 10:25:34","C:\Users\pc\Documents\大创\prediction_rebuild\_wallman_check_database_worker_07_of_08.csv","65782","8A9F14E6D6B5CA031972EEDC2E330B10E48AFFD86BEFEF42134BFDF590AA44FA"
"tile_001998","REBUILD_BASE","C:\Users\pc\Documents\大创\prediction_rebuild\tile_001998\tile_001998_checked.odb","2026-07-24 10:25:23","C:\Users\pc\Documents\大创\prediction_rebuild\_wallman_check_database_worker_08_of_08.csv","80788","80320C9A7F62059DC3799799DCADBD8BD851EC61FAE33EB5B1802DDB0382CA2A"
"tile_002016","DIRECT_RECHECK","C:\Users\pc\Documents\大创\prediction_recheck\tile_002016_checked_rechecked.odb","2026-07-24 10:05:03","C:\Users\pc\Documents\大创\prediction_recheck\_wallman_check_database_worker_05_of_08.csv","118682","FAE799E551868DADF0BF3D9C6DB227759C2079A8BA3E2FAD0749FDEB50DB7EF2"
"tile_002024","REBUILD_BASE","C:\Users\pc\Documents\大创\prediction_rebuild\tile_002024\tile_002024_checked.odb","2026-07-24 10:25:47","C:\Users\pc\Documents\大创\prediction_rebuild\_wallman_check_database_worker_01_of_08.csv","8272","30C9D3604DF64C00B03A2DD64012DD799EE6306F5883EA46DDB684A03E29AA35"
"tile_002038","REBUILD_BASE","C:\Users\pc\Documents\大创\prediction_rebuild\tile_002038\tile_002038_checked.odb","2026-07-24 10:25:42","C:\Users\pc\Documents\大创\prediction_rebuild\_wallman_check_database_worker_02_of_08.csv","76594","9F5B19BD1B09EDBF58409C93371440E4E2D8053F8E2C6755C55FF6D6934B0503"
"tile_002068","REBUILD_BASE","C:\Users\pc\Documents\大创\prediction_rebuild\tile_002068\tile_002068_checked.odb","2026-07-24 10:25:37","C:\Users\pc\Documents\大创\prediction_rebuild\_wallman_check_database_worker_03_of_08.csv","112580","117DD60EFD85A0AF226B4D886CBB4FC4D282B3B895F757322FDF3333CF64D422"
"tile_002099","REBUILD_BASE","C:\Users\pc\Documents\大创\prediction_rebuild\tile_002099\tile_002099_checked.odb","2026-07-24 10:25:46","C:\Users\pc\Documents\大创\prediction_rebuild\_wallman_check_database_worker_04_of_08.csv","25712","A478EC18E0C6C82E9F170666C9FCEC85F2EAF1FBF620A4936FA287C94AB75DDD"
"tile_002145","REBUILD_BASE","C:\Users\pc\Documents\大创\prediction_rebuild\tile_002145\tile_002145_checked.odb","2026-07-24 10:25:41","C:\Users\pc\Documents\大创\prediction_rebuild\_wallman_check_database_worker_05_of_08.csv","309360","0798AD5A272E49ED232A1A673C21981EB5FF815C48BDCDA661A46553E5C1F6F0"
"tile_002161","DIRECT_RECHECK","C:\Users\pc\Documents\大创\prediction_recheck\tile_002161_checked_rechecked.odb","2026-07-24 10:00:09","C:\Users\pc\Documents\大创\prediction_recheck\_wallman_check_database_worker_03_of_08.csv","125588","2D6B09778EAA04AAC1BF12919E4F84DBC54D3054F77FF0BC41008AB767709AAC"
"tile_002174","REBUILD_BASE","C:\Users\pc\Documents\大创\prediction_rebuild\tile_002174\tile_002174_checked.odb","2026-07-24 10:25:50","C:\Users\pc\Documents\大创\prediction_rebuild\_wallman_check_database_worker_06_of_08.csv","60588","F136C9DC73D6026B03A8B8C30B38DA33AF927E9FA3E17D454BAD32B9054FFCF6"
"tile_002202","DIRECT_RECHECK","C:\Users\pc\Documents\大创\prediction_recheck\tile_002202_checked_rechecked.odb","2026-07-24 10:05:26","C:\Users\pc\Documents\大创\prediction_recheck\_wallman_check_database_worker_05_of_08.csv","74580","F2998ED190E5A84A37A38514E940DE7B6845EF415F80DB94466C58FE193FE794"
"tile_002212","REBUILD_BASE","C:\Users\pc\Documents\大创\prediction_rebuild\tile_002212\tile_002212_checked.odb","2026-07-24 10:25:45","C:\Users\pc\Documents\大创\prediction_rebuild\_wallman_check_database_worker_07_of_08.csv","187970","C8B0435A457DF1FA022EDD81F8482768D2A2B851013B0C52E9E3E1362234645C"
"tile_002233","REBUILD_BASE","C:\Users\pc\Documents\大创\prediction_rebuild\tile_002233\tile_002233_checked.odb","2026-07-24 10:25:33","C:\Users\pc\Documents\大创\prediction_rebuild\_wallman_check_database_worker_08_of_08.csv","106066","F1145499FD8BD6869925AAE6D01FA8F1F9E8684A87CE12A6211A4A25C0164606"
"tile_002260","DIRECT_RECHECK","C:\Users\pc\Documents\大创\prediction_recheck\tile_002260_checked_rechecked.odb","2026-07-24 09:55:41","C:\Users\pc\Documents\大创\prediction_recheck\_wallman_check_database_worker_08_of_08.csv","118026","5CC7786B568D711349DBD092A0FF61436977507AF3D69CA810B094B2AA6E20C7"
"tile_002296","DIRECT_RECHECK","C:\Users\pc\Documents\大创\prediction_recheck\tile_002296_checked_rechecked.odb","2026-07-24 09:55:35","C:\Users\pc\Documents\大创\prediction_recheck\_wallman_check_database_worker_01_of_08.csv","91702","E9F153DFF75D3A6A81801CF5D8B38BBDDF77CC4D53417DF910CC27CF26458E0F"
"tile_002310","REBUILD_BASE","C:\Users\pc\Documents\大创\prediction_rebuild\tile_002310\tile_002310_checked.odb","2026-07-24 10:25:59","C:\Users\pc\Documents\大创\prediction_rebuild\_wallman_check_database_worker_01_of_08.csv","5272","F7C3A00C106D078E800472054CA76BB1C350CD74F055A468CD83233C1DA8C6A6"
"tile_002344","REBUILD_BASE","C:\Users\pc\Documents\大创\prediction_rebuild\tile_002344\tile_002344_checked.odb","2026-07-24 10:25:53","C:\Users\pc\Documents\大创\prediction_rebuild\_wallman_check_database_worker_02_of_08.csv","38660","9416F000E1EE60D32B2E5B98921028E5D901F0E95FF70E17AAA9896A223D95F8"
"tile_002367","REBUILD_BASE","C:\Users\pc\Documents\大创\prediction_rebuild\tile_002367\tile_002367_checked.odb","2026-07-24 10:25:49","C:\Users\pc\Documents\大创\prediction_rebuild\_wallman_check_database_worker_03_of_08.csv","259460","EEAEAE112EE1C20E03AD0F428CD3122D133465C6EB64D26928429438BF10BB1F"
"tile_002370","REBUILD_BASE","C:\Users\pc\Documents\大创\prediction_rebuild\tile_002370\tile_002370_checked.odb","2026-07-24 10:25:57","C:\Users\pc\Documents\大创\prediction_rebuild\_wallman_check_database_worker_04_of_08.csv","295792","D48CB2BE3CBCEF1F308142480FD47ACFB547F861D26867BABAD0ED2F346EA575"
"tile_002421","DIRECT_RECHECK","C:\Users\pc\Documents\大创\prediction_recheck\tile_002421_checked_rechecked.odb","2026-07-24 09:55:29","C:\Users\pc\Documents\大创\prediction_recheck\_wallman_check_database_worker_06_of_08.csv","105328","F0DF6D83AD7BA2C9EC61D6DBBBC776D1CE962081F6640D2FE937389B7D6766CD"
"tile_002538","REBUILD_POLYGON_FIX","C:\Users\pc\Documents\大创\prediction_rebuild_polygonfix\tile_002538\tile_002538_checked.odb","2026-07-24 10:59:32","C:\Users\pc\Documents\大创\prediction_rebuild_polygonfix\_wallman_check_database_worker_02_of_08.csv","5596","555AB18BBA683F95B90F65F48033192C591A04FB2DDF68D260B25962792B1928"
"tile_002557","DIRECT_RECHECK","C:\Users\pc\Documents\大创\prediction_recheck\tile_002557_checked_rechecked.odb","2026-07-24 09:55:59","C:\Users\pc\Documents\大创\prediction_recheck\_wallman_check_database_worker_08_of_08.csv","216682","7FBD6B4C0A7F7E8330C8F7790FEA935611069CDD2A3E7CFE8597DF54358E40D7"
"tile_002599","REBUILD_GAP_1P0","C:\Users\pc\Documents\大创\prediction_rebuild_gap1\tile_002599\tile_002599_checked.odb","2026-07-24 10:46:35","C:\Users\pc\Documents\大创\prediction_rebuild_gap1\_wallman_check_database_worker_05_of_08.csv","183786","D3FDCCBF4B0856F49DDE401500D59FE3112CBAF6795410C914D8995E6AB19CE3"
"tile_002610","REBUILD_BASE","C:\Users\pc\Documents\大创\prediction_rebuild\tile_002610\tile_002610_checked.odb","2026-07-24 10:25:56","C:\Users\pc\Documents\大创\prediction_rebuild\_wallman_check_database_worker_07_of_08.csv","5284","6D4A92233D5400207060BF7693BC502E6F84D0B32014D68215047B0C0B80D90F"
"tile_002640","REBUILD_BASE","C:\Users\pc\Documents\大创\prediction_rebuild\tile_002640\tile_002640_checked.odb","2026-07-24 10:25:44","C:\Users\pc\Documents\大创\prediction_rebuild\_wallman_check_database_worker_08_of_08.csv","5828","96A22B9BFE1D3D5D6C84971F612481B89DD569A2C728CC85150CB1828BDFC7AE"
"tile_002754","REBUILD_BASE","C:\Users\pc\Documents\大创\prediction_rebuild\tile_002754\tile_002754_checked.odb","2026-07-24 10:26:11","C:\Users\pc\Documents\大创\prediction_rebuild\_wallman_check_database_worker_01_of_08.csv","503558","F6ED5F0356B21FBE714EF8FF1FB4EB6596FF7A6163DC72FE889AE0B776FB5B09"
"tile_002787","REBUILD_BASE","C:\Users\pc\Documents\大创\prediction_rebuild\tile_002787\tile_002787_checked.odb","2026-07-24 10:26:05","C:\Users\pc\Documents\大创\prediction_rebuild\_wallman_check_database_worker_02_of_08.csv","5428","7CCEEBE2DE04BAA0A419B0EA7BFBF01EDE27DC230C2BB22D910D5B32A2CE7C1E"
"tile_002877","DIRECT_RECHECK","C:\Users\pc\Documents\大创\prediction_recheck\tile_002877_checked_rechecked.odb","2026-07-24 09:55:47","C:\Users\pc\Documents\大创\prediction_recheck\_wallman_check_database_worker_06_of_08.csv","227302","299B2B550264491D47856BA95FFF57E7AA285CF620086E8543D280927FF730BC"
"tile_002901","REBUILD_POLYGON_FIX","C:\Users\pc\Documents\大创\prediction_rebuild_polygonfix\tile_002901\tile_002901_checked.odb","2026-07-24 10:59:37","C:\Users\pc\Documents\大创\prediction_rebuild_polygonfix\_wallman_check_database_worker_03_of_08.csv","419638","837F219DA970927EA28A2B4F617B91BFEDC1D527B28371DA927D79A1ED672857"
"tile_002965","DIRECT_RECHECK","C:\Users\pc\Documents\大创\prediction_recheck\tile_002965_checked_rechecked.odb","2026-07-24 09:56:17","C:\Users\pc\Documents\大创\prediction_recheck\_wallman_check_database_worker_08_of_08.csv","227264","BA7E4926CAFE7718E0C948DDBAB53DB267A387003C0ACD6B2338A8BE8BB9638D"
"tile_002989","REBUILD_BASE","C:\Users\pc\Documents\大创\prediction_rebuild\tile_002989\tile_002989_checked.odb","2026-07-24 10:26:09","C:\Users\pc\Documents\大创\prediction_rebuild\_wallman_check_database_worker_04_of_08.csv","5816","798D7C333EDB3E6BBA7D4C17AA7C6C4883FDB2172DA9E7E3314D71A0E1F025A7"
"tile_003035","REBUILD_POLYGON_FIX","C:\Users\pc\Documents\大创\prediction_rebuild_polygonfix\tile_003035\tile_003035_checked.odb","2026-07-24 10:59:34","C:\Users\pc\Documents\大创\prediction_rebuild_polygonfix\_wallman_check_database_worker_04_of_08.csv","206756","1A06AF1E58F25416552E72BC5DF1A7B992B69EB38B8EC9C36ED58B84AED0C0C4"
"tile_003087","REBUILD_BASE","C:\Users\pc\Documents\大创\prediction_rebuild\tile_003087\tile_003087_checked.odb","2026-07-24 10:26:13","C:\Users\pc\Documents\大创\prediction_rebuild\_wallman_check_database_worker_06_of_08.csv","5804","D955470A44A75C77A7E6188C8817F17A18C6538EB5E114211CD281214668C90A"
"tile_003121","REBUILD_BASE","C:\Users\pc\Documents\大创\prediction_rebuild\tile_003121\tile_003121_checked.odb","2026-07-24 10:26:07","C:\Users\pc\Documents\大创\prediction_rebuild\_wallman_check_database_worker_07_of_08.csv","6032","A7401A2ADB1DFE60E510746E39F94D12A9B7EB6A019F80727ADFBBC789BD8006"
"tile_003133","DIRECT_RECHECK","C:\Users\pc\Documents\大创\prediction_recheck\tile_003133_checked_rechecked.odb","2026-07-24 10:06:32","C:\Users\pc\Documents\大创\prediction_recheck\_wallman_check_database_worker_05_of_08.csv","209962","974FE407D9C24465C035FAE5A62A5836A34BEC4796E3B9A8ABE4323077C24CC2"
"tile_003159","DIRECT_RECHECK","C:\Users\pc\Documents\大创\prediction_recheck\tile_003159_checked_rechecked.odb","2026-07-24 09:56:05","C:\Users\pc\Documents\大创\prediction_recheck\_wallman_check_database_worker_06_of_08.csv","338656","95678A23AB751962FC005F73CEA7E69DAB78CEB75F20A0F103FFCEEC1417B2FD"
"tile_003161","REBUILD_BASE","C:\Users\pc\Documents\大创\prediction_rebuild\tile_003161\tile_003161_checked.odb","2026-07-24 10:25:55","C:\Users\pc\Documents\大创\prediction_rebuild\_wallman_check_database_worker_08_of_08.csv","5996","E56C32934A220D70C301693975321BE264081BA8B4E4FD29DAE53F50A4FEBE7E"
"tile_003273","REBUILD_BASE","C:\Users\pc\Documents\大创\prediction_rebuild\tile_003273\tile_003273_checked.odb","2026-07-24 10:26:23","C:\Users\pc\Documents\大创\prediction_rebuild\_wallman_check_database_worker_01_of_08.csv","6816","E2895D2AF71531BCB92473AD3D0B0B05821824375187A153B7174D2E3C87450F"
"tile_003291","REBUILD_GAP_0P2","C:\Users\pc\Documents\大创\prediction_rebuild_strong\tile_003291\tile_003291_checked.odb","2026-07-24 10:43:55","C:\Users\pc\Documents\大创\prediction_rebuild_strong\_wallman_check_database_worker_01_of_08.csv","170300","B346C6AA2A82AA4C5C4436CE5385964B6075F98F87A416411DC9B7EEE46BD16E"
"tile_003369","REBUILD_BASE","C:\Users\pc\Documents\大创\prediction_rebuild\tile_003369\tile_003369_checked.odb","2026-07-24 10:26:12","C:\Users\pc\Documents\大创\prediction_rebuild\_wallman_check_database_worker_03_of_08.csv","46844","1749C7B0225C50FB1EB2D36DE00EF644C64D3245EEA0FE662C9ED9B194B1180B"
"tile_003380","REBUILD_BASE","C:\Users\pc\Documents\大创\prediction_rebuild\tile_003380\tile_003380_checked.odb","2026-07-24 10:26:21","C:\Users\pc\Documents\大创\prediction_rebuild\_wallman_check_database_worker_04_of_08.csv","151488","7B1114EBBFC7B0687FDC474CF17F664B3FDA0890B33D7D3AFA481C9D781DE798"
"tile_003391","REBUILD_BASE","C:\Users\pc\Documents\大创\prediction_rebuild\tile_003391\tile_003391_checked.odb","2026-07-24 10:26:18","C:\Users\pc\Documents\大创\prediction_rebuild\_wallman_check_database_worker_05_of_08.csv","5564","EAF45C7B8E979A9601ADF2A253BA3DC8B67956BD29A4A5B8D059E19A482630BB"
"tile_003868","DIRECT_RECHECK","C:\Users\pc\Documents\大创\prediction_recheck\tile_003868_checked_rechecked.odb","2026-07-24 10:06:54","C:\Users\pc\Documents\大创\prediction_recheck\_wallman_check_database_worker_05_of_08.csv","34454","308BE64C3D8D4B48975AAF707D2F0C6DD83D466F76EB42C83031B3CC7A6AB144"
"tile_004382","REBUILD_GAP_0P2","C:\Users\pc\Documents\大创\prediction_rebuild_strong\tile_004382\tile_004382_checked.odb","2026-07-24 10:43:43","C:\Users\pc\Documents\大创\prediction_rebuild_strong\_wallman_check_database_worker_02_of_08.csv","116638","30409BFBFBD65F2D2836727AAB67D304EB402838399D5BDFCC73F4E1AD159C2E"
"tile_004407","DIRECT_RECHECK","C:\Users\pc\Documents\大创\prediction_recheck\tile_004407_checked_rechecked.odb","2026-07-24 09:56:26","C:\Users\pc\Documents\大创\prediction_recheck\_wallman_check_database_worker_07_of_08.csv","222430","105851DF9348DC7709A92B7413926DBB45D98403FD3985B6371719944B70CE17"
"tile_004445","REBUILD_BASE","C:\Users\pc\Documents\大创\prediction_rebuild\tile_004445\tile_004445_checked.odb","2026-07-24 10:26:20","C:\Users\pc\Documents\大创\prediction_rebuild\_wallman_check_database_worker_07_of_08.csv","6356","A7705F6A7384B10546CD18126216FBDEA54413CF533E1B60FD9581F5375A17F5"
"tile_004527","REBUILD_BASE","C:\Users\pc\Documents\大创\prediction_rebuild\tile_004527\tile_004527_checked.odb","2026-07-24 10:26:06","C:\Users\pc\Documents\大创\prediction_rebuild\_wallman_check_database_worker_08_of_08.csv","27360","71406F60C00A5D5EEC878657DE0AA9C41783E82649A44E36A72A4CBD6B2ADF3D"
"tile_004586","REBUILD_POLYGON_FIX","C:\Users\pc\Documents\大创\prediction_rebuild_polygonfix\tile_004586\tile_004586_checked.odb","2026-07-24 10:59:29","C:\Users\pc\Documents\大创\prediction_rebuild_polygonfix\_wallman_check_database_worker_05_of_08.csv","5332","94D605D1C661F64F70B80E292DD7B30809305CFE5D3CFD9DFEC8160EB042102D"
"tile_004602","REBUILD_POLYGON_FIX","C:\Users\pc\Documents\大创\prediction_rebuild_polygonfix\tile_004602\tile_004602_checked.odb","2026-07-24 10:59:35","C:\Users\pc\Documents\大创\prediction_rebuild_polygonfix\_wallman_check_database_worker_06_of_08.csv","116540","FE0BAEA1AB110625B8C93CC3F6ABC554B3360F1C26C6012ED60D14A2B8E246E1"
"tile_004632","REBUILD_BASE","C:\Users\pc\Documents\大创\prediction_rebuild\tile_004632\tile_004632_checked.odb","2026-07-24 10:26:24","C:\Users\pc\Documents\大创\prediction_rebuild\_wallman_check_database_worker_03_of_08.csv","6296","8ACBA5A0AE6F2182E36205C7341E9EBA9D0EAC8FB26E6FA1FBC8AFE805151F22"
"tile_004646","REBUILD_BASE","C:\Users\pc\Documents\大创\prediction_rebuild\tile_004646\tile_004646_checked.odb","2026-07-24 10:26:31","C:\Users\pc\Documents\大创\prediction_rebuild\_wallman_check_database_worker_04_of_08.csv","5392","131338C98FAACD618FFF196F8E8E4E94D0F00E25DBA853EEEF5F2285CC9B008C"
"tile_004779","REBUILD_BASE","C:\Users\pc\Documents\大创\prediction_rebuild\tile_004779\tile_004779_checked.odb","2026-07-24 10:26:28","C:\Users\pc\Documents\大创\prediction_rebuild\_wallman_check_database_worker_05_of_08.csv","5744","CF6FAAB85CD01EB1A1F875E6E9AC428585B73D8DFBE53DF457AE3EF7D2E90ECE"
"tile_004809","REBUILD_GAP_0P2","C:\Users\pc\Documents\大创\prediction_rebuild_strong\tile_004809\tile_004809_checked.odb","2026-07-24 10:43:42","C:\Users\pc\Documents\大创\prediction_rebuild_strong\_wallman_check_database_worker_05_of_08.csv","82406","E73E208AEC5BD0BD4A8AD210690599E8CDD5989AC4781CE90CFE0ED19DB81112"
"tile_004813","REBUILD_BASE","C:\Users\pc\Documents\大创\prediction_rebuild\tile_004813\tile_004813_checked.odb","2026-07-24 10:26:30","C:\Users\pc\Documents\大创\prediction_rebuild\_wallman_check_database_worker_07_of_08.csv","136098","54461E774ADC89587B91EA6D2B70728F1A24AE4B69913953CDAC4DC7D8112AD4"
"tile_004866","REBUILD_BASE","C:\Users\pc\Documents\大创\prediction_rebuild\tile_004866\tile_004866_checked.odb","2026-07-24 10:26:19","C:\Users\pc\Documents\大创\prediction_rebuild\_wallman_check_database_worker_08_of_08.csv","85398","6E232550FC5790BCE3567701AAF43F2F796C0DEA317D088204F82E651ADFCC70"
"tile_004900","REBUILD_BASE","C:\Users\pc\Documents\大创\prediction_rebuild\tile_004900\tile_004900_checked.odb","2026-07-24 10:26:42","C:\Users\pc\Documents\大创\prediction_rebuild\_wallman_check_database_worker_01_of_08.csv","61900","E97FDA1006630A4C95A9A4BE476D8CF181857999B8A6DDFC19CD55A9C6B34980"
"tile_004904","REBUILD_BASE","C:\Users\pc\Documents\大创\prediction_rebuild\tile_004904\tile_004904_checked.odb","2026-07-24 10:26:36","C:\Users\pc\Documents\大创\prediction_rebuild\_wallman_check_database_worker_02_of_08.csv","5940","3F4F2CF2C9FB65964D8187320103AE2B1E25AC686790613143EB8702BE32C6FC"
"tile_004959","REBUILD_BASE","C:\Users\pc\Documents\大创\prediction_rebuild\tile_004959\tile_004959_checked.odb","2026-07-24 10:26:34","C:\Users\pc\Documents\大创\prediction_rebuild\_wallman_check_database_worker_03_of_08.csv","5896","D0E012F4DC2906695CFEF18930354A5E5DCB6D6AA313051D4D3074B7148CC7B8"
"tile_005122","DIRECT_RECHECK","C:\Users\pc\Documents\大创\prediction_recheck\tile_005122_checked_rechecked.odb","2026-07-24 10:07:39","C:\Users\pc\Documents\大创\prediction_recheck\_wallman_check_database_worker_05_of_08.csv","52462","EBC90B73C7C46AE70E1074D605F09EA348BD8CBDECC569479621189CFB1AE8CC"
"tile_005215","REBUILD_BASE","C:\Users\pc\Documents\大创\prediction_rebuild\tile_005215\tile_005215_checked.odb","2026-07-24 10:26:41","C:\Users\pc\Documents\大创\prediction_rebuild\_wallman_check_database_worker_04_of_08.csv","30668","42E4F4B06953F44500A1A8EE3065E38FE802F3C11FBE7CDC0F0D48F5537B9571"
"tile_005225","DIRECT_RECHECK","C:\Users\pc\Documents\大创\prediction_recheck\tile_005225_checked_rechecked.odb","2026-07-24 09:56:58","C:\Users\pc\Documents\大创\prediction_recheck\_wallman_check_database_worker_07_of_08.csv","174382","9D780E2CD6295409827C84321E9E221A78F1C54824FD2DFD7921EA697B161A4E"
"tile_005348","REBUILD_BASE","C:\Users\pc\Documents\大创\prediction_rebuild\tile_005348\tile_005348_checked.odb","2026-07-24 10:26:37","C:\Users\pc\Documents\大创\prediction_rebuild\_wallman_check_database_worker_05_of_08.csv","115316","0B65E9064C2B3A5174D69607D7F634A799C1B6606A12A421F1C4FB0AE88C007E"
"tile_005349","REBUILD_BASE","C:\Users\pc\Documents\大创\prediction_rebuild\tile_005349\tile_005349_checked.odb","2026-07-24 10:26:44","C:\Users\pc\Documents\大创\prediction_rebuild\_wallman_check_database_worker_06_of_08.csv","13376","1CB8F07ED20A7CE56AC1AB812CAD67562F86391F5FC28F12ABBB9AD2764B1487"
"tile_005406","REBUILD_BASE","C:\Users\pc\Documents\大创\prediction_rebuild\tile_005406\tile_005406_checked.odb","2026-07-24 10:26:39","C:\Users\pc\Documents\大创\prediction_rebuild\_wallman_check_database_worker_07_of_08.csv","52912","2B0B2F0F7F54B3A326D75E34A12ACB97137A2389361646E65309446AB8AB8C59"
"tile_005509","REBUILD_BASE","C:\Users\pc\Documents\大创\prediction_rebuild\tile_005509\tile_005509_checked.odb","2026-07-24 10:26:29","C:\Users\pc\Documents\大创\prediction_rebuild\_wallman_check_database_worker_08_of_08.csv","5576","C368E145512D3A093E1CEB594478424F22081E7E9DFA276FCBDD1BC34B6A87B9"
"tile_005539","DIRECT_RECHECK","C:\Users\pc\Documents\大创\prediction_recheck\tile_005539_checked_rechecked.odb","2026-07-24 09:57:33","C:\Users\pc\Documents\大创\prediction_recheck\_wallman_check_database_worker_04_of_08.csv","206546","E221CE4EB5F6271CABFA78C8C9F5060814B22CD2DFC81FAD5ECA293DF6CFBFEE"
"tile_005581","REBUILD_BASE","C:\Users\pc\Documents\大创\prediction_rebuild\tile_005581\tile_005581_checked.odb","2026-07-24 10:26:51","C:\Users\pc\Documents\大创\prediction_rebuild\_wallman_check_database_worker_01_of_08.csv","5764","07A02D87B8208D8F2A60C84F73FEEC4F9BA1EB325CC230F5CCA9FDF09B2277B6"
"tile_005652","REBUILD_BASE","C:\Users\pc\Documents\大创\prediction_rebuild\tile_005652\tile_005652_checked.odb","2026-07-24 10:26:45","C:\Users\pc\Documents\大创\prediction_rebuild\_wallman_check_database_worker_02_of_08.csv","104516","15BBCE0DF1F623D4B679298BE0452A22A1F90FA7D13748F8F5F64E4483B3864F"
"tile_005667","REBUILD_BASE","C:\Users\pc\Documents\大创\prediction_rebuild\tile_005667\tile_005667_checked.odb","2026-07-24 10:26:43","C:\Users\pc\Documents\大创\prediction_rebuild\_wallman_check_database_worker_03_of_08.csv","134168","081EEF844CC62140ACFDFD4B91F1E3C6270BA7F3962F4C8EE86914D05A32D3DC"
"tile_005686","REBUILD_BASE","C:\Users\pc\Documents\大创\prediction_rebuild\tile_005686\tile_005686_checked.odb","2026-07-24 10:26:49","C:\Users\pc\Documents\大创\prediction_rebuild\_wallman_check_database_worker_04_of_08.csv","81768","AFE59B6282CFDA16BF50A3B2DA587CA1673ED70A72835BF10C66DF2310E3B5BE"
"tile_005772","REBUILD_BASE","C:\Users\pc\Documents\大创\prediction_rebuild\tile_005772\tile_005772_checked.odb","2026-07-24 10:26:46","C:\Users\pc\Documents\大创\prediction_rebuild\_wallman_check_database_worker_05_of_08.csv","5636","E02061BA4FA0111D989A794E9A9A2AFE3BF6078A8C03F216A0B30FD8B979BB6E"
"tile_005817","REBUILD_BASE","C:\Users\pc\Documents\大创\prediction_rebuild\tile_005817\tile_005817_checked.odb","2026-07-24 10:26:53","C:\Users\pc\Documents\大创\prediction_rebuild\_wallman_check_database_worker_06_of_08.csv","5744","F570CE63B8F106E92C4EBC3B38ED1BFCDC0552E75A3343A28BBB319A1E6869C7"
"tile_005893","REBUILD_BASE","C:\Users\pc\Documents\大创\prediction_rebuild\tile_005893\tile_005893_checked.odb","2026-07-24 10:26:48","C:\Users\pc\Documents\大创\prediction_rebuild\_wallman_check_database_worker_07_of_08.csv","10608","E183739D5849B25F505E92CFC54DB5DB3A86835440326265AEE7772CE1A887BB"
"tile_005957","REBUILD_BASE","C:\Users\pc\Documents\大创\prediction_rebuild\tile_005957\tile_005957_checked.odb","2026-07-24 10:26:38","C:\Users\pc\Documents\大创\prediction_rebuild\_wallman_check_database_worker_08_of_08.csv","5620","810E3146212217A869F8F6516116BBDCA11DB58CAF4DD503BDB336568650397E"
"tile_006029","REBUILD_GAP_0P2","C:\Users\pc\Documents\大创\prediction_rebuild_strong\tile_006029\tile_006029_checked.odb","2026-07-24 10:43:35","C:\Users\pc\Documents\大创\prediction_rebuild_strong\_wallman_check_database_worker_06_of_08.csv","85948","C12959900B8BECCA12901735FA07EE66737D79DB75A12A64E52E0C4FE66B7A5D"
"tile_006094","REBUILD_POLYGON_FIX","C:\Users\pc\Documents\大创\prediction_rebuild_polygonfix\tile_006094\tile_006094_checked.odb","2026-07-24 10:59:28","C:\Users\pc\Documents\大创\prediction_rebuild_polygonfix\_wallman_check_database_worker_07_of_08.csv","94380","C69CE4EF7DEEA8AABCE177871F56A4A193242B9FAEF944D518B9AC206DFA4355"
"tile_006150","REBUILD_GAP_1P0","C:\Users\pc\Documents\大创\prediction_rebuild_gap1\tile_006150\tile_006150_checked.odb","2026-07-24 10:46:52","C:\Users\pc\Documents\大创\prediction_rebuild_gap1\_wallman_check_database_worker_03_of_08.csv","108330","EDC1AAB549BEF7619E52C224A4E88A364504BB2DC03E03EF95CD384120335E0D"
"tile_006243","REBUILD_BASE","C:\Users\pc\Documents\大创\prediction_rebuild\tile_006243\tile_006243_checked.odb","2026-07-24 10:27:00","C:\Users\pc\Documents\大创\prediction_rebuild\_wallman_check_database_worker_04_of_08.csv","27766","866D7392951772D7755FECDBFE944BB611B3BFE86534FFA32896884DD871F2B7"
"tile_006298","REBUILD_BASE","C:\Users\pc\Documents\大创\prediction_rebuild\tile_006298\tile_006298_checked.odb","2026-07-24 10:26:56","C:\Users\pc\Documents\大创\prediction_rebuild\_wallman_check_database_worker_05_of_08.csv","134784","0C8B1326E46B8294E309E7AABD321E0706B9EA16658DD2CE4F6B0CE9DBA9A4BD"
"tile_006329","REBUILD_POLYGON_FIX","C:\Users\pc\Documents\大创\prediction_rebuild_polygonfix\tile_006329\tile_006329_checked.odb","2026-07-24 10:59:26","C:\Users\pc\Documents\大创\prediction_rebuild_polygonfix\_wallman_check_database_worker_08_of_08.csv","28040","AA137F5CAFBAAE11A4C0C4DAED5F84CD0D6A31E4D1EFC0E38473787560F62914"
"tile_006330","REBUILD_BASE","C:\Users\pc\Documents\大创\prediction_rebuild\tile_006330\tile_006330_checked.odb","2026-07-24 10:26:59","C:\Users\pc\Documents\大创\prediction_rebuild\_wallman_check_database_worker_07_of_08.csv","145008","4EA688B074B6872639B6000B832739FD328235B8E7EB1F1DDA922E158398CDE9"
"tile_006349","REBUILD_BASE","C:\Users\pc\Documents\大创\prediction_rebuild\tile_006349\tile_006349_checked.odb","2026-07-24 10:26:47","C:\Users\pc\Documents\大创\prediction_rebuild\_wallman_check_database_worker_08_of_08.csv","144124","B386E4E721543C26B8F9E47CDCFC09C5022F9FC80A6A9D25E47F7D6230B9235A"
"tile_006376","REBUILD_POLYGON_FIX","C:\Users\pc\Documents\大创\prediction_rebuild_polygonfix\tile_006376\tile_006376_checked.odb","2026-07-24 10:59:42","C:\Users\pc\Documents\大创\prediction_rebuild_polygonfix\_wallman_check_database_worker_01_of_08.csv","60572","1190AF78F6CDCB1CFE7824CB442A4868B31DA809759594991BD33AC275AAFD84"
"tile_006379","DIRECT_RECHECK","C:\Users\pc\Documents\大创\prediction_recheck\tile_006379_checked_rechecked.odb","2026-07-24 09:57:52","C:\Users\pc\Documents\大创\prediction_recheck\_wallman_check_database_worker_06_of_08.csv","59304","DEE826717EEB11D8AF79EB6D6FBAC55442609DA0626D1519C71425A609FFD247"
"tile_006602","REBUILD_GAP_0P2","C:\Users\pc\Documents\大创\prediction_rebuild_strong\tile_006602\tile_006602_checked.odb","2026-07-24 10:43:48","C:\Users\pc\Documents\大创\prediction_rebuild_strong\_wallman_check_database_worker_03_of_08.csv","288932","ECE86C125748BDB8E23A18F7A9A3687061723AD4744C40E7B981A8E9E1B15A20"
"tile_006831","DIRECT_RECHECK","C:\Users\pc\Documents\大创\prediction_recheck\tile_006831_checked_rechecked.odb","2026-07-24 09:58:17","C:\Users\pc\Documents\大创\prediction_recheck\_wallman_check_database_worker_08_of_08.csv","263818","F73CDEFB454FD12E7B0AC0321BD85B409816BFF2BCB0F8054F4316F84FB54795"
"tile_007180","REBUILD_BASE","C:\Users\pc\Documents\大创\prediction_rebuild\tile_007180\tile_007180_checked.odb","2026-07-24 10:27:03","C:\Users\pc\Documents\大创\prediction_rebuild\_wallman_check_database_worker_03_of_08.csv","5804","9AA1F1A3E37DD5DE830AD74A2C863F397280E770829F37EF69D65D6311B64708"
"tile_007206","DIRECT_RECHECK","C:\Users\pc\Documents\大创\prediction_recheck\tile_007206_checked_rechecked.odb","2026-07-24 09:58:31","C:\Users\pc\Documents\大创\prediction_recheck\_wallman_check_database_worker_02_of_08.csv","334986","CF010D7C3CED5407A8CD150D997EC65C6B99BC3D2E9CC479B4FC85907BFD4E6B"
"tile_007329","REBUILD_BASE","C:\Users\pc\Documents\大创\prediction_rebuild\tile_007329\tile_007329_checked.odb","2026-07-24 10:27:11","C:\Users\pc\Documents\大创\prediction_rebuild\_wallman_check_database_worker_04_of_08.csv","5368","E042F4C6DC67901BE257A98651FEFCD58722C9AD5B524CFF99A331FAA3AB6177"
"tile_007347","REBUILD_BASE","C:\Users\pc\Documents\大创\prediction_rebuild\tile_007347\tile_007347_checked.odb","2026-07-24 10:27:07","C:\Users\pc\Documents\大创\prediction_rebuild\_wallman_check_database_worker_05_of_08.csv","40024","3AC59CAD55F132F66A3B4C1040C045F27B5AEDB6CE379A9D3AFB76BDC5C3511C"
"tile_007397","DIRECT_RECHECK","C:\Users\pc\Documents\大创\prediction_recheck\tile_007397_checked_rechecked.odb","2026-07-24 10:09:04","C:\Users\pc\Documents\大创\prediction_recheck\_wallman_check_database_worker_05_of_08.csv","86150","4B486796804B64D69D7633992F45A920385379B37D17AD72D760BC59A4FF5139"
"tile_007455","REBUILD_BASE","C:\Users\pc\Documents\大创\prediction_rebuild\tile_007455\tile_007455_checked.odb","2026-07-24 10:27:15","C:\Users\pc\Documents\大创\prediction_rebuild\_wallman_check_database_worker_06_of_08.csv","5716","24E63005D120FB5C69D12CD8060259CD676C80ADB39FF65875EAE48E76045E76"
"tile_007481","REBUILD_BASE","C:\Users\pc\Documents\大创\prediction_rebuild\tile_007481\tile_007481_checked.odb","2026-07-24 10:27:09","C:\Users\pc\Documents\大创\prediction_rebuild\_wallman_check_database_worker_07_of_08.csv","58160","BB4B61BC162DAC156671261DC77C902A2491F96A544CF9A58A4CB5BBE993C76D"
"tile_007725","REBUILD_BASE","C:\Users\pc\Documents\大创\prediction_rebuild\tile_007725\tile_007725_checked.odb","2026-07-24 10:26:57","C:\Users\pc\Documents\大创\prediction_rebuild\_wallman_check_database_worker_08_of_08.csv","28184","EF87633B03E62FD4EB1103919DF42084E1CA7B1FF46FF1D3722C2AB7C1A752D1"
"tile_007750","REBUILD_BASE","C:\Users\pc\Documents\大创\prediction_rebuild\tile_007750\tile_007750_checked.odb","2026-07-24 10:27:23","C:\Users\pc\Documents\大创\prediction_rebuild\_wallman_check_database_worker_01_of_08.csv","50696","C352B15FE624B07AF9BB95088BBD07C451193405D92F713B186478E26068D06E"
"tile_007866","REBUILD_BASE","C:\Users\pc\Documents\大创\prediction_rebuild\tile_007866\tile_007866_checked.odb","2026-07-24 10:27:16","C:\Users\pc\Documents\大创\prediction_rebuild\_wallman_check_database_worker_02_of_08.csv","11540","C4289C4493F01A170750C8FC8E83C8AD8361B62716A4625A7DE314F1998E3211"
"tile_007895","REBUILD_BASE","C:\Users\pc\Documents\大创\prediction_rebuild\tile_007895\tile_007895_checked.odb","2026-07-24 10:27:13","C:\Users\pc\Documents\大创\prediction_rebuild\_wallman_check_database_worker_03_of_08.csv","7108","8B36123B237D0C089AF50B011A2EB4359B9D356E0596FCB3C7BF8A4028936551"
"tile_007941","REBUILD_BASE","C:\Users\pc\Documents\大创\prediction_rebuild\tile_007941\tile_007941_checked.odb","2026-07-24 10:27:21","C:\Users\pc\Documents\大创\prediction_rebuild\_wallman_check_database_worker_04_of_08.csv","8152","A5C05A19469089495690DE258522103111428FBCF721CEF324A45D1E12B46779"
"tile_007974","REBUILD_BASE","C:\Users\pc\Documents\大创\prediction_rebuild\tile_007974\tile_007974_checked.odb","2026-07-24 10:27:17","C:\Users\pc\Documents\大创\prediction_rebuild\_wallman_check_database_worker_05_of_08.csv","5356","64404863FD96176AF8BA5067B74BAFFB20A39952C380336B016EA5892A642066"
"tile_008213","DIRECT_RECHECK","C:\Users\pc\Documents\大创\prediction_recheck\tile_008213_checked_rechecked.odb","2026-07-24 09:58:25","C:\Users\pc\Documents\大创\prediction_recheck\_wallman_check_database_worker_06_of_08.csv","101776","F712BECFBBB88B5BC764879BFCC74B07CBE7896C4CEB9EAEBCA7550EE1504A03"
"tile_008313","REBUILD_BASE","C:\Users\pc\Documents\大创\prediction_rebuild\tile_008313\tile_008313_checked.odb","2026-07-24 10:27:26","C:\Users\pc\Documents\大创\prediction_rebuild\_wallman_check_database_worker_06_of_08.csv","71536","D95346A9C8BD4E3115D842461D323A509768BD69FF7D44D7EDE0CC2C5F89F070"
"tile_008340","DIRECT_RECHECK","C:\Users\pc\Documents\大创\prediction_recheck\tile_008340_checked_rechecked.odb","2026-07-24 09:58:50","C:\Users\pc\Documents\大创\prediction_recheck\_wallman_check_database_worker_08_of_08.csv","24748","0826E52958671D4378E439D2EDB9BB8172845C1FA9393DE62EEE829A67A5D348"
"tile_008703","REBUILD_BASE","C:\Users\pc\Documents\大创\prediction_rebuild\tile_008703\tile_008703_checked.odb","2026-07-24 10:27:20","C:\Users\pc\Documents\大创\prediction_rebuild\_wallman_check_database_worker_07_of_08.csv","49136","2CBDB361D0524DFDF35F6B129AFF4BD1BE5D9588B71A632B926F6BCE28FAF1C0"
"tile_008744","REBUILD_BASE","C:\Users\pc\Documents\大创\prediction_rebuild\tile_008744\tile_008744_checked.odb","2026-07-24 10:27:08","C:\Users\pc\Documents\大创\prediction_rebuild\_wallman_check_database_worker_08_of_08.csv","198794","033D315682BBC83DD0F26231011ECF12CA8FFCFEE8A43A40244810B7CD7A572F"
"tile_008825","REBUILD_BASE","C:\Users\pc\Documents\大创\prediction_rebuild\tile_008825\tile_008825_checked.odb","2026-07-24 10:27:33","C:\Users\pc\Documents\大创\prediction_rebuild\_wallman_check_database_worker_01_of_08.csv","127260","0802A818677096FFC856D0658504DA81BEC5597194778A09852B3400C941343E"
"tile_008826","REBUILD_BASE","C:\Users\pc\Documents\大创\prediction_rebuild\tile_008826\tile_008826_checked.odb","2026-07-24 10:27:27","C:\Users\pc\Documents\大创\prediction_rebuild\_wallman_check_database_worker_02_of_08.csv","229616","34FDC547C7B176A5852E92AF0B4E1518A193D93EB6D631246F7392FD1364BBFC"
"tile_008909","REBUILD_BASE","C:\Users\pc\Documents\大创\prediction_rebuild\tile_008909\tile_008909_checked.odb","2026-07-24 10:27:24","C:\Users\pc\Documents\大创\prediction_rebuild\_wallman_check_database_worker_03_of_08.csv","201584","144DA604692E2E6A8CB77A4B13D77B94E0E667FEB4C000303FC6A82A9572A1F3"
"tile_008944","DIRECT_RECHECK","C:\Users\pc\Documents\大创\prediction_recheck\tile_008944_checked_rechecked.odb","2026-07-24 09:58:41","C:\Users\pc\Documents\大创\prediction_recheck\_wallman_check_database_worker_06_of_08.csv","113288","2DD7B19E0969A368D5D1B11D528BDA19D5AD10A04A600B58DB557766341EF00E"
"tile_009002","REBUILD_POLYGON_FIX","C:\Users\pc\Documents\大创\prediction_rebuild_polygonfix\tile_009002\tile_009002_checked.odb","2026-07-24 10:59:43","C:\Users\pc\Documents\大创\prediction_rebuild_polygonfix\_wallman_check_database_worker_02_of_08.csv","19060","F5470D912B1EDC3828289480C434B6D898DF407E176BB2FF5339558A98A13ECE"
"tile_009081","REBUILD_BASE","C:\Users\pc\Documents\大创\prediction_rebuild\tile_009081\tile_009081_checked.odb","2026-07-24 10:27:28","C:\Users\pc\Documents\大创\prediction_rebuild\_wallman_check_database_worker_05_of_08.csv","74256","78DC4DAF003B34CF8C50D6CEFE5850A7AA37ED4021328A210A94A8F304D4AF77"
"tile_009518","REBUILD_BASE","C:\Users\pc\Documents\大创\prediction_rebuild\tile_009518\tile_009518_checked.odb","2026-07-24 10:27:36","C:\Users\pc\Documents\大创\prediction_rebuild\_wallman_check_database_worker_06_of_08.csv","336970","9A797A9ECED09D22EC3BFE3D10537071CAC93A61E30B876CEE3ABA15528D4500"
"tile_009521","REBUILD_BASE","C:\Users\pc\Documents\大创\prediction_rebuild\tile_009521\tile_009521_checked.odb","2026-07-24 10:27:31","C:\Users\pc\Documents\大创\prediction_rebuild\_wallman_check_database_worker_07_of_08.csv","326810","FD9D4CB884FB5C10E4311E7D9C096F7F00890B3C0C082C4CB221F0D505CB3A1D"
"tile_009554","REBUILD_BASE","C:\Users\pc\Documents\大创\prediction_rebuild\tile_009554\tile_009554_checked.odb","2026-07-24 10:27:19","C:\Users\pc\Documents\大创\prediction_rebuild\_wallman_check_database_worker_08_of_08.csv","472682","2DFB922F3214427395EFC086E46D8F2C2C710D28A91405A65AD2D009EA7B966A"
"tile_009584","REBUILD_BASE","C:\Users\pc\Documents\大创\prediction_rebuild\tile_009584\tile_009584_checked.odb","2026-07-24 10:27:44","C:\Users\pc\Documents\大创\prediction_rebuild\_wallman_check_database_worker_01_of_08.csv","182586","AEF1F0820664FBD10568190B7DBB8CB53B6EDEC4921B9A9507E52C995F000882"
"tile_009681","REBUILD_BASE","C:\Users\pc\Documents\大创\prediction_rebuild\tile_009681\tile_009681_checked.odb","2026-07-24 10:27:37","C:\Users\pc\Documents\大创\prediction_rebuild\_wallman_check_database_worker_02_of_08.csv","134596","749B97FA75DF1FFA81FC92EB79F6AF16D3FCC97793D0E2FFE119C9497892C60D"
"tile_009709","REBUILD_BASE","C:\Users\pc\Documents\大创\prediction_rebuild\tile_009709\tile_009709_checked.odb","2026-07-24 10:27:35","C:\Users\pc\Documents\大创\prediction_rebuild\_wallman_check_database_worker_03_of_08.csv","322422","3C04CF6F384B135EBCE06AB608EEB27F74489C270BC9424E91007563B3B2C29E"
"tile_009711","REBUILD_BASE","C:\Users\pc\Documents\大创\prediction_rebuild\tile_009711\tile_009711_checked.odb","2026-07-24 10:27:43","C:\Users\pc\Documents\大创\prediction_rebuild\_wallman_check_database_worker_04_of_08.csv","368942","9904800447631FF5C5B1CAD264D3D92708A88609A4925B1DFEF6B333E7149C51"
"tile_009712","REBUILD_BASE","C:\Users\pc\Documents\大创\prediction_rebuild\tile_009712\tile_009712_checked.odb","2026-07-24 10:27:39","C:\Users\pc\Documents\大创\prediction_rebuild\_wallman_check_database_worker_05_of_08.csv","386802","039D5B88FC588C2D98FAA29F7D2054FDA2956A305022DF7BAD2442CC4C743EDD"
"tile_009730","REBUILD_BASE","C:\Users\pc\Documents\大创\prediction_rebuild\tile_009730\tile_009730_checked.odb","2026-07-24 10:27:47","C:\Users\pc\Documents\大创\prediction_rebuild\_wallman_check_database_worker_06_of_08.csv","286274","D2AF88E4DBEC76EC140CF8B44340B6142C458C8317223875A75758D9C2730BAD"
"tile_009752","DIRECT_RECHECK","C:\Users\pc\Documents\大创\prediction_recheck\tile_009752_checked_rechecked.odb","2026-07-24 09:59:37","C:\Users\pc\Documents\大创\prediction_recheck\_wallman_check_database_worker_02_of_08.csv","423378","CBEC013888A5EC0D0C9410CECC0C01AC2714FCFADD969A73FE70A76CFDBFFC3F"
"tile_009769","REBUILD_BASE","C:\Users\pc\Documents\大创\prediction_rebuild\tile_009769\tile_009769_checked.odb","2026-07-24 10:27:42","C:\Users\pc\Documents\大创\prediction_rebuild\_wallman_check_database_worker_07_of_08.csv","335482","51BB571831D81EF54187AAD19E6CA45B6F8E52C5EA902AE23E6B9B94E3EB883F"
"tile_009782","REBUILD_POLYGON_FIX","C:\Users\pc\Documents\大创\prediction_rebuild_polygonfix\tile_009782\tile_009782_checked.odb","2026-07-24 10:59:48","C:\Users\pc\Documents\大创\prediction_rebuild_polygonfix\_wallman_check_database_worker_03_of_08.csv","394414","D319B2832825FD1257B095657B4619852A338BDC2159E39BD023DBAC5DE072A9"
"tile_009934","REBUILD_BASE","C:\Users\pc\Documents\大创\prediction_rebuild\tile_009934\tile_009934_checked.odb","2026-07-24 10:27:56","C:\Users\pc\Documents\大创\prediction_rebuild\_wallman_check_database_worker_01_of_08.csv","103822","6698139F38ED90168854651A8A1F93AC05788593285CEA917664339DE57F0DEA"
"tile_010009","REBUILD_SECOND_PASS","C:\Users\pc\Documents\大创\prediction_rebuild_recheck\tile_010009_checked_rechecked.odb","2026-07-24 10:40:32","C:\Users\pc\Documents\大创\prediction_rebuild_recheck\_wallman_check_database_worker_01_of_08.csv","166614","300CC80375172613D66CE3E6210FE044FB392C5DCD122DF0889738C8C5956D62"
"tile_010163","REBUILD_BASE","C:\Users\pc\Documents\大创\prediction_rebuild\tile_010163\tile_010163_checked.odb","2026-07-24 10:27:46","C:\Users\pc\Documents\大创\prediction_rebuild\_wallman_check_database_worker_03_of_08.csv","225502","BD661A72A23C1C8CD9E78A322446F75983990ADD1ECB21BD8B8C9F0C8C11ACDF"
"tile_010169","REBUILD_BASE","C:\Users\pc\Documents\大创\prediction_rebuild\tile_010169\tile_010169_checked.odb","2026-07-24 10:27:54","C:\Users\pc\Documents\大创\prediction_rebuild\_wallman_check_database_worker_04_of_08.csv","370304","C3D964D2B7288B2A52B9B7CAE4E1B0B50FEB94F06C09EE6198087ECA83566581"
"tile_010194","REBUILD_BASE","C:\Users\pc\Documents\大创\prediction_rebuild\tile_010194\tile_010194_checked.odb","2026-07-24 10:27:50","C:\Users\pc\Documents\大创\prediction_rebuild\_wallman_check_database_worker_05_of_08.csv","285090","B54A7D0D56105DDFEE6AFB7D562A09D81AF828F0596C878BF4236E982F505C6B"
"tile_010212","REBUILD_BASE","C:\Users\pc\Documents\大创\prediction_rebuild\tile_010212\tile_010212_checked.odb","2026-07-24 10:27:59","C:\Users\pc\Documents\大创\prediction_rebuild\_wallman_check_database_worker_06_of_08.csv","480364","7A1B21528584C8B6129E513CA1E5A3FA0BB7D878B2CF2BC207646026F920D646"
"tile_010221","REBUILD_BASE","C:\Users\pc\Documents\大创\prediction_rebuild\tile_010221\tile_010221_checked.odb","2026-07-24 10:27:53","C:\Users\pc\Documents\大创\prediction_rebuild\_wallman_check_database_worker_07_of_08.csv","131656","B93DBABC3F378E4743984E88CB84CF27DA4E8D3016104AE46675D807D78AACAB"
"tile_010251","REBUILD_BASE","C:\Users\pc\Documents\大创\prediction_rebuild\tile_010251\tile_010251_checked.odb","2026-07-24 10:27:40","C:\Users\pc\Documents\大创\prediction_rebuild\_wallman_check_database_worker_08_of_08.csv","257782","AC82708F3A50C5479E9E2E18721CAACE79ACA527272565FE2CEB16218D10DB2F"
"tile_010289","REBUILD_BASE","C:\Users\pc\Documents\大创\prediction_rebuild\tile_010289\tile_010289_checked.odb","2026-07-24 10:28:08","C:\Users\pc\Documents\大创\prediction_rebuild\_wallman_check_database_worker_01_of_08.csv","114700","3D5B58F881AF52D8F03D4E34CF6F571BC461E5F8EAFD0E517000668D788C6C8A"
"tile_010396","REBUILD_BASE","C:\Users\pc\Documents\大创\prediction_rebuild\tile_010396\tile_010396_checked.odb","2026-07-24 10:28:01","C:\Users\pc\Documents\大创\prediction_rebuild\_wallman_check_database_worker_02_of_08.csv","168610","861C6C16867AD8BCE396A0B898851539865D252309095F256BB43BD86527956B"
"tile_010415","REBUILD_BASE","C:\Users\pc\Documents\大创\prediction_rebuild\tile_010415\tile_010415_checked.odb","2026-07-24 10:27:57","C:\Users\pc\Documents\大创\prediction_rebuild\_wallman_check_database_worker_03_of_08.csv","70590","033EFAD0B2CE203E8DC41467819D4B3098435C078FB1392DE92BC8517426B56D"
"tile_010486","REBUILD_BASE","C:\Users\pc\Documents\大创\prediction_rebuild\tile_010486\tile_010486_checked.odb","2026-07-24 10:28:07","C:\Users\pc\Documents\大创\prediction_rebuild\_wallman_check_database_worker_04_of_08.csv","299310","D79EAEF03F14279862C7D698E0AC644C3B0B0EF66045A1A9ED0B275BFB8A19FC"
"tile_010534","REBUILD_BASE","C:\Users\pc\Documents\大创\prediction_rebuild\tile_010534\tile_010534_checked.odb","2026-07-24 10:28:02","C:\Users\pc\Documents\大创\prediction_rebuild\_wallman_check_database_worker_05_of_08.csv","36444","46A3AE2D3E846A9E53A09292C0F8ACBA1DBAE5C3343E1653AD5386C9D258EDEF"
"tile_010549","REBUILD_BASE","C:\Users\pc\Documents\大创\prediction_rebuild\tile_010549\tile_010549_checked.odb","2026-07-24 10:28:11","C:\Users\pc\Documents\大创\prediction_rebuild\_wallman_check_database_worker_06_of_08.csv","335866","0F52EAF43086C94D52E6EADE7773953D28B28CD6FDB682DAEE3FBDC0DEF522CE"
"tile_010647","REBUILD_BASE","C:\Users\pc\Documents\大创\prediction_rebuild\tile_010647\tile_010647_checked.odb","2026-07-24 10:28:05","C:\Users\pc\Documents\大创\prediction_rebuild\_wallman_check_database_worker_07_of_08.csv","122784","40E681C6F076BA2A8986B0E45A06BD470A3FC56A41C1C179FE410FB34CD3E0EF"
"tile_010682","REBUILD_BASE","C:\Users\pc\Documents\大创\prediction_rebuild\tile_010682\tile_010682_checked.odb","2026-07-24 10:27:51","C:\Users\pc\Documents\大创\prediction_rebuild\_wallman_check_database_worker_08_of_08.csv","187174","E4B019A6032B09175161766F49B9EACF376E45BBB35F7165C3ED9CC69AC26DFC"
"tile_011130","REBUILD_POLYGON_FIX","C:\Users\pc\Documents\大创\prediction_rebuild_polygonfix\tile_011130\tile_011130_checked.odb","2026-07-24 10:59:44","C:\Users\pc\Documents\大创\prediction_rebuild_polygonfix\_wallman_check_database_worker_04_of_08.csv","5344","4E059722D88AFAEFFEE3E9E61A5C1863DA6348304073A4A4C538E002E0D67B54"
"tile_011256","REBUILD_BASE","C:\Users\pc\Documents\大创\prediction_rebuild\tile_011256\tile_011256_checked.odb","2026-07-24 10:28:12","C:\Users\pc\Documents\大创\prediction_rebuild\_wallman_check_database_worker_02_of_08.csv","6252","9F5FBA76853C0DA63AAF503575E429D2138B8189EB945BDFFD1D85BB90546916"
"tile_011301","REBUILD_BASE","C:\Users\pc\Documents\大创\prediction_rebuild\tile_011301\tile_011301_checked.odb","2026-07-24 10:28:10","C:\Users\pc\Documents\大创\prediction_rebuild\_wallman_check_database_worker_03_of_08.csv","6164","ACDF3F7DB69F35CFA095A6A2C13B5AC6CF0885CD116B569848543DABE5C08075"
"tile_011317","DIRECT_RECHECK","C:\Users\pc\Documents\大创\prediction_recheck\tile_011317_checked_rechecked.odb","2026-07-24 10:00:14","C:\Users\pc\Documents\大创\prediction_recheck\_wallman_check_database_worker_08_of_08.csv","106454","70A878938B43E13014911FCD1F853CCE7D454A276297F7EDD746CB729564C95A"
"tile_011344","REBUILD_BASE","C:\Users\pc\Documents\大创\prediction_rebuild\tile_011344\tile_011344_checked.odb","2026-07-24 10:28:17","C:\Users\pc\Documents\大创\prediction_rebuild\_wallman_check_database_worker_04_of_08.csv","5960","407DFB3E75D1EB050B39572C753E9A991F1D64BF76A99DCD26B62B416BD9BB43"
"tile_011367","REBUILD_BASE","C:\Users\pc\Documents\大创\prediction_rebuild\tile_011367\tile_011367_checked.odb","2026-07-24 10:28:13","C:\Users\pc\Documents\大创\prediction_rebuild\_wallman_check_database_worker_05_of_08.csv","6536","70DAAEDA82F73273301B341A6646E7747270C59CD68A095390A7F38DD72A5672"
"tile_011435","REBUILD_BASE","C:\Users\pc\Documents\大创\prediction_rebuild\tile_011435\tile_011435_checked.odb","2026-07-24 10:28:21","C:\Users\pc\Documents\大创\prediction_rebuild\_wallman_check_database_worker_06_of_08.csv","5696","A017E650DE143055A16D3BA9AC30D2A9F142A3E084B660ED51782177252B055A"
"tile_011485","REBUILD_BASE","C:\Users\pc\Documents\大创\prediction_rebuild\tile_011485\tile_011485_checked.odb","2026-07-24 10:28:16","C:\Users\pc\Documents\大创\prediction_rebuild\_wallman_check_database_worker_07_of_08.csv","86212","D80B9CCC1188905C7288F08A9C67D7AAA43DFD055A9CF16D68CCC8E4D4073E6D"
"tile_011579","REBUILD_BASE","C:\Users\pc\Documents\大创\prediction_rebuild\tile_011579\tile_011579_checked.odb","2026-07-24 10:28:04","C:\Users\pc\Documents\大创\prediction_rebuild\_wallman_check_database_worker_08_of_08.csv","5596","B12D2FDBAC2BC84D6F53128B66DA0C49A753006F88DDD60F7381731685FFEFAD"
"tile_011582","REBUILD_BASE","C:\Users\pc\Documents\大创\prediction_rebuild\tile_011582\tile_011582_checked.odb","2026-07-24 10:28:29","C:\Users\pc\Documents\大创\prediction_rebuild\_wallman_check_database_worker_01_of_08.csv","97240","7DE2FE71076C0468401B73463BB2189614226546623EB9BB6ABC6F52F400B39E"
"tile_011609","REBUILD_POLYGON_FIX","C:\Users\pc\Documents\大创\prediction_rebuild_polygonfix\tile_011609\tile_011609_checked.odb","2026-07-24 10:59:41","C:\Users\pc\Documents\大创\prediction_rebuild_polygonfix\_wallman_check_database_worker_05_of_08.csv","44352","E3F3578FE7E09306A8AF22D9619B088F9812BF822E69C41D0D754AEC173A4DDC"
"tile_011631","REBUILD_BASE","C:\Users\pc\Documents\大创\prediction_rebuild\tile_011631\tile_011631_checked.odb","2026-07-24 10:28:20","C:\Users\pc\Documents\大创\prediction_rebuild\_wallman_check_database_worker_03_of_08.csv","59496","4160DE207057BCC73EBA6BFA4E67CC12585B89F0C4F73FFE9242F1C98E91B413"
"tile_011666","REBUILD_BASE","C:\Users\pc\Documents\大创\prediction_rebuild\tile_011666\tile_011666_checked.odb","2026-07-24 10:28:28","C:\Users\pc\Documents\大创\prediction_rebuild\_wallman_check_database_worker_04_of_08.csv","30512","6BD0A9B8E53963C928687316EA3F0F02A05A032C50ABD34DFAAE3CEAB5DE3BC0"
"tile_011685","REBUILD_BASE","C:\Users\pc\Documents\大创\prediction_rebuild\tile_011685\tile_011685_checked.odb","2026-07-24 10:28:24","C:\Users\pc\Documents\大创\prediction_rebuild\_wallman_check_database_worker_05_of_08.csv","110472","AA50DE1F2D9F36860E8FD9A6F5488DB648D493718B9F7AA8B27F03D465949106"
"tile_011805","REBUILD_BASE","C:\Users\pc\Documents\大创\prediction_rebuild\tile_011805\tile_011805_checked.odb","2026-07-24 10:28:32","C:\Users\pc\Documents\大创\prediction_rebuild\_wallman_check_database_worker_06_of_08.csv","154008","507363202F2885B3FE9726F562D8D08B1796479CF1F059CE8C7E4AF6EB549F1C"
"tile_011808","REBUILD_BASE","C:\Users\pc\Documents\大创\prediction_rebuild\tile_011808\tile_011808_checked.odb","2026-07-24 10:28:26","C:\Users\pc\Documents\大创\prediction_rebuild\_wallman_check_database_worker_07_of_08.csv","29236","C9694AA613BCD5406C73745AAEEA78A6B50B19203A86D19AE82208BF5139D556"
"tile_011835","REBUILD_BASE","C:\Users\pc\Documents\大创\prediction_rebuild\tile_011835\tile_011835_checked.odb","2026-07-24 10:28:15","C:\Users\pc\Documents\大创\prediction_rebuild\_wallman_check_database_worker_08_of_08.csv","289766","33F25BE5254DB6440C05A9DF8BC44FA295601BF4AE42D9D756B97123F235B458"
"tile_011837","REBUILD_BASE","C:\Users\pc\Documents\大创\prediction_rebuild\tile_011837\tile_011837_checked.odb","2026-07-24 10:28:39","C:\Users\pc\Documents\大创\prediction_rebuild\_wallman_check_database_worker_01_of_08.csv","6140","48E40088313852D05B201482F631550EE7B396C1A5762E48A0C046463B80212B"
"tile_011838","REBUILD_BASE","C:\Users\pc\Documents\大创\prediction_rebuild\tile_011838\tile_011838_checked.odb","2026-07-24 10:28:33","C:\Users\pc\Documents\大创\prediction_rebuild\_wallman_check_database_worker_02_of_08.csv","60468","84EC9A786C828FCF6450E1E1C1F35B0F4C784A7BAFB86851073CDE951D7D3BCC"
"tile_011864","REBUILD_BASE","C:\Users\pc\Documents\大创\prediction_rebuild\tile_011864\tile_011864_checked.odb","2026-07-24 10:28:30","C:\Users\pc\Documents\大创\prediction_rebuild\_wallman_check_database_worker_03_of_08.csv","12536","3EF7493363C31962C4116D59F1C45F00B9EC248C3481C5D8625B0C14C57C79F9"
"tile_011866","REBUILD_BASE","C:\Users\pc\Documents\大创\prediction_rebuild\tile_011866\tile_011866_checked.odb","2026-07-24 10:28:38","C:\Users\pc\Documents\大创\prediction_rebuild\_wallman_check_database_worker_04_of_08.csv","128792","CA5CF7598D1AC5332D71544C8B874E8DF861B2F54031C04804CDAC07AF94B726"
"tile_011877","REBUILD_BASE","C:\Users\pc\Documents\大创\prediction_rebuild\tile_011877\tile_011877_checked.odb","2026-07-24 10:28:34","C:\Users\pc\Documents\大创\prediction_rebuild\_wallman_check_database_worker_05_of_08.csv","492264","15D6E520C0247FBF310256BE37D3D4579BD591B82380D5BFFA480E8047CBB392"
"tile_011888","REBUILD_BASE","C:\Users\pc\Documents\大创\prediction_rebuild\tile_011888\tile_011888_checked.odb","2026-07-24 10:28:42","C:\Users\pc\Documents\大创\prediction_rebuild\_wallman_check_database_worker_06_of_08.csv","59012","643F1A7FEB95F64A0E0788C891B21A012D92922C188997F07E20E4CD7C8E8506"
"tile_011910","REBUILD_BASE","C:\Users\pc\Documents\大创\prediction_rebuild\tile_011910\tile_011910_checked.odb","2026-07-24 10:28:37","C:\Users\pc\Documents\大创\prediction_rebuild\_wallman_check_database_worker_07_of_08.csv","119468","5D9067044AA8F6D6DEF28CEE162776F4C5337ED0F3ADF44E13454F5DB274E30F"
"tile_011916","REBUILD_BASE","C:\Users\pc\Documents\大创\prediction_rebuild\tile_011916\tile_011916_checked.odb","2026-07-24 10:28:25","C:\Users\pc\Documents\大创\prediction_rebuild\_wallman_check_database_worker_08_of_08.csv","88772","62DEF004908B52D9CD71FB52552DE20708FF1A222961B0BC70F1585CC39EE5E3"
"tile_011938","REBUILD_BASE","C:\Users\pc\Documents\大创\prediction_rebuild\tile_011938\tile_011938_checked.odb","2026-07-24 10:28:50","C:\Users\pc\Documents\大创\prediction_rebuild\_wallman_check_database_worker_01_of_08.csv","217256","9EB6AE0945ACF6BFC7890A4B7A3B142D30A15F26FA1B632F385E6C01F9BE47E2"
"tile_011945","REBUILD_BASE","C:\Users\pc\Documents\大创\prediction_rebuild\tile_011945\tile_011945_checked.odb","2026-07-24 10:28:43","C:\Users\pc\Documents\大创\prediction_rebuild\_wallman_check_database_worker_02_of_08.csv","217064","846497726BB39FA101A26B4CA6F02574557A34D13B6054325316C94241C7FB7C"
"tile_011955","REBUILD_BASE","C:\Users\pc\Documents\大创\prediction_rebuild\tile_011955\tile_011955_checked.odb","2026-07-24 10:28:41","C:\Users\pc\Documents\大创\prediction_rebuild\_wallman_check_database_worker_03_of_08.csv","133432","F09ED78842AA41DB350C075A09906A1961E2D727721F8F00863608AED8C1D149"
"tile_011964","REBUILD_BASE","C:\Users\pc\Documents\大创\prediction_rebuild\tile_011964\tile_011964_checked.odb","2026-07-24 10:28:47","C:\Users\pc\Documents\大创\prediction_rebuild\_wallman_check_database_worker_04_of_08.csv","50680","4C7133C7E51C1EE2FC7F971472E7D3100377F84A9FE0EC6E22042FFCF009AD7E"
"tile_011970","DIRECT_RECHECK","C:\Users\pc\Documents\大创\prediction_recheck\tile_011970_checked_rechecked.odb","2026-07-24 10:01:30","C:\Users\pc\Documents\大创\prediction_recheck\_wallman_check_database_worker_02_of_08.csv","127214","D32AE0977B9D22FBEE1299CAF2DB496FC32ABC54AC354005CB9A74539F3CF15B"
"tile_011978","REBUILD_BASE","C:\Users\pc\Documents\大创\prediction_rebuild\tile_011978\tile_011978_checked.odb","2026-07-24 10:28:45","C:\Users\pc\Documents\大创\prediction_rebuild\_wallman_check_database_worker_05_of_08.csv","159614","6A050421D567633C0AE16172D42C7830AC224F920CE42F1D1431FE02D0A607DF"
"tile_011990","REBUILD_BASE","C:\Users\pc\Documents\大创\prediction_rebuild\tile_011990\tile_011990_checked.odb","2026-07-24 10:28:53","C:\Users\pc\Documents\大创\prediction_rebuild\_wallman_check_database_worker_06_of_08.csv","56744","BD2C3F7D327D62428D2AF2416712B7A82F9496B9B38DCFDA85C67A6F8588703C"
"tile_012000","REBUILD_BASE","C:\Users\pc\Documents\大创\prediction_rebuild\tile_012000\tile_012000_checked.odb","2026-07-24 10:28:49","C:\Users\pc\Documents\大创\prediction_rebuild\_wallman_check_database_worker_07_of_08.csv","25604","66129FEC0C292037D12F795D41330B04A9A3AA381A6EF913D8FEE37A64F96107"
"tile_012002","REBUILD_BASE","C:\Users\pc\Documents\大创\prediction_rebuild\tile_012002\tile_012002_checked.odb","2026-07-24 10:28:35","C:\Users\pc\Documents\大创\prediction_rebuild\_wallman_check_database_worker_08_of_08.csv","70948","2A5F13F8F011011D2301473777DE081AE934A40B5B15517C00602DADA49A439A"
"tile_012004","DIRECT_RECHECK","C:\Users\pc\Documents\大创\prediction_recheck\tile_012004_checked_rechecked.odb","2026-07-24 10:01:02","C:\Users\pc\Documents\大创\prediction_recheck\_wallman_check_database_worker_07_of_08.csv","91318","FD7A8F101D37D11477CD7822FA167DB105BD37406A47A485C12FFEC1FD41D130"
"tile_012056","REBUILD_BASE","C:\Users\pc\Documents\大创\prediction_rebuild\tile_012056\tile_012056_checked.odb","2026-07-24 10:29:02","C:\Users\pc\Documents\大创\prediction_rebuild\_wallman_check_database_worker_01_of_08.csv","77988","696D728D8B03CFCC7CB859598243C29B60F7A219FBFA229212059B1285F2CECE"
"tile_012059","REBUILD_BASE","C:\Users\pc\Documents\大创\prediction_rebuild\tile_012059\tile_012059_checked.odb","2026-07-24 10:28:54","C:\Users\pc\Documents\大创\prediction_rebuild\_wallman_check_database_worker_02_of_08.csv","216864","639D8CF9027CEA7611A501AA03EC8FC61DAB1CD5C3B94E9186C13254F198FDCB"
"tile_012109","REBUILD_BASE","C:\Users\pc\Documents\大创\prediction_rebuild\tile_012109\tile_012109_checked.odb","2026-07-24 10:28:51","C:\Users\pc\Documents\大创\prediction_rebuild\_wallman_check_database_worker_03_of_08.csv","146566","689DC6086748EC84EA949080FA53C633876E0EB365C45A9DA4B4DED1A17AABA9"
"tile_012172","REBUILD_BASE","C:\Users\pc\Documents\大创\prediction_rebuild\tile_012172\tile_012172_checked.odb","2026-07-24 10:28:57","C:\Users\pc\Documents\大创\prediction_rebuild\_wallman_check_database_worker_04_of_08.csv","80568","48BBB59873C2FA8CE5A3F1CE19BC4CB0EC2F8AB41A6A8923FB5125235C180BB2"
"tile_012218","REBUILD_BASE","C:\Users\pc\Documents\大创\prediction_rebuild\tile_012218\tile_012218_checked.odb","2026-07-24 10:28:55","C:\Users\pc\Documents\大创\prediction_rebuild\_wallman_check_database_worker_05_of_08.csv","39256","0089DA2FF6AC04FD7CBC5DF29C49095685EC9ABB66AC5113EF5F2995A69E916F"
"tile_012229","REBUILD_BASE","C:\Users\pc\Documents\大创\prediction_rebuild\tile_012229\tile_012229_checked.odb","2026-07-24 10:29:05","C:\Users\pc\Documents\大创\prediction_rebuild\_wallman_check_database_worker_06_of_08.csv","130078","5942835DC4EDFF30DA21D63BBFEF0A256B5F4C3DCACA64A408C9B2F32889C8D5"
"tile_012232","REBUILD_BASE","C:\Users\pc\Documents\大创\prediction_rebuild\tile_012232\tile_012232_checked.odb","2026-07-24 10:29:01","C:\Users\pc\Documents\大创\prediction_rebuild\_wallman_check_database_worker_07_of_08.csv","32392","521E221358D2AF3D94553482E5A99193553378D3C63C50D56D4355965F23683D"
"tile_012266","REBUILD_BASE","C:\Users\pc\Documents\大创\prediction_rebuild\tile_012266\tile_012266_checked.odb","2026-07-24 10:28:46","C:\Users\pc\Documents\大创\prediction_rebuild\_wallman_check_database_worker_08_of_08.csv","51924","FDBF87F05B8F27522504FCC18C29722DD37CC9DDB5EF00D89B418B18D73405C4"
"tile_012269","DIRECT_RECHECK","C:\Users\pc\Documents\大创\prediction_recheck\tile_012269_checked_rechecked.odb","2026-07-24 10:01:51","C:\Users\pc\Documents\大创\prediction_recheck\_wallman_check_database_worker_08_of_08.csv","58822","100CB9652FE6956E5FAE829AC975D8C6623803820A4E77FB3D74C9DC7A064825"
"tile_012280","REBUILD_BASE","C:\Users\pc\Documents\大创\prediction_rebuild\tile_012280\tile_012280_checked.odb","2026-07-24 10:29:13","C:\Users\pc\Documents\大创\prediction_rebuild\_wallman_check_database_worker_01_of_08.csv","40906","CA6CB247D07314D61E383B6AB2F9A6FDAE9FBDB763A8C9B20497C58CA51C9A95"
"tile_012284","DIRECT_RECHECK","C:\Users\pc\Documents\大创\prediction_recheck\tile_012284_checked_rechecked.odb","2026-07-24 10:02:05","C:\Users\pc\Documents\大创\prediction_recheck\_wallman_check_database_worker_02_of_08.csv","497674","152C84F1CFB7681CA950B7EF6F279C1649BA20CEEA782898A3D05442F216AA56"
"tile_012294","DIRECT_RECHECK","C:\Users\pc\Documents\大创\prediction_recheck\tile_012294_checked_rechecked.odb","2026-07-24 10:07:41","C:\Users\pc\Documents\大创\prediction_recheck\_wallman_check_database_worker_03_of_08.csv","28790","6263F33BD4AFB7E8339A8D2C09E739E38B59AA8EB75299D310D23F6A5225E9C1"
"tile_012327","REBUILD_BASE","C:\Users\pc\Documents\大创\prediction_rebuild\tile_012327\tile_012327_checked.odb","2026-07-24 10:29:06","C:\Users\pc\Documents\大创\prediction_rebuild\_wallman_check_database_worker_02_of_08.csv","6416","8C2775D2923666A1859EC809E9174E0BA2EDB5431B4CA3BD5290C1ACA5BCABAF"
"tile_012348","REBUILD_BASE","C:\Users\pc\Documents\大创\prediction_rebuild\tile_012348\tile_012348_checked.odb","2026-07-24 10:29:04","C:\Users\pc\Documents\大创\prediction_rebuild\_wallman_check_database_worker_03_of_08.csv","63600","8DD815B7B0E69EED82D99F0FE159E381F9F749A734587DF45E10F4A948BC948B"
"tile_012365","REBUILD_BASE","C:\Users\pc\Documents\大创\prediction_rebuild\tile_012365\tile_012365_checked.odb","2026-07-24 10:29:09","C:\Users\pc\Documents\大创\prediction_rebuild\_wallman_check_database_worker_04_of_08.csv","176918","B7A6B4454BD8C04C916DA5A1BA733BC2E996199F3C8F96C311B1DD5168B01EF2"
"tile_012392","REBUILD_BASE","C:\Users\pc\Documents\大创\prediction_rebuild\tile_012392\tile_012392_checked.odb","2026-07-24 10:29:08","C:\Users\pc\Documents\大创\prediction_rebuild\_wallman_check_database_worker_05_of_08.csv","322926","5E7EA20D2796BCB06F865A4EA1AFB0431F0937D044BF7EE6A9EFE5EADA15B98C"
"tile_012393","REBUILD_BASE","C:\Users\pc\Documents\大创\prediction_rebuild\tile_012393\tile_012393_checked.odb","2026-07-24 10:29:16","C:\Users\pc\Documents\大创\prediction_rebuild\_wallman_check_database_worker_06_of_08.csv","17068","8129E7CD53B5B6AAFC4CF9E881E8C5D1D83F082B0E553FA1EDBE86BE1FA2B1D9"
"tile_012403","REBUILD_BASE","C:\Users\pc\Documents\大创\prediction_rebuild\tile_012403\tile_012403_checked.odb","2026-07-24 10:29:12","C:\Users\pc\Documents\大创\prediction_rebuild\_wallman_check_database_worker_07_of_08.csv","5320","7B5B43F616D07D461B2504C6BF2DA49DEC682D5E65F4675B6B2DF030EB834164"
"tile_012452","REBUILD_BASE","C:\Users\pc\Documents\大创\prediction_rebuild\tile_012452\tile_012452_checked.odb","2026-07-24 10:28:59","C:\Users\pc\Documents\大创\prediction_rebuild\_wallman_check_database_worker_08_of_08.csv","505644","4F94C850F7845BC71C3C80E05323E48341C7E5030EC9A1976E22D970F988ED78"
"tile_012723","REBUILD_BASE","C:\Users\pc\Documents\大创\prediction_rebuild\tile_012723\tile_012723_checked.odb","2026-07-24 10:29:25","C:\Users\pc\Documents\大创\prediction_rebuild\_wallman_check_database_worker_01_of_08.csv","191560","D798753EAC1398D96EA0733A0DB10D2BF01459FD36E5BC17E60D4ED2BF1C2BA0"
"tile_012749","REBUILD_BASE","C:\Users\pc\Documents\大创\prediction_rebuild\tile_012749\tile_012749_checked.odb","2026-07-24 10:29:18","C:\Users\pc\Documents\大创\prediction_rebuild\_wallman_check_database_worker_02_of_08.csv","147680","A13E4039936A95BDB3F82DFD8865F211E8A9EB1B48844C9DC162A7E1F0A4180C"
"tile_012863","REBUILD_POLYGON_FIX","C:\Users\pc\Documents\大创\prediction_rebuild_polygonfix\tile_012863\tile_012863_checked.odb","2026-07-24 10:59:46","C:\Users\pc\Documents\大创\prediction_rebuild_polygonfix\_wallman_check_database_worker_06_of_08.csv","128172","624618EB2E016E6BFE0D6177635A33F74EF0F84F3D3F4EE943B4EFF223A7C9B3"
"tile_012970","REBUILD_BASE","C:\Users\pc\Documents\大创\prediction_rebuild\tile_012970\tile_012970_checked.odb","2026-07-24 10:29:21","C:\Users\pc\Documents\大创\prediction_rebuild\_wallman_check_database_worker_04_of_08.csv","131456","70F4004251ECFA744FBC7C20174540F2F0CADA0B159B3EBCB06DB4D2CD7E025C"
"tile_013040","REBUILD_BASE","C:\Users\pc\Documents\大创\prediction_rebuild\tile_013040\tile_013040_checked.odb","2026-07-24 10:29:19","C:\Users\pc\Documents\大创\prediction_rebuild\_wallman_check_database_worker_05_of_08.csv","72810","0FB85926BE84B83283AA7E2825A808705CB3A6B781F2DA735E5D7F6B5355FC56"
"tile_013083","DIRECT_RECHECK","C:\Users\pc\Documents\大创\prediction_recheck\tile_013083_checked_rechecked.odb","2026-07-24 10:02:28","C:\Users\pc\Documents\大创\prediction_recheck\_wallman_check_database_worker_08_of_08.csv","350406","D3B5A523AEB1576986E7614B0EB41F680ECD3286F52572276CB14DF3382831F5"
"tile_013114","DIRECT_RECHECK","C:\Users\pc\Documents\大创\prediction_recheck\tile_013114_checked_rechecked.odb","2026-07-24 10:02:15","C:\Users\pc\Documents\大创\prediction_recheck\_wallman_check_database_worker_01_of_08.csv","101786","2E789C73A15B7FC2AFC35AB584800393425ABE8DB37938B281518C1CAB32BA53"
"tile_013117","REBUILD_BASE","C:\Users\pc\Documents\大创\prediction_rebuild\tile_013117\tile_013117_checked.odb","2026-07-24 10:29:28","C:\Users\pc\Documents\大创\prediction_rebuild\_wallman_check_database_worker_06_of_08.csv","86250","D2158CF91693F4A3392DC78C582B753665AC595EA6C185EA1FF5414A258297F1"
"tile_013124","DIRECT_RECHECK","C:\Users\pc\Documents\大创\prediction_recheck\tile_013124_checked_rechecked.odb","2026-07-24 10:08:24","C:\Users\pc\Documents\大创\prediction_recheck\_wallman_check_database_worker_03_of_08.csv","101110","6AA29B71825F313F362FF78CA2B93BCA5BDE15F9EBF5260149858628C03D09FA"
"tile_013126","REBUILD_GAP_0P2","C:\Users\pc\Documents\大创\prediction_rebuild_strong\tile_013126\tile_013126_checked.odb","2026-07-24 10:44:18","C:\Users\pc\Documents\大创\prediction_rebuild_strong\_wallman_check_database_worker_01_of_08.csv","110562","2B994ABB894DF6B307B4351648B1B6EA3967C28921112241290D5DCB48A3FEF1"
"tile_013144","REBUILD_GAP_0P2","C:\Users\pc\Documents\大创\prediction_rebuild_strong\tile_013144\tile_013144_checked.odb","2026-07-24 10:44:05","C:\Users\pc\Documents\大创\prediction_rebuild_strong\_wallman_check_database_worker_02_of_08.csv","362154","4B2B573B1E0569BF3F14B4EE013BE95D019565DBFE45481C0DBB72BC1D13838D"
"tile_013184","REBUILD_BASE","C:\Users\pc\Documents\大创\prediction_rebuild\tile_013184\tile_013184_checked.odb","2026-07-24 10:29:36","C:\Users\pc\Documents\大创\prediction_rebuild\_wallman_check_database_worker_01_of_08.csv","144564","6301289DD8CF81CF77FA0F8B94BB3E595DD76F2408BA051941C693048A9DCAEA"
"tile_013189","DIRECT_RECHECK","C:\Users\pc\Documents\大创\prediction_recheck\tile_013189_checked_rechecked.odb","2026-07-24 10:02:16","C:\Users\pc\Documents\大创\prediction_recheck\_wallman_check_database_worker_07_of_08.csv","110598","A5038FF72F2CE298FB2E852BEAEF0C7AE0EADFC322B26A1F2C180DD90AE5C149"
"tile_013212","DIRECT_RECHECK","C:\Users\pc\Documents\大创\prediction_recheck\tile_013212_checked_rechecked.odb","2026-07-24 10:02:48","C:\Users\pc\Documents\大创\prediction_recheck\_wallman_check_database_worker_08_of_08.csv","246454","D970CCAEDD13DC505E0DDEA461B5C9DD4821391B7E70668FB9303F7E37F1E22F"
"tile_013256","REBUILD_BASE","C:\Users\pc\Documents\大创\prediction_rebuild\tile_013256\tile_013256_checked.odb","2026-07-24 10:29:29","C:\Users\pc\Documents\大创\prediction_rebuild\_wallman_check_database_worker_02_of_08.csv","322542","4DECDA88638322EFB7C62D3F1E7B149956D23D1E1E2AAFC67629E194BC3FF895"
"tile_013257","REBUILD_BASE","C:\Users\pc\Documents\大创\prediction_rebuild\tile_013257\tile_013257_checked.odb","2026-07-24 10:29:27","C:\Users\pc\Documents\大创\prediction_rebuild\_wallman_check_database_worker_03_of_08.csv","135284","0F9D9F921F6BD04005A5132D38D7E6C3B403311BA8A9421B0656E8B7616042EE"
"tile_013259","REBUILD_BASE","C:\Users\pc\Documents\大创\prediction_rebuild\tile_013259\tile_013259_checked.odb","2026-07-24 10:29:32","C:\Users\pc\Documents\大创\prediction_rebuild\_wallman_check_database_worker_04_of_08.csv","13644","DCB4B9E804F86D217F914DFDE1021BB006562D8693F235A840C1FC1B9E7DA4A1"
"tile_013289","REBUILD_BASE","C:\Users\pc\Documents\大创\prediction_rebuild\tile_013289\tile_013289_checked.odb","2026-07-24 10:29:31","C:\Users\pc\Documents\大创\prediction_rebuild\_wallman_check_database_worker_05_of_08.csv","73298","0F8CCA75C3C8BEECE50063A04A3317AE80A77C49E00CC5898C2A8FE571DDEE21"
"tile_013474","REBUILD_SECOND_PASS","C:\Users\pc\Documents\大创\prediction_rebuild_recheck\tile_013474_checked_rechecked.odb","2026-07-24 10:35:38","C:\Users\pc\Documents\大创\prediction_rebuild_recheck\_wallman_check_database_worker_07_of_08.csv","165754","01000845E31B8274B9D91C1E0061C315492CFDB89528B59DE185FC8E0DE4EBD4"
"tile_013489","REBUILD_BASE","C:\Users\pc\Documents\大创\prediction_rebuild\tile_013489\tile_013489_checked.odb","2026-07-24 10:29:34","C:\Users\pc\Documents\大创\prediction_rebuild\_wallman_check_database_worker_07_of_08.csv","38716","10614854616F7A94F5BCE5ABB9D88C142018023BA8AFC6C8A0383B8FCEC1143A"
"tile_013544","DIRECT_RECHECK","C:\Users\pc\Documents\大创\prediction_recheck\tile_013544_checked_rechecked.odb","2026-07-24 10:02:36","C:\Users\pc\Documents\大创\prediction_recheck\_wallman_check_database_worker_07_of_08.csv","165786","65C5495A7F3544FC944CDC2AF2FDE234C5E735E4CC7F727FE9A03E0A7BCE9FCD"
"tile_013635","REBUILD_BASE","C:\Users\pc\Documents\大创\prediction_rebuild\tile_013635\tile_013635_checked.odb","2026-07-24 10:29:22","C:\Users\pc\Documents\大创\prediction_rebuild\_wallman_check_database_worker_08_of_08.csv","37660","DD65659ABE9ACCADD89D7F2B46330B19E4E25499FD30561B21D7DBDCF13E3627"
"tile_013729","REBUILD_BASE","C:\Users\pc\Documents\大创\prediction_rebuild\tile_013729\tile_013729_checked.odb","2026-07-24 10:29:47","C:\Users\pc\Documents\大创\prediction_rebuild\_wallman_check_database_worker_01_of_08.csv","89458","C89572C96EF1F77371753C84B9917963BEF616414490275DC4F8F9007FC118CF"
"tile_013749","REBUILD_BASE","C:\Users\pc\Documents\大创\prediction_rebuild\tile_013749\tile_013749_checked.odb","2026-07-24 10:29:40","C:\Users\pc\Documents\大创\prediction_rebuild\_wallman_check_database_worker_02_of_08.csv","6676","6D1716BF9B0E913F6F2443ABB9DA763FA8C7B65843E28568EE11CE4E43D5A151"
"tile_013841","REBUILD_GAP_0P2","C:\Users\pc\Documents\大创\prediction_rebuild_strong\tile_013841\tile_013841_checked.odb","2026-07-24 10:43:59","C:\Users\pc\Documents\大创\prediction_rebuild_strong\_wallman_check_database_worker_03_of_08.csv","6888","A69FF5FF392D13B7B5546285537068AA1687A55508FCF07BE31EEE17CC3CF085"
"tile_013965","REBUILD_BASE","C:\Users\pc\Documents\大创\prediction_rebuild\tile_013965\tile_013965_checked.odb","2026-07-24 10:29:43","C:\Users\pc\Documents\大创\prediction_rebuild\_wallman_check_database_worker_04_of_08.csv","5392","D85C350E48448A320ED69F02B8A407DECDDC692C7F64C41DC68328E47D69E69D"
"tile_014303","REBUILD_BASE","C:\Users\pc\Documents\大创\prediction_rebuild\tile_014303\tile_014303_checked.odb","2026-07-24 10:29:41","C:\Users\pc\Documents\大创\prediction_rebuild\_wallman_check_database_worker_05_of_08.csv","33148","90C3303745C27E6EDFDFFA24422B2F52828CD5E3A7CB3A39E4B6C8F5644B7647"
"tile_014380","REBUILD_BASE","C:\Users\pc\Documents\大创\prediction_rebuild\tile_014380\tile_014380_checked.odb","2026-07-24 10:29:49","C:\Users\pc\Documents\大创\prediction_rebuild\_wallman_check_database_worker_06_of_08.csv","46928","95152C2B9EA05530AFA54CF4C6BCDD0FCF374FF861D973462A103E35C63776A8"
"tile_014390","REBUILD_BASE","C:\Users\pc\Documents\大创\prediction_rebuild\tile_014390\tile_014390_checked.odb","2026-07-24 10:29:45","C:\Users\pc\Documents\大创\prediction_rebuild\_wallman_check_database_worker_07_of_08.csv","193298","1BF8A9468C6BD4B161156C7F23751E76E198818375A971E2EA80151DB5675E43"
"tile_014436","REBUILD_BASE","C:\Users\pc\Documents\大创\prediction_rebuild\tile_014436\tile_014436_checked.odb","2026-07-24 10:29:33","C:\Users\pc\Documents\大创\prediction_rebuild\_wallman_check_database_worker_08_of_08.csv","5296","DC58355AD4BE23BB87F5C45CEB40A8DC1A942D0BCEE4E9E12C3C7FB630A46E08"
"tile_014581","REBUILD_BASE","C:\Users\pc\Documents\大创\prediction_rebuild\tile_014581\tile_014581_checked.odb","2026-07-24 10:29:57","C:\Users\pc\Documents\大创\prediction_rebuild\_wallman_check_database_worker_01_of_08.csv","62794","CCA79297CCC06B7A3696901530B1452C0EE5D6D2A650E89CBCE66FBF56DAB17C"
"tile_014582","REBUILD_BASE","C:\Users\pc\Documents\大创\prediction_rebuild\tile_014582\tile_014582_checked.odb","2026-07-24 10:29:51","C:\Users\pc\Documents\大创\prediction_rebuild\_wallman_check_database_worker_02_of_08.csv","316070","0E858F9E82D59AA5DCC2D1C9AC7D429D5513D3061A8A40AF353631425EE31242"
"tile_014586","REBUILD_BASE","C:\Users\pc\Documents\大创\prediction_rebuild\tile_014586\tile_014586_checked.odb","2026-07-24 10:29:48","C:\Users\pc\Documents\大创\prediction_rebuild\_wallman_check_database_worker_03_of_08.csv","143644","30DAACB705283404D80CFAA09E102AD86C5F8F0C90229035A756DEC44C6B4CA2"
"tile_014605","REBUILD_BASE","C:\Users\pc\Documents\大创\prediction_rebuild\tile_014605\tile_014605_checked.odb","2026-07-24 10:29:53","C:\Users\pc\Documents\大创\prediction_rebuild\_wallman_check_database_worker_04_of_08.csv","255608","7A27956CC61E8C9F23B9CD551316BC7ED6030A56C79939FA9EA874B8B9577A3A"
"tile_014607","REBUILD_BASE","C:\Users\pc\Documents\大创\prediction_rebuild\tile_014607\tile_014607_checked.odb","2026-07-24 10:29:52","C:\Users\pc\Documents\大创\prediction_rebuild\_wallman_check_database_worker_05_of_08.csv","5476","FAD500F84336EE81BFA3AE4769DB1EC375C55D314149DF7E9BC701AAB6176BB7"
"tile_014658","REBUILD_BASE","C:\Users\pc\Documents\大创\prediction_rebuild\tile_014658\tile_014658_checked.odb","2026-07-24 10:30:00","C:\Users\pc\Documents\大创\prediction_rebuild\_wallman_check_database_worker_06_of_08.csv","17528","23E6EF56C1FD94C8FE4F9147EC92865F6A069B21D32B1BFC91C6B57D29E629D7"
"tile_014699","REBUILD_BASE","C:\Users\pc\Documents\大创\prediction_rebuild\tile_014699\tile_014699_checked.odb","2026-07-24 10:29:55","C:\Users\pc\Documents\大创\prediction_rebuild\_wallman_check_database_worker_07_of_08.csv","6168","BE40D741F7B71C821F05E9AE442BB9B66C2E581895FB49A3FE0AB19C898CEEBA"
"tile_014741","DIRECT_RECHECK","C:\Users\pc\Documents\大创\prediction_recheck\tile_014741_checked_rechecked.odb","2026-07-24 10:03:45","C:\Users\pc\Documents\大创\prediction_recheck\_wallman_check_database_worker_08_of_08.csv","55408","52AE7E1DDDD5EC81DECA62E015B8CB6F361325AAFCA51F1CCDB122E0876B85E1"
"tile_014795","REBUILD_BASE","C:\Users\pc\Documents\大创\prediction_rebuild\tile_014795\tile_014795_checked.odb","2026-07-24 10:29:44","C:\Users\pc\Documents\大创\prediction_rebuild\_wallman_check_database_worker_08_of_08.csv","56668","3DD7F09D0B6BB30E4F39C39E0B989A71B4E162B669537978699D11AB11546905"
"tile_014923","REBUILD_BASE","C:\Users\pc\Documents\大创\prediction_rebuild\tile_014923\tile_014923_checked.odb","2026-07-24 10:30:09","C:\Users\pc\Documents\大创\prediction_rebuild\_wallman_check_database_worker_01_of_08.csv","5356","C1CE05AC066FC456957781FC2DB2058597D53FBCAF79D87F8C34C10147F7C399"
"tile_014959","REBUILD_BASE","C:\Users\pc\Documents\大创\prediction_rebuild\tile_014959\tile_014959_checked.odb","2026-07-24 10:30:01","C:\Users\pc\Documents\大创\prediction_rebuild\_wallman_check_database_worker_02_of_08.csv","92328","E5C70F97EB21425DBA684F5C877EAEEEA74AEA221E32BC3BDD203EE0F00EF290"
"tile_014968","REBUILD_BASE","C:\Users\pc\Documents\大创\prediction_rebuild\tile_014968\tile_014968_checked.odb","2026-07-24 10:29:58","C:\Users\pc\Documents\大创\prediction_rebuild\_wallman_check_database_worker_03_of_08.csv","269504","78120EAB356E3546123FAC83398B694D4CFD850E74451123786C11A0A625619D"
"tile_015067","REBUILD_GAP_0P2","C:\Users\pc\Documents\大创\prediction_rebuild_strong\tile_015067\tile_015067_checked.odb","2026-07-24 10:44:01","C:\Users\pc\Documents\大创\prediction_rebuild_strong\_wallman_check_database_worker_04_of_08.csv","271950","E9755F63D33ADAB5E44C96A470B23466EF74ADA74CAD9F67F1A04624A43DE17C"
"tile_015152","REBUILD_SECOND_PASS","C:\Users\pc\Documents\大创\prediction_rebuild_recheck\tile_015152_checked_rechecked.odb","2026-07-24 10:36:11","C:\Users\pc\Documents\大创\prediction_rebuild_recheck\_wallman_check_database_worker_02_of_08.csv","94876","0905B9C44CC639B8FFCE00B11807A5EFBA3FA3E9CEAEE951E5378529D8E5F21E"
"tile_015153","REBUILD_SECOND_PASS","C:\Users\pc\Documents\大创\prediction_rebuild_recheck\tile_015153_checked_rechecked.odb","2026-07-24 10:40:42","C:\Users\pc\Documents\大创\prediction_rebuild_recheck\_wallman_check_database_worker_03_of_08.csv","193482","66F6A81BCCF2EDEACB4BF9A7EE0FF892EB0E8835D24208324A754B410CB48B47"
"tile_015228","REBUILD_GAP_1P0","C:\Users\pc\Documents\大创\prediction_rebuild_gap1\tile_015228\tile_015228_checked.odb","2026-07-24 10:47:05","C:\Users\pc\Documents\大创\prediction_rebuild_gap1\_wallman_check_database_worker_03_of_08.csv","5296","CCF98E43CACE07CEF382F6C8FA6EBD85C7C8028C3876B45B8F4B32E0D90A9F57"
"tile_015245","REBUILD_BASE","C:\Users\pc\Documents\大创\prediction_rebuild\tile_015245\tile_015245_checked.odb","2026-07-24 10:29:54","C:\Users\pc\Documents\大创\prediction_rebuild\_wallman_check_database_worker_08_of_08.csv","7452","F2CE1330F6667FC4EB06E7D72198814E96DBA3867AE690698812B99899A35870"
"tile_015250","REBUILD_BASE","C:\Users\pc\Documents\大创\prediction_rebuild\tile_015250\tile_015250_checked.odb","2026-07-24 10:30:28","C:\Users\pc\Documents\大创\prediction_rebuild\_wallman_check_database_worker_01_of_08.csv","258386","575281AB1133E3D276F90D62DCB4331C19E04CFBEB0CDE7EF50EF2EE0461A7A7"
"tile_015256","DIRECT_RECHECK","C:\Users\pc\Documents\大创\prediction_recheck\tile_015256_checked_rechecked.odb","2026-07-24 10:10:13","C:\Users\pc\Documents\大创\prediction_recheck\_wallman_check_database_worker_03_of_08.csv","116990","F3448AF5C47476E5D59CA10B060AF9E0831736AA2AC1CF55B4D2A95B42975553"
"tile_015290","DIRECT_RECHECK","C:\Users\pc\Documents\大创\prediction_recheck\tile_015290_checked_rechecked.odb","2026-07-24 10:04:15","C:\Users\pc\Documents\大创\prediction_recheck\_wallman_check_database_worker_04_of_08.csv","227090","47DC6DAD592A88978723797D20B566F1B365363BBF0D9B4C0DF26D878D5C92EF"
"tile_015395","DIRECT_RECHECK","C:\Users\pc\Documents\大创\prediction_recheck\tile_015395_checked_rechecked.odb","2026-07-24 10:12:50","C:\Users\pc\Documents\大创\prediction_recheck\_wallman_check_database_worker_05_of_08.csv","90854","9B145C081DED1C30FE8EDDE55A8554EDC16C17D6DF0872F223635965D5AEB09C"
"tile_015396","REBUILD_BASE","C:\Users\pc\Documents\大创\prediction_rebuild\tile_015396\tile_015396_checked.odb","2026-07-24 10:30:13","C:\Users\pc\Documents\大创\prediction_rebuild\_wallman_check_database_worker_02_of_08.csv","59544","097EDDBD10DC2F85A831FFD470B84284F0D4685417C77D38E09B6E51DEB5EDEC"
"tile_015490","REBUILD_BASE","C:\Users\pc\Documents\大创\prediction_rebuild\tile_015490\tile_015490_checked.odb","2026-07-24 10:30:10","C:\Users\pc\Documents\大创\prediction_rebuild\_wallman_check_database_worker_03_of_08.csv","77640","9594E14CB175406E125D02FAB5336D2041E6F34388827E790B33F77C7CD32630"
"tile_015522","REBUILD_BASE","C:\Users\pc\Documents\大创\prediction_rebuild\tile_015522\tile_015522_checked.odb","2026-07-24 10:30:17","C:\Users\pc\Documents\大创\prediction_rebuild\_wallman_check_database_worker_04_of_08.csv","5852","EC701D1A3574E6ED1A157CBB6840ED359ADC71357A5F9F9578A4B20CF47EFB9A"
"tile_015531","REBUILD_BASE","C:\Users\pc\Documents\大创\prediction_rebuild\tile_015531\tile_015531_checked.odb","2026-07-24 10:30:15","C:\Users\pc\Documents\大创\prediction_rebuild\_wallman_check_database_worker_05_of_08.csv","84698","7FB96D902E56CFC1ED5C57FD278AA2BFEAB6A1398CA317E27534DC155614E04C"
"tile_015631","DIRECT_RECHECK","C:\Users\pc\Documents\大创\prediction_recheck\tile_015631_checked_rechecked.odb","2026-07-24 10:04:52","C:\Users\pc\Documents\大创\prediction_recheck\_wallman_check_database_worker_02_of_08.csv","84252","E11E7D85DB268FA227B67E4DBEA94E7ECC1E373468B66C579923869C81070ABE"
"tile_015642","REBUILD_BASE","C:\Users\pc\Documents\大创\prediction_rebuild\tile_015642\tile_015642_checked.odb","2026-07-24 10:30:24","C:\Users\pc\Documents\大创\prediction_rebuild\_wallman_check_database_worker_06_of_08.csv","120452","958A002EDCEBFFC8408C96B55CAA8D19B6DBC9167B3EC1DDE04C4DE10852B95B"
"tile_015662","DIRECT_RECHECK","C:\Users\pc\Documents\大创\prediction_recheck\tile_015662_checked_rechecked.odb","2026-07-24 10:04:38","C:\Users\pc\Documents\大创\prediction_recheck\_wallman_check_database_worker_04_of_08.csv","335694","E570330F43847A4E26297FF6914A06FBA129531ECA0395F55B17021100967944"
"tile_015839","REBUILD_BASE","C:\Users\pc\Documents\大创\prediction_rebuild\tile_015839\tile_015839_checked.odb","2026-07-24 10:30:26","C:\Users\pc\Documents\大创\prediction_rebuild\_wallman_check_database_worker_07_of_08.csv","5720","A30A34CD3BC473E9F71CDFAB46DF3741C1AAFEAE58E9435D43C5D1B856AAA8E9"
"tile_015872","DIRECT_RECHECK","C:\Users\pc\Documents\大创\prediction_recheck\tile_015872_checked_rechecked.odb","2026-07-24 10:04:24","C:\Users\pc\Documents\大创\prediction_recheck\_wallman_check_database_worker_06_of_08.csv","135272","7FE435E94329C68EA21519C2358A6988A8C76E5DC0B399C1CB4FB2C9EA3C70F3"
"tile_015892","DIRECT_RECHECK","C:\Users\pc\Documents\大创\prediction_recheck\tile_015892_checked_rechecked.odb","2026-07-24 10:04:12","C:\Users\pc\Documents\大创\prediction_recheck\_wallman_check_database_worker_07_of_08.csv","39842","A060A36743B0CDF1DA20A0761BD252C6990A2C5C983279F08DD4FB1834070355"
"tile_015943","DIRECT_RECHECK","C:\Users\pc\Documents\大创\prediction_recheck\tile_015943_checked_rechecked.odb","2026-07-24 10:04:50","C:\Users\pc\Documents\大创\prediction_recheck\_wallman_check_database_worker_08_of_08.csv","54168","D598BA6EDE37A042A2DA449D8B1EA8C4B974059F9A820FAAD80B18104F6AF864"
"tile_015991","REBUILD_BASE","C:\Users\pc\Documents\大创\prediction_rebuild\tile_015991\tile_015991_checked.odb","2026-07-24 10:30:06","C:\Users\pc\Documents\大创\prediction_rebuild\_wallman_check_database_worker_08_of_08.csv","13324","C492AF3EB6999CDA26AFB5E25FCBB97FC1F0B7A3A83CE95245F82108D189526C"
"tile_016031","REBUILD_POLYGON_FIX","C:\Users\pc\Documents\大创\prediction_rebuild_polygonfix\tile_016031\tile_016031_checked.odb","2026-07-24 10:59:39","C:\Users\pc\Documents\大创\prediction_rebuild_polygonfix\_wallman_check_database_worker_07_of_08.csv","172806","5664839DCAD6C18C3B9F6AC4A8AF776457625228927D391FC3E3D85CB955C9A0"
"tile_016075","DIRECT_RECHECK","C:\Users\pc\Documents\大创\prediction_recheck\tile_016075_checked_rechecked.odb","2026-07-24 10:10:44","C:\Users\pc\Documents\大创\prediction_recheck\_wallman_check_database_worker_03_of_08.csv","104502","3F622754DEA244413383DD59D14D306774936333FE133D1921137BA8E1A8C052"
"tile_016086","REBUILD_BASE","C:\Users\pc\Documents\大创\prediction_rebuild\tile_016086\tile_016086_checked.odb","2026-07-24 10:30:31","C:\Users\pc\Documents\大创\prediction_rebuild\_wallman_check_database_worker_02_of_08.csv","78994","4164312F362E97988550CC8B159C56EAE011F365612CAE6A2A11EB0A0FAE3742"
"tile_016106","REBUILD_BASE","C:\Users\pc\Documents\大创\prediction_rebuild\tile_016106\tile_016106_checked.odb","2026-07-24 10:30:21","C:\Users\pc\Documents\大创\prediction_rebuild\_wallman_check_database_worker_03_of_08.csv","116160","37DE540FAC70825F26DFA95A7302C0BCEC88D162F13A31A922A41D2C57371C97"
"tile_016141","DIRECT_RECHECK","C:\Users\pc\Documents\大创\prediction_recheck\tile_016141_checked_rechecked.odb","2026-07-24 10:04:47","C:\Users\pc\Documents\大创\prediction_recheck\_wallman_check_database_worker_06_of_08.csv","212306","603B0D6665D9339499023BD144D99043C35504A55779A08DD197CBB96DC4F37F"
"tile_016284","REBUILD_BASE","C:\Users\pc\Documents\大创\prediction_rebuild\tile_016284\tile_016284_checked.odb","2026-07-24 10:30:27","C:\Users\pc\Documents\大创\prediction_rebuild\_wallman_check_database_worker_04_of_08.csv","87356","B28D492D32F7E5EF86D3EFD23F4F5C2CC5683C4FF724F0EC972422B8E08696BF"
"tile_016308","REBUILD_BASE","C:\Users\pc\Documents\大创\prediction_rebuild\tile_016308\tile_016308_checked.odb","2026-07-24 10:30:22","C:\Users\pc\Documents\大创\prediction_rebuild\_wallman_check_database_worker_05_of_08.csv","6236","6640B1F130D97B0F6F63F92A4D3C542AF22FA724616B91E71D7D2FABAC36357D"
"tile_016324","REBUILD_BASE","C:\Users\pc\Documents\大创\prediction_rebuild\tile_016324\tile_016324_checked.odb","2026-07-24 10:30:34","C:\Users\pc\Documents\大创\prediction_rebuild\_wallman_check_database_worker_06_of_08.csv","254104","765CD2ACAF7D4EEBDA4660CD4CE757C3E0DB6447D9BEFB4C4175F4A9D1D75D2F"
"tile_016398","REBUILD_BASE","C:\Users\pc\Documents\大创\prediction_rebuild\tile_016398\tile_016398_checked.odb","2026-07-24 10:30:37","C:\Users\pc\Documents\大创\prediction_rebuild\_wallman_check_database_worker_07_of_08.csv","172790","B70B0224333229C1AD05FFC7964B868194ECC032AEE36D64B5A662FA59E6AC63"
"tile_016443","REBUILD_POLYGON_FIX","C:\Users\pc\Documents\大创\prediction_rebuild_polygonfix\tile_016443\tile_016443_checked.odb","2026-07-24 10:59:38","C:\Users\pc\Documents\大创\prediction_rebuild_polygonfix\_wallman_check_database_worker_08_of_08.csv","274836","D1C18F919CD9BBA7EDE213216C058AA6830C929AC1DF79EA3DAE0DE5BB3D0EBC"
"tile_016449","REBUILD_BASE","C:\Users\pc\Documents\大创\prediction_rebuild\tile_016449\tile_016449_checked.odb","2026-07-24 10:30:51","C:\Users\pc\Documents\大创\prediction_rebuild\_wallman_check_database_worker_01_of_08.csv","202246","8E44D11689EB091C46F0E02FF941B3C5B498F11337BBA20AA65A7A894481D339"
"tile_016456","REBUILD_BASE","C:\Users\pc\Documents\大创\prediction_rebuild\tile_016456\tile_016456_checked.odb","2026-07-24 10:30:43","C:\Users\pc\Documents\大创\prediction_rebuild\_wallman_check_database_worker_02_of_08.csv","390898","AE3353D8AB7FAECA91B2DBABC75733F8255BF3B8AEF200F86AF9A70B727719F5"
"tile_016558","REBUILD_BASE","C:\Users\pc\Documents\大创\prediction_rebuild\tile_016558\tile_016558_checked.odb","2026-07-24 10:30:33","C:\Users\pc\Documents\大创\prediction_rebuild\_wallman_check_database_worker_03_of_08.csv","123536","BB000F14DBEC587EF038BA32829E97F6A826948DF655A9AD1CC4658F92280E04"
"tile_016707","REBUILD_BASE","C:\Users\pc\Documents\大创\prediction_rebuild\tile_016707\tile_016707_checked.odb","2026-07-24 10:30:38","C:\Users\pc\Documents\大创\prediction_rebuild\_wallman_check_database_worker_04_of_08.csv","20292","A0E3E8A92334D44C134746F1ACFF5DAE7664B02DDF20F1913B7EDA89B64D56DB"
"tile_016717","DIRECT_RECHECK","C:\Users\pc\Documents\大创\prediction_recheck\tile_016717_checked_rechecked.odb","2026-07-24 10:05:34","C:\Users\pc\Documents\大创\prediction_recheck\_wallman_check_database_worker_08_of_08.csv","149854","3ADDD9DFFA6576661B99F2870977F827DBCD4418249E2D19010343417281A35F"
"tile_016875","REBUILD_BASE","C:\Users\pc\Documents\大创\prediction_rebuild\tile_016875\tile_016875_checked.odb","2026-07-24 10:30:36","C:\Users\pc\Documents\大创\prediction_rebuild\_wallman_check_database_worker_05_of_08.csv","355424","889B44F6F6A2984C1ED69AA36D65A0B399800C5326086EB0FF694FA9D405EC08"
"tile_017048","DIRECT_RECHECK","C:\Users\pc\Documents\大创\prediction_recheck\tile_017048_checked_rechecked.odb","2026-07-24 10:05:59","C:\Users\pc\Documents\大创\prediction_recheck\_wallman_check_database_worker_02_of_08.csv","272654","D7DF665D77028D69011F897BA1D61FCA2543A982BE351C66BC12E06F6EF1FE3B"
"tile_017348","REBUILD_BASE","C:\Users\pc\Documents\大创\prediction_rebuild\tile_017348\tile_017348_checked.odb","2026-07-24 10:30:46","C:\Users\pc\Documents\大创\prediction_rebuild\_wallman_check_database_worker_06_of_08.csv","57316","691508C161BE73E1C5A569D865034B066E6E2DEB6FAC4E1CF93EDF5E94AD885E"
"tile_017352","REBUILD_BASE","C:\Users\pc\Documents\大创\prediction_rebuild\tile_017352\tile_017352_checked.odb","2026-07-24 10:30:48","C:\Users\pc\Documents\大创\prediction_rebuild\_wallman_check_database_worker_07_of_08.csv","6200","61B56C8CFE1347B0E4334AF4F6280CE06B070CF7799DB32F9C983638957CD0D4"
"tile_017364","REBUILD_BASE","C:\Users\pc\Documents\大创\prediction_rebuild\tile_017364\tile_017364_checked.odb","2026-07-24 10:30:30","C:\Users\pc\Documents\大创\prediction_rebuild\_wallman_check_database_worker_08_of_08.csv","444104","1CA4A3E58A79C1E2671E46B3FC5D5A1FC84777423DC584AC0CBE13D36970091A"
"tile_017878","REBUILD_GAP_0P2","C:\Users\pc\Documents\大创\prediction_rebuild_strong\tile_017878\tile_017878_checked.odb","2026-07-24 10:44:14","C:\Users\pc\Documents\大创\prediction_rebuild_strong\_wallman_check_database_worker_08_of_08.csv","315540","18BA975B7F2CEEBC4CC432DC366FB2BC6EFA384A00B8131E78882F6ADEF029A3"
"tile_017909","REBUILD_BASE","C:\Users\pc\Documents\大创\prediction_rebuild\tile_017909\tile_017909_checked.odb","2026-07-24 10:30:53","C:\Users\pc\Documents\大创\prediction_rebuild\_wallman_check_database_worker_02_of_08.csv","79220","DC78601DDB31A2CEAF58DB8C743FD3461F5E70DFDF0E584E2057F89155990393"
"tile_017910","DIRECT_RECHECK","C:\Users\pc\Documents\大创\prediction_recheck\tile_017910_checked_rechecked.odb","2026-07-24 10:05:56","C:\Users\pc\Documents\大创\prediction_recheck\_wallman_check_database_worker_08_of_08.csv","292906","4CC3EBCFBE68991E12EBC2D176C43AF8194BE3ED12A30F54DD71AFD79DBD5752"
"tile_017917","DIRECT_RECHECK","C:\Users\pc\Documents\大创\prediction_recheck\tile_017917_checked_rechecked.odb","2026-07-24 10:05:40","C:\Users\pc\Documents\大创\prediction_recheck\_wallman_check_database_worker_01_of_08.csv","543374","014E64630099FAB8FBB500843015CDCCFC9D015B4FE91E20AB0C7E4383480959"
"tile_017987","REBUILD_BASE","C:\Users\pc\Documents\大创\prediction_rebuild\tile_017987\tile_017987_checked.odb","2026-07-24 10:30:44","C:\Users\pc\Documents\大创\prediction_rebuild\_wallman_check_database_worker_03_of_08.csv","46744","C736679963970C11D247CF05F7B6D8B9F4AEDD1A0AAAFCF0E2DD47946EC04409"
"tile_017989","REBUILD_BASE","C:\Users\pc\Documents\大创\prediction_rebuild\tile_017989\tile_017989_checked.odb","2026-07-24 10:30:49","C:\Users\pc\Documents\大创\prediction_rebuild\_wallman_check_database_worker_04_of_08.csv","317548","78DB7E8D71ED8614E513BD02C70CED5E249885EC847ACC97C47C7D0DBBC84B38"
"tile_017994","DIRECT_RECHECK","C:\Users\pc\Documents\大创\prediction_recheck\tile_017994_checked_rechecked.odb","2026-07-24 10:06:07","C:\Users\pc\Documents\大创\prediction_recheck\_wallman_check_database_worker_04_of_08.csv","171234","02B33FA09DC922B50573F985971F6573F32B7950177A13D74DBDA67140B0B771"
"tile_018081","REBUILD_BASE","C:\Users\pc\Documents\大创\prediction_rebuild\tile_018081\tile_018081_checked.odb","2026-07-24 10:30:47","C:\Users\pc\Documents\大创\prediction_rebuild\_wallman_check_database_worker_05_of_08.csv","442774","1C942452DF9BDDA1AE1F0EDA37C8DE73096CD4F06658088A7D36A3A577E13AAE"
"tile_018111","DIRECT_RECHECK","C:\Users\pc\Documents\大创\prediction_recheck\tile_018111_checked_rechecked.odb","2026-07-24 10:05:53","C:\Users\pc\Documents\大创\prediction_recheck\_wallman_check_database_worker_06_of_08.csv","194254","D41303BDCCAF2E36F67AC3C520BA6AF47501A4325F735D856D9B2DB2793EA747"
"tile_018194","REBUILD_BASE","C:\Users\pc\Documents\大创\prediction_rebuild\tile_018194\tile_018194_checked.odb","2026-07-24 10:30:56","C:\Users\pc\Documents\大创\prediction_rebuild\_wallman_check_database_worker_06_of_08.csv","69548","2C308210F49FD2BDEDD33900B645DEEE6A0B1F57DEC788357114D53F5F4E66B2"
"tile_018235","DIRECT_RECHECK","C:\Users\pc\Documents\大创\prediction_recheck\tile_018235_checked_rechecked.odb","2026-07-24 10:06:18","C:\Users\pc\Documents\大创\prediction_recheck\_wallman_check_database_worker_08_of_08.csv","217638","13E983129E990BD843E273DC80031ECE5EAC7DB2292E370359E303379AAFA7A3"
"tile_018287","DIRECT_RECHECK","C:\Users\pc\Documents\大创\prediction_recheck\tile_018287_checked_rechecked.odb","2026-07-24 10:06:01","C:\Users\pc\Documents\大创\prediction_recheck\_wallman_check_database_worker_01_of_08.csv","36578","0998D098AAA0BCCFE5EA1B3DE868A93DE58C988C874452A14DB9C3FB1AFD7F80"
"tile_018300","REBUILD_BASE","C:\Users\pc\Documents\大创\prediction_rebuild\tile_018300\tile_018300_checked.odb","2026-07-24 10:30:59","C:\Users\pc\Documents\大创\prediction_rebuild\_wallman_check_database_worker_07_of_08.csv","5536","ABD7D31099F4613CAEA1F18DE90A63257753CC4A96957F7D818A4BCD0B199112"
"tile_018307","DIRECT_RECHECK","C:\Users\pc\Documents\大创\prediction_recheck\tile_018307_checked_rechecked.odb","2026-07-24 10:11:39","C:\Users\pc\Documents\大创\prediction_recheck\_wallman_check_database_worker_03_of_08.csv","51474","52FD5FD60C46410DCBE9EBE59E3D79DEDBB2AC5162DC169E1F090A13868D0AA9"
"tile_018374","DIRECT_RECHECK","C:\Users\pc\Documents\大创\prediction_recheck\tile_018374_checked_rechecked.odb","2026-07-24 10:06:29","C:\Users\pc\Documents\大创\prediction_recheck\_wallman_check_database_worker_04_of_08.csv","198706","905B86B89A6FA9DB6DC33237C7AFA834E984A3528310C9F3F734DA60CBF23BA9"
"tile_018638","REBUILD_BASE","C:\Users\pc\Documents\大创\prediction_rebuild\tile_018638\tile_018638_checked.odb","2026-07-24 10:30:41","C:\Users\pc\Documents\大创\prediction_rebuild\_wallman_check_database_worker_08_of_08.csv","87638","82F6C3BE6124D88855E4A44C81F49CAC2531C5FE83DA2370D6114E5D955BD668"
"tile_018650","REBUILD_BASE","C:\Users\pc\Documents\大创\prediction_rebuild\tile_018650\tile_018650_checked.odb","2026-07-24 10:31:22","C:\Users\pc\Documents\大创\prediction_rebuild\_wallman_check_database_worker_01_of_08.csv","16984","5364C6DC8F2BE9C78B14309379B68D7F1739CE52ACFD3DA608BC696912461509"
"tile_018653","REBUILD_BASE","C:\Users\pc\Documents\大创\prediction_rebuild\tile_018653\tile_018653_checked.odb","2026-07-24 10:31:04","C:\Users\pc\Documents\大创\prediction_rebuild\_wallman_check_database_worker_02_of_08.csv","70424","F19593D21F390D9F3B8E0BCA797902D5BC7368B044F33DE9FBD16651DAD279D1"
"tile_018684","REBUILD_BASE","C:\Users\pc\Documents\大创\prediction_rebuild\tile_018684\tile_018684_checked.odb","2026-07-24 10:30:55","C:\Users\pc\Documents\大创\prediction_rebuild\_wallman_check_database_worker_03_of_08.csv","420026","8D455D276703FCDCD227D0182001F05D61EFF1F01A1221222899DD3D27C33386"
"tile_018720","REBUILD_BASE","C:\Users\pc\Documents\大创\prediction_rebuild\tile_018720\tile_018720_checked.odb","2026-07-24 10:31:01","C:\Users\pc\Documents\大创\prediction_rebuild\_wallman_check_database_worker_04_of_08.csv","6276","FB20860ABAF1BEC6A621A9D3FDF457C15DEB34CBBDD041084372B4208F30E354"
"tile_018734","REBUILD_BASE","C:\Users\pc\Documents\大创\prediction_rebuild\tile_018734\tile_018734_checked.odb","2026-07-24 10:30:58","C:\Users\pc\Documents\大创\prediction_rebuild\_wallman_check_database_worker_05_of_08.csv","61032","9F0FDA8DA87F3C770EBE1A80119E93C1C847E5FA0C8ABF08DBDFB78EF8A9C866"
"tile_018888","REBUILD_BASE","C:\Users\pc\Documents\大创\prediction_rebuild\tile_018888\tile_018888_checked.odb","2026-07-24 10:31:08","C:\Users\pc\Documents\大创\prediction_rebuild\_wallman_check_database_worker_06_of_08.csv","88524","7D1E870CF77C0282E5001F25C99C35BA229546431E03B467D7BA96A8D2B74AFE"
"tile_018895","REBUILD_BASE","C:\Users\pc\Documents\大创\prediction_rebuild\tile_018895\tile_018895_checked.odb","2026-07-24 10:31:13","C:\Users\pc\Documents\大创\prediction_rebuild\_wallman_check_database_worker_07_of_08.csv","197486","924037BDAD896016A5CF8F5317A5C33C7F64ADD8D2F6A01E3BDA8A121EF18F98"
"tile_019038","REBUILD_POLYGON_FIX","C:\Users\pc\Documents\大创\prediction_rebuild_polygonfix\tile_019038\tile_019038_checked.odb","2026-07-24 10:59:51","C:\Users\pc\Documents\大创\prediction_rebuild_polygonfix\_wallman_check_database_worker_01_of_08.csv","117906","02B64D2A5C24AC45BF2A8CB5CC5ED1F3D37E75D70C56022C59A0C06EE538786B"
"tile_019071","REBUILD_BASE","C:\Users\pc\Documents\大创\prediction_rebuild\tile_019071\tile_019071_checked.odb","2026-07-24 10:31:35","C:\Users\pc\Documents\大创\prediction_rebuild\_wallman_check_database_worker_01_of_08.csv","5504","1EBE5CDD4503EF1D973B033D175F5A12DEA748C974E22F677B552C50855D2ED2"
"tile_019083","REBUILD_BASE","C:\Users\pc\Documents\大创\prediction_rebuild\tile_019083\tile_019083_checked.odb","2026-07-24 10:31:18","C:\Users\pc\Documents\大创\prediction_rebuild\_wallman_check_database_worker_02_of_08.csv","6260","667C1AAAD0F31C152024D1676F84BA77EEE67C8B32CDA18DF5D330433813E628"
"tile_019114","DIRECT_RECHECK","C:\Users\pc\Documents\大创\prediction_recheck\tile_019114_checked_rechecked.odb","2026-07-24 10:07:03","C:\Users\pc\Documents\大创\prediction_recheck\_wallman_check_database_worker_08_of_08.csv","43334","0D9715884711364E8DA30E02CCB848428C6C6F7292DE33C394887FC648FEBEC8"
"tile_019144","REBUILD_BASE","C:\Users\pc\Documents\大创\prediction_rebuild\tile_019144\tile_019144_checked.odb","2026-07-24 10:31:06","C:\Users\pc\Documents\大创\prediction_rebuild\_wallman_check_database_worker_03_of_08.csv","421814","72B1C36DA9CEB0EF4AB76FD10B03EBBBDC7E1A5A353988FE369D77D87115369E"
"tile_019146","REBUILD_BASE","C:\Users\pc\Documents\大创\prediction_rebuild\tile_019146\tile_019146_checked.odb","2026-07-24 10:31:14","C:\Users\pc\Documents\大创\prediction_rebuild\_wallman_check_database_worker_04_of_08.csv","49376","4E79B4A6DCC403ACC0B06FD00EE0B9F1DE00D387928AAC871C3215ECDD2A90FF"
"tile_019159","REBUILD_BASE","C:\Users\pc\Documents\大创\prediction_rebuild\tile_019159\tile_019159_checked.odb","2026-07-24 10:31:11","C:\Users\pc\Documents\大创\prediction_rebuild\_wallman_check_database_worker_05_of_08.csv","73316","B51225CB6692B103B927C6F1CEB3B6E90DE9866545447266773615F5A74416D0"
"tile_019234","REBUILD_BASE","C:\Users\pc\Documents\大创\prediction_rebuild\tile_019234\tile_019234_checked.odb","2026-07-24 10:31:29","C:\Users\pc\Documents\大创\prediction_rebuild\_wallman_check_database_worker_06_of_08.csv","657104","F92AF4771F7BA8AC0DFAEB84A2BDB6814B9A5BC250F38F22D1BD81133304AA89"
"tile_019262","DIRECT_RECHECK","C:\Users\pc\Documents\大创\prediction_recheck\tile_019262_checked_rechecked.odb","2026-07-24 10:13:25","C:\Users\pc\Documents\大创\prediction_recheck\_wallman_check_database_worker_05_of_08.csv","510360","AF64A0C6933E4E61F74D6FFC48F59115A1758F7CAD13D3AAA036CC27CA583586"
"tile_019309","REBUILD_BASE","C:\Users\pc\Documents\大创\prediction_rebuild\tile_019309\tile_019309_checked.odb","2026-07-24 10:31:24","C:\Users\pc\Documents\大创\prediction_rebuild\_wallman_check_database_worker_07_of_08.csv","6488","39650ED841333E9C00C21C56DE91D1064B6B21F0BB375523D8853B389B3D1881"
"tile_019450","REBUILD_BASE","C:\Users\pc\Documents\大创\prediction_rebuild\tile_019450\tile_019450_checked.odb","2026-07-24 10:31:03","C:\Users\pc\Documents\大创\prediction_rebuild\_wallman_check_database_worker_08_of_08.csv","115200","06B6159C5525CFA24535FF3B0EEBC6BE5B933C6E60610C65C17C07E47934471B"
"tile_019501","REBUILD_BASE","C:\Users\pc\Documents\大创\prediction_rebuild\tile_019501\tile_019501_checked.odb","2026-07-24 10:31:46","C:\Users\pc\Documents\大创\prediction_rebuild\_wallman_check_database_worker_01_of_08.csv","5308","8E7CCAC20FD6EB58156182D5A90DC7CF6C43D79F9F27C7F484882121CB76FB16"
"tile_019625","REBUILD_POLYGON_FIX","C:\Users\pc\Documents\大创\prediction_rebuild_polygonfix\tile_019625\tile_019625_checked.odb","2026-07-24 10:59:53","C:\Users\pc\Documents\大创\prediction_rebuild_polygonfix\_wallman_check_database_worker_02_of_08.csv","466278","D13964E79B035E13DC56B7136035FD3FD10861C3B4F6C9FB77D8184519D54434"
"tile_019695","REBUILD_BASE","C:\Users\pc\Documents\大创\prediction_rebuild\tile_019695\tile_019695_checked.odb","2026-07-24 10:31:20","C:\Users\pc\Documents\大创\prediction_rebuild\_wallman_check_database_worker_03_of_08.csv","118492","57AD57CDEBAE1F2B2C516437AF28A91282E11E5BDF72251970275B0661C0E1C2"
"tile_019755","REBUILD_BASE","C:\Users\pc\Documents\大创\prediction_rebuild\tile_019755\tile_019755_checked.odb","2026-07-24 10:31:25","C:\Users\pc\Documents\大创\prediction_rebuild\_wallman_check_database_worker_04_of_08.csv","42332","A8559C4BB6AA2B8AA4C62BEACC50B258D71F1A1C264C3A77CB22E46DA51B8775"
"tile_019795","REBUILD_GAP_0P2","C:\Users\pc\Documents\大创\prediction_rebuild_strong\tile_019795\tile_019795_checked.odb","2026-07-24 10:44:11","C:\Users\pc\Documents\大创\prediction_rebuild_strong\_wallman_check_database_worker_03_of_08.csv","214988","CD6F38918C6B7E1779F6F3F781383997DF70F0BF857224A55FCFC57F30D08D88"
"tile_019935","REBUILD_BASE","C:\Users\pc\Documents\大创\prediction_rebuild\tile_019935\tile_019935_checked.odb","2026-07-24 10:31:41","C:\Users\pc\Documents\大创\prediction_rebuild\_wallman_check_database_worker_06_of_08.csv","362984","DEC1F33609193E8A2907865618ACA14F55E7FEEAFA48AFFD7DE7C0B40867740D"
"tile_019936","REBUILD_BASE","C:\Users\pc\Documents\大创\prediction_rebuild\tile_019936\tile_019936_checked.odb","2026-07-24 10:31:36","C:\Users\pc\Documents\大创\prediction_rebuild\_wallman_check_database_worker_07_of_08.csv","5936","1FEA104FCCCF5A262633C5A95A604F7C8D338D980D573A4C967492022039BD21"
"tile_019948","REBUILD_BASE","C:\Users\pc\Documents\大创\prediction_rebuild\tile_019948\tile_019948_checked.odb","2026-07-24 10:31:16","C:\Users\pc\Documents\大创\prediction_rebuild\_wallman_check_database_worker_08_of_08.csv","368736","BB44C7EF3612F3C402025796528D96461870A8594416797D65BC5BFB90D48ABC"
"tile_019993","REBUILD_BASE","C:\Users\pc\Documents\大创\prediction_rebuild\tile_019993\tile_019993_checked.odb","2026-07-24 10:31:56","C:\Users\pc\Documents\大创\prediction_rebuild\_wallman_check_database_worker_01_of_08.csv","142726","3C756B4681C362B210E85B44B612EFCC60A60C9DAEEAA0BC4E0A69E173B93A01"
"tile_020011","REBUILD_BASE","C:\Users\pc\Documents\大创\prediction_rebuild\tile_020011\tile_020011_checked.odb","2026-07-24 10:31:44","C:\Users\pc\Documents\大创\prediction_rebuild\_wallman_check_database_worker_02_of_08.csv","53448","B54CA5B5BC8595F5761502862A20D1B32F102688FC9A6FC308DD3645B11EDF88"
"tile_020109","DIRECT_RECHECK","C:\Users\pc\Documents\大创\prediction_recheck\tile_020109_checked_rechecked.odb","2026-07-24 10:08:11","C:\Users\pc\Documents\大创\prediction_recheck\_wallman_check_database_worker_02_of_08.csv","56676","8AA8803E1B2FD576B6D223B7E3A0D66676E40AC466E6CB32A0195DA1CEBBD839"
"tile_020118","DIRECT_RECHECK","C:\Users\pc\Documents\大创\prediction_recheck\tile_020118_checked_rechecked.odb","2026-07-24 10:12:29","C:\Users\pc\Documents\大创\prediction_recheck\_wallman_check_database_worker_03_of_08.csv","5932","88F7120E8AE6C66894E8188A12D9D76E3AA18C943A8FD025A1461DE33057DD2A"
"tile_020256","REBUILD_BASE","C:\Users\pc\Documents\大创\prediction_rebuild\tile_020256\tile_020256_checked.odb","2026-07-24 10:31:32","C:\Users\pc\Documents\大创\prediction_rebuild\_wallman_check_database_worker_03_of_08.csv","87254","6A542A0E99DAEF882D945276407C59D73EC1BBF1FBA7E65FA2F8DE3069810778"
"tile_020275","REBUILD_BASE","C:\Users\pc\Documents\大创\prediction_rebuild\tile_020275\tile_020275_checked.odb","2026-07-24 10:31:38","C:\Users\pc\Documents\大创\prediction_rebuild\_wallman_check_database_worker_04_of_08.csv","5888","E88502A3B34B7B7FF848949AE54AF662EA68DC6F0A9884098B833DC92338336D"
"tile_020343","REBUILD_BASE","C:\Users\pc\Documents\大创\prediction_rebuild\tile_020343\tile_020343_checked.odb","2026-07-24 10:31:42","C:\Users\pc\Documents\大创\prediction_rebuild\_wallman_check_database_worker_05_of_08.csv","6164","BBF23ABFC7B45955564EBD090E2DE203CED917755EE7B8FED0B25B4A729A8E53"
"tile_020360","REBUILD_BASE","C:\Users\pc\Documents\大创\prediction_rebuild\tile_020360\tile_020360_checked.odb","2026-07-24 10:31:51","C:\Users\pc\Documents\大创\prediction_rebuild\_wallman_check_database_worker_06_of_08.csv","240370","C8B85C8896C4678231BC5DAF23EE979BCB91F22E9D4FFAE7CD6005F94CB8B578"
"tile_020366","REBUILD_BASE","C:\Users\pc\Documents\大创\prediction_rebuild\tile_020366\tile_020366_checked.odb","2026-07-24 10:31:47","C:\Users\pc\Documents\大创\prediction_rebuild\_wallman_check_database_worker_07_of_08.csv","8412","51E724B98B1AA38376A3948A0741ED8412C6933FF9C811919FD9E8F1DC7482B2"
"tile_020370","REBUILD_BASE","C:\Users\pc\Documents\大创\prediction_rebuild\tile_020370\tile_020370_checked.odb","2026-07-24 10:31:27","C:\Users\pc\Documents\大创\prediction_rebuild\_wallman_check_database_worker_08_of_08.csv","6480","069D84B0CD848767243D6DAE0366A057CEBFA1C53806C9B25C6E5B2D69C7CD84"
"tile_020420","REBUILD_BASE","C:\Users\pc\Documents\大创\prediction_rebuild\tile_020420\tile_020420_checked.odb","2026-07-24 10:32:09","C:\Users\pc\Documents\大创\prediction_rebuild\_wallman_check_database_worker_01_of_08.csv","193076","A04AD3C93FF067A0B4D88EF7BA66219C0672A682FB878D1C7F1BB92C0F218D77"
"tile_020430","REBUILD_BASE","C:\Users\pc\Documents\大创\prediction_rebuild\tile_020430\tile_020430_checked.odb","2026-07-24 10:31:55","C:\Users\pc\Documents\大创\prediction_rebuild\_wallman_check_database_worker_02_of_08.csv","6032","C723CB24D01DF664510437754C058C03389EF70694CA58B9FD0BFE0C5A000719"
"tile_020435","REBUILD_BASE","C:\Users\pc\Documents\大创\prediction_rebuild\tile_020435\tile_020435_checked.odb","2026-07-24 10:31:43","C:\Users\pc\Documents\大创\prediction_rebuild\_wallman_check_database_worker_03_of_08.csv","6064","CD5C2EF3482E80206CC472C3C9C15366A226BB29FCC95058209F9CB829D6A7D9"
"tile_020438","REBUILD_BASE","C:\Users\pc\Documents\大创\prediction_rebuild\tile_020438\tile_020438_checked.odb","2026-07-24 10:31:48","C:\Users\pc\Documents\大创\prediction_rebuild\_wallman_check_database_worker_04_of_08.csv","94680","C3AAC4E45D1A42DFD7EE48D1194B823E7B6474F9D5FC4D4917F17B24FAF0A184"
"tile_020467","REBUILD_BASE","C:\Users\pc\Documents\大创\prediction_rebuild\tile_020467\tile_020467_checked.odb","2026-07-24 10:31:52","C:\Users\pc\Documents\大创\prediction_rebuild\_wallman_check_database_worker_05_of_08.csv","32232","51C8B79B7064F3392D774EE85AE2D075073DDDDFBD755E94897E3B3EBCD7129C"
"tile_020480","REBUILD_GAP_0P2","C:\Users\pc\Documents\大创\prediction_rebuild_strong\tile_020480\tile_020480_checked.odb","2026-07-24 10:44:12","C:\Users\pc\Documents\大创\prediction_rebuild_strong\_wallman_check_database_worker_04_of_08.csv","486718","70E2B8B6A5C60F56F68EA4F860C3C84EAEC21404CBDBDA89F569C58BC6EAE81F"
"tile_020482","DIRECT_RECHECK","C:\Users\pc\Documents\大创\prediction_recheck\tile_020482_checked_rechecked.odb","2026-07-24 10:08:30","C:\Users\pc\Documents\大创\prediction_recheck\_wallman_check_database_worker_08_of_08.csv","274422","AEA628D646277121D5CB9CB5DEDB6700B61DB2EA12D9A5F5BD7B51A9A4AF9D3F"
"tile_020490","REBUILD_POLYGON_FIX","C:\Users\pc\Documents\大创\prediction_rebuild_polygonfix\tile_020490\tile_020490_checked.odb","2026-07-24 10:59:55","C:\Users\pc\Documents\大创\prediction_rebuild_polygonfix\_wallman_check_database_worker_03_of_08.csv","6012","1F042A1EA535B38B617EB8116F9C6B30FD11F221CF93EC83C4F5DA471AB89392"
"tile_020515","REBUILD_BASE","C:\Users\pc\Documents\大创\prediction_rebuild\tile_020515\tile_020515_checked.odb","2026-07-24 10:31:39","C:\Users\pc\Documents\大创\prediction_rebuild\_wallman_check_database_worker_08_of_08.csv","379040","8C26E3403FA70E0627F5675096E38385CAE754E0709F795F16EC36B311CCFBAA"
"tile_020522","REBUILD_BASE","C:\Users\pc\Documents\大创\prediction_rebuild\tile_020522\tile_020522_checked.odb","2026-07-24 10:32:21","C:\Users\pc\Documents\大创\prediction_rebuild\_wallman_check_database_worker_01_of_08.csv","45160","733E878A084B5CE256CDBEB0514173EC0D53134D257592552A3986B7A9F1F4DF"
"tile_020523","REBUILD_GAP_0P2","C:\Users\pc\Documents\大创\prediction_rebuild_strong\tile_020523\tile_020523_checked.odb","2026-07-24 10:44:10","C:\Users\pc\Documents\大创\prediction_rebuild_strong\_wallman_check_database_worker_06_of_08.csv","522450","B6E40BC373697AFC694B768073C74236F85D69AC63FCBB1C30028D454A4510CB"
"tile_020529","REBUILD_BASE","C:\Users\pc\Documents\大创\prediction_rebuild\tile_020529\tile_020529_checked.odb","2026-07-24 10:31:54","C:\Users\pc\Documents\大创\prediction_rebuild\_wallman_check_database_worker_03_of_08.csv","124828","5C23715B159816B2096A3070CEB8CBE8D7A4820207ACD0A2A27FFB0BCDD451AE"
"tile_020625","REBUILD_GAP_0P2","C:\Users\pc\Documents\大创\prediction_rebuild_strong\tile_020625\tile_020625_checked.odb","2026-07-24 10:44:20","C:\Users\pc\Documents\大创\prediction_rebuild_strong\_wallman_check_database_worker_07_of_08.csv","392578","9830B089DB76EAA7F482BD898188B10D9183152D805B36A463A94F11B5E305F4"
"tile_020647","REBUILD_BASE","C:\Users\pc\Documents\大创\prediction_rebuild\tile_020647\tile_020647_checked.odb","2026-07-24 10:32:06","C:\Users\pc\Documents\大创\prediction_rebuild\_wallman_check_database_worker_05_of_08.csv","96874","C9AAD3299D764D892A090A229705FF47122E0231FF2AEA4349607D87A3A811F8"
"tile_020653","REBUILD_BASE","C:\Users\pc\Documents\大创\prediction_rebuild\tile_020653\tile_020653_checked.odb","2026-07-24 10:32:16","C:\Users\pc\Documents\大创\prediction_rebuild\_wallman_check_database_worker_06_of_08.csv","110618","ECD015E55D3ADED23FE562FE3536D59590110D1B510EB32511DECCE193B43175"
"tile_020740","REBUILD_BASE","C:\Users\pc\Documents\大创\prediction_rebuild\tile_020740\tile_020740_checked.odb","2026-07-24 10:32:10","C:\Users\pc\Documents\大创\prediction_rebuild\_wallman_check_database_worker_07_of_08.csv","5440","2857DAE62A6E9BDCAC043A026F71228A89F537FDFA713483B96FEB811EF33197"
"tile_020760","REBUILD_BASE","C:\Users\pc\Documents\大创\prediction_rebuild\tile_020760\tile_020760_checked.odb","2026-07-24 10:31:50","C:\Users\pc\Documents\大创\prediction_rebuild\_wallman_check_database_worker_08_of_08.csv","482730","02A279974760CB59AA2E137DB431A6E76D612C7BBE22A5686AB516ACA2EC2E18"
"tile_020841","REBUILD_BASE","C:\Users\pc\Documents\大创\prediction_rebuild\tile_020841\tile_020841_checked.odb","2026-07-24 10:32:32","C:\Users\pc\Documents\大创\prediction_rebuild\_wallman_check_database_worker_01_of_08.csv","6536","D38242B6049C01BFCA535D3DBDA1D9A574DD978577AE1F0A85C516E03A7E98C6"
"tile_020910","REBUILD_BASE","C:\Users\pc\Documents\大创\prediction_rebuild\tile_020910\tile_020910_checked.odb","2026-07-24 10:32:19","C:\Users\pc\Documents\大创\prediction_rebuild\_wallman_check_database_worker_02_of_08.csv","5648","B3778D2F37FC1F87AC9BB8DD44A2221F503CC02D9686A5D05479DD34F06871F6"
"tile_020951","REBUILD_POLYGON_FIX","C:\Users\pc\Documents\大创\prediction_rebuild_polygonfix\tile_020951\tile_020951_checked.odb","2026-07-24 10:59:54","C:\Users\pc\Documents\大创\prediction_rebuild_polygonfix\_wallman_check_database_worker_04_of_08.csv","27536","ED8E9F9E4978DA1E094A0DFC089BABB8AAB3125BA4299035B94C9963BD01D3BB"
"tile_021038","REBUILD_BASE","C:\Users\pc\Documents\大创\prediction_rebuild\tile_021038\tile_021038_checked.odb","2026-07-24 10:32:12","C:\Users\pc\Documents\大创\prediction_rebuild\_wallman_check_database_worker_04_of_08.csv","8732","57DAF58876A57D2A5557B27C38703DF0F4EF7E9ED760203D54D641C1561777FE"
"tile_021130","REBUILD_BASE","C:\Users\pc\Documents\大创\prediction_rebuild\tile_021130\tile_021130_checked.odb","2026-07-24 10:32:17","C:\Users\pc\Documents\大创\prediction_rebuild\_wallman_check_database_worker_05_of_08.csv","52048","10D2E7CF3C9B9677A983864EE8B0FC3BA35231999B63183960ED0B22D6951327"
"tile_021174","REBUILD_BASE","C:\Users\pc\Documents\大创\prediction_rebuild\tile_021174\tile_021174_checked.odb","2026-07-24 10:32:28","C:\Users\pc\Documents\大创\prediction_rebuild\_wallman_check_database_worker_06_of_08.csv","263458","AFFADAA03296CEE23667509117DBF9831B987F93A49284249FCE367DCDE576BB"
"tile_021208","REBUILD_BASE","C:\Users\pc\Documents\大创\prediction_rebuild\tile_021208\tile_021208_checked.odb","2026-07-24 10:32:22","C:\Users\pc\Documents\大创\prediction_rebuild\_wallman_check_database_worker_07_of_08.csv","135626","638F188C4C3B352C3AE39F7991EE86F874C8B260573839D1A036B479C2CD99C2"
"tile_021334","REBUILD_GAP_1P0","C:\Users\pc\Documents\大创\prediction_rebuild_gap1\tile_021334\tile_021334_checked.odb","2026-07-24 10:47:15","C:\Users\pc\Documents\大创\prediction_rebuild_gap1\_wallman_check_database_worker_02_of_08.csv","648868","9A901F95DD6E022859A1448A70E89A04B5647C96FF3D472A4ED94B3E21DBB182"
"tile_021349","REBUILD_BASE","C:\Users\pc\Documents\大创\prediction_rebuild\tile_021349\tile_021349_checked.odb","2026-07-24 10:32:42","C:\Users\pc\Documents\大创\prediction_rebuild\_wallman_check_database_worker_01_of_08.csv","5600","EFA7969F1DB124FC4279C7D3D2889993D89047C9AE44D1A0162E18011D9D90BE"
"tile_021405","REBUILD_BASE","C:\Users\pc\Documents\大创\prediction_rebuild\tile_021405\tile_021405_checked.odb","2026-07-24 10:32:30","C:\Users\pc\Documents\大创\prediction_rebuild\_wallman_check_database_worker_02_of_08.csv","5488","270F9A9B38D1B4F7FD947A015DBD0425F8DDE9AE9D34ACD3A26DA21788155666"
"tile_021407","REBUILD_BASE","C:\Users\pc\Documents\大创\prediction_rebuild\tile_021407\tile_021407_checked.odb","2026-07-24 10:32:25","C:\Users\pc\Documents\大创\prediction_rebuild\_wallman_check_database_worker_03_of_08.csv","228698","014115D4CC3C49FBE058B03FA652ACF7F24DDEEB5165E6A90DEAD1AFCC585467"
"tile_021426","REBUILD_BASE","C:\Users\pc\Documents\大创\prediction_rebuild\tile_021426\tile_021426_checked.odb","2026-07-24 10:32:23","C:\Users\pc\Documents\大创\prediction_rebuild\_wallman_check_database_worker_04_of_08.csv","5848","F8C01BCBFA5547EC70285EAC3086741A111F7DB82BE027BC825B3787F5210638"
"tile_021430","REBUILD_BASE","C:\Users\pc\Documents\大创\prediction_rebuild\tile_021430\tile_021430_checked.odb","2026-07-24 10:32:29","C:\Users\pc\Documents\大创\prediction_rebuild\_wallman_check_database_worker_05_of_08.csv","5852","8995E325A30B0AB058E6291E88EB7F62685241C7F6632DE1ED2CDD5C813FBD0A"
"tile_021497","REBUILD_BASE","C:\Users\pc\Documents\大创\prediction_rebuild\tile_021497\tile_021497_checked.odb","2026-07-24 10:32:38","C:\Users\pc\Documents\大创\prediction_rebuild\_wallman_check_database_worker_06_of_08.csv","34744","60E5FBD1813CBC2AF7B44C8F5013D49DC2DF5EE15DBF396743C685ACFB58F749"
"tile_021543","DIRECT_RECHECK","C:\Users\pc\Documents\大创\prediction_recheck\tile_021543_checked_rechecked.odb","2026-07-24 10:09:23","C:\Users\pc\Documents\大创\prediction_recheck\_wallman_check_database_worker_01_of_08.csv","98746","273AC34BEDA1FD64DC61B781E0190C598B54CE167845B438808ACC1C28E9FD5E"
"tile_021549","REBUILD_BASE","C:\Users\pc\Documents\大创\prediction_rebuild\tile_021549\tile_021549_checked.odb","2026-07-24 10:32:33","C:\Users\pc\Documents\大创\prediction_rebuild\_wallman_check_database_worker_07_of_08.csv","5380","FF06B4C653C559404425829F087934454FD4CED99E43642EA15325F442DD5CBC"
"tile_021580","REBUILD_BASE","C:\Users\pc\Documents\大创\prediction_rebuild\tile_021580\tile_021580_checked.odb","2026-07-24 10:32:15","C:\Users\pc\Documents\大创\prediction_rebuild\_wallman_check_database_worker_08_of_08.csv","120264","30414AC87C26F14B47DB96DAD1B917A7CAFDC8D56F3A6EE09CF8C7B8439733AA"
"tile_021673","REBUILD_BASE","C:\Users\pc\Documents\大创\prediction_rebuild\tile_021673\tile_021673_checked.odb","2026-07-24 10:32:53","C:\Users\pc\Documents\大创\prediction_rebuild\_wallman_check_database_worker_01_of_08.csv","123512","C65F1F061E862CE70AB28D292FEA8DFB78701B46F00B01C2B69D666EA5524F1A"
"tile_021675","REBUILD_BASE","C:\Users\pc\Documents\大创\prediction_rebuild\tile_021675\tile_021675_checked.odb","2026-07-24 10:32:40","C:\Users\pc\Documents\大创\prediction_rebuild\_wallman_check_database_worker_02_of_08.csv","15280","1F32F2933BA663FB4F249759DFDAC81BBCF0E1C82D1EFF731832BA1C0E668A2E"
"tile_021679","REBUILD_POLYGON_FIX","C:\Users\pc\Documents\大创\prediction_rebuild_polygonfix\tile_021679\tile_021679_checked.odb","2026-07-24 10:59:50","C:\Users\pc\Documents\大创\prediction_rebuild_polygonfix\_wallman_check_database_worker_05_of_08.csv","92574","AE4C9B88A3E74D8505ED7869C380A1369DAB87B25FCD7FAF9CA3E51B394AE1DE"
"tile_021729","REBUILD_BASE","C:\Users\pc\Documents\大创\prediction_rebuild\tile_021729\tile_021729_checked.odb","2026-07-24 10:32:34","C:\Users\pc\Documents\大创\prediction_rebuild\_wallman_check_database_worker_04_of_08.csv","5428","905C24C49311E695B8FA3F5BF9C09403814846A512B1EE82A016E55AF113F48B"
"tile_021738","REBUILD_BASE","C:\Users\pc\Documents\大创\prediction_rebuild\tile_021738\tile_021738_checked.odb","2026-07-24 10:32:39","C:\Users\pc\Documents\大创\prediction_rebuild\_wallman_check_database_worker_05_of_08.csv","350562","A4ED7355E41E9A77181550A708C0B746E9759A436651EF3A7E34ACE0DD7BF522"
"tile_021740","REBUILD_POLYGON_FIX","C:\Users\pc\Documents\大创\prediction_rebuild_polygonfix\tile_021740\tile_021740_checked.odb","2026-07-24 10:59:55","C:\Users\pc\Documents\大创\prediction_rebuild_polygonfix\_wallman_check_database_worker_06_of_08.csv","5840","2A4BBBACFDB24A82EEDBD115987AF4C0DCE374382EF27E2E8BE04DFCDCB6A71C"
"tile_021808","REBUILD_BASE","C:\Users\pc\Documents\大创\prediction_rebuild\tile_021808\tile_021808_checked.odb","2026-07-24 10:32:43","C:\Users\pc\Documents\大创\prediction_rebuild\_wallman_check_database_worker_07_of_08.csv","117328","D0D5093907CCE0A1B24724CE427AD0B70BE1F0C619A9AE91B58AA109DCEB1C75"
"tile_022111","DIRECT_RECHECK","C:\Users\pc\Documents\大创\prediction_recheck\tile_022111_checked_rechecked.odb","2026-07-24 10:12:58","C:\Users\pc\Documents\大创\prediction_recheck\_wallman_check_database_worker_03_of_08.csv","59766","7E945E475F7C6B4C44A0117E72895439ED37D5B193F0B0CDFD8F1A28F52082FD"
"tile_022190","DIRECT_RECHECK","C:\Users\pc\Documents\大创\prediction_recheck\tile_022190_checked_rechecked.odb","2026-07-24 10:10:16","C:\Users\pc\Documents\大创\prediction_recheck\_wallman_check_database_worker_04_of_08.csv","516414","95E8F9C5679E77563E1C26B0BB952E714C59D725384BD84D89CD1ED4E179237E"
"tile_022191","REBUILD_BASE","C:\Users\pc\Documents\大创\prediction_rebuild\tile_022191\tile_022191_checked.odb","2026-07-24 10:32:26","C:\Users\pc\Documents\大创\prediction_rebuild\_wallman_check_database_worker_08_of_08.csv","421690","C0061CD2D8BDF02F118069D09E8EF903E5434644CD3764C2A5CAC9F4C1FC98B9"
"tile_022284","REBUILD_BASE","C:\Users\pc\Documents\大创\prediction_rebuild\tile_022284\tile_022284_checked.odb","2026-07-24 10:33:06","C:\Users\pc\Documents\大创\prediction_rebuild\_wallman_check_database_worker_01_of_08.csv","31536","6D7E055D6502FD19A6B66F712432DDFE1EBB79BF188D8CEA99342288B2D9301D"
"tile_022297","REBUILD_BASE","C:\Users\pc\Documents\大创\prediction_rebuild\tile_022297\tile_022297_checked.odb","2026-07-24 10:32:52","C:\Users\pc\Documents\大创\prediction_rebuild\_wallman_check_database_worker_02_of_08.csv","16848","93FECF230A8DC202AD2CCB24AEFD5E001540D090BBF0CED4CB227A6419C70FAC"
"tile_022365","DIRECT_RECHECK","C:\Users\pc\Documents\大创\prediction_recheck\tile_022365_checked_rechecked.odb","2026-07-24 10:10:18","C:\Users\pc\Documents\大创\prediction_recheck\_wallman_check_database_worker_08_of_08.csv","92314","8559A6FEBC61B1B554D71EBDDA2D0DED0EBC2F72328CEE135BE713CCEB1BE165"
"tile_022425","DIRECT_RECHECK","C:\Users\pc\Documents\大创\prediction_recheck\tile_022425_checked_rechecked.odb","2026-07-24 10:10:07","C:\Users\pc\Documents\大创\prediction_recheck\_wallman_check_database_worker_01_of_08.csv","94096","2BA65A54098D15F01547DF7FC652664714DD949CF07EA33F922D61111793E5F5"
"tile_022775","REBUILD_BASE","C:\Users\pc\Documents\大创\prediction_rebuild\tile_022775\tile_022775_checked.odb","2026-07-24 10:32:45","C:\Users\pc\Documents\大创\prediction_rebuild\_wallman_check_database_worker_03_of_08.csv","36172","8E41FDC03E48C3E936F45397974F3049D6B7390696D279F9274C52EBBB079995"
"tile_022804","DIRECT_RECHECK","C:\Users\pc\Documents\大创\prediction_recheck\tile_022804_checked_rechecked.odb","2026-07-24 10:13:03","C:\Users\pc\Documents\大创\prediction_recheck\_wallman_check_database_worker_03_of_08.csv","66358","27609D3C52F9625F095A45CF25D265418BF90889CD7305476176198133A25897"
"tile_022806","DIRECT_RECHECK","C:\Users\pc\Documents\大创\prediction_recheck\tile_022806_checked_rechecked.odb","2026-07-24 10:10:32","C:\Users\pc\Documents\大创\prediction_recheck\_wallman_check_database_worker_04_of_08.csv","118814","9A26763B35C0635B4711290EBEBD97022426A448AD08CA786965B550965F0FAB"
"tile_023030","DIRECT_RECHECK","C:\Users\pc\Documents\大创\prediction_recheck\tile_023030_checked_rechecked.odb","2026-07-24 10:14:08","C:\Users\pc\Documents\大创\prediction_recheck\_wallman_check_database_worker_05_of_08.csv","174318","8DEF14F94E279FFB868F4C143953F98390AB771590F0B1FB1F1231A8FAD3C7F6"
"tile_023111","REBUILD_BASE","C:\Users\pc\Documents\大创\prediction_rebuild\tile_023111\tile_023111_checked.odb","2026-07-24 10:32:44","C:\Users\pc\Documents\大创\prediction_rebuild\_wallman_check_database_worker_04_of_08.csv","215866","23DB7746EFE50FD0EF0FC1F6A99A5DFB51F59BCDB34CD58DF24F381414972B8D"
"tile_023163","REBUILD_BASE","C:\Users\pc\Documents\大创\prediction_rebuild\tile_023163\tile_023163_checked.odb","2026-07-24 10:32:50","C:\Users\pc\Documents\大创\prediction_rebuild\_wallman_check_database_worker_05_of_08.csv","69318","2C34C1F54DD4275DA7B4B5612A0EDD338CA4D64E70A7DE99BB824F3E011D6839"
"tile_023325","REBUILD_BASE","C:\Users\pc\Documents\大创\prediction_rebuild\tile_023325\tile_023325_checked.odb","2026-07-24 10:33:01","C:\Users\pc\Documents\大创\prediction_rebuild\_wallman_check_database_worker_06_of_08.csv","16076","65EF2A6BE3618257D69C693D7E5471C4E77980ED95FDE125A7C083C9B23480AC"
"tile_023330","DIRECT_RECHECK","C:\Users\pc\Documents\大创\prediction_recheck\tile_023330_checked_rechecked.odb","2026-07-24 10:10:26","C:\Users\pc\Documents\大创\prediction_recheck\_wallman_check_database_worker_01_of_08.csv","404094","8BAF2FB3008E8AA9C060909BB10806317779AFC38BF01E39D9C1BF2A6374E1F8"
"tile_023348","REBUILD_BASE","C:\Users\pc\Documents\大创\prediction_rebuild\tile_023348\tile_023348_checked.odb","2026-07-24 10:32:55","C:\Users\pc\Documents\大创\prediction_rebuild\_wallman_check_database_worker_07_of_08.csv","206060","5FE72EAB7E081292D44830CC36EF96856CB8D61B3C37933D100F982619A14018"
"tile_023384","REBUILD_BASE","C:\Users\pc\Documents\大创\prediction_rebuild\tile_023384\tile_023384_checked.odb","2026-07-24 10:32:36","C:\Users\pc\Documents\大创\prediction_rebuild\_wallman_check_database_worker_08_of_08.csv","5632","A50F29AE58182EBC756A9BE085DA1FE6369C196247B1EA564D4ADA8A9A273438"
"tile_023417","DIRECT_RECHECK","C:\Users\pc\Documents\大创\prediction_recheck\tile_023417_checked_rechecked.odb","2026-07-24 10:10:48","C:\Users\pc\Documents\大创\prediction_recheck\_wallman_check_database_worker_04_of_08.csv","333118","F7CCB8D40B6CCB9D353A2FD3C79F6A6D0E5CB4E1D8FB5BBE303A8D7584F8F2AF"
"tile_023466","REBUILD_BASE","C:\Users\pc\Documents\大创\prediction_rebuild\tile_023466\tile_023466_checked.odb","2026-07-24 10:33:18","C:\Users\pc\Documents\大创\prediction_rebuild\_wallman_check_database_worker_01_of_08.csv","239664","345E3B579876B42A6658DF8891312519B661A6D829E9D2D4C00DC23D7EEAF427"
"tile_023549","REBUILD_BASE","C:\Users\pc\Documents\大创\prediction_rebuild\tile_023549\tile_023549_checked.odb","2026-07-24 10:33:02","C:\Users\pc\Documents\大创\prediction_rebuild\_wallman_check_database_worker_02_of_08.csv","428256","7247A51E1C501CFFCA2674D070DCA311398B11FE508D6E48A1D68EFAA3CD172C"
"tile_023628","DIRECT_RECHECK","C:\Users\pc\Documents\大创\prediction_recheck\tile_023628_checked_rechecked.odb","2026-07-24 10:10:25","C:\Users\pc\Documents\大创\prediction_recheck\_wallman_check_database_worker_07_of_08.csv","81806","496E3AAB972863CBA0D46A21351AF11DEA88E1C0F14C84DC04549DA0F0B13DC9"
"tile_023731","REBUILD_BASE","C:\Users\pc\Documents\大创\prediction_rebuild\tile_023731\tile_023731_checked.odb","2026-07-24 10:32:58","C:\Users\pc\Documents\大创\prediction_rebuild\_wallman_check_database_worker_03_of_08.csv","120358","28D5E6E3952FB509448663CF89384D046C5BA4D63412D2BB3467E8268A5FE331"
"tile_023760","REBUILD_BASE","C:\Users\pc\Documents\大创\prediction_rebuild\tile_023760\tile_023760_checked.odb","2026-07-24 10:32:56","C:\Users\pc\Documents\大创\prediction_rebuild\_wallman_check_database_worker_04_of_08.csv","49384","D42A01815B7B778872E9F82CDFC3DAAA03EF3EC36B767FAD50101B815F270A58"
"tile_023871","REBUILD_BASE","C:\Users\pc\Documents\大创\prediction_rebuild\tile_023871\tile_023871_checked.odb","2026-07-24 10:33:05","C:\Users\pc\Documents\大创\prediction_rebuild\_wallman_check_database_worker_05_of_08.csv","629352","A7ED650E3D349CB3A57BC8A493671FE2C0D9E534518BF533BBCD7A02E07D9BA5"
"tile_023873","DIRECT_RECHECK","C:\Users\pc\Documents\大创\prediction_recheck\tile_023873_checked_rechecked.odb","2026-07-24 10:13:20","C:\Users\pc\Documents\大创\prediction_recheck\_wallman_check_database_worker_03_of_08.csv","119170","4C364DA39005F8CCC1C500558F1EDC67FF81480C14BEA0C192E41037FC4FCEB1"
"tile_023891","REBUILD_POLYGON_FIX","C:\Users\pc\Documents\大创\prediction_rebuild_polygonfix\tile_023891\tile_023891_checked.odb","2026-07-24 10:59:49","C:\Users\pc\Documents\大创\prediction_rebuild_polygonfix\_wallman_check_database_worker_07_of_08.csv","5404","EF96AB496194135EA4BEDCD352135DC3D2B1ED46EB2953B78A6099FFA24872F5"
"tile_024008","DIRECT_RECHECK","C:\Users\pc\Documents\大创\prediction_recheck\tile_024008_checked_rechecked.odb","2026-07-24 10:14:14","C:\Users\pc\Documents\大创\prediction_recheck\_wallman_check_database_worker_05_of_08.csv","196450","BFD2822E40615099B70B27A30741C170D3579E15F241363E5FD60C73A6CEB123"
"tile_024195","REBUILD_BASE","C:\Users\pc\Documents\大创\prediction_rebuild\tile_024195\tile_024195_checked.odb","2026-07-24 10:33:08","C:\Users\pc\Documents\大创\prediction_rebuild\_wallman_check_database_worker_07_of_08.csv","5428","ACC7A29119FCE28C4982F6C3F4530C14765A570F76BBF61E87DCBF61BEB9276E"
"tile_024309","REBUILD_BASE","C:\Users\pc\Documents\大创\prediction_rebuild\tile_024309\tile_024309_checked.odb","2026-07-24 10:32:47","C:\Users\pc\Documents\大创\prediction_rebuild\_wallman_check_database_worker_08_of_08.csv","447514","D7D2A69F7B4D26CFB5E52D3C835493C12BD0E752FFE5CD87D2D50A6C1C8C9A7C"
"tile_024347","REBUILD_BASE","C:\Users\pc\Documents\大创\prediction_rebuild\tile_024347\tile_024347_checked.odb","2026-07-24 10:33:29","C:\Users\pc\Documents\大创\prediction_rebuild\_wallman_check_database_worker_01_of_08.csv","227008","6064A496F384624110B7BEFA8754D7F32434903602A3E8F0310BBC3B7F8D1A93"
"tile_024375","DIRECT_RECHECK","C:\Users\pc\Documents\大创\prediction_recheck\tile_024375_checked_rechecked.odb","2026-07-24 10:10:55","C:\Users\pc\Documents\大创\prediction_recheck\_wallman_check_database_worker_01_of_08.csv","489098","4ED85BE0E015128F9E07A1DE4BC5B152B9CF09BEAD2EAA6CDA89D591B13FB9B8"
"tile_024438","REBUILD_BASE","C:\Users\pc\Documents\大创\prediction_rebuild\tile_024438\tile_024438_checked.odb","2026-07-24 10:33:15","C:\Users\pc\Documents\大创\prediction_rebuild\_wallman_check_database_worker_02_of_08.csv","34892","AB5BC32FB9DC8A4BA74F79F2FF4DB283BC473074F8CB50AE9305BB51E7C02546"
"tile_024538","REBUILD_BASE","C:\Users\pc\Documents\大创\prediction_rebuild\tile_024538\tile_024538_checked.odb","2026-07-24 10:33:10","C:\Users\pc\Documents\大创\prediction_rebuild\_wallman_check_database_worker_03_of_08.csv","5768","196BF7C97001C881D5C456A7665FEF3C569EFEE299DBFC0560B1FC35CD84A015"
"tile_024869","REBUILD_BASE","C:\Users\pc\Documents\大创\prediction_rebuild\tile_024869\tile_024869_checked.odb","2026-07-24 10:33:09","C:\Users\pc\Documents\大创\prediction_rebuild\_wallman_check_database_worker_04_of_08.csv","268390","4FF0DBDCC28F8B48F5DDC58150E8FD42E251CAC9B5B399FBDC71A3E173B4CD66"
"tile_024893","DIRECT_RECHECK","C:\Users\pc\Documents\大创\prediction_recheck\tile_024893_checked_rechecked.odb","2026-07-24 10:14:16","C:\Users\pc\Documents\大创\prediction_recheck\_wallman_check_database_worker_05_of_08.csv","138586","D506128365B412E8AA3456FE7C6FEE5547F4F29D42EF0E68D0FE5BB66EDF271F"
"tile_024930","REBUILD_GAP_0P2","C:\Users\pc\Documents\大创\prediction_rebuild_strong\tile_024930\tile_024930_checked.odb","2026-07-24 10:44:25","C:\Users\pc\Documents\大创\prediction_rebuild_strong\_wallman_check_database_worker_05_of_08.csv","304528","D39D01AF60ECFC312FFFD457A2616782381C4DCBE9883A6153FDF8E704DF43F1"
"tile_024948","REBUILD_BASE","C:\Users\pc\Documents\大创\prediction_rebuild\tile_024948\tile_024948_checked.odb","2026-07-24 10:33:24","C:\Users\pc\Documents\大创\prediction_rebuild\_wallman_check_database_worker_06_of_08.csv","5740","E7AB82E6D7E11FDEF4422E4DCB54021B5715191A8CC5599D4427C8F3C53BF7F3"
"tile_024957","DIRECT_RECHECK","C:\Users\pc\Documents\大创\prediction_recheck\tile_024957_checked_rechecked.odb","2026-07-24 10:11:18","C:\Users\pc\Documents\大创\prediction_recheck\_wallman_check_database_worker_08_of_08.csv","600698","0C39E4FFC43E9AF91A3F5F22AACCCF42AA89EDA049A2E92E4AD231A3A5036952"
"tile_025155","REBUILD_BASE","C:\Users\pc\Documents\大创\prediction_rebuild\tile_025155\tile_025155_checked.odb","2026-07-24 10:33:19","C:\Users\pc\Documents\大创\prediction_rebuild\_wallman_check_database_worker_07_of_08.csv","145612","4434D72DD9C39079542CF553588988EE5E13071B57CB800EC8CB9958052CE4BD"
"tile_025265","REBUILD_BASE","C:\Users\pc\Documents\大创\prediction_rebuild\tile_025265\tile_025265_checked.odb","2026-07-24 10:32:59","C:\Users\pc\Documents\大创\prediction_rebuild\_wallman_check_database_worker_08_of_08.csv","46368","6CD29107CD58A7F5A6FB1A23C9D5BDEE3BF961B960A6582704D7DBE184B8D58C"
"tile_025272","DIRECT_RECHECK","C:\Users\pc\Documents\大创\prediction_recheck\tile_025272_checked_rechecked.odb","2026-07-24 10:13:28","C:\Users\pc\Documents\大创\prediction_recheck\_wallman_check_database_worker_03_of_08.csv","96776","DF0F470AF51A5CE5CC458FB1E6CE2A621F48339B0DE817EFD02D186AE4AE58C6"
"tile_025370","REBUILD_BASE","C:\Users\pc\Documents\大创\prediction_rebuild\tile_025370\tile_025370_checked.odb","2026-07-24 10:33:37","C:\Users\pc\Documents\大创\prediction_rebuild\_wallman_check_database_worker_01_of_08.csv","18932","7F046BBBAA38E81620C1B74F9AA4A6D1E54FE1162DC65D0C0402F601C2C028CD"
"tile_025446","REBUILD_BASE","C:\Users\pc\Documents\大创\prediction_rebuild\tile_025446\tile_025446_checked.odb","2026-07-24 10:33:26","C:\Users\pc\Documents\大创\prediction_rebuild\_wallman_check_database_worker_02_of_08.csv","111934","2FEC2975FF58ACA23324BB924D9D995F9B9B1BB0EF608C18B160D1923B0FB037"
"tile_025466","REBUILD_BASE","C:\Users\pc\Documents\大创\prediction_rebuild\tile_025466\tile_025466_checked.odb","2026-07-24 10:33:22","C:\Users\pc\Documents\大创\prediction_rebuild\_wallman_check_database_worker_03_of_08.csv","8652","A7E057304D27EB148D54E85BB5DEE1F159F2833FCF2ABCCDBA2DF3643620C608"
"tile_025516","REBUILD_BASE","C:\Users\pc\Documents\大创\prediction_rebuild\tile_025516\tile_025516_checked.odb","2026-07-24 10:33:20","C:\Users\pc\Documents\大创\prediction_rebuild\_wallman_check_database_worker_04_of_08.csv","5624","D5D80FD56C748B8078C225D03E56F0BFA91E43EB60D586BA9CC406243E0AD9DB"
"tile_025550","REBUILD_BASE","C:\Users\pc\Documents\大创\prediction_rebuild\tile_025550\tile_025550_checked.odb","2026-07-24 10:33:27","C:\Users\pc\Documents\大创\prediction_rebuild\_wallman_check_database_worker_05_of_08.csv","359158","1A373222CFC71D0606EFB9A1BD49F162D431C351B07932FCDEC9CBE166F30F58"
"tile_025655","REBUILD_BASE","C:\Users\pc\Documents\大创\prediction_rebuild\tile_025655\tile_025655_checked.odb","2026-07-24 10:33:34","C:\Users\pc\Documents\大创\prediction_rebuild\_wallman_check_database_worker_06_of_08.csv","5552","C5722C8C4B68B98853A4031759AE228FDC69DDD32111913A9FF3881E149DBA47"
"tile_025706","DIRECT_RECHECK","C:\Users\pc\Documents\大创\prediction_recheck\tile_025706_checked_rechecked.odb","2026-07-24 10:11:46","C:\Users\pc\Documents\大创\prediction_recheck\_wallman_check_database_worker_02_of_08.csv","90890","17A137982264F6586D515CBEDC039A873CED4E84EAFA42106C3114766182E078"
"tile_025722","REBUILD_BASE","C:\Users\pc\Documents\大创\prediction_rebuild\tile_025722\tile_025722_checked.odb","2026-07-24 10:33:30","C:\Users\pc\Documents\大创\prediction_rebuild\_wallman_check_database_worker_07_of_08.csv","95656","0F79B63F46C03AC18A26B46A1CC7EB9BC1727139DCBBFAB953E8F53B70B2F06E"
"tile_025770","REBUILD_BASE","C:\Users\pc\Documents\大创\prediction_rebuild\tile_025770\tile_025770_checked.odb","2026-07-24 10:33:12","C:\Users\pc\Documents\大创\prediction_rebuild\_wallman_check_database_worker_08_of_08.csv","25440","D590070A6B295425019684BE1871C016B14AABA642AAACD84FD69B21407A8992"
"tile_025990","REBUILD_BASE","C:\Users\pc\Documents\大创\prediction_rebuild\tile_025990\tile_025990_checked.odb","2026-07-24 10:33:44","C:\Users\pc\Documents\大创\prediction_rebuild\_wallman_check_database_worker_01_of_08.csv","81114","F93344FD87C63A45448B59C435E03CF5984B0F8F95B2CC22C6B63A947C1D2093"
"tile_026120","DIRECT_RECHECK","C:\Users\pc\Documents\大创\prediction_recheck\tile_026120_checked_rechecked.odb","2026-07-24 10:11:43","C:\Users\pc\Documents\大创\prediction_recheck\_wallman_check_database_worker_06_of_08.csv","38632","E1113286EB80BF06EF8A68404401E3F6279D60D4128EEB41A98259BFF5BE62A6"
"tile_026205","REBUILD_BASE","C:\Users\pc\Documents\大创\prediction_rebuild\tile_026205\tile_026205_checked.odb","2026-07-24 10:33:35","C:\Users\pc\Documents\大创\prediction_rebuild\_wallman_check_database_worker_02_of_08.csv","43208","D22A9C1375178BB81E2EFF2A3F8E188DC970070AF36A5950D18E0012768A4B6C"
"tile_026244","REBUILD_BASE","C:\Users\pc\Documents\大创\prediction_rebuild\tile_026244\tile_026244_checked.odb","2026-07-24 10:33:32","C:\Users\pc\Documents\大创\prediction_rebuild\_wallman_check_database_worker_03_of_08.csv","218794","42E8A96B042C79FEF48C1672568C057E63DC04A2E83D1883BCD7EF3AB4CE1822"
"tile_026354","REBUILD_BASE","C:\Users\pc\Documents\大创\prediction_rebuild\tile_026354\tile_026354_checked.odb","2026-07-24 10:33:31","C:\Users\pc\Documents\大创\prediction_rebuild\_wallman_check_database_worker_04_of_08.csv","5332","D5FCB0AA775A8F76AC10F28ECA230994629E986657861DB201A397AABBED040A"
"tile_026436","DIRECT_RECHECK","C:\Users\pc\Documents\大创\prediction_recheck\tile_026436_checked_rechecked.odb","2026-07-24 10:11:57","C:\Users\pc\Documents\大创\prediction_recheck\_wallman_check_database_worker_02_of_08.csv","108274","D44AE2B726EE1F38033CA856F719DAA4A745210ED869B352274B0F9FA5EBA5A5"
"tile_026727","REBUILD_BASE","C:\Users\pc\Documents\大创\prediction_rebuild\tile_026727\tile_026727_checked.odb","2026-07-24 10:33:36","C:\Users\pc\Documents\大创\prediction_rebuild\_wallman_check_database_worker_05_of_08.csv","70788","A94AB3284D7C909F4249EF1C15187F075571FAE5086AEB8BE18C3C55AA94BA27"
"tile_026761","REBUILD_GAP_1P0","C:\Users\pc\Documents\大创\prediction_rebuild_gap1\tile_026761\tile_026761_checked.odb","2026-07-24 10:47:18","C:\Users\pc\Documents\大创\prediction_rebuild_gap1\_wallman_check_database_worker_06_of_08.csv","251874","1A681BE37A60C028F2DF54BA7101B52A46C4A5141BD58D1C00B63F5BC5FE3DDE"
"tile_026790","REBUILD_BASE","C:\Users\pc\Documents\大创\prediction_rebuild\tile_026790\tile_026790_checked.odb","2026-07-24 10:33:38","C:\Users\pc\Documents\大创\prediction_rebuild\_wallman_check_database_worker_07_of_08.csv","38436","222FE835DB692226EFF949DC75A90652EF64ADD73AC4DA0FB9134EA69F221EAC"
"tile_026813","REBUILD_BASE","C:\Users\pc\Documents\大创\prediction_rebuild\tile_026813\tile_026813_checked.odb","2026-07-24 10:33:23","C:\Users\pc\Documents\大创\prediction_rebuild\_wallman_check_database_worker_08_of_08.csv","88668","A2845DE6F124D7177CA91F558C7A3E1985CB2DBEE2DE25188F02D9951F608CDA"
"tile_026828","REBUILD_BASE","C:\Users\pc\Documents\大创\prediction_rebuild\tile_026828\tile_026828_checked.odb","2026-07-24 10:33:46","C:\Users\pc\Documents\大创\prediction_rebuild\_wallman_check_database_worker_01_of_08.csv","5440","712EFCD575A15CE6B3023394983DEFA735F461A787A930D8BC6EA368AB72073F"
"tile_026844","REBUILD_BASE","C:\Users\pc\Documents\大创\prediction_rebuild\tile_026844\tile_026844_checked.odb","2026-07-24 10:33:42","C:\Users\pc\Documents\大创\prediction_rebuild\_wallman_check_database_worker_02_of_08.csv","134598","CEFFBBED2D7DBBCCA5CC0FE4E4B2B49B67D9B3F46C49BA46E06FBD47B06465D5"
"tile_026860","REBUILD_BASE","C:\Users\pc\Documents\大创\prediction_rebuild\tile_026860\tile_026860_checked.odb","2026-07-24 10:33:41","C:\Users\pc\Documents\大创\prediction_rebuild\_wallman_check_database_worker_03_of_08.csv","76824","867784D1571A63DB3F54B49F31A93FB68D98ECD25D9AE39D68AE96D6F01DFC93"
"tile_026945","REBUILD_BASE","C:\Users\pc\Documents\大创\prediction_rebuild\tile_026945\tile_026945_checked.odb","2026-07-24 10:33:40","C:\Users\pc\Documents\大创\prediction_rebuild\_wallman_check_database_worker_04_of_08.csv","5888","2CDFCEA370E444C2F9EA63C325D7DA3A0757551E104BDB186F6E5F76A3D5FCF9"
"tile_027110","DIRECT_RECHECK","C:\Users\pc\Documents\大创\prediction_recheck\tile_027110_checked_rechecked.odb","2026-07-24 10:13:40","C:\Users\pc\Documents\大创\prediction_recheck\_wallman_check_database_worker_03_of_08.csv","392080","5B7F058DED1C56E32289C4BC862BC9C98938A6D4551C1AB9AAF5897EA344E2A6"
"tile_027181","REBUILD_BASE","C:\Users\pc\Documents\大创\prediction_rebuild\tile_027181\tile_027181_checked.odb","2026-07-24 10:33:43","C:\Users\pc\Documents\大创\prediction_rebuild\_wallman_check_database_worker_05_of_08.csv","256250","C05EF58F6F400D0C5E820002A9E9C2FF05F542D714426B9E6591A2ACE0EF5130"
"tile_027257","REBUILD_BASE","C:\Users\pc\Documents\大创\prediction_rebuild\tile_027257\tile_027257_checked.odb","2026-07-24 10:33:48","C:\Users\pc\Documents\大创\prediction_rebuild\_wallman_check_database_worker_06_of_08.csv","269636","CA37A8D1A9A3A3181D4A693F3528E41BC23AAC5E8D0F3B7F0A15F3AFA9F6C2DD"
"tile_027295","REBUILD_BASE","C:\Users\pc\Documents\大创\prediction_rebuild\tile_027295\tile_027295_checked.odb","2026-07-24 10:33:45","C:\Users\pc\Documents\大创\prediction_rebuild\_wallman_check_database_worker_07_of_08.csv","6404","A2BA6924E1C1C9CDA4CF21F9C79A93BD55F52DFFAEBE89B6F677A4AEC574FB4E"
