VERSION	2020-38079
DATE	2026-07-22, 18:43:49 (+0800)
ANTENNA 1	NAME	Antenna
ANTENNA 1	LOCATION	445178.970 4368134.960 26.000
ANTENNA 1	FREQUENCY	3500.000
ANTENNA 1	POWER	1.000 W Output
ANTENNA 1	ANTENNATYPE	SECTOR
ANTENNA 1	PATTERN	D:\×ÀÃæ\dac\antenna_patterns\random_sector_h65_v8_g6p3dBi_az094
ANTENNA 1	HORIZONTAL	94.000
ANTENNA 1	VERTICAL	10.000
LOWER_LEFT	444928.00000000 4367884.00000000
UPPER_RIGHT	445440.00000000 4368396.00000000
HEIGHT	2.000
TIME_STEP	0.000
RESOLUTION	4.00000000

BEGIN_DATA
444930.00000 4367886.00000 -119.3910
444930.00000 4367890.00000 -119.3883
444930.00000 4367894.00000 -119.3304
444930.00000 4367898.00000 -119.1499
444930.00000 4367902.00000 -118.9878
444930.00000 4367906.00000 -118.8597
444930.00000 4367910.00000 -118.6744
444930.00000 4367914.00000 -118.2726
444930.00000 4367918.00000 -117.6967
444930.00000 4367922.00000 -117.2244
444930.00000 4367926.00000 -116.9420
444930.00000 4367930.00000 -116.8361
444930.00000 4367934.00000 -116.7648
444930.00000 4367938.00000 -116.7106
444930.00000 4367942.00000 -116.6029
444930.00000 4367946.00000 -116.4226
444930.00000 4367950.00000 -116.3229
444930.00000 4367954.00000 -116.3986
444930.00000 4367958.00000 -116.6507
444930.00000 4367962.00000 -116.6973
444930.00000 4367966.00000 -116.7444
444930.00000 4367970.00000 -116.8649
444930.00000 4367974.00000 -117.1059
444930.00000 4367978.00000 -117.1095
444930.00000 4367982.00000 -117.0030
444930.00000 4367986.00000 -117.0337
444930.00000 4367990.00000 -117.2557
444930.00000 4367994.00000 -117.4057
444930.00000 4367998.00000 -117.3431
444930.00000 4368002.00000 -117.2849
444930.00000 4368006.00000 -117.2580
444930.00000 4368010.00000 -117.1818
444930.00000 4368014.00000 -117.0698
444930.00000 4368018.00000 -117.0206
444930.00000 4368022.00000 -117.7487
444930.00000 4368026.00000 -118.3831
444930.00000 4368030.00000 -118.5483
444930.00000 4368034.00000 -118.4498
444930.00000 4368038.00000 -118.0533
444930.00000 4368042.00000 -117.2147
444930.00000 4368046.00000 -116.2079
444930.00000 4368050.00000 -115.5281
444930.00000 4368054.00000 -115.6692
444930.00000 4368058.00000 -115.7726
444930.00000 4368062.00000 -116.1741
444930.00000 4368066.00000 -117.0744
444930.00000 4368070.00000 -118.0051
444930.00000 4368074.00000 -118.3091
444930.00000 4368078.00000 -118.4967
444930.00000 4368082.00000 N.C.
444930.00000 4368086.00000 N.C.
444930.00000 4368090.00000 N.C.
444930.00000 4368094.00000 N.C.
444930.00000 4368098.00000 N.C.
444930.00000 4368102.00000 -120.4183
444930.00000 4368106.00000 -120.4326
444930.00000 4368110.00000 -119.8686
444930.00000 4368114.00000 -119.9381
444930.00000 4368118.00000 -119.7269
444930.00000 4368122.00000 -119.4994
444930.00000 4368126.00000 -119.4800
444930.00000 4368130.00000 -119.8868
444930.00000 4368134.00000 -120.2495
444930.00000 4368138.00000 -119.9690
444930.00000 4368142.00000 -119.6811
444930.00000 4368146.00000 -119.4199
444930.00000 4368150.00000 -119.4631
444930.00000 4368154.00000 -119.9380
444930.00000 4368158.00000 -120.2169
444930.00000 4368162.00000 N.C.
444930.00000 4368166.00000 N.C.
444930.00000 4368170.00000 -115.4422
444930.00000 4368174.00000 -115.3987
444930.00000 4368178.00000 N.C.
444930.00000 4368182.00000 -128.6281
444930.00000 4368186.00000 N.C.
444930.00000 4368190.00000 -125.3756
444930.00000 4368194.00000 N.C.
444930.00000 4368198.00000 N.C.
444930.00000 4368202.00000 N.C.
444930.00000 4368206.00000 N.C.
444930.00000 4368210.00000 -118.7794
444930.00000 4368214.00000 -117.5959
444930.00000 4368218.00000 -118.2218
444930.00000 4368222.00000 -118.3670
444930.00000 4368226.00000 N.C.
444930.00000 4368230.00000 -122.0950
444930.00000 4368234.00000 N.C.
444930.00000 4368238.00000 N.C.
444930.00000 4368242.00000 -119.0334
444930.00000 4368246.00000 -119.3940
444930.00000 4368250.00000 -120.1750
444930.00000 4368254.00000 -121.0586
444930.00000 4368258.00000 -121.5265
444930.00000 4368262.00000 -121.0619
444930.00000 4368266.00000 -120.4906
444930.00000 4368270.00000 -120.3209
444930.00000 4368274.00000 -120.8255
444930.00000 4368278.00000 -121.2900
444930.00000 4368282.00000 -122.7890
444930.00000 4368286.00000 -123.2604
444930.00000 4368290.00000 -123.5224
444930.00000 4368294.00000 N.C.
444930.00000 4368298.00000 N.C.
444930.00000 4368302.00000 N.C.
444930.00000 4368306.00000 -120.8408
444930.00000 4368310.00000 N.C.
444930.00000 4368314.00000 -124.0700
444930.00000 4368318.00000 N.C.
444930.00000 4368322.00000 -120.8576
444930.00000 4368326.00000 -120.1135
444930.00000 4368330.00000 -118.9279
444930.00000 4368334.00000 N.C.
444930.00000 4368338.00000 N.C.
444930.00000 4368342.00000 N.C.
444930.00000 4368346.00000 N.C.
444930.00000 4368350.00000 -125.0074
444930.00000 4368354.00000 N.C.
444930.00000 4368358.00000 N.C.
444930.00000 4368362.00000 N.C.
444930.00000 4368366.00000 -123.6639
444930.00000 4368370.00000 -122.9409
444930.00000 4368374.00000 -121.5420
444930.00000 4368378.00000 -121.2858
444930.00000 4368382.00000 -120.9318
444930.00000 4368386.00000 -120.4947
444930.00000 4368390.00000 -119.7964
444930.00000 4368394.00000 -119.4781
444934.00000 4367886.00000 -119.2973
444934.00000 4367890.00000 -119.3135
444934.00000 4367894.00000 -119.2934
444934.00000 4367898.00000 -119.1780
444934.00000 4367902.00000 -119.0392
444934.00000 4367906.00000 -118.8781
444934.00000 4367910.00000 -118.7302
444934.00000 4367914.00000 -118.4030
444934.00000 4367918.00000 -117.9923
444934.00000 4367922.00000 -117.4650
444934.00000 4367926.00000 -117.0742
444934.00000 4367930.00000 -116.8742
444934.00000 4367934.00000 -116.7463
444934.00000 4367938.00000 -116.6956
444934.00000 4367942.00000 -116.5667
444934.00000 4367946.00000 -116.4861
444934.00000 4367950.00000 -116.3871
444934.00000 4367954.00000 -116.3471
444934.00000 4367958.00000 -116.4540
444934.00000 4367962.00000 -116.5522
444934.00000 4367966.00000 -116.6118
444934.00000 4367970.00000 -116.7114
444934.00000 4367974.00000 -116.8497
444934.00000 4367978.00000 -116.9304
444934.00000 4367982.00000 -116.9425
444934.00000 4367986.00000 -116.9394
444934.00000 4367990.00000 -117.0948
444934.00000 4367994.00000 -117.1885
444934.00000 4367998.00000 -117.2347
444934.00000 4368002.00000 -117.1869
444934.00000 4368006.00000 -117.1985
444934.00000 4368010.00000 -117.1302
444934.00000 4368014.00000 -117.0382
444934.00000 4368018.00000 -116.9415
444934.00000 4368022.00000 -117.4152
444934.00000 4368026.00000 -118.0061
444934.00000 4368030.00000 -118.3367
444934.00000 4368034.00000 -118.3348
444934.00000 4368038.00000 -118.0935
444934.00000 4368042.00000 -117.1884
444934.00000 4368046.00000 -116.3165
444934.00000 4368050.00000 -115.5260
444934.00000 4368054.00000 -115.5982
444934.00000 4368058.00000 -115.6506
444934.00000 4368062.00000 -115.9635
444934.00000 4368066.00000 -116.7926
444934.00000 4368070.00000 -117.7634
444934.00000 4368074.00000 -118.2778
444934.00000 4368078.00000 -118.5260
444934.00000 4368082.00000 -118.3801
444934.00000 4368086.00000 N.C.
444934.00000 4368090.00000 N.C.
444934.00000 4368094.00000 N.C.
444934.00000 4368098.00000 -120.7763
444934.00000 4368102.00000 -120.7792
444934.00000 4368106.00000 -120.6742
444934.00000 4368110.00000 -120.0586
444934.00000 4368114.00000 -120.0232
444934.00000 4368118.00000 -119.7911
444934.00000 4368122.00000 -119.4893
444934.00000 4368126.00000 -119.4940
444934.00000 4368130.00000 -119.9544
444934.00000 4368134.00000 -120.5030
444934.00000 4368138.00000 -120.2408
444934.00000 4368142.00000 -119.9452
444934.00000 4368146.00000 -119.5722
444934.00000 4368150.00000 -119.5708
444934.00000 4368154.00000 -119.9877
444934.00000 4368158.00000 -120.2135
444934.00000 4368162.00000 N.C.
444934.00000 4368166.00000 N.C.
444934.00000 4368170.00000 -115.2831
444934.00000 4368174.00000 -115.2746
444934.00000 4368178.00000 -119.8654
444934.00000 4368182.00000 N.C.
444934.00000 4368186.00000 N.C.
444934.00000 4368190.00000 N.C.
444934.00000 4368194.00000 N.C.
444934.00000 4368198.00000 -117.1533
444934.00000 4368202.00000 N.C.
444934.00000 4368206.00000 -119.3499
444934.00000 4368210.00000 -118.5229
444934.00000 4368214.00000 -117.5196
444934.00000 4368218.00000 -117.7338
444934.00000 4368222.00000 N.C.
444934.00000 4368226.00000 N.C.
444934.00000 4368230.00000 -120.8750
444934.00000 4368234.00000 N.C.
444934.00000 4368238.00000 N.C.
444934.00000 4368242.00000 -119.4356
444934.00000 4368246.00000 -119.3808
444934.00000 4368250.00000 -120.0530
444934.00000 4368254.00000 -121.0719
444934.00000 4368258.00000 -121.5653
444934.00000 4368262.00000 -121.2787
444934.00000 4368266.00000 -120.7404
444934.00000 4368270.00000 -120.5168
444934.00000 4368274.00000 -120.9428
444934.00000 4368278.00000 -121.2498
444934.00000 4368282.00000 N.C.
444934.00000 4368286.00000 N.C.
444934.00000 4368290.00000 -123.5787
444934.00000 4368294.00000 N.C.
444934.00000 4368298.00000 N.C.
444934.00000 4368302.00000 N.C.
444934.00000 4368306.00000 N.C.
444934.00000 4368310.00000 N.C.
444934.00000 4368314.00000 -126.4569
444934.00000 4368318.00000 N.C.
444934.00000 4368322.00000 -120.8360
444934.00000 4368326.00000 -120.2833
444934.00000 4368330.00000 -119.1352
444934.00000 4368334.00000 N.C.
444934.00000 4368338.00000 N.C.
444934.00000 4368342.00000 N.C.
444934.00000 4368346.00000 N.C.
444934.00000 4368350.00000 -125.5144
444934.00000 4368354.00000 -125.5144
444934.00000 4368358.00000 N.C.
444934.00000 4368362.00000 N.C.
444934.00000 4368366.00000 -126.3610
444934.00000 4368370.00000 -123.2762
444934.00000 4368374.00000 -121.4874
444934.00000 4368378.00000 -121.1989
444934.00000 4368382.00000 -120.9501
444934.00000 4368386.00000 -120.3640
444934.00000 4368390.00000 -119.5791
444934.00000 4368394.00000 -119.1370
444938.00000 4367886.00000 -119.1134
444938.00000 4367890.00000 -119.1562
444938.00000 4367894.00000 -119.1733
444938.00000 4367898.00000 -119.1684
444938.00000 4367902.00000 -119.0656
444938.00000 4367906.00000 -118.9174
444938.00000 4367910.00000 -118.7813
444938.00000 4367914.00000 -118.5615
444938.00000 4367918.00000 -118.2905
444938.00000 4367922.00000 -117.8701
444938.00000 4367926.00000 -117.3995
444938.00000 4367930.00000 -117.0199
444938.00000 4367934.00000 -116.7044
444938.00000 4367938.00000 -116.5874
444938.00000 4367942.00000 -116.4960
444938.00000 4367946.00000 -116.4777
444938.00000 4367950.00000 -116.3907
444938.00000 4367954.00000 -116.2725
444938.00000 4367958.00000 -116.2358
444938.00000 4367962.00000 -116.3118
444938.00000 4367966.00000 -116.3234
444938.00000 4367970.00000 -116.3333
444938.00000 4367974.00000 -116.4331
444938.00000 4367978.00000 -116.5930
444938.00000 4367982.00000 -116.7767
444938.00000 4367986.00000 -116.7793
444938.00000 4367990.00000 -116.8199
444938.00000 4367994.00000 -116.8680
444938.00000 4367998.00000 -116.9476
444938.00000 4368002.00000 -116.9409
444938.00000 4368006.00000 -116.9470
444938.00000 4368010.00000 -116.9263
444938.00000 4368014.00000 -116.8799
444938.00000 4368018.00000 -116.7944
444938.00000 4368022.00000 -117.0380
444938.00000 4368026.00000 -117.7065
444938.00000 4368030.00000 -118.2049
444938.00000 4368034.00000 -118.2414
444938.00000 4368038.00000 -118.1440
444938.00000 4368042.00000 -117.4322
444938.00000 4368046.00000 -116.6258
444938.00000 4368050.00000 -115.6484
444938.00000 4368054.00000 -115.3470
444938.00000 4368058.00000 -115.4294
444938.00000 4368062.00000 -115.6352
444938.00000 4368066.00000 -116.3314
444938.00000 4368070.00000 -117.3153
444938.00000 4368074.00000 -118.0942
444938.00000 4368078.00000 -118.4835
444938.00000 4368082.00000 -118.5494
444938.00000 4368086.00000 -118.6023
444938.00000 4368090.00000 -118.8733
444938.00000 4368094.00000 -119.2126
444938.00000 4368098.00000 -120.5028
444938.00000 4368102.00000 -120.8521
444938.00000 4368106.00000 -121.0614
444938.00000 4368110.00000 -120.3575
444938.00000 4368114.00000 -120.0631
444938.00000 4368118.00000 -119.7004
444938.00000 4368122.00000 -119.3308
444938.00000 4368126.00000 -119.4790
444938.00000 4368130.00000 -120.1929
444938.00000 4368134.00000 -120.9203
444938.00000 4368138.00000 -120.6336
444938.00000 4368142.00000 -120.2666
444938.00000 4368146.00000 -119.8688
444938.00000 4368150.00000 -119.8082
444938.00000 4368154.00000 -120.5265
444938.00000 4368158.00000 -120.8206
444938.00000 4368162.00000 N.C.
444938.00000 4368166.00000 N.C.
444938.00000 4368170.00000 -115.1239
444938.00000 4368174.00000 -115.1212
444938.00000 4368178.00000 -115.2633
444938.00000 4368182.00000 N.C.
444938.00000 4368186.00000 N.C.
444938.00000 4368190.00000 -119.4135
444938.00000 4368194.00000 -117.6965
444938.00000 4368198.00000 -117.1533
444938.00000 4368202.00000 N.C.
444938.00000 4368206.00000 -119.3791
444938.00000 4368210.00000 -118.2956
444938.00000 4368214.00000 -117.7499
444938.00000 4368218.00000 -117.1761
444938.00000 4368222.00000 N.C.
444938.00000 4368226.00000 N.C.
444938.00000 4368230.00000 -118.4045
444938.00000 4368234.00000 N.C.
444938.00000 4368238.00000 -119.1553
444938.00000 4368242.00000 -119.4916
444938.00000 4368246.00000 -120.1875
444938.00000 4368250.00000 -121.4144
444938.00000 4368254.00000 -122.7192
444938.00000 4368258.00000 -122.6935
444938.00000 4368262.00000 -122.0807
444938.00000 4368266.00000 -121.3138
444938.00000 4368270.00000 -121.1858
444938.00000 4368274.00000 -121.5937
444938.00000 4368278.00000 -121.8079
444938.00000 4368282.00000 N.C.
444938.00000 4368286.00000 N.C.
444938.00000 4368290.00000 -122.2613
444938.00000 4368294.00000 N.C.
444938.00000 4368298.00000 N.C.
444938.00000 4368302.00000 N.C.
444938.00000 4368306.00000 N.C.
444938.00000 4368310.00000 N.C.
444938.00000 4368314.00000 -126.0181
444938.00000 4368318.00000 N.C.
444938.00000 4368322.00000 -121.5560
444938.00000 4368326.00000 -121.1851
444938.00000 4368330.00000 N.C.
444938.00000 4368334.00000 N.C.
444938.00000 4368338.00000 -120.1610
444938.00000 4368342.00000 N.C.
444938.00000 4368346.00000 N.C.
444938.00000 4368350.00000 -125.5430
444938.00000 4368354.00000 -125.5430
444938.00000 4368358.00000 N.C.
444938.00000 4368362.00000 -130.9584
444938.00000 4368366.00000 -126.4956
444938.00000 4368370.00000 -123.0549
444938.00000 4368374.00000 -121.8102
444938.00000 4368378.00000 -121.4207
444938.00000 4368382.00000 -120.9346
444938.00000 4368386.00000 -120.0366
444938.00000 4368390.00000 -119.1841
444938.00000 4368394.00000 -118.8164
444942.00000 4367886.00000 -118.8481
444942.00000 4367890.00000 -118.9105
444942.00000 4367894.00000 -118.9454
444942.00000 4367898.00000 -119.0356
444942.00000 4367902.00000 -119.0267
444942.00000 4367906.00000 -118.9232
444942.00000 4367910.00000 -118.7310
444942.00000 4367914.00000 -118.5160
444942.00000 4367918.00000 -118.3704
444942.00000 4367922.00000 -118.1374
444942.00000 4367926.00000 -117.7362
444942.00000 4367930.00000 -117.2797
444942.00000 4367934.00000 -116.8682
444942.00000 4367938.00000 -116.5999
444942.00000 4367942.00000 -116.4329
444942.00000 4367946.00000 -116.3810
444942.00000 4367950.00000 -116.3734
444942.00000 4367954.00000 -116.2921
444942.00000 4367958.00000 -116.1805
444942.00000 4367962.00000 -116.1578
444942.00000 4367966.00000 -116.1743
444942.00000 4367970.00000 -116.1688
444942.00000 4367974.00000 -116.1570
444942.00000 4367978.00000 -116.2527
444942.00000 4367982.00000 -116.5064
444942.00000 4367986.00000 -116.5914
444942.00000 4367990.00000 -116.6340
444942.00000 4367994.00000 -116.5514
444942.00000 4367998.00000 -116.6162
444942.00000 4368002.00000 -116.5979
444942.00000 4368006.00000 -116.6528
444942.00000 4368010.00000 -116.7498
444942.00000 4368014.00000 -116.7618
444942.00000 4368018.00000 -116.6524
444942.00000 4368022.00000 -116.5961
444942.00000 4368026.00000 -117.0353
444942.00000 4368030.00000 -117.7477
444942.00000 4368034.00000 -118.0210
444942.00000 4368038.00000 -118.1370
444942.00000 4368042.00000 -117.5926
444942.00000 4368046.00000 -116.7130
444942.00000 4368050.00000 -115.7387
444942.00000 4368054.00000 -115.1437
444942.00000 4368058.00000 -115.2323
444942.00000 4368062.00000 -115.3145
444942.00000 4368066.00000 -115.9173
444942.00000 4368070.00000 -116.9497
444942.00000 4368074.00000 -117.8900
444942.00000 4368078.00000 -118.1315
444942.00000 4368082.00000 -118.3588
444942.00000 4368086.00000 -118.4138
444942.00000 4368090.00000 -118.9530
444942.00000 4368094.00000 -119.0872
444942.00000 4368098.00000 -120.4211
444942.00000 4368102.00000 -121.2049
444942.00000 4368106.00000 -121.5681
444942.00000 4368110.00000 -120.7803
444942.00000 4368114.00000 -120.1372
444942.00000 4368118.00000 -119.6454
444942.00000 4368122.00000 -119.2128
444942.00000 4368126.00000 -119.4200
444942.00000 4368130.00000 -120.3781
444942.00000 4368134.00000 -121.3471
444942.00000 4368138.00000 -121.1583
444942.00000 4368142.00000 -120.7688
444942.00000 4368146.00000 -121.3998
444942.00000 4368150.00000 -121.2386
444942.00000 4368154.00000 -121.8649
444942.00000 4368158.00000 -120.7505
444942.00000 4368162.00000 N.C.
444942.00000 4368166.00000 N.C.
444942.00000 4368170.00000 -114.7935
444942.00000 4368174.00000 -114.8114
444942.00000 4368178.00000 -114.8733
444942.00000 4368182.00000 N.C.
444942.00000 4368186.00000 N.C.
444942.00000 4368190.00000 N.C.
444942.00000 4368194.00000 N.C.
444942.00000 4368198.00000 N.C.
444942.00000 4368202.00000 N.C.
444942.00000 4368206.00000 -119.2380
444942.00000 4368210.00000 -117.9301
444942.00000 4368214.00000 -118.3468
444942.00000 4368218.00000 -118.8804
444942.00000 4368222.00000 N.C.
444942.00000 4368226.00000 N.C.
444942.00000 4368230.00000 -117.4390
444942.00000 4368234.00000 -118.3236
444942.00000 4368238.00000 -119.2403
444942.00000 4368242.00000 -119.8065
444942.00000 4368246.00000 -120.4739
444942.00000 4368250.00000 -121.7775
444942.00000 4368254.00000 -123.3679
444942.00000 4368258.00000 -123.1475
444942.00000 4368262.00000 -124.1101
444942.00000 4368266.00000 -124.1768
444942.00000 4368270.00000 -123.9104
444942.00000 4368274.00000 -122.8839
444942.00000 4368278.00000 -122.1190
444942.00000 4368282.00000 N.C.
444942.00000 4368286.00000 -121.6939
444942.00000 4368290.00000 N.C.
444942.00000 4368294.00000 N.C.
444942.00000 4368298.00000 N.C.
444942.00000 4368302.00000 N.C.
444942.00000 4368306.00000 N.C.
444942.00000 4368310.00000 -122.8673
444942.00000 4368314.00000 N.C.
444942.00000 4368318.00000 N.C.
444942.00000 4368322.00000 N.C.
444942.00000 4368326.00000 -123.6857
444942.00000 4368330.00000 N.C.
444942.00000 4368334.00000 N.C.
444942.00000 4368338.00000 -119.4619
444942.00000 4368342.00000 -119.1835
444942.00000 4368346.00000 N.C.
444942.00000 4368350.00000 -124.8174
444942.00000 4368354.00000 -126.5739
444942.00000 4368358.00000 N.C.
444942.00000 4368362.00000 N.C.
444942.00000 4368366.00000 N.C.
444942.00000 4368370.00000 -123.7050
444942.00000 4368374.00000 -122.5056
444942.00000 4368378.00000 -121.9773
444942.00000 4368382.00000 -120.8500
444942.00000 4368386.00000 -119.8033
444942.00000 4368390.00000 -118.8565
444942.00000 4368394.00000 -118.5241
444946.00000 4367886.00000 -118.5508
444946.00000 4367890.00000 -118.6061
444946.00000 4367894.00000 -118.7224
444946.00000 4367898.00000 -118.8193
444946.00000 4367902.00000 -118.8525
444946.00000 4367906.00000 -118.8175
444946.00000 4367910.00000 -118.6756
444946.00000 4367914.00000 -118.4957
444946.00000 4367918.00000 -118.2900
444946.00000 4367922.00000 -118.2156
444946.00000 4367926.00000 -117.9807
444946.00000 4367930.00000 -117.6294
444946.00000 4367934.00000 -117.1437
444946.00000 4367938.00000 -116.7553
444946.00000 4367942.00000 -116.4474
444946.00000 4367946.00000 -116.2799
444946.00000 4367950.00000 -116.2459
444946.00000 4367954.00000 -116.2621
444946.00000 4367958.00000 -116.1936
444946.00000 4367962.00000 -116.0876
444946.00000 4367966.00000 -116.0468
444946.00000 4367970.00000 -115.9998
444946.00000 4367974.00000 -115.9416
444946.00000 4367978.00000 -115.8832
444946.00000 4367982.00000 -116.0889
444946.00000 4367986.00000 -116.2809
444946.00000 4367990.00000 -116.4167
444946.00000 4367994.00000 -116.3540
444946.00000 4367998.00000 -116.3246
444946.00000 4368002.00000 -116.2999
444946.00000 4368006.00000 -116.3223
444946.00000 4368010.00000 -116.4414
444946.00000 4368014.00000 -116.5373
444946.00000 4368018.00000 -116.4702
444946.00000 4368022.00000 -116.6306
444946.00000 4368026.00000 -116.8295
444946.00000 4368030.00000 -117.6835
444946.00000 4368034.00000 -117.9344
444946.00000 4368038.00000 -118.2038
444946.00000 4368042.00000 -117.8455
444946.00000 4368046.00000 -116.7637
444946.00000 4368050.00000 -115.8289
444946.00000 4368054.00000 -114.9008
444946.00000 4368058.00000 -114.9428
444946.00000 4368062.00000 -115.0254
444946.00000 4368066.00000 -115.4068
444946.00000 4368070.00000 -116.4085
444946.00000 4368074.00000 -117.3484
444946.00000 4368078.00000 -117.8100
444946.00000 4368082.00000 -118.3039
444946.00000 4368086.00000 -118.5064
444946.00000 4368090.00000 -119.1887
444946.00000 4368094.00000 -119.0192
444946.00000 4368098.00000 -120.3495
444946.00000 4368102.00000 -121.2859
444946.00000 4368106.00000 -121.9315
444946.00000 4368110.00000 -121.0555
444946.00000 4368114.00000 -120.1597
444946.00000 4368118.00000 -119.5546
444946.00000 4368122.00000 -119.1150
444946.00000 4368126.00000 -119.3641
444946.00000 4368130.00000 -120.5578
444946.00000 4368134.00000 -121.5957
444946.00000 4368138.00000 -121.4855
444946.00000 4368142.00000 -121.0028
444946.00000 4368146.00000 -121.9032
444946.00000 4368150.00000 -121.5766
444946.00000 4368154.00000 -122.3176
444946.00000 4368158.00000 N.C.
444946.00000 4368162.00000 N.C.
444946.00000 4368166.00000 -114.5956
444946.00000 4368170.00000 -114.7257
444946.00000 4368174.00000 -114.6978
444946.00000 4368178.00000 -114.7411
444946.00000 4368182.00000 N.C.
444946.00000 4368186.00000 N.C.
444946.00000 4368190.00000 N.C.
444946.00000 4368194.00000 N.C.
444946.00000 4368198.00000 N.C.
444946.00000 4368202.00000 N.C.
444946.00000 4368206.00000 -118.5281
444946.00000 4368210.00000 -117.6058
444946.00000 4368214.00000 -118.1549
444946.00000 4368218.00000 -119.6557
444946.00000 4368222.00000 -121.9236
444946.00000 4368226.00000 N.C.
444946.00000 4368230.00000 -117.5490
444946.00000 4368234.00000 -117.9420
444946.00000 4368238.00000 -119.0669
444946.00000 4368242.00000 -120.0690
444946.00000 4368246.00000 -121.1756
444946.00000 4368250.00000 N.C.
444946.00000 4368254.00000 N.C.
444946.00000 4368258.00000 N.C.
444946.00000 4368262.00000 N.C.
444946.00000 4368266.00000 -125.9388
444946.00000 4368270.00000 -125.0172
444946.00000 4368274.00000 -123.6984
444946.00000 4368278.00000 N.C.
444946.00000 4368282.00000 N.C.
444946.00000 4368286.00000 -120.5258
444946.00000 4368290.00000 -120.5258
444946.00000 4368294.00000 N.C.
444946.00000 4368298.00000 N.C.
444946.00000 4368302.00000 -118.8393
444946.00000 4368306.00000 N.C.
444946.00000 4368310.00000 -119.8766
444946.00000 4368314.00000 -120.4040
444946.00000 4368318.00000 N.C.
444946.00000 4368322.00000 -124.9975
444946.00000 4368326.00000 -124.9975
444946.00000 4368330.00000 N.C.
444946.00000 4368334.00000 N.C.
444946.00000 4368338.00000 -119.9293
444946.00000 4368342.00000 -118.3452
444946.00000 4368346.00000 -118.4212
444946.00000 4368350.00000 N.C.
444946.00000 4368354.00000 N.C.
444946.00000 4368358.00000 N.C.
444946.00000 4368362.00000 N.C.
444946.00000 4368366.00000 N.C.
444946.00000 4368370.00000 -123.3314
444946.00000 4368374.00000 -123.0378
444946.00000 4368378.00000 -122.1954
444946.00000 4368382.00000 -120.7876
444946.00000 4368386.00000 -119.6100
444946.00000 4368390.00000 -118.8113
444946.00000 4368394.00000 -118.6176
444950.00000 4367886.00000 -118.3247
444950.00000 4367890.00000 -118.3103
444950.00000 4367894.00000 -118.4162
444950.00000 4367898.00000 -118.4598
444950.00000 4367902.00000 -118.5990
444950.00000 4367906.00000 -118.6280
444950.00000 4367910.00000 -118.6161
444950.00000 4367914.00000 -118.4644
444950.00000 4367918.00000 -118.2856
444950.00000 4367922.00000 -118.1267
444950.00000 4367926.00000 -118.0106
444950.00000 4367930.00000 -117.7862
444950.00000 4367934.00000 -117.5032
444950.00000 4367938.00000 -117.0224
444950.00000 4367942.00000 -116.5977
444950.00000 4367946.00000 -116.2583
444950.00000 4367950.00000 -116.1799
444950.00000 4367954.00000 -116.1953
444950.00000 4367958.00000 -116.1833
444950.00000 4367962.00000 -116.0977
444950.00000 4367966.00000 -115.9955
444950.00000 4367970.00000 -115.9117
444950.00000 4367974.00000 -115.8360
444950.00000 4367978.00000 -115.6984
444950.00000 4367982.00000 -115.7474
444950.00000 4367986.00000 -115.8700
444950.00000 4367990.00000 -116.1151
444950.00000 4367994.00000 -116.1580
444950.00000 4367998.00000 -116.1350
444950.00000 4368002.00000 -116.1477
444950.00000 4368006.00000 -116.1534
444950.00000 4368010.00000 -116.2453
444950.00000 4368014.00000 -116.3321
444950.00000 4368018.00000 -116.5211
444950.00000 4368022.00000 -116.8287
444950.00000 4368026.00000 -116.9574
444950.00000 4368030.00000 -117.5899
444950.00000 4368034.00000 -117.8900
444950.00000 4368038.00000 -118.0436
444950.00000 4368042.00000 -117.7543
444950.00000 4368046.00000 -116.8727
444950.00000 4368050.00000 -115.9656
444950.00000 4368054.00000 -114.9853
444950.00000 4368058.00000 -114.6809
444950.00000 4368062.00000 -114.9069
444950.00000 4368066.00000 -115.1529
444950.00000 4368070.00000 -116.0069
444950.00000 4368074.00000 -116.9224
444950.00000 4368078.00000 -117.6256
444950.00000 4368082.00000 -118.3091
444950.00000 4368086.00000 -118.6347
444950.00000 4368090.00000 -119.2901
444950.00000 4368094.00000 -119.2021
444950.00000 4368098.00000 -120.5576
444950.00000 4368102.00000 -121.6848
444950.00000 4368106.00000 -122.3820
444950.00000 4368110.00000 -121.4308
444950.00000 4368114.00000 -120.3677
444950.00000 4368118.00000 -119.6622
444950.00000 4368122.00000 -119.1895
444950.00000 4368126.00000 -119.6376
444950.00000 4368130.00000 -121.0207
444950.00000 4368134.00000 -122.3333
444950.00000 4368138.00000 -122.0889
444950.00000 4368142.00000 -121.5652
444950.00000 4368146.00000 N.C.
444950.00000 4368150.00000 N.C.
444950.00000 4368154.00000 -120.9014
444950.00000 4368158.00000 N.C.
444950.00000 4368162.00000 N.C.
444950.00000 4368166.00000 -114.5108
444950.00000 4368170.00000 -114.5581
444950.00000 4368174.00000 -114.5282
444950.00000 4368178.00000 N.C.
444950.00000 4368182.00000 N.C.
444950.00000 4368186.00000 N.C.
444950.00000 4368190.00000 N.C.
444950.00000 4368194.00000 -117.6458
444950.00000 4368198.00000 N.C.
444950.00000 4368202.00000 N.C.
444950.00000 4368206.00000 -118.1670
444950.00000 4368210.00000 -117.1748
444950.00000 4368214.00000 -117.3245
444950.00000 4368218.00000 N.C.
444950.00000 4368222.00000 -121.4360
444950.00000 4368226.00000 -119.1016
444950.00000 4368230.00000 -117.9988
444950.00000 4368234.00000 -118.4572
444950.00000 4368238.00000 -119.6818
444950.00000 4368242.00000 -120.6965
444950.00000 4368246.00000 -121.3243
444950.00000 4368250.00000 -122.2268
444950.00000 4368254.00000 -122.7872
444950.00000 4368258.00000 N.C.
444950.00000 4368262.00000 N.C.
444950.00000 4368266.00000 N.C.
444950.00000 4368270.00000 N.C.
444950.00000 4368274.00000 -123.7820
444950.00000 4368278.00000 N.C.
444950.00000 4368282.00000 N.C.
444950.00000 4368286.00000 -120.2766
444950.00000 4368290.00000 -120.2524
444950.00000 4368294.00000 N.C.
444950.00000 4368298.00000 N.C.
444950.00000 4368302.00000 -118.4420
444950.00000 4368306.00000 -118.7683
444950.00000 4368310.00000 -119.1056
444950.00000 4368314.00000 -119.9669
444950.00000 4368318.00000 N.C.
444950.00000 4368322.00000 N.C.
444950.00000 4368326.00000 -125.2168
444950.00000 4368330.00000 N.C.
444950.00000 4368334.00000 -120.9288
444950.00000 4368338.00000 -119.5635
444950.00000 4368342.00000 -118.1248
444950.00000 4368346.00000 -118.1721
444950.00000 4368350.00000 N.C.
444950.00000 4368354.00000 N.C.
444950.00000 4368358.00000 N.C.
444950.00000 4368362.00000 N.C.
444950.00000 4368366.00000 -124.8360
444950.00000 4368370.00000 N.C.
444950.00000 4368374.00000 N.C.
444950.00000 4368378.00000 -121.8060
444950.00000 4368382.00000 -120.5688
444950.00000 4368386.00000 -119.6764
444950.00000 4368390.00000 -119.2033
444950.00000 4368394.00000 -119.1295
444954.00000 4367886.00000 -118.3008
444954.00000 4367890.00000 -118.1973
444954.00000 4367894.00000 -118.1779
444954.00000 4367898.00000 -118.1463
444954.00000 4367902.00000 -118.2767
444954.00000 4367906.00000 -118.3163
444954.00000 4367910.00000 -118.3899
444954.00000 4367914.00000 -118.3690
444954.00000 4367918.00000 -118.3128
444954.00000 4367922.00000 -118.1461
444954.00000 4367926.00000 -117.9544
444954.00000 4367930.00000 -117.8448
444954.00000 4367934.00000 -117.6066
444954.00000 4367938.00000 -117.2607
444954.00000 4367942.00000 -116.6843
444954.00000 4367946.00000 -116.3376
444954.00000 4367950.00000 -116.1585
444954.00000 4367954.00000 -116.2021
444954.00000 4367958.00000 -116.1190
444954.00000 4367962.00000 -116.0394
444954.00000 4367966.00000 -115.9116
444954.00000 4367970.00000 -115.8358
444954.00000 4367974.00000 -115.7769
444954.00000 4367978.00000 -115.6174
444954.00000 4367982.00000 -115.5819
444954.00000 4367986.00000 -115.6229
444954.00000 4367990.00000 -115.7989
444954.00000 4367994.00000 -115.9047
444954.00000 4367998.00000 -115.9294
444954.00000 4368002.00000 -115.9981
444954.00000 4368006.00000 -116.0525
444954.00000 4368010.00000 -116.1189
444954.00000 4368014.00000 -116.1636
444954.00000 4368018.00000 -116.5830
444954.00000 4368022.00000 -117.0047
444954.00000 4368026.00000 -117.3446
444954.00000 4368030.00000 -117.7129
444954.00000 4368034.00000 -118.0831
444954.00000 4368038.00000 -118.1626
444954.00000 4368042.00000 -117.8480
444954.00000 4368046.00000 -117.1610
444954.00000 4368050.00000 -116.1262
444954.00000 4368054.00000 -115.1924
444954.00000 4368058.00000 -114.5487
444954.00000 4368062.00000 -114.8348
444954.00000 4368066.00000 -115.0036
444954.00000 4368070.00000 -115.7948
444954.00000 4368074.00000 -116.7033
444954.00000 4368078.00000 -117.7375
444954.00000 4368082.00000 -118.3073
444954.00000 4368086.00000 -118.8364
444954.00000 4368090.00000 -119.3426
444954.00000 4368094.00000 -119.8065
444954.00000 4368098.00000 -121.0096
444954.00000 4368102.00000 -122.3661
444954.00000 4368106.00000 -122.8323
444954.00000 4368110.00000 -121.9265
444954.00000 4368114.00000 -120.5570
444954.00000 4368118.00000 -119.9566
444954.00000 4368122.00000 -119.4431
444954.00000 4368126.00000 -120.2750
444954.00000 4368130.00000 -121.6526
444954.00000 4368134.00000 -123.4477
444954.00000 4368138.00000 -123.0071
444954.00000 4368142.00000 -122.9347
444954.00000 4368146.00000 -122.2395
444954.00000 4368150.00000 -121.4354
444954.00000 4368154.00000 -118.7726
444954.00000 4368158.00000 -116.7547
444954.00000 4368162.00000 N.C.
444954.00000 4368166.00000 -114.3893
444954.00000 4368170.00000 -114.3614
444954.00000 4368174.00000 -114.3660
444954.00000 4368178.00000 N.C.
444954.00000 4368182.00000 N.C.
444954.00000 4368186.00000 -123.1078
444954.00000 4368190.00000 -119.3268
444954.00000 4368194.00000 -117.6458
444954.00000 4368198.00000 N.C.
444954.00000 4368202.00000 -119.3734
444954.00000 4368206.00000 -117.7837
444954.00000 4368210.00000 -116.7914
444954.00000 4368214.00000 -115.5834
444954.00000 4368218.00000 N.C.
444954.00000 4368222.00000 N.C.
444954.00000 4368226.00000 -118.0078
444954.00000 4368230.00000 -117.9585
444954.00000 4368234.00000 -118.8452
444954.00000 4368238.00000 -120.2700
444954.00000 4368242.00000 -121.2715
444954.00000 4368246.00000 -122.0089
444954.00000 4368250.00000 -122.5865
444954.00000 4368254.00000 -122.9667
444954.00000 4368258.00000 -123.2591
444954.00000 4368262.00000 -124.6165
444954.00000 4368266.00000 -124.8150
444954.00000 4368270.00000 -124.1480
444954.00000 4368274.00000 -123.1144
444954.00000 4368278.00000 N.C.
444954.00000 4368282.00000 -119.9939
444954.00000 4368286.00000 -119.8910
444954.00000 4368290.00000 -119.7425
444954.00000 4368294.00000 N.C.
444954.00000 4368298.00000 N.C.
444954.00000 4368302.00000 -118.1439
444954.00000 4368306.00000 -118.1504
444954.00000 4368310.00000 N.C.
444954.00000 4368314.00000 N.C.
444954.00000 4368318.00000 N.C.
444954.00000 4368322.00000 -124.6976
444954.00000 4368326.00000 -126.6246
444954.00000 4368330.00000 N.C.
444954.00000 4368334.00000 N.C.
444954.00000 4368338.00000 -119.2366
444954.00000 4368342.00000 -118.2193
444954.00000 4368346.00000 -118.5350
444954.00000 4368350.00000 N.C.
444954.00000 4368354.00000 N.C.
444954.00000 4368358.00000 -140.0433
444954.00000 4368362.00000 -129.3996
444954.00000 4368366.00000 -124.3592
444954.00000 4368370.00000 N.C.
444954.00000 4368374.00000 N.C.
444954.00000 4368378.00000 -120.9740
444954.00000 4368382.00000 -120.1106
444954.00000 4368386.00000 -119.5952
444954.00000 4368390.00000 -119.5928
444954.00000 4368394.00000 -119.6964
444958.00000 4367886.00000 -118.0912
444958.00000 4367890.00000 -117.9991
444958.00000 4367894.00000 -117.9432
444958.00000 4367898.00000 -117.8408
444958.00000 4367902.00000 -117.9142
444958.00000 4367906.00000 -117.9747
444958.00000 4367910.00000 -118.0363
444958.00000 4367914.00000 -118.1165
444958.00000 4367918.00000 -118.1866
444958.00000 4367922.00000 -118.1157
444958.00000 4367926.00000 -117.9145
444958.00000 4367930.00000 -117.7486
444958.00000 4367934.00000 -117.6245
444958.00000 4367938.00000 -117.4177
444958.00000 4367942.00000 -116.9715
444958.00000 4367946.00000 -116.5152
444958.00000 4367950.00000 -116.2186
444958.00000 4367954.00000 -116.1506
444958.00000 4367958.00000 -116.1148
444958.00000 4367962.00000 -116.0391
444958.00000 4367966.00000 -115.8765
444958.00000 4367970.00000 -115.7594
444958.00000 4367974.00000 -115.7350
444958.00000 4367978.00000 -115.7183
444958.00000 4367982.00000 -115.6161
444958.00000 4367986.00000 -115.5225
444958.00000 4367990.00000 -115.5229
444958.00000 4367994.00000 -115.6099
444958.00000 4367998.00000 -115.6811
444958.00000 4368002.00000 -115.7786
444958.00000 4368006.00000 -115.8643
444958.00000 4368010.00000 -116.0116
444958.00000 4368014.00000 -116.0265
444958.00000 4368018.00000 -116.7199
444958.00000 4368022.00000 -117.0812
444958.00000 4368026.00000 -117.6307
444958.00000 4368030.00000 -117.6532
444958.00000 4368034.00000 -117.9943
444958.00000 4368038.00000 -117.9485
444958.00000 4368042.00000 -117.6600
444958.00000 4368046.00000 -117.4045
444958.00000 4368050.00000 -116.5379
444958.00000 4368054.00000 -115.6691
444958.00000 4368058.00000 -114.7162
444958.00000 4368062.00000 -114.7583
444958.00000 4368066.00000 -115.0665
444958.00000 4368070.00000 -115.8994
444958.00000 4368074.00000 -116.7976
444958.00000 4368078.00000 -117.8402
444958.00000 4368082.00000 -118.0389
444958.00000 4368086.00000 -118.7782
444958.00000 4368090.00000 -119.2849
444958.00000 4368094.00000 -120.3579
444958.00000 4368098.00000 -121.4142
444958.00000 4368102.00000 -123.0572
444958.00000 4368106.00000 -123.6285
444958.00000 4368110.00000 -122.8448
444958.00000 4368114.00000 -121.1543
444958.00000 4368118.00000 -120.3815
444958.00000 4368122.00000 -119.7909
444958.00000 4368126.00000 -121.0434
444958.00000 4368130.00000 -122.5592
444958.00000 4368134.00000 -125.0897
444958.00000 4368138.00000 -124.5697
444958.00000 4368142.00000 -124.2285
444958.00000 4368146.00000 -123.3329
444958.00000 4368150.00000 -122.0749
444958.00000 4368154.00000 -119.0683
444958.00000 4368158.00000 -115.9029
444958.00000 4368162.00000 -114.1234
444958.00000 4368166.00000 -114.1072
444958.00000 4368170.00000 -114.1537
444958.00000 4368174.00000 -114.1361
444958.00000 4368178.00000 N.C.
444958.00000 4368182.00000 N.C.
444958.00000 4368186.00000 N.C.
444958.00000 4368190.00000 N.C.
444958.00000 4368194.00000 N.C.
444958.00000 4368198.00000 N.C.
444958.00000 4368202.00000 -118.7686
444958.00000 4368206.00000 -117.6609
444958.00000 4368210.00000 -117.1018
444958.00000 4368214.00000 N.C.
444958.00000 4368218.00000 N.C.
444958.00000 4368222.00000 N.C.
444958.00000 4368226.00000 -117.7391
444958.00000 4368230.00000 -117.9949
444958.00000 4368234.00000 -119.3755
444958.00000 4368238.00000 -120.9144
444958.00000 4368242.00000 -121.8048
444958.00000 4368246.00000 -122.6693
444958.00000 4368250.00000 -123.0933
444958.00000 4368254.00000 -124.1243
444958.00000 4368258.00000 -124.3756
444958.00000 4368262.00000 N.C.
444958.00000 4368266.00000 -124.8150
444958.00000 4368270.00000 -124.4472
444958.00000 4368274.00000 N.C.
444958.00000 4368278.00000 N.C.
444958.00000 4368282.00000 -119.6719
444958.00000 4368286.00000 -119.6990
444958.00000 4368290.00000 N.C.
444958.00000 4368294.00000 N.C.
444958.00000 4368298.00000 -118.2830
444958.00000 4368302.00000 -118.1452
444958.00000 4368306.00000 -117.9758
444958.00000 4368310.00000 N.C.
444958.00000 4368314.00000 -122.8081
444958.00000 4368318.00000 N.C.
444958.00000 4368322.00000 N.C.
444958.00000 4368326.00000 N.C.
444958.00000 4368330.00000 -123.7357
444958.00000 4368334.00000 -120.0718
444958.00000 4368338.00000 -117.8730
444958.00000 4368342.00000 -118.2973
444958.00000 4368346.00000 -118.6085
444958.00000 4368350.00000 N.C.
444958.00000 4368354.00000 N.C.
444958.00000 4368358.00000 N.C.
444958.00000 4368362.00000 N.C.
444958.00000 4368366.00000 -123.5931
444958.00000 4368370.00000 N.C.
444958.00000 4368374.00000 -121.1752
444958.00000 4368378.00000 -120.6221
444958.00000 4368382.00000 -119.6903
444958.00000 4368386.00000 -119.9360
444958.00000 4368390.00000 -120.3916
444958.00000 4368394.00000 -120.8904
444962.00000 4367886.00000 -117.5908
444962.00000 4367890.00000 -117.6269
444962.00000 4367894.00000 -117.7487
444962.00000 4367898.00000 -117.7266
444962.00000 4367902.00000 -117.6931
444962.00000 4367906.00000 -117.6429
444962.00000 4367910.00000 -117.6340
444962.00000 4367914.00000 -117.7262
444962.00000 4367918.00000 -117.8466
444962.00000 4367922.00000 -117.9614
444962.00000 4367926.00000 -117.9039
444962.00000 4367930.00000 -117.7631
444962.00000 4367934.00000 -117.5224
444962.00000 4367938.00000 -117.4203
444962.00000 4367942.00000 -117.0964
444962.00000 4367946.00000 -116.7701
444962.00000 4367950.00000 -116.2984
444962.00000 4367954.00000 -116.1140
444962.00000 4367958.00000 -116.0210
444962.00000 4367962.00000 -116.0248
444962.00000 4367966.00000 -115.9268
444962.00000 4367970.00000 -115.7834
444962.00000 4367974.00000 -115.6721
444962.00000 4367978.00000 -115.7033
444962.00000 4367982.00000 -115.6699
444962.00000 4367986.00000 -115.5245
444962.00000 4367990.00000 -115.3912
444962.00000 4367994.00000 -115.3955
444962.00000 4367998.00000 -115.4773
444962.00000 4368002.00000 -115.4886
444962.00000 4368006.00000 -115.5554
444962.00000 4368010.00000 -115.8336
444962.00000 4368014.00000 -115.9705
444962.00000 4368018.00000 -116.6260
444962.00000 4368022.00000 -117.0353
444962.00000 4368026.00000 -117.4569
444962.00000 4368030.00000 -117.4472
444962.00000 4368034.00000 -117.6465
444962.00000 4368038.00000 -117.8825
444962.00000 4368042.00000 -117.6556
444962.00000 4368046.00000 -117.5156
444962.00000 4368050.00000 -116.8086
444962.00000 4368054.00000 -115.8310
444962.00000 4368058.00000 -114.8134
444962.00000 4368062.00000 -114.4896
444962.00000 4368066.00000 -114.9604
444962.00000 4368070.00000 -115.7179
444962.00000 4368074.00000 -116.5272
444962.00000 4368078.00000 -117.5939
444962.00000 4368082.00000 -117.8085
444962.00000 4368086.00000 -118.8813
444962.00000 4368090.00000 -119.5762
444962.00000 4368094.00000 -121.0869
444962.00000 4368098.00000 -122.0927
444962.00000 4368102.00000 -123.9550
444962.00000 4368106.00000 -125.2265
444962.00000 4368110.00000 -124.4692
444962.00000 4368114.00000 -122.5197
444962.00000 4368118.00000 -121.0566
444962.00000 4368122.00000 -120.8416
444962.00000 4368126.00000 -122.1677
444962.00000 4368130.00000 -124.2440
444962.00000 4368134.00000 -127.2079
444962.00000 4368138.00000 -127.6023
444962.00000 4368142.00000 -127.3036
444962.00000 4368146.00000 N.C.
444962.00000 4368150.00000 -121.9746
444962.00000 4368154.00000 -118.4476
444962.00000 4368158.00000 -115.4501
444962.00000 4368162.00000 -113.9398
444962.00000 4368166.00000 -113.9168
444962.00000 4368170.00000 -114.0260
444962.00000 4368174.00000 -113.9699
444962.00000 4368178.00000 -114.5053
444962.00000 4368182.00000 N.C.
444962.00000 4368186.00000 N.C.
444962.00000 4368190.00000 N.C.
444962.00000 4368194.00000 N.C.
444962.00000 4368198.00000 N.C.
444962.00000 4368202.00000 -118.5856
444962.00000 4368206.00000 -117.0922
444962.00000 4368210.00000 -116.7198
444962.00000 4368214.00000 -119.0003
444962.00000 4368218.00000 -122.2451
444962.00000 4368222.00000 -119.5964
444962.00000 4368226.00000 -118.5823
444962.00000 4368230.00000 -118.3376
444962.00000 4368234.00000 -120.0620
444962.00000 4368238.00000 -121.2603
444962.00000 4368242.00000 -122.3127
444962.00000 4368246.00000 -123.1465
444962.00000 4368250.00000 -123.8471
444962.00000 4368254.00000 -124.9189
444962.00000 4368258.00000 -125.4880
444962.00000 4368262.00000 N.C.
444962.00000 4368266.00000 N.C.
444962.00000 4368270.00000 N.C.
444962.00000 4368274.00000 N.C.
444962.00000 4368278.00000 N.C.
444962.00000 4368282.00000 -119.1008
444962.00000 4368286.00000 -118.7012
444962.00000 4368290.00000 N.C.
444962.00000 4368294.00000 N.C.
444962.00000 4368298.00000 -118.1141
444962.00000 4368302.00000 -118.1958
444962.00000 4368306.00000 -118.0544
444962.00000 4368310.00000 N.C.
444962.00000 4368314.00000 N.C.
444962.00000 4368318.00000 N.C.
444962.00000 4368322.00000 N.C.
444962.00000 4368326.00000 N.C.
444962.00000 4368330.00000 N.C.
444962.00000 4368334.00000 -119.3711
444962.00000 4368338.00000 -117.6881
444962.00000 4368342.00000 -118.2014
444962.00000 4368346.00000 N.C.
444962.00000 4368350.00000 N.C.
444962.00000 4368354.00000 N.C.
444962.00000 4368358.00000 -124.0281
444962.00000 4368362.00000 -123.3787
444962.00000 4368366.00000 N.C.
444962.00000 4368370.00000 N.C.
444962.00000 4368374.00000 -120.8400
444962.00000 4368378.00000 -120.2644
444962.00000 4368382.00000 -119.8622
444962.00000 4368386.00000 -120.5293
444962.00000 4368390.00000 -121.5193
444962.00000 4368394.00000 -121.8285
444966.00000 4367886.00000 -117.1285
444966.00000 4367890.00000 -117.1703
444966.00000 4367894.00000 -117.3314
444966.00000 4367898.00000 -117.4054
444966.00000 4367902.00000 -117.4805
444966.00000 4367906.00000 -117.4646
444966.00000 4367910.00000 -117.3743
444966.00000 4367914.00000 -117.3988
444966.00000 4367918.00000 -117.4276
444966.00000 4367922.00000 -117.6232
444966.00000 4367926.00000 -117.6638
444966.00000 4367930.00000 -117.6633
444966.00000 4367934.00000 -117.4944
444966.00000 4367938.00000 -117.3585
444966.00000 4367942.00000 -117.1722
444966.00000 4367946.00000 -116.9266
444966.00000 4367950.00000 -116.4633
444966.00000 4367954.00000 -116.1212
444966.00000 4367958.00000 -115.9242
444966.00000 4367962.00000 -115.9698
444966.00000 4367966.00000 -115.9218
444966.00000 4367970.00000 -115.8215
444966.00000 4367974.00000 -115.6638
444966.00000 4367978.00000 -115.5697
444966.00000 4367982.00000 -115.5773
444966.00000 4367986.00000 -115.4679
444966.00000 4367990.00000 -115.3178
444966.00000 4367994.00000 -115.2046
444966.00000 4367998.00000 -115.2567
444966.00000 4368002.00000 -115.2982
444966.00000 4368006.00000 -115.2856
444966.00000 4368010.00000 -115.5329
444966.00000 4368014.00000 -116.1062
444966.00000 4368018.00000 -116.8111
444966.00000 4368022.00000 -117.3499
444966.00000 4368026.00000 -117.4366
444966.00000 4368030.00000 -117.3177
444966.00000 4368034.00000 -117.2735
444966.00000 4368038.00000 -117.5041
444966.00000 4368042.00000 -117.5234
444966.00000 4368046.00000 -117.4791
444966.00000 4368050.00000 -117.0553
444966.00000 4368054.00000 -115.9670
444966.00000 4368058.00000 -115.0192
444966.00000 4368062.00000 -114.3430
444966.00000 4368066.00000 -114.8105
444966.00000 4368070.00000 -115.3438
444966.00000 4368074.00000 -116.1743
444966.00000 4368078.00000 -117.2553
444966.00000 4368082.00000 -117.9338
444966.00000 4368086.00000 -119.0436
444966.00000 4368090.00000 -119.9742
444966.00000 4368094.00000 -121.3744
444966.00000 4368098.00000 -122.5278
444966.00000 4368102.00000 -125.0534
444966.00000 4368106.00000 -126.7494
444966.00000 4368110.00000 -125.9713
444966.00000 4368114.00000 -123.1322
444966.00000 4368118.00000 -121.7690
444966.00000 4368122.00000 -122.1222
444966.00000 4368126.00000 -123.4427
444966.00000 4368130.00000 -125.3288
444966.00000 4368134.00000 -127.9647
444966.00000 4368138.00000 -128.6726
444966.00000 4368142.00000 -128.4644
444966.00000 4368146.00000 N.C.
444966.00000 4368150.00000 N.C.
444966.00000 4368154.00000 -117.5269
444966.00000 4368158.00000 -115.1274
444966.00000 4368162.00000 -113.6358
444966.00000 4368166.00000 -113.6601
444966.00000 4368170.00000 -113.8467
444966.00000 4368174.00000 -113.8913
444966.00000 4368178.00000 -115.2454
444966.00000 4368182.00000 -116.6022
444966.00000 4368186.00000 -117.4049
444966.00000 4368190.00000 -118.5382
444966.00000 4368194.00000 -120.2415
444966.00000 4368198.00000 -121.2043
444966.00000 4368202.00000 -119.0157
444966.00000 4368206.00000 -116.8607
444966.00000 4368210.00000 -116.8723
444966.00000 4368214.00000 N.C.
444966.00000 4368218.00000 -121.2399
444966.00000 4368222.00000 -119.3554
444966.00000 4368226.00000 -119.0617
444966.00000 4368230.00000 -119.3021
444966.00000 4368234.00000 -121.0250
444966.00000 4368238.00000 -121.7481
444966.00000 4368242.00000 -123.4461
444966.00000 4368246.00000 -124.6703
444966.00000 4368250.00000 -125.8844
444966.00000 4368254.00000 -126.6051
444966.00000 4368258.00000 N.C.
444966.00000 4368262.00000 N.C.
444966.00000 4368266.00000 N.C.
444966.00000 4368270.00000 -120.7199
444966.00000 4368274.00000 N.C.
444966.00000 4368278.00000 N.C.
444966.00000 4368282.00000 -118.4124
444966.00000 4368286.00000 -117.6191
444966.00000 4368290.00000 -116.8804
444966.00000 4368294.00000 -117.4161
444966.00000 4368298.00000 -117.7528
444966.00000 4368302.00000 -118.0481
444966.00000 4368306.00000 N.C.
444966.00000 4368310.00000 N.C.
444966.00000 4368314.00000 N.C.
444966.00000 4368318.00000 N.C.
444966.00000 4368322.00000 N.C.
444966.00000 4368326.00000 -125.7445
444966.00000 4368330.00000 N.C.
444966.00000 4368334.00000 -117.3553
444966.00000 4368338.00000 -117.7743
444966.00000 4368342.00000 -118.2054
444966.00000 4368346.00000 N.C.
444966.00000 4368350.00000 N.C.
444966.00000 4368354.00000 N.C.
444966.00000 4368358.00000 N.C.
444966.00000 4368362.00000 -123.5087
444966.00000 4368366.00000 N.C.
444966.00000 4368370.00000 N.C.
444966.00000 4368374.00000 -120.3795
444966.00000 4368378.00000 -119.5841
444966.00000 4368382.00000 -120.2522
444966.00000 4368386.00000 -121.5224
444966.00000 4368390.00000 -122.7480
444966.00000 4368394.00000 -122.6005
444970.00000 4367886.00000 -117.1179
444970.00000 4367890.00000 -117.0296
444970.00000 4367894.00000 -116.9878
444970.00000 4367898.00000 -116.9674
444970.00000 4367902.00000 -117.0855
444970.00000 4367906.00000 -117.0733
444970.00000 4367910.00000 -117.0731
444970.00000 4367914.00000 -117.0636
444970.00000 4367918.00000 -117.1006
444970.00000 4367922.00000 -117.2084
444970.00000 4367926.00000 -117.2765
444970.00000 4367930.00000 -117.3988
444970.00000 4367934.00000 -117.3492
444970.00000 4367938.00000 -117.2474
444970.00000 4367942.00000 -117.1223
444970.00000 4367946.00000 -116.9989
444970.00000 4367950.00000 -116.7018
444970.00000 4367954.00000 -116.3244
444970.00000 4367958.00000 -115.9210
444970.00000 4367962.00000 -115.7932
444970.00000 4367966.00000 -115.7946
444970.00000 4367970.00000 -115.8161
444970.00000 4367974.00000 -115.7286
444970.00000 4367978.00000 -115.5193
444970.00000 4367982.00000 -115.4741
444970.00000 4367986.00000 -115.3775
444970.00000 4367990.00000 -115.2775
444970.00000 4367994.00000 -115.1613
444970.00000 4367998.00000 -115.1300
444970.00000 4368002.00000 -115.1406
444970.00000 4368006.00000 -115.1133
444970.00000 4368010.00000 -115.3229
444970.00000 4368014.00000 -116.2402
444970.00000 4368018.00000 -116.9933
444970.00000 4368022.00000 -117.5641
444970.00000 4368026.00000 -117.4126
444970.00000 4368030.00000 -117.1695
444970.00000 4368034.00000 -117.0809
444970.00000 4368038.00000 -117.2125
444970.00000 4368042.00000 -117.5241
444970.00000 4368046.00000 -117.4252
444970.00000 4368050.00000 -117.1441
444970.00000 4368054.00000 -116.1098
444970.00000 4368058.00000 -115.2623
444970.00000 4368062.00000 -114.4656
444970.00000 4368066.00000 -114.7254
444970.00000 4368070.00000 -115.2693
444970.00000 4368074.00000 -116.1985
444970.00000 4368078.00000 -117.2059
444970.00000 4368082.00000 -118.2513
444970.00000 4368086.00000 -119.2435
444970.00000 4368090.00000 -120.6409
444970.00000 4368094.00000 -121.9269
444970.00000 4368098.00000 -123.1580
444970.00000 4368102.00000 -125.1727
444970.00000 4368106.00000 -127.2315
444970.00000 4368110.00000 N.C.
444970.00000 4368114.00000 -123.7084
444970.00000 4368118.00000 -122.6867
444970.00000 4368122.00000 -123.5089
444970.00000 4368126.00000 -124.4790
444970.00000 4368130.00000 -126.4077
444970.00000 4368134.00000 N.C.
444970.00000 4368138.00000 N.C.
444970.00000 4368142.00000 -129.8160
444970.00000 4368146.00000 N.C.
444970.00000 4368150.00000 N.C.
444970.00000 4368154.00000 -117.1982
444970.00000 4368158.00000 -115.5385
444970.00000 4368162.00000 -113.8005
444970.00000 4368166.00000 -113.5235
444970.00000 4368170.00000 -113.6488
444970.00000 4368174.00000 -114.0822
444970.00000 4368178.00000 -115.4926
444970.00000 4368182.00000 -116.5962
444970.00000 4368186.00000 -116.8217
444970.00000 4368190.00000 -118.8308
444970.00000 4368194.00000 -121.7476
444970.00000 4368198.00000 -121.6738
444970.00000 4368202.00000 -120.0085
444970.00000 4368206.00000 -116.7793
444970.00000 4368210.00000 -116.6258
444970.00000 4368214.00000 N.C.
444970.00000 4368218.00000 N.C.
444970.00000 4368222.00000 -118.4192
444970.00000 4368226.00000 -119.3676
444970.00000 4368230.00000 -120.2986
444970.00000 4368234.00000 -121.6357
444970.00000 4368238.00000 -121.9667
444970.00000 4368242.00000 -123.8573
444970.00000 4368246.00000 -125.4020
444970.00000 4368250.00000 -127.1392
444970.00000 4368254.00000 -127.1692
444970.00000 4368258.00000 N.C.
444970.00000 4368262.00000 N.C.
444970.00000 4368266.00000 N.C.
444970.00000 4368270.00000 N.C.
444970.00000 4368274.00000 N.C.
444970.00000 4368278.00000 -118.7612
444970.00000 4368282.00000 -118.0717
444970.00000 4368286.00000 -117.2996
444970.00000 4368290.00000 -117.1470
444970.00000 4368294.00000 -117.5036
444970.00000 4368298.00000 -117.7657
444970.00000 4368302.00000 -117.9799
444970.00000 4368306.00000 N.C.
444970.00000 4368310.00000 -123.7283
444970.00000 4368314.00000 N.C.
444970.00000 4368318.00000 N.C.
444970.00000 4368322.00000 N.C.
444970.00000 4368326.00000 N.C.
444970.00000 4368330.00000 -119.9027
444970.00000 4368334.00000 -117.4834
444970.00000 4368338.00000 -117.9316
444970.00000 4368342.00000 -118.4204
444970.00000 4368346.00000 N.C.
444970.00000 4368350.00000 N.C.
444970.00000 4368354.00000 N.C.
444970.00000 4368358.00000 N.C.
444970.00000 4368362.00000 -123.0423
444970.00000 4368366.00000 N.C.
444970.00000 4368370.00000 -120.8122
444970.00000 4368374.00000 -120.0705
444970.00000 4368378.00000 -119.2121
444970.00000 4368382.00000 -120.9910
444970.00000 4368386.00000 -122.5523
444970.00000 4368390.00000 -123.4630
444970.00000 4368394.00000 -122.7003
444974.00000 4367886.00000 -117.3742
444974.00000 4367890.00000 -117.1983
444974.00000 4367894.00000 -116.9024
444974.00000 4367898.00000 -116.6782
444974.00000 4367902.00000 -116.7074
444974.00000 4367906.00000 -116.7110
444974.00000 4367910.00000 -116.7671
444974.00000 4367914.00000 -116.7607
444974.00000 4367918.00000 -116.8640
444974.00000 4367922.00000 -116.9618
444974.00000 4367926.00000 -116.9489
444974.00000 4367930.00000 -117.0304
444974.00000 4367934.00000 -117.0761
444974.00000 4367938.00000 -117.1041
444974.00000 4367942.00000 -117.0636
444974.00000 4367946.00000 -116.9605
444974.00000 4367950.00000 -116.7967
444974.00000 4367954.00000 -116.4900
444974.00000 4367958.00000 -116.0329
444974.00000 4367962.00000 -115.7117
444974.00000 4367966.00000 -115.5455
444974.00000 4367970.00000 -115.6313
444974.00000 4367974.00000 -115.6678
444974.00000 4367978.00000 -115.5333
444974.00000 4367982.00000 -115.4110
444974.00000 4367986.00000 -115.3372
444974.00000 4367990.00000 -115.2679
444974.00000 4367994.00000 -115.0737
444974.00000 4367998.00000 -115.0324
444974.00000 4368002.00000 -115.0445
444974.00000 4368006.00000 -115.0718
444974.00000 4368010.00000 -115.1116
444974.00000 4368014.00000 -116.0993
444974.00000 4368018.00000 -116.9399
444974.00000 4368022.00000 -117.5330
444974.00000 4368026.00000 -117.3653
444974.00000 4368030.00000 -117.1532
444974.00000 4368034.00000 -117.0009
444974.00000 4368038.00000 -116.9506
444974.00000 4368042.00000 -117.3158
444974.00000 4368046.00000 -117.3146
444974.00000 4368050.00000 -117.1379
444974.00000 4368054.00000 -116.4316
444974.00000 4368058.00000 -115.5367
444974.00000 4368062.00000 -114.7026
444974.00000 4368066.00000 -114.5364
444974.00000 4368070.00000 -115.4000
444974.00000 4368074.00000 -116.5270
444974.00000 4368078.00000 -117.4283
444974.00000 4368082.00000 -118.3691
444974.00000 4368086.00000 -118.9231
444974.00000 4368090.00000 -120.6655
444974.00000 4368094.00000 -122.2019
444974.00000 4368098.00000 -123.6860
444974.00000 4368102.00000 -125.1845
444974.00000 4368106.00000 N.C.
444974.00000 4368110.00000 N.C.
444974.00000 4368114.00000 -123.6350
444974.00000 4368118.00000 -123.7964
444974.00000 4368122.00000 -124.3435
444974.00000 4368126.00000 -125.0597
444974.00000 4368130.00000 N.C.
444974.00000 4368134.00000 N.C.
444974.00000 4368138.00000 N.C.
444974.00000 4368142.00000 N.C.
444974.00000 4368146.00000 N.C.
444974.00000 4368150.00000 -120.1409
444974.00000 4368154.00000 -118.5063
444974.00000 4368158.00000 -116.3354
444974.00000 4368162.00000 -114.0870
444974.00000 4368166.00000 -113.3229
444974.00000 4368170.00000 -113.3845
444974.00000 4368174.00000 -113.9346
444974.00000 4368178.00000 -115.3681
444974.00000 4368182.00000 N.C.
444974.00000 4368186.00000 -116.5928
444974.00000 4368190.00000 N.C.
444974.00000 4368194.00000 -123.2149
444974.00000 4368198.00000 -122.0327
444974.00000 4368202.00000 -121.5971
444974.00000 4368206.00000 -118.0589
444974.00000 4368210.00000 -118.1309
444974.00000 4368214.00000 -115.1960
444974.00000 4368218.00000 -115.8860
444974.00000 4368222.00000 -117.5532
444974.00000 4368226.00000 -119.3613
444974.00000 4368230.00000 -121.3110
444974.00000 4368234.00000 -122.3584
444974.00000 4368238.00000 -122.8310
444974.00000 4368242.00000 N.C.
444974.00000 4368246.00000 N.C.
444974.00000 4368250.00000 N.C.
444974.00000 4368254.00000 -128.2494
444974.00000 4368258.00000 N.C.
444974.00000 4368262.00000 N.C.
444974.00000 4368266.00000 -118.5180
444974.00000 4368270.00000 N.C.
444974.00000 4368274.00000 N.C.
444974.00000 4368278.00000 -118.2719
444974.00000 4368282.00000 -118.3949
444974.00000 4368286.00000 -118.2966
444974.00000 4368290.00000 -118.2519
444974.00000 4368294.00000 -118.0541
444974.00000 4368298.00000 -117.8819
444974.00000 4368302.00000 -118.0576
444974.00000 4368306.00000 -120.9122
444974.00000 4368310.00000 -121.9496
444974.00000 4368314.00000 -124.5106
444974.00000 4368318.00000 -125.1439
444974.00000 4368322.00000 -130.5183
444974.00000 4368326.00000 N.C.
444974.00000 4368330.00000 -117.0644
444974.00000 4368334.00000 -117.5569
444974.00000 4368338.00000 -118.0934
444974.00000 4368342.00000 -118.6072
444974.00000 4368346.00000 -118.6463
444974.00000 4368350.00000 N.C.
444974.00000 4368354.00000 N.C.
444974.00000 4368358.00000 N.C.
444974.00000 4368362.00000 N.C.
444974.00000 4368366.00000 N.C.
444974.00000 4368370.00000 -120.5803
444974.00000 4368374.00000 -119.9171
444974.00000 4368378.00000 -119.2659
444974.00000 4368382.00000 N.C.
444974.00000 4368386.00000 -123.3572
444974.00000 4368390.00000 -123.5013
444974.00000 4368394.00000 -122.5530
444978.00000 4367886.00000 -117.5400
444978.00000 4367890.00000 -117.3708
444978.00000 4367894.00000 -117.1117
444978.00000 4367898.00000 -116.8234
444978.00000 4367902.00000 -116.6570
444978.00000 4367906.00000 -116.4731
444978.00000 4367910.00000 -116.4637
444978.00000 4367914.00000 -116.4225
444978.00000 4367918.00000 -116.5315
444978.00000 4367922.00000 -116.5958
444978.00000 4367926.00000 -116.6547
444978.00000 4367930.00000 -116.6861
444978.00000 4367934.00000 -116.7433
444978.00000 4367938.00000 -116.8476
444978.00000 4367942.00000 -116.8982
444978.00000 4367946.00000 -116.8290
444978.00000 4367950.00000 -116.7162
444978.00000 4367954.00000 -116.5018
444978.00000 4367958.00000 -116.1689
444978.00000 4367962.00000 -115.7675
444978.00000 4367966.00000 -115.4451
444978.00000 4367970.00000 -115.4069
444978.00000 4367974.00000 -115.4708
444978.00000 4367978.00000 -115.5010
444978.00000 4367982.00000 -115.3841
444978.00000 4367986.00000 -115.2972
444978.00000 4367990.00000 -115.3095
444978.00000 4367994.00000 -115.1319
444978.00000 4367998.00000 -114.9808
444978.00000 4368002.00000 -114.8711
444978.00000 4368006.00000 -114.9389
444978.00000 4368010.00000 -114.9801
444978.00000 4368014.00000 -115.6753
444978.00000 4368018.00000 -116.4277
444978.00000 4368022.00000 -117.0728
444978.00000 4368026.00000 -117.0626
444978.00000 4368030.00000 -117.0497
444978.00000 4368034.00000 -116.8762
444978.00000 4368038.00000 -116.7635
444978.00000 4368042.00000 -116.9667
444978.00000 4368046.00000 -117.1817
444978.00000 4368050.00000 -117.1231
444978.00000 4368054.00000 -116.8204
444978.00000 4368058.00000 -115.8006
444978.00000 4368062.00000 -115.2662
444978.00000 4368066.00000 -114.8270
444978.00000 4368070.00000 -115.8750
444978.00000 4368074.00000 -116.7500
444978.00000 4368078.00000 -117.4927
444978.00000 4368082.00000 -118.1867
444978.00000 4368086.00000 -118.5515
444978.00000 4368090.00000 -120.4250
444978.00000 4368094.00000 -122.0766
444978.00000 4368098.00000 -123.7340
444978.00000 4368102.00000 -124.6589
444978.00000 4368106.00000 N.C.
444978.00000 4368110.00000 -125.5686
444978.00000 4368114.00000 -124.8645
444978.00000 4368118.00000 -125.3674
444978.00000 4368122.00000 -125.6106
444978.00000 4368126.00000 -126.0063
444978.00000 4368130.00000 N.C.
444978.00000 4368134.00000 N.C.
444978.00000 4368138.00000 -129.3649
444978.00000 4368142.00000 -129.3649
444978.00000 4368146.00000 N.C.
444978.00000 4368150.00000 -121.0186
444978.00000 4368154.00000 -119.8696
444978.00000 4368158.00000 -116.4131
444978.00000 4368162.00000 -114.0599
444978.00000 4368166.00000 -113.1820
444978.00000 4368170.00000 -113.2967
444978.00000 4368174.00000 -113.8405
444978.00000 4368178.00000 N.C.
444978.00000 4368182.00000 N.C.
444978.00000 4368186.00000 -113.6719
444978.00000 4368190.00000 N.C.
444978.00000 4368194.00000 N.C.
444978.00000 4368198.00000 N.C.
444978.00000 4368202.00000 N.C.
444978.00000 4368206.00000 -118.1598
444978.00000 4368210.00000 -117.6870
444978.00000 4368214.00000 -115.3778
444978.00000 4368218.00000 -116.3646
444978.00000 4368222.00000 -118.9464
444978.00000 4368226.00000 -121.0069
444978.00000 4368230.00000 -122.6559
444978.00000 4368234.00000 -123.0729
444978.00000 4368238.00000 -123.8356
444978.00000 4368242.00000 N.C.
444978.00000 4368246.00000 -123.3676
444978.00000 4368250.00000 N.C.
444978.00000 4368254.00000 N.C.
444978.00000 4368258.00000 N.C.
444978.00000 4368262.00000 -119.4569
444978.00000 4368266.00000 -118.6485
444978.00000 4368270.00000 -118.4707
444978.00000 4368274.00000 N.C.
444978.00000 4368278.00000 -117.7178
444978.00000 4368282.00000 -118.3416
444978.00000 4368286.00000 -119.4078
444978.00000 4368290.00000 -119.0387
444978.00000 4368294.00000 -118.5832
444978.00000 4368298.00000 -118.0205
444978.00000 4368302.00000 -118.2990
444978.00000 4368306.00000 -118.8921
444978.00000 4368310.00000 -119.5427
444978.00000 4368314.00000 -121.7511
444978.00000 4368318.00000 N.C.
444978.00000 4368322.00000 N.C.
444978.00000 4368326.00000 N.C.
444978.00000 4368330.00000 -116.5927
444978.00000 4368334.00000 -117.3900
444978.00000 4368338.00000 -117.9945
444978.00000 4368342.00000 -118.4208
444978.00000 4368346.00000 -118.4601
444978.00000 4368350.00000 N.C.
444978.00000 4368354.00000 N.C.
444978.00000 4368358.00000 N.C.
444978.00000 4368362.00000 -125.7595
444978.00000 4368366.00000 N.C.
444978.00000 4368370.00000 -121.0297
444978.00000 4368374.00000 -119.8007
444978.00000 4368378.00000 -119.5172
444978.00000 4368382.00000 N.C.
444978.00000 4368386.00000 -123.9673
444978.00000 4368390.00000 -123.3159
444978.00000 4368394.00000 -122.3891
444982.00000 4367886.00000 -117.3209
444982.00000 4367890.00000 -117.2426
444982.00000 4367894.00000 -117.1071
444982.00000 4367898.00000 -116.9674
444982.00000 4367902.00000 -116.8405
444982.00000 4367906.00000 -116.6552
444982.00000 4367910.00000 -116.5165
444982.00000 4367914.00000 -116.3201
444982.00000 4367918.00000 -116.2404
444982.00000 4367922.00000 -116.1964
444982.00000 4367926.00000 -116.2431
444982.00000 4367930.00000 -116.3305
444982.00000 4367934.00000 -116.4304
444982.00000 4367938.00000 -116.5766
444982.00000 4367942.00000 -116.6251
444982.00000 4367946.00000 -116.6031
444982.00000 4367950.00000 -116.4637
444982.00000 4367954.00000 -116.3163
444982.00000 4367958.00000 -116.1501
444982.00000 4367962.00000 -115.9259
444982.00000 4367966.00000 -115.5216
444982.00000 4367970.00000 -115.2984
444982.00000 4367974.00000 -115.1982
444982.00000 4367978.00000 -115.3251
444982.00000 4367982.00000 -115.2976
444982.00000 4367986.00000 -115.2548
444982.00000 4367990.00000 -115.2529
444982.00000 4367994.00000 -115.1294
444982.00000 4367998.00000 -115.0010
444982.00000 4368002.00000 -114.8801
444982.00000 4368006.00000 -114.8587
444982.00000 4368010.00000 -115.1062
444982.00000 4368014.00000 -115.5891
444982.00000 4368018.00000 -116.1709
444982.00000 4368022.00000 -116.5344
444982.00000 4368026.00000 -116.6325
444982.00000 4368030.00000 -116.7580
444982.00000 4368034.00000 -116.7098
444982.00000 4368038.00000 -116.5690
444982.00000 4368042.00000 -116.6564
444982.00000 4368046.00000 -117.0459
444982.00000 4368050.00000 -117.1283
444982.00000 4368054.00000 -117.1340
444982.00000 4368058.00000 -116.2808
444982.00000 4368062.00000 -115.9273
444982.00000 4368066.00000 -115.3816
444982.00000 4368070.00000 -115.7927
444982.00000 4368074.00000 -116.4546
444982.00000 4368078.00000 -117.1248
444982.00000 4368082.00000 -117.9263
444982.00000 4368086.00000 -118.4547
444982.00000 4368090.00000 -120.3056
444982.00000 4368094.00000 -122.2845
444982.00000 4368098.00000 -124.5706
444982.00000 4368102.00000 -126.8066
444982.00000 4368106.00000 -126.7370
444982.00000 4368110.00000 -126.9133
444982.00000 4368114.00000 -125.2618
444982.00000 4368118.00000 -126.2137
444982.00000 4368122.00000 -126.8382
444982.00000 4368126.00000 -128.1056
444982.00000 4368130.00000 N.C.
444982.00000 4368134.00000 N.C.
444982.00000 4368138.00000 -129.4032
444982.00000 4368142.00000 N.C.
444982.00000 4368146.00000 N.C.
444982.00000 4368150.00000 -121.3489
444982.00000 4368154.00000 N.C.
444982.00000 4368158.00000 N.C.
444982.00000 4368162.00000 -113.5555
444982.00000 4368166.00000 -113.0095
444982.00000 4368170.00000 -113.1435
444982.00000 4368174.00000 -113.2207
444982.00000 4368178.00000 N.C.
444982.00000 4368182.00000 N.C.
444982.00000 4368186.00000 -115.2523
444982.00000 4368190.00000 N.C.
444982.00000 4368194.00000 N.C.
444982.00000 4368198.00000 -116.6889
444982.00000 4368202.00000 N.C.
444982.00000 4368206.00000 N.C.
444982.00000 4368210.00000 -116.9535
444982.00000 4368214.00000 -115.4721
444982.00000 4368218.00000 -116.2288
444982.00000 4368222.00000 -119.0398
444982.00000 4368226.00000 -121.9646
444982.00000 4368230.00000 -123.5422
444982.00000 4368234.00000 -124.1375
444982.00000 4368238.00000 -124.9682
444982.00000 4368242.00000 -124.7830
444982.00000 4368246.00000 -123.9441
444982.00000 4368250.00000 -123.3161
444982.00000 4368254.00000 -123.0559
444982.00000 4368258.00000 -121.2938
444982.00000 4368262.00000 -120.0496
444982.00000 4368266.00000 -118.8296
444982.00000 4368270.00000 -118.3654
444982.00000 4368274.00000 -117.3476
444982.00000 4368278.00000 -117.7272
444982.00000 4368282.00000 N.C.
444982.00000 4368286.00000 N.C.
444982.00000 4368290.00000 -119.6292
444982.00000 4368294.00000 -119.2889
444982.00000 4368298.00000 -118.5256
444982.00000 4368302.00000 -118.9035
444982.00000 4368306.00000 -118.6329
444982.00000 4368310.00000 -119.0794
444982.00000 4368314.00000 N.C.
444982.00000 4368318.00000 N.C.
444982.00000 4368322.00000 N.C.
444982.00000 4368326.00000 -115.3456
444982.00000 4368330.00000 -116.4032
444982.00000 4368334.00000 -117.3511
444982.00000 4368338.00000 -117.8704
444982.00000 4368342.00000 -118.2130
444982.00000 4368346.00000 N.C.
444982.00000 4368350.00000 N.C.
444982.00000 4368354.00000 N.C.
444982.00000 4368358.00000 -125.7228
444982.00000 4368362.00000 -125.7595
444982.00000 4368366.00000 -122.8499
444982.00000 4368370.00000 -121.1111
444982.00000 4368374.00000 -121.1049
444982.00000 4368378.00000 -122.8123
444982.00000 4368382.00000 N.C.
444982.00000 4368386.00000 -124.2882
444982.00000 4368390.00000 -123.0489
444982.00000 4368394.00000 -122.2420
444986.00000 4367886.00000 -116.9321
444986.00000 4367890.00000 -116.9053
444986.00000 4367894.00000 -116.8971
444986.00000 4367898.00000 -116.8902
444986.00000 4367902.00000 -116.9080
444986.00000 4367906.00000 -116.8250
444986.00000 4367910.00000 -116.7562
444986.00000 4367914.00000 -116.5574
444986.00000 4367918.00000 -116.3041
444986.00000 4367922.00000 -116.0299
444986.00000 4367926.00000 -115.8714
444986.00000 4367930.00000 -115.8750
444986.00000 4367934.00000 -115.9526
444986.00000 4367938.00000 -116.1157
444986.00000 4367942.00000 -116.2789
444986.00000 4367946.00000 -116.3840
444986.00000 4367950.00000 -116.3265
444986.00000 4367954.00000 -116.1410
444986.00000 4367958.00000 -116.0702
444986.00000 4367962.00000 -115.9823
444986.00000 4367966.00000 -115.7525
444986.00000 4367970.00000 -115.4030
444986.00000 4367974.00000 -115.1942
444986.00000 4367978.00000 -115.1505
444986.00000 4367982.00000 -115.1477
444986.00000 4367986.00000 -115.0685
444986.00000 4367990.00000 -115.0780
444986.00000 4367994.00000 -115.0376
444986.00000 4367998.00000 -114.9565
444986.00000 4368002.00000 -114.8324
444986.00000 4368006.00000 -114.7911
444986.00000 4368010.00000 -115.2425
444986.00000 4368014.00000 -115.7301
444986.00000 4368018.00000 -116.1509
444986.00000 4368022.00000 -116.2514
444986.00000 4368026.00000 -116.2862
444986.00000 4368030.00000 -116.3749
444986.00000 4368034.00000 -116.4712
444986.00000 4368038.00000 -116.3492
444986.00000 4368042.00000 -116.3838
444986.00000 4368046.00000 -116.6572
444986.00000 4368050.00000 -117.0727
444986.00000 4368054.00000 -117.1917
444986.00000 4368058.00000 -116.7946
444986.00000 4368062.00000 -116.3660
444986.00000 4368066.00000 -115.9952
444986.00000 4368070.00000 -115.8049
444986.00000 4368074.00000 -116.2523
444986.00000 4368078.00000 -116.8571
444986.00000 4368082.00000 -117.8668
444986.00000 4368086.00000 -118.6987
444986.00000 4368090.00000 -120.4845
444986.00000 4368094.00000 -122.6042
444986.00000 4368098.00000 -125.1166
444986.00000 4368102.00000 -127.5094
444986.00000 4368106.00000 -127.6815
444986.00000 4368110.00000 -127.8147
444986.00000 4368114.00000 N.C.
444986.00000 4368118.00000 N.C.
444986.00000 4368122.00000 N.C.
444986.00000 4368126.00000 -129.5584
444986.00000 4368130.00000 -131.0558
444986.00000 4368134.00000 -130.4701
444986.00000 4368138.00000 -129.9892
444986.00000 4368142.00000 N.C.
444986.00000 4368146.00000 N.C.
444986.00000 4368150.00000 N.C.
444986.00000 4368154.00000 N.C.
444986.00000 4368158.00000 N.C.
444986.00000 4368162.00000 -112.6282
444986.00000 4368166.00000 -112.7499
444986.00000 4368170.00000 -112.8906
444986.00000 4368174.00000 -112.9438
444986.00000 4368178.00000 N.C.
444986.00000 4368182.00000 N.C.
444986.00000 4368186.00000 -115.0039
444986.00000 4368190.00000 N.C.
444986.00000 4368194.00000 N.C.
444986.00000 4368198.00000 -115.3938
444986.00000 4368202.00000 N.C.
444986.00000 4368206.00000 -115.5433
444986.00000 4368210.00000 -115.3329
444986.00000 4368214.00000 -115.4893
444986.00000 4368218.00000 -116.3036
444986.00000 4368222.00000 N.C.
444986.00000 4368226.00000 N.C.
444986.00000 4368230.00000 -124.0956
444986.00000 4368234.00000 -124.4690
444986.00000 4368238.00000 -125.2936
444986.00000 4368242.00000 -125.0577
444986.00000 4368246.00000 -124.2980
444986.00000 4368250.00000 -123.8501
444986.00000 4368254.00000 -123.3582
444986.00000 4368258.00000 -122.0599
444986.00000 4368262.00000 -120.5924
444986.00000 4368266.00000 -119.0830
444986.00000 4368270.00000 -118.2721
444986.00000 4368274.00000 -117.5649
444986.00000 4368278.00000 N.C.
444986.00000 4368282.00000 N.C.
444986.00000 4368286.00000 N.C.
444986.00000 4368290.00000 -120.5758
444986.00000 4368294.00000 -120.4598
444986.00000 4368298.00000 -119.0889
444986.00000 4368302.00000 -119.4635
444986.00000 4368306.00000 -118.6803
444986.00000 4368310.00000 -118.9912
444986.00000 4368314.00000 N.C.
444986.00000 4368318.00000 N.C.
444986.00000 4368322.00000 -113.7742
444986.00000 4368326.00000 -114.9282
444986.00000 4368330.00000 -116.3757
444986.00000 4368334.00000 -117.7130
444986.00000 4368338.00000 -118.1168
444986.00000 4368342.00000 N.C.
444986.00000 4368346.00000 N.C.
444986.00000 4368350.00000 N.C.
444986.00000 4368354.00000 N.C.
444986.00000 4368358.00000 N.C.
444986.00000 4368362.00000 N.C.
444986.00000 4368366.00000 N.C.
444986.00000 4368370.00000 -121.1509
444986.00000 4368374.00000 N.C.
444986.00000 4368378.00000 -123.5170
444986.00000 4368382.00000 -125.0998
444986.00000 4368386.00000 -124.0076
444986.00000 4368390.00000 -122.7117
444986.00000 4368394.00000 -121.9298
444990.00000 4367886.00000 -116.5240
444990.00000 4367890.00000 -116.5568
444990.00000 4367894.00000 -116.5750
444990.00000 4367898.00000 -116.6259
444990.00000 4367902.00000 -116.6465
444990.00000 4367906.00000 -116.6836
444990.00000 4367910.00000 -116.7502
444990.00000 4367914.00000 -116.7223
444990.00000 4367918.00000 -116.5694
444990.00000 4367922.00000 -116.2722
444990.00000 4367926.00000 -115.9778
444990.00000 4367930.00000 -115.7878
444990.00000 4367934.00000 -115.6569
444990.00000 4367938.00000 -115.6965
444990.00000 4367942.00000 -115.8132
444990.00000 4367946.00000 -116.0653
444990.00000 4367950.00000 -116.2017
444990.00000 4367954.00000 -116.1346
444990.00000 4367958.00000 -115.9589
444990.00000 4367962.00000 -115.8548
444990.00000 4367966.00000 -115.7424
444990.00000 4367970.00000 -115.5425
444990.00000 4367974.00000 -115.2716
444990.00000 4367978.00000 -115.1720
444990.00000 4367982.00000 -115.2646
444990.00000 4367986.00000 -115.3491
444990.00000 4367990.00000 -115.3660
444990.00000 4367994.00000 -115.1231
444990.00000 4367998.00000 -115.0452
444990.00000 4368002.00000 -114.8381
444990.00000 4368006.00000 -114.7502
444990.00000 4368010.00000 -115.2761
444990.00000 4368014.00000 -115.8278
444990.00000 4368018.00000 -116.3772
444990.00000 4368022.00000 -116.1930
444990.00000 4368026.00000 -116.1659
444990.00000 4368030.00000 -116.1324
444990.00000 4368034.00000 -116.1995
444990.00000 4368038.00000 -116.1179
444990.00000 4368042.00000 -116.0750
444990.00000 4368046.00000 -116.3164
444990.00000 4368050.00000 -116.9389
444990.00000 4368054.00000 -117.1125
444990.00000 4368058.00000 -117.1790
444990.00000 4368062.00000 -116.5794
444990.00000 4368066.00000 -116.4508
444990.00000 4368070.00000 -115.8317
444990.00000 4368074.00000 -116.2132
444990.00000 4368078.00000 -116.6719
444990.00000 4368082.00000 -117.9561
444990.00000 4368086.00000 -119.0540
444990.00000 4368090.00000 -120.9666
444990.00000 4368094.00000 -123.7268
444990.00000 4368098.00000 -126.2795
444990.00000 4368102.00000 -129.0886
444990.00000 4368106.00000 N.C.
444990.00000 4368110.00000 N.C.
444990.00000 4368114.00000 N.C.
444990.00000 4368118.00000 N.C.
444990.00000 4368122.00000 N.C.
444990.00000 4368126.00000 N.C.
444990.00000 4368130.00000 N.C.
444990.00000 4368134.00000 N.C.
444990.00000 4368138.00000 N.C.
444990.00000 4368142.00000 N.C.
444990.00000 4368146.00000 -120.4121
444990.00000 4368150.00000 N.C.
444990.00000 4368154.00000 N.C.
444990.00000 4368158.00000 N.C.
444990.00000 4368162.00000 -112.3725
444990.00000 4368166.00000 -112.4750
444990.00000 4368170.00000 -112.5654
444990.00000 4368174.00000 -112.5715
444990.00000 4368178.00000 N.C.
444990.00000 4368182.00000 -114.4133
444990.00000 4368186.00000 N.C.
444990.00000 4368190.00000 N.C.
444990.00000 4368194.00000 N.C.
444990.00000 4368198.00000 -114.1775
444990.00000 4368202.00000 N.C.
444990.00000 4368206.00000 -115.1425
444990.00000 4368210.00000 -115.2660
444990.00000 4368214.00000 -115.3689
444990.00000 4368218.00000 -115.5738
444990.00000 4368222.00000 N.C.
444990.00000 4368226.00000 N.C.
444990.00000 4368230.00000 -123.8949
444990.00000 4368234.00000 N.C.
444990.00000 4368238.00000 N.C.
444990.00000 4368242.00000 N.C.
444990.00000 4368246.00000 -124.8074
444990.00000 4368250.00000 -124.2556
444990.00000 4368254.00000 -123.6602
444990.00000 4368258.00000 -122.2111
444990.00000 4368262.00000 -120.9106
444990.00000 4368266.00000 -120.0979
444990.00000 4368270.00000 -119.3055
444990.00000 4368274.00000 -119.2548
444990.00000 4368278.00000 -119.0748
444990.00000 4368282.00000 N.C.
444990.00000 4368286.00000 N.C.
444990.00000 4368290.00000 -121.3559
444990.00000 4368294.00000 -121.3566
444990.00000 4368298.00000 -120.0131
444990.00000 4368302.00000 -119.3944
444990.00000 4368306.00000 -117.8745
444990.00000 4368310.00000 N.C.
444990.00000 4368314.00000 N.C.
444990.00000 4368318.00000 N.C.
444990.00000 4368322.00000 -113.3350
444990.00000 4368326.00000 -114.6387
444990.00000 4368330.00000 -116.3777
444990.00000 4368334.00000 -117.9741
444990.00000 4368338.00000 -118.6672
444990.00000 4368342.00000 N.C.
444990.00000 4368346.00000 N.C.
444990.00000 4368350.00000 N.C.
444990.00000 4368354.00000 N.C.
444990.00000 4368358.00000 N.C.
444990.00000 4368362.00000 N.C.
444990.00000 4368366.00000 -120.2270
444990.00000 4368370.00000 -119.8615
444990.00000 4368374.00000 -121.1292
444990.00000 4368378.00000 N.C.
444990.00000 4368382.00000 N.C.
444990.00000 4368386.00000 -125.6875
444990.00000 4368390.00000 -122.4030
444990.00000 4368394.00000 -121.6053
444994.00000 4367886.00000 -116.5157
444994.00000 4367890.00000 -116.5184
444994.00000 4367894.00000 -116.4755
444994.00000 4367898.00000 -116.4563
444994.00000 4367902.00000 -116.4071
444994.00000 4367906.00000 -116.3844
444994.00000 4367910.00000 -116.3961
444994.00000 4367914.00000 -116.4738
444994.00000 4367918.00000 -116.5370
444994.00000 4367922.00000 -116.4862
444994.00000 4367926.00000 -116.2889
444994.00000 4367930.00000 -115.9961
444994.00000 4367934.00000 -115.6653
444994.00000 4367938.00000 -115.4503
444994.00000 4367942.00000 -115.3678
444994.00000 4367946.00000 -115.5348
444994.00000 4367950.00000 -115.7190
444994.00000 4367954.00000 -115.8956
444994.00000 4367958.00000 -115.8786
444994.00000 4367962.00000 -115.7946
444994.00000 4367966.00000 -115.6639
444994.00000 4367970.00000 -115.5363
444994.00000 4367974.00000 -115.2893
444994.00000 4367978.00000 -115.1503
444994.00000 4367982.00000 -115.2192
444994.00000 4367986.00000 -115.4909
444994.00000 4367990.00000 -115.6546
444994.00000 4367994.00000 -115.4160
444994.00000 4367998.00000 -115.3234
444994.00000 4368002.00000 -115.2336
444994.00000 4368006.00000 -115.2623
444994.00000 4368010.00000 -115.5585
444994.00000 4368014.00000 -115.9209
444994.00000 4368018.00000 -116.3421
444994.00000 4368022.00000 -116.2989
444994.00000 4368026.00000 -116.2020
444994.00000 4368030.00000 -116.1286
444994.00000 4368034.00000 -115.9994
444994.00000 4368038.00000 -115.9570
444994.00000 4368042.00000 -115.7701
444994.00000 4368046.00000 -115.9432
444994.00000 4368050.00000 -116.4735
444994.00000 4368054.00000 -116.9033
444994.00000 4368058.00000 -117.1157
444994.00000 4368062.00000 -116.6837
444994.00000 4368066.00000 -116.5433
444994.00000 4368070.00000 -116.1387
444994.00000 4368074.00000 -116.2354
444994.00000 4368078.00000 -116.5702
444994.00000 4368082.00000 -117.6939
444994.00000 4368086.00000 -118.9552
444994.00000 4368090.00000 -120.8261
444994.00000 4368094.00000 -124.2495
444994.00000 4368098.00000 -126.4633
444994.00000 4368102.00000 N.C.
444994.00000 4368106.00000 N.C.
444994.00000 4368110.00000 -115.5520
444994.00000 4368114.00000 N.C.
444994.00000 4368118.00000 N.C.
444994.00000 4368122.00000 N.C.
444994.00000 4368126.00000 N.C.
444994.00000 4368130.00000 N.C.
444994.00000 4368134.00000 N.C.
444994.00000 4368138.00000 N.C.
444994.00000 4368142.00000 N.C.
444994.00000 4368146.00000 N.C.
444994.00000 4368150.00000 N.C.
444994.00000 4368154.00000 N.C.
444994.00000 4368158.00000 -113.5494
444994.00000 4368162.00000 -112.1726
444994.00000 4368166.00000 -112.2674
444994.00000 4368170.00000 -112.3769
444994.00000 4368174.00000 -112.3177
444994.00000 4368178.00000 N.C.
444994.00000 4368182.00000 -112.9628
444994.00000 4368186.00000 -113.0634
444994.00000 4368190.00000 N.C.
444994.00000 4368194.00000 N.C.
444994.00000 4368198.00000 -113.9893
444994.00000 4368202.00000 -114.5737
444994.00000 4368206.00000 -114.7092
444994.00000 4368210.00000 -115.1895
444994.00000 4368214.00000 -115.3193
444994.00000 4368218.00000 -115.7135
444994.00000 4368222.00000 N.C.
444994.00000 4368226.00000 -123.7287
444994.00000 4368230.00000 -123.7287
444994.00000 4368234.00000 N.C.
444994.00000 4368238.00000 N.C.
444994.00000 4368242.00000 N.C.
444994.00000 4368246.00000 N.C.
444994.00000 4368250.00000 N.C.
444994.00000 4368254.00000 N.C.
444994.00000 4368258.00000 N.C.
444994.00000 4368262.00000 -121.2196
444994.00000 4368266.00000 -120.8063
444994.00000 4368270.00000 -120.5324
444994.00000 4368274.00000 -121.0783
444994.00000 4368278.00000 -121.6377
444994.00000 4368282.00000 N.C.
444994.00000 4368286.00000 N.C.
444994.00000 4368290.00000 N.C.
444994.00000 4368294.00000 -121.9035
444994.00000 4368298.00000 -120.2567
444994.00000 4368302.00000 -119.4796
444994.00000 4368306.00000 -118.6707
444994.00000 4368310.00000 N.C.
444994.00000 4368314.00000 N.C.
444994.00000 4368318.00000 N.C.
444994.00000 4368322.00000 -113.2907
444994.00000 4368326.00000 -114.9095
444994.00000 4368330.00000 -116.8749
444994.00000 4368334.00000 -118.6053
444994.00000 4368338.00000 -119.3276
444994.00000 4368342.00000 -120.0290
444994.00000 4368346.00000 N.C.
444994.00000 4368350.00000 -132.7162
444994.00000 4368354.00000 -132.7162
444994.00000 4368358.00000 N.C.
444994.00000 4368362.00000 N.C.
444994.00000 4368366.00000 -120.2287
444994.00000 4368370.00000 -119.6643
444994.00000 4368374.00000 -118.8350
444994.00000 4368378.00000 N.C.
444994.00000 4368382.00000 -128.3883
444994.00000 4368386.00000 -126.0413
444994.00000 4368390.00000 -121.9683
444994.00000 4368394.00000 -121.3285
444998.00000 4367886.00000 -116.7646
444998.00000 4367890.00000 -116.6972
444998.00000 4367894.00000 -116.5593
444998.00000 4367898.00000 -116.4606
444998.00000 4367902.00000 -116.2842
444998.00000 4367906.00000 -116.1941
444998.00000 4367910.00000 -116.0216
444998.00000 4367914.00000 -115.9967
444998.00000 4367918.00000 -116.0747
444998.00000 4367922.00000 -116.2385
444998.00000 4367926.00000 -116.3832
444998.00000 4367930.00000 -116.3140
444998.00000 4367934.00000 -116.0580
444998.00000 4367938.00000 -115.6873
444998.00000 4367942.00000 -115.2884
444998.00000 4367946.00000 -115.1450
444998.00000 4367950.00000 -115.2086
444998.00000 4367954.00000 -115.4749
444998.00000 4367958.00000 -115.5552
444998.00000 4367962.00000 -115.5736
444998.00000 4367966.00000 -115.4185
444998.00000 4367970.00000 -115.3879
444998.00000 4367974.00000 -115.1568
444998.00000 4367978.00000 -115.3065
444998.00000 4367982.00000 -115.3709
444998.00000 4367986.00000 -115.6936
444998.00000 4367990.00000 -115.7919
444998.00000 4367994.00000 -115.6900
444998.00000 4367998.00000 -115.6049
444998.00000 4368002.00000 -115.4988
444998.00000 4368006.00000 -115.6185
444998.00000 4368010.00000 -115.8025
444998.00000 4368014.00000 -116.1083
444998.00000 4368018.00000 -116.3613
444998.00000 4368022.00000 -116.4285
444998.00000 4368026.00000 -116.2687
444998.00000 4368030.00000 -116.1968
444998.00000 4368034.00000 -115.9492
444998.00000 4368038.00000 -115.8245
444998.00000 4368042.00000 -115.5635
444998.00000 4368046.00000 -115.6555
444998.00000 4368050.00000 -116.0140
444998.00000 4368054.00000 -116.7229
444998.00000 4368058.00000 -116.9825
444998.00000 4368062.00000 -117.0127
444998.00000 4368066.00000 -116.5539
444998.00000 4368070.00000 -116.2969
444998.00000 4368074.00000 -116.0682
444998.00000 4368078.00000 -116.4365
444998.00000 4368082.00000 -117.3846
444998.00000 4368086.00000 -118.8966
444998.00000 4368090.00000 -120.7679
444998.00000 4368094.00000 -124.9441
444998.00000 4368098.00000 -127.0198
444998.00000 4368102.00000 N.C.
444998.00000 4368106.00000 N.C.
444998.00000 4368110.00000 -116.5945
444998.00000 4368114.00000 N.C.
444998.00000 4368118.00000 N.C.
444998.00000 4368122.00000 N.C.
444998.00000 4368126.00000 N.C.
444998.00000 4368130.00000 N.C.
444998.00000 4368134.00000 -124.9713
444998.00000 4368138.00000 N.C.
444998.00000 4368142.00000 N.C.
444998.00000 4368146.00000 N.C.
444998.00000 4368150.00000 -123.3083
444998.00000 4368154.00000 -116.2573
444998.00000 4368158.00000 -113.1493
444998.00000 4368162.00000 -112.0090
444998.00000 4368166.00000 -112.1592
444998.00000 4368170.00000 -112.3545
444998.00000 4368174.00000 -112.3933
444998.00000 4368178.00000 -112.7327
444998.00000 4368182.00000 -112.8475
444998.00000 4368186.00000 -112.8943
444998.00000 4368190.00000 -112.9025
444998.00000 4368194.00000 -113.7190
444998.00000 4368198.00000 -114.0610
444998.00000 4368202.00000 -114.6187
444998.00000 4368206.00000 -114.6773
444998.00000 4368210.00000 -115.1525
444998.00000 4368214.00000 -115.3170
444998.00000 4368218.00000 N.C.
444998.00000 4368222.00000 N.C.
444998.00000 4368226.00000 -123.6097
444998.00000 4368230.00000 N.C.
444998.00000 4368234.00000 N.C.
444998.00000 4368238.00000 -125.5967
444998.00000 4368242.00000 N.C.
444998.00000 4368246.00000 N.C.
444998.00000 4368250.00000 N.C.
444998.00000 4368254.00000 N.C.
444998.00000 4368258.00000 N.C.
444998.00000 4368262.00000 -121.9315
444998.00000 4368266.00000 N.C.
444998.00000 4368270.00000 N.C.
444998.00000 4368274.00000 -124.3028
444998.00000 4368278.00000 -124.4271
444998.00000 4368282.00000 -123.7451
444998.00000 4368286.00000 -123.5377
444998.00000 4368290.00000 -122.3415
444998.00000 4368294.00000 -122.0507
444998.00000 4368298.00000 -120.4304
444998.00000 4368302.00000 -119.6842
444998.00000 4368306.00000 -118.8073
444998.00000 4368310.00000 -119.1278
444998.00000 4368314.00000 -118.8981
444998.00000 4368318.00000 N.C.
444998.00000 4368322.00000 -114.4073
444998.00000 4368326.00000 -115.4816
444998.00000 4368330.00000 -117.4707
444998.00000 4368334.00000 -119.0222
444998.00000 4368338.00000 -120.3575
444998.00000 4368342.00000 -122.4969
444998.00000 4368346.00000 N.C.
444998.00000 4368350.00000 N.C.
444998.00000 4368354.00000 N.C.
444998.00000 4368358.00000 N.C.
444998.00000 4368362.00000 -120.3999
444998.00000 4368366.00000 -119.5881
444998.00000 4368370.00000 -119.0130
444998.00000 4368374.00000 -120.5583
444998.00000 4368378.00000 N.C.
444998.00000 4368382.00000 -128.7918
444998.00000 4368386.00000 -125.8779
444998.00000 4368390.00000 -121.7334
444998.00000 4368394.00000 -121.0956
445002.00000 4367886.00000 -117.1533
445002.00000 4367890.00000 -117.0067
445002.00000 4367894.00000 -116.7533
445002.00000 4367898.00000 -116.5816
445002.00000 4367902.00000 -116.4306
445002.00000 4367906.00000 -116.2524
445002.00000 4367910.00000 -115.9445
445002.00000 4367914.00000 -115.7362
445002.00000 4367918.00000 -115.6609
445002.00000 4367922.00000 -115.7854
445002.00000 4367926.00000 -115.9710
445002.00000 4367930.00000 -116.1460
445002.00000 4367934.00000 -116.1799
445002.00000 4367938.00000 -115.9887
445002.00000 4367942.00000 -115.6073
445002.00000 4367946.00000 -115.2073
445002.00000 4367950.00000 -114.9811
445002.00000 4367954.00000 -114.9950
445002.00000 4367958.00000 -115.1403
445002.00000 4367962.00000 -115.2519
445002.00000 4367966.00000 -115.2080
445002.00000 4367970.00000 -115.1328
445002.00000 4367974.00000 -115.1645
445002.00000 4367978.00000 -115.4473
445002.00000 4367982.00000 -115.4856
445002.00000 4367986.00000 -115.4523
445002.00000 4367990.00000 -115.4088
445002.00000 4367994.00000 -115.5963
445002.00000 4367998.00000 -115.7234
445002.00000 4368002.00000 -115.7842
445002.00000 4368006.00000 -116.0365
445002.00000 4368010.00000 -116.1441
445002.00000 4368014.00000 -116.2261
445002.00000 4368018.00000 -116.1706
445002.00000 4368022.00000 -116.2818
445002.00000 4368026.00000 -116.2761
445002.00000 4368030.00000 -116.1862
445002.00000 4368034.00000 -116.0060
445002.00000 4368038.00000 -115.7672
445002.00000 4368042.00000 -115.5948
445002.00000 4368046.00000 -115.4721
445002.00000 4368050.00000 -115.6346
445002.00000 4368054.00000 -116.3324
445002.00000 4368058.00000 -116.8899
445002.00000 4368062.00000 -117.2000
445002.00000 4368066.00000 -116.6187
445002.00000 4368070.00000 -116.4039
445002.00000 4368074.00000 -116.0762
445002.00000 4368078.00000 -116.5494
445002.00000 4368082.00000 -117.0033
445002.00000 4368086.00000 -118.6608
445002.00000 4368090.00000 -120.5367
445002.00000 4368094.00000 -124.1559
445002.00000 4368098.00000 -125.3138
445002.00000 4368102.00000 N.C.
445002.00000 4368106.00000 -117.8511
445002.00000 4368110.00000 -116.7178
445002.00000 4368114.00000 N.C.
445002.00000 4368118.00000 N.C.
445002.00000 4368122.00000 N.C.
445002.00000 4368126.00000 -124.5274
445002.00000 4368130.00000 -124.2732
445002.00000 4368134.00000 -125.1497
445002.00000 4368138.00000 N.C.
445002.00000 4368142.00000 N.C.
445002.00000 4368146.00000 N.C.
445002.00000 4368150.00000 N.C.
445002.00000 4368154.00000 N.C.
445002.00000 4368158.00000 -113.4872
445002.00000 4368162.00000 -112.2650
445002.00000 4368166.00000 -112.3223
445002.00000 4368170.00000 -112.2839
445002.00000 4368174.00000 -112.3609
445002.00000 4368178.00000 -112.6284
445002.00000 4368182.00000 -112.6616
445002.00000 4368186.00000 -112.6901
445002.00000 4368190.00000 -113.0521
445002.00000 4368194.00000 -113.4037
445002.00000 4368198.00000 -113.8530
445002.00000 4368202.00000 -114.1083
445002.00000 4368206.00000 -114.5777
445002.00000 4368210.00000 -115.0059
445002.00000 4368214.00000 -115.2959
445002.00000 4368218.00000 N.C.
445002.00000 4368222.00000 N.C.
445002.00000 4368226.00000 -123.1400
445002.00000 4368230.00000 N.C.
445002.00000 4368234.00000 N.C.
445002.00000 4368238.00000 N.C.
445002.00000 4368242.00000 N.C.
445002.00000 4368246.00000 N.C.
445002.00000 4368250.00000 N.C.
445002.00000 4368254.00000 N.C.
445002.00000 4368258.00000 -122.1934
445002.00000 4368262.00000 -122.1934
445002.00000 4368266.00000 N.C.
445002.00000 4368270.00000 N.C.
445002.00000 4368274.00000 -126.6073
445002.00000 4368278.00000 N.C.
445002.00000 4368282.00000 N.C.
445002.00000 4368286.00000 N.C.
445002.00000 4368290.00000 -122.5946
445002.00000 4368294.00000 -121.3093
445002.00000 4368298.00000 -119.4410
445002.00000 4368302.00000 -119.4847
445002.00000 4368306.00000 -119.5415
445002.00000 4368310.00000 -119.7662
445002.00000 4368314.00000 -118.7115
445002.00000 4368318.00000 -116.3484
445002.00000 4368322.00000 -115.5717
445002.00000 4368326.00000 -116.0572
445002.00000 4368330.00000 -118.1642
445002.00000 4368334.00000 -119.1841
445002.00000 4368338.00000 -120.5380
445002.00000 4368342.00000 -122.7023
445002.00000 4368346.00000 -127.2781
445002.00000 4368350.00000 -130.9439
445002.00000 4368354.00000 N.C.
445002.00000 4368358.00000 N.C.
445002.00000 4368362.00000 -120.4790
445002.00000 4368366.00000 -119.4115
445002.00000 4368370.00000 -118.7096
445002.00000 4368374.00000 N.C.
445002.00000 4368378.00000 -125.5863
445002.00000 4368382.00000 N.C.
445002.00000 4368386.00000 -123.7627
445002.00000 4368390.00000 -121.4577
445002.00000 4368394.00000 -120.7803
445006.00000 4367886.00000 -117.3034
445006.00000 4367890.00000 -117.2005
445006.00000 4367894.00000 -116.9694
445006.00000 4367898.00000 -116.7836
445006.00000 4367902.00000 -116.6112
445006.00000 4367906.00000 -116.4419
445006.00000 4367910.00000 -116.2444
445006.00000 4367914.00000 -115.9634
445006.00000 4367918.00000 -115.7080
445006.00000 4367922.00000 -115.5376
445006.00000 4367926.00000 -115.5131
445006.00000 4367930.00000 -115.6512
445006.00000 4367934.00000 -115.8847
445006.00000 4367938.00000 -116.0056
445006.00000 4367942.00000 -115.9051
445006.00000 4367946.00000 -115.5571
445006.00000 4367950.00000 -115.2362
445006.00000 4367954.00000 -114.9950
445006.00000 4367958.00000 -114.9639
445006.00000 4367962.00000 -114.9584
445006.00000 4367966.00000 -114.9436
445006.00000 4367970.00000 -115.0218
445006.00000 4367974.00000 -115.3692
445006.00000 4367978.00000 -115.8700
445006.00000 4367982.00000 -115.9620
445006.00000 4367986.00000 -115.5751
445006.00000 4367990.00000 -115.1904
445006.00000 4367994.00000 -115.2255
445006.00000 4367998.00000 -115.4684
445006.00000 4368002.00000 -115.5514
445006.00000 4368006.00000 -115.7241
445006.00000 4368010.00000 -115.9110
445006.00000 4368014.00000 -116.0546
445006.00000 4368018.00000 -116.0354
445006.00000 4368022.00000 -116.0869
445006.00000 4368026.00000 -116.1811
445006.00000 4368030.00000 -116.1533
445006.00000 4368034.00000 -116.0383
445006.00000 4368038.00000 -115.8211
445006.00000 4368042.00000 -115.6830
445006.00000 4368046.00000 -115.4865
445006.00000 4368050.00000 -115.4512
445006.00000 4368054.00000 -115.8184
445006.00000 4368058.00000 -116.4529
445006.00000 4368062.00000 -117.0091
445006.00000 4368066.00000 -116.8123
445006.00000 4368070.00000 -116.8127
445006.00000 4368074.00000 -116.4989
445006.00000 4368078.00000 -116.8329
445006.00000 4368082.00000 -117.0612
445006.00000 4368086.00000 -118.7965
445006.00000 4368090.00000 -121.4618
445006.00000 4368094.00000 -124.3120
445006.00000 4368098.00000 -125.4895
445006.00000 4368102.00000 -121.6596
445006.00000 4368106.00000 -118.4443
445006.00000 4368110.00000 N.C.
445006.00000 4368114.00000 N.C.
445006.00000 4368118.00000 N.C.
445006.00000 4368122.00000 -124.3048
445006.00000 4368126.00000 -124.5274
445006.00000 4368130.00000 -124.0237
445006.00000 4368134.00000 N.C.
445006.00000 4368138.00000 N.C.
445006.00000 4368142.00000 N.C.
445006.00000 4368146.00000 N.C.
445006.00000 4368150.00000 N.C.
445006.00000 4368154.00000 N.C.
445006.00000 4368158.00000 -112.7344
445006.00000 4368162.00000 -112.7918
445006.00000 4368166.00000 -112.6108
445006.00000 4368170.00000 -112.2637
445006.00000 4368174.00000 -112.3749
445006.00000 4368178.00000 -112.6653
445006.00000 4368182.00000 -112.6955
445006.00000 4368186.00000 -112.4815
445006.00000 4368190.00000 -112.9895
445006.00000 4368194.00000 -113.2590
445006.00000 4368198.00000 -113.7955
445006.00000 4368202.00000 -113.9936
445006.00000 4368206.00000 -114.6356
445006.00000 4368210.00000 -114.9601
445006.00000 4368214.00000 -115.2175
445006.00000 4368218.00000 N.C.
445006.00000 4368222.00000 N.C.
445006.00000 4368226.00000 -122.3452
445006.00000 4368230.00000 N.C.
445006.00000 4368234.00000 N.C.
445006.00000 4368238.00000 -118.0509
445006.00000 4368242.00000 -117.3151
445006.00000 4368246.00000 -116.5929
445006.00000 4368250.00000 N.C.
445006.00000 4368254.00000 N.C.
445006.00000 4368258.00000 -121.7667
445006.00000 4368262.00000 N.C.
445006.00000 4368266.00000 N.C.
445006.00000 4368270.00000 -123.0497
445006.00000 4368274.00000 N.C.
445006.00000 4368278.00000 N.C.
445006.00000 4368282.00000 -118.8506
445006.00000 4368286.00000 N.C.
445006.00000 4368290.00000 -122.6252
445006.00000 4368294.00000 -121.3728
445006.00000 4368298.00000 -119.7547
445006.00000 4368302.00000 -119.4672
445006.00000 4368306.00000 -119.4389
445006.00000 4368310.00000 -119.3531
445006.00000 4368314.00000 -118.1111
445006.00000 4368318.00000 -116.2829
445006.00000 4368322.00000 -116.1358
445006.00000 4368326.00000 -116.4865
445006.00000 4368330.00000 -118.6379
445006.00000 4368334.00000 -119.4959
445006.00000 4368338.00000 -121.4398
445006.00000 4368342.00000 N.C.
445006.00000 4368346.00000 N.C.
445006.00000 4368350.00000 N.C.
445006.00000 4368354.00000 N.C.
445006.00000 4368358.00000 -120.8729
445006.00000 4368362.00000 -120.0211
445006.00000 4368366.00000 -119.0608
445006.00000 4368370.00000 -118.2426
445006.00000 4368374.00000 -120.2773
445006.00000 4368378.00000 N.C.
445006.00000 4368382.00000 N.C.
445006.00000 4368386.00000 -122.1325
445006.00000 4368390.00000 -121.3551
445006.00000 4368394.00000 -120.3738
445010.00000 4367886.00000 -117.3323
445010.00000 4367890.00000 -117.2606
445010.00000 4367894.00000 -117.0459
445010.00000 4367898.00000 -116.8253
445010.00000 4367902.00000 -116.6108
445010.00000 4367906.00000 -116.4280
445010.00000 4367910.00000 -116.3686
445010.00000 4367914.00000 -116.2558
445010.00000 4367918.00000 -116.0882
445010.00000 4367922.00000 -115.7262
445010.00000 4367926.00000 -115.3882
445010.00000 4367930.00000 -115.2467
445010.00000 4367934.00000 -115.4014
445010.00000 4367938.00000 -115.6193
445010.00000 4367942.00000 -115.7849
445010.00000 4367946.00000 -115.7328
445010.00000 4367950.00000 -115.5417
445010.00000 4367954.00000 -115.2409
445010.00000 4367958.00000 -115.0407
445010.00000 4367962.00000 -114.8914
445010.00000 4367966.00000 -114.8861
445010.00000 4367970.00000 -115.1070
445010.00000 4367974.00000 -115.5900
445010.00000 4367978.00000 -115.8673
445010.00000 4367982.00000 -116.0160
445010.00000 4367986.00000 -115.7593
445010.00000 4367990.00000 -115.4411
445010.00000 4367994.00000 -115.1225
445010.00000 4367998.00000 -115.1297
445010.00000 4368002.00000 -115.3149
445010.00000 4368006.00000 -115.4841
445010.00000 4368010.00000 -115.6587
445010.00000 4368014.00000 -115.7973
445010.00000 4368018.00000 -115.8688
445010.00000 4368022.00000 -115.9214
445010.00000 4368026.00000 -116.0364
445010.00000 4368030.00000 -116.0543
445010.00000 4368034.00000 -115.9785
445010.00000 4368038.00000 -115.8502
445010.00000 4368042.00000 -115.7122
445010.00000 4368046.00000 -115.6298
445010.00000 4368050.00000 -115.3937
445010.00000 4368054.00000 -115.5086
445010.00000 4368058.00000 -116.2379
445010.00000 4368062.00000 -116.8503
445010.00000 4368066.00000 -117.0451
445010.00000 4368070.00000 -116.9007
445010.00000 4368074.00000 -116.7637
445010.00000 4368078.00000 -116.8401
445010.00000 4368082.00000 -117.0417
445010.00000 4368086.00000 -118.5105
445010.00000 4368090.00000 -121.6785
445010.00000 4368094.00000 -123.4151
445010.00000 4368098.00000 N.C.
445010.00000 4368102.00000 N.C.
445010.00000 4368106.00000 N.C.
445010.00000 4368110.00000 N.C.
445010.00000 4368114.00000 -112.7612
445010.00000 4368118.00000 N.C.
445010.00000 4368122.00000 N.C.
445010.00000 4368126.00000 N.C.
445010.00000 4368130.00000 N.C.
445010.00000 4368134.00000 N.C.
445010.00000 4368138.00000 N.C.
445010.00000 4368142.00000 N.C.
445010.00000 4368146.00000 N.C.
445010.00000 4368150.00000 N.C.
445010.00000 4368154.00000 N.C.
445010.00000 4368158.00000 -113.0776
445010.00000 4368162.00000 -113.0328
445010.00000 4368166.00000 -112.8574
445010.00000 4368170.00000 -112.1731
445010.00000 4368174.00000 -112.3360
445010.00000 4368178.00000 -112.7579
445010.00000 4368182.00000 -113.0105
445010.00000 4368186.00000 -112.7887
445010.00000 4368190.00000 -113.2730
445010.00000 4368194.00000 -113.4426
445010.00000 4368198.00000 -113.8510
445010.00000 4368202.00000 -114.0285
445010.00000 4368206.00000 -114.6088
445010.00000 4368210.00000 -114.9929
445010.00000 4368214.00000 -115.1627
445010.00000 4368218.00000 N.C.
445010.00000 4368222.00000 -120.8016
445010.00000 4368226.00000 N.C.
445010.00000 4368230.00000 N.C.
445010.00000 4368234.00000 N.C.
445010.00000 4368238.00000 -121.8606
445010.00000 4368242.00000 -119.1454
445010.00000 4368246.00000 -118.4654
445010.00000 4368250.00000 N.C.
445010.00000 4368254.00000 N.C.
445010.00000 4368258.00000 -122.1801
445010.00000 4368262.00000 N.C.
445010.00000 4368266.00000 N.C.
445010.00000 4368270.00000 -119.4062
445010.00000 4368274.00000 -118.5884
445010.00000 4368278.00000 -117.5564
445010.00000 4368282.00000 N.C.
445010.00000 4368286.00000 N.C.
445010.00000 4368290.00000 -120.9235
445010.00000 4368294.00000 -119.8606
445010.00000 4368298.00000 -118.7598
445010.00000 4368302.00000 -119.2767
445010.00000 4368306.00000 -119.9182
445010.00000 4368310.00000 -119.7693
445010.00000 4368314.00000 -117.5785
445010.00000 4368318.00000 -115.2697
445010.00000 4368322.00000 -115.6885
445010.00000 4368326.00000 -116.7218
445010.00000 4368330.00000 -119.5058
445010.00000 4368334.00000 -120.7012
445010.00000 4368338.00000 -122.7738
445010.00000 4368342.00000 -123.2419
445010.00000 4368346.00000 -124.1552
445010.00000 4368350.00000 N.C.
445010.00000 4368354.00000 N.C.
445010.00000 4368358.00000 -121.7082
445010.00000 4368362.00000 -120.5609
445010.00000 4368366.00000 -119.4229
445010.00000 4368370.00000 -118.3344
445010.00000 4368374.00000 -118.0539
445010.00000 4368378.00000 N.C.
445010.00000 4368382.00000 N.C.
445010.00000 4368386.00000 -121.8767
445010.00000 4368390.00000 -121.1450
445010.00000 4368394.00000 -120.1328
445014.00000 4367886.00000 -117.0951
445014.00000 4367890.00000 -117.0771
445014.00000 4367894.00000 -117.0015
445014.00000 4367898.00000 -116.7759
445014.00000 4367902.00000 -116.5421
445014.00000 4367906.00000 -116.3243
445014.00000 4367910.00000 -116.3487
445014.00000 4367914.00000 -116.3285
445014.00000 4367918.00000 -116.3054
445014.00000 4367922.00000 -116.0082
445014.00000 4367926.00000 -115.6560
445014.00000 4367930.00000 -115.2600
445014.00000 4367934.00000 -115.0956
445014.00000 4367938.00000 -115.1815
445014.00000 4367942.00000 -115.3489
445014.00000 4367946.00000 -115.4777
445014.00000 4367950.00000 -115.4222
445014.00000 4367954.00000 -115.3335
445014.00000 4367958.00000 -115.1735
445014.00000 4367962.00000 -114.9845
445014.00000 4367966.00000 -114.8471
445014.00000 4367970.00000 -115.2739
445014.00000 4367974.00000 -115.7838
445014.00000 4367978.00000 -116.0919
445014.00000 4367982.00000 -116.0183
445014.00000 4367986.00000 -115.9114
445014.00000 4367990.00000 -115.7646
445014.00000 4367994.00000 -115.3283
445014.00000 4367998.00000 -114.9854
445014.00000 4368002.00000 -114.9827
445014.00000 4368006.00000 -115.0957
445014.00000 4368010.00000 -115.3319
445014.00000 4368014.00000 -115.6091
445014.00000 4368018.00000 -115.7711
445014.00000 4368022.00000 -115.8470
445014.00000 4368026.00000 -115.8399
445014.00000 4368030.00000 -115.9325
445014.00000 4368034.00000 -115.9025
445014.00000 4368038.00000 -115.8367
445014.00000 4368042.00000 -115.7456
445014.00000 4368046.00000 -115.6998
445014.00000 4368050.00000 -115.4212
445014.00000 4368054.00000 -115.2876
445014.00000 4368058.00000 -115.6745
445014.00000 4368062.00000 -116.5638
445014.00000 4368066.00000 -117.2387
445014.00000 4368070.00000 -117.3107
445014.00000 4368074.00000 -117.2957
445014.00000 4368078.00000 -116.9792
445014.00000 4368082.00000 -117.4095
445014.00000 4368086.00000 -118.4206
445014.00000 4368090.00000 -121.5247
445014.00000 4368094.00000 -123.4571
445014.00000 4368098.00000 N.C.
445014.00000 4368102.00000 N.C.
445014.00000 4368106.00000 N.C.
445014.00000 4368110.00000 N.C.
445014.00000 4368114.00000 -115.1699
445014.00000 4368118.00000 N.C.
445014.00000 4368122.00000 -125.5313
445014.00000 4368126.00000 N.C.
445014.00000 4368130.00000 -122.5784
445014.00000 4368134.00000 -122.5784
445014.00000 4368138.00000 N.C.
445014.00000 4368142.00000 N.C.
445014.00000 4368146.00000 N.C.
445014.00000 4368150.00000 -118.9568
445014.00000 4368154.00000 -115.3745
445014.00000 4368158.00000 -112.8958
445014.00000 4368162.00000 -112.9365
445014.00000 4368166.00000 -112.7976
445014.00000 4368170.00000 -112.4867
445014.00000 4368174.00000 -113.0550
445014.00000 4368178.00000 -113.9341
445014.00000 4368182.00000 -114.2587
445014.00000 4368186.00000 -113.9788
445014.00000 4368190.00000 -113.6731
445014.00000 4368194.00000 -113.6192
445014.00000 4368198.00000 -113.6259
445014.00000 4368202.00000 -114.2831
445014.00000 4368206.00000 -114.6369
445014.00000 4368210.00000 -115.0384
445014.00000 4368214.00000 N.C.
445014.00000 4368218.00000 N.C.
445014.00000 4368222.00000 -119.6838
445014.00000 4368226.00000 N.C.
445014.00000 4368230.00000 N.C.
445014.00000 4368234.00000 -123.4733
445014.00000 4368238.00000 -123.0948
445014.00000 4368242.00000 -119.6126
445014.00000 4368246.00000 -119.1196
445014.00000 4368250.00000 N.C.
445014.00000 4368254.00000 -122.8583
445014.00000 4368258.00000 -122.8583
445014.00000 4368262.00000 N.C.
445014.00000 4368266.00000 N.C.
445014.00000 4368270.00000 -120.6256
445014.00000 4368274.00000 -118.8780
445014.00000 4368278.00000 -118.1108
445014.00000 4368282.00000 N.C.
445014.00000 4368286.00000 N.C.
445014.00000 4368290.00000 -120.5698
445014.00000 4368294.00000 -120.2908
445014.00000 4368298.00000 -119.5616
445014.00000 4368302.00000 -119.9468
445014.00000 4368306.00000 -120.3773
445014.00000 4368310.00000 -120.3493
445014.00000 4368314.00000 N.C.
445014.00000 4368318.00000 -113.9381
445014.00000 4368322.00000 -114.9033
445014.00000 4368326.00000 -116.7272
445014.00000 4368330.00000 -120.6586
445014.00000 4368334.00000 -123.1208
445014.00000 4368338.00000 -125.0836
445014.00000 4368342.00000 -124.8867
445014.00000 4368346.00000 -124.8625
445014.00000 4368350.00000 -124.0479
445014.00000 4368354.00000 -123.4652
445014.00000 4368358.00000 -122.8133
445014.00000 4368362.00000 -121.4032
445014.00000 4368366.00000 -119.8576
445014.00000 4368370.00000 -118.2610
445014.00000 4368374.00000 -117.6674
445014.00000 4368378.00000 N.C.
445014.00000 4368382.00000 N.C.
445014.00000 4368386.00000 -121.5585
445014.00000 4368390.00000 -120.7424
445014.00000 4368394.00000 -119.6932
445018.00000 4367886.00000 -116.7121
445018.00000 4367890.00000 -116.7355
445018.00000 4367894.00000 -116.7875
445018.00000 4367898.00000 -116.6691
445018.00000 4367902.00000 -116.4557
445018.00000 4367906.00000 -116.2195
445018.00000 4367910.00000 -116.1443
445018.00000 4367914.00000 -116.1586
445018.00000 4367918.00000 -116.2508
445018.00000 4367922.00000 -116.1729
445018.00000 4367926.00000 -116.0116
445018.00000 4367930.00000 -115.6403
445018.00000 4367934.00000 -115.3082
445018.00000 4367938.00000 -115.0709
445018.00000 4367942.00000 -114.9498
445018.00000 4367946.00000 -115.0187
445018.00000 4367950.00000 -115.0806
445018.00000 4367954.00000 -115.1523
445018.00000 4367958.00000 -115.0702
445018.00000 4367962.00000 -114.9348
445018.00000 4367966.00000 -114.8216
445018.00000 4367970.00000 -115.1330
445018.00000 4367974.00000 -115.6754
445018.00000 4367978.00000 -116.0596
445018.00000 4367982.00000 -116.1696
445018.00000 4367986.00000 -116.1076
445018.00000 4367990.00000 -116.1384
445018.00000 4367994.00000 -115.7647
445018.00000 4367998.00000 -115.1122
445018.00000 4368002.00000 -114.7710
445018.00000 4368006.00000 -114.7420
445018.00000 4368010.00000 -115.0165
445018.00000 4368014.00000 -115.2618
445018.00000 4368018.00000 -115.5032
445018.00000 4368022.00000 -115.6619
445018.00000 4368026.00000 -115.6771
445018.00000 4368030.00000 -115.6985
445018.00000 4368034.00000 -115.7556
445018.00000 4368038.00000 -115.7570
445018.00000 4368042.00000 -115.7037
445018.00000 4368046.00000 -115.6844
445018.00000 4368050.00000 -115.5537
445018.00000 4368054.00000 -115.5989
445018.00000 4368058.00000 -116.0354
445018.00000 4368062.00000 -117.0256
445018.00000 4368066.00000 -117.5730
445018.00000 4368070.00000 -117.5558
445018.00000 4368074.00000 -117.3450
445018.00000 4368078.00000 -117.0220
445018.00000 4368082.00000 -117.6469
445018.00000 4368086.00000 -118.4803
445018.00000 4368090.00000 -120.4407
445018.00000 4368094.00000 N.C.
445018.00000 4368098.00000 N.C.
445018.00000 4368102.00000 N.C.
445018.00000 4368106.00000 -113.5051
445018.00000 4368110.00000 -114.7707
445018.00000 4368114.00000 -116.0217
445018.00000 4368118.00000 N.C.
445018.00000 4368122.00000 N.C.
445018.00000 4368126.00000 N.C.
445018.00000 4368130.00000 N.C.
445018.00000 4368134.00000 N.C.
445018.00000 4368138.00000 N.C.
445018.00000 4368142.00000 -120.9676
445018.00000 4368146.00000 -122.1189
445018.00000 4368150.00000 -117.7005
445018.00000 4368154.00000 -114.7232
445018.00000 4368158.00000 -112.5265
445018.00000 4368162.00000 -112.5308
445018.00000 4368166.00000 -112.4643
445018.00000 4368170.00000 -112.7632
445018.00000 4368174.00000 -114.4218
445018.00000 4368178.00000 -116.4366
445018.00000 4368182.00000 -117.2055
445018.00000 4368186.00000 -117.0085
445018.00000 4368190.00000 -116.3252
445018.00000 4368194.00000 -115.3287
445018.00000 4368198.00000 -114.4840
445018.00000 4368202.00000 -114.4291
445018.00000 4368206.00000 -114.6277
445018.00000 4368210.00000 -114.8693
445018.00000 4368214.00000 N.C.
445018.00000 4368218.00000 N.C.
445018.00000 4368222.00000 -119.6288
445018.00000 4368226.00000 -119.3974
445018.00000 4368230.00000 -121.5291
445018.00000 4368234.00000 N.C.
445018.00000 4368238.00000 N.C.
445018.00000 4368242.00000 N.C.
445018.00000 4368246.00000 N.C.
445018.00000 4368250.00000 N.C.
445018.00000 4368254.00000 -123.0127
445018.00000 4368258.00000 -123.0127
445018.00000 4368262.00000 N.C.
445018.00000 4368266.00000 -122.9768
445018.00000 4368270.00000 -121.7689
445018.00000 4368274.00000 -119.4045
445018.00000 4368278.00000 -118.6211
445018.00000 4368282.00000 N.C.
445018.00000 4368286.00000 N.C.
445018.00000 4368290.00000 -120.2833
445018.00000 4368294.00000 -120.5889
445018.00000 4368298.00000 -120.3657
445018.00000 4368302.00000 -120.9070
445018.00000 4368306.00000 N.C.
445018.00000 4368310.00000 -121.6959
445018.00000 4368314.00000 N.C.
445018.00000 4368318.00000 -112.9010
445018.00000 4368322.00000 -114.6474
445018.00000 4368326.00000 -116.5170
445018.00000 4368330.00000 N.C.
445018.00000 4368334.00000 -124.7547
445018.00000 4368338.00000 -126.4727
445018.00000 4368342.00000 -126.2510
445018.00000 4368346.00000 -125.7860
445018.00000 4368350.00000 -125.4720
445018.00000 4368354.00000 -124.8389
445018.00000 4368358.00000 -124.6714
445018.00000 4368362.00000 -123.0399
445018.00000 4368366.00000 -120.9106
445018.00000 4368370.00000 -118.9546
445018.00000 4368374.00000 N.C.
445018.00000 4368378.00000 N.C.
445018.00000 4368382.00000 N.C.
445018.00000 4368386.00000 -119.9320
445018.00000 4368390.00000 -119.5406
445018.00000 4368394.00000 -118.7949
445022.00000 4367886.00000 -116.3623
445022.00000 4367890.00000 -116.3836
445022.00000 4367894.00000 -116.4725
445022.00000 4367898.00000 -116.5067
445022.00000 4367902.00000 -116.4503
445022.00000 4367906.00000 -116.2442
445022.00000 4367910.00000 -116.0959
445022.00000 4367914.00000 -115.9837
445022.00000 4367918.00000 -115.9674
445022.00000 4367922.00000 -115.9468
445022.00000 4367926.00000 -115.9817
445022.00000 4367930.00000 -115.9132
445022.00000 4367934.00000 -115.6785
445022.00000 4367938.00000 -115.4021
445022.00000 4367942.00000 -114.9724
445022.00000 4367946.00000 -114.7724
445022.00000 4367950.00000 -114.6246
445022.00000 4367954.00000 -114.7680
445022.00000 4367958.00000 -114.8202
445022.00000 4367962.00000 -114.7739
445022.00000 4367966.00000 -114.6061
445022.00000 4367970.00000 -114.7738
445022.00000 4367974.00000 -115.2429
445022.00000 4367978.00000 -116.0042
445022.00000 4367982.00000 -116.3360
445022.00000 4367986.00000 -116.3706
445022.00000 4367990.00000 -116.1612
445022.00000 4367994.00000 -116.0815
445022.00000 4367998.00000 -115.5635
445022.00000 4368002.00000 -115.0217
445022.00000 4368006.00000 -114.6223
445022.00000 4368010.00000 -114.6826
445022.00000 4368014.00000 -114.9106
445022.00000 4368018.00000 -115.0486
445022.00000 4368022.00000 -115.2907
445022.00000 4368026.00000 -115.4760
445022.00000 4368030.00000 -115.5478
445022.00000 4368034.00000 -115.5982
445022.00000 4368038.00000 -115.5930
445022.00000 4368042.00000 -115.6234
445022.00000 4368046.00000 -115.5602
445022.00000 4368050.00000 -115.4708
445022.00000 4368054.00000 -115.7790
445022.00000 4368058.00000 -116.1941
445022.00000 4368062.00000 -117.0932
445022.00000 4368066.00000 -117.6188
445022.00000 4368070.00000 -117.9969
445022.00000 4368074.00000 -118.1708
445022.00000 4368078.00000 -118.2947
445022.00000 4368082.00000 -118.6791
445022.00000 4368086.00000 -119.5126
445022.00000 4368090.00000 -120.0288
445022.00000 4368094.00000 N.C.
445022.00000 4368098.00000 N.C.
445022.00000 4368102.00000 -112.5146
445022.00000 4368106.00000 -114.2753
445022.00000 4368110.00000 -115.4802
445022.00000 4368114.00000 N.C.
445022.00000 4368118.00000 N.C.
445022.00000 4368122.00000 N.C.
445022.00000 4368126.00000 N.C.
445022.00000 4368130.00000 N.C.
445022.00000 4368134.00000 N.C.
445022.00000 4368138.00000 N.C.
445022.00000 4368142.00000 N.C.
445022.00000 4368146.00000 N.C.
445022.00000 4368150.00000 N.C.
445022.00000 4368154.00000 -112.8700
445022.00000 4368158.00000 -112.2309
445022.00000 4368162.00000 -112.2515
445022.00000 4368166.00000 -112.6225
445022.00000 4368170.00000 -113.9543
445022.00000 4368174.00000 -116.1157
445022.00000 4368178.00000 -118.3666
445022.00000 4368182.00000 -118.9670
445022.00000 4368186.00000 -118.7213
445022.00000 4368190.00000 -117.7159
445022.00000 4368194.00000 -115.7137
445022.00000 4368198.00000 -114.5496
445022.00000 4368202.00000 -114.3540
445022.00000 4368206.00000 -114.6103
445022.00000 4368210.00000 -114.7255
445022.00000 4368214.00000 N.C.
445022.00000 4368218.00000 N.C.
445022.00000 4368222.00000 -119.2081
445022.00000 4368226.00000 -119.1181
445022.00000 4368230.00000 -118.4645
445022.00000 4368234.00000 -117.3213
445022.00000 4368238.00000 N.C.
445022.00000 4368242.00000 N.C.
445022.00000 4368246.00000 N.C.
445022.00000 4368250.00000 N.C.
445022.00000 4368254.00000 -123.0647
445022.00000 4368258.00000 N.C.
445022.00000 4368262.00000 N.C.
445022.00000 4368266.00000 N.C.
445022.00000 4368270.00000 N.C.
445022.00000 4368274.00000 N.C.
445022.00000 4368278.00000 -120.0162
445022.00000 4368282.00000 N.C.
445022.00000 4368286.00000 -118.9333
445022.00000 4368290.00000 -119.8860
445022.00000 4368294.00000 -121.4491
445022.00000 4368298.00000 -122.1059
445022.00000 4368302.00000 -122.0413
445022.00000 4368306.00000 N.C.
445022.00000 4368310.00000 N.C.
445022.00000 4368314.00000 N.C.
445022.00000 4368318.00000 -113.3036
445022.00000 4368322.00000 -114.7740
445022.00000 4368326.00000 -116.2725
445022.00000 4368330.00000 N.C.
445022.00000 4368334.00000 N.C.
445022.00000 4368338.00000 N.C.
445022.00000 4368342.00000 N.C.
445022.00000 4368346.00000 -126.7176
445022.00000 4368350.00000 N.C.
445022.00000 4368354.00000 -125.8055
445022.00000 4368358.00000 -125.6419
445022.00000 4368362.00000 -123.8980
445022.00000 4368366.00000 -120.9065
445022.00000 4368370.00000 -119.1068
445022.00000 4368374.00000 -118.1976
445022.00000 4368378.00000 -118.5505
445022.00000 4368382.00000 -118.9457
445022.00000 4368386.00000 -118.8653
445022.00000 4368390.00000 -118.4284
445022.00000 4368394.00000 -117.9113
445026.00000 4367886.00000 -116.0462
445026.00000 4367890.00000 -116.0799
445026.00000 4367894.00000 -116.1195
445026.00000 4367898.00000 -116.1689
445026.00000 4367902.00000 -116.1851
445026.00000 4367906.00000 -116.1562
445026.00000 4367910.00000 -116.0663
445026.00000 4367914.00000 -115.9337
445026.00000 4367918.00000 -115.8357
445026.00000 4367922.00000 -115.7363
445026.00000 4367926.00000 -115.7256
445026.00000 4367930.00000 -115.7606
445026.00000 4367934.00000 -115.8189
445026.00000 4367938.00000 -115.6860
445026.00000 4367942.00000 -115.3009
445026.00000 4367946.00000 -114.8760
445026.00000 4367950.00000 -114.5950
445026.00000 4367954.00000 -114.5196
445026.00000 4367958.00000 -114.5943
445026.00000 4367962.00000 -114.5805
445026.00000 4367966.00000 -114.5083
445026.00000 4367970.00000 -114.4352
445026.00000 4367974.00000 -114.6389
445026.00000 4367978.00000 -115.4409
445026.00000 4367982.00000 -116.2059
445026.00000 4367986.00000 -116.5914
445026.00000 4367990.00000 -116.2776
445026.00000 4367994.00000 -116.1108
445026.00000 4367998.00000 -115.7868
445026.00000 4368002.00000 -115.3064
445026.00000 4368006.00000 -114.6661
445026.00000 4368010.00000 -114.4497
445026.00000 4368014.00000 -114.5051
445026.00000 4368018.00000 -114.6850
445026.00000 4368022.00000 -115.0099
445026.00000 4368026.00000 -115.2813
445026.00000 4368030.00000 -115.4552
445026.00000 4368034.00000 -115.4377
445026.00000 4368038.00000 -115.4988
445026.00000 4368042.00000 -115.4823
445026.00000 4368046.00000 -115.4542
445026.00000 4368050.00000 -115.4005
445026.00000 4368054.00000 -115.8891
445026.00000 4368058.00000 -116.4681
445026.00000 4368062.00000 -117.1697
445026.00000 4368066.00000 -117.7283
445026.00000 4368070.00000 -118.2619
445026.00000 4368074.00000 -118.5841
445026.00000 4368078.00000 -119.1197
445026.00000 4368082.00000 -119.4645
445026.00000 4368086.00000 -120.3791
445026.00000 4368090.00000 -120.5297
445026.00000 4368094.00000 N.C.
445026.00000 4368098.00000 N.C.
445026.00000 4368102.00000 N.C.
445026.00000 4368106.00000 N.C.
445026.00000 4368110.00000 -115.6047
445026.00000 4368114.00000 N.C.
445026.00000 4368118.00000 N.C.
445026.00000 4368122.00000 N.C.
445026.00000 4368126.00000 N.C.
445026.00000 4368130.00000 N.C.
445026.00000 4368134.00000 -114.9638
445026.00000 4368138.00000 -114.9638
445026.00000 4368142.00000 N.C.
445026.00000 4368146.00000 N.C.
445026.00000 4368150.00000 N.C.
445026.00000 4368154.00000 -111.4340
445026.00000 4368158.00000 -111.9781
445026.00000 4368162.00000 -112.0690
445026.00000 4368166.00000 -112.4523
445026.00000 4368170.00000 -113.8985
445026.00000 4368174.00000 -117.1839
445026.00000 4368178.00000 N.C.
445026.00000 4368182.00000 N.C.
445026.00000 4368186.00000 N.C.
445026.00000 4368190.00000 N.C.
445026.00000 4368194.00000 N.C.
445026.00000 4368198.00000 -115.0128
445026.00000 4368202.00000 -114.3872
445026.00000 4368206.00000 -114.6458
445026.00000 4368210.00000 -114.6066
445026.00000 4368214.00000 N.C.
445026.00000 4368218.00000 -118.2809
445026.00000 4368222.00000 -118.4369
445026.00000 4368226.00000 -118.3570
445026.00000 4368230.00000 -117.3247
445026.00000 4368234.00000 -116.4264
445026.00000 4368238.00000 -115.8564
445026.00000 4368242.00000 N.C.
445026.00000 4368246.00000 -125.5320
445026.00000 4368250.00000 -124.5952
445026.00000 4368254.00000 -123.5972
445026.00000 4368258.00000 N.C.
445026.00000 4368262.00000 N.C.
445026.00000 4368266.00000 N.C.
445026.00000 4368270.00000 N.C.
445026.00000 4368274.00000 N.C.
445026.00000 4368278.00000 N.C.
445026.00000 4368282.00000 N.C.
445026.00000 4368286.00000 -119.8029
445026.00000 4368290.00000 -120.1326
445026.00000 4368294.00000 N.C.
445026.00000 4368298.00000 N.C.
445026.00000 4368302.00000 -125.1570
445026.00000 4368306.00000 N.C.
445026.00000 4368310.00000 N.C.
445026.00000 4368314.00000 -112.1965
445026.00000 4368318.00000 -113.1605
445026.00000 4368322.00000 -114.7384
445026.00000 4368326.00000 N.C.
445026.00000 4368330.00000 N.C.
445026.00000 4368334.00000 -117.7374
445026.00000 4368338.00000 N.C.
445026.00000 4368342.00000 N.C.
445026.00000 4368346.00000 N.C.
445026.00000 4368350.00000 N.C.
445026.00000 4368354.00000 N.C.
445026.00000 4368358.00000 N.C.
445026.00000 4368362.00000 N.C.
445026.00000 4368366.00000 N.C.
445026.00000 4368370.00000 -119.0819
445026.00000 4368374.00000 -118.5198
445026.00000 4368378.00000 -118.6387
445026.00000 4368382.00000 -118.6986
445026.00000 4368386.00000 -118.3702
445026.00000 4368390.00000 -117.9491
445026.00000 4368394.00000 -117.6508
445030.00000 4367886.00000 -116.1984
445030.00000 4367890.00000 -116.1348
445030.00000 4367894.00000 -115.9704
445030.00000 4367898.00000 -115.9036
445030.00000 4367902.00000 -115.8781
445030.00000 4367906.00000 -115.9035
445030.00000 4367910.00000 -115.9016
445030.00000 4367914.00000 -115.8377
445030.00000 4367918.00000 -115.7309
445030.00000 4367922.00000 -115.6019
445030.00000 4367926.00000 -115.4650
445030.00000 4367930.00000 -115.3956
445030.00000 4367934.00000 -115.4060
445030.00000 4367938.00000 -115.4749
445030.00000 4367942.00000 -115.4137
445030.00000 4367946.00000 -115.1587
445030.00000 4367950.00000 -114.7509
445030.00000 4367954.00000 -114.4154
445030.00000 4367958.00000 -114.2926
445030.00000 4367962.00000 -114.3577
445030.00000 4367966.00000 -114.4272
445030.00000 4367970.00000 -114.3874
445030.00000 4367974.00000 -114.2837
445030.00000 4367978.00000 -114.8452
445030.00000 4367982.00000 -115.5768
445030.00000 4367986.00000 -116.3631
445030.00000 4367990.00000 -116.2490
445030.00000 4367994.00000 -116.1044
445030.00000 4367998.00000 -115.8337
445030.00000 4368002.00000 -115.6132
445030.00000 4368006.00000 -114.9216
445030.00000 4368010.00000 -114.4127
445030.00000 4368014.00000 -114.2057
445030.00000 4368018.00000 -114.3336
445030.00000 4368022.00000 -114.6657
445030.00000 4368026.00000 -115.0018
445030.00000 4368030.00000 -115.2639
445030.00000 4368034.00000 -115.2460
445030.00000 4368038.00000 -115.2305
445030.00000 4368042.00000 -115.2867
445030.00000 4368046.00000 -115.2902
445030.00000 4368050.00000 -115.1965
445030.00000 4368054.00000 -115.4116
445030.00000 4368058.00000 -116.1009
445030.00000 4368062.00000 -116.6236
445030.00000 4368066.00000 -117.3374
445030.00000 4368070.00000 -118.0031
445030.00000 4368074.00000 -119.0519
445030.00000 4368078.00000 -120.3574
445030.00000 4368082.00000 -121.6998
445030.00000 4368086.00000 -122.6099
445030.00000 4368090.00000 N.C.
445030.00000 4368094.00000 N.C.
445030.00000 4368098.00000 N.C.
445030.00000 4368102.00000 N.C.
445030.00000 4368106.00000 N.C.
445030.00000 4368110.00000 N.C.
445030.00000 4368114.00000 N.C.
445030.00000 4368118.00000 N.C.
445030.00000 4368122.00000 N.C.
445030.00000 4368126.00000 N.C.
445030.00000 4368130.00000 N.C.
445030.00000 4368134.00000 -115.5251
445030.00000 4368138.00000 -115.5251
445030.00000 4368142.00000 N.C.
445030.00000 4368146.00000 -115.6782
445030.00000 4368150.00000 N.C.
445030.00000 4368154.00000 -111.5220
445030.00000 4368158.00000 -111.8025
445030.00000 4368162.00000 -111.7680
445030.00000 4368166.00000 -112.1514
445030.00000 4368170.00000 N.C.
445030.00000 4368174.00000 N.C.
445030.00000 4368178.00000 N.C.
445030.00000 4368182.00000 N.C.
445030.00000 4368186.00000 N.C.
445030.00000 4368190.00000 N.C.
445030.00000 4368194.00000 -114.0768
445030.00000 4368198.00000 -114.2882
445030.00000 4368202.00000 -114.4471
445030.00000 4368206.00000 -114.6936
445030.00000 4368210.00000 N.C.
445030.00000 4368214.00000 N.C.
445030.00000 4368218.00000 -117.5198
445030.00000 4368222.00000 -117.5075
445030.00000 4368226.00000 -117.2478
445030.00000 4368230.00000 -116.2846
445030.00000 4368234.00000 -115.6094
445030.00000 4368238.00000 N.C.
445030.00000 4368242.00000 N.C.
445030.00000 4368246.00000 N.C.
445030.00000 4368250.00000 N.C.
445030.00000 4368254.00000 -124.8488
445030.00000 4368258.00000 N.C.
445030.00000 4368262.00000 N.C.
445030.00000 4368266.00000 N.C.
445030.00000 4368270.00000 N.C.
445030.00000 4368274.00000 N.C.
445030.00000 4368278.00000 N.C.
445030.00000 4368282.00000 -118.7142
445030.00000 4368286.00000 -119.8265
445030.00000 4368290.00000 -119.3607
445030.00000 4368294.00000 N.C.
445030.00000 4368298.00000 N.C.
445030.00000 4368302.00000 -126.2078
445030.00000 4368306.00000 -126.5509
445030.00000 4368310.00000 N.C.
445030.00000 4368314.00000 -114.2226
445030.00000 4368318.00000 -112.6360
445030.00000 4368322.00000 N.C.
445030.00000 4368326.00000 N.C.
445030.00000 4368330.00000 N.C.
445030.00000 4368334.00000 -117.9854
445030.00000 4368338.00000 -118.4925
445030.00000 4368342.00000 -118.9956
445030.00000 4368346.00000 N.C.
445030.00000 4368350.00000 N.C.
445030.00000 4368354.00000 N.C.
445030.00000 4368358.00000 N.C.
445030.00000 4368362.00000 N.C.
445030.00000 4368366.00000 N.C.
445030.00000 4368370.00000 -118.4420
445030.00000 4368374.00000 -118.7799
445030.00000 4368378.00000 -119.5419
445030.00000 4368382.00000 -120.1163
445030.00000 4368386.00000 -119.6382
445030.00000 4368390.00000 -118.6699
445030.00000 4368394.00000 -118.0246
445034.00000 4367886.00000 -116.2037
445034.00000 4367890.00000 -116.1783
445034.00000 4367894.00000 -116.0313
445034.00000 4367898.00000 -115.8872
445034.00000 4367902.00000 -115.7163
445034.00000 4367906.00000 -115.6509
445034.00000 4367910.00000 -115.6390
445034.00000 4367914.00000 -115.6203
445034.00000 4367918.00000 -115.5878
445034.00000 4367922.00000 -115.5170
445034.00000 4367926.00000 -115.4001
445034.00000 4367930.00000 -115.2198
445034.00000 4367934.00000 -115.0797
445034.00000 4367938.00000 -115.0254
445034.00000 4367942.00000 -115.1267
445034.00000 4367946.00000 -115.1105
445034.00000 4367950.00000 -114.9615
445034.00000 4367954.00000 -114.6488
445034.00000 4367958.00000 -114.3640
445034.00000 4367962.00000 -114.2964
445034.00000 4367966.00000 -114.3214
445034.00000 4367970.00000 -114.3346
445034.00000 4367974.00000 -114.2040
445034.00000 4367978.00000 -114.2925
445034.00000 4367982.00000 -114.8681
445034.00000 4367986.00000 -115.6024
445034.00000 4367990.00000 -116.0979
445034.00000 4367994.00000 -116.0294
445034.00000 4367998.00000 -115.7898
445034.00000 4368002.00000 -115.5951
445034.00000 4368006.00000 -115.1612
445034.00000 4368010.00000 -114.6487
445034.00000 4368014.00000 -114.1197
445034.00000 4368018.00000 -114.0764
445034.00000 4368022.00000 -114.2930
445034.00000 4368026.00000 -114.5541
445034.00000 4368030.00000 -114.8288
445034.00000 4368034.00000 -114.9871
445034.00000 4368038.00000 -115.0580
445034.00000 4368042.00000 -115.0988
445034.00000 4368046.00000 -115.1093
445034.00000 4368050.00000 -115.1528
445034.00000 4368054.00000 -115.0991
445034.00000 4368058.00000 -115.6244
445034.00000 4368062.00000 -116.1941
445034.00000 4368066.00000 -117.2736
445034.00000 4368070.00000 -118.1353
445034.00000 4368074.00000 -119.4778
445034.00000 4368078.00000 -120.6123
445034.00000 4368082.00000 -122.9677
445034.00000 4368086.00000 -124.0028
445034.00000 4368090.00000 N.C.
445034.00000 4368094.00000 N.C.
445034.00000 4368098.00000 -116.8300
445034.00000 4368102.00000 N.C.
445034.00000 4368106.00000 -113.1615
445034.00000 4368110.00000 -111.9467
445034.00000 4368114.00000 -110.1658
445034.00000 4368118.00000 N.C.
445034.00000 4368122.00000 N.C.
445034.00000 4368126.00000 N.C.
445034.00000 4368130.00000 N.C.
445034.00000 4368134.00000 N.C.
445034.00000 4368138.00000 -116.5131
445034.00000 4368142.00000 N.C.
445034.00000 4368146.00000 N.C.
445034.00000 4368150.00000 N.C.
445034.00000 4368154.00000 -111.6463
445034.00000 4368158.00000 -111.8871
445034.00000 4368162.00000 -111.8195
445034.00000 4368166.00000 -111.4486
445034.00000 4368170.00000 N.C.
445034.00000 4368174.00000 N.C.
445034.00000 4368178.00000 N.C.
445034.00000 4368182.00000 N.C.
445034.00000 4368186.00000 N.C.
445034.00000 4368190.00000 N.C.
445034.00000 4368194.00000 -114.0390
445034.00000 4368198.00000 -114.1606
445034.00000 4368202.00000 -114.3283
445034.00000 4368206.00000 -114.3455
445034.00000 4368210.00000 N.C.
445034.00000 4368214.00000 N.C.
445034.00000 4368218.00000 -116.5622
445034.00000 4368222.00000 -116.5490
445034.00000 4368226.00000 -116.1436
445034.00000 4368230.00000 -115.7442
445034.00000 4368234.00000 -115.3549
445034.00000 4368238.00000 N.C.
445034.00000 4368242.00000 N.C.
445034.00000 4368246.00000 N.C.
445034.00000 4368250.00000 -125.3810
445034.00000 4368254.00000 -125.3810
445034.00000 4368258.00000 N.C.
445034.00000 4368262.00000 N.C.
445034.00000 4368266.00000 -121.4696
445034.00000 4368270.00000 N.C.
445034.00000 4368274.00000 N.C.
445034.00000 4368278.00000 N.C.
445034.00000 4368282.00000 -120.2509
445034.00000 4368286.00000 -121.0104
445034.00000 4368290.00000 N.C.
445034.00000 4368294.00000 N.C.
445034.00000 4368298.00000 N.C.
445034.00000 4368302.00000 N.C.
445034.00000 4368306.00000 N.C.
445034.00000 4368310.00000 -117.8203
445034.00000 4368314.00000 -114.1884
445034.00000 4368318.00000 -111.9564
445034.00000 4368322.00000 N.C.
445034.00000 4368326.00000 N.C.
445034.00000 4368330.00000 -119.1636
445034.00000 4368334.00000 -117.8874
445034.00000 4368338.00000 -117.6497
445034.00000 4368342.00000 -118.2039
445034.00000 4368346.00000 N.C.
445034.00000 4368350.00000 N.C.
445034.00000 4368354.00000 N.C.
445034.00000 4368358.00000 -122.7931
445034.00000 4368362.00000 N.C.
445034.00000 4368366.00000 N.C.
445034.00000 4368370.00000 -118.4167
445034.00000 4368374.00000 -118.6974
445034.00000 4368378.00000 N.C.
445034.00000 4368382.00000 -121.0739
445034.00000 4368386.00000 -120.3811
445034.00000 4368390.00000 -119.3127
445034.00000 4368394.00000 -118.3434
445038.00000 4367886.00000 -116.3382
445038.00000 4367890.00000 -116.2399
445038.00000 4367894.00000 -116.0357
445038.00000 4367898.00000 -115.9108
445038.00000 4367902.00000 -115.7782
445038.00000 4367906.00000 -115.6858
445038.00000 4367910.00000 -115.5643
445038.00000 4367914.00000 -115.4609
445038.00000 4367918.00000 -115.3638
445038.00000 4367922.00000 -115.2888
445038.00000 4367926.00000 -115.2408
445038.00000 4367930.00000 -115.1459
445038.00000 4367934.00000 -114.9843
445038.00000 4367938.00000 -114.7966
445038.00000 4367942.00000 -114.7729
445038.00000 4367946.00000 -114.8338
445038.00000 4367950.00000 -114.8464
445038.00000 4367954.00000 -114.7411
445038.00000 4367958.00000 -114.4885
445038.00000 4367962.00000 -114.4742
445038.00000 4367966.00000 -114.5955
445038.00000 4367970.00000 -114.8126
445038.00000 4367974.00000 -114.9089
445038.00000 4367978.00000 -114.5639
445038.00000 4367982.00000 -114.5259
445038.00000 4367986.00000 -114.7660
445038.00000 4367990.00000 -115.4623
445038.00000 4367994.00000 -115.8634
445038.00000 4367998.00000 -115.7451
445038.00000 4368002.00000 -115.6527
445038.00000 4368006.00000 -115.2777
445038.00000 4368010.00000 -114.9836
445038.00000 4368014.00000 -114.2875
445038.00000 4368018.00000 -114.0411
445038.00000 4368022.00000 -113.8991
445038.00000 4368026.00000 -114.1322
445038.00000 4368030.00000 -114.3929
445038.00000 4368034.00000 -114.6610
445038.00000 4368038.00000 -114.8459
445038.00000 4368042.00000 -114.8946
445038.00000 4368046.00000 -114.9909
445038.00000 4368050.00000 -114.9972
445038.00000 4368054.00000 -114.9055
445038.00000 4368058.00000 -115.1372
445038.00000 4368062.00000 -115.7415
445038.00000 4368066.00000 -116.6491
445038.00000 4368070.00000 -117.8648
445038.00000 4368074.00000 -119.6721
445038.00000 4368078.00000 -121.6431
445038.00000 4368082.00000 -124.3147
445038.00000 4368086.00000 -125.6268
445038.00000 4368090.00000 N.C.
445038.00000 4368094.00000 N.C.
445038.00000 4368098.00000 -118.7136
445038.00000 4368102.00000 N.C.
445038.00000 4368106.00000 N.C.
445038.00000 4368110.00000 -111.7314
445038.00000 4368114.00000 -110.5083
445038.00000 4368118.00000 N.C.
445038.00000 4368122.00000 -114.9953
445038.00000 4368126.00000 -114.7320
445038.00000 4368130.00000 -114.6764
445038.00000 4368134.00000 N.C.
445038.00000 4368138.00000 N.C.
445038.00000 4368142.00000 -114.3111
445038.00000 4368146.00000 N.C.
445038.00000 4368150.00000 N.C.
445038.00000 4368154.00000 -111.6973
445038.00000 4368158.00000 -111.7883
445038.00000 4368162.00000 -111.6664
445038.00000 4368166.00000 -111.5504
445038.00000 4368170.00000 N.C.
445038.00000 4368174.00000 N.C.
445038.00000 4368178.00000 N.C.
445038.00000 4368182.00000 N.C.
445038.00000 4368186.00000 N.C.
445038.00000 4368190.00000 N.C.
445038.00000 4368194.00000 -113.9014
445038.00000 4368198.00000 -113.9771
445038.00000 4368202.00000 -114.3253
445038.00000 4368206.00000 -114.3493
445038.00000 4368210.00000 N.C.
445038.00000 4368214.00000 N.C.
445038.00000 4368218.00000 -115.7333
445038.00000 4368222.00000 -115.6124
445038.00000 4368226.00000 -115.3032
445038.00000 4368230.00000 -115.2615
445038.00000 4368234.00000 -115.2741
445038.00000 4368238.00000 N.C.
445038.00000 4368242.00000 N.C.
445038.00000 4368246.00000 N.C.
445038.00000 4368250.00000 -125.4455
445038.00000 4368254.00000 N.C.
445038.00000 4368258.00000 N.C.
445038.00000 4368262.00000 N.C.
445038.00000 4368266.00000 -121.4696
445038.00000 4368270.00000 N.C.
445038.00000 4368274.00000 -130.0058
445038.00000 4368278.00000 N.C.
445038.00000 4368282.00000 -120.2386
445038.00000 4368286.00000 -120.2386
445038.00000 4368290.00000 N.C.
445038.00000 4368294.00000 N.C.
445038.00000 4368298.00000 N.C.
445038.00000 4368302.00000 N.C.
445038.00000 4368306.00000 N.C.
445038.00000 4368310.00000 N.C.
445038.00000 4368314.00000 -114.0144
445038.00000 4368318.00000 -112.1547
445038.00000 4368322.00000 N.C.
445038.00000 4368326.00000 N.C.
445038.00000 4368330.00000 -120.4253
445038.00000 4368334.00000 -119.0710
445038.00000 4368338.00000 -118.9349
445038.00000 4368342.00000 N.C.
445038.00000 4368346.00000 -121.4280
445038.00000 4368350.00000 N.C.
445038.00000 4368354.00000 N.C.
445038.00000 4368358.00000 -120.2196
445038.00000 4368362.00000 N.C.
445038.00000 4368366.00000 -118.9638
445038.00000 4368370.00000 -118.8460
445038.00000 4368374.00000 -119.9361
445038.00000 4368378.00000 N.C.
445038.00000 4368382.00000 N.C.
445038.00000 4368386.00000 -121.0667
445038.00000 4368390.00000 -119.5484
445038.00000 4368394.00000 -118.2217
445042.00000 4367886.00000 -116.2286
445042.00000 4367890.00000 -116.1462
445042.00000 4367894.00000 -116.0436
445042.00000 4367898.00000 -115.9420
445042.00000 4367902.00000 -115.8367
445042.00000 4367906.00000 -115.7195
445042.00000 4367910.00000 -115.5560
445042.00000 4367914.00000 -115.4422
445042.00000 4367918.00000 -115.2841
445042.00000 4367922.00000 -115.1380
445042.00000 4367926.00000 -115.0549
445042.00000 4367930.00000 -115.0614
445042.00000 4367934.00000 -114.9944
445042.00000 4367938.00000 -114.8278
445042.00000 4367942.00000 -114.6495
445042.00000 4367946.00000 -114.5643
445042.00000 4367950.00000 -114.5671
445042.00000 4367954.00000 -114.6199
445042.00000 4367958.00000 -114.5615
445042.00000 4367962.00000 -114.7642
445042.00000 4367966.00000 -114.8478
445042.00000 4367970.00000 -115.1757
445042.00000 4367974.00000 -115.2588
445042.00000 4367978.00000 -115.0002
445042.00000 4367982.00000 -114.7706
445042.00000 4367986.00000 -114.7120
445042.00000 4367990.00000 -115.1084
445042.00000 4367994.00000 -115.4630
445042.00000 4367998.00000 -115.5331
445042.00000 4368002.00000 -115.4782
445042.00000 4368006.00000 -115.3413
445042.00000 4368010.00000 -115.1841
445042.00000 4368014.00000 -114.7822
445042.00000 4368018.00000 -114.2199
445042.00000 4368022.00000 -113.8253
445042.00000 4368026.00000 -113.7037
445042.00000 4368030.00000 -113.9525
445042.00000 4368034.00000 -114.2646
445042.00000 4368038.00000 -114.6344
445042.00000 4368042.00000 -114.8081
445042.00000 4368046.00000 -114.8537
445042.00000 4368050.00000 -114.8593
445042.00000 4368054.00000 -114.8421
445042.00000 4368058.00000 -114.7817
445042.00000 4368062.00000 -115.1122
445042.00000 4368066.00000 -116.0499
445042.00000 4368070.00000 -117.4529
445042.00000 4368074.00000 -119.8344
445042.00000 4368078.00000 -122.3252
445042.00000 4368082.00000 -124.5958
445042.00000 4368086.00000 N.C.
445042.00000 4368090.00000 N.C.
445042.00000 4368094.00000 N.C.
445042.00000 4368098.00000 -120.9988
445042.00000 4368102.00000 N.C.
445042.00000 4368106.00000 N.C.
445042.00000 4368110.00000 -112.7062
445042.00000 4368114.00000 -113.0452
445042.00000 4368118.00000 N.C.
445042.00000 4368122.00000 N.C.
445042.00000 4368126.00000 N.C.
445042.00000 4368130.00000 -114.4230
445042.00000 4368134.00000 N.C.
445042.00000 4368138.00000 -112.5716
445042.00000 4368142.00000 -113.2975
445042.00000 4368146.00000 -114.1061
445042.00000 4368150.00000 -112.2719
445042.00000 4368154.00000 -111.4562
445042.00000 4368158.00000 -111.3644
445042.00000 4368162.00000 -111.2208
445042.00000 4368166.00000 -111.3092
445042.00000 4368170.00000 -111.4898
445042.00000 4368174.00000 N.C.
445042.00000 4368178.00000 N.C.
445042.00000 4368182.00000 N.C.
445042.00000 4368186.00000 N.C.
445042.00000 4368190.00000 N.C.
445042.00000 4368194.00000 -113.7042
445042.00000 4368198.00000 -113.9515
445042.00000 4368202.00000 -114.1763
445042.00000 4368206.00000 -114.2047
445042.00000 4368210.00000 N.C.
445042.00000 4368214.00000 -115.2761
445042.00000 4368218.00000 -114.9018
445042.00000 4368222.00000 -114.7343
445042.00000 4368226.00000 -114.7607
445042.00000 4368230.00000 -115.1669
445042.00000 4368234.00000 -115.2970
445042.00000 4368238.00000 N.C.
445042.00000 4368242.00000 N.C.
445042.00000 4368246.00000 N.C.
445042.00000 4368250.00000 -122.5184
445042.00000 4368254.00000 N.C.
445042.00000 4368258.00000 N.C.
445042.00000 4368262.00000 N.C.
445042.00000 4368266.00000 N.C.
445042.00000 4368270.00000 N.C.
445042.00000 4368274.00000 N.C.
445042.00000 4368278.00000 N.C.
445042.00000 4368282.00000 N.C.
445042.00000 4368286.00000 N.C.
445042.00000 4368290.00000 N.C.
445042.00000 4368294.00000 N.C.
445042.00000 4368298.00000 N.C.
445042.00000 4368302.00000 N.C.
445042.00000 4368306.00000 N.C.
445042.00000 4368310.00000 -111.7397
445042.00000 4368314.00000 -112.0467
445042.00000 4368318.00000 -112.5651
445042.00000 4368322.00000 N.C.
445042.00000 4368326.00000 N.C.
445042.00000 4368330.00000 N.C.
445042.00000 4368334.00000 -119.6991
445042.00000 4368338.00000 N.C.
445042.00000 4368342.00000 N.C.
445042.00000 4368346.00000 -118.5579
445042.00000 4368350.00000 N.C.
445042.00000 4368354.00000 N.C.
445042.00000 4368358.00000 -118.2113
445042.00000 4368362.00000 N.C.
445042.00000 4368366.00000 -119.3996
445042.00000 4368370.00000 -119.3448
445042.00000 4368374.00000 N.C.
445042.00000 4368378.00000 -124.3459
445042.00000 4368382.00000 N.C.
445042.00000 4368386.00000 -120.7830
445042.00000 4368390.00000 -119.7052
445042.00000 4368394.00000 -118.3012
445046.00000 4367886.00000 -116.1956
445046.00000 4367890.00000 -116.0629
445046.00000 4367894.00000 -115.8990
445046.00000 4367898.00000 -115.8222
445046.00000 4367902.00000 -115.8051
445046.00000 4367906.00000 -115.7818
445046.00000 4367910.00000 -115.6114
445046.00000 4367914.00000 -115.4564
445046.00000 4367918.00000 -115.2671
445046.00000 4367922.00000 -115.1246
445046.00000 4367926.00000 -114.9612
445046.00000 4367930.00000 -114.8982
445046.00000 4367934.00000 -114.8298
445046.00000 4367938.00000 -114.7995
445046.00000 4367942.00000 -114.6843
445046.00000 4367946.00000 -114.5606
445046.00000 4367950.00000 -114.3871
445046.00000 4367954.00000 -114.2884
445046.00000 4367958.00000 -114.2943
445046.00000 4367962.00000 -114.8238
445046.00000 4367966.00000 -115.2552
445046.00000 4367970.00000 -115.7201
445046.00000 4367974.00000 -115.6826
445046.00000 4367978.00000 -115.5549
445046.00000 4367982.00000 -115.2442
445046.00000 4367986.00000 -115.1299
445046.00000 4367990.00000 -115.1422
445046.00000 4367994.00000 -115.2163
445046.00000 4367998.00000 -115.1880
445046.00000 4368002.00000 -115.1947
445046.00000 4368006.00000 -115.1508
445046.00000 4368010.00000 -115.1858
445046.00000 4368014.00000 -114.9008
445046.00000 4368018.00000 -114.5843
445046.00000 4368022.00000 -113.8778
445046.00000 4368026.00000 -113.6006
445046.00000 4368030.00000 -113.5567
445046.00000 4368034.00000 -113.8445
445046.00000 4368038.00000 -114.2355
445046.00000 4368042.00000 -114.5241
445046.00000 4368046.00000 -114.6579
445046.00000 4368050.00000 -114.6362
445046.00000 4368054.00000 -114.5987
445046.00000 4368058.00000 -114.5694
445046.00000 4368062.00000 -114.7838
445046.00000 4368066.00000 -115.5416
445046.00000 4368070.00000 -117.0880
445046.00000 4368074.00000 -119.4115
445046.00000 4368078.00000 -122.3032
445046.00000 4368082.00000 -122.4394
445046.00000 4368086.00000 N.C.
445046.00000 4368090.00000 N.C.
445046.00000 4368094.00000 -118.6355
445046.00000 4368098.00000 N.C.
445046.00000 4368102.00000 N.C.
445046.00000 4368106.00000 N.C.
445046.00000 4368110.00000 -115.5443
445046.00000 4368114.00000 -114.2188
445046.00000 4368118.00000 -114.6466
445046.00000 4368122.00000 -114.3087
445046.00000 4368126.00000 -114.5993
445046.00000 4368130.00000 N.C.
445046.00000 4368134.00000 N.C.
445046.00000 4368138.00000 -112.0348
445046.00000 4368142.00000 -113.0857
445046.00000 4368146.00000 -113.9833
445046.00000 4368150.00000 -112.3536
445046.00000 4368154.00000 -111.2409
445046.00000 4368158.00000 -110.8005
445046.00000 4368162.00000 -110.9982
445046.00000 4368166.00000 -111.2521
445046.00000 4368170.00000 -111.9790
445046.00000 4368174.00000 -112.5538
445046.00000 4368178.00000 -112.5045
445046.00000 4368182.00000 -112.5886
445046.00000 4368186.00000 -112.6830
445046.00000 4368190.00000 -113.3007
445046.00000 4368194.00000 -113.8540
445046.00000 4368198.00000 -114.3955
445046.00000 4368202.00000 -114.6677
445046.00000 4368206.00000 N.C.
445046.00000 4368210.00000 N.C.
445046.00000 4368214.00000 -114.7391
445046.00000 4368218.00000 -114.4905
445046.00000 4368222.00000 -114.4168
445046.00000 4368226.00000 -114.7198
445046.00000 4368230.00000 -115.0306
445046.00000 4368234.00000 -114.9829
445046.00000 4368238.00000 -115.1368
445046.00000 4368242.00000 -115.4993
445046.00000 4368246.00000 N.C.
445046.00000 4368250.00000 -120.2660
445046.00000 4368254.00000 N.C.
445046.00000 4368258.00000 N.C.
445046.00000 4368262.00000 N.C.
445046.00000 4368266.00000 N.C.
445046.00000 4368270.00000 N.C.
445046.00000 4368274.00000 -126.2078
445046.00000 4368278.00000 N.C.
445046.00000 4368282.00000 N.C.
445046.00000 4368286.00000 N.C.
445046.00000 4368290.00000 N.C.
445046.00000 4368294.00000 N.C.
445046.00000 4368298.00000 N.C.
445046.00000 4368302.00000 N.C.
445046.00000 4368306.00000 N.C.
445046.00000 4368310.00000 -111.7044
445046.00000 4368314.00000 -111.9785
445046.00000 4368318.00000 -112.9410
445046.00000 4368322.00000 -113.5767
445046.00000 4368326.00000 -114.3643
445046.00000 4368330.00000 N.C.
445046.00000 4368334.00000 N.C.
445046.00000 4368338.00000 N.C.
445046.00000 4368342.00000 N.C.
445046.00000 4368346.00000 -118.9224
445046.00000 4368350.00000 N.C.
445046.00000 4368354.00000 N.C.
445046.00000 4368358.00000 N.C.
445046.00000 4368362.00000 N.C.
445046.00000 4368366.00000 -120.0055
445046.00000 4368370.00000 -120.0055
445046.00000 4368374.00000 N.C.
445046.00000 4368378.00000 -126.3943
445046.00000 4368382.00000 N.C.
445046.00000 4368386.00000 -120.5537
445046.00000 4368390.00000 -119.4676
445046.00000 4368394.00000 -118.1174
445050.00000 4367886.00000 -116.1331
445050.00000 4367890.00000 -116.0801
445050.00000 4367894.00000 -115.9661
445050.00000 4367898.00000 -115.8466
445050.00000 4367902.00000 -115.7045
445050.00000 4367906.00000 -115.6321
445050.00000 4367910.00000 -115.5444
445050.00000 4367914.00000 -115.4806
445050.00000 4367918.00000 -115.3354
445050.00000 4367922.00000 -115.1730
445050.00000 4367926.00000 -114.9378
445050.00000 4367930.00000 -114.8185
445050.00000 4367934.00000 -114.6845
445050.00000 4367938.00000 -114.7078
445050.00000 4367942.00000 -114.6182
445050.00000 4367946.00000 -114.5622
445050.00000 4367950.00000 -114.3630
445050.00000 4367954.00000 -114.1858
445050.00000 4367958.00000 -113.9790
445050.00000 4367962.00000 -114.5041
445050.00000 4367966.00000 -115.0059
445050.00000 4367970.00000 -115.6131
445050.00000 4367974.00000 -115.4887
445050.00000 4367978.00000 -115.4034
445050.00000 4367982.00000 -115.3354
445050.00000 4367986.00000 -115.4109
445050.00000 4367990.00000 -115.4109
445050.00000 4367994.00000 -115.2277
445050.00000 4367998.00000 -114.9592
445050.00000 4368002.00000 -114.8724
445050.00000 4368006.00000 -114.9364
445050.00000 4368010.00000 -115.0188
445050.00000 4368014.00000 -114.9557
445050.00000 4368018.00000 -114.6755
445050.00000 4368022.00000 -114.2717
445050.00000 4368026.00000 -113.6637
445050.00000 4368030.00000 -113.3587
445050.00000 4368034.00000 -113.3004
445050.00000 4368038.00000 -113.8475
445050.00000 4368042.00000 -114.2556
445050.00000 4368046.00000 -114.5957
445050.00000 4368050.00000 -114.5968
445050.00000 4368054.00000 -114.5984
445050.00000 4368058.00000 -114.5288
445050.00000 4368062.00000 -114.4660
445050.00000 4368066.00000 -115.3289
445050.00000 4368070.00000 -116.6225
445050.00000 4368074.00000 -119.1397
445050.00000 4368078.00000 -121.2726
445050.00000 4368082.00000 N.C.
445050.00000 4368086.00000 -117.4082
445050.00000 4368090.00000 -115.9109
445050.00000 4368094.00000 -116.9129
445050.00000 4368098.00000 N.C.
445050.00000 4368102.00000 -122.2819
445050.00000 4368106.00000 -120.5776
445050.00000 4368110.00000 N.C.
445050.00000 4368114.00000 N.C.
445050.00000 4368118.00000 N.C.
445050.00000 4368122.00000 N.C.
445050.00000 4368126.00000 N.C.
445050.00000 4368130.00000 N.C.
445050.00000 4368134.00000 N.C.
445050.00000 4368138.00000 -113.4788
445050.00000 4368142.00000 -114.1865
445050.00000 4368146.00000 -114.4716
445050.00000 4368150.00000 -112.3938
445050.00000 4368154.00000 -111.1567
445050.00000 4368158.00000 -110.3727
445050.00000 4368162.00000 -110.7076
445050.00000 4368166.00000 -110.9049
445050.00000 4368170.00000 -112.1249
445050.00000 4368174.00000 -112.6968
445050.00000 4368178.00000 -112.5752
445050.00000 4368182.00000 -112.5730
445050.00000 4368186.00000 -112.5178
445050.00000 4368190.00000 -113.1156
445050.00000 4368194.00000 -113.9186
445050.00000 4368198.00000 -114.7845
445050.00000 4368202.00000 -115.2214
445050.00000 4368206.00000 N.C.
445050.00000 4368210.00000 N.C.
445050.00000 4368214.00000 -114.3134
445050.00000 4368218.00000 -113.9995
445050.00000 4368222.00000 -114.1042
445050.00000 4368226.00000 -114.4722
445050.00000 4368230.00000 -114.8126
445050.00000 4368234.00000 -114.9587
445050.00000 4368238.00000 -115.4237
445050.00000 4368242.00000 -116.3475
445050.00000 4368246.00000 -118.2911
445050.00000 4368250.00000 -119.9884
445050.00000 4368254.00000 -120.8918
445050.00000 4368258.00000 N.C.
445050.00000 4368262.00000 -124.7463
445050.00000 4368266.00000 N.C.
445050.00000 4368270.00000 -124.1449
445050.00000 4368274.00000 N.C.
445050.00000 4368278.00000 -125.5474
445050.00000 4368282.00000 N.C.
445050.00000 4368286.00000 -123.7356
445050.00000 4368290.00000 -121.4666
445050.00000 4368294.00000 -121.0437
445050.00000 4368298.00000 N.C.
445050.00000 4368302.00000 N.C.
445050.00000 4368306.00000 N.C.
445050.00000 4368310.00000 -111.2844
445050.00000 4368314.00000 -111.9396
445050.00000 4368318.00000 -113.1903
445050.00000 4368322.00000 -114.1447
445050.00000 4368326.00000 -114.4445
445050.00000 4368330.00000 N.C.
445050.00000 4368334.00000 -119.9409
445050.00000 4368338.00000 -119.9409
445050.00000 4368342.00000 N.C.
445050.00000 4368346.00000 N.C.
445050.00000 4368350.00000 N.C.
445050.00000 4368354.00000 N.C.
445050.00000 4368358.00000 N.C.
445050.00000 4368362.00000 N.C.
445050.00000 4368366.00000 -120.4212
445050.00000 4368370.00000 -119.7874
445050.00000 4368374.00000 N.C.
445050.00000 4368378.00000 -126.7585
445050.00000 4368382.00000 N.C.
445050.00000 4368386.00000 -120.0931
445050.00000 4368390.00000 -119.1569
445050.00000 4368394.00000 -118.0887
445054.00000 4367886.00000 -115.9935
445054.00000 4367890.00000 -115.9757
445054.00000 4367894.00000 -115.8509
445054.00000 4367898.00000 -115.8419
445054.00000 4367902.00000 -115.7509
445054.00000 4367906.00000 -115.6872
445054.00000 4367910.00000 -115.5130
445054.00000 4367914.00000 -115.3798
445054.00000 4367918.00000 -115.2543
445054.00000 4367922.00000 -115.1459
445054.00000 4367926.00000 -114.9852
445054.00000 4367930.00000 -114.8255
445054.00000 4367934.00000 -114.6159
445054.00000 4367938.00000 -114.5632
445054.00000 4367942.00000 -114.5340
445054.00000 4367946.00000 -114.5818
445054.00000 4367950.00000 -114.4180
445054.00000 4367954.00000 -114.1861
445054.00000 4367958.00000 -113.9168
445054.00000 4367962.00000 -114.2887
445054.00000 4367966.00000 -114.7700
445054.00000 4367970.00000 -115.3431
445054.00000 4367974.00000 -115.3641
445054.00000 4367978.00000 -115.2701
445054.00000 4367982.00000 -115.0628
445054.00000 4367986.00000 -114.9989
445054.00000 4367990.00000 -115.1131
445054.00000 4367994.00000 -115.1600
445054.00000 4367998.00000 -114.9914
445054.00000 4368002.00000 -114.6921
445054.00000 4368006.00000 -114.6506
445054.00000 4368010.00000 -114.7119
445054.00000 4368014.00000 -114.6908
445054.00000 4368018.00000 -114.7114
445054.00000 4368022.00000 -114.4401
445054.00000 4368026.00000 -114.1469
445054.00000 4368030.00000 -113.4968
445054.00000 4368034.00000 -113.1931
445054.00000 4368038.00000 -113.3131
445054.00000 4368042.00000 -113.7431
445054.00000 4368046.00000 -114.2343
445054.00000 4368050.00000 -114.5686
445054.00000 4368054.00000 -114.6511
445054.00000 4368058.00000 -114.6415
445054.00000 4368062.00000 -114.5446
445054.00000 4368066.00000 -115.4939
445054.00000 4368070.00000 -116.6049
445054.00000 4368074.00000 -118.5489
445054.00000 4368078.00000 -119.1022
445054.00000 4368082.00000 N.C.
445054.00000 4368086.00000 -116.2143
445054.00000 4368090.00000 -116.1926
445054.00000 4368094.00000 -116.8544
445054.00000 4368098.00000 N.C.
445054.00000 4368102.00000 N.C.
445054.00000 4368106.00000 N.C.
445054.00000 4368110.00000 N.C.
445054.00000 4368114.00000 N.C.
445054.00000 4368118.00000 N.C.
445054.00000 4368122.00000 N.C.
445054.00000 4368126.00000 N.C.
445054.00000 4368130.00000 N.C.
445054.00000 4368134.00000 N.C.
445054.00000 4368138.00000 -114.1896
445054.00000 4368142.00000 -114.7302
445054.00000 4368146.00000 -114.3102
445054.00000 4368150.00000 -112.1015
445054.00000 4368154.00000 -111.1966
445054.00000 4368158.00000 -110.3263
445054.00000 4368162.00000 -110.9168
445054.00000 4368166.00000 -111.0779
445054.00000 4368170.00000 -112.1836
445054.00000 4368174.00000 -112.5038
445054.00000 4368178.00000 -112.3538
445054.00000 4368182.00000 -112.3581
445054.00000 4368186.00000 -112.4442
445054.00000 4368190.00000 -113.2536
445054.00000 4368194.00000 -114.3405
445054.00000 4368198.00000 -115.1971
445054.00000 4368202.00000 -115.6350
445054.00000 4368206.00000 N.C.
445054.00000 4368210.00000 -114.2124
445054.00000 4368214.00000 -113.9278
445054.00000 4368218.00000 -113.7495
445054.00000 4368222.00000 -114.0165
445054.00000 4368226.00000 -114.4491
445054.00000 4368230.00000 -114.7920
445054.00000 4368234.00000 -115.2030
445054.00000 4368238.00000 -115.7196
445054.00000 4368242.00000 -116.5406
445054.00000 4368246.00000 -119.4443
445054.00000 4368250.00000 -121.5203
445054.00000 4368254.00000 N.C.
445054.00000 4368258.00000 N.C.
445054.00000 4368262.00000 N.C.
445054.00000 4368266.00000 -123.7255
445054.00000 4368270.00000 -124.0719
445054.00000 4368274.00000 -121.6952
445054.00000 4368278.00000 N.C.
445054.00000 4368282.00000 N.C.
445054.00000 4368286.00000 N.C.
445054.00000 4368290.00000 N.C.
445054.00000 4368294.00000 -121.0025
445054.00000 4368298.00000 N.C.
445054.00000 4368302.00000 -112.2418
445054.00000 4368306.00000 -111.4993
445054.00000 4368310.00000 -111.5089
445054.00000 4368314.00000 -112.4490
445054.00000 4368318.00000 -114.0504
445054.00000 4368322.00000 -114.9093
445054.00000 4368326.00000 -115.1401
445054.00000 4368330.00000 N.C.
445054.00000 4368334.00000 -119.9409
445054.00000 4368338.00000 N.C.
445054.00000 4368342.00000 N.C.
445054.00000 4368346.00000 N.C.
445054.00000 4368350.00000 -121.8256
445054.00000 4368354.00000 -121.8256
445054.00000 4368358.00000 N.C.
445054.00000 4368362.00000 -120.0884
445054.00000 4368366.00000 -119.9633
445054.00000 4368370.00000 N.C.
445054.00000 4368374.00000 N.C.
445054.00000 4368378.00000 -125.8129
445054.00000 4368382.00000 N.C.
445054.00000 4368386.00000 -119.2524
445054.00000 4368390.00000 -118.5628
445054.00000 4368394.00000 -117.7630
445058.00000 4367886.00000 -116.0123
445058.00000 4367890.00000 -115.9624
445058.00000 4367894.00000 -115.8341
445058.00000 4367898.00000 -115.7574
445058.00000 4367902.00000 -115.6569
445058.00000 4367906.00000 -115.5998
445058.00000 4367910.00000 -115.5290
445058.00000 4367914.00000 -115.4752
445058.00000 4367918.00000 -115.3374
445058.00000 4367922.00000 -115.0941
445058.00000 4367926.00000 -114.9223
445058.00000 4367930.00000 -114.8060
445058.00000 4367934.00000 -114.7167
445058.00000 4367938.00000 -114.5713
445058.00000 4367942.00000 -114.4088
445058.00000 4367946.00000 -114.3782
445058.00000 4367950.00000 -114.3155
445058.00000 4367954.00000 -114.2209
445058.00000 4367958.00000 -113.9797
445058.00000 4367962.00000 -114.0484
445058.00000 4367966.00000 -114.1663
445058.00000 4367970.00000 -114.5843
445058.00000 4367974.00000 -114.8853
445058.00000 4367978.00000 -115.0690
445058.00000 4367982.00000 -114.9110
445058.00000 4367986.00000 -114.5617
445058.00000 4367990.00000 -114.5256
445058.00000 4367994.00000 -114.7527
445058.00000 4367998.00000 -114.8618
445058.00000 4368002.00000 -114.7211
445058.00000 4368006.00000 -114.4341
445058.00000 4368010.00000 -114.3842
445058.00000 4368014.00000 -114.4273
445058.00000 4368018.00000 -114.5574
445058.00000 4368022.00000 -114.6304
445058.00000 4368026.00000 -114.3824
445058.00000 4368030.00000 -113.9947
445058.00000 4368034.00000 -113.3601
445058.00000 4368038.00000 -113.2537
445058.00000 4368042.00000 -113.2715
445058.00000 4368046.00000 -113.8481
445058.00000 4368050.00000 -114.3292
445058.00000 4368054.00000 -114.5159
445058.00000 4368058.00000 -114.5011
445058.00000 4368062.00000 -114.3874
445058.00000 4368066.00000 -115.7640
445058.00000 4368070.00000 -116.7680
445058.00000 4368074.00000 -118.4836
445058.00000 4368078.00000 -118.6395
445058.00000 4368082.00000 -118.3027
445058.00000 4368086.00000 -117.3307
445058.00000 4368090.00000 -117.1316
445058.00000 4368094.00000 -117.4429
445058.00000 4368098.00000 N.C.
445058.00000 4368102.00000 -114.7254
445058.00000 4368106.00000 -112.3495
445058.00000 4368110.00000 -111.4402
445058.00000 4368114.00000 N.C.
445058.00000 4368118.00000 N.C.
445058.00000 4368122.00000 N.C.
445058.00000 4368126.00000 N.C.
445058.00000 4368130.00000 N.C.
445058.00000 4368134.00000 N.C.
445058.00000 4368138.00000 N.C.
445058.00000 4368142.00000 N.C.
445058.00000 4368146.00000 N.C.
445058.00000 4368150.00000 -111.7275
445058.00000 4368154.00000 -111.1904
445058.00000 4368158.00000 -110.1856
445058.00000 4368162.00000 -110.5317
445058.00000 4368166.00000 -110.7342
445058.00000 4368170.00000 -111.8992
445058.00000 4368174.00000 -112.3677
445058.00000 4368178.00000 -112.2492
445058.00000 4368182.00000 -113.3896
445058.00000 4368186.00000 -114.5371
445058.00000 4368190.00000 -115.8927
445058.00000 4368194.00000 -116.2922
445058.00000 4368198.00000 -116.2279
445058.00000 4368202.00000 -116.2228
445058.00000 4368206.00000 N.C.
445058.00000 4368210.00000 -114.3645
445058.00000 4368214.00000 -114.0483
445058.00000 4368218.00000 -113.6807
445058.00000 4368222.00000 -113.9286
445058.00000 4368226.00000 -114.9917
445058.00000 4368230.00000 -116.0772
445058.00000 4368234.00000 -116.6290
445058.00000 4368238.00000 -116.3873
445058.00000 4368242.00000 -116.7441
445058.00000 4368246.00000 N.C.
445058.00000 4368250.00000 -123.7734
445058.00000 4368254.00000 N.C.
445058.00000 4368258.00000 -117.4112
445058.00000 4368262.00000 N.C.
445058.00000 4368266.00000 -118.0874
445058.00000 4368270.00000 N.C.
445058.00000 4368274.00000 N.C.
445058.00000 4368278.00000 -118.2668
445058.00000 4368282.00000 -118.0481
445058.00000 4368286.00000 -123.8887
445058.00000 4368290.00000 -121.2846
445058.00000 4368294.00000 -120.5744
445058.00000 4368298.00000 N.C.
445058.00000 4368302.00000 -113.9060
445058.00000 4368306.00000 -111.8121
445058.00000 4368310.00000 -111.8045
445058.00000 4368314.00000 -112.8303
445058.00000 4368318.00000 -114.7408
445058.00000 4368322.00000 -115.3435
445058.00000 4368326.00000 N.C.
445058.00000 4368330.00000 N.C.
445058.00000 4368334.00000 N.C.
445058.00000 4368338.00000 N.C.
445058.00000 4368342.00000 N.C.
445058.00000 4368346.00000 N.C.
445058.00000 4368350.00000 N.C.
445058.00000 4368354.00000 N.C.
445058.00000 4368358.00000 N.C.
445058.00000 4368362.00000 N.C.
445058.00000 4368366.00000 -120.3647
445058.00000 4368370.00000 -119.7196
445058.00000 4368374.00000 N.C.
445058.00000 4368378.00000 N.C.
445058.00000 4368382.00000 N.C.
445058.00000 4368386.00000 -118.8723
445058.00000 4368390.00000 -118.1570
445058.00000 4368394.00000 -117.4623
445062.00000 4367886.00000 -115.7032
445062.00000 4367890.00000 -115.7331
445062.00000 4367894.00000 -115.7113
445062.00000 4367898.00000 -115.7391
445062.00000 4367902.00000 -115.6738
445062.00000 4367906.00000 -115.5811
445062.00000 4367910.00000 -115.4453
445062.00000 4367914.00000 -115.3736
445062.00000 4367918.00000 -115.2699
445062.00000 4367922.00000 -115.1161
445062.00000 4367926.00000 -114.9691
445062.00000 4367930.00000 -114.8028
445062.00000 4367934.00000 -114.6167
445062.00000 4367938.00000 -114.4309
445062.00000 4367942.00000 -114.3156
445062.00000 4367946.00000 -114.2864
445062.00000 4367950.00000 -114.1808
445062.00000 4367954.00000 -114.0645
445062.00000 4367958.00000 -113.9883
445062.00000 4367962.00000 -114.0026
445062.00000 4367966.00000 -113.9034
445062.00000 4367970.00000 -113.9650
445062.00000 4367974.00000 -114.2108
445062.00000 4367978.00000 -114.6527
445062.00000 4367982.00000 -114.7750
445062.00000 4367986.00000 -114.5319
445062.00000 4367990.00000 -114.2823
445062.00000 4367994.00000 -114.2319
445062.00000 4367998.00000 -114.4755
445062.00000 4368002.00000 -114.5363
445062.00000 4368006.00000 -114.4397
445062.00000 4368010.00000 -114.1245
445062.00000 4368014.00000 -113.9967
445062.00000 4368018.00000 -114.1570
445062.00000 4368022.00000 -114.2906
445062.00000 4368026.00000 -114.4499
445062.00000 4368030.00000 -114.1894
445062.00000 4368034.00000 -113.6461
445062.00000 4368038.00000 -113.0304
445062.00000 4368042.00000 -112.7725
445062.00000 4368046.00000 -113.2543
445062.00000 4368050.00000 -113.9709
445062.00000 4368054.00000 -114.5681
445062.00000 4368058.00000 -114.5836
445062.00000 4368062.00000 -114.7535
445062.00000 4368066.00000 -115.9934
445062.00000 4368070.00000 -117.1825
445062.00000 4368074.00000 -118.3574
445062.00000 4368078.00000 -118.6631
445062.00000 4368082.00000 -119.0744
445062.00000 4368086.00000 -119.1189
445062.00000 4368090.00000 -119.1179
445062.00000 4368094.00000 N.C.
445062.00000 4368098.00000 N.C.
445062.00000 4368102.00000 N.C.
445062.00000 4368106.00000 N.C.
445062.00000 4368110.00000 -113.5188
445062.00000 4368114.00000 N.C.
445062.00000 4368118.00000 N.C.
445062.00000 4368122.00000 -113.7644
445062.00000 4368126.00000 -113.9543
445062.00000 4368130.00000 -113.5149
445062.00000 4368134.00000 N.C.
445062.00000 4368138.00000 N.C.
445062.00000 4368142.00000 N.C.
445062.00000 4368146.00000 N.C.
445062.00000 4368150.00000 -110.5812
445062.00000 4368154.00000 -110.7965
445062.00000 4368158.00000 -110.1223
445062.00000 4368162.00000 -110.5330
445062.00000 4368166.00000 -110.8767
445062.00000 4368170.00000 -112.0906
445062.00000 4368174.00000 -112.2652
445062.00000 4368178.00000 -112.2438
445062.00000 4368182.00000 -113.3350
445062.00000 4368186.00000 -115.1678
445062.00000 4368190.00000 -117.3539
445062.00000 4368194.00000 -117.3236
445062.00000 4368198.00000 -116.7269
445062.00000 4368202.00000 -116.3172
445062.00000 4368206.00000 -115.2026
445062.00000 4368210.00000 -114.5283
445062.00000 4368214.00000 -114.1684
445062.00000 4368218.00000 -113.7861
445062.00000 4368222.00000 -113.8574
445062.00000 4368226.00000 -114.9686
445062.00000 4368230.00000 -116.5978
445062.00000 4368234.00000 -117.5592
445062.00000 4368238.00000 -117.0144
445062.00000 4368242.00000 N.C.
445062.00000 4368246.00000 N.C.
445062.00000 4368250.00000 N.C.
445062.00000 4368254.00000 N.C.
445062.00000 4368258.00000 -117.8100
445062.00000 4368262.00000 -117.4637
445062.00000 4368266.00000 -116.1218
445062.00000 4368270.00000 N.C.
445062.00000 4368274.00000 N.C.
445062.00000 4368278.00000 -115.5734
445062.00000 4368282.00000 N.C.
445062.00000 4368286.00000 N.C.
445062.00000 4368290.00000 N.C.
445062.00000 4368294.00000 N.C.
445062.00000 4368298.00000 -117.1333
445062.00000 4368302.00000 -114.1432
445062.00000 4368306.00000 -112.0195
445062.00000 4368310.00000 -112.0264
445062.00000 4368314.00000 -113.1343
445062.00000 4368318.00000 N.C.
445062.00000 4368322.00000 N.C.
445062.00000 4368326.00000 N.C.
445062.00000 4368330.00000 N.C.
445062.00000 4368334.00000 N.C.
445062.00000 4368338.00000 N.C.
445062.00000 4368342.00000 -116.3587
445062.00000 4368346.00000 -116.1632
445062.00000 4368350.00000 -114.9986
445062.00000 4368354.00000 N.C.
445062.00000 4368358.00000 N.C.
445062.00000 4368362.00000 N.C.
445062.00000 4368366.00000 -121.6144
445062.00000 4368370.00000 -121.6144
445062.00000 4368374.00000 N.C.
445062.00000 4368378.00000 N.C.
445062.00000 4368382.00000 N.C.
445062.00000 4368386.00000 -119.7626
445062.00000 4368390.00000 -118.0242
445062.00000 4368394.00000 -117.3941
445066.00000 4367886.00000 -115.3914
445066.00000 4367890.00000 -115.4195
445066.00000 4367894.00000 -115.5090
445066.00000 4367898.00000 -115.5541
445066.00000 4367902.00000 -115.5690
445066.00000 4367906.00000 -115.5026
445066.00000 4367910.00000 -115.4288
445066.00000 4367914.00000 -115.3613
445066.00000 4367918.00000 -115.2173
445066.00000 4367922.00000 -115.0665
445066.00000 4367926.00000 -114.9331
445066.00000 4367930.00000 -114.8165
445066.00000 4367934.00000 -114.6592
445066.00000 4367938.00000 -114.4564
445066.00000 4367942.00000 -114.2273
445066.00000 4367946.00000 -114.0930
445066.00000 4367950.00000 -114.0089
445066.00000 4367954.00000 -114.0002
445066.00000 4367958.00000 -113.9414
445066.00000 4367962.00000 -113.7923
445066.00000 4367966.00000 -113.5928
445066.00000 4367970.00000 -113.5342
445066.00000 4367974.00000 -113.7084
445066.00000 4367978.00000 -114.1137
445066.00000 4367982.00000 -114.3759
445066.00000 4367986.00000 -114.4689
445066.00000 4367990.00000 -114.3000
445066.00000 4367994.00000 -114.1653
445066.00000 4367998.00000 -114.0098
445066.00000 4368002.00000 -114.0983
445066.00000 4368006.00000 -114.1027
445066.00000 4368010.00000 -114.0081
445066.00000 4368014.00000 -113.7572
445066.00000 4368018.00000 -113.7724
445066.00000 4368022.00000 -113.9430
445066.00000 4368026.00000 -114.0995
445066.00000 4368030.00000 -114.2160
445066.00000 4368034.00000 -113.9263
445066.00000 4368038.00000 -113.3371
445066.00000 4368042.00000 -112.6650
445066.00000 4368046.00000 -112.7227
445066.00000 4368050.00000 -113.3635
445066.00000 4368054.00000 -114.3924
445066.00000 4368058.00000 -114.7724
445066.00000 4368062.00000 -115.3252
445066.00000 4368066.00000 -116.3686
445066.00000 4368070.00000 -117.6659
445066.00000 4368074.00000 -118.6517
445066.00000 4368078.00000 -119.4375
445066.00000 4368082.00000 -119.8845
445066.00000 4368086.00000 -120.1624
445066.00000 4368090.00000 -119.6683
445066.00000 4368094.00000 N.C.
445066.00000 4368098.00000 -122.6941
445066.00000 4368102.00000 -118.8322
445066.00000 4368106.00000 -115.5256
445066.00000 4368110.00000 -114.2121
445066.00000 4368114.00000 N.C.
445066.00000 4368118.00000 -113.1741
445066.00000 4368122.00000 N.C.
445066.00000 4368126.00000 N.C.
445066.00000 4368130.00000 N.C.
445066.00000 4368134.00000 N.C.
445066.00000 4368138.00000 N.C.
445066.00000 4368142.00000 N.C.
445066.00000 4368146.00000 -110.5151
445066.00000 4368150.00000 -110.6018
445066.00000 4368154.00000 -110.4522
445066.00000 4368158.00000 -110.2864
445066.00000 4368162.00000 -110.5335
445066.00000 4368166.00000 -111.0389
445066.00000 4368170.00000 -112.0824
445066.00000 4368174.00000 -112.2230
445066.00000 4368178.00000 -112.2788
445066.00000 4368182.00000 -113.6805
445066.00000 4368186.00000 N.C.
445066.00000 4368190.00000 N.C.
445066.00000 4368194.00000 N.C.
445066.00000 4368198.00000 N.C.
445066.00000 4368202.00000 N.C.
445066.00000 4368206.00000 N.C.
445066.00000 4368210.00000 -115.1428
445066.00000 4368214.00000 -114.7657
445066.00000 4368218.00000 -114.8381
445066.00000 4368222.00000 -115.4270
445066.00000 4368226.00000 -116.9133
445066.00000 4368230.00000 N.C.
445066.00000 4368234.00000 N.C.
445066.00000 4368238.00000 -117.2323
445066.00000 4368242.00000 N.C.
445066.00000 4368246.00000 N.C.
445066.00000 4368250.00000 N.C.
445066.00000 4368254.00000 -119.3544
445066.00000 4368258.00000 -117.1049
445066.00000 4368262.00000 -115.6010
445066.00000 4368266.00000 -113.9601
445066.00000 4368270.00000 N.C.
445066.00000 4368274.00000 -116.5087
445066.00000 4368278.00000 -115.4977
445066.00000 4368282.00000 -113.6882
445066.00000 4368286.00000 -112.7306
445066.00000 4368290.00000 N.C.
445066.00000 4368294.00000 N.C.
445066.00000 4368298.00000 N.C.
445066.00000 4368302.00000 N.C.
445066.00000 4368306.00000 -112.2707
445066.00000 4368310.00000 -112.2489
445066.00000 4368314.00000 N.C.
445066.00000 4368318.00000 N.C.
445066.00000 4368322.00000 N.C.
445066.00000 4368326.00000 -120.5909
445066.00000 4368330.00000 N.C.
445066.00000 4368334.00000 N.C.
445066.00000 4368338.00000 N.C.
445066.00000 4368342.00000 N.C.
445066.00000 4368346.00000 N.C.
445066.00000 4368350.00000 -116.4956
445066.00000 4368354.00000 N.C.
445066.00000 4368358.00000 N.C.
445066.00000 4368362.00000 N.C.
445066.00000 4368366.00000 -123.5185
445066.00000 4368370.00000 N.C.
445066.00000 4368374.00000 N.C.
445066.00000 4368378.00000 N.C.
445066.00000 4368382.00000 -122.7519
445066.00000 4368386.00000 -120.8889
445066.00000 4368390.00000 -118.0602
445066.00000 4368394.00000 -117.3695
445070.00000 4367886.00000 -114.9105
445070.00000 4367890.00000 -114.9629
445070.00000 4367894.00000 -115.0797
445070.00000 4367898.00000 -115.2565
445070.00000 4367902.00000 -115.3996
445070.00000 4367906.00000 -115.4148
445070.00000 4367910.00000 -115.3094
445070.00000 4367914.00000 -115.2178
445070.00000 4367918.00000 -115.1203
445070.00000 4367922.00000 -115.0309
445070.00000 4367926.00000 -114.8758
445070.00000 4367930.00000 -114.7650
445070.00000 4367934.00000 -114.6031
445070.00000 4367938.00000 -114.5013
445070.00000 4367942.00000 -114.2943
445070.00000 4367946.00000 -114.1792
445070.00000 4367950.00000 -113.9784
445070.00000 4367954.00000 -113.8905
445070.00000 4367958.00000 -113.7672
445070.00000 4367962.00000 -113.6570
445070.00000 4367966.00000 -113.5621
445070.00000 4367970.00000 -113.4435
445070.00000 4367974.00000 -113.4393
445070.00000 4367978.00000 -113.5240
445070.00000 4367982.00000 -113.6886
445070.00000 4367986.00000 -113.9132
445070.00000 4367990.00000 -114.0373
445070.00000 4367994.00000 -114.0839
445070.00000 4367998.00000 -113.8983
445070.00000 4368002.00000 -113.6677
445070.00000 4368006.00000 -113.6965
445070.00000 4368010.00000 -113.7092
445070.00000 4368014.00000 -113.6786
445070.00000 4368018.00000 -113.5220
445070.00000 4368022.00000 -113.4677
445070.00000 4368026.00000 -113.6919
445070.00000 4368030.00000 -113.8498
445070.00000 4368034.00000 -113.9535
445070.00000 4368038.00000 -113.5788
445070.00000 4368042.00000 -112.8596
445070.00000 4368046.00000 -112.5475
445070.00000 4368050.00000 -112.7535
445070.00000 4368054.00000 -114.2650
445070.00000 4368058.00000 -115.2222
445070.00000 4368062.00000 -116.4227
445070.00000 4368066.00000 -116.9776
445070.00000 4368070.00000 -117.8722
445070.00000 4368074.00000 -118.6495
445070.00000 4368078.00000 -119.7247
445070.00000 4368082.00000 -120.5046
445070.00000 4368086.00000 -121.4788
445070.00000 4368090.00000 N.C.
445070.00000 4368094.00000 N.C.
445070.00000 4368098.00000 N.C.
445070.00000 4368102.00000 N.C.
445070.00000 4368106.00000 -116.6467
445070.00000 4368110.00000 N.C.
445070.00000 4368114.00000 N.C.
445070.00000 4368118.00000 -111.2557
445070.00000 4368122.00000 -109.9767
445070.00000 4368126.00000 -107.1116
445070.00000 4368130.00000 -107.9331
445070.00000 4368134.00000 N.C.
445070.00000 4368138.00000 -110.8617
445070.00000 4368142.00000 N.C.
445070.00000 4368146.00000 -110.5523
445070.00000 4368150.00000 -110.6715
445070.00000 4368154.00000 -110.0712
445070.00000 4368158.00000 -110.4184
445070.00000 4368162.00000 -110.6432
445070.00000 4368166.00000 -111.2819
445070.00000 4368170.00000 -111.9305
445070.00000 4368174.00000 -112.1168
445070.00000 4368178.00000 -112.3879
445070.00000 4368182.00000 N.C.
445070.00000 4368186.00000 N.C.
445070.00000 4368190.00000 -121.1034
445070.00000 4368194.00000 -121.1371
445070.00000 4368198.00000 -120.9011
445070.00000 4368202.00000 N.C.
445070.00000 4368206.00000 N.C.
445070.00000 4368210.00000 -115.6960
445070.00000 4368214.00000 -115.0142
445070.00000 4368218.00000 N.C.
445070.00000 4368222.00000 -116.1518
445070.00000 4368226.00000 -117.1656
445070.00000 4368230.00000 -117.3660
445070.00000 4368234.00000 -118.0112
445070.00000 4368238.00000 -117.8209
445070.00000 4368242.00000 N.C.
445070.00000 4368246.00000 N.C.
445070.00000 4368250.00000 N.C.
445070.00000 4368254.00000 N.C.
445070.00000 4368258.00000 N.C.
445070.00000 4368262.00000 N.C.
445070.00000 4368266.00000 N.C.
445070.00000 4368270.00000 N.C.
445070.00000 4368274.00000 -117.5671
445070.00000 4368278.00000 -117.0539
445070.00000 4368282.00000 -115.1455
445070.00000 4368286.00000 -113.5774
445070.00000 4368290.00000 -112.3747
445070.00000 4368294.00000 N.C.
445070.00000 4368298.00000 N.C.
445070.00000 4368302.00000 N.C.
445070.00000 4368306.00000 -111.3221
445070.00000 4368310.00000 -111.6347
445070.00000 4368314.00000 N.C.
445070.00000 4368318.00000 N.C.
445070.00000 4368322.00000 N.C.
445070.00000 4368326.00000 N.C.
445070.00000 4368330.00000 N.C.
445070.00000 4368334.00000 N.C.
445070.00000 4368338.00000 N.C.
445070.00000 4368342.00000 N.C.
445070.00000 4368346.00000 N.C.
445070.00000 4368350.00000 -117.8213
445070.00000 4368354.00000 N.C.
445070.00000 4368358.00000 N.C.
445070.00000 4368362.00000 N.C.
445070.00000 4368366.00000 N.C.
445070.00000 4368370.00000 N.C.
445070.00000 4368374.00000 N.C.
445070.00000 4368378.00000 N.C.
445070.00000 4368382.00000 -122.3425
445070.00000 4368386.00000 -120.4851
445070.00000 4368390.00000 -117.7635
445070.00000 4368394.00000 -117.2657
445074.00000 4367886.00000 -114.8690
445074.00000 4367890.00000 -114.7798
445074.00000 4367894.00000 -114.7399
445074.00000 4367898.00000 -114.7726
445074.00000 4367902.00000 -114.9316
445074.00000 4367906.00000 -115.0652
445074.00000 4367910.00000 -115.0881
445074.00000 4367914.00000 -115.0870
445074.00000 4367918.00000 -115.0335
445074.00000 4367922.00000 -114.9729
445074.00000 4367926.00000 -114.8372
445074.00000 4367930.00000 -114.7299
445074.00000 4367934.00000 -114.6213
445074.00000 4367938.00000 -114.5639
445074.00000 4367942.00000 -114.3857
445074.00000 4367946.00000 -114.2637
445074.00000 4367950.00000 -114.0013
445074.00000 4367954.00000 -113.8101
445074.00000 4367958.00000 -113.6328
445074.00000 4367962.00000 -113.5190
445074.00000 4367966.00000 -113.4426
445074.00000 4367970.00000 -113.2913
445074.00000 4367974.00000 -113.2148
445074.00000 4367978.00000 -113.2105
445074.00000 4367982.00000 -113.1225
445074.00000 4367986.00000 -113.1979
445074.00000 4367990.00000 -113.5087
445074.00000 4367994.00000 -113.8382
445074.00000 4367998.00000 -113.8745
445074.00000 4368002.00000 -113.5203
445074.00000 4368006.00000 -113.3910
445074.00000 4368010.00000 -113.4921
445074.00000 4368014.00000 -113.6500
445074.00000 4368018.00000 -113.5923
445074.00000 4368022.00000 -113.4097
445074.00000 4368026.00000 -113.3270
445074.00000 4368030.00000 -113.4276
445074.00000 4368034.00000 -113.7396
445074.00000 4368038.00000 -113.7272
445074.00000 4368042.00000 -113.3596
445074.00000 4368046.00000 -112.7116
445074.00000 4368050.00000 -112.4711
445074.00000 4368054.00000 -113.7600
445074.00000 4368058.00000 -115.3542
445074.00000 4368062.00000 -116.8811
445074.00000 4368066.00000 -117.2551
445074.00000 4368070.00000 -117.8494
445074.00000 4368074.00000 -118.6894
445074.00000 4368078.00000 -120.1363
445074.00000 4368082.00000 N.C.
445074.00000 4368086.00000 N.C.
445074.00000 4368090.00000 N.C.
445074.00000 4368094.00000 N.C.
445074.00000 4368098.00000 N.C.
445074.00000 4368102.00000 N.C.
445074.00000 4368106.00000 -115.2740
445074.00000 4368110.00000 N.C.
445074.00000 4368114.00000 N.C.
445074.00000 4368118.00000 N.C.
445074.00000 4368122.00000 -108.4972
445074.00000 4368126.00000 -107.0843
445074.00000 4368130.00000 -107.6913
445074.00000 4368134.00000 -109.4309
445074.00000 4368138.00000 -111.3293
445074.00000 4368142.00000 N.C.
445074.00000 4368146.00000 -110.8090
445074.00000 4368150.00000 -110.7425
445074.00000 4368154.00000 -109.4637
445074.00000 4368158.00000 -109.9039
445074.00000 4368162.00000 -109.9973
445074.00000 4368166.00000 -111.2355
445074.00000 4368170.00000 -111.5372
445074.00000 4368174.00000 -111.9774
445074.00000 4368178.00000 -112.1606
445074.00000 4368182.00000 N.C.
445074.00000 4368186.00000 N.C.
445074.00000 4368190.00000 -121.1034
445074.00000 4368194.00000 -121.1371
445074.00000 4368198.00000 -120.9011
445074.00000 4368202.00000 N.C.
445074.00000 4368206.00000 -115.9471
445074.00000 4368210.00000 -115.7814
445074.00000 4368214.00000 N.C.
445074.00000 4368218.00000 N.C.
445074.00000 4368222.00000 N.C.
445074.00000 4368226.00000 N.C.
445074.00000 4368230.00000 N.C.
445074.00000 4368234.00000 N.C.
445074.00000 4368238.00000 -117.6453
445074.00000 4368242.00000 -117.6780
445074.00000 4368246.00000 -116.7379
445074.00000 4368250.00000 -117.1405
445074.00000 4368254.00000 -115.1671
445074.00000 4368258.00000 N.C.
445074.00000 4368262.00000 N.C.
445074.00000 4368266.00000 N.C.
445074.00000 4368270.00000 N.C.
445074.00000 4368274.00000 -117.7330
445074.00000 4368278.00000 -117.8369
445074.00000 4368282.00000 -116.2135
445074.00000 4368286.00000 -114.2588
445074.00000 4368290.00000 -113.2440
445074.00000 4368294.00000 -113.8894
445074.00000 4368298.00000 N.C.
445074.00000 4368302.00000 -109.7583
445074.00000 4368306.00000 -110.4950
445074.00000 4368310.00000 N.C.
445074.00000 4368314.00000 N.C.
445074.00000 4368318.00000 N.C.
445074.00000 4368322.00000 N.C.
445074.00000 4368326.00000 N.C.
445074.00000 4368330.00000 N.C.
445074.00000 4368334.00000 N.C.
445074.00000 4368338.00000 N.C.
445074.00000 4368342.00000 N.C.
445074.00000 4368346.00000 N.C.
445074.00000 4368350.00000 -115.8947
445074.00000 4368354.00000 N.C.
445074.00000 4368358.00000 N.C.
445074.00000 4368362.00000 -128.2942
445074.00000 4368366.00000 N.C.
445074.00000 4368370.00000 -125.3160
445074.00000 4368374.00000 N.C.
445074.00000 4368378.00000 N.C.
445074.00000 4368382.00000 N.C.
445074.00000 4368386.00000 -119.3258
445074.00000 4368390.00000 -117.5665
445074.00000 4368394.00000 -117.1009
445078.00000 4367886.00000 -114.8283
445078.00000 4367890.00000 -114.7426
445078.00000 4367894.00000 -114.5848
445078.00000 4367898.00000 -114.5267
445078.00000 4367902.00000 -114.5551
445078.00000 4367906.00000 -114.6085
445078.00000 4367910.00000 -114.6693
445078.00000 4367914.00000 -114.7233
445078.00000 4367918.00000 -114.7906
445078.00000 4367922.00000 -114.7977
445078.00000 4367926.00000 -114.7048
445078.00000 4367930.00000 -114.6324
445078.00000 4367934.00000 -114.5388
445078.00000 4367938.00000 -114.4861
445078.00000 4367942.00000 -114.3548
445078.00000 4367946.00000 -114.3100
445078.00000 4367950.00000 -114.1013
445078.00000 4367954.00000 -113.8833
445078.00000 4367958.00000 -113.5958
445078.00000 4367962.00000 -113.4177
445078.00000 4367966.00000 -113.3147
445078.00000 4367970.00000 -113.1702
445078.00000 4367974.00000 -113.0924
445078.00000 4367978.00000 -112.9354
445078.00000 4367982.00000 -112.7904
445078.00000 4367986.00000 -112.6190
445078.00000 4367990.00000 -112.8171
445078.00000 4367994.00000 -113.2351
445078.00000 4367998.00000 -113.5096
445078.00000 4368002.00000 -113.4612
445078.00000 4368006.00000 -113.2613
445078.00000 4368010.00000 -113.3381
445078.00000 4368014.00000 -113.4801
445078.00000 4368018.00000 -113.5452
445078.00000 4368022.00000 -113.4047
445078.00000 4368026.00000 -113.2764
445078.00000 4368030.00000 -113.1091
445078.00000 4368034.00000 -113.3286
445078.00000 4368038.00000 -113.5578
445078.00000 4368042.00000 -113.5735
445078.00000 4368046.00000 -113.2650
445078.00000 4368050.00000 -112.6392
445078.00000 4368054.00000 -113.3086
445078.00000 4368058.00000 -114.9599
445078.00000 4368062.00000 -116.8159
445078.00000 4368066.00000 -117.7473
445078.00000 4368070.00000 -118.0581
445078.00000 4368074.00000 -118.9267
445078.00000 4368078.00000 -120.2586
445078.00000 4368082.00000 -121.2580
445078.00000 4368086.00000 -121.5476
445078.00000 4368090.00000 -118.9706
445078.00000 4368094.00000 -117.3831
445078.00000 4368098.00000 -117.4160
445078.00000 4368102.00000 N.C.
445078.00000 4368106.00000 -115.1120
445078.00000 4368110.00000 N.C.
445078.00000 4368114.00000 N.C.
445078.00000 4368118.00000 -108.0037
445078.00000 4368122.00000 -107.8670
445078.00000 4368126.00000 -107.0403
445078.00000 4368130.00000 -107.6741
445078.00000 4368134.00000 N.C.
445078.00000 4368138.00000 -110.8501
445078.00000 4368142.00000 -111.1188
445078.00000 4368146.00000 -111.1420
445078.00000 4368150.00000 -110.4660
445078.00000 4368154.00000 -109.1312
445078.00000 4368158.00000 -109.3404
445078.00000 4368162.00000 -109.6055
445078.00000 4368166.00000 -111.0410
445078.00000 4368170.00000 -111.5206
445078.00000 4368174.00000 -112.4482
445078.00000 4368178.00000 -112.7492
445078.00000 4368182.00000 N.C.
445078.00000 4368186.00000 N.C.
445078.00000 4368190.00000 N.C.
445078.00000 4368194.00000 N.C.
445078.00000 4368198.00000 N.C.
445078.00000 4368202.00000 N.C.
445078.00000 4368206.00000 -116.1110
445078.00000 4368210.00000 -115.9570
445078.00000 4368214.00000 -115.7162
445078.00000 4368218.00000 -115.9295
445078.00000 4368222.00000 -115.9195
445078.00000 4368226.00000 -116.3885
445078.00000 4368230.00000 -116.7995
445078.00000 4368234.00000 N.C.
445078.00000 4368238.00000 N.C.
445078.00000 4368242.00000 N.C.
445078.00000 4368246.00000 N.C.
445078.00000 4368250.00000 N.C.
445078.00000 4368254.00000 N.C.
445078.00000 4368258.00000 -116.3773
445078.00000 4368262.00000 -116.5419
445078.00000 4368266.00000 -120.5194
445078.00000 4368270.00000 -118.4747
445078.00000 4368274.00000 -118.9139
445078.00000 4368278.00000 N.C.
445078.00000 4368282.00000 N.C.
445078.00000 4368286.00000 N.C.
445078.00000 4368290.00000 -114.4673
445078.00000 4368294.00000 -114.8855
445078.00000 4368298.00000 N.C.
445078.00000 4368302.00000 -109.3499
445078.00000 4368306.00000 -109.3499
445078.00000 4368310.00000 N.C.
445078.00000 4368314.00000 -115.8417
445078.00000 4368318.00000 N.C.
445078.00000 4368322.00000 N.C.
445078.00000 4368326.00000 N.C.
445078.00000 4368330.00000 -116.1870
445078.00000 4368334.00000 N.C.
445078.00000 4368338.00000 -117.7840
445078.00000 4368342.00000 -116.5261
445078.00000 4368346.00000 -114.5390
445078.00000 4368350.00000 N.C.
445078.00000 4368354.00000 N.C.
445078.00000 4368358.00000 N.C.
445078.00000 4368362.00000 N.C.
445078.00000 4368366.00000 N.C.
445078.00000 4368370.00000 N.C.
445078.00000 4368374.00000 -122.0857
445078.00000 4368378.00000 -119.7878
445078.00000 4368382.00000 N.C.
445078.00000 4368386.00000 -116.5381
445078.00000 4368390.00000 -116.8632
445078.00000 4368394.00000 -116.4077
445082.00000 4367886.00000 -115.0261
445082.00000 4367890.00000 -114.8977
445082.00000 4367894.00000 -114.6411
445082.00000 4367898.00000 -114.4329
445082.00000 4367902.00000 -114.3418
445082.00000 4367906.00000 -114.2998
445082.00000 4367910.00000 -114.3384
445082.00000 4367914.00000 -114.3506
445082.00000 4367918.00000 -114.4130
445082.00000 4367922.00000 -114.5025
445082.00000 4367926.00000 -114.4970
445082.00000 4367930.00000 -114.4666
445082.00000 4367934.00000 -114.3591
445082.00000 4367938.00000 -114.3175
445082.00000 4367942.00000 -114.2693
445082.00000 4367946.00000 -114.2149
445082.00000 4367950.00000 -114.0588
445082.00000 4367954.00000 -113.8667
445082.00000 4367958.00000 -113.6332
445082.00000 4367962.00000 -113.4284
445082.00000 4367966.00000 -113.2327
445082.00000 4367970.00000 -113.0945
445082.00000 4367974.00000 -113.0112
445082.00000 4367978.00000 -112.8918
445082.00000 4367982.00000 -112.7245
445082.00000 4367986.00000 -112.5264
445082.00000 4367990.00000 -112.7377
445082.00000 4367994.00000 -113.0754
445082.00000 4367998.00000 -113.4000
445082.00000 4368002.00000 -113.4402
445082.00000 4368006.00000 -113.2544
445082.00000 4368010.00000 -113.2797
445082.00000 4368014.00000 -113.2933
445082.00000 4368018.00000 -113.2923
445082.00000 4368022.00000 -113.3277
445082.00000 4368026.00000 -113.1774
445082.00000 4368030.00000 -113.1089
445082.00000 4368034.00000 -112.9720
445082.00000 4368038.00000 -113.0523
445082.00000 4368042.00000 -113.4024
445082.00000 4368046.00000 -113.4829
445082.00000 4368050.00000 -113.1378
445082.00000 4368054.00000 -113.1338
445082.00000 4368058.00000 -114.0547
445082.00000 4368062.00000 -115.8660
445082.00000 4368066.00000 -117.1441
445082.00000 4368070.00000 -118.1214
445082.00000 4368074.00000 -118.9589
445082.00000 4368078.00000 -120.8896
445082.00000 4368082.00000 -121.9033
445082.00000 4368086.00000 -122.3037
445082.00000 4368090.00000 N.C.
445082.00000 4368094.00000 -117.7742
445082.00000 4368098.00000 -117.7977
445082.00000 4368102.00000 -117.4094
445082.00000 4368106.00000 -113.6550
445082.00000 4368110.00000 -110.2604
445082.00000 4368114.00000 -108.7154
445082.00000 4368118.00000 -108.4444
445082.00000 4368122.00000 -108.3189
445082.00000 4368126.00000 -107.4353
445082.00000 4368130.00000 -106.7450
445082.00000 4368134.00000 N.C.
445082.00000 4368138.00000 N.C.
445082.00000 4368142.00000 -111.0568
445082.00000 4368146.00000 -111.2135
445082.00000 4368150.00000 -110.0410
445082.00000 4368154.00000 -109.0517
445082.00000 4368158.00000 -109.0561
445082.00000 4368162.00000 -109.5138
445082.00000 4368166.00000 -111.1839
445082.00000 4368170.00000 -112.4014
445082.00000 4368174.00000 -114.0110
445082.00000 4368178.00000 -114.3515
445082.00000 4368182.00000 N.C.
445082.00000 4368186.00000 N.C.
445082.00000 4368190.00000 N.C.
445082.00000 4368194.00000 -118.3476
445082.00000 4368198.00000 N.C.
445082.00000 4368202.00000 N.C.
445082.00000 4368206.00000 -116.0752
445082.00000 4368210.00000 -116.5557
445082.00000 4368214.00000 -117.2885
445082.00000 4368218.00000 -117.9244
445082.00000 4368222.00000 -117.3029
445082.00000 4368226.00000 -117.2716
445082.00000 4368230.00000 -117.1308
445082.00000 4368234.00000 N.C.
445082.00000 4368238.00000 N.C.
445082.00000 4368242.00000 N.C.
445082.00000 4368246.00000 N.C.
445082.00000 4368250.00000 N.C.
445082.00000 4368254.00000 -113.9059
445082.00000 4368258.00000 -116.7314
445082.00000 4368262.00000 -117.2265
445082.00000 4368266.00000 N.C.
445082.00000 4368270.00000 -118.3599
445082.00000 4368274.00000 -118.7227
445082.00000 4368278.00000 -117.5029
445082.00000 4368282.00000 -116.7506
445082.00000 4368286.00000 N.C.
445082.00000 4368290.00000 N.C.
445082.00000 4368294.00000 -114.2672
445082.00000 4368298.00000 N.C.
445082.00000 4368302.00000 -109.4682
445082.00000 4368306.00000 -110.1481
445082.00000 4368310.00000 N.C.
445082.00000 4368314.00000 N.C.
445082.00000 4368318.00000 N.C.
445082.00000 4368322.00000 -111.7428
445082.00000 4368326.00000 -113.9387
445082.00000 4368330.00000 -115.3171
445082.00000 4368334.00000 N.C.
445082.00000 4368338.00000 N.C.
445082.00000 4368342.00000 N.C.
445082.00000 4368346.00000 -113.5726
445082.00000 4368350.00000 N.C.
445082.00000 4368354.00000 N.C.
445082.00000 4368358.00000 N.C.
445082.00000 4368362.00000 N.C.
445082.00000 4368366.00000 N.C.
445082.00000 4368370.00000 N.C.
445082.00000 4368374.00000 -121.8180
445082.00000 4368378.00000 -120.1518
445082.00000 4368382.00000 -117.7244
445082.00000 4368386.00000 -116.5445
445082.00000 4368390.00000 -116.6030
445082.00000 4368394.00000 -116.0231
445086.00000 4367886.00000 -115.0021
445086.00000 4367890.00000 -114.9208
445086.00000 4367894.00000 -114.7353
445086.00000 4367898.00000 -114.5520
445086.00000 4367902.00000 -114.4191
445086.00000 4367906.00000 -114.2531
445086.00000 4367910.00000 -114.1501
445086.00000 4367914.00000 -114.0345
445086.00000 4367918.00000 -114.0549
445086.00000 4367922.00000 -114.0923
445086.00000 4367926.00000 -114.1490
445086.00000 4367930.00000 -114.1897
445086.00000 4367934.00000 -114.1675
445086.00000 4367938.00000 -114.1113
445086.00000 4367942.00000 -114.0423
445086.00000 4367946.00000 -113.9893
445086.00000 4367950.00000 -113.9404
445086.00000 4367954.00000 -113.8815
445086.00000 4367958.00000 -113.6680
445086.00000 4367962.00000 -113.4501
445086.00000 4367966.00000 -113.2169
445086.00000 4367970.00000 -113.1215
445086.00000 4367974.00000 -112.9668
445086.00000 4367978.00000 -112.8317
445086.00000 4367982.00000 -112.6609
445086.00000 4367986.00000 -112.4897
445086.00000 4367990.00000 -112.7131
445086.00000 4367994.00000 -113.1635
445086.00000 4367998.00000 -113.4604
445086.00000 4368002.00000 -113.4339
445086.00000 4368006.00000 -113.1976
445086.00000 4368010.00000 -113.1225
445086.00000 4368014.00000 -113.0590
445086.00000 4368018.00000 -112.9468
445086.00000 4368022.00000 -112.9303
445086.00000 4368026.00000 -112.9450
445086.00000 4368030.00000 -112.9612
445086.00000 4368034.00000 -112.9797
445086.00000 4368038.00000 -112.8150
445086.00000 4368042.00000 -113.0189
445086.00000 4368046.00000 -113.2925
445086.00000 4368050.00000 -113.2512
445086.00000 4368054.00000 -113.0438
445086.00000 4368058.00000 -113.3543
445086.00000 4368062.00000 -115.2625
445086.00000 4368066.00000 -117.0332
445086.00000 4368070.00000 -118.4476
445086.00000 4368074.00000 -119.2408
445086.00000 4368078.00000 -121.4487
445086.00000 4368082.00000 -122.5104
445086.00000 4368086.00000 -123.6305
445086.00000 4368090.00000 N.C.
445086.00000 4368094.00000 -118.2794
445086.00000 4368098.00000 -118.4994
445086.00000 4368102.00000 N.C.
445086.00000 4368106.00000 N.C.
445086.00000 4368110.00000 -108.7000
445086.00000 4368114.00000 -109.5935
445086.00000 4368118.00000 N.C.
445086.00000 4368122.00000 -109.5694
445086.00000 4368126.00000 -107.2879
445086.00000 4368130.00000 -106.3658
445086.00000 4368134.00000 -105.9639
445086.00000 4368138.00000 -108.3746
445086.00000 4368142.00000 -110.2025
445086.00000 4368146.00000 -111.3703
445086.00000 4368150.00000 -109.9551
445086.00000 4368154.00000 -109.4037
445086.00000 4368158.00000 -109.2585
445086.00000 4368162.00000 -110.3751
445086.00000 4368166.00000 -112.0699
445086.00000 4368170.00000 -114.0600
445086.00000 4368174.00000 -115.7711
445086.00000 4368178.00000 -116.2935
445086.00000 4368182.00000 N.C.
445086.00000 4368186.00000 N.C.
445086.00000 4368190.00000 N.C.
445086.00000 4368194.00000 -117.3733
445086.00000 4368198.00000 N.C.
445086.00000 4368202.00000 N.C.
445086.00000 4368206.00000 -116.2406
445086.00000 4368210.00000 -116.9982
445086.00000 4368214.00000 -118.5400
445086.00000 4368218.00000 -119.4367
445086.00000 4368222.00000 -118.4710
445086.00000 4368226.00000 -118.4069
445086.00000 4368230.00000 -118.2724
445086.00000 4368234.00000 N.C.
445086.00000 4368238.00000 N.C.
445086.00000 4368242.00000 N.C.
445086.00000 4368246.00000 -117.9625
445086.00000 4368250.00000 -116.9785
445086.00000 4368254.00000 -115.5129
445086.00000 4368258.00000 -117.0739
445086.00000 4368262.00000 -117.6137
445086.00000 4368266.00000 N.C.
445086.00000 4368270.00000 -118.4327
445086.00000 4368274.00000 -118.9860
445086.00000 4368278.00000 N.C.
445086.00000 4368282.00000 -116.5619
445086.00000 4368286.00000 -115.8796
445086.00000 4368290.00000 -113.6220
445086.00000 4368294.00000 -112.1190
445086.00000 4368298.00000 -110.0651
445086.00000 4368302.00000 -109.1479
445086.00000 4368306.00000 -111.1201
445086.00000 4368310.00000 -112.9231
445086.00000 4368314.00000 N.C.
445086.00000 4368318.00000 N.C.
445086.00000 4368322.00000 -111.4732
445086.00000 4368326.00000 -112.1060
445086.00000 4368330.00000 N.C.
445086.00000 4368334.00000 N.C.
445086.00000 4368338.00000 -110.8322
445086.00000 4368342.00000 -110.8150
445086.00000 4368346.00000 N.C.
445086.00000 4368350.00000 N.C.
445086.00000 4368354.00000 N.C.
445086.00000 4368358.00000 N.C.
445086.00000 4368362.00000 N.C.
445086.00000 4368366.00000 N.C.
445086.00000 4368370.00000 N.C.
445086.00000 4368374.00000 -122.1377
445086.00000 4368378.00000 -120.1386
445086.00000 4368382.00000 -117.3252
445086.00000 4368386.00000 -116.6053
445086.00000 4368390.00000 -116.3540
445086.00000 4368394.00000 -115.8022
445090.00000 4367886.00000 -115.1702
445090.00000 4367890.00000 -115.0618
445090.00000 4367894.00000 -114.8241
445090.00000 4367898.00000 -114.5695
445090.00000 4367902.00000 -114.3927
445090.00000 4367906.00000 -114.2543
445090.00000 4367910.00000 -114.1388
445090.00000 4367914.00000 -113.9988
445090.00000 4367918.00000 -113.9260
445090.00000 4367922.00000 -113.9025
445090.00000 4367926.00000 -113.8694
445090.00000 4367930.00000 -113.8721
445090.00000 4367934.00000 -113.8519
445090.00000 4367938.00000 -113.8677
445090.00000 4367942.00000 -113.8657
445090.00000 4367946.00000 -113.8208
445090.00000 4367950.00000 -113.7575
445090.00000 4367954.00000 -113.6519
445090.00000 4367958.00000 -113.5307
445090.00000 4367962.00000 -113.4283
445090.00000 4367966.00000 -113.2346
445090.00000 4367970.00000 -113.0904
445090.00000 4367974.00000 -112.9035
445090.00000 4367978.00000 -112.8155
445090.00000 4367982.00000 -112.6470
445090.00000 4367986.00000 -112.4360
445090.00000 4367990.00000 -112.8697
445090.00000 4367994.00000 -113.3173
445090.00000 4367998.00000 -113.8351
445090.00000 4368002.00000 -113.5813
445090.00000 4368006.00000 -113.3696
445090.00000 4368010.00000 -113.0876
445090.00000 4368014.00000 -112.9633
445090.00000 4368018.00000 -112.7160
445090.00000 4368022.00000 -112.6850
445090.00000 4368026.00000 -112.5840
445090.00000 4368030.00000 -112.7893
445090.00000 4368034.00000 -112.7849
445090.00000 4368038.00000 -112.7405
445090.00000 4368042.00000 -112.7697
445090.00000 4368046.00000 -112.9687
445090.00000 4368050.00000 -113.1225
445090.00000 4368054.00000 -113.0746
445090.00000 4368058.00000 -112.8816
445090.00000 4368062.00000 -114.7051
445090.00000 4368066.00000 -116.4509
445090.00000 4368070.00000 -118.6043
445090.00000 4368074.00000 -120.2300
445090.00000 4368078.00000 -122.9586
445090.00000 4368082.00000 -124.5988
445090.00000 4368086.00000 N.C.
445090.00000 4368090.00000 N.C.
445090.00000 4368094.00000 -119.1166
445090.00000 4368098.00000 -119.1166
445090.00000 4368102.00000 N.C.
445090.00000 4368106.00000 N.C.
445090.00000 4368110.00000 -108.7410
445090.00000 4368114.00000 -109.0832
445090.00000 4368118.00000 -108.6988
445090.00000 4368122.00000 N.C.
445090.00000 4368126.00000 -106.7965
445090.00000 4368130.00000 -105.9654
445090.00000 4368134.00000 -105.5859
445090.00000 4368138.00000 -107.5272
445090.00000 4368142.00000 -109.4334
445090.00000 4368146.00000 -111.2487
445090.00000 4368150.00000 -109.8536
445090.00000 4368154.00000 -109.4791
445090.00000 4368158.00000 -109.2096
445090.00000 4368162.00000 -110.5559
445090.00000 4368166.00000 -112.6461
445090.00000 4368170.00000 -115.6956
445090.00000 4368174.00000 -117.4956
445090.00000 4368178.00000 -117.8580
445090.00000 4368182.00000 N.C.
445090.00000 4368186.00000 -117.4998
445090.00000 4368190.00000 -117.7456
445090.00000 4368194.00000 -117.1354
445090.00000 4368198.00000 N.C.
445090.00000 4368202.00000 N.C.
445090.00000 4368206.00000 -116.5498
445090.00000 4368210.00000 N.C.
445090.00000 4368214.00000 N.C.
445090.00000 4368218.00000 N.C.
445090.00000 4368222.00000 N.C.
445090.00000 4368226.00000 -119.4132
445090.00000 4368230.00000 -118.9905
445090.00000 4368234.00000 N.C.
445090.00000 4368238.00000 -111.9043
445090.00000 4368242.00000 N.C.
445090.00000 4368246.00000 N.C.
445090.00000 4368250.00000 -116.3415
445090.00000 4368254.00000 -115.7188
445090.00000 4368258.00000 -116.6268
445090.00000 4368262.00000 -117.7706
445090.00000 4368266.00000 N.C.
445090.00000 4368270.00000 -117.5656
445090.00000 4368274.00000 N.C.
445090.00000 4368278.00000 N.C.
445090.00000 4368282.00000 -114.8482
445090.00000 4368286.00000 N.C.
445090.00000 4368290.00000 N.C.
445090.00000 4368294.00000 -109.9563
445090.00000 4368298.00000 -108.3828
445090.00000 4368302.00000 -108.7672
445090.00000 4368306.00000 N.C.
445090.00000 4368310.00000 -113.8900
445090.00000 4368314.00000 N.C.
445090.00000 4368318.00000 N.C.
445090.00000 4368322.00000 -111.3549
445090.00000 4368326.00000 -111.3549
445090.00000 4368330.00000 N.C.
445090.00000 4368334.00000 -113.5564
445090.00000 4368338.00000 -112.0665
445090.00000 4368342.00000 -110.1460
445090.00000 4368346.00000 N.C.
445090.00000 4368350.00000 N.C.
445090.00000 4368354.00000 -116.1307
445090.00000 4368358.00000 N.C.
445090.00000 4368362.00000 N.C.
445090.00000 4368366.00000 N.C.
445090.00000 4368370.00000 N.C.
445090.00000 4368374.00000 -123.0293
445090.00000 4368378.00000 -121.1480
445090.00000 4368382.00000 -118.2206
445090.00000 4368386.00000 -117.3863
445090.00000 4368390.00000 -116.8172
445090.00000 4368394.00000 -116.4645
445094.00000 4367886.00000 -115.2198
445094.00000 4367890.00000 -115.1768
445094.00000 4367894.00000 -114.9721
445094.00000 4367898.00000 -114.7543
445094.00000 4367902.00000 -114.4846
445094.00000 4367906.00000 -114.2992
445094.00000 4367910.00000 -114.1081
445094.00000 4367914.00000 -113.9487
445094.00000 4367918.00000 -113.8288
445094.00000 4367922.00000 -113.7495
445094.00000 4367926.00000 -113.7370
445094.00000 4367930.00000 -113.7643
445094.00000 4367934.00000 -113.6908
445094.00000 4367938.00000 -113.6070
445094.00000 4367942.00000 -113.5312
445094.00000 4367946.00000 -113.5297
445094.00000 4367950.00000 -113.5402
445094.00000 4367954.00000 -113.4701
445094.00000 4367958.00000 -113.4214
445094.00000 4367962.00000 -113.3124
445094.00000 4367966.00000 -113.1505
445094.00000 4367970.00000 -112.9518
445094.00000 4367974.00000 -112.8143
445094.00000 4367978.00000 -112.7707
445094.00000 4367982.00000 -112.6588
445094.00000 4367986.00000 -112.3920
445094.00000 4367990.00000 -112.6908
445094.00000 4367994.00000 -113.1178
445094.00000 4367998.00000 -113.6427
445094.00000 4368002.00000 -113.5738
445094.00000 4368006.00000 -113.4622
445094.00000 4368010.00000 -113.1827
445094.00000 4368014.00000 -112.9634
445094.00000 4368018.00000 -112.7654
445094.00000 4368022.00000 -112.6231
445094.00000 4368026.00000 -112.4353
445094.00000 4368030.00000 -112.4146
445094.00000 4368034.00000 -112.6124
445094.00000 4368038.00000 -112.7331
445094.00000 4368042.00000 -112.8101
445094.00000 4368046.00000 -112.9055
445094.00000 4368050.00000 -113.0451
445094.00000 4368054.00000 -113.1182
445094.00000 4368058.00000 -112.9392
445094.00000 4368062.00000 -114.7097
445094.00000 4368066.00000 -116.6915
445094.00000 4368070.00000 -119.0844
445094.00000 4368074.00000 -120.8067
445094.00000 4368078.00000 -122.9009
445094.00000 4368082.00000 -124.7392
445094.00000 4368086.00000 N.C.
445094.00000 4368090.00000 N.C.
445094.00000 4368094.00000 -119.7534
445094.00000 4368098.00000 -119.7534
445094.00000 4368102.00000 N.C.
445094.00000 4368106.00000 -109.4491
445094.00000 4368110.00000 -109.2824
445094.00000 4368114.00000 -109.1500
445094.00000 4368118.00000 -107.9188
445094.00000 4368122.00000 -106.6912
445094.00000 4368126.00000 -105.5817
445094.00000 4368130.00000 -105.5305
445094.00000 4368134.00000 -105.1513
445094.00000 4368138.00000 -107.0922
445094.00000 4368142.00000 -108.8996
445094.00000 4368146.00000 -110.7117
445094.00000 4368150.00000 -109.5906
445094.00000 4368154.00000 -109.2197
445094.00000 4368158.00000 -108.9386
445094.00000 4368162.00000 N.C.
445094.00000 4368166.00000 N.C.
445094.00000 4368170.00000 N.C.
445094.00000 4368174.00000 -118.1957
445094.00000 4368178.00000 -118.1863
445094.00000 4368182.00000 -118.3631
445094.00000 4368186.00000 N.C.
445094.00000 4368190.00000 N.C.
445094.00000 4368194.00000 -116.6643
445094.00000 4368198.00000 N.C.
445094.00000 4368202.00000 -116.0720
445094.00000 4368206.00000 -116.0720
445094.00000 4368210.00000 N.C.
445094.00000 4368214.00000 N.C.
445094.00000 4368218.00000 N.C.
445094.00000 4368222.00000 N.C.
445094.00000 4368226.00000 -119.0677
445094.00000 4368230.00000 N.C.
445094.00000 4368234.00000 N.C.
445094.00000 4368238.00000 -110.7290
445094.00000 4368242.00000 -112.1015
445094.00000 4368246.00000 N.C.
445094.00000 4368250.00000 N.C.
445094.00000 4368254.00000 -115.5814
445094.00000 4368258.00000 N.C.
445094.00000 4368262.00000 -116.7957
445094.00000 4368266.00000 N.C.
445094.00000 4368270.00000 -117.3649
445094.00000 4368274.00000 N.C.
445094.00000 4368278.00000 N.C.
445094.00000 4368282.00000 -115.5901
445094.00000 4368286.00000 N.C.
445094.00000 4368290.00000 N.C.
445094.00000 4368294.00000 -108.3733
445094.00000 4368298.00000 -107.9899
445094.00000 4368302.00000 -107.7367
445094.00000 4368306.00000 N.C.
445094.00000 4368310.00000 -115.1873
445094.00000 4368314.00000 N.C.
445094.00000 4368318.00000 N.C.
445094.00000 4368322.00000 -110.7195
445094.00000 4368326.00000 N.C.
445094.00000 4368330.00000 N.C.
445094.00000 4368334.00000 -114.5449
445094.00000 4368338.00000 -112.9776
445094.00000 4368342.00000 -110.5524
445094.00000 4368346.00000 N.C.
445094.00000 4368350.00000 N.C.
445094.00000 4368354.00000 -115.8118
445094.00000 4368358.00000 N.C.
445094.00000 4368362.00000 N.C.
445094.00000 4368366.00000 N.C.
445094.00000 4368370.00000 N.C.
445094.00000 4368374.00000 N.C.
445094.00000 4368378.00000 -121.3818
445094.00000 4368382.00000 -118.4645
445094.00000 4368386.00000 -117.7691
445094.00000 4368390.00000 -117.1116
445094.00000 4368394.00000 -116.6667
445098.00000 4367886.00000 -115.3916
445098.00000 4367890.00000 -115.3578
445098.00000 4367894.00000 -115.1638
445098.00000 4367898.00000 -114.9955
445098.00000 4367902.00000 -114.7350
445098.00000 4367906.00000 -114.5199
445098.00000 4367910.00000 -114.2297
445098.00000 4367914.00000 -114.0084
445098.00000 4367918.00000 -113.8223
445098.00000 4367922.00000 -113.7177
445098.00000 4367926.00000 -113.6209
445098.00000 4367930.00000 -113.6091
445098.00000 4367934.00000 -113.5228
445098.00000 4367938.00000 -113.4654
445098.00000 4367942.00000 -113.3951
445098.00000 4367946.00000 -113.3570
445098.00000 4367950.00000 -113.3165
445098.00000 4367954.00000 -113.1977
445098.00000 4367958.00000 -113.1632
445098.00000 4367962.00000 -113.0948
445098.00000 4367966.00000 -112.9918
445098.00000 4367970.00000 -112.8213
445098.00000 4367974.00000 -112.6856
445098.00000 4367978.00000 -112.6114
445098.00000 4367982.00000 -112.5139
445098.00000 4367986.00000 -112.3184
445098.00000 4367990.00000 -112.4619
445098.00000 4367994.00000 -112.6321
445098.00000 4367998.00000 -113.0343
445098.00000 4368002.00000 -113.1798
445098.00000 4368006.00000 -113.2937
445098.00000 4368010.00000 -113.2307
445098.00000 4368014.00000 -113.0446
445098.00000 4368018.00000 -112.8592
445098.00000 4368022.00000 -112.7267
445098.00000 4368026.00000 -112.3511
445098.00000 4368030.00000 -112.3260
445098.00000 4368034.00000 -112.2556
445098.00000 4368038.00000 -112.4388
445098.00000 4368042.00000 -112.4196
445098.00000 4368046.00000 -112.5982
445098.00000 4368050.00000 -112.9975
445098.00000 4368054.00000 -113.1730
445098.00000 4368058.00000 -113.1237
445098.00000 4368062.00000 -114.5055
445098.00000 4368066.00000 -116.7273
445098.00000 4368070.00000 -119.2918
445098.00000 4368074.00000 -121.2603
445098.00000 4368078.00000 N.C.
445098.00000 4368082.00000 -125.3040
445098.00000 4368086.00000 N.C.
445098.00000 4368090.00000 N.C.
445098.00000 4368094.00000 -120.6809
445098.00000 4368098.00000 -119.9780
445098.00000 4368102.00000 N.C.
445098.00000 4368106.00000 -110.2652
445098.00000 4368110.00000 -109.4535
445098.00000 4368114.00000 -108.3376
445098.00000 4368118.00000 -106.7905
445098.00000 4368122.00000 -105.1843
445098.00000 4368126.00000 -105.0665
445098.00000 4368130.00000 -104.9308
445098.00000 4368134.00000 -104.6156
445098.00000 4368138.00000 -106.6746
445098.00000 4368142.00000 -108.3235
445098.00000 4368146.00000 -110.1212
445098.00000 4368150.00000 -109.2172
445098.00000 4368154.00000 -109.1283
445098.00000 4368158.00000 -108.8900
445098.00000 4368162.00000 N.C.
445098.00000 4368166.00000 N.C.
445098.00000 4368170.00000 N.C.
445098.00000 4368174.00000 N.C.
445098.00000 4368178.00000 N.C.
445098.00000 4368182.00000 N.C.
445098.00000 4368186.00000 -117.6897
445098.00000 4368190.00000 -117.7798
445098.00000 4368194.00000 N.C.
445098.00000 4368198.00000 N.C.
445098.00000 4368202.00000 -115.1219
445098.00000 4368206.00000 -115.0484
445098.00000 4368210.00000 N.C.
445098.00000 4368214.00000 N.C.
445098.00000 4368218.00000 N.C.
445098.00000 4368222.00000 N.C.
445098.00000 4368226.00000 -117.5161
445098.00000 4368230.00000 N.C.
445098.00000 4368234.00000 N.C.
445098.00000 4368238.00000 -110.4930
445098.00000 4368242.00000 -110.9528
445098.00000 4368246.00000 -112.1829
445098.00000 4368250.00000 -115.1670
445098.00000 4368254.00000 -116.1637
445098.00000 4368258.00000 -116.2168
445098.00000 4368262.00000 N.C.
445098.00000 4368266.00000 N.C.
445098.00000 4368270.00000 -115.5433
445098.00000 4368274.00000 N.C.
445098.00000 4368278.00000 N.C.
445098.00000 4368282.00000 -113.4327
445098.00000 4368286.00000 N.C.
445098.00000 4368290.00000 N.C.
445098.00000 4368294.00000 -108.0971
445098.00000 4368298.00000 -107.4908
445098.00000 4368302.00000 -107.1389
445098.00000 4368306.00000 N.C.
445098.00000 4368310.00000 -114.4188
445098.00000 4368314.00000 -114.2679
445098.00000 4368318.00000 -111.1568
445098.00000 4368322.00000 -110.1218
445098.00000 4368326.00000 -109.3244
445098.00000 4368330.00000 N.C.
445098.00000 4368334.00000 N.C.
445098.00000 4368338.00000 N.C.
445098.00000 4368342.00000 N.C.
445098.00000 4368346.00000 N.C.
445098.00000 4368350.00000 N.C.
445098.00000 4368354.00000 -115.1669
445098.00000 4368358.00000 N.C.
445098.00000 4368362.00000 N.C.
445098.00000 4368366.00000 N.C.
445098.00000 4368370.00000 -116.6443
445098.00000 4368374.00000 N.C.
445098.00000 4368378.00000 N.C.
445098.00000 4368382.00000 N.C.
445098.00000 4368386.00000 -118.0400
445098.00000 4368390.00000 -116.7929
445098.00000 4368394.00000 -116.0585
445102.00000 4367886.00000 -115.2738
445102.00000 4367890.00000 -115.2908
445102.00000 4367894.00000 -115.2469
445102.00000 4367898.00000 -115.1103
445102.00000 4367902.00000 -114.9469
445102.00000 4367906.00000 -114.7747
445102.00000 4367910.00000 -114.4445
445102.00000 4367914.00000 -114.1308
445102.00000 4367918.00000 -113.8806
445102.00000 4367922.00000 -113.6983
445102.00000 4367926.00000 -113.5781
445102.00000 4367930.00000 -113.5274
445102.00000 4367934.00000 -113.4355
445102.00000 4367938.00000 -113.3503
445102.00000 4367942.00000 -113.2662
445102.00000 4367946.00000 -113.2234
445102.00000 4367950.00000 -113.1529
445102.00000 4367954.00000 -113.0326
445102.00000 4367958.00000 -112.9623
445102.00000 4367962.00000 -112.8551
445102.00000 4367966.00000 -112.7400
445102.00000 4367970.00000 -112.6145
445102.00000 4367974.00000 -112.5018
445102.00000 4367978.00000 -112.4229
445102.00000 4367982.00000 -112.3401
445102.00000 4367986.00000 -112.1877
445102.00000 4367990.00000 -112.1405
445102.00000 4367994.00000 -112.1034
445102.00000 4367998.00000 -112.3372
445102.00000 4368002.00000 -112.4407
445102.00000 4368006.00000 -112.6700
445102.00000 4368010.00000 -112.7890
445102.00000 4368014.00000 -112.9185
445102.00000 4368018.00000 -112.8718
445102.00000 4368022.00000 -112.6736
445102.00000 4368026.00000 -112.3384
445102.00000 4368030.00000 -112.2899
445102.00000 4368034.00000 -112.1642
445102.00000 4368038.00000 -112.1985
445102.00000 4368042.00000 -112.0434
445102.00000 4368046.00000 -112.2295
445102.00000 4368050.00000 -112.6735
445102.00000 4368054.00000 -113.1608
445102.00000 4368058.00000 -113.2278
445102.00000 4368062.00000 -114.3499
445102.00000 4368066.00000 -116.5387
445102.00000 4368070.00000 -119.2187
445102.00000 4368074.00000 -120.4796
445102.00000 4368078.00000 N.C.
445102.00000 4368082.00000 N.C.
445102.00000 4368086.00000 N.C.
445102.00000 4368090.00000 N.C.
445102.00000 4368094.00000 N.C.
445102.00000 4368098.00000 -119.9417
445102.00000 4368102.00000 -114.3761
445102.00000 4368106.00000 -110.2559
445102.00000 4368110.00000 -109.2639
445102.00000 4368114.00000 -107.9864
445102.00000 4368118.00000 -106.9722
445102.00000 4368122.00000 -105.3304
445102.00000 4368126.00000 -105.3733
445102.00000 4368130.00000 -104.8359
445102.00000 4368134.00000 -105.0865
445102.00000 4368138.00000 -106.9845
445102.00000 4368142.00000 -108.3344
445102.00000 4368146.00000 -109.5140
445102.00000 4368150.00000 -108.8273
445102.00000 4368154.00000 -108.8998
445102.00000 4368158.00000 N.C.
445102.00000 4368162.00000 N.C.
445102.00000 4368166.00000 N.C.
445102.00000 4368170.00000 N.C.
445102.00000 4368174.00000 N.C.
445102.00000 4368178.00000 N.C.
445102.00000 4368182.00000 N.C.
445102.00000 4368186.00000 N.C.
445102.00000 4368190.00000 -117.9873
445102.00000 4368194.00000 N.C.
445102.00000 4368198.00000 -115.2831
445102.00000 4368202.00000 -115.0518
445102.00000 4368206.00000 -113.7689
445102.00000 4368210.00000 N.C.
445102.00000 4368214.00000 N.C.
445102.00000 4368218.00000 N.C.
445102.00000 4368222.00000 -113.9295
445102.00000 4368226.00000 -115.1656
445102.00000 4368230.00000 N.C.
445102.00000 4368234.00000 -110.0394
445102.00000 4368238.00000 -109.5481
445102.00000 4368242.00000 -111.5727
445102.00000 4368246.00000 N.C.
445102.00000 4368250.00000 N.C.
445102.00000 4368254.00000 N.C.
445102.00000 4368258.00000 -116.6402
445102.00000 4368262.00000 N.C.
445102.00000 4368266.00000 -115.0493
445102.00000 4368270.00000 -115.0493
445102.00000 4368274.00000 N.C.
445102.00000 4368278.00000 N.C.
445102.00000 4368282.00000 -113.9579
445102.00000 4368286.00000 N.C.
445102.00000 4368290.00000 N.C.
445102.00000 4368294.00000 -107.6915
445102.00000 4368298.00000 -107.1282
445102.00000 4368302.00000 -106.5640
445102.00000 4368306.00000 N.C.
445102.00000 4368310.00000 N.C.
445102.00000 4368314.00000 N.C.
445102.00000 4368318.00000 N.C.
445102.00000 4368322.00000 -109.7338
445102.00000 4368326.00000 -109.6799
445102.00000 4368330.00000 -108.9866
445102.00000 4368334.00000 -108.5705
445102.00000 4368338.00000 N.C.
445102.00000 4368342.00000 N.C.
445102.00000 4368346.00000 N.C.
445102.00000 4368350.00000 N.C.
445102.00000 4368354.00000 N.C.
445102.00000 4368358.00000 N.C.
445102.00000 4368362.00000 N.C.
445102.00000 4368366.00000 N.C.
445102.00000 4368370.00000 -115.4587
445102.00000 4368374.00000 -115.4587
445102.00000 4368378.00000 N.C.
445102.00000 4368382.00000 N.C.
445102.00000 4368386.00000 -117.1373
445102.00000 4368390.00000 -115.3445
445102.00000 4368394.00000 -113.8805
445106.00000 4367886.00000 -114.7752
445106.00000 4367890.00000 -114.7779
445106.00000 4367894.00000 -114.8074
445106.00000 4367898.00000 -114.8024
445106.00000 4367902.00000 -114.8657
445106.00000 4367906.00000 -114.8529
445106.00000 4367910.00000 -114.6107
445106.00000 4367914.00000 -114.3090
445106.00000 4367918.00000 -114.0785
445106.00000 4367922.00000 -113.8874
445106.00000 4367926.00000 -113.6630
445106.00000 4367930.00000 -113.4574
445106.00000 4367934.00000 -113.3264
445106.00000 4367938.00000 -113.2580
445106.00000 4367942.00000 -113.2324
445106.00000 4367946.00000 -113.1757
445106.00000 4367950.00000 -113.0760
445106.00000 4367954.00000 -112.9121
445106.00000 4367958.00000 -112.8033
445106.00000 4367962.00000 -112.7295
445106.00000 4367966.00000 -112.6039
445106.00000 4367970.00000 -112.4771
445106.00000 4367974.00000 -112.2582
445106.00000 4367978.00000 -112.0935
445106.00000 4367982.00000 -111.9641
445106.00000 4367986.00000 -111.9185
445106.00000 4367990.00000 -111.8655
445106.00000 4367994.00000 -111.6832
445106.00000 4367998.00000 -111.6914
445106.00000 4368002.00000 -111.6989
445106.00000 4368006.00000 -111.9217
445106.00000 4368010.00000 -112.2651
445106.00000 4368014.00000 -112.5266
445106.00000 4368018.00000 -112.7015
445106.00000 4368022.00000 -112.5678
445106.00000 4368026.00000 -112.3543
445106.00000 4368030.00000 -112.2841
445106.00000 4368034.00000 -112.0918
445106.00000 4368038.00000 -111.9798
445106.00000 4368042.00000 -111.7572
445106.00000 4368046.00000 -111.7895
445106.00000 4368050.00000 -112.2637
445106.00000 4368054.00000 -112.8609
445106.00000 4368058.00000 -113.3196
445106.00000 4368062.00000 -114.0497
445106.00000 4368066.00000 -115.9377
445106.00000 4368070.00000 -118.4057
445106.00000 4368074.00000 -120.0125
445106.00000 4368078.00000 N.C.
445106.00000 4368082.00000 -122.1501
445106.00000 4368086.00000 N.C.
445106.00000 4368090.00000 N.C.
445106.00000 4368094.00000 N.C.
445106.00000 4368098.00000 N.C.
445106.00000 4368102.00000 N.C.
445106.00000 4368106.00000 -110.2769
445106.00000 4368110.00000 -109.1351
445106.00000 4368114.00000 -108.3010
445106.00000 4368118.00000 -107.6292
445106.00000 4368122.00000 -106.0339
445106.00000 4368126.00000 -106.0851
445106.00000 4368130.00000 -105.4281
445106.00000 4368134.00000 -106.0411
445106.00000 4368138.00000 -107.2954
445106.00000 4368142.00000 -108.4828
445106.00000 4368146.00000 -109.0396
445106.00000 4368150.00000 -108.6318
445106.00000 4368154.00000 -109.2441
445106.00000 4368158.00000 N.C.
445106.00000 4368162.00000 N.C.
445106.00000 4368166.00000 N.C.
445106.00000 4368170.00000 -120.2576
445106.00000 4368174.00000 N.C.
445106.00000 4368178.00000 N.C.
445106.00000 4368182.00000 N.C.
445106.00000 4368186.00000 N.C.
445106.00000 4368190.00000 N.C.
445106.00000 4368194.00000 N.C.
445106.00000 4368198.00000 -116.0043
445106.00000 4368202.00000 -115.1153
445106.00000 4368206.00000 N.C.
445106.00000 4368210.00000 -109.8125
445106.00000 4368214.00000 -109.3976
445106.00000 4368218.00000 -110.5311
445106.00000 4368222.00000 -111.1068
445106.00000 4368226.00000 N.C.
445106.00000 4368230.00000 N.C.
445106.00000 4368234.00000 -109.1534
445106.00000 4368238.00000 -109.2168
445106.00000 4368242.00000 -110.3193
445106.00000 4368246.00000 -111.4712
445106.00000 4368250.00000 N.C.
445106.00000 4368254.00000 -115.3662
445106.00000 4368258.00000 N.C.
445106.00000 4368262.00000 N.C.
445106.00000 4368266.00000 -114.6238
445106.00000 4368270.00000 -114.6238
445106.00000 4368274.00000 N.C.
445106.00000 4368278.00000 -113.3344
445106.00000 4368282.00000 -113.3344
445106.00000 4368286.00000 N.C.
445106.00000 4368290.00000 -107.4017
445106.00000 4368294.00000 -107.4140
445106.00000 4368298.00000 -106.8934
445106.00000 4368302.00000 -106.4092
445106.00000 4368306.00000 -106.3126
445106.00000 4368310.00000 -106.8042
445106.00000 4368314.00000 N.C.
445106.00000 4368318.00000 -108.5964
445106.00000 4368322.00000 -108.6464
445106.00000 4368326.00000 N.C.
445106.00000 4368330.00000 -109.0777
445106.00000 4368334.00000 -108.6292
445106.00000 4368338.00000 -107.0135
445106.00000 4368342.00000 N.C.
445106.00000 4368346.00000 -115.6273
445106.00000 4368350.00000 -114.1201
445106.00000 4368354.00000 -111.9815
445106.00000 4368358.00000 -110.3130
445106.00000 4368362.00000 N.C.
445106.00000 4368366.00000 N.C.
445106.00000 4368370.00000 -113.1678
445106.00000 4368374.00000 N.C.
445106.00000 4368378.00000 N.C.
445106.00000 4368382.00000 N.C.
445106.00000 4368386.00000 -116.2784
445106.00000 4368390.00000 -112.6582
445106.00000 4368394.00000 -110.8583
445110.00000 4367886.00000 -114.2741
445110.00000 4367890.00000 -114.2540
445110.00000 4367894.00000 -114.2568
445110.00000 4367898.00000 -114.2106
445110.00000 4367902.00000 -114.3251
445110.00000 4367906.00000 -114.3844
445110.00000 4367910.00000 -114.3306
445110.00000 4367914.00000 -114.2316
445110.00000 4367918.00000 -114.1816
445110.00000 4367922.00000 -114.0861
445110.00000 4367926.00000 -113.8202
445110.00000 4367930.00000 -113.5115
445110.00000 4367934.00000 -113.2938
445110.00000 4367938.00000 -113.1758
445110.00000 4367942.00000 -113.1057
445110.00000 4367946.00000 -113.0042
445110.00000 4367950.00000 -112.8996
445110.00000 4367954.00000 -112.8081
445110.00000 4367958.00000 -112.7644
445110.00000 4367962.00000 -112.6927
445110.00000 4367966.00000 -112.5307
445110.00000 4367970.00000 -112.3618
445110.00000 4367974.00000 -112.1333
445110.00000 4367978.00000 -111.9301
445110.00000 4367982.00000 -111.7333
445110.00000 4367986.00000 -111.5716
445110.00000 4367990.00000 -111.5122
445110.00000 4367994.00000 -111.4339
445110.00000 4367998.00000 -111.4492
445110.00000 4368002.00000 -111.2708
445110.00000 4368006.00000 -111.2660
445110.00000 4368010.00000 -111.5126
445110.00000 4368014.00000 -111.7647
445110.00000 4368018.00000 -112.1268
445110.00000 4368022.00000 -112.1189
445110.00000 4368026.00000 -112.3106
445110.00000 4368030.00000 -112.1996
445110.00000 4368034.00000 -112.1227
445110.00000 4368038.00000 -111.9899
445110.00000 4368042.00000 -111.8539
445110.00000 4368046.00000 -111.7224
445110.00000 4368050.00000 -111.8959
445110.00000 4368054.00000 -112.4608
445110.00000 4368058.00000 -113.1478
445110.00000 4368062.00000 -113.8334
445110.00000 4368066.00000 -115.1816
445110.00000 4368070.00000 -118.0631
445110.00000 4368074.00000 -119.5848
445110.00000 4368078.00000 N.C.
445110.00000 4368082.00000 -121.0957
445110.00000 4368086.00000 -122.8183
445110.00000 4368090.00000 -125.9752
445110.00000 4368094.00000 -126.7574
445110.00000 4368098.00000 N.C.
445110.00000 4368102.00000 N.C.
445110.00000 4368106.00000 -109.2100
445110.00000 4368110.00000 -109.1337
445110.00000 4368114.00000 -108.7226
445110.00000 4368118.00000 -108.6980
445110.00000 4368122.00000 N.C.
445110.00000 4368126.00000 N.C.
445110.00000 4368130.00000 -105.5236
445110.00000 4368134.00000 -106.2747
445110.00000 4368138.00000 -107.3251
445110.00000 4368142.00000 -108.4161
445110.00000 4368146.00000 -108.5346
445110.00000 4368150.00000 -108.3171
445110.00000 4368154.00000 -109.0048
445110.00000 4368158.00000 -112.9974
445110.00000 4368162.00000 -116.6082
445110.00000 4368166.00000 N.C.
445110.00000 4368170.00000 N.C.
445110.00000 4368174.00000 N.C.
445110.00000 4368178.00000 N.C.
445110.00000 4368182.00000 N.C.
445110.00000 4368186.00000 -119.9030
445110.00000 4368190.00000 N.C.
445110.00000 4368194.00000 N.C.
445110.00000 4368198.00000 -116.0784
445110.00000 4368202.00000 N.C.
445110.00000 4368206.00000 N.C.
445110.00000 4368210.00000 -111.5888
445110.00000 4368214.00000 -110.7764
445110.00000 4368218.00000 -109.8265
445110.00000 4368222.00000 -108.2395
445110.00000 4368226.00000 -107.3553
445110.00000 4368230.00000 -106.8577
445110.00000 4368234.00000 -107.3185
445110.00000 4368238.00000 -107.8102
445110.00000 4368242.00000 -110.2196
445110.00000 4368246.00000 N.C.
445110.00000 4368250.00000 -114.7205
445110.00000 4368254.00000 -113.3662
445110.00000 4368258.00000 N.C.
445110.00000 4368262.00000 N.C.
445110.00000 4368266.00000 N.C.
445110.00000 4368270.00000 -114.3385
445110.00000 4368274.00000 N.C.
445110.00000 4368278.00000 N.C.
445110.00000 4368282.00000 -113.3703
445110.00000 4368286.00000 N.C.
445110.00000 4368290.00000 -107.4227
445110.00000 4368294.00000 -107.3000
445110.00000 4368298.00000 -107.1046
445110.00000 4368302.00000 -106.6220
445110.00000 4368306.00000 -106.6165
445110.00000 4368310.00000 -106.8422
445110.00000 4368314.00000 N.C.
445110.00000 4368318.00000 -108.2853
445110.00000 4368322.00000 -108.3316
445110.00000 4368326.00000 N.C.
445110.00000 4368330.00000 -109.5690
445110.00000 4368334.00000 -109.3486
445110.00000 4368338.00000 -109.0872
445110.00000 4368342.00000 N.C.
445110.00000 4368346.00000 N.C.
445110.00000 4368350.00000 N.C.
445110.00000 4368354.00000 -110.4863
445110.00000 4368358.00000 -108.6635
445110.00000 4368362.00000 -107.4590
445110.00000 4368366.00000 -109.5050
445110.00000 4368370.00000 -111.4282
445110.00000 4368374.00000 -111.0298
445110.00000 4368378.00000 N.C.
445110.00000 4368382.00000 -113.2316
445110.00000 4368386.00000 -112.2014
445110.00000 4368390.00000 -109.5440
445110.00000 4368394.00000 -107.9975
445114.00000 4367886.00000 -113.9165
445114.00000 4367890.00000 -113.8492
445114.00000 4367894.00000 -113.7385
445114.00000 4367898.00000 -113.7327
445114.00000 4367902.00000 -113.7842
445114.00000 4367906.00000 -113.7959
445114.00000 4367910.00000 -113.8040
445114.00000 4367914.00000 -113.8244
445114.00000 4367918.00000 -113.8776
445114.00000 4367922.00000 -113.8391
445114.00000 4367926.00000 -113.7515
445114.00000 4367930.00000 -113.5595
445114.00000 4367934.00000 -113.4061
445114.00000 4367938.00000 -113.1676
445114.00000 4367942.00000 -112.9902
445114.00000 4367946.00000 -112.8305
445114.00000 4367950.00000 -112.7132
445114.00000 4367954.00000 -112.6477
445114.00000 4367958.00000 -112.6076
445114.00000 4367962.00000 -112.5665
445114.00000 4367966.00000 -112.4280
445114.00000 4367970.00000 -112.2657
445114.00000 4367974.00000 -112.0687
445114.00000 4367978.00000 -111.8689
445114.00000 4367982.00000 -111.6716
445114.00000 4367986.00000 -111.4271
445114.00000 4367990.00000 -111.2766
445114.00000 4367994.00000 -111.1311
445114.00000 4367998.00000 -111.0907
445114.00000 4368002.00000 -110.9824
445114.00000 4368006.00000 -110.9009
445114.00000 4368010.00000 -110.9782
445114.00000 4368014.00000 -110.9951
445114.00000 4368018.00000 -111.2711
445114.00000 4368022.00000 -111.2361
445114.00000 4368026.00000 -111.6500
445114.00000 4368030.00000 -111.6653
445114.00000 4368034.00000 -111.9252
445114.00000 4368038.00000 -111.8055
445114.00000 4368042.00000 -111.8853
445114.00000 4368046.00000 -111.7320
445114.00000 4368050.00000 -111.7712
445114.00000 4368054.00000 -112.0183
445114.00000 4368058.00000 -112.5935
445114.00000 4368062.00000 -113.3248
445114.00000 4368066.00000 -114.3769
445114.00000 4368070.00000 -116.6729
445114.00000 4368074.00000 -117.5425
445114.00000 4368078.00000 -118.7305
445114.00000 4368082.00000 N.C.
445114.00000 4368086.00000 N.C.
445114.00000 4368090.00000 N.C.
445114.00000 4368094.00000 -126.7574
445114.00000 4368098.00000 N.C.
445114.00000 4368102.00000 N.C.
445114.00000 4368106.00000 -109.1684
445114.00000 4368110.00000 -109.0864
445114.00000 4368114.00000 -109.7696
445114.00000 4368118.00000 -110.1527
445114.00000 4368122.00000 N.C.
445114.00000 4368126.00000 N.C.
445114.00000 4368130.00000 -104.3901
445114.00000 4368134.00000 -105.5666
445114.00000 4368138.00000 -106.6700
445114.00000 4368142.00000 -108.5289
445114.00000 4368146.00000 -109.2906
445114.00000 4368150.00000 -109.6431
445114.00000 4368154.00000 N.C.
445114.00000 4368158.00000 N.C.
445114.00000 4368162.00000 N.C.
445114.00000 4368166.00000 N.C.
445114.00000 4368170.00000 -112.3677
445114.00000 4368174.00000 -112.3677
445114.00000 4368178.00000 N.C.
445114.00000 4368182.00000 N.C.
445114.00000 4368186.00000 N.C.
445114.00000 4368190.00000 N.C.
445114.00000 4368194.00000 N.C.
445114.00000 4368198.00000 -114.9859
445114.00000 4368202.00000 N.C.
445114.00000 4368206.00000 N.C.
445114.00000 4368210.00000 -112.7724
445114.00000 4368214.00000 -111.9845
445114.00000 4368218.00000 -110.2634
445114.00000 4368222.00000 -108.3275
445114.00000 4368226.00000 -106.8606
445114.00000 4368230.00000 -106.5512
445114.00000 4368234.00000 -106.8262
445114.00000 4368238.00000 -107.1053
445114.00000 4368242.00000 N.C.
445114.00000 4368246.00000 N.C.
445114.00000 4368250.00000 -112.6324
445114.00000 4368254.00000 -113.0168
445114.00000 4368258.00000 N.C.
445114.00000 4368262.00000 -112.0082
445114.00000 4368266.00000 N.C.
445114.00000 4368270.00000 -113.9790
445114.00000 4368274.00000 -113.5135
445114.00000 4368278.00000 -112.1727
445114.00000 4368282.00000 -111.9669
445114.00000 4368286.00000 N.C.
445114.00000 4368290.00000 -107.6299
445114.00000 4368294.00000 -107.5980
445114.00000 4368298.00000 -107.6082
445114.00000 4368302.00000 -107.3488
445114.00000 4368306.00000 -107.0898
445114.00000 4368310.00000 -106.8594
445114.00000 4368314.00000 -107.4517
445114.00000 4368318.00000 -108.1727
445114.00000 4368322.00000 -108.4958
445114.00000 4368326.00000 N.C.
445114.00000 4368330.00000 -109.6814
445114.00000 4368334.00000 -109.7209
445114.00000 4368338.00000 -110.0955
445114.00000 4368342.00000 -111.4461
445114.00000 4368346.00000 N.C.
445114.00000 4368350.00000 N.C.
445114.00000 4368354.00000 -108.1908
445114.00000 4368358.00000 -106.8509
445114.00000 4368362.00000 -106.2924
445114.00000 4368366.00000 N.C.
445114.00000 4368370.00000 N.C.
445114.00000 4368374.00000 -108.5822
445114.00000 4368378.00000 -109.9103
445114.00000 4368382.00000 -109.8599
445114.00000 4368386.00000 -109.4507
445114.00000 4368390.00000 -107.0699
445114.00000 4368394.00000 -106.3148
445118.00000 4367886.00000 -114.0241
445118.00000 4367890.00000 -113.9487
445118.00000 4367894.00000 -113.8528
445118.00000 4367898.00000 -113.6806
445118.00000 4367902.00000 -113.5178
445118.00000 4367906.00000 -113.3307
445118.00000 4367910.00000 -113.2112
445118.00000 4367914.00000 -113.3593
445118.00000 4367918.00000 -113.4111
445118.00000 4367922.00000 -113.4708
445118.00000 4367926.00000 -113.3600
445118.00000 4367930.00000 -113.2680
445118.00000 4367934.00000 -113.1779
445118.00000 4367938.00000 -113.0458
445118.00000 4367942.00000 -112.8683
445118.00000 4367946.00000 -112.7244
445118.00000 4367950.00000 -112.5113
445118.00000 4367954.00000 -112.4572
445118.00000 4367958.00000 -112.3509
445118.00000 4367962.00000 -112.2967
445118.00000 4367966.00000 -112.1785
445118.00000 4367970.00000 -112.0911
445118.00000 4367974.00000 -111.9422
445118.00000 4367978.00000 -111.7974
445118.00000 4367982.00000 -111.6176
445118.00000 4367986.00000 -111.3794
445118.00000 4367990.00000 -111.1903
445118.00000 4367994.00000 -111.0067
445118.00000 4367998.00000 -110.8776
445118.00000 4368002.00000 -110.6833
445118.00000 4368006.00000 -110.5267
445118.00000 4368010.00000 -110.4094
445118.00000 4368014.00000 -110.3140
445118.00000 4368018.00000 -110.3921
445118.00000 4368022.00000 -110.3439
445118.00000 4368026.00000 -110.6810
445118.00000 4368030.00000 -110.6719
445118.00000 4368034.00000 -111.2153
445118.00000 4368038.00000 -111.3003
445118.00000 4368042.00000 -111.6866
445118.00000 4368046.00000 -111.6013
445118.00000 4368050.00000 -111.6801
445118.00000 4368054.00000 -111.9113
445118.00000 4368058.00000 -112.1487
445118.00000 4368062.00000 -112.7557
445118.00000 4368066.00000 -113.6477
445118.00000 4368070.00000 -115.6865
445118.00000 4368074.00000 -116.7824
445118.00000 4368078.00000 -117.5805
445118.00000 4368082.00000 -116.1493
445118.00000 4368086.00000 N.C.
445118.00000 4368090.00000 N.C.
445118.00000 4368094.00000 N.C.
445118.00000 4368098.00000 N.C.
445118.00000 4368102.00000 -110.0649
445118.00000 4368106.00000 -109.1896
445118.00000 4368110.00000 -109.0540
445118.00000 4368114.00000 -109.7055
445118.00000 4368118.00000 -110.2061
445118.00000 4368122.00000 N.C.
445118.00000 4368126.00000 -102.3967
445118.00000 4368130.00000 -102.8892
445118.00000 4368134.00000 -104.4139
445118.00000 4368138.00000 -106.0896
445118.00000 4368142.00000 -108.3807
445118.00000 4368146.00000 -111.0009
445118.00000 4368150.00000 -112.9958
445118.00000 4368154.00000 N.C.
445118.00000 4368158.00000 N.C.
445118.00000 4368162.00000 N.C.
445118.00000 4368166.00000 N.C.
445118.00000 4368170.00000 N.C.
445118.00000 4368174.00000 N.C.
445118.00000 4368178.00000 N.C.
445118.00000 4368182.00000 -114.1969
445118.00000 4368186.00000 -114.1036
445118.00000 4368190.00000 -114.1934
445118.00000 4368194.00000 -114.7830
445118.00000 4368198.00000 -114.6312
445118.00000 4368202.00000 -113.4425
445118.00000 4368206.00000 N.C.
445118.00000 4368210.00000 N.C.
445118.00000 4368214.00000 N.C.
445118.00000 4368218.00000 -109.6718
445118.00000 4368222.00000 -107.8359
445118.00000 4368226.00000 -106.5005
445118.00000 4368230.00000 -106.3669
445118.00000 4368234.00000 -106.5291
445118.00000 4368238.00000 -108.2822
445118.00000 4368242.00000 -109.4490
445118.00000 4368246.00000 -111.1815
445118.00000 4368250.00000 -111.3704
445118.00000 4368254.00000 N.C.
445118.00000 4368258.00000 N.C.
445118.00000 4368262.00000 -110.6349
445118.00000 4368266.00000 N.C.
445118.00000 4368270.00000 N.C.
445118.00000 4368274.00000 N.C.
445118.00000 4368278.00000 N.C.
445118.00000 4368282.00000 N.C.
445118.00000 4368286.00000 N.C.
445118.00000 4368290.00000 -108.2654
445118.00000 4368294.00000 -108.1600
445118.00000 4368298.00000 -108.1697
445118.00000 4368302.00000 -108.8604
445118.00000 4368306.00000 -108.8530
445118.00000 4368310.00000 -108.5728
445118.00000 4368314.00000 -108.0251
445118.00000 4368318.00000 -108.1329
445118.00000 4368322.00000 N.C.
445118.00000 4368326.00000 N.C.
445118.00000 4368330.00000 N.C.
445118.00000 4368334.00000 N.C.
445118.00000 4368338.00000 N.C.
445118.00000 4368342.00000 N.C.
445118.00000 4368346.00000 N.C.
445118.00000 4368350.00000 -108.6271
445118.00000 4368354.00000 -107.1694
445118.00000 4368358.00000 -105.4483
445118.00000 4368362.00000 -104.4674
445118.00000 4368366.00000 N.C.
445118.00000 4368370.00000 -105.8697
445118.00000 4368374.00000 -106.1415
445118.00000 4368378.00000 -106.2972
445118.00000 4368382.00000 -106.2814
445118.00000 4368386.00000 -106.3176
445118.00000 4368390.00000 -106.2507
445118.00000 4368394.00000 -106.0925
445122.00000 4367886.00000 -113.5282
445122.00000 4367890.00000 -113.4316
445122.00000 4367894.00000 -113.4400
445122.00000 4367898.00000 -113.4133
445122.00000 4367902.00000 -113.3647
445122.00000 4367906.00000 -113.2405
445122.00000 4367910.00000 -113.2205
445122.00000 4367914.00000 -113.3841
445122.00000 4367918.00000 -113.3518
445122.00000 4367922.00000 -113.2627
445122.00000 4367926.00000 -113.1687
445122.00000 4367930.00000 -113.2083
445122.00000 4367934.00000 -113.0651
445122.00000 4367938.00000 -112.8760
445122.00000 4367942.00000 -112.5853
445122.00000 4367946.00000 -112.4940
445122.00000 4367950.00000 -112.3782
445122.00000 4367954.00000 -112.3487
445122.00000 4367958.00000 -112.1976
445122.00000 4367962.00000 -112.0527
445122.00000 4367966.00000 -111.8787
445122.00000 4367970.00000 -111.7953
445122.00000 4367974.00000 -111.6804
445122.00000 4367978.00000 -111.5971
445122.00000 4367982.00000 -111.5013
445122.00000 4367986.00000 -111.3171
445122.00000 4367990.00000 -111.1185
445122.00000 4367994.00000 -110.8618
445122.00000 4367998.00000 -110.6406
445122.00000 4368002.00000 -110.4300
445122.00000 4368006.00000 -110.2227
445122.00000 4368010.00000 -110.0596
445122.00000 4368014.00000 -109.8980
445122.00000 4368018.00000 -109.8015
445122.00000 4368022.00000 -109.6618
445122.00000 4368026.00000 -109.7606
445122.00000 4368030.00000 -109.7196
445122.00000 4368034.00000 -110.1412
445122.00000 4368038.00000 -110.1925
445122.00000 4368042.00000 -110.8290
445122.00000 4368046.00000 -111.0831
445122.00000 4368050.00000 -111.3686
445122.00000 4368054.00000 -111.4841
445122.00000 4368058.00000 -111.5858
445122.00000 4368062.00000 -112.2823
445122.00000 4368066.00000 -113.4282
445122.00000 4368070.00000 -114.2312
445122.00000 4368074.00000 N.C.
445122.00000 4368078.00000 N.C.
445122.00000 4368082.00000 N.C.
445122.00000 4368086.00000 N.C.
445122.00000 4368090.00000 N.C.
445122.00000 4368094.00000 -116.6898
445122.00000 4368098.00000 -111.8380
445122.00000 4368102.00000 -110.2646
445122.00000 4368106.00000 -109.8783
445122.00000 4368110.00000 -109.5586
445122.00000 4368114.00000 -110.7381
445122.00000 4368118.00000 N.C.
445122.00000 4368122.00000 N.C.
445122.00000 4368126.00000 -103.3555
445122.00000 4368130.00000 -103.1270
445122.00000 4368134.00000 -104.0086
445122.00000 4368138.00000 -105.6543
445122.00000 4368142.00000 N.C.
445122.00000 4368146.00000 N.C.
445122.00000 4368150.00000 -115.2519
445122.00000 4368154.00000 -116.4175
445122.00000 4368158.00000 N.C.
445122.00000 4368162.00000 -114.8026
445122.00000 4368166.00000 N.C.
445122.00000 4368170.00000 N.C.
445122.00000 4368174.00000 N.C.
445122.00000 4368178.00000 N.C.
445122.00000 4368182.00000 N.C.
445122.00000 4368186.00000 -114.2616
445122.00000 4368190.00000 N.C.
445122.00000 4368194.00000 N.C.
445122.00000 4368198.00000 -114.2462
445122.00000 4368202.00000 -112.4523
445122.00000 4368206.00000 -110.0080
445122.00000 4368210.00000 -107.0972
445122.00000 4368214.00000 N.C.
445122.00000 4368218.00000 -108.0633
445122.00000 4368222.00000 -107.6252
445122.00000 4368226.00000 -106.6264
445122.00000 4368230.00000 -106.4992
445122.00000 4368234.00000 -106.7030
445122.00000 4368238.00000 -108.4085
445122.00000 4368242.00000 -109.5680
445122.00000 4368246.00000 -110.7110
445122.00000 4368250.00000 -109.3344
445122.00000 4368254.00000 N.C.
445122.00000 4368258.00000 -109.1432
445122.00000 4368262.00000 -109.1845
445122.00000 4368266.00000 N.C.
445122.00000 4368270.00000 N.C.
445122.00000 4368274.00000 N.C.
445122.00000 4368278.00000 -111.0229
445122.00000 4368282.00000 N.C.
445122.00000 4368286.00000 N.C.
445122.00000 4368290.00000 -108.6151
445122.00000 4368294.00000 -108.5338
445122.00000 4368298.00000 N.C.
445122.00000 4368302.00000 N.C.
445122.00000 4368306.00000 -110.0581
445122.00000 4368310.00000 -109.4127
445122.00000 4368314.00000 -108.5203
445122.00000 4368318.00000 -108.1325
445122.00000 4368322.00000 N.C.
445122.00000 4368326.00000 N.C.
445122.00000 4368330.00000 N.C.
445122.00000 4368334.00000 N.C.
445122.00000 4368338.00000 N.C.
445122.00000 4368342.00000 N.C.
445122.00000 4368346.00000 N.C.
445122.00000 4368350.00000 -107.6226
445122.00000 4368354.00000 -106.5650
445122.00000 4368358.00000 -104.9927
445122.00000 4368362.00000 -104.4607
445122.00000 4368366.00000 -104.9020
445122.00000 4368370.00000 -105.3438
445122.00000 4368374.00000 -105.6502
445122.00000 4368378.00000 -105.9415
445122.00000 4368382.00000 -106.1327
445122.00000 4368386.00000 -106.2821
445122.00000 4368390.00000 -106.0873
445122.00000 4368394.00000 -106.1004
445126.00000 4367886.00000 -113.1175
445126.00000 4367890.00000 -113.0328
445126.00000 4367894.00000 -113.0432
445126.00000 4367898.00000 -113.0374
445126.00000 4367902.00000 -112.9674
445126.00000 4367906.00000 -112.7866
445126.00000 4367910.00000 -112.8947
445126.00000 4367914.00000 -113.2167
445126.00000 4367918.00000 -113.4484
445126.00000 4367922.00000 -113.4581
445126.00000 4367926.00000 -113.3687
445126.00000 4367930.00000 -113.2892
445126.00000 4367934.00000 -113.0563
445126.00000 4367938.00000 -112.8571
445126.00000 4367942.00000 -112.6565
445126.00000 4367946.00000 -112.4250
445126.00000 4367950.00000 -112.2157
445126.00000 4367954.00000 -112.0562
445126.00000 4367958.00000 -111.9054
445126.00000 4367962.00000 -111.8087
445126.00000 4367966.00000 -111.6838
445126.00000 4367970.00000 -111.6498
445126.00000 4367974.00000 -111.4740
445126.00000 4367978.00000 -111.3036
445126.00000 4367982.00000 -111.1973
445126.00000 4367986.00000 -111.0714
445126.00000 4367990.00000 -110.9975
445126.00000 4367994.00000 -110.8029
445126.00000 4367998.00000 -110.5876
445126.00000 4368002.00000 -110.3289
445126.00000 4368006.00000 -110.0519
445126.00000 4368010.00000 -109.8626
445126.00000 4368014.00000 -109.6441
445126.00000 4368018.00000 -109.4826
445126.00000 4368022.00000 -109.3037
445126.00000 4368026.00000 -109.1645
445126.00000 4368030.00000 -109.0041
445126.00000 4368034.00000 -109.1043
445126.00000 4368038.00000 -109.0825
445126.00000 4368042.00000 -109.5580
445126.00000 4368046.00000 -110.2415
445126.00000 4368050.00000 -110.8748
445126.00000 4368054.00000 -111.2603
445126.00000 4368058.00000 -111.2669
445126.00000 4368062.00000 -111.7390
445126.00000 4368066.00000 -113.2670
445126.00000 4368070.00000 -114.1251
445126.00000 4368074.00000 N.C.
445126.00000 4368078.00000 N.C.
445126.00000 4368082.00000 -123.3487
445126.00000 4368086.00000 N.C.
445126.00000 4368090.00000 -118.2916
445126.00000 4368094.00000 N.C.
445126.00000 4368098.00000 N.C.
445126.00000 4368102.00000 N.C.
445126.00000 4368106.00000 N.C.
445126.00000 4368110.00000 -109.7005
445126.00000 4368114.00000 -110.4782
445126.00000 4368118.00000 -109.2656
445126.00000 4368122.00000 -107.6889
445126.00000 4368126.00000 -103.1034
445126.00000 4368130.00000 -103.0739
445126.00000 4368134.00000 -103.9006
445126.00000 4368138.00000 -105.5311
445126.00000 4368142.00000 N.C.
445126.00000 4368146.00000 -113.7745
445126.00000 4368150.00000 N.C.
445126.00000 4368154.00000 N.C.
445126.00000 4368158.00000 N.C.
445126.00000 4368162.00000 N.C.
445126.00000 4368166.00000 N.C.
445126.00000 4368170.00000 -113.4222
445126.00000 4368174.00000 -113.5485
445126.00000 4368178.00000 -113.1167
445126.00000 4368182.00000 -114.3484
445126.00000 4368186.00000 -114.4468
445126.00000 4368190.00000 N.C.
445126.00000 4368194.00000 N.C.
445126.00000 4368198.00000 -113.6507
445126.00000 4368202.00000 -110.9824
445126.00000 4368206.00000 -108.8828
445126.00000 4368210.00000 -106.9285
445126.00000 4368214.00000 -106.9176
445126.00000 4368218.00000 -106.8051
445126.00000 4368222.00000 -106.7108
445126.00000 4368226.00000 -106.5787
445126.00000 4368230.00000 -106.5325
445126.00000 4368234.00000 -107.2479
445126.00000 4368238.00000 -109.2821
445126.00000 4368242.00000 N.C.
445126.00000 4368246.00000 N.C.
445126.00000 4368250.00000 -108.2488
445126.00000 4368254.00000 -108.1432
445126.00000 4368258.00000 -108.3545
445126.00000 4368262.00000 -109.3971
445126.00000 4368266.00000 -110.2575
445126.00000 4368270.00000 N.C.
445126.00000 4368274.00000 N.C.
445126.00000 4368278.00000 -110.9884
445126.00000 4368282.00000 N.C.
445126.00000 4368286.00000 -108.9664
445126.00000 4368290.00000 -108.7110
445126.00000 4368294.00000 -108.3546
445126.00000 4368298.00000 N.C.
445126.00000 4368302.00000 N.C.
445126.00000 4368306.00000 N.C.
445126.00000 4368310.00000 N.C.
445126.00000 4368314.00000 N.C.
445126.00000 4368318.00000 N.C.
445126.00000 4368322.00000 N.C.
445126.00000 4368326.00000 N.C.
445126.00000 4368330.00000 N.C.
445126.00000 4368334.00000 N.C.
445126.00000 4368338.00000 N.C.
445126.00000 4368342.00000 N.C.
445126.00000 4368346.00000 N.C.
445126.00000 4368350.00000 -105.9652
445126.00000 4368354.00000 -105.3653
445126.00000 4368358.00000 -104.6727
445126.00000 4368362.00000 -104.6094
445126.00000 4368366.00000 -105.1433
445126.00000 4368370.00000 -105.6558
445126.00000 4368374.00000 -106.2184
445126.00000 4368378.00000 -106.5081
445126.00000 4368382.00000 -106.4868
445126.00000 4368386.00000 -106.6431
445126.00000 4368390.00000 -106.6203
445126.00000 4368394.00000 -106.8768
445130.00000 4367886.00000 -112.7364
445130.00000 4367890.00000 -112.6324
445130.00000 4367894.00000 -112.5895
445130.00000 4367898.00000 -112.6186
445130.00000 4367902.00000 -112.6062
445130.00000 4367906.00000 -112.4840
445130.00000 4367910.00000 -112.7057
445130.00000 4367914.00000 -112.9438
445130.00000 4367918.00000 -113.2043
445130.00000 4367922.00000 -113.1211
445130.00000 4367926.00000 -113.2504
445130.00000 4367930.00000 -113.2547
445130.00000 4367934.00000 -113.1787
445130.00000 4367938.00000 -112.9641
445130.00000 4367942.00000 -112.8266
445130.00000 4367946.00000 -112.5481
445130.00000 4367950.00000 -112.3327
445130.00000 4367954.00000 -112.0682
445130.00000 4367958.00000 -112.0217
445130.00000 4367962.00000 -111.8073
445130.00000 4367966.00000 -111.6293
445130.00000 4367970.00000 -111.4094
445130.00000 4367974.00000 -111.2934
445130.00000 4367978.00000 -111.1537
445130.00000 4367982.00000 -111.0259
445130.00000 4367986.00000 -110.8444
445130.00000 4367990.00000 -110.7024
445130.00000 4367994.00000 -110.5065
445130.00000 4367998.00000 -110.3260
445130.00000 4368002.00000 -110.1515
445130.00000 4368006.00000 -109.9639
445130.00000 4368010.00000 -109.7692
445130.00000 4368014.00000 -109.5117
445130.00000 4368018.00000 -109.2922
445130.00000 4368022.00000 -109.0612
445130.00000 4368026.00000 -108.8345
445130.00000 4368030.00000 -108.6219
445130.00000 4368034.00000 -108.3948
445130.00000 4368038.00000 -108.1788
445130.00000 4368042.00000 -108.2975
445130.00000 4368046.00000 -108.9450
445130.00000 4368050.00000 -109.3888
445130.00000 4368054.00000 -110.1010
445130.00000 4368058.00000 -110.5133
445130.00000 4368062.00000 -111.3417
445130.00000 4368066.00000 -113.3765
445130.00000 4368070.00000 -114.3931
445130.00000 4368074.00000 N.C.
445130.00000 4368078.00000 N.C.
445130.00000 4368082.00000 -123.5409
445130.00000 4368086.00000 N.C.
445130.00000 4368090.00000 N.C.
445130.00000 4368094.00000 N.C.
445130.00000 4368098.00000 N.C.
445130.00000 4368102.00000 N.C.
445130.00000 4368106.00000 N.C.
445130.00000 4368110.00000 N.C.
445130.00000 4368114.00000 -110.0200
445130.00000 4368118.00000 N.C.
445130.00000 4368122.00000 N.C.
445130.00000 4368126.00000 N.C.
445130.00000 4368130.00000 -103.1602
445130.00000 4368134.00000 -104.4686
445130.00000 4368138.00000 -106.5969
445130.00000 4368142.00000 N.C.
445130.00000 4368146.00000 -112.2084
445130.00000 4368150.00000 -111.3622
445130.00000 4368154.00000 -109.9862
445130.00000 4368158.00000 -109.6089
445130.00000 4368162.00000 N.C.
445130.00000 4368166.00000 N.C.
445130.00000 4368170.00000 -113.4532
445130.00000 4368174.00000 -113.5389
445130.00000 4368178.00000 N.C.
445130.00000 4368182.00000 N.C.
445130.00000 4368186.00000 N.C.
445130.00000 4368190.00000 N.C.
445130.00000 4368194.00000 -112.4285
445130.00000 4368198.00000 N.C.
445130.00000 4368202.00000 -110.2641
445130.00000 4368206.00000 -108.7226
445130.00000 4368210.00000 -106.7068
445130.00000 4368214.00000 -106.7451
445130.00000 4368218.00000 -106.6701
445130.00000 4368222.00000 -106.5738
445130.00000 4368226.00000 -106.5265
445130.00000 4368230.00000 -107.0323
445130.00000 4368234.00000 -108.2493
445130.00000 4368238.00000 -109.3885
445130.00000 4368242.00000 -110.1954
445130.00000 4368246.00000 -109.4392
445130.00000 4368250.00000 -108.7095
445130.00000 4368254.00000 -108.0148
445130.00000 4368258.00000 -107.5727
445130.00000 4368262.00000 -108.5145
445130.00000 4368266.00000 -108.9991
445130.00000 4368270.00000 -110.2618
445130.00000 4368274.00000 -109.8994
445130.00000 4368278.00000 -110.4753
445130.00000 4368282.00000 N.C.
445130.00000 4368286.00000 -108.6995
445130.00000 4368290.00000 -108.5766
445130.00000 4368294.00000 -108.0053
445130.00000 4368298.00000 -107.5705
445130.00000 4368302.00000 -107.0639
445130.00000 4368306.00000 N.C.
445130.00000 4368310.00000 N.C.
445130.00000 4368314.00000 N.C.
445130.00000 4368318.00000 N.C.
445130.00000 4368322.00000 N.C.
445130.00000 4368326.00000 N.C.
445130.00000 4368330.00000 N.C.
445130.00000 4368334.00000 N.C.
445130.00000 4368338.00000 N.C.
445130.00000 4368342.00000 -105.9847
445130.00000 4368346.00000 -105.4389
445130.00000 4368350.00000 -104.7469
445130.00000 4368354.00000 -104.5307
445130.00000 4368358.00000 -104.7288
445130.00000 4368362.00000 -105.3023
445130.00000 4368366.00000 -106.4397
445130.00000 4368370.00000 -107.2421
445130.00000 4368374.00000 -107.7944
445130.00000 4368378.00000 -107.6522
445130.00000 4368382.00000 -107.1716
445130.00000 4368386.00000 -107.0055
445130.00000 4368390.00000 -106.8274
445130.00000 4368394.00000 -107.1056
445134.00000 4367886.00000 -112.8733
445134.00000 4367890.00000 -112.8130
445134.00000 4367894.00000 -112.6811
445134.00000 4367898.00000 -112.5918
445134.00000 4367902.00000 -112.4188
445134.00000 4367906.00000 -112.1807
445134.00000 4367910.00000 -112.3368
445134.00000 4367914.00000 -112.5534
445134.00000 4367918.00000 -112.8330
445134.00000 4367922.00000 -112.7568
445134.00000 4367926.00000 -112.8678
445134.00000 4367930.00000 -112.8596
445134.00000 4367934.00000 -112.8464
445134.00000 4367938.00000 -112.6518
445134.00000 4367942.00000 -112.7605
445134.00000 4367946.00000 -112.6492
445134.00000 4367950.00000 -112.5210
445134.00000 4367954.00000 -112.1637
445134.00000 4367958.00000 -112.0607
445134.00000 4367962.00000 -111.8600
445134.00000 4367966.00000 -111.6938
445134.00000 4367970.00000 -111.4935
445134.00000 4367974.00000 -111.4423
445134.00000 4367978.00000 -111.1941
445134.00000 4367982.00000 -110.9451
445134.00000 4367986.00000 -110.6118
445134.00000 4367990.00000 -110.5041
445134.00000 4367994.00000 -110.3195
445134.00000 4367998.00000 -110.1104
445134.00000 4368002.00000 -109.8971
445134.00000 4368006.00000 -109.7001
445134.00000 4368010.00000 -109.5760
445134.00000 4368014.00000 -109.3919
445134.00000 4368018.00000 -109.1429
445134.00000 4368022.00000 -108.8362
445134.00000 4368026.00000 -108.5552
445134.00000 4368030.00000 -108.3302
445134.00000 4368034.00000 -108.0772
445134.00000 4368038.00000 -107.8147
445134.00000 4368042.00000 -107.5364
445134.00000 4368046.00000 -107.8146
445134.00000 4368050.00000 -107.9262
445134.00000 4368054.00000 -108.6340
445134.00000 4368058.00000 -108.8153
445134.00000 4368062.00000 -109.8472
445134.00000 4368066.00000 -111.9180
445134.00000 4368070.00000 -113.3608
445134.00000 4368074.00000 N.C.
445134.00000 4368078.00000 -120.7925
445134.00000 4368082.00000 N.C.
445134.00000 4368086.00000 N.C.
445134.00000 4368090.00000 -116.4325
445134.00000 4368094.00000 N.C.
445134.00000 4368098.00000 -111.6622
445134.00000 4368102.00000 -111.5576
445134.00000 4368106.00000 -110.3224
445134.00000 4368110.00000 -108.8564
445134.00000 4368114.00000 -107.8387
445134.00000 4368118.00000 N.C.
445134.00000 4368122.00000 N.C.
445134.00000 4368126.00000 N.C.
445134.00000 4368130.00000 -101.8452
445134.00000 4368134.00000 -104.3143
445134.00000 4368138.00000 -108.8679
445134.00000 4368142.00000 N.C.
445134.00000 4368146.00000 N.C.
445134.00000 4368150.00000 -111.3837
445134.00000 4368154.00000 -110.3545
445134.00000 4368158.00000 -110.1539
445134.00000 4368162.00000 N.C.
445134.00000 4368166.00000 N.C.
445134.00000 4368170.00000 -113.9238
445134.00000 4368174.00000 -113.9238
445134.00000 4368178.00000 N.C.
445134.00000 4368182.00000 -114.8695
445134.00000 4368186.00000 -112.1223
445134.00000 4368190.00000 -111.8597
445134.00000 4368194.00000 -110.7413
445134.00000 4368198.00000 N.C.
445134.00000 4368202.00000 -110.7133
445134.00000 4368206.00000 -109.9616
445134.00000 4368210.00000 -107.7678
445134.00000 4368214.00000 -107.1826
445134.00000 4368218.00000 -106.4428
445134.00000 4368222.00000 -106.4428
445134.00000 4368226.00000 -107.1407
445134.00000 4368230.00000 -108.5864
445134.00000 4368234.00000 -110.4680
445134.00000 4368238.00000 -111.4045
445134.00000 4368242.00000 -111.5232
445134.00000 4368246.00000 -110.7259
445134.00000 4368250.00000 -109.3812
445134.00000 4368254.00000 -107.8878
445134.00000 4368258.00000 -106.9145
445134.00000 4368262.00000 -107.9075
445134.00000 4368266.00000 N.C.
445134.00000 4368270.00000 -109.2125
445134.00000 4368274.00000 -108.7981
445134.00000 4368278.00000 N.C.
445134.00000 4368282.00000 N.C.
445134.00000 4368286.00000 -108.1682
445134.00000 4368290.00000 -108.2051
445134.00000 4368294.00000 -107.5785
445134.00000 4368298.00000 -107.1608
445134.00000 4368302.00000 -106.6424
445134.00000 4368306.00000 -106.9036
445134.00000 4368310.00000 N.C.
445134.00000 4368314.00000 N.C.
445134.00000 4368318.00000 N.C.
445134.00000 4368322.00000 -111.2021
445134.00000 4368326.00000 N.C.
445134.00000 4368330.00000 N.C.
445134.00000 4368334.00000 N.C.
445134.00000 4368338.00000 N.C.
445134.00000 4368342.00000 -106.0951
445134.00000 4368346.00000 -104.9931
445134.00000 4368350.00000 -104.2921
445134.00000 4368354.00000 -104.1405
445134.00000 4368358.00000 -105.3645
445134.00000 4368362.00000 -106.5880
445134.00000 4368366.00000 -107.8613
445134.00000 4368370.00000 -108.5505
445134.00000 4368374.00000 -108.7082
445134.00000 4368378.00000 -108.1884
445134.00000 4368382.00000 -107.4939
445134.00000 4368386.00000 -107.3027
445134.00000 4368390.00000 -107.1988
445134.00000 4368394.00000 -107.4378
445138.00000 4367886.00000 -112.9518
445138.00000 4367890.00000 -112.8944
445138.00000 4367894.00000 -112.8033
445138.00000 4367898.00000 -112.6784
445138.00000 4367902.00000 -112.5444
445138.00000 4367906.00000 -112.3457
445138.00000 4367910.00000 -112.3158
445138.00000 4367914.00000 -112.4339
445138.00000 4367918.00000 -112.5196
445138.00000 4367922.00000 -112.4602
445138.00000 4367926.00000 -112.4118
445138.00000 4367930.00000 -112.4063
445138.00000 4367934.00000 -112.3517
445138.00000 4367938.00000 -112.2130
445138.00000 4367942.00000 -112.2982
445138.00000 4367946.00000 -112.3679
445138.00000 4367950.00000 -112.4043
445138.00000 4367954.00000 -112.1126
445138.00000 4367958.00000 -112.1247
445138.00000 4367962.00000 -111.9664
445138.00000 4367966.00000 -111.9102
445138.00000 4367970.00000 -111.6080
445138.00000 4367974.00000 -111.5195
445138.00000 4367978.00000 -111.2664
445138.00000 4367982.00000 -111.0761
445138.00000 4367986.00000 -110.8540
445138.00000 4367990.00000 -110.7912
445138.00000 4367994.00000 -110.4049
445138.00000 4367998.00000 -109.9932
445138.00000 4368002.00000 -109.4916
445138.00000 4368006.00000 -109.3419
445138.00000 4368010.00000 -109.1910
445138.00000 4368014.00000 -109.1440
445138.00000 4368018.00000 -108.9376
445138.00000 4368022.00000 -108.6969
445138.00000 4368026.00000 -108.3897
445138.00000 4368030.00000 -108.0998
445138.00000 4368034.00000 -107.7906
445138.00000 4368038.00000 -107.5046
445138.00000 4368042.00000 -107.1864
445138.00000 4368046.00000 -106.9118
445138.00000 4368050.00000 -106.6286
445138.00000 4368054.00000 -106.9442
445138.00000 4368058.00000 -107.1660
445138.00000 4368062.00000 -108.0553
445138.00000 4368066.00000 -109.3277
445138.00000 4368070.00000 -111.5990
445138.00000 4368074.00000 -114.9540
445138.00000 4368078.00000 N.C.
445138.00000 4368082.00000 N.C.
445138.00000 4368086.00000 N.C.
445138.00000 4368090.00000 -116.4325
445138.00000 4368094.00000 N.C.
445138.00000 4368098.00000 -111.6622
445138.00000 4368102.00000 N.C.
445138.00000 4368106.00000 -108.5748
445138.00000 4368110.00000 -107.3883
445138.00000 4368114.00000 -106.0508
445138.00000 4368118.00000 N.C.
445138.00000 4368122.00000 -98.7334
445138.00000 4368126.00000 -98.7967
445138.00000 4368130.00000 -101.3600
445138.00000 4368134.00000 -103.6752
445138.00000 4368138.00000 N.C.
445138.00000 4368142.00000 -114.7326
445138.00000 4368146.00000 -113.5569
445138.00000 4368150.00000 -111.8064
445138.00000 4368154.00000 -111.1849
445138.00000 4368158.00000 -111.1855
445138.00000 4368162.00000 N.C.
445138.00000 4368166.00000 N.C.
445138.00000 4368170.00000 -113.1535
445138.00000 4368174.00000 N.C.
445138.00000 4368178.00000 N.C.
445138.00000 4368182.00000 -115.3781
445138.00000 4368186.00000 -112.4732
445138.00000 4368190.00000 -111.2875
445138.00000 4368194.00000 N.C.
445138.00000 4368198.00000 N.C.
445138.00000 4368202.00000 -110.8230
445138.00000 4368206.00000 -110.4719
445138.00000 4368210.00000 -108.8986
445138.00000 4368214.00000 -108.2681
445138.00000 4368218.00000 -107.2595
445138.00000 4368222.00000 -106.0769
445138.00000 4368226.00000 -106.8367
445138.00000 4368230.00000 -108.8242
445138.00000 4368234.00000 -111.6080
445138.00000 4368238.00000 -112.6640
445138.00000 4368242.00000 -112.6260
445138.00000 4368246.00000 -111.9346
445138.00000 4368250.00000 -110.8315
445138.00000 4368254.00000 -109.4675
445138.00000 4368258.00000 -108.3714
445138.00000 4368262.00000 -107.4405
445138.00000 4368266.00000 -106.8948
445138.00000 4368270.00000 -107.2655
445138.00000 4368274.00000 -107.3648
445138.00000 4368278.00000 N.C.
445138.00000 4368282.00000 N.C.
445138.00000 4368286.00000 -107.8045
445138.00000 4368290.00000 -107.9054
445138.00000 4368294.00000 -107.3948
445138.00000 4368298.00000 -106.7401
445138.00000 4368302.00000 -106.2408
445138.00000 4368306.00000 -106.2634
445138.00000 4368310.00000 -106.5897
445138.00000 4368314.00000 -106.5289
445138.00000 4368318.00000 -108.5125
445138.00000 4368322.00000 N.C.
445138.00000 4368326.00000 N.C.
445138.00000 4368330.00000 N.C.
445138.00000 4368334.00000 N.C.
445138.00000 4368338.00000 -106.6234
445138.00000 4368342.00000 -105.6771
445138.00000 4368346.00000 -104.4052
445138.00000 4368350.00000 -103.8574
445138.00000 4368354.00000 N.C.
445138.00000 4368358.00000 N.C.
445138.00000 4368362.00000 -108.7641
445138.00000 4368366.00000 -109.6434
445138.00000 4368370.00000 -109.9116
445138.00000 4368374.00000 -109.7549
445138.00000 4368378.00000 -108.9358
445138.00000 4368382.00000 -108.1967
445138.00000 4368386.00000 -107.3984
445138.00000 4368390.00000 -106.9099
445138.00000 4368394.00000 -106.7932
445142.00000 4367886.00000 -112.8722
445142.00000 4367890.00000 -112.8264
445142.00000 4367894.00000 -112.7413
445142.00000 4367898.00000 -112.6050
445142.00000 4367902.00000 -112.4870
445142.00000 4367906.00000 -112.3076
445142.00000 4367910.00000 -112.2581
445142.00000 4367914.00000 -112.3336
445142.00000 4367918.00000 -112.3957
445142.00000 4367922.00000 -112.3669
445142.00000 4367926.00000 -112.1658
445142.00000 4367930.00000 -112.0030
445142.00000 4367934.00000 -111.7103
445142.00000 4367938.00000 -111.5806
445142.00000 4367942.00000 -111.6721
445142.00000 4367946.00000 -111.8457
445142.00000 4367950.00000 -111.9487
445142.00000 4367954.00000 -111.7930
445142.00000 4367958.00000 -111.7882
445142.00000 4367962.00000 -111.7615
445142.00000 4367966.00000 -111.7617
445142.00000 4367970.00000 -111.6206
445142.00000 4367974.00000 -111.6206
445142.00000 4367978.00000 -111.3818
445142.00000 4367982.00000 -111.2727
445142.00000 4367986.00000 -111.0858
445142.00000 4367990.00000 -111.1321
445142.00000 4367994.00000 -110.7384
445142.00000 4367998.00000 -110.3009
445142.00000 4368002.00000 -109.7326
445142.00000 4368006.00000 -109.6184
445142.00000 4368010.00000 -109.2744
445142.00000 4368014.00000 -108.9283
445142.00000 4368018.00000 -108.4054
445142.00000 4368022.00000 -108.1807
445142.00000 4368026.00000 -108.0365
445142.00000 4368030.00000 -107.9005
445142.00000 4368034.00000 -107.5758
445142.00000 4368038.00000 -107.2501
445142.00000 4368042.00000 -106.9152
445142.00000 4368046.00000 -106.6118
445142.00000 4368050.00000 -106.3309
445142.00000 4368054.00000 -106.0627
445142.00000 4368058.00000 -105.7505
445142.00000 4368062.00000 -106.0852
445142.00000 4368066.00000 -106.5192
445142.00000 4368070.00000 -109.1647
445142.00000 4368074.00000 -110.4560
445142.00000 4368078.00000 N.C.
445142.00000 4368082.00000 -114.5498
445142.00000 4368086.00000 N.C.
445142.00000 4368090.00000 N.C.
445142.00000 4368094.00000 N.C.
445142.00000 4368098.00000 N.C.
445142.00000 4368102.00000 N.C.
445142.00000 4368106.00000 N.C.
445142.00000 4368110.00000 -103.8662
445142.00000 4368114.00000 -103.2515
445142.00000 4368118.00000 N.C.
445142.00000 4368122.00000 -98.6591
445142.00000 4368126.00000 -98.3757
445142.00000 4368130.00000 -100.8130
445142.00000 4368134.00000 -103.0824
445142.00000 4368138.00000 N.C.
445142.00000 4368142.00000 N.C.
445142.00000 4368146.00000 N.C.
445142.00000 4368150.00000 N.C.
445142.00000 4368154.00000 -111.4865
445142.00000 4368158.00000 -111.6616
445142.00000 4368162.00000 N.C.
445142.00000 4368166.00000 N.C.
445142.00000 4368170.00000 -111.9364
445142.00000 4368174.00000 N.C.
445142.00000 4368178.00000 N.C.
445142.00000 4368182.00000 -116.3571
445142.00000 4368186.00000 -113.0938
445142.00000 4368190.00000 -111.3704
445142.00000 4368194.00000 N.C.
445142.00000 4368198.00000 N.C.
445142.00000 4368202.00000 -111.1764
445142.00000 4368206.00000 -111.3247
445142.00000 4368210.00000 N.C.
445142.00000 4368214.00000 -108.1853
445142.00000 4368218.00000 -106.7906
445142.00000 4368222.00000 -106.8761
445142.00000 4368226.00000 -108.1893
445142.00000 4368230.00000 N.C.
445142.00000 4368234.00000 N.C.
445142.00000 4368238.00000 N.C.
445142.00000 4368242.00000 N.C.
445142.00000 4368246.00000 N.C.
445142.00000 4368250.00000 N.C.
445142.00000 4368254.00000 -110.6528
445142.00000 4368258.00000 -109.0998
445142.00000 4368262.00000 -107.8394
445142.00000 4368266.00000 -107.0397
445142.00000 4368270.00000 -107.1478
445142.00000 4368274.00000 -107.3291
445142.00000 4368278.00000 -107.5290
445142.00000 4368282.00000 -107.4873
445142.00000 4368286.00000 -107.3386
445142.00000 4368290.00000 -107.3196
445142.00000 4368294.00000 -106.8300
445142.00000 4368298.00000 -106.3473
445142.00000 4368302.00000 -106.0007
445142.00000 4368306.00000 -107.2414
445142.00000 4368310.00000 -108.1750
445142.00000 4368314.00000 -108.3074
445142.00000 4368318.00000 -107.6210
445142.00000 4368322.00000 N.C.
445142.00000 4368326.00000 N.C.
445142.00000 4368330.00000 N.C.
445142.00000 4368334.00000 N.C.
445142.00000 4368338.00000 -106.5774
445142.00000 4368342.00000 -105.6268
445142.00000 4368346.00000 -104.1981
445142.00000 4368350.00000 -103.5577
445142.00000 4368354.00000 N.C.
445142.00000 4368358.00000 N.C.
445142.00000 4368362.00000 -111.3577
445142.00000 4368366.00000 -110.8219
445142.00000 4368370.00000 N.C.
445142.00000 4368374.00000 N.C.
445142.00000 4368378.00000 -108.6444
445142.00000 4368382.00000 -108.0701
445142.00000 4368386.00000 -107.3145
445142.00000 4368390.00000 -106.8423
445142.00000 4368394.00000 -106.6119
445146.00000 4367886.00000 -112.7985
445146.00000 4367890.00000 -112.7289
445146.00000 4367894.00000 -112.6152
445146.00000 4367898.00000 -112.4803
445146.00000 4367902.00000 -112.3878
445146.00000 4367906.00000 -112.2578
445146.00000 4367910.00000 -112.1019
445146.00000 4367914.00000 -112.0675
445146.00000 4367918.00000 -112.0493
445146.00000 4367922.00000 -112.0584
445146.00000 4367926.00000 -111.8809
445146.00000 4367930.00000 -111.6894
445146.00000 4367934.00000 -111.4392
445146.00000 4367938.00000 -111.3448
445146.00000 4367942.00000 -111.3076
445146.00000 4367946.00000 -111.2834
445146.00000 4367950.00000 -111.1988
445146.00000 4367954.00000 -111.0412
445146.00000 4367958.00000 -111.1770
445146.00000 4367962.00000 -111.3056
445146.00000 4367966.00000 -111.4433
445146.00000 4367970.00000 -111.2922
445146.00000 4367974.00000 -111.2384
445146.00000 4367978.00000 -111.1181
445146.00000 4367982.00000 -111.0974
445146.00000 4367986.00000 -111.0643
445146.00000 4367990.00000 -111.1877
445146.00000 4367994.00000 -111.0352
445146.00000 4367998.00000 -110.8798
445146.00000 4368002.00000 -110.3844
445146.00000 4368006.00000 -110.2034
445146.00000 4368010.00000 -109.6593
445146.00000 4368014.00000 -109.2521
445146.00000 4368018.00000 -108.7146
445146.00000 4368022.00000 -108.2675
445146.00000 4368026.00000 -107.9501
445146.00000 4368030.00000 -107.4829
445146.00000 4368034.00000 -107.1062
445146.00000 4368038.00000 -106.7585
445146.00000 4368042.00000 -106.5539
445146.00000 4368046.00000 -106.3373
445146.00000 4368050.00000 -106.0370
445146.00000 4368054.00000 -105.6903
445146.00000 4368058.00000 -105.3192
445146.00000 4368062.00000 -104.9654
445146.00000 4368066.00000 -104.7003
445146.00000 4368070.00000 -106.0282
445146.00000 4368074.00000 N.C.
445146.00000 4368078.00000 N.C.
445146.00000 4368082.00000 -108.6017
445146.00000 4368086.00000 N.C.
445146.00000 4368090.00000 N.C.
445146.00000 4368094.00000 N.C.
445146.00000 4368098.00000 N.C.
445146.00000 4368102.00000 -99.4677
445146.00000 4368106.00000 -99.3991
445146.00000 4368110.00000 -100.1095
445146.00000 4368114.00000 -100.0899
445146.00000 4368118.00000 N.C.
445146.00000 4368122.00000 -98.2991
445146.00000 4368126.00000 -98.0145
445146.00000 4368130.00000 -100.7083
445146.00000 4368134.00000 -103.1333
445146.00000 4368138.00000 -107.3636
445146.00000 4368142.00000 N.C.
445146.00000 4368146.00000 N.C.
445146.00000 4368150.00000 N.C.
445146.00000 4368154.00000 N.C.
445146.00000 4368158.00000 N.C.
445146.00000 4368162.00000 N.C.
445146.00000 4368166.00000 N.C.
445146.00000 4368170.00000 -109.5937
445146.00000 4368174.00000 N.C.
445146.00000 4368178.00000 N.C.
445146.00000 4368182.00000 -117.4734
445146.00000 4368186.00000 -112.4978
445146.00000 4368190.00000 -110.7080
445146.00000 4368194.00000 N.C.
445146.00000 4368198.00000 N.C.
445146.00000 4368202.00000 -110.0782
445146.00000 4368206.00000 -110.5243
445146.00000 4368210.00000 N.C.
445146.00000 4368214.00000 -106.8836
445146.00000 4368218.00000 -106.4021
445146.00000 4368222.00000 -106.5552
445146.00000 4368226.00000 -107.9311
445146.00000 4368230.00000 N.C.
445146.00000 4368234.00000 N.C.
445146.00000 4368238.00000 N.C.
445146.00000 4368242.00000 N.C.
445146.00000 4368246.00000 N.C.
445146.00000 4368250.00000 N.C.
445146.00000 4368254.00000 N.C.
445146.00000 4368258.00000 N.C.
445146.00000 4368262.00000 -108.3232
445146.00000 4368266.00000 -107.4183
445146.00000 4368270.00000 -107.7795
445146.00000 4368274.00000 -107.9996
445146.00000 4368278.00000 N.C.
445146.00000 4368282.00000 -106.6095
445146.00000 4368286.00000 -106.3723
445146.00000 4368290.00000 -106.3705
445146.00000 4368294.00000 -106.0407
445146.00000 4368298.00000 -105.9479
445146.00000 4368302.00000 -105.8769
445146.00000 4368306.00000 N.C.
445146.00000 4368310.00000 -108.9906
445146.00000 4368314.00000 -109.1336
445146.00000 4368318.00000 -108.0222
445146.00000 4368322.00000 N.C.
445146.00000 4368326.00000 N.C.
445146.00000 4368330.00000 N.C.
445146.00000 4368334.00000 N.C.
445146.00000 4368338.00000 -106.0585
445146.00000 4368342.00000 -105.2700
445146.00000 4368346.00000 -104.3326
445146.00000 4368350.00000 -103.5630
445146.00000 4368354.00000 N.C.
445146.00000 4368358.00000 -112.5007
445146.00000 4368362.00000 -112.2775
445146.00000 4368366.00000 -111.8533
445146.00000 4368370.00000 N.C.
445146.00000 4368374.00000 N.C.
445146.00000 4368378.00000 N.C.
445146.00000 4368382.00000 -108.2277
445146.00000 4368386.00000 -107.3681
445146.00000 4368390.00000 -106.7031
445146.00000 4368394.00000 -106.4189
445150.00000 4367886.00000 -112.6580
445150.00000 4367890.00000 -112.5733
445150.00000 4367894.00000 -112.4363
445150.00000 4367898.00000 -112.2801
445150.00000 4367902.00000 -112.2050
445150.00000 4367906.00000 -112.1166
445150.00000 4367910.00000 -112.0002
445150.00000 4367914.00000 -111.8604
445150.00000 4367918.00000 -111.7811
445150.00000 4367922.00000 -111.6758
445150.00000 4367926.00000 -111.5042
445150.00000 4367930.00000 -111.2393
445150.00000 4367934.00000 -110.9973
445150.00000 4367938.00000 -110.9469
445150.00000 4367942.00000 -110.9356
445150.00000 4367946.00000 -110.9381
445150.00000 4367950.00000 -110.7860
445150.00000 4367954.00000 -110.6548
445150.00000 4367958.00000 -110.6425
445150.00000 4367962.00000 -110.6366
445150.00000 4367966.00000 -110.6146
445150.00000 4367970.00000 -110.5048
445150.00000 4367974.00000 -110.5006
445150.00000 4367978.00000 -110.4186
445150.00000 4367982.00000 -110.4355
445150.00000 4367986.00000 -110.4212
445150.00000 4367990.00000 -110.6207
445150.00000 4367994.00000 -110.6662
445150.00000 4367998.00000 -110.7417
445150.00000 4368002.00000 -110.5728
445150.00000 4368006.00000 -110.6302
445150.00000 4368010.00000 -110.3081
445150.00000 4368014.00000 -109.9819
445150.00000 4368018.00000 -109.4450
445150.00000 4368022.00000 -108.9400
445150.00000 4368026.00000 -108.5506
445150.00000 4368030.00000 -108.0172
445150.00000 4368034.00000 -107.7430
445150.00000 4368038.00000 -107.1723
445150.00000 4368042.00000 -106.5969
445150.00000 4368046.00000 -105.9387
445150.00000 4368050.00000 -105.5431
445150.00000 4368054.00000 -105.2492
445150.00000 4368058.00000 -104.9268
445150.00000 4368062.00000 -104.5459
445150.00000 4368066.00000 -104.1944
445150.00000 4368070.00000 -103.7828
445150.00000 4368074.00000 -103.3829
445150.00000 4368078.00000 -104.7459
445150.00000 4368082.00000 -105.4149
445150.00000 4368086.00000 N.C.
445150.00000 4368090.00000 N.C.
445150.00000 4368094.00000 -108.3511
445150.00000 4368098.00000 N.C.
445150.00000 4368102.00000 -99.4234
445150.00000 4368106.00000 -99.2443
445150.00000 4368110.00000 -98.9142
445150.00000 4368114.00000 -98.5577
445150.00000 4368118.00000 -98.1555
445150.00000 4368122.00000 -97.7920
445150.00000 4368126.00000 -97.4222
445150.00000 4368130.00000 -99.6130
445150.00000 4368134.00000 -102.4041
445150.00000 4368138.00000 N.C.
445150.00000 4368142.00000 N.C.
445150.00000 4368146.00000 N.C.
445150.00000 4368150.00000 N.C.
445150.00000 4368154.00000 N.C.
445150.00000 4368158.00000 N.C.
445150.00000 4368162.00000 N.C.
445150.00000 4368166.00000 -107.0012
445150.00000 4368170.00000 -109.0882
445150.00000 4368174.00000 -111.2498
445150.00000 4368178.00000 -114.9542
445150.00000 4368182.00000 N.C.
445150.00000 4368186.00000 N.C.
445150.00000 4368190.00000 -108.9615
445150.00000 4368194.00000 N.C.
445150.00000 4368198.00000 -110.8467
445150.00000 4368202.00000 -110.5643
445150.00000 4368206.00000 N.C.
445150.00000 4368210.00000 N.C.
445150.00000 4368214.00000 -104.6608
445150.00000 4368218.00000 -104.5839
445150.00000 4368222.00000 N.C.
445150.00000 4368226.00000 N.C.
445150.00000 4368230.00000 N.C.
445150.00000 4368234.00000 N.C.
445150.00000 4368238.00000 N.C.
445150.00000 4368242.00000 -116.1656
445150.00000 4368246.00000 -114.0162
445150.00000 4368250.00000 -112.2286
445150.00000 4368254.00000 N.C.
445150.00000 4368258.00000 N.C.
445150.00000 4368262.00000 -108.7308
445150.00000 4368266.00000 -108.3521
445150.00000 4368270.00000 -108.3742
445150.00000 4368274.00000 -108.3013
445150.00000 4368278.00000 N.C.
445150.00000 4368282.00000 -105.4383
445150.00000 4368286.00000 -105.3048
445150.00000 4368290.00000 -105.3216
445150.00000 4368294.00000 -105.1664
445150.00000 4368298.00000 -105.3392
445150.00000 4368302.00000 -105.3081
445150.00000 4368306.00000 N.C.
445150.00000 4368310.00000 N.C.
445150.00000 4368314.00000 N.C.
445150.00000 4368318.00000 N.C.
445150.00000 4368322.00000 N.C.
445150.00000 4368326.00000 N.C.
445150.00000 4368330.00000 N.C.
445150.00000 4368334.00000 N.C.
445150.00000 4368338.00000 -105.7943
445150.00000 4368342.00000 -105.0269
445150.00000 4368346.00000 -104.4243
445150.00000 4368350.00000 N.C.
445150.00000 4368354.00000 N.C.
445150.00000 4368358.00000 -112.6336
445150.00000 4368362.00000 -112.5744
445150.00000 4368366.00000 -112.2280
445150.00000 4368370.00000 N.C.
445150.00000 4368374.00000 N.C.
445150.00000 4368378.00000 N.C.
445150.00000 4368382.00000 -107.4043
445150.00000 4368386.00000 -107.1601
445150.00000 4368390.00000 -106.5235
445150.00000 4368394.00000 -106.2372
445154.00000 4367886.00000 -112.5169
445154.00000 4367890.00000 -112.4402
445154.00000 4367894.00000 -112.3197
445154.00000 4367898.00000 -112.1752
445154.00000 4367902.00000 -112.1068
445154.00000 4367906.00000 -111.9980
445154.00000 4367910.00000 -111.8745
445154.00000 4367914.00000 -111.7002
445154.00000 4367918.00000 -111.5912
445154.00000 4367922.00000 -111.4453
445154.00000 4367926.00000 -111.3063
445154.00000 4367930.00000 -111.0759
445154.00000 4367934.00000 -110.8859
445154.00000 4367938.00000 -110.7464
445154.00000 4367942.00000 -110.6696
445154.00000 4367946.00000 -110.5649
445154.00000 4367950.00000 -110.3550
445154.00000 4367954.00000 -110.1027
445154.00000 4367958.00000 -109.9905
445154.00000 4367962.00000 -109.9381
445154.00000 4367966.00000 -109.9425
445154.00000 4367970.00000 -109.8412
445154.00000 4367974.00000 -109.6927
445154.00000 4367978.00000 -109.5568
445154.00000 4367982.00000 -109.5088
445154.00000 4367986.00000 -109.5128
445154.00000 4367990.00000 -109.6249
445154.00000 4367994.00000 -109.6948
445154.00000 4367998.00000 -109.7962
445154.00000 4368002.00000 -109.6685
445154.00000 4368006.00000 -109.7943
445154.00000 4368010.00000 -109.7798
445154.00000 4368014.00000 -109.9604
445154.00000 4368018.00000 -109.8107
445154.00000 4368022.00000 -109.7336
445154.00000 4368026.00000 -109.4789
445154.00000 4368030.00000 -109.1601
445154.00000 4368034.00000 -108.8867
445154.00000 4368038.00000 -108.4001
445154.00000 4368042.00000 -107.8240
445154.00000 4368046.00000 -107.1538
445154.00000 4368050.00000 -106.6488
445154.00000 4368054.00000 -105.8439
445154.00000 4368058.00000 -105.0113
445154.00000 4368062.00000 -104.2143
445154.00000 4368066.00000 -103.7539
445154.00000 4368070.00000 -103.2571
445154.00000 4368074.00000 -102.9272
445154.00000 4368078.00000 -103.8098
445154.00000 4368082.00000 -104.3576
445154.00000 4368086.00000 N.C.
445154.00000 4368090.00000 N.C.
445154.00000 4368094.00000 N.C.
445154.00000 4368098.00000 N.C.
445154.00000 4368102.00000 -99.2407
445154.00000 4368106.00000 -98.9862
445154.00000 4368110.00000 -98.4326
445154.00000 4368114.00000 -97.9374
445154.00000 4368118.00000 -97.4196
445154.00000 4368122.00000 -97.0708
445154.00000 4368126.00000 -96.6655
445154.00000 4368130.00000 -98.1507
445154.00000 4368134.00000 N.C.
445154.00000 4368138.00000 N.C.
445154.00000 4368142.00000 -104.4879
445154.00000 4368146.00000 -103.4561
445154.00000 4368150.00000 -101.0991
445154.00000 4368154.00000 -100.5384
445154.00000 4368158.00000 -100.0807
445154.00000 4368162.00000 -103.0731
445154.00000 4368166.00000 N.C.
445154.00000 4368170.00000 N.C.
445154.00000 4368174.00000 N.C.
445154.00000 4368178.00000 N.C.
445154.00000 4368182.00000 N.C.
445154.00000 4368186.00000 -107.3726
445154.00000 4368190.00000 -107.2507
445154.00000 4368194.00000 -107.5909
445154.00000 4368198.00000 -109.3789
445154.00000 4368202.00000 -110.5954
445154.00000 4368206.00000 N.C.
445154.00000 4368210.00000 N.C.
445154.00000 4368214.00000 -106.8068
445154.00000 4368218.00000 -106.8068
445154.00000 4368222.00000 N.C.
445154.00000 4368226.00000 N.C.
445154.00000 4368230.00000 N.C.
445154.00000 4368234.00000 N.C.
445154.00000 4368238.00000 N.C.
445154.00000 4368242.00000 N.C.
445154.00000 4368246.00000 -114.4662
445154.00000 4368250.00000 N.C.
445154.00000 4368254.00000 N.C.
445154.00000 4368258.00000 N.C.
445154.00000 4368262.00000 -109.4327
445154.00000 4368266.00000 -108.5796
445154.00000 4368270.00000 -108.3834
445154.00000 4368274.00000 -107.9480
445154.00000 4368278.00000 N.C.
445154.00000 4368282.00000 -105.0177
445154.00000 4368286.00000 -104.4334
445154.00000 4368290.00000 -104.4819
445154.00000 4368294.00000 -104.6018
445154.00000 4368298.00000 -105.9267
445154.00000 4368302.00000 -106.5338
445154.00000 4368306.00000 N.C.
445154.00000 4368310.00000 N.C.
445154.00000 4368314.00000 N.C.
445154.00000 4368318.00000 N.C.
445154.00000 4368322.00000 N.C.
445154.00000 4368326.00000 N.C.
445154.00000 4368330.00000 N.C.
445154.00000 4368334.00000 -105.1306
445154.00000 4368338.00000 -104.9828
445154.00000 4368342.00000 -104.4867
445154.00000 4368346.00000 -104.3005
445154.00000 4368350.00000 N.C.
445154.00000 4368354.00000 N.C.
445154.00000 4368358.00000 -113.5021
445154.00000 4368362.00000 -112.9569
445154.00000 4368366.00000 -111.3994
445154.00000 4368370.00000 N.C.
445154.00000 4368374.00000 -108.1463
445154.00000 4368378.00000 -107.6883
445154.00000 4368382.00000 -106.9108
445154.00000 4368386.00000 -106.4967
445154.00000 4368390.00000 -105.8488
445154.00000 4368394.00000 -105.6376
445158.00000 4367886.00000 -112.3504
445158.00000 4367890.00000 -112.2808
445158.00000 4367894.00000 -112.1724
445158.00000 4367898.00000 -112.0111
445158.00000 4367902.00000 -111.9510
445158.00000 4367906.00000 -111.8493
445158.00000 4367910.00000 -111.7375
445158.00000 4367914.00000 -111.5756
445158.00000 4367918.00000 -111.4713
445158.00000 4367922.00000 -111.3619
445158.00000 4367926.00000 -111.2290
445158.00000 4367930.00000 -110.9644
445158.00000 4367934.00000 -110.7591
445158.00000 4367938.00000 -110.5891
445158.00000 4367942.00000 -110.5067
445158.00000 4367946.00000 -110.4083
445158.00000 4367950.00000 -110.2458
445158.00000 4367954.00000 -110.0186
445158.00000 4367958.00000 -109.8080
445158.00000 4367962.00000 -109.6184
445158.00000 4367966.00000 -109.5085
445158.00000 4367970.00000 -109.3522
445158.00000 4367974.00000 -109.1235
445158.00000 4367978.00000 -108.9381
445158.00000 4367982.00000 -108.8377
445158.00000 4367986.00000 -108.7978
445158.00000 4367990.00000 -108.7307
445158.00000 4367994.00000 -108.5764
445158.00000 4367998.00000 -108.3938
445158.00000 4368002.00000 -108.2592
445158.00000 4368006.00000 -108.4651
445158.00000 4368010.00000 -108.6494
445158.00000 4368014.00000 -108.8738
445158.00000 4368018.00000 -108.7459
445158.00000 4368022.00000 -108.9186
445158.00000 4368026.00000 -108.8275
445158.00000 4368030.00000 -109.0375
445158.00000 4368034.00000 -109.0292
445158.00000 4368038.00000 -108.8993
445158.00000 4368042.00000 -108.5766
445158.00000 4368046.00000 -108.3647
445158.00000 4368050.00000 -108.3774
445158.00000 4368054.00000 -108.2865
445158.00000 4368058.00000 -107.1288
445158.00000 4368062.00000 -105.3188
445158.00000 4368066.00000 -103.4348
445158.00000 4368070.00000 -102.9484
445158.00000 4368074.00000 -102.6003
445158.00000 4368078.00000 -104.4973
445158.00000 4368082.00000 -105.5439
445158.00000 4368086.00000 N.C.
445158.00000 4368090.00000 N.C.
445158.00000 4368094.00000 N.C.
445158.00000 4368098.00000 N.C.
445158.00000 4368102.00000 -98.9828
445158.00000 4368106.00000 -98.6603
445158.00000 4368110.00000 -97.9420
445158.00000 4368114.00000 -97.3034
445158.00000 4368118.00000 -96.5853
445158.00000 4368122.00000 -96.1837
445158.00000 4368126.00000 -95.7524
445158.00000 4368130.00000 -96.9994
445158.00000 4368134.00000 N.C.
445158.00000 4368138.00000 N.C.
445158.00000 4368142.00000 N.C.
445158.00000 4368146.00000 N.C.
445158.00000 4368150.00000 N.C.
445158.00000 4368154.00000 N.C.
445158.00000 4368158.00000 -99.0834
445158.00000 4368162.00000 N.C.
445158.00000 4368166.00000 N.C.
445158.00000 4368170.00000 N.C.
445158.00000 4368174.00000 N.C.
445158.00000 4368178.00000 N.C.
445158.00000 4368182.00000 N.C.
445158.00000 4368186.00000 -107.3007
445158.00000 4368190.00000 -107.5701
445158.00000 4368194.00000 -108.4943
445158.00000 4368198.00000 N.C.
445158.00000 4368202.00000 N.C.
445158.00000 4368206.00000 N.C.
445158.00000 4368210.00000 N.C.
445158.00000 4368214.00000 -107.9789
445158.00000 4368218.00000 -107.9789
445158.00000 4368222.00000 N.C.
445158.00000 4368226.00000 -104.0953
445158.00000 4368230.00000 N.C.
445158.00000 4368234.00000 N.C.
445158.00000 4368238.00000 N.C.
445158.00000 4368242.00000 N.C.
445158.00000 4368246.00000 -115.3234
445158.00000 4368250.00000 N.C.
445158.00000 4368254.00000 N.C.
445158.00000 4368258.00000 N.C.
445158.00000 4368262.00000 N.C.
445158.00000 4368266.00000 N.C.
445158.00000 4368270.00000 -108.4443
445158.00000 4368274.00000 N.C.
445158.00000 4368278.00000 -106.6911
445158.00000 4368282.00000 -104.9269
445158.00000 4368286.00000 -104.2006
445158.00000 4368290.00000 -104.1969
445158.00000 4368294.00000 N.C.
445158.00000 4368298.00000 N.C.
445158.00000 4368302.00000 -107.0628
445158.00000 4368306.00000 -107.5308
445158.00000 4368310.00000 -108.2635
445158.00000 4368314.00000 -108.4532
445158.00000 4368318.00000 N.C.
445158.00000 4368322.00000 N.C.
445158.00000 4368326.00000 N.C.
445158.00000 4368330.00000 N.C.
445158.00000 4368334.00000 -105.0892
445158.00000 4368338.00000 -104.8018
445158.00000 4368342.00000 -104.2916
445158.00000 4368346.00000 -104.2773
445158.00000 4368350.00000 -104.0854
445158.00000 4368354.00000 N.C.
445158.00000 4368358.00000 -112.8079
445158.00000 4368362.00000 -112.5685
445158.00000 4368366.00000 -110.5143
445158.00000 4368370.00000 -109.4756
445158.00000 4368374.00000 -108.0027
445158.00000 4368378.00000 -107.4140
445158.00000 4368382.00000 -106.5350
445158.00000 4368386.00000 -105.8361
445158.00000 4368390.00000 -105.3567
445158.00000 4368394.00000 -105.1710
445162.00000 4367886.00000 -112.4285
445162.00000 4367890.00000 -112.3387
445162.00000 4367894.00000 -112.2002
445162.00000 4367898.00000 -112.0391
445162.00000 4367902.00000 -111.9582
445162.00000 4367906.00000 -111.8412
445162.00000 4367910.00000 -111.7081
445162.00000 4367914.00000 -111.5406
445162.00000 4367918.00000 -111.3885
445162.00000 4367922.00000 -111.2684
445162.00000 4367926.00000 -111.1602
445162.00000 4367930.00000 -110.9770
445162.00000 4367934.00000 -110.8183
445162.00000 4367938.00000 -110.6320
445162.00000 4367942.00000 -110.5113
445162.00000 4367946.00000 -110.3589
445162.00000 4367950.00000 -110.1886
445162.00000 4367954.00000 -109.9710
445162.00000 4367958.00000 -109.7876
445162.00000 4367962.00000 -109.6209
445162.00000 4367966.00000 -109.4853
445162.00000 4367970.00000 -109.2594
445162.00000 4367974.00000 -108.9218
445162.00000 4367978.00000 -108.7130
445162.00000 4367982.00000 -108.4915
445162.00000 4367986.00000 -108.3816
445162.00000 4367990.00000 -108.1677
445162.00000 4367994.00000 -108.0290
445162.00000 4367998.00000 -107.7876
445162.00000 4368002.00000 -107.5658
445162.00000 4368006.00000 -107.4042
445162.00000 4368010.00000 -107.3925
445162.00000 4368014.00000 -107.4386
445162.00000 4368018.00000 -107.3937
445162.00000 4368022.00000 -107.6334
445162.00000 4368026.00000 -107.6366
445162.00000 4368030.00000 -107.7872
445162.00000 4368034.00000 -107.6194
445162.00000 4368038.00000 -107.6614
445162.00000 4368042.00000 -107.7961
445162.00000 4368046.00000 -108.0255
445162.00000 4368050.00000 -108.0508
445162.00000 4368054.00000 -108.5182
445162.00000 4368058.00000 -107.9445
445162.00000 4368062.00000 N.C.
445162.00000 4368066.00000 -103.1696
445162.00000 4368070.00000 -102.8079
445162.00000 4368074.00000 -102.5045
445162.00000 4368078.00000 -104.2876
445162.00000 4368082.00000 -105.4613
445162.00000 4368086.00000 N.C.
445162.00000 4368090.00000 N.C.
445162.00000 4368094.00000 N.C.
445162.00000 4368098.00000 -98.8544
445162.00000 4368102.00000 -98.6317
445162.00000 4368106.00000 -98.2237
445162.00000 4368110.00000 -97.4913
445162.00000 4368114.00000 -96.7157
445162.00000 4368118.00000 -95.9491
445162.00000 4368122.00000 -95.3742
445162.00000 4368126.00000 -94.9493
445162.00000 4368130.00000 -96.2533
445162.00000 4368134.00000 -97.2250
445162.00000 4368138.00000 N.C.
445162.00000 4368142.00000 N.C.
445162.00000 4368146.00000 -103.1959
445162.00000 4368150.00000 N.C.
445162.00000 4368154.00000 N.C.
445162.00000 4368158.00000 -96.6875
445162.00000 4368162.00000 N.C.
445162.00000 4368166.00000 N.C.
445162.00000 4368170.00000 N.C.
445162.00000 4368174.00000 N.C.
445162.00000 4368178.00000 N.C.
445162.00000 4368182.00000 N.C.
445162.00000 4368186.00000 -106.5031
445162.00000 4368190.00000 -107.1157
445162.00000 4368194.00000 -108.4839
445162.00000 4368198.00000 -109.2119
445162.00000 4368202.00000 -108.6325
445162.00000 4368206.00000 N.C.
445162.00000 4368210.00000 N.C.
445162.00000 4368214.00000 N.C.
445162.00000 4368218.00000 N.C.
445162.00000 4368222.00000 N.C.
445162.00000 4368226.00000 -104.6164
445162.00000 4368230.00000 -104.5342
445162.00000 4368234.00000 -104.6362
445162.00000 4368238.00000 N.C.
445162.00000 4368242.00000 N.C.
445162.00000 4368246.00000 N.C.
445162.00000 4368250.00000 N.C.
445162.00000 4368254.00000 N.C.
445162.00000 4368258.00000 -108.7009
445162.00000 4368262.00000 N.C.
445162.00000 4368266.00000 N.C.
445162.00000 4368270.00000 -107.4844
445162.00000 4368274.00000 -106.8769
445162.00000 4368278.00000 -105.9122
445162.00000 4368282.00000 -104.5663
445162.00000 4368286.00000 -103.9309
445162.00000 4368290.00000 N.C.
445162.00000 4368294.00000 N.C.
445162.00000 4368298.00000 N.C.
445162.00000 4368302.00000 N.C.
445162.00000 4368306.00000 N.C.
445162.00000 4368310.00000 N.C.
445162.00000 4368314.00000 -108.9508
445162.00000 4368318.00000 N.C.
445162.00000 4368322.00000 N.C.
445162.00000 4368326.00000 -106.5084
445162.00000 4368330.00000 -105.6282
445162.00000 4368334.00000 -104.9524
445162.00000 4368338.00000 -104.6993
445162.00000 4368342.00000 -104.4232
445162.00000 4368346.00000 -104.3892
445162.00000 4368350.00000 N.C.
445162.00000 4368354.00000 N.C.
445162.00000 4368358.00000 N.C.
445162.00000 4368362.00000 -113.4802
445162.00000 4368366.00000 N.C.
445162.00000 4368370.00000 -109.4521
445162.00000 4368374.00000 -107.4590
445162.00000 4368378.00000 -106.6576
445162.00000 4368382.00000 -105.9853
445162.00000 4368386.00000 -105.2941
445162.00000 4368390.00000 -104.7996
445162.00000 4368394.00000 -104.6032
445166.00000 4367886.00000 -112.4408
445166.00000 4367890.00000 -112.3514
445166.00000 4367894.00000 -112.1986
445166.00000 4367898.00000 -112.0146
445166.00000 4367902.00000 -111.8868
445166.00000 4367906.00000 -111.7674
445166.00000 4367910.00000 -111.6376
445166.00000 4367914.00000 -111.5035
445166.00000 4367918.00000 -111.3632
445166.00000 4367922.00000 -111.2584
445166.00000 4367926.00000 -111.1550
445166.00000 4367930.00000 -110.9720
445166.00000 4367934.00000 -110.8185
445166.00000 4367938.00000 -110.5930
445166.00000 4367942.00000 -110.4630
445166.00000 4367946.00000 -110.3003
445166.00000 4367950.00000 -110.1832
445166.00000 4367954.00000 -110.0293
445166.00000 4367958.00000 -109.8825
445166.00000 4367962.00000 -109.7187
445166.00000 4367966.00000 -109.5363
445166.00000 4367970.00000 -109.2999
445166.00000 4367974.00000 -108.9703
445166.00000 4367978.00000 -108.6977
445166.00000 4367982.00000 -108.4136
445166.00000 4367986.00000 -108.2213
445166.00000 4367990.00000 -108.0051
445166.00000 4367994.00000 -107.8478
445166.00000 4367998.00000 -107.6259
445166.00000 4368002.00000 -107.4222
445166.00000 4368006.00000 -107.0923
445166.00000 4368010.00000 -106.9340
445166.00000 4368014.00000 -106.7618
445166.00000 4368018.00000 -106.7170
445166.00000 4368022.00000 -106.5629
445166.00000 4368026.00000 -106.2918
445166.00000 4368030.00000 -106.0770
445166.00000 4368034.00000 -105.8607
445166.00000 4368038.00000 -105.7830
445166.00000 4368042.00000 -105.8192
445166.00000 4368046.00000 -106.0268
445166.00000 4368050.00000 -106.1840
445166.00000 4368054.00000 -107.2996
445166.00000 4368058.00000 -107.2085
445166.00000 4368062.00000 N.C.
445166.00000 4368066.00000 -103.0647
445166.00000 4368070.00000 -102.7744
445166.00000 4368074.00000 -102.4723
445166.00000 4368078.00000 -103.4588
445166.00000 4368082.00000 N.C.
445166.00000 4368086.00000 N.C.
445166.00000 4368090.00000 N.C.
445166.00000 4368094.00000 N.C.
445166.00000 4368098.00000 -99.2387
445166.00000 4368102.00000 -98.2462
445166.00000 4368106.00000 -97.7476
445166.00000 4368110.00000 -97.0106
445166.00000 4368114.00000 -96.2230
445166.00000 4368118.00000 -95.3219
445166.00000 4368122.00000 -94.5834
445166.00000 4368126.00000 -94.1449
445166.00000 4368130.00000 -95.1220
445166.00000 4368134.00000 N.C.
445166.00000 4368138.00000 N.C.
445166.00000 4368142.00000 N.C.
445166.00000 4368146.00000 -99.4483
445166.00000 4368150.00000 -98.1492
445166.00000 4368154.00000 -96.0019
445166.00000 4368158.00000 -95.4124
445166.00000 4368162.00000 N.C.
445166.00000 4368166.00000 N.C.
445166.00000 4368170.00000 N.C.
445166.00000 4368174.00000 N.C.
445166.00000 4368178.00000 N.C.
445166.00000 4368182.00000 -104.0599
445166.00000 4368186.00000 -104.7566
445166.00000 4368190.00000 N.C.
445166.00000 4368194.00000 N.C.
445166.00000 4368198.00000 N.C.
445166.00000 4368202.00000 -108.4649
445166.00000 4368206.00000 -109.7118
445166.00000 4368210.00000 -108.9320
445166.00000 4368214.00000 -111.4338
445166.00000 4368218.00000 N.C.
445166.00000 4368222.00000 -105.4083
445166.00000 4368226.00000 -104.9965
445166.00000 4368230.00000 -104.7366
445166.00000 4368234.00000 -104.8402
445166.00000 4368238.00000 -104.9949
445166.00000 4368242.00000 -104.7996
445166.00000 4368246.00000 N.C.
445166.00000 4368250.00000 N.C.
445166.00000 4368254.00000 N.C.
445166.00000 4368258.00000 -107.4515
445166.00000 4368262.00000 -108.2232
445166.00000 4368266.00000 -108.2336
445166.00000 4368270.00000 -108.7155
445166.00000 4368274.00000 N.C.
445166.00000 4368278.00000 -104.7998
445166.00000 4368282.00000 -103.5764
445166.00000 4368286.00000 -103.1952
445166.00000 4368290.00000 N.C.
445166.00000 4368294.00000 -106.2106
445166.00000 4368298.00000 -105.3584
445166.00000 4368302.00000 -105.1955
445166.00000 4368306.00000 N.C.
445166.00000 4368310.00000 N.C.
445166.00000 4368314.00000 -110.2202
445166.00000 4368318.00000 -110.0498
445166.00000 4368322.00000 N.C.
445166.00000 4368326.00000 N.C.
445166.00000 4368330.00000 N.C.
445166.00000 4368334.00000 -105.3561
445166.00000 4368338.00000 -105.1301
445166.00000 4368342.00000 -105.1994
445166.00000 4368346.00000 N.C.
445166.00000 4368350.00000 N.C.
445166.00000 4368354.00000 N.C.
445166.00000 4368358.00000 N.C.
445166.00000 4368362.00000 N.C.
445166.00000 4368366.00000 -110.1402
445166.00000 4368370.00000 -108.9545
445166.00000 4368374.00000 -106.9635
445166.00000 4368378.00000 -106.0969
445166.00000 4368382.00000 -106.4399
445166.00000 4368386.00000 -106.6855
445166.00000 4368390.00000 -106.9273
445166.00000 4368394.00000 -106.4228
445170.00000 4367886.00000 -112.2785
445170.00000 4367890.00000 -112.2079
445170.00000 4367894.00000 -112.0748
445170.00000 4367898.00000 -111.9299
445170.00000 4367902.00000 -111.7937
445170.00000 4367906.00000 -111.6660
445170.00000 4367910.00000 -111.5420
445170.00000 4367914.00000 -111.4152
445170.00000 4367918.00000 -111.2805
445170.00000 4367922.00000 -111.1436
445170.00000 4367926.00000 -111.0364
445170.00000 4367930.00000 -110.9095
445170.00000 4367934.00000 -110.7585
445170.00000 4367938.00000 -110.5654
445170.00000 4367942.00000 -110.4404
445170.00000 4367946.00000 -110.3060
445170.00000 4367950.00000 -110.1745
445170.00000 4367954.00000 -110.0146
445170.00000 4367958.00000 -109.8475
445170.00000 4367962.00000 -109.6778
445170.00000 4367966.00000 -109.4691
445170.00000 4367970.00000 -109.2491
445170.00000 4367974.00000 -108.9992
445170.00000 4367978.00000 -108.7434
445170.00000 4367982.00000 -108.5114
445170.00000 4367986.00000 -108.3155
445170.00000 4367990.00000 -108.1268
445170.00000 4367994.00000 -107.9245
445170.00000 4367998.00000 -107.7085
445170.00000 4368002.00000 -107.4984
445170.00000 4368006.00000 -107.2205
445170.00000 4368010.00000 -107.0468
445170.00000 4368014.00000 -106.8184
445170.00000 4368018.00000 -106.6796
445170.00000 4368022.00000 -106.4970
445170.00000 4368026.00000 -106.2521
445170.00000 4368030.00000 -105.8596
445170.00000 4368034.00000 -105.4591
445170.00000 4368038.00000 -105.0559
445170.00000 4368042.00000 -104.7410
445170.00000 4368046.00000 -104.3130
445170.00000 4368050.00000 -103.9297
445170.00000 4368054.00000 -104.3477
445170.00000 4368058.00000 -104.3558
445170.00000 4368062.00000 -104.1597
445170.00000 4368066.00000 -103.1144
445170.00000 4368070.00000 -102.7254
445170.00000 4368074.00000 -102.4493
445170.00000 4368078.00000 -102.2859
445170.00000 4368082.00000 N.C.
445170.00000 4368086.00000 N.C.
445170.00000 4368090.00000 N.C.
445170.00000 4368094.00000 -99.9900
445170.00000 4368098.00000 -99.3529
445170.00000 4368102.00000 -98.0062
445170.00000 4368106.00000 -97.5140
445170.00000 4368110.00000 -96.7632
445170.00000 4368114.00000 -95.7004
445170.00000 4368118.00000 -94.7279
445170.00000 4368122.00000 -93.9251
445170.00000 4368126.00000 -93.3821
445170.00000 4368130.00000 -92.8516
445170.00000 4368134.00000 -92.4568
445170.00000 4368138.00000 N.C.
445170.00000 4368142.00000 N.C.
445170.00000 4368146.00000 -96.0795
445170.00000 4368150.00000 -96.0419
445170.00000 4368154.00000 -95.5295
445170.00000 4368158.00000 N.C.
445170.00000 4368162.00000 -96.0824
445170.00000 4368166.00000 N.C.
445170.00000 4368170.00000 N.C.
445170.00000 4368174.00000 N.C.
445170.00000 4368178.00000 N.C.
445170.00000 4368182.00000 -102.3763
445170.00000 4368186.00000 -102.2162
445170.00000 4368190.00000 N.C.
445170.00000 4368194.00000 N.C.
445170.00000 4368198.00000 N.C.
445170.00000 4368202.00000 -107.0778
445170.00000 4368206.00000 -107.9882
445170.00000 4368210.00000 -107.7328
445170.00000 4368214.00000 N.C.
445170.00000 4368218.00000 N.C.
445170.00000 4368222.00000 -105.7635
445170.00000 4368226.00000 -106.0973
445170.00000 4368230.00000 -105.7344
445170.00000 4368234.00000 -105.7459
445170.00000 4368238.00000 -105.0448
445170.00000 4368242.00000 -104.9135
445170.00000 4368246.00000 -104.8182
445170.00000 4368250.00000 -104.5414
445170.00000 4368254.00000 -105.1347
445170.00000 4368258.00000 -105.9761
445170.00000 4368262.00000 N.C.
445170.00000 4368266.00000 N.C.
445170.00000 4368270.00000 -108.0775
445170.00000 4368274.00000 N.C.
445170.00000 4368278.00000 -103.6877
445170.00000 4368282.00000 -103.1688
445170.00000 4368286.00000 -102.9243
445170.00000 4368290.00000 N.C.
445170.00000 4368294.00000 N.C.
445170.00000 4368298.00000 -105.5953
445170.00000 4368302.00000 N.C.
445170.00000 4368306.00000 N.C.
445170.00000 4368310.00000 N.C.
445170.00000 4368314.00000 N.C.
445170.00000 4368318.00000 -109.8105
445170.00000 4368322.00000 -109.6071
445170.00000 4368326.00000 N.C.
445170.00000 4368330.00000 N.C.
445170.00000 4368334.00000 -105.7078
445170.00000 4368338.00000 -105.6876
445170.00000 4368342.00000 -106.3621
445170.00000 4368346.00000 -106.3957
445170.00000 4368350.00000 -106.8760
445170.00000 4368354.00000 N.C.
445170.00000 4368358.00000 N.C.
445170.00000 4368362.00000 N.C.
445170.00000 4368366.00000 N.C.
445170.00000 4368370.00000 -106.6033
445170.00000 4368374.00000 -105.0386
445170.00000 4368378.00000 -104.5121
445170.00000 4368382.00000 -106.3837
445170.00000 4368386.00000 -107.9382
445170.00000 4368390.00000 -108.7619
445170.00000 4368394.00000 -107.8452
445174.00000 4367886.00000 -112.0456
445174.00000 4367890.00000 -111.9920
445174.00000 4367894.00000 -111.9152
445174.00000 4367898.00000 -111.7977
445174.00000 4367902.00000 -111.6843
445174.00000 4367906.00000 -111.5529
445174.00000 4367910.00000 -111.4267
445174.00000 4367914.00000 -111.3252
445174.00000 4367918.00000 -111.2395
445174.00000 4367922.00000 -111.1515
445174.00000 4367926.00000 -111.0606
445174.00000 4367930.00000 -110.9250
445174.00000 4367934.00000 -110.7713
445174.00000 4367938.00000 -110.5803
445174.00000 4367942.00000 -110.4585
445174.00000 4367946.00000 -110.3178
445174.00000 4367950.00000 -110.1878
445174.00000 4367954.00000 -110.0249
445174.00000 4367958.00000 -109.8587
445174.00000 4367962.00000 -109.6803
445174.00000 4367966.00000 -109.4902
445174.00000 4367970.00000 -109.3083
445174.00000 4367974.00000 -109.1359
445174.00000 4367978.00000 -108.8952
445174.00000 4367982.00000 -108.6745
445174.00000 4367986.00000 -108.4113
445174.00000 4367990.00000 -108.1378
445174.00000 4367994.00000 -107.8306
445174.00000 4367998.00000 -107.5813
445174.00000 4368002.00000 -107.4026
445174.00000 4368006.00000 -107.2277
445174.00000 4368010.00000 -107.0384
445174.00000 4368014.00000 -106.7887
445174.00000 4368018.00000 -106.5734
445174.00000 4368022.00000 -106.3755
445174.00000 4368026.00000 -106.1317
445174.00000 4368030.00000 -105.8448
445174.00000 4368034.00000 -105.5121
445174.00000 4368038.00000 -105.1512
445174.00000 4368042.00000 -104.7660
445174.00000 4368046.00000 -104.3529
445174.00000 4368050.00000 -104.0146
445174.00000 4368054.00000 -103.8803
445174.00000 4368058.00000 -103.7895
445174.00000 4368062.00000 -103.5670
445174.00000 4368066.00000 -103.1465
445174.00000 4368070.00000 -102.6319
445174.00000 4368074.00000 -102.2365
445174.00000 4368078.00000 -102.0203
445174.00000 4368082.00000 N.C.
445174.00000 4368086.00000 N.C.
445174.00000 4368090.00000 N.C.
445174.00000 4368094.00000 N.C.
445174.00000 4368098.00000 N.C.
445174.00000 4368102.00000 N.C.
445174.00000 4368106.00000 N.C.
445174.00000 4368110.00000 N.C.
445174.00000 4368114.00000 N.C.
445174.00000 4368118.00000 -95.8045
445174.00000 4368122.00000 -95.0651
445174.00000 4368126.00000 -94.1133
445174.00000 4368130.00000 -92.3421
445174.00000 4368134.00000 -91.9321
445174.00000 4368138.00000 -91.7880
445174.00000 4368142.00000 -92.1249
445174.00000 4368146.00000 -92.8756
445174.00000 4368150.00000 -93.5508
445174.00000 4368154.00000 -94.1575
445174.00000 4368158.00000 N.C.
445174.00000 4368162.00000 N.C.
445174.00000 4368166.00000 N.C.
445174.00000 4368170.00000 N.C.
445174.00000 4368174.00000 N.C.
445174.00000 4368178.00000 -101.8881
445174.00000 4368182.00000 -100.9683
445174.00000 4368186.00000 -100.3404
445174.00000 4368190.00000 N.C.
445174.00000 4368194.00000 N.C.
445174.00000 4368198.00000 -107.2163
445174.00000 4368202.00000 -106.4871
445174.00000 4368206.00000 -107.5382
445174.00000 4368210.00000 -107.9412
445174.00000 4368214.00000 N.C.
445174.00000 4368218.00000 N.C.
445174.00000 4368222.00000 N.C.
445174.00000 4368226.00000 N.C.
445174.00000 4368230.00000 -106.4712
445174.00000 4368234.00000 N.C.
445174.00000 4368238.00000 N.C.
445174.00000 4368242.00000 -105.1454
445174.00000 4368246.00000 -104.9107
445174.00000 4368250.00000 -104.5414
445174.00000 4368254.00000 -105.4388
445174.00000 4368258.00000 -105.6698
445174.00000 4368262.00000 N.C.
445174.00000 4368266.00000 N.C.
445174.00000 4368270.00000 N.C.
445174.00000 4368274.00000 -105.0697
445174.00000 4368278.00000 -103.6240
445174.00000 4368282.00000 -103.2819
445174.00000 4368286.00000 N.C.
445174.00000 4368290.00000 N.C.
445174.00000 4368294.00000 -105.8956
445174.00000 4368298.00000 -106.3483
445174.00000 4368302.00000 N.C.
445174.00000 4368306.00000 N.C.
445174.00000 4368310.00000 N.C.
445174.00000 4368314.00000 N.C.
445174.00000 4368318.00000 N.C.
445174.00000 4368322.00000 N.C.
445174.00000 4368326.00000 N.C.
445174.00000 4368330.00000 N.C.
445174.00000 4368334.00000 N.C.
445174.00000 4368338.00000 -106.7324
445174.00000 4368342.00000 -107.2009
445174.00000 4368346.00000 -106.9975
445174.00000 4368350.00000 -106.8401
445174.00000 4368354.00000 -105.6633
445174.00000 4368358.00000 -103.9909
445174.00000 4368362.00000 -103.1150
445174.00000 4368366.00000 -103.2626
445174.00000 4368370.00000 -103.8288
445174.00000 4368374.00000 -104.0131
445174.00000 4368378.00000 -103.8117
445174.00000 4368382.00000 -107.2569
445174.00000 4368386.00000 -109.6588
445174.00000 4368390.00000 -110.3769
445174.00000 4368394.00000 -108.9216
445178.00000 4367886.00000 -111.9607
445178.00000 4367890.00000 -111.9026
445178.00000 4367894.00000 -111.7982
445178.00000 4367898.00000 -111.6793
445178.00000 4367902.00000 -111.5658
445178.00000 4367906.00000 -111.4528
445178.00000 4367910.00000 -111.3241
445178.00000 4367914.00000 -111.2377
445178.00000 4367918.00000 -111.1658
445178.00000 4367922.00000 -111.0887
445178.00000 4367926.00000 -110.9837
445178.00000 4367930.00000 -110.8812
445178.00000 4367934.00000 -110.7481
445178.00000 4367938.00000 -110.6175
445178.00000 4367942.00000 -110.4634
445178.00000 4367946.00000 -110.3561
445178.00000 4367950.00000 -110.2212
445178.00000 4367954.00000 -110.0982
445178.00000 4367958.00000 -109.9542
445178.00000 4367962.00000 -109.8042
445178.00000 4367966.00000 -109.5860
445178.00000 4367970.00000 -109.3612
445178.00000 4367974.00000 -109.1390
445178.00000 4367978.00000 -108.9635
445178.00000 4367982.00000 -108.7686
445178.00000 4367986.00000 -108.5591
445178.00000 4367990.00000 -108.2485
445178.00000 4367994.00000 -107.8996
445178.00000 4367998.00000 -107.5695
445178.00000 4368002.00000 -107.3854
445178.00000 4368006.00000 -107.2591
445178.00000 4368010.00000 -107.0527
445178.00000 4368014.00000 -106.7490
445178.00000 4368018.00000 -106.4739
445178.00000 4368022.00000 -106.2838
445178.00000 4368026.00000 -106.0850
445178.00000 4368030.00000 -105.8117
445178.00000 4368034.00000 -105.5230
445178.00000 4368038.00000 -105.1712
445178.00000 4368042.00000 -104.8136
445178.00000 4368046.00000 -104.3706
445178.00000 4368050.00000 -103.9689
445178.00000 4368054.00000 -103.7575
445178.00000 4368058.00000 -103.5782
445178.00000 4368062.00000 -103.3533
445178.00000 4368066.00000 -102.9198
445178.00000 4368070.00000 -102.4148
445178.00000 4368074.00000 -101.9849
445178.00000 4368078.00000 -101.5861
445178.00000 4368082.00000 N.C.
445178.00000 4368086.00000 N.C.
445178.00000 4368090.00000 N.C.
445178.00000 4368094.00000 -101.0625
445178.00000 4368098.00000 -97.8679
445178.00000 4368102.00000 -97.5996
445178.00000 4368106.00000 N.C.
445178.00000 4368110.00000 N.C.
445178.00000 4368114.00000 N.C.
445178.00000 4368118.00000 -97.6080
445178.00000 4368122.00000 -96.8641
445178.00000 4368126.00000 N.C.
445178.00000 4368130.00000 N.C.
445178.00000 4368134.00000 -91.4898
445178.00000 4368138.00000 -91.5665
445178.00000 4368142.00000 -91.9303
445178.00000 4368146.00000 -92.6287
445178.00000 4368150.00000 -93.3723
445178.00000 4368154.00000 -94.0716
445178.00000 4368158.00000 -95.1146
445178.00000 4368162.00000 -96.3825
445178.00000 4368166.00000 -97.3389
445178.00000 4368170.00000 -97.9280
445178.00000 4368174.00000 N.C.
445178.00000 4368178.00000 -100.1378
445178.00000 4368182.00000 -100.0991
445178.00000 4368186.00000 -99.6683
445178.00000 4368190.00000 N.C.
445178.00000 4368194.00000 N.C.
445178.00000 4368198.00000 -104.6817
445178.00000 4368202.00000 -105.1924
445178.00000 4368206.00000 -105.0612
445178.00000 4368210.00000 -105.7078
445178.00000 4368214.00000 -107.3183
445178.00000 4368218.00000 -108.6985
445178.00000 4368222.00000 N.C.
445178.00000 4368226.00000 N.C.
445178.00000 4368230.00000 N.C.
445178.00000 4368234.00000 N.C.
445178.00000 4368238.00000 -106.2932
445178.00000 4368242.00000 N.C.
445178.00000 4368246.00000 N.C.
445178.00000 4368250.00000 N.C.
445178.00000 4368254.00000 N.C.
445178.00000 4368258.00000 -104.7647
445178.00000 4368262.00000 -104.8271
445178.00000 4368266.00000 -103.6792
445178.00000 4368270.00000 -104.0266
445178.00000 4368274.00000 -104.1724
445178.00000 4368278.00000 -104.2297
445178.00000 4368282.00000 -104.1603
445178.00000 4368286.00000 -104.3631
445178.00000 4368290.00000 -104.5934
445178.00000 4368294.00000 N.C.
445178.00000 4368298.00000 N.C.
445178.00000 4368302.00000 N.C.
445178.00000 4368306.00000 N.C.
445178.00000 4368310.00000 -105.2183
445178.00000 4368314.00000 -105.1322
445178.00000 4368318.00000 -105.2690
445178.00000 4368322.00000 -105.3098
445178.00000 4368326.00000 N.C.
445178.00000 4368330.00000 N.C.
445178.00000 4368334.00000 N.C.
445178.00000 4368338.00000 -107.5597
445178.00000 4368342.00000 -107.7622
445178.00000 4368346.00000 N.C.
445178.00000 4368350.00000 -106.9820
445178.00000 4368354.00000 N.C.
445178.00000 4368358.00000 -103.9909
445178.00000 4368362.00000 -103.7556
445178.00000 4368366.00000 -103.7469
445178.00000 4368370.00000 -104.1264
445178.00000 4368374.00000 -103.8632
445178.00000 4368378.00000 -103.7386
445178.00000 4368382.00000 N.C.
445178.00000 4368386.00000 -107.2422
445178.00000 4368390.00000 -107.4737
445178.00000 4368394.00000 -106.3634
445182.00000 4367886.00000 -112.2850
445182.00000 4367890.00000 -112.2053
445182.00000 4367894.00000 -112.0766
445182.00000 4367898.00000 -111.8902
445182.00000 4367902.00000 -111.7537
445182.00000 4367906.00000 -111.5637
445182.00000 4367910.00000 -111.4394
445182.00000 4367914.00000 -111.2848
445182.00000 4367918.00000 -111.2000
445182.00000 4367922.00000 -111.0770
445182.00000 4367926.00000 -110.9657
445182.00000 4367930.00000 -110.8275
445182.00000 4367934.00000 -110.6863
445182.00000 4367938.00000 -110.5554
445182.00000 4367942.00000 -110.4000
445182.00000 4367946.00000 -110.2595
445182.00000 4367950.00000 -110.0873
445182.00000 4367954.00000 -109.9557
445182.00000 4367958.00000 -109.8067
445182.00000 4367962.00000 -109.6893
445182.00000 4367966.00000 -109.5267
445182.00000 4367970.00000 -109.3578
445182.00000 4367974.00000 -109.1374
445182.00000 4367978.00000 -108.9633
445182.00000 4367982.00000 -108.7925
445182.00000 4367986.00000 -108.6229
445182.00000 4367990.00000 -108.3467
445182.00000 4367994.00000 -108.0244
445182.00000 4367998.00000 -107.7108
445182.00000 4368002.00000 -107.4790
445182.00000 4368006.00000 -107.3191
445182.00000 4368010.00000 -107.0727
445182.00000 4368014.00000 -106.7774
445182.00000 4368018.00000 -106.5115
445182.00000 4368022.00000 -106.3098
445182.00000 4368026.00000 -106.1313
445182.00000 4368030.00000 -105.8560
445182.00000 4368034.00000 -105.5338
445182.00000 4368038.00000 -105.2033
445182.00000 4368042.00000 -104.8231
445182.00000 4368046.00000 -104.4514
445182.00000 4368050.00000 -104.0069
445182.00000 4368054.00000 -103.8244
445182.00000 4368058.00000 -103.6157
445182.00000 4368062.00000 -103.4454
445182.00000 4368066.00000 -102.9957
445182.00000 4368070.00000 -102.4608
445182.00000 4368074.00000 -101.8944
445182.00000 4368078.00000 -101.3766
445182.00000 4368082.00000 -100.8369
445182.00000 4368086.00000 -102.3904
445182.00000 4368090.00000 -102.2872
445182.00000 4368094.00000 N.C.
445182.00000 4368098.00000 N.C.
445182.00000 4368102.00000 -99.0122
445182.00000 4368106.00000 N.C.
445182.00000 4368110.00000 N.C.
445182.00000 4368114.00000 N.C.
445182.00000 4368118.00000 -99.3914
445182.00000 4368122.00000 -99.3914
445182.00000 4368126.00000 N.C.
445182.00000 4368130.00000 N.C.
445182.00000 4368134.00000 -92.2570
445182.00000 4368138.00000 N.C.
445182.00000 4368142.00000 N.C.
445182.00000 4368146.00000 N.C.
445182.00000 4368150.00000 -94.4826
445182.00000 4368154.00000 -95.0000
445182.00000 4368158.00000 -95.2608
445182.00000 4368162.00000 -96.3825
445182.00000 4368166.00000 -97.2894
445182.00000 4368170.00000 -97.7788
445182.00000 4368174.00000 -98.7661
445182.00000 4368178.00000 -99.3564
445182.00000 4368182.00000 -99.6390
445182.00000 4368186.00000 -99.5739
445182.00000 4368190.00000 -100.1353
445182.00000 4368194.00000 -101.6828
445182.00000 4368198.00000 -102.7108
445182.00000 4368202.00000 -103.3758
445182.00000 4368206.00000 -103.6177
445182.00000 4368210.00000 N.C.
445182.00000 4368214.00000 N.C.
445182.00000 4368218.00000 -106.6792
445182.00000 4368222.00000 N.C.
445182.00000 4368226.00000 -107.7973
445182.00000 4368230.00000 N.C.
445182.00000 4368234.00000 N.C.
445182.00000 4368238.00000 -106.1072
445182.00000 4368242.00000 N.C.
445182.00000 4368246.00000 N.C.
445182.00000 4368250.00000 -103.0849
445182.00000 4368254.00000 -103.8470
445182.00000 4368258.00000 -105.2553
445182.00000 4368262.00000 N.C.
445182.00000 4368266.00000 N.C.
445182.00000 4368270.00000 N.C.
445182.00000 4368274.00000 -103.9548
445182.00000 4368278.00000 -103.2895
445182.00000 4368282.00000 -103.5010
445182.00000 4368286.00000 -103.6472
445182.00000 4368290.00000 -103.6783
445182.00000 4368294.00000 -103.4949
445182.00000 4368298.00000 -103.9352
445182.00000 4368302.00000 -103.7789
445182.00000 4368306.00000 N.C.
445182.00000 4368310.00000 -104.4434
445182.00000 4368314.00000 -104.8394
445182.00000 4368318.00000 -104.9631
445182.00000 4368322.00000 -105.1124
445182.00000 4368326.00000 N.C.
445182.00000 4368330.00000 N.C.
445182.00000 4368334.00000 N.C.
445182.00000 4368338.00000 -106.6448
445182.00000 4368342.00000 N.C.
445182.00000 4368346.00000 N.C.
445182.00000 4368350.00000 -105.5958
445182.00000 4368354.00000 N.C.
445182.00000 4368358.00000 N.C.
445182.00000 4368362.00000 N.C.
445182.00000 4368366.00000 -107.3415
445182.00000 4368370.00000 -106.7457
445182.00000 4368374.00000 -105.9282
445182.00000 4368378.00000 -105.2871
445182.00000 4368382.00000 -105.8268
445182.00000 4368386.00000 -105.7712
445182.00000 4368390.00000 -105.5324
445182.00000 4368394.00000 -104.7742
445186.00000 4367886.00000 -112.5971
445186.00000 4367890.00000 -112.5309
445186.00000 4367894.00000 -112.3758
445186.00000 4367898.00000 -112.1792
445186.00000 4367902.00000 -111.9803
445186.00000 4367906.00000 -111.7669
445186.00000 4367910.00000 -111.6333
445186.00000 4367914.00000 -111.4440
445186.00000 4367918.00000 -111.2856
445186.00000 4367922.00000 -111.0593
445186.00000 4367926.00000 -110.9501
445186.00000 4367930.00000 -110.7843
445186.00000 4367934.00000 -110.6332
445186.00000 4367938.00000 -110.4403
445186.00000 4367942.00000 -110.2825
445186.00000 4367946.00000 -110.1493
445186.00000 4367950.00000 -109.9510
445186.00000 4367954.00000 -109.7840
445186.00000 4367958.00000 -109.5979
445186.00000 4367962.00000 -109.4931
445186.00000 4367966.00000 -109.3487
445186.00000 4367970.00000 -109.2071
445186.00000 4367974.00000 -109.0178
445186.00000 4367978.00000 -108.8606
445186.00000 4367982.00000 -108.7069
445186.00000 4367986.00000 -108.5583
445186.00000 4367990.00000 -108.3803
445186.00000 4367994.00000 -108.1573
445186.00000 4367998.00000 -107.9036
445186.00000 4368002.00000 -107.6705
445186.00000 4368006.00000 -107.4835
445186.00000 4368010.00000 -107.2357
445186.00000 4368014.00000 -106.9285
445186.00000 4368018.00000 -106.6144
445186.00000 4368022.00000 -106.2998
445186.00000 4368026.00000 -106.0442
445186.00000 4368030.00000 -105.7696
445186.00000 4368034.00000 -105.5044
445186.00000 4368038.00000 -105.2177
445186.00000 4368042.00000 -104.8697
445186.00000 4368046.00000 -104.5254
445186.00000 4368050.00000 -104.2000
445186.00000 4368054.00000 -104.0097
445186.00000 4368058.00000 -103.7742
445186.00000 4368062.00000 -103.5145
445186.00000 4368066.00000 -103.0961
445186.00000 4368070.00000 -102.6460
445186.00000 4368074.00000 -102.1023
445186.00000 4368078.00000 -101.5572
445186.00000 4368082.00000 -100.9787
445186.00000 4368086.00000 -101.8797
445186.00000 4368090.00000 -101.8306
445186.00000 4368094.00000 N.C.
445186.00000 4368098.00000 N.C.
445186.00000 4368102.00000 -99.7695
445186.00000 4368106.00000 N.C.
445186.00000 4368110.00000 N.C.
445186.00000 4368114.00000 N.C.
445186.00000 4368118.00000 -98.4429
445186.00000 4368122.00000 -98.9985
445186.00000 4368126.00000 N.C.
445186.00000 4368130.00000 N.C.
445186.00000 4368134.00000 -92.6666
445186.00000 4368138.00000 -93.1113
445186.00000 4368142.00000 -94.1109
445186.00000 4368146.00000 N.C.
445186.00000 4368150.00000 -95.4684
445186.00000 4368154.00000 N.C.
445186.00000 4368158.00000 N.C.
445186.00000 4368162.00000 N.C.
445186.00000 4368166.00000 N.C.
445186.00000 4368170.00000 -97.7441
445186.00000 4368174.00000 -98.2511
445186.00000 4368178.00000 -98.8040
445186.00000 4368182.00000 -99.5837
445186.00000 4368186.00000 -99.9703
445186.00000 4368190.00000 -100.5486
445186.00000 4368194.00000 -101.0260
445186.00000 4368198.00000 -101.7988
445186.00000 4368202.00000 -102.5061
445186.00000 4368206.00000 -102.3285
445186.00000 4368210.00000 -101.9825
445186.00000 4368214.00000 -103.1390
445186.00000 4368218.00000 -103.4299
445186.00000 4368222.00000 N.C.
445186.00000 4368226.00000 -103.9901
445186.00000 4368230.00000 N.C.
445186.00000 4368234.00000 N.C.
445186.00000 4368238.00000 -103.4777
445186.00000 4368242.00000 N.C.
445186.00000 4368246.00000 -103.0133
445186.00000 4368250.00000 -102.9721
445186.00000 4368254.00000 -102.6420
445186.00000 4368258.00000 N.C.
445186.00000 4368262.00000 -106.9300
445186.00000 4368266.00000 N.C.
445186.00000 4368270.00000 -105.1245
445186.00000 4368274.00000 -104.2918
445186.00000 4368278.00000 -102.7185
445186.00000 4368282.00000 -102.7632
445186.00000 4368286.00000 -102.6877
445186.00000 4368290.00000 -102.5379
445186.00000 4368294.00000 N.C.
445186.00000 4368298.00000 N.C.
445186.00000 4368302.00000 -103.7334
445186.00000 4368306.00000 -104.0685
445186.00000 4368310.00000 -104.3669
445186.00000 4368314.00000 -104.9693
445186.00000 4368318.00000 -104.9325
445186.00000 4368322.00000 -104.5362
445186.00000 4368326.00000 N.C.
445186.00000 4368330.00000 N.C.
445186.00000 4368334.00000 -104.3276
445186.00000 4368338.00000 -104.5265
445186.00000 4368342.00000 N.C.
445186.00000 4368346.00000 N.C.
445186.00000 4368350.00000 -103.9181
445186.00000 4368354.00000 N.C.
445186.00000 4368358.00000 N.C.
445186.00000 4368362.00000 -111.2540
445186.00000 4368366.00000 -110.4524
445186.00000 4368370.00000 -108.9338
445186.00000 4368374.00000 -107.6058
445186.00000 4368378.00000 -106.3310
445186.00000 4368382.00000 N.C.
445186.00000 4368386.00000 -104.2666
445186.00000 4368390.00000 -104.0267
445186.00000 4368394.00000 -103.7423
445190.00000 4367886.00000 -112.7602
445190.00000 4367890.00000 -112.6955
445190.00000 4367894.00000 -112.5635
445190.00000 4367898.00000 -112.3946
445190.00000 4367902.00000 -112.2204
445190.00000 4367906.00000 -112.0114
445190.00000 4367910.00000 -111.8835
445190.00000 4367914.00000 -111.6967
445190.00000 4367918.00000 -111.5388
445190.00000 4367922.00000 -111.3071
445190.00000 4367926.00000 -111.1847
445190.00000 4367930.00000 -110.9635
445190.00000 4367934.00000 -110.7544
445190.00000 4367938.00000 -110.4906
445190.00000 4367942.00000 -110.3242
445190.00000 4367946.00000 -110.1536
445190.00000 4367950.00000 -109.9583
445190.00000 4367954.00000 -109.7494
445190.00000 4367958.00000 -109.5626
445190.00000 4367962.00000 -109.4169
445190.00000 4367966.00000 -109.2970
445190.00000 4367970.00000 -109.1944
445190.00000 4367974.00000 -109.0484
445190.00000 4367978.00000 -108.9146
445190.00000 4367982.00000 -108.7571
445190.00000 4367986.00000 -108.6405
445190.00000 4367990.00000 -108.4716
445190.00000 4367994.00000 -108.2810
445190.00000 4367998.00000 -108.0426
445190.00000 4368002.00000 -107.7691
445190.00000 4368006.00000 -107.5228
445190.00000 4368010.00000 -107.2837
445190.00000 4368014.00000 -107.0405
445190.00000 4368018.00000 -106.7173
445190.00000 4368022.00000 -106.3521
445190.00000 4368026.00000 -106.0238
445190.00000 4368030.00000 -105.7636
445190.00000 4368034.00000 -105.5266
445190.00000 4368038.00000 -105.3036
445190.00000 4368042.00000 -105.0316
445190.00000 4368046.00000 -104.7025
445190.00000 4368050.00000 -104.5109
445190.00000 4368054.00000 -104.2998
445190.00000 4368058.00000 -104.0999
445190.00000 4368062.00000 -104.6570
445190.00000 4368066.00000 -104.4447
445190.00000 4368070.00000 -103.8616
445190.00000 4368074.00000 -102.1674
445190.00000 4368078.00000 -101.6685
445190.00000 4368082.00000 -101.0961
445190.00000 4368086.00000 -101.2793
445190.00000 4368090.00000 -100.7669
445190.00000 4368094.00000 -100.3575
445190.00000 4368098.00000 -99.3094
445190.00000 4368102.00000 -99.4405
445190.00000 4368106.00000 -99.9994
445190.00000 4368110.00000 -98.6835
445190.00000 4368114.00000 -97.7380
445190.00000 4368118.00000 -98.6383
445190.00000 4368122.00000 -99.6241
445190.00000 4368126.00000 N.C.
445190.00000 4368130.00000 N.C.
445190.00000 4368134.00000 -93.0820
445190.00000 4368138.00000 -93.3316
445190.00000 4368142.00000 -93.7758
445190.00000 4368146.00000 -95.0731
445190.00000 4368150.00000 -96.0049
445190.00000 4368154.00000 N.C.
445190.00000 4368158.00000 -105.2289
445190.00000 4368162.00000 -105.2289
445190.00000 4368166.00000 N.C.
445190.00000 4368170.00000 N.C.
445190.00000 4368174.00000 N.C.
445190.00000 4368178.00000 N.C.
445190.00000 4368182.00000 N.C.
445190.00000 4368186.00000 -99.6826
445190.00000 4368190.00000 -100.6790
445190.00000 4368194.00000 -101.3631
445190.00000 4368198.00000 N.C.
445190.00000 4368202.00000 N.C.
445190.00000 4368206.00000 N.C.
445190.00000 4368210.00000 -101.2632
445190.00000 4368214.00000 -101.7710
445190.00000 4368218.00000 -101.9066
445190.00000 4368222.00000 -102.6410
445190.00000 4368226.00000 -102.3168
445190.00000 4368230.00000 -102.4213
445190.00000 4368234.00000 -102.0053
445190.00000 4368238.00000 -101.9317
445190.00000 4368242.00000 -102.3512
445190.00000 4368246.00000 -102.1780
445190.00000 4368250.00000 N.C.
445190.00000 4368254.00000 N.C.
445190.00000 4368258.00000 N.C.
445190.00000 4368262.00000 -106.6065
445190.00000 4368266.00000 N.C.
445190.00000 4368270.00000 -104.9165
445190.00000 4368274.00000 -103.9636
445190.00000 4368278.00000 -102.2959
445190.00000 4368282.00000 -102.1494
445190.00000 4368286.00000 -102.0460
445190.00000 4368290.00000 -102.0200
445190.00000 4368294.00000 -102.3820
445190.00000 4368298.00000 N.C.
445190.00000 4368302.00000 N.C.
445190.00000 4368306.00000 -103.6730
445190.00000 4368310.00000 N.C.
445190.00000 4368314.00000 -106.2452
445190.00000 4368318.00000 -105.8771
445190.00000 4368322.00000 -104.2829
445190.00000 4368326.00000 -103.5174
445190.00000 4368330.00000 -103.4258
445190.00000 4368334.00000 -103.2573
445190.00000 4368338.00000 -102.9968
445190.00000 4368342.00000 N.C.
445190.00000 4368346.00000 N.C.
445190.00000 4368350.00000 -102.4127
445190.00000 4368354.00000 N.C.
445190.00000 4368358.00000 N.C.
445190.00000 4368362.00000 -111.9146
445190.00000 4368366.00000 -111.2694
445190.00000 4368370.00000 -109.8472
445190.00000 4368374.00000 -108.4922
445190.00000 4368378.00000 N.C.
445190.00000 4368382.00000 N.C.
445190.00000 4368386.00000 -105.4127
445190.00000 4368390.00000 -104.8307
445190.00000 4368394.00000 -104.3863
445194.00000 4367886.00000 -112.6966
445194.00000 4367890.00000 -112.6311
445194.00000 4367894.00000 -112.4877
445194.00000 4367898.00000 -112.3299
445194.00000 4367902.00000 -112.1477
445194.00000 4367906.00000 -111.9923
445194.00000 4367910.00000 -111.8509
445194.00000 4367914.00000 -111.6987
445194.00000 4367918.00000 -111.5284
445194.00000 4367922.00000 -111.3289
445194.00000 4367926.00000 -111.2132
445194.00000 4367930.00000 -110.9947
445194.00000 4367934.00000 -110.7843
445194.00000 4367938.00000 -110.5447
445194.00000 4367942.00000 -110.4048
445194.00000 4367946.00000 -110.2779
445194.00000 4367950.00000 -110.1112
445194.00000 4367954.00000 -109.9315
445194.00000 4367958.00000 -109.7503
445194.00000 4367962.00000 -109.5677
445194.00000 4367966.00000 -109.3880
445194.00000 4367970.00000 -109.2310
445194.00000 4367974.00000 -109.0322
445194.00000 4367978.00000 -108.8651
445194.00000 4367982.00000 -108.6507
445194.00000 4367986.00000 -108.4844
445194.00000 4367990.00000 -108.2518
445194.00000 4367994.00000 -108.0715
445194.00000 4367998.00000 -107.8360
445194.00000 4368002.00000 -107.6203
445194.00000 4368006.00000 -107.3465
445194.00000 4368010.00000 -107.1577
445194.00000 4368014.00000 -106.9383
445194.00000 4368018.00000 -106.6613
445194.00000 4368022.00000 -106.2629
445194.00000 4368026.00000 -105.9005
445194.00000 4368030.00000 -105.6239
445194.00000 4368034.00000 -105.3966
445194.00000 4368038.00000 -105.1389
445194.00000 4368042.00000 -104.8135
445194.00000 4368046.00000 -104.4646
445194.00000 4368050.00000 -104.2992
445194.00000 4368054.00000 -104.0498
445194.00000 4368058.00000 -103.9965
445194.00000 4368062.00000 -104.7491
445194.00000 4368066.00000 -104.9837
445194.00000 4368070.00000 N.C.
445194.00000 4368074.00000 -102.2053
445194.00000 4368078.00000 -101.7851
445194.00000 4368082.00000 -101.1875
445194.00000 4368086.00000 -100.6431
445194.00000 4368090.00000 -99.9853
445194.00000 4368094.00000 -99.5340
445194.00000 4368098.00000 -98.8454
445194.00000 4368102.00000 -98.7422
445194.00000 4368106.00000 -98.9362
445194.00000 4368110.00000 -98.1983
445194.00000 4368114.00000 -98.3596
445194.00000 4368118.00000 -98.7985
445194.00000 4368122.00000 -101.0055
445194.00000 4368126.00000 N.C.
445194.00000 4368130.00000 N.C.
445194.00000 4368134.00000 -94.7520
445194.00000 4368138.00000 -92.8358
445194.00000 4368142.00000 -92.9032
445194.00000 4368146.00000 -93.8581
445194.00000 4368150.00000 N.C.
445194.00000 4368154.00000 N.C.
445194.00000 4368158.00000 -105.0413
445194.00000 4368162.00000 -105.0413
445194.00000 4368166.00000 N.C.
445194.00000 4368170.00000 -98.8213
445194.00000 4368174.00000 N.C.
445194.00000 4368178.00000 N.C.
445194.00000 4368182.00000 N.C.
445194.00000 4368186.00000 -99.6996
445194.00000 4368190.00000 N.C.
445194.00000 4368194.00000 -101.8682
445194.00000 4368198.00000 N.C.
445194.00000 4368202.00000 N.C.
445194.00000 4368206.00000 N.C.
445194.00000 4368210.00000 -100.3341
445194.00000 4368214.00000 -100.2203
445194.00000 4368218.00000 -99.9286
445194.00000 4368222.00000 -99.9614
445194.00000 4368226.00000 -100.0060
445194.00000 4368230.00000 -100.1407
445194.00000 4368234.00000 -100.4643
445194.00000 4368238.00000 -100.6784
445194.00000 4368242.00000 -101.0413
445194.00000 4368246.00000 -101.1302
445194.00000 4368250.00000 -101.4234
445194.00000 4368254.00000 -101.5939
445194.00000 4368258.00000 -102.7278
445194.00000 4368262.00000 N.C.
445194.00000 4368266.00000 N.C.
445194.00000 4368270.00000 -103.2671
445194.00000 4368274.00000 -103.1909
445194.00000 4368278.00000 -102.4405
445194.00000 4368282.00000 -102.3052
445194.00000 4368286.00000 N.C.
445194.00000 4368290.00000 N.C.
445194.00000 4368294.00000 -102.5092
445194.00000 4368298.00000 -102.5997
445194.00000 4368302.00000 -102.7933
445194.00000 4368306.00000 -102.6375
445194.00000 4368310.00000 N.C.
445194.00000 4368314.00000 -106.9653
445194.00000 4368318.00000 N.C.
445194.00000 4368322.00000 N.C.
445194.00000 4368326.00000 N.C.
445194.00000 4368330.00000 N.C.
445194.00000 4368334.00000 -102.2614
445194.00000 4368338.00000 -102.0009
445194.00000 4368342.00000 -102.0495
445194.00000 4368346.00000 -102.2769
445194.00000 4368350.00000 -102.4687
445194.00000 4368354.00000 N.C.
445194.00000 4368358.00000 N.C.
445194.00000 4368362.00000 -111.4509
445194.00000 4368366.00000 -110.7936
445194.00000 4368370.00000 -109.4991
445194.00000 4368374.00000 -108.3148
445194.00000 4368378.00000 -107.2199
445194.00000 4368382.00000 -106.1064
445194.00000 4368386.00000 -105.3801
445194.00000 4368390.00000 -104.7571
445194.00000 4368394.00000 -104.3544
445198.00000 4367886.00000 -112.5392
445198.00000 4367890.00000 -112.4571
445198.00000 4367894.00000 -112.3129
445198.00000 4367898.00000 -112.1491
445198.00000 4367902.00000 -111.9881
445198.00000 4367906.00000 -111.8606
445198.00000 4367910.00000 -111.6914
445198.00000 4367914.00000 -111.5415
445198.00000 4367918.00000 -111.3944
445198.00000 4367922.00000 -111.3063
445198.00000 4367926.00000 -111.2197
445198.00000 4367930.00000 -111.0562
445198.00000 4367934.00000 -110.8448
445198.00000 4367938.00000 -110.6437
445198.00000 4367942.00000 -110.4818
445198.00000 4367946.00000 -110.3326
445198.00000 4367950.00000 -110.1856
445198.00000 4367954.00000 -110.0399
445198.00000 4367958.00000 -109.8958
445198.00000 4367962.00000 -109.7003
445198.00000 4367966.00000 -109.5007
445198.00000 4367970.00000 -109.3138
445198.00000 4367974.00000 -109.0912
445198.00000 4367978.00000 -108.9206
445198.00000 4367982.00000 -108.7108
445198.00000 4367986.00000 -108.5644
445198.00000 4367990.00000 -108.3087
445198.00000 4367994.00000 -108.0734
445198.00000 4367998.00000 -107.7906
445198.00000 4368002.00000 -107.5612
445198.00000 4368006.00000 -107.3112
445198.00000 4368010.00000 -107.1364
445198.00000 4368014.00000 -106.9272
445198.00000 4368018.00000 -106.6822
445198.00000 4368022.00000 -106.3839
445198.00000 4368026.00000 -106.0940
445198.00000 4368030.00000 -105.7728
445198.00000 4368034.00000 -105.4810
445198.00000 4368038.00000 -105.1175
445198.00000 4368042.00000 -104.7085
445198.00000 4368046.00000 -104.3037
445198.00000 4368050.00000 -104.0526
445198.00000 4368054.00000 -103.8269
445198.00000 4368058.00000 -103.8076
445198.00000 4368062.00000 -104.8286
445198.00000 4368066.00000 N.C.
445198.00000 4368070.00000 N.C.
445198.00000 4368074.00000 N.C.
445198.00000 4368078.00000 N.C.
445198.00000 4368082.00000 N.C.
445198.00000 4368086.00000 N.C.
445198.00000 4368090.00000 -100.2426
445198.00000 4368094.00000 -99.8508
445198.00000 4368098.00000 -99.3059
445198.00000 4368102.00000 -98.6752
445198.00000 4368106.00000 -98.0108
445198.00000 4368110.00000 -97.3086
445198.00000 4368114.00000 -98.1509
445198.00000 4368118.00000 -99.5369
445198.00000 4368122.00000 -101.6748
445198.00000 4368126.00000 -101.5211
445198.00000 4368130.00000 -98.2663
445198.00000 4368134.00000 -96.9970
445198.00000 4368138.00000 N.C.
445198.00000 4368142.00000 N.C.
445198.00000 4368146.00000 N.C.
445198.00000 4368150.00000 N.C.
445198.00000 4368154.00000 N.C.
445198.00000 4368158.00000 -104.5040
445198.00000 4368162.00000 -104.5040
445198.00000 4368166.00000 N.C.
445198.00000 4368170.00000 -98.9744
445198.00000 4368174.00000 N.C.
445198.00000 4368178.00000 N.C.
445198.00000 4368182.00000 -98.6813
445198.00000 4368186.00000 N.C.
445198.00000 4368190.00000 N.C.
445198.00000 4368194.00000 -102.1849
445198.00000 4368198.00000 -101.5543
445198.00000 4368202.00000 -100.6861
445198.00000 4368206.00000 N.C.
445198.00000 4368210.00000 N.C.
445198.00000 4368214.00000 -98.9935
445198.00000 4368218.00000 -98.5686
445198.00000 4368222.00000 -98.2492
445198.00000 4368226.00000 -98.0123
445198.00000 4368230.00000 -98.1053
445198.00000 4368234.00000 -98.6643
445198.00000 4368238.00000 -98.9809
445198.00000 4368242.00000 -99.4072
445198.00000 4368246.00000 -99.6732
445198.00000 4368250.00000 -100.4215
445198.00000 4368254.00000 -101.0759
445198.00000 4368258.00000 -102.0629
445198.00000 4368262.00000 -101.6608
445198.00000 4368266.00000 -101.7243
445198.00000 4368270.00000 -101.3164
445198.00000 4368274.00000 -101.6504
445198.00000 4368278.00000 -101.9520
445198.00000 4368282.00000 N.C.
445198.00000 4368286.00000 N.C.
445198.00000 4368290.00000 -102.8919
445198.00000 4368294.00000 -102.8725
445198.00000 4368298.00000 -102.5439
445198.00000 4368302.00000 -102.3852
445198.00000 4368306.00000 N.C.
445198.00000 4368310.00000 N.C.
445198.00000 4368314.00000 -105.9739
445198.00000 4368318.00000 -105.5734
445198.00000 4368322.00000 N.C.
445198.00000 4368326.00000 N.C.
445198.00000 4368330.00000 N.C.
445198.00000 4368334.00000 -101.6797
445198.00000 4368338.00000 -101.5584
445198.00000 4368342.00000 N.C.
445198.00000 4368346.00000 N.C.
445198.00000 4368350.00000 -103.1588
445198.00000 4368354.00000 N.C.
445198.00000 4368358.00000 N.C.
445198.00000 4368362.00000 -111.1142
445198.00000 4368366.00000 -110.2355
445198.00000 4368370.00000 -108.9445
445198.00000 4368374.00000 -107.7419
445198.00000 4368378.00000 -106.7974
445198.00000 4368382.00000 -105.9959
445198.00000 4368386.00000 -105.3420
445198.00000 4368390.00000 -104.7023
445198.00000 4368394.00000 -104.3889
445202.00000 4367886.00000 -112.4188
445202.00000 4367890.00000 -112.3219
445202.00000 4367894.00000 -112.1482
445202.00000 4367898.00000 -111.9773
445202.00000 4367902.00000 -111.8392
445202.00000 4367906.00000 -111.7649
445202.00000 4367910.00000 -111.6209
445202.00000 4367914.00000 -111.4781
445202.00000 4367918.00000 -111.2754
445202.00000 4367922.00000 -111.1971
445202.00000 4367926.00000 -111.1028
445202.00000 4367930.00000 -110.9674
445202.00000 4367934.00000 -110.7942
445202.00000 4367938.00000 -110.6661
445202.00000 4367942.00000 -110.5423
445202.00000 4367946.00000 -110.4108
445202.00000 4367950.00000 -110.2765
445202.00000 4367954.00000 -110.1567
445202.00000 4367958.00000 -110.0458
445202.00000 4367962.00000 -109.8488
445202.00000 4367966.00000 -109.6962
445202.00000 4367970.00000 -109.5163
445202.00000 4367974.00000 -109.3347
445202.00000 4367978.00000 -109.1113
445202.00000 4367982.00000 -108.8785
445202.00000 4367986.00000 -108.6385
445202.00000 4367990.00000 -108.4157
445202.00000 4367994.00000 -108.1853
445202.00000 4367998.00000 -107.9580
445202.00000 4368002.00000 -107.7002
445202.00000 4368006.00000 -107.4511
445202.00000 4368010.00000 -107.2599
445202.00000 4368014.00000 -107.0237
445202.00000 4368018.00000 -106.7814
445202.00000 4368022.00000 -106.4747
445202.00000 4368026.00000 -106.2150
445202.00000 4368030.00000 -105.9040
445202.00000 4368034.00000 -105.5844
445202.00000 4368038.00000 -105.1595
445202.00000 4368042.00000 -104.7095
445202.00000 4368046.00000 -104.2339
445202.00000 4368050.00000 -103.7820
445202.00000 4368054.00000 -103.5111
445202.00000 4368058.00000 -104.0581
445202.00000 4368062.00000 -104.4356
445202.00000 4368066.00000 N.C.
445202.00000 4368070.00000 N.C.
445202.00000 4368074.00000 N.C.
445202.00000 4368078.00000 N.C.
445202.00000 4368082.00000 N.C.
445202.00000 4368086.00000 -100.6102
445202.00000 4368090.00000 -100.4448
445202.00000 4368094.00000 -100.1395
445202.00000 4368098.00000 -99.5675
445202.00000 4368102.00000 -98.9119
445202.00000 4368106.00000 -98.2282
445202.00000 4368110.00000 -97.5876
445202.00000 4368114.00000 -98.0688
445202.00000 4368118.00000 -99.1163
445202.00000 4368122.00000 -100.7763
445202.00000 4368126.00000 -100.1944
445202.00000 4368130.00000 -98.1993
445202.00000 4368134.00000 -98.0180
445202.00000 4368138.00000 -99.7879
445202.00000 4368142.00000 -103.1043
445202.00000 4368146.00000 -102.9542
445202.00000 4368150.00000 N.C.
445202.00000 4368154.00000 N.C.
445202.00000 4368158.00000 -103.9001
445202.00000 4368162.00000 -104.0106
445202.00000 4368166.00000 N.C.
445202.00000 4368170.00000 -98.9780
445202.00000 4368174.00000 -98.9886
445202.00000 4368178.00000 -99.0935
445202.00000 4368182.00000 -99.0911
445202.00000 4368186.00000 N.C.
445202.00000 4368190.00000 N.C.
445202.00000 4368194.00000 -101.4262
445202.00000 4368198.00000 -100.9334
445202.00000 4368202.00000 -100.5400
445202.00000 4368206.00000 N.C.
445202.00000 4368210.00000 N.C.
445202.00000 4368214.00000 -97.3822
445202.00000 4368218.00000 -97.1648
445202.00000 4368222.00000 -96.6424
445202.00000 4368226.00000 -96.2137
445202.00000 4368230.00000 -96.1978
445202.00000 4368234.00000 -96.8357
445202.00000 4368238.00000 -97.4491
445202.00000 4368242.00000 -98.2945
445202.00000 4368246.00000 -98.4784
445202.00000 4368250.00000 -99.2156
445202.00000 4368254.00000 N.C.
445202.00000 4368258.00000 N.C.
445202.00000 4368262.00000 -101.0212
445202.00000 4368266.00000 -100.4932
445202.00000 4368270.00000 -99.4924
445202.00000 4368274.00000 -99.6751
445202.00000 4368278.00000 -99.3735
445202.00000 4368282.00000 N.C.
445202.00000 4368286.00000 N.C.
445202.00000 4368290.00000 -103.3802
445202.00000 4368294.00000 -103.1276
445202.00000 4368298.00000 -102.0843
445202.00000 4368302.00000 -102.0384
445202.00000 4368306.00000 N.C.
445202.00000 4368310.00000 N.C.
445202.00000 4368314.00000 -104.9132
445202.00000 4368318.00000 -104.6341
445202.00000 4368322.00000 -103.9150
445202.00000 4368326.00000 -103.0046
445202.00000 4368330.00000 -102.3587
445202.00000 4368334.00000 -101.9240
445202.00000 4368338.00000 -101.7098
445202.00000 4368342.00000 N.C.
445202.00000 4368346.00000 N.C.
445202.00000 4368350.00000 -103.0387
445202.00000 4368354.00000 N.C.
445202.00000 4368358.00000 -111.5417
445202.00000 4368362.00000 -110.8557
445202.00000 4368366.00000 -109.7124
445202.00000 4368370.00000 -108.4436
445202.00000 4368374.00000 -107.3330
445202.00000 4368378.00000 -106.4384
445202.00000 4368382.00000 -105.6849
445202.00000 4368386.00000 -105.0856
445202.00000 4368390.00000 -104.6037
445202.00000 4368394.00000 -104.3916
445206.00000 4367886.00000 -112.2615
445206.00000 4367890.00000 -112.1780
445206.00000 4367894.00000 -112.0152
445206.00000 4367898.00000 -111.9119
445206.00000 4367902.00000 -111.8195
445206.00000 4367906.00000 -111.7688
445206.00000 4367910.00000 -111.5991
445206.00000 4367914.00000 -111.4639
445206.00000 4367918.00000 -111.2842
445206.00000 4367922.00000 -111.2467
445206.00000 4367926.00000 -111.1571
445206.00000 4367930.00000 -111.0030
445206.00000 4367934.00000 -110.8076
445206.00000 4367938.00000 -110.6658
445206.00000 4367942.00000 -110.5071
445206.00000 4367946.00000 -110.3378
445206.00000 4367950.00000 -110.1717
445206.00000 4367954.00000 -110.0188
445206.00000 4367958.00000 -109.8834
445206.00000 4367962.00000 -109.6399
445206.00000 4367966.00000 -109.4810
445206.00000 4367970.00000 -109.3023
445206.00000 4367974.00000 -109.1605
445206.00000 4367978.00000 -108.9809
445206.00000 4367982.00000 -108.7888
445206.00000 4367986.00000 -108.6050
445206.00000 4367990.00000 -108.4107
445206.00000 4367994.00000 -108.1606
445206.00000 4367998.00000 -107.9223
445206.00000 4368002.00000 -107.6521
445206.00000 4368006.00000 -107.4312
445206.00000 4368010.00000 -107.1884
445206.00000 4368014.00000 -106.9615
445206.00000 4368018.00000 -106.7336
445206.00000 4368022.00000 -106.4655
445206.00000 4368026.00000 -106.2122
445206.00000 4368030.00000 -105.9029
445206.00000 4368034.00000 -105.6269
445206.00000 4368038.00000 -105.2209
445206.00000 4368042.00000 -104.8440
445206.00000 4368046.00000 -104.3577
445206.00000 4368050.00000 -103.9209
445206.00000 4368054.00000 -103.8195
445206.00000 4368058.00000 -104.8938
445206.00000 4368062.00000 -105.6350
445206.00000 4368066.00000 N.C.
445206.00000 4368070.00000 N.C.
445206.00000 4368074.00000 N.C.
445206.00000 4368078.00000 N.C.
445206.00000 4368082.00000 N.C.
445206.00000 4368086.00000 -100.6685
445206.00000 4368090.00000 -100.5403
445206.00000 4368094.00000 -100.2556
445206.00000 4368098.00000 -99.7544
445206.00000 4368102.00000 -99.1631
445206.00000 4368106.00000 -98.5726
445206.00000 4368110.00000 -97.9884
445206.00000 4368114.00000 -98.3310
445206.00000 4368118.00000 -99.0194
445206.00000 4368122.00000 -99.7357
445206.00000 4368126.00000 -98.2852
445206.00000 4368130.00000 -96.6018
445206.00000 4368134.00000 -97.4084
445206.00000 4368138.00000 -99.9351
445206.00000 4368142.00000 -101.9920
445206.00000 4368146.00000 -101.6387
445206.00000 4368150.00000 -101.2435
445206.00000 4368154.00000 -101.8330
445206.00000 4368158.00000 -102.3169
445206.00000 4368162.00000 -102.0782
445206.00000 4368166.00000 N.C.
445206.00000 4368170.00000 -99.4949
445206.00000 4368174.00000 N.C.
445206.00000 4368178.00000 N.C.
445206.00000 4368182.00000 -99.5646
445206.00000 4368186.00000 N.C.
445206.00000 4368190.00000 N.C.
445206.00000 4368194.00000 -100.8887
445206.00000 4368198.00000 -100.5081
445206.00000 4368202.00000 -100.3062
445206.00000 4368206.00000 N.C.
445206.00000 4368210.00000 N.C.
445206.00000 4368214.00000 -97.2621
445206.00000 4368218.00000 -97.1454
445206.00000 4368222.00000 -96.6825
445206.00000 4368226.00000 -96.2508
445206.00000 4368230.00000 -96.1494
445206.00000 4368234.00000 -96.3172
445206.00000 4368238.00000 -96.5443
445206.00000 4368242.00000 N.C.
445206.00000 4368246.00000 N.C.
445206.00000 4368250.00000 -97.1910
445206.00000 4368254.00000 N.C.
445206.00000 4368258.00000 N.C.
445206.00000 4368262.00000 -100.1612
445206.00000 4368266.00000 -99.3138
445206.00000 4368270.00000 -97.8530
445206.00000 4368274.00000 -98.0082
445206.00000 4368278.00000 -98.0082
445206.00000 4368282.00000 -97.8928
445206.00000 4368286.00000 N.C.
445206.00000 4368290.00000 -100.6231
445206.00000 4368294.00000 N.C.
445206.00000 4368298.00000 N.C.
445206.00000 4368302.00000 -101.9191
445206.00000 4368306.00000 N.C.
445206.00000 4368310.00000 N.C.
445206.00000 4368314.00000 -104.4718
445206.00000 4368318.00000 -104.2347
445206.00000 4368322.00000 -103.5657
445206.00000 4368326.00000 -102.9889
445206.00000 4368330.00000 -102.3636
445206.00000 4368334.00000 -101.9302
445206.00000 4368338.00000 -101.5188
445206.00000 4368342.00000 -101.3459
445206.00000 4368346.00000 -101.7255
445206.00000 4368350.00000 -102.0693
445206.00000 4368354.00000 N.C.
445206.00000 4368358.00000 -111.3009
445206.00000 4368362.00000 -110.5818
445206.00000 4368366.00000 -109.2498
445206.00000 4368370.00000 -108.0830
445206.00000 4368374.00000 -107.1110
445206.00000 4368378.00000 -106.2412
445206.00000 4368382.00000 -105.5334
445206.00000 4368386.00000 -104.9905
445206.00000 4368390.00000 -104.5843
445206.00000 4368394.00000 -104.3955
445210.00000 4367886.00000 -112.2551
445210.00000 4367890.00000 -112.1873
445210.00000 4367894.00000 -112.0251
445210.00000 4367898.00000 -111.9351
445210.00000 4367902.00000 -111.8620
445210.00000 4367906.00000 -111.8037
445210.00000 4367910.00000 -111.6417
445210.00000 4367914.00000 -111.5062
445210.00000 4367918.00000 -111.3360
445210.00000 4367922.00000 -111.2723
445210.00000 4367926.00000 -111.1302
445210.00000 4367930.00000 -110.9185
445210.00000 4367934.00000 -110.7189
445210.00000 4367938.00000 -110.5903
445210.00000 4367942.00000 -110.4694
445210.00000 4367946.00000 -110.3143
445210.00000 4367950.00000 -110.1389
445210.00000 4367954.00000 -109.9723
445210.00000 4367958.00000 -109.8351
445210.00000 4367962.00000 -109.5990
445210.00000 4367966.00000 -109.5957
445210.00000 4367970.00000 -109.5353
445210.00000 4367974.00000 -109.5056
445210.00000 4367978.00000 -109.3212
445210.00000 4367982.00000 -109.1206
445210.00000 4367986.00000 -108.9224
445210.00000 4367990.00000 -108.6631
445210.00000 4367994.00000 -108.4144
445210.00000 4367998.00000 -108.2082
445210.00000 4368002.00000 -107.9442
445210.00000 4368006.00000 -107.7161
445210.00000 4368010.00000 -107.4431
445210.00000 4368014.00000 -107.2305
445210.00000 4368018.00000 -106.9795
445210.00000 4368022.00000 -106.6807
445210.00000 4368026.00000 -106.3859
445210.00000 4368030.00000 -106.1231
445210.00000 4368034.00000 -105.8342
445210.00000 4368038.00000 -105.5080
445210.00000 4368042.00000 -105.1884
445210.00000 4368046.00000 -104.7347
445210.00000 4368050.00000 -104.2543
445210.00000 4368054.00000 -104.0885
445210.00000 4368058.00000 -105.3248
445210.00000 4368062.00000 -106.4276
445210.00000 4368066.00000 N.C.
445210.00000 4368070.00000 N.C.
445210.00000 4368074.00000 N.C.
445210.00000 4368078.00000 N.C.
445210.00000 4368082.00000 N.C.
445210.00000 4368086.00000 -100.6331
445210.00000 4368090.00000 -100.5543
445210.00000 4368094.00000 -100.3330
445210.00000 4368098.00000 -99.8779
445210.00000 4368102.00000 -99.4186
445210.00000 4368106.00000 -98.9880
445210.00000 4368110.00000 -98.5985
445210.00000 4368114.00000 -98.5749
445210.00000 4368118.00000 -98.8143
445210.00000 4368122.00000 -99.0315
445210.00000 4368126.00000 -97.7170
445210.00000 4368130.00000 -96.4754
445210.00000 4368134.00000 -97.1450
445210.00000 4368138.00000 -98.6370
445210.00000 4368142.00000 -100.1756
445210.00000 4368146.00000 -100.3462
445210.00000 4368150.00000 -100.7775
445210.00000 4368154.00000 -101.1607
445210.00000 4368158.00000 -101.3458
445210.00000 4368162.00000 -100.7694
445210.00000 4368166.00000 -99.9450
445210.00000 4368170.00000 -99.2196
445210.00000 4368174.00000 -99.1463
445210.00000 4368178.00000 -99.4027
445210.00000 4368182.00000 -100.2485
445210.00000 4368186.00000 N.C.
445210.00000 4368190.00000 -101.4087
445210.00000 4368194.00000 -100.6828
445210.00000 4368198.00000 -100.1586
445210.00000 4368202.00000 -99.8074
445210.00000 4368206.00000 N.C.
445210.00000 4368210.00000 N.C.
445210.00000 4368214.00000 -97.2303
445210.00000 4368218.00000 -97.0680
445210.00000 4368222.00000 -96.8076
445210.00000 4368226.00000 -96.5610
445210.00000 4368230.00000 -96.4987
445210.00000 4368234.00000 -96.5270
445210.00000 4368238.00000 -96.6890
445210.00000 4368242.00000 N.C.
445210.00000 4368246.00000 N.C.
445210.00000 4368250.00000 N.C.
445210.00000 4368254.00000 N.C.
445210.00000 4368258.00000 N.C.
445210.00000 4368262.00000 -99.0882
445210.00000 4368266.00000 -98.3689
445210.00000 4368270.00000 -97.0992
445210.00000 4368274.00000 -97.1347
445210.00000 4368278.00000 -97.2338
445210.00000 4368282.00000 -97.1308
445210.00000 4368286.00000 -98.4744
445210.00000 4368290.00000 -98.5845
445210.00000 4368294.00000 -98.7296
445210.00000 4368298.00000 N.C.
445210.00000 4368302.00000 -100.3523
445210.00000 4368306.00000 N.C.
445210.00000 4368310.00000 -103.3113
445210.00000 4368314.00000 -103.4012
445210.00000 4368318.00000 -103.1851
445210.00000 4368322.00000 -103.0565
445210.00000 4368326.00000 -102.5719
445210.00000 4368330.00000 -102.1379
445210.00000 4368334.00000 -101.8143
445210.00000 4368338.00000 -101.5429
445210.00000 4368342.00000 -101.3540
445210.00000 4368346.00000 -101.2174
445210.00000 4368350.00000 N.C.
445210.00000 4368354.00000 N.C.
445210.00000 4368358.00000 -110.9788
445210.00000 4368362.00000 -110.2848
445210.00000 4368366.00000 -109.0710
445210.00000 4368370.00000 -107.9367
445210.00000 4368374.00000 -106.8417
445210.00000 4368378.00000 -106.0450
445210.00000 4368382.00000 -105.4603
445210.00000 4368386.00000 -104.9450
445210.00000 4368390.00000 -104.5396
445210.00000 4368394.00000 -104.3538
445214.00000 4367886.00000 -112.2702
445214.00000 4367890.00000 -112.2234
445214.00000 4367894.00000 -112.1054
445214.00000 4367898.00000 -112.1728
445214.00000 4367902.00000 -112.2300
445214.00000 4367906.00000 -112.2689
445214.00000 4367910.00000 -112.0675
445214.00000 4367914.00000 -111.8898
445214.00000 4367918.00000 -111.7406
445214.00000 4367922.00000 -111.6425
445214.00000 4367926.00000 -111.5195
445214.00000 4367930.00000 -111.3144
445214.00000 4367934.00000 -111.1233
445214.00000 4367938.00000 -110.9322
445214.00000 4367942.00000 -110.7935
445214.00000 4367946.00000 -110.6494
445214.00000 4367950.00000 -110.4863
445214.00000 4367954.00000 -110.2851
445214.00000 4367958.00000 -110.0754
445214.00000 4367962.00000 -109.8638
445214.00000 4367966.00000 -109.8260
445214.00000 4367970.00000 -109.7328
445214.00000 4367974.00000 -109.6007
445214.00000 4367978.00000 -109.3943
445214.00000 4367982.00000 -109.2326
445214.00000 4367986.00000 -109.0975
445214.00000 4367990.00000 -108.8396
445214.00000 4367994.00000 -108.5896
445214.00000 4367998.00000 -108.3790
445214.00000 4368002.00000 -108.1515
445214.00000 4368006.00000 -107.9190
445214.00000 4368010.00000 -107.6150
445214.00000 4368014.00000 -107.3869
445214.00000 4368018.00000 -107.1456
445214.00000 4368022.00000 -106.8874
445214.00000 4368026.00000 -106.6180
445214.00000 4368030.00000 -106.3284
445214.00000 4368034.00000 -106.0301
445214.00000 4368038.00000 -105.7083
445214.00000 4368042.00000 -105.3843
445214.00000 4368046.00000 -105.1206
445214.00000 4368050.00000 -104.8915
445214.00000 4368054.00000 -104.7466
445214.00000 4368058.00000 -105.4398
445214.00000 4368062.00000 -105.9300
445214.00000 4368066.00000 -106.8275
445214.00000 4368070.00000 -106.6803
445214.00000 4368074.00000 N.C.
445214.00000 4368078.00000 N.C.
445214.00000 4368082.00000 N.C.
445214.00000 4368086.00000 -101.3558
445214.00000 4368090.00000 -101.0700
445214.00000 4368094.00000 -100.8818
445214.00000 4368098.00000 -100.4829
445214.00000 4368102.00000 -100.1969
445214.00000 4368106.00000 -99.8022
445214.00000 4368110.00000 -99.4613
445214.00000 4368114.00000 -99.3262
445214.00000 4368118.00000 N.C.
445214.00000 4368122.00000 N.C.
445214.00000 4368126.00000 N.C.
445214.00000 4368130.00000 -96.6111
445214.00000 4368134.00000 -97.2275
445214.00000 4368138.00000 -98.3834
445214.00000 4368142.00000 -99.5359
445214.00000 4368146.00000 -99.8116
445214.00000 4368150.00000 -100.0181
445214.00000 4368154.00000 -100.5193
445214.00000 4368158.00000 -100.3650
445214.00000 4368162.00000 -100.4748
445214.00000 4368166.00000 -100.1013
445214.00000 4368170.00000 -99.9389
445214.00000 4368174.00000 -99.8887
445214.00000 4368178.00000 -100.1326
445214.00000 4368182.00000 -101.2671
445214.00000 4368186.00000 -101.4368
445214.00000 4368190.00000 -101.4574
445214.00000 4368194.00000 -100.3989
445214.00000 4368198.00000 -99.8231
445214.00000 4368202.00000 -99.5045
445214.00000 4368206.00000 N.C.
445214.00000 4368210.00000 N.C.
445214.00000 4368214.00000 -97.3644
445214.00000 4368218.00000 -97.0084
445214.00000 4368222.00000 -96.8646
445214.00000 4368226.00000 N.C.
445214.00000 4368230.00000 N.C.
445214.00000 4368234.00000 N.C.
445214.00000 4368238.00000 -96.8645
445214.00000 4368242.00000 -96.6647
445214.00000 4368246.00000 -98.5101
445214.00000 4368250.00000 -98.4582
445214.00000 4368254.00000 N.C.
445214.00000 4368258.00000 N.C.
445214.00000 4368262.00000 -98.2131
445214.00000 4368266.00000 -97.7993
445214.00000 4368270.00000 -97.0353
445214.00000 4368274.00000 -97.0883
445214.00000 4368278.00000 -97.3425
445214.00000 4368282.00000 -97.3667
445214.00000 4368286.00000 -97.5541
445214.00000 4368290.00000 -97.3719
445214.00000 4368294.00000 -97.2069
445214.00000 4368298.00000 -97.7530
445214.00000 4368302.00000 N.C.
445214.00000 4368306.00000 N.C.
445214.00000 4368310.00000 -103.6661
445214.00000 4368314.00000 -103.4464
445214.00000 4368318.00000 -102.9971
445214.00000 4368322.00000 -102.5550
445214.00000 4368326.00000 -102.0558
445214.00000 4368330.00000 -101.7791
445214.00000 4368334.00000 -101.4311
445214.00000 4368338.00000 -101.4155
445214.00000 4368342.00000 -101.2036
445214.00000 4368346.00000 -101.1477
445214.00000 4368350.00000 N.C.
445214.00000 4368354.00000 -111.4103
445214.00000 4368358.00000 -110.5939
445214.00000 4368362.00000 -109.5729
445214.00000 4368366.00000 N.C.
445214.00000 4368370.00000 N.C.
445214.00000 4368374.00000 N.C.
445214.00000 4368378.00000 -105.9790
445214.00000 4368382.00000 -105.3016
445214.00000 4368386.00000 -104.6366
445214.00000 4368390.00000 -104.1266
445214.00000 4368394.00000 -103.8113
445218.00000 4367886.00000 -112.7248
445218.00000 4367890.00000 -112.6660
445218.00000 4367894.00000 -112.5496
445218.00000 4367898.00000 -112.5648
445218.00000 4367902.00000 -112.5845
445218.00000 4367906.00000 -112.5962
445218.00000 4367910.00000 -112.4076
445218.00000 4367914.00000 -112.2387
445218.00000 4367918.00000 -112.0847
445218.00000 4367922.00000 -111.9873
445218.00000 4367926.00000 -111.8919
445218.00000 4367930.00000 -111.7282
445218.00000 4367934.00000 -111.5653
445218.00000 4367938.00000 -111.3496
445218.00000 4367942.00000 -111.2141
445218.00000 4367946.00000 -111.0959
445218.00000 4367950.00000 -110.9538
445218.00000 4367954.00000 -110.7712
445218.00000 4367958.00000 -110.5297
445218.00000 4367962.00000 -110.3243
445218.00000 4367966.00000 -110.2774
445218.00000 4367970.00000 -110.1884
445218.00000 4367974.00000 -110.0530
445218.00000 4367978.00000 -109.8251
445218.00000 4367982.00000 -109.6273
445218.00000 4367986.00000 -109.4626
445218.00000 4367990.00000 -109.2040
445218.00000 4367994.00000 -108.9834
445218.00000 4367998.00000 -108.9071
445218.00000 4368002.00000 -108.8067
445218.00000 4368006.00000 -108.7095
445218.00000 4368010.00000 -108.4419
445218.00000 4368014.00000 -108.2011
445218.00000 4368018.00000 -107.9243
445218.00000 4368022.00000 -107.6419
445218.00000 4368026.00000 -107.3648
445218.00000 4368030.00000 -107.0526
445218.00000 4368034.00000 -106.5854
445218.00000 4368038.00000 -106.1431
445218.00000 4368042.00000 -105.9077
445218.00000 4368046.00000 -105.8593
445218.00000 4368050.00000 -105.8745
445218.00000 4368054.00000 -106.3734
445218.00000 4368058.00000 -107.8227
445218.00000 4368062.00000 -108.1938
445218.00000 4368066.00000 -108.4136
445218.00000 4368070.00000 N.C.
445218.00000 4368074.00000 N.C.
445218.00000 4368078.00000 N.C.
445218.00000 4368082.00000 -102.2929
445218.00000 4368086.00000 -102.1163
445218.00000 4368090.00000 -101.7845
445218.00000 4368094.00000 -101.6135
445218.00000 4368098.00000 -101.3114
445218.00000 4368102.00000 -101.0712
445218.00000 4368106.00000 -100.6588
445218.00000 4368110.00000 -100.2458
445218.00000 4368114.00000 -99.9342
445218.00000 4368118.00000 N.C.
445218.00000 4368122.00000 N.C.
445218.00000 4368126.00000 N.C.
445218.00000 4368130.00000 N.C.
445218.00000 4368134.00000 N.C.
445218.00000 4368138.00000 N.C.
445218.00000 4368142.00000 N.C.
445218.00000 4368146.00000 -101.0300
445218.00000 4368150.00000 -101.0602
445218.00000 4368154.00000 -100.7286
445218.00000 4368158.00000 -100.3588
445218.00000 4368162.00000 -100.4639
445218.00000 4368166.00000 -100.1790
445218.00000 4368170.00000 -100.1168
445218.00000 4368174.00000 -100.2970
445218.00000 4368178.00000 -100.4598
445218.00000 4368182.00000 -101.4806
445218.00000 4368186.00000 -101.4245
445218.00000 4368190.00000 -101.4955
445218.00000 4368194.00000 -100.5675
445218.00000 4368198.00000 -100.0292
445218.00000 4368202.00000 -99.7029
445218.00000 4368206.00000 N.C.
445218.00000 4368210.00000 -99.9031
445218.00000 4368214.00000 -99.7397
445218.00000 4368218.00000 -98.0497
445218.00000 4368222.00000 -98.2518
445218.00000 4368226.00000 N.C.
445218.00000 4368230.00000 N.C.
445218.00000 4368234.00000 N.C.
445218.00000 4368238.00000 N.C.
445218.00000 4368242.00000 N.C.
445218.00000 4368246.00000 N.C.
445218.00000 4368250.00000 -99.1006
445218.00000 4368254.00000 -99.8185
445218.00000 4368258.00000 -99.8953
445218.00000 4368262.00000 -100.2305
445218.00000 4368266.00000 -99.3013
445218.00000 4368270.00000 -98.5837
445218.00000 4368274.00000 N.C.
445218.00000 4368278.00000 -97.3284
445218.00000 4368282.00000 -97.3468
445218.00000 4368286.00000 -97.6472
445218.00000 4368290.00000 -98.2229
445218.00000 4368294.00000 -98.0416
445218.00000 4368298.00000 -98.0371
445218.00000 4368302.00000 N.C.
445218.00000 4368306.00000 N.C.
445218.00000 4368310.00000 N.C.
445218.00000 4368314.00000 -101.0295
445218.00000 4368318.00000 N.C.
445218.00000 4368322.00000 -101.6535
445218.00000 4368326.00000 -101.8549
445218.00000 4368330.00000 -101.5319
445218.00000 4368334.00000 N.C.
445218.00000 4368338.00000 N.C.
445218.00000 4368342.00000 N.C.
445218.00000 4368346.00000 -101.4520
445218.00000 4368350.00000 N.C.
445218.00000 4368354.00000 -110.6341
445218.00000 4368358.00000 -109.8712
445218.00000 4368362.00000 -108.1402
445218.00000 4368366.00000 -107.2775
445218.00000 4368370.00000 N.C.
445218.00000 4368374.00000 N.C.
445218.00000 4368378.00000 N.C.
445218.00000 4368382.00000 N.C.
445218.00000 4368386.00000 -104.2404
445218.00000 4368390.00000 -103.4873
445218.00000 4368394.00000 -103.2018
445222.00000 4367886.00000 -113.0342
445222.00000 4367890.00000 -112.9822
445222.00000 4367894.00000 -112.8738
445222.00000 4367898.00000 -112.8823
445222.00000 4367902.00000 -112.8792
445222.00000 4367906.00000 -112.8789
445222.00000 4367910.00000 -112.7077
445222.00000 4367914.00000 -112.5215
445222.00000 4367918.00000 -112.3221
445222.00000 4367922.00000 -112.1719
445222.00000 4367926.00000 -112.0643
445222.00000 4367930.00000 -111.9307
445222.00000 4367934.00000 -111.7708
445222.00000 4367938.00000 -111.5503
445222.00000 4367942.00000 -111.3648
445222.00000 4367946.00000 -111.3344
445222.00000 4367950.00000 -111.3206
445222.00000 4367954.00000 -111.2956
445222.00000 4367958.00000 -111.0751
445222.00000 4367962.00000 -110.8480
445222.00000 4367966.00000 -110.6294
445222.00000 4367970.00000 -110.4131
445222.00000 4367974.00000 -110.1678
445222.00000 4367978.00000 -109.9409
445222.00000 4367982.00000 -109.7654
445222.00000 4367986.00000 -109.6106
445222.00000 4367990.00000 -109.4360
445222.00000 4367994.00000 -109.2452
445222.00000 4367998.00000 -109.1888
445222.00000 4368002.00000 -109.1473
445222.00000 4368006.00000 -109.0809
445222.00000 4368010.00000 -108.8498
445222.00000 4368014.00000 -108.4238
445222.00000 4368018.00000 -108.0114
445222.00000 4368022.00000 -107.7723
445222.00000 4368026.00000 -107.6828
445222.00000 4368030.00000 -107.5974
445222.00000 4368034.00000 -107.2257
445222.00000 4368038.00000 -106.7964
445222.00000 4368042.00000 -106.5784
445222.00000 4368046.00000 -107.2052
445222.00000 4368050.00000 -108.1301
445222.00000 4368054.00000 -109.2659
445222.00000 4368058.00000 -110.6668
445222.00000 4368062.00000 -110.9932
445222.00000 4368066.00000 N.C.
445222.00000 4368070.00000 N.C.
445222.00000 4368074.00000 N.C.
445222.00000 4368078.00000 N.C.
445222.00000 4368082.00000 -104.0324
445222.00000 4368086.00000 -102.8788
445222.00000 4368090.00000 -102.6509
445222.00000 4368094.00000 -102.5260
445222.00000 4368098.00000 -102.2451
445222.00000 4368102.00000 -101.9470
445222.00000 4368106.00000 -101.4291
445222.00000 4368110.00000 -100.9054
445222.00000 4368114.00000 -100.6092
445222.00000 4368118.00000 N.C.
445222.00000 4368122.00000 N.C.
445222.00000 4368126.00000 -110.1536
445222.00000 4368130.00000 -108.5891
445222.00000 4368134.00000 -107.6749
445222.00000 4368138.00000 N.C.
445222.00000 4368142.00000 N.C.
445222.00000 4368146.00000 -103.7939
445222.00000 4368150.00000 N.C.
445222.00000 4368154.00000 N.C.
445222.00000 4368158.00000 -101.2310
445222.00000 4368162.00000 -101.5228
445222.00000 4368166.00000 -100.6270
445222.00000 4368170.00000 -100.8713
445222.00000 4368174.00000 -101.1790
445222.00000 4368178.00000 -101.2970
445222.00000 4368182.00000 -101.7595
445222.00000 4368186.00000 -101.7399
445222.00000 4368190.00000 -101.4089
445222.00000 4368194.00000 -100.5367
445222.00000 4368198.00000 -99.7719
445222.00000 4368202.00000 N.C.
445222.00000 4368206.00000 N.C.
445222.00000 4368210.00000 -100.6904
445222.00000 4368214.00000 N.C.
445222.00000 4368218.00000 -99.5402
445222.00000 4368222.00000 -99.9790
445222.00000 4368226.00000 N.C.
445222.00000 4368230.00000 -101.8733
445222.00000 4368234.00000 N.C.
445222.00000 4368238.00000 -99.5547
445222.00000 4368242.00000 -99.7117
445222.00000 4368246.00000 -99.7460
445222.00000 4368250.00000 N.C.
445222.00000 4368254.00000 N.C.
445222.00000 4368258.00000 -100.6752
445222.00000 4368262.00000 -101.5382
445222.00000 4368266.00000 -100.8761
445222.00000 4368270.00000 -100.8273
445222.00000 4368274.00000 N.C.
445222.00000 4368278.00000 N.C.
445222.00000 4368282.00000 N.C.
445222.00000 4368286.00000 N.C.
445222.00000 4368290.00000 N.C.
445222.00000 4368294.00000 -98.5609
445222.00000 4368298.00000 -100.0462
445222.00000 4368302.00000 -99.8228
445222.00000 4368306.00000 -100.5539
445222.00000 4368310.00000 -100.4176
445222.00000 4368314.00000 -102.1090
445222.00000 4368318.00000 -102.2488
445222.00000 4368322.00000 N.C.
445222.00000 4368326.00000 N.C.
445222.00000 4368330.00000 -100.2903
445222.00000 4368334.00000 -100.0955
445222.00000 4368338.00000 N.C.
445222.00000 4368342.00000 N.C.
445222.00000 4368346.00000 -100.7556
445222.00000 4368350.00000 N.C.
445222.00000 4368354.00000 -107.1797
445222.00000 4368358.00000 -107.7345
445222.00000 4368362.00000 -106.7115
445222.00000 4368366.00000 -106.2781
445222.00000 4368370.00000 N.C.
445222.00000 4368374.00000 N.C.
445222.00000 4368378.00000 -105.9090
445222.00000 4368382.00000 -104.7019
445222.00000 4368386.00000 -103.6360
445222.00000 4368390.00000 -102.9493
445222.00000 4368394.00000 -102.4754
445226.00000 4367886.00000 -113.2998
445226.00000 4367890.00000 -113.2415
445226.00000 4367894.00000 -113.1182
445226.00000 4367898.00000 -113.1070
445226.00000 4367902.00000 -113.0725
445226.00000 4367906.00000 -112.9986
445226.00000 4367910.00000 -112.7994
445226.00000 4367914.00000 -112.5585
445226.00000 4367918.00000 -112.3489
445226.00000 4367922.00000 -112.1541
445226.00000 4367926.00000 -112.0332
445226.00000 4367930.00000 -111.9017
445226.00000 4367934.00000 -111.7618
445226.00000 4367938.00000 -111.5927
445226.00000 4367942.00000 -111.4111
445226.00000 4367946.00000 -111.3861
445226.00000 4367950.00000 -111.3926
445226.00000 4367954.00000 -111.4215
445226.00000 4367958.00000 -111.2356
445226.00000 4367962.00000 -110.9913
445226.00000 4367966.00000 -110.7892
445226.00000 4367970.00000 -110.6289
445226.00000 4367974.00000 -110.4908
445226.00000 4367978.00000 -110.3086
445226.00000 4367982.00000 -110.1353
445226.00000 4367986.00000 -109.9621
445226.00000 4367990.00000 -109.6591
445226.00000 4367994.00000 -109.3289
445226.00000 4367998.00000 -109.0894
445226.00000 4368002.00000 -109.1701
445226.00000 4368006.00000 -109.2895
445226.00000 4368010.00000 -109.3117
445226.00000 4368014.00000 -108.9784
445226.00000 4368018.00000 -108.5842
445226.00000 4368022.00000 -108.3788
445226.00000 4368026.00000 -108.3162
445226.00000 4368030.00000 -108.2547
445226.00000 4368034.00000 -107.8802
445226.00000 4368038.00000 -107.8501
445226.00000 4368042.00000 -108.1203
445226.00000 4368046.00000 -109.2299
445226.00000 4368050.00000 -110.1067
445226.00000 4368054.00000 -111.2819
445226.00000 4368058.00000 -112.5872
445226.00000 4368062.00000 -113.2620
445226.00000 4368066.00000 -113.6412
445226.00000 4368070.00000 -111.6543
445226.00000 4368074.00000 -109.8787
445226.00000 4368078.00000 -106.3385
445226.00000 4368082.00000 -104.5453
445226.00000 4368086.00000 -103.5393
445226.00000 4368090.00000 -103.3139
445226.00000 4368094.00000 -103.1525
445226.00000 4368098.00000 -102.8756
445226.00000 4368102.00000 -102.4342
445226.00000 4368106.00000 -101.9006
445226.00000 4368110.00000 -102.2191
445226.00000 4368114.00000 -103.6948
445226.00000 4368118.00000 N.C.
445226.00000 4368122.00000 N.C.
445226.00000 4368126.00000 -111.0254
445226.00000 4368130.00000 -107.9264
445226.00000 4368134.00000 -106.9299
445226.00000 4368138.00000 N.C.
445226.00000 4368142.00000 N.C.
445226.00000 4368146.00000 -106.6368
445226.00000 4368150.00000 N.C.
445226.00000 4368154.00000 N.C.
445226.00000 4368158.00000 -103.2620
445226.00000 4368162.00000 N.C.
445226.00000 4368166.00000 N.C.
445226.00000 4368170.00000 N.C.
445226.00000 4368174.00000 N.C.
445226.00000 4368178.00000 N.C.
445226.00000 4368182.00000 -101.4443
445226.00000 4368186.00000 -101.7835
445226.00000 4368190.00000 -101.8476
445226.00000 4368194.00000 -101.1330
445226.00000 4368198.00000 -100.7793
445226.00000 4368202.00000 N.C.
445226.00000 4368206.00000 N.C.
445226.00000 4368210.00000 N.C.
445226.00000 4368214.00000 N.C.
445226.00000 4368218.00000 -101.9290
445226.00000 4368222.00000 N.C.
445226.00000 4368226.00000 N.C.
445226.00000 4368230.00000 -102.5405
445226.00000 4368234.00000 -101.7516
445226.00000 4368238.00000 -100.2164
445226.00000 4368242.00000 -99.6213
445226.00000 4368246.00000 -99.5580
445226.00000 4368250.00000 N.C.
445226.00000 4368254.00000 N.C.
445226.00000 4368258.00000 -103.4027
445226.00000 4368262.00000 -103.6068
445226.00000 4368266.00000 -102.9566
445226.00000 4368270.00000 -103.0023
445226.00000 4368274.00000 N.C.
445226.00000 4368278.00000 N.C.
445226.00000 4368282.00000 -104.2199
445226.00000 4368286.00000 N.C.
445226.00000 4368290.00000 N.C.
445226.00000 4368294.00000 N.C.
445226.00000 4368298.00000 N.C.
445226.00000 4368302.00000 -102.5541
445226.00000 4368306.00000 N.C.
445226.00000 4368310.00000 N.C.
445226.00000 4368314.00000 N.C.
445226.00000 4368318.00000 -102.1575
445226.00000 4368322.00000 -102.0642
445226.00000 4368326.00000 -100.3955
445226.00000 4368330.00000 -100.3032
445226.00000 4368334.00000 -100.2346
445226.00000 4368338.00000 -99.5812
445226.00000 4368342.00000 -99.6453
445226.00000 4368346.00000 -99.8449
445226.00000 4368350.00000 -101.9191
445226.00000 4368354.00000 -103.1988
445226.00000 4368358.00000 -104.1438
445226.00000 4368362.00000 -103.3216
445226.00000 4368366.00000 N.C.
445226.00000 4368370.00000 N.C.
445226.00000 4368374.00000 N.C.
445226.00000 4368378.00000 N.C.
445226.00000 4368382.00000 N.C.
445226.00000 4368386.00000 -103.4689
445226.00000 4368390.00000 -102.7452
445226.00000 4368394.00000 -102.2274
445230.00000 4367886.00000 -113.4029
445230.00000 4367890.00000 -113.3758
445230.00000 4367894.00000 -113.2857
445230.00000 4367898.00000 -113.2888
445230.00000 4367902.00000 -113.2370
445230.00000 4367906.00000 -113.1328
445230.00000 4367910.00000 -112.9308
445230.00000 4367914.00000 -112.6850
445230.00000 4367918.00000 -112.5130
445230.00000 4367922.00000 -112.3363
445230.00000 4367926.00000 -112.2304
445230.00000 4367930.00000 -112.0879
445230.00000 4367934.00000 -111.9913
445230.00000 4367938.00000 -111.8736
445230.00000 4367942.00000 -111.7396
445230.00000 4367946.00000 -111.7067
445230.00000 4367950.00000 -111.7191
445230.00000 4367954.00000 -111.7551
445230.00000 4367958.00000 -111.6216
445230.00000 4367962.00000 -111.3992
445230.00000 4367966.00000 -111.2068
445230.00000 4367970.00000 -111.0345
445230.00000 4367974.00000 -110.7805
445230.00000 4367978.00000 -110.5067
445230.00000 4367982.00000 -110.2634
445230.00000 4367986.00000 -110.2434
445230.00000 4367990.00000 -110.1003
445230.00000 4367994.00000 -109.9035
445230.00000 4367998.00000 -109.6052
445230.00000 4368002.00000 -109.5973
445230.00000 4368006.00000 -109.6098
445230.00000 4368010.00000 -109.6096
445230.00000 4368014.00000 -109.3089
445230.00000 4368018.00000 -108.9570
445230.00000 4368022.00000 -108.8059
445230.00000 4368026.00000 -108.7004
445230.00000 4368030.00000 -109.0102
445230.00000 4368034.00000 -109.1261
445230.00000 4368038.00000 -109.6622
445230.00000 4368042.00000 -109.9413
445230.00000 4368046.00000 -110.8771
445230.00000 4368050.00000 -111.5493
445230.00000 4368054.00000 -111.8917
445230.00000 4368058.00000 -111.8401
445230.00000 4368062.00000 -111.9984
445230.00000 4368066.00000 -111.8123
445230.00000 4368070.00000 -110.4881
445230.00000 4368074.00000 -108.4888
445230.00000 4368078.00000 -106.3173
445230.00000 4368082.00000 -104.9391
445230.00000 4368086.00000 -104.0226
445230.00000 4368090.00000 -103.8368
445230.00000 4368094.00000 -103.7021
445230.00000 4368098.00000 -103.3551
445230.00000 4368102.00000 -102.8692
445230.00000 4368106.00000 -102.4177
445230.00000 4368110.00000 -103.7045
445230.00000 4368114.00000 -106.0209
445230.00000 4368118.00000 -109.6836
445230.00000 4368122.00000 -111.6162
445230.00000 4368126.00000 N.C.
445230.00000 4368130.00000 N.C.
445230.00000 4368134.00000 -107.1062
445230.00000 4368138.00000 N.C.
445230.00000 4368142.00000 N.C.
445230.00000 4368146.00000 -106.6714
445230.00000 4368150.00000 N.C.
445230.00000 4368154.00000 N.C.
445230.00000 4368158.00000 -105.8242
445230.00000 4368162.00000 N.C.
445230.00000 4368166.00000 N.C.
445230.00000 4368170.00000 N.C.
445230.00000 4368174.00000 N.C.
445230.00000 4368178.00000 N.C.
445230.00000 4368182.00000 N.C.
445230.00000 4368186.00000 -103.1813
445230.00000 4368190.00000 N.C.
445230.00000 4368194.00000 -101.7427
445230.00000 4368198.00000 -101.4829
445230.00000 4368202.00000 -100.9883
445230.00000 4368206.00000 -102.3273
445230.00000 4368210.00000 -102.2988
445230.00000 4368214.00000 -102.8482
445230.00000 4368218.00000 -102.5145
445230.00000 4368222.00000 N.C.
445230.00000 4368226.00000 N.C.
445230.00000 4368230.00000 -101.9954
445230.00000 4368234.00000 -101.9542
445230.00000 4368238.00000 N.C.
445230.00000 4368242.00000 N.C.
445230.00000 4368246.00000 -99.4182
445230.00000 4368250.00000 N.C.
445230.00000 4368254.00000 N.C.
445230.00000 4368258.00000 -103.9947
445230.00000 4368262.00000 -103.6659
445230.00000 4368266.00000 -103.2077
445230.00000 4368270.00000 -103.2538
445230.00000 4368274.00000 -103.0021
445230.00000 4368278.00000 N.C.
445230.00000 4368282.00000 -104.2199
445230.00000 4368286.00000 N.C.
445230.00000 4368290.00000 -104.2488
445230.00000 4368294.00000 N.C.
445230.00000 4368298.00000 N.C.
445230.00000 4368302.00000 -107.9241
445230.00000 4368306.00000 -107.8240
445230.00000 4368310.00000 N.C.
445230.00000 4368314.00000 N.C.
445230.00000 4368318.00000 -106.2353
445230.00000 4368322.00000 -103.1032
445230.00000 4368326.00000 -101.1797
445230.00000 4368330.00000 -100.3289
445230.00000 4368334.00000 -100.2415
445230.00000 4368338.00000 -99.9082
445230.00000 4368342.00000 -99.5547
445230.00000 4368346.00000 -99.5545
445230.00000 4368350.00000 -100.2053
445230.00000 4368354.00000 -100.7800
445230.00000 4368358.00000 -101.0973
445230.00000 4368362.00000 -100.7096
445230.00000 4368366.00000 -100.5500
445230.00000 4368370.00000 -100.6067
445230.00000 4368374.00000 -100.8486
445230.00000 4368378.00000 N.C.
445230.00000 4368382.00000 N.C.
445230.00000 4368386.00000 -101.5796
445230.00000 4368390.00000 -101.9190
445230.00000 4368394.00000 -101.7835
445234.00000 4367886.00000 -113.6931
445234.00000 4367890.00000 -113.6923
445234.00000 4367894.00000 -113.6158
445234.00000 4367898.00000 -113.6477
445234.00000 4367902.00000 -113.6015
445234.00000 4367906.00000 -113.4919
445234.00000 4367910.00000 -113.3003
445234.00000 4367914.00000 -113.1065
445234.00000 4367918.00000 -112.9824
445234.00000 4367922.00000 -112.8424
445234.00000 4367926.00000 -112.7507
445234.00000 4367930.00000 -112.6400
445234.00000 4367934.00000 -112.5299
445234.00000 4367938.00000 -112.4045
445234.00000 4367942.00000 -112.2761
445234.00000 4367946.00000 -112.2392
445234.00000 4367950.00000 -112.2013
445234.00000 4367954.00000 -112.1554
445234.00000 4367958.00000 -111.8049
445234.00000 4367962.00000 -111.4449
445234.00000 4367966.00000 -111.2691
445234.00000 4367970.00000 -111.3179
445234.00000 4367974.00000 -111.2029
445234.00000 4367978.00000 -111.0125
445234.00000 4367982.00000 -110.7921
445234.00000 4367986.00000 -110.8329
445234.00000 4367990.00000 -110.6578
445234.00000 4367994.00000 -110.4378
445234.00000 4367998.00000 -110.0870
445234.00000 4368002.00000 -110.0114
445234.00000 4368006.00000 -109.9404
445234.00000 4368010.00000 -109.9242
445234.00000 4368014.00000 -109.7959
445234.00000 4368018.00000 -109.5528
445234.00000 4368022.00000 -109.3087
445234.00000 4368026.00000 -109.2619
445234.00000 4368030.00000 -109.7053
445234.00000 4368034.00000 -110.0824
445234.00000 4368038.00000 -110.8251
445234.00000 4368042.00000 -111.2433
445234.00000 4368046.00000 -111.7792
445234.00000 4368050.00000 -111.6733
445234.00000 4368054.00000 -111.4315
445234.00000 4368058.00000 -111.2897
445234.00000 4368062.00000 -110.8105
445234.00000 4368066.00000 -109.7579
445234.00000 4368070.00000 -107.8474
445234.00000 4368074.00000 -106.1276
445234.00000 4368078.00000 -105.1720
445234.00000 4368082.00000 -104.7917
445234.00000 4368086.00000 -104.5888
445234.00000 4368090.00000 -104.3062
445234.00000 4368094.00000 -104.0380
445234.00000 4368098.00000 -103.6872
445234.00000 4368102.00000 -103.2647
445234.00000 4368106.00000 -102.8748
445234.00000 4368110.00000 -104.5850
445234.00000 4368114.00000 -107.5373
445234.00000 4368118.00000 -111.0633
445234.00000 4368122.00000 -111.8432
445234.00000 4368126.00000 -112.1111
445234.00000 4368130.00000 -108.6441
445234.00000 4368134.00000 -107.7300
445234.00000 4368138.00000 N.C.
445234.00000 4368142.00000 N.C.
445234.00000 4368146.00000 -107.7916
445234.00000 4368150.00000 N.C.
445234.00000 4368154.00000 N.C.
445234.00000 4368158.00000 -106.4985
445234.00000 4368162.00000 N.C.
445234.00000 4368166.00000 N.C.
445234.00000 4368170.00000 N.C.
445234.00000 4368174.00000 -106.6127
445234.00000 4368178.00000 -106.5526
445234.00000 4368182.00000 -105.4202
445234.00000 4368186.00000 N.C.
445234.00000 4368190.00000 N.C.
445234.00000 4368194.00000 -103.2454
445234.00000 4368198.00000 -102.9641
445234.00000 4368202.00000 N.C.
445234.00000 4368206.00000 N.C.
445234.00000 4368210.00000 N.C.
445234.00000 4368214.00000 N.C.
445234.00000 4368218.00000 N.C.
445234.00000 4368222.00000 -103.0683
445234.00000 4368226.00000 -103.2294
445234.00000 4368230.00000 -102.5881
445234.00000 4368234.00000 -103.0126
445234.00000 4368238.00000 N.C.
445234.00000 4368242.00000 N.C.
445234.00000 4368246.00000 N.C.
445234.00000 4368250.00000 N.C.
445234.00000 4368254.00000 -104.5402
445234.00000 4368258.00000 -104.1580
445234.00000 4368262.00000 -103.6587
445234.00000 4368266.00000 -102.9853
445234.00000 4368270.00000 -102.6917
445234.00000 4368274.00000 N.C.
445234.00000 4368278.00000 N.C.
445234.00000 4368282.00000 N.C.
445234.00000 4368286.00000 N.C.
445234.00000 4368290.00000 N.C.
445234.00000 4368294.00000 N.C.
445234.00000 4368298.00000 -107.8005
445234.00000 4368302.00000 -108.2787
445234.00000 4368306.00000 -107.5368
445234.00000 4368310.00000 N.C.
445234.00000 4368314.00000 -106.7151
445234.00000 4368318.00000 N.C.
445234.00000 4368322.00000 -104.1469
445234.00000 4368326.00000 -102.9364
445234.00000 4368330.00000 -101.1974
445234.00000 4368334.00000 -100.9382
445234.00000 4368338.00000 -100.3277
445234.00000 4368342.00000 -100.0234
445234.00000 4368346.00000 -99.6982
445234.00000 4368350.00000 -99.8028
445234.00000 4368354.00000 -99.6806
445234.00000 4368358.00000 -99.4809
445234.00000 4368362.00000 -99.5192
445234.00000 4368366.00000 -99.8561
445234.00000 4368370.00000 -100.3923
445234.00000 4368374.00000 -100.4832
445234.00000 4368378.00000 -100.0925
445234.00000 4368382.00000 -99.9596
445234.00000 4368386.00000 -100.2900
445234.00000 4368390.00000 -100.7619
445234.00000 4368394.00000 -100.9214
445238.00000 4367886.00000 -114.0831
445238.00000 4367890.00000 -114.0905
445238.00000 4367894.00000 -114.0281
445238.00000 4367898.00000 -113.8978
445238.00000 4367902.00000 -113.7797
445238.00000 4367906.00000 -113.6109
445238.00000 4367910.00000 -113.5090
445238.00000 4367914.00000 -113.3568
445238.00000 4367918.00000 -113.3421
445238.00000 4367922.00000 -113.3751
445238.00000 4367926.00000 -113.3920
445238.00000 4367930.00000 -113.0970
445238.00000 4367934.00000 -112.7494
445238.00000 4367938.00000 -112.4037
445238.00000 4367942.00000 -112.2444
445238.00000 4367946.00000 -112.3724
445238.00000 4367950.00000 -112.4633
445238.00000 4367954.00000 -112.5600
445238.00000 4367958.00000 -112.1781
445238.00000 4367962.00000 -111.8735
445238.00000 4367966.00000 -111.7642
445238.00000 4367970.00000 -111.8780
445238.00000 4367974.00000 -111.7537
445238.00000 4367978.00000 -111.5456
445238.00000 4367982.00000 -111.2878
445238.00000 4367986.00000 -111.2690
445238.00000 4367990.00000 -111.1415
445238.00000 4367994.00000 -111.0341
445238.00000 4367998.00000 -110.8384
445238.00000 4368002.00000 -110.6823
445238.00000 4368006.00000 -110.4614
445238.00000 4368010.00000 -110.1941
445238.00000 4368014.00000 -109.9401
445238.00000 4368018.00000 -109.8950
445238.00000 4368022.00000 -109.9428
445238.00000 4368026.00000 -110.2218
445238.00000 4368030.00000 -110.7218
445238.00000 4368034.00000 -111.2749
445238.00000 4368038.00000 -111.7832
445238.00000 4368042.00000 -111.9164
445238.00000 4368046.00000 -111.9306
445238.00000 4368050.00000 -111.7035
445238.00000 4368054.00000 -111.5703
445238.00000 4368058.00000 -111.0409
445238.00000 4368062.00000 -110.1712
445238.00000 4368066.00000 -108.4401
445238.00000 4368070.00000 -107.0437
445238.00000 4368074.00000 -105.9991
445238.00000 4368078.00000 -105.6925
445238.00000 4368082.00000 -105.4411
445238.00000 4368086.00000 -105.1414
445238.00000 4368090.00000 -104.7937
445238.00000 4368094.00000 -104.3826
445238.00000 4368098.00000 -104.0468
445238.00000 4368102.00000 -103.7013
445238.00000 4368106.00000 -103.4842
445238.00000 4368110.00000 N.C.
445238.00000 4368114.00000 N.C.
445238.00000 4368118.00000 N.C.
445238.00000 4368122.00000 N.C.
445238.00000 4368126.00000 N.C.
445238.00000 4368130.00000 N.C.
445238.00000 4368134.00000 -108.6750
445238.00000 4368138.00000 -107.4354
445238.00000 4368142.00000 -107.9458
445238.00000 4368146.00000 -108.6871
445238.00000 4368150.00000 -109.1870
445238.00000 4368154.00000 -107.1396
445238.00000 4368158.00000 -106.6344
445238.00000 4368162.00000 N.C.
445238.00000 4368166.00000 N.C.
445238.00000 4368170.00000 N.C.
445238.00000 4368174.00000 N.C.
445238.00000 4368178.00000 N.C.
445238.00000 4368182.00000 N.C.
445238.00000 4368186.00000 N.C.
445238.00000 4368190.00000 N.C.
445238.00000 4368194.00000 -104.1428
445238.00000 4368198.00000 N.C.
445238.00000 4368202.00000 N.C.
445238.00000 4368206.00000 N.C.
445238.00000 4368210.00000 N.C.
445238.00000 4368214.00000 -100.9754
445238.00000 4368218.00000 -102.2266
445238.00000 4368222.00000 -103.3740
445238.00000 4368226.00000 N.C.
445238.00000 4368230.00000 -102.1284
445238.00000 4368234.00000 N.C.
445238.00000 4368238.00000 N.C.
445238.00000 4368242.00000 N.C.
445238.00000 4368246.00000 -106.8650
445238.00000 4368250.00000 -106.1722
445238.00000 4368254.00000 -105.2221
445238.00000 4368258.00000 -104.4986
445238.00000 4368262.00000 -103.4135
445238.00000 4368266.00000 -102.4302
445238.00000 4368270.00000 -101.8270
445238.00000 4368274.00000 -101.2782
445238.00000 4368278.00000 -101.5242
445238.00000 4368282.00000 -101.8485
445238.00000 4368286.00000 -102.3486
445238.00000 4368290.00000 N.C.
445238.00000 4368294.00000 N.C.
445238.00000 4368298.00000 -107.7141
445238.00000 4368302.00000 -108.0804
445238.00000 4368306.00000 -106.8442
445238.00000 4368310.00000 -106.6352
445238.00000 4368314.00000 -105.3286
445238.00000 4368318.00000 N.C.
445238.00000 4368322.00000 -103.5811
445238.00000 4368326.00000 -102.8231
445238.00000 4368330.00000 -101.2464
445238.00000 4368334.00000 -101.1133
445238.00000 4368338.00000 -100.8523
445238.00000 4368342.00000 N.C.
445238.00000 4368346.00000 -101.4489
445238.00000 4368350.00000 -101.1810
445238.00000 4368354.00000 -100.0934
445238.00000 4368358.00000 -99.6641
445238.00000 4368362.00000 -99.4373
445238.00000 4368366.00000 -99.8150
445238.00000 4368370.00000 -100.3401
445238.00000 4368374.00000 -100.4912
445238.00000 4368378.00000 -100.3065
445238.00000 4368382.00000 -100.0442
445238.00000 4368386.00000 -100.1240
445238.00000 4368390.00000 -100.3722
445238.00000 4368394.00000 -100.7177
445242.00000 4367886.00000 -114.4037
445242.00000 4367890.00000 -114.4426
445242.00000 4367894.00000 -114.4650
445242.00000 4367898.00000 -114.3610
445242.00000 4367902.00000 -114.2822
445242.00000 4367906.00000 -114.1458
445242.00000 4367910.00000 -113.9245
445242.00000 4367914.00000 -113.6289
445242.00000 4367918.00000 -113.4103
445242.00000 4367922.00000 -113.4018
445242.00000 4367926.00000 -113.3982
445242.00000 4367930.00000 -113.2792
445242.00000 4367934.00000 -113.0984
445242.00000 4367938.00000 -112.8916
445242.00000 4367942.00000 -112.7073
445242.00000 4367946.00000 -112.8802
445242.00000 4367950.00000 -113.0191
445242.00000 4367954.00000 -113.1630
445242.00000 4367958.00000 -112.7601
445242.00000 4367962.00000 -112.4307
445242.00000 4367966.00000 -112.2450
445242.00000 4367970.00000 -112.2716
445242.00000 4367974.00000 -112.2083
445242.00000 4367978.00000 -112.1032
445242.00000 4367982.00000 -111.9888
445242.00000 4367986.00000 -111.8772
445242.00000 4367990.00000 -111.5991
445242.00000 4367994.00000 -111.3331
445242.00000 4367998.00000 -111.0519
445242.00000 4368002.00000 -110.8447
445242.00000 4368006.00000 -110.5378
445242.00000 4368010.00000 -110.4116
445242.00000 4368014.00000 -110.4399
445242.00000 4368018.00000 -110.7055
445242.00000 4368022.00000 -110.7918
445242.00000 4368026.00000 -111.1408
445242.00000 4368030.00000 -111.2959
445242.00000 4368034.00000 -111.6976
445242.00000 4368038.00000 -111.8985
445242.00000 4368042.00000 -112.0672
445242.00000 4368046.00000 -112.0886
445242.00000 4368050.00000 -111.9973
445242.00000 4368054.00000 -111.5365
445242.00000 4368058.00000 -110.5171
445242.00000 4368062.00000 -108.8153
445242.00000 4368066.00000 -107.4705
445242.00000 4368070.00000 -106.6152
445242.00000 4368074.00000 -106.3631
445242.00000 4368078.00000 -106.1985
445242.00000 4368082.00000 -105.9953
445242.00000 4368086.00000 -105.6991
445242.00000 4368090.00000 -105.2137
445242.00000 4368094.00000 -104.7259
445242.00000 4368098.00000 -104.3448
445242.00000 4368102.00000 -105.0616
445242.00000 4368106.00000 -105.4529
445242.00000 4368110.00000 N.C.
445242.00000 4368114.00000 N.C.
445242.00000 4368118.00000 N.C.
445242.00000 4368122.00000 -115.0492
445242.00000 4368126.00000 -114.7041
445242.00000 4368130.00000 N.C.
445242.00000 4368134.00000 N.C.
445242.00000 4368138.00000 N.C.
445242.00000 4368142.00000 -109.0058
445242.00000 4368146.00000 -109.6412
445242.00000 4368150.00000 N.C.
445242.00000 4368154.00000 -107.6519
445242.00000 4368158.00000 -107.0457
445242.00000 4368162.00000 -106.5940
445242.00000 4368166.00000 -108.0308
445242.00000 4368170.00000 -106.9973
445242.00000 4368174.00000 N.C.
445242.00000 4368178.00000 N.C.
445242.00000 4368182.00000 N.C.
445242.00000 4368186.00000 N.C.
445242.00000 4368190.00000 N.C.
445242.00000 4368194.00000 N.C.
445242.00000 4368198.00000 N.C.
445242.00000 4368202.00000 N.C.
445242.00000 4368206.00000 N.C.
445242.00000 4368210.00000 N.C.
445242.00000 4368214.00000 -100.3787
445242.00000 4368218.00000 N.C.
445242.00000 4368222.00000 N.C.
445242.00000 4368226.00000 N.C.
445242.00000 4368230.00000 -102.4715
445242.00000 4368234.00000 -102.2453
445242.00000 4368238.00000 N.C.
445242.00000 4368242.00000 N.C.
445242.00000 4368246.00000 N.C.
445242.00000 4368250.00000 N.C.
445242.00000 4368254.00000 -105.4402
445242.00000 4368258.00000 -104.7536
445242.00000 4368262.00000 -103.5850
445242.00000 4368266.00000 -102.4213
445242.00000 4368270.00000 -101.6286
445242.00000 4368274.00000 -101.0175
445242.00000 4368278.00000 -101.0938
445242.00000 4368282.00000 -101.1357
445242.00000 4368286.00000 -101.4190
445242.00000 4368290.00000 N.C.
445242.00000 4368294.00000 N.C.
445242.00000 4368298.00000 -107.8759
445242.00000 4368302.00000 -107.7004
445242.00000 4368306.00000 -106.0193
445242.00000 4368310.00000 -104.4828
445242.00000 4368314.00000 -103.3713
445242.00000 4368318.00000 N.C.
445242.00000 4368322.00000 -102.4220
445242.00000 4368326.00000 -102.0033
445242.00000 4368330.00000 -101.1812
445242.00000 4368334.00000 -101.0385
445242.00000 4368338.00000 -100.9748
445242.00000 4368342.00000 N.C.
445242.00000 4368346.00000 -103.3585
445242.00000 4368350.00000 -102.3394
445242.00000 4368354.00000 -100.3103
445242.00000 4368358.00000 N.C.
445242.00000 4368362.00000 N.C.
445242.00000 4368366.00000 N.C.
445242.00000 4368370.00000 -104.1218
445242.00000 4368374.00000 -103.8841
445242.00000 4368378.00000 -102.1157
445242.00000 4368382.00000 -101.3383
445242.00000 4368386.00000 -100.9853
445242.00000 4368390.00000 -101.0575
445242.00000 4368394.00000 -100.9258
445246.00000 4367886.00000 -114.9249
445246.00000 4367890.00000 -114.8984
445246.00000 4367894.00000 -114.6814
445246.00000 4367898.00000 -114.3443
445246.00000 4367902.00000 -114.0972
445246.00000 4367906.00000 -113.9921
445246.00000 4367910.00000 -113.9238
445246.00000 4367914.00000 -113.7537
445246.00000 4367918.00000 -113.7000
445246.00000 4367922.00000 -113.7084
445246.00000 4367926.00000 -113.7408
445246.00000 4367930.00000 -113.6656
445246.00000 4367934.00000 -113.5831
445246.00000 4367938.00000 -113.4003
445246.00000 4367942.00000 -113.1458
445246.00000 4367946.00000 -113.1463
445246.00000 4367950.00000 -113.1985
445246.00000 4367954.00000 -113.3055
445246.00000 4367958.00000 -113.1057
445246.00000 4367962.00000 -112.9589
445246.00000 4367966.00000 -112.8003
445246.00000 4367970.00000 -112.6501
445246.00000 4367974.00000 -112.4312
445246.00000 4367978.00000 -112.2503
445246.00000 4367982.00000 -112.0678
445246.00000 4367986.00000 -111.9101
445246.00000 4367990.00000 -111.6850
445246.00000 4367994.00000 -111.4475
445246.00000 4367998.00000 -111.1338
445246.00000 4368002.00000 -111.1009
445246.00000 4368006.00000 -111.1127
445246.00000 4368010.00000 -111.3618
445246.00000 4368014.00000 -111.4236
445246.00000 4368018.00000 -111.8226
445246.00000 4368022.00000 -112.0148
445246.00000 4368026.00000 -112.1436
445246.00000 4368030.00000 -111.9554
445246.00000 4368034.00000 -112.0499
445246.00000 4368038.00000 -112.1802
445246.00000 4368042.00000 -112.1781
445246.00000 4368046.00000 -111.6345
445246.00000 4368050.00000 -111.1398
445246.00000 4368054.00000 -110.3787
445246.00000 4368058.00000 -109.2881
445246.00000 4368062.00000 -108.0402
445246.00000 4368066.00000 -107.1450
445246.00000 4368070.00000 -106.9087
445246.00000 4368074.00000 -106.8308
445246.00000 4368078.00000 -106.6885
445246.00000 4368082.00000 -106.4570
445246.00000 4368086.00000 -106.1053
445246.00000 4368090.00000 -105.6852
445246.00000 4368094.00000 -105.1993
445246.00000 4368098.00000 -104.7526
445246.00000 4368102.00000 -106.4896
445246.00000 4368106.00000 -107.4185
445246.00000 4368110.00000 N.C.
445246.00000 4368114.00000 N.C.
445246.00000 4368118.00000 N.C.
445246.00000 4368122.00000 -114.3714
445246.00000 4368126.00000 -114.1675
445246.00000 4368130.00000 -113.5803
445246.00000 4368134.00000 N.C.
445246.00000 4368138.00000 N.C.
445246.00000 4368142.00000 -110.0412
445246.00000 4368146.00000 -110.8492
445246.00000 4368150.00000 N.C.
445246.00000 4368154.00000 N.C.
445246.00000 4368158.00000 N.C.
445246.00000 4368162.00000 N.C.
445246.00000 4368166.00000 N.C.
445246.00000 4368170.00000 N.C.
445246.00000 4368174.00000 -106.5681
445246.00000 4368178.00000 -104.7207
445246.00000 4368182.00000 -104.4036
445246.00000 4368186.00000 -103.2020
445246.00000 4368190.00000 -102.6543
445246.00000 4368194.00000 N.C.
445246.00000 4368198.00000 N.C.
445246.00000 4368202.00000 N.C.
445246.00000 4368206.00000 N.C.
445246.00000 4368210.00000 N.C.
445246.00000 4368214.00000 -99.6998
445246.00000 4368218.00000 N.C.
445246.00000 4368222.00000 N.C.
445246.00000 4368226.00000 N.C.
445246.00000 4368230.00000 -102.1265
445246.00000 4368234.00000 -101.9573
445246.00000 4368238.00000 -101.9297
445246.00000 4368242.00000 -101.4063
445246.00000 4368246.00000 N.C.
445246.00000 4368250.00000 N.C.
445246.00000 4368254.00000 -105.9198
445246.00000 4368258.00000 -104.8707
445246.00000 4368262.00000 -103.3955
445246.00000 4368266.00000 -102.2060
445246.00000 4368270.00000 -101.4950
445246.00000 4368274.00000 -100.7082
445246.00000 4368278.00000 -100.1904
445246.00000 4368282.00000 -99.6620
445246.00000 4368286.00000 -99.5794
445246.00000 4368290.00000 N.C.
445246.00000 4368294.00000 N.C.
445246.00000 4368298.00000 -108.5049
445246.00000 4368302.00000 N.C.
445246.00000 4368306.00000 N.C.
445246.00000 4368310.00000 N.C.
445246.00000 4368314.00000 -103.1844
445246.00000 4368318.00000 N.C.
445246.00000 4368322.00000 -101.4832
445246.00000 4368326.00000 -101.3038
445246.00000 4368330.00000 -101.0707
445246.00000 4368334.00000 -100.9090
445246.00000 4368338.00000 -100.8910
445246.00000 4368342.00000 N.C.
445246.00000 4368346.00000 -104.3890
445246.00000 4368350.00000 -103.4188
445246.00000 4368354.00000 -100.5974
445246.00000 4368358.00000 N.C.
445246.00000 4368362.00000 N.C.
445246.00000 4368366.00000 N.C.
445246.00000 4368370.00000 -108.7086
445246.00000 4368374.00000 -107.1308
445246.00000 4368378.00000 -103.3659
445246.00000 4368382.00000 -102.6566
445246.00000 4368386.00000 -102.1094
445246.00000 4368390.00000 -102.3197
445246.00000 4368394.00000 -101.9454
445250.00000 4367886.00000 -114.7935
445250.00000 4367890.00000 -114.9003
445250.00000 4367894.00000 -114.8111
445250.00000 4367898.00000 -114.6720
445250.00000 4367902.00000 -114.4050
445250.00000 4367906.00000 -114.3040
445250.00000 4367910.00000 -114.1964
445250.00000 4367914.00000 -114.0681
445250.00000 4367918.00000 -113.9581
445250.00000 4367922.00000 -113.8157
445250.00000 4367926.00000 -113.6989
445250.00000 4367930.00000 -113.7959
445250.00000 4367934.00000 -113.9626
445250.00000 4367938.00000 -114.0215
445250.00000 4367942.00000 -113.7899
445250.00000 4367946.00000 -113.6040
445250.00000 4367950.00000 -113.4945
445250.00000 4367954.00000 -113.4199
445250.00000 4367958.00000 -113.2269
445250.00000 4367962.00000 -113.0231
445250.00000 4367966.00000 -112.7731
445250.00000 4367970.00000 -112.6054
445250.00000 4367974.00000 -112.3877
445250.00000 4367978.00000 -112.2835
445250.00000 4367982.00000 -112.0981
445250.00000 4367986.00000 -111.9812
445250.00000 4367990.00000 -111.7304
445250.00000 4367994.00000 -111.6942
445250.00000 4367998.00000 -111.6389
445250.00000 4368002.00000 -111.9078
445250.00000 4368006.00000 -111.9429
445250.00000 4368010.00000 -112.3095
445250.00000 4368014.00000 -112.4118
445250.00000 4368018.00000 -112.7960
445250.00000 4368022.00000 -112.6869
445250.00000 4368026.00000 -112.5567
445250.00000 4368030.00000 -112.2573
445250.00000 4368034.00000 -112.2216
445250.00000 4368038.00000 -112.1835
445250.00000 4368042.00000 -111.7159
445250.00000 4368046.00000 -110.8517
445250.00000 4368050.00000 -110.1585
445250.00000 4368054.00000 -109.2684
445250.00000 4368058.00000 -108.5761
445250.00000 4368062.00000 -107.7159
445250.00000 4368066.00000 -107.4410
445250.00000 4368070.00000 -107.3570
445250.00000 4368074.00000 -107.2762
445250.00000 4368078.00000 -107.0903
445250.00000 4368082.00000 -106.7729
445250.00000 4368086.00000 -106.4243
445250.00000 4368090.00000 -106.0569
445250.00000 4368094.00000 -105.5543
445250.00000 4368098.00000 -105.7889
445250.00000 4368102.00000 -108.3833
445250.00000 4368106.00000 -110.1105
445250.00000 4368110.00000 N.C.
445250.00000 4368114.00000 N.C.
445250.00000 4368118.00000 N.C.
445250.00000 4368122.00000 -113.3083
445250.00000 4368126.00000 -113.3864
445250.00000 4368130.00000 -113.2441
445250.00000 4368134.00000 N.C.
445250.00000 4368138.00000 N.C.
445250.00000 4368142.00000 N.C.
445250.00000 4368146.00000 -112.1778
445250.00000 4368150.00000 -113.1067
445250.00000 4368154.00000 -113.3213
445250.00000 4368158.00000 -112.3813
445250.00000 4368162.00000 N.C.
445250.00000 4368166.00000 N.C.
445250.00000 4368170.00000 N.C.
445250.00000 4368174.00000 N.C.
445250.00000 4368178.00000 N.C.
445250.00000 4368182.00000 N.C.
445250.00000 4368186.00000 N.C.
445250.00000 4368190.00000 N.C.
445250.00000 4368194.00000 -102.1519
445250.00000 4368198.00000 -101.8224
445250.00000 4368202.00000 -101.6637
445250.00000 4368206.00000 -100.7036
445250.00000 4368210.00000 -99.6493
445250.00000 4368214.00000 -99.6456
445250.00000 4368218.00000 -99.5557
445250.00000 4368222.00000 N.C.
445250.00000 4368226.00000 N.C.
445250.00000 4368230.00000 -102.1087
445250.00000 4368234.00000 -101.8890
445250.00000 4368238.00000 -101.9089
445250.00000 4368242.00000 -101.8371
445250.00000 4368246.00000 N.C.
445250.00000 4368250.00000 -106.0620
445250.00000 4368254.00000 -105.5760
445250.00000 4368258.00000 -104.6049
445250.00000 4368262.00000 -103.4315
445250.00000 4368266.00000 -102.2882
445250.00000 4368270.00000 -101.3899
445250.00000 4368274.00000 -100.5384
445250.00000 4368278.00000 -99.9970
445250.00000 4368282.00000 -99.4844
445250.00000 4368286.00000 -99.5554
445250.00000 4368290.00000 N.C.
445250.00000 4368294.00000 -108.4140
445250.00000 4368298.00000 -108.3647
445250.00000 4368302.00000 -107.4748
445250.00000 4368306.00000 N.C.
445250.00000 4368310.00000 N.C.
445250.00000 4368314.00000 N.C.
445250.00000 4368318.00000 N.C.
445250.00000 4368322.00000 -101.5101
445250.00000 4368326.00000 -101.2103
445250.00000 4368330.00000 -100.9799
445250.00000 4368334.00000 -100.8366
445250.00000 4368338.00000 -100.8118
445250.00000 4368342.00000 N.C.
445250.00000 4368346.00000 -104.0045
445250.00000 4368350.00000 -103.5088
445250.00000 4368354.00000 N.C.
445250.00000 4368358.00000 N.C.
445250.00000 4368362.00000 N.C.
445250.00000 4368366.00000 N.C.
445250.00000 4368370.00000 -112.8871
445250.00000 4368374.00000 N.C.
445250.00000 4368378.00000 N.C.
445250.00000 4368382.00000 N.C.
445250.00000 4368386.00000 -104.7237
445250.00000 4368390.00000 -104.6551
445250.00000 4368394.00000 -103.6640
445254.00000 4367886.00000 -115.0336
445254.00000 4367890.00000 -115.0443
445254.00000 4367894.00000 -114.8568
445254.00000 4367898.00000 -114.6947
445254.00000 4367902.00000 -114.4195
445254.00000 4367906.00000 -114.2818
445254.00000 4367910.00000 -114.3104
445254.00000 4367914.00000 -114.3439
445254.00000 4367918.00000 -114.4409
445254.00000 4367922.00000 -114.3037
445254.00000 4367926.00000 -114.2033
445254.00000 4367930.00000 -114.1253
445254.00000 4367934.00000 -114.0879
445254.00000 4367938.00000 -113.9773
445254.00000 4367942.00000 -113.7291
445254.00000 4367946.00000 -113.4746
445254.00000 4367950.00000 -113.2981
445254.00000 4367954.00000 -113.2265
445254.00000 4367958.00000 -113.1231
445254.00000 4367962.00000 -113.0328
445254.00000 4367966.00000 -112.8311
445254.00000 4367970.00000 -112.7582
445254.00000 4367974.00000 -112.5955
445254.00000 4367978.00000 -112.5390
445254.00000 4367982.00000 -112.2503
445254.00000 4367986.00000 -112.2155
445254.00000 4367990.00000 -112.0589
445254.00000 4367994.00000 -112.3124
445254.00000 4367998.00000 -112.3738
445254.00000 4368002.00000 -112.7273
445254.00000 4368006.00000 -112.8662
445254.00000 4368010.00000 -113.0485
445254.00000 4368014.00000 -112.8418
445254.00000 4368018.00000 -112.9049
445254.00000 4368022.00000 -112.8274
445254.00000 4368026.00000 -112.7815
445254.00000 4368030.00000 -112.4878
445254.00000 4368034.00000 -112.2479
445254.00000 4368038.00000 -111.8524
445254.00000 4368042.00000 -111.0126
445254.00000 4368046.00000 -109.9269
445254.00000 4368050.00000 -109.0686
445254.00000 4368054.00000 -108.5281
445254.00000 4368058.00000 -108.2101
445254.00000 4368062.00000 -107.9639
445254.00000 4368066.00000 -107.7321
445254.00000 4368070.00000 -107.6676
445254.00000 4368074.00000 -107.5058
445254.00000 4368078.00000 -107.3278
445254.00000 4368082.00000 -107.0137
445254.00000 4368086.00000 -106.7623
445254.00000 4368090.00000 -106.4481
445254.00000 4368094.00000 -105.9978
445254.00000 4368098.00000 -106.8855
445254.00000 4368102.00000 -109.2728
445254.00000 4368106.00000 -112.1695
445254.00000 4368110.00000 N.C.
445254.00000 4368114.00000 N.C.
445254.00000 4368118.00000 N.C.
445254.00000 4368122.00000 N.C.
445254.00000 4368126.00000 N.C.
445254.00000 4368130.00000 -113.3403
445254.00000 4368134.00000 N.C.
445254.00000 4368138.00000 N.C.
445254.00000 4368142.00000 N.C.
445254.00000 4368146.00000 -112.5560
445254.00000 4368150.00000 -112.6320
445254.00000 4368154.00000 -112.3120
445254.00000 4368158.00000 -111.4487
445254.00000 4368162.00000 N.C.
445254.00000 4368166.00000 N.C.
445254.00000 4368170.00000 N.C.
445254.00000 4368174.00000 N.C.
445254.00000 4368178.00000 N.C.
445254.00000 4368182.00000 N.C.
445254.00000 4368186.00000 N.C.
445254.00000 4368190.00000 N.C.
445254.00000 4368194.00000 N.C.
445254.00000 4368198.00000 -103.2709
445254.00000 4368202.00000 -102.2419
445254.00000 4368206.00000 N.C.
445254.00000 4368210.00000 N.C.
445254.00000 4368214.00000 -99.8569
445254.00000 4368218.00000 -99.7490
445254.00000 4368222.00000 -99.5928
445254.00000 4368226.00000 N.C.
445254.00000 4368230.00000 N.C.
445254.00000 4368234.00000 N.C.
445254.00000 4368238.00000 N.C.
445254.00000 4368242.00000 -102.9702
445254.00000 4368246.00000 N.C.
445254.00000 4368250.00000 -105.1838
445254.00000 4368254.00000 -104.6589
445254.00000 4368258.00000 -103.5868
445254.00000 4368262.00000 -102.6459
445254.00000 4368266.00000 -101.8298
445254.00000 4368270.00000 -101.1768
445254.00000 4368274.00000 -100.4024
445254.00000 4368278.00000 N.C.
445254.00000 4368282.00000 N.C.
445254.00000 4368286.00000 N.C.
445254.00000 4368290.00000 N.C.
445254.00000 4368294.00000 -108.2702
445254.00000 4368298.00000 -107.9257
445254.00000 4368302.00000 -106.6525
445254.00000 4368306.00000 -105.2950
445254.00000 4368310.00000 -103.8386
445254.00000 4368314.00000 N.C.
445254.00000 4368318.00000 -103.0933
445254.00000 4368322.00000 -102.3393
445254.00000 4368326.00000 -101.9635
445254.00000 4368330.00000 -101.5475
445254.00000 4368334.00000 -101.2831
445254.00000 4368338.00000 -101.3778
445254.00000 4368342.00000 N.C.
445254.00000 4368346.00000 -102.4810
445254.00000 4368350.00000 -102.7197
445254.00000 4368354.00000 N.C.
445254.00000 4368358.00000 N.C.
445254.00000 4368362.00000 N.C.
445254.00000 4368366.00000 N.C.
445254.00000 4368370.00000 -110.3105
445254.00000 4368374.00000 N.C.
445254.00000 4368378.00000 N.C.
445254.00000 4368382.00000 N.C.
445254.00000 4368386.00000 -108.0932
445254.00000 4368390.00000 -107.2394
445254.00000 4368394.00000 -106.0230
445258.00000 4367886.00000 -114.7997
445258.00000 4367890.00000 -114.8492
445258.00000 4367894.00000 -114.9231
445258.00000 4367898.00000 -115.0245
445258.00000 4367902.00000 -114.9724
445258.00000 4367906.00000 -114.8223
445258.00000 4367910.00000 -114.6954
445258.00000 4367914.00000 -114.5774
445258.00000 4367918.00000 -114.5087
445258.00000 4367922.00000 -114.3469
445258.00000 4367926.00000 -114.2167
445258.00000 4367930.00000 -114.0696
445258.00000 4367934.00000 -114.0096
445258.00000 4367938.00000 -113.9312
445258.00000 4367942.00000 -113.8212
445258.00000 4367946.00000 -113.6547
445258.00000 4367950.00000 -113.5312
445258.00000 4367954.00000 -113.4464
445258.00000 4367958.00000 -113.3184
445258.00000 4367962.00000 -113.1599
445258.00000 4367966.00000 -112.9368
445258.00000 4367970.00000 -112.8854
445258.00000 4367974.00000 -112.7468
445258.00000 4367978.00000 -112.8310
445258.00000 4367982.00000 -112.6161
445258.00000 4367986.00000 -112.7392
445258.00000 4367990.00000 -112.5896
445258.00000 4367994.00000 -112.8262
445258.00000 4367998.00000 -112.9994
445258.00000 4368002.00000 -113.2215
445258.00000 4368006.00000 -113.2304
445258.00000 4368010.00000 -112.9608
445258.00000 4368014.00000 -112.7147
445258.00000 4368018.00000 -112.7120
445258.00000 4368022.00000 -112.7042
445258.00000 4368026.00000 -112.6770
445258.00000 4368030.00000 -112.4760
445258.00000 4368034.00000 -112.0121
445258.00000 4368038.00000 -111.2907
445258.00000 4368042.00000 -110.2292
445258.00000 4368046.00000 -109.4883
445258.00000 4368050.00000 -108.9486
445258.00000 4368054.00000 -108.6586
445258.00000 4368058.00000 -108.3711
445258.00000 4368062.00000 -108.2619
445258.00000 4368066.00000 -108.1009
445258.00000 4368070.00000 -108.0074
445258.00000 4368074.00000 -107.7374
445258.00000 4368078.00000 -107.5013
445258.00000 4368082.00000 -107.2341
445258.00000 4368086.00000 -107.0245
445258.00000 4368090.00000 -106.7009
445258.00000 4368094.00000 -106.6281
445258.00000 4368098.00000 -108.3112
445258.00000 4368102.00000 -110.5522
445258.00000 4368106.00000 -113.2260
445258.00000 4368110.00000 -115.0605
445258.00000 4368114.00000 -117.4187
445258.00000 4368118.00000 -118.2024
445258.00000 4368122.00000 N.C.
445258.00000 4368126.00000 N.C.
445258.00000 4368130.00000 -113.5456
445258.00000 4368134.00000 N.C.
445258.00000 4368138.00000 -113.6548
445258.00000 4368142.00000 N.C.
445258.00000 4368146.00000 -112.5542
445258.00000 4368150.00000 -112.4155
445258.00000 4368154.00000 -111.9984
445258.00000 4368158.00000 -111.1909
445258.00000 4368162.00000 N.C.
445258.00000 4368166.00000 N.C.
445258.00000 4368170.00000 N.C.
445258.00000 4368174.00000 N.C.
445258.00000 4368178.00000 N.C.
445258.00000 4368182.00000 N.C.
445258.00000 4368186.00000 N.C.
445258.00000 4368190.00000 -108.5468
445258.00000 4368194.00000 -106.9721
445258.00000 4368198.00000 -104.7100
445258.00000 4368202.00000 -103.3915
445258.00000 4368206.00000 N.C.
445258.00000 4368210.00000 N.C.
445258.00000 4368214.00000 N.C.
445258.00000 4368218.00000 N.C.
445258.00000 4368222.00000 N.C.
445258.00000 4368226.00000 N.C.
445258.00000 4368230.00000 -105.1337
445258.00000 4368234.00000 -104.8829
445258.00000 4368238.00000 -104.1242
445258.00000 4368242.00000 -104.0398
445258.00000 4368246.00000 N.C.
445258.00000 4368250.00000 -103.8311
445258.00000 4368254.00000 -103.6296
445258.00000 4368258.00000 -102.7923
445258.00000 4368262.00000 -102.4191
445258.00000 4368266.00000 -101.6375
445258.00000 4368270.00000 -101.0788
445258.00000 4368274.00000 -100.4255
445258.00000 4368278.00000 -99.6574
445258.00000 4368282.00000 -99.3991
445258.00000 4368286.00000 N.C.
445258.00000 4368290.00000 N.C.
445258.00000 4368294.00000 -107.7057
445258.00000 4368298.00000 -106.9501
445258.00000 4368302.00000 -105.6546
445258.00000 4368306.00000 -104.2658
445258.00000 4368310.00000 -103.6792
445258.00000 4368314.00000 N.C.
445258.00000 4368318.00000 N.C.
445258.00000 4368322.00000 -103.4007
445258.00000 4368326.00000 -103.1512
445258.00000 4368330.00000 N.C.
445258.00000 4368334.00000 -101.3902
445258.00000 4368338.00000 -101.3135
445258.00000 4368342.00000 -101.4089
445258.00000 4368346.00000 -101.3405
445258.00000 4368350.00000 -101.3716
445258.00000 4368354.00000 N.C.
445258.00000 4368358.00000 N.C.
445258.00000 4368362.00000 N.C.
445258.00000 4368366.00000 N.C.
445258.00000 4368370.00000 -107.6165
445258.00000 4368374.00000 -107.6929
445258.00000 4368378.00000 -107.0575
445258.00000 4368382.00000 N.C.
445258.00000 4368386.00000 -110.8949
445258.00000 4368390.00000 -109.6385
445258.00000 4368394.00000 -108.3769
445262.00000 4367886.00000 -115.3329
445262.00000 4367890.00000 -115.2487
445262.00000 4367894.00000 -115.1898
445262.00000 4367898.00000 -115.1325
445262.00000 4367902.00000 -115.0649
445262.00000 4367906.00000 -114.8930
445262.00000 4367910.00000 -114.7485
445262.00000 4367914.00000 -114.5995
445262.00000 4367918.00000 -114.5476
445262.00000 4367922.00000 -114.4644
445262.00000 4367926.00000 -114.4204
445262.00000 4367930.00000 -114.2799
445262.00000 4367934.00000 -114.1656
445262.00000 4367938.00000 -114.0374
445262.00000 4367942.00000 -113.9073
445262.00000 4367946.00000 -113.7310
445262.00000 4367950.00000 -113.5693
445262.00000 4367954.00000 -113.5041
445262.00000 4367958.00000 -113.4321
445262.00000 4367962.00000 -113.3474
445262.00000 4367966.00000 -113.1086
445262.00000 4367970.00000 -112.8816
445262.00000 4367974.00000 -112.5268
445262.00000 4367978.00000 -112.6641
445262.00000 4367982.00000 -112.6972
445262.00000 4367986.00000 -113.0929
445262.00000 4367990.00000 -113.1011
445262.00000 4367994.00000 -113.2022
445262.00000 4367998.00000 -113.1657
445262.00000 4368002.00000 -112.9643
445262.00000 4368006.00000 -112.9764
445262.00000 4368010.00000 -112.7524
445262.00000 4368014.00000 -112.7316
445262.00000 4368018.00000 -112.5957
445262.00000 4368022.00000 -112.5848
445262.00000 4368026.00000 -112.2176
445262.00000 4368030.00000 -111.8928
445262.00000 4368034.00000 -111.2250
445262.00000 4368038.00000 -110.6041
445262.00000 4368042.00000 -109.8344
445262.00000 4368046.00000 -109.3921
445262.00000 4368050.00000 -109.0962
445262.00000 4368054.00000 -108.8590
445262.00000 4368058.00000 -108.6276
445262.00000 4368062.00000 -108.5640
445262.00000 4368066.00000 -108.3564
445262.00000 4368070.00000 -108.2105
445262.00000 4368074.00000 -107.9232
445262.00000 4368078.00000 -107.7194
445262.00000 4368082.00000 -107.4717
445262.00000 4368086.00000 -107.2525
445262.00000 4368090.00000 -106.9427
445262.00000 4368094.00000 -107.6550
445262.00000 4368098.00000 -109.5562
445262.00000 4368102.00000 -111.7054
445262.00000 4368106.00000 -113.4965
445262.00000 4368110.00000 -114.7143
445262.00000 4368114.00000 -116.1948
445262.00000 4368118.00000 -116.6734
445262.00000 4368122.00000 -116.2574
445262.00000 4368126.00000 -114.2227
445262.00000 4368130.00000 -113.2543
445262.00000 4368134.00000 -113.0304
445262.00000 4368138.00000 -113.4812
445262.00000 4368142.00000 N.C.
445262.00000 4368146.00000 N.C.
445262.00000 4368150.00000 N.C.
445262.00000 4368154.00000 N.C.
445262.00000 4368158.00000 N.C.
445262.00000 4368162.00000 N.C.
445262.00000 4368166.00000 N.C.
445262.00000 4368170.00000 N.C.
445262.00000 4368174.00000 N.C.
445262.00000 4368178.00000 N.C.
445262.00000 4368182.00000 N.C.
445262.00000 4368186.00000 N.C.
445262.00000 4368190.00000 -107.9890
445262.00000 4368194.00000 -107.1552
445262.00000 4368198.00000 -105.1628
445262.00000 4368202.00000 -103.5287
445262.00000 4368206.00000 -103.4460
445262.00000 4368210.00000 -104.3051
445262.00000 4368214.00000 N.C.
445262.00000 4368218.00000 N.C.
445262.00000 4368222.00000 N.C.
445262.00000 4368226.00000 N.C.
445262.00000 4368230.00000 N.C.
445262.00000 4368234.00000 N.C.
445262.00000 4368238.00000 -105.2113
445262.00000 4368242.00000 N.C.
445262.00000 4368246.00000 N.C.
445262.00000 4368250.00000 -103.6500
445262.00000 4368254.00000 -103.1529
445262.00000 4368258.00000 -102.4076
445262.00000 4368262.00000 -102.1052
445262.00000 4368266.00000 -101.2720
445262.00000 4368270.00000 -100.8241
445262.00000 4368274.00000 N.C.
445262.00000 4368278.00000 N.C.
445262.00000 4368282.00000 -100.3803
445262.00000 4368286.00000 N.C.
445262.00000 4368290.00000 N.C.
445262.00000 4368294.00000 -107.5283
445262.00000 4368298.00000 -106.5871
445262.00000 4368302.00000 -105.2991
445262.00000 4368306.00000 -103.8107
445262.00000 4368310.00000 -103.1562
445262.00000 4368314.00000 N.C.
445262.00000 4368318.00000 N.C.
445262.00000 4368322.00000 N.C.
445262.00000 4368326.00000 -108.8933
445262.00000 4368330.00000 N.C.
445262.00000 4368334.00000 -103.1602
445262.00000 4368338.00000 -101.3553
445262.00000 4368342.00000 -100.7541
445262.00000 4368346.00000 -100.6469
445262.00000 4368350.00000 -101.7405
445262.00000 4368354.00000 -103.3861
445262.00000 4368358.00000 -106.5034
445262.00000 4368362.00000 -107.2505
445262.00000 4368366.00000 -107.2195
445262.00000 4368370.00000 -106.7672
445262.00000 4368374.00000 -107.1954
445262.00000 4368378.00000 -107.4171
445262.00000 4368382.00000 N.C.
445262.00000 4368386.00000 -109.6846
445262.00000 4368390.00000 -109.3495
445262.00000 4368394.00000 -108.7436
445266.00000 4367886.00000 -115.3125
445266.00000 4367890.00000 -115.2647
445266.00000 4367894.00000 -115.1878
445266.00000 4367898.00000 -115.1028
445266.00000 4367902.00000 -115.0492
445266.00000 4367906.00000 -114.9465
445266.00000 4367910.00000 -114.8426
445266.00000 4367914.00000 -114.6844
445266.00000 4367918.00000 -114.5673
445266.00000 4367922.00000 -114.4524
445266.00000 4367926.00000 -114.3364
445266.00000 4367930.00000 -114.1929
445266.00000 4367934.00000 -114.1104
445266.00000 4367938.00000 -114.0259
445266.00000 4367942.00000 -113.9025
445266.00000 4367946.00000 -113.7416
445266.00000 4367950.00000 -113.6034
445266.00000 4367954.00000 -113.5289
445266.00000 4367958.00000 -113.3894
445266.00000 4367962.00000 -113.1766
445266.00000 4367966.00000 -112.8697
445266.00000 4367970.00000 -112.6214
445266.00000 4367974.00000 -112.4702
445266.00000 4367978.00000 -112.8975
445266.00000 4367982.00000 -113.1902
445266.00000 4367986.00000 -113.5763
445266.00000 4367990.00000 -113.5183
445266.00000 4367994.00000 -113.4645
445266.00000 4367998.00000 -113.2519
445266.00000 4368002.00000 -113.0036
445266.00000 4368006.00000 -112.9895
445266.00000 4368010.00000 -112.9370
445266.00000 4368014.00000 -112.9257
445266.00000 4368018.00000 -112.7614
445266.00000 4368022.00000 -112.4082
445266.00000 4368026.00000 -111.7649
445266.00000 4368030.00000 -111.2844
445266.00000 4368034.00000 -110.7120
445266.00000 4368038.00000 -110.3245
445266.00000 4368042.00000 -109.7714
445266.00000 4368046.00000 -109.5667
445266.00000 4368050.00000 -109.3366
445266.00000 4368054.00000 -109.2180
445266.00000 4368058.00000 -109.0183
445266.00000 4368062.00000 -108.8427
445266.00000 4368066.00000 -108.6447
445266.00000 4368070.00000 -108.4891
445266.00000 4368074.00000 -108.2868
445266.00000 4368078.00000 -108.0097
445266.00000 4368082.00000 -107.7538
445266.00000 4368086.00000 -107.4698
445266.00000 4368090.00000 -107.1167
445266.00000 4368094.00000 -108.4868
445266.00000 4368098.00000 -110.5900
445266.00000 4368102.00000 -112.7099
445266.00000 4368106.00000 -113.1554
445266.00000 4368110.00000 -113.4272
445266.00000 4368114.00000 -114.0030
445266.00000 4368118.00000 -114.7214
445266.00000 4368122.00000 -114.8049
445266.00000 4368126.00000 -113.7170
445266.00000 4368130.00000 -112.8210
445266.00000 4368134.00000 -112.2439
445266.00000 4368138.00000 -112.9337
445266.00000 4368142.00000 -113.3447
445266.00000 4368146.00000 -113.8718
445266.00000 4368150.00000 -113.6540
445266.00000 4368154.00000 -113.7346
445266.00000 4368158.00000 -113.8341
445266.00000 4368162.00000 -114.1341
445266.00000 4368166.00000 -114.0630
445266.00000 4368170.00000 N.C.
445266.00000 4368174.00000 N.C.
445266.00000 4368178.00000 N.C.
445266.00000 4368182.00000 N.C.
445266.00000 4368186.00000 N.C.
445266.00000 4368190.00000 -106.8022
445266.00000 4368194.00000 -106.3791
445266.00000 4368198.00000 -105.0979
445266.00000 4368202.00000 -103.7562
445266.00000 4368206.00000 -103.3907
445266.00000 4368210.00000 N.C.
445266.00000 4368214.00000 N.C.
445266.00000 4368218.00000 -113.3932
445266.00000 4368222.00000 N.C.
445266.00000 4368226.00000 N.C.
445266.00000 4368230.00000 N.C.
445266.00000 4368234.00000 -106.2851
445266.00000 4368238.00000 -106.1914
445266.00000 4368242.00000 N.C.
445266.00000 4368246.00000 -105.0533
445266.00000 4368250.00000 -104.1593
445266.00000 4368254.00000 -103.4801
445266.00000 4368258.00000 -102.7037
445266.00000 4368262.00000 -102.2210
445266.00000 4368266.00000 -102.6047
445266.00000 4368270.00000 -102.8057
445266.00000 4368274.00000 N.C.
445266.00000 4368278.00000 N.C.
445266.00000 4368282.00000 -101.0083
445266.00000 4368286.00000 N.C.
445266.00000 4368290.00000 -106.6192
445266.00000 4368294.00000 -106.7635
445266.00000 4368298.00000 -106.0440
445266.00000 4368302.00000 -105.0607
445266.00000 4368306.00000 -103.9611
445266.00000 4368310.00000 -103.2737
445266.00000 4368314.00000 N.C.
445266.00000 4368318.00000 -114.0378
445266.00000 4368322.00000 -112.6167
445266.00000 4368326.00000 N.C.
445266.00000 4368330.00000 -108.1473
445266.00000 4368334.00000 N.C.
445266.00000 4368338.00000 -103.0669
445266.00000 4368342.00000 -101.3894
445266.00000 4368346.00000 -100.6172
445266.00000 4368350.00000 N.C.
445266.00000 4368354.00000 -105.6706
445266.00000 4368358.00000 N.C.
445266.00000 4368362.00000 -106.7142
445266.00000 4368366.00000 N.C.
445266.00000 4368370.00000 N.C.
445266.00000 4368374.00000 N.C.
445266.00000 4368378.00000 -108.4798
445266.00000 4368382.00000 -108.8844
445266.00000 4368386.00000 -108.3609
445266.00000 4368390.00000 -107.9955
445266.00000 4368394.00000 -107.4944
445270.00000 4367886.00000 -115.3728
445270.00000 4367890.00000 -115.3313
445270.00000 4367894.00000 -115.2346
445270.00000 4367898.00000 -115.1259
445270.00000 4367902.00000 -115.0380
445270.00000 4367906.00000 -114.9242
445270.00000 4367910.00000 -114.8142
445270.00000 4367914.00000 -114.6556
445270.00000 4367918.00000 -114.5226
445270.00000 4367922.00000 -114.4018
445270.00000 4367926.00000 -114.2926
445270.00000 4367930.00000 -114.2024
445270.00000 4367934.00000 -114.1214
445270.00000 4367938.00000 -114.0542
445270.00000 4367942.00000 -113.9172
445270.00000 4367946.00000 -113.8090
445270.00000 4367950.00000 -113.6697
445270.00000 4367954.00000 -113.5866
445270.00000 4367958.00000 -113.3790
445270.00000 4367962.00000 -113.1790
445270.00000 4367966.00000 -112.8855
445270.00000 4367970.00000 -112.6667
445270.00000 4367974.00000 -112.6757
445270.00000 4367978.00000 -113.3005
445270.00000 4367982.00000 -113.8739
445270.00000 4367986.00000 -114.0874
445270.00000 4367990.00000 -113.7164
445270.00000 4367994.00000 -113.5766
445270.00000 4367998.00000 -113.4063
445270.00000 4368002.00000 -113.3123
445270.00000 4368006.00000 -113.1708
445270.00000 4368010.00000 -113.2039
445270.00000 4368014.00000 -113.1764
445270.00000 4368018.00000 -112.8251
445270.00000 4368022.00000 -112.1922
445270.00000 4368026.00000 -111.3924
445270.00000 4368030.00000 -110.8324
445270.00000 4368034.00000 -110.5072
445270.00000 4368038.00000 -110.3186
445270.00000 4368042.00000 -110.0480
445270.00000 4368046.00000 -109.8341
445270.00000 4368050.00000 -109.6215
445270.00000 4368054.00000 -109.5190
445270.00000 4368058.00000 -109.2763
445270.00000 4368062.00000 -109.0628
445270.00000 4368066.00000 -108.8527
445270.00000 4368070.00000 -108.7184
445270.00000 4368074.00000 -108.5392
445270.00000 4368078.00000 -108.2334
445270.00000 4368082.00000 -107.9121
445270.00000 4368086.00000 -107.6158
445270.00000 4368090.00000 -108.0026
445270.00000 4368094.00000 -109.7555
445270.00000 4368098.00000 -111.7617
445270.00000 4368102.00000 -113.1571
445270.00000 4368106.00000 -113.1804
445270.00000 4368110.00000 -112.8702
445270.00000 4368114.00000 -112.7496
445270.00000 4368118.00000 -113.1070
445270.00000 4368122.00000 -113.7187
445270.00000 4368126.00000 -112.7960
445270.00000 4368130.00000 -112.2933
445270.00000 4368134.00000 -111.4392
445270.00000 4368138.00000 -112.8909
445270.00000 4368142.00000 -113.3254
445270.00000 4368146.00000 -113.8718
445270.00000 4368150.00000 -113.2955
445270.00000 4368154.00000 -113.1866
445270.00000 4368158.00000 -113.1024
445270.00000 4368162.00000 -113.5962
445270.00000 4368166.00000 -113.7113
445270.00000 4368170.00000 -113.6933
445270.00000 4368174.00000 -113.0431
445270.00000 4368178.00000 -112.2629
445270.00000 4368182.00000 -110.3960
445270.00000 4368186.00000 -107.9877
445270.00000 4368190.00000 -106.4311
445270.00000 4368194.00000 -105.9349
445270.00000 4368198.00000 -105.1653
445270.00000 4368202.00000 -104.2964
445270.00000 4368206.00000 -103.3078
445270.00000 4368210.00000 -103.5046
445270.00000 4368214.00000 -107.9939
445270.00000 4368218.00000 N.C.
445270.00000 4368222.00000 N.C.
445270.00000 4368226.00000 -107.2565
445270.00000 4368230.00000 -106.8090
445270.00000 4368234.00000 -106.5368
445270.00000 4368238.00000 N.C.
445270.00000 4368242.00000 N.C.
445270.00000 4368246.00000 -105.1377
445270.00000 4368250.00000 -104.6823
445270.00000 4368254.00000 -104.0608
445270.00000 4368258.00000 -103.3883
445270.00000 4368262.00000 N.C.
445270.00000 4368266.00000 N.C.
445270.00000 4368270.00000 -103.8625
445270.00000 4368274.00000 N.C.
445270.00000 4368278.00000 -100.6741
445270.00000 4368282.00000 -101.3726
445270.00000 4368286.00000 -104.9622
445270.00000 4368290.00000 -106.5657
445270.00000 4368294.00000 -106.5721
445270.00000 4368298.00000 -105.5817
445270.00000 4368302.00000 -104.7682
445270.00000 4368306.00000 -103.8539
445270.00000 4368310.00000 N.C.
445270.00000 4368314.00000 N.C.
445270.00000 4368318.00000 -110.1539
445270.00000 4368322.00000 -111.2701
445270.00000 4368326.00000 N.C.
445270.00000 4368330.00000 -110.9055
445270.00000 4368334.00000 -106.8278
445270.00000 4368338.00000 -103.3295
445270.00000 4368342.00000 -101.3723
445270.00000 4368346.00000 -100.7084
445270.00000 4368350.00000 N.C.
445270.00000 4368354.00000 -107.2198
445270.00000 4368358.00000 N.C.
445270.00000 4368362.00000 -106.0432
445270.00000 4368366.00000 -105.1369
445270.00000 4368370.00000 -102.3661
445270.00000 4368374.00000 N.C.
445270.00000 4368378.00000 -109.4416
445270.00000 4368382.00000 -107.8703
445270.00000 4368386.00000 -106.5753
445270.00000 4368390.00000 -106.1605
445270.00000 4368394.00000 -106.3531
445274.00000 4367886.00000 -115.3513
445274.00000 4367890.00000 -115.3076
445274.00000 4367894.00000 -115.2038
445274.00000 4367898.00000 -115.0912
445274.00000 4367902.00000 -115.0055
445274.00000 4367906.00000 -114.9056
445274.00000 4367910.00000 -114.8482
445274.00000 4367914.00000 -114.7562
445274.00000 4367918.00000 -114.6623
445274.00000 4367922.00000 -114.5108
445274.00000 4367926.00000 -114.3815
445274.00000 4367930.00000 -114.3282
445274.00000 4367934.00000 -114.3396
445274.00000 4367938.00000 -114.3422
445274.00000 4367942.00000 -114.2258
445274.00000 4367946.00000 -114.0653
445274.00000 4367950.00000 -113.8237
445274.00000 4367954.00000 -113.6143
445274.00000 4367958.00000 -113.3690
445274.00000 4367962.00000 -113.2008
445274.00000 4367966.00000 -112.9743
445274.00000 4367970.00000 -112.8624
445274.00000 4367974.00000 -113.0471
445274.00000 4367978.00000 -113.5869
445274.00000 4367982.00000 -113.8983
445274.00000 4367986.00000 -113.8036
445274.00000 4367990.00000 -113.3843
445274.00000 4367994.00000 -113.2814
445274.00000 4367998.00000 -113.1495
445274.00000 4368002.00000 -113.3987
445274.00000 4368006.00000 -113.4422
445274.00000 4368010.00000 -113.6698
445274.00000 4368014.00000 -113.2399
445274.00000 4368018.00000 -112.6699
445274.00000 4368022.00000 -111.7894
445274.00000 4368026.00000 -111.2821
445274.00000 4368030.00000 -110.8847
445274.00000 4368034.00000 -110.6981
445274.00000 4368038.00000 -110.4368
445274.00000 4368042.00000 -110.2103
445274.00000 4368046.00000 -110.0534
445274.00000 4368050.00000 -109.8667
445274.00000 4368054.00000 -109.7676
445274.00000 4368058.00000 -109.5360
445274.00000 4368062.00000 -109.2745
445274.00000 4368066.00000 -109.0139
445274.00000 4368070.00000 -108.7918
445274.00000 4368074.00000 -108.6363
445274.00000 4368078.00000 -108.3605
445274.00000 4368082.00000 -108.0904
445274.00000 4368086.00000 -107.8404
445274.00000 4368090.00000 -108.7930
445274.00000 4368094.00000 -110.4905
445274.00000 4368098.00000 -112.1768
445274.00000 4368102.00000 -112.9783
445274.00000 4368106.00000 -112.9400
445274.00000 4368110.00000 N.C.
445274.00000 4368114.00000 -112.3386
445274.00000 4368118.00000 -112.6924
445274.00000 4368122.00000 -113.1676
445274.00000 4368126.00000 -112.5638
445274.00000 4368130.00000 -111.9731
445274.00000 4368134.00000 N.C.
445274.00000 4368138.00000 N.C.
445274.00000 4368142.00000 N.C.
445274.00000 4368146.00000 N.C.
445274.00000 4368150.00000 N.C.
445274.00000 4368154.00000 -112.4804
445274.00000 4368158.00000 -112.5075
445274.00000 4368162.00000 -113.0782
445274.00000 4368166.00000 -113.3827
445274.00000 4368170.00000 -113.4832
445274.00000 4368174.00000 -112.3682
445274.00000 4368178.00000 -111.2559
445274.00000 4368182.00000 -109.1018
445274.00000 4368186.00000 -107.1919
445274.00000 4368190.00000 -105.6425
445274.00000 4368194.00000 -105.5032
445274.00000 4368198.00000 -105.3229
445274.00000 4368202.00000 -104.9052
445274.00000 4368206.00000 -103.6581
445274.00000 4368210.00000 -103.2434
445274.00000 4368214.00000 N.C.
445274.00000 4368218.00000 N.C.
445274.00000 4368222.00000 N.C.
445274.00000 4368226.00000 -108.3011
445274.00000 4368230.00000 N.C.
445274.00000 4368234.00000 -106.1591
445274.00000 4368238.00000 N.C.
445274.00000 4368242.00000 N.C.
445274.00000 4368246.00000 -105.6822
445274.00000 4368250.00000 -105.3540
445274.00000 4368254.00000 -104.7328
445274.00000 4368258.00000 N.C.
445274.00000 4368262.00000 N.C.
445274.00000 4368266.00000 N.C.
445274.00000 4368270.00000 N.C.
445274.00000 4368274.00000 N.C.
445274.00000 4368278.00000 N.C.
445274.00000 4368282.00000 N.C.
445274.00000 4368286.00000 N.C.
445274.00000 4368290.00000 -106.7650
445274.00000 4368294.00000 -106.7708
445274.00000 4368298.00000 -105.6958
445274.00000 4368302.00000 -104.7361
445274.00000 4368306.00000 -104.3315
445274.00000 4368310.00000 -103.6591
445274.00000 4368314.00000 -105.8082
445274.00000 4368318.00000 -106.2417
445274.00000 4368322.00000 -106.1624
445274.00000 4368326.00000 N.C.
445274.00000 4368330.00000 N.C.
445274.00000 4368334.00000 N.C.
445274.00000 4368338.00000 -103.3647
445274.00000 4368342.00000 -101.3422
445274.00000 4368346.00000 -100.7669
445274.00000 4368350.00000 -102.2479
445274.00000 4368354.00000 N.C.
445274.00000 4368358.00000 N.C.
445274.00000 4368362.00000 N.C.
445274.00000 4368366.00000 -103.9568
445274.00000 4368370.00000 -102.3661
445274.00000 4368374.00000 N.C.
445274.00000 4368378.00000 N.C.
445274.00000 4368382.00000 N.C.
445274.00000 4368386.00000 -106.0068
445274.00000 4368390.00000 -105.2260
445274.00000 4368394.00000 -104.3389
445278.00000 4367886.00000 -115.5807
445278.00000 4367890.00000 -115.5384
445278.00000 4367894.00000 -115.4317
445278.00000 4367898.00000 -115.3446
445278.00000 4367902.00000 -115.2534
445278.00000 4367906.00000 -115.2126
445278.00000 4367910.00000 -115.1833
445278.00000 4367914.00000 -115.1448
445278.00000 4367918.00000 -115.0582
445278.00000 4367922.00000 -114.9374
445278.00000 4367926.00000 -114.8342
445278.00000 4367930.00000 -114.8010
445278.00000 4367934.00000 -114.7818
445278.00000 4367938.00000 -114.7106
445278.00000 4367942.00000 -114.5355
445278.00000 4367946.00000 -114.2646
445278.00000 4367950.00000 -114.0248
445278.00000 4367954.00000 -113.7853
445278.00000 4367958.00000 -113.6224
445278.00000 4367962.00000 -113.4706
445278.00000 4367966.00000 -113.3534
445278.00000 4367970.00000 -113.2581
445278.00000 4367974.00000 -113.2458
445278.00000 4367978.00000 -113.4205
445278.00000 4367982.00000 -113.5477
445278.00000 4367986.00000 -113.3593
445278.00000 4367990.00000 -112.9371
445278.00000 4367994.00000 -112.6829
445278.00000 4367998.00000 -112.6294
445278.00000 4368002.00000 -112.8480
445278.00000 4368006.00000 -112.8271
445278.00000 4368010.00000 -112.9977
445278.00000 4368014.00000 -112.6161
445278.00000 4368018.00000 -112.1910
445278.00000 4368022.00000 -111.5607
445278.00000 4368026.00000 -111.2541
445278.00000 4368030.00000 -111.0169
445278.00000 4368034.00000 -110.8270
445278.00000 4368038.00000 -110.6255
445278.00000 4368042.00000 -110.4372
445278.00000 4368046.00000 -110.2352
445278.00000 4368050.00000 -109.9816
445278.00000 4368054.00000 -109.8001
445278.00000 4368058.00000 -109.5512
445278.00000 4368062.00000 -109.3769
445278.00000 4368066.00000 -109.1367
445278.00000 4368070.00000 -108.8811
445278.00000 4368074.00000 -108.6638
445278.00000 4368078.00000 -108.4068
445278.00000 4368082.00000 -108.2398
445278.00000 4368086.00000 -108.6896
445278.00000 4368090.00000 -110.3238
445278.00000 4368094.00000 -111.9001
445278.00000 4368098.00000 -112.6002
445278.00000 4368102.00000 -112.6182
445278.00000 4368106.00000 -112.5401
445278.00000 4368110.00000 -112.6019
445278.00000 4368114.00000 -112.3853
445278.00000 4368118.00000 -112.5627
445278.00000 4368122.00000 -112.8475
445278.00000 4368126.00000 -112.4330
445278.00000 4368130.00000 N.C.
445278.00000 4368134.00000 N.C.
445278.00000 4368138.00000 N.C.
445278.00000 4368142.00000 N.C.
445278.00000 4368146.00000 N.C.
445278.00000 4368150.00000 N.C.
445278.00000 4368154.00000 N.C.
445278.00000 4368158.00000 N.C.
445278.00000 4368162.00000 N.C.
445278.00000 4368166.00000 N.C.
445278.00000 4368170.00000 N.C.
445278.00000 4368174.00000 N.C.
445278.00000 4368178.00000 -108.7780
445278.00000 4368182.00000 -107.1723
445278.00000 4368186.00000 -105.6798
445278.00000 4368190.00000 -104.8760
445278.00000 4368194.00000 -104.9090
445278.00000 4368198.00000 -105.0669
445278.00000 4368202.00000 -105.0343
445278.00000 4368206.00000 N.C.
445278.00000 4368210.00000 -102.8640
445278.00000 4368214.00000 -105.7962
445278.00000 4368218.00000 -109.8549
445278.00000 4368222.00000 -112.6871
445278.00000 4368226.00000 N.C.
445278.00000 4368230.00000 N.C.
445278.00000 4368234.00000 N.C.
445278.00000 4368238.00000 N.C.
445278.00000 4368242.00000 N.C.
445278.00000 4368246.00000 -106.1429
445278.00000 4368250.00000 -105.8584
445278.00000 4368254.00000 N.C.
445278.00000 4368258.00000 N.C.
445278.00000 4368262.00000 N.C.
445278.00000 4368266.00000 N.C.
445278.00000 4368270.00000 -108.6312
445278.00000 4368274.00000 -108.1295
445278.00000 4368278.00000 -107.6974
445278.00000 4368282.00000 N.C.
445278.00000 4368286.00000 N.C.
445278.00000 4368290.00000 -107.9490
445278.00000 4368294.00000 -107.4034
445278.00000 4368298.00000 N.C.
445278.00000 4368302.00000 -105.1941
445278.00000 4368306.00000 -104.5888
445278.00000 4368310.00000 N.C.
445278.00000 4368314.00000 N.C.
445278.00000 4368318.00000 -105.3890
445278.00000 4368322.00000 -105.0394
445278.00000 4368326.00000 -103.7878
445278.00000 4368330.00000 N.C.
445278.00000 4368334.00000 N.C.
445278.00000 4368338.00000 -102.3605
445278.00000 4368342.00000 -100.7755
445278.00000 4368346.00000 -100.8280
445278.00000 4368350.00000 -100.6189
445278.00000 4368354.00000 -100.7417
445278.00000 4368358.00000 N.C.
445278.00000 4368362.00000 N.C.
445278.00000 4368366.00000 N.C.
445278.00000 4368370.00000 N.C.
445278.00000 4368374.00000 N.C.
445278.00000 4368378.00000 N.C.
445278.00000 4368382.00000 N.C.
445278.00000 4368386.00000 -105.5647
445278.00000 4368390.00000 -104.7700
445278.00000 4368394.00000 -103.1361
445282.00000 4367886.00000 -115.8860
445282.00000 4367890.00000 -115.8392
445282.00000 4367894.00000 -115.7281
445282.00000 4367898.00000 -115.6598
445282.00000 4367902.00000 -115.5981
445282.00000 4367906.00000 -115.5776
445282.00000 4367910.00000 -115.5536
445282.00000 4367914.00000 -115.5454
445282.00000 4367918.00000 -115.5047
445282.00000 4367922.00000 -115.4369
445282.00000 4367926.00000 -115.3363
445282.00000 4367930.00000 -115.2170
445282.00000 4367934.00000 -115.0394
445282.00000 4367938.00000 -114.8081
445282.00000 4367942.00000 -114.5876
445282.00000 4367946.00000 -114.3015
445282.00000 4367950.00000 -114.0846
445282.00000 4367954.00000 -113.8085
445282.00000 4367958.00000 -113.7405
445282.00000 4367962.00000 -113.6124
445282.00000 4367966.00000 -113.5327
445282.00000 4367970.00000 -113.3098
445282.00000 4367974.00000 -113.0392
445282.00000 4367978.00000 -112.8326
445282.00000 4367982.00000 -112.6549
445282.00000 4367986.00000 -112.5367
445282.00000 4367990.00000 -112.4149
445282.00000 4367994.00000 -112.3042
445282.00000 4367998.00000 -112.1845
445282.00000 4368002.00000 -112.1814
445282.00000 4368006.00000 -112.1862
445282.00000 4368010.00000 -112.4361
445282.00000 4368014.00000 -112.2585
445282.00000 4368018.00000 -112.0315
445282.00000 4368022.00000 -111.5475
445282.00000 4368026.00000 -111.2858
445282.00000 4368030.00000 -111.0186
445282.00000 4368034.00000 -110.8005
445282.00000 4368038.00000 -110.6358
445282.00000 4368042.00000 -110.4759
445282.00000 4368046.00000 -110.3320
445282.00000 4368050.00000 -110.1187
445282.00000 4368054.00000 -109.8980
445282.00000 4368058.00000 -109.5852
445282.00000 4368062.00000 -109.3738
445282.00000 4368066.00000 -109.1221
445282.00000 4368070.00000 -108.9768
445282.00000 4368074.00000 -108.8083
445282.00000 4368078.00000 -108.6603
445282.00000 4368082.00000 -108.5506
445282.00000 4368086.00000 -109.5204
445282.00000 4368090.00000 -111.0093
445282.00000 4368094.00000 -112.3431
445282.00000 4368098.00000 -112.4040
445282.00000 4368102.00000 -112.3585
445282.00000 4368106.00000 -112.4710
445282.00000 4368110.00000 -112.8191
445282.00000 4368114.00000 -112.7914
445282.00000 4368118.00000 -112.7349
445282.00000 4368122.00000 -112.5034
445282.00000 4368126.00000 -112.4229
445282.00000 4368130.00000 N.C.
445282.00000 4368134.00000 N.C.
445282.00000 4368138.00000 N.C.
445282.00000 4368142.00000 N.C.
445282.00000 4368146.00000 N.C.
445282.00000 4368150.00000 N.C.
445282.00000 4368154.00000 N.C.
445282.00000 4368158.00000 N.C.
445282.00000 4368162.00000 N.C.
445282.00000 4368166.00000 N.C.
445282.00000 4368170.00000 N.C.
445282.00000 4368174.00000 N.C.
445282.00000 4368178.00000 N.C.
445282.00000 4368182.00000 -106.6120
445282.00000 4368186.00000 N.C.
445282.00000 4368190.00000 N.C.
445282.00000 4368194.00000 -105.3494
445282.00000 4368198.00000 -105.0998
445282.00000 4368202.00000 -104.8474
445282.00000 4368206.00000 N.C.
445282.00000 4368210.00000 N.C.
445282.00000 4368214.00000 N.C.
445282.00000 4368218.00000 N.C.
445282.00000 4368222.00000 N.C.
445282.00000 4368226.00000 -111.1560
445282.00000 4368230.00000 N.C.
445282.00000 4368234.00000 N.C.
445282.00000 4368238.00000 N.C.
445282.00000 4368242.00000 N.C.
445282.00000 4368246.00000 -106.6602
445282.00000 4368250.00000 -106.6602
445282.00000 4368254.00000 N.C.
445282.00000 4368258.00000 N.C.
445282.00000 4368262.00000 -106.6171
445282.00000 4368266.00000 N.C.
445282.00000 4368270.00000 -108.6312
445282.00000 4368274.00000 -107.8380
445282.00000 4368278.00000 -107.3757
445282.00000 4368282.00000 N.C.
445282.00000 4368286.00000 -108.3106
445282.00000 4368290.00000 -107.9173
445282.00000 4368294.00000 -107.4782
445282.00000 4368298.00000 -106.5206
445282.00000 4368302.00000 -105.4576
445282.00000 4368306.00000 -105.1164
445282.00000 4368310.00000 N.C.
445282.00000 4368314.00000 N.C.
445282.00000 4368318.00000 -107.0227
445282.00000 4368322.00000 -106.2520
445282.00000 4368326.00000 -105.0960
445282.00000 4368330.00000 N.C.
445282.00000 4368334.00000 -104.5967
445282.00000 4368338.00000 -103.3495
445282.00000 4368342.00000 -101.0175
445282.00000 4368346.00000 N.C.
445282.00000 4368350.00000 N.C.
445282.00000 4368354.00000 N.C.
445282.00000 4368358.00000 N.C.
445282.00000 4368362.00000 -112.2265
445282.00000 4368366.00000 N.C.
445282.00000 4368370.00000 -110.7204
445282.00000 4368374.00000 -110.7204
445282.00000 4368378.00000 N.C.
445282.00000 4368382.00000 N.C.
445282.00000 4368386.00000 -107.3227
445282.00000 4368390.00000 -104.5412
445282.00000 4368394.00000 -101.6096
445286.00000 4367886.00000 -116.2365
445286.00000 4367890.00000 -116.2006
445286.00000 4367894.00000 -116.1201
445286.00000 4367898.00000 -116.0773
445286.00000 4367902.00000 -116.0228
445286.00000 4367906.00000 -116.0348
445286.00000 4367910.00000 -115.9991
445286.00000 4367914.00000 -115.9601
445286.00000 4367918.00000 -115.8100
445286.00000 4367922.00000 -115.6547
445286.00000 4367926.00000 -115.4551
445286.00000 4367930.00000 -115.1908
445286.00000 4367934.00000 -114.9182
445286.00000 4367938.00000 -114.6365
445286.00000 4367942.00000 -114.4757
445286.00000 4367946.00000 -114.2115
445286.00000 4367950.00000 -114.1046
445286.00000 4367954.00000 -113.8922
445286.00000 4367958.00000 -113.8237
445286.00000 4367962.00000 -113.5821
445286.00000 4367966.00000 -113.3984
445286.00000 4367970.00000 -113.1842
445286.00000 4367974.00000 -112.9793
445286.00000 4367978.00000 -112.8656
445286.00000 4367982.00000 -112.8092
445286.00000 4367986.00000 -112.7788
445286.00000 4367990.00000 -112.6616
445286.00000 4367994.00000 -112.4722
445286.00000 4367998.00000 -112.2862
445286.00000 4368002.00000 -112.0826
445286.00000 4368006.00000 -111.9362
445286.00000 4368010.00000 -111.8897
445286.00000 4368014.00000 -111.8548
445286.00000 4368018.00000 -111.6972
445286.00000 4368022.00000 -111.4283
445286.00000 4368026.00000 -111.1944
445286.00000 4368030.00000 -111.0679
445286.00000 4368034.00000 -110.9776
445286.00000 4368038.00000 -110.8402
445286.00000 4368042.00000 -110.6404
445286.00000 4368046.00000 -110.4193
445286.00000 4368050.00000 -110.1690
445286.00000 4368054.00000 -109.9360
445286.00000 4368058.00000 -109.6099
445286.00000 4368062.00000 -109.4483
445286.00000 4368066.00000 -109.2904
445286.00000 4368070.00000 -109.2541
445286.00000 4368074.00000 -109.0853
445286.00000 4368078.00000 -108.9279
445286.00000 4368082.00000 -109.3556
445286.00000 4368086.00000 -110.8790
445286.00000 4368090.00000 -112.2467
445286.00000 4368094.00000 -112.7538
445286.00000 4368098.00000 -112.2909
445286.00000 4368102.00000 -112.2037
445286.00000 4368106.00000 -112.6026
445286.00000 4368110.00000 -112.8600
445286.00000 4368114.00000 -112.9564
445286.00000 4368118.00000 -112.7466
445286.00000 4368122.00000 -112.5400
445286.00000 4368126.00000 -112.3626
445286.00000 4368130.00000 N.C.
445286.00000 4368134.00000 N.C.
445286.00000 4368138.00000 N.C.
445286.00000 4368142.00000 N.C.
445286.00000 4368146.00000 N.C.
445286.00000 4368150.00000 N.C.
445286.00000 4368154.00000 N.C.
445286.00000 4368158.00000 N.C.
445286.00000 4368162.00000 N.C.
445286.00000 4368166.00000 N.C.
445286.00000 4368170.00000 N.C.
445286.00000 4368174.00000 N.C.
445286.00000 4368178.00000 N.C.
445286.00000 4368182.00000 -108.9445
445286.00000 4368186.00000 N.C.
445286.00000 4368190.00000 N.C.
445286.00000 4368194.00000 -106.0958
445286.00000 4368198.00000 -105.6002
445286.00000 4368202.00000 -104.9388
445286.00000 4368206.00000 -104.6479
445286.00000 4368210.00000 -104.5844
445286.00000 4368214.00000 -105.1982
445286.00000 4368218.00000 -105.3104
445286.00000 4368222.00000 -107.8681
445286.00000 4368226.00000 -109.2114
445286.00000 4368230.00000 -111.5148
445286.00000 4368234.00000 -111.6255
445286.00000 4368238.00000 N.C.
445286.00000 4368242.00000 N.C.
445286.00000 4368246.00000 -106.2819
445286.00000 4368250.00000 -106.2659
445286.00000 4368254.00000 N.C.
445286.00000 4368258.00000 N.C.
445286.00000 4368262.00000 -106.1560
445286.00000 4368266.00000 N.C.
445286.00000 4368270.00000 N.C.
445286.00000 4368274.00000 N.C.
445286.00000 4368278.00000 -107.0077
445286.00000 4368282.00000 N.C.
445286.00000 4368286.00000 N.C.
445286.00000 4368290.00000 -107.2407
445286.00000 4368294.00000 -106.6644
445286.00000 4368298.00000 -106.0772
445286.00000 4368302.00000 -105.5048
445286.00000 4368306.00000 -105.1177
445286.00000 4368310.00000 N.C.
445286.00000 4368314.00000 N.C.
445286.00000 4368318.00000 -109.3217
445286.00000 4368322.00000 -108.0248
445286.00000 4368326.00000 -106.0881
445286.00000 4368330.00000 N.C.
445286.00000 4368334.00000 -105.0669
445286.00000 4368338.00000 -103.7836
445286.00000 4368342.00000 -101.3771
445286.00000 4368346.00000 N.C.
445286.00000 4368350.00000 N.C.
445286.00000 4368354.00000 N.C.
445286.00000 4368358.00000 N.C.
445286.00000 4368362.00000 -112.4473
445286.00000 4368366.00000 N.C.
445286.00000 4368370.00000 N.C.
445286.00000 4368374.00000 N.C.
445286.00000 4368378.00000 N.C.
445286.00000 4368382.00000 -111.9548
445286.00000 4368386.00000 -108.0747
445286.00000 4368390.00000 -104.2221
445286.00000 4368394.00000 -101.6707
445290.00000 4367886.00000 -116.5930
445290.00000 4367890.00000 -116.5045
445290.00000 4367894.00000 -116.3991
445290.00000 4367898.00000 -116.3525
445290.00000 4367902.00000 -116.3270
445290.00000 4367906.00000 -116.2636
445290.00000 4367910.00000 -116.1271
445290.00000 4367914.00000 -115.9817
445290.00000 4367918.00000 -115.7732
445290.00000 4367922.00000 -115.5177
445290.00000 4367926.00000 -115.2428
445290.00000 4367930.00000 -114.9172
445290.00000 4367934.00000 -114.6389
445290.00000 4367938.00000 -114.4021
445290.00000 4367942.00000 -114.2582
445290.00000 4367946.00000 -114.1161
445290.00000 4367950.00000 -114.0439
445290.00000 4367954.00000 -113.8977
445290.00000 4367958.00000 -113.7950
445290.00000 4367962.00000 -113.5644
445290.00000 4367966.00000 -113.4375
445290.00000 4367970.00000 -113.2796
445290.00000 4367974.00000 -113.1576
445290.00000 4367978.00000 -113.0616
445290.00000 4367982.00000 -112.9903
445290.00000 4367986.00000 -112.9018
445290.00000 4367990.00000 -112.7240
445290.00000 4367994.00000 -112.4983
445290.00000 4367998.00000 -112.3091
445290.00000 4368002.00000 -112.1553
445290.00000 4368006.00000 -112.1229
445290.00000 4368010.00000 -112.0746
445290.00000 4368014.00000 -112.0196
445290.00000 4368018.00000 -111.8010
445290.00000 4368022.00000 -111.5631
445290.00000 4368026.00000 -111.3306
445290.00000 4368030.00000 -111.1898
445290.00000 4368034.00000 -111.0656
445290.00000 4368038.00000 -110.9500
445290.00000 4368042.00000 -110.7607
445290.00000 4368046.00000 -110.5283
445290.00000 4368050.00000 -110.2624
445290.00000 4368054.00000 -110.0640
445290.00000 4368058.00000 -109.8379
445290.00000 4368062.00000 -109.7067
445290.00000 4368066.00000 -109.5959
445290.00000 4368070.00000 -109.5760
445290.00000 4368074.00000 -109.4115
445290.00000 4368078.00000 -109.2668
445290.00000 4368082.00000 -110.0264
445290.00000 4368086.00000 -111.3483
445290.00000 4368090.00000 -112.4777
445290.00000 4368094.00000 -112.5199
445290.00000 4368098.00000 -112.3581
445290.00000 4368102.00000 -112.4417
445290.00000 4368106.00000 -112.8261
445290.00000 4368110.00000 -112.9885
445290.00000 4368114.00000 -113.0879
445290.00000 4368118.00000 -113.0243
445290.00000 4368122.00000 -112.7222
445290.00000 4368126.00000 -112.5365
445290.00000 4368130.00000 N.C.
445290.00000 4368134.00000 N.C.
445290.00000 4368138.00000 N.C.
445290.00000 4368142.00000 N.C.
445290.00000 4368146.00000 N.C.
445290.00000 4368150.00000 N.C.
445290.00000 4368154.00000 N.C.
445290.00000 4368158.00000 N.C.
445290.00000 4368162.00000 N.C.
445290.00000 4368166.00000 N.C.
445290.00000 4368170.00000 N.C.
445290.00000 4368174.00000 N.C.
445290.00000 4368178.00000 N.C.
445290.00000 4368182.00000 -112.0108
445290.00000 4368186.00000 N.C.
445290.00000 4368190.00000 N.C.
445290.00000 4368194.00000 -107.0387
445290.00000 4368198.00000 -106.3083
445290.00000 4368202.00000 -105.3400
445290.00000 4368206.00000 -104.7088
445290.00000 4368210.00000 -104.5937
445290.00000 4368214.00000 -104.8703
445290.00000 4368218.00000 -104.7009
445290.00000 4368222.00000 -105.5107
445290.00000 4368226.00000 -106.5560
445290.00000 4368230.00000 -108.7713
445290.00000 4368234.00000 -109.2318
445290.00000 4368238.00000 -108.6585
445290.00000 4368242.00000 -106.6699
445290.00000 4368246.00000 -106.1482
445290.00000 4368250.00000 -106.0379
445290.00000 4368254.00000 -105.9461
445290.00000 4368258.00000 -105.6854
445290.00000 4368262.00000 -105.6488
445290.00000 4368266.00000 -105.9687
445290.00000 4368270.00000 -107.0489
445290.00000 4368274.00000 N.C.
445290.00000 4368278.00000 -107.6302
445290.00000 4368282.00000 -107.3969
445290.00000 4368286.00000 -107.6991
445290.00000 4368290.00000 N.C.
445290.00000 4368294.00000 -106.2114
445290.00000 4368298.00000 -105.7807
445290.00000 4368302.00000 -105.2007
445290.00000 4368306.00000 -104.8171
445290.00000 4368310.00000 N.C.
445290.00000 4368314.00000 -110.4569
445290.00000 4368318.00000 -110.1011
445290.00000 4368322.00000 N.C.
445290.00000 4368326.00000 N.C.
445290.00000 4368330.00000 N.C.
445290.00000 4368334.00000 -104.5722
445290.00000 4368338.00000 -103.5377
445290.00000 4368342.00000 -101.9464
445290.00000 4368346.00000 N.C.
445290.00000 4368350.00000 -106.0581
445290.00000 4368354.00000 N.C.
445290.00000 4368358.00000 N.C.
445290.00000 4368362.00000 -112.8809
445290.00000 4368366.00000 N.C.
445290.00000 4368370.00000 N.C.
445290.00000 4368374.00000 N.C.
445290.00000 4368378.00000 N.C.
445290.00000 4368382.00000 -112.2626
445290.00000 4368386.00000 -108.3207
445290.00000 4368390.00000 -104.4691
445290.00000 4368394.00000 -101.7847
445294.00000 4367886.00000 -116.7530
445294.00000 4367890.00000 -116.6966
445294.00000 4367894.00000 -116.6114
445294.00000 4367898.00000 -116.4794
445294.00000 4367902.00000 -116.3629
445294.00000 4367906.00000 -116.1719
445294.00000 4367910.00000 -115.9714
445294.00000 4367914.00000 -115.6860
445294.00000 4367918.00000 -115.3984
445294.00000 4367922.00000 -115.0917
445294.00000 4367926.00000 -114.8384
445294.00000 4367930.00000 -114.6325
445294.00000 4367934.00000 -114.4971
445294.00000 4367938.00000 -114.4457
445294.00000 4367942.00000 -114.3929
445294.00000 4367946.00000 -114.3116
445294.00000 4367950.00000 -114.1737
445294.00000 4367954.00000 -114.0305
445294.00000 4367958.00000 -113.8153
445294.00000 4367962.00000 -113.6204
445294.00000 4367966.00000 -113.4676
445294.00000 4367970.00000 -113.4307
445294.00000 4367974.00000 -113.3678
445294.00000 4367978.00000 -113.2593
445294.00000 4367982.00000 -113.1006
445294.00000 4367986.00000 -112.9134
445294.00000 4367990.00000 -112.6721
445294.00000 4367994.00000 -112.4653
445294.00000 4367998.00000 -112.3887
445294.00000 4368002.00000 -112.4385
445294.00000 4368006.00000 -112.4264
445294.00000 4368010.00000 -112.2547
445294.00000 4368014.00000 -111.9943
445294.00000 4368018.00000 -111.7989
445294.00000 4368022.00000 -111.6559
445294.00000 4368026.00000 -111.5755
445294.00000 4368030.00000 -111.4547
445294.00000 4368034.00000 -111.3117
445294.00000 4368038.00000 -111.0843
445294.00000 4368042.00000 -110.8515
445294.00000 4368046.00000 -110.5663
445294.00000 4368050.00000 -110.3434
445294.00000 4368054.00000 -110.1748
445294.00000 4368058.00000 -110.1132
445294.00000 4368062.00000 -110.0281
445294.00000 4368066.00000 -109.9649
445294.00000 4368070.00000 -109.7974
445294.00000 4368074.00000 -109.5923
445294.00000 4368078.00000 -109.8179
445294.00000 4368082.00000 -110.9905
445294.00000 4368086.00000 -112.3124
445294.00000 4368090.00000 -112.8478
445294.00000 4368094.00000 -112.4480
445294.00000 4368098.00000 -112.2613
445294.00000 4368102.00000 -112.4401
445294.00000 4368106.00000 -112.6320
445294.00000 4368110.00000 -112.6358
445294.00000 4368114.00000 -112.8813
445294.00000 4368118.00000 -113.0900
445294.00000 4368122.00000 -112.9443
445294.00000 4368126.00000 -112.6846
445294.00000 4368130.00000 N.C.
445294.00000 4368134.00000 N.C.
445294.00000 4368138.00000 N.C.
445294.00000 4368142.00000 N.C.
445294.00000 4368146.00000 N.C.
445294.00000 4368150.00000 N.C.
445294.00000 4368154.00000 N.C.
445294.00000 4368158.00000 N.C.
445294.00000 4368162.00000 N.C.
445294.00000 4368166.00000 N.C.
445294.00000 4368170.00000 N.C.
445294.00000 4368174.00000 N.C.
445294.00000 4368178.00000 N.C.
445294.00000 4368182.00000 -113.7983
445294.00000 4368186.00000 N.C.
445294.00000 4368190.00000 N.C.
445294.00000 4368194.00000 -107.3389
445294.00000 4368198.00000 -106.6711
445294.00000 4368202.00000 -105.6515
445294.00000 4368206.00000 -104.8512
445294.00000 4368210.00000 -104.4033
445294.00000 4368214.00000 -104.0125
445294.00000 4368218.00000 -103.4971
445294.00000 4368222.00000 -103.9058
445294.00000 4368226.00000 -104.0831
445294.00000 4368230.00000 -105.4680
445294.00000 4368234.00000 -106.0614
445294.00000 4368238.00000 -106.8160
445294.00000 4368242.00000 -106.5945
445294.00000 4368246.00000 -106.3811
445294.00000 4368250.00000 -106.1645
445294.00000 4368254.00000 -106.1608
445294.00000 4368258.00000 -105.8201
445294.00000 4368262.00000 -105.9689
445294.00000 4368266.00000 -106.1338
445294.00000 4368270.00000 -106.8047
445294.00000 4368274.00000 -106.9971
445294.00000 4368278.00000 -107.6894
445294.00000 4368282.00000 N.C.
445294.00000 4368286.00000 -108.9001
445294.00000 4368290.00000 N.C.
445294.00000 4368294.00000 -105.8670
445294.00000 4368298.00000 -105.5171
445294.00000 4368302.00000 -105.0362
445294.00000 4368306.00000 -104.7079
445294.00000 4368310.00000 N.C.
445294.00000 4368314.00000 -110.6173
445294.00000 4368318.00000 -110.2702
445294.00000 4368322.00000 -109.8479
445294.00000 4368326.00000 N.C.
445294.00000 4368330.00000 N.C.
445294.00000 4368334.00000 -104.1266
445294.00000 4368338.00000 -103.4877
445294.00000 4368342.00000 -102.5563
445294.00000 4368346.00000 -104.0698
445294.00000 4368350.00000 -106.0581
445294.00000 4368354.00000 -105.9775
445294.00000 4368358.00000 N.C.
445294.00000 4368362.00000 N.C.
445294.00000 4368366.00000 N.C.
445294.00000 4368370.00000 N.C.
445294.00000 4368374.00000 N.C.
445294.00000 4368378.00000 N.C.
445294.00000 4368382.00000 N.C.
445294.00000 4368386.00000 -107.5241
445294.00000 4368390.00000 -104.5977
445294.00000 4368394.00000 -101.7779
445298.00000 4367886.00000 -116.7091
445298.00000 4367890.00000 -116.6230
445298.00000 4367894.00000 -116.5042
445298.00000 4367898.00000 -116.3124
445298.00000 4367902.00000 -116.1086
445298.00000 4367906.00000 -115.8067
445298.00000 4367910.00000 -115.5574
445298.00000 4367914.00000 -115.3287
445298.00000 4367918.00000 -115.1466
445298.00000 4367922.00000 -114.9803
445298.00000 4367926.00000 -114.8130
445298.00000 4367930.00000 -114.7098
445298.00000 4367934.00000 -114.6316
445298.00000 4367938.00000 -114.5971
445298.00000 4367942.00000 -114.4991
445298.00000 4367946.00000 -114.4048
445298.00000 4367950.00000 -114.2235
445298.00000 4367954.00000 -114.0902
445298.00000 4367958.00000 -113.8806
445298.00000 4367962.00000 -113.7485
445298.00000 4367966.00000 -113.6478
445298.00000 4367970.00000 -113.5672
445298.00000 4367974.00000 -113.4156
445298.00000 4367978.00000 -113.1705
445298.00000 4367982.00000 -112.9392
445298.00000 4367986.00000 -112.7879
445298.00000 4367990.00000 -112.6723
445298.00000 4367994.00000 -112.6133
445298.00000 4367998.00000 -112.6484
445298.00000 4368002.00000 -112.6512
445298.00000 4368006.00000 -112.5790
445298.00000 4368010.00000 -112.3883
445298.00000 4368014.00000 -112.2258
445298.00000 4368018.00000 -112.1322
445298.00000 4368022.00000 -112.0074
445298.00000 4368026.00000 -111.8366
445298.00000 4368030.00000 -111.5940
445298.00000 4368034.00000 -111.3221
445298.00000 4368038.00000 -111.0817
445298.00000 4368042.00000 -110.8825
445298.00000 4368046.00000 -110.6680
445298.00000 4368050.00000 -110.5814
445298.00000 4368054.00000 -110.4516
445298.00000 4368058.00000 -110.4891
445298.00000 4368062.00000 -110.3802
445298.00000 4368066.00000 -110.2758
445298.00000 4368070.00000 -109.9972
445298.00000 4368074.00000 -109.7681
445298.00000 4368078.00000 -110.3650
445298.00000 4368082.00000 -111.5778
445298.00000 4368086.00000 -112.7333
445298.00000 4368090.00000 -112.9017
445298.00000 4368094.00000 -112.5597
445298.00000 4368098.00000 -112.3082
445298.00000 4368102.00000 -112.4876
445298.00000 4368106.00000 -112.4124
445298.00000 4368110.00000 -112.5619
445298.00000 4368114.00000 -112.8365
445298.00000 4368118.00000 -113.2164
445298.00000 4368122.00000 -113.1468
445298.00000 4368126.00000 -112.8895
445298.00000 4368130.00000 N.C.
445298.00000 4368134.00000 N.C.
445298.00000 4368138.00000 N.C.
445298.00000 4368142.00000 N.C.
445298.00000 4368146.00000 N.C.
445298.00000 4368150.00000 N.C.
445298.00000 4368154.00000 N.C.
445298.00000 4368158.00000 N.C.
445298.00000 4368162.00000 N.C.
445298.00000 4368166.00000 N.C.
445298.00000 4368170.00000 N.C.
445298.00000 4368174.00000 N.C.
445298.00000 4368178.00000 N.C.
445298.00000 4368182.00000 -114.0641
445298.00000 4368186.00000 N.C.
445298.00000 4368190.00000 N.C.
445298.00000 4368194.00000 -107.3655
445298.00000 4368198.00000 -106.8597
445298.00000 4368202.00000 -106.0921
445298.00000 4368206.00000 -105.1828
445298.00000 4368210.00000 -104.3916
445298.00000 4368214.00000 -103.8323
445298.00000 4368218.00000 -103.4291
445298.00000 4368222.00000 -103.2410
445298.00000 4368226.00000 -102.9758
445298.00000 4368230.00000 -103.5628
445298.00000 4368234.00000 -104.4210
445298.00000 4368238.00000 -105.4763
445298.00000 4368242.00000 -106.0578
445298.00000 4368246.00000 -106.3783
445298.00000 4368250.00000 -106.2840
445298.00000 4368254.00000 -106.3105
445298.00000 4368258.00000 -105.9241
445298.00000 4368262.00000 N.C.
445298.00000 4368266.00000 -105.9468
445298.00000 4368270.00000 -106.6324
445298.00000 4368274.00000 -106.4106
445298.00000 4368278.00000 -107.0649
445298.00000 4368282.00000 -107.7131
445298.00000 4368286.00000 -107.6915
445298.00000 4368290.00000 -106.6987
445298.00000 4368294.00000 -105.4610
445298.00000 4368298.00000 -105.2604
445298.00000 4368302.00000 -104.8375
445298.00000 4368306.00000 N.C.
445298.00000 4368310.00000 N.C.
445298.00000 4368314.00000 -110.5063
445298.00000 4368318.00000 -109.9678
445298.00000 4368322.00000 -109.3058
445298.00000 4368326.00000 N.C.
445298.00000 4368330.00000 N.C.
445298.00000 4368334.00000 -104.5085
445298.00000 4368338.00000 -103.6897
445298.00000 4368342.00000 -103.0835
445298.00000 4368346.00000 N.C.
445298.00000 4368350.00000 N.C.
445298.00000 4368354.00000 N.C.
445298.00000 4368358.00000 -105.0459
445298.00000 4368362.00000 -104.7569
445298.00000 4368366.00000 -106.6920
445298.00000 4368370.00000 -106.5649
445298.00000 4368374.00000 N.C.
445298.00000 4368378.00000 N.C.
445298.00000 4368382.00000 N.C.
445298.00000 4368386.00000 -107.9269
445298.00000 4368390.00000 -105.0512
445298.00000 4368394.00000 -102.0718
445302.00000 4367886.00000 -116.4217
445302.00000 4367890.00000 -116.4242
445302.00000 4367894.00000 -116.3827
445302.00000 4367898.00000 -116.1454
445302.00000 4367902.00000 -115.8426
445302.00000 4367906.00000 -115.5432
445302.00000 4367910.00000 -115.3744
445302.00000 4367914.00000 -115.2667
445302.00000 4367918.00000 -115.1582
445302.00000 4367922.00000 -115.0924
445302.00000 4367926.00000 -115.0005
445302.00000 4367930.00000 -114.9636
445302.00000 4367934.00000 -114.8694
445302.00000 4367938.00000 -114.8033
445302.00000 4367942.00000 -114.6418
445302.00000 4367946.00000 -114.4489
445302.00000 4367950.00000 -114.1863
445302.00000 4367954.00000 -114.0039
445302.00000 4367958.00000 -113.7786
445302.00000 4367962.00000 -113.6928
445302.00000 4367966.00000 -113.5833
445302.00000 4367970.00000 -113.5134
445302.00000 4367974.00000 -113.3301
445302.00000 4367978.00000 -113.1141
445302.00000 4367982.00000 -112.9970
445302.00000 4367986.00000 -113.0126
445302.00000 4367990.00000 -113.0835
445302.00000 4367994.00000 -113.1170
445302.00000 4367998.00000 -113.1090
445302.00000 4368002.00000 -112.9984
445302.00000 4368006.00000 -112.8225
445302.00000 4368010.00000 -112.5930
445302.00000 4368014.00000 -112.4481
445302.00000 4368018.00000 -112.3031
445302.00000 4368022.00000 -112.1133
445302.00000 4368026.00000 -111.8615
445302.00000 4368030.00000 -111.5857
445302.00000 4368034.00000 -111.2786
445302.00000 4368038.00000 -111.0398
445302.00000 4368042.00000 -110.9790
445302.00000 4368046.00000 -110.9369
445302.00000 4368050.00000 -110.9174
445302.00000 4368054.00000 -110.7543
445302.00000 4368058.00000 -110.7475
445302.00000 4368062.00000 -110.6352
445302.00000 4368066.00000 -110.4610
445302.00000 4368070.00000 -110.1146
445302.00000 4368074.00000 -109.9558
445302.00000 4368078.00000 -111.0973
445302.00000 4368082.00000 -112.3949
445302.00000 4368086.00000 -113.3783
445302.00000 4368090.00000 -113.0317
445302.00000 4368094.00000 -112.5843
445302.00000 4368098.00000 -112.3120
445302.00000 4368102.00000 -112.5334
445302.00000 4368106.00000 -112.4869
445302.00000 4368110.00000 -112.7268
445302.00000 4368114.00000 -112.8330
445302.00000 4368118.00000 -113.2754
445302.00000 4368122.00000 -113.3229
445302.00000 4368126.00000 -113.1854
445302.00000 4368130.00000 N.C.
445302.00000 4368134.00000 N.C.
445302.00000 4368138.00000 N.C.
445302.00000 4368142.00000 N.C.
445302.00000 4368146.00000 N.C.
445302.00000 4368150.00000 N.C.
445302.00000 4368154.00000 N.C.
445302.00000 4368158.00000 N.C.
445302.00000 4368162.00000 N.C.
445302.00000 4368166.00000 N.C.
445302.00000 4368170.00000 N.C.
445302.00000 4368174.00000 N.C.
445302.00000 4368178.00000 -113.6095
445302.00000 4368182.00000 -113.6095
445302.00000 4368186.00000 N.C.
445302.00000 4368190.00000 N.C.
445302.00000 4368194.00000 -107.3971
445302.00000 4368198.00000 -107.2485
445302.00000 4368202.00000 -106.6452
445302.00000 4368206.00000 -105.7941
445302.00000 4368210.00000 -104.5461
445302.00000 4368214.00000 -103.8056
445302.00000 4368218.00000 -103.5447
445302.00000 4368222.00000 -103.4540
445302.00000 4368226.00000 -103.1736
445302.00000 4368230.00000 -103.2899
445302.00000 4368234.00000 -103.8876
445302.00000 4368238.00000 -104.8624
445302.00000 4368242.00000 -105.5580
445302.00000 4368246.00000 -106.0945
445302.00000 4368250.00000 N.C.
445302.00000 4368254.00000 N.C.
445302.00000 4368258.00000 -106.8223
445302.00000 4368262.00000 N.C.
445302.00000 4368266.00000 N.C.
445302.00000 4368270.00000 N.C.
445302.00000 4368274.00000 -105.5082
445302.00000 4368278.00000 -106.7396
445302.00000 4368282.00000 N.C.
445302.00000 4368286.00000 -107.0290
445302.00000 4368290.00000 -105.7052
445302.00000 4368294.00000 -104.7355
445302.00000 4368298.00000 -104.6276
445302.00000 4368302.00000 -104.5391
445302.00000 4368306.00000 N.C.
445302.00000 4368310.00000 N.C.
445302.00000 4368314.00000 -110.1586
445302.00000 4368318.00000 -109.6447
445302.00000 4368322.00000 -108.9697
445302.00000 4368326.00000 -107.6021
445302.00000 4368330.00000 -105.6228
445302.00000 4368334.00000 -104.4332
445302.00000 4368338.00000 -103.7948
445302.00000 4368342.00000 -103.6142
445302.00000 4368346.00000 N.C.
445302.00000 4368350.00000 N.C.
445302.00000 4368354.00000 N.C.
445302.00000 4368358.00000 N.C.
445302.00000 4368362.00000 N.C.
445302.00000 4368366.00000 N.C.
445302.00000 4368370.00000 N.C.
445302.00000 4368374.00000 N.C.
445302.00000 4368378.00000 N.C.
445302.00000 4368382.00000 -117.6950
445302.00000 4368386.00000 -107.7381
445302.00000 4368390.00000 -104.9198
445302.00000 4368394.00000 -102.2478
445306.00000 4367886.00000 -116.4564
445306.00000 4367890.00000 -116.3340
445306.00000 4367894.00000 -116.1242
445306.00000 4367898.00000 -115.9018
445306.00000 4367902.00000 -115.6914
445306.00000 4367906.00000 -115.5724
445306.00000 4367910.00000 -115.5044
445306.00000 4367914.00000 -115.5106
445306.00000 4367918.00000 -115.4041
445306.00000 4367922.00000 -115.3308
445306.00000 4367926.00000 -115.1809
445306.00000 4367930.00000 -115.0773
445306.00000 4367934.00000 -114.9029
445306.00000 4367938.00000 -114.6778
445306.00000 4367942.00000 -114.3833
445306.00000 4367946.00000 -114.1194
445306.00000 4367950.00000 -113.9507
445306.00000 4367954.00000 -113.8988
445306.00000 4367958.00000 -113.8444
445306.00000 4367962.00000 -113.8106
445306.00000 4367966.00000 -113.7223
445306.00000 4367970.00000 -113.6170
445306.00000 4367974.00000 -113.4716
445306.00000 4367978.00000 -113.3274
445306.00000 4367982.00000 -113.3365
445306.00000 4367986.00000 -113.4682
445306.00000 4367990.00000 -113.6024
445306.00000 4367994.00000 -113.5552
445306.00000 4367998.00000 -113.4049
445306.00000 4368002.00000 -113.1595
445306.00000 4368006.00000 -112.9642
445306.00000 4368010.00000 -112.7575
445306.00000 4368014.00000 -112.5955
445306.00000 4368018.00000 -112.3407
445306.00000 4368022.00000 -112.0764
445306.00000 4368026.00000 -111.7757
445306.00000 4368030.00000 -111.5383
445306.00000 4368034.00000 -111.3270
445306.00000 4368038.00000 -111.2864
445306.00000 4368042.00000 -111.3271
445306.00000 4368046.00000 -111.3089
445306.00000 4368050.00000 -111.1599
445306.00000 4368054.00000 -110.9807
445306.00000 4368058.00000 -110.9202
445306.00000 4368062.00000 -110.8260
445306.00000 4368066.00000 -110.6025
445306.00000 4368070.00000 -110.3480
445306.00000 4368074.00000 -110.7243
445306.00000 4368078.00000 -111.9465
445306.00000 4368082.00000 -113.2189
445306.00000 4368086.00000 -113.5765
445306.00000 4368090.00000 -113.0753
445306.00000 4368094.00000 -112.6075
445306.00000 4368098.00000 -112.4890
445306.00000 4368102.00000 -112.7730
445306.00000 4368106.00000 -112.7431
445306.00000 4368110.00000 -113.0107
445306.00000 4368114.00000 -113.6835
445306.00000 4368118.00000 N.C.
445306.00000 4368122.00000 -114.1868
445306.00000 4368126.00000 -113.5706
445306.00000 4368130.00000 N.C.
445306.00000 4368134.00000 N.C.
445306.00000 4368138.00000 N.C.
445306.00000 4368142.00000 N.C.
445306.00000 4368146.00000 N.C.
445306.00000 4368150.00000 N.C.
445306.00000 4368154.00000 N.C.
445306.00000 4368158.00000 N.C.
445306.00000 4368162.00000 N.C.
445306.00000 4368166.00000 N.C.
445306.00000 4368170.00000 N.C.
445306.00000 4368174.00000 N.C.
445306.00000 4368178.00000 -113.5078
445306.00000 4368182.00000 -113.5078
445306.00000 4368186.00000 N.C.
445306.00000 4368190.00000 -108.2250
445306.00000 4368194.00000 -108.0935
445306.00000 4368198.00000 -107.9864
445306.00000 4368202.00000 -107.4316
445306.00000 4368206.00000 -106.4067
445306.00000 4368210.00000 -105.0829
445306.00000 4368214.00000 -104.1714
445306.00000 4368218.00000 -103.8986
445306.00000 4368222.00000 -103.7838
445306.00000 4368226.00000 -103.6878
445306.00000 4368230.00000 -103.5227
445306.00000 4368234.00000 -103.5513
445306.00000 4368238.00000 -104.0149
445306.00000 4368242.00000 -104.6953
445306.00000 4368246.00000 -105.1933
445306.00000 4368250.00000 N.C.
445306.00000 4368254.00000 N.C.
445306.00000 4368258.00000 N.C.
445306.00000 4368262.00000 N.C.
445306.00000 4368266.00000 -110.6889
445306.00000 4368270.00000 N.C.
445306.00000 4368274.00000 N.C.
445306.00000 4368278.00000 N.C.
445306.00000 4368282.00000 -106.4967
445306.00000 4368286.00000 -105.8778
445306.00000 4368290.00000 -104.7020
445306.00000 4368294.00000 -104.1096
445306.00000 4368298.00000 -104.2012
445306.00000 4368302.00000 -104.1755
445306.00000 4368306.00000 N.C.
445306.00000 4368310.00000 -108.6591
445306.00000 4368314.00000 -108.5202
445306.00000 4368318.00000 -108.2834
445306.00000 4368322.00000 -108.1212
445306.00000 4368326.00000 -107.2699
445306.00000 4368330.00000 -105.9835
445306.00000 4368334.00000 -104.7702
445306.00000 4368338.00000 -103.9023
445306.00000 4368342.00000 -103.8519
445306.00000 4368346.00000 N.C.
445306.00000 4368350.00000 N.C.
445306.00000 4368354.00000 N.C.
445306.00000 4368358.00000 N.C.
445306.00000 4368362.00000 N.C.
445306.00000 4368366.00000 N.C.
445306.00000 4368370.00000 N.C.
445306.00000 4368374.00000 N.C.
445306.00000 4368378.00000 -130.1092
445306.00000 4368382.00000 N.C.
445306.00000 4368386.00000 -112.9373
445306.00000 4368390.00000 -105.8061
445306.00000 4368394.00000 -103.4903
445310.00000 4367886.00000 -116.3215
445310.00000 4367890.00000 -116.2516
445310.00000 4367894.00000 -116.1058
445310.00000 4367898.00000 -115.9456
445310.00000 4367902.00000 -115.8194
445310.00000 4367906.00000 -115.7116
445310.00000 4367910.00000 -115.6578
445310.00000 4367914.00000 -115.5651
445310.00000 4367918.00000 -115.3897
445310.00000 4367922.00000 -115.2188
445310.00000 4367926.00000 -114.9821
445310.00000 4367930.00000 -114.8200
445310.00000 4367934.00000 -114.5731
445310.00000 4367938.00000 -114.4118
445310.00000 4367942.00000 -114.2297
445310.00000 4367946.00000 -114.1560
445310.00000 4367950.00000 -114.1282
445310.00000 4367954.00000 -114.1578
445310.00000 4367958.00000 -114.1515
445310.00000 4367962.00000 -114.0963
445310.00000 4367966.00000 -114.0365
445310.00000 4367970.00000 -113.8944
445310.00000 4367974.00000 -113.8052
445310.00000 4367978.00000 -113.7043
445310.00000 4367982.00000 -113.8120
445310.00000 4367986.00000 -113.9433
445310.00000 4367990.00000 -113.9699
445310.00000 4367994.00000 -113.7901
445310.00000 4367998.00000 -113.5191
445310.00000 4368002.00000 -113.2439
445310.00000 4368006.00000 -112.9923
445310.00000 4368010.00000 -112.7317
445310.00000 4368014.00000 -112.5202
445310.00000 4368018.00000 -112.2258
445310.00000 4368022.00000 -112.0136
445310.00000 4368026.00000 -111.7857
445310.00000 4368030.00000 -111.7258
445310.00000 4368034.00000 -111.6499
445310.00000 4368038.00000 -111.6754
445310.00000 4368042.00000 -111.7045
445310.00000 4368046.00000 -111.6227
445310.00000 4368050.00000 -111.3585
445310.00000 4368054.00000 -111.1278
445310.00000 4368058.00000 -110.9885
445310.00000 4368062.00000 -110.9295
445310.00000 4368066.00000 -110.7895
445310.00000 4368070.00000 -110.6939
445310.00000 4368074.00000 -111.4940
445310.00000 4368078.00000 -112.7091
445310.00000 4368082.00000 -113.6427
445310.00000 4368086.00000 -113.5048
445310.00000 4368090.00000 -112.7944
445310.00000 4368094.00000 -112.4530
445310.00000 4368098.00000 -112.5577
445310.00000 4368102.00000 -112.7806
445310.00000 4368106.00000 -112.8139
445310.00000 4368110.00000 -113.0373
445310.00000 4368114.00000 -113.8742
445310.00000 4368118.00000 -114.1800
445310.00000 4368122.00000 -114.7050
445310.00000 4368126.00000 -114.8277
445310.00000 4368130.00000 N.C.
445310.00000 4368134.00000 N.C.
445310.00000 4368138.00000 N.C.
445310.00000 4368142.00000 N.C.
445310.00000 4368146.00000 N.C.
445310.00000 4368150.00000 N.C.
445310.00000 4368154.00000 N.C.
445310.00000 4368158.00000 N.C.
445310.00000 4368162.00000 N.C.
445310.00000 4368166.00000 N.C.
445310.00000 4368170.00000 N.C.
445310.00000 4368174.00000 N.C.
445310.00000 4368178.00000 -113.9901
445310.00000 4368182.00000 -113.9901
445310.00000 4368186.00000 N.C.
445310.00000 4368190.00000 -108.8836
445310.00000 4368194.00000 -108.6592
445310.00000 4368198.00000 -108.5808
445310.00000 4368202.00000 -108.0061
445310.00000 4368206.00000 -107.0030
445310.00000 4368210.00000 -105.7812
445310.00000 4368214.00000 -104.6359
445310.00000 4368218.00000 -104.2773
445310.00000 4368222.00000 -103.9971
445310.00000 4368226.00000 -103.9353
445310.00000 4368230.00000 -103.7616
445310.00000 4368234.00000 -103.6094
445310.00000 4368238.00000 -103.6470
445310.00000 4368242.00000 -103.9259
445310.00000 4368246.00000 -105.2584
445310.00000 4368250.00000 N.C.
445310.00000 4368254.00000 N.C.
445310.00000 4368258.00000 N.C.
445310.00000 4368262.00000 N.C.
445310.00000 4368266.00000 -110.1748
445310.00000 4368270.00000 N.C.
445310.00000 4368274.00000 N.C.
445310.00000 4368278.00000 N.C.
445310.00000 4368282.00000 -108.1922
445310.00000 4368286.00000 -107.2601
445310.00000 4368290.00000 -105.8701
445310.00000 4368294.00000 -104.5410
445310.00000 4368298.00000 -104.0100
445310.00000 4368302.00000 N.C.
445310.00000 4368306.00000 N.C.
445310.00000 4368310.00000 N.C.
445310.00000 4368314.00000 -109.2425
445310.00000 4368318.00000 -107.4863
445310.00000 4368322.00000 N.C.
445310.00000 4368326.00000 -106.5248
445310.00000 4368330.00000 -105.7639
445310.00000 4368334.00000 -104.7985
445310.00000 4368338.00000 -104.0318
445310.00000 4368342.00000 -103.9075
445310.00000 4368346.00000 -105.3154
445310.00000 4368350.00000 -107.9121
445310.00000 4368354.00000 N.C.
445310.00000 4368358.00000 N.C.
445310.00000 4368362.00000 N.C.
445310.00000 4368366.00000 -115.1686
445310.00000 4368370.00000 N.C.
445310.00000 4368374.00000 N.C.
445310.00000 4368378.00000 -134.8552
445310.00000 4368382.00000 -122.8637
445310.00000 4368386.00000 -113.7144
445310.00000 4368390.00000 -107.2504
445310.00000 4368394.00000 -105.4394
445314.00000 4367886.00000 -116.3161
445314.00000 4367890.00000 -116.2016
445314.00000 4367894.00000 -116.0069
445314.00000 4367898.00000 -115.8693
445314.00000 4367902.00000 -115.7499
445314.00000 4367906.00000 -115.5831
445314.00000 4367910.00000 -115.4456
445314.00000 4367914.00000 -115.2915
445314.00000 4367918.00000 -115.1557
445314.00000 4367922.00000 -114.9892
445314.00000 4367926.00000 -114.7790
445314.00000 4367930.00000 -114.6127
445314.00000 4367934.00000 -114.5058
445314.00000 4367938.00000 -114.4707
445314.00000 4367942.00000 -114.5198
445314.00000 4367946.00000 -114.5676
445314.00000 4367950.00000 -114.5862
445314.00000 4367954.00000 -114.5480
445314.00000 4367958.00000 -114.5278
445314.00000 4367962.00000 -114.4594
445314.00000 4367966.00000 -114.3656
445314.00000 4367970.00000 -114.2130
445314.00000 4367974.00000 -114.2019
445314.00000 4367978.00000 -114.1987
445314.00000 4367982.00000 -114.2202
445314.00000 4367986.00000 -114.1758
445314.00000 4367990.00000 -114.0050
445314.00000 4367994.00000 -113.7547
445314.00000 4367998.00000 -113.4760
445314.00000 4368002.00000 -113.2310
445314.00000 4368006.00000 -112.9962
445314.00000 4368010.00000 -112.7054
445314.00000 4368014.00000 -112.4442
445314.00000 4368018.00000 -112.1650
445314.00000 4368022.00000 -112.0454
445314.00000 4368026.00000 -111.9810
445314.00000 4368030.00000 -112.0475
445314.00000 4368034.00000 -112.0690
445314.00000 4368038.00000 -112.0849
445314.00000 4368042.00000 -111.9839
445314.00000 4368046.00000 -111.7512
445314.00000 4368050.00000 -111.4534
445314.00000 4368054.00000 -111.2525
445314.00000 4368058.00000 -111.1607
445314.00000 4368062.00000 -111.1385
445314.00000 4368066.00000 -111.1067
445314.00000 4368070.00000 -111.6397
445314.00000 4368074.00000 -112.7435
445314.00000 4368078.00000 -113.7247
445314.00000 4368082.00000 -113.7851
445314.00000 4368086.00000 -113.2229
445314.00000 4368090.00000 -112.6644
445314.00000 4368094.00000 -112.4781
445314.00000 4368098.00000 -112.5946
445314.00000 4368102.00000 -112.6096
445314.00000 4368106.00000 -112.7696
445314.00000 4368110.00000 -113.0365
445314.00000 4368114.00000 -114.0402
445314.00000 4368118.00000 -114.2591
445314.00000 4368122.00000 -115.0199
445314.00000 4368126.00000 -115.6404
445314.00000 4368130.00000 -117.3289
445314.00000 4368134.00000 -118.2274
445314.00000 4368138.00000 -118.2365
445314.00000 4368142.00000 -118.1776
445314.00000 4368146.00000 -118.1539
445314.00000 4368150.00000 -118.0419
445314.00000 4368154.00000 -118.0517
445314.00000 4368158.00000 N.C.
445314.00000 4368162.00000 N.C.
445314.00000 4368166.00000 N.C.
445314.00000 4368170.00000 N.C.
445314.00000 4368174.00000 N.C.
445314.00000 4368178.00000 -115.7460
445314.00000 4368182.00000 -114.7924
445314.00000 4368186.00000 N.C.
445314.00000 4368190.00000 -109.4761
445314.00000 4368194.00000 -109.1770
445314.00000 4368198.00000 -108.8575
445314.00000 4368202.00000 -108.3255
445314.00000 4368206.00000 -107.5576
445314.00000 4368210.00000 -106.4822
445314.00000 4368214.00000 -105.1478
445314.00000 4368218.00000 -104.5685
445314.00000 4368222.00000 -104.2245
445314.00000 4368226.00000 -104.1828
445314.00000 4368230.00000 -103.9752
445314.00000 4368234.00000 -103.7430
445314.00000 4368238.00000 -103.6099
445314.00000 4368242.00000 -103.7126
445314.00000 4368246.00000 -104.8020
445314.00000 4368250.00000 -106.1251
445314.00000 4368254.00000 -109.1631
445314.00000 4368258.00000 -110.0520
445314.00000 4368262.00000 -109.1775
445314.00000 4368266.00000 -108.8412
445314.00000 4368270.00000 -108.6561
445314.00000 4368274.00000 N.C.
445314.00000 4368278.00000 N.C.
445314.00000 4368282.00000 N.C.
445314.00000 4368286.00000 -108.4572
445314.00000 4368290.00000 -107.4345
445314.00000 4368294.00000 -106.6471
445314.00000 4368298.00000 N.C.
445314.00000 4368302.00000 N.C.
445314.00000 4368306.00000 -115.8669
445314.00000 4368310.00000 -112.1429
445314.00000 4368314.00000 N.C.
445314.00000 4368318.00000 -106.2775
445314.00000 4368322.00000 -106.1823
445314.00000 4368326.00000 -105.5499
445314.00000 4368330.00000 -105.4176
445314.00000 4368334.00000 -104.9367
445314.00000 4368338.00000 -104.2192
445314.00000 4368342.00000 -103.9287
445314.00000 4368346.00000 -104.9899
445314.00000 4368350.00000 -106.4357
445314.00000 4368354.00000 -108.0350
445314.00000 4368358.00000 -108.3289
445314.00000 4368362.00000 -111.0988
445314.00000 4368366.00000 -112.6431
445314.00000 4368370.00000 N.C.
445314.00000 4368374.00000 N.C.
445314.00000 4368378.00000 N.C.
445314.00000 4368382.00000 N.C.
445314.00000 4368386.00000 -115.1299
445314.00000 4368390.00000 -108.9642
445314.00000 4368394.00000 -107.6119
445318.00000 4367886.00000 -115.9778
445318.00000 4367890.00000 -115.9391
445318.00000 4367894.00000 -115.8421
445318.00000 4367898.00000 -115.7551
445318.00000 4367902.00000 -115.6462
445318.00000 4367906.00000 -115.4872
445318.00000 4367910.00000 -115.3103
445318.00000 4367914.00000 -115.1721
445318.00000 4367918.00000 -115.0913
445318.00000 4367922.00000 -114.9691
445318.00000 4367926.00000 -114.9011
445318.00000 4367930.00000 -114.8274
445318.00000 4367934.00000 -114.8630
445318.00000 4367938.00000 -114.8862
445318.00000 4367942.00000 -115.0155
445318.00000 4367946.00000 -115.0725
445318.00000 4367950.00000 -115.0182
445318.00000 4367954.00000 -114.8898
445318.00000 4367958.00000 -114.8103
445318.00000 4367962.00000 -114.6910
445318.00000 4367966.00000 -114.6117
445318.00000 4367970.00000 -114.4932
445318.00000 4367974.00000 -114.5321
445318.00000 4367978.00000 -114.4999
445318.00000 4367982.00000 -114.4070
445318.00000 4367986.00000 -114.1763
445318.00000 4367990.00000 -113.8999
445318.00000 4367994.00000 -113.6453
445318.00000 4367998.00000 -113.3912
445318.00000 4368002.00000 -113.1436
445318.00000 4368006.00000 -112.8394
445318.00000 4368010.00000 -112.5996
445318.00000 4368014.00000 -112.4189
445318.00000 4368018.00000 -112.2899
445318.00000 4368022.00000 -112.2982
445318.00000 4368026.00000 -112.3317
445318.00000 4368030.00000 -112.4420
445318.00000 4368034.00000 -112.4025
445318.00000 4368038.00000 -112.2978
445318.00000 4368042.00000 -112.1036
445318.00000 4368046.00000 -111.8387
445318.00000 4368050.00000 -111.6487
445318.00000 4368054.00000 -111.5511
445318.00000 4368058.00000 -111.5236
445318.00000 4368062.00000 -111.5112
445318.00000 4368066.00000 -111.5081
445318.00000 4368070.00000 -112.3465
445318.00000 4368074.00000 -113.2143
445318.00000 4368078.00000 -114.0243
445318.00000 4368082.00000 -113.5018
445318.00000 4368086.00000 -113.0395
445318.00000 4368090.00000 -112.6562
445318.00000 4368094.00000 -112.6589
445318.00000 4368098.00000 -112.7023
445318.00000 4368102.00000 -112.5571
445318.00000 4368106.00000 -112.8318
445318.00000 4368110.00000 -113.2176
445318.00000 4368114.00000 -113.7874
445318.00000 4368118.00000 -113.8427
445318.00000 4368122.00000 -114.7668
445318.00000 4368126.00000 -116.0380
445318.00000 4368130.00000 -117.6347
445318.00000 4368134.00000 -118.0614
445318.00000 4368138.00000 -118.0883
445318.00000 4368142.00000 -118.0288
445318.00000 4368146.00000 -118.0105
445318.00000 4368150.00000 -117.9499
445318.00000 4368154.00000 -117.9608
445318.00000 4368158.00000 -117.9996
445318.00000 4368162.00000 -118.3368
445318.00000 4368166.00000 -118.9386
445318.00000 4368170.00000 -118.7490
445318.00000 4368174.00000 -116.9863
445318.00000 4368178.00000 -115.7158
445318.00000 4368182.00000 -115.0826
445318.00000 4368186.00000 N.C.
445318.00000 4368190.00000 -109.6289
445318.00000 4368194.00000 -109.2717
445318.00000 4368198.00000 -108.9987
445318.00000 4368202.00000 -108.5684
445318.00000 4368206.00000 -108.1022
445318.00000 4368210.00000 -107.0352
445318.00000 4368214.00000 -105.4801
445318.00000 4368218.00000 -104.7241
445318.00000 4368222.00000 -104.2522
445318.00000 4368226.00000 -104.3776
445318.00000 4368230.00000 -104.0802
445318.00000 4368234.00000 -104.0786
445318.00000 4368238.00000 -103.8574
445318.00000 4368242.00000 -103.7521
445318.00000 4368246.00000 -104.5863
445318.00000 4368250.00000 -107.2375
445318.00000 4368254.00000 N.C.
445318.00000 4368258.00000 -111.1479
445318.00000 4368262.00000 N.C.
445318.00000 4368266.00000 -109.4463
445318.00000 4368270.00000 N.C.
445318.00000 4368274.00000 N.C.
445318.00000 4368278.00000 N.C.
445318.00000 4368282.00000 N.C.
445318.00000 4368286.00000 -110.4190
445318.00000 4368290.00000 -108.9289
445318.00000 4368294.00000 -110.6259
445318.00000 4368298.00000 -111.9870
445318.00000 4368302.00000 N.C.
445318.00000 4368306.00000 N.C.
445318.00000 4368310.00000 N.C.
445318.00000 4368314.00000 N.C.
445318.00000 4368318.00000 N.C.
445318.00000 4368322.00000 N.C.
445318.00000 4368326.00000 -106.4303
445318.00000 4368330.00000 -105.2864
445318.00000 4368334.00000 -104.5281
445318.00000 4368338.00000 -104.2235
445318.00000 4368342.00000 -103.8278
445318.00000 4368346.00000 -103.8346
445318.00000 4368350.00000 -105.0414
445318.00000 4368354.00000 -106.1794
445318.00000 4368358.00000 -107.0735
445318.00000 4368362.00000 -107.6619
445318.00000 4368366.00000 N.C.
445318.00000 4368370.00000 -113.1302
445318.00000 4368374.00000 -115.2203
445318.00000 4368378.00000 N.C.
445318.00000 4368382.00000 -112.9608
445318.00000 4368386.00000 -111.8786
445318.00000 4368390.00000 -109.9219
445318.00000 4368394.00000 -109.0381
445322.00000 4367886.00000 -115.9394
445322.00000 4367890.00000 -115.8810
445322.00000 4367894.00000 -115.7509
445322.00000 4367898.00000 -115.7377
445322.00000 4367902.00000 -115.6921
445322.00000 4367906.00000 -115.6558
445322.00000 4367910.00000 -115.4842
445322.00000 4367914.00000 -115.3420
445322.00000 4367918.00000 -115.2170
445322.00000 4367922.00000 -115.1661
445322.00000 4367926.00000 -115.2436
445322.00000 4367930.00000 -115.3115
445322.00000 4367934.00000 -115.3970
445322.00000 4367938.00000 -115.3663
445322.00000 4367942.00000 -115.4047
445322.00000 4367946.00000 -115.3560
445322.00000 4367950.00000 -115.2394
445322.00000 4367954.00000 -115.0239
445322.00000 4367958.00000 -114.8909
445322.00000 4367962.00000 -114.8044
445322.00000 4367966.00000 -114.7987
445322.00000 4367970.00000 -114.7869
445322.00000 4367974.00000 -114.7567
445322.00000 4367978.00000 -114.6415
445322.00000 4367982.00000 -114.3471
445322.00000 4367986.00000 -114.0030
445322.00000 4367990.00000 -113.6989
445322.00000 4367994.00000 -113.4944
445322.00000 4367998.00000 -113.2515
445322.00000 4368002.00000 -113.0091
445322.00000 4368006.00000 -112.7872
445322.00000 4368010.00000 -112.6944
445322.00000 4368014.00000 -112.6492
445322.00000 4368018.00000 -112.6333
445322.00000 4368022.00000 -112.6689
445322.00000 4368026.00000 -112.7056
445322.00000 4368030.00000 -112.6608
445322.00000 4368034.00000 -112.5466
445322.00000 4368038.00000 -112.3493
445322.00000 4368042.00000 -112.1730
445322.00000 4368046.00000 -111.9751
445322.00000 4368050.00000 -111.8973
445322.00000 4368054.00000 -111.8653
445322.00000 4368058.00000 -111.8706
445322.00000 4368062.00000 -111.8278
445322.00000 4368066.00000 -112.2005
445322.00000 4368070.00000 -113.2581
445322.00000 4368074.00000 -114.0336
445322.00000 4368078.00000 -114.2221
445322.00000 4368082.00000 -113.2868
445322.00000 4368086.00000 -112.8386
445322.00000 4368090.00000 -112.6350
445322.00000 4368094.00000 -112.8780
445322.00000 4368098.00000 -112.8223
445322.00000 4368102.00000 -112.8011
445322.00000 4368106.00000 -113.0790
445322.00000 4368110.00000 -113.5982
445322.00000 4368114.00000 -114.0149
445322.00000 4368118.00000 -113.8337
445322.00000 4368122.00000 -114.4450
445322.00000 4368126.00000 -115.5329
445322.00000 4368130.00000 -117.5470
445322.00000 4368134.00000 -117.9051
445322.00000 4368138.00000 -117.9492
445322.00000 4368142.00000 -117.7969
445322.00000 4368146.00000 -117.7264
445322.00000 4368150.00000 -117.7075
445322.00000 4368154.00000 -117.7737
445322.00000 4368158.00000 -117.8746
445322.00000 4368162.00000 -118.2092
445322.00000 4368166.00000 -118.9480
445322.00000 4368170.00000 -118.3293
445322.00000 4368174.00000 -116.8640
445322.00000 4368178.00000 -115.3070
445322.00000 4368182.00000 -114.8038
445322.00000 4368186.00000 N.C.
445322.00000 4368190.00000 -109.7084
445322.00000 4368194.00000 -109.4620
445322.00000 4368198.00000 -109.2486
445322.00000 4368202.00000 -108.8589
445322.00000 4368206.00000 -108.4309
445322.00000 4368210.00000 -107.4248
445322.00000 4368214.00000 -105.8831
445322.00000 4368218.00000 -104.9585
445322.00000 4368222.00000 -104.4326
445322.00000 4368226.00000 -104.6231
445322.00000 4368230.00000 -104.3023
445322.00000 4368234.00000 -104.2199
445322.00000 4368238.00000 -104.1026
445322.00000 4368242.00000 -104.1973
445322.00000 4368246.00000 -104.0884
445322.00000 4368250.00000 N.C.
445322.00000 4368254.00000 -110.4562
445322.00000 4368258.00000 N.C.
445322.00000 4368262.00000 N.C.
445322.00000 4368266.00000 N.C.
445322.00000 4368270.00000 -109.3084
445322.00000 4368274.00000 N.C.
445322.00000 4368278.00000 N.C.
445322.00000 4368282.00000 -112.3344
445322.00000 4368286.00000 -110.8262
445322.00000 4368290.00000 -109.3572
445322.00000 4368294.00000 N.C.
445322.00000 4368298.00000 -111.8022
445322.00000 4368302.00000 -110.8109
445322.00000 4368306.00000 -106.3599
445322.00000 4368310.00000 -104.4950
445322.00000 4368314.00000 N.C.
445322.00000 4368318.00000 N.C.
445322.00000 4368322.00000 -110.1947
445322.00000 4368326.00000 -108.5044
445322.00000 4368330.00000 -106.1247
445322.00000 4368334.00000 -104.8732
445322.00000 4368338.00000 -104.2401
445322.00000 4368342.00000 -103.8747
445322.00000 4368346.00000 -105.1356
445322.00000 4368350.00000 -105.3369
445322.00000 4368354.00000 -105.4100
445322.00000 4368358.00000 -104.4275
445322.00000 4368362.00000 -104.4488
445322.00000 4368366.00000 -105.5328
445322.00000 4368370.00000 -109.7786
445322.00000 4368374.00000 N.C.
445322.00000 4368378.00000 N.C.
445322.00000 4368382.00000 -113.6455
445322.00000 4368386.00000 -112.3655
445322.00000 4368390.00000 -110.6961
445322.00000 4368394.00000 -109.6288
445326.00000 4367886.00000 -116.0354
445326.00000 4367890.00000 -116.0082
445326.00000 4367894.00000 -115.9688
445326.00000 4367898.00000 -116.0424
445326.00000 4367902.00000 -116.0683
445326.00000 4367906.00000 -116.0300
445326.00000 4367910.00000 -115.8215
445326.00000 4367914.00000 -115.6852
445326.00000 4367918.00000 -115.5732
445326.00000 4367922.00000 -115.5782
445326.00000 4367926.00000 -115.6797
445326.00000 4367930.00000 -115.7668
445326.00000 4367934.00000 -115.7746
445326.00000 4367938.00000 -115.6520
445326.00000 4367942.00000 -115.5637
445326.00000 4367946.00000 -115.4764
445326.00000 4367950.00000 -115.3055
445326.00000 4367954.00000 -115.1249
445326.00000 4367958.00000 -115.0168
445326.00000 4367962.00000 -115.0087
445326.00000 4367966.00000 -115.0241
445326.00000 4367970.00000 -114.9630
445326.00000 4367974.00000 -114.7283
445326.00000 4367978.00000 -114.4427
445326.00000 4367982.00000 -114.0729
445326.00000 4367986.00000 -113.7947
445326.00000 4367990.00000 -113.5509
445326.00000 4367994.00000 -113.3424
445326.00000 4367998.00000 -113.1701
445326.00000 4368002.00000 -113.0107
445326.00000 4368006.00000 -112.9189
445326.00000 4368010.00000 -112.9222
445326.00000 4368014.00000 -112.9597
445326.00000 4368018.00000 -113.0112
445326.00000 4368022.00000 -113.0046
445326.00000 4368026.00000 -112.9504
445326.00000 4368030.00000 -112.8163
445326.00000 4368034.00000 -112.6638
445326.00000 4368038.00000 -112.4397
445326.00000 4368042.00000 -112.2887
445326.00000 4368046.00000 -112.2108
445326.00000 4368050.00000 -112.2550
445326.00000 4368054.00000 -112.2607
445326.00000 4368058.00000 -112.2148
445326.00000 4368062.00000 -112.1115
445326.00000 4368066.00000 -112.6521
445326.00000 4368070.00000 -113.3779
445326.00000 4368074.00000 -114.0498
445326.00000 4368078.00000 -113.7912
445326.00000 4368082.00000 -113.2523
445326.00000 4368086.00000 -112.9520
445326.00000 4368090.00000 -112.8617
445326.00000 4368094.00000 -113.0867
445326.00000 4368098.00000 -112.9145
445326.00000 4368102.00000 -113.0802
445326.00000 4368106.00000 -113.3786
445326.00000 4368110.00000 -113.9588
445326.00000 4368114.00000 -114.2522
445326.00000 4368118.00000 -113.8976
445326.00000 4368122.00000 -114.1196
445326.00000 4368126.00000 N.C.
445326.00000 4368130.00000 N.C.
445326.00000 4368134.00000 N.C.
445326.00000 4368138.00000 N.C.
445326.00000 4368142.00000 N.C.
445326.00000 4368146.00000 -117.5490
445326.00000 4368150.00000 -117.5265
445326.00000 4368154.00000 -117.5804
445326.00000 4368158.00000 -117.6664
445326.00000 4368162.00000 -117.8433
445326.00000 4368166.00000 -118.3682
445326.00000 4368170.00000 -116.6306
445326.00000 4368174.00000 -115.4374
445326.00000 4368178.00000 -114.3680
445326.00000 4368182.00000 N.C.
445326.00000 4368186.00000 N.C.
445326.00000 4368190.00000 -110.0296
445326.00000 4368194.00000 -109.8482
445326.00000 4368198.00000 -109.6027
445326.00000 4368202.00000 -109.0306
445326.00000 4368206.00000 -108.4622
445326.00000 4368210.00000 -107.6559
445326.00000 4368214.00000 -106.3834
445326.00000 4368218.00000 -105.4638
445326.00000 4368222.00000 -104.7335
445326.00000 4368226.00000 -104.8682
445326.00000 4368230.00000 -104.4959
445326.00000 4368234.00000 -104.3390
445326.00000 4368238.00000 -104.1500
445326.00000 4368242.00000 -104.3047
445326.00000 4368246.00000 -104.3629
445326.00000 4368250.00000 N.C.
445326.00000 4368254.00000 N.C.
445326.00000 4368258.00000 N.C.
445326.00000 4368262.00000 N.C.
445326.00000 4368266.00000 N.C.
445326.00000 4368270.00000 -111.7196
445326.00000 4368274.00000 N.C.
445326.00000 4368278.00000 -114.0156
445326.00000 4368282.00000 -112.9116
445326.00000 4368286.00000 -111.4709
445326.00000 4368290.00000 -109.5292
445326.00000 4368294.00000 -112.7998
445326.00000 4368298.00000 N.C.
445326.00000 4368302.00000 -112.0585
445326.00000 4368306.00000 -106.3599
445326.00000 4368310.00000 -104.4950
445326.00000 4368314.00000 N.C.
445326.00000 4368318.00000 N.C.
445326.00000 4368322.00000 -112.1154
445326.00000 4368326.00000 -110.5377
445326.00000 4368330.00000 -107.8358
445326.00000 4368334.00000 -105.9428
445326.00000 4368338.00000 -104.5937
445326.00000 4368342.00000 -104.0856
445326.00000 4368346.00000 N.C.
445326.00000 4368350.00000 -106.4361
445326.00000 4368354.00000 -105.9907
445326.00000 4368358.00000 -104.2105
445326.00000 4368362.00000 -104.3468
445326.00000 4368366.00000 -104.4255
445326.00000 4368370.00000 -104.3698
445326.00000 4368374.00000 N.C.
445326.00000 4368378.00000 N.C.
445326.00000 4368382.00000 N.C.
445326.00000 4368386.00000 -112.3177
445326.00000 4368390.00000 -111.3167
445326.00000 4368394.00000 -110.2249
445330.00000 4367886.00000 -116.4474
445330.00000 4367890.00000 -116.4340
445330.00000 4367894.00000 -116.4291
445330.00000 4367898.00000 -116.4793
445330.00000 4367902.00000 -116.4361
445330.00000 4367906.00000 -116.2892
445330.00000 4367910.00000 -116.1142
445330.00000 4367914.00000 -116.0465
445330.00000 4367918.00000 -116.0328
445330.00000 4367922.00000 -116.0418
445330.00000 4367926.00000 -116.0178
445330.00000 4367930.00000 -115.9837
445330.00000 4367934.00000 -115.8959
445330.00000 4367938.00000 -115.8045
445330.00000 4367942.00000 -115.6900
445330.00000 4367946.00000 -115.5264
445330.00000 4367950.00000 -115.3606
445330.00000 4367954.00000 -115.2331
445330.00000 4367958.00000 -115.2002
445330.00000 4367962.00000 -115.1878
445330.00000 4367966.00000 -115.0575
445330.00000 4367970.00000 -114.8408
445330.00000 4367974.00000 -114.4696
445330.00000 4367978.00000 -114.1995
445330.00000 4367982.00000 -113.8819
445330.00000 4367986.00000 -113.6683
445330.00000 4367990.00000 -113.4759
445330.00000 4367994.00000 -113.3302
445330.00000 4367998.00000 -113.2343
445330.00000 4368002.00000 -113.1786
445330.00000 4368006.00000 -113.2114
445330.00000 4368010.00000 -113.2743
445330.00000 4368014.00000 -113.3115
445330.00000 4368018.00000 -113.2995
445330.00000 4368022.00000 -113.1743
445330.00000 4368026.00000 -113.0191
445330.00000 4368030.00000 -112.8480
445330.00000 4368034.00000 -112.7149
445330.00000 4368038.00000 -112.5865
445330.00000 4368042.00000 -112.5363
445330.00000 4368046.00000 -112.5749
445330.00000 4368050.00000 -112.6128
445330.00000 4368054.00000 -112.5360
445330.00000 4368058.00000 -112.4220
445330.00000 4368062.00000 -112.6313
445330.00000 4368066.00000 -113.3872
445330.00000 4368070.00000 -114.0097
445330.00000 4368074.00000 -114.1957
445330.00000 4368078.00000 -113.5498
445330.00000 4368082.00000 -113.2361
445330.00000 4368086.00000 -113.1006
445330.00000 4368090.00000 -113.1202
445330.00000 4368094.00000 -113.2531
445330.00000 4368098.00000 -112.9508
445330.00000 4368102.00000 -113.1155
445330.00000 4368106.00000 -113.4033
445330.00000 4368110.00000 -114.1067
445330.00000 4368114.00000 -114.4311
445330.00000 4368118.00000 -113.9823
445330.00000 4368122.00000 -113.6802
445330.00000 4368126.00000 N.C.
445330.00000 4368130.00000 N.C.
445330.00000 4368134.00000 N.C.
445330.00000 4368138.00000 N.C.
445330.00000 4368142.00000 N.C.
445330.00000 4368146.00000 N.C.
445330.00000 4368150.00000 N.C.
445330.00000 4368154.00000 N.C.
445330.00000 4368158.00000 N.C.
445330.00000 4368162.00000 N.C.
445330.00000 4368166.00000 N.C.
445330.00000 4368170.00000 N.C.
445330.00000 4368174.00000 -115.3009
445330.00000 4368178.00000 -114.4391
445330.00000 4368182.00000 N.C.
445330.00000 4368186.00000 N.C.
445330.00000 4368190.00000 -110.4548
445330.00000 4368194.00000 -110.1446
445330.00000 4368198.00000 -109.6700
445330.00000 4368202.00000 -108.9242
445330.00000 4368206.00000 -108.4265
445330.00000 4368210.00000 -107.8621
445330.00000 4368214.00000 -107.0024
445330.00000 4368218.00000 -106.0947
445330.00000 4368222.00000 -105.2832
445330.00000 4368226.00000 -105.0304
445330.00000 4368230.00000 -104.6622
445330.00000 4368234.00000 -104.4554
445330.00000 4368238.00000 -104.2797
445330.00000 4368242.00000 -106.6093
445330.00000 4368246.00000 -107.8219
445330.00000 4368250.00000 N.C.
445330.00000 4368254.00000 -111.8296
445330.00000 4368258.00000 N.C.
445330.00000 4368262.00000 N.C.
445330.00000 4368266.00000 -112.2194
445330.00000 4368270.00000 N.C.
445330.00000 4368274.00000 N.C.
445330.00000 4368278.00000 -114.1190
445330.00000 4368282.00000 -113.0084
445330.00000 4368286.00000 -111.5544
445330.00000 4368290.00000 N.C.
445330.00000 4368294.00000 -113.0090
445330.00000 4368298.00000 -113.1934
445330.00000 4368302.00000 N.C.
445330.00000 4368306.00000 N.C.
445330.00000 4368310.00000 N.C.
445330.00000 4368314.00000 N.C.
445330.00000 4368318.00000 N.C.
445330.00000 4368322.00000 -113.2933
445330.00000 4368326.00000 -111.4021
445330.00000 4368330.00000 -109.2020
445330.00000 4368334.00000 -107.4532
445330.00000 4368338.00000 -105.6260
445330.00000 4368342.00000 -105.0245
445330.00000 4368346.00000 N.C.
445330.00000 4368350.00000 -108.2243
445330.00000 4368354.00000 -106.8452
445330.00000 4368358.00000 -107.3544
445330.00000 4368362.00000 N.C.
445330.00000 4368366.00000 N.C.
445330.00000 4368370.00000 N.C.
445330.00000 4368374.00000 N.C.
445330.00000 4368378.00000 N.C.
445330.00000 4368382.00000 N.C.
445330.00000 4368386.00000 -112.5551
445330.00000 4368390.00000 -111.7713
445330.00000 4368394.00000 -110.3470
445334.00000 4367886.00000 -116.9018
445334.00000 4367890.00000 -116.8742
445334.00000 4367894.00000 -116.8277
445334.00000 4367898.00000 -116.7495
445334.00000 4367902.00000 -116.6166
445334.00000 4367906.00000 -116.4911
445334.00000 4367910.00000 -116.3813
445334.00000 4367914.00000 -116.3933
445334.00000 4367918.00000 -116.4034
445334.00000 4367922.00000 -116.3622
445334.00000 4367926.00000 -116.2757
445334.00000 4367930.00000 -116.1708
445334.00000 4367934.00000 -116.0534
445334.00000 4367938.00000 -115.9138
445334.00000 4367942.00000 -115.7651
445334.00000 4367946.00000 -115.5867
445334.00000 4367950.00000 -115.4461
445334.00000 4367954.00000 -115.3816
445334.00000 4367958.00000 -115.3145
445334.00000 4367962.00000 -115.1785
445334.00000 4367966.00000 -114.8624
445334.00000 4367970.00000 -114.6049
445334.00000 4367974.00000 -114.2878
445334.00000 4367978.00000 -114.0745
445334.00000 4367982.00000 -113.8148
445334.00000 4367986.00000 -113.6703
445334.00000 4367990.00000 -113.5545
445334.00000 4367994.00000 -113.4483
445334.00000 4367998.00000 -113.4578
445334.00000 4368002.00000 -113.4891
445334.00000 4368006.00000 -113.5670
445334.00000 4368010.00000 -113.5346
445334.00000 4368014.00000 -113.4768
445334.00000 4368018.00000 -113.3741
445334.00000 4368022.00000 -113.2153
445334.00000 4368026.00000 -113.0638
445334.00000 4368030.00000 -112.9937
445334.00000 4368034.00000 -112.9603
445334.00000 4368038.00000 -112.9307
445334.00000 4368042.00000 -112.9061
445334.00000 4368046.00000 -112.9147
445334.00000 4368050.00000 -112.8521
445334.00000 4368054.00000 -112.7200
445334.00000 4368058.00000 -112.5806
445334.00000 4368062.00000 -113.0069
445334.00000 4368066.00000 -113.5465
445334.00000 4368070.00000 -114.0654
445334.00000 4368074.00000 -113.8138
445334.00000 4368078.00000 -113.4181
445334.00000 4368082.00000 -113.2921
445334.00000 4368086.00000 -113.4478
445334.00000 4368090.00000 -113.4880
445334.00000 4368094.00000 -113.5344
445334.00000 4368098.00000 -113.1087
445334.00000 4368102.00000 -113.2146
445334.00000 4368106.00000 -113.5352
445334.00000 4368110.00000 -114.3225
445334.00000 4368114.00000 -114.6537
445334.00000 4368118.00000 -114.0957
445334.00000 4368122.00000 -113.7621
445334.00000 4368126.00000 N.C.
445334.00000 4368130.00000 N.C.
445334.00000 4368134.00000 N.C.
445334.00000 4368138.00000 N.C.
445334.00000 4368142.00000 N.C.
445334.00000 4368146.00000 N.C.
445334.00000 4368150.00000 N.C.
445334.00000 4368154.00000 N.C.
445334.00000 4368158.00000 N.C.
445334.00000 4368162.00000 N.C.
445334.00000 4368166.00000 N.C.
445334.00000 4368170.00000 N.C.
445334.00000 4368174.00000 -114.8948
445334.00000 4368178.00000 -114.8948
445334.00000 4368182.00000 N.C.
445334.00000 4368186.00000 -110.7864
445334.00000 4368190.00000 -110.7078
445334.00000 4368194.00000 -110.2735
445334.00000 4368198.00000 -109.5322
445334.00000 4368202.00000 -108.8097
445334.00000 4368206.00000 -108.4922
445334.00000 4368210.00000 -108.1701
445334.00000 4368214.00000 -107.6425
445334.00000 4368218.00000 -106.8308
445334.00000 4368222.00000 -105.9191
445334.00000 4368226.00000 -105.2416
445334.00000 4368230.00000 -104.7889
445334.00000 4368234.00000 -104.5896
445334.00000 4368238.00000 -104.4679
445334.00000 4368242.00000 -106.8201
445334.00000 4368246.00000 -108.3271
445334.00000 4368250.00000 N.C.
445334.00000 4368254.00000 -111.8296
445334.00000 4368258.00000 N.C.
445334.00000 4368262.00000 N.C.
445334.00000 4368266.00000 -113.2340
445334.00000 4368270.00000 N.C.
445334.00000 4368274.00000 N.C.
445334.00000 4368278.00000 -114.2416
445334.00000 4368282.00000 -113.1350
445334.00000 4368286.00000 -111.9822
445334.00000 4368290.00000 -109.7178
445334.00000 4368294.00000 -114.8410
445334.00000 4368298.00000 -115.8627
445334.00000 4368302.00000 N.C.
445334.00000 4368306.00000 N.C.
445334.00000 4368310.00000 -125.1474
445334.00000 4368314.00000 -123.9426
445334.00000 4368318.00000 -118.2753
445334.00000 4368322.00000 -113.5253
445334.00000 4368326.00000 -111.5731
445334.00000 4368330.00000 -109.8679
445334.00000 4368334.00000 -108.1270
445334.00000 4368338.00000 -106.7466
445334.00000 4368342.00000 -106.1002
445334.00000 4368346.00000 N.C.
445334.00000 4368350.00000 N.C.
445334.00000 4368354.00000 N.C.
445334.00000 4368358.00000 N.C.
445334.00000 4368362.00000 -116.6411
445334.00000 4368366.00000 N.C.
445334.00000 4368370.00000 -121.7799
445334.00000 4368374.00000 N.C.
445334.00000 4368378.00000 N.C.
445334.00000 4368382.00000 N.C.
445334.00000 4368386.00000 -112.8831
445334.00000 4368390.00000 -112.0150
445334.00000 4368394.00000 -110.6705
445338.00000 4367886.00000 -117.2281
445338.00000 4367890.00000 -117.1454
445338.00000 4367894.00000 -116.9774
445338.00000 4367898.00000 -116.8298
445338.00000 4367902.00000 -116.7124
445338.00000 4367906.00000 -116.6804
445338.00000 4367910.00000 -116.6656
445338.00000 4367914.00000 -116.6816
445338.00000 4367918.00000 -116.6274
445338.00000 4367922.00000 -116.5129
445338.00000 4367926.00000 -116.3636
445338.00000 4367930.00000 -116.2255
445338.00000 4367934.00000 -116.0955
445338.00000 4367938.00000 -115.9095
445338.00000 4367942.00000 -115.7975
445338.00000 4367946.00000 -115.6389
445338.00000 4367950.00000 -115.5490
445338.00000 4367954.00000 -115.4151
445338.00000 4367958.00000 -115.2493
445338.00000 4367962.00000 -115.0420
445338.00000 4367966.00000 -114.6863
445338.00000 4367970.00000 -114.4098
445338.00000 4367974.00000 -114.1470
445338.00000 4367978.00000 -114.0177
445338.00000 4367982.00000 -113.8627
445338.00000 4367986.00000 -113.7417
445338.00000 4367990.00000 -113.6577
445338.00000 4367994.00000 -113.6578
445338.00000 4367998.00000 -113.7211
445338.00000 4368002.00000 -113.7431
445338.00000 4368006.00000 -113.7178
445338.00000 4368010.00000 -113.6465
445338.00000 4368014.00000 -113.5589
445338.00000 4368018.00000 -113.4671
445338.00000 4368022.00000 -113.3428
445338.00000 4368026.00000 -113.2877
445338.00000 4368030.00000 -113.2835
445338.00000 4368034.00000 -113.2850
445338.00000 4368038.00000 -113.2710
445338.00000 4368042.00000 -113.2036
445338.00000 4368046.00000 -113.1226
445338.00000 4368050.00000 -112.9593
445338.00000 4368054.00000 -112.8240
445338.00000 4368058.00000 -113.0395
445338.00000 4368062.00000 -113.6882
445338.00000 4368066.00000 -114.1538
445338.00000 4368070.00000 -114.2819
445338.00000 4368074.00000 -113.6890
445338.00000 4368078.00000 -113.5156
445338.00000 4368082.00000 -113.4637
445338.00000 4368086.00000 -113.7568
445338.00000 4368090.00000 -113.7117
445338.00000 4368094.00000 -113.8024
445338.00000 4368098.00000 -113.3365
445338.00000 4368102.00000 -113.3961
445338.00000 4368106.00000 -113.6820
445338.00000 4368110.00000 -114.5060
445338.00000 4368114.00000 -114.7837
445338.00000 4368118.00000 -114.2394
445338.00000 4368122.00000 -113.8628
445338.00000 4368126.00000 N.C.
445338.00000 4368130.00000 N.C.
445338.00000 4368134.00000 N.C.
445338.00000 4368138.00000 N.C.
445338.00000 4368142.00000 N.C.
445338.00000 4368146.00000 N.C.
445338.00000 4368150.00000 N.C.
445338.00000 4368154.00000 N.C.
445338.00000 4368158.00000 N.C.
445338.00000 4368162.00000 N.C.
445338.00000 4368166.00000 N.C.
445338.00000 4368170.00000 N.C.
445338.00000 4368174.00000 -115.2884
445338.00000 4368178.00000 -115.2884
445338.00000 4368182.00000 N.C.
445338.00000 4368186.00000 -110.8878
445338.00000 4368190.00000 -110.8152
445338.00000 4368194.00000 -110.3092
445338.00000 4368198.00000 -109.5367
445338.00000 4368202.00000 -108.9142
445338.00000 4368206.00000 -108.6858
445338.00000 4368210.00000 -108.4361
445338.00000 4368214.00000 -108.0502
445338.00000 4368218.00000 -107.3287
445338.00000 4368222.00000 -106.5668
445338.00000 4368226.00000 -105.5456
445338.00000 4368230.00000 -105.0261
445338.00000 4368234.00000 -104.8123
445338.00000 4368238.00000 -104.7826
445338.00000 4368242.00000 -107.4039
445338.00000 4368246.00000 N.C.
445338.00000 4368250.00000 N.C.
445338.00000 4368254.00000 N.C.
445338.00000 4368258.00000 N.C.
445338.00000 4368262.00000 N.C.
445338.00000 4368266.00000 N.C.
445338.00000 4368270.00000 N.C.
445338.00000 4368274.00000 N.C.
445338.00000 4368278.00000 -114.2821
445338.00000 4368282.00000 -113.1424
445338.00000 4368286.00000 -111.9288
445338.00000 4368290.00000 N.C.
445338.00000 4368294.00000 N.C.
445338.00000 4368298.00000 N.C.
445338.00000 4368302.00000 N.C.
445338.00000 4368306.00000 N.C.
445338.00000 4368310.00000 -126.6070
445338.00000 4368314.00000 -125.5379
445338.00000 4368318.00000 N.C.
445338.00000 4368322.00000 -113.6711
445338.00000 4368326.00000 -111.6829
445338.00000 4368330.00000 -110.0119
445338.00000 4368334.00000 -108.2392
445338.00000 4368338.00000 -107.4913
445338.00000 4368342.00000 -107.1792
445338.00000 4368346.00000 -107.1380
445338.00000 4368350.00000 -107.5547
445338.00000 4368354.00000 -110.0600
445338.00000 4368358.00000 -113.9809
445338.00000 4368362.00000 -116.0393
445338.00000 4368366.00000 -117.3419
445338.00000 4368370.00000 -118.9009
445338.00000 4368374.00000 -120.1979
445338.00000 4368378.00000 N.C.
445338.00000 4368382.00000 N.C.
445338.00000 4368386.00000 -115.0848
445338.00000 4368390.00000 -112.2619
445338.00000 4368394.00000 -110.8241
445342.00000 4367886.00000 -117.3804
445342.00000 4367890.00000 -117.2670
445342.00000 4367894.00000 -117.1147
445342.00000 4367898.00000 -116.9923
445342.00000 4367902.00000 -116.9488
445342.00000 4367906.00000 -116.9387
445342.00000 4367910.00000 -116.8740
445342.00000 4367914.00000 -116.7812
445342.00000 4367918.00000 -116.6428
445342.00000 4367922.00000 -116.5191
445342.00000 4367926.00000 -116.4060
445342.00000 4367930.00000 -116.2273
445342.00000 4367934.00000 -116.0806
445342.00000 4367938.00000 -115.8957
445342.00000 4367942.00000 -115.8156
445342.00000 4367946.00000 -115.6497
445342.00000 4367950.00000 -115.4880
445342.00000 4367954.00000 -115.2995
445342.00000 4367958.00000 -115.0677
445342.00000 4367962.00000 -114.8240
445342.00000 4367966.00000 -114.5326
445342.00000 4367970.00000 -114.2983
445342.00000 4367974.00000 -114.1606
445342.00000 4367978.00000 -114.0496
445342.00000 4367982.00000 -113.9864
445342.00000 4367986.00000 -113.9640
445342.00000 4367990.00000 -113.9783
445342.00000 4367994.00000 -113.9980
445342.00000 4367998.00000 -113.9651
445342.00000 4368002.00000 -113.8797
445342.00000 4368006.00000 -113.8075
445342.00000 4368010.00000 -113.7159
445342.00000 4368014.00000 -113.6694
445342.00000 4368018.00000 -113.6646
445342.00000 4368022.00000 -113.6420
445342.00000 4368026.00000 -113.6689
445342.00000 4368030.00000 -113.6382
445342.00000 4368034.00000 -113.6424
445342.00000 4368038.00000 -113.5612
445342.00000 4368042.00000 -113.4288
445342.00000 4368046.00000 -113.2534
445342.00000 4368050.00000 -113.0709
445342.00000 4368054.00000 -112.9509
445342.00000 4368058.00000 -113.3527
445342.00000 4368062.00000 -113.8281
445342.00000 4368066.00000 -114.2877
445342.00000 4368070.00000 -114.1059
445342.00000 4368074.00000 -113.6696
445342.00000 4368078.00000 -113.5930
445342.00000 4368082.00000 -113.7253
445342.00000 4368086.00000 -113.9104
445342.00000 4368090.00000 -113.8866
445342.00000 4368094.00000 -113.8671
445342.00000 4368098.00000 -113.5753
445342.00000 4368102.00000 -113.6909
445342.00000 4368106.00000 -114.0954
445342.00000 4368110.00000 -114.8450
445342.00000 4368114.00000 -114.9123
445342.00000 4368118.00000 -114.4520
445342.00000 4368122.00000 N.C.
445342.00000 4368126.00000 N.C.
445342.00000 4368130.00000 N.C.
445342.00000 4368134.00000 N.C.
445342.00000 4368138.00000 N.C.
445342.00000 4368142.00000 N.C.
445342.00000 4368146.00000 N.C.
445342.00000 4368150.00000 N.C.
445342.00000 4368154.00000 N.C.
445342.00000 4368158.00000 N.C.
445342.00000 4368162.00000 N.C.
445342.00000 4368166.00000 N.C.
445342.00000 4368170.00000 N.C.
445342.00000 4368174.00000 -115.6855
445342.00000 4368178.00000 -115.6855
445342.00000 4368182.00000 N.C.
445342.00000 4368186.00000 -110.9803
445342.00000 4368190.00000 -110.9050
445342.00000 4368194.00000 -110.4826
445342.00000 4368198.00000 -109.8112
445342.00000 4368202.00000 -109.2422
445342.00000 4368206.00000 -108.9735
445342.00000 4368210.00000 -108.7184
445342.00000 4368214.00000 -108.3476
445342.00000 4368218.00000 -107.4820
445342.00000 4368222.00000 -106.8113
445342.00000 4368226.00000 -105.7297
445342.00000 4368230.00000 -105.3103
445342.00000 4368234.00000 -105.0299
445342.00000 4368238.00000 -105.0280
445342.00000 4368242.00000 -104.9867
445342.00000 4368246.00000 N.C.
445342.00000 4368250.00000 N.C.
445342.00000 4368254.00000 N.C.
445342.00000 4368258.00000 N.C.
445342.00000 4368262.00000 N.C.
445342.00000 4368266.00000 N.C.
445342.00000 4368270.00000 N.C.
445342.00000 4368274.00000 N.C.
445342.00000 4368278.00000 -114.8026
445342.00000 4368282.00000 -113.2696
445342.00000 4368286.00000 -113.3724
445342.00000 4368290.00000 N.C.
445342.00000 4368294.00000 N.C.
445342.00000 4368298.00000 N.C.
445342.00000 4368302.00000 N.C.
445342.00000 4368306.00000 N.C.
445342.00000 4368310.00000 -123.3024
445342.00000 4368314.00000 -122.5387
445342.00000 4368318.00000 N.C.
445342.00000 4368322.00000 -113.8239
445342.00000 4368326.00000 -111.9630
445342.00000 4368330.00000 -110.1644
445342.00000 4368334.00000 -108.6148
445342.00000 4368338.00000 -107.8989
445342.00000 4368342.00000 -107.7465
445342.00000 4368346.00000 -107.3421
445342.00000 4368350.00000 -107.3306
445342.00000 4368354.00000 -108.5070
445342.00000 4368358.00000 -110.3258
445342.00000 4368362.00000 -112.3644
445342.00000 4368366.00000 -113.4493
445342.00000 4368370.00000 -115.9706
445342.00000 4368374.00000 -116.2097
445342.00000 4368378.00000 -118.0021
445342.00000 4368382.00000 -115.9379
445342.00000 4368386.00000 -114.8598
445342.00000 4368390.00000 -112.1114
445342.00000 4368394.00000 -110.9418
445346.00000 4367886.00000 -117.3816
445346.00000 4367890.00000 -117.3230
445346.00000 4367894.00000 -117.2220
445346.00000 4367898.00000 -117.1605
445346.00000 4367902.00000 -117.1059
445346.00000 4367906.00000 -117.0340
445346.00000 4367910.00000 -116.9268
445346.00000 4367914.00000 -116.8071
445346.00000 4367918.00000 -116.6731
445346.00000 4367922.00000 -116.5581
445346.00000 4367926.00000 -116.3969
445346.00000 4367930.00000 -116.2094
445346.00000 4367934.00000 -116.0535
445346.00000 4367938.00000 -115.8525
445346.00000 4367942.00000 -115.7298
445346.00000 4367946.00000 -115.5476
445346.00000 4367950.00000 -115.3628
445346.00000 4367954.00000 -115.1530
445346.00000 4367958.00000 -114.8760
445346.00000 4367962.00000 -114.6644
445346.00000 4367966.00000 -114.4469
445346.00000 4367970.00000 -114.3041
445346.00000 4367974.00000 -114.2312
445346.00000 4367978.00000 -114.1592
445346.00000 4367982.00000 -114.1944
445346.00000 4367986.00000 -114.2309
445346.00000 4367990.00000 -114.2443
445346.00000 4367994.00000 -114.1897
445346.00000 4367998.00000 -114.1152
445346.00000 4368002.00000 -114.0278
445346.00000 4368006.00000 -113.9755
445346.00000 4368010.00000 -113.9047
445346.00000 4368014.00000 -113.9138
445346.00000 4368018.00000 -113.9700
445346.00000 4368022.00000 -113.9812
445346.00000 4368026.00000 -113.9945
445346.00000 4368030.00000 -113.8838
445346.00000 4368034.00000 -113.8475
445346.00000 4368038.00000 -113.7376
445346.00000 4368042.00000 -113.5765
445346.00000 4368046.00000 -113.3726
445346.00000 4368050.00000 -113.1712
445346.00000 4368054.00000 -112.9761
445346.00000 4368058.00000 -113.5812
445346.00000 4368062.00000 -114.0442
445346.00000 4368066.00000 -114.7058
445346.00000 4368070.00000 -114.2175
445346.00000 4368074.00000 -114.0279
445346.00000 4368078.00000 -113.9045
445346.00000 4368082.00000 -114.1730
445346.00000 4368086.00000 -114.1020
445346.00000 4368090.00000 -114.1014
445346.00000 4368094.00000 -114.0153
445346.00000 4368098.00000 -113.8610
445346.00000 4368102.00000 -113.9749
445346.00000 4368106.00000 -114.4276
445346.00000 4368110.00000 -115.0068
445346.00000 4368114.00000 -114.9634
445346.00000 4368118.00000 -114.7299
445346.00000 4368122.00000 N.C.
445346.00000 4368126.00000 N.C.
445346.00000 4368130.00000 N.C.
445346.00000 4368134.00000 N.C.
445346.00000 4368138.00000 N.C.
445346.00000 4368142.00000 N.C.
445346.00000 4368146.00000 N.C.
445346.00000 4368150.00000 N.C.
445346.00000 4368154.00000 N.C.
445346.00000 4368158.00000 N.C.
445346.00000 4368162.00000 N.C.
445346.00000 4368166.00000 N.C.
445346.00000 4368170.00000 N.C.
445346.00000 4368174.00000 -115.8691
445346.00000 4368178.00000 -115.8691
445346.00000 4368182.00000 N.C.
445346.00000 4368186.00000 -111.3238
445346.00000 4368190.00000 -111.3771
445346.00000 4368194.00000 -111.0196
445346.00000 4368198.00000 -110.3529
445346.00000 4368202.00000 -109.6006
445346.00000 4368206.00000 -109.2320
445346.00000 4368210.00000 -108.8830
445346.00000 4368214.00000 -108.4992
445346.00000 4368218.00000 -107.4519
445346.00000 4368222.00000 -106.9548
445346.00000 4368226.00000 -105.9752
445346.00000 4368230.00000 -105.7498
445346.00000 4368234.00000 -105.2873
445346.00000 4368238.00000 -105.2611
445346.00000 4368242.00000 N.C.
445346.00000 4368246.00000 N.C.
445346.00000 4368250.00000 -113.8125
445346.00000 4368254.00000 N.C.
445346.00000 4368258.00000 N.C.
445346.00000 4368262.00000 -124.1707
445346.00000 4368266.00000 N.C.
445346.00000 4368270.00000 N.C.
445346.00000 4368274.00000 -116.1163
445346.00000 4368278.00000 -114.9660
445346.00000 4368282.00000 -113.1584
445346.00000 4368286.00000 -112.7686
445346.00000 4368290.00000 -112.6003
445346.00000 4368294.00000 N.C.
445346.00000 4368298.00000 N.C.
445346.00000 4368302.00000 -120.3938
445346.00000 4368306.00000 -121.2681
445346.00000 4368310.00000 -121.4738
445346.00000 4368314.00000 -120.7157
445346.00000 4368318.00000 -117.8937
445346.00000 4368322.00000 -114.5729
445346.00000 4368326.00000 -112.5416
445346.00000 4368330.00000 -110.8202
445346.00000 4368334.00000 -109.2035
445346.00000 4368338.00000 -108.1668
445346.00000 4368342.00000 -108.1336
445346.00000 4368346.00000 -107.3522
445346.00000 4368350.00000 -106.6054
445346.00000 4368354.00000 -105.8994
445346.00000 4368358.00000 -106.7905
445346.00000 4368362.00000 -107.7079
445346.00000 4368366.00000 -108.7892
445346.00000 4368370.00000 -110.5305
445346.00000 4368374.00000 -111.4542
445346.00000 4368378.00000 -113.3866
445346.00000 4368382.00000 -112.8568
445346.00000 4368386.00000 -112.9167
445346.00000 4368390.00000 -111.0617
445346.00000 4368394.00000 -110.6470
445350.00000 4367886.00000 -117.4133
445350.00000 4367890.00000 -117.3869
445350.00000 4367894.00000 -117.3454
445350.00000 4367898.00000 -117.3072
445350.00000 4367902.00000 -117.2370
445350.00000 4367906.00000 -117.1287
445350.00000 4367910.00000 -116.9896
445350.00000 4367914.00000 -116.8532
445350.00000 4367918.00000 -116.7210
445350.00000 4367922.00000 -116.6063
445350.00000 4367926.00000 -116.4063
445350.00000 4367930.00000 -116.1518
445350.00000 4367934.00000 -115.9312
445350.00000 4367938.00000 -115.7779
445350.00000 4367942.00000 -115.6157
445350.00000 4367946.00000 -115.4174
445350.00000 4367950.00000 -115.2127
445350.00000 4367954.00000 -115.0267
445350.00000 4367958.00000 -114.7536
445350.00000 4367962.00000 -114.5582
445350.00000 4367966.00000 -114.4314
445350.00000 4367970.00000 -114.4124
445350.00000 4367974.00000 -114.4556
445350.00000 4367978.00000 -114.4407
445350.00000 4367982.00000 -114.4775
445350.00000 4367986.00000 -114.4531
445350.00000 4367990.00000 -114.4451
445350.00000 4367994.00000 -114.3882
445350.00000 4367998.00000 -114.3032
445350.00000 4368002.00000 -114.2342
445350.00000 4368006.00000 -114.1905
445350.00000 4368010.00000 -114.1278
445350.00000 4368014.00000 -114.1533
445350.00000 4368018.00000 -114.2260
445350.00000 4368022.00000 -114.2541
445350.00000 4368026.00000 -114.1895
445350.00000 4368030.00000 -114.0644
445350.00000 4368034.00000 -113.9953
445350.00000 4368038.00000 -113.8863
445350.00000 4368042.00000 -113.7296
445350.00000 4368046.00000 -113.5431
445350.00000 4368050.00000 -113.3649
445350.00000 4368054.00000 -113.1245
445350.00000 4368058.00000 -113.5472
445350.00000 4368062.00000 -114.1142
445350.00000 4368066.00000 -114.7961
445350.00000 4368070.00000 -114.4768
445350.00000 4368074.00000 -114.3505
445350.00000 4368078.00000 -114.1740
445350.00000 4368082.00000 -114.3778
445350.00000 4368086.00000 -114.0872
445350.00000 4368090.00000 -114.2329
445350.00000 4368094.00000 -114.0477
445350.00000 4368098.00000 -113.9860
445350.00000 4368102.00000 -114.0916
445350.00000 4368106.00000 -114.6550
445350.00000 4368110.00000 -115.1537
445350.00000 4368114.00000 -114.9911
445350.00000 4368118.00000 -114.7661
445350.00000 4368122.00000 N.C.
445350.00000 4368126.00000 N.C.
445350.00000 4368130.00000 N.C.
445350.00000 4368134.00000 N.C.
445350.00000 4368138.00000 N.C.
445350.00000 4368142.00000 N.C.
445350.00000 4368146.00000 N.C.
445350.00000 4368150.00000 N.C.
445350.00000 4368154.00000 N.C.
445350.00000 4368158.00000 N.C.
445350.00000 4368162.00000 N.C.
445350.00000 4368166.00000 N.C.
445350.00000 4368170.00000 N.C.
445350.00000 4368174.00000 -115.9740
445350.00000 4368178.00000 N.C.
445350.00000 4368182.00000 N.C.
445350.00000 4368186.00000 -111.9335
445350.00000 4368190.00000 -111.9049
445350.00000 4368194.00000 -111.4987
445350.00000 4368198.00000 -110.6452
445350.00000 4368202.00000 -109.8183
445350.00000 4368206.00000 -109.3560
445350.00000 4368210.00000 -108.9634
445350.00000 4368214.00000 -108.5613
445350.00000 4368218.00000 -107.3891
445350.00000 4368222.00000 -106.9862
445350.00000 4368226.00000 -106.1560
445350.00000 4368230.00000 -106.1389
445350.00000 4368234.00000 -105.6079
445350.00000 4368238.00000 N.C.
445350.00000 4368242.00000 N.C.
445350.00000 4368246.00000 N.C.
445350.00000 4368250.00000 N.C.
445350.00000 4368254.00000 N.C.
445350.00000 4368258.00000 N.C.
445350.00000 4368262.00000 N.C.
445350.00000 4368266.00000 N.C.
445350.00000 4368270.00000 N.C.
445350.00000 4368274.00000 -115.9187
445350.00000 4368278.00000 -114.8685
445350.00000 4368282.00000 -113.0627
445350.00000 4368286.00000 -112.3244
445350.00000 4368290.00000 -112.1025
445350.00000 4368294.00000 N.C.
445350.00000 4368298.00000 -120.0301
445350.00000 4368302.00000 -121.6506
445350.00000 4368306.00000 -120.7825
445350.00000 4368310.00000 -120.0299
445350.00000 4368314.00000 -117.4955
445350.00000 4368318.00000 -116.7336
445350.00000 4368322.00000 -114.7315
445350.00000 4368326.00000 -112.9400
445350.00000 4368330.00000 -111.3537
445350.00000 4368334.00000 -109.9666
445350.00000 4368338.00000 -108.5939
445350.00000 4368342.00000 -108.2622
445350.00000 4368346.00000 -107.2427
445350.00000 4368350.00000 -106.6391
445350.00000 4368354.00000 -105.5037
445350.00000 4368358.00000 -105.6508
445350.00000 4368362.00000 -105.7674
445350.00000 4368366.00000 -106.3069
445350.00000 4368370.00000 -106.8230
445350.00000 4368374.00000 -106.5945
445350.00000 4368378.00000 -107.2586
445350.00000 4368382.00000 -107.6619
445350.00000 4368386.00000 -109.0063
445350.00000 4368390.00000 -109.1621
445350.00000 4368394.00000 -109.3436
445354.00000 4367886.00000 -117.4804
445354.00000 4367890.00000 -117.4940
445354.00000 4367894.00000 -117.4624
445354.00000 4367898.00000 -117.4140
445354.00000 4367902.00000 -117.2745
445354.00000 4367906.00000 -117.1879
445354.00000 4367910.00000 -117.0556
445354.00000 4367914.00000 -116.9136
445354.00000 4367918.00000 -116.6546
445354.00000 4367922.00000 -116.4174
445354.00000 4367926.00000 -116.1713
445354.00000 4367930.00000 -116.0080
445354.00000 4367934.00000 -115.8305
445354.00000 4367938.00000 -115.6613
445354.00000 4367942.00000 -115.4739
445354.00000 4367946.00000 -115.3166
445354.00000 4367950.00000 -115.1369
445354.00000 4367954.00000 -114.9341
445354.00000 4367958.00000 -114.7091
445354.00000 4367962.00000 -114.6326
445354.00000 4367966.00000 -114.6025
445354.00000 4367970.00000 -114.7069
445354.00000 4367974.00000 -114.7331
445354.00000 4367978.00000 -114.7203
445354.00000 4367982.00000 -114.6501
445354.00000 4367986.00000 -114.6188
445354.00000 4367990.00000 -114.5821
445354.00000 4367994.00000 -114.5499
445354.00000 4367998.00000 -114.4903
445354.00000 4368002.00000 -114.4723
445354.00000 4368006.00000 -114.4048
445354.00000 4368010.00000 -114.3651
445354.00000 4368014.00000 -114.3975
445354.00000 4368018.00000 -114.4395
445354.00000 4368022.00000 -114.4274
445354.00000 4368026.00000 -114.2862
445354.00000 4368030.00000 -114.2185
445354.00000 4368034.00000 -114.1551
445354.00000 4368038.00000 -114.0696
445354.00000 4368042.00000 -113.8522
445354.00000 4368046.00000 -113.6456
445354.00000 4368050.00000 -113.4350
445354.00000 4368054.00000 -113.2230
445354.00000 4368058.00000 -113.7847
445354.00000 4368062.00000 -114.5218
445354.00000 4368066.00000 -115.1073
445354.00000 4368070.00000 -114.8316
445354.00000 4368074.00000 -114.6544
445354.00000 4368078.00000 -114.5970
445354.00000 4368082.00000 -114.4474
445354.00000 4368086.00000 -114.2224
445354.00000 4368090.00000 -114.2496
445354.00000 4368094.00000 -114.1864
445354.00000 4368098.00000 -114.0213
445354.00000 4368102.00000 -114.2901
445354.00000 4368106.00000 -114.8442
445354.00000 4368110.00000 -115.2382
445354.00000 4368114.00000 -114.9537
445354.00000 4368118.00000 -114.7281
445354.00000 4368122.00000 N.C.
445354.00000 4368126.00000 N.C.
445354.00000 4368130.00000 N.C.
445354.00000 4368134.00000 N.C.
445354.00000 4368138.00000 N.C.
445354.00000 4368142.00000 N.C.
445354.00000 4368146.00000 N.C.
445354.00000 4368150.00000 N.C.
445354.00000 4368154.00000 N.C.
445354.00000 4368158.00000 N.C.
445354.00000 4368162.00000 N.C.
445354.00000 4368166.00000 N.C.
445354.00000 4368170.00000 N.C.
445354.00000 4368174.00000 -116.2056
445354.00000 4368178.00000 N.C.
445354.00000 4368182.00000 N.C.
445354.00000 4368186.00000 -112.7289
445354.00000 4368190.00000 -112.5104
445354.00000 4368194.00000 -111.7164
445354.00000 4368198.00000 -110.6412
445354.00000 4368202.00000 -109.7383
445354.00000 4368206.00000 -109.3119
445354.00000 4368210.00000 -108.8539
445354.00000 4368214.00000 -108.5128
445354.00000 4368218.00000 -107.5190
445354.00000 4368222.00000 -107.1675
445354.00000 4368226.00000 -106.4438
445354.00000 4368230.00000 -106.5191
445354.00000 4368234.00000 -106.1539
445354.00000 4368238.00000 N.C.
445354.00000 4368242.00000 N.C.
445354.00000 4368246.00000 N.C.
445354.00000 4368250.00000 N.C.
445354.00000 4368254.00000 -117.5422
445354.00000 4368258.00000 N.C.
445354.00000 4368262.00000 N.C.
445354.00000 4368266.00000 N.C.
445354.00000 4368270.00000 N.C.
445354.00000 4368274.00000 -118.2214
445354.00000 4368278.00000 -114.5669
445354.00000 4368282.00000 -112.8457
445354.00000 4368286.00000 -111.0077
445354.00000 4368290.00000 -111.9309
445354.00000 4368294.00000 N.C.
445354.00000 4368298.00000 N.C.
445354.00000 4368302.00000 -121.4907
445354.00000 4368306.00000 -120.5426
445354.00000 4368310.00000 N.C.
445354.00000 4368314.00000 -115.8377
445354.00000 4368318.00000 -115.1587
445354.00000 4368322.00000 -113.9835
445354.00000 4368326.00000 -113.2172
445354.00000 4368330.00000 -111.8471
445354.00000 4368334.00000 -110.5805
445354.00000 4368338.00000 -109.1920
445354.00000 4368342.00000 -108.4736
445354.00000 4368346.00000 -107.3283
445354.00000 4368350.00000 -106.4411
445354.00000 4368354.00000 -105.7422
445354.00000 4368358.00000 -105.2621
445354.00000 4368362.00000 -104.8521
445354.00000 4368366.00000 -104.6646
445354.00000 4368370.00000 -104.6994
445354.00000 4368374.00000 -104.6712
445354.00000 4368378.00000 -104.5972
445354.00000 4368382.00000 -105.2717
445354.00000 4368386.00000 -106.3723
445354.00000 4368390.00000 -107.3910
445354.00000 4368394.00000 -107.7892
445358.00000 4367886.00000 -117.7134
445358.00000 4367890.00000 -117.6711
445358.00000 4367894.00000 -117.6031
445358.00000 4367898.00000 -117.5151
445358.00000 4367902.00000 -117.3723
445358.00000 4367906.00000 -117.1916
445358.00000 4367910.00000 -116.9498
445358.00000 4367914.00000 -116.6892
445358.00000 4367918.00000 -116.4231
445358.00000 4367922.00000 -116.1966
445358.00000 4367926.00000 -116.0274
445358.00000 4367930.00000 -115.8720
445358.00000 4367934.00000 -115.7327
445358.00000 4367938.00000 -115.6302
445358.00000 4367942.00000 -115.4389
445358.00000 4367946.00000 -115.2485
445358.00000 4367950.00000 -115.0803
445358.00000 4367954.00000 -114.9889
445358.00000 4367958.00000 -114.9294
445358.00000 4367962.00000 -114.9080
445358.00000 4367966.00000 -114.9392
445358.00000 4367970.00000 -114.9850
445358.00000 4367974.00000 -114.9670
445358.00000 4367978.00000 -114.8981
445358.00000 4367982.00000 -114.8002
445358.00000 4367986.00000 -114.7422
445358.00000 4367990.00000 -114.7316
445358.00000 4367994.00000 -114.7276
445358.00000 4367998.00000 -114.6758
445358.00000 4368002.00000 -114.6385
445358.00000 4368006.00000 -114.5749
445358.00000 4368010.00000 -114.5982
445358.00000 4368014.00000 -114.6366
445358.00000 4368018.00000 -114.6687
445358.00000 4368022.00000 -114.6132
445358.00000 4368026.00000 -114.4319
445358.00000 4368030.00000 -114.4053
445358.00000 4368034.00000 -114.2862
445358.00000 4368038.00000 -114.1903
445358.00000 4368042.00000 -113.9340
445358.00000 4368046.00000 -113.7770
445358.00000 4368050.00000 -113.5500
445358.00000 4368054.00000 -113.7477
445358.00000 4368058.00000 -114.4263
445358.00000 4368062.00000 -115.1920
445358.00000 4368066.00000 -115.1697
445358.00000 4368070.00000 -114.9524
445358.00000 4368074.00000 -114.7218
445358.00000 4368078.00000 -114.8273
445358.00000 4368082.00000 -114.3921
445358.00000 4368086.00000 -114.2275
445358.00000 4368090.00000 -114.1637
445358.00000 4368094.00000 N.C.
445358.00000 4368098.00000 -114.0104
445358.00000 4368102.00000 -114.4614
445358.00000 4368106.00000 -115.0926
445358.00000 4368110.00000 -115.3883
445358.00000 4368114.00000 -114.8989
445358.00000 4368118.00000 -116.1282
445358.00000 4368122.00000 N.C.
445358.00000 4368126.00000 N.C.
445358.00000 4368130.00000 N.C.
445358.00000 4368134.00000 N.C.
445358.00000 4368138.00000 N.C.
445358.00000 4368142.00000 N.C.
445358.00000 4368146.00000 N.C.
445358.00000 4368150.00000 N.C.
445358.00000 4368154.00000 N.C.
445358.00000 4368158.00000 N.C.
445358.00000 4368162.00000 N.C.
445358.00000 4368166.00000 N.C.
445358.00000 4368170.00000 -116.7387
445358.00000 4368174.00000 -116.7387
445358.00000 4368178.00000 N.C.
445358.00000 4368182.00000 -113.1794
445358.00000 4368186.00000 -113.1768
445358.00000 4368190.00000 -112.6611
445358.00000 4368194.00000 -111.5855
445358.00000 4368198.00000 -110.4967
445358.00000 4368202.00000 -109.7203
445358.00000 4368206.00000 -109.3212
445358.00000 4368210.00000 -108.8600
445358.00000 4368214.00000 -108.7373
445358.00000 4368218.00000 -107.9470
445358.00000 4368222.00000 -107.6106
445358.00000 4368226.00000 -106.7926
445358.00000 4368230.00000 -106.8576
445358.00000 4368234.00000 -106.5299
445358.00000 4368238.00000 N.C.
445358.00000 4368242.00000 N.C.
445358.00000 4368246.00000 N.C.
445358.00000 4368250.00000 N.C.
445358.00000 4368254.00000 -117.5422
445358.00000 4368258.00000 N.C.
445358.00000 4368262.00000 N.C.
445358.00000 4368266.00000 N.C.
445358.00000 4368270.00000 -119.5982
445358.00000 4368274.00000 -117.8123
445358.00000 4368278.00000 -114.3254
445358.00000 4368282.00000 -112.7666
445358.00000 4368286.00000 -111.1333
445358.00000 4368290.00000 -111.9451
445358.00000 4368294.00000 -113.4654
445358.00000 4368298.00000 N.C.
445358.00000 4368302.00000 N.C.
445358.00000 4368306.00000 -120.7853
445358.00000 4368310.00000 -119.2666
445358.00000 4368314.00000 -115.2503
445358.00000 4368318.00000 -114.6042
445358.00000 4368322.00000 -113.1924
445358.00000 4368326.00000 -113.0465
445358.00000 4368330.00000 -112.0152
445358.00000 4368334.00000 -111.2807
445358.00000 4368338.00000 -110.0305
445358.00000 4368342.00000 -108.8613
445358.00000 4368346.00000 -107.4998
445358.00000 4368350.00000 -106.3815
445358.00000 4368354.00000 -105.9316
445358.00000 4368358.00000 -105.2935
445358.00000 4368362.00000 -104.7966
445358.00000 4368366.00000 -104.2232
445358.00000 4368370.00000 -104.2625
445358.00000 4368374.00000 -104.2362
445358.00000 4368378.00000 -104.1468
445358.00000 4368382.00000 -104.3920
445358.00000 4368386.00000 -104.9348
445358.00000 4368390.00000 -105.7616
445358.00000 4368394.00000 -106.1647
445362.00000 4367886.00000 -117.8309
445362.00000 4367890.00000 -117.7579
445362.00000 4367894.00000 -117.5953
445362.00000 4367898.00000 -117.4000
445362.00000 4367902.00000 -117.1723
445362.00000 4367906.00000 -116.9538
445362.00000 4367910.00000 -116.6988
445362.00000 4367914.00000 -116.4421
445362.00000 4367918.00000 -116.1931
445362.00000 4367922.00000 -116.0127
445362.00000 4367926.00000 -115.9290
445362.00000 4367930.00000 -115.8837
445362.00000 4367934.00000 -115.7858
445362.00000 4367938.00000 -115.6040
445362.00000 4367942.00000 -115.3251
445362.00000 4367946.00000 -115.1882
445362.00000 4367950.00000 -115.1389
445362.00000 4367954.00000 -115.2159
445362.00000 4367958.00000 -115.2340
445362.00000 4367962.00000 -115.2419
445362.00000 4367966.00000 -115.2140
445362.00000 4367970.00000 -115.2023
445362.00000 4367974.00000 -115.1321
445362.00000 4367978.00000 -115.0131
445362.00000 4367982.00000 -114.9183
445362.00000 4367986.00000 -114.8734
445362.00000 4367990.00000 -114.8942
445362.00000 4367994.00000 -114.8639
445362.00000 4367998.00000 -114.8244
445362.00000 4368002.00000 -114.8193
445362.00000 4368006.00000 -114.8907
445362.00000 4368010.00000 -114.9964
445362.00000 4368014.00000 -115.0238
445362.00000 4368018.00000 -114.8959
445362.00000 4368022.00000 -114.7530
445362.00000 4368026.00000 -114.6083
445362.00000 4368030.00000 -114.6079
445362.00000 4368034.00000 -114.4651
445362.00000 4368038.00000 -114.2863
445362.00000 4368042.00000 -114.0568
445362.00000 4368046.00000 -113.9163
445362.00000 4368050.00000 -113.7788
445362.00000 4368054.00000 -114.2648
445362.00000 4368058.00000 -115.0600
445362.00000 4368062.00000 -115.5462
445362.00000 4368066.00000 -115.3142
445362.00000 4368070.00000 -115.0556
445362.00000 4368074.00000 -114.9015
445362.00000 4368078.00000 -114.8695
445362.00000 4368082.00000 -114.4331
445362.00000 4368086.00000 -115.5169
445362.00000 4368090.00000 N.C.
445362.00000 4368094.00000 N.C.
445362.00000 4368098.00000 -114.2220
445362.00000 4368102.00000 -114.7970
445362.00000 4368106.00000 -115.3942
445362.00000 4368110.00000 -115.5388
445362.00000 4368114.00000 -114.8879
445362.00000 4368118.00000 -117.0231
445362.00000 4368122.00000 -119.2001
445362.00000 4368126.00000 N.C.
445362.00000 4368130.00000 N.C.
445362.00000 4368134.00000 N.C.
445362.00000 4368138.00000 N.C.
445362.00000 4368142.00000 N.C.
445362.00000 4368146.00000 N.C.
445362.00000 4368150.00000 N.C.
445362.00000 4368154.00000 N.C.
445362.00000 4368158.00000 N.C.
445362.00000 4368162.00000 N.C.
445362.00000 4368166.00000 N.C.
445362.00000 4368170.00000 -117.1846
445362.00000 4368174.00000 -117.1846
445362.00000 4368178.00000 N.C.
445362.00000 4368182.00000 -113.4149
445362.00000 4368186.00000 -113.1569
445362.00000 4368190.00000 -112.4877
445362.00000 4368194.00000 -111.3165
445362.00000 4368198.00000 -110.3741
445362.00000 4368202.00000 -109.6285
445362.00000 4368206.00000 -109.2048
445362.00000 4368210.00000 -108.8710
445362.00000 4368214.00000 -108.8959
445362.00000 4368218.00000 -108.4788
445362.00000 4368222.00000 -108.0404
445362.00000 4368226.00000 -107.2293
445362.00000 4368230.00000 -107.0728
445362.00000 4368234.00000 -106.7544
445362.00000 4368238.00000 N.C.
445362.00000 4368242.00000 N.C.
445362.00000 4368246.00000 N.C.
445362.00000 4368250.00000 N.C.
445362.00000 4368254.00000 N.C.
445362.00000 4368258.00000 N.C.
445362.00000 4368262.00000 N.C.
445362.00000 4368266.00000 N.C.
445362.00000 4368270.00000 -120.6868
445362.00000 4368274.00000 -118.6674
445362.00000 4368278.00000 -113.9322
445362.00000 4368282.00000 -112.4057
445362.00000 4368286.00000 -111.1584
445362.00000 4368290.00000 -111.9764
445362.00000 4368294.00000 -112.8596
445362.00000 4368298.00000 -115.7692
445362.00000 4368302.00000 -118.1234
445362.00000 4368306.00000 -118.3696
445362.00000 4368310.00000 -117.0846
445362.00000 4368314.00000 -114.7796
445362.00000 4368318.00000 -113.6461
445362.00000 4368322.00000 -112.8076
445362.00000 4368326.00000 -112.6896
445362.00000 4368330.00000 -112.1933
445362.00000 4368334.00000 -111.5499
445362.00000 4368338.00000 -110.7364
445362.00000 4368342.00000 -109.1796
445362.00000 4368346.00000 -107.7378
445362.00000 4368350.00000 -106.3893
445362.00000 4368354.00000 -106.0287
445362.00000 4368358.00000 -105.3420
445362.00000 4368362.00000 -104.6991
445362.00000 4368366.00000 -104.1257
445362.00000 4368370.00000 -104.2577
445362.00000 4368374.00000 -104.4506
445362.00000 4368378.00000 -104.3526
445362.00000 4368382.00000 -104.3364
445362.00000 4368386.00000 -104.3350
445362.00000 4368390.00000 -104.8504
445362.00000 4368394.00000 -105.0591
445366.00000 4367886.00000 -117.7274
445366.00000 4367890.00000 -117.6028
445366.00000 4367894.00000 -117.3576
445366.00000 4367898.00000 -117.1180
445366.00000 4367902.00000 -116.9085
445366.00000 4367906.00000 -116.6505
445366.00000 4367910.00000 -116.4486
445366.00000 4367914.00000 -116.2469
445366.00000 4367918.00000 -116.1597
445366.00000 4367922.00000 -116.1209
445366.00000 4367926.00000 -116.0531
445366.00000 4367930.00000 -115.9274
445366.00000 4367934.00000 -115.7056
445366.00000 4367938.00000 -115.5644
445366.00000 4367942.00000 -115.3886
445366.00000 4367946.00000 -115.3913
445366.00000 4367950.00000 -115.4282
445366.00000 4367954.00000 -115.5644
445366.00000 4367958.00000 -115.5372
445366.00000 4367962.00000 -115.4557
445366.00000 4367966.00000 -115.3455
445366.00000 4367970.00000 -115.2625
445366.00000 4367974.00000 -115.1945
445366.00000 4367978.00000 -115.0799
445366.00000 4367982.00000 -115.0512
445366.00000 4367986.00000 -115.0194
445366.00000 4367990.00000 -115.0925
445366.00000 4367994.00000 -115.0671
445366.00000 4367998.00000 -115.1155
445366.00000 4368002.00000 -115.1265
445366.00000 4368006.00000 -115.2574
445366.00000 4368010.00000 -115.2595
445366.00000 4368014.00000 -115.2161
445366.00000 4368018.00000 -115.0555
445366.00000 4368022.00000 -114.9302
445366.00000 4368026.00000 -114.8293
445366.00000 4368030.00000 -114.7667
445366.00000 4368034.00000 -114.5911
445366.00000 4368038.00000 -114.4202
445366.00000 4368042.00000 -114.2376
445366.00000 4368046.00000 -114.1146
445366.00000 4368050.00000 -114.0409
445366.00000 4368054.00000 -114.7952
445366.00000 4368058.00000 -115.4766
445366.00000 4368062.00000 -115.5857
445366.00000 4368066.00000 -115.1968
445366.00000 4368070.00000 -115.0138
445366.00000 4368074.00000 -115.0710
445366.00000 4368078.00000 -114.8456
445366.00000 4368082.00000 -114.5865
445366.00000 4368086.00000 -115.8277
445366.00000 4368090.00000 -116.7559
445366.00000 4368094.00000 N.C.
445366.00000 4368098.00000 -114.3938
445366.00000 4368102.00000 -114.9494
445366.00000 4368106.00000 -115.5562
445366.00000 4368110.00000 -115.6225
445366.00000 4368114.00000 -114.9055
445366.00000 4368118.00000 -117.8386
445366.00000 4368122.00000 -120.7582
445366.00000 4368126.00000 -124.4050
445366.00000 4368130.00000 -124.5932
445366.00000 4368134.00000 -124.9941
445366.00000 4368138.00000 -125.0853
445366.00000 4368142.00000 -125.1599
445366.00000 4368146.00000 -125.0899
445366.00000 4368150.00000 N.C.
445366.00000 4368154.00000 N.C.
445366.00000 4368158.00000 N.C.
445366.00000 4368162.00000 N.C.
445366.00000 4368166.00000 N.C.
445366.00000 4368170.00000 -119.5447
445366.00000 4368174.00000 -118.3091
445366.00000 4368178.00000 N.C.
445366.00000 4368182.00000 -114.1783
445366.00000 4368186.00000 -113.1466
445366.00000 4368190.00000 -112.3148
445366.00000 4368194.00000 -111.2344
445366.00000 4368198.00000 -110.4330
445366.00000 4368202.00000 -109.7285
445366.00000 4368206.00000 -109.2669
445366.00000 4368210.00000 -109.1048
445366.00000 4368214.00000 -109.2786
445366.00000 4368218.00000 -109.0449
445366.00000 4368222.00000 -108.4188
445366.00000 4368226.00000 -107.6545
445366.00000 4368230.00000 N.C.
445366.00000 4368234.00000 N.C.
445366.00000 4368238.00000 N.C.
445366.00000 4368242.00000 N.C.
445366.00000 4368246.00000 N.C.
445366.00000 4368250.00000 N.C.
445366.00000 4368254.00000 N.C.
445366.00000 4368258.00000 N.C.
445366.00000 4368262.00000 N.C.
445366.00000 4368266.00000 N.C.
445366.00000 4368270.00000 N.C.
445366.00000 4368274.00000 N.C.
445366.00000 4368278.00000 N.C.
445366.00000 4368282.00000 -112.0793
445366.00000 4368286.00000 -111.2583
445366.00000 4368290.00000 -110.8529
445366.00000 4368294.00000 -111.5930
445366.00000 4368298.00000 -113.9284
445366.00000 4368302.00000 -115.7868
445366.00000 4368306.00000 -116.5195
445366.00000 4368310.00000 -115.3939
445366.00000 4368314.00000 -114.2138
445366.00000 4368318.00000 -113.1147
445366.00000 4368322.00000 -112.7098
445366.00000 4368326.00000 -112.4318
445366.00000 4368330.00000 -112.3816
445366.00000 4368334.00000 -111.4911
445366.00000 4368338.00000 -110.6639
445366.00000 4368342.00000 -108.9191
445366.00000 4368346.00000 -107.5834
445366.00000 4368350.00000 -106.4687
445366.00000 4368354.00000 -106.0972
445366.00000 4368358.00000 -105.4986
445366.00000 4368362.00000 -104.7187
445366.00000 4368366.00000 -104.0985
445366.00000 4368370.00000 -104.0666
445366.00000 4368374.00000 -104.2932
445366.00000 4368378.00000 -104.3629
445366.00000 4368382.00000 -104.3353
445366.00000 4368386.00000 -104.2489
445366.00000 4368390.00000 -104.4431
445366.00000 4368394.00000 -104.6009
445370.00000 4367886.00000 -117.4526
445370.00000 4367890.00000 -117.2991
445370.00000 4367894.00000 -117.0520
445370.00000 4367898.00000 -116.8146
445370.00000 4367902.00000 -116.6692
445370.00000 4367906.00000 -116.5124
445370.00000 4367910.00000 -116.4272
445370.00000 4367914.00000 -116.3456
445370.00000 4367918.00000 -116.3091
445370.00000 4367922.00000 -116.2126
445370.00000 4367926.00000 -116.0320
445370.00000 4367930.00000 -115.8946
445370.00000 4367934.00000 -115.7484
445370.00000 4367938.00000 -115.6981
445370.00000 4367942.00000 -115.6011
445370.00000 4367946.00000 -115.6870
445370.00000 4367950.00000 -115.7237
445370.00000 4367954.00000 -115.7671
445370.00000 4367958.00000 -115.6393
445370.00000 4367962.00000 -115.5710
445370.00000 4367966.00000 -115.4436
445370.00000 4367970.00000 -115.3894
445370.00000 4367974.00000 -115.3169
445370.00000 4367978.00000 -115.2400
445370.00000 4367982.00000 -115.2199
445370.00000 4367986.00000 -115.2310
445370.00000 4367990.00000 -115.4184
445370.00000 4367994.00000 -115.4860
445370.00000 4367998.00000 -115.5399
445370.00000 4368002.00000 -115.4542
445370.00000 4368006.00000 -115.4986
445370.00000 4368010.00000 -115.4668
445370.00000 4368014.00000 -115.3747
445370.00000 4368018.00000 -115.1961
445370.00000 4368022.00000 -115.0747
445370.00000 4368026.00000 -115.0578
445370.00000 4368030.00000 -114.9826
445370.00000 4368034.00000 -114.8227
445370.00000 4368038.00000 -114.5874
445370.00000 4368042.00000 -114.4500
445370.00000 4368046.00000 -114.3727
445370.00000 4368050.00000 -114.3721
445370.00000 4368054.00000 -115.0131
445370.00000 4368058.00000 -115.4354
445370.00000 4368062.00000 -115.5366
445370.00000 4368066.00000 -115.3406
445370.00000 4368070.00000 -115.2555
445370.00000 4368074.00000 -115.1756
445370.00000 4368078.00000 -114.7370
445370.00000 4368082.00000 -114.6994
445370.00000 4368086.00000 -116.0157
445370.00000 4368090.00000 N.C.
445370.00000 4368094.00000 N.C.
445370.00000 4368098.00000 N.C.
445370.00000 4368102.00000 N.C.
445370.00000 4368106.00000 N.C.
445370.00000 4368110.00000 N.C.
445370.00000 4368114.00000 N.C.
445370.00000 4368118.00000 N.C.
445370.00000 4368122.00000 N.C.
445370.00000 4368126.00000 -124.2606
445370.00000 4368130.00000 -124.5932
445370.00000 4368134.00000 -124.9941
445370.00000 4368138.00000 -125.0853
445370.00000 4368142.00000 -125.1599
445370.00000 4368146.00000 -124.9577
445370.00000 4368150.00000 -125.0689
445370.00000 4368154.00000 -125.1635
445370.00000 4368158.00000 -125.4704
445370.00000 4368162.00000 -124.9479
445370.00000 4368166.00000 -121.6824
445370.00000 4368170.00000 -119.8943
445370.00000 4368174.00000 -117.9580
445370.00000 4368178.00000 -116.5813
445370.00000 4368182.00000 -114.6225
445370.00000 4368186.00000 N.C.
445370.00000 4368190.00000 N.C.
445370.00000 4368194.00000 N.C.
445370.00000 4368198.00000 N.C.
445370.00000 4368202.00000 N.C.
445370.00000 4368206.00000 N.C.
445370.00000 4368210.00000 -109.3033
445370.00000 4368214.00000 -109.5293
445370.00000 4368218.00000 -109.4094
445370.00000 4368222.00000 -108.6542
445370.00000 4368226.00000 -109.1456
445370.00000 4368230.00000 N.C.
445370.00000 4368234.00000 N.C.
445370.00000 4368238.00000 N.C.
445370.00000 4368242.00000 N.C.
445370.00000 4368246.00000 N.C.
445370.00000 4368250.00000 N.C.
445370.00000 4368254.00000 N.C.
445370.00000 4368258.00000 -129.5595
445370.00000 4368262.00000 -129.5595
445370.00000 4368266.00000 N.C.
445370.00000 4368270.00000 -122.0456
445370.00000 4368274.00000 N.C.
445370.00000 4368278.00000 N.C.
445370.00000 4368282.00000 -111.9029
445370.00000 4368286.00000 -111.3371
445370.00000 4368290.00000 -110.9094
445370.00000 4368294.00000 -110.5811
445370.00000 4368298.00000 -111.8107
445370.00000 4368302.00000 -113.3411
445370.00000 4368306.00000 -114.9259
445370.00000 4368310.00000 -114.5347
445370.00000 4368314.00000 -113.7381
445370.00000 4368318.00000 -112.6897
445370.00000 4368322.00000 -112.8431
445370.00000 4368326.00000 -112.4547
445370.00000 4368330.00000 -112.4842
445370.00000 4368334.00000 -111.3699
445370.00000 4368338.00000 -110.5323
445370.00000 4368342.00000 -108.7912
445370.00000 4368346.00000 -107.6732
445370.00000 4368350.00000 -106.6805
445370.00000 4368354.00000 -106.3402
445370.00000 4368358.00000 -105.8108
445370.00000 4368362.00000 -105.0986
445370.00000 4368366.00000 -104.3892
445370.00000 4368370.00000 -104.1406
445370.00000 4368374.00000 -104.0825
445370.00000 4368378.00000 -104.1528
445370.00000 4368382.00000 -104.3705
445370.00000 4368386.00000 -104.4666
445370.00000 4368390.00000 -104.6136
445370.00000 4368394.00000 -104.5189
445374.00000 4367886.00000 -117.2362
445374.00000 4367890.00000 -117.0953
445374.00000 4367894.00000 -116.8889
445374.00000 4367898.00000 -116.7388
445374.00000 4367902.00000 -116.6898
445374.00000 4367906.00000 -116.6115
445374.00000 4367910.00000 -116.5933
445374.00000 4367914.00000 -116.5017
445374.00000 4367918.00000 -116.3894
445374.00000 4367922.00000 -116.1625
445374.00000 4367926.00000 -115.9959
445374.00000 4367930.00000 -115.9240
445374.00000 4367934.00000 -115.8932
445374.00000 4367938.00000 -115.9240
445374.00000 4367942.00000 -115.9336
445374.00000 4367946.00000 -115.9760
445374.00000 4367950.00000 -115.9099
445374.00000 4367954.00000 -115.8469
445374.00000 4367958.00000 -115.7105
445374.00000 4367962.00000 -115.6506
445374.00000 4367966.00000 -115.5547
445374.00000 4367970.00000 -115.5062
445374.00000 4367974.00000 -115.4772
445374.00000 4367978.00000 -115.4776
445374.00000 4367982.00000 -115.5646
445374.00000 4367986.00000 -115.6839
445374.00000 4367990.00000 -115.8571
445374.00000 4367994.00000 -115.8649
445374.00000 4367998.00000 -115.8075
445374.00000 4368002.00000 -115.6892
445374.00000 4368006.00000 -115.6592
445374.00000 4368010.00000 -115.5682
445374.00000 4368014.00000 -115.4408
445374.00000 4368018.00000 -115.3493
445374.00000 4368022.00000 -115.2856
445374.00000 4368026.00000 -115.2721
445374.00000 4368030.00000 -115.1578
445374.00000 4368034.00000 -114.9631
445374.00000 4368038.00000 -114.7522
445374.00000 4368042.00000 -114.5870
445374.00000 4368046.00000 -114.5272
445374.00000 4368050.00000 -114.4593
445374.00000 4368054.00000 -115.0047
445374.00000 4368058.00000 -115.2231
445374.00000 4368062.00000 -115.5150
445374.00000 4368066.00000 -115.3962
445374.00000 4368070.00000 -115.3921
445374.00000 4368074.00000 -115.1424
445374.00000 4368078.00000 -114.7169
445374.00000 4368082.00000 -114.8305
445374.00000 4368086.00000 -114.9839
445374.00000 4368090.00000 N.C.
445374.00000 4368094.00000 N.C.
445374.00000 4368098.00000 N.C.
445374.00000 4368102.00000 N.C.
445374.00000 4368106.00000 N.C.
445374.00000 4368110.00000 N.C.
445374.00000 4368114.00000 N.C.
445374.00000 4368118.00000 N.C.
445374.00000 4368122.00000 N.C.
445374.00000 4368126.00000 N.C.
445374.00000 4368130.00000 N.C.
445374.00000 4368134.00000 N.C.
445374.00000 4368138.00000 N.C.
445374.00000 4368142.00000 N.C.
445374.00000 4368146.00000 N.C.
445374.00000 4368150.00000 -124.9265
445374.00000 4368154.00000 -125.1635
445374.00000 4368158.00000 -125.4704
445374.00000 4368162.00000 -124.9479
445374.00000 4368166.00000 -122.4251
445374.00000 4368170.00000 -120.6151
445374.00000 4368174.00000 -117.3120
445374.00000 4368178.00000 -116.1830
445374.00000 4368182.00000 -114.8873
445374.00000 4368186.00000 N.C.
445374.00000 4368190.00000 N.C.
445374.00000 4368194.00000 N.C.
445374.00000 4368198.00000 N.C.
445374.00000 4368202.00000 N.C.
445374.00000 4368206.00000 N.C.
445374.00000 4368210.00000 -109.6946
445374.00000 4368214.00000 -109.9016
445374.00000 4368218.00000 -109.6863
445374.00000 4368222.00000 -108.8715
445374.00000 4368226.00000 -109.4535
445374.00000 4368230.00000 -112.7734
445374.00000 4368234.00000 -117.0271
445374.00000 4368238.00000 N.C.
445374.00000 4368242.00000 N.C.
445374.00000 4368246.00000 -130.2617
445374.00000 4368250.00000 -130.1497
445374.00000 4368254.00000 N.C.
445374.00000 4368258.00000 N.C.
445374.00000 4368262.00000 N.C.
445374.00000 4368266.00000 N.C.
445374.00000 4368270.00000 N.C.
445374.00000 4368274.00000 N.C.
445374.00000 4368278.00000 N.C.
445374.00000 4368282.00000 -112.1348
445374.00000 4368286.00000 -111.4456
445374.00000 4368290.00000 -110.9283
445374.00000 4368294.00000 -110.7115
445374.00000 4368298.00000 -111.0194
445374.00000 4368302.00000 -111.8508
445374.00000 4368306.00000 -112.7341
445374.00000 4368310.00000 -113.1112
445374.00000 4368314.00000 -112.9855
445374.00000 4368318.00000 -112.7297
445374.00000 4368322.00000 -112.7337
445374.00000 4368326.00000 -112.4044
445374.00000 4368330.00000 -111.8477
445374.00000 4368334.00000 -110.8491
445374.00000 4368338.00000 -109.7596
445374.00000 4368342.00000 -108.6409
445374.00000 4368346.00000 -107.7483
445374.00000 4368350.00000 -107.1247
445374.00000 4368354.00000 -106.7771
445374.00000 4368358.00000 -106.3054
445374.00000 4368362.00000 -105.6630
445374.00000 4368366.00000 -104.9158
445374.00000 4368370.00000 -104.5060
445374.00000 4368374.00000 -104.2366
445374.00000 4368378.00000 -104.0806
445374.00000 4368382.00000 -104.1674
445374.00000 4368386.00000 -104.4225
445374.00000 4368390.00000 -104.7435
445374.00000 4368394.00000 -104.8755
445378.00000 4367886.00000 -117.1779
445378.00000 4367890.00000 -117.0666
445378.00000 4367894.00000 -116.9342
445378.00000 4367898.00000 -116.8418
445378.00000 4367902.00000 -116.8712
445378.00000 4367906.00000 -116.8778
445378.00000 4367910.00000 -116.7665
445378.00000 4367914.00000 -116.5445
445378.00000 4367918.00000 -116.3192
445378.00000 4367922.00000 -116.1278
445378.00000 4367926.00000 -116.0557
445378.00000 4367930.00000 -116.0901
445378.00000 4367934.00000 -116.1434
445378.00000 4367938.00000 -116.1749
445378.00000 4367942.00000 -116.1007
445378.00000 4367946.00000 -116.0608
445378.00000 4367950.00000 -115.9909
445378.00000 4367954.00000 -115.9274
445378.00000 4367958.00000 -115.8417
445378.00000 4367962.00000 -115.7962
445378.00000 4367966.00000 -115.7353
445378.00000 4367970.00000 -115.7384
445378.00000 4367974.00000 -115.7876
445378.00000 4367978.00000 -115.9200
445378.00000 4367982.00000 -116.0420
445378.00000 4367986.00000 -116.1170
445378.00000 4367990.00000 -116.1519
445378.00000 4367994.00000 -116.0770
445378.00000 4367998.00000 -115.9584
445378.00000 4368002.00000 -115.8413
445378.00000 4368006.00000 -115.7852
445378.00000 4368010.00000 -115.7315
445378.00000 4368014.00000 -115.6379
445378.00000 4368018.00000 -115.6215
445378.00000 4368022.00000 -115.5649
445378.00000 4368026.00000 -115.5439
445378.00000 4368030.00000 -115.3557
445378.00000 4368034.00000 -115.1257
445378.00000 4368038.00000 -114.8695
445378.00000 4368042.00000 -114.7256
445378.00000 4368046.00000 -114.6774
445378.00000 4368050.00000 -114.5871
445378.00000 4368054.00000 -114.9631
445378.00000 4368058.00000 -115.0538
445378.00000 4368062.00000 -115.5879
445378.00000 4368066.00000 -115.6083
445378.00000 4368070.00000 -115.5947
445378.00000 4368074.00000 -115.1097
445378.00000 4368078.00000 -114.7707
445378.00000 4368082.00000 -115.2269
445378.00000 4368086.00000 -115.5560
445378.00000 4368090.00000 N.C.
445378.00000 4368094.00000 N.C.
445378.00000 4368098.00000 N.C.
445378.00000 4368102.00000 N.C.
445378.00000 4368106.00000 N.C.
445378.00000 4368110.00000 N.C.
445378.00000 4368114.00000 N.C.
445378.00000 4368118.00000 N.C.
445378.00000 4368122.00000 N.C.
445378.00000 4368126.00000 N.C.
445378.00000 4368130.00000 N.C.
445378.00000 4368134.00000 N.C.
445378.00000 4368138.00000 N.C.
445378.00000 4368142.00000 N.C.
445378.00000 4368146.00000 N.C.
445378.00000 4368150.00000 N.C.
445378.00000 4368154.00000 N.C.
445378.00000 4368158.00000 N.C.
445378.00000 4368162.00000 N.C.
445378.00000 4368166.00000 N.C.
445378.00000 4368170.00000 N.C.
445378.00000 4368174.00000 N.C.
445378.00000 4368178.00000 -115.2158
445378.00000 4368182.00000 -114.8962
445378.00000 4368186.00000 N.C.
445378.00000 4368190.00000 N.C.
445378.00000 4368194.00000 N.C.
445378.00000 4368198.00000 N.C.
445378.00000 4368202.00000 N.C.
445378.00000 4368206.00000 N.C.
445378.00000 4368210.00000 -110.1377
445378.00000 4368214.00000 -110.0213
445378.00000 4368218.00000 -109.9307
445378.00000 4368222.00000 -109.2944
445378.00000 4368226.00000 -109.8613
445378.00000 4368230.00000 -113.0688
445378.00000 4368234.00000 -115.6781
445378.00000 4368238.00000 N.C.
445378.00000 4368242.00000 N.C.
445378.00000 4368246.00000 -129.9663
445378.00000 4368250.00000 -129.6538
445378.00000 4368254.00000 -129.6595
445378.00000 4368258.00000 N.C.
445378.00000 4368262.00000 N.C.
445378.00000 4368266.00000 N.C.
445378.00000 4368270.00000 N.C.
445378.00000 4368274.00000 -114.9546
445378.00000 4368278.00000 -113.7486
445378.00000 4368282.00000 -112.1819
445378.00000 4368286.00000 -111.4310
445378.00000 4368290.00000 -111.1465
445378.00000 4368294.00000 -110.8005
445378.00000 4368298.00000 -110.7031
445378.00000 4368302.00000 -110.7191
445378.00000 4368306.00000 -111.0695
445378.00000 4368310.00000 -111.8066
445378.00000 4368314.00000 -112.3538
445378.00000 4368318.00000 -112.7810
445378.00000 4368322.00000 -112.6992
445378.00000 4368326.00000 -112.2249
445378.00000 4368330.00000 -111.4419
445378.00000 4368334.00000 -110.6149
445378.00000 4368338.00000 -109.7371
445378.00000 4368342.00000 -108.8540
445378.00000 4368346.00000 -108.0944
445378.00000 4368350.00000 -107.4773
445378.00000 4368354.00000 -107.1430
445378.00000 4368358.00000 -106.7963
445378.00000 4368362.00000 -106.2076
445378.00000 4368366.00000 -105.4996
445378.00000 4368370.00000 -104.9921
445378.00000 4368374.00000 -104.6523
445378.00000 4368378.00000 -104.4053
445378.00000 4368382.00000 -104.2337
445378.00000 4368386.00000 -104.3049
445378.00000 4368390.00000 -104.6175
445378.00000 4368394.00000 -104.8071
445382.00000 4367886.00000 -117.2325
445382.00000 4367890.00000 -117.1572
445382.00000 4367894.00000 -117.0496
445382.00000 4367898.00000 -117.0341
445382.00000 4367902.00000 -116.9972
445382.00000 4367906.00000 -116.8954
445382.00000 4367910.00000 -116.6573
445382.00000 4367914.00000 -116.4806
445382.00000 4367918.00000 -116.3116
445382.00000 4367922.00000 -116.2622
445382.00000 4367926.00000 -116.2652
445382.00000 4367930.00000 -116.3425
445382.00000 4367934.00000 -116.3251
445382.00000 4367938.00000 -116.2801
445382.00000 4367942.00000 -116.1724
445382.00000 4367946.00000 -116.1144
445382.00000 4367950.00000 -116.0507
445382.00000 4367954.00000 -116.0547
445382.00000 4367958.00000 -116.0343
445382.00000 4367962.00000 -115.9961
445382.00000 4367966.00000 -115.9914
445382.00000 4367970.00000 -116.0723
445382.00000 4367974.00000 -116.2238
445382.00000 4367978.00000 -116.3631
445382.00000 4367982.00000 -116.4137
445382.00000 4367986.00000 -116.3819
445382.00000 4367990.00000 -116.2534
445382.00000 4367994.00000 -116.1608
445382.00000 4367998.00000 -116.0575
445382.00000 4368002.00000 -116.0163
445382.00000 4368006.00000 -115.9383
445382.00000 4368010.00000 -115.8917
445382.00000 4368014.00000 -115.8867
445382.00000 4368018.00000 -115.9311
445382.00000 4368022.00000 -115.8542
445382.00000 4368026.00000 -115.6974
445382.00000 4368030.00000 -115.4013
445382.00000 4368034.00000 -115.1417
445382.00000 4368038.00000 -114.9141
445382.00000 4368042.00000 -114.7902
445382.00000 4368046.00000 -114.7216
445382.00000 4368050.00000 -114.8705
445382.00000 4368054.00000 -115.1109
445382.00000 4368058.00000 -115.3745
445382.00000 4368062.00000 -115.6698
445382.00000 4368066.00000 -115.8452
445382.00000 4368070.00000 -115.6544
445382.00000 4368074.00000 -115.1732
445382.00000 4368078.00000 -114.9854
445382.00000 4368082.00000 -116.1327
445382.00000 4368086.00000 -116.8438
445382.00000 4368090.00000 N.C.
445382.00000 4368094.00000 N.C.
445382.00000 4368098.00000 N.C.
445382.00000 4368102.00000 N.C.
445382.00000 4368106.00000 N.C.
445382.00000 4368110.00000 N.C.
445382.00000 4368114.00000 N.C.
445382.00000 4368118.00000 N.C.
445382.00000 4368122.00000 N.C.
445382.00000 4368126.00000 N.C.
445382.00000 4368130.00000 N.C.
445382.00000 4368134.00000 N.C.
445382.00000 4368138.00000 N.C.
445382.00000 4368142.00000 N.C.
445382.00000 4368146.00000 N.C.
445382.00000 4368150.00000 N.C.
445382.00000 4368154.00000 N.C.
445382.00000 4368158.00000 N.C.
445382.00000 4368162.00000 N.C.
445382.00000 4368166.00000 N.C.
445382.00000 4368170.00000 N.C.
445382.00000 4368174.00000 N.C.
445382.00000 4368178.00000 -115.4705
445382.00000 4368182.00000 -115.4705
445382.00000 4368186.00000 N.C.
445382.00000 4368190.00000 N.C.
445382.00000 4368194.00000 N.C.
445382.00000 4368198.00000 N.C.
445382.00000 4368202.00000 N.C.
445382.00000 4368206.00000 -110.4690
445382.00000 4368210.00000 -110.3241
445382.00000 4368214.00000 -110.1853
445382.00000 4368218.00000 -110.1318
445382.00000 4368222.00000 -109.6785
445382.00000 4368226.00000 -109.4947
445382.00000 4368230.00000 -112.3791
445382.00000 4368234.00000 -114.4463
445382.00000 4368238.00000 N.C.
445382.00000 4368242.00000 N.C.
445382.00000 4368246.00000 -128.6120
445382.00000 4368250.00000 -128.6380
445382.00000 4368254.00000 -128.1746
445382.00000 4368258.00000 N.C.
445382.00000 4368262.00000 N.C.
445382.00000 4368266.00000 N.C.
445382.00000 4368270.00000 N.C.
445382.00000 4368274.00000 -115.0039
445382.00000 4368278.00000 -113.9747
445382.00000 4368282.00000 -112.3430
445382.00000 4368286.00000 -111.3917
445382.00000 4368290.00000 -111.2535
445382.00000 4368294.00000 -111.0049
445382.00000 4368298.00000 -110.8467
445382.00000 4368302.00000 -110.3044
445382.00000 4368306.00000 -110.1435
445382.00000 4368310.00000 -110.6510
445382.00000 4368314.00000 -111.5918
445382.00000 4368318.00000 -112.4002
445382.00000 4368322.00000 -112.4244
445382.00000 4368326.00000 -111.7748
445382.00000 4368330.00000 -110.7310
445382.00000 4368334.00000 -109.8947
445382.00000 4368338.00000 -109.2063
445382.00000 4368342.00000 -108.6812
445382.00000 4368346.00000 -108.1062
445382.00000 4368350.00000 -107.7361
445382.00000 4368354.00000 -107.4803
445382.00000 4368358.00000 -107.1853
445382.00000 4368362.00000 -106.6912
445382.00000 4368366.00000 -106.1195
445382.00000 4368370.00000 -105.5902
445382.00000 4368374.00000 -105.1595
445382.00000 4368378.00000 -104.7308
445382.00000 4368382.00000 -104.4570
445382.00000 4368386.00000 -104.2887
445382.00000 4368390.00000 -104.4825
445382.00000 4368394.00000 -104.6039
445386.00000 4367886.00000 -117.2728
445386.00000 4367890.00000 -117.2527
445386.00000 4367894.00000 -117.2333
445386.00000 4367898.00000 -117.1375
445386.00000 4367902.00000 -116.9818
445386.00000 4367906.00000 -116.8142
445386.00000 4367910.00000 -116.6318
445386.00000 4367914.00000 -116.5554
445386.00000 4367918.00000 -116.4660
445386.00000 4367922.00000 -116.4862
445386.00000 4367926.00000 -116.4648
445386.00000 4367930.00000 -116.4630
445386.00000 4367934.00000 -116.3781
445386.00000 4367938.00000 -116.3419
445386.00000 4367942.00000 -116.2764
445386.00000 4367946.00000 -116.2962
445386.00000 4367950.00000 -116.2958
445386.00000 4367954.00000 -116.2964
445386.00000 4367958.00000 -116.3424
445386.00000 4367962.00000 -116.3319
445386.00000 4367966.00000 -116.3807
445386.00000 4367970.00000 -116.4626
445386.00000 4367974.00000 -116.5511
445386.00000 4367978.00000 -116.6115
445386.00000 4367982.00000 -116.5284
445386.00000 4367986.00000 -116.4455
445386.00000 4367990.00000 -116.3293
445386.00000 4367994.00000 -116.2830
445386.00000 4367998.00000 -116.2208
445386.00000 4368002.00000 -116.1858
445386.00000 4368006.00000 -116.1178
445386.00000 4368010.00000 -116.1220
445386.00000 4368014.00000 -116.1743
445386.00000 4368018.00000 -116.2142
445386.00000 4368022.00000 -116.0452
445386.00000 4368026.00000 -115.7088
445386.00000 4368030.00000 -115.3460
445386.00000 4368034.00000 -115.1014
445386.00000 4368038.00000 -114.8925
445386.00000 4368042.00000 -114.8180
445386.00000 4368046.00000 -114.8034
445386.00000 4368050.00000 -115.2060
445386.00000 4368054.00000 -115.3605
445386.00000 4368058.00000 -115.7291
445386.00000 4368062.00000 -115.8416
445386.00000 4368066.00000 -116.0362
445386.00000 4368070.00000 -115.6906
445386.00000 4368074.00000 -115.2515
445386.00000 4368078.00000 -115.2513
445386.00000 4368082.00000 -116.4541
445386.00000 4368086.00000 -117.3888
445386.00000 4368090.00000 N.C.
445386.00000 4368094.00000 N.C.
445386.00000 4368098.00000 N.C.
445386.00000 4368102.00000 N.C.
445386.00000 4368106.00000 N.C.
445386.00000 4368110.00000 N.C.
445386.00000 4368114.00000 N.C.
445386.00000 4368118.00000 N.C.
445386.00000 4368122.00000 N.C.
445386.00000 4368126.00000 N.C.
445386.00000 4368130.00000 N.C.
445386.00000 4368134.00000 N.C.
445386.00000 4368138.00000 N.C.
445386.00000 4368142.00000 N.C.
445386.00000 4368146.00000 N.C.
445386.00000 4368150.00000 N.C.
445386.00000 4368154.00000 N.C.
445386.00000 4368158.00000 N.C.
445386.00000 4368162.00000 N.C.
445386.00000 4368166.00000 N.C.
445386.00000 4368170.00000 N.C.
445386.00000 4368174.00000 N.C.
445386.00000 4368178.00000 -115.8111
445386.00000 4368182.00000 -115.8111
445386.00000 4368186.00000 N.C.
445386.00000 4368190.00000 N.C.
445386.00000 4368194.00000 N.C.
445386.00000 4368198.00000 N.C.
445386.00000 4368202.00000 N.C.
445386.00000 4368206.00000 -110.7829
445386.00000 4368210.00000 -110.4810
445386.00000 4368214.00000 -110.2756
445386.00000 4368218.00000 -110.2358
445386.00000 4368222.00000 -110.1799
445386.00000 4368226.00000 N.C.
445386.00000 4368230.00000 N.C.
445386.00000 4368234.00000 N.C.
445386.00000 4368238.00000 N.C.
445386.00000 4368242.00000 N.C.
445386.00000 4368246.00000 -126.9750
445386.00000 4368250.00000 -127.4439
445386.00000 4368254.00000 N.C.
445386.00000 4368258.00000 N.C.
445386.00000 4368262.00000 N.C.
445386.00000 4368266.00000 -128.2574
445386.00000 4368270.00000 N.C.
445386.00000 4368274.00000 -114.6598
445386.00000 4368278.00000 -113.7855
445386.00000 4368282.00000 -112.6295
445386.00000 4368286.00000 -111.4859
445386.00000 4368290.00000 -111.3917
445386.00000 4368294.00000 -111.0511
445386.00000 4368298.00000 -111.0390
445386.00000 4368302.00000 -110.4691
445386.00000 4368306.00000 -110.1886
445386.00000 4368310.00000 -110.1901
445386.00000 4368314.00000 -110.8116
445386.00000 4368318.00000 -111.6849
445386.00000 4368322.00000 -112.1458
445386.00000 4368326.00000 -111.7195
445386.00000 4368330.00000 -110.9387
445386.00000 4368334.00000 -109.9637
445386.00000 4368338.00000 -109.2958
445386.00000 4368342.00000 -108.7024
445386.00000 4368346.00000 -108.2564
445386.00000 4368350.00000 -107.9494
445386.00000 4368354.00000 -107.7045
445386.00000 4368358.00000 -107.4832
445386.00000 4368362.00000 -107.0709
445386.00000 4368366.00000 -106.5051
445386.00000 4368370.00000 -106.0228
445386.00000 4368374.00000 -105.5770
445386.00000 4368378.00000 -105.2467
445386.00000 4368382.00000 -104.8863
445386.00000 4368386.00000 -104.6325
445386.00000 4368390.00000 -104.5962
445386.00000 4368394.00000 -104.6091
445390.00000 4367886.00000 -117.4241
445390.00000 4367890.00000 -117.3198
445390.00000 4367894.00000 -117.2156
445390.00000 4367898.00000 -117.0049
445390.00000 4367902.00000 -116.8782
445390.00000 4367906.00000 -116.7463
445390.00000 4367910.00000 -116.7158
445390.00000 4367914.00000 -116.7227
445390.00000 4367918.00000 -116.6720
445390.00000 4367922.00000 -116.6174
445390.00000 4367926.00000 -116.5578
445390.00000 4367930.00000 -116.5952
445390.00000 4367934.00000 -116.5811
445390.00000 4367938.00000 -116.5642
445390.00000 4367942.00000 -116.5200
445390.00000 4367946.00000 -116.5463
445390.00000 4367950.00000 -116.5453
445390.00000 4367954.00000 -116.5613
445390.00000 4367958.00000 -116.6096
445390.00000 4367962.00000 -116.6510
445390.00000 4367966.00000 -116.7035
445390.00000 4367970.00000 -116.7712
445390.00000 4367974.00000 -116.7866
445390.00000 4367978.00000 -116.7332
445390.00000 4367982.00000 -116.6040
445390.00000 4367986.00000 -116.5298
445390.00000 4367990.00000 -116.4721
445390.00000 4367994.00000 -116.4256
445390.00000 4367998.00000 -116.3738
445390.00000 4368002.00000 -116.3777
445390.00000 4368006.00000 -116.3875
445390.00000 4368010.00000 -116.4530
445390.00000 4368014.00000 -116.4845
445390.00000 4368018.00000 -116.3574
445390.00000 4368022.00000 -115.9799
445390.00000 4368026.00000 -115.5458
445390.00000 4368030.00000 -115.3127
445390.00000 4368034.00000 -115.1529
445390.00000 4368038.00000 -114.9997
445390.00000 4368042.00000 -114.9153
445390.00000 4368046.00000 -114.9761
445390.00000 4368050.00000 -115.4387
445390.00000 4368054.00000 -115.5465
445390.00000 4368058.00000 -116.0534
445390.00000 4368062.00000 -116.0804
445390.00000 4368066.00000 -116.1672
445390.00000 4368070.00000 -115.6510
445390.00000 4368074.00000 -115.3114
445390.00000 4368078.00000 -115.4315
445390.00000 4368082.00000 -116.4825
445390.00000 4368086.00000 N.C.
445390.00000 4368090.00000 N.C.
445390.00000 4368094.00000 N.C.
445390.00000 4368098.00000 N.C.
445390.00000 4368102.00000 N.C.
445390.00000 4368106.00000 N.C.
445390.00000 4368110.00000 N.C.
445390.00000 4368114.00000 N.C.
445390.00000 4368118.00000 N.C.
445390.00000 4368122.00000 N.C.
445390.00000 4368126.00000 N.C.
445390.00000 4368130.00000 N.C.
445390.00000 4368134.00000 N.C.
445390.00000 4368138.00000 N.C.
445390.00000 4368142.00000 N.C.
445390.00000 4368146.00000 N.C.
445390.00000 4368150.00000 N.C.
445390.00000 4368154.00000 N.C.
445390.00000 4368158.00000 N.C.
445390.00000 4368162.00000 N.C.
445390.00000 4368166.00000 N.C.
445390.00000 4368170.00000 N.C.
445390.00000 4368174.00000 N.C.
445390.00000 4368178.00000 -115.8583
445390.00000 4368182.00000 N.C.
445390.00000 4368186.00000 N.C.
445390.00000 4368190.00000 N.C.
445390.00000 4368194.00000 N.C.
445390.00000 4368198.00000 N.C.
445390.00000 4368202.00000 N.C.
445390.00000 4368206.00000 -110.9352
445390.00000 4368210.00000 -110.6504
445390.00000 4368214.00000 -111.5397
445390.00000 4368218.00000 -111.4163
445390.00000 4368222.00000 -111.9565
445390.00000 4368226.00000 N.C.
445390.00000 4368230.00000 N.C.
445390.00000 4368234.00000 N.C.
445390.00000 4368238.00000 N.C.
445390.00000 4368242.00000 -126.3221
445390.00000 4368246.00000 N.C.
445390.00000 4368250.00000 N.C.
445390.00000 4368254.00000 N.C.
445390.00000 4368258.00000 N.C.
445390.00000 4368262.00000 N.C.
445390.00000 4368266.00000 N.C.
445390.00000 4368270.00000 N.C.
445390.00000 4368274.00000 -114.5027
445390.00000 4368278.00000 -113.8780
445390.00000 4368282.00000 -112.8621
445390.00000 4368286.00000 -111.7774
445390.00000 4368290.00000 -111.3755
445390.00000 4368294.00000 -111.1673
445390.00000 4368298.00000 -111.1103
445390.00000 4368302.00000 -110.8435
445390.00000 4368306.00000 -110.5443
445390.00000 4368310.00000 -110.1471
445390.00000 4368314.00000 -110.2073
445390.00000 4368318.00000 -110.8070
445390.00000 4368322.00000 -111.6529
445390.00000 4368326.00000 -111.6144
445390.00000 4368330.00000 -110.9592
445390.00000 4368334.00000 -109.8613
445390.00000 4368338.00000 -108.9987
445390.00000 4368342.00000 -108.5727
445390.00000 4368346.00000 -108.2891
445390.00000 4368350.00000 -108.2220
445390.00000 4368354.00000 -108.0019
445390.00000 4368358.00000 -107.8555
445390.00000 4368362.00000 -107.5884
445390.00000 4368366.00000 -107.0399
445390.00000 4368370.00000 -106.4953
445390.00000 4368374.00000 -106.0402
445390.00000 4368378.00000 -105.7221
445390.00000 4368382.00000 -105.4278
445390.00000 4368386.00000 -105.0945
445390.00000 4368390.00000 -104.8901
445390.00000 4368394.00000 -104.7592
445394.00000 4367886.00000 -117.4390
445394.00000 4367890.00000 -117.2921
445394.00000 4367894.00000 -117.1550
445394.00000 4367898.00000 -116.9610
445394.00000 4367902.00000 -116.9387
445394.00000 4367906.00000 -116.9079
445394.00000 4367910.00000 -116.9407
445394.00000 4367914.00000 -116.8924
445394.00000 4367918.00000 -116.7904
445394.00000 4367922.00000 -116.7166
445394.00000 4367926.00000 -116.7230
445394.00000 4367930.00000 -116.7776
445394.00000 4367934.00000 -116.8158
445394.00000 4367938.00000 -116.8514
445394.00000 4367942.00000 -116.8438
445394.00000 4367946.00000 -116.8555
445394.00000 4367950.00000 -116.8075
445394.00000 4367954.00000 -116.7817
445394.00000 4367958.00000 -116.8558
445394.00000 4367962.00000 -116.9384
445394.00000 4367966.00000 -116.9896
445394.00000 4367970.00000 -116.9616
445394.00000 4367974.00000 -116.8785
445394.00000 4367978.00000 -116.7885
445394.00000 4367982.00000 -116.7088
445394.00000 4367986.00000 -116.6668
445394.00000 4367990.00000 -116.6634
445394.00000 4367994.00000 -116.5710
445394.00000 4367998.00000 -116.5566
445394.00000 4368002.00000 -116.6111
445394.00000 4368006.00000 -116.7311
445394.00000 4368010.00000 -116.7719
445394.00000 4368014.00000 -116.5932
445394.00000 4368018.00000 -116.2530
445394.00000 4368022.00000 -115.7937
445394.00000 4368026.00000 -115.5379
445394.00000 4368030.00000 -115.4676
445394.00000 4368034.00000 -115.2702
445394.00000 4368038.00000 -115.0972
445394.00000 4368042.00000 -114.9933
445394.00000 4368046.00000 -115.0719
445394.00000 4368050.00000 -115.3070
445394.00000 4368054.00000 -115.5433
445394.00000 4368058.00000 -116.0701
445394.00000 4368062.00000 -116.2815
445394.00000 4368066.00000 -116.0602
445394.00000 4368070.00000 -115.5945
445394.00000 4368074.00000 -115.3439
445394.00000 4368078.00000 -115.6074
445394.00000 4368082.00000 -115.8265
445394.00000 4368086.00000 N.C.
445394.00000 4368090.00000 N.C.
445394.00000 4368094.00000 N.C.
445394.00000 4368098.00000 N.C.
445394.00000 4368102.00000 N.C.
445394.00000 4368106.00000 N.C.
445394.00000 4368110.00000 N.C.
445394.00000 4368114.00000 N.C.
445394.00000 4368118.00000 N.C.
445394.00000 4368122.00000 N.C.
445394.00000 4368126.00000 N.C.
445394.00000 4368130.00000 N.C.
445394.00000 4368134.00000 N.C.
445394.00000 4368138.00000 N.C.
445394.00000 4368142.00000 N.C.
445394.00000 4368146.00000 N.C.
445394.00000 4368150.00000 N.C.
445394.00000 4368154.00000 N.C.
445394.00000 4368158.00000 N.C.
445394.00000 4368162.00000 N.C.
445394.00000 4368166.00000 N.C.
445394.00000 4368170.00000 N.C.
445394.00000 4368174.00000 N.C.
445394.00000 4368178.00000 -114.7586
445394.00000 4368182.00000 N.C.
445394.00000 4368186.00000 N.C.
445394.00000 4368190.00000 N.C.
445394.00000 4368194.00000 N.C.
445394.00000 4368198.00000 N.C.
445394.00000 4368202.00000 N.C.
445394.00000 4368206.00000 -111.1058
445394.00000 4368210.00000 -110.8674
445394.00000 4368214.00000 N.C.
445394.00000 4368218.00000 -113.3608
445394.00000 4368222.00000 -114.1455
445394.00000 4368226.00000 N.C.
445394.00000 4368230.00000 N.C.
445394.00000 4368234.00000 N.C.
445394.00000 4368238.00000 -127.2927
445394.00000 4368242.00000 -126.3573
445394.00000 4368246.00000 N.C.
445394.00000 4368250.00000 N.C.
445394.00000 4368254.00000 N.C.
445394.00000 4368258.00000 N.C.
445394.00000 4368262.00000 N.C.
445394.00000 4368266.00000 N.C.
445394.00000 4368270.00000 N.C.
445394.00000 4368274.00000 -114.9343
445394.00000 4368278.00000 -113.8945
445394.00000 4368282.00000 -113.1768
445394.00000 4368286.00000 -112.2432
445394.00000 4368290.00000 -111.6088
445394.00000 4368294.00000 -111.2053
445394.00000 4368298.00000 -111.1761
445394.00000 4368302.00000 -110.9886
445394.00000 4368306.00000 -110.7689
445394.00000 4368310.00000 -110.2963
445394.00000 4368314.00000 -109.9874
445394.00000 4368318.00000 -110.1417
445394.00000 4368322.00000 -110.8160
445394.00000 4368326.00000 -111.2047
445394.00000 4368330.00000 -111.0378
445394.00000 4368334.00000 -110.2370
445394.00000 4368338.00000 -109.3029
445394.00000 4368342.00000 -108.7826
445394.00000 4368346.00000 -108.5265
445394.00000 4368350.00000 -108.3944
445394.00000 4368354.00000 -108.2748
445394.00000 4368358.00000 -108.1436
445394.00000 4368362.00000 -108.0577
445394.00000 4368366.00000 -107.5552
445394.00000 4368370.00000 -106.9020
445394.00000 4368374.00000 -106.4118
445394.00000 4368378.00000 -106.1689
445394.00000 4368382.00000 -105.9730
445394.00000 4368386.00000 -105.6304
445394.00000 4368390.00000 -105.2437
445394.00000 4368394.00000 -105.0633
445398.00000 4367886.00000 -117.3306
445398.00000 4367890.00000 -117.2357
445398.00000 4367894.00000 -117.1226
445398.00000 4367898.00000 -117.0736
445398.00000 4367902.00000 -117.0977
445398.00000 4367906.00000 -117.0509
445398.00000 4367910.00000 -117.0262
445398.00000 4367914.00000 -116.9776
445398.00000 4367918.00000 -116.9942
445398.00000 4367922.00000 -116.9784
445398.00000 4367926.00000 -116.9968
445398.00000 4367930.00000 -117.0934
445398.00000 4367934.00000 -117.1689
445398.00000 4367938.00000 -117.2063
445398.00000 4367942.00000 -117.1049
445398.00000 4367946.00000 -117.0468
445398.00000 4367950.00000 -116.9724
445398.00000 4367954.00000 -117.0026
445398.00000 4367958.00000 -117.0511
445398.00000 4367962.00000 -117.1405
445398.00000 4367966.00000 -117.1407
445398.00000 4367970.00000 -117.0912
445398.00000 4367974.00000 -117.0078
445398.00000 4367978.00000 -116.9224
445398.00000 4367982.00000 -116.8652
445398.00000 4367986.00000 -116.8422
445398.00000 4367990.00000 -116.8869
445398.00000 4367994.00000 -116.8665
445398.00000 4367998.00000 -116.9009
445398.00000 4368002.00000 -116.9257
445398.00000 4368006.00000 -117.0110
445398.00000 4368010.00000 -116.8775
445398.00000 4368014.00000 -116.5177
445398.00000 4368018.00000 -116.0325
445398.00000 4368022.00000 -115.6781
445398.00000 4368026.00000 -115.6614
445398.00000 4368030.00000 -115.6554
445398.00000 4368034.00000 -115.4588
445398.00000 4368038.00000 -115.2644
445398.00000 4368042.00000 -115.2105
445398.00000 4368046.00000 -115.1519
445398.00000 4368050.00000 -115.1642
445398.00000 4368054.00000 -115.5087
445398.00000 4368058.00000 -116.1107
445398.00000 4368062.00000 -116.3459
445398.00000 4368066.00000 -115.9415
445398.00000 4368070.00000 -115.4608
445398.00000 4368074.00000 -115.3866
445398.00000 4368078.00000 -115.6938
445398.00000 4368082.00000 -115.9891
445398.00000 4368086.00000 N.C.
445398.00000 4368090.00000 N.C.
445398.00000 4368094.00000 N.C.
445398.00000 4368098.00000 N.C.
445398.00000 4368102.00000 N.C.
445398.00000 4368106.00000 N.C.
445398.00000 4368110.00000 N.C.
445398.00000 4368114.00000 N.C.
445398.00000 4368118.00000 N.C.
445398.00000 4368122.00000 N.C.
445398.00000 4368126.00000 N.C.
445398.00000 4368130.00000 N.C.
445398.00000 4368134.00000 N.C.
445398.00000 4368138.00000 N.C.
445398.00000 4368142.00000 N.C.
445398.00000 4368146.00000 N.C.
445398.00000 4368150.00000 N.C.
445398.00000 4368154.00000 N.C.
445398.00000 4368158.00000 N.C.
445398.00000 4368162.00000 N.C.
445398.00000 4368166.00000 N.C.
445398.00000 4368170.00000 N.C.
445398.00000 4368174.00000 -114.6906
445398.00000 4368178.00000 -114.6906
445398.00000 4368182.00000 N.C.
445398.00000 4368186.00000 N.C.
445398.00000 4368190.00000 N.C.
445398.00000 4368194.00000 N.C.
445398.00000 4368198.00000 N.C.
445398.00000 4368202.00000 N.C.
445398.00000 4368206.00000 -111.1051
445398.00000 4368210.00000 -111.1051
445398.00000 4368214.00000 N.C.
445398.00000 4368218.00000 -115.8458
445398.00000 4368222.00000 N.C.
445398.00000 4368226.00000 N.C.
445398.00000 4368230.00000 N.C.
445398.00000 4368234.00000 N.C.
445398.00000 4368238.00000 -126.8815
445398.00000 4368242.00000 -126.2253
445398.00000 4368246.00000 -122.6270
445398.00000 4368250.00000 N.C.
445398.00000 4368254.00000 -121.7791
445398.00000 4368258.00000 -123.0009
445398.00000 4368262.00000 -123.4437
445398.00000 4368266.00000 -121.5282
445398.00000 4368270.00000 -117.4511
445398.00000 4368274.00000 -114.9200
445398.00000 4368278.00000 -113.6889
445398.00000 4368282.00000 -113.0126
445398.00000 4368286.00000 -112.4518
445398.00000 4368290.00000 -111.9391
445398.00000 4368294.00000 -111.5713
445398.00000 4368298.00000 -111.2794
445398.00000 4368302.00000 -111.1662
445398.00000 4368306.00000 -110.9042
445398.00000 4368310.00000 -110.4853
445398.00000 4368314.00000 -109.9996
445398.00000 4368318.00000 -109.7460
445398.00000 4368322.00000 -110.1308
445398.00000 4368326.00000 -110.6307
445398.00000 4368330.00000 -110.7872
445398.00000 4368334.00000 -110.3172
445398.00000 4368338.00000 -109.5219
445398.00000 4368342.00000 -108.8484
445398.00000 4368346.00000 -108.6048
445398.00000 4368350.00000 -108.4500
445398.00000 4368354.00000 -108.4439
445398.00000 4368358.00000 -108.3302
445398.00000 4368362.00000 -108.3336
445398.00000 4368366.00000 -108.0616
445398.00000 4368370.00000 -107.5165
445398.00000 4368374.00000 -106.8674
445398.00000 4368378.00000 -106.4421
445398.00000 4368382.00000 -106.2870
445398.00000 4368386.00000 -106.0655
445398.00000 4368390.00000 -105.7360
445398.00000 4368394.00000 -105.4653
445402.00000 4367886.00000 -117.3035
445402.00000 4367890.00000 -117.3164
445402.00000 4367894.00000 -117.2791
445402.00000 4367898.00000 -117.3087
445402.00000 4367902.00000 -117.2675
445402.00000 4367906.00000 -117.2098
445402.00000 4367910.00000 -117.1677
445402.00000 4367914.00000 -117.1795
445402.00000 4367918.00000 -117.2654
445402.00000 4367922.00000 -117.3471
445402.00000 4367926.00000 -117.3875
445402.00000 4367930.00000 -117.4296
445402.00000 4367934.00000 -117.4025
445402.00000 4367938.00000 -117.3922
445402.00000 4367942.00000 -117.2722
445402.00000 4367946.00000 -117.2105
445402.00000 4367950.00000 -117.1608
445402.00000 4367954.00000 -117.2337
445402.00000 4367958.00000 -117.2979
445402.00000 4367962.00000 -117.3335
445402.00000 4367966.00000 -117.2941
445402.00000 4367970.00000 -117.2099
445402.00000 4367974.00000 -117.1262
445402.00000 4367978.00000 -117.0792
445402.00000 4367982.00000 -117.0602
445402.00000 4367986.00000 -117.1251
445402.00000 4367990.00000 -117.1983
445402.00000 4367994.00000 -117.2311
445402.00000 4367998.00000 -117.2120
445402.00000 4368002.00000 -117.1744
445402.00000 4368006.00000 -117.0896
445402.00000 4368010.00000 -116.7883
445402.00000 4368014.00000 -116.3057
445402.00000 4368018.00000 -115.9230
445402.00000 4368022.00000 -115.7856
445402.00000 4368026.00000 -115.9154
445402.00000 4368030.00000 -115.7785
445402.00000 4368034.00000 -115.5283
445402.00000 4368038.00000 -115.2742
445402.00000 4368042.00000 -115.2697
445402.00000 4368046.00000 -115.0728
445402.00000 4368050.00000 -115.0837
445402.00000 4368054.00000 -115.5709
445402.00000 4368058.00000 -116.2249
445402.00000 4368062.00000 -116.3632
445402.00000 4368066.00000 -115.8385
445402.00000 4368070.00000 -115.4280
445402.00000 4368074.00000 -115.4936
445402.00000 4368078.00000 -115.8466
445402.00000 4368082.00000 -116.1393
445402.00000 4368086.00000 N.C.
445402.00000 4368090.00000 N.C.
445402.00000 4368094.00000 N.C.
445402.00000 4368098.00000 N.C.
445402.00000 4368102.00000 N.C.
445402.00000 4368106.00000 N.C.
445402.00000 4368110.00000 N.C.
445402.00000 4368114.00000 N.C.
445402.00000 4368118.00000 N.C.
445402.00000 4368122.00000 N.C.
445402.00000 4368126.00000 N.C.
445402.00000 4368130.00000 N.C.
445402.00000 4368134.00000 N.C.
445402.00000 4368138.00000 N.C.
445402.00000 4368142.00000 N.C.
445402.00000 4368146.00000 N.C.
445402.00000 4368150.00000 N.C.
445402.00000 4368154.00000 N.C.
445402.00000 4368158.00000 N.C.
445402.00000 4368162.00000 N.C.
445402.00000 4368166.00000 N.C.
445402.00000 4368170.00000 N.C.
445402.00000 4368174.00000 -115.0625
445402.00000 4368178.00000 -115.0625
445402.00000 4368182.00000 N.C.
445402.00000 4368186.00000 N.C.
445402.00000 4368190.00000 N.C.
445402.00000 4368194.00000 N.C.
445402.00000 4368198.00000 N.C.
445402.00000 4368202.00000 N.C.
445402.00000 4368206.00000 -111.4249
445402.00000 4368210.00000 -112.3554
445402.00000 4368214.00000 N.C.
445402.00000 4368218.00000 -116.4586
445402.00000 4368222.00000 N.C.
445402.00000 4368226.00000 N.C.
445402.00000 4368230.00000 N.C.
445402.00000 4368234.00000 -127.4161
445402.00000 4368238.00000 -125.7101
445402.00000 4368242.00000 -125.2355
445402.00000 4368246.00000 N.C.
445402.00000 4368250.00000 N.C.
445402.00000 4368254.00000 -120.2653
445402.00000 4368258.00000 -120.8889
445402.00000 4368262.00000 -121.3406
445402.00000 4368266.00000 -119.8842
445402.00000 4368270.00000 -117.4333
445402.00000 4368274.00000 -115.0927
445402.00000 4368278.00000 -113.6286
445402.00000 4368282.00000 -112.9498
445402.00000 4368286.00000 -112.5499
445402.00000 4368290.00000 -112.1721
445402.00000 4368294.00000 -111.8431
445402.00000 4368298.00000 -111.4003
445402.00000 4368302.00000 -111.3201
445402.00000 4368306.00000 -111.0425
445402.00000 4368310.00000 -110.6629
445402.00000 4368314.00000 -110.2523
445402.00000 4368318.00000 -109.8443
445402.00000 4368322.00000 -109.8558
445402.00000 4368326.00000 -110.0617
445402.00000 4368330.00000 -110.3400
445402.00000 4368334.00000 -110.2253
445402.00000 4368338.00000 -109.8230
445402.00000 4368342.00000 -109.1032
445402.00000 4368346.00000 -108.7912
445402.00000 4368350.00000 -108.5956
445402.00000 4368354.00000 -108.5256
445402.00000 4368358.00000 -108.4236
445402.00000 4368362.00000 -108.4499
445402.00000 4368366.00000 -108.4174
445402.00000 4368370.00000 -108.0194
445402.00000 4368374.00000 -107.2495
445402.00000 4368378.00000 -106.6898
445402.00000 4368382.00000 -106.4300
445402.00000 4368386.00000 -106.3819
445402.00000 4368390.00000 -106.2134
445402.00000 4368394.00000 -106.0736
445406.00000 4367886.00000 -117.4587
445406.00000 4367890.00000 -117.4958
445406.00000 4367894.00000 -117.4586
445406.00000 4367898.00000 -117.4491
445406.00000 4367902.00000 -117.4086
445406.00000 4367906.00000 -117.4261
445406.00000 4367910.00000 -117.4436
445406.00000 4367914.00000 -117.5191
445406.00000 4367918.00000 -117.6450
445406.00000 4367922.00000 -117.7191
445406.00000 4367926.00000 -117.6536
445406.00000 4367930.00000 -117.6197
445406.00000 4367934.00000 -117.5423
445406.00000 4367938.00000 -117.4884
445406.00000 4367942.00000 -117.3924
445406.00000 4367946.00000 -117.4069
445406.00000 4367950.00000 -117.4665
445406.00000 4367954.00000 -117.5641
445406.00000 4367958.00000 -117.5516
445406.00000 4367962.00000 -117.5109
445406.00000 4367966.00000 -117.3820
445406.00000 4367970.00000 -117.2940
445406.00000 4367974.00000 -117.2721
445406.00000 4367978.00000 -117.3000
445406.00000 4367982.00000 -117.3811
445406.00000 4367986.00000 -117.4664
445406.00000 4367990.00000 -117.5031
445406.00000 4367994.00000 -117.4977
445406.00000 4367998.00000 -117.3599
445406.00000 4368002.00000 -117.2222
445406.00000 4368006.00000 -116.9605
445406.00000 4368010.00000 -116.5793
445406.00000 4368014.00000 -116.1788
445406.00000 4368018.00000 -115.9713
445406.00000 4368022.00000 -115.9695
445406.00000 4368026.00000 -116.0063
445406.00000 4368030.00000 -115.7763
445406.00000 4368034.00000 -115.5940
445406.00000 4368038.00000 -115.4004
445406.00000 4368042.00000 -115.3242
445406.00000 4368046.00000 -114.9985
445406.00000 4368050.00000 -115.0204
445406.00000 4368054.00000 -115.3963
445406.00000 4368058.00000 -115.9058
445406.00000 4368062.00000 -115.7564
445406.00000 4368066.00000 -115.4465
445406.00000 4368070.00000 -115.2664
445406.00000 4368074.00000 -115.6830
445406.00000 4368078.00000 -116.2647
445406.00000 4368082.00000 -116.6645
445406.00000 4368086.00000 N.C.
445406.00000 4368090.00000 N.C.
445406.00000 4368094.00000 N.C.
445406.00000 4368098.00000 N.C.
445406.00000 4368102.00000 N.C.
445406.00000 4368106.00000 N.C.
445406.00000 4368110.00000 N.C.
445406.00000 4368114.00000 N.C.
445406.00000 4368118.00000 N.C.
445406.00000 4368122.00000 N.C.
445406.00000 4368126.00000 N.C.
445406.00000 4368130.00000 N.C.
445406.00000 4368134.00000 N.C.
445406.00000 4368138.00000 N.C.
445406.00000 4368142.00000 N.C.
445406.00000 4368146.00000 N.C.
445406.00000 4368150.00000 N.C.
445406.00000 4368154.00000 N.C.
445406.00000 4368158.00000 N.C.
445406.00000 4368162.00000 N.C.
445406.00000 4368166.00000 N.C.
445406.00000 4368170.00000 N.C.
445406.00000 4368174.00000 -115.8527
445406.00000 4368178.00000 -115.8527
445406.00000 4368182.00000 N.C.
445406.00000 4368186.00000 N.C.
445406.00000 4368190.00000 N.C.
445406.00000 4368194.00000 N.C.
445406.00000 4368198.00000 N.C.
445406.00000 4368202.00000 -111.8056
445406.00000 4368206.00000 -111.7201
445406.00000 4368210.00000 -113.2284
445406.00000 4368214.00000 -114.0063
445406.00000 4368218.00000 -115.8278
445406.00000 4368222.00000 N.C.
445406.00000 4368226.00000 N.C.
445406.00000 4368230.00000 N.C.
445406.00000 4368234.00000 -124.7178
445406.00000 4368238.00000 -124.0687
445406.00000 4368242.00000 -124.1446
445406.00000 4368246.00000 N.C.
445406.00000 4368250.00000 N.C.
445406.00000 4368254.00000 -118.1870
445406.00000 4368258.00000 -117.5489
445406.00000 4368262.00000 -117.5669
445406.00000 4368266.00000 -116.9585
445406.00000 4368270.00000 -116.0542
445406.00000 4368274.00000 -114.6328
445406.00000 4368278.00000 -113.4365
445406.00000 4368282.00000 -112.5828
445406.00000 4368286.00000 -112.3218
445406.00000 4368290.00000 -112.1789
445406.00000 4368294.00000 -112.1925
445406.00000 4368298.00000 -111.7136
445406.00000 4368302.00000 -111.4544
445406.00000 4368306.00000 -111.1692
445406.00000 4368310.00000 -110.8203
445406.00000 4368314.00000 -110.4658
445406.00000 4368318.00000 -110.0784
445406.00000 4368322.00000 -109.8949
445406.00000 4368326.00000 -109.9128
445406.00000 4368330.00000 -109.9185
445406.00000 4368334.00000 -109.9985
445406.00000 4368338.00000 -109.7557
445406.00000 4368342.00000 -109.3048
445406.00000 4368346.00000 -108.8246
445406.00000 4368350.00000 -108.6773
445406.00000 4368354.00000 -108.4569
445406.00000 4368358.00000 -108.4607
445406.00000 4368362.00000 -108.4519
445406.00000 4368366.00000 -108.6084
445406.00000 4368370.00000 -108.4487
445406.00000 4368374.00000 -107.8031
445406.00000 4368378.00000 -107.1525
445406.00000 4368382.00000 -106.6708
445406.00000 4368386.00000 -106.5255
445406.00000 4368390.00000 -106.4798
445406.00000 4368394.00000 -106.4146
445410.00000 4367886.00000 -117.6502
445410.00000 4367890.00000 -117.6005
445410.00000 4367894.00000 -117.5209
445410.00000 4367898.00000 -117.5224
445410.00000 4367902.00000 -117.5877
445410.00000 4367906.00000 -117.7303
445410.00000 4367910.00000 -117.7991
445410.00000 4367914.00000 -117.8693
445410.00000 4367918.00000 -117.8489
445410.00000 4367922.00000 -117.8310
445410.00000 4367926.00000 -117.7512
445410.00000 4367930.00000 -117.6904
445410.00000 4367934.00000 -117.6104
445410.00000 4367938.00000 -117.5826
445410.00000 4367942.00000 -117.6197
445410.00000 4367946.00000 -117.6892
445410.00000 4367950.00000 -117.7394
445410.00000 4367954.00000 -117.7693
445410.00000 4367958.00000 -117.7276
445410.00000 4367962.00000 -117.6234
445410.00000 4367966.00000 -117.5130
445410.00000 4367970.00000 -117.4606
445410.00000 4367974.00000 -117.5611
445410.00000 4367978.00000 -117.6460
445410.00000 4367982.00000 -117.7780
445410.00000 4367986.00000 -117.7886
445410.00000 4367990.00000 -117.7412
445410.00000 4367994.00000 -117.5960
445410.00000 4367998.00000 -117.3948
445410.00000 4368002.00000 -117.1681
445410.00000 4368006.00000 -116.7939
445410.00000 4368010.00000 -116.4256
445410.00000 4368014.00000 -116.1327
445410.00000 4368018.00000 -116.1232
445410.00000 4368022.00000 -116.1407
445410.00000 4368026.00000 -116.0694
445410.00000 4368030.00000 -115.8034
445410.00000 4368034.00000 -115.6207
445410.00000 4368038.00000 -115.4734
445410.00000 4368042.00000 -115.2982
445410.00000 4368046.00000 -114.9654
445410.00000 4368050.00000 -115.0129
445410.00000 4368054.00000 -115.2916
445410.00000 4368058.00000 -115.6033
445410.00000 4368062.00000 -115.2550
445410.00000 4368066.00000 -114.9811
445410.00000 4368070.00000 -114.9968
445410.00000 4368074.00000 -115.5031
445410.00000 4368078.00000 -116.8231
445410.00000 4368082.00000 -118.4742
445410.00000 4368086.00000 N.C.
445410.00000 4368090.00000 N.C.
445410.00000 4368094.00000 N.C.
445410.00000 4368098.00000 N.C.
445410.00000 4368102.00000 N.C.
445410.00000 4368106.00000 N.C.
445410.00000 4368110.00000 N.C.
445410.00000 4368114.00000 N.C.
445410.00000 4368118.00000 N.C.
445410.00000 4368122.00000 N.C.
445410.00000 4368126.00000 N.C.
445410.00000 4368130.00000 N.C.
445410.00000 4368134.00000 N.C.
445410.00000 4368138.00000 N.C.
445410.00000 4368142.00000 N.C.
445410.00000 4368146.00000 N.C.
445410.00000 4368150.00000 N.C.
445410.00000 4368154.00000 N.C.
445410.00000 4368158.00000 N.C.
445410.00000 4368162.00000 N.C.
445410.00000 4368166.00000 N.C.
445410.00000 4368170.00000 N.C.
445410.00000 4368174.00000 -116.6770
445410.00000 4368178.00000 -116.6770
445410.00000 4368182.00000 N.C.
445410.00000 4368186.00000 N.C.
445410.00000 4368190.00000 N.C.
445410.00000 4368194.00000 N.C.
445410.00000 4368198.00000 N.C.
445410.00000 4368202.00000 -111.9969
445410.00000 4368206.00000 -111.9369
445410.00000 4368210.00000 -113.3209
445410.00000 4368214.00000 -113.8857
445410.00000 4368218.00000 N.C.
445410.00000 4368222.00000 N.C.
445410.00000 4368226.00000 N.C.
445410.00000 4368230.00000 N.C.
445410.00000 4368234.00000 -122.6487
445410.00000 4368238.00000 -122.8303
445410.00000 4368242.00000 -123.2566
445410.00000 4368246.00000 N.C.
445410.00000 4368250.00000 -118.8292
445410.00000 4368254.00000 -117.6719
445410.00000 4368258.00000 -117.0656
445410.00000 4368262.00000 -116.9670
445410.00000 4368266.00000 -116.6481
445410.00000 4368270.00000 -115.8671
445410.00000 4368274.00000 -114.6223
445410.00000 4368278.00000 -113.5249
445410.00000 4368282.00000 -112.5591
445410.00000 4368286.00000 -112.2123
445410.00000 4368290.00000 -111.9030
445410.00000 4368294.00000 -112.0258
445410.00000 4368298.00000 -111.7955
445410.00000 4368302.00000 -111.6120
445410.00000 4368306.00000 -111.3647
445410.00000 4368310.00000 -111.0039
445410.00000 4368314.00000 -110.6686
445410.00000 4368318.00000 -110.3565
445410.00000 4368322.00000 -110.1644
445410.00000 4368326.00000 -109.9862
445410.00000 4368330.00000 -109.8413
445410.00000 4368334.00000 -109.7745
445410.00000 4368338.00000 -109.5735
445410.00000 4368342.00000 -109.3193
445410.00000 4368346.00000 -108.9753
445410.00000 4368350.00000 -108.8767
445410.00000 4368354.00000 -108.5928
445410.00000 4368358.00000 -108.5289
445410.00000 4368362.00000 -108.5663
445410.00000 4368366.00000 -108.7738
445410.00000 4368370.00000 -108.7219
445410.00000 4368374.00000 -108.2588
445410.00000 4368378.00000 -107.5289
445410.00000 4368382.00000 -106.9548
445410.00000 4368386.00000 -106.6591
445410.00000 4368390.00000 -106.6252
445410.00000 4368394.00000 -106.5866
445414.00000 4367886.00000 -117.7532
445414.00000 4367890.00000 -117.7298
445414.00000 4367894.00000 -117.7303
445414.00000 4367898.00000 -117.7927
445414.00000 4367902.00000 -117.8952
445414.00000 4367906.00000 -118.0289
445414.00000 4367910.00000 -118.0472
445414.00000 4367914.00000 -118.0333
445414.00000 4367918.00000 -117.9167
445414.00000 4367922.00000 -117.7890
445414.00000 4367926.00000 -117.7181
445414.00000 4367930.00000 -117.6862
445414.00000 4367934.00000 -117.7733
445414.00000 4367938.00000 -117.8140
445414.00000 4367942.00000 -117.8719
445414.00000 4367946.00000 -117.9217
445414.00000 4367950.00000 -117.9293
445414.00000 4367954.00000 -117.9230
445414.00000 4367958.00000 -117.8059
445414.00000 4367962.00000 -117.7325
445414.00000 4367966.00000 -117.6959
445414.00000 4367970.00000 -117.7815
445414.00000 4367974.00000 -117.9433
445414.00000 4367978.00000 -118.0317
445414.00000 4367982.00000 -118.0767
445414.00000 4367986.00000 -117.9057
445414.00000 4367990.00000 -117.7553
445414.00000 4367994.00000 -117.4863
445414.00000 4367998.00000 -117.2878
445414.00000 4368002.00000 -116.9643
445414.00000 4368006.00000 -116.6292
445414.00000 4368010.00000 -116.3452
445414.00000 4368014.00000 -116.2196
445414.00000 4368018.00000 -116.2186
445414.00000 4368022.00000 -116.1727
445414.00000 4368026.00000 -116.0266
445414.00000 4368030.00000 -115.8269
445414.00000 4368034.00000 -115.6935
445414.00000 4368038.00000 -115.5592
445414.00000 4368042.00000 -115.2787
445414.00000 4368046.00000 -114.9990
445414.00000 4368050.00000 -115.0024
445414.00000 4368054.00000 -115.1477
445414.00000 4368058.00000 -115.1381
445414.00000 4368062.00000 -114.6826
445414.00000 4368066.00000 -114.5222
445414.00000 4368070.00000 -114.7374
445414.00000 4368074.00000 -115.2573
445414.00000 4368078.00000 -116.7795
445414.00000 4368082.00000 -118.3830
445414.00000 4368086.00000 -120.5342
445414.00000 4368090.00000 -121.7467
445414.00000 4368094.00000 -122.5633
445414.00000 4368098.00000 -123.6719
445414.00000 4368102.00000 -123.2667
445414.00000 4368106.00000 N.C.
445414.00000 4368110.00000 N.C.
445414.00000 4368114.00000 N.C.
445414.00000 4368118.00000 N.C.
445414.00000 4368122.00000 N.C.
445414.00000 4368126.00000 N.C.
445414.00000 4368130.00000 N.C.
445414.00000 4368134.00000 N.C.
445414.00000 4368138.00000 N.C.
445414.00000 4368142.00000 N.C.
445414.00000 4368146.00000 N.C.
445414.00000 4368150.00000 N.C.
445414.00000 4368154.00000 N.C.
445414.00000 4368158.00000 N.C.
445414.00000 4368162.00000 N.C.
445414.00000 4368166.00000 N.C.
445414.00000 4368170.00000 N.C.
445414.00000 4368174.00000 -116.7560
445414.00000 4368178.00000 -116.7560
445414.00000 4368182.00000 N.C.
445414.00000 4368186.00000 N.C.
445414.00000 4368190.00000 N.C.
445414.00000 4368194.00000 N.C.
445414.00000 4368198.00000 N.C.
445414.00000 4368202.00000 -111.8899
445414.00000 4368206.00000 -111.9260
445414.00000 4368210.00000 -112.7416
445414.00000 4368214.00000 -115.4247
445414.00000 4368218.00000 N.C.
445414.00000 4368222.00000 N.C.
445414.00000 4368226.00000 N.C.
445414.00000 4368230.00000 N.C.
445414.00000 4368234.00000 -121.6175
445414.00000 4368238.00000 -122.1202
445414.00000 4368242.00000 -122.3693
445414.00000 4368246.00000 -120.9423
445414.00000 4368250.00000 -118.8813
445414.00000 4368254.00000 -117.7274
445414.00000 4368258.00000 -117.2184
445414.00000 4368262.00000 -116.7671
445414.00000 4368266.00000 -116.2842
445414.00000 4368270.00000 -115.3979
445414.00000 4368274.00000 -114.5616
445414.00000 4368278.00000 -113.7344
445414.00000 4368282.00000 -112.7113
445414.00000 4368286.00000 -112.1665
445414.00000 4368290.00000 -111.7449
445414.00000 4368294.00000 -112.0341
445414.00000 4368298.00000 -112.0079
445414.00000 4368302.00000 -111.8835
445414.00000 4368306.00000 -111.5776
445414.00000 4368310.00000 -111.2463
445414.00000 4368314.00000 -110.9143
445414.00000 4368318.00000 -110.5197
445414.00000 4368322.00000 -110.3470
445414.00000 4368326.00000 -110.1982
445414.00000 4368330.00000 -109.9561
445414.00000 4368334.00000 -109.7736
445414.00000 4368338.00000 -109.3865
445414.00000 4368342.00000 -109.2265
445414.00000 4368346.00000 -108.9709
445414.00000 4368350.00000 -108.8944
445414.00000 4368354.00000 -108.6163
445414.00000 4368358.00000 -108.4563
445414.00000 4368362.00000 -108.5300
445414.00000 4368366.00000 -108.7265
445414.00000 4368370.00000 -108.8783
445414.00000 4368374.00000 -108.7132
445414.00000 4368378.00000 -108.1026
445414.00000 4368382.00000 -107.4147
445414.00000 4368386.00000 -106.8933
445414.00000 4368390.00000 -106.7726
445414.00000 4368394.00000 -106.7569
445418.00000 4367886.00000 -117.9482
445418.00000 4367890.00000 -117.9488
445418.00000 4367894.00000 -118.0422
445418.00000 4367898.00000 -118.1010
445418.00000 4367902.00000 -118.1629
445418.00000 4367906.00000 -118.1845
445418.00000 4367910.00000 -118.1234
445418.00000 4367914.00000 -118.0116
445418.00000 4367918.00000 -117.8312
445418.00000 4367922.00000 -117.7063
445418.00000 4367926.00000 -117.7848
445418.00000 4367930.00000 -117.8864
445418.00000 4367934.00000 -118.0318
445418.00000 4367938.00000 -118.0673
445418.00000 4367942.00000 -118.0892
445418.00000 4367946.00000 -118.0810
445418.00000 4367950.00000 -118.0223
445418.00000 4367954.00000 -118.0038
445418.00000 4367958.00000 -117.9336
445418.00000 4367962.00000 -117.9343
445418.00000 4367966.00000 -118.0183
445418.00000 4367970.00000 -118.1791
445418.00000 4367974.00000 -118.3258
445418.00000 4367978.00000 -118.3261
445418.00000 4367982.00000 -118.1844
445418.00000 4367986.00000 -117.9036
445418.00000 4367990.00000 -117.6488
445418.00000 4367994.00000 -117.3290
445418.00000 4367998.00000 -117.0909
445418.00000 4368002.00000 -116.7831
445418.00000 4368006.00000 -116.5634
445418.00000 4368010.00000 -116.4006
445418.00000 4368014.00000 -116.3261
445418.00000 4368018.00000 -116.2860
445418.00000 4368022.00000 -116.1927
445418.00000 4368026.00000 -116.0363
445418.00000 4368030.00000 -115.8690
445418.00000 4368034.00000 -115.7613
445418.00000 4368038.00000 -115.5863
445418.00000 4368042.00000 -115.3368
445418.00000 4368046.00000 -115.1225
445418.00000 4368050.00000 -115.1471
445418.00000 4368054.00000 -115.2736
445418.00000 4368058.00000 -115.1111
445418.00000 4368062.00000 -114.7511
445418.00000 4368066.00000 -114.5492
445418.00000 4368070.00000 -114.7559
445418.00000 4368074.00000 -115.0038
445418.00000 4368078.00000 -116.1511
445418.00000 4368082.00000 -117.3970
445418.00000 4368086.00000 -119.1361
445418.00000 4368090.00000 -119.9915
445418.00000 4368094.00000 -120.8065
445418.00000 4368098.00000 -121.5191
445418.00000 4368102.00000 -120.9896
445418.00000 4368106.00000 -120.7304
445418.00000 4368110.00000 -120.5408
445418.00000 4368114.00000 -122.0334
445418.00000 4368118.00000 -123.0661
445418.00000 4368122.00000 -123.6758
445418.00000 4368126.00000 -125.4479
445418.00000 4368130.00000 -125.0852
445418.00000 4368134.00000 N.C.
445418.00000 4368138.00000 N.C.
445418.00000 4368142.00000 N.C.
445418.00000 4368146.00000 N.C.
445418.00000 4368150.00000 N.C.
445418.00000 4368154.00000 N.C.
445418.00000 4368158.00000 N.C.
445418.00000 4368162.00000 N.C.
445418.00000 4368166.00000 N.C.
445418.00000 4368170.00000 N.C.
445418.00000 4368174.00000 -116.4413
445418.00000 4368178.00000 N.C.
445418.00000 4368182.00000 N.C.
445418.00000 4368186.00000 N.C.
445418.00000 4368190.00000 N.C.
445418.00000 4368194.00000 N.C.
445418.00000 4368198.00000 N.C.
445418.00000 4368202.00000 -112.1074
445418.00000 4368206.00000 N.C.
445418.00000 4368210.00000 -112.4292
445418.00000 4368214.00000 -115.4184
445418.00000 4368218.00000 -119.8593
445418.00000 4368222.00000 -125.4464
445418.00000 4368226.00000 N.C.
445418.00000 4368230.00000 N.C.
445418.00000 4368234.00000 N.C.
445418.00000 4368238.00000 N.C.
445418.00000 4368242.00000 -122.5116
445418.00000 4368246.00000 -120.2756
445418.00000 4368250.00000 -118.7094
445418.00000 4368254.00000 -117.3333
445418.00000 4368258.00000 -116.8308
445418.00000 4368262.00000 -116.2253
445418.00000 4368266.00000 -115.7811
445418.00000 4368270.00000 -115.6024
445418.00000 4368274.00000 -115.0326
445418.00000 4368278.00000 -114.2254
445418.00000 4368282.00000 -112.9742
445418.00000 4368286.00000 -112.4314
445418.00000 4368290.00000 -111.8243
445418.00000 4368294.00000 -111.9789
445418.00000 4368298.00000 -112.0758
445418.00000 4368302.00000 -112.2028
445418.00000 4368306.00000 -111.9293
445418.00000 4368310.00000 -111.4930
445418.00000 4368314.00000 -111.1059
445418.00000 4368318.00000 -110.7163
445418.00000 4368322.00000 -110.5558
445418.00000 4368326.00000 -110.4011
445418.00000 4368330.00000 -110.1668
445418.00000 4368334.00000 -109.8163
445418.00000 4368338.00000 -109.3845
445418.00000 4368342.00000 -109.0662
445418.00000 4368346.00000 -108.9490
445418.00000 4368350.00000 -108.9780
445418.00000 4368354.00000 -108.8282
445418.00000 4368358.00000 -108.6461
445418.00000 4368362.00000 -108.6574
445418.00000 4368366.00000 -108.7926
445418.00000 4368370.00000 -108.9242
445418.00000 4368374.00000 -108.9071
445418.00000 4368378.00000 -108.5218
445418.00000 4368382.00000 -107.8591
445418.00000 4368386.00000 -107.2024
445418.00000 4368390.00000 -106.9071
445418.00000 4368394.00000 -106.8851
445422.00000 4367886.00000 -118.3376
445422.00000 4367890.00000 -118.3641
445422.00000 4367894.00000 -118.4466
445422.00000 4367898.00000 -118.4075
445422.00000 4367902.00000 -118.3416
445422.00000 4367906.00000 -118.2184
445422.00000 4367910.00000 -118.0802
445422.00000 4367914.00000 -117.9352
445422.00000 4367918.00000 -117.8640
445422.00000 4367922.00000 -117.8881
445422.00000 4367926.00000 -118.0208
445422.00000 4367930.00000 -118.1313
445422.00000 4367934.00000 -118.2357
445422.00000 4367938.00000 -118.2788
445422.00000 4367942.00000 -118.2432
445422.00000 4367946.00000 -118.1880
445422.00000 4367950.00000 -118.1573
445422.00000 4367954.00000 -118.1960
445422.00000 4367958.00000 -118.2407
445422.00000 4367962.00000 -118.3117
445422.00000 4367966.00000 -118.4046
445422.00000 4367970.00000 -118.5212
445422.00000 4367974.00000 -118.4719
445422.00000 4367978.00000 -118.3365
445422.00000 4367982.00000 -118.0353
445422.00000 4367986.00000 -117.7330
445422.00000 4367990.00000 -117.4328
445422.00000 4367994.00000 -117.1084
445422.00000 4367998.00000 -116.8769
445422.00000 4368002.00000 -116.6677
445422.00000 4368006.00000 -116.5563
445422.00000 4368010.00000 -116.4814
445422.00000 4368014.00000 -116.4296
445422.00000 4368018.00000 -116.3418
445422.00000 4368022.00000 -116.1974
445422.00000 4368026.00000 -116.0460
445422.00000 4368030.00000 -115.9134
445422.00000 4368034.00000 -115.8630
445422.00000 4368038.00000 -115.6621
445422.00000 4368042.00000 -115.3689
445422.00000 4368046.00000 -115.2118
445422.00000 4368050.00000 -115.2132
445422.00000 4368054.00000 -115.3582
445422.00000 4368058.00000 -115.0735
445422.00000 4368062.00000 -114.8412
445422.00000 4368066.00000 -114.7506
445422.00000 4368070.00000 -115.0412
445422.00000 4368074.00000 -115.1817
445422.00000 4368078.00000 -115.4745
445422.00000 4368082.00000 -115.5527
445422.00000 4368086.00000 -116.0428
445422.00000 4368090.00000 -116.3457
445422.00000 4368094.00000 -116.7317
445422.00000 4368098.00000 -116.8391
445422.00000 4368102.00000 -116.9716
445422.00000 4368106.00000 -117.6506
445422.00000 4368110.00000 -118.9469
445422.00000 4368114.00000 -120.1294
445422.00000 4368118.00000 -121.0452
445422.00000 4368122.00000 -121.5285
445422.00000 4368126.00000 -122.7477
445422.00000 4368130.00000 -122.2459
445422.00000 4368134.00000 -122.6637
445422.00000 4368138.00000 -122.2088
445422.00000 4368142.00000 -124.2778
445422.00000 4368146.00000 -125.0585
445422.00000 4368150.00000 -125.9684
445422.00000 4368154.00000 -126.7133
445422.00000 4368158.00000 -125.8170
445422.00000 4368162.00000 N.C.
445422.00000 4368166.00000 N.C.
445422.00000 4368170.00000 N.C.
445422.00000 4368174.00000 -117.2615
445422.00000 4368178.00000 N.C.
445422.00000 4368182.00000 N.C.
445422.00000 4368186.00000 N.C.
445422.00000 4368190.00000 N.C.
445422.00000 4368194.00000 N.C.
445422.00000 4368198.00000 N.C.
445422.00000 4368202.00000 -116.6292
445422.00000 4368206.00000 N.C.
445422.00000 4368210.00000 -115.4805
445422.00000 4368214.00000 -116.2615
445422.00000 4368218.00000 -120.3080
445422.00000 4368222.00000 -124.5003
445422.00000 4368226.00000 -125.9506
445422.00000 4368230.00000 -125.2439
445422.00000 4368234.00000 -125.0144
445422.00000 4368238.00000 -122.9606
445422.00000 4368242.00000 -121.6153
445422.00000 4368246.00000 -119.8872
445422.00000 4368250.00000 -118.5485
445422.00000 4368254.00000 -117.2578
445422.00000 4368258.00000 -116.4674
445422.00000 4368262.00000 -116.0515
445422.00000 4368266.00000 -115.8846
445422.00000 4368270.00000 -115.7310
445422.00000 4368274.00000 -115.1445
445422.00000 4368278.00000 -114.4068
445422.00000 4368282.00000 -113.3244
445422.00000 4368286.00000 -112.8451
445422.00000 4368290.00000 -112.2425
445422.00000 4368294.00000 -112.2515
445422.00000 4368298.00000 -112.2471
445422.00000 4368302.00000 -112.3137
445422.00000 4368306.00000 -112.0863
445422.00000 4368310.00000 -111.6468
445422.00000 4368314.00000 -111.2940
445422.00000 4368318.00000 -110.8702
445422.00000 4368322.00000 -110.7308
445422.00000 4368326.00000 -110.5724
445422.00000 4368330.00000 -110.3336
445422.00000 4368334.00000 -109.9456
445422.00000 4368338.00000 -109.4955
445422.00000 4368342.00000 -109.0465
445422.00000 4368346.00000 -108.7604
445422.00000 4368350.00000 -108.8151
445422.00000 4368354.00000 -108.7266
445422.00000 4368358.00000 -108.7443
445422.00000 4368362.00000 -108.6157
445422.00000 4368366.00000 -108.7529
445422.00000 4368370.00000 -108.8255
445422.00000 4368374.00000 -108.9632
445422.00000 4368378.00000 -108.8315
445422.00000 4368382.00000 -108.3997
445422.00000 4368386.00000 -107.6835
445422.00000 4368390.00000 -107.2101
445422.00000 4368394.00000 -106.9757
445426.00000 4367886.00000 -118.6329
445426.00000 4367890.00000 -118.6338
445426.00000 4367894.00000 -118.6122
445426.00000 4367898.00000 -118.4919
445426.00000 4367902.00000 -118.3344
445426.00000 4367906.00000 -118.1691
445426.00000 4367910.00000 -118.1110
445426.00000 4367914.00000 -118.0767
445426.00000 4367918.00000 -118.1254
445426.00000 4367922.00000 -118.2093
445426.00000 4367926.00000 -118.2779
445426.00000 4367930.00000 -118.3225
445426.00000 4367934.00000 -118.3330
445426.00000 4367938.00000 -118.3934
445426.00000 4367942.00000 -118.4431
445426.00000 4367946.00000 -118.4399
445426.00000 4367950.00000 -118.4907
445426.00000 4367954.00000 -118.5336
445426.00000 4367958.00000 -118.6534
445426.00000 4367962.00000 -118.6878
445426.00000 4367966.00000 -118.7374
445426.00000 4367970.00000 -118.6652
445426.00000 4367974.00000 -118.4600
445426.00000 4367978.00000 -118.1571
445426.00000 4367982.00000 -117.8332
445426.00000 4367986.00000 -117.5544
445426.00000 4367990.00000 -117.2761
445426.00000 4367994.00000 -116.9980
445426.00000 4367998.00000 -116.7926
445426.00000 4368002.00000 -116.6580
445426.00000 4368006.00000 -116.5926
445426.00000 4368010.00000 -116.5475
445426.00000 4368014.00000 -116.4653
445426.00000 4368018.00000 -116.3639
445426.00000 4368022.00000 -116.2292
445426.00000 4368026.00000 -116.1065
445426.00000 4368030.00000 -116.0125
445426.00000 4368034.00000 -115.9467
445426.00000 4368038.00000 -115.6919
445426.00000 4368042.00000 -115.4387
445426.00000 4368046.00000 -115.3283
445426.00000 4368050.00000 -115.4154
445426.00000 4368054.00000 -115.5287
445426.00000 4368058.00000 -115.2381
445426.00000 4368062.00000 -115.0542
445426.00000 4368066.00000 -114.9893
445426.00000 4368070.00000 -115.2697
445426.00000 4368074.00000 -115.3474
445426.00000 4368078.00000 -115.2563
445426.00000 4368082.00000 -114.9589
445426.00000 4368086.00000 -115.0070
445426.00000 4368090.00000 -115.3542
445426.00000 4368094.00000 -115.8025
445426.00000 4368098.00000 -115.9916
445426.00000 4368102.00000 -115.9368
445426.00000 4368106.00000 -115.9121
445426.00000 4368110.00000 -116.5506
445426.00000 4368114.00000 -117.0783
445426.00000 4368118.00000 -117.6501
445426.00000 4368122.00000 -117.5778
445426.00000 4368126.00000 -117.7381
445426.00000 4368130.00000 -117.9179
445426.00000 4368134.00000 -119.1997
445426.00000 4368138.00000 -120.3668
445426.00000 4368142.00000 -121.7313
445426.00000 4368146.00000 -122.5138
445426.00000 4368150.00000 -123.4369
445426.00000 4368154.00000 -124.1803
445426.00000 4368158.00000 -123.3826
445426.00000 4368162.00000 -122.8891
445426.00000 4368166.00000 -119.7170
445426.00000 4368170.00000 -117.9285
445426.00000 4368174.00000 -117.0885
445426.00000 4368178.00000 -119.3312
445426.00000 4368182.00000 -124.3226
445426.00000 4368186.00000 -127.0810
445426.00000 4368190.00000 -128.4087
445426.00000 4368194.00000 -130.4580
445426.00000 4368198.00000 N.C.
445426.00000 4368202.00000 -116.8648
445426.00000 4368206.00000 -116.1380
445426.00000 4368210.00000 N.C.
445426.00000 4368214.00000 -115.1516
445426.00000 4368218.00000 -118.5697
445426.00000 4368222.00000 -122.8794
445426.00000 4368226.00000 -124.8241
445426.00000 4368230.00000 -124.2186
445426.00000 4368234.00000 -123.7724
445426.00000 4368238.00000 -122.6478
445426.00000 4368242.00000 -121.7177
445426.00000 4368246.00000 -119.9600
445426.00000 4368250.00000 -118.4612
445426.00000 4368254.00000 -117.0115
445426.00000 4368258.00000 -116.1707
445426.00000 4368262.00000 -116.0546
445426.00000 4368266.00000 -116.2145
445426.00000 4368270.00000 -116.1251
445426.00000 4368274.00000 -115.3925
445426.00000 4368278.00000 -114.5011
445426.00000 4368282.00000 -113.6348
445426.00000 4368286.00000 -113.2485
445426.00000 4368290.00000 -112.6654
445426.00000 4368294.00000 -112.3322
445426.00000 4368298.00000 -112.2811
445426.00000 4368302.00000 -112.3282
445426.00000 4368306.00000 -112.2067
445426.00000 4368310.00000 -111.7777
445426.00000 4368314.00000 -111.4969
445426.00000 4368318.00000 -111.1443
445426.00000 4368322.00000 -110.9781
445426.00000 4368326.00000 -110.7318
445426.00000 4368330.00000 -110.4997
445426.00000 4368334.00000 -110.1325
445426.00000 4368338.00000 -109.7469
445426.00000 4368342.00000 -109.2391
445426.00000 4368346.00000 -108.8088
445426.00000 4368350.00000 -108.6813
445426.00000 4368354.00000 -108.6989
445426.00000 4368358.00000 -108.8697
445426.00000 4368362.00000 -108.7772
445426.00000 4368366.00000 -108.8577
445426.00000 4368370.00000 -108.8845
445426.00000 4368374.00000 -109.0641
445426.00000 4368378.00000 -109.0420
445426.00000 4368382.00000 -108.7796
445426.00000 4368386.00000 -108.0587
445426.00000 4368390.00000 -107.4792
445426.00000 4368394.00000 -107.0564
445430.00000 4367886.00000 -118.7962
445430.00000 4367890.00000 -118.7562
445430.00000 4367894.00000 -118.6205
445430.00000 4367898.00000 -118.4678
445430.00000 4367902.00000 -118.3307
445430.00000 4367906.00000 -118.2543
445430.00000 4367910.00000 -118.2990
445430.00000 4367914.00000 -118.3424
445430.00000 4367918.00000 -118.4065
445430.00000 4367922.00000 -118.4459
445430.00000 4367926.00000 -118.4187
445430.00000 4367930.00000 -118.3993
445430.00000 4367934.00000 -118.3941
445430.00000 4367938.00000 -118.5310
445430.00000 4367942.00000 -118.6479
445430.00000 4367946.00000 -118.7465
445430.00000 4367950.00000 -118.8411
445430.00000 4367954.00000 -118.9067
445430.00000 4367958.00000 -119.0010
445430.00000 4367962.00000 -118.8953
445430.00000 4367966.00000 -118.7709
445430.00000 4367970.00000 -118.5132
445430.00000 4367974.00000 -118.2393
445430.00000 4367978.00000 -117.9246
445430.00000 4367982.00000 -117.6354
445430.00000 4367986.00000 -117.3838
445430.00000 4367990.00000 -117.1462
445430.00000 4367994.00000 -116.9202
445430.00000 4367998.00000 -116.8039
445430.00000 4368002.00000 -116.7391
445430.00000 4368006.00000 -116.7060
445430.00000 4368010.00000 -116.6568
445430.00000 4368014.00000 -116.5537
445430.00000 4368018.00000 -116.4333
445430.00000 4368022.00000 -116.2810
445430.00000 4368026.00000 -116.1890
445430.00000 4368030.00000 -116.1255
445430.00000 4368034.00000 -115.9790
445430.00000 4368038.00000 -115.6799
445430.00000 4368042.00000 -115.4721
445430.00000 4368046.00000 -115.4691
445430.00000 4368050.00000 -115.6333
445430.00000 4368054.00000 -115.6516
445430.00000 4368058.00000 -115.3621
445430.00000 4368062.00000 -115.1648
445430.00000 4368066.00000 -115.1722
445430.00000 4368070.00000 -115.4359
445430.00000 4368074.00000 -115.5033
445430.00000 4368078.00000 -115.3515
445430.00000 4368082.00000 -114.9984
445430.00000 4368086.00000 -114.6922
445430.00000 4368090.00000 -114.7979
445430.00000 4368094.00000 -115.0596
445430.00000 4368098.00000 -115.3200
445430.00000 4368102.00000 -115.2060
445430.00000 4368106.00000 -115.0826
445430.00000 4368110.00000 -115.5824
445430.00000 4368114.00000 -116.1074
445430.00000 4368118.00000 -116.5725
445430.00000 4368122.00000 -116.5130
445430.00000 4368126.00000 -116.5175
445430.00000 4368130.00000 -116.7104
445430.00000 4368134.00000 -116.8775
445430.00000 4368138.00000 -117.0287
445430.00000 4368142.00000 -117.5462
445430.00000 4368146.00000 -118.1991
445430.00000 4368150.00000 -118.9520
445430.00000 4368154.00000 -119.0925
445430.00000 4368158.00000 -119.3466
445430.00000 4368162.00000 -119.8610
445430.00000 4368166.00000 -118.7606
445430.00000 4368170.00000 -117.6950
445430.00000 4368174.00000 -117.0776
445430.00000 4368178.00000 N.C.
445430.00000 4368182.00000 N.C.
445430.00000 4368186.00000 N.C.
445430.00000 4368190.00000 N.C.
445430.00000 4368194.00000 N.C.
445430.00000 4368198.00000 N.C.
445430.00000 4368202.00000 -117.2905
445430.00000 4368206.00000 N.C.
445430.00000 4368210.00000 N.C.
445430.00000 4368214.00000 N.C.
445430.00000 4368218.00000 N.C.
445430.00000 4368222.00000 N.C.
445430.00000 4368226.00000 N.C.
445430.00000 4368230.00000 -122.3922
445430.00000 4368234.00000 -121.7613
445430.00000 4368238.00000 -121.2348
445430.00000 4368242.00000 -120.7114
445430.00000 4368246.00000 -119.4829
445430.00000 4368250.00000 -118.2839
445430.00000 4368254.00000 -117.0075
445430.00000 4368258.00000 -116.6316
445430.00000 4368262.00000 -116.4027
445430.00000 4368266.00000 -116.5313
445430.00000 4368270.00000 -116.0731
445430.00000 4368274.00000 -115.1444
445430.00000 4368278.00000 -114.4032
445430.00000 4368282.00000 -113.8433
445430.00000 4368286.00000 -113.5633
445430.00000 4368290.00000 -112.9221
445430.00000 4368294.00000 -112.5451
445430.00000 4368298.00000 -112.3190
445430.00000 4368302.00000 -112.3502
445430.00000 4368306.00000 -112.2097
445430.00000 4368310.00000 -111.9640
445430.00000 4368314.00000 -111.7610
445430.00000 4368318.00000 -111.4314
445430.00000 4368322.00000 -111.1756
445430.00000 4368326.00000 -110.8491
445430.00000 4368330.00000 -110.6254
445430.00000 4368334.00000 -110.3904
445430.00000 4368338.00000 -110.0311
445430.00000 4368342.00000 -109.5387
445430.00000 4368346.00000 -108.9900
445430.00000 4368350.00000 -108.6479
445430.00000 4368354.00000 -108.5444
445430.00000 4368358.00000 -108.7573
445430.00000 4368362.00000 -108.7978
445430.00000 4368366.00000 -108.8971
445430.00000 4368370.00000 -108.9822
445430.00000 4368374.00000 -109.1310
445430.00000 4368378.00000 -109.1633
445430.00000 4368382.00000 -109.0451
445430.00000 4368386.00000 -108.5353
445430.00000 4368390.00000 -107.9273
445430.00000 4368394.00000 -107.3668
445434.00000 4367886.00000 -118.7991
445434.00000 4367890.00000 -118.7233
445434.00000 4367894.00000 -118.5328
445434.00000 4367898.00000 -118.3898
445434.00000 4367902.00000 -118.3314
445434.00000 4367906.00000 -118.3554
445434.00000 4367910.00000 -118.4638
445434.00000 4367914.00000 -118.5217
445434.00000 4367918.00000 -118.5552
445434.00000 4367922.00000 -118.5448
445434.00000 4367926.00000 -118.4672
445434.00000 4367930.00000 -118.4170
445434.00000 4367934.00000 -118.4112
445434.00000 4367938.00000 -118.7425
445434.00000 4367942.00000 -118.9708
445434.00000 4367946.00000 -119.1431
445434.00000 4367950.00000 -119.1910
445434.00000 4367954.00000 -119.1404
445434.00000 4367958.00000 -119.0349
445434.00000 4367962.00000 -118.7620
445434.00000 4367966.00000 -118.5541
445434.00000 4367970.00000 -118.2630
445434.00000 4367974.00000 -118.0386
445434.00000 4367978.00000 -117.7642
445434.00000 4367982.00000 -117.5311
445434.00000 4367986.00000 -117.2473
445434.00000 4367990.00000 -117.0463
445434.00000 4367994.00000 -116.8935
445434.00000 4367998.00000 -116.8593
445434.00000 4368002.00000 -116.7962
445434.00000 4368006.00000 -116.7887
445434.00000 4368010.00000 -116.7449
445434.00000 4368014.00000 -116.6213
445434.00000 4368018.00000 -116.4634
445434.00000 4368022.00000 -116.3290
445434.00000 4368026.00000 -116.2877
445434.00000 4368030.00000 -116.1614
445434.00000 4368034.00000 -115.9156
445434.00000 4368038.00000 -115.6426
445434.00000 4368042.00000 -115.6159
445434.00000 4368046.00000 -115.7539
445434.00000 4368050.00000 -115.9723
445434.00000 4368054.00000 -115.8337
445434.00000 4368058.00000 -115.5453
445434.00000 4368062.00000 -115.3162
445434.00000 4368066.00000 -115.3984
445434.00000 4368070.00000 -115.5875
445434.00000 4368074.00000 -115.6082
445434.00000 4368078.00000 -115.4215
445434.00000 4368082.00000 -115.1173
445434.00000 4368086.00000 -114.8852
445434.00000 4368090.00000 -114.9680
445434.00000 4368094.00000 -115.1562
445434.00000 4368098.00000 -115.2598
445434.00000 4368102.00000 -115.1082
445434.00000 4368106.00000 -114.9954
445434.00000 4368110.00000 -115.3967
445434.00000 4368114.00000 -115.7629
445434.00000 4368118.00000 -116.0164
445434.00000 4368122.00000 -115.9494
445434.00000 4368126.00000 -116.0779
445434.00000 4368130.00000 -116.4109
445434.00000 4368134.00000 -116.5542
445434.00000 4368138.00000 -116.6009
445434.00000 4368142.00000 -117.0358
445434.00000 4368146.00000 -117.5808
445434.00000 4368150.00000 -118.3728
445434.00000 4368154.00000 -118.5097
445434.00000 4368158.00000 -118.6314
445434.00000 4368162.00000 -118.0630
445434.00000 4368166.00000 -117.0659
445434.00000 4368170.00000 -116.7886
445434.00000 4368174.00000 -117.3549
445434.00000 4368178.00000 N.C.
445434.00000 4368182.00000 N.C.
445434.00000 4368186.00000 N.C.
445434.00000 4368190.00000 N.C.
445434.00000 4368194.00000 N.C.
445434.00000 4368198.00000 N.C.
445434.00000 4368202.00000 -118.9775
445434.00000 4368206.00000 N.C.
445434.00000 4368210.00000 N.C.
445434.00000 4368214.00000 -136.3740
445434.00000 4368218.00000 -136.7170
445434.00000 4368222.00000 -131.4650
445434.00000 4368226.00000 N.C.
445434.00000 4368230.00000 -121.4413
445434.00000 4368234.00000 -121.3403
445434.00000 4368238.00000 -121.0428
445434.00000 4368242.00000 -120.2219
445434.00000 4368246.00000 -118.9223
445434.00000 4368250.00000 -118.0357
445434.00000 4368254.00000 -117.5405
445434.00000 4368258.00000 -117.1828
445434.00000 4368262.00000 -116.7522
445434.00000 4368266.00000 -116.4130
445434.00000 4368270.00000 -116.1939
445434.00000 4368274.00000 -115.3153
445434.00000 4368278.00000 -114.5998
445434.00000 4368282.00000 -113.9609
445434.00000 4368286.00000 -113.7672
445434.00000 4368290.00000 -113.1049
445434.00000 4368294.00000 -112.8269
445434.00000 4368298.00000 -112.5895
445434.00000 4368302.00000 -112.6428
445434.00000 4368306.00000 -112.3611
445434.00000 4368310.00000 -112.0962
445434.00000 4368314.00000 -111.9572
445434.00000 4368318.00000 -111.6368
445434.00000 4368322.00000 -111.3594
445434.00000 4368326.00000 -111.0207
445434.00000 4368330.00000 -110.8055
445434.00000 4368334.00000 -110.6773
445434.00000 4368338.00000 -110.3718
445434.00000 4368342.00000 -109.8978
445434.00000 4368346.00000 -109.2719
445434.00000 4368350.00000 -108.7419
445434.00000 4368354.00000 -108.4933
445434.00000 4368358.00000 -108.6245
445434.00000 4368362.00000 -108.7736
445434.00000 4368366.00000 -108.9346
445434.00000 4368370.00000 -109.0700
445434.00000 4368374.00000 -109.2452
445434.00000 4368378.00000 -109.3201
445434.00000 4368382.00000 -109.1702
445434.00000 4368386.00000 -108.8046
445434.00000 4368390.00000 -108.1772
445434.00000 4368394.00000 -107.7291
445438.00000 4367886.00000 N.C.
445438.00000 4367890.00000 N.C.
445438.00000 4367894.00000 N.C.
445438.00000 4367898.00000 N.C.
445438.00000 4367902.00000 N.C.
445438.00000 4367906.00000 N.C.
445438.00000 4367910.00000 N.C.
445438.00000 4367914.00000 N.C.
445438.00000 4367918.00000 N.C.
445438.00000 4367922.00000 N.C.
445438.00000 4367926.00000 N.C.
445438.00000 4367930.00000 N.C.
445438.00000 4367934.00000 N.C.
445438.00000 4367938.00000 N.C.
445438.00000 4367942.00000 -119.1413
445438.00000 4367946.00000 -119.3286
445438.00000 4367950.00000 -119.3145
445438.00000 4367954.00000 -119.2069
445438.00000 4367958.00000 -118.9972
445438.00000 4367962.00000 -118.6315
445438.00000 4367966.00000 -118.3692
445438.00000 4367970.00000 -118.0730
445438.00000 4367974.00000 -117.9050
445438.00000 4367978.00000 -117.6846
445438.00000 4367982.00000 -117.4627
445438.00000 4367986.00000 -117.1736
445438.00000 4367990.00000 -117.0027
445438.00000 4367994.00000 -116.8895
445438.00000 4367998.00000 -116.8816
445438.00000 4368002.00000 -116.8343
445438.00000 4368006.00000 -116.8506
445438.00000 4368010.00000 -116.8298
445438.00000 4368014.00000 -116.6918
445438.00000 4368018.00000 -116.4974
445438.00000 4368022.00000 -116.3587
445438.00000 4368026.00000 -116.3352
445438.00000 4368030.00000 -116.1814
445438.00000 4368034.00000 -115.8650
445438.00000 4368038.00000 -115.6173
445438.00000 4368042.00000 -115.6618
445438.00000 4368046.00000 -115.8724
445438.00000 4368050.00000 -116.1046
445438.00000 4368054.00000 -115.8963
445438.00000 4368058.00000 -115.6219
445438.00000 4368062.00000 -115.3800
445438.00000 4368066.00000 -115.5354
445438.00000 4368070.00000 -115.6904
445438.00000 4368074.00000 -115.6929
445438.00000 4368078.00000 -115.4895
445438.00000 4368082.00000 -115.1749
445438.00000 4368086.00000 -114.9822
445438.00000 4368090.00000 -115.0033
445438.00000 4368094.00000 -115.1624
445438.00000 4368098.00000 -115.1679
445438.00000 4368102.00000 -115.0261
445438.00000 4368106.00000 -114.9495
445438.00000 4368110.00000 -115.2540
445438.00000 4368114.00000 -115.4749
445438.00000 4368118.00000 -115.5704
445438.00000 4368122.00000 -115.6677
445438.00000 4368126.00000 -115.9480
445438.00000 4368130.00000 -116.4783
445438.00000 4368134.00000 -116.4942
445438.00000 4368138.00000 -116.5599
445438.00000 4368142.00000 -117.2345
445438.00000 4368146.00000 -117.6590
445438.00000 4368150.00000 -118.3723
445438.00000 4368154.00000 -118.2074
445438.00000 4368158.00000 -118.2845
445438.00000 4368162.00000 -117.3955
445438.00000 4368166.00000 -116.4101
445438.00000 4368170.00000 -116.6046
445438.00000 4368174.00000 -117.9238
445438.00000 4368178.00000 -124.4359
445438.00000 4368182.00000 -130.5641
445438.00000 4368186.00000 N.C.
445438.00000 4368190.00000 N.C.
445438.00000 4368194.00000 N.C.
445438.00000 4368198.00000 N.C.
445438.00000 4368202.00000 -120.9739
445438.00000 4368206.00000 -123.1785
445438.00000 4368210.00000 -137.6588
445438.00000 4368214.00000 -136.3740
445438.00000 4368218.00000 -136.7170
445438.00000 4368222.00000 -131.4650
445438.00000 4368226.00000 -126.7502
445438.00000 4368230.00000 -121.5609
445438.00000 4368234.00000 -121.3662
445438.00000 4368238.00000 -120.9330
445438.00000 4368242.00000 -119.7997
445438.00000 4368246.00000 -118.4164
445438.00000 4368250.00000 -117.9456
445438.00000 4368254.00000 -117.9057
445438.00000 4368258.00000 -117.6576
445438.00000 4368262.00000 -116.8561
445438.00000 4368266.00000 -116.3722
445438.00000 4368270.00000 -116.2116
445438.00000 4368274.00000 -115.3587
445438.00000 4368278.00000 -114.6636
445438.00000 4368282.00000 -113.9864
445438.00000 4368286.00000 -113.8683
445438.00000 4368290.00000 -113.1831
445438.00000 4368294.00000 -112.9967
445438.00000 4368298.00000 -112.7067
445438.00000 4368302.00000 -112.7461
445438.00000 4368306.00000 -112.4107
445438.00000 4368310.00000 -112.1604
445438.00000 4368314.00000 -112.0386
445438.00000 4368318.00000 -111.7136
445438.00000 4368322.00000 -111.4047
445438.00000 4368326.00000 -111.0745
445438.00000 4368330.00000 -110.8581
445438.00000 4368334.00000 -110.8225
445438.00000 4368338.00000 -110.5398
445438.00000 4368342.00000 -110.0555
445438.00000 4368346.00000 -109.3905
445438.00000 4368350.00000 -108.8672
445438.00000 4368354.00000 -108.4678
445438.00000 4368358.00000 -108.5715
445438.00000 4368362.00000 -108.6927
445438.00000 4368366.00000 -108.9192
445438.00000 4368370.00000 -109.0406
445438.00000 4368374.00000 -109.2333
445438.00000 4368378.00000 -109.3469
445438.00000 4368382.00000 -109.2275
445438.00000 4368386.00000 -109.0155
445438.00000 4368390.00000 -108.3955
445438.00000 4368394.00000 -108.0109
END_DATA