VERSION	2020-38079
DATE	2026-07-08, 15:36:29 (+0800)
ANTENNA 1	NAME	Site  1 Antenna 1
ANTENNA 1	LOCATION	445179.000 4368135.000 26.000
ANTENNA 1	FREQUENCY	3500.000
ANTENNA 1	POWER	0.001 W Output
ANTENNA 1	ANTENNATYPE	ISO
LOWER_LEFT	444928.00000000 4367884.00000000
UPPER_RIGHT	445440.00000000 4368396.00000000
HEIGHT	2.000
TIME_STEP	0.000
RESOLUTION	4.00000000

BEGIN_DATA
444930.00000 4367886.00000 -107.2844
444930.00000 4367890.00000 -107.2126
444930.00000 4367894.00000 -107.1108
444930.00000 4367898.00000 -107.0841
444930.00000 4367902.00000 -107.0275
444930.00000 4367906.00000 -106.9859
444930.00000 4367910.00000 -106.8845
444930.00000 4367914.00000 -106.7983
444930.00000 4367918.00000 -106.6973
444930.00000 4367922.00000 -106.6414
444930.00000 4367926.00000 -106.6009
444930.00000 4367930.00000 -106.5306
444930.00000 4367934.00000 -106.4307
444930.00000 4367938.00000 -106.3011
444930.00000 4367942.00000 -106.2019
444930.00000 4367946.00000 -106.1632
444930.00000 4367950.00000 -106.0499
444930.00000 4367954.00000 -105.9072
444930.00000 4367958.00000 -105.8400
444930.00000 4367962.00000 -105.7735
444930.00000 4367966.00000 -105.6326
444930.00000 4367970.00000 -105.5524
444930.00000 4367974.00000 -105.4730
444930.00000 4367978.00000 -105.3494
444930.00000 4367982.00000 -105.2867
444930.00000 4367986.00000 -105.3149
444930.00000 4367990.00000 -105.2541
444930.00000 4367994.00000 -105.2393
444930.00000 4367998.00000 -105.1655
444930.00000 4368002.00000 -105.0780
444930.00000 4368006.00000 -104.9916
444930.00000 4368010.00000 -104.9516
444930.00000 4368014.00000 -104.8828
444930.00000 4368018.00000 -104.8455
444930.00000 4368022.00000 -104.7646
444930.00000 4368026.00000 -115.6691
444930.00000 4368030.00000 -115.3439
444930.00000 4368034.00000 -115.0336
444930.00000 4368038.00000 -116.0834
444930.00000 4368042.00000 -115.7339
444930.00000 4368046.00000 -104.5086
444930.00000 4368050.00000 -104.5897
444930.00000 4368054.00000 -104.6428
444930.00000 4368058.00000 -104.5330
444930.00000 4368062.00000 -104.4852
444930.00000 4368066.00000 -114.8652
444930.00000 4368070.00000 -115.5069
444930.00000 4368074.00000 -116.3712
444930.00000 4368078.00000 -117.3094
444930.00000 4368082.00000 N.C.
444930.00000 4368086.00000 N.C.
444930.00000 4368090.00000 N.C.
444930.00000 4368094.00000 N.C.
444930.00000 4368098.00000 N.C.
444930.00000 4368102.00000 -116.7602
444930.00000 4368106.00000 -117.1690
444930.00000 4368110.00000 -117.5825
444930.00000 4368114.00000 -117.9990
444930.00000 4368118.00000 -120.0522
444930.00000 4368122.00000 -117.2025
444930.00000 4368126.00000 -120.5020
444930.00000 4368130.00000 -120.9933
444930.00000 4368134.00000 -121.5314
444930.00000 4368138.00000 -122.0962
444930.00000 4368142.00000 -117.5394
444930.00000 4368146.00000 -116.8770
444930.00000 4368150.00000 -116.1347
444930.00000 4368154.00000 -115.4878
444930.00000 4368158.00000 -125.1367
444930.00000 4368162.00000 N.C.
444930.00000 4368166.00000 N.C.
444930.00000 4368170.00000 -103.9818
444930.00000 4368174.00000 -103.9919
444930.00000 4368178.00000 N.C.
444930.00000 4368182.00000 -118.8310
444930.00000 4368186.00000 N.C.
444930.00000 4368190.00000 -119.3575
444930.00000 4368194.00000 N.C.
444930.00000 4368198.00000 N.C.
444930.00000 4368202.00000 N.C.
444930.00000 4368206.00000 N.C.
444930.00000 4368210.00000 -115.9550
444930.00000 4368214.00000 -115.5201
444930.00000 4368218.00000 -105.1335
444930.00000 4368222.00000 -118.9188
444930.00000 4368226.00000 N.C.
444930.00000 4368230.00000 -121.8048
444930.00000 4368234.00000 N.C.
444930.00000 4368238.00000 N.C.
444930.00000 4368242.00000 -119.6189
444930.00000 4368246.00000 -117.0180
444930.00000 4368250.00000 -119.3300
444930.00000 4368254.00000 -123.8106
444930.00000 4368258.00000 -125.3694
444930.00000 4368262.00000 -126.8416
444930.00000 4368266.00000 -125.2127
444930.00000 4368270.00000 -119.6557
444930.00000 4368274.00000 -119.1626
444930.00000 4368278.00000 -118.5564
444930.00000 4368282.00000 -124.9571
444930.00000 4368286.00000 -127.1033
444930.00000 4368290.00000 -125.7272
444930.00000 4368294.00000 N.C.
444930.00000 4368298.00000 N.C.
444930.00000 4368302.00000 N.C.
444930.00000 4368306.00000 -120.6256
444930.00000 4368310.00000 N.C.
444930.00000 4368314.00000 -122.6578
444930.00000 4368318.00000 N.C.
444930.00000 4368322.00000 -120.2878
444930.00000 4368326.00000 -118.4300
444930.00000 4368330.00000 -107.4589
444930.00000 4368334.00000 N.C.
444930.00000 4368338.00000 N.C.
444930.00000 4368342.00000 N.C.
444930.00000 4368346.00000 N.C.
444930.00000 4368350.00000 -126.4497
444930.00000 4368354.00000 N.C.
444930.00000 4368358.00000 N.C.
444930.00000 4368362.00000 N.C.
444930.00000 4368366.00000 -133.3781
444930.00000 4368370.00000 -125.0225
444930.00000 4368374.00000 -123.5708
444930.00000 4368378.00000 -122.2303
444930.00000 4368382.00000 -121.0372
444930.00000 4368386.00000 -120.0144
444930.00000 4368390.00000 -119.1481
444930.00000 4368394.00000 -118.4950
444934.00000 4367886.00000 -107.1976
444934.00000 4367890.00000 -107.1094
444934.00000 4367894.00000 -107.0362
444934.00000 4367898.00000 -106.9480
444934.00000 4367902.00000 -106.9049
444934.00000 4367906.00000 -106.8468
444934.00000 4367910.00000 -106.8039
444934.00000 4367914.00000 -106.7161
444934.00000 4367918.00000 -106.6135
444934.00000 4367922.00000 -106.5111
444934.00000 4367926.00000 -106.4540
444934.00000 4367930.00000 -106.4271
444934.00000 4367934.00000 -106.3555
444934.00000 4367938.00000 -106.2392
444934.00000 4367942.00000 -106.1084
444934.00000 4367946.00000 -106.0529
444934.00000 4367950.00000 -105.9679
444934.00000 4367954.00000 -105.8535
444934.00000 4367958.00000 -105.7096
444934.00000 4367962.00000 -105.6563
444934.00000 4367966.00000 -105.5586
444934.00000 4367970.00000 -105.4616
444934.00000 4367974.00000 -105.3654
444934.00000 4367978.00000 -105.2550
444934.00000 4367982.00000 -105.1605
444934.00000 4367986.00000 -105.1119
444934.00000 4367990.00000 -105.1092
444934.00000 4367994.00000 -105.0476
444934.00000 4367998.00000 -105.0321
444934.00000 4368002.00000 -104.9427
444934.00000 4368006.00000 -104.8695
444934.00000 4368010.00000 -104.7526
444934.00000 4368014.00000 -104.7421
444934.00000 4368018.00000 -104.6280
444934.00000 4368022.00000 -104.6803
444934.00000 4368026.00000 -115.6409
444934.00000 4368030.00000 -115.3054
444934.00000 4368034.00000 -114.9833
444934.00000 4368038.00000 -116.0676
444934.00000 4368042.00000 -115.7082
444934.00000 4368046.00000 -104.3392
444934.00000 4368050.00000 -104.4038
444934.00000 4368054.00000 -104.4404
444934.00000 4368058.00000 -104.3891
444934.00000 4368062.00000 -104.3399
444934.00000 4368066.00000 -114.5892
444934.00000 4368070.00000 -115.2187
444934.00000 4368074.00000 -116.1818
444934.00000 4368078.00000 -117.2380
444934.00000 4368082.00000 -118.3089
444934.00000 4368086.00000 N.C.
444934.00000 4368090.00000 N.C.
444934.00000 4368094.00000 N.C.
444934.00000 4368098.00000 -116.1532
444934.00000 4368102.00000 -116.6176
444934.00000 4368106.00000 -117.0444
444934.00000 4368110.00000 -117.4759
444934.00000 4368114.00000 -117.9253
444934.00000 4368118.00000 -119.8475
444934.00000 4368122.00000 -120.0072
444934.00000 4368126.00000 -120.4440
444934.00000 4368130.00000 -120.9930
444934.00000 4368134.00000 -121.5762
444934.00000 4368138.00000 -122.1776
444934.00000 4368142.00000 -122.7531
444934.00000 4368146.00000 -122.1035
444934.00000 4368150.00000 -119.7413
444934.00000 4368154.00000 -115.2937
444934.00000 4368158.00000 -124.8932
444934.00000 4368162.00000 N.C.
444934.00000 4368166.00000 N.C.
444934.00000 4368170.00000 -103.8110
444934.00000 4368174.00000 -103.8219
444934.00000 4368178.00000 -103.6705
444934.00000 4368182.00000 N.C.
444934.00000 4368186.00000 N.C.
444934.00000 4368190.00000 N.C.
444934.00000 4368194.00000 N.C.
444934.00000 4368198.00000 -104.0767
444934.00000 4368202.00000 N.C.
444934.00000 4368206.00000 -116.3383
444934.00000 4368210.00000 -115.6546
444934.00000 4368214.00000 -115.2706
444934.00000 4368218.00000 -105.0818
444934.00000 4368222.00000 N.C.
444934.00000 4368226.00000 N.C.
444934.00000 4368230.00000 -115.9321
444934.00000 4368234.00000 N.C.
444934.00000 4368238.00000 N.C.
444934.00000 4368242.00000 -116.7516
444934.00000 4368246.00000 -116.8767
444934.00000 4368250.00000 -119.1577
444934.00000 4368254.00000 -124.6650
444934.00000 4368258.00000 -126.4658
444934.00000 4368262.00000 -127.4363
444934.00000 4368266.00000 -125.5132
444934.00000 4368270.00000 -119.3504
444934.00000 4368274.00000 -118.8618
444934.00000 4368278.00000 -118.1877
444934.00000 4368282.00000 N.C.
444934.00000 4368286.00000 N.C.
444934.00000 4368290.00000 -126.8349
444934.00000 4368294.00000 N.C.
444934.00000 4368298.00000 N.C.
444934.00000 4368302.00000 N.C.
444934.00000 4368306.00000 N.C.
444934.00000 4368310.00000 N.C.
444934.00000 4368314.00000 -122.7787
444934.00000 4368318.00000 N.C.
444934.00000 4368322.00000 -119.6825
444934.00000 4368326.00000 -118.9666
444934.00000 4368330.00000 -120.1909
444934.00000 4368334.00000 N.C.
444934.00000 4368338.00000 N.C.
444934.00000 4368342.00000 N.C.
444934.00000 4368346.00000 N.C.
444934.00000 4368350.00000 -120.5528
444934.00000 4368354.00000 -120.1640
444934.00000 4368358.00000 N.C.
444934.00000 4368362.00000 N.C.
444934.00000 4368366.00000 -131.4988
444934.00000 4368370.00000 -124.8932
444934.00000 4368374.00000 -123.1689
444934.00000 4368378.00000 -121.6097
444934.00000 4368382.00000 -120.2766
444934.00000 4368386.00000 -119.1811
444934.00000 4368390.00000 -118.4309
444934.00000 4368394.00000 -118.7871
444938.00000 4367886.00000 -107.0958
444938.00000 4367890.00000 -107.0212
444938.00000 4367894.00000 -106.9315
444938.00000 4367898.00000 -106.8569
444938.00000 4367902.00000 -106.7672
444938.00000 4367906.00000 -106.7227
444938.00000 4367910.00000 -106.6632
444938.00000 4367914.00000 -106.6189
444938.00000 4367918.00000 -106.5296
444938.00000 4367922.00000 -106.4256
444938.00000 4367926.00000 -106.3368
444938.00000 4367930.00000 -106.2932
444938.00000 4367934.00000 -106.2350
444938.00000 4367938.00000 -106.1620
444938.00000 4367942.00000 -106.0444
444938.00000 4367946.00000 -105.8972
444938.00000 4367950.00000 -105.8705
444938.00000 4367954.00000 -105.7692
444938.00000 4367958.00000 -105.6385
444938.00000 4367962.00000 -105.5084
444938.00000 4367966.00000 -105.4389
444938.00000 4367970.00000 -105.3401
444938.00000 4367974.00000 -105.2421
444938.00000 4367978.00000 -105.1448
444938.00000 4367982.00000 -105.0484
444938.00000 4367986.00000 -104.9829
444938.00000 4367990.00000 -104.9783
444938.00000 4367994.00000 -104.9298
444938.00000 4367998.00000 -104.8824
444938.00000 4368002.00000 -104.8212
444938.00000 4368006.00000 -104.7311
444938.00000 4368010.00000 -104.6424
444938.00000 4368014.00000 -104.6000
444938.00000 4368018.00000 -104.5290
444938.00000 4368022.00000 -104.4895
444938.00000 4368026.00000 -104.4066
444938.00000 4368030.00000 -115.2753
444938.00000 4368034.00000 -114.9267
444938.00000 4368038.00000 -116.0610
444938.00000 4368042.00000 -115.6913
444938.00000 4368046.00000 -104.1980
444938.00000 4368050.00000 -104.2009
444938.00000 4368054.00000 -104.2059
444938.00000 4368058.00000 -104.2581
444938.00000 4368062.00000 -104.2074
444938.00000 4368066.00000 -103.9940
444938.00000 4368070.00000 -114.9039
444938.00000 4368074.00000 -115.9894
444938.00000 4368078.00000 -117.1974
444938.00000 4368082.00000 -118.4122
444938.00000 4368086.00000 -119.5767
444938.00000 4368090.00000 -115.1573
444938.00000 4368094.00000 -115.5678
444938.00000 4368098.00000 -116.0095
444938.00000 4368102.00000 -116.4777
444938.00000 4368106.00000 -116.9238
444938.00000 4368110.00000 -117.3750
444938.00000 4368114.00000 -117.9335
444938.00000 4368118.00000 -116.4544
444938.00000 4368122.00000 -119.8968
444938.00000 4368126.00000 -120.4148
444938.00000 4368130.00000 -121.0247
444938.00000 4368134.00000 -121.6703
444938.00000 4368138.00000 -122.2945
444938.00000 4368142.00000 -122.9000
444938.00000 4368146.00000 -123.4817
444938.00000 4368150.00000 -120.7580
444938.00000 4368154.00000 -115.1518
444938.00000 4368158.00000 -124.6770
444938.00000 4368162.00000 N.C.
444938.00000 4368166.00000 N.C.
444938.00000 4368170.00000 -103.6376
444938.00000 4368174.00000 -103.6343
444938.00000 4368178.00000 -103.4988
444938.00000 4368182.00000 N.C.
444938.00000 4368186.00000 N.C.
444938.00000 4368190.00000 -119.0719
444938.00000 4368194.00000 -116.6444
444938.00000 4368198.00000 -104.1508
444938.00000 4368202.00000 N.C.
444938.00000 4368206.00000 -116.0630
444938.00000 4368210.00000 -115.3380
444938.00000 4368214.00000 -104.6892
444938.00000 4368218.00000 -115.4881
444938.00000 4368222.00000 N.C.
444938.00000 4368226.00000 N.C.
444938.00000 4368230.00000 -116.6240
444938.00000 4368234.00000 N.C.
444938.00000 4368238.00000 -121.6518
444938.00000 4368242.00000 -116.6222
444938.00000 4368246.00000 -119.0654
444938.00000 4368250.00000 -119.0264
444938.00000 4368254.00000 -126.2203
444938.00000 4368258.00000 -130.2144
444938.00000 4368262.00000 -128.4163
444938.00000 4368266.00000 -126.1050
444938.00000 4368270.00000 -123.5886
444938.00000 4368274.00000 -123.0148
444938.00000 4368278.00000 -117.8008
444938.00000 4368282.00000 N.C.
444938.00000 4368286.00000 N.C.
444938.00000 4368290.00000 -126.8327
444938.00000 4368294.00000 N.C.
444938.00000 4368298.00000 N.C.
444938.00000 4368302.00000 N.C.
444938.00000 4368306.00000 N.C.
444938.00000 4368310.00000 N.C.
444938.00000 4368314.00000 -123.7776
444938.00000 4368318.00000 N.C.
444938.00000 4368322.00000 -120.5944
444938.00000 4368326.00000 -120.6424
444938.00000 4368330.00000 N.C.
444938.00000 4368334.00000 N.C.
444938.00000 4368338.00000 -127.7404
444938.00000 4368342.00000 N.C.
444938.00000 4368346.00000 N.C.
444938.00000 4368350.00000 -125.0609
444938.00000 4368354.00000 -120.0204
444938.00000 4368358.00000 N.C.
444938.00000 4368362.00000 -132.1887
444938.00000 4368366.00000 -126.6062
444938.00000 4368370.00000 -124.7767
444938.00000 4368374.00000 -122.6600
444938.00000 4368378.00000 -120.8214
444938.00000 4368382.00000 -119.3542
444938.00000 4368386.00000 -118.4505
444938.00000 4368390.00000 -118.8363
444938.00000 4368394.00000 -119.6240
444942.00000 4367886.00000 -107.0391
444942.00000 4367890.00000 -106.9180
444942.00000 4367894.00000 -106.8419
444942.00000 4367898.00000 -106.7507
444942.00000 4367902.00000 -106.6745
444942.00000 4367906.00000 -106.5834
444942.00000 4367910.00000 -106.5374
444942.00000 4367914.00000 -106.4914
444942.00000 4367918.00000 -106.4156
444942.00000 4367922.00000 -106.3399
444942.00000 4367926.00000 -106.2344
444942.00000 4367930.00000 -106.1592
444942.00000 4367934.00000 -106.1142
444942.00000 4367938.00000 -106.0245
444942.00000 4367942.00000 -105.9651
444942.00000 4367946.00000 -105.7861
444942.00000 4367950.00000 -105.7126
444942.00000 4367954.00000 -105.6695
444942.00000 4367958.00000 -105.5519
444942.00000 4367962.00000 -105.4050
444942.00000 4367966.00000 -105.3186
444942.00000 4367970.00000 -105.2479
444942.00000 4367974.00000 -105.1029
444942.00000 4367978.00000 -105.0488
444942.00000 4367982.00000 -104.9804
444942.00000 4367986.00000 -104.8530
444942.00000 4367990.00000 -104.8015
444942.00000 4367994.00000 -104.8111
444942.00000 4367998.00000 -104.7317
444942.00000 4368002.00000 -104.6685
444942.00000 4368006.00000 -104.5915
444942.00000 4368010.00000 -104.5008
444942.00000 4368014.00000 -104.3965
444942.00000 4368018.00000 -104.3836
444942.00000 4368022.00000 -104.2822
444942.00000 4368026.00000 -104.3175
444942.00000 4368030.00000 -115.2540
444942.00000 4368034.00000 -114.8944
444942.00000 4368038.00000 -116.0642
444942.00000 4368042.00000 -115.6842
444942.00000 4368046.00000 -115.2980
444942.00000 4368050.00000 -103.9810
444942.00000 4368054.00000 -104.0594
444942.00000 4368058.00000 -104.1099
444942.00000 4368062.00000 -103.9977
444942.00000 4368066.00000 -103.9478
444942.00000 4368070.00000 -114.5558
444942.00000 4368074.00000 -115.7940
444942.00000 4368078.00000 -117.2033
444942.00000 4368082.00000 -118.6031
444942.00000 4368086.00000 -114.5228
444942.00000 4368090.00000 -114.9655
444942.00000 4368094.00000 -115.3920
444942.00000 4368098.00000 -115.8525
444942.00000 4368102.00000 -116.3413
444942.00000 4368106.00000 -116.8085
444942.00000 4368110.00000 -117.2809
444942.00000 4368114.00000 -117.9352
444942.00000 4368118.00000 -116.3347
444942.00000 4368122.00000 -119.8156
444942.00000 4368126.00000 -120.4209
444942.00000 4368130.00000 -121.0953
444942.00000 4368134.00000 -121.7905
444942.00000 4368138.00000 -122.2023
444942.00000 4368142.00000 -123.0889
444942.00000 4368146.00000 -123.5121
444942.00000 4368150.00000 -123.3944
444942.00000 4368154.00000 -115.0202
444942.00000 4368158.00000 -124.3568
444942.00000 4368162.00000 N.C.
444942.00000 4368166.00000 N.C.
444942.00000 4368170.00000 -103.4614
444942.00000 4368174.00000 -103.3990
444942.00000 4368178.00000 -103.2945
444942.00000 4368182.00000 N.C.
444942.00000 4368186.00000 N.C.
444942.00000 4368190.00000 N.C.
444942.00000 4368194.00000 N.C.
444942.00000 4368198.00000 N.C.
444942.00000 4368202.00000 N.C.
444942.00000 4368206.00000 -115.7653
444942.00000 4368210.00000 -115.0103
444942.00000 4368214.00000 -104.6469
444942.00000 4368218.00000 -115.6736
444942.00000 4368222.00000 N.C.
444942.00000 4368226.00000 N.C.
444942.00000 4368230.00000 -119.1987
444942.00000 4368234.00000 -116.1500
444942.00000 4368238.00000 -116.3148
444942.00000 4368242.00000 -116.4793
444942.00000 4368246.00000 -118.8427
444942.00000 4368250.00000 -125.9697
444942.00000 4368254.00000 -132.0374
444942.00000 4368258.00000 -131.8624
444942.00000 4368262.00000 -130.0220
444942.00000 4368266.00000 -127.3240
444942.00000 4368270.00000 -124.1103
444942.00000 4368274.00000 -122.8414
444942.00000 4368278.00000 -117.5438
444942.00000 4368282.00000 N.C.
444942.00000 4368286.00000 -123.2852
444942.00000 4368290.00000 N.C.
444942.00000 4368294.00000 N.C.
444942.00000 4368298.00000 N.C.
444942.00000 4368302.00000 N.C.
444942.00000 4368306.00000 N.C.
444942.00000 4368310.00000 -124.6528
444942.00000 4368314.00000 N.C.
444942.00000 4368318.00000 N.C.
444942.00000 4368322.00000 N.C.
444942.00000 4368326.00000 -118.5411
444942.00000 4368330.00000 N.C.
444942.00000 4368334.00000 N.C.
444942.00000 4368338.00000 -127.7095
444942.00000 4368342.00000 -121.0001
444942.00000 4368346.00000 N.C.
444942.00000 4368350.00000 -120.1425
444942.00000 4368354.00000 -128.3776
444942.00000 4368358.00000 N.C.
444942.00000 4368362.00000 N.C.
444942.00000 4368366.00000 N.C.
444942.00000 4368370.00000 -124.6983
444942.00000 4368374.00000 -121.9837
444942.00000 4368378.00000 -119.8401
444942.00000 4368382.00000 -118.6240
444942.00000 4368386.00000 -119.0271
444942.00000 4368390.00000 -119.8917
444942.00000 4368394.00000 -120.6436
444946.00000 4367886.00000 -106.9225
444946.00000 4367890.00000 -106.8599
444946.00000 4367894.00000 -106.7372
444946.00000 4367898.00000 -106.6595
444946.00000 4367902.00000 -106.5668
444946.00000 4367906.00000 -106.4892
444946.00000 4367910.00000 -106.3965
444946.00000 4367914.00000 -106.3489
444946.00000 4367918.00000 -106.3164
444946.00000 4367922.00000 -106.2390
444946.00000 4367926.00000 -106.1318
444946.00000 4367930.00000 -106.0398
444946.00000 4367934.00000 -105.9931
444946.00000 4367938.00000 -105.9016
444946.00000 4367942.00000 -105.8404
444946.00000 4367946.00000 -105.7496
444946.00000 4367950.00000 -105.5842
444946.00000 4367954.00000 -105.4943
444946.00000 4367958.00000 -105.4498
444946.00000 4367962.00000 -105.3309
444946.00000 4367966.00000 -105.1826
444946.00000 4367970.00000 -105.1100
444946.00000 4367974.00000 -105.0381
444946.00000 4367978.00000 -104.9219
444946.00000 4367982.00000 -104.8366
444946.00000 4367986.00000 -104.7671
444946.00000 4367990.00000 -104.6537
444946.00000 4367994.00000 -104.6162
444946.00000 4367998.00000 -104.5948
444946.00000 4368002.00000 -104.5296
444946.00000 4368006.00000 -104.4656
444946.00000 4368010.00000 -104.3879
444946.00000 4368014.00000 -104.2966
444946.00000 4368018.00000 -104.2368
444946.00000 4368022.00000 -104.1484
444946.00000 4368026.00000 -104.1517
444946.00000 4368030.00000 -104.0216
444946.00000 4368034.00000 -114.8717
444946.00000 4368038.00000 -116.0783
444946.00000 4368042.00000 -115.6877
444946.00000 4368046.00000 -115.2902
444946.00000 4368050.00000 -103.8041
444946.00000 4368054.00000 -103.8808
444946.00000 4368058.00000 -103.8996
444946.00000 4368062.00000 -103.8308
444946.00000 4368066.00000 -103.7943
444946.00000 4368070.00000 -114.1705
444946.00000 4368074.00000 -115.5953
444946.00000 4368078.00000 -117.2851
444946.00000 4368082.00000 -118.9284
444946.00000 4368086.00000 -114.3214
444946.00000 4368090.00000 -114.7742
444946.00000 4368094.00000 -115.2175
444946.00000 4368098.00000 -115.7134
444946.00000 4368102.00000 -116.2093
444946.00000 4368106.00000 -116.6996
444946.00000 4368110.00000 -117.1949
444946.00000 4368114.00000 -119.7541
444946.00000 4368118.00000 -116.2519
444946.00000 4368122.00000 -119.7721
444946.00000 4368126.00000 -120.4713
444946.00000 4368130.00000 -121.2289
444946.00000 4368134.00000 -121.9608
444946.00000 4368138.00000 -122.6625
444946.00000 4368142.00000 -121.5616
444946.00000 4368146.00000 -123.9523
444946.00000 4368150.00000 -123.2258
444946.00000 4368154.00000 -114.9040
444946.00000 4368158.00000 N.C.
444946.00000 4368162.00000 N.C.
444946.00000 4368166.00000 -103.2718
444946.00000 4368170.00000 -103.2824
444946.00000 4368174.00000 -103.1760
444946.00000 4368178.00000 -103.2675
444946.00000 4368182.00000 N.C.
444946.00000 4368186.00000 N.C.
444946.00000 4368190.00000 N.C.
444946.00000 4368194.00000 N.C.
444946.00000 4368198.00000 N.C.
444946.00000 4368202.00000 N.C.
444946.00000 4368206.00000 -115.4381
444946.00000 4368210.00000 -114.6928
444946.00000 4368214.00000 -104.5574
444946.00000 4368218.00000 -117.7726
444946.00000 4368222.00000 -117.9646
444946.00000 4368226.00000 N.C.
444946.00000 4368230.00000 -115.8290
444946.00000 4368234.00000 -116.0441
444946.00000 4368238.00000 -116.2137
444946.00000 4368242.00000 -118.7737
444946.00000 4368246.00000 -118.6156
444946.00000 4368250.00000 N.C.
444946.00000 4368254.00000 N.C.
444946.00000 4368258.00000 N.C.
444946.00000 4368262.00000 N.C.
444946.00000 4368266.00000 -130.0945
444946.00000 4368270.00000 -126.1024
444946.00000 4368274.00000 -122.6655
444946.00000 4368278.00000 N.C.
444946.00000 4368282.00000 N.C.
444946.00000 4368286.00000 -123.8186
444946.00000 4368290.00000 -121.0858
444946.00000 4368294.00000 N.C.
444946.00000 4368298.00000 N.C.
444946.00000 4368302.00000 -119.8527
444946.00000 4368306.00000 N.C.
444946.00000 4368310.00000 -116.8560
444946.00000 4368314.00000 -116.8954
444946.00000 4368318.00000 N.C.
444946.00000 4368322.00000 -120.2030
444946.00000 4368326.00000 -127.4238
444946.00000 4368330.00000 N.C.
444946.00000 4368334.00000 N.C.
444946.00000 4368338.00000 -127.7254
444946.00000 4368342.00000 -120.8207
444946.00000 4368346.00000 -120.3694
444946.00000 4368350.00000 N.C.
444946.00000 4368354.00000 N.C.
444946.00000 4368358.00000 N.C.
444946.00000 4368362.00000 N.C.
444946.00000 4368366.00000 N.C.
444946.00000 4368370.00000 -128.4564
444946.00000 4368374.00000 -121.1146
444946.00000 4368378.00000 -119.1631
444946.00000 4368382.00000 -119.5167
444946.00000 4368386.00000 -120.4431
444946.00000 4368390.00000 -119.2226
444946.00000 4368394.00000 -118.6394
444950.00000 4367886.00000 -106.8509
444950.00000 4367890.00000 -106.7419
444950.00000 4367894.00000 -106.6627
444950.00000 4367898.00000 -106.5684
444950.00000 4367902.00000 -106.4742
444950.00000 4367906.00000 -106.3798
444950.00000 4367910.00000 -106.3006
444950.00000 4367914.00000 -106.2063
444950.00000 4367918.00000 -106.1571
444950.00000 4367922.00000 -106.1230
444950.00000 4367926.00000 -106.0441
444950.00000 4367930.00000 -105.9203
444950.00000 4367934.00000 -105.8417
444950.00000 4367938.00000 -105.7934
444950.00000 4367942.00000 -105.7154
444950.00000 4367946.00000 -105.6377
444950.00000 4367950.00000 -105.5304
444950.00000 4367954.00000 -105.3935
444950.00000 4367958.00000 -105.3022
444950.00000 4367962.00000 -105.2413
444950.00000 4367966.00000 -105.1210
444950.00000 4367970.00000 -104.9714
444950.00000 4367974.00000 -104.9124
444950.00000 4367978.00000 -104.8092
444950.00000 4367982.00000 -104.6919
444950.00000 4367986.00000 -104.6204
444950.00000 4367990.00000 -104.5348
444950.00000 4367994.00000 -104.4503
444950.00000 4367998.00000 -104.4718
444950.00000 4368002.00000 -104.3896
444950.00000 4368006.00000 -104.3535
444950.00000 4368010.00000 -104.2287
444950.00000 4368014.00000 -104.1353
444950.00000 4368018.00000 -104.0284
444950.00000 4368022.00000 -104.0130
444950.00000 4368026.00000 -115.6162
444950.00000 4368030.00000 -103.9422
444950.00000 4368034.00000 -114.8593
444950.00000 4368038.00000 -116.1045
444950.00000 4368042.00000 -115.7033
444950.00000 4368046.00000 -115.2941
444950.00000 4368050.00000 -103.6251
444950.00000 4368054.00000 -103.6399
444950.00000 4368058.00000 -103.6570
444950.00000 4368062.00000 -103.7215
444950.00000 4368066.00000 -103.6534
444950.00000 4368070.00000 -103.3928
444950.00000 4368074.00000 -115.3934
444950.00000 4368078.00000 -117.4986
444950.00000 4368082.00000 -119.4700
444950.00000 4368086.00000 -114.1229
444950.00000 4368090.00000 -114.5845
444950.00000 4368094.00000 -115.0453
444950.00000 4368098.00000 -115.5632
444950.00000 4368102.00000 -116.0832
444950.00000 4368106.00000 -116.5987
444950.00000 4368110.00000 -117.1192
444950.00000 4368114.00000 -119.5476
444950.00000 4368118.00000 -116.1631
444950.00000 4368122.00000 -119.7778
444950.00000 4368126.00000 -120.5778
444950.00000 4368130.00000 -121.4074
444950.00000 4368134.00000 -122.1919
444950.00000 4368138.00000 -122.9316
444950.00000 4368142.00000 -122.1936
444950.00000 4368146.00000 N.C.
444950.00000 4368150.00000 N.C.
444950.00000 4368154.00000 -114.8105
444950.00000 4368158.00000 N.C.
444950.00000 4368162.00000 N.C.
444950.00000 4368166.00000 -103.0741
444950.00000 4368170.00000 -103.1005
444950.00000 4368174.00000 -102.9801
444950.00000 4368178.00000 N.C.
444950.00000 4368182.00000 N.C.
444950.00000 4368186.00000 N.C.
444950.00000 4368190.00000 N.C.
444950.00000 4368194.00000 -103.3668
444950.00000 4368198.00000 N.C.
444950.00000 4368202.00000 N.C.
444950.00000 4368206.00000 -115.0713
444950.00000 4368210.00000 -104.1540
444950.00000 4368214.00000 -115.1755
444950.00000 4368218.00000 N.C.
444950.00000 4368222.00000 -118.8520
444950.00000 4368226.00000 -118.8467
444950.00000 4368230.00000 -115.7196
444950.00000 4368234.00000 -115.8946
444950.00000 4368238.00000 -116.0691
444950.00000 4368242.00000 -118.5607
444950.00000 4368246.00000 -118.4438
444950.00000 4368250.00000 -125.4924
444950.00000 4368254.00000 -126.4995
444950.00000 4368258.00000 N.C.
444950.00000 4368262.00000 N.C.
444950.00000 4368266.00000 N.C.
444950.00000 4368270.00000 N.C.
444950.00000 4368274.00000 -117.2638
444950.00000 4368278.00000 N.C.
444950.00000 4368282.00000 N.C.
444950.00000 4368286.00000 -122.0550
444950.00000 4368290.00000 -121.2036
444950.00000 4368294.00000 N.C.
444950.00000 4368298.00000 N.C.
444950.00000 4368302.00000 -116.8398
444950.00000 4368306.00000 -116.6387
444950.00000 4368310.00000 -116.6887
444950.00000 4368314.00000 -119.8982
444950.00000 4368318.00000 N.C.
444950.00000 4368322.00000 N.C.
444950.00000 4368326.00000 -124.6009
444950.00000 4368330.00000 N.C.
444950.00000 4368334.00000 -127.3883
444950.00000 4368338.00000 -127.7319
444950.00000 4368342.00000 -120.6979
444950.00000 4368346.00000 -120.2991
444950.00000 4368350.00000 N.C.
444950.00000 4368354.00000 N.C.
444950.00000 4368358.00000 N.C.
444950.00000 4368362.00000 N.C.
444950.00000 4368366.00000 -128.0088
444950.00000 4368370.00000 N.C.
444950.00000 4368374.00000 N.C.
444950.00000 4368378.00000 -120.8098
444950.00000 4368382.00000 -120.0459
444950.00000 4368386.00000 -119.1626
444950.00000 4368390.00000 -118.4665
444950.00000 4368394.00000 -108.1206
444954.00000 4367886.00000 -106.8095
444954.00000 4367890.00000 -106.6689
444954.00000 4367894.00000 -106.5732
444954.00000 4367898.00000 -106.4774
444954.00000 4367902.00000 -106.3815
444954.00000 4367906.00000 -106.2855
444954.00000 4367910.00000 -106.1896
444954.00000 4367914.00000 -106.1086
444954.00000 4367918.00000 -106.0127
444954.00000 4367922.00000 -105.9769
444954.00000 4367926.00000 -105.9261
444954.00000 4367930.00000 -105.8456
444954.00000 4367934.00000 -105.7202
444954.00000 4367938.00000 -105.6550
444954.00000 4367942.00000 -105.5601
444954.00000 4367946.00000 -105.5105
444954.00000 4367950.00000 -105.4312
444954.00000 4367954.00000 -105.3224
444954.00000 4367958.00000 -105.1840
444954.00000 4367962.00000 -105.1361
444954.00000 4367966.00000 -105.0288
444954.00000 4367970.00000 -104.8771
444954.00000 4367974.00000 -104.7561
444954.00000 4367978.00000 -104.6958
444954.00000 4367982.00000 -104.5613
444954.00000 4367986.00000 -104.4877
444954.00000 4367990.00000 -104.4150
444954.00000 4367994.00000 -104.3133
444954.00000 4367998.00000 -104.2728
444954.00000 4368002.00000 -104.2483
444954.00000 4368006.00000 -104.1801
444954.00000 4368010.00000 -104.1282
444954.00000 4368014.00000 -104.0176
444954.00000 4368018.00000 -103.9386
444954.00000 4368022.00000 -116.0136
444954.00000 4368026.00000 -115.6358
444954.00000 4368030.00000 -115.2506
444954.00000 4368034.00000 -114.8581
444954.00000 4368038.00000 -116.1439
444954.00000 4368042.00000 -115.7320
444954.00000 4368046.00000 -115.3110
444954.00000 4368050.00000 -114.8813
444954.00000 4368054.00000 -103.4119
444954.00000 4368058.00000 -103.4872
444954.00000 4368062.00000 -103.5498
444954.00000 4368066.00000 -103.4500
444954.00000 4368070.00000 -103.3528
444954.00000 4368074.00000 -115.1880
444954.00000 4368078.00000 -117.9669
444954.00000 4368082.00000 -118.8326
444954.00000 4368086.00000 -113.9147
444954.00000 4368090.00000 -114.3979
444954.00000 4368094.00000 -114.8767
444954.00000 4368098.00000 -115.4331
444954.00000 4368102.00000 -115.9646
444954.00000 4368106.00000 -116.5077
444954.00000 4368110.00000 -117.1607
444954.00000 4368114.00000 -119.3375
444954.00000 4368118.00000 -119.0555
444954.00000 4368122.00000 -119.8481
444954.00000 4368126.00000 -120.7709
444954.00000 4368130.00000 -121.6608
444954.00000 4368134.00000 -122.4976
444954.00000 4368138.00000 -123.2721
444954.00000 4368142.00000 -123.2139
444954.00000 4368146.00000 -121.4647
444954.00000 4368150.00000 -115.9954
444954.00000 4368154.00000 -114.7516
444954.00000 4368158.00000 -103.6531
444954.00000 4368162.00000 N.C.
444954.00000 4368166.00000 -102.8883
444954.00000 4368170.00000 -102.9157
444954.00000 4368174.00000 -102.7813
444954.00000 4368178.00000 N.C.
444954.00000 4368182.00000 N.C.
444954.00000 4368186.00000 -118.0221
444954.00000 4368190.00000 -117.8091
444954.00000 4368194.00000 -103.4444
444954.00000 4368198.00000 N.C.
444954.00000 4368202.00000 -116.1532
444954.00000 4368206.00000 -114.6523
444954.00000 4368210.00000 -104.0882
444954.00000 4368214.00000 -115.5935
444954.00000 4368218.00000 N.C.
444954.00000 4368222.00000 N.C.
444954.00000 4368226.00000 -121.7724
444954.00000 4368230.00000 -115.6116
444954.00000 4368234.00000 -115.7618
444954.00000 4368238.00000 -118.4124
444954.00000 4368242.00000 -118.3281
444954.00000 4368246.00000 -118.2522
444954.00000 4368250.00000 -126.2405
444954.00000 4368254.00000 -127.3276
444954.00000 4368258.00000 -128.2238
444954.00000 4368262.00000 -126.6406
444954.00000 4368266.00000 -123.4105
444954.00000 4368270.00000 -122.9914
444954.00000 4368274.00000 -116.9160
444954.00000 4368278.00000 N.C.
444954.00000 4368282.00000 -123.5290
444954.00000 4368286.00000 -121.4939
444954.00000 4368290.00000 -122.2729
444954.00000 4368294.00000 N.C.
444954.00000 4368298.00000 N.C.
444954.00000 4368302.00000 -116.5112
444954.00000 4368306.00000 -116.5264
444954.00000 4368310.00000 N.C.
444954.00000 4368314.00000 N.C.
444954.00000 4368318.00000 N.C.
444954.00000 4368322.00000 -124.3413
444954.00000 4368326.00000 -124.3506
444954.00000 4368330.00000 N.C.
444954.00000 4368334.00000 N.C.
444954.00000 4368338.00000 -121.1970
444954.00000 4368342.00000 -120.6724
444954.00000 4368346.00000 -120.3540
444954.00000 4368350.00000 N.C.
444954.00000 4368354.00000 N.C.
444954.00000 4368358.00000 -127.6493
444954.00000 4368362.00000 -127.6188
444954.00000 4368366.00000 -127.6043
444954.00000 4368370.00000 N.C.
444954.00000 4368374.00000 N.C.
444954.00000 4368378.00000 -120.3082
444954.00000 4368382.00000 -119.1889
444954.00000 4368386.00000 -118.3329
444954.00000 4368390.00000 -118.1848
444954.00000 4368394.00000 -118.8741
444958.00000 4367886.00000 -106.7533
444958.00000 4367890.00000 -106.6261
444958.00000 4367894.00000 -106.4839
444958.00000 4367898.00000 -106.3714
444958.00000 4367902.00000 -106.2889
444958.00000 4367906.00000 -106.1913
444958.00000 4367910.00000 -106.0936
444958.00000 4367914.00000 -105.9959
444958.00000 4367918.00000 -105.9133
444958.00000 4367922.00000 -105.8157
444958.00000 4367926.00000 -105.7931
444958.00000 4367930.00000 -105.7407
444958.00000 4367934.00000 -105.6434
444958.00000 4367938.00000 -105.5163
444958.00000 4367942.00000 -105.4345
444958.00000 4367946.00000 -105.3529
444958.00000 4367950.00000 -105.3167
444958.00000 4367954.00000 -105.2508
444958.00000 4367958.00000 -105.1104
444958.00000 4367962.00000 -104.9854
444958.00000 4367966.00000 -104.9210
444958.00000 4367970.00000 -104.7972
444958.00000 4367974.00000 -104.6440
444958.00000 4367978.00000 -104.5516
444958.00000 4367982.00000 -104.4749
444958.00000 4367986.00000 -104.3541
444958.00000 4367990.00000 -104.2642
444958.00000 4367994.00000 -104.1904
444958.00000 4367998.00000 -104.1475
444958.00000 4368002.00000 -104.1059
444958.00000 4368006.00000 -104.0504
444958.00000 4368010.00000 -104.0113
444958.00000 4368014.00000 -103.8985
444958.00000 4368018.00000 -103.7572
444958.00000 4368022.00000 -116.0543
444958.00000 4368026.00000 -115.6677
444958.00000 4368030.00000 -115.2726
444958.00000 4368034.00000 -114.8692
444958.00000 4368038.00000 -114.4579
444958.00000 4368042.00000 -115.7755
444958.00000 4368046.00000 -115.3424
444958.00000 4368050.00000 -114.8995
444958.00000 4368054.00000 -103.2566
444958.00000 4368058.00000 -103.3149
444958.00000 4368062.00000 -103.3307
444958.00000 4368066.00000 -103.2291
444958.00000 4368070.00000 -103.2052
444958.00000 4368074.00000 -114.9791
444958.00000 4368078.00000 -118.0714
444958.00000 4368082.00000 -118.6230
444958.00000 4368086.00000 -113.7299
444958.00000 4368090.00000 -114.2165
444958.00000 4368094.00000 -114.7133
444958.00000 4368098.00000 -115.2952
444958.00000 4368102.00000 -114.7341
444958.00000 4368106.00000 -115.4223
444958.00000 4368110.00000 -124.5620
444958.00000 4368114.00000 -119.1237
444958.00000 4368118.00000 -119.0305
444958.00000 4368122.00000 -120.0047
444958.00000 4368126.00000 -121.0432
444958.00000 4368130.00000 -122.0094
444958.00000 4368134.00000 -122.8947
444958.00000 4368138.00000 -123.6974
444958.00000 4368142.00000 -120.9564
444958.00000 4368146.00000 -122.9152
444958.00000 4368150.00000 -120.2581
444958.00000 4368154.00000 -114.7469
444958.00000 4368158.00000 -103.4476
444958.00000 4368162.00000 -102.7043
444958.00000 4368166.00000 -102.6994
444958.00000 4368170.00000 -102.7127
444958.00000 4368174.00000 -102.5644
444958.00000 4368178.00000 N.C.
444958.00000 4368182.00000 N.C.
444958.00000 4368186.00000 N.C.
444958.00000 4368190.00000 N.C.
444958.00000 4368194.00000 N.C.
444958.00000 4368198.00000 N.C.
444958.00000 4368202.00000 -115.9462
444958.00000 4368206.00000 -114.1803
444958.00000 4368210.00000 -103.9750
444958.00000 4368214.00000 N.C.
444958.00000 4368218.00000 N.C.
444958.00000 4368222.00000 N.C.
444958.00000 4368226.00000 -115.2742
444958.00000 4368230.00000 -115.4602
444958.00000 4368234.00000 -115.6607
444958.00000 4368238.00000 -118.1943
444958.00000 4368242.00000 -125.6707
444958.00000 4368246.00000 -125.9760
444958.00000 4368250.00000 -127.3377
444958.00000 4368254.00000 -128.3840
444958.00000 4368258.00000 -129.2112
444958.00000 4368262.00000 N.C.
444958.00000 4368266.00000 -125.4334
444958.00000 4368270.00000 -124.7490
444958.00000 4368274.00000 N.C.
444958.00000 4368278.00000 N.C.
444958.00000 4368282.00000 -123.3499
444958.00000 4368286.00000 -120.7177
444958.00000 4368290.00000 N.C.
444958.00000 4368294.00000 N.C.
444958.00000 4368298.00000 -119.1912
444958.00000 4368302.00000 -116.2737
444958.00000 4368306.00000 -116.2378
444958.00000 4368310.00000 N.C.
444958.00000 4368314.00000 -119.3880
444958.00000 4368318.00000 N.C.
444958.00000 4368322.00000 N.C.
444958.00000 4368326.00000 N.C.
444958.00000 4368330.00000 -127.3419
444958.00000 4368334.00000 -127.3433
444958.00000 4368338.00000 -121.2116
444958.00000 4368342.00000 -120.7742
444958.00000 4368346.00000 -120.5298
444958.00000 4368350.00000 N.C.
444958.00000 4368354.00000 N.C.
444958.00000 4368358.00000 N.C.
444958.00000 4368362.00000 N.C.
444958.00000 4368366.00000 -122.1514
444958.00000 4368370.00000 N.C.
444958.00000 4368374.00000 -120.9630
444958.00000 4368378.00000 -119.3359
444958.00000 4368382.00000 -118.2778
444958.00000 4368386.00000 -118.2377
444958.00000 4368390.00000 -118.9853
444958.00000 4368394.00000 -119.6865
444962.00000 4367886.00000 -106.6823
444962.00000 4367890.00000 -106.5835
444962.00000 4367894.00000 -106.4397
444962.00000 4367898.00000 -106.2956
444962.00000 4367902.00000 -106.1814
444962.00000 4367906.00000 -106.1121
444962.00000 4367910.00000 -105.9977
444962.00000 4367914.00000 -105.8983
444962.00000 4367918.00000 -105.7988
444962.00000 4367922.00000 -105.7144
444962.00000 4367926.00000 -105.6150
444962.00000 4367930.00000 -105.5907
444962.00000 4367934.00000 -105.5365
444962.00000 4367938.00000 -105.4224
444962.00000 4367942.00000 -105.3086
444962.00000 4367946.00000 -105.1950
444962.00000 4367950.00000 -105.1567
444962.00000 4367954.00000 -105.1038
444962.00000 4367958.00000 -105.0213
444962.00000 4367962.00000 -104.8342
444962.00000 4367966.00000 -104.7376
444962.00000 4367970.00000 -104.7016
444962.00000 4367974.00000 -104.5613
444962.00000 4367978.00000 -104.4066
444962.00000 4367982.00000 -104.3277
444962.00000 4367986.00000 -104.2197
444962.00000 4367990.00000 -104.1125
444962.00000 4367994.00000 -104.0363
444962.00000 4367998.00000 -103.9462
444962.00000 4368002.00000 -103.9323
444962.00000 4368006.00000 -103.9195
444962.00000 4368010.00000 -103.8330
444962.00000 4368014.00000 -103.7630
444962.00000 4368018.00000 -103.6494
444962.00000 4368022.00000 -116.1084
444962.00000 4368026.00000 -115.7130
444962.00000 4368030.00000 -115.3080
444962.00000 4368034.00000 -114.8938
444962.00000 4368038.00000 -114.4703
444962.00000 4368042.00000 -115.8352
444962.00000 4368046.00000 -115.3903
444962.00000 4368050.00000 -114.9339
444962.00000 4368054.00000 -114.4665
444962.00000 4368058.00000 -103.0503
444962.00000 4368062.00000 -103.0792
444962.00000 4368066.00000 -103.1407
444962.00000 4368070.00000 -103.0549
444962.00000 4368074.00000 -114.7666
444962.00000 4368078.00000 -117.8586
444962.00000 4368082.00000 -118.4098
444962.00000 4368086.00000 -113.5573
444962.00000 4368090.00000 -114.0277
444962.00000 4368094.00000 -114.5573
444962.00000 4368098.00000 -115.1665
444962.00000 4368102.00000 -114.8034
444962.00000 4368106.00000 -115.5328
444962.00000 4368110.00000 -124.8174
444962.00000 4368114.00000 -115.1490
444962.00000 4368118.00000 -119.1057
444962.00000 4368122.00000 -120.2950
444962.00000 4368126.00000 -121.4400
444962.00000 4368130.00000 -122.4791
444962.00000 4368134.00000 -123.4034
444962.00000 4368138.00000 -121.4881
444962.00000 4368142.00000 -122.4276
444962.00000 4368146.00000 N.C.
444962.00000 4368150.00000 -122.6091
444962.00000 4368154.00000 -114.8309
444962.00000 4368158.00000 -103.2538
444962.00000 4368162.00000 -102.4962
444962.00000 4368166.00000 -102.5072
444962.00000 4368170.00000 -102.5066
444962.00000 4368174.00000 -102.3444
444962.00000 4368178.00000 -102.3055
444962.00000 4368182.00000 N.C.
444962.00000 4368186.00000 N.C.
444962.00000 4368190.00000 N.C.
444962.00000 4368194.00000 N.C.
444962.00000 4368198.00000 N.C.
444962.00000 4368202.00000 -115.7357
444962.00000 4368206.00000 -103.5146
444962.00000 4368210.00000 -115.5024
444962.00000 4368214.00000 -117.3140
444962.00000 4368218.00000 -118.9722
444962.00000 4368222.00000 -120.4808
444962.00000 4368226.00000 -115.1640
444962.00000 4368230.00000 -115.3257
444962.00000 4368234.00000 -117.9390
444962.00000 4368238.00000 -118.0314
444962.00000 4368242.00000 -125.7056
444962.00000 4368246.00000 -127.5539
444962.00000 4368250.00000 -128.7969
444962.00000 4368254.00000 -125.6829
444962.00000 4368258.00000 -125.6782
444962.00000 4368262.00000 N.C.
444962.00000 4368266.00000 N.C.
444962.00000 4368270.00000 N.C.
444962.00000 4368274.00000 N.C.
444962.00000 4368278.00000 N.C.
444962.00000 4368282.00000 -123.1682
444962.00000 4368286.00000 -116.1058
444962.00000 4368290.00000 N.C.
444962.00000 4368294.00000 N.C.
444962.00000 4368298.00000 -116.0810
444962.00000 4368302.00000 -116.0847
444962.00000 4368306.00000 -115.9570
444962.00000 4368310.00000 N.C.
444962.00000 4368314.00000 N.C.
444962.00000 4368318.00000 N.C.
444962.00000 4368322.00000 N.C.
444962.00000 4368326.00000 N.C.
444962.00000 4368330.00000 N.C.
444962.00000 4368334.00000 -127.5842
444962.00000 4368338.00000 -121.3777
444962.00000 4368342.00000 -121.0198
444962.00000 4368346.00000 N.C.
444962.00000 4368350.00000 N.C.
444962.00000 4368354.00000 N.C.
444962.00000 4368358.00000 -127.3662
444962.00000 4368362.00000 -123.4145
444962.00000 4368366.00000 N.C.
444962.00000 4368370.00000 N.C.
444962.00000 4368374.00000 -119.7920
444962.00000 4368378.00000 -118.3821
444962.00000 4368382.00000 -118.4294
444962.00000 4368386.00000 -119.2476
444962.00000 4368390.00000 -119.9990
444962.00000 4368394.00000 -126.5494
444966.00000 4367886.00000 -106.5964
444966.00000 4367890.00000 -106.4961
444966.00000 4367894.00000 -106.3956
444966.00000 4367898.00000 -106.2499
444966.00000 4367902.00000 -106.1040
444966.00000 4367906.00000 -105.9880
444966.00000 4367910.00000 -105.9169
444966.00000 4367914.00000 -105.8007
444966.00000 4367918.00000 -105.6994
444966.00000 4367922.00000 -105.5981
444966.00000 4367926.00000 -105.5118
444966.00000 4367930.00000 -105.4105
444966.00000 4367934.00000 -105.3844
444966.00000 4367938.00000 -105.3284
444966.00000 4367942.00000 -105.2125
444966.00000 4367946.00000 -105.1119
444966.00000 4367950.00000 -105.0115
444966.00000 4367954.00000 -104.9564
444966.00000 4367958.00000 -104.8718
444966.00000 4367962.00000 -104.7875
444966.00000 4367966.00000 -104.6137
444966.00000 4367970.00000 -104.5305
444966.00000 4367974.00000 -104.4629
444966.00000 4367978.00000 -104.3359
444966.00000 4367982.00000 -104.1797
444966.00000 4367986.00000 -104.0993
444966.00000 4367990.00000 -103.9749
444966.00000 4367994.00000 -103.8963
444966.00000 4367998.00000 -103.8038
444966.00000 4368002.00000 -103.7275
444966.00000 4368006.00000 -103.7123
444966.00000 4368010.00000 -103.6985
444966.00000 4368014.00000 -103.6410
444966.00000 4368018.00000 -103.5400
444966.00000 4368022.00000 -116.1768
444966.00000 4368026.00000 -115.7729
444966.00000 4368030.00000 -115.3583
444966.00000 4368034.00000 -114.9332
444966.00000 4368038.00000 -114.4976
444966.00000 4368042.00000 -115.9131
444966.00000 4368046.00000 -115.4563
444966.00000 4368050.00000 -114.9864
444966.00000 4368054.00000 -114.5038
444966.00000 4368058.00000 -102.8282
444966.00000 4368062.00000 -102.9001
444966.00000 4368066.00000 -102.9746
444966.00000 4368070.00000 -102.8869
444966.00000 4368074.00000 -102.6671
444966.00000 4368078.00000 -117.6420
444966.00000 4368082.00000 -118.1928
444966.00000 4368086.00000 -113.4017
444966.00000 4368090.00000 -113.8652
444966.00000 4368094.00000 -114.4118
444966.00000 4368098.00000 -115.0504
444966.00000 4368102.00000 -114.9527
444966.00000 4368106.00000 -115.7395
444966.00000 4368110.00000 -126.2540
444966.00000 4368114.00000 -115.0651
444966.00000 4368118.00000 -119.3295
444966.00000 4368122.00000 -120.7386
444966.00000 4368126.00000 -122.0043
444966.00000 4368130.00000 -123.1022
444966.00000 4368134.00000 -124.7108
444966.00000 4368138.00000 -124.0943
444966.00000 4368142.00000 -124.8337
444966.00000 4368146.00000 N.C.
444966.00000 4368150.00000 N.C.
444966.00000 4368154.00000 -115.0701
444966.00000 4368158.00000 -103.0415
444966.00000 4368162.00000 -102.2998
444966.00000 4368166.00000 -102.3117
444966.00000 4368170.00000 -102.2522
444966.00000 4368174.00000 -102.1511
444966.00000 4368178.00000 -102.1285
444966.00000 4368182.00000 -116.7378
444966.00000 4368186.00000 -114.0846
444966.00000 4368190.00000 -102.6355
444966.00000 4368194.00000 -117.0143
444966.00000 4368198.00000 -119.5641
444966.00000 4368202.00000 -115.5214
444966.00000 4368206.00000 -103.4995
444966.00000 4368210.00000 -114.1420
444966.00000 4368214.00000 N.C.
444966.00000 4368218.00000 -121.3633
444966.00000 4368222.00000 -121.3065
444966.00000 4368226.00000 -115.0107
444966.00000 4368230.00000 -115.2081
444966.00000 4368234.00000 -117.7763
444966.00000 4368238.00000 -125.4290
444966.00000 4368242.00000 -128.3681
444966.00000 4368246.00000 -129.7828
444966.00000 4368250.00000 -130.6356
444966.00000 4368254.00000 -125.4182
444966.00000 4368258.00000 N.C.
444966.00000 4368262.00000 N.C.
444966.00000 4368266.00000 N.C.
444966.00000 4368270.00000 -116.3686
444966.00000 4368274.00000 N.C.
444966.00000 4368278.00000 N.C.
444966.00000 4368282.00000 -122.9837
444966.00000 4368286.00000 -115.8918
444966.00000 4368290.00000 -115.9660
444966.00000 4368294.00000 -115.9186
444966.00000 4368298.00000 -115.9613
444966.00000 4368302.00000 -115.7680
444966.00000 4368306.00000 N.C.
444966.00000 4368310.00000 N.C.
444966.00000 4368314.00000 N.C.
444966.00000 4368318.00000 N.C.
444966.00000 4368322.00000 N.C.
444966.00000 4368326.00000 -134.2303
444966.00000 4368330.00000 N.C.
444966.00000 4368334.00000 -130.7220
444966.00000 4368338.00000 -121.7639
444966.00000 4368342.00000 -121.4213
444966.00000 4368346.00000 N.C.
444966.00000 4368350.00000 N.C.
444966.00000 4368354.00000 N.C.
444966.00000 4368358.00000 N.C.
444966.00000 4368362.00000 -123.5353
444966.00000 4368366.00000 N.C.
444966.00000 4368370.00000 N.C.
444966.00000 4368374.00000 -118.8624
444966.00000 4368378.00000 -118.9179
444966.00000 4368382.00000 -119.7939
444966.00000 4368386.00000 -126.4772
444966.00000 4368390.00000 -126.6230
444966.00000 4368394.00000 -126.7670
444970.00000 4367886.00000 -106.5259
444970.00000 4367890.00000 -106.4090
444970.00000 4367894.00000 -106.2918
444970.00000 4367898.00000 -106.2044
444970.00000 4367902.00000 -106.0568
444970.00000 4367906.00000 -105.9241
444970.00000 4367910.00000 -105.7912
444970.00000 4367914.00000 -105.7181
444970.00000 4367918.00000 -105.6000
444970.00000 4367922.00000 -105.4968
444970.00000 4367926.00000 -105.3936
444970.00000 4367930.00000 -105.3054
444970.00000 4367934.00000 -105.2022
444970.00000 4367938.00000 -105.1741
444970.00000 4367942.00000 -105.1162
444970.00000 4367946.00000 -104.9985
444970.00000 4367950.00000 -104.8960
444970.00000 4367954.00000 -104.8087
444970.00000 4367958.00000 -104.7519
444970.00000 4367962.00000 -104.6804
444970.00000 4367966.00000 -104.5493
444970.00000 4367970.00000 -104.4038
444970.00000 4367974.00000 -104.3339
444970.00000 4367978.00000 -104.2346
444970.00000 4367982.00000 -104.0760
444970.00000 4367986.00000 -103.9632
444970.00000 4367990.00000 -103.8813
444970.00000 4367994.00000 -103.7553
444970.00000 4367998.00000 -103.6603
444970.00000 4368002.00000 -103.5665
444970.00000 4368006.00000 -103.5189
444970.00000 4368010.00000 -103.5476
444970.00000 4368014.00000 -103.4726
444970.00000 4368018.00000 -116.6614
444970.00000 4368022.00000 -116.2611
444970.00000 4368026.00000 -115.8489
444970.00000 4368030.00000 -115.4248
444970.00000 4368034.00000 -114.9890
444970.00000 4368038.00000 -114.5412
444970.00000 4368042.00000 -116.0110
444970.00000 4368046.00000 -115.5427
444970.00000 4368050.00000 -115.0593
444970.00000 4368054.00000 -114.5614
444970.00000 4368058.00000 -102.6486
444970.00000 4368062.00000 -102.6883
444970.00000 4368066.00000 -102.7308
444970.00000 4368070.00000 -102.6411
444970.00000 4368074.00000 -102.5994
444970.00000 4368078.00000 -117.4214
444970.00000 4368082.00000 -117.9719
444970.00000 4368086.00000 -113.2547
444970.00000 4368090.00000 -113.7036
444970.00000 4368094.00000 -114.2807
444970.00000 4368098.00000 -114.9510
444970.00000 4368102.00000 -115.2148
444970.00000 4368106.00000 -126.2878
444970.00000 4368110.00000 N.C.
444970.00000 4368114.00000 -115.0177
444970.00000 4368118.00000 -119.7997
444970.00000 4368122.00000 -121.4268
444970.00000 4368126.00000 -118.9182
444970.00000 4368130.00000 -124.3495
444970.00000 4368134.00000 N.C.
444970.00000 4368138.00000 N.C.
444970.00000 4368142.00000 -124.7614
444970.00000 4368146.00000 N.C.
444970.00000 4368150.00000 N.C.
444970.00000 4368154.00000 -115.6048
444970.00000 4368158.00000 -102.7956
444970.00000 4368162.00000 -102.0998
444970.00000 4368166.00000 -102.1127
444970.00000 4368170.00000 -102.0093
444970.00000 4368174.00000 -101.9396
444970.00000 4368178.00000 -101.9933
444970.00000 4368182.00000 -116.6953
444970.00000 4368186.00000 -113.8620
444970.00000 4368190.00000 -102.7300
444970.00000 4368194.00000 -122.4172
444970.00000 4368198.00000 -122.2030
444970.00000 4368202.00000 -115.3033
444970.00000 4368206.00000 -116.6963
444970.00000 4368210.00000 -115.1686
444970.00000 4368214.00000 N.C.
444970.00000 4368218.00000 N.C.
444970.00000 4368222.00000 -114.7004
444970.00000 4368226.00000 -114.8745
444970.00000 4368230.00000 -120.0094
444970.00000 4368234.00000 -117.6086
444970.00000 4368238.00000 -125.0329
444970.00000 4368242.00000 -125.0421
444970.00000 4368246.00000 -125.0479
444970.00000 4368250.00000 -125.1088
444970.00000 4368254.00000 -125.1523
444970.00000 4368258.00000 N.C.
444970.00000 4368262.00000 N.C.
444970.00000 4368266.00000 N.C.
444970.00000 4368270.00000 N.C.
444970.00000 4368274.00000 N.C.
444970.00000 4368278.00000 -121.0050
444970.00000 4368282.00000 -115.7001
444970.00000 4368286.00000 -115.7664
444970.00000 4368290.00000 -115.7568
444970.00000 4368294.00000 -115.7330
444970.00000 4368298.00000 -115.6086
444970.00000 4368302.00000 -115.4792
444970.00000 4368306.00000 N.C.
444970.00000 4368310.00000 -119.1125
444970.00000 4368314.00000 N.C.
444970.00000 4368318.00000 N.C.
444970.00000 4368322.00000 N.C.
444970.00000 4368326.00000 N.C.
444970.00000 4368330.00000 -124.6775
444970.00000 4368334.00000 -122.8556
444970.00000 4368338.00000 -122.3267
444970.00000 4368342.00000 -117.5761
444970.00000 4368346.00000 N.C.
444970.00000 4368350.00000 N.C.
444970.00000 4368354.00000 N.C.
444970.00000 4368358.00000 N.C.
444970.00000 4368362.00000 -123.0664
444970.00000 4368366.00000 N.C.
444970.00000 4368370.00000 -120.6352
444970.00000 4368374.00000 -120.2082
444970.00000 4368378.00000 -120.9588
444970.00000 4368382.00000 -121.5983
444970.00000 4368386.00000 -126.6390
444970.00000 4368390.00000 -126.7853
444970.00000 4368394.00000 -126.9300
444974.00000 4367886.00000 -106.4706
444974.00000 4367890.00000 -106.3521
444974.00000 4367894.00000 -106.2182
444974.00000 4367898.00000 -106.0992
444974.00000 4367902.00000 -106.0098
444974.00000 4367906.00000 -105.8603
444974.00000 4367910.00000 -105.7256
444974.00000 4367914.00000 -105.6057
444974.00000 4367918.00000 -105.5006
444974.00000 4367922.00000 -105.3955
444974.00000 4367926.00000 -105.2904
444974.00000 4367930.00000 -105.1852
444974.00000 4367934.00000 -105.0950
444974.00000 4367938.00000 -105.0048
444974.00000 4367942.00000 -104.9598
444974.00000 4367946.00000 -104.8999
444974.00000 4367950.00000 -104.7952
444974.00000 4367954.00000 -104.6758
444974.00000 4367958.00000 -104.6016
444974.00000 4367962.00000 -104.5128
444974.00000 4367966.00000 -104.4395
444974.00000 4367970.00000 -104.3216
444974.00000 4367974.00000 -104.1742
444974.00000 4367978.00000 -104.1175
444974.00000 4367982.00000 -103.9865
444974.00000 4367986.00000 -103.8112
444974.00000 4367990.00000 -103.7418
444974.00000 4367994.00000 -103.6133
444974.00000 4367998.00000 -103.5008
444974.00000 4368002.00000 -103.4194
444974.00000 4368006.00000 -103.3242
444974.00000 4368010.00000 -103.3053
444974.00000 4368014.00000 -103.3178
444974.00000 4368018.00000 -116.7693
444974.00000 4368022.00000 -116.3623
444974.00000 4368026.00000 -115.9424
444974.00000 4368030.00000 -115.5093
444974.00000 4368034.00000 -115.0630
444974.00000 4368038.00000 -114.6034
444974.00000 4368042.00000 -116.1164
444974.00000 4368046.00000 -115.6518
444974.00000 4368050.00000 -115.1553
444974.00000 4368054.00000 -114.6420
444974.00000 4368058.00000 -114.1128
444974.00000 4368062.00000 -102.4439
444974.00000 4368066.00000 -102.4692
444974.00000 4368070.00000 -112.4629
444974.00000 4368074.00000 -111.9676
444974.00000 4368078.00000 -117.1968
444974.00000 4368082.00000 -117.7468
444974.00000 4368086.00000 -113.1544
444974.00000 4368090.00000 -113.5793
444974.00000 4368094.00000 -114.1697
444974.00000 4368098.00000 -115.3379
444974.00000 4368102.00000 -115.6402
444974.00000 4368106.00000 N.C.
444974.00000 4368110.00000 N.C.
444974.00000 4368114.00000 -118.3941
444974.00000 4368118.00000 -120.6385
444974.00000 4368122.00000 -120.2636
444974.00000 4368126.00000 -119.7114
444974.00000 4368130.00000 N.C.
444974.00000 4368134.00000 N.C.
444974.00000 4368138.00000 N.C.
444974.00000 4368142.00000 N.C.
444974.00000 4368146.00000 N.C.
444974.00000 4368150.00000 -119.5071
444974.00000 4368154.00000 -116.7916
444974.00000 4368158.00000 -113.8224
444974.00000 4368162.00000 -101.8962
444974.00000 4368166.00000 -101.9102
444974.00000 4368170.00000 -101.7780
444974.00000 4368174.00000 -101.7245
444974.00000 4368178.00000 -116.3297
444974.00000 4368182.00000 N.C.
444974.00000 4368186.00000 -102.0808
444974.00000 4368190.00000 N.C.
444974.00000 4368194.00000 -122.9985
444974.00000 4368198.00000 -122.2855
444974.00000 4368202.00000 -102.9180
444974.00000 4368206.00000 -114.7180
444974.00000 4368210.00000 -116.7646
444974.00000 4368214.00000 -113.9724
444974.00000 4368218.00000 -114.2890
444974.00000 4368222.00000 -114.5451
444974.00000 4368226.00000 -114.7855
444974.00000 4368230.00000 -117.2959
444974.00000 4368234.00000 -117.4355
444974.00000 4368238.00000 -125.0271
444974.00000 4368242.00000 N.C.
444974.00000 4368246.00000 N.C.
444974.00000 4368250.00000 N.C.
444974.00000 4368254.00000 -124.7950
444974.00000 4368258.00000 N.C.
444974.00000 4368262.00000 N.C.
444974.00000 4368266.00000 -116.3913
444974.00000 4368270.00000 N.C.
444974.00000 4368274.00000 N.C.
444974.00000 4368278.00000 -120.7947
444974.00000 4368282.00000 -115.4788
444974.00000 4368286.00000 -115.5513
444974.00000 4368290.00000 -115.4602
444974.00000 4368294.00000 -115.4640
444974.00000 4368298.00000 -115.3133
444974.00000 4368302.00000 -115.3161
444974.00000 4368306.00000 -115.3041
444974.00000 4368310.00000 -119.0756
444974.00000 4368314.00000 -118.4063
444974.00000 4368318.00000 -123.8027
444974.00000 4368322.00000 -126.3804
444974.00000 4368326.00000 N.C.
444974.00000 4368330.00000 -124.4483
444974.00000 4368334.00000 -123.6430
444974.00000 4368338.00000 -117.3995
444974.00000 4368342.00000 -117.2750
444974.00000 4368346.00000 -117.1808
444974.00000 4368350.00000 N.C.
444974.00000 4368354.00000 N.C.
444974.00000 4368358.00000 N.C.
444974.00000 4368362.00000 N.C.
444974.00000 4368366.00000 N.C.
444974.00000 4368370.00000 -122.8716
444974.00000 4368374.00000 -118.1113
444974.00000 4368378.00000 -123.6197
444974.00000 4368382.00000 N.C.
444974.00000 4368386.00000 -128.1389
444974.00000 4368390.00000 -127.6070
444974.00000 4368394.00000 -127.1141
444978.00000 4367886.00000 -106.3707
444978.00000 4367890.00000 -106.2655
444978.00000 4367894.00000 -106.1600
444978.00000 4367898.00000 -106.0242
444978.00000 4367902.00000 -105.9031
444978.00000 4367906.00000 -105.8117
444978.00000 4367910.00000 -105.6752
444978.00000 4367914.00000 -105.5534
444978.00000 4367918.00000 -105.4015
444978.00000 4367922.00000 -105.2944
444978.00000 4367926.00000 -105.1872
444978.00000 4367930.00000 -105.0800
444978.00000 4367934.00000 -104.9727
444978.00000 4367938.00000 -104.8804
444978.00000 4367942.00000 -104.8032
444978.00000 4367946.00000 -104.7262
444978.00000 4367950.00000 -104.6792
444978.00000 4367954.00000 -104.5725
444978.00000 4367958.00000 -104.4510
444978.00000 4367962.00000 -104.3899
444978.00000 4367966.00000 -104.2841
444978.00000 4367970.00000 -104.2088
444978.00000 4367974.00000 -104.0890
444978.00000 4367978.00000 -103.9398
444978.00000 4367982.00000 -103.8962
444978.00000 4367986.00000 -103.7334
444978.00000 4367990.00000 -103.5864
444978.00000 4367994.00000 -103.4853
444978.00000 4367998.00000 -103.3702
444978.00000 4368002.00000 -103.2712
444978.00000 4368006.00000 -103.1733
444978.00000 4368010.00000 -103.1068
444978.00000 4368014.00000 -103.1165
444978.00000 4368018.00000 -116.8950
444978.00000 4368022.00000 -116.4822
444978.00000 4368026.00000 -116.0553
444978.00000 4368030.00000 -115.6137
444978.00000 4368034.00000 -115.1573
444978.00000 4368038.00000 -114.6860
444978.00000 4368042.00000 -114.1998
444978.00000 4368046.00000 -115.7715
444978.00000 4368050.00000 -115.2774
444978.00000 4368054.00000 -114.7490
444978.00000 4368058.00000 -114.2020
444978.00000 4368062.00000 -102.2118
444978.00000 4368066.00000 -102.2798
444978.00000 4368070.00000 -112.4814
444978.00000 4368074.00000 -111.9328
444978.00000 4368078.00000 -116.9680
444978.00000 4368082.00000 -117.5175
444978.00000 4368086.00000 -113.0954
444978.00000 4368090.00000 -113.4714
444978.00000 4368094.00000 -114.0864
444978.00000 4368098.00000 -116.0206
444978.00000 4368102.00000 -116.3064
444978.00000 4368106.00000 N.C.
444978.00000 4368110.00000 -118.1816
444978.00000 4368114.00000 -119.2834
444978.00000 4368118.00000 -121.7716
444978.00000 4368122.00000 -121.2177
444978.00000 4368126.00000 -120.6953
444978.00000 4368130.00000 N.C.
444978.00000 4368134.00000 N.C.
444978.00000 4368138.00000 -122.4258
444978.00000 4368142.00000 -122.4166
444978.00000 4368146.00000 N.C.
444978.00000 4368150.00000 -122.1358
444978.00000 4368154.00000 -119.5204
444978.00000 4368158.00000 -116.0103
444978.00000 4368162.00000 -101.6738
444978.00000 4368166.00000 -101.7039
444978.00000 4368170.00000 -101.5580
444978.00000 4368174.00000 -101.5060
444978.00000 4368178.00000 N.C.
444978.00000 4368182.00000 N.C.
444978.00000 4368186.00000 -101.9722
444978.00000 4368190.00000 N.C.
444978.00000 4368194.00000 N.C.
444978.00000 4368198.00000 N.C.
444978.00000 4368202.00000 N.C.
444978.00000 4368206.00000 -117.3960
444978.00000 4368210.00000 -113.5876
444978.00000 4368214.00000 -113.8662
444978.00000 4368218.00000 -114.2197
444978.00000 4368222.00000 -114.4074
444978.00000 4368226.00000 -119.5786
444978.00000 4368230.00000 -117.0792
444978.00000 4368234.00000 -117.2267
444978.00000 4368238.00000 -124.6800
444978.00000 4368242.00000 N.C.
444978.00000 4368246.00000 -123.6231
444978.00000 4368250.00000 N.C.
444978.00000 4368254.00000 N.C.
444978.00000 4368258.00000 N.C.
444978.00000 4368262.00000 -117.3302
444978.00000 4368266.00000 -115.9833
444978.00000 4368270.00000 -115.1300
444978.00000 4368274.00000 N.C.
444978.00000 4368278.00000 -115.2989
444978.00000 4368282.00000 -119.9494
444978.00000 4368286.00000 -121.2250
444978.00000 4368290.00000 -121.1217
444978.00000 4368294.00000 -115.1469
444978.00000 4368298.00000 -115.0827
444978.00000 4368302.00000 -115.1228
444978.00000 4368306.00000 -118.8190
444978.00000 4368310.00000 -118.3706
444978.00000 4368314.00000 -118.2092
444978.00000 4368318.00000 N.C.
444978.00000 4368322.00000 N.C.
444978.00000 4368326.00000 N.C.
444978.00000 4368330.00000 -121.5124
444978.00000 4368334.00000 -117.2573
444978.00000 4368338.00000 -117.1039
444978.00000 4368342.00000 -116.9978
444978.00000 4368346.00000 -121.0785
444978.00000 4368350.00000 N.C.
444978.00000 4368354.00000 N.C.
444978.00000 4368358.00000 N.C.
444978.00000 4368362.00000 -118.0032
444978.00000 4368366.00000 N.C.
444978.00000 4368370.00000 -122.7254
444978.00000 4368374.00000 -121.9083
444978.00000 4368378.00000 -121.3842
444978.00000 4368382.00000 N.C.
444978.00000 4368386.00000 -127.9956
444978.00000 4368390.00000 -127.4317
444978.00000 4368394.00000 -126.9377
444982.00000 4367886.00000 -106.3011
444982.00000 4367890.00000 -106.1792
444982.00000 4367894.00000 -106.0720
444982.00000 4367898.00000 -105.9645
444982.00000 4367902.00000 -105.8266
444982.00000 4367906.00000 -105.7184
444982.00000 4367910.00000 -105.6250
444982.00000 4367914.00000 -105.4863
444982.00000 4367918.00000 -105.3474
444982.00000 4367922.00000 -105.1934
444982.00000 4367926.00000 -105.0841
444982.00000 4367930.00000 -104.9748
444982.00000 4367934.00000 -104.8654
444982.00000 4367938.00000 -104.7560
444982.00000 4367942.00000 -104.6616
444982.00000 4367946.00000 -104.5823
444982.00000 4367950.00000 -104.5181
444982.00000 4367954.00000 -104.4540
444982.00000 4367958.00000 -104.3452
444982.00000 4367962.00000 -104.2216
444982.00000 4367966.00000 -104.1284
444982.00000 4367970.00000 -104.0806
444982.00000 4367974.00000 -103.9883
444982.00000 4367978.00000 -103.7915
444982.00000 4367982.00000 -103.6853
444982.00000 4367986.00000 -103.6249
444982.00000 4367990.00000 -103.4752
444982.00000 4367994.00000 -103.3414
444982.00000 4367998.00000 -103.2686
444982.00000 4368002.00000 -103.1218
444982.00000 4368006.00000 -103.0212
444982.00000 4368010.00000 -102.9219
444982.00000 4368014.00000 -102.8689
444982.00000 4368018.00000 -117.0400
444982.00000 4368022.00000 -116.6223
444982.00000 4368026.00000 -116.1889
444982.00000 4368030.00000 -115.7396
444982.00000 4368034.00000 -115.2739
444982.00000 4368038.00000 -114.7914
444982.00000 4368042.00000 -114.2920
444982.00000 4368046.00000 -115.9196
444982.00000 4368050.00000 -115.4139
444982.00000 4368054.00000 -114.8862
444982.00000 4368058.00000 -114.3215
444982.00000 4368062.00000 -102.0219
444982.00000 4368066.00000 -113.1354
444982.00000 4368070.00000 -112.5272
444982.00000 4368074.00000 -111.9410
444982.00000 4368078.00000 -111.5349
444982.00000 4368082.00000 -117.2838
444982.00000 4368086.00000 -113.0912
444982.00000 4368090.00000 -113.4216
444982.00000 4368094.00000 -114.0415
444982.00000 4368098.00000 -117.0699
444982.00000 4368102.00000 -117.3311
444982.00000 4368106.00000 -124.6765
444982.00000 4368110.00000 -117.9423
444982.00000 4368114.00000 -121.8167
444982.00000 4368118.00000 -122.1367
444982.00000 4368122.00000 -122.1170
444982.00000 4368126.00000 -121.9148
444982.00000 4368130.00000 N.C.
444982.00000 4368134.00000 N.C.
444982.00000 4368138.00000 -122.1388
444982.00000 4368142.00000 N.C.
444982.00000 4368146.00000 N.C.
444982.00000 4368150.00000 -122.2316
444982.00000 4368154.00000 N.C.
444982.00000 4368158.00000 N.C.
444982.00000 4368162.00000 -101.4626
444982.00000 4368166.00000 -101.4789
444982.00000 4368170.00000 -101.3343
444982.00000 4368174.00000 -101.2687
444982.00000 4368178.00000 N.C.
444982.00000 4368182.00000 N.C.
444982.00000 4368186.00000 -101.8602
444982.00000 4368190.00000 N.C.
444982.00000 4368194.00000 N.C.
444982.00000 4368198.00000 -114.5482
444982.00000 4368202.00000 N.C.
444982.00000 4368206.00000 N.C.
444982.00000 4368210.00000 -113.4613
444982.00000 4368214.00000 -113.7922
444982.00000 4368218.00000 -114.0626
444982.00000 4368222.00000 -119.2684
444982.00000 4368226.00000 -123.3693
444982.00000 4368230.00000 -116.9169
444982.00000 4368234.00000 -125.1651
444982.00000 4368238.00000 -125.0500
444982.00000 4368242.00000 -124.9585
444982.00000 4368246.00000 -124.8989
444982.00000 4368250.00000 -122.7466
444982.00000 4368254.00000 -120.8897
444982.00000 4368258.00000 -118.9215
444982.00000 4368262.00000 -117.0588
444982.00000 4368266.00000 -115.7136
444982.00000 4368270.00000 -115.2952
444982.00000 4368274.00000 -115.1074
444982.00000 4368278.00000 -115.1012
444982.00000 4368282.00000 N.C.
444982.00000 4368286.00000 N.C.
444982.00000 4368290.00000 -120.1218
444982.00000 4368294.00000 -114.8638
444982.00000 4368298.00000 -114.9259
444982.00000 4368302.00000 -118.5569
444982.00000 4368306.00000 -118.3430
444982.00000 4368310.00000 -118.0482
444982.00000 4368314.00000 N.C.
444982.00000 4368318.00000 N.C.
444982.00000 4368322.00000 N.C.
444982.00000 4368326.00000 -122.3504
444982.00000 4368330.00000 -120.7073
444982.00000 4368334.00000 -116.9517
444982.00000 4368338.00000 -116.8022
444982.00000 4368342.00000 -120.8117
444982.00000 4368346.00000 N.C.
444982.00000 4368350.00000 N.C.
444982.00000 4368354.00000 N.C.
444982.00000 4368358.00000 -122.3448
444982.00000 4368362.00000 -122.4205
444982.00000 4368366.00000 -127.3905
444982.00000 4368370.00000 -122.2004
444982.00000 4368374.00000 -121.6247
444982.00000 4368378.00000 -121.4904
444982.00000 4368382.00000 N.C.
444982.00000 4368386.00000 -127.8504
444982.00000 4368390.00000 -127.2380
444982.00000 4368394.00000 -126.7414
444986.00000 4367886.00000 -106.2019
444986.00000 4367890.00000 -106.1234
444986.00000 4367894.00000 -105.9994
444986.00000 4367898.00000 -105.8751
444986.00000 4367902.00000 -105.7804
444986.00000 4367906.00000 -105.6404
444986.00000 4367910.00000 -105.5151
444986.00000 4367914.00000 -105.4045
444986.00000 4367918.00000 -105.2786
444986.00000 4367922.00000 -105.1375
444986.00000 4367926.00000 -104.9812
444986.00000 4367930.00000 -104.8698
444986.00000 4367934.00000 -104.7582
444986.00000 4367938.00000 -104.6466
444986.00000 4367942.00000 -104.5350
444986.00000 4367946.00000 -104.4383
444986.00000 4367950.00000 -104.3568
444986.00000 4367954.00000 -104.2753
444986.00000 4367958.00000 -104.2241
444986.00000 4367962.00000 -104.0980
444986.00000 4367966.00000 -104.0023
444986.00000 4367970.00000 -103.8919
444986.00000 4367974.00000 -103.8420
444986.00000 4367978.00000 -103.7476
444986.00000 4367982.00000 -103.5638
444986.00000 4367986.00000 -103.4856
444986.00000 4367990.00000 -103.3782
444986.00000 4367994.00000 -103.2266
444986.00000 4367998.00000 -103.0910
444986.00000 4368002.00000 -102.9714
444986.00000 4368006.00000 -102.8529
444986.00000 4368010.00000 -102.7807
444986.00000 4368014.00000 -116.0287
444986.00000 4368018.00000 -116.1424
444986.00000 4368022.00000 -116.7839
444986.00000 4368026.00000 -116.3455
444986.00000 4368030.00000 -115.8894
444986.00000 4368034.00000 -115.4153
444986.00000 4368038.00000 -114.9223
444986.00000 4368042.00000 -114.4103
444986.00000 4368046.00000 -116.1142
444986.00000 4368050.00000 -115.5833
444986.00000 4368054.00000 -115.0424
444986.00000 4368058.00000 -114.4761
444986.00000 4368062.00000 -113.8706
444986.00000 4368066.00000 -113.2443
444986.00000 4368070.00000 -112.6062
444986.00000 4368074.00000 -111.9816
444986.00000 4368078.00000 -111.4807
444986.00000 4368082.00000 -117.0456
444986.00000 4368086.00000 -113.1437
444986.00000 4368090.00000 -113.4169
444986.00000 4368094.00000 -114.0503
444986.00000 4368098.00000 -118.5966
444986.00000 4368102.00000 -118.8740
444986.00000 4368106.00000 -121.2823
444986.00000 4368110.00000 -113.6826
444986.00000 4368114.00000 N.C.
444986.00000 4368118.00000 N.C.
444986.00000 4368122.00000 N.C.
444986.00000 4368126.00000 -121.8960
444986.00000 4368130.00000 -121.9432
444986.00000 4368134.00000 -121.8714
444986.00000 4368138.00000 -116.4044
444986.00000 4368142.00000 N.C.
444986.00000 4368146.00000 N.C.
444986.00000 4368150.00000 N.C.
444986.00000 4368154.00000 N.C.
444986.00000 4368158.00000 N.C.
444986.00000 4368162.00000 -101.2472
444986.00000 4368166.00000 -101.2498
444986.00000 4368170.00000 -101.0916
444986.00000 4368174.00000 -101.0726
444986.00000 4368178.00000 N.C.
444986.00000 4368182.00000 N.C.
444986.00000 4368186.00000 -115.5467
444986.00000 4368190.00000 N.C.
444986.00000 4368194.00000 N.C.
444986.00000 4368198.00000 -102.2103
444986.00000 4368202.00000 N.C.
444986.00000 4368206.00000 -119.2820
444986.00000 4368210.00000 -113.3523
444986.00000 4368214.00000 -113.7207
444986.00000 4368218.00000 -113.9084
444986.00000 4368222.00000 N.C.
444986.00000 4368226.00000 N.C.
444986.00000 4368230.00000 -116.7640
444986.00000 4368234.00000 -125.2108
444986.00000 4368238.00000 -125.1009
444986.00000 4368242.00000 -125.0144
444986.00000 4368246.00000 -124.9585
444986.00000 4368250.00000 -124.9391
444986.00000 4368254.00000 -124.9585
444986.00000 4368258.00000 -125.0144
444986.00000 4368262.00000 -116.9891
444986.00000 4368266.00000 -115.8821
444986.00000 4368270.00000 -114.9206
444986.00000 4368274.00000 -114.8433
444986.00000 4368278.00000 N.C.
444986.00000 4368282.00000 N.C.
444986.00000 4368286.00000 N.C.
444986.00000 4368290.00000 -119.2834
444986.00000 4368294.00000 -119.4257
444986.00000 4368298.00000 -114.7158
444986.00000 4368302.00000 -118.3585
444986.00000 4368306.00000 -118.0161
444986.00000 4368310.00000 -117.7578
444986.00000 4368314.00000 N.C.
444986.00000 4368318.00000 N.C.
444986.00000 4368322.00000 -124.8387
444986.00000 4368326.00000 -121.1225
444986.00000 4368330.00000 -116.7750
444986.00000 4368334.00000 -116.6402
444986.00000 4368338.00000 -120.5702
444986.00000 4368342.00000 N.C.
444986.00000 4368346.00000 N.C.
444986.00000 4368350.00000 N.C.
444986.00000 4368354.00000 N.C.
444986.00000 4368358.00000 N.C.
444986.00000 4368362.00000 N.C.
444986.00000 4368366.00000 N.C.
444986.00000 4368370.00000 -122.1493
444986.00000 4368374.00000 N.C.
444986.00000 4368378.00000 -128.2627
444986.00000 4368382.00000 -128.2471
444986.00000 4368386.00000 -127.7036
444986.00000 4368390.00000 -127.0710
444986.00000 4368394.00000 -126.5551
444990.00000 4367886.00000 -106.0582
444990.00000 4367890.00000 -106.0079
444990.00000 4367894.00000 -105.9272
444990.00000 4367898.00000 -105.8011
444990.00000 4367902.00000 -105.6746
444990.00000 4367906.00000 -105.5777
444990.00000 4367910.00000 -105.4355
444990.00000 4367914.00000 -105.3079
444990.00000 4367918.00000 -105.1950
444990.00000 4367922.00000 -105.0819
444990.00000 4367926.00000 -104.9235
444990.00000 4367930.00000 -104.7649
444990.00000 4367934.00000 -104.6512
444990.00000 4367938.00000 -104.5523
444990.00000 4367942.00000 -104.4233
444990.00000 4367946.00000 -104.3094
444990.00000 4367950.00000 -104.2104
444990.00000 4367954.00000 -104.1265
444990.00000 4367958.00000 -104.0578
444990.00000 4367962.00000 -103.9742
444990.00000 4367966.00000 -103.8459
444990.00000 4367970.00000 -103.7479
444990.00000 4367974.00000 -103.6803
444990.00000 4367978.00000 -115.0701
444990.00000 4367982.00000 -103.4716
444990.00000 4367986.00000 -103.3156
444990.00000 4367990.00000 -103.2504
444990.00000 4367994.00000 -103.1109
444990.00000 4367998.00000 -102.9274
444990.00000 4368002.00000 -102.8499
444990.00000 4368006.00000 -102.7134
444990.00000 4368010.00000 -102.6082
444990.00000 4368014.00000 -115.7484
444990.00000 4368018.00000 -115.8775
444990.00000 4368022.00000 -115.9995
444990.00000 4368026.00000 -116.5266
444990.00000 4368030.00000 -116.0653
444990.00000 4368034.00000 -115.5839
444990.00000 4368038.00000 -115.0817
444990.00000 4368042.00000 -114.5579
444990.00000 4368046.00000 -114.0127
444990.00000 4368050.00000 -115.8048
444990.00000 4368054.00000 -115.2525
444990.00000 4368058.00000 -114.6710
444990.00000 4368062.00000 -114.0457
444990.00000 4368066.00000 -113.3943
444990.00000 4368070.00000 -112.7251
444990.00000 4368074.00000 -112.0609
444990.00000 4368078.00000 -111.4765
444990.00000 4368082.00000 -116.8025
444990.00000 4368086.00000 -118.9069
444990.00000 4368090.00000 -113.5107
444990.00000 4368094.00000 -114.1354
444990.00000 4368098.00000 -120.7383
444990.00000 4368102.00000 -120.7617
444990.00000 4368106.00000 N.C.
444990.00000 4368110.00000 N.C.
444990.00000 4368114.00000 N.C.
444990.00000 4368118.00000 N.C.
444990.00000 4368122.00000 N.C.
444990.00000 4368126.00000 N.C.
444990.00000 4368130.00000 N.C.
444990.00000 4368134.00000 N.C.
444990.00000 4368138.00000 N.C.
444990.00000 4368142.00000 N.C.
444990.00000 4368146.00000 -121.5818
444990.00000 4368150.00000 N.C.
444990.00000 4368154.00000 N.C.
444990.00000 4368158.00000 N.C.
444990.00000 4368162.00000 -101.0277
444990.00000 4368166.00000 -100.9716
444990.00000 4368170.00000 -100.8599
444990.00000 4368174.00000 -100.8276
444990.00000 4368178.00000 N.C.
444990.00000 4368182.00000 -101.2105
444990.00000 4368186.00000 N.C.
444990.00000 4368190.00000 N.C.
444990.00000 4368194.00000 N.C.
444990.00000 4368198.00000 -102.0231
444990.00000 4368202.00000 N.C.
444990.00000 4368206.00000 -112.9296
444990.00000 4368210.00000 -113.2760
444990.00000 4368214.00000 -113.5619
444990.00000 4368218.00000 -113.7421
444990.00000 4368222.00000 N.C.
444990.00000 4368226.00000 N.C.
444990.00000 4368230.00000 -116.5902
444990.00000 4368234.00000 N.C.
444990.00000 4368238.00000 N.C.
444990.00000 4368242.00000 N.C.
444990.00000 4368246.00000 -125.0650
444990.00000 4368250.00000 -125.0324
444990.00000 4368254.00000 -125.0500
444990.00000 4368258.00000 -125.1009
444990.00000 4368262.00000 -117.4971
444990.00000 4368266.00000 -116.8949
444990.00000 4368270.00000 -114.6649
444990.00000 4368274.00000 -114.6707
444990.00000 4368278.00000 -114.5794
444990.00000 4368282.00000 N.C.
444990.00000 4368286.00000 N.C.
444990.00000 4368290.00000 -119.9804
444990.00000 4368294.00000 -119.9348
444990.00000 4368298.00000 -118.4085
444990.00000 4368302.00000 -118.0439
444990.00000 4368306.00000 -117.6906
444990.00000 4368310.00000 N.C.
444990.00000 4368314.00000 N.C.
444990.00000 4368318.00000 N.C.
444990.00000 4368322.00000 -124.6596
444990.00000 4368326.00000 -116.6053
444990.00000 4368330.00000 -116.4383
444990.00000 4368334.00000 -120.3238
444990.00000 4368338.00000 -121.2738
444990.00000 4368342.00000 N.C.
444990.00000 4368346.00000 N.C.
444990.00000 4368350.00000 N.C.
444990.00000 4368354.00000 N.C.
444990.00000 4368358.00000 N.C.
444990.00000 4368362.00000 N.C.
444990.00000 4368366.00000 -124.5753
444990.00000 4368370.00000 -123.4426
444990.00000 4368374.00000 -122.8448
444990.00000 4368378.00000 N.C.
444990.00000 4368382.00000 N.C.
444990.00000 4368386.00000 -127.5550
444990.00000 4368390.00000 -126.8851
444990.00000 4368394.00000 -126.3481
444994.00000 4367886.00000 -105.9599
444994.00000 4367890.00000 -105.8629
444994.00000 4367894.00000 -105.8255
444994.00000 4367898.00000 -105.7276
444994.00000 4367902.00000 -105.5992
444994.00000 4367906.00000 -105.4704
444994.00000 4367910.00000 -105.3562
444994.00000 4367914.00000 -105.2267
444994.00000 4367918.00000 -105.0967
444994.00000 4367922.00000 -104.9815
444994.00000 4367926.00000 -104.8660
444994.00000 4367930.00000 -104.7052
444994.00000 4367934.00000 -104.5442
444994.00000 4367938.00000 -104.4281
444994.00000 4367942.00000 -104.3268
444994.00000 4367946.00000 -104.1954
444994.00000 4367950.00000 -104.0790
444994.00000 4367954.00000 -103.9776
444994.00000 4367958.00000 -103.8763
444994.00000 4367962.00000 -103.8202
444994.00000 4367966.00000 -103.7492
444994.00000 4367970.00000 -103.6035
444994.00000 4367974.00000 -103.4732
444994.00000 4367978.00000 -114.7799
444994.00000 4367982.00000 -114.8427
444994.00000 4367986.00000 -114.8819
444994.00000 4367990.00000 -114.9578
444994.00000 4367994.00000 -115.0406
444994.00000 4367998.00000 -102.8379
444994.00000 4368002.00000 -102.6673
444994.00000 4368006.00000 -102.5878
444994.00000 4368010.00000 -102.4495
444994.00000 4368014.00000 -115.4622
444994.00000 4368018.00000 -115.5764
444994.00000 4368022.00000 -115.6991
444994.00000 4368026.00000 -116.7343
444994.00000 4368030.00000 -116.2694
444994.00000 4368034.00000 -115.7826
444994.00000 4368038.00000 -115.2728
444994.00000 4368042.00000 -114.7389
444994.00000 4368046.00000 -114.1801
444994.00000 4368050.00000 -116.0674
444994.00000 4368054.00000 -115.4916
444994.00000 4368058.00000 -114.8971
444994.00000 4368062.00000 -114.2688
444994.00000 4368066.00000 -113.5934
444994.00000 4368070.00000 -112.8930
444994.00000 4368074.00000 -112.1878
444994.00000 4368078.00000 -111.5399
444994.00000 4368082.00000 -111.1831
444994.00000 4368086.00000 -118.6590
444994.00000 4368090.00000 -113.7076
444994.00000 4368094.00000 -114.3302
444994.00000 4368098.00000 -120.4334
444994.00000 4368102.00000 N.C.
444994.00000 4368106.00000 N.C.
444994.00000 4368110.00000 -113.8565
444994.00000 4368114.00000 N.C.
444994.00000 4368118.00000 N.C.
444994.00000 4368122.00000 N.C.
444994.00000 4368126.00000 N.C.
444994.00000 4368130.00000 N.C.
444994.00000 4368134.00000 N.C.
444994.00000 4368138.00000 N.C.
444994.00000 4368142.00000 N.C.
444994.00000 4368146.00000 N.C.
444994.00000 4368150.00000 N.C.
444994.00000 4368154.00000 N.C.
444994.00000 4368158.00000 -100.7881
444994.00000 4368162.00000 -100.8038
444994.00000 4368166.00000 -100.7041
444994.00000 4368170.00000 -100.6241
444994.00000 4368174.00000 -100.6235
444994.00000 4368178.00000 N.C.
444994.00000 4368182.00000 -101.1003
444994.00000 4368186.00000 -101.3525
444994.00000 4368190.00000 N.C.
444994.00000 4368194.00000 N.C.
444994.00000 4368198.00000 -112.1840
444994.00000 4368202.00000 -112.5080
444994.00000 4368206.00000 -112.8178
444994.00000 4368210.00000 -113.2025
444994.00000 4368214.00000 -113.3916
444994.00000 4368218.00000 -113.6395
444994.00000 4368222.00000 N.C.
444994.00000 4368226.00000 -116.3087
444994.00000 4368230.00000 -123.5669
444994.00000 4368234.00000 N.C.
444994.00000 4368238.00000 N.C.
444994.00000 4368242.00000 N.C.
444994.00000 4368246.00000 N.C.
444994.00000 4368250.00000 N.C.
444994.00000 4368254.00000 N.C.
444994.00000 4368258.00000 N.C.
444994.00000 4368262.00000 -119.3701
444994.00000 4368266.00000 -114.4922
444994.00000 4368270.00000 -119.4156
444994.00000 4368274.00000 -119.9464
444994.00000 4368278.00000 -120.4064
444994.00000 4368282.00000 N.C.
444994.00000 4368286.00000 N.C.
444994.00000 4368290.00000 N.C.
444994.00000 4368294.00000 -124.9405
444994.00000 4368298.00000 -118.0786
444994.00000 4368302.00000 -117.6847
444994.00000 4368306.00000 -117.3803
444994.00000 4368310.00000 N.C.
444994.00000 4368314.00000 N.C.
444994.00000 4368318.00000 N.C.
444994.00000 4368322.00000 -116.4603
444994.00000 4368326.00000 -116.2581
444994.00000 4368330.00000 -120.0723
444994.00000 4368334.00000 -121.4360
444994.00000 4368338.00000 -118.0667
444994.00000 4368342.00000 -117.8218
444994.00000 4368346.00000 N.C.
444994.00000 4368350.00000 -126.7361
444994.00000 4368354.00000 -126.5131
444994.00000 4368358.00000 N.C.
444994.00000 4368362.00000 N.C.
444994.00000 4368366.00000 -125.3772
444994.00000 4368370.00000 -124.4549
444994.00000 4368374.00000 -124.1464
444994.00000 4368378.00000 N.C.
444994.00000 4368382.00000 -130.5042
444994.00000 4368386.00000 -127.4046
444994.00000 4368390.00000 -126.6953
444994.00000 4368394.00000 -126.1503
444998.00000 4367886.00000 -105.8772
444998.00000 4367890.00000 -105.7635
444998.00000 4367894.00000 -105.6642
444998.00000 4367898.00000 -105.5945
444998.00000 4367902.00000 -105.5243
444998.00000 4367906.00000 -105.3935
444998.00000 4367910.00000 -105.2624
444998.00000 4367914.00000 -105.1458
444998.00000 4367918.00000 -105.0288
444998.00000 4367922.00000 -104.8814
444998.00000 4367926.00000 -104.7487
444998.00000 4367930.00000 -104.6458
444998.00000 4367934.00000 -104.4825
444998.00000 4367938.00000 -104.3190
444998.00000 4367942.00000 -104.2003
444998.00000 4367946.00000 -104.0965
444998.00000 4367950.00000 -103.9626
444998.00000 4367954.00000 -103.8437
444998.00000 4367958.00000 -103.7398
444998.00000 4367962.00000 -103.6510
444998.00000 4367966.00000 -103.5773
444998.00000 4367970.00000 -103.5038
444998.00000 4367974.00000 -103.3557
444998.00000 4367978.00000 -103.2529
444998.00000 4367982.00000 -114.5456
444998.00000 4367986.00000 -114.6128
444998.00000 4367990.00000 -114.6716
444998.00000 4367994.00000 -114.7377
444998.00000 4367998.00000 -114.8264
444998.00000 4368002.00000 -114.9076
444998.00000 4368006.00000 -114.9817
444998.00000 4368010.00000 -115.0790
444998.00000 4368014.00000 -115.1849
444998.00000 4368018.00000 -115.2841
444998.00000 4368022.00000 -115.4222
444998.00000 4368026.00000 -115.5544
444998.00000 4368030.00000 -116.5042
444998.00000 4368034.00000 -116.0141
444998.00000 4368038.00000 -115.4987
444998.00000 4368042.00000 -114.9566
444998.00000 4368046.00000 -114.3865
444998.00000 4368050.00000 -113.7882
444998.00000 4368054.00000 -115.7950
444998.00000 4368058.00000 -115.1765
444998.00000 4368062.00000 -114.5334
444998.00000 4368066.00000 -113.8511
444998.00000 4368070.00000 -113.1205
444998.00000 4368074.00000 -112.3739
444998.00000 4368078.00000 -111.6645
444998.00000 4368082.00000 -111.1719
444998.00000 4368086.00000 -118.4061
444998.00000 4368090.00000 -114.0882
444998.00000 4368094.00000 -121.1418
444998.00000 4368098.00000 -120.1830
444998.00000 4368102.00000 N.C.
444998.00000 4368106.00000 N.C.
444998.00000 4368110.00000 -114.3370
444998.00000 4368114.00000 N.C.
444998.00000 4368118.00000 N.C.
444998.00000 4368122.00000 N.C.
444998.00000 4368126.00000 N.C.
444998.00000 4368130.00000 N.C.
444998.00000 4368134.00000 -117.6708
444998.00000 4368138.00000 N.C.
444998.00000 4368142.00000 N.C.
444998.00000 4368146.00000 N.C.
444998.00000 4368150.00000 -118.3510
444998.00000 4368154.00000 -114.8375
444998.00000 4368158.00000 -100.5584
444998.00000 4368162.00000 -100.5754
444998.00000 4368166.00000 -100.4472
444998.00000 4368170.00000 -100.3838
444998.00000 4368174.00000 -100.3551
444998.00000 4368178.00000 -100.6760
444998.00000 4368182.00000 -100.9712
444998.00000 4368186.00000 -101.2108
444998.00000 4368190.00000 -101.5294
444998.00000 4368194.00000 -101.5221
444998.00000 4368198.00000 -112.0576
444998.00000 4368202.00000 -112.3907
444998.00000 4368206.00000 -112.7392
444998.00000 4368210.00000 -113.0423
444998.00000 4368214.00000 -113.2546
444998.00000 4368218.00000 N.C.
444998.00000 4368222.00000 N.C.
444998.00000 4368226.00000 -116.0424
444998.00000 4368230.00000 N.C.
444998.00000 4368234.00000 N.C.
444998.00000 4368238.00000 -115.4207
444998.00000 4368242.00000 N.C.
444998.00000 4368246.00000 N.C.
444998.00000 4368250.00000 N.C.
444998.00000 4368254.00000 N.C.
444998.00000 4368258.00000 N.C.
444998.00000 4368262.00000 -117.9265
444998.00000 4368266.00000 N.C.
444998.00000 4368270.00000 N.C.
444998.00000 4368274.00000 -119.7275
444998.00000 4368278.00000 -122.1707
444998.00000 4368282.00000 -119.3811
444998.00000 4368286.00000 -119.3915
444998.00000 4368290.00000 -120.3025
444998.00000 4368294.00000 -121.4549
444998.00000 4368298.00000 -117.7332
444998.00000 4368302.00000 -117.3397
444998.00000 4368306.00000 -117.0849
444998.00000 4368310.00000 -116.8490
444998.00000 4368314.00000 -116.6017
444998.00000 4368318.00000 N.C.
444998.00000 4368322.00000 -116.1022
444998.00000 4368326.00000 -119.8155
444998.00000 4368330.00000 -118.6199
444998.00000 4368334.00000 -118.1795
444998.00000 4368338.00000 -117.8761
444998.00000 4368342.00000 -117.6641
444998.00000 4368346.00000 N.C.
444998.00000 4368350.00000 N.C.
444998.00000 4368354.00000 N.C.
444998.00000 4368358.00000 N.C.
444998.00000 4368362.00000 -122.0181
444998.00000 4368366.00000 -121.2711
444998.00000 4368370.00000 -120.6636
444998.00000 4368374.00000 -125.7641
444998.00000 4368378.00000 N.C.
444998.00000 4368382.00000 -128.3435
444998.00000 4368386.00000 -127.2228
444998.00000 4368390.00000 -126.4864
444998.00000 4368394.00000 -125.9311
445002.00000 4367886.00000 -105.7800
445002.00000 4367890.00000 -105.6796
445002.00000 4367894.00000 -105.5635
445002.00000 4367898.00000 -105.4619
445002.00000 4367902.00000 -105.3898
445002.00000 4367906.00000 -105.3172
445002.00000 4367910.00000 -105.1990
445002.00000 4367914.00000 -105.0654
445002.00000 4367918.00000 -104.9313
445002.00000 4367922.00000 -104.8118
445002.00000 4367926.00000 -104.6619
445002.00000 4367930.00000 -104.5266
445002.00000 4367934.00000 -104.4210
445002.00000 4367938.00000 -104.2552
445002.00000 4367942.00000 -104.0891
445002.00000 4367946.00000 -103.9528
445002.00000 4367950.00000 -103.8613
445002.00000 4367954.00000 -103.7248
445002.00000 4367958.00000 -103.6032
445002.00000 4367962.00000 -103.4967
445002.00000 4367966.00000 -103.4052
445002.00000 4367970.00000 -103.3439
445002.00000 4367974.00000 -103.2529
445002.00000 4367978.00000 -103.1171
445002.00000 4367982.00000 -114.2590
445002.00000 4367986.00000 -114.3236
445002.00000 4367990.00000 -114.3655
445002.00000 4367994.00000 -114.4446
445002.00000 4367998.00000 -114.5164
445002.00000 4368002.00000 -114.6112
445002.00000 4368006.00000 -114.6842
445002.00000 4368010.00000 -114.7807
445002.00000 4368014.00000 -114.8859
445002.00000 4368018.00000 -114.9853
445002.00000 4368022.00000 -115.1088
445002.00000 4368026.00000 -115.2567
445002.00000 4368030.00000 -115.4140
445002.00000 4368034.00000 -116.2813
445002.00000 4368038.00000 -115.7633
445002.00000 4368042.00000 -115.2157
445002.00000 4368046.00000 -114.6368
445002.00000 4368050.00000 -114.0254
445002.00000 4368054.00000 -116.1535
445002.00000 4368058.00000 -115.5310
445002.00000 4368062.00000 -114.8632
445002.00000 4368066.00000 -114.1637
445002.00000 4368070.00000 -113.4209
445002.00000 4368074.00000 -112.6340
445002.00000 4368078.00000 -111.8641
445002.00000 4368082.00000 -111.2478
445002.00000 4368086.00000 -118.1477
445002.00000 4368090.00000 -114.6989
445002.00000 4368094.00000 -121.1901
445002.00000 4368098.00000 -120.8032
445002.00000 4368102.00000 N.C.
445002.00000 4368106.00000 -112.2062
445002.00000 4368110.00000 -115.5073
445002.00000 4368114.00000 N.C.
445002.00000 4368118.00000 N.C.
445002.00000 4368122.00000 N.C.
445002.00000 4368126.00000 -118.0480
445002.00000 4368130.00000 -118.2686
445002.00000 4368134.00000 -118.7272
445002.00000 4368138.00000 N.C.
445002.00000 4368142.00000 N.C.
445002.00000 4368146.00000 N.C.
445002.00000 4368150.00000 N.C.
445002.00000 4368154.00000 N.C.
445002.00000 4368158.00000 -100.3239
445002.00000 4368162.00000 -100.3422
445002.00000 4368166.00000 -100.1857
445002.00000 4368170.00000 -100.1241
445002.00000 4368174.00000 -100.1274
445002.00000 4368178.00000 -100.4654
445002.00000 4368182.00000 -100.8080
445002.00000 4368186.00000 -101.0500
445002.00000 4368190.00000 -101.3263
445002.00000 4368194.00000 -101.2917
445002.00000 4368198.00000 -111.9341
445002.00000 4368202.00000 -112.2614
445002.00000 4368206.00000 -112.6639
445002.00000 4368210.00000 -112.8709
445002.00000 4368214.00000 -113.1218
445002.00000 4368218.00000 N.C.
445002.00000 4368222.00000 N.C.
445002.00000 4368226.00000 -115.8299
445002.00000 4368230.00000 N.C.
445002.00000 4368234.00000 N.C.
445002.00000 4368238.00000 N.C.
445002.00000 4368242.00000 N.C.
445002.00000 4368246.00000 N.C.
445002.00000 4368250.00000 N.C.
445002.00000 4368254.00000 N.C.
445002.00000 4368258.00000 -118.3676
445002.00000 4368262.00000 -117.3569
445002.00000 4368266.00000 N.C.
445002.00000 4368270.00000 N.C.
445002.00000 4368274.00000 -122.6478
445002.00000 4368278.00000 N.C.
445002.00000 4368282.00000 N.C.
445002.00000 4368286.00000 N.C.
445002.00000 4368290.00000 -123.8281
445002.00000 4368294.00000 -117.8169
445002.00000 4368298.00000 -117.3714
445002.00000 4368302.00000 -117.0087
445002.00000 4368306.00000 -116.7594
445002.00000 4368310.00000 -116.4888
445002.00000 4368314.00000 -116.1969
445002.00000 4368318.00000 -115.9737
445002.00000 4368322.00000 -115.7755
445002.00000 4368326.00000 -118.9206
445002.00000 4368330.00000 -118.3917
445002.00000 4368334.00000 -118.0162
445002.00000 4368338.00000 -117.7623
445002.00000 4368342.00000 -123.8187
445002.00000 4368346.00000 -126.0004
445002.00000 4368350.00000 -129.9813
445002.00000 4368354.00000 N.C.
445002.00000 4368358.00000 N.C.
445002.00000 4368362.00000 -122.0010
445002.00000 4368366.00000 -121.2476
445002.00000 4368370.00000 -120.6633
445002.00000 4368374.00000 N.C.
445002.00000 4368378.00000 -128.1058
445002.00000 4368382.00000 N.C.
445002.00000 4368386.00000 -127.0546
445002.00000 4368390.00000 -126.3031
445002.00000 4368394.00000 -125.7197
445006.00000 4367886.00000 -105.6985
445006.00000 4367890.00000 -105.5813
445006.00000 4367894.00000 -105.4634
445006.00000 4367898.00000 -105.3900
445006.00000 4367902.00000 -105.2859
445006.00000 4367906.00000 -105.1813
445006.00000 4367910.00000 -105.1061
445006.00000 4367914.00000 -104.9854
445006.00000 4367918.00000 -104.8492
445006.00000 4367922.00000 -104.7125
445006.00000 4367926.00000 -104.6054
445006.00000 4367930.00000 -104.4528
445006.00000 4367934.00000 -104.3149
445006.00000 4367938.00000 -104.1916
445006.00000 4367942.00000 -104.0230
445006.00000 4367946.00000 -103.8542
445006.00000 4367950.00000 -103.7152
445006.00000 4367954.00000 -103.6210
445006.00000 4367958.00000 -103.4817
445006.00000 4367962.00000 -103.3574
445006.00000 4367966.00000 -103.2481
445006.00000 4367970.00000 -103.1539
445006.00000 4367974.00000 -103.1048
445006.00000 4367978.00000 -113.9276
445006.00000 4367982.00000 -113.9675
445006.00000 4367986.00000 -114.0146
445006.00000 4367990.00000 -114.0838
445006.00000 4367994.00000 -114.1308
445006.00000 4367998.00000 -114.2157
445006.00000 4368002.00000 -114.3088
445006.00000 4368006.00000 -114.3955
445006.00000 4368010.00000 -114.4760
445006.00000 4368014.00000 -114.5807
445006.00000 4368018.00000 -114.6947
445006.00000 4368022.00000 -114.8034
445006.00000 4368026.00000 -114.9520
445006.00000 4368030.00000 -115.0956
445006.00000 4368034.00000 -115.2493
445006.00000 4368038.00000 -116.0696
445006.00000 4368042.00000 -115.5205
445006.00000 4368046.00000 -114.9367
445006.00000 4368050.00000 -114.3158
445006.00000 4368054.00000 -113.6572
445006.00000 4368058.00000 -115.9532
445006.00000 4368062.00000 -115.2834
445006.00000 4368066.00000 -114.5588
445006.00000 4368070.00000 -113.7950
445006.00000 4368074.00000 -112.9874
445006.00000 4368078.00000 -112.1594
445006.00000 4368082.00000 -111.4424
445006.00000 4368086.00000 -117.8837
445006.00000 4368090.00000 -115.6808
445006.00000 4368094.00000 -119.8042
445006.00000 4368098.00000 -119.7101
445006.00000 4368102.00000 -115.5875
445006.00000 4368106.00000 -114.2263
445006.00000 4368110.00000 N.C.
445006.00000 4368114.00000 N.C.
445006.00000 4368118.00000 N.C.
445006.00000 4368122.00000 -120.3961
445006.00000 4368126.00000 -119.4192
445006.00000 4368130.00000 -119.6224
445006.00000 4368134.00000 N.C.
445006.00000 4368138.00000 N.C.
445006.00000 4368142.00000 N.C.
445006.00000 4368146.00000 N.C.
445006.00000 4368150.00000 N.C.
445006.00000 4368154.00000 N.C.
445006.00000 4368158.00000 -111.9375
445006.00000 4368162.00000 -111.2101
445006.00000 4368166.00000 -99.9344
445006.00000 4368170.00000 -99.8897
445006.00000 4368174.00000 -100.0601
445006.00000 4368178.00000 -100.2654
445006.00000 4368182.00000 -100.5955
445006.00000 4368186.00000 -100.9152
445006.00000 4368190.00000 -101.0743
445006.00000 4368194.00000 -111.4475
445006.00000 4368198.00000 -111.8136
445006.00000 4368202.00000 -112.1807
445006.00000 4368206.00000 -112.4577
445006.00000 4368210.00000 -112.7189
445006.00000 4368214.00000 -113.0536
445006.00000 4368218.00000 N.C.
445006.00000 4368222.00000 N.C.
445006.00000 4368226.00000 -122.1638
445006.00000 4368230.00000 N.C.
445006.00000 4368234.00000 N.C.
445006.00000 4368238.00000 -114.7253
445006.00000 4368242.00000 -114.4369
445006.00000 4368246.00000 -114.1860
445006.00000 4368250.00000 N.C.
445006.00000 4368254.00000 N.C.
445006.00000 4368258.00000 -117.8303
445006.00000 4368262.00000 N.C.
445006.00000 4368266.00000 N.C.
445006.00000 4368270.00000 -117.6508
445006.00000 4368274.00000 N.C.
445006.00000 4368278.00000 N.C.
445006.00000 4368282.00000 -117.5844
445006.00000 4368286.00000 N.C.
445006.00000 4368290.00000 -123.6280
445006.00000 4368294.00000 -117.4723
445006.00000 4368298.00000 -117.0074
445006.00000 4368302.00000 -116.7062
445006.00000 4368306.00000 -116.3896
445006.00000 4368310.00000 -116.1182
445006.00000 4368314.00000 -115.8171
445006.00000 4368318.00000 -115.6230
445006.00000 4368322.00000 -119.3550
445006.00000 4368326.00000 -118.7209
445006.00000 4368330.00000 -118.2537
445006.00000 4368334.00000 -117.9430
445006.00000 4368338.00000 -117.7510
445006.00000 4368342.00000 N.C.
445006.00000 4368346.00000 N.C.
445006.00000 4368350.00000 N.C.
445006.00000 4368354.00000 N.C.
445006.00000 4368358.00000 -123.0688
445006.00000 4368362.00000 -122.1184
445006.00000 4368366.00000 -121.3710
445006.00000 4368370.00000 -120.8214
445006.00000 4368374.00000 -120.4485
445006.00000 4368378.00000 N.C.
445006.00000 4368382.00000 N.C.
445006.00000 4368386.00000 -126.8705
445006.00000 4368390.00000 -126.1005
445006.00000 4368394.00000 -125.4861
445010.00000 4367886.00000 -105.5726
445010.00000 4367890.00000 -105.4836
445010.00000 4367894.00000 -105.3939
445010.00000 4367898.00000 -105.2586
445010.00000 4367902.00000 -105.1676
445010.00000 4367906.00000 -105.0760
445010.00000 4367910.00000 -104.9688
445010.00000 4367914.00000 -104.8760
445010.00000 4367918.00000 -104.7676
445010.00000 4367922.00000 -104.6287
445010.00000 4367926.00000 -104.4893
445010.00000 4367930.00000 -104.3794
445010.00000 4367934.00000 -104.2241
445010.00000 4367938.00000 -104.0834
445010.00000 4367942.00000 -103.9723
445010.00000 4367946.00000 -103.8009
445010.00000 4367950.00000 -103.6142
445010.00000 4367954.00000 -103.4873
445010.00000 4367958.00000 -103.3752
445010.00000 4367962.00000 -103.2331
445010.00000 4367966.00000 -103.1059
445010.00000 4367970.00000 -102.9937
445010.00000 4367974.00000 -113.6047
445010.00000 4367978.00000 -113.6347
445010.00000 4367982.00000 -113.6716
445010.00000 4367986.00000 -113.7156
445010.00000 4367990.00000 -113.7671
445010.00000 4367994.00000 -113.8415
445010.00000 4367998.00000 -113.9091
445010.00000 4368002.00000 -113.9853
445010.00000 4368006.00000 -114.0854
445010.00000 4368010.00000 -114.1648
445010.00000 4368014.00000 -114.2686
445010.00000 4368018.00000 -114.3822
445010.00000 4368022.00000 -114.4910
445010.00000 4368026.00000 -114.6250
445010.00000 4368030.00000 -114.7847
445010.00000 4368034.00000 -114.9400
445010.00000 4368038.00000 -115.0912
445010.00000 4368042.00000 -115.8753
445010.00000 4368046.00000 -115.2915
445010.00000 4368050.00000 -114.6666
445010.00000 4368054.00000 -113.9980
445010.00000 4368058.00000 -113.2861
445010.00000 4368062.00000 -115.7885
445010.00000 4368066.00000 -115.0502
445010.00000 4368070.00000 -114.2764
445010.00000 4368074.00000 -113.4425
445010.00000 4368078.00000 -112.5782
445010.00000 4368082.00000 -111.7679
445010.00000 4368086.00000 -111.3031
445010.00000 4368090.00000 -117.1467
445010.00000 4368094.00000 -119.5678
445010.00000 4368098.00000 N.C.
445010.00000 4368102.00000 N.C.
445010.00000 4368106.00000 N.C.
445010.00000 4368110.00000 N.C.
445010.00000 4368114.00000 -99.8085
445010.00000 4368118.00000 N.C.
445010.00000 4368122.00000 N.C.
445010.00000 4368126.00000 N.C.
445010.00000 4368130.00000 N.C.
445010.00000 4368134.00000 N.C.
445010.00000 4368138.00000 N.C.
445010.00000 4368142.00000 N.C.
445010.00000 4368146.00000 N.C.
445010.00000 4368150.00000 N.C.
445010.00000 4368154.00000 N.C.
445010.00000 4368158.00000 -111.7464
445010.00000 4368162.00000 -110.9334
445010.00000 4368166.00000 -110.7701
445010.00000 4368170.00000 -99.6355
445010.00000 4368174.00000 -99.9131
445010.00000 4368178.00000 -110.2489
445010.00000 4368182.00000 -100.4386
445010.00000 4368186.00000 -100.7761
445010.00000 4368190.00000 -100.7881
445010.00000 4368194.00000 -111.3355
445010.00000 4368198.00000 -111.6817
445010.00000 4368202.00000 -112.1039
445010.00000 4368206.00000 -112.3308
445010.00000 4368210.00000 -112.6015
445010.00000 4368214.00000 -113.0203
445010.00000 4368218.00000 N.C.
445010.00000 4368222.00000 -115.5438
445010.00000 4368226.00000 N.C.
445010.00000 4368230.00000 N.C.
445010.00000 4368234.00000 N.C.
445010.00000 4368238.00000 -114.4125
445010.00000 4368242.00000 -114.1345
445010.00000 4368246.00000 -117.4013
445010.00000 4368250.00000 N.C.
445010.00000 4368254.00000 N.C.
445010.00000 4368258.00000 -117.2631
445010.00000 4368262.00000 N.C.
445010.00000 4368266.00000 N.C.
445010.00000 4368270.00000 -118.5667
445010.00000 4368274.00000 -113.2802
445010.00000 4368278.00000 -113.4039
445010.00000 4368282.00000 N.C.
445010.00000 4368286.00000 N.C.
445010.00000 4368290.00000 -123.4244
445010.00000 4368294.00000 -117.0951
445010.00000 4368298.00000 -116.6560
445010.00000 4368302.00000 -116.3586
445010.00000 4368306.00000 -116.0540
445010.00000 4368310.00000 -115.7131
445010.00000 4368314.00000 -115.4878
445010.00000 4368318.00000 -122.1535
445010.00000 4368322.00000 -120.6657
445010.00000 4368326.00000 -118.6293
445010.00000 4368330.00000 -118.2389
445010.00000 4368334.00000 -117.9895
445010.00000 4368338.00000 -117.9092
445010.00000 4368342.00000 -126.0664
445010.00000 4368346.00000 -126.0216
445010.00000 4368350.00000 N.C.
445010.00000 4368354.00000 N.C.
445010.00000 4368358.00000 -123.4002
445010.00000 4368362.00000 -122.4264
445010.00000 4368366.00000 -121.6914
445010.00000 4368370.00000 -121.1762
445010.00000 4368374.00000 -120.8597
445010.00000 4368378.00000 N.C.
445010.00000 4368382.00000 N.C.
445010.00000 4368386.00000 -126.7008
445010.00000 4368390.00000 -125.8933
445010.00000 4368394.00000 -125.2594
445014.00000 4367886.00000 -105.4624
445014.00000 4367890.00000 -105.3716
445014.00000 4367894.00000 -105.2651
445014.00000 4367898.00000 -105.1729
445014.00000 4367902.00000 -105.0500
445014.00000 4367906.00000 -104.9564
445014.00000 4367910.00000 -104.8621
445014.00000 4367914.00000 -104.7522
445014.00000 4367918.00000 -104.6416
445014.00000 4367922.00000 -104.5455
445014.00000 4367926.00000 -104.4038
445014.00000 4367930.00000 -104.2616
445014.00000 4367934.00000 -104.1338
445014.00000 4367938.00000 -103.9906
445014.00000 4367942.00000 -103.8469
445014.00000 4367946.00000 -103.7179
445014.00000 4367950.00000 -103.5735
445014.00000 4367954.00000 -103.3839
445014.00000 4367958.00000 -103.2239
445014.00000 4367962.00000 -103.1239
445014.00000 4367966.00000 -102.9787
445014.00000 4367970.00000 -102.8484
445014.00000 4367974.00000 -113.2964
445014.00000 4367978.00000 -113.3378
445014.00000 4367982.00000 -113.3710
445014.00000 4367986.00000 -113.4117
445014.00000 4367990.00000 -113.4602
445014.00000 4367994.00000 -113.5168
445014.00000 4367998.00000 -113.5969
445014.00000 4368002.00000 -113.6709
445014.00000 4368006.00000 -113.7540
445014.00000 4368010.00000 -113.8618
445014.00000 4368014.00000 -113.9496
445014.00000 4368018.00000 -114.0625
445014.00000 4368022.00000 -114.1862
445014.00000 4368026.00000 -114.3055
445014.00000 4368030.00000 -114.4511
445014.00000 4368034.00000 -114.6381
445014.00000 4368038.00000 -114.7913
445014.00000 4368042.00000 -114.9713
445014.00000 4368046.00000 -115.7071
445014.00000 4368050.00000 -115.0851
445014.00000 4368054.00000 -114.4140
445014.00000 4368058.00000 -113.6913
445014.00000 4368062.00000 -112.9207
445014.00000 4368066.00000 -115.6816
445014.00000 4368070.00000 -114.8856
445014.00000 4368074.00000 -114.0429
445014.00000 4368078.00000 -113.1581
445014.00000 4368082.00000 -112.2676
445014.00000 4368086.00000 -111.6358
445014.00000 4368090.00000 -119.2365
445014.00000 4368094.00000 -119.2802
445014.00000 4368098.00000 N.C.
445014.00000 4368102.00000 N.C.
445014.00000 4368106.00000 N.C.
445014.00000 4368110.00000 N.C.
445014.00000 4368114.00000 -110.8049
445014.00000 4368118.00000 N.C.
445014.00000 4368122.00000 -119.7229
445014.00000 4368126.00000 N.C.
445014.00000 4368130.00000 -119.8878
445014.00000 4368134.00000 -119.7845
445014.00000 4368138.00000 N.C.
445014.00000 4368142.00000 N.C.
445014.00000 4368146.00000 N.C.
445014.00000 4368150.00000 -116.6667
445014.00000 4368154.00000 -111.6578
445014.00000 4368158.00000 -111.5710
445014.00000 4368162.00000 -110.6503
445014.00000 4368166.00000 -110.4872
445014.00000 4368170.00000 -99.3762
445014.00000 4368174.00000 -99.7013
445014.00000 4368178.00000 -110.7528
445014.00000 4368182.00000 -112.5045
445014.00000 4368186.00000 -110.4613
445014.00000 4368190.00000 -110.8421
445014.00000 4368194.00000 -111.2121
445014.00000 4368198.00000 -111.5993
445014.00000 4368202.00000 -111.9120
445014.00000 4368206.00000 -112.1641
445014.00000 4368210.00000 -112.5496
445014.00000 4368214.00000 N.C.
445014.00000 4368218.00000 N.C.
445014.00000 4368222.00000 -115.2821
445014.00000 4368226.00000 N.C.
445014.00000 4368230.00000 N.C.
445014.00000 4368234.00000 -121.1637
445014.00000 4368238.00000 -121.0680
445014.00000 4368242.00000 -120.5035
445014.00000 4368246.00000 -120.0118
445014.00000 4368250.00000 N.C.
445014.00000 4368254.00000 -118.3092
445014.00000 4368258.00000 -116.7845
445014.00000 4368262.00000 N.C.
445014.00000 4368266.00000 N.C.
445014.00000 4368270.00000 -113.0688
445014.00000 4368274.00000 -113.1351
445014.00000 4368278.00000 -113.2993
445014.00000 4368282.00000 N.C.
445014.00000 4368286.00000 N.C.
445014.00000 4368290.00000 -117.2463
445014.00000 4368294.00000 -116.7151
445014.00000 4368298.00000 -116.3488
445014.00000 4368302.00000 -115.9849
445014.00000 4368306.00000 -115.6248
445014.00000 4368310.00000 -119.7212
445014.00000 4368314.00000 N.C.
445014.00000 4368318.00000 -122.1266
445014.00000 4368322.00000 -119.2184
445014.00000 4368326.00000 -118.6997
445014.00000 4368330.00000 -118.3660
445014.00000 4368334.00000 -126.1782
445014.00000 4368338.00000 -126.0814
445014.00000 4368342.00000 -125.9903
445014.00000 4368346.00000 -125.9411
445014.00000 4368350.00000 -125.9241
445014.00000 4368354.00000 -125.2238
445014.00000 4368358.00000 -123.9684
445014.00000 4368362.00000 -122.9731
445014.00000 4368366.00000 -122.2585
445014.00000 4368370.00000 -121.7600
445014.00000 4368374.00000 -121.4448
445014.00000 4368378.00000 N.C.
445014.00000 4368382.00000 N.C.
445014.00000 4368386.00000 -126.5016
445014.00000 4368390.00000 -125.6816
445014.00000 4368394.00000 -125.0245
445018.00000 4367886.00000 -105.3680
445018.00000 4367890.00000 -105.2754
445018.00000 4367894.00000 -105.1671
445018.00000 4367898.00000 -105.0429
445018.00000 4367902.00000 -104.9631
445018.00000 4367906.00000 -104.8524
445018.00000 4367910.00000 -104.7411
445018.00000 4367914.00000 -104.6590
445018.00000 4367918.00000 -104.5463
445018.00000 4367922.00000 -104.4029
445018.00000 4367926.00000 -104.3189
445018.00000 4367930.00000 -104.1892
445018.00000 4367934.00000 -104.0440
445018.00000 4367938.00000 -103.8983
445018.00000 4367942.00000 -103.7670
445018.00000 4367946.00000 -103.6053
445018.00000 4367950.00000 -103.4732
445018.00000 4367954.00000 -103.3257
445018.00000 4367958.00000 -103.1629
445018.00000 4367962.00000 -102.9698
445018.00000 4367966.00000 -102.8666
445018.00000 4367970.00000 -102.7332
445018.00000 4367974.00000 -113.0001
445018.00000 4367978.00000 -113.0221
445018.00000 4367982.00000 -113.0664
445018.00000 4367986.00000 -113.1033
445018.00000 4367990.00000 -113.1483
445018.00000 4367994.00000 -113.2016
445018.00000 4367998.00000 -113.2788
445018.00000 4368002.00000 -113.3352
445018.00000 4368006.00000 -113.4310
445018.00000 4368010.00000 -113.5371
445018.00000 4368014.00000 -113.6384
445018.00000 4368018.00000 -113.7355
445018.00000 4368022.00000 -113.8587
445018.00000 4368026.00000 -113.9784
445018.00000 4368030.00000 -114.1247
445018.00000 4368034.00000 -114.2980
445018.00000 4368038.00000 -114.4683
445018.00000 4368042.00000 -114.6360
445018.00000 4368046.00000 -114.8760
445018.00000 4368050.00000 -115.1283
445018.00000 4368054.00000 -114.9153
445018.00000 4368058.00000 -114.1931
445018.00000 4368062.00000 -113.4110
445018.00000 4368066.00000 -112.5812
445018.00000 4368070.00000 -115.6572
445018.00000 4368074.00000 -114.8351
445018.00000 4368078.00000 -113.9156
445018.00000 4368082.00000 -113.0033
445018.00000 4368086.00000 -112.2427
445018.00000 4368090.00000 -118.8548
445018.00000 4368094.00000 N.C.
445018.00000 4368098.00000 N.C.
445018.00000 4368102.00000 N.C.
445018.00000 4368106.00000 -99.6659
445018.00000 4368110.00000 -110.1675
445018.00000 4368114.00000 -112.8880
445018.00000 4368118.00000 N.C.
445018.00000 4368122.00000 N.C.
445018.00000 4368126.00000 N.C.
445018.00000 4368130.00000 N.C.
445018.00000 4368134.00000 N.C.
445018.00000 4368138.00000 N.C.
445018.00000 4368142.00000 -118.0231
445018.00000 4368146.00000 -118.7124
445018.00000 4368150.00000 -117.8725
445018.00000 4368154.00000 -111.3980
445018.00000 4368158.00000 -110.9541
445018.00000 4368162.00000 -110.3605
445018.00000 4368166.00000 -110.1976
445018.00000 4368170.00000 -99.1117
445018.00000 4368174.00000 -109.4812
445018.00000 4368178.00000 -111.6430
445018.00000 4368182.00000 -113.5507
445018.00000 4368186.00000 -113.6336
445018.00000 4368190.00000 -111.3517
445018.00000 4368194.00000 -111.0782
445018.00000 4368198.00000 -111.5217
445018.00000 4368202.00000 -111.7403
445018.00000 4368206.00000 -112.0781
445018.00000 4368210.00000 -112.5187
445018.00000 4368214.00000 N.C.
445018.00000 4368218.00000 N.C.
445018.00000 4368222.00000 -115.0153
445018.00000 4368226.00000 -114.6786
445018.00000 4368230.00000 -114.3224
445018.00000 4368234.00000 N.C.
445018.00000 4368238.00000 N.C.
445018.00000 4368242.00000 N.C.
445018.00000 4368246.00000 N.C.
445018.00000 4368250.00000 N.C.
445018.00000 4368254.00000 -118.0730
445018.00000 4368258.00000 -116.8743
445018.00000 4368262.00000 N.C.
445018.00000 4368266.00000 -117.8980
445018.00000 4368270.00000 -117.9279
445018.00000 4368274.00000 -118.0235
445018.00000 4368278.00000 -118.2325
445018.00000 4368282.00000 N.C.
445018.00000 4368286.00000 N.C.
445018.00000 4368290.00000 -116.8913
445018.00000 4368294.00000 -116.3493
445018.00000 4368298.00000 -116.0007
445018.00000 4368302.00000 -115.6089
445018.00000 4368306.00000 N.C.
445018.00000 4368310.00000 -119.7143
445018.00000 4368314.00000 N.C.
445018.00000 4368318.00000 -122.3353
445018.00000 4368322.00000 -119.4004
445018.00000 4368326.00000 -118.9414
445018.00000 4368330.00000 N.C.
445018.00000 4368334.00000 -125.5016
445018.00000 4368338.00000 -125.1167
445018.00000 4368342.00000 -125.7427
445018.00000 4368346.00000 -125.8520
445018.00000 4368350.00000 -125.8704
445018.00000 4368354.00000 -125.8737
445018.00000 4368358.00000 -135.6258
445018.00000 4368362.00000 -135.4921
445018.00000 4368366.00000 -123.0570
445018.00000 4368370.00000 -122.5444
445018.00000 4368374.00000 N.C.
445018.00000 4368378.00000 N.C.
445018.00000 4368382.00000 N.C.
445018.00000 4368386.00000 -126.3340
445018.00000 4368390.00000 -125.4813
445018.00000 4368394.00000 -124.7813
445022.00000 4367886.00000 -105.2594
445022.00000 4367890.00000 -105.1650
445022.00000 4367894.00000 -105.0698
445022.00000 4367898.00000 -104.9588
445022.00000 4367902.00000 -104.8319
445022.00000 4367906.00000 -104.7342
445022.00000 4367910.00000 -104.6358
445022.00000 4367914.00000 -104.5366
445022.00000 4367918.00000 -104.4366
445022.00000 4367922.00000 -104.3209
445022.00000 4367926.00000 -104.1746
445022.00000 4367930.00000 -104.0725
445022.00000 4367934.00000 -103.9548
445022.00000 4367938.00000 -103.8065
445022.00000 4367942.00000 -103.6576
445022.00000 4367946.00000 -103.5232
445022.00000 4367950.00000 -103.3582
445022.00000 4367954.00000 -103.2079
445022.00000 4367958.00000 -103.0871
445022.00000 4367962.00000 -102.9061
445022.00000 4367966.00000 -102.7097
445022.00000 4367970.00000 -102.6032
445022.00000 4367974.00000 -102.4665
445022.00000 4367978.00000 -112.7185
445022.00000 4367982.00000 -112.7430
445022.00000 4367986.00000 -112.7906
445022.00000 4367990.00000 -112.8316
445022.00000 4367994.00000 -112.8812
445022.00000 4367998.00000 -112.9399
445022.00000 4368002.00000 -113.0233
445022.00000 4368006.00000 -113.0866
445022.00000 4368010.00000 -113.1904
445022.00000 4368014.00000 -113.3050
445022.00000 4368018.00000 -113.4009
445022.00000 4368022.00000 -113.5235
445022.00000 4368026.00000 -113.6581
445022.00000 4368030.00000 -113.7899
445022.00000 4368034.00000 -113.9495
445022.00000 4368038.00000 -114.1518
445022.00000 4368042.00000 -114.3073
445022.00000 4368046.00000 -114.5358
445022.00000 4368050.00000 -114.7925
445022.00000 4368054.00000 -115.0322
445022.00000 4368058.00000 -114.8054
445022.00000 4368062.00000 -114.0295
445022.00000 4368066.00000 -113.1875
445022.00000 4368070.00000 -112.3130
445022.00000 4368074.00000 -115.8332
445022.00000 4368078.00000 -114.9624
445022.00000 4368082.00000 -114.0277
445022.00000 4368086.00000 -113.2229
445022.00000 4368090.00000 -112.9290
445022.00000 4368094.00000 N.C.
445022.00000 4368098.00000 N.C.
445022.00000 4368102.00000 -113.1339
445022.00000 4368106.00000 -111.2310
445022.00000 4368110.00000 -110.5716
445022.00000 4368114.00000 N.C.
445022.00000 4368118.00000 N.C.
445022.00000 4368122.00000 N.C.
445022.00000 4368126.00000 N.C.
445022.00000 4368130.00000 N.C.
445022.00000 4368134.00000 N.C.
445022.00000 4368138.00000 N.C.
445022.00000 4368142.00000 N.C.
445022.00000 4368146.00000 N.C.
445022.00000 4368150.00000 N.C.
445022.00000 4368154.00000 -111.1357
445022.00000 4368158.00000 -110.6581
445022.00000 4368162.00000 -110.0635
445022.00000 4368166.00000 -109.9009
445022.00000 4368170.00000 -98.9317
445022.00000 4368174.00000 -110.6684
445022.00000 4368178.00000 -113.6138
445022.00000 4368182.00000 -113.9883
445022.00000 4368186.00000 -114.1731
445022.00000 4368190.00000 -114.0333
445022.00000 4368194.00000 -116.2346
445022.00000 4368198.00000 -111.3448
445022.00000 4368202.00000 -111.5899
445022.00000 4368206.00000 -112.0135
445022.00000 4368210.00000 -111.4415
445022.00000 4368214.00000 N.C.
445022.00000 4368218.00000 N.C.
445022.00000 4368222.00000 -114.7285
445022.00000 4368226.00000 -114.3909
445022.00000 4368230.00000 -114.0072
445022.00000 4368234.00000 -113.6697
445022.00000 4368238.00000 N.C.
445022.00000 4368242.00000 N.C.
445022.00000 4368246.00000 N.C.
445022.00000 4368250.00000 N.C.
445022.00000 4368254.00000 -118.4399
445022.00000 4368258.00000 N.C.
445022.00000 4368262.00000 N.C.
445022.00000 4368266.00000 N.C.
445022.00000 4368270.00000 N.C.
445022.00000 4368274.00000 N.C.
445022.00000 4368278.00000 -118.1667
445022.00000 4368282.00000 N.C.
445022.00000 4368286.00000 -123.3192
445022.00000 4368290.00000 -116.4921
445022.00000 4368294.00000 -122.6649
445022.00000 4368298.00000 -120.7799
445022.00000 4368302.00000 -115.1599
445022.00000 4368306.00000 N.C.
445022.00000 4368310.00000 N.C.
445022.00000 4368314.00000 N.C.
445022.00000 4368318.00000 -121.9977
445022.00000 4368322.00000 -119.8059
445022.00000 4368326.00000 -119.3832
445022.00000 4368330.00000 N.C.
445022.00000 4368334.00000 N.C.
445022.00000 4368338.00000 N.C.
445022.00000 4368342.00000 N.C.
445022.00000 4368346.00000 -125.5520
445022.00000 4368350.00000 N.C.
445022.00000 4368354.00000 -125.8036
445022.00000 4368358.00000 -125.9733
445022.00000 4368362.00000 -126.2173
445022.00000 4368366.00000 -131.8317
445022.00000 4368370.00000 -126.0417
445022.00000 4368374.00000 -125.1638
445022.00000 4368378.00000 -131.4325
445022.00000 4368382.00000 -127.1048
445022.00000 4368386.00000 -126.1401
445022.00000 4368390.00000 -125.2632
445022.00000 4368394.00000 -124.5306
445026.00000 4367886.00000 -105.1667
445026.00000 4367890.00000 -105.0555
445026.00000 4367894.00000 -104.9584
445026.00000 4367898.00000 -104.8604
445026.00000 4367902.00000 -104.7466
445026.00000 4367906.00000 -104.6169
445026.00000 4367910.00000 -104.5013
445026.00000 4367914.00000 -104.3999
445026.00000 4367918.00000 -104.2977
445026.00000 4367922.00000 -104.1947
445026.00000 4367926.00000 -104.1060
445026.00000 4367930.00000 -103.9415
445026.00000 4367934.00000 -103.8212
445026.00000 4367938.00000 -103.7153
445026.00000 4367942.00000 -103.5638
445026.00000 4367946.00000 -103.4116
445026.00000 4367950.00000 -103.2888
445026.00000 4367954.00000 -103.1205
445026.00000 4367958.00000 -102.9518
445026.00000 4367962.00000 -102.8276
445026.00000 4367966.00000 -102.6431
445026.00000 4367970.00000 -102.4583
445026.00000 4367974.00000 -102.3183
445026.00000 4367978.00000 -102.1931
445026.00000 4367982.00000 -112.4320
445026.00000 4367986.00000 -112.4593
445026.00000 4367990.00000 -112.5106
445026.00000 4367994.00000 -112.5559
445026.00000 4367998.00000 -112.6107
445026.00000 4368002.00000 -112.6754
445026.00000 4368006.00000 -112.7657
445026.00000 4368010.00000 -112.8518
445026.00000 4368014.00000 -112.9643
445026.00000 4368018.00000 -113.0736
445026.00000 4368022.00000 -113.1802
445026.00000 4368026.00000 -113.3143
445026.00000 4368030.00000 -113.4467
445026.00000 4368034.00000 -113.6222
445026.00000 4368038.00000 -113.7964
445026.00000 4368042.00000 -113.9846
445026.00000 4368046.00000 -114.1868
445026.00000 4368050.00000 -114.4478
445026.00000 4368054.00000 -114.7079
445026.00000 4368058.00000 -114.9368
445026.00000 4368062.00000 -114.7959
445026.00000 4368066.00000 -113.9717
445026.00000 4368070.00000 -113.0847
445026.00000 4368074.00000 -112.2218
445026.00000 4368078.00000 -111.6442
445026.00000 4368082.00000 -111.8036
445026.00000 4368086.00000 -114.7044
445026.00000 4368090.00000 -114.3638
445026.00000 4368094.00000 N.C.
445026.00000 4368098.00000 N.C.
445026.00000 4368102.00000 N.C.
445026.00000 4368106.00000 N.C.
445026.00000 4368110.00000 -112.5361
445026.00000 4368114.00000 N.C.
445026.00000 4368118.00000 N.C.
445026.00000 4368122.00000 N.C.
445026.00000 4368126.00000 N.C.
445026.00000 4368130.00000 N.C.
445026.00000 4368134.00000 -110.4911
445026.00000 4368138.00000 -98.6576
445026.00000 4368142.00000 N.C.
445026.00000 4368146.00000 N.C.
445026.00000 4368150.00000 N.C.
445026.00000 4368154.00000 -110.8713
445026.00000 4368158.00000 -110.3547
445026.00000 4368162.00000 -109.7592
445026.00000 4368166.00000 -98.5839
445026.00000 4368170.00000 -112.5894
445026.00000 4368174.00000 -112.9452
445026.00000 4368178.00000 N.C.
445026.00000 4368182.00000 N.C.
445026.00000 4368186.00000 N.C.
445026.00000 4368190.00000 N.C.
445026.00000 4368194.00000 N.C.
445026.00000 4368198.00000 -111.1593
445026.00000 4368202.00000 -111.5214
445026.00000 4368206.00000 -112.0164
445026.00000 4368210.00000 -111.4831
445026.00000 4368214.00000 N.C.
445026.00000 4368218.00000 -114.8659
445026.00000 4368222.00000 -114.4522
445026.00000 4368226.00000 -114.0832
445026.00000 4368230.00000 -113.7020
445026.00000 4368234.00000 -113.3418
445026.00000 4368238.00000 -113.0506
445026.00000 4368242.00000 N.C.
445026.00000 4368246.00000 -120.9663
445026.00000 4368250.00000 -120.5781
445026.00000 4368254.00000 -120.3217
445026.00000 4368258.00000 N.C.
445026.00000 4368262.00000 N.C.
445026.00000 4368266.00000 N.C.
445026.00000 4368270.00000 N.C.
445026.00000 4368274.00000 N.C.
445026.00000 4368278.00000 N.C.
445026.00000 4368282.00000 N.C.
445026.00000 4368286.00000 -116.8330
445026.00000 4368290.00000 -116.1312
445026.00000 4368294.00000 N.C.
445026.00000 4368298.00000 N.C.
445026.00000 4368302.00000 -119.1015
445026.00000 4368306.00000 N.C.
445026.00000 4368310.00000 N.C.
445026.00000 4368314.00000 -122.0076
445026.00000 4368318.00000 -121.0846
445026.00000 4368322.00000 -121.4498
445026.00000 4368326.00000 N.C.
445026.00000 4368330.00000 N.C.
445026.00000 4368334.00000 -124.6240
445026.00000 4368338.00000 N.C.
445026.00000 4368342.00000 N.C.
445026.00000 4368346.00000 N.C.
445026.00000 4368350.00000 N.C.
445026.00000 4368354.00000 N.C.
445026.00000 4368358.00000 N.C.
445026.00000 4368362.00000 N.C.
445026.00000 4368366.00000 N.C.
445026.00000 4368370.00000 -126.0309
445026.00000 4368374.00000 -133.9144
445026.00000 4368378.00000 -132.9935
445026.00000 4368382.00000 -130.9270
445026.00000 4368386.00000 -125.9829
445026.00000 4368390.00000 -125.0446
445026.00000 4368394.00000 -124.2741
445030.00000 4367886.00000 -105.0749
445030.00000 4367890.00000 -104.9469
445030.00000 4367894.00000 -104.8479
445030.00000 4367898.00000 -104.7630
445030.00000 4367902.00000 -104.6621
445030.00000 4367906.00000 -104.5304
445030.00000 4367910.00000 -104.3977
445030.00000 4367914.00000 -104.2641
445030.00000 4367918.00000 -104.1747
445030.00000 4367922.00000 -104.0993
445030.00000 4367926.00000 -103.9632
445030.00000 4367930.00000 -103.8562
445030.00000 4367934.00000 -103.7184
445030.00000 4367938.00000 -103.5649
445030.00000 4367942.00000 -103.4706
445030.00000 4367946.00000 -103.3306
445030.00000 4367950.00000 -103.1600
445030.00000 4367954.00000 -103.0337
445030.00000 4367958.00000 -102.8619
445030.00000 4367962.00000 -102.6896
445030.00000 4367966.00000 -102.5618
445030.00000 4367970.00000 -102.3737
445030.00000 4367974.00000 -102.1852
445030.00000 4367978.00000 -102.0415
445030.00000 4367982.00000 -112.1047
445030.00000 4367986.00000 -112.1405
445030.00000 4367990.00000 -112.1710
445030.00000 4367994.00000 -112.2261
445030.00000 4367998.00000 -112.2763
445030.00000 4368002.00000 -112.3368
445030.00000 4368006.00000 -112.4084
445030.00000 4368010.00000 -112.4913
445030.00000 4368014.00000 -112.6012
445030.00000 4368018.00000 -112.7235
445030.00000 4368022.00000 -112.8286
445030.00000 4368026.00000 -112.9622
445030.00000 4368030.00000 -113.1095
445030.00000 4368034.00000 -113.2560
445030.00000 4368038.00000 -113.4469
445030.00000 4368042.00000 -113.6376
445030.00000 4368046.00000 -113.8283
445030.00000 4368050.00000 -114.0940
445030.00000 4368054.00000 -114.3744
445030.00000 4368058.00000 -114.6098
445030.00000 4368062.00000 -114.8746
445030.00000 4368066.00000 -114.9629
445030.00000 4368070.00000 -114.1186
445030.00000 4368074.00000 -113.2464
445030.00000 4368078.00000 -112.5550
445030.00000 4368082.00000 -112.5192
445030.00000 4368086.00000 -113.5198
445030.00000 4368090.00000 N.C.
445030.00000 4368094.00000 N.C.
445030.00000 4368098.00000 N.C.
445030.00000 4368102.00000 N.C.
445030.00000 4368106.00000 N.C.
445030.00000 4368110.00000 N.C.
445030.00000 4368114.00000 N.C.
445030.00000 4368118.00000 N.C.
445030.00000 4368122.00000 N.C.
445030.00000 4368126.00000 N.C.
445030.00000 4368130.00000 N.C.
445030.00000 4368134.00000 -111.5800
445030.00000 4368138.00000 -109.0017
445030.00000 4368142.00000 N.C.
445030.00000 4368146.00000 -109.4645
445030.00000 4368150.00000 N.C.
445030.00000 4368154.00000 -110.6059
445030.00000 4368158.00000 -110.0436
445030.00000 4368162.00000 -109.4470
445030.00000 4368166.00000 -98.3144
445030.00000 4368170.00000 N.C.
445030.00000 4368174.00000 N.C.
445030.00000 4368178.00000 N.C.
445030.00000 4368182.00000 N.C.
445030.00000 4368186.00000 N.C.
445030.00000 4368190.00000 N.C.
445030.00000 4368194.00000 -116.8236
445030.00000 4368198.00000 -111.0113
445030.00000 4368202.00000 -111.4908
445030.00000 4368206.00000 -111.0401
445030.00000 4368210.00000 N.C.
445030.00000 4368214.00000 N.C.
445030.00000 4368218.00000 -114.5926
445030.00000 4368222.00000 -114.1725
445030.00000 4368226.00000 -113.7713
445030.00000 4368230.00000 -113.3784
445030.00000 4368234.00000 -113.0124
445030.00000 4368238.00000 N.C.
445030.00000 4368242.00000 N.C.
445030.00000 4368246.00000 N.C.
445030.00000 4368250.00000 N.C.
445030.00000 4368254.00000 -120.2000
445030.00000 4368258.00000 N.C.
445030.00000 4368262.00000 N.C.
445030.00000 4368266.00000 N.C.
445030.00000 4368270.00000 N.C.
445030.00000 4368274.00000 N.C.
445030.00000 4368278.00000 N.C.
445030.00000 4368282.00000 -117.4028
445030.00000 4368286.00000 -116.4650
445030.00000 4368290.00000 -122.8911
445030.00000 4368294.00000 N.C.
445030.00000 4368298.00000 N.C.
445030.00000 4368302.00000 -114.4524
445030.00000 4368306.00000 -123.6331
445030.00000 4368310.00000 N.C.
445030.00000 4368314.00000 -121.8529
445030.00000 4368318.00000 -121.4330
445030.00000 4368322.00000 N.C.
445030.00000 4368326.00000 N.C.
445030.00000 4368330.00000 N.C.
445030.00000 4368334.00000 -124.9519
445030.00000 4368338.00000 -125.5260
445030.00000 4368342.00000 -125.4377
445030.00000 4368346.00000 N.C.
445030.00000 4368350.00000 N.C.
445030.00000 4368354.00000 N.C.
445030.00000 4368358.00000 N.C.
445030.00000 4368362.00000 N.C.
445030.00000 4368366.00000 N.C.
445030.00000 4368370.00000 -126.0701
445030.00000 4368374.00000 -126.8227
445030.00000 4368378.00000 -126.8054
445030.00000 4368382.00000 -126.2959
445030.00000 4368386.00000 -125.8077
445030.00000 4368390.00000 -124.8446
445030.00000 4368394.00000 -124.0157
445034.00000 4367886.00000 -104.9691
445034.00000 4367890.00000 -104.8692
445034.00000 4367894.00000 -104.7384
445034.00000 4367898.00000 -104.6365
445034.00000 4367902.00000 -104.5337
445034.00000 4367906.00000 -104.4448
445034.00000 4367910.00000 -104.3100
445034.00000 4367914.00000 -104.1742
445034.00000 4367918.00000 -104.0375
445034.00000 4367922.00000 -103.9298
445034.00000 4367926.00000 -103.8513
445034.00000 4367930.00000 -103.7418
445034.00000 4367934.00000 -103.6164
445034.00000 4367938.00000 -103.4752
445034.00000 4367942.00000 -103.3182
445034.00000 4367946.00000 -103.2054
445034.00000 4367950.00000 -103.0768
445034.00000 4367954.00000 -102.9175
445034.00000 4367958.00000 -102.7576
445034.00000 4367962.00000 -102.5971
445034.00000 4367966.00000 -102.4360
445034.00000 4367970.00000 -102.2895
445034.00000 4367974.00000 -102.0975
445034.00000 4367978.00000 -101.9052
445034.00000 4367982.00000 -111.7941
445034.00000 4367986.00000 -111.8062
445034.00000 4367990.00000 -111.8442
445034.00000 4367994.00000 -111.8780
445034.00000 4367998.00000 -111.9375
445034.00000 4368002.00000 -111.9930
445034.00000 4368006.00000 -112.0601
445034.00000 4368010.00000 -112.1542
445034.00000 4368014.00000 -112.2309
445034.00000 4368018.00000 -112.3504
445034.00000 4368022.00000 -112.4838
445034.00000 4368026.00000 -112.6011
445034.00000 4368030.00000 -112.7481
445034.00000 4368034.00000 -112.8952
445034.00000 4368038.00000 -113.0876
445034.00000 4368042.00000 -113.2960
445034.00000 4368046.00000 -113.4751
445034.00000 4368050.00000 -114.3343
445034.00000 4368054.00000 -114.0165
445034.00000 4368058.00000 -114.2736
445034.00000 4368062.00000 -114.5464
445034.00000 4368066.00000 -114.8494
445034.00000 4368070.00000 -115.4554
445034.00000 4368074.00000 -114.6847
445034.00000 4368078.00000 -114.0129
445034.00000 4368082.00000 -113.8597
445034.00000 4368086.00000 -116.6463
445034.00000 4368090.00000 N.C.
445034.00000 4368094.00000 N.C.
445034.00000 4368098.00000 -109.8487
445034.00000 4368102.00000 N.C.
445034.00000 4368106.00000 -112.0144
445034.00000 4368110.00000 -98.5271
445034.00000 4368114.00000 -98.1220
445034.00000 4368118.00000 N.C.
445034.00000 4368122.00000 N.C.
445034.00000 4368126.00000 N.C.
445034.00000 4368130.00000 N.C.
445034.00000 4368134.00000 N.C.
445034.00000 4368138.00000 -111.1948
445034.00000 4368142.00000 N.C.
445034.00000 4368146.00000 N.C.
445034.00000 4368150.00000 N.C.
445034.00000 4368154.00000 -110.3411
445034.00000 4368158.00000 -109.7242
445034.00000 4368162.00000 -109.1266
445034.00000 4368166.00000 -98.0536
445034.00000 4368170.00000 N.C.
445034.00000 4368174.00000 N.C.
445034.00000 4368178.00000 N.C.
445034.00000 4368182.00000 N.C.
445034.00000 4368186.00000 N.C.
445034.00000 4368190.00000 N.C.
445034.00000 4368194.00000 -110.5279
445034.00000 4368198.00000 -110.9619
445034.00000 4368202.00000 -110.6321
445034.00000 4368206.00000 -111.0893
445034.00000 4368210.00000 N.C.
445034.00000 4368214.00000 N.C.
445034.00000 4368218.00000 -114.3185
445034.00000 4368222.00000 -113.9056
445034.00000 4368226.00000 -113.4574
445034.00000 4368230.00000 -113.0540
445034.00000 4368234.00000 -112.6850
445034.00000 4368238.00000 N.C.
445034.00000 4368242.00000 N.C.
445034.00000 4368246.00000 N.C.
445034.00000 4368250.00000 -119.5408
445034.00000 4368254.00000 -120.6199
445034.00000 4368258.00000 N.C.
445034.00000 4368262.00000 N.C.
445034.00000 4368266.00000 -119.2623
445034.00000 4368270.00000 N.C.
445034.00000 4368274.00000 N.C.
445034.00000 4368278.00000 N.C.
445034.00000 4368282.00000 -117.0996
445034.00000 4368286.00000 -116.1518
445034.00000 4368290.00000 N.C.
445034.00000 4368294.00000 N.C.
445034.00000 4368298.00000 N.C.
445034.00000 4368302.00000 N.C.
445034.00000 4368306.00000 N.C.
445034.00000 4368310.00000 -123.8068
445034.00000 4368314.00000 -121.4532
445034.00000 4368318.00000 -121.1446
445034.00000 4368322.00000 N.C.
445034.00000 4368326.00000 N.C.
445034.00000 4368330.00000 -124.9339
445034.00000 4368334.00000 -124.8808
445034.00000 4368338.00000 -125.1375
445034.00000 4368342.00000 -125.1181
445034.00000 4368346.00000 N.C.
445034.00000 4368350.00000 N.C.
445034.00000 4368354.00000 N.C.
445034.00000 4368358.00000 -125.5016
445034.00000 4368362.00000 N.C.
445034.00000 4368366.00000 N.C.
445034.00000 4368370.00000 -126.1818
445034.00000 4368374.00000 -126.7558
445034.00000 4368378.00000 N.C.
445034.00000 4368382.00000 -126.7108
445034.00000 4368386.00000 -125.6821
445034.00000 4368390.00000 -124.6552
445034.00000 4368394.00000 -123.7632
445038.00000 4367886.00000 -104.8643
445038.00000 4367890.00000 -104.7626
445038.00000 4367894.00000 -104.6449
445038.00000 4367898.00000 -104.5260
445038.00000 4367902.00000 -104.4212
445038.00000 4367906.00000 -104.3003
445038.00000 4367910.00000 -104.2233
445038.00000 4367914.00000 -104.0854
445038.00000 4367918.00000 -103.9463
445038.00000 4367922.00000 -103.8063
445038.00000 4367926.00000 -103.6803
445038.00000 4367930.00000 -103.5983
445038.00000 4367934.00000 -103.5153
445038.00000 4367938.00000 -103.3564
445038.00000 4367942.00000 -103.2416
445038.00000 4367946.00000 -103.0659
445038.00000 4367950.00000 -102.9344
445038.00000 4367954.00000 -102.8171
445038.00000 4367958.00000 -102.6540
445038.00000 4367962.00000 -102.4902
445038.00000 4367966.00000 -102.3408
445038.00000 4367970.00000 -102.1608
445038.00000 4367974.00000 -102.0252
445038.00000 4367978.00000 -101.8143
445038.00000 4367982.00000 -101.6180
445038.00000 4367986.00000 -111.4900
445038.00000 4367990.00000 -111.5029
445038.00000 4367994.00000 -111.5431
445038.00000 4367998.00000 -111.5805
445038.00000 4368002.00000 -111.6448
445038.00000 4368006.00000 -111.7065
445038.00000 4368010.00000 -111.7808
445038.00000 4368014.00000 -111.8834
445038.00000 4368018.00000 -111.9849
445038.00000 4368022.00000 -112.1156
445038.00000 4368026.00000 -112.2464
445038.00000 4368030.00000 -112.3775
445038.00000 4368034.00000 -112.5398
445038.00000 4368038.00000 -112.7034
445038.00000 4368042.00000 -112.9140
445038.00000 4368046.00000 -113.1265
445038.00000 4368050.00000 -113.3564
445038.00000 4368054.00000 -114.0838
445038.00000 4368058.00000 -113.9427
445038.00000 4368062.00000 -114.2238
445038.00000 4368066.00000 -114.4761
445038.00000 4368070.00000 -114.8944
445038.00000 4368074.00000 -116.5765
445038.00000 4368078.00000 -116.1519
445038.00000 4368082.00000 -116.1432
445038.00000 4368086.00000 -116.2650
445038.00000 4368090.00000 N.C.
445038.00000 4368094.00000 N.C.
445038.00000 4368098.00000 -112.5526
445038.00000 4368102.00000 N.C.
445038.00000 4368106.00000 N.C.
445038.00000 4368110.00000 -98.3152
445038.00000 4368114.00000 -97.8477
445038.00000 4368118.00000 N.C.
445038.00000 4368122.00000 -110.8386
445038.00000 4368126.00000 -110.6398
445038.00000 4368130.00000 -108.1615
445038.00000 4368134.00000 N.C.
445038.00000 4368138.00000 N.C.
445038.00000 4368142.00000 -107.9285
445038.00000 4368146.00000 N.C.
445038.00000 4368150.00000 N.C.
445038.00000 4368154.00000 -110.0792
445038.00000 4368158.00000 -109.3963
445038.00000 4368162.00000 -108.7975
445038.00000 4368166.00000 -97.7861
445038.00000 4368170.00000 N.C.
445038.00000 4368174.00000 N.C.
445038.00000 4368178.00000 N.C.
445038.00000 4368182.00000 N.C.
445038.00000 4368186.00000 N.C.
445038.00000 4368190.00000 N.C.
445038.00000 4368194.00000 -110.4143
445038.00000 4368198.00000 -110.9674
445038.00000 4368202.00000 -110.6530
445038.00000 4368206.00000 -111.1652
445038.00000 4368210.00000 N.C.
445038.00000 4368214.00000 N.C.
445038.00000 4368218.00000 -114.0455
445038.00000 4368222.00000 -113.6241
445038.00000 4368226.00000 -113.1592
445038.00000 4368230.00000 -112.7326
445038.00000 4368234.00000 -112.3501
445038.00000 4368238.00000 N.C.
445038.00000 4368242.00000 N.C.
445038.00000 4368246.00000 N.C.
445038.00000 4368250.00000 -119.0636
445038.00000 4368254.00000 N.C.
445038.00000 4368258.00000 N.C.
445038.00000 4368262.00000 N.C.
445038.00000 4368266.00000 -124.1926
445038.00000 4368270.00000 N.C.
445038.00000 4368274.00000 -122.7782
445038.00000 4368278.00000 N.C.
445038.00000 4368282.00000 -116.8506
445038.00000 4368286.00000 -115.8978
445038.00000 4368290.00000 N.C.
445038.00000 4368294.00000 N.C.
445038.00000 4368298.00000 N.C.
445038.00000 4368302.00000 N.C.
445038.00000 4368306.00000 N.C.
445038.00000 4368310.00000 N.C.
445038.00000 4368314.00000 -121.1493
445038.00000 4368318.00000 -120.8464
445038.00000 4368322.00000 N.C.
445038.00000 4368326.00000 N.C.
445038.00000 4368330.00000 -124.8808
445038.00000 4368334.00000 -124.8241
445038.00000 4368338.00000 -124.8644
445038.00000 4368342.00000 N.C.
445038.00000 4368346.00000 -125.1031
445038.00000 4368350.00000 N.C.
445038.00000 4368354.00000 N.C.
445038.00000 4368358.00000 -124.9393
445038.00000 4368362.00000 N.C.
445038.00000 4368366.00000 -126.2410
445038.00000 4368370.00000 -126.4872
445038.00000 4368374.00000 -126.5145
445038.00000 4368378.00000 N.C.
445038.00000 4368382.00000 N.C.
445038.00000 4368386.00000 -125.5742
445038.00000 4368390.00000 -124.4894
445038.00000 4368394.00000 -123.5157
445042.00000 4367886.00000 -104.7755
445042.00000 4367890.00000 -104.6571
445042.00000 4367894.00000 -104.5374
445042.00000 4367898.00000 -104.4167
445042.00000 4367902.00000 -104.3098
445042.00000 4367906.00000 -104.2168
445042.00000 4367910.00000 -104.0927
445042.00000 4367914.00000 -103.9825
445042.00000 4367918.00000 -103.8562
445042.00000 4367922.00000 -103.7138
445042.00000 4367926.00000 -103.5703
445042.00000 4367930.00000 -103.4558
445042.00000 4367934.00000 -103.3402
445042.00000 4367938.00000 -103.2536
445042.00000 4367942.00000 -103.1210
445042.00000 4367946.00000 -102.9724
445042.00000 4367950.00000 -102.8229
445042.00000 4367954.00000 -102.6574
445042.00000 4367958.00000 -102.5512
445042.00000 4367962.00000 -102.3841
445042.00000 4367966.00000 -111.7909
445042.00000 4367970.00000 -111.5528
445042.00000 4367974.00000 -111.3742
445042.00000 4367978.00000 -111.2653
445042.00000 4367982.00000 -101.5236
445042.00000 4367986.00000 -101.3230
445042.00000 4367990.00000 -111.1813
445042.00000 4367994.00000 -111.1946
445042.00000 4367998.00000 -111.2374
445042.00000 4368002.00000 -111.2938
445042.00000 4368006.00000 -111.3484
445042.00000 4368010.00000 -111.4169
445042.00000 4368014.00000 -111.4995
445042.00000 4368018.00000 -111.5967
445042.00000 4368022.00000 -111.7243
445042.00000 4368026.00000 -111.8676
445042.00000 4368030.00000 -111.9975
445042.00000 4368034.00000 -112.1595
445042.00000 4368038.00000 -112.3239
445042.00000 4368042.00000 -112.5214
445042.00000 4368046.00000 -112.7673
445042.00000 4368050.00000 -112.9718
445042.00000 4368054.00000 -113.2699
445042.00000 4368058.00000 -113.8757
445042.00000 4368062.00000 -113.2608
445042.00000 4368066.00000 -114.1387
445042.00000 4368070.00000 -114.5834
445042.00000 4368074.00000 -118.7479
445042.00000 4368078.00000 -117.9120
445042.00000 4368082.00000 -115.8191
445042.00000 4368086.00000 N.C.
445042.00000 4368090.00000 N.C.
445042.00000 4368094.00000 N.C.
445042.00000 4368098.00000 -112.0751
445042.00000 4368102.00000 N.C.
445042.00000 4368106.00000 N.C.
445042.00000 4368110.00000 -97.9761
445042.00000 4368114.00000 -109.3056
445042.00000 4368118.00000 N.C.
445042.00000 4368122.00000 N.C.
445042.00000 4368126.00000 N.C.
445042.00000 4368130.00000 -110.3559
445042.00000 4368134.00000 N.C.
445042.00000 4368138.00000 -97.3710
445042.00000 4368142.00000 -107.9915
445042.00000 4368146.00000 -110.0166
445042.00000 4368150.00000 -110.6923
445042.00000 4368154.00000 -109.8234
445042.00000 4368158.00000 -109.0592
445042.00000 4368162.00000 -108.4593
445042.00000 4368166.00000 -97.4967
445042.00000 4368170.00000 -108.6015
445042.00000 4368174.00000 N.C.
445042.00000 4368178.00000 N.C.
445042.00000 4368182.00000 N.C.
445042.00000 4368186.00000 N.C.
445042.00000 4368190.00000 N.C.
445042.00000 4368194.00000 -110.3715
445042.00000 4368198.00000 -110.2445
445042.00000 4368202.00000 -110.7649
445042.00000 4368206.00000 -111.2710
445042.00000 4368210.00000 N.C.
445042.00000 4368214.00000 -114.3754
445042.00000 4368218.00000 -113.8070
445042.00000 4368222.00000 -113.3311
445042.00000 4368226.00000 -112.8512
445042.00000 4368230.00000 -112.4201
445042.00000 4368234.00000 -112.0757
445042.00000 4368238.00000 N.C.
445042.00000 4368242.00000 N.C.
445042.00000 4368246.00000 N.C.
445042.00000 4368250.00000 -118.6625
445042.00000 4368254.00000 N.C.
445042.00000 4368258.00000 N.C.
445042.00000 4368262.00000 N.C.
445042.00000 4368266.00000 N.C.
445042.00000 4368270.00000 N.C.
445042.00000 4368274.00000 N.C.
445042.00000 4368278.00000 N.C.
445042.00000 4368282.00000 N.C.
445042.00000 4368286.00000 N.C.
445042.00000 4368290.00000 N.C.
445042.00000 4368294.00000 N.C.
445042.00000 4368298.00000 N.C.
445042.00000 4368302.00000 N.C.
445042.00000 4368306.00000 N.C.
445042.00000 4368310.00000 -121.3468
445042.00000 4368314.00000 -120.8499
445042.00000 4368318.00000 -120.5374
445042.00000 4368322.00000 N.C.
445042.00000 4368326.00000 N.C.
445042.00000 4368330.00000 N.C.
445042.00000 4368334.00000 -124.8194
445042.00000 4368338.00000 N.C.
445042.00000 4368342.00000 N.C.
445042.00000 4368346.00000 -125.0266
445042.00000 4368350.00000 N.C.
445042.00000 4368354.00000 N.C.
445042.00000 4368358.00000 -121.3677
445042.00000 4368362.00000 N.C.
445042.00000 4368366.00000 -126.1396
445042.00000 4368370.00000 -126.4057
445042.00000 4368374.00000 N.C.
445042.00000 4368378.00000 -126.4057
445042.00000 4368382.00000 N.C.
445042.00000 4368386.00000 -125.5341
445042.00000 4368390.00000 -124.3683
445042.00000 4368394.00000 -123.3273
445046.00000 4367886.00000 -104.6730
445046.00000 4367890.00000 -104.5677
445046.00000 4367894.00000 -104.4612
445046.00000 4367898.00000 -104.3235
445046.00000 4367902.00000 -104.1846
445046.00000 4367906.00000 -104.0896
445046.00000 4367910.00000 -103.9783
445046.00000 4367914.00000 -103.8659
445046.00000 4367918.00000 -103.7372
445046.00000 4367922.00000 -103.6075
445046.00000 4367926.00000 -103.4765
445046.00000 4367930.00000 -103.3294
445046.00000 4367934.00000 -103.2112
445046.00000 4367938.00000 -103.0768
445046.00000 4367942.00000 -102.9714
445046.00000 4367946.00000 -102.8499
445046.00000 4367950.00000 -102.6973
445046.00000 4367954.00000 -102.5587
445046.00000 4367958.00000 -102.3892
445046.00000 4367962.00000 -102.2788
445046.00000 4367966.00000 -111.8118
445046.00000 4367970.00000 -111.5350
445046.00000 4367974.00000 -111.2882
445046.00000 4367978.00000 -111.0960
445046.00000 4367982.00000 -110.9718
445046.00000 4367986.00000 -110.9039
445046.00000 4367990.00000 -110.8734
445046.00000 4367994.00000 -110.8680
445046.00000 4367998.00000 -110.8819
445046.00000 4368002.00000 -110.9272
445046.00000 4368006.00000 -110.9879
445046.00000 4368010.00000 -111.0489
445046.00000 4368014.00000 -111.1249
445046.00000 4368018.00000 -111.2319
445046.00000 4368022.00000 -111.3251
445046.00000 4368026.00000 -111.4653
445046.00000 4368030.00000 -111.6230
445046.00000 4368034.00000 -111.7690
445046.00000 4368038.00000 -111.9488
445046.00000 4368042.00000 -112.1331
445046.00000 4368046.00000 -112.3670
445046.00000 4368050.00000 -112.5910
445046.00000 4368054.00000 -112.8801
445046.00000 4368058.00000 -113.2194
445046.00000 4368062.00000 -113.7102
445046.00000 4368066.00000 -113.0625
445046.00000 4368070.00000 -114.2332
445046.00000 4368074.00000 -124.8835
445046.00000 4368078.00000 -118.3691
445046.00000 4368082.00000 -117.4547
445046.00000 4368086.00000 N.C.
445046.00000 4368090.00000 N.C.
445046.00000 4368094.00000 -116.8964
445046.00000 4368098.00000 N.C.
445046.00000 4368102.00000 N.C.
445046.00000 4368106.00000 N.C.
445046.00000 4368110.00000 -110.8225
445046.00000 4368114.00000 -110.6038
445046.00000 4368118.00000 -110.1225
445046.00000 4368122.00000 -109.9801
445046.00000 4368126.00000 -109.9078
445046.00000 4368130.00000 N.C.
445046.00000 4368134.00000 N.C.
445046.00000 4368138.00000 -97.0293
445046.00000 4368142.00000 -108.3683
445046.00000 4368146.00000 -110.7924
445046.00000 4368150.00000 -110.5630
445046.00000 4368154.00000 -109.5793
445046.00000 4368158.00000 -108.7126
445046.00000 4368162.00000 -97.1490
445046.00000 4368166.00000 -97.2450
445046.00000 4368170.00000 -108.4257
445046.00000 4368174.00000 -109.1388
445046.00000 4368178.00000 -109.9528
445046.00000 4368182.00000 -108.7106
445046.00000 4368186.00000 -109.3059
445046.00000 4368190.00000 -109.8159
445046.00000 4368194.00000 -110.4010
445046.00000 4368198.00000 -110.3483
445046.00000 4368202.00000 -110.8676
445046.00000 4368206.00000 N.C.
445046.00000 4368210.00000 N.C.
445046.00000 4368214.00000 -114.1496
445046.00000 4368218.00000 -113.5473
445046.00000 4368222.00000 -113.0470
445046.00000 4368226.00000 -112.5545
445046.00000 4368230.00000 -112.1101
445046.00000 4368234.00000 -111.7684
445046.00000 4368238.00000 -111.5536
445046.00000 4368242.00000 -111.4146
445046.00000 4368246.00000 N.C.
445046.00000 4368250.00000 -111.4666
445046.00000 4368254.00000 N.C.
445046.00000 4368258.00000 N.C.
445046.00000 4368262.00000 N.C.
445046.00000 4368266.00000 N.C.
445046.00000 4368270.00000 N.C.
445046.00000 4368274.00000 -119.9174
445046.00000 4368278.00000 N.C.
445046.00000 4368282.00000 N.C.
445046.00000 4368286.00000 N.C.
445046.00000 4368290.00000 N.C.
445046.00000 4368294.00000 N.C.
445046.00000 4368298.00000 N.C.
445046.00000 4368302.00000 N.C.
445046.00000 4368306.00000 N.C.
445046.00000 4368310.00000 -120.8985
445046.00000 4368314.00000 -120.5396
445046.00000 4368318.00000 -120.2170
445046.00000 4368322.00000 -119.9908
445046.00000 4368326.00000 -119.9361
445046.00000 4368330.00000 N.C.
445046.00000 4368334.00000 N.C.
445046.00000 4368338.00000 N.C.
445046.00000 4368342.00000 N.C.
445046.00000 4368346.00000 -124.9281
445046.00000 4368350.00000 N.C.
445046.00000 4368354.00000 N.C.
445046.00000 4368358.00000 N.C.
445046.00000 4368362.00000 N.C.
445046.00000 4368366.00000 -126.0442
445046.00000 4368370.00000 -126.2955
445046.00000 4368374.00000 N.C.
445046.00000 4368378.00000 -125.2640
445046.00000 4368382.00000 N.C.
445046.00000 4368386.00000 -125.5774
445046.00000 4368390.00000 -124.3117
445046.00000 4368394.00000 -123.2221
445050.00000 4367886.00000 -104.6016
445050.00000 4367890.00000 -104.4795
445050.00000 4367894.00000 -104.3561
445050.00000 4367898.00000 -104.2465
445050.00000 4367902.00000 -104.1056
445050.00000 4367906.00000 -103.9635
445050.00000 4367910.00000 -103.8501
445050.00000 4367914.00000 -103.7504
445050.00000 4367918.00000 -103.6345
445050.00000 4367922.00000 -103.4873
445050.00000 4367926.00000 -103.3689
445050.00000 4367930.00000 -103.2342
445050.00000 4367934.00000 -103.0983
445050.00000 4367938.00000 -102.9612
445050.00000 4367942.00000 -102.8379
445050.00000 4367946.00000 -102.6984
445050.00000 4367950.00000 -102.6028
445050.00000 4367954.00000 -102.4311
445050.00000 4367958.00000 -102.3033
445050.00000 4367962.00000 -102.1144
445050.00000 4367966.00000 -111.8714
445050.00000 4367970.00000 -111.5596
445050.00000 4367974.00000 -111.2757
445050.00000 4367978.00000 -111.0203
445050.00000 4367982.00000 -110.8153
445050.00000 4367986.00000 -110.6761
445050.00000 4367990.00000 -110.5963
445050.00000 4367994.00000 -110.5586
445050.00000 4367998.00000 -110.5505
445050.00000 4368002.00000 -110.5797
445050.00000 4368006.00000 -110.6129
445050.00000 4368010.00000 -110.6785
445050.00000 4368014.00000 -110.7463
445050.00000 4368018.00000 -110.8313
445050.00000 4368022.00000 -110.9488
445050.00000 4368026.00000 -111.0696
445050.00000 4368030.00000 -111.2243
445050.00000 4368034.00000 -111.3685
445050.00000 4368038.00000 -111.5480
445050.00000 4368042.00000 -111.7334
445050.00000 4368046.00000 -111.9552
445050.00000 4368050.00000 -112.2134
445050.00000 4368054.00000 -112.4788
445050.00000 4368058.00000 -112.8259
445050.00000 4368062.00000 -113.1344
445050.00000 4368066.00000 -113.6107
445050.00000 4368070.00000 -112.9190
445050.00000 4368074.00000 -124.5656
445050.00000 4368078.00000 -118.0528
445050.00000 4368082.00000 N.C.
445050.00000 4368086.00000 -110.0469
445050.00000 4368090.00000 -109.8190
445050.00000 4368094.00000 -110.1241
445050.00000 4368098.00000 N.C.
445050.00000 4368102.00000 -111.4292
445050.00000 4368106.00000 -110.4625
445050.00000 4368110.00000 N.C.
445050.00000 4368114.00000 N.C.
445050.00000 4368118.00000 N.C.
445050.00000 4368122.00000 N.C.
445050.00000 4368126.00000 N.C.
445050.00000 4368130.00000 N.C.
445050.00000 4368134.00000 N.C.
445050.00000 4368138.00000 -96.7086
445050.00000 4368142.00000 -109.4056
445050.00000 4368146.00000 -111.6310
445050.00000 4368150.00000 -110.4847
445050.00000 4368154.00000 -109.3555
445050.00000 4368158.00000 -108.3558
445050.00000 4368162.00000 -96.8259
445050.00000 4368166.00000 -107.7144
445050.00000 4368170.00000 -108.3285
445050.00000 4368174.00000 -109.2015
445050.00000 4368178.00000 -110.1257
445050.00000 4368182.00000 -108.6865
445050.00000 4368186.00000 -109.2405
445050.00000 4368190.00000 -109.8130
445050.00000 4368194.00000 -109.9580
445050.00000 4368198.00000 -110.4945
445050.00000 4368202.00000 -111.0106
445050.00000 4368206.00000 N.C.
445050.00000 4368210.00000 N.C.
445050.00000 4368214.00000 -113.9411
445050.00000 4368218.00000 -113.3330
445050.00000 4368222.00000 -112.7945
445050.00000 4368226.00000 -112.2795
445050.00000 4368230.00000 -111.8455
445050.00000 4368234.00000 -111.5335
445050.00000 4368238.00000 -111.3832
445050.00000 4368242.00000 -111.3099
445050.00000 4368246.00000 -111.3414
445050.00000 4368250.00000 -117.6979
445050.00000 4368254.00000 -122.9663
445050.00000 4368258.00000 N.C.
445050.00000 4368262.00000 -120.1529
445050.00000 4368266.00000 N.C.
445050.00000 4368270.00000 -131.6878
445050.00000 4368274.00000 N.C.
445050.00000 4368278.00000 -126.7773
445050.00000 4368282.00000 N.C.
445050.00000 4368286.00000 -116.4864
445050.00000 4368290.00000 -122.2738
445050.00000 4368294.00000 -122.4327
445050.00000 4368298.00000 N.C.
445050.00000 4368302.00000 N.C.
445050.00000 4368306.00000 N.C.
445050.00000 4368310.00000 -120.5739
445050.00000 4368314.00000 -120.2173
445050.00000 4368318.00000 -119.8842
445050.00000 4368322.00000 -119.8297
445050.00000 4368326.00000 -119.5738
445050.00000 4368330.00000 N.C.
445050.00000 4368334.00000 -122.8921
445050.00000 4368338.00000 -124.8367
445050.00000 4368342.00000 N.C.
445050.00000 4368346.00000 N.C.
445050.00000 4368350.00000 N.C.
445050.00000 4368354.00000 N.C.
445050.00000 4368358.00000 N.C.
445050.00000 4368362.00000 N.C.
445050.00000 4368366.00000 -125.9222
445050.00000 4368370.00000 -126.0335
445050.00000 4368374.00000 N.C.
445050.00000 4368378.00000 -125.6623
445050.00000 4368382.00000 N.C.
445050.00000 4368386.00000 -125.7628
445050.00000 4368390.00000 -124.3995
445050.00000 4368394.00000 -123.2560
445054.00000 4367886.00000 -104.5166
445054.00000 4367890.00000 -104.3926
445054.00000 4367894.00000 -104.2824
445054.00000 4367898.00000 -104.1558
445054.00000 4367902.00000 -104.0279
445054.00000 4367906.00000 -103.8837
445054.00000 4367910.00000 -103.7382
445054.00000 4367914.00000 -103.5913
445054.00000 4367918.00000 -103.4880
445054.00000 4367922.00000 -103.3985
445054.00000 4367926.00000 -103.2626
445054.00000 4367930.00000 -103.0953
445054.00000 4367934.00000 -102.9717
445054.00000 4367938.00000 -102.8469
445054.00000 4367942.00000 -102.7207
445054.00000 4367946.00000 -102.5782
445054.00000 4367950.00000 -102.4045
445054.00000 4367954.00000 -102.3196
445054.00000 4367958.00000 -102.1584
445054.00000 4367962.00000 -102.0111
445054.00000 4367966.00000 -112.9455
445054.00000 4367970.00000 -111.6236
445054.00000 4367974.00000 -111.3198
445054.00000 4367978.00000 -111.0136
445054.00000 4367982.00000 -110.7492
445054.00000 4367986.00000 -110.5320
445054.00000 4367990.00000 -110.3782
445054.00000 4367994.00000 -110.2858
445054.00000 4367998.00000 -110.2405
445054.00000 4368002.00000 -110.2291
445054.00000 4368006.00000 -110.2585
445054.00000 4368010.00000 -110.2948
445054.00000 4368014.00000 -110.3661
445054.00000 4368018.00000 -110.4417
445054.00000 4368022.00000 -110.5368
445054.00000 4368026.00000 -110.6667
445054.00000 4368030.00000 -110.8018
445054.00000 4368034.00000 -110.9733
445054.00000 4368038.00000 -111.1365
445054.00000 4368042.00000 -111.3373
445054.00000 4368046.00000 -111.5462
445054.00000 4368050.00000 -111.8238
445054.00000 4368054.00000 -112.0652
445054.00000 4368058.00000 -112.4053
445054.00000 4368062.00000 -112.7690
445054.00000 4368066.00000 -113.0957
445054.00000 4368070.00000 -113.6149
445054.00000 4368074.00000 -112.9064
445054.00000 4368078.00000 -118.0190
445054.00000 4368082.00000 N.C.
445054.00000 4368086.00000 -110.7213
445054.00000 4368090.00000 -110.3615
445054.00000 4368094.00000 -110.5317
445054.00000 4368098.00000 N.C.
445054.00000 4368102.00000 N.C.
445054.00000 4368106.00000 N.C.
445054.00000 4368110.00000 N.C.
445054.00000 4368114.00000 N.C.
445054.00000 4368118.00000 N.C.
445054.00000 4368122.00000 N.C.
445054.00000 4368126.00000 N.C.
445054.00000 4368130.00000 N.C.
445054.00000 4368134.00000 N.C.
445054.00000 4368138.00000 -109.1780
445054.00000 4368142.00000 -112.0345
445054.00000 4368146.00000 -111.7896
445054.00000 4368150.00000 -110.4850
445054.00000 4368154.00000 -109.1671
445054.00000 4368158.00000 -107.9882
445054.00000 4368162.00000 -96.4946
445054.00000 4368166.00000 -107.4857
445054.00000 4368170.00000 -108.3483
445054.00000 4368174.00000 -109.3933
445054.00000 4368178.00000 -108.0220
445054.00000 4368182.00000 -108.6468
445054.00000 4368186.00000 -109.1902
445054.00000 4368190.00000 -109.6442
445054.00000 4368194.00000 -110.1356
445054.00000 4368198.00000 -110.6294
445054.00000 4368202.00000 -111.1547
445054.00000 4368206.00000 N.C.
445054.00000 4368210.00000 -114.5310
445054.00000 4368214.00000 -113.7592
445054.00000 4368218.00000 -113.1442
445054.00000 4368222.00000 -112.5554
445054.00000 4368226.00000 -112.0404
445054.00000 4368230.00000 -111.6284
445054.00000 4368234.00000 -111.4064
445054.00000 4368238.00000 -111.2753
445054.00000 4368242.00000 -111.2778
445054.00000 4368246.00000 -117.3019
445054.00000 4368250.00000 -121.8749
445054.00000 4368254.00000 N.C.
445054.00000 4368258.00000 N.C.
445054.00000 4368262.00000 N.C.
445054.00000 4368266.00000 -120.9044
445054.00000 4368270.00000 -120.8958
445054.00000 4368274.00000 -119.5331
445054.00000 4368278.00000 N.C.
445054.00000 4368282.00000 N.C.
445054.00000 4368286.00000 N.C.
445054.00000 4368290.00000 N.C.
445054.00000 4368294.00000 -122.4237
445054.00000 4368298.00000 N.C.
445054.00000 4368302.00000 -121.3513
445054.00000 4368306.00000 -120.9020
445054.00000 4368310.00000 -120.2521
445054.00000 4368314.00000 -119.8822
445054.00000 4368318.00000 -119.5832
445054.00000 4368322.00000 -119.5205
445054.00000 4368326.00000 -119.1683
445054.00000 4368330.00000 N.C.
445054.00000 4368334.00000 -121.9561
445054.00000 4368338.00000 N.C.
445054.00000 4368342.00000 N.C.
445054.00000 4368346.00000 N.C.
445054.00000 4368350.00000 -123.1455
445054.00000 4368354.00000 -122.9488
445054.00000 4368358.00000 N.C.
445054.00000 4368362.00000 -125.8646
445054.00000 4368366.00000 -125.8189
445054.00000 4368370.00000 N.C.
445054.00000 4368374.00000 N.C.
445054.00000 4368378.00000 -125.9594
445054.00000 4368382.00000 N.C.
445054.00000 4368386.00000 -124.5578
445054.00000 4368390.00000 -124.6768
445054.00000 4368394.00000 -123.4920
445058.00000 4367886.00000 -104.4628
445058.00000 4367890.00000 -104.3221
445058.00000 4367894.00000 -104.1650
445058.00000 4367898.00000 -104.0515
445058.00000 4367902.00000 -103.9366
445058.00000 4367906.00000 -103.7903
445058.00000 4367910.00000 -103.6576
445058.00000 4367914.00000 -103.5085
445058.00000 4367918.00000 -103.3580
445058.00000 4367922.00000 -103.2210
445058.00000 4367926.00000 -103.1126
445058.00000 4367930.00000 -103.0028
445058.00000 4367934.00000 -102.8615
445058.00000 4367938.00000 -102.7189
445058.00000 4367942.00000 -102.5898
445058.00000 4367946.00000 -102.4594
445058.00000 4367950.00000 -102.3275
445058.00000 4367954.00000 -102.1494
445058.00000 4367958.00000 -101.9999
445058.00000 4367962.00000 -101.8941
445058.00000 4367966.00000 -112.7124
445058.00000 4367970.00000 -112.6169
445058.00000 4367974.00000 -111.3740
445058.00000 4367978.00000 -111.0627
445058.00000 4367982.00000 -110.7486
445058.00000 4367986.00000 -110.4751
445058.00000 4367990.00000 -110.2460
445058.00000 4367994.00000 -110.0781
445058.00000 4367998.00000 -109.9729
445058.00000 4368002.00000 -109.9192
445058.00000 4368006.00000 -109.9040
445058.00000 4368010.00000 -109.9338
445058.00000 4368014.00000 -109.9737
445058.00000 4368018.00000 -110.0514
445058.00000 4368022.00000 -110.1360
445058.00000 4368026.00000 -110.2427
445058.00000 4368030.00000 -110.3718
445058.00000 4368034.00000 -110.5538
445058.00000 4368038.00000 -110.7146
445058.00000 4368042.00000 -110.9150
445058.00000 4368046.00000 -111.1255
445058.00000 4368050.00000 -111.3917
445058.00000 4368054.00000 -111.6689
445058.00000 4368058.00000 -111.9873
445058.00000 4368062.00000 -112.3765
445058.00000 4368066.00000 -112.7159
445058.00000 4368070.00000 -114.4362
445058.00000 4368074.00000 -113.7854
445058.00000 4368078.00000 -113.0906
445058.00000 4368082.00000 -112.3923
445058.00000 4368086.00000 -111.6915
445058.00000 4368090.00000 -111.2639
445058.00000 4368094.00000 -117.3128
445058.00000 4368098.00000 N.C.
445058.00000 4368102.00000 -115.2504
445058.00000 4368106.00000 -116.1891
445058.00000 4368110.00000 -96.5090
445058.00000 4368114.00000 N.C.
445058.00000 4368118.00000 N.C.
445058.00000 4368122.00000 N.C.
445058.00000 4368126.00000 N.C.
445058.00000 4368130.00000 N.C.
445058.00000 4368134.00000 N.C.
445058.00000 4368138.00000 N.C.
445058.00000 4368142.00000 N.C.
445058.00000 4368146.00000 N.C.
445058.00000 4368150.00000 -109.6347
445058.00000 4368154.00000 -109.0410
445058.00000 4368158.00000 -107.6091
445058.00000 4368162.00000 -96.1995
445058.00000 4368166.00000 -107.3818
445058.00000 4368170.00000 -108.5410
445058.00000 4368174.00000 -109.7603
445058.00000 4368178.00000 -108.0072
445058.00000 4368182.00000 -108.5937
445058.00000 4368186.00000 -109.2327
445058.00000 4368190.00000 -109.8123
445058.00000 4368194.00000 -110.3429
445058.00000 4368198.00000 -110.8504
445058.00000 4368202.00000 -111.3661
445058.00000 4368206.00000 N.C.
445058.00000 4368210.00000 -114.4420
445058.00000 4368214.00000 -113.6171
445058.00000 4368218.00000 -112.9804
445058.00000 4368222.00000 -112.3616
445058.00000 4368226.00000 -111.8420
445058.00000 4368230.00000 -111.4973
445058.00000 4368234.00000 -111.3205
445058.00000 4368238.00000 -111.2650
445058.00000 4368242.00000 -111.3161
445058.00000 4368246.00000 N.C.
445058.00000 4368250.00000 -122.2494
445058.00000 4368254.00000 N.C.
445058.00000 4368258.00000 -120.7309
445058.00000 4368262.00000 N.C.
445058.00000 4368266.00000 -120.8808
445058.00000 4368270.00000 N.C.
445058.00000 4368274.00000 N.C.
445058.00000 4368278.00000 -119.7785
445058.00000 4368282.00000 -118.2904
445058.00000 4368286.00000 -121.7592
445058.00000 4368290.00000 -121.9277
445058.00000 4368294.00000 -122.0952
445058.00000 4368298.00000 N.C.
445058.00000 4368302.00000 -121.0678
445058.00000 4368306.00000 -120.3739
445058.00000 4368310.00000 -119.9169
445058.00000 4368314.00000 -119.5331
445058.00000 4368318.00000 -119.4333
445058.00000 4368322.00000 -119.2951
445058.00000 4368326.00000 N.C.
445058.00000 4368330.00000 N.C.
445058.00000 4368334.00000 N.C.
445058.00000 4368338.00000 N.C.
445058.00000 4368342.00000 N.C.
445058.00000 4368346.00000 N.C.
445058.00000 4368350.00000 N.C.
445058.00000 4368354.00000 N.C.
445058.00000 4368358.00000 N.C.
445058.00000 4368362.00000 N.C.
445058.00000 4368366.00000 -125.7369
445058.00000 4368370.00000 -125.7195
445058.00000 4368374.00000 N.C.
445058.00000 4368378.00000 N.C.
445058.00000 4368382.00000 N.C.
445058.00000 4368386.00000 -126.3222
445058.00000 4368390.00000 -125.1892
445058.00000 4368394.00000 -123.9743
445062.00000 4367886.00000 -104.3955
445062.00000 4367890.00000 -104.2530
445062.00000 4367894.00000 -104.1090
445062.00000 4367898.00000 -103.9636
445062.00000 4367902.00000 -103.8018
445062.00000 4367906.00000 -103.6834
445062.00000 4367910.00000 -103.5636
445062.00000 4367914.00000 -103.4122
445062.00000 4367918.00000 -103.2744
445062.00000 4367922.00000 -103.1200
445062.00000 4367926.00000 -102.9791
445062.00000 4367930.00000 -102.8367
445062.00000 4367934.00000 -102.7378
445062.00000 4367938.00000 -102.6074
445062.00000 4367942.00000 -102.4454
445062.00000 4367946.00000 -102.3270
445062.00000 4367950.00000 -102.1920
445062.00000 4367954.00000 -102.0556
445062.00000 4367958.00000 -101.8877
445062.00000 4367962.00000 -101.6884
445062.00000 4367966.00000 -101.5927
445062.00000 4367970.00000 -101.4356
445062.00000 4367974.00000 -112.2791
445062.00000 4367978.00000 -111.1230
445062.00000 4367982.00000 -110.8036
445062.00000 4367986.00000 -110.4813
445062.00000 4367990.00000 -110.1984
445062.00000 4367994.00000 -109.9577
445062.00000 4367998.00000 -109.7759
445062.00000 4368002.00000 -109.6580
445062.00000 4368006.00000 -109.5954
445062.00000 4368010.00000 -109.5761
445062.00000 4368014.00000 -109.6061
445062.00000 4368018.00000 -109.6501
445062.00000 4368022.00000 -109.7352
445062.00000 4368026.00000 -109.8305
445062.00000 4368030.00000 -109.9657
445062.00000 4368034.00000 -110.1114
445062.00000 4368038.00000 -110.2981
445062.00000 4368042.00000 -110.4815
445062.00000 4368046.00000 -110.7076
445062.00000 4368050.00000 -110.9619
445062.00000 4368054.00000 -111.2596
445062.00000 4368058.00000 -111.5563
445062.00000 4368062.00000 -111.9564
445062.00000 4368066.00000 -112.3244
445062.00000 4368070.00000 -110.5918
445062.00000 4368074.00000 -114.8366
445062.00000 4368078.00000 -114.2282
445062.00000 4368082.00000 -113.6171
445062.00000 4368086.00000 -113.0467
445062.00000 4368090.00000 -112.6293
445062.00000 4368094.00000 N.C.
445062.00000 4368098.00000 N.C.
445062.00000 4368102.00000 N.C.
445062.00000 4368106.00000 N.C.
445062.00000 4368110.00000 -106.9647
445062.00000 4368114.00000 N.C.
445062.00000 4368118.00000 N.C.
445062.00000 4368122.00000 -108.1318
445062.00000 4368126.00000 -108.0658
445062.00000 4368130.00000 -108.0188
445062.00000 4368134.00000 N.C.
445062.00000 4368138.00000 N.C.
445062.00000 4368142.00000 N.C.
445062.00000 4368146.00000 N.C.
445062.00000 4368150.00000 -109.3843
445062.00000 4368154.00000 -109.0308
445062.00000 4368158.00000 -107.2179
445062.00000 4368162.00000 -95.8953
445062.00000 4368166.00000 -107.5027
445062.00000 4368170.00000 -108.9898
445062.00000 4368174.00000 -107.3284
445062.00000 4368178.00000 -107.9816
445062.00000 4368182.00000 -108.5759
445062.00000 4368186.00000 -117.0744
445062.00000 4368190.00000 -113.5686
445062.00000 4368194.00000 -113.7350
445062.00000 4368198.00000 -114.3410
445062.00000 4368202.00000 -116.2216
445062.00000 4368206.00000 -115.3643
445062.00000 4368210.00000 -114.4156
445062.00000 4368214.00000 -113.5346
445062.00000 4368218.00000 -112.8628
445062.00000 4368222.00000 -112.2373
445062.00000 4368226.00000 -111.7419
445062.00000 4368230.00000 -118.8642
445062.00000 4368234.00000 -111.3456
445062.00000 4368238.00000 -111.3394
445062.00000 4368242.00000 N.C.
445062.00000 4368246.00000 N.C.
445062.00000 4368250.00000 N.C.
445062.00000 4368254.00000 N.C.
445062.00000 4368258.00000 -120.5845
445062.00000 4368262.00000 -120.4850
445062.00000 4368266.00000 -120.8139
445062.00000 4368270.00000 N.C.
445062.00000 4368274.00000 N.C.
445062.00000 4368278.00000 -121.1156
445062.00000 4368282.00000 N.C.
445062.00000 4368286.00000 N.C.
445062.00000 4368290.00000 N.C.
445062.00000 4368294.00000 N.C.
445062.00000 4368298.00000 -122.6385
445062.00000 4368302.00000 -122.6470
445062.00000 4368306.00000 -119.9975
445062.00000 4368310.00000 -119.5675
445062.00000 4368314.00000 -119.1992
445062.00000 4368318.00000 N.C.
445062.00000 4368322.00000 N.C.
445062.00000 4368326.00000 N.C.
445062.00000 4368330.00000 N.C.
445062.00000 4368334.00000 N.C.
445062.00000 4368338.00000 N.C.
445062.00000 4368342.00000 -122.4502
445062.00000 4368346.00000 -122.2257
445062.00000 4368350.00000 -117.3205
445062.00000 4368354.00000 N.C.
445062.00000 4368358.00000 N.C.
445062.00000 4368362.00000 N.C.
445062.00000 4368366.00000 -125.6835
445062.00000 4368370.00000 -125.6648
445062.00000 4368374.00000 N.C.
445062.00000 4368378.00000 N.C.
445062.00000 4368382.00000 N.C.
445062.00000 4368386.00000 -126.3043
445062.00000 4368390.00000 -125.9295
445062.00000 4368394.00000 -124.6939
445066.00000 4367886.00000 -104.3296
445066.00000 4367890.00000 -104.1853
445066.00000 4367894.00000 -104.0396
445066.00000 4367898.00000 -103.8923
445066.00000 4367902.00000 -103.7434
445066.00000 4367906.00000 -103.5930
445066.00000 4367910.00000 -103.4261
445066.00000 4367914.00000 -103.3025
445066.00000 4367918.00000 -103.1774
445066.00000 4367922.00000 -103.0206
445066.00000 4367926.00000 -102.8923
445066.00000 4367930.00000 -102.7323
445066.00000 4367934.00000 -102.5707
445066.00000 4367938.00000 -102.4674
445066.00000 4367942.00000 -102.3626
445066.00000 4367946.00000 -102.2111
445066.00000 4367950.00000 -102.0430
445066.00000 4367954.00000 -101.9183
445066.00000 4367958.00000 -101.7770
445066.00000 4367962.00000 -101.6042
445066.00000 4367966.00000 -101.4148
445066.00000 4367970.00000 -101.2539
445066.00000 4367974.00000 -101.1366
445066.00000 4367978.00000 -111.9316
445066.00000 4367982.00000 -110.8709
445066.00000 4367986.00000 -110.5432
445066.00000 4367990.00000 -110.2271
445066.00000 4367994.00000 -109.9196
445066.00000 4367998.00000 -109.6673
445066.00000 4368002.00000 -109.4721
445066.00000 4368006.00000 -109.3414
445066.00000 4368010.00000 -109.2696
445066.00000 4368014.00000 -109.2461
445066.00000 4368018.00000 -109.2766
445066.00000 4368022.00000 -109.3254
445066.00000 4368026.00000 -109.4191
445066.00000 4368030.00000 -109.5268
445066.00000 4368034.00000 -109.6781
445066.00000 4368038.00000 -109.8432
445066.00000 4368042.00000 -110.0530
445066.00000 4368046.00000 -110.2632
445066.00000 4368050.00000 -110.5044
445066.00000 4368054.00000 -110.8073
445066.00000 4368058.00000 -111.1118
445066.00000 4368062.00000 -111.5232
445066.00000 4368066.00000 -111.9056
445066.00000 4368070.00000 -110.6877
445066.00000 4368074.00000 -110.8209
445066.00000 4368078.00000 -111.5472
445066.00000 4368082.00000 -116.6673
445066.00000 4368086.00000 -108.9202
445066.00000 4368090.00000 -116.0220
445066.00000 4368094.00000 N.C.
445066.00000 4368098.00000 -114.4213
445066.00000 4368102.00000 -115.0326
445066.00000 4368106.00000 -106.4530
445066.00000 4368110.00000 -108.5836
445066.00000 4368114.00000 N.C.
445066.00000 4368118.00000 -105.8956
445066.00000 4368122.00000 N.C.
445066.00000 4368126.00000 N.C.
445066.00000 4368130.00000 N.C.
445066.00000 4368134.00000 N.C.
445066.00000 4368138.00000 N.C.
445066.00000 4368142.00000 N.C.
445066.00000 4368146.00000 -113.6044
445066.00000 4368150.00000 -109.1427
445066.00000 4368154.00000 -109.2564
445066.00000 4368158.00000 -106.8136
445066.00000 4368162.00000 -106.2571
445066.00000 4368166.00000 -108.0214
445066.00000 4368170.00000 -109.8185
445066.00000 4368174.00000 -107.3296
445066.00000 4368178.00000 -107.9486
445066.00000 4368182.00000 -109.4007
445066.00000 4368186.00000 N.C.
445066.00000 4368190.00000 N.C.
445066.00000 4368194.00000 N.C.
445066.00000 4368198.00000 N.C.
445066.00000 4368202.00000 N.C.
445066.00000 4368206.00000 N.C.
445066.00000 4368210.00000 -114.4785
445066.00000 4368214.00000 -113.5695
445066.00000 4368218.00000 -112.8520
445066.00000 4368222.00000 -112.2003
445066.00000 4368226.00000 -111.7585
445066.00000 4368230.00000 N.C.
445066.00000 4368234.00000 N.C.
445066.00000 4368238.00000 -119.6427
445066.00000 4368242.00000 N.C.
445066.00000 4368246.00000 N.C.
445066.00000 4368250.00000 N.C.
445066.00000 4368254.00000 -120.6605
445066.00000 4368258.00000 -120.5000
445066.00000 4368262.00000 -120.3732
445066.00000 4368266.00000 -120.3774
445066.00000 4368270.00000 N.C.
445066.00000 4368274.00000 -119.1208
445066.00000 4368278.00000 -121.1541
445066.00000 4368282.00000 -121.2594
445066.00000 4368286.00000 -116.2534
445066.00000 4368290.00000 N.C.
445066.00000 4368294.00000 N.C.
445066.00000 4368298.00000 N.C.
445066.00000 4368302.00000 N.C.
445066.00000 4368306.00000 -119.6515
445066.00000 4368310.00000 -119.2027
445066.00000 4368314.00000 N.C.
445066.00000 4368318.00000 N.C.
445066.00000 4368322.00000 N.C.
445066.00000 4368326.00000 -121.2316
445066.00000 4368330.00000 N.C.
445066.00000 4368334.00000 N.C.
445066.00000 4368338.00000 N.C.
445066.00000 4368342.00000 N.C.
445066.00000 4368346.00000 N.C.
445066.00000 4368350.00000 -121.7501
445066.00000 4368354.00000 N.C.
445066.00000 4368358.00000 N.C.
445066.00000 4368362.00000 N.C.
445066.00000 4368366.00000 -125.3855
445066.00000 4368370.00000 N.C.
445066.00000 4368374.00000 N.C.
445066.00000 4368378.00000 N.C.
445066.00000 4368382.00000 -126.0582
445066.00000 4368386.00000 -126.3222
445066.00000 4368390.00000 -126.3733
445066.00000 4368394.00000 -125.5790
445070.00000 4367886.00000 -104.2652
445070.00000 4367890.00000 -104.1192
445070.00000 4367894.00000 -103.9716
445070.00000 4367898.00000 -103.8225
445070.00000 4367902.00000 -103.6717
445070.00000 4367906.00000 -103.5192
445070.00000 4367910.00000 -103.3652
445070.00000 4367914.00000 -103.2094
445070.00000 4367918.00000 -103.0370
445070.00000 4367922.00000 -102.9079
445070.00000 4367926.00000 -102.7771
445070.00000 4367930.00000 -102.6295
445070.00000 4367934.00000 -102.5102
445070.00000 4367938.00000 -102.3292
445070.00000 4367942.00000 -102.1615
445070.00000 4367946.00000 -102.0520
445070.00000 4367950.00000 -101.9407
445070.00000 4367954.00000 -101.7827
445070.00000 4367958.00000 -101.6380
445070.00000 4367962.00000 -101.4916
445070.00000 4367966.00000 -101.3135
445070.00000 4367970.00000 -101.1338
445070.00000 4367974.00000 -100.9224
445070.00000 4367978.00000 -100.8144
445070.00000 4367982.00000 -111.5739
445070.00000 4367986.00000 -110.6188
445070.00000 4367990.00000 -110.2822
445070.00000 4367994.00000 -109.9568
445070.00000 4367998.00000 -109.6394
445070.00000 4368002.00000 -109.3755
445070.00000 4368006.00000 -109.1672
445070.00000 4368010.00000 -109.0237
445070.00000 4368014.00000 -108.9427
445070.00000 4368018.00000 -108.9148
445070.00000 4368022.00000 -108.9464
445070.00000 4368026.00000 -109.0009
445070.00000 4368030.00000 -109.1052
445070.00000 4368034.00000 -109.2274
445070.00000 4368038.00000 -109.3826
445070.00000 4368042.00000 -109.6010
445070.00000 4368046.00000 -109.8080
445070.00000 4368050.00000 -110.0647
445070.00000 4368054.00000 -110.3566
445070.00000 4368058.00000 -110.6839
445070.00000 4368062.00000 -111.0616
445070.00000 4368066.00000 -111.5191
445070.00000 4368070.00000 -111.0695
445070.00000 4368074.00000 -110.8777
445070.00000 4368078.00000 -111.3707
445070.00000 4368082.00000 -120.1227
445070.00000 4368086.00000 -109.5737
445070.00000 4368090.00000 N.C.
445070.00000 4368094.00000 N.C.
445070.00000 4368098.00000 N.C.
445070.00000 4368102.00000 N.C.
445070.00000 4368106.00000 -109.0757
445070.00000 4368110.00000 N.C.
445070.00000 4368114.00000 N.C.
445070.00000 4368118.00000 -107.6989
445070.00000 4368122.00000 -94.6322
445070.00000 4368126.00000 -94.6542
445070.00000 4368130.00000 -94.6599
445070.00000 4368134.00000 N.C.
445070.00000 4368138.00000 -105.2935
445070.00000 4368142.00000 N.C.
445070.00000 4368146.00000 -108.3551
445070.00000 4368150.00000 -108.9140
445070.00000 4368154.00000 -110.0354
445070.00000 4368158.00000 -106.3954
445070.00000 4368162.00000 -106.5940
445070.00000 4368166.00000 -109.2474
445070.00000 4368170.00000 -106.6498
445070.00000 4368174.00000 -107.3271
445070.00000 4368178.00000 -107.9881
445070.00000 4368182.00000 N.C.
445070.00000 4368186.00000 N.C.
445070.00000 4368190.00000 -110.6794
445070.00000 4368194.00000 -117.7211
445070.00000 4368198.00000 -117.6135
445070.00000 4368202.00000 N.C.
445070.00000 4368206.00000 N.C.
445070.00000 4368210.00000 -114.6681
445070.00000 4368214.00000 -113.7312
445070.00000 4368218.00000 N.C.
445070.00000 4368222.00000 -123.1578
445070.00000 4368226.00000 -124.2599
445070.00000 4368230.00000 -124.1662
445070.00000 4368234.00000 -116.5070
445070.00000 4368238.00000 -123.9161
445070.00000 4368242.00000 N.C.
445070.00000 4368246.00000 N.C.
445070.00000 4368250.00000 N.C.
445070.00000 4368254.00000 N.C.
445070.00000 4368258.00000 N.C.
445070.00000 4368262.00000 N.C.
445070.00000 4368266.00000 N.C.
445070.00000 4368270.00000 N.C.
445070.00000 4368274.00000 -120.4752
445070.00000 4368278.00000 -121.2594
445070.00000 4368282.00000 -118.1768
445070.00000 4368286.00000 -117.6311
445070.00000 4368290.00000 -117.3696
445070.00000 4368294.00000 N.C.
445070.00000 4368298.00000 N.C.
445070.00000 4368302.00000 N.C.
445070.00000 4368306.00000 -119.2902
445070.00000 4368310.00000 -118.8213
445070.00000 4368314.00000 N.C.
445070.00000 4368318.00000 N.C.
445070.00000 4368322.00000 N.C.
445070.00000 4368326.00000 N.C.
445070.00000 4368330.00000 N.C.
445070.00000 4368334.00000 N.C.
445070.00000 4368338.00000 N.C.
445070.00000 4368342.00000 N.C.
445070.00000 4368346.00000 N.C.
445070.00000 4368350.00000 -121.3127
445070.00000 4368354.00000 N.C.
445070.00000 4368358.00000 N.C.
445070.00000 4368362.00000 N.C.
445070.00000 4368366.00000 N.C.
445070.00000 4368370.00000 N.C.
445070.00000 4368374.00000 N.C.
445070.00000 4368378.00000 N.C.
445070.00000 4368382.00000 -125.8243
445070.00000 4368386.00000 -126.3733
445070.00000 4368390.00000 -126.4213
445070.00000 4368394.00000 -126.4956
445074.00000 4367886.00000 -104.2025
445074.00000 4367890.00000 -104.0547
445074.00000 4367894.00000 -103.9054
445074.00000 4367898.00000 -103.7543
445074.00000 4367902.00000 -103.6016
445074.00000 4367906.00000 -103.4472
445074.00000 4367910.00000 -103.2910
445074.00000 4367914.00000 -103.1331
445074.00000 4367918.00000 -102.9734
445074.00000 4367922.00000 -102.8119
445074.00000 4367926.00000 -102.6336
445074.00000 4367930.00000 -102.5135
445074.00000 4367934.00000 -102.3916
445074.00000 4367938.00000 -102.2378
445074.00000 4367942.00000 -102.1122
445074.00000 4367946.00000 -101.9396
445074.00000 4367950.00000 -101.7652
445074.00000 4367954.00000 -101.6490
445074.00000 4367958.00000 -101.5159
445074.00000 4367962.00000 -101.3359
445074.00000 4367966.00000 -101.1840
445074.00000 4367970.00000 -101.0154
445074.00000 4367974.00000 -100.8299
445074.00000 4367978.00000 -100.6277
445074.00000 4367982.00000 -100.4688
445074.00000 4367986.00000 -100.3081
445074.00000 4367990.00000 -110.3672
445074.00000 4367994.00000 -110.0212
445074.00000 4367998.00000 -109.6863
445074.00000 4368002.00000 -109.3586
445074.00000 4368006.00000 -109.0831
445074.00000 4368010.00000 -108.8620
445074.00000 4368014.00000 -108.7061
445074.00000 4368018.00000 -108.6157
445074.00000 4368022.00000 -108.5839
445074.00000 4368026.00000 -108.6171
445074.00000 4368030.00000 -108.6938
445074.00000 4368034.00000 -108.7954
445074.00000 4368038.00000 -108.9356
445074.00000 4368042.00000 -109.1284
445074.00000 4368046.00000 -109.3594
445074.00000 4368050.00000 -109.5992
445074.00000 4368054.00000 -109.8785
445074.00000 4368058.00000 -110.2427
445074.00000 4368062.00000 -110.6016
445074.00000 4368066.00000 -111.0897
445074.00000 4368070.00000 -111.7266
445074.00000 4368074.00000 -111.2954
445074.00000 4368078.00000 -111.5119
445074.00000 4368082.00000 N.C.
445074.00000 4368086.00000 N.C.
445074.00000 4368090.00000 N.C.
445074.00000 4368094.00000 N.C.
445074.00000 4368098.00000 N.C.
445074.00000 4368102.00000 N.C.
445074.00000 4368106.00000 -114.4816
445074.00000 4368110.00000 N.C.
445074.00000 4368114.00000 N.C.
445074.00000 4368118.00000 N.C.
445074.00000 4368122.00000 -94.2811
445074.00000 4368126.00000 -94.2703
445074.00000 4368130.00000 -94.2742
445074.00000 4368134.00000 -106.6828
445074.00000 4368138.00000 -94.4917
445074.00000 4368142.00000 N.C.
445074.00000 4368146.00000 -108.0902
445074.00000 4368150.00000 -108.7032
445074.00000 4368154.00000 -109.3433
445074.00000 4368158.00000 -105.9624
445074.00000 4368162.00000 -108.6481
445074.00000 4368166.00000 -106.0683
445074.00000 4368170.00000 -106.6783
445074.00000 4368174.00000 -107.3414
445074.00000 4368178.00000 -109.9351
445074.00000 4368182.00000 N.C.
445074.00000 4368186.00000 N.C.
445074.00000 4368190.00000 -116.7033
445074.00000 4368194.00000 -116.8729
445074.00000 4368198.00000 -117.0197
445074.00000 4368202.00000 N.C.
445074.00000 4368206.00000 -116.1923
445074.00000 4368210.00000 -115.0337
445074.00000 4368214.00000 N.C.
445074.00000 4368218.00000 N.C.
445074.00000 4368222.00000 N.C.
445074.00000 4368226.00000 N.C.
445074.00000 4368230.00000 N.C.
445074.00000 4368234.00000 N.C.
445074.00000 4368238.00000 -124.4187
445074.00000 4368242.00000 -119.9706
445074.00000 4368246.00000 -124.4037
445074.00000 4368250.00000 -124.4453
445074.00000 4368254.00000 -122.4188
445074.00000 4368258.00000 N.C.
445074.00000 4368262.00000 N.C.
445074.00000 4368266.00000 N.C.
445074.00000 4368270.00000 N.C.
445074.00000 4368274.00000 -120.5004
445074.00000 4368278.00000 -121.4109
445074.00000 4368282.00000 -119.8618
445074.00000 4368286.00000 -119.1532
445074.00000 4368290.00000 -118.7338
445074.00000 4368294.00000 -118.5042
445074.00000 4368298.00000 N.C.
445074.00000 4368302.00000 -119.4475
445074.00000 4368306.00000 -118.9124
445074.00000 4368310.00000 N.C.
445074.00000 4368314.00000 N.C.
445074.00000 4368318.00000 N.C.
445074.00000 4368322.00000 N.C.
445074.00000 4368326.00000 N.C.
445074.00000 4368330.00000 N.C.
445074.00000 4368334.00000 N.C.
445074.00000 4368338.00000 N.C.
445074.00000 4368342.00000 N.C.
445074.00000 4368346.00000 N.C.
445074.00000 4368350.00000 -125.1418
445074.00000 4368354.00000 N.C.
445074.00000 4368358.00000 N.C.
445074.00000 4368362.00000 -125.3278
445074.00000 4368366.00000 N.C.
445074.00000 4368370.00000 -124.3749
445074.00000 4368374.00000 N.C.
445074.00000 4368378.00000 N.C.
445074.00000 4368382.00000 N.C.
445074.00000 4368386.00000 -119.0714
445074.00000 4368390.00000 -118.6969
445074.00000 4368394.00000 -118.4973
445078.00000 4367886.00000 -104.1413
445078.00000 4367890.00000 -103.9919
445078.00000 4367894.00000 -103.8408
445078.00000 4367898.00000 -103.6879
445078.00000 4367902.00000 -103.5333
445078.00000 4367906.00000 -103.3769
445078.00000 4367910.00000 -103.2186
445078.00000 4367914.00000 -103.0586
445078.00000 4367918.00000 -102.8966
445078.00000 4367922.00000 -102.7328
445078.00000 4367926.00000 -102.5671
445078.00000 4367930.00000 -102.3995
445078.00000 4367934.00000 -102.2299
445078.00000 4367938.00000 -102.1183
445078.00000 4367942.00000 -101.9898
445078.00000 4367946.00000 -101.8293
445078.00000 4367950.00000 -101.6967
445078.00000 4367954.00000 -101.5172
445078.00000 4367958.00000 -101.3506
445078.00000 4367962.00000 -101.2271
445078.00000 4367966.00000 -101.0715
445078.00000 4367970.00000 -100.8839
445078.00000 4367974.00000 -100.7094
445078.00000 4367978.00000 -100.5179
445078.00000 4367982.00000 -100.3244
445078.00000 4367986.00000 -100.0992
445078.00000 4367990.00000 -99.9770
445078.00000 4367994.00000 -110.1174
445078.00000 4367998.00000 -109.7618
445078.00000 4368002.00000 -109.4169
445078.00000 4368006.00000 -109.0934
445078.00000 4368010.00000 -108.7914
445078.00000 4368014.00000 -108.5577
445078.00000 4368018.00000 -108.3897
445078.00000 4368022.00000 -108.2904
445078.00000 4368026.00000 -108.2550
445078.00000 4368030.00000 -108.2909
445078.00000 4368034.00000 -108.3768
445078.00000 4368038.00000 -108.4939
445078.00000 4368042.00000 -108.6703
445078.00000 4368046.00000 -108.8756
445078.00000 4368050.00000 -109.1252
445078.00000 4368054.00000 -109.4196
445078.00000 4368058.00000 -109.7440
445078.00000 4368062.00000 -110.1286
445078.00000 4368066.00000 -110.6327
445078.00000 4368070.00000 -112.6528
445078.00000 4368074.00000 -112.1209
445078.00000 4368078.00000 -112.1031
445078.00000 4368082.00000 -112.8232
445078.00000 4368086.00000 -117.4702
445078.00000 4368090.00000 -118.0118
445078.00000 4368094.00000 -110.6740
445078.00000 4368098.00000 -114.7957
445078.00000 4368102.00000 N.C.
445078.00000 4368106.00000 -109.0743
445078.00000 4368110.00000 N.C.
445078.00000 4368114.00000 N.C.
445078.00000 4368118.00000 -94.3062
445078.00000 4368122.00000 -93.9620
445078.00000 4368126.00000 -93.8732
445078.00000 4368130.00000 -93.8751
445078.00000 4368134.00000 N.C.
445078.00000 4368138.00000 -106.2200
445078.00000 4368142.00000 -109.2295
445078.00000 4368146.00000 -107.8423
445078.00000 4368150.00000 -108.5172
445078.00000 4368154.00000 -109.2137
445078.00000 4368158.00000 -94.4227
445078.00000 4368162.00000 -105.5445
445078.00000 4368166.00000 -106.0234
445078.00000 4368170.00000 -106.7142
445078.00000 4368174.00000 -113.4979
445078.00000 4368178.00000 -110.5591
445078.00000 4368182.00000 N.C.
445078.00000 4368186.00000 N.C.
445078.00000 4368190.00000 N.C.
445078.00000 4368194.00000 N.C.
445078.00000 4368198.00000 N.C.
445078.00000 4368202.00000 N.C.
445078.00000 4368206.00000 -116.8556
445078.00000 4368210.00000 -115.6343
445078.00000 4368214.00000 -128.5133
445078.00000 4368218.00000 -128.7836
445078.00000 4368222.00000 -127.8167
445078.00000 4368226.00000 -124.7972
445078.00000 4368230.00000 -116.0111
445078.00000 4368234.00000 N.C.
445078.00000 4368238.00000 N.C.
445078.00000 4368242.00000 N.C.
445078.00000 4368246.00000 N.C.
445078.00000 4368250.00000 N.C.
445078.00000 4368254.00000 N.C.
445078.00000 4368258.00000 -118.0860
445078.00000 4368262.00000 -122.4916
445078.00000 4368266.00000 -121.9000
445078.00000 4368270.00000 -122.4376
445078.00000 4368274.00000 -121.5662
445078.00000 4368278.00000 N.C.
445078.00000 4368282.00000 N.C.
445078.00000 4368286.00000 N.C.
445078.00000 4368290.00000 -128.8150
445078.00000 4368294.00000 -119.7314
445078.00000 4368298.00000 N.C.
445078.00000 4368302.00000 -119.0812
445078.00000 4368306.00000 -118.5175
445078.00000 4368310.00000 N.C.
445078.00000 4368314.00000 -120.1062
445078.00000 4368318.00000 N.C.
445078.00000 4368322.00000 N.C.
445078.00000 4368326.00000 N.C.
445078.00000 4368330.00000 -121.4262
445078.00000 4368334.00000 N.C.
445078.00000 4368338.00000 -120.4381
445078.00000 4368342.00000 -120.5114
445078.00000 4368346.00000 -119.9914
445078.00000 4368350.00000 N.C.
445078.00000 4368354.00000 N.C.
445078.00000 4368358.00000 N.C.
445078.00000 4368362.00000 N.C.
445078.00000 4368366.00000 N.C.
445078.00000 4368370.00000 N.C.
445078.00000 4368374.00000 -122.3339
445078.00000 4368378.00000 -120.9461
445078.00000 4368382.00000 N.C.
445078.00000 4368386.00000 -119.5040
445078.00000 4368390.00000 -119.1912
445078.00000 4368394.00000 -119.0337
445082.00000 4367886.00000 -104.0820
445082.00000 4367890.00000 -103.9308
445082.00000 4367894.00000 -103.7780
445082.00000 4367898.00000 -103.6233
445082.00000 4367902.00000 -103.4668
445082.00000 4367906.00000 -103.3084
445082.00000 4367910.00000 -103.1481
445082.00000 4367914.00000 -102.9860
445082.00000 4367918.00000 -102.8218
445082.00000 4367922.00000 -102.6557
445082.00000 4367926.00000 -102.4876
445082.00000 4367930.00000 -102.3174
445082.00000 4367934.00000 -102.1602
445082.00000 4367938.00000 -102.0009
445082.00000 4367942.00000 -101.8245
445082.00000 4367946.00000 -101.7060
445082.00000 4367950.00000 -101.5554
445082.00000 4367954.00000 -101.4175
445082.00000 4367958.00000 -101.2626
445082.00000 4367962.00000 -101.0754
445082.00000 4367966.00000 -100.9161
445082.00000 4367970.00000 -100.7846
445082.00000 4367974.00000 -100.5609
445082.00000 4367978.00000 -100.3801
445082.00000 4367982.00000 -100.1972
445082.00000 4367986.00000 -99.9972
445082.00000 4367990.00000 -99.7801
445082.00000 4367994.00000 -99.6061
445082.00000 4367998.00000 -109.8710
445082.00000 4368002.00000 -109.5051
445082.00000 4368006.00000 -109.1498
445082.00000 4368010.00000 -108.8157
445082.00000 4368014.00000 -108.5021
445082.00000 4368018.00000 -108.2562
445082.00000 4368022.00000 -108.0766
445082.00000 4368026.00000 -107.9691
445082.00000 4368030.00000 -107.9310
445082.00000 4368034.00000 -107.9712
445082.00000 4368038.00000 -108.0688
445082.00000 4368042.00000 -108.2048
445082.00000 4368046.00000 -108.3928
445082.00000 4368050.00000 -108.6618
445082.00000 4368054.00000 -108.9374
445082.00000 4368058.00000 -109.2646
445082.00000 4368062.00000 -109.6736
445082.00000 4368066.00000 -114.5028
445082.00000 4368070.00000 -113.8652
445082.00000 4368074.00000 -113.3580
445082.00000 4368078.00000 -113.2289
445082.00000 4368082.00000 -113.8121
445082.00000 4368086.00000 -116.5958
445082.00000 4368090.00000 N.C.
445082.00000 4368094.00000 -112.5220
445082.00000 4368098.00000 -112.6776
445082.00000 4368102.00000 -112.4671
445082.00000 4368106.00000 -111.4216
445082.00000 4368110.00000 -104.8250
445082.00000 4368114.00000 -93.9528
445082.00000 4368118.00000 -106.2592
445082.00000 4368122.00000 -93.6143
445082.00000 4368126.00000 -93.4621
445082.00000 4368130.00000 -93.4468
445082.00000 4368134.00000 N.C.
445082.00000 4368138.00000 N.C.
445082.00000 4368142.00000 -106.9161
445082.00000 4368146.00000 -107.6199
445082.00000 4368150.00000 -108.3650
445082.00000 4368154.00000 -109.1238
445082.00000 4368158.00000 -105.1299
445082.00000 4368162.00000 -105.5034
445082.00000 4368166.00000 -106.0992
445082.00000 4368170.00000 -106.7969
445082.00000 4368174.00000 -111.3600
445082.00000 4368178.00000 -111.4104
445082.00000 4368182.00000 N.C.
445082.00000 4368186.00000 N.C.
445082.00000 4368190.00000 N.C.
445082.00000 4368194.00000 -116.1277
445082.00000 4368198.00000 N.C.
445082.00000 4368202.00000 N.C.
445082.00000 4368206.00000 -116.6727
445082.00000 4368210.00000 -128.7066
445082.00000 4368214.00000 -128.7836
445082.00000 4368218.00000 -128.9747
445082.00000 4368222.00000 -129.2210
445082.00000 4368226.00000 -127.3832
445082.00000 4368230.00000 -115.5780
445082.00000 4368234.00000 N.C.
445082.00000 4368238.00000 N.C.
445082.00000 4368242.00000 N.C.
445082.00000 4368246.00000 N.C.
445082.00000 4368250.00000 N.C.
445082.00000 4368254.00000 -125.6774
445082.00000 4368258.00000 -117.4029
445082.00000 4368262.00000 -121.4996
445082.00000 4368266.00000 N.C.
445082.00000 4368270.00000 -121.0815
445082.00000 4368274.00000 -121.7645
445082.00000 4368278.00000 -120.8522
445082.00000 4368282.00000 -121.3122
445082.00000 4368286.00000 N.C.
445082.00000 4368290.00000 N.C.
445082.00000 4368294.00000 -129.1692
445082.00000 4368298.00000 N.C.
445082.00000 4368302.00000 -118.6993
445082.00000 4368306.00000 -118.1055
445082.00000 4368310.00000 N.C.
445082.00000 4368314.00000 N.C.
445082.00000 4368318.00000 N.C.
445082.00000 4368322.00000 -120.4525
445082.00000 4368326.00000 -116.1656
445082.00000 4368330.00000 -115.8938
445082.00000 4368334.00000 N.C.
445082.00000 4368338.00000 N.C.
445082.00000 4368342.00000 N.C.
445082.00000 4368346.00000 -120.5837
445082.00000 4368350.00000 N.C.
445082.00000 4368354.00000 N.C.
445082.00000 4368358.00000 N.C.
445082.00000 4368362.00000 N.C.
445082.00000 4368366.00000 N.C.
445082.00000 4368370.00000 N.C.
445082.00000 4368374.00000 -123.2242
445082.00000 4368378.00000 -121.8245
445082.00000 4368382.00000 -120.9260
445082.00000 4368386.00000 -120.3689
445082.00000 4368390.00000 -120.0353
445082.00000 4368394.00000 -119.8483
445086.00000 4367886.00000 -104.0393
445086.00000 4367890.00000 -103.8716
445086.00000 4367894.00000 -103.7170
445086.00000 4367898.00000 -103.5606
445086.00000 4367902.00000 -103.4022
445086.00000 4367906.00000 -103.2419
445086.00000 4367910.00000 -103.0797
445086.00000 4367914.00000 -102.9154
445086.00000 4367918.00000 -102.7491
445086.00000 4367922.00000 -102.5807
445086.00000 4367926.00000 -102.4102
445086.00000 4367930.00000 -102.2375
445086.00000 4367934.00000 -102.0627
445086.00000 4367938.00000 -101.9157
445086.00000 4367942.00000 -101.7515
445086.00000 4367946.00000 -101.5850
445086.00000 4367950.00000 -101.4012
445086.00000 4367954.00000 -101.2752
445086.00000 4367958.00000 -101.1168
445086.00000 4367962.00000 -100.9711
445086.00000 4367966.00000 -100.7930
445086.00000 4367970.00000 -100.5976
445086.00000 4367974.00000 -100.4148
445086.00000 4367978.00000 -100.2597
445086.00000 4367982.00000 -100.0422
445086.00000 4367986.00000 -99.8525
445086.00000 4367990.00000 -99.6604
445086.00000 4367994.00000 -110.8745
445086.00000 4367998.00000 -110.0087
445086.00000 4368002.00000 -109.6295
445086.00000 4368006.00000 -109.2534
445086.00000 4368010.00000 -108.8875
445086.00000 4368014.00000 -108.5423
445086.00000 4368018.00000 -108.2174
445086.00000 4368022.00000 -107.9596
445086.00000 4368026.00000 -107.7693
445086.00000 4368030.00000 -107.6545
445086.00000 4368034.00000 -107.6153
445086.00000 4368038.00000 -107.6622
445086.00000 4368042.00000 -107.7751
445086.00000 4368046.00000 -107.9353
445086.00000 4368050.00000 -108.1711
445086.00000 4368054.00000 -108.4671
445086.00000 4368058.00000 -108.7931
445086.00000 4368062.00000 -109.1942
445086.00000 4368066.00000 -115.8240
445086.00000 4368070.00000 -115.3517
445086.00000 4368074.00000 -114.9982
445086.00000 4368078.00000 -114.9535
445086.00000 4368082.00000 -115.5048
445086.00000 4368086.00000 -115.7164
445086.00000 4368090.00000 N.C.
445086.00000 4368094.00000 -114.2566
445086.00000 4368098.00000 -112.1562
445086.00000 4368102.00000 N.C.
445086.00000 4368106.00000 N.C.
445086.00000 4368110.00000 -104.3855
445086.00000 4368114.00000 -93.4969
445086.00000 4368118.00000 N.C.
445086.00000 4368122.00000 -105.2730
445086.00000 4368126.00000 -93.0359
445086.00000 4368130.00000 -93.0181
445086.00000 4368134.00000 -93.1090
445086.00000 4368138.00000 -93.2187
445086.00000 4368142.00000 -106.6418
445086.00000 4368146.00000 -107.4340
445086.00000 4368150.00000 -108.2588
445086.00000 4368154.00000 -109.0856
445086.00000 4368158.00000 -105.0981
445086.00000 4368162.00000 -105.5188
445086.00000 4368166.00000 -106.2169
445086.00000 4368170.00000 -112.7537
445086.00000 4368174.00000 -112.4977
445086.00000 4368178.00000 -112.5103
445086.00000 4368182.00000 N.C.
445086.00000 4368186.00000 N.C.
445086.00000 4368190.00000 N.C.
445086.00000 4368194.00000 -116.0645
445086.00000 4368198.00000 N.C.
445086.00000 4368202.00000 N.C.
445086.00000 4368206.00000 -116.5626
445086.00000 4368210.00000 -116.5540
445086.00000 4368214.00000 -116.5413
445086.00000 4368218.00000 -116.8086
445086.00000 4368222.00000 -117.0348
445086.00000 4368226.00000 -117.1740
445086.00000 4368230.00000 -115.1088
445086.00000 4368234.00000 N.C.
445086.00000 4368238.00000 N.C.
445086.00000 4368242.00000 N.C.
445086.00000 4368246.00000 -121.4345
445086.00000 4368250.00000 -119.0242
445086.00000 4368254.00000 -119.1299
445086.00000 4368258.00000 -117.0257
445086.00000 4368262.00000 -121.6705
445086.00000 4368266.00000 N.C.
445086.00000 4368270.00000 -121.1120
445086.00000 4368274.00000 -121.9705
445086.00000 4368278.00000 N.C.
445086.00000 4368282.00000 -121.2353
445086.00000 4368286.00000 -121.2384
445086.00000 4368290.00000 -121.2653
445086.00000 4368294.00000 -121.4797
445086.00000 4368298.00000 -118.9977
445086.00000 4368302.00000 -118.3026
445086.00000 4368306.00000 -117.6779
445086.00000 4368310.00000 -122.1336
445086.00000 4368314.00000 N.C.
445086.00000 4368318.00000 N.C.
445086.00000 4368322.00000 -116.0145
445086.00000 4368326.00000 -115.7053
445086.00000 4368330.00000 N.C.
445086.00000 4368334.00000 N.C.
445086.00000 4368338.00000 -115.2313
445086.00000 4368342.00000 -115.0831
445086.00000 4368346.00000 N.C.
445086.00000 4368350.00000 N.C.
445086.00000 4368354.00000 N.C.
445086.00000 4368358.00000 N.C.
445086.00000 4368362.00000 N.C.
445086.00000 4368366.00000 N.C.
445086.00000 4368370.00000 N.C.
445086.00000 4368374.00000 -124.5016
445086.00000 4368378.00000 -123.0683
445086.00000 4368382.00000 -122.1029
445086.00000 4368386.00000 -121.4677
445086.00000 4368390.00000 -121.0556
445086.00000 4368394.00000 -120.7941
445090.00000 4367886.00000 -103.9836
445090.00000 4367890.00000 -103.8292
445090.00000 4367894.00000 -103.6730
445090.00000 4367898.00000 -103.4998
445090.00000 4367902.00000 -103.3396
445090.00000 4367906.00000 -103.1775
445090.00000 4367910.00000 -103.0132
445090.00000 4367914.00000 -102.8469
445090.00000 4367918.00000 -102.6784
445090.00000 4367922.00000 -102.5078
445090.00000 4367926.00000 -102.3349
445090.00000 4367930.00000 -102.1599
445090.00000 4367934.00000 -101.9825
445090.00000 4367938.00000 -101.8028
445090.00000 4367942.00000 -101.6508
445090.00000 4367946.00000 -101.4963
445090.00000 4367950.00000 -101.3245
445090.00000 4367954.00000 -101.1502
445090.00000 4367958.00000 -100.9734
445090.00000 4367962.00000 -100.8092
445090.00000 4367966.00000 -100.6724
445090.00000 4367970.00000 -100.5180
445090.00000 4367974.00000 -100.3012
445090.00000 4367978.00000 -100.0667
445090.00000 4367982.00000 -99.9498
445090.00000 4367986.00000 -99.7252
445090.00000 4367990.00000 -99.5132
445090.00000 4367994.00000 -110.4462
445090.00000 4367998.00000 -110.4218
445090.00000 4368002.00000 -109.7850
445090.00000 4368006.00000 -109.3956
445090.00000 4368010.00000 -109.0091
445090.00000 4368014.00000 -108.6326
445090.00000 4368018.00000 -108.2765
445090.00000 4368022.00000 -107.9554
445090.00000 4368026.00000 -107.6715
445090.00000 4368030.00000 -107.4716
445090.00000 4368034.00000 -107.3512
445090.00000 4368038.00000 -107.3132
445090.00000 4368042.00000 -107.3701
445090.00000 4368046.00000 -107.5031
445090.00000 4368050.00000 -107.7092
445090.00000 4368054.00000 -107.9719
445090.00000 4368058.00000 -108.3054
445090.00000 4368062.00000 -108.6943
445090.00000 4368066.00000 -116.4878
445090.00000 4368070.00000 -117.0430
445090.00000 4368074.00000 -116.9443
445090.00000 4368078.00000 -117.1418
445090.00000 4368082.00000 -115.3950
445090.00000 4368086.00000 N.C.
445090.00000 4368090.00000 N.C.
445090.00000 4368094.00000 -114.3146
445090.00000 4368098.00000 -111.6488
445090.00000 4368102.00000 N.C.
445090.00000 4368106.00000 N.C.
445090.00000 4368110.00000 -103.9761
445090.00000 4368114.00000 -93.0268
445090.00000 4368118.00000 -104.1714
445090.00000 4368122.00000 N.C.
445090.00000 4368126.00000 -92.5787
445090.00000 4368130.00000 -92.5731
445090.00000 4368134.00000 -92.6628
445090.00000 4368138.00000 -92.7729
445090.00000 4368142.00000 -106.4043
445090.00000 4368146.00000 -107.3011
445090.00000 4368150.00000 -108.2150
445090.00000 4368154.00000 -109.1140
445090.00000 4368158.00000 -105.1373
445090.00000 4368162.00000 -105.6803
445090.00000 4368166.00000 -106.4205
445090.00000 4368170.00000 -114.1647
445090.00000 4368174.00000 -114.4140
445090.00000 4368178.00000 -114.0768
445090.00000 4368182.00000 N.C.
445090.00000 4368186.00000 -115.1179
445090.00000 4368190.00000 -115.0910
445090.00000 4368194.00000 -115.2359
445090.00000 4368198.00000 N.C.
445090.00000 4368202.00000 N.C.
445090.00000 4368206.00000 -116.2428
445090.00000 4368210.00000 N.C.
445090.00000 4368214.00000 N.C.
445090.00000 4368218.00000 N.C.
445090.00000 4368222.00000 N.C.
445090.00000 4368226.00000 -116.8173
445090.00000 4368230.00000 -114.7657
445090.00000 4368234.00000 N.C.
445090.00000 4368238.00000 -120.0286
445090.00000 4368242.00000 N.C.
445090.00000 4368246.00000 N.C.
445090.00000 4368250.00000 -120.4424
445090.00000 4368254.00000 -117.1559
445090.00000 4368258.00000 -117.4724
445090.00000 4368262.00000 -119.1312
445090.00000 4368266.00000 N.C.
445090.00000 4368270.00000 -122.1950
445090.00000 4368274.00000 N.C.
445090.00000 4368278.00000 N.C.
445090.00000 4368282.00000 -121.0197
445090.00000 4368286.00000 N.C.
445090.00000 4368290.00000 N.C.
445090.00000 4368294.00000 -119.4533
445090.00000 4368298.00000 -118.6342
445090.00000 4368302.00000 -117.8941
445090.00000 4368306.00000 N.C.
445090.00000 4368310.00000 -121.9690
445090.00000 4368314.00000 N.C.
445090.00000 4368318.00000 N.C.
445090.00000 4368322.00000 -115.5515
445090.00000 4368326.00000 -115.2290
445090.00000 4368330.00000 N.C.
445090.00000 4368334.00000 -119.4767
445090.00000 4368338.00000 -114.7965
445090.00000 4368342.00000 -117.0823
445090.00000 4368346.00000 N.C.
445090.00000 4368350.00000 N.C.
445090.00000 4368354.00000 -123.3024
445090.00000 4368358.00000 N.C.
445090.00000 4368362.00000 N.C.
445090.00000 4368366.00000 N.C.
445090.00000 4368370.00000 N.C.
445090.00000 4368374.00000 -124.1820
445090.00000 4368378.00000 -124.4000
445090.00000 4368382.00000 -123.3711
445090.00000 4368386.00000 -122.6449
445090.00000 4368390.00000 -122.1392
445090.00000 4368394.00000 -121.7903
445094.00000 4367886.00000 -103.9447
445094.00000 4367890.00000 -103.7888
445094.00000 4367894.00000 -103.6309
445094.00000 4367898.00000 -103.4561
445094.00000 4367902.00000 -103.2941
445094.00000 4367906.00000 -103.1301
445094.00000 4367910.00000 -102.9489
445094.00000 4367914.00000 -102.7806
445094.00000 4367918.00000 -102.6100
445094.00000 4367922.00000 -102.4372
445094.00000 4367926.00000 -102.2620
445094.00000 4367930.00000 -102.0845
445094.00000 4367934.00000 -101.9047
445094.00000 4367938.00000 -101.7223
445094.00000 4367942.00000 -101.5525
445094.00000 4367946.00000 -101.3952
445094.00000 4367950.00000 -101.2203
445094.00000 4367954.00000 -101.0578
445094.00000 4367958.00000 -100.8777
445094.00000 4367962.00000 -100.6949
445094.00000 4367966.00000 -100.4944
445094.00000 4367970.00000 -100.3362
445094.00000 4367974.00000 -100.1903
445094.00000 4367978.00000 -100.0115
445094.00000 4367982.00000 -99.7700
445094.00000 4367986.00000 -99.5557
445094.00000 4367990.00000 -99.3987
445094.00000 4367994.00000 -110.0846
445094.00000 4367998.00000 -109.9781
445094.00000 4368002.00000 -109.9472
445094.00000 4368006.00000 -110.0020
445094.00000 4368010.00000 -110.1512
445094.00000 4368014.00000 -110.4033
445094.00000 4368018.00000 -108.3886
445094.00000 4368022.00000 -108.0219
445094.00000 4368026.00000 -107.6903
445094.00000 4368030.00000 -107.3966
445094.00000 4368034.00000 -107.1887
445094.00000 4368038.00000 -107.0650
445094.00000 4368042.00000 -107.0317
445094.00000 4368046.00000 -107.1038
445094.00000 4368050.00000 -107.2640
445094.00000 4368054.00000 -107.5103
445094.00000 4368058.00000 -107.8416
445094.00000 4368062.00000 -108.2268
445094.00000 4368066.00000 -116.0793
445094.00000 4368070.00000 -117.3237
445094.00000 4368074.00000 -118.8282
445094.00000 4368078.00000 -118.5755
445094.00000 4368082.00000 -115.6704
445094.00000 4368086.00000 N.C.
445094.00000 4368090.00000 N.C.
445094.00000 4368094.00000 -110.6390
445094.00000 4368098.00000 -113.1851
445094.00000 4368102.00000 N.C.
445094.00000 4368106.00000 -104.5260
445094.00000 4368110.00000 -103.6258
445094.00000 4368114.00000 -102.8679
445094.00000 4368118.00000 -92.5757
445094.00000 4368122.00000 -92.2696
445094.00000 4368126.00000 -92.1043
445094.00000 4368130.00000 -92.1106
445094.00000 4368134.00000 -92.1989
445094.00000 4368138.00000 -92.3095
445094.00000 4368142.00000 -106.2246
445094.00000 4368146.00000 -107.2437
445094.00000 4368150.00000 -108.2554
445094.00000 4368154.00000 -109.2283
445094.00000 4368158.00000 -105.2686
445094.00000 4368162.00000 N.C.
445094.00000 4368166.00000 N.C.
445094.00000 4368170.00000 N.C.
445094.00000 4368174.00000 -113.9478
445094.00000 4368178.00000 -113.9743
445094.00000 4368182.00000 -114.3308
445094.00000 4368186.00000 N.C.
445094.00000 4368190.00000 N.C.
445094.00000 4368194.00000 -115.2741
445094.00000 4368198.00000 N.C.
445094.00000 4368202.00000 -116.6877
445094.00000 4368206.00000 -115.9675
445094.00000 4368210.00000 N.C.
445094.00000 4368214.00000 N.C.
445094.00000 4368218.00000 N.C.
445094.00000 4368222.00000 N.C.
445094.00000 4368226.00000 -114.5812
445094.00000 4368230.00000 N.C.
445094.00000 4368234.00000 N.C.
445094.00000 4368238.00000 -119.7005
445094.00000 4368242.00000 -113.0338
445094.00000 4368246.00000 N.C.
445094.00000 4368250.00000 N.C.
445094.00000 4368254.00000 -117.6486
445094.00000 4368258.00000 N.C.
445094.00000 4368262.00000 -119.1302
445094.00000 4368266.00000 N.C.
445094.00000 4368270.00000 -122.4037
445094.00000 4368274.00000 N.C.
445094.00000 4368278.00000 N.C.
445094.00000 4368282.00000 -120.8373
445094.00000 4368286.00000 N.C.
445094.00000 4368290.00000 N.C.
445094.00000 4368294.00000 -119.1513
445094.00000 4368298.00000 -118.2674
445094.00000 4368302.00000 -117.4808
445094.00000 4368306.00000 N.C.
445094.00000 4368310.00000 -116.2453
445094.00000 4368314.00000 N.C.
445094.00000 4368318.00000 N.C.
445094.00000 4368322.00000 -115.0837
445094.00000 4368326.00000 N.C.
445094.00000 4368330.00000 N.C.
445094.00000 4368334.00000 -119.3916
445094.00000 4368338.00000 -114.5098
445094.00000 4368342.00000 -114.4417
445094.00000 4368346.00000 N.C.
445094.00000 4368350.00000 N.C.
445094.00000 4368354.00000 -123.0172
445094.00000 4368358.00000 N.C.
445094.00000 4368362.00000 N.C.
445094.00000 4368366.00000 N.C.
445094.00000 4368370.00000 N.C.
445094.00000 4368374.00000 N.C.
445094.00000 4368378.00000 -124.3652
445094.00000 4368382.00000 -124.5659
445094.00000 4368386.00000 -123.7756
445094.00000 4368390.00000 -123.2072
445094.00000 4368394.00000 -122.7795
445098.00000 4367886.00000 -103.8928
445098.00000 4367890.00000 -103.7354
445098.00000 4367894.00000 -103.5759
445098.00000 4367898.00000 -103.4144
445098.00000 4367902.00000 -103.2507
445098.00000 4367906.00000 -103.0849
445098.00000 4367910.00000 -102.9019
445098.00000 4367914.00000 -102.7316
445098.00000 4367918.00000 -102.5589
445098.00000 4367922.00000 -102.3690
445098.00000 4367926.00000 -102.1916
445098.00000 4367930.00000 -102.0117
445098.00000 4367934.00000 -101.8294
445098.00000 4367938.00000 -101.6444
445098.00000 4367942.00000 -101.4569
445098.00000 4367946.00000 -101.2967
445098.00000 4367950.00000 -101.1189
445098.00000 4367954.00000 -100.9532
445098.00000 4367958.00000 -100.7698
445098.00000 4367962.00000 -100.5985
445098.00000 4367966.00000 -100.4094
445098.00000 4367970.00000 -100.2023
445098.00000 4367974.00000 -100.0073
445098.00000 4367978.00000 -99.8393
445098.00000 4367982.00000 -99.6683
445098.00000 4367986.00000 -99.4642
445098.00000 4367990.00000 -99.2121
445098.00000 4367994.00000 -109.8374
445098.00000 4367998.00000 -109.6277
445098.00000 4368002.00000 -109.4916
445098.00000 4368006.00000 -109.4480
445098.00000 4368010.00000 -109.5127
445098.00000 4368014.00000 -109.6990
445098.00000 4368018.00000 -110.0188
445098.00000 4368022.00000 -109.5500
445098.00000 4368026.00000 -109.5351
445098.00000 4368030.00000 -109.5748
445098.00000 4368034.00000 -109.6744
445098.00000 4368038.00000 -109.8395
445098.00000 4368042.00000 -106.8049
445098.00000 4368046.00000 -106.7813
445098.00000 4368050.00000 -106.8757
445098.00000 4368054.00000 -107.0731
445098.00000 4368058.00000 -107.3727
445098.00000 4368062.00000 -107.7587
445098.00000 4368066.00000 -108.2447
445098.00000 4368070.00000 -116.9013
445098.00000 4368074.00000 -118.9618
445098.00000 4368078.00000 N.C.
445098.00000 4368082.00000 -116.6947
445098.00000 4368086.00000 N.C.
445098.00000 4368090.00000 N.C.
445098.00000 4368094.00000 -116.4191
445098.00000 4368098.00000 -109.9296
445098.00000 4368102.00000 N.C.
445098.00000 4368106.00000 -104.4742
445098.00000 4368110.00000 -103.3490
445098.00000 4368114.00000 -102.4853
445098.00000 4368118.00000 -92.0958
445098.00000 4368122.00000 -91.8423
445098.00000 4368126.00000 -91.6266
445098.00000 4368130.00000 -91.6293
445098.00000 4368134.00000 -91.7160
445098.00000 4368138.00000 -91.8571
445098.00000 4368142.00000 -106.1351
445098.00000 4368146.00000 -107.2947
445098.00000 4368150.00000 -108.4092
445098.00000 4368154.00000 -109.4523
445098.00000 4368158.00000 -105.5489
445098.00000 4368162.00000 N.C.
445098.00000 4368166.00000 N.C.
445098.00000 4368170.00000 N.C.
445098.00000 4368174.00000 N.C.
445098.00000 4368178.00000 N.C.
445098.00000 4368182.00000 N.C.
445098.00000 4368186.00000 -113.9916
445098.00000 4368190.00000 -114.2036
445098.00000 4368194.00000 N.C.
445098.00000 4368198.00000 N.C.
445098.00000 4368202.00000 -116.7905
445098.00000 4368206.00000 -115.5123
445098.00000 4368210.00000 N.C.
445098.00000 4368214.00000 N.C.
445098.00000 4368218.00000 N.C.
445098.00000 4368222.00000 N.C.
445098.00000 4368226.00000 -114.0672
445098.00000 4368230.00000 N.C.
445098.00000 4368234.00000 N.C.
445098.00000 4368238.00000 -112.7758
445098.00000 4368242.00000 -112.4697
445098.00000 4368246.00000 -116.4156
445098.00000 4368250.00000 -119.0946
445098.00000 4368254.00000 -119.1312
445098.00000 4368258.00000 -119.1002
445098.00000 4368262.00000 N.C.
445098.00000 4368266.00000 N.C.
445098.00000 4368270.00000 -117.2448
445098.00000 4368274.00000 N.C.
445098.00000 4368278.00000 N.C.
445098.00000 4368282.00000 -118.7648
445098.00000 4368286.00000 N.C.
445098.00000 4368290.00000 N.C.
445098.00000 4368294.00000 -118.8622
445098.00000 4368298.00000 -117.9088
445098.00000 4368302.00000 -117.0765
445098.00000 4368306.00000 N.C.
445098.00000 4368310.00000 -115.8282
445098.00000 4368314.00000 -118.2657
445098.00000 4368318.00000 -115.0201
445098.00000 4368322.00000 -114.7434
445098.00000 4368326.00000 -114.5108
445098.00000 4368330.00000 N.C.
445098.00000 4368334.00000 N.C.
445098.00000 4368338.00000 N.C.
445098.00000 4368342.00000 N.C.
445098.00000 4368346.00000 N.C.
445098.00000 4368350.00000 N.C.
445098.00000 4368354.00000 -121.0528
445098.00000 4368358.00000 N.C.
445098.00000 4368362.00000 N.C.
445098.00000 4368366.00000 N.C.
445098.00000 4368370.00000 -124.0832
445098.00000 4368374.00000 N.C.
445098.00000 4368378.00000 N.C.
445098.00000 4368382.00000 N.C.
445098.00000 4368386.00000 -124.9943
445098.00000 4368390.00000 -124.1967
445098.00000 4368394.00000 -122.3056
445102.00000 4367886.00000 -103.8580
445102.00000 4367890.00000 -103.6841
445102.00000 4367894.00000 -103.5231
445102.00000 4367898.00000 -103.3599
445102.00000 4367902.00000 -103.1946
445102.00000 4367906.00000 -103.0270
445102.00000 4367910.00000 -102.8571
445102.00000 4367914.00000 -102.6849
445102.00000 4367918.00000 -102.5103
445102.00000 4367922.00000 -102.3182
445102.00000 4367926.00000 -102.1386
445102.00000 4367930.00000 -101.9415
445102.00000 4367934.00000 -101.7567
445102.00000 4367938.00000 -101.5693
445102.00000 4367942.00000 -101.3791
445102.00000 4367946.00000 -101.1861
445102.00000 4367950.00000 -101.0203
445102.00000 4367954.00000 -100.8516
445102.00000 4367958.00000 -100.6649
445102.00000 4367962.00000 -100.4902
445102.00000 4367966.00000 -100.2974
445102.00000 4367970.00000 -100.1015
445102.00000 4367974.00000 -99.9175
445102.00000 4367978.00000 -99.7003
445102.00000 4367982.00000 -99.4948
445102.00000 4367986.00000 -99.3160
445102.00000 4367990.00000 -99.1039
445102.00000 4367994.00000 -98.8885
445102.00000 4367998.00000 -98.6098
445102.00000 4368002.00000 -109.1705
445102.00000 4368006.00000 -108.9890
445102.00000 4368010.00000 -108.9214
445102.00000 4368014.00000 -108.9943
445102.00000 4368018.00000 -109.2293
445102.00000 4368022.00000 -109.1051
445102.00000 4368026.00000 -109.0414
445102.00000 4368030.00000 -109.0364
445102.00000 4368034.00000 -109.0973
445102.00000 4368038.00000 -109.2314
445102.00000 4368042.00000 -109.4451
445102.00000 4368046.00000 -109.7447
445102.00000 4368050.00000 -106.5772
445102.00000 4368054.00000 -106.7046
445102.00000 4368058.00000 -106.9536
445102.00000 4368062.00000 -107.3399
445102.00000 4368066.00000 -107.8031
445102.00000 4368070.00000 -116.4637
445102.00000 4368074.00000 -120.9040
445102.00000 4368078.00000 N.C.
445102.00000 4368082.00000 N.C.
445102.00000 4368086.00000 N.C.
445102.00000 4368090.00000 N.C.
445102.00000 4368094.00000 N.C.
445102.00000 4368098.00000 -112.4099
445102.00000 4368102.00000 -109.1331
445102.00000 4368106.00000 -104.5993
445102.00000 4368110.00000 -103.2559
445102.00000 4368114.00000 -102.3241
445102.00000 4368118.00000 -91.6129
445102.00000 4368122.00000 -91.4112
445102.00000 4368126.00000 -91.1441
445102.00000 4368130.00000 -91.1278
445102.00000 4368134.00000 -91.2128
445102.00000 4368138.00000 -91.3844
445102.00000 4368142.00000 -106.1867
445102.00000 4368146.00000 -107.5009
445102.00000 4368150.00000 -108.7137
445102.00000 4368154.00000 -105.5343
445102.00000 4368158.00000 N.C.
445102.00000 4368162.00000 N.C.
445102.00000 4368166.00000 N.C.
445102.00000 4368170.00000 N.C.
445102.00000 4368174.00000 N.C.
445102.00000 4368178.00000 N.C.
445102.00000 4368182.00000 N.C.
445102.00000 4368186.00000 N.C.
445102.00000 4368190.00000 -113.7135
445102.00000 4368194.00000 N.C.
445102.00000 4368198.00000 -114.1845
445102.00000 4368202.00000 -115.5468
445102.00000 4368206.00000 -115.4260
445102.00000 4368210.00000 N.C.
445102.00000 4368214.00000 N.C.
445102.00000 4368218.00000 N.C.
445102.00000 4368222.00000 -113.6500
445102.00000 4368226.00000 -107.5085
445102.00000 4368230.00000 N.C.
445102.00000 4368234.00000 -118.9194
445102.00000 4368238.00000 -112.1802
445102.00000 4368242.00000 -111.8733
445102.00000 4368246.00000 N.C.
445102.00000 4368250.00000 N.C.
445102.00000 4368254.00000 N.C.
445102.00000 4368258.00000 -119.2059
445102.00000 4368262.00000 N.C.
445102.00000 4368266.00000 -118.0592
445102.00000 4368270.00000 -116.1636
445102.00000 4368274.00000 N.C.
445102.00000 4368278.00000 N.C.
445102.00000 4368282.00000 -116.7002
445102.00000 4368286.00000 N.C.
445102.00000 4368290.00000 N.C.
445102.00000 4368294.00000 -118.6049
445102.00000 4368298.00000 -117.5795
445102.00000 4368302.00000 -116.7058
445102.00000 4368306.00000 N.C.
445102.00000 4368310.00000 N.C.
445102.00000 4368314.00000 N.C.
445102.00000 4368318.00000 N.C.
445102.00000 4368322.00000 -114.4188
445102.00000 4368326.00000 -114.2313
445102.00000 4368330.00000 -121.8955
445102.00000 4368334.00000 -114.0900
445102.00000 4368338.00000 N.C.
445102.00000 4368342.00000 N.C.
445102.00000 4368346.00000 N.C.
445102.00000 4368350.00000 N.C.
445102.00000 4368354.00000 N.C.
445102.00000 4368358.00000 N.C.
445102.00000 4368362.00000 N.C.
445102.00000 4368366.00000 N.C.
445102.00000 4368370.00000 -124.1720
445102.00000 4368374.00000 -121.2524
445102.00000 4368378.00000 N.C.
445102.00000 4368382.00000 N.C.
445102.00000 4368386.00000 -125.0444
445102.00000 4368390.00000 -122.0539
445102.00000 4368394.00000 -121.5790
445106.00000 4367886.00000 -103.8252
445106.00000 4367890.00000 -103.6649
445106.00000 4367894.00000 -103.4874
445106.00000 4367898.00000 -103.3227
445106.00000 4367902.00000 -103.1408
445106.00000 4367906.00000 -102.9715
445106.00000 4367910.00000 -102.7998
445106.00000 4367914.00000 -102.6257
445106.00000 4367918.00000 -102.4492
445106.00000 4367922.00000 -102.2701
445106.00000 4367926.00000 -102.0883
445106.00000 4367930.00000 -101.9039
445106.00000 4367934.00000 -101.7018
445106.00000 4367938.00000 -101.5119
445106.00000 4367942.00000 -101.3041
445106.00000 4367946.00000 -101.1084
445106.00000 4367950.00000 -100.9247
445106.00000 4367954.00000 -100.7530
445106.00000 4367958.00000 -100.5631
445106.00000 4367962.00000 -100.3850
445106.00000 4367966.00000 -100.1887
445106.00000 4367970.00000 -100.0041
445106.00000 4367974.00000 -99.8011
445106.00000 4367978.00000 -99.5947
445106.00000 4367982.00000 -99.3998
445106.00000 4367986.00000 -99.1863
445106.00000 4367990.00000 -98.9243
445106.00000 4367994.00000 -98.7486
445106.00000 4367998.00000 -98.5093
445106.00000 4368002.00000 -98.2814
445106.00000 4368006.00000 -97.9747
445106.00000 4368010.00000 -108.4792
445106.00000 4368014.00000 -108.3656
445106.00000 4368018.00000 -108.4398
445106.00000 4368022.00000 -108.7407
445106.00000 4368026.00000 -108.5719
445106.00000 4368030.00000 -108.5084
445106.00000 4368034.00000 -108.5163
445106.00000 4368038.00000 -108.6053
445106.00000 4368042.00000 -108.7852
445106.00000 4368046.00000 -109.0646
445106.00000 4368050.00000 -109.4506
445106.00000 4368054.00000 -109.9481
445106.00000 4368058.00000 -106.6334
445106.00000 4368062.00000 -106.9550
445106.00000 4368066.00000 -107.4093
445106.00000 4368070.00000 -107.9948
445106.00000 4368074.00000 -114.1852
445106.00000 4368078.00000 N.C.
445106.00000 4368082.00000 -118.4760
445106.00000 4368086.00000 N.C.
445106.00000 4368090.00000 N.C.
445106.00000 4368094.00000 N.C.
445106.00000 4368098.00000 N.C.
445106.00000 4368102.00000 N.C.
445106.00000 4368106.00000 -104.9690
445106.00000 4368110.00000 -103.4261
445106.00000 4368114.00000 -102.6256
445106.00000 4368118.00000 -91.0660
445106.00000 4368122.00000 -102.3321
445106.00000 4368126.00000 -90.6705
445106.00000 4368130.00000 -101.7551
445106.00000 4368134.00000 -104.3332
445106.00000 4368138.00000 -104.8454
445106.00000 4368142.00000 -106.4613
445106.00000 4368146.00000 -107.9273
445106.00000 4368150.00000 -109.2149
445106.00000 4368154.00000 -106.1070
445106.00000 4368158.00000 N.C.
445106.00000 4368162.00000 N.C.
445106.00000 4368166.00000 N.C.
445106.00000 4368170.00000 -112.0547
445106.00000 4368174.00000 N.C.
445106.00000 4368178.00000 N.C.
445106.00000 4368182.00000 N.C.
445106.00000 4368186.00000 N.C.
445106.00000 4368190.00000 N.C.
445106.00000 4368194.00000 N.C.
445106.00000 4368198.00000 -113.7931
445106.00000 4368202.00000 -115.6601
445106.00000 4368206.00000 N.C.
445106.00000 4368210.00000 -106.4398
445106.00000 4368214.00000 -106.6936
445106.00000 4368218.00000 -106.9893
445106.00000 4368222.00000 -107.3814
445106.00000 4368226.00000 N.C.
445106.00000 4368230.00000 N.C.
445106.00000 4368234.00000 -111.9170
445106.00000 4368238.00000 -111.5306
445106.00000 4368242.00000 -111.2260
445106.00000 4368246.00000 -114.4373
445106.00000 4368250.00000 N.C.
445106.00000 4368254.00000 -118.2444
445106.00000 4368258.00000 N.C.
445106.00000 4368262.00000 N.C.
445106.00000 4368266.00000 -117.6469
445106.00000 4368270.00000 -117.7415
445106.00000 4368274.00000 N.C.
445106.00000 4368278.00000 -118.0056
445106.00000 4368282.00000 -116.5145
445106.00000 4368286.00000 N.C.
445106.00000 4368290.00000 -119.6758
445106.00000 4368294.00000 -118.4109
445106.00000 4368298.00000 -117.3162
445106.00000 4368302.00000 -116.4104
445106.00000 4368306.00000 -115.6881
445106.00000 4368310.00000 -115.1305
445106.00000 4368314.00000 N.C.
445106.00000 4368318.00000 -114.4606
445106.00000 4368322.00000 -119.4622
445106.00000 4368326.00000 N.C.
445106.00000 4368330.00000 -121.3917
445106.00000 4368334.00000 -115.5720
445106.00000 4368338.00000 -115.6202
445106.00000 4368342.00000 N.C.
445106.00000 4368346.00000 -125.0336
445106.00000 4368350.00000 -125.1541
445106.00000 4368354.00000 -125.3292
445106.00000 4368358.00000 -119.3592
445106.00000 4368362.00000 N.C.
445106.00000 4368366.00000 N.C.
445106.00000 4368370.00000 -116.8109
445106.00000 4368374.00000 N.C.
445106.00000 4368378.00000 N.C.
445106.00000 4368382.00000 N.C.
445106.00000 4368386.00000 -121.7969
445106.00000 4368390.00000 -121.9776
445106.00000 4368394.00000 -119.7173
445110.00000 4367886.00000 -103.7946
445110.00000 4367890.00000 -103.6179
445110.00000 4367894.00000 -103.4540
445110.00000 4367898.00000 -103.2878
445110.00000 4367902.00000 -103.1193
445110.00000 4367906.00000 -102.9334
445110.00000 4367910.00000 -102.7600
445110.00000 4367914.00000 -102.5841
445110.00000 4367918.00000 -102.3907
445110.00000 4367922.00000 -102.2096
445110.00000 4367926.00000 -102.0258
445110.00000 4367930.00000 -101.8392
445110.00000 4367934.00000 -101.6498
445110.00000 4367938.00000 -101.4575
445110.00000 4367942.00000 -101.2472
445110.00000 4367946.00000 -101.0488
445110.00000 4367950.00000 -100.8473
445110.00000 4367954.00000 -100.6576
445110.00000 4367958.00000 -100.4646
445110.00000 4367962.00000 -100.2833
445110.00000 4367966.00000 -100.0835
445110.00000 4367970.00000 -99.8952
445110.00000 4367974.00000 -99.6884
445110.00000 4367978.00000 -99.4928
445110.00000 4367982.00000 -99.2936
445110.00000 4367986.00000 -99.0605
445110.00000 4367990.00000 -98.8386
445110.00000 4367994.00000 -98.5977
445110.00000 4367998.00000 -98.3229
445110.00000 4368002.00000 -98.1341
445110.00000 4368006.00000 -97.8812
445110.00000 4368010.00000 -97.6243
445110.00000 4368014.00000 -107.9857
445110.00000 4368018.00000 -107.7848
445110.00000 4368022.00000 -107.8392
445110.00000 4368026.00000 -108.2316
445110.00000 4368030.00000 -108.0122
445110.00000 4368034.00000 -107.9482
445110.00000 4368038.00000 -107.9730
445110.00000 4368042.00000 -108.1003
445110.00000 4368046.00000 -108.3431
445110.00000 4368050.00000 -108.7130
445110.00000 4368054.00000 -109.2187
445110.00000 4368058.00000 -109.8638
445110.00000 4368062.00000 -106.6748
445110.00000 4368066.00000 -107.1000
445110.00000 4368070.00000 -107.6891
445110.00000 4368074.00000 -116.1551
445110.00000 4368078.00000 N.C.
445110.00000 4368082.00000 -115.0291
445110.00000 4368086.00000 -112.8087
445110.00000 4368090.00000 -114.9509
445110.00000 4368094.00000 -111.5688
445110.00000 4368098.00000 N.C.
445110.00000 4368102.00000 N.C.
445110.00000 4368106.00000 -105.1354
445110.00000 4368110.00000 -103.9922
445110.00000 4368114.00000 -101.9479
445110.00000 4368118.00000 -100.5326
445110.00000 4368122.00000 N.C.
445110.00000 4368126.00000 N.C.
445110.00000 4368130.00000 -101.1105
445110.00000 4368134.00000 -103.0948
445110.00000 4368138.00000 -105.1937
445110.00000 4368142.00000 -107.0865
445110.00000 4368146.00000 -108.6573
445110.00000 4368150.00000 -106.8102
445110.00000 4368154.00000 -106.9847
445110.00000 4368158.00000 -107.4365
445110.00000 4368162.00000 -111.3410
445110.00000 4368166.00000 N.C.
445110.00000 4368170.00000 N.C.
445110.00000 4368174.00000 N.C.
445110.00000 4368178.00000 N.C.
445110.00000 4368182.00000 N.C.
445110.00000 4368186.00000 -112.5014
445110.00000 4368190.00000 N.C.
445110.00000 4368194.00000 N.C.
445110.00000 4368198.00000 -113.3418
445110.00000 4368202.00000 N.C.
445110.00000 4368206.00000 N.C.
445110.00000 4368210.00000 -106.6852
445110.00000 4368214.00000 -106.9609
445110.00000 4368218.00000 -115.7757
445110.00000 4368222.00000 -112.9175
445110.00000 4368226.00000 -112.2645
445110.00000 4368230.00000 -111.6955
445110.00000 4368234.00000 -111.2408
445110.00000 4368238.00000 -110.8523
445110.00000 4368242.00000 -110.5701
445110.00000 4368246.00000 N.C.
445110.00000 4368250.00000 -117.9605
445110.00000 4368254.00000 -112.9384
445110.00000 4368258.00000 N.C.
445110.00000 4368262.00000 N.C.
445110.00000 4368266.00000 N.C.
445110.00000 4368270.00000 -117.2808
445110.00000 4368274.00000 N.C.
445110.00000 4368278.00000 N.C.
445110.00000 4368282.00000 -120.2198
445110.00000 4368286.00000 N.C.
445110.00000 4368290.00000 -119.7004
445110.00000 4368294.00000 -118.3302
445110.00000 4368298.00000 -117.1747
445110.00000 4368302.00000 -116.2501
445110.00000 4368306.00000 -115.5408
445110.00000 4368310.00000 -119.3575
445110.00000 4368314.00000 N.C.
445110.00000 4368318.00000 -115.2475
445110.00000 4368322.00000 -115.1869
445110.00000 4368326.00000 N.C.
445110.00000 4368330.00000 -121.1080
445110.00000 4368334.00000 -115.1752
445110.00000 4368338.00000 -115.2358
445110.00000 4368342.00000 N.C.
445110.00000 4368346.00000 N.C.
445110.00000 4368350.00000 N.C.
445110.00000 4368354.00000 -119.6060
445110.00000 4368358.00000 -117.9885
445110.00000 4368362.00000 -116.8849
445110.00000 4368366.00000 -116.1635
445110.00000 4368370.00000 -123.4583
445110.00000 4368374.00000 -123.6535
445110.00000 4368378.00000 N.C.
445110.00000 4368382.00000 -121.5044
445110.00000 4368386.00000 -121.7185
445110.00000 4368390.00000 -119.4614
445110.00000 4368394.00000 -116.8718
445114.00000 4367886.00000 -103.8112
445114.00000 4367890.00000 -103.6332
445114.00000 4367894.00000 -103.4529
445114.00000 4367898.00000 -103.2703
445114.00000 4367902.00000 -103.0703
445114.00000 4367906.00000 -102.8978
445114.00000 4367910.00000 -102.7228
445114.00000 4367914.00000 -102.5452
445114.00000 4367918.00000 -102.3649
445114.00000 4367922.00000 -102.1669
445114.00000 4367926.00000 -101.9811
445114.00000 4367930.00000 -101.7774
445114.00000 4367934.00000 -101.5858
445114.00000 4367938.00000 -101.3912
445114.00000 4367942.00000 -101.1934
445114.00000 4367946.00000 -100.9925
445114.00000 4367950.00000 -100.7883
445114.00000 4367954.00000 -100.5957
445114.00000 4367958.00000 -100.3997
445114.00000 4367962.00000 -100.1852
445114.00000 4367966.00000 -99.9820
445114.00000 4367970.00000 -99.7901
445114.00000 4367974.00000 -99.5795
445114.00000 4367978.00000 -99.3799
445114.00000 4367982.00000 -99.1614
445114.00000 4367986.00000 -98.9538
445114.00000 4367990.00000 -98.7421
445114.00000 4367994.00000 -98.4811
445114.00000 4367998.00000 -98.2308
445114.00000 4368002.00000 -97.9762
445114.00000 4368006.00000 -97.6872
445114.00000 4368010.00000 -97.4686
445114.00000 4368014.00000 -97.2306
445114.00000 4368018.00000 -96.9281
445114.00000 4368022.00000 -107.2059
445114.00000 4368026.00000 -107.1775
445114.00000 4368030.00000 -107.7004
445114.00000 4368034.00000 -107.4228
445114.00000 4368038.00000 -107.3569
445114.00000 4368042.00000 -107.4043
445114.00000 4368046.00000 -107.5849
445114.00000 4368050.00000 -107.9174
445114.00000 4368054.00000 -108.4173
445114.00000 4368058.00000 -109.0943
445114.00000 4368062.00000 -109.9474
445114.00000 4368066.00000 -106.9097
445114.00000 4368070.00000 -107.4987
445114.00000 4368074.00000 -118.5360
445114.00000 4368078.00000 -109.1352
445114.00000 4368082.00000 N.C.
445114.00000 4368086.00000 N.C.
445114.00000 4368090.00000 N.C.
445114.00000 4368094.00000 -110.9717
445114.00000 4368098.00000 N.C.
445114.00000 4368102.00000 N.C.
445114.00000 4368106.00000 -105.5310
445114.00000 4368110.00000 -104.1642
445114.00000 4368114.00000 -102.8898
445114.00000 4368118.00000 -102.7644
445114.00000 4368122.00000 N.C.
445114.00000 4368126.00000 N.C.
445114.00000 4368130.00000 -89.5162
445114.00000 4368134.00000 -103.4024
445114.00000 4368138.00000 -106.1832
445114.00000 4368142.00000 -106.0511
445114.00000 4368146.00000 -108.1916
445114.00000 4368150.00000 -107.9705
445114.00000 4368154.00000 N.C.
445114.00000 4368158.00000 N.C.
445114.00000 4368162.00000 N.C.
445114.00000 4368166.00000 N.C.
445114.00000 4368170.00000 -111.0063
445114.00000 4368174.00000 -111.2764
445114.00000 4368178.00000 N.C.
445114.00000 4368182.00000 N.C.
445114.00000 4368186.00000 N.C.
445114.00000 4368190.00000 N.C.
445114.00000 4368194.00000 N.C.
445114.00000 4368198.00000 -113.4989
445114.00000 4368202.00000 N.C.
445114.00000 4368206.00000 N.C.
445114.00000 4368210.00000 -113.4239
445114.00000 4368214.00000 -114.2435
445114.00000 4368218.00000 -114.6984
445114.00000 4368222.00000 -112.2524
445114.00000 4368226.00000 -111.5549
445114.00000 4368230.00000 -110.9746
445114.00000 4368234.00000 -110.4948
445114.00000 4368238.00000 -110.1249
445114.00000 4368242.00000 N.C.
445114.00000 4368246.00000 N.C.
445114.00000 4368250.00000 -112.4317
445114.00000 4368254.00000 -118.8456
445114.00000 4368258.00000 N.C.
445114.00000 4368262.00000 -116.6072
445114.00000 4368266.00000 N.C.
445114.00000 4368270.00000 -117.0500
445114.00000 4368274.00000 -115.3678
445114.00000 4368278.00000 -115.4281
445114.00000 4368282.00000 -115.9393
445114.00000 4368286.00000 N.C.
445114.00000 4368290.00000 -119.8895
445114.00000 4368294.00000 -118.4272
445114.00000 4368298.00000 -117.2258
445114.00000 4368302.00000 -116.2954
445114.00000 4368306.00000 -119.4883
445114.00000 4368310.00000 -117.9061
445114.00000 4368314.00000 -114.8596
445114.00000 4368318.00000 -114.7719
445114.00000 4368322.00000 -114.7399
445114.00000 4368326.00000 N.C.
445114.00000 4368330.00000 -120.8476
445114.00000 4368334.00000 -121.0826
445114.00000 4368338.00000 -121.2683
445114.00000 4368342.00000 -121.4466
445114.00000 4368346.00000 N.C.
445114.00000 4368350.00000 N.C.
445114.00000 4368354.00000 -117.8375
445114.00000 4368358.00000 -116.2316
445114.00000 4368362.00000 -115.2885
445114.00000 4368366.00000 N.C.
445114.00000 4368370.00000 N.C.
445114.00000 4368374.00000 -118.8231
445114.00000 4368378.00000 -117.2763
445114.00000 4368382.00000 -116.4097
445114.00000 4368386.00000 -104.9869
445114.00000 4368390.00000 -105.1166
445114.00000 4368394.00000 -105.1991
445118.00000 4367886.00000 -103.7851
445118.00000 4367890.00000 -103.6208
445118.00000 4367894.00000 -103.4242
445118.00000 4367898.00000 -103.2552
445118.00000 4367902.00000 -103.0988
445118.00000 4367906.00000 -102.9098
445118.00000 4367910.00000 -102.7032
445118.00000 4367914.00000 -102.5089
445118.00000 4367918.00000 -102.3119
445118.00000 4367922.00000 -102.1271
445118.00000 4367926.00000 -101.9394
445118.00000 4367930.00000 -101.7487
445118.00000 4367934.00000 -101.5399
445118.00000 4367938.00000 -101.3431
445118.00000 4367942.00000 -101.1280
445118.00000 4367946.00000 -100.9245
445118.00000 4367950.00000 -100.7177
445118.00000 4367954.00000 -100.5224
445118.00000 4367958.00000 -100.3234
445118.00000 4367962.00000 -100.1358
445118.00000 4367966.00000 -99.9144
445118.00000 4367970.00000 -99.7040
445118.00000 4367974.00000 -99.4747
445118.00000 4367978.00000 -99.2562
445118.00000 4367982.00000 -99.0485
445118.00000 4367986.00000 -98.8365
445118.00000 4367990.00000 -98.6201
445118.00000 4367994.00000 -98.3691
445118.00000 4367998.00000 -98.1285
445118.00000 4368002.00000 -97.8532
445118.00000 4368006.00000 -97.5880
445118.00000 4368010.00000 -97.3180
445118.00000 4368014.00000 -97.0130
445118.00000 4368018.00000 -96.7780
445118.00000 4368022.00000 -96.5230
445118.00000 4368026.00000 -96.2029
445118.00000 4368030.00000 -106.4481
445118.00000 4368034.00000 -107.1448
445118.00000 4368038.00000 -106.8009
445118.00000 4368042.00000 -106.7297
445118.00000 4368046.00000 -106.8077
445118.00000 4368050.00000 -107.0658
445118.00000 4368054.00000 -107.5323
445118.00000 4368058.00000 -108.2281
445118.00000 4368062.00000 -109.1602
445118.00000 4368066.00000 -106.8975
445118.00000 4368070.00000 -107.4390
445118.00000 4368074.00000 -108.2229
445118.00000 4368078.00000 -109.1757
445118.00000 4368082.00000 -111.6472
445118.00000 4368086.00000 N.C.
445118.00000 4368090.00000 N.C.
445118.00000 4368094.00000 N.C.
445118.00000 4368098.00000 N.C.
445118.00000 4368102.00000 -107.3976
445118.00000 4368106.00000 -106.1880
445118.00000 4368110.00000 -104.7764
445118.00000 4368114.00000 -105.0836
445118.00000 4368118.00000 -101.8886
445118.00000 4368122.00000 N.C.
445118.00000 4368126.00000 -88.9423
445118.00000 4368130.00000 -88.9174
445118.00000 4368134.00000 -105.2074
445118.00000 4368138.00000 -104.9811
445118.00000 4368142.00000 -105.5837
445118.00000 4368146.00000 -109.4415
445118.00000 4368150.00000 -109.4802
445118.00000 4368154.00000 N.C.
445118.00000 4368158.00000 N.C.
445118.00000 4368162.00000 N.C.
445118.00000 4368166.00000 N.C.
445118.00000 4368170.00000 N.C.
445118.00000 4368174.00000 N.C.
445118.00000 4368178.00000 N.C.
445118.00000 4368182.00000 -112.4503
445118.00000 4368186.00000 -108.8444
445118.00000 4368190.00000 -108.0177
445118.00000 4368194.00000 -107.4565
445118.00000 4368198.00000 -107.1825
445118.00000 4368202.00000 -107.1474
445118.00000 4368206.00000 N.C.
445118.00000 4368210.00000 N.C.
445118.00000 4368214.00000 N.C.
445118.00000 4368218.00000 -114.5417
445118.00000 4368222.00000 -111.5195
445118.00000 4368226.00000 -110.7738
445118.00000 4368230.00000 -110.1691
445118.00000 4368234.00000 -109.7004
445118.00000 4368238.00000 -109.3283
445118.00000 4368242.00000 -109.0716
445118.00000 4368246.00000 -111.9192
445118.00000 4368250.00000 -113.8245
445118.00000 4368254.00000 N.C.
445118.00000 4368258.00000 N.C.
445118.00000 4368262.00000 -113.4000
445118.00000 4368266.00000 N.C.
445118.00000 4368270.00000 N.C.
445118.00000 4368274.00000 N.C.
445118.00000 4368278.00000 N.C.
445118.00000 4368282.00000 N.C.
445118.00000 4368286.00000 N.C.
445118.00000 4368290.00000 -119.9746
445118.00000 4368294.00000 -118.7614
445118.00000 4368298.00000 -117.5310
445118.00000 4368302.00000 -116.5994
445118.00000 4368306.00000 -117.8088
445118.00000 4368310.00000 -114.4407
445118.00000 4368314.00000 -114.3389
445118.00000 4368318.00000 -114.2968
445118.00000 4368322.00000 N.C.
445118.00000 4368326.00000 N.C.
445118.00000 4368330.00000 N.C.
445118.00000 4368334.00000 N.C.
445118.00000 4368338.00000 N.C.
445118.00000 4368342.00000 N.C.
445118.00000 4368346.00000 N.C.
445118.00000 4368350.00000 -118.3800
445118.00000 4368354.00000 -115.6124
445118.00000 4368358.00000 -103.8289
445118.00000 4368362.00000 -104.0068
445118.00000 4368366.00000 N.C.
445118.00000 4368370.00000 -118.5453
445118.00000 4368374.00000 -104.4351
445118.00000 4368378.00000 -104.5128
445118.00000 4368382.00000 -104.7083
445118.00000 4368386.00000 -104.8714
445118.00000 4368390.00000 -104.9872
445118.00000 4368394.00000 -105.1009
445122.00000 4367886.00000 -103.7463
445122.00000 4367890.00000 -103.5809
445122.00000 4367894.00000 -103.4130
445122.00000 4367898.00000 -103.2427
445122.00000 4367902.00000 -103.0699
445122.00000 4367906.00000 -102.8944
445122.00000 4367910.00000 -102.6863
445122.00000 4367914.00000 -102.5055
445122.00000 4367918.00000 -113.0383
445122.00000 4367922.00000 -102.1203
445122.00000 4367926.00000 -101.9157
445122.00000 4367930.00000 -101.6931
445122.00000 4367934.00000 -101.4973
445122.00000 4367938.00000 -101.2983
445122.00000 4367942.00000 -101.0959
445122.00000 4367946.00000 -100.8751
445122.00000 4367950.00000 -100.6658
445122.00000 4367954.00000 -100.4378
445122.00000 4367958.00000 -100.2360
445122.00000 4367962.00000 -100.0454
445122.00000 4367966.00000 -99.8358
445122.00000 4367970.00000 -99.6371
445122.00000 4367974.00000 -99.4192
445122.00000 4367978.00000 -99.1970
445122.00000 4367982.00000 -98.9552
445122.00000 4367986.00000 -98.7089
445122.00000 4367990.00000 -98.4879
445122.00000 4367994.00000 -98.2621
445122.00000 4367998.00000 -98.0013
445122.00000 4368002.00000 -97.7354
445122.00000 4368006.00000 -97.4792
445122.00000 4368010.00000 -97.1878
445122.00000 4368014.00000 -96.9060
445122.00000 4368018.00000 -96.6187
445122.00000 4368022.00000 -96.2957
445122.00000 4368026.00000 -96.0422
445122.00000 4368030.00000 -95.7679
445122.00000 4368034.00000 -95.3980
445122.00000 4368038.00000 -106.5627
445122.00000 4368042.00000 -106.1446
445122.00000 4368046.00000 -106.0600
445122.00000 4368050.00000 -106.1803
445122.00000 4368054.00000 -106.5579
445122.00000 4368058.00000 -107.2377
445122.00000 4368062.00000 -108.2469
445122.00000 4368066.00000 -109.5742
445122.00000 4368070.00000 -107.6235
445122.00000 4368074.00000 N.C.
445122.00000 4368078.00000 N.C.
445122.00000 4368082.00000 N.C.
445122.00000 4368086.00000 N.C.
445122.00000 4368090.00000 N.C.
445122.00000 4368094.00000 -109.9546
445122.00000 4368098.00000 -109.3073
445122.00000 4368102.00000 -108.3051
445122.00000 4368106.00000 -107.1618
445122.00000 4368110.00000 -105.8029
445122.00000 4368114.00000 -104.0834
445122.00000 4368118.00000 N.C.
445122.00000 4368122.00000 N.C.
445122.00000 4368126.00000 -88.3530
445122.00000 4368130.00000 -88.2896
445122.00000 4368134.00000 -103.8739
445122.00000 4368138.00000 -104.3981
445122.00000 4368142.00000 N.C.
445122.00000 4368146.00000 N.C.
445122.00000 4368150.00000 -109.0996
445122.00000 4368154.00000 -108.9671
445122.00000 4368158.00000 N.C.
445122.00000 4368162.00000 -109.2346
445122.00000 4368166.00000 N.C.
445122.00000 4368170.00000 N.C.
445122.00000 4368174.00000 N.C.
445122.00000 4368178.00000 N.C.
445122.00000 4368182.00000 N.C.
445122.00000 4368186.00000 -109.5227
445122.00000 4368190.00000 N.C.
445122.00000 4368194.00000 N.C.
445122.00000 4368198.00000 -107.8756
445122.00000 4368202.00000 -107.8435
445122.00000 4368206.00000 -107.9867
445122.00000 4368210.00000 -108.2460
445122.00000 4368214.00000 N.C.
445122.00000 4368218.00000 -111.6687
445122.00000 4368222.00000 -110.6990
445122.00000 4368226.00000 -109.9179
445122.00000 4368230.00000 -109.2947
445122.00000 4368234.00000 -108.8187
445122.00000 4368238.00000 -108.4889
445122.00000 4368242.00000 -111.3842
445122.00000 4368246.00000 -115.2064
445122.00000 4368250.00000 -114.2868
445122.00000 4368254.00000 N.C.
445122.00000 4368258.00000 -112.9148
445122.00000 4368262.00000 -108.4586
445122.00000 4368266.00000 N.C.
445122.00000 4368270.00000 N.C.
445122.00000 4368274.00000 N.C.
445122.00000 4368278.00000 -119.6907
445122.00000 4368282.00000 N.C.
445122.00000 4368286.00000 N.C.
445122.00000 4368290.00000 -119.9457
445122.00000 4368294.00000 -119.3462
445122.00000 4368298.00000 N.C.
445122.00000 4368302.00000 N.C.
445122.00000 4368306.00000 -119.2185
445122.00000 4368310.00000 -119.3214
445122.00000 4368314.00000 -119.4449
445122.00000 4368318.00000 -117.8263
445122.00000 4368322.00000 N.C.
445122.00000 4368326.00000 N.C.
445122.00000 4368330.00000 N.C.
445122.00000 4368334.00000 N.C.
445122.00000 4368338.00000 N.C.
445122.00000 4368342.00000 N.C.
445122.00000 4368346.00000 N.C.
445122.00000 4368350.00000 -118.0151
445122.00000 4368354.00000 -116.8019
445122.00000 4368358.00000 -103.7363
445122.00000 4368362.00000 -103.8257
445122.00000 4368366.00000 -104.0475
445122.00000 4368370.00000 -104.1616
445122.00000 4368374.00000 -104.2882
445122.00000 4368378.00000 -104.3972
445122.00000 4368382.00000 -104.4739
445122.00000 4368386.00000 -104.5932
445122.00000 4368390.00000 -104.7252
445122.00000 4368394.00000 -104.8849
445126.00000 4367886.00000 -103.7249
445126.00000 4367890.00000 -103.5583
445126.00000 4367894.00000 -103.3893
445126.00000 4367898.00000 -103.2177
445126.00000 4367902.00000 -103.0286
445126.00000 4367906.00000 -102.8518
445126.00000 4367910.00000 -102.6723
445126.00000 4367914.00000 -113.4002
445126.00000 4367918.00000 -113.1449
445126.00000 4367922.00000 -112.8862
445126.00000 4367926.00000 -112.6263
445126.00000 4367930.00000 -112.3681
445126.00000 4367934.00000 -112.1176
445126.00000 4367938.00000 -101.2870
445126.00000 4367942.00000 -101.0675
445126.00000 4367946.00000 -100.8294
445126.00000 4367950.00000 -100.6176
445126.00000 4367954.00000 -100.4021
445126.00000 4367958.00000 -100.1977
445126.00000 4367962.00000 -99.9742
445126.00000 4367966.00000 -99.7616
445126.00000 4367970.00000 -99.5446
445126.00000 4367974.00000 -99.3383
445126.00000 4367978.00000 -99.1124
445126.00000 4367982.00000 -98.8818
445126.00000 4367986.00000 -98.6464
445126.00000 4367990.00000 -98.4059
445126.00000 4367994.00000 -98.1304
445126.00000 4367998.00000 -97.8795
445126.00000 4368002.00000 -97.6232
445126.00000 4368006.00000 -97.3463
445126.00000 4368010.00000 -97.0636
445126.00000 4368014.00000 -96.7901
445126.00000 4368018.00000 -96.4955
445126.00000 4368022.00000 -96.1798
445126.00000 4368026.00000 -95.8729
445126.00000 4368030.00000 -95.5296
445126.00000 4368034.00000 -95.2550
445126.00000 4368038.00000 -94.9589
445126.00000 4368042.00000 -94.5815
445126.00000 4368046.00000 -105.4562
445126.00000 4368050.00000 -105.3388
445126.00000 4368054.00000 -105.5187
445126.00000 4368058.00000 -106.0962
445126.00000 4368062.00000 -107.1495
445126.00000 4368066.00000 -108.6990
445126.00000 4368070.00000 -110.6448
445126.00000 4368074.00000 N.C.
445126.00000 4368078.00000 N.C.
445126.00000 4368082.00000 -110.6507
445126.00000 4368086.00000 N.C.
445126.00000 4368090.00000 -109.9087
445126.00000 4368094.00000 N.C.
445126.00000 4368098.00000 N.C.
445126.00000 4368102.00000 N.C.
445126.00000 4368106.00000 N.C.
445126.00000 4368110.00000 -107.3642
445126.00000 4368114.00000 -103.2552
445126.00000 4368118.00000 -103.8065
445126.00000 4368122.00000 -100.4372
445126.00000 4368126.00000 -97.8512
445126.00000 4368130.00000 -87.6308
445126.00000 4368134.00000 -103.1856
445126.00000 4368138.00000 -103.8121
445126.00000 4368142.00000 N.C.
445126.00000 4368146.00000 -102.1526
445126.00000 4368150.00000 N.C.
445126.00000 4368154.00000 N.C.
445126.00000 4368158.00000 N.C.
445126.00000 4368162.00000 N.C.
445126.00000 4368166.00000 N.C.
445126.00000 4368170.00000 -109.1856
445126.00000 4368174.00000 -102.9878
445126.00000 4368178.00000 -110.5477
445126.00000 4368182.00000 -110.1983
445126.00000 4368186.00000 -110.5474
445126.00000 4368190.00000 N.C.
445126.00000 4368194.00000 N.C.
445126.00000 4368198.00000 -112.4497
445126.00000 4368202.00000 -108.7036
445126.00000 4368206.00000 -108.8069
445126.00000 4368210.00000 -109.0350
445126.00000 4368214.00000 -109.3183
445126.00000 4368218.00000 -109.6598
445126.00000 4368222.00000 -109.7625
445126.00000 4368226.00000 -108.9331
445126.00000 4368230.00000 -108.3048
445126.00000 4368234.00000 -107.8714
445126.00000 4368238.00000 -107.5924
445126.00000 4368242.00000 N.C.
445126.00000 4368246.00000 N.C.
445126.00000 4368250.00000 -107.4488
445126.00000 4368254.00000 -107.6277
445126.00000 4368258.00000 -111.5631
445126.00000 4368262.00000 -112.2034
445126.00000 4368266.00000 -112.7993
445126.00000 4368270.00000 N.C.
445126.00000 4368274.00000 N.C.
445126.00000 4368278.00000 -115.5865
445126.00000 4368282.00000 N.C.
445126.00000 4368286.00000 -119.6072
445126.00000 4368290.00000 -119.9746
445126.00000 4368294.00000 -120.0574
445126.00000 4368298.00000 N.C.
445126.00000 4368302.00000 N.C.
445126.00000 4368306.00000 N.C.
445126.00000 4368310.00000 N.C.
445126.00000 4368314.00000 N.C.
445126.00000 4368318.00000 N.C.
445126.00000 4368322.00000 N.C.
445126.00000 4368326.00000 N.C.
445126.00000 4368330.00000 N.C.
445126.00000 4368334.00000 N.C.
445126.00000 4368338.00000 N.C.
445126.00000 4368342.00000 N.C.
445126.00000 4368346.00000 N.C.
445126.00000 4368350.00000 -116.2415
445126.00000 4368354.00000 -115.5058
445126.00000 4368358.00000 -103.6315
445126.00000 4368362.00000 -103.7074
445126.00000 4368366.00000 -103.8105
445126.00000 4368370.00000 -103.9560
445126.00000 4368374.00000 -104.0988
445126.00000 4368378.00000 -104.2241
445126.00000 4368382.00000 -104.3469
445126.00000 4368386.00000 -104.4823
445126.00000 4368390.00000 -104.6153
445126.00000 4368394.00000 -104.7461
445130.00000 4367886.00000 -103.6909
445130.00000 4367890.00000 -103.5233
445130.00000 4367894.00000 -103.3531
445130.00000 4367898.00000 -103.1804
445130.00000 4367902.00000 -103.0051
445130.00000 4367906.00000 -102.8270
445130.00000 4367910.00000 -102.6461
445130.00000 4367914.00000 -113.6759
445130.00000 4367918.00000 -113.4193
445130.00000 4367922.00000 -113.1549
445130.00000 4367926.00000 -112.8822
445130.00000 4367930.00000 -112.6011
445130.00000 4367934.00000 -112.3113
445130.00000 4367938.00000 -112.0138
445130.00000 4367942.00000 -111.7109
445130.00000 4367946.00000 -111.4090
445130.00000 4367950.00000 -111.1215
445130.00000 4367954.00000 -100.3855
445130.00000 4367958.00000 -100.1335
445130.00000 4367962.00000 -99.9073
445130.00000 4367966.00000 -99.7068
445130.00000 4367970.00000 -99.4868
445130.00000 4367974.00000 -99.2622
445130.00000 4367978.00000 -99.0328
445130.00000 4367982.00000 -98.7985
445130.00000 4367986.00000 -98.5591
445130.00000 4367990.00000 -98.3144
445130.00000 4367994.00000 -98.0643
445130.00000 4367998.00000 -97.8086
445130.00000 4368002.00000 -97.5170
445130.00000 4368006.00000 -97.2195
445130.00000 4368010.00000 -96.9308
445130.00000 4368014.00000 -96.6508
445130.00000 4368018.00000 -96.3492
445130.00000 4368022.00000 -96.0410
445130.00000 4368026.00000 -95.7408
445130.00000 4368030.00000 -95.4037
445130.00000 4368034.00000 -95.0745
445130.00000 4368038.00000 -94.7080
445130.00000 4368042.00000 -94.4242
445130.00000 4368046.00000 -94.0732
445130.00000 4368050.00000 -104.7540
445130.00000 4368054.00000 -104.5540
445130.00000 4368058.00000 -104.8191
445130.00000 4368062.00000 -105.7787
445130.00000 4368066.00000 -107.5808
445130.00000 4368070.00000 -110.1191
445130.00000 4368074.00000 N.C.
445130.00000 4368078.00000 N.C.
445130.00000 4368082.00000 -110.1913
445130.00000 4368086.00000 N.C.
445130.00000 4368090.00000 N.C.
445130.00000 4368094.00000 N.C.
445130.00000 4368098.00000 N.C.
445130.00000 4368102.00000 N.C.
445130.00000 4368106.00000 N.C.
445130.00000 4368110.00000 N.C.
445130.00000 4368114.00000 -102.4936
445130.00000 4368118.00000 N.C.
445130.00000 4368122.00000 N.C.
445130.00000 4368126.00000 N.C.
445130.00000 4368130.00000 -86.9390
445130.00000 4368134.00000 -102.4719
445130.00000 4368138.00000 -103.2384
445130.00000 4368142.00000 N.C.
445130.00000 4368146.00000 -102.8633
445130.00000 4368150.00000 -103.0029
445130.00000 4368154.00000 -103.5377
445130.00000 4368158.00000 -104.2687
445130.00000 4368162.00000 N.C.
445130.00000 4368166.00000 N.C.
445130.00000 4368170.00000 -103.1926
445130.00000 4368174.00000 -102.0926
445130.00000 4368178.00000 N.C.
445130.00000 4368182.00000 N.C.
445130.00000 4368186.00000 N.C.
445130.00000 4368190.00000 N.C.
445130.00000 4368194.00000 -112.3108
445130.00000 4368198.00000 N.C.
445130.00000 4368202.00000 -112.0448
445130.00000 4368206.00000 -121.6982
445130.00000 4368210.00000 -108.5685
445130.00000 4368214.00000 -111.3145
445130.00000 4368218.00000 -109.8504
445130.00000 4368222.00000 -108.6826
445130.00000 4368226.00000 -107.8176
445130.00000 4368230.00000 -107.2121
445130.00000 4368234.00000 -106.8414
445130.00000 4368238.00000 -106.6378
445130.00000 4368242.00000 -106.5996
445130.00000 4368246.00000 -106.7002
445130.00000 4368250.00000 -110.9068
445130.00000 4368254.00000 -111.6859
445130.00000 4368258.00000 -112.3709
445130.00000 4368262.00000 -112.9790
445130.00000 4368266.00000 -117.7181
445130.00000 4368270.00000 -118.0522
445130.00000 4368274.00000 -115.5905
445130.00000 4368278.00000 -114.8992
445130.00000 4368282.00000 N.C.
445130.00000 4368286.00000 -119.5069
445130.00000 4368290.00000 -120.0574
445130.00000 4368294.00000 -113.1839
445130.00000 4368298.00000 -112.9779
445130.00000 4368302.00000 -112.8151
445130.00000 4368306.00000 N.C.
445130.00000 4368310.00000 N.C.
445130.00000 4368314.00000 N.C.
445130.00000 4368318.00000 N.C.
445130.00000 4368322.00000 N.C.
445130.00000 4368326.00000 N.C.
445130.00000 4368330.00000 N.C.
445130.00000 4368334.00000 N.C.
445130.00000 4368338.00000 N.C.
445130.00000 4368342.00000 -117.1287
445130.00000 4368346.00000 -115.5368
445130.00000 4368350.00000 -103.1111
445130.00000 4368354.00000 -103.2544
445130.00000 4368358.00000 -103.4246
445130.00000 4368362.00000 -103.5619
445130.00000 4368366.00000 -103.6964
445130.00000 4368370.00000 -103.8281
445130.00000 4368374.00000 -103.9721
445130.00000 4368378.00000 -104.0835
445130.00000 4368382.00000 -104.2674
445130.00000 4368386.00000 -104.4489
445130.00000 4368390.00000 -115.9580
445130.00000 4368394.00000 -116.1431
445134.00000 4367886.00000 -103.6594
445134.00000 4367890.00000 -103.4908
445134.00000 4367894.00000 -103.3196
445134.00000 4367898.00000 -103.1458
445134.00000 4367902.00000 -102.9693
445134.00000 4367906.00000 -102.7900
445134.00000 4367910.00000 -102.6079
445134.00000 4367914.00000 -114.0440
445134.00000 4367918.00000 -113.8035
445134.00000 4367922.00000 -113.5562
445134.00000 4367926.00000 -113.3011
445134.00000 4367930.00000 -113.0373
445134.00000 4367934.00000 -112.7636
445134.00000 4367938.00000 -112.4788
445134.00000 4367942.00000 -112.1806
445134.00000 4367946.00000 -111.8672
445134.00000 4367950.00000 -111.5355
445134.00000 4367954.00000 -111.1821
445134.00000 4367958.00000 -110.8052
445134.00000 4367962.00000 -110.4098
445134.00000 4367966.00000 -99.6867
445134.00000 4367970.00000 -99.4488
445134.00000 4367974.00000 -99.1911
445134.00000 4367978.00000 -98.9734
445134.00000 4367982.00000 -98.7356
445134.00000 4367986.00000 -98.4774
445134.00000 4367990.00000 -98.2437
445134.00000 4367994.00000 -97.9743
445134.00000 4367998.00000 -97.7289
445134.00000 4368002.00000 -97.4474
445134.00000 4368006.00000 -97.1595
445134.00000 4368010.00000 -96.8500
445134.00000 4368014.00000 -96.5337
445134.00000 4368018.00000 -96.2104
445134.00000 4368022.00000 -95.9098
445134.00000 4368026.00000 -95.5867
445134.00000 4368030.00000 -95.2560
445134.00000 4368034.00000 -94.9323
445134.00000 4368038.00000 -94.5706
445134.00000 4368042.00000 -94.2157
445134.00000 4368046.00000 -93.8226
445134.00000 4368050.00000 -93.5110
445134.00000 4368054.00000 -93.1162
445134.00000 4368058.00000 -103.7026
445134.00000 4368062.00000 -104.0767
445134.00000 4368066.00000 -105.9659
445134.00000 4368070.00000 -109.5697
445134.00000 4368074.00000 N.C.
445134.00000 4368078.00000 -110.3300
445134.00000 4368082.00000 N.C.
445134.00000 4368086.00000 N.C.
445134.00000 4368090.00000 -108.7857
445134.00000 4368094.00000 N.C.
445134.00000 4368098.00000 -106.1226
445134.00000 4368102.00000 -100.4504
445134.00000 4368106.00000 -105.4089
445134.00000 4368110.00000 -100.3044
445134.00000 4368114.00000 -101.6811
445134.00000 4368118.00000 N.C.
445134.00000 4368122.00000 N.C.
445134.00000 4368126.00000 N.C.
445134.00000 4368130.00000 -86.1975
445134.00000 4368134.00000 -101.7418
445134.00000 4368138.00000 -102.7529
445134.00000 4368142.00000 N.C.
445134.00000 4368146.00000 N.C.
445134.00000 4368150.00000 -104.0526
445134.00000 4368154.00000 -104.5507
445134.00000 4368158.00000 -105.2295
445134.00000 4368162.00000 N.C.
445134.00000 4368166.00000 N.C.
445134.00000 4368170.00000 -102.4090
445134.00000 4368174.00000 -101.2121
445134.00000 4368178.00000 N.C.
445134.00000 4368182.00000 -109.0908
445134.00000 4368186.00000 -110.8870
445134.00000 4368190.00000 -111.5149
445134.00000 4368194.00000 -111.5174
445134.00000 4368198.00000 N.C.
445134.00000 4368202.00000 -111.8357
445134.00000 4368206.00000 -121.9359
445134.00000 4368210.00000 -108.4401
445134.00000 4368214.00000 -110.3881
445134.00000 4368218.00000 -108.6326
445134.00000 4368222.00000 -107.3657
445134.00000 4368226.00000 -106.5031
445134.00000 4368230.00000 -105.9914
445134.00000 4368234.00000 -105.7349
445134.00000 4368238.00000 -105.7109
445134.00000 4368242.00000 -110.4602
445134.00000 4368246.00000 -111.4503
445134.00000 4368250.00000 -112.2190
445134.00000 4368254.00000 -112.8577
445134.00000 4368258.00000 -113.4139
445134.00000 4368262.00000 -113.9136
445134.00000 4368266.00000 N.C.
445134.00000 4368270.00000 -115.7507
445134.00000 4368274.00000 -114.8594
445134.00000 4368278.00000 N.C.
445134.00000 4368282.00000 N.C.
445134.00000 4368286.00000 -119.3376
445134.00000 4368290.00000 -112.7614
445134.00000 4368294.00000 -112.5116
445134.00000 4368298.00000 -112.3189
445134.00000 4368302.00000 -112.1556
445134.00000 4368306.00000 -112.0710
445134.00000 4368310.00000 N.C.
445134.00000 4368314.00000 N.C.
445134.00000 4368318.00000 N.C.
445134.00000 4368322.00000 -118.5016
445134.00000 4368326.00000 N.C.
445134.00000 4368330.00000 N.C.
445134.00000 4368334.00000 N.C.
445134.00000 4368338.00000 N.C.
445134.00000 4368342.00000 -114.7192
445134.00000 4368346.00000 -113.4910
445134.00000 4368350.00000 -102.9795
445134.00000 4368354.00000 -103.1392
445134.00000 4368358.00000 -103.2657
445134.00000 4368362.00000 -103.4643
445134.00000 4368366.00000 -103.6750
445134.00000 4368370.00000 -115.1215
445134.00000 4368374.00000 -115.3220
445134.00000 4368378.00000 -115.5193
445134.00000 4368382.00000 -115.7134
445134.00000 4368386.00000 -115.9045
445134.00000 4368390.00000 -116.0926
445134.00000 4368394.00000 -116.2779
445138.00000 4367886.00000 -103.5854
445138.00000 4367890.00000 -103.4159
445138.00000 4367894.00000 -103.2587
445138.00000 4367898.00000 -103.0989
445138.00000 4367902.00000 -102.9364
445138.00000 4367906.00000 -102.7560
445138.00000 4367910.00000 -102.5727
445138.00000 4367914.00000 -114.4709
445138.00000 4367918.00000 -114.2559
445138.00000 4367922.00000 -114.0370
445138.00000 4367926.00000 -113.8141
445138.00000 4367930.00000 -113.5870
445138.00000 4367934.00000 -113.3556
445138.00000 4367938.00000 -113.1197
445138.00000 4367942.00000 -112.8791
445138.00000 4367946.00000 -112.6337
445138.00000 4367950.00000 -112.3833
445138.00000 4367954.00000 -112.1275
445138.00000 4367958.00000 -111.8663
445138.00000 4367962.00000 -111.5993
445138.00000 4367966.00000 -111.3264
445138.00000 4367970.00000 -111.0471
445138.00000 4367974.00000 -110.7613
445138.00000 4367978.00000 -110.4687
445138.00000 4367982.00000 -98.6933
445138.00000 4367986.00000 -98.4166
445138.00000 4367990.00000 -98.1491
445138.00000 4367994.00000 -97.9056
445138.00000 4367998.00000 -97.6408
445138.00000 4368002.00000 -97.3845
445138.00000 4368006.00000 -97.0765
445138.00000 4368010.00000 -96.7766
445138.00000 4368014.00000 -96.4543
445138.00000 4368018.00000 -96.1395
445138.00000 4368022.00000 -95.8019
445138.00000 4368026.00000 -95.4412
445138.00000 4368030.00000 -95.1021
445138.00000 4368034.00000 -94.7694
445138.00000 4368038.00000 -94.4129
445138.00000 4368042.00000 -94.0622
445138.00000 4368046.00000 -93.6721
445138.00000 4368050.00000 -93.2876
445138.00000 4368054.00000 -92.8635
445138.00000 4368058.00000 -92.5197
445138.00000 4368062.00000 -92.0765
445138.00000 4368066.00000 -103.2861
445138.00000 4368070.00000 -104.5545
445138.00000 4368074.00000 -108.2869
445138.00000 4368078.00000 N.C.
445138.00000 4368082.00000 N.C.
445138.00000 4368086.00000 N.C.
445138.00000 4368090.00000 -108.2746
445138.00000 4368094.00000 N.C.
445138.00000 4368098.00000 -107.2442
445138.00000 4368102.00000 N.C.
445138.00000 4368106.00000 -99.2721
445138.00000 4368110.00000 -99.1709
445138.00000 4368114.00000 -100.8105
445138.00000 4368118.00000 N.C.
445138.00000 4368122.00000 -85.6475
445138.00000 4368126.00000 -85.4469
445138.00000 4368130.00000 -85.4203
445138.00000 4368134.00000 -101.0202
445138.00000 4368138.00000 N.C.
445138.00000 4368142.00000 -105.3940
445138.00000 4368146.00000 -105.2993
445138.00000 4368150.00000 -105.4830
445138.00000 4368154.00000 -105.6341
445138.00000 4368158.00000 -105.4219
445138.00000 4368162.00000 N.C.
445138.00000 4368166.00000 N.C.
445138.00000 4368170.00000 -101.6826
445138.00000 4368174.00000 N.C.
445138.00000 4368178.00000 N.C.
445138.00000 4368182.00000 -108.6355
445138.00000 4368186.00000 -111.0429
445138.00000 4368190.00000 -111.2168
445138.00000 4368194.00000 N.C.
445138.00000 4368198.00000 N.C.
445138.00000 4368202.00000 -111.6618
445138.00000 4368206.00000 -109.5760
445138.00000 4368210.00000 -108.5928
445138.00000 4368214.00000 -109.9946
445138.00000 4368218.00000 -107.0774
445138.00000 4368222.00000 -105.7366
445138.00000 4368226.00000 -104.9707
445138.00000 4368230.00000 -104.6621
445138.00000 4368234.00000 -112.2062
445138.00000 4368238.00000 -112.6381
445138.00000 4368242.00000 -113.0553
445138.00000 4368246.00000 -113.4585
445138.00000 4368250.00000 -113.8489
445138.00000 4368254.00000 -114.2271
445138.00000 4368258.00000 -114.5939
445138.00000 4368262.00000 -114.9499
445138.00000 4368266.00000 -115.2958
445138.00000 4368270.00000 -115.0139
445138.00000 4368274.00000 -114.0631
445138.00000 4368278.00000 N.C.
445138.00000 4368282.00000 N.C.
445138.00000 4368286.00000 -112.3512
445138.00000 4368290.00000 -112.0292
445138.00000 4368294.00000 -111.7992
445138.00000 4368298.00000 -111.6277
445138.00000 4368302.00000 -111.5151
445138.00000 4368306.00000 -111.4650
445138.00000 4368310.00000 -111.4529
445138.00000 4368314.00000 -111.4568
445138.00000 4368318.00000 -111.5010
445138.00000 4368322.00000 N.C.
445138.00000 4368326.00000 N.C.
445138.00000 4368330.00000 N.C.
445138.00000 4368334.00000 N.C.
445138.00000 4368338.00000 -116.5429
445138.00000 4368342.00000 -114.5497
445138.00000 4368346.00000 -115.9325
445138.00000 4368350.00000 -102.9561
445138.00000 4368354.00000 N.C.
445138.00000 4368358.00000 N.C.
445138.00000 4368362.00000 -121.5763
445138.00000 4368366.00000 -118.9313
445138.00000 4368370.00000 -117.8871
445138.00000 4368374.00000 -119.3064
445138.00000 4368378.00000 -118.2553
445138.00000 4368382.00000 -117.7791
445138.00000 4368386.00000 -117.5576
445138.00000 4368390.00000 -117.4678
445138.00000 4368394.00000 -117.4539
445142.00000 4367886.00000 -103.5590
445142.00000 4367890.00000 -103.3886
445142.00000 4367894.00000 -103.2156
445142.00000 4367898.00000 -103.0399
445142.00000 4367902.00000 -102.8613
445142.00000 4367906.00000 -102.6799
445142.00000 4367910.00000 -102.4956
445142.00000 4367914.00000 -102.3081
445142.00000 4367918.00000 -114.7508
445142.00000 4367922.00000 -114.5657
445142.00000 4367926.00000 -114.3814
445142.00000 4367930.00000 -113.5511
445142.00000 4367934.00000 -113.3026
445142.00000 4367938.00000 -113.0486
445142.00000 4367942.00000 -112.7892
445142.00000 4367946.00000 -112.5241
445142.00000 4367950.00000 -112.2528
445142.00000 4367954.00000 -111.9754
445142.00000 4367958.00000 -111.6915
445142.00000 4367962.00000 -111.4010
445142.00000 4367966.00000 -111.1037
445142.00000 4367970.00000 -110.7995
445142.00000 4367974.00000 -110.4886
445142.00000 4367978.00000 -110.1713
445142.00000 4367982.00000 -109.8479
445142.00000 4367986.00000 -109.5197
445142.00000 4367990.00000 -109.1886
445142.00000 4367994.00000 -108.8575
445142.00000 4367998.00000 -97.5896
445142.00000 4368002.00000 -97.2840
445142.00000 4368006.00000 -96.9862
445142.00000 4368010.00000 -96.6960
445142.00000 4368014.00000 -96.3831
445142.00000 4368018.00000 -96.0472
445142.00000 4368022.00000 -95.7180
445142.00000 4368026.00000 -95.3651
445142.00000 4368030.00000 -95.0181
445142.00000 4368034.00000 -94.6468
445142.00000 4368038.00000 -94.2507
445142.00000 4368042.00000 -93.8896
445142.00000 4368046.00000 -93.5031
445142.00000 4368050.00000 -93.1210
445142.00000 4368054.00000 -92.6979
445142.00000 4368058.00000 -92.2788
445142.00000 4368062.00000 -91.8185
445142.00000 4368066.00000 -91.4521
445142.00000 4368070.00000 -90.9549
445142.00000 4368074.00000 -107.6380
445142.00000 4368078.00000 N.C.
445142.00000 4368082.00000 -107.7187
445142.00000 4368086.00000 N.C.
445142.00000 4368090.00000 N.C.
445142.00000 4368094.00000 N.C.
445142.00000 4368098.00000 N.C.
445142.00000 4368102.00000 N.C.
445142.00000 4368106.00000 N.C.
445142.00000 4368110.00000 -85.9605
445142.00000 4368114.00000 -99.8727
445142.00000 4368118.00000 N.C.
445142.00000 4368122.00000 -84.9001
445142.00000 4368126.00000 -84.6693
445142.00000 4368130.00000 -84.6222
445142.00000 4368134.00000 -100.3762
445142.00000 4368138.00000 N.C.
445142.00000 4368142.00000 N.C.
445142.00000 4368146.00000 N.C.
445142.00000 4368150.00000 N.C.
445142.00000 4368154.00000 -104.6302
445142.00000 4368158.00000 -104.9570
445142.00000 4368162.00000 N.C.
445142.00000 4368166.00000 N.C.
445142.00000 4368170.00000 -101.1472
445142.00000 4368174.00000 N.C.
445142.00000 4368178.00000 N.C.
445142.00000 4368182.00000 -108.2602
445142.00000 4368186.00000 -111.3020
445142.00000 4368190.00000 -111.1159
445142.00000 4368194.00000 N.C.
445142.00000 4368198.00000 N.C.
445142.00000 4368202.00000 -111.3919
445142.00000 4368206.00000 -110.0581
445142.00000 4368210.00000 N.C.
445142.00000 4368214.00000 -107.4785
445142.00000 4368218.00000 -104.9421
445142.00000 4368222.00000 -103.6873
445142.00000 4368226.00000 -93.9227
445142.00000 4368230.00000 N.C.
445142.00000 4368234.00000 N.C.
445142.00000 4368238.00000 N.C.
445142.00000 4368242.00000 N.C.
445142.00000 4368246.00000 N.C.
445142.00000 4368250.00000 N.C.
445142.00000 4368254.00000 -115.9258
445142.00000 4368258.00000 -115.7460
445142.00000 4368262.00000 -116.2141
445142.00000 4368266.00000 -115.4829
445142.00000 4368270.00000 -114.2166
445142.00000 4368274.00000 -113.2156
445142.00000 4368278.00000 -112.5116
445142.00000 4368282.00000 -111.9878
445142.00000 4368286.00000 -111.5888
445142.00000 4368290.00000 -111.2955
445142.00000 4368294.00000 -111.0957
445142.00000 4368298.00000 -110.9837
445142.00000 4368302.00000 -110.9283
445142.00000 4368306.00000 -110.9177
445142.00000 4368310.00000 -110.9126
445142.00000 4368314.00000 -110.9507
445142.00000 4368318.00000 -111.0417
445142.00000 4368322.00000 N.C.
445142.00000 4368326.00000 N.C.
445142.00000 4368330.00000 N.C.
445142.00000 4368334.00000 N.C.
445142.00000 4368338.00000 -116.5514
445142.00000 4368342.00000 -115.0573
445142.00000 4368346.00000 -113.8141
445142.00000 4368350.00000 -102.9961
445142.00000 4368354.00000 N.C.
445142.00000 4368358.00000 N.C.
445142.00000 4368362.00000 -122.1997
445142.00000 4368366.00000 -121.8662
445142.00000 4368370.00000 N.C.
445142.00000 4368374.00000 N.C.
445142.00000 4368378.00000 -120.6611
445142.00000 4368382.00000 -119.7415
445142.00000 4368386.00000 -119.1912
445142.00000 4368390.00000 -118.8574
445142.00000 4368394.00000 -118.6582
445146.00000 4367886.00000 -103.5352
445146.00000 4367890.00000 -103.3640
445146.00000 4367894.00000 -103.1902
445146.00000 4367898.00000 -103.0136
445146.00000 4367902.00000 -102.8342
445146.00000 4367906.00000 -102.6519
445146.00000 4367910.00000 -102.4666
445146.00000 4367914.00000 -102.2781
445146.00000 4367918.00000 -102.0865
445146.00000 4367922.00000 -101.8915
445146.00000 4367926.00000 -101.6931
445146.00000 4367930.00000 -101.4911
445146.00000 4367934.00000 -101.2855
445146.00000 4367938.00000 -101.0760
445146.00000 4367942.00000 -112.9557
445146.00000 4367946.00000 -112.6932
445146.00000 4367950.00000 -112.4245
445146.00000 4367954.00000 -112.1492
445146.00000 4367958.00000 -111.8669
445146.00000 4367962.00000 -111.5774
445146.00000 4367966.00000 -111.2802
445146.00000 4367970.00000 -110.9749
445146.00000 4367974.00000 -110.6610
445146.00000 4367978.00000 -110.3380
445146.00000 4367982.00000 -110.0055
445146.00000 4367986.00000 -109.6631
445146.00000 4367990.00000 -109.3103
445146.00000 4367994.00000 -108.9476
445146.00000 4367998.00000 -108.5751
445146.00000 4368002.00000 -108.1945
445146.00000 4368006.00000 -107.8097
445146.00000 4368010.00000 -107.4282
445146.00000 4368014.00000 -96.3057
445146.00000 4368018.00000 -95.9491
445146.00000 4368022.00000 -95.6137
445146.00000 4368026.00000 -95.2840
445146.00000 4368030.00000 -94.9146
445146.00000 4368034.00000 -94.5501
445146.00000 4368038.00000 -94.1601
445146.00000 4368042.00000 -93.7742
445146.00000 4368046.00000 -93.3468
445146.00000 4368050.00000 -92.9226
445146.00000 4368054.00000 -92.5162
445146.00000 4368058.00000 -92.0822
445146.00000 4368062.00000 -91.6504
445146.00000 4368066.00000 -91.1756
445146.00000 4368070.00000 -90.6728
445146.00000 4368074.00000 N.C.
445146.00000 4368078.00000 N.C.
445146.00000 4368082.00000 -107.0335
445146.00000 4368086.00000 N.C.
445146.00000 4368090.00000 N.C.
445146.00000 4368094.00000 N.C.
445146.00000 4368098.00000 N.C.
445146.00000 4368102.00000 -86.3359
445146.00000 4368106.00000 -85.8236
445146.00000 4368110.00000 -85.3343
445146.00000 4368114.00000 -84.8796
445146.00000 4368118.00000 N.C.
445146.00000 4368122.00000 -84.1288
445146.00000 4368126.00000 -83.8619
445146.00000 4368130.00000 -83.7449
445146.00000 4368134.00000 -100.0294
445146.00000 4368138.00000 -102.4351
445146.00000 4368142.00000 N.C.
445146.00000 4368146.00000 N.C.
445146.00000 4368150.00000 N.C.
445146.00000 4368154.00000 N.C.
445146.00000 4368158.00000 N.C.
445146.00000 4368162.00000 N.C.
445146.00000 4368166.00000 N.C.
445146.00000 4368170.00000 -101.0615
445146.00000 4368174.00000 N.C.
445146.00000 4368178.00000 N.C.
445146.00000 4368182.00000 -108.0532
445146.00000 4368186.00000 -105.7757
445146.00000 4368190.00000 -106.5413
445146.00000 4368194.00000 N.C.
445146.00000 4368198.00000 N.C.
445146.00000 4368202.00000 -111.5546
445146.00000 4368206.00000 -111.5140
445146.00000 4368210.00000 N.C.
445146.00000 4368214.00000 -104.6685
445146.00000 4368218.00000 -102.0769
445146.00000 4368222.00000 -93.3537
445146.00000 4368226.00000 -105.9345
445146.00000 4368230.00000 N.C.
445146.00000 4368234.00000 N.C.
445146.00000 4368238.00000 N.C.
445146.00000 4368242.00000 N.C.
445146.00000 4368246.00000 N.C.
445146.00000 4368250.00000 N.C.
445146.00000 4368254.00000 N.C.
445146.00000 4368258.00000 N.C.
445146.00000 4368262.00000 -116.1747
445146.00000 4368266.00000 -114.7729
445146.00000 4368270.00000 -113.3993
445146.00000 4368274.00000 -112.4156
445146.00000 4368278.00000 N.C.
445146.00000 4368282.00000 -111.2242
445146.00000 4368286.00000 -110.8809
445146.00000 4368290.00000 -110.6607
445146.00000 4368294.00000 -110.5327
445146.00000 4368298.00000 -110.4446
445146.00000 4368302.00000 -110.4255
445146.00000 4368306.00000 N.C.
445146.00000 4368310.00000 -117.1845
445146.00000 4368314.00000 -115.4957
445146.00000 4368318.00000 -110.8730
445146.00000 4368322.00000 N.C.
445146.00000 4368326.00000 N.C.
445146.00000 4368330.00000 N.C.
445146.00000 4368334.00000 N.C.
445146.00000 4368338.00000 -116.5236
445146.00000 4368342.00000 -115.9066
445146.00000 4368346.00000 -102.7227
445146.00000 4368350.00000 -102.9794
445146.00000 4368354.00000 N.C.
445146.00000 4368358.00000 -123.3617
445146.00000 4368362.00000 -121.8226
445146.00000 4368366.00000 -120.3870
445146.00000 4368370.00000 N.C.
445146.00000 4368374.00000 N.C.
445146.00000 4368378.00000 N.C.
445146.00000 4368382.00000 -122.3271
445146.00000 4368386.00000 -120.6688
445146.00000 4368390.00000 -120.1616
445146.00000 4368394.00000 -119.8165
445150.00000 4367886.00000 -103.5140
445150.00000 4367890.00000 -103.3422
445150.00000 4367894.00000 -103.1676
445150.00000 4367898.00000 -102.9903
445150.00000 4367902.00000 -102.8101
445150.00000 4367906.00000 -102.6270
445150.00000 4367910.00000 -102.4408
445150.00000 4367914.00000 -102.2514
445150.00000 4367918.00000 -102.0588
445150.00000 4367922.00000 -101.8628
445150.00000 4367926.00000 -101.6633
445150.00000 4367930.00000 -101.4602
445150.00000 4367934.00000 -101.2534
445150.00000 4367938.00000 -101.0427
445150.00000 4367942.00000 -100.8280
445150.00000 4367946.00000 -100.6091
445150.00000 4367950.00000 -100.3859
445150.00000 4367954.00000 -100.1582
445150.00000 4367958.00000 -99.9258
445150.00000 4367962.00000 -99.6886
445150.00000 4367966.00000 -111.5312
445150.00000 4367970.00000 -111.2345
445150.00000 4367974.00000 -110.9295
445150.00000 4367978.00000 -110.6157
445150.00000 4367982.00000 -110.2921
445150.00000 4367986.00000 -109.9581
445150.00000 4367990.00000 -109.6129
445150.00000 4367994.00000 -109.2551
445150.00000 4367998.00000 -108.8838
445150.00000 4368002.00000 -108.4971
445150.00000 4368006.00000 -108.0935
445150.00000 4368010.00000 -107.6708
445150.00000 4368014.00000 -107.2272
445150.00000 4368018.00000 -106.7621
445150.00000 4368022.00000 -106.2803
445150.00000 4368026.00000 -95.2287
445150.00000 4368030.00000 -94.8225
445150.00000 4368034.00000 -94.4355
445150.00000 4368038.00000 -94.0672
445150.00000 4368042.00000 -93.6721
445150.00000 4368046.00000 -93.2495
445150.00000 4368050.00000 -92.8140
445150.00000 4368054.00000 -92.3650
445150.00000 4368058.00000 -91.8870
445150.00000 4368062.00000 -91.4244
445150.00000 4368066.00000 -90.9619
445150.00000 4368070.00000 -90.4842
445150.00000 4368074.00000 -89.9613
445150.00000 4368078.00000 -89.4081
445150.00000 4368082.00000 -88.8705
445150.00000 4368086.00000 N.C.
445150.00000 4368090.00000 N.C.
445150.00000 4368094.00000 -96.0753
445150.00000 4368098.00000 N.C.
445150.00000 4368102.00000 -85.8236
445150.00000 4368106.00000 -85.2579
445150.00000 4368110.00000 -84.7120
445150.00000 4368114.00000 -84.1994
445150.00000 4368118.00000 -83.7361
445150.00000 4368122.00000 -83.3401
445150.00000 4368126.00000 -83.0302
445150.00000 4368130.00000 -82.8384
445150.00000 4368134.00000 -100.8215
445150.00000 4368138.00000 N.C.
445150.00000 4368142.00000 N.C.
445150.00000 4368146.00000 N.C.
445150.00000 4368150.00000 N.C.
445150.00000 4368154.00000 N.C.
445150.00000 4368158.00000 N.C.
445150.00000 4368162.00000 N.C.
445150.00000 4368166.00000 -103.8105
445150.00000 4368170.00000 -101.7574
445150.00000 4368174.00000 -102.7572
445150.00000 4368178.00000 -103.6647
445150.00000 4368182.00000 N.C.
445150.00000 4368186.00000 N.C.
445150.00000 4368190.00000 -107.7322
445150.00000 4368194.00000 N.C.
445150.00000 4368198.00000 -110.7918
445150.00000 4368202.00000 -110.9702
445150.00000 4368206.00000 N.C.
445150.00000 4368210.00000 N.C.
445150.00000 4368214.00000 -104.7901
445150.00000 4368218.00000 -92.8388
445150.00000 4368222.00000 N.C.
445150.00000 4368226.00000 N.C.
445150.00000 4368230.00000 N.C.
445150.00000 4368234.00000 N.C.
445150.00000 4368238.00000 N.C.
445150.00000 4368242.00000 -114.1659
445150.00000 4368246.00000 -114.5405
445150.00000 4368250.00000 -109.7735
445150.00000 4368254.00000 N.C.
445150.00000 4368258.00000 N.C.
445150.00000 4368262.00000 -115.9849
445150.00000 4368266.00000 -114.1337
445150.00000 4368270.00000 -112.7261
445150.00000 4368274.00000 -111.7207
445150.00000 4368278.00000 N.C.
445150.00000 4368282.00000 -110.6798
445150.00000 4368286.00000 -110.3796
445150.00000 4368290.00000 -110.2163
445150.00000 4368294.00000 -110.1422
445150.00000 4368298.00000 -110.1353
445150.00000 4368302.00000 -110.1948
445150.00000 4368306.00000 N.C.
445150.00000 4368310.00000 N.C.
445150.00000 4368314.00000 N.C.
445150.00000 4368318.00000 N.C.
445150.00000 4368322.00000 N.C.
445150.00000 4368326.00000 N.C.
445150.00000 4368330.00000 N.C.
445150.00000 4368334.00000 N.C.
445150.00000 4368338.00000 -114.9468
445150.00000 4368342.00000 -113.7070
445150.00000 4368346.00000 -102.6635
445150.00000 4368350.00000 N.C.
445150.00000 4368354.00000 N.C.
445150.00000 4368358.00000 -123.2607
445150.00000 4368362.00000 -121.6297
445150.00000 4368366.00000 -120.1408
445150.00000 4368370.00000 N.C.
445150.00000 4368374.00000 N.C.
445150.00000 4368378.00000 N.C.
445150.00000 4368382.00000 -121.7461
445150.00000 4368386.00000 -121.0454
445150.00000 4368390.00000 -121.3555
445150.00000 4368394.00000 -120.8934
445154.00000 4367886.00000 -103.4955
445154.00000 4367890.00000 -103.3230
445154.00000 4367894.00000 -103.1479
445154.00000 4367898.00000 -102.9699
445154.00000 4367902.00000 -102.7890
445154.00000 4367906.00000 -102.6052
445154.00000 4367910.00000 -102.4182
445154.00000 4367914.00000 -102.2280
445154.00000 4367918.00000 -102.0346
445154.00000 4367922.00000 -101.8377
445154.00000 4367926.00000 -101.6373
445154.00000 4367930.00000 -101.4332
445154.00000 4367934.00000 -101.2253
445154.00000 4367938.00000 -101.0135
445154.00000 4367942.00000 -100.7976
445154.00000 4367946.00000 -100.5774
445154.00000 4367950.00000 -100.3529
445154.00000 4367954.00000 -100.1238
445154.00000 4367958.00000 -99.8899
445154.00000 4367962.00000 -99.6511
445154.00000 4367966.00000 -99.4221
445154.00000 4367970.00000 -99.1878
445154.00000 4367974.00000 -98.9479
445154.00000 4367978.00000 -98.7171
445154.00000 4367982.00000 -98.4652
445154.00000 4367986.00000 -110.3681
445154.00000 4367990.00000 -110.0507
445154.00000 4367994.00000 -109.7248
445154.00000 4367998.00000 -109.3899
445154.00000 4368002.00000 -109.0455
445154.00000 4368006.00000 -108.6911
445154.00000 4368010.00000 -108.3260
445154.00000 4368014.00000 -107.9496
445154.00000 4368018.00000 -107.5612
445154.00000 4368022.00000 -107.1600
445154.00000 4368026.00000 -106.7451
445154.00000 4368030.00000 -106.3156
445154.00000 4368034.00000 -105.8703
445154.00000 4368038.00000 -105.4081
445154.00000 4368042.00000 -93.5843
445154.00000 4368046.00000 -93.1225
445154.00000 4368050.00000 -92.6916
445154.00000 4368054.00000 -92.2610
445154.00000 4368058.00000 -91.7850
445154.00000 4368062.00000 -91.2927
445154.00000 4368066.00000 -90.7837
445154.00000 4368070.00000 -90.2423
445154.00000 4368074.00000 -89.7281
445154.00000 4368078.00000 -89.1958
445154.00000 4368082.00000 -99.5145
445154.00000 4368086.00000 N.C.
445154.00000 4368090.00000 N.C.
445154.00000 4368094.00000 N.C.
445154.00000 4368098.00000 N.C.
445154.00000 4368102.00000 -85.3343
445154.00000 4368106.00000 -84.7120
445154.00000 4368110.00000 -84.1051
445154.00000 4368114.00000 -83.5285
445154.00000 4368118.00000 -83.0012
445154.00000 4368122.00000 -82.5453
445154.00000 4368126.00000 -82.1849
445154.00000 4368130.00000 -81.9575
445154.00000 4368134.00000 N.C.
445154.00000 4368138.00000 N.C.
445154.00000 4368142.00000 -100.2629
445154.00000 4368146.00000 -100.3411
445154.00000 4368150.00000 -104.3336
445154.00000 4368154.00000 -104.6245
445154.00000 4368158.00000 -101.6236
445154.00000 4368162.00000 -99.4249
445154.00000 4368166.00000 N.C.
445154.00000 4368170.00000 N.C.
445154.00000 4368174.00000 N.C.
445154.00000 4368178.00000 N.C.
445154.00000 4368182.00000 N.C.
445154.00000 4368186.00000 -105.1533
445154.00000 4368190.00000 -108.9693
445154.00000 4368194.00000 -102.0210
445154.00000 4368198.00000 -110.8534
445154.00000 4368202.00000 -107.5589
445154.00000 4368206.00000 N.C.
445154.00000 4368210.00000 N.C.
445154.00000 4368214.00000 -104.5272
445154.00000 4368218.00000 -92.5757
445154.00000 4368222.00000 N.C.
445154.00000 4368226.00000 N.C.
445154.00000 4368230.00000 N.C.
445154.00000 4368234.00000 N.C.
445154.00000 4368238.00000 N.C.
445154.00000 4368242.00000 N.C.
445154.00000 4368246.00000 -109.6513
445154.00000 4368250.00000 N.C.
445154.00000 4368254.00000 N.C.
445154.00000 4368258.00000 N.C.
445154.00000 4368262.00000 -115.8852
445154.00000 4368266.00000 -113.8430
445154.00000 4368270.00000 -112.3901
445154.00000 4368274.00000 -111.4255
445154.00000 4368278.00000 N.C.
445154.00000 4368282.00000 -110.4697
445154.00000 4368286.00000 -110.2595
445154.00000 4368290.00000 -110.1671
445154.00000 4368294.00000 -110.1595
445154.00000 4368298.00000 -110.2439
445154.00000 4368302.00000 -111.2848
445154.00000 4368306.00000 N.C.
445154.00000 4368310.00000 N.C.
445154.00000 4368314.00000 N.C.
445154.00000 4368318.00000 N.C.
445154.00000 4368322.00000 N.C.
445154.00000 4368326.00000 N.C.
445154.00000 4368330.00000 N.C.
445154.00000 4368334.00000 -116.0673
445154.00000 4368338.00000 -113.9042
445154.00000 4368342.00000 -113.2954
445154.00000 4368346.00000 -102.6229
445154.00000 4368350.00000 N.C.
445154.00000 4368354.00000 N.C.
445154.00000 4368358.00000 -123.2346
445154.00000 4368362.00000 -121.7351
445154.00000 4368366.00000 -120.2303
445154.00000 4368370.00000 N.C.
445154.00000 4368374.00000 -118.3956
445154.00000 4368378.00000 -122.0054
445154.00000 4368382.00000 -121.1458
445154.00000 4368386.00000 -120.4709
445154.00000 4368390.00000 -119.9279
445154.00000 4368394.00000 -119.4796
445158.00000 4367886.00000 -103.4797
445158.00000 4367890.00000 -103.3067
445158.00000 4367894.00000 -103.1310
445158.00000 4367898.00000 -102.9525
445158.00000 4367902.00000 -102.7710
445158.00000 4367906.00000 -102.5865
445158.00000 4367910.00000 -102.3989
445158.00000 4367914.00000 -102.2080
445158.00000 4367918.00000 -102.0138
445158.00000 4367922.00000 -101.8162
445158.00000 4367926.00000 -101.6149
445158.00000 4367930.00000 -101.4100
445158.00000 4367934.00000 -101.2012
445158.00000 4367938.00000 -100.9884
445158.00000 4367942.00000 -100.7715
445158.00000 4367946.00000 -100.5503
445158.00000 4367950.00000 -100.3246
445158.00000 4367954.00000 -100.0943
445158.00000 4367958.00000 -99.8591
445158.00000 4367962.00000 -99.6189
445158.00000 4367966.00000 -99.3735
445158.00000 4367970.00000 -99.1525
445158.00000 4367974.00000 -98.9109
445158.00000 4367978.00000 -98.6633
445158.00000 4367982.00000 -98.4245
445158.00000 4367986.00000 -98.1642
445158.00000 4367990.00000 -97.8970
445158.00000 4367994.00000 -97.6376
445158.00000 4367998.00000 -97.3558
445158.00000 4368002.00000 -97.0661
445158.00000 4368006.00000 -96.7681
445158.00000 4368010.00000 -108.6527
445158.00000 4368014.00000 -108.2766
445158.00000 4368018.00000 -107.8885
445158.00000 4368022.00000 -107.4876
445158.00000 4368026.00000 -107.0730
445158.00000 4368030.00000 -106.6438
445158.00000 4368034.00000 -106.1989
445158.00000 4368038.00000 -105.7371
445158.00000 4368042.00000 -105.2571
445158.00000 4368046.00000 -104.7574
445158.00000 4368050.00000 -104.2362
445158.00000 4368054.00000 -103.6916
445158.00000 4368058.00000 -91.6880
445158.00000 4368062.00000 -91.1976
445158.00000 4368066.00000 -90.7036
445158.00000 4368070.00000 -90.1451
445158.00000 4368074.00000 -89.5513
445158.00000 4368078.00000 -88.9516
445158.00000 4368082.00000 -99.7851
445158.00000 4368086.00000 N.C.
445158.00000 4368090.00000 N.C.
445158.00000 4368094.00000 N.C.
445158.00000 4368098.00000 N.C.
445158.00000 4368102.00000 -84.8945
445158.00000 4368106.00000 -84.2144
445158.00000 4368110.00000 -83.5285
445158.00000 4368114.00000 -82.8833
445158.00000 4368118.00000 -82.2856
445158.00000 4368122.00000 -81.7624
445158.00000 4368126.00000 -81.3439
445158.00000 4368130.00000 -81.0597
445158.00000 4368134.00000 N.C.
445158.00000 4368138.00000 N.C.
445158.00000 4368142.00000 N.C.
445158.00000 4368146.00000 N.C.
445158.00000 4368150.00000 N.C.
445158.00000 4368154.00000 N.C.
445158.00000 4368158.00000 -100.5004
445158.00000 4368162.00000 N.C.
445158.00000 4368166.00000 N.C.
445158.00000 4368170.00000 N.C.
445158.00000 4368174.00000 N.C.
445158.00000 4368178.00000 N.C.
445158.00000 4368182.00000 N.C.
445158.00000 4368186.00000 -104.9098
445158.00000 4368190.00000 -115.6431
445158.00000 4368194.00000 -101.9562
445158.00000 4368198.00000 N.C.
445158.00000 4368202.00000 N.C.
445158.00000 4368206.00000 N.C.
445158.00000 4368210.00000 N.C.
445158.00000 4368214.00000 -104.0917
445158.00000 4368218.00000 -102.8475
445158.00000 4368222.00000 N.C.
445158.00000 4368226.00000 -112.3638
445158.00000 4368230.00000 N.C.
445158.00000 4368234.00000 N.C.
445158.00000 4368238.00000 N.C.
445158.00000 4368242.00000 N.C.
445158.00000 4368246.00000 -108.2398
445158.00000 4368250.00000 N.C.
445158.00000 4368254.00000 N.C.
445158.00000 4368258.00000 N.C.
445158.00000 4368262.00000 N.C.
445158.00000 4368266.00000 N.C.
445158.00000 4368270.00000 -112.6018
445158.00000 4368274.00000 N.C.
445158.00000 4368278.00000 -114.2797
445158.00000 4368282.00000 -110.7932
445158.00000 4368286.00000 -110.6182
445158.00000 4368290.00000 -110.2914
445158.00000 4368294.00000 N.C.
445158.00000 4368298.00000 N.C.
445158.00000 4368302.00000 -118.4702
445158.00000 4368306.00000 -116.7374
445158.00000 4368310.00000 -116.4626
445158.00000 4368314.00000 -116.5607
445158.00000 4368318.00000 N.C.
445158.00000 4368322.00000 N.C.
445158.00000 4368326.00000 N.C.
445158.00000 4368330.00000 N.C.
445158.00000 4368334.00000 -119.6192
445158.00000 4368338.00000 -116.9127
445158.00000 4368342.00000 -115.7469
445158.00000 4368346.00000 -115.2171
445158.00000 4368350.00000 -114.9819
445158.00000 4368354.00000 N.C.
445158.00000 4368358.00000 -123.2757
445158.00000 4368362.00000 -122.1561
445158.00000 4368366.00000 -120.6716
445158.00000 4368370.00000 -119.5636
445158.00000 4368374.00000 -118.7561
445158.00000 4368378.00000 -121.4385
445158.00000 4368382.00000 -120.6085
445158.00000 4368386.00000 -119.9234
445158.00000 4368390.00000 -119.3971
445158.00000 4368394.00000 -118.9865
445162.00000 4367886.00000 -103.4666
445162.00000 4367890.00000 -103.2932
445162.00000 4367894.00000 -103.1170
445162.00000 4367898.00000 -102.9380
445162.00000 4367902.00000 -102.7561
445162.00000 4367906.00000 -102.5710
445162.00000 4367910.00000 -102.3829
445162.00000 4367914.00000 -102.1915
445162.00000 4367918.00000 -101.9967
445162.00000 4367922.00000 -101.7984
445162.00000 4367926.00000 -101.5965
445162.00000 4367930.00000 -101.3908
445162.00000 4367934.00000 -101.1813
445162.00000 4367938.00000 -100.9677
445162.00000 4367942.00000 -100.7499
445162.00000 4367946.00000 -100.5278
445162.00000 4367950.00000 -100.3011
445162.00000 4367954.00000 -100.0698
445162.00000 4367958.00000 -99.8335
445162.00000 4367962.00000 -99.5922
445162.00000 4367966.00000 -99.3455
445162.00000 4367970.00000 -99.1082
445162.00000 4367974.00000 -98.8802
445162.00000 4367978.00000 -98.6311
445162.00000 4367982.00000 -98.3756
445162.00000 4367986.00000 -98.1285
445162.00000 4367990.00000 -97.8594
445162.00000 4367994.00000 -97.5980
445162.00000 4367998.00000 -97.3140
445162.00000 4368002.00000 -97.0218
445162.00000 4368006.00000 -96.7212
445162.00000 4368010.00000 -96.4116
445162.00000 4368014.00000 -96.1076
445162.00000 4368018.00000 -95.7786
445162.00000 4368022.00000 -95.4391
445162.00000 4368026.00000 -95.1035
445162.00000 4368030.00000 -94.7411
445162.00000 4368034.00000 -105.3380
445162.00000 4368038.00000 -104.9681
445162.00000 4368042.00000 -104.7640
445162.00000 4368046.00000 -105.0656
445162.00000 4368050.00000 -106.9873
445162.00000 4368054.00000 -107.1174
445162.00000 4368058.00000 -109.3808
445162.00000 4368062.00000 N.C.
445162.00000 4368066.00000 -90.6488
445162.00000 4368070.00000 -90.0303
445162.00000 4368074.00000 -89.4493
445162.00000 4368078.00000 -88.8596
445162.00000 4368082.00000 -99.2297
445162.00000 4368086.00000 N.C.
445162.00000 4368090.00000 N.C.
445162.00000 4368094.00000 N.C.
445162.00000 4368098.00000 -85.2299
445162.00000 4368102.00000 -84.4879
445162.00000 4368106.00000 -83.7511
445162.00000 4368110.00000 -83.0162
445162.00000 4368114.00000 -82.2856
445162.00000 4368118.00000 -81.6139
445162.00000 4368122.00000 -81.0178
445162.00000 4368126.00000 -80.5350
445162.00000 4368130.00000 -80.2037
445162.00000 4368134.00000 -96.1992
445162.00000 4368138.00000 N.C.
445162.00000 4368142.00000 N.C.
445162.00000 4368146.00000 -96.7227
445162.00000 4368150.00000 N.C.
445162.00000 4368154.00000 N.C.
445162.00000 4368158.00000 -82.6396
445162.00000 4368162.00000 N.C.
445162.00000 4368166.00000 N.C.
445162.00000 4368170.00000 N.C.
445162.00000 4368174.00000 N.C.
445162.00000 4368178.00000 N.C.
445162.00000 4368182.00000 N.C.
445162.00000 4368186.00000 -105.5969
445162.00000 4368190.00000 -103.7939
445162.00000 4368194.00000 -102.7572
445162.00000 4368198.00000 -102.2992
445162.00000 4368202.00000 -102.2242
445162.00000 4368206.00000 N.C.
445162.00000 4368210.00000 N.C.
445162.00000 4368214.00000 N.C.
445162.00000 4368218.00000 N.C.
445162.00000 4368222.00000 N.C.
445162.00000 4368226.00000 -104.7649
445162.00000 4368230.00000 -105.2376
445162.00000 4368234.00000 -105.7042
445162.00000 4368238.00000 N.C.
445162.00000 4368242.00000 N.C.
445162.00000 4368246.00000 N.C.
445162.00000 4368250.00000 N.C.
445162.00000 4368254.00000 N.C.
445162.00000 4368258.00000 -115.5656
445162.00000 4368262.00000 N.C.
445162.00000 4368266.00000 N.C.
445162.00000 4368270.00000 -113.4048
445162.00000 4368274.00000 -116.2996
445162.00000 4368278.00000 -111.8400
445162.00000 4368282.00000 -109.4933
445162.00000 4368286.00000 -109.6494
445162.00000 4368290.00000 N.C.
445162.00000 4368294.00000 N.C.
445162.00000 4368298.00000 N.C.
445162.00000 4368302.00000 N.C.
445162.00000 4368306.00000 N.C.
445162.00000 4368310.00000 N.C.
445162.00000 4368314.00000 -120.7777
445162.00000 4368318.00000 N.C.
445162.00000 4368322.00000 N.C.
445162.00000 4368326.00000 -118.4805
445162.00000 4368330.00000 -117.6814
445162.00000 4368334.00000 -117.1049
445162.00000 4368338.00000 -119.6212
445162.00000 4368342.00000 -118.0822
445162.00000 4368346.00000 -117.1897
445162.00000 4368350.00000 N.C.
445162.00000 4368354.00000 N.C.
445162.00000 4368358.00000 N.C.
445162.00000 4368362.00000 -123.6766
445162.00000 4368366.00000 N.C.
445162.00000 4368370.00000 -131.6226
445162.00000 4368374.00000 -119.4279
445162.00000 4368378.00000 -120.9982
445162.00000 4368382.00000 -120.1480
445162.00000 4368386.00000 -119.4895
445162.00000 4368390.00000 -118.9833
445162.00000 4368394.00000 -118.5967
445166.00000 4367886.00000 -103.4562
445166.00000 4367890.00000 -103.2825
445166.00000 4367894.00000 -103.1060
445166.00000 4367898.00000 -102.9266
445166.00000 4367902.00000 -102.7442
445166.00000 4367906.00000 -102.5588
445166.00000 4367910.00000 -102.3702
445166.00000 4367914.00000 -102.1783
445166.00000 4367918.00000 -101.9831
445166.00000 4367922.00000 -101.7843
445166.00000 4367926.00000 -101.5818
445166.00000 4367930.00000 -101.3756
445166.00000 4367934.00000 -101.1654
445166.00000 4367938.00000 -100.9512
445166.00000 4367942.00000 -100.7328
445166.00000 4367946.00000 -100.5099
445166.00000 4367950.00000 -100.2825
445166.00000 4367954.00000 -100.0504
445166.00000 4367958.00000 -99.8133
445166.00000 4367962.00000 -99.5710
445166.00000 4367966.00000 -99.3383
445166.00000 4367970.00000 -99.1000
445166.00000 4367974.00000 -98.8558
445166.00000 4367978.00000 -98.6055
445166.00000 4367982.00000 -98.3487
445166.00000 4367986.00000 -98.0852
445166.00000 4367990.00000 -97.8296
445166.00000 4367994.00000 -97.5515
445166.00000 4367998.00000 -97.2807
445166.00000 4368002.00000 -96.9716
445166.00000 4368006.00000 -96.6688
445166.00000 4368010.00000 -96.3719
445166.00000 4368014.00000 -96.0654
445166.00000 4368018.00000 -95.7487
445166.00000 4368022.00000 -95.4061
445166.00000 4368026.00000 -95.0522
445166.00000 4368030.00000 -94.7010
445166.00000 4368034.00000 -94.3220
445166.00000 4368038.00000 -93.9293
445166.00000 4368042.00000 -93.5220
445166.00000 4368046.00000 -93.0991
445166.00000 4368050.00000 -92.6596
445166.00000 4368054.00000 -92.2023
445166.00000 4368058.00000 -106.3159
445166.00000 4368062.00000 N.C.
445166.00000 4368066.00000 -90.7568
445166.00000 4368070.00000 -90.2158
445166.00000 4368074.00000 -89.6203
445166.00000 4368078.00000 -88.9239
445166.00000 4368082.00000 N.C.
445166.00000 4368086.00000 N.C.
445166.00000 4368090.00000 N.C.
445166.00000 4368094.00000 N.C.
445166.00000 4368098.00000 -84.9601
445166.00000 4368102.00000 -84.1588
445166.00000 4368106.00000 -83.3701
445166.00000 4368110.00000 -82.5603
445166.00000 4368114.00000 -81.7774
445166.00000 4368118.00000 -81.0178
445166.00000 4368122.00000 -80.3482
445166.00000 4368126.00000 -79.7986
445166.00000 4368130.00000 -79.4175
445166.00000 4368134.00000 N.C.
445166.00000 4368138.00000 N.C.
445166.00000 4368142.00000 N.C.
445166.00000 4368146.00000 -94.5984
445166.00000 4368150.00000 -97.4408
445166.00000 4368154.00000 -81.3833
445166.00000 4368158.00000 -82.1510
445166.00000 4368162.00000 N.C.
445166.00000 4368166.00000 N.C.
445166.00000 4368170.00000 N.C.
445166.00000 4368174.00000 N.C.
445166.00000 4368178.00000 N.C.
445166.00000 4368182.00000 -103.7233
445166.00000 4368186.00000 -104.8211
445166.00000 4368190.00000 N.C.
445166.00000 4368194.00000 N.C.
445166.00000 4368198.00000 N.C.
445166.00000 4368202.00000 -113.9969
445166.00000 4368206.00000 -103.6467
445166.00000 4368210.00000 -103.8351
445166.00000 4368214.00000 -104.1404
445166.00000 4368218.00000 N.C.
445166.00000 4368222.00000 -108.4837
445166.00000 4368226.00000 -105.5146
445166.00000 4368230.00000 -105.9402
445166.00000 4368234.00000 -106.3516
445166.00000 4368238.00000 -106.7752
445166.00000 4368242.00000 -94.8632
445166.00000 4368246.00000 N.C.
445166.00000 4368250.00000 N.C.
445166.00000 4368254.00000 N.C.
445166.00000 4368258.00000 -115.6265
445166.00000 4368262.00000 -116.9359
445166.00000 4368266.00000 -108.3854
445166.00000 4368270.00000 -108.4791
445166.00000 4368274.00000 N.C.
445166.00000 4368278.00000 -112.9145
445166.00000 4368282.00000 -108.9583
445166.00000 4368286.00000 -109.1308
445166.00000 4368290.00000 N.C.
445166.00000 4368294.00000 -112.5216
445166.00000 4368298.00000 -110.3428
445166.00000 4368302.00000 -99.6624
445166.00000 4368306.00000 N.C.
445166.00000 4368310.00000 N.C.
445166.00000 4368314.00000 -120.8013
445166.00000 4368318.00000 -120.3228
445166.00000 4368322.00000 N.C.
445166.00000 4368326.00000 N.C.
445166.00000 4368330.00000 N.C.
445166.00000 4368334.00000 -117.2034
445166.00000 4368338.00000 -116.7941
445166.00000 4368342.00000 -119.9123
445166.00000 4368346.00000 N.C.
445166.00000 4368350.00000 N.C.
445166.00000 4368354.00000 N.C.
445166.00000 4368358.00000 N.C.
445166.00000 4368362.00000 N.C.
445166.00000 4368366.00000 -123.9787
445166.00000 4368370.00000 -128.8115
445166.00000 4368374.00000 -120.2889
445166.00000 4368378.00000 -120.7179
445166.00000 4368382.00000 -119.8693
445166.00000 4368386.00000 -119.2379
445166.00000 4368390.00000 -127.4163
445166.00000 4368394.00000 -127.6008
445170.00000 4367886.00000 -103.4486
445170.00000 4367890.00000 -103.2746
445170.00000 4367894.00000 -103.0978
445170.00000 4367898.00000 -102.9182
445170.00000 4367902.00000 -102.7355
445170.00000 4367906.00000 -102.5498
445170.00000 4367910.00000 -102.3609
445170.00000 4367914.00000 -102.1687
445170.00000 4367918.00000 -101.9731
445170.00000 4367922.00000 -101.7739
445170.00000 4367926.00000 -101.5710
445170.00000 4367930.00000 -101.3644
445170.00000 4367934.00000 -101.1538
445170.00000 4367938.00000 -100.9391
445170.00000 4367942.00000 -100.7202
445170.00000 4367946.00000 -100.4968
445170.00000 4367950.00000 -100.2689
445170.00000 4367954.00000 -100.0361
445170.00000 4367958.00000 -99.7983
445170.00000 4367962.00000 -99.5554
445170.00000 4367966.00000 -99.3070
445170.00000 4367970.00000 -99.0829
445170.00000 4367974.00000 -98.8379
445170.00000 4367978.00000 -98.6016
445170.00000 4367982.00000 -98.3439
445170.00000 4367986.00000 -98.0793
445170.00000 4367990.00000 -97.8226
445170.00000 4367994.00000 -97.5433
445170.00000 4367998.00000 -97.2561
445170.00000 4368002.00000 -96.9606
445170.00000 4368006.00000 -96.6413
445170.00000 4368010.00000 -96.3127
445170.00000 4368014.00000 -95.9893
445170.00000 4368018.00000 -95.6555
445170.00000 4368022.00000 -95.3257
445170.00000 4368026.00000 -94.9542
445170.00000 4368030.00000 -94.6303
445170.00000 4368034.00000 -94.2482
445170.00000 4368038.00000 -93.8521
445170.00000 4368042.00000 -93.4559
445170.00000 4368046.00000 -93.0287
445170.00000 4368050.00000 -92.6143
445170.00000 4368054.00000 -92.1665
445170.00000 4368058.00000 -91.6991
445170.00000 4368062.00000 -91.1955
445170.00000 4368066.00000 -90.6843
445170.00000 4368070.00000 -90.1038
445170.00000 4368074.00000 -89.4973
445170.00000 4368078.00000 -88.8780
445170.00000 4368082.00000 N.C.
445170.00000 4368086.00000 N.C.
445170.00000 4368090.00000 N.C.
445170.00000 4368094.00000 -98.4751
445170.00000 4368098.00000 -84.8793
445170.00000 4368102.00000 -84.0269
445170.00000 4368106.00000 -83.1352
445170.00000 4368110.00000 -82.2299
445170.00000 4368114.00000 -81.3739
445170.00000 4368118.00000 -80.5500
445170.00000 4368122.00000 -79.8136
445170.00000 4368126.00000 -79.1870
445170.00000 4368130.00000 -78.7586
445170.00000 4368134.00000 -78.5642
445170.00000 4368138.00000 N.C.
445170.00000 4368142.00000 N.C.
445170.00000 4368146.00000 -79.4736
445170.00000 4368150.00000 -80.1547
445170.00000 4368154.00000 -80.9632
445170.00000 4368158.00000 N.C.
445170.00000 4368162.00000 -82.6984
445170.00000 4368166.00000 N.C.
445170.00000 4368170.00000 N.C.
445170.00000 4368174.00000 N.C.
445170.00000 4368178.00000 N.C.
445170.00000 4368182.00000 -97.4115
445170.00000 4368186.00000 -87.5783
445170.00000 4368190.00000 N.C.
445170.00000 4368194.00000 N.C.
445170.00000 4368198.00000 N.C.
445170.00000 4368202.00000 -113.6091
445170.00000 4368206.00000 -106.9421
445170.00000 4368210.00000 -109.8851
445170.00000 4368214.00000 N.C.
445170.00000 4368218.00000 N.C.
445170.00000 4368222.00000 -107.8742
445170.00000 4368226.00000 -106.1907
445170.00000 4368230.00000 -106.4918
445170.00000 4368234.00000 -106.8315
445170.00000 4368238.00000 -107.1749
445170.00000 4368242.00000 -107.5186
445170.00000 4368246.00000 -107.9053
445170.00000 4368250.00000 -108.2884
445170.00000 4368254.00000 -108.6816
445170.00000 4368258.00000 -109.0694
445170.00000 4368262.00000 N.C.
445170.00000 4368266.00000 N.C.
445170.00000 4368270.00000 -117.4953
445170.00000 4368274.00000 N.C.
445170.00000 4368278.00000 -113.3291
445170.00000 4368282.00000 -108.4732
445170.00000 4368286.00000 -108.6116
445170.00000 4368290.00000 N.C.
445170.00000 4368294.00000 N.C.
445170.00000 4368298.00000 -112.9897
445170.00000 4368302.00000 N.C.
445170.00000 4368306.00000 N.C.
445170.00000 4368310.00000 N.C.
445170.00000 4368314.00000 N.C.
445170.00000 4368318.00000 -120.1169
445170.00000 4368322.00000 -118.7837
445170.00000 4368326.00000 N.C.
445170.00000 4368330.00000 N.C.
445170.00000 4368334.00000 -122.7550
445170.00000 4368338.00000 -122.7878
445170.00000 4368342.00000 -121.3373
445170.00000 4368346.00000 -120.2304
445170.00000 4368350.00000 -122.9484
445170.00000 4368354.00000 N.C.
445170.00000 4368358.00000 N.C.
445170.00000 4368362.00000 N.C.
445170.00000 4368366.00000 N.C.
445170.00000 4368370.00000 -123.1629
445170.00000 4368374.00000 -121.7586
445170.00000 4368378.00000 -120.6538
445170.00000 4368382.00000 -119.8070
445170.00000 4368386.00000 -128.6899
445170.00000 4368390.00000 -128.8769
445170.00000 4368394.00000 -129.0610
445174.00000 4367886.00000 -103.4437
445174.00000 4367890.00000 -103.2696
445174.00000 4367894.00000 -103.0927
445174.00000 4367898.00000 -102.9128
445174.00000 4367902.00000 -102.7300
445174.00000 4367906.00000 -102.5441
445174.00000 4367910.00000 -102.3550
445174.00000 4367914.00000 -102.1626
445174.00000 4367918.00000 -101.9667
445174.00000 4367922.00000 -101.7673
445174.00000 4367926.00000 -101.5642
445174.00000 4367930.00000 -101.3573
445174.00000 4367934.00000 -101.1464
445174.00000 4367938.00000 -100.9314
445174.00000 4367942.00000 -100.7122
445174.00000 4367946.00000 -100.4885
445174.00000 4367950.00000 -100.2601
445174.00000 4367954.00000 -100.0270
445174.00000 4367958.00000 -99.7888
445174.00000 4367962.00000 -99.5454
445174.00000 4367966.00000 -99.2966
445174.00000 4367970.00000 -99.0720
445174.00000 4367974.00000 -98.8264
445174.00000 4367978.00000 -98.5746
445174.00000 4367982.00000 -98.3312
445174.00000 4367986.00000 -98.0660
445174.00000 4367990.00000 -97.8085
445174.00000 4367994.00000 -97.5285
445174.00000 4367998.00000 -97.2405
445174.00000 4368002.00000 -96.9440
445174.00000 4368006.00000 -96.6237
445174.00000 4368010.00000 -96.2940
445174.00000 4368014.00000 -95.9544
445174.00000 4368018.00000 -95.6042
445174.00000 4368022.00000 -95.2430
445174.00000 4368026.00000 -94.8699
445174.00000 4368030.00000 -94.4992
445174.00000 4368034.00000 -94.1151
445174.00000 4368038.00000 -93.7168
445174.00000 4368042.00000 -93.3181
445174.00000 4368046.00000 -92.8881
445174.00000 4368050.00000 -92.4406
445174.00000 4368054.00000 -91.9893
445174.00000 4368058.00000 -91.5178
445174.00000 4368062.00000 -91.0545
445174.00000 4368066.00000 -90.5529
445174.00000 4368070.00000 -89.9962
445174.00000 4368074.00000 -89.3824
445174.00000 4368078.00000 -88.7996
445174.00000 4368082.00000 N.C.
445174.00000 4368086.00000 N.C.
445174.00000 4368090.00000 N.C.
445174.00000 4368094.00000 N.C.
445174.00000 4368098.00000 N.C.
445174.00000 4368102.00000 N.C.
445174.00000 4368106.00000 N.C.
445174.00000 4368110.00000 N.C.
445174.00000 4368114.00000 N.C.
445174.00000 4368118.00000 -80.2937
445174.00000 4368122.00000 -79.4475
445174.00000 4368126.00000 -78.7736
445174.00000 4368130.00000 -78.2935
445174.00000 4368134.00000 -78.0813
445174.00000 4368138.00000 -78.1530
445174.00000 4368142.00000 -78.4978
445174.00000 4368146.00000 -79.0831
445174.00000 4368150.00000 -79.8136
445174.00000 4368154.00000 -80.6411
445174.00000 4368158.00000 N.C.
445174.00000 4368162.00000 N.C.
445174.00000 4368166.00000 N.C.
445174.00000 4368170.00000 N.C.
445174.00000 4368174.00000 N.C.
445174.00000 4368178.00000 -94.9255
445174.00000 4368182.00000 -86.7002
445174.00000 4368186.00000 -87.4091
445174.00000 4368190.00000 N.C.
445174.00000 4368194.00000 N.C.
445174.00000 4368198.00000 -107.1702
445174.00000 4368202.00000 -106.0437
445174.00000 4368206.00000 -105.0459
445174.00000 4368210.00000 -104.6930
445174.00000 4368214.00000 N.C.
445174.00000 4368218.00000 N.C.
445174.00000 4368222.00000 N.C.
445174.00000 4368226.00000 N.C.
445174.00000 4368230.00000 -112.2539
445174.00000 4368234.00000 N.C.
445174.00000 4368238.00000 N.C.
445174.00000 4368242.00000 -108.1001
445174.00000 4368246.00000 -108.5842
445174.00000 4368250.00000 -108.8564
445174.00000 4368254.00000 -109.1425
445174.00000 4368258.00000 -109.4562
445174.00000 4368262.00000 N.C.
445174.00000 4368266.00000 N.C.
445174.00000 4368270.00000 N.C.
445174.00000 4368274.00000 -113.5725
445174.00000 4368278.00000 -107.6820
445174.00000 4368282.00000 -107.8793
445174.00000 4368286.00000 N.C.
445174.00000 4368290.00000 N.C.
445174.00000 4368294.00000 -112.5160
445174.00000 4368298.00000 -116.2034
445174.00000 4368302.00000 N.C.
445174.00000 4368306.00000 N.C.
445174.00000 4368310.00000 N.C.
445174.00000 4368314.00000 N.C.
445174.00000 4368318.00000 N.C.
445174.00000 4368322.00000 N.C.
445174.00000 4368326.00000 N.C.
445174.00000 4368330.00000 N.C.
445174.00000 4368334.00000 N.C.
445174.00000 4368338.00000 -122.9895
445174.00000 4368342.00000 -122.4300
445174.00000 4368346.00000 -121.3832
445174.00000 4368350.00000 -120.5460
445174.00000 4368354.00000 -123.3755
445174.00000 4368358.00000 -123.3974
445174.00000 4368362.00000 -123.6897
445174.00000 4368366.00000 -123.9487
445174.00000 4368370.00000 -124.3315
445174.00000 4368374.00000 -121.9569
445174.00000 4368378.00000 -120.8583
445174.00000 4368382.00000 -120.0255
445174.00000 4368386.00000 -124.8904
445174.00000 4368390.00000 -133.9139
445174.00000 4368394.00000 -133.9424
445178.00000 4367886.00000 -103.4416
445178.00000 4367890.00000 -103.2674
445178.00000 4367894.00000 -103.0904
445178.00000 4367898.00000 -102.9105
445178.00000 4367902.00000 -102.7276
445178.00000 4367906.00000 -102.5416
445178.00000 4367910.00000 -102.3524
445178.00000 4367914.00000 -102.1599
445178.00000 4367918.00000 -101.9640
445178.00000 4367922.00000 -101.7645
445178.00000 4367926.00000 -101.5612
445178.00000 4367930.00000 -101.3542
445178.00000 4367934.00000 -101.1432
445178.00000 4367938.00000 -100.9281
445178.00000 4367942.00000 -100.7087
445178.00000 4367946.00000 -100.4849
445178.00000 4367950.00000 -100.2564
445178.00000 4367954.00000 -100.0231
445178.00000 4367958.00000 -99.7848
445178.00000 4367962.00000 -99.5412
445178.00000 4367966.00000 -99.2921
445178.00000 4367970.00000 -99.0373
445178.00000 4367974.00000 -98.7765
445178.00000 4367978.00000 -98.5094
445178.00000 4367982.00000 -98.2358
445178.00000 4367986.00000 -97.9703
445178.00000 4367990.00000 -97.6975
445178.00000 4367994.00000 -97.4321
445178.00000 4367998.00000 -97.1437
445178.00000 4368002.00000 -96.8319
445178.00000 4368006.00000 -96.5111
445178.00000 4368010.00000 -96.1810
445178.00000 4368014.00000 -95.8408
445178.00000 4368018.00000 -95.4901
445178.00000 4368022.00000 -95.1282
445178.00000 4368026.00000 -94.7544
445178.00000 4368030.00000 -94.3680
445178.00000 4368034.00000 -93.9981
445178.00000 4368038.00000 -93.6137
445178.00000 4368042.00000 -93.2140
445178.00000 4368046.00000 -92.7828
445178.00000 4368050.00000 -92.3489
445178.00000 4368054.00000 -91.8960
445178.00000 4368058.00000 -91.4078
445178.00000 4368062.00000 -90.9125
445178.00000 4368066.00000 -90.3786
445178.00000 4368070.00000 -89.8191
445178.00000 4368074.00000 -89.2022
445178.00000 4368078.00000 -88.5706
445178.00000 4368082.00000 N.C.
445178.00000 4368086.00000 N.C.
445178.00000 4368090.00000 N.C.
445178.00000 4368094.00000 -85.5729
445178.00000 4368098.00000 -84.7656
445178.00000 4368102.00000 -83.9223
445178.00000 4368106.00000 N.C.
445178.00000 4368110.00000 N.C.
445178.00000 4368114.00000 N.C.
445178.00000 4368118.00000 -99.0333
445178.00000 4368122.00000 -88.9853
445178.00000 4368126.00000 N.C.
445178.00000 4368130.00000 N.C.
445178.00000 4368134.00000 -77.8605
445178.00000 4368138.00000 -77.9501
445178.00000 4368142.00000 -78.3235
445178.00000 4368146.00000 -78.9146
445178.00000 4368150.00000 -79.6686
445178.00000 4368154.00000 -80.5189
445178.00000 4368158.00000 -81.4133
445178.00000 4368162.00000 -82.3157
445178.00000 4368166.00000 -83.2033
445178.00000 4368170.00000 -84.0633
445178.00000 4368174.00000 N.C.
445178.00000 4368178.00000 -94.3044
445178.00000 4368182.00000 -86.4286
445178.00000 4368186.00000 -87.1433
445178.00000 4368190.00000 N.C.
445178.00000 4368194.00000 N.C.
445178.00000 4368198.00000 -105.0911
445178.00000 4368202.00000 -103.2822
445178.00000 4368206.00000 -103.7591
445178.00000 4368210.00000 -103.4021
445178.00000 4368214.00000 -103.5467
445178.00000 4368218.00000 -108.5455
445178.00000 4368222.00000 N.C.
445178.00000 4368226.00000 N.C.
445178.00000 4368230.00000 N.C.
445178.00000 4368234.00000 N.C.
445178.00000 4368238.00000 -113.2333
445178.00000 4368242.00000 N.C.
445178.00000 4368246.00000 N.C.
445178.00000 4368250.00000 N.C.
445178.00000 4368254.00000 N.C.
445178.00000 4368258.00000 -111.7287
445178.00000 4368262.00000 -117.5470
445178.00000 4368266.00000 -107.1505
445178.00000 4368270.00000 -107.2734
445178.00000 4368274.00000 -107.4238
445178.00000 4368278.00000 -107.5943
445178.00000 4368282.00000 -107.7793
445178.00000 4368286.00000 -107.9749
445178.00000 4368290.00000 -108.1784
445178.00000 4368294.00000 N.C.
445178.00000 4368298.00000 N.C.
445178.00000 4368302.00000 N.C.
445178.00000 4368306.00000 N.C.
445178.00000 4368310.00000 -120.5614
445178.00000 4368314.00000 -120.8325
445178.00000 4368318.00000 -119.5186
445178.00000 4368322.00000 -118.7755
445178.00000 4368326.00000 N.C.
445178.00000 4368330.00000 N.C.
445178.00000 4368334.00000 N.C.
445178.00000 4368338.00000 -123.6448
445178.00000 4368342.00000 -123.2920
445178.00000 4368346.00000 N.C.
445178.00000 4368350.00000 -125.3666
445178.00000 4368354.00000 N.C.
445178.00000 4368358.00000 -123.7500
445178.00000 4368362.00000 -123.7716
445178.00000 4368366.00000 -123.9859
445178.00000 4368370.00000 -123.9836
445178.00000 4368374.00000 -122.3530
445178.00000 4368378.00000 -121.2732
445178.00000 4368382.00000 N.C.
445178.00000 4368386.00000 -124.8708
445178.00000 4368390.00000 -133.7365
445178.00000 4368394.00000 -133.7786
445182.00000 4367886.00000 -103.4423
445182.00000 4367890.00000 -103.2682
445182.00000 4367894.00000 -103.0912
445182.00000 4367898.00000 -102.9113
445182.00000 4367902.00000 -102.7284
445182.00000 4367906.00000 -102.5425
445182.00000 4367910.00000 -102.3533
445182.00000 4367914.00000 -102.1608
445182.00000 4367918.00000 -101.9649
445182.00000 4367922.00000 -101.7654
445182.00000 4367926.00000 -101.5622
445182.00000 4367930.00000 -101.3552
445182.00000 4367934.00000 -101.1443
445182.00000 4367938.00000 -100.9292
445182.00000 4367942.00000 -100.7099
445182.00000 4367946.00000 -100.4861
445182.00000 4367950.00000 -100.2576
445182.00000 4367954.00000 -100.0244
445182.00000 4367958.00000 -99.7861
445182.00000 4367962.00000 -99.5426
445182.00000 4367966.00000 -99.2936
445182.00000 4367970.00000 -99.0389
445182.00000 4367974.00000 -98.7782
445182.00000 4367978.00000 -98.5112
445182.00000 4367982.00000 -98.2376
445182.00000 4367986.00000 -97.9572
445182.00000 4367990.00000 -97.6695
445182.00000 4367994.00000 -97.3743
445182.00000 4367998.00000 -97.0710
445182.00000 4368002.00000 -96.7593
445182.00000 4368006.00000 -96.4387
445182.00000 4368010.00000 -96.1086
445182.00000 4368014.00000 -95.7687
445182.00000 4368018.00000 -95.4182
445182.00000 4368022.00000 -95.0565
445182.00000 4368026.00000 -94.6829
445182.00000 4368030.00000 -94.2967
445182.00000 4368034.00000 -93.8971
445182.00000 4368038.00000 -93.4981
445182.00000 4368042.00000 -93.0987
445182.00000 4368046.00000 -92.6679
445182.00000 4368050.00000 -92.2495
445182.00000 4368054.00000 -91.8271
445182.00000 4368058.00000 -91.3694
445182.00000 4368062.00000 -90.8749
445182.00000 4368066.00000 -90.3417
445182.00000 4368070.00000 -89.7682
445182.00000 4368074.00000 -89.1673
445182.00000 4368078.00000 -88.5370
445182.00000 4368082.00000 -87.8752
445182.00000 4368086.00000 -87.1800
445182.00000 4368090.00000 -95.4761
445182.00000 4368094.00000 N.C.
445182.00000 4368098.00000 N.C.
445182.00000 4368102.00000 -83.9483
445182.00000 4368106.00000 N.C.
445182.00000 4368110.00000 N.C.
445182.00000 4368114.00000 N.C.
445182.00000 4368118.00000 -99.4356
445182.00000 4368122.00000 -89.5192
445182.00000 4368126.00000 N.C.
445182.00000 4368130.00000 N.C.
445182.00000 4368134.00000 -77.9501
445182.00000 4368138.00000 N.C.
445182.00000 4368142.00000 N.C.
445182.00000 4368146.00000 N.C.
445182.00000 4368150.00000 -79.8874
445182.00000 4368154.00000 -80.6550
445182.00000 4368158.00000 -81.5124
445182.00000 4368162.00000 -82.3938
445182.00000 4368166.00000 -83.2615
445182.00000 4368170.00000 -84.1174
445182.00000 4368174.00000 -84.9246
445182.00000 4368178.00000 -85.6954
445182.00000 4368182.00000 -86.4442
445182.00000 4368186.00000 -87.1569
445182.00000 4368190.00000 -87.8352
445182.00000 4368194.00000 -88.4810
445182.00000 4368198.00000 -89.0963
445182.00000 4368202.00000 -100.7244
445182.00000 4368206.00000 -101.3865
445182.00000 4368210.00000 N.C.
445182.00000 4368214.00000 N.C.
445182.00000 4368218.00000 -108.1650
445182.00000 4368222.00000 N.C.
445182.00000 4368226.00000 -111.7172
445182.00000 4368230.00000 N.C.
445182.00000 4368234.00000 N.C.
445182.00000 4368238.00000 -109.0897
445182.00000 4368242.00000 N.C.
445182.00000 4368246.00000 N.C.
445182.00000 4368250.00000 -107.3424
445182.00000 4368254.00000 -107.1743
445182.00000 4368258.00000 -113.5308
445182.00000 4368262.00000 N.C.
445182.00000 4368266.00000 N.C.
445182.00000 4368270.00000 N.C.
445182.00000 4368274.00000 -117.2849
445182.00000 4368278.00000 -115.0767
445182.00000 4368282.00000 -115.5950
445182.00000 4368286.00000 -115.8509
445182.00000 4368290.00000 -115.1210
445182.00000 4368294.00000 -114.6149
445182.00000 4368298.00000 -119.6770
445182.00000 4368302.00000 -120.0071
445182.00000 4368306.00000 N.C.
445182.00000 4368310.00000 -120.5040
445182.00000 4368314.00000 -119.1720
445182.00000 4368318.00000 -120.4854
445182.00000 4368322.00000 -119.1715
445182.00000 4368326.00000 N.C.
445182.00000 4368330.00000 N.C.
445182.00000 4368334.00000 N.C.
445182.00000 4368338.00000 -123.2044
445182.00000 4368342.00000 N.C.
445182.00000 4368346.00000 N.C.
445182.00000 4368350.00000 -123.3937
445182.00000 4368354.00000 N.C.
445182.00000 4368358.00000 N.C.
445182.00000 4368362.00000 N.C.
445182.00000 4368366.00000 -123.9647
445182.00000 4368370.00000 -123.4073
445182.00000 4368374.00000 -122.8496
445182.00000 4368378.00000 -121.8183
445182.00000 4368382.00000 -120.9748
445182.00000 4368386.00000 -124.8904
445182.00000 4368390.00000 -133.5565
445182.00000 4368394.00000 -133.6313
445186.00000 4367886.00000 -103.4458
445186.00000 4367890.00000 -103.2717
445186.00000 4367894.00000 -103.0949
445186.00000 4367898.00000 -102.9151
445186.00000 4367902.00000 -102.7324
445186.00000 4367906.00000 -102.5466
445186.00000 4367910.00000 -102.3575
445186.00000 4367914.00000 -102.1652
445186.00000 4367918.00000 -101.9694
445186.00000 4367922.00000 -101.7701
445186.00000 4367926.00000 -101.5671
445186.00000 4367930.00000 -101.3603
445186.00000 4367934.00000 -101.1496
445186.00000 4367938.00000 -100.9347
445186.00000 4367942.00000 -100.7156
445186.00000 4367946.00000 -100.4921
445186.00000 4367950.00000 -100.2639
445186.00000 4367954.00000 -100.0309
445186.00000 4367958.00000 -99.7929
445186.00000 4367962.00000 -99.5497
445186.00000 4367966.00000 -99.3010
445186.00000 4367970.00000 -99.0467
445186.00000 4367974.00000 -98.7863
445186.00000 4367978.00000 -98.5198
445186.00000 4367982.00000 -98.2467
445186.00000 4367986.00000 -97.9667
445186.00000 4367990.00000 -97.6796
445186.00000 4367994.00000 -97.3849
445186.00000 4367998.00000 -97.0822
445186.00000 4368002.00000 -96.8011
445186.00000 4368006.00000 -96.4962
445186.00000 4368010.00000 -96.1820
445186.00000 4368014.00000 -95.8729
445186.00000 4368018.00000 -95.5234
445186.00000 4368022.00000 -95.1627
445186.00000 4368026.00000 -94.7903
445186.00000 4368030.00000 -94.4204
445186.00000 4368034.00000 -94.0372
445186.00000 4368038.00000 -93.6698
445186.00000 4368042.00000 -93.2872
445186.00000 4368046.00000 -92.8584
445186.00000 4368050.00000 -92.4272
445186.00000 4368054.00000 -91.9624
445186.00000 4368058.00000 -91.4777
445186.00000 4368062.00000 -90.9865
445186.00000 4368066.00000 -90.4572
445186.00000 4368070.00000 -89.8881
445186.00000 4368074.00000 -89.2925
445186.00000 4368078.00000 -88.6683
445186.00000 4368082.00000 -88.0288
445186.00000 4368086.00000 -87.3572
445186.00000 4368090.00000 -95.9895
445186.00000 4368094.00000 N.C.
445186.00000 4368098.00000 N.C.
445186.00000 4368102.00000 -92.8947
445186.00000 4368106.00000 N.C.
445186.00000 4368110.00000 N.C.
445186.00000 4368114.00000 N.C.
445186.00000 4368118.00000 -80.4832
445186.00000 4368122.00000 -89.3646
445186.00000 4368126.00000 N.C.
445186.00000 4368130.00000 N.C.
445186.00000 4368134.00000 -78.3385
445186.00000 4368138.00000 -87.1589
445186.00000 4368142.00000 -86.1328
445186.00000 4368146.00000 N.C.
445186.00000 4368150.00000 -90.7956
445186.00000 4368154.00000 N.C.
445186.00000 4368158.00000 N.C.
445186.00000 4368162.00000 N.C.
445186.00000 4368166.00000 N.C.
445186.00000 4368170.00000 -84.4910
445186.00000 4368174.00000 -85.1617
445186.00000 4368178.00000 -85.8739
445186.00000 4368182.00000 -86.5964
445186.00000 4368186.00000 -87.2997
445186.00000 4368190.00000 -87.9550
445186.00000 4368194.00000 -88.5791
445186.00000 4368198.00000 -89.2038
445186.00000 4368202.00000 -89.8309
445186.00000 4368206.00000 -90.3273
445186.00000 4368210.00000 -90.8449
445186.00000 4368214.00000 -91.3552
445186.00000 4368218.00000 -102.5928
445186.00000 4368222.00000 N.C.
445186.00000 4368226.00000 -109.6327
445186.00000 4368230.00000 N.C.
445186.00000 4368234.00000 N.C.
445186.00000 4368238.00000 -110.7964
445186.00000 4368242.00000 N.C.
445186.00000 4368246.00000 -111.5117
445186.00000 4368250.00000 -108.1154
445186.00000 4368254.00000 -107.8986
445186.00000 4368258.00000 N.C.
445186.00000 4368262.00000 -113.9257
445186.00000 4368266.00000 N.C.
445186.00000 4368270.00000 -116.8572
445186.00000 4368274.00000 -117.4948
445186.00000 4368278.00000 -115.1493
445186.00000 4368282.00000 -115.4161
445186.00000 4368286.00000 -114.4294
445186.00000 4368290.00000 -113.8009
445186.00000 4368294.00000 N.C.
445186.00000 4368298.00000 N.C.
445186.00000 4368302.00000 -120.0916
445186.00000 4368306.00000 -120.4448
445186.00000 4368310.00000 -118.8151
445186.00000 4368314.00000 -119.7409
445186.00000 4368318.00000 -118.3799
445186.00000 4368322.00000 -117.3132
445186.00000 4368326.00000 N.C.
445186.00000 4368330.00000 N.C.
445186.00000 4368334.00000 -120.5910
445186.00000 4368338.00000 -123.8143
445186.00000 4368342.00000 N.C.
445186.00000 4368346.00000 N.C.
445186.00000 4368350.00000 -123.3717
445186.00000 4368354.00000 N.C.
445186.00000 4368358.00000 N.C.
445186.00000 4368362.00000 -123.6496
445186.00000 4368366.00000 -123.8846
445186.00000 4368370.00000 -122.8122
445186.00000 4368374.00000 -122.9420
445186.00000 4368378.00000 -122.4167
445186.00000 4368382.00000 N.C.
445186.00000 4368386.00000 -120.9153
445186.00000 4368390.00000 -120.3737
445186.00000 4368394.00000 -129.0357
445190.00000 4367886.00000 -103.4520
445190.00000 4367890.00000 -103.2782
445190.00000 4367894.00000 -103.1015
445190.00000 4367898.00000 -102.9220
445190.00000 4367902.00000 -102.7395
445190.00000 4367906.00000 -102.5539
445190.00000 4367910.00000 -102.3651
445190.00000 4367914.00000 -102.1731
445190.00000 4367918.00000 -101.9776
445190.00000 4367922.00000 -101.7786
445190.00000 4367926.00000 -101.5759
445190.00000 4367930.00000 -101.3695
445190.00000 4367934.00000 -101.1591
445190.00000 4367938.00000 -100.9446
445190.00000 4367942.00000 -100.7259
445190.00000 4367946.00000 -100.5028
445190.00000 4367950.00000 -100.2751
445190.00000 4367954.00000 -100.0426
445190.00000 4367958.00000 -99.8051
445190.00000 4367962.00000 -99.5625
445190.00000 4367966.00000 -99.3144
445190.00000 4367970.00000 -99.0607
445190.00000 4367974.00000 -98.8010
445190.00000 4367978.00000 -98.5352
445190.00000 4367982.00000 -98.2629
445190.00000 4367986.00000 -97.9838
445190.00000 4367990.00000 -97.6976
445190.00000 4367994.00000 -97.4039
445190.00000 4367998.00000 -97.1173
445190.00000 4368002.00000 -96.8224
445190.00000 4368006.00000 -96.5188
445190.00000 4368010.00000 -96.2210
445190.00000 4368014.00000 -95.8985
445190.00000 4368018.00000 -95.5656
445190.00000 4368022.00000 -95.2368
445190.00000 4368026.00000 -94.8815
445190.00000 4368030.00000 -94.5139
445190.00000 4368034.00000 -94.1182
445190.00000 4368038.00000 -93.7386
445190.00000 4368042.00000 -93.3292
445190.00000 4368046.00000 -92.9039
445190.00000 4368050.00000 -92.4918
445190.00000 4368054.00000 -92.0316
445190.00000 4368058.00000 -91.5820
445190.00000 4368062.00000 -91.0667
445190.00000 4368066.00000 -90.5443
445190.00000 4368070.00000 -89.9681
445190.00000 4368074.00000 -89.3517
445190.00000 4368078.00000 -88.6933
445190.00000 4368082.00000 -88.0665
445190.00000 4368086.00000 -87.3499
445190.00000 4368090.00000 -86.5874
445190.00000 4368094.00000 -85.8540
445190.00000 4368098.00000 -85.0755
445190.00000 4368102.00000 -84.2399
445190.00000 4368106.00000 -94.7220
445190.00000 4368110.00000 -93.6711
445190.00000 4368114.00000 -81.6731
445190.00000 4368118.00000 -90.5202
445190.00000 4368122.00000 -89.8732
445190.00000 4368126.00000 N.C.
445190.00000 4368130.00000 N.C.
445190.00000 4368134.00000 -78.9446
445190.00000 4368138.00000 -79.0064
445190.00000 4368142.00000 -79.3206
445190.00000 4368146.00000 -79.8208
445190.00000 4368150.00000 -91.0106
445190.00000 4368154.00000 N.C.
445190.00000 4368158.00000 -95.4394
445190.00000 4368162.00000 -97.2491
445190.00000 4368166.00000 N.C.
445190.00000 4368170.00000 N.C.
445190.00000 4368174.00000 N.C.
445190.00000 4368178.00000 N.C.
445190.00000 4368182.00000 N.C.
445190.00000 4368186.00000 -102.0178
445190.00000 4368190.00000 -88.3161
445190.00000 4368194.00000 -88.7935
445190.00000 4368198.00000 N.C.
445190.00000 4368202.00000 N.C.
445190.00000 4368206.00000 N.C.
445190.00000 4368210.00000 -91.0871
445190.00000 4368214.00000 -91.5918
445190.00000 4368218.00000 -92.0615
445190.00000 4368222.00000 -92.5276
445190.00000 4368226.00000 -92.9611
445190.00000 4368230.00000 -93.3933
445190.00000 4368234.00000 -93.7952
445190.00000 4368238.00000 -94.1527
445190.00000 4368242.00000 -94.5118
445190.00000 4368246.00000 -105.4104
445190.00000 4368250.00000 N.C.
445190.00000 4368254.00000 N.C.
445190.00000 4368258.00000 N.C.
445190.00000 4368262.00000 -113.2666
445190.00000 4368266.00000 N.C.
445190.00000 4368270.00000 -116.9032
445190.00000 4368274.00000 -114.6865
445190.00000 4368278.00000 -114.9651
445190.00000 4368282.00000 -113.5185
445190.00000 4368286.00000 -112.7342
445190.00000 4368290.00000 -119.0810
445190.00000 4368294.00000 -119.3461
445190.00000 4368298.00000 N.C.
445190.00000 4368302.00000 N.C.
445190.00000 4368306.00000 -118.4175
445190.00000 4368310.00000 N.C.
445190.00000 4368314.00000 -120.8531
445190.00000 4368318.00000 -118.6996
445190.00000 4368322.00000 -117.6500
445190.00000 4368326.00000 -116.8359
445190.00000 4368330.00000 -116.2160
445190.00000 4368334.00000 -120.8510
445190.00000 4368338.00000 -125.0089
445190.00000 4368342.00000 N.C.
445190.00000 4368346.00000 N.C.
445190.00000 4368350.00000 -123.3787
445190.00000 4368354.00000 N.C.
445190.00000 4368358.00000 N.C.
445190.00000 4368362.00000 -123.6561
445190.00000 4368366.00000 -123.5729
445190.00000 4368370.00000 -123.0853
445190.00000 4368374.00000 -122.2913
445190.00000 4368378.00000 N.C.
445190.00000 4368382.00000 N.C.
445190.00000 4368386.00000 -121.6190
445190.00000 4368390.00000 -121.0079
445190.00000 4368394.00000 -120.5429
445194.00000 4367886.00000 -103.4610
445194.00000 4367890.00000 -103.2875
445194.00000 4367894.00000 -103.1111
445194.00000 4367898.00000 -102.9319
445194.00000 4367902.00000 -102.7498
445194.00000 4367906.00000 -102.5645
445194.00000 4367910.00000 -102.3761
445194.00000 4367914.00000 -102.1845
445194.00000 4367918.00000 -101.9894
445194.00000 4367922.00000 -101.7908
445194.00000 4367926.00000 -101.5887
445194.00000 4367930.00000 -101.3827
445194.00000 4367934.00000 -101.1728
445194.00000 4367938.00000 -100.9589
445194.00000 4367942.00000 -100.7408
445194.00000 4367946.00000 -100.5183
445194.00000 4367950.00000 -100.2912
445194.00000 4367954.00000 -100.0594
445194.00000 4367958.00000 -99.8227
445194.00000 4367962.00000 -99.5809
445194.00000 4367966.00000 -99.3337
445194.00000 4367970.00000 -99.0809
445194.00000 4367974.00000 -98.8222
445194.00000 4367978.00000 -98.5574
445194.00000 4367982.00000 -98.2863
445194.00000 4367986.00000 -98.0084
445194.00000 4367990.00000 -97.7235
445194.00000 4367994.00000 -97.4313
445194.00000 4367998.00000 -97.1462
445194.00000 4368002.00000 -96.8531
445194.00000 4368006.00000 -96.5663
445194.00000 4368010.00000 -96.2555
445194.00000 4368014.00000 -95.9351
445194.00000 4368018.00000 -95.6347
445194.00000 4368022.00000 -95.2936
445194.00000 4368026.00000 -94.9562
445194.00000 4368030.00000 -94.5768
445194.00000 4368034.00000 -94.1847
445194.00000 4368038.00000 -93.8092
445194.00000 4368042.00000 -93.4042
445194.00000 4368046.00000 -92.9840
445194.00000 4368050.00000 -92.5326
445194.00000 4368054.00000 -92.0638
445194.00000 4368058.00000 -91.5615
445194.00000 4368062.00000 -91.1146
445194.00000 4368066.00000 -101.9531
445194.00000 4368070.00000 N.C.
445194.00000 4368074.00000 -89.3730
445194.00000 4368078.00000 -88.7445
445194.00000 4368082.00000 -88.1202
445194.00000 4368086.00000 -87.4541
445194.00000 4368090.00000 -86.7310
445194.00000 4368094.00000 -86.0114
445194.00000 4368098.00000 -85.2371
445194.00000 4368102.00000 -84.4421
445194.00000 4368106.00000 -83.6635
445194.00000 4368110.00000 -82.9128
445194.00000 4368114.00000 -82.1629
445194.00000 4368118.00000 -93.0149
445194.00000 4368122.00000 -91.6675
445194.00000 4368126.00000 N.C.
445194.00000 4368130.00000 N.C.
445194.00000 4368134.00000 -79.6986
445194.00000 4368138.00000 -79.7524
445194.00000 4368142.00000 -80.0141
445194.00000 4368146.00000 -80.4705
445194.00000 4368150.00000 N.C.
445194.00000 4368154.00000 N.C.
445194.00000 4368158.00000 -95.8882
445194.00000 4368162.00000 -97.9272
445194.00000 4368166.00000 N.C.
445194.00000 4368170.00000 -100.4625
445194.00000 4368174.00000 N.C.
445194.00000 4368178.00000 N.C.
445194.00000 4368182.00000 N.C.
445194.00000 4368186.00000 -105.1202
445194.00000 4368190.00000 N.C.
445194.00000 4368194.00000 -103.1518
445194.00000 4368198.00000 N.C.
445194.00000 4368202.00000 N.C.
445194.00000 4368206.00000 N.C.
445194.00000 4368210.00000 -91.4006
445194.00000 4368214.00000 -91.7926
445194.00000 4368218.00000 -92.2254
445194.00000 4368222.00000 -92.6554
445194.00000 4368226.00000 -93.0686
445194.00000 4368230.00000 -93.4961
445194.00000 4368234.00000 -93.9087
445194.00000 4368238.00000 -94.2924
445194.00000 4368242.00000 -94.6781
445194.00000 4368246.00000 -95.0364
445194.00000 4368250.00000 -95.3980
445194.00000 4368254.00000 -95.7487
445194.00000 4368258.00000 -96.0741
445194.00000 4368262.00000 N.C.
445194.00000 4368266.00000 N.C.
445194.00000 4368270.00000 -114.2055
445194.00000 4368274.00000 -111.7384
445194.00000 4368278.00000 -112.0177
445194.00000 4368282.00000 -118.0335
445194.00000 4368286.00000 N.C.
445194.00000 4368290.00000 N.C.
445194.00000 4368294.00000 -119.3162
445194.00000 4368298.00000 -119.0929
445194.00000 4368302.00000 -118.0383
445194.00000 4368306.00000 -120.4124
445194.00000 4368310.00000 N.C.
445194.00000 4368314.00000 -120.8172
445194.00000 4368318.00000 N.C.
445194.00000 4368322.00000 N.C.
445194.00000 4368326.00000 N.C.
445194.00000 4368330.00000 N.C.
445194.00000 4368334.00000 -116.2163
445194.00000 4368338.00000 -119.3057
445194.00000 4368342.00000 -118.8348
445194.00000 4368346.00000 -123.5003
445194.00000 4368350.00000 -123.4449
445194.00000 4368354.00000 N.C.
445194.00000 4368358.00000 N.C.
445194.00000 4368362.00000 -123.6761
445194.00000 4368366.00000 -123.4101
445194.00000 4368370.00000 -122.4209
445194.00000 4368374.00000 -121.6040
445194.00000 4368378.00000 -120.9417
445194.00000 4368382.00000 -122.8482
445194.00000 4368386.00000 -122.2363
445194.00000 4368390.00000 -121.6682
445194.00000 4368394.00000 -121.1770
445198.00000 4367886.00000 -103.4728
445198.00000 4367890.00000 -103.2996
445198.00000 4367894.00000 -103.1237
445198.00000 4367898.00000 -102.9449
445198.00000 4367902.00000 -102.7631
445198.00000 4367906.00000 -102.5784
445198.00000 4367910.00000 -102.3905
445198.00000 4367914.00000 -102.1993
445198.00000 4367918.00000 -102.0048
445198.00000 4367922.00000 -101.8068
445198.00000 4367926.00000 -101.6052
445198.00000 4367930.00000 -101.3999
445198.00000 4367934.00000 -101.1907
445198.00000 4367938.00000 -100.9775
445198.00000 4367942.00000 -100.7601
445198.00000 4367946.00000 -100.5385
445198.00000 4367950.00000 -100.3123
445198.00000 4367954.00000 -100.0814
445198.00000 4367958.00000 -99.8457
445198.00000 4367962.00000 -99.6049
445198.00000 4367966.00000 -99.3587
445198.00000 4367970.00000 -99.1071
445198.00000 4367974.00000 -98.8498
445198.00000 4367978.00000 -98.5864
445198.00000 4367982.00000 -98.3167
445198.00000 4367986.00000 -98.0554
445198.00000 4367990.00000 -97.7722
445198.00000 4367994.00000 -97.4818
445198.00000 4367998.00000 -97.1988
445198.00000 4368002.00000 -96.9078
445198.00000 4368006.00000 -96.6235
445198.00000 4368010.00000 -96.3003
445198.00000 4368014.00000 -95.9977
445198.00000 4368018.00000 -95.6704
445198.00000 4368022.00000 -95.3477
445198.00000 4368026.00000 -94.9841
445198.00000 4368030.00000 -94.5789
445198.00000 4368034.00000 -94.1914
445198.00000 4368038.00000 -93.7910
445198.00000 4368042.00000 -93.4368
445198.00000 4368046.00000 -93.0230
445198.00000 4368050.00000 -92.6388
445198.00000 4368054.00000 -92.2082
445198.00000 4368058.00000 -91.7601
445198.00000 4368062.00000 -91.2637
445198.00000 4368066.00000 N.C.
445198.00000 4368070.00000 N.C.
445198.00000 4368074.00000 N.C.
445198.00000 4368078.00000 N.C.
445198.00000 4368082.00000 N.C.
445198.00000 4368086.00000 N.C.
445198.00000 4368090.00000 -86.9112
445198.00000 4368094.00000 -86.1960
445198.00000 4368098.00000 -85.5071
445198.00000 4368102.00000 -84.8043
445198.00000 4368106.00000 -84.1105
445198.00000 4368110.00000 -83.4074
445198.00000 4368114.00000 -82.7270
445198.00000 4368118.00000 -95.2733
445198.00000 4368122.00000 -93.6704
445198.00000 4368126.00000 -93.1412
445198.00000 4368130.00000 -93.5052
445198.00000 4368134.00000 -80.5489
445198.00000 4368138.00000 N.C.
445198.00000 4368142.00000 N.C.
445198.00000 4368146.00000 N.C.
445198.00000 4368150.00000 N.C.
445198.00000 4368154.00000 N.C.
445198.00000 4368158.00000 -96.6509
445198.00000 4368162.00000 -99.1610
445198.00000 4368166.00000 N.C.
445198.00000 4368170.00000 -100.7034
445198.00000 4368174.00000 N.C.
445198.00000 4368178.00000 N.C.
445198.00000 4368182.00000 -104.0401
445198.00000 4368186.00000 N.C.
445198.00000 4368190.00000 N.C.
445198.00000 4368194.00000 -109.3130
445198.00000 4368198.00000 -104.1422
445198.00000 4368202.00000 -110.6204
445198.00000 4368206.00000 N.C.
445198.00000 4368210.00000 N.C.
445198.00000 4368214.00000 -102.7372
445198.00000 4368218.00000 -102.7975
445198.00000 4368222.00000 -93.2679
445198.00000 4368226.00000 -93.5093
445198.00000 4368230.00000 -93.7807
445198.00000 4368234.00000 -94.0829
445198.00000 4368238.00000 -94.4468
445198.00000 4368242.00000 -94.7980
445198.00000 4368246.00000 -95.1523
445198.00000 4368250.00000 -95.4804
445198.00000 4368254.00000 -95.8279
445198.00000 4368258.00000 -96.1652
445198.00000 4368262.00000 -96.4780
445198.00000 4368266.00000 -96.7967
445198.00000 4368270.00000 -97.1069
445198.00000 4368274.00000 -108.0479
445198.00000 4368278.00000 -108.3848
445198.00000 4368282.00000 N.C.
445198.00000 4368286.00000 N.C.
445198.00000 4368290.00000 -119.0810
445198.00000 4368294.00000 -119.1698
445198.00000 4368298.00000 -117.6470
445198.00000 4368302.00000 -120.0256
445198.00000 4368306.00000 N.C.
445198.00000 4368310.00000 N.C.
445198.00000 4368314.00000 -120.7905
445198.00000 4368318.00000 -121.3328
445198.00000 4368322.00000 N.C.
445198.00000 4368326.00000 N.C.
445198.00000 4368330.00000 N.C.
445198.00000 4368334.00000 -118.8093
445198.00000 4368338.00000 -118.2406
445198.00000 4368342.00000 N.C.
445198.00000 4368346.00000 N.C.
445198.00000 4368350.00000 -123.4381
445198.00000 4368354.00000 N.C.
445198.00000 4368358.00000 N.C.
445198.00000 4368362.00000 -123.6546
445198.00000 4368366.00000 -122.7657
445198.00000 4368370.00000 -121.7332
445198.00000 4368374.00000 -120.9038
445198.00000 4368378.00000 -120.2492
445198.00000 4368382.00000 -119.7383
445198.00000 4368386.00000 -122.7802
445198.00000 4368390.00000 -122.2772
445198.00000 4368394.00000 -121.7963
445202.00000 4367886.00000 -103.4872
445202.00000 4367890.00000 -103.3145
445202.00000 4367894.00000 -103.1391
445202.00000 4367898.00000 -102.9608
445202.00000 4367902.00000 -102.7796
445202.00000 4367906.00000 -102.5954
445202.00000 4367910.00000 -102.4081
445202.00000 4367914.00000 -102.2176
445202.00000 4367918.00000 -102.0238
445202.00000 4367922.00000 -101.8265
445202.00000 4367926.00000 -101.6256
445202.00000 4367930.00000 -101.4211
445202.00000 4367934.00000 -101.2127
445202.00000 4367938.00000 -101.0004
445202.00000 4367942.00000 -100.7840
445202.00000 4367946.00000 -100.5633
445202.00000 4367950.00000 -100.3382
445202.00000 4367954.00000 -100.1234
445202.00000 4367958.00000 -99.8889
445202.00000 4367962.00000 -99.6493
445202.00000 4367966.00000 -99.4046
445202.00000 4367970.00000 -99.1544
445202.00000 4367974.00000 -98.8986
445202.00000 4367978.00000 -98.6369
445202.00000 4367982.00000 -98.3690
445202.00000 4367986.00000 -98.0947
445202.00000 4367990.00000 -97.8136
445202.00000 4367994.00000 -97.5255
445202.00000 4367998.00000 -97.2299
445202.00000 4368002.00000 -96.9566
445202.00000 4368006.00000 -96.6451
445202.00000 4368010.00000 -96.3250
445202.00000 4368014.00000 -95.9960
445202.00000 4368018.00000 -95.6724
445202.00000 4368022.00000 -95.3539
445202.00000 4368026.00000 -94.9798
445202.00000 4368030.00000 -94.6546
445202.00000 4368034.00000 -94.3177
445202.00000 4368038.00000 -93.9534
445202.00000 4368042.00000 -93.5761
445202.00000 4368046.00000 -93.1850
445202.00000 4368050.00000 -92.7944
445202.00000 4368054.00000 -92.4185
445202.00000 4368058.00000 -91.9664
445202.00000 4368062.00000 -91.4974
445202.00000 4368066.00000 N.C.
445202.00000 4368070.00000 N.C.
445202.00000 4368074.00000 N.C.
445202.00000 4368078.00000 N.C.
445202.00000 4368082.00000 N.C.
445202.00000 4368086.00000 -87.7815
445202.00000 4368090.00000 -87.1656
445202.00000 4368094.00000 -86.5336
445202.00000 4368098.00000 -85.9038
445202.00000 4368102.00000 -85.2518
445202.00000 4368106.00000 -84.6006
445202.00000 4368110.00000 -83.9619
445202.00000 4368114.00000 -83.3665
445202.00000 4368118.00000 -102.1606
445202.00000 4368122.00000 -101.7055
445202.00000 4368126.00000 -100.4766
445202.00000 4368130.00000 -81.5299
445202.00000 4368134.00000 -81.4433
445202.00000 4368138.00000 -95.2024
445202.00000 4368142.00000 -95.3701
445202.00000 4368146.00000 -95.3194
445202.00000 4368150.00000 N.C.
445202.00000 4368154.00000 N.C.
445202.00000 4368158.00000 -97.6304
445202.00000 4368162.00000 -96.8207
445202.00000 4368166.00000 N.C.
445202.00000 4368170.00000 -101.1038
445202.00000 4368174.00000 -102.9687
445202.00000 4368178.00000 -101.4810
445202.00000 4368182.00000 -100.3265
445202.00000 4368186.00000 N.C.
445202.00000 4368190.00000 N.C.
445202.00000 4368194.00000 -109.8653
445202.00000 4368198.00000 -109.8445
445202.00000 4368202.00000 -105.0580
445202.00000 4368206.00000 N.C.
445202.00000 4368210.00000 N.C.
445202.00000 4368214.00000 -108.9260
445202.00000 4368218.00000 -108.9059
445202.00000 4368222.00000 -104.2069
445202.00000 4368226.00000 -104.3519
445202.00000 4368230.00000 -104.6056
445202.00000 4368234.00000 -104.9274
445202.00000 4368238.00000 -105.3054
445202.00000 4368242.00000 -95.3211
445202.00000 4368246.00000 -95.4907
445202.00000 4368250.00000 -95.7394
445202.00000 4368254.00000 N.C.
445202.00000 4368258.00000 N.C.
445202.00000 4368262.00000 -109.8220
445202.00000 4368266.00000 -107.9926
445202.00000 4368270.00000 -97.3043
445202.00000 4368274.00000 -97.5737
445202.00000 4368278.00000 -97.8055
445202.00000 4368282.00000 N.C.
445202.00000 4368286.00000 N.C.
445202.00000 4368290.00000 -119.0373
445202.00000 4368294.00000 -117.2427
445202.00000 4368298.00000 -125.9047
445202.00000 4368302.00000 -119.7826
445202.00000 4368306.00000 N.C.
445202.00000 4368310.00000 N.C.
445202.00000 4368314.00000 -120.7902
445202.00000 4368318.00000 -121.0974
445202.00000 4368322.00000 -120.8327
445202.00000 4368326.00000 -119.2622
445202.00000 4368330.00000 -118.2070
445202.00000 4368334.00000 -117.5078
445202.00000 4368338.00000 -117.0473
445202.00000 4368342.00000 N.C.
445202.00000 4368346.00000 N.C.
445202.00000 4368350.00000 -122.8151
445202.00000 4368354.00000 N.C.
445202.00000 4368358.00000 -123.4274
445202.00000 4368362.00000 -123.6761
445202.00000 4368366.00000 -122.1288
445202.00000 4368370.00000 -121.0663
445202.00000 4368374.00000 -120.2349
445202.00000 4368378.00000 -119.5950
445202.00000 4368382.00000 -119.1075
445202.00000 4368386.00000 -123.3035
445202.00000 4368390.00000 -122.8109
445202.00000 4368394.00000 -122.3760
445206.00000 4367886.00000 -103.5044
445206.00000 4367890.00000 -103.3323
445206.00000 4367894.00000 -103.1574
445206.00000 4367898.00000 -102.9797
445206.00000 4367902.00000 -102.7992
445206.00000 4367906.00000 -102.6157
445206.00000 4367910.00000 -102.4291
445206.00000 4367914.00000 -102.2393
445206.00000 4367918.00000 -102.0462
445206.00000 4367922.00000 -101.8648
445206.00000 4367926.00000 -101.6648
445206.00000 4367930.00000 -101.4612
445206.00000 4367934.00000 -101.2538
445206.00000 4367938.00000 -101.0425
445206.00000 4367942.00000 -100.8272
445206.00000 4367946.00000 -100.6077
445206.00000 4367950.00000 -100.3838
445206.00000 4367954.00000 -100.1554
445206.00000 4367958.00000 -99.9222
445206.00000 4367962.00000 -99.6842
445206.00000 4367966.00000 -99.4411
445206.00000 4367970.00000 -99.1926
445206.00000 4367974.00000 -98.9386
445206.00000 4367978.00000 -98.6789
445206.00000 4367982.00000 -98.4131
445206.00000 4367986.00000 -98.1411
445206.00000 4367990.00000 -97.8625
445206.00000 4367994.00000 -97.5770
445206.00000 4367998.00000 -97.2843
445206.00000 4368002.00000 -96.9991
445206.00000 4368006.00000 -96.6759
445206.00000 4368010.00000 -96.3746
445206.00000 4368014.00000 -96.1095
445206.00000 4368018.00000 -95.8053
445206.00000 4368022.00000 -95.4916
445206.00000 4368026.00000 -95.1378
445206.00000 4368030.00000 -94.8034
445206.00000 4368034.00000 -94.4729
445206.00000 4368038.00000 -94.1457
445206.00000 4368042.00000 -93.7763
445206.00000 4368046.00000 -93.3940
445206.00000 4368050.00000 -92.9982
445206.00000 4368054.00000 -92.5883
445206.00000 4368058.00000 -92.1486
445206.00000 4368062.00000 -103.8957
445206.00000 4368066.00000 N.C.
445206.00000 4368070.00000 N.C.
445206.00000 4368074.00000 N.C.
445206.00000 4368078.00000 N.C.
445206.00000 4368082.00000 N.C.
445206.00000 4368086.00000 -88.0827
445206.00000 4368090.00000 -87.5169
445206.00000 4368094.00000 -86.9250
445206.00000 4368098.00000 -86.3259
445206.00000 4368102.00000 -85.7254
445206.00000 4368106.00000 -85.1317
445206.00000 4368110.00000 -84.5708
445206.00000 4368114.00000 -84.0869
445206.00000 4368118.00000 -102.7848
445206.00000 4368122.00000 -101.0461
445206.00000 4368126.00000 -98.5191
445206.00000 4368130.00000 -82.4145
445206.00000 4368134.00000 -82.3457
445206.00000 4368138.00000 -99.7018
445206.00000 4368142.00000 -101.9054
445206.00000 4368146.00000 -101.3058
445206.00000 4368150.00000 -99.2440
445206.00000 4368154.00000 -97.9506
445206.00000 4368158.00000 -98.7389
445206.00000 4368162.00000 -95.7276
445206.00000 4368166.00000 N.C.
445206.00000 4368170.00000 -101.6380
445206.00000 4368174.00000 N.C.
445206.00000 4368178.00000 N.C.
445206.00000 4368182.00000 -102.7300
445206.00000 4368186.00000 N.C.
445206.00000 4368190.00000 N.C.
445206.00000 4368194.00000 -110.4371
445206.00000 4368198.00000 -110.4269
445206.00000 4368202.00000 -109.6031
445206.00000 4368206.00000 N.C.
445206.00000 4368210.00000 N.C.
445206.00000 4368214.00000 -108.1690
445206.00000 4368218.00000 -108.0572
445206.00000 4368222.00000 -105.4419
445206.00000 4368226.00000 -105.3730
445206.00000 4368230.00000 -105.4582
445206.00000 4368234.00000 -105.6318
445206.00000 4368238.00000 -105.8675
445206.00000 4368242.00000 N.C.
445206.00000 4368246.00000 N.C.
445206.00000 4368250.00000 -106.8098
445206.00000 4368254.00000 N.C.
445206.00000 4368258.00000 N.C.
445206.00000 4368262.00000 -110.4714
445206.00000 4368266.00000 -97.2960
445206.00000 4368270.00000 -97.5101
445206.00000 4368274.00000 -97.7466
445206.00000 4368278.00000 -98.0056
445206.00000 4368282.00000 -98.2576
445206.00000 4368286.00000 N.C.
445206.00000 4368290.00000 -116.7945
445206.00000 4368294.00000 N.C.
445206.00000 4368298.00000 N.C.
445206.00000 4368302.00000 -117.4449
445206.00000 4368306.00000 N.C.
445206.00000 4368310.00000 N.C.
445206.00000 4368314.00000 -120.8064
445206.00000 4368318.00000 -117.8384
445206.00000 4368322.00000 -118.9150
445206.00000 4368326.00000 -117.3872
445206.00000 4368330.00000 -116.5200
445206.00000 4368334.00000 -116.0216
445206.00000 4368338.00000 -115.7385
445206.00000 4368342.00000 -115.5886
445206.00000 4368346.00000 -115.5250
445206.00000 4368350.00000 -115.5347
445206.00000 4368354.00000 N.C.
445206.00000 4368358.00000 -123.3340
445206.00000 4368362.00000 -122.9370
445206.00000 4368366.00000 -121.5704
445206.00000 4368370.00000 -120.4919
445206.00000 4368374.00000 -119.6647
445206.00000 4368378.00000 -119.0397
445206.00000 4368382.00000 -118.5720
445206.00000 4368386.00000 -118.2252
445206.00000 4368390.00000 -123.3111
445206.00000 4368394.00000 -122.8965
445210.00000 4367886.00000 -103.5243
445210.00000 4367890.00000 -103.3678
445210.00000 4367894.00000 -103.1936
445210.00000 4367898.00000 -103.0166
445210.00000 4367902.00000 -102.8368
445210.00000 4367906.00000 -102.6541
445210.00000 4367910.00000 -102.4683
445210.00000 4367914.00000 -102.2794
445210.00000 4367918.00000 -102.0872
445210.00000 4367922.00000 -101.8917
445210.00000 4367926.00000 -101.6927
445210.00000 4367930.00000 -101.4902
445210.00000 4367934.00000 -101.2840
445210.00000 4367938.00000 -101.0739
445210.00000 4367942.00000 -100.8598
445210.00000 4367946.00000 -100.6416
445210.00000 4367950.00000 -100.4191
445210.00000 4367954.00000 -100.1922
445210.00000 4367958.00000 -99.9607
445210.00000 4367962.00000 -99.7244
445210.00000 4367966.00000 -99.4831
445210.00000 4367970.00000 -99.2366
445210.00000 4367974.00000 -98.9847
445210.00000 4367978.00000 -98.7272
445210.00000 4367982.00000 -98.4789
445210.00000 4367986.00000 -98.2094
445210.00000 4367990.00000 -97.9336
445210.00000 4367994.00000 -97.6661
445210.00000 4367998.00000 -97.4067
445210.00000 4368002.00000 -97.1400
445210.00000 4368006.00000 -96.8657
445210.00000 4368010.00000 -96.5685
445210.00000 4368014.00000 -96.2479
445210.00000 4368018.00000 -95.9337
445210.00000 4368022.00000 -95.6253
445210.00000 4368026.00000 -95.3224
445210.00000 4368030.00000 -94.9946
445210.00000 4368034.00000 -94.6413
445210.00000 4368038.00000 -94.2770
445210.00000 4368042.00000 -93.9314
445210.00000 4368046.00000 -93.5438
445210.00000 4368050.00000 -93.1589
445210.00000 4368054.00000 -92.7311
445210.00000 4368058.00000 -92.2899
445210.00000 4368062.00000 -103.7401
445210.00000 4368066.00000 N.C.
445210.00000 4368070.00000 N.C.
445210.00000 4368074.00000 N.C.
445210.00000 4368078.00000 N.C.
445210.00000 4368082.00000 N.C.
445210.00000 4368086.00000 -88.4273
445210.00000 4368090.00000 -87.8825
445210.00000 4368094.00000 -87.3312
445210.00000 4368098.00000 -86.7775
445210.00000 4368102.00000 -86.2275
445210.00000 4368106.00000 -85.7040
445210.00000 4368110.00000 -85.2321
445210.00000 4368114.00000 -84.7642
445210.00000 4368118.00000 -101.8742
445210.00000 4368122.00000 -100.1555
445210.00000 4368126.00000 -98.4719
445210.00000 4368130.00000 -83.3024
445210.00000 4368134.00000 -83.2333
445210.00000 4368138.00000 -99.2456
445210.00000 4368142.00000 -101.3523
445210.00000 4368146.00000 -100.1675
445210.00000 4368150.00000 -111.7638
445210.00000 4368154.00000 -111.6211
445210.00000 4368158.00000 -97.6304
445210.00000 4368162.00000 -95.6572
445210.00000 4368166.00000 -95.0520
445210.00000 4368170.00000 -102.2530
445210.00000 4368174.00000 -101.0991
445210.00000 4368178.00000 -100.7868
445210.00000 4368182.00000 -109.9866
445210.00000 4368186.00000 N.C.
445210.00000 4368190.00000 -110.0016
445210.00000 4368194.00000 -110.5040
445210.00000 4368198.00000 -109.7545
445210.00000 4368202.00000 -108.8125
445210.00000 4368206.00000 N.C.
445210.00000 4368210.00000 N.C.
445210.00000 4368214.00000 -107.5620
445210.00000 4368218.00000 -107.4608
445210.00000 4368222.00000 -106.6319
445210.00000 4368226.00000 -106.4565
445210.00000 4368230.00000 -106.3905
445210.00000 4368234.00000 -106.4341
445210.00000 4368238.00000 -106.5641
445210.00000 4368242.00000 N.C.
445210.00000 4368246.00000 N.C.
445210.00000 4368250.00000 N.C.
445210.00000 4368254.00000 N.C.
445210.00000 4368258.00000 N.C.
445210.00000 4368262.00000 -111.5555
445210.00000 4368266.00000 -108.8443
445210.00000 4368270.00000 -107.7091
445210.00000 4368274.00000 -107.2199
445210.00000 4368278.00000 -98.4832
445210.00000 4368282.00000 -98.6273
445210.00000 4368286.00000 -98.7799
445210.00000 4368290.00000 -98.9713
445210.00000 4368294.00000 -99.1867
445210.00000 4368298.00000 N.C.
445210.00000 4368302.00000 -113.4328
445210.00000 4368306.00000 N.C.
445210.00000 4368310.00000 -120.2723
445210.00000 4368314.00000 -117.8706
445210.00000 4368318.00000 -118.5575
445210.00000 4368322.00000 -115.9689
445210.00000 4368326.00000 -114.9803
445210.00000 4368330.00000 -114.5635
445210.00000 4368334.00000 -114.3983
445210.00000 4368338.00000 -114.3621
445210.00000 4368342.00000 -114.3991
445210.00000 4368346.00000 -114.4806
445210.00000 4368350.00000 N.C.
445210.00000 4368354.00000 N.C.
445210.00000 4368358.00000 -123.3122
445210.00000 4368362.00000 -122.5639
445210.00000 4368366.00000 -121.1804
445210.00000 4368370.00000 -120.0968
445210.00000 4368374.00000 -119.2720
445210.00000 4368378.00000 -118.6534
445210.00000 4368382.00000 -118.1938
445210.00000 4368386.00000 -117.8557
445210.00000 4368390.00000 -117.6106
445210.00000 4368394.00000 -117.4371
445214.00000 4367886.00000 -103.5618
445214.00000 4367890.00000 -103.3910
445214.00000 4367894.00000 -103.2176
445214.00000 4367898.00000 -103.0414
445214.00000 4367902.00000 -102.8624
445214.00000 4367906.00000 -102.6805
445214.00000 4367910.00000 -102.4957
445214.00000 4367914.00000 -102.3077
445214.00000 4367918.00000 -102.1166
445214.00000 4367922.00000 -101.9222
445214.00000 4367926.00000 -101.7243
445214.00000 4367930.00000 -101.5230
445214.00000 4367934.00000 -101.3180
445214.00000 4367938.00000 -101.1093
445214.00000 4367942.00000 -100.8966
445214.00000 4367946.00000 -100.6799
445214.00000 4367950.00000 -100.4590
445214.00000 4367954.00000 -100.2338
445214.00000 4367958.00000 -100.0041
445214.00000 4367962.00000 -99.7847
445214.00000 4367966.00000 -99.5455
445214.00000 4367970.00000 -99.2862
445214.00000 4367974.00000 -99.0517
445214.00000 4367978.00000 -98.8117
445214.00000 4367982.00000 -98.5960
445214.00000 4367986.00000 -98.3594
445214.00000 4367990.00000 -98.1017
445214.00000 4367994.00000 -97.8376
445214.00000 4367998.00000 -97.5518
445214.00000 4368002.00000 -97.2740
445214.00000 4368006.00000 -96.9890
445214.00000 4368010.00000 -96.7113
445214.00000 4368014.00000 -96.4108
445214.00000 4368018.00000 -96.1020
445214.00000 4368022.00000 -95.7846
445214.00000 4368026.00000 -95.4582
445214.00000 4368030.00000 -95.1225
445214.00000 4368034.00000 -94.7920
445214.00000 4368038.00000 -94.4514
445214.00000 4368042.00000 -94.0703
445214.00000 4368046.00000 -93.6783
445214.00000 4368050.00000 -93.3050
445214.00000 4368054.00000 -92.8452
445214.00000 4368058.00000 -92.4036
445214.00000 4368062.00000 -103.5625
445214.00000 4368066.00000 -102.7532
445214.00000 4368070.00000 -101.9233
445214.00000 4368074.00000 N.C.
445214.00000 4368078.00000 N.C.
445214.00000 4368082.00000 N.C.
445214.00000 4368086.00000 -88.7795
445214.00000 4368090.00000 -88.2707
445214.00000 4368094.00000 -87.7592
445214.00000 4368098.00000 -87.2496
445214.00000 4368102.00000 -86.7626
445214.00000 4368106.00000 -86.3205
445214.00000 4368110.00000 -85.8725
445214.00000 4368114.00000 -85.4293
445214.00000 4368118.00000 N.C.
445214.00000 4368122.00000 N.C.
445214.00000 4368126.00000 N.C.
445214.00000 4368130.00000 -84.1501
445214.00000 4368134.00000 -84.0933
445214.00000 4368138.00000 -99.7988
445214.00000 4368142.00000 -101.2339
445214.00000 4368146.00000 -99.7600
445214.00000 4368150.00000 -97.7693
445214.00000 4368154.00000 -99.1798
445214.00000 4368158.00000 -97.4601
445214.00000 4368162.00000 -96.4247
445214.00000 4368166.00000 -95.4625
445214.00000 4368170.00000 -86.9972
445214.00000 4368174.00000 -100.1600
445214.00000 4368178.00000 -99.6538
445214.00000 4368182.00000 -99.8103
445214.00000 4368186.00000 -100.3824
445214.00000 4368190.00000 -101.1561
445214.00000 4368194.00000 -102.0277
445214.00000 4368198.00000 -109.0697
445214.00000 4368202.00000 -109.6754
445214.00000 4368206.00000 N.C.
445214.00000 4368210.00000 N.C.
445214.00000 4368214.00000 -107.1612
445214.00000 4368218.00000 -107.0464
445214.00000 4368222.00000 -107.7406
445214.00000 4368226.00000 N.C.
445214.00000 4368230.00000 N.C.
445214.00000 4368234.00000 N.C.
445214.00000 4368238.00000 -107.3237
445214.00000 4368242.00000 -107.4132
445214.00000 4368246.00000 -114.4632
445214.00000 4368250.00000 -114.8570
445214.00000 4368254.00000 N.C.
445214.00000 4368258.00000 N.C.
445214.00000 4368262.00000 -114.0632
445214.00000 4368266.00000 -111.4875
445214.00000 4368270.00000 -110.0142
445214.00000 4368274.00000 -109.2104
445214.00000 4368278.00000 -108.8056
445214.00000 4368282.00000 -108.6634
445214.00000 4368286.00000 -108.7236
445214.00000 4368290.00000 -108.9474
445214.00000 4368294.00000 -99.6749
445214.00000 4368298.00000 -99.8371
445214.00000 4368302.00000 N.C.
445214.00000 4368306.00000 N.C.
445214.00000 4368310.00000 -119.1932
445214.00000 4368314.00000 -100.4946
445214.00000 4368318.00000 -111.8080
445214.00000 4368322.00000 -112.0641
445214.00000 4368326.00000 -112.3149
445214.00000 4368330.00000 -112.5606
445214.00000 4368334.00000 -112.8014
445214.00000 4368338.00000 -113.0376
445214.00000 4368342.00000 -113.2693
445214.00000 4368346.00000 -113.4966
445214.00000 4368350.00000 N.C.
445214.00000 4368354.00000 -123.1469
445214.00000 4368358.00000 -123.3340
445214.00000 4368362.00000 -122.3941
445214.00000 4368366.00000 N.C.
445214.00000 4368370.00000 N.C.
445214.00000 4368374.00000 N.C.
445214.00000 4368378.00000 -118.6423
445214.00000 4368382.00000 -118.1597
445214.00000 4368386.00000 -117.7536
445214.00000 4368390.00000 -117.4860
445214.00000 4368394.00000 -117.2758
445218.00000 4367886.00000 -103.5869
445218.00000 4367890.00000 -103.4169
445218.00000 4367894.00000 -103.2443
445218.00000 4367898.00000 -103.0690
445218.00000 4367902.00000 -102.8910
445218.00000 4367906.00000 -102.7101
445218.00000 4367910.00000 -102.5262
445218.00000 4367914.00000 -102.3394
445218.00000 4367918.00000 -102.1494
445218.00000 4367922.00000 -101.9561
445218.00000 4367926.00000 -101.7596
445218.00000 4367930.00000 -101.5595
445218.00000 4367934.00000 -101.3560
445218.00000 4367938.00000 -101.1487
445218.00000 4367942.00000 -100.9526
445218.00000 4367946.00000 -100.7376
445218.00000 4367950.00000 -100.5035
445218.00000 4367954.00000 -100.2951
445218.00000 4367958.00000 -100.0824
445218.00000 4367962.00000 -99.8801
445218.00000 4367966.00000 -99.6731
445218.00000 4367970.00000 -99.4463
445218.00000 4367974.00000 -99.2293
445218.00000 4367978.00000 -98.9771
445218.00000 4367982.00000 -98.7194
445218.00000 4367986.00000 -98.4560
445218.00000 4367990.00000 -98.2167
445218.00000 4367994.00000 -97.9562
445218.00000 4367998.00000 -97.7043
445218.00000 4368002.00000 -97.4308
445218.00000 4368006.00000 -97.1354
445218.00000 4368010.00000 -96.8628
445218.00000 4368014.00000 -96.5526
445218.00000 4368018.00000 -96.2498
445218.00000 4368022.00000 -95.9238
445218.00000 4368026.00000 -95.6044
445218.00000 4368030.00000 -95.2614
445218.00000 4368034.00000 -94.9093
445218.00000 4368038.00000 -94.5779
445218.00000 4368042.00000 -94.2219
445218.00000 4368046.00000 -93.8111
445218.00000 4368050.00000 -93.4052
445218.00000 4368054.00000 -92.9591
445218.00000 4368058.00000 -92.5026
445218.00000 4368062.00000 -92.0508
445218.00000 4368066.00000 -91.5888
445218.00000 4368070.00000 N.C.
445218.00000 4368074.00000 N.C.
445218.00000 4368078.00000 N.C.
445218.00000 4368082.00000 -89.6204
445218.00000 4368086.00000 -89.1491
445218.00000 4368090.00000 -88.6752
445218.00000 4368094.00000 -88.2021
445218.00000 4368098.00000 -87.7492
445218.00000 4368102.00000 -87.3219
445218.00000 4368106.00000 -86.8970
445218.00000 4368110.00000 -86.4975
445218.00000 4368114.00000 -86.1625
445218.00000 4368118.00000 N.C.
445218.00000 4368122.00000 N.C.
445218.00000 4368126.00000 N.C.
445218.00000 4368130.00000 N.C.
445218.00000 4368134.00000 N.C.
445218.00000 4368138.00000 N.C.
445218.00000 4368142.00000 N.C.
445218.00000 4368146.00000 -85.3259
445218.00000 4368150.00000 -98.0665
445218.00000 4368154.00000 -85.8537
445218.00000 4368158.00000 -97.9344
445218.00000 4368162.00000 -97.5308
445218.00000 4368166.00000 -96.5869
445218.00000 4368170.00000 -87.5039
445218.00000 4368174.00000 -87.9672
445218.00000 4368178.00000 -99.2702
445218.00000 4368182.00000 -99.1079
445218.00000 4368186.00000 -99.5107
445218.00000 4368190.00000 -100.2516
445218.00000 4368194.00000 -90.5724
445218.00000 4368198.00000 -101.9783
445218.00000 4368202.00000 -102.8432
445218.00000 4368206.00000 N.C.
445218.00000 4368210.00000 -107.1221
445218.00000 4368214.00000 -106.8688
445218.00000 4368218.00000 -106.7642
445218.00000 4368222.00000 -108.7623
445218.00000 4368226.00000 N.C.
445218.00000 4368230.00000 N.C.
445218.00000 4368234.00000 N.C.
445218.00000 4368238.00000 N.C.
445218.00000 4368242.00000 N.C.
445218.00000 4368246.00000 N.C.
445218.00000 4368250.00000 -108.3196
445218.00000 4368254.00000 -112.5268
445218.00000 4368258.00000 -113.5185
445218.00000 4368262.00000 -115.5825
445218.00000 4368266.00000 -113.4442
445218.00000 4368270.00000 -111.9351
445218.00000 4368274.00000 N.C.
445218.00000 4368278.00000 -110.3474
445218.00000 4368282.00000 -109.9883
445218.00000 4368286.00000 -109.8073
445218.00000 4368290.00000 -109.7579
445218.00000 4368294.00000 -109.8105
445218.00000 4368298.00000 -109.9444
445218.00000 4368302.00000 N.C.
445218.00000 4368306.00000 N.C.
445218.00000 4368310.00000 N.C.
445218.00000 4368314.00000 -119.8947
445218.00000 4368318.00000 N.C.
445218.00000 4368322.00000 -112.7314
445218.00000 4368326.00000 -111.9171
445218.00000 4368330.00000 -111.7765
445218.00000 4368334.00000 N.C.
445218.00000 4368338.00000 N.C.
445218.00000 4368342.00000 N.C.
445218.00000 4368346.00000 -122.7324
445218.00000 4368350.00000 N.C.
445218.00000 4368354.00000 -123.1931
445218.00000 4368358.00000 -123.3962
445218.00000 4368362.00000 -122.4327
445218.00000 4368366.00000 -121.1098
445218.00000 4368370.00000 N.C.
445218.00000 4368374.00000 N.C.
445218.00000 4368378.00000 N.C.
445218.00000 4368382.00000 N.C.
445218.00000 4368386.00000 -117.9841
445218.00000 4368390.00000 -117.7099
445218.00000 4368394.00000 -117.4643
445222.00000 4367886.00000 -103.6146
445222.00000 4367890.00000 -103.4455
445222.00000 4367894.00000 -103.2738
445222.00000 4367898.00000 -103.0995
445222.00000 4367902.00000 -102.9225
445222.00000 4367906.00000 -102.7426
445222.00000 4367910.00000 -102.5599
445222.00000 4367914.00000 -102.3742
445222.00000 4367918.00000 -102.1855
445222.00000 4367922.00000 -101.9935
445222.00000 4367926.00000 -101.8133
445222.00000 4367930.00000 -101.5997
445222.00000 4367934.00000 -101.4127
445222.00000 4367938.00000 -101.2070
445222.00000 4367942.00000 -101.0127
445222.00000 4367946.00000 -100.8445
445222.00000 4367950.00000 -100.6423
445222.00000 4367954.00000 -100.4360
445222.00000 4367958.00000 -100.2404
445222.00000 4367962.00000 -100.0105
445222.00000 4367966.00000 -99.7759
445222.00000 4367970.00000 -99.5367
445222.00000 4367974.00000 -99.3075
445222.00000 4367978.00000 -99.0883
445222.00000 4367982.00000 -98.8487
445222.00000 4367986.00000 -98.6038
445222.00000 4367990.00000 -98.3531
445222.00000 4367994.00000 -98.0816
445222.00000 4367998.00000 -97.8340
445222.00000 4368002.00000 -97.5501
445222.00000 4368006.00000 -97.2746
445222.00000 4368010.00000 -96.9773
445222.00000 4368014.00000 -96.6880
445222.00000 4368018.00000 -96.3764
445222.00000 4368022.00000 -96.0573
445222.00000 4368026.00000 -95.7303
445222.00000 4368030.00000 -95.4104
445222.00000 4368034.00000 -95.0672
445222.00000 4368038.00000 -94.7005
445222.00000 4368042.00000 -94.3402
445222.00000 4368046.00000 -93.9260
445222.00000 4368050.00000 -93.5029
445222.00000 4368054.00000 -93.0859
445222.00000 4368058.00000 -104.4120
445222.00000 4368062.00000 -103.9172
445222.00000 4368066.00000 N.C.
445222.00000 4368070.00000 N.C.
445222.00000 4368074.00000 N.C.
445222.00000 4368078.00000 N.C.
445222.00000 4368082.00000 -89.9718
445222.00000 4368086.00000 -89.5312
445222.00000 4368090.00000 -89.0909
445222.00000 4368094.00000 -88.6691
445222.00000 4368098.00000 -88.2701
445222.00000 4368102.00000 -87.8839
445222.00000 4368106.00000 -87.4866
445222.00000 4368110.00000 -87.1151
445222.00000 4368114.00000 -86.8373
445222.00000 4368118.00000 N.C.
445222.00000 4368122.00000 N.C.
445222.00000 4368126.00000 -102.5340
445222.00000 4368130.00000 -105.4527
445222.00000 4368134.00000 -105.5880
445222.00000 4368138.00000 N.C.
445222.00000 4368142.00000 N.C.
445222.00000 4368146.00000 -98.7965
445222.00000 4368150.00000 N.C.
445222.00000 4368154.00000 N.C.
445222.00000 4368158.00000 -86.8365
445222.00000 4368162.00000 -87.2072
445222.00000 4368166.00000 -87.6225
445222.00000 4368170.00000 -88.0300
445222.00000 4368174.00000 -88.4533
445222.00000 4368178.00000 -88.8718
445222.00000 4368182.00000 -99.0653
445222.00000 4368186.00000 -99.0509
445222.00000 4368190.00000 -99.5884
445222.00000 4368194.00000 -90.8075
445222.00000 4368198.00000 -91.2985
445222.00000 4368202.00000 N.C.
445222.00000 4368206.00000 N.C.
445222.00000 4368210.00000 -112.7113
445222.00000 4368214.00000 N.C.
445222.00000 4368218.00000 -113.9377
445222.00000 4368222.00000 -109.7325
445222.00000 4368226.00000 N.C.
445222.00000 4368230.00000 -114.8797
445222.00000 4368234.00000 N.C.
445222.00000 4368238.00000 -116.9369
445222.00000 4368242.00000 -116.8866
445222.00000 4368246.00000 -116.9219
445222.00000 4368250.00000 N.C.
445222.00000 4368254.00000 N.C.
445222.00000 4368258.00000 -117.6174
445222.00000 4368262.00000 -116.6001
445222.00000 4368266.00000 -114.8284
445222.00000 4368270.00000 -113.4476
445222.00000 4368274.00000 N.C.
445222.00000 4368278.00000 N.C.
445222.00000 4368282.00000 N.C.
445222.00000 4368286.00000 N.C.
445222.00000 4368290.00000 N.C.
445222.00000 4368294.00000 -110.6861
445222.00000 4368298.00000 -110.6524
445222.00000 4368302.00000 -110.7112
445222.00000 4368306.00000 -110.8209
445222.00000 4368310.00000 -110.9719
445222.00000 4368314.00000 -111.1563
445222.00000 4368318.00000 -116.1157
445222.00000 4368322.00000 N.C.
445222.00000 4368326.00000 N.C.
445222.00000 4368330.00000 -118.5606
445222.00000 4368334.00000 -112.8518
445222.00000 4368338.00000 N.C.
445222.00000 4368342.00000 N.C.
445222.00000 4368346.00000 -121.8303
445222.00000 4368350.00000 N.C.
445222.00000 4368354.00000 -123.2428
445222.00000 4368358.00000 -123.4916
445222.00000 4368362.00000 -122.6290
445222.00000 4368366.00000 -121.3756
445222.00000 4368370.00000 N.C.
445222.00000 4368374.00000 N.C.
445222.00000 4368378.00000 -118.9855
445222.00000 4368382.00000 -124.1492
445222.00000 4368386.00000 -118.2120
445222.00000 4368390.00000 -117.9089
445222.00000 4368394.00000 -117.6799
445226.00000 4367886.00000 -103.6449
445226.00000 4367890.00000 -103.4767
445226.00000 4367894.00000 -103.3060
445226.00000 4367898.00000 -103.1328
445226.00000 4367902.00000 -102.9568
445226.00000 4367906.00000 -102.7781
445226.00000 4367910.00000 -102.5816
445226.00000 4367914.00000 -102.3972
445226.00000 4367918.00000 -102.2098
445226.00000 4367922.00000 -102.0493
445226.00000 4367926.00000 -101.8855
445226.00000 4367930.00000 -101.7185
445226.00000 4367934.00000 -101.5331
445226.00000 4367938.00000 -101.3442
445226.00000 4367942.00000 -101.1667
445226.00000 4367946.00000 -100.9555
445226.00000 4367950.00000 -100.7403
445226.00000 4367954.00000 -100.5212
445226.00000 4367958.00000 -100.3130
445226.00000 4367962.00000 -100.1005
445226.00000 4367966.00000 -99.8986
445226.00000 4367970.00000 -99.6772
445226.00000 4367974.00000 -99.4360
445226.00000 4367978.00000 -99.2050
445226.00000 4367982.00000 -98.9689
445226.00000 4367986.00000 -98.7276
445226.00000 4367990.00000 -98.4808
445226.00000 4367994.00000 -98.2135
445226.00000 4367998.00000 -97.9404
445226.00000 4368002.00000 -97.6764
445226.00000 4368006.00000 -97.3911
445226.00000 4368010.00000 -97.0995
445226.00000 4368014.00000 -96.8013
445226.00000 4368018.00000 -96.5113
445226.00000 4368022.00000 -96.1994
445226.00000 4368026.00000 -95.8652
445226.00000 4368030.00000 -95.5388
445226.00000 4368034.00000 -95.2048
445226.00000 4368038.00000 -94.8182
445226.00000 4368042.00000 -94.4238
445226.00000 4368046.00000 -94.0517
445226.00000 4368050.00000 -104.5740
445226.00000 4368054.00000 -105.1389
445226.00000 4368058.00000 -104.6709
445226.00000 4368062.00000 -110.3829
445226.00000 4368066.00000 -110.8828
445226.00000 4368070.00000 -110.3897
445226.00000 4368074.00000 -109.8293
445226.00000 4368078.00000 -101.7870
445226.00000 4368082.00000 -90.3329
445226.00000 4368086.00000 -89.9218
445226.00000 4368090.00000 -89.5282
445226.00000 4368094.00000 -89.1553
445226.00000 4368098.00000 -88.7772
445226.00000 4368102.00000 -88.4134
445226.00000 4368106.00000 -88.0392
445226.00000 4368110.00000 -87.7658
445226.00000 4368114.00000 -87.4797
445226.00000 4368118.00000 N.C.
445226.00000 4368122.00000 N.C.
445226.00000 4368126.00000 -107.1103
445226.00000 4368130.00000 -108.2750
445226.00000 4368134.00000 -106.5444
445226.00000 4368138.00000 N.C.
445226.00000 4368142.00000 N.C.
445226.00000 4368146.00000 -99.7130
445226.00000 4368150.00000 N.C.
445226.00000 4368154.00000 N.C.
445226.00000 4368158.00000 -98.1047
445226.00000 4368162.00000 N.C.
445226.00000 4368166.00000 N.C.
445226.00000 4368170.00000 N.C.
445226.00000 4368174.00000 N.C.
445226.00000 4368178.00000 N.C.
445226.00000 4368182.00000 -89.7320
445226.00000 4368186.00000 -90.1572
445226.00000 4368190.00000 -99.2544
445226.00000 4368194.00000 -91.0538
445226.00000 4368198.00000 -91.5359
445226.00000 4368202.00000 N.C.
445226.00000 4368206.00000 N.C.
445226.00000 4368210.00000 N.C.
445226.00000 4368214.00000 N.C.
445226.00000 4368218.00000 -113.9065
445226.00000 4368222.00000 N.C.
445226.00000 4368226.00000 N.C.
445226.00000 4368230.00000 -115.0625
445226.00000 4368234.00000 -116.5066
445226.00000 4368238.00000 -116.4526
445226.00000 4368242.00000 -116.4916
445226.00000 4368246.00000 -116.8135
445226.00000 4368250.00000 N.C.
445226.00000 4368254.00000 N.C.
445226.00000 4368258.00000 -117.5819
445226.00000 4368262.00000 -117.3644
445226.00000 4368266.00000 -115.8718
445226.00000 4368270.00000 -114.6462
445226.00000 4368274.00000 N.C.
445226.00000 4368278.00000 N.C.
445226.00000 4368282.00000 -119.5077
445226.00000 4368286.00000 N.C.
445226.00000 4368290.00000 N.C.
445226.00000 4368294.00000 N.C.
445226.00000 4368298.00000 N.C.
445226.00000 4368302.00000 -116.8922
445226.00000 4368306.00000 N.C.
445226.00000 4368310.00000 N.C.
445226.00000 4368314.00000 N.C.
445226.00000 4368318.00000 -118.2242
445226.00000 4368322.00000 -111.8842
445226.00000 4368326.00000 -112.0589
445226.00000 4368330.00000 -117.0567
445226.00000 4368334.00000 -117.2944
445226.00000 4368338.00000 -117.5276
445226.00000 4368342.00000 -117.7564
445226.00000 4368346.00000 -117.9809
445226.00000 4368350.00000 -118.2014
445226.00000 4368354.00000 -118.4180
445226.00000 4368358.00000 -118.6308
445226.00000 4368362.00000 -118.8399
445226.00000 4368366.00000 N.C.
445226.00000 4368370.00000 N.C.
445226.00000 4368374.00000 N.C.
445226.00000 4368378.00000 N.C.
445226.00000 4368382.00000 N.C.
445226.00000 4368386.00000 -118.4485
445226.00000 4368390.00000 -118.1160
445226.00000 4368394.00000 -117.9472
445230.00000 4367886.00000 -103.6776
445230.00000 4367890.00000 -103.5105
445230.00000 4367894.00000 -103.3259
445230.00000 4367898.00000 -103.1537
445230.00000 4367902.00000 -102.9790
445230.00000 4367906.00000 -102.8015
445230.00000 4367910.00000 -102.6213
445230.00000 4367914.00000 -102.4533
445230.00000 4367918.00000 -102.2823
445230.00000 4367922.00000 -102.1083
445230.00000 4367926.00000 -101.9462
445230.00000 4367930.00000 -101.7658
445230.00000 4367934.00000 -101.5972
445230.00000 4367938.00000 -101.4102
445230.00000 4367942.00000 -101.2346
445230.00000 4367946.00000 -101.0404
445230.00000 4367950.00000 -100.8425
445230.00000 4367954.00000 -100.6408
445230.00000 4367958.00000 -100.4350
445230.00000 4367962.00000 -100.2252
445230.00000 4367966.00000 -99.9961
445230.00000 4367970.00000 -99.7776
445230.00000 4367974.00000 -99.5546
445230.00000 4367978.00000 -99.3270
445230.00000 4367982.00000 -99.0795
445230.00000 4367986.00000 -98.8271
445230.00000 4367990.00000 -98.5845
445230.00000 4367994.00000 -98.3216
445230.00000 4367998.00000 -98.0533
445230.00000 4368002.00000 -97.7793
445230.00000 4368006.00000 -97.4996
445230.00000 4368010.00000 -97.2289
445230.00000 4368014.00000 -96.9371
445230.00000 4368018.00000 -96.6240
445230.00000 4368022.00000 -96.3195
445230.00000 4368026.00000 -96.0084
445230.00000 4368030.00000 -95.6307
445230.00000 4368034.00000 -95.2762
445230.00000 4368038.00000 -94.9299
445230.00000 4368042.00000 -105.5020
445230.00000 4368046.00000 -105.4234
445230.00000 4368050.00000 -105.8248
445230.00000 4368054.00000 -105.3806
445230.00000 4368058.00000 -108.1647
445230.00000 4368062.00000 -107.6634
445230.00000 4368066.00000 -107.1406
445230.00000 4368070.00000 -106.5943
445230.00000 4368074.00000 -91.4704
445230.00000 4368078.00000 -91.0856
445230.00000 4368082.00000 -90.7006
445230.00000 4368086.00000 -90.3173
445230.00000 4368090.00000 -89.9835
445230.00000 4368094.00000 -89.6271
445230.00000 4368098.00000 -89.2817
445230.00000 4368102.00000 -88.9366
445230.00000 4368106.00000 -88.6265
445230.00000 4368110.00000 -88.3715
445230.00000 4368114.00000 -101.0402
445230.00000 4368118.00000 -106.8972
445230.00000 4368122.00000 -107.7798
445230.00000 4368126.00000 N.C.
445230.00000 4368130.00000 N.C.
445230.00000 4368134.00000 -107.6469
445230.00000 4368138.00000 N.C.
445230.00000 4368142.00000 N.C.
445230.00000 4368146.00000 -100.5653
445230.00000 4368150.00000 N.C.
445230.00000 4368154.00000 N.C.
445230.00000 4368158.00000 -104.9391
445230.00000 4368162.00000 N.C.
445230.00000 4368166.00000 N.C.
445230.00000 4368170.00000 N.C.
445230.00000 4368174.00000 N.C.
445230.00000 4368178.00000 N.C.
445230.00000 4368182.00000 N.C.
445230.00000 4368186.00000 -101.5241
445230.00000 4368190.00000 N.C.
445230.00000 4368194.00000 -105.6742
445230.00000 4368198.00000 -91.7672
445230.00000 4368202.00000 -92.2085
445230.00000 4368206.00000 -92.6460
445230.00000 4368210.00000 -107.1747
445230.00000 4368214.00000 -107.6780
445230.00000 4368218.00000 -108.1613
445230.00000 4368222.00000 N.C.
445230.00000 4368226.00000 N.C.
445230.00000 4368230.00000 -115.2859
445230.00000 4368234.00000 -116.4826
445230.00000 4368238.00000 N.C.
445230.00000 4368242.00000 N.C.
445230.00000 4368246.00000 -116.8205
445230.00000 4368250.00000 N.C.
445230.00000 4368254.00000 N.C.
445230.00000 4368258.00000 -117.6174
445230.00000 4368262.00000 -117.1111
445230.00000 4368266.00000 -116.7037
445230.00000 4368270.00000 -115.5943
445230.00000 4368274.00000 -119.3383
445230.00000 4368278.00000 N.C.
445230.00000 4368282.00000 -119.6091
445230.00000 4368286.00000 N.C.
445230.00000 4368290.00000 -120.2184
445230.00000 4368294.00000 N.C.
445230.00000 4368298.00000 N.C.
445230.00000 4368302.00000 -121.1175
445230.00000 4368306.00000 -117.2908
445230.00000 4368310.00000 N.C.
445230.00000 4368314.00000 N.C.
445230.00000 4368318.00000 -120.3812
445230.00000 4368322.00000 -118.5780
445230.00000 4368326.00000 -117.0385
445230.00000 4368330.00000 -116.1726
445230.00000 4368334.00000 -112.7151
445230.00000 4368338.00000 -112.8816
445230.00000 4368342.00000 -113.0591
445230.00000 4368346.00000 -116.3157
445230.00000 4368350.00000 -116.7961
445230.00000 4368354.00000 -117.2056
445230.00000 4368358.00000 -117.5656
445230.00000 4368362.00000 -117.8905
445230.00000 4368366.00000 -118.1893
445230.00000 4368370.00000 -118.4682
445230.00000 4368374.00000 -118.7311
445230.00000 4368378.00000 N.C.
445230.00000 4368382.00000 N.C.
445230.00000 4368386.00000 -118.9841
445230.00000 4368390.00000 -123.3431
445230.00000 4368394.00000 -120.6723
445234.00000 4367886.00000 -103.6978
445234.00000 4367890.00000 -103.5318
445234.00000 4367894.00000 -103.3633
445234.00000 4367898.00000 -103.1924
445234.00000 4367902.00000 -103.0189
445234.00000 4367906.00000 -102.8428
445234.00000 4367910.00000 -102.6639
445234.00000 4367914.00000 -102.4973
445234.00000 4367918.00000 -102.3429
445234.00000 4367922.00000 -102.1705
445234.00000 4367926.00000 -101.9950
445234.00000 4367930.00000 -101.8315
445234.00000 4367934.00000 -101.6498
445234.00000 4367938.00000 -101.4797
445234.00000 4367942.00000 -101.2913
445234.00000 4367946.00000 -101.1143
445234.00000 4367950.00000 -100.9337
445234.00000 4367954.00000 -100.7345
445234.00000 4367958.00000 -100.5313
445234.00000 4367962.00000 -100.3393
445234.00000 4367966.00000 -100.1131
445234.00000 4367970.00000 -99.8828
445234.00000 4367974.00000 -99.6482
445234.00000 4367978.00000 -99.4241
445234.00000 4367982.00000 -99.1804
445234.00000 4367986.00000 -98.9320
445234.00000 4367990.00000 -98.6788
445234.00000 4367994.00000 -98.4205
445234.00000 4367998.00000 -98.1722
445234.00000 4368002.00000 -97.9035
445234.00000 4368006.00000 -97.6295
445234.00000 4368010.00000 -97.3350
445234.00000 4368014.00000 -97.0498
445234.00000 4368018.00000 -96.7588
445234.00000 4368022.00000 -96.4020
445234.00000 4368026.00000 -96.0692
445234.00000 4368030.00000 -95.7454
445234.00000 4368034.00000 -106.4297
445234.00000 4368038.00000 -106.2032
445234.00000 4368042.00000 -106.1880
445234.00000 4368046.00000 -106.4740
445234.00000 4368050.00000 -106.0512
445234.00000 4368054.00000 -107.1585
445234.00000 4368058.00000 -106.3396
445234.00000 4368062.00000 -105.3189
445234.00000 4368066.00000 -103.9622
445234.00000 4368070.00000 -92.1556
445234.00000 4368074.00000 -91.7942
445234.00000 4368078.00000 -91.4325
445234.00000 4368082.00000 -91.0721
445234.00000 4368086.00000 -90.7451
445234.00000 4368090.00000 -90.4239
445234.00000 4368094.00000 -90.0813
445234.00000 4368098.00000 -89.7658
445234.00000 4368102.00000 -89.4360
445234.00000 4368106.00000 -89.2011
445234.00000 4368110.00000 -88.9605
445234.00000 4368114.00000 -101.8150
445234.00000 4368118.00000 -105.1936
445234.00000 4368122.00000 -107.9516
445234.00000 4368126.00000 -108.3233
445234.00000 4368130.00000 -108.2600
445234.00000 4368134.00000 -108.3042
445234.00000 4368138.00000 N.C.
445234.00000 4368142.00000 N.C.
445234.00000 4368146.00000 -101.3617
445234.00000 4368150.00000 N.C.
445234.00000 4368154.00000 N.C.
445234.00000 4368158.00000 -105.8406
445234.00000 4368162.00000 N.C.
445234.00000 4368166.00000 N.C.
445234.00000 4368170.00000 N.C.
445234.00000 4368174.00000 -109.6633
445234.00000 4368178.00000 -109.9421
445234.00000 4368182.00000 -110.3767
445234.00000 4368186.00000 N.C.
445234.00000 4368190.00000 N.C.
445234.00000 4368194.00000 -111.3359
445234.00000 4368198.00000 -106.4860
445234.00000 4368202.00000 N.C.
445234.00000 4368206.00000 N.C.
445234.00000 4368210.00000 N.C.
445234.00000 4368214.00000 N.C.
445234.00000 4368218.00000 N.C.
445234.00000 4368222.00000 -114.8335
445234.00000 4368226.00000 -115.0126
445234.00000 4368230.00000 -113.6706
445234.00000 4368234.00000 -112.6510
445234.00000 4368238.00000 N.C.
445234.00000 4368242.00000 N.C.
445234.00000 4368246.00000 N.C.
445234.00000 4368250.00000 N.C.
445234.00000 4368254.00000 -117.4389
445234.00000 4368258.00000 -117.7427
445234.00000 4368262.00000 -115.9892
445234.00000 4368266.00000 -117.3976
445234.00000 4368270.00000 -116.4021
445234.00000 4368274.00000 N.C.
445234.00000 4368278.00000 N.C.
445234.00000 4368282.00000 N.C.
445234.00000 4368286.00000 N.C.
445234.00000 4368290.00000 N.C.
445234.00000 4368294.00000 N.C.
445234.00000 4368298.00000 -120.9393
445234.00000 4368302.00000 -121.1915
445234.00000 4368306.00000 -126.7577
445234.00000 4368310.00000 N.C.
445234.00000 4368314.00000 -125.9793
445234.00000 4368318.00000 N.C.
445234.00000 4368322.00000 -124.5843
445234.00000 4368326.00000 -118.9217
445234.00000 4368330.00000 -117.8571
445234.00000 4368334.00000 -117.1532
445234.00000 4368338.00000 -117.8058
445234.00000 4368342.00000 -116.9210
445234.00000 4368346.00000 -113.4827
445234.00000 4368350.00000 -113.6418
445234.00000 4368354.00000 -113.8087
445234.00000 4368358.00000 -116.6483
445234.00000 4368362.00000 -117.0331
445234.00000 4368366.00000 -117.3985
445234.00000 4368370.00000 -117.7386
445234.00000 4368374.00000 -118.0556
445234.00000 4368378.00000 -118.3533
445234.00000 4368382.00000 -118.6342
445234.00000 4368386.00000 -104.7700
445234.00000 4368390.00000 -116.4666
445234.00000 4368394.00000 -116.6508
445238.00000 4367886.00000 -103.7354
445238.00000 4367890.00000 -103.5706
445238.00000 4367894.00000 -103.4033
445238.00000 4367898.00000 -103.2336
445238.00000 4367902.00000 -103.0615
445238.00000 4367906.00000 -102.8868
445238.00000 4367910.00000 -102.7094
445238.00000 4367914.00000 -102.5593
445238.00000 4367918.00000 -102.3915
445238.00000 4367922.00000 -102.2358
445238.00000 4367926.00000 -102.0621
445238.00000 4367930.00000 -101.9005
445238.00000 4367934.00000 -101.7357
445238.00000 4367938.00000 -101.5678
445238.00000 4367942.00000 -101.3815
445238.00000 4367946.00000 -101.1919
445238.00000 4367950.00000 -100.9988
445238.00000 4367954.00000 -100.8021
445238.00000 4367958.00000 -100.6167
445238.00000 4367962.00000 -100.4126
445238.00000 4367966.00000 -100.1896
445238.00000 4367970.00000 -99.9775
445238.00000 4367974.00000 -99.7464
445238.00000 4367978.00000 -99.5110
445238.00000 4367982.00000 -99.2713
445238.00000 4367986.00000 -99.0271
445238.00000 4367990.00000 -98.7934
445238.00000 4367994.00000 -98.5399
445238.00000 4367998.00000 -98.2667
445238.00000 4368002.00000 -98.0036
445238.00000 4368006.00000 -97.7355
445238.00000 4368010.00000 -97.4472
445238.00000 4368014.00000 -97.1238
445238.00000 4368018.00000 -96.8101
445238.00000 4368022.00000 -96.5211
445238.00000 4368026.00000 -96.1968
445238.00000 4368030.00000 -107.0376
445238.00000 4368034.00000 -106.8813
445238.00000 4368038.00000 -106.8832
445238.00000 4368042.00000 -107.0904
445238.00000 4368046.00000 -106.6867
445238.00000 4368050.00000 -106.8285
445238.00000 4368054.00000 -106.0120
445238.00000 4368058.00000 -105.0904
445238.00000 4368062.00000 -104.1334
445238.00000 4368066.00000 -92.8035
445238.00000 4368070.00000 -92.4630
445238.00000 4368074.00000 -92.1222
445238.00000 4368078.00000 -91.7823
445238.00000 4368082.00000 -91.4602
445238.00000 4368086.00000 -91.1726
445238.00000 4368090.00000 -90.8619
445238.00000 4368094.00000 -90.5459
445238.00000 4368098.00000 -90.2424
445238.00000 4368102.00000 -89.9697
445238.00000 4368106.00000 -89.7466
445238.00000 4368110.00000 N.C.
445238.00000 4368114.00000 N.C.
445238.00000 4368118.00000 N.C.
445238.00000 4368122.00000 N.C.
445238.00000 4368126.00000 N.C.
445238.00000 4368130.00000 N.C.
445238.00000 4368134.00000 -109.0501
445238.00000 4368138.00000 -108.9796
445238.00000 4368142.00000 -103.0893
445238.00000 4368146.00000 -102.1092
445238.00000 4368150.00000 -108.6551
445238.00000 4368154.00000 -107.3584
445238.00000 4368158.00000 -106.6812
445238.00000 4368162.00000 N.C.
445238.00000 4368166.00000 N.C.
445238.00000 4368170.00000 N.C.
445238.00000 4368174.00000 N.C.
445238.00000 4368178.00000 N.C.
445238.00000 4368182.00000 N.C.
445238.00000 4368186.00000 N.C.
445238.00000 4368190.00000 N.C.
445238.00000 4368194.00000 -111.7713
445238.00000 4368198.00000 N.C.
445238.00000 4368202.00000 N.C.
445238.00000 4368206.00000 N.C.
445238.00000 4368210.00000 N.C.
445238.00000 4368214.00000 -93.9158
445238.00000 4368218.00000 -108.6632
445238.00000 4368222.00000 -109.1458
445238.00000 4368226.00000 N.C.
445238.00000 4368230.00000 -115.8034
445238.00000 4368234.00000 N.C.
445238.00000 4368238.00000 N.C.
445238.00000 4368242.00000 N.C.
445238.00000 4368246.00000 -117.0742
445238.00000 4368250.00000 -117.4116
445238.00000 4368254.00000 -117.6835
445238.00000 4368258.00000 -117.4755
445238.00000 4368262.00000 -115.9006
445238.00000 4368266.00000 -114.7751
445238.00000 4368270.00000 -117.0979
445238.00000 4368274.00000 -116.3076
445238.00000 4368278.00000 -112.7448
445238.00000 4368282.00000 -119.6351
445238.00000 4368286.00000 -119.9712
445238.00000 4368290.00000 N.C.
445238.00000 4368294.00000 N.C.
445238.00000 4368298.00000 -120.9364
445238.00000 4368302.00000 -126.8348
445238.00000 4368306.00000 -119.8365
445238.00000 4368310.00000 -120.0092
445238.00000 4368314.00000 -119.2909
445238.00000 4368318.00000 N.C.
445238.00000 4368322.00000 -123.4572
445238.00000 4368326.00000 -118.2128
445238.00000 4368330.00000 -119.2560
445238.00000 4368334.00000 -118.4574
445238.00000 4368338.00000 -117.8836
445238.00000 4368342.00000 N.C.
445238.00000 4368346.00000 -117.8880
445238.00000 4368350.00000 -114.0202
445238.00000 4368354.00000 -114.0982
445238.00000 4368358.00000 -114.2138
445238.00000 4368362.00000 -114.3510
445238.00000 4368366.00000 -114.5089
445238.00000 4368370.00000 -114.6716
445238.00000 4368374.00000 -117.4848
445238.00000 4368378.00000 -117.7964
445238.00000 4368382.00000 -118.1006
445238.00000 4368386.00000 -118.3927
445238.00000 4368390.00000 -119.5643
445238.00000 4368394.00000 -116.9577
445242.00000 4367886.00000 -103.7754
445242.00000 4367890.00000 -103.6117
445242.00000 4367894.00000 -103.4458
445242.00000 4367898.00000 -103.2775
445242.00000 4367902.00000 -103.1067
445242.00000 4367906.00000 -102.9334
445242.00000 4367910.00000 -102.7726
445242.00000 4367914.00000 -102.6242
445242.00000 4367918.00000 -102.4580
445242.00000 4367922.00000 -102.3041
445242.00000 4367926.00000 -102.1474
445242.00000 4367930.00000 -101.9727
445242.00000 4367934.00000 -101.8100
445242.00000 4367938.00000 -101.6142
445242.00000 4367942.00000 -101.4453
445242.00000 4367946.00000 -101.2581
445242.00000 4367950.00000 -101.0826
445242.00000 4367954.00000 -100.8886
445242.00000 4367958.00000 -100.7061
445242.00000 4367962.00000 -100.5050
445242.00000 4367966.00000 -100.2852
445242.00000 4367970.00000 -100.0616
445242.00000 4367974.00000 -99.8340
445242.00000 4367978.00000 -99.6025
445242.00000 4367982.00000 -99.3819
445242.00000 4367986.00000 -99.1421
445242.00000 4367990.00000 -98.8830
445242.00000 4367994.00000 -98.6345
445242.00000 4367998.00000 -98.3816
445242.00000 4368002.00000 -98.1091
445242.00000 4368006.00000 -97.8020
445242.00000 4368010.00000 -97.5052
445242.00000 4368014.00000 -97.2337
445242.00000 4368018.00000 -96.9424
445242.00000 4368022.00000 -108.2858
445242.00000 4368026.00000 -107.6397
445242.00000 4368030.00000 -107.5220
445242.00000 4368034.00000 -107.5253
445242.00000 4368038.00000 -107.6770
445242.00000 4368042.00000 -107.2906
445242.00000 4368046.00000 -106.8558
445242.00000 4368050.00000 -106.1228
445242.00000 4368054.00000 -105.3639
445242.00000 4368058.00000 -104.6841
445242.00000 4368062.00000 -93.4175
445242.00000 4368066.00000 -93.0959
445242.00000 4368070.00000 -92.7738
445242.00000 4368074.00000 -92.4525
445242.00000 4368078.00000 -92.1484
445242.00000 4368082.00000 -91.8629
445242.00000 4368086.00000 -91.5830
445242.00000 4368090.00000 -91.2809
445242.00000 4368094.00000 -90.9890
445242.00000 4368098.00000 -90.7099
445242.00000 4368102.00000 -90.5066
445242.00000 4368106.00000 -90.2772
445242.00000 4368110.00000 N.C.
445242.00000 4368114.00000 N.C.
445242.00000 4368118.00000 N.C.
445242.00000 4368122.00000 -109.7470
445242.00000 4368126.00000 -109.6595
445242.00000 4368130.00000 N.C.
445242.00000 4368134.00000 N.C.
445242.00000 4368138.00000 N.C.
445242.00000 4368142.00000 -103.6084
445242.00000 4368146.00000 -102.8133
445242.00000 4368150.00000 N.C.
445242.00000 4368154.00000 -110.4553
445242.00000 4368158.00000 -110.5354
445242.00000 4368162.00000 -104.9332
445242.00000 4368166.00000 -110.2931
445242.00000 4368170.00000 -110.4859
445242.00000 4368174.00000 N.C.
445242.00000 4368178.00000 N.C.
445242.00000 4368182.00000 N.C.
445242.00000 4368186.00000 N.C.
445242.00000 4368190.00000 N.C.
445242.00000 4368194.00000 N.C.
445242.00000 4368198.00000 N.C.
445242.00000 4368202.00000 N.C.
445242.00000 4368206.00000 N.C.
445242.00000 4368210.00000 N.C.
445242.00000 4368214.00000 -94.1221
445242.00000 4368218.00000 N.C.
445242.00000 4368222.00000 N.C.
445242.00000 4368226.00000 N.C.
445242.00000 4368230.00000 -115.8118
445242.00000 4368234.00000 -116.4510
445242.00000 4368238.00000 N.C.
445242.00000 4368242.00000 N.C.
445242.00000 4368246.00000 N.C.
445242.00000 4368250.00000 N.C.
445242.00000 4368254.00000 -117.9671
445242.00000 4368258.00000 -117.2559
445242.00000 4368262.00000 -116.0178
445242.00000 4368266.00000 -114.9332
445242.00000 4368270.00000 -114.0592
445242.00000 4368274.00000 -116.9787
445242.00000 4368278.00000 -112.8581
445242.00000 4368282.00000 -112.4863
445242.00000 4368286.00000 -112.2345
445242.00000 4368290.00000 N.C.
445242.00000 4368294.00000 N.C.
445242.00000 4368298.00000 -120.9090
445242.00000 4368302.00000 -121.0508
445242.00000 4368306.00000 -120.0431
445242.00000 4368310.00000 -119.1211
445242.00000 4368314.00000 -118.4321
445242.00000 4368318.00000 N.C.
445242.00000 4368322.00000 -117.7060
445242.00000 4368326.00000 -117.5107
445242.00000 4368330.00000 -117.3868
445242.00000 4368334.00000 -119.5814
445242.00000 4368338.00000 -118.9521
445242.00000 4368342.00000 N.C.
445242.00000 4368346.00000 -122.2495
445242.00000 4368350.00000 -117.5194
445242.00000 4368354.00000 -120.5145
445242.00000 4368358.00000 N.C.
445242.00000 4368362.00000 N.C.
445242.00000 4368366.00000 N.C.
445242.00000 4368370.00000 -114.8860
445242.00000 4368374.00000 -115.0169
445242.00000 4368378.00000 -115.1670
445242.00000 4368382.00000 -115.3208
445242.00000 4368386.00000 -115.4774
445242.00000 4368390.00000 -118.2675
445242.00000 4368394.00000 -118.5367
445246.00000 4367886.00000 -103.8176
445246.00000 4367890.00000 -103.6553
445246.00000 4367894.00000 -103.4907
445246.00000 4367898.00000 -103.3238
445246.00000 4367902.00000 -103.1545
445246.00000 4367906.00000 -102.9828
445246.00000 4367910.00000 -102.8536
445246.00000 4367914.00000 -102.6918
445246.00000 4367918.00000 -102.5424
445246.00000 4367922.00000 -102.3754
445246.00000 4367926.00000 -102.2056
445246.00000 4367930.00000 -102.0330
445246.00000 4367934.00000 -101.8724
445246.00000 4367938.00000 -101.6939
445246.00000 4367942.00000 -101.5274
445246.00000 4367946.00000 -101.3427
445246.00000 4367950.00000 -101.1699
445246.00000 4367954.00000 -100.9787
445246.00000 4367958.00000 -100.7992
445246.00000 4367962.00000 -100.5863
445246.00000 4367966.00000 -100.3698
445246.00000 4367970.00000 -100.1647
445246.00000 4367974.00000 -99.9409
445246.00000 4367978.00000 -99.7134
445246.00000 4367982.00000 -99.4670
445246.00000 4367986.00000 -99.2316
445246.00000 4367990.00000 -98.9923
445246.00000 4367994.00000 -98.7339
445246.00000 4367998.00000 -98.4413
445246.00000 4368002.00000 -98.1596
445246.00000 4368006.00000 -97.9036
445246.00000 4368010.00000 -97.6284
445246.00000 4368014.00000 -107.8893
445246.00000 4368018.00000 -108.7965
445246.00000 4368022.00000 -108.2215
445246.00000 4368026.00000 -108.1261
445246.00000 4368030.00000 -108.1252
445246.00000 4368034.00000 -108.2366
445246.00000 4368038.00000 -107.6967
445246.00000 4368042.00000 -107.0744
445246.00000 4368046.00000 -106.4342
445246.00000 4368050.00000 -105.8113
445246.00000 4368054.00000 -105.2952
445246.00000 4368058.00000 -94.0008
445246.00000 4368062.00000 -93.6961
445246.00000 4368066.00000 -93.3911
445246.00000 4368070.00000 -93.0865
445246.00000 4368074.00000 -92.7987
445246.00000 4368078.00000 -92.5290
445246.00000 4368082.00000 -92.2488
445246.00000 4368086.00000 -91.9750
445246.00000 4368090.00000 -91.6944
445246.00000 4368094.00000 -91.4094
445246.00000 4368098.00000 -91.1974
445246.00000 4368102.00000 -90.9858
445246.00000 4368106.00000 -103.4804
445246.00000 4368110.00000 N.C.
445246.00000 4368114.00000 N.C.
445246.00000 4368118.00000 N.C.
445246.00000 4368122.00000 -110.6335
445246.00000 4368126.00000 -110.2750
445246.00000 4368130.00000 -110.1720
445246.00000 4368134.00000 N.C.
445246.00000 4368138.00000 N.C.
445246.00000 4368142.00000 -104.1454
445246.00000 4368146.00000 -103.4790
445246.00000 4368150.00000 N.C.
445246.00000 4368154.00000 N.C.
445246.00000 4368158.00000 N.C.
445246.00000 4368162.00000 N.C.
445246.00000 4368166.00000 N.C.
445246.00000 4368170.00000 N.C.
445246.00000 4368174.00000 -108.7010
445246.00000 4368178.00000 -108.5779
445246.00000 4368182.00000 -111.9154
445246.00000 4368186.00000 -112.0881
445246.00000 4368190.00000 -112.4404
445246.00000 4368194.00000 N.C.
445246.00000 4368198.00000 N.C.
445246.00000 4368202.00000 N.C.
445246.00000 4368206.00000 N.C.
445246.00000 4368210.00000 N.C.
445246.00000 4368214.00000 -94.3627
445246.00000 4368218.00000 N.C.
445246.00000 4368222.00000 N.C.
445246.00000 4368226.00000 N.C.
445246.00000 4368230.00000 -115.9553
445246.00000 4368234.00000 -117.0068
445246.00000 4368238.00000 -116.9694
445246.00000 4368242.00000 -117.0068
445246.00000 4368246.00000 N.C.
445246.00000 4368250.00000 N.C.
445246.00000 4368254.00000 -118.1025
445246.00000 4368258.00000 -117.2224
445246.00000 4368262.00000 -116.2424
445246.00000 4368266.00000 -115.2230
445246.00000 4368270.00000 -114.3764
445246.00000 4368274.00000 -117.5805
445246.00000 4368278.00000 -116.9756
445246.00000 4368282.00000 -112.7306
445246.00000 4368286.00000 -112.4284
445246.00000 4368290.00000 N.C.
445246.00000 4368294.00000 N.C.
445246.00000 4368298.00000 -120.9214
445246.00000 4368302.00000 N.C.
445246.00000 4368306.00000 N.C.
445246.00000 4368310.00000 N.C.
445246.00000 4368314.00000 -117.8170
445246.00000 4368318.00000 N.C.
445246.00000 4368322.00000 -117.1091
445246.00000 4368326.00000 -116.9172
445246.00000 4368330.00000 -116.8113
445246.00000 4368334.00000 -116.7696
445246.00000 4368338.00000 -119.8982
445246.00000 4368342.00000 N.C.
445246.00000 4368346.00000 -125.7767
445246.00000 4368350.00000 -117.0418
445246.00000 4368354.00000 -117.1650
445246.00000 4368358.00000 N.C.
445246.00000 4368362.00000 N.C.
445246.00000 4368366.00000 N.C.
445246.00000 4368370.00000 -128.0827
445246.00000 4368374.00000 -121.5624
445246.00000 4368378.00000 -118.8894
445246.00000 4368382.00000 -115.5354
445246.00000 4368386.00000 -115.6454
445246.00000 4368390.00000 -115.7886
445246.00000 4368394.00000 -115.9345
445250.00000 4367886.00000 -103.8621
445250.00000 4367890.00000 -103.7011
445250.00000 4367894.00000 -103.5379
445250.00000 4367898.00000 -103.3725
445250.00000 4367902.00000 -103.2197
445250.00000 4367906.00000 -103.0646
445250.00000 4367910.00000 -102.9221
445250.00000 4367914.00000 -102.7471
445250.00000 4367918.00000 -102.5996
445250.00000 4367922.00000 -102.4345
445250.00000 4367926.00000 -102.2817
445250.00000 4367930.00000 -102.1112
445250.00000 4367934.00000 -101.9529
445250.00000 4367938.00000 -101.7768
445250.00000 4367942.00000 -101.6128
445250.00000 4367946.00000 -101.4307
445250.00000 4367950.00000 -101.2606
445250.00000 4367954.00000 -101.0724
445250.00000 4367958.00000 -100.8809
445250.00000 4367962.00000 -100.6862
445250.00000 4367966.00000 -100.4732
445250.00000 4367970.00000 -100.2417
445250.00000 4367974.00000 -100.0218
445250.00000 4367978.00000 -99.7983
445250.00000 4367982.00000 -99.5712
445250.00000 4367986.00000 -99.3254
445250.00000 4367990.00000 -99.0459
445250.00000 4367994.00000 -98.7777
445250.00000 4367998.00000 -98.5356
445250.00000 4368002.00000 -98.2597
445250.00000 4368006.00000 -108.4969
445250.00000 4368010.00000 -108.6183
445250.00000 4368014.00000 -109.2865
445250.00000 4368018.00000 -108.7787
445250.00000 4368022.00000 -108.6967
445250.00000 4368026.00000 -108.6901
445250.00000 4368030.00000 -108.5037
445250.00000 4368034.00000 -107.9569
445250.00000 4368038.00000 -107.3967
445250.00000 4368042.00000 -106.8389
445250.00000 4368046.00000 -106.3185
445250.00000 4368050.00000 -94.8443
445250.00000 4368054.00000 -94.5560
445250.00000 4368058.00000 -94.2667
445250.00000 4368062.00000 -93.9771
445250.00000 4368066.00000 -93.6878
445250.00000 4368070.00000 -93.4149
445250.00000 4368074.00000 -93.1595
445250.00000 4368078.00000 -92.8930
445250.00000 4368082.00000 -92.6166
445250.00000 4368086.00000 -92.3622
445250.00000 4368090.00000 -92.1014
445250.00000 4368094.00000 -91.8514
445250.00000 4368098.00000 -91.6742
445250.00000 4368102.00000 -91.4522
445250.00000 4368106.00000 -104.0932
445250.00000 4368110.00000 N.C.
445250.00000 4368114.00000 N.C.
445250.00000 4368118.00000 N.C.
445250.00000 4368122.00000 -109.2519
445250.00000 4368126.00000 -109.3737
445250.00000 4368130.00000 -110.8076
445250.00000 4368134.00000 N.C.
445250.00000 4368138.00000 N.C.
445250.00000 4368142.00000 N.C.
445250.00000 4368146.00000 -104.1100
445250.00000 4368150.00000 -111.0530
445250.00000 4368154.00000 -111.1126
445250.00000 4368158.00000 -111.2259
445250.00000 4368162.00000 N.C.
445250.00000 4368166.00000 N.C.
445250.00000 4368170.00000 N.C.
445250.00000 4368174.00000 N.C.
445250.00000 4368178.00000 N.C.
445250.00000 4368182.00000 N.C.
445250.00000 4368186.00000 N.C.
445250.00000 4368190.00000 N.C.
445250.00000 4368194.00000 -113.6678
445250.00000 4368198.00000 -110.8522
445250.00000 4368202.00000 -110.3392
445250.00000 4368206.00000 -110.1352
445250.00000 4368210.00000 -110.1309
445250.00000 4368214.00000 -110.9512
445250.00000 4368218.00000 -105.4400
445250.00000 4368222.00000 N.C.
445250.00000 4368226.00000 N.C.
445250.00000 4368230.00000 -116.0473
445250.00000 4368234.00000 -116.8976
445250.00000 4368238.00000 -117.0788
445250.00000 4368242.00000 -116.3536
445250.00000 4368246.00000 N.C.
445250.00000 4368250.00000 -117.8928
445250.00000 4368254.00000 -118.2008
445250.00000 4368258.00000 -117.3173
445250.00000 4368262.00000 -116.5364
445250.00000 4368266.00000 -115.6005
445250.00000 4368270.00000 -114.7762
445250.00000 4368274.00000 -114.0969
445250.00000 4368278.00000 -117.5564
445250.00000 4368282.00000 -113.1004
445250.00000 4368286.00000 -112.7742
445250.00000 4368290.00000 N.C.
445250.00000 4368294.00000 -120.7221
445250.00000 4368298.00000 -120.9729
445250.00000 4368302.00000 -131.0758
445250.00000 4368306.00000 N.C.
445250.00000 4368310.00000 N.C.
445250.00000 4368314.00000 N.C.
445250.00000 4368318.00000 N.C.
445250.00000 4368322.00000 -116.5042
445250.00000 4368326.00000 -116.3257
445250.00000 4368330.00000 -116.2349
445250.00000 4368334.00000 -116.2102
445250.00000 4368338.00000 -116.2499
445250.00000 4368342.00000 N.C.
445250.00000 4368346.00000 -121.5654
445250.00000 4368350.00000 -116.5566
445250.00000 4368354.00000 N.C.
445250.00000 4368358.00000 N.C.
445250.00000 4368362.00000 N.C.
445250.00000 4368366.00000 N.C.
445250.00000 4368370.00000 -128.3212
445250.00000 4368374.00000 N.C.
445250.00000 4368378.00000 N.C.
445250.00000 4368382.00000 N.C.
445250.00000 4368386.00000 -122.1880
445250.00000 4368390.00000 -119.5053
445250.00000 4368394.00000 -116.1516
445254.00000 4367886.00000 -103.9088
445254.00000 4367890.00000 -103.7492
445254.00000 4367894.00000 -103.5875
445254.00000 4367898.00000 -103.4236
445254.00000 4367902.00000 -103.2574
445254.00000 4367906.00000 -103.1190
445254.00000 4367910.00000 -102.9632
445254.00000 4367914.00000 -102.8200
445254.00000 4367918.00000 -102.6594
445254.00000 4367922.00000 -102.5113
445254.00000 4367926.00000 -102.3456
445254.00000 4367930.00000 -102.1924
445254.00000 4367934.00000 -102.0214
445254.00000 4367938.00000 -101.8627
445254.00000 4367942.00000 -101.6862
445254.00000 4367946.00000 -101.5219
445254.00000 4367950.00000 -101.3696
445254.00000 4367954.00000 -101.1844
445254.00000 4367958.00000 -100.9811
445254.00000 4367962.00000 -100.7597
445254.00000 4367966.00000 -100.5502
445254.00000 4367970.00000 -100.3374
445254.00000 4367974.00000 -100.1214
445254.00000 4367978.00000 -99.8870
445254.00000 4367982.00000 -99.6193
445254.00000 4367986.00000 -99.3632
445254.00000 4367990.00000 -99.1337
445254.00000 4367994.00000 -98.8706
445254.00000 4367998.00000 -109.1696
445254.00000 4368002.00000 -109.0762
445254.00000 4368006.00000 -109.2534
445254.00000 4368010.00000 -109.7576
445254.00000 4368014.00000 -109.3112
445254.00000 4368018.00000 -109.2376
445254.00000 4368022.00000 -109.2255
445254.00000 4368026.00000 -108.7796
445254.00000 4368030.00000 -108.2782
445254.00000 4368034.00000 -107.7746
445254.00000 4368038.00000 -107.2855
445254.00000 4368042.00000 -106.8410
445254.00000 4368046.00000 -95.3601
445254.00000 4368050.00000 -95.0857
445254.00000 4368054.00000 -94.8103
445254.00000 4368058.00000 -94.5346
445254.00000 4368062.00000 -94.2592
445254.00000 4368066.00000 -94.0000
445254.00000 4368070.00000 -93.7578
445254.00000 4368074.00000 -93.5038
445254.00000 4368078.00000 -93.2543
445254.00000 4368082.00000 -92.9954
445254.00000 4368086.00000 -92.7439
445254.00000 4368090.00000 -92.4862
445254.00000 4368094.00000 -92.2993
445254.00000 4368098.00000 -92.1101
445254.00000 4368102.00000 -103.1024
445254.00000 4368106.00000 -104.6766
445254.00000 4368110.00000 N.C.
445254.00000 4368114.00000 N.C.
445254.00000 4368118.00000 N.C.
445254.00000 4368122.00000 N.C.
445254.00000 4368126.00000 N.C.
445254.00000 4368130.00000 -111.4174
445254.00000 4368134.00000 N.C.
445254.00000 4368138.00000 N.C.
445254.00000 4368142.00000 N.C.
445254.00000 4368146.00000 -104.7099
445254.00000 4368150.00000 -114.0929
445254.00000 4368154.00000 -117.3997
445254.00000 4368158.00000 -112.1410
445254.00000 4368162.00000 N.C.
445254.00000 4368166.00000 N.C.
445254.00000 4368170.00000 N.C.
445254.00000 4368174.00000 N.C.
445254.00000 4368178.00000 N.C.
445254.00000 4368182.00000 N.C.
445254.00000 4368186.00000 N.C.
445254.00000 4368190.00000 N.C.
445254.00000 4368194.00000 N.C.
445254.00000 4368198.00000 -114.3703
445254.00000 4368202.00000 -109.5331
445254.00000 4368206.00000 N.C.
445254.00000 4368210.00000 N.C.
445254.00000 4368214.00000 -111.3993
445254.00000 4368218.00000 -107.6949
445254.00000 4368222.00000 -106.0393
445254.00000 4368226.00000 N.C.
445254.00000 4368230.00000 N.C.
445254.00000 4368234.00000 N.C.
445254.00000 4368238.00000 N.C.
445254.00000 4368242.00000 -115.9383
445254.00000 4368246.00000 N.C.
445254.00000 4368250.00000 -117.9591
445254.00000 4368254.00000 -117.6280
445254.00000 4368258.00000 -117.4931
445254.00000 4368262.00000 -116.8654
445254.00000 4368266.00000 -115.9965
445254.00000 4368270.00000 -115.2149
445254.00000 4368274.00000 -114.5702
445254.00000 4368278.00000 N.C.
445254.00000 4368282.00000 N.C.
445254.00000 4368286.00000 N.C.
445254.00000 4368290.00000 N.C.
445254.00000 4368294.00000 -120.7969
445254.00000 4368298.00000 -131.3311
445254.00000 4368302.00000 -119.3546
445254.00000 4368306.00000 -118.1727
445254.00000 4368310.00000 -117.2914
445254.00000 4368314.00000 N.C.
445254.00000 4368318.00000 -116.2707
445254.00000 4368322.00000 -115.9569
445254.00000 4368326.00000 -115.8396
445254.00000 4368330.00000 -115.7703
445254.00000 4368334.00000 -115.7417
445254.00000 4368338.00000 -115.7969
445254.00000 4368342.00000 N.C.
445254.00000 4368346.00000 -121.2703
445254.00000 4368350.00000 -116.1081
445254.00000 4368354.00000 N.C.
445254.00000 4368358.00000 N.C.
445254.00000 4368362.00000 N.C.
445254.00000 4368366.00000 N.C.
445254.00000 4368370.00000 -128.0613
445254.00000 4368374.00000 N.C.
445254.00000 4368378.00000 N.C.
445254.00000 4368382.00000 N.C.
445254.00000 4368386.00000 -126.0442
445254.00000 4368390.00000 -122.4462
445254.00000 4368394.00000 -120.8445
445258.00000 4367886.00000 -103.9576
445258.00000 4367890.00000 -103.7845
445258.00000 4367894.00000 -103.6242
445258.00000 4367898.00000 -103.4769
445258.00000 4367902.00000 -103.3274
445258.00000 4367906.00000 -103.1907
445258.00000 4367910.00000 -103.0367
445258.00000 4367914.00000 -102.8954
445258.00000 4367918.00000 -102.7368
445258.00000 4367922.00000 -102.5908
445258.00000 4367926.00000 -102.4273
445258.00000 4367930.00000 -102.2763
445258.00000 4367934.00000 -102.1077
445258.00000 4367938.00000 -101.9515
445258.00000 4367942.00000 -101.7926
445258.00000 4367946.00000 -101.6311
445258.00000 4367950.00000 -101.4667
445258.00000 4367954.00000 -101.2545
445258.00000 4367958.00000 -101.0545
445258.00000 4367962.00000 -100.8515
445258.00000 4367966.00000 -100.6455
445258.00000 4367970.00000 -100.4065
445258.00000 4367974.00000 -100.1645
445258.00000 4367978.00000 -99.9194
445258.00000 4367982.00000 -99.7011
445258.00000 4367986.00000 -99.4647
445258.00000 4367990.00000 -109.8270
445258.00000 4367994.00000 -109.6581
445258.00000 4367998.00000 -109.6433
445258.00000 4368002.00000 -109.8189
445258.00000 4368006.00000 -110.2111
445258.00000 4368010.00000 -109.8205
445258.00000 4368014.00000 -109.7521
445258.00000 4368018.00000 -109.5502
445258.00000 4368022.00000 -109.0945
445258.00000 4368026.00000 -108.6351
445258.00000 4368030.00000 -108.1811
445258.00000 4368034.00000 -107.7480
445258.00000 4368038.00000 -107.3605
445258.00000 4368042.00000 -95.8536
445258.00000 4368046.00000 -95.5918
445258.00000 4368050.00000 -95.3292
445258.00000 4368054.00000 -95.0662
445258.00000 4368058.00000 -94.8035
445258.00000 4368062.00000 -94.5568
445258.00000 4368066.00000 -94.3268
445258.00000 4368070.00000 -94.0845
445258.00000 4368074.00000 -93.8458
445258.00000 4368078.00000 -93.5971
445258.00000 4368082.00000 -93.3544
445258.00000 4368086.00000 -93.1043
445258.00000 4368090.00000 -92.9082
445258.00000 4368094.00000 -92.7378
445258.00000 4368098.00000 -92.5348
445258.00000 4368102.00000 -103.8987
445258.00000 4368106.00000 -105.2333
445258.00000 4368110.00000 -112.4739
445258.00000 4368114.00000 -112.3655
445258.00000 4368118.00000 -112.1161
445258.00000 4368122.00000 N.C.
445258.00000 4368126.00000 N.C.
445258.00000 4368130.00000 -112.0270
445258.00000 4368134.00000 N.C.
445258.00000 4368138.00000 -112.1798
445258.00000 4368142.00000 N.C.
445258.00000 4368146.00000 -105.2966
445258.00000 4368150.00000 -112.4912
445258.00000 4368154.00000 -112.5527
445258.00000 4368158.00000 -112.6402
445258.00000 4368162.00000 N.C.
445258.00000 4368166.00000 N.C.
445258.00000 4368170.00000 N.C.
445258.00000 4368174.00000 N.C.
445258.00000 4368178.00000 N.C.
445258.00000 4368182.00000 N.C.
445258.00000 4368186.00000 N.C.
445258.00000 4368190.00000 -113.8843
445258.00000 4368194.00000 -114.0292
445258.00000 4368198.00000 -114.2598
445258.00000 4368202.00000 -115.7405
445258.00000 4368206.00000 N.C.
445258.00000 4368210.00000 N.C.
445258.00000 4368214.00000 N.C.
445258.00000 4368218.00000 N.C.
445258.00000 4368222.00000 N.C.
445258.00000 4368226.00000 N.C.
445258.00000 4368230.00000 -116.4622
445258.00000 4368234.00000 -116.8279
445258.00000 4368238.00000 -117.1627
445258.00000 4368242.00000 -117.4683
445258.00000 4368246.00000 N.C.
445258.00000 4368250.00000 -118.0749
445258.00000 4368254.00000 -116.8240
445258.00000 4368258.00000 -117.7174
445258.00000 4368262.00000 -117.2089
445258.00000 4368266.00000 -116.4027
445258.00000 4368270.00000 -115.6799
445258.00000 4368274.00000 -115.0309
445258.00000 4368278.00000 -114.5155
445258.00000 4368282.00000 -114.1151
445258.00000 4368286.00000 N.C.
445258.00000 4368290.00000 N.C.
445258.00000 4368294.00000 -120.9958
445258.00000 4368298.00000 -120.5450
445258.00000 4368302.00000 -119.1903
445258.00000 4368306.00000 -118.0505
445258.00000 4368310.00000 -117.1419
445258.00000 4368314.00000 N.C.
445258.00000 4368318.00000 N.C.
445258.00000 4368322.00000 -124.0927
445258.00000 4368326.00000 -122.0877
445258.00000 4368330.00000 N.C.
445258.00000 4368334.00000 -120.6888
445258.00000 4368338.00000 -115.4007
445258.00000 4368342.00000 -115.4518
445258.00000 4368346.00000 -115.5391
445258.00000 4368350.00000 -115.6989
445258.00000 4368354.00000 N.C.
445258.00000 4368358.00000 N.C.
445258.00000 4368362.00000 N.C.
445258.00000 4368366.00000 N.C.
445258.00000 4368370.00000 -127.6696
445258.00000 4368374.00000 -125.1096
445258.00000 4368378.00000 -126.0824
445258.00000 4368382.00000 N.C.
445258.00000 4368386.00000 -126.0674
445258.00000 4368390.00000 -124.3292
445258.00000 4368394.00000 -122.6990
445262.00000 4367886.00000 -103.9935
445262.00000 4367890.00000 -103.8368
445262.00000 4367894.00000 -103.6782
445262.00000 4367898.00000 -103.5475
445262.00000 4367902.00000 -103.3997
445262.00000 4367906.00000 -103.2647
445262.00000 4367910.00000 -103.1126
445262.00000 4367914.00000 -102.9733
445262.00000 4367918.00000 -102.8167
445262.00000 4367922.00000 -102.6728
445262.00000 4367926.00000 -102.5115
445262.00000 4367930.00000 -102.3778
445262.00000 4367934.00000 -102.2117
445262.00000 4367938.00000 -102.0581
445262.00000 4367942.00000 -101.8869
445262.00000 4367946.00000 -101.7281
445262.00000 4367950.00000 -101.5368
445262.00000 4367954.00000 -101.3427
445262.00000 4367958.00000 -101.1459
445262.00000 4367962.00000 -100.9164
445262.00000 4367966.00000 -100.6841
445262.00000 4367970.00000 -100.4489
445262.00000 4367974.00000 -100.2409
445262.00000 4367978.00000 -100.0150
445262.00000 4367982.00000 -110.4569
445262.00000 4367986.00000 -110.2591
445262.00000 4367990.00000 -110.1575
445262.00000 4367994.00000 -110.1770
445262.00000 4367998.00000 -110.3356
445262.00000 4368002.00000 -110.6483
445262.00000 4368006.00000 -110.3079
445262.00000 4368010.00000 -110.2431
445262.00000 4368014.00000 -109.8560
445262.00000 4368018.00000 -109.4331
445262.00000 4368022.00000 -109.0115
445262.00000 4368026.00000 -108.6002
445262.00000 4368030.00000 -108.2126
445262.00000 4368034.00000 -107.8688
445262.00000 4368038.00000 -96.3266
445262.00000 4368042.00000 -96.0764
445262.00000 4368046.00000 -95.8254
445262.00000 4368050.00000 -95.5741
445262.00000 4368054.00000 -95.3230
445262.00000 4368058.00000 -95.0877
445262.00000 4368062.00000 -94.8689
445262.00000 4368066.00000 -94.6374
445262.00000 4368070.00000 -94.3940
445262.00000 4368074.00000 -94.1698
445262.00000 4368078.00000 -93.9358
445262.00000 4368082.00000 -93.7081
445262.00000 4368086.00000 -93.4731
445262.00000 4368090.00000 -93.3072
445262.00000 4368094.00000 -93.1367
445262.00000 4368098.00000 -104.1815
445262.00000 4368102.00000 -104.6326
445262.00000 4368106.00000 -105.7656
445262.00000 4368110.00000 -113.0313
445262.00000 4368114.00000 -124.9115
445262.00000 4368118.00000 -112.6382
445262.00000 4368122.00000 -112.5555
445262.00000 4368126.00000 -112.5175
445262.00000 4368130.00000 -112.5705
445262.00000 4368134.00000 -125.7479
445262.00000 4368138.00000 -112.7707
445262.00000 4368142.00000 N.C.
445262.00000 4368146.00000 N.C.
445262.00000 4368150.00000 N.C.
445262.00000 4368154.00000 N.C.
445262.00000 4368158.00000 N.C.
445262.00000 4368162.00000 N.C.
445262.00000 4368166.00000 N.C.
445262.00000 4368170.00000 N.C.
445262.00000 4368174.00000 N.C.
445262.00000 4368178.00000 N.C.
445262.00000 4368182.00000 N.C.
445262.00000 4368186.00000 N.C.
445262.00000 4368190.00000 -114.2965
445262.00000 4368194.00000 -115.2219
445262.00000 4368198.00000 -115.4112
445262.00000 4368202.00000 -115.6474
445262.00000 4368206.00000 -108.4367
445262.00000 4368210.00000 -111.6218
445262.00000 4368214.00000 N.C.
445262.00000 4368218.00000 N.C.
445262.00000 4368222.00000 N.C.
445262.00000 4368226.00000 N.C.
445262.00000 4368230.00000 N.C.
445262.00000 4368234.00000 N.C.
445262.00000 4368238.00000 -117.5046
445262.00000 4368242.00000 N.C.
445262.00000 4368246.00000 N.C.
445262.00000 4368250.00000 -117.3691
445262.00000 4368254.00000 -116.0969
445262.00000 4368258.00000 -115.1229
445262.00000 4368262.00000 -117.5555
445262.00000 4368266.00000 -116.8067
445262.00000 4368270.00000 -116.1267
445262.00000 4368274.00000 N.C.
445262.00000 4368278.00000 N.C.
445262.00000 4368282.00000 -114.5629
445262.00000 4368286.00000 N.C.
445262.00000 4368290.00000 N.C.
445262.00000 4368294.00000 -121.1684
445262.00000 4368298.00000 -120.4678
445262.00000 4368302.00000 -119.2142
445262.00000 4368306.00000 -118.1306
445262.00000 4368310.00000 -117.2363
445262.00000 4368314.00000 N.C.
445262.00000 4368318.00000 N.C.
445262.00000 4368322.00000 N.C.
445262.00000 4368326.00000 -120.5911
445262.00000 4368330.00000 N.C.
445262.00000 4368334.00000 -121.1790
445262.00000 4368338.00000 -115.1620
445262.00000 4368342.00000 -115.1946
445262.00000 4368346.00000 -115.2252
445262.00000 4368350.00000 -115.3645
445262.00000 4368354.00000 -115.4553
445262.00000 4368358.00000 -115.6116
445262.00000 4368362.00000 -121.1932
445262.00000 4368366.00000 -121.3901
445262.00000 4368370.00000 -121.5839
445262.00000 4368374.00000 -121.7747
445262.00000 4368378.00000 -121.9624
445262.00000 4368382.00000 N.C.
445262.00000 4368386.00000 -126.0861
445262.00000 4368390.00000 -130.5539
445262.00000 4368394.00000 -124.0853
445266.00000 4367886.00000 -104.0464
445266.00000 4367890.00000 -103.8913
445266.00000 4367894.00000 -103.7492
445266.00000 4367898.00000 -103.6202
445266.00000 4367902.00000 -103.4741
445266.00000 4367906.00000 -103.3410
445266.00000 4367910.00000 -103.1908
445266.00000 4367914.00000 -103.0535
445266.00000 4367918.00000 -102.8989
445266.00000 4367922.00000 -102.7722
445266.00000 4367926.00000 -102.6132
445266.00000 4367930.00000 -102.4669
445266.00000 4367934.00000 -102.3033
445266.00000 4367938.00000 -102.1523
445266.00000 4367942.00000 -101.9988
445266.00000 4367946.00000 -101.8130
445266.00000 4367950.00000 -101.6246
445266.00000 4367954.00000 -101.3887
445266.00000 4367958.00000 -101.1802
445266.00000 4367962.00000 -100.9542
445266.00000 4367966.00000 -100.7556
445266.00000 4367970.00000 -100.5393
445266.00000 4367974.00000 -100.3204
445266.00000 4367978.00000 -100.1138
445266.00000 4367982.00000 -110.7063
445266.00000 4367986.00000 -110.6442
445266.00000 4367990.00000 -110.6774
445266.00000 4367994.00000 -110.8162
445266.00000 4367998.00000 -111.0703
445266.00000 4368002.00000 -110.7752
445266.00000 4368006.00000 -110.5706
445266.00000 4368010.00000 -110.1784
445266.00000 4368014.00000 -109.7855
445266.00000 4368018.00000 -109.3976
445266.00000 4368022.00000 -109.0226
445266.00000 4368026.00000 -108.6723
445266.00000 4368030.00000 -97.0191
445266.00000 4368034.00000 -96.7806
445266.00000 4368038.00000 -96.5411
445266.00000 4368042.00000 -96.3008
445266.00000 4368046.00000 -96.0602
445266.00000 4368050.00000 -95.8198
445266.00000 4368054.00000 -95.5950
445266.00000 4368058.00000 -95.3716
445266.00000 4368062.00000 -95.1501
445266.00000 4368066.00000 -94.9312
445266.00000 4368070.00000 -94.7010
445266.00000 4368074.00000 -94.4902
445266.00000 4368078.00000 -94.2698
445266.00000 4368082.00000 -94.0410
445266.00000 4368086.00000 -93.8350
445266.00000 4368090.00000 -93.6979
445266.00000 4368094.00000 -93.5261
445266.00000 4368098.00000 -104.7704
445266.00000 4368102.00000 -105.2983
445266.00000 4368106.00000 -106.2756
445266.00000 4368110.00000 -111.7635
445266.00000 4368114.00000 -111.4417
445266.00000 4368118.00000 -111.3391
445266.00000 4368122.00000 -111.5206
445266.00000 4368126.00000 -111.9805
445266.00000 4368130.00000 -112.6385
445266.00000 4368134.00000 -113.4276
445266.00000 4368138.00000 -113.2822
445266.00000 4368142.00000 -113.2312
445266.00000 4368146.00000 -112.2913
445266.00000 4368150.00000 -111.5025
445266.00000 4368154.00000 -111.2704
445266.00000 4368158.00000 -113.2787
445266.00000 4368162.00000 -113.3433
445266.00000 4368166.00000 -113.6706
445266.00000 4368170.00000 N.C.
445266.00000 4368174.00000 N.C.
445266.00000 4368178.00000 N.C.
445266.00000 4368182.00000 N.C.
445266.00000 4368186.00000 N.C.
445266.00000 4368190.00000 -114.6878
445266.00000 4368194.00000 -115.1814
445266.00000 4368198.00000 -115.3749
445266.00000 4368202.00000 -115.2574
445266.00000 4368206.00000 -115.1897
445266.00000 4368210.00000 N.C.
445266.00000 4368214.00000 N.C.
445266.00000 4368218.00000 -116.1822
445266.00000 4368222.00000 N.C.
445266.00000 4368226.00000 N.C.
445266.00000 4368230.00000 N.C.
445266.00000 4368234.00000 -117.2533
445266.00000 4368238.00000 -117.5343
445266.00000 4368242.00000 N.C.
445266.00000 4368246.00000 -118.1600
445266.00000 4368250.00000 -116.8730
445266.00000 4368254.00000 -115.6566
445266.00000 4368258.00000 -114.7124
445266.00000 4368262.00000 -113.9927
445266.00000 4368266.00000 -117.2018
445266.00000 4368270.00000 -116.5623
445266.00000 4368274.00000 N.C.
445266.00000 4368278.00000 N.C.
445266.00000 4368282.00000 -119.4844
445266.00000 4368286.00000 N.C.
445266.00000 4368290.00000 -121.1081
445266.00000 4368294.00000 -121.2395
445266.00000 4368298.00000 -120.5123
445266.00000 4368302.00000 -119.3616
445266.00000 4368306.00000 -118.3436
445266.00000 4368310.00000 -117.4924
445266.00000 4368314.00000 N.C.
445266.00000 4368318.00000 -123.2078
445266.00000 4368322.00000 -123.2579
445266.00000 4368326.00000 N.C.
445266.00000 4368330.00000 -126.2377
445266.00000 4368334.00000 N.C.
445266.00000 4368338.00000 -121.6505
445266.00000 4368342.00000 -115.0797
445266.00000 4368346.00000 -115.1131
445266.00000 4368350.00000 N.C.
445266.00000 4368354.00000 -121.6249
445266.00000 4368358.00000 N.C.
445266.00000 4368362.00000 -121.9770
445266.00000 4368366.00000 N.C.
445266.00000 4368370.00000 N.C.
445266.00000 4368374.00000 N.C.
445266.00000 4368378.00000 -122.9073
445266.00000 4368382.00000 -121.1460
445266.00000 4368386.00000 -120.8977
445266.00000 4368390.00000 -121.0103
445266.00000 4368394.00000 -121.2087
445270.00000 4367886.00000 -104.1012
445270.00000 4367890.00000 -103.9477
445270.00000 4367894.00000 -103.8223
445270.00000 4367898.00000 -103.6949
445270.00000 4367902.00000 -103.5507
445270.00000 4367906.00000 -103.4194
445270.00000 4367910.00000 -103.2862
445270.00000 4367914.00000 -103.1509
445270.00000 4367918.00000 -102.9985
445270.00000 4367922.00000 -102.8589
445270.00000 4367926.00000 -102.7023
445270.00000 4367930.00000 -102.5584
445270.00000 4367934.00000 -102.3973
445270.00000 4367938.00000 -102.2490
445270.00000 4367942.00000 -102.0833
445270.00000 4367946.00000 -101.8554
445270.00000 4367950.00000 -101.6550
445270.00000 4367954.00000 -101.4374
445270.00000 4367958.00000 -101.2473
445270.00000 4367962.00000 -101.0398
445270.00000 4367966.00000 -100.8449
445270.00000 4367970.00000 -100.6325
445270.00000 4367974.00000 -100.4477
445270.00000 4367978.00000 -111.1504
445270.00000 4367982.00000 -111.1115
445270.00000 4367986.00000 -111.1486
445270.00000 4367990.00000 -111.2686
445270.00000 4367994.00000 -111.4782
445270.00000 4367998.00000 -111.2240
445270.00000 4368002.00000 -110.8781
445270.00000 4368006.00000 -110.5104
445270.00000 4368010.00000 -110.1448
445270.00000 4368014.00000 -109.7865
445270.00000 4368018.00000 -109.4426
445270.00000 4368022.00000 -109.1232
445270.00000 4368026.00000 -97.4459
445270.00000 4368030.00000 -97.2171
445270.00000 4368034.00000 -96.9873
445270.00000 4368038.00000 -96.7569
445270.00000 4368042.00000 -96.5262
445270.00000 4368046.00000 -96.2956
445270.00000 4368050.00000 -96.0806
445270.00000 4368054.00000 -95.8667
445270.00000 4368058.00000 -95.6545
445270.00000 4368062.00000 -95.4446
445270.00000 4368066.00000 -95.2378
445270.00000 4368070.00000 -95.0198
445270.00000 4368074.00000 -94.8065
445270.00000 4368078.00000 -94.5989
445270.00000 4368082.00000 -94.3829
445270.00000 4368086.00000 -94.2046
445270.00000 4368090.00000 -94.0502
445270.00000 4368094.00000 -93.9208
445270.00000 4368098.00000 -105.3682
445270.00000 4368102.00000 -105.9081
445270.00000 4368106.00000 -106.7651
445270.00000 4368110.00000 -110.6214
445270.00000 4368114.00000 -110.2439
445270.00000 4368118.00000 -110.1079
445270.00000 4368122.00000 -110.2812
445270.00000 4368126.00000 -110.7576
445270.00000 4368130.00000 -111.4549
445270.00000 4368134.00000 -112.2661
445270.00000 4368138.00000 -113.1059
445270.00000 4368142.00000 -112.1476
445270.00000 4368146.00000 -112.1218
445270.00000 4368150.00000 -112.3598
445270.00000 4368154.00000 -112.7855
445270.00000 4368158.00000 -113.3137
445270.00000 4368162.00000 -113.8823
445270.00000 4368166.00000 -114.4049
445270.00000 4368170.00000 -114.3586
445270.00000 4368174.00000 -114.4199
445270.00000 4368178.00000 -114.6771
445270.00000 4368182.00000 -114.7937
445270.00000 4368186.00000 -114.9485
445270.00000 4368190.00000 -115.0576
445270.00000 4368194.00000 -114.4222
445270.00000 4368198.00000 -114.0656
445270.00000 4368202.00000 -113.9428
445270.00000 4368206.00000 -113.9884
445270.00000 4368210.00000 -114.1452
445270.00000 4368214.00000 -110.9878
445270.00000 4368218.00000 N.C.
445270.00000 4368222.00000 N.C.
445270.00000 4368226.00000 -116.9579
445270.00000 4368230.00000 -117.1805
445270.00000 4368234.00000 -117.4795
445270.00000 4368238.00000 N.C.
445270.00000 4368242.00000 N.C.
445270.00000 4368246.00000 -118.3091
445270.00000 4368250.00000 -116.6166
445270.00000 4368254.00000 -115.4817
445270.00000 4368258.00000 -114.5429
445270.00000 4368262.00000 N.C.
445270.00000 4368266.00000 N.C.
445270.00000 4368270.00000 -119.9820
445270.00000 4368274.00000 N.C.
445270.00000 4368278.00000 -116.0306
445270.00000 4368282.00000 -115.5772
445270.00000 4368286.00000 -121.1296
445270.00000 4368290.00000 -121.2471
445270.00000 4368294.00000 -120.8250
445270.00000 4368298.00000 -120.6339
445270.00000 4368302.00000 -119.5813
445270.00000 4368306.00000 -118.6325
445270.00000 4368310.00000 N.C.
445270.00000 4368314.00000 N.C.
445270.00000 4368318.00000 -123.0985
445270.00000 4368322.00000 -123.1761
445270.00000 4368326.00000 N.C.
445270.00000 4368330.00000 -119.9353
445270.00000 4368334.00000 -126.1396
445270.00000 4368338.00000 -120.2206
445270.00000 4368342.00000 -115.1844
445270.00000 4368346.00000 -115.1079
445270.00000 4368350.00000 N.C.
445270.00000 4368354.00000 -121.4797
445270.00000 4368358.00000 N.C.
445270.00000 4368362.00000 -122.1220
445270.00000 4368366.00000 -115.5764
445270.00000 4368370.00000 -121.4587
445270.00000 4368374.00000 N.C.
445270.00000 4368378.00000 -122.8581
445270.00000 4368382.00000 -116.3719
445270.00000 4368386.00000 -116.5275
445270.00000 4368390.00000 -116.6870
445270.00000 4368394.00000 -116.8485
445274.00000 4367886.00000 -104.1579
445274.00000 4367890.00000 -104.0210
445274.00000 4367894.00000 -103.8973
445274.00000 4367898.00000 -103.7567
445274.00000 4367902.00000 -103.6443
445274.00000 4367906.00000 -103.5149
445274.00000 4367910.00000 -103.3687
445274.00000 4367914.00000 -103.2354
445274.00000 4367918.00000 -103.0852
445274.00000 4367922.00000 -102.9479
445274.00000 4367926.00000 -102.7936
445274.00000 4367930.00000 -102.6522
445274.00000 4367934.00000 -102.4937
445274.00000 4367938.00000 -102.3030
445274.00000 4367942.00000 -102.1102
445274.00000 4367946.00000 -101.9002
445274.00000 4367950.00000 -101.7180
445274.00000 4367954.00000 -101.5186
445274.00000 4367958.00000 -101.3319
445274.00000 4367962.00000 -101.1129
445274.00000 4367966.00000 -100.9517
445274.00000 4367970.00000 -100.8033
445274.00000 4367974.00000 -100.6076
445274.00000 4367978.00000 -111.5584
445274.00000 4367982.00000 -111.5948
445274.00000 4367986.00000 -111.6980
445274.00000 4367990.00000 -111.8728
445274.00000 4367994.00000 -111.5380
445274.00000 4367998.00000 -111.1926
445274.00000 4368002.00000 -110.8476
445274.00000 4368006.00000 -110.5064
445274.00000 4368010.00000 -110.1741
445274.00000 4368014.00000 -109.8569
445274.00000 4368018.00000 -109.5632
445274.00000 4368022.00000 -97.8572
445274.00000 4368026.00000 -97.6373
445274.00000 4368030.00000 -97.4165
445274.00000 4368034.00000 -97.1952
445274.00000 4368038.00000 -96.9736
445274.00000 4368042.00000 -96.7521
445274.00000 4368046.00000 -96.5462
445274.00000 4368050.00000 -96.3261
445274.00000 4368054.00000 -96.1375
445274.00000 4368058.00000 -95.9360
445274.00000 4368062.00000 -95.7371
445274.00000 4368066.00000 -95.5265
445274.00000 4368070.00000 -95.3201
445274.00000 4368074.00000 -95.1185
445274.00000 4368078.00000 -94.9076
445274.00000 4368082.00000 -94.7185
445274.00000 4368086.00000 -94.5520
445274.00000 4368090.00000 -94.3942
445274.00000 4368094.00000 -105.7347
445274.00000 4368098.00000 -105.9473
445274.00000 4368102.00000 -106.4738
445274.00000 4368106.00000 -107.2356
445274.00000 4368110.00000 N.C.
445274.00000 4368114.00000 -109.3348
445274.00000 4368118.00000 -109.1967
445274.00000 4368122.00000 -109.3735
445274.00000 4368126.00000 -109.8541
445274.00000 4368130.00000 -110.5739
445274.00000 4368134.00000 N.C.
445274.00000 4368138.00000 N.C.
445274.00000 4368142.00000 N.C.
445274.00000 4368146.00000 N.C.
445274.00000 4368150.00000 N.C.
445274.00000 4368154.00000 -111.6301
445274.00000 4368158.00000 -112.2323
445274.00000 4368162.00000 -112.8792
445274.00000 4368166.00000 -113.5287
445274.00000 4368170.00000 -114.1596
445274.00000 4368174.00000 -114.7628
445274.00000 4368178.00000 -115.3360
445274.00000 4368182.00000 -115.8797
445274.00000 4368186.00000 -116.3955
445274.00000 4368190.00000 -113.7156
445274.00000 4368194.00000 -113.1232
445274.00000 4368198.00000 -112.8279
445274.00000 4368202.00000 -112.7796
445274.00000 4368206.00000 -112.9066
445274.00000 4368210.00000 -113.1449
445274.00000 4368214.00000 N.C.
445274.00000 4368218.00000 N.C.
445274.00000 4368222.00000 N.C.
445274.00000 4368226.00000 -117.3305
445274.00000 4368230.00000 N.C.
445274.00000 4368234.00000 -116.5023
445274.00000 4368238.00000 N.C.
445274.00000 4368242.00000 N.C.
445274.00000 4368246.00000 -118.4906
445274.00000 4368250.00000 -116.5245
445274.00000 4368254.00000 -115.4629
445274.00000 4368258.00000 N.C.
445274.00000 4368262.00000 N.C.
445274.00000 4368266.00000 N.C.
445274.00000 4368270.00000 N.C.
445274.00000 4368274.00000 N.C.
445274.00000 4368278.00000 N.C.
445274.00000 4368282.00000 N.C.
445274.00000 4368286.00000 N.C.
445274.00000 4368290.00000 -121.2676
445274.00000 4368294.00000 -120.4530
445274.00000 4368298.00000 -120.8028
445274.00000 4368302.00000 -119.8395
445274.00000 4368306.00000 -118.9582
445274.00000 4368310.00000 -118.1737
445274.00000 4368314.00000 -122.9153
445274.00000 4368318.00000 -123.0316
445274.00000 4368322.00000 -123.0985
445274.00000 4368326.00000 N.C.
445274.00000 4368330.00000 N.C.
445274.00000 4368334.00000 N.C.
445274.00000 4368338.00000 -115.5441
445274.00000 4368342.00000 -115.4457
445274.00000 4368346.00000 -115.3359
445274.00000 4368350.00000 -115.2394
445274.00000 4368354.00000 N.C.
445274.00000 4368358.00000 N.C.
445274.00000 4368362.00000 N.C.
445274.00000 4368366.00000 -115.5275
445274.00000 4368370.00000 -115.5983
445274.00000 4368374.00000 N.C.
445274.00000 4368378.00000 N.C.
445274.00000 4368382.00000 N.C.
445274.00000 4368386.00000 -116.2648
445274.00000 4368390.00000 -116.5348
445274.00000 4368394.00000 -116.7200
445278.00000 4367886.00000 -104.2314
445278.00000 4367890.00000 -104.1112
445278.00000 4367894.00000 -103.9892
445278.00000 4367898.00000 -103.8504
445278.00000 4367902.00000 -103.7248
445278.00000 4367906.00000 -103.5974
445278.00000 4367910.00000 -103.4531
445278.00000 4367914.00000 -103.3220
445278.00000 4367918.00000 -103.1740
445278.00000 4367922.00000 -103.0390
445278.00000 4367926.00000 -102.8871
445278.00000 4367930.00000 -102.7182
445278.00000 4367934.00000 -102.5473
445278.00000 4367938.00000 -102.3444
445278.00000 4367942.00000 -102.1694
445278.00000 4367946.00000 -101.9774
445278.00000 4367950.00000 -101.7983
445278.00000 4367954.00000 -101.6171
445278.00000 4367958.00000 -101.4188
445278.00000 4367962.00000 -101.2785
445278.00000 4367966.00000 -101.1060
445278.00000 4367970.00000 -100.9165
445278.00000 4367974.00000 -100.6949
445278.00000 4367978.00000 -100.4862
445278.00000 4367982.00000 -100.2756
445278.00000 4367986.00000 -100.0479
445278.00000 4367990.00000 -99.8333
445278.00000 4367994.00000 -99.6319
445278.00000 4367998.00000 -99.3986
445278.00000 4368002.00000 -99.1486
445278.00000 4368006.00000 -110.5577
445278.00000 4368010.00000 -110.2636
445278.00000 4368014.00000 -109.9917
445278.00000 4368018.00000 -98.2539
445278.00000 4368022.00000 -98.0423
445278.00000 4368026.00000 -97.8299
445278.00000 4368030.00000 -97.6170
445278.00000 4368034.00000 -97.4039
445278.00000 4368038.00000 -97.1908
445278.00000 4368042.00000 -96.9932
445278.00000 4368046.00000 -96.7814
445278.00000 4368050.00000 -96.6009
445278.00000 4368054.00000 -96.4071
445278.00000 4368058.00000 -96.2157
445278.00000 4368062.00000 -95.9972
445278.00000 4368066.00000 -95.8122
445278.00000 4368070.00000 -95.6165
445278.00000 4368074.00000 -95.4108
445278.00000 4368078.00000 -95.2260
445278.00000 4368082.00000 -95.0478
445278.00000 4368086.00000 -94.8771
445278.00000 4368090.00000 -94.7600
445278.00000 4368094.00000 -106.2369
445278.00000 4368098.00000 -106.5000
445278.00000 4368102.00000 -107.0032
445278.00000 4368106.00000 -107.6886
445278.00000 4368110.00000 -109.0854
445278.00000 4368114.00000 -108.6775
445278.00000 4368118.00000 -108.5568
445278.00000 4368122.00000 -108.7436
445278.00000 4368126.00000 -109.2210
445278.00000 4368130.00000 N.C.
445278.00000 4368134.00000 N.C.
445278.00000 4368138.00000 N.C.
445278.00000 4368142.00000 N.C.
445278.00000 4368146.00000 N.C.
445278.00000 4368150.00000 N.C.
445278.00000 4368154.00000 N.C.
445278.00000 4368158.00000 N.C.
445278.00000 4368162.00000 N.C.
445278.00000 4368166.00000 N.C.
445278.00000 4368170.00000 N.C.
445278.00000 4368174.00000 N.C.
445278.00000 4368178.00000 -114.7096
445278.00000 4368182.00000 -115.2627
445278.00000 4368186.00000 -115.8150
445278.00000 4368190.00000 -112.6960
445278.00000 4368194.00000 -112.1174
445278.00000 4368198.00000 -111.8378
445278.00000 4368202.00000 -111.8160
445278.00000 4368206.00000 N.C.
445278.00000 4368210.00000 -112.2837
445278.00000 4368214.00000 -112.6246
445278.00000 4368218.00000 -113.0159
445278.00000 4368222.00000 -117.3583
445278.00000 4368226.00000 N.C.
445278.00000 4368230.00000 N.C.
445278.00000 4368234.00000 N.C.
445278.00000 4368238.00000 N.C.
445278.00000 4368242.00000 N.C.
445278.00000 4368246.00000 -118.6889
445278.00000 4368250.00000 -116.5702
445278.00000 4368254.00000 N.C.
445278.00000 4368258.00000 N.C.
445278.00000 4368262.00000 N.C.
445278.00000 4368266.00000 N.C.
445278.00000 4368270.00000 -120.1079
445278.00000 4368274.00000 -120.3247
445278.00000 4368278.00000 -119.1435
445278.00000 4368282.00000 N.C.
445278.00000 4368286.00000 N.C.
445278.00000 4368290.00000 -121.2941
445278.00000 4368294.00000 -120.2838
445278.00000 4368298.00000 N.C.
445278.00000 4368302.00000 -120.1155
445278.00000 4368306.00000 -119.2978
445278.00000 4368310.00000 N.C.
445278.00000 4368314.00000 N.C.
445278.00000 4368318.00000 -123.0083
445278.00000 4368322.00000 -123.3589
445278.00000 4368326.00000 -123.4540
445278.00000 4368330.00000 N.C.
445278.00000 4368334.00000 N.C.
445278.00000 4368338.00000 -115.8331
445278.00000 4368342.00000 -115.6823
445278.00000 4368346.00000 -115.5772
445278.00000 4368350.00000 -115.5433
445278.00000 4368354.00000 -115.4566
445278.00000 4368358.00000 N.C.
445278.00000 4368362.00000 N.C.
445278.00000 4368366.00000 N.C.
445278.00000 4368370.00000 N.C.
445278.00000 4368374.00000 N.C.
445278.00000 4368378.00000 N.C.
445278.00000 4368382.00000 N.C.
445278.00000 4368386.00000 -123.2032
445278.00000 4368390.00000 -116.3118
445278.00000 4368394.00000 -116.4532
445282.00000 4367886.00000 -104.3217
445282.00000 4367890.00000 -104.1881
445282.00000 4367894.00000 -104.0678
445282.00000 4367898.00000 -103.9459
445282.00000 4367902.00000 -103.8072
445282.00000 4367906.00000 -103.6818
445282.00000 4367910.00000 -103.5396
445282.00000 4367914.00000 -103.4106
445282.00000 4367918.00000 -103.2498
445282.00000 4367922.00000 -103.1021
445282.00000 4367926.00000 -102.9376
445282.00000 4367930.00000 -102.7713
445282.00000 4367934.00000 -102.6030
445282.00000 4367938.00000 -102.4178
445282.00000 4367942.00000 -102.2307
445282.00000 4367946.00000 -102.0717
445282.00000 4367950.00000 -101.8657
445282.00000 4367954.00000 -101.7328
445282.00000 4367958.00000 -101.5980
445282.00000 4367962.00000 -101.4012
445282.00000 4367966.00000 -101.2025
445282.00000 4367970.00000 -100.9869
445282.00000 4367974.00000 -100.7844
445282.00000 4367978.00000 -100.5800
445282.00000 4367982.00000 -100.3739
445282.00000 4367986.00000 -100.1659
445282.00000 4367990.00000 -99.9562
445282.00000 4367994.00000 -99.7299
445282.00000 4367998.00000 -99.5020
445282.00000 4368002.00000 -99.2877
445282.00000 4368006.00000 -99.0570
445282.00000 4368010.00000 -98.8401
445282.00000 4368014.00000 -98.6371
445282.00000 4368018.00000 -98.4332
445282.00000 4368022.00000 -98.2286
445282.00000 4368026.00000 -98.0235
445282.00000 4368030.00000 -97.8182
445282.00000 4368034.00000 -97.6130
445282.00000 4368038.00000 -97.4231
445282.00000 4368042.00000 -97.2190
445282.00000 4368046.00000 -97.0460
445282.00000 4368050.00000 -96.8595
445282.00000 4368054.00000 -96.6601
445282.00000 4368058.00000 -96.4632
445282.00000 4368062.00000 -96.2845
445282.00000 4368066.00000 -96.0945
445282.00000 4368070.00000 -95.9089
445282.00000 4368074.00000 -95.7134
445282.00000 4368078.00000 -95.5387
445282.00000 4368082.00000 -95.3706
445282.00000 4368086.00000 -95.1950
445282.00000 4368090.00000 -106.6683
445282.00000 4368094.00000 -106.7370
445282.00000 4368098.00000 -107.0255
445282.00000 4368102.00000 -107.5027
445282.00000 4368106.00000 -108.1253
445282.00000 4368110.00000 -108.5725
445282.00000 4368114.00000 -108.2242
445282.00000 4368118.00000 -108.1305
445282.00000 4368122.00000 -108.3304
445282.00000 4368126.00000 -108.8006
445282.00000 4368130.00000 N.C.
445282.00000 4368134.00000 N.C.
445282.00000 4368138.00000 N.C.
445282.00000 4368142.00000 N.C.
445282.00000 4368146.00000 N.C.
445282.00000 4368150.00000 N.C.
445282.00000 4368154.00000 N.C.
445282.00000 4368158.00000 N.C.
445282.00000 4368162.00000 N.C.
445282.00000 4368166.00000 N.C.
445282.00000 4368170.00000 N.C.
445282.00000 4368174.00000 N.C.
445282.00000 4368178.00000 N.C.
445282.00000 4368182.00000 -116.2219
445282.00000 4368186.00000 N.C.
445282.00000 4368190.00000 N.C.
445282.00000 4368194.00000 -116.7379
445282.00000 4368198.00000 -111.1066
445282.00000 4368202.00000 -111.0685
445282.00000 4368206.00000 N.C.
445282.00000 4368210.00000 N.C.
445282.00000 4368214.00000 N.C.
445282.00000 4368218.00000 N.C.
445282.00000 4368222.00000 N.C.
445282.00000 4368226.00000 -118.6417
445282.00000 4368230.00000 N.C.
445282.00000 4368234.00000 N.C.
445282.00000 4368238.00000 N.C.
445282.00000 4368242.00000 N.C.
445282.00000 4368246.00000 -118.9036
445282.00000 4368250.00000 -116.6960
445282.00000 4368254.00000 N.C.
445282.00000 4368258.00000 N.C.
445282.00000 4368262.00000 -119.9010
445282.00000 4368266.00000 N.C.
445282.00000 4368270.00000 -120.3419
445282.00000 4368274.00000 -119.6201
445282.00000 4368278.00000 -118.3696
445282.00000 4368282.00000 N.C.
445282.00000 4368286.00000 -121.3200
445282.00000 4368290.00000 -121.4332
445282.00000 4368294.00000 -120.2165
445282.00000 4368298.00000 -122.1096
445282.00000 4368302.00000 -120.3978
445282.00000 4368306.00000 -119.6382
445282.00000 4368310.00000 N.C.
445282.00000 4368314.00000 N.C.
445282.00000 4368318.00000 -123.0316
445282.00000 4368322.00000 -123.2973
445282.00000 4368326.00000 -122.8624
445282.00000 4368330.00000 N.C.
445282.00000 4368334.00000 -120.2221
445282.00000 4368338.00000 -116.2507
445282.00000 4368342.00000 -115.9968
445282.00000 4368346.00000 N.C.
445282.00000 4368350.00000 N.C.
445282.00000 4368354.00000 N.C.
445282.00000 4368358.00000 N.C.
445282.00000 4368362.00000 -121.2352
445282.00000 4368366.00000 N.C.
445282.00000 4368370.00000 -121.8616
445282.00000 4368374.00000 -122.1804
445282.00000 4368378.00000 N.C.
445282.00000 4368382.00000 N.C.
445282.00000 4368386.00000 -122.2673
445282.00000 4368390.00000 -116.2876
445282.00000 4368394.00000 -116.3913
445286.00000 4367886.00000 -104.3987
445286.00000 4367890.00000 -104.2668
445286.00000 4367894.00000 -104.1483
445286.00000 4367898.00000 -104.0282
445286.00000 4367902.00000 -103.8914
445286.00000 4367906.00000 -103.7680
445286.00000 4367910.00000 -103.6129
445286.00000 4367914.00000 -103.4710
445286.00000 4367918.00000 -103.3125
445286.00000 4367922.00000 -103.1522
445286.00000 4367926.00000 -103.0201
445286.00000 4367930.00000 -102.8563
445286.00000 4367934.00000 -102.6607
445286.00000 4367938.00000 -102.5083
445286.00000 4367942.00000 -102.3241
445286.00000 4367946.00000 -102.1681
445286.00000 4367950.00000 -102.0403
445286.00000 4367954.00000 -101.8806
445286.00000 4367958.00000 -101.6592
445286.00000 4367962.00000 -101.4810
445286.00000 4367966.00000 -101.2861
445286.00000 4367970.00000 -101.0893
445286.00000 4367974.00000 -100.8759
445286.00000 4367978.00000 -100.6908
445286.00000 4367982.00000 -100.4741
445286.00000 4367986.00000 -100.2708
445286.00000 4367990.00000 -100.0510
445286.00000 4367994.00000 -99.8448
445286.00000 4367998.00000 -99.6372
445286.00000 4368002.00000 -99.4134
445286.00000 4368006.00000 -99.2034
445286.00000 4368010.00000 -99.0075
445286.00000 4368014.00000 -98.8108
445286.00000 4368018.00000 -98.6135
445286.00000 4368022.00000 -98.4157
445286.00000 4368026.00000 -98.2177
445286.00000 4368030.00000 -98.0197
445286.00000 4368034.00000 -97.8371
445286.00000 4368038.00000 -97.6401
445286.00000 4368042.00000 -97.4742
445286.00000 4368046.00000 -97.2945
445286.00000 4368050.00000 -97.1017
445286.00000 4368054.00000 -96.9262
445286.00000 4368058.00000 -96.7384
445286.00000 4368062.00000 -96.5538
445286.00000 4368066.00000 -96.3732
445286.00000 4368070.00000 -96.1820
445286.00000 4368074.00000 -96.0110
445286.00000 4368078.00000 -95.8458
445286.00000 4368082.00000 -95.6721
445286.00000 4368086.00000 -95.5507
445286.00000 4368090.00000 -107.1055
445286.00000 4368094.00000 -107.2262
445286.00000 4368098.00000 -107.5255
445286.00000 4368102.00000 -107.9766
445286.00000 4368106.00000 -108.5469
445286.00000 4368110.00000 -108.2411
445286.00000 4368114.00000 -107.9296
445286.00000 4368118.00000 -107.8670
445286.00000 4368122.00000 -108.0807
445286.00000 4368126.00000 -108.5421
445286.00000 4368130.00000 N.C.
445286.00000 4368134.00000 N.C.
445286.00000 4368138.00000 N.C.
445286.00000 4368142.00000 N.C.
445286.00000 4368146.00000 N.C.
445286.00000 4368150.00000 N.C.
445286.00000 4368154.00000 N.C.
445286.00000 4368158.00000 N.C.
445286.00000 4368162.00000 N.C.
445286.00000 4368166.00000 N.C.
445286.00000 4368170.00000 N.C.
445286.00000 4368174.00000 N.C.
445286.00000 4368178.00000 N.C.
445286.00000 4368182.00000 -116.2619
445286.00000 4368186.00000 N.C.
445286.00000 4368190.00000 N.C.
445286.00000 4368194.00000 -116.7764
445286.00000 4368198.00000 -110.6127
445286.00000 4368202.00000 -110.5290
445286.00000 4368206.00000 -110.6585
445286.00000 4368210.00000 -110.9561
445286.00000 4368214.00000 -111.4103
445286.00000 4368218.00000 -111.9177
445286.00000 4368222.00000 -117.5339
445286.00000 4368226.00000 -112.8376
445286.00000 4368230.00000 -113.2517
445286.00000 4368234.00000 -118.6595
445286.00000 4368238.00000 N.C.
445286.00000 4368242.00000 N.C.
445286.00000 4368246.00000 -119.0894
445286.00000 4368250.00000 -116.8729
445286.00000 4368254.00000 N.C.
445286.00000 4368258.00000 N.C.
445286.00000 4368262.00000 -120.0441
445286.00000 4368266.00000 N.C.
445286.00000 4368270.00000 N.C.
445286.00000 4368274.00000 N.C.
445286.00000 4368278.00000 -117.8886
445286.00000 4368282.00000 N.C.
445286.00000 4368286.00000 N.C.
445286.00000 4368290.00000 -121.3835
445286.00000 4368294.00000 -120.2769
445286.00000 4368298.00000 -130.6811
445286.00000 4368302.00000 -120.6795
445286.00000 4368306.00000 -119.9725
445286.00000 4368310.00000 N.C.
445286.00000 4368314.00000 N.C.
445286.00000 4368318.00000 -123.2087
445286.00000 4368322.00000 -122.9660
445286.00000 4368326.00000 -121.8521
445286.00000 4368330.00000 N.C.
445286.00000 4368334.00000 -120.7019
445286.00000 4368338.00000 -116.6073
445286.00000 4368342.00000 -116.4533
445286.00000 4368346.00000 N.C.
445286.00000 4368350.00000 N.C.
445286.00000 4368354.00000 N.C.
445286.00000 4368358.00000 N.C.
445286.00000 4368362.00000 -121.3668
445286.00000 4368366.00000 N.C.
445286.00000 4368370.00000 N.C.
445286.00000 4368374.00000 N.C.
445286.00000 4368378.00000 N.C.
445286.00000 4368382.00000 -122.5562
445286.00000 4368386.00000 -122.8073
445286.00000 4368390.00000 -116.4462
445286.00000 4368394.00000 -116.5041
445290.00000 4367886.00000 -104.4772
445290.00000 4367890.00000 -104.3621
445290.00000 4367894.00000 -104.2304
445290.00000 4367898.00000 -104.1122
445290.00000 4367902.00000 -103.9623
445290.00000 4367906.00000 -103.8259
445290.00000 4367910.00000 -103.6729
445290.00000 4367914.00000 -103.5183
445290.00000 4367918.00000 -103.3920
445290.00000 4367922.00000 -103.2490
445290.00000 4367926.00000 -103.0744
445290.00000 4367930.00000 -102.9132
445290.00000 4367934.00000 -102.7502
445290.00000 4367938.00000 -102.6006
445290.00000 4367942.00000 -102.4793
445290.00000 4367946.00000 -102.3113
445290.00000 4367950.00000 -102.1416
445290.00000 4367954.00000 -101.9253
445290.00000 4367958.00000 -101.7673
445290.00000 4367962.00000 -101.5477
445290.00000 4367966.00000 -101.3715
445290.00000 4367970.00000 -101.1786
445290.00000 4367974.00000 -100.9843
445290.00000 4367978.00000 -100.7884
445290.00000 4367982.00000 -100.5911
445290.00000 4367986.00000 -100.3624
445290.00000 4367990.00000 -100.1774
445290.00000 4367994.00000 -99.9611
445290.00000 4367998.00000 -99.7588
445290.00000 4368002.00000 -99.5554
445290.00000 4368006.00000 -99.3661
445290.00000 4368010.00000 -99.1761
445290.00000 4368014.00000 -98.9855
445290.00000 4368018.00000 -98.7945
445290.00000 4368022.00000 -98.6033
445290.00000 4368026.00000 -98.4122
445290.00000 4368030.00000 -98.2363
445290.00000 4368034.00000 -98.0460
445290.00000 4368038.00000 -97.8866
445290.00000 4368042.00000 -97.6984
445290.00000 4368046.00000 -97.5268
445290.00000 4368050.00000 -97.3572
445290.00000 4368054.00000 -97.1751
445290.00000 4368058.00000 -96.9958
445290.00000 4368062.00000 -96.8200
445290.00000 4368066.00000 -96.6331
445290.00000 4368070.00000 -96.4658
445290.00000 4368074.00000 -96.3036
445290.00000 4368078.00000 -96.1472
445290.00000 4368082.00000 -95.9822
445290.00000 4368086.00000 -107.5496
445290.00000 4368090.00000 -107.5454
445290.00000 4368094.00000 -107.7001
445290.00000 4368098.00000 -108.0019
445290.00000 4368102.00000 -108.4284
445290.00000 4368106.00000 -108.9544
445290.00000 4368110.00000 -108.0287
445290.00000 4368114.00000 -107.7570
445290.00000 4368118.00000 -107.7260
445290.00000 4368122.00000 -107.9529
445290.00000 4368126.00000 -108.4050
445290.00000 4368130.00000 N.C.
445290.00000 4368134.00000 N.C.
445290.00000 4368138.00000 N.C.
445290.00000 4368142.00000 N.C.
445290.00000 4368146.00000 N.C.
445290.00000 4368150.00000 N.C.
445290.00000 4368154.00000 N.C.
445290.00000 4368158.00000 N.C.
445290.00000 4368162.00000 N.C.
445290.00000 4368166.00000 N.C.
445290.00000 4368170.00000 N.C.
445290.00000 4368174.00000 N.C.
445290.00000 4368178.00000 N.C.
445290.00000 4368182.00000 -116.6912
445290.00000 4368186.00000 N.C.
445290.00000 4368190.00000 N.C.
445290.00000 4368194.00000 -117.1342
445290.00000 4368198.00000 -118.7638
445290.00000 4368202.00000 -110.1754
445290.00000 4368206.00000 -110.2473
445290.00000 4368210.00000 -110.4880
445290.00000 4368214.00000 -110.8733
445290.00000 4368218.00000 -111.3420
445290.00000 4368222.00000 -111.8605
445290.00000 4368226.00000 -120.5714
445290.00000 4368230.00000 -112.8786
445290.00000 4368234.00000 -113.2975
445290.00000 4368238.00000 -113.7047
445290.00000 4368242.00000 -119.1344
445290.00000 4368246.00000 -118.1463
445290.00000 4368250.00000 -117.0816
445290.00000 4368254.00000 -119.9429
445290.00000 4368258.00000 -119.9720
445290.00000 4368262.00000 -120.2038
445290.00000 4368266.00000 -119.1106
445290.00000 4368270.00000 -120.6505
445290.00000 4368274.00000 N.C.
445290.00000 4368278.00000 -117.6393
445290.00000 4368282.00000 -121.4619
445290.00000 4368286.00000 -121.4879
445290.00000 4368290.00000 N.C.
445290.00000 4368294.00000 -120.3996
445290.00000 4368298.00000 -130.3879
445290.00000 4368302.00000 -120.9575
445290.00000 4368306.00000 -120.2977
445290.00000 4368310.00000 N.C.
445290.00000 4368314.00000 -122.9874
445290.00000 4368318.00000 -123.2317
445290.00000 4368322.00000 N.C.
445290.00000 4368326.00000 N.C.
445290.00000 4368330.00000 N.C.
445290.00000 4368334.00000 -121.3848
445290.00000 4368338.00000 -116.9612
445290.00000 4368342.00000 -116.7783
445290.00000 4368346.00000 N.C.
445290.00000 4368350.00000 -121.1288
445290.00000 4368354.00000 N.C.
445290.00000 4368358.00000 N.C.
445290.00000 4368362.00000 -121.5556
445290.00000 4368366.00000 N.C.
445290.00000 4368370.00000 N.C.
445290.00000 4368374.00000 N.C.
445290.00000 4368378.00000 N.C.
445290.00000 4368382.00000 -122.4691
445290.00000 4368386.00000 -120.0188
445290.00000 4368390.00000 -116.5527
445290.00000 4368394.00000 -116.5617
445294.00000 4367886.00000 -104.5574
445294.00000 4367890.00000 -104.4440
445294.00000 4367894.00000 -104.2991
445294.00000 4367898.00000 -104.1678
445294.00000 4367902.00000 -104.0049
445294.00000 4367906.00000 -103.8705
445294.00000 4367910.00000 -103.7496
445294.00000 4367914.00000 -103.6122
445294.00000 4367918.00000 -103.4732
445294.00000 4367922.00000 -103.3176
445294.00000 4367926.00000 -103.1605
445294.00000 4367930.00000 -103.0018
445294.00000 4367934.00000 -102.8865
445294.00000 4367938.00000 -102.7397
445294.00000 4367942.00000 -102.5763
445294.00000 4367946.00000 -102.3963
445294.00000 4367950.00000 -102.1998
445294.00000 4367954.00000 -102.0167
445294.00000 4367958.00000 -101.8472
445294.00000 4367962.00000 -101.6461
445294.00000 4367966.00000 -101.4736
445294.00000 4367970.00000 -101.2696
445294.00000 4367974.00000 -101.0942
445294.00000 4367978.00000 -100.8876
445294.00000 4367982.00000 -100.6796
445294.00000 4367986.00000 -100.4854
445294.00000 4367990.00000 -100.2901
445294.00000 4367994.00000 -100.0788
445294.00000 4367998.00000 -99.8966
445294.00000 4368002.00000 -99.7135
445294.00000 4368006.00000 -99.5298
445294.00000 4368010.00000 -99.3455
445294.00000 4368014.00000 -99.1609
445294.00000 4368018.00000 -98.9760
445294.00000 4368022.00000 -98.7912
445294.00000 4368026.00000 -98.6217
445294.00000 4368030.00000 -98.4377
445294.00000 4368034.00000 -98.2844
445294.00000 4368038.00000 -98.1023
445294.00000 4368042.00000 -97.9366
445294.00000 4368046.00000 -97.7726
445294.00000 4368050.00000 -97.5808
445294.00000 4368054.00000 -97.4216
445294.00000 4368058.00000 -97.2504
445294.00000 4368062.00000 -97.0828
445294.00000 4368066.00000 -96.9042
445294.00000 4368070.00000 -96.7451
445294.00000 4368074.00000 -96.5912
445294.00000 4368078.00000 -96.4279
445294.00000 4368082.00000 -96.3160
445294.00000 4368086.00000 -107.9397
445294.00000 4368090.00000 -107.9813
445294.00000 4368094.00000 -108.1577
445294.00000 4368098.00000 -108.4569
445294.00000 4368102.00000 -108.8605
445294.00000 4368106.00000 -109.3486
445294.00000 4368110.00000 -107.9096
445294.00000 4368114.00000 -107.6775
445294.00000 4368118.00000 -107.6769
445294.00000 4368122.00000 -107.9161
445294.00000 4368126.00000 -108.3589
445294.00000 4368130.00000 N.C.
445294.00000 4368134.00000 N.C.
445294.00000 4368138.00000 N.C.
445294.00000 4368142.00000 N.C.
445294.00000 4368146.00000 N.C.
445294.00000 4368150.00000 N.C.
445294.00000 4368154.00000 N.C.
445294.00000 4368158.00000 N.C.
445294.00000 4368162.00000 N.C.
445294.00000 4368166.00000 N.C.
445294.00000 4368170.00000 N.C.
445294.00000 4368174.00000 N.C.
445294.00000 4368178.00000 N.C.
445294.00000 4368182.00000 -117.0680
445294.00000 4368186.00000 N.C.
445294.00000 4368190.00000 N.C.
445294.00000 4368194.00000 -117.4866
445294.00000 4368198.00000 -118.6240
445294.00000 4368202.00000 -109.9801
445294.00000 4368206.00000 -109.9822
445294.00000 4368210.00000 -110.1634
445294.00000 4368214.00000 -110.4766
445294.00000 4368218.00000 -110.8900
445294.00000 4368222.00000 -111.3666
445294.00000 4368226.00000 -111.8953
445294.00000 4368230.00000 -112.4451
445294.00000 4368234.00000 -112.9909
445294.00000 4368238.00000 -113.4072
445294.00000 4368242.00000 -113.8111
445294.00000 4368246.00000 -114.2159
445294.00000 4368250.00000 -114.5914
445294.00000 4368254.00000 -121.3087
445294.00000 4368258.00000 -121.5802
445294.00000 4368262.00000 -121.8758
445294.00000 4368266.00000 -118.1763
445294.00000 4368270.00000 -117.3296
445294.00000 4368274.00000 -116.8050
445294.00000 4368278.00000 -125.3519
445294.00000 4368282.00000 N.C.
445294.00000 4368286.00000 -133.7470
445294.00000 4368290.00000 N.C.
445294.00000 4368294.00000 -120.5609
445294.00000 4368298.00000 -119.7337
445294.00000 4368302.00000 -121.2299
445294.00000 4368306.00000 -120.6422
445294.00000 4368310.00000 N.C.
445294.00000 4368314.00000 -123.0716
445294.00000 4368318.00000 -122.7391
445294.00000 4368322.00000 -121.3999
445294.00000 4368326.00000 N.C.
445294.00000 4368330.00000 N.C.
445294.00000 4368334.00000 -117.6963
445294.00000 4368338.00000 -117.3920
445294.00000 4368342.00000 -117.1398
445294.00000 4368346.00000 -116.9666
445294.00000 4368350.00000 -116.8850
445294.00000 4368354.00000 -125.8318
445294.00000 4368358.00000 N.C.
445294.00000 4368362.00000 N.C.
445294.00000 4368366.00000 N.C.
445294.00000 4368370.00000 N.C.
445294.00000 4368374.00000 N.C.
445294.00000 4368378.00000 N.C.
445294.00000 4368382.00000 N.C.
445294.00000 4368386.00000 -124.8767
445294.00000 4368390.00000 -116.6743
445294.00000 4368394.00000 -116.7420
445298.00000 4367886.00000 -104.6240
445298.00000 4367890.00000 -104.4824
445298.00000 4367894.00000 -104.3393
445298.00000 4367898.00000 -104.2099
445298.00000 4367902.00000 -104.0940
445298.00000 4367906.00000 -103.9617
445298.00000 4367910.00000 -103.8279
445298.00000 4367914.00000 -103.7077
445298.00000 4367918.00000 -103.5410
445298.00000 4367922.00000 -103.4028
445298.00000 4367926.00000 -103.2782
445298.00000 4367930.00000 -103.1671
445298.00000 4367934.00000 -102.9945
445298.00000 4367938.00000 -102.8204
445298.00000 4367942.00000 -102.6449
445298.00000 4367946.00000 -102.4830
445298.00000 4367950.00000 -102.2746
445298.00000 4367954.00000 -102.1098
445298.00000 4367958.00000 -101.9286
445298.00000 4367962.00000 -101.7461
445298.00000 4367966.00000 -101.5772
445298.00000 4367970.00000 -101.3771
445298.00000 4367974.00000 -101.1757
445298.00000 4367978.00000 -100.9881
445298.00000 4367982.00000 -100.7995
445298.00000 4367986.00000 -100.5948
445298.00000 4367990.00000 -100.4041
445298.00000 4367994.00000 -100.2276
445298.00000 4367998.00000 -100.0504
445298.00000 4368002.00000 -99.8725
445298.00000 4368006.00000 -99.6942
445298.00000 4368010.00000 -99.5155
445298.00000 4368014.00000 -99.3366
445298.00000 4368018.00000 -99.1578
445298.00000 4368022.00000 -98.9942
445298.00000 4368026.00000 -98.8160
445298.00000 4368030.00000 -98.6686
445298.00000 4368034.00000 -98.4921
445298.00000 4368038.00000 -98.3319
445298.00000 4368042.00000 -98.1583
445298.00000 4368046.00000 -97.9866
445298.00000 4368050.00000 -97.8323
445298.00000 4368054.00000 -97.6656
445298.00000 4368058.00000 -97.5021
445298.00000 4368062.00000 -97.3271
445298.00000 4368066.00000 -97.1712
445298.00000 4368070.00000 -97.0199
445298.00000 4368074.00000 -96.8737
445298.00000 4368078.00000 -96.7180
445298.00000 4368082.00000 -108.3779
445298.00000 4368086.00000 -108.3340
445298.00000 4368090.00000 -108.4088
445298.00000 4368094.00000 -108.5989
445298.00000 4368098.00000 -108.8928
445298.00000 4368102.00000 -109.2753
445298.00000 4368106.00000 -109.7305
445298.00000 4368110.00000 -107.8628
445298.00000 4368114.00000 -107.6689
445298.00000 4368118.00000 -107.6973
445298.00000 4368122.00000 -107.9475
445298.00000 4368126.00000 -108.3810
445298.00000 4368130.00000 N.C.
445298.00000 4368134.00000 N.C.
445298.00000 4368138.00000 N.C.
445298.00000 4368142.00000 N.C.
445298.00000 4368146.00000 N.C.
445298.00000 4368150.00000 N.C.
445298.00000 4368154.00000 N.C.
445298.00000 4368158.00000 N.C.
445298.00000 4368162.00000 N.C.
445298.00000 4368166.00000 N.C.
445298.00000 4368170.00000 N.C.
445298.00000 4368174.00000 N.C.
445298.00000 4368178.00000 N.C.
445298.00000 4368182.00000 -117.4375
445298.00000 4368186.00000 N.C.
445298.00000 4368190.00000 N.C.
445298.00000 4368194.00000 -117.7735
445298.00000 4368198.00000 -118.5333
445298.00000 4368202.00000 -118.3671
445298.00000 4368206.00000 -109.8442
445298.00000 4368210.00000 -109.9549
445298.00000 4368214.00000 -110.2121
445298.00000 4368218.00000 -110.5717
445298.00000 4368222.00000 -111.0092
445298.00000 4368226.00000 -111.4799
445298.00000 4368230.00000 -111.9944
445298.00000 4368234.00000 -112.5251
445298.00000 4368238.00000 -113.0797
445298.00000 4368242.00000 -113.5638
445298.00000 4368246.00000 -113.9605
445298.00000 4368250.00000 -114.3436
445298.00000 4368254.00000 -114.7278
445298.00000 4368258.00000 -115.0834
445298.00000 4368262.00000 N.C.
445298.00000 4368266.00000 -117.5553
445298.00000 4368270.00000 -116.6884
445298.00000 4368274.00000 -116.1090
445298.00000 4368278.00000 -115.7589
445298.00000 4368282.00000 -125.4983
445298.00000 4368286.00000 -125.7432
445298.00000 4368290.00000 -121.6663
445298.00000 4368294.00000 -120.7456
445298.00000 4368298.00000 -119.9706
445298.00000 4368302.00000 -123.0324
445298.00000 4368306.00000 N.C.
445298.00000 4368310.00000 N.C.
445298.00000 4368314.00000 -123.2626
445298.00000 4368318.00000 -122.2653
445298.00000 4368322.00000 -120.9954
445298.00000 4368326.00000 N.C.
445298.00000 4368330.00000 N.C.
445298.00000 4368334.00000 -118.0651
445298.00000 4368338.00000 -117.8179
445298.00000 4368342.00000 -117.5598
445298.00000 4368346.00000 N.C.
445298.00000 4368350.00000 N.C.
445298.00000 4368354.00000 N.C.
445298.00000 4368358.00000 -117.0765
445298.00000 4368362.00000 -121.9931
445298.00000 4368366.00000 -121.2076
445298.00000 4368370.00000 -122.2733
445298.00000 4368374.00000 N.C.
445298.00000 4368378.00000 N.C.
445298.00000 4368382.00000 N.C.
445298.00000 4368386.00000 -122.8394
445298.00000 4368390.00000 -117.0036
445298.00000 4368394.00000 -116.9407
445302.00000 4367886.00000 -104.6620
445302.00000 4367890.00000 -104.5372
445302.00000 4367894.00000 -104.4260
445302.00000 4367898.00000 -104.2985
445302.00000 4367902.00000 -104.1696
445302.00000 4367906.00000 -104.0544
445302.00000 4367910.00000 -103.9227
445302.00000 4367914.00000 -103.7747
445302.00000 4367918.00000 -103.6703
445302.00000 4367922.00000 -103.5496
445302.00000 4367926.00000 -103.3974
445302.00000 4367930.00000 -103.2439
445302.00000 4367934.00000 -103.0740
445302.00000 4367938.00000 -102.8877
445302.00000 4367942.00000 -102.7301
445302.00000 4367946.00000 -102.5561
445302.00000 4367950.00000 -102.3659
445302.00000 4367954.00000 -102.2043
445302.00000 4367958.00000 -102.0265
445302.00000 4367962.00000 -101.8475
445302.00000 4367966.00000 -101.6672
445302.00000 4367970.00000 -101.4559
445302.00000 4367974.00000 -101.2884
445302.00000 4367978.00000 -101.1049
445302.00000 4367982.00000 -100.9055
445302.00000 4367986.00000 -100.7202
445302.00000 4367990.00000 -100.5491
445302.00000 4367994.00000 -100.3773
445302.00000 4367998.00000 -100.2050
445302.00000 4368002.00000 -100.0322
445302.00000 4368006.00000 -99.8591
445302.00000 4368010.00000 -99.6859
445302.00000 4368014.00000 -99.5126
445302.00000 4368018.00000 -99.3546
445302.00000 4368022.00000 -99.1820
445302.00000 4368026.00000 -99.0250
445302.00000 4368030.00000 -98.8688
445302.00000 4368034.00000 -98.7139
445302.00000 4368038.00000 -98.5453
445302.00000 4368042.00000 -98.3935
445302.00000 4368046.00000 -98.2287
445302.00000 4368050.00000 -98.0664
445302.00000 4368054.00000 -97.9069
445302.00000 4368058.00000 -97.7506
445302.00000 4368062.00000 -97.5829
445302.00000 4368066.00000 -97.4343
445302.00000 4368070.00000 -97.2902
445302.00000 4368074.00000 -97.1362
445302.00000 4368078.00000 -97.0326
445302.00000 4368082.00000 -108.7318
445302.00000 4368086.00000 -108.7267
445302.00000 4368090.00000 -108.8259
445302.00000 4368094.00000 -109.0241
445302.00000 4368098.00000 -109.3111
445302.00000 4368102.00000 -109.6742
445302.00000 4368106.00000 -110.1007
445302.00000 4368110.00000 -110.6683
445302.00000 4368114.00000 -107.7153
445302.00000 4368118.00000 -107.7703
445302.00000 4368122.00000 -108.0300
445302.00000 4368126.00000 -108.4544
445302.00000 4368130.00000 N.C.
445302.00000 4368134.00000 N.C.
445302.00000 4368138.00000 N.C.
445302.00000 4368142.00000 N.C.
445302.00000 4368146.00000 N.C.
445302.00000 4368150.00000 N.C.
445302.00000 4368154.00000 N.C.
445302.00000 4368158.00000 N.C.
445302.00000 4368162.00000 N.C.
445302.00000 4368166.00000 N.C.
445302.00000 4368170.00000 N.C.
445302.00000 4368174.00000 N.C.
445302.00000 4368178.00000 -117.7040
445302.00000 4368182.00000 -117.7399
445302.00000 4368186.00000 N.C.
445302.00000 4368190.00000 N.C.
445302.00000 4368194.00000 -118.1451
445302.00000 4368198.00000 -118.5017
445302.00000 4368202.00000 -117.5439
445302.00000 4368206.00000 -109.8140
445302.00000 4368210.00000 -109.8502
445302.00000 4368214.00000 -110.0413
445302.00000 4368218.00000 -110.3505
445302.00000 4368222.00000 -110.7385
445302.00000 4368226.00000 -111.1874
445302.00000 4368230.00000 -111.6440
445302.00000 4368234.00000 -112.1684
445302.00000 4368238.00000 -112.6608
445302.00000 4368242.00000 -113.1908
445302.00000 4368246.00000 -113.6803
445302.00000 4368250.00000 N.C.
445302.00000 4368254.00000 N.C.
445302.00000 4368258.00000 -119.4202
445302.00000 4368262.00000 N.C.
445302.00000 4368266.00000 N.C.
445302.00000 4368270.00000 N.C.
445302.00000 4368274.00000 -115.7002
445302.00000 4368278.00000 -115.3088
445302.00000 4368282.00000 N.C.
445302.00000 4368286.00000 -115.0457
445302.00000 4368290.00000 -115.1744
445302.00000 4368294.00000 -115.3669
445302.00000 4368298.00000 -120.1986
445302.00000 4368302.00000 -123.0704
445302.00000 4368306.00000 N.C.
445302.00000 4368310.00000 N.C.
445302.00000 4368314.00000 -123.3163
445302.00000 4368318.00000 -122.0030
445302.00000 4368322.00000 -120.8135
445302.00000 4368326.00000 -119.7999
445302.00000 4368330.00000 -119.0284
445302.00000 4368334.00000 -118.4528
445302.00000 4368338.00000 -118.2050
445302.00000 4368342.00000 -117.9736
445302.00000 4368346.00000 N.C.
445302.00000 4368350.00000 N.C.
445302.00000 4368354.00000 N.C.
445302.00000 4368358.00000 N.C.
445302.00000 4368362.00000 N.C.
445302.00000 4368366.00000 N.C.
445302.00000 4368370.00000 N.C.
445302.00000 4368374.00000 N.C.
445302.00000 4368378.00000 N.C.
445302.00000 4368382.00000 -122.9236
445302.00000 4368386.00000 -123.0488
445302.00000 4368390.00000 -117.3420
445302.00000 4368394.00000 -117.3044
445306.00000 4367886.00000 -104.7465
445306.00000 4367890.00000 -104.6234
445306.00000 4367894.00000 -104.4991
445306.00000 4367898.00000 -104.3735
445306.00000 4367902.00000 -104.2616
445306.00000 4367906.00000 -104.1484
445306.00000 4367910.00000 -104.0340
445306.00000 4367914.00000 -103.9332
445306.00000 4367918.00000 -103.7861
445306.00000 4367922.00000 -103.6377
445306.00000 4367926.00000 -103.4731
445306.00000 4367930.00000 -103.3071
445306.00000 4367934.00000 -103.1399
445306.00000 4367938.00000 -102.9564
445306.00000 4367942.00000 -102.8017
445306.00000 4367946.00000 -102.6307
445306.00000 4367950.00000 -102.4435
445306.00000 4367954.00000 -102.3002
445306.00000 4367958.00000 -102.1257
445306.00000 4367962.00000 -101.9351
445306.00000 4367966.00000 -101.7435
445306.00000 4367970.00000 -101.5809
445306.00000 4367974.00000 -101.3873
445306.00000 4367978.00000 -101.2078
445306.00000 4367982.00000 -101.0275
445306.00000 4367986.00000 -100.8616
445306.00000 4367990.00000 -100.6949
445306.00000 4367994.00000 -100.5278
445306.00000 4367998.00000 -100.3602
445306.00000 4368002.00000 -100.1924
445306.00000 4368006.00000 -100.0244
445306.00000 4368010.00000 -99.8564
445306.00000 4368014.00000 -99.7036
445306.00000 4368018.00000 -99.5362
445306.00000 4368022.00000 -99.3843
445306.00000 4368026.00000 -99.2333
445306.00000 4368030.00000 -99.0832
445306.00000 4368034.00000 -98.9195
445306.00000 4368038.00000 -98.7723
445306.00000 4368042.00000 -98.6119
445306.00000 4368046.00000 -98.4538
445306.00000 4368050.00000 -98.2981
445306.00000 4368054.00000 -98.1454
445306.00000 4368058.00000 -97.9809
445306.00000 4368062.00000 -97.8350
445306.00000 4368066.00000 -97.6932
445306.00000 4368070.00000 -97.5560
445306.00000 4368074.00000 -97.4086
445306.00000 4368078.00000 -97.3417
445306.00000 4368082.00000 -109.0898
445306.00000 4368086.00000 -109.1151
445306.00000 4368090.00000 -109.2317
445306.00000 4368094.00000 -109.4342
445306.00000 4368098.00000 -109.7134
445306.00000 4368102.00000 -110.0588
445306.00000 4368106.00000 -110.4600
445306.00000 4368110.00000 -110.9819
445306.00000 4368114.00000 -107.8038
445306.00000 4368118.00000 N.C.
445306.00000 4368122.00000 -108.1514
445306.00000 4368126.00000 -108.6118
445306.00000 4368130.00000 N.C.
445306.00000 4368134.00000 N.C.
445306.00000 4368138.00000 N.C.
445306.00000 4368142.00000 N.C.
445306.00000 4368146.00000 N.C.
445306.00000 4368150.00000 N.C.
445306.00000 4368154.00000 N.C.
445306.00000 4368158.00000 N.C.
445306.00000 4368162.00000 N.C.
445306.00000 4368166.00000 N.C.
445306.00000 4368170.00000 N.C.
445306.00000 4368174.00000 N.C.
445306.00000 4368178.00000 -117.0160
445306.00000 4368182.00000 -116.4631
445306.00000 4368186.00000 N.C.
445306.00000 4368190.00000 -118.2655
445306.00000 4368194.00000 -118.4363
445306.00000 4368198.00000 -116.4052
445306.00000 4368202.00000 -116.2235
445306.00000 4368206.00000 -116.2500
445306.00000 4368210.00000 -109.8362
445306.00000 4368214.00000 -109.9557
445306.00000 4368218.00000 -110.2056
445306.00000 4368222.00000 -110.5500
445306.00000 4368226.00000 -110.9540
445306.00000 4368230.00000 -111.4060
445306.00000 4368234.00000 -111.8582
445306.00000 4368238.00000 -112.3587
445306.00000 4368242.00000 -112.8404
445306.00000 4368246.00000 -113.3292
445306.00000 4368250.00000 N.C.
445306.00000 4368254.00000 N.C.
445306.00000 4368258.00000 N.C.
445306.00000 4368262.00000 N.C.
445306.00000 4368266.00000 -121.7580
445306.00000 4368270.00000 N.C.
445306.00000 4368274.00000 N.C.
445306.00000 4368278.00000 N.C.
445306.00000 4368282.00000 -121.9912
445306.00000 4368286.00000 -114.7171
445306.00000 4368290.00000 -114.7571
445306.00000 4368294.00000 -114.8001
445306.00000 4368298.00000 -115.0446
445306.00000 4368302.00000 -115.3490
445306.00000 4368306.00000 N.C.
445306.00000 4368310.00000 -122.3314
445306.00000 4368314.00000 -121.4523
445306.00000 4368318.00000 -121.6590
445306.00000 4368322.00000 -120.8083
445306.00000 4368326.00000 -119.8262
445306.00000 4368330.00000 -119.0174
445306.00000 4368334.00000 -118.4150
445306.00000 4368338.00000 -118.5664
445306.00000 4368342.00000 -118.3487
445306.00000 4368346.00000 N.C.
445306.00000 4368350.00000 N.C.
445306.00000 4368354.00000 N.C.
445306.00000 4368358.00000 N.C.
445306.00000 4368362.00000 N.C.
445306.00000 4368366.00000 N.C.
445306.00000 4368370.00000 N.C.
445306.00000 4368374.00000 N.C.
445306.00000 4368378.00000 -125.9053
445306.00000 4368382.00000 N.C.
445306.00000 4368386.00000 -121.8221
445306.00000 4368390.00000 -117.5848
445306.00000 4368394.00000 -117.6223
445310.00000 4367886.00000 -104.8172
445310.00000 4367890.00000 -104.6809
445310.00000 4367894.00000 -104.5885
445310.00000 4367898.00000 -104.4799
445310.00000 4367902.00000 -104.3700
445310.00000 4367906.00000 -104.2889
445310.00000 4367910.00000 -104.1615
445310.00000 4367914.00000 -104.0180
445310.00000 4367918.00000 -103.8582
445310.00000 4367922.00000 -103.6972
445310.00000 4367926.00000 -103.5500
445310.00000 4367930.00000 -103.3867
445310.00000 4367934.00000 -103.2221
445310.00000 4367938.00000 -103.0414
445310.00000 4367942.00000 -102.8895
445310.00000 4367946.00000 -102.7215
445310.00000 4367950.00000 -102.5524
445310.00000 4367954.00000 -102.3823
445310.00000 4367958.00000 -102.1961
445310.00000 4367962.00000 -102.0240
445310.00000 4367966.00000 -101.8509
445310.00000 4367970.00000 -101.6769
445310.00000 4367974.00000 -101.4872
445310.00000 4367978.00000 -101.3266
445310.00000 4367982.00000 -101.1655
445310.00000 4367986.00000 -101.0037
445310.00000 4367990.00000 -100.8414
445310.00000 4367994.00000 -100.6788
445310.00000 4367998.00000 -100.5159
445310.00000 4368002.00000 -100.3529
445310.00000 4368006.00000 -100.1899
445310.00000 4368010.00000 -100.0420
445310.00000 4368014.00000 -99.8795
445310.00000 4368018.00000 -99.7175
445310.00000 4368022.00000 -99.5862
445310.00000 4368026.00000 -99.4408
445310.00000 4368030.00000 -99.2816
445310.00000 4368034.00000 -99.1388
445310.00000 4368038.00000 -98.9677
445310.00000 4368042.00000 -98.8285
445310.00000 4368046.00000 -98.6766
445310.00000 4368050.00000 -98.5273
445310.00000 4368054.00000 -98.3660
445310.00000 4368058.00000 -98.2229
445310.00000 4368062.00000 -98.0835
445310.00000 4368066.00000 -97.9482
445310.00000 4368070.00000 -97.8023
445310.00000 4368074.00000 -97.6912
445310.00000 4368078.00000 -109.4815
445310.00000 4368082.00000 -109.4479
445310.00000 4368086.00000 -109.4967
445310.00000 4368090.00000 -109.6258
445310.00000 4368094.00000 -109.8300
445310.00000 4368098.00000 -110.1010
445310.00000 4368102.00000 -110.4303
445310.00000 4368106.00000 -110.8090
445310.00000 4368110.00000 -111.3039
445310.00000 4368114.00000 -107.9254
445310.00000 4368118.00000 -108.0873
445310.00000 4368122.00000 -108.3022
445310.00000 4368126.00000 -108.7838
445310.00000 4368130.00000 N.C.
445310.00000 4368134.00000 N.C.
445310.00000 4368138.00000 N.C.
445310.00000 4368142.00000 N.C.
445310.00000 4368146.00000 N.C.
445310.00000 4368150.00000 N.C.
445310.00000 4368154.00000 N.C.
445310.00000 4368158.00000 N.C.
445310.00000 4368162.00000 N.C.
445310.00000 4368166.00000 N.C.
445310.00000 4368170.00000 N.C.
445310.00000 4368174.00000 N.C.
445310.00000 4368178.00000 -115.7946
445310.00000 4368182.00000 -115.2527
445310.00000 4368186.00000 N.C.
445310.00000 4368190.00000 -118.5877
445310.00000 4368194.00000 -117.1531
445310.00000 4368198.00000 -115.2782
445310.00000 4368202.00000 -115.1302
445310.00000 4368206.00000 -115.2041
445310.00000 4368210.00000 -109.9006
445310.00000 4368214.00000 -109.9471
445310.00000 4368218.00000 -110.1314
445310.00000 4368222.00000 -110.4240
445310.00000 4368226.00000 -110.7907
445310.00000 4368230.00000 -111.2021
445310.00000 4368234.00000 -111.6370
445310.00000 4368238.00000 -112.0965
445310.00000 4368242.00000 -112.5712
445310.00000 4368246.00000 -113.0409
445310.00000 4368250.00000 N.C.
445310.00000 4368254.00000 N.C.
445310.00000 4368258.00000 N.C.
445310.00000 4368262.00000 N.C.
445310.00000 4368266.00000 -117.0436
445310.00000 4368270.00000 N.C.
445310.00000 4368274.00000 N.C.
445310.00000 4368278.00000 N.C.
445310.00000 4368282.00000 -122.0010
445310.00000 4368286.00000 -126.2584
445310.00000 4368290.00000 -114.4670
445310.00000 4368294.00000 -114.5487
445310.00000 4368298.00000 -114.6811
445310.00000 4368302.00000 N.C.
445310.00000 4368306.00000 N.C.
445310.00000 4368310.00000 N.C.
445310.00000 4368314.00000 -115.8384
445310.00000 4368318.00000 -116.1462
445310.00000 4368322.00000 N.C.
445310.00000 4368326.00000 -119.9654
445310.00000 4368330.00000 -119.1773
445310.00000 4368334.00000 -118.5212
445310.00000 4368338.00000 -118.9757
445310.00000 4368342.00000 -118.6981
445310.00000 4368346.00000 -123.0875
445310.00000 4368350.00000 -126.5025
445310.00000 4368354.00000 N.C.
445310.00000 4368358.00000 N.C.
445310.00000 4368362.00000 N.C.
445310.00000 4368366.00000 -126.1442
445310.00000 4368370.00000 N.C.
445310.00000 4368374.00000 N.C.
445310.00000 4368378.00000 -126.1996
445310.00000 4368382.00000 -130.1136
445310.00000 4368386.00000 -126.3021
445310.00000 4368390.00000 -121.8664
445310.00000 4368394.00000 -117.8378
445314.00000 4367886.00000 -104.8891
445314.00000 4367890.00000 -104.7997
445314.00000 4367894.00000 -104.6792
445314.00000 4367898.00000 -104.6024
445314.00000 4367902.00000 -104.5396
445314.00000 4367906.00000 -104.3856
445314.00000 4367910.00000 -104.2454
445314.00000 4367914.00000 -104.0891
445314.00000 4367918.00000 -103.9166
445314.00000 4367922.00000 -103.7730
445314.00000 4367926.00000 -103.5983
445314.00000 4367930.00000 -103.4525
445314.00000 4367934.00000 -103.2906
445314.00000 4367938.00000 -103.1126
445314.00000 4367942.00000 -102.9635
445314.00000 4367946.00000 -102.8135
445314.00000 4367950.00000 -102.6325
445314.00000 4367954.00000 -102.4505
445314.00000 4367958.00000 -102.2976
445314.00000 4367962.00000 -102.1288
445314.00000 4367966.00000 -101.9442
445314.00000 4367970.00000 -101.7739
445314.00000 4367974.00000 -101.6179
445314.00000 4367978.00000 -101.4612
445314.00000 4367982.00000 -101.3040
445314.00000 4367986.00000 -101.1464
445314.00000 4367990.00000 -100.9884
445314.00000 4367994.00000 -100.8302
445314.00000 4367998.00000 -100.6719
445314.00000 4368002.00000 -100.5135
445314.00000 4368006.00000 -100.3703
445314.00000 4368010.00000 -100.2124
445314.00000 4368014.00000 -100.0550
445314.00000 4368018.00000 -99.9282
445314.00000 4368022.00000 -99.7723
445314.00000 4368026.00000 -99.6324
445314.00000 4368030.00000 -99.4938
445314.00000 4368034.00000 -99.3267
445314.00000 4368038.00000 -99.1914
445314.00000 4368042.00000 -99.0431
445314.00000 4368046.00000 -98.8972
445314.00000 4368050.00000 -98.7540
445314.00000 4368054.00000 -98.5986
445314.00000 4368058.00000 -98.4617
445314.00000 4368062.00000 -98.3283
445314.00000 4368066.00000 -98.1990
445314.00000 4368070.00000 -98.0591
445314.00000 4368074.00000 -97.9839
445314.00000 4368078.00000 -109.8102
445314.00000 4368082.00000 -109.8034
445314.00000 4368086.00000 -109.8705
445314.00000 4368090.00000 -110.0084
445314.00000 4368094.00000 -110.2124
445314.00000 4368098.00000 -110.4752
445314.00000 4368102.00000 -110.7897
445314.00000 4368106.00000 -111.1482
445314.00000 4368110.00000 -111.6040
445314.00000 4368114.00000 -108.0876
445314.00000 4368118.00000 -108.2549
445314.00000 4368122.00000 -108.4754
445314.00000 4368126.00000 -108.8884
445314.00000 4368130.00000 -118.0053
445314.00000 4368134.00000 -118.0401
445314.00000 4368138.00000 -118.1395
445314.00000 4368142.00000 -118.2912
445314.00000 4368146.00000 -118.3625
445314.00000 4368150.00000 -118.4278
445314.00000 4368154.00000 -118.3933
445314.00000 4368158.00000 N.C.
445314.00000 4368162.00000 N.C.
445314.00000 4368166.00000 N.C.
445314.00000 4368170.00000 N.C.
445314.00000 4368174.00000 N.C.
445314.00000 4368178.00000 -114.8873
445314.00000 4368182.00000 -114.3484
445314.00000 4368186.00000 N.C.
445314.00000 4368190.00000 -118.9342
445314.00000 4368194.00000 -115.9900
445314.00000 4368198.00000 -114.4465
445314.00000 4368202.00000 -114.2782
445314.00000 4368206.00000 -114.3572
445314.00000 4368210.00000 -117.7017
445314.00000 4368214.00000 -110.0076
445314.00000 4368218.00000 -110.1227
445314.00000 4368222.00000 -110.3569
445314.00000 4368226.00000 -110.6794
445314.00000 4368230.00000 -111.0594
445314.00000 4368234.00000 -111.4722
445314.00000 4368238.00000 -111.9014
445314.00000 4368242.00000 -112.3660
445314.00000 4368246.00000 -112.7990
445314.00000 4368250.00000 -118.1400
445314.00000 4368254.00000 -120.9350
445314.00000 4368258.00000 -118.9877
445314.00000 4368262.00000 -118.0390
445314.00000 4368266.00000 -117.1207
445314.00000 4368270.00000 -121.7327
445314.00000 4368274.00000 N.C.
445314.00000 4368278.00000 N.C.
445314.00000 4368282.00000 N.C.
445314.00000 4368286.00000 -126.4923
445314.00000 4368290.00000 -122.6676
445314.00000 4368294.00000 -120.9255
445314.00000 4368298.00000 N.C.
445314.00000 4368302.00000 N.C.
445314.00000 4368306.00000 -120.0021
445314.00000 4368310.00000 -120.7274
445314.00000 4368314.00000 N.C.
445314.00000 4368318.00000 -122.5150
445314.00000 4368322.00000 -116.0733
445314.00000 4368326.00000 -116.3569
445314.00000 4368330.00000 -116.7144
445314.00000 4368334.00000 -117.0239
445314.00000 4368338.00000 -117.2991
445314.00000 4368342.00000 -119.0815
445314.00000 4368346.00000 -118.8439
445314.00000 4368350.00000 -123.3520
445314.00000 4368354.00000 -128.5473
445314.00000 4368358.00000 -126.6993
445314.00000 4368362.00000 -126.5560
445314.00000 4368366.00000 -126.5757
445314.00000 4368370.00000 N.C.
445314.00000 4368374.00000 N.C.
445314.00000 4368378.00000 N.C.
445314.00000 4368382.00000 N.C.
445314.00000 4368386.00000 -125.9691
445314.00000 4368390.00000 -123.2390
445314.00000 4368394.00000 -122.1010
445318.00000 4367886.00000 -104.9923
445318.00000 4367890.00000 -104.9197
445318.00000 4367894.00000 -104.8460
445318.00000 4367898.00000 -104.7262
445318.00000 4367902.00000 -104.6054
445318.00000 4367906.00000 -104.4534
445318.00000 4367910.00000 -104.3004
445318.00000 4367914.00000 -104.1763
445318.00000 4367918.00000 -103.9762
445318.00000 4367922.00000 -103.8349
445318.00000 4367926.00000 -103.6777
445318.00000 4367930.00000 -103.5344
445318.00000 4367934.00000 -103.3751
445318.00000 4367938.00000 -103.2299
445318.00000 4367942.00000 -103.0537
445318.00000 4367946.00000 -102.8915
445318.00000 4367950.00000 -102.7135
445318.00000 4367954.00000 -102.5647
445318.00000 4367958.00000 -102.3850
445318.00000 4367962.00000 -102.2196
445318.00000 4367966.00000 -102.0534
445318.00000 4367970.00000 -101.9016
445318.00000 4367974.00000 -101.7493
445318.00000 4367978.00000 -101.5965
445318.00000 4367982.00000 -101.4432
445318.00000 4367986.00000 -101.2896
445318.00000 4367990.00000 -101.1358
445318.00000 4367994.00000 -100.9819
445318.00000 4367998.00000 -100.8280
445318.00000 4368002.00000 -100.6892
445318.00000 4368006.00000 -100.5357
445318.00000 4368010.00000 -100.3826
445318.00000 4368014.00000 -100.2601
445318.00000 4368018.00000 -100.1083
445318.00000 4368022.00000 -99.9725
445318.00000 4368026.00000 -99.8229
445318.00000 4368030.00000 -99.6897
445318.00000 4368034.00000 -99.5431
445318.00000 4368038.00000 -99.3983
445318.00000 4368042.00000 -99.2557
445318.00000 4368046.00000 -99.1154
445318.00000 4368050.00000 -98.9629
445318.00000 4368054.00000 -98.8283
445318.00000 4368058.00000 -98.6971
445318.00000 4368062.00000 -98.5695
445318.00000 4368066.00000 -98.4308
445318.00000 4368070.00000 -98.3265
445318.00000 4368074.00000 -111.0286
445318.00000 4368078.00000 -110.1396
445318.00000 4368082.00000 -110.1545
445318.00000 4368086.00000 -110.2356
445318.00000 4368090.00000 -110.3798
445318.00000 4368094.00000 -110.5822
445318.00000 4368098.00000 -110.8369
445318.00000 4368102.00000 -111.1377
445318.00000 4368106.00000 -111.4783
445318.00000 4368110.00000 -111.9126
445318.00000 4368114.00000 -108.3001
445318.00000 4368118.00000 -108.4407
445318.00000 4368122.00000 -108.6656
445318.00000 4368126.00000 -109.0551
445318.00000 4368130.00000 -117.0942
445318.00000 4368134.00000 -117.2892
445318.00000 4368138.00000 -117.6803
445318.00000 4368142.00000 -118.1858
445318.00000 4368146.00000 -118.5563
445318.00000 4368150.00000 -118.7637
445318.00000 4368154.00000 -118.7595
445318.00000 4368158.00000 -118.7260
445318.00000 4368162.00000 -118.7528
445318.00000 4368166.00000 -118.7861
445318.00000 4368170.00000 -118.8811
445318.00000 4368174.00000 -118.9241
445318.00000 4368178.00000 -114.2461
445318.00000 4368182.00000 -113.7069
445318.00000 4368186.00000 N.C.
445318.00000 4368190.00000 -119.2453
445318.00000 4368194.00000 -115.1314
445318.00000 4368198.00000 -113.8481
445318.00000 4368202.00000 -113.6501
445318.00000 4368206.00000 -113.7027
445318.00000 4368210.00000 -113.9340
445318.00000 4368214.00000 -110.1286
445318.00000 4368218.00000 -110.1748
445318.00000 4368222.00000 -110.3456
445318.00000 4368226.00000 -110.6174
445318.00000 4368230.00000 -110.9600
445318.00000 4368234.00000 -111.3463
445318.00000 4368238.00000 -111.7566
445318.00000 4368242.00000 -112.1779
445318.00000 4368246.00000 -112.6165
445318.00000 4368250.00000 -113.0521
445318.00000 4368254.00000 N.C.
445318.00000 4368258.00000 -119.0019
445318.00000 4368262.00000 N.C.
445318.00000 4368266.00000 -117.2784
445318.00000 4368270.00000 N.C.
445318.00000 4368274.00000 N.C.
445318.00000 4368278.00000 N.C.
445318.00000 4368282.00000 N.C.
445318.00000 4368286.00000 -126.7218
445318.00000 4368290.00000 -121.8612
445318.00000 4368294.00000 -121.2373
445318.00000 4368298.00000 -121.2748
445318.00000 4368302.00000 N.C.
445318.00000 4368306.00000 N.C.
445318.00000 4368310.00000 N.C.
445318.00000 4368314.00000 N.C.
445318.00000 4368318.00000 N.C.
445318.00000 4368322.00000 N.C.
445318.00000 4368326.00000 -116.0865
445318.00000 4368330.00000 -116.3403
445318.00000 4368334.00000 -116.6082
445318.00000 4368338.00000 -116.9330
445318.00000 4368342.00000 -117.2685
445318.00000 4368346.00000 -117.5540
445318.00000 4368350.00000 -117.8190
445318.00000 4368354.00000 -123.6109
445318.00000 4368358.00000 -125.4697
445318.00000 4368362.00000 -125.4636
445318.00000 4368366.00000 N.C.
445318.00000 4368370.00000 -128.0706
445318.00000 4368374.00000 -126.8598
445318.00000 4368378.00000 N.C.
445318.00000 4368382.00000 -126.8812
445318.00000 4368386.00000 -126.9085
445318.00000 4368390.00000 -124.3018
445318.00000 4368394.00000 -123.2019
445322.00000 4367886.00000 -105.1415
445322.00000 4367890.00000 -105.0408
445322.00000 4367894.00000 -104.9390
445322.00000 4367898.00000 -104.8061
445322.00000 4367902.00000 -104.6423
445322.00000 4367906.00000 -104.5074
445322.00000 4367910.00000 -104.3566
445322.00000 4367914.00000 -104.2197
445322.00000 4367918.00000 -104.0668
445322.00000 4367922.00000 -103.9130
445322.00000 4367926.00000 -103.7582
445322.00000 4367930.00000 -103.6024
445322.00000 4367934.00000 -103.4608
445322.00000 4367938.00000 -103.3032
445322.00000 4367942.00000 -103.1298
445322.00000 4367946.00000 -102.9705
445322.00000 4367950.00000 -102.8105
445322.00000 4367954.00000 -102.6497
445322.00000 4367958.00000 -102.4882
445322.00000 4367962.00000 -102.3261
445322.00000 4367966.00000 -102.1783
445322.00000 4367970.00000 -102.0301
445322.00000 4367974.00000 -101.8813
445322.00000 4367978.00000 -101.7322
445322.00000 4367982.00000 -101.5828
445322.00000 4367986.00000 -101.4332
445322.00000 4367990.00000 -101.2834
445322.00000 4367994.00000 -101.1337
445322.00000 4367998.00000 -100.9991
445322.00000 4368002.00000 -100.8497
445322.00000 4368006.00000 -100.7007
445322.00000 4368010.00000 -100.5823
445322.00000 4368014.00000 -100.4345
445322.00000 4368018.00000 -100.3027
445322.00000 4368022.00000 -100.1568
445322.00000 4368026.00000 -100.0273
445322.00000 4368030.00000 -99.8842
445322.00000 4368034.00000 -99.7428
445322.00000 4368038.00000 -99.6033
445322.00000 4368042.00000 -99.4661
445322.00000 4368046.00000 -99.3162
445322.00000 4368050.00000 -99.1841
445322.00000 4368054.00000 -99.0550
445322.00000 4368058.00000 -98.9291
445322.00000 4368062.00000 -98.8069
445322.00000 4368066.00000 -98.6737
445322.00000 4368070.00000 -98.6046
445322.00000 4368074.00000 -111.3402
445322.00000 4368078.00000 -110.4676
445322.00000 4368082.00000 -110.4999
445322.00000 4368086.00000 -110.5918
445322.00000 4368090.00000 -110.7401
445322.00000 4368094.00000 -110.9403
445322.00000 4368098.00000 -111.1872
445322.00000 4368102.00000 -111.4753
445322.00000 4368106.00000 -111.7996
445322.00000 4368110.00000 -112.1998
445322.00000 4368114.00000 -108.4836
445322.00000 4368118.00000 -108.6406
445322.00000 4368122.00000 -108.8687
445322.00000 4368126.00000 -109.2496
445322.00000 4368130.00000 -115.7500
445322.00000 4368134.00000 -115.9618
445322.00000 4368138.00000 -116.3995
445322.00000 4368142.00000 -116.9739
445322.00000 4368146.00000 -117.6032
445322.00000 4368150.00000 -118.2336
445322.00000 4368154.00000 -118.3243
445322.00000 4368158.00000 -117.8825
445322.00000 4368162.00000 -117.6698
445322.00000 4368166.00000 -117.6971
445322.00000 4368170.00000 -117.9124
445322.00000 4368174.00000 -118.2580
445322.00000 4368178.00000 -113.8135
445322.00000 4368182.00000 -113.3197
445322.00000 4368186.00000 N.C.
445322.00000 4368190.00000 -119.5511
445322.00000 4368194.00000 -114.5335
445322.00000 4368198.00000 -113.4526
445322.00000 4368202.00000 -113.2287
445322.00000 4368206.00000 -113.2206
445322.00000 4368210.00000 -113.4165
445322.00000 4368214.00000 -117.6572
445322.00000 4368218.00000 -110.2820
445322.00000 4368222.00000 -110.3871
445322.00000 4368226.00000 -110.6025
445322.00000 4368230.00000 -110.9019
445322.00000 4368234.00000 -111.2569
445322.00000 4368238.00000 -111.6449
445322.00000 4368242.00000 -112.0499
445322.00000 4368246.00000 -112.4616
445322.00000 4368250.00000 N.C.
445322.00000 4368254.00000 -117.7363
445322.00000 4368258.00000 N.C.
445322.00000 4368262.00000 N.C.
445322.00000 4368266.00000 N.C.
445322.00000 4368270.00000 -122.1660
445322.00000 4368274.00000 N.C.
445322.00000 4368278.00000 N.C.
445322.00000 4368282.00000 -122.4645
445322.00000 4368286.00000 -121.4989
445322.00000 4368290.00000 -120.6722
445322.00000 4368294.00000 N.C.
445322.00000 4368298.00000 -123.8111
445322.00000 4368302.00000 -121.6309
445322.00000 4368306.00000 -114.4671
445322.00000 4368310.00000 -114.7043
445322.00000 4368314.00000 N.C.
445322.00000 4368318.00000 N.C.
445322.00000 4368322.00000 -125.5519
445322.00000 4368326.00000 -126.0418
445322.00000 4368330.00000 -122.2402
445322.00000 4368334.00000 -116.3846
445322.00000 4368338.00000 -116.6658
445322.00000 4368342.00000 -116.8992
445322.00000 4368346.00000 -117.2334
445322.00000 4368350.00000 -117.5329
445322.00000 4368354.00000 -117.8121
445322.00000 4368358.00000 -118.0858
445322.00000 4368362.00000 -118.3239
445322.00000 4368366.00000 -123.9639
445322.00000 4368370.00000 -124.1372
445322.00000 4368374.00000 N.C.
445322.00000 4368378.00000 N.C.
445322.00000 4368382.00000 -124.2072
445322.00000 4368386.00000 -132.3532
445322.00000 4368390.00000 -131.6065
445322.00000 4368394.00000 -124.1326
445326.00000 4367886.00000 -105.2469
445326.00000 4367890.00000 -105.1479
445326.00000 4367894.00000 -105.0180
445326.00000 4367898.00000 -104.8721
445326.00000 4367902.00000 -104.7253
445326.00000 4367906.00000 -104.5625
445326.00000 4367910.00000 -104.4287
445326.00000 4367914.00000 -104.2791
445326.00000 4367918.00000 -104.1435
445326.00000 4367922.00000 -103.9920
445326.00000 4367926.00000 -103.8546
445326.00000 4367930.00000 -103.7014
445326.00000 4367934.00000 -103.5323
445326.00000 4367938.00000 -103.3624
445326.00000 4367942.00000 -103.2218
445326.00000 4367946.00000 -103.0654
445326.00000 4367950.00000 -102.9083
445326.00000 4367954.00000 -102.7505
445326.00000 4367958.00000 -102.5922
445326.00000 4367962.00000 -102.4483
445326.00000 4367966.00000 -102.3039
445326.00000 4367970.00000 -102.1590
445326.00000 4367974.00000 -102.0138
445326.00000 4367978.00000 -101.8684
445326.00000 4367982.00000 -101.7227
445326.00000 4367986.00000 -101.5769
445326.00000 4367990.00000 -101.4312
445326.00000 4367994.00000 -101.2855
445326.00000 4367998.00000 -101.1551
445326.00000 4368002.00000 -101.0100
445326.00000 4368006.00000 -100.8954
445326.00000 4368010.00000 -100.7514
445326.00000 4368014.00000 -100.6233
445326.00000 4368018.00000 -100.4811
445326.00000 4368022.00000 -100.3551
445326.00000 4368026.00000 -100.2004
445326.00000 4368030.00000 -100.0772
445326.00000 4368034.00000 -99.9408
445326.00000 4368038.00000 -99.8064
445326.00000 4368042.00000 -99.6742
445326.00000 4368046.00000 -99.5295
445326.00000 4368050.00000 -99.4025
445326.00000 4368054.00000 -99.2786
445326.00000 4368058.00000 -99.1579
445326.00000 4368062.00000 -99.0258
445326.00000 4368066.00000 -98.9275
445326.00000 4368070.00000 -109.3797
445326.00000 4368074.00000 -111.6441
445326.00000 4368078.00000 -110.7924
445326.00000 4368082.00000 -110.8391
445326.00000 4368086.00000 -110.9393
445326.00000 4368090.00000 -111.0901
445326.00000 4368094.00000 -111.2873
445326.00000 4368098.00000 -111.5267
445326.00000 4368102.00000 -111.8032
445326.00000 4368106.00000 -112.1126
445326.00000 4368110.00000 -112.4805
445326.00000 4368114.00000 -108.6796
445326.00000 4368118.00000 -108.8513
445326.00000 4368122.00000 -109.0814
445326.00000 4368126.00000 N.C.
445326.00000 4368130.00000 N.C.
445326.00000 4368134.00000 N.C.
445326.00000 4368138.00000 N.C.
445326.00000 4368142.00000 N.C.
445326.00000 4368146.00000 -116.6767
445326.00000 4368150.00000 -117.3407
445326.00000 4368154.00000 -117.9978
445326.00000 4368158.00000 -118.6189
445326.00000 4368162.00000 -116.3597
445326.00000 4368166.00000 -116.4271
445326.00000 4368170.00000 -116.7055
445326.00000 4368174.00000 -117.1134
445326.00000 4368178.00000 -113.5394
445326.00000 4368182.00000 N.C.
445326.00000 4368186.00000 N.C.
445326.00000 4368190.00000 -114.7908
445326.00000 4368194.00000 -114.1420
445326.00000 4368198.00000 -113.2160
445326.00000 4368202.00000 -112.9491
445326.00000 4368206.00000 -112.8865
445326.00000 4368210.00000 -113.0320
445326.00000 4368214.00000 -113.3224
445326.00000 4368218.00000 -110.4380
445326.00000 4368222.00000 -110.4786
445326.00000 4368226.00000 -110.6335
445326.00000 4368230.00000 -110.8839
445326.00000 4368234.00000 -111.2024
445326.00000 4368238.00000 -111.5641
445326.00000 4368242.00000 -111.9501
445326.00000 4368246.00000 -112.3480
445326.00000 4368250.00000 N.C.
445326.00000 4368254.00000 N.C.
445326.00000 4368258.00000 N.C.
445326.00000 4368262.00000 N.C.
445326.00000 4368266.00000 N.C.
445326.00000 4368270.00000 -122.2678
445326.00000 4368274.00000 N.C.
445326.00000 4368278.00000 -122.5662
445326.00000 4368282.00000 -122.5898
445326.00000 4368286.00000 -120.4568
445326.00000 4368290.00000 -119.6802
445326.00000 4368294.00000 -119.1558
445326.00000 4368298.00000 N.C.
445326.00000 4368302.00000 -118.7302
445326.00000 4368306.00000 -121.9342
445326.00000 4368310.00000 -119.8407
445326.00000 4368314.00000 N.C.
445326.00000 4368318.00000 N.C.
445326.00000 4368322.00000 -125.2605
445326.00000 4368326.00000 -125.6721
445326.00000 4368330.00000 -124.9316
445326.00000 4368334.00000 -122.5166
445326.00000 4368338.00000 -122.3976
445326.00000 4368342.00000 -116.7171
445326.00000 4368346.00000 N.C.
445326.00000 4368350.00000 -123.6017
445326.00000 4368354.00000 -123.5782
445326.00000 4368358.00000 -117.7643
445326.00000 4368362.00000 -118.1114
445326.00000 4368366.00000 -118.3631
445326.00000 4368370.00000 -118.5944
445326.00000 4368374.00000 N.C.
445326.00000 4368378.00000 N.C.
445326.00000 4368382.00000 N.C.
445326.00000 4368386.00000 -130.7751
445326.00000 4368390.00000 -128.9247
445326.00000 4368394.00000 -123.9600
445330.00000 4367886.00000 -105.3232
445330.00000 4367890.00000 -105.2111
445330.00000 4367894.00000 -105.0830
445330.00000 4367898.00000 -104.9391
445330.00000 4367902.00000 -104.7942
445330.00000 4367906.00000 -104.6335
445330.00000 4367910.00000 -104.5019
445330.00000 4367914.00000 -104.3544
445330.00000 4367918.00000 -104.2061
445330.00000 4367922.00000 -104.0719
445330.00000 4367926.00000 -103.9220
445330.00000 4367930.00000 -103.7562
445330.00000 4367934.00000 -103.6047
445330.00000 4367938.00000 -103.4675
445330.00000 4367942.00000 -103.3146
445330.00000 4367946.00000 -103.1460
445330.00000 4367950.00000 -102.9918
445330.00000 4367954.00000 -102.8521
445330.00000 4367958.00000 -102.7118
445330.00000 4367962.00000 -102.5711
445330.00000 4367966.00000 -102.4299
445330.00000 4367970.00000 -102.2885
445330.00000 4367974.00000 -102.1467
445330.00000 4367978.00000 -102.0048
445330.00000 4367982.00000 -101.8628
445330.00000 4367986.00000 -101.7208
445330.00000 4367990.00000 -101.5789
445330.00000 4367994.00000 -101.4522
445330.00000 4367998.00000 -101.3108
445330.00000 4368002.00000 -101.1999
445330.00000 4368006.00000 -101.0595
445330.00000 4368010.00000 -100.9349
445330.00000 4368014.00000 -100.7962
445330.00000 4368018.00000 -100.6736
445330.00000 4368022.00000 -100.5221
445330.00000 4368026.00000 -100.4021
445330.00000 4368030.00000 -100.2686
445330.00000 4368034.00000 -100.1370
445330.00000 4368038.00000 -100.0075
445330.00000 4368042.00000 -99.8651
445330.00000 4368046.00000 -99.7403
445330.00000 4368050.00000 -99.6182
445330.00000 4368054.00000 -99.4991
445330.00000 4368058.00000 -99.3833
445330.00000 4368062.00000 -99.2560
445330.00000 4368066.00000 -99.1775
445330.00000 4368070.00000 -110.1042
445330.00000 4368074.00000 -111.9406
445330.00000 4368078.00000 -111.1133
445330.00000 4368082.00000 -111.1715
445330.00000 4368086.00000 -111.2780
445330.00000 4368090.00000 -111.4301
445330.00000 4368094.00000 -111.6241
445330.00000 4368098.00000 -111.8560
445330.00000 4368102.00000 -112.1219
445330.00000 4368106.00000 -112.4178
445330.00000 4368110.00000 -108.7833
445330.00000 4368114.00000 -108.8854
445330.00000 4368118.00000 -109.0550
445330.00000 4368122.00000 -109.3012
445330.00000 4368126.00000 N.C.
445330.00000 4368130.00000 N.C.
445330.00000 4368134.00000 N.C.
445330.00000 4368138.00000 N.C.
445330.00000 4368142.00000 N.C.
445330.00000 4368146.00000 N.C.
445330.00000 4368150.00000 N.C.
445330.00000 4368154.00000 N.C.
445330.00000 4368158.00000 N.C.
445330.00000 4368162.00000 N.C.
445330.00000 4368166.00000 N.C.
445330.00000 4368170.00000 N.C.
445330.00000 4368174.00000 -114.0469
445330.00000 4368178.00000 -113.3835
445330.00000 4368182.00000 N.C.
445330.00000 4368186.00000 N.C.
445330.00000 4368190.00000 -114.5433
445330.00000 4368194.00000 -113.9070
445330.00000 4368198.00000 -113.1159
445330.00000 4368202.00000 -112.7950
445330.00000 4368206.00000 -112.6907
445330.00000 4368210.00000 -112.7629
445330.00000 4368214.00000 -113.0055
445330.00000 4368218.00000 -117.7728
445330.00000 4368222.00000 -110.6163
445330.00000 4368226.00000 -110.7090
445330.00000 4368230.00000 -110.9050
445330.00000 4368234.00000 -111.1820
445330.00000 4368238.00000 -111.5131
445330.00000 4368242.00000 -111.8772
445330.00000 4368246.00000 -112.2737
445330.00000 4368250.00000 N.C.
445330.00000 4368254.00000 -121.6575
445330.00000 4368258.00000 N.C.
445330.00000 4368262.00000 N.C.
445330.00000 4368266.00000 -122.2037
445330.00000 4368270.00000 N.C.
445330.00000 4368274.00000 N.C.
445330.00000 4368278.00000 -122.6353
445330.00000 4368282.00000 -121.6313
445330.00000 4368286.00000 -119.7050
445330.00000 4368290.00000 N.C.
445330.00000 4368294.00000 -118.4435
445330.00000 4368298.00000 -123.7452
445330.00000 4368302.00000 N.C.
445330.00000 4368306.00000 N.C.
445330.00000 4368310.00000 N.C.
445330.00000 4368314.00000 N.C.
445330.00000 4368318.00000 N.C.
445330.00000 4368322.00000 -124.9444
445330.00000 4368326.00000 -124.7212
445330.00000 4368330.00000 -122.7615
445330.00000 4368334.00000 -122.5599
445330.00000 4368338.00000 -122.7868
445330.00000 4368342.00000 -122.6646
445330.00000 4368346.00000 N.C.
445330.00000 4368350.00000 -123.6167
445330.00000 4368354.00000 -117.3885
445330.00000 4368358.00000 -117.6080
445330.00000 4368362.00000 N.C.
445330.00000 4368366.00000 N.C.
445330.00000 4368370.00000 N.C.
445330.00000 4368374.00000 N.C.
445330.00000 4368378.00000 N.C.
445330.00000 4368382.00000 N.C.
445330.00000 4368386.00000 -128.4178
445330.00000 4368390.00000 -123.3154
445330.00000 4368394.00000 -122.9673
445334.00000 4367886.00000 -105.4005
445334.00000 4367890.00000 -105.2751
445334.00000 4367894.00000 -105.1190
445334.00000 4367898.00000 -104.9920
445334.00000 4367902.00000 -104.8491
445334.00000 4367906.00000 -104.7204
445334.00000 4367910.00000 -104.5760
445334.00000 4367914.00000 -104.4457
445334.00000 4367918.00000 -104.2996
445334.00000 4367922.00000 -104.1528
445334.00000 4367926.00000 -103.9902
445334.00000 4367930.00000 -103.8419
445334.00000 4367934.00000 -103.7079
445334.00000 4367938.00000 -103.5433
445334.00000 4367942.00000 -103.3931
445334.00000 4367946.00000 -103.2423
445334.00000 4367950.00000 -103.1060
445334.00000 4367954.00000 -102.9692
445334.00000 4367958.00000 -102.8319
445334.00000 4367962.00000 -102.6943
445334.00000 4367966.00000 -102.5564
445334.00000 4367970.00000 -102.4182
445334.00000 4367974.00000 -102.2799
445334.00000 4367978.00000 -102.1414
445334.00000 4367982.00000 -102.0030
445334.00000 4367986.00000 -101.8647
445334.00000 4367990.00000 -101.7415
445334.00000 4367994.00000 -101.6037
445334.00000 4367998.00000 -101.4962
445334.00000 4368002.00000 -101.3593
445334.00000 4368006.00000 -101.2381
445334.00000 4368010.00000 -101.1027
445334.00000 4368014.00000 -100.9832
445334.00000 4368018.00000 -100.8499
445334.00000 4368022.00000 -100.7179
445334.00000 4368026.00000 -100.5873
445334.00000 4368030.00000 -100.4584
445334.00000 4368034.00000 -100.3314
445334.00000 4368038.00000 -100.2064
445334.00000 4368042.00000 -100.0687
445334.00000 4368046.00000 -99.9486
445334.00000 4368050.00000 -99.8311
445334.00000 4368054.00000 -99.7167
445334.00000 4368058.00000 -99.5904
445334.00000 4368062.00000 -99.4977
445334.00000 4368066.00000 -109.8151
445334.00000 4368070.00000 -110.7134
445334.00000 4368074.00000 -112.2300
445334.00000 4368078.00000 -111.4294
445334.00000 4368082.00000 -111.4968
445334.00000 4368086.00000 -111.6081
445334.00000 4368090.00000 -111.7605
445334.00000 4368094.00000 -111.9511
445334.00000 4368098.00000 -112.1762
445334.00000 4368102.00000 -112.4320
445334.00000 4368106.00000 -109.0639
445334.00000 4368110.00000 -108.9752
445334.00000 4368114.00000 -109.0989
445334.00000 4368118.00000 -109.2497
445334.00000 4368122.00000 -109.5261
445334.00000 4368126.00000 N.C.
445334.00000 4368130.00000 N.C.
445334.00000 4368134.00000 N.C.
445334.00000 4368138.00000 N.C.
445334.00000 4368142.00000 N.C.
445334.00000 4368146.00000 N.C.
445334.00000 4368150.00000 N.C.
445334.00000 4368154.00000 N.C.
445334.00000 4368158.00000 N.C.
445334.00000 4368162.00000 N.C.
445334.00000 4368166.00000 N.C.
445334.00000 4368170.00000 N.C.
445334.00000 4368174.00000 -113.9516
445334.00000 4368178.00000 -113.3159
445334.00000 4368182.00000 N.C.
445334.00000 4368186.00000 -120.3935
445334.00000 4368190.00000 -114.4098
445334.00000 4368194.00000 -113.5865
445334.00000 4368198.00000 -113.0925
445334.00000 4368202.00000 -112.7392
445334.00000 4368206.00000 -112.5814
445334.00000 4368210.00000 -112.5927
445334.00000 4368214.00000 -112.7800
445334.00000 4368218.00000 -113.0881
445334.00000 4368222.00000 -110.7948
445334.00000 4368226.00000 -110.8273
445334.00000 4368230.00000 -110.9655
445334.00000 4368234.00000 -111.1950
445334.00000 4368238.00000 -111.4911
445334.00000 4368242.00000 -111.8447
445334.00000 4368246.00000 -116.4319
445334.00000 4368250.00000 N.C.
445334.00000 4368254.00000 -121.8270
445334.00000 4368258.00000 N.C.
445334.00000 4368262.00000 N.C.
445334.00000 4368266.00000 -122.3160
445334.00000 4368270.00000 N.C.
445334.00000 4368274.00000 N.C.
445334.00000 4368278.00000 -122.0267
445334.00000 4368282.00000 -120.8217
445334.00000 4368286.00000 -119.2330
445334.00000 4368290.00000 -118.4537
445334.00000 4368294.00000 -117.9469
445334.00000 4368298.00000 -123.7558
445334.00000 4368302.00000 N.C.
445334.00000 4368306.00000 N.C.
445334.00000 4368310.00000 -123.5057
445334.00000 4368314.00000 -123.7277
445334.00000 4368318.00000 -127.4304
445334.00000 4368322.00000 -124.6274
445334.00000 4368326.00000 -122.8440
445334.00000 4368330.00000 -121.5049
445334.00000 4368334.00000 -121.4010
445334.00000 4368338.00000 -121.3741
445334.00000 4368342.00000 -123.0512
445334.00000 4368346.00000 N.C.
445334.00000 4368350.00000 N.C.
445334.00000 4368354.00000 N.C.
445334.00000 4368358.00000 N.C.
445334.00000 4368362.00000 -123.6704
445334.00000 4368366.00000 N.C.
445334.00000 4368370.00000 -126.0745
445334.00000 4368374.00000 N.C.
445334.00000 4368378.00000 N.C.
445334.00000 4368382.00000 N.C.
445334.00000 4368386.00000 -127.6362
445334.00000 4368390.00000 -122.3186
445334.00000 4368394.00000 -122.0381
445338.00000 4367886.00000 -105.4786
445338.00000 4367890.00000 -105.3401
445338.00000 4367894.00000 -105.1858
445338.00000 4367898.00000 -105.0607
445338.00000 4367902.00000 -104.9199
445338.00000 4367906.00000 -104.7932
445338.00000 4367910.00000 -104.6508
445338.00000 4367914.00000 -104.5077
445338.00000 4367918.00000 -104.3639
445338.00000 4367922.00000 -104.2043
445338.00000 4367926.00000 -104.0741
445338.00000 4367930.00000 -103.9283
445338.00000 4367934.00000 -103.7818
445338.00000 4367938.00000 -103.6348
445338.00000 4367942.00000 -103.4872
445338.00000 4367946.00000 -103.3542
445338.00000 4367950.00000 -103.2207
445338.00000 4367954.00000 -103.0867
445338.00000 4367958.00000 -102.9525
445338.00000 4367962.00000 -102.8179
445338.00000 4367966.00000 -102.6831
445338.00000 4367970.00000 -102.5482
445338.00000 4367974.00000 -102.4132
445338.00000 4367978.00000 -102.2781
445338.00000 4367982.00000 -102.1432
445338.00000 4367986.00000 -102.0234
445338.00000 4367990.00000 -101.8889
445338.00000 4367994.00000 -101.7698
445338.00000 4367998.00000 -101.6512
445338.00000 4368002.00000 -101.5182
445338.00000 4368006.00000 -101.4010
445338.00000 4368010.00000 -101.2696
445338.00000 4368014.00000 -101.1543
445338.00000 4368018.00000 -101.0101
445338.00000 4368022.00000 -100.8974
445338.00000 4368026.00000 -100.7711
445338.00000 4368030.00000 -100.6465
445338.00000 4368034.00000 -100.5239
445338.00000 4368038.00000 -100.3883
445338.00000 4368042.00000 -100.2700
445338.00000 4368046.00000 -100.1543
445338.00000 4368050.00000 -100.0413
445338.00000 4368054.00000 -99.9312
445338.00000 4368058.00000 -99.8093
445338.00000 4368062.00000 -99.7359
445338.00000 4368066.00000 -110.2900
445338.00000 4368070.00000 -111.2273
445338.00000 4368074.00000 -112.5127
445338.00000 4368078.00000 -111.7401
445338.00000 4368082.00000 -111.8150
445338.00000 4368086.00000 -111.9299
445338.00000 4368090.00000 -112.0822
445338.00000 4368094.00000 -112.2691
445338.00000 4368098.00000 -112.4874
445338.00000 4368102.00000 -109.4385
445338.00000 4368106.00000 -109.2382
445338.00000 4368110.00000 -109.1747
445338.00000 4368114.00000 -109.3184
445338.00000 4368118.00000 -109.4637
445338.00000 4368122.00000 -109.7995
445338.00000 4368126.00000 N.C.
445338.00000 4368130.00000 N.C.
445338.00000 4368134.00000 N.C.
445338.00000 4368138.00000 N.C.
445338.00000 4368142.00000 N.C.
445338.00000 4368146.00000 N.C.
445338.00000 4368150.00000 N.C.
445338.00000 4368154.00000 N.C.
445338.00000 4368158.00000 N.C.
445338.00000 4368162.00000 N.C.
445338.00000 4368166.00000 N.C.
445338.00000 4368170.00000 N.C.
445338.00000 4368174.00000 -113.9226
445338.00000 4368178.00000 -113.3139
445338.00000 4368182.00000 N.C.
445338.00000 4368186.00000 -120.7029
445338.00000 4368190.00000 -114.3607
445338.00000 4368194.00000 -113.6312
445338.00000 4368198.00000 -113.1376
445338.00000 4368202.00000 -112.7596
445338.00000 4368206.00000 -112.5545
445338.00000 4368210.00000 -112.5210
445338.00000 4368214.00000 -112.6344
445338.00000 4368218.00000 -112.8936
445338.00000 4368222.00000 -113.2441
445338.00000 4368226.00000 -110.9854
445338.00000 4368230.00000 -111.0648
445338.00000 4368234.00000 -111.2420
445338.00000 4368238.00000 -111.4977
445338.00000 4368242.00000 -111.8069
445338.00000 4368246.00000 N.C.
445338.00000 4368250.00000 N.C.
445338.00000 4368254.00000 N.C.
445338.00000 4368258.00000 N.C.
445338.00000 4368262.00000 N.C.
445338.00000 4368266.00000 N.C.
445338.00000 4368270.00000 N.C.
445338.00000 4368274.00000 N.C.
445338.00000 4368278.00000 -121.4144
445338.00000 4368282.00000 -120.2780
445338.00000 4368286.00000 -118.9626
445338.00000 4368290.00000 N.C.
445338.00000 4368294.00000 N.C.
445338.00000 4368298.00000 N.C.
445338.00000 4368302.00000 N.C.
445338.00000 4368306.00000 N.C.
445338.00000 4368310.00000 -123.6241
445338.00000 4368314.00000 -122.3233
445338.00000 4368318.00000 N.C.
445338.00000 4368322.00000 -120.8713
445338.00000 4368326.00000 -120.5725
445338.00000 4368330.00000 -120.4433
445338.00000 4368334.00000 -120.4237
445338.00000 4368338.00000 -120.4735
445338.00000 4368342.00000 -120.5676
445338.00000 4368346.00000 -120.6895
445338.00000 4368350.00000 -120.8295
445338.00000 4368354.00000 -120.9807
445338.00000 4368358.00000 -121.1387
445338.00000 4368362.00000 -121.3008
445338.00000 4368366.00000 -121.4651
445338.00000 4368370.00000 -121.6302
445338.00000 4368374.00000 -125.3289
445338.00000 4368378.00000 N.C.
445338.00000 4368382.00000 N.C.
445338.00000 4368386.00000 -127.4431
445338.00000 4368390.00000 -121.5642
445338.00000 4368394.00000 -121.2728
445342.00000 4367886.00000 -105.5276
445342.00000 4367890.00000 -105.3909
445342.00000 4367894.00000 -105.2685
445342.00000 4367898.00000 -105.1303
445342.00000 4367902.00000 -104.9914
445342.00000 4367906.00000 -104.8668
445342.00000 4367910.00000 -104.7265
445342.00000 4367914.00000 -104.5705
445342.00000 4367918.00000 -104.4289
445342.00000 4367922.00000 -104.3016
445342.00000 4367926.00000 -104.1588
445342.00000 4367930.00000 -104.0153
445342.00000 4367934.00000 -103.8714
445342.00000 4367938.00000 -103.7269
445342.00000 4367942.00000 -103.5969
445342.00000 4367946.00000 -103.4666
445342.00000 4367950.00000 -103.3358
445342.00000 4367954.00000 -103.2047
445342.00000 4367958.00000 -103.0734
445342.00000 4367962.00000 -102.9418
445342.00000 4367966.00000 -102.8101
445342.00000 4367970.00000 -102.6783
445342.00000 4367974.00000 -102.5466
445342.00000 4367978.00000 -102.4148
445342.00000 4367982.00000 -102.2983
445342.00000 4367986.00000 -102.1670
445342.00000 4367990.00000 -102.0511
445342.00000 4367994.00000 -101.9356
445342.00000 4367998.00000 -101.8057
445342.00000 4368002.00000 -101.6915
445342.00000 4368006.00000 -101.5630
445342.00000 4368010.00000 -101.4506
445342.00000 4368014.00000 -101.3092
445342.00000 4368018.00000 -101.1991
445342.00000 4368022.00000 -101.0754
445342.00000 4368026.00000 -100.9533
445342.00000 4368030.00000 -100.8329
445342.00000 4368034.00000 -100.6994
445342.00000 4368038.00000 -100.5830
445342.00000 4368042.00000 -100.4690
445342.00000 4368046.00000 -100.3574
445342.00000 4368050.00000 -100.2486
445342.00000 4368054.00000 -100.1277
445342.00000 4368058.00000 -100.0249
445342.00000 4368062.00000 -110.3902
445342.00000 4368066.00000 -110.7849
445342.00000 4368070.00000 -111.6756
445342.00000 4368074.00000 -112.7890
445342.00000 4368078.00000 -112.0453
445342.00000 4368082.00000 -112.1262
445342.00000 4368086.00000 -112.2436
445342.00000 4368090.00000 -112.3951
445342.00000 4368094.00000 -110.2182
445342.00000 4368098.00000 -109.8748
445342.00000 4368102.00000 -109.5959
445342.00000 4368106.00000 -109.4193
445342.00000 4368110.00000 -109.3954
445342.00000 4368114.00000 -109.5425
445342.00000 4368118.00000 -109.6959
445342.00000 4368122.00000 N.C.
445342.00000 4368126.00000 N.C.
445342.00000 4368130.00000 N.C.
445342.00000 4368134.00000 N.C.
445342.00000 4368138.00000 N.C.
445342.00000 4368142.00000 N.C.
445342.00000 4368146.00000 N.C.
445342.00000 4368150.00000 N.C.
445342.00000 4368154.00000 N.C.
445342.00000 4368158.00000 N.C.
445342.00000 4368162.00000 N.C.
445342.00000 4368166.00000 N.C.
445342.00000 4368170.00000 N.C.
445342.00000 4368174.00000 -113.9440
445342.00000 4368178.00000 -113.3616
445342.00000 4368182.00000 N.C.
445342.00000 4368186.00000 -120.9875
445342.00000 4368190.00000 -114.3740
445342.00000 4368194.00000 -113.7223
445342.00000 4368198.00000 -113.2334
445342.00000 4368202.00000 -112.8383
445342.00000 4368206.00000 -112.5940
445342.00000 4368210.00000 -112.5049
445342.00000 4368214.00000 -112.5585
445342.00000 4368218.00000 -112.7643
445342.00000 4368222.00000 -113.0731
445342.00000 4368226.00000 -111.1789
445342.00000 4368230.00000 -111.2018
445342.00000 4368234.00000 -111.3235
445342.00000 4368238.00000 -111.5333
445342.00000 4368242.00000 -111.8085
445342.00000 4368246.00000 N.C.
445342.00000 4368250.00000 N.C.
445342.00000 4368254.00000 N.C.
445342.00000 4368258.00000 N.C.
445342.00000 4368262.00000 N.C.
445342.00000 4368266.00000 N.C.
445342.00000 4368270.00000 N.C.
445342.00000 4368274.00000 N.C.
445342.00000 4368278.00000 -121.0122
445342.00000 4368282.00000 -119.7518
445342.00000 4368286.00000 -118.8523
445342.00000 4368290.00000 N.C.
445342.00000 4368294.00000 N.C.
445342.00000 4368298.00000 N.C.
445342.00000 4368302.00000 N.C.
445342.00000 4368306.00000 N.C.
445342.00000 4368310.00000 -123.7286
445342.00000 4368314.00000 -121.2388
445342.00000 4368318.00000 N.C.
445342.00000 4368322.00000 -119.9179
445342.00000 4368326.00000 -119.6559
445342.00000 4368330.00000 -119.5444
445342.00000 4368334.00000 -119.5486
445342.00000 4368338.00000 -119.6389
445342.00000 4368342.00000 -119.7870
445342.00000 4368346.00000 -119.9599
445342.00000 4368350.00000 -120.1467
445342.00000 4368354.00000 -120.3405
445342.00000 4368358.00000 -120.5371
445342.00000 4368362.00000 -120.7342
445342.00000 4368366.00000 -120.9302
445342.00000 4368370.00000 -121.1239
445342.00000 4368374.00000 -121.3150
445342.00000 4368378.00000 -121.5031
445342.00000 4368382.00000 -121.6881
445342.00000 4368386.00000 -121.8699
445342.00000 4368390.00000 -122.0486
445342.00000 4368394.00000 -122.2241
445346.00000 4367886.00000 -105.5924
445346.00000 4367890.00000 -105.4725
445346.00000 4367894.00000 -105.3369
445346.00000 4367898.00000 -105.2157
445346.00000 4367902.00000 -105.0787
445346.00000 4367906.00000 -104.9411
445346.00000 4367910.00000 -104.7729
445346.00000 4367914.00000 -104.6490
445346.00000 4367918.00000 -104.5246
445346.00000 4367922.00000 -104.3846
445346.00000 4367926.00000 -104.2290
445346.00000 4367930.00000 -104.0880
445346.00000 4367934.00000 -103.9614
445346.00000 4367938.00000 -103.8344
445346.00000 4367942.00000 -103.7071
445346.00000 4367946.00000 -103.5794
445346.00000 4367950.00000 -103.4513
445346.00000 4367954.00000 -103.3230
445346.00000 4367958.00000 -103.1946
445346.00000 4367962.00000 -103.0659
445346.00000 4367966.00000 -102.9373
445346.00000 4367970.00000 -102.8086
445346.00000 4367974.00000 -102.6799
445346.00000 4367978.00000 -102.5665
445346.00000 4367982.00000 -102.4382
445346.00000 4367986.00000 -102.3253
445346.00000 4367990.00000 -102.2128
445346.00000 4367994.00000 -102.0859
445346.00000 4367998.00000 -101.9745
445346.00000 4368002.00000 -101.8490
445346.00000 4368006.00000 -101.7393
445346.00000 4368010.00000 -101.6006
445346.00000 4368014.00000 -101.4931
445346.00000 4368018.00000 -101.3718
445346.00000 4368022.00000 -101.2520
445346.00000 4368026.00000 -101.1339
445346.00000 4368030.00000 -101.0174
445346.00000 4368034.00000 -100.8880
445346.00000 4368038.00000 -100.7756
445346.00000 4368042.00000 -100.6656
445346.00000 4368046.00000 -100.5580
445346.00000 4368050.00000 -100.4532
445346.00000 4368054.00000 -100.3362
445346.00000 4368058.00000 -100.2674
445346.00000 4368062.00000 -110.7404
445346.00000 4368066.00000 -111.2523
445346.00000 4368070.00000 -112.0781
445346.00000 4368074.00000 -113.0591
445346.00000 4368078.00000 -112.3448
445346.00000 4368082.00000 -112.4305
445346.00000 4368086.00000 -111.0968
445346.00000 4368090.00000 -110.7088
445346.00000 4368094.00000 -110.3438
445346.00000 4368098.00000 -110.0181
445346.00000 4368102.00000 -109.7595
445346.00000 4368106.00000 -109.6064
445346.00000 4368110.00000 -109.6359
445346.00000 4368114.00000 -109.7697
445346.00000 4368118.00000 -109.9297
445346.00000 4368122.00000 N.C.
445346.00000 4368126.00000 N.C.
445346.00000 4368130.00000 N.C.
445346.00000 4368134.00000 N.C.
445346.00000 4368138.00000 N.C.
445346.00000 4368142.00000 N.C.
445346.00000 4368146.00000 N.C.
445346.00000 4368150.00000 N.C.
445346.00000 4368154.00000 N.C.
445346.00000 4368158.00000 N.C.
445346.00000 4368162.00000 N.C.
445346.00000 4368166.00000 N.C.
445346.00000 4368170.00000 N.C.
445346.00000 4368174.00000 -114.0036
445346.00000 4368178.00000 -113.4463
445346.00000 4368182.00000 N.C.
445346.00000 4368186.00000 -121.2525
445346.00000 4368190.00000 -114.4335
445346.00000 4368194.00000 -113.8474
445346.00000 4368198.00000 -113.3667
445346.00000 4368202.00000 -112.9763
445346.00000 4368206.00000 -112.6857
445346.00000 4368210.00000 -112.5475
445346.00000 4368214.00000 -112.5579
445346.00000 4368218.00000 -112.6931
445346.00000 4368222.00000 -112.9558
445346.00000 4368226.00000 -113.2970
445346.00000 4368230.00000 -111.3742
445346.00000 4368234.00000 -111.4399
445346.00000 4368238.00000 -111.5991
445346.00000 4368242.00000 N.C.
445346.00000 4368246.00000 N.C.
445346.00000 4368250.00000 -122.3703
445346.00000 4368254.00000 N.C.
445346.00000 4368258.00000 N.C.
445346.00000 4368262.00000 -122.7575
445346.00000 4368266.00000 N.C.
445346.00000 4368270.00000 N.C.
445346.00000 4368274.00000 -121.8133
445346.00000 4368278.00000 -120.7678
445346.00000 4368282.00000 -119.7024
445346.00000 4368286.00000 -118.8534
445346.00000 4368290.00000 -123.5598
445346.00000 4368294.00000 N.C.
445346.00000 4368298.00000 N.C.
445346.00000 4368302.00000 -123.5760
445346.00000 4368306.00000 -123.7048
445346.00000 4368310.00000 -123.9390
445346.00000 4368314.00000 -122.6922
445346.00000 4368318.00000 -119.6551
445346.00000 4368322.00000 -119.1429
445346.00000 4368326.00000 -118.8852
445346.00000 4368330.00000 -118.7967
445346.00000 4368334.00000 -118.8426
445346.00000 4368338.00000 -118.9579
445346.00000 4368342.00000 -119.1231
445346.00000 4368346.00000 -119.3163
445346.00000 4368350.00000 -119.5237
445346.00000 4368354.00000 -119.7368
445346.00000 4368358.00000 -119.9661
445346.00000 4368362.00000 -120.1936
445346.00000 4368366.00000 -120.4176
445346.00000 4368370.00000 -120.6371
445346.00000 4368374.00000 -120.8520
445346.00000 4368378.00000 -121.0619
445346.00000 4368382.00000 -121.2669
445346.00000 4368386.00000 -121.4670
445346.00000 4368390.00000 -121.6627
445346.00000 4368394.00000 -121.8540
445350.00000 4367886.00000 -105.6430
445350.00000 4367890.00000 -105.5248
445350.00000 4367894.00000 -105.4061
445350.00000 4367898.00000 -105.2717
445350.00000 4367902.00000 -105.1367
445350.00000 4367906.00000 -104.9861
445350.00000 4367910.00000 -104.8649
445350.00000 4367914.00000 -104.7281
445350.00000 4367918.00000 -104.5909
445350.00000 4367922.00000 -104.4531
445350.00000 4367926.00000 -104.3148
445350.00000 4367930.00000 -104.1911
445350.00000 4367934.00000 -104.0670
445350.00000 4367938.00000 -103.9425
445350.00000 4367942.00000 -103.8176
445350.00000 4367946.00000 -103.6925
445350.00000 4367950.00000 -103.5672
445350.00000 4367954.00000 -103.4416
445350.00000 4367958.00000 -103.3160
445350.00000 4367962.00000 -103.1902
445350.00000 4367966.00000 -103.0645
445350.00000 4367970.00000 -102.9388
445350.00000 4367974.00000 -102.8282
445350.00000 4367978.00000 -102.7029
445350.00000 4367982.00000 -102.5779
445350.00000 4367986.00000 -102.4833
445350.00000 4367990.00000 -102.3591
445350.00000 4367994.00000 -102.2506
445350.00000 4367998.00000 -102.1277
445350.00000 4368002.00000 -102.0207
445350.00000 4368006.00000 -101.8996
445350.00000 4368010.00000 -101.7796
445350.00000 4368014.00000 -101.6607
445350.00000 4368018.00000 -101.5432
445350.00000 4368022.00000 -101.4272
445350.00000 4368026.00000 -101.3128
445350.00000 4368030.00000 -101.1852
445350.00000 4368034.00000 -101.0745
445350.00000 4368038.00000 -100.9660
445350.00000 4368042.00000 -100.8598
445350.00000 4368046.00000 -100.7561
445350.00000 4368050.00000 -100.6400
445350.00000 4368054.00000 -100.5418
445350.00000 4368058.00000 -100.4917
445350.00000 4368062.00000 -111.1369
445350.00000 4368066.00000 -111.6856
445350.00000 4368070.00000 -112.4468
445350.00000 4368074.00000 -113.3234
445350.00000 4368078.00000 -111.9794
445350.00000 4368082.00000 -111.5852
445350.00000 4368086.00000 -111.1986
445350.00000 4368090.00000 -110.8254
445350.00000 4368094.00000 -110.4760
445350.00000 4368098.00000 -110.1674
445350.00000 4368102.00000 -109.9284
445350.00000 4368106.00000 -109.7984
445350.00000 4368110.00000 -109.8655
445350.00000 4368114.00000 -109.9993
445350.00000 4368118.00000 -110.1645
445350.00000 4368122.00000 N.C.
445350.00000 4368126.00000 N.C.
445350.00000 4368130.00000 N.C.
445350.00000 4368134.00000 N.C.
445350.00000 4368138.00000 N.C.
445350.00000 4368142.00000 N.C.
445350.00000 4368146.00000 N.C.
445350.00000 4368150.00000 N.C.
445350.00000 4368154.00000 N.C.
445350.00000 4368158.00000 N.C.
445350.00000 4368162.00000 N.C.
445350.00000 4368166.00000 N.C.
445350.00000 4368170.00000 N.C.
445350.00000 4368174.00000 -114.0924
445350.00000 4368178.00000 N.C.
445350.00000 4368182.00000 N.C.
445350.00000 4368186.00000 -121.4529
445350.00000 4368190.00000 -114.5274
445350.00000 4368194.00000 -113.9972
445350.00000 4368198.00000 -113.5272
445350.00000 4368202.00000 -113.1321
445350.00000 4368206.00000 -112.8182
445350.00000 4368210.00000 -112.6385
445350.00000 4368214.00000 -112.5948
445350.00000 4368218.00000 -112.6737
445350.00000 4368222.00000 -112.8871
445350.00000 4368226.00000 -113.1896
445350.00000 4368230.00000 -111.5776
445350.00000 4368234.00000 -111.6056
445350.00000 4368238.00000 N.C.
445350.00000 4368242.00000 N.C.
445350.00000 4368246.00000 N.C.
445350.00000 4368250.00000 N.C.
445350.00000 4368254.00000 N.C.
445350.00000 4368258.00000 N.C.
445350.00000 4368262.00000 N.C.
445350.00000 4368266.00000 N.C.
445350.00000 4368270.00000 N.C.
445350.00000 4368274.00000 -121.6019
445350.00000 4368278.00000 -120.6373
445350.00000 4368282.00000 -119.7273
445350.00000 4368286.00000 -118.9289
445350.00000 4368290.00000 -118.2287
445350.00000 4368294.00000 N.C.
445350.00000 4368298.00000 -124.3029
445350.00000 4368302.00000 -123.8848
445350.00000 4368306.00000 -122.5039
445350.00000 4368310.00000 -121.3141
445350.00000 4368314.00000 -120.5036
445350.00000 4368318.00000 -120.0485
445350.00000 4368322.00000 -118.6494
445350.00000 4368326.00000 -118.3204
445350.00000 4368330.00000 -118.2040
445350.00000 4368334.00000 -118.2307
445350.00000 4368338.00000 -118.3491
445350.00000 4368342.00000 -118.5342
445350.00000 4368346.00000 -118.7577
445350.00000 4368350.00000 -118.9862
445350.00000 4368354.00000 -119.2234
445350.00000 4368358.00000 -119.4623
445350.00000 4368362.00000 -119.6991
445350.00000 4368366.00000 -119.9314
445350.00000 4368370.00000 -120.1731
445350.00000 4368374.00000 -120.4088
445350.00000 4368378.00000 -120.6382
445350.00000 4368382.00000 -120.8613
445350.00000 4368386.00000 -121.0785
445350.00000 4368390.00000 -121.2897
445350.00000 4368394.00000 -121.4956
445354.00000 4367886.00000 -105.7392
445354.00000 4367890.00000 -105.6078
445354.00000 4367894.00000 -105.4759
445354.00000 4367898.00000 -105.3284
445354.00000 4367902.00000 -105.1953
445354.00000 4367906.00000 -105.0767
445354.00000 4367910.00000 -104.9425
445354.00000 4367914.00000 -104.8078
445354.00000 4367918.00000 -104.6727
445354.00000 4367922.00000 -104.5371
445354.00000 4367926.00000 -104.4161
445354.00000 4367930.00000 -104.2947
445354.00000 4367934.00000 -104.1729
445354.00000 4367938.00000 -104.0508
445354.00000 4367942.00000 -103.9285
445354.00000 4367946.00000 -103.8060
445354.00000 4367950.00000 -103.6832
445354.00000 4367954.00000 -103.5604
445354.00000 4367958.00000 -103.4375
445354.00000 4367962.00000 -103.3145
445354.00000 4367966.00000 -103.1917
445354.00000 4367970.00000 -103.0839
445354.00000 4367974.00000 -102.9614
445354.00000 4367978.00000 -102.8391
445354.00000 4367982.00000 -102.7473
445354.00000 4367986.00000 -102.6258
445354.00000 4367990.00000 -102.5199
445354.00000 4367994.00000 -102.3997
445354.00000 4367998.00000 -102.2802
445354.00000 4368002.00000 -102.1766
445354.00000 4368006.00000 -102.0440
445354.00000 4368010.00000 -101.9424
445354.00000 4368014.00000 -101.8271
445354.00000 4368018.00000 -101.7132
445354.00000 4368022.00000 -101.6008
445354.00000 4368026.00000 -101.4751
445354.00000 4368030.00000 -101.3661
445354.00000 4368034.00000 -101.2591
445354.00000 4368038.00000 -101.1543
445354.00000 4368042.00000 -101.0517
445354.00000 4368046.00000 -100.9516
445354.00000 4368050.00000 -100.8392
445354.00000 4368054.00000 -100.7745
445354.00000 4368058.00000 -100.7579
445354.00000 4368062.00000 -111.5380
445354.00000 4368066.00000 -112.0877
445354.00000 4368070.00000 -112.7902
445354.00000 4368074.00000 -112.4472
445354.00000 4368078.00000 -112.0619
445354.00000 4368082.00000 -111.6806
445354.00000 4368086.00000 -111.3073
445354.00000 4368090.00000 -110.9483
445354.00000 4368094.00000 -110.6136
445354.00000 4368098.00000 -110.3214
445354.00000 4368102.00000 -110.1017
445354.00000 4368106.00000 -109.9945
445354.00000 4368110.00000 -110.0832
445354.00000 4368114.00000 -110.2304
445354.00000 4368118.00000 -110.3996
445354.00000 4368122.00000 N.C.
445354.00000 4368126.00000 N.C.
445354.00000 4368130.00000 N.C.
445354.00000 4368134.00000 N.C.
445354.00000 4368138.00000 N.C.
445354.00000 4368142.00000 N.C.
445354.00000 4368146.00000 N.C.
445354.00000 4368150.00000 N.C.
445354.00000 4368154.00000 N.C.
445354.00000 4368158.00000 N.C.
445354.00000 4368162.00000 N.C.
445354.00000 4368166.00000 N.C.
445354.00000 4368170.00000 N.C.
445354.00000 4368174.00000 -114.2037
445354.00000 4368178.00000 N.C.
445354.00000 4368182.00000 N.C.
445354.00000 4368186.00000 -115.2103
445354.00000 4368190.00000 -114.6471
445354.00000 4368194.00000 -114.1651
445354.00000 4368198.00000 -113.7073
445354.00000 4368202.00000 -113.3120
445354.00000 4368206.00000 -112.9821
445354.00000 4368210.00000 -112.7687
445354.00000 4368214.00000 -112.6764
445354.00000 4368218.00000 -112.7155
445354.00000 4368222.00000 -112.8626
445354.00000 4368226.00000 -113.1230
445354.00000 4368230.00000 -113.4516
445354.00000 4368234.00000 -111.7730
445354.00000 4368238.00000 N.C.
445354.00000 4368242.00000 N.C.
445354.00000 4368246.00000 N.C.
445354.00000 4368250.00000 N.C.
445354.00000 4368254.00000 -122.2044
445354.00000 4368258.00000 N.C.
445354.00000 4368262.00000 N.C.
445354.00000 4368266.00000 N.C.
445354.00000 4368270.00000 N.C.
445354.00000 4368274.00000 -121.4788
445354.00000 4368278.00000 -120.5877
445354.00000 4368282.00000 -119.8025
445354.00000 4368286.00000 -119.0531
445354.00000 4368290.00000 -118.3848
445354.00000 4368294.00000 N.C.
445354.00000 4368298.00000 N.C.
445354.00000 4368302.00000 -123.1157
445354.00000 4368306.00000 -121.6952
445354.00000 4368310.00000 N.C.
445354.00000 4368314.00000 -119.7245
445354.00000 4368318.00000 -119.2282
445354.00000 4368322.00000 -118.9969
445354.00000 4368326.00000 -118.0170
445354.00000 4368330.00000 -117.8106
445354.00000 4368334.00000 -117.7633
445354.00000 4368338.00000 -117.8624
445354.00000 4368342.00000 -118.0215
445354.00000 4368346.00000 -118.2369
445354.00000 4368350.00000 -118.4842
445354.00000 4368354.00000 -118.7475
445354.00000 4368358.00000 -119.0016
445354.00000 4368362.00000 -119.2704
445354.00000 4368366.00000 -119.5209
445354.00000 4368370.00000 -119.7655
445354.00000 4368374.00000 -120.0184
445354.00000 4368378.00000 -120.2495
445354.00000 4368382.00000 -120.4735
445354.00000 4368386.00000 -120.7056
445354.00000 4368390.00000 -120.9309
445354.00000 4368394.00000 -121.1501
445358.00000 4367886.00000 -105.7910
445358.00000 4367890.00000 -105.6615
445358.00000 4367894.00000 -105.5163
445358.00000 4367898.00000 -105.4007
445358.00000 4367902.00000 -105.2845
445358.00000 4367906.00000 -105.1528
445358.00000 4367910.00000 -105.0206
445358.00000 4367914.00000 -104.8880
445358.00000 4367918.00000 -104.7550
445358.00000 4367922.00000 -104.6366
445358.00000 4367926.00000 -104.5178
445358.00000 4367930.00000 -104.3986
445358.00000 4367934.00000 -104.2792
445358.00000 4367938.00000 -104.1596
445358.00000 4367942.00000 -104.0397
445358.00000 4367946.00000 -103.9196
445358.00000 4367950.00000 -103.7995
445358.00000 4367954.00000 -103.6792
445358.00000 4367958.00000 -103.5590
445358.00000 4367962.00000 -103.4389
445358.00000 4367966.00000 -103.3338
445358.00000 4367970.00000 -103.2139
445358.00000 4367974.00000 -103.0943
445358.00000 4367978.00000 -103.0051
445358.00000 4367982.00000 -102.8862
445358.00000 4367986.00000 -102.7829
445358.00000 4367990.00000 -102.6652
445358.00000 4367994.00000 -102.5481
445358.00000 4367998.00000 -102.4469
445358.00000 4368002.00000 -102.3166
445358.00000 4368006.00000 -102.2173
445358.00000 4368010.00000 -102.1042
445358.00000 4368014.00000 -101.9923
445358.00000 4368018.00000 -101.8818
445358.00000 4368022.00000 -101.7729
445358.00000 4368026.00000 -101.6506
445358.00000 4368030.00000 -101.5452
445358.00000 4368034.00000 -101.4417
445358.00000 4368038.00000 -101.3403
445358.00000 4368042.00000 -101.2413
445358.00000 4368046.00000 -101.1296
445358.00000 4368050.00000 -101.0356
445358.00000 4368054.00000 -100.9894
445358.00000 4368058.00000 -101.0211
445358.00000 4368062.00000 -111.9278
445358.00000 4368066.00000 -112.4629
445358.00000 4368070.00000 -113.1131
445358.00000 4368074.00000 -112.5249
445358.00000 4368078.00000 -112.1514
445358.00000 4368082.00000 -111.7827
445358.00000 4368086.00000 -111.4223
445358.00000 4368090.00000 -111.1064
445358.00000 4368094.00000 N.C.
445358.00000 4368098.00000 -110.4793
445358.00000 4368102.00000 -110.2787
445358.00000 4368106.00000 -110.1942
445358.00000 4368110.00000 -110.3033
445358.00000 4368114.00000 -110.4623
445358.00000 4368118.00000 -110.6343
445358.00000 4368122.00000 N.C.
445358.00000 4368126.00000 N.C.
445358.00000 4368130.00000 N.C.
445358.00000 4368134.00000 N.C.
445358.00000 4368138.00000 N.C.
445358.00000 4368142.00000 N.C.
445358.00000 4368146.00000 N.C.
445358.00000 4368150.00000 N.C.
445358.00000 4368154.00000 N.C.
445358.00000 4368158.00000 N.C.
445358.00000 4368162.00000 N.C.
445358.00000 4368166.00000 N.C.
445358.00000 4368170.00000 -114.8509
445358.00000 4368174.00000 -114.3323
445358.00000 4368178.00000 N.C.
445358.00000 4368182.00000 -121.7798
445358.00000 4368186.00000 -115.3222
445358.00000 4368190.00000 -114.8307
445358.00000 4368194.00000 -114.3459
445358.00000 4368198.00000 -113.9015
445358.00000 4368202.00000 -113.5094
445358.00000 4368206.00000 -113.1692
445358.00000 4368210.00000 -112.9298
445358.00000 4368214.00000 -112.7959
445358.00000 4368218.00000 -112.7832
445358.00000 4368222.00000 -112.8783
445358.00000 4368226.00000 -113.0937
445358.00000 4368230.00000 -113.3874
445358.00000 4368234.00000 -111.9830
445358.00000 4368238.00000 N.C.
445358.00000 4368242.00000 N.C.
445358.00000 4368246.00000 N.C.
445358.00000 4368250.00000 N.C.
445358.00000 4368254.00000 -120.3554
445358.00000 4368258.00000 N.C.
445358.00000 4368262.00000 N.C.
445358.00000 4368266.00000 N.C.
445358.00000 4368270.00000 -123.6675
445358.00000 4368274.00000 -121.4203
445358.00000 4368278.00000 -120.5954
445358.00000 4368282.00000 -119.9118
445358.00000 4368286.00000 -119.2086
445358.00000 4368290.00000 -118.5587
445358.00000 4368294.00000 -124.6473
445358.00000 4368298.00000 N.C.
445358.00000 4368302.00000 N.C.
445358.00000 4368306.00000 -121.2193
445358.00000 4368310.00000 -120.1271
445358.00000 4368314.00000 -119.3300
445358.00000 4368318.00000 -118.7127
445358.00000 4368322.00000 -118.4155
445358.00000 4368326.00000 -117.9537
445358.00000 4368330.00000 -117.6228
445358.00000 4368334.00000 -117.4792
445358.00000 4368338.00000 -117.4977
445358.00000 4368342.00000 -117.6148
445358.00000 4368346.00000 -117.8109
445358.00000 4368350.00000 -118.0421
445358.00000 4368354.00000 -118.3014
445358.00000 4368358.00000 -118.5745
445358.00000 4368362.00000 -118.8523
445358.00000 4368366.00000 -119.1292
445358.00000 4368370.00000 -119.3866
445358.00000 4368374.00000 -119.6532
445358.00000 4368378.00000 -119.8978
445358.00000 4368382.00000 -120.1351
445358.00000 4368386.00000 -120.3801
445358.00000 4368390.00000 -120.6029
445358.00000 4368394.00000 -120.8337
445362.00000 4367886.00000 -105.8585
445362.00000 4367890.00000 -105.7156
445362.00000 4367894.00000 -105.6023
445362.00000 4367898.00000 -105.4735
445362.00000 4367902.00000 -105.3442
445362.00000 4367906.00000 -105.2144
445362.00000 4367910.00000 -105.0843
445362.00000 4367914.00000 -104.9687
445362.00000 4367918.00000 -104.8527
445362.00000 4367922.00000 -104.7364
445362.00000 4367926.00000 -104.6198
445362.00000 4367930.00000 -104.5029
445362.00000 4367934.00000 -104.3858
445362.00000 4367938.00000 -104.2685
445362.00000 4367942.00000 -104.1510
445362.00000 4367946.00000 -104.0335
445362.00000 4367950.00000 -103.9158
445362.00000 4367954.00000 -103.7982
445362.00000 4367958.00000 -103.6806
445362.00000 4367962.00000 -103.5781
445362.00000 4367966.00000 -103.4608
445362.00000 4367970.00000 -103.3437
445362.00000 4367974.00000 -103.2570
445362.00000 4367978.00000 -103.1406
445362.00000 4367982.00000 -103.0247
445362.00000 4367986.00000 -102.9244
445362.00000 4367990.00000 -102.8098
445362.00000 4367994.00000 -102.7108
445362.00000 4367998.00000 -102.5828
445362.00000 4368002.00000 -102.4857
445362.00000 4368006.00000 -102.3746
445362.00000 4368010.00000 -102.2647
445362.00000 4368014.00000 -102.1561
445362.00000 4368018.00000 -102.0490
445362.00000 4368022.00000 -101.9284
445362.00000 4368026.00000 -101.8244
445362.00000 4368030.00000 -101.7224
445362.00000 4368034.00000 -101.6222
445362.00000 4368038.00000 -101.5242
445362.00000 4368042.00000 -101.4285
445362.00000 4368046.00000 -101.3202
445362.00000 4368050.00000 -101.2444
445362.00000 4368054.00000 -101.2164
445362.00000 4368058.00000 -111.9286
445362.00000 4368062.00000 -112.3013
445362.00000 4368066.00000 -112.8154
445362.00000 4368070.00000 -113.4198
445362.00000 4368074.00000 -112.6094
445362.00000 4368078.00000 -112.2474
445362.00000 4368082.00000 -111.8903
445362.00000 4368086.00000 -111.5420
445362.00000 4368090.00000 N.C.
445362.00000 4368094.00000 N.C.
445362.00000 4368098.00000 -110.6405
445362.00000 4368102.00000 -110.4589
445362.00000 4368106.00000 -110.3968
445362.00000 4368110.00000 -110.5251
445362.00000 4368114.00000 -110.6943
445362.00000 4368118.00000 -110.8680
445362.00000 4368122.00000 -121.6037
445362.00000 4368126.00000 N.C.
445362.00000 4368130.00000 N.C.
445362.00000 4368134.00000 N.C.
445362.00000 4368138.00000 N.C.
445362.00000 4368142.00000 N.C.
445362.00000 4368146.00000 N.C.
445362.00000 4368150.00000 N.C.
445362.00000 4368154.00000 N.C.
445362.00000 4368158.00000 N.C.
445362.00000 4368162.00000 N.C.
445362.00000 4368166.00000 N.C.
445362.00000 4368170.00000 -114.9689
445362.00000 4368174.00000 -114.4741
445362.00000 4368178.00000 N.C.
445362.00000 4368182.00000 -122.1347
445362.00000 4368186.00000 -115.4504
445362.00000 4368190.00000 -115.0009
445362.00000 4368194.00000 -114.5360
445362.00000 4368198.00000 -114.1054
445362.00000 4368202.00000 -113.7188
445362.00000 4368206.00000 -113.3883
445362.00000 4368210.00000 -113.1147
445362.00000 4368214.00000 -112.9465
445362.00000 4368218.00000 -112.8872
445362.00000 4368222.00000 -112.9458
445362.00000 4368226.00000 -113.0992
445362.00000 4368230.00000 -113.3548
445362.00000 4368234.00000 -113.6703
445362.00000 4368238.00000 N.C.
445362.00000 4368242.00000 N.C.
445362.00000 4368246.00000 N.C.
445362.00000 4368250.00000 N.C.
445362.00000 4368254.00000 N.C.
445362.00000 4368258.00000 N.C.
445362.00000 4368262.00000 N.C.
445362.00000 4368266.00000 N.C.
445362.00000 4368270.00000 -125.0562
445362.00000 4368274.00000 -119.9607
445362.00000 4368278.00000 -120.1889
445362.00000 4368282.00000 -120.0441
445362.00000 4368286.00000 -119.3837
445362.00000 4368290.00000 -118.7669
445362.00000 4368294.00000 -124.9405
445362.00000 4368298.00000 -124.9166
445362.00000 4368302.00000 -124.5135
445362.00000 4368306.00000 -120.9805
445362.00000 4368310.00000 -119.9277
445362.00000 4368314.00000 -119.1215
445362.00000 4368318.00000 -118.5029
445362.00000 4368322.00000 -118.0735
445362.00000 4368326.00000 -118.0477
445362.00000 4368330.00000 -117.6397
445362.00000 4368334.00000 -117.3853
445362.00000 4368338.00000 -117.2921
445362.00000 4368342.00000 -117.3267
445362.00000 4368346.00000 -117.4773
445362.00000 4368350.00000 -117.6848
445362.00000 4368354.00000 -117.9227
445362.00000 4368358.00000 -118.1868
445362.00000 4368362.00000 -118.4636
445362.00000 4368366.00000 -118.7447
445362.00000 4368370.00000 -119.0246
445362.00000 4368374.00000 -119.3003
445362.00000 4368378.00000 -119.5550
445362.00000 4368382.00000 -119.8178
445362.00000 4368386.00000 -120.0582
445362.00000 4368390.00000 -120.3064
445362.00000 4368394.00000 -120.5325
445366.00000 4367886.00000 -105.9115
445366.00000 4367890.00000 -105.8004
445366.00000 4367894.00000 -105.6738
445366.00000 4367898.00000 -105.5468
445366.00000 4367902.00000 -105.4194
445366.00000 4367906.00000 -105.2915
445366.00000 4367910.00000 -105.1783
445366.00000 4367914.00000 -105.0647
445366.00000 4367918.00000 -104.9508
445366.00000 4367922.00000 -104.8367
445366.00000 4367926.00000 -104.7222
445366.00000 4367930.00000 -104.6075
445366.00000 4367934.00000 -104.4927
445366.00000 4367938.00000 -104.3777
445366.00000 4367942.00000 -104.2625
445366.00000 4367946.00000 -104.1474
445366.00000 4367950.00000 -104.0322
445366.00000 4367954.00000 -103.9171
445366.00000 4367958.00000 -103.8171
445366.00000 4367962.00000 -103.7022
445366.00000 4367966.00000 -103.5876
445366.00000 4367970.00000 -103.5033
445366.00000 4367974.00000 -103.3893
445366.00000 4367978.00000 -103.2758
445366.00000 4367982.00000 -103.1778
445366.00000 4367986.00000 -103.0654
445366.00000 4367990.00000 -102.9687
445366.00000 4367994.00000 -102.8578
445366.00000 4367998.00000 -102.7477
445366.00000 4368002.00000 -102.6387
445366.00000 4368006.00000 -102.5308
445366.00000 4368010.00000 -102.4240
445366.00000 4368014.00000 -102.3186
445366.00000 4368018.00000 -102.2147
445366.00000 4368022.00000 -102.0973
445366.00000 4368026.00000 -101.9966
445366.00000 4368030.00000 -101.8977
445366.00000 4368034.00000 -101.8008
445366.00000 4368038.00000 -101.7060
445366.00000 4368042.00000 -101.5984
445366.00000 4368046.00000 -101.5082
445366.00000 4368050.00000 -101.4656
445366.00000 4368054.00000 -101.4857
445366.00000 4368058.00000 -112.2755
445366.00000 4368062.00000 -112.6576
445366.00000 4368066.00000 -113.1487
445366.00000 4368070.00000 -113.7127
445366.00000 4368074.00000 -112.7000
445366.00000 4368078.00000 -112.3488
445366.00000 4368082.00000 -112.0029
445366.00000 4368086.00000 -111.6662
445366.00000 4368090.00000 -118.8107
445366.00000 4368094.00000 N.C.
445366.00000 4368098.00000 -110.8043
445366.00000 4368102.00000 -110.6420
445366.00000 4368106.00000 -110.6021
445366.00000 4368110.00000 -110.7481
445366.00000 4368114.00000 -110.9259
445366.00000 4368118.00000 -111.1004
445366.00000 4368122.00000 -120.8341
445366.00000 4368126.00000 -122.2366
445366.00000 4368130.00000 -122.2625
445366.00000 4368134.00000 -122.3883
445366.00000 4368138.00000 -122.4743
445366.00000 4368142.00000 -122.5164
445366.00000 4368146.00000 -122.5572
445366.00000 4368150.00000 N.C.
445366.00000 4368154.00000 N.C.
445366.00000 4368158.00000 N.C.
445366.00000 4368162.00000 N.C.
445366.00000 4368166.00000 N.C.
445366.00000 4368170.00000 -115.0990
445366.00000 4368174.00000 -114.6261
445366.00000 4368178.00000 N.C.
445366.00000 4368182.00000 -122.4105
445366.00000 4368186.00000 -115.5908
445366.00000 4368190.00000 -115.1787
445366.00000 4368194.00000 -114.7325
445366.00000 4368198.00000 -114.3158
445366.00000 4368202.00000 -113.9366
445366.00000 4368206.00000 -113.6046
445366.00000 4368210.00000 -113.3177
445366.00000 4368214.00000 -113.1223
445366.00000 4368218.00000 -113.0222
445366.00000 4368222.00000 -113.0318
445366.00000 4368226.00000 -113.1373
445366.00000 4368230.00000 N.C.
445366.00000 4368234.00000 N.C.
445366.00000 4368238.00000 N.C.
445366.00000 4368242.00000 N.C.
445366.00000 4368246.00000 N.C.
445366.00000 4368250.00000 N.C.
445366.00000 4368254.00000 N.C.
445366.00000 4368258.00000 N.C.
445366.00000 4368262.00000 N.C.
445366.00000 4368266.00000 N.C.
445366.00000 4368270.00000 N.C.
445366.00000 4368274.00000 N.C.
445366.00000 4368278.00000 N.C.
445366.00000 4368282.00000 -119.8727
445366.00000 4368286.00000 -120.1454
445366.00000 4368290.00000 -120.4133
445366.00000 4368294.00000 -120.6590
445366.00000 4368298.00000 -124.6213
445366.00000 4368302.00000 -123.2130
445366.00000 4368306.00000 -120.8966
445366.00000 4368310.00000 -119.9068
445366.00000 4368314.00000 -119.0819
445366.00000 4368318.00000 -118.4674
445366.00000 4368322.00000 -118.8701
445366.00000 4368326.00000 -118.2598
445366.00000 4368330.00000 -117.7861
445366.00000 4368334.00000 -117.4547
445366.00000 4368338.00000 -117.2535
445366.00000 4368342.00000 -117.1939
445366.00000 4368346.00000 -117.2478
445366.00000 4368350.00000 -117.3934
445366.00000 4368354.00000 -117.6052
445366.00000 4368358.00000 -117.8598
445366.00000 4368362.00000 -118.1243
445366.00000 4368366.00000 -118.4009
445366.00000 4368370.00000 -118.6818
445366.00000 4368374.00000 -118.9617
445366.00000 4368378.00000 -119.2375
445366.00000 4368382.00000 -119.5076
445366.00000 4368386.00000 -119.7711
445366.00000 4368390.00000 -120.0127
445366.00000 4368394.00000 -120.2620
445370.00000 4367886.00000 -105.9950
445370.00000 4367890.00000 -105.8706
445370.00000 4367894.00000 -105.7458
445370.00000 4367898.00000 -105.6206
445370.00000 4367902.00000 -105.4950
445370.00000 4367906.00000 -105.3840
445370.00000 4367910.00000 -105.2727
445370.00000 4367914.00000 -105.1611
445370.00000 4367918.00000 -105.0493
445370.00000 4367922.00000 -104.9372
445370.00000 4367926.00000 -104.8248
445370.00000 4367930.00000 -104.7123
445370.00000 4367934.00000 -104.5997
445370.00000 4367938.00000 -104.4869
445370.00000 4367942.00000 -104.3741
445370.00000 4367946.00000 -104.2614
445370.00000 4367950.00000 -104.1486
445370.00000 4367954.00000 -104.0509
445370.00000 4367958.00000 -103.9384
445370.00000 4367962.00000 -103.8262
445370.00000 4367966.00000 -103.7291
445370.00000 4367970.00000 -103.6325
445370.00000 4367974.00000 -103.5212
445370.00000 4367978.00000 -103.4254
445370.00000 4367982.00000 -103.3152
445370.00000 4367986.00000 -103.2207
445370.00000 4367990.00000 -103.1119
445370.00000 4367994.00000 -102.9889
445370.00000 4367998.00000 -102.8968
445370.00000 4368002.00000 -102.7908
445370.00000 4368006.00000 -102.6858
445370.00000 4368010.00000 -102.5821
445370.00000 4368014.00000 -102.4798
445370.00000 4368018.00000 -102.3639
445370.00000 4368022.00000 -102.2646
445370.00000 4368026.00000 -102.1669
445370.00000 4368030.00000 -102.0711
445370.00000 4368034.00000 -101.9773
445370.00000 4368038.00000 -101.8855
445370.00000 4368042.00000 -101.7810
445370.00000 4368046.00000 -101.7089
445370.00000 4368050.00000 -101.6842
445370.00000 4368054.00000 -101.7222
445370.00000 4368058.00000 -112.6159
445370.00000 4368062.00000 -112.9975
445370.00000 4368066.00000 -113.4655
445370.00000 4368070.00000 -113.1393
445370.00000 4368074.00000 -112.7957
445370.00000 4368078.00000 -112.4549
445370.00000 4368082.00000 -112.1197
445370.00000 4368086.00000 -111.8389
445370.00000 4368090.00000 N.C.
445370.00000 4368094.00000 N.C.
445370.00000 4368098.00000 N.C.
445370.00000 4368102.00000 N.C.
445370.00000 4368106.00000 N.C.
445370.00000 4368110.00000 N.C.
445370.00000 4368114.00000 N.C.
445370.00000 4368118.00000 N.C.
445370.00000 4368122.00000 N.C.
445370.00000 4368126.00000 -121.4163
445370.00000 4368130.00000 -121.6209
445370.00000 4368134.00000 -121.9988
445370.00000 4368138.00000 -122.4725
445370.00000 4368142.00000 -122.6628
445370.00000 4368146.00000 -122.8188
445370.00000 4368150.00000 -123.0076
445370.00000 4368154.00000 -122.9004
445370.00000 4368158.00000 -122.8864
445370.00000 4368162.00000 -122.8613
445370.00000 4368166.00000 -122.8522
445370.00000 4368170.00000 -115.2384
445370.00000 4368174.00000 -119.4411
445370.00000 4368178.00000 -122.7024
445370.00000 4368182.00000 -122.7122
445370.00000 4368186.00000 N.C.
445370.00000 4368190.00000 N.C.
445370.00000 4368194.00000 N.C.
445370.00000 4368198.00000 N.C.
445370.00000 4368202.00000 N.C.
445370.00000 4368206.00000 N.C.
445370.00000 4368210.00000 -113.5335
445370.00000 4368214.00000 -113.3175
445370.00000 4368218.00000 -113.1832
445370.00000 4368222.00000 -113.1480
445370.00000 4368226.00000 -113.2205
445370.00000 4368230.00000 N.C.
445370.00000 4368234.00000 N.C.
445370.00000 4368238.00000 N.C.
445370.00000 4368242.00000 N.C.
445370.00000 4368246.00000 N.C.
445370.00000 4368250.00000 N.C.
445370.00000 4368254.00000 N.C.
445370.00000 4368258.00000 -123.8077
445370.00000 4368262.00000 -123.9620
445370.00000 4368266.00000 N.C.
445370.00000 4368270.00000 -128.9927
445370.00000 4368274.00000 N.C.
445370.00000 4368278.00000 N.C.
445370.00000 4368282.00000 -125.0972
445370.00000 4368286.00000 -119.6776
445370.00000 4368290.00000 -119.9707
445370.00000 4368294.00000 -120.1960
445370.00000 4368298.00000 -120.5170
445370.00000 4368302.00000 -120.7679
445370.00000 4368306.00000 -121.0237
445370.00000 4368310.00000 -119.9863
445370.00000 4368314.00000 -119.1740
445370.00000 4368318.00000 -118.5441
445370.00000 4368322.00000 -119.1283
445370.00000 4368326.00000 -118.5172
445370.00000 4368330.00000 -118.0169
445370.00000 4368334.00000 -117.6339
445370.00000 4368338.00000 -117.3588
445370.00000 4368342.00000 -117.1956
445370.00000 4368346.00000 -117.1587
445370.00000 4368350.00000 -117.2242
445370.00000 4368354.00000 -117.3744
445370.00000 4368358.00000 -117.5868
445370.00000 4368362.00000 -117.8399
445370.00000 4368366.00000 -118.1020
445370.00000 4368370.00000 -118.3760
445370.00000 4368374.00000 -118.6542
445370.00000 4368378.00000 -118.9320
445370.00000 4368382.00000 -119.2060
445370.00000 4368386.00000 -119.4750
445370.00000 4368390.00000 -119.7375
445370.00000 4368394.00000 -119.9934
445374.00000 4367886.00000 -106.0639
445374.00000 4367890.00000 -105.9412
445374.00000 4367894.00000 -105.8182
445374.00000 4367898.00000 -105.6947
445374.00000 4367902.00000 -105.5860
445374.00000 4367906.00000 -105.4769
445374.00000 4367910.00000 -105.3675
445374.00000 4367914.00000 -105.2579
445374.00000 4367918.00000 -105.1480
445374.00000 4367922.00000 -105.0379
445374.00000 4367926.00000 -104.9277
445374.00000 4367930.00000 -104.8173
445374.00000 4367934.00000 -104.7068
445374.00000 4367938.00000 -104.5963
445374.00000 4367942.00000 -104.4858
445374.00000 4367946.00000 -104.3753
445374.00000 4367950.00000 -104.2799
445374.00000 4367954.00000 -104.1697
445374.00000 4367958.00000 -104.0596
445374.00000 4367962.00000 -103.9649
445374.00000 4367966.00000 -103.8704
445374.00000 4367970.00000 -103.7613
445374.00000 4367974.00000 -103.6677
445374.00000 4367978.00000 -103.5596
445374.00000 4367982.00000 -103.4521
445374.00000 4367986.00000 -103.3603
445374.00000 4367990.00000 -103.2393
445374.00000 4367994.00000 -103.1491
445374.00000 4367998.00000 -103.0449
445374.00000 4368002.00000 -102.9417
445374.00000 4368006.00000 -102.8397
445374.00000 4368010.00000 -102.7390
445374.00000 4368014.00000 -102.6245
445374.00000 4368018.00000 -102.5266
445374.00000 4368022.00000 -102.4302
445374.00000 4368026.00000 -102.3356
445374.00000 4368030.00000 -102.2427
445374.00000 4368034.00000 -102.1518
445374.00000 4368038.00000 -102.0480
445374.00000 4368042.00000 -101.9614
445374.00000 4368046.00000 -101.9071
445374.00000 4368050.00000 -101.9303
445374.00000 4368054.00000 -101.9560
445374.00000 4368058.00000 -112.9468
445374.00000 4368062.00000 -113.3223
445374.00000 4368066.00000 -113.7683
445374.00000 4368070.00000 -113.2299
445374.00000 4368074.00000 -112.8959
445374.00000 4368078.00000 -112.5650
445374.00000 4368082.00000 -112.2400
445374.00000 4368086.00000 -112.0895
445374.00000 4368090.00000 N.C.
445374.00000 4368094.00000 N.C.
445374.00000 4368098.00000 N.C.
445374.00000 4368102.00000 N.C.
445374.00000 4368106.00000 N.C.
445374.00000 4368110.00000 N.C.
445374.00000 4368114.00000 N.C.
445374.00000 4368118.00000 N.C.
445374.00000 4368122.00000 N.C.
445374.00000 4368126.00000 N.C.
445374.00000 4368130.00000 N.C.
445374.00000 4368134.00000 N.C.
445374.00000 4368138.00000 N.C.
445374.00000 4368142.00000 N.C.
445374.00000 4368146.00000 N.C.
445374.00000 4368150.00000 -122.9613
445374.00000 4368154.00000 -122.1528
445374.00000 4368158.00000 -122.3094
445374.00000 4368162.00000 -122.6085
445374.00000 4368166.00000 -122.9967
445374.00000 4368170.00000 -115.3852
445374.00000 4368174.00000 -119.6805
445374.00000 4368178.00000 -127.3566
445374.00000 4368182.00000 -124.6868
445374.00000 4368186.00000 N.C.
445374.00000 4368190.00000 N.C.
445374.00000 4368194.00000 N.C.
445374.00000 4368198.00000 N.C.
445374.00000 4368202.00000 N.C.
445374.00000 4368206.00000 N.C.
445374.00000 4368210.00000 -113.7583
445374.00000 4368214.00000 -113.5274
445374.00000 4368218.00000 -113.3657
445374.00000 4368222.00000 -113.2910
445374.00000 4368226.00000 -113.3173
445374.00000 4368230.00000 -113.4296
445374.00000 4368234.00000 -123.4544
445374.00000 4368238.00000 N.C.
445374.00000 4368242.00000 N.C.
445374.00000 4368246.00000 -123.6244
445374.00000 4368250.00000 -123.7614
445374.00000 4368254.00000 N.C.
445374.00000 4368258.00000 N.C.
445374.00000 4368262.00000 N.C.
445374.00000 4368266.00000 N.C.
445374.00000 4368270.00000 N.C.
445374.00000 4368274.00000 N.C.
445374.00000 4368278.00000 N.C.
445374.00000 4368282.00000 -118.8298
445374.00000 4368286.00000 -119.1878
445374.00000 4368290.00000 -119.5284
445374.00000 4368294.00000 -119.8470
445374.00000 4368298.00000 -120.1412
445374.00000 4368302.00000 -120.3951
445374.00000 4368306.00000 -120.6681
445374.00000 4368310.00000 -120.9457
445374.00000 4368314.00000 -121.1979
445374.00000 4368318.00000 -121.4106
445374.00000 4368322.00000 -119.4206
445374.00000 4368326.00000 -118.8353
445374.00000 4368330.00000 -118.3115
445374.00000 4368334.00000 -117.8840
445374.00000 4368338.00000 -117.5587
445374.00000 4368342.00000 -117.3258
445374.00000 4368346.00000 -117.1903
445374.00000 4368350.00000 -117.1691
445374.00000 4368354.00000 -117.2416
445374.00000 4368358.00000 -117.3929
445374.00000 4368362.00000 -117.5883
445374.00000 4368366.00000 -117.8379
445374.00000 4368370.00000 -118.1108
445374.00000 4368374.00000 -118.3808
445374.00000 4368378.00000 -118.6552
445374.00000 4368382.00000 -118.9293
445374.00000 4368386.00000 -119.2005
445374.00000 4368390.00000 -119.4667
445374.00000 4368394.00000 -119.7272
445378.00000 4367886.00000 -106.1183
445378.00000 4367890.00000 -106.0123
445378.00000 4367894.00000 -105.8910
445378.00000 4367898.00000 -105.7843
445378.00000 4367902.00000 -105.6773
445378.00000 4367906.00000 -105.5700
445378.00000 4367910.00000 -105.4625
445378.00000 4367914.00000 -105.3548
445378.00000 4367918.00000 -105.2469
445378.00000 4367922.00000 -105.1389
445378.00000 4367926.00000 -105.0307
445378.00000 4367930.00000 -104.9224
445378.00000 4367934.00000 -104.8141
445378.00000 4367938.00000 -104.7057
445378.00000 4367942.00000 -104.5974
445378.00000 4367946.00000 -104.5042
445378.00000 4367950.00000 -104.3962
445378.00000 4367954.00000 -104.2883
445378.00000 4367958.00000 -104.1956
445378.00000 4367962.00000 -104.1033
445378.00000 4367966.00000 -103.9963
445378.00000 4367970.00000 -103.9048
445378.00000 4367974.00000 -103.7987
445378.00000 4367978.00000 -103.6932
445378.00000 4367982.00000 -103.6034
445378.00000 4367986.00000 -103.4843
445378.00000 4367990.00000 -103.3959
445378.00000 4367994.00000 -103.2935
445378.00000 4367998.00000 -103.1920
445378.00000 4368002.00000 -103.0916
445378.00000 4368006.00000 -102.9924
445378.00000 4368010.00000 -102.8945
445378.00000 4368014.00000 -102.7829
445378.00000 4368018.00000 -102.6878
445378.00000 4368022.00000 -102.5943
445378.00000 4368026.00000 -102.5024
445378.00000 4368030.00000 -102.4124
445378.00000 4368034.00000 -102.3244
445378.00000 4368038.00000 -102.2233
445378.00000 4368042.00000 -102.1545
445378.00000 4368046.00000 -102.1329
445378.00000 4368050.00000 -102.1588
445378.00000 4368054.00000 -102.1872
445378.00000 4368058.00000 -113.2669
445378.00000 4368062.00000 -113.6335
445378.00000 4368066.00000 -114.0586
445378.00000 4368070.00000 -113.3247
445378.00000 4368074.00000 -113.0000
445378.00000 4368078.00000 -112.6786
445378.00000 4368082.00000 -112.3633
445378.00000 4368086.00000 -112.3126
445378.00000 4368090.00000 N.C.
445378.00000 4368094.00000 N.C.
445378.00000 4368098.00000 N.C.
445378.00000 4368102.00000 N.C.
445378.00000 4368106.00000 N.C.
445378.00000 4368110.00000 N.C.
445378.00000 4368114.00000 N.C.
445378.00000 4368118.00000 N.C.
445378.00000 4368122.00000 N.C.
445378.00000 4368126.00000 N.C.
445378.00000 4368130.00000 N.C.
445378.00000 4368134.00000 N.C.
445378.00000 4368138.00000 N.C.
445378.00000 4368142.00000 N.C.
445378.00000 4368146.00000 N.C.
445378.00000 4368150.00000 N.C.
445378.00000 4368154.00000 N.C.
445378.00000 4368158.00000 N.C.
445378.00000 4368162.00000 N.C.
445378.00000 4368166.00000 N.C.
445378.00000 4368170.00000 N.C.
445378.00000 4368174.00000 N.C.
445378.00000 4368178.00000 -124.3939
445378.00000 4368182.00000 -124.5771
445378.00000 4368186.00000 N.C.
445378.00000 4368190.00000 N.C.
445378.00000 4368194.00000 N.C.
445378.00000 4368198.00000 N.C.
445378.00000 4368202.00000 N.C.
445378.00000 4368206.00000 N.C.
445378.00000 4368210.00000 -114.0040
445378.00000 4368214.00000 -113.7478
445378.00000 4368218.00000 -113.5649
445378.00000 4368222.00000 -113.4568
445378.00000 4368226.00000 -113.4400
445378.00000 4368230.00000 -113.5227
445378.00000 4368234.00000 -119.1506
445378.00000 4368238.00000 N.C.
445378.00000 4368242.00000 N.C.
445378.00000 4368246.00000 -123.9218
445378.00000 4368250.00000 -124.1010
445378.00000 4368254.00000 -124.0799
445378.00000 4368258.00000 N.C.
445378.00000 4368262.00000 N.C.
445378.00000 4368266.00000 N.C.
445378.00000 4368270.00000 N.C.
445378.00000 4368274.00000 -132.2543
445378.00000 4368278.00000 -132.1000
445378.00000 4368282.00000 -122.9700
445378.00000 4368286.00000 -123.0677
445378.00000 4368290.00000 -119.0729
445378.00000 4368294.00000 -119.4333
445378.00000 4368298.00000 -119.7557
445378.00000 4368302.00000 -120.0681
445378.00000 4368306.00000 -120.3550
445378.00000 4368310.00000 -120.6459
445378.00000 4368314.00000 -120.8662
445378.00000 4368318.00000 -121.1365
445378.00000 4368322.00000 -121.3970
445378.00000 4368326.00000 -121.6483
445378.00000 4368330.00000 -121.8613
445378.00000 4368334.00000 -122.1111
445378.00000 4368338.00000 -117.8197
445378.00000 4368342.00000 -117.5390
445378.00000 4368346.00000 -117.3383
445378.00000 4368350.00000 -117.2236
445378.00000 4368354.00000 -117.2133
445378.00000 4368358.00000 -117.2894
445378.00000 4368362.00000 -117.4249
445378.00000 4368366.00000 -117.6318
445378.00000 4368370.00000 -117.8766
445378.00000 4368374.00000 -118.1444
445378.00000 4368378.00000 -118.4093
445378.00000 4368382.00000 -118.6789
445378.00000 4368386.00000 -118.9487
445378.00000 4368390.00000 -119.2159
445378.00000 4368394.00000 -119.4786
445382.00000 4367886.00000 -106.1881
445382.00000 4367890.00000 -106.0837
445382.00000 4367894.00000 -105.9791
445382.00000 4367898.00000 -105.8741
445382.00000 4367902.00000 -105.7689
445382.00000 4367906.00000 -105.6635
445382.00000 4367910.00000 -105.5578
445382.00000 4367914.00000 -105.4520
445382.00000 4367918.00000 -105.3460
445382.00000 4367922.00000 -105.2399
445382.00000 4367926.00000 -105.1338
445382.00000 4367930.00000 -105.0275
445382.00000 4367934.00000 -104.9213
445382.00000 4367938.00000 -104.8151
445382.00000 4367942.00000 -104.7240
445382.00000 4367946.00000 -104.6180
445382.00000 4367950.00000 -104.5122
445382.00000 4367954.00000 -104.4217
445382.00000 4367958.00000 -104.3314
445382.00000 4367962.00000 -104.2264
445382.00000 4367966.00000 -104.1368
445382.00000 4367970.00000 -104.0328
445382.00000 4367974.00000 -103.9292
445382.00000 4367978.00000 -103.8412
445382.00000 4367982.00000 -103.7390
445382.00000 4367986.00000 -103.6374
445382.00000 4367990.00000 -103.5367
445382.00000 4367994.00000 -103.4369
445382.00000 4367998.00000 -103.3381
445382.00000 4368002.00000 -103.2404
445382.00000 4368006.00000 -103.1439
445382.00000 4368010.00000 -103.0337
445382.00000 4368014.00000 -102.9398
445382.00000 4368018.00000 -102.8475
445382.00000 4368022.00000 -102.7567
445382.00000 4368026.00000 -102.6676
445382.00000 4368030.00000 -102.5803
445382.00000 4368034.00000 -102.4799
445382.00000 4368038.00000 -102.3966
445382.00000 4368042.00000 -102.3454
445382.00000 4368046.00000 -102.3565
445382.00000 4368050.00000 -102.3999
445382.00000 4368054.00000 -102.4309
445382.00000 4368058.00000 -113.5762
445382.00000 4368062.00000 -113.9322
445382.00000 4368066.00000 -114.3379
445382.00000 4368070.00000 -113.4235
445382.00000 4368074.00000 -113.1075
445382.00000 4368078.00000 -112.7952
445382.00000 4368082.00000 -112.5189
445382.00000 4368086.00000 -117.6061
445382.00000 4368090.00000 N.C.
445382.00000 4368094.00000 N.C.
445382.00000 4368098.00000 N.C.
445382.00000 4368102.00000 N.C.
445382.00000 4368106.00000 N.C.
445382.00000 4368110.00000 N.C.
445382.00000 4368114.00000 N.C.
445382.00000 4368118.00000 N.C.
445382.00000 4368122.00000 N.C.
445382.00000 4368126.00000 N.C.
445382.00000 4368130.00000 N.C.
445382.00000 4368134.00000 N.C.
445382.00000 4368138.00000 N.C.
445382.00000 4368142.00000 N.C.
445382.00000 4368146.00000 N.C.
445382.00000 4368150.00000 N.C.
445382.00000 4368154.00000 N.C.
445382.00000 4368158.00000 N.C.
445382.00000 4368162.00000 N.C.
445382.00000 4368166.00000 N.C.
445382.00000 4368170.00000 N.C.
445382.00000 4368174.00000 N.C.
445382.00000 4368178.00000 -130.9484
445382.00000 4368182.00000 -124.7852
445382.00000 4368186.00000 N.C.
445382.00000 4368190.00000 N.C.
445382.00000 4368194.00000 N.C.
445382.00000 4368198.00000 N.C.
445382.00000 4368202.00000 N.C.
445382.00000 4368206.00000 -121.0652
445382.00000 4368210.00000 -114.2679
445382.00000 4368214.00000 -113.9753
445382.00000 4368218.00000 -113.7766
445382.00000 4368222.00000 -113.6413
445382.00000 4368226.00000 -113.5863
445382.00000 4368230.00000 -113.6251
445382.00000 4368234.00000 -113.7425
445382.00000 4368238.00000 N.C.
445382.00000 4368242.00000 N.C.
445382.00000 4368246.00000 -124.1876
445382.00000 4368250.00000 -124.1614
445382.00000 4368254.00000 -123.8717
445382.00000 4368258.00000 N.C.
445382.00000 4368262.00000 N.C.
445382.00000 4368266.00000 N.C.
445382.00000 4368270.00000 N.C.
445382.00000 4368274.00000 -132.3643
445382.00000 4368278.00000 -121.8992
445382.00000 4368282.00000 -122.0304
445382.00000 4368286.00000 -122.2003
445382.00000 4368290.00000 -122.3918
445382.00000 4368294.00000 -122.5946
445382.00000 4368298.00000 -119.3462
445382.00000 4368302.00000 -119.6980
445382.00000 4368306.00000 -120.0250
445382.00000 4368310.00000 -120.3263
445382.00000 4368314.00000 -120.6171
445382.00000 4368318.00000 -120.8827
445382.00000 4368322.00000 -121.1233
445382.00000 4368326.00000 -121.3394
445382.00000 4368330.00000 -121.6216
445382.00000 4368334.00000 -121.8654
445382.00000 4368338.00000 -122.1013
445382.00000 4368342.00000 -122.3148
445382.00000 4368346.00000 -122.5513
445382.00000 4368350.00000 -117.3847
445382.00000 4368354.00000 -117.2859
445382.00000 4368358.00000 -117.2830
445382.00000 4368362.00000 -117.3454
445382.00000 4368366.00000 -117.4934
445382.00000 4368370.00000 -117.6960
445382.00000 4368374.00000 -117.9356
445382.00000 4368378.00000 -118.1828
445382.00000 4368382.00000 -118.4569
445382.00000 4368386.00000 -118.7213
445382.00000 4368390.00000 -118.9862
445382.00000 4368394.00000 -119.2488
445386.00000 4367886.00000 -106.2732
445386.00000 4367890.00000 -106.1705
445386.00000 4367894.00000 -106.0675
445386.00000 4367898.00000 -105.9643
445386.00000 4367902.00000 -105.8608
445386.00000 4367906.00000 -105.7572
445386.00000 4367910.00000 -105.6533
445386.00000 4367914.00000 -105.5494
445386.00000 4367918.00000 -105.4453
445386.00000 4367922.00000 -105.3411
445386.00000 4367926.00000 -105.2370
445386.00000 4367930.00000 -105.1328
445386.00000 4367934.00000 -105.0286
445386.00000 4367938.00000 -104.9395
445386.00000 4367942.00000 -104.8355
445386.00000 4367946.00000 -104.7317
445386.00000 4367950.00000 -104.6281
445386.00000 4367954.00000 -104.5548
445386.00000 4367958.00000 -104.4518
445386.00000 4367962.00000 -104.3492
445386.00000 4367966.00000 -104.2620
445386.00000 4367970.00000 -104.1603
445386.00000 4367974.00000 -104.0741
445386.00000 4367978.00000 -103.9736
445386.00000 4367982.00000 -103.8588
445386.00000 4367986.00000 -103.7748
445386.00000 4367990.00000 -103.6766
445386.00000 4367994.00000 -103.5794
445386.00000 4367998.00000 -103.4832
445386.00000 4368002.00000 -103.3881
445386.00000 4368006.00000 -103.2792
445386.00000 4368010.00000 -103.1866
445386.00000 4368014.00000 -103.0954
445386.00000 4368018.00000 -103.0056
445386.00000 4368022.00000 -102.9175
445386.00000 4368026.00000 -102.8310
445386.00000 4368030.00000 -102.7463
445386.00000 4368034.00000 -102.6485
445386.00000 4368038.00000 -102.5828
445386.00000 4368042.00000 -102.5341
445386.00000 4368046.00000 -102.5777
445386.00000 4368050.00000 -102.6086
445386.00000 4368054.00000 -113.5861
445386.00000 4368058.00000 -113.8749
445386.00000 4368062.00000 -114.2199
445386.00000 4368066.00000 -114.6073
445386.00000 4368070.00000 -113.5256
445386.00000 4368074.00000 -113.2180
445386.00000 4368078.00000 -112.9144
445386.00000 4368082.00000 -112.7668
445386.00000 4368086.00000 -117.8797
445386.00000 4368090.00000 N.C.
445386.00000 4368094.00000 N.C.
445386.00000 4368098.00000 N.C.
445386.00000 4368102.00000 N.C.
445386.00000 4368106.00000 N.C.
445386.00000 4368110.00000 N.C.
445386.00000 4368114.00000 N.C.
445386.00000 4368118.00000 N.C.
445386.00000 4368122.00000 N.C.
445386.00000 4368126.00000 N.C.
445386.00000 4368130.00000 N.C.
445386.00000 4368134.00000 N.C.
445386.00000 4368138.00000 N.C.
445386.00000 4368142.00000 N.C.
445386.00000 4368146.00000 N.C.
445386.00000 4368150.00000 N.C.
445386.00000 4368154.00000 N.C.
445386.00000 4368158.00000 N.C.
445386.00000 4368162.00000 N.C.
445386.00000 4368166.00000 N.C.
445386.00000 4368170.00000 N.C.
445386.00000 4368174.00000 N.C.
445386.00000 4368178.00000 -130.7168
445386.00000 4368182.00000 -124.9941
445386.00000 4368186.00000 N.C.
445386.00000 4368190.00000 N.C.
445386.00000 4368194.00000 N.C.
445386.00000 4368198.00000 N.C.
445386.00000 4368202.00000 N.C.
445386.00000 4368206.00000 -119.1800
445386.00000 4368210.00000 -114.5185
445386.00000 4368214.00000 -114.2074
445386.00000 4368218.00000 -113.9974
445386.00000 4368222.00000 -113.8406
445386.00000 4368226.00000 N.C.
445386.00000 4368230.00000 N.C.
445386.00000 4368234.00000 N.C.
445386.00000 4368238.00000 N.C.
445386.00000 4368242.00000 N.C.
445386.00000 4368246.00000 -124.3056
445386.00000 4368250.00000 -123.7765
445386.00000 4368254.00000 N.C.
445386.00000 4368258.00000 N.C.
445386.00000 4368262.00000 N.C.
445386.00000 4368266.00000 -127.9660
445386.00000 4368270.00000 N.C.
445386.00000 4368274.00000 -127.0559
445386.00000 4368278.00000 -120.9557
445386.00000 4368282.00000 -121.1427
445386.00000 4368286.00000 -121.3827
445386.00000 4368290.00000 -121.6268
445386.00000 4368294.00000 -121.8632
445386.00000 4368298.00000 -122.1153
445386.00000 4368302.00000 -119.3299
445386.00000 4368306.00000 -119.6634
445386.00000 4368310.00000 -120.0023
445386.00000 4368314.00000 -120.3162
445386.00000 4368318.00000 -120.6048
445386.00000 4368322.00000 -120.8835
445386.00000 4368326.00000 -121.1527
445386.00000 4368330.00000 -121.3978
445386.00000 4368334.00000 -121.5895
445386.00000 4368338.00000 -121.8477
445386.00000 4368342.00000 -122.0984
445386.00000 4368346.00000 -122.3270
445386.00000 4368350.00000 -122.5485
445386.00000 4368354.00000 -122.7487
445386.00000 4368358.00000 -122.9879
445386.00000 4368362.00000 -117.3720
445386.00000 4368366.00000 -117.4343
445386.00000 4368370.00000 -117.5789
445386.00000 4368374.00000 -117.7765
445386.00000 4368378.00000 -117.9954
445386.00000 4368382.00000 -118.2517
445386.00000 4368386.00000 -118.5201
445386.00000 4368390.00000 -118.7789
445386.00000 4368394.00000 -119.0386
445390.00000 4367886.00000 -106.3586
445390.00000 4367890.00000 -106.2575
445390.00000 4367894.00000 -106.1562
445390.00000 4367898.00000 -106.0546
445390.00000 4367902.00000 -105.9529
445390.00000 4367906.00000 -105.8510
445390.00000 4367910.00000 -105.7490
445390.00000 4367914.00000 -105.6469
445390.00000 4367918.00000 -105.5447
445390.00000 4367922.00000 -105.4424
445390.00000 4367926.00000 -105.3402
445390.00000 4367930.00000 -105.2379
445390.00000 4367934.00000 -105.1508
445390.00000 4367938.00000 -105.0488
445390.00000 4367942.00000 -104.9469
445390.00000 4367946.00000 -104.8452
445390.00000 4367950.00000 -104.7738
445390.00000 4367954.00000 -104.6726
445390.00000 4367958.00000 -104.5719
445390.00000 4367962.00000 -104.4865
445390.00000 4367966.00000 -104.3866
445390.00000 4367970.00000 -104.2872
445390.00000 4367974.00000 -104.2035
445390.00000 4367978.00000 -104.0903
445390.00000 4367982.00000 -104.0080
445390.00000 4367986.00000 -103.9114
445390.00000 4367990.00000 -103.8157
445390.00000 4367994.00000 -103.7209
445390.00000 4367998.00000 -103.6272
445390.00000 4368002.00000 -103.5346
445390.00000 4368006.00000 -103.4283
445390.00000 4368010.00000 -103.3382
445390.00000 4368014.00000 -103.2495
445390.00000 4368018.00000 -103.1623
445390.00000 4368022.00000 -103.0766
445390.00000 4368026.00000 -102.9927
445390.00000 4368030.00000 -102.8955
445390.00000 4368034.00000 -102.8152
445390.00000 4368038.00000 -102.7669
445390.00000 4368042.00000 -102.7507
445390.00000 4368046.00000 -102.7966
445390.00000 4368050.00000 -102.8299
445390.00000 4368054.00000 -113.8777
445390.00000 4368058.00000 -114.1637
445390.00000 4368062.00000 -114.4974
445390.00000 4368066.00000 -113.9322
445390.00000 4368070.00000 -113.6305
445390.00000 4368074.00000 -113.3311
445390.00000 4368078.00000 -113.0356
445390.00000 4368082.00000 -112.9564
445390.00000 4368086.00000 N.C.
445390.00000 4368090.00000 N.C.
445390.00000 4368094.00000 N.C.
445390.00000 4368098.00000 N.C.
445390.00000 4368102.00000 N.C.
445390.00000 4368106.00000 N.C.
445390.00000 4368110.00000 N.C.
445390.00000 4368114.00000 N.C.
445390.00000 4368118.00000 N.C.
445390.00000 4368122.00000 N.C.
445390.00000 4368126.00000 N.C.
445390.00000 4368130.00000 N.C.
445390.00000 4368134.00000 N.C.
445390.00000 4368138.00000 N.C.
445390.00000 4368142.00000 N.C.
445390.00000 4368146.00000 N.C.
445390.00000 4368150.00000 N.C.
445390.00000 4368154.00000 N.C.
445390.00000 4368158.00000 N.C.
445390.00000 4368162.00000 N.C.
445390.00000 4368166.00000 N.C.
445390.00000 4368170.00000 N.C.
445390.00000 4368174.00000 N.C.
445390.00000 4368178.00000 -129.9236
445390.00000 4368182.00000 N.C.
445390.00000 4368186.00000 N.C.
445390.00000 4368190.00000 N.C.
445390.00000 4368194.00000 N.C.
445390.00000 4368198.00000 N.C.
445390.00000 4368202.00000 N.C.
445390.00000 4368206.00000 -118.8866
445390.00000 4368210.00000 -114.7690
445390.00000 4368214.00000 -114.4417
445390.00000 4368218.00000 -114.2393
445390.00000 4368222.00000 -114.0512
445390.00000 4368226.00000 N.C.
445390.00000 4368230.00000 N.C.
445390.00000 4368234.00000 N.C.
445390.00000 4368238.00000 N.C.
445390.00000 4368242.00000 -124.5212
445390.00000 4368246.00000 N.C.
445390.00000 4368250.00000 N.C.
445390.00000 4368254.00000 N.C.
445390.00000 4368258.00000 N.C.
445390.00000 4368262.00000 N.C.
445390.00000 4368266.00000 N.C.
445390.00000 4368270.00000 N.C.
445390.00000 4368274.00000 -119.9988
445390.00000 4368278.00000 -120.1668
445390.00000 4368282.00000 -120.3535
445390.00000 4368286.00000 -120.6288
445390.00000 4368290.00000 -120.9102
445390.00000 4368294.00000 -121.2138
445390.00000 4368298.00000 -121.5017
445390.00000 4368302.00000 -121.7845
445390.00000 4368306.00000 -122.0449
445390.00000 4368310.00000 -119.7039
445390.00000 4368314.00000 -119.9933
445390.00000 4368318.00000 -120.3179
445390.00000 4368322.00000 -120.6179
445390.00000 4368326.00000 -120.8936
445390.00000 4368330.00000 -121.1752
445390.00000 4368334.00000 -121.4032
445390.00000 4368338.00000 -121.6678
445390.00000 4368342.00000 -121.8798
445390.00000 4368346.00000 -122.0843
445390.00000 4368350.00000 -122.3267
445390.00000 4368354.00000 -122.5625
445390.00000 4368358.00000 -122.7921
445390.00000 4368362.00000 -122.9860
445390.00000 4368366.00000 -123.1891
445390.00000 4368370.00000 -123.4019
445390.00000 4368374.00000 -117.6778
445390.00000 4368378.00000 -117.8550
445390.00000 4368382.00000 -118.0830
445390.00000 4368386.00000 -118.3331
445390.00000 4368390.00000 -118.5807
445390.00000 4368394.00000 -118.8487
445394.00000 4367886.00000 -106.4443
445394.00000 4367890.00000 -106.3448
445394.00000 4367894.00000 -106.2451
445394.00000 4367898.00000 -106.1452
445394.00000 4367902.00000 -106.0452
445394.00000 4367906.00000 -105.9451
445394.00000 4367910.00000 -105.8448
445394.00000 4367914.00000 -105.7445
445394.00000 4367918.00000 -105.6441
445394.00000 4367922.00000 -105.5437
445394.00000 4367926.00000 -105.4434
445394.00000 4367930.00000 -105.3581
445394.00000 4367934.00000 -105.2579
445394.00000 4367938.00000 -105.1579
445394.00000 4367942.00000 -105.0581
445394.00000 4367946.00000 -104.9885
445394.00000 4367950.00000 -104.8892
445394.00000 4367954.00000 -104.7902
445394.00000 4367958.00000 -104.7066
445394.00000 4367962.00000 -104.6084
445394.00000 4367966.00000 -104.5108
445394.00000 4367970.00000 -104.4287
445394.00000 4367974.00000 -104.3172
445394.00000 4367978.00000 -104.2364
445394.00000 4367982.00000 -104.1413
445394.00000 4367986.00000 -104.0471
445394.00000 4367990.00000 -103.9538
445394.00000 4367994.00000 -103.8615
445394.00000 4367998.00000 -103.7702
445394.00000 4368002.00000 -103.6650
445394.00000 4368006.00000 -103.5761
445394.00000 4368010.00000 -103.4884
445394.00000 4368014.00000 -103.4022
445394.00000 4368018.00000 -103.3174
445394.00000 4368022.00000 -103.2342
445394.00000 4368026.00000 -103.1527
445394.00000 4368030.00000 -103.0579
445394.00000 4368034.00000 -102.9950
445394.00000 4368038.00000 -102.9490
445394.00000 4368042.00000 -102.9801
445394.00000 4368046.00000 -103.0134
445394.00000 4368050.00000 -103.0639
445394.00000 4368054.00000 -114.1615
445394.00000 4368058.00000 -114.4430
445394.00000 4368062.00000 -114.7657
445394.00000 4368066.00000 -114.0320
445394.00000 4368070.00000 -113.7379
445394.00000 4368074.00000 -113.4462
445394.00000 4368078.00000 -113.1885
445394.00000 4368082.00000 -113.1922
445394.00000 4368086.00000 N.C.
445394.00000 4368090.00000 N.C.
445394.00000 4368094.00000 N.C.
445394.00000 4368098.00000 N.C.
445394.00000 4368102.00000 N.C.
445394.00000 4368106.00000 N.C.
445394.00000 4368110.00000 N.C.
445394.00000 4368114.00000 N.C.
445394.00000 4368118.00000 N.C.
445394.00000 4368122.00000 N.C.
445394.00000 4368126.00000 N.C.
445394.00000 4368130.00000 N.C.
445394.00000 4368134.00000 N.C.
445394.00000 4368138.00000 N.C.
445394.00000 4368142.00000 N.C.
445394.00000 4368146.00000 N.C.
445394.00000 4368150.00000 N.C.
445394.00000 4368154.00000 N.C.
445394.00000 4368158.00000 N.C.
445394.00000 4368162.00000 N.C.
445394.00000 4368166.00000 N.C.
445394.00000 4368170.00000 N.C.
445394.00000 4368174.00000 N.C.
445394.00000 4368178.00000 -123.8961
445394.00000 4368182.00000 N.C.
445394.00000 4368186.00000 N.C.
445394.00000 4368190.00000 N.C.
445394.00000 4368194.00000 N.C.
445394.00000 4368198.00000 N.C.
445394.00000 4368202.00000 N.C.
445394.00000 4368206.00000 -115.4747
445394.00000 4368210.00000 -115.0638
445394.00000 4368214.00000 N.C.
445394.00000 4368218.00000 -119.7485
445394.00000 4368222.00000 -114.3000
445394.00000 4368226.00000 N.C.
445394.00000 4368230.00000 N.C.
445394.00000 4368234.00000 N.C.
445394.00000 4368238.00000 -124.5363
445394.00000 4368242.00000 -124.6494
445394.00000 4368246.00000 N.C.
445394.00000 4368250.00000 N.C.
445394.00000 4368254.00000 N.C.
445394.00000 4368258.00000 N.C.
445394.00000 4368262.00000 N.C.
445394.00000 4368266.00000 N.C.
445394.00000 4368270.00000 N.C.
445394.00000 4368274.00000 -119.3661
445394.00000 4368278.00000 -119.4645
445394.00000 4368282.00000 -119.7156
445394.00000 4368286.00000 -119.9911
445394.00000 4368290.00000 -120.2791
445394.00000 4368294.00000 -120.5926
445394.00000 4368298.00000 -120.9066
445394.00000 4368302.00000 -121.2304
445394.00000 4368306.00000 -121.5311
445394.00000 4368310.00000 -121.8223
445394.00000 4368314.00000 -119.7084
445394.00000 4368318.00000 -120.0519
445394.00000 4368322.00000 -120.3567
445394.00000 4368326.00000 -120.6372
445394.00000 4368330.00000 -120.9238
445394.00000 4368334.00000 -121.1870
445394.00000 4368338.00000 -121.4568
445394.00000 4368342.00000 -121.7040
445394.00000 4368346.00000 -121.9585
445394.00000 4368350.00000 -122.1611
445394.00000 4368354.00000 -122.3719
445394.00000 4368358.00000 -122.5763
445394.00000 4368362.00000 -122.7896
445394.00000 4368366.00000 -123.0124
445394.00000 4368370.00000 -123.1996
445394.00000 4368374.00000 -123.4118
445394.00000 4368378.00000 -117.7870
445394.00000 4368382.00000 -117.9587
445394.00000 4368386.00000 -118.1808
445394.00000 4368390.00000 -118.4099
445394.00000 4368394.00000 -118.6666
445398.00000 4367886.00000 -106.5303
445398.00000 4367890.00000 -106.4323
445398.00000 4367894.00000 -106.3342
445398.00000 4367898.00000 -106.2360
445398.00000 4367902.00000 -106.1376
445398.00000 4367906.00000 -106.0392
445398.00000 4367910.00000 -105.9407
445398.00000 4367914.00000 -105.8421
445398.00000 4367918.00000 -105.7435
445398.00000 4367922.00000 -105.6450
445398.00000 4367926.00000 -105.5615
445398.00000 4367930.00000 -105.4632
445398.00000 4367934.00000 -105.3649
445398.00000 4367938.00000 -105.2669
445398.00000 4367942.00000 -105.1991
445398.00000 4367946.00000 -105.1015
445398.00000 4367950.00000 -105.0042
445398.00000 4367954.00000 -104.9223
445398.00000 4367958.00000 -104.8259
445398.00000 4367962.00000 -104.7299
445398.00000 4367966.00000 -104.6494
445398.00000 4367970.00000 -104.5545
445398.00000 4367974.00000 -104.4602
445398.00000 4367978.00000 -104.3667
445398.00000 4367982.00000 -104.2739
445398.00000 4367986.00000 -104.1820
445398.00000 4367990.00000 -104.0910
445398.00000 4367994.00000 -104.0010
445398.00000 4367998.00000 -103.9120
445398.00000 4368002.00000 -103.8092
445398.00000 4368006.00000 -103.7226
445398.00000 4368010.00000 -103.6373
445398.00000 4368014.00000 -103.5534
445398.00000 4368018.00000 -103.4710
445398.00000 4368022.00000 -103.3901
445398.00000 4368026.00000 -103.2959
445398.00000 4368030.00000 -103.2185
445398.00000 4368034.00000 -103.1728
445398.00000 4368038.00000 -103.1441
445398.00000 4368042.00000 -103.1925
445398.00000 4368046.00000 -103.2129
445398.00000 4368050.00000 -103.2506
445398.00000 4368054.00000 -114.4375
445398.00000 4368058.00000 -114.7136
445398.00000 4368062.00000 -115.0255
445398.00000 4368066.00000 -114.1343
445398.00000 4368070.00000 -102.8604
445398.00000 4368074.00000 -113.5633
445398.00000 4368078.00000 -113.3880
445398.00000 4368082.00000 -113.4141
445398.00000 4368086.00000 N.C.
445398.00000 4368090.00000 N.C.
445398.00000 4368094.00000 N.C.
445398.00000 4368098.00000 N.C.
445398.00000 4368102.00000 N.C.
445398.00000 4368106.00000 N.C.
445398.00000 4368110.00000 N.C.
445398.00000 4368114.00000 N.C.
445398.00000 4368118.00000 N.C.
445398.00000 4368122.00000 N.C.
445398.00000 4368126.00000 N.C.
445398.00000 4368130.00000 N.C.
445398.00000 4368134.00000 N.C.
445398.00000 4368138.00000 N.C.
445398.00000 4368142.00000 N.C.
445398.00000 4368146.00000 N.C.
445398.00000 4368150.00000 N.C.
445398.00000 4368154.00000 N.C.
445398.00000 4368158.00000 N.C.
445398.00000 4368162.00000 N.C.
445398.00000 4368166.00000 N.C.
445398.00000 4368170.00000 N.C.
445398.00000 4368174.00000 -126.7530
445398.00000 4368178.00000 -123.5649
445398.00000 4368182.00000 N.C.
445398.00000 4368186.00000 N.C.
445398.00000 4368190.00000 N.C.
445398.00000 4368194.00000 N.C.
445398.00000 4368198.00000 N.C.
445398.00000 4368202.00000 N.C.
445398.00000 4368206.00000 -115.7478
445398.00000 4368210.00000 -115.2967
445398.00000 4368214.00000 N.C.
445398.00000 4368218.00000 -119.9554
445398.00000 4368222.00000 N.C.
445398.00000 4368226.00000 N.C.
445398.00000 4368230.00000 N.C.
445398.00000 4368234.00000 N.C.
445398.00000 4368238.00000 -124.6370
445398.00000 4368242.00000 -123.7288
445398.00000 4368246.00000 -122.8717
445398.00000 4368250.00000 N.C.
445398.00000 4368254.00000 -121.0821
445398.00000 4368258.00000 -123.8439
445398.00000 4368262.00000 -124.4741
445398.00000 4368266.00000 -125.0138
445398.00000 4368270.00000 -123.3580
445398.00000 4368274.00000 -118.8862
445398.00000 4368278.00000 -118.9518
445398.00000 4368282.00000 -119.1407
445398.00000 4368286.00000 -119.4274
445398.00000 4368290.00000 -119.7367
445398.00000 4368294.00000 -120.0629
445398.00000 4368298.00000 -120.3783
445398.00000 4368302.00000 -120.7055
445398.00000 4368306.00000 -121.0252
445398.00000 4368310.00000 -121.3203
445398.00000 4368314.00000 -121.6499
445398.00000 4368318.00000 -121.9388
445398.00000 4368322.00000 -120.0993
445398.00000 4368326.00000 -120.3983
445398.00000 4368330.00000 -120.6886
445398.00000 4368334.00000 -120.9558
445398.00000 4368338.00000 -121.2448
445398.00000 4368342.00000 -121.4961
445398.00000 4368346.00000 -121.7550
445398.00000 4368350.00000 -121.9916
445398.00000 4368354.00000 -122.2367
445398.00000 4368358.00000 -122.4453
445398.00000 4368362.00000 -122.6327
445398.00000 4368366.00000 -122.8294
445398.00000 4368370.00000 -123.0206
445398.00000 4368374.00000 -123.2365
445398.00000 4368378.00000 -123.4324
445398.00000 4368382.00000 -117.9043
445398.00000 4368386.00000 -118.0704
445398.00000 4368390.00000 -118.2868
445398.00000 4368394.00000 -118.5101
445402.00000 4367886.00000 -106.6164
445402.00000 4367890.00000 -106.5200
445402.00000 4367894.00000 -106.4235
445402.00000 4367898.00000 -106.3269
445402.00000 4367902.00000 -106.2302
445402.00000 4367906.00000 -106.1334
445402.00000 4367910.00000 -106.0366
445402.00000 4367914.00000 -105.9398
445402.00000 4367918.00000 -105.8430
445402.00000 4367922.00000 -105.7613
445402.00000 4367926.00000 -105.6646
445402.00000 4367930.00000 -105.5681
445402.00000 4367934.00000 -105.4718
445402.00000 4367938.00000 -105.4057
445402.00000 4367942.00000 -105.3098
445402.00000 4367946.00000 -105.2142
445402.00000 4367950.00000 -105.1340
445402.00000 4367954.00000 -105.0391
445402.00000 4367958.00000 -104.9447
445402.00000 4367962.00000 -104.8658
445402.00000 4367966.00000 -104.7725
445402.00000 4367970.00000 -104.6647
445402.00000 4367974.00000 -104.5876
445402.00000 4367978.00000 -104.4963
445402.00000 4367982.00000 -104.4057
445402.00000 4367986.00000 -104.3160
445402.00000 4367990.00000 -104.2273
445402.00000 4367994.00000 -104.1395
445402.00000 4367998.00000 -104.0378
445402.00000 4368002.00000 -103.9522
445402.00000 4368006.00000 -103.8679
445402.00000 4368010.00000 -103.7849
445402.00000 4368014.00000 -103.7033
445402.00000 4368018.00000 -103.6231
445402.00000 4368022.00000 -103.5445
445402.00000 4368026.00000 -103.4525
445402.00000 4368030.00000 -103.3923
445402.00000 4368034.00000 -103.3488
445402.00000 4368038.00000 -103.3673
445402.00000 4368042.00000 -103.4028
445402.00000 4368046.00000 -103.4403
445402.00000 4368050.00000 -103.4350
445402.00000 4368054.00000 -114.7060
445402.00000 4368058.00000 -114.9762
445402.00000 4368062.00000 -115.2778
445402.00000 4368066.00000 -114.2388
445402.00000 4368070.00000 -115.0624
445402.00000 4368074.00000 -113.6818
445402.00000 4368078.00000 -113.6036
445402.00000 4368082.00000 -113.6669
445402.00000 4368086.00000 N.C.
445402.00000 4368090.00000 N.C.
445402.00000 4368094.00000 N.C.
445402.00000 4368098.00000 N.C.
445402.00000 4368102.00000 N.C.
445402.00000 4368106.00000 N.C.
445402.00000 4368110.00000 N.C.
445402.00000 4368114.00000 N.C.
445402.00000 4368118.00000 N.C.
445402.00000 4368122.00000 N.C.
445402.00000 4368126.00000 N.C.
445402.00000 4368130.00000 N.C.
445402.00000 4368134.00000 N.C.
445402.00000 4368138.00000 N.C.
445402.00000 4368142.00000 N.C.
445402.00000 4368146.00000 N.C.
445402.00000 4368150.00000 N.C.
445402.00000 4368154.00000 N.C.
445402.00000 4368158.00000 N.C.
445402.00000 4368162.00000 N.C.
445402.00000 4368166.00000 N.C.
445402.00000 4368170.00000 N.C.
445402.00000 4368174.00000 -126.9504
445402.00000 4368178.00000 -123.2708
445402.00000 4368182.00000 N.C.
445402.00000 4368186.00000 N.C.
445402.00000 4368190.00000 N.C.
445402.00000 4368194.00000 N.C.
445402.00000 4368198.00000 N.C.
445402.00000 4368202.00000 N.C.
445402.00000 4368206.00000 -115.9883
445402.00000 4368210.00000 -115.5425
445402.00000 4368214.00000 N.C.
445402.00000 4368218.00000 -120.1589
445402.00000 4368222.00000 N.C.
445402.00000 4368226.00000 N.C.
445402.00000 4368230.00000 N.C.
445402.00000 4368234.00000 -124.9218
445402.00000 4368238.00000 -124.1638
445402.00000 4368242.00000 -123.3109
445402.00000 4368246.00000 N.C.
445402.00000 4368250.00000 N.C.
445402.00000 4368254.00000 -120.8108
445402.00000 4368258.00000 -120.1212
445402.00000 4368262.00000 -119.4950
445402.00000 4368266.00000 -118.9998
445402.00000 4368270.00000 -118.6880
445402.00000 4368274.00000 -118.5445
445402.00000 4368278.00000 -118.5759
445402.00000 4368282.00000 -118.7149
445402.00000 4368286.00000 -118.9368
445402.00000 4368290.00000 -119.2533
445402.00000 4368294.00000 -119.5958
445402.00000 4368298.00000 -119.9183
445402.00000 4368302.00000 -120.2562
445402.00000 4368306.00000 -120.5737
445402.00000 4368310.00000 -120.8977
445402.00000 4368314.00000 -121.2115
445402.00000 4368318.00000 -121.4997
445402.00000 4368322.00000 -121.8220
445402.00000 4368326.00000 -122.1038
445402.00000 4368330.00000 -120.4696
445402.00000 4368334.00000 -120.7394
445402.00000 4368338.00000 -121.0316
445402.00000 4368342.00000 -121.2861
445402.00000 4368346.00000 -121.5635
445402.00000 4368350.00000 -121.8036
445402.00000 4368354.00000 -122.0521
445402.00000 4368358.00000 -122.2642
445402.00000 4368362.00000 -122.5002
445402.00000 4368366.00000 -122.7003
445402.00000 4368370.00000 -122.8948
445402.00000 4368374.00000 -123.0840
445402.00000 4368378.00000 -123.2533
445402.00000 4368382.00000 -117.9011
445402.00000 4368386.00000 -118.0281
445402.00000 4368390.00000 -118.1888
445402.00000 4368394.00000 -118.3993
445406.00000 4367886.00000 -106.7027
445406.00000 4367890.00000 -106.6079
445406.00000 4367894.00000 -106.5129
445406.00000 4367898.00000 -106.4179
445406.00000 4367902.00000 -106.3228
445406.00000 4367906.00000 -106.2277
445406.00000 4367910.00000 -106.1326
445406.00000 4367914.00000 -106.0375
445406.00000 4367918.00000 -105.9574
445406.00000 4367922.00000 -105.8625
445406.00000 4367926.00000 -105.7676
445406.00000 4367930.00000 -105.6730
445406.00000 4367934.00000 -105.5935
445406.00000 4367938.00000 -105.5142
445406.00000 4367942.00000 -105.4203
445406.00000 4367946.00000 -105.3416
445406.00000 4367950.00000 -105.2484
445406.00000 4367954.00000 -105.1555
445406.00000 4367958.00000 -105.0781
445406.00000 4367962.00000 -104.9863
445406.00000 4367966.00000 -104.8800
445406.00000 4367970.00000 -104.8043
445406.00000 4367974.00000 -104.7143
445406.00000 4367978.00000 -104.6251
445406.00000 4367982.00000 -104.5367
445406.00000 4367986.00000 -104.4492
445406.00000 4367990.00000 -104.3625
445406.00000 4367994.00000 -104.2620
445406.00000 4367998.00000 -104.1774
445406.00000 4368002.00000 -104.0941
445406.00000 4368006.00000 -104.0119
445406.00000 4368010.00000 -103.9311
445406.00000 4368014.00000 -103.8517
445406.00000 4368018.00000 -103.7737
445406.00000 4368022.00000 -103.6822
445406.00000 4368026.00000 -103.6074
445406.00000 4368030.00000 -103.5643
445406.00000 4368034.00000 -103.5380
445406.00000 4368038.00000 -103.5735
445406.00000 4368042.00000 -103.6110
445406.00000 4368046.00000 -103.6656
445406.00000 4368050.00000 -103.6323
445406.00000 4368054.00000 -114.9673
445406.00000 4368058.00000 -115.2309
445406.00000 4368062.00000 -114.6198
445406.00000 4368066.00000 -114.4094
445406.00000 4368070.00000 -115.2688
445406.00000 4368074.00000 -113.8316
445406.00000 4368078.00000 -113.8203
445406.00000 4368082.00000 -113.9054
445406.00000 4368086.00000 N.C.
445406.00000 4368090.00000 N.C.
445406.00000 4368094.00000 N.C.
445406.00000 4368098.00000 N.C.
445406.00000 4368102.00000 N.C.
445406.00000 4368106.00000 N.C.
445406.00000 4368110.00000 N.C.
445406.00000 4368114.00000 N.C.
445406.00000 4368118.00000 N.C.
445406.00000 4368122.00000 N.C.
445406.00000 4368126.00000 N.C.
445406.00000 4368130.00000 N.C.
445406.00000 4368134.00000 N.C.
445406.00000 4368138.00000 N.C.
445406.00000 4368142.00000 N.C.
445406.00000 4368146.00000 N.C.
445406.00000 4368150.00000 N.C.
445406.00000 4368154.00000 N.C.
445406.00000 4368158.00000 N.C.
445406.00000 4368162.00000 N.C.
445406.00000 4368166.00000 N.C.
445406.00000 4368170.00000 N.C.
445406.00000 4368174.00000 -127.1781
445406.00000 4368178.00000 -122.9822
445406.00000 4368182.00000 N.C.
445406.00000 4368186.00000 N.C.
445406.00000 4368190.00000 N.C.
445406.00000 4368194.00000 N.C.
445406.00000 4368198.00000 N.C.
445406.00000 4368202.00000 -123.3135
445406.00000 4368206.00000 -116.2108
445406.00000 4368210.00000 -115.8304
445406.00000 4368214.00000 -122.4561
445406.00000 4368218.00000 -115.2267
445406.00000 4368222.00000 N.C.
445406.00000 4368226.00000 N.C.
445406.00000 4368230.00000 N.C.
445406.00000 4368234.00000 -124.5691
445406.00000 4368238.00000 -123.7787
445406.00000 4368242.00000 -122.9845
445406.00000 4368246.00000 N.C.
445406.00000 4368250.00000 N.C.
445406.00000 4368254.00000 -120.6432
445406.00000 4368258.00000 -119.9893
445406.00000 4368262.00000 -119.3750
445406.00000 4368266.00000 -118.8631
445406.00000 4368270.00000 -118.5088
445406.00000 4368274.00000 -118.3527
445406.00000 4368278.00000 -118.2963
445406.00000 4368282.00000 -118.3725
445406.00000 4368286.00000 -118.5759
445406.00000 4368290.00000 -118.8425
445406.00000 4368294.00000 -119.1458
445406.00000 4368298.00000 -119.5116
445406.00000 4368302.00000 -119.8530
445406.00000 4368306.00000 -120.1774
445406.00000 4368310.00000 -120.4953
445406.00000 4368314.00000 -120.8192
445406.00000 4368318.00000 -121.1330
445406.00000 4368322.00000 -121.4363
445406.00000 4368326.00000 -121.7289
445406.00000 4368330.00000 -122.0114
445406.00000 4368334.00000 -120.5379
445406.00000 4368338.00000 -120.8322
445406.00000 4368342.00000 -121.0891
445406.00000 4368346.00000 -121.3689
445406.00000 4368350.00000 -121.6118
445406.00000 4368354.00000 -121.8632
445406.00000 4368358.00000 -122.1081
445406.00000 4368362.00000 -122.3319
445406.00000 4368366.00000 -122.5499
445406.00000 4368370.00000 -122.7625
445406.00000 4368374.00000 -122.9696
445406.00000 4368378.00000 -123.1717
445406.00000 4368382.00000 -123.3389
445406.00000 4368386.00000 -118.0349
445406.00000 4368390.00000 -118.1421
445406.00000 4368394.00000 -118.3122
445410.00000 4367886.00000 -106.7892
445410.00000 4367890.00000 -106.6958
445410.00000 4367894.00000 -106.6024
445410.00000 4367898.00000 -106.5090
445410.00000 4367902.00000 -106.4155
445410.00000 4367906.00000 -106.3220
445410.00000 4367910.00000 -106.2285
445410.00000 4367914.00000 -106.1501
445410.00000 4367918.00000 -106.0568
445410.00000 4367922.00000 -105.9635
445410.00000 4367926.00000 -105.8705
445410.00000 4367930.00000 -105.7926
445410.00000 4367934.00000 -105.7149
445410.00000 4367938.00000 -105.6225
445410.00000 4367942.00000 -105.5305
445410.00000 4367946.00000 -105.4537
445410.00000 4367950.00000 -105.3624
445410.00000 4367954.00000 -105.2715
445410.00000 4367958.00000 -105.1961
445410.00000 4367962.00000 -105.0912
445410.00000 4367966.00000 -105.0169
445410.00000 4367970.00000 -104.9283
445410.00000 4367974.00000 -104.8403
445410.00000 4367978.00000 -104.7532
445410.00000 4367982.00000 -104.6668
445410.00000 4367986.00000 -104.5814
445410.00000 4367990.00000 -104.4969
445410.00000 4367994.00000 -104.3984
445410.00000 4367998.00000 -104.3160
445410.00000 4368002.00000 -104.2347
445410.00000 4368006.00000 -104.1547
445410.00000 4368010.00000 -104.0760
445410.00000 4368014.00000 -103.9987
445410.00000 4368018.00000 -103.9228
445410.00000 4368022.00000 -103.8334
445410.00000 4368026.00000 -103.7757
445410.00000 4368030.00000 -103.7346
445410.00000 4368034.00000 -103.7553
445410.00000 4368038.00000 -103.7928
445410.00000 4368042.00000 -103.8023
445410.00000 4368046.00000 -103.8138
445410.00000 4368050.00000 -103.7974
445410.00000 4368054.00000 -103.7231
445410.00000 4368058.00000 -103.6511
445410.00000 4368062.00000 -103.5364
445410.00000 4368066.00000 -103.4391
445410.00000 4368070.00000 -115.4717
445410.00000 4368074.00000 -114.0125
445410.00000 4368078.00000 -114.0225
445410.00000 4368082.00000 -119.3148
445410.00000 4368086.00000 N.C.
445410.00000 4368090.00000 N.C.
445410.00000 4368094.00000 N.C.
445410.00000 4368098.00000 N.C.
445410.00000 4368102.00000 N.C.
445410.00000 4368106.00000 N.C.
445410.00000 4368110.00000 N.C.
445410.00000 4368114.00000 N.C.
445410.00000 4368118.00000 N.C.
445410.00000 4368122.00000 N.C.
445410.00000 4368126.00000 N.C.
445410.00000 4368130.00000 N.C.
445410.00000 4368134.00000 N.C.
445410.00000 4368138.00000 N.C.
445410.00000 4368142.00000 N.C.
445410.00000 4368146.00000 N.C.
445410.00000 4368150.00000 N.C.
445410.00000 4368154.00000 N.C.
445410.00000 4368158.00000 N.C.
445410.00000 4368162.00000 N.C.
445410.00000 4368166.00000 N.C.
445410.00000 4368170.00000 N.C.
445410.00000 4368174.00000 -124.4868
445410.00000 4368178.00000 -122.7418
445410.00000 4368182.00000 N.C.
445410.00000 4368186.00000 N.C.
445410.00000 4368190.00000 N.C.
445410.00000 4368194.00000 N.C.
445410.00000 4368198.00000 N.C.
445410.00000 4368202.00000 -121.1153
445410.00000 4368206.00000 -116.4753
445410.00000 4368210.00000 -116.0854
445410.00000 4368214.00000 -115.7704
445410.00000 4368218.00000 N.C.
445410.00000 4368222.00000 N.C.
445410.00000 4368226.00000 N.C.
445410.00000 4368230.00000 N.C.
445410.00000 4368234.00000 -124.2471
445410.00000 4368238.00000 -123.5075
445410.00000 4368242.00000 -122.8176
445410.00000 4368246.00000 N.C.
445410.00000 4368250.00000 -125.5913
445410.00000 4368254.00000 -120.5516
445410.00000 4368258.00000 -119.9335
445410.00000 4368262.00000 -119.3355
445410.00000 4368266.00000 -118.8301
445410.00000 4368270.00000 -118.4419
445410.00000 4368274.00000 -118.2029
445410.00000 4368278.00000 -118.1156
445410.00000 4368282.00000 -118.1356
445410.00000 4368286.00000 -118.2949
445410.00000 4368290.00000 -118.5311
445410.00000 4368294.00000 -118.8007
445410.00000 4368298.00000 -119.1271
445410.00000 4368302.00000 -119.4803
445410.00000 4368306.00000 -119.8210
445410.00000 4368310.00000 -120.1580
445410.00000 4368314.00000 -120.4731
445410.00000 4368318.00000 -120.7792
445410.00000 4368322.00000 -121.0905
445410.00000 4368326.00000 -121.3917
445410.00000 4368330.00000 -121.6827
445410.00000 4368334.00000 -121.9639
445410.00000 4368338.00000 -122.2207
445410.00000 4368342.00000 -120.9047
445410.00000 4368346.00000 -121.1713
445410.00000 4368350.00000 -121.4313
445410.00000 4368354.00000 -121.6847
445410.00000 4368358.00000 -121.9169
445410.00000 4368362.00000 -122.1581
445410.00000 4368366.00000 -122.3936
445410.00000 4368370.00000 -122.6083
445410.00000 4368374.00000 -122.8181
445410.00000 4368378.00000 -123.0226
445410.00000 4368382.00000 -123.2222
445410.00000 4368386.00000 -123.4172
445410.00000 4368390.00000 -118.1729
445410.00000 4368394.00000 -118.2751
445414.00000 4367886.00000 -106.8758
445414.00000 4367890.00000 -106.7839
445414.00000 4367894.00000 -106.6920
445414.00000 4367898.00000 -106.6001
445414.00000 4367902.00000 -106.5082
445414.00000 4367906.00000 -106.4163
445414.00000 4367910.00000 -106.3394
445414.00000 4367914.00000 -106.2477
445414.00000 4367918.00000 -106.1560
445414.00000 4367922.00000 -106.0645
445414.00000 4367926.00000 -105.9882
445414.00000 4367930.00000 -105.9120
445414.00000 4367934.00000 -105.8212
445414.00000 4367938.00000 -105.7306
445414.00000 4367942.00000 -105.6553
445414.00000 4367946.00000 -105.5654
445414.00000 4367950.00000 -105.4760
445414.00000 4367954.00000 -105.4019
445414.00000 4367958.00000 -105.3134
445414.00000 4367962.00000 -105.2105
445414.00000 4367966.00000 -105.1382
445414.00000 4367970.00000 -105.0515
445414.00000 4367974.00000 -104.9656
445414.00000 4367978.00000 -104.8804
445414.00000 4367982.00000 -104.7961
445414.00000 4367986.00000 -104.7127
445414.00000 4367990.00000 -104.6152
445414.00000 4367994.00000 -104.5338
445414.00000 4367998.00000 -104.4534
445414.00000 4368002.00000 -104.3742
445414.00000 4368006.00000 -104.2962
445414.00000 4368010.00000 -104.2196
445414.00000 4368014.00000 -104.1443
445414.00000 4368018.00000 -104.0554
445414.00000 4368022.00000 -103.9830
445414.00000 4368026.00000 -103.9273
445414.00000 4368030.00000 -103.9182
445414.00000 4368034.00000 -103.9408
445414.00000 4368038.00000 -103.9653
445414.00000 4368042.00000 -104.0216
445414.00000 4368046.00000 -104.0050
445414.00000 4368050.00000 -103.9604
445414.00000 4368054.00000 -103.8579
445414.00000 4368058.00000 -103.8026
445414.00000 4368062.00000 -103.6895
445414.00000 4368066.00000 -103.6239
445414.00000 4368070.00000 -103.6056
445414.00000 4368074.00000 -103.6048
445414.00000 4368078.00000 -103.8166
445414.00000 4368082.00000 -116.5204
445414.00000 4368086.00000 -118.5850
445414.00000 4368090.00000 -118.4701
445414.00000 4368094.00000 -118.4065
445414.00000 4368098.00000 -118.3195
445414.00000 4368102.00000 -118.3142
445414.00000 4368106.00000 N.C.
445414.00000 4368110.00000 N.C.
445414.00000 4368114.00000 N.C.
445414.00000 4368118.00000 N.C.
445414.00000 4368122.00000 N.C.
445414.00000 4368126.00000 N.C.
445414.00000 4368130.00000 N.C.
445414.00000 4368134.00000 N.C.
445414.00000 4368138.00000 N.C.
445414.00000 4368142.00000 N.C.
445414.00000 4368146.00000 N.C.
445414.00000 4368150.00000 N.C.
445414.00000 4368154.00000 N.C.
445414.00000 4368158.00000 N.C.
445414.00000 4368162.00000 N.C.
445414.00000 4368166.00000 N.C.
445414.00000 4368170.00000 N.C.
445414.00000 4368174.00000 -123.3243
445414.00000 4368178.00000 -122.5474
445414.00000 4368182.00000 N.C.
445414.00000 4368186.00000 N.C.
445414.00000 4368190.00000 N.C.
445414.00000 4368194.00000 N.C.
445414.00000 4368198.00000 N.C.
445414.00000 4368202.00000 -120.5002
445414.00000 4368206.00000 -116.7366
445414.00000 4368210.00000 -116.3073
445414.00000 4368214.00000 -115.9964
445414.00000 4368218.00000 N.C.
445414.00000 4368222.00000 N.C.
445414.00000 4368226.00000 N.C.
445414.00000 4368230.00000 N.C.
445414.00000 4368234.00000 -123.9777
445414.00000 4368238.00000 -123.2894
445414.00000 4368242.00000 -122.7021
445414.00000 4368246.00000 -122.0917
445414.00000 4368250.00000 -121.1422
445414.00000 4368254.00000 -120.5161
445414.00000 4368258.00000 -119.9180
445414.00000 4368262.00000 -119.3544
445414.00000 4368266.00000 -118.8330
445414.00000 4368270.00000 -118.4058
445414.00000 4368274.00000 -118.1366
445414.00000 4368278.00000 -118.0214
445414.00000 4368282.00000 -118.0116
445414.00000 4368286.00000 -118.0740
445414.00000 4368290.00000 -118.2708
445414.00000 4368294.00000 -118.5285
445414.00000 4368298.00000 -118.8229
445414.00000 4368302.00000 -119.1370
445414.00000 4368306.00000 -119.4886
445414.00000 4368310.00000 -119.8406
445414.00000 4368314.00000 -120.1580
445414.00000 4368318.00000 -120.4832
445414.00000 4368322.00000 -120.7998
445414.00000 4368326.00000 -121.0770
445414.00000 4368330.00000 -121.3744
445414.00000 4368334.00000 -121.6625
445414.00000 4368338.00000 -121.9411
445414.00000 4368342.00000 -122.2108
445414.00000 4368346.00000 -122.4569
445414.00000 4368350.00000 -121.2466
445414.00000 4368354.00000 -121.5016
445414.00000 4368358.00000 -121.7656
445414.00000 4368362.00000 -121.9785
445414.00000 4368366.00000 -122.2159
445414.00000 4368370.00000 -122.4477
445414.00000 4368374.00000 -122.6744
445414.00000 4368378.00000 -122.8809
445414.00000 4368382.00000 -123.0827
445414.00000 4368386.00000 -123.2797
445414.00000 4368390.00000 -118.2547
445414.00000 4368394.00000 -118.3141
445418.00000 4367886.00000 -106.9624
445418.00000 4367890.00000 -106.8721
445418.00000 4367894.00000 -106.7817
445418.00000 4367898.00000 -106.6913
445418.00000 4367902.00000 -106.6009
445418.00000 4367906.00000 -106.5256
445418.00000 4367910.00000 -106.4353
445418.00000 4367914.00000 -106.3452
445418.00000 4367918.00000 -106.2551
445418.00000 4367922.00000 -106.1803
445418.00000 4367926.00000 -106.1057
445418.00000 4367930.00000 -106.0162
445418.00000 4367934.00000 -105.9271
445418.00000 4367938.00000 -105.8533
445418.00000 4367942.00000 -105.7648
445418.00000 4367946.00000 -105.6767
445418.00000 4367950.00000 -105.6041
445418.00000 4367954.00000 -105.5169
445418.00000 4367958.00000 -105.4153
445418.00000 4367962.00000 -105.3443
445418.00000 4367966.00000 -105.2589
445418.00000 4367970.00000 -105.1741
445418.00000 4367974.00000 -105.0901
445418.00000 4367978.00000 -105.0069
445418.00000 4367982.00000 -104.9245
445418.00000 4367986.00000 -104.8281
445418.00000 4367990.00000 -104.7476
445418.00000 4367994.00000 -104.6681
445418.00000 4367998.00000 -104.5897
445418.00000 4368002.00000 -104.5125
445418.00000 4368006.00000 -104.4365
445418.00000 4368010.00000 -104.3618
445418.00000 4368014.00000 -104.2884
445418.00000 4368018.00000 -104.2015
445418.00000 4368022.00000 -104.1311
445418.00000 4368026.00000 -104.0923
445418.00000 4368030.00000 -104.1151
445418.00000 4368034.00000 -104.1396
445418.00000 4368038.00000 -104.1659
445418.00000 4368042.00000 -104.2090
445418.00000 4368046.00000 -104.1791
445418.00000 4368050.00000 -104.1063
445418.00000 4368054.00000 -104.0204
445418.00000 4368058.00000 -103.9668
445418.00000 4368062.00000 -103.8254
445418.00000 4368066.00000 -103.8062
445418.00000 4368070.00000 -103.8044
445418.00000 4368074.00000 -103.7751
445418.00000 4368078.00000 -104.1082
445418.00000 4368082.00000 -116.6407
445418.00000 4368086.00000 -116.6755
445418.00000 4368090.00000 -116.7472
445418.00000 4368094.00000 -116.8256
445418.00000 4368098.00000 -116.9705
445418.00000 4368102.00000 -116.1370
445418.00000 4368106.00000 -118.4052
445418.00000 4368110.00000 -117.3370
445418.00000 4368114.00000 -121.7353
445418.00000 4368118.00000 -124.2837
445418.00000 4368122.00000 -124.6162
445418.00000 4368126.00000 -124.8427
445418.00000 4368130.00000 -125.0557
445418.00000 4368134.00000 N.C.
445418.00000 4368138.00000 N.C.
445418.00000 4368142.00000 N.C.
445418.00000 4368146.00000 N.C.
445418.00000 4368150.00000 N.C.
445418.00000 4368154.00000 N.C.
445418.00000 4368158.00000 N.C.
445418.00000 4368162.00000 N.C.
445418.00000 4368166.00000 N.C.
445418.00000 4368170.00000 N.C.
445418.00000 4368174.00000 -122.7864
445418.00000 4368178.00000 N.C.
445418.00000 4368182.00000 N.C.
445418.00000 4368186.00000 N.C.
445418.00000 4368190.00000 N.C.
445418.00000 4368194.00000 N.C.
445418.00000 4368198.00000 N.C.
445418.00000 4368202.00000 -117.3691
445418.00000 4368206.00000 N.C.
445418.00000 4368210.00000 -120.7149
445418.00000 4368214.00000 -116.2193
445418.00000 4368218.00000 -123.7573
445418.00000 4368222.00000 -125.4867
445418.00000 4368226.00000 N.C.
445418.00000 4368230.00000 N.C.
445418.00000 4368234.00000 N.C.
445418.00000 4368238.00000 N.C.
445418.00000 4368242.00000 -122.6544
445418.00000 4368246.00000 -122.0125
445418.00000 4368250.00000 -121.0922
445418.00000 4368254.00000 -120.5220
445418.00000 4368258.00000 -119.9573
445418.00000 4368262.00000 -119.4003
445418.00000 4368266.00000 -118.8987
445418.00000 4368270.00000 -118.4868
445418.00000 4368274.00000 -118.1674
445418.00000 4368278.00000 -117.9555
445418.00000 4368282.00000 -117.9166
445418.00000 4368286.00000 -117.9528
445418.00000 4368290.00000 -118.0731
445418.00000 4368294.00000 -118.3113
445418.00000 4368298.00000 -118.5673
445418.00000 4368302.00000 -118.8663
445418.00000 4368306.00000 -119.1943
445418.00000 4368310.00000 -119.5268
445418.00000 4368314.00000 -119.8732
445418.00000 4368318.00000 -120.1997
445418.00000 4368322.00000 -120.5040
445418.00000 4368326.00000 -120.8148
445418.00000 4368330.00000 -121.1169
445418.00000 4368334.00000 -121.3798
445418.00000 4368338.00000 -121.6637
445418.00000 4368342.00000 -121.9388
445418.00000 4368346.00000 -122.2054
445418.00000 4368350.00000 -122.4639
445418.00000 4368354.00000 -121.3437
445418.00000 4368358.00000 -121.5788
445418.00000 4368362.00000 -121.8231
445418.00000 4368366.00000 -122.0768
445418.00000 4368370.00000 -122.2803
445418.00000 4368374.00000 -122.5085
445418.00000 4368378.00000 -122.7317
445418.00000 4368382.00000 -122.9502
445418.00000 4368386.00000 -123.1489
445418.00000 4368390.00000 -123.3434
445418.00000 4368394.00000 -118.4017
445422.00000 4367886.00000 -107.0492
445422.00000 4367890.00000 -106.9603
445422.00000 4367894.00000 -106.8713
445422.00000 4367898.00000 -106.7824
445422.00000 4367902.00000 -106.6936
445422.00000 4367906.00000 -106.6198
445422.00000 4367910.00000 -106.5311
445422.00000 4367914.00000 -106.4425
445422.00000 4367918.00000 -106.3541
445422.00000 4367922.00000 -106.2959
445422.00000 4367926.00000 -106.2079
445422.00000 4367930.00000 -106.1202
445422.00000 4367934.00000 -106.0478
445422.00000 4367938.00000 -105.9607
445422.00000 4367942.00000 -105.8739
445422.00000 4367946.00000 -105.8026
445422.00000 4367950.00000 -105.7168
445422.00000 4367954.00000 -105.6164
445422.00000 4367958.00000 -105.5466
445422.00000 4367962.00000 -105.4624
445422.00000 4367966.00000 -105.3788
445422.00000 4367970.00000 -105.2960
445422.00000 4367974.00000 -105.2139
445422.00000 4367978.00000 -105.1325
445422.00000 4367982.00000 -105.0521
445422.00000 4367986.00000 -104.9575
445422.00000 4367990.00000 -104.8789
445422.00000 4367994.00000 -104.8014
445422.00000 4367998.00000 -104.7249
445422.00000 4368002.00000 -104.6496
445422.00000 4368006.00000 -104.5755
445422.00000 4368010.00000 -104.5027
445422.00000 4368014.00000 -104.4162
445422.00000 4368018.00000 -104.3462
445422.00000 4368022.00000 -104.2926
445422.00000 4368026.00000 -104.2706
445422.00000 4368030.00000 -104.2953
445422.00000 4368034.00000 -104.3216
445422.00000 4368038.00000 -104.3646
445422.00000 4368042.00000 -104.3645
445422.00000 4368046.00000 -104.3363
445422.00000 4368050.00000 -104.2501
445422.00000 4368054.00000 -104.1959
445422.00000 4368058.00000 -104.0838
445422.00000 4368062.00000 -104.0039
445422.00000 4368066.00000 -103.9863
445422.00000 4368070.00000 -104.0009
445422.00000 4368074.00000 -104.0028
445422.00000 4368078.00000 -104.4122
445422.00000 4368082.00000 -104.5241
445422.00000 4368086.00000 -104.2785
445422.00000 4368090.00000 -117.6264
445422.00000 4368094.00000 -117.7847
445422.00000 4368098.00000 -115.7006
445422.00000 4368102.00000 -115.5013
445422.00000 4368106.00000 -118.2399
445422.00000 4368110.00000 -116.0687
445422.00000 4368114.00000 -115.2402
445422.00000 4368118.00000 -117.5164
445422.00000 4368122.00000 -119.8070
445422.00000 4368126.00000 -121.6207
445422.00000 4368130.00000 -117.0507
445422.00000 4368134.00000 -117.3382
445422.00000 4368138.00000 -117.7233
445422.00000 4368142.00000 -124.4389
445422.00000 4368146.00000 -125.0778
445422.00000 4368150.00000 -125.1534
445422.00000 4368154.00000 -125.2999
445422.00000 4368158.00000 -125.4975
445422.00000 4368162.00000 N.C.
445422.00000 4368166.00000 N.C.
445422.00000 4368170.00000 N.C.
445422.00000 4368174.00000 -121.8812
445422.00000 4368178.00000 N.C.
445422.00000 4368182.00000 N.C.
445422.00000 4368186.00000 N.C.
445422.00000 4368190.00000 N.C.
445422.00000 4368194.00000 N.C.
445422.00000 4368198.00000 N.C.
445422.00000 4368202.00000 -117.5727
445422.00000 4368206.00000 N.C.
445422.00000 4368210.00000 -120.9047
445422.00000 4368214.00000 -116.4241
445422.00000 4368218.00000 -121.2685
445422.00000 4368222.00000 -124.0224
445422.00000 4368226.00000 -125.8044
445422.00000 4368230.00000 -125.8234
445422.00000 4368234.00000 -125.9174
445422.00000 4368238.00000 -125.9153
445422.00000 4368242.00000 -122.5887
445422.00000 4368246.00000 -121.9569
445422.00000 4368250.00000 -121.1066
445422.00000 4368254.00000 -120.5589
445422.00000 4368258.00000 -120.0110
445422.00000 4368262.00000 -119.4912
445422.00000 4368266.00000 -118.9990
445422.00000 4368270.00000 -118.5799
445422.00000 4368274.00000 -118.2052
445422.00000 4368278.00000 -117.9806
445422.00000 4368282.00000 -117.8720
445422.00000 4368286.00000 -117.8806
445422.00000 4368290.00000 -117.9646
445422.00000 4368294.00000 -118.1319
445422.00000 4368298.00000 -118.3731
445422.00000 4368302.00000 -118.6517
445422.00000 4368306.00000 -118.9363
445422.00000 4368310.00000 -119.2610
445422.00000 4368314.00000 -119.5879
445422.00000 4368318.00000 -119.9127
445422.00000 4368322.00000 -120.2472
445422.00000 4368326.00000 -120.5599
445422.00000 4368330.00000 -120.8495
445422.00000 4368334.00000 -121.1457
445422.00000 4368338.00000 -121.4184
445422.00000 4368342.00000 -121.6827
445422.00000 4368346.00000 -121.9536
445422.00000 4368350.00000 -122.2166
445422.00000 4368354.00000 -122.4720
445422.00000 4368358.00000 -122.7200
445422.00000 4368362.00000 -121.6768
445422.00000 4368366.00000 -121.9015
445422.00000 4368370.00000 -122.1360
445422.00000 4368374.00000 -122.3805
445422.00000 4368378.00000 -122.5750
445422.00000 4368382.00000 -122.7948
445422.00000 4368386.00000 -123.0100
445422.00000 4368390.00000 -123.2208
445422.00000 4368394.00000 -123.4125
445426.00000 4367886.00000 -107.1360
445426.00000 4367890.00000 -107.0485
445426.00000 4367894.00000 -106.9610
445426.00000 4367898.00000 -106.8736
445426.00000 4367902.00000 -106.8012
445426.00000 4367906.00000 -106.7139
445426.00000 4367910.00000 -106.6268
445426.00000 4367914.00000 -106.5397
445426.00000 4367918.00000 -106.4829
445426.00000 4367922.00000 -106.3963
445426.00000 4367926.00000 -106.3100
445426.00000 4367930.00000 -106.2389
445426.00000 4367934.00000 -106.1531
445426.00000 4367938.00000 -106.0677
445426.00000 4367942.00000 -105.9827
445426.00000 4367946.00000 -105.9131
445426.00000 4367950.00000 -105.8140
445426.00000 4367954.00000 -105.7454
445426.00000 4367958.00000 -105.6624
445426.00000 4367962.00000 -105.5799
445426.00000 4367966.00000 -105.4982
445426.00000 4367970.00000 -105.4171
445426.00000 4367974.00000 -105.3368
445426.00000 4367978.00000 -105.2573
445426.00000 4367982.00000 -105.1637
445426.00000 4367986.00000 -105.0860
445426.00000 4367990.00000 -105.0093
445426.00000 4367994.00000 -104.9336
445426.00000 4367998.00000 -104.8589
445426.00000 4368002.00000 -104.7855
445426.00000 4368006.00000 -104.7132
445426.00000 4368010.00000 -104.6423
445426.00000 4368014.00000 -104.5576
445426.00000 4368018.00000 -104.4894
445426.00000 4368022.00000 -104.4527
445426.00000 4368026.00000 -104.4474
445426.00000 4368030.00000 -104.4888
445426.00000 4368034.00000 -104.5169
445426.00000 4368038.00000 -104.5766
445426.00000 4368042.00000 -104.5482
445426.00000 4368046.00000 -104.4916
445426.00000 4368050.00000 -104.3920
445426.00000 4368054.00000 -104.3394
445426.00000 4368058.00000 -104.2288
445426.00000 4368062.00000 -104.1653
445426.00000 4368066.00000 -104.1340
445426.00000 4368070.00000 -104.1500
445426.00000 4368074.00000 -104.2883
445426.00000 4368078.00000 -104.6989
445426.00000 4368082.00000 -104.6019
445426.00000 4368086.00000 -104.4774
445426.00000 4368090.00000 -104.4604
445426.00000 4368094.00000 -104.4160
445426.00000 4368098.00000 -104.4342
445426.00000 4368102.00000 -104.4249
445426.00000 4368106.00000 -104.3434
445426.00000 4368110.00000 -104.3696
445426.00000 4368114.00000 -115.0093
445426.00000 4368118.00000 -116.9359
445426.00000 4368122.00000 -118.8626
445426.00000 4368126.00000 -120.5209
445426.00000 4368130.00000 -121.8854
445426.00000 4368134.00000 -117.3633
445426.00000 4368138.00000 -117.7329
445426.00000 4368142.00000 -118.1387
445426.00000 4368146.00000 -118.5768
445426.00000 4368150.00000 -119.0332
445426.00000 4368154.00000 -119.5133
445426.00000 4368158.00000 -119.9803
445426.00000 4368162.00000 -120.4592
445426.00000 4368166.00000 -120.9168
445426.00000 4368170.00000 -125.0847
445426.00000 4368174.00000 -121.8039
445426.00000 4368178.00000 -122.1556
445426.00000 4368182.00000 -126.2904
445426.00000 4368186.00000 -125.9633
445426.00000 4368190.00000 -125.6874
445426.00000 4368194.00000 -125.4037
445426.00000 4368198.00000 N.C.
445426.00000 4368202.00000 -117.8332
445426.00000 4368206.00000 -124.4039
445426.00000 4368210.00000 N.C.
445426.00000 4368214.00000 -116.6856
445426.00000 4368218.00000 -116.4588
445426.00000 4368222.00000 -122.5101
445426.00000 4368226.00000 -124.2818
445426.00000 4368230.00000 -124.1781
445426.00000 4368234.00000 -123.6034
445426.00000 4368238.00000 -123.0312
445426.00000 4368242.00000 -122.5417
445426.00000 4368246.00000 -121.9462
445426.00000 4368250.00000 -121.1325
445426.00000 4368254.00000 -120.6191
445426.00000 4368258.00000 -120.1010
445426.00000 4368262.00000 -119.5887
445426.00000 4368266.00000 -119.1087
445426.00000 4368270.00000 -118.6887
445426.00000 4368274.00000 -118.3273
445426.00000 4368278.00000 -118.0694
445426.00000 4368282.00000 -117.8833
445426.00000 4368286.00000 -117.8517
445426.00000 4368290.00000 -117.8965
445426.00000 4368294.00000 -118.0178
445426.00000 4368298.00000 -118.2236
445426.00000 4368302.00000 -118.4616
445426.00000 4368306.00000 -118.7436
445426.00000 4368310.00000 -119.0416
445426.00000 4368314.00000 -119.3463
445426.00000 4368318.00000 -119.6667
445426.00000 4368322.00000 -119.9994
445426.00000 4368326.00000 -120.3116
445426.00000 4368330.00000 -120.6170
445426.00000 4368334.00000 -120.9151
445426.00000 4368338.00000 -121.1901
445426.00000 4368342.00000 -121.4722
445426.00000 4368346.00000 -121.7314
445426.00000 4368350.00000 -121.9829
445426.00000 4368354.00000 -122.2417
445426.00000 4368358.00000 -122.5084
445426.00000 4368362.00000 -122.7533
445426.00000 4368366.00000 -121.7496
445426.00000 4368370.00000 -121.9998
445426.00000 4368374.00000 -122.2151
445426.00000 4368378.00000 -122.4405
445426.00000 4368382.00000 -122.6764
445426.00000 4368386.00000 -122.8627
445426.00000 4368390.00000 -123.0746
445426.00000 4368394.00000 -123.2974
445430.00000 4367886.00000 -107.2228
445430.00000 4367890.00000 -107.1367
445430.00000 4367894.00000 -107.0506
445430.00000 4367898.00000 -106.9796
445430.00000 4367902.00000 -106.8937
445430.00000 4367906.00000 -106.8079
445430.00000 4367910.00000 -106.7223
445430.00000 4367914.00000 -106.6668
445430.00000 4367918.00000 -106.5815
445430.00000 4367922.00000 -106.4965
445430.00000 4367926.00000 -106.4267
445430.00000 4367930.00000 -106.3423
445430.00000 4367934.00000 -106.2581
445430.00000 4367938.00000 -106.1744
445430.00000 4367942.00000 -106.1060
445430.00000 4367946.00000 -106.0231
445430.00000 4367950.00000 -105.9257
445430.00000 4367954.00000 -105.8588
445430.00000 4367958.00000 -105.7775
445430.00000 4367962.00000 -105.6969
445430.00000 4367966.00000 -105.6168
445430.00000 4367970.00000 -105.5376
445430.00000 4367974.00000 -105.4590
445430.00000 4367978.00000 -105.3813
445430.00000 4367982.00000 -105.2895
445430.00000 4367986.00000 -105.2135
445430.00000 4367990.00000 -105.1386
445430.00000 4367994.00000 -105.0647
445430.00000 4367998.00000 -104.9919
445430.00000 4368002.00000 -104.9202
445430.00000 4368006.00000 -104.8498
445430.00000 4368010.00000 -104.7656
445430.00000 4368014.00000 -104.6977
445430.00000 4368018.00000 -104.6462
445430.00000 4368022.00000 -104.6112
445430.00000 4368026.00000 -104.6527
445430.00000 4368030.00000 -104.6807
445430.00000 4368034.00000 -104.6954
445430.00000 4368038.00000 -104.7119
445430.00000 4368042.00000 -104.7000
445430.00000 4368046.00000 -104.6300
445430.00000 4368050.00000 -104.5469
445430.00000 4368054.00000 -104.4958
445430.00000 4368058.00000 -104.3716
445430.00000 4368062.00000 -104.3396
445430.00000 4368066.00000 -104.3396
445430.00000 4368070.00000 -104.3119
445430.00000 4368074.00000 -104.5264
445430.00000 4368078.00000 -104.9532
445430.00000 4368082.00000 -104.7073
445430.00000 4368086.00000 -104.6438
445430.00000 4368090.00000 -104.6128
445430.00000 4368094.00000 -104.5843
445430.00000 4368098.00000 -104.6183
445430.00000 4368102.00000 -104.5948
445430.00000 4368106.00000 -104.5289
445430.00000 4368110.00000 -104.5407
445430.00000 4368114.00000 -114.9941
445430.00000 4368118.00000 -116.6542
445430.00000 4368122.00000 -118.2914
445430.00000 4368126.00000 -119.7709
445430.00000 4368130.00000 -121.0559
445430.00000 4368134.00000 -122.1540
445430.00000 4368138.00000 -117.7598
445430.00000 4368142.00000 -118.1487
445430.00000 4368146.00000 -118.5683
445430.00000 4368150.00000 -119.0060
445430.00000 4368154.00000 -119.4680
445430.00000 4368158.00000 -119.9180
445430.00000 4368162.00000 -120.3813
445430.00000 4368166.00000 -120.8248
445430.00000 4368170.00000 -121.2763
445430.00000 4368174.00000 -121.7039
445430.00000 4368178.00000 N.C.
445430.00000 4368182.00000 N.C.
445430.00000 4368186.00000 N.C.
445430.00000 4368190.00000 N.C.
445430.00000 4368194.00000 N.C.
445430.00000 4368198.00000 N.C.
445430.00000 4368202.00000 -118.0757
445430.00000 4368206.00000 N.C.
445430.00000 4368210.00000 N.C.
445430.00000 4368214.00000 N.C.
445430.00000 4368218.00000 N.C.
445430.00000 4368222.00000 N.C.
445430.00000 4368226.00000 N.C.
445430.00000 4368230.00000 -124.0845
445430.00000 4368234.00000 -123.5367
445430.00000 4368238.00000 -123.0693
445430.00000 4368242.00000 -122.5518
445430.00000 4368246.00000 -121.9446
445430.00000 4368250.00000 -121.1790
445430.00000 4368254.00000 -120.6970
445430.00000 4368258.00000 -120.1917
445430.00000 4368262.00000 -119.7014
445430.00000 4368266.00000 -119.2505
445430.00000 4368270.00000 -118.8338
445430.00000 4368274.00000 -118.4780
445430.00000 4368278.00000 -118.1510
445430.00000 4368282.00000 -117.9560
445430.00000 4368286.00000 -117.8594
445430.00000 4368290.00000 -117.8804
445430.00000 4368294.00000 -117.9370
445430.00000 4368298.00000 -118.0872
445430.00000 4368302.00000 -118.3246
445430.00000 4368306.00000 -118.5849
445430.00000 4368310.00000 -118.8526
445430.00000 4368314.00000 -119.1470
445430.00000 4368318.00000 -119.4608
445430.00000 4368322.00000 -119.7743
445430.00000 4368326.00000 -120.0843
445430.00000 4368330.00000 -120.3891
445430.00000 4368334.00000 -120.6873
445430.00000 4368338.00000 -120.9785
445430.00000 4368342.00000 -121.2623
445430.00000 4368346.00000 -121.5236
445430.00000 4368350.00000 -121.7924
445430.00000 4368354.00000 -122.0390
445430.00000 4368358.00000 -122.2937
445430.00000 4368362.00000 -122.5415
445430.00000 4368366.00000 -122.7827
445430.00000 4368370.00000 -123.0178
445430.00000 4368374.00000 -122.0872
445430.00000 4368378.00000 -122.3133
445430.00000 4368382.00000 -122.5198
445430.00000 4368386.00000 -122.7370
445430.00000 4368390.00000 -122.9648
445430.00000 4368394.00000 -123.1586
445434.00000 4367886.00000 -107.3096
445434.00000 4367890.00000 -107.2249
445434.00000 4367894.00000 -107.1552
445434.00000 4367898.00000 -107.0706
445434.00000 4367902.00000 -106.9861
445434.00000 4367906.00000 -106.9018
445434.00000 4367910.00000 -106.8476
445434.00000 4367914.00000 -106.7637
445434.00000 4367918.00000 -106.6799
445434.00000 4367922.00000 -106.5964
445434.00000 4367926.00000 -106.5282
445434.00000 4367930.00000 -106.4453
445434.00000 4367934.00000 -106.3628
445434.00000 4367938.00000 -106.2956
445434.00000 4367942.00000 -106.2139
445434.00000 4367946.00000 -106.1177
445434.00000 4367950.00000 -106.0519
445434.00000 4367954.00000 -105.9717
445434.00000 4367958.00000 -105.8921
445434.00000 4367962.00000 -105.8131
445434.00000 4367966.00000 -105.7348
445434.00000 4367970.00000 -105.6572
445434.00000 4367974.00000 -105.5804
445434.00000 4367978.00000 -105.4894
445434.00000 4367982.00000 -105.4143
445434.00000 4367986.00000 -105.3402
445434.00000 4367990.00000 -105.2670
445434.00000 4367994.00000 -105.1948
445434.00000 4367998.00000 -105.1237
445434.00000 4368002.00000 -105.0538
445434.00000 4368006.00000 -104.9850
445434.00000 4368010.00000 -104.9025
445434.00000 4368014.00000 -104.8364
445434.00000 4368018.00000 -104.8016
445434.00000 4368022.00000 -104.7832
445434.00000 4368026.00000 -104.8114
445434.00000 4368030.00000 -104.8411
445434.00000 4368034.00000 -104.8874
445434.00000 4368038.00000 -104.8753
445434.00000 4368042.00000 -104.8501
445434.00000 4368046.00000 -104.7666
445434.00000 4368050.00000 -104.7149
445434.00000 4368054.00000 -104.6202
445434.00000 4368058.00000 -104.5275
445434.00000 4368062.00000 -104.4967
445434.00000 4368066.00000 -104.4981
445434.00000 4368070.00000 -104.4716
445434.00000 4368074.00000 -104.7772
445434.00000 4368078.00000 -105.1002
445434.00000 4368082.00000 -104.8704
445434.00000 4368086.00000 -104.8079
445434.00000 4368090.00000 -104.7928
445434.00000 4368094.00000 -104.7501
445434.00000 4368098.00000 -104.7849
445434.00000 4368102.00000 -104.7621
445434.00000 4368106.00000 -104.6969
445434.00000 4368110.00000 -104.7092
445434.00000 4368114.00000 -115.0853
445434.00000 4368118.00000 -116.5306
445434.00000 4368122.00000 -117.9432
445434.00000 4368126.00000 -119.2589
445434.00000 4368130.00000 -120.4452
445434.00000 4368134.00000 -121.4957
445434.00000 4368138.00000 -122.4189
445434.00000 4368142.00000 -118.1743
445434.00000 4368146.00000 -118.5766
445434.00000 4368150.00000 -118.9968
445434.00000 4368154.00000 -119.4268
445434.00000 4368158.00000 -119.8754
445434.00000 4368162.00000 -120.3087
445434.00000 4368166.00000 -120.7535
445434.00000 4368170.00000 -121.1775
445434.00000 4368174.00000 -121.6090
445434.00000 4368178.00000 N.C.
445434.00000 4368182.00000 N.C.
445434.00000 4368186.00000 N.C.
445434.00000 4368190.00000 N.C.
445434.00000 4368194.00000 N.C.
445434.00000 4368198.00000 N.C.
445434.00000 4368202.00000 -118.2703
445434.00000 4368206.00000 N.C.
445434.00000 4368210.00000 N.C.
445434.00000 4368214.00000 -126.0653
445434.00000 4368218.00000 -126.0469
445434.00000 4368222.00000 -126.0799
445434.00000 4368226.00000 N.C.
445434.00000 4368230.00000 -124.0043
445434.00000 4368234.00000 -123.5418
445434.00000 4368238.00000 -123.0721
445434.00000 4368242.00000 -122.5539
445434.00000 4368246.00000 -121.9620
445434.00000 4368250.00000 -121.2415
445434.00000 4368254.00000 -120.7883
445434.00000 4368258.00000 -120.3088
445434.00000 4368262.00000 -119.8248
445434.00000 4368266.00000 -119.3888
445434.00000 4368270.00000 -118.9789
445434.00000 4368274.00000 -118.6193
445434.00000 4368278.00000 -118.2907
445434.00000 4368282.00000 -118.0806
445434.00000 4368286.00000 -117.9112
445434.00000 4368290.00000 -117.8816
445434.00000 4368294.00000 -117.9173
445434.00000 4368298.00000 -118.0377
445434.00000 4368302.00000 -118.2099
445434.00000 4368306.00000 -118.4290
445434.00000 4368310.00000 -118.7080
445434.00000 4368314.00000 -118.9892
445434.00000 4368318.00000 -119.2790
445434.00000 4368322.00000 -119.5712
445434.00000 4368326.00000 -119.8774
445434.00000 4368330.00000 -120.1949
445434.00000 4368334.00000 -120.4772
445434.00000 4368338.00000 -120.7832
445434.00000 4368342.00000 -121.0525
445434.00000 4368346.00000 -121.3299
445434.00000 4368350.00000 -121.6003
445434.00000 4368354.00000 -121.8488
445434.00000 4368358.00000 -122.1055
445434.00000 4368362.00000 -122.3556
445434.00000 4368366.00000 -122.5842
445434.00000 4368370.00000 -122.8218
445434.00000 4368374.00000 -123.0535
445434.00000 4368378.00000 -123.2795
445434.00000 4368382.00000 -122.4001
445434.00000 4368386.00000 -122.6177
445434.00000 4368390.00000 -122.8312
445434.00000 4368394.00000 -123.0556
445438.00000 4367886.00000 N.C.
445438.00000 4367890.00000 N.C.
445438.00000 4367894.00000 N.C.
445438.00000 4367898.00000 N.C.
445438.00000 4367902.00000 N.C.
445438.00000 4367906.00000 N.C.
445438.00000 4367910.00000 N.C.
445438.00000 4367914.00000 N.C.
445438.00000 4367918.00000 N.C.
445438.00000 4367922.00000 N.C.
445438.00000 4367926.00000 N.C.
445438.00000 4367930.00000 N.C.
445438.00000 4367934.00000 N.C.
445438.00000 4367938.00000 N.C.
445438.00000 4367942.00000 -106.3064
445438.00000 4367946.00000 -106.2417
445438.00000 4367950.00000 -106.1626
445438.00000 4367954.00000 -106.0840
445438.00000 4367958.00000 -106.0060
445438.00000 4367962.00000 -105.9287
445438.00000 4367966.00000 -105.8521
445438.00000 4367970.00000 -105.7762
445438.00000 4367974.00000 -105.6860
445438.00000 4367978.00000 -105.6117
445438.00000 4367982.00000 -105.5383
445438.00000 4367986.00000 -105.4658
445438.00000 4367990.00000 -105.3943
445438.00000 4367994.00000 -105.3238
445438.00000 4367998.00000 -105.2544
445438.00000 4368002.00000 -105.1861
445438.00000 4368006.00000 -105.1041
445438.00000 4368010.00000 -105.0382
445438.00000 4368014.00000 -104.9887
445438.00000 4368018.00000 -104.9556
445438.00000 4368022.00000 -104.9838
445438.00000 4368026.00000 -104.9985
445438.00000 4368030.00000 -105.0298
445438.00000 4368034.00000 -105.0777
445438.00000 4368038.00000 -105.0521
445438.00000 4368042.00000 -104.9983
445438.00000 4368046.00000 -104.9013
445438.00000 4368050.00000 -104.8511
445438.00000 4368054.00000 -104.7727
445438.00000 4368058.00000 -104.6663
445438.00000 4368062.00000 -104.6819
445438.00000 4368066.00000 -104.6694
445438.00000 4368070.00000 -104.6891
445438.00000 4368074.00000 -105.0559
445438.00000 4368078.00000 -105.2449
445438.00000 4368082.00000 -105.0011
445438.00000 4368086.00000 -104.9696
445438.00000 4368090.00000 -104.9554
445438.00000 4368094.00000 -104.9135
445438.00000 4368098.00000 -104.9490
445438.00000 4368102.00000 -104.9119
445438.00000 4368106.00000 -104.8623
445438.00000 4368110.00000 -104.8752
445438.00000 4368114.00000 -115.2308
445438.00000 4368118.00000 -116.4986
445438.00000 4368122.00000 -117.7350
445438.00000 4368126.00000 -118.9100
445438.00000 4368130.00000 -119.9978
445438.00000 4368134.00000 -120.9874
445438.00000 4368138.00000 -121.8786
445438.00000 4368142.00000 -118.2130
445438.00000 4368146.00000 -118.5996
445438.00000 4368150.00000 -119.0033
445438.00000 4368154.00000 -119.4169
445438.00000 4368158.00000 -119.8501
445438.00000 4368162.00000 -120.2688
445438.00000 4368166.00000 -120.6999
445438.00000 4368170.00000 -121.1117
445438.00000 4368174.00000 -121.5173
445438.00000 4368178.00000 -121.9154
445438.00000 4368182.00000 -127.0087
445438.00000 4368186.00000 N.C.
445438.00000 4368190.00000 N.C.
445438.00000 4368194.00000 N.C.
445438.00000 4368198.00000 N.C.
445438.00000 4368202.00000 -118.4620
445438.00000 4368206.00000 -126.9781
445438.00000 4368210.00000 -128.0820
445438.00000 4368214.00000 -128.2104
445438.00000 4368218.00000 -129.2824
445438.00000 4368222.00000 -130.2201
445438.00000 4368226.00000 -124.4531
445438.00000 4368230.00000 -123.9479
445438.00000 4368234.00000 -123.4943
445438.00000 4368238.00000 -123.0653
445438.00000 4368242.00000 -122.5741
445438.00000 4368246.00000 -121.9349
445438.00000 4368250.00000 -121.3167
445438.00000 4368254.00000 -120.8898
445438.00000 4368258.00000 -120.4193
445438.00000 4368262.00000 -119.9707
445438.00000 4368266.00000 -119.5500
445438.00000 4368270.00000 -119.1488
445438.00000 4368274.00000 -118.7896
445438.00000 4368278.00000 -118.4662
445438.00000 4368282.00000 -118.2040
445438.00000 4368286.00000 -118.0148
445438.00000 4368290.00000 -117.9251
445438.00000 4368294.00000 -117.9408
445438.00000 4368298.00000 -118.0139
445438.00000 4368302.00000 -118.1316
445438.00000 4368306.00000 -118.3350
445438.00000 4368310.00000 -118.5767
445438.00000 4368314.00000 -118.8569
445438.00000 4368318.00000 -119.1202
445438.00000 4368322.00000 -119.4046
445438.00000 4368326.00000 -119.7051
445438.00000 4368330.00000 -119.9888
445438.00000 4368334.00000 -120.2838
445438.00000 4368338.00000 -120.5885
445438.00000 4368342.00000 -120.8725
445438.00000 4368346.00000 -121.1500
445438.00000 4368350.00000 -121.4211
445438.00000 4368354.00000 -121.6707
445438.00000 4368358.00000 -121.9288
445438.00000 4368362.00000 -122.1655
445438.00000 4368366.00000 -122.4109
445438.00000 4368370.00000 -122.6504
445438.00000 4368374.00000 -122.8691
445438.00000 4368378.00000 -123.0972
445438.00000 4368382.00000 -123.3201
445438.00000 4368386.00000 -122.4899
445438.00000 4368390.00000 -122.7188
445438.00000 4368394.00000 -122.9286
END_DATA