类别,佐证相对路径,来源绝对路径,字节数,来源修改时间,SHA256
手机试采原始CSV,01_数据记录/01_校园手机试采/signal-2026-08-28.csv,D:\桌面\signal-2026-08-28.csv,7659,2026-08-28T13:00:12+00:00,5da87826582ef19eb451525a766168e1fbdd7df501ee30b22ad289e469c0b831
手机试采原始CSV,01_数据记录/01_校园手机试采/signal-2026-09-01.csv,D:\微信\存储文件\xwechat_files\wxid_6gfzrt1x2m1m22_6183\msg\file\2026-09\signal-2026-09-01.csv,2539,2026-09-01T12:51:42.191935+00:00,3917426db5db3d27597157611a3b64447db392453fa8b3045332eabf11067206
手机试采原始CSV,01_数据记录/01_校园手机试采/Cellular-Z 20260831 224742.683 SLOT1.CSV,D:\微信\存储文件\xwechat_files\wxid_6gfzrt1x2m1m22_6183\msg\file\2026-09\Cellular-Z 20260831 224742.683 SLOT1.CSV,29976,2026-09-01T12:51:25.799845+00:00,8493a968e6c4905ab940b12a843620c88505fcc176dfda7358cae951f6e08c2c
数据集汇总,01_数据记录/02_WinProp与预处理/prediction_ready_summary.json,C:\Users\pc\Documents\大创\prediction_ready_summary.json,1364,2026-07-24T03:08:43.625082+00:00,b29fd4783c8cc9912233a2a89c26110ac6dbd2051372cfc608baf66d6692d109
WinProp原始结果样本,01_数据记录/02_WinProp与预处理/原始样例/Site  1 Antenna 1 Path Loss.txt,D:\桌面\dac\512mdata\tile_000001\tile_000001_result1\Site  1 Antenna 1 Path Loss.txt,603194,2026-07-08T07:36:29.314385+00:00,e2014a3d81eb44bd5ea748b3a8013ea6d9754c80b3d659a03588d8af64b910ff
预处理样本,01_数据记录/02_WinProp与预处理/预处理样例/metadata.json,D:\桌面\dac\prepared_4m\tile_000001\metadata.json,1384,2026-07-10T12:54:50.388885+00:00,d5ecb4bc69c25af611b146d138a11bfdbcd2d5f032dcabfbbac188ee405cc7ad
预处理样本,01_数据记录/02_WinProp与预处理/预处理样例/building_height_4m.npy,D:\桌面\dac\prepared_4m\tile_000001\building_height_4m.npy,65664,2026-07-10T12:54:50.386884+00:00,1e2b059692fb20637387cf395203587a263551c286a11230d119c9cf58bce111
预处理样本,01_数据记录/02_WinProp与预处理/预处理样例/path_gain_4m.npy,D:\桌面\dac\prepared_4m\tile_000001\path_gain_4m.npy,65664,2026-07-10T12:54:50.387885+00:00,99eaf608b3ed1eb1773264ec60713670a16e6e89beaf70b87595e44a9068936d
预处理记录,01_数据记录/02_WinProp与预处理/标准化与划分/normalization_summary.csv,D:\桌面\dac\normalized_4m_v1\normalization_summary.csv,945646,2026-07-10T13:28:25.820056+00:00,14a41ae8ad8cfff37f0eddd40839b6b85bdc8af43e7dbc607b256f716a076ca8
预处理记录,01_数据记录/02_WinProp与预处理/标准化与划分/normalization.json,D:\桌面\dac\normalized_4m_v1\normalization.json,1218,2026-07-10T13:27:32.288371+00:00,77efe3666da9e53722e7f3d8f7a9982bfcf783d0affbb9306b28f9359de8484a
预处理记录,01_数据记录/02_WinProp与预处理/标准化与划分/splits.csv,D:\桌面\dac\normalized_4m_v1\splits.csv,2411963,2026-07-10T13:26:18.297085+00:00,9e68adafbce34a61e88e6d3fe54c9e328ad6b40de0d6cdbe38d48a1a1a719ab7
预处理记录,01_数据记录/02_WinProp与预处理/标准化与划分/tx_feature_summary.csv,D:\桌面\dac\normalized_4m_v1\tx_feature_summary.csv,1223614,2026-07-10T14:20:24.469315+00:00,5496ab202b98ec2a62e8e7c6b20b90ad3783029f278c81878110b511b6c0a401
预处理记录,01_数据记录/02_WinProp与预处理/标准化与划分/train_tiles.txt,D:\桌面\dac\normalized_4m_v1\train_tiles.txt,283257,2026-07-10T13:26:18.299085+00:00,a265b9d7b2fcf5ea08242d9de522e0b97b0a8cd76e9fd7f12981e2c976b332b0
预处理记录,01_数据记录/02_WinProp与预处理/标准化与划分/val_tiles.txt,D:\桌面\dac\normalized_4m_v1\val_tiles.txt,36920,2026-07-10T13:26:18.301087+00:00,780c9402dcb665977ecf74bfc6802e96e2b400ad21e87893b7ed05da12f82d79
预处理记录,01_数据记录/02_WinProp与预处理/标准化与划分/test_tiles.txt,D:\桌面\dac\normalized_4m_v1\test_tiles.txt,35503,2026-07-10T13:26:18.302086+00:00,a34041910d5a70f738299ad320aaf73edb2599ab631d0ea0685f26e3bc70fdfb
基站反演数据集记录,01_数据记录/04_随机基站数据/bs_inversion_pilot_v1/FINAL_REPORT.json,D:\桌面\dac\bs_inversion_pilot_v1\FINAL_REPORT.json,662,2026-08-09T07:36:36.659261+00:00,421c6f159597ab5dca326caf6b30f5d5bf29d216ec01049b856162885ef3b80a
基站反演数据集记录,01_数据记录/04_随机基站数据/bs_inversion_pilot_v1/VALIDATION_REPORT.json,D:\桌面\dac\bs_inversion_pilot_v1\VALIDATION_REPORT.json,400,2026-08-09T07:38:29.202259+00:00,1224544101cae60d9f64bd8169299dbf2abf167cc12069ff62bbb084b16633f7
基站反演数据集记录,01_数据记录/04_随机基站数据/bs_inversion_pilot_v1/DATASET_README.md,D:\桌面\dac\bs_inversion_pilot_v1\DATASET_README.md,2422,2026-08-09T07:36:36.658268+00:00,845693a27a6f53930af4eda2a93f57c9c932acafd67581b34d80549f2a35feef
基站反演数据集记录,01_数据记录/04_随机基站数据/bs_inversion_pilot_v1/normalization.json,D:\桌面\dac\bs_inversion_pilot_v1\normalization.json,1519,2026-08-09T07:36:36.658268+00:00,630bd904b65faf39a57d2e8df013f60793dbd49e4ebf6c3c0fb1d4800082b9a9
基站反演数据集记录,01_数据记录/04_随机基站数据/bs_inversion_pilot_v1/site_index.csv,D:\桌面\dac\bs_inversion_pilot_v1\site_index.csv,339536,2026-08-09T07:36:32.676638+00:00,1c344b6dfc457a2601cc89db47f07ce59729d2ea20fd5682fc26834005ff8032
基站反演数据集记录,01_数据记录/04_随机基站数据/bs_inversion_pilot_v1/run_manifest.json,D:\桌面\dac\bs_inversion_pilot_v1\run_manifest.json,1481748,2026-08-09T07:09:40.542310+00:00,3b001e36b0a4524784ad3dba6753db55efef26a3384b63534e00e100b97b05b8
基站反演数据集记录,01_数据记录/04_随机基站数据/bs_inversion_scale4_v1/FINAL_REPORT.json,D:\桌面\dac\bs_inversion_scale4_v1\FINAL_REPORT.json,672,2026-08-10T03:19:59.496073+00:00,bc93cacea63c97748e2fd02037e275dd498686fbdc3ac19343fb2bba76f02d69
基站反演数据集记录,01_数据记录/04_随机基站数据/bs_inversion_scale4_v1/VALIDATION_REPORT.json,D:\桌面\dac\bs_inversion_scale4_v1\VALIDATION_REPORT.json,586,2026-08-10T03:23:56.950977+00:00,147de2accd5b9693361e811fc92c291b2b6b747a9652f4371fb647fdbf60e03e
基站反演数据集记录,01_数据记录/04_随机基站数据/bs_inversion_scale4_v1/DATASET_README.md,D:\桌面\dac\bs_inversion_scale4_v1\DATASET_README.md,2422,2026-08-10T03:19:59.496073+00:00,13fbf896f4f11ad13371a7f81bc50758c00c4a50dd9d2c1f9b608197df09480e
基站反演数据集记录,01_数据记录/04_随机基站数据/bs_inversion_scale4_v1/normalization.json,D:\桌面\dac\bs_inversion_scale4_v1\normalization.json,1527,2026-08-10T03:19:59.496073+00:00,1bc548e406d3e85efed267969cdabe55a7e16d5a41b81e6d00ab74ab077f01c7
基站反演数据集记录,01_数据记录/04_随机基站数据/bs_inversion_scale4_v1/site_index.csv,D:\桌面\dac\bs_inversion_scale4_v1\site_index.csv,1407021,2026-08-10T02:59:43.026149+00:00,86d3682dca44c89b83309efd9086301b86ed6238a1c1ea23381f70190c8f03eb
基站反演数据集记录,01_数据记录/04_随机基站数据/bs_inversion_scale4_v1/run_manifest.json,D:\桌面\dac\bs_inversion_scale4_v1\run_manifest.json,5968316,2026-08-09T12:09:01.164527+00:00,f47bcc443e2bc44ad664b0cf5a9f4ad2636d96f54efb1601884a5cefe4980818
随机基站测试样本,01_数据记录/04_随机基站数据/样本/tile_000011_site00.json,D:\桌面\dac\bs_inversion_scale4_v1\samples\test\tile_000011_site00.json,3814,2026-08-09T14:08:50.824517+00:00,f06835bf13d43ef936fe681b1083743ba7d51713322c7583dae8537962dc260d
随机基站测试样本,01_数据记录/04_随机基站数据/样本/tile_000011_site00.npz,D:\桌面\dac\bs_inversion_scale4_v1\samples\test\tile_000011_site00.npz,93095,2026-08-09T14:08:50.818962+00:00,48663fa240c97c9f6c3d634f1993f9da5f71a6aed9d27859c45cbb0e93674f0d
模型训练评估记录,01_数据记录/05_训练评估记录/baseline_v1/run_config.json,D:\桌面\dac\stage1_dpm_unet_runs\baseline_v1\run_config.json,829,2026-07-11T02:23:07.285059+00:00,fe8f1e5e90600d6afb2007059bd952ed7d447862ec53d13019d26b7d5a9533ce
模型训练评估记录,01_数据记录/05_训练评估记录/baseline_v1/history.csv,D:\桌面\dac\stage1_dpm_unet_runs\baseline_v1\history.csv,9645,2026-07-11T03:12:25.989697+00:00,48d38b1f366e5c4b1113de5b086a165e535b08fecfc0351eeac198a8383f36de
模型训练评估记录,01_数据记录/05_训练评估记录/baseline_v1/test_metrics.json,D:\桌面\dac\stage1_dpm_unet_runs\baseline_v1\test_metrics.json,354,2026-07-11T07:16:22.150442+00:00,9019a5c11bf25dc2d50a76543c7cc8898b7efdddefd821f959837ef49a6e9765
模型训练评估记录,01_数据记录/05_训练评估记录/baseline_v1/benchmark.json,D:\桌面\dac\stage1_dpm_unet_runs\baseline_v1\benchmark.json,1091,2026-07-11T05:27:50.476288+00:00,4071eb367d09c053d7a4092639d59d59740763c6e9e40a5066d39ab5b9604702
模型训练评估记录,01_数据记录/05_训练评估记录/stage2a_iso_refine_sionna35_depth8_paper_v1/run_config.json,D:\桌面\dac\models\stage2a_iso_refine_sionna35_depth8_paper_v1\run_config.json,5470,2026-08-05T13:03:19.258294+00:00,0f82e55790d102101a3846240ad72e859a14b6759689996df69679f3dac0b5f7
模型训练评估记录,01_数据记录/05_训练评估记录/stage2a_iso_refine_sionna35_depth8_paper_v1/history.csv,D:\桌面\dac\models\stage2a_iso_refine_sionna35_depth8_paper_v1\history.csv,93469,2026-08-06T08:31:21.627475+00:00,7ab50a7cbc70b547036c43b5dd7148f37ead9204344f712f6acf09a6809bc051
模型训练评估记录,01_数据记录/05_训练评估记录/stage2a_iso_refine_sionna35_depth8_paper_v1/test_metrics.json,D:\桌面\dac\models\stage2a_iso_refine_sionna35_depth8_paper_v1\test_metrics.json,1868,2026-08-06T08:31:31.832575+00:00,3b5a32a27b61f0bed3ff8af6b24641bea2d3e094b8bfca62fcf092941ea85fbf
模型训练评估记录,01_数据记录/05_训练评估记录/stage2b_directional_ss_sionna35_depth8_paper_v1/run_config.json,D:\桌面\dac\models\stage2b_directional_ss_sionna35_depth8_paper_v1\run_config.json,4860,2026-08-09T04:41:40.478317+00:00,79761a23eb0b26ec0b9ea7c40ccaf40595c25f4673a00e958bb1d5c66156f1af
模型训练评估记录,01_数据记录/05_训练评估记录/stage2b_directional_ss_sionna35_depth8_paper_v1/history.csv,D:\桌面\dac\models\stage2b_directional_ss_sionna35_depth8_paper_v1\history.csv,53281,2026-08-09T04:40:51.711934+00:00,844f41aa7983bcbb20bdd16acef6161c8d98f403f72d029f6918a405189a7d44
模型训练评估记录,01_数据记录/05_训练评估记录/stage2b_directional_ss_sionna35_depth8_paper_v1/test_metrics.json,D:\桌面\dac\models\stage2b_directional_ss_sionna35_depth8_paper_v1\test_metrics.json,3001,2026-08-09T04:44:21.770097+00:00,c9bb725f85c11635e98862538978a402d37cdcd42cf1044c62141a5ddb685871
模型训练评估记录,01_数据记录/05_训练评估记录/bs_parameter_estimator_scale4_v2/run_config.json,D:\桌面\dac\models\bs_parameter_estimator_scale4_v2\run_config.json,2336,2026-08-10T03:25:01.771300+00:00,b0121d67bc24d5f7b8b977436368ed15712ae05d0420b76edfa35cbf19758c52
模型训练评估记录,01_数据记录/05_训练评估记录/bs_parameter_estimator_scale4_v2/history.csv,D:\桌面\dac\models\bs_parameter_estimator_scale4_v2\history.csv,21693,2026-08-10T03:40:51.181672+00:00,fa33429410cb24f75d5da0e15ff913d1c775e9de7830b4f735b4f5708c441701
模型训练评估记录,01_数据记录/05_训练评估记录/bs_parameter_estimator_scale4_v2/test_metrics.json,D:\桌面\dac\models\bs_parameter_estimator_scale4_v2\test_metrics.json,2597,2026-08-10T03:41:00.303833+00:00,50a3ec2a0101fe57323907a45ddd8dca58d59f7eaf55ddaf103d379d5a1a92c2
模型训练评估记录,01_数据记录/05_训练评估记录/bs_parameter_estimator_scale4_v2/REPORT.md,D:\桌面\dac\models\bs_parameter_estimator_scale4_v2\REPORT.md,354,2026-08-10T03:41:00.313983+00:00,8bf9819be2c20baa281b4317cc02b439e6f66b1978bc2228ab53f516508b7ec6
模型训练评估记录,01_数据记录/05_训练评估记录/stage2b_position_encoding_scale4_v3/run_config.json,D:\桌面\dac\models\stage2b_position_encoding_scale4_v3\run_config.json,3618,2026-08-10T05:50:02.444221+00:00,ec5803e8726194ba7e2cfb7bb38ac7e4951b1ca843742c5a7ad7bd74ab2c979a
模型训练评估记录,01_数据记录/05_训练评估记录/stage2b_position_encoding_scale4_v3/history.csv,D:\桌面\dac\models\stage2b_position_encoding_scale4_v3\history.csv,3791,2026-08-10T06:34:53.662508+00:00,366bc3cc3c4f15665897c8f1f4509feb9f3da44213dc20c17066695609f7fb95
模型训练评估记录,01_数据记录/05_训练评估记录/stage2b_position_encoding_scale4_v3/training_summary.json,D:\桌面\dac\models\stage2b_position_encoding_scale4_v3\training_summary.json,353,2026-08-10T06:34:54.335068+00:00,bd42c1c5a7d97d9c83f8f5ff7a242c4806b06f0aac3a0bbb929ec4a05436eb2b
模型训练评估记录,01_数据记录/05_训练评估记录/stage2b_latent_fusion_scale4_v4/run_config.json,D:\桌面\dac\models\stage2b_latent_fusion_scale4_v4\run_config.json,4453,2026-08-10T07:57:51.163857+00:00,f120de5465c647c1952ee0be088b7ee218626f51d4729b89ad30b6ed0b222bb1
模型训练评估记录,01_数据记录/05_训练评估记录/stage2b_latent_fusion_scale4_v4/history.csv,D:\桌面\dac\models\stage2b_latent_fusion_scale4_v4\history.csv,5054,2026-08-10T08:55:15.846176+00:00,93490593e6fd0f27a612662246f481d1073fccd53660cfb7e2451a2fd50ba575
模型训练评估记录,01_数据记录/05_训练评估记录/stage2b_latent_fusion_scale4_v4/training_summary.json,D:\桌面\dac\models\stage2b_latent_fusion_scale4_v4\training_summary.json,350,2026-08-10T08:55:16.403720+00:00,920d4a0fdac9bfe75fa47186a19dfc2d6aebf481990edd36170f4792fd7fc57f
模型训练评估记录,01_数据记录/05_训练评估记录/stage2b_multiscale_adapter_scale4_v5/run_config.json,D:\桌面\dac\models\stage2b_multiscale_adapter_scale4_v5\run_config.json,5193,2026-08-10T09:29:36.435507+00:00,91b7cc43ab8ea3381b5b34045b2d0efa19d25c26fd84e1e75fe3b59f1e075bfc
模型训练评估记录,01_数据记录/05_训练评估记录/stage2b_multiscale_adapter_scale4_v5/history.csv,D:\桌面\dac\models\stage2b_multiscale_adapter_scale4_v5\history.csv,5280,2026-08-10T09:57:13.107926+00:00,4cb2f77e658d4fa6f86f849feb0b31ea95bb9b10d1c134bde1aa01943eb45775
模型训练评估记录,01_数据记录/05_训练评估记录/stage2b_multiscale_adapter_scale4_v5/training_summary.json,D:\桌面\dac\models\stage2b_multiscale_adapter_scale4_v5\training_summary.json,739,2026-08-10T09:57:13.414623+00:00,3c78007cea6fe33df39f02e5fe8442a7c87431be03010433e83d9992265b8a45
模型训练评估记录,01_数据记录/05_训练评估记录/joint_estimator_stage2b_scale4_v6/run_config.json,D:\桌面\dac\models\joint_estimator_stage2b_scale4_v6\run_config.json,5156,2026-08-10T10:41:02.632296+00:00,1b73b334a450f00a27a81cd6dd87fd62f5d4dd58afaf0bc40e7337e3b413a729
模型训练评估记录,01_数据记录/05_训练评估记录/joint_estimator_stage2b_scale4_v6/history.csv,D:\桌面\dac\models\joint_estimator_stage2b_scale4_v6\history.csv,3484,2026-08-10T10:48:22.882423+00:00,257a275fcff24ed8cb9342dbc2178333b515a30c7c5dbc663e6b727dc80a2b75
模型训练评估记录,01_数据记录/05_训练评估记录/joint_estimator_stage2b_scale4_v6/training_summary.json,D:\桌面\dac\models\joint_estimator_stage2b_scale4_v6\training_summary.json,682,2026-08-10T10:48:23.139285+00:00,2b8b3de202d495560d86fd7257d6565b25c982c452e1921ed6307ae002b54c1c
V3-V6评估或门槛记录,01_数据记录/05_训练评估记录/版本对比/bs_inversion_scale4_joint_estimator_stage2b_v6_gate.json,D:\桌面\dac\experiments\bs_inversion_scale4_joint_estimator_stage2b_v6_gate.json,946,2026-08-11T04:03:11.546707+00:00,0faa10b17d126446e43112a2c636343f8a230fefd6e7782517f6244f021d78ae
V3-V6评估或门槛记录,01_数据记录/05_训练评估记录/版本对比/bs_inversion_scale4_joint_estimator_stage2b_v6_test_bins.json,D:\桌面\dac\experiments\bs_inversion_scale4_joint_estimator_stage2b_v6_test_bins.json,7206,2026-08-11T04:02:51.260295+00:00,1836bf0f978b594522eb2aeb3b02557bf65e7b36e3c060252c07c44da8d608b1
V3-V6评估或门槛记录,01_数据记录/05_训练评估记录/版本对比/bs_inversion_scale4_stage2b_latent_fusion_v4_gate.json,D:\桌面\dac\experiments\bs_inversion_scale4_stage2b_latent_fusion_v4_gate.json,981,2026-08-10T09:14:35.672440+00:00,d69d2af65e168e8fa1ab375717f65af0271197d77469e53cc5991d031551f8c4
V3-V6评估或门槛记录,01_数据记录/05_训练评估记录/版本对比/bs_inversion_scale4_stage2b_latent_fusion_v4_test_bins.json,D:\桌面\dac\experiments\bs_inversion_scale4_stage2b_latent_fusion_v4_test_bins.json,6818,2026-08-10T08:56:09.290191+00:00,a2d19ca308c835bc78bc685c43c9949429aa78c3c08175e511c2ac320676ffa6
V3-V6评估或门槛记录,01_数据记录/05_训练评估记录/版本对比/bs_inversion_scale4_stage2b_multiscale_adapter_v5_gate.json,D:\桌面\dac\experiments\bs_inversion_scale4_stage2b_multiscale_adapter_v5_gate.json,989,2026-08-10T10:04:17.660606+00:00,c0bb8bc81bf7d50437e28ac05e4b07b4c5c11e5dc1bf0ed35949924248b55b5c
V3-V6评估或门槛记录,01_数据记录/05_训练评估记录/版本对比/bs_inversion_scale4_stage2b_multiscale_adapter_v5_test_bins.json,D:\桌面\dac\experiments\bs_inversion_scale4_stage2b_multiscale_adapter_v5_test_bins.json,6819,2026-08-10T10:04:05.968345+00:00,8ee3322e535466a86ce68167fd142de447c3b718d8c97be2fa99b99985569aa0
V3-V6评估或门槛记录,01_数据记录/05_训练评估记录/版本对比/bs_inversion_scale4_stage2b_v3_test_bins.json,D:\桌面\dac\experiments\bs_inversion_scale4_stage2b_v3_test_bins.json,6579,2026-08-10T07:21:40.316176+00:00,8f660de67fd2a6e2bdf38056b897a397d85ad4323134a8b711c06080646ffc2d
E盘嵌套记录样本,03_E盘实验记录/dac_checkpoints/pre_irt_8bounce_20260724_1153103/restore_test/prediction_ready_summary.json,E:\dac_checkpoints\pre_irt_8bounce_20260724_1153103\restore_test\prediction_ready_summary.json,1364,2026-07-24T04:52:22.933456+00:00,b29fd4783c8cc9912233a2a89c26110ac6dbd2051372cfc608baf66d6692d109
E盘嵌套记录样本,03_E盘实验记录/dac_checkpoints/pre_irt_8bounce_20260724_1153103/tile_000001_before_8bounce/result_irt_az094/Site1_az094/Antenna Path Loss.txt,E:\dac_checkpoints\pre_irt_8bounce_20260724_1153103\tile_000001_before_8bounce\result_irt_az094\Site1_az094\Antenna Path Loss.txt,604711,2026-07-22T10:43:49.125066+00:00,d7671adf5a46afe24a1c7ac535b507521c9e3464ea846994e9b2ae5f832a743d
E盘嵌套记录样本,03_E盘实验记录/dac_checkpoints/pre_irt_8bounce_20260724_1153103/tile_000001_before_8bounce/result_irt_az094/Site1_az094/Antenna Power.txt,E:\dac_checkpoints\pre_irt_8bounce_20260724_1153103\tile_000001_before_8bounce\result_irt_az094\Site1_az094\Antenna Power.txt,592305,2026-07-22T10:43:49.108334+00:00,5adcbfcdd391b22bcd9e1309c121a4d0c4b8ebb8bd4af99447703fc8b353501f
E盘嵌套记录样本,03_E盘实验记录/dac_checkpoints/pre_irt_8bounce_20260724_1153103/tile_000001_before_8bounce/tile_000001_irt.log,E:\dac_checkpoints\pre_irt_8bounce_20260724_1153103\tile_000001_before_8bounce\tile_000001_irt.log,4779,2026-07-21T09:02:32.442167+00:00,27766931f4970ebdcf29d919118cc11cb1e104fa3e95fdf7c0cea5a827692fc2
E盘嵌套记录样本,03_E盘实验记录/dac_checkpoints/pre_irt_8bounce_20260724_1153103/tile_000001_before_8bounce/tile_000001_result1/Site  1 Antenna 1 Path Loss.txt,E:\dac_checkpoints\pre_irt_8bounce_20260724_1153103\tile_000001_before_8bounce\tile_000001_result1\Site  1 Antenna 1 Path Loss.txt,603194,2026-07-08T07:36:29.314385+00:00,e2014a3d81eb44bd5ea748b3a8013ea6d9754c80b3d659a03588d8af64b910ff
E盘嵌套记录样本,03_E盘实验记录/dac_checkpoints/pre_irt_8bounce_20260724_1153103/tile_000001_before_8bounce/tile_000001_result1/Site  1 Antenna 1 Power.txt,E:\dac_checkpoints\pre_irt_8bounce_20260724_1153103\tile_000001_before_8bounce\tile_000001_result1\Site  1 Antenna 1 Power.txt,603194,2026-07-08T07:36:29.303876+00:00,e2014a3d81eb44bd5ea748b3a8013ea6d9754c80b3d659a03588d8af64b910ff
E盘嵌套记录样本,03_E盘实验记录/dac_checkpoints/pre_irt_8bounce_20260724_1153103/restore_test/bjtu_osm_buildings/docs/superpowers/plans/2026-05-24-bjtu-osm-buildings.md,E:\dac_checkpoints\pre_irt_8bounce_20260724_1153103\restore_test\bjtu_osm_buildings\docs\superpowers\plans\2026-05-24-bjtu-osm-buildings.md,15363,2026-07-24T04:52:22.907999+00:00,6267e9dc62c268f5dc05b8d0e8d7ee08810da8b466a2ccf1be1c89e8a8ae468c
E盘嵌套记录样本,03_E盘实验记录/dac_checkpoints/pre_irt_8bounce_20260724_1153103/restore_test/bjtu_osm_buildings/docs/superpowers/plans/2026-05-24-building-map-labels.md,E:\dac_checkpoints\pre_irt_8bounce_20260724_1153103\restore_test\bjtu_osm_buildings\docs\superpowers\plans\2026-05-24-building-map-labels.md,3365,2026-07-24T04:52:22.907999+00:00,e25603a2f56d90066c41fb7fa31ad06ff2b4a04e0f345047d2f471dd48900da7
E盘嵌套记录样本,03_E盘实验记录/dac_irt_v2_8bounce/projects/tile_000001/az000/project_manifest.json,E:\dac_irt_v2_8bounce\projects\tile_000001\az000\project_manifest.json,427,2026-07-24T05:37:12.791834+00:00,bf1619b7e78cd5f6e7a164e03b9dc2d1c56a3afccfb4d8e6d1e80a9962dbb989
E盘嵌套记录样本,03_E盘实验记录/dac_irt_v2_8bounce/projects/tile_000001/az090/project_manifest.json,E:\dac_irt_v2_8bounce\projects\tile_000001\az090\project_manifest.json,428,2026-07-24T05:37:12.794819+00:00,012649bdd37208cf817a209179a0ae9a538fb69f22317b61fd17dc1db1b136ee
E盘嵌套记录样本,03_E盘实验记录/dac_irt_v2_8bounce/projects/tile_000001/iso/project_manifest.json,E:\dac_irt_v2_8bounce\projects\tile_000001\iso\project_manifest.json,349,2026-07-24T05:37:12.787819+00:00,7e2135d74ed349bbc18bd2a668cdc914d6c2c1eec58d1baee2c26cfb2f381d3e
E盘嵌套记录样本,03_E盘实验记录/dac_irt_v2_8bounce/projects/tile_000001/tile_manifest.json,E:\dac_irt_v2_8bounce\projects\tile_000001\tile_manifest.json,1788,2026-07-24T05:37:12.795324+00:00,85f7ad609956bfdf4422a665b56a83df5db1cd6bbd8da48954e581578abfc359
E盘嵌套记录样本,03_E盘实验记录/dac_irt_v2_8bounce/logs/tile_000001_irt8_iso_winpropcli.stderr.log,E:\dac_irt_v2_8bounce\logs\tile_000001_irt8_iso_winpropcli.stderr.log,0,2026-07-24T05:43:23.784935+00:00,e3b0c44298fc1c149afbf4c8996fb92427ae41e4649b934ca495991b7852b855
E盘嵌套记录样本,03_E盘实验记录/dac_irt_v2_8bounce/logs/tile_000001_irt8_iso_winpropcli.stdout.log,E:\dac_irt_v2_8bounce\logs\tile_000001_irt8_iso_winpropcli.stdout.log,7640,2026-07-24T05:43:27.280378+00:00,8a72f2bf9b24a8684d944a3563ce29fa6ef02974f93ed252926c8106ec2e94a2
E盘嵌套记录样本,03_E盘实验记录/dac_irt_v2_8bounce/oib_keep/tile_000001/tile_000001_irt3d_r4_h2_v2.preprocess.json,E:\dac_irt_v2_8bounce\oib_keep\tile_000001\tile_000001_irt3d_r4_h2_v2.preprocess.json,1221,2026-07-24T05:34:36.483279+00:00,81eec0f887993d7a5e441f67fd730a6c05c464d83d863b307bcf5f230a233f0c
E盘嵌套记录样本,03_E盘实验记录/dac_irt_v2_8bounce/oib_keep/tile_000001/tile_000001_irt3d_r4_h2_v2.preprocess.log,E:\dac_irt_v2_8bounce\oib_keep\tile_000001\tile_000001_irt3d_r4_h2_v2.preprocess.log,337,2026-07-24T05:34:36.482740+00:00,0ab23703eed277735e2ae40add0f532e7bd149a484eea9b180e994f8179c6419
E盘嵌套记录样本,03_E盘实验记录/dac_irt_v2_winprop2020_max6/projects/tile_000001/az000/project_manifest.json,E:\dac_irt_v2_winprop2020_max6\projects\tile_000001\az000\project_manifest.json,454,2026-07-24T05:45:42.189633+00:00,a8ab9bfe4feccd2bfdee71880fead71fba34ec88072aec7ebd26161bdae9eda4
E盘嵌套记录样本,03_E盘实验记录/dac_irt_v2_winprop2020_max6/projects/tile_000001/az090/project_manifest.json,E:\dac_irt_v2_winprop2020_max6\projects\tile_000001\az090\project_manifest.json,455,2026-07-24T05:45:42.193631+00:00,5b4c52a6a3e740a160124ac62901b2c86c8a89f56c6418c53daaeeb5667b044c
E盘嵌套记录样本,03_E盘实验记录/dac_irt_v2_winprop2020_max6/projects/tile_000001/iso/project_manifest.json,E:\dac_irt_v2_winprop2020_max6\projects\tile_000001\iso\project_manifest.json,376,2026-07-24T05:45:42.185638+00:00,1215110f303e42c27c4c4b3142b03e86f12d102d5c140ef5c4c74293df3ebeb7
E盘嵌套记录样本,03_E盘实验记录/dac_irt_v2_winprop2020_max6/projects/tile_000001/tile_manifest.json,E:\dac_irt_v2_winprop2020_max6\projects\tile_000001\tile_manifest.json,1869,2026-07-24T05:45:42.194633+00:00,52f4b3d2336f14ed175df821ca0afb5e3f5803528e77b8ec8daa2aa5a3bb5167
E盘嵌套记录样本,03_E盘实验记录/dac_irt_v2_winprop2020_max6/logs/tile_000001_irt6_iso.stderr.log,E:\dac_irt_v2_winprop2020_max6\logs\tile_000001_irt6_iso.stderr.log,0,2026-07-24T05:46:02.683205+00:00,e3b0c44298fc1c149afbf4c8996fb92427ae41e4649b934ca495991b7852b855
E盘嵌套记录样本,03_E盘实验记录/dac_irt_v2_winprop2020_max6/logs/tile_000001_irt6_iso.stdout.log,E:\dac_irt_v2_winprop2020_max6\logs\tile_000001_irt6_iso.stdout.log,9679,2026-07-24T05:46:08.121775+00:00,63a073f160741ed896ae90a8ebe71e1cbdd16bc8f1d130816be68d6394837765
E盘根目录记录,03_E盘实验记录/dac_sionna_35ghz_depth8_3200_v1/progress.json,E:\dac_sionna_35ghz_depth8_3200_v1\progress.json,351,2026-08-03T05:17:51.437755+00:00,2d6a70a20109a0a41ded35ceed3d0182463c2382f4a2535c8f9e5f6f376a8bf0
E盘根目录记录,03_E盘实验记录/dac_sionna_35ghz_depth8_3200_v1/run_manifest.json,E:\dac_sionna_35ghz_depth8_3200_v1\run_manifest.json,1252441,2026-08-03T05:16:32.973994+00:00,99c19042c6032413b2ed0a4acd82c3f56e9002a395e68b06fc8f81327e415e91
E盘根目录记录,03_E盘实验记录/dac_sionna_35ghz_depth8_3200_v1/smoke_shard_manifest.csv,E:\dac_sionna_35ghz_depth8_3200_v1\smoke_shard_manifest.csv,261,2026-08-03T05:17:35.408933+00:00,e4f7f202e8b48b9ee556a4b2cf45d8e075c9d697c12b21913dca33fe12821f33
E盘根目录记录,03_E盘实验记录/dac_sionna_35ghz_depth8_3200_v1/smoke_shard_metadata.json,E:\dac_sionna_35ghz_depth8_3200_v1\smoke_shard_metadata.json,65599,2026-08-03T05:17:35.410933+00:00,d4f47112c63b69e1b59472a5089789fd21f00faca5335d95edbf1d47241375a8
E盘嵌套记录样本,03_E盘实验记录/dac_sionna_35ghz_depth8_3200_v1/logs/tile_002865/attempt_1.validation.stderr.log,E:\dac_sionna_35ghz_depth8_3200_v1\logs\tile_002865\attempt_1.validation.stderr.log,0,2026-08-03T05:17:03.321474+00:00,e3b0c44298fc1c149afbf4c8996fb92427ae41e4649b934ca495991b7852b855
E盘嵌套记录样本,03_E盘实验记录/dac_sionna_35ghz_depth8_3200_v1/logs/tile_002865/attempt_1.validation.stdout.log,E:\dac_sionna_35ghz_depth8_3200_v1\logs\tile_002865\attempt_1.validation.stdout.log,1666,2026-08-03T05:17:03.437851+00:00,2d748745a52bbe91fb4b63a7d4e0414ae4d515220ea14b87884a4cb88899e744
E盘嵌套记录样本,03_E盘实验记录/dac_sionna_35ghz_depth8_3200_v1/work_tiles/tile_002865/scene/scene_manifest.json,E:\dac_sionna_35ghz_depth8_3200_v1\work_tiles\tile_002865\scene\scene_manifest.json,852,2026-08-03T05:17:00.882831+00:00,73b6fbb93c8fd4fba6624a2e195d664f6480d92af776920c58f91c498e5942fa
E盘嵌套记录样本,03_E盘实验记录/dac_sionna_35ghz_depth8_3200_v1/work_tiles/tile_002865/validation_samples_7000000.json,E:\dac_sionna_35ghz_depth8_3200_v1\work_tiles\tile_002865\validation_samples_7000000.json,1666,2026-08-03T05:17:03.437851+00:00,2d748745a52bbe91fb4b63a7d4e0414ae4d515220ea14b87884a4cb88899e744
E盘嵌套记录样本,03_E盘实验记录/dac_sionna_35ghz_depth8_3200_v1/work_tiles/tile_002865/summary_samples_7000000.json,E:\dac_sionna_35ghz_depth8_3200_v1\work_tiles\tile_002865\summary_samples_7000000.json,5443,2026-08-03T05:17:03.105217+00:00,632ea01a721b462fb93a5a05508aa159df5efa273f8ebd95e8d0e599e546b428
E盘嵌套记录样本,03_E盘实验记录/dac_sionna_35ghz_depth8_3200_v1/compact_tiles/tile_002865.npz,E:\dac_sionna_35ghz_depth8_3200_v1\compact_tiles\tile_002865.npz,68028,2026-08-03T05:17:03.465889+00:00,8b25594a85144ca3563f12dda41ead287ce648bec9d11d641ed0121cb83e4246
E盘嵌套记录样本,03_E盘实验记录/dac_sionna_35ghz_depth8_3200_v1/logs/tile_018241/attempt_1.validation.stderr.log,E:\dac_sionna_35ghz_depth8_3200_v1\logs\tile_018241\attempt_1.validation.stderr.log,0,2026-08-03T05:17:51.038807+00:00,e3b0c44298fc1c149afbf4c8996fb92427ae41e4649b934ca495991b7852b855
E盘嵌套记录样本,03_E盘实验记录/dac_sionna_35ghz_depth8_3200_v1/logs/tile_018241/attempt_1.validation.stdout.log,E:\dac_sionna_35ghz_depth8_3200_v1\logs\tile_018241\attempt_1.validation.stdout.log,1676,2026-08-03T05:17:51.175601+00:00,f422bba1e853aa9b96ae1b4c649b1db6ba9ba43dea1bb468f34032a9fa185b81
E盘compact tile元数据样本,03_E盘实验记录/dac_sionna_35ghz_depth8_3200_v1/compact_tiles/tile_002865.json,E:\dac_sionna_35ghz_depth8_3200_v1\compact_tiles\tile_002865.json,2210,2026-08-03T05:17:03.467890+00:00,9733b6e99b71eb4165eb0d09ccd0d365ee57bcacc529fa7fc43ee29d03342c64
E盘根目录记录,03_E盘实验记录/dac_sionna_35ghz_depth8_27360_v1/progress.json,E:\dac_sionna_35ghz_depth8_27360_v1\progress.json,413,2026-08-03T05:52:20.125158+00:00,9f68fb6f1ab5b36ebe5dbdbbf05a931cf46444a223de45b493b0d0a462913f23
E盘根目录记录,03_E盘实验记录/dac_sionna_35ghz_depth8_27360_v1/run_manifest.json,E:\dac_sionna_35ghz_depth8_27360_v1\run_manifest.json,13570706,2026-08-03T05:33:16.427361+00:00,1e618ef50c703c66543a47ddf3fb9d995ebf8b30e01edc2d642ad0deb8eac6d9
E盘嵌套记录样本,03_E盘实验记录/dac_sionna_35ghz_depth8_27360_v1/logs/tile_000001/attempt_1.validation.stderr.log,E:\dac_sionna_35ghz_depth8_27360_v1\logs\tile_000001\attempt_1.validation.stderr.log,0,2026-08-03T05:35:20.491849+00:00,e3b0c44298fc1c149afbf4c8996fb92427ae41e4649b934ca495991b7852b855
E盘嵌套记录样本,03_E盘实验记录/dac_sionna_35ghz_depth8_27360_v1/logs/tile_000001/attempt_1.validation.stdout.log,E:\dac_sionna_35ghz_depth8_27360_v1\logs\tile_000001\attempt_1.validation.stdout.log,1679,2026-08-03T05:35:20.611869+00:00,459128977c41c27e69afe80105d10d367ac8afb9109a0a5e7cf477c46ae63b82
E盘嵌套记录样本,03_E盘实验记录/dac_sionna_35ghz_depth8_27360_v1/work_tiles/tile_000001/scene/scene_manifest.json,E:\dac_sionna_35ghz_depth8_27360_v1\work_tiles\tile_000001\scene\scene_manifest.json,854,2026-08-03T05:35:19.710746+00:00,8ceacb33c57d02911c89b8531d9057d6ef0305b1782c945d2cdbaeedb63167eb
E盘嵌套记录样本,03_E盘实验记录/dac_sionna_35ghz_depth8_27360_v1/work_tiles/tile_000001/validation_samples_7000000.json,E:\dac_sionna_35ghz_depth8_27360_v1\work_tiles\tile_000001\validation_samples_7000000.json,1679,2026-08-03T05:35:20.611869+00:00,459128977c41c27e69afe80105d10d367ac8afb9109a0a5e7cf477c46ae63b82
E盘嵌套记录样本,03_E盘实验记录/dac_sionna_35ghz_depth8_27360_v1/work_tiles/tile_000001/summary_samples_7000000.json,E:\dac_sionna_35ghz_depth8_27360_v1\work_tiles\tile_000001\summary_samples_7000000.json,5473,2026-08-03T05:35:20.296728+00:00,58109b1bbad718f31fb1735145e60d92f2be55cc0639e1d37b74405017615007
E盘嵌套记录样本,03_E盘实验记录/dac_sionna_35ghz_depth8_27360_v1/compact_tiles/tile_000001.npz,E:\dac_sionna_35ghz_depth8_27360_v1\compact_tiles\tile_000001.npz,78367,2026-08-03T05:35:20.640884+00:00,44a02d4b8ada08f63405594556f9bf8cb345ff33a001521d93070546c25a59cd
E盘嵌套记录样本,03_E盘实验记录/dac_sionna_35ghz_depth8_27360_v1/logs/tile_000002/attempt_1.validation.stderr.log,E:\dac_sionna_35ghz_depth8_27360_v1\logs\tile_000002\attempt_1.validation.stderr.log,0,2026-08-03T05:51:32.520703+00:00,e3b0c44298fc1c149afbf4c8996fb92427ae41e4649b934ca495991b7852b855
E盘嵌套记录样本,03_E盘实验记录/dac_sionna_35ghz_depth8_27360_v1/logs/tile_000002/attempt_1.validation.stdout.log,E:\dac_sionna_35ghz_depth8_27360_v1\logs\tile_000002\attempt_1.validation.stdout.log,1673,2026-08-03T05:51:32.635650+00:00,8ddc2424d5e0ebab0f8207dc3a3c61b713f3691229962ef81f0af34a995a746f
E盘compact tile元数据样本,03_E盘实验记录/dac_sionna_35ghz_depth8_27360_v1/compact_tiles/tile_000001.json,E:\dac_sionna_35ghz_depth8_27360_v1\compact_tiles\tile_000001.json,2217,2026-08-03T05:35:20.642886+00:00,b72f014bf1370f37d9033e9b0a63e9497581d3b2f4f31f7f1261977957edf15b
E盘根目录记录,03_E盘实验记录/dac_sionna_35ghz_depth8_27360_v2/benchmark_workers4.stderr.log,E:\dac_sionna_35ghz_depth8_27360_v2\benchmark_workers4.stderr.log,0,2026-08-03T06:10:15.445783+00:00,e3b0c44298fc1c149afbf4c8996fb92427ae41e4649b934ca495991b7852b855
E盘根目录记录,03_E盘实验记录/dac_sionna_35ghz_depth8_27360_v2/benchmark_workers4.stdout.log,E:\dac_sionna_35ghz_depth8_27360_v2\benchmark_workers4.stdout.log,314,2026-08-03T06:10:17.039194+00:00,3258dc5e0b9b86a747270d2bb39d9f0b7a4fde21f0a2fbb074f915455f3915a2
E盘根目录记录,03_E盘实验记录/dac_sionna_35ghz_depth8_27360_v2/progress.json,E:\dac_sionna_35ghz_depth8_27360_v2\progress.json,404,2026-08-03T06:11:25.564090+00:00,42d61b9d15ef366189c8de38eb0976c627b3d1d7b122a824f9b047bab019f04d
E盘根目录记录,03_E盘实验记录/dac_sionna_35ghz_depth8_27360_v2/run_manifest.json,E:\dac_sionna_35ghz_depth8_27360_v2\run_manifest.json,13570709,2026-08-03T05:59:30.516749+00:00,71dd9a0f0578c643cb8e87350534b6cca32cbbcf265ab8438334e9a336d2007a
E盘嵌套记录样本,03_E盘实验记录/dac_sionna_35ghz_depth8_27360_v2/logs/tile_000001/attempt_1.validation.stderr.log,E:\dac_sionna_35ghz_depth8_27360_v2\logs\tile_000001\attempt_1.validation.stderr.log,0,2026-08-03T05:59:36.121511+00:00,e3b0c44298fc1c149afbf4c8996fb92427ae41e4649b934ca495991b7852b855
E盘嵌套记录样本,03_E盘实验记录/dac_sionna_35ghz_depth8_27360_v2/logs/tile_000001/attempt_1.validation.stdout.log,E:\dac_sionna_35ghz_depth8_27360_v2\logs\tile_000001\attempt_1.validation.stdout.log,1678,2026-08-03T05:59:36.230743+00:00,eba35067ced9a44e931e6902cdf82e0d543997272780c7fb4703a58fc5c50518
E盘嵌套记录样本,03_E盘实验记录/dac_sionna_35ghz_depth8_27360_v2/work_tiles/tile_000001/scene/scene_manifest.json,E:\dac_sionna_35ghz_depth8_27360_v2\work_tiles\tile_000001\scene\scene_manifest.json,854,2026-08-03T05:59:34.000023+00:00,068ed219acdb4d86c04ab8bf45745eb99c5446499b14d1cdd63dc0fc8f085f2a
E盘嵌套记录样本,03_E盘实验记录/dac_sionna_35ghz_depth8_27360_v2/work_tiles/tile_000001/validation_samples_7000000.json,E:\dac_sionna_35ghz_depth8_27360_v2\work_tiles\tile_000001\validation_samples_7000000.json,1678,2026-08-03T05:59:36.230743+00:00,eba35067ced9a44e931e6902cdf82e0d543997272780c7fb4703a58fc5c50518
E盘嵌套记录样本,03_E盘实验记录/dac_sionna_35ghz_depth8_27360_v2/work_tiles/tile_000001/summary_samples_7000000.json,E:\dac_sionna_35ghz_depth8_27360_v2\work_tiles\tile_000001\summary_samples_7000000.json,5476,2026-08-03T05:59:35.883139+00:00,2de08f0c1bfb4478cdfddc895b3c9833f260679df9a26376c3263aa9e1642c2a
E盘嵌套记录样本,03_E盘实验记录/dac_sionna_35ghz_depth8_27360_v2/compact_tiles/tile_000001.npz,E:\dac_sionna_35ghz_depth8_27360_v2\compact_tiles\tile_000001.npz,79292,2026-08-03T05:59:36.269192+00:00,d616dc8e563f2b0d32f3fa098b2d4567807edc4d01d6a87b7cbb3c68be412d55
E盘嵌套记录样本,03_E盘实验记录/dac_sionna_35ghz_depth8_27360_v2/logs/tile_000002/attempt_1.validation.stderr.log,E:\dac_sionna_35ghz_depth8_27360_v2\logs\tile_000002\attempt_1.validation.stderr.log,0,2026-08-03T06:00:11.533650+00:00,e3b0c44298fc1c149afbf4c8996fb92427ae41e4649b934ca495991b7852b855
E盘嵌套记录样本,03_E盘实验记录/dac_sionna_35ghz_depth8_27360_v2/logs/tile_000002/attempt_1.validation.stdout.log,E:\dac_sionna_35ghz_depth8_27360_v2\logs\tile_000002\attempt_1.validation.stdout.log,1674,2026-08-03T06:00:11.648839+00:00,c9d58b75e69e47c01138d681e79740995c059d38a548e663e23751dbac6e7389
E盘compact tile元数据样本,03_E盘实验记录/dac_sionna_35ghz_depth8_27360_v2/compact_tiles/tile_000001.json,E:\dac_sionna_35ghz_depth8_27360_v2\compact_tiles\tile_000001.json,2219,2026-08-03T05:59:36.278192+00:00,f95499eb373b7df1b4928c897148db92388379115426623848b1ab899d8fa31b
E盘根目录记录,03_E盘实验记录/dac_sionna_35ghz_depth8_27360_v3/benchmark_workers4_representative.stderr.log,E:\dac_sionna_35ghz_depth8_27360_v3\benchmark_workers4_representative.stderr.log,0,2026-08-03T06:15:27.104815+00:00,e3b0c44298fc1c149afbf4c8996fb92427ae41e4649b934ca495991b7852b855
E盘根目录记录,03_E盘实验记录/dac_sionna_35ghz_depth8_27360_v3/benchmark_workers4_representative.stdout.log,E:\dac_sionna_35ghz_depth8_27360_v3\benchmark_workers4_representative.stdout.log,965,2026-08-03T06:15:33.943174+00:00,e272eb828e27545f0abc3609826c6042b619da12ac55cd1f59d30aa8d823743a
E盘根目录记录,03_E盘实验记录/dac_sionna_35ghz_depth8_27360_v3/normalization_irt.json,E:\dac_sionna_35ghz_depth8_27360_v3\normalization_irt.json,2457,2026-08-05T12:23:08.087132+00:00,93382d7bc44bf1c46e5d0c09f1fbe47d8d44c9e59ad678be5f9ae7d684e52274
E盘根目录记录,03_E盘实验记录/dac_sionna_35ghz_depth8_27360_v3/progress.json,E:\dac_sionna_35ghz_depth8_27360_v3\progress.json,372,2026-08-05T12:18:54.941967+00:00,5a73bb6e1ca2de8cbb41796042f662df268f93cede35c3b0f1194a9e0d771ab8
E盘根目录记录,03_E盘实验记录/dac_sionna_35ghz_depth8_27360_v3/run_manifest.json,E:\dac_sionna_35ghz_depth8_27360_v3\run_manifest.json,13570709,2026-08-03T06:15:04.706257+00:00,6edd6dc928858ad985d621428fa749e76dbd47c5c5d71b3397b0cf2e59d5f3ed
E盘根目录记录,03_E盘实验记录/dac_sionna_35ghz_depth8_27360_v3/shard_manifest.csv,E:\dac_sionna_35ghz_depth8_27360_v3\shard_manifest.csv,4365166,2026-08-05T12:21:06.367878+00:00,d2f717928079fc5204f6b57d803f7d5f0947fd8507b3d61d84d964e7b0bbbe2c
E盘根目录记录,03_E盘实验记录/dac_sionna_35ghz_depth8_27360_v3/shard_metadata.json,E:\dac_sionna_35ghz_depth8_27360_v3\shard_metadata.json,118787,2026-08-05T12:21:06.380153+00:00,1b7f75d7aced23cd276450dd96735988ce153bb1d2afc249814fe4157e3d6753
E盘根目录记录,03_E盘实验记录/dac_sionna_35ghz_depth8_27360_v3/smoke_shard_manifest.csv,E:\dac_sionna_35ghz_depth8_27360_v3\smoke_shard_manifest.csv,4721,2026-08-03T06:17:53.432342+00:00,f79b157cb3033d945499a6bb7c9a1e911ab8ae3a00d9c1117da76302ca8a4d50
E盘根目录记录,03_E盘实验记录/dac_sionna_35ghz_depth8_27360_v3/smoke_shard_metadata.json,E:\dac_sionna_35ghz_depth8_27360_v3\smoke_shard_metadata.json,548127,2026-08-03T06:17:53.439344+00:00,31ca816b366daee82d7f1f4cfaa31edd40b611a7e2927707043bef3a6438c0d5
E盘根目录记录,03_E盘实验记录/dac_sionna_35ghz_depth8_27360_v3/stage2a_residual_stats_smoke512.json,E:\dac_sionna_35ghz_depth8_27360_v3\stage2a_residual_stats_smoke512.json,1470,2026-08-05T12:54:49.837468+00:00,c5c18a3bfe538658773dbfad433e79a732aee3f4ca1e14a5f4e03cae89a990a3
E盘根目录记录,03_E盘实验记录/dac_sionna_35ghz_depth8_27360_v3/stage2a_residual_stats_train.json,E:\dac_sionna_35ghz_depth8_27360_v3\stage2a_residual_stats_train.json,1473,2026-08-05T12:58:30.816759+00:00,cbf12441ba82465dd350ce4fd216f8b62f80cdc58764cd1a8b8dc85c8c5a4fd7
E盘嵌套记录样本,03_E盘实验记录/dac_sionna_35ghz_depth8_27360_v3/logs/tile_000001/attempt_1.validation.stderr.log,E:\dac_sionna_35ghz_depth8_27360_v3\logs\tile_000001\attempt_1.validation.stderr.log,0,2026-08-03T06:15:32.174736+00:00,e3b0c44298fc1c149afbf4c8996fb92427ae41e4649b934ca495991b7852b855
E盘嵌套记录样本,03_E盘实验记录/dac_sionna_35ghz_depth8_27360_v3/logs/tile_000001/attempt_1.validation.stdout.log,E:\dac_sionna_35ghz_depth8_27360_v3\logs\tile_000001\attempt_1.validation.stdout.log,1884,2026-08-03T06:15:32.300889+00:00,370b4ede233f3da524ba59464f065b9b8f83775572139f47b88a331cef3fb47f
E盘嵌套记录样本,03_E盘实验记录/dac_sionna_35ghz_depth8_27360_v3/logs/tile_002865/attempt_1.validation.stderr.log,E:\dac_sionna_35ghz_depth8_27360_v3\logs\tile_002865\attempt_1.validation.stderr.log,0,2026-08-03T07:12:46.535556+00:00,e3b0c44298fc1c149afbf4c8996fb92427ae41e4649b934ca495991b7852b855
E盘嵌套记录样本,03_E盘实验记录/dac_sionna_35ghz_depth8_27360_v3/logs/tile_002865/attempt_1.validation.stdout.log,E:\dac_sionna_35ghz_depth8_27360_v3\logs\tile_002865\attempt_1.validation.stdout.log,1888,2026-08-03T07:12:46.658136+00:00,b861664b8b0df2d17bda0042c1b7daa747f139a7597569c5cc4ca77b1e1fb415
E盘嵌套记录样本,03_E盘实验记录/dac_sionna_35ghz_depth8_27360_v3/work_tiles/tile_000001/scene/scene_manifest.json,E:\dac_sionna_35ghz_depth8_27360_v3\work_tiles\tile_000001\scene\scene_manifest.json,854,2026-08-03T06:15:31.183475+00:00,4a41d28558280d696114ca4071a1891751c434d9872a1e21f41e6f2c3a4f0716
E盘嵌套记录样本,03_E盘实验记录/dac_sionna_35ghz_depth8_27360_v3/work_tiles/tile_000001/validation_samples_7000000.json,E:\dac_sionna_35ghz_depth8_27360_v3\work_tiles\tile_000001\validation_samples_7000000.json,1884,2026-08-03T06:15:32.300889+00:00,370b4ede233f3da524ba59464f065b9b8f83775572139f47b88a331cef3fb47f
E盘嵌套记录样本,03_E盘实验记录/dac_sionna_35ghz_depth8_27360_v3/work_tiles/tile_002865/scene/scene_manifest.json,E:\dac_sionna_35ghz_depth8_27360_v3\work_tiles\tile_002865\scene\scene_manifest.json,854,2026-08-03T07:12:45.863055+00:00,3477725e6d70b48fb2d3d31cc6d812e2bdf91f47e1f13b6898680b50210275fd
E盘嵌套记录样本,03_E盘实验记录/dac_sionna_35ghz_depth8_27360_v3/work_tiles/tile_002865/validation_samples_7000000.json,E:\dac_sionna_35ghz_depth8_27360_v3\work_tiles\tile_002865\validation_samples_7000000.json,1888,2026-08-03T07:12:46.657136+00:00,b861664b8b0df2d17bda0042c1b7daa747f139a7597569c5cc4ca77b1e1fb415
E盘compact tile元数据样本,03_E盘实验记录/dac_sionna_35ghz_depth8_27360_v3/compact_tiles/tile_000001.json,E:\dac_sionna_35ghz_depth8_27360_v3\compact_tiles\tile_000001.json,2537,2026-08-03T06:15:32.424644+00:00,0e70ce49de4df3f93a45420cf7ce7fe69ae94e89d4a70a33a6178a4258232c21
E盘compact tile数据样本,03_E盘实验记录/dac_sionna_35ghz_depth8_27360_v3/compact_tiles/tile_000001.npz,E:\dac_sionna_35ghz_depth8_27360_v3\compact_tiles\tile_000001.npz,79074,2026-08-03T06:15:32.417340+00:00,f73e63e140a5c1d633d8de3153acf0a46069a3437209d01ccccde57250b67522
E盘嵌套记录样本,03_E盘实验记录/dac_sionna_35ghz_pilot/tile_002865/comparison_winprop_irt2/comparison.json,E:\dac_sionna_35ghz_pilot\tile_002865\comparison_winprop_irt2\comparison.json,7562,2026-07-26T13:20:25.562698+00:00,8d83ee0d9e636314f6264ceb3f2782a694e1e2da5a6aefea731d1917f5f7feb4
E盘嵌套记录样本,03_E盘实验记录/dac_sionna_35ghz_pilot/tile_002865/scene/scene_manifest.json,E:\dac_sionna_35ghz_pilot\tile_002865\scene\scene_manifest.json,810,2026-07-26T13:16:16.816799+00:00,3c40373f8eda6a132b8a6098d235428818fed0a39e91136e3072f1bd62477c41
E盘嵌套记录样本,03_E盘实验记录/dac_sionna_35ghz_pilot/tile_002865/validation_samples_7000000.json,E:\dac_sionna_35ghz_pilot\tile_002865\validation_samples_7000000.json,1679,2026-07-26T13:23:01.105310+00:00,526f50d55a8223d453c196fe433d66dce25d6dfb2583c070e7b7efbf8d7d3e14
E盘嵌套记录样本,03_E盘实验记录/dac_sionna_35ghz_pilot/tile_002865/summary_samples_7000000.json,E:\dac_sionna_35ghz_pilot\tile_002865\summary_samples_7000000.json,5224,2026-07-26T13:16:20.594233+00:00,4a000fb3b4fb9a2cd2bb66d3b66c3e4811bb4f338f78e8cbfb952c7c165f6b40
E盘嵌套记录样本,03_E盘实验记录/dac_sionna_35ghz_pilot/tile_002865/az022_samples_7000000.npz,E:\dac_sionna_35ghz_pilot\tile_002865\az022_samples_7000000.npz,72854,2026-07-26T13:16:19.775761+00:00,3e990c21d241415976488724474459299dc089a05065938e82d5f21416228217
E盘嵌套记录样本,03_E盘实验记录/dac_sionna_paper_pilot/tile_002865/scene/scene_manifest.json,E:\dac_sionna_paper_pilot\tile_002865\scene\scene_manifest.json,810,2026-07-26T12:36:39.542903+00:00,4ceee14302d86399317208a6adf05ebfe00f0b45c505165aaf04c520d6b9f5d9
E盘嵌套记录样本,03_E盘实验记录/dac_sionna_paper_pilot/tile_002865/validation_samples_100000.json,E:\dac_sionna_paper_pilot\tile_002865\validation_samples_100000.json,728,2026-07-26T12:37:05.648373+00:00,a6d1fe0309461a3ed10b75396a473e56cf73bef3b707e34ce09d8146626b9f2d
E盘嵌套记录样本,03_E盘实验记录/dac_sionna_paper_pilot/tile_002865/validation_samples_7000000.json,E:\dac_sionna_paper_pilot\tile_002865\validation_samples_7000000.json,1675,2026-07-26T13:07:28.536040+00:00,a491c0c9db79805d69033f7f62ae373c151dbba569fb60fb6ff9eb341a856c15
E盘嵌套记录样本,03_E盘实验记录/dac_sionna_paper_pilot/tile_002865/summary_samples_100000.json,E:\dac_sionna_paper_pilot\tile_002865\summary_samples_100000.json,5216,2026-07-26T12:37:05.214101+00:00,e40bcf64acabbfbf82ec7e255561d00c6ccbdd2bbe11d77502b4bcf88b656c2e
E盘嵌套记录样本,03_E盘实验记录/dac_sionna_paper_pilot/tile_002865/summary_samples_7000000.json,E:\dac_sionna_paper_pilot\tile_002865\summary_samples_7000000.json,5228,2026-07-26T12:38:17.443089+00:00,0da029ee5e5de351ba545b4e539417c911afa173bbe6bab2f41a59f358d87c5e
E盘嵌套记录样本,03_E盘实验记录/dac_sionna_paper_pilot/tile_002865/summary_samples_7000001.json,E:\dac_sionna_paper_pilot\tile_002865\summary_samples_7000001.json,2829,2026-07-26T12:39:41.192729+00:00,a9bb933592e469834e5c19de21c1b55cd1bf06ee10607350eedbf77aa4ef2640
E盘嵌套记录样本,03_E盘实验记录/dac_sionna_paper_pilot/tile_002865/az022_samples_100000.npz,E:\dac_sionna_paper_pilot\tile_002865\az022_samples_100000.npz,56645,2026-07-26T12:37:04.367054+00:00,d05c0439efa2fd440e123df66b1759572c90dcac9b79f7c2dcd730891fc2363c
E盘嵌套记录样本,03_E盘实验记录/dac_sionna_paper_pilot/tile_002865/memory_probe.stderr.log,E:\dac_sionna_paper_pilot\tile_002865\memory_probe.stderr.log,53,2026-07-26T12:39:39.251221+00:00,75267491083d3fd6484c7381b2e9750f726cdc9ce1dc94c05e3ac47d7b5f1af1
E盘嵌套记录样本,03_E盘实验记录/dac_sionna_paper8_v1/scenes/tile_000001/scene_manifest.json,E:\dac_sionna_paper8_v1\scenes\tile_000001\scene_manifest.json,1396,2026-07-24T06:37:01.992257+00:00,c0c1327b3c16b0de9caa3293c93b50868bb90afa9c6bda30589751372219bedd
E盘嵌套记录样本,03_E盘实验记录/dac_sionna_paper8_v1/scenes/tile_000001/tile_000001.xml,E:\dac_sionna_paper8_v1\scenes\tile_000001\tile_000001.xml,991,2026-07-24T06:37:01.955336+00:00,fc4fa6ed8b8f0baba5235c139d4345d70d917b12c2655217ab019c54f3292e39
E盘嵌套记录样本,03_E盘实验记录/dac_sionna_paper8_v1/logs/tile_000001_smoke10k_iso.stderr.log,E:\dac_sionna_paper8_v1\logs\tile_000001_smoke10k_iso.stderr.log,1216,2026-07-24T06:44:05.127985+00:00,25e384161ac2a5ddc630dde281f89493aa04e656d001f58978a6a3e3ea5fe1ef
E盘嵌套记录样本,03_E盘实验记录/dac_sionna_paper8_v1/logs/tile_000001_smoke10k_iso.stdout.log,E:\dac_sionna_paper8_v1\logs\tile_000001_smoke10k_iso.stdout.log,0,2026-07-24T06:37:45.540491+00:00,e3b0c44298fc1c149afbf4c8996fb92427ae41e4649b934ca495991b7852b855
环境配置,03_E盘实验记录/dac_sionna_rt_env/pyvenv.cfg,E:\dac_sionna_rt_env\pyvenv.cfg,297,2026-07-26T12:26:41.593787+00:00,638eb8923a07bb122c419320070f7d7fa9475e36cd6809a06d0c725eda508a29
E盘嵌套记录样本,03_E盘实验记录/dac_sionna_winprop_irt2_alignment/tile_002865/comparison_decomposition/comparison.json,E:\dac_sionna_winprop_irt2_alignment\tile_002865\comparison_decomposition\comparison.json,7551,2026-07-26T13:20:42.973919+00:00,d10575dc82a696e1098a696af3ec48b84ae9bcaf0dc0bc479d3adac965d7dd88
E盘嵌套记录样本,03_E盘实验记录/dac_sionna_winprop_irt2_alignment/tile_002865/comparison_winprop_irt2/comparison.json,E:\dac_sionna_winprop_irt2_alignment\tile_002865\comparison_winprop_irt2\comparison.json,4170,2026-07-26T13:20:24.775390+00:00,cbddc5c9093001bb5d6115fff8fb89194a7a6210b94702ba321ed16d0aa0410b
E盘嵌套记录样本,03_E盘实验记录/dac_sionna_winprop_irt2_alignment/tile_002865/scene/scene_manifest.json,E:\dac_sionna_winprop_irt2_alignment\tile_002865\scene\scene_manifest.json,832,2026-07-26T13:19:41.061048+00:00,26601db9a7db5a7a95bb2df15644efe8be23bd5323bb15fe9fa097396ac342f5
E盘嵌套记录样本,03_E盘实验记录/dac_sionna_winprop_irt2_alignment/tile_002865/validation_samples_7000000.json,E:\dac_sionna_winprop_irt2_alignment\tile_002865\validation_samples_7000000.json,1673,2026-07-26T13:23:01.235856+00:00,e1ccf9835fb7bbaaab670a73e1958abda0610e57d513a57000a5b279359d1c14
E盘嵌套记录样本,03_E盘实验记录/dac_sionna_winprop_irt2_alignment/tile_002865/summary_samples_7000000.json,E:\dac_sionna_winprop_irt2_alignment\tile_002865\summary_samples_7000000.json,5376,2026-07-26T13:19:45.231681+00:00,56919cfe4bfed930ce24cc92b53b4ba5ee37191c64eb4307dc9705af105bd500
E盘嵌套记录样本,03_E盘实验记录/dac_sionna_winprop_irt2_alignment/tile_002865/az022_samples_7000000.npz,E:\dac_sionna_winprop_irt2_alignment\tile_002865\az022_samples_7000000.npz,73152,2026-07-26T13:19:43.826598+00:00,37197e8c04c57606d640729ca0c08d874a55f6c7781750d62afd160d2235c8c5
E盘根目录记录,03_E盘实验记录/dac_stage1_dpm_predictions_positive3200_v2/batch_inference_summary.csv,E:\dac_stage1_dpm_predictions_positive3200_v2\batch_inference_summary.csv,262097,2026-07-26T11:33:48.924943+00:00,6f689b013273c4d63f79bb00f105bc9d68383f7c7b3c3d44bc025273c7870c28
E盘嵌套记录样本,03_E盘实验记录/dac_stage1_dpm_predictions_positive3200_v2/tile_002865/inference_metadata.json,E:\dac_stage1_dpm_predictions_positive3200_v2\tile_002865\inference_metadata.json,1330,2026-07-26T11:33:12.916686+00:00,bd78ae606b0562a9c4c81202fe1c670651509f997e416dc40779ae8df62854c7
E盘嵌套记录样本,03_E盘实验记录/dac_stage1_dpm_predictions_positive3200_v2/tile_002865/path_gain_pred_db.npy,E:\dac_stage1_dpm_predictions_positive3200_v2\tile_002865\path_gain_pred_db.npy,65664,2026-07-26T11:33:12.916686+00:00,350c61c794072c3fd69f91983b7a10fae8cc82523e7314136a09492a891530ab
E盘嵌套记录样本,03_E盘实验记录/dac_stage1_dpm_predictions_positive3200_v2/tile_000002/inference_metadata.json,E:\dac_stage1_dpm_predictions_positive3200_v2\tile_000002\inference_metadata.json,1330,2026-07-26T11:33:13.328936+00:00,7bf17a755d1af2f519d3c269ce7b5119cbdac1190057af705da34e417b415d59
E盘嵌套记录样本,03_E盘实验记录/dac_stage1_dpm_predictions_positive3200_v2/tile_000009/inference_metadata.json,E:\dac_stage1_dpm_predictions_positive3200_v2\tile_000009\inference_metadata.json,1332,2026-07-26T11:33:41.814034+00:00,8f23efe8d4c45bf4153bd7061fdf16ca76c5c5b23fe46f93605065ce9a3792b4
E盘嵌套记录样本,03_E盘实验记录/dac_stage1_dpm_predictions_positive3200_v2/tile_000010/inference_metadata.json,E:\dac_stage1_dpm_predictions_positive3200_v2\tile_000010\inference_metadata.json,1333,2026-07-26T11:33:43.187772+00:00,51dcf993cf08ebd6904cfe89f14b5a4bebbfb10e64594f9641a0ee59fa69baa8
E盘嵌套记录样本,03_E盘实验记录/dac_stage1_dpm_predictions_positive3200_v2/tile_000020/inference_metadata.json,E:\dac_stage1_dpm_predictions_positive3200_v2\tile_000020\inference_metadata.json,1330,2026-07-26T11:33:39.448760+00:00,eaa48677b9ea9fd253c2ad95b8ede422b4b784f1b045edf3c8578d2eb3e6f64b
E盘嵌套记录样本,03_E盘实验记录/dac_stage1_dpm_predictions_positive3200_v2/tile_000025/inference_metadata.json,E:\dac_stage1_dpm_predictions_positive3200_v2\tile_000025\inference_metadata.json,1332,2026-07-26T11:33:15.759670+00:00,999b9a905578bd0632806daddeff8158bfb5f4bb54c056f1de669b0e3a6ba74c
E盘嵌套记录样本,03_E盘实验记录/dac_stage1_dpm_predictions_positive3200_v2/tile_000027/inference_metadata.json,E:\dac_stage1_dpm_predictions_positive3200_v2\tile_000027\inference_metadata.json,1331,2026-07-26T11:33:33.485178+00:00,b91e4e34c779a986bc942b1a11309472c2e9d1b26c91e3231205f0119b2e5d06
Stage1预测数组样本,03_E盘实验记录/dac_stage1_dpm_predictions_positive3200_v2/tile_000002/path_gain_pred_db.npy,E:\dac_stage1_dpm_predictions_positive3200_v2\tile_000002\path_gain_pred_db.npy,65664,2026-07-26T11:33:13.327739+00:00,f8a03064e52d6991b012538a5aed278a560819879473b6b14c5020736fb721c3
Stage1预测数组样本,03_E盘实验记录/dac_stage1_dpm_predictions_positive3200_v2/tile_000002/path_gain_pred_norm.npy,E:\dac_stage1_dpm_predictions_positive3200_v2\tile_000002\path_gain_pred_norm.npy,65664,2026-07-26T11:33:13.326740+00:00,aeeee347eb5d8ee62238d4baf5265f396e0e520ef1e0b8a562c0519b04fb6970
E盘根目录记录,03_E盘实验记录/dac_stage2a_pilot32_smoke_v1/history.csv,E:\dac_stage2a_pilot32_smoke_v1\history.csv,742,2026-07-24T09:40:03.686239+00:00,25f3c4f1ee67d520845bfdb3aacf67ef582149ddacc95647cd1c32bef6d839fa
E盘根目录记录,03_E盘实验记录/dac_stage2a_pilot32_smoke_v1/run_config.json,E:\dac_stage2a_pilot32_smoke_v1\run_config.json,2089,2026-07-24T09:39:57.407186+00:00,a1c8b76e7bc16d56dc5a0aa5fe50b8900d0b9294f06188d53a0b52f1de9a98b4
E盘根目录记录,03_E盘实验记录/dac_stage2a_pilot32_smoke_v1/test_metrics.json,E:\dac_stage2a_pilot32_smoke_v1\test_metrics.json,633,2026-07-24T09:40:04.496468+00:00,4bb6c0064a0290987fd3aca939eaa26d0a814d9545996e9413fcabf2ca59bab3
E盘根目录记录,03_E盘实验记录/dac_stage2a_sionna35_depth8_paper_smoke_20260805_205643/history.csv,E:\dac_stage2a_sionna35_depth8_paper_smoke_20260805_205643\history.csv,1573,2026-08-05T12:57:21.596006+00:00,7f31564397f2df99131389383baddbe136cda6ebd55a7790e1c65dc075507258
E盘根目录记录,03_E盘实验记录/dac_stage2a_sionna35_depth8_paper_smoke_20260805_205643/run_config.json,E:\dac_stage2a_sionna35_depth8_paper_smoke_20260805_205643\run_config.json,5238,2026-08-05T12:56:47.208843+00:00,d0b284f0c4f71a978b0fd23ee9268e9376cfeee39d9ff54c55a444416a7db0b7
E盘根目录记录,03_E盘实验记录/dac_stage2a_sionna35_depth8_paper_smoke_20260805_205643/test_metrics.json,E:\dac_stage2a_sionna35_depth8_paper_smoke_20260805_205643\test_metrics.json,1011,2026-08-05T12:57:25.785400+00:00,7921b1a779c2c4a329001be09e099e08ccb85f16d858fafbc07ab774e7f0c424
E盘根目录记录,03_E盘实验记录/dac_stage2b_pilot32_smoke_v1/history.csv,E:\dac_stage2b_pilot32_smoke_v1\history.csv,866,2026-07-24T09:40:26.387193+00:00,5737152119155fc0fec2d57efcf6af26801d08334c058fc27142d253390d4c78
E盘根目录记录,03_E盘实验记录/dac_stage2b_pilot32_smoke_v1/run_config.json,E:\dac_stage2b_pilot32_smoke_v1\run_config.json,2938,2026-07-24T09:40:20.751557+00:00,c09b81b0cac6c6b73267711a7a58b8b138406b61c6afc649c28fe9592bc90b31
E盘根目录记录,03_E盘实验记录/dac_stage2b_pilot32_smoke_v1/test_metrics.json,E:\dac_stage2b_pilot32_smoke_v1\test_metrics.json,1368,2026-07-24T09:40:26.936251+00:00,f696d01975471641915900e7b17d1748affd620f368b777d50ba262f182d3551
E盘根目录记录,03_E盘实验记录/dac_stage2b_sionna35_depth8_paper_smoke_20260806_175904/history.csv,E:\dac_stage2b_sionna35_depth8_paper_smoke_20260806_175904\history.csv,1574,2026-08-06T10:00:51.006080+00:00,2e11b4982258f3aca659f5fd0c2b00c12a1fc4e43c53fcfacc745f6fa9b9fabc
E盘根目录记录,03_E盘实验记录/dac_stage2b_sionna35_depth8_paper_smoke_20260806_175904/run_config.json,E:\dac_stage2b_sionna35_depth8_paper_smoke_20260806_175904\run_config.json,4856,2026-08-06T10:00:29.339451+00:00,6ea7bc19510c9939eb2cf722e797df1b749edbd5af01ba0d1d1cc564baf2b557
E盘根目录记录,03_E盘实验记录/dac_stage2b_sionna35_depth8_paper_smoke_20260806_175904/test_metrics.json,E:\dac_stage2b_sionna35_depth8_paper_smoke_20260806_175904\test_metrics.json,3027,2026-08-06T10:00:58.456892+00:00,c886ec90daff628b466dcf5d097dd196d05207604efa6da7042490b2926d2dfb
E盘工具源码（需核对授权）,02_代码/E盘工具源码/geo2sigmap_full/README.md,E:\dac_tools\geo2sigmap_full\README.md,3932,2026-07-24T05:54:36.169074+00:00,5f074bfc67c89e4ae05a6f582a29c742b2532b32e1c1d2e7a331064d467b9ebb
E盘工具源码（需核对授权）,02_代码/E盘工具源码/geo2sigmap_full/package/README.md,E:\dac_tools\geo2sigmap_full\package\README.md,6447,2026-07-24T05:54:36.170075+00:00,5f9f20f34d525af4e2e3bf5ffd1a756dd04a0f94910e0b244d1847ec7d33ee9d
E盘工具源码（需核对授权）,02_代码/E盘工具源码/geo2sigmap_full/package/requirements.txt,E:\dac_tools\geo2sigmap_full\package\requirements.txt,72,2026-07-24T05:54:36.170075+00:00,aaeb6520fe00785f6f19f256b259aac9a2a5b42662852357e32d37850c570049
E盘工具源码（需核对授权）,02_代码/E盘工具源码/geo2sigmap_full/package/src/scene_generation/cli.py,E:\dac_tools\geo2sigmap_full\package\src\scene_generation\cli.py,17802,2026-07-24T05:54:36.171074+00:00,6fe8b4dcdd04fc4239fd2b679daacb332e7ce49f53965cd66cb142bb37c3d420
E盘工具源码（需核对授权）,02_代码/E盘工具源码/geo2sigmap_full/package/src/scene_generation/core.py,E:\dac_tools\geo2sigmap_full\package\src\scene_generation\core.py,33992,2026-07-24T05:54:36.172073+00:00,a0b9892f7bd02f7d7864ce435a0cb16f4831b0b9cc9e93ab051ae08b740b1faf
E盘工具源码（需核对授权）,02_代码/E盘工具源码/geo2sigmap_full/package/src/scene_generation/dem.py,E:\dac_tools\geo2sigmap_full\package\src\scene_generation\dem.py,868,2026-07-24T05:54:36.174073+00:00,5bb36ff0a1d0fdcf2bac9d02e61e301b9ef6854a075062e9963cdd58016e442e
E盘工具源码（需核对授权）,02_代码/E盘工具源码/geo2sigmap_full/package/src/scene_generation/dem_gpkg_data.py,E:\dac_tools\geo2sigmap_full\package\src\scene_generation\dem_gpkg_data.py,2059,2026-07-24T05:54:36.174073+00:00,32ec9f5f049e42b941ce529fb58b48f70666d42cb509e971513a5550800b4449
E盘工具源码（需核对授权）,02_代码/E盘工具源码/geo2sigmap_full/package/src/scene_generation/dem_utils.py,E:\dac_tools\geo2sigmap_full\package\src\scene_generation\dem_utils.py,18415,2026-07-24T05:54:36.174073+00:00,93fe53f325efbe23a84bbd2d484fefe92e54ada70b8cd7f1a13cefe56d3ae0f2
E盘工具源码（需核对授权）,02_代码/E盘工具源码/geo2sigmap_full/package/src/scene_generation/empirical_pathloss_model.py,E:\dac_tools\geo2sigmap_full\package\src\scene_generation\empirical_pathloss_model.py,3349,2026-07-24T05:54:36.174073+00:00,70b2e60f7e7fed5277f41118e507cc92c0263a299d52d12aa1417150cd44c0d6
E盘工具源码（需核对授权）,02_代码/E盘工具源码/geo2sigmap_full/package/src/scene_generation/itu_materials.py,E:\dac_tools\geo2sigmap_full\package\src\scene_generation\itu_materials.py,7918,2026-07-24T05:54:36.175082+00:00,b9cf6424c47a59ed016ade561076c451596db0110f8e7c1c84e98df36484a4bd
E盘工具源码（需核对授权）,02_代码/E盘工具源码/geo2sigmap_full/package/src/scene_generation/lidar_terrain_mesh.py,E:\dac_tools\geo2sigmap_full\package\src\scene_generation\lidar_terrain_mesh.py,5480,2026-07-24T05:54:36.175082+00:00,880d532ca51711defbcd16a4895bd61afcbe168b64079062414a15f7d503775b
E盘工具源码（需核对授权）,02_代码/E盘工具源码/geo2sigmap_full/package/src/scene_generation/USGS1mLocator_parallel.py,E:\dac_tools\geo2sigmap_full\package\src\scene_generation\USGS1mLocator_parallel.py,8157,2026-07-24T05:54:36.171074+00:00,5bc97caeb3e9760d27e8080e82b29065c57ac1922d0e4d26790fe62585078286
E盘工具源码（需核对授权）,02_代码/E盘工具源码/geo2sigmap_full/package/src/scene_generation/USGS_LiDAR_HAG.py,E:\dac_tools\geo2sigmap_full\package\src\scene_generation\USGS_LiDAR_HAG.py,20727,2026-07-24T05:54:36.171074+00:00,88a96a6759439d7c551d5ccfc1720a0d0b137890ff8b76905878e516d911267d
E盘工具源码（需核对授权）,02_代码/E盘工具源码/geo2sigmap_full/package/src/scene_generation/utils.py,E:\dac_tools\geo2sigmap_full\package\src\scene_generation\utils.py,19197,2026-07-24T05:54:36.176082+00:00,98464dc2dd1561f07133ba9812b832d97ea1e1c2eb09a47623a4d7b0ef54ce4b
E盘工具源码（需核对授权）,02_代码/E盘工具源码/geo2sigmap_full/package/src/scene_generation/__init__.py,E:\dac_tools\geo2sigmap_full\package\src\scene_generation\__init__.py,56,2026-07-24T05:54:36.171074+00:00,fd01d0191dba696b01ef1f630812c74db5f8d87bdf5f82e317cdfc6fc2cbdd15
E盘工具源码（需核对授权）,02_代码/E盘工具源码/geo2sigmap_full/package/src/scene_generation/unet/unet_model_rt.py,E:\dac_tools\geo2sigmap_full\package\src\scene_generation\unet\unet_model_rt.py,2311,2026-07-24T05:54:36.175082+00:00,b29d50f496e3093659a4995a12f9b393b190cb9f82a047b6d4cf12a5cd600277
E盘工具源码（需核对授权）,02_代码/E盘工具源码/geo2sigmap_full/package/src/scene_generation/unet/unet_parts.py,E:\dac_tools\geo2sigmap_full\package\src\scene_generation\unet\unet_parts.py,2882,2026-07-24T05:54:36.175082+00:00,9bbd6e92a156620a7897b10fd8cb662eda4bbfab78cee1d683c2de225972fe82
E盘工具源码（需核对授权）,02_代码/E盘工具源码/geo2sigmap_full/package/src/scene_generation/unet/__init__.py,E:\dac_tools\geo2sigmap_full\package\src\scene_generation\unet\__init__.py,0,2026-07-24T05:54:36.175082+00:00,e3b0c44298fc1c149afbf4c8996fb92427ae41e4649b934ca495991b7852b855
E盘工具源码（需核对授权）,02_代码/E盘工具源码/geo2sigmap_full/research/data/measurements/Boulder_Downtown/Data_Attribution.md,E:\dac_tools\geo2sigmap_full\research\data\measurements\Boulder_Downtown\Data_Attribution.md,345,2026-07-24T05:54:36.179071+00:00,c3276aa6fe97f8f939cfd137311d733a9975a54c33aa31138adb5c6888617880
E盘工具源码（需核对授权）,02_代码/E盘工具源码/geo2sigmap_full/research/examples/2DRadioMap_multiprocess-vectorized.py,E:\dac_tools\geo2sigmap_full\research\examples\2DRadioMap_multiprocess-vectorized.py,16228,2026-07-24T05:54:36.326732+00:00,5154d44074b285c05b09b807cef52b94459f6fa796c20e26c143671fa2040a0d
E盘工具源码（需核对授权）,02_代码/E盘工具源码/geo2sigmap_full/research/examples/2DRadioMap_multiprocess.py,E:\dac_tools\geo2sigmap_full\research\examples\2DRadioMap_multiprocess.py,13843,2026-07-24T05:54:36.326732+00:00,49062e8179d5b10d50f32a4785bb427b70211eca8607c2ef5abb16dd2d1398e4
E盘嵌套记录样本,03_E盘实验记录/dac_tools/geo2sigmap_full/package/README.md,E:\dac_tools\geo2sigmap_full\package\README.md,6447,2026-07-24T05:54:36.170075+00:00,5f9f20f34d525af4e2e3bf5ffd1a756dd04a0f94910e0b244d1847ec7d33ee9d
E盘嵌套记录样本,03_E盘实验记录/dac_tools/geo2sigmap_full/package/requirements.txt,E:\dac_tools\geo2sigmap_full\package\requirements.txt,72,2026-07-24T05:54:36.170075+00:00,aaeb6520fe00785f6f19f256b259aac9a2a5b42662852357e32d37850c570049
E盘嵌套记录样本,03_E盘实验记录/dac_tools/geo2sigmap_full/package/src/scene_generation/data/B_wet_ground_con.csv,E:\dac_tools\geo2sigmap_full\package\src\scene_generation\data\B_wet_ground_con.csv,4032,2026-07-24T05:54:36.172073+00:00,c89cfbd7e52449a5479ee008a3f7cc98d4fa513af1802c98a604c670fb6d4300
E盘嵌套记录样本,03_E盘实验记录/dac_tools/geo2sigmap_full/package/src/scene_generation/data/B_wet_ground_per.csv,E:\dac_tools\geo2sigmap_full\package\src\scene_generation\data\B_wet_ground_per.csv,3683,2026-07-24T05:54:36.172073+00:00,452f4266be349fb93dd0752142e5cfd7b1aa376796d314b1b3903c586e8f31c9
E盘嵌套记录样本,03_E盘实验记录/dac_tools/geo2sigmap_full/package/src/scene_generation/data/D_medium_dry_ground_con.csv,E:\dac_tools\geo2sigmap_full\package\src\scene_generation\data\D_medium_dry_ground_con.csv,4466,2026-07-24T05:54:36.172073+00:00,4a848c4bf57d96f15d755d6797127b97ff47659f86fdbccb8fd9ebf3592ca7dd
E盘嵌套记录样本,03_E盘实验记录/dac_tools/geo2sigmap_full/package/src/scene_generation/data/D_medium_dry_ground_per.csv,E:\dac_tools\geo2sigmap_full\package\src\scene_generation\data\D_medium_dry_ground_per.csv,3675,2026-07-24T05:54:36.173074+00:00,e6f6d86d67cfc758425c21fb9ac3bd1b68bcd8ef020feebe3da32d47ae0ad80d
E盘嵌套记录样本,03_E盘实验记录/dac_tools/geo2sigmap_full/package/src/scene_generation/data/E_very_dry_ground_con.csv,E:\dac_tools\geo2sigmap_full\package\src\scene_generation\data\E_very_dry_ground_con.csv,4901,2026-07-24T05:54:36.173074+00:00,ff32dfafee6fe6246f9c7fa0a6e30bf962cf4f39cadd1b4080a6650aa383b515
E盘嵌套记录样本,03_E盘实验记录/dac_tools/geo2sigmap_full/package/src/scene_generation/data/E_very_dry_ground_per.csv,E:\dac_tools\geo2sigmap_full\package\src\scene_generation\data\E_very_dry_ground_per.csv,3695,2026-07-24T05:54:36.173074+00:00,e8730f76f7d884e444e274f5843d5bcb17eabaf71cc415f892dee82f6fd969e2
E盘根目录记录,03_E盘实验记录/dac_winprop_irt2_direct_3200_positive_v2/dataset_reuse_report.json,E:\dac_winprop_irt2_direct_3200_positive_v2\dataset_reuse_report.json,494,2026-07-26T11:36:11.112049+00:00,052b70324c97d105e2c558d879e2f06e0f5661d7ff9904a560310e6de87767a0
E盘根目录记录,03_E盘实验记录/dac_winprop_irt2_direct_3200_positive_v2/production_runner.stderr.log,E:\dac_winprop_irt2_direct_3200_positive_v2\production_runner.stderr.log,0,2026-07-26T11:39:49.722486+00:00,e3b0c44298fc1c149afbf4c8996fb92427ae41e4649b934ca495991b7852b855
E盘根目录记录,03_E盘实验记录/dac_winprop_irt2_direct_3200_positive_v2/production_runner.stdout.log,E:\dac_winprop_irt2_direct_3200_positive_v2\production_runner.stdout.log,520972,2026-07-26T12:00:58.004039+00:00,cce7c42307f4eacb205d2b2ed11494f3651ddd931670e3cceab98117abad08be
E盘根目录记录,03_E盘实验记录/dac_winprop_irt2_direct_3200_positive_v2/progress.json,E:\dac_winprop_irt2_direct_3200_positive_v2\progress.json,231,2026-07-26T12:00:58.004039+00:00,4c1d877c390f13b64545e65813143bed80f49cbbd97234c92aa6dc626ce9c0c6
E盘根目录记录,03_E盘实验记录/dac_winprop_irt2_direct_3200_positive_v2/replacement_manifest.csv,E:\dac_winprop_irt2_direct_3200_positive_v2\replacement_manifest.csv,24999,2026-07-26T11:31:20.823813+00:00,eea0673fb581cfb916fe8fb68083765c38912fe5155acb454866501c5a4c250b
E盘根目录记录,03_E盘实验记录/dac_winprop_irt2_direct_3200_positive_v2/run_manifest.json,E:\dac_winprop_irt2_direct_3200_positive_v2\run_manifest.json,518840,2026-07-26T11:39:50.053916+00:00,0071859837a0ddcbe2fedfff4875dd968d2bbdc56f6f709337e94020dd6c7537
E盘根目录记录,03_E盘实验记录/dac_winprop_irt2_direct_3200_positive_v2/selection_metadata.json,E:\dac_winprop_irt2_direct_3200_positive_v2\selection_metadata.json,1692,2026-07-26T11:31:20.828815+00:00,13f3852e854ed3ce9e9ae029a0ca59c4963bc0ed3df896f64e10452c1ae8d25e
E盘根目录记录,03_E盘实验记录/dac_winprop_irt2_direct_3200_positive_v2/selection_tiles.csv,E:\dac_winprop_irt2_direct_3200_positive_v2\selection_tiles.csv,107861,2026-07-26T11:31:20.820818+00:00,f96aaee31595bf3311a9767710da62b75d8b9fb7c67708a4cf60ad3a16ba9f99
E盘根目录记录,03_E盘实验记录/dac_winprop_irt2_direct_3200_positive_v2/selection_tiles.txt,E:\dac_winprop_irt2_direct_3200_positive_v2\selection_tiles.txt,38400,2026-07-26T11:31:20.778648+00:00,aafea0cf0675a45a2a287c2ccafe842d4a5292dcb99e8cce1400ca29b0556179
E盘根目录记录,03_E盘实验记录/dac_winprop_irt2_direct_3200_positive_v2/winprop_dry_run.stderr.log,E:\dac_winprop_irt2_direct_3200_positive_v2\winprop_dry_run.stderr.log,0,2026-07-26T11:32:52.470516+00:00,e3b0c44298fc1c149afbf4c8996fb92427ae41e4649b934ca495991b7852b855
E盘嵌套记录样本,03_E盘实验记录/dac_winprop_irt2_direct_3200_positive_v2/projects/tile_002865/az022/project_manifest.json,E:\dac_winprop_irt2_direct_3200_positive_v2\projects\tile_002865\az022\project_manifest.json,513,2026-07-26T11:41:05.177861+00:00,e5e1f5d4bf2811ab0623a68caa88e4695164ee84fe52bdc8ebf9ca550aa6c21b
E盘嵌套记录样本,03_E盘实验记录/dac_winprop_irt2_direct_3200_positive_v2/projects/tile_002865/az073/project_manifest.json,E:\dac_winprop_irt2_direct_3200_positive_v2\projects\tile_002865\az073\project_manifest.json,513,2026-07-26T11:41:05.180861+00:00,21db510f857f14b4ca8c887eeaa911043fecf3885b6bb91d4065e8d59bbc7718
E盘嵌套记录样本,03_E盘实验记录/dac_winprop_irt2_direct_3200_positive_v2/projects/tile_002865/az092/project_manifest.json,E:\dac_winprop_irt2_direct_3200_positive_v2\projects\tile_002865\az092\project_manifest.json,513,2026-07-26T11:41:05.184862+00:00,68686e93c2070730becc90c950268b72c631d26a5f5cd8e3433e1f3a27680fa6
E盘嵌套记录样本,03_E盘实验记录/dac_winprop_irt2_direct_3200_positive_v2/projects/tile_002865/az271/project_manifest.json,E:\dac_winprop_irt2_direct_3200_positive_v2\projects\tile_002865\az271\project_manifest.json,514,2026-07-26T11:41:05.188858+00:00,e5af0c215a8f57b3b8d037b071d38c67ba305b7d788298160a86558ae8d8108d
E盘嵌套记录样本,03_E盘实验记录/dac_winprop_irt2_direct_3200_positive_v2/projects/tile_002865/iso/project_manifest.json,E:\dac_winprop_irt2_direct_3200_positive_v2\projects\tile_002865\iso\project_manifest.json,415,2026-07-26T11:41:05.173871+00:00,4892d777c257e15e0e4016d0eaf74b92603580d810f4a4dd1926bd00dce748e1
E盘嵌套记录样本,03_E盘实验记录/dac_winprop_irt2_direct_3200_positive_v2/projects/tile_002865/tile_manifest.json,E:\dac_winprop_irt2_direct_3200_positive_v2\projects\tile_002865\tile_manifest.json,3145,2026-07-26T11:41:05.188858+00:00,37a69b7057a4207dc8efed49f78fe0df6c38533a425b1581aa802a0b95388f12
E盘嵌套记录样本,03_E盘实验记录/dac_winprop_irt2_direct_3200_positive_v2/compact_tiles/tile_002865.npz,E:\dac_winprop_irt2_direct_3200_positive_v2\compact_tiles\tile_002865.npz,85730,2026-07-26T11:43:41.765399+00:00,bcbe08da026ebc5acb063e8c9cba1a78df1955f3d19b009159a43d5852dfe51e
E盘嵌套记录样本,03_E盘实验记录/dac_winprop_irt2_direct_3200_positive_v2/projects/tile_016158/az006/project_manifest.json,E:\dac_winprop_irt2_direct_3200_positive_v2\projects\tile_016158\az006\project_manifest.json,512,2026-07-26T11:43:56.581200+00:00,9db48cdc1be6360781746fe0df62e16ff9d1ac6b6096dc012a3d52dcc94ac18c
E盘compact tile元数据样本,03_E盘实验记录/dac_winprop_irt2_direct_3200_positive_v2/compact_tiles/tile_000002.json,E:\dac_winprop_irt2_direct_3200_positive_v2\compact_tiles\tile_000002.json,4458,2026-07-24T08:07:13.838639+00:00,3b453fc411f3dcc4b453c788db8e06955346193d4548977a618bbbf3580c9bbe
E盘compact tile数据样本,03_E盘实验记录/dac_winprop_irt2_direct_3200_positive_v2/compact_tiles/tile_000002.npz,E:\dac_winprop_irt2_direct_3200_positive_v2\compact_tiles\tile_000002.npz,90386,2026-07-24T08:07:13.837641+00:00,5b78ef23d3a5b4580596b48694a0b2738c5821cb47581d73433cc74da57d8b4b
E盘根目录记录,03_E盘实验记录/dac_winprop_irt2_direct_3200_v1/pilot_reuse_report.json,E:\dac_winprop_irt2_direct_3200_v1\pilot_reuse_report.json,324,2026-07-24T09:40:43.541894+00:00,ab8d9a51f268a115bc75cea9e68167c78cfdaa2a8193e1c2e1663828ff96a5b2
E盘根目录记录,03_E盘实验记录/dac_winprop_irt2_direct_3200_v1/production_runner.stderr.log,E:\dac_winprop_irt2_direct_3200_v1\production_runner.stderr.log,1767,2026-07-24T10:00:44.562956+00:00,be9bbf007ba1d8d7e7da36f551c04e65445bef9bffd46de97df2fe1731f432d8
E盘根目录记录,03_E盘实验记录/dac_winprop_irt2_direct_3200_v1/production_runner.stdout.log,E:\dac_winprop_irt2_direct_3200_v1\production_runner.stdout.log,521773,2026-07-24T10:00:40.694991+00:00,d04e0752d3af571e79c8425c2fb7d13df2accab9d3d949ed9e725760da17d53d
E盘根目录记录,03_E盘实验记录/dac_winprop_irt2_direct_3200_v1/progress.json,E:\dac_winprop_irt2_direct_3200_v1\progress.json,356,2026-07-26T11:21:47.728460+00:00,21450bdde6d274b96b799884c1cb4c7a490e6263282d22793967898fcf02d9ae
E盘根目录记录,03_E盘实验记录/dac_winprop_irt2_direct_3200_v1/run_manifest.json,E:\dac_winprop_irt2_direct_3200_v1\run_manifest.json,518819,2026-07-24T10:59:07.889324+00:00,3e0d0539b9ceda34fb26640bae5c9034b021f06bd93975783d55f248ba7af03c
E盘根目录记录,03_E盘实验记录/dac_winprop_irt2_direct_3200_v1/run_manifest_before_parallel3_20260724_185838.json,E:\dac_winprop_irt2_direct_3200_v1\run_manifest_before_parallel3_20260724_185838.json,518819,2026-07-24T09:43:21.015626+00:00,f4215dca038cf498620d3b19b6a4b8eee66362b212fbfbe9b4d099659706de0f
E盘根目录记录,03_E盘实验记录/dac_winprop_irt2_direct_3200_v1/selection_metadata.json,E:\dac_winprop_irt2_direct_3200_v1\selection_metadata.json,983,2026-07-24T08:24:05.183880+00:00,a81c12ba17047ca65607cd33a6fad888c4296c0c38ec40611a88aa014a5f4611
E盘根目录记录,03_E盘实验记录/dac_winprop_irt2_direct_3200_v1/selection_tiles.csv,E:\dac_winprop_irt2_direct_3200_v1\selection_tiles.csv,108012,2026-07-24T08:24:05.178880+00:00,28b5ca8a457a557f8e3d87f9272c5e55f0dca7c50561bfa21b1f9499ad02e9e8
E盘根目录记录,03_E盘实验记录/dac_winprop_irt2_direct_3200_v1/selection_tiles.txt,E:\dac_winprop_irt2_direct_3200_v1\selection_tiles.txt,41600,2026-07-24T08:24:05.172906+00:00,b2855cfe5fbad169648ad3fd7f681cee9659c0476570e0036bebff0b9b308e77
E盘嵌套记录样本,03_E盘实验记录/dac_winprop_irt2_direct_3200_v1/projects/tile_003456/az183/project_manifest.json,E:\dac_winprop_irt2_direct_3200_v1\projects\tile_003456\az183\project_manifest.json,487,2026-07-24T09:55:18.130439+00:00,74954c1435974e960acb9c14a799717419a99d9ccf306f7563ccc3def8a1a9ca
E盘嵌套记录样本,03_E盘实验记录/dac_winprop_irt2_direct_3200_v1/projects/tile_003456/az305/project_manifest.json,E:\dac_winprop_irt2_direct_3200_v1\projects\tile_003456\az305\project_manifest.json,487,2026-07-24T09:55:18.134443+00:00,7e9d00916f220a9c7320b929cacea747e5372c3d978eca4fb7476dfbefc36e61
E盘嵌套记录样本,03_E盘实验记录/dac_winprop_irt2_direct_3200_v1/projects/tile_003456/az307/project_manifest.json,E:\dac_winprop_irt2_direct_3200_v1\projects\tile_003456\az307\project_manifest.json,487,2026-07-24T09:55:18.137125+00:00,2c705655067b75dcbe425b87b0ad58d388ec7e36334b7ee62ffe8926ccfaff42
E盘嵌套记录样本,03_E盘实验记录/dac_winprop_irt2_direct_3200_v1/projects/tile_003456/az331/project_manifest.json,E:\dac_winprop_irt2_direct_3200_v1\projects\tile_003456\az331\project_manifest.json,487,2026-07-24T09:55:18.141124+00:00,1b000d7bfe769593957eb57ef4da23fc8a6ccd2e1a14fef7fb423d737da9bc66
E盘嵌套记录样本,03_E盘实验记录/dac_winprop_irt2_direct_3200_v1/projects/tile_003456/iso/project_manifest.json,E:\dac_winprop_irt2_direct_3200_v1\projects\tile_003456\iso\project_manifest.json,388,2026-07-24T09:55:18.126436+00:00,c35f4bf7c59f917ffd9bc1de38b0a943ed83f40b0b48fa157371b6c9adad21de
E盘嵌套记录样本,03_E盘实验记录/dac_winprop_irt2_direct_3200_v1/projects/tile_003456/tile_manifest.json,E:\dac_winprop_irt2_direct_3200_v1\projects\tile_003456\tile_manifest.json,3005,2026-07-24T09:55:18.142131+00:00,d4dd595484fccf5ea141b03d3b35f37b0662a5eb6f6a3c19082cc27d5e069b0c
E盘嵌套记录样本,03_E盘实验记录/dac_winprop_irt2_direct_3200_v1/projects/tile_004311/az010/project_manifest.json,E:\dac_winprop_irt2_direct_3200_v1\projects\tile_004311\az010\project_manifest.json,486,2026-07-24T09:50:46.577800+00:00,7e91693291296dac0e4d7398c43329969bdcda3fae3cc3aa19eae83291996b80
E盘嵌套记录样本,03_E盘实验记录/dac_winprop_irt2_direct_3200_v1/projects/tile_004311/az038/project_manifest.json,E:\dac_winprop_irt2_direct_3200_v1\projects\tile_004311\az038\project_manifest.json,486,2026-07-24T09:50:46.581800+00:00,85d34a77c40fe183169a58b0c7cb7d6346f46b1bce99bf26694da7ae8140dafd
E盘compact tile元数据样本,03_E盘实验记录/dac_winprop_irt2_direct_3200_v1/compact_tiles/tile_000002.json,E:\dac_winprop_irt2_direct_3200_v1\compact_tiles\tile_000002.json,4458,2026-07-24T08:07:13.838639+00:00,3b453fc411f3dcc4b453c788db8e06955346193d4548977a618bbbf3580c9bbe
E盘compact tile数据样本,03_E盘实验记录/dac_winprop_irt2_direct_3200_v1/compact_tiles/tile_000002.npz,E:\dac_winprop_irt2_direct_3200_v1\compact_tiles\tile_000002.npz,90386,2026-07-24T08:07:13.837641+00:00,5b78ef23d3a5b4580596b48694a0b2738c5821cb47581d73433cc74da57d8b4b
E盘根目录记录,03_E盘实验记录/dac_winprop_irt2_direct_pilot32_v1/normalization_irt.json,E:\dac_winprop_irt2_direct_pilot32_v1\normalization_irt.json,2466,2026-07-24T09:39:32.246981+00:00,a314efc5b579d8a0b2a26464c0e16c4d62f257fa877ff42e58e3a45accb685a4
E盘根目录记录,03_E盘实验记录/dac_winprop_irt2_direct_pilot32_v1/pilot_manifest.json,E:\dac_winprop_irt2_direct_pilot32_v1\pilot_manifest.json,5609,2026-07-24T08:03:50.583290+00:00,7fe473d101b67843e3cef5d1f5237415d695d748826d9b849bfbd51aa86a854b
E盘根目录记录,03_E盘实验记录/dac_winprop_irt2_direct_pilot32_v1/pilot_quality_report.json,E:\dac_winprop_irt2_direct_pilot32_v1\pilot_quality_report.json,2591,2026-07-24T09:36:48.881542+00:00,00bf41e5e0761c6d61d23a894165689fb057b4eb21b8d2435049618550a8a025
E盘根目录记录,03_E盘实验记录/dac_winprop_irt2_direct_pilot32_v1/pilot_quality_tiles.csv,E:\dac_winprop_irt2_direct_pilot32_v1\pilot_quality_tiles.csv,4327,2026-07-24T09:36:48.881542+00:00,683f3eb035e15b92e3eb15eb0f3da4386c57556f4faf790f0e9e0e7fe67298c7
E盘根目录记录,03_E盘实验记录/dac_winprop_irt2_direct_pilot32_v1/pilot_runner.stderr.log,E:\dac_winprop_irt2_direct_pilot32_v1\pilot_runner.stderr.log,1083,2026-07-24T08:07:16.827430+00:00,0cf6c3c264d7ad6d640c7f6fd9852cfc3c102c63155fd0eb4cf9796458abfedb
E盘根目录记录,03_E盘实验记录/dac_winprop_irt2_direct_pilot32_v1/pilot_runner.stdout.log,E:\dac_winprop_irt2_direct_pilot32_v1\pilot_runner.stdout.log,6303,2026-07-24T08:07:13.864942+00:00,d260573a2cf7afbc1258c7895874e3baf3e5dc60a3b4dea780037f90518e9876
E盘根目录记录,03_E盘实验记录/dac_winprop_irt2_direct_pilot32_v1/pilot_runner_attempt02.stderr.log,E:\dac_winprop_irt2_direct_pilot32_v1\pilot_runner_attempt02.stderr.log,1885,2026-07-24T08:14:52.284430+00:00,1fbe26ff40cdd4ff43d37007b18f45b0eb3c05f7b4fa1e32f077c02b93c6c817
E盘根目录记录,03_E盘实验记录/dac_winprop_irt2_direct_pilot32_v1/pilot_runner_attempt02.stdout.log,E:\dac_winprop_irt2_direct_pilot32_v1\pilot_runner_attempt02.stdout.log,5807,2026-07-24T08:13:56.937428+00:00,07a1dbf7bbba19ddf4a7039d54a2acaa7b4387f35a71d03c25148aea472bd2a0
E盘根目录记录,03_E盘实验记录/dac_winprop_irt2_direct_pilot32_v1/pilot_runner_attempt03.stderr.log,E:\dac_winprop_irt2_direct_pilot32_v1\pilot_runner_attempt03.stderr.log,0,2026-07-24T08:20:36.289470+00:00,e3b0c44298fc1c149afbf4c8996fb92427ae41e4649b934ca495991b7852b855
E盘根目录记录,03_E盘实验记录/dac_winprop_irt2_direct_pilot32_v1/pilot_runner_attempt03.stdout.log,E:\dac_winprop_irt2_direct_pilot32_v1\pilot_runner_attempt03.stdout.log,18502,2026-07-24T09:36:17.554785+00:00,83628d637cbabc173ccb05f69a300f99a113bc97427853890a903257c277dd43
E盘根目录记录,03_E盘实验记录/dac_winprop_irt2_direct_pilot32_v1/pilot_selection.csv,E:\dac_winprop_irt2_direct_pilot32_v1\pilot_selection.csv,3358,2026-07-24T09:37:04.196929+00:00,9ab8a06f61c8e6284b6c136e25d7e41e4bbfae86f2599c95d8387e38a6842e86
E盘根目录记录,03_E盘实验记录/dac_winprop_irt2_direct_pilot32_v1/pilot_summary.json,E:\dac_winprop_irt2_direct_pilot32_v1\pilot_summary.json,2612,2026-07-24T09:36:17.554164+00:00,cf5e54ebed0f7b1a5c39d6417307502037e1583fb9e6bc27a0fe6389609ea7e8
E盘根目录记录,03_E盘实验记录/dac_winprop_irt2_direct_pilot32_v1/shard_manifest_v2.csv,E:\dac_winprop_irt2_direct_pilot32_v1\shard_manifest_v2.csv,3738,2026-07-24T09:39:31.879678+00:00,b725c25f3e946f4f5cc42e1db8910200f61272071a8a10a5cd0664c814bf5b98
E盘根目录记录,03_E盘实验记录/dac_winprop_irt2_direct_pilot32_v1/shard_metadata_v2.json,E:\dac_winprop_irt2_direct_pilot32_v1\shard_metadata_v2.json,1640,2026-07-24T09:39:31.880677+00:00,ed193fbc20722eec629167b0e43ddd66f371fca0e1e883a3da3cb3c3977a321d
E盘嵌套记录样本,03_E盘实验记录/dac_winprop_irt2_direct_pilot32_v1/projects/tile_000001/az113/project_manifest.json,E:\dac_winprop_irt2_direct_pilot32_v1\projects\tile_000001\az113\project_manifest.json,496,2026-07-24T08:03:50.942527+00:00,cccc5c02fd359f095e64b2b80119e1e5c5d43285c451a9a8340672c73b8e339b
E盘嵌套记录样本,03_E盘实验记录/dac_winprop_irt2_direct_pilot32_v1/projects/tile_000001/az195/project_manifest.json,E:\dac_winprop_irt2_direct_pilot32_v1\projects\tile_000001\az195\project_manifest.json,496,2026-07-24T08:03:50.945863+00:00,12aec6f78b4be26dc8c3dfe8fcf3a172e34109b92d982b2a0e0746d121389d15
E盘嵌套记录样本,03_E盘实验记录/dac_winprop_irt2_direct_pilot32_v1/projects/tile_000001/az216/project_manifest.json,E:\dac_winprop_irt2_direct_pilot32_v1\projects\tile_000001\az216\project_manifest.json,496,2026-07-24T08:03:50.948868+00:00,475e22e57012d9abbc1f39adfcd7df818f502e2e6b192fad8244b6bf55c98f1a
E盘嵌套记录样本,03_E盘实验记录/dac_winprop_irt2_direct_pilot32_v1/projects/tile_000001/az283/project_manifest.json,E:\dac_winprop_irt2_direct_pilot32_v1\projects\tile_000001\az283\project_manifest.json,496,2026-07-24T08:03:50.951866+00:00,f20b8f1eef10902fb7a868dcc54ed79a58bf3eb6efbb0baa085eaaae06ea6497
E盘嵌套记录样本,03_E盘实验记录/dac_winprop_irt2_direct_pilot32_v1/projects/tile_000001/iso/project_manifest.json,E:\dac_winprop_irt2_direct_pilot32_v1\projects\tile_000001\iso\project_manifest.json,397,2026-07-24T08:03:50.939476+00:00,5714559544384f5d98202518a2b1708b3bc646691710f329fcb542545606806d
E盘嵌套记录样本,03_E盘实验记录/dac_winprop_irt2_direct_pilot32_v1/projects/tile_000001/tile_manifest.json,E:\dac_winprop_irt2_direct_pilot32_v1\projects\tile_000001\tile_manifest.json,3039,2026-07-24T08:03:50.952867+00:00,046f00de07f90a284ac03219f8732c91d3504c495b47d38dc5e3cd8b71c20a3f
E盘嵌套记录样本,03_E盘实验记录/dac_winprop_irt2_direct_pilot32_v1/compact_tiles/tile_000001.npz,E:\dac_winprop_irt2_direct_pilot32_v1\compact_tiles\tile_000001.npz,96555,2026-07-24T08:05:18.789966+00:00,3a30ff55e3a45520fa7e76ce156867825d7ece690a40d208e7ec049882d40cc2
E盘嵌套记录样本,03_E盘实验记录/dac_winprop_irt2_direct_pilot32_v1/projects/tile_000002/az072/project_manifest.json,E:\dac_winprop_irt2_direct_pilot32_v1\projects\tile_000002\az072\project_manifest.json,495,2026-07-24T08:06:18.534622+00:00,36e5af7a6e017898e3549ec90c5918d3f230ffdb40fad83605e29a2a16c0c5ba
E盘compact tile元数据样本,03_E盘实验记录/dac_winprop_irt2_direct_pilot32_v1/compact_tiles/tile_000001.json,E:\dac_winprop_irt2_direct_pilot32_v1\compact_tiles\tile_000001.json,4456,2026-07-24T08:05:18.790966+00:00,4b5126194e2d3dcbbbadf28e6d9dbed474abf2edc6df9d9ce7c489f924e0ebf5
E盘嵌套记录样本,03_E盘实验记录/dac_winprop_irt2_direct_v1/qa/tile_000001/tile_000001_direct_validation.json,E:\dac_winprop_irt2_direct_v1\qa\tile_000001\tile_000001_direct_validation.json,4252,2026-07-24T07:59:18.717758+00:00,38b93ff027cb8b3bf831c3cdfcc2a7ef47ed4a57d6ec74f13ed8c772295c3a8c
E盘嵌套记录样本,03_E盘实验记录/dac_winprop_irt2_direct_v1/compact_tiles/tile_000001.npz,E:\dac_winprop_irt2_direct_v1\compact_tiles\tile_000001.npz,57252,2026-07-24T07:59:17.104515+00:00,c1035cac1ad920a81f98168631e4caaf5a96d78eceb141a6767c8e119d09d3d9
E盘嵌套记录样本,03_E盘实验记录/dac_winprop_irt2_direct_v1/compact_tiles/tile_000001.json,E:\dac_winprop_irt2_direct_v1\compact_tiles\tile_000001.json,2897,2026-07-24T07:59:17.107506+00:00,faf9e83fefd538f0326836e613e366d31d4e553a87f35163edf2090199b15e0a
E盘根目录记录,03_E盘实验记录/dac_winprop_irt2_no_ray_cap_diagnostic/az106.stderr.log,E:\dac_winprop_irt2_no_ray_cap_diagnostic\az106.stderr.log,0,2026-07-24T09:02:59.467857+00:00,e3b0c44298fc1c149afbf4c8996fb92427ae41e4649b934ca495991b7852b855
E盘根目录记录,03_E盘实验记录/dac_winprop_irt2_no_ray_cap_diagnostic/az106.stdout.log,E:\dac_winprop_irt2_no_ray_cap_diagnostic\az106.stdout.log,12867,2026-07-24T09:04:44.743412+00:00,85c6f55b661c4ecdd559016764bc8a3f3d1d7cc9c3e3ff4e7ed00df49466f79c
E盘根目录记录,03_E盘实验记录/dac_winprop_irt2_no_ray_cap_diagnostic/iso.stderr.log,E:\dac_winprop_irt2_no_ray_cap_diagnostic\iso.stderr.log,0,2026-07-24T09:02:59.448857+00:00,e3b0c44298fc1c149afbf4c8996fb92427ae41e4649b934ca495991b7852b855
E盘根目录记录,03_E盘实验记录/dac_winprop_irt2_no_ray_cap_diagnostic/iso.stdout.log,E:\dac_winprop_irt2_no_ray_cap_diagnostic\iso.stdout.log,12608,2026-07-24T09:07:57.388326+00:00,ec2957a380fe92145dda309272ce8886e955763419ec28232025feb9951a96ac
E盘嵌套记录样本,03_E盘实验记录/dac_winprop_irt2_no_ray_cap_diagnostic/projects/tile_000007/az106/project_manifest.json,E:\dac_winprop_irt2_no_ray_cap_diagnostic\projects\tile_000007\az106\project_manifest.json,508,2026-07-24T09:02:59.432472+00:00,c4b7739d732c4ae2cd94a157ef1b1d045627ec903e089e9f2f01df02cf7d2d1f
E盘嵌套记录样本,03_E盘实验记录/dac_winprop_irt2_no_ray_cap_diagnostic/projects/tile_000007/iso/project_manifest.json,E:\dac_winprop_irt2_no_ray_cap_diagnostic\projects\tile_000007\iso\project_manifest.json,409,2026-07-24T09:02:59.428471+00:00,d24e85c8ab1959726c0b0d8baa535382694588a251cb6cfeac9d85c0e2f7e638
E盘嵌套记录样本,03_E盘实验记录/dac_winprop_irt2_no_ray_cap_diagnostic/projects/tile_000007/tile_manifest.json,E:\dac_winprop_irt2_no_ray_cap_diagnostic\projects\tile_000007\tile_manifest.json,1478,2026-07-24T09:02:59.433471+00:00,1328c9918185557e88d2f0e3679418718331b16b6dab7be28e4f33862a7c20b8
E盘嵌套记录样本,03_E盘实验记录/dac_winprop_irt2_no_ray_cap_diagnostic/raw_results/tile_000007/az106/Site  1 Antenna 1 Path Loss.txt,E:\dac_winprop_irt2_no_ray_cap_diagnostic\raw_results\tile_000007\az106\Site  1 Antenna 1 Path Loss.txt,600145,2026-07-24T09:04:44.443020+00:00,dcbcad725e4c3c3f44fe2f99cd54f335c0c7b536ff9dab7410fe1a2a5186fe2e
E盘嵌套记录样本,03_E盘实验记录/dac_winprop_irt2_no_ray_cap_diagnostic/raw_results/tile_000007/az106/Site  1 Antenna 1 Power.txt,E:\dac_winprop_irt2_no_ray_cap_diagnostic\raw_results\tile_000007\az106\Site  1 Antenna 1 Power.txt,600145,2026-07-24T09:04:44.432024+00:00,dcbcad725e4c3c3f44fe2f99cd54f335c0c7b536ff9dab7410fe1a2a5186fe2e
E盘嵌套记录样本,03_E盘实验记录/dac_winprop_irt2_no_ray_cap_diagnostic/raw_results/tile_000007/iso/Site  1 Antenna 1 Path Loss.txt,E:\dac_winprop_irt2_no_ray_cap_diagnostic\raw_results\tile_000007\iso\Site  1 Antenna 1 Path Loss.txt,598653,2026-07-24T09:07:45.295470+00:00,ab4ae42cd986397d39ac2ccb0e3c704dc8e222831a4428267ad4b8ea5c2ea607
E盘嵌套记录样本,03_E盘实验记录/dac_winprop_irt2_no_ray_cap_diagnostic/raw_results/tile_000007/iso/Site  1 Antenna 1 Power.txt,E:\dac_winprop_irt2_no_ray_cap_diagnostic\raw_results\tile_000007\iso\Site  1 Antenna 1 Power.txt,598653,2026-07-24T09:07:45.286460+00:00,ab4ae42cd986397d39ac2ccb0e3c704dc8e222831a4428267ad4b8ea5c2ea607
E盘根目录记录,03_E盘实验记录/dac_winprop_irt2_pattern_gain0_diagnostic/winprop.stderr.log,E:\dac_winprop_irt2_pattern_gain0_diagnostic\winprop.stderr.log,0,2026-07-24T08:59:23.710220+00:00,e3b0c44298fc1c149afbf4c8996fb92427ae41e4649b934ca495991b7852b855
E盘根目录记录,03_E盘实验记录/dac_winprop_irt2_pattern_gain0_diagnostic/winprop.stdout.log,E:\dac_winprop_irt2_pattern_gain0_diagnostic\winprop.stdout.log,12900,2026-07-24T09:01:05.825407+00:00,d0d97c569b076adcc8deb6f582bd4fbc31e301f8abf0f201adc199b7bb14f473
E盘嵌套记录样本,03_E盘实验记录/dac_winprop_irt2_pattern_gain0_diagnostic/projects/tile_000007/az106/project_manifest.json,E:\dac_winprop_irt2_pattern_gain0_diagnostic\projects\tile_000007\az106\project_manifest.json,517,2026-07-24T08:59:23.675219+00:00,e10358d3439f8058bc8e9f713061cc74884f4126da8e97813bc0a28ee881d5ea
E盘嵌套记录样本,03_E盘实验记录/dac_winprop_irt2_pattern_gain0_diagnostic/projects/tile_000007/tile_manifest.json,E:\dac_winprop_irt2_pattern_gain0_diagnostic\projects\tile_000007\tile_manifest.json,1041,2026-07-24T08:59:23.676219+00:00,2dcfc99b0b63845043acf7e2fcc7ea0f722f7b567fce2529d8d838cef38345e9
E盘嵌套记录样本,03_E盘实验记录/dac_winprop_irt2_pattern_gain0_diagnostic/raw_results/tile_000007/az106/Site  1 Antenna 1 Path Loss.txt,E:\dac_winprop_irt2_pattern_gain0_diagnostic\raw_results\tile_000007\az106\Site  1 Antenna 1 Path Loss.txt,600145,2026-07-24T09:01:05.512890+00:00,af3bf46185c695bfca06c32134cced6aff4f816ac0ad19d9f9c0f916ce7ec4a0
E盘嵌套记录样本,03_E盘实验记录/dac_winprop_irt2_pattern_gain0_diagnostic/raw_results/tile_000007/az106/Site  1 Antenna 1 Power.txt,E:\dac_winprop_irt2_pattern_gain0_diagnostic\raw_results\tile_000007\az106\Site  1 Antenna 1 Power.txt,600145,2026-07-24T09:01:05.502886+00:00,af3bf46185c695bfca06c32134cced6aff4f816ac0ad19d9f9c0f916ce7ec4a0
E盘嵌套记录样本,03_E盘实验记录/dac_winprop_irt2_ray_diagnostic_v1/compact_tiles/tile_000001_validation_f32.npz,E:\dac_winprop_irt2_ray_diagnostic_v1\compact_tiles\tile_000001_validation_f32.npz,136170,2026-07-24T07:20:46.896788+00:00,4a590d463acd4732e25017a4ae034dfb3cbbe46fdab921dba0d307d4d2dd21ba
E盘嵌套记录样本,03_E盘实验记录/dac_winprop_irt2_ray_diagnostic_v1/projects/tile_000001/az000/project_manifest.json,E:\dac_winprop_irt2_ray_diagnostic_v1\projects\tile_000001\az000\project_manifest.json,475,2026-07-24T07:00:57.620589+00:00,cf6c016730fd22ec305e84c6fb735a1640330eb9e3a4bfbb19a7d7e7e74fe733
E盘嵌套记录样本,03_E盘实验记录/dac_winprop_irt2_ray_diagnostic_v1/projects/tile_000001/az090/project_manifest.json,E:\dac_winprop_irt2_ray_diagnostic_v1\projects\tile_000001\az090\project_manifest.json,476,2026-07-24T07:00:57.623590+00:00,a25fb295c8bd4009d54cf4ceeed6e5676bca0b20274a2fa32dc6c5f732323e47
E盘嵌套记录样本,03_E盘实验记录/dac_winprop_irt2_ray_diagnostic_v1/projects/tile_000001/iso/project_manifest.json,E:\dac_winprop_irt2_ray_diagnostic_v1\projects\tile_000001\iso\project_manifest.json,397,2026-07-24T07:00:57.616590+00:00,99ba69013ee67cd11b8f1bf2f628fe0b596577bda2117750d79f11574d7319cc
E盘嵌套记录样本,03_E盘实验记录/dac_winprop_irt2_ray_diagnostic_v1/projects/tile_000001/tile_manifest.json,E:\dac_winprop_irt2_ray_diagnostic_v1\projects\tile_000001\tile_manifest.json,1932,2026-07-24T07:00:57.623590+00:00,3ad177851bb3bd631775b6a70dc56e97e86aac45361a61b5b9fada9d5e11769d
E盘嵌套记录样本,03_E盘实验记录/dac_winprop_irt2_ray_diagnostic_v1/compact_tiles/tile_000001.json,E:\dac_winprop_irt2_ray_diagnostic_v1\compact_tiles\tile_000001.json,3889,2026-07-24T07:20:46.929809+00:00,708d02d70d1bc8dac88ccf07a4d71a49be7c574c386aaa17e31f1de8004917ad
E盘嵌套记录样本,03_E盘实验记录/dac_winprop_irt2_ray_diagnostic_v1/logs/tile_000001_irt2_az000.attempt2.stderr.log,E:\dac_winprop_irt2_ray_diagnostic_v1\logs\tile_000001_irt2_az000.attempt2.stderr.log,0,2026-07-24T07:16:20.417639+00:00,e3b0c44298fc1c149afbf4c8996fb92427ae41e4649b934ca495991b7852b855
E盘嵌套记录样本,03_E盘实验记录/dac_winprop_irt2_ray_diagnostic_v1/logs/tile_000001_irt2_az000.attempt2.stdout.log,E:\dac_winprop_irt2_ray_diagnostic_v1\logs\tile_000001_irt2_az000.attempt2.stdout.log,13184,2026-07-24T07:17:07.297138+00:00,a5ffc0e5c1d0d788cdc6d69e581f90f59abf08cc8d525e28f538b32742791e6b
E盘compact tile数据样本,03_E盘实验记录/dac_winprop_irt2_ray_diagnostic_v1/compact_tiles/tile_000001.npz,E:\dac_winprop_irt2_ray_diagnostic_v1\compact_tiles\tile_000001.npz,57073,2026-07-24T07:20:46.888789+00:00,7069216319af6e4c7b354f5943a9ea2efc4cfd97986cc0bbcb281851cd528abc
E盘嵌套记录样本,03_E盘实验记录/dac_winprop_irt2_ray100_diagnostic_v1/compact_tiles/tile_000001_validation_f32.npz,E:\dac_winprop_irt2_ray100_diagnostic_v1\compact_tiles\tile_000001_validation_f32.npz,136144,2026-07-24T07:23:45.581746+00:00,3051d5569c39655dfd2681e11c9b51617a58b1363c2082fff7f306d697df45df
E盘嵌套记录样本,03_E盘实验记录/dac_winprop_irt2_ray100_diagnostic_v1/projects/tile_000001/az000/project_manifest.json,E:\dac_winprop_irt2_ray100_diagnostic_v1\projects\tile_000001\az000\project_manifest.json,484,2026-07-24T07:21:54.896443+00:00,41d44ad0bedaa5042e44c1bc411e23e6f3d88dac2c73c46063699cf371cc1eae
E盘嵌套记录样本,03_E盘实验记录/dac_winprop_irt2_ray100_diagnostic_v1/projects/tile_000001/az090/project_manifest.json,E:\dac_winprop_irt2_ray100_diagnostic_v1\projects\tile_000001\az090\project_manifest.json,485,2026-07-24T07:21:54.900437+00:00,c9aa373441ccd3fbe374074d1ce05073d6002d7a37e0264833313929ee401fdf
E盘嵌套记录样本,03_E盘实验记录/dac_winprop_irt2_ray100_diagnostic_v1/projects/tile_000001/iso/project_manifest.json,E:\dac_winprop_irt2_ray100_diagnostic_v1\projects\tile_000001\iso\project_manifest.json,406,2026-07-24T07:21:54.893446+00:00,fc5e8a104930c11642b5f0abfecc02fc9510aac136b1ebae29a4fac0fb5b5bea
E盘嵌套记录样本,03_E盘实验记录/dac_winprop_irt2_ray100_diagnostic_v1/projects/tile_000001/tile_manifest.json,E:\dac_winprop_irt2_ray100_diagnostic_v1\projects\tile_000001\tile_manifest.json,1959,2026-07-24T07:21:54.900437+00:00,167806541cbaf28d18664ae62cd547f9e3cfa640d6092f8057a500f567a033be
E盘嵌套记录样本,03_E盘实验记录/dac_winprop_irt2_ray100_diagnostic_v1/compact_tiles/tile_000001.json,E:\dac_winprop_irt2_ray100_diagnostic_v1\compact_tiles\tile_000001.json,3911,2026-07-24T07:23:45.733696+00:00,7ab442030493024f8cc8c21d373a905191d4d44f4978b0a0dfbdbc725a0f9524
E盘嵌套记录样本,03_E盘实验记录/dac_winprop_irt2_ray100_diagnostic_v1/logs/tile_000001_irt2_az000.stderr.log,E:\dac_winprop_irt2_ray100_diagnostic_v1\logs\tile_000001_irt2_az000.stderr.log,0,2026-07-24T07:21:54.934740+00:00,e3b0c44298fc1c149afbf4c8996fb92427ae41e4649b934ca495991b7852b855
E盘嵌套记录样本,03_E盘实验记录/dac_winprop_irt2_ray100_diagnostic_v1/logs/tile_000001_irt2_az000.stdout.log,E:\dac_winprop_irt2_ray100_diagnostic_v1\logs\tile_000001_irt2_az000.stdout.log,13217,2026-07-24T07:22:49.464086+00:00,be0f7d89a2b2cbd0178cea60287afe0c360b6c662dc5e885ccd247ac6c451f1d
E盘compact tile数据样本,03_E盘实验记录/dac_winprop_irt2_ray100_diagnostic_v1/compact_tiles/tile_000001.npz,E:\dac_winprop_irt2_ray100_diagnostic_v1\compact_tiles\tile_000001.npz,57347,2026-07-24T07:23:45.572746+00:00,ec245ca6cad515e835615c80f7f0d2ddc8306f133cfc2da966b2b2b7ef80ae5d
E盘嵌套记录样本,03_E盘实验记录/dac_winprop_irt2_ray500_diagnostic_v1/projects/tile_000001/iso/project_manifest.json,E:\dac_winprop_irt2_ray500_diagnostic_v1\projects\tile_000001\iso\project_manifest.json,406,2026-07-24T07:28:20.865330+00:00,2b19a26938d746a6e4d75d14b3c379568d806fecffbacd0a0551077699a114ec
E盘嵌套记录样本,03_E盘实验记录/dac_winprop_irt2_ray500_diagnostic_v1/projects/tile_000001/tile_manifest.json,E:\dac_winprop_irt2_ray500_diagnostic_v1\projects\tile_000001\tile_manifest.json,920,2026-07-24T07:28:20.866330+00:00,174f6ea410f2198d94ba2d1f1827a86d6e9c86a8d7f6dc16debb46b955e9edfe
E盘嵌套记录样本,03_E盘实验记录/dac_winprop_irt2_ray500_diagnostic_v1/logs/tile_000001_irt2_iso.stderr.log,E:\dac_winprop_irt2_ray500_diagnostic_v1\logs\tile_000001_irt2_iso.stderr.log,0,2026-07-24T07:31:46.097389+00:00,e3b0c44298fc1c149afbf4c8996fb92427ae41e4649b934ca495991b7852b855
E盘嵌套记录样本,03_E盘实验记录/dac_winprop_irt2_ray500_diagnostic_v1/logs/tile_000001_irt2_iso.stdout.log,E:\dac_winprop_irt2_ray500_diagnostic_v1\logs\tile_000001_irt2_iso.stdout.log,5771,2026-07-24T07:31:49.515049+00:00,d341c8fb6f5ec3b527504f4589e06280e097ce03e5b29666dc3539247cd11d60
E盘嵌套记录样本,03_E盘实验记录/dac_winprop_irt2_ray500_diagnostic_v2/compact_tiles/tile_000001_validation_f32.npz,E:\dac_winprop_irt2_ray500_diagnostic_v2\compact_tiles\tile_000001_validation_f32.npz,136192,2026-07-24T07:36:07.640985+00:00,34e38181fde6d980b9dbca223a7daa98146fdf550307d21ab4e7efc149b245f5
E盘嵌套记录样本,03_E盘实验记录/dac_winprop_irt2_ray500_diagnostic_v2/projects/tile_000001/iso/project_manifest.json,E:\dac_winprop_irt2_ray500_diagnostic_v2\projects\tile_000001\iso\project_manifest.json,406,2026-07-24T07:32:59.559770+00:00,f765d27368d2577c49f2c25618b43c685a66f7b46b6a34cec5010d69f5960ea5
E盘嵌套记录样本,03_E盘实验记录/dac_winprop_irt2_ray500_diagnostic_v2/projects/tile_000001/tile_manifest.json,E:\dac_winprop_irt2_ray500_diagnostic_v2\projects\tile_000001\tile_manifest.json,916,2026-07-24T07:32:59.559770+00:00,dc5ee9c470006650674d09d6b450ee90a747d214e5db68c445a913e19c40203d
E盘嵌套记录样本,03_E盘实验记录/dac_winprop_irt2_ray500_diagnostic_v2/logs/reweight_validation.stderr.log,E:\dac_winprop_irt2_ray500_diagnostic_v2\logs\reweight_validation.stderr.log,0,2026-07-24T07:35:58.368064+00:00,e3b0c44298fc1c149afbf4c8996fb92427ae41e4649b934ca495991b7852b855
E盘嵌套记录样本,03_E盘实验记录/dac_winprop_irt2_ray500_diagnostic_v2/logs/reweight_validation.stdout.log,E:\dac_winprop_irt2_ray500_diagnostic_v2\logs\reweight_validation.stdout.log,4037,2026-07-24T07:36:08.255013+00:00,9ab3c036b080a9a29c96c60c44b702b1d922f9fa106a6a12ef740723d2aaa8b1
E盘嵌套记录样本,03_E盘实验记录/dac_winprop_irt2_ray500_diagnostic_v2/compact_tiles/tile_000001.json,E:\dac_winprop_irt2_ray500_diagnostic_v2\compact_tiles\tile_000001.json,3915,2026-07-24T07:36:08.250006+00:00,2c29223303178c4ed2735d1dc491529eefdacfd25c0e451f22b12214f432e7a7
E盘嵌套记录样本,03_E盘实验记录/dac_winprop_irt2_ray500_diagnostic_v2/raw_results/tile_000001/iso/Site  1 Antenna 1 Path Loss.txt,E:\dac_winprop_irt2_ray500_diagnostic_v2\raw_results\tile_000001\iso\Site  1 Antenna 1 Path Loss.txt,603375,2026-07-24T07:35:07.037002+00:00,b4fec45e3cb4280738eb82833b4563de9f76abd82a59820d2cdd0810961f5019
E盘嵌套记录样本,03_E盘实验记录/dac_winprop_irt2_ray500_diagnostic_v2/raw_results/tile_000001/iso/Site  1 Antenna 1 Power.txt,E:\dac_winprop_irt2_ray500_diagnostic_v2\raw_results\tile_000001\iso\Site  1 Antenna 1 Power.txt,603375,2026-07-24T07:35:07.027006+00:00,b4fec45e3cb4280738eb82833b4563de9f76abd82a59820d2cdd0810961f5019
E盘compact tile数据样本,03_E盘实验记录/dac_winprop_irt2_ray500_diagnostic_v2/compact_tiles/tile_000001.npz,E:\dac_winprop_irt2_ray500_diagnostic_v2\compact_tiles\tile_000001.npz,57323,2026-07-24T07:36:07.631989+00:00,bfce47c77a49978def6609a0df848be2a9e7e32b166f115b9d57ab2a042db51a
E盘嵌套记录样本,03_E盘实验记录/dac_winprop_irt2_roundtrip_pattern_validation_v3/compact_tiles/tile_000001_validation_f32.npz,E:\dac_winprop_irt2_roundtrip_pattern_validation_v3\compact_tiles\tile_000001_validation_f32.npz,136210,2026-07-24T07:55:53.173077+00:00,424d17bdbe47ad33d162f045b8e6bac6316ae40cbff8c70ad8d8391c28dee15f
E盘嵌套记录样本,03_E盘实验记录/dac_winprop_irt2_roundtrip_pattern_validation_v3/compact_tiles/tile_000001.json,E:\dac_winprop_irt2_roundtrip_pattern_validation_v3\compact_tiles\tile_000001.json,4031,2026-07-24T07:55:53.778435+00:00,3a7db7e3c5457f4139cbfd07991833a5a1bcdcef430ba6d479c9a30611d32e39
E盘compact tile数据样本,03_E盘实验记录/dac_winprop_irt2_roundtrip_pattern_validation_v3/compact_tiles/tile_000001.npz,E:\dac_winprop_irt2_roundtrip_pattern_validation_v3\compact_tiles\tile_000001.npz,57336,2026-07-24T07:55:53.164306+00:00,5dd6b8adbb4d5382caea0ba9a455f305ccb649d88812f1191c9ceed21531d520
E盘嵌套记录样本,03_E盘实验记录/dac_winprop_irt2_verified_pattern_diagnostic_v1/projects/tile_000001/az000/project_manifest.json,E:\dac_winprop_irt2_verified_pattern_diagnostic_v1\projects\tile_000001\az000\project_manifest.json,523,2026-07-24T07:44:41.787261+00:00,c6d6eacd39391fdd6c37ccfed0faab006f594ec23e2d89f96492b0eb47e0be5c
E盘嵌套记录样本,03_E盘实验记录/dac_winprop_irt2_verified_pattern_diagnostic_v1/projects/tile_000001/az090/project_manifest.json,E:\dac_winprop_irt2_verified_pattern_diagnostic_v1\projects\tile_000001\az090\project_manifest.json,524,2026-07-24T07:44:41.790314+00:00,fd998acafb8e1f8f7d5e2290f04033d918e01e19246e43fb85f1180a1f7af025
E盘嵌套记录样本,03_E盘实验记录/dac_winprop_irt2_verified_pattern_diagnostic_v1/projects/tile_000001/tile_manifest.json,E:\dac_winprop_irt2_verified_pattern_diagnostic_v1\projects\tile_000001\tile_manifest.json,1594,2026-07-24T07:44:41.790314+00:00,402ed4b969db40d803f0d320ac4d0182a60ec283e6d1b9919a90ece28643fd43
E盘嵌套记录样本,03_E盘实验记录/dac_winprop_irt2_verified_pattern_diagnostic_v1/logs/tile_000001_irt2_az000.stderr.log,E:\dac_winprop_irt2_verified_pattern_diagnostic_v1\logs\tile_000001_irt2_az000.stderr.log,0,2026-07-24T07:44:58.698963+00:00,e3b0c44298fc1c149afbf4c8996fb92427ae41e4649b934ca495991b7852b855
E盘嵌套记录样本,03_E盘实验记录/dac_winprop_irt2_verified_pattern_diagnostic_v1/logs/tile_000001_irt2_az000.stdout.log,E:\dac_winprop_irt2_verified_pattern_diagnostic_v1\logs\tile_000001_irt2_az000.stdout.log,13345,2026-07-24T07:45:52.792639+00:00,2af91bf51162a204937fa449cae733566dc5bd4d8041fdfc4c0a4ad84efb80dc
E盘嵌套记录样本,03_E盘实验记录/dac_winprop_irt2_verified_pattern_diagnostic_v1/logs/tile_000001_irt2_az090.stderr.log,E:\dac_winprop_irt2_verified_pattern_diagnostic_v1\logs\tile_000001_irt2_az090.stderr.log,0,2026-07-24T07:44:58.704964+00:00,e3b0c44298fc1c149afbf4c8996fb92427ae41e4649b934ca495991b7852b855
E盘嵌套记录样本,03_E盘实验记录/dac_winprop_irt2_verified_pattern_diagnostic_v1/logs/tile_000001_irt2_az090.stdout.log,E:\dac_winprop_irt2_verified_pattern_diagnostic_v1\logs\tile_000001_irt2_az090.stdout.log,13345,2026-07-24T07:45:52.567852+00:00,505d7a69ce52005b2edc4245aaf7c73f99d2b6d85ddf0d47c32328371bc55f08
E盘嵌套记录样本,03_E盘实验记录/dac_winprop_irt2_verified_pattern_diagnostic_v1/raw_results/tile_000001/az000/Site  1 Antenna 1 Path Loss.txt,E:\dac_winprop_irt2_verified_pattern_diagnostic_v1\raw_results\tile_000001\az000\Site  1 Antenna 1 Path Loss.txt,604903,2026-07-24T07:45:52.000355+00:00,1ce15b7894ac3f4fb30a3a01f55802274cf2b47f36b7a6d92b3963191e944756
E盘嵌套记录样本,03_E盘实验记录/dac_winprop_irt2_verified_pattern_validation_v1/compact_tiles/tile_000001_validation_f32.npz,E:\dac_winprop_irt2_verified_pattern_validation_v1\compact_tiles\tile_000001_validation_f32.npz,136192,2026-07-24T07:46:22.265449+00:00,34e38181fde6d980b9dbca223a7daa98146fdf550307d21ab4e7efc149b245f5
E盘嵌套记录样本,03_E盘实验记录/dac_winprop_irt2_verified_pattern_validation_v1/compact_tiles/tile_000001.json,E:\dac_winprop_irt2_verified_pattern_validation_v1\compact_tiles\tile_000001.json,3964,2026-07-24T07:46:22.869802+00:00,a438dcb2335b98a71030b956524efff418f0313b69cab4c3ecb5e37d4a0b5764
E盘compact tile数据样本,03_E盘实验记录/dac_winprop_irt2_verified_pattern_validation_v1/compact_tiles/tile_000001.npz,E:\dac_winprop_irt2_verified_pattern_validation_v1\compact_tiles\tile_000001.npz,57323,2026-07-24T07:46:22.257803+00:00,bfce47c77a49978def6609a0df848be2a9e7e32b166f115b9d57ab2a042db51a
E盘根目录记录,03_E盘实验记录/dac_winprop_irt6_direct_pilot_positive_v3/pilot_manifest.json,E:\dac_winprop_irt6_direct_pilot_positive_v3\pilot_manifest.json,604,2026-07-26T12:03:13.088231+00:00,dee1ca77ba79e22a1b347f5a845098190e3ba3f4d16fb303a16adfedd82a2d33
E盘根目录记录,03_E盘实验记录/dac_winprop_irt6_direct_pilot_positive_v3/pilot_runner.stderr.log,E:\dac_winprop_irt6_direct_pilot_positive_v3\pilot_runner.stderr.log,0,2026-07-26T12:03:12.902436+00:00,e3b0c44298fc1c149afbf4c8996fb92427ae41e4649b934ca495991b7852b855
E盘根目录记录,03_E盘实验记录/dac_winprop_irt6_direct_pilot_positive_v3/pilot_runner.stdout.log,E:\dac_winprop_irt6_direct_pilot_positive_v3\pilot_runner.stdout.log,729,2026-07-26T12:04:27.072260+00:00,b83107bee404704c4d6a23552838ee18695dd243af73dd4ad36f42dc5a46e149
E盘根目录记录,03_E盘实验记录/dac_winprop_irt6_direct_pilot_positive_v3/progress.json,E:\dac_winprop_irt6_direct_pilot_positive_v3\progress.json,222,2026-07-26T12:04:27.071732+00:00,4f84bdb74b2252c4b28ac2674a44f6d23de66cf9007f2693f2ce860998a9b8f3
E盘嵌套记录样本,03_E盘实验记录/dac_winprop_irt6_direct_pilot_positive_v3/projects/tile_002865/az022/project_manifest.json,E:\dac_winprop_irt6_direct_pilot_positive_v3\projects\tile_002865\az022\project_manifest.json,516,2026-07-26T12:04:27.051338+00:00,489dd63162244a8372e72f1ce129cbd5524f7dfbafed8ccd27f38d390920a6cd
E盘嵌套记录样本,03_E盘实验记录/dac_winprop_irt6_direct_pilot_positive_v3/projects/tile_002865/az073/project_manifest.json,E:\dac_winprop_irt6_direct_pilot_positive_v3\projects\tile_002865\az073\project_manifest.json,516,2026-07-26T12:04:27.054431+00:00,6f493679c7f5bf5d2466394667b4d002c631a7e3bc3e2f17125795c96f4bfc64
E盘嵌套记录样本,03_E盘实验记录/dac_winprop_irt6_direct_pilot_positive_v3/projects/tile_002865/az092/project_manifest.json,E:\dac_winprop_irt6_direct_pilot_positive_v3\projects\tile_002865\az092\project_manifest.json,516,2026-07-26T12:04:27.059354+00:00,653047c57fbc065bf78a1789e783be30e6a8fdb3b406f610033154d36a0b0cea
E盘嵌套记录样本,03_E盘实验记录/dac_winprop_irt6_direct_pilot_positive_v3/projects/tile_002865/az271/project_manifest.json,E:\dac_winprop_irt6_direct_pilot_positive_v3\projects\tile_002865\az271\project_manifest.json,517,2026-07-26T12:04:27.062859+00:00,bd331895a44bf38114b23de6c6fa19cc8124ce29ed6b5fd5ea7c04582b80fd6e
E盘嵌套记录样本,03_E盘实验记录/dac_winprop_irt6_direct_pilot_positive_v3/projects/tile_002865/iso/project_manifest.json,E:\dac_winprop_irt6_direct_pilot_positive_v3\projects\tile_002865\iso\project_manifest.json,418,2026-07-26T12:04:27.046936+00:00,3ac7d833d76d28c9c398dca3ad789d1740ebf15c332af6dd68a8670863b1c500
E盘嵌套记录样本,03_E盘实验记录/dac_winprop_irt6_direct_pilot_positive_v3/projects/tile_002865/tile_manifest.json,E:\dac_winprop_irt6_direct_pilot_positive_v3\projects\tile_002865\tile_manifest.json,3161,2026-07-26T12:04:27.062859+00:00,84aa251ab51d63e6744f80b107c8dc678159807694abd3b7a54488fcd75083a8
E盘嵌套记录样本,03_E盘实验记录/dac_winprop_irt6_direct_pilot_positive_v3/logs/tile_002865/az022.stderr.log,E:\dac_winprop_irt6_direct_pilot_positive_v3\logs\tile_002865\az022.stderr.log,0,2026-07-26T12:04:27.075269+00:00,e3b0c44298fc1c149afbf4c8996fb92427ae41e4649b934ca495991b7852b855
E盘嵌套记录样本,03_E盘实验记录/dac_winprop_irt6_direct_pilot_positive_v3/logs/tile_002865/az022.stdout.log,E:\dac_winprop_irt6_direct_pilot_positive_v3\logs\tile_002865\az022.stdout.log,10027,2026-07-26T12:04:33.224648+00:00,e56cdda3ea4d6331a8f6bfa774f5b697dbab011c4ea5181286379824f5a2cd9d
Git基线源码,02_代码/源码/bjtu_osm_buildings/README.md,git:d51d92316a460a408856b63c41cb466b7d8a09a5:bjtu_osm_buildings/README.md,5712,Git提交快照,475d7f940bbb1c50ff2054862f7a98a25338081664dd55ca5604ce229e1d7086
Git基线源码,02_代码/源码/bjtu_osm_buildings/docs/superpowers/plans/2026-05-24-bjtu-osm-buildings.md,git:d51d92316a460a408856b63c41cb466b7d8a09a5:bjtu_osm_buildings/docs/superpowers/plans/2026-05-24-bjtu-osm-buildings.md,15002,Git提交快照,4e03778d07c09f78beb510e9681d5602b2195a321f1e71e6c7b7b379a674a2bb
Git基线源码,02_代码/源码/bjtu_osm_buildings/docs/superpowers/plans/2026-05-24-building-map-labels.md,git:d51d92316a460a408856b63c41cb466b7d8a09a5:bjtu_osm_buildings/docs/superpowers/plans/2026-05-24-building-map-labels.md,3273,Git提交快照,30eb105d1fc02f23352ec5ad223482182efd69032ae92d8c37b1efa9464aefd7
Git基线源码,02_代码/源码/bjtu_osm_buildings/docs/superpowers/specs/2026-05-24-bjtu-osm-buildings-design.md,git:d51d92316a460a408856b63c41cb466b7d8a09a5:bjtu_osm_buildings/docs/superpowers/specs/2026-05-24-bjtu-osm-buildings-design.md,6600,Git提交快照,ee6a682366f49c6628460cf186b5f2f3b1897cb46268d262ef64583abaa381c0
Git基线源码,02_代码/源码/bjtu_osm_buildings/docs/superpowers/specs/2026-05-24-building-map-labels-design.md,git:d51d92316a460a408856b63c41cb466b7d8a09a5:bjtu_osm_buildings/docs/superpowers/specs/2026-05-24-building-map-labels-design.md,1666,Git提交快照,51601f021a47b41b9c252a3983f355ae0f4f54cdfced1d3b6372e0b9df200127
Git基线源码,02_代码/源码/bjtu_osm_buildings/main.py,git:d51d92316a460a408856b63c41cb466b7d8a09a5:bjtu_osm_buildings/main.py,19419,Git提交快照,2ee1fea0af96e0b06ec66c2f384878a4cb322373d568160d8f888e7755452f45
Git基线源码,02_代码/源码/bjtu_osm_buildings/output/all_buildings_classified.csv,git:d51d92316a460a408856b63c41cb466b7d8a09a5:bjtu_osm_buildings/output/all_buildings_classified.csv,45074,Git提交快照,1729bd8576ffb4fce9004dab941f68ccc761723104ae81eed7df0ef6cd798037
Git基线源码,02_代码/源码/bjtu_osm_buildings/output/buildings_with_height.csv,git:d51d92316a460a408856b63c41cb466b7d8a09a5:bjtu_osm_buildings/output/buildings_with_height.csv,727,Git提交快照,04bf97ff92b507fc2d48a11079a0d4e185b1ac0cb430682a72971f692de23dc8
Git基线源码,02_代码/源码/bjtu_osm_buildings/output/buildings_with_levels_only.csv,git:d51d92316a460a408856b63c41cb466b7d8a09a5:bjtu_osm_buildings/output/buildings_with_levels_only.csv,26504,Git提交快照,2c314a20942cec319f226d2e0f56106cb0876ba20564b14a86f652ef201d5ab5
Git基线源码,02_代码/源码/bjtu_osm_buildings/output/buildings_without_height_or_levels.csv,git:d51d92316a460a408856b63c41cb466b7d8a09a5:bjtu_osm_buildings/output/buildings_without_height_or_levels.csv,18189,Git提交快照,15ead338e6295e667ec0c600d39e9cc95356d4831ea4cb21dc1f881e383631ef
Git基线源码,02_代码/源码/bjtu_osm_buildings/requirements.txt,git:d51d92316a460a408856b63c41cb466b7d8a09a5:bjtu_osm_buildings/requirements.txt,64,Git提交快照,6bedfdab84e35939cc3db3cf173d30525de62321cec4febed58a7fe87c5e626a
Git基线源码,02_代码/源码/bjtu_osm_buildings/tests/test_main.py,git:d51d92316a460a408856b63c41cb466b7d8a09a5:bjtu_osm_buildings/tests/test_main.py,11048,Git提交快照,c165f126a4ce44ac15559844b84dd6318942f105caa1f54063f9461099ce5591
Git基线源码,02_代码/源码/first try/scripts/export_bjtu_scene_glb.py,git:d51d92316a460a408856b63c41cb466b7d8a09a5:first try/scripts/export_bjtu_scene_glb.py,5162,Git提交快照,4e01f6f36aa333b6e2c2ef21678d0f10971188e714ff74f2ca6a1c412fe0befe
Git基线源码,02_代码/源码/first try/scripts/generate_bjtu_figures.py,git:d51d92316a460a408856b63c41cb466b7d8a09a5:first try/scripts/generate_bjtu_figures.py,10982,Git提交快照,2a6ebc6bea1e9dfb26d6183d786973e4c88dfa164b6bb1b5588ee8b301b5e883
Git基线源码,02_代码/源码/first try/scripts/generate_bjtu_scene.py,git:d51d92316a460a408856b63c41cb466b7d8a09a5:first try/scripts/generate_bjtu_scene.py,3430,Git提交快照,470d62ed9667f96b16ad4e032bc7c8e28f3e05da1cf14d2b42c840f8546a7df7
Git基线源码,02_代码/源码/first try/scripts/run_bjtu_cascaded_unet.py,git:d51d92316a460a408856b63c41cb466b7d8a09a5:first try/scripts/run_bjtu_cascaded_unet.py,6033,Git提交快照,935bc27548c7d3b13b52a65d14cdf753f3c4b44580076863ea61b9d330cd2772
Git基线源码,02_代码/源码/first try/scripts/run_bjtu_radio_map.py,git:d51d92316a460a408856b63c41cb466b7d8a09a5:first try/scripts/run_bjtu_radio_map.py,6681,Git提交快照,7900b7a14a369aa384ef0c1c2648c2d328118e3b590b5a2fcf421f73337036cf
Git基线源码,02_代码/源码/projects/dpm_unet_stage1/README.md,git:d51d92316a460a408856b63c41cb466b7d8a09a5:projects/dpm_unet_stage1/README.md,9091,Git提交快照,9ff9aa6c33f3dfe10de51aa3d1e2e7401c396a090ccb7b0c5609daa1aacceb88
Git基线源码,02_代码/源码/projects/dpm_unet_stage1/batch_infer.py,git:d51d92316a460a408856b63c41cb466b7d8a09a5:projects/dpm_unet_stage1/batch_infer.py,4738,Git提交快照,cbbffac0a9e6a5149ad3eef5f84915cf3afae439379b958b51c6857167a0a61e
Git基线源码,02_代码/源码/projects/dpm_unet_stage1/benchmark.py,git:d51d92316a460a408856b63c41cb466b7d8a09a5:projects/dpm_unet_stage1/benchmark.py,5524,Git提交快照,03d6bb15f2479d4e6328315e4b6f4b5d2b1f982fc22d17dfbafb98b4b6eef57c
Git基线源码,02_代码/源码/projects/dpm_unet_stage1/dataset.py,git:d51d92316a460a408856b63c41cb466b7d8a09a5:projects/dpm_unet_stage1/dataset.py,5075,Git提交快照,bfd2341ff22b9e26af94fa76c65938bc40192b1c1813f78afcdf7ed88a03a659
Git基线源码,02_代码/源码/projects/dpm_unet_stage1/evaluate.py,git:d51d92316a460a408856b63c41cb466b7d8a09a5:projects/dpm_unet_stage1/evaluate.py,5114,Git提交快照,c806f7cbdd5b96a2a5555a8a967444f3a5d005936182891716761250e605377b
Git基线源码,02_代码/源码/projects/dpm_unet_stage1/generate_stage1_report.py,git:d51d92316a460a408856b63c41cb466b7d8a09a5:projects/dpm_unet_stage1/generate_stage1_report.py,7245,Git提交快照,d4f7847ed6317405c3dc2904528641744cba8a50b11830eefa10b86ac87af1d0
Git基线源码,02_代码/源码/projects/dpm_unet_stage1/infer.py,git:d51d92316a460a408856b63c41cb466b7d8a09a5:projects/dpm_unet_stage1/infer.py,1655,Git提交快照,2b96a86b14bfb48aa5792e2bb214953a017c19bd0ea81df239b705e1e28f6396
Git基线源码,02_代码/源码/projects/dpm_unet_stage1/inference.py,git:d51d92316a460a408856b63c41cb466b7d8a09a5:projects/dpm_unet_stage1/inference.py,18237,Git提交快照,f206c4200f3adc58c89fdd1808c2096c3df11d6cc2744fdd3405d396fde5e6c3
Git基线源码,02_代码/源码/projects/dpm_unet_stage1/metrics.py,git:d51d92316a460a408856b63c41cb466b7d8a09a5:projects/dpm_unet_stage1/metrics.py,1908,Git提交快照,a8428c32b11d567d1d8ddc91513e88053d4545234709fe64942b7ae07b48d657
Git基线源码,02_代码/源码/projects/dpm_unet_stage1/model.py,git:d51d92316a460a408856b63c41cb466b7d8a09a5:projects/dpm_unet_stage1/model.py,3104,Git提交快照,cfd6782d26a7ac1c479e2f7d201cec110f9aa62dc40406a0a2cc6c66185b2499
Git基线源码,02_代码/源码/projects/dpm_unet_stage1/predict.py,git:d51d92316a460a408856b63c41cb466b7d8a09a5:projects/dpm_unet_stage1/predict.py,5560,Git提交快照,d2e91a1132adceeee6395834129763485d390da35237354ad6825641ad6d5627
Git基线源码,02_代码/源码/projects/dpm_unet_stage1/prepare_inference_inputs.py,git:d51d92316a460a408856b63c41cb466b7d8a09a5:projects/dpm_unet_stage1/prepare_inference_inputs.py,6103,Git提交快照,e3fb44d809ff124794bc5e77d3a9dcbd5a8c0471a3628e2a32ca551e5a60eb90
Git基线源码,02_代码/源码/projects/dpm_unet_stage1/requirements.txt,git:d51d92316a460a408856b63c41cb466b7d8a09a5:projects/dpm_unet_stage1/requirements.txt,101,Git提交快照,0090c7ce618d729fcc32d608f86b4aa77410eb4a2750b642669278f0f06e75e6
Git基线源码,02_代码/源码/projects/dpm_unet_stage1/run_ablations.ps1,git:d51d92316a460a408856b63c41cb466b7d8a09a5:projects/dpm_unet_stage1/run_ablations.ps1,2744,Git提交快照,e6d9bbcf9f6394b31d5e2b2018d69dc28ed29a12f0ad96d2d576c8376ea3fdfb
Git基线源码,02_代码/源码/projects/dpm_unet_stage1/train.py,git:d51d92316a460a408856b63c41cb466b7d8a09a5:projects/dpm_unet_stage1/train.py,15017,Git提交快照,eaf863a0fb192db7e2e2040c436e3efcbb5a21ad82b2be30f587c6fcc84dece0
Git基线源码,02_代码/源码/projects/dpm_unet_stage1/visualize_split.py,git:d51d92316a460a408856b63c41cb466b7d8a09a5:projects/dpm_unet_stage1/visualize_split.py,4504,Git提交快照,835c90ac9928dcedf4a7af556c4fc463f3b18812673033eefe3e62f34e826570
Git基线源码,02_代码/源码/projects/irt_label_pipeline/README.md,git:d51d92316a460a408856b63c41cb466b7d8a09a5:projects/irt_label_pipeline/README.md,23515,Git提交快照,e7913e4da87db67da5d3dd1d54511306097b4245c0fc8a1e90e708c7c1b38be1
Git基线源码,02_代码/源码/projects/irt_label_pipeline/assess_joint_estimator_stage2b_v6.py,git:d51d92316a460a408856b63c41cb466b7d8a09a5:projects/irt_label_pipeline/assess_joint_estimator_stage2b_v6.py,3643,Git提交快照,ca0bda5a041f229f2cbf678525d4fdae2c9f62af324d4cd4ae712d4a6d887840
Git基线源码,02_代码/源码/projects/irt_label_pipeline/assess_stage2b_latent_fusion_v4.py,git:d51d92316a460a408856b63c41cb466b7d8a09a5:projects/irt_label_pipeline/assess_stage2b_latent_fusion_v4.py,3428,Git提交快照,694fb3cbb43c3efc2c8a84d13af7d047b1d4b5b9ac35f48d9186c941e03d9873
Git基线源码,02_代码/源码/projects/irt_label_pipeline/assess_stage2b_multiscale_adapter_v5.py,git:d51d92316a460a408856b63c41cb466b7d8a09a5:projects/irt_label_pipeline/assess_stage2b_multiscale_adapter_v5.py,3555,Git提交快照,060e4b5bca80a3702b48ceffb9284c641a1507c20437449bd8381001b839cef5
Git基线源码,02_代码/源码/projects/irt_label_pipeline/bs_inversion_dataset.py,git:d51d92316a460a408856b63c41cb466b7d8a09a5:projects/irt_label_pipeline/bs_inversion_dataset.py,9459,Git提交快照,af228914550197b704509a5852ef8c6f02c35b46ff08327a72def08751b217c4
Git基线源码,02_代码/源码/projects/irt_label_pipeline/bs_parameter_model.py,git:d51d92316a460a408856b63c41cb466b7d8a09a5:projects/irt_label_pipeline/bs_parameter_model.py,5435,Git提交快照,34303663d321a0224e30270be737781e91b45eebee5f896c7782acadab782fbf
Git基线源码,02_代码/源码/projects/irt_label_pipeline/build_irt_shards.py,git:d51d92316a460a408856b63c41cb466b7d8a09a5:projects/irt_label_pipeline/build_irt_shards.py,12581,Git提交快照,159944671831f74996d8e03d18a25aa8835d497cad005899d71434894bedaebb
Git基线源码,02_代码/源码/projects/irt_label_pipeline/build_sionna_scene.py,git:d51d92316a460a408856b63c41cb466b7d8a09a5:projects/irt_label_pipeline/build_sionna_scene.py,11439,Git提交快照,d0c2c0ab37046accf27b55952047d5fbe98c0a996b219ba80419040943e95589
Git基线源码,02_代码/源码/projects/irt_label_pipeline/compact_irt_result.py,git:d51d92316a460a408856b63c41cb466b7d8a09a5:projects/irt_label_pipeline/compact_irt_result.py,12473,Git提交快照,c575e68575bda3843bb78ea9c975aa7d2e1bdee2e44730962c2fd14f48079477
Git基线源码,02_代码/源码/projects/irt_label_pipeline/compare_sionna_winprop.py,git:d51d92316a460a408856b63c41cb466b7d8a09a5:projects/irt_label_pipeline/compare_sionna_winprop.py,7029,Git提交快照,0a97130c487828fd7efb7027a32a50e5587513e06845f2877ad2a4e9f479dee0
Git基线源码,02_代码/源码/projects/irt_label_pipeline/compute_irt_shard_stats.py,git:d51d92316a460a408856b63c41cb466b7d8a09a5:projects/irt_label_pipeline/compute_irt_shard_stats.py,6502,Git提交快照,f82b8fc3b4c3f5c948a6cb479adb2c946907b15de8a8b18d5784a6799f31a8ec
Git基线源码,02_代码/源码/projects/irt_label_pipeline/compute_stage2a_residual_stats.py,git:d51d92316a460a408856b63c41cb466b7d8a09a5:projects/irt_label_pipeline/compute_stage2a_residual_stats.py,7579,Git提交快照,26795df6f2c1026a256af21c255a0b9a1890774ca28d644233aa7157956a3833
Git基线源码,02_代码/源码/projects/irt_label_pipeline/config_bs_inversion_pilot_v1.json,git:d51d92316a460a408856b63c41cb466b7d8a09a5:projects/irt_label_pipeline/config_bs_inversion_pilot_v1.json,3909,Git提交快照,7bce72831077fad2fddd8ffb2f7b7a1f292f3eb22db93c0cb8e7e4235fb64806
Git基线源码,02_代码/源码/projects/irt_label_pipeline/config_bs_inversion_scale4_v1.json,git:d51d92316a460a408856b63c41cb466b7d8a09a5:projects/irt_label_pipeline/config_bs_inversion_scale4_v1.json,4019,Git提交快照,9e93ae2adb5a0a6f965869a266d9895d9ea4d9d3f3b5dc11f6467499c1e108b5
Git基线源码,02_代码/源码/projects/irt_label_pipeline/config_bs_parameter_estimator_pilot_v1.json,git:d51d92316a460a408856b63c41cb466b7d8a09a5:projects/irt_label_pipeline/config_bs_parameter_estimator_pilot_v1.json,1729,Git提交快照,0572a79857df27ca835de20faf1d9f4f563abb79363cd06ce4cf3417e74186ac
Git基线源码,02_代码/源码/projects/irt_label_pipeline/config_bs_parameter_estimator_scale4_v2.json,git:d51d92316a460a408856b63c41cb466b7d8a09a5:projects/irt_label_pipeline/config_bs_parameter_estimator_scale4_v2.json,1510,Git提交快照,3a43cab99751d96e6258a4c36598983e1a4ad6a9f36b81a45350e67e9c873fae
Git基线源码,02_代码/源码/projects/irt_label_pipeline/config_diagnostic_no_ray_cap_tile7.json,git:d51d92316a460a408856b63c41cb466b7d8a09a5:projects/irt_label_pipeline/config_diagnostic_no_ray_cap_tile7.json,1818,Git提交快照,c6dfabab37d9acb93145dee721fd82c5a5d7b00f866f1bbbf67734337e9fbcc5
Git基线源码,02_代码/源码/projects/irt_label_pipeline/config_diagnostic_pattern_gain0_tile7.json,git:d51d92316a460a408856b63c41cb466b7d8a09a5:projects/irt_label_pipeline/config_diagnostic_pattern_gain0_tile7.json,1868,Git提交快照,810d1dfaef02d3d8177e0894755c3a9c0e421eede70bcf8bb039982385f6eedf
Git基线源码,02_代码/源码/projects/irt_label_pipeline/config_joint_estimator_stage2b_scale4_v6.json,git:d51d92316a460a408856b63c41cb466b7d8a09a5:projects/irt_label_pipeline/config_joint_estimator_stage2b_scale4_v6.json,3845,Git提交快照,90b1e20df0781ee6e721d555fe6f46eda54bacfd2d1c214ee1b5a8d8ee1e367b
Git基线源码,02_代码/源码/projects/irt_label_pipeline/config_sionna201_35ghz_depth8_27360.json,git:d51d92316a460a408856b63c41cb466b7d8a09a5:projects/irt_label_pipeline/config_sionna201_35ghz_depth8_27360.json,3286,Git提交快照,2a8a64d2311ec883ad00c63a63bc224ed926408c173bf87cb32de949e8a8aa3e
Git基线源码,02_代码/源码/projects/irt_label_pipeline/config_sionna201_35ghz_depth8_27360_v2.json,git:d51d92316a460a408856b63c41cb466b7d8a09a5:projects/irt_label_pipeline/config_sionna201_35ghz_depth8_27360_v2.json,3330,Git提交快照,05001b4c66e21d4c4241104ebf3298d8d2970618a001034c9408ec70d93f0290
Git基线源码,02_代码/源码/projects/irt_label_pipeline/config_sionna201_35ghz_depth8_27360_v3.json,git:d51d92316a460a408856b63c41cb466b7d8a09a5:projects/irt_label_pipeline/config_sionna201_35ghz_depth8_27360_v3.json,3572,Git提交快照,b7e585335cb5e55022ed9fbc6190381d969b4c30838b0255603f1a53c8eed040
Git基线源码,02_代码/源码/projects/irt_label_pipeline/config_sionna201_35ghz_depth8_3200.json,git:d51d92316a460a408856b63c41cb466b7d8a09a5:projects/irt_label_pipeline/config_sionna201_35ghz_depth8_3200.json,3115,Git提交快照,56c2f4ba6750327d7ec5c514b371b0b3b084d1019a7c06827ab5ee12ed5543a4
Git基线源码,02_代码/源码/projects/irt_label_pipeline/config_sionna201_35ghz_tile002865.json,git:d51d92316a460a408856b63c41cb466b7d8a09a5:projects/irt_label_pipeline/config_sionna201_35ghz_tile002865.json,2630,Git提交快照,850801472478f2e93f3314cd3fdcdecccb9b350eb2be6d66c58f97cdfc396939
Git基线源码,02_代码/源码/projects/irt_label_pipeline/config_sionna201_paper_tile002865.json,git:d51d92316a460a408856b63c41cb466b7d8a09a5:projects/irt_label_pipeline/config_sionna201_paper_tile002865.json,2748,Git提交快照,f744d31a2ab3095ddd4d1e1b9ad638546226dcb7e507da6c4076b854efa7b72b
Git基线源码,02_代码/源码/projects/irt_label_pipeline/config_sionna201_winprop_irt2_alignment_tile002865.json,git:d51d92316a460a408856b63c41cb466b7d8a09a5:projects/irt_label_pipeline/config_sionna201_winprop_irt2_alignment_tile002865.json,2463,Git提交快照,d98be3c291285cad4a3a574f037cca9259e6d029822163428d78baf9f350efb8
Git基线源码,02_代码/源码/projects/irt_label_pipeline/config_stage1_stage2a_bs_inversion_pilot_finetune_v1.json,git:d51d92316a460a408856b63c41cb466b7d8a09a5:projects/irt_label_pipeline/config_stage1_stage2a_bs_inversion_pilot_finetune_v1.json,1886,Git提交快照,3677455a39b8a0cf430223c52e7304bc19f8582f45ca52448ae84ac919bdb49f
Git基线源码,02_代码/源码/projects/irt_label_pipeline/config_stage1_stage2a_position_encoding_pilot_v2.json,git:d51d92316a460a408856b63c41cb466b7d8a09a5:projects/irt_label_pipeline/config_stage1_stage2a_position_encoding_pilot_v2.json,2374,Git提交快照,231001e0f74401782709f96c4a9a50aa30d235ebc7a9cf2f8a08dd5aea860d84
Git基线源码,02_代码/源码/projects/irt_label_pipeline/config_stage1_stage2a_position_encoding_scale4_v3.json,git:d51d92316a460a408856b63c41cb466b7d8a09a5:projects/irt_label_pipeline/config_stage1_stage2a_position_encoding_scale4_v3.json,2415,Git提交快照,fa34ff3579235fac2f95c67d12c276db71a4815cce2aeb11bbad97bc34407f1f
Git基线源码,02_代码/源码/projects/irt_label_pipeline/config_stage2a_irt2_direct3200.json,git:d51d92316a460a408856b63c41cb466b7d8a09a5:projects/irt_label_pipeline/config_stage2a_irt2_direct3200.json,1390,Git提交快照,dce8e985993d2b94febeb01f68fdb59880dd93d035a86ed48659493827476d2e
Git基线源码,02_代码/源码/projects/irt_label_pipeline/config_stage2a_irt2_direct3200_positive_v2.json,git:d51d92316a460a408856b63c41cb466b7d8a09a5:projects/irt_label_pipeline/config_stage2a_irt2_direct3200_positive_v2.json,1624,Git提交快照,bb7b8ce88162446172e8f9d6105db92e7bb2e3fa79a261ae3b4e1f44b930816f
Git基线源码,02_代码/源码/projects/irt_label_pipeline/config_stage2a_pilot32_smoke.json,git:d51d92316a460a408856b63c41cb466b7d8a09a5:projects/irt_label_pipeline/config_stage2a_pilot32_smoke.json,1353,Git提交快照,361b1ee16d2848fa088ceb53fee2f709f94c4b26a6647ad702d2f828779f608d
Git基线源码,02_代码/源码/projects/irt_label_pipeline/config_stage2a_sionna35_depth8_27360_paper_v1.json,git:d51d92316a460a408856b63c41cb466b7d8a09a5:projects/irt_label_pipeline/config_stage2a_sionna35_depth8_27360_paper_v1.json,2927,Git提交快照,3c8ccb93145f2581bfed34b59df1a086497980b9bbc7004634df206a0cc27dbb
Git基线源码,02_代码/源码/projects/irt_label_pipeline/config_stage2b_bs_inversion_pilot_finetune_v1.json,git:d51d92316a460a408856b63c41cb466b7d8a09a5:projects/irt_label_pipeline/config_stage2b_bs_inversion_pilot_finetune_v1.json,2060,Git提交快照,d5e04e46f68f8259d03697d0ec3cbeb7618a0103de04ec91cafb4afea9d51508
Git基线源码,02_代码/源码/projects/irt_label_pipeline/config_stage2b_bs_inversion_pilot_finetune_v2.json,git:d51d92316a460a408856b63c41cb466b7d8a09a5:projects/irt_label_pipeline/config_stage2b_bs_inversion_pilot_finetune_v2.json,2054,Git提交快照,d85f482fe5eccdddbaa0c4b0403bcfbc4b4f4d7b8fe39e16fb84a55384d663b6
Git基线源码,02_代码/源码/projects/irt_label_pipeline/config_stage2b_directional_ss_irt2_direct3200.json,git:d51d92316a460a408856b63c41cb466b7d8a09a5:projects/irt_label_pipeline/config_stage2b_directional_ss_irt2_direct3200.json,1932,Git提交快照,5d71f5a8ca9739f79e720747348ec6e941be8e5ed21be68b6f28daaca481882a
Git基线源码,02_代码/源码/projects/irt_label_pipeline/config_stage2b_directional_ss_irt2_direct3200_positive_v2.json,git:d51d92316a460a408856b63c41cb466b7d8a09a5:projects/irt_label_pipeline/config_stage2b_directional_ss_irt2_direct3200_positive_v2.json,2158,Git提交快照,e07d851c6e28713b7353c2e9a2d79797ec848c8eb5f0dfda25a2627297938439
Git基线源码,02_代码/源码/projects/irt_label_pipeline/config_stage2b_latent_fusion_scale4_v4.json,git:d51d92316a460a408856b63c41cb466b7d8a09a5:projects/irt_label_pipeline/config_stage2b_latent_fusion_scale4_v4.json,2824,Git提交快照,0117031d315cc802758c4a2d46b9362220743358a8fa057f0df374b0850c0608
Git基线源码,02_代码/源码/projects/irt_label_pipeline/config_stage2b_multiscale_adapter_scale4_v5.json,git:d51d92316a460a408856b63c41cb466b7d8a09a5:projects/irt_label_pipeline/config_stage2b_multiscale_adapter_scale4_v5.json,3609,Git提交快照,08515bb9341411d3a34acecc67d0ec5e4516c381c44b7f33d241d04db2b26cbb
Git基线源码,02_代码/源码/projects/irt_label_pipeline/config_stage2b_pilot32_smoke.json,git:d51d92316a460a408856b63c41cb466b7d8a09a5:projects/irt_label_pipeline/config_stage2b_pilot32_smoke.json,1928,Git提交快照,48d98db43fce211eda35ab25d720d9825f761e14001b81080e4fe1a3c0c61fdc
Git基线源码,02_代码/源码/projects/irt_label_pipeline/config_stage2b_position_encoding_diagnostic_v2.json,git:d51d92316a460a408856b63c41cb466b7d8a09a5:projects/irt_label_pipeline/config_stage2b_position_encoding_diagnostic_v2.json,894,Git提交快照,5ce647e8950130b503530b2297a4072fb2613139a662b10f73f8787577c306d1
Git基线源码,02_代码/源码/projects/irt_label_pipeline/config_stage2b_position_encoding_scale4_diagnostic_v3.json,git:d51d92316a460a408856b63c41cb466b7d8a09a5:projects/irt_label_pipeline/config_stage2b_position_encoding_scale4_diagnostic_v3.json,731,Git提交快照,d244fe5a5abc5df25df44655235cea1c296b4b7297d906e7f75308450b67d3f7
Git基线源码,02_代码/源码/projects/irt_label_pipeline/config_stage2b_position_encoding_scale4_v3.json,git:d51d92316a460a408856b63c41cb466b7d8a09a5:projects/irt_label_pipeline/config_stage2b_position_encoding_scale4_v3.json,2442,Git提交快照,9f056787d08725aeef3574f4cbf4bfa201a78788c660bfc1610f9d477e9cab8f
Git基线源码,02_代码/源码/projects/irt_label_pipeline/config_stage2b_position_encoding_scale4_v3_continue.json,git:d51d92316a460a408856b63c41cb466b7d8a09a5:projects/irt_label_pipeline/config_stage2b_position_encoding_scale4_v3_continue.json,2293,Git提交快照,fdea91edf4fb74a2ef5875d6c1cf9c35b4a854cd11fe749c94cefbfed5b8abca
Git基线源码,02_代码/源码/projects/irt_label_pipeline/config_stage2b_sionna35_depth8_27360_paper_v1.json,git:d51d92316a460a408856b63c41cb466b7d8a09a5:projects/irt_label_pipeline/config_stage2b_sionna35_depth8_27360_paper_v1.json,3492,Git提交快照,dd482891c513054989d0b0e7fecd236e8a343e6426f8af105a2f73d2e61cb536
Git基线源码,02_代码/源码/projects/irt_label_pipeline/config_winprop2020_compat.json,git:d51d92316a460a408856b63c41cb466b7d8a09a5:projects/irt_label_pipeline/config_winprop2020_compat.json,3344,Git提交快照,4faaa2b2b1fa3eaa3f70bdc34b4cb21634446839804b48d16370c004d51cb882
Git基线源码,02_代码/源码/projects/irt_label_pipeline/config_winprop2020_irt2_direct_3200.json,git:d51d92316a460a408856b63c41cb466b7d8a09a5:projects/irt_label_pipeline/config_winprop2020_irt2_direct_3200.json,4763,Git提交快照,cd31cc9696ac7dccfe2ec9954a6dd34efbf2f98c82580599e9d0cb2b01cf9762
Git基线源码,02_代码/源码/projects/irt_label_pipeline/config_winprop2020_irt2_direct_3200_positive_v2.json,git:d51d92316a460a408856b63c41cb466b7d8a09a5:projects/irt_label_pipeline/config_winprop2020_irt2_direct_3200_positive_v2.json,4600,Git提交快照,0ebd244f14187c7416cf8ff795ad766881bab5d43be1e140981b3ed3a7f93659
Git基线源码,02_代码/源码/projects/irt_label_pipeline/config_winprop2020_irt2_direct_pilot32.json,git:d51d92316a460a408856b63c41cb466b7d8a09a5:projects/irt_label_pipeline/config_winprop2020_irt2_direct_pilot32.json,3595,Git提交快照,2784c9e46e5fb9037ecf40bef98d486d7dc28dce6df90c57d552d4098d907b04
Git基线源码,02_代码/源码/projects/irt_label_pipeline/config_winprop2020_irt2_ray100_diagnostic.json,git:d51d92316a460a408856b63c41cb466b7d8a09a5:projects/irt_label_pipeline/config_winprop2020_irt2_ray100_diagnostic.json,2564,Git提交快照,65669645cc7e98cba675a36b9a89ca9925915ee0337f3987eb38ce39d29715df
Git基线源码,02_代码/源码/projects/irt_label_pipeline/config_winprop2020_irt2_ray500_diagnostic.json,git:d51d92316a460a408856b63c41cb466b7d8a09a5:projects/irt_label_pipeline/config_winprop2020_irt2_ray500_diagnostic.json,2621,Git提交快照,6f488f6e93061baec58584cab67b92faf6e92162a7d412fc58736bb3582acb31
Git基线源码,02_代码/源码/projects/irt_label_pipeline/config_winprop2020_irt2_ray_diagnostic.json,git:d51d92316a460a408856b63c41cb466b7d8a09a5:projects/irt_label_pipeline/config_winprop2020_irt2_ray_diagnostic.json,2556,Git提交快照,1bfedd085a4ebe8d34ad468ef45c2642933423df49662250f80edf85595114c0
Git基线源码,02_代码/源码/projects/irt_label_pipeline/config_winprop2020_irt2_verified_pattern_diagnostic.json,git:d51d92316a460a408856b63c41cb466b7d8a09a5:projects/irt_label_pipeline/config_winprop2020_irt2_verified_pattern_diagnostic.json,2831,Git提交快照,9bd6fa0bbd5547b015c922db5b1b33e0e809fb90cf0264fa9e5ce2ad51c7cf35
Git基线源码,02_代码/源码/projects/irt_label_pipeline/config_winprop2020_irt6_direct_3200_positive_v3.json,git:d51d92316a460a408856b63c41cb466b7d8a09a5:projects/irt_label_pipeline/config_winprop2020_irt6_direct_3200_positive_v3.json,4032,Git提交快照,51b342e212d63ec24200823d566c7e2730af203f5279b124c614f1729305b9b6
Git基线源码,02_代码/源码/projects/irt_label_pipeline/config_winprop2020_irt6_direct_pilot_positive_v3.json,git:d51d92316a460a408856b63c41cb466b7d8a09a5:projects/irt_label_pipeline/config_winprop2020_irt6_direct_pilot_positive_v3.json,3683,Git提交快照,134d3a3e041c1805dbcff9c9a543b25dc1b2cf42077d8465379da3153a76b547
Git基线源码,02_代码/源码/projects/irt_label_pipeline/evaluate_bs_parameter_estimator.py,git:d51d92316a460a408856b63c41cb466b7d8a09a5:projects/irt_label_pipeline/evaluate_bs_parameter_estimator.py,11720,Git提交快照,fd957d87bfccf7764617c227355d63e860c579e16277bc55dd8f8f0149852faa
Git基线源码,02_代码/源码/projects/irt_label_pipeline/evaluate_bs_sensitivity.py,git:d51d92316a460a408856b63c41cb466b7d8a09a5:projects/irt_label_pipeline/evaluate_bs_sensitivity.py,34082,Git提交快照,3398b36056d67ce3388b777ce35d0c721642d3fbdb78bd5faadb55a0f825efc8
Git基线源码,02_代码/源码/projects/irt_label_pipeline/evaluate_joint_estimator_stage2b_scale4_v6.ps1,git:d51d92316a460a408856b63c41cb466b7d8a09a5:projects/irt_label_pipeline/evaluate_joint_estimator_stage2b_scale4_v6.ps1,3489,Git提交快照,c19a18cd2b3e6f7a1441deef0e6c185a539618945fab460645e0658160fd1bfd
Git基线源码,02_代码/源码/projects/irt_label_pipeline/evaluate_pilot_oracle_pipeline.py,git:d51d92316a460a408856b63c41cb466b7d8a09a5:projects/irt_label_pipeline/evaluate_pilot_oracle_pipeline.py,26552,Git提交快照,f1693cc51b84348a9d43798575ffa43c3898a6a2147adc317f21c8f5af326f2e
Git基线源码,02_代码/源码/projects/irt_label_pipeline/evaluate_stage2b_multiscale_adapter_scale4_v5.ps1,git:d51d92316a460a408856b63c41cb466b7d8a09a5:projects/irt_label_pipeline/evaluate_stage2b_multiscale_adapter_scale4_v5.ps1,3451,Git提交快照,557c9cdaeacf8ce3a8acaca6143f64732949ca6c1a3625e8cadab24a3893cd31
Git基线源码,02_代码/源码/projects/irt_label_pipeline/finetune_pilot_stage1_stage2a.py,git:d51d92316a460a408856b63c41cb466b7d8a09a5:projects/irt_label_pipeline/finetune_pilot_stage1_stage2a.py,27870,Git提交快照,6682274d1a009e553a834e9d9f3b273f924b0b5fbb7e4ef79c3e10331bed6c1f
Git基线源码,02_代码/源码/projects/irt_label_pipeline/finetune_pilot_stage2b.py,git:d51d92316a460a408856b63c41cb466b7d8a09a5:projects/irt_label_pipeline/finetune_pilot_stage2b.py,25635,Git提交快照,a4f421059cc70964851e42a740639097255526f031280a3eaaf5cac23147f58f
Git基线源码,02_代码/源码/projects/irt_label_pipeline/latent_bs_fusion.py,git:d51d92316a460a408856b63c41cb466b7d8a09a5:projects/irt_label_pipeline/latent_bs_fusion.py,7832,Git提交快照,376221a6b0993e741e50038bd01575cb9caaf26c5d38e8f0be99e674a5193395
Git基线源码,02_代码/源码/projects/irt_label_pipeline/postprocess_stage2b_latent_fusion_scale4_v4.ps1,git:d51d92316a460a408856b63c41cb466b7d8a09a5:projects/irt_label_pipeline/postprocess_stage2b_latent_fusion_scale4_v4.ps1,4178,Git提交快照,78e1fa07b5d6eb0ed71f4a2d17985e06dbe7604857c784cf50e64dbdde74321c
Git基线源码,02_代码/源码/projects/irt_label_pipeline/prepare_irt_projects.py,git:d51d92316a460a408856b63c41cb466b7d8a09a5:projects/irt_label_pipeline/prepare_irt_projects.py,17241,Git提交快照,a7cbbfd161a42aade3b2666fb8486008cbe76da116426537da628e7d904f3369
Git基线源码,02_代码/源码/projects/irt_label_pipeline/preprocess_irt.py,git:d51d92316a460a408856b63c41cb466b7d8a09a5:projects/irt_label_pipeline/preprocess_irt.py,11688,Git提交快照,5f24e4a9014585149375186326b56caef1154ecea41a3ff1217f366459248dfb
Git基线源码,02_代码/源码/projects/irt_label_pipeline/render_scale4_pipeline_visualization.py,git:d51d92316a460a408856b63c41cb466b7d8a09a5:projects/irt_label_pipeline/render_scale4_pipeline_visualization.py,6771,Git提交快照,129f58b068c4d2bf76fcc9512a65e694764bc787575714a1e8aeda37df5ddfb4
Git基线源码,02_代码/源码/projects/irt_label_pipeline/render_single_test_training_evaluation.py,git:d51d92316a460a408856b63c41cb466b7d8a09a5:projects/irt_label_pipeline/render_single_test_training_evaluation.py,16297,Git提交快照,c29fd0e7d3415bc1f0b9c4cb4e8d39a8849a7f78be3174f3102b13362ed4d384
Git基线源码,02_代码/源码/projects/irt_label_pipeline/render_single_test_v3_evaluation.py,git:d51d92316a460a408856b63c41cb466b7d8a09a5:projects/irt_label_pipeline/render_single_test_v3_evaluation.py,28488,Git提交快照,d0a555329136ab30b3e21cd792f1b2573b38b6a7ef58fc466d90eff61387213d
Git基线源码,02_代码/源码/projects/irt_label_pipeline/render_stage2b_v4_comparison.py,git:d51d92316a460a408856b63c41cb466b7d8a09a5:projects/irt_label_pipeline/render_stage2b_v4_comparison.py,9162,Git提交快照,cbfe364f017ff592747f0147b9f4caa6408b79c071d0f9b264ff271c27929798
Git基线源码,02_代码/源码/projects/irt_label_pipeline/replace_negative_irt_selection.py,git:d51d92316a460a408856b63c41cb466b7d8a09a5:projects/irt_label_pipeline/replace_negative_irt_selection.py,12991,Git提交快照,614669c9db134193557a0de7d6c639c219219a2979a2272bfee58ebbabb3f070
Git基线源码,02_代码/源码/projects/irt_label_pipeline/requirements_sionna201_paper.txt,git:d51d92316a460a408856b63c41cb466b7d8a09a5:projects/irt_label_pipeline/requirements_sionna201_paper.txt,126,Git提交快照,8a4794f34e3a60457c58aa58de25b39cdd1cf605b7d7b76363d1d45c8efb3f8d
Git基线源码,02_代码/源码/projects/irt_label_pipeline/reuse_verified_irt_tiles.py,git:d51d92316a460a408856b63c41cb466b7d8a09a5:projects/irt_label_pipeline/reuse_verified_irt_tiles.py,5249,Git提交快照,bee50950c7c1310c2ec3c0b7fa60d07c54c95ff5f7efcfd56f589a5e99185830
Git基线源码,02_代码/源码/projects/irt_label_pipeline/reuse_verified_pilot_tiles.py,git:d51d92316a460a408856b63c41cb466b7d8a09a5:projects/irt_label_pipeline/reuse_verified_pilot_tiles.py,5807,Git提交快照,1af5e7a588c8ec29b6de8643c7511c012f92dc38c963bfcefb68541182ab83ed
Git基线源码,02_代码/源码/projects/irt_label_pipeline/reweight_winprop_rays.py,git:d51d92316a460a408856b63c41cb466b7d8a09a5:projects/irt_label_pipeline/reweight_winprop_rays.py,21633,Git提交快照,ae95bdefbf1e38b097b391b0a955230a86b1342b6bd52f7526710f57dd976e46
Git基线源码,02_代码/源码/projects/irt_label_pipeline/run_bs_inversion_pilot.py,git:d51d92316a460a408856b63c41cb466b7d8a09a5:projects/irt_label_pipeline/run_bs_inversion_pilot.py,44283,Git提交快照,a3812a8bb03b4bf6ce820017ede51760390d1cc8a7957e3738b34ceeb4eddd01
Git基线源码,02_代码/源码/projects/irt_label_pipeline/run_sionna_dataset.py,git:d51d92316a460a408856b63c41cb466b7d8a09a5:projects/irt_label_pipeline/run_sionna_dataset.py,32107,Git提交快照,910eb9dce25e255f7f8a76b08ca0b8c2bf08e72bbcc2f65bf351871cf5ef7c06
Git基线源码,02_代码/源码/projects/irt_label_pipeline/run_sionna_paper_pilot.py,git:d51d92316a460a408856b63c41cb466b7d8a09a5:projects/irt_label_pipeline/run_sionna_paper_pilot.py,16537,Git提交快照,b8acf26cab7ff5dc2c95a4331e0c325ca34cbc0416b8a3fdb18190f84ba6b161
Git基线源码,02_代码/源码/projects/irt_label_pipeline/run_winprop_direct_pilot.py,git:d51d92316a460a408856b63c41cb466b7d8a09a5:projects/irt_label_pipeline/run_winprop_direct_pilot.py,22429,Git提交快照,2f09389d792ebffa92c7f664e814b98ed5daea820789f0c1c8af9e2121bd7c6e
Git基线源码,02_代码/源码/projects/irt_label_pipeline/select_spatial_irt_tiles.py,git:d51d92316a460a408856b63c41cb466b7d8a09a5:projects/irt_label_pipeline/select_spatial_irt_tiles.py,7154,Git提交快照,4a3d268edf5e07e21ff23cb10fa5f960a95aa1c21abd95da969492376ae65368
Git基线源码,02_代码/源码/projects/irt_label_pipeline/stage2_models.py,git:d51d92316a460a408856b63c41cb466b7d8a09a5:projects/irt_label_pipeline/stage2_models.py,17336,Git提交快照,267e10c6e5aac1f72b4fea6e704d9624f6dd48c53ea1b9c421b1da4f1d59f975
Git基线源码,02_代码/源码/projects/irt_label_pipeline/stage2a_dataset.py,git:d51d92316a460a408856b63c41cb466b7d8a09a5:projects/irt_label_pipeline/stage2a_dataset.py,7348,Git提交快照,dde52b311d7848b914f4e7ef46eaf827522d7f73402f8a1d6542425612d055d0
Git基线源码,02_代码/源码/projects/irt_label_pipeline/stage2b_dataset.py,git:d51d92316a460a408856b63c41cb466b7d8a09a5:projects/irt_label_pipeline/stage2b_dataset.py,11545,Git提交快照,732fdc2985caa1d61a0181fff40a9c1420f6065a50452f949103434c969910dd
Git基线源码,02_代码/源码/projects/irt_label_pipeline/start_bs_inversion_pilot.ps1,git:d51d92316a460a408856b63c41cb466b7d8a09a5:projects/irt_label_pipeline/start_bs_inversion_pilot.ps1,1387,Git提交快照,fbc50c31040b03903f901144c1eba97a314605f40a46581c048a22fb2be7470c
Git基线源码,02_代码/源码/projects/irt_label_pipeline/start_bs_inversion_scale4.ps1,git:d51d92316a460a408856b63c41cb466b7d8a09a5:projects/irt_label_pipeline/start_bs_inversion_scale4.ps1,366,Git提交快照,47a065cf7613a9f90327bfe52576222e387662435f689d7442c039cc6eb07f3d
Git基线源码,02_代码/源码/projects/irt_label_pipeline/start_bs_parameter_estimator.ps1,git:d51d92316a460a408856b63c41cb466b7d8a09a5:projects/irt_label_pipeline/start_bs_parameter_estimator.ps1,636,Git提交快照,684efdb2c1e27ba4d0cd89818f028bd414b244302e29173b55e22da515cfbc7c
Git基线源码,02_代码/源码/projects/irt_label_pipeline/start_bs_parameter_estimator_scale4_v2.ps1,git:d51d92316a460a408856b63c41cb466b7d8a09a5:projects/irt_label_pipeline/start_bs_parameter_estimator_scale4_v2.ps1,412,Git提交快照,753d466bdacd76366018eec13affb46a1344a513478cb362589939ebb226291b
Git基线源码,02_代码/源码/projects/irt_label_pipeline/start_joint_estimator_stage2b_scale4_v6.ps1,git:d51d92316a460a408856b63c41cb466b7d8a09a5:projects/irt_label_pipeline/start_joint_estimator_stage2b_scale4_v6.ps1,356,Git提交快照,097919bd952974e2552fcdc044ea8633b2efe2ebe2a1a7de676d1c6ffaaef658
Git基线源码,02_代码/源码/projects/irt_label_pipeline/start_sionna_35ghz_all_tiles.ps1,git:d51d92316a460a408856b63c41cb466b7d8a09a5:projects/irt_label_pipeline/start_sionna_35ghz_all_tiles.ps1,3229,Git提交快照,fecb7d6523e4a4ce868ca250e06fb3c7fadd1179f112e2031e364bc201b13083
Git基线源码,02_代码/源码/projects/irt_label_pipeline/start_sionna_35ghz_dataset.ps1,git:d51d92316a460a408856b63c41cb466b7d8a09a5:projects/irt_label_pipeline/start_sionna_35ghz_dataset.ps1,2608,Git提交快照,49e90ff4598183313295be3e63535d4d2045a2021b2f0ce6db8464345ec82cca
Git基线源码,02_代码/源码/projects/irt_label_pipeline/start_stage1_stage2a_bs_inversion_finetune.ps1,git:d51d92316a460a408856b63c41cb466b7d8a09a5:projects/irt_label_pipeline/start_stage1_stage2a_bs_inversion_finetune.ps1,523,Git提交快照,28067ddb827feb90d8979e3305e6abeaba82463bed7e9113ca54a329bbc59147
Git基线源码,02_代码/源码/projects/irt_label_pipeline/start_stage1_stage2a_position_encoding_scale4_v3.ps1,git:d51d92316a460a408856b63c41cb466b7d8a09a5:projects/irt_label_pipeline/start_stage1_stage2a_position_encoding_scale4_v3.ps1,337,Git提交快照,9dec4dc026c4ad8eccf5df4ee2af70f442f57cbb205b269b75eca2903135c7da
Git基线源码,02_代码/源码/projects/irt_label_pipeline/start_stage1_stage2a_position_encoding_v2.ps1,git:d51d92316a460a408856b63c41cb466b7d8a09a5:projects/irt_label_pipeline/start_stage1_stage2a_position_encoding_v2.ps1,519,Git提交快照,ebfcf5b93d40cb65bcbe0b70bb6ff63b18bad0ff39418fbe88fcb18776b016d3
Git基线源码,02_代码/源码/projects/irt_label_pipeline/start_stage2a_sionna35_training.ps1,git:d51d92316a460a408856b63c41cb466b7d8a09a5:projects/irt_label_pipeline/start_stage2a_sionna35_training.ps1,2508,Git提交快照,fe4e266ff76fe1511fe596c120f51b76c61961cd53b73e5b9481cd43988e5017
Git基线源码,02_代码/源码/projects/irt_label_pipeline/start_stage2b_bs_inversion_finetune.ps1,git:d51d92316a460a408856b63c41cb466b7d8a09a5:projects/irt_label_pipeline/start_stage2b_bs_inversion_finetune.ps1,398,Git提交快照,c9c0e7fb674bfc1c8cea53da7a344c3dd30b67f9c1892e672212e6eda2f86aea
Git基线源码,02_代码/源码/projects/irt_label_pipeline/start_stage2b_bs_inversion_finetune_v2.ps1,git:d51d92316a460a408856b63c41cb466b7d8a09a5:projects/irt_label_pipeline/start_stage2b_bs_inversion_finetune_v2.ps1,509,Git提交快照,d4a8fb725c5e312b2b1af5041a638d005572979732838c8fcd81b6ae4e14479b
Git基线源码,02_代码/源码/projects/irt_label_pipeline/start_stage2b_latent_fusion_scale4_v4.ps1,git:d51d92316a460a408856b63c41cb466b7d8a09a5:projects/irt_label_pipeline/start_stage2b_latent_fusion_scale4_v4.ps1,319,Git提交快照,e835165ce66e9ef3f1d8591d6fe25cf35252a74e51d7a3460cfcd63b02d955c6
Git基线源码,02_代码/源码/projects/irt_label_pipeline/start_stage2b_multiscale_adapter_scale4_v5.ps1,git:d51d92316a460a408856b63c41cb466b7d8a09a5:projects/irt_label_pipeline/start_stage2b_multiscale_adapter_scale4_v5.ps1,358,Git提交快照,771ffeec0cbab2d8c669f8d813791d5e8284726822c0abcb94b9ce9e72ba1cad
Git基线源码,02_代码/源码/projects/irt_label_pipeline/start_stage2b_position_encoding_scale4_v3.ps1,git:d51d92316a460a408856b63c41cb466b7d8a09a5:projects/irt_label_pipeline/start_stage2b_position_encoding_scale4_v3.ps1,323,Git提交快照,3d5889a8a88fc570f54a56ee9b8d5d2e27a67e46323d9655a3c6499137499ea3
Git基线源码,02_代码/源码/projects/irt_label_pipeline/start_stage2b_sionna35_training.ps1,git:d51d92316a460a408856b63c41cb466b7d8a09a5:projects/irt_label_pipeline/start_stage2b_sionna35_training.ps1,1517,Git提交快照,968014308992bff16fa37132db45b39e89770870fe5158ec539132dffa9c41b7
Git基线源码,02_代码/源码/projects/irt_label_pipeline/summarize_bs_inversion_pilot.py,git:d51d92316a460a408856b63c41cb466b7d8a09a5:projects/irt_label_pipeline/summarize_bs_inversion_pilot.py,11511,Git提交快照,057e264bca62a837463977aa8142447f8bf6caa38e9f564e0698897b7b312a67
Git基线源码,02_代码/源码/projects/irt_label_pipeline/summarize_irt_pilot.py,git:d51d92316a460a408856b63c41cb466b7d8a09a5:projects/irt_label_pipeline/summarize_irt_pilot.py,12222,Git提交快照,54b1aaf77b93e36b33d3b2bc7e1d9e9a4080aacb62a2b66e2565a72d4ea2e2d8
Git基线源码,02_代码/源码/projects/irt_label_pipeline/tests/test_render_single_test_v3_evaluation.py,git:d51d92316a460a408856b63c41cb466b7d8a09a5:projects/irt_label_pipeline/tests/test_render_single_test_v3_evaluation.py,10258,Git提交快照,24f644b5cda775a528d26bcb4389bf563706db1ac34c522257da863844ad31dd
Git基线源码,02_代码/源码/projects/irt_label_pipeline/train_bs_parameter_estimator.py,git:d51d92316a460a408856b63c41cb466b7d8a09a5:projects/irt_label_pipeline/train_bs_parameter_estimator.py,21606,Git提交快照,ca82e8a9cc202304779c87221d91978864914c2ef84aa75fdecd3dd7bdb408ea
Git基线源码,02_代码/源码/projects/irt_label_pipeline/train_joint_estimator_stage2b_v6.py,git:d51d92316a460a408856b63c41cb466b7d8a09a5:projects/irt_label_pipeline/train_joint_estimator_stage2b_v6.py,30051,Git提交快照,0060d06e3b0aa2ff03c79ac5b6f01a29e49d659fbb95a73de8aa029724e1c6d4
Git基线源码,02_代码/源码/projects/irt_label_pipeline/train_stage2a_iso_refine.py,git:d51d92316a460a408856b63c41cb466b7d8a09a5:projects/irt_label_pipeline/train_stage2a_iso_refine.py,27486,Git提交快照,e3c66a71946cea21e37aeeeb5e49670ff000170f5bc9cd2d4be7fc4dcdba772d
Git基线源码,02_代码/源码/projects/irt_label_pipeline/train_stage2b_directional_ss.py,git:d51d92316a460a408856b63c41cb466b7d8a09a5:projects/irt_label_pipeline/train_stage2b_directional_ss.py,33134,Git提交快照,05a92ad4253c3655188804fd400ec1e7a24c3efc596106b22b7a76f5492a6ab4
Git基线源码,02_代码/源码/projects/irt_label_pipeline/train_stage2b_latent_adapter_v5.py,git:d51d92316a460a408856b63c41cb466b7d8a09a5:projects/irt_label_pipeline/train_stage2b_latent_adapter_v5.py,19589,Git提交快照,5762712a0cde5cde0fc65874dd113e1fef5fc44a8f32e0b771e02d3d5cb22710
Git基线源码,02_代码/源码/projects/irt_label_pipeline/validate_bs_inversion_pilot.py,git:d51d92316a460a408856b63c41cb466b7d8a09a5:projects/irt_label_pipeline/validate_bs_inversion_pilot.py,13612,Git提交快照,9a1fa66775af0460c8d4102871c52f2ffa8bcb8f932de456cc199bc6dc67759b
Git基线源码,02_代码/源码/projects/irt_label_pipeline/validate_sionna_paper_pilot.py,git:d51d92316a460a408856b63c41cb466b7d8a09a5:projects/irt_label_pipeline/validate_sionna_paper_pilot.py,9551,Git提交快照,7587b1c71e60a532e75228e79025d507abc742fb83fe5517c2e7849d011a8787
Git基线源码,02_代码/源码/projects/irt_label_pipeline/validate_tile1_direct.py,git:d51d92316a460a408856b63c41cb466b7d8a09a5:projects/irt_label_pipeline/validate_tile1_direct.py,7065,Git提交快照,2b2a3c8d9a16bf6f5057f685978a45aadcbaddd78fb1a67c29af1e04d10736b7
Git基线源码,02_代码/源码/projects/irt_label_pipeline/verify_irt_shards.py,git:d51d92316a460a408856b63c41cb466b7d8a09a5:projects/irt_label_pipeline/verify_irt_shards.py,4269,Git提交快照,c438812e1a3adfb5d8e253453cc2623a607221a9b27c7a1c9863ec493ec75b11
Git基线源码,02_代码/源码/projects/irt_label_pipeline/visualize_scale4_pipeline_examples.py,git:d51d92316a460a408856b63c41cb466b7d8a09a5:projects/irt_label_pipeline/visualize_scale4_pipeline_examples.py,26425,Git提交快照,c9187853a7eb0b74eabe06f023e0f423ae5eb1012802e193a298b1c0e469cb9e
Git基线源码,02_代码/源码/projects/irt_label_pipeline/watch_bs_parameter_estimator_scale4_v2.ps1,git:d51d92316a460a408856b63c41cb466b7d8a09a5:projects/irt_label_pipeline/watch_bs_parameter_estimator_scale4_v2.ps1,2992,Git提交快照,3270f7387a6c356b323d5452f909b29ef2b1cad61d025ac3ebd59025c29d92b7
Git基线源码,02_代码/源码/projects/irt_label_pipeline/watch_stage1_stage2a_position_encoding_scale4_v3.ps1,git:d51d92316a460a408856b63c41cb466b7d8a09a5:projects/irt_label_pipeline/watch_stage1_stage2a_position_encoding_scale4_v3.ps1,2774,Git提交快照,33230c088237a2f104081634ea89fb5a856a0ed41affe27982b8c56f1c5fd0b9
Git基线源码,02_代码/源码/projects/irt_label_pipeline/watch_stage2b_latent_fusion_scale4_v4.ps1,git:d51d92316a460a408856b63c41cb466b7d8a09a5:projects/irt_label_pipeline/watch_stage2b_latent_fusion_scale4_v4.ps1,2655,Git提交快照,919dc58f38d245a3614ad7375882f13d4eb3de596ba76a891160982d41f41b33
Git基线源码,02_代码/源码/projects/irt_label_pipeline/watch_stage2b_position_encoding_scale4_v3.ps1,git:d51d92316a460a408856b63c41cb466b7d8a09a5:projects/irt_label_pipeline/watch_stage2b_position_encoding_scale4_v3.ps1,2651,Git提交快照,3dacfde66aa5b0360158bb9e79785daff9f31c620dba7904a8c08c118eb514f7
Git基线源码,02_代码/源码/scripts/README_normalize_winprop_dataset.md,git:d51d92316a460a408856b63c41cb466b7d8a09a5:scripts/README_normalize_winprop_dataset.md,1281,Git提交快照,7871f9f699137115d304294b3a4989c217b9ad68f832809dd8d129fc3f99d682
Git基线源码,02_代码/源码/scripts/README_prepare_tx_features.md,git:d51d92316a460a408856b63c41cb466b7d8a09a5:scripts/README_prepare_tx_features.md,1041,Git提交快照,f6da72acb492a4a929d4a43f223c0ea5a7ecd82e9a5c29515e152767a77d40e6
Git基线源码,02_代码/源码/scripts/README_prepare_winprop_tiles.md,git:d51d92316a460a408856b63c41cb466b7d8a09a5:scripts/README_prepare_winprop_tiles.md,2881,Git提交快照,ae2122849e146ceaa35852a8904d09b4ff0b0653b003e32d17df231862606f37
Git基线源码,02_代码/源码/scripts/batch_check_winprop_odb.ps1,git:d51d92316a460a408856b63c41cb466b7d8a09a5:scripts/batch_check_winprop_odb.ps1,50300,Git提交快照,948e9d05333c3cf4122c9c570edc74e8631e61e47e33a47f4e4f47ed1804a2f7
Git基线源码,02_代码/源码/scripts/batch_generate_odb_000011_027360.ps1,git:d51d92316a460a408856b63c41cb466b7d8a09a5:scripts/batch_generate_odb_000011_027360.ps1,4038,Git提交快照,101c099c063eb90927491a54a39a1cc5b47c940a196bc540eb9f85c4a59f99ed
Git基线源码,02_代码/源码/scripts/batch_generate_odb_parallel.ps1,git:d51d92316a460a408856b63c41cb466b7d8a09a5:scripts/batch_generate_odb_parallel.ps1,6186,Git提交快照,b1c598fbaa48b7c8a1bee5cfd24d9f29c190922cfec44b31d5a3d3bb3f3a73b6
Git基线源码,02_代码/源码/scripts/batch_winprop_path_loss.ps1,git:d51d92316a460a408856b63c41cb466b7d8a09a5:scripts/batch_winprop_path_loss.ps1,12333,Git提交快照,441584cb9e2eed74cad8f5f5e9c78f44cb2d9dc9aa0fda2ebea0facee4aa17f2
Git基线源码,02_代码/源码/scripts/batch_winprop_path_loss_parallel_000011_027360.ps1,git:d51d92316a460a408856b63c41cb466b7d8a09a5:scripts/batch_winprop_path_loss_parallel_000011_027360.ps1,7699,Git提交快照,0273edebb0f7508a832a3b0733f8a6a783caf5ef614c911949f8db11b8ffca92
Git基线源码,02_代码/源码/scripts/clean_winprop_shapefile.py,git:d51d92316a460a408856b63c41cb466b7d8a09a5:scripts/clean_winprop_shapefile.py,11532,Git提交快照,2adae72a059a2c760afe545a628042da726f6f22e768bea0ca881e769edf53e3
Git基线源码,02_代码/源码/scripts/generate_winprop_antenna_patterns.py,git:d51d92316a460a408856b63c41cb466b7d8a09a5:scripts/generate_winprop_antenna_patterns.py,14891,Git提交快照,be4fd811a9c0183309620d72544cc70ecce74b95e6e642944f30ecbf3ea4b10a
Git基线源码,02_代码/源码/scripts/generate_winprop_odb.ps1,git:d51d92316a460a408856b63c41cb466b7d8a09a5:scripts/generate_winprop_odb.ps1,13255,Git提交快照,9b0e55ee1190ece3bbff60a0f29ac6d45a6e4a24e4bcda1cb6f6900b3f3734fd
Git基线源码,02_代码/源码/scripts/normalize_winprop_dataset.py,git:d51d92316a460a408856b63c41cb466b7d8a09a5:scripts/normalize_winprop_dataset.py,16988,Git提交快照,c1c95cfa2e50f72444ef64c642a5f3709d971b3d69c819741e6ad6cc15fea15d
Git基线源码,02_代码/源码/scripts/prepare_tx_features.py,git:d51d92316a460a408856b63c41cb466b7d8a09a5:scripts/prepare_tx_features.py,11443,Git提交快照,cb04a3c912b8b1f7cbfbd94b7914c392c797b6c82241a5696ef8328baa21b20f
Git基线源码,02_代码/源码/scripts/prepare_winprop_tiles.py,git:d51d92316a460a408856b63c41cb466b7d8a09a5:scripts/prepare_winprop_tiles.py,17673,Git提交快照,df1d9de40f1b3d3e425098f1cfb0fea2d9ddff3642906bfc5d048e66220fc7e1
Git基线源码,02_代码/源码/scripts/prepare_winprop_tiles_requirements.txt,git:d51d92316a460a408856b63c41cb466b7d8a09a5:scripts/prepare_winprop_tiles_requirements.txt,42,Git提交快照,4e695dc2e438afae542d5584cd417e8de813a59e01b291044851ced1c0f831ae
Git基线源码,02_代码/源码/scripts/promote_prediction_ready_odb.ps1,git:d51d92316a460a408856b63c41cb466b7d8a09a5:scripts/promote_prediction_ready_odb.ps1,10346,Git提交快照,60441ea52c892536e1486b8069768679e348ad3983cd0baea9ca4fcc29daf428
Git基线源码,02_代码/源码/scripts/rebuild_prediction_worker.ps1,git:d51d92316a460a408856b63c41cb466b7d8a09a5:scripts/rebuild_prediction_worker.ps1,7437,Git提交快照,35670fdabe62074ae32d8feadc8b0d727886e90fe093b3ce0be66144e7362a74
Git基线源码,02_代码/源码/scripts/recheck_prediction_warning_odb.ps1,git:d51d92316a460a408856b63c41cb466b7d8a09a5:scripts/recheck_prediction_warning_odb.ps1,5856,Git提交快照,f677c510de8b5bd6c88f02c4460378883d3b3c30f1dfac1a156862f8927e6af1
Git基线源码,02_代码/源码/scripts/repair_dac_json_paths.py,git:d51d92316a460a408856b63c41cb466b7d8a09a5:scripts/repair_dac_json_paths.py,4509,Git提交快照,4f1685f7e54009976765d4637630266d7f3aae3fdbd26877998f64d20026f697
Git基线源码,02_代码/源码/scripts/run_winprop_prediction_smoke.ps1,git:d51d92316a460a408856b63c41cb466b7d8a09a5:scripts/run_winprop_prediction_smoke.ps1,30243,Git提交快照,2efd0080585121bf2705329c106fffbbb1a919f5b5040e2381116e860fbabc43
Git基线源码,02_代码/源码/scripts/show_wallman_check_status.ps1,git:d51d92316a460a408856b63c41cb466b7d8a09a5:scripts/show_wallman_check_status.ps1,6240,Git提交快照,a2d2f083081fef5ec98b9114faf5b2b7e3fd65a69d03b53b2dbf8700cc1a233d
Git基线源码,02_代码/源码/scripts/start_prediction_odb_rebuild.ps1,git:d51d92316a460a408856b63c41cb466b7d8a09a5:scripts/start_prediction_odb_rebuild.ps1,4409,Git提交快照,e8a0e0cc4053cc2ea4c70e42739e60c1456f6a2992eaeed1b9e79baa919b29ff
Git基线源码,02_代码/源码/scripts/start_wallman_check_parallel.ps1,git:d51d92316a460a408856b63c41cb466b7d8a09a5:scripts/start_wallman_check_parallel.ps1,2706,Git提交快照,040981820074e2ef60693aedc675a3bc6ab8d7f0235622aa2e12a8340b545031
Git基线源码,02_代码/源码/tools/analyze_cnki_pdfs.py,git:d51d92316a460a408856b63c41cb466b7d8a09a5:tools/analyze_cnki_pdfs.py,3226,Git提交快照,a94de336aafdc7d43c339bf96d463b10e437409d1f00fd18915832c38df3f00f
Git基线源码,02_代码/源码/tools/append_regions_512m_tiles.py,git:d51d92316a460a408856b63c41cb466b7d8a09a5:tools/append_regions_512m_tiles.py,22133,Git提交快照,d42ebf77d8a86e280201f21287c74c439346c08e0564b01a4fb0e05c76c4b2da
Git基线源码,02_代码/源码/tools/clean_beijing_wallman.py,git:d51d92316a460a408856b63c41cb466b7d8a09a5:tools/clean_beijing_wallman.py,11687,Git提交快照,ec7b653cd78e668258996246c32411444a375470427bbf8a8b0436bc8cb6eebe
Git基线源码,02_代码/源码/tools/cnki-controlled-chrome/package-lock.json,git:d51d92316a460a408856b63c41cb466b7d8a09a5:tools/cnki-controlled-chrome/package-lock.json,701,Git提交快照,7087e1968b65f30d06f10e15dd1cf98fc12e75ed186ca0a0ef268b67a6cb6774
Git基线源码,02_代码/源码/tools/cnki-controlled-chrome/package.json,git:d51d92316a460a408856b63c41cb466b7d8a09a5:tools/cnki-controlled-chrome/package.json,303,Git提交快照,5525b058614542cb55d3d8788577a0c2bfe200a4d6a09f82a5a6763de6ad8fb1
Git基线源码,02_代码/源码/tools/cnki-controlled-chrome/start-cnki-chrome.ps1,git:d51d92316a460a408856b63c41cb466b7d8a09a5:tools/cnki-controlled-chrome/start-cnki-chrome.ps1,1380,Git提交快照,a850b9b2147f8078c56e931c10a7a54f4b709a414c0dba68583def054053bb13
Git基线源码,02_代码/源码/tools/deduplicate_wallman_shapefile.py,git:d51d92316a460a408856b63c41cb466b7d8a09a5:tools/deduplicate_wallman_shapefile.py,10006,Git提交快照,b1f37af30b166a13dd2e69dbf8efa037e3a686157abd179e1c2897e4ea811ef9
Git基线源码,02_代码/源码/tools/extract_pdf_pages.py,git:d51d92316a460a408856b63c41cb466b7d8a09a5:tools/extract_pdf_pages.py,1163,Git提交快照,9d96e25c58452170096d98bac039d9883f0a174c6297493d9b653c8caabe4b12
Git基线源码,02_代码/源码/tools/filter_tiles_by_union_coverage.py,git:d51d92316a460a408856b63c41cb466b7d8a09a5:tools/filter_tiles_by_union_coverage.py,4864,Git提交快照,a8c30e6488efedd4c92a74f1560e1b7f66ff4513a3241c8081ebec8b14da3ae8
Git基线源码,02_代码/源码/tools/render_pdf_page.py,git:d51d92316a460a408856b63c41cb466b7d8a09a5:tools/render_pdf_page.py,728,Git提交快照,0c9e172f0dad1578678154f9cc9d4d9e98773793a92bedcbd1f9be24c45dd4a8
Git基线源码,02_代码/源码/tools/resume_http_download.ps1,git:d51d92316a460a408856b63c41cb466b7d8a09a5:tools/resume_http_download.ps1,2535,Git提交快照,ded7688d2078f472eb346542d636f4177f514233e3129e6a1160253ea141a3c4
Git基线源码,02_代码/源码/tools/split_wallman_512m_tiles.py,git:d51d92316a460a408856b63c41cb466b7d8a09a5:tools/split_wallman_512m_tiles.py,11964,Git提交快照,ef163a7112625a00afea50c8f0ca1a8d5d6eab8b0a9442a2358d9ddd3fc15790
Git基线源码,02_代码/源码/tools/wait_for_ablation_report.ps1,git:d51d92316a460a408856b63c41cb466b7d8a09a5:tools/wait_for_ablation_report.ps1,1013,Git提交快照,bd85374916b764955e6ae04e2695743986cb238cea4b6be5f62f4c8a1cb84100
Git基线源码,02_代码/源码/tools/winprop_convert_oda_to_odb.py,git:d51d92316a460a408856b63c41cb466b7d8a09a5:tools/winprop_convert_oda_to_odb.py,3291,Git提交快照,8732499477e8fb130f40266d5d5ee994a18bf55e0767008bc99e64fe0c18a3f8
Git基线源码压缩包,02_代码/源码快照.zip,git:d51d92316a460a408856b63c41cb466b7d8a09a5,480387,Git提交快照,2c73825e11c96c40c78811ea019853534902ee842fc080c5c722f5e7b2770ccc
佐证材料构建脚本,02_代码/佐证材料构建脚本.py,C:\Users\pc\Documents\大创\tools\build_midterm_evidence.py,20750,2026-09-24T06:26:12.659669+00:00,686ac1816e237f3523a88521eafd7a369dfec739692f7178a45596e3897a09a7
