VERSION	2020-38079
DATE	2026-07-24, 15:35:07 (+0800)
ANTENNA 1	NAME	Site  1 Antenna 1
ANTENNA 1	LOCATION	445184.000 4368140.000 26.000
ANTENNA 1	FREQUENCY	3500.000
ANTENNA 1	POWER	0.001 W Output
ANTENNA 1	ANTENNATYPE	ISO
LOWER_LEFT	444928.00000000 4367884.00000000
UPPER_RIGHT	445440.00000000 4368396.00000000
HEIGHT	2.000
TIME_STEP	0.000
RESOLUTION	4.00000000

BEGIN_DATA
444930.00000 4367886.00000 -109.0585
444930.00000 4367890.00000 -108.9798
444930.00000 4367894.00000 -108.8992
444930.00000 4367898.00000 -108.7694
444930.00000 4367902.00000 -108.6491
444930.00000 4367906.00000 -108.3986
444930.00000 4367910.00000 -108.2565
444930.00000 4367914.00000 -107.8398
444930.00000 4367918.00000 -107.2647
444930.00000 4367922.00000 -107.1002
444930.00000 4367926.00000 -107.3214
444930.00000 4367930.00000 -106.8520
444930.00000 4367934.00000 -107.1516
444930.00000 4367938.00000 -107.3829
444930.00000 4367942.00000 -107.3655
444930.00000 4367946.00000 -107.3668
444930.00000 4367950.00000 -107.0577
444930.00000 4367954.00000 -107.0627
444930.00000 4367958.00000 -107.4310
444930.00000 4367962.00000 -106.7460
444930.00000 4367966.00000 -107.0551
444930.00000 4367970.00000 -107.2160
444930.00000 4367974.00000 -107.1714
444930.00000 4367978.00000 -107.0615
444930.00000 4367982.00000 -107.0373
444930.00000 4367986.00000 -106.9538
444930.00000 4367990.00000 -106.8715
444930.00000 4367994.00000 -105.1340
444930.00000 4367998.00000 -105.2185
444930.00000 4368002.00000 -104.9377
444930.00000 4368006.00000 -105.0624
444930.00000 4368010.00000 -104.9064
444930.00000 4368014.00000 -105.0340
444930.00000 4368018.00000 -104.9906
444930.00000 4368022.00000 -112.2157
444930.00000 4368026.00000 -114.3848
444930.00000 4368030.00000 -113.7258
444930.00000 4368034.00000 -114.1881
444930.00000 4368038.00000 -114.1751
444930.00000 4368042.00000 -105.9182
444930.00000 4368046.00000 -105.8897
444930.00000 4368050.00000 -105.8834
444930.00000 4368054.00000 -105.9022
444930.00000 4368058.00000 -105.8932
444930.00000 4368062.00000 -105.0154
444930.00000 4368066.00000 -113.6709
444930.00000 4368070.00000 -115.5356
444930.00000 4368074.00000 -116.4323
444930.00000 4368078.00000 -110.1598
444930.00000 4368082.00000 N.C.
444930.00000 4368086.00000 N.C.
444930.00000 4368090.00000 N.C.
444930.00000 4368094.00000 N.C.
444930.00000 4368098.00000 N.C.
444930.00000 4368102.00000 -125.4771
444930.00000 4368106.00000 -126.0636
444930.00000 4368110.00000 -125.9584
444930.00000 4368114.00000 -124.3271
444930.00000 4368118.00000 -125.0864
444930.00000 4368122.00000 -124.0552
444930.00000 4368126.00000 -124.5138
444930.00000 4368130.00000 -123.7994
444930.00000 4368134.00000 -122.7942
444930.00000 4368138.00000 -124.5263
444930.00000 4368142.00000 -121.9511
444930.00000 4368146.00000 -122.2669
444930.00000 4368150.00000 -115.2958
444930.00000 4368154.00000 -108.4032
444930.00000 4368158.00000 -114.3005
444930.00000 4368162.00000 N.C.
444930.00000 4368166.00000 N.C.
444930.00000 4368170.00000 -103.2395
444930.00000 4368174.00000 -102.9850
444930.00000 4368178.00000 N.C.
444930.00000 4368182.00000 -143.7828
444930.00000 4368186.00000 N.C.
444930.00000 4368190.00000 -123.9356
444930.00000 4368194.00000 N.C.
444930.00000 4368198.00000 N.C.
444930.00000 4368202.00000 N.C.
444930.00000 4368206.00000 N.C.
444930.00000 4368210.00000 -118.3410
444930.00000 4368214.00000 -106.2162
444930.00000 4368218.00000 -107.0078
444930.00000 4368222.00000 -108.8746
444930.00000 4368226.00000 N.C.
444930.00000 4368230.00000 -114.9695
444930.00000 4368234.00000 N.C.
444930.00000 4368238.00000 N.C.
444930.00000 4368242.00000 -104.9830
444930.00000 4368246.00000 -111.8695
444930.00000 4368250.00000 -113.5430
444930.00000 4368254.00000 -115.0080
444930.00000 4368258.00000 -123.7051
444930.00000 4368262.00000 -117.9969
444930.00000 4368266.00000 -109.9738
444930.00000 4368270.00000 -110.3917
444930.00000 4368274.00000 -110.4428
444930.00000 4368278.00000 -123.0103
444930.00000 4368282.00000 -125.5214
444930.00000 4368286.00000 -130.2764
444930.00000 4368290.00000 -110.7182
444930.00000 4368294.00000 N.C.
444930.00000 4368298.00000 N.C.
444930.00000 4368302.00000 N.C.
444930.00000 4368306.00000 -113.3316
444930.00000 4368310.00000 N.C.
444930.00000 4368314.00000 -126.1199
444930.00000 4368318.00000 N.C.
444930.00000 4368322.00000 -114.9833
444930.00000 4368326.00000 -114.3719
444930.00000 4368330.00000 -103.7171
444930.00000 4368334.00000 N.C.
444930.00000 4368338.00000 N.C.
444930.00000 4368342.00000 N.C.
444930.00000 4368346.00000 N.C.
444930.00000 4368350.00000 -136.9304
444930.00000 4368354.00000 N.C.
444930.00000 4368358.00000 N.C.
444930.00000 4368362.00000 N.C.
444930.00000 4368366.00000 -126.3169
444930.00000 4368370.00000 -130.5043
444930.00000 4368374.00000 -131.5303
444930.00000 4368378.00000 -132.2054
444930.00000 4368382.00000 -129.9711
444930.00000 4368386.00000 -126.0715
444930.00000 4368390.00000 -119.4388
444930.00000 4368394.00000 -107.7459
444934.00000 4367886.00000 -108.9189
444934.00000 4367890.00000 -108.8089
444934.00000 4367894.00000 -108.8250
444934.00000 4367898.00000 -108.8152
444934.00000 4367902.00000 -108.6233
444934.00000 4367906.00000 -108.4596
444934.00000 4367910.00000 -108.2358
444934.00000 4367914.00000 -108.0596
444934.00000 4367918.00000 -107.7023
444934.00000 4367922.00000 -106.9588
444934.00000 4367926.00000 -107.3978
444934.00000 4367930.00000 -107.2608
444934.00000 4367934.00000 -106.8728
444934.00000 4367938.00000 -106.9288
444934.00000 4367942.00000 -107.2390
444934.00000 4367946.00000 -107.2133
444934.00000 4367950.00000 -107.1765
444934.00000 4367954.00000 -106.9754
444934.00000 4367958.00000 -106.8096
444934.00000 4367962.00000 -106.4894
444934.00000 4367966.00000 -106.5418
444934.00000 4367970.00000 -106.8974
444934.00000 4367974.00000 -106.9568
444934.00000 4367978.00000 -106.9445
444934.00000 4367982.00000 -106.8483
444934.00000 4367986.00000 -106.8195
444934.00000 4367990.00000 -106.7463
444934.00000 4367994.00000 -106.3860
444934.00000 4367998.00000 -105.2091
444934.00000 4368002.00000 -105.1590
444934.00000 4368006.00000 -104.7513
444934.00000 4368010.00000 -104.6525
444934.00000 4368014.00000 -104.7360
444934.00000 4368018.00000 -104.8544
444934.00000 4368022.00000 -104.7971
444934.00000 4368026.00000 -114.5036
444934.00000 4368030.00000 -114.2634
444934.00000 4368034.00000 -113.9349
444934.00000 4368038.00000 -114.1712
444934.00000 4368042.00000 -105.8194
444934.00000 4368046.00000 -105.7290
444934.00000 4368050.00000 -105.6834
444934.00000 4368054.00000 -105.7810
444934.00000 4368058.00000 -105.7637
444934.00000 4368062.00000 -105.6956
444934.00000 4368066.00000 -113.4568
444934.00000 4368070.00000 -115.4367
444934.00000 4368074.00000 -116.5591
444934.00000 4368078.00000 -113.4176
444934.00000 4368082.00000 -115.0251
444934.00000 4368086.00000 N.C.
444934.00000 4368090.00000 N.C.
444934.00000 4368094.00000 N.C.
444934.00000 4368098.00000 -125.6876
444934.00000 4368102.00000 -125.9569
444934.00000 4368106.00000 -125.2449
444934.00000 4368110.00000 -125.9941
444934.00000 4368114.00000 -124.7801
444934.00000 4368118.00000 -124.7964
444934.00000 4368122.00000 -123.1960
444934.00000 4368126.00000 -124.9806
444934.00000 4368130.00000 -125.3892
444934.00000 4368134.00000 -123.6110
444934.00000 4368138.00000 -125.5203
444934.00000 4368142.00000 -123.2533
444934.00000 4368146.00000 -123.1641
444934.00000 4368150.00000 -115.2654
444934.00000 4368154.00000 -111.4783
444934.00000 4368158.00000 -110.1574
444934.00000 4368162.00000 N.C.
444934.00000 4368166.00000 N.C.
444934.00000 4368170.00000 -103.3257
444934.00000 4368174.00000 -102.2063
444934.00000 4368178.00000 -101.7464
444934.00000 4368182.00000 N.C.
444934.00000 4368186.00000 N.C.
444934.00000 4368190.00000 N.C.
444934.00000 4368194.00000 N.C.
444934.00000 4368198.00000 -109.1416
444934.00000 4368202.00000 N.C.
444934.00000 4368206.00000 -119.5340
444934.00000 4368210.00000 -116.8113
444934.00000 4368214.00000 -106.8135
444934.00000 4368218.00000 -105.5253
444934.00000 4368222.00000 N.C.
444934.00000 4368226.00000 N.C.
444934.00000 4368230.00000 -112.2839
444934.00000 4368234.00000 N.C.
444934.00000 4368238.00000 N.C.
444934.00000 4368242.00000 -111.3113
444934.00000 4368246.00000 -114.1107
444934.00000 4368250.00000 -120.1891
444934.00000 4368254.00000 -119.5855
444934.00000 4368258.00000 -124.1252
444934.00000 4368262.00000 -122.5538
444934.00000 4368266.00000 -110.0440
444934.00000 4368270.00000 -110.1546
444934.00000 4368274.00000 -110.2387
444934.00000 4368278.00000 -121.4936
444934.00000 4368282.00000 N.C.
444934.00000 4368286.00000 N.C.
444934.00000 4368290.00000 -110.9028
444934.00000 4368294.00000 N.C.
444934.00000 4368298.00000 N.C.
444934.00000 4368302.00000 N.C.
444934.00000 4368306.00000 N.C.
444934.00000 4368310.00000 N.C.
444934.00000 4368314.00000 -132.4270
444934.00000 4368318.00000 N.C.
444934.00000 4368322.00000 -117.7144
444934.00000 4368326.00000 -113.5124
444934.00000 4368330.00000 -109.2291
444934.00000 4368334.00000 N.C.
444934.00000 4368338.00000 N.C.
444934.00000 4368342.00000 N.C.
444934.00000 4368346.00000 N.C.
444934.00000 4368350.00000 -134.0686
444934.00000 4368354.00000 -124.1685
444934.00000 4368358.00000 N.C.
444934.00000 4368362.00000 N.C.
444934.00000 4368366.00000 -132.5410
444934.00000 4368370.00000 -129.2929
444934.00000 4368374.00000 -132.1561
444934.00000 4368378.00000 -131.4799
444934.00000 4368382.00000 -127.0100
444934.00000 4368386.00000 -119.1263
444934.00000 4368390.00000 -107.6074
444934.00000 4368394.00000 -108.5952
444938.00000 4367886.00000 -108.9432
444938.00000 4367890.00000 -108.7020
444938.00000 4367894.00000 -108.6667
444938.00000 4367898.00000 -108.6439
444938.00000 4367902.00000 -108.6176
444938.00000 4367906.00000 -108.3403
444938.00000 4367910.00000 -108.1794
444938.00000 4367914.00000 -108.0637
444938.00000 4367918.00000 -107.5602
444938.00000 4367922.00000 -107.4539
444938.00000 4367926.00000 -106.7721
444938.00000 4367930.00000 -106.0496
444938.00000 4367934.00000 -106.5938
444938.00000 4367938.00000 -106.5303
444938.00000 4367942.00000 -106.5923
444938.00000 4367946.00000 -107.0483
444938.00000 4367950.00000 -106.9788
444938.00000 4367954.00000 -106.8747
444938.00000 4367958.00000 -106.7995
444938.00000 4367962.00000 -106.8248
444938.00000 4367966.00000 -106.2636
444938.00000 4367970.00000 -106.2166
444938.00000 4367974.00000 -106.8438
444938.00000 4367978.00000 -106.7449
444938.00000 4367982.00000 -106.7829
444938.00000 4367986.00000 -106.6550
444938.00000 4367990.00000 -106.3260
444938.00000 4367994.00000 -106.2715
444938.00000 4367998.00000 -104.7897
444938.00000 4368002.00000 -104.9864
444938.00000 4368006.00000 -104.9478
444938.00000 4368010.00000 -104.3534
444938.00000 4368014.00000 -104.4401
444938.00000 4368018.00000 -104.7280
444938.00000 4368022.00000 -104.6746
444938.00000 4368026.00000 -108.6385
444938.00000 4368030.00000 -114.7247
444938.00000 4368034.00000 -113.3782
444938.00000 4368038.00000 -115.9738
444938.00000 4368042.00000 -113.8794
444938.00000 4368046.00000 -105.4176
444938.00000 4368050.00000 -105.4949
444938.00000 4368054.00000 -105.5118
444938.00000 4368058.00000 -105.5255
444938.00000 4368062.00000 -105.4973
444938.00000 4368066.00000 -110.4251
444938.00000 4368070.00000 -114.9441
444938.00000 4368074.00000 -116.4380
444938.00000 4368078.00000 -111.9340
444938.00000 4368082.00000 -114.9360
444938.00000 4368086.00000 -115.7859
444938.00000 4368090.00000 -117.9666
444938.00000 4368094.00000 -117.9574
444938.00000 4368098.00000 -127.1557
444938.00000 4368102.00000 -131.6606
444938.00000 4368106.00000 -129.3871
444938.00000 4368110.00000 -126.9019
444938.00000 4368114.00000 -125.2838
444938.00000 4368118.00000 -123.9515
444938.00000 4368122.00000 -123.4551
444938.00000 4368126.00000 -125.1546
444938.00000 4368130.00000 -125.7056
444938.00000 4368134.00000 -124.8030
444938.00000 4368138.00000 -127.1495
444938.00000 4368142.00000 -124.7379
444938.00000 4368146.00000 -124.9715
444938.00000 4368150.00000 -115.1348
444938.00000 4368154.00000 -111.6655
444938.00000 4368158.00000 -109.9473
444938.00000 4368162.00000 N.C.
444938.00000 4368166.00000 N.C.
444938.00000 4368170.00000 -104.1811
444938.00000 4368174.00000 -102.3730
444938.00000 4368178.00000 -104.6248
444938.00000 4368182.00000 N.C.
444938.00000 4368186.00000 N.C.
444938.00000 4368190.00000 -121.3700
444938.00000 4368194.00000 -111.8327
444938.00000 4368198.00000 -109.7382
444938.00000 4368202.00000 N.C.
444938.00000 4368206.00000 -119.8021
444938.00000 4368210.00000 -113.8013
444938.00000 4368214.00000 -106.0708
444938.00000 4368218.00000 -106.0749
444938.00000 4368222.00000 N.C.
444938.00000 4368226.00000 N.C.
444938.00000 4368230.00000 -109.8075
444938.00000 4368234.00000 N.C.
444938.00000 4368238.00000 -113.0640
444938.00000 4368242.00000 -112.1327
444938.00000 4368246.00000 -118.7400
444938.00000 4368250.00000 -115.5696
444938.00000 4368254.00000 -111.8673
444938.00000 4368258.00000 -120.4458
444938.00000 4368262.00000 -117.5723
444938.00000 4368266.00000 -109.6219
444938.00000 4368270.00000 -109.6128
444938.00000 4368274.00000 -109.7977
444938.00000 4368278.00000 -118.2639
444938.00000 4368282.00000 N.C.
444938.00000 4368286.00000 N.C.
444938.00000 4368290.00000 -125.2449
444938.00000 4368294.00000 N.C.
444938.00000 4368298.00000 N.C.
444938.00000 4368302.00000 N.C.
444938.00000 4368306.00000 N.C.
444938.00000 4368310.00000 N.C.
444938.00000 4368314.00000 -137.2683
444938.00000 4368318.00000 N.C.
444938.00000 4368322.00000 -121.4328
444938.00000 4368326.00000 -115.3459
444938.00000 4368330.00000 N.C.
444938.00000 4368334.00000 N.C.
444938.00000 4368338.00000 -129.8909
444938.00000 4368342.00000 N.C.
444938.00000 4368346.00000 N.C.
444938.00000 4368350.00000 -139.1559
444938.00000 4368354.00000 -131.1046
444938.00000 4368358.00000 N.C.
444938.00000 4368362.00000 -153.8975
444938.00000 4368366.00000 -136.2505
444938.00000 4368370.00000 -125.5236
444938.00000 4368374.00000 -130.5687
444938.00000 4368378.00000 -130.5523
444938.00000 4368382.00000 -124.6157
444938.00000 4368386.00000 -107.4546
444938.00000 4368390.00000 -108.5126
444938.00000 4368394.00000 -109.1667
444942.00000 4367886.00000 -108.8081
444942.00000 4367890.00000 -108.6596
444942.00000 4367894.00000 -108.5390
444942.00000 4367898.00000 -108.5157
444942.00000 4367902.00000 -108.4527
444942.00000 4367906.00000 -108.2795
444942.00000 4367910.00000 -108.1548
444942.00000 4367914.00000 -107.8092
444942.00000 4367918.00000 -107.8081
444942.00000 4367922.00000 -107.3721
444942.00000 4367926.00000 -107.1894
444942.00000 4367930.00000 -106.5438
444942.00000 4367934.00000 -107.0615
444942.00000 4367938.00000 -106.1879
444942.00000 4367942.00000 -106.2175
444942.00000 4367946.00000 -106.7441
444942.00000 4367950.00000 -106.8757
444942.00000 4367954.00000 -106.8897
444942.00000 4367958.00000 -106.6817
444942.00000 4367962.00000 -106.5549
444942.00000 4367966.00000 -106.8086
444942.00000 4367970.00000 -106.0616
444942.00000 4367974.00000 -106.5745
444942.00000 4367978.00000 -106.6530
444942.00000 4367982.00000 -106.6170
444942.00000 4367986.00000 -106.5813
444942.00000 4367990.00000 -106.1659
444942.00000 4367994.00000 -106.1097
444942.00000 4367998.00000 -106.0382
444942.00000 4368002.00000 -104.5851
444942.00000 4368006.00000 -104.7848
444942.00000 4368010.00000 -104.5898
444942.00000 4368014.00000 -108.4123
444942.00000 4368018.00000 -108.4420
444942.00000 4368022.00000 -108.6901
444942.00000 4368026.00000 -105.5624
444942.00000 4368030.00000 -113.9994
444942.00000 4368034.00000 -115.0176
444942.00000 4368038.00000 -115.4410
444942.00000 4368042.00000 -114.7176
444942.00000 4368046.00000 -105.4128
444942.00000 4368050.00000 -105.4155
444942.00000 4368054.00000 -105.2838
444942.00000 4368058.00000 -105.3081
444942.00000 4368062.00000 -105.2800
444942.00000 4368066.00000 -111.7512
444942.00000 4368070.00000 -115.2567
444942.00000 4368074.00000 -112.8914
444942.00000 4368078.00000 -112.2679
444942.00000 4368082.00000 -114.5400
444942.00000 4368086.00000 -114.7755
444942.00000 4368090.00000 -115.6234
444942.00000 4368094.00000 -123.2331
444942.00000 4368098.00000 -127.7493
444942.00000 4368102.00000 -131.5881
444942.00000 4368106.00000 -129.0366
444942.00000 4368110.00000 -128.4072
444942.00000 4368114.00000 -125.4746
444942.00000 4368118.00000 -123.9854
444942.00000 4368122.00000 -123.7089
444942.00000 4368126.00000 -124.7404
444942.00000 4368130.00000 -126.4817
444942.00000 4368134.00000 -129.0310
444942.00000 4368138.00000 -125.6211
444942.00000 4368142.00000 -124.9410
444942.00000 4368146.00000 -126.9035
444942.00000 4368150.00000 -121.7892
444942.00000 4368154.00000 -113.9493
444942.00000 4368158.00000 -118.5004
444942.00000 4368162.00000 N.C.
444942.00000 4368166.00000 N.C.
444942.00000 4368170.00000 -102.3666
444942.00000 4368174.00000 -104.0505
444942.00000 4368178.00000 -104.5848
444942.00000 4368182.00000 N.C.
444942.00000 4368186.00000 N.C.
444942.00000 4368190.00000 N.C.
444942.00000 4368194.00000 N.C.
444942.00000 4368198.00000 N.C.
444942.00000 4368202.00000 N.C.
444942.00000 4368206.00000 -120.3367
444942.00000 4368210.00000 -109.4588
444942.00000 4368214.00000 -105.3921
444942.00000 4368218.00000 -112.1077
444942.00000 4368222.00000 N.C.
444942.00000 4368226.00000 N.C.
444942.00000 4368230.00000 -108.6194
444942.00000 4368234.00000 -109.2900
444942.00000 4368238.00000 -107.0939
444942.00000 4368242.00000 -113.8662
444942.00000 4368246.00000 -122.9938
444942.00000 4368250.00000 -129.2123
444942.00000 4368254.00000 -129.6561
444942.00000 4368258.00000 -125.9223
444942.00000 4368262.00000 -124.4254
444942.00000 4368266.00000 -122.4861
444942.00000 4368270.00000 -110.2460
444942.00000 4368274.00000 -110.6321
444942.00000 4368278.00000 -123.1444
444942.00000 4368282.00000 N.C.
444942.00000 4368286.00000 -118.0318
444942.00000 4368290.00000 N.C.
444942.00000 4368294.00000 N.C.
444942.00000 4368298.00000 N.C.
444942.00000 4368302.00000 N.C.
444942.00000 4368306.00000 N.C.
444942.00000 4368310.00000 -114.3309
444942.00000 4368314.00000 N.C.
444942.00000 4368318.00000 N.C.
444942.00000 4368322.00000 N.C.
444942.00000 4368326.00000 -126.3307
444942.00000 4368330.00000 N.C.
444942.00000 4368334.00000 N.C.
444942.00000 4368338.00000 -130.5417
444942.00000 4368342.00000 -126.7958
444942.00000 4368346.00000 N.C.
444942.00000 4368350.00000 -124.6658
444942.00000 4368354.00000 -142.3894
444942.00000 4368358.00000 N.C.
444942.00000 4368362.00000 N.C.
444942.00000 4368366.00000 N.C.
444942.00000 4368370.00000 -130.4455
444942.00000 4368374.00000 -129.3525
444942.00000 4368378.00000 -126.0952
444942.00000 4368382.00000 -113.3474
444942.00000 4368386.00000 -108.7290
444942.00000 4368390.00000 -108.8659
444942.00000 4368394.00000 -109.0636
444946.00000 4367886.00000 -108.5930
444946.00000 4367890.00000 -108.4821
444946.00000 4367894.00000 -108.5264
444946.00000 4367898.00000 -108.3313
444946.00000 4367902.00000 -108.3261
444946.00000 4367906.00000 -108.1973
444946.00000 4367910.00000 -108.0206
444946.00000 4367914.00000 -107.9032
444946.00000 4367918.00000 -107.5433
444946.00000 4367922.00000 -107.0246
444946.00000 4367926.00000 -107.1598
444946.00000 4367930.00000 -107.0318
444946.00000 4367934.00000 -106.4290
444946.00000 4367938.00000 -106.0331
444946.00000 4367942.00000 -105.3953
444946.00000 4367946.00000 -106.1660
444946.00000 4367950.00000 -106.5404
444946.00000 4367954.00000 -106.4549
444946.00000 4367958.00000 -106.4397
444946.00000 4367962.00000 -106.2367
444946.00000 4367966.00000 -106.0867
444946.00000 4367970.00000 -106.4716
444946.00000 4367974.00000 -105.9017
444946.00000 4367978.00000 -106.6180
444946.00000 4367982.00000 -106.4220
444946.00000 4367986.00000 -106.4117
444946.00000 4367990.00000 -106.3451
444946.00000 4367994.00000 -106.1985
444946.00000 4367998.00000 -105.9058
444946.00000 4368002.00000 -105.8702
444946.00000 4368006.00000 -104.6720
444946.00000 4368010.00000 -104.6224
444946.00000 4368014.00000 -108.4660
444946.00000 4368018.00000 -113.0663
444946.00000 4368022.00000 -108.2667
444946.00000 4368026.00000 -108.5750
444946.00000 4368030.00000 -108.2846
444946.00000 4368034.00000 -114.5568
444946.00000 4368038.00000 -114.4811
444946.00000 4368042.00000 -114.2569
444946.00000 4368046.00000 -113.1586
444946.00000 4368050.00000 -105.0522
444946.00000 4368054.00000 -105.0470
444946.00000 4368058.00000 -105.2393
444946.00000 4368062.00000 -105.1433
444946.00000 4368066.00000 -105.1380
444946.00000 4368070.00000 -111.8186
444946.00000 4368074.00000 -112.9861
444946.00000 4368078.00000 -113.1088
444946.00000 4368082.00000 -112.7995
444946.00000 4368086.00000 -114.5883
444946.00000 4368090.00000 -119.0634
444946.00000 4368094.00000 -123.4395
444946.00000 4368098.00000 -125.4898
444946.00000 4368102.00000 -132.6832
444946.00000 4368106.00000 -132.5276
444946.00000 4368110.00000 -129.9449
444946.00000 4368114.00000 -125.4788
444946.00000 4368118.00000 -126.0444
444946.00000 4368122.00000 -125.2453
444946.00000 4368126.00000 -124.6609
444946.00000 4368130.00000 -125.6288
444946.00000 4368134.00000 -130.7349
444946.00000 4368138.00000 -128.6038
444946.00000 4368142.00000 -126.0360
444946.00000 4368146.00000 -127.7957
444946.00000 4368150.00000 -133.5043
444946.00000 4368154.00000 -112.8933
444946.00000 4368158.00000 N.C.
444946.00000 4368162.00000 N.C.
444946.00000 4368166.00000 -103.7822
444946.00000 4368170.00000 -101.8236
444946.00000 4368174.00000 -103.9734
444946.00000 4368178.00000 -100.5524
444946.00000 4368182.00000 N.C.
444946.00000 4368186.00000 N.C.
444946.00000 4368190.00000 N.C.
444946.00000 4368194.00000 N.C.
444946.00000 4368198.00000 N.C.
444946.00000 4368202.00000 N.C.
444946.00000 4368206.00000 -119.7692
444946.00000 4368210.00000 -105.9088
444946.00000 4368214.00000 -104.7606
444946.00000 4368218.00000 -123.4729
444946.00000 4368222.00000 -130.8257
444946.00000 4368226.00000 N.C.
444946.00000 4368230.00000 -109.3023
444946.00000 4368234.00000 -109.3034
444946.00000 4368238.00000 -111.4943
444946.00000 4368242.00000 -120.5279
444946.00000 4368246.00000 -124.6064
444946.00000 4368250.00000 N.C.
444946.00000 4368254.00000 N.C.
444946.00000 4368258.00000 N.C.
444946.00000 4368262.00000 N.C.
444946.00000 4368266.00000 -130.9327
444946.00000 4368270.00000 -133.0199
444946.00000 4368274.00000 -111.1396
444946.00000 4368278.00000 N.C.
444946.00000 4368282.00000 N.C.
444946.00000 4368286.00000 -119.6589
444946.00000 4368290.00000 -112.0518
444946.00000 4368294.00000 N.C.
444946.00000 4368298.00000 N.C.
444946.00000 4368302.00000 -122.5038
444946.00000 4368306.00000 N.C.
444946.00000 4368310.00000 -114.9165
444946.00000 4368314.00000 -104.5295
444946.00000 4368318.00000 N.C.
444946.00000 4368322.00000 -136.9409
444946.00000 4368326.00000 -122.8701
444946.00000 4368330.00000 N.C.
444946.00000 4368334.00000 N.C.
444946.00000 4368338.00000 -131.2506
444946.00000 4368342.00000 -122.5657
444946.00000 4368346.00000 -123.3277
444946.00000 4368350.00000 N.C.
444946.00000 4368354.00000 N.C.
444946.00000 4368358.00000 N.C.
444946.00000 4368362.00000 N.C.
444946.00000 4368366.00000 N.C.
444946.00000 4368370.00000 -134.5923
444946.00000 4368374.00000 -123.8484
444946.00000 4368378.00000 -118.5117
444946.00000 4368382.00000 -122.7507
444946.00000 4368386.00000 -118.1561
444946.00000 4368390.00000 -108.8379
444946.00000 4368394.00000 -119.9272
444950.00000 4367886.00000 -108.4405
444950.00000 4367890.00000 -108.4631
444950.00000 4367894.00000 -108.2947
444950.00000 4367898.00000 -108.3466
444950.00000 4367902.00000 -108.0530
444950.00000 4367906.00000 -108.0084
444950.00000 4367910.00000 -107.9965
444950.00000 4367914.00000 -107.8926
444950.00000 4367918.00000 -107.6904
444950.00000 4367922.00000 -107.3861
444950.00000 4367926.00000 -107.4339
444950.00000 4367930.00000 -106.9793
444950.00000 4367934.00000 -106.8746
444950.00000 4367938.00000 -106.1698
444950.00000 4367942.00000 -105.7522
444950.00000 4367946.00000 -105.2018
444950.00000 4367950.00000 -105.9271
444950.00000 4367954.00000 -106.3552
444950.00000 4367958.00000 -106.2328
444950.00000 4367962.00000 -105.9292
444950.00000 4367966.00000 -105.8789
444950.00000 4367970.00000 -105.8360
444950.00000 4367974.00000 -105.2260
444950.00000 4367978.00000 -105.6896
444950.00000 4367982.00000 -105.9685
444950.00000 4367986.00000 -106.3650
444950.00000 4367990.00000 -106.2021
444950.00000 4367994.00000 -106.1679
444950.00000 4367998.00000 -105.7865
444950.00000 4368002.00000 -105.7404
444950.00000 4368006.00000 -104.2866
444950.00000 4368010.00000 -108.7652
444950.00000 4368014.00000 -108.8428
444950.00000 4368018.00000 -108.0892
444950.00000 4368022.00000 -108.5008
444950.00000 4368026.00000 -108.2691
444950.00000 4368030.00000 -108.2910
444950.00000 4368034.00000 -113.9788
444950.00000 4368038.00000 -114.4710
444950.00000 4368042.00000 -114.6697
444950.00000 4368046.00000 -113.2236
444950.00000 4368050.00000 -104.7472
444950.00000 4368054.00000 -104.8676
444950.00000 4368058.00000 -104.8758
444950.00000 4368062.00000 -104.8695
444950.00000 4368066.00000 -104.5332
444950.00000 4368070.00000 -111.1607
444950.00000 4368074.00000 -112.9944
444950.00000 4368078.00000 -113.0477
444950.00000 4368082.00000 -112.8920
444950.00000 4368086.00000 -114.2554
444950.00000 4368090.00000 -119.1522
444950.00000 4368094.00000 -123.8550
444950.00000 4368098.00000 -126.3335
444950.00000 4368102.00000 -131.3888
444950.00000 4368106.00000 -133.2557
444950.00000 4368110.00000 -131.0432
444950.00000 4368114.00000 -124.3227
444950.00000 4368118.00000 -126.5385
444950.00000 4368122.00000 -126.0150
444950.00000 4368126.00000 -124.8094
444950.00000 4368130.00000 -125.4220
444950.00000 4368134.00000 -129.5685
444950.00000 4368138.00000 -129.5557
444950.00000 4368142.00000 -127.0917
444950.00000 4368146.00000 N.C.
444950.00000 4368150.00000 N.C.
444950.00000 4368154.00000 -114.1294
444950.00000 4368158.00000 N.C.
444950.00000 4368162.00000 N.C.
444950.00000 4368166.00000 -103.4942
444950.00000 4368170.00000 -101.8730
444950.00000 4368174.00000 -103.7147
444950.00000 4368178.00000 N.C.
444950.00000 4368182.00000 N.C.
444950.00000 4368186.00000 N.C.
444950.00000 4368190.00000 N.C.
444950.00000 4368194.00000 -103.8360
444950.00000 4368198.00000 N.C.
444950.00000 4368202.00000 N.C.
444950.00000 4368206.00000 -117.2760
444950.00000 4368210.00000 -104.2466
444950.00000 4368214.00000 -101.8388
444950.00000 4368218.00000 N.C.
444950.00000 4368222.00000 -113.6362
444950.00000 4368226.00000 -115.3474
444950.00000 4368230.00000 -109.4572
444950.00000 4368234.00000 -109.2921
444950.00000 4368238.00000 -113.4952
444950.00000 4368242.00000 -123.5575
444950.00000 4368246.00000 -124.9241
444950.00000 4368250.00000 -124.0342
444950.00000 4368254.00000 -125.8450
444950.00000 4368258.00000 N.C.
444950.00000 4368262.00000 N.C.
444950.00000 4368266.00000 N.C.
444950.00000 4368270.00000 N.C.
444950.00000 4368274.00000 -112.4989
444950.00000 4368278.00000 N.C.
444950.00000 4368282.00000 N.C.
444950.00000 4368286.00000 -118.8741
444950.00000 4368290.00000 -110.1818
444950.00000 4368294.00000 N.C.
444950.00000 4368298.00000 N.C.
444950.00000 4368302.00000 -118.8602
444950.00000 4368306.00000 -109.4446
444950.00000 4368310.00000 -112.8078
444950.00000 4368314.00000 -118.0372
444950.00000 4368318.00000 N.C.
444950.00000 4368322.00000 N.C.
444950.00000 4368326.00000 -127.1004
444950.00000 4368330.00000 N.C.
444950.00000 4368334.00000 -143.4358
444950.00000 4368338.00000 -129.3080
444950.00000 4368342.00000 -124.1118
444950.00000 4368346.00000 -124.1184
444950.00000 4368350.00000 N.C.
444950.00000 4368354.00000 N.C.
444950.00000 4368358.00000 N.C.
444950.00000 4368362.00000 N.C.
444950.00000 4368366.00000 -136.0695
444950.00000 4368370.00000 N.C.
444950.00000 4368374.00000 N.C.
444950.00000 4368378.00000 -127.5199
444950.00000 4368382.00000 -124.0636
444950.00000 4368386.00000 -118.6914
444950.00000 4368390.00000 -120.8752
444950.00000 4368394.00000 -118.9229
444954.00000 4367886.00000 -108.4528
444954.00000 4367890.00000 -108.2619
444954.00000 4367894.00000 -108.1286
444954.00000 4367898.00000 -108.0612
444954.00000 4367902.00000 -108.0426
444954.00000 4367906.00000 -107.8464
444954.00000 4367910.00000 -107.7191
444954.00000 4367914.00000 -107.7764
444954.00000 4367918.00000 -107.6270
444954.00000 4367922.00000 -107.3585
444954.00000 4367926.00000 -107.1105
444954.00000 4367930.00000 -106.6251
444954.00000 4367934.00000 -106.7801
444954.00000 4367938.00000 -106.6345
444954.00000 4367942.00000 -105.9842
444954.00000 4367946.00000 -105.0264
444954.00000 4367950.00000 -105.8276
444954.00000 4367954.00000 -106.2446
444954.00000 4367958.00000 -106.1183
444954.00000 4367962.00000 -106.1010
444954.00000 4367966.00000 -105.9627
444954.00000 4367970.00000 -105.7871
444954.00000 4367974.00000 -105.9685
444954.00000 4367978.00000 -104.7952
444954.00000 4367982.00000 -105.8133
444954.00000 4367986.00000 -106.2221
444954.00000 4367990.00000 -106.2174
444954.00000 4367994.00000 -106.0280
444954.00000 4367998.00000 -105.7985
444954.00000 4368002.00000 -105.6492
444954.00000 4368006.00000 -105.5476
444954.00000 4368010.00000 -108.6641
444954.00000 4368014.00000 -108.5581
444954.00000 4368018.00000 -108.0896
444954.00000 4368022.00000 -110.6994
444954.00000 4368026.00000 -108.2903
444954.00000 4368030.00000 -108.2698
444954.00000 4368034.00000 -108.0090
444954.00000 4368038.00000 -114.4328
444954.00000 4368042.00000 -113.9624
444954.00000 4368046.00000 -113.8580
444954.00000 4368050.00000 -104.8095
444954.00000 4368054.00000 -104.6120
444954.00000 4368058.00000 -104.4664
444954.00000 4368062.00000 -104.7484
444954.00000 4368066.00000 -104.4952
444954.00000 4368070.00000 -111.1926
444954.00000 4368074.00000 -112.8269
444954.00000 4368078.00000 -113.1536
444954.00000 4368082.00000 -113.4149
444954.00000 4368086.00000 -118.8846
444954.00000 4368090.00000 -118.7853
444954.00000 4368094.00000 -124.6045
444954.00000 4368098.00000 -127.1813
444954.00000 4368102.00000 -131.6487
444954.00000 4368106.00000 -133.3082
444954.00000 4368110.00000 -131.4179
444954.00000 4368114.00000 -124.7254
444954.00000 4368118.00000 -124.3164
444954.00000 4368122.00000 -126.7393
444954.00000 4368126.00000 -125.6309
444954.00000 4368130.00000 -127.8185
444954.00000 4368134.00000 -131.0732
444954.00000 4368138.00000 -131.7193
444954.00000 4368142.00000 -127.9721
444954.00000 4368146.00000 -128.8763
444954.00000 4368150.00000 -124.9909
444954.00000 4368154.00000 -113.4009
444954.00000 4368158.00000 -103.8858
444954.00000 4368162.00000 N.C.
444954.00000 4368166.00000 -100.5692
444954.00000 4368170.00000 -103.7298
444954.00000 4368174.00000 -103.5751
444954.00000 4368178.00000 N.C.
444954.00000 4368182.00000 N.C.
444954.00000 4368186.00000 -124.8225
444954.00000 4368190.00000 -121.7270
444954.00000 4368194.00000 -109.2632
444954.00000 4368198.00000 N.C.
444954.00000 4368202.00000 -123.7190
444954.00000 4368206.00000 -106.4442
444954.00000 4368210.00000 -106.1047
444954.00000 4368214.00000 -101.9031
444954.00000 4368218.00000 N.C.
444954.00000 4368222.00000 N.C.
444954.00000 4368226.00000 -110.8533
444954.00000 4368230.00000 -105.0844
444954.00000 4368234.00000 -111.2334
444954.00000 4368238.00000 -121.1536
444954.00000 4368242.00000 -122.8761
444954.00000 4368246.00000 -124.9982
444954.00000 4368250.00000 -127.8803
444954.00000 4368254.00000 -125.3195
444954.00000 4368258.00000 -128.5675
444954.00000 4368262.00000 -126.1178
444954.00000 4368266.00000 -117.6107
444954.00000 4368270.00000 -113.0878
444954.00000 4368274.00000 -116.3923
444954.00000 4368278.00000 N.C.
444954.00000 4368282.00000 -123.6802
444954.00000 4368286.00000 -116.2340
444954.00000 4368290.00000 -119.8269
444954.00000 4368294.00000 N.C.
444954.00000 4368298.00000 N.C.
444954.00000 4368302.00000 -112.4392
444954.00000 4368306.00000 -109.8608
444954.00000 4368310.00000 N.C.
444954.00000 4368314.00000 N.C.
444954.00000 4368318.00000 N.C.
444954.00000 4368322.00000 -116.3977
444954.00000 4368326.00000 -127.5735
444954.00000 4368330.00000 N.C.
444954.00000 4368334.00000 N.C.
444954.00000 4368338.00000 -122.6154
444954.00000 4368342.00000 -123.8865
444954.00000 4368346.00000 -122.1213
444954.00000 4368350.00000 N.C.
444954.00000 4368354.00000 N.C.
444954.00000 4368358.00000 -156.3098
444954.00000 4368362.00000 -130.2693
444954.00000 4368366.00000 -133.1990
444954.00000 4368370.00000 N.C.
444954.00000 4368374.00000 N.C.
444954.00000 4368378.00000 -122.5687
444954.00000 4368382.00000 -119.0671
444954.00000 4368386.00000 -118.7991
444954.00000 4368390.00000 -118.4748
444954.00000 4368394.00000 -119.5984
444958.00000 4367886.00000 -108.3869
444958.00000 4367890.00000 -108.2314
444958.00000 4367894.00000 -108.0498
444958.00000 4367898.00000 -107.9551
444958.00000 4367902.00000 -107.7014
444958.00000 4367906.00000 -107.8304
444958.00000 4367910.00000 -107.6445
444958.00000 4367914.00000 -107.5613
444958.00000 4367918.00000 -107.6250
444958.00000 4367922.00000 -107.3736
444958.00000 4367926.00000 -107.1725
444958.00000 4367930.00000 -107.0069
444958.00000 4367934.00000 -106.9930
444958.00000 4367938.00000 -106.3505
444958.00000 4367942.00000 -106.1083
444958.00000 4367946.00000 -105.7834
444958.00000 4367950.00000 -104.9192
444958.00000 4367954.00000 -106.1225
444958.00000 4367958.00000 -106.0215
444958.00000 4367962.00000 -105.9082
444958.00000 4367966.00000 -105.8169
444958.00000 4367970.00000 -105.6874
444958.00000 4367974.00000 -105.6253
444958.00000 4367978.00000 -104.9871
444958.00000 4367982.00000 -105.3510
444958.00000 4367986.00000 -105.6062
444958.00000 4367990.00000 -106.0538
444958.00000 4367994.00000 -105.7709
444958.00000 4367998.00000 -105.5526
444958.00000 4368002.00000 -105.4791
444958.00000 4368006.00000 -105.4477
444958.00000 4368010.00000 -112.9767
444958.00000 4368014.00000 -108.5565
444958.00000 4368018.00000 -108.5347
444958.00000 4368022.00000 -111.6140
444958.00000 4368026.00000 -108.2668
444958.00000 4368030.00000 -108.2827
444958.00000 4368034.00000 -108.2572
444958.00000 4368038.00000 -114.5020
444958.00000 4368042.00000 -114.3854
444958.00000 4368046.00000 -114.5234
444958.00000 4368050.00000 -113.0701
444958.00000 4368054.00000 -104.2340
444958.00000 4368058.00000 -104.4333
444958.00000 4368062.00000 -104.5106
444958.00000 4368066.00000 -104.4475
444958.00000 4368070.00000 -104.4118
444958.00000 4368074.00000 -112.2839
444958.00000 4368078.00000 -113.4074
444958.00000 4368082.00000 -117.9155
444958.00000 4368086.00000 -118.7952
444958.00000 4368090.00000 -118.9182
444958.00000 4368094.00000 -123.5650
444958.00000 4368098.00000 -128.5161
444958.00000 4368102.00000 -132.0137
444958.00000 4368106.00000 -134.2083
444958.00000 4368110.00000 -131.5607
444958.00000 4368114.00000 -124.8104
444958.00000 4368118.00000 -125.2987
444958.00000 4368122.00000 -128.2471
444958.00000 4368126.00000 -126.3256
444958.00000 4368130.00000 -126.6444
444958.00000 4368134.00000 -133.5775
444958.00000 4368138.00000 -134.0705
444958.00000 4368142.00000 -129.3864
444958.00000 4368146.00000 -138.6442
444958.00000 4368150.00000 -128.0098
444958.00000 4368154.00000 -112.8497
444958.00000 4368158.00000 -103.6433
444958.00000 4368162.00000 -102.2885
444958.00000 4368166.00000 -100.7621
444958.00000 4368170.00000 -102.7943
444958.00000 4368174.00000 -100.2040
444958.00000 4368178.00000 N.C.
444958.00000 4368182.00000 N.C.
444958.00000 4368186.00000 N.C.
444958.00000 4368190.00000 N.C.
444958.00000 4368194.00000 N.C.
444958.00000 4368198.00000 N.C.
444958.00000 4368202.00000 -117.7405
444958.00000 4368206.00000 -101.8263
444958.00000 4368210.00000 -104.2704
444958.00000 4368214.00000 N.C.
444958.00000 4368218.00000 N.C.
444958.00000 4368222.00000 N.C.
444958.00000 4368226.00000 -106.0918
444958.00000 4368230.00000 -105.8839
444958.00000 4368234.00000 -110.8902
444958.00000 4368238.00000 -124.1388
444958.00000 4368242.00000 -125.1836
444958.00000 4368246.00000 -124.4068
444958.00000 4368250.00000 -129.4870
444958.00000 4368254.00000 -127.1936
444958.00000 4368258.00000 -129.0006
444958.00000 4368262.00000 N.C.
444958.00000 4368266.00000 -132.0789
444958.00000 4368270.00000 -123.6253
444958.00000 4368274.00000 N.C.
444958.00000 4368278.00000 N.C.
444958.00000 4368282.00000 -123.1231
444958.00000 4368286.00000 -115.7332
444958.00000 4368290.00000 N.C.
444958.00000 4368294.00000 N.C.
444958.00000 4368298.00000 -125.9567
444958.00000 4368302.00000 -111.7510
444958.00000 4368306.00000 -107.0138
444958.00000 4368310.00000 N.C.
444958.00000 4368314.00000 -124.0669
444958.00000 4368318.00000 N.C.
444958.00000 4368322.00000 N.C.
444958.00000 4368326.00000 N.C.
444958.00000 4368330.00000 -145.4336
444958.00000 4368334.00000 -124.7503
444958.00000 4368338.00000 -125.0373
444958.00000 4368342.00000 -123.6946
444958.00000 4368346.00000 -122.7045
444958.00000 4368350.00000 N.C.
444958.00000 4368354.00000 N.C.
444958.00000 4368358.00000 N.C.
444958.00000 4368362.00000 N.C.
444958.00000 4368366.00000 -117.6991
444958.00000 4368370.00000 N.C.
444958.00000 4368374.00000 -131.5503
444958.00000 4368378.00000 -124.9776
444958.00000 4368382.00000 -119.4450
444958.00000 4368386.00000 -119.1391
444958.00000 4368390.00000 -120.0407
444958.00000 4368394.00000 -124.4986
444962.00000 4367886.00000 -108.2381
444962.00000 4367890.00000 -108.1173
444962.00000 4367894.00000 -108.1999
444962.00000 4367898.00000 -108.0198
444962.00000 4367902.00000 -107.7028
444962.00000 4367906.00000 -107.5210
444962.00000 4367910.00000 -107.5217
444962.00000 4367914.00000 -107.3952
444962.00000 4367918.00000 -107.2969
444962.00000 4367922.00000 -107.3381
444962.00000 4367926.00000 -107.1929
444962.00000 4367930.00000 -107.0145
444962.00000 4367934.00000 -106.8561
444962.00000 4367938.00000 -106.2600
444962.00000 4367942.00000 -106.4590
444962.00000 4367946.00000 -105.8047
444962.00000 4367950.00000 -105.5368
444962.00000 4367954.00000 -105.0305
444962.00000 4367958.00000 -105.9409
444962.00000 4367962.00000 -105.8126
444962.00000 4367966.00000 -105.6874
444962.00000 4367970.00000 -105.6289
444962.00000 4367974.00000 -105.4951
444962.00000 4367978.00000 -105.4825
444962.00000 4367982.00000 -104.6887
444962.00000 4367986.00000 -105.4735
444962.00000 4367990.00000 -105.4095
444962.00000 4367994.00000 -105.6790
444962.00000 4367998.00000 -105.5909
444962.00000 4368002.00000 -105.3851
444962.00000 4368006.00000 -105.2426
444962.00000 4368010.00000 -112.8536
444962.00000 4368014.00000 -108.6021
444962.00000 4368018.00000 -108.4334
444962.00000 4368022.00000 -111.5650
444962.00000 4368026.00000 -110.3675
444962.00000 4368030.00000 -108.0431
444962.00000 4368034.00000 -108.1243
444962.00000 4368038.00000 -108.0125
444962.00000 4368042.00000 -115.4838
444962.00000 4368046.00000 -114.9949
444962.00000 4368050.00000 -114.3120
444962.00000 4368054.00000 -104.0142
444962.00000 4368058.00000 -103.9803
444962.00000 4368062.00000 -104.0895
444962.00000 4368066.00000 -104.1046
444962.00000 4368070.00000 -104.1252
444962.00000 4368074.00000 -111.3257
444962.00000 4368078.00000 -116.7206
444962.00000 4368082.00000 -118.5794
444962.00000 4368086.00000 -117.9441
444962.00000 4368090.00000 -119.0505
444962.00000 4368094.00000 -123.6217
444962.00000 4368098.00000 -130.8459
444962.00000 4368102.00000 -129.8899
444962.00000 4368106.00000 -134.5922
444962.00000 4368110.00000 -137.3520
444962.00000 4368114.00000 -123.8292
444962.00000 4368118.00000 -127.1557
444962.00000 4368122.00000 -128.6577
444962.00000 4368126.00000 -126.8753
444962.00000 4368130.00000 -131.0565
444962.00000 4368134.00000 -135.0002
444962.00000 4368138.00000 -138.3339
444962.00000 4368142.00000 -133.0643
444962.00000 4368146.00000 N.C.
444962.00000 4368150.00000 -134.9379
444962.00000 4368154.00000 -111.0611
444962.00000 4368158.00000 -103.2611
444962.00000 4368162.00000 -103.2881
444962.00000 4368166.00000 -103.1941
444962.00000 4368170.00000 -102.8772
444962.00000 4368174.00000 -100.6514
444962.00000 4368178.00000 -100.5815
444962.00000 4368182.00000 N.C.
444962.00000 4368186.00000 N.C.
444962.00000 4368190.00000 N.C.
444962.00000 4368194.00000 N.C.
444962.00000 4368198.00000 N.C.
444962.00000 4368202.00000 -117.2955
444962.00000 4368206.00000 -105.9334
444962.00000 4368210.00000 -104.4165
444962.00000 4368214.00000 -118.0985
444962.00000 4368218.00000 -119.1211
444962.00000 4368222.00000 -114.3049
444962.00000 4368226.00000 -106.0360
444962.00000 4368230.00000 -107.0399
444962.00000 4368234.00000 -117.2811
444962.00000 4368238.00000 -122.9328
444962.00000 4368242.00000 -126.2848
444962.00000 4368246.00000 -131.3571
444962.00000 4368250.00000 -128.0678
444962.00000 4368254.00000 -128.1913
444962.00000 4368258.00000 -138.6934
444962.00000 4368262.00000 N.C.
444962.00000 4368266.00000 N.C.
444962.00000 4368270.00000 N.C.
444962.00000 4368274.00000 N.C.
444962.00000 4368278.00000 N.C.
444962.00000 4368282.00000 -114.3247
444962.00000 4368286.00000 -111.5717
444962.00000 4368290.00000 N.C.
444962.00000 4368294.00000 N.C.
444962.00000 4368298.00000 -116.2228
444962.00000 4368302.00000 -114.6239
444962.00000 4368306.00000 -106.5789
444962.00000 4368310.00000 N.C.
444962.00000 4368314.00000 N.C.
444962.00000 4368318.00000 N.C.
444962.00000 4368322.00000 N.C.
444962.00000 4368326.00000 N.C.
444962.00000 4368330.00000 N.C.
444962.00000 4368334.00000 -122.4571
444962.00000 4368338.00000 -122.0363
444962.00000 4368342.00000 -123.3077
444962.00000 4368346.00000 N.C.
444962.00000 4368350.00000 N.C.
444962.00000 4368354.00000 N.C.
444962.00000 4368358.00000 -130.5933
444962.00000 4368362.00000 -118.8714
444962.00000 4368366.00000 N.C.
444962.00000 4368370.00000 N.C.
444962.00000 4368374.00000 -130.5738
444962.00000 4368378.00000 -122.7367
444962.00000 4368382.00000 -119.2461
444962.00000 4368386.00000 -121.0022
444962.00000 4368390.00000 -130.2959
444962.00000 4368394.00000 -132.6501
444966.00000 4367886.00000 -107.8160
444966.00000 4367890.00000 -107.7941
444966.00000 4367894.00000 -107.9976
444966.00000 4367898.00000 -107.9957
444966.00000 4367902.00000 -107.7503
444966.00000 4367906.00000 -107.5436
444966.00000 4367910.00000 -107.3081
444966.00000 4367914.00000 -107.2478
444966.00000 4367918.00000 -107.1687
444966.00000 4367922.00000 -107.0372
444966.00000 4367926.00000 -107.0486
444966.00000 4367930.00000 -106.9985
444966.00000 4367934.00000 -106.7788
444966.00000 4367938.00000 -105.5993
444966.00000 4367942.00000 -106.0447
444966.00000 4367946.00000 -106.0870
444966.00000 4367950.00000 -104.3548
444966.00000 4367954.00000 -104.3464
444966.00000 4367958.00000 -104.5633
444966.00000 4367962.00000 -104.9392
444966.00000 4367966.00000 -105.6149
444966.00000 4367970.00000 -105.4994
444966.00000 4367974.00000 -105.4153
444966.00000 4367978.00000 -105.1272
444966.00000 4367982.00000 -105.5694
444966.00000 4367986.00000 -104.3067
444966.00000 4367990.00000 -105.2350
444966.00000 4367994.00000 -105.5528
444966.00000 4367998.00000 -105.4636
444966.00000 4368002.00000 -105.3704
444966.00000 4368006.00000 -112.8928
444966.00000 4368010.00000 -112.5810
444966.00000 4368014.00000 -112.9014
444966.00000 4368018.00000 -113.4370
444966.00000 4368022.00000 -112.9577
444966.00000 4368026.00000 -110.4711
444966.00000 4368030.00000 -107.4465
444966.00000 4368034.00000 -107.9855
444966.00000 4368038.00000 -107.9593
444966.00000 4368042.00000 -115.0248
444966.00000 4368046.00000 -114.6032
444966.00000 4368050.00000 -115.0988
444966.00000 4368054.00000 -103.6314
444966.00000 4368058.00000 -103.6335
444966.00000 4368062.00000 -103.9285
444966.00000 4368066.00000 -103.8555
444966.00000 4368070.00000 -103.9615
444966.00000 4368074.00000 -112.0474
444966.00000 4368078.00000 -116.6217
444966.00000 4368082.00000 -118.4558
444966.00000 4368086.00000 -117.8517
444966.00000 4368090.00000 -120.2239
444966.00000 4368094.00000 -124.0014
444966.00000 4368098.00000 -130.8103
444966.00000 4368102.00000 -130.9711
444966.00000 4368106.00000 -137.6829
444966.00000 4368110.00000 -146.4380
444966.00000 4368114.00000 -125.0473
444966.00000 4368118.00000 -127.9566
444966.00000 4368122.00000 -129.2444
444966.00000 4368126.00000 -129.4203
444966.00000 4368130.00000 -132.4118
444966.00000 4368134.00000 -143.9024
444966.00000 4368138.00000 -141.4181
444966.00000 4368142.00000 -157.4940
444966.00000 4368146.00000 N.C.
444966.00000 4368150.00000 N.C.
444966.00000 4368154.00000 -110.1481
444966.00000 4368158.00000 -102.6179
444966.00000 4368162.00000 -100.3437
444966.00000 4368166.00000 -102.6867
444966.00000 4368170.00000 -102.5270
444966.00000 4368174.00000 -100.0282
444966.00000 4368178.00000 -100.5301
444966.00000 4368182.00000 -109.2623
444966.00000 4368186.00000 -112.1834
444966.00000 4368190.00000 -102.4158
444966.00000 4368194.00000 -109.8331
444966.00000 4368198.00000 -119.2854
444966.00000 4368202.00000 -115.4196
444966.00000 4368206.00000 -109.2912
444966.00000 4368210.00000 -109.5437
444966.00000 4368214.00000 N.C.
444966.00000 4368218.00000 -112.6213
444966.00000 4368222.00000 -112.3038
444966.00000 4368226.00000 -105.9370
444966.00000 4368230.00000 -113.1694
444966.00000 4368234.00000 -121.4218
444966.00000 4368238.00000 -126.1293
444966.00000 4368242.00000 -126.9772
444966.00000 4368246.00000 -131.0048
444966.00000 4368250.00000 -128.9991
444966.00000 4368254.00000 -129.2768
444966.00000 4368258.00000 N.C.
444966.00000 4368262.00000 N.C.
444966.00000 4368266.00000 N.C.
444966.00000 4368270.00000 -107.0134
444966.00000 4368274.00000 N.C.
444966.00000 4368278.00000 N.C.
444966.00000 4368282.00000 -115.5710
444966.00000 4368286.00000 -107.7100
444966.00000 4368290.00000 -107.3575
444966.00000 4368294.00000 -111.5152
444966.00000 4368298.00000 -116.2890
444966.00000 4368302.00000 -111.8336
444966.00000 4368306.00000 N.C.
444966.00000 4368310.00000 N.C.
444966.00000 4368314.00000 N.C.
444966.00000 4368318.00000 N.C.
444966.00000 4368322.00000 N.C.
444966.00000 4368326.00000 -149.5279
444966.00000 4368330.00000 N.C.
444966.00000 4368334.00000 -126.2105
444966.00000 4368338.00000 -123.1725
444966.00000 4368342.00000 -121.8122
444966.00000 4368346.00000 N.C.
444966.00000 4368350.00000 N.C.
444966.00000 4368354.00000 N.C.
444966.00000 4368358.00000 N.C.
444966.00000 4368362.00000 -132.7257
444966.00000 4368366.00000 N.C.
444966.00000 4368370.00000 N.C.
444966.00000 4368374.00000 -125.2811
444966.00000 4368378.00000 -120.7830
444966.00000 4368382.00000 -121.0715
444966.00000 4368386.00000 -139.3181
444966.00000 4368390.00000 -137.6117
444966.00000 4368394.00000 -139.8978
444970.00000 4367886.00000 -107.8534
444970.00000 4367890.00000 -107.6495
444970.00000 4367894.00000 -108.0104
444970.00000 4367898.00000 -107.7943
444970.00000 4367902.00000 -107.7677
444970.00000 4367906.00000 -107.5289
444970.00000 4367910.00000 -107.3698
444970.00000 4367914.00000 -107.2150
444970.00000 4367918.00000 -107.0575
444970.00000 4367922.00000 -106.8886
444970.00000 4367926.00000 -106.7308
444970.00000 4367930.00000 -106.9125
444970.00000 4367934.00000 -106.6159
444970.00000 4367938.00000 -106.5054
444970.00000 4367942.00000 -106.3283
444970.00000 4367946.00000 -105.8689
444970.00000 4367950.00000 -105.7584
444970.00000 4367954.00000 -104.0545
444970.00000 4367958.00000 -104.1075
444970.00000 4367962.00000 -104.3660
444970.00000 4367966.00000 -104.7156
444970.00000 4367970.00000 -105.2207
444970.00000 4367974.00000 -105.1646
444970.00000 4367978.00000 -105.0349
444970.00000 4367982.00000 -104.9514
444970.00000 4367986.00000 -105.3677
444970.00000 4367990.00000 -104.7029
444970.00000 4367994.00000 -104.8248
444970.00000 4367998.00000 -105.2545
444970.00000 4368002.00000 -105.2331
444970.00000 4368006.00000 -113.4346
444970.00000 4368010.00000 -113.0914
444970.00000 4368014.00000 -112.6775
444970.00000 4368018.00000 -111.3443
444970.00000 4368022.00000 -112.8277
444970.00000 4368026.00000 -107.3002
444970.00000 4368030.00000 -105.3115
444970.00000 4368034.00000 -107.9014
444970.00000 4368038.00000 -107.9230
444970.00000 4368042.00000 -114.9890
444970.00000 4368046.00000 -115.1949
444970.00000 4368050.00000 -112.4313
444970.00000 4368054.00000 -110.5803
444970.00000 4368058.00000 -103.4069
444970.00000 4368062.00000 -103.6854
444970.00000 4368066.00000 -107.3544
444970.00000 4368070.00000 -108.1859
444970.00000 4368074.00000 -103.1595
444970.00000 4368078.00000 -115.9669
444970.00000 4368082.00000 -118.1992
444970.00000 4368086.00000 -118.8033
444970.00000 4368090.00000 -119.9897
444970.00000 4368094.00000 -128.0242
444970.00000 4368098.00000 -129.7446
444970.00000 4368102.00000 -131.9096
444970.00000 4368106.00000 -151.5799
444970.00000 4368110.00000 N.C.
444970.00000 4368114.00000 -124.7890
444970.00000 4368118.00000 -128.9428
444970.00000 4368122.00000 -130.1068
444970.00000 4368126.00000 -135.0611
444970.00000 4368130.00000 -135.5761
444970.00000 4368134.00000 N.C.
444970.00000 4368138.00000 N.C.
444970.00000 4368142.00000 -134.6964
444970.00000 4368146.00000 N.C.
444970.00000 4368150.00000 N.C.
444970.00000 4368154.00000 -108.5954
444970.00000 4368158.00000 -102.5222
444970.00000 4368162.00000 -101.6145
444970.00000 4368166.00000 -102.4948
444970.00000 4368170.00000 -102.9039
444970.00000 4368174.00000 -100.4171
444970.00000 4368178.00000 -100.4720
444970.00000 4368182.00000 -120.5227
444970.00000 4368186.00000 -118.3522
444970.00000 4368190.00000 -108.7079
444970.00000 4368194.00000 -127.1705
444970.00000 4368198.00000 -119.0184
444970.00000 4368202.00000 -107.3318
444970.00000 4368206.00000 -116.4023
444970.00000 4368210.00000 -106.0474
444970.00000 4368214.00000 N.C.
444970.00000 4368218.00000 N.C.
444970.00000 4368222.00000 -106.2637
444970.00000 4368226.00000 -105.9053
444970.00000 4368230.00000 -121.9256
444970.00000 4368234.00000 -121.4734
444970.00000 4368238.00000 -114.9239
444970.00000 4368242.00000 -132.2583
444970.00000 4368246.00000 -136.8909
444970.00000 4368250.00000 -132.4877
444970.00000 4368254.00000 -129.2165
444970.00000 4368258.00000 N.C.
444970.00000 4368262.00000 N.C.
444970.00000 4368266.00000 N.C.
444970.00000 4368270.00000 N.C.
444970.00000 4368274.00000 N.C.
444970.00000 4368278.00000 -111.5006
444970.00000 4368282.00000 -111.7647
444970.00000 4368286.00000 -109.2049
444970.00000 4368290.00000 -108.1302
444970.00000 4368294.00000 -115.6238
444970.00000 4368298.00000 -112.5789
444970.00000 4368302.00000 -111.0277
444970.00000 4368306.00000 N.C.
444970.00000 4368310.00000 -131.9661
444970.00000 4368314.00000 N.C.
444970.00000 4368318.00000 N.C.
444970.00000 4368322.00000 N.C.
444970.00000 4368326.00000 N.C.
444970.00000 4368330.00000 -129.1671
444970.00000 4368334.00000 -125.2074
444970.00000 4368338.00000 -123.1356
444970.00000 4368342.00000 -120.6173
444970.00000 4368346.00000 N.C.
444970.00000 4368350.00000 N.C.
444970.00000 4368354.00000 N.C.
444970.00000 4368358.00000 N.C.
444970.00000 4368362.00000 -129.5087
444970.00000 4368366.00000 N.C.
444970.00000 4368370.00000 -137.3433
444970.00000 4368374.00000 -123.2843
444970.00000 4368378.00000 -120.8917
444970.00000 4368382.00000 -123.3822
444970.00000 4368386.00000 -164.9282
444970.00000 4368390.00000 -159.9174
444970.00000 4368394.00000 -147.7605
444974.00000 4367886.00000 -107.9987
444974.00000 4367890.00000 -107.9046
444974.00000 4367894.00000 -107.2979
444974.00000 4367898.00000 -107.5326
444974.00000 4367902.00000 -107.6501
444974.00000 4367906.00000 -107.5596
444974.00000 4367910.00000 -107.4054
444974.00000 4367914.00000 -107.1871
444974.00000 4367918.00000 -106.9158
444974.00000 4367922.00000 -106.8819
444974.00000 4367926.00000 -106.7370
444974.00000 4367930.00000 -106.5798
444974.00000 4367934.00000 -106.6563
444974.00000 4367938.00000 -106.4318
444974.00000 4367942.00000 -106.3412
444974.00000 4367946.00000 -106.1169
444974.00000 4367950.00000 -105.6896
444974.00000 4367954.00000 -105.7427
444974.00000 4367958.00000 -104.0247
444974.00000 4367962.00000 -103.4736
444974.00000 4367966.00000 -103.4774
444974.00000 4367970.00000 -105.0774
444974.00000 4367974.00000 -105.0023
444974.00000 4367978.00000 -104.9639
444974.00000 4367982.00000 -104.7861
444974.00000 4367986.00000 -104.8942
444974.00000 4367990.00000 -104.3752
444974.00000 4367994.00000 -103.6722
444974.00000 4367998.00000 -104.6413
444974.00000 4368002.00000 -105.0827
444974.00000 4368006.00000 -113.4542
444974.00000 4368010.00000 -113.0385
444974.00000 4368014.00000 -112.7471
444974.00000 4368018.00000 -108.0285
444974.00000 4368022.00000 -113.4433
444974.00000 4368026.00000 -112.6924
444974.00000 4368030.00000 -107.1396
444974.00000 4368034.00000 -113.1681
444974.00000 4368038.00000 -112.9125
444974.00000 4368042.00000 -107.7442
444974.00000 4368046.00000 -113.0228
444974.00000 4368050.00000 -112.8408
444974.00000 4368054.00000 -113.0831
444974.00000 4368058.00000 -103.4208
444974.00000 4368062.00000 -103.4778
444974.00000 4368066.00000 -107.7807
444974.00000 4368070.00000 -108.3427
444974.00000 4368074.00000 -108.8202
444974.00000 4368078.00000 -108.7104
444974.00000 4368082.00000 -118.1163
444974.00000 4368086.00000 -119.2784
444974.00000 4368090.00000 -119.8660
444974.00000 4368094.00000 -130.0606
444974.00000 4368098.00000 -130.3090
444974.00000 4368102.00000 -131.4334
444974.00000 4368106.00000 N.C.
444974.00000 4368110.00000 N.C.
444974.00000 4368114.00000 -128.4940
444974.00000 4368118.00000 -129.9893
444974.00000 4368122.00000 -130.5702
444974.00000 4368126.00000 -135.2527
444974.00000 4368130.00000 N.C.
444974.00000 4368134.00000 N.C.
444974.00000 4368138.00000 N.C.
444974.00000 4368142.00000 N.C.
444974.00000 4368146.00000 N.C.
444974.00000 4368150.00000 -112.5383
444974.00000 4368154.00000 -108.5180
444974.00000 4368158.00000 -103.1171
444974.00000 4368162.00000 -101.4583
444974.00000 4368166.00000 -102.1868
444974.00000 4368170.00000 -99.8045
444974.00000 4368174.00000 -100.2432
444974.00000 4368178.00000 -106.3007
444974.00000 4368182.00000 N.C.
444974.00000 4368186.00000 -100.3798
444974.00000 4368190.00000 N.C.
444974.00000 4368194.00000 -126.5992
444974.00000 4368198.00000 -131.1412
444974.00000 4368202.00000 -110.5305
444974.00000 4368206.00000 -119.2196
444974.00000 4368210.00000 -105.9595
444974.00000 4368214.00000 -108.4877
444974.00000 4368218.00000 -108.5308
444974.00000 4368222.00000 -108.4743
444974.00000 4368226.00000 -114.7915
444974.00000 4368230.00000 -122.2959
444974.00000 4368234.00000 -122.5028
444974.00000 4368238.00000 -120.5577
444974.00000 4368242.00000 N.C.
444974.00000 4368246.00000 N.C.
444974.00000 4368250.00000 N.C.
444974.00000 4368254.00000 -128.6947
444974.00000 4368258.00000 N.C.
444974.00000 4368262.00000 N.C.
444974.00000 4368266.00000 -110.2598
444974.00000 4368270.00000 N.C.
444974.00000 4368274.00000 N.C.
444974.00000 4368278.00000 -109.8393
444974.00000 4368282.00000 -109.7535
444974.00000 4368286.00000 -112.4519
444974.00000 4368290.00000 -117.8071
444974.00000 4368294.00000 -112.8861
444974.00000 4368298.00000 -110.8230
444974.00000 4368302.00000 -114.0982
444974.00000 4368306.00000 -112.7162
444974.00000 4368310.00000 -112.6993
444974.00000 4368314.00000 -118.8346
444974.00000 4368318.00000 -140.0657
444974.00000 4368322.00000 -140.0603
444974.00000 4368326.00000 N.C.
444974.00000 4368330.00000 -122.6629
444974.00000 4368334.00000 -124.3780
444974.00000 4368338.00000 -120.7383
444974.00000 4368342.00000 -110.0569
444974.00000 4368346.00000 -110.3662
444974.00000 4368350.00000 N.C.
444974.00000 4368354.00000 N.C.
444974.00000 4368358.00000 N.C.
444974.00000 4368362.00000 N.C.
444974.00000 4368366.00000 N.C.
444974.00000 4368370.00000 -134.4901
444974.00000 4368374.00000 -120.7770
444974.00000 4368378.00000 -124.3804
444974.00000 4368382.00000 N.C.
444974.00000 4368386.00000 -165.2219
444974.00000 4368390.00000 -159.6894
444974.00000 4368394.00000 -148.7972
444978.00000 4367886.00000 -108.0189
444978.00000 4367890.00000 -107.7016
444978.00000 4367894.00000 -107.7000
444978.00000 4367898.00000 -107.0736
444978.00000 4367902.00000 -107.1411
444978.00000 4367906.00000 -107.4572
444978.00000 4367910.00000 -107.4074
444978.00000 4367914.00000 -107.2185
444978.00000 4367918.00000 -106.8264
444978.00000 4367922.00000 -106.7704
444978.00000 4367926.00000 -106.6827
444978.00000 4367930.00000 -106.5373
444978.00000 4367934.00000 -106.3608
444978.00000 4367938.00000 -106.3531
444978.00000 4367942.00000 -106.2633
444978.00000 4367946.00000 -105.9702
444978.00000 4367950.00000 -104.8774
444978.00000 4367954.00000 -105.1510
444978.00000 4367958.00000 -105.1534
444978.00000 4367962.00000 -103.1449
444978.00000 4367966.00000 -103.1581
444978.00000 4367970.00000 -104.7024
444978.00000 4367974.00000 -104.9167
444978.00000 4367978.00000 -104.8598
444978.00000 4367982.00000 -104.7656
444978.00000 4367986.00000 -104.5685
444978.00000 4367990.00000 -104.9216
444978.00000 4367994.00000 -102.8981
444978.00000 4367998.00000 -104.4889
444978.00000 4368002.00000 -104.9575
444978.00000 4368006.00000 -113.3964
444978.00000 4368010.00000 -113.3977
444978.00000 4368014.00000 -112.8356
444978.00000 4368018.00000 -108.0019
444978.00000 4368022.00000 -107.3502
444978.00000 4368026.00000 -112.8212
444978.00000 4368030.00000 -112.7967
444978.00000 4368034.00000 -104.6778
444978.00000 4368038.00000 -112.9677
444978.00000 4368042.00000 -111.3578
444978.00000 4368046.00000 -113.1328
444978.00000 4368050.00000 -112.9354
444978.00000 4368054.00000 -113.3266
444978.00000 4368058.00000 -111.3472
444978.00000 4368062.00000 -103.4452
444978.00000 4368066.00000 -108.1311
444978.00000 4368070.00000 -105.7338
444978.00000 4368074.00000 -108.5990
444978.00000 4368078.00000 -108.7201
444978.00000 4368082.00000 -117.5189
444978.00000 4368086.00000 -118.7466
444978.00000 4368090.00000 -119.6489
444978.00000 4368094.00000 -129.7134
444978.00000 4368098.00000 -130.0141
444978.00000 4368102.00000 -131.0906
444978.00000 4368106.00000 N.C.
444978.00000 4368110.00000 -128.8289
444978.00000 4368114.00000 -131.7016
444978.00000 4368118.00000 -130.4356
444978.00000 4368122.00000 -132.4098
444978.00000 4368126.00000 -134.4376
444978.00000 4368130.00000 N.C.
444978.00000 4368134.00000 N.C.
444978.00000 4368138.00000 -140.5024
444978.00000 4368142.00000 -134.8401
444978.00000 4368146.00000 N.C.
444978.00000 4368150.00000 -111.2102
444978.00000 4368154.00000 -108.3720
444978.00000 4368158.00000 -104.5773
444978.00000 4368162.00000 -101.3538
444978.00000 4368166.00000 -99.6453
444978.00000 4368170.00000 -99.5598
444978.00000 4368174.00000 -99.9575
444978.00000 4368178.00000 N.C.
444978.00000 4368182.00000 N.C.
444978.00000 4368186.00000 -101.8158
444978.00000 4368190.00000 N.C.
444978.00000 4368194.00000 N.C.
444978.00000 4368198.00000 N.C.
444978.00000 4368202.00000 N.C.
444978.00000 4368206.00000 -124.0004
444978.00000 4368210.00000 -108.7972
444978.00000 4368214.00000 -107.2948
444978.00000 4368218.00000 -107.7557
444978.00000 4368222.00000 -107.3683
444978.00000 4368226.00000 -123.3275
444978.00000 4368230.00000 -122.2911
444978.00000 4368234.00000 -123.9802
444978.00000 4368238.00000 -125.1483
444978.00000 4368242.00000 N.C.
444978.00000 4368246.00000 -129.9676
444978.00000 4368250.00000 N.C.
444978.00000 4368254.00000 N.C.
444978.00000 4368258.00000 N.C.
444978.00000 4368262.00000 -108.8495
444978.00000 4368266.00000 -113.3270
444978.00000 4368270.00000 -113.6592
444978.00000 4368274.00000 N.C.
444978.00000 4368278.00000 -106.1983
444978.00000 4368282.00000 -121.3608
444978.00000 4368286.00000 -126.3382
444978.00000 4368290.00000 -125.3652
444978.00000 4368294.00000 -113.7878
444978.00000 4368298.00000 -112.3453
444978.00000 4368302.00000 -114.2014
444978.00000 4368306.00000 -113.6945
444978.00000 4368310.00000 -117.1296
444978.00000 4368314.00000 -119.5902
444978.00000 4368318.00000 N.C.
444978.00000 4368322.00000 N.C.
444978.00000 4368326.00000 N.C.
444978.00000 4368330.00000 -124.0549
444978.00000 4368334.00000 -121.7703
444978.00000 4368338.00000 -114.2654
444978.00000 4368342.00000 -110.1554
444978.00000 4368346.00000 -110.7740
444978.00000 4368350.00000 N.C.
444978.00000 4368354.00000 N.C.
444978.00000 4368358.00000 N.C.
444978.00000 4368362.00000 -123.6022
444978.00000 4368366.00000 N.C.
444978.00000 4368370.00000 -124.4065
444978.00000 4368374.00000 -126.9278
444978.00000 4368378.00000 -118.8641
444978.00000 4368382.00000 N.C.
444978.00000 4368386.00000 -155.0290
444978.00000 4368390.00000 -143.4528
444978.00000 4368394.00000 -143.2780
444982.00000 4367886.00000 -108.0633
444982.00000 4367890.00000 -107.8128
444982.00000 4367894.00000 -107.5403
444982.00000 4367898.00000 -107.5025
444982.00000 4367902.00000 -106.8918
444982.00000 4367906.00000 -106.9415
444982.00000 4367910.00000 -107.2350
444982.00000 4367914.00000 -107.2221
444982.00000 4367918.00000 -107.0293
444982.00000 4367922.00000 -106.7272
444982.00000 4367926.00000 -106.5982
444982.00000 4367930.00000 -106.4158
444982.00000 4367934.00000 -106.2969
444982.00000 4367938.00000 -106.1341
444982.00000 4367942.00000 -106.1225
444982.00000 4367946.00000 -105.9687
444982.00000 4367950.00000 -106.0331
444982.00000 4367954.00000 -103.9964
444982.00000 4367958.00000 -104.7083
444982.00000 4367962.00000 -104.8266
444982.00000 4367966.00000 -106.4968
444982.00000 4367970.00000 -104.0722
444982.00000 4367974.00000 -106.8483
444982.00000 4367978.00000 -110.3614
444982.00000 4367982.00000 -104.6420
444982.00000 4367986.00000 -104.4833
444982.00000 4367990.00000 -104.3980
444982.00000 4367994.00000 -104.7797
444982.00000 4367998.00000 -102.7448
444982.00000 4368002.00000 -104.3163
444982.00000 4368006.00000 -112.7230
444982.00000 4368010.00000 -113.1649
444982.00000 4368014.00000 -113.1113
444982.00000 4368018.00000 -107.9739
444982.00000 4368022.00000 -107.8525
444982.00000 4368026.00000 -107.1754
444982.00000 4368030.00000 -112.4915
444982.00000 4368034.00000 -106.8399
444982.00000 4368038.00000 -111.5309
444982.00000 4368042.00000 -111.4595
444982.00000 4368046.00000 -111.4221
444982.00000 4368050.00000 -113.2362
444982.00000 4368054.00000 -113.2393
444982.00000 4368058.00000 -113.4016
444982.00000 4368062.00000 -103.5489
444982.00000 4368066.00000 -107.9691
444982.00000 4368070.00000 -107.0468
444982.00000 4368074.00000 -113.9110
444982.00000 4368078.00000 -114.2658
444982.00000 4368082.00000 -116.8326
444982.00000 4368086.00000 -118.6617
444982.00000 4368090.00000 -119.0414
444982.00000 4368094.00000 -128.4977
444982.00000 4368098.00000 -130.6579
444982.00000 4368102.00000 -131.3165
444982.00000 4368106.00000 -136.9729
444982.00000 4368110.00000 -125.6424
444982.00000 4368114.00000 -134.5582
444982.00000 4368118.00000 -132.4628
444982.00000 4368122.00000 -134.6712
444982.00000 4368126.00000 -136.7309
444982.00000 4368130.00000 N.C.
444982.00000 4368134.00000 N.C.
444982.00000 4368138.00000 -141.7595
444982.00000 4368142.00000 N.C.
444982.00000 4368146.00000 N.C.
444982.00000 4368150.00000 -113.4936
444982.00000 4368154.00000 N.C.
444982.00000 4368158.00000 N.C.
444982.00000 4368162.00000 -101.4244
444982.00000 4368166.00000 -101.7988
444982.00000 4368170.00000 -99.3740
444982.00000 4368174.00000 -99.8470
444982.00000 4368178.00000 N.C.
444982.00000 4368182.00000 N.C.
444982.00000 4368186.00000 -102.1697
444982.00000 4368190.00000 N.C.
444982.00000 4368194.00000 N.C.
444982.00000 4368198.00000 -114.2262
444982.00000 4368202.00000 N.C.
444982.00000 4368206.00000 N.C.
444982.00000 4368210.00000 -109.6688
444982.00000 4368214.00000 -107.3349
444982.00000 4368218.00000 -106.4314
444982.00000 4368222.00000 -116.1532
444982.00000 4368226.00000 -128.0701
444982.00000 4368230.00000 -123.3878
444982.00000 4368234.00000 -123.2441
444982.00000 4368238.00000 -128.0065
444982.00000 4368242.00000 -127.9054
444982.00000 4368246.00000 -128.9162
444982.00000 4368250.00000 -121.6679
444982.00000 4368254.00000 -124.2016
444982.00000 4368258.00000 -110.6928
444982.00000 4368262.00000 -116.7719
444982.00000 4368266.00000 -112.9847
444982.00000 4368270.00000 -113.2218
444982.00000 4368274.00000 -111.0190
444982.00000 4368278.00000 -106.9879
444982.00000 4368282.00000 N.C.
444982.00000 4368286.00000 N.C.
444982.00000 4368290.00000 -119.7640
444982.00000 4368294.00000 -112.2732
444982.00000 4368298.00000 -113.9481
444982.00000 4368302.00000 -113.5376
444982.00000 4368306.00000 -117.0762
444982.00000 4368310.00000 -120.8907
444982.00000 4368314.00000 N.C.
444982.00000 4368318.00000 N.C.
444982.00000 4368322.00000 N.C.
444982.00000 4368326.00000 -121.4777
444982.00000 4368330.00000 -124.3895
444982.00000 4368334.00000 -109.7535
444982.00000 4368338.00000 -110.1510
444982.00000 4368342.00000 -110.2199
444982.00000 4368346.00000 N.C.
444982.00000 4368350.00000 N.C.
444982.00000 4368354.00000 N.C.
444982.00000 4368358.00000 -137.6395
444982.00000 4368362.00000 -134.3953
444982.00000 4368366.00000 -135.0156
444982.00000 4368370.00000 -126.1149
444982.00000 4368374.00000 -130.0277
444982.00000 4368378.00000 -127.1573
444982.00000 4368382.00000 N.C.
444982.00000 4368386.00000 -144.4598
444982.00000 4368390.00000 -147.2230
444982.00000 4368394.00000 -141.3424
444986.00000 4367886.00000 -107.9792
444986.00000 4367890.00000 -107.8743
444986.00000 4367894.00000 -107.5788
444986.00000 4367898.00000 -107.3015
444986.00000 4367902.00000 -107.2497
444986.00000 4367906.00000 -106.6030
444986.00000 4367910.00000 -106.6502
444986.00000 4367914.00000 -106.9490
444986.00000 4367918.00000 -106.8535
444986.00000 4367922.00000 -106.7464
444986.00000 4367926.00000 -106.5107
444986.00000 4367930.00000 -106.3786
444986.00000 4367934.00000 -106.3405
444986.00000 4367938.00000 -106.0850
444986.00000 4367942.00000 -105.9586
444986.00000 4367946.00000 -105.9300
444986.00000 4367950.00000 -105.8378
444986.00000 4367954.00000 -105.7326
444986.00000 4367958.00000 -103.7973
444986.00000 4367962.00000 -104.5436
444986.00000 4367966.00000 -104.6207
444986.00000 4367970.00000 -106.3241
444986.00000 4367974.00000 -103.2861
444986.00000 4367978.00000 -105.2086
444986.00000 4367982.00000 -107.2930
444986.00000 4367986.00000 -110.1102
444986.00000 4367990.00000 -109.8661
444986.00000 4367994.00000 -109.7424
444986.00000 4367998.00000 -104.5269
444986.00000 4368002.00000 -105.7139
444986.00000 4368006.00000 -110.4695
444986.00000 4368010.00000 -112.5945
444986.00000 4368014.00000 -113.2177
444986.00000 4368018.00000 -107.9411
444986.00000 4368022.00000 -107.7500
444986.00000 4368026.00000 -107.1202
444986.00000 4368030.00000 -113.5198
444986.00000 4368034.00000 -111.6308
444986.00000 4368038.00000 -106.6289
444986.00000 4368042.00000 -111.5572
444986.00000 4368046.00000 -111.3947
444986.00000 4368050.00000 -113.5665
444986.00000 4368054.00000 -113.3475
444986.00000 4368058.00000 -113.8455
444986.00000 4368062.00000 -108.1013
444986.00000 4368066.00000 -108.3744
444986.00000 4368070.00000 -112.3678
444986.00000 4368074.00000 -110.8538
444986.00000 4368078.00000 -114.1976
444986.00000 4368082.00000 -114.4434
444986.00000 4368086.00000 -118.8684
444986.00000 4368090.00000 -119.2472
444986.00000 4368094.00000 -129.8973
444986.00000 4368098.00000 -131.7426
444986.00000 4368102.00000 -133.8513
444986.00000 4368106.00000 -138.1611
444986.00000 4368110.00000 -125.5287
444986.00000 4368114.00000 N.C.
444986.00000 4368118.00000 N.C.
444986.00000 4368122.00000 N.C.
444986.00000 4368126.00000 -139.8265
444986.00000 4368130.00000 -141.4347
444986.00000 4368134.00000 -142.7359
444986.00000 4368138.00000 -133.7031
444986.00000 4368142.00000 N.C.
444986.00000 4368146.00000 N.C.
444986.00000 4368150.00000 N.C.
444986.00000 4368154.00000 N.C.
444986.00000 4368158.00000 N.C.
444986.00000 4368162.00000 -101.1552
444986.00000 4368166.00000 -99.1751
444986.00000 4368170.00000 -98.7124
444986.00000 4368174.00000 -101.0889
444986.00000 4368178.00000 N.C.
444986.00000 4368182.00000 N.C.
444986.00000 4368186.00000 -108.3574
444986.00000 4368190.00000 N.C.
444986.00000 4368194.00000 N.C.
444986.00000 4368198.00000 -108.5556
444986.00000 4368202.00000 N.C.
444986.00000 4368206.00000 -109.4038
444986.00000 4368210.00000 -109.9035
444986.00000 4368214.00000 -105.8599
444986.00000 4368218.00000 -106.7911
444986.00000 4368222.00000 N.C.
444986.00000 4368226.00000 N.C.
444986.00000 4368230.00000 -123.7435
444986.00000 4368234.00000 -130.4606
444986.00000 4368238.00000 -127.9142
444986.00000 4368242.00000 -120.9034
444986.00000 4368246.00000 -113.0540
444986.00000 4368250.00000 -127.6001
444986.00000 4368254.00000 -123.1149
444986.00000 4368258.00000 -112.9340
444986.00000 4368262.00000 -111.1070
444986.00000 4368266.00000 -113.7640
444986.00000 4368270.00000 -111.0257
444986.00000 4368274.00000 -107.3273
444986.00000 4368278.00000 N.C.
444986.00000 4368282.00000 N.C.
444986.00000 4368286.00000 N.C.
444986.00000 4368290.00000 -123.8697
444986.00000 4368294.00000 -117.6279
444986.00000 4368298.00000 -117.0811
444986.00000 4368302.00000 -117.8392
444986.00000 4368306.00000 -117.7190
444986.00000 4368310.00000 -120.8411
444986.00000 4368314.00000 N.C.
444986.00000 4368318.00000 N.C.
444986.00000 4368322.00000 -132.1682
444986.00000 4368326.00000 -125.3844
444986.00000 4368330.00000 -114.3585
444986.00000 4368334.00000 -114.4691
444986.00000 4368338.00000 -110.5331
444986.00000 4368342.00000 N.C.
444986.00000 4368346.00000 N.C.
444986.00000 4368350.00000 N.C.
444986.00000 4368354.00000 N.C.
444986.00000 4368358.00000 N.C.
444986.00000 4368362.00000 N.C.
444986.00000 4368366.00000 N.C.
444986.00000 4368370.00000 -130.0458
444986.00000 4368374.00000 N.C.
444986.00000 4368378.00000 -135.9272
444986.00000 4368382.00000 -137.2089
444986.00000 4368386.00000 -146.1316
444986.00000 4368390.00000 -146.7329
444986.00000 4368394.00000 -148.2738
444990.00000 4367886.00000 -107.9169
444990.00000 4367890.00000 -107.8213
444990.00000 4367894.00000 -107.7020
444990.00000 4367898.00000 -107.3862
444990.00000 4367902.00000 -107.2452
444990.00000 4367906.00000 -107.0220
444990.00000 4367910.00000 -106.2031
444990.00000 4367914.00000 -106.4531
444990.00000 4367918.00000 -106.7168
444990.00000 4367922.00000 -106.6247
444990.00000 4367926.00000 -106.6117
444990.00000 4367930.00000 -106.4446
444990.00000 4367934.00000 -106.1733
444990.00000 4367938.00000 -105.9637
444990.00000 4367942.00000 -105.9158
444990.00000 4367946.00000 -105.6673
444990.00000 4367950.00000 -105.7570
444990.00000 4367954.00000 -105.6301
444990.00000 4367958.00000 -105.3009
444990.00000 4367962.00000 -104.8967
444990.00000 4367966.00000 -104.5200
444990.00000 4367970.00000 -104.1507
444990.00000 4367974.00000 -105.2004
444990.00000 4367978.00000 -102.1772
444990.00000 4367982.00000 -107.1067
444990.00000 4367986.00000 -107.1127
444990.00000 4367990.00000 -107.0416
444990.00000 4367994.00000 -106.8285
444990.00000 4367998.00000 -107.1529
444990.00000 4368002.00000 -105.0864
444990.00000 4368006.00000 -109.9058
444990.00000 4368010.00000 -112.5065
444990.00000 4368014.00000 -107.6997
444990.00000 4368018.00000 -107.8238
444990.00000 4368022.00000 -107.6821
444990.00000 4368026.00000 -107.6233
444990.00000 4368030.00000 -106.5878
444990.00000 4368034.00000 -113.1223
444990.00000 4368038.00000 -111.4978
444990.00000 4368042.00000 -106.5184
444990.00000 4368046.00000 -111.4627
444990.00000 4368050.00000 -111.4657
444990.00000 4368054.00000 -113.4647
444990.00000 4368058.00000 -116.4848
444990.00000 4368062.00000 -114.7920
444990.00000 4368066.00000 -106.3816
444990.00000 4368070.00000 -107.9761
444990.00000 4368074.00000 -107.2628
444990.00000 4368078.00000 -113.9275
444990.00000 4368082.00000 -114.2863
444990.00000 4368086.00000 -118.3757
444990.00000 4368090.00000 -119.1917
444990.00000 4368094.00000 -129.6784
444990.00000 4368098.00000 -132.5029
444990.00000 4368102.00000 -134.0300
444990.00000 4368106.00000 N.C.
444990.00000 4368110.00000 N.C.
444990.00000 4368114.00000 N.C.
444990.00000 4368118.00000 N.C.
444990.00000 4368122.00000 N.C.
444990.00000 4368126.00000 N.C.
444990.00000 4368130.00000 N.C.
444990.00000 4368134.00000 N.C.
444990.00000 4368138.00000 N.C.
444990.00000 4368142.00000 N.C.
444990.00000 4368146.00000 -123.8568
444990.00000 4368150.00000 N.C.
444990.00000 4368154.00000 N.C.
444990.00000 4368158.00000 N.C.
444990.00000 4368162.00000 -99.8274
444990.00000 4368166.00000 -98.4330
444990.00000 4368170.00000 -98.0952
444990.00000 4368174.00000 -100.9749
444990.00000 4368178.00000 N.C.
444990.00000 4368182.00000 -100.3826
444990.00000 4368186.00000 N.C.
444990.00000 4368190.00000 N.C.
444990.00000 4368194.00000 N.C.
444990.00000 4368198.00000 -107.2697
444990.00000 4368202.00000 N.C.
444990.00000 4368206.00000 -109.1857
444990.00000 4368210.00000 -109.8152
444990.00000 4368214.00000 -105.8388
444990.00000 4368218.00000 -106.5538
444990.00000 4368222.00000 N.C.
444990.00000 4368226.00000 N.C.
444990.00000 4368230.00000 -125.3942
444990.00000 4368234.00000 N.C.
444990.00000 4368238.00000 N.C.
444990.00000 4368242.00000 N.C.
444990.00000 4368246.00000 -121.4589
444990.00000 4368250.00000 -124.5701
444990.00000 4368254.00000 -119.6711
444990.00000 4368258.00000 -112.0780
444990.00000 4368262.00000 -119.2940
444990.00000 4368266.00000 -116.0149
444990.00000 4368270.00000 -109.1644
444990.00000 4368274.00000 -111.2687
444990.00000 4368278.00000 -107.5491
444990.00000 4368282.00000 N.C.
444990.00000 4368286.00000 N.C.
444990.00000 4368290.00000 -119.5370
444990.00000 4368294.00000 -120.2444
444990.00000 4368298.00000 -121.1178
444990.00000 4368302.00000 -120.9556
444990.00000 4368306.00000 -120.5061
444990.00000 4368310.00000 N.C.
444990.00000 4368314.00000 N.C.
444990.00000 4368318.00000 N.C.
444990.00000 4368322.00000 -123.3529
444990.00000 4368326.00000 -112.2434
444990.00000 4368330.00000 -114.1214
444990.00000 4368334.00000 -115.5689
444990.00000 4368338.00000 -120.4613
444990.00000 4368342.00000 N.C.
444990.00000 4368346.00000 N.C.
444990.00000 4368350.00000 N.C.
444990.00000 4368354.00000 N.C.
444990.00000 4368358.00000 N.C.
444990.00000 4368362.00000 N.C.
444990.00000 4368366.00000 -134.6737
444990.00000 4368370.00000 -127.4775
444990.00000 4368374.00000 -129.4121
444990.00000 4368378.00000 N.C.
444990.00000 4368382.00000 N.C.
444990.00000 4368386.00000 -139.1900
444990.00000 4368390.00000 -137.6024
444990.00000 4368394.00000 -142.2768
444994.00000 4367886.00000 -107.7327
444994.00000 4367890.00000 -107.5661
444994.00000 4367894.00000 -107.6614
444994.00000 4367898.00000 -107.5212
444994.00000 4367902.00000 -107.3063
444994.00000 4367906.00000 -106.9869
444994.00000 4367910.00000 -106.4811
444994.00000 4367914.00000 -106.0626
444994.00000 4367918.00000 -106.0336
444994.00000 4367922.00000 -106.5093
444994.00000 4367926.00000 -106.4110
444994.00000 4367930.00000 -106.4356
444994.00000 4367934.00000 -106.3011
444994.00000 4367938.00000 -105.9839
444994.00000 4367942.00000 -105.9608
444994.00000 4367946.00000 -105.8250
444994.00000 4367950.00000 -105.6342
444994.00000 4367954.00000 -105.5934
444994.00000 4367958.00000 -105.1664
444994.00000 4367962.00000 -104.5578
444994.00000 4367966.00000 -106.6352
444994.00000 4367970.00000 -104.3098
444994.00000 4367974.00000 -103.9079
444994.00000 4367978.00000 -103.0976
444994.00000 4367982.00000 -102.9355
444994.00000 4367986.00000 -107.0330
444994.00000 4367990.00000 -106.8353
444994.00000 4367994.00000 -106.7651
444994.00000 4367998.00000 -104.6779
444994.00000 4368002.00000 -107.6649
444994.00000 4368006.00000 -104.9723
444994.00000 4368010.00000 -106.8499
444994.00000 4368014.00000 -107.7958
444994.00000 4368018.00000 -107.4896
444994.00000 4368022.00000 -107.5684
444994.00000 4368026.00000 -107.4818
444994.00000 4368030.00000 -106.9485
444994.00000 4368034.00000 -113.4991
444994.00000 4368038.00000 -113.3507
444994.00000 4368042.00000 -106.4282
444994.00000 4368046.00000 -111.3918
444994.00000 4368050.00000 -111.3155
444994.00000 4368054.00000 -116.1551
444994.00000 4368058.00000 -116.2180
444994.00000 4368062.00000 -116.8322
444994.00000 4368066.00000 -112.1575
444994.00000 4368070.00000 -114.2433
444994.00000 4368074.00000 -107.4835
444994.00000 4368078.00000 -116.0781
444994.00000 4368082.00000 -116.6442
444994.00000 4368086.00000 -118.6837
444994.00000 4368090.00000 -118.9672
444994.00000 4368094.00000 -130.2804
444994.00000 4368098.00000 -133.4249
444994.00000 4368102.00000 N.C.
444994.00000 4368106.00000 N.C.
444994.00000 4368110.00000 -105.1120
444994.00000 4368114.00000 N.C.
444994.00000 4368118.00000 N.C.
444994.00000 4368122.00000 N.C.
444994.00000 4368126.00000 N.C.
444994.00000 4368130.00000 N.C.
444994.00000 4368134.00000 N.C.
444994.00000 4368138.00000 N.C.
444994.00000 4368142.00000 N.C.
444994.00000 4368146.00000 N.C.
444994.00000 4368150.00000 N.C.
444994.00000 4368154.00000 N.C.
444994.00000 4368158.00000 -101.1591
444994.00000 4368162.00000 -98.0420
444994.00000 4368166.00000 -98.2162
444994.00000 4368170.00000 -97.4687
444994.00000 4368174.00000 -99.6902
444994.00000 4368178.00000 N.C.
444994.00000 4368182.00000 -100.5798
444994.00000 4368186.00000 -101.0656
444994.00000 4368190.00000 N.C.
444994.00000 4368194.00000 N.C.
444994.00000 4368198.00000 -109.6470
444994.00000 4368202.00000 -110.1084
444994.00000 4368206.00000 -110.8910
444994.00000 4368210.00000 -106.6891
444994.00000 4368214.00000 -106.4990
444994.00000 4368218.00000 -107.6711
444994.00000 4368222.00000 N.C.
444994.00000 4368226.00000 -124.1580
444994.00000 4368230.00000 -128.3865
444994.00000 4368234.00000 N.C.
444994.00000 4368238.00000 N.C.
444994.00000 4368242.00000 N.C.
444994.00000 4368246.00000 N.C.
444994.00000 4368250.00000 N.C.
444994.00000 4368254.00000 N.C.
444994.00000 4368258.00000 N.C.
444994.00000 4368262.00000 -119.8346
444994.00000 4368266.00000 -113.9424
444994.00000 4368270.00000 -110.0747
444994.00000 4368274.00000 -111.5659
444994.00000 4368278.00000 -117.3041
444994.00000 4368282.00000 N.C.
444994.00000 4368286.00000 N.C.
444994.00000 4368290.00000 N.C.
444994.00000 4368294.00000 -120.4726
444994.00000 4368298.00000 -121.0064
444994.00000 4368302.00000 -117.3417
444994.00000 4368306.00000 -122.3413
444994.00000 4368310.00000 N.C.
444994.00000 4368314.00000 N.C.
444994.00000 4368318.00000 N.C.
444994.00000 4368322.00000 -113.9670
444994.00000 4368326.00000 -113.9242
444994.00000 4368330.00000 -115.3894
444994.00000 4368334.00000 -121.2643
444994.00000 4368338.00000 -119.3895
444994.00000 4368342.00000 -123.3822
444994.00000 4368346.00000 N.C.
444994.00000 4368350.00000 -142.7088
444994.00000 4368354.00000 -139.3477
444994.00000 4368358.00000 N.C.
444994.00000 4368362.00000 N.C.
444994.00000 4368366.00000 -133.1055
444994.00000 4368370.00000 -129.8998
444994.00000 4368374.00000 -124.4119
444994.00000 4368378.00000 N.C.
444994.00000 4368382.00000 -171.4063
444994.00000 4368386.00000 -154.7967
444994.00000 4368390.00000 -147.4666
444994.00000 4368394.00000 -139.1513
444998.00000 4367886.00000 -107.4833
444998.00000 4367890.00000 -107.2830
444998.00000 4367894.00000 -107.3883
444998.00000 4367898.00000 -107.4694
444998.00000 4367902.00000 -107.2207
444998.00000 4367906.00000 -107.0659
444998.00000 4367910.00000 -106.8068
444998.00000 4367914.00000 -106.0557
444998.00000 4367918.00000 -106.2185
444998.00000 4367922.00000 -105.8754
444998.00000 4367926.00000 -105.8931
444998.00000 4367930.00000 -106.1965
444998.00000 4367934.00000 -106.1201
444998.00000 4367938.00000 -105.9827
444998.00000 4367942.00000 -105.6327
444998.00000 4367946.00000 -105.5742
444998.00000 4367950.00000 -105.5643
444998.00000 4367954.00000 -105.3372
444998.00000 4367958.00000 -105.1970
444998.00000 4367962.00000 -104.9435
444998.00000 4367966.00000 -111.3725
444998.00000 4367970.00000 -108.3737
444998.00000 4367974.00000 -107.4465
444998.00000 4367978.00000 -104.6007
444998.00000 4367982.00000 -102.0853
444998.00000 4367986.00000 -106.1212
444998.00000 4367990.00000 -104.7375
444998.00000 4367994.00000 -104.6508
444998.00000 4367998.00000 -104.5345
444998.00000 4368002.00000 -104.4424
444998.00000 4368006.00000 -105.9913
444998.00000 4368010.00000 -104.3217
444998.00000 4368014.00000 -104.7366
444998.00000 4368018.00000 -107.5158
444998.00000 4368022.00000 -107.1175
444998.00000 4368026.00000 -105.9533
444998.00000 4368030.00000 -106.9411
444998.00000 4368034.00000 -111.2248
444998.00000 4368038.00000 -113.3945
444998.00000 4368042.00000 -112.1227
444998.00000 4368046.00000 -111.3168
444998.00000 4368050.00000 -114.5882
444998.00000 4368054.00000 -112.3387
444998.00000 4368058.00000 -116.5663
444998.00000 4368062.00000 -117.6836
444998.00000 4368066.00000 -112.6323
444998.00000 4368070.00000 -112.4753
444998.00000 4368074.00000 -113.4036
444998.00000 4368078.00000 -113.4007
444998.00000 4368082.00000 -116.4772
444998.00000 4368086.00000 -118.7290
444998.00000 4368090.00000 -118.9452
444998.00000 4368094.00000 -129.8924
444998.00000 4368098.00000 -135.1362
444998.00000 4368102.00000 N.C.
444998.00000 4368106.00000 N.C.
444998.00000 4368110.00000 -107.6449
444998.00000 4368114.00000 N.C.
444998.00000 4368118.00000 N.C.
444998.00000 4368122.00000 N.C.
444998.00000 4368126.00000 N.C.
444998.00000 4368130.00000 N.C.
444998.00000 4368134.00000 -132.9883
444998.00000 4368138.00000 N.C.
444998.00000 4368142.00000 N.C.
444998.00000 4368146.00000 N.C.
444998.00000 4368150.00000 -124.6974
444998.00000 4368154.00000 -116.7464
444998.00000 4368158.00000 -102.8816
444998.00000 4368162.00000 -99.7370
444998.00000 4368166.00000 -97.1373
444998.00000 4368170.00000 -100.2925
444998.00000 4368174.00000 -100.0453
444998.00000 4368178.00000 -100.1894
444998.00000 4368182.00000 -100.3148
444998.00000 4368186.00000 -101.1303
444998.00000 4368190.00000 -104.6946
444998.00000 4368194.00000 -104.6821
444998.00000 4368198.00000 -110.8584
444998.00000 4368202.00000 -109.5639
444998.00000 4368206.00000 -108.5433
444998.00000 4368210.00000 -106.6917
444998.00000 4368214.00000 -107.9965
444998.00000 4368218.00000 N.C.
444998.00000 4368222.00000 N.C.
444998.00000 4368226.00000 -123.9330
444998.00000 4368230.00000 N.C.
444998.00000 4368234.00000 N.C.
444998.00000 4368238.00000 -132.6827
444998.00000 4368242.00000 N.C.
444998.00000 4368246.00000 N.C.
444998.00000 4368250.00000 N.C.
444998.00000 4368254.00000 N.C.
444998.00000 4368258.00000 N.C.
444998.00000 4368262.00000 -116.4374
444998.00000 4368266.00000 N.C.
444998.00000 4368270.00000 N.C.
444998.00000 4368274.00000 -118.8167
444998.00000 4368278.00000 -119.2829
444998.00000 4368282.00000 -120.0647
444998.00000 4368286.00000 -128.1469
444998.00000 4368290.00000 -126.0097
444998.00000 4368294.00000 -122.2792
444998.00000 4368298.00000 -119.1779
444998.00000 4368302.00000 -121.6192
444998.00000 4368306.00000 -121.8069
444998.00000 4368310.00000 -113.1467
444998.00000 4368314.00000 -117.6701
444998.00000 4368318.00000 N.C.
444998.00000 4368322.00000 -114.3772
444998.00000 4368326.00000 -115.5282
444998.00000 4368330.00000 -120.0016
444998.00000 4368334.00000 -124.4000
444998.00000 4368338.00000 -120.2258
444998.00000 4368342.00000 -124.1901
444998.00000 4368346.00000 N.C.
444998.00000 4368350.00000 N.C.
444998.00000 4368354.00000 N.C.
444998.00000 4368358.00000 N.C.
444998.00000 4368362.00000 -128.1830
444998.00000 4368366.00000 -127.4632
444998.00000 4368370.00000 -124.7101
444998.00000 4368374.00000 -128.5504
444998.00000 4368378.00000 N.C.
444998.00000 4368382.00000 -141.8429
444998.00000 4368386.00000 -150.7083
444998.00000 4368390.00000 -143.5766
444998.00000 4368394.00000 -146.0093
445002.00000 4367886.00000 -107.5300
445002.00000 4367890.00000 -107.2970
445002.00000 4367894.00000 -107.2239
445002.00000 4367898.00000 -107.1012
445002.00000 4367902.00000 -107.1402
445002.00000 4367906.00000 -107.0415
445002.00000 4367910.00000 -106.8713
445002.00000 4367914.00000 -106.3877
445002.00000 4367918.00000 -106.1583
445002.00000 4367922.00000 -105.7230
445002.00000 4367926.00000 -105.6059
445002.00000 4367930.00000 -105.6922
445002.00000 4367934.00000 -105.9217
445002.00000 4367938.00000 -105.8996
445002.00000 4367942.00000 -105.7001
445002.00000 4367946.00000 -105.4134
445002.00000 4367950.00000 -105.0903
445002.00000 4367954.00000 -105.3081
445002.00000 4367958.00000 -105.0725
445002.00000 4367962.00000 -105.0477
445002.00000 4367966.00000 -111.4841
445002.00000 4367970.00000 -108.3714
445002.00000 4367974.00000 -108.2250
445002.00000 4367978.00000 -107.2878
445002.00000 4367982.00000 -104.3272
445002.00000 4367986.00000 -100.4445
445002.00000 4367990.00000 -104.1117
445002.00000 4367994.00000 -104.5235
445002.00000 4367998.00000 -104.4672
445002.00000 4368002.00000 -104.3658
445002.00000 4368006.00000 -104.6608
445002.00000 4368010.00000 -105.6975
445002.00000 4368014.00000 -104.5128
445002.00000 4368018.00000 -107.3372
445002.00000 4368022.00000 -106.9661
445002.00000 4368026.00000 -106.3510
445002.00000 4368030.00000 -106.8653
445002.00000 4368034.00000 -111.7392
445002.00000 4368038.00000 -113.5601
445002.00000 4368042.00000 -113.3406
445002.00000 4368046.00000 -110.9058
445002.00000 4368050.00000 -115.7023
445002.00000 4368054.00000 -114.5740
445002.00000 4368058.00000 -117.5091
445002.00000 4368062.00000 -117.2730
445002.00000 4368066.00000 -117.2511
445002.00000 4368070.00000 -107.8510
445002.00000 4368074.00000 -113.0694
445002.00000 4368078.00000 -114.5612
445002.00000 4368082.00000 -117.0268
445002.00000 4368086.00000 -117.6754
445002.00000 4368090.00000 -118.8404
445002.00000 4368094.00000 -133.8084
445002.00000 4368098.00000 -151.0568
445002.00000 4368102.00000 N.C.
445002.00000 4368106.00000 -109.0736
445002.00000 4368110.00000 -112.2967
445002.00000 4368114.00000 N.C.
445002.00000 4368118.00000 N.C.
445002.00000 4368122.00000 N.C.
445002.00000 4368126.00000 -130.2903
445002.00000 4368130.00000 -132.6623
445002.00000 4368134.00000 -133.6340
445002.00000 4368138.00000 N.C.
445002.00000 4368142.00000 N.C.
445002.00000 4368146.00000 N.C.
445002.00000 4368150.00000 N.C.
445002.00000 4368154.00000 N.C.
445002.00000 4368158.00000 -106.3090
445002.00000 4368162.00000 -96.9613
445002.00000 4368166.00000 -98.5952
445002.00000 4368170.00000 -102.3113
445002.00000 4368174.00000 -103.3492
445002.00000 4368178.00000 -104.6782
445002.00000 4368182.00000 -103.3082
445002.00000 4368186.00000 -101.5018
445002.00000 4368190.00000 -104.0601
445002.00000 4368194.00000 -104.6172
445002.00000 4368198.00000 -111.1826
445002.00000 4368202.00000 -110.1023
445002.00000 4368206.00000 -107.3457
445002.00000 4368210.00000 -108.2298
445002.00000 4368214.00000 -109.0072
445002.00000 4368218.00000 N.C.
445002.00000 4368222.00000 N.C.
445002.00000 4368226.00000 -125.4081
445002.00000 4368230.00000 N.C.
445002.00000 4368234.00000 N.C.
445002.00000 4368238.00000 N.C.
445002.00000 4368242.00000 N.C.
445002.00000 4368246.00000 N.C.
445002.00000 4368250.00000 N.C.
445002.00000 4368254.00000 N.C.
445002.00000 4368258.00000 -116.4890
445002.00000 4368262.00000 -123.2968
445002.00000 4368266.00000 N.C.
445002.00000 4368270.00000 N.C.
445002.00000 4368274.00000 -144.2987
445002.00000 4368278.00000 N.C.
445002.00000 4368282.00000 N.C.
445002.00000 4368286.00000 N.C.
445002.00000 4368290.00000 -122.9230
445002.00000 4368294.00000 -122.8185
445002.00000 4368298.00000 -117.0651
445002.00000 4368302.00000 -116.0231
445002.00000 4368306.00000 -118.7115
445002.00000 4368310.00000 -117.0264
445002.00000 4368314.00000 -116.9371
445002.00000 4368318.00000 -114.8450
445002.00000 4368322.00000 -115.4573
445002.00000 4368326.00000 -120.2380
445002.00000 4368330.00000 -125.6775
445002.00000 4368334.00000 -121.4330
445002.00000 4368338.00000 -119.2145
445002.00000 4368342.00000 -132.9940
445002.00000 4368346.00000 -141.7870
445002.00000 4368350.00000 -151.8204
445002.00000 4368354.00000 N.C.
445002.00000 4368358.00000 N.C.
445002.00000 4368362.00000 -123.0463
445002.00000 4368366.00000 -123.8727
445002.00000 4368370.00000 -115.9651
445002.00000 4368374.00000 N.C.
445002.00000 4368378.00000 -143.1696
445002.00000 4368382.00000 N.C.
445002.00000 4368386.00000 -150.9859
445002.00000 4368390.00000 -153.6569
445002.00000 4368394.00000 -146.2877
445006.00000 4367886.00000 -107.5055
445006.00000 4367890.00000 -107.3873
445006.00000 4367894.00000 -107.1313
445006.00000 4367898.00000 -106.8861
445006.00000 4367902.00000 -106.9191
445006.00000 4367906.00000 -106.8644
445006.00000 4367910.00000 -106.7663
445006.00000 4367914.00000 -106.6215
445006.00000 4367918.00000 -106.4584
445006.00000 4367922.00000 -106.2656
445006.00000 4367926.00000 -105.3332
445006.00000 4367930.00000 -105.1775
445006.00000 4367934.00000 -105.4788
445006.00000 4367938.00000 -105.7972
445006.00000 4367942.00000 -105.6624
445006.00000 4367946.00000 -105.4897
445006.00000 4367950.00000 -104.9528
445006.00000 4367954.00000 -104.8288
445006.00000 4367958.00000 -104.7455
445006.00000 4367962.00000 -111.9034
445006.00000 4367966.00000 -112.2450
445006.00000 4367970.00000 -111.7979
445006.00000 4367974.00000 -106.4320
445006.00000 4367978.00000 -105.6158
445006.00000 4367982.00000 -104.9154
445006.00000 4367986.00000 -102.8829
445006.00000 4367990.00000 -100.9749
445006.00000 4367994.00000 -104.4241
445006.00000 4367998.00000 -104.3516
445006.00000 4368002.00000 -104.2754
445006.00000 4368006.00000 -104.1478
445006.00000 4368010.00000 -107.2553
445006.00000 4368014.00000 -102.8323
445006.00000 4368018.00000 -104.1415
445006.00000 4368022.00000 -106.6481
445006.00000 4368026.00000 -106.6728
445006.00000 4368030.00000 -105.7433
445006.00000 4368034.00000 -111.8266
445006.00000 4368038.00000 -111.0056
445006.00000 4368042.00000 -113.5329
445006.00000 4368046.00000 -113.7275
445006.00000 4368050.00000 -115.8407
445006.00000 4368054.00000 -115.9360
445006.00000 4368058.00000 -115.7742
445006.00000 4368062.00000 -117.3287
445006.00000 4368066.00000 -117.7691
445006.00000 4368070.00000 -114.7647
445006.00000 4368074.00000 -116.4913
445006.00000 4368078.00000 -115.3186
445006.00000 4368082.00000 -117.3005
445006.00000 4368086.00000 -117.9645
445006.00000 4368090.00000 -118.9421
445006.00000 4368094.00000 -129.4575
445006.00000 4368098.00000 -132.4155
445006.00000 4368102.00000 -128.0873
445006.00000 4368106.00000 -106.9113
445006.00000 4368110.00000 N.C.
445006.00000 4368114.00000 N.C.
445006.00000 4368118.00000 N.C.
445006.00000 4368122.00000 -143.7956
445006.00000 4368126.00000 -130.3633
445006.00000 4368130.00000 -133.8695
445006.00000 4368134.00000 N.C.
445006.00000 4368138.00000 N.C.
445006.00000 4368142.00000 N.C.
445006.00000 4368146.00000 N.C.
445006.00000 4368150.00000 N.C.
445006.00000 4368154.00000 N.C.
445006.00000 4368158.00000 -106.0045
445006.00000 4368162.00000 -97.5075
445006.00000 4368166.00000 -99.2527
445006.00000 4368170.00000 -104.0264
445006.00000 4368174.00000 -103.4748
445006.00000 4368178.00000 -102.3160
445006.00000 4368182.00000 -102.8043
445006.00000 4368186.00000 -102.1561
445006.00000 4368190.00000 -103.8999
445006.00000 4368194.00000 -104.6668
445006.00000 4368198.00000 -109.7934
445006.00000 4368202.00000 -110.5101
445006.00000 4368206.00000 -105.6181
445006.00000 4368210.00000 -105.7442
445006.00000 4368214.00000 -107.2708
445006.00000 4368218.00000 N.C.
445006.00000 4368222.00000 N.C.
445006.00000 4368226.00000 -125.3703
445006.00000 4368230.00000 N.C.
445006.00000 4368234.00000 N.C.
445006.00000 4368238.00000 -116.3952
445006.00000 4368242.00000 -113.4260
445006.00000 4368246.00000 -113.7123
445006.00000 4368250.00000 N.C.
445006.00000 4368254.00000 N.C.
445006.00000 4368258.00000 -116.1339
445006.00000 4368262.00000 N.C.
445006.00000 4368266.00000 N.C.
445006.00000 4368270.00000 -137.3752
445006.00000 4368274.00000 N.C.
445006.00000 4368278.00000 N.C.
445006.00000 4368282.00000 -118.5850
445006.00000 4368286.00000 N.C.
445006.00000 4368290.00000 -123.1752
445006.00000 4368294.00000 -128.0101
445006.00000 4368298.00000 -117.8934
445006.00000 4368302.00000 -114.4568
445006.00000 4368306.00000 -118.6458
445006.00000 4368310.00000 -116.3448
445006.00000 4368314.00000 -115.5998
445006.00000 4368318.00000 -118.0478
445006.00000 4368322.00000 -125.1350
445006.00000 4368326.00000 -125.8428
445006.00000 4368330.00000 -127.5616
445006.00000 4368334.00000 -123.3547
445006.00000 4368338.00000 -118.8443
445006.00000 4368342.00000 N.C.
445006.00000 4368346.00000 N.C.
445006.00000 4368350.00000 N.C.
445006.00000 4368354.00000 N.C.
445006.00000 4368358.00000 -134.7769
445006.00000 4368362.00000 -133.8012
445006.00000 4368366.00000 -125.1933
445006.00000 4368370.00000 -121.6236
445006.00000 4368374.00000 -129.6192
445006.00000 4368378.00000 N.C.
445006.00000 4368382.00000 N.C.
445006.00000 4368386.00000 -145.7167
445006.00000 4368390.00000 -146.2720
445006.00000 4368394.00000 -147.6499
445010.00000 4367886.00000 -107.1692
445010.00000 4367890.00000 -106.9266
445010.00000 4367894.00000 -107.1735
445010.00000 4367898.00000 -107.0276
445010.00000 4367902.00000 -106.6657
445010.00000 4367906.00000 -106.6585
445010.00000 4367910.00000 -106.2434
445010.00000 4367914.00000 -106.5521
445010.00000 4367918.00000 -106.3826
445010.00000 4367922.00000 -106.3517
445010.00000 4367926.00000 -106.1089
445010.00000 4367930.00000 -104.6705
445010.00000 4367934.00000 -104.5629
445010.00000 4367938.00000 -105.5596
445010.00000 4367942.00000 -105.4365
445010.00000 4367946.00000 -105.4712
445010.00000 4367950.00000 -105.3314
445010.00000 4367954.00000 -104.7326
445010.00000 4367958.00000 -104.5568
445010.00000 4367962.00000 -104.7617
445010.00000 4367966.00000 -110.0947
445010.00000 4367970.00000 -112.2885
445010.00000 4367974.00000 -107.6447
445010.00000 4367978.00000 -105.1024
445010.00000 4367982.00000 -106.0789
445010.00000 4367986.00000 -105.6167
445010.00000 4367990.00000 -102.6919
445010.00000 4367994.00000 -103.2280
445010.00000 4367998.00000 -105.9764
445010.00000 4368002.00000 -106.3496
445010.00000 4368006.00000 -104.3456
445010.00000 4368010.00000 -104.2747
445010.00000 4368014.00000 -105.9807
445010.00000 4368018.00000 -104.0920
445010.00000 4368022.00000 -105.8141
445010.00000 4368026.00000 -106.6018
445010.00000 4368030.00000 -111.5413
445010.00000 4368034.00000 -107.3760
445010.00000 4368038.00000 -111.6245
445010.00000 4368042.00000 -115.5261
445010.00000 4368046.00000 -116.4996
445010.00000 4368050.00000 -112.6424
445010.00000 4368054.00000 -116.0702
445010.00000 4368058.00000 -116.2554
445010.00000 4368062.00000 -115.5780
445010.00000 4368066.00000 -117.6089
445010.00000 4368070.00000 -116.9973
445010.00000 4368074.00000 -117.7343
445010.00000 4368078.00000 -116.8773
445010.00000 4368082.00000 -117.4552
445010.00000 4368086.00000 -117.8241
445010.00000 4368090.00000 -118.8580
445010.00000 4368094.00000 -138.6127
445010.00000 4368098.00000 N.C.
445010.00000 4368102.00000 N.C.
445010.00000 4368106.00000 N.C.
445010.00000 4368110.00000 N.C.
445010.00000 4368114.00000 -100.8202
445010.00000 4368118.00000 N.C.
445010.00000 4368122.00000 N.C.
445010.00000 4368126.00000 N.C.
445010.00000 4368130.00000 N.C.
445010.00000 4368134.00000 N.C.
445010.00000 4368138.00000 N.C.
445010.00000 4368142.00000 N.C.
445010.00000 4368146.00000 N.C.
445010.00000 4368150.00000 N.C.
445010.00000 4368154.00000 N.C.
445010.00000 4368158.00000 -103.6996
445010.00000 4368162.00000 -97.3622
445010.00000 4368166.00000 -102.6999
445010.00000 4368170.00000 -103.8673
445010.00000 4368174.00000 -104.4032
445010.00000 4368178.00000 -103.7807
445010.00000 4368182.00000 -102.1609
445010.00000 4368186.00000 -103.8325
445010.00000 4368190.00000 -104.0166
445010.00000 4368194.00000 -111.3644
445010.00000 4368198.00000 -109.1791
445010.00000 4368202.00000 -105.8523
445010.00000 4368206.00000 -104.2349
445010.00000 4368210.00000 -109.2711
445010.00000 4368214.00000 -109.0371
445010.00000 4368218.00000 N.C.
445010.00000 4368222.00000 -123.4737
445010.00000 4368226.00000 N.C.
445010.00000 4368230.00000 N.C.
445010.00000 4368234.00000 N.C.
445010.00000 4368238.00000 -115.0974
445010.00000 4368242.00000 -113.3589
445010.00000 4368246.00000 -114.0422
445010.00000 4368250.00000 N.C.
445010.00000 4368254.00000 N.C.
445010.00000 4368258.00000 -119.7504
445010.00000 4368262.00000 N.C.
445010.00000 4368266.00000 N.C.
445010.00000 4368270.00000 -112.4386
445010.00000 4368274.00000 -115.4032
445010.00000 4368278.00000 -112.4315
445010.00000 4368282.00000 N.C.
445010.00000 4368286.00000 N.C.
445010.00000 4368290.00000 -128.6846
445010.00000 4368294.00000 -125.8682
445010.00000 4368298.00000 -120.2234
445010.00000 4368302.00000 -119.6472
445010.00000 4368306.00000 -111.5336
445010.00000 4368310.00000 -115.8834
445010.00000 4368314.00000 -116.9811
445010.00000 4368318.00000 -126.7087
445010.00000 4368322.00000 -127.2472
445010.00000 4368326.00000 -127.8227
445010.00000 4368330.00000 -121.1152
445010.00000 4368334.00000 -126.1433
445010.00000 4368338.00000 -119.4702
445010.00000 4368342.00000 -132.0730
445010.00000 4368346.00000 -132.2472
445010.00000 4368350.00000 N.C.
445010.00000 4368354.00000 N.C.
445010.00000 4368358.00000 -130.9629
445010.00000 4368362.00000 -129.1619
445010.00000 4368366.00000 -123.4628
445010.00000 4368370.00000 -128.4912
445010.00000 4368374.00000 -115.3551
445010.00000 4368378.00000 N.C.
445010.00000 4368382.00000 N.C.
445010.00000 4368386.00000 -145.6773
445010.00000 4368390.00000 -150.3226
445010.00000 4368394.00000 -144.6287
445014.00000 4367886.00000 -106.1374
445014.00000 4367890.00000 -106.3945
445014.00000 4367894.00000 -106.2455
445014.00000 4367898.00000 -106.5048
445014.00000 4367902.00000 -105.9576
445014.00000 4367906.00000 -106.1743
445014.00000 4367910.00000 -106.1343
445014.00000 4367914.00000 -106.0661
445014.00000 4367918.00000 -106.3211
445014.00000 4367922.00000 -106.2270
445014.00000 4367926.00000 -106.1388
445014.00000 4367930.00000 -105.6661
445014.00000 4367934.00000 -105.3411
445014.00000 4367938.00000 -104.2895
445014.00000 4367942.00000 -104.2492
445014.00000 4367946.00000 -105.2480
445014.00000 4367950.00000 -105.2047
445014.00000 4367954.00000 -105.0431
445014.00000 4367958.00000 -104.4756
445014.00000 4367962.00000 -104.3569
445014.00000 4367966.00000 -104.3878
445014.00000 4367970.00000 -107.1605
445014.00000 4367974.00000 -107.6430
445014.00000 4367978.00000 -107.6183
445014.00000 4367982.00000 -103.0103
445014.00000 4367986.00000 -105.9900
445014.00000 4367990.00000 -107.1100
445014.00000 4367994.00000 -102.3865
445014.00000 4367998.00000 -105.0393
445014.00000 4368002.00000 -106.0372
445014.00000 4368006.00000 -106.0762
445014.00000 4368010.00000 -105.7818
445014.00000 4368014.00000 -110.6659
445014.00000 4368018.00000 -109.9156
445014.00000 4368022.00000 -105.7619
445014.00000 4368026.00000 -106.4659
445014.00000 4368030.00000 -111.2042
445014.00000 4368034.00000 -111.3459
445014.00000 4368038.00000 -107.7142
445014.00000 4368042.00000 -114.6597
445014.00000 4368046.00000 -116.4124
445014.00000 4368050.00000 -115.5421
445014.00000 4368054.00000 -116.4264
445014.00000 4368058.00000 -118.2660
445014.00000 4368062.00000 -119.3917
445014.00000 4368066.00000 -120.3200
445014.00000 4368070.00000 -116.7498
445014.00000 4368074.00000 -114.0920
445014.00000 4368078.00000 -117.9137
445014.00000 4368082.00000 -116.8510
445014.00000 4368086.00000 -118.0762
445014.00000 4368090.00000 -118.7310
445014.00000 4368094.00000 -132.6465
445014.00000 4368098.00000 N.C.
445014.00000 4368102.00000 N.C.
445014.00000 4368106.00000 N.C.
445014.00000 4368110.00000 N.C.
445014.00000 4368114.00000 -104.6943
445014.00000 4368118.00000 N.C.
445014.00000 4368122.00000 -135.1667
445014.00000 4368126.00000 N.C.
445014.00000 4368130.00000 -134.0807
445014.00000 4368134.00000 -133.9549
445014.00000 4368138.00000 N.C.
445014.00000 4368142.00000 N.C.
445014.00000 4368146.00000 N.C.
445014.00000 4368150.00000 -134.2574
445014.00000 4368154.00000 -101.1429
445014.00000 4368158.00000 -98.4816
445014.00000 4368162.00000 -97.1922
445014.00000 4368166.00000 -103.0962
445014.00000 4368170.00000 -103.9916
445014.00000 4368174.00000 -104.5700
445014.00000 4368178.00000 -102.9344
445014.00000 4368182.00000 -102.4838
445014.00000 4368186.00000 -103.6952
445014.00000 4368190.00000 -104.2988
445014.00000 4368194.00000 -107.0167
445014.00000 4368198.00000 -105.9958
445014.00000 4368202.00000 -106.6421
445014.00000 4368206.00000 -107.1438
445014.00000 4368210.00000 -109.6260
445014.00000 4368214.00000 N.C.
445014.00000 4368218.00000 N.C.
445014.00000 4368222.00000 -121.4549
445014.00000 4368226.00000 N.C.
445014.00000 4368230.00000 N.C.
445014.00000 4368234.00000 -130.9946
445014.00000 4368238.00000 -129.3043
445014.00000 4368242.00000 -126.7091
445014.00000 4368246.00000 -117.6072
445014.00000 4368250.00000 N.C.
445014.00000 4368254.00000 -116.3147
445014.00000 4368258.00000 -120.2500
445014.00000 4368262.00000 N.C.
445014.00000 4368266.00000 N.C.
445014.00000 4368270.00000 -117.8954
445014.00000 4368274.00000 -112.9208
445014.00000 4368278.00000 -112.8848
445014.00000 4368282.00000 N.C.
445014.00000 4368286.00000 N.C.
445014.00000 4368290.00000 -132.5158
445014.00000 4368294.00000 -123.2660
445014.00000 4368298.00000 -118.1327
445014.00000 4368302.00000 -118.8595
445014.00000 4368306.00000 -115.1656
445014.00000 4368310.00000 -121.4959
445014.00000 4368314.00000 N.C.
445014.00000 4368318.00000 -125.2549
445014.00000 4368322.00000 -121.0858
445014.00000 4368326.00000 -126.9114
445014.00000 4368330.00000 -124.1159
445014.00000 4368334.00000 -129.3369
445014.00000 4368338.00000 -122.8390
445014.00000 4368342.00000 -133.7097
445014.00000 4368346.00000 -133.3945
445014.00000 4368350.00000 -133.8021
445014.00000 4368354.00000 -131.2198
445014.00000 4368358.00000 -129.6764
445014.00000 4368362.00000 -121.7615
445014.00000 4368366.00000 -126.5500
445014.00000 4368370.00000 -127.6608
445014.00000 4368374.00000 -126.2300
445014.00000 4368378.00000 N.C.
445014.00000 4368382.00000 N.C.
445014.00000 4368386.00000 -145.2531
445014.00000 4368390.00000 -148.5357
445014.00000 4368394.00000 -147.8080
445018.00000 4367886.00000 -106.4403
445018.00000 4367890.00000 -106.5237
445018.00000 4367894.00000 -105.5995
445018.00000 4367898.00000 -105.9747
445018.00000 4367902.00000 -105.2545
445018.00000 4367906.00000 -105.9849
445018.00000 4367910.00000 -105.9634
445018.00000 4367914.00000 -105.8434
445018.00000 4367918.00000 -105.2886
445018.00000 4367922.00000 -105.9477
445018.00000 4367926.00000 -106.0141
445018.00000 4367930.00000 -105.8532
445018.00000 4367934.00000 -105.3574
445018.00000 4367938.00000 -104.8635
445018.00000 4367942.00000 -104.2398
445018.00000 4367946.00000 -103.0739
445018.00000 4367950.00000 -105.0003
445018.00000 4367954.00000 -104.9348
445018.00000 4367958.00000 -104.8232
445018.00000 4367962.00000 -104.2347
445018.00000 4367966.00000 -103.9208
445018.00000 4367970.00000 -102.8864
445018.00000 4367974.00000 -106.7227
445018.00000 4367978.00000 -107.6060
445018.00000 4367982.00000 -107.4441
445018.00000 4367986.00000 -102.8040
445018.00000 4367990.00000 -109.4757
445018.00000 4367994.00000 -107.1865
445018.00000 4367998.00000 -105.1608
445018.00000 4368002.00000 -105.1122
445018.00000 4368006.00000 -105.5444
445018.00000 4368010.00000 -105.4638
445018.00000 4368014.00000 -105.5683
445018.00000 4368018.00000 -110.9769
445018.00000 4368022.00000 -109.9487
445018.00000 4368026.00000 -105.5765
445018.00000 4368030.00000 -111.1376
445018.00000 4368034.00000 -111.1264
445018.00000 4368038.00000 -112.3564
445018.00000 4368042.00000 -111.3762
445018.00000 4368046.00000 -114.7258
445018.00000 4368050.00000 -116.4383
445018.00000 4368054.00000 -113.6992
445018.00000 4368058.00000 -117.2629
445018.00000 4368062.00000 -117.7337
445018.00000 4368066.00000 -120.8183
445018.00000 4368070.00000 -119.3730
445018.00000 4368074.00000 -116.5442
445018.00000 4368078.00000 -118.8272
445018.00000 4368082.00000 -117.9814
445018.00000 4368086.00000 -118.0121
445018.00000 4368090.00000 -118.0557
445018.00000 4368094.00000 N.C.
445018.00000 4368098.00000 N.C.
445018.00000 4368102.00000 N.C.
445018.00000 4368106.00000 -98.9387
445018.00000 4368110.00000 -105.9376
445018.00000 4368114.00000 -114.1383
445018.00000 4368118.00000 N.C.
445018.00000 4368122.00000 N.C.
445018.00000 4368126.00000 N.C.
445018.00000 4368130.00000 N.C.
445018.00000 4368134.00000 N.C.
445018.00000 4368138.00000 N.C.
445018.00000 4368142.00000 -117.7192
445018.00000 4368146.00000 -124.6613
445018.00000 4368150.00000 -115.7275
445018.00000 4368154.00000 -98.4687
445018.00000 4368158.00000 -96.7419
445018.00000 4368162.00000 -103.5961
445018.00000 4368166.00000 -108.9351
445018.00000 4368170.00000 -108.4571
445018.00000 4368174.00000 -110.2437
445018.00000 4368178.00000 -110.0566
445018.00000 4368182.00000 -106.6628
445018.00000 4368186.00000 -105.3682
445018.00000 4368190.00000 -107.9823
445018.00000 4368194.00000 -108.2062
445018.00000 4368198.00000 -107.6855
445018.00000 4368202.00000 -105.7928
445018.00000 4368206.00000 -111.6713
445018.00000 4368210.00000 -110.5508
445018.00000 4368214.00000 N.C.
445018.00000 4368218.00000 N.C.
445018.00000 4368222.00000 -121.3315
445018.00000 4368226.00000 -123.1659
445018.00000 4368230.00000 -117.5701
445018.00000 4368234.00000 N.C.
445018.00000 4368238.00000 N.C.
445018.00000 4368242.00000 N.C.
445018.00000 4368246.00000 N.C.
445018.00000 4368250.00000 N.C.
445018.00000 4368254.00000 -116.4314
445018.00000 4368258.00000 -119.0488
445018.00000 4368262.00000 N.C.
445018.00000 4368266.00000 -125.6898
445018.00000 4368270.00000 -121.4970
445018.00000 4368274.00000 -119.3667
445018.00000 4368278.00000 -118.2711
445018.00000 4368282.00000 N.C.
445018.00000 4368286.00000 N.C.
445018.00000 4368290.00000 -128.7253
445018.00000 4368294.00000 -117.2035
445018.00000 4368298.00000 -117.1606
445018.00000 4368302.00000 -118.1914
445018.00000 4368306.00000 N.C.
445018.00000 4368310.00000 -115.3815
445018.00000 4368314.00000 N.C.
445018.00000 4368318.00000 -126.1497
445018.00000 4368322.00000 -113.7886
445018.00000 4368326.00000 -120.8177
445018.00000 4368330.00000 N.C.
445018.00000 4368334.00000 -122.0762
445018.00000 4368338.00000 -131.2990
445018.00000 4368342.00000 -133.6059
445018.00000 4368346.00000 -135.4234
445018.00000 4368350.00000 -133.2890
445018.00000 4368354.00000 -132.0206
445018.00000 4368358.00000 -126.2824
445018.00000 4368362.00000 -130.0233
445018.00000 4368366.00000 -126.1540
445018.00000 4368370.00000 -125.5637
445018.00000 4368374.00000 N.C.
445018.00000 4368378.00000 N.C.
445018.00000 4368382.00000 N.C.
445018.00000 4368386.00000 -148.8568
445018.00000 4368390.00000 -145.5247
445018.00000 4368394.00000 -142.9046
445022.00000 4367886.00000 -106.9279
445022.00000 4367890.00000 -106.8416
445022.00000 4367894.00000 -106.0419
445022.00000 4367898.00000 -105.5847
445022.00000 4367902.00000 -105.0009
445022.00000 4367906.00000 -105.5817
445022.00000 4367910.00000 -105.7687
445022.00000 4367914.00000 -106.1674
445022.00000 4367918.00000 -104.5295
445022.00000 4367922.00000 -105.5605
445022.00000 4367926.00000 -105.3917
445022.00000 4367930.00000 -105.7158
445022.00000 4367934.00000 -105.5700
445022.00000 4367938.00000 -105.4464
445022.00000 4367942.00000 -104.9420
445022.00000 4367946.00000 -102.1765
445022.00000 4367950.00000 -102.0743
445022.00000 4367954.00000 -104.4004
445022.00000 4367958.00000 -104.3518
445022.00000 4367962.00000 -104.0359
445022.00000 4367966.00000 -104.0224
445022.00000 4367970.00000 -108.7742
445022.00000 4367974.00000 -110.1772
445022.00000 4367978.00000 -106.1734
445022.00000 4367982.00000 -107.4238
445022.00000 4367986.00000 -107.2917
445022.00000 4367990.00000 -106.2664
445022.00000 4367994.00000 -112.4435
445022.00000 4367998.00000 -111.0354
445022.00000 4368002.00000 -103.9384
445022.00000 4368006.00000 -105.4436
445022.00000 4368010.00000 -105.2785
445022.00000 4368014.00000 -105.2607
445022.00000 4368018.00000 -105.2297
445022.00000 4368022.00000 -110.0314
445022.00000 4368026.00000 -104.8481
445022.00000 4368030.00000 -108.9658
445022.00000 4368034.00000 -111.8464
445022.00000 4368038.00000 -111.7406
445022.00000 4368042.00000 -115.1287
445022.00000 4368046.00000 -112.2776
445022.00000 4368050.00000 -115.4771
445022.00000 4368054.00000 -116.0630
445022.00000 4368058.00000 -119.3974
445022.00000 4368062.00000 -117.5413
445022.00000 4368066.00000 -118.3820
445022.00000 4368070.00000 -118.9924
445022.00000 4368074.00000 -120.3426
445022.00000 4368078.00000 -118.0180
445022.00000 4368082.00000 -118.0045
445022.00000 4368086.00000 -118.0217
445022.00000 4368090.00000 -118.2001
445022.00000 4368094.00000 N.C.
445022.00000 4368098.00000 N.C.
445022.00000 4368102.00000 -106.6105
445022.00000 4368106.00000 -103.9980
445022.00000 4368110.00000 -107.5833
445022.00000 4368114.00000 N.C.
445022.00000 4368118.00000 N.C.
445022.00000 4368122.00000 N.C.
445022.00000 4368126.00000 N.C.
445022.00000 4368130.00000 N.C.
445022.00000 4368134.00000 N.C.
445022.00000 4368138.00000 N.C.
445022.00000 4368142.00000 N.C.
445022.00000 4368146.00000 N.C.
445022.00000 4368150.00000 N.C.
445022.00000 4368154.00000 -101.0967
445022.00000 4368158.00000 -96.8490
445022.00000 4368162.00000 -104.4459
445022.00000 4368166.00000 -107.8412
445022.00000 4368170.00000 -106.9708
445022.00000 4368174.00000 -106.4331
445022.00000 4368178.00000 -112.5857
445022.00000 4368182.00000 -113.6078
445022.00000 4368186.00000 -112.6497
445022.00000 4368190.00000 -114.9081
445022.00000 4368194.00000 -114.5249
445022.00000 4368198.00000 -108.2386
445022.00000 4368202.00000 -112.4872
445022.00000 4368206.00000 -111.3854
445022.00000 4368210.00000 -110.9724
445022.00000 4368214.00000 N.C.
445022.00000 4368218.00000 N.C.
445022.00000 4368222.00000 -121.5819
445022.00000 4368226.00000 -121.8283
445022.00000 4368230.00000 -116.3857
445022.00000 4368234.00000 -113.8503
445022.00000 4368238.00000 N.C.
445022.00000 4368242.00000 N.C.
445022.00000 4368246.00000 N.C.
445022.00000 4368250.00000 N.C.
445022.00000 4368254.00000 -120.4105
445022.00000 4368258.00000 N.C.
445022.00000 4368262.00000 N.C.
445022.00000 4368266.00000 N.C.
445022.00000 4368270.00000 N.C.
445022.00000 4368274.00000 N.C.
445022.00000 4368278.00000 -120.4474
445022.00000 4368282.00000 N.C.
445022.00000 4368286.00000 -133.0076
445022.00000 4368290.00000 -120.8434
445022.00000 4368294.00000 -125.4348
445022.00000 4368298.00000 -130.3837
445022.00000 4368302.00000 -124.0011
445022.00000 4368306.00000 N.C.
445022.00000 4368310.00000 N.C.
445022.00000 4368314.00000 N.C.
445022.00000 4368318.00000 -128.2941
445022.00000 4368322.00000 -122.2918
445022.00000 4368326.00000 -125.6928
445022.00000 4368330.00000 N.C.
445022.00000 4368334.00000 N.C.
445022.00000 4368338.00000 N.C.
445022.00000 4368342.00000 N.C.
445022.00000 4368346.00000 -148.0124
445022.00000 4368350.00000 N.C.
445022.00000 4368354.00000 -130.9603
445022.00000 4368358.00000 -123.2497
445022.00000 4368362.00000 -133.1974
445022.00000 4368366.00000 -132.6920
445022.00000 4368370.00000 -126.8572
445022.00000 4368374.00000 -130.7422
445022.00000 4368378.00000 -132.2141
445022.00000 4368382.00000 -131.2215
445022.00000 4368386.00000 -136.1240
445022.00000 4368390.00000 -136.9754
445022.00000 4368394.00000 -136.7689
445026.00000 4367886.00000 -106.9806
445026.00000 4367890.00000 -106.8549
445026.00000 4367894.00000 -106.5045
445026.00000 4367898.00000 -106.4142
445026.00000 4367902.00000 -105.2807
445026.00000 4367906.00000 -105.4668
445026.00000 4367910.00000 -105.3906
445026.00000 4367914.00000 -105.6005
445026.00000 4367918.00000 -105.4579
445026.00000 4367922.00000 -104.3800
445026.00000 4367926.00000 -104.8041
445026.00000 4367930.00000 -104.9187
445026.00000 4367934.00000 -105.5302
445026.00000 4367938.00000 -105.3845
445026.00000 4367942.00000 -105.2710
445026.00000 4367946.00000 -103.6107
445026.00000 4367950.00000 -102.2444
445026.00000 4367954.00000 -101.8284
445026.00000 4367958.00000 -104.1643
445026.00000 4367962.00000 -104.1285
445026.00000 4367966.00000 -104.0218
445026.00000 4367970.00000 -103.6675
445026.00000 4367974.00000 -108.4478
445026.00000 4367978.00000 -109.6848
445026.00000 4367982.00000 -106.7595
445026.00000 4367986.00000 -107.2922
445026.00000 4367990.00000 -107.1508
445026.00000 4367994.00000 -105.8864
445026.00000 4367998.00000 -114.4580
445026.00000 4368002.00000 -105.3135
445026.00000 4368006.00000 -103.9504
445026.00000 4368010.00000 -105.8270
445026.00000 4368014.00000 -105.1813
445026.00000 4368018.00000 -105.0860
445026.00000 4368022.00000 -109.0687
445026.00000 4368026.00000 -109.6841
445026.00000 4368030.00000 -109.2620
445026.00000 4368034.00000 -110.8102
445026.00000 4368038.00000 -111.6053
445026.00000 4368042.00000 -114.4250
445026.00000 4368046.00000 -114.9861
445026.00000 4368050.00000 -115.5181
445026.00000 4368054.00000 -116.0716
445026.00000 4368058.00000 -117.7662
445026.00000 4368062.00000 -120.2588
445026.00000 4368066.00000 -117.1317
445026.00000 4368070.00000 -119.6596
445026.00000 4368074.00000 -117.0857
445026.00000 4368078.00000 -121.9712
445026.00000 4368082.00000 -116.6762
445026.00000 4368086.00000 -118.1432
445026.00000 4368090.00000 -129.9658
445026.00000 4368094.00000 N.C.
445026.00000 4368098.00000 N.C.
445026.00000 4368102.00000 N.C.
445026.00000 4368106.00000 N.C.
445026.00000 4368110.00000 -111.7470
445026.00000 4368114.00000 N.C.
445026.00000 4368118.00000 N.C.
445026.00000 4368122.00000 N.C.
445026.00000 4368126.00000 N.C.
445026.00000 4368130.00000 N.C.
445026.00000 4368134.00000 -111.0625
445026.00000 4368138.00000 -110.6297
445026.00000 4368142.00000 N.C.
445026.00000 4368146.00000 N.C.
445026.00000 4368150.00000 N.C.
445026.00000 4368154.00000 -100.9528
445026.00000 4368158.00000 -97.3142
445026.00000 4368162.00000 -105.1196
445026.00000 4368166.00000 -104.5137
445026.00000 4368170.00000 -111.7499
445026.00000 4368174.00000 -117.4881
445026.00000 4368178.00000 N.C.
445026.00000 4368182.00000 N.C.
445026.00000 4368186.00000 N.C.
445026.00000 4368190.00000 N.C.
445026.00000 4368194.00000 N.C.
445026.00000 4368198.00000 -112.0699
445026.00000 4368202.00000 -112.3609
445026.00000 4368206.00000 -112.3690
445026.00000 4368210.00000 -111.4651
445026.00000 4368214.00000 N.C.
445026.00000 4368218.00000 -124.7026
445026.00000 4368222.00000 -122.1693
445026.00000 4368226.00000 -117.9683
445026.00000 4368230.00000 -116.0195
445026.00000 4368234.00000 -115.0589
445026.00000 4368238.00000 -115.5048
445026.00000 4368242.00000 N.C.
445026.00000 4368246.00000 -142.6199
445026.00000 4368250.00000 -134.5590
445026.00000 4368254.00000 -121.1192
445026.00000 4368258.00000 N.C.
445026.00000 4368262.00000 N.C.
445026.00000 4368266.00000 N.C.
445026.00000 4368270.00000 N.C.
445026.00000 4368274.00000 N.C.
445026.00000 4368278.00000 N.C.
445026.00000 4368282.00000 N.C.
445026.00000 4368286.00000 -120.5487
445026.00000 4368290.00000 -121.5812
445026.00000 4368294.00000 N.C.
445026.00000 4368298.00000 N.C.
445026.00000 4368302.00000 -112.7812
445026.00000 4368306.00000 N.C.
445026.00000 4368310.00000 N.C.
445026.00000 4368314.00000 -127.5385
445026.00000 4368318.00000 -127.1598
445026.00000 4368322.00000 -122.0083
445026.00000 4368326.00000 N.C.
445026.00000 4368330.00000 N.C.
445026.00000 4368334.00000 -129.3308
445026.00000 4368338.00000 N.C.
445026.00000 4368342.00000 N.C.
445026.00000 4368346.00000 N.C.
445026.00000 4368350.00000 N.C.
445026.00000 4368354.00000 N.C.
445026.00000 4368358.00000 N.C.
445026.00000 4368362.00000 N.C.
445026.00000 4368366.00000 N.C.
445026.00000 4368370.00000 -127.2922
445026.00000 4368374.00000 -134.2894
445026.00000 4368378.00000 -133.7960
445026.00000 4368382.00000 -132.8884
445026.00000 4368386.00000 -132.3118
445026.00000 4368390.00000 -132.1501
445026.00000 4368394.00000 -132.3000
445030.00000 4367886.00000 -106.7801
445030.00000 4367890.00000 -106.6413
445030.00000 4367894.00000 -106.5286
445030.00000 4367898.00000 -106.2878
445030.00000 4367902.00000 -106.1444
445030.00000 4367906.00000 -105.9306
445030.00000 4367910.00000 -104.9604
445030.00000 4367914.00000 -104.4628
445030.00000 4367918.00000 -104.1915
445030.00000 4367922.00000 -104.2781
445030.00000 4367926.00000 -104.2975
445030.00000 4367930.00000 -104.2839
445030.00000 4367934.00000 -104.6493
445030.00000 4367938.00000 -105.0885
445030.00000 4367942.00000 -105.1730
445030.00000 4367946.00000 -105.0456
445030.00000 4367950.00000 -103.4031
445030.00000 4367954.00000 -102.1259
445030.00000 4367958.00000 -104.0875
445030.00000 4367962.00000 -103.9607
445030.00000 4367966.00000 -103.9098
445030.00000 4367970.00000 -103.7912
445030.00000 4367974.00000 -103.3835
445030.00000 4367978.00000 -105.6377
445030.00000 4367982.00000 -109.4312
445030.00000 4367986.00000 -106.5901
445030.00000 4367990.00000 -107.0905
445030.00000 4367994.00000 -111.7105
445030.00000 4367998.00000 -109.2739
445030.00000 4368002.00000 -111.3213
445030.00000 4368006.00000 -104.8492
445030.00000 4368010.00000 -105.1145
445030.00000 4368014.00000 -105.6114
445030.00000 4368018.00000 -105.5473
445030.00000 4368022.00000 -110.3901
445030.00000 4368026.00000 -112.4740
445030.00000 4368030.00000 -113.1453
445030.00000 4368034.00000 -110.7297
445030.00000 4368038.00000 -111.8245
445030.00000 4368042.00000 -114.3838
445030.00000 4368046.00000 -114.2031
445030.00000 4368050.00000 -114.8407
445030.00000 4368054.00000 -117.6646
445030.00000 4368058.00000 -117.1152
445030.00000 4368062.00000 -119.2571
445030.00000 4368066.00000 -120.0155
445030.00000 4368070.00000 -119.7711
445030.00000 4368074.00000 -119.9500
445030.00000 4368078.00000 -123.5285
445030.00000 4368082.00000 -125.6772
445030.00000 4368086.00000 -123.9211
445030.00000 4368090.00000 N.C.
445030.00000 4368094.00000 N.C.
445030.00000 4368098.00000 N.C.
445030.00000 4368102.00000 N.C.
445030.00000 4368106.00000 N.C.
445030.00000 4368110.00000 N.C.
445030.00000 4368114.00000 N.C.
445030.00000 4368118.00000 N.C.
445030.00000 4368122.00000 N.C.
445030.00000 4368126.00000 N.C.
445030.00000 4368130.00000 N.C.
445030.00000 4368134.00000 -120.4640
445030.00000 4368138.00000 -112.3074
445030.00000 4368142.00000 N.C.
445030.00000 4368146.00000 -119.8427
445030.00000 4368150.00000 N.C.
445030.00000 4368154.00000 -100.6948
445030.00000 4368158.00000 -97.1312
445030.00000 4368162.00000 -108.4840
445030.00000 4368166.00000 -107.9614
445030.00000 4368170.00000 N.C.
445030.00000 4368174.00000 N.C.
445030.00000 4368178.00000 N.C.
445030.00000 4368182.00000 N.C.
445030.00000 4368186.00000 N.C.
445030.00000 4368190.00000 N.C.
445030.00000 4368194.00000 -112.9378
445030.00000 4368198.00000 -112.3787
445030.00000 4368202.00000 -113.1407
445030.00000 4368206.00000 -112.2163
445030.00000 4368210.00000 N.C.
445030.00000 4368214.00000 N.C.
445030.00000 4368218.00000 -124.9130
445030.00000 4368222.00000 -120.2589
445030.00000 4368226.00000 -116.8859
445030.00000 4368230.00000 -116.4564
445030.00000 4368234.00000 -115.8166
445030.00000 4368238.00000 N.C.
445030.00000 4368242.00000 N.C.
445030.00000 4368246.00000 N.C.
445030.00000 4368250.00000 N.C.
445030.00000 4368254.00000 -121.4082
445030.00000 4368258.00000 N.C.
445030.00000 4368262.00000 N.C.
445030.00000 4368266.00000 N.C.
445030.00000 4368270.00000 N.C.
445030.00000 4368274.00000 N.C.
445030.00000 4368278.00000 N.C.
445030.00000 4368282.00000 -128.9850
445030.00000 4368286.00000 -123.4067
445030.00000 4368290.00000 -142.8784
445030.00000 4368294.00000 N.C.
445030.00000 4368298.00000 N.C.
445030.00000 4368302.00000 -128.9154
445030.00000 4368306.00000 -140.5318
445030.00000 4368310.00000 N.C.
445030.00000 4368314.00000 -125.3104
445030.00000 4368318.00000 -126.7790
445030.00000 4368322.00000 N.C.
445030.00000 4368326.00000 N.C.
445030.00000 4368330.00000 N.C.
445030.00000 4368334.00000 -130.7492
445030.00000 4368338.00000 -115.1068
445030.00000 4368342.00000 -129.3197
445030.00000 4368346.00000 N.C.
445030.00000 4368350.00000 N.C.
445030.00000 4368354.00000 N.C.
445030.00000 4368358.00000 N.C.
445030.00000 4368362.00000 N.C.
445030.00000 4368366.00000 N.C.
445030.00000 4368370.00000 -127.7031
445030.00000 4368374.00000 -127.5794
445030.00000 4368378.00000 -134.5146
445030.00000 4368382.00000 -135.8452
445030.00000 4368386.00000 -137.3540
445030.00000 4368390.00000 -134.9846
445030.00000 4368394.00000 -133.6480
445034.00000 4367886.00000 -107.2958
445034.00000 4367890.00000 -106.4808
445034.00000 4367894.00000 -106.3466
445034.00000 4367898.00000 -106.2737
445034.00000 4367902.00000 -106.0574
445034.00000 4367906.00000 -105.8911
445034.00000 4367910.00000 -105.7893
445034.00000 4367914.00000 -105.5609
445034.00000 4367918.00000 -104.6687
445034.00000 4367922.00000 -105.1347
445034.00000 4367926.00000 -103.7621
445034.00000 4367930.00000 -103.3289
445034.00000 4367934.00000 -104.3794
445034.00000 4367938.00000 -104.1081
445034.00000 4367942.00000 -104.4970
445034.00000 4367946.00000 -104.8009
445034.00000 4367950.00000 -104.8342
445034.00000 4367954.00000 -103.1359
445034.00000 4367958.00000 -104.7575
445034.00000 4367962.00000 -105.1007
445034.00000 4367966.00000 -110.4303
445034.00000 4367970.00000 -110.6209
445034.00000 4367974.00000 -110.6556
445034.00000 4367978.00000 -110.5842
445034.00000 4367982.00000 -105.4156
445034.00000 4367986.00000 -109.1367
445034.00000 4367990.00000 -104.2778
445034.00000 4367994.00000 -111.8307
445034.00000 4367998.00000 -110.8373
445034.00000 4368002.00000 -109.1371
445034.00000 4368006.00000 -112.9496
445034.00000 4368010.00000 -105.1621
445034.00000 4368014.00000 -109.1837
445034.00000 4368018.00000 -110.5149
445034.00000 4368022.00000 -110.3175
445034.00000 4368026.00000 -110.9924
445034.00000 4368030.00000 -111.9994
445034.00000 4368034.00000 -112.5447
445034.00000 4368038.00000 -109.8366
445034.00000 4368042.00000 -114.5695
445034.00000 4368046.00000 -114.3946
445034.00000 4368050.00000 -114.1077
445034.00000 4368054.00000 -116.1922
445034.00000 4368058.00000 -119.3073
445034.00000 4368062.00000 -119.3890
445034.00000 4368066.00000 -120.5517
445034.00000 4368070.00000 -117.9523
445034.00000 4368074.00000 -120.3673
445034.00000 4368078.00000 -126.4423
445034.00000 4368082.00000 -129.7846
445034.00000 4368086.00000 -142.0742
445034.00000 4368090.00000 N.C.
445034.00000 4368094.00000 N.C.
445034.00000 4368098.00000 -106.2686
445034.00000 4368102.00000 N.C.
445034.00000 4368106.00000 -120.5785
445034.00000 4368110.00000 -99.0694
445034.00000 4368114.00000 -99.1935
445034.00000 4368118.00000 N.C.
445034.00000 4368122.00000 N.C.
445034.00000 4368126.00000 N.C.
445034.00000 4368130.00000 N.C.
445034.00000 4368134.00000 N.C.
445034.00000 4368138.00000 -112.3941
445034.00000 4368142.00000 N.C.
445034.00000 4368146.00000 N.C.
445034.00000 4368150.00000 N.C.
445034.00000 4368154.00000 -98.4507
445034.00000 4368158.00000 -98.4909
445034.00000 4368162.00000 -108.4359
445034.00000 4368166.00000 -106.7856
445034.00000 4368170.00000 N.C.
445034.00000 4368174.00000 N.C.
445034.00000 4368178.00000 N.C.
445034.00000 4368182.00000 N.C.
445034.00000 4368186.00000 N.C.
445034.00000 4368190.00000 N.C.
445034.00000 4368194.00000 -111.9225
445034.00000 4368198.00000 -111.6585
445034.00000 4368202.00000 -113.0931
445034.00000 4368206.00000 -112.6199
445034.00000 4368210.00000 N.C.
445034.00000 4368214.00000 N.C.
445034.00000 4368218.00000 -123.2619
445034.00000 4368222.00000 -117.1624
445034.00000 4368226.00000 -115.7953
445034.00000 4368230.00000 -116.2192
445034.00000 4368234.00000 -115.3521
445034.00000 4368238.00000 N.C.
445034.00000 4368242.00000 N.C.
445034.00000 4368246.00000 N.C.
445034.00000 4368250.00000 -120.5510
445034.00000 4368254.00000 -121.5594
445034.00000 4368258.00000 N.C.
445034.00000 4368262.00000 N.C.
445034.00000 4368266.00000 -128.4864
445034.00000 4368270.00000 N.C.
445034.00000 4368274.00000 N.C.
445034.00000 4368278.00000 N.C.
445034.00000 4368282.00000 -123.3297
445034.00000 4368286.00000 -119.7210
445034.00000 4368290.00000 N.C.
445034.00000 4368294.00000 N.C.
445034.00000 4368298.00000 N.C.
445034.00000 4368302.00000 N.C.
445034.00000 4368306.00000 N.C.
445034.00000 4368310.00000 -137.3964
445034.00000 4368314.00000 -126.1472
445034.00000 4368318.00000 -125.2362
445034.00000 4368322.00000 N.C.
445034.00000 4368326.00000 N.C.
445034.00000 4368330.00000 -132.9600
445034.00000 4368334.00000 -128.8074
445034.00000 4368338.00000 -116.2098
445034.00000 4368342.00000 -127.4739
445034.00000 4368346.00000 N.C.
445034.00000 4368350.00000 N.C.
445034.00000 4368354.00000 N.C.
445034.00000 4368358.00000 -138.3472
445034.00000 4368362.00000 N.C.
445034.00000 4368366.00000 N.C.
445034.00000 4368370.00000 -128.0082
445034.00000 4368374.00000 -127.9383
445034.00000 4368378.00000 N.C.
445034.00000 4368382.00000 -135.7104
445034.00000 4368386.00000 -145.6862
445034.00000 4368390.00000 -140.1602
445034.00000 4368394.00000 -137.2413
445038.00000 4367886.00000 -107.1818
445038.00000 4367890.00000 -106.9660
445038.00000 4367894.00000 -106.3161
445038.00000 4367898.00000 -106.0987
445038.00000 4367902.00000 -105.9532
445038.00000 4367906.00000 -105.8392
445038.00000 4367910.00000 -105.7160
445038.00000 4367914.00000 -105.5611
445038.00000 4367918.00000 -105.3503
445038.00000 4367922.00000 -105.4978
445038.00000 4367926.00000 -103.9670
445038.00000 4367930.00000 -104.0155
445038.00000 4367934.00000 -103.1161
445038.00000 4367938.00000 -103.5839
445038.00000 4367942.00000 -104.1154
445038.00000 4367946.00000 -103.2986
445038.00000 4367950.00000 -104.6629
445038.00000 4367954.00000 -113.5174
445038.00000 4367958.00000 -113.9203
445038.00000 4367962.00000 -107.1257
445038.00000 4367966.00000 -105.4922
445038.00000 4367970.00000 -106.7042
445038.00000 4367974.00000 -106.7267
445038.00000 4367978.00000 -106.6835
445038.00000 4367982.00000 -109.1942
445038.00000 4367986.00000 -105.1709
445038.00000 4367990.00000 -105.4776
445038.00000 4367994.00000 -105.9549
445038.00000 4367998.00000 -111.6985
445038.00000 4368002.00000 -110.7943
445038.00000 4368006.00000 -109.0526
445038.00000 4368010.00000 -112.7207
445038.00000 4368014.00000 -109.2149
445038.00000 4368018.00000 -109.7281
445038.00000 4368022.00000 -110.9224
445038.00000 4368026.00000 -110.9176
445038.00000 4368030.00000 -112.7466
445038.00000 4368034.00000 -113.9760
445038.00000 4368038.00000 -113.5314
445038.00000 4368042.00000 -111.8613
445038.00000 4368046.00000 -112.9230
445038.00000 4368050.00000 -114.5940
445038.00000 4368054.00000 -114.8990
445038.00000 4368058.00000 -117.5743
445038.00000 4368062.00000 -119.4857
445038.00000 4368066.00000 -120.3666
445038.00000 4368070.00000 -119.7144
445038.00000 4368074.00000 -120.0871
445038.00000 4368078.00000 -125.4419
445038.00000 4368082.00000 -127.5497
445038.00000 4368086.00000 -144.7426
445038.00000 4368090.00000 N.C.
445038.00000 4368094.00000 N.C.
445038.00000 4368098.00000 -113.1165
445038.00000 4368102.00000 N.C.
445038.00000 4368106.00000 N.C.
445038.00000 4368110.00000 -98.4014
445038.00000 4368114.00000 -99.1226
445038.00000 4368118.00000 N.C.
445038.00000 4368122.00000 -113.5817
445038.00000 4368126.00000 -112.1388
445038.00000 4368130.00000 -109.1085
445038.00000 4368134.00000 N.C.
445038.00000 4368138.00000 N.C.
445038.00000 4368142.00000 -116.1307
445038.00000 4368146.00000 N.C.
445038.00000 4368150.00000 N.C.
445038.00000 4368154.00000 -99.4520
445038.00000 4368158.00000 -98.9343
445038.00000 4368162.00000 -110.4044
445038.00000 4368166.00000 -110.2879
445038.00000 4368170.00000 N.C.
445038.00000 4368174.00000 N.C.
445038.00000 4368178.00000 N.C.
445038.00000 4368182.00000 N.C.
445038.00000 4368186.00000 N.C.
445038.00000 4368190.00000 N.C.
445038.00000 4368194.00000 -112.5847
445038.00000 4368198.00000 -113.3864
445038.00000 4368202.00000 -112.5114
445038.00000 4368206.00000 -112.8374
445038.00000 4368210.00000 N.C.
445038.00000 4368214.00000 N.C.
445038.00000 4368218.00000 -122.6698
445038.00000 4368222.00000 -115.9188
445038.00000 4368226.00000 -117.3466
445038.00000 4368230.00000 -116.9897
445038.00000 4368234.00000 -114.8710
445038.00000 4368238.00000 N.C.
445038.00000 4368242.00000 N.C.
445038.00000 4368246.00000 N.C.
445038.00000 4368250.00000 -121.6865
445038.00000 4368254.00000 N.C.
445038.00000 4368258.00000 N.C.
445038.00000 4368262.00000 N.C.
445038.00000 4368266.00000 -123.4063
445038.00000 4368270.00000 N.C.
445038.00000 4368274.00000 -144.7153
445038.00000 4368278.00000 N.C.
445038.00000 4368282.00000 -122.4020
445038.00000 4368286.00000 -123.2712
445038.00000 4368290.00000 N.C.
445038.00000 4368294.00000 N.C.
445038.00000 4368298.00000 N.C.
445038.00000 4368302.00000 N.C.
445038.00000 4368306.00000 N.C.
445038.00000 4368310.00000 N.C.
445038.00000 4368314.00000 -125.7173
445038.00000 4368318.00000 -127.9667
445038.00000 4368322.00000 N.C.
445038.00000 4368326.00000 N.C.
445038.00000 4368330.00000 -131.4565
445038.00000 4368334.00000 -130.8951
445038.00000 4368338.00000 -117.6363
445038.00000 4368342.00000 N.C.
445038.00000 4368346.00000 -139.0613
445038.00000 4368350.00000 N.C.
445038.00000 4368354.00000 N.C.
445038.00000 4368358.00000 -137.8874
445038.00000 4368362.00000 N.C.
445038.00000 4368366.00000 -128.8639
445038.00000 4368370.00000 -129.1962
445038.00000 4368374.00000 -128.9289
445038.00000 4368378.00000 N.C.
445038.00000 4368382.00000 N.C.
445038.00000 4368386.00000 -143.6792
445038.00000 4368390.00000 -141.3305
445038.00000 4368394.00000 -139.1640
445042.00000 4367886.00000 -107.1046
445042.00000 4367890.00000 -106.8685
445042.00000 4367894.00000 -106.7341
445042.00000 4367898.00000 -106.6114
445042.00000 4367902.00000 -105.9005
445042.00000 4367906.00000 -105.7116
445042.00000 4367910.00000 -105.6312
445042.00000 4367914.00000 -105.5017
445042.00000 4367918.00000 -105.3235
445042.00000 4367922.00000 -105.2094
445042.00000 4367926.00000 -105.2787
445042.00000 4367930.00000 -105.1121
445042.00000 4367934.00000 -105.0995
445042.00000 4367938.00000 -103.0952
445042.00000 4367942.00000 -102.9229
445042.00000 4367946.00000 -102.6042
445042.00000 4367950.00000 -102.2301
445042.00000 4367954.00000 -112.5360
445042.00000 4367958.00000 -113.7653
445042.00000 4367962.00000 -113.6543
445042.00000 4367966.00000 -106.6531
445042.00000 4367970.00000 -105.3771
445042.00000 4367974.00000 -104.9074
445042.00000 4367978.00000 -106.5119
445042.00000 4367982.00000 -106.4793
445042.00000 4367986.00000 -106.2201
445042.00000 4367990.00000 -102.0439
445042.00000 4367994.00000 -103.5241
445042.00000 4367998.00000 -105.7811
445042.00000 4368002.00000 -111.2185
445042.00000 4368006.00000 -110.7155
445042.00000 4368010.00000 -111.9270
445042.00000 4368014.00000 -112.9953
445042.00000 4368018.00000 -109.7283
445042.00000 4368022.00000 -111.2730
445042.00000 4368026.00000 -111.1915
445042.00000 4368030.00000 -110.5908
445042.00000 4368034.00000 -112.8324
445042.00000 4368038.00000 -114.0183
445042.00000 4368042.00000 -113.1545
445042.00000 4368046.00000 -114.0873
445042.00000 4368050.00000 -113.5153
445042.00000 4368054.00000 -113.6441
445042.00000 4368058.00000 -115.5271
445042.00000 4368062.00000 -118.4567
445042.00000 4368066.00000 -120.7047
445042.00000 4368070.00000 -117.8371
445042.00000 4368074.00000 -119.4508
445042.00000 4368078.00000 -126.0801
445042.00000 4368082.00000 -130.3643
445042.00000 4368086.00000 N.C.
445042.00000 4368090.00000 N.C.
445042.00000 4368094.00000 N.C.
445042.00000 4368098.00000 -120.3472
445042.00000 4368102.00000 N.C.
445042.00000 4368106.00000 N.C.
445042.00000 4368110.00000 -98.0546
445042.00000 4368114.00000 -106.7232
445042.00000 4368118.00000 N.C.
445042.00000 4368122.00000 N.C.
445042.00000 4368126.00000 N.C.
445042.00000 4368130.00000 -117.7667
445042.00000 4368134.00000 N.C.
445042.00000 4368138.00000 -113.6840
445042.00000 4368142.00000 -114.6461
445042.00000 4368146.00000 -112.0163
445042.00000 4368150.00000 -107.3743
445042.00000 4368154.00000 -99.4896
445042.00000 4368158.00000 -98.6643
445042.00000 4368162.00000 -108.9424
445042.00000 4368166.00000 -111.7324
445042.00000 4368170.00000 -111.6931
445042.00000 4368174.00000 N.C.
445042.00000 4368178.00000 N.C.
445042.00000 4368182.00000 N.C.
445042.00000 4368186.00000 N.C.
445042.00000 4368190.00000 N.C.
445042.00000 4368194.00000 -111.8170
445042.00000 4368198.00000 -113.4737
445042.00000 4368202.00000 -107.9651
445042.00000 4368206.00000 -106.6893
445042.00000 4368210.00000 N.C.
445042.00000 4368214.00000 -121.2255
445042.00000 4368218.00000 -118.6851
445042.00000 4368222.00000 -116.5594
445042.00000 4368226.00000 -117.1078
445042.00000 4368230.00000 -116.3041
445042.00000 4368234.00000 -115.3224
445042.00000 4368238.00000 N.C.
445042.00000 4368242.00000 N.C.
445042.00000 4368246.00000 N.C.
445042.00000 4368250.00000 -130.7269
445042.00000 4368254.00000 N.C.
445042.00000 4368258.00000 N.C.
445042.00000 4368262.00000 N.C.
445042.00000 4368266.00000 N.C.
445042.00000 4368270.00000 N.C.
445042.00000 4368274.00000 N.C.
445042.00000 4368278.00000 N.C.
445042.00000 4368282.00000 N.C.
445042.00000 4368286.00000 N.C.
445042.00000 4368290.00000 N.C.
445042.00000 4368294.00000 N.C.
445042.00000 4368298.00000 N.C.
445042.00000 4368302.00000 N.C.
445042.00000 4368306.00000 N.C.
445042.00000 4368310.00000 -124.7001
445042.00000 4368314.00000 -126.6660
445042.00000 4368318.00000 -127.3747
445042.00000 4368322.00000 N.C.
445042.00000 4368326.00000 N.C.
445042.00000 4368330.00000 N.C.
445042.00000 4368334.00000 -139.6677
445042.00000 4368338.00000 N.C.
445042.00000 4368342.00000 N.C.
445042.00000 4368346.00000 -141.7283
445042.00000 4368350.00000 N.C.
445042.00000 4368354.00000 N.C.
445042.00000 4368358.00000 -138.0426
445042.00000 4368362.00000 N.C.
445042.00000 4368366.00000 -130.0745
445042.00000 4368370.00000 -132.9076
445042.00000 4368374.00000 N.C.
445042.00000 4368378.00000 -151.2118
445042.00000 4368382.00000 N.C.
445042.00000 4368386.00000 -153.0612
445042.00000 4368390.00000 -140.8492
445042.00000 4368394.00000 -144.5439
445046.00000 4367886.00000 -107.0411
445046.00000 4367890.00000 -106.8474
445046.00000 4367894.00000 -106.6605
445046.00000 4367898.00000 -106.4903
445046.00000 4367902.00000 -106.3978
445046.00000 4367906.00000 -106.2340
445046.00000 4367910.00000 -105.4701
445046.00000 4367914.00000 -105.3186
445046.00000 4367918.00000 -105.2536
445046.00000 4367922.00000 -105.0715
445046.00000 4367926.00000 -104.8551
445046.00000 4367930.00000 -104.7036
445046.00000 4367934.00000 -105.0144
445046.00000 4367938.00000 -104.8687
445046.00000 4367942.00000 -102.9738
445046.00000 4367946.00000 -103.0778
445046.00000 4367950.00000 -102.8976
445046.00000 4367954.00000 -105.6030
445046.00000 4367958.00000 -103.8802
445046.00000 4367962.00000 -113.0653
445046.00000 4367966.00000 -112.0890
445046.00000 4367970.00000 -106.4804
445046.00000 4367974.00000 -109.0079
445046.00000 4367978.00000 -105.2408
445046.00000 4367982.00000 -106.1657
445046.00000 4367986.00000 -105.9217
445046.00000 4367990.00000 -106.0083
445046.00000 4367994.00000 -101.8602
445046.00000 4367998.00000 -103.3289
445046.00000 4368002.00000 -105.5217
445046.00000 4368006.00000 -111.0403
445046.00000 4368010.00000 -112.2569
445046.00000 4368014.00000 -112.8250
445046.00000 4368018.00000 -113.9053
445046.00000 4368022.00000 -109.9409
445046.00000 4368026.00000 -111.1468
445046.00000 4368030.00000 -111.0482
445046.00000 4368034.00000 -111.1003
445046.00000 4368038.00000 -114.8235
445046.00000 4368042.00000 -115.6499
445046.00000 4368046.00000 -113.6796
445046.00000 4368050.00000 -116.0128
445046.00000 4368054.00000 -115.9289
445046.00000 4368058.00000 -113.7115
445046.00000 4368062.00000 -114.3534
445046.00000 4368066.00000 -119.2744
445046.00000 4368070.00000 -119.3997
445046.00000 4368074.00000 -122.3828
445046.00000 4368078.00000 -128.6327
445046.00000 4368082.00000 -137.0499
445046.00000 4368086.00000 N.C.
445046.00000 4368090.00000 N.C.
445046.00000 4368094.00000 -115.7013
445046.00000 4368098.00000 N.C.
445046.00000 4368102.00000 N.C.
445046.00000 4368106.00000 N.C.
445046.00000 4368110.00000 -109.2632
445046.00000 4368114.00000 -109.8649
445046.00000 4368118.00000 -108.8450
445046.00000 4368122.00000 -109.1950
445046.00000 4368126.00000 -109.0667
445046.00000 4368130.00000 N.C.
445046.00000 4368134.00000 N.C.
445046.00000 4368138.00000 -114.1841
445046.00000 4368142.00000 -117.5330
445046.00000 4368146.00000 -112.1997
445046.00000 4368150.00000 -99.3018
445046.00000 4368154.00000 -105.4339
445046.00000 4368158.00000 -98.1557
445046.00000 4368162.00000 -108.4995
445046.00000 4368166.00000 -110.5663
445046.00000 4368170.00000 -109.8939
445046.00000 4368174.00000 -107.5398
445046.00000 4368178.00000 -110.8317
445046.00000 4368182.00000 -112.0262
445046.00000 4368186.00000 -111.0516
445046.00000 4368190.00000 -110.1008
445046.00000 4368194.00000 -111.5655
445046.00000 4368198.00000 -107.8600
445046.00000 4368202.00000 -105.8053
445046.00000 4368206.00000 N.C.
445046.00000 4368210.00000 N.C.
445046.00000 4368214.00000 -117.9923
445046.00000 4368218.00000 -116.8887
445046.00000 4368222.00000 -117.6238
445046.00000 4368226.00000 -117.4184
445046.00000 4368230.00000 -115.8954
445046.00000 4368234.00000 -116.6996
445046.00000 4368238.00000 -118.1129
445046.00000 4368242.00000 -118.6776
445046.00000 4368246.00000 N.C.
445046.00000 4368250.00000 -119.4964
445046.00000 4368254.00000 N.C.
445046.00000 4368258.00000 N.C.
445046.00000 4368262.00000 N.C.
445046.00000 4368266.00000 N.C.
445046.00000 4368270.00000 N.C.
445046.00000 4368274.00000 -142.8845
445046.00000 4368278.00000 N.C.
445046.00000 4368282.00000 N.C.
445046.00000 4368286.00000 N.C.
445046.00000 4368290.00000 N.C.
445046.00000 4368294.00000 N.C.
445046.00000 4368298.00000 N.C.
445046.00000 4368302.00000 N.C.
445046.00000 4368306.00000 N.C.
445046.00000 4368310.00000 -124.5528
445046.00000 4368314.00000 -129.1303
445046.00000 4368318.00000 -124.6866
445046.00000 4368322.00000 -126.6182
445046.00000 4368326.00000 -124.1379
445046.00000 4368330.00000 N.C.
445046.00000 4368334.00000 N.C.
445046.00000 4368338.00000 N.C.
445046.00000 4368342.00000 N.C.
445046.00000 4368346.00000 -130.9101
445046.00000 4368350.00000 N.C.
445046.00000 4368354.00000 N.C.
445046.00000 4368358.00000 N.C.
445046.00000 4368362.00000 N.C.
445046.00000 4368366.00000 -130.9186
445046.00000 4368370.00000 -137.0271
445046.00000 4368374.00000 N.C.
445046.00000 4368378.00000 -156.0487
445046.00000 4368382.00000 N.C.
445046.00000 4368386.00000 -166.0137
445046.00000 4368390.00000 -138.9421
445046.00000 4368394.00000 -145.9632
445050.00000 4367886.00000 -106.9819
445050.00000 4367890.00000 -106.7823
445050.00000 4367894.00000 -106.6381
445050.00000 4367898.00000 -106.4999
445050.00000 4367902.00000 -106.3380
445050.00000 4367906.00000 -106.1398
445050.00000 4367910.00000 -106.0129
445050.00000 4367914.00000 -105.4002
445050.00000 4367918.00000 -105.0753
445050.00000 4367922.00000 -104.8521
445050.00000 4367926.00000 -104.8690
445050.00000 4367930.00000 -104.6868
445050.00000 4367934.00000 -104.7960
445050.00000 4367938.00000 -104.6678
445050.00000 4367942.00000 -104.6349
445050.00000 4367946.00000 -104.5666
445050.00000 4367950.00000 -103.8228
445050.00000 4367954.00000 -102.7898
445050.00000 4367958.00000 -104.7352
445050.00000 4367962.00000 -103.6452
445050.00000 4367966.00000 -111.7763
445050.00000 4367970.00000 -112.0768
445050.00000 4367974.00000 -112.1333
445050.00000 4367978.00000 -109.5667
445050.00000 4367982.00000 -103.2418
445050.00000 4367986.00000 -105.8576
445050.00000 4367990.00000 -105.9281
445050.00000 4367994.00000 -105.8276
445050.00000 4367998.00000 -102.8627
445050.00000 4368002.00000 -103.0955
445050.00000 4368006.00000 -109.6785
445050.00000 4368010.00000 -112.9145
445050.00000 4368014.00000 -113.2906
445050.00000 4368018.00000 -112.2897
445050.00000 4368022.00000 -113.9440
445050.00000 4368026.00000 -109.6258
445050.00000 4368030.00000 -111.5130
445050.00000 4368034.00000 -113.0724
445050.00000 4368038.00000 -114.2505
445050.00000 4368042.00000 -115.4272
445050.00000 4368046.00000 -117.6862
445050.00000 4368050.00000 -114.9117
445050.00000 4368054.00000 -116.2638
445050.00000 4368058.00000 -117.0470
445050.00000 4368062.00000 -119.0713
445050.00000 4368066.00000 -113.7050
445050.00000 4368070.00000 -119.2944
445050.00000 4368074.00000 -122.5124
445050.00000 4368078.00000 -125.3153
445050.00000 4368082.00000 N.C.
445050.00000 4368086.00000 -107.4264
445050.00000 4368090.00000 -111.6925
445050.00000 4368094.00000 -118.9464
445050.00000 4368098.00000 N.C.
445050.00000 4368102.00000 -118.0767
445050.00000 4368106.00000 -114.4654
445050.00000 4368110.00000 N.C.
445050.00000 4368114.00000 N.C.
445050.00000 4368118.00000 N.C.
445050.00000 4368122.00000 N.C.
445050.00000 4368126.00000 N.C.
445050.00000 4368130.00000 N.C.
445050.00000 4368134.00000 N.C.
445050.00000 4368138.00000 -108.2241
445050.00000 4368142.00000 -118.3191
445050.00000 4368146.00000 -110.3402
445050.00000 4368150.00000 -99.4280
445050.00000 4368154.00000 -98.1759
445050.00000 4368158.00000 -106.3894
445050.00000 4368162.00000 -106.8896
445050.00000 4368166.00000 -109.8896
445050.00000 4368170.00000 -105.7579
445050.00000 4368174.00000 -106.8554
445050.00000 4368178.00000 -108.4384
445050.00000 4368182.00000 -114.1046
445050.00000 4368186.00000 -112.6433
445050.00000 4368190.00000 -109.3506
445050.00000 4368194.00000 -107.4519
445050.00000 4368198.00000 -107.0157
445050.00000 4368202.00000 -107.0784
445050.00000 4368206.00000 N.C.
445050.00000 4368210.00000 N.C.
445050.00000 4368214.00000 -112.6229
445050.00000 4368218.00000 -115.8596
445050.00000 4368222.00000 -117.6898
445050.00000 4368226.00000 -116.4623
445050.00000 4368230.00000 -116.9749
445050.00000 4368234.00000 -116.9422
445050.00000 4368238.00000 -118.4617
445050.00000 4368242.00000 -117.9066
445050.00000 4368246.00000 -117.4451
445050.00000 4368250.00000 -120.6297
445050.00000 4368254.00000 -133.3499
445050.00000 4368258.00000 N.C.
445050.00000 4368262.00000 -128.0306
445050.00000 4368266.00000 N.C.
445050.00000 4368270.00000 -139.6709
445050.00000 4368274.00000 N.C.
445050.00000 4368278.00000 -152.0525
445050.00000 4368282.00000 N.C.
445050.00000 4368286.00000 -130.5825
445050.00000 4368290.00000 -141.2471
445050.00000 4368294.00000 -133.4371
445050.00000 4368298.00000 N.C.
445050.00000 4368302.00000 N.C.
445050.00000 4368306.00000 N.C.
445050.00000 4368310.00000 -124.8077
445050.00000 4368314.00000 -125.9314
445050.00000 4368318.00000 -124.3325
445050.00000 4368322.00000 -125.5153
445050.00000 4368326.00000 -125.1975
445050.00000 4368330.00000 N.C.
445050.00000 4368334.00000 -129.3392
445050.00000 4368338.00000 -132.3145
445050.00000 4368342.00000 N.C.
445050.00000 4368346.00000 N.C.
445050.00000 4368350.00000 N.C.
445050.00000 4368354.00000 N.C.
445050.00000 4368358.00000 N.C.
445050.00000 4368362.00000 N.C.
445050.00000 4368366.00000 -130.2575
445050.00000 4368370.00000 -131.8577
445050.00000 4368374.00000 N.C.
445050.00000 4368378.00000 -152.6234
445050.00000 4368382.00000 N.C.
445050.00000 4368386.00000 -151.1761
445050.00000 4368390.00000 -142.6407
445050.00000 4368394.00000 -142.0469
445054.00000 4367886.00000 -106.8477
445054.00000 4367890.00000 -106.7125
445054.00000 4367894.00000 -106.6267
445054.00000 4367898.00000 -106.4392
445054.00000 4367902.00000 -106.2566
445054.00000 4367906.00000 -106.1472
445054.00000 4367910.00000 -106.0059
445054.00000 4367914.00000 -105.7681
445054.00000 4367918.00000 -105.2516
445054.00000 4367922.00000 -105.0426
445054.00000 4367926.00000 -104.5858
445054.00000 4367930.00000 -104.4388
445054.00000 4367934.00000 -104.4485
445054.00000 4367938.00000 -104.5410
445054.00000 4367942.00000 -104.4165
445054.00000 4367946.00000 -104.4153
445054.00000 4367950.00000 -104.3110
445054.00000 4367954.00000 -104.1276
445054.00000 4367958.00000 -103.9921
445054.00000 4367962.00000 -103.1495
445054.00000 4367966.00000 -104.3953
445054.00000 4367970.00000 -110.7243
445054.00000 4367974.00000 -110.7288
445054.00000 4367978.00000 -111.1254
445054.00000 4367982.00000 -109.5278
445054.00000 4367986.00000 -104.4553
445054.00000 4367990.00000 -109.8499
445054.00000 4367994.00000 -105.7034
445054.00000 4367998.00000 -105.5543
445054.00000 4368002.00000 -102.6189
445054.00000 4368006.00000 -104.8474
445054.00000 4368010.00000 -111.1587
445054.00000 4368014.00000 -113.9531
445054.00000 4368018.00000 -113.0370
445054.00000 4368022.00000 -113.7454
445054.00000 4368026.00000 -114.5916
445054.00000 4368030.00000 -111.4721
445054.00000 4368034.00000 -113.0456
445054.00000 4368038.00000 -113.2385
445054.00000 4368042.00000 -115.0705
445054.00000 4368046.00000 -116.1558
445054.00000 4368050.00000 -115.8307
445054.00000 4368054.00000 -117.4843
445054.00000 4368058.00000 -116.8825
445054.00000 4368062.00000 -119.0230
445054.00000 4368066.00000 -119.5862
445054.00000 4368070.00000 -116.9562
445054.00000 4368074.00000 -114.5222
445054.00000 4368078.00000 -131.5003
445054.00000 4368082.00000 N.C.
445054.00000 4368086.00000 -114.2583
445054.00000 4368090.00000 -114.3216
445054.00000 4368094.00000 -117.5814
445054.00000 4368098.00000 N.C.
445054.00000 4368102.00000 N.C.
445054.00000 4368106.00000 N.C.
445054.00000 4368110.00000 N.C.
445054.00000 4368114.00000 N.C.
445054.00000 4368118.00000 N.C.
445054.00000 4368122.00000 N.C.
445054.00000 4368126.00000 N.C.
445054.00000 4368130.00000 N.C.
445054.00000 4368134.00000 N.C.
445054.00000 4368138.00000 -114.7523
445054.00000 4368142.00000 -122.1994
445054.00000 4368146.00000 -115.8211
445054.00000 4368150.00000 -99.4180
445054.00000 4368154.00000 -97.8395
445054.00000 4368158.00000 -105.7513
445054.00000 4368162.00000 -110.6916
445054.00000 4368166.00000 -110.2409
445054.00000 4368170.00000 -106.2614
445054.00000 4368174.00000 -107.2197
445054.00000 4368178.00000 -107.1173
445054.00000 4368182.00000 -112.1361
445054.00000 4368186.00000 -110.5805
445054.00000 4368190.00000 -111.0663
445054.00000 4368194.00000 -106.6757
445054.00000 4368198.00000 -106.9914
445054.00000 4368202.00000 -114.2398
445054.00000 4368206.00000 N.C.
445054.00000 4368210.00000 -112.8760
445054.00000 4368214.00000 -110.6437
445054.00000 4368218.00000 -115.9840
445054.00000 4368222.00000 -114.6165
445054.00000 4368226.00000 -116.8117
445054.00000 4368230.00000 -117.0605
445054.00000 4368234.00000 -120.5070
445054.00000 4368238.00000 -118.9429
445054.00000 4368242.00000 -117.7786
445054.00000 4368246.00000 -123.8708
445054.00000 4368250.00000 -135.0989
445054.00000 4368254.00000 N.C.
445054.00000 4368258.00000 N.C.
445054.00000 4368262.00000 N.C.
445054.00000 4368266.00000 -141.6641
445054.00000 4368270.00000 -116.8281
445054.00000 4368274.00000 -134.5818
445054.00000 4368278.00000 N.C.
445054.00000 4368282.00000 N.C.
445054.00000 4368286.00000 N.C.
445054.00000 4368290.00000 N.C.
445054.00000 4368294.00000 -128.0983
445054.00000 4368298.00000 N.C.
445054.00000 4368302.00000 -120.4732
445054.00000 4368306.00000 -117.1507
445054.00000 4368310.00000 -121.1181
445054.00000 4368314.00000 -125.6334
445054.00000 4368318.00000 -125.2671
445054.00000 4368322.00000 -124.8920
445054.00000 4368326.00000 -125.4232
445054.00000 4368330.00000 N.C.
445054.00000 4368334.00000 -121.9676
445054.00000 4368338.00000 N.C.
445054.00000 4368342.00000 N.C.
445054.00000 4368346.00000 N.C.
445054.00000 4368350.00000 -132.8223
445054.00000 4368354.00000 -136.1011
445054.00000 4368358.00000 N.C.
445054.00000 4368362.00000 -144.6862
445054.00000 4368366.00000 -141.2578
445054.00000 4368370.00000 N.C.
445054.00000 4368374.00000 N.C.
445054.00000 4368378.00000 -157.3948
445054.00000 4368382.00000 N.C.
445054.00000 4368386.00000 -148.8508
445054.00000 4368390.00000 -141.8622
445054.00000 4368394.00000 -139.9014
445058.00000 4367886.00000 -106.7578
445058.00000 4367890.00000 -106.6099
445058.00000 4367894.00000 -106.4690
445058.00000 4367898.00000 -106.3299
445058.00000 4367902.00000 -106.2412
445058.00000 4367906.00000 -106.0793
445058.00000 4367910.00000 -105.9091
445058.00000 4367914.00000 -105.7656
445058.00000 4367918.00000 -105.6146
445058.00000 4367922.00000 -105.0301
445058.00000 4367926.00000 -104.8602
445058.00000 4367930.00000 -104.6124
445058.00000 4367934.00000 -104.1756
445058.00000 4367938.00000 -104.1915
445058.00000 4367942.00000 -103.9817
445058.00000 4367946.00000 -104.1731
445058.00000 4367950.00000 -104.1855
445058.00000 4367954.00000 -103.9484
445058.00000 4367958.00000 -103.8666
445058.00000 4367962.00000 -103.7933
445058.00000 4367966.00000 -103.3120
445058.00000 4367970.00000 -106.9317
445058.00000 4367974.00000 -107.4873
445058.00000 4367978.00000 -110.2031
445058.00000 4367982.00000 -110.8324
445058.00000 4367986.00000 -108.9296
445058.00000 4367990.00000 -104.2692
445058.00000 4367994.00000 -109.4634
445058.00000 4367998.00000 -109.6548
445058.00000 4368002.00000 -109.7320
445058.00000 4368006.00000 -108.6975
445058.00000 4368010.00000 -108.4980
445058.00000 4368014.00000 -110.8687
445058.00000 4368018.00000 -113.7610
445058.00000 4368022.00000 -114.5092
445058.00000 4368026.00000 -113.1362
445058.00000 4368030.00000 -113.5248
445058.00000 4368034.00000 -112.8506
445058.00000 4368038.00000 -113.0096
445058.00000 4368042.00000 -114.0166
445058.00000 4368046.00000 -115.7384
445058.00000 4368050.00000 -117.2798
445058.00000 4368054.00000 -115.6757
445058.00000 4368058.00000 -117.5183
445058.00000 4368062.00000 -120.2748
445058.00000 4368066.00000 -120.4309
445058.00000 4368070.00000 -119.4346
445058.00000 4368074.00000 -117.6400
445058.00000 4368078.00000 -124.3291
445058.00000 4368082.00000 -114.1601
445058.00000 4368086.00000 -117.5372
445058.00000 4368090.00000 -112.4349
445058.00000 4368094.00000 -115.2249
445058.00000 4368098.00000 N.C.
445058.00000 4368102.00000 -112.2003
445058.00000 4368106.00000 -104.0299
445058.00000 4368110.00000 -97.1431
445058.00000 4368114.00000 N.C.
445058.00000 4368118.00000 N.C.
445058.00000 4368122.00000 N.C.
445058.00000 4368126.00000 N.C.
445058.00000 4368130.00000 N.C.
445058.00000 4368134.00000 N.C.
445058.00000 4368138.00000 N.C.
445058.00000 4368142.00000 N.C.
445058.00000 4368146.00000 N.C.
445058.00000 4368150.00000 -108.8445
445058.00000 4368154.00000 -100.7912
445058.00000 4368158.00000 -108.0870
445058.00000 4368162.00000 -109.8575
445058.00000 4368166.00000 -109.0734
445058.00000 4368170.00000 -109.0030
445058.00000 4368174.00000 -106.8908
445058.00000 4368178.00000 -106.4180
445058.00000 4368182.00000 -112.5400
445058.00000 4368186.00000 -110.8879
445058.00000 4368190.00000 -112.5651
445058.00000 4368194.00000 -116.0365
445058.00000 4368198.00000 -111.3210
445058.00000 4368202.00000 -110.6702
445058.00000 4368206.00000 N.C.
445058.00000 4368210.00000 -110.8204
445058.00000 4368214.00000 -111.4106
445058.00000 4368218.00000 -111.5263
445058.00000 4368222.00000 -115.3142
445058.00000 4368226.00000 -115.6509
445058.00000 4368230.00000 -120.1300
445058.00000 4368234.00000 -120.0909
445058.00000 4368238.00000 -117.8178
445058.00000 4368242.00000 -119.0870
445058.00000 4368246.00000 N.C.
445058.00000 4368250.00000 -140.5079
445058.00000 4368254.00000 N.C.
445058.00000 4368258.00000 -122.1422
445058.00000 4368262.00000 N.C.
445058.00000 4368266.00000 -122.0881
445058.00000 4368270.00000 N.C.
445058.00000 4368274.00000 N.C.
445058.00000 4368278.00000 -136.2479
445058.00000 4368282.00000 -134.8971
445058.00000 4368286.00000 -140.3481
445058.00000 4368290.00000 -144.7491
445058.00000 4368294.00000 -137.7770
445058.00000 4368298.00000 N.C.
445058.00000 4368302.00000 -124.5157
445058.00000 4368306.00000 -116.0736
445058.00000 4368310.00000 -124.8382
445058.00000 4368314.00000 -126.6348
445058.00000 4368318.00000 -125.4659
445058.00000 4368322.00000 -121.3362
445058.00000 4368326.00000 N.C.
445058.00000 4368330.00000 N.C.
445058.00000 4368334.00000 N.C.
445058.00000 4368338.00000 N.C.
445058.00000 4368342.00000 N.C.
445058.00000 4368346.00000 N.C.
445058.00000 4368350.00000 N.C.
445058.00000 4368354.00000 N.C.
445058.00000 4368358.00000 N.C.
445058.00000 4368362.00000 N.C.
445058.00000 4368366.00000 -139.2631
445058.00000 4368370.00000 -147.7266
445058.00000 4368374.00000 N.C.
445058.00000 4368378.00000 N.C.
445058.00000 4368382.00000 N.C.
445058.00000 4368386.00000 -146.2969
445058.00000 4368390.00000 -140.7068
445058.00000 4368394.00000 -139.8082
445062.00000 4367886.00000 -106.7251
445062.00000 4367890.00000 -106.5714
445062.00000 4367894.00000 -106.3899
445062.00000 4367898.00000 -106.2434
445062.00000 4367902.00000 -106.1122
445062.00000 4367906.00000 -105.9705
445062.00000 4367910.00000 -105.8550
445062.00000 4367914.00000 -105.6942
445062.00000 4367918.00000 -105.5483
445062.00000 4367922.00000 -105.3919
445062.00000 4367926.00000 -105.2154
445062.00000 4367930.00000 -104.6712
445062.00000 4367934.00000 -104.4023
445062.00000 4367938.00000 -103.9693
445062.00000 4367942.00000 -103.6122
445062.00000 4367946.00000 -103.8001
445062.00000 4367950.00000 -103.9446
445062.00000 4367954.00000 -103.8594
445062.00000 4367958.00000 -103.7129
445062.00000 4367962.00000 -103.6332
445062.00000 4367966.00000 -103.5259
445062.00000 4367970.00000 -103.0779
445062.00000 4367974.00000 -105.7437
445062.00000 4367978.00000 -107.0928
445062.00000 4367982.00000 -109.8634
445062.00000 4367986.00000 -110.8537
445062.00000 4367990.00000 -105.2119
445062.00000 4367994.00000 -105.0302
445062.00000 4367998.00000 -110.5912
445062.00000 4368002.00000 -109.8201
445062.00000 4368006.00000 -109.9996
445062.00000 4368010.00000 -108.4032
445062.00000 4368014.00000 -108.2363
445062.00000 4368018.00000 -110.6343
445062.00000 4368022.00000 -115.2973
445062.00000 4368026.00000 -114.0638
445062.00000 4368030.00000 -114.0294
445062.00000 4368034.00000 -113.4040
445062.00000 4368038.00000 -113.7874
445062.00000 4368042.00000 -113.8056
445062.00000 4368046.00000 -115.5598
445062.00000 4368050.00000 -116.4465
445062.00000 4368054.00000 -118.0454
445062.00000 4368058.00000 -116.7603
445062.00000 4368062.00000 -119.8949
445062.00000 4368066.00000 -120.1523
445062.00000 4368070.00000 -120.6009
445062.00000 4368074.00000 -119.8945
445062.00000 4368078.00000 -122.2886
445062.00000 4368082.00000 -110.3377
445062.00000 4368086.00000 -116.2747
445062.00000 4368090.00000 -107.1543
445062.00000 4368094.00000 N.C.
445062.00000 4368098.00000 N.C.
445062.00000 4368102.00000 N.C.
445062.00000 4368106.00000 N.C.
445062.00000 4368110.00000 -100.6163
445062.00000 4368114.00000 N.C.
445062.00000 4368118.00000 N.C.
445062.00000 4368122.00000 -114.8238
445062.00000 4368126.00000 -111.0489
445062.00000 4368130.00000 -109.6365
445062.00000 4368134.00000 N.C.
445062.00000 4368138.00000 N.C.
445062.00000 4368142.00000 N.C.
445062.00000 4368146.00000 N.C.
445062.00000 4368150.00000 -110.7681
445062.00000 4368154.00000 -100.7125
445062.00000 4368158.00000 -108.0423
445062.00000 4368162.00000 -109.4055
445062.00000 4368166.00000 -105.7442
445062.00000 4368170.00000 -106.9855
445062.00000 4368174.00000 -109.0433
445062.00000 4368178.00000 -107.4058
445062.00000 4368182.00000 -107.7426
445062.00000 4368186.00000 -116.3135
445062.00000 4368190.00000 -120.1967
445062.00000 4368194.00000 -116.8326
445062.00000 4368198.00000 -118.2517
445062.00000 4368202.00000 -121.0211
445062.00000 4368206.00000 -114.9709
445062.00000 4368210.00000 -113.8161
445062.00000 4368214.00000 -113.7045
445062.00000 4368218.00000 -110.7814
445062.00000 4368222.00000 -111.3936
445062.00000 4368226.00000 -118.1368
445062.00000 4368230.00000 -131.2260
445062.00000 4368234.00000 -123.9393
445062.00000 4368238.00000 -118.1689
445062.00000 4368242.00000 N.C.
445062.00000 4368246.00000 N.C.
445062.00000 4368250.00000 N.C.
445062.00000 4368254.00000 N.C.
445062.00000 4368258.00000 -119.6757
445062.00000 4368262.00000 -118.1541
445062.00000 4368266.00000 -118.3668
445062.00000 4368270.00000 N.C.
445062.00000 4368274.00000 N.C.
445062.00000 4368278.00000 -121.2428
445062.00000 4368282.00000 N.C.
445062.00000 4368286.00000 N.C.
445062.00000 4368290.00000 N.C.
445062.00000 4368294.00000 N.C.
445062.00000 4368298.00000 -134.0924
445062.00000 4368302.00000 -130.1592
445062.00000 4368306.00000 -117.2993
445062.00000 4368310.00000 -122.5257
445062.00000 4368314.00000 -127.0280
445062.00000 4368318.00000 N.C.
445062.00000 4368322.00000 N.C.
445062.00000 4368326.00000 N.C.
445062.00000 4368330.00000 N.C.
445062.00000 4368334.00000 N.C.
445062.00000 4368338.00000 N.C.
445062.00000 4368342.00000 -141.1422
445062.00000 4368346.00000 -123.7126
445062.00000 4368350.00000 -125.9035
445062.00000 4368354.00000 N.C.
445062.00000 4368358.00000 N.C.
445062.00000 4368362.00000 N.C.
445062.00000 4368366.00000 -145.7488
445062.00000 4368370.00000 -145.3073
445062.00000 4368374.00000 N.C.
445062.00000 4368378.00000 N.C.
445062.00000 4368382.00000 N.C.
445062.00000 4368386.00000 -143.5352
445062.00000 4368390.00000 -142.2867
445062.00000 4368394.00000 -136.7731
445066.00000 4367886.00000 -106.5997
445066.00000 4367890.00000 -106.4014
445066.00000 4367894.00000 -106.3481
445066.00000 4367898.00000 -106.1938
445066.00000 4367902.00000 -106.0501
445066.00000 4367906.00000 -105.8880
445066.00000 4367910.00000 -105.7431
445066.00000 4367914.00000 -105.6028
445066.00000 4367918.00000 -105.4314
445066.00000 4367922.00000 -105.2316
445066.00000 4367926.00000 -105.1086
445066.00000 4367930.00000 -104.9995
445066.00000 4367934.00000 -104.4494
445066.00000 4367938.00000 -104.2452
445066.00000 4367942.00000 -103.7924
445066.00000 4367946.00000 -103.3589
445066.00000 4367950.00000 -103.1316
445066.00000 4367954.00000 -103.6157
445066.00000 4367958.00000 -103.5090
445066.00000 4367962.00000 -103.4661
445066.00000 4367966.00000 -103.3069
445066.00000 4367970.00000 -102.9179
445066.00000 4367974.00000 -102.7719
445066.00000 4367978.00000 -101.2477
445066.00000 4367982.00000 -109.2661
445066.00000 4367986.00000 -111.5091
445066.00000 4367990.00000 -105.9240
445066.00000 4367994.00000 -105.4669
445066.00000 4367998.00000 -109.4056
445066.00000 4368002.00000 -110.9382
445066.00000 4368006.00000 -111.7350
445066.00000 4368010.00000 -112.4494
445066.00000 4368014.00000 -109.7277
445066.00000 4368018.00000 -109.0650
445066.00000 4368022.00000 -113.5441
445066.00000 4368026.00000 -114.8660
445066.00000 4368030.00000 -114.0778
445066.00000 4368034.00000 -114.0461
445066.00000 4368038.00000 -112.9936
445066.00000 4368042.00000 -114.0674
445066.00000 4368046.00000 -114.1584
445066.00000 4368050.00000 -116.5475
445066.00000 4368054.00000 -116.9689
445066.00000 4368058.00000 -117.0284
445066.00000 4368062.00000 -116.9697
445066.00000 4368066.00000 -119.3653
445066.00000 4368070.00000 -117.4050
445066.00000 4368074.00000 -117.8490
445066.00000 4368078.00000 -118.7410
445066.00000 4368082.00000 -110.8896
445066.00000 4368086.00000 -116.0180
445066.00000 4368090.00000 -114.9321
445066.00000 4368094.00000 N.C.
445066.00000 4368098.00000 -113.1090
445066.00000 4368102.00000 -118.4061
445066.00000 4368106.00000 -106.9654
445066.00000 4368110.00000 -101.9227
445066.00000 4368114.00000 N.C.
445066.00000 4368118.00000 -108.1888
445066.00000 4368122.00000 N.C.
445066.00000 4368126.00000 N.C.
445066.00000 4368130.00000 N.C.
445066.00000 4368134.00000 N.C.
445066.00000 4368138.00000 N.C.
445066.00000 4368142.00000 N.C.
445066.00000 4368146.00000 -108.9819
445066.00000 4368150.00000 -111.4791
445066.00000 4368154.00000 -100.4410
445066.00000 4368158.00000 -105.8230
445066.00000 4368162.00000 -107.2341
445066.00000 4368166.00000 -105.7182
445066.00000 4368170.00000 -110.2070
445066.00000 4368174.00000 -110.8939
445066.00000 4368178.00000 -106.7978
445066.00000 4368182.00000 -107.1339
445066.00000 4368186.00000 N.C.
445066.00000 4368190.00000 N.C.
445066.00000 4368194.00000 N.C.
445066.00000 4368198.00000 N.C.
445066.00000 4368202.00000 N.C.
445066.00000 4368206.00000 N.C.
445066.00000 4368210.00000 -117.1184
445066.00000 4368214.00000 -118.9479
445066.00000 4368218.00000 -118.1198
445066.00000 4368222.00000 -115.2727
445066.00000 4368226.00000 -116.7713
445066.00000 4368230.00000 N.C.
445066.00000 4368234.00000 N.C.
445066.00000 4368238.00000 -136.2751
445066.00000 4368242.00000 N.C.
445066.00000 4368246.00000 N.C.
445066.00000 4368250.00000 N.C.
445066.00000 4368254.00000 -119.6290
445066.00000 4368258.00000 -120.6588
445066.00000 4368262.00000 -120.8091
445066.00000 4368266.00000 -120.9834
445066.00000 4368270.00000 N.C.
445066.00000 4368274.00000 -137.0097
445066.00000 4368278.00000 -120.6487
445066.00000 4368282.00000 -121.4587
445066.00000 4368286.00000 -128.9729
445066.00000 4368290.00000 N.C.
445066.00000 4368294.00000 N.C.
445066.00000 4368298.00000 N.C.
445066.00000 4368302.00000 N.C.
445066.00000 4368306.00000 -116.6892
445066.00000 4368310.00000 -120.4801
445066.00000 4368314.00000 N.C.
445066.00000 4368318.00000 N.C.
445066.00000 4368322.00000 N.C.
445066.00000 4368326.00000 -132.0655
445066.00000 4368330.00000 N.C.
445066.00000 4368334.00000 N.C.
445066.00000 4368338.00000 N.C.
445066.00000 4368342.00000 N.C.
445066.00000 4368346.00000 N.C.
445066.00000 4368350.00000 -129.9548
445066.00000 4368354.00000 N.C.
445066.00000 4368358.00000 N.C.
445066.00000 4368362.00000 N.C.
445066.00000 4368366.00000 -147.2307
445066.00000 4368370.00000 N.C.
445066.00000 4368374.00000 N.C.
445066.00000 4368378.00000 N.C.
445066.00000 4368382.00000 -150.2391
445066.00000 4368386.00000 -147.2604
445066.00000 4368390.00000 -141.8586
445066.00000 4368394.00000 -140.9954
445070.00000 4367886.00000 -106.5443
445070.00000 4367890.00000 -106.4400
445070.00000 4367894.00000 -106.1764
445070.00000 4367898.00000 -106.1050
445070.00000 4367902.00000 -105.9577
445070.00000 4367906.00000 -105.8001
445070.00000 4367910.00000 -105.6477
445070.00000 4367914.00000 -105.5321
445070.00000 4367918.00000 -105.4022
445070.00000 4367922.00000 -105.1743
445070.00000 4367926.00000 -104.8623
445070.00000 4367930.00000 -104.7309
445070.00000 4367934.00000 -104.6088
445070.00000 4367938.00000 -104.1910
445070.00000 4367942.00000 -104.0339
445070.00000 4367946.00000 -103.8368
445070.00000 4367950.00000 -103.1035
445070.00000 4367954.00000 -102.9022
445070.00000 4367958.00000 -103.3896
445070.00000 4367962.00000 -103.1547
445070.00000 4367966.00000 -102.8665
445070.00000 4367970.00000 -102.7923
445070.00000 4367974.00000 -102.6343
445070.00000 4367978.00000 -102.4778
445070.00000 4367982.00000 -102.3095
445070.00000 4367986.00000 -105.2476
445070.00000 4367990.00000 -105.2685
445070.00000 4367994.00000 -105.6780
445070.00000 4367998.00000 -105.5321
445070.00000 4368002.00000 -104.5138
445070.00000 4368006.00000 -109.8582
445070.00000 4368010.00000 -111.4728
445070.00000 4368014.00000 -111.7025
445070.00000 4368018.00000 -111.8363
445070.00000 4368022.00000 -111.0091
445070.00000 4368026.00000 -112.9402
445070.00000 4368030.00000 -114.0125
445070.00000 4368034.00000 -113.9395
445070.00000 4368038.00000 -114.8695
445070.00000 4368042.00000 -112.8881
445070.00000 4368046.00000 -113.9683
445070.00000 4368050.00000 -115.8640
445070.00000 4368054.00000 -116.9767
445070.00000 4368058.00000 -118.7855
445070.00000 4368062.00000 -121.6610
445070.00000 4368066.00000 -123.8351
445070.00000 4368070.00000 -119.7670
445070.00000 4368074.00000 -121.0582
445070.00000 4368078.00000 -107.3129
445070.00000 4368082.00000 -130.8748
445070.00000 4368086.00000 -114.5964
445070.00000 4368090.00000 N.C.
445070.00000 4368094.00000 N.C.
445070.00000 4368098.00000 N.C.
445070.00000 4368102.00000 N.C.
445070.00000 4368106.00000 -101.7877
445070.00000 4368110.00000 N.C.
445070.00000 4368114.00000 N.C.
445070.00000 4368118.00000 -111.7134
445070.00000 4368122.00000 -94.9460
445070.00000 4368126.00000 -96.0343
445070.00000 4368130.00000 -93.9445
445070.00000 4368134.00000 N.C.
445070.00000 4368138.00000 -117.4836
445070.00000 4368142.00000 N.C.
445070.00000 4368146.00000 -107.3147
445070.00000 4368150.00000 -111.3548
445070.00000 4368154.00000 -103.9071
445070.00000 4368158.00000 -109.3353
445070.00000 4368162.00000 -109.3247
445070.00000 4368166.00000 -108.3569
445070.00000 4368170.00000 -110.2287
445070.00000 4368174.00000 -109.7246
445070.00000 4368178.00000 -106.3179
445070.00000 4368182.00000 N.C.
445070.00000 4368186.00000 N.C.
445070.00000 4368190.00000 -123.6879
445070.00000 4368194.00000 -126.2674
445070.00000 4368198.00000 -119.6891
445070.00000 4368202.00000 N.C.
445070.00000 4368206.00000 N.C.
445070.00000 4368210.00000 -117.8583
445070.00000 4368214.00000 -119.4066
445070.00000 4368218.00000 N.C.
445070.00000 4368222.00000 -132.7895
445070.00000 4368226.00000 -132.0883
445070.00000 4368230.00000 -121.8895
445070.00000 4368234.00000 -117.0626
445070.00000 4368238.00000 -117.4025
445070.00000 4368242.00000 N.C.
445070.00000 4368246.00000 N.C.
445070.00000 4368250.00000 N.C.
445070.00000 4368254.00000 N.C.
445070.00000 4368258.00000 N.C.
445070.00000 4368262.00000 N.C.
445070.00000 4368266.00000 N.C.
445070.00000 4368270.00000 N.C.
445070.00000 4368274.00000 -137.2430
445070.00000 4368278.00000 -124.6051
445070.00000 4368282.00000 -122.7678
445070.00000 4368286.00000 -122.2758
445070.00000 4368290.00000 -124.7670
445070.00000 4368294.00000 N.C.
445070.00000 4368298.00000 N.C.
445070.00000 4368302.00000 N.C.
445070.00000 4368306.00000 -115.3280
445070.00000 4368310.00000 -123.1146
445070.00000 4368314.00000 N.C.
445070.00000 4368318.00000 N.C.
445070.00000 4368322.00000 N.C.
445070.00000 4368326.00000 N.C.
445070.00000 4368330.00000 N.C.
445070.00000 4368334.00000 N.C.
445070.00000 4368338.00000 N.C.
445070.00000 4368342.00000 N.C.
445070.00000 4368346.00000 N.C.
445070.00000 4368350.00000 -147.7283
445070.00000 4368354.00000 N.C.
445070.00000 4368358.00000 N.C.
445070.00000 4368362.00000 N.C.
445070.00000 4368366.00000 N.C.
445070.00000 4368370.00000 N.C.
445070.00000 4368374.00000 N.C.
445070.00000 4368378.00000 N.C.
445070.00000 4368382.00000 -149.7798
445070.00000 4368386.00000 -147.4690
445070.00000 4368390.00000 -144.9742
445070.00000 4368394.00000 -141.3100
445074.00000 4367886.00000 -106.4588
445074.00000 4367890.00000 -106.3189
445074.00000 4367894.00000 -106.1271
445074.00000 4367898.00000 -106.0368
445074.00000 4367902.00000 -105.9855
445074.00000 4367906.00000 -105.7496
445074.00000 4367910.00000 -105.5626
445074.00000 4367914.00000 -105.3787
445074.00000 4367918.00000 -105.2938
445074.00000 4367922.00000 -105.1315
445074.00000 4367926.00000 -104.9668
445074.00000 4367930.00000 -104.6377
445074.00000 4367934.00000 -104.4543
445074.00000 4367938.00000 -104.3076
445074.00000 4367942.00000 -104.1835
445074.00000 4367946.00000 -103.6677
445074.00000 4367950.00000 -103.4906
445074.00000 4367954.00000 -103.1692
445074.00000 4367958.00000 -102.4987
445074.00000 4367962.00000 -102.2249
445074.00000 4367966.00000 -102.5177
445074.00000 4367970.00000 -102.4897
445074.00000 4367974.00000 -102.3767
445074.00000 4367978.00000 -102.2267
445074.00000 4367982.00000 -102.1236
445074.00000 4367986.00000 -110.3348
445074.00000 4367990.00000 -104.8292
445074.00000 4367994.00000 -102.3390
445074.00000 4367998.00000 -105.3138
445074.00000 4368002.00000 -105.4148
445074.00000 4368006.00000 -109.7724
445074.00000 4368010.00000 -110.4661
445074.00000 4368014.00000 -113.3204
445074.00000 4368018.00000 -113.3598
445074.00000 4368022.00000 -113.4035
445074.00000 4368026.00000 -111.7919
445074.00000 4368030.00000 -114.1230
445074.00000 4368034.00000 -115.2549
445074.00000 4368038.00000 -115.2450
445074.00000 4368042.00000 -115.8618
445074.00000 4368046.00000 -114.0825
445074.00000 4368050.00000 -115.5387
445074.00000 4368054.00000 -116.5804
445074.00000 4368058.00000 -118.0606
445074.00000 4368062.00000 -121.9043
445074.00000 4368066.00000 -121.2346
445074.00000 4368070.00000 -119.6777
445074.00000 4368074.00000 -115.3501
445074.00000 4368078.00000 -119.3636
445074.00000 4368082.00000 N.C.
445074.00000 4368086.00000 N.C.
445074.00000 4368090.00000 N.C.
445074.00000 4368094.00000 N.C.
445074.00000 4368098.00000 N.C.
445074.00000 4368102.00000 N.C.
445074.00000 4368106.00000 -108.3837
445074.00000 4368110.00000 N.C.
445074.00000 4368114.00000 N.C.
445074.00000 4368118.00000 N.C.
445074.00000 4368122.00000 -95.6702
445074.00000 4368126.00000 -95.8542
445074.00000 4368130.00000 -96.1947
445074.00000 4368134.00000 -111.8035
445074.00000 4368138.00000 -110.6390
445074.00000 4368142.00000 N.C.
445074.00000 4368146.00000 -107.8998
445074.00000 4368150.00000 -108.0954
445074.00000 4368154.00000 -102.5399
445074.00000 4368158.00000 -110.0029
445074.00000 4368162.00000 -107.9615
445074.00000 4368166.00000 -108.8404
445074.00000 4368170.00000 -110.1628
445074.00000 4368174.00000 -109.2854
445074.00000 4368178.00000 -102.6528
445074.00000 4368182.00000 N.C.
445074.00000 4368186.00000 N.C.
445074.00000 4368190.00000 -134.5538
445074.00000 4368194.00000 -121.0542
445074.00000 4368198.00000 -126.5708
445074.00000 4368202.00000 N.C.
445074.00000 4368206.00000 -117.2534
445074.00000 4368210.00000 -118.0816
445074.00000 4368214.00000 N.C.
445074.00000 4368218.00000 N.C.
445074.00000 4368222.00000 N.C.
445074.00000 4368226.00000 N.C.
445074.00000 4368230.00000 N.C.
445074.00000 4368234.00000 N.C.
445074.00000 4368238.00000 -134.4194
445074.00000 4368242.00000 -118.2563
445074.00000 4368246.00000 -118.0043
445074.00000 4368250.00000 -117.9255
445074.00000 4368254.00000 -118.7112
445074.00000 4368258.00000 N.C.
445074.00000 4368262.00000 N.C.
445074.00000 4368266.00000 N.C.
445074.00000 4368270.00000 N.C.
445074.00000 4368274.00000 -135.0058
445074.00000 4368278.00000 -124.7446
445074.00000 4368282.00000 -137.7845
445074.00000 4368286.00000 -123.6156
445074.00000 4368290.00000 -127.3873
445074.00000 4368294.00000 -132.7794
445074.00000 4368298.00000 N.C.
445074.00000 4368302.00000 -119.3674
445074.00000 4368306.00000 -115.5512
445074.00000 4368310.00000 N.C.
445074.00000 4368314.00000 N.C.
445074.00000 4368318.00000 N.C.
445074.00000 4368322.00000 N.C.
445074.00000 4368326.00000 N.C.
445074.00000 4368330.00000 N.C.
445074.00000 4368334.00000 N.C.
445074.00000 4368338.00000 N.C.
445074.00000 4368342.00000 N.C.
445074.00000 4368346.00000 N.C.
445074.00000 4368350.00000 -127.8768
445074.00000 4368354.00000 N.C.
445074.00000 4368358.00000 N.C.
445074.00000 4368362.00000 -154.4827
445074.00000 4368366.00000 N.C.
445074.00000 4368370.00000 -148.7412
445074.00000 4368374.00000 N.C.
445074.00000 4368378.00000 N.C.
445074.00000 4368382.00000 N.C.
445074.00000 4368386.00000 -145.8900
445074.00000 4368390.00000 -143.9482
445074.00000 4368394.00000 -138.0977
445078.00000 4367886.00000 -106.3587
445078.00000 4367890.00000 -106.2122
445078.00000 4367894.00000 -106.0570
445078.00000 4367898.00000 -105.9104
445078.00000 4367902.00000 -105.7504
445078.00000 4367906.00000 -105.6391
445078.00000 4367910.00000 -105.5077
445078.00000 4367914.00000 -105.3430
445078.00000 4367918.00000 -105.1918
445078.00000 4367922.00000 -105.0028
445078.00000 4367926.00000 -104.8562
445078.00000 4367930.00000 -104.6690
445078.00000 4367934.00000 -104.5500
445078.00000 4367938.00000 -104.3602
445078.00000 4367942.00000 -104.1487
445078.00000 4367946.00000 -104.0019
445078.00000 4367950.00000 -103.4705
445078.00000 4367954.00000 -103.2481
445078.00000 4367958.00000 -102.9333
445078.00000 4367962.00000 -102.7120
445078.00000 4367966.00000 -101.9302
445078.00000 4367970.00000 -101.7214
445078.00000 4367974.00000 -102.3366
445078.00000 4367978.00000 -102.1827
445078.00000 4367982.00000 -102.0611
445078.00000 4367986.00000 -110.1859
445078.00000 4367990.00000 -110.8370
445078.00000 4367994.00000 -104.5589
445078.00000 4367998.00000 -105.0258
445078.00000 4368002.00000 -105.2110
445078.00000 4368006.00000 -111.7164
445078.00000 4368010.00000 -111.2952
445078.00000 4368014.00000 -110.8196
445078.00000 4368018.00000 -114.5242
445078.00000 4368022.00000 -113.6089
445078.00000 4368026.00000 -113.5252
445078.00000 4368030.00000 -112.8496
445078.00000 4368034.00000 -114.7826
445078.00000 4368038.00000 -115.4795
445078.00000 4368042.00000 -115.2150
445078.00000 4368046.00000 -115.5719
445078.00000 4368050.00000 -115.3598
445078.00000 4368054.00000 -115.4935
445078.00000 4368058.00000 -118.5101
445078.00000 4368062.00000 -120.1378
445078.00000 4368066.00000 -119.8645
445078.00000 4368070.00000 -118.9122
445078.00000 4368074.00000 -120.7278
445078.00000 4368078.00000 -121.2515
445078.00000 4368082.00000 -128.1892
445078.00000 4368086.00000 -124.7781
445078.00000 4368090.00000 -126.2391
445078.00000 4368094.00000 -126.2240
445078.00000 4368098.00000 -119.5115
445078.00000 4368102.00000 N.C.
445078.00000 4368106.00000 -108.6834
445078.00000 4368110.00000 N.C.
445078.00000 4368114.00000 N.C.
445078.00000 4368118.00000 -94.1950
445078.00000 4368122.00000 -95.8976
445078.00000 4368126.00000 -95.5438
445078.00000 4368130.00000 -95.9822
445078.00000 4368134.00000 N.C.
445078.00000 4368138.00000 -112.4927
445078.00000 4368142.00000 -109.2043
445078.00000 4368146.00000 -111.1242
445078.00000 4368150.00000 -107.4484
445078.00000 4368154.00000 -102.6003
445078.00000 4368158.00000 -108.3251
445078.00000 4368162.00000 -104.6783
445078.00000 4368166.00000 -109.6895
445078.00000 4368170.00000 -109.0524
445078.00000 4368174.00000 -102.2228
445078.00000 4368178.00000 -102.9894
445078.00000 4368182.00000 N.C.
445078.00000 4368186.00000 N.C.
445078.00000 4368190.00000 N.C.
445078.00000 4368194.00000 N.C.
445078.00000 4368198.00000 N.C.
445078.00000 4368202.00000 N.C.
445078.00000 4368206.00000 -115.5880
445078.00000 4368210.00000 -115.0684
445078.00000 4368214.00000 -114.5834
445078.00000 4368218.00000 -112.1296
445078.00000 4368222.00000 -109.6071
445078.00000 4368226.00000 -113.8438
445078.00000 4368230.00000 -120.5780
445078.00000 4368234.00000 N.C.
445078.00000 4368238.00000 N.C.
445078.00000 4368242.00000 N.C.
445078.00000 4368246.00000 N.C.
445078.00000 4368250.00000 N.C.
445078.00000 4368254.00000 N.C.
445078.00000 4368258.00000 -118.3599
445078.00000 4368262.00000 -125.5412
445078.00000 4368266.00000 -125.4529
445078.00000 4368270.00000 -130.0966
445078.00000 4368274.00000 -131.8586
445078.00000 4368278.00000 N.C.
445078.00000 4368282.00000 N.C.
445078.00000 4368286.00000 N.C.
445078.00000 4368290.00000 -123.8588
445078.00000 4368294.00000 -125.4853
445078.00000 4368298.00000 N.C.
445078.00000 4368302.00000 -119.3249
445078.00000 4368306.00000 -114.8425
445078.00000 4368310.00000 N.C.
445078.00000 4368314.00000 -134.4719
445078.00000 4368318.00000 N.C.
445078.00000 4368322.00000 N.C.
445078.00000 4368326.00000 N.C.
445078.00000 4368330.00000 -136.5437
445078.00000 4368334.00000 N.C.
445078.00000 4368338.00000 -149.7273
445078.00000 4368342.00000 -129.6971
445078.00000 4368346.00000 -125.8059
445078.00000 4368350.00000 N.C.
445078.00000 4368354.00000 N.C.
445078.00000 4368358.00000 N.C.
445078.00000 4368362.00000 N.C.
445078.00000 4368366.00000 N.C.
445078.00000 4368370.00000 N.C.
445078.00000 4368374.00000 -150.0273
445078.00000 4368378.00000 -150.8290
445078.00000 4368382.00000 N.C.
445078.00000 4368386.00000 -144.5988
445078.00000 4368390.00000 -132.0469
445078.00000 4368394.00000 -136.8613
445082.00000 4367886.00000 -105.7272
445082.00000 4367890.00000 -105.5329
445082.00000 4367894.00000 -105.9109
445082.00000 4367898.00000 -105.8087
445082.00000 4367902.00000 -105.6512
445082.00000 4367906.00000 -105.5012
445082.00000 4367910.00000 -105.3806
445082.00000 4367914.00000 -105.2843
445082.00000 4367918.00000 -105.1062
445082.00000 4367922.00000 -104.9376
445082.00000 4367926.00000 -104.7701
445082.00000 4367930.00000 -104.6316
445082.00000 4367934.00000 -104.4539
445082.00000 4367938.00000 -104.2942
445082.00000 4367942.00000 -104.1460
445082.00000 4367946.00000 -103.9718
445082.00000 4367950.00000 -103.6850
445082.00000 4367954.00000 -103.5038
445082.00000 4367958.00000 -102.9565
445082.00000 4367962.00000 -102.7752
445082.00000 4367966.00000 -102.4997
445082.00000 4367970.00000 -101.9677
445082.00000 4367974.00000 -101.4729
445082.00000 4367978.00000 -100.5160
445082.00000 4367982.00000 -101.6703
445082.00000 4367986.00000 -109.4793
445082.00000 4367990.00000 -110.4157
445082.00000 4367994.00000 -104.8949
445082.00000 4367998.00000 -104.8179
445082.00000 4368002.00000 -104.1397
445082.00000 4368006.00000 -111.3973
445082.00000 4368010.00000 -111.6389
445082.00000 4368014.00000 -111.0673
445082.00000 4368018.00000 -112.8705
445082.00000 4368022.00000 -113.3691
445082.00000 4368026.00000 -114.5487
445082.00000 4368030.00000 -114.5790
445082.00000 4368034.00000 -113.1954
445082.00000 4368038.00000 -115.3226
445082.00000 4368042.00000 -115.7962
445082.00000 4368046.00000 -115.8818
445082.00000 4368050.00000 -115.4731
445082.00000 4368054.00000 -115.5243
445082.00000 4368058.00000 -116.6101
445082.00000 4368062.00000 -112.0684
445082.00000 4368066.00000 -122.5462
445082.00000 4368070.00000 -119.9116
445082.00000 4368074.00000 -109.0127
445082.00000 4368078.00000 -128.3810
445082.00000 4368082.00000 -125.8738
445082.00000 4368086.00000 -111.1028
445082.00000 4368090.00000 N.C.
445082.00000 4368094.00000 -117.8331
445082.00000 4368098.00000 -116.5854
445082.00000 4368102.00000 -117.9154
445082.00000 4368106.00000 -101.9098
445082.00000 4368110.00000 -95.3623
445082.00000 4368114.00000 -94.7462
445082.00000 4368118.00000 -110.8682
445082.00000 4368122.00000 -95.3701
445082.00000 4368126.00000 -95.2080
445082.00000 4368130.00000 -95.5180
445082.00000 4368134.00000 N.C.
445082.00000 4368138.00000 N.C.
445082.00000 4368142.00000 -108.7692
445082.00000 4368146.00000 -108.8601
445082.00000 4368150.00000 -110.5929
445082.00000 4368154.00000 -105.5760
445082.00000 4368158.00000 -107.9326
445082.00000 4368162.00000 -108.2946
445082.00000 4368166.00000 -108.3137
445082.00000 4368170.00000 -101.5799
445082.00000 4368174.00000 -102.6848
445082.00000 4368178.00000 -113.3505
445082.00000 4368182.00000 N.C.
445082.00000 4368186.00000 N.C.
445082.00000 4368190.00000 N.C.
445082.00000 4368194.00000 -130.0479
445082.00000 4368198.00000 N.C.
445082.00000 4368202.00000 N.C.
445082.00000 4368206.00000 -118.8695
445082.00000 4368210.00000 -120.9017
445082.00000 4368214.00000 -121.1414
445082.00000 4368218.00000 -117.1350
445082.00000 4368222.00000 -111.6484
445082.00000 4368226.00000 -111.3082
445082.00000 4368230.00000 -121.9829
445082.00000 4368234.00000 N.C.
445082.00000 4368238.00000 N.C.
445082.00000 4368242.00000 N.C.
445082.00000 4368246.00000 N.C.
445082.00000 4368250.00000 N.C.
445082.00000 4368254.00000 -119.0597
445082.00000 4368258.00000 -115.4179
445082.00000 4368262.00000 -127.6290
445082.00000 4368266.00000 N.C.
445082.00000 4368270.00000 -137.6632
445082.00000 4368274.00000 -133.8838
445082.00000 4368278.00000 -132.2728
445082.00000 4368282.00000 -126.7396
445082.00000 4368286.00000 N.C.
445082.00000 4368290.00000 N.C.
445082.00000 4368294.00000 -136.4443
445082.00000 4368298.00000 N.C.
445082.00000 4368302.00000 -119.3189
445082.00000 4368306.00000 -113.8384
445082.00000 4368310.00000 N.C.
445082.00000 4368314.00000 N.C.
445082.00000 4368318.00000 N.C.
445082.00000 4368322.00000 -119.1513
445082.00000 4368326.00000 -110.0344
445082.00000 4368330.00000 -125.0001
445082.00000 4368334.00000 N.C.
445082.00000 4368338.00000 N.C.
445082.00000 4368342.00000 N.C.
445082.00000 4368346.00000 -134.6894
445082.00000 4368350.00000 N.C.
445082.00000 4368354.00000 N.C.
445082.00000 4368358.00000 N.C.
445082.00000 4368362.00000 N.C.
445082.00000 4368366.00000 N.C.
445082.00000 4368370.00000 N.C.
445082.00000 4368374.00000 -158.7157
445082.00000 4368378.00000 -140.2973
445082.00000 4368382.00000 -127.3566
445082.00000 4368386.00000 -132.4088
445082.00000 4368390.00000 -140.5422
445082.00000 4368394.00000 -137.5527
445086.00000 4367886.00000 -105.6770
445086.00000 4367890.00000 -105.4967
445086.00000 4367894.00000 -105.3441
445086.00000 4367898.00000 -105.1964
445086.00000 4367902.00000 -105.0591
445086.00000 4367906.00000 -105.4594
445086.00000 4367910.00000 -105.3053
445086.00000 4367914.00000 -105.1499
445086.00000 4367918.00000 -104.9918
445086.00000 4367922.00000 -104.8279
445086.00000 4367926.00000 -104.6995
445086.00000 4367930.00000 -104.5291
445086.00000 4367934.00000 -104.3589
445086.00000 4367938.00000 -104.2512
445086.00000 4367942.00000 -104.0803
445086.00000 4367946.00000 -103.8252
445086.00000 4367950.00000 -103.6155
445086.00000 4367954.00000 -103.4285
445086.00000 4367958.00000 -103.2395
445086.00000 4367962.00000 -102.6698
445086.00000 4367966.00000 -102.5021
445086.00000 4367970.00000 -102.2303
445086.00000 4367974.00000 -101.9959
445086.00000 4367978.00000 -101.1758
445086.00000 4367982.00000 -101.9312
445086.00000 4367986.00000 -109.3874
445086.00000 4367990.00000 -104.5907
445086.00000 4367994.00000 -104.7687
445086.00000 4367998.00000 -104.6572
445086.00000 4368002.00000 -104.5960
445086.00000 4368006.00000 -104.4280
445086.00000 4368010.00000 -108.5658
445086.00000 4368014.00000 -110.6871
445086.00000 4368018.00000 -113.6887
445086.00000 4368022.00000 -112.2164
445086.00000 4368026.00000 -114.2678
445086.00000 4368030.00000 -114.7571
445086.00000 4368034.00000 -114.9120
445086.00000 4368038.00000 -113.4310
445086.00000 4368042.00000 -115.4916
445086.00000 4368046.00000 -116.0381
445086.00000 4368050.00000 -115.9318
445086.00000 4368054.00000 -115.6417
445086.00000 4368058.00000 -111.3601
445086.00000 4368062.00000 -119.8029
445086.00000 4368066.00000 -122.1500
445086.00000 4368070.00000 -119.6346
445086.00000 4368074.00000 -125.2643
445086.00000 4368078.00000 -125.6093
445086.00000 4368082.00000 -128.7202
445086.00000 4368086.00000 -115.5602
445086.00000 4368090.00000 N.C.
445086.00000 4368094.00000 -129.5267
445086.00000 4368098.00000 -128.3341
445086.00000 4368102.00000 N.C.
445086.00000 4368106.00000 N.C.
445086.00000 4368110.00000 -94.9872
445086.00000 4368114.00000 -94.7227
445086.00000 4368118.00000 N.C.
445086.00000 4368122.00000 -110.7560
445086.00000 4368126.00000 -94.6646
445086.00000 4368130.00000 -95.1225
445086.00000 4368134.00000 -107.7508
445086.00000 4368138.00000 -105.8931
445086.00000 4368142.00000 -110.9413
445086.00000 4368146.00000 -109.4452
445086.00000 4368150.00000 -106.6124
445086.00000 4368154.00000 -106.1973
445086.00000 4368158.00000 -106.8500
445086.00000 4368162.00000 -109.0789
445086.00000 4368166.00000 -101.1395
445086.00000 4368170.00000 -107.2832
445086.00000 4368174.00000 -111.3297
445086.00000 4368178.00000 -116.0197
445086.00000 4368182.00000 N.C.
445086.00000 4368186.00000 N.C.
445086.00000 4368190.00000 N.C.
445086.00000 4368194.00000 -124.3472
445086.00000 4368198.00000 N.C.
445086.00000 4368202.00000 N.C.
445086.00000 4368206.00000 -120.9516
445086.00000 4368210.00000 -120.7942
445086.00000 4368214.00000 -130.5398
445086.00000 4368218.00000 -127.5161
445086.00000 4368222.00000 -123.2819
445086.00000 4368226.00000 -113.8258
445086.00000 4368230.00000 -122.7734
445086.00000 4368234.00000 N.C.
445086.00000 4368238.00000 N.C.
445086.00000 4368242.00000 N.C.
445086.00000 4368246.00000 -115.6540
445086.00000 4368250.00000 -117.3523
445086.00000 4368254.00000 -117.4183
445086.00000 4368258.00000 -116.2055
445086.00000 4368262.00000 -118.9876
445086.00000 4368266.00000 N.C.
445086.00000 4368270.00000 -140.5291
445086.00000 4368274.00000 -127.2689
445086.00000 4368278.00000 N.C.
445086.00000 4368282.00000 -130.6981
445086.00000 4368286.00000 -112.5691
445086.00000 4368290.00000 -124.7467
445086.00000 4368294.00000 -115.6997
445086.00000 4368298.00000 -115.4395
445086.00000 4368302.00000 -118.0399
445086.00000 4368306.00000 -113.3793
445086.00000 4368310.00000 -124.4417
445086.00000 4368314.00000 N.C.
445086.00000 4368318.00000 N.C.
445086.00000 4368322.00000 -110.1733
445086.00000 4368326.00000 -117.3216
445086.00000 4368330.00000 N.C.
445086.00000 4368334.00000 N.C.
445086.00000 4368338.00000 -127.2579
445086.00000 4368342.00000 -122.2648
445086.00000 4368346.00000 N.C.
445086.00000 4368350.00000 N.C.
445086.00000 4368354.00000 N.C.
445086.00000 4368358.00000 N.C.
445086.00000 4368362.00000 N.C.
445086.00000 4368366.00000 N.C.
445086.00000 4368370.00000 N.C.
445086.00000 4368374.00000 -161.0306
445086.00000 4368378.00000 -140.7542
445086.00000 4368382.00000 -141.9540
445086.00000 4368386.00000 -142.9591
445086.00000 4368390.00000 -141.6042
445086.00000 4368394.00000 -138.5926
445090.00000 4367886.00000 -105.6334
445090.00000 4367890.00000 -105.4183
445090.00000 4367894.00000 -105.2859
445090.00000 4367898.00000 -105.1366
445090.00000 4367902.00000 -104.9883
445090.00000 4367906.00000 -104.8669
445090.00000 4367910.00000 -104.6944
445090.00000 4367914.00000 -104.5394
445090.00000 4367918.00000 -104.8658
445090.00000 4367922.00000 -104.7184
445090.00000 4367926.00000 -104.5926
445090.00000 4367930.00000 -104.4658
445090.00000 4367934.00000 -104.2708
445090.00000 4367938.00000 -104.1208
445090.00000 4367942.00000 -103.8720
445090.00000 4367946.00000 -103.7357
445090.00000 4367950.00000 -103.5408
445090.00000 4367954.00000 -103.3734
445090.00000 4367958.00000 -103.1889
445090.00000 4367962.00000 -103.0131
445090.00000 4367966.00000 -102.4425
445090.00000 4367970.00000 -102.1958
445090.00000 4367974.00000 -101.9398
445090.00000 4367978.00000 -101.4464
445090.00000 4367982.00000 -101.6254
445090.00000 4367986.00000 -98.8585
445090.00000 4367990.00000 -101.3462
445090.00000 4367994.00000 -104.3259
445090.00000 4367998.00000 -104.1573
445090.00000 4368002.00000 -104.4270
445090.00000 4368006.00000 -104.3285
445090.00000 4368010.00000 -110.4604
445090.00000 4368014.00000 -109.6645
445090.00000 4368018.00000 -112.8105
445090.00000 4368022.00000 -113.4720
445090.00000 4368026.00000 -113.3065
445090.00000 4368030.00000 -114.2171
445090.00000 4368034.00000 -115.2217
445090.00000 4368038.00000 -114.9609
445090.00000 4368042.00000 -113.8259
445090.00000 4368046.00000 -115.7079
445090.00000 4368050.00000 -115.5734
445090.00000 4368054.00000 -110.5321
445090.00000 4368058.00000 -115.6130
445090.00000 4368062.00000 -119.2278
445090.00000 4368066.00000 -121.0424
445090.00000 4368070.00000 -106.9848
445090.00000 4368074.00000 -124.7595
445090.00000 4368078.00000 -127.9157
445090.00000 4368082.00000 -124.4480
445090.00000 4368086.00000 N.C.
445090.00000 4368090.00000 N.C.
445090.00000 4368094.00000 -116.1708
445090.00000 4368098.00000 -125.4988
445090.00000 4368102.00000 N.C.
445090.00000 4368106.00000 N.C.
445090.00000 4368110.00000 -102.2303
445090.00000 4368114.00000 -94.9459
445090.00000 4368118.00000 -114.6250
445090.00000 4368122.00000 N.C.
445090.00000 4368126.00000 -93.1513
445090.00000 4368130.00000 -94.6535
445090.00000 4368134.00000 -108.5269
445090.00000 4368138.00000 -105.8224
445090.00000 4368142.00000 -110.7682
445090.00000 4368146.00000 -112.1917
445090.00000 4368150.00000 -102.7061
445090.00000 4368154.00000 -109.7663
445090.00000 4368158.00000 -102.6725
445090.00000 4368162.00000 -100.6101
445090.00000 4368166.00000 -111.0616
445090.00000 4368170.00000 -112.5175
445090.00000 4368174.00000 -112.3523
445090.00000 4368178.00000 -117.0011
445090.00000 4368182.00000 N.C.
445090.00000 4368186.00000 -134.1168
445090.00000 4368190.00000 -116.4759
445090.00000 4368194.00000 -121.5049
445090.00000 4368198.00000 N.C.
445090.00000 4368202.00000 N.C.
445090.00000 4368206.00000 -121.1252
445090.00000 4368210.00000 N.C.
445090.00000 4368214.00000 N.C.
445090.00000 4368218.00000 N.C.
445090.00000 4368222.00000 N.C.
445090.00000 4368226.00000 -111.7340
445090.00000 4368230.00000 -119.6431
445090.00000 4368234.00000 N.C.
445090.00000 4368238.00000 -109.9707
445090.00000 4368242.00000 N.C.
445090.00000 4368246.00000 N.C.
445090.00000 4368250.00000 -133.0737
445090.00000 4368254.00000 -116.9189
445090.00000 4368258.00000 -113.7240
445090.00000 4368262.00000 -115.9803
445090.00000 4368266.00000 N.C.
445090.00000 4368270.00000 -137.5877
445090.00000 4368274.00000 N.C.
445090.00000 4368278.00000 N.C.
445090.00000 4368282.00000 -130.8961
445090.00000 4368286.00000 N.C.
445090.00000 4368290.00000 N.C.
445090.00000 4368294.00000 -115.2945
445090.00000 4368298.00000 -117.4832
445090.00000 4368302.00000 -117.6407
445090.00000 4368306.00000 N.C.
445090.00000 4368310.00000 -132.2043
445090.00000 4368314.00000 N.C.
445090.00000 4368318.00000 N.C.
445090.00000 4368322.00000 -117.9243
445090.00000 4368326.00000 -121.1070
445090.00000 4368330.00000 N.C.
445090.00000 4368334.00000 -138.6972
445090.00000 4368338.00000 -126.5749
445090.00000 4368342.00000 -123.6903
445090.00000 4368346.00000 N.C.
445090.00000 4368350.00000 N.C.
445090.00000 4368354.00000 -137.3020
445090.00000 4368358.00000 N.C.
445090.00000 4368362.00000 N.C.
445090.00000 4368366.00000 N.C.
445090.00000 4368370.00000 N.C.
445090.00000 4368374.00000 -168.5460
445090.00000 4368378.00000 -148.1594
445090.00000 4368382.00000 -143.5241
445090.00000 4368386.00000 -144.6039
445090.00000 4368390.00000 -143.1793
445090.00000 4368394.00000 -138.1949
445094.00000 4367886.00000 -105.6313
445094.00000 4367890.00000 -105.4765
445094.00000 4367894.00000 -105.3214
445094.00000 4367898.00000 -105.0948
445094.00000 4367902.00000 -104.9244
445094.00000 4367906.00000 -104.7732
445094.00000 4367910.00000 -104.6118
445094.00000 4367914.00000 -104.4194
445094.00000 4367918.00000 -104.2612
445094.00000 4367922.00000 -104.1010
445094.00000 4367926.00000 -104.4883
445094.00000 4367930.00000 -104.3075
445094.00000 4367934.00000 -104.1944
445094.00000 4367938.00000 -104.0324
445094.00000 4367942.00000 -103.7830
445094.00000 4367946.00000 -103.5837
445094.00000 4367950.00000 -103.4218
445094.00000 4367954.00000 -103.3035
445094.00000 4367958.00000 -103.1149
445094.00000 4367962.00000 -102.9299
445094.00000 4367966.00000 -102.7160
445094.00000 4367970.00000 -102.5114
445094.00000 4367974.00000 -101.8176
445094.00000 4367978.00000 -101.6694
445094.00000 4367982.00000 -101.3213
445094.00000 4367986.00000 -101.3053
445094.00000 4367990.00000 -101.1292
445094.00000 4367994.00000 -101.0762
445094.00000 4367998.00000 -104.0453
445094.00000 4368002.00000 -103.8803
445094.00000 4368006.00000 -104.1503
445094.00000 4368010.00000 -110.0766
445094.00000 4368014.00000 -110.2577
445094.00000 4368018.00000 -109.9165
445094.00000 4368022.00000 -113.2482
445094.00000 4368026.00000 -113.5831
445094.00000 4368030.00000 -114.7171
445094.00000 4368034.00000 -114.9600
445094.00000 4368038.00000 -115.2245
445094.00000 4368042.00000 -114.9247
445094.00000 4368046.00000 -114.9881
445094.00000 4368050.00000 -113.6140
445094.00000 4368054.00000 -116.5290
445094.00000 4368058.00000 -116.1683
445094.00000 4368062.00000 -118.5229
445094.00000 4368066.00000 -118.2577
445094.00000 4368070.00000 -118.3350
445094.00000 4368074.00000 -127.3662
445094.00000 4368078.00000 -131.4219
445094.00000 4368082.00000 -117.8727
445094.00000 4368086.00000 N.C.
445094.00000 4368090.00000 N.C.
445094.00000 4368094.00000 -122.3170
445094.00000 4368098.00000 -130.4910
445094.00000 4368102.00000 N.C.
445094.00000 4368106.00000 -104.6599
445094.00000 4368110.00000 -99.3914
445094.00000 4368114.00000 -94.5962
445094.00000 4368118.00000 -93.1913
445094.00000 4368122.00000 -93.7798
445094.00000 4368126.00000 -94.5833
445094.00000 4368130.00000 -105.2185
445094.00000 4368134.00000 -107.0990
445094.00000 4368138.00000 -106.8172
445094.00000 4368142.00000 -111.2887
445094.00000 4368146.00000 -111.8413
445094.00000 4368150.00000 -107.6796
445094.00000 4368154.00000 -104.8491
445094.00000 4368158.00000 -99.8922
445094.00000 4368162.00000 N.C.
445094.00000 4368166.00000 N.C.
445094.00000 4368170.00000 N.C.
445094.00000 4368174.00000 -117.9463
445094.00000 4368178.00000 -118.9773
445094.00000 4368182.00000 -119.0907
445094.00000 4368186.00000 N.C.
445094.00000 4368190.00000 N.C.
445094.00000 4368194.00000 -123.9887
445094.00000 4368198.00000 N.C.
445094.00000 4368202.00000 -121.7758
445094.00000 4368206.00000 -122.5634
445094.00000 4368210.00000 N.C.
445094.00000 4368214.00000 N.C.
445094.00000 4368218.00000 N.C.
445094.00000 4368222.00000 N.C.
445094.00000 4368226.00000 -114.9730
445094.00000 4368230.00000 N.C.
445094.00000 4368234.00000 N.C.
445094.00000 4368238.00000 -111.1863
445094.00000 4368242.00000 -116.3376
445094.00000 4368246.00000 N.C.
445094.00000 4368250.00000 N.C.
445094.00000 4368254.00000 -114.7156
445094.00000 4368258.00000 N.C.
445094.00000 4368262.00000 -114.6891
445094.00000 4368266.00000 N.C.
445094.00000 4368270.00000 -127.1411
445094.00000 4368274.00000 N.C.
445094.00000 4368278.00000 N.C.
445094.00000 4368282.00000 -123.6610
445094.00000 4368286.00000 N.C.
445094.00000 4368290.00000 N.C.
445094.00000 4368294.00000 -115.6696
445094.00000 4368298.00000 -120.0901
445094.00000 4368302.00000 -117.6584
445094.00000 4368306.00000 N.C.
445094.00000 4368310.00000 -126.0149
445094.00000 4368314.00000 N.C.
445094.00000 4368318.00000 N.C.
445094.00000 4368322.00000 -113.9214
445094.00000 4368326.00000 N.C.
445094.00000 4368330.00000 N.C.
445094.00000 4368334.00000 -135.2436
445094.00000 4368338.00000 -124.5917
445094.00000 4368342.00000 -123.6111
445094.00000 4368346.00000 N.C.
445094.00000 4368350.00000 N.C.
445094.00000 4368354.00000 -137.6012
445094.00000 4368358.00000 N.C.
445094.00000 4368362.00000 N.C.
445094.00000 4368366.00000 N.C.
445094.00000 4368370.00000 N.C.
445094.00000 4368374.00000 N.C.
445094.00000 4368378.00000 -144.3034
445094.00000 4368382.00000 -142.7993
445094.00000 4368386.00000 -144.3023
445094.00000 4368390.00000 -143.2325
445094.00000 4368394.00000 -131.0152
445098.00000 4367886.00000 -105.4113
445098.00000 4367890.00000 -105.4287
445098.00000 4367894.00000 -105.2735
445098.00000 4367898.00000 -105.0538
445098.00000 4367902.00000 -104.9856
445098.00000 4367906.00000 -104.7179
445098.00000 4367910.00000 -104.5506
445098.00000 4367914.00000 -104.3657
445098.00000 4367918.00000 -104.1936
445098.00000 4367922.00000 -104.0514
445098.00000 4367926.00000 -103.8755
445098.00000 4367930.00000 -103.6951
445098.00000 4367934.00000 -103.5060
445098.00000 4367938.00000 -103.8311
445098.00000 4367942.00000 -103.6700
445098.00000 4367946.00000 -103.4967
445098.00000 4367950.00000 -103.3190
445098.00000 4367954.00000 -103.1780
445098.00000 4367958.00000 -103.0191
445098.00000 4367962.00000 -102.8480
445098.00000 4367966.00000 -102.6433
445098.00000 4367970.00000 -102.3438
445098.00000 4367974.00000 -102.1124
445098.00000 4367978.00000 -101.6043
445098.00000 4367982.00000 -101.3440
445098.00000 4367986.00000 -101.0444
445098.00000 4367990.00000 -100.6374
445098.00000 4367994.00000 -100.8108
445098.00000 4367998.00000 -98.3056
445098.00000 4368002.00000 -101.0568
445098.00000 4368006.00000 -103.6262
445098.00000 4368010.00000 -108.4949
445098.00000 4368014.00000 -109.8161
445098.00000 4368018.00000 -109.9888
445098.00000 4368022.00000 -109.8465
445098.00000 4368026.00000 -113.6679
445098.00000 4368030.00000 -114.7873
445098.00000 4368034.00000 -114.6222
445098.00000 4368038.00000 -115.0587
445098.00000 4368042.00000 -111.5945
445098.00000 4368046.00000 -114.4782
445098.00000 4368050.00000 -115.4182
445098.00000 4368054.00000 -116.2598
445098.00000 4368058.00000 -116.9367
445098.00000 4368062.00000 -117.9060
445098.00000 4368066.00000 -114.7345
445098.00000 4368070.00000 -119.6830
445098.00000 4368074.00000 -127.1741
445098.00000 4368078.00000 N.C.
445098.00000 4368082.00000 -111.4296
445098.00000 4368086.00000 N.C.
445098.00000 4368090.00000 N.C.
445098.00000 4368094.00000 -131.5096
445098.00000 4368098.00000 -125.9057
445098.00000 4368102.00000 N.C.
445098.00000 4368106.00000 -105.1455
445098.00000 4368110.00000 -104.7176
445098.00000 4368114.00000 -94.0570
445098.00000 4368118.00000 -92.4595
445098.00000 4368122.00000 -91.8931
445098.00000 4368126.00000 -96.1388
445098.00000 4368130.00000 -104.8223
445098.00000 4368134.00000 -107.2397
445098.00000 4368138.00000 -108.0307
445098.00000 4368142.00000 -98.8532
445098.00000 4368146.00000 -111.2694
445098.00000 4368150.00000 -108.1726
445098.00000 4368154.00000 -99.3164
445098.00000 4368158.00000 -100.6890
445098.00000 4368162.00000 N.C.
445098.00000 4368166.00000 N.C.
445098.00000 4368170.00000 N.C.
445098.00000 4368174.00000 N.C.
445098.00000 4368178.00000 N.C.
445098.00000 4368182.00000 N.C.
445098.00000 4368186.00000 -123.7455
445098.00000 4368190.00000 -122.2451
445098.00000 4368194.00000 N.C.
445098.00000 4368198.00000 N.C.
445098.00000 4368202.00000 -113.4287
445098.00000 4368206.00000 -123.8173
445098.00000 4368210.00000 N.C.
445098.00000 4368214.00000 N.C.
445098.00000 4368218.00000 N.C.
445098.00000 4368222.00000 N.C.
445098.00000 4368226.00000 -116.3111
445098.00000 4368230.00000 N.C.
445098.00000 4368234.00000 N.C.
445098.00000 4368238.00000 -113.1138
445098.00000 4368242.00000 -115.9280
445098.00000 4368246.00000 -127.6959
445098.00000 4368250.00000 -121.9862
445098.00000 4368254.00000 -109.0989
445098.00000 4368258.00000 -116.8599
445098.00000 4368262.00000 N.C.
445098.00000 4368266.00000 N.C.
445098.00000 4368270.00000 -123.1468
445098.00000 4368274.00000 N.C.
445098.00000 4368278.00000 N.C.
445098.00000 4368282.00000 -134.2494
445098.00000 4368286.00000 N.C.
445098.00000 4368290.00000 N.C.
445098.00000 4368294.00000 -115.1742
445098.00000 4368298.00000 -114.5375
445098.00000 4368302.00000 -117.8140
445098.00000 4368306.00000 N.C.
445098.00000 4368310.00000 -136.0575
445098.00000 4368314.00000 -125.5213
445098.00000 4368318.00000 -121.0864
445098.00000 4368322.00000 -118.4697
445098.00000 4368326.00000 -121.6716
445098.00000 4368330.00000 N.C.
445098.00000 4368334.00000 N.C.
445098.00000 4368338.00000 N.C.
445098.00000 4368342.00000 N.C.
445098.00000 4368346.00000 N.C.
445098.00000 4368350.00000 N.C.
445098.00000 4368354.00000 -137.3285
445098.00000 4368358.00000 N.C.
445098.00000 4368362.00000 N.C.
445098.00000 4368366.00000 N.C.
445098.00000 4368370.00000 -134.7993
445098.00000 4368374.00000 N.C.
445098.00000 4368378.00000 N.C.
445098.00000 4368382.00000 N.C.
445098.00000 4368386.00000 -146.5126
445098.00000 4368390.00000 -141.9261
445098.00000 4368394.00000 -135.1335
445102.00000 4367886.00000 -104.5135
445102.00000 4367890.00000 -105.0721
445102.00000 4367894.00000 -105.0084
445102.00000 4367898.00000 -104.8594
445102.00000 4367902.00000 -104.9363
445102.00000 4367906.00000 -104.8032
445102.00000 4367910.00000 -104.4857
445102.00000 4367914.00000 -104.3020
445102.00000 4367918.00000 -104.1151
445102.00000 4367922.00000 -103.9642
445102.00000 4367926.00000 -103.7877
445102.00000 4367930.00000 -103.6402
445102.00000 4367934.00000 -103.4270
445102.00000 4367938.00000 -103.2353
445102.00000 4367942.00000 -103.0023
445102.00000 4367946.00000 -102.8358
445102.00000 4367950.00000 -103.2475
445102.00000 4367954.00000 -103.0651
445102.00000 4367958.00000 -102.8814
445102.00000 4367962.00000 -102.6663
445102.00000 4367966.00000 -102.4701
445102.00000 4367970.00000 -102.3091
445102.00000 4367974.00000 -102.1378
445102.00000 4367978.00000 -101.8911
445102.00000 4367982.00000 -101.2254
445102.00000 4367986.00000 -101.0361
445102.00000 4367990.00000 -100.6649
445102.00000 4367994.00000 -100.4768
445102.00000 4367998.00000 -100.4439
445102.00000 4368002.00000 -100.3383
445102.00000 4368006.00000 -101.1183
445102.00000 4368010.00000 -102.6748
445102.00000 4368014.00000 -107.7363
445102.00000 4368018.00000 -109.4893
445102.00000 4368022.00000 -109.7082
445102.00000 4368026.00000 -112.4348
445102.00000 4368030.00000 -111.9626
445102.00000 4368034.00000 -115.0113
445102.00000 4368038.00000 -111.6835
445102.00000 4368042.00000 -113.8946
445102.00000 4368046.00000 -114.9355
445102.00000 4368050.00000 -115.0405
445102.00000 4368054.00000 -116.3389
445102.00000 4368058.00000 -116.4735
445102.00000 4368062.00000 -117.3517
445102.00000 4368066.00000 -109.7835
445102.00000 4368070.00000 -120.1352
445102.00000 4368074.00000 -129.4857
445102.00000 4368078.00000 N.C.
445102.00000 4368082.00000 N.C.
445102.00000 4368086.00000 N.C.
445102.00000 4368090.00000 N.C.
445102.00000 4368094.00000 N.C.
445102.00000 4368098.00000 -125.8554
445102.00000 4368102.00000 -112.0081
445102.00000 4368106.00000 -105.4675
445102.00000 4368110.00000 -105.2522
445102.00000 4368114.00000 -102.0531
445102.00000 4368118.00000 -91.9940
445102.00000 4368122.00000 -97.4144
445102.00000 4368126.00000 -101.3803
445102.00000 4368130.00000 -100.9573
445102.00000 4368134.00000 -107.4759
445102.00000 4368138.00000 -108.1772
445102.00000 4368142.00000 -108.2903
445102.00000 4368146.00000 -108.6799
445102.00000 4368150.00000 -99.4246
445102.00000 4368154.00000 -99.6775
445102.00000 4368158.00000 N.C.
445102.00000 4368162.00000 N.C.
445102.00000 4368166.00000 N.C.
445102.00000 4368170.00000 N.C.
445102.00000 4368174.00000 N.C.
445102.00000 4368178.00000 N.C.
445102.00000 4368182.00000 N.C.
445102.00000 4368186.00000 N.C.
445102.00000 4368190.00000 -124.4922
445102.00000 4368194.00000 N.C.
445102.00000 4368198.00000 -124.8723
445102.00000 4368202.00000 -122.2091
445102.00000 4368206.00000 -114.8367
445102.00000 4368210.00000 N.C.
445102.00000 4368214.00000 N.C.
445102.00000 4368218.00000 N.C.
445102.00000 4368222.00000 -100.5065
445102.00000 4368226.00000 -115.0226
445102.00000 4368230.00000 N.C.
445102.00000 4368234.00000 -108.8599
445102.00000 4368238.00000 -112.9812
445102.00000 4368242.00000 -115.8407
445102.00000 4368246.00000 N.C.
445102.00000 4368250.00000 N.C.
445102.00000 4368254.00000 N.C.
445102.00000 4368258.00000 -118.4880
445102.00000 4368262.00000 N.C.
445102.00000 4368266.00000 -109.7929
445102.00000 4368270.00000 -110.0075
445102.00000 4368274.00000 N.C.
445102.00000 4368278.00000 N.C.
445102.00000 4368282.00000 -119.1029
445102.00000 4368286.00000 N.C.
445102.00000 4368290.00000 N.C.
445102.00000 4368294.00000 -114.0601
445102.00000 4368298.00000 -114.8096
445102.00000 4368302.00000 -112.5920
445102.00000 4368306.00000 N.C.
445102.00000 4368310.00000 N.C.
445102.00000 4368314.00000 N.C.
445102.00000 4368318.00000 N.C.
445102.00000 4368322.00000 -120.9729
445102.00000 4368326.00000 -117.7455
445102.00000 4368330.00000 -122.2397
445102.00000 4368334.00000 -121.4263
445102.00000 4368338.00000 N.C.
445102.00000 4368342.00000 N.C.
445102.00000 4368346.00000 N.C.
445102.00000 4368350.00000 N.C.
445102.00000 4368354.00000 N.C.
445102.00000 4368358.00000 N.C.
445102.00000 4368362.00000 N.C.
445102.00000 4368366.00000 N.C.
445102.00000 4368370.00000 -129.0014
445102.00000 4368374.00000 -139.1696
445102.00000 4368378.00000 N.C.
445102.00000 4368382.00000 N.C.
445102.00000 4368386.00000 -151.2709
445102.00000 4368390.00000 -128.0735
445102.00000 4368394.00000 -133.5598
445106.00000 4367886.00000 -103.4306
445106.00000 4367890.00000 -103.8558
445106.00000 4367894.00000 -103.7052
445106.00000 4367898.00000 -104.5400
445106.00000 4367902.00000 -104.3490
445106.00000 4367906.00000 -104.7120
445106.00000 4367910.00000 -104.5446
445106.00000 4367914.00000 -104.3511
445106.00000 4367918.00000 -104.1194
445106.00000 4367922.00000 -103.9397
445106.00000 4367926.00000 -103.7556
445106.00000 4367930.00000 -103.4950
445106.00000 4367934.00000 -103.3326
445106.00000 4367938.00000 -103.1749
445106.00000 4367942.00000 -102.9849
445106.00000 4367946.00000 -102.8086
445106.00000 4367950.00000 -102.5948
445106.00000 4367954.00000 -102.4332
445106.00000 4367958.00000 -102.1959
445106.00000 4367962.00000 -102.5263
445106.00000 4367966.00000 -102.4048
445106.00000 4367970.00000 -102.2734
445106.00000 4367974.00000 -102.0575
445106.00000 4367978.00000 -101.7843
445106.00000 4367982.00000 -101.5062
445106.00000 4367986.00000 -101.2934
445106.00000 4367990.00000 -100.6979
445106.00000 4367994.00000 -100.4631
445106.00000 4367998.00000 -100.1837
445106.00000 4368002.00000 -100.2781
445106.00000 4368006.00000 -99.9393
445106.00000 4368010.00000 -99.7584
445106.00000 4368014.00000 -102.7902
445106.00000 4368018.00000 -107.2095
445106.00000 4368022.00000 -108.5872
445106.00000 4368026.00000 -110.5289
445106.00000 4368030.00000 -110.9411
445106.00000 4368034.00000 -111.2270
445106.00000 4368038.00000 -114.9860
445106.00000 4368042.00000 -115.6452
445106.00000 4368046.00000 -115.2567
445106.00000 4368050.00000 -114.9026
445106.00000 4368054.00000 -115.2301
445106.00000 4368058.00000 -116.1973
445106.00000 4368062.00000 -114.2697
445106.00000 4368066.00000 -116.3130
445106.00000 4368070.00000 -120.0963
445106.00000 4368074.00000 -133.0061
445106.00000 4368078.00000 N.C.
445106.00000 4368082.00000 -128.3165
445106.00000 4368086.00000 N.C.
445106.00000 4368090.00000 N.C.
445106.00000 4368094.00000 N.C.
445106.00000 4368098.00000 N.C.
445106.00000 4368102.00000 N.C.
445106.00000 4368106.00000 -104.9928
445106.00000 4368110.00000 -103.6927
445106.00000 4368114.00000 -98.2549
445106.00000 4368118.00000 -93.0274
445106.00000 4368122.00000 -110.9525
445106.00000 4368126.00000 -99.1647
445106.00000 4368130.00000 -103.0054
445106.00000 4368134.00000 -107.2431
445106.00000 4368138.00000 -107.9705
445106.00000 4368142.00000 -108.9409
445106.00000 4368146.00000 -98.4163
445106.00000 4368150.00000 -100.2566
445106.00000 4368154.00000 -100.3113
445106.00000 4368158.00000 N.C.
445106.00000 4368162.00000 N.C.
445106.00000 4368166.00000 N.C.
445106.00000 4368170.00000 -129.3548
445106.00000 4368174.00000 N.C.
445106.00000 4368178.00000 N.C.
445106.00000 4368182.00000 N.C.
445106.00000 4368186.00000 N.C.
445106.00000 4368190.00000 N.C.
445106.00000 4368194.00000 N.C.
445106.00000 4368198.00000 -120.0962
445106.00000 4368202.00000 -124.8692
445106.00000 4368206.00000 N.C.
445106.00000 4368210.00000 -112.7263
445106.00000 4368214.00000 -105.4791
445106.00000 4368218.00000 -104.6240
445106.00000 4368222.00000 -100.0093
445106.00000 4368226.00000 N.C.
445106.00000 4368230.00000 N.C.
445106.00000 4368234.00000 -108.8227
445106.00000 4368238.00000 -113.0653
445106.00000 4368242.00000 -112.6564
445106.00000 4368246.00000 -123.5623
445106.00000 4368250.00000 N.C.
445106.00000 4368254.00000 -122.2118
445106.00000 4368258.00000 N.C.
445106.00000 4368262.00000 N.C.
445106.00000 4368266.00000 -125.0387
445106.00000 4368270.00000 -118.6952
445106.00000 4368274.00000 N.C.
445106.00000 4368278.00000 -114.9991
445106.00000 4368282.00000 -111.7794
445106.00000 4368286.00000 N.C.
445106.00000 4368290.00000 -110.1386
445106.00000 4368294.00000 -114.9073
445106.00000 4368298.00000 -114.3290
445106.00000 4368302.00000 -112.9408
445106.00000 4368306.00000 -114.2499
445106.00000 4368310.00000 -119.3368
445106.00000 4368314.00000 N.C.
445106.00000 4368318.00000 -118.4133
445106.00000 4368322.00000 -116.0384
445106.00000 4368326.00000 N.C.
445106.00000 4368330.00000 -128.1648
445106.00000 4368334.00000 -118.1842
445106.00000 4368338.00000 -122.1894
445106.00000 4368342.00000 N.C.
445106.00000 4368346.00000 -135.1120
445106.00000 4368350.00000 -132.5176
445106.00000 4368354.00000 -131.0486
445106.00000 4368358.00000 -118.1092
445106.00000 4368362.00000 N.C.
445106.00000 4368366.00000 N.C.
445106.00000 4368370.00000 -125.9229
445106.00000 4368374.00000 N.C.
445106.00000 4368378.00000 N.C.
445106.00000 4368382.00000 N.C.
445106.00000 4368386.00000 -150.9267
445106.00000 4368390.00000 -135.2253
445106.00000 4368394.00000 -124.5656
445110.00000 4367886.00000 -104.3300
445110.00000 4367890.00000 -105.0610
445110.00000 4367894.00000 -101.4261
445110.00000 4367898.00000 -102.1710
445110.00000 4367902.00000 -103.0054
445110.00000 4367906.00000 -103.3069
445110.00000 4367910.00000 -103.8168
445110.00000 4367914.00000 -103.6866
445110.00000 4367918.00000 -103.7904
445110.00000 4367922.00000 -103.9291
445110.00000 4367926.00000 -103.6587
445110.00000 4367930.00000 -103.4452
445110.00000 4367934.00000 -103.2515
445110.00000 4367938.00000 -103.0812
445110.00000 4367942.00000 -102.8863
445110.00000 4367946.00000 -102.7417
445110.00000 4367950.00000 -102.5417
445110.00000 4367954.00000 -102.3449
445110.00000 4367958.00000 -102.1535
445110.00000 4367962.00000 -102.0094
445110.00000 4367966.00000 -101.8368
445110.00000 4367970.00000 -101.5602
445110.00000 4367974.00000 -101.8777
445110.00000 4367978.00000 -101.6717
445110.00000 4367982.00000 -101.4762
445110.00000 4367986.00000 -101.2647
445110.00000 4367990.00000 -101.0036
445110.00000 4367994.00000 -100.7962
445110.00000 4367998.00000 -100.1853
445110.00000 4368002.00000 -99.8581
445110.00000 4368006.00000 -99.8925
445110.00000 4368010.00000 -99.7548
445110.00000 4368014.00000 -99.3601
445110.00000 4368018.00000 -97.7303
445110.00000 4368022.00000 -102.7160
445110.00000 4368026.00000 -108.4033
445110.00000 4368030.00000 -109.3445
445110.00000 4368034.00000 -111.5645
445110.00000 4368038.00000 -111.8925
445110.00000 4368042.00000 -112.9024
445110.00000 4368046.00000 -112.3679
445110.00000 4368050.00000 -115.2694
445110.00000 4368054.00000 -115.4199
445110.00000 4368058.00000 -115.0296
445110.00000 4368062.00000 -110.0994
445110.00000 4368066.00000 -116.5460
445110.00000 4368070.00000 -118.7516
445110.00000 4368074.00000 -133.4025
445110.00000 4368078.00000 N.C.
445110.00000 4368082.00000 -148.4405
445110.00000 4368086.00000 -135.6848
445110.00000 4368090.00000 -131.7469
445110.00000 4368094.00000 -134.0366
445110.00000 4368098.00000 N.C.
445110.00000 4368102.00000 N.C.
445110.00000 4368106.00000 -103.9300
445110.00000 4368110.00000 -104.6762
445110.00000 4368114.00000 -104.4892
445110.00000 4368118.00000 -92.4719
445110.00000 4368122.00000 N.C.
445110.00000 4368126.00000 N.C.
445110.00000 4368130.00000 -103.8013
445110.00000 4368134.00000 -106.0963
445110.00000 4368138.00000 -108.0449
445110.00000 4368142.00000 -99.0875
445110.00000 4368146.00000 -99.5491
445110.00000 4368150.00000 -100.0623
445110.00000 4368154.00000 -99.9999
445110.00000 4368158.00000 -117.4201
445110.00000 4368162.00000 -121.1207
445110.00000 4368166.00000 N.C.
445110.00000 4368170.00000 N.C.
445110.00000 4368174.00000 N.C.
445110.00000 4368178.00000 N.C.
445110.00000 4368182.00000 N.C.
445110.00000 4368186.00000 -130.0840
445110.00000 4368190.00000 N.C.
445110.00000 4368194.00000 N.C.
445110.00000 4368198.00000 -118.3736
445110.00000 4368202.00000 N.C.
445110.00000 4368206.00000 N.C.
445110.00000 4368210.00000 -117.5969
445110.00000 4368214.00000 -111.8114
445110.00000 4368218.00000 -103.0698
445110.00000 4368222.00000 -98.8944
445110.00000 4368226.00000 -107.2273
445110.00000 4368230.00000 -108.7032
445110.00000 4368234.00000 -112.2245
445110.00000 4368238.00000 -113.0446
445110.00000 4368242.00000 -111.4846
445110.00000 4368246.00000 N.C.
445110.00000 4368250.00000 -113.8659
445110.00000 4368254.00000 -121.6653
445110.00000 4368258.00000 N.C.
445110.00000 4368262.00000 N.C.
445110.00000 4368266.00000 N.C.
445110.00000 4368270.00000 -108.7225
445110.00000 4368274.00000 N.C.
445110.00000 4368278.00000 N.C.
445110.00000 4368282.00000 -110.3006
445110.00000 4368286.00000 N.C.
445110.00000 4368290.00000 -111.3747
445110.00000 4368294.00000 -114.9823
445110.00000 4368298.00000 -114.4396
445110.00000 4368302.00000 -112.9462
445110.00000 4368306.00000 -113.9670
445110.00000 4368310.00000 -111.5095
445110.00000 4368314.00000 N.C.
445110.00000 4368318.00000 -116.5750
445110.00000 4368322.00000 -120.6530
445110.00000 4368326.00000 N.C.
445110.00000 4368330.00000 -127.8870
445110.00000 4368334.00000 -127.8668
445110.00000 4368338.00000 -124.9399
445110.00000 4368342.00000 N.C.
445110.00000 4368346.00000 N.C.
445110.00000 4368350.00000 N.C.
445110.00000 4368354.00000 -128.7716
445110.00000 4368358.00000 -125.8310
445110.00000 4368362.00000 -113.4346
445110.00000 4368366.00000 -119.0281
445110.00000 4368370.00000 -132.2764
445110.00000 4368374.00000 -126.0821
445110.00000 4368378.00000 N.C.
445110.00000 4368382.00000 -143.7862
445110.00000 4368386.00000 -127.9128
445110.00000 4368390.00000 -119.2149
445110.00000 4368394.00000 -115.9789
445114.00000 4367886.00000 -105.6538
445114.00000 4367890.00000 -104.1177
445114.00000 4367894.00000 -103.9531
445114.00000 4367898.00000 -103.3155
445114.00000 4367902.00000 -104.1198
445114.00000 4367906.00000 -106.1541
445114.00000 4367910.00000 -103.3374
445114.00000 4367914.00000 -101.9526
445114.00000 4367918.00000 -101.8342
445114.00000 4367922.00000 -102.7126
445114.00000 4367926.00000 -103.6004
445114.00000 4367930.00000 -103.4111
445114.00000 4367934.00000 -103.1883
445114.00000 4367938.00000 -102.9738
445114.00000 4367942.00000 -102.8217
445114.00000 4367946.00000 -102.6231
445114.00000 4367950.00000 -102.4047
445114.00000 4367954.00000 -102.2660
445114.00000 4367958.00000 -102.0681
445114.00000 4367962.00000 -101.9375
445114.00000 4367966.00000 -101.7381
445114.00000 4367970.00000 -101.4759
445114.00000 4367974.00000 -101.2548
445114.00000 4367978.00000 -101.0648
445114.00000 4367982.00000 -101.4140
445114.00000 4367986.00000 -101.1899
445114.00000 4367990.00000 -100.9193
445114.00000 4367994.00000 -100.6597
445114.00000 4367998.00000 -100.4411
445114.00000 4368002.00000 -99.8492
445114.00000 4368006.00000 -99.5085
445114.00000 4368010.00000 -99.5562
445114.00000 4368014.00000 -99.3902
445114.00000 4368018.00000 -99.1433
445114.00000 4368022.00000 -98.6822
445114.00000 4368026.00000 -102.2977
445114.00000 4368030.00000 -108.0303
445114.00000 4368034.00000 -108.8324
445114.00000 4368038.00000 -113.1575
445114.00000 4368042.00000 -114.4159
445114.00000 4368046.00000 -114.4543
445114.00000 4368050.00000 -115.1305
445114.00000 4368054.00000 -112.3203
445114.00000 4368058.00000 -111.7255
445114.00000 4368062.00000 -112.8459
445114.00000 4368066.00000 -116.5272
445114.00000 4368070.00000 -119.0653
445114.00000 4368074.00000 -136.0142
445114.00000 4368078.00000 -111.2097
445114.00000 4368082.00000 N.C.
445114.00000 4368086.00000 N.C.
445114.00000 4368090.00000 N.C.
445114.00000 4368094.00000 -146.3721
445114.00000 4368098.00000 N.C.
445114.00000 4368102.00000 N.C.
445114.00000 4368106.00000 -104.3156
445114.00000 4368110.00000 -104.7025
445114.00000 4368114.00000 -106.8860
445114.00000 4368118.00000 -96.5546
445114.00000 4368122.00000 N.C.
445114.00000 4368126.00000 N.C.
445114.00000 4368130.00000 -104.2566
445114.00000 4368134.00000 -105.8941
445114.00000 4368138.00000 -98.3475
445114.00000 4368142.00000 -99.1409
445114.00000 4368146.00000 -95.6589
445114.00000 4368150.00000 -98.9746
445114.00000 4368154.00000 N.C.
445114.00000 4368158.00000 N.C.
445114.00000 4368162.00000 N.C.
445114.00000 4368166.00000 N.C.
445114.00000 4368170.00000 -123.8324
445114.00000 4368174.00000 -119.4957
445114.00000 4368178.00000 N.C.
445114.00000 4368182.00000 N.C.
445114.00000 4368186.00000 N.C.
445114.00000 4368190.00000 N.C.
445114.00000 4368194.00000 N.C.
445114.00000 4368198.00000 -108.2993
445114.00000 4368202.00000 N.C.
445114.00000 4368206.00000 N.C.
445114.00000 4368210.00000 -120.0308
445114.00000 4368214.00000 -121.9913
445114.00000 4368218.00000 -106.0758
445114.00000 4368222.00000 -97.6352
445114.00000 4368226.00000 -106.9492
445114.00000 4368230.00000 -109.5742
445114.00000 4368234.00000 -110.8640
445114.00000 4368238.00000 -109.1578
445114.00000 4368242.00000 N.C.
445114.00000 4368246.00000 N.C.
445114.00000 4368250.00000 -118.6167
445114.00000 4368254.00000 -114.6166
445114.00000 4368258.00000 N.C.
445114.00000 4368262.00000 -108.1366
445114.00000 4368266.00000 N.C.
445114.00000 4368270.00000 -108.7156
445114.00000 4368274.00000 -106.3455
445114.00000 4368278.00000 -105.1637
445114.00000 4368282.00000 -103.2423
445114.00000 4368286.00000 N.C.
445114.00000 4368290.00000 -123.2314
445114.00000 4368294.00000 -119.7053
445114.00000 4368298.00000 -114.2947
445114.00000 4368302.00000 -113.5899
445114.00000 4368306.00000 -114.0006
445114.00000 4368310.00000 -114.4956
445114.00000 4368314.00000 -114.4605
445114.00000 4368318.00000 -118.7333
445114.00000 4368322.00000 -121.3944
445114.00000 4368326.00000 N.C.
445114.00000 4368330.00000 -126.5881
445114.00000 4368334.00000 -128.6040
445114.00000 4368338.00000 -132.6559
445114.00000 4368342.00000 -131.0520
445114.00000 4368346.00000 N.C.
445114.00000 4368350.00000 N.C.
445114.00000 4368354.00000 -113.9230
445114.00000 4368358.00000 -115.0351
445114.00000 4368362.00000 -104.5417
445114.00000 4368366.00000 N.C.
445114.00000 4368370.00000 N.C.
445114.00000 4368374.00000 -128.0187
445114.00000 4368378.00000 -120.8738
445114.00000 4368382.00000 -114.8658
445114.00000 4368386.00000 -105.6478
445114.00000 4368390.00000 -105.6575
445114.00000 4368394.00000 -105.9486
445118.00000 4367886.00000 -105.3563
445118.00000 4367890.00000 -105.0271
445118.00000 4367894.00000 -103.6249
445118.00000 4367898.00000 -103.6296
445118.00000 4367902.00000 -104.9418
445118.00000 4367906.00000 -107.4194
445118.00000 4367910.00000 -111.3025
445118.00000 4367914.00000 -109.2530
445118.00000 4367918.00000 -104.2039
445118.00000 4367922.00000 -104.2653
445118.00000 4367926.00000 -103.8431
445118.00000 4367930.00000 -102.5348
445118.00000 4367934.00000 -101.6638
445118.00000 4367938.00000 -102.9938
445118.00000 4367942.00000 -102.7232
445118.00000 4367946.00000 -102.5311
445118.00000 4367950.00000 -102.3851
445118.00000 4367954.00000 -102.1355
445118.00000 4367958.00000 -102.0028
445118.00000 4367962.00000 -101.8580
445118.00000 4367966.00000 -101.6048
445118.00000 4367970.00000 -101.3826
445118.00000 4367974.00000 -101.2551
445118.00000 4367978.00000 -100.9969
445118.00000 4367982.00000 -100.7711
445118.00000 4367986.00000 -100.5379
445118.00000 4367990.00000 -100.3118
445118.00000 4367994.00000 -100.5701
445118.00000 4367998.00000 -100.3262
445118.00000 4368002.00000 -100.0699
445118.00000 4368006.00000 -99.4407
445118.00000 4368010.00000 -99.1379
445118.00000 4368014.00000 -98.8036
445118.00000 4368018.00000 -98.8794
445118.00000 4368022.00000 -98.6782
445118.00000 4368026.00000 -98.4395
445118.00000 4368030.00000 -97.9629
445118.00000 4368034.00000 -101.9415
445118.00000 4368038.00000 -108.1173
445118.00000 4368042.00000 -111.9510
445118.00000 4368046.00000 -114.1207
445118.00000 4368050.00000 -114.7634
445118.00000 4368054.00000 -114.5338
445118.00000 4368058.00000 -107.7981
445118.00000 4368062.00000 -115.8359
445118.00000 4368066.00000 -116.6628
445118.00000 4368070.00000 -119.0559
445118.00000 4368074.00000 -113.1986
445118.00000 4368078.00000 -112.6936
445118.00000 4368082.00000 -113.1666
445118.00000 4368086.00000 N.C.
445118.00000 4368090.00000 N.C.
445118.00000 4368094.00000 N.C.
445118.00000 4368098.00000 N.C.
445118.00000 4368102.00000 -104.3997
445118.00000 4368106.00000 -104.3273
445118.00000 4368110.00000 -104.4336
445118.00000 4368114.00000 -103.8478
445118.00000 4368118.00000 -106.8146
445118.00000 4368122.00000 N.C.
445118.00000 4368126.00000 -104.6386
445118.00000 4368130.00000 -103.1036
445118.00000 4368134.00000 -103.6081
445118.00000 4368138.00000 -98.0507
445118.00000 4368142.00000 -98.6829
445118.00000 4368146.00000 -105.6714
445118.00000 4368150.00000 -107.3140
445118.00000 4368154.00000 N.C.
445118.00000 4368158.00000 N.C.
445118.00000 4368162.00000 N.C.
445118.00000 4368166.00000 N.C.
445118.00000 4368170.00000 N.C.
445118.00000 4368174.00000 N.C.
445118.00000 4368178.00000 N.C.
445118.00000 4368182.00000 -125.1556
445118.00000 4368186.00000 -124.3307
445118.00000 4368190.00000 -123.9160
445118.00000 4368194.00000 -124.0121
445118.00000 4368198.00000 -120.6881
445118.00000 4368202.00000 -107.7009
445118.00000 4368206.00000 N.C.
445118.00000 4368210.00000 N.C.
445118.00000 4368214.00000 N.C.
445118.00000 4368218.00000 -106.7236
445118.00000 4368222.00000 -97.9906
445118.00000 4368226.00000 -104.6362
445118.00000 4368230.00000 -110.1795
445118.00000 4368234.00000 -112.1642
445118.00000 4368238.00000 -110.8566
445118.00000 4368242.00000 -109.9933
445118.00000 4368246.00000 -111.7886
445118.00000 4368250.00000 -115.1910
445118.00000 4368254.00000 N.C.
445118.00000 4368258.00000 N.C.
445118.00000 4368262.00000 -106.1747
445118.00000 4368266.00000 N.C.
445118.00000 4368270.00000 N.C.
445118.00000 4368274.00000 N.C.
445118.00000 4368278.00000 N.C.
445118.00000 4368282.00000 N.C.
445118.00000 4368286.00000 N.C.
445118.00000 4368290.00000 -124.8895
445118.00000 4368294.00000 -123.1260
445118.00000 4368298.00000 -122.6827
445118.00000 4368302.00000 -118.5781
445118.00000 4368306.00000 -113.7769
445118.00000 4368310.00000 -112.0054
445118.00000 4368314.00000 -117.6228
445118.00000 4368318.00000 -123.3613
445118.00000 4368322.00000 N.C.
445118.00000 4368326.00000 N.C.
445118.00000 4368330.00000 N.C.
445118.00000 4368334.00000 N.C.
445118.00000 4368338.00000 N.C.
445118.00000 4368342.00000 N.C.
445118.00000 4368346.00000 N.C.
445118.00000 4368350.00000 -125.0896
445118.00000 4368354.00000 -113.9558
445118.00000 4368358.00000 -104.2960
445118.00000 4368362.00000 -104.1231
445118.00000 4368366.00000 N.C.
445118.00000 4368370.00000 -110.1563
445118.00000 4368374.00000 -104.9276
445118.00000 4368378.00000 -105.1996
445118.00000 4368382.00000 -105.3623
445118.00000 4368386.00000 -105.5758
445118.00000 4368390.00000 -105.8242
445118.00000 4368394.00000 -106.0663
445122.00000 4367886.00000 -103.8632
445122.00000 4367890.00000 -103.7202
445122.00000 4367894.00000 -104.9634
445122.00000 4367898.00000 -104.5393
445122.00000 4367902.00000 -104.2204
445122.00000 4367906.00000 -109.8351
445122.00000 4367910.00000 -106.6287
445122.00000 4367914.00000 -107.8856
445122.00000 4367918.00000 -105.3423
445122.00000 4367922.00000 -105.9148
445122.00000 4367926.00000 -104.7201
445122.00000 4367930.00000 -104.5871
445122.00000 4367934.00000 -101.3409
445122.00000 4367938.00000 -103.5268
445122.00000 4367942.00000 -108.1644
445122.00000 4367946.00000 -101.4993
445122.00000 4367950.00000 -102.1644
445122.00000 4367954.00000 -102.0762
445122.00000 4367958.00000 -101.7847
445122.00000 4367962.00000 -101.7583
445122.00000 4367966.00000 -101.5504
445122.00000 4367970.00000 -101.3514
445122.00000 4367974.00000 -101.1161
445122.00000 4367978.00000 -100.8595
445122.00000 4367982.00000 -100.7252
445122.00000 4367986.00000 -100.4356
445122.00000 4367990.00000 -100.1773
445122.00000 4367994.00000 -99.9520
445122.00000 4367998.00000 -99.6749
445122.00000 4368002.00000 -99.4048
445122.00000 4368006.00000 -99.6841
445122.00000 4368010.00000 -99.0571
445122.00000 4368014.00000 -98.7224
445122.00000 4368018.00000 -98.3785
445122.00000 4368022.00000 -98.5619
445122.00000 4368026.00000 -98.3211
445122.00000 4368030.00000 -97.9799
445122.00000 4368034.00000 -97.4923
445122.00000 4368038.00000 -96.1297
445122.00000 4368042.00000 -108.1510
445122.00000 4368046.00000 -111.8780
445122.00000 4368050.00000 -112.4249
445122.00000 4368054.00000 -114.5933
445122.00000 4368058.00000 -115.1379
445122.00000 4368062.00000 -114.4367
445122.00000 4368066.00000 -114.8451
445122.00000 4368070.00000 -118.9968
445122.00000 4368074.00000 N.C.
445122.00000 4368078.00000 N.C.
445122.00000 4368082.00000 N.C.
445122.00000 4368086.00000 N.C.
445122.00000 4368090.00000 N.C.
445122.00000 4368094.00000 -112.0708
445122.00000 4368098.00000 -105.4836
445122.00000 4368102.00000 -104.7646
445122.00000 4368106.00000 -104.0706
445122.00000 4368110.00000 -104.2734
445122.00000 4368114.00000 -104.9055
445122.00000 4368118.00000 N.C.
445122.00000 4368122.00000 N.C.
445122.00000 4368126.00000 -106.4471
445122.00000 4368130.00000 -102.6232
445122.00000 4368134.00000 -97.4060
445122.00000 4368138.00000 -97.7666
445122.00000 4368142.00000 N.C.
445122.00000 4368146.00000 N.C.
445122.00000 4368150.00000 -112.7916
445122.00000 4368154.00000 -129.3984
445122.00000 4368158.00000 N.C.
445122.00000 4368162.00000 -129.5952
445122.00000 4368166.00000 N.C.
445122.00000 4368170.00000 N.C.
445122.00000 4368174.00000 N.C.
445122.00000 4368178.00000 N.C.
445122.00000 4368182.00000 N.C.
445122.00000 4368186.00000 -122.4335
445122.00000 4368190.00000 N.C.
445122.00000 4368194.00000 N.C.
445122.00000 4368198.00000 -119.8593
445122.00000 4368202.00000 -107.4860
445122.00000 4368206.00000 -106.7505
445122.00000 4368210.00000 -106.6013
445122.00000 4368214.00000 N.C.
445122.00000 4368218.00000 -105.7332
445122.00000 4368222.00000 -98.1163
445122.00000 4368226.00000 -103.0701
445122.00000 4368230.00000 -104.2475
445122.00000 4368234.00000 -111.6288
445122.00000 4368238.00000 -109.8181
445122.00000 4368242.00000 -123.6567
445122.00000 4368246.00000 -112.8007
445122.00000 4368250.00000 -110.6382
445122.00000 4368254.00000 N.C.
445122.00000 4368258.00000 -111.5587
445122.00000 4368262.00000 -97.7358
445122.00000 4368266.00000 N.C.
445122.00000 4368270.00000 N.C.
445122.00000 4368274.00000 N.C.
445122.00000 4368278.00000 -109.6321
445122.00000 4368282.00000 N.C.
445122.00000 4368286.00000 N.C.
445122.00000 4368290.00000 -122.5426
445122.00000 4368294.00000 -110.5881
445122.00000 4368298.00000 N.C.
445122.00000 4368302.00000 N.C.
445122.00000 4368306.00000 -122.9163
445122.00000 4368310.00000 -127.1682
445122.00000 4368314.00000 -121.9204
445122.00000 4368318.00000 -122.3254
445122.00000 4368322.00000 N.C.
445122.00000 4368326.00000 N.C.
445122.00000 4368330.00000 N.C.
445122.00000 4368334.00000 N.C.
445122.00000 4368338.00000 N.C.
445122.00000 4368342.00000 N.C.
445122.00000 4368346.00000 N.C.
445122.00000 4368350.00000 -124.5423
445122.00000 4368354.00000 -113.1494
445122.00000 4368358.00000 -103.7687
445122.00000 4368362.00000 -103.7598
445122.00000 4368366.00000 -103.7283
445122.00000 4368370.00000 -104.7183
445122.00000 4368374.00000 -102.5978
445122.00000 4368378.00000 -103.5666
445122.00000 4368382.00000 -104.3591
445122.00000 4368386.00000 -104.6026
445122.00000 4368390.00000 -105.7634
445122.00000 4368394.00000 -105.9904
445126.00000 4367886.00000 -103.2226
445126.00000 4367890.00000 -102.9983
445126.00000 4367894.00000 -103.8937
445126.00000 4367898.00000 -104.7192
445126.00000 4367902.00000 -104.4924
445126.00000 4367906.00000 -107.0736
445126.00000 4367910.00000 -111.5454
445126.00000 4367914.00000 -106.2614
445126.00000 4367918.00000 -108.9324
445126.00000 4367922.00000 -109.1124
445126.00000 4367926.00000 -109.2356
445126.00000 4367930.00000 -109.1594
445126.00000 4367934.00000 -105.3992
445126.00000 4367938.00000 -104.0496
445126.00000 4367942.00000 -102.4295
445126.00000 4367946.00000 -102.4210
445126.00000 4367950.00000 -103.2307
445126.00000 4367954.00000 -106.4928
445126.00000 4367958.00000 -101.8513
445126.00000 4367962.00000 -101.2895
445126.00000 4367966.00000 -101.1477
445126.00000 4367970.00000 -101.1433
445126.00000 4367974.00000 -100.9554
445126.00000 4367978.00000 -100.7305
445126.00000 4367982.00000 -100.5076
445126.00000 4367986.00000 -100.2859
445126.00000 4367990.00000 -100.1300
445126.00000 4367994.00000 -99.8682
445126.00000 4367998.00000 -99.6040
445126.00000 4368002.00000 -99.2821
445126.00000 4368006.00000 -99.0553
445126.00000 4368010.00000 -98.6687
445126.00000 4368014.00000 -98.4951
445126.00000 4368018.00000 -98.3807
445126.00000 4368022.00000 -98.0152
445126.00000 4368026.00000 -98.1155
445126.00000 4368030.00000 -97.8753
445126.00000 4368034.00000 -97.5589
445126.00000 4368038.00000 -97.1885
445126.00000 4368042.00000 -96.6788
445126.00000 4368046.00000 -100.9907
445126.00000 4368050.00000 -107.2924
445126.00000 4368054.00000 -107.8120
445126.00000 4368058.00000 -113.3939
445126.00000 4368062.00000 -114.6064
445126.00000 4368066.00000 -115.1657
445126.00000 4368070.00000 -119.5982
445126.00000 4368074.00000 N.C.
445126.00000 4368078.00000 N.C.
445126.00000 4368082.00000 -128.1851
445126.00000 4368086.00000 N.C.
445126.00000 4368090.00000 -128.3993
445126.00000 4368094.00000 N.C.
445126.00000 4368098.00000 N.C.
445126.00000 4368102.00000 N.C.
445126.00000 4368106.00000 N.C.
445126.00000 4368110.00000 -109.3584
445126.00000 4368114.00000 -103.2424
445126.00000 4368118.00000 -109.2374
445126.00000 4368122.00000 -88.4327
445126.00000 4368126.00000 -106.2730
445126.00000 4368130.00000 -95.9475
445126.00000 4368134.00000 -97.0998
445126.00000 4368138.00000 -97.5396
445126.00000 4368142.00000 N.C.
445126.00000 4368146.00000 -113.5841
445126.00000 4368150.00000 N.C.
445126.00000 4368154.00000 N.C.
445126.00000 4368158.00000 N.C.
445126.00000 4368162.00000 N.C.
445126.00000 4368166.00000 N.C.
445126.00000 4368170.00000 -125.3346
445126.00000 4368174.00000 -123.6564
445126.00000 4368178.00000 -123.4942
445126.00000 4368182.00000 -126.6716
445126.00000 4368186.00000 -124.3422
445126.00000 4368190.00000 N.C.
445126.00000 4368194.00000 N.C.
445126.00000 4368198.00000 -115.4667
445126.00000 4368202.00000 -118.0002
445126.00000 4368206.00000 -106.7878
445126.00000 4368210.00000 -102.2377
445126.00000 4368214.00000 -106.5082
445126.00000 4368218.00000 -103.1483
445126.00000 4368222.00000 -97.8423
445126.00000 4368226.00000 -105.7143
445126.00000 4368230.00000 -103.2827
445126.00000 4368234.00000 -110.3323
445126.00000 4368238.00000 -107.1046
445126.00000 4368242.00000 N.C.
445126.00000 4368246.00000 N.C.
445126.00000 4368250.00000 -96.8174
445126.00000 4368254.00000 -97.7312
445126.00000 4368258.00000 -106.3303
445126.00000 4368262.00000 -102.1667
445126.00000 4368266.00000 -106.6073
445126.00000 4368270.00000 N.C.
445126.00000 4368274.00000 N.C.
445126.00000 4368278.00000 -106.9441
445126.00000 4368282.00000 N.C.
445126.00000 4368286.00000 -124.6819
445126.00000 4368290.00000 -124.0546
445126.00000 4368294.00000 -122.4744
445126.00000 4368298.00000 N.C.
445126.00000 4368302.00000 N.C.
445126.00000 4368306.00000 N.C.
445126.00000 4368310.00000 N.C.
445126.00000 4368314.00000 N.C.
445126.00000 4368318.00000 N.C.
445126.00000 4368322.00000 N.C.
445126.00000 4368326.00000 N.C.
445126.00000 4368330.00000 N.C.
445126.00000 4368334.00000 N.C.
445126.00000 4368338.00000 N.C.
445126.00000 4368342.00000 N.C.
445126.00000 4368346.00000 N.C.
445126.00000 4368350.00000 -118.1017
445126.00000 4368354.00000 -107.7081
445126.00000 4368358.00000 -103.8747
445126.00000 4368362.00000 -103.8996
445126.00000 4368366.00000 -104.5941
445126.00000 4368370.00000 -104.7439
445126.00000 4368374.00000 -104.9414
445126.00000 4368378.00000 -105.0195
445126.00000 4368382.00000 -105.2359
445126.00000 4368386.00000 -103.9792
445126.00000 4368390.00000 -101.9861
445126.00000 4368394.00000 -104.4868
445130.00000 4367886.00000 -103.9016
445130.00000 4367890.00000 -102.9314
445130.00000 4367894.00000 -102.8328
445130.00000 4367898.00000 -102.6043
445130.00000 4367902.00000 -105.6391
445130.00000 4367906.00000 -105.3291
445130.00000 4367910.00000 -105.1883
445130.00000 4367914.00000 -110.9877
445130.00000 4367918.00000 -106.4920
445130.00000 4367922.00000 -110.6941
445130.00000 4367926.00000 -105.6430
445130.00000 4367930.00000 -104.1791
445130.00000 4367934.00000 -106.6483
445130.00000 4367938.00000 -106.4968
445130.00000 4367942.00000 -106.0757
445130.00000 4367946.00000 -105.8916
445130.00000 4367950.00000 -105.8277
445130.00000 4367954.00000 -103.1827
445130.00000 4367958.00000 -107.9149
445130.00000 4367962.00000 -104.2086
445130.00000 4367966.00000 -110.5451
445130.00000 4367970.00000 -101.0979
445130.00000 4367974.00000 -101.3567
445130.00000 4367978.00000 -100.6600
445130.00000 4367982.00000 -100.4345
445130.00000 4367986.00000 -100.2305
445130.00000 4367990.00000 -99.9772
445130.00000 4367994.00000 -99.7551
445130.00000 4367998.00000 -99.5036
445130.00000 4368002.00000 -99.1642
445130.00000 4368006.00000 -98.8286
445130.00000 4368010.00000 -98.6720
445130.00000 4368014.00000 -98.4017
445130.00000 4368018.00000 -98.1132
445130.00000 4368022.00000 -97.4782
445130.00000 4368026.00000 -97.1041
445130.00000 4368030.00000 -97.5834
445130.00000 4368034.00000 -97.4153
445130.00000 4368038.00000 -97.0880
445130.00000 4368042.00000 -96.7400
445130.00000 4368046.00000 -96.3432
445130.00000 4368050.00000 -95.7932
445130.00000 4368054.00000 -105.7523
445130.00000 4368058.00000 -110.4739
445130.00000 4368062.00000 -114.1972
445130.00000 4368066.00000 -113.2109
445130.00000 4368070.00000 -120.3239
445130.00000 4368074.00000 N.C.
445130.00000 4368078.00000 N.C.
445130.00000 4368082.00000 -129.0768
445130.00000 4368086.00000 N.C.
445130.00000 4368090.00000 N.C.
445130.00000 4368094.00000 N.C.
445130.00000 4368098.00000 N.C.
445130.00000 4368102.00000 N.C.
445130.00000 4368106.00000 N.C.
445130.00000 4368110.00000 N.C.
445130.00000 4368114.00000 -105.9972
445130.00000 4368118.00000 N.C.
445130.00000 4368122.00000 N.C.
445130.00000 4368126.00000 N.C.
445130.00000 4368130.00000 -96.1494
445130.00000 4368134.00000 -96.8517
445130.00000 4368138.00000 -97.3830
445130.00000 4368142.00000 N.C.
445130.00000 4368146.00000 -114.3585
445130.00000 4368150.00000 -120.7810
445130.00000 4368154.00000 -119.7106
445130.00000 4368158.00000 -120.0125
445130.00000 4368162.00000 N.C.
445130.00000 4368166.00000 N.C.
445130.00000 4368170.00000 -127.5952
445130.00000 4368174.00000 -125.8485
445130.00000 4368178.00000 N.C.
445130.00000 4368182.00000 N.C.
445130.00000 4368186.00000 N.C.
445130.00000 4368190.00000 N.C.
445130.00000 4368194.00000 -115.9970
445130.00000 4368198.00000 N.C.
445130.00000 4368202.00000 -105.8554
445130.00000 4368206.00000 -115.7080
445130.00000 4368210.00000 -105.6728
445130.00000 4368214.00000 -105.4411
445130.00000 4368218.00000 -102.8444
445130.00000 4368222.00000 -97.4382
445130.00000 4368226.00000 -107.1071
445130.00000 4368230.00000 -107.6067
445130.00000 4368234.00000 -102.0677
445130.00000 4368238.00000 -96.6738
445130.00000 4368242.00000 -96.3331
445130.00000 4368246.00000 -96.6872
445130.00000 4368250.00000 -104.6724
445130.00000 4368254.00000 -102.2077
445130.00000 4368258.00000 -106.3697
445130.00000 4368262.00000 -111.6677
445130.00000 4368266.00000 -108.4059
445130.00000 4368270.00000 -108.6932
445130.00000 4368274.00000 -108.8905
445130.00000 4368278.00000 -105.4646
445130.00000 4368282.00000 N.C.
445130.00000 4368286.00000 -121.1689
445130.00000 4368290.00000 -123.5742
445130.00000 4368294.00000 -113.7751
445130.00000 4368298.00000 -117.1265
445130.00000 4368302.00000 -114.0132
445130.00000 4368306.00000 N.C.
445130.00000 4368310.00000 N.C.
445130.00000 4368314.00000 N.C.
445130.00000 4368318.00000 N.C.
445130.00000 4368322.00000 N.C.
445130.00000 4368326.00000 N.C.
445130.00000 4368330.00000 N.C.
445130.00000 4368334.00000 N.C.
445130.00000 4368338.00000 N.C.
445130.00000 4368342.00000 -113.1240
445130.00000 4368346.00000 -111.9024
445130.00000 4368350.00000 -103.5767
445130.00000 4368354.00000 -103.8464
445130.00000 4368358.00000 -104.1416
445130.00000 4368362.00000 -103.4405
445130.00000 4368366.00000 -104.6373
445130.00000 4368370.00000 -104.5829
445130.00000 4368374.00000 -104.0457
445130.00000 4368378.00000 -105.2066
445130.00000 4368382.00000 -105.2823
445130.00000 4368386.00000 -112.6444
445130.00000 4368390.00000 -106.9636
445130.00000 4368394.00000 -107.5985
445134.00000 4367886.00000 -104.0876
445134.00000 4367890.00000 -103.8669
445134.00000 4367894.00000 -103.6916
445134.00000 4367898.00000 -103.5179
445134.00000 4367902.00000 -103.2621
445134.00000 4367906.00000 -102.9970
445134.00000 4367910.00000 -102.7745
445134.00000 4367914.00000 -104.2794
445134.00000 4367918.00000 -106.3438
445134.00000 4367922.00000 -105.8805
445134.00000 4367926.00000 -106.1190
445134.00000 4367930.00000 -106.0695
445134.00000 4367934.00000 -103.5425
445134.00000 4367938.00000 -105.5140
445134.00000 4367942.00000 -105.1567
445134.00000 4367946.00000 -104.3272
445134.00000 4367950.00000 -102.6877
445134.00000 4367954.00000 -102.5137
445134.00000 4367958.00000 -106.9942
445134.00000 4367962.00000 -108.3917
445134.00000 4367966.00000 -104.4376
445134.00000 4367970.00000 -104.3142
445134.00000 4367974.00000 -107.2755
445134.00000 4367978.00000 -107.3580
445134.00000 4367982.00000 -100.5432
445134.00000 4367986.00000 -100.3504
445134.00000 4367990.00000 -99.7852
445134.00000 4367994.00000 -99.5794
445134.00000 4367998.00000 -99.2346
445134.00000 4368002.00000 -98.9410
445134.00000 4368006.00000 -98.8069
445134.00000 4368010.00000 -98.5806
445134.00000 4368014.00000 -98.3153
445134.00000 4368018.00000 -98.0050
445134.00000 4368022.00000 -97.7114
445134.00000 4368026.00000 -97.3749
445134.00000 4368030.00000 -96.6545
445134.00000 4368034.00000 -96.6034
445134.00000 4368038.00000 -96.9191
445134.00000 4368042.00000 -96.5876
445134.00000 4368046.00000 -96.2321
445134.00000 4368050.00000 -95.8267
445134.00000 4368054.00000 -95.4196
445134.00000 4368058.00000 -94.7515
445134.00000 4368062.00000 -109.8982
445134.00000 4368066.00000 -112.6691
445134.00000 4368070.00000 -120.2239
445134.00000 4368074.00000 N.C.
445134.00000 4368078.00000 -140.2327
445134.00000 4368082.00000 N.C.
445134.00000 4368086.00000 N.C.
445134.00000 4368090.00000 -126.6152
445134.00000 4368094.00000 N.C.
445134.00000 4368098.00000 -106.0528
445134.00000 4368102.00000 -105.7631
445134.00000 4368106.00000 -105.2466
445134.00000 4368110.00000 -103.3198
445134.00000 4368114.00000 -101.5963
445134.00000 4368118.00000 N.C.
445134.00000 4368122.00000 N.C.
445134.00000 4368126.00000 N.C.
445134.00000 4368130.00000 -96.1646
445134.00000 4368134.00000 -96.7672
445134.00000 4368138.00000 -96.2852
445134.00000 4368142.00000 N.C.
445134.00000 4368146.00000 N.C.
445134.00000 4368150.00000 -121.0045
445134.00000 4368154.00000 -121.2195
445134.00000 4368158.00000 -119.9346
445134.00000 4368162.00000 N.C.
445134.00000 4368166.00000 N.C.
445134.00000 4368170.00000 -127.3570
445134.00000 4368174.00000 -125.7601
445134.00000 4368178.00000 N.C.
445134.00000 4368182.00000 -116.4323
445134.00000 4368186.00000 -115.6240
445134.00000 4368190.00000 -114.4467
445134.00000 4368194.00000 -115.2524
445134.00000 4368198.00000 N.C.
445134.00000 4368202.00000 -103.0021
445134.00000 4368206.00000 -102.5004
445134.00000 4368210.00000 -102.3047
445134.00000 4368214.00000 -101.1911
445134.00000 4368218.00000 -105.1152
445134.00000 4368222.00000 -97.1696
445134.00000 4368226.00000 -106.6308
445134.00000 4368230.00000 -106.0318
445134.00000 4368234.00000 -93.5354
445134.00000 4368238.00000 -96.2690
445134.00000 4368242.00000 -105.9902
445134.00000 4368246.00000 -104.7954
445134.00000 4368250.00000 -106.2574
445134.00000 4368254.00000 -110.3348
445134.00000 4368258.00000 -107.6920
445134.00000 4368262.00000 -107.0320
445134.00000 4368266.00000 N.C.
445134.00000 4368270.00000 -109.0482
445134.00000 4368274.00000 -108.0106
445134.00000 4368278.00000 N.C.
445134.00000 4368282.00000 N.C.
445134.00000 4368286.00000 -121.0851
445134.00000 4368290.00000 -118.2402
445134.00000 4368294.00000 -116.2698
445134.00000 4368298.00000 -112.1959
445134.00000 4368302.00000 -111.1045
445134.00000 4368306.00000 -107.1527
445134.00000 4368310.00000 N.C.
445134.00000 4368314.00000 N.C.
445134.00000 4368318.00000 N.C.
445134.00000 4368322.00000 -136.2230
445134.00000 4368326.00000 N.C.
445134.00000 4368330.00000 N.C.
445134.00000 4368334.00000 N.C.
445134.00000 4368338.00000 N.C.
445134.00000 4368342.00000 -112.8281
445134.00000 4368346.00000 -108.1289
445134.00000 4368350.00000 -103.4069
445134.00000 4368354.00000 -103.8672
445134.00000 4368358.00000 -104.1498
445134.00000 4368362.00000 -103.4008
445134.00000 4368366.00000 -104.3503
445134.00000 4368370.00000 -110.3017
445134.00000 4368374.00000 -114.5022
445134.00000 4368378.00000 -110.8196
445134.00000 4368382.00000 -121.3221
445134.00000 4368386.00000 -121.5842
445134.00000 4368390.00000 -118.4445
445134.00000 4368394.00000 -116.9740
445138.00000 4367886.00000 -103.4985
445138.00000 4367890.00000 -103.3386
445138.00000 4367894.00000 -103.6856
445138.00000 4367898.00000 -103.5405
445138.00000 4367902.00000 -103.3138
445138.00000 4367906.00000 -103.1435
445138.00000 4367910.00000 -102.9531
445138.00000 4367914.00000 -102.7592
445138.00000 4367918.00000 -102.4624
445138.00000 4367922.00000 -102.2552
445138.00000 4367926.00000 -102.0550
445138.00000 4367930.00000 -100.2179
445138.00000 4367934.00000 -103.9872
445138.00000 4367938.00000 -103.8747
445138.00000 4367942.00000 -103.7484
445138.00000 4367946.00000 -105.8948
445138.00000 4367950.00000 -105.8872
445138.00000 4367954.00000 -105.6988
445138.00000 4367958.00000 -105.3250
445138.00000 4367962.00000 -111.9765
445138.00000 4367966.00000 -110.6903
445138.00000 4367970.00000 -110.5419
445138.00000 4367974.00000 -104.9636
445138.00000 4367978.00000 -105.1243
445138.00000 4367982.00000 -104.7384
445138.00000 4367986.00000 -108.8817
445138.00000 4367990.00000 -108.2942
445138.00000 4367994.00000 -99.6404
445138.00000 4367998.00000 -99.5348
445138.00000 4368002.00000 -99.3163
445138.00000 4368006.00000 -99.0813
445138.00000 4368010.00000 -98.2843
445138.00000 4368014.00000 -98.1467
445138.00000 4368018.00000 -97.9023
445138.00000 4368022.00000 -97.6044
445138.00000 4368026.00000 -97.3009
445138.00000 4368030.00000 -96.9532
445138.00000 4368034.00000 -96.2475
445138.00000 4368038.00000 -95.8051
445138.00000 4368042.00000 -95.8803
445138.00000 4368046.00000 -95.5357
445138.00000 4368050.00000 -95.5304
445138.00000 4368054.00000 -95.3233
445138.00000 4368058.00000 -94.8201
445138.00000 4368062.00000 -94.4294
445138.00000 4368066.00000 -104.8792
445138.00000 4368070.00000 -111.3425
445138.00000 4368074.00000 -123.0964
445138.00000 4368078.00000 N.C.
445138.00000 4368082.00000 N.C.
445138.00000 4368086.00000 N.C.
445138.00000 4368090.00000 -126.4683
445138.00000 4368094.00000 N.C.
445138.00000 4368098.00000 -121.2948
445138.00000 4368102.00000 N.C.
445138.00000 4368106.00000 -106.2390
445138.00000 4368110.00000 -98.4863
445138.00000 4368114.00000 -97.7596
445138.00000 4368118.00000 N.C.
445138.00000 4368122.00000 -91.7208
445138.00000 4368126.00000 -94.7418
445138.00000 4368130.00000 -96.5334
445138.00000 4368134.00000 -103.5525
445138.00000 4368138.00000 N.C.
445138.00000 4368142.00000 -126.5963
445138.00000 4368146.00000 -122.4611
445138.00000 4368150.00000 -121.6884
445138.00000 4368154.00000 -122.7215
445138.00000 4368158.00000 -121.9744
445138.00000 4368162.00000 N.C.
445138.00000 4368166.00000 N.C.
445138.00000 4368170.00000 -127.1825
445138.00000 4368174.00000 N.C.
445138.00000 4368178.00000 N.C.
445138.00000 4368182.00000 -116.9534
445138.00000 4368186.00000 -116.4663
445138.00000 4368190.00000 -115.0526
445138.00000 4368194.00000 N.C.
445138.00000 4368198.00000 N.C.
445138.00000 4368202.00000 -114.1340
445138.00000 4368206.00000 -105.4183
445138.00000 4368210.00000 -102.2230
445138.00000 4368214.00000 -99.8917
445138.00000 4368218.00000 -99.4970
445138.00000 4368222.00000 -99.2336
445138.00000 4368226.00000 -94.4658
445138.00000 4368230.00000 -94.4059
445138.00000 4368234.00000 -101.3489
445138.00000 4368238.00000 -113.6586
445138.00000 4368242.00000 -119.8113
445138.00000 4368246.00000 -114.7903
445138.00000 4368250.00000 -113.2407
445138.00000 4368254.00000 -114.3012
445138.00000 4368258.00000 -110.6293
445138.00000 4368262.00000 -107.3812
445138.00000 4368266.00000 -107.7110
445138.00000 4368270.00000 -108.6865
445138.00000 4368274.00000 -107.1111
445138.00000 4368278.00000 N.C.
445138.00000 4368282.00000 N.C.
445138.00000 4368286.00000 -117.2692
445138.00000 4368290.00000 -109.1031
445138.00000 4368294.00000 -115.1494
445138.00000 4368298.00000 -108.9698
445138.00000 4368302.00000 -111.1092
445138.00000 4368306.00000 -113.8523
445138.00000 4368310.00000 -117.1144
445138.00000 4368314.00000 -113.2476
445138.00000 4368318.00000 -113.0407
445138.00000 4368322.00000 N.C.
445138.00000 4368326.00000 N.C.
445138.00000 4368330.00000 N.C.
445138.00000 4368334.00000 N.C.
445138.00000 4368338.00000 -113.1074
445138.00000 4368342.00000 -111.7776
445138.00000 4368346.00000 -102.7120
445138.00000 4368350.00000 -103.1860
445138.00000 4368354.00000 N.C.
445138.00000 4368358.00000 N.C.
445138.00000 4368362.00000 -110.3746
445138.00000 4368366.00000 -124.6573
445138.00000 4368370.00000 -121.1207
445138.00000 4368374.00000 -117.6879
445138.00000 4368378.00000 -111.4010
445138.00000 4368382.00000 -110.5035
445138.00000 4368386.00000 -125.0173
445138.00000 4368390.00000 -125.1418
445138.00000 4368394.00000 -122.1463
445142.00000 4367886.00000 -103.5829
445142.00000 4367890.00000 -103.4115
445142.00000 4367894.00000 -103.2067
445142.00000 4367898.00000 -103.0012
445142.00000 4367902.00000 -102.8671
445142.00000 4367906.00000 -102.6750
445142.00000 4367910.00000 -102.5030
445142.00000 4367914.00000 -102.8420
445142.00000 4367918.00000 -102.6687
445142.00000 4367922.00000 -102.3586
445142.00000 4367926.00000 -102.1669
445142.00000 4367930.00000 -101.9853
445142.00000 4367934.00000 -101.8294
445142.00000 4367938.00000 -100.5735
445142.00000 4367942.00000 -100.3968
445142.00000 4367946.00000 -99.5020
445142.00000 4367950.00000 -101.7914
445142.00000 4367954.00000 -103.3621
445142.00000 4367958.00000 -105.3257
445142.00000 4367962.00000 -110.4348
445142.00000 4367966.00000 -110.5468
445142.00000 4367970.00000 -110.3330
445142.00000 4367974.00000 -109.2427
445142.00000 4367978.00000 -105.0994
445142.00000 4367982.00000 -111.1479
445142.00000 4367986.00000 -110.2383
445142.00000 4367990.00000 -110.6326
445142.00000 4367994.00000 -104.2989
445142.00000 4367998.00000 -103.9797
445142.00000 4368002.00000 -103.8798
445142.00000 4368006.00000 -107.6051
445142.00000 4368010.00000 -98.6520
445142.00000 4368014.00000 -98.3224
445142.00000 4368018.00000 -98.1163
445142.00000 4368022.00000 -97.8273
445142.00000 4368026.00000 -97.1089
445142.00000 4368030.00000 -96.7804
445142.00000 4368034.00000 -96.3423
445142.00000 4368038.00000 -95.7900
445142.00000 4368042.00000 -95.3556
445142.00000 4368046.00000 -95.3401
445142.00000 4368050.00000 -94.9862
445142.00000 4368054.00000 -94.6084
445142.00000 4368058.00000 -94.1989
445142.00000 4368062.00000 -94.2677
445142.00000 4368066.00000 -93.8117
445142.00000 4368070.00000 -93.0972
445142.00000 4368074.00000 -125.5567
445142.00000 4368078.00000 N.C.
445142.00000 4368082.00000 -119.0318
445142.00000 4368086.00000 N.C.
445142.00000 4368090.00000 N.C.
445142.00000 4368094.00000 N.C.
445142.00000 4368098.00000 N.C.
445142.00000 4368102.00000 N.C.
445142.00000 4368106.00000 N.C.
445142.00000 4368110.00000 -86.9836
445142.00000 4368114.00000 -98.4546
445142.00000 4368118.00000 N.C.
445142.00000 4368122.00000 -87.1250
445142.00000 4368126.00000 -96.1754
445142.00000 4368130.00000 -102.3815
445142.00000 4368134.00000 -108.9608
445142.00000 4368138.00000 N.C.
445142.00000 4368142.00000 N.C.
445142.00000 4368146.00000 N.C.
445142.00000 4368150.00000 N.C.
445142.00000 4368154.00000 -125.0189
445142.00000 4368158.00000 -123.6814
445142.00000 4368162.00000 N.C.
445142.00000 4368166.00000 N.C.
445142.00000 4368170.00000 -123.4011
445142.00000 4368174.00000 N.C.
445142.00000 4368178.00000 N.C.
445142.00000 4368182.00000 -117.5188
445142.00000 4368186.00000 -118.1805
445142.00000 4368190.00000 -116.4732
445142.00000 4368194.00000 N.C.
445142.00000 4368198.00000 N.C.
445142.00000 4368202.00000 -111.6211
445142.00000 4368206.00000 -115.4241
445142.00000 4368210.00000 N.C.
445142.00000 4368214.00000 -110.6307
445142.00000 4368218.00000 -96.8694
445142.00000 4368222.00000 -92.8476
445142.00000 4368226.00000 -94.5181
445142.00000 4368230.00000 N.C.
445142.00000 4368234.00000 N.C.
445142.00000 4368238.00000 N.C.
445142.00000 4368242.00000 N.C.
445142.00000 4368246.00000 N.C.
445142.00000 4368250.00000 N.C.
445142.00000 4368254.00000 -120.2884
445142.00000 4368258.00000 -118.1578
445142.00000 4368262.00000 -112.0958
445142.00000 4368266.00000 -109.0817
445142.00000 4368270.00000 -108.7297
445142.00000 4368274.00000 -109.2178
445142.00000 4368278.00000 -110.0947
445142.00000 4368282.00000 -113.4198
445142.00000 4368286.00000 -117.8337
445142.00000 4368290.00000 -117.4720
445142.00000 4368294.00000 -112.3378
445142.00000 4368298.00000 -115.8049
445142.00000 4368302.00000 -106.1206
445142.00000 4368306.00000 -116.7073
445142.00000 4368310.00000 -118.1456
445142.00000 4368314.00000 -113.9000
445142.00000 4368318.00000 -114.0259
445142.00000 4368322.00000 N.C.
445142.00000 4368326.00000 N.C.
445142.00000 4368330.00000 N.C.
445142.00000 4368334.00000 N.C.
445142.00000 4368338.00000 -113.1956
445142.00000 4368342.00000 -110.4235
445142.00000 4368346.00000 -102.9204
445142.00000 4368350.00000 -103.2876
445142.00000 4368354.00000 N.C.
445142.00000 4368358.00000 N.C.
445142.00000 4368362.00000 -110.5798
445142.00000 4368366.00000 -126.9819
445142.00000 4368370.00000 N.C.
445142.00000 4368374.00000 N.C.
445142.00000 4368378.00000 -110.4385
445142.00000 4368382.00000 -122.3729
445142.00000 4368386.00000 -125.0650
445142.00000 4368390.00000 -125.8632
445142.00000 4368394.00000 -125.1739
445146.00000 4367886.00000 -104.0577
445146.00000 4367890.00000 -105.1652
445146.00000 4367894.00000 -103.6561
445146.00000 4367898.00000 -103.0086
445146.00000 4367902.00000 -102.8203
445146.00000 4367906.00000 -102.6559
445146.00000 4367910.00000 -102.4744
445146.00000 4367914.00000 -102.2935
445146.00000 4367918.00000 -102.0742
445146.00000 4367922.00000 -102.4036
445146.00000 4367926.00000 -102.2617
445146.00000 4367930.00000 -102.0720
445146.00000 4367934.00000 -101.8150
445146.00000 4367938.00000 -101.6502
445146.00000 4367942.00000 -101.3678
445146.00000 4367946.00000 -101.1178
445146.00000 4367950.00000 -100.9332
445146.00000 4367954.00000 -101.8816
445146.00000 4367958.00000 -101.5397
445146.00000 4367962.00000 -101.3546
445146.00000 4367966.00000 -99.9994
445146.00000 4367970.00000 -104.7906
445146.00000 4367974.00000 -108.7989
445146.00000 4367978.00000 -110.5055
445146.00000 4367982.00000 -110.6599
445146.00000 4367986.00000 -109.6051
445146.00000 4367990.00000 -112.3166
445146.00000 4367994.00000 -112.3306
445146.00000 4367998.00000 -109.9587
445146.00000 4368002.00000 -103.8175
445146.00000 4368006.00000 -109.8942
445146.00000 4368010.00000 -101.5301
445146.00000 4368014.00000 -102.4237
445146.00000 4368018.00000 -106.2745
445146.00000 4368022.00000 -97.6192
445146.00000 4368026.00000 -97.3826
445146.00000 4368030.00000 -97.1221
445146.00000 4368034.00000 -96.7884
445146.00000 4368038.00000 -96.4195
445146.00000 4368042.00000 -95.5843
445146.00000 4368046.00000 -94.6872
445146.00000 4368050.00000 -94.7960
445146.00000 4368054.00000 -94.3793
445146.00000 4368058.00000 -93.8246
445146.00000 4368062.00000 -93.5121
445146.00000 4368066.00000 -93.1324
445146.00000 4368070.00000 -93.1832
445146.00000 4368074.00000 N.C.
445146.00000 4368078.00000 N.C.
445146.00000 4368082.00000 -114.5062
445146.00000 4368086.00000 N.C.
445146.00000 4368090.00000 N.C.
445146.00000 4368094.00000 N.C.
445146.00000 4368098.00000 N.C.
445146.00000 4368102.00000 -87.7616
445146.00000 4368106.00000 -88.2894
445146.00000 4368110.00000 -87.8047
445146.00000 4368114.00000 -87.1241
445146.00000 4368118.00000 N.C.
445146.00000 4368122.00000 -86.8814
445146.00000 4368126.00000 -97.6225
445146.00000 4368130.00000 -101.6438
445146.00000 4368134.00000 -108.0806
445146.00000 4368138.00000 -113.8374
445146.00000 4368142.00000 N.C.
445146.00000 4368146.00000 N.C.
445146.00000 4368150.00000 N.C.
445146.00000 4368154.00000 N.C.
445146.00000 4368158.00000 N.C.
445146.00000 4368162.00000 N.C.
445146.00000 4368166.00000 N.C.
445146.00000 4368170.00000 -112.5007
445146.00000 4368174.00000 N.C.
445146.00000 4368178.00000 N.C.
445146.00000 4368182.00000 -118.2667
445146.00000 4368186.00000 -119.2981
445146.00000 4368190.00000 -117.7513
445146.00000 4368194.00000 N.C.
445146.00000 4368198.00000 N.C.
445146.00000 4368202.00000 -114.0307
445146.00000 4368206.00000 -107.1676
445146.00000 4368210.00000 N.C.
445146.00000 4368214.00000 -102.7765
445146.00000 4368218.00000 -92.9340
445146.00000 4368222.00000 -93.7249
445146.00000 4368226.00000 -122.3303
445146.00000 4368230.00000 N.C.
445146.00000 4368234.00000 N.C.
445146.00000 4368238.00000 N.C.
445146.00000 4368242.00000 N.C.
445146.00000 4368246.00000 N.C.
445146.00000 4368250.00000 N.C.
445146.00000 4368254.00000 N.C.
445146.00000 4368258.00000 N.C.
445146.00000 4368262.00000 -115.8484
445146.00000 4368266.00000 -115.8217
445146.00000 4368270.00000 -108.8580
445146.00000 4368274.00000 -106.9697
445146.00000 4368278.00000 N.C.
445146.00000 4368282.00000 -108.7825
445146.00000 4368286.00000 -115.8851
445146.00000 4368290.00000 -113.8801
445146.00000 4368294.00000 -113.5529
445146.00000 4368298.00000 -114.5721
445146.00000 4368302.00000 -106.5686
445146.00000 4368306.00000 N.C.
445146.00000 4368310.00000 -128.3724
445146.00000 4368314.00000 -124.5882
445146.00000 4368318.00000 -112.2046
445146.00000 4368322.00000 N.C.
445146.00000 4368326.00000 N.C.
445146.00000 4368330.00000 N.C.
445146.00000 4368334.00000 N.C.
445146.00000 4368338.00000 -113.1122
445146.00000 4368342.00000 -108.4035
445146.00000 4368346.00000 -103.0911
445146.00000 4368350.00000 -103.4907
445146.00000 4368354.00000 N.C.
445146.00000 4368358.00000 -125.0512
445146.00000 4368362.00000 -113.6738
445146.00000 4368366.00000 -127.2131
445146.00000 4368370.00000 N.C.
445146.00000 4368374.00000 N.C.
445146.00000 4368378.00000 N.C.
445146.00000 4368382.00000 -111.0867
445146.00000 4368386.00000 -124.5605
445146.00000 4368390.00000 -125.9934
445146.00000 4368394.00000 -126.2858
445150.00000 4367886.00000 -105.3478
445150.00000 4367890.00000 -105.1240
445150.00000 4367894.00000 -104.9313
445150.00000 4367898.00000 -103.4289
445150.00000 4367902.00000 -103.2637
445150.00000 4367906.00000 -104.3237
445150.00000 4367910.00000 -102.8983
445150.00000 4367914.00000 -102.2438
445150.00000 4367918.00000 -102.5139
445150.00000 4367922.00000 -101.8839
445150.00000 4367926.00000 -101.6911
445150.00000 4367930.00000 -101.5079
445150.00000 4367934.00000 -101.8425
445150.00000 4367938.00000 -101.4311
445150.00000 4367942.00000 -101.2023
445150.00000 4367946.00000 -101.1007
445150.00000 4367950.00000 -100.8359
445150.00000 4367954.00000 -100.5965
445150.00000 4367958.00000 -100.3957
445150.00000 4367962.00000 -101.3785
445150.00000 4367966.00000 -101.0860
445150.00000 4367970.00000 -100.9021
445150.00000 4367974.00000 -100.7058
445150.00000 4367978.00000 -100.4243
445150.00000 4367982.00000 -100.0830
445150.00000 4367986.00000 -104.0506
445150.00000 4367990.00000 -104.1851
445150.00000 4367994.00000 -110.2085
445150.00000 4367998.00000 -110.3804
445150.00000 4368002.00000 -110.1959
445150.00000 4368006.00000 -110.8931
445150.00000 4368010.00000 -111.0202
445150.00000 4368014.00000 -103.4831
445150.00000 4368018.00000 -104.6185
445150.00000 4368022.00000 -103.8146
445150.00000 4368026.00000 -102.9233
445150.00000 4368030.00000 -105.9734
445150.00000 4368034.00000 -96.5013
445150.00000 4368038.00000 -96.2334
445150.00000 4368042.00000 -95.8913
445150.00000 4368046.00000 -95.4568
445150.00000 4368050.00000 -94.7488
445150.00000 4368054.00000 -94.6697
445150.00000 4368058.00000 -93.8172
445150.00000 4368062.00000 -93.2861
445150.00000 4368066.00000 -92.8624
445150.00000 4368070.00000 -92.3983
445150.00000 4368074.00000 -91.8964
445150.00000 4368078.00000 -91.4873
445150.00000 4368082.00000 -90.2016
445150.00000 4368086.00000 N.C.
445150.00000 4368090.00000 N.C.
445150.00000 4368094.00000 -106.5886
445150.00000 4368098.00000 N.C.
445150.00000 4368102.00000 -87.3069
445150.00000 4368106.00000 -87.9308
445150.00000 4368110.00000 -87.4208
445150.00000 4368114.00000 -86.5672
445150.00000 4368118.00000 -86.3732
445150.00000 4368122.00000 -86.1794
445150.00000 4368126.00000 -90.1466
445150.00000 4368130.00000 -100.4375
445150.00000 4368134.00000 -102.8292
445150.00000 4368138.00000 N.C.
445150.00000 4368142.00000 N.C.
445150.00000 4368146.00000 N.C.
445150.00000 4368150.00000 N.C.
445150.00000 4368154.00000 N.C.
445150.00000 4368158.00000 N.C.
445150.00000 4368162.00000 N.C.
445150.00000 4368166.00000 -118.7790
445150.00000 4368170.00000 -106.7571
445150.00000 4368174.00000 -111.9969
445150.00000 4368178.00000 -130.2890
445150.00000 4368182.00000 N.C.
445150.00000 4368186.00000 N.C.
445150.00000 4368190.00000 -117.3739
445150.00000 4368194.00000 N.C.
445150.00000 4368198.00000 -102.6929
445150.00000 4368202.00000 -104.2517
445150.00000 4368206.00000 N.C.
445150.00000 4368210.00000 N.C.
445150.00000 4368214.00000 -106.5048
445150.00000 4368218.00000 -92.5534
445150.00000 4368222.00000 N.C.
445150.00000 4368226.00000 N.C.
445150.00000 4368230.00000 N.C.
445150.00000 4368234.00000 N.C.
445150.00000 4368238.00000 N.C.
445150.00000 4368242.00000 -125.9547
445150.00000 4368246.00000 -103.9735
445150.00000 4368250.00000 -102.4547
445150.00000 4368254.00000 N.C.
445150.00000 4368258.00000 N.C.
445150.00000 4368262.00000 -118.9955
445150.00000 4368266.00000 -118.8657
445150.00000 4368270.00000 -113.7071
445150.00000 4368274.00000 -106.0165
445150.00000 4368278.00000 N.C.
445150.00000 4368282.00000 -106.3053
445150.00000 4368286.00000 -109.9923
445150.00000 4368290.00000 -110.6814
445150.00000 4368294.00000 -113.0750
445150.00000 4368298.00000 -108.3489
445150.00000 4368302.00000 -113.7070
445150.00000 4368306.00000 N.C.
445150.00000 4368310.00000 N.C.
445150.00000 4368314.00000 N.C.
445150.00000 4368318.00000 N.C.
445150.00000 4368322.00000 N.C.
445150.00000 4368326.00000 N.C.
445150.00000 4368330.00000 N.C.
445150.00000 4368334.00000 N.C.
445150.00000 4368338.00000 -117.4311
445150.00000 4368342.00000 -112.1648
445150.00000 4368346.00000 -103.0380
445150.00000 4368350.00000 N.C.
445150.00000 4368354.00000 N.C.
445150.00000 4368358.00000 -123.6521
445150.00000 4368362.00000 -113.0942
445150.00000 4368366.00000 -126.8786
445150.00000 4368370.00000 N.C.
445150.00000 4368374.00000 N.C.
445150.00000 4368378.00000 N.C.
445150.00000 4368382.00000 -135.5052
445150.00000 4368386.00000 -120.9412
445150.00000 4368390.00000 -112.1381
445150.00000 4368394.00000 -128.5479
445154.00000 4367886.00000 -105.2535
445154.00000 4367890.00000 -105.0894
445154.00000 4367894.00000 -104.9077
445154.00000 4367898.00000 -104.7148
445154.00000 4367902.00000 -102.6693
445154.00000 4367906.00000 -102.5935
445154.00000 4367910.00000 -102.3326
445154.00000 4367914.00000 -103.3334
445154.00000 4367918.00000 -101.8846
445154.00000 4367922.00000 -101.8008
445154.00000 4367926.00000 -102.6831
445154.00000 4367930.00000 -101.0439
445154.00000 4367934.00000 -100.8935
445154.00000 4367938.00000 -100.8980
445154.00000 4367942.00000 -100.7225
445154.00000 4367946.00000 -100.9833
445154.00000 4367950.00000 -100.7379
445154.00000 4367954.00000 -100.4335
445154.00000 4367958.00000 -100.2631
445154.00000 4367962.00000 -100.0633
445154.00000 4367966.00000 -99.8508
445154.00000 4367970.00000 -99.6980
445154.00000 4367974.00000 -100.7137
445154.00000 4367978.00000 -100.4298
445154.00000 4367982.00000 -100.3092
445154.00000 4367986.00000 -100.0444
445154.00000 4367990.00000 -99.6299
445154.00000 4367994.00000 -99.3869
445154.00000 4367998.00000 -99.1611
445154.00000 4368002.00000 -97.9673
445154.00000 4368006.00000 -103.2537
445154.00000 4368010.00000 -108.3476
445154.00000 4368014.00000 -107.9060
445154.00000 4368018.00000 -103.3636
445154.00000 4368022.00000 -104.1082
445154.00000 4368026.00000 -104.1621
445154.00000 4368030.00000 -103.9474
445154.00000 4368034.00000 -106.5065
445154.00000 4368038.00000 -101.7157
445154.00000 4368042.00000 -101.3286
445154.00000 4368046.00000 -94.9688
445154.00000 4368050.00000 -94.9138
445154.00000 4368054.00000 -94.2580
445154.00000 4368058.00000 -94.0567
445154.00000 4368062.00000 -93.5444
445154.00000 4368066.00000 -91.8824
445154.00000 4368070.00000 -91.7155
445154.00000 4368074.00000 -90.8924
445154.00000 4368078.00000 -91.5556
445154.00000 4368082.00000 -95.3591
445154.00000 4368086.00000 N.C.
445154.00000 4368090.00000 N.C.
445154.00000 4368094.00000 N.C.
445154.00000 4368098.00000 N.C.
445154.00000 4368102.00000 -87.1827
445154.00000 4368106.00000 -86.8398
445154.00000 4368110.00000 -86.5947
445154.00000 4368114.00000 -86.0453
445154.00000 4368118.00000 -85.4472
445154.00000 4368122.00000 -85.4518
445154.00000 4368126.00000 -84.9146
445154.00000 4368130.00000 -99.8284
445154.00000 4368134.00000 N.C.
445154.00000 4368138.00000 N.C.
445154.00000 4368142.00000 -103.6948
445154.00000 4368146.00000 -97.5304
445154.00000 4368150.00000 -98.9885
445154.00000 4368154.00000 -82.7156
445154.00000 4368158.00000 -83.3520
445154.00000 4368162.00000 -83.8794
445154.00000 4368166.00000 N.C.
445154.00000 4368170.00000 N.C.
445154.00000 4368174.00000 N.C.
445154.00000 4368178.00000 N.C.
445154.00000 4368182.00000 N.C.
445154.00000 4368186.00000 -112.8270
445154.00000 4368190.00000 -111.6434
445154.00000 4368194.00000 -107.4419
445154.00000 4368198.00000 -97.6872
445154.00000 4368202.00000 -113.8866
445154.00000 4368206.00000 N.C.
445154.00000 4368210.00000 N.C.
445154.00000 4368214.00000 -92.4366
445154.00000 4368218.00000 -102.0692
445154.00000 4368222.00000 N.C.
445154.00000 4368226.00000 N.C.
445154.00000 4368230.00000 N.C.
445154.00000 4368234.00000 N.C.
445154.00000 4368238.00000 N.C.
445154.00000 4368242.00000 N.C.
445154.00000 4368246.00000 -115.4261
445154.00000 4368250.00000 N.C.
445154.00000 4368254.00000 N.C.
445154.00000 4368258.00000 N.C.
445154.00000 4368262.00000 -114.3498
445154.00000 4368266.00000 -120.5175
445154.00000 4368270.00000 -112.7373
445154.00000 4368274.00000 -103.7369
445154.00000 4368278.00000 N.C.
445154.00000 4368282.00000 -110.6718
445154.00000 4368286.00000 -105.6316
445154.00000 4368290.00000 -116.4228
445154.00000 4368294.00000 -110.7807
445154.00000 4368298.00000 -105.6370
445154.00000 4368302.00000 -113.0501
445154.00000 4368306.00000 N.C.
445154.00000 4368310.00000 N.C.
445154.00000 4368314.00000 N.C.
445154.00000 4368318.00000 N.C.
445154.00000 4368322.00000 N.C.
445154.00000 4368326.00000 N.C.
445154.00000 4368330.00000 N.C.
445154.00000 4368334.00000 -117.9248
445154.00000 4368338.00000 -112.0466
445154.00000 4368342.00000 -112.2736
445154.00000 4368346.00000 -107.9976
445154.00000 4368350.00000 N.C.
445154.00000 4368354.00000 N.C.
445154.00000 4368358.00000 -123.1277
445154.00000 4368362.00000 -119.3113
445154.00000 4368366.00000 -130.6307
445154.00000 4368370.00000 N.C.
445154.00000 4368374.00000 -136.8585
445154.00000 4368378.00000 -136.7679
445154.00000 4368382.00000 -135.9520
445154.00000 4368386.00000 -116.2723
445154.00000 4368390.00000 -122.7388
445154.00000 4368394.00000 -112.3622
445158.00000 4367886.00000 -105.0335
445158.00000 4367890.00000 -104.8714
445158.00000 4367894.00000 -104.6665
445158.00000 4367898.00000 -104.4965
445158.00000 4367902.00000 -104.3275
445158.00000 4367906.00000 -104.1258
445158.00000 4367910.00000 -103.8088
445158.00000 4367914.00000 -102.1983
445158.00000 4367918.00000 -102.2324
445158.00000 4367922.00000 -103.2233
445158.00000 4367926.00000 -101.8427
445158.00000 4367930.00000 -101.4805
445158.00000 4367934.00000 -102.3083
445158.00000 4367938.00000 -101.0352
445158.00000 4367942.00000 -100.4559
445158.00000 4367946.00000 -100.6405
445158.00000 4367950.00000 -100.4214
445158.00000 4367954.00000 -100.1773
445158.00000 4367958.00000 -100.2914
445158.00000 4367962.00000 -100.1162
445158.00000 4367966.00000 -99.7616
445158.00000 4367970.00000 -99.4829
445158.00000 4367974.00000 -99.2697
445158.00000 4367978.00000 -99.1590
445158.00000 4367982.00000 -100.2229
445158.00000 4367986.00000 -99.8602
445158.00000 4367990.00000 -99.6116
445158.00000 4367994.00000 -99.3911
445158.00000 4367998.00000 -99.1765
445158.00000 4368002.00000 -98.8555
445158.00000 4368006.00000 -98.5730
445158.00000 4368010.00000 -98.1231
445158.00000 4368014.00000 -97.7894
445158.00000 4368018.00000 -97.4334
445158.00000 4368022.00000 -100.2502
445158.00000 4368026.00000 -102.5894
445158.00000 4368030.00000 -102.5581
445158.00000 4368034.00000 -102.7725
445158.00000 4368038.00000 -106.1554
445158.00000 4368042.00000 -106.5217
445158.00000 4368046.00000 -99.8185
445158.00000 4368050.00000 -100.7096
445158.00000 4368054.00000 -99.5769
445158.00000 4368058.00000 -92.8297
445158.00000 4368062.00000 -92.4795
445158.00000 4368066.00000 -92.0574
445158.00000 4368070.00000 -91.1818
445158.00000 4368074.00000 -90.2677
445158.00000 4368078.00000 -90.2681
445158.00000 4368082.00000 -111.5358
445158.00000 4368086.00000 N.C.
445158.00000 4368090.00000 N.C.
445158.00000 4368094.00000 N.C.
445158.00000 4368098.00000 N.C.
445158.00000 4368102.00000 -87.1647
445158.00000 4368106.00000 -86.5011
445158.00000 4368110.00000 -85.8554
445158.00000 4368114.00000 -85.1774
445158.00000 4368118.00000 -85.1687
445158.00000 4368122.00000 -84.4768
445158.00000 4368126.00000 -84.2156
445158.00000 4368130.00000 -92.1347
445158.00000 4368134.00000 N.C.
445158.00000 4368138.00000 N.C.
445158.00000 4368142.00000 N.C.
445158.00000 4368146.00000 N.C.
445158.00000 4368150.00000 N.C.
445158.00000 4368154.00000 N.C.
445158.00000 4368158.00000 -88.1479
445158.00000 4368162.00000 N.C.
445158.00000 4368166.00000 N.C.
445158.00000 4368170.00000 N.C.
445158.00000 4368174.00000 N.C.
445158.00000 4368178.00000 N.C.
445158.00000 4368182.00000 N.C.
445158.00000 4368186.00000 -106.3005
445158.00000 4368190.00000 -115.3019
445158.00000 4368194.00000 -106.6672
445158.00000 4368198.00000 N.C.
445158.00000 4368202.00000 N.C.
445158.00000 4368206.00000 N.C.
445158.00000 4368210.00000 N.C.
445158.00000 4368214.00000 -109.3075
445158.00000 4368218.00000 -105.8765
445158.00000 4368222.00000 N.C.
445158.00000 4368226.00000 -102.5265
445158.00000 4368230.00000 N.C.
445158.00000 4368234.00000 N.C.
445158.00000 4368238.00000 N.C.
445158.00000 4368242.00000 N.C.
445158.00000 4368246.00000 -110.4482
445158.00000 4368250.00000 N.C.
445158.00000 4368254.00000 N.C.
445158.00000 4368258.00000 N.C.
445158.00000 4368262.00000 N.C.
445158.00000 4368266.00000 N.C.
445158.00000 4368270.00000 -111.8865
445158.00000 4368274.00000 N.C.
445158.00000 4368278.00000 -110.4212
445158.00000 4368282.00000 -115.3795
445158.00000 4368286.00000 -107.6813
445158.00000 4368290.00000 -114.8181
445158.00000 4368294.00000 N.C.
445158.00000 4368298.00000 N.C.
445158.00000 4368302.00000 -124.4129
445158.00000 4368306.00000 -115.9644
445158.00000 4368310.00000 -110.5022
445158.00000 4368314.00000 -109.5205
445158.00000 4368318.00000 N.C.
445158.00000 4368322.00000 N.C.
445158.00000 4368326.00000 N.C.
445158.00000 4368330.00000 N.C.
445158.00000 4368334.00000 -130.2254
445158.00000 4368338.00000 -121.7803
445158.00000 4368342.00000 -118.0904
445158.00000 4368346.00000 -117.4596
445158.00000 4368350.00000 -118.4961
445158.00000 4368354.00000 N.C.
445158.00000 4368358.00000 -119.2173
445158.00000 4368362.00000 -119.6074
445158.00000 4368366.00000 -128.3330
445158.00000 4368370.00000 -139.1547
445158.00000 4368374.00000 -136.0524
445158.00000 4368378.00000 -134.4350
445158.00000 4368382.00000 -133.6072
445158.00000 4368386.00000 -115.0355
445158.00000 4368390.00000 -112.5490
445158.00000 4368394.00000 -125.5837
445162.00000 4367886.00000 -105.0036
445162.00000 4367890.00000 -104.8091
445162.00000 4367894.00000 -104.6374
445162.00000 4367898.00000 -104.4759
445162.00000 4367902.00000 -104.2387
445162.00000 4367906.00000 -104.0556
445162.00000 4367910.00000 -103.7906
445162.00000 4367914.00000 -103.6256
445162.00000 4367918.00000 -103.4091
445162.00000 4367922.00000 -102.1901
445162.00000 4367926.00000 -102.1288
445162.00000 4367930.00000 -103.2178
445162.00000 4367934.00000 -102.8017
445162.00000 4367938.00000 -102.6835
445162.00000 4367942.00000 -101.2014
445162.00000 4367946.00000 -102.0942
445162.00000 4367950.00000 -100.5792
445162.00000 4367954.00000 -100.3683
445162.00000 4367958.00000 -100.2199
445162.00000 4367962.00000 -99.5927
445162.00000 4367966.00000 -99.2541
445162.00000 4367970.00000 -98.6598
445162.00000 4367974.00000 -98.7021
445162.00000 4367978.00000 -98.7704
445162.00000 4367982.00000 -98.5309
445162.00000 4367986.00000 -98.4511
445162.00000 4367990.00000 -99.4751
445162.00000 4367994.00000 -99.1756
445162.00000 4367998.00000 -99.0730
445162.00000 4368002.00000 -98.6748
445162.00000 4368006.00000 -98.5002
445162.00000 4368010.00000 -98.0127
445162.00000 4368014.00000 -97.8744
445162.00000 4368018.00000 -97.5360
445162.00000 4368022.00000 -96.6344
445162.00000 4368026.00000 -95.1897
445162.00000 4368030.00000 -94.9206
445162.00000 4368034.00000 -94.6890
445162.00000 4368038.00000 -94.1869
445162.00000 4368042.00000 -98.4336
445162.00000 4368046.00000 -100.9464
445162.00000 4368050.00000 -100.8408
445162.00000 4368054.00000 -100.7032
445162.00000 4368058.00000 -117.4934
445162.00000 4368062.00000 N.C.
445162.00000 4368066.00000 -91.3751
445162.00000 4368070.00000 -91.6573
445162.00000 4368074.00000 -91.2731
445162.00000 4368078.00000 -90.5875
445162.00000 4368082.00000 -104.0965
445162.00000 4368086.00000 N.C.
445162.00000 4368090.00000 N.C.
445162.00000 4368094.00000 N.C.
445162.00000 4368098.00000 -87.7387
445162.00000 4368102.00000 -87.2767
445162.00000 4368106.00000 -86.1345
445162.00000 4368110.00000 -85.0330
445162.00000 4368114.00000 -84.8002
445162.00000 4368118.00000 -84.1705
445162.00000 4368122.00000 -83.4730
445162.00000 4368126.00000 -83.1727
445162.00000 4368130.00000 -82.8382
445162.00000 4368134.00000 -103.8036
445162.00000 4368138.00000 N.C.
445162.00000 4368142.00000 N.C.
445162.00000 4368146.00000 -98.4909
445162.00000 4368150.00000 N.C.
445162.00000 4368154.00000 N.C.
445162.00000 4368158.00000 -83.8425
445162.00000 4368162.00000 N.C.
445162.00000 4368166.00000 N.C.
445162.00000 4368170.00000 N.C.
445162.00000 4368174.00000 N.C.
445162.00000 4368178.00000 N.C.
445162.00000 4368182.00000 N.C.
445162.00000 4368186.00000 -99.4744
445162.00000 4368190.00000 -104.2103
445162.00000 4368194.00000 -108.0026
445162.00000 4368198.00000 -108.1719
445162.00000 4368202.00000 -110.6665
445162.00000 4368206.00000 N.C.
445162.00000 4368210.00000 N.C.
445162.00000 4368214.00000 N.C.
445162.00000 4368218.00000 N.C.
445162.00000 4368222.00000 N.C.
445162.00000 4368226.00000 -103.4880
445162.00000 4368230.00000 -100.0824
445162.00000 4368234.00000 -93.6581
445162.00000 4368238.00000 N.C.
445162.00000 4368242.00000 N.C.
445162.00000 4368246.00000 N.C.
445162.00000 4368250.00000 N.C.
445162.00000 4368254.00000 N.C.
445162.00000 4368258.00000 -119.9783
445162.00000 4368262.00000 N.C.
445162.00000 4368266.00000 N.C.
445162.00000 4368270.00000 -107.1014
445162.00000 4368274.00000 -118.4264
445162.00000 4368278.00000 -116.4701
445162.00000 4368282.00000 -112.9018
445162.00000 4368286.00000 -112.1807
445162.00000 4368290.00000 N.C.
445162.00000 4368294.00000 N.C.
445162.00000 4368298.00000 N.C.
445162.00000 4368302.00000 N.C.
445162.00000 4368306.00000 N.C.
445162.00000 4368310.00000 N.C.
445162.00000 4368314.00000 -136.3257
445162.00000 4368318.00000 N.C.
445162.00000 4368322.00000 N.C.
445162.00000 4368326.00000 -127.0281
445162.00000 4368330.00000 -132.4514
445162.00000 4368334.00000 -131.4901
445162.00000 4368338.00000 -125.9565
445162.00000 4368342.00000 -122.8461
445162.00000 4368346.00000 -122.4668
445162.00000 4368350.00000 N.C.
445162.00000 4368354.00000 N.C.
445162.00000 4368358.00000 N.C.
445162.00000 4368362.00000 -116.8525
445162.00000 4368366.00000 N.C.
445162.00000 4368370.00000 -145.5763
445162.00000 4368374.00000 -134.3491
445162.00000 4368378.00000 -133.0224
445162.00000 4368382.00000 -131.5484
445162.00000 4368386.00000 -120.2345
445162.00000 4368390.00000 -111.7262
445162.00000 4368394.00000 -122.1218
445166.00000 4367886.00000 -104.9396
445166.00000 4367890.00000 -104.7668
445166.00000 4367894.00000 -104.5364
445166.00000 4367898.00000 -104.0278
445166.00000 4367902.00000 -101.5908
445166.00000 4367906.00000 -103.8552
445166.00000 4367910.00000 -102.8228
445166.00000 4367914.00000 -101.7427
445166.00000 4367918.00000 -103.4452
445166.00000 4367922.00000 -103.3313
445166.00000 4367926.00000 -102.2073
445166.00000 4367930.00000 -102.9781
445166.00000 4367934.00000 -102.7786
445166.00000 4367938.00000 -102.5764
445166.00000 4367942.00000 -101.0655
445166.00000 4367946.00000 -101.9427
445166.00000 4367950.00000 -100.4888
445166.00000 4367954.00000 -101.4557
445166.00000 4367958.00000 -101.2337
445166.00000 4367962.00000 -100.5870
445166.00000 4367966.00000 -99.2544
445166.00000 4367970.00000 -98.9083
445166.00000 4367974.00000 -98.1172
445166.00000 4367978.00000 -97.4311
445166.00000 4367982.00000 -97.4374
445166.00000 4367986.00000 -98.0154
445166.00000 4367990.00000 -98.0312
445166.00000 4367994.00000 -97.7602
445166.00000 4367998.00000 -97.6085
445166.00000 4368002.00000 -98.5472
445166.00000 4368006.00000 -97.4707
445166.00000 4368010.00000 -96.8577
445166.00000 4368014.00000 -96.5674
445166.00000 4368018.00000 -96.5483
445166.00000 4368022.00000 -94.3537
445166.00000 4368026.00000 -95.9006
445166.00000 4368030.00000 -94.9310
445166.00000 4368034.00000 -94.7912
445166.00000 4368038.00000 -94.2191
445166.00000 4368042.00000 -93.9732
445166.00000 4368046.00000 -94.0102
445166.00000 4368050.00000 -94.3508
445166.00000 4368054.00000 -93.9303
445166.00000 4368058.00000 -93.1501
445166.00000 4368062.00000 N.C.
445166.00000 4368066.00000 -91.9717
445166.00000 4368070.00000 -91.5338
445166.00000 4368074.00000 -90.9764
445166.00000 4368078.00000 -90.5772
445166.00000 4368082.00000 N.C.
445166.00000 4368086.00000 N.C.
445166.00000 4368090.00000 N.C.
445166.00000 4368094.00000 N.C.
445166.00000 4368098.00000 -87.2460
445166.00000 4368102.00000 -86.7572
445166.00000 4368106.00000 -86.1197
445166.00000 4368110.00000 -85.2561
445166.00000 4368114.00000 -84.2999
445166.00000 4368118.00000 -83.0800
445166.00000 4368122.00000 -83.2197
445166.00000 4368126.00000 -82.3640
445166.00000 4368130.00000 -81.9996
445166.00000 4368134.00000 N.C.
445166.00000 4368138.00000 N.C.
445166.00000 4368142.00000 N.C.
445166.00000 4368146.00000 -94.8368
445166.00000 4368150.00000 -81.2291
445166.00000 4368154.00000 -82.5665
445166.00000 4368158.00000 -83.1385
445166.00000 4368162.00000 N.C.
445166.00000 4368166.00000 N.C.
445166.00000 4368170.00000 N.C.
445166.00000 4368174.00000 N.C.
445166.00000 4368178.00000 N.C.
445166.00000 4368182.00000 -99.5401
445166.00000 4368186.00000 -98.3312
445166.00000 4368190.00000 N.C.
445166.00000 4368194.00000 N.C.
445166.00000 4368198.00000 N.C.
445166.00000 4368202.00000 -109.1598
445166.00000 4368206.00000 -109.7004
445166.00000 4368210.00000 -112.1649
445166.00000 4368214.00000 -108.0488
445166.00000 4368218.00000 N.C.
445166.00000 4368222.00000 -105.6471
445166.00000 4368226.00000 -98.3592
445166.00000 4368230.00000 -101.0834
445166.00000 4368234.00000 -101.3741
445166.00000 4368238.00000 -94.5141
445166.00000 4368242.00000 -95.3076
445166.00000 4368246.00000 N.C.
445166.00000 4368250.00000 N.C.
445166.00000 4368254.00000 N.C.
445166.00000 4368258.00000 -115.7736
445166.00000 4368262.00000 -114.6941
445166.00000 4368266.00000 -120.2146
445166.00000 4368270.00000 -109.0574
445166.00000 4368274.00000 N.C.
445166.00000 4368278.00000 -114.1039
445166.00000 4368282.00000 -102.8605
445166.00000 4368286.00000 -107.4252
445166.00000 4368290.00000 N.C.
445166.00000 4368294.00000 -104.7468
445166.00000 4368298.00000 -109.0378
445166.00000 4368302.00000 -100.0359
445166.00000 4368306.00000 N.C.
445166.00000 4368310.00000 N.C.
445166.00000 4368314.00000 -138.2016
445166.00000 4368318.00000 -138.1061
445166.00000 4368322.00000 N.C.
445166.00000 4368326.00000 N.C.
445166.00000 4368330.00000 N.C.
445166.00000 4368334.00000 -122.8487
445166.00000 4368338.00000 -124.4292
445166.00000 4368342.00000 -126.4249
445166.00000 4368346.00000 N.C.
445166.00000 4368350.00000 N.C.
445166.00000 4368354.00000 N.C.
445166.00000 4368358.00000 N.C.
445166.00000 4368362.00000 N.C.
445166.00000 4368366.00000 -150.2136
445166.00000 4368370.00000 -138.7277
445166.00000 4368374.00000 -134.6632
445166.00000 4368378.00000 -126.4823
445166.00000 4368382.00000 -126.0757
445166.00000 4368386.00000 -123.6288
445166.00000 4368390.00000 -120.3387
445166.00000 4368394.00000 -111.8722
445170.00000 4367886.00000 -103.0244
445170.00000 4367890.00000 -102.8729
445170.00000 4367894.00000 -101.3833
445170.00000 4367898.00000 -102.8442
445170.00000 4367902.00000 -102.3500
445170.00000 4367906.00000 -101.2834
445170.00000 4367910.00000 -102.0055
445170.00000 4367914.00000 -101.8409
445170.00000 4367918.00000 -102.6752
445170.00000 4367922.00000 -102.5187
445170.00000 4367926.00000 -102.1914
445170.00000 4367930.00000 -100.4735
445170.00000 4367934.00000 -102.6218
445170.00000 4367938.00000 -99.9649
445170.00000 4367942.00000 -99.7463
445170.00000 4367946.00000 -101.9495
445170.00000 4367950.00000 -100.8348
445170.00000 4367954.00000 -101.0247
445170.00000 4367958.00000 -98.7478
445170.00000 4367962.00000 -99.8889
445170.00000 4367966.00000 -100.3501
445170.00000 4367970.00000 -97.8469
445170.00000 4367974.00000 -98.2375
445170.00000 4367978.00000 -98.9482
445170.00000 4367982.00000 -97.3383
445170.00000 4367986.00000 -96.4155
445170.00000 4367990.00000 -95.8336
445170.00000 4367994.00000 -96.2887
445170.00000 4367998.00000 -96.4843
445170.00000 4368002.00000 -96.4697
445170.00000 4368006.00000 -96.2095
445170.00000 4368010.00000 -95.8757
445170.00000 4368014.00000 -96.6301
445170.00000 4368018.00000 -95.7897
445170.00000 4368022.00000 -95.4989
445170.00000 4368026.00000 -95.1571
445170.00000 4368030.00000 -94.9870
445170.00000 4368034.00000 -94.7167
445170.00000 4368038.00000 -94.3903
445170.00000 4368042.00000 -94.6119
445170.00000 4368046.00000 -94.3591
445170.00000 4368050.00000 -92.0818
445170.00000 4368054.00000 -93.8609
445170.00000 4368058.00000 -93.2572
445170.00000 4368062.00000 -92.8952
445170.00000 4368066.00000 -91.9827
445170.00000 4368070.00000 -91.8690
445170.00000 4368074.00000 -91.2726
445170.00000 4368078.00000 -90.2887
445170.00000 4368082.00000 N.C.
445170.00000 4368086.00000 N.C.
445170.00000 4368090.00000 N.C.
445170.00000 4368094.00000 -97.0009
445170.00000 4368098.00000 -87.2390
445170.00000 4368102.00000 -86.5556
445170.00000 4368106.00000 -85.5346
445170.00000 4368110.00000 -84.5304
445170.00000 4368114.00000 -83.6085
445170.00000 4368118.00000 -82.7812
445170.00000 4368122.00000 -82.0232
445170.00000 4368126.00000 -81.2394
445170.00000 4368130.00000 -80.6712
445170.00000 4368134.00000 -80.1681
445170.00000 4368138.00000 N.C.
445170.00000 4368142.00000 N.C.
445170.00000 4368146.00000 -80.7381
445170.00000 4368150.00000 -80.7469
445170.00000 4368154.00000 -80.4800
445170.00000 4368158.00000 N.C.
445170.00000 4368162.00000 -82.6606
445170.00000 4368166.00000 N.C.
445170.00000 4368170.00000 N.C.
445170.00000 4368174.00000 N.C.
445170.00000 4368178.00000 N.C.
445170.00000 4368182.00000 -96.1274
445170.00000 4368186.00000 -87.7959
445170.00000 4368190.00000 N.C.
445170.00000 4368194.00000 N.C.
445170.00000 4368198.00000 N.C.
445170.00000 4368202.00000 -115.6488
445170.00000 4368206.00000 -109.2093
445170.00000 4368210.00000 -132.0811
445170.00000 4368214.00000 N.C.
445170.00000 4368218.00000 N.C.
445170.00000 4368222.00000 -98.5275
445170.00000 4368226.00000 -96.8392
445170.00000 4368230.00000 -99.1375
445170.00000 4368234.00000 -101.9003
445170.00000 4368238.00000 -101.9611
445170.00000 4368242.00000 -102.0209
445170.00000 4368246.00000 -100.5495
445170.00000 4368250.00000 -98.6120
445170.00000 4368254.00000 -102.3368
445170.00000 4368258.00000 -103.7451
445170.00000 4368262.00000 N.C.
445170.00000 4368266.00000 N.C.
445170.00000 4368270.00000 -119.3877
445170.00000 4368274.00000 N.C.
445170.00000 4368278.00000 -107.3125
445170.00000 4368282.00000 -105.0913
445170.00000 4368286.00000 -109.5115
445170.00000 4368290.00000 N.C.
445170.00000 4368294.00000 N.C.
445170.00000 4368298.00000 -117.7865
445170.00000 4368302.00000 N.C.
445170.00000 4368306.00000 N.C.
445170.00000 4368310.00000 N.C.
445170.00000 4368314.00000 N.C.
445170.00000 4368318.00000 -142.7696
445170.00000 4368322.00000 -132.4523
445170.00000 4368326.00000 N.C.
445170.00000 4368330.00000 N.C.
445170.00000 4368334.00000 -126.1301
445170.00000 4368338.00000 -126.6805
445170.00000 4368342.00000 -126.2140
445170.00000 4368346.00000 -126.5136
445170.00000 4368350.00000 -118.1987
445170.00000 4368354.00000 N.C.
445170.00000 4368358.00000 N.C.
445170.00000 4368362.00000 N.C.
445170.00000 4368366.00000 N.C.
445170.00000 4368370.00000 -135.6600
445170.00000 4368374.00000 -131.7431
445170.00000 4368378.00000 -131.2912
445170.00000 4368382.00000 -125.4333
445170.00000 4368386.00000 -126.0562
445170.00000 4368390.00000 -121.9122
445170.00000 4368394.00000 -111.3865
445174.00000 4367886.00000 -104.4484
445174.00000 4367890.00000 -104.3967
445174.00000 4367894.00000 -104.2359
445174.00000 4367898.00000 -104.0544
445174.00000 4367902.00000 -103.1746
445174.00000 4367906.00000 -103.6332
445174.00000 4367910.00000 -103.4531
445174.00000 4367914.00000 -103.4154
445174.00000 4367918.00000 -103.2278
445174.00000 4367922.00000 -103.0384
445174.00000 4367926.00000 -102.7421
445174.00000 4367930.00000 -102.5278
445174.00000 4367934.00000 -102.0270
445174.00000 4367938.00000 -101.7497
445174.00000 4367942.00000 -101.7200
445174.00000 4367946.00000 -101.8089
445174.00000 4367950.00000 -101.4333
445174.00000 4367954.00000 -100.8293
445174.00000 4367958.00000 -100.6774
445174.00000 4367962.00000 -99.8946
445174.00000 4367966.00000 -99.0963
445174.00000 4367970.00000 -97.6818
445174.00000 4367974.00000 -97.5181
445174.00000 4367978.00000 -97.4888
445174.00000 4367982.00000 -98.3359
445174.00000 4367986.00000 -98.0165
445174.00000 4367990.00000 -95.9702
445174.00000 4367994.00000 -95.9387
445174.00000 4367998.00000 -96.2826
445174.00000 4368002.00000 -96.3932
445174.00000 4368006.00000 -96.1198
445174.00000 4368010.00000 -96.1464
445174.00000 4368014.00000 -95.8054
445174.00000 4368018.00000 -95.5227
445174.00000 4368022.00000 -96.3152
445174.00000 4368026.00000 -95.8829
445174.00000 4368030.00000 -93.9144
445174.00000 4368034.00000 -93.0065
445174.00000 4368038.00000 -94.9016
445174.00000 4368042.00000 -94.6802
445174.00000 4368046.00000 -94.3239
445174.00000 4368050.00000 -94.0635
445174.00000 4368054.00000 -93.7402
445174.00000 4368058.00000 -93.0551
445174.00000 4368062.00000 -92.4849
445174.00000 4368066.00000 -92.0486
445174.00000 4368070.00000 -91.7691
445174.00000 4368074.00000 -91.2661
445174.00000 4368078.00000 -89.7630
445174.00000 4368082.00000 N.C.
445174.00000 4368086.00000 N.C.
445174.00000 4368090.00000 N.C.
445174.00000 4368094.00000 N.C.
445174.00000 4368098.00000 N.C.
445174.00000 4368102.00000 N.C.
445174.00000 4368106.00000 N.C.
445174.00000 4368110.00000 N.C.
445174.00000 4368114.00000 N.C.
445174.00000 4368118.00000 -92.5871
445174.00000 4368122.00000 -90.0419
445174.00000 4368126.00000 -84.9714
445174.00000 4368130.00000 -80.4821
445174.00000 4368134.00000 -79.8607
445174.00000 4368138.00000 -79.7296
445174.00000 4368142.00000 -79.5471
445174.00000 4368146.00000 -80.0922
445174.00000 4368150.00000 -80.2540
445174.00000 4368154.00000 -81.3553
445174.00000 4368158.00000 N.C.
445174.00000 4368162.00000 N.C.
445174.00000 4368166.00000 N.C.
445174.00000 4368170.00000 N.C.
445174.00000 4368174.00000 N.C.
445174.00000 4368178.00000 -92.8329
445174.00000 4368182.00000 -85.7583
445174.00000 4368186.00000 -86.9292
445174.00000 4368190.00000 N.C.
445174.00000 4368194.00000 N.C.
445174.00000 4368198.00000 -105.8458
445174.00000 4368202.00000 -104.5133
445174.00000 4368206.00000 -103.9768
445174.00000 4368210.00000 -101.1859
445174.00000 4368214.00000 N.C.
445174.00000 4368218.00000 N.C.
445174.00000 4368222.00000 N.C.
445174.00000 4368226.00000 N.C.
445174.00000 4368230.00000 -100.2247
445174.00000 4368234.00000 N.C.
445174.00000 4368238.00000 N.C.
445174.00000 4368242.00000 -107.9116
445174.00000 4368246.00000 -108.8264
445174.00000 4368250.00000 -106.7974
445174.00000 4368254.00000 -99.0617
445174.00000 4368258.00000 -100.4220
445174.00000 4368262.00000 N.C.
445174.00000 4368266.00000 N.C.
445174.00000 4368270.00000 N.C.
445174.00000 4368274.00000 -119.7153
445174.00000 4368278.00000 -109.8803
445174.00000 4368282.00000 -109.0628
445174.00000 4368286.00000 N.C.
445174.00000 4368290.00000 N.C.
445174.00000 4368294.00000 -133.8486
445174.00000 4368298.00000 -117.1481
445174.00000 4368302.00000 N.C.
445174.00000 4368306.00000 N.C.
445174.00000 4368310.00000 N.C.
445174.00000 4368314.00000 N.C.
445174.00000 4368318.00000 N.C.
445174.00000 4368322.00000 N.C.
445174.00000 4368326.00000 N.C.
445174.00000 4368330.00000 N.C.
445174.00000 4368334.00000 N.C.
445174.00000 4368338.00000 -112.7955
445174.00000 4368342.00000 -124.2305
445174.00000 4368346.00000 -124.5301
445174.00000 4368350.00000 -113.3843
445174.00000 4368354.00000 -119.2477
445174.00000 4368358.00000 -133.3287
445174.00000 4368362.00000 -132.5243
445174.00000 4368366.00000 -130.4247
445174.00000 4368370.00000 -127.2528
445174.00000 4368374.00000 -127.0828
445174.00000 4368378.00000 -126.7207
445174.00000 4368382.00000 -124.7413
445174.00000 4368386.00000 -143.4940
445174.00000 4368390.00000 -124.6882
445174.00000 4368394.00000 -120.9586
445178.00000 4367886.00000 -104.3475
445178.00000 4367890.00000 -104.2534
445178.00000 4367894.00000 -103.2346
445178.00000 4367898.00000 -103.9142
445178.00000 4367902.00000 -103.7458
445178.00000 4367906.00000 -103.5477
445178.00000 4367910.00000 -103.3627
445178.00000 4367914.00000 -103.3103
445178.00000 4367918.00000 -102.9635
445178.00000 4367922.00000 -102.7992
445178.00000 4367926.00000 -101.7186
445178.00000 4367930.00000 -101.6120
445178.00000 4367934.00000 -100.9691
445178.00000 4367938.00000 -100.9304
445178.00000 4367942.00000 -100.1292
445178.00000 4367946.00000 -99.6573
445178.00000 4367950.00000 -99.9389
445178.00000 4367954.00000 -99.8217
445178.00000 4367958.00000 -99.5981
445178.00000 4367962.00000 -100.0020
445178.00000 4367966.00000 -100.1028
445178.00000 4367970.00000 -99.5422
445178.00000 4367974.00000 -98.3804
445178.00000 4367978.00000 -97.9334
445178.00000 4367982.00000 -97.7529
445178.00000 4367986.00000 -97.7104
445178.00000 4367990.00000 -97.7004
445178.00000 4367994.00000 -96.6909
445178.00000 4367998.00000 -95.7712
445178.00000 4368002.00000 -95.7818
445178.00000 4368006.00000 -96.2393
445178.00000 4368010.00000 -95.8789
445178.00000 4368014.00000 -94.0007
445178.00000 4368018.00000 -93.4365
445178.00000 4368022.00000 -95.0909
445178.00000 4368026.00000 -95.2609
445178.00000 4368030.00000 -95.0283
445178.00000 4368034.00000 -95.9883
445178.00000 4368038.00000 -94.8942
445178.00000 4368042.00000 -94.4814
445178.00000 4368046.00000 -94.2174
445178.00000 4368050.00000 -93.5215
445178.00000 4368054.00000 -92.8596
445178.00000 4368058.00000 -93.0726
445178.00000 4368062.00000 -92.7749
445178.00000 4368066.00000 -92.1917
445178.00000 4368070.00000 -91.7269
445178.00000 4368074.00000 -91.2745
445178.00000 4368078.00000 -90.3040
445178.00000 4368082.00000 N.C.
445178.00000 4368086.00000 N.C.
445178.00000 4368090.00000 N.C.
445178.00000 4368094.00000 -87.7910
445178.00000 4368098.00000 -86.9134
445178.00000 4368102.00000 -86.2901
445178.00000 4368106.00000 N.C.
445178.00000 4368110.00000 N.C.
445178.00000 4368114.00000 N.C.
445178.00000 4368118.00000 -90.7431
445178.00000 4368122.00000 -99.1435
445178.00000 4368126.00000 N.C.
445178.00000 4368130.00000 N.C.
445178.00000 4368134.00000 -93.9643
445178.00000 4368138.00000 -92.6516
445178.00000 4368142.00000 -81.5856
445178.00000 4368146.00000 -78.8701
445178.00000 4368150.00000 -80.0013
445178.00000 4368154.00000 -80.6647
445178.00000 4368158.00000 -81.4366
445178.00000 4368162.00000 -82.6979
445178.00000 4368166.00000 -83.6170
445178.00000 4368170.00000 -84.0765
445178.00000 4368174.00000 N.C.
445178.00000 4368178.00000 -85.7747
445178.00000 4368182.00000 -85.8609
445178.00000 4368186.00000 -87.4672
445178.00000 4368190.00000 N.C.
445178.00000 4368194.00000 N.C.
445178.00000 4368198.00000 -100.0565
445178.00000 4368202.00000 -101.0767
445178.00000 4368206.00000 -104.8685
445178.00000 4368210.00000 -105.4874
445178.00000 4368214.00000 -106.5442
445178.00000 4368218.00000 -102.2141
445178.00000 4368222.00000 N.C.
445178.00000 4368226.00000 N.C.
445178.00000 4368230.00000 N.C.
445178.00000 4368234.00000 N.C.
445178.00000 4368238.00000 -119.7131
445178.00000 4368242.00000 N.C.
445178.00000 4368246.00000 N.C.
445178.00000 4368250.00000 N.C.
445178.00000 4368254.00000 N.C.
445178.00000 4368258.00000 -108.7707
445178.00000 4368262.00000 -100.3761
445178.00000 4368266.00000 -98.9796
445178.00000 4368270.00000 -105.3098
445178.00000 4368274.00000 -108.7719
445178.00000 4368278.00000 -104.7362
445178.00000 4368282.00000 -105.5009
445178.00000 4368286.00000 -102.8202
445178.00000 4368290.00000 -98.2270
445178.00000 4368294.00000 N.C.
445178.00000 4368298.00000 N.C.
445178.00000 4368302.00000 N.C.
445178.00000 4368306.00000 N.C.
445178.00000 4368310.00000 -128.7223
445178.00000 4368314.00000 -127.4053
445178.00000 4368318.00000 -125.7288
445178.00000 4368322.00000 -123.0778
445178.00000 4368326.00000 N.C.
445178.00000 4368330.00000 N.C.
445178.00000 4368334.00000 N.C.
445178.00000 4368338.00000 -127.0267
445178.00000 4368342.00000 -132.8252
445178.00000 4368346.00000 N.C.
445178.00000 4368350.00000 -131.4129
445178.00000 4368354.00000 N.C.
445178.00000 4368358.00000 -137.7700
445178.00000 4368362.00000 -133.2634
445178.00000 4368366.00000 -133.0699
445178.00000 4368370.00000 -131.4586
445178.00000 4368374.00000 -131.9003
445178.00000 4368378.00000 -131.3368
445178.00000 4368382.00000 N.C.
445178.00000 4368386.00000 -142.6752
445178.00000 4368390.00000 -126.2078
445178.00000 4368394.00000 -122.3192
445182.00000 4367886.00000 -103.0668
445182.00000 4367890.00000 -102.7806
445182.00000 4367894.00000 -103.5090
445182.00000 4367898.00000 -103.2682
445182.00000 4367902.00000 -103.1715
445182.00000 4367906.00000 -103.0385
445182.00000 4367910.00000 -102.5330
445182.00000 4367914.00000 -103.1050
445182.00000 4367918.00000 -102.8738
445182.00000 4367922.00000 -102.5717
445182.00000 4367926.00000 -101.2160
445182.00000 4367930.00000 -101.6033
445182.00000 4367934.00000 -100.5229
445182.00000 4367938.00000 -100.8400
445182.00000 4367942.00000 -100.1001
445182.00000 4367946.00000 -99.8346
445182.00000 4367950.00000 -100.5795
445182.00000 4367954.00000 -100.1145
445182.00000 4367958.00000 -100.5513
445182.00000 4367962.00000 -100.2623
445182.00000 4367966.00000 -100.0678
445182.00000 4367970.00000 -99.7641
445182.00000 4367974.00000 -99.6399
445182.00000 4367978.00000 -99.1970
445182.00000 4367982.00000 -97.9927
445182.00000 4367986.00000 -96.8690
445182.00000 4367990.00000 -97.0428
445182.00000 4367994.00000 -95.7536
445182.00000 4367998.00000 -95.2521
445182.00000 4368002.00000 -94.8005
445182.00000 4368006.00000 -95.5177
445182.00000 4368010.00000 -96.2654
445182.00000 4368014.00000 -97.5365
445182.00000 4368018.00000 -97.2247
445182.00000 4368022.00000 -96.9979
445182.00000 4368026.00000 -95.2819
445182.00000 4368030.00000 -94.5425
445182.00000 4368034.00000 -94.3743
445182.00000 4368038.00000 -94.1483
445182.00000 4368042.00000 -94.3771
445182.00000 4368046.00000 -93.9822
445182.00000 4368050.00000 -92.9367
445182.00000 4368054.00000 -93.1619
445182.00000 4368058.00000 -93.3133
445182.00000 4368062.00000 -92.6887
445182.00000 4368066.00000 -92.2129
445182.00000 4368070.00000 -91.2664
445182.00000 4368074.00000 -91.0322
445182.00000 4368078.00000 -90.5362
445182.00000 4368082.00000 -89.9120
445182.00000 4368086.00000 -89.2228
445182.00000 4368090.00000 -101.9769
445182.00000 4368094.00000 N.C.
445182.00000 4368098.00000 N.C.
445182.00000 4368102.00000 -85.8348
445182.00000 4368106.00000 N.C.
445182.00000 4368110.00000 N.C.
445182.00000 4368114.00000 N.C.
445182.00000 4368118.00000 -84.0860
445182.00000 4368122.00000 -102.0195
445182.00000 4368126.00000 N.C.
445182.00000 4368130.00000 N.C.
445182.00000 4368134.00000 -90.6640
445182.00000 4368138.00000 N.C.
445182.00000 4368142.00000 N.C.
445182.00000 4368146.00000 N.C.
445182.00000 4368150.00000 -92.5926
445182.00000 4368154.00000 -95.3250
445182.00000 4368158.00000 -81.6066
445182.00000 4368162.00000 -86.0916
445182.00000 4368166.00000 -82.8202
445182.00000 4368170.00000 -84.2493
445182.00000 4368174.00000 -84.4582
445182.00000 4368178.00000 -85.3833
445182.00000 4368182.00000 -86.7900
445182.00000 4368186.00000 -86.7684
445182.00000 4368190.00000 -88.3015
445182.00000 4368194.00000 -87.7029
445182.00000 4368198.00000 -89.8175
445182.00000 4368202.00000 -90.1908
445182.00000 4368206.00000 -90.8017
445182.00000 4368210.00000 N.C.
445182.00000 4368214.00000 N.C.
445182.00000 4368218.00000 -116.3704
445182.00000 4368222.00000 N.C.
445182.00000 4368226.00000 -123.9995
445182.00000 4368230.00000 N.C.
445182.00000 4368234.00000 N.C.
445182.00000 4368238.00000 -114.6778
445182.00000 4368242.00000 N.C.
445182.00000 4368246.00000 N.C.
445182.00000 4368250.00000 -105.6749
445182.00000 4368254.00000 -105.1535
445182.00000 4368258.00000 -104.6899
445182.00000 4368262.00000 N.C.
445182.00000 4368266.00000 N.C.
445182.00000 4368270.00000 N.C.
445182.00000 4368274.00000 -108.8869
445182.00000 4368278.00000 -109.9637
445182.00000 4368282.00000 -107.1970
445182.00000 4368286.00000 -113.8583
445182.00000 4368290.00000 -110.7244
445182.00000 4368294.00000 -108.6372
445182.00000 4368298.00000 -110.2502
445182.00000 4368302.00000 -111.5339
445182.00000 4368306.00000 N.C.
445182.00000 4368310.00000 -120.3109
445182.00000 4368314.00000 -110.4180
445182.00000 4368318.00000 -112.8266
445182.00000 4368322.00000 -107.4412
445182.00000 4368326.00000 N.C.
445182.00000 4368330.00000 N.C.
445182.00000 4368334.00000 N.C.
445182.00000 4368338.00000 -132.5355
445182.00000 4368342.00000 N.C.
445182.00000 4368346.00000 N.C.
445182.00000 4368350.00000 -116.9480
445182.00000 4368354.00000 N.C.
445182.00000 4368358.00000 N.C.
445182.00000 4368362.00000 N.C.
445182.00000 4368366.00000 -134.1879
445182.00000 4368370.00000 -133.3115
445182.00000 4368374.00000 -131.4733
445182.00000 4368378.00000 -131.3868
445182.00000 4368382.00000 -132.5982
445182.00000 4368386.00000 -134.2097
445182.00000 4368390.00000 -133.4385
445182.00000 4368394.00000 -125.2449
445186.00000 4367886.00000 -104.9025
445186.00000 4367890.00000 -103.6777
445186.00000 4367894.00000 -104.6988
445186.00000 4367898.00000 -104.0402
445186.00000 4367902.00000 -102.9336
445186.00000 4367906.00000 -102.9375
445186.00000 4367910.00000 -101.9762
445186.00000 4367914.00000 -102.2262
445186.00000 4367918.00000 -101.9790
445186.00000 4367922.00000 -101.8842
445186.00000 4367926.00000 -101.5388
445186.00000 4367930.00000 -101.2695
445186.00000 4367934.00000 -100.8481
445186.00000 4367938.00000 -101.7497
445186.00000 4367942.00000 -101.4312
445186.00000 4367946.00000 -100.4437
445186.00000 4367950.00000 -100.3133
445186.00000 4367954.00000 -100.0943
445186.00000 4367958.00000 -99.8516
445186.00000 4367962.00000 -99.6007
445186.00000 4367966.00000 -100.1041
445186.00000 4367970.00000 -99.7851
445186.00000 4367974.00000 -98.8701
445186.00000 4367978.00000 -97.0934
445186.00000 4367982.00000 -96.8568
445186.00000 4367986.00000 -97.6394
445186.00000 4367990.00000 -97.3362
445186.00000 4367994.00000 -96.3868
445186.00000 4367998.00000 -97.0852
445186.00000 4368002.00000 -96.6986
445186.00000 4368006.00000 -97.0400
445186.00000 4368010.00000 -96.7008
445186.00000 4368014.00000 -96.1856
445186.00000 4368018.00000 -97.1612
445186.00000 4368022.00000 -97.0070
445186.00000 4368026.00000 -96.4371
445186.00000 4368030.00000 -96.1920
445186.00000 4368034.00000 -95.8529
445186.00000 4368038.00000 -95.2390
445186.00000 4368042.00000 -92.9506
445186.00000 4368046.00000 -92.5272
445186.00000 4368050.00000 -92.4976
445186.00000 4368054.00000 -93.3377
445186.00000 4368058.00000 -93.2410
445186.00000 4368062.00000 -92.7405
445186.00000 4368066.00000 -92.2967
445186.00000 4368070.00000 -91.6219
445186.00000 4368074.00000 -90.7643
445186.00000 4368078.00000 -90.5149
445186.00000 4368082.00000 -89.6366
445186.00000 4368086.00000 -89.2369
445186.00000 4368090.00000 -104.1879
445186.00000 4368094.00000 N.C.
445186.00000 4368098.00000 N.C.
445186.00000 4368102.00000 -106.1616
445186.00000 4368106.00000 N.C.
445186.00000 4368110.00000 N.C.
445186.00000 4368114.00000 N.C.
445186.00000 4368118.00000 -94.5334
445186.00000 4368122.00000 -103.4557
445186.00000 4368126.00000 N.C.
445186.00000 4368130.00000 N.C.
445186.00000 4368134.00000 -79.0839
445186.00000 4368138.00000 -78.8623
445186.00000 4368142.00000 -78.0860
445186.00000 4368146.00000 N.C.
445186.00000 4368150.00000 -89.7074
445186.00000 4368154.00000 N.C.
445186.00000 4368158.00000 N.C.
445186.00000 4368162.00000 N.C.
445186.00000 4368166.00000 N.C.
445186.00000 4368170.00000 -93.2856
445186.00000 4368174.00000 -99.0882
445186.00000 4368178.00000 -88.4014
445186.00000 4368182.00000 -84.6562
445186.00000 4368186.00000 -87.2458
445186.00000 4368190.00000 -87.5990
445186.00000 4368194.00000 -88.8390
445186.00000 4368198.00000 -89.7229
445186.00000 4368202.00000 -88.0328
445186.00000 4368206.00000 -88.2397
445186.00000 4368210.00000 -86.2412
445186.00000 4368214.00000 -86.4896
445186.00000 4368218.00000 -111.9927
445186.00000 4368222.00000 N.C.
445186.00000 4368226.00000 -108.4455
445186.00000 4368230.00000 N.C.
445186.00000 4368234.00000 N.C.
445186.00000 4368238.00000 -107.4253
445186.00000 4368242.00000 N.C.
445186.00000 4368246.00000 -105.9807
445186.00000 4368250.00000 -105.4043
445186.00000 4368254.00000 -101.8376
445186.00000 4368258.00000 N.C.
445186.00000 4368262.00000 -108.5626
445186.00000 4368266.00000 N.C.
445186.00000 4368270.00000 -135.1296
445186.00000 4368274.00000 -113.4877
445186.00000 4368278.00000 -114.0079
445186.00000 4368282.00000 -111.3596
445186.00000 4368286.00000 -111.1058
445186.00000 4368290.00000 -113.5654
445186.00000 4368294.00000 N.C.
445186.00000 4368298.00000 N.C.
445186.00000 4368302.00000 -113.0440
445186.00000 4368306.00000 -109.4391
445186.00000 4368310.00000 -106.0761
445186.00000 4368314.00000 -104.2157
445186.00000 4368318.00000 -112.9026
445186.00000 4368322.00000 -118.2244
445186.00000 4368326.00000 N.C.
445186.00000 4368330.00000 N.C.
445186.00000 4368334.00000 -127.1568
445186.00000 4368338.00000 -130.5652
445186.00000 4368342.00000 N.C.
445186.00000 4368346.00000 N.C.
445186.00000 4368350.00000 -133.0991
445186.00000 4368354.00000 N.C.
445186.00000 4368358.00000 N.C.
445186.00000 4368362.00000 -136.3618
445186.00000 4368366.00000 -139.3122
445186.00000 4368370.00000 -133.0172
445186.00000 4368374.00000 -132.2534
445186.00000 4368378.00000 -132.2398
445186.00000 4368382.00000 N.C.
445186.00000 4368386.00000 -138.0389
445186.00000 4368390.00000 -133.9139
445186.00000 4368394.00000 -126.3039
445190.00000 4367886.00000 -104.3042
445190.00000 4367890.00000 -103.6652
445190.00000 4367894.00000 -102.4687
445190.00000 4367898.00000 -102.9877
445190.00000 4367902.00000 -102.8929
445190.00000 4367906.00000 -102.7845
445190.00000 4367910.00000 -101.6919
445190.00000 4367914.00000 -102.6418
445190.00000 4367918.00000 -102.4890
445190.00000 4367922.00000 -102.4008
445190.00000 4367926.00000 -102.1938
445190.00000 4367930.00000 -101.8510
445190.00000 4367934.00000 -101.9016
445190.00000 4367938.00000 -101.7661
445190.00000 4367942.00000 -101.5059
445190.00000 4367946.00000 -101.3337
445190.00000 4367950.00000 -100.2468
445190.00000 4367954.00000 -99.0120
445190.00000 4367958.00000 -98.8153
445190.00000 4367962.00000 -98.5911
445190.00000 4367966.00000 -97.9564
445190.00000 4367970.00000 -97.7349
445190.00000 4367974.00000 -99.0514
445190.00000 4367978.00000 -99.4494
445190.00000 4367982.00000 -98.4415
445190.00000 4367986.00000 -98.9530
445190.00000 4367990.00000 -98.0074
445190.00000 4367994.00000 -97.7763
445190.00000 4367998.00000 -98.7058
445190.00000 4368002.00000 -97.4101
445190.00000 4368006.00000 -97.0136
445190.00000 4368010.00000 -96.8106
445190.00000 4368014.00000 -95.8955
445190.00000 4368018.00000 -95.8687
445190.00000 4368022.00000 -94.9741
445190.00000 4368026.00000 -95.6743
445190.00000 4368030.00000 -95.3326
445190.00000 4368034.00000 -95.6479
445190.00000 4368038.00000 -94.4907
445190.00000 4368042.00000 -94.6724
445190.00000 4368046.00000 -94.5116
445190.00000 4368050.00000 -93.6171
445190.00000 4368054.00000 -91.5857
445190.00000 4368058.00000 -90.1293
445190.00000 4368062.00000 -91.0982
445190.00000 4368066.00000 -90.6762
445190.00000 4368070.00000 -89.9444
445190.00000 4368074.00000 -89.5994
445190.00000 4368078.00000 -88.8248
445190.00000 4368082.00000 -88.4212
445190.00000 4368086.00000 -89.2151
445190.00000 4368090.00000 -88.5890
445190.00000 4368094.00000 -87.8679
445190.00000 4368098.00000 -87.1460
445190.00000 4368102.00000 -86.0493
445190.00000 4368106.00000 -94.7834
445190.00000 4368110.00000 -95.5903
445190.00000 4368114.00000 -90.6147
445190.00000 4368118.00000 -98.7788
445190.00000 4368122.00000 -105.3572
445190.00000 4368126.00000 N.C.
445190.00000 4368130.00000 N.C.
445190.00000 4368134.00000 -79.3632
445190.00000 4368138.00000 -79.3153
445190.00000 4368142.00000 -79.0064
445190.00000 4368146.00000 -79.2455
445190.00000 4368150.00000 -79.5832
445190.00000 4368154.00000 N.C.
445190.00000 4368158.00000 -99.9133
445190.00000 4368162.00000 -99.7851
445190.00000 4368166.00000 N.C.
445190.00000 4368170.00000 N.C.
445190.00000 4368174.00000 N.C.
445190.00000 4368178.00000 N.C.
445190.00000 4368182.00000 N.C.
445190.00000 4368186.00000 -99.4622
445190.00000 4368190.00000 -98.7804
445190.00000 4368194.00000 -95.0683
445190.00000 4368198.00000 N.C.
445190.00000 4368202.00000 N.C.
445190.00000 4368206.00000 N.C.
445190.00000 4368210.00000 -91.6850
445190.00000 4368214.00000 -89.9423
445190.00000 4368218.00000 -92.5195
445190.00000 4368222.00000 -90.3838
445190.00000 4368226.00000 -93.2175
445190.00000 4368230.00000 -91.3695
445190.00000 4368234.00000 -94.2587
445190.00000 4368238.00000 -92.7833
445190.00000 4368242.00000 -94.4948
445190.00000 4368246.00000 -102.1504
445190.00000 4368250.00000 N.C.
445190.00000 4368254.00000 N.C.
445190.00000 4368258.00000 N.C.
445190.00000 4368262.00000 -109.1986
445190.00000 4368266.00000 N.C.
445190.00000 4368270.00000 -133.0895
445190.00000 4368274.00000 -111.9284
445190.00000 4368278.00000 -112.3908
445190.00000 4368282.00000 -114.9632
445190.00000 4368286.00000 -113.7775
445190.00000 4368290.00000 -112.4601
445190.00000 4368294.00000 -112.5683
445190.00000 4368298.00000 N.C.
445190.00000 4368302.00000 N.C.
445190.00000 4368306.00000 -128.2682
445190.00000 4368310.00000 N.C.
445190.00000 4368314.00000 -133.9943
445190.00000 4368318.00000 -104.1692
445190.00000 4368322.00000 -104.3571
445190.00000 4368326.00000 -113.9388
445190.00000 4368330.00000 -113.0081
445190.00000 4368334.00000 -111.1677
445190.00000 4368338.00000 -120.9726
445190.00000 4368342.00000 N.C.
445190.00000 4368346.00000 N.C.
445190.00000 4368350.00000 -130.0988
445190.00000 4368354.00000 N.C.
445190.00000 4368358.00000 N.C.
445190.00000 4368362.00000 -141.3301
445190.00000 4368366.00000 -138.8294
445190.00000 4368370.00000 -133.5678
445190.00000 4368374.00000 -132.8227
445190.00000 4368378.00000 N.C.
445190.00000 4368382.00000 N.C.
445190.00000 4368386.00000 -138.9036
445190.00000 4368390.00000 -133.3804
445190.00000 4368394.00000 -127.0304
445194.00000 4367886.00000 -103.7783
445194.00000 4367890.00000 -103.6164
445194.00000 4367894.00000 -103.8613
445194.00000 4367898.00000 -103.7255
445194.00000 4367902.00000 -103.6152
445194.00000 4367906.00000 -102.9003
445194.00000 4367910.00000 -102.5563
445194.00000 4367914.00000 -102.2846
445194.00000 4367918.00000 -102.4220
445194.00000 4367922.00000 -102.4248
445194.00000 4367926.00000 -102.2295
445194.00000 4367930.00000 -101.9331
445194.00000 4367934.00000 -100.5236
445194.00000 4367938.00000 -100.0292
445194.00000 4367942.00000 -99.8356
445194.00000 4367946.00000 -99.5867
445194.00000 4367950.00000 -98.9486
445194.00000 4367954.00000 -99.8654
445194.00000 4367958.00000 -100.1006
445194.00000 4367962.00000 -99.8833
445194.00000 4367966.00000 -100.2747
445194.00000 4367970.00000 -100.0307
445194.00000 4367974.00000 -99.9658
445194.00000 4367978.00000 -99.6600
445194.00000 4367982.00000 -99.4912
445194.00000 4367986.00000 -99.9242
445194.00000 4367990.00000 -99.8238
445194.00000 4367994.00000 -99.4326
445194.00000 4367998.00000 -99.1324
445194.00000 4368002.00000 -98.7227
445194.00000 4368006.00000 -98.3738
445194.00000 4368010.00000 -96.8208
445194.00000 4368014.00000 -96.7791
445194.00000 4368018.00000 -94.6493
445194.00000 4368022.00000 -96.5871
445194.00000 4368026.00000 -95.2168
445194.00000 4368030.00000 -93.0546
445194.00000 4368034.00000 -93.9016
445194.00000 4368038.00000 -93.6933
445194.00000 4368042.00000 -93.1397
445194.00000 4368046.00000 -92.9313
445194.00000 4368050.00000 -92.4792
445194.00000 4368054.00000 -91.7506
445194.00000 4368058.00000 -91.3372
445194.00000 4368062.00000 -90.6578
445194.00000 4368066.00000 -105.3039
445194.00000 4368070.00000 N.C.
445194.00000 4368074.00000 -90.3330
445194.00000 4368078.00000 -89.1362
445194.00000 4368082.00000 -89.9727
445194.00000 4368086.00000 -89.3705
445194.00000 4368090.00000 -88.6050
445194.00000 4368094.00000 -88.0423
445194.00000 4368098.00000 -87.2934
445194.00000 4368102.00000 -86.4889
445194.00000 4368106.00000 -85.6241
445194.00000 4368110.00000 -84.7397
445194.00000 4368114.00000 -93.1650
445194.00000 4368118.00000 -97.3283
445194.00000 4368122.00000 -99.4327
445194.00000 4368126.00000 N.C.
445194.00000 4368130.00000 N.C.
445194.00000 4368134.00000 -79.9608
445194.00000 4368138.00000 -79.9587
445194.00000 4368142.00000 -79.2768
445194.00000 4368146.00000 -79.7741
445194.00000 4368150.00000 N.C.
445194.00000 4368154.00000 N.C.
445194.00000 4368158.00000 -94.2301
445194.00000 4368162.00000 -94.2189
445194.00000 4368166.00000 N.C.
445194.00000 4368170.00000 -98.2962
445194.00000 4368174.00000 N.C.
445194.00000 4368178.00000 N.C.
445194.00000 4368182.00000 N.C.
445194.00000 4368186.00000 -98.5849
445194.00000 4368190.00000 N.C.
445194.00000 4368194.00000 -117.4091
445194.00000 4368198.00000 N.C.
445194.00000 4368202.00000 N.C.
445194.00000 4368206.00000 N.C.
445194.00000 4368210.00000 -102.9229
445194.00000 4368214.00000 -96.1002
445194.00000 4368218.00000 -92.0138
445194.00000 4368222.00000 -91.0501
445194.00000 4368226.00000 -93.1328
445194.00000 4368230.00000 -91.0866
445194.00000 4368234.00000 -92.3152
445194.00000 4368238.00000 -92.5935
445194.00000 4368242.00000 -92.7469
445194.00000 4368246.00000 -94.7064
445194.00000 4368250.00000 -94.6444
445194.00000 4368254.00000 -95.0151
445194.00000 4368258.00000 -95.0830
445194.00000 4368262.00000 N.C.
445194.00000 4368266.00000 N.C.
445194.00000 4368270.00000 -115.5350
445194.00000 4368274.00000 -107.7486
445194.00000 4368278.00000 -108.2843
445194.00000 4368282.00000 -125.5752
445194.00000 4368286.00000 N.C.
445194.00000 4368290.00000 N.C.
445194.00000 4368294.00000 -122.9213
445194.00000 4368298.00000 -113.7857
445194.00000 4368302.00000 -117.0896
445194.00000 4368306.00000 -118.2612
445194.00000 4368310.00000 N.C.
445194.00000 4368314.00000 -139.7420
445194.00000 4368318.00000 N.C.
445194.00000 4368322.00000 N.C.
445194.00000 4368326.00000 N.C.
445194.00000 4368330.00000 N.C.
445194.00000 4368334.00000 -107.3247
445194.00000 4368338.00000 -117.7502
445194.00000 4368342.00000 -131.4870
445194.00000 4368346.00000 -130.7713
445194.00000 4368350.00000 -129.0517
445194.00000 4368354.00000 N.C.
445194.00000 4368358.00000 N.C.
445194.00000 4368362.00000 -139.6911
445194.00000 4368366.00000 -136.9573
445194.00000 4368370.00000 -133.6953
445194.00000 4368374.00000 -131.5194
445194.00000 4368378.00000 -136.9338
445194.00000 4368382.00000 -137.1280
445194.00000 4368386.00000 -133.1615
445194.00000 4368390.00000 -131.5130
445194.00000 4368394.00000 -130.5201
445198.00000 4367886.00000 -104.2819
445198.00000 4367890.00000 -104.0973
445198.00000 4367894.00000 -103.8531
445198.00000 4367898.00000 -103.2891
445198.00000 4367902.00000 -102.8358
445198.00000 4367906.00000 -102.6507
445198.00000 4367910.00000 -102.4893
445198.00000 4367914.00000 -102.4694
445198.00000 4367918.00000 -101.5111
445198.00000 4367922.00000 -100.7880
445198.00000 4367926.00000 -100.6488
445198.00000 4367930.00000 -100.4703
445198.00000 4367934.00000 -99.8396
445198.00000 4367938.00000 -99.6567
445198.00000 4367942.00000 -100.9677
445198.00000 4367946.00000 -100.7639
445198.00000 4367950.00000 -100.5405
445198.00000 4367954.00000 -101.0984
445198.00000 4367958.00000 -100.9223
445198.00000 4367962.00000 -100.7335
445198.00000 4367966.00000 -100.5587
445198.00000 4367970.00000 -100.2839
445198.00000 4367974.00000 -100.0858
445198.00000 4367978.00000 -100.5873
445198.00000 4367982.00000 -100.2616
445198.00000 4367986.00000 -97.7595
445198.00000 4367990.00000 -97.4602
445198.00000 4367994.00000 -99.3845
445198.00000 4367998.00000 -96.9845
445198.00000 4368002.00000 -96.6200
445198.00000 4368006.00000 -96.3722
445198.00000 4368010.00000 -96.0543
445198.00000 4368014.00000 -95.7224
445198.00000 4368018.00000 -94.5469
445198.00000 4368022.00000 -94.1842
445198.00000 4368026.00000 -93.8659
445198.00000 4368030.00000 -93.4528
445198.00000 4368034.00000 -93.2581
445198.00000 4368038.00000 -93.4533
445198.00000 4368042.00000 -95.1845
445198.00000 4368046.00000 -94.6829
445198.00000 4368050.00000 -94.4868
445198.00000 4368054.00000 -94.0485
445198.00000 4368058.00000 -92.9566
445198.00000 4368062.00000 -91.8111
445198.00000 4368066.00000 N.C.
445198.00000 4368070.00000 N.C.
445198.00000 4368074.00000 N.C.
445198.00000 4368078.00000 N.C.
445198.00000 4368082.00000 N.C.
445198.00000 4368086.00000 N.C.
445198.00000 4368090.00000 -88.7921
445198.00000 4368094.00000 -88.2452
445198.00000 4368098.00000 -87.5019
445198.00000 4368102.00000 -86.7279
445198.00000 4368106.00000 -85.6159
445198.00000 4368110.00000 -85.0591
445198.00000 4368114.00000 -95.8738
445198.00000 4368118.00000 -95.0445
445198.00000 4368122.00000 -98.3725
445198.00000 4368126.00000 -97.6401
445198.00000 4368130.00000 -93.2463
445198.00000 4368134.00000 -78.8188
445198.00000 4368138.00000 N.C.
445198.00000 4368142.00000 N.C.
445198.00000 4368146.00000 N.C.
445198.00000 4368150.00000 N.C.
445198.00000 4368154.00000 N.C.
445198.00000 4368158.00000 -92.7505
445198.00000 4368162.00000 -92.7046
445198.00000 4368166.00000 N.C.
445198.00000 4368170.00000 -100.1426
445198.00000 4368174.00000 N.C.
445198.00000 4368178.00000 N.C.
445198.00000 4368182.00000 -98.2459
445198.00000 4368186.00000 N.C.
445198.00000 4368190.00000 N.C.
445198.00000 4368194.00000 -123.1826
445198.00000 4368198.00000 -112.8679
445198.00000 4368202.00000 -120.1696
445198.00000 4368206.00000 N.C.
445198.00000 4368210.00000 N.C.
445198.00000 4368214.00000 -108.1149
445198.00000 4368218.00000 -103.5703
445198.00000 4368222.00000 -107.1354
445198.00000 4368226.00000 -101.5666
445198.00000 4368230.00000 -100.5039
445198.00000 4368234.00000 -99.9773
445198.00000 4368238.00000 -95.5506
445198.00000 4368242.00000 -92.7240
445198.00000 4368246.00000 -94.6764
445198.00000 4368250.00000 -93.2087
445198.00000 4368254.00000 -96.1715
445198.00000 4368258.00000 -96.4446
445198.00000 4368262.00000 -96.0958
445198.00000 4368266.00000 -96.2281
445198.00000 4368270.00000 -97.8914
445198.00000 4368274.00000 -104.0671
445198.00000 4368278.00000 -108.1492
445198.00000 4368282.00000 N.C.
445198.00000 4368286.00000 N.C.
445198.00000 4368290.00000 -121.7656
445198.00000 4368294.00000 -122.7522
445198.00000 4368298.00000 -126.4092
445198.00000 4368302.00000 -118.6835
445198.00000 4368306.00000 N.C.
445198.00000 4368310.00000 N.C.
445198.00000 4368314.00000 -133.9776
445198.00000 4368318.00000 -135.7810
445198.00000 4368322.00000 N.C.
445198.00000 4368326.00000 N.C.
445198.00000 4368330.00000 N.C.
445198.00000 4368334.00000 -112.8062
445198.00000 4368338.00000 -111.9107
445198.00000 4368342.00000 N.C.
445198.00000 4368346.00000 N.C.
445198.00000 4368350.00000 -119.7632
445198.00000 4368354.00000 N.C.
445198.00000 4368358.00000 N.C.
445198.00000 4368362.00000 -139.7323
445198.00000 4368366.00000 -139.0160
445198.00000 4368370.00000 -134.6580
445198.00000 4368374.00000 -133.3833
445198.00000 4368378.00000 -132.1151
445198.00000 4368382.00000 -133.3980
445198.00000 4368386.00000 -129.7669
445198.00000 4368390.00000 -130.4703
445198.00000 4368394.00000 -129.1019
445202.00000 4367886.00000 -103.7217
445202.00000 4367890.00000 -103.6552
445202.00000 4367894.00000 -103.3883
445202.00000 4367898.00000 -103.2510
445202.00000 4367902.00000 -101.7816
445202.00000 4367906.00000 -101.5241
445202.00000 4367910.00000 -101.4301
445202.00000 4367914.00000 -100.7268
445202.00000 4367918.00000 -100.4791
445202.00000 4367922.00000 -100.3540
445202.00000 4367926.00000 -101.3519
445202.00000 4367930.00000 -101.6502
445202.00000 4367934.00000 -102.2155
445202.00000 4367938.00000 -102.0169
445202.00000 4367942.00000 -101.6851
445202.00000 4367946.00000 -101.4407
445202.00000 4367950.00000 -101.3054
445202.00000 4367954.00000 -101.1455
445202.00000 4367958.00000 -98.8538
445202.00000 4367962.00000 -100.7006
445202.00000 4367966.00000 -98.4328
445202.00000 4367970.00000 -98.6614
445202.00000 4367974.00000 -100.6831
445202.00000 4367978.00000 -98.2018
445202.00000 4367982.00000 -97.9591
445202.00000 4367986.00000 -97.7158
445202.00000 4367990.00000 -97.5450
445202.00000 4367994.00000 -97.2639
445202.00000 4367998.00000 -96.9619
445202.00000 4368002.00000 -96.7299
445202.00000 4368006.00000 -96.4493
445202.00000 4368010.00000 -96.0335
445202.00000 4368014.00000 -95.7061
445202.00000 4368018.00000 -96.5791
445202.00000 4368022.00000 -96.8132
445202.00000 4368026.00000 -96.7321
445202.00000 4368030.00000 -94.9276
445202.00000 4368034.00000 -95.7384
445202.00000 4368038.00000 -94.3587
445202.00000 4368042.00000 -93.9525
445202.00000 4368046.00000 -94.7445
445202.00000 4368050.00000 -94.5017
445202.00000 4368054.00000 -94.0793
445202.00000 4368058.00000 -93.5514
445202.00000 4368062.00000 -91.6864
445202.00000 4368066.00000 N.C.
445202.00000 4368070.00000 N.C.
445202.00000 4368074.00000 N.C.
445202.00000 4368078.00000 N.C.
445202.00000 4368082.00000 N.C.
445202.00000 4368086.00000 -89.2869
445202.00000 4368090.00000 -89.1367
445202.00000 4368094.00000 -88.5193
445202.00000 4368098.00000 -87.8139
445202.00000 4368102.00000 -87.0910
445202.00000 4368106.00000 -86.3121
445202.00000 4368110.00000 -85.2423
445202.00000 4368114.00000 -96.9071
445202.00000 4368118.00000 -97.4787
445202.00000 4368122.00000 -93.9778
445202.00000 4368126.00000 -95.3253
445202.00000 4368130.00000 -82.0686
445202.00000 4368134.00000 -80.4417
445202.00000 4368138.00000 -94.2196
445202.00000 4368142.00000 -104.4780
445202.00000 4368146.00000 -89.6479
445202.00000 4368150.00000 N.C.
445202.00000 4368154.00000 N.C.
445202.00000 4368158.00000 -93.5413
445202.00000 4368162.00000 -92.0245
445202.00000 4368166.00000 N.C.
445202.00000 4368170.00000 -97.6700
445202.00000 4368174.00000 -98.7328
445202.00000 4368178.00000 -99.0131
445202.00000 4368182.00000 -98.5163
445202.00000 4368186.00000 N.C.
445202.00000 4368190.00000 N.C.
445202.00000 4368194.00000 -122.6543
445202.00000 4368198.00000 -122.4440
445202.00000 4368202.00000 -116.8300
445202.00000 4368206.00000 N.C.
445202.00000 4368210.00000 N.C.
445202.00000 4368214.00000 -102.7433
445202.00000 4368218.00000 -105.1566
445202.00000 4368222.00000 -100.7809
445202.00000 4368226.00000 -101.4501
445202.00000 4368230.00000 -98.2817
445202.00000 4368234.00000 -95.9138
445202.00000 4368238.00000 -99.3948
445202.00000 4368242.00000 -97.4526
445202.00000 4368246.00000 -100.4465
445202.00000 4368250.00000 -97.2831
445202.00000 4368254.00000 N.C.
445202.00000 4368258.00000 N.C.
445202.00000 4368262.00000 -110.9252
445202.00000 4368266.00000 -107.6745
445202.00000 4368270.00000 -97.8109
445202.00000 4368274.00000 -96.1359
445202.00000 4368278.00000 -98.4334
445202.00000 4368282.00000 N.C.
445202.00000 4368286.00000 N.C.
445202.00000 4368290.00000 -121.8153
445202.00000 4368294.00000 -120.7235
445202.00000 4368298.00000 -129.8261
445202.00000 4368302.00000 -120.8827
445202.00000 4368306.00000 N.C.
445202.00000 4368310.00000 N.C.
445202.00000 4368314.00000 -116.3694
445202.00000 4368318.00000 -116.1730
445202.00000 4368322.00000 -115.9109
445202.00000 4368326.00000 -124.8479
445202.00000 4368330.00000 -122.9096
445202.00000 4368334.00000 -121.9815
445202.00000 4368338.00000 -109.8531
445202.00000 4368342.00000 N.C.
445202.00000 4368346.00000 N.C.
445202.00000 4368350.00000 -132.6008
445202.00000 4368354.00000 N.C.
445202.00000 4368358.00000 -143.3293
445202.00000 4368362.00000 -139.8987
445202.00000 4368366.00000 -137.8750
445202.00000 4368370.00000 -134.9520
445202.00000 4368374.00000 -133.5672
445202.00000 4368378.00000 -131.5639
445202.00000 4368382.00000 -130.4977
445202.00000 4368386.00000 -132.5508
445202.00000 4368390.00000 -129.3119
445202.00000 4368394.00000 -132.5781
445206.00000 4367886.00000 -103.3978
445206.00000 4367890.00000 -103.2705
445206.00000 4367894.00000 -103.1680
445206.00000 4367898.00000 -102.3745
445206.00000 4367902.00000 -100.5038
445206.00000 4367906.00000 -102.1588
445206.00000 4367910.00000 -100.2087
445206.00000 4367914.00000 -102.1706
445206.00000 4367918.00000 -102.1568
445206.00000 4367922.00000 -102.6123
445206.00000 4367926.00000 -102.6592
445206.00000 4367930.00000 -102.3768
445206.00000 4367934.00000 -100.0026
445206.00000 4367938.00000 -99.7773
445206.00000 4367942.00000 -99.6467
445206.00000 4367946.00000 -99.3400
445206.00000 4367950.00000 -99.2283
445206.00000 4367954.00000 -99.0152
445206.00000 4367958.00000 -98.7139
445206.00000 4367962.00000 -98.9928
445206.00000 4367966.00000 -98.7839
445206.00000 4367970.00000 -98.5332
445206.00000 4367974.00000 -98.3155
445206.00000 4367978.00000 -98.1472
445206.00000 4367982.00000 -97.8798
445206.00000 4367986.00000 -97.6523
445206.00000 4367990.00000 -97.4198
445206.00000 4367994.00000 -97.1417
445206.00000 4367998.00000 -96.9150
445206.00000 4368002.00000 -96.6504
445206.00000 4368006.00000 -98.1719
445206.00000 4368010.00000 -98.0157
445206.00000 4368014.00000 -96.9391
445206.00000 4368018.00000 -97.2461
445206.00000 4368022.00000 -97.0992
445206.00000 4368026.00000 -96.8124
445206.00000 4368030.00000 -96.4567
445206.00000 4368034.00000 -96.1191
445206.00000 4368038.00000 -94.1904
445206.00000 4368042.00000 -95.1301
445206.00000 4368046.00000 -93.9950
445206.00000 4368050.00000 -93.4361
445206.00000 4368054.00000 -94.0494
445206.00000 4368058.00000 -93.4546
445206.00000 4368062.00000 -98.4854
445206.00000 4368066.00000 N.C.
445206.00000 4368070.00000 N.C.
445206.00000 4368074.00000 N.C.
445206.00000 4368078.00000 N.C.
445206.00000 4368082.00000 N.C.
445206.00000 4368086.00000 -89.2592
445206.00000 4368090.00000 -89.4405
445206.00000 4368094.00000 -88.8235
445206.00000 4368098.00000 -88.1500
445206.00000 4368102.00000 -87.4716
445206.00000 4368106.00000 -86.7579
445206.00000 4368110.00000 -85.2986
445206.00000 4368114.00000 -89.9286
445206.00000 4368118.00000 -91.9687
445206.00000 4368122.00000 -92.2439
445206.00000 4368126.00000 -82.3158
445206.00000 4368130.00000 -82.8168
445206.00000 4368134.00000 -82.1514
445206.00000 4368138.00000 -95.0172
445206.00000 4368142.00000 -96.0273
445206.00000 4368146.00000 -95.5692
445206.00000 4368150.00000 -95.7908
445206.00000 4368154.00000 -94.3182
445206.00000 4368158.00000 -94.2919
445206.00000 4368162.00000 -98.6036
445206.00000 4368166.00000 N.C.
445206.00000 4368170.00000 -101.2247
445206.00000 4368174.00000 N.C.
445206.00000 4368178.00000 N.C.
445206.00000 4368182.00000 -100.0104
445206.00000 4368186.00000 N.C.
445206.00000 4368190.00000 N.C.
445206.00000 4368194.00000 -123.1992
445206.00000 4368198.00000 -116.8430
445206.00000 4368202.00000 -101.9953
445206.00000 4368206.00000 N.C.
445206.00000 4368210.00000 N.C.
445206.00000 4368214.00000 -112.5719
445206.00000 4368218.00000 -100.7383
445206.00000 4368222.00000 -98.1644
445206.00000 4368226.00000 -98.8642
445206.00000 4368230.00000 -107.6389
445206.00000 4368234.00000 -106.7377
445206.00000 4368238.00000 -98.2741
445206.00000 4368242.00000 N.C.
445206.00000 4368246.00000 N.C.
445206.00000 4368250.00000 -99.7212
445206.00000 4368254.00000 N.C.
445206.00000 4368258.00000 N.C.
445206.00000 4368262.00000 -112.1849
445206.00000 4368266.00000 -105.7923
445206.00000 4368270.00000 -109.3837
445206.00000 4368274.00000 -107.8828
445206.00000 4368278.00000 -108.1817
445206.00000 4368282.00000 -113.5837
445206.00000 4368286.00000 N.C.
445206.00000 4368290.00000 -129.6759
445206.00000 4368294.00000 N.C.
445206.00000 4368298.00000 N.C.
445206.00000 4368302.00000 -123.2795
445206.00000 4368306.00000 N.C.
445206.00000 4368310.00000 N.C.
445206.00000 4368314.00000 -132.4061
445206.00000 4368318.00000 -133.3056
445206.00000 4368322.00000 -132.3442
445206.00000 4368326.00000 -130.9151
445206.00000 4368330.00000 -123.1542
445206.00000 4368334.00000 -128.1303
445206.00000 4368338.00000 -118.7944
445206.00000 4368342.00000 -117.5279
445206.00000 4368346.00000 -110.7771
445206.00000 4368350.00000 -121.0926
445206.00000 4368354.00000 N.C.
445206.00000 4368358.00000 -140.9491
445206.00000 4368362.00000 -139.4082
445206.00000 4368366.00000 -136.7989
445206.00000 4368370.00000 -133.2843
445206.00000 4368374.00000 -132.1443
445206.00000 4368378.00000 -128.9149
445206.00000 4368382.00000 -131.5905
445206.00000 4368386.00000 -129.0167
445206.00000 4368390.00000 -132.4646
445206.00000 4368394.00000 -133.3828
445210.00000 4367886.00000 -101.1358
445210.00000 4367890.00000 -100.9755
445210.00000 4367894.00000 -101.1966
445210.00000 4367898.00000 -102.4766
445210.00000 4367902.00000 -100.9664
445210.00000 4367906.00000 -101.2243
445210.00000 4367910.00000 -101.0426
445210.00000 4367914.00000 -100.9210
445210.00000 4367918.00000 -100.7795
445210.00000 4367922.00000 -100.6498
445210.00000 4367926.00000 -100.5728
445210.00000 4367930.00000 -100.2915
445210.00000 4367934.00000 -100.0545
445210.00000 4367938.00000 -99.7957
445210.00000 4367942.00000 -99.6982
445210.00000 4367946.00000 -99.3763
445210.00000 4367950.00000 -99.6731
445210.00000 4367954.00000 -99.4862
445210.00000 4367958.00000 -99.1648
445210.00000 4367962.00000 -98.9892
445210.00000 4367966.00000 -98.8396
445210.00000 4367970.00000 -98.5909
445210.00000 4367974.00000 -98.3431
445210.00000 4367978.00000 -100.3798
445210.00000 4367982.00000 -99.9381
445210.00000 4367986.00000 -99.8447
445210.00000 4367990.00000 -99.5933
445210.00000 4367994.00000 -99.2668
445210.00000 4367998.00000 -98.7392
445210.00000 4368002.00000 -98.5300
445210.00000 4368006.00000 -97.4985
445210.00000 4368010.00000 -97.6346
445210.00000 4368014.00000 -97.6275
445210.00000 4368018.00000 -97.1129
445210.00000 4368022.00000 -96.9333
445210.00000 4368026.00000 -96.4598
445210.00000 4368030.00000 -96.4036
445210.00000 4368034.00000 -96.1856
445210.00000 4368038.00000 -95.9425
445210.00000 4368042.00000 -95.5560
445210.00000 4368046.00000 -92.8412
445210.00000 4368050.00000 -94.4810
445210.00000 4368054.00000 -93.1117
445210.00000 4368058.00000 -92.5305
445210.00000 4368062.00000 -101.2000
445210.00000 4368066.00000 N.C.
445210.00000 4368070.00000 N.C.
445210.00000 4368074.00000 N.C.
445210.00000 4368078.00000 N.C.
445210.00000 4368082.00000 N.C.
445210.00000 4368086.00000 -90.0673
445210.00000 4368090.00000 -89.6635
445210.00000 4368094.00000 -89.0834
445210.00000 4368098.00000 -88.4320
445210.00000 4368102.00000 -87.7707
445210.00000 4368106.00000 -87.1720
445210.00000 4368110.00000 -86.5177
445210.00000 4368114.00000 -85.7977
445210.00000 4368118.00000 -84.9644
445210.00000 4368122.00000 -84.2843
445210.00000 4368126.00000 -83.9543
445210.00000 4368130.00000 -83.5518
445210.00000 4368134.00000 -82.8484
445210.00000 4368138.00000 -95.1471
445210.00000 4368142.00000 -94.6764
445210.00000 4368146.00000 -92.6651
445210.00000 4368150.00000 -90.1351
445210.00000 4368154.00000 -93.4739
445210.00000 4368158.00000 -97.0480
445210.00000 4368162.00000 -97.1052
445210.00000 4368166.00000 -95.4800
445210.00000 4368170.00000 -93.0680
445210.00000 4368174.00000 -98.8960
445210.00000 4368178.00000 -97.4402
445210.00000 4368182.00000 -96.2210
445210.00000 4368186.00000 N.C.
445210.00000 4368190.00000 -110.3140
445210.00000 4368194.00000 -100.7444
445210.00000 4368198.00000 -101.3584
445210.00000 4368202.00000 -101.6094
445210.00000 4368206.00000 N.C.
445210.00000 4368210.00000 N.C.
445210.00000 4368214.00000 -116.2756
445210.00000 4368218.00000 -100.6679
445210.00000 4368222.00000 -111.1889
445210.00000 4368226.00000 -109.3281
445210.00000 4368230.00000 -108.5413
445210.00000 4368234.00000 -109.2794
445210.00000 4368238.00000 -109.9312
445210.00000 4368242.00000 N.C.
445210.00000 4368246.00000 N.C.
445210.00000 4368250.00000 N.C.
445210.00000 4368254.00000 N.C.
445210.00000 4368258.00000 N.C.
445210.00000 4368262.00000 -116.2228
445210.00000 4368266.00000 -103.0351
445210.00000 4368270.00000 -110.2914
445210.00000 4368274.00000 -111.1501
445210.00000 4368278.00000 -104.1090
445210.00000 4368282.00000 -106.8330
445210.00000 4368286.00000 -106.1221
445210.00000 4368290.00000 -100.0802
445210.00000 4368294.00000 -109.5395
445210.00000 4368298.00000 N.C.
445210.00000 4368302.00000 -126.3035
445210.00000 4368306.00000 N.C.
445210.00000 4368310.00000 -134.1294
445210.00000 4368314.00000 -132.5504
445210.00000 4368318.00000 -130.5319
445210.00000 4368322.00000 -125.1802
445210.00000 4368326.00000 -119.4743
445210.00000 4368330.00000 -129.1960
445210.00000 4368334.00000 -128.9058
445210.00000 4368338.00000 -127.8154
445210.00000 4368342.00000 -121.7219
445210.00000 4368346.00000 -120.2448
445210.00000 4368350.00000 N.C.
445210.00000 4368354.00000 N.C.
445210.00000 4368358.00000 -138.2577
445210.00000 4368362.00000 -138.4616
445210.00000 4368366.00000 -137.3768
445210.00000 4368370.00000 -138.9269
445210.00000 4368374.00000 -135.6546
445210.00000 4368378.00000 -133.1077
445210.00000 4368382.00000 -134.1897
445210.00000 4368386.00000 -134.2347
445210.00000 4368390.00000 -133.0149
445210.00000 4368394.00000 -133.5429
445214.00000 4367886.00000 -101.5807
445214.00000 4367890.00000 -101.4481
445214.00000 4367894.00000 -101.7722
445214.00000 4367898.00000 -101.6109
445214.00000 4367902.00000 -101.4119
445214.00000 4367906.00000 -101.2323
445214.00000 4367910.00000 -101.2034
445214.00000 4367914.00000 -100.9673
445214.00000 4367918.00000 -100.8739
445214.00000 4367922.00000 -100.7105
445214.00000 4367926.00000 -100.5265
445214.00000 4367930.00000 -100.3555
445214.00000 4367934.00000 -100.0956
445214.00000 4367938.00000 -99.8743
445214.00000 4367942.00000 -100.1753
445214.00000 4367946.00000 -99.9273
445214.00000 4367950.00000 -99.8014
445214.00000 4367954.00000 -101.8484
445214.00000 4367958.00000 -101.6413
445214.00000 4367962.00000 -99.1133
445214.00000 4367966.00000 -101.2838
445214.00000 4367970.00000 -100.9529
445214.00000 4367974.00000 -100.6555
445214.00000 4367978.00000 -100.4428
445214.00000 4367982.00000 -100.0696
445214.00000 4367986.00000 -99.9170
445214.00000 4367990.00000 -99.4028
445214.00000 4367994.00000 -99.1666
445214.00000 4367998.00000 -99.0901
445214.00000 4368002.00000 -97.6780
445214.00000 4368006.00000 -98.0046
445214.00000 4368010.00000 -98.2822
445214.00000 4368014.00000 -97.8973
445214.00000 4368018.00000 -97.2426
445214.00000 4368022.00000 -97.1590
445214.00000 4368026.00000 -96.8681
445214.00000 4368030.00000 -96.6537
445214.00000 4368034.00000 -96.4232
445214.00000 4368038.00000 -95.9955
445214.00000 4368042.00000 -95.6493
445214.00000 4368046.00000 -95.2325
445214.00000 4368050.00000 -94.4820
445214.00000 4368054.00000 -94.3067
445214.00000 4368058.00000 -92.8123
445214.00000 4368062.00000 -91.7845
445214.00000 4368066.00000 -98.2970
445214.00000 4368070.00000 -99.2566
445214.00000 4368074.00000 N.C.
445214.00000 4368078.00000 N.C.
445214.00000 4368082.00000 N.C.
445214.00000 4368086.00000 -90.4586
445214.00000 4368090.00000 -90.0066
445214.00000 4368094.00000 -89.4344
445214.00000 4368098.00000 -88.8867
445214.00000 4368102.00000 -88.3048
445214.00000 4368106.00000 -87.7175
445214.00000 4368110.00000 -87.1526
445214.00000 4368114.00000 -86.5120
445214.00000 4368118.00000 N.C.
445214.00000 4368122.00000 N.C.
445214.00000 4368126.00000 N.C.
445214.00000 4368130.00000 -84.3399
445214.00000 4368134.00000 -84.0607
445214.00000 4368138.00000 -83.8616
445214.00000 4368142.00000 -88.0258
445214.00000 4368146.00000 -90.1455
445214.00000 4368150.00000 -89.9856
445214.00000 4368154.00000 -96.1899
445214.00000 4368158.00000 -94.5832
445214.00000 4368162.00000 -95.4889
445214.00000 4368166.00000 -85.7936
445214.00000 4368170.00000 -86.9983
445214.00000 4368174.00000 -96.8637
445214.00000 4368178.00000 -95.4709
445214.00000 4368182.00000 -97.0546
445214.00000 4368186.00000 -95.9509
445214.00000 4368190.00000 -98.4972
445214.00000 4368194.00000 -99.8043
445214.00000 4368198.00000 -94.4697
445214.00000 4368202.00000 -93.6094
445214.00000 4368206.00000 N.C.
445214.00000 4368210.00000 N.C.
445214.00000 4368214.00000 -103.1001
445214.00000 4368218.00000 -119.2483
445214.00000 4368222.00000 -117.3462
445214.00000 4368226.00000 N.C.
445214.00000 4368230.00000 N.C.
445214.00000 4368234.00000 N.C.
445214.00000 4368238.00000 -110.9640
445214.00000 4368242.00000 -110.4833
445214.00000 4368246.00000 -118.8707
445214.00000 4368250.00000 -115.6469
445214.00000 4368254.00000 N.C.
445214.00000 4368258.00000 N.C.
445214.00000 4368262.00000 -120.3002
445214.00000 4368266.00000 -111.2619
445214.00000 4368270.00000 -113.0140
445214.00000 4368274.00000 -112.8662
445214.00000 4368278.00000 -111.2955
445214.00000 4368282.00000 -109.3614
445214.00000 4368286.00000 -111.0625
445214.00000 4368290.00000 -106.0434
445214.00000 4368294.00000 -101.5752
445214.00000 4368298.00000 -106.8457
445214.00000 4368302.00000 N.C.
445214.00000 4368306.00000 N.C.
445214.00000 4368310.00000 -114.0793
445214.00000 4368314.00000 -103.4404
445214.00000 4368318.00000 -106.1780
445214.00000 4368322.00000 -117.0596
445214.00000 4368326.00000 -117.4698
445214.00000 4368330.00000 -121.2904
445214.00000 4368334.00000 -118.8507
445214.00000 4368338.00000 -117.4103
445214.00000 4368342.00000 -116.7482
445214.00000 4368346.00000 -117.3107
445214.00000 4368350.00000 N.C.
445214.00000 4368354.00000 -142.2879
445214.00000 4368358.00000 -139.5859
445214.00000 4368362.00000 -136.5389
445214.00000 4368366.00000 N.C.
445214.00000 4368370.00000 N.C.
445214.00000 4368374.00000 N.C.
445214.00000 4368378.00000 -133.2418
445214.00000 4368382.00000 -137.1697
445214.00000 4368386.00000 -136.4791
445214.00000 4368390.00000 -133.4096
445214.00000 4368394.00000 -133.3874
445218.00000 4367886.00000 -102.0724
445218.00000 4367890.00000 -101.9516
445218.00000 4367894.00000 -101.7755
445218.00000 4367898.00000 -101.6193
445218.00000 4367902.00000 -101.4845
445218.00000 4367906.00000 -101.3846
445218.00000 4367910.00000 -101.2350
445218.00000 4367914.00000 -101.0810
445218.00000 4367918.00000 -100.9334
445218.00000 4367922.00000 -100.7659
445218.00000 4367926.00000 -100.5892
445218.00000 4367930.00000 -100.4126
445218.00000 4367934.00000 -100.5784
445218.00000 4367938.00000 -100.3260
445218.00000 4367942.00000 -102.5103
445218.00000 4367946.00000 -99.9287
445218.00000 4367950.00000 -102.0024
445218.00000 4367954.00000 -101.8307
445218.00000 4367958.00000 -101.6002
445218.00000 4367962.00000 -101.4245
445218.00000 4367966.00000 -101.2033
445218.00000 4367970.00000 -100.6987
445218.00000 4367974.00000 -100.4441
445218.00000 4367978.00000 -100.3925
445218.00000 4367982.00000 -99.9472
445218.00000 4367986.00000 -99.7269
445218.00000 4367990.00000 -99.6474
445218.00000 4367994.00000 -98.5984
445218.00000 4367998.00000 -98.6531
445218.00000 4368002.00000 -98.6959
445218.00000 4368006.00000 -98.7107
445218.00000 4368010.00000 -97.9707
445218.00000 4368014.00000 -97.9939
445218.00000 4368018.00000 -97.6791
445218.00000 4368022.00000 -97.2943
445218.00000 4368026.00000 -97.0215
445218.00000 4368030.00000 -96.9110
445218.00000 4368034.00000 -96.4841
445218.00000 4368038.00000 -96.1601
445218.00000 4368042.00000 -95.7616
445218.00000 4368046.00000 -95.0578
445218.00000 4368050.00000 -94.8796
445218.00000 4368054.00000 -94.5329
445218.00000 4368058.00000 -94.2401
445218.00000 4368062.00000 -93.4284
445218.00000 4368066.00000 -93.0318
445218.00000 4368070.00000 N.C.
445218.00000 4368074.00000 N.C.
445218.00000 4368078.00000 N.C.
445218.00000 4368082.00000 -91.2043
445218.00000 4368086.00000 -90.8766
445218.00000 4368090.00000 -90.4319
445218.00000 4368094.00000 -89.8939
445218.00000 4368098.00000 -89.3441
445218.00000 4368102.00000 -88.8210
445218.00000 4368106.00000 -88.2572
445218.00000 4368110.00000 -87.7231
445218.00000 4368114.00000 -87.1619
445218.00000 4368118.00000 N.C.
445218.00000 4368122.00000 N.C.
445218.00000 4368126.00000 N.C.
445218.00000 4368130.00000 N.C.
445218.00000 4368134.00000 N.C.
445218.00000 4368138.00000 N.C.
445218.00000 4368142.00000 N.C.
445218.00000 4368146.00000 -85.2580
445218.00000 4368150.00000 -85.0083
445218.00000 4368154.00000 -85.5484
445218.00000 4368158.00000 -85.7576
445218.00000 4368162.00000 -89.3045
445218.00000 4368166.00000 -86.8010
445218.00000 4368170.00000 -86.9513
445218.00000 4368174.00000 -87.5825
445218.00000 4368178.00000 -95.2988
445218.00000 4368182.00000 -96.4045
445218.00000 4368186.00000 -95.9568
445218.00000 4368190.00000 -88.4650
445218.00000 4368194.00000 -89.1700
445218.00000 4368198.00000 -95.7452
445218.00000 4368202.00000 -96.9917
445218.00000 4368206.00000 N.C.
445218.00000 4368210.00000 -115.4188
445218.00000 4368214.00000 -117.4171
445218.00000 4368218.00000 -117.6650
445218.00000 4368222.00000 -116.0861
445218.00000 4368226.00000 N.C.
445218.00000 4368230.00000 N.C.
445218.00000 4368234.00000 N.C.
445218.00000 4368238.00000 N.C.
445218.00000 4368242.00000 N.C.
445218.00000 4368246.00000 N.C.
445218.00000 4368250.00000 -114.6884
445218.00000 4368254.00000 -116.7760
445218.00000 4368258.00000 -118.0633
445218.00000 4368262.00000 -119.4302
445218.00000 4368266.00000 -114.8540
445218.00000 4368270.00000 -111.4044
445218.00000 4368274.00000 N.C.
445218.00000 4368278.00000 -111.2008
445218.00000 4368282.00000 -111.8014
445218.00000 4368286.00000 -113.4617
445218.00000 4368290.00000 -112.4172
445218.00000 4368294.00000 -112.4452
445218.00000 4368298.00000 -104.5610
445218.00000 4368302.00000 N.C.
445218.00000 4368306.00000 N.C.
445218.00000 4368310.00000 N.C.
445218.00000 4368314.00000 -133.2091
445218.00000 4368318.00000 N.C.
445218.00000 4368322.00000 -115.6359
445218.00000 4368326.00000 -111.5728
445218.00000 4368330.00000 -108.1296
445218.00000 4368334.00000 N.C.
445218.00000 4368338.00000 N.C.
445218.00000 4368342.00000 N.C.
445218.00000 4368346.00000 -128.1257
445218.00000 4368350.00000 N.C.
445218.00000 4368354.00000 -141.8332
445218.00000 4368358.00000 -134.1203
445218.00000 4368362.00000 -135.7110
445218.00000 4368366.00000 -131.2474
445218.00000 4368370.00000 N.C.
445218.00000 4368374.00000 N.C.
445218.00000 4368378.00000 N.C.
445218.00000 4368382.00000 N.C.
445218.00000 4368386.00000 -136.1329
445218.00000 4368390.00000 -132.0848
445218.00000 4368394.00000 -131.2230
445222.00000 4367886.00000 -102.1907
445222.00000 4367890.00000 -102.0531
445222.00000 4367894.00000 -101.8533
445222.00000 4367898.00000 -101.7391
445222.00000 4367902.00000 -101.6081
445222.00000 4367906.00000 -101.4513
445222.00000 4367910.00000 -103.6392
445222.00000 4367914.00000 -101.1881
445222.00000 4367918.00000 -103.2487
445222.00000 4367922.00000 -103.0675
445222.00000 4367926.00000 -103.6235
445222.00000 4367930.00000 -103.5600
445222.00000 4367934.00000 -103.1959
445222.00000 4367938.00000 -102.7148
445222.00000 4367942.00000 -102.5798
445222.00000 4367946.00000 -102.5469
445222.00000 4367950.00000 -102.1144
445222.00000 4367954.00000 -101.8941
445222.00000 4367958.00000 -101.7397
445222.00000 4367962.00000 -101.4975
445222.00000 4367966.00000 -100.9856
445222.00000 4367970.00000 -100.6986
445222.00000 4367974.00000 -100.2234
445222.00000 4367978.00000 -100.3337
445222.00000 4367982.00000 -100.0034
445222.00000 4367986.00000 -100.0357
445222.00000 4367990.00000 -98.7483
445222.00000 4367994.00000 -98.9508
445222.00000 4367998.00000 -99.1192
445222.00000 4368002.00000 -99.1573
445222.00000 4368006.00000 -98.9272
445222.00000 4368010.00000 -98.6402
445222.00000 4368014.00000 -98.1749
445222.00000 4368018.00000 -98.0055
445222.00000 4368022.00000 -97.8077
445222.00000 4368026.00000 -97.5056
445222.00000 4368030.00000 -97.1822
445222.00000 4368034.00000 -96.8328
445222.00000 4368038.00000 -96.4507
445222.00000 4368042.00000 -95.8263
445222.00000 4368046.00000 -95.3103
445222.00000 4368050.00000 -95.2680
445222.00000 4368054.00000 -103.3143
445222.00000 4368058.00000 -108.7498
445222.00000 4368062.00000 -104.9236
445222.00000 4368066.00000 N.C.
445222.00000 4368070.00000 N.C.
445222.00000 4368074.00000 N.C.
445222.00000 4368078.00000 N.C.
445222.00000 4368082.00000 -91.4618
445222.00000 4368086.00000 -91.2782
445222.00000 4368090.00000 -90.7874
445222.00000 4368094.00000 -90.2745
445222.00000 4368098.00000 -89.7593
445222.00000 4368102.00000 -89.1573
445222.00000 4368106.00000 -88.4315
445222.00000 4368110.00000 -88.2005
445222.00000 4368114.00000 -87.8669
445222.00000 4368118.00000 N.C.
445222.00000 4368122.00000 N.C.
445222.00000 4368126.00000 -116.9195
445222.00000 4368130.00000 -116.7171
445222.00000 4368134.00000 -85.5947
445222.00000 4368138.00000 N.C.
445222.00000 4368142.00000 N.C.
445222.00000 4368146.00000 -97.2485
445222.00000 4368150.00000 N.C.
445222.00000 4368154.00000 N.C.
445222.00000 4368158.00000 -86.9173
445222.00000 4368162.00000 -86.6138
445222.00000 4368166.00000 -87.3168
445222.00000 4368170.00000 -87.7223
445222.00000 4368174.00000 -87.8782
445222.00000 4368178.00000 -87.8679
445222.00000 4368182.00000 -87.6167
445222.00000 4368186.00000 -92.3412
445222.00000 4368190.00000 -89.6431
445222.00000 4368194.00000 -89.9163
445222.00000 4368198.00000 -91.3567
445222.00000 4368202.00000 N.C.
445222.00000 4368206.00000 N.C.
445222.00000 4368210.00000 -127.3940
445222.00000 4368214.00000 N.C.
445222.00000 4368218.00000 -120.8244
445222.00000 4368222.00000 -118.3491
445222.00000 4368226.00000 N.C.
445222.00000 4368230.00000 -132.3303
445222.00000 4368234.00000 N.C.
445222.00000 4368238.00000 -128.7319
445222.00000 4368242.00000 -128.6223
445222.00000 4368246.00000 -130.5852
445222.00000 4368250.00000 N.C.
445222.00000 4368254.00000 N.C.
445222.00000 4368258.00000 -125.8507
445222.00000 4368262.00000 -120.1868
445222.00000 4368266.00000 -115.6576
445222.00000 4368270.00000 -107.7617
445222.00000 4368274.00000 N.C.
445222.00000 4368278.00000 N.C.
445222.00000 4368282.00000 N.C.
445222.00000 4368286.00000 N.C.
445222.00000 4368290.00000 N.C.
445222.00000 4368294.00000 -112.5408
445222.00000 4368298.00000 -108.5453
445222.00000 4368302.00000 -107.7429
445222.00000 4368306.00000 -107.2331
445222.00000 4368310.00000 -108.9147
445222.00000 4368314.00000 -104.7990
445222.00000 4368318.00000 -107.9721
445222.00000 4368322.00000 N.C.
445222.00000 4368326.00000 N.C.
445222.00000 4368330.00000 -116.9522
445222.00000 4368334.00000 -112.9481
445222.00000 4368338.00000 N.C.
445222.00000 4368342.00000 N.C.
445222.00000 4368346.00000 -121.3780
445222.00000 4368350.00000 N.C.
445222.00000 4368354.00000 -133.8154
445222.00000 4368358.00000 -133.9791
445222.00000 4368362.00000 -130.6543
445222.00000 4368366.00000 -128.5553
445222.00000 4368370.00000 N.C.
445222.00000 4368374.00000 N.C.
445222.00000 4368378.00000 -139.7009
445222.00000 4368382.00000 -135.4393
445222.00000 4368386.00000 -132.9764
445222.00000 4368390.00000 -131.7176
445222.00000 4368394.00000 -130.6643
445226.00000 4367886.00000 -104.5043
445226.00000 4367890.00000 -104.4085
445226.00000 4367894.00000 -104.2770
445226.00000 4367898.00000 -101.8192
445226.00000 4367902.00000 -103.9506
445226.00000 4367906.00000 -103.8892
445226.00000 4367910.00000 -103.7121
445226.00000 4367914.00000 -104.2955
445226.00000 4367918.00000 -104.0417
445226.00000 4367922.00000 -103.8516
445226.00000 4367926.00000 -103.6187
445226.00000 4367930.00000 -103.5471
445226.00000 4367934.00000 -103.2048
445226.00000 4367938.00000 -102.9238
445226.00000 4367942.00000 -102.5963
445226.00000 4367946.00000 -102.5627
445226.00000 4367950.00000 -102.5298
445226.00000 4367954.00000 -102.3165
445226.00000 4367958.00000 -101.7622
445226.00000 4367962.00000 -101.5486
445226.00000 4367966.00000 -100.7999
445226.00000 4367970.00000 -100.9008
445226.00000 4367974.00000 -101.0522
445226.00000 4367978.00000 -101.0685
445226.00000 4367982.00000 -100.6601
445226.00000 4367986.00000 -100.3949
445226.00000 4367990.00000 -99.8949
445226.00000 4367994.00000 -99.6492
445226.00000 4367998.00000 -99.2773
445226.00000 4368002.00000 -99.3554
445226.00000 4368006.00000 -98.8003
445226.00000 4368010.00000 -98.6535
445226.00000 4368014.00000 -98.2692
445226.00000 4368018.00000 -98.2607
445226.00000 4368022.00000 -97.9701
445226.00000 4368026.00000 -97.6698
445226.00000 4368030.00000 -97.3251
445226.00000 4368034.00000 -96.9912
445226.00000 4368038.00000 -96.6183
445226.00000 4368042.00000 -95.9245
445226.00000 4368046.00000 -101.0603
445226.00000 4368050.00000 -106.8176
445226.00000 4368054.00000 -113.3541
445226.00000 4368058.00000 -113.5494
445226.00000 4368062.00000 -104.4573
445226.00000 4368066.00000 -121.7163
445226.00000 4368070.00000 -120.9988
445226.00000 4368074.00000 -111.9955
445226.00000 4368078.00000 -92.0479
445226.00000 4368082.00000 -91.4073
445226.00000 4368086.00000 -90.9507
445226.00000 4368090.00000 -90.8903
445226.00000 4368094.00000 -88.8741
445226.00000 4368098.00000 -90.0953
445226.00000 4368102.00000 -89.7302
445226.00000 4368106.00000 -89.3161
445226.00000 4368110.00000 -88.7829
445226.00000 4368114.00000 -98.4220
445226.00000 4368118.00000 N.C.
445226.00000 4368122.00000 N.C.
445226.00000 4368126.00000 -116.2540
445226.00000 4368130.00000 -109.6482
445226.00000 4368134.00000 -86.3321
445226.00000 4368138.00000 N.C.
445226.00000 4368142.00000 N.C.
445226.00000 4368146.00000 -102.0727
445226.00000 4368150.00000 N.C.
445226.00000 4368154.00000 N.C.
445226.00000 4368158.00000 -95.7997
445226.00000 4368162.00000 N.C.
445226.00000 4368166.00000 N.C.
445226.00000 4368170.00000 N.C.
445226.00000 4368174.00000 N.C.
445226.00000 4368178.00000 N.C.
445226.00000 4368182.00000 -90.0108
445226.00000 4368186.00000 -90.5594
445226.00000 4368190.00000 -91.1065
445226.00000 4368194.00000 -90.9956
445226.00000 4368198.00000 -91.1641
445226.00000 4368202.00000 N.C.
445226.00000 4368206.00000 N.C.
445226.00000 4368210.00000 N.C.
445226.00000 4368214.00000 N.C.
445226.00000 4368218.00000 -114.6329
445226.00000 4368222.00000 N.C.
445226.00000 4368226.00000 N.C.
445226.00000 4368230.00000 -132.8831
445226.00000 4368234.00000 -130.1044
445226.00000 4368238.00000 -130.2970
445226.00000 4368242.00000 -129.1298
445226.00000 4368246.00000 -129.7447
445226.00000 4368250.00000 N.C.
445226.00000 4368254.00000 N.C.
445226.00000 4368258.00000 -125.2740
445226.00000 4368262.00000 -123.7227
445226.00000 4368266.00000 -111.5606
445226.00000 4368270.00000 -111.3153
445226.00000 4368274.00000 N.C.
445226.00000 4368278.00000 N.C.
445226.00000 4368282.00000 -130.8803
445226.00000 4368286.00000 N.C.
445226.00000 4368290.00000 N.C.
445226.00000 4368294.00000 N.C.
445226.00000 4368298.00000 N.C.
445226.00000 4368302.00000 -128.1067
445226.00000 4368306.00000 N.C.
445226.00000 4368310.00000 N.C.
445226.00000 4368314.00000 N.C.
445226.00000 4368318.00000 -116.2735
445226.00000 4368322.00000 -102.5293
445226.00000 4368326.00000 -102.2341
445226.00000 4368330.00000 -104.9771
445226.00000 4368334.00000 -111.0797
445226.00000 4368338.00000 -105.4698
445226.00000 4368342.00000 -105.9996
445226.00000 4368346.00000 -111.2023
445226.00000 4368350.00000 -108.7457
445226.00000 4368354.00000 -125.4551
445226.00000 4368358.00000 -125.4045
445226.00000 4368362.00000 -125.6403
445226.00000 4368366.00000 N.C.
445226.00000 4368370.00000 N.C.
445226.00000 4368374.00000 N.C.
445226.00000 4368378.00000 N.C.
445226.00000 4368382.00000 N.C.
445226.00000 4368386.00000 -136.7270
445226.00000 4368390.00000 -128.7273
445226.00000 4368394.00000 -128.0351
445230.00000 4367886.00000 -104.6343
445230.00000 4367890.00000 -104.5999
445230.00000 4367894.00000 -104.4327
445230.00000 4367898.00000 -104.2661
445230.00000 4367902.00000 -104.0523
445230.00000 4367906.00000 -104.7856
445230.00000 4367910.00000 -104.5990
445230.00000 4367914.00000 -104.3582
445230.00000 4367918.00000 -104.0536
445230.00000 4367922.00000 -103.8603
445230.00000 4367926.00000 -103.7175
445230.00000 4367930.00000 -103.8045
445230.00000 4367934.00000 -103.5992
445230.00000 4367938.00000 -103.4085
445230.00000 4367942.00000 -103.2040
445230.00000 4367946.00000 -102.9851
445230.00000 4367950.00000 -102.6761
445230.00000 4367954.00000 -102.1847
445230.00000 4367958.00000 -101.9689
445230.00000 4367962.00000 -101.4617
445230.00000 4367966.00000 -101.2532
445230.00000 4367970.00000 -101.3003
445230.00000 4367974.00000 -101.3199
445230.00000 4367978.00000 -101.0204
445230.00000 4367982.00000 -100.9268
445230.00000 4367986.00000 -100.6677
445230.00000 4367990.00000 -100.3068
445230.00000 4367994.00000 -99.6508
445230.00000 4367998.00000 -99.7639
445230.00000 4368002.00000 -99.5408
445230.00000 4368006.00000 -99.0674
445230.00000 4368010.00000 -98.7060
445230.00000 4368014.00000 -98.6951
445230.00000 4368018.00000 -98.4151
445230.00000 4368022.00000 -98.1174
445230.00000 4368026.00000 -97.7987
445230.00000 4368030.00000 -97.4170
445230.00000 4368034.00000 -96.8540
445230.00000 4368038.00000 -101.8056
445230.00000 4368042.00000 -110.7653
445230.00000 4368046.00000 -108.5845
445230.00000 4368050.00000 -110.8430
445230.00000 4368054.00000 -112.0843
445230.00000 4368058.00000 -109.3611
445230.00000 4368062.00000 -103.3723
445230.00000 4368066.00000 -109.3962
445230.00000 4368070.00000 -104.3593
445230.00000 4368074.00000 -92.5278
445230.00000 4368078.00000 -90.7631
445230.00000 4368082.00000 -90.8362
445230.00000 4368086.00000 -91.3964
445230.00000 4368090.00000 -91.0684
445230.00000 4368094.00000 -91.0991
445230.00000 4368098.00000 -90.6560
445230.00000 4368102.00000 -90.2668
445230.00000 4368106.00000 -89.8512
445230.00000 4368110.00000 -88.0593
445230.00000 4368114.00000 -110.3117
445230.00000 4368118.00000 -121.1448
445230.00000 4368122.00000 -130.4766
445230.00000 4368126.00000 N.C.
445230.00000 4368130.00000 N.C.
445230.00000 4368134.00000 -84.9085
445230.00000 4368138.00000 N.C.
445230.00000 4368142.00000 N.C.
445230.00000 4368146.00000 -93.1326
445230.00000 4368150.00000 N.C.
445230.00000 4368154.00000 N.C.
445230.00000 4368158.00000 -92.2386
445230.00000 4368162.00000 N.C.
445230.00000 4368166.00000 N.C.
445230.00000 4368170.00000 N.C.
445230.00000 4368174.00000 N.C.
445230.00000 4368178.00000 N.C.
445230.00000 4368182.00000 N.C.
445230.00000 4368186.00000 -115.7231
445230.00000 4368190.00000 N.C.
445230.00000 4368194.00000 -111.5286
445230.00000 4368198.00000 -92.3210
445230.00000 4368202.00000 -92.5729
445230.00000 4368206.00000 -93.0170
445230.00000 4368210.00000 -104.8273
445230.00000 4368214.00000 -115.4471
445230.00000 4368218.00000 -115.2423
445230.00000 4368222.00000 N.C.
445230.00000 4368226.00000 N.C.
445230.00000 4368230.00000 -133.0838
445230.00000 4368234.00000 -128.2080
445230.00000 4368238.00000 N.C.
445230.00000 4368242.00000 N.C.
445230.00000 4368246.00000 -128.1947
445230.00000 4368250.00000 N.C.
445230.00000 4368254.00000 N.C.
445230.00000 4368258.00000 -124.0580
445230.00000 4368262.00000 -110.8932
445230.00000 4368266.00000 -111.0598
445230.00000 4368270.00000 -121.3014
445230.00000 4368274.00000 -130.0435
445230.00000 4368278.00000 N.C.
445230.00000 4368282.00000 -129.4396
445230.00000 4368286.00000 N.C.
445230.00000 4368290.00000 -133.4964
445230.00000 4368294.00000 N.C.
445230.00000 4368298.00000 N.C.
445230.00000 4368302.00000 -122.8250
445230.00000 4368306.00000 -133.7256
445230.00000 4368310.00000 N.C.
445230.00000 4368314.00000 N.C.
445230.00000 4368318.00000 -116.1892
445230.00000 4368322.00000 -121.6480
445230.00000 4368326.00000 -118.9620
445230.00000 4368330.00000 -113.9747
445230.00000 4368334.00000 -106.7613
445230.00000 4368338.00000 -107.0810
445230.00000 4368342.00000 -103.7394
445230.00000 4368346.00000 -106.2065
445230.00000 4368350.00000 -112.4679
445230.00000 4368354.00000 -107.2769
445230.00000 4368358.00000 -105.6108
445230.00000 4368362.00000 -112.7548
445230.00000 4368366.00000 -112.6090
445230.00000 4368370.00000 -111.0937
445230.00000 4368374.00000 -110.6574
445230.00000 4368378.00000 N.C.
445230.00000 4368382.00000 N.C.
445230.00000 4368386.00000 -137.6725
445230.00000 4368390.00000 -129.0566
445230.00000 4368394.00000 -128.0869
445234.00000 4367886.00000 -104.8172
445234.00000 4367890.00000 -104.7657
445234.00000 4367894.00000 -104.6135
445234.00000 4367898.00000 -105.2687
445234.00000 4367902.00000 -105.0301
445234.00000 4367906.00000 -104.8231
445234.00000 4367910.00000 -104.6309
445234.00000 4367914.00000 -104.4813
445234.00000 4367918.00000 -104.3375
445234.00000 4367922.00000 -104.2067
445234.00000 4367926.00000 -103.9474
445234.00000 4367930.00000 -103.7680
445234.00000 4367934.00000 -103.5765
445234.00000 4367938.00000 -103.3692
445234.00000 4367942.00000 -103.1459
445234.00000 4367946.00000 -102.9642
445234.00000 4367950.00000 -102.4649
445234.00000 4367954.00000 -101.9990
445234.00000 4367958.00000 -101.7741
445234.00000 4367962.00000 -101.8462
445234.00000 4367966.00000 -101.9145
445234.00000 4367970.00000 -101.6486
445234.00000 4367974.00000 -101.4200
445234.00000 4367978.00000 -101.2542
445234.00000 4367982.00000 -101.0080
445234.00000 4367986.00000 -100.3169
445234.00000 4367990.00000 -100.4230
445234.00000 4367994.00000 -100.1405
445234.00000 4367998.00000 -99.9211
445234.00000 4368002.00000 -99.6257
445234.00000 4368006.00000 -99.1544
445234.00000 4368010.00000 -98.9468
445234.00000 4368014.00000 -98.8297
445234.00000 4368018.00000 -98.5339
445234.00000 4368022.00000 -98.1713
445234.00000 4368026.00000 -97.6524
445234.00000 4368030.00000 -102.5193
445234.00000 4368034.00000 -109.8753
445234.00000 4368038.00000 -107.0813
445234.00000 4368042.00000 -108.2192
445234.00000 4368046.00000 -106.9889
445234.00000 4368050.00000 -106.9202
445234.00000 4368054.00000 -106.5282
445234.00000 4368058.00000 -105.7442
445234.00000 4368062.00000 -96.1617
445234.00000 4368066.00000 -94.8163
445234.00000 4368070.00000 -92.5172
445234.00000 4368074.00000 -93.4983
445234.00000 4368078.00000 -91.2634
445234.00000 4368082.00000 -92.7331
445234.00000 4368086.00000 -92.3288
445234.00000 4368090.00000 -91.4982
445234.00000 4368094.00000 -91.0790
445234.00000 4368098.00000 -91.1597
445234.00000 4368102.00000 -90.7742
445234.00000 4368106.00000 -90.2583
445234.00000 4368110.00000 -100.2958
445234.00000 4368114.00000 -113.3728
445234.00000 4368118.00000 -112.7358
445234.00000 4368122.00000 -115.8659
445234.00000 4368126.00000 -116.1782
445234.00000 4368130.00000 -111.1916
445234.00000 4368134.00000 -101.3729
445234.00000 4368138.00000 N.C.
445234.00000 4368142.00000 N.C.
445234.00000 4368146.00000 -94.3747
445234.00000 4368150.00000 N.C.
445234.00000 4368154.00000 N.C.
445234.00000 4368158.00000 -91.9821
445234.00000 4368162.00000 N.C.
445234.00000 4368166.00000 N.C.
445234.00000 4368170.00000 N.C.
445234.00000 4368174.00000 -127.6309
445234.00000 4368178.00000 -117.8515
445234.00000 4368182.00000 -123.9248
445234.00000 4368186.00000 N.C.
445234.00000 4368190.00000 N.C.
445234.00000 4368194.00000 -111.4443
445234.00000 4368198.00000 -108.4467
445234.00000 4368202.00000 N.C.
445234.00000 4368206.00000 N.C.
445234.00000 4368210.00000 N.C.
445234.00000 4368214.00000 N.C.
445234.00000 4368218.00000 N.C.
445234.00000 4368222.00000 -119.9323
445234.00000 4368226.00000 -120.1756
445234.00000 4368230.00000 -117.9916
445234.00000 4368234.00000 -116.5510
445234.00000 4368238.00000 N.C.
445234.00000 4368242.00000 N.C.
445234.00000 4368246.00000 N.C.
445234.00000 4368250.00000 N.C.
445234.00000 4368254.00000 -126.7357
445234.00000 4368258.00000 -117.7409
445234.00000 4368262.00000 -110.9376
445234.00000 4368266.00000 -110.4232
445234.00000 4368270.00000 -117.5225
445234.00000 4368274.00000 N.C.
445234.00000 4368278.00000 N.C.
445234.00000 4368282.00000 N.C.
445234.00000 4368286.00000 N.C.
445234.00000 4368290.00000 N.C.
445234.00000 4368294.00000 N.C.
445234.00000 4368298.00000 -123.4240
445234.00000 4368302.00000 -136.1467
445234.00000 4368306.00000 -142.9036
445234.00000 4368310.00000 N.C.
445234.00000 4368314.00000 -150.1039
445234.00000 4368318.00000 N.C.
445234.00000 4368322.00000 -122.5864
445234.00000 4368326.00000 -121.3654
445234.00000 4368330.00000 -118.3013
445234.00000 4368334.00000 -120.3256
445234.00000 4368338.00000 -119.9533
445234.00000 4368342.00000 -117.4323
445234.00000 4368346.00000 -107.5341
445234.00000 4368350.00000 -107.6281
445234.00000 4368354.00000 -107.7333
445234.00000 4368358.00000 -117.3114
445234.00000 4368362.00000 -105.6257
445234.00000 4368366.00000 -112.8837
445234.00000 4368370.00000 -110.8635
445234.00000 4368374.00000 -107.6474
445234.00000 4368378.00000 -112.9127
445234.00000 4368382.00000 -111.4586
445234.00000 4368386.00000 -112.8862
445234.00000 4368390.00000 -111.0572
445234.00000 4368394.00000 -112.2244
445238.00000 4367886.00000 -104.8970
445238.00000 4367890.00000 -105.5265
445238.00000 4367894.00000 -105.4365
445238.00000 4367898.00000 -105.2308
445238.00000 4367902.00000 -105.0303
445238.00000 4367906.00000 -104.8478
445238.00000 4367910.00000 -104.6867
445238.00000 4367914.00000 -104.5414
445238.00000 4367918.00000 -104.3674
445238.00000 4367922.00000 -104.1955
445238.00000 4367926.00000 -104.0063
445238.00000 4367930.00000 -103.8793
445238.00000 4367934.00000 -103.7215
445238.00000 4367938.00000 -103.4855
445238.00000 4367942.00000 -102.9469
445238.00000 4367946.00000 -102.4488
445238.00000 4367950.00000 -102.2536
445238.00000 4367954.00000 -102.0399
445238.00000 4367958.00000 -102.1084
445238.00000 4367962.00000 -102.1919
445238.00000 4367966.00000 -101.9395
445238.00000 4367970.00000 -101.7489
445238.00000 4367974.00000 -101.5570
445238.00000 4367978.00000 -101.3336
445238.00000 4367982.00000 -101.0158
445238.00000 4367986.00000 -100.8123
445238.00000 4367990.00000 -100.5095
445238.00000 4367994.00000 -100.2181
445238.00000 4367998.00000 -99.7730
445238.00000 4368002.00000 -99.5232
445238.00000 4368006.00000 -99.3816
445238.00000 4368010.00000 -99.0573
445238.00000 4368014.00000 -98.8891
445238.00000 4368018.00000 -109.7979
445238.00000 4368022.00000 -102.9942
445238.00000 4368026.00000 -109.0130
445238.00000 4368030.00000 -112.2134
445238.00000 4368034.00000 -109.9374
445238.00000 4368038.00000 -107.6335
445238.00000 4368042.00000 -105.6940
445238.00000 4368046.00000 -98.9377
445238.00000 4368050.00000 -97.8661
445238.00000 4368054.00000 -98.4174
445238.00000 4368058.00000 -103.3262
445238.00000 4368062.00000 -94.4189
445238.00000 4368066.00000 -94.4904
445238.00000 4368070.00000 -94.2146
445238.00000 4368074.00000 -93.8568
445238.00000 4368078.00000 -93.2190
445238.00000 4368082.00000 -93.1109
445238.00000 4368086.00000 -92.6988
445238.00000 4368090.00000 -91.7844
445238.00000 4368094.00000 -91.6083
445238.00000 4368098.00000 -91.1997
445238.00000 4368102.00000 -91.1443
445238.00000 4368106.00000 -99.4710
445238.00000 4368110.00000 N.C.
445238.00000 4368114.00000 N.C.
445238.00000 4368118.00000 N.C.
445238.00000 4368122.00000 N.C.
445238.00000 4368126.00000 N.C.
445238.00000 4368130.00000 N.C.
445238.00000 4368134.00000 -104.2567
445238.00000 4368138.00000 -96.0632
445238.00000 4368142.00000 -95.4628
445238.00000 4368146.00000 -102.0589
445238.00000 4368150.00000 -108.2849
445238.00000 4368154.00000 -100.4422
445238.00000 4368158.00000 -98.2634
445238.00000 4368162.00000 N.C.
445238.00000 4368166.00000 N.C.
445238.00000 4368170.00000 N.C.
445238.00000 4368174.00000 N.C.
445238.00000 4368178.00000 N.C.
445238.00000 4368182.00000 N.C.
445238.00000 4368186.00000 N.C.
445238.00000 4368190.00000 N.C.
445238.00000 4368194.00000 -103.8363
445238.00000 4368198.00000 N.C.
445238.00000 4368202.00000 N.C.
445238.00000 4368206.00000 N.C.
445238.00000 4368210.00000 N.C.
445238.00000 4368214.00000 -94.0959
445238.00000 4368218.00000 -111.3065
445238.00000 4368222.00000 -121.5591
445238.00000 4368226.00000 N.C.
445238.00000 4368230.00000 -133.2542
445238.00000 4368234.00000 N.C.
445238.00000 4368238.00000 N.C.
445238.00000 4368242.00000 N.C.
445238.00000 4368246.00000 -121.6278
445238.00000 4368250.00000 -118.6594
445238.00000 4368254.00000 -121.8055
445238.00000 4368258.00000 -110.4034
445238.00000 4368262.00000 -111.0355
445238.00000 4368266.00000 -123.8924
445238.00000 4368270.00000 -117.4327
445238.00000 4368274.00000 -122.3453
445238.00000 4368278.00000 -124.4047
445238.00000 4368282.00000 -127.3521
445238.00000 4368286.00000 -127.1700
445238.00000 4368290.00000 N.C.
445238.00000 4368294.00000 N.C.
445238.00000 4368298.00000 -141.1379
445238.00000 4368302.00000 -135.6156
445238.00000 4368306.00000 -123.0981
445238.00000 4368310.00000 -122.8646
445238.00000 4368314.00000 -134.4822
445238.00000 4368318.00000 N.C.
445238.00000 4368322.00000 -122.6336
445238.00000 4368326.00000 -122.0842
445238.00000 4368330.00000 -121.7884
445238.00000 4368334.00000 -115.6799
445238.00000 4368338.00000 -118.9812
445238.00000 4368342.00000 N.C.
445238.00000 4368346.00000 -122.5890
445238.00000 4368350.00000 -116.6117
445238.00000 4368354.00000 -107.8507
445238.00000 4368358.00000 -107.9904
445238.00000 4368362.00000 -108.0603
445238.00000 4368366.00000 -110.3547
445238.00000 4368370.00000 -116.7729
445238.00000 4368374.00000 -117.6981
445238.00000 4368378.00000 -113.3624
445238.00000 4368382.00000 -112.5171
445238.00000 4368386.00000 -108.7336
445238.00000 4368390.00000 -115.0535
445238.00000 4368394.00000 -105.3045
445242.00000 4367886.00000 -105.7511
445242.00000 4367890.00000 -105.5765
445242.00000 4367894.00000 -105.4633
445242.00000 4367898.00000 -105.2867
445242.00000 4367902.00000 -105.1806
445242.00000 4367906.00000 -105.0317
445242.00000 4367910.00000 -104.8202
445242.00000 4367914.00000 -104.6534
445242.00000 4367918.00000 -104.5014
445242.00000 4367922.00000 -104.3321
445242.00000 4367926.00000 -104.1497
445242.00000 4367930.00000 -103.9388
445242.00000 4367934.00000 -103.7381
445242.00000 4367938.00000 -103.4680
445242.00000 4367942.00000 -102.9410
445242.00000 4367946.00000 -102.6739
445242.00000 4367950.00000 -102.8247
445242.00000 4367954.00000 -102.6968
445242.00000 4367958.00000 -102.5009
445242.00000 4367962.00000 -102.2872
445242.00000 4367966.00000 -102.1079
445242.00000 4367970.00000 -101.8891
445242.00000 4367974.00000 -101.6532
445242.00000 4367978.00000 -101.3356
445242.00000 4367982.00000 -100.7215
445242.00000 4367986.00000 -100.8564
445242.00000 4367990.00000 -100.6014
445242.00000 4367994.00000 -100.1660
445242.00000 4367998.00000 -99.9084
445242.00000 4368002.00000 -99.6122
445242.00000 4368006.00000 -99.2276
445242.00000 4368010.00000 -109.3619
445242.00000 4368014.00000 -103.4938
445242.00000 4368018.00000 -109.4207
445242.00000 4368022.00000 -112.5744
445242.00000 4368026.00000 -112.2147
445242.00000 4368030.00000 -114.4852
445242.00000 4368034.00000 -113.2208
445242.00000 4368038.00000 -98.1885
445242.00000 4368042.00000 -99.5171
445242.00000 4368046.00000 -103.7034
445242.00000 4368050.00000 -106.8763
445242.00000 4368054.00000 -100.7317
445242.00000 4368058.00000 -95.4271
445242.00000 4368062.00000 -95.0954
445242.00000 4368066.00000 -94.8988
445242.00000 4368070.00000 -94.5547
445242.00000 4368074.00000 -94.1754
445242.00000 4368078.00000 -93.7499
445242.00000 4368082.00000 -93.4444
445242.00000 4368086.00000 -93.1140
445242.00000 4368090.00000 -92.7659
445242.00000 4368094.00000 -92.0120
445242.00000 4368098.00000 -91.7176
445242.00000 4368102.00000 -90.1310
445242.00000 4368106.00000 -101.7887
445242.00000 4368110.00000 N.C.
445242.00000 4368114.00000 N.C.
445242.00000 4368118.00000 N.C.
445242.00000 4368122.00000 -127.3264
445242.00000 4368126.00000 -123.0137
445242.00000 4368130.00000 N.C.
445242.00000 4368134.00000 N.C.
445242.00000 4368138.00000 N.C.
445242.00000 4368142.00000 -96.0998
445242.00000 4368146.00000 -108.5120
445242.00000 4368150.00000 N.C.
445242.00000 4368154.00000 -92.6984
445242.00000 4368158.00000 -101.6014
445242.00000 4368162.00000 -117.2175
445242.00000 4368166.00000 -117.6294
445242.00000 4368170.00000 -123.7145
445242.00000 4368174.00000 N.C.
445242.00000 4368178.00000 N.C.
445242.00000 4368182.00000 N.C.
445242.00000 4368186.00000 N.C.
445242.00000 4368190.00000 N.C.
445242.00000 4368194.00000 N.C.
445242.00000 4368198.00000 N.C.
445242.00000 4368202.00000 N.C.
445242.00000 4368206.00000 N.C.
445242.00000 4368210.00000 N.C.
445242.00000 4368214.00000 -94.4969
445242.00000 4368218.00000 N.C.
445242.00000 4368222.00000 N.C.
445242.00000 4368226.00000 N.C.
445242.00000 4368230.00000 -127.2062
445242.00000 4368234.00000 -130.0723
445242.00000 4368238.00000 N.C.
445242.00000 4368242.00000 N.C.
445242.00000 4368246.00000 N.C.
445242.00000 4368250.00000 N.C.
445242.00000 4368254.00000 -111.4685
445242.00000 4368258.00000 -110.4493
445242.00000 4368262.00000 -110.8874
445242.00000 4368266.00000 -120.7656
445242.00000 4368270.00000 -118.1726
445242.00000 4368274.00000 -120.7482
445242.00000 4368278.00000 -122.3237
445242.00000 4368282.00000 -124.9560
445242.00000 4368286.00000 -122.3355
445242.00000 4368290.00000 N.C.
445242.00000 4368294.00000 N.C.
445242.00000 4368298.00000 -123.4515
445242.00000 4368302.00000 -123.2004
445242.00000 4368306.00000 -123.0461
445242.00000 4368310.00000 -122.8909
445242.00000 4368314.00000 -134.4947
445242.00000 4368318.00000 N.C.
445242.00000 4368322.00000 -122.4020
445242.00000 4368326.00000 -122.3871
445242.00000 4368330.00000 -119.3981
445242.00000 4368334.00000 -117.2347
445242.00000 4368338.00000 -124.7540
445242.00000 4368342.00000 N.C.
445242.00000 4368346.00000 -135.1672
445242.00000 4368350.00000 -127.5712
445242.00000 4368354.00000 -124.3201
445242.00000 4368358.00000 N.C.
445242.00000 4368362.00000 N.C.
445242.00000 4368366.00000 N.C.
445242.00000 4368370.00000 -107.9855
445242.00000 4368374.00000 -106.9433
445242.00000 4368378.00000 -104.7545
445242.00000 4368382.00000 -118.3090
445242.00000 4368386.00000 -119.2403
445242.00000 4368390.00000 -117.9707
445242.00000 4368394.00000 -105.5859
445246.00000 4367886.00000 -105.8475
445246.00000 4367890.00000 -105.6842
445246.00000 4367894.00000 -105.5722
445246.00000 4367898.00000 -105.4098
445246.00000 4367902.00000 -105.2114
445246.00000 4367906.00000 -105.0394
445246.00000 4367910.00000 -104.8972
445246.00000 4367914.00000 -104.7115
445246.00000 4367918.00000 -104.5533
445246.00000 4367922.00000 -104.3721
445246.00000 4367926.00000 -104.1416
445246.00000 4367930.00000 -103.8939
445246.00000 4367934.00000 -103.3707
445246.00000 4367938.00000 -103.1815
445246.00000 4367942.00000 -102.9941
445246.00000 4367946.00000 -103.1964
445246.00000 4367950.00000 -103.0128
445246.00000 4367954.00000 -102.7682
445246.00000 4367958.00000 -102.6293
445246.00000 4367962.00000 -102.4169
445246.00000 4367966.00000 -102.1975
445246.00000 4367970.00000 -101.9314
445246.00000 4367974.00000 -101.6289
445246.00000 4367978.00000 -101.3961
445246.00000 4367982.00000 -101.1592
445246.00000 4367986.00000 -100.9269
445246.00000 4367990.00000 -100.4758
445246.00000 4367994.00000 -100.2024
445246.00000 4367998.00000 -99.7767
445246.00000 4368002.00000 -107.9750
445246.00000 4368006.00000 -103.5549
445246.00000 4368010.00000 -110.1044
445246.00000 4368014.00000 -111.9667
445246.00000 4368018.00000 -110.9291
445246.00000 4368022.00000 -111.7441
445246.00000 4368026.00000 -111.1347
445246.00000 4368030.00000 -113.4483
445246.00000 4368034.00000 -113.5949
445246.00000 4368038.00000 -108.8976
445246.00000 4368042.00000 -108.3911
445246.00000 4368046.00000 -107.3044
445246.00000 4368050.00000 -96.1733
445246.00000 4368054.00000 -96.1078
445246.00000 4368058.00000 -95.7130
445246.00000 4368062.00000 -95.3867
445246.00000 4368066.00000 -95.1966
445246.00000 4368070.00000 -94.8543
445246.00000 4368074.00000 -94.4575
445246.00000 4368078.00000 -94.1295
445246.00000 4368082.00000 -93.8114
445246.00000 4368086.00000 -93.4933
445246.00000 4368090.00000 -93.1790
445246.00000 4368094.00000 -92.8349
445246.00000 4368098.00000 -92.0219
445246.00000 4368102.00000 -96.0832
445246.00000 4368106.00000 -113.1413
445246.00000 4368110.00000 N.C.
445246.00000 4368114.00000 N.C.
445246.00000 4368118.00000 N.C.
445246.00000 4368122.00000 -123.8287
445246.00000 4368126.00000 -121.8551
445246.00000 4368130.00000 -122.2293
445246.00000 4368134.00000 N.C.
445246.00000 4368138.00000 N.C.
445246.00000 4368142.00000 -105.8492
445246.00000 4368146.00000 -108.5574
445246.00000 4368150.00000 N.C.
445246.00000 4368154.00000 N.C.
445246.00000 4368158.00000 N.C.
445246.00000 4368162.00000 N.C.
445246.00000 4368166.00000 N.C.
445246.00000 4368170.00000 N.C.
445246.00000 4368174.00000 -118.8928
445246.00000 4368178.00000 -122.0395
445246.00000 4368182.00000 -122.9571
445246.00000 4368186.00000 -119.5490
445246.00000 4368190.00000 -118.3246
445246.00000 4368194.00000 N.C.
445246.00000 4368198.00000 N.C.
445246.00000 4368202.00000 N.C.
445246.00000 4368206.00000 N.C.
445246.00000 4368210.00000 N.C.
445246.00000 4368214.00000 -98.5447
445246.00000 4368218.00000 N.C.
445246.00000 4368222.00000 N.C.
445246.00000 4368226.00000 N.C.
445246.00000 4368230.00000 -128.0930
445246.00000 4368234.00000 -129.2661
445246.00000 4368238.00000 -126.7155
445246.00000 4368242.00000 -126.9442
445246.00000 4368246.00000 N.C.
445246.00000 4368250.00000 N.C.
445246.00000 4368254.00000 -111.6881
445246.00000 4368258.00000 -110.5835
445246.00000 4368262.00000 -125.6914
445246.00000 4368266.00000 -123.4840
445246.00000 4368270.00000 -121.8417
445246.00000 4368274.00000 -115.7633
445246.00000 4368278.00000 -119.7580
445246.00000 4368282.00000 -120.8601
445246.00000 4368286.00000 -121.3484
445246.00000 4368290.00000 N.C.
445246.00000 4368294.00000 N.C.
445246.00000 4368298.00000 -136.5789
445246.00000 4368302.00000 N.C.
445246.00000 4368306.00000 N.C.
445246.00000 4368310.00000 N.C.
445246.00000 4368314.00000 -135.3565
445246.00000 4368318.00000 N.C.
445246.00000 4368322.00000 -122.0006
445246.00000 4368326.00000 -122.0312
445246.00000 4368330.00000 -115.0737
445246.00000 4368334.00000 -119.5373
445246.00000 4368338.00000 -116.5151
445246.00000 4368342.00000 N.C.
445246.00000 4368346.00000 -131.9008
445246.00000 4368350.00000 -128.2136
445246.00000 4368354.00000 -125.5252
445246.00000 4368358.00000 N.C.
445246.00000 4368362.00000 N.C.
445246.00000 4368366.00000 N.C.
445246.00000 4368370.00000 -147.1948
445246.00000 4368374.00000 -125.7054
445246.00000 4368378.00000 -111.6214
445246.00000 4368382.00000 -104.5091
445246.00000 4368386.00000 -108.6660
445246.00000 4368390.00000 -108.7914
445246.00000 4368394.00000 -105.8852
445250.00000 4367886.00000 -105.9506
445250.00000 4367890.00000 -105.8040
445250.00000 4367894.00000 -105.6419
445250.00000 4367898.00000 -105.4709
445250.00000 4367902.00000 -105.3035
445250.00000 4367906.00000 -105.0683
445250.00000 4367910.00000 -104.8874
445250.00000 4367914.00000 -104.7078
445250.00000 4367918.00000 -104.5900
445250.00000 4367922.00000 -104.3343
445250.00000 4367926.00000 -104.0809
445250.00000 4367930.00000 -103.5434
445250.00000 4367934.00000 -103.3758
445250.00000 4367938.00000 -103.2412
445250.00000 4367942.00000 -103.4266
445250.00000 4367946.00000 -103.2426
445250.00000 4367950.00000 -103.0118
445250.00000 4367954.00000 -102.8547
445250.00000 4367958.00000 -102.6800
445250.00000 4367962.00000 -102.4687
445250.00000 4367966.00000 -102.1890
445250.00000 4367970.00000 -101.9710
445250.00000 4367974.00000 -101.7571
445250.00000 4367978.00000 -101.4494
445250.00000 4367982.00000 -101.1762
445250.00000 4367986.00000 -100.8186
445250.00000 4367990.00000 -99.2253
445250.00000 4367994.00000 -104.0031
445250.00000 4367998.00000 -108.1263
445250.00000 4368002.00000 -108.6413
445250.00000 4368006.00000 -110.6927
445250.00000 4368010.00000 -110.6569
445250.00000 4368014.00000 -113.3788
445250.00000 4368018.00000 -114.9461
445250.00000 4368022.00000 -111.5091
445250.00000 4368026.00000 -113.1687
445250.00000 4368030.00000 -112.7897
445250.00000 4368034.00000 -109.0383
445250.00000 4368038.00000 -106.2859
445250.00000 4368042.00000 -101.9308
445250.00000 4368046.00000 -96.9282
445250.00000 4368050.00000 -96.6902
445250.00000 4368054.00000 -96.3827
445250.00000 4368058.00000 -95.9804
445250.00000 4368062.00000 -95.4622
445250.00000 4368066.00000 -95.4775
445250.00000 4368070.00000 -95.1575
445250.00000 4368074.00000 -94.6640
445250.00000 4368078.00000 -94.4707
445250.00000 4368082.00000 -94.1880
445250.00000 4368086.00000 -93.8783
445250.00000 4368090.00000 -93.5721
445250.00000 4368094.00000 -93.1332
445250.00000 4368098.00000 -92.4625
445250.00000 4368102.00000 -100.5781
445250.00000 4368106.00000 -103.7301
445250.00000 4368110.00000 N.C.
445250.00000 4368114.00000 N.C.
445250.00000 4368118.00000 N.C.
445250.00000 4368122.00000 -122.5759
445250.00000 4368126.00000 -121.2152
445250.00000 4368130.00000 -120.6537
445250.00000 4368134.00000 N.C.
445250.00000 4368138.00000 N.C.
445250.00000 4368142.00000 N.C.
445250.00000 4368146.00000 -106.0042
445250.00000 4368150.00000 -121.7740
445250.00000 4368154.00000 -124.5874
445250.00000 4368158.00000 -108.6087
445250.00000 4368162.00000 N.C.
445250.00000 4368166.00000 N.C.
445250.00000 4368170.00000 N.C.
445250.00000 4368174.00000 N.C.
445250.00000 4368178.00000 N.C.
445250.00000 4368182.00000 N.C.
445250.00000 4368186.00000 N.C.
445250.00000 4368190.00000 N.C.
445250.00000 4368194.00000 -104.1620
445250.00000 4368198.00000 -108.7149
445250.00000 4368202.00000 -104.8586
445250.00000 4368206.00000 -108.3534
445250.00000 4368210.00000 -108.9427
445250.00000 4368214.00000 -108.5964
445250.00000 4368218.00000 -117.3465
445250.00000 4368222.00000 N.C.
445250.00000 4368226.00000 N.C.
445250.00000 4368230.00000 -129.4183
445250.00000 4368234.00000 -131.1316
445250.00000 4368238.00000 -127.8691
445250.00000 4368242.00000 -127.1330
445250.00000 4368246.00000 N.C.
445250.00000 4368250.00000 -111.9989
445250.00000 4368254.00000 -111.8483
445250.00000 4368258.00000 -110.7679
445250.00000 4368262.00000 -124.2185
445250.00000 4368266.00000 -123.2723
445250.00000 4368270.00000 -122.3945
445250.00000 4368274.00000 -119.5547
445250.00000 4368278.00000 -118.8518
445250.00000 4368282.00000 -121.8920
445250.00000 4368286.00000 -119.7608
445250.00000 4368290.00000 N.C.
445250.00000 4368294.00000 -139.6901
445250.00000 4368298.00000 -136.9703
445250.00000 4368302.00000 -136.8480
445250.00000 4368306.00000 N.C.
445250.00000 4368310.00000 N.C.
445250.00000 4368314.00000 N.C.
445250.00000 4368318.00000 N.C.
445250.00000 4368322.00000 -122.2774
445250.00000 4368326.00000 -121.7276
445250.00000 4368330.00000 -115.4690
445250.00000 4368334.00000 -115.2685
445250.00000 4368338.00000 -109.7151
445250.00000 4368342.00000 N.C.
445250.00000 4368346.00000 -131.5172
445250.00000 4368350.00000 -127.6300
445250.00000 4368354.00000 N.C.
445250.00000 4368358.00000 N.C.
445250.00000 4368362.00000 N.C.
445250.00000 4368366.00000 N.C.
445250.00000 4368370.00000 -153.1229
445250.00000 4368374.00000 N.C.
445250.00000 4368378.00000 N.C.
445250.00000 4368382.00000 N.C.
445250.00000 4368386.00000 -112.4795
445250.00000 4368390.00000 -107.1934
445250.00000 4368394.00000 -116.1709
445254.00000 4367886.00000 -105.9821
445254.00000 4367890.00000 -105.8429
445254.00000 4367894.00000 -105.6785
445254.00000 4367898.00000 -105.4646
445254.00000 4367902.00000 -105.3129
445254.00000 4367906.00000 -105.1072
445254.00000 4367910.00000 -104.9227
445254.00000 4367914.00000 -104.7247
445254.00000 4367918.00000 -104.4785
445254.00000 4367922.00000 -103.9562
445254.00000 4367926.00000 -103.7823
445254.00000 4367930.00000 -103.5437
445254.00000 4367934.00000 -103.7520
445254.00000 4367938.00000 -103.6681
445254.00000 4367942.00000 -103.4408
445254.00000 4367946.00000 -103.3158
445254.00000 4367950.00000 -103.1441
445254.00000 4367954.00000 -102.9594
445254.00000 4367958.00000 -102.7531
445254.00000 4367962.00000 -102.4111
445254.00000 4367966.00000 -102.1541
445254.00000 4367970.00000 -101.9296
445254.00000 4367974.00000 -101.7089
445254.00000 4367978.00000 -101.3189
445254.00000 4367982.00000 -104.7487
445254.00000 4367986.00000 -101.8394
445254.00000 4367990.00000 -104.2006
445254.00000 4367994.00000 -108.6058
445254.00000 4367998.00000 -109.7640
445254.00000 4368002.00000 -110.1379
445254.00000 4368006.00000 -112.7855
445254.00000 4368010.00000 -111.4127
445254.00000 4368014.00000 -111.8826
445254.00000 4368018.00000 -112.5958
445254.00000 4368022.00000 -112.3475
445254.00000 4368026.00000 -111.6009
445254.00000 4368030.00000 -111.1346
445254.00000 4368034.00000 -102.0075
445254.00000 4368038.00000 -97.5256
445254.00000 4368042.00000 -97.4411
445254.00000 4368046.00000 -97.2202
445254.00000 4368050.00000 -96.9383
445254.00000 4368054.00000 -96.6095
445254.00000 4368058.00000 -96.1240
445254.00000 4368062.00000 -95.6981
445254.00000 4368066.00000 -95.7406
445254.00000 4368070.00000 -95.3822
445254.00000 4368074.00000 -94.5785
445254.00000 4368078.00000 -94.7858
445254.00000 4368082.00000 -94.5104
445254.00000 4368086.00000 -94.2185
445254.00000 4368090.00000 -93.8001
445254.00000 4368094.00000 -92.3069
445254.00000 4368098.00000 -97.8936
445254.00000 4368102.00000 -108.1284
445254.00000 4368106.00000 -104.2018
445254.00000 4368110.00000 N.C.
445254.00000 4368114.00000 N.C.
445254.00000 4368118.00000 N.C.
445254.00000 4368122.00000 N.C.
445254.00000 4368126.00000 N.C.
445254.00000 4368130.00000 -120.3678
445254.00000 4368134.00000 N.C.
445254.00000 4368138.00000 N.C.
445254.00000 4368142.00000 N.C.
445254.00000 4368146.00000 -109.7355
445254.00000 4368150.00000 -114.0189
445254.00000 4368154.00000 -121.1276
445254.00000 4368158.00000 -116.7788
445254.00000 4368162.00000 N.C.
445254.00000 4368166.00000 N.C.
445254.00000 4368170.00000 N.C.
445254.00000 4368174.00000 N.C.
445254.00000 4368178.00000 N.C.
445254.00000 4368182.00000 N.C.
445254.00000 4368186.00000 N.C.
445254.00000 4368190.00000 N.C.
445254.00000 4368194.00000 N.C.
445254.00000 4368198.00000 -108.2166
445254.00000 4368202.00000 -110.3785
445254.00000 4368206.00000 N.C.
445254.00000 4368210.00000 N.C.
445254.00000 4368214.00000 -107.2647
445254.00000 4368218.00000 -109.8374
445254.00000 4368222.00000 -100.7380
445254.00000 4368226.00000 N.C.
445254.00000 4368230.00000 N.C.
445254.00000 4368234.00000 N.C.
445254.00000 4368238.00000 N.C.
445254.00000 4368242.00000 -133.1059
445254.00000 4368246.00000 N.C.
445254.00000 4368250.00000 -112.2073
445254.00000 4368254.00000 -112.0414
445254.00000 4368258.00000 -117.5664
445254.00000 4368262.00000 -124.9100
445254.00000 4368266.00000 -123.7600
445254.00000 4368270.00000 -122.8088
445254.00000 4368274.00000 -120.5567
445254.00000 4368278.00000 N.C.
445254.00000 4368282.00000 N.C.
445254.00000 4368286.00000 N.C.
445254.00000 4368290.00000 N.C.
445254.00000 4368294.00000 -129.7163
445254.00000 4368298.00000 -133.1841
445254.00000 4368302.00000 -132.5016
445254.00000 4368306.00000 -131.7511
445254.00000 4368310.00000 -135.2473
445254.00000 4368314.00000 N.C.
445254.00000 4368318.00000 -122.5461
445254.00000 4368322.00000 -122.3848
445254.00000 4368326.00000 -122.2275
445254.00000 4368330.00000 -120.0959
445254.00000 4368334.00000 -115.7231
445254.00000 4368338.00000 -116.3988
445254.00000 4368342.00000 N.C.
445254.00000 4368346.00000 -130.0304
445254.00000 4368350.00000 -125.7212
445254.00000 4368354.00000 N.C.
445254.00000 4368358.00000 N.C.
445254.00000 4368362.00000 N.C.
445254.00000 4368366.00000 N.C.
445254.00000 4368370.00000 -120.9659
445254.00000 4368374.00000 N.C.
445254.00000 4368378.00000 N.C.
445254.00000 4368382.00000 N.C.
445254.00000 4368386.00000 -135.7210
445254.00000 4368390.00000 -119.0484
445254.00000 4368394.00000 -112.5432
445258.00000 4367886.00000 -105.9943
445258.00000 4367890.00000 -105.8583
445258.00000 4367894.00000 -105.6939
445258.00000 4367898.00000 -105.4788
445258.00000 4367902.00000 -105.2992
445258.00000 4367906.00000 -105.1063
445258.00000 4367910.00000 -104.9196
445258.00000 4367914.00000 -104.3828
445258.00000 4367918.00000 -104.1899
445258.00000 4367922.00000 -104.0099
445258.00000 4367926.00000 -103.7779
445258.00000 4367930.00000 -103.9489
445258.00000 4367934.00000 -103.8738
445258.00000 4367938.00000 -103.7425
445258.00000 4367942.00000 -103.5213
445258.00000 4367946.00000 -103.3689
445258.00000 4367950.00000 -103.1443
445258.00000 4367954.00000 -102.9795
445258.00000 4367958.00000 -102.2446
445258.00000 4367962.00000 -102.5265
445258.00000 4367966.00000 -102.0727
445258.00000 4367970.00000 -101.8444
445258.00000 4367974.00000 -104.9372
445258.00000 4367978.00000 -100.9112
445258.00000 4367982.00000 -104.0854
445258.00000 4367986.00000 -104.6393
445258.00000 4367990.00000 -109.9152
445258.00000 4367994.00000 -107.2072
445258.00000 4367998.00000 -109.6320
445258.00000 4368002.00000 -109.2225
445258.00000 4368006.00000 -109.0241
445258.00000 4368010.00000 -111.1384
445258.00000 4368014.00000 -110.7448
445258.00000 4368018.00000 -110.2308
445258.00000 4368022.00000 -110.7593
445258.00000 4368026.00000 -108.4566
445258.00000 4368030.00000 -101.9406
445258.00000 4368034.00000 -97.9390
445258.00000 4368038.00000 -97.9900
445258.00000 4368042.00000 -97.7425
445258.00000 4368046.00000 -97.4599
445258.00000 4368050.00000 -97.1699
445258.00000 4368054.00000 -96.8948
445258.00000 4368058.00000 -96.4111
445258.00000 4368062.00000 -96.0245
445258.00000 4368066.00000 -96.0152
445258.00000 4368070.00000 -95.7199
445258.00000 4368074.00000 -93.8360
445258.00000 4368078.00000 -95.1627
445258.00000 4368082.00000 -94.8900
445258.00000 4368086.00000 -94.6187
445258.00000 4368090.00000 -94.1961
445258.00000 4368094.00000 -102.8026
445258.00000 4368098.00000 -108.6373
445258.00000 4368102.00000 -116.0243
445258.00000 4368106.00000 -103.3048
445258.00000 4368110.00000 -114.8953
445258.00000 4368114.00000 -130.1232
445258.00000 4368118.00000 -129.4531
445258.00000 4368122.00000 N.C.
445258.00000 4368126.00000 N.C.
445258.00000 4368130.00000 -120.6592
445258.00000 4368134.00000 N.C.
445258.00000 4368138.00000 -121.5818
445258.00000 4368142.00000 N.C.
445258.00000 4368146.00000 -107.4242
445258.00000 4368150.00000 -121.8243
445258.00000 4368154.00000 -107.8366
445258.00000 4368158.00000 -116.7362
445258.00000 4368162.00000 N.C.
445258.00000 4368166.00000 N.C.
445258.00000 4368170.00000 N.C.
445258.00000 4368174.00000 N.C.
445258.00000 4368178.00000 N.C.
445258.00000 4368182.00000 N.C.
445258.00000 4368186.00000 N.C.
445258.00000 4368190.00000 -116.4990
445258.00000 4368194.00000 -110.9184
445258.00000 4368198.00000 -109.9803
445258.00000 4368202.00000 -109.0115
445258.00000 4368206.00000 N.C.
445258.00000 4368210.00000 N.C.
445258.00000 4368214.00000 N.C.
445258.00000 4368218.00000 N.C.
445258.00000 4368222.00000 N.C.
445258.00000 4368226.00000 N.C.
445258.00000 4368230.00000 -123.5985
445258.00000 4368234.00000 -124.0018
445258.00000 4368238.00000 -123.2924
445258.00000 4368242.00000 -123.4989
445258.00000 4368246.00000 N.C.
445258.00000 4368250.00000 -112.0107
445258.00000 4368254.00000 -111.9922
445258.00000 4368258.00000 -116.9073
445258.00000 4368262.00000 -121.8217
445258.00000 4368266.00000 -123.1171
445258.00000 4368270.00000 -121.3353
445258.00000 4368274.00000 -120.0514
445258.00000 4368278.00000 -121.5998
445258.00000 4368282.00000 -120.8298
445258.00000 4368286.00000 N.C.
445258.00000 4368290.00000 N.C.
445258.00000 4368294.00000 -123.4858
445258.00000 4368298.00000 -123.3778
445258.00000 4368302.00000 -122.9338
445258.00000 4368306.00000 -123.1377
445258.00000 4368310.00000 -131.9377
445258.00000 4368314.00000 N.C.
445258.00000 4368318.00000 N.C.
445258.00000 4368322.00000 -123.1077
445258.00000 4368326.00000 -116.8017
445258.00000 4368330.00000 N.C.
445258.00000 4368334.00000 -120.5873
445258.00000 4368338.00000 -116.8723
445258.00000 4368342.00000 -129.0656
445258.00000 4368346.00000 -128.0697
445258.00000 4368350.00000 -127.8345
445258.00000 4368354.00000 N.C.
445258.00000 4368358.00000 N.C.
445258.00000 4368362.00000 N.C.
445258.00000 4368366.00000 N.C.
445258.00000 4368370.00000 -117.7812
445258.00000 4368374.00000 -121.1428
445258.00000 4368378.00000 -121.9666
445258.00000 4368382.00000 N.C.
445258.00000 4368386.00000 -136.0606
445258.00000 4368390.00000 -137.2567
445258.00000 4368394.00000 -130.5695
445262.00000 4367886.00000 -106.0736
445262.00000 4367890.00000 -105.8842
445262.00000 4367894.00000 -105.7222
445262.00000 4367898.00000 -105.5209
445262.00000 4367902.00000 -105.3376
445262.00000 4367906.00000 -104.7812
445262.00000 4367910.00000 -104.5497
445262.00000 4367914.00000 -104.3987
445262.00000 4367918.00000 -104.2907
445262.00000 4367922.00000 -104.4240
445262.00000 4367926.00000 -104.2263
445262.00000 4367930.00000 -104.0368
445262.00000 4367934.00000 -103.9935
445262.00000 4367938.00000 -103.8730
445262.00000 4367942.00000 -103.6684
445262.00000 4367946.00000 -103.4614
445262.00000 4367950.00000 -103.2098
445262.00000 4367954.00000 -102.5472
445262.00000 4367958.00000 -102.8200
445262.00000 4367962.00000 -102.5845
445262.00000 4367966.00000 -101.8774
445262.00000 4367970.00000 -99.7998
445262.00000 4367974.00000 -102.7741
445262.00000 4367978.00000 -104.6959
445262.00000 4367982.00000 -104.9743
445262.00000 4367986.00000 -101.9408
445262.00000 4367990.00000 -109.0992
445262.00000 4367994.00000 -109.0224
445262.00000 4367998.00000 -106.0136
445262.00000 4368002.00000 -109.4908
445262.00000 4368006.00000 -109.3535
445262.00000 4368010.00000 -108.9419
445262.00000 4368014.00000 -108.5088
445262.00000 4368018.00000 -107.2817
445262.00000 4368022.00000 -102.6344
445262.00000 4368026.00000 -98.7699
445262.00000 4368030.00000 -98.4459
445262.00000 4368034.00000 -98.4296
445262.00000 4368038.00000 -98.2314
445262.00000 4368042.00000 -97.9829
445262.00000 4368046.00000 -97.6927
445262.00000 4368050.00000 -97.4199
445262.00000 4368054.00000 -97.1324
445262.00000 4368058.00000 -96.5900
445262.00000 4368062.00000 -96.4681
445262.00000 4368066.00000 -96.2746
445262.00000 4368070.00000 -95.9887
445262.00000 4368074.00000 -95.2187
445262.00000 4368078.00000 -95.4904
445262.00000 4368082.00000 -95.2360
445262.00000 4368086.00000 -94.8265
445262.00000 4368090.00000 -94.2543
445262.00000 4368094.00000 -98.7714
445262.00000 4368098.00000 -110.7341
445262.00000 4368102.00000 -118.9263
445262.00000 4368106.00000 -114.2384
445262.00000 4368110.00000 -104.9579
445262.00000 4368114.00000 -116.0194
445262.00000 4368118.00000 -125.4967
445262.00000 4368122.00000 -129.6315
445262.00000 4368126.00000 -128.0675
445262.00000 4368130.00000 -119.2403
445262.00000 4368134.00000 -120.2258
445262.00000 4368138.00000 -119.8723
445262.00000 4368142.00000 N.C.
445262.00000 4368146.00000 N.C.
445262.00000 4368150.00000 N.C.
445262.00000 4368154.00000 N.C.
445262.00000 4368158.00000 N.C.
445262.00000 4368162.00000 N.C.
445262.00000 4368166.00000 N.C.
445262.00000 4368170.00000 N.C.
445262.00000 4368174.00000 N.C.
445262.00000 4368178.00000 N.C.
445262.00000 4368182.00000 N.C.
445262.00000 4368186.00000 N.C.
445262.00000 4368190.00000 -112.6545
445262.00000 4368194.00000 -113.9167
445262.00000 4368198.00000 -110.0745
445262.00000 4368202.00000 -108.9700
445262.00000 4368206.00000 -116.3376
445262.00000 4368210.00000 -127.2452
445262.00000 4368214.00000 N.C.
445262.00000 4368218.00000 N.C.
445262.00000 4368222.00000 N.C.
445262.00000 4368226.00000 N.C.
445262.00000 4368230.00000 N.C.
445262.00000 4368234.00000 N.C.
445262.00000 4368238.00000 -133.0855
445262.00000 4368242.00000 N.C.
445262.00000 4368246.00000 N.C.
445262.00000 4368250.00000 -112.2745
445262.00000 4368254.00000 -120.2305
445262.00000 4368258.00000 -117.3611
445262.00000 4368262.00000 -121.5220
445262.00000 4368266.00000 -123.2290
445262.00000 4368270.00000 -122.3302
445262.00000 4368274.00000 N.C.
445262.00000 4368278.00000 N.C.
445262.00000 4368282.00000 -122.0466
445262.00000 4368286.00000 N.C.
445262.00000 4368290.00000 N.C.
445262.00000 4368294.00000 -123.1257
445262.00000 4368298.00000 -122.7465
445262.00000 4368302.00000 -122.3959
445262.00000 4368306.00000 -129.3452
445262.00000 4368310.00000 -123.8218
445262.00000 4368314.00000 N.C.
445262.00000 4368318.00000 N.C.
445262.00000 4368322.00000 N.C.
445262.00000 4368326.00000 -121.3315
445262.00000 4368330.00000 N.C.
445262.00000 4368334.00000 -122.1771
445262.00000 4368338.00000 -123.4023
445262.00000 4368342.00000 -117.0346
445262.00000 4368346.00000 -130.5922
445262.00000 4368350.00000 -126.5483
445262.00000 4368354.00000 -110.5196
445262.00000 4368358.00000 -128.5759
445262.00000 4368362.00000 -119.8535
445262.00000 4368366.00000 -120.1164
445262.00000 4368370.00000 -120.4084
445262.00000 4368374.00000 -120.4725
445262.00000 4368378.00000 -120.7061
445262.00000 4368382.00000 N.C.
445262.00000 4368386.00000 -137.1471
445262.00000 4368390.00000 -139.2859
445262.00000 4368394.00000 -134.4972
445266.00000 4367886.00000 -106.1305
445266.00000 4367890.00000 -105.9800
445266.00000 4367894.00000 -105.8127
445266.00000 4367898.00000 -105.6085
445266.00000 4367902.00000 -105.0228
445266.00000 4367906.00000 -104.8583
445266.00000 4367910.00000 -104.6880
445266.00000 4367914.00000 -104.8838
445266.00000 4367918.00000 -104.6638
445266.00000 4367922.00000 -104.5419
445266.00000 4367926.00000 -104.3738
445266.00000 4367930.00000 -104.2249
445266.00000 4367934.00000 -104.0246
445266.00000 4367938.00000 -103.8575
445266.00000 4367942.00000 -103.7066
445266.00000 4367946.00000 -103.4847
445266.00000 4367950.00000 -103.2151
445266.00000 4367954.00000 -102.8701
445266.00000 4367958.00000 -102.6043
445266.00000 4367962.00000 -102.4379
445266.00000 4367966.00000 -102.2330
445266.00000 4367970.00000 -100.6492
445266.00000 4367974.00000 -104.9701
445266.00000 4367978.00000 -101.2024
445266.00000 4367982.00000 -105.2246
445266.00000 4367986.00000 -105.0645
445266.00000 4367990.00000 -103.8742
445266.00000 4367994.00000 -101.9184
445266.00000 4367998.00000 -104.2379
445266.00000 4368002.00000 -104.2968
445266.00000 4368006.00000 -104.0944
445266.00000 4368010.00000 -103.5470
445266.00000 4368014.00000 -103.4053
445266.00000 4368018.00000 -100.3754
445266.00000 4368022.00000 -99.1967
445266.00000 4368026.00000 -98.9376
445266.00000 4368030.00000 -98.8784
445266.00000 4368034.00000 -98.6898
445266.00000 4368038.00000 -98.4574
445266.00000 4368042.00000 -98.2007
445266.00000 4368046.00000 -97.9430
445266.00000 4368050.00000 -97.6701
445266.00000 4368054.00000 -97.3828
445266.00000 4368058.00000 -96.9001
445266.00000 4368062.00000 -96.7503
445266.00000 4368066.00000 -96.5584
445266.00000 4368070.00000 -96.2996
445266.00000 4368074.00000 -95.5437
445266.00000 4368078.00000 -95.8266
445266.00000 4368082.00000 -95.4082
445266.00000 4368086.00000 -94.0082
445266.00000 4368090.00000 -98.9491
445266.00000 4368094.00000 -109.2244
445266.00000 4368098.00000 -118.1544
445266.00000 4368102.00000 -120.3399
445266.00000 4368106.00000 -117.4702
445266.00000 4368110.00000 -109.1876
445266.00000 4368114.00000 -105.4246
445266.00000 4368118.00000 -120.9150
445266.00000 4368122.00000 -126.1715
445266.00000 4368126.00000 -126.3373
445266.00000 4368130.00000 -119.9410
445266.00000 4368134.00000 -119.6390
445266.00000 4368138.00000 -117.2858
445266.00000 4368142.00000 -124.4686
445266.00000 4368146.00000 -125.5051
445266.00000 4368150.00000 -127.6230
445266.00000 4368154.00000 -126.7075
445266.00000 4368158.00000 -127.8390
445266.00000 4368162.00000 -126.0266
445266.00000 4368166.00000 -126.4829
445266.00000 4368170.00000 N.C.
445266.00000 4368174.00000 N.C.
445266.00000 4368178.00000 N.C.
445266.00000 4368182.00000 N.C.
445266.00000 4368186.00000 N.C.
445266.00000 4368190.00000 -114.2672
445266.00000 4368194.00000 -113.7094
445266.00000 4368198.00000 -108.9872
445266.00000 4368202.00000 -109.2050
445266.00000 4368206.00000 -108.9189
445266.00000 4368210.00000 N.C.
445266.00000 4368214.00000 N.C.
445266.00000 4368218.00000 -134.5540
445266.00000 4368222.00000 N.C.
445266.00000 4368226.00000 N.C.
445266.00000 4368230.00000 N.C.
445266.00000 4368234.00000 -128.1951
445266.00000 4368238.00000 -126.6271
445266.00000 4368242.00000 N.C.
445266.00000 4368246.00000 -112.3057
445266.00000 4368250.00000 -112.6521
445266.00000 4368254.00000 -124.5975
445266.00000 4368258.00000 -118.0909
445266.00000 4368262.00000 -124.2841
445266.00000 4368266.00000 -120.8789
445266.00000 4368270.00000 -122.1406
445266.00000 4368274.00000 N.C.
445266.00000 4368278.00000 N.C.
445266.00000 4368282.00000 -130.3441
445266.00000 4368286.00000 N.C.
445266.00000 4368290.00000 -123.8549
445266.00000 4368294.00000 -123.4191
445266.00000 4368298.00000 -129.2042
445266.00000 4368302.00000 -128.5549
445266.00000 4368306.00000 -128.0269
445266.00000 4368310.00000 -123.0572
445266.00000 4368314.00000 N.C.
445266.00000 4368318.00000 -150.5995
445266.00000 4368322.00000 -155.8032
445266.00000 4368326.00000 N.C.
445266.00000 4368330.00000 -123.1654
445266.00000 4368334.00000 N.C.
445266.00000 4368338.00000 -126.3817
445266.00000 4368342.00000 -122.2092
445266.00000 4368346.00000 -117.1289
445266.00000 4368350.00000 N.C.
445266.00000 4368354.00000 -146.0697
445266.00000 4368358.00000 N.C.
445266.00000 4368362.00000 -144.3309
445266.00000 4368366.00000 N.C.
445266.00000 4368370.00000 N.C.
445266.00000 4368374.00000 N.C.
445266.00000 4368378.00000 -142.2643
445266.00000 4368382.00000 -119.9030
445266.00000 4368386.00000 -130.1487
445266.00000 4368390.00000 -132.3407
445266.00000 4368394.00000 -132.5529
445270.00000 4367886.00000 -106.1692
445270.00000 4367890.00000 -106.0172
445270.00000 4367894.00000 -105.4838
445270.00000 4367898.00000 -105.2554
445270.00000 4367902.00000 -105.0935
445270.00000 4367906.00000 -104.9380
445270.00000 4367910.00000 -105.0858
445270.00000 4367914.00000 -104.9473
445270.00000 4367918.00000 -104.8101
445270.00000 4367922.00000 -104.6000
445270.00000 4367926.00000 -104.4867
445270.00000 4367930.00000 -104.3219
445270.00000 4367934.00000 -104.1616
445270.00000 4367938.00000 -103.9871
445270.00000 4367942.00000 -103.7050
445270.00000 4367946.00000 -103.4750
445270.00000 4367950.00000 -102.7829
445270.00000 4367954.00000 -102.9273
445270.00000 4367958.00000 -102.6556
445270.00000 4367962.00000 -102.5118
445270.00000 4367966.00000 -102.1403
445270.00000 4367970.00000 -99.5727
445270.00000 4367974.00000 -100.7991
445270.00000 4367978.00000 -100.5584
445270.00000 4367982.00000 -100.0326
445270.00000 4367986.00000 -98.8133
445270.00000 4367990.00000 -104.9403
445270.00000 4367994.00000 -104.4329
445270.00000 4367998.00000 -104.6177
445270.00000 4368002.00000 -104.0090
445270.00000 4368006.00000 -103.9001
445270.00000 4368010.00000 -101.4671
445270.00000 4368014.00000 -99.4304
445270.00000 4368018.00000 -99.6257
445270.00000 4368022.00000 -99.3556
445270.00000 4368026.00000 -99.1086
445270.00000 4368030.00000 -99.0826
445270.00000 4368034.00000 -98.9045
445270.00000 4368038.00000 -98.6654
445270.00000 4368042.00000 -98.4357
445270.00000 4368046.00000 -98.1716
445270.00000 4368050.00000 -97.9250
445270.00000 4368054.00000 -97.6064
445270.00000 4368058.00000 -97.0909
445270.00000 4368062.00000 -97.0160
445270.00000 4368066.00000 -96.8324
445270.00000 4368070.00000 -96.5213
445270.00000 4368074.00000 -96.2208
445270.00000 4368078.00000 -96.0263
445270.00000 4368082.00000 -95.6949
445270.00000 4368086.00000 -104.3325
445270.00000 4368090.00000 -105.4546
445270.00000 4368094.00000 -109.7073
445270.00000 4368098.00000 -119.3290
445270.00000 4368102.00000 -120.6961
445270.00000 4368106.00000 -119.4033
445270.00000 4368110.00000 -117.2387
445270.00000 4368114.00000 -109.5408
445270.00000 4368118.00000 -105.9482
445270.00000 4368122.00000 -121.2419
445270.00000 4368126.00000 -124.5506
445270.00000 4368130.00000 -115.0828
445270.00000 4368134.00000 -119.0068
445270.00000 4368138.00000 -117.5598
445270.00000 4368142.00000 -115.7685
445270.00000 4368146.00000 -124.2843
445270.00000 4368150.00000 -124.3736
445270.00000 4368154.00000 -121.3874
445270.00000 4368158.00000 -125.0956
445270.00000 4368162.00000 -126.2485
445270.00000 4368166.00000 -125.0838
445270.00000 4368170.00000 -125.4654
445270.00000 4368174.00000 -125.2698
445270.00000 4368178.00000 -128.0248
445270.00000 4368182.00000 -128.2713
445270.00000 4368186.00000 -115.4863
445270.00000 4368190.00000 -113.2968
445270.00000 4368194.00000 -104.2603
445270.00000 4368198.00000 -117.7797
445270.00000 4368202.00000 -115.4783
445270.00000 4368206.00000 -107.8597
445270.00000 4368210.00000 -114.0849
445270.00000 4368214.00000 -123.9183
445270.00000 4368218.00000 N.C.
445270.00000 4368222.00000 N.C.
445270.00000 4368226.00000 -128.1988
445270.00000 4368230.00000 -127.3773
445270.00000 4368234.00000 -125.4941
445270.00000 4368238.00000 N.C.
445270.00000 4368242.00000 N.C.
445270.00000 4368246.00000 -113.0545
445270.00000 4368250.00000 -123.6671
445270.00000 4368254.00000 -124.7680
445270.00000 4368258.00000 -125.8312
445270.00000 4368262.00000 N.C.
445270.00000 4368266.00000 N.C.
445270.00000 4368270.00000 -132.3496
445270.00000 4368274.00000 N.C.
445270.00000 4368278.00000 -122.9934
445270.00000 4368282.00000 -121.7634
445270.00000 4368286.00000 -124.1329
445270.00000 4368290.00000 -122.7137
445270.00000 4368294.00000 -128.1527
445270.00000 4368298.00000 -128.3277
445270.00000 4368302.00000 -128.5736
445270.00000 4368306.00000 -128.5691
445270.00000 4368310.00000 N.C.
445270.00000 4368314.00000 N.C.
445270.00000 4368318.00000 -141.3183
445270.00000 4368322.00000 -137.0057
445270.00000 4368326.00000 N.C.
445270.00000 4368330.00000 -123.3649
445270.00000 4368334.00000 -140.8232
445270.00000 4368338.00000 -134.1706
445270.00000 4368342.00000 -126.8045
445270.00000 4368346.00000 -123.3735
445270.00000 4368350.00000 N.C.
445270.00000 4368354.00000 -130.1556
445270.00000 4368358.00000 N.C.
445270.00000 4368362.00000 -138.6283
445270.00000 4368366.00000 -124.7219
445270.00000 4368370.00000 -126.4753
445270.00000 4368374.00000 N.C.
445270.00000 4368378.00000 -142.6720
445270.00000 4368382.00000 -135.0928
445270.00000 4368386.00000 -127.5443
445270.00000 4368390.00000 -122.7585
445270.00000 4368394.00000 -117.3246
445274.00000 4367886.00000 -105.8521
445274.00000 4367890.00000 -105.7007
445274.00000 4367894.00000 -105.4902
445274.00000 4367898.00000 -105.3361
445274.00000 4367902.00000 -105.1493
445274.00000 4367906.00000 -105.3103
445274.00000 4367910.00000 -105.1609
445274.00000 4367914.00000 -105.0699
445274.00000 4367918.00000 -104.9430
445274.00000 4367922.00000 -104.7691
445274.00000 4367926.00000 -104.5774
445274.00000 4367930.00000 -104.4230
445274.00000 4367934.00000 -104.1747
445274.00000 4367938.00000 -103.9530
445274.00000 4367942.00000 -103.3505
445274.00000 4367946.00000 -103.3509
445274.00000 4367950.00000 -103.1971
445274.00000 4367954.00000 -102.9546
445274.00000 4367958.00000 -102.8580
445274.00000 4367962.00000 -102.1822
445274.00000 4367966.00000 -102.0378
445274.00000 4367970.00000 -101.8921
445274.00000 4367974.00000 -100.5378
445274.00000 4367978.00000 -99.8972
445274.00000 4367982.00000 -101.4944
445274.00000 4367986.00000 -101.2550
445274.00000 4367990.00000 -100.9889
445274.00000 4367994.00000 -100.7876
445274.00000 4367998.00000 -100.7267
445274.00000 4368002.00000 -98.4739
445274.00000 4368006.00000 -98.2763
445274.00000 4368010.00000 -100.2549
445274.00000 4368014.00000 -100.1947
445274.00000 4368018.00000 -99.8595
445274.00000 4368022.00000 -99.5895
445274.00000 4368026.00000 -99.5160
445274.00000 4368030.00000 -99.3322
445274.00000 4368034.00000 -99.1297
445274.00000 4368038.00000 -98.8971
445274.00000 4368042.00000 -98.6451
445274.00000 4368046.00000 -98.4145
445274.00000 4368050.00000 -98.1344
445274.00000 4368054.00000 -97.7639
445274.00000 4368058.00000 -97.2093
445274.00000 4368062.00000 -97.2913
445274.00000 4368066.00000 -97.0936
445274.00000 4368070.00000 -96.3883
445274.00000 4368074.00000 -96.5926
445274.00000 4368078.00000 -96.3179
445274.00000 4368082.00000 -95.7817
445274.00000 4368086.00000 -99.9329
445274.00000 4368090.00000 -108.6299
445274.00000 4368094.00000 -120.0829
445274.00000 4368098.00000 -119.2597
445274.00000 4368102.00000 -120.2096
445274.00000 4368106.00000 -121.4942
445274.00000 4368110.00000 N.C.
445274.00000 4368114.00000 -116.4080
445274.00000 4368118.00000 -104.9120
445274.00000 4368122.00000 -106.1784
445274.00000 4368126.00000 -120.1899
445274.00000 4368130.00000 -117.3969
445274.00000 4368134.00000 N.C.
445274.00000 4368138.00000 N.C.
445274.00000 4368142.00000 N.C.
445274.00000 4368146.00000 N.C.
445274.00000 4368150.00000 N.C.
445274.00000 4368154.00000 -119.4484
445274.00000 4368158.00000 -123.8459
445274.00000 4368162.00000 -120.4051
445274.00000 4368166.00000 -124.7895
445274.00000 4368170.00000 -124.5856
445274.00000 4368174.00000 -124.4956
445274.00000 4368178.00000 -123.3716
445274.00000 4368182.00000 -118.7318
445274.00000 4368186.00000 -115.4454
445274.00000 4368190.00000 -105.3227
445274.00000 4368194.00000 -114.2751
445274.00000 4368198.00000 -114.8187
445274.00000 4368202.00000 -119.8441
445274.00000 4368206.00000 -111.7639
445274.00000 4368210.00000 -110.2317
445274.00000 4368214.00000 N.C.
445274.00000 4368218.00000 N.C.
445274.00000 4368222.00000 N.C.
445274.00000 4368226.00000 -127.5569
445274.00000 4368230.00000 N.C.
445274.00000 4368234.00000 -123.9964
445274.00000 4368238.00000 N.C.
445274.00000 4368242.00000 N.C.
445274.00000 4368246.00000 -113.2470
445274.00000 4368250.00000 -126.7543
445274.00000 4368254.00000 -125.8041
445274.00000 4368258.00000 N.C.
445274.00000 4368262.00000 N.C.
445274.00000 4368266.00000 N.C.
445274.00000 4368270.00000 N.C.
445274.00000 4368274.00000 N.C.
445274.00000 4368278.00000 N.C.
445274.00000 4368282.00000 N.C.
445274.00000 4368286.00000 N.C.
445274.00000 4368290.00000 -132.3658
445274.00000 4368294.00000 -126.1298
445274.00000 4368298.00000 -124.7726
445274.00000 4368302.00000 -125.1083
445274.00000 4368306.00000 -123.9297
445274.00000 4368310.00000 -124.3075
445274.00000 4368314.00000 -125.8001
445274.00000 4368318.00000 -122.6435
445274.00000 4368322.00000 -127.7972
445274.00000 4368326.00000 N.C.
445274.00000 4368330.00000 N.C.
445274.00000 4368334.00000 N.C.
445274.00000 4368338.00000 -126.1682
445274.00000 4368342.00000 -124.2461
445274.00000 4368346.00000 -125.3889
445274.00000 4368350.00000 -123.0681
445274.00000 4368354.00000 N.C.
445274.00000 4368358.00000 N.C.
445274.00000 4368362.00000 N.C.
445274.00000 4368366.00000 -129.1024
445274.00000 4368370.00000 -124.0254
445274.00000 4368374.00000 N.C.
445274.00000 4368378.00000 N.C.
445274.00000 4368382.00000 N.C.
445274.00000 4368386.00000 -126.0406
445274.00000 4368390.00000 -125.0105
445274.00000 4368394.00000 -122.9915
445278.00000 4367886.00000 -105.9150
445278.00000 4367890.00000 -105.7444
445278.00000 4367894.00000 -105.5480
445278.00000 4367898.00000 -105.7186
445278.00000 4367902.00000 -105.5724
445278.00000 4367906.00000 -105.4531
445278.00000 4367910.00000 -105.3115
445278.00000 4367914.00000 -105.1994
445278.00000 4367918.00000 -105.0405
445278.00000 4367922.00000 -104.8554
445278.00000 4367926.00000 -104.6376
445278.00000 4367930.00000 -104.3675
445278.00000 4367934.00000 -104.1985
445278.00000 4367938.00000 -104.0119
445278.00000 4367942.00000 -103.3815
445278.00000 4367946.00000 -103.4449
445278.00000 4367950.00000 -103.3147
445278.00000 4367954.00000 -102.4206
445278.00000 4367958.00000 -102.4867
445278.00000 4367962.00000 -102.3300
445278.00000 4367966.00000 -102.3539
445278.00000 4367970.00000 -101.6891
445278.00000 4367974.00000 -101.7343
445278.00000 4367978.00000 -101.8494
445278.00000 4367982.00000 -101.5812
445278.00000 4367986.00000 -101.4211
445278.00000 4367990.00000 -101.1105
445278.00000 4367994.00000 -101.0842
445278.00000 4367998.00000 -100.8930
445278.00000 4368002.00000 -100.0226
445278.00000 4368006.00000 -100.6331
445278.00000 4368010.00000 -100.5892
445278.00000 4368014.00000 -100.4022
445278.00000 4368018.00000 -99.9846
445278.00000 4368022.00000 -99.8603
445278.00000 4368026.00000 -99.7059
445278.00000 4368030.00000 -99.5561
445278.00000 4368034.00000 -99.3371
445278.00000 4368038.00000 -99.1076
445278.00000 4368042.00000 -98.8779
445278.00000 4368046.00000 -98.6135
445278.00000 4368050.00000 -98.3537
445278.00000 4368054.00000 -98.0118
445278.00000 4368058.00000 -97.4343
445278.00000 4368062.00000 -97.5444
445278.00000 4368066.00000 -97.3882
445278.00000 4368070.00000 -95.6333
445278.00000 4368074.00000 -96.7602
445278.00000 4368078.00000 -95.4631
445278.00000 4368082.00000 -104.9277
445278.00000 4368086.00000 -105.8195
445278.00000 4368090.00000 -117.4733
445278.00000 4368094.00000 -118.2834
445278.00000 4368098.00000 -118.9156
445278.00000 4368102.00000 -119.7795
445278.00000 4368106.00000 -121.5047
445278.00000 4368110.00000 -123.3856
445278.00000 4368114.00000 -124.2574
445278.00000 4368118.00000 -115.1820
445278.00000 4368122.00000 -106.3102
445278.00000 4368126.00000 -113.0270
445278.00000 4368130.00000 N.C.
445278.00000 4368134.00000 N.C.
445278.00000 4368138.00000 N.C.
445278.00000 4368142.00000 N.C.
445278.00000 4368146.00000 N.C.
445278.00000 4368150.00000 N.C.
445278.00000 4368154.00000 N.C.
445278.00000 4368158.00000 N.C.
445278.00000 4368162.00000 N.C.
445278.00000 4368166.00000 N.C.
445278.00000 4368170.00000 N.C.
445278.00000 4368174.00000 N.C.
445278.00000 4368178.00000 -118.0820
445278.00000 4368182.00000 -111.9281
445278.00000 4368186.00000 -106.7802
445278.00000 4368190.00000 -120.7905
445278.00000 4368194.00000 -114.2292
445278.00000 4368198.00000 -114.5712
445278.00000 4368202.00000 -118.3577
445278.00000 4368206.00000 N.C.
445278.00000 4368210.00000 -110.6433
445278.00000 4368214.00000 -119.1791
445278.00000 4368218.00000 -135.0329
445278.00000 4368222.00000 -131.7396
445278.00000 4368226.00000 N.C.
445278.00000 4368230.00000 N.C.
445278.00000 4368234.00000 N.C.
445278.00000 4368238.00000 N.C.
445278.00000 4368242.00000 N.C.
445278.00000 4368246.00000 -125.2637
445278.00000 4368250.00000 -127.4542
445278.00000 4368254.00000 N.C.
445278.00000 4368258.00000 N.C.
445278.00000 4368262.00000 N.C.
445278.00000 4368266.00000 N.C.
445278.00000 4368270.00000 -130.6453
445278.00000 4368274.00000 -131.0564
445278.00000 4368278.00000 -131.0974
445278.00000 4368282.00000 N.C.
445278.00000 4368286.00000 N.C.
445278.00000 4368290.00000 -133.5088
445278.00000 4368294.00000 -132.6892
445278.00000 4368298.00000 N.C.
445278.00000 4368302.00000 -128.2573
445278.00000 4368306.00000 -127.4354
445278.00000 4368310.00000 N.C.
445278.00000 4368314.00000 N.C.
445278.00000 4368318.00000 -124.5171
445278.00000 4368322.00000 -123.9554
445278.00000 4368326.00000 -124.0588
445278.00000 4368330.00000 N.C.
445278.00000 4368334.00000 N.C.
445278.00000 4368338.00000 -123.8599
445278.00000 4368342.00000 -123.7193
445278.00000 4368346.00000 -121.9106
445278.00000 4368350.00000 -122.4054
445278.00000 4368354.00000 -121.7375
445278.00000 4368358.00000 N.C.
445278.00000 4368362.00000 N.C.
445278.00000 4368366.00000 N.C.
445278.00000 4368370.00000 N.C.
445278.00000 4368374.00000 N.C.
445278.00000 4368378.00000 N.C.
445278.00000 4368382.00000 N.C.
445278.00000 4368386.00000 -142.7692
445278.00000 4368390.00000 -124.2074
445278.00000 4368394.00000 -121.4766
445282.00000 4367886.00000 -105.9432
445282.00000 4367890.00000 -106.1814
445282.00000 4367894.00000 -105.9682
445282.00000 4367898.00000 -105.8355
445282.00000 4367902.00000 -105.7032
445282.00000 4367906.00000 -105.5757
445282.00000 4367910.00000 -105.4306
445282.00000 4367914.00000 -105.2298
445282.00000 4367918.00000 -105.0561
445282.00000 4367922.00000 -104.8654
445282.00000 4367926.00000 -104.6088
445282.00000 4367930.00000 -104.3721
445282.00000 4367934.00000 -104.3062
445282.00000 4367938.00000 -104.1178
445282.00000 4367942.00000 -103.8143
445282.00000 4367946.00000 -103.4468
445282.00000 4367950.00000 -103.2928
445282.00000 4367954.00000 -103.1089
445282.00000 4367958.00000 -102.9019
445282.00000 4367962.00000 -102.4423
445282.00000 4367966.00000 -102.3659
445282.00000 4367970.00000 -102.6529
445282.00000 4367974.00000 -102.4128
445282.00000 4367978.00000 -102.2085
445282.00000 4367982.00000 -101.6670
445282.00000 4367986.00000 -101.4021
445282.00000 4367990.00000 -101.2598
445282.00000 4367994.00000 -101.2424
445282.00000 4367998.00000 -100.9648
445282.00000 4368002.00000 -101.2615
445282.00000 4368006.00000 -100.9608
445282.00000 4368010.00000 -100.7836
445282.00000 4368014.00000 -100.4295
445282.00000 4368018.00000 -100.1650
445282.00000 4368022.00000 -100.1201
445282.00000 4368026.00000 -99.9627
445282.00000 4368030.00000 -99.7573
445282.00000 4368034.00000 -99.5440
445282.00000 4368038.00000 -99.3208
445282.00000 4368042.00000 -99.0658
445282.00000 4368046.00000 -98.8271
445282.00000 4368050.00000 -98.5714
445282.00000 4368054.00000 -98.2448
445282.00000 4368058.00000 -97.7127
445282.00000 4368062.00000 -97.8019
445282.00000 4368066.00000 -97.6115
445282.00000 4368070.00000 -96.8515
445282.00000 4368074.00000 -97.0490
445282.00000 4368078.00000 -101.6733
445282.00000 4368082.00000 -100.3926
445282.00000 4368086.00000 -111.5774
445282.00000 4368090.00000 -118.9322
445282.00000 4368094.00000 -117.6132
445282.00000 4368098.00000 -116.4085
445282.00000 4368102.00000 -118.6479
445282.00000 4368106.00000 -121.1875
445282.00000 4368110.00000 -108.6475
445282.00000 4368114.00000 -122.8984
445282.00000 4368118.00000 -122.2107
445282.00000 4368122.00000 -109.3171
445282.00000 4368126.00000 -106.3271
445282.00000 4368130.00000 N.C.
445282.00000 4368134.00000 N.C.
445282.00000 4368138.00000 N.C.
445282.00000 4368142.00000 N.C.
445282.00000 4368146.00000 N.C.
445282.00000 4368150.00000 N.C.
445282.00000 4368154.00000 N.C.
445282.00000 4368158.00000 N.C.
445282.00000 4368162.00000 N.C.
445282.00000 4368166.00000 N.C.
445282.00000 4368170.00000 N.C.
445282.00000 4368174.00000 N.C.
445282.00000 4368178.00000 N.C.
445282.00000 4368182.00000 -107.3134
445282.00000 4368186.00000 N.C.
445282.00000 4368190.00000 N.C.
445282.00000 4368194.00000 -115.3475
445282.00000 4368198.00000 -114.3074
445282.00000 4368202.00000 -113.6821
445282.00000 4368206.00000 N.C.
445282.00000 4368210.00000 N.C.
445282.00000 4368214.00000 N.C.
445282.00000 4368218.00000 N.C.
445282.00000 4368222.00000 N.C.
445282.00000 4368226.00000 -119.5329
445282.00000 4368230.00000 N.C.
445282.00000 4368234.00000 N.C.
445282.00000 4368238.00000 N.C.
445282.00000 4368242.00000 N.C.
445282.00000 4368246.00000 -123.5729
445282.00000 4368250.00000 -127.3731
445282.00000 4368254.00000 N.C.
445282.00000 4368258.00000 N.C.
445282.00000 4368262.00000 -130.4726
445282.00000 4368266.00000 N.C.
445282.00000 4368270.00000 -130.8655
445282.00000 4368274.00000 -131.7211
445282.00000 4368278.00000 -129.7607
445282.00000 4368282.00000 N.C.
445282.00000 4368286.00000 -135.2892
445282.00000 4368290.00000 -132.6235
445282.00000 4368294.00000 -131.4131
445282.00000 4368298.00000 -129.3892
445282.00000 4368302.00000 -128.2816
445282.00000 4368306.00000 -126.8786
445282.00000 4368310.00000 N.C.
445282.00000 4368314.00000 N.C.
445282.00000 4368318.00000 -123.9702
445282.00000 4368322.00000 -127.4009
445282.00000 4368326.00000 -127.0755
445282.00000 4368330.00000 N.C.
445282.00000 4368334.00000 -140.0141
445282.00000 4368338.00000 -124.5207
445282.00000 4368342.00000 -122.8446
445282.00000 4368346.00000 N.C.
445282.00000 4368350.00000 N.C.
445282.00000 4368354.00000 N.C.
445282.00000 4368358.00000 N.C.
445282.00000 4368362.00000 -136.9798
445282.00000 4368366.00000 N.C.
445282.00000 4368370.00000 -133.9799
445282.00000 4368374.00000 -131.0848
445282.00000 4368378.00000 N.C.
445282.00000 4368382.00000 N.C.
445282.00000 4368386.00000 -141.2084
445282.00000 4368390.00000 -122.5105
445282.00000 4368394.00000 -121.3876
445286.00000 4367886.00000 -106.4059
445286.00000 4367890.00000 -106.2212
445286.00000 4367894.00000 -106.0484
445286.00000 4367898.00000 -105.9394
445286.00000 4367902.00000 -105.8070
445286.00000 4367906.00000 -105.6115
445286.00000 4367910.00000 -105.4392
445286.00000 4367914.00000 -105.2881
445286.00000 4367918.00000 -105.0444
445286.00000 4367922.00000 -104.8527
445286.00000 4367926.00000 -104.6650
445286.00000 4367930.00000 -103.9998
445286.00000 4367934.00000 -104.4022
445286.00000 4367938.00000 -104.1475
445286.00000 4367942.00000 -103.9521
445286.00000 4367946.00000 -103.4891
445286.00000 4367950.00000 -103.3579
445286.00000 4367954.00000 -102.9831
445286.00000 4367958.00000 -102.6152
445286.00000 4367962.00000 -103.0969
445286.00000 4367966.00000 -102.9417
445286.00000 4367970.00000 -102.6649
445286.00000 4367974.00000 -102.5513
445286.00000 4367978.00000 -102.3206
445286.00000 4367982.00000 -102.0739
445286.00000 4367986.00000 -101.8352
445286.00000 4367990.00000 -101.7600
445286.00000 4367994.00000 -101.3086
445286.00000 4367998.00000 -101.6159
445286.00000 4368002.00000 -101.4008
445286.00000 4368006.00000 -101.1862
445286.00000 4368010.00000 -100.9538
445286.00000 4368014.00000 -100.5399
445286.00000 4368018.00000 -100.5136
445286.00000 4368022.00000 -100.3656
445286.00000 4368026.00000 -100.1510
445286.00000 4368030.00000 -99.9518
445286.00000 4368034.00000 -99.7452
445286.00000 4368038.00000 -99.4937
445286.00000 4368042.00000 -99.2607
445286.00000 4368046.00000 -99.0403
445286.00000 4368050.00000 -98.8151
445286.00000 4368054.00000 -98.4788
445286.00000 4368058.00000 -97.9575
445286.00000 4368062.00000 -98.1955
445286.00000 4368066.00000 -97.9095
445286.00000 4368070.00000 -97.0875
445286.00000 4368074.00000 -95.6672
445286.00000 4368078.00000 -100.5096
445286.00000 4368082.00000 -107.2146
445286.00000 4368086.00000 -113.5831
445286.00000 4368090.00000 -119.7594
445286.00000 4368094.00000 -118.6638
445286.00000 4368098.00000 -118.5333
445286.00000 4368102.00000 -120.5475
445286.00000 4368106.00000 -120.3949
445286.00000 4368110.00000 -108.2826
445286.00000 4368114.00000 -120.4558
445286.00000 4368118.00000 -122.7205
445286.00000 4368122.00000 -115.0594
445286.00000 4368126.00000 -105.5442
445286.00000 4368130.00000 N.C.
445286.00000 4368134.00000 N.C.
445286.00000 4368138.00000 N.C.
445286.00000 4368142.00000 N.C.
445286.00000 4368146.00000 N.C.
445286.00000 4368150.00000 N.C.
445286.00000 4368154.00000 N.C.
445286.00000 4368158.00000 N.C.
445286.00000 4368162.00000 N.C.
445286.00000 4368166.00000 N.C.
445286.00000 4368170.00000 N.C.
445286.00000 4368174.00000 N.C.
445286.00000 4368178.00000 N.C.
445286.00000 4368182.00000 -123.1627
445286.00000 4368186.00000 N.C.
445286.00000 4368190.00000 N.C.
445286.00000 4368194.00000 -116.2857
445286.00000 4368198.00000 -114.5714
445286.00000 4368202.00000 -113.9093
445286.00000 4368206.00000 -114.8106
445286.00000 4368210.00000 -114.7391
445286.00000 4368214.00000 -115.3004
445286.00000 4368218.00000 -110.8295
445286.00000 4368222.00000 -127.5461
445286.00000 4368226.00000 -117.2843
445286.00000 4368230.00000 -119.9490
445286.00000 4368234.00000 -120.2069
445286.00000 4368238.00000 N.C.
445286.00000 4368242.00000 N.C.
445286.00000 4368246.00000 -127.8307
445286.00000 4368250.00000 -125.2433
445286.00000 4368254.00000 N.C.
445286.00000 4368258.00000 N.C.
445286.00000 4368262.00000 -127.5113
445286.00000 4368266.00000 N.C.
445286.00000 4368270.00000 N.C.
445286.00000 4368274.00000 N.C.
445286.00000 4368278.00000 -129.0082
445286.00000 4368282.00000 N.C.
445286.00000 4368286.00000 N.C.
445286.00000 4368290.00000 -130.7451
445286.00000 4368294.00000 -128.0763
445286.00000 4368298.00000 -127.9273
445286.00000 4368302.00000 -126.9347
445286.00000 4368306.00000 -126.2595
445286.00000 4368310.00000 N.C.
445286.00000 4368314.00000 N.C.
445286.00000 4368318.00000 -123.9082
445286.00000 4368322.00000 -123.7966
445286.00000 4368326.00000 -134.0273
445286.00000 4368330.00000 N.C.
445286.00000 4368334.00000 -135.8138
445286.00000 4368338.00000 -125.8892
445286.00000 4368342.00000 -124.6151
445286.00000 4368346.00000 N.C.
445286.00000 4368350.00000 N.C.
445286.00000 4368354.00000 N.C.
445286.00000 4368358.00000 N.C.
445286.00000 4368362.00000 -143.0974
445286.00000 4368366.00000 N.C.
445286.00000 4368370.00000 N.C.
445286.00000 4368374.00000 N.C.
445286.00000 4368378.00000 N.C.
445286.00000 4368382.00000 -145.4138
445286.00000 4368386.00000 -136.8943
445286.00000 4368390.00000 -124.3144
445286.00000 4368394.00000 -121.1784
445290.00000 4367886.00000 -106.4274
445290.00000 4367890.00000 -106.2988
445290.00000 4367894.00000 -106.2088
445290.00000 4367898.00000 -105.9902
445290.00000 4367902.00000 -105.8219
445290.00000 4367906.00000 -105.6297
445290.00000 4367910.00000 -105.5295
445290.00000 4367914.00000 -105.2766
445290.00000 4367918.00000 -105.1288
445290.00000 4367922.00000 -104.9024
445290.00000 4367926.00000 -104.7415
445290.00000 4367930.00000 -104.4936
445290.00000 4367934.00000 -104.4765
445290.00000 4367938.00000 -104.3134
445290.00000 4367942.00000 -104.1345
445290.00000 4367946.00000 -103.7226
445290.00000 4367950.00000 -103.1441
445290.00000 4367954.00000 -103.5282
445290.00000 4367958.00000 -103.3923
445290.00000 4367962.00000 -103.2387
445290.00000 4367966.00000 -103.0721
445290.00000 4367970.00000 -102.7843
445290.00000 4367974.00000 -102.6354
445290.00000 4367978.00000 -102.3335
445290.00000 4367982.00000 -102.2614
445290.00000 4367986.00000 -101.7996
445290.00000 4367990.00000 -102.1444
445290.00000 4367994.00000 -101.9570
445290.00000 4367998.00000 -101.7558
445290.00000 4368002.00000 -101.5515
445290.00000 4368006.00000 -101.3520
445290.00000 4368010.00000 -100.9310
445290.00000 4368014.00000 -100.8192
445290.00000 4368018.00000 -100.6906
445290.00000 4368022.00000 -100.5460
445290.00000 4368026.00000 -100.3578
445290.00000 4368030.00000 -100.1515
445290.00000 4368034.00000 -99.9166
445290.00000 4368038.00000 -99.6952
445290.00000 4368042.00000 -99.5128
445290.00000 4368046.00000 -99.2625
445290.00000 4368050.00000 -99.0528
445290.00000 4368054.00000 -98.7186
445290.00000 4368058.00000 -98.2132
445290.00000 4368062.00000 -98.4532
445290.00000 4368066.00000 -98.0072
445290.00000 4368070.00000 -97.4158
445290.00000 4368074.00000 -99.9784
445290.00000 4368078.00000 -101.0427
445290.00000 4368082.00000 -112.2091
445290.00000 4368086.00000 -118.9912
445290.00000 4368090.00000 -119.1160
445290.00000 4368094.00000 -118.2235
445290.00000 4368098.00000 -117.9853
445290.00000 4368102.00000 -119.1805
445290.00000 4368106.00000 -118.2124
445290.00000 4368110.00000 -114.2092
445290.00000 4368114.00000 -119.3049
445290.00000 4368118.00000 -116.3956
445290.00000 4368122.00000 -118.8836
445290.00000 4368126.00000 -115.4679
445290.00000 4368130.00000 N.C.
445290.00000 4368134.00000 N.C.
445290.00000 4368138.00000 N.C.
445290.00000 4368142.00000 N.C.
445290.00000 4368146.00000 N.C.
445290.00000 4368150.00000 N.C.
445290.00000 4368154.00000 N.C.
445290.00000 4368158.00000 N.C.
445290.00000 4368162.00000 N.C.
445290.00000 4368166.00000 N.C.
445290.00000 4368170.00000 N.C.
445290.00000 4368174.00000 N.C.
445290.00000 4368178.00000 N.C.
445290.00000 4368182.00000 -126.7769
445290.00000 4368186.00000 N.C.
445290.00000 4368190.00000 N.C.
445290.00000 4368194.00000 -117.1424
445290.00000 4368198.00000 -115.5132
445290.00000 4368202.00000 -113.8721
445290.00000 4368206.00000 -115.3908
445290.00000 4368210.00000 -113.6624
445290.00000 4368214.00000 -115.4461
445290.00000 4368218.00000 -117.0207
445290.00000 4368222.00000 -116.9681
445290.00000 4368226.00000 -111.1076
445290.00000 4368230.00000 -118.5560
445290.00000 4368234.00000 -119.6592
445290.00000 4368238.00000 -119.6580
445290.00000 4368242.00000 -119.4086
445290.00000 4368246.00000 -124.4575
445290.00000 4368250.00000 -121.2913
445290.00000 4368254.00000 -126.2182
445290.00000 4368258.00000 -125.7442
445290.00000 4368262.00000 -124.8968
445290.00000 4368266.00000 -125.8567
445290.00000 4368270.00000 -125.6139
445290.00000 4368274.00000 N.C.
445290.00000 4368278.00000 -128.1909
445290.00000 4368282.00000 -127.0854
445290.00000 4368286.00000 -125.3718
445290.00000 4368290.00000 N.C.
445290.00000 4368294.00000 -128.4354
445290.00000 4368298.00000 -128.3756
445290.00000 4368302.00000 -124.4709
445290.00000 4368306.00000 -123.0208
445290.00000 4368310.00000 N.C.
445290.00000 4368314.00000 -124.0240
445290.00000 4368318.00000 -124.0388
445290.00000 4368322.00000 N.C.
445290.00000 4368326.00000 N.C.
445290.00000 4368330.00000 N.C.
445290.00000 4368334.00000 -131.9556
445290.00000 4368338.00000 -125.5001
445290.00000 4368342.00000 -125.2255
445290.00000 4368346.00000 N.C.
445290.00000 4368350.00000 -145.9339
445290.00000 4368354.00000 N.C.
445290.00000 4368358.00000 N.C.
445290.00000 4368362.00000 -143.8144
445290.00000 4368366.00000 N.C.
445290.00000 4368370.00000 N.C.
445290.00000 4368374.00000 N.C.
445290.00000 4368378.00000 N.C.
445290.00000 4368382.00000 -147.5466
445290.00000 4368386.00000 -133.5048
445290.00000 4368390.00000 -122.5973
445290.00000 4368394.00000 -119.6929
445294.00000 4367886.00000 -106.5138
445294.00000 4367890.00000 -106.4030
445294.00000 4367894.00000 -106.2327
445294.00000 4367898.00000 -106.0590
445294.00000 4367902.00000 -105.9046
445294.00000 4367906.00000 -105.7535
445294.00000 4367910.00000 -105.5170
445294.00000 4367914.00000 -104.8644
445294.00000 4367918.00000 -105.1575
445294.00000 4367922.00000 -104.9356
445294.00000 4367926.00000 -104.7774
445294.00000 4367930.00000 -104.6216
445294.00000 4367934.00000 -104.5214
445294.00000 4367938.00000 -104.1390
445294.00000 4367942.00000 -103.7164
445294.00000 4367946.00000 -103.6319
445294.00000 4367950.00000 -103.8834
445294.00000 4367954.00000 -103.6775
445294.00000 4367958.00000 -103.5467
445294.00000 4367962.00000 -103.3554
445294.00000 4367966.00000 -103.0909
445294.00000 4367970.00000 -102.9652
445294.00000 4367974.00000 -102.7194
445294.00000 4367978.00000 -102.4715
445294.00000 4367982.00000 -102.2652
445294.00000 4367986.00000 -102.3891
445294.00000 4367990.00000 -102.2788
445294.00000 4367994.00000 -102.0856
445294.00000 4367998.00000 -101.8951
445294.00000 4368002.00000 -101.7133
445294.00000 4368006.00000 -101.3522
445294.00000 4368010.00000 -101.0968
445294.00000 4368014.00000 -101.0742
445294.00000 4368018.00000 -100.8662
445294.00000 4368022.00000 -100.7247
445294.00000 4368026.00000 -100.5239
445294.00000 4368030.00000 -100.2975
445294.00000 4368034.00000 -100.1254
445294.00000 4368038.00000 -99.9260
445294.00000 4368042.00000 -99.7174
445294.00000 4368046.00000 -99.4838
445294.00000 4368050.00000 -99.2923
445294.00000 4368054.00000 -99.0733
445294.00000 4368058.00000 -98.4588
445294.00000 4368062.00000 -98.6003
445294.00000 4368066.00000 -97.7981
445294.00000 4368070.00000 -96.9625
445294.00000 4368074.00000 -111.4444
445294.00000 4368078.00000 -116.8830
445294.00000 4368082.00000 -116.3731
445294.00000 4368086.00000 -119.1634
445294.00000 4368090.00000 -119.5346
445294.00000 4368094.00000 -117.5986
445294.00000 4368098.00000 -118.4753
445294.00000 4368102.00000 -118.3802
445294.00000 4368106.00000 -118.4184
445294.00000 4368110.00000 -114.6123
445294.00000 4368114.00000 -119.2182
445294.00000 4368118.00000 -117.6662
445294.00000 4368122.00000 -120.3525
445294.00000 4368126.00000 -111.5481
445294.00000 4368130.00000 N.C.
445294.00000 4368134.00000 N.C.
445294.00000 4368138.00000 N.C.
445294.00000 4368142.00000 N.C.
445294.00000 4368146.00000 N.C.
445294.00000 4368150.00000 N.C.
445294.00000 4368154.00000 N.C.
445294.00000 4368158.00000 N.C.
445294.00000 4368162.00000 N.C.
445294.00000 4368166.00000 N.C.
445294.00000 4368170.00000 N.C.
445294.00000 4368174.00000 N.C.
445294.00000 4368178.00000 N.C.
445294.00000 4368182.00000 -126.7028
445294.00000 4368186.00000 N.C.
445294.00000 4368190.00000 N.C.
445294.00000 4368194.00000 -116.8760
445294.00000 4368198.00000 -117.0892
445294.00000 4368202.00000 -115.0704
445294.00000 4368206.00000 -113.1140
445294.00000 4368210.00000 -110.3507
445294.00000 4368214.00000 -110.2157
445294.00000 4368218.00000 -114.8975
445294.00000 4368222.00000 -115.3793
445294.00000 4368226.00000 -108.9875
445294.00000 4368230.00000 -116.4054
445294.00000 4368234.00000 -118.1929
445294.00000 4368238.00000 -118.9897
445294.00000 4368242.00000 -119.0244
445294.00000 4368246.00000 -123.2721
445294.00000 4368250.00000 -120.9095
445294.00000 4368254.00000 -122.4646
445294.00000 4368258.00000 -123.0933
445294.00000 4368262.00000 -122.7144
445294.00000 4368266.00000 -125.1113
445294.00000 4368270.00000 -111.7432
445294.00000 4368274.00000 -124.2996
445294.00000 4368278.00000 -127.2953
445294.00000 4368282.00000 N.C.
445294.00000 4368286.00000 -128.4346
445294.00000 4368290.00000 N.C.
445294.00000 4368294.00000 -126.1001
445294.00000 4368298.00000 -125.4226
445294.00000 4368302.00000 -124.6498
445294.00000 4368306.00000 -122.9883
445294.00000 4368310.00000 N.C.
445294.00000 4368314.00000 -124.1189
445294.00000 4368318.00000 -124.1500
445294.00000 4368322.00000 -133.8165
445294.00000 4368326.00000 N.C.
445294.00000 4368330.00000 N.C.
445294.00000 4368334.00000 -131.7214
445294.00000 4368338.00000 -127.1799
445294.00000 4368342.00000 -123.2388
445294.00000 4368346.00000 -123.6417
445294.00000 4368350.00000 -122.5943
445294.00000 4368354.00000 -134.2990
445294.00000 4368358.00000 N.C.
445294.00000 4368362.00000 N.C.
445294.00000 4368366.00000 N.C.
445294.00000 4368370.00000 N.C.
445294.00000 4368374.00000 N.C.
445294.00000 4368378.00000 N.C.
445294.00000 4368382.00000 N.C.
445294.00000 4368386.00000 -146.1541
445294.00000 4368390.00000 -126.0179
445294.00000 4368394.00000 -119.3088
445298.00000 4367886.00000 -106.6386
445298.00000 4367890.00000 -106.3967
445298.00000 4367894.00000 -106.2885
445298.00000 4367898.00000 -106.1390
445298.00000 4367902.00000 -105.8927
445298.00000 4367906.00000 -105.2352
445298.00000 4367910.00000 -105.0490
445298.00000 4367914.00000 -105.3927
445298.00000 4367918.00000 -104.7110
445298.00000 4367922.00000 -105.0778
445298.00000 4367926.00000 -104.8922
445298.00000 4367930.00000 -104.7638
445298.00000 4367934.00000 -104.2184
445298.00000 4367938.00000 -103.9819
445298.00000 4367942.00000 -104.0303
445298.00000 4367946.00000 -104.1921
445298.00000 4367950.00000 -103.9891
445298.00000 4367954.00000 -103.8733
445298.00000 4367958.00000 -103.6361
445298.00000 4367962.00000 -103.3536
445298.00000 4367966.00000 -103.2139
445298.00000 4367970.00000 -103.0506
445298.00000 4367974.00000 -102.6673
445298.00000 4367978.00000 -102.7820
445298.00000 4367982.00000 -102.5851
445298.00000 4367986.00000 -102.6028
445298.00000 4367990.00000 -102.4038
445298.00000 4367994.00000 -102.2336
445298.00000 4367998.00000 -102.0577
445298.00000 4368002.00000 -101.8604
445298.00000 4368006.00000 -101.4473
445298.00000 4368010.00000 -101.3514
445298.00000 4368014.00000 -101.2368
445298.00000 4368018.00000 -101.1092
445298.00000 4368022.00000 -100.8989
445298.00000 4368026.00000 -100.7188
445298.00000 4368030.00000 -100.5232
445298.00000 4368034.00000 -100.3334
445298.00000 4368038.00000 -100.1270
445298.00000 4368042.00000 -99.9153
445298.00000 4368046.00000 -99.7076
445298.00000 4368050.00000 -99.4021
445298.00000 4368054.00000 -99.0793
445298.00000 4368058.00000 -98.5946
445298.00000 4368062.00000 -98.7966
445298.00000 4368066.00000 -95.9485
445298.00000 4368070.00000 -98.3939
445298.00000 4368074.00000 -114.7958
445298.00000 4368078.00000 -114.7179
445298.00000 4368082.00000 -115.6603
445298.00000 4368086.00000 -119.3997
445298.00000 4368090.00000 -117.9480
445298.00000 4368094.00000 -116.9967
445298.00000 4368098.00000 -117.7897
445298.00000 4368102.00000 -119.3958
445298.00000 4368106.00000 -117.9591
445298.00000 4368110.00000 -114.2546
445298.00000 4368114.00000 -118.3527
445298.00000 4368118.00000 -119.8833
445298.00000 4368122.00000 -119.4860
445298.00000 4368126.00000 -110.3587
445298.00000 4368130.00000 N.C.
445298.00000 4368134.00000 N.C.
445298.00000 4368138.00000 N.C.
445298.00000 4368142.00000 N.C.
445298.00000 4368146.00000 N.C.
445298.00000 4368150.00000 N.C.
445298.00000 4368154.00000 N.C.
445298.00000 4368158.00000 N.C.
445298.00000 4368162.00000 N.C.
445298.00000 4368166.00000 N.C.
445298.00000 4368170.00000 N.C.
445298.00000 4368174.00000 N.C.
445298.00000 4368178.00000 N.C.
445298.00000 4368182.00000 -133.5174
445298.00000 4368186.00000 N.C.
445298.00000 4368190.00000 N.C.
445298.00000 4368194.00000 -117.4834
445298.00000 4368198.00000 -117.0992
445298.00000 4368202.00000 -116.1482
445298.00000 4368206.00000 -113.9929
445298.00000 4368210.00000 -110.4826
445298.00000 4368214.00000 -109.7486
445298.00000 4368218.00000 -114.4430
445298.00000 4368222.00000 -116.7342
445298.00000 4368226.00000 -115.0438
445298.00000 4368230.00000 -109.3599
445298.00000 4368234.00000 -117.5439
445298.00000 4368238.00000 -117.9327
445298.00000 4368242.00000 -118.5724
445298.00000 4368246.00000 -123.2938
445298.00000 4368250.00000 -121.5058
445298.00000 4368254.00000 -118.9027
445298.00000 4368258.00000 -123.3971
445298.00000 4368262.00000 N.C.
445298.00000 4368266.00000 -132.1863
445298.00000 4368270.00000 -123.9505
445298.00000 4368274.00000 -121.4431
445298.00000 4368278.00000 -122.0587
445298.00000 4368282.00000 -138.6665
445298.00000 4368286.00000 -137.9840
445298.00000 4368290.00000 -126.2661
445298.00000 4368294.00000 -126.1947
445298.00000 4368298.00000 -124.0128
445298.00000 4368302.00000 -125.2825
445298.00000 4368306.00000 N.C.
445298.00000 4368310.00000 N.C.
445298.00000 4368314.00000 -124.4425
445298.00000 4368318.00000 -134.7038
445298.00000 4368322.00000 -132.8625
445298.00000 4368326.00000 N.C.
445298.00000 4368330.00000 N.C.
445298.00000 4368334.00000 -127.3063
445298.00000 4368338.00000 -127.1074
445298.00000 4368342.00000 -126.6808
445298.00000 4368346.00000 N.C.
445298.00000 4368350.00000 N.C.
445298.00000 4368354.00000 N.C.
445298.00000 4368358.00000 -123.1868
445298.00000 4368362.00000 -132.3286
445298.00000 4368366.00000 -131.3750
445298.00000 4368370.00000 -130.0997
445298.00000 4368374.00000 N.C.
445298.00000 4368378.00000 N.C.
445298.00000 4368382.00000 N.C.
445298.00000 4368386.00000 -144.5054
445298.00000 4368390.00000 -126.0711
445298.00000 4368394.00000 -116.6121
445302.00000 4367886.00000 -106.6927
445302.00000 4367890.00000 -106.5160
445302.00000 4367894.00000 -106.3751
445302.00000 4367898.00000 -106.1179
445302.00000 4367902.00000 -105.4466
445302.00000 4367906.00000 -105.7811
445302.00000 4367910.00000 -105.6180
445302.00000 4367914.00000 -105.4244
445302.00000 4367918.00000 -105.3037
445302.00000 4367922.00000 -105.0689
445302.00000 4367926.00000 -104.7841
445302.00000 4367930.00000 -104.4104
445302.00000 4367934.00000 -104.3388
445302.00000 4367938.00000 -104.2872
445302.00000 4367942.00000 -104.1623
445302.00000 4367946.00000 -104.0334
445302.00000 4367950.00000 -104.1355
445302.00000 4367954.00000 -103.9382
445302.00000 4367958.00000 -103.8041
445302.00000 4367962.00000 -103.5583
445302.00000 4367966.00000 -103.4093
445302.00000 4367970.00000 -103.1447
445302.00000 4367974.00000 -103.1106
445302.00000 4367978.00000 -102.9642
445302.00000 4367982.00000 -102.8038
445302.00000 4367986.00000 -102.7295
445302.00000 4367990.00000 -102.5433
445302.00000 4367994.00000 -102.3748
445302.00000 4367998.00000 -102.2022
445302.00000 4368002.00000 -101.9430
445302.00000 4368006.00000 -101.5375
445302.00000 4368010.00000 -101.5972
445302.00000 4368014.00000 -101.4542
445302.00000 4368018.00000 -101.2707
445302.00000 4368022.00000 -101.0862
445302.00000 4368026.00000 -100.9020
445302.00000 4368030.00000 -100.7258
445302.00000 4368034.00000 -100.5266
445302.00000 4368038.00000 -100.3435
445302.00000 4368042.00000 -100.1304
445302.00000 4368046.00000 -99.9333
445302.00000 4368050.00000 -99.6444
445302.00000 4368054.00000 -99.4451
445302.00000 4368058.00000 -98.8440
445302.00000 4368062.00000 -99.0380
445302.00000 4368066.00000 -96.6738
445302.00000 4368070.00000 -112.4541
445302.00000 4368074.00000 -114.1607
445302.00000 4368078.00000 -115.1950
445302.00000 4368082.00000 -117.9745
445302.00000 4368086.00000 -118.6489
445302.00000 4368090.00000 -116.9223
445302.00000 4368094.00000 -117.6269
445302.00000 4368098.00000 -117.2318
445302.00000 4368102.00000 -118.1731
445302.00000 4368106.00000 -119.6777
445302.00000 4368110.00000 -117.0466
445302.00000 4368114.00000 -117.1601
445302.00000 4368118.00000 -120.4334
445302.00000 4368122.00000 -119.0965
445302.00000 4368126.00000 -110.8609
445302.00000 4368130.00000 N.C.
445302.00000 4368134.00000 N.C.
445302.00000 4368138.00000 N.C.
445302.00000 4368142.00000 N.C.
445302.00000 4368146.00000 N.C.
445302.00000 4368150.00000 N.C.
445302.00000 4368154.00000 N.C.
445302.00000 4368158.00000 N.C.
445302.00000 4368162.00000 N.C.
445302.00000 4368166.00000 N.C.
445302.00000 4368170.00000 N.C.
445302.00000 4368174.00000 N.C.
445302.00000 4368178.00000 -126.5223
445302.00000 4368182.00000 -131.1429
445302.00000 4368186.00000 N.C.
445302.00000 4368190.00000 N.C.
445302.00000 4368194.00000 -117.4427
445302.00000 4368198.00000 -116.9466
445302.00000 4368202.00000 -116.8576
445302.00000 4368206.00000 -113.9092
445302.00000 4368210.00000 -110.4534
445302.00000 4368214.00000 -106.5415
445302.00000 4368218.00000 -111.9238
445302.00000 4368222.00000 -116.9288
445302.00000 4368226.00000 -115.7312
445302.00000 4368230.00000 -113.1656
445302.00000 4368234.00000 -110.1366
445302.00000 4368238.00000 -117.4963
445302.00000 4368242.00000 -117.6541
445302.00000 4368246.00000 -124.0042
445302.00000 4368250.00000 N.C.
445302.00000 4368254.00000 N.C.
445302.00000 4368258.00000 -130.1236
445302.00000 4368262.00000 N.C.
445302.00000 4368266.00000 N.C.
445302.00000 4368270.00000 N.C.
445302.00000 4368274.00000 -123.2497
445302.00000 4368278.00000 -120.8524
445302.00000 4368282.00000 N.C.
445302.00000 4368286.00000 -121.7602
445302.00000 4368290.00000 -121.6352
445302.00000 4368294.00000 -127.7516
445302.00000 4368298.00000 -124.0535
445302.00000 4368302.00000 -123.9558
445302.00000 4368306.00000 N.C.
445302.00000 4368310.00000 N.C.
445302.00000 4368314.00000 -123.7318
445302.00000 4368318.00000 -129.5205
445302.00000 4368322.00000 -123.3899
445302.00000 4368326.00000 -128.6055
445302.00000 4368330.00000 -128.0415
445302.00000 4368334.00000 -127.1305
445302.00000 4368338.00000 -127.2749
445302.00000 4368342.00000 -126.5191
445302.00000 4368346.00000 N.C.
445302.00000 4368350.00000 N.C.
445302.00000 4368354.00000 N.C.
445302.00000 4368358.00000 N.C.
445302.00000 4368362.00000 N.C.
445302.00000 4368366.00000 N.C.
445302.00000 4368370.00000 N.C.
445302.00000 4368374.00000 N.C.
445302.00000 4368378.00000 N.C.
445302.00000 4368382.00000 -141.1911
445302.00000 4368386.00000 -145.6129
445302.00000 4368390.00000 -129.6921
445302.00000 4368394.00000 -118.4060
445306.00000 4367886.00000 -106.7823
445306.00000 4367890.00000 -106.5933
445306.00000 4367894.00000 -106.3028
445306.00000 4367898.00000 -106.2106
445306.00000 4367902.00000 -105.9725
445306.00000 4367906.00000 -105.3659
445306.00000 4367910.00000 -105.6963
445306.00000 4367914.00000 -105.4900
445306.00000 4367918.00000 -105.3988
445306.00000 4367922.00000 -104.9875
445306.00000 4367926.00000 -104.8979
445306.00000 4367930.00000 -104.7149
445306.00000 4367934.00000 -104.4991
445306.00000 4367938.00000 -104.4365
445306.00000 4367942.00000 -104.5441
445306.00000 4367946.00000 -104.3518
445306.00000 4367950.00000 -104.1841
445306.00000 4367954.00000 -104.0745
445306.00000 4367958.00000 -103.8380
445306.00000 4367962.00000 -103.6891
445306.00000 4367966.00000 -103.4978
445306.00000 4367970.00000 -103.3821
445306.00000 4367974.00000 -103.3031
445306.00000 4367978.00000 -103.0207
445306.00000 4367982.00000 -102.9625
445306.00000 4367986.00000 -102.8596
445306.00000 4367990.00000 -102.7048
445306.00000 4367994.00000 -102.5194
445306.00000 4367998.00000 -102.1924
445306.00000 4368002.00000 -101.9413
445306.00000 4368006.00000 -101.6786
445306.00000 4368010.00000 -101.7451
445306.00000 4368014.00000 -101.6510
445306.00000 4368018.00000 -101.4826
445306.00000 4368022.00000 -101.2739
445306.00000 4368026.00000 -101.1141
445306.00000 4368030.00000 -100.9295
445306.00000 4368034.00000 -100.7253
445306.00000 4368038.00000 -100.5476
445306.00000 4368042.00000 -100.3579
445306.00000 4368046.00000 -100.1454
445306.00000 4368050.00000 -99.8842
445306.00000 4368054.00000 -99.4437
445306.00000 4368058.00000 -99.0444
445306.00000 4368062.00000 -98.7407
445306.00000 4368066.00000 -97.6414
445306.00000 4368070.00000 -112.7976
445306.00000 4368074.00000 -114.5728
445306.00000 4368078.00000 -115.0788
445306.00000 4368082.00000 -118.2838
445306.00000 4368086.00000 -116.8891
445306.00000 4368090.00000 -118.5809
445306.00000 4368094.00000 -117.9284
445306.00000 4368098.00000 -116.4965
445306.00000 4368102.00000 -117.2978
445306.00000 4368106.00000 -119.5204
445306.00000 4368110.00000 -116.9783
445306.00000 4368114.00000 -117.2023
445306.00000 4368118.00000 N.C.
445306.00000 4368122.00000 -112.4002
445306.00000 4368126.00000 -107.2366
445306.00000 4368130.00000 N.C.
445306.00000 4368134.00000 N.C.
445306.00000 4368138.00000 N.C.
445306.00000 4368142.00000 N.C.
445306.00000 4368146.00000 N.C.
445306.00000 4368150.00000 N.C.
445306.00000 4368154.00000 N.C.
445306.00000 4368158.00000 N.C.
445306.00000 4368162.00000 N.C.
445306.00000 4368166.00000 N.C.
445306.00000 4368170.00000 N.C.
445306.00000 4368174.00000 N.C.
445306.00000 4368178.00000 -125.3392
445306.00000 4368182.00000 -128.1707
445306.00000 4368186.00000 N.C.
445306.00000 4368190.00000 -117.8979
445306.00000 4368194.00000 -117.6556
445306.00000 4368198.00000 -115.8851
445306.00000 4368202.00000 -116.8476
445306.00000 4368206.00000 -115.6512
445306.00000 4368210.00000 -111.0541
445306.00000 4368214.00000 -102.5488
445306.00000 4368218.00000 -111.0705
445306.00000 4368222.00000 -114.3152
445306.00000 4368226.00000 -115.5824
445306.00000 4368230.00000 -113.5745
445306.00000 4368234.00000 -109.3311
445306.00000 4368238.00000 -115.9538
445306.00000 4368242.00000 -117.1202
445306.00000 4368246.00000 -120.6219
445306.00000 4368250.00000 N.C.
445306.00000 4368254.00000 N.C.
445306.00000 4368258.00000 N.C.
445306.00000 4368262.00000 N.C.
445306.00000 4368266.00000 -133.1624
445306.00000 4368270.00000 N.C.
445306.00000 4368274.00000 N.C.
445306.00000 4368278.00000 N.C.
445306.00000 4368282.00000 -137.0081
445306.00000 4368286.00000 -123.1774
445306.00000 4368290.00000 -122.5459
445306.00000 4368294.00000 -121.4844
445306.00000 4368298.00000 -122.3742
445306.00000 4368302.00000 -125.2608
445306.00000 4368306.00000 N.C.
445306.00000 4368310.00000 -124.8885
445306.00000 4368314.00000 -123.5992
445306.00000 4368318.00000 -123.4826
445306.00000 4368322.00000 -134.5249
445306.00000 4368326.00000 -133.7040
445306.00000 4368330.00000 -127.6299
445306.00000 4368334.00000 -127.3075
445306.00000 4368338.00000 -126.6852
445306.00000 4368342.00000 -126.6250
445306.00000 4368346.00000 N.C.
445306.00000 4368350.00000 N.C.
445306.00000 4368354.00000 N.C.
445306.00000 4368358.00000 N.C.
445306.00000 4368362.00000 N.C.
445306.00000 4368366.00000 N.C.
445306.00000 4368370.00000 N.C.
445306.00000 4368374.00000 N.C.
445306.00000 4368378.00000 N.C.
445306.00000 4368382.00000 N.C.
445306.00000 4368386.00000 -144.9338
445306.00000 4368390.00000 -130.2538
445306.00000 4368394.00000 -119.2850
445310.00000 4367886.00000 -106.8153
445310.00000 4367890.00000 -106.5181
445310.00000 4367894.00000 -105.9301
445310.00000 4367898.00000 -106.2699
445310.00000 4367902.00000 -106.1004
445310.00000 4367906.00000 -106.0281
445310.00000 4367910.00000 -105.7445
445310.00000 4367914.00000 -105.5098
445310.00000 4367918.00000 -105.3002
445310.00000 4367922.00000 -105.3094
445310.00000 4367926.00000 -104.9111
445310.00000 4367930.00000 -104.7496
445310.00000 4367934.00000 -104.8742
445310.00000 4367938.00000 -104.5290
445310.00000 4367942.00000 -104.6033
445310.00000 4367946.00000 -104.4536
445310.00000 4367950.00000 -104.3460
445310.00000 4367954.00000 -104.1741
445310.00000 4367958.00000 -103.8430
445310.00000 4367962.00000 -103.8314
445310.00000 4367966.00000 -103.7045
445310.00000 4367970.00000 -103.4996
445310.00000 4367974.00000 -103.3450
445310.00000 4367978.00000 -103.2007
445310.00000 4367982.00000 -103.1960
445310.00000 4367986.00000 -103.0090
445310.00000 4367990.00000 -102.8386
445310.00000 4367994.00000 -102.6579
445310.00000 4367998.00000 -102.2451
445310.00000 4368002.00000 -102.0076
445310.00000 4368006.00000 -102.1022
445310.00000 4368010.00000 -101.9950
445310.00000 4368014.00000 -101.8335
445310.00000 4368018.00000 -101.6311
445310.00000 4368022.00000 -101.4610
445310.00000 4368026.00000 -101.2993
445310.00000 4368030.00000 -101.1172
445310.00000 4368034.00000 -100.9346
445310.00000 4368038.00000 -100.7403
445310.00000 4368042.00000 -100.5305
445310.00000 4368046.00000 -100.3889
445310.00000 4368050.00000 -99.9542
445310.00000 4368054.00000 -99.7778
445310.00000 4368058.00000 -98.0969
445310.00000 4368062.00000 -99.4416
445310.00000 4368066.00000 -111.5099
445310.00000 4368070.00000 -111.2001
445310.00000 4368074.00000 -114.7483
445310.00000 4368078.00000 -116.6240
445310.00000 4368082.00000 -116.0005
445310.00000 4368086.00000 -117.4711
445310.00000 4368090.00000 -117.1433
445310.00000 4368094.00000 -116.2179
445310.00000 4368098.00000 -116.2276
445310.00000 4368102.00000 -116.5548
445310.00000 4368106.00000 -121.3277
445310.00000 4368110.00000 -116.7139
445310.00000 4368114.00000 -117.9582
445310.00000 4368118.00000 -131.8569
445310.00000 4368122.00000 -111.1272
445310.00000 4368126.00000 -105.3018
445310.00000 4368130.00000 N.C.
445310.00000 4368134.00000 N.C.
445310.00000 4368138.00000 N.C.
445310.00000 4368142.00000 N.C.
445310.00000 4368146.00000 N.C.
445310.00000 4368150.00000 N.C.
445310.00000 4368154.00000 N.C.
445310.00000 4368158.00000 N.C.
445310.00000 4368162.00000 N.C.
445310.00000 4368166.00000 N.C.
445310.00000 4368170.00000 N.C.
445310.00000 4368174.00000 N.C.
445310.00000 4368178.00000 -124.4248
445310.00000 4368182.00000 -127.2476
445310.00000 4368186.00000 N.C.
445310.00000 4368190.00000 -118.1623
445310.00000 4368194.00000 -117.6478
445310.00000 4368198.00000 -117.0699
445310.00000 4368202.00000 -116.5691
445310.00000 4368206.00000 -115.9000
445310.00000 4368210.00000 -111.8087
445310.00000 4368214.00000 -101.9887
445310.00000 4368218.00000 -110.8216
445310.00000 4368222.00000 -113.0683
445310.00000 4368226.00000 -116.3897
445310.00000 4368230.00000 -113.2847
445310.00000 4368234.00000 -115.6098
445310.00000 4368238.00000 -109.0914
445310.00000 4368242.00000 -115.6258
445310.00000 4368246.00000 -120.6662
445310.00000 4368250.00000 N.C.
445310.00000 4368254.00000 N.C.
445310.00000 4368258.00000 N.C.
445310.00000 4368262.00000 N.C.
445310.00000 4368266.00000 -128.4548
445310.00000 4368270.00000 N.C.
445310.00000 4368274.00000 N.C.
445310.00000 4368278.00000 N.C.
445310.00000 4368282.00000 -134.9280
445310.00000 4368286.00000 -131.0668
445310.00000 4368290.00000 -123.6175
445310.00000 4368294.00000 -123.0421
445310.00000 4368298.00000 -119.5719
445310.00000 4368302.00000 N.C.
445310.00000 4368306.00000 N.C.
445310.00000 4368310.00000 N.C.
445310.00000 4368314.00000 -121.6568
445310.00000 4368318.00000 -122.5884
445310.00000 4368322.00000 N.C.
445310.00000 4368326.00000 -133.7045
445310.00000 4368330.00000 -127.9693
445310.00000 4368334.00000 -126.5194
445310.00000 4368338.00000 -125.4363
445310.00000 4368342.00000 -125.7389
445310.00000 4368346.00000 -125.8279
445310.00000 4368350.00000 -127.8709
445310.00000 4368354.00000 N.C.
445310.00000 4368358.00000 N.C.
445310.00000 4368362.00000 N.C.
445310.00000 4368366.00000 -160.0333
445310.00000 4368370.00000 N.C.
445310.00000 4368374.00000 N.C.
445310.00000 4368378.00000 -151.4155
445310.00000 4368382.00000 N.C.
445310.00000 4368386.00000 -144.8351
445310.00000 4368390.00000 -139.0960
445310.00000 4368394.00000 -131.3387
445314.00000 4367886.00000 -106.2560
445314.00000 4367890.00000 -106.5759
445314.00000 4367894.00000 -105.8989
445314.00000 4367898.00000 -106.2945
445314.00000 4367902.00000 -106.2586
445314.00000 4367906.00000 -105.8581
445314.00000 4367910.00000 -105.7259
445314.00000 4367914.00000 -105.6838
445314.00000 4367918.00000 -105.3020
445314.00000 4367922.00000 -105.1933
445314.00000 4367926.00000 -104.9998
445314.00000 4367930.00000 -104.8972
445314.00000 4367934.00000 -105.0491
445314.00000 4367938.00000 -104.8432
445314.00000 4367942.00000 -104.7420
445314.00000 4367946.00000 -104.6140
445314.00000 4367950.00000 -104.4407
445314.00000 4367954.00000 -104.2371
445314.00000 4367958.00000 -104.1410
445314.00000 4367962.00000 -104.0490
445314.00000 4367966.00000 -103.8214
445314.00000 4367970.00000 -103.7028
445314.00000 4367974.00000 -103.4488
445314.00000 4367978.00000 -103.4948
445314.00000 4367982.00000 -103.3114
445314.00000 4367986.00000 -103.1466
445314.00000 4367990.00000 -102.9539
445314.00000 4367994.00000 -102.6187
445314.00000 4367998.00000 -102.4147
445314.00000 4368002.00000 -102.4248
445314.00000 4368006.00000 -102.2655
445314.00000 4368010.00000 -102.1723
445314.00000 4368014.00000 -101.9723
445314.00000 4368018.00000 -101.8105
445314.00000 4368022.00000 -101.6582
445314.00000 4368026.00000 -101.4794
445314.00000 4368030.00000 -101.2951
445314.00000 4368034.00000 -101.1285
445314.00000 4368038.00000 -100.9465
445314.00000 4368042.00000 -100.7388
445314.00000 4368046.00000 -100.3381
445314.00000 4368050.00000 -100.1555
445314.00000 4368054.00000 -99.7711
445314.00000 4368058.00000 -99.3044
445314.00000 4368062.00000 -99.3276
445314.00000 4368066.00000 -106.2339
445314.00000 4368070.00000 -111.2545
445314.00000 4368074.00000 -114.8954
445314.00000 4368078.00000 -117.5365
445314.00000 4368082.00000 -115.1541
445314.00000 4368086.00000 -117.4656
445314.00000 4368090.00000 -120.0843
445314.00000 4368094.00000 -116.2564
445314.00000 4368098.00000 -116.2504
445314.00000 4368102.00000 -115.9414
445314.00000 4368106.00000 -117.4108
445314.00000 4368110.00000 -117.2459
445314.00000 4368114.00000 -110.3357
445314.00000 4368118.00000 -117.2412
445314.00000 4368122.00000 -107.8375
445314.00000 4368126.00000 -107.0044
445314.00000 4368130.00000 -131.7239
445314.00000 4368134.00000 -135.8932
445314.00000 4368138.00000 -135.6219
445314.00000 4368142.00000 -135.5965
445314.00000 4368146.00000 -135.5455
445314.00000 4368150.00000 -135.9236
445314.00000 4368154.00000 -130.8768
445314.00000 4368158.00000 N.C.
445314.00000 4368162.00000 N.C.
445314.00000 4368166.00000 N.C.
445314.00000 4368170.00000 N.C.
445314.00000 4368174.00000 N.C.
445314.00000 4368178.00000 -130.1162
445314.00000 4368182.00000 -129.7158
445314.00000 4368186.00000 N.C.
445314.00000 4368190.00000 -115.4968
445314.00000 4368194.00000 -115.0378
445314.00000 4368198.00000 -116.9212
445314.00000 4368202.00000 -116.5443
445314.00000 4368206.00000 -115.8868
445314.00000 4368210.00000 -111.9641
445314.00000 4368214.00000 -102.2824
445314.00000 4368218.00000 -109.9965
445314.00000 4368222.00000 -111.7506
445314.00000 4368226.00000 -113.3177
445314.00000 4368230.00000 -114.5873
445314.00000 4368234.00000 -115.9008
445314.00000 4368238.00000 -115.5066
445314.00000 4368242.00000 -109.7599
445314.00000 4368246.00000 -117.2112
445314.00000 4368250.00000 -127.1316
445314.00000 4368254.00000 -111.5880
445314.00000 4368258.00000 -128.4682
445314.00000 4368262.00000 -130.0229
445314.00000 4368266.00000 -129.1338
445314.00000 4368270.00000 -135.2887
445314.00000 4368274.00000 N.C.
445314.00000 4368278.00000 N.C.
445314.00000 4368282.00000 N.C.
445314.00000 4368286.00000 -130.1355
445314.00000 4368290.00000 -129.1906
445314.00000 4368294.00000 -126.2847
445314.00000 4368298.00000 N.C.
445314.00000 4368302.00000 N.C.
445314.00000 4368306.00000 -149.7408
445314.00000 4368310.00000 -131.2322
445314.00000 4368314.00000 N.C.
445314.00000 4368318.00000 -138.4404
445314.00000 4368322.00000 -122.2878
445314.00000 4368326.00000 -123.9258
445314.00000 4368330.00000 -127.3542
445314.00000 4368334.00000 -127.1939
445314.00000 4368338.00000 -123.6778
445314.00000 4368342.00000 -123.4318
445314.00000 4368346.00000 -125.5019
445314.00000 4368350.00000 -126.1468
445314.00000 4368354.00000 -128.2885
445314.00000 4368358.00000 -126.9323
445314.00000 4368362.00000 -127.0537
445314.00000 4368366.00000 -152.7755
445314.00000 4368370.00000 N.C.
445314.00000 4368374.00000 N.C.
445314.00000 4368378.00000 N.C.
445314.00000 4368382.00000 N.C.
445314.00000 4368386.00000 -146.5238
445314.00000 4368390.00000 -142.9266
445314.00000 4368394.00000 -137.6691
445318.00000 4367886.00000 -106.3190
445318.00000 4367890.00000 -106.6930
445318.00000 4367894.00000 -106.6068
445318.00000 4367898.00000 -106.2446
445318.00000 4367902.00000 -106.0731
445318.00000 4367906.00000 -106.0756
445318.00000 4367910.00000 -105.9658
445318.00000 4367914.00000 -105.5355
445318.00000 4367918.00000 -105.4434
445318.00000 4367922.00000 -105.0419
445318.00000 4367926.00000 -105.1602
445318.00000 4367930.00000 -105.2617
445318.00000 4367934.00000 -105.1467
445318.00000 4367938.00000 -104.9973
445318.00000 4367942.00000 -104.8273
445318.00000 4367946.00000 -104.6552
445318.00000 4367950.00000 -104.5797
445318.00000 4367954.00000 -104.3979
445318.00000 4367958.00000 -104.3031
445318.00000 4367962.00000 -104.1437
445318.00000 4367966.00000 -103.9015
445318.00000 4367970.00000 -103.8517
445318.00000 4367974.00000 -103.5695
445318.00000 4367978.00000 -103.6043
445318.00000 4367982.00000 -103.3947
445318.00000 4367986.00000 -103.2486
445318.00000 4367990.00000 -103.0951
445318.00000 4367994.00000 -102.7244
445318.00000 4367998.00000 -102.4898
445318.00000 4368002.00000 -102.5906
445318.00000 4368006.00000 -102.3845
445318.00000 4368010.00000 -102.3079
445318.00000 4368014.00000 -102.1448
445318.00000 4368018.00000 -102.0037
445318.00000 4368022.00000 -101.8417
445318.00000 4368026.00000 -101.6588
445318.00000 4368030.00000 -101.4789
445318.00000 4368034.00000 -101.3043
445318.00000 4368038.00000 -101.1254
445318.00000 4368042.00000 -100.8053
445318.00000 4368046.00000 -100.5427
445318.00000 4368050.00000 -100.1240
445318.00000 4368054.00000 -99.8072
445318.00000 4368058.00000 -99.6775
445318.00000 4368062.00000 -103.4758
445318.00000 4368066.00000 -106.6045
445318.00000 4368070.00000 -111.3845
445318.00000 4368074.00000 -115.5660
445318.00000 4368078.00000 -114.7035
445318.00000 4368082.00000 -117.2463
445318.00000 4368086.00000 -114.9334
445318.00000 4368090.00000 -116.6434
445318.00000 4368094.00000 -116.2846
445318.00000 4368098.00000 -115.7943
445318.00000 4368102.00000 -116.3550
445318.00000 4368106.00000 -116.6106
445318.00000 4368110.00000 -117.6315
445318.00000 4368114.00000 -110.6259
445318.00000 4368118.00000 -116.6690
445318.00000 4368122.00000 -105.3335
445318.00000 4368126.00000 -107.4284
445318.00000 4368130.00000 -129.9975
445318.00000 4368134.00000 -134.3047
445318.00000 4368138.00000 -134.1928
445318.00000 4368142.00000 -133.8707
445318.00000 4368146.00000 -133.6595
445318.00000 4368150.00000 -133.9051
445318.00000 4368154.00000 -134.2619
445318.00000 4368158.00000 -134.8755
445318.00000 4368162.00000 -135.7602
445318.00000 4368166.00000 -136.6208
445318.00000 4368170.00000 -137.5936
445318.00000 4368174.00000 -136.3237
445318.00000 4368178.00000 -128.8644
445318.00000 4368182.00000 -127.4930
445318.00000 4368186.00000 N.C.
445318.00000 4368190.00000 -123.3346
445318.00000 4368194.00000 -114.6270
445318.00000 4368198.00000 -114.5724
445318.00000 4368202.00000 -116.6346
445318.00000 4368206.00000 -115.9012
445318.00000 4368210.00000 -113.1374
445318.00000 4368214.00000 -102.5291
445318.00000 4368218.00000 -111.5066
445318.00000 4368222.00000 -112.3126
445318.00000 4368226.00000 -113.5995
445318.00000 4368230.00000 -115.2964
445318.00000 4368234.00000 -114.9454
445318.00000 4368238.00000 -115.6613
445318.00000 4368242.00000 -115.0351
445318.00000 4368246.00000 -117.0076
445318.00000 4368250.00000 -115.4112
445318.00000 4368254.00000 N.C.
445318.00000 4368258.00000 -133.4645
445318.00000 4368262.00000 N.C.
445318.00000 4368266.00000 -127.3398
445318.00000 4368270.00000 N.C.
445318.00000 4368274.00000 N.C.
445318.00000 4368278.00000 N.C.
445318.00000 4368282.00000 N.C.
445318.00000 4368286.00000 -129.6089
445318.00000 4368290.00000 -127.8804
445318.00000 4368294.00000 -127.0594
445318.00000 4368298.00000 -130.6391
445318.00000 4368302.00000 N.C.
445318.00000 4368306.00000 N.C.
445318.00000 4368310.00000 N.C.
445318.00000 4368314.00000 N.C.
445318.00000 4368318.00000 N.C.
445318.00000 4368322.00000 N.C.
445318.00000 4368326.00000 -121.4265
445318.00000 4368330.00000 -123.2746
445318.00000 4368334.00000 -128.3715
445318.00000 4368338.00000 -128.2856
445318.00000 4368342.00000 -126.7591
445318.00000 4368346.00000 -127.0094
445318.00000 4368350.00000 -129.2364
445318.00000 4368354.00000 -125.1366
445318.00000 4368358.00000 -123.8075
445318.00000 4368362.00000 -123.6525
445318.00000 4368366.00000 N.C.
445318.00000 4368370.00000 -136.7979
445318.00000 4368374.00000 -174.6550
445318.00000 4368378.00000 N.C.
445318.00000 4368382.00000 -149.5726
445318.00000 4368386.00000 -146.1841
445318.00000 4368390.00000 -142.0535
445318.00000 4368394.00000 -130.7627
445322.00000 4367886.00000 -106.9686
445322.00000 4367890.00000 -106.6082
445322.00000 4367894.00000 -106.4378
445322.00000 4367898.00000 -106.3198
445322.00000 4367902.00000 -106.2602
445322.00000 4367906.00000 -106.1595
445322.00000 4367910.00000 -105.8080
445322.00000 4367914.00000 -105.6621
445322.00000 4367918.00000 -105.5288
445322.00000 4367922.00000 -105.3977
445322.00000 4367926.00000 -105.4628
445322.00000 4367930.00000 -105.3478
445322.00000 4367934.00000 -105.2668
445322.00000 4367938.00000 -105.0955
445322.00000 4367942.00000 -104.9071
445322.00000 4367946.00000 -104.8775
445322.00000 4367950.00000 -104.7432
445322.00000 4367954.00000 -104.5078
445322.00000 4367958.00000 -104.3644
445322.00000 4367962.00000 -104.1688
445322.00000 4367966.00000 -104.1216
445322.00000 4367970.00000 -103.8427
445322.00000 4367974.00000 -103.7227
445322.00000 4367978.00000 -103.6841
445322.00000 4367982.00000 -103.5270
445322.00000 4367986.00000 -103.4200
445322.00000 4367990.00000 -103.1107
445322.00000 4367994.00000 -102.8767
445322.00000 4367998.00000 -102.8176
445322.00000 4368002.00000 -102.7499
445322.00000 4368006.00000 -102.6232
445322.00000 4368010.00000 -102.4735
445322.00000 4368014.00000 -102.3251
445322.00000 4368018.00000 -102.1830
445322.00000 4368022.00000 -102.0199
445322.00000 4368026.00000 -101.8513
445322.00000 4368030.00000 -101.6941
445322.00000 4368034.00000 -101.5127
445322.00000 4368038.00000 -101.3304
445322.00000 4368042.00000 -101.0076
445322.00000 4368046.00000 -100.7223
445322.00000 4368050.00000 -99.3107
445322.00000 4368054.00000 -100.3255
445322.00000 4368058.00000 -100.1452
445322.00000 4368062.00000 -109.0056
445322.00000 4368066.00000 -106.4335
445322.00000 4368070.00000 -111.3344
445322.00000 4368074.00000 -115.9278
445322.00000 4368078.00000 -114.0914
445322.00000 4368082.00000 -118.5244
445322.00000 4368086.00000 -116.0929
445322.00000 4368090.00000 -114.8181
445322.00000 4368094.00000 -116.1515
445322.00000 4368098.00000 -116.7574
445322.00000 4368102.00000 -115.1963
445322.00000 4368106.00000 -116.8699
445322.00000 4368110.00000 -117.3174
445322.00000 4368114.00000 -110.6548
445322.00000 4368118.00000 -114.7862
445322.00000 4368122.00000 -103.9103
445322.00000 4368126.00000 -107.8570
445322.00000 4368130.00000 -129.6955
445322.00000 4368134.00000 -133.2801
445322.00000 4368138.00000 -133.1043
445322.00000 4368142.00000 -132.8533
445322.00000 4368146.00000 -132.9184
445322.00000 4368150.00000 -132.9666
445322.00000 4368154.00000 -133.2401
445322.00000 4368158.00000 -133.6908
445322.00000 4368162.00000 -134.2797
445322.00000 4368166.00000 -133.0143
445322.00000 4368170.00000 -133.3615
445322.00000 4368174.00000 -124.2335
445322.00000 4368178.00000 -127.1159
445322.00000 4368182.00000 -126.7031
445322.00000 4368186.00000 N.C.
445322.00000 4368190.00000 -125.5303
445322.00000 4368194.00000 -120.6833
445322.00000 4368198.00000 -121.5903
445322.00000 4368202.00000 -114.2582
445322.00000 4368206.00000 -113.9545
445322.00000 4368210.00000 -113.3331
445322.00000 4368214.00000 -105.8302
445322.00000 4368218.00000 -111.4499
445322.00000 4368222.00000 -111.7419
445322.00000 4368226.00000 -111.5831
445322.00000 4368230.00000 -113.4636
445322.00000 4368234.00000 -112.7138
445322.00000 4368238.00000 -114.9777
445322.00000 4368242.00000 -115.5640
445322.00000 4368246.00000 -117.2503
445322.00000 4368250.00000 N.C.
445322.00000 4368254.00000 -126.0626
445322.00000 4368258.00000 N.C.
445322.00000 4368262.00000 N.C.
445322.00000 4368266.00000 N.C.
445322.00000 4368270.00000 -135.9249
445322.00000 4368274.00000 N.C.
445322.00000 4368278.00000 N.C.
445322.00000 4368282.00000 -131.7456
445322.00000 4368286.00000 -129.3941
445322.00000 4368290.00000 -128.3542
445322.00000 4368294.00000 N.C.
445322.00000 4368298.00000 -149.1121
445322.00000 4368302.00000 -134.9253
445322.00000 4368306.00000 -121.3366
445322.00000 4368310.00000 -122.0515
445322.00000 4368314.00000 N.C.
445322.00000 4368318.00000 N.C.
445322.00000 4368322.00000 -144.5124
445322.00000 4368326.00000 -137.1741
445322.00000 4368330.00000 -121.9212
445322.00000 4368334.00000 -121.1874
445322.00000 4368338.00000 -127.3201
445322.00000 4368342.00000 -127.2553
445322.00000 4368346.00000 -126.2164
445322.00000 4368350.00000 -127.2116
445322.00000 4368354.00000 -129.2088
445322.00000 4368358.00000 -125.0878
445322.00000 4368362.00000 -125.4174
445322.00000 4368366.00000 -125.3908
445322.00000 4368370.00000 -124.2019
445322.00000 4368374.00000 N.C.
445322.00000 4368378.00000 N.C.
445322.00000 4368382.00000 -154.8905
445322.00000 4368386.00000 -126.4909
445322.00000 4368390.00000 -123.9542
445322.00000 4368394.00000 -141.9304
445326.00000 4367886.00000 -106.8782
445326.00000 4367890.00000 -106.6427
445326.00000 4367894.00000 -106.6549
445326.00000 4367898.00000 -106.5399
445326.00000 4367902.00000 -106.4279
445326.00000 4367906.00000 -105.9980
445326.00000 4367910.00000 -105.8431
445326.00000 4367914.00000 -105.7142
445326.00000 4367918.00000 -105.6002
445326.00000 4367922.00000 -105.4006
445326.00000 4367926.00000 -105.5713
445326.00000 4367930.00000 -105.4095
445326.00000 4367934.00000 -105.2847
445326.00000 4367938.00000 -105.1502
445326.00000 4367942.00000 -105.1207
445326.00000 4367946.00000 -105.0347
445326.00000 4367950.00000 -104.7659
445326.00000 4367954.00000 -104.6758
445326.00000 4367958.00000 -104.5087
445326.00000 4367962.00000 -104.2902
445326.00000 4367966.00000 -104.2285
445326.00000 4367970.00000 -103.9545
445326.00000 4367974.00000 -103.9928
445326.00000 4367978.00000 -103.8395
445326.00000 4367982.00000 -103.7054
445326.00000 4367986.00000 -103.5462
445326.00000 4367990.00000 -103.1675
445326.00000 4367994.00000 -102.9511
445326.00000 4367998.00000 -103.0641
445326.00000 4368002.00000 -102.9369
445326.00000 4368006.00000 -102.7961
445326.00000 4368010.00000 -102.6387
445326.00000 4368014.00000 -102.5146
445326.00000 4368018.00000 -102.3619
445326.00000 4368022.00000 -102.1906
445326.00000 4368026.00000 -102.0230
445326.00000 4368030.00000 -101.8692
445326.00000 4368034.00000 -101.7084
445326.00000 4368038.00000 -101.3489
445326.00000 4368042.00000 -101.2083
445326.00000 4368046.00000 -100.7597
445326.00000 4368050.00000 -100.6055
445326.00000 4368054.00000 -100.6441
445326.00000 4368058.00000 -105.8577
445326.00000 4368062.00000 -108.0386
445326.00000 4368066.00000 -112.8185
445326.00000 4368070.00000 -112.8305
445326.00000 4368074.00000 -113.2057
445326.00000 4368078.00000 -110.8618
445326.00000 4368082.00000 -111.0988
445326.00000 4368086.00000 -111.4823
445326.00000 4368090.00000 -110.1607
445326.00000 4368094.00000 -110.1213
445326.00000 4368098.00000 -110.2355
445326.00000 4368102.00000 -109.7552
445326.00000 4368106.00000 -110.2168
445326.00000 4368110.00000 -116.6109
445326.00000 4368114.00000 -113.3234
445326.00000 4368118.00000 -110.4478
445326.00000 4368122.00000 -103.3077
445326.00000 4368126.00000 N.C.
445326.00000 4368130.00000 N.C.
445326.00000 4368134.00000 N.C.
445326.00000 4368138.00000 N.C.
445326.00000 4368142.00000 N.C.
445326.00000 4368146.00000 -132.2033
445326.00000 4368150.00000 -132.2967
445326.00000 4368154.00000 -132.3743
445326.00000 4368158.00000 -132.7034
445326.00000 4368162.00000 -133.1736
445326.00000 4368166.00000 -133.5356
445326.00000 4368170.00000 -133.6228
445326.00000 4368174.00000 -123.2393
445326.00000 4368178.00000 -127.5032
445326.00000 4368182.00000 N.C.
445326.00000 4368186.00000 N.C.
445326.00000 4368190.00000 -124.0846
445326.00000 4368194.00000 -124.5429
445326.00000 4368198.00000 -121.4507
445326.00000 4368202.00000 -121.2088
445326.00000 4368206.00000 -113.7647
445326.00000 4368210.00000 -112.8304
445326.00000 4368214.00000 -108.4275
445326.00000 4368218.00000 -107.8106
445326.00000 4368222.00000 -112.8127
445326.00000 4368226.00000 -112.2228
445326.00000 4368230.00000 -113.0834
445326.00000 4368234.00000 -113.8203
445326.00000 4368238.00000 -114.5277
445326.00000 4368242.00000 -110.4853
445326.00000 4368246.00000 -116.1883
445326.00000 4368250.00000 N.C.
445326.00000 4368254.00000 N.C.
445326.00000 4368258.00000 N.C.
445326.00000 4368262.00000 N.C.
445326.00000 4368266.00000 N.C.
445326.00000 4368270.00000 -131.0843
445326.00000 4368274.00000 N.C.
445326.00000 4368278.00000 -134.9306
445326.00000 4368282.00000 -130.4227
445326.00000 4368286.00000 -128.5232
445326.00000 4368290.00000 -128.1792
445326.00000 4368294.00000 -127.7947
445326.00000 4368298.00000 N.C.
445326.00000 4368302.00000 -126.8501
445326.00000 4368306.00000 -124.9074
445326.00000 4368310.00000 -120.9168
445326.00000 4368314.00000 N.C.
445326.00000 4368318.00000 N.C.
445326.00000 4368322.00000 -143.0638
445326.00000 4368326.00000 -138.1693
445326.00000 4368330.00000 -136.1938
445326.00000 4368334.00000 -127.7769
445326.00000 4368338.00000 -120.5315
445326.00000 4368342.00000 -122.8192
445326.00000 4368346.00000 N.C.
445326.00000 4368350.00000 -151.4078
445326.00000 4368354.00000 -123.6968
445326.00000 4368358.00000 -124.7649
445326.00000 4368362.00000 -125.5293
445326.00000 4368366.00000 -125.3849
445326.00000 4368370.00000 -123.8211
445326.00000 4368374.00000 N.C.
445326.00000 4368378.00000 N.C.
445326.00000 4368382.00000 N.C.
445326.00000 4368386.00000 -150.8427
445326.00000 4368390.00000 -140.0278
445326.00000 4368394.00000 -138.2120
445330.00000 4367886.00000 -106.9379
445330.00000 4367890.00000 -106.9449
445330.00000 4367894.00000 -106.6810
445330.00000 4367898.00000 -106.6218
445330.00000 4367902.00000 -106.1892
445330.00000 4367906.00000 -106.0761
445330.00000 4367910.00000 -105.9325
445330.00000 4367914.00000 -105.8571
445330.00000 4367918.00000 -105.9256
445330.00000 4367922.00000 -105.7212
445330.00000 4367926.00000 -105.6661
445330.00000 4367930.00000 -105.4492
445330.00000 4367934.00000 -105.3764
445330.00000 4367938.00000 -105.3659
445330.00000 4367942.00000 -105.3120
445330.00000 4367946.00000 -105.0692
445330.00000 4367950.00000 -104.8909
445330.00000 4367954.00000 -104.8271
445330.00000 4367958.00000 -104.5559
445330.00000 4367962.00000 -104.4386
445330.00000 4367966.00000 -104.2263
445330.00000 4367970.00000 -104.1430
445330.00000 4367974.00000 -104.1200
445330.00000 4367978.00000 -103.9593
445330.00000 4367982.00000 -103.8414
445330.00000 4367986.00000 -103.5260
445330.00000 4367990.00000 -103.3175
445330.00000 4367994.00000 -103.1870
445330.00000 4367998.00000 -103.1776
445330.00000 4368002.00000 -103.0962
445330.00000 4368006.00000 -102.7284
445330.00000 4368010.00000 -102.5909
445330.00000 4368014.00000 -102.4531
445330.00000 4368018.00000 -102.2910
445330.00000 4368022.00000 -102.1221
445330.00000 4368026.00000 -101.9733
445330.00000 4368030.00000 -101.8125
445330.00000 4368034.00000 -101.4836
445330.00000 4368038.00000 -101.3188
445330.00000 4368042.00000 -101.0084
445330.00000 4368046.00000 -100.7612
445330.00000 4368050.00000 -100.8502
445330.00000 4368054.00000 -107.9044
445330.00000 4368058.00000 -104.2034
445330.00000 4368062.00000 -108.5479
445330.00000 4368066.00000 -110.3326
445330.00000 4368070.00000 -110.8819
445330.00000 4368074.00000 -109.7335
445330.00000 4368078.00000 -116.5231
445330.00000 4368082.00000 -111.4778
445330.00000 4368086.00000 -113.4130
445330.00000 4368090.00000 -114.0035
445330.00000 4368094.00000 -114.6833
445330.00000 4368098.00000 -113.4725
445330.00000 4368102.00000 -114.8825
445330.00000 4368106.00000 -115.7992
445330.00000 4368110.00000 -117.5810
445330.00000 4368114.00000 -110.4272
445330.00000 4368118.00000 -110.5377
445330.00000 4368122.00000 -102.9939
445330.00000 4368126.00000 N.C.
445330.00000 4368130.00000 N.C.
445330.00000 4368134.00000 N.C.
445330.00000 4368138.00000 N.C.
445330.00000 4368142.00000 N.C.
445330.00000 4368146.00000 N.C.
445330.00000 4368150.00000 N.C.
445330.00000 4368154.00000 N.C.
445330.00000 4368158.00000 N.C.
445330.00000 4368162.00000 N.C.
445330.00000 4368166.00000 N.C.
445330.00000 4368170.00000 N.C.
445330.00000 4368174.00000 -127.9655
445330.00000 4368178.00000 -127.2500
445330.00000 4368182.00000 N.C.
445330.00000 4368186.00000 N.C.
445330.00000 4368190.00000 -122.6559
445330.00000 4368194.00000 -124.9922
445330.00000 4368198.00000 -121.8555
445330.00000 4368202.00000 -121.3300
445330.00000 4368206.00000 -118.5332
445330.00000 4368210.00000 -117.4222
445330.00000 4368214.00000 -111.3463
445330.00000 4368218.00000 -108.2566
445330.00000 4368222.00000 -111.0832
445330.00000 4368226.00000 -113.9694
445330.00000 4368230.00000 -111.9842
445330.00000 4368234.00000 -114.4121
445330.00000 4368238.00000 -111.1173
445330.00000 4368242.00000 -112.2886
445330.00000 4368246.00000 -115.5268
445330.00000 4368250.00000 N.C.
445330.00000 4368254.00000 -129.6430
445330.00000 4368258.00000 N.C.
445330.00000 4368262.00000 N.C.
445330.00000 4368266.00000 -136.6483
445330.00000 4368270.00000 N.C.
445330.00000 4368274.00000 N.C.
445330.00000 4368278.00000 -131.1586
445330.00000 4368282.00000 -131.7837
445330.00000 4368286.00000 -129.7621
445330.00000 4368290.00000 N.C.
445330.00000 4368294.00000 -127.6078
445330.00000 4368298.00000 -148.4903
445330.00000 4368302.00000 N.C.
445330.00000 4368306.00000 N.C.
445330.00000 4368310.00000 N.C.
445330.00000 4368314.00000 N.C.
445330.00000 4368318.00000 N.C.
445330.00000 4368322.00000 -142.6779
445330.00000 4368326.00000 -139.3910
445330.00000 4368330.00000 -137.2144
445330.00000 4368334.00000 -133.3908
445330.00000 4368338.00000 -132.1496
445330.00000 4368342.00000 -120.3518
445330.00000 4368346.00000 N.C.
445330.00000 4368350.00000 -138.4486
445330.00000 4368354.00000 -122.6533
445330.00000 4368358.00000 -123.0455
445330.00000 4368362.00000 N.C.
445330.00000 4368366.00000 N.C.
445330.00000 4368370.00000 N.C.
445330.00000 4368374.00000 N.C.
445330.00000 4368378.00000 N.C.
445330.00000 4368382.00000 N.C.
445330.00000 4368386.00000 -143.7127
445330.00000 4368390.00000 -143.6001
445330.00000 4368394.00000 -143.3052
445334.00000 4367886.00000 -107.1501
445334.00000 4367890.00000 -107.0290
445334.00000 4367894.00000 -106.8414
445334.00000 4367898.00000 -106.4193
445334.00000 4367902.00000 -106.2390
445334.00000 4367906.00000 -106.1533
445334.00000 4367910.00000 -106.2972
445334.00000 4367914.00000 -105.8573
445334.00000 4367918.00000 -105.9830
445334.00000 4367922.00000 -105.5923
445334.00000 4367926.00000 -105.4924
445334.00000 4367930.00000 -105.4071
445334.00000 4367934.00000 -105.3322
445334.00000 4367938.00000 -105.2461
445334.00000 4367942.00000 -105.1468
445334.00000 4367946.00000 -104.8804
445334.00000 4367950.00000 -104.7966
445334.00000 4367954.00000 -104.6027
445334.00000 4367958.00000 -104.3979
445334.00000 4367962.00000 -104.3966
445334.00000 4367966.00000 -104.1236
445334.00000 4367970.00000 -104.1662
445334.00000 4367974.00000 -103.9984
445334.00000 4367978.00000 -103.8752
445334.00000 4367982.00000 -103.5643
445334.00000 4367986.00000 -103.3642
445334.00000 4367990.00000 -103.1508
445334.00000 4367994.00000 -103.2252
445334.00000 4367998.00000 -103.1447
445334.00000 4368002.00000 -103.0130
445334.00000 4368006.00000 -102.8725
445334.00000 4368010.00000 -102.7441
445334.00000 4368014.00000 -102.5904
445334.00000 4368018.00000 -102.4352
445334.00000 4368022.00000 -102.2679
445334.00000 4368026.00000 -102.1354
445334.00000 4368030.00000 -101.9470
445334.00000 4368034.00000 -101.6961
445334.00000 4368038.00000 -101.3540
445334.00000 4368042.00000 -100.1940
445334.00000 4368046.00000 -101.2144
445334.00000 4368050.00000 -101.2898
445334.00000 4368054.00000 -103.0231
445334.00000 4368058.00000 -105.3868
445334.00000 4368062.00000 -111.8570
445334.00000 4368066.00000 -113.9073
445334.00000 4368070.00000 -111.6221
445334.00000 4368074.00000 -115.5747
445334.00000 4368078.00000 -117.2438
445334.00000 4368082.00000 -112.3155
445334.00000 4368086.00000 -113.3525
445334.00000 4368090.00000 -114.4739
445334.00000 4368094.00000 -112.6271
445334.00000 4368098.00000 -115.2184
445334.00000 4368102.00000 -115.9857
445334.00000 4368106.00000 -116.3897
445334.00000 4368110.00000 -116.0595
445334.00000 4368114.00000 -112.9560
445334.00000 4368118.00000 -109.5546
445334.00000 4368122.00000 -99.0254
445334.00000 4368126.00000 N.C.
445334.00000 4368130.00000 N.C.
445334.00000 4368134.00000 N.C.
445334.00000 4368138.00000 N.C.
445334.00000 4368142.00000 N.C.
445334.00000 4368146.00000 N.C.
445334.00000 4368150.00000 N.C.
445334.00000 4368154.00000 N.C.
445334.00000 4368158.00000 N.C.
445334.00000 4368162.00000 N.C.
445334.00000 4368166.00000 N.C.
445334.00000 4368170.00000 N.C.
445334.00000 4368174.00000 -128.8208
445334.00000 4368178.00000 -126.5142
445334.00000 4368182.00000 N.C.
445334.00000 4368186.00000 -124.3861
445334.00000 4368190.00000 -123.5355
445334.00000 4368194.00000 -124.4090
445334.00000 4368198.00000 -121.0614
445334.00000 4368202.00000 -120.3937
445334.00000 4368206.00000 -118.9482
445334.00000 4368210.00000 -117.5888
445334.00000 4368214.00000 -114.1551
445334.00000 4368218.00000 -104.5647
445334.00000 4368222.00000 -110.2133
445334.00000 4368226.00000 -112.6093
445334.00000 4368230.00000 -111.7837
445334.00000 4368234.00000 -110.0552
445334.00000 4368238.00000 -111.1943
445334.00000 4368242.00000 -112.7670
445334.00000 4368246.00000 -138.5210
445334.00000 4368250.00000 N.C.
445334.00000 4368254.00000 -129.7287
445334.00000 4368258.00000 N.C.
445334.00000 4368262.00000 N.C.
445334.00000 4368266.00000 -136.1293
445334.00000 4368270.00000 N.C.
445334.00000 4368274.00000 N.C.
445334.00000 4368278.00000 -133.3839
445334.00000 4368282.00000 -131.9415
445334.00000 4368286.00000 -130.0228
445334.00000 4368290.00000 -129.6906
445334.00000 4368294.00000 -127.3312
445334.00000 4368298.00000 -176.2334
445334.00000 4368302.00000 N.C.
445334.00000 4368306.00000 N.C.
445334.00000 4368310.00000 -151.9097
445334.00000 4368314.00000 N.C.
445334.00000 4368318.00000 -155.1299
445334.00000 4368322.00000 -142.4063
445334.00000 4368326.00000 -138.7950
445334.00000 4368330.00000 -137.2294
445334.00000 4368334.00000 -134.4066
445334.00000 4368338.00000 -131.4546
445334.00000 4368342.00000 -129.3857
445334.00000 4368346.00000 N.C.
445334.00000 4368350.00000 N.C.
445334.00000 4368354.00000 N.C.
445334.00000 4368358.00000 N.C.
445334.00000 4368362.00000 -158.7267
445334.00000 4368366.00000 N.C.
445334.00000 4368370.00000 -154.9772
445334.00000 4368374.00000 N.C.
445334.00000 4368378.00000 N.C.
445334.00000 4368382.00000 N.C.
445334.00000 4368386.00000 -151.1430
445334.00000 4368390.00000 -142.7312
445334.00000 4368394.00000 -135.2018
445338.00000 4367886.00000 -106.9478
445338.00000 4367890.00000 -106.7609
445338.00000 4367894.00000 -106.3693
445338.00000 4367898.00000 -106.2633
445338.00000 4367902.00000 -106.0752
445338.00000 4367906.00000 -106.2472
445338.00000 4367910.00000 -105.8514
445338.00000 4367914.00000 -105.7052
445338.00000 4367918.00000 -105.7281
445338.00000 4367922.00000 -105.6779
445338.00000 4367926.00000 -105.6442
445338.00000 4367930.00000 -105.5214
445338.00000 4367934.00000 -105.4930
445338.00000 4367938.00000 -105.3693
445338.00000 4367942.00000 -105.1946
445338.00000 4367946.00000 -104.9768
445338.00000 4367950.00000 -104.8870
445338.00000 4367954.00000 -104.6659
445338.00000 4367958.00000 -104.5219
445338.00000 4367962.00000 -104.5388
445338.00000 4367966.00000 -104.2338
445338.00000 4367970.00000 -104.2433
445338.00000 4367974.00000 -104.1121
445338.00000 4367978.00000 -103.9934
445338.00000 4367982.00000 -103.6043
445338.00000 4367986.00000 -103.4195
445338.00000 4367990.00000 -103.5005
445338.00000 4367994.00000 -103.3548
445338.00000 4367998.00000 -103.2857
445338.00000 4368002.00000 -103.1659
445338.00000 4368006.00000 -103.0399
445338.00000 4368010.00000 -102.9108
445338.00000 4368014.00000 -102.9780
445338.00000 4368018.00000 -102.8223
445338.00000 4368022.00000 -102.6519
445338.00000 4368026.00000 -102.5098
445338.00000 4368030.00000 -102.2532
445338.00000 4368034.00000 -101.9868
445338.00000 4368038.00000 -101.7338
445338.00000 4368042.00000 -101.6424
445338.00000 4368046.00000 -101.6718
445338.00000 4368050.00000 -102.7564
445338.00000 4368054.00000 -103.9715
445338.00000 4368058.00000 -107.1541
445338.00000 4368062.00000 -111.7048
445338.00000 4368066.00000 -115.5190
445338.00000 4368070.00000 -110.0293
445338.00000 4368074.00000 -112.6488
445338.00000 4368078.00000 -112.2146
445338.00000 4368082.00000 -116.1643
445338.00000 4368086.00000 -113.1178
445338.00000 4368090.00000 -115.4936
445338.00000 4368094.00000 -113.5111
445338.00000 4368098.00000 -114.1251
445338.00000 4368102.00000 -116.3871
445338.00000 4368106.00000 -116.7112
445338.00000 4368110.00000 -116.2916
445338.00000 4368114.00000 -114.2967
445338.00000 4368118.00000 -100.6254
445338.00000 4368122.00000 -100.1178
445338.00000 4368126.00000 N.C.
445338.00000 4368130.00000 N.C.
445338.00000 4368134.00000 N.C.
445338.00000 4368138.00000 N.C.
445338.00000 4368142.00000 N.C.
445338.00000 4368146.00000 N.C.
445338.00000 4368150.00000 N.C.
445338.00000 4368154.00000 N.C.
445338.00000 4368158.00000 N.C.
445338.00000 4368162.00000 N.C.
445338.00000 4368166.00000 N.C.
445338.00000 4368170.00000 N.C.
445338.00000 4368174.00000 -128.8489
445338.00000 4368178.00000 -126.8533
445338.00000 4368182.00000 N.C.
445338.00000 4368186.00000 -110.8178
445338.00000 4368190.00000 -110.1516
445338.00000 4368194.00000 -112.2803
445338.00000 4368198.00000 -120.4521
445338.00000 4368202.00000 -119.5731
445338.00000 4368206.00000 -118.8002
445338.00000 4368210.00000 -117.5032
445338.00000 4368214.00000 -114.2986
445338.00000 4368218.00000 -103.7800
445338.00000 4368222.00000 -111.9498
445338.00000 4368226.00000 -108.7951
445338.00000 4368230.00000 -110.6894
445338.00000 4368234.00000 -109.7573
445338.00000 4368238.00000 -112.7470
445338.00000 4368242.00000 -112.1405
445338.00000 4368246.00000 N.C.
445338.00000 4368250.00000 N.C.
445338.00000 4368254.00000 N.C.
445338.00000 4368258.00000 N.C.
445338.00000 4368262.00000 N.C.
445338.00000 4368266.00000 N.C.
445338.00000 4368270.00000 N.C.
445338.00000 4368274.00000 N.C.
445338.00000 4368278.00000 -132.7942
445338.00000 4368282.00000 -132.2471
445338.00000 4368286.00000 -130.1826
445338.00000 4368290.00000 N.C.
445338.00000 4368294.00000 N.C.
445338.00000 4368298.00000 N.C.
445338.00000 4368302.00000 N.C.
445338.00000 4368306.00000 N.C.
445338.00000 4368310.00000 -167.6214
445338.00000 4368314.00000 -145.6181
445338.00000 4368318.00000 N.C.
445338.00000 4368322.00000 -142.3196
445338.00000 4368326.00000 -139.8991
445338.00000 4368330.00000 -136.6204
445338.00000 4368334.00000 -134.6916
445338.00000 4368338.00000 -129.1088
445338.00000 4368342.00000 -130.7092
445338.00000 4368346.00000 -126.9570
445338.00000 4368350.00000 -126.6715
445338.00000 4368354.00000 -122.2392
445338.00000 4368358.00000 -137.9402
445338.00000 4368362.00000 -138.2402
445338.00000 4368366.00000 -138.3099
445338.00000 4368370.00000 -138.3866
445338.00000 4368374.00000 -138.4945
445338.00000 4368378.00000 N.C.
445338.00000 4368382.00000 N.C.
445338.00000 4368386.00000 -149.9345
445338.00000 4368390.00000 -136.6712
445338.00000 4368394.00000 -136.6332
445342.00000 4367886.00000 -106.9709
445342.00000 4367890.00000 -106.5553
445342.00000 4367894.00000 -106.4493
445342.00000 4367898.00000 -106.2454
445342.00000 4367902.00000 -106.4331
445342.00000 4367906.00000 -106.3084
445342.00000 4367910.00000 -105.8927
445342.00000 4367914.00000 -106.0246
445342.00000 4367918.00000 -105.8994
445342.00000 4367922.00000 -105.8360
445342.00000 4367926.00000 -105.7802
445342.00000 4367930.00000 -105.7230
445342.00000 4367934.00000 -105.6127
445342.00000 4367938.00000 -105.4371
445342.00000 4367942.00000 -105.2074
445342.00000 4367946.00000 -105.0764
445342.00000 4367950.00000 -104.9745
445342.00000 4367954.00000 -104.7523
445342.00000 4367958.00000 -104.7394
445342.00000 4367962.00000 -104.4728
445342.00000 4367966.00000 -104.5196
445342.00000 4367970.00000 -104.3669
445342.00000 4367974.00000 -104.2603
445342.00000 4367978.00000 -103.9519
445342.00000 4367982.00000 -103.6427
445342.00000 4367986.00000 -103.7514
445342.00000 4367990.00000 -103.8795
445342.00000 4367994.00000 -103.8208
445342.00000 4367998.00000 -103.7026
445342.00000 4368002.00000 -103.5771
445342.00000 4368006.00000 -103.4561
445342.00000 4368010.00000 -103.2926
445342.00000 4368014.00000 -103.1397
445342.00000 4368018.00000 -102.9955
445342.00000 4368022.00000 -102.8269
445342.00000 4368026.00000 -102.5702
445342.00000 4368030.00000 -102.3084
445342.00000 4368034.00000 -102.0644
445342.00000 4368038.00000 -102.0211
445342.00000 4368042.00000 -102.0963
445342.00000 4368046.00000 -102.0158
445342.00000 4368050.00000 -102.8724
445342.00000 4368054.00000 -107.2846
445342.00000 4368058.00000 -108.3018
445342.00000 4368062.00000 -112.4357
445342.00000 4368066.00000 -110.4891
445342.00000 4368070.00000 -112.8165
445342.00000 4368074.00000 -112.5313
445342.00000 4368078.00000 -110.5315
445342.00000 4368082.00000 -114.2007
445342.00000 4368086.00000 -116.3486
445342.00000 4368090.00000 -115.4122
445342.00000 4368094.00000 -112.4622
445342.00000 4368098.00000 -114.5760
445342.00000 4368102.00000 -116.6678
445342.00000 4368106.00000 -116.8681
445342.00000 4368110.00000 -116.5714
445342.00000 4368114.00000 -113.6657
445342.00000 4368118.00000 -100.0226
445342.00000 4368122.00000 N.C.
445342.00000 4368126.00000 N.C.
445342.00000 4368130.00000 N.C.
445342.00000 4368134.00000 N.C.
445342.00000 4368138.00000 N.C.
445342.00000 4368142.00000 N.C.
445342.00000 4368146.00000 N.C.
445342.00000 4368150.00000 N.C.
445342.00000 4368154.00000 N.C.
445342.00000 4368158.00000 N.C.
445342.00000 4368162.00000 N.C.
445342.00000 4368166.00000 N.C.
445342.00000 4368170.00000 N.C.
445342.00000 4368174.00000 -129.1755
445342.00000 4368178.00000 -128.2727
445342.00000 4368182.00000 N.C.
445342.00000 4368186.00000 -124.4101
445342.00000 4368190.00000 -124.6043
445342.00000 4368194.00000 -124.3429
445342.00000 4368198.00000 -121.4429
445342.00000 4368202.00000 -120.3232
445342.00000 4368206.00000 -118.6094
445342.00000 4368210.00000 -111.5544
445342.00000 4368214.00000 -108.0788
445342.00000 4368218.00000 -103.2467
445342.00000 4368222.00000 -109.0096
445342.00000 4368226.00000 -111.8328
445342.00000 4368230.00000 -111.1491
445342.00000 4368234.00000 -113.3646
445342.00000 4368238.00000 -109.3324
445342.00000 4368242.00000 -111.1982
445342.00000 4368246.00000 N.C.
445342.00000 4368250.00000 N.C.
445342.00000 4368254.00000 N.C.
445342.00000 4368258.00000 N.C.
445342.00000 4368262.00000 N.C.
445342.00000 4368266.00000 N.C.
445342.00000 4368270.00000 N.C.
445342.00000 4368274.00000 N.C.
445342.00000 4368278.00000 -131.1766
445342.00000 4368282.00000 -130.3229
445342.00000 4368286.00000 -128.8364
445342.00000 4368290.00000 N.C.
445342.00000 4368294.00000 N.C.
445342.00000 4368298.00000 N.C.
445342.00000 4368302.00000 N.C.
445342.00000 4368306.00000 N.C.
445342.00000 4368310.00000 -169.4097
445342.00000 4368314.00000 -148.5502
445342.00000 4368318.00000 N.C.
445342.00000 4368322.00000 -141.1796
445342.00000 4368326.00000 -137.6313
445342.00000 4368330.00000 -133.5968
445342.00000 4368334.00000 -133.2242
445342.00000 4368338.00000 -129.1826
445342.00000 4368342.00000 -129.5633
445342.00000 4368346.00000 -127.2745
445342.00000 4368350.00000 -121.7229
445342.00000 4368354.00000 -120.1474
445342.00000 4368358.00000 -117.4218
445342.00000 4368362.00000 -118.1948
445342.00000 4368366.00000 -125.4635
445342.00000 4368370.00000 -125.6658
445342.00000 4368374.00000 -138.3129
445342.00000 4368378.00000 -138.4542
445342.00000 4368382.00000 -138.7505
445342.00000 4368386.00000 -131.7342
445342.00000 4368390.00000 -131.8317
445342.00000 4368394.00000 -130.1694
445346.00000 4367886.00000 -106.7676
445346.00000 4367890.00000 -106.6337
445346.00000 4367894.00000 -106.4297
445346.00000 4367898.00000 -106.6045
445346.00000 4367902.00000 -106.4881
445346.00000 4367906.00000 -106.1094
445346.00000 4367910.00000 -106.1943
445346.00000 4367914.00000 -106.1314
445346.00000 4367918.00000 -106.0642
445346.00000 4367922.00000 -106.0302
445346.00000 4367926.00000 -105.9157
445346.00000 4367930.00000 -105.7971
445346.00000 4367934.00000 -105.6702
445346.00000 4367938.00000 -105.4203
445346.00000 4367942.00000 -105.6094
445346.00000 4367946.00000 -105.5435
445346.00000 4367950.00000 -105.2832
445346.00000 4367954.00000 -105.1207
445346.00000 4367958.00000 -105.1172
445346.00000 4367962.00000 -104.8406
445346.00000 4367966.00000 -104.9181
445346.00000 4367970.00000 -104.7547
445346.00000 4367974.00000 -104.4623
445346.00000 4367978.00000 -104.2386
445346.00000 4367982.00000 -104.0188
445346.00000 4367986.00000 -104.1701
445346.00000 4367990.00000 -104.1181
445346.00000 4367994.00000 -103.9896
445346.00000 4367998.00000 -103.8549
445346.00000 4368002.00000 -103.7130
445346.00000 4368006.00000 -103.6007
445346.00000 4368010.00000 -103.4366
445346.00000 4368014.00000 -103.2885
445346.00000 4368018.00000 -103.1254
445346.00000 4368022.00000 -102.8522
445346.00000 4368026.00000 -102.6317
445346.00000 4368030.00000 -102.4865
445346.00000 4368034.00000 -101.2322
445346.00000 4368038.00000 -102.3618
445346.00000 4368042.00000 -101.9241
445346.00000 4368046.00000 -100.4066
445346.00000 4368050.00000 -104.1012
445346.00000 4368054.00000 -107.4325
445346.00000 4368058.00000 -108.4434
445346.00000 4368062.00000 -111.8501
445346.00000 4368066.00000 -110.1302
445346.00000 4368070.00000 -112.1209
445346.00000 4368074.00000 -112.1949
445346.00000 4368078.00000 -105.5344
445346.00000 4368082.00000 -111.1715
445346.00000 4368086.00000 -112.5578
445346.00000 4368090.00000 -112.3328
445346.00000 4368094.00000 -110.3452
445346.00000 4368098.00000 -112.2972
445346.00000 4368102.00000 -112.8693
445346.00000 4368106.00000 -113.1074
445346.00000 4368110.00000 -116.6405
445346.00000 4368114.00000 -113.4979
445346.00000 4368118.00000 -99.9670
445346.00000 4368122.00000 N.C.
445346.00000 4368126.00000 N.C.
445346.00000 4368130.00000 N.C.
445346.00000 4368134.00000 N.C.
445346.00000 4368138.00000 N.C.
445346.00000 4368142.00000 N.C.
445346.00000 4368146.00000 N.C.
445346.00000 4368150.00000 N.C.
445346.00000 4368154.00000 N.C.
445346.00000 4368158.00000 N.C.
445346.00000 4368162.00000 N.C.
445346.00000 4368166.00000 N.C.
445346.00000 4368170.00000 N.C.
445346.00000 4368174.00000 -127.4050
445346.00000 4368178.00000 -127.5302
445346.00000 4368182.00000 N.C.
445346.00000 4368186.00000 -123.5431
445346.00000 4368190.00000 -124.8308
445346.00000 4368194.00000 -124.2154
445346.00000 4368198.00000 -121.6963
445346.00000 4368202.00000 -120.6137
445346.00000 4368206.00000 -118.9182
445346.00000 4368210.00000 -118.0342
445346.00000 4368214.00000 -111.3482
445346.00000 4368218.00000 -103.7882
445346.00000 4368222.00000 -109.4146
445346.00000 4368226.00000 -112.4237
445346.00000 4368230.00000 -115.3207
445346.00000 4368234.00000 -106.2236
445346.00000 4368238.00000 -108.8950
445346.00000 4368242.00000 N.C.
445346.00000 4368246.00000 N.C.
445346.00000 4368250.00000 -122.4168
445346.00000 4368254.00000 N.C.
445346.00000 4368258.00000 N.C.
445346.00000 4368262.00000 -135.6084
445346.00000 4368266.00000 N.C.
445346.00000 4368270.00000 N.C.
445346.00000 4368274.00000 -134.8718
445346.00000 4368278.00000 -132.4444
445346.00000 4368282.00000 -130.0891
445346.00000 4368286.00000 -127.4649
445346.00000 4368290.00000 -140.1279
445346.00000 4368294.00000 N.C.
445346.00000 4368298.00000 N.C.
445346.00000 4368302.00000 -155.6390
445346.00000 4368306.00000 -155.3654
445346.00000 4368310.00000 -153.4769
445346.00000 4368314.00000 -148.2090
445346.00000 4368318.00000 -144.8676
445346.00000 4368322.00000 -141.5703
445346.00000 4368326.00000 -134.8724
445346.00000 4368330.00000 -136.5965
445346.00000 4368334.00000 -133.2210
445346.00000 4368338.00000 -128.7733
445346.00000 4368342.00000 -129.8358
445346.00000 4368346.00000 -127.5483
445346.00000 4368350.00000 -122.8282
445346.00000 4368354.00000 -121.5350
445346.00000 4368358.00000 -115.3758
445346.00000 4368362.00000 -117.6472
445346.00000 4368366.00000 -121.9739
445346.00000 4368370.00000 -124.9431
445346.00000 4368374.00000 -125.0975
445346.00000 4368378.00000 -122.5989
445346.00000 4368382.00000 -125.5821
445346.00000 4368386.00000 -123.4174
445346.00000 4368390.00000 -123.2138
445346.00000 4368394.00000 -123.3858
445350.00000 4367886.00000 -106.7880
445350.00000 4367890.00000 -106.6611
445350.00000 4367894.00000 -106.7994
445350.00000 4367898.00000 -106.6918
445350.00000 4367902.00000 -106.2748
445350.00000 4367906.00000 -106.3930
445350.00000 4367910.00000 -106.3036
445350.00000 4367914.00000 -106.2248
445350.00000 4367918.00000 -106.4451
445350.00000 4367922.00000 -106.3607
445350.00000 4367926.00000 -106.2502
445350.00000 4367930.00000 -106.1683
445350.00000 4367934.00000 -106.0366
445350.00000 4367938.00000 -105.8373
445350.00000 4367942.00000 -105.7189
445350.00000 4367946.00000 -105.6544
445350.00000 4367950.00000 -105.3862
445350.00000 4367954.00000 -105.3755
445350.00000 4367958.00000 -105.1112
445350.00000 4367962.00000 -105.0013
445350.00000 4367966.00000 -105.0638
445350.00000 4367970.00000 -104.9554
445350.00000 4367974.00000 -104.5088
445350.00000 4367978.00000 -104.3781
445350.00000 4367982.00000 -104.4508
445350.00000 4367986.00000 -104.3242
445350.00000 4367990.00000 -104.2775
445350.00000 4367994.00000 -104.1537
445350.00000 4367998.00000 -104.0205
445350.00000 4368002.00000 -103.8878
445350.00000 4368006.00000 -103.7542
445350.00000 4368010.00000 -103.5901
445350.00000 4368014.00000 -103.4251
445350.00000 4368018.00000 -103.2637
445350.00000 4368022.00000 -102.9026
445350.00000 4368026.00000 -102.7748
445350.00000 4368030.00000 -102.6147
445350.00000 4368034.00000 -102.5898
445350.00000 4368038.00000 -102.5747
445350.00000 4368042.00000 -101.6040
445350.00000 4368046.00000 -100.1322
445350.00000 4368050.00000 -105.4184
445350.00000 4368054.00000 -107.5436
445350.00000 4368058.00000 -108.4333
445350.00000 4368062.00000 -109.0416
445350.00000 4368066.00000 -110.1718
445350.00000 4368070.00000 -112.2678
445350.00000 4368074.00000 -105.2595
445350.00000 4368078.00000 -113.4698
445350.00000 4368082.00000 -109.7597
445350.00000 4368086.00000 -112.8889
445350.00000 4368090.00000 -112.6113
445350.00000 4368094.00000 -112.8759
445350.00000 4368098.00000 -110.7162
445350.00000 4368102.00000 -113.1010
445350.00000 4368106.00000 -113.3582
445350.00000 4368110.00000 -113.1962
445350.00000 4368114.00000 -109.5961
445350.00000 4368118.00000 -101.6320
445350.00000 4368122.00000 N.C.
445350.00000 4368126.00000 N.C.
445350.00000 4368130.00000 N.C.
445350.00000 4368134.00000 N.C.
445350.00000 4368138.00000 N.C.
445350.00000 4368142.00000 N.C.
445350.00000 4368146.00000 N.C.
445350.00000 4368150.00000 N.C.
445350.00000 4368154.00000 N.C.
445350.00000 4368158.00000 N.C.
445350.00000 4368162.00000 N.C.
445350.00000 4368166.00000 N.C.
445350.00000 4368170.00000 N.C.
445350.00000 4368174.00000 -126.2449
445350.00000 4368178.00000 N.C.
445350.00000 4368182.00000 N.C.
445350.00000 4368186.00000 -124.1703
445350.00000 4368190.00000 -125.1185
445350.00000 4368194.00000 -124.2073
445350.00000 4368198.00000 -121.2747
445350.00000 4368202.00000 -119.9400
445350.00000 4368206.00000 -118.9911
445350.00000 4368210.00000 -111.6143
445350.00000 4368214.00000 -111.6971
445350.00000 4368218.00000 -103.9958
445350.00000 4368222.00000 -107.3571
445350.00000 4368226.00000 -111.3786
445350.00000 4368230.00000 -105.9933
445350.00000 4368234.00000 -114.6727
445350.00000 4368238.00000 N.C.
445350.00000 4368242.00000 N.C.
445350.00000 4368246.00000 N.C.
445350.00000 4368250.00000 N.C.
445350.00000 4368254.00000 N.C.
445350.00000 4368258.00000 N.C.
445350.00000 4368262.00000 N.C.
445350.00000 4368266.00000 N.C.
445350.00000 4368270.00000 N.C.
445350.00000 4368274.00000 -134.5559
445350.00000 4368278.00000 -132.5335
445350.00000 4368282.00000 -130.0827
445350.00000 4368286.00000 -129.2952
445350.00000 4368290.00000 -126.2620
445350.00000 4368294.00000 N.C.
445350.00000 4368298.00000 -147.1095
445350.00000 4368302.00000 -147.0573
445350.00000 4368306.00000 -146.4638
445350.00000 4368310.00000 -144.6235
445350.00000 4368314.00000 -142.0394
445350.00000 4368318.00000 -139.0586
445350.00000 4368322.00000 -137.1886
445350.00000 4368326.00000 -137.5855
445350.00000 4368330.00000 -136.3335
445350.00000 4368334.00000 -134.5896
445350.00000 4368338.00000 -130.8491
445350.00000 4368342.00000 -129.9798
445350.00000 4368346.00000 -127.8629
445350.00000 4368350.00000 -123.0684
445350.00000 4368354.00000 -117.0119
445350.00000 4368358.00000 -116.4184
445350.00000 4368362.00000 -116.3121
445350.00000 4368366.00000 -117.4103
445350.00000 4368370.00000 -121.0346
445350.00000 4368374.00000 -121.4243
445350.00000 4368378.00000 -122.5140
445350.00000 4368382.00000 -122.4179
445350.00000 4368386.00000 -121.8548
445350.00000 4368390.00000 -123.2226
445350.00000 4368394.00000 -123.3944
445354.00000 4367886.00000 -107.1060
445354.00000 4367890.00000 -107.2258
445354.00000 4367894.00000 -107.1700
445354.00000 4367898.00000 -106.7155
445354.00000 4367902.00000 -106.9142
445354.00000 4367906.00000 -106.8442
445354.00000 4367910.00000 -106.7263
445354.00000 4367914.00000 -106.6285
445354.00000 4367918.00000 -106.5860
445354.00000 4367922.00000 -106.5210
445354.00000 4367926.00000 -106.3681
445354.00000 4367930.00000 -106.3135
445354.00000 4367934.00000 -106.2050
445354.00000 4367938.00000 -106.0759
445354.00000 4367942.00000 -105.9673
445354.00000 4367946.00000 -105.8000
445354.00000 4367950.00000 -105.6025
445354.00000 4367954.00000 -105.4832
445354.00000 4367958.00000 -105.2191
445354.00000 4367962.00000 -105.3077
445354.00000 4367966.00000 -105.1503
445354.00000 4367970.00000 -105.0142
445354.00000 4367974.00000 -104.6066
445354.00000 4367978.00000 -104.4070
445354.00000 4367982.00000 -104.5943
445354.00000 4367986.00000 -104.5507
445354.00000 4367990.00000 -104.4270
445354.00000 4367994.00000 -104.2886
445354.00000 4367998.00000 -104.1715
445354.00000 4368002.00000 -104.0474
445354.00000 4368006.00000 -103.9043
445354.00000 4368010.00000 -103.7066
445354.00000 4368014.00000 -103.6116
445354.00000 4368018.00000 -103.3074
445354.00000 4368022.00000 -103.0464
445354.00000 4368026.00000 -102.8765
445354.00000 4368030.00000 -101.8402
445354.00000 4368034.00000 -102.8399
445354.00000 4368038.00000 -101.9845
445354.00000 4368042.00000 -100.9109
445354.00000 4368046.00000 -101.7861
445354.00000 4368050.00000 -105.8371
445354.00000 4368054.00000 -107.5937
445354.00000 4368058.00000 -108.1494
445354.00000 4368062.00000 -108.5728
445354.00000 4368066.00000 -113.4503
445354.00000 4368070.00000 -112.5962
445354.00000 4368074.00000 -105.9203
445354.00000 4368078.00000 -109.8141
445354.00000 4368082.00000 -113.5946
445354.00000 4368086.00000 -112.8666
445354.00000 4368090.00000 -109.5397
445354.00000 4368094.00000 -110.1610
445354.00000 4368098.00000 -113.6518
445354.00000 4368102.00000 -113.4609
445354.00000 4368106.00000 -113.5850
445354.00000 4368110.00000 -113.3412
445354.00000 4368114.00000 -108.3127
445354.00000 4368118.00000 -102.0132
445354.00000 4368122.00000 N.C.
445354.00000 4368126.00000 N.C.
445354.00000 4368130.00000 N.C.
445354.00000 4368134.00000 N.C.
445354.00000 4368138.00000 N.C.
445354.00000 4368142.00000 N.C.
445354.00000 4368146.00000 N.C.
445354.00000 4368150.00000 N.C.
445354.00000 4368154.00000 N.C.
445354.00000 4368158.00000 N.C.
445354.00000 4368162.00000 N.C.
445354.00000 4368166.00000 N.C.
445354.00000 4368170.00000 N.C.
445354.00000 4368174.00000 -126.8395
445354.00000 4368178.00000 N.C.
445354.00000 4368182.00000 N.C.
445354.00000 4368186.00000 -124.2434
445354.00000 4368190.00000 -124.6266
445354.00000 4368194.00000 -123.4836
445354.00000 4368198.00000 -120.3188
445354.00000 4368202.00000 -119.0332
445354.00000 4368206.00000 -111.8033
445354.00000 4368210.00000 -113.3144
445354.00000 4368214.00000 -110.2962
445354.00000 4368218.00000 -107.4993
445354.00000 4368222.00000 -106.3532
445354.00000 4368226.00000 -107.0897
445354.00000 4368230.00000 -107.4217
445354.00000 4368234.00000 -114.7173
445354.00000 4368238.00000 N.C.
445354.00000 4368242.00000 N.C.
445354.00000 4368246.00000 N.C.
445354.00000 4368250.00000 N.C.
445354.00000 4368254.00000 -133.7350
445354.00000 4368258.00000 N.C.
445354.00000 4368262.00000 N.C.
445354.00000 4368266.00000 N.C.
445354.00000 4368270.00000 N.C.
445354.00000 4368274.00000 -131.7323
445354.00000 4368278.00000 -131.3667
445354.00000 4368282.00000 -130.4564
445354.00000 4368286.00000 -129.1229
445354.00000 4368290.00000 -127.9259
445354.00000 4368294.00000 N.C.
445354.00000 4368298.00000 N.C.
445354.00000 4368302.00000 -152.4780
445354.00000 4368306.00000 N.C.
445354.00000 4368310.00000 N.C.
445354.00000 4368314.00000 -146.8833
445354.00000 4368318.00000 -138.7493
445354.00000 4368322.00000 -137.6113
445354.00000 4368326.00000 -136.3939
445354.00000 4368330.00000 -135.7514
445354.00000 4368334.00000 -131.0644
445354.00000 4368338.00000 -131.4315
445354.00000 4368342.00000 -125.5608
445354.00000 4368346.00000 -126.1844
445354.00000 4368350.00000 -122.4157
445354.00000 4368354.00000 -117.2659
445354.00000 4368358.00000 -117.3610
445354.00000 4368362.00000 -116.6922
445354.00000 4368366.00000 -118.0044
445354.00000 4368370.00000 -117.7011
445354.00000 4368374.00000 -116.7951
445354.00000 4368378.00000 -116.6314
445354.00000 4368382.00000 -119.1359
445354.00000 4368386.00000 -120.5656
445354.00000 4368390.00000 -120.1505
445354.00000 4368394.00000 -122.4938
445358.00000 4367886.00000 -107.4416
445358.00000 4367890.00000 -107.0634
445358.00000 4367894.00000 -107.2747
445358.00000 4367898.00000 -107.0787
445358.00000 4367902.00000 -107.0320
445358.00000 4367906.00000 -106.9552
445358.00000 4367910.00000 -106.8885
445358.00000 4367914.00000 -106.7733
445358.00000 4367918.00000 -106.7128
445358.00000 4367922.00000 -106.6602
445358.00000 4367926.00000 -106.5378
445358.00000 4367930.00000 -106.4577
445358.00000 4367934.00000 -106.3191
445358.00000 4367938.00000 -106.2033
445358.00000 4367942.00000 -106.0845
445358.00000 4367946.00000 -105.9132
445358.00000 4367950.00000 -105.7847
445358.00000 4367954.00000 -105.4783
445358.00000 4367958.00000 -105.3708
445358.00000 4367962.00000 -105.4454
445358.00000 4367966.00000 -105.2865
445358.00000 4367970.00000 -104.8799
445358.00000 4367974.00000 -104.7615
445358.00000 4367978.00000 -104.6801
445358.00000 4367982.00000 -104.7411
445358.00000 4367986.00000 -104.6982
445358.00000 4367990.00000 -104.5708
445358.00000 4367994.00000 -104.4530
445358.00000 4367998.00000 -104.3269
445358.00000 4368002.00000 -104.2019
445358.00000 4368006.00000 -103.9913
445358.00000 4368010.00000 -103.8538
445358.00000 4368014.00000 -103.5842
445358.00000 4368018.00000 -103.3365
445358.00000 4368022.00000 -103.2552
445358.00000 4368026.00000 -103.1846
445358.00000 4368030.00000 -103.1109
445358.00000 4368034.00000 -102.8384
445358.00000 4368038.00000 -102.1805
445358.00000 4368042.00000 -100.6081
445358.00000 4368046.00000 -101.9851
445358.00000 4368050.00000 -105.6473
445358.00000 4368054.00000 -107.7409
445358.00000 4368058.00000 -102.8190
445358.00000 4368062.00000 -105.4628
445358.00000 4368066.00000 -106.2491
445358.00000 4368070.00000 -103.0672
445358.00000 4368074.00000 -106.0466
445358.00000 4368078.00000 -110.0809
445358.00000 4368082.00000 -113.2953
445358.00000 4368086.00000 -112.7962
445358.00000 4368090.00000 -109.3881
445358.00000 4368094.00000 N.C.
445358.00000 4368098.00000 -113.1814
445358.00000 4368102.00000 -113.5308
445358.00000 4368106.00000 -113.8084
445358.00000 4368110.00000 -111.0673
445358.00000 4368114.00000 -107.0446
445358.00000 4368118.00000 -99.6956
445358.00000 4368122.00000 N.C.
445358.00000 4368126.00000 N.C.
445358.00000 4368130.00000 N.C.
445358.00000 4368134.00000 N.C.
445358.00000 4368138.00000 N.C.
445358.00000 4368142.00000 N.C.
445358.00000 4368146.00000 N.C.
445358.00000 4368150.00000 N.C.
445358.00000 4368154.00000 N.C.
445358.00000 4368158.00000 N.C.
445358.00000 4368162.00000 N.C.
445358.00000 4368166.00000 N.C.
445358.00000 4368170.00000 -126.9604
445358.00000 4368174.00000 -127.2411
445358.00000 4368178.00000 N.C.
445358.00000 4368182.00000 -121.9422
445358.00000 4368186.00000 -124.3785
445358.00000 4368190.00000 -123.3210
445358.00000 4368194.00000 -119.2944
445358.00000 4368198.00000 -111.4656
445358.00000 4368202.00000 -112.1300
445358.00000 4368206.00000 -113.7473
445358.00000 4368210.00000 -113.5996
445358.00000 4368214.00000 -116.2949
445358.00000 4368218.00000 -108.3269
445358.00000 4368222.00000 -105.2823
445358.00000 4368226.00000 -104.6658
445358.00000 4368230.00000 -115.6212
445358.00000 4368234.00000 -111.7337
445358.00000 4368238.00000 N.C.
445358.00000 4368242.00000 N.C.
445358.00000 4368246.00000 N.C.
445358.00000 4368250.00000 N.C.
445358.00000 4368254.00000 -113.9604
445358.00000 4368258.00000 N.C.
445358.00000 4368262.00000 N.C.
445358.00000 4368266.00000 N.C.
445358.00000 4368270.00000 -150.7828
445358.00000 4368274.00000 -133.9567
445358.00000 4368278.00000 -129.6076
445358.00000 4368282.00000 -126.3208
445358.00000 4368286.00000 -129.5824
445358.00000 4368290.00000 -128.3742
445358.00000 4368294.00000 -139.1451
445358.00000 4368298.00000 N.C.
445358.00000 4368302.00000 N.C.
445358.00000 4368306.00000 -140.2999
445358.00000 4368310.00000 -139.1618
445358.00000 4368314.00000 -132.7433
445358.00000 4368318.00000 -132.7984
445358.00000 4368322.00000 -132.2765
445358.00000 4368326.00000 -131.3416
445358.00000 4368330.00000 -131.6691
445358.00000 4368334.00000 -131.4989
445358.00000 4368338.00000 -132.0770
445358.00000 4368342.00000 -128.9405
445358.00000 4368346.00000 -123.1115
445358.00000 4368350.00000 -122.5711
445358.00000 4368354.00000 -117.6168
445358.00000 4368358.00000 -117.7236
445358.00000 4368362.00000 -108.9021
445358.00000 4368366.00000 -115.6433
445358.00000 4368370.00000 -117.7211
445358.00000 4368374.00000 -117.5777
445358.00000 4368378.00000 -117.7799
445358.00000 4368382.00000 -116.5236
445358.00000 4368386.00000 -117.3022
445358.00000 4368390.00000 -117.9893
445358.00000 4368394.00000 -118.7374
445362.00000 4367886.00000 -107.5810
445362.00000 4367890.00000 -107.2124
445362.00000 4367894.00000 -107.3624
445362.00000 4367898.00000 -107.1970
445362.00000 4367902.00000 -107.1975
445362.00000 4367906.00000 -107.1137
445362.00000 4367910.00000 -106.9936
445362.00000 4367914.00000 -106.9112
445362.00000 4367918.00000 -106.8402
445362.00000 4367922.00000 -106.7519
445362.00000 4367926.00000 -106.6241
445362.00000 4367930.00000 -106.5419
445362.00000 4367934.00000 -106.4229
445362.00000 4367938.00000 -106.3169
445362.00000 4367942.00000 -106.1352
445362.00000 4367946.00000 -106.0247
445362.00000 4367950.00000 -105.8973
445362.00000 4367954.00000 -105.5720
445362.00000 4367958.00000 -105.5917
445362.00000 4367962.00000 -105.5378
445362.00000 4367966.00000 -105.2249
445362.00000 4367970.00000 -105.0122
445362.00000 4367974.00000 -104.8014
445362.00000 4367978.00000 -104.9868
445362.00000 4367982.00000 -104.9437
445362.00000 4367986.00000 -104.8203
445362.00000 4367990.00000 -104.7164
445362.00000 4367994.00000 -104.5977
445362.00000 4367998.00000 -104.4732
445362.00000 4368002.00000 -104.2737
445362.00000 4368006.00000 -104.1524
445362.00000 4368010.00000 -104.0538
445362.00000 4368014.00000 -103.6683
445362.00000 4368018.00000 -103.4971
445362.00000 4368022.00000 -103.4922
445362.00000 4368026.00000 -103.3886
445362.00000 4368030.00000 -103.3425
445362.00000 4368034.00000 -102.5705
445362.00000 4368038.00000 -101.9959
445362.00000 4368042.00000 -102.3030
445362.00000 4368046.00000 -106.2009
445362.00000 4368050.00000 -105.8215
445362.00000 4368054.00000 -108.6984
445362.00000 4368058.00000 -102.7654
445362.00000 4368062.00000 -106.3789
445362.00000 4368066.00000 -106.1290
445362.00000 4368070.00000 -103.0806
445362.00000 4368074.00000 -105.6439
445362.00000 4368078.00000 -105.4062
445362.00000 4368082.00000 -113.3362
445362.00000 4368086.00000 -113.7837
445362.00000 4368090.00000 N.C.
445362.00000 4368094.00000 N.C.
445362.00000 4368098.00000 -113.5580
445362.00000 4368102.00000 -113.5391
445362.00000 4368106.00000 -113.5153
445362.00000 4368110.00000 -111.0218
445362.00000 4368114.00000 -106.2111
445362.00000 4368118.00000 -97.9807
445362.00000 4368122.00000 -123.6041
445362.00000 4368126.00000 N.C.
445362.00000 4368130.00000 N.C.
445362.00000 4368134.00000 N.C.
445362.00000 4368138.00000 N.C.
445362.00000 4368142.00000 N.C.
445362.00000 4368146.00000 N.C.
445362.00000 4368150.00000 N.C.
445362.00000 4368154.00000 N.C.
445362.00000 4368158.00000 N.C.
445362.00000 4368162.00000 N.C.
445362.00000 4368166.00000 N.C.
445362.00000 4368170.00000 -127.1867
445362.00000 4368174.00000 -127.8251
445362.00000 4368178.00000 N.C.
445362.00000 4368182.00000 -114.9661
445362.00000 4368186.00000 -115.6974
445362.00000 4368190.00000 -121.6497
445362.00000 4368194.00000 -113.0074
445362.00000 4368198.00000 -114.3167
445362.00000 4368202.00000 -114.2707
445362.00000 4368206.00000 -113.8215
445362.00000 4368210.00000 -118.5391
445362.00000 4368214.00000 -108.7712
445362.00000 4368218.00000 -108.4250
445362.00000 4368222.00000 -102.8662
445362.00000 4368226.00000 -109.3692
445362.00000 4368230.00000 -113.6027
445362.00000 4368234.00000 -116.6032
445362.00000 4368238.00000 N.C.
445362.00000 4368242.00000 N.C.
445362.00000 4368246.00000 N.C.
445362.00000 4368250.00000 N.C.
445362.00000 4368254.00000 N.C.
445362.00000 4368258.00000 N.C.
445362.00000 4368262.00000 N.C.
445362.00000 4368266.00000 N.C.
445362.00000 4368270.00000 -133.4830
445362.00000 4368274.00000 -133.1904
445362.00000 4368278.00000 -128.0197
445362.00000 4368282.00000 -127.3798
445362.00000 4368286.00000 -125.2741
445362.00000 4368290.00000 -126.7931
445362.00000 4368294.00000 -129.1345
445362.00000 4368298.00000 -133.4149
445362.00000 4368302.00000 -133.8209
445362.00000 4368306.00000 -133.1272
445362.00000 4368310.00000 -133.1509
445362.00000 4368314.00000 -132.5802
445362.00000 4368318.00000 -132.3440
445362.00000 4368322.00000 -132.4478
445362.00000 4368326.00000 -131.5174
445362.00000 4368330.00000 -131.4972
445362.00000 4368334.00000 -131.9311
445362.00000 4368338.00000 -131.6264
445362.00000 4368342.00000 -130.4460
445362.00000 4368346.00000 -127.5816
445362.00000 4368350.00000 -122.5501
445362.00000 4368354.00000 -117.4819
445362.00000 4368358.00000 -117.7993
445362.00000 4368362.00000 -113.9632
445362.00000 4368366.00000 -108.9205
445362.00000 4368370.00000 -114.0813
445362.00000 4368374.00000 -118.5100
445362.00000 4368378.00000 -117.1125
445362.00000 4368382.00000 -117.3597
445362.00000 4368386.00000 -117.2658
445362.00000 4368390.00000 -117.9480
445362.00000 4368394.00000 -117.9083
445366.00000 4367886.00000 -107.7074
445366.00000 4367890.00000 -107.5389
445366.00000 4367894.00000 -107.3658
445366.00000 4367898.00000 -107.2947
445366.00000 4367902.00000 -107.2840
445366.00000 4367906.00000 -107.1991
445366.00000 4367910.00000 -107.1103
445366.00000 4367914.00000 -107.0038
445366.00000 4367918.00000 -106.9693
445366.00000 4367922.00000 -106.9039
445366.00000 4367926.00000 -106.7971
445366.00000 4367930.00000 -106.6667
445366.00000 4367934.00000 -106.5576
445366.00000 4367938.00000 -106.4444
445366.00000 4367942.00000 -106.2611
445366.00000 4367946.00000 -106.1570
445366.00000 4367950.00000 -106.0366
445366.00000 4367954.00000 -105.9392
445366.00000 4367958.00000 -105.8047
445366.00000 4367962.00000 -105.6551
445366.00000 4367966.00000 -105.2514
445366.00000 4367970.00000 -105.0467
445366.00000 4367974.00000 -105.2442
445366.00000 4367978.00000 -105.1034
445366.00000 4367982.00000 -105.0847
445366.00000 4367986.00000 -104.9750
445366.00000 4367990.00000 -104.8651
445366.00000 4367994.00000 -104.7468
445366.00000 4367998.00000 -104.5693
445366.00000 4368002.00000 -104.4517
445366.00000 4368006.00000 -104.3147
445366.00000 4368010.00000 -103.9320
445366.00000 4368014.00000 -103.8013
445366.00000 4368018.00000 -103.6892
445366.00000 4368022.00000 -102.5955
445366.00000 4368026.00000 -103.6725
445366.00000 4368030.00000 -103.3005
445366.00000 4368034.00000 -102.7600
445366.00000 4368038.00000 -102.9276
445366.00000 4368042.00000 -102.4976
445366.00000 4368046.00000 -106.3956
445366.00000 4368050.00000 -109.3312
445366.00000 4368054.00000 -103.0178
445366.00000 4368058.00000 -103.6718
445366.00000 4368062.00000 -106.5868
445366.00000 4368066.00000 -105.5051
445366.00000 4368070.00000 -112.6474
445366.00000 4368074.00000 -103.1968
445366.00000 4368078.00000 -106.2893
445366.00000 4368082.00000 -106.1761
445366.00000 4368086.00000 -106.2142
445366.00000 4368090.00000 -168.4851
445366.00000 4368094.00000 N.C.
445366.00000 4368098.00000 -106.0533
445366.00000 4368102.00000 -106.0352
445366.00000 4368106.00000 -113.8392
445366.00000 4368110.00000 -111.0628
445366.00000 4368114.00000 -100.5617
445366.00000 4368118.00000 -98.5928
445366.00000 4368122.00000 -124.6785
445366.00000 4368126.00000 -124.9753
445366.00000 4368130.00000 -134.0616
445366.00000 4368134.00000 -134.0722
445366.00000 4368138.00000 -136.8769
445366.00000 4368142.00000 -137.3655
445366.00000 4368146.00000 -138.2649
445366.00000 4368150.00000 N.C.
445366.00000 4368154.00000 N.C.
445366.00000 4368158.00000 N.C.
445366.00000 4368162.00000 N.C.
445366.00000 4368166.00000 N.C.
445366.00000 4368170.00000 -128.4268
445366.00000 4368174.00000 -128.2558
445366.00000 4368178.00000 N.C.
445366.00000 4368182.00000 -125.8058
445366.00000 4368186.00000 -123.1403
445366.00000 4368190.00000 -113.2490
445366.00000 4368194.00000 -114.9197
445366.00000 4368198.00000 -114.6724
445366.00000 4368202.00000 -114.0800
445366.00000 4368206.00000 -113.6643
445366.00000 4368210.00000 -109.2812
445366.00000 4368214.00000 -109.0947
445366.00000 4368218.00000 -107.3478
445366.00000 4368222.00000 -104.9356
445366.00000 4368226.00000 -109.3409
445366.00000 4368230.00000 N.C.
445366.00000 4368234.00000 N.C.
445366.00000 4368238.00000 N.C.
445366.00000 4368242.00000 N.C.
445366.00000 4368246.00000 N.C.
445366.00000 4368250.00000 N.C.
445366.00000 4368254.00000 N.C.
445366.00000 4368258.00000 N.C.
445366.00000 4368262.00000 N.C.
445366.00000 4368266.00000 N.C.
445366.00000 4368270.00000 N.C.
445366.00000 4368274.00000 N.C.
445366.00000 4368278.00000 N.C.
445366.00000 4368282.00000 -128.7885
445366.00000 4368286.00000 -126.1371
445366.00000 4368290.00000 -124.3190
445366.00000 4368294.00000 -126.1496
445366.00000 4368298.00000 -126.5055
445366.00000 4368302.00000 -128.9736
445366.00000 4368306.00000 -129.0951
445366.00000 4368310.00000 -128.8502
445366.00000 4368314.00000 -129.0603
445366.00000 4368318.00000 -129.1882
445366.00000 4368322.00000 -131.5473
445366.00000 4368326.00000 -131.8694
445366.00000 4368330.00000 -131.0679
445366.00000 4368334.00000 -131.8512
445366.00000 4368338.00000 -131.0954
445366.00000 4368342.00000 -131.1422
445366.00000 4368346.00000 -126.2761
445366.00000 4368350.00000 -126.3589
445366.00000 4368354.00000 -117.7438
445366.00000 4368358.00000 -117.7318
445366.00000 4368362.00000 -112.9867
445366.00000 4368366.00000 -114.1624
445366.00000 4368370.00000 -109.3989
445366.00000 4368374.00000 -109.4568
445366.00000 4368378.00000 -116.4388
445366.00000 4368382.00000 -117.1198
445366.00000 4368386.00000 -117.3122
445366.00000 4368390.00000 -116.0490
445366.00000 4368394.00000 -116.7788
445370.00000 4367886.00000 -107.7831
445370.00000 4367890.00000 -107.5521
445370.00000 4367894.00000 -107.4666
445370.00000 4367898.00000 -107.4949
445370.00000 4367902.00000 -107.4050
445370.00000 4367906.00000 -107.2904
445370.00000 4367910.00000 -107.1618
445370.00000 4367914.00000 -107.1438
445370.00000 4367918.00000 -107.0750
445370.00000 4367922.00000 -107.0129
445370.00000 4367926.00000 -106.9042
445370.00000 4367930.00000 -106.7742
445370.00000 4367934.00000 -106.6745
445370.00000 4367938.00000 -106.4939
445370.00000 4367942.00000 -106.3714
445370.00000 4367946.00000 -106.2848
445370.00000 4367950.00000 -106.1729
445370.00000 4367954.00000 -106.0676
445370.00000 4367958.00000 -105.8625
445370.00000 4367962.00000 -105.6028
445370.00000 4367966.00000 -105.3962
445370.00000 4367970.00000 -105.3266
445370.00000 4367974.00000 -105.3513
445370.00000 4367978.00000 -105.3301
445370.00000 4367982.00000 -105.2314
445370.00000 4367986.00000 -105.1272
445370.00000 4367990.00000 -105.0083
445370.00000 4367994.00000 -104.8322
445370.00000 4367998.00000 -104.7029
445370.00000 4368002.00000 -104.5801
445370.00000 4368006.00000 -104.3613
445370.00000 4368010.00000 -104.1743
445370.00000 4368014.00000 -103.9485
445370.00000 4368018.00000 -103.9550
445370.00000 4368022.00000 -103.8623
445370.00000 4368026.00000 -103.6751
445370.00000 4368030.00000 -103.3156
445370.00000 4368034.00000 -103.3445
445370.00000 4368038.00000 -103.1770
445370.00000 4368042.00000 -102.6377
445370.00000 4368046.00000 -106.2099
445370.00000 4368050.00000 -107.2759
445370.00000 4368054.00000 -102.9965
445370.00000 4368058.00000 -106.7162
445370.00000 4368062.00000 -106.4605
445370.00000 4368066.00000 -105.5524
445370.00000 4368070.00000 -106.4618
445370.00000 4368074.00000 -103.3730
445370.00000 4368078.00000 -106.3871
445370.00000 4368082.00000 -106.3442
445370.00000 4368086.00000 -103.0275
445370.00000 4368090.00000 N.C.
445370.00000 4368094.00000 N.C.
445370.00000 4368098.00000 N.C.
445370.00000 4368102.00000 N.C.
445370.00000 4368106.00000 N.C.
445370.00000 4368110.00000 N.C.
445370.00000 4368114.00000 N.C.
445370.00000 4368118.00000 N.C.
445370.00000 4368122.00000 N.C.
445370.00000 4368126.00000 -133.2534
445370.00000 4368130.00000 -132.8838
445370.00000 4368134.00000 -132.7012
445370.00000 4368138.00000 -132.4936
445370.00000 4368142.00000 -133.2622
445370.00000 4368146.00000 -133.8144
445370.00000 4368150.00000 -134.3678
445370.00000 4368154.00000 -135.0953
445370.00000 4368158.00000 -135.2861
445370.00000 4368162.00000 -135.7752
445370.00000 4368166.00000 -136.3527
445370.00000 4368170.00000 -127.3015
445370.00000 4368174.00000 -131.8540
445370.00000 4368178.00000 -125.5945
445370.00000 4368182.00000 -115.7044
445370.00000 4368186.00000 N.C.
445370.00000 4368190.00000 N.C.
445370.00000 4368194.00000 N.C.
445370.00000 4368198.00000 N.C.
445370.00000 4368202.00000 N.C.
445370.00000 4368206.00000 N.C.
445370.00000 4368210.00000 -109.3471
445370.00000 4368214.00000 -109.1382
445370.00000 4368218.00000 -109.1271
445370.00000 4368222.00000 -105.2420
445370.00000 4368226.00000 -106.4115
445370.00000 4368230.00000 N.C.
445370.00000 4368234.00000 N.C.
445370.00000 4368238.00000 N.C.
445370.00000 4368242.00000 N.C.
445370.00000 4368246.00000 N.C.
445370.00000 4368250.00000 N.C.
445370.00000 4368254.00000 N.C.
445370.00000 4368258.00000 -147.7227
445370.00000 4368262.00000 -138.8575
445370.00000 4368266.00000 N.C.
445370.00000 4368270.00000 -142.2192
445370.00000 4368274.00000 N.C.
445370.00000 4368278.00000 N.C.
445370.00000 4368282.00000 -130.6731
445370.00000 4368286.00000 -127.1932
445370.00000 4368290.00000 -126.2534
445370.00000 4368294.00000 -124.5331
445370.00000 4368298.00000 -126.4180
445370.00000 4368302.00000 -131.2917
445370.00000 4368306.00000 -128.6425
445370.00000 4368310.00000 -128.6199
445370.00000 4368314.00000 -128.7909
445370.00000 4368318.00000 -126.9341
445370.00000 4368322.00000 -126.8348
445370.00000 4368326.00000 -127.0466
445370.00000 4368330.00000 -127.0448
445370.00000 4368334.00000 -125.5030
445370.00000 4368338.00000 -125.1514
445370.00000 4368342.00000 -124.9754
445370.00000 4368346.00000 -125.8431
445370.00000 4368350.00000 -125.9800
445370.00000 4368354.00000 -125.7321
445370.00000 4368358.00000 -116.9836
445370.00000 4368362.00000 -113.8799
445370.00000 4368366.00000 -113.0829
445370.00000 4368370.00000 -114.8189
445370.00000 4368374.00000 -109.4700
445370.00000 4368378.00000 -106.0891
445370.00000 4368382.00000 -112.6202
445370.00000 4368386.00000 -117.0394
445370.00000 4368390.00000 -116.2597
445370.00000 4368394.00000 -116.2183
445374.00000 4367886.00000 -107.7745
445374.00000 4367890.00000 -107.7031
445374.00000 4367894.00000 -107.6873
445374.00000 4367898.00000 -107.6107
445374.00000 4367902.00000 -107.4788
445374.00000 4367906.00000 -107.4214
445374.00000 4367910.00000 -107.3761
445374.00000 4367914.00000 -107.2853
445374.00000 4367918.00000 -107.2121
445374.00000 4367922.00000 -107.0758
445374.00000 4367926.00000 -107.0071
445374.00000 4367930.00000 -106.8914
445374.00000 4367934.00000 -106.7826
445374.00000 4367938.00000 -106.6066
445374.00000 4367942.00000 -106.4963
445374.00000 4367946.00000 -106.4158
445374.00000 4367950.00000 -106.2899
445374.00000 4367954.00000 -106.1486
445374.00000 4367958.00000 -105.8329
445374.00000 4367962.00000 -105.6199
445374.00000 4367966.00000 -105.4158
445374.00000 4367970.00000 -105.6077
445374.00000 4367974.00000 -105.5023
445374.00000 4367978.00000 -105.4859
445374.00000 4367982.00000 -105.3788
445374.00000 4367986.00000 -105.2858
445374.00000 4367990.00000 -105.0893
445374.00000 4367994.00000 -104.9683
445374.00000 4367998.00000 -104.8506
445374.00000 4368002.00000 -104.6284
445374.00000 4368006.00000 -104.4235
445374.00000 4368010.00000 -104.2256
445374.00000 4368014.00000 -104.2370
445374.00000 4368018.00000 -104.1305
445374.00000 4368022.00000 -103.9649
445374.00000 4368026.00000 -103.5840
445374.00000 4368030.00000 -103.3505
445374.00000 4368034.00000 -103.5774
445374.00000 4368038.00000 -103.3322
445374.00000 4368042.00000 -102.8210
445374.00000 4368046.00000 -106.2493
445374.00000 4368050.00000 -102.1557
445374.00000 4368054.00000 -103.9432
445374.00000 4368058.00000 -106.8503
445374.00000 4368062.00000 -106.2646
445374.00000 4368066.00000 -108.6750
445374.00000 4368070.00000 -103.3996
445374.00000 4368074.00000 -103.7606
445374.00000 4368078.00000 -106.5463
445374.00000 4368082.00000 -106.5233
445374.00000 4368086.00000 -102.7928
445374.00000 4368090.00000 N.C.
445374.00000 4368094.00000 N.C.
445374.00000 4368098.00000 N.C.
445374.00000 4368102.00000 N.C.
445374.00000 4368106.00000 N.C.
445374.00000 4368110.00000 N.C.
445374.00000 4368114.00000 N.C.
445374.00000 4368118.00000 N.C.
445374.00000 4368122.00000 N.C.
445374.00000 4368126.00000 N.C.
445374.00000 4368130.00000 N.C.
445374.00000 4368134.00000 N.C.
445374.00000 4368138.00000 N.C.
445374.00000 4368142.00000 N.C.
445374.00000 4368146.00000 N.C.
445374.00000 4368150.00000 -133.0061
445374.00000 4368154.00000 -133.2620
445374.00000 4368158.00000 -132.9544
445374.00000 4368162.00000 -134.4234
445374.00000 4368166.00000 -129.5496
445374.00000 4368170.00000 -125.8776
445374.00000 4368174.00000 -124.5009
445374.00000 4368178.00000 -123.3890
445374.00000 4368182.00000 -129.8880
445374.00000 4368186.00000 N.C.
445374.00000 4368190.00000 N.C.
445374.00000 4368194.00000 N.C.
445374.00000 4368198.00000 N.C.
445374.00000 4368202.00000 N.C.
445374.00000 4368206.00000 N.C.
445374.00000 4368210.00000 -109.3395
445374.00000 4368214.00000 -109.7065
445374.00000 4368218.00000 -115.1065
445374.00000 4368222.00000 -104.9663
445374.00000 4368226.00000 -109.4509
445374.00000 4368230.00000 -122.8664
445374.00000 4368234.00000 -127.2471
445374.00000 4368238.00000 N.C.
445374.00000 4368242.00000 N.C.
445374.00000 4368246.00000 -141.5004
445374.00000 4368250.00000 -140.7254
445374.00000 4368254.00000 N.C.
445374.00000 4368258.00000 N.C.
445374.00000 4368262.00000 N.C.
445374.00000 4368266.00000 N.C.
445374.00000 4368270.00000 N.C.
445374.00000 4368274.00000 N.C.
445374.00000 4368278.00000 N.C.
445374.00000 4368282.00000 -126.3517
445374.00000 4368286.00000 -127.7486
445374.00000 4368290.00000 -126.5819
445374.00000 4368294.00000 -125.2615
445374.00000 4368298.00000 -124.7636
445374.00000 4368302.00000 -124.6699
445374.00000 4368306.00000 -130.8926
445374.00000 4368310.00000 -131.7545
445374.00000 4368314.00000 -131.7683
445374.00000 4368318.00000 -132.0530
445374.00000 4368322.00000 -131.0987
445374.00000 4368326.00000 -127.0004
445374.00000 4368330.00000 -126.7044
445374.00000 4368334.00000 -125.6690
445374.00000 4368338.00000 -124.9838
445374.00000 4368342.00000 -125.0368
445374.00000 4368346.00000 -124.5970
445374.00000 4368350.00000 -125.7087
445374.00000 4368354.00000 -124.0690
445374.00000 4368358.00000 -123.1418
445374.00000 4368362.00000 -120.1269
445374.00000 4368366.00000 -114.1030
445374.00000 4368370.00000 -112.8800
445374.00000 4368374.00000 -114.2098
445374.00000 4368378.00000 -108.9016
445374.00000 4368382.00000 -106.8971
445374.00000 4368386.00000 -111.3322
445374.00000 4368390.00000 -115.7130
445374.00000 4368394.00000 -115.5123
445378.00000 4367886.00000 -107.9174
445378.00000 4367890.00000 -107.9024
445378.00000 4367894.00000 -107.8169
445378.00000 4367898.00000 -107.6655
445378.00000 4367902.00000 -107.5583
445378.00000 4367906.00000 -107.5577
445378.00000 4367910.00000 -107.5017
445378.00000 4367914.00000 -107.3803
445378.00000 4367918.00000 -107.3212
445378.00000 4367922.00000 -107.1756
445378.00000 4367926.00000 -107.1220
445378.00000 4367930.00000 -107.0092
445378.00000 4367934.00000 -106.8286
445378.00000 4367938.00000 -106.7069
445378.00000 4367942.00000 -106.6336
445378.00000 4367946.00000 -106.5138
445378.00000 4367950.00000 -106.3575
445378.00000 4367954.00000 -106.0233
445378.00000 4367958.00000 -105.8452
445378.00000 4367962.00000 -105.7413
445378.00000 4367966.00000 -105.7195
445378.00000 4367970.00000 -105.7575
445378.00000 4367974.00000 -105.7324
445378.00000 4367978.00000 -105.6224
445378.00000 4367982.00000 -105.5342
445378.00000 4367986.00000 -105.3560
445378.00000 4367990.00000 -105.2319
445378.00000 4367994.00000 -105.1586
445378.00000 4367998.00000 -104.8884
445378.00000 4368002.00000 -104.5854
445378.00000 4368006.00000 -104.4620
445378.00000 4368010.00000 -104.3838
445378.00000 4368014.00000 -104.3850
445378.00000 4368018.00000 -104.3329
445378.00000 4368022.00000 -104.1451
445378.00000 4368026.00000 -103.7066
445378.00000 4368030.00000 -103.9371
445378.00000 4368034.00000 -103.5802
445378.00000 4368038.00000 -103.0719
445378.00000 4368042.00000 -102.8143
445378.00000 4368046.00000 -104.1928
445378.00000 4368050.00000 -102.7164
445378.00000 4368054.00000 -107.1705
445378.00000 4368058.00000 -107.0186
445378.00000 4368062.00000 -105.4943
445378.00000 4368066.00000 -109.5210
445378.00000 4368070.00000 -103.5131
445378.00000 4368074.00000 -106.6955
445378.00000 4368078.00000 -106.7258
445378.00000 4368082.00000 -106.6880
445378.00000 4368086.00000 -102.1540
445378.00000 4368090.00000 N.C.
445378.00000 4368094.00000 N.C.
445378.00000 4368098.00000 N.C.
445378.00000 4368102.00000 N.C.
445378.00000 4368106.00000 N.C.
445378.00000 4368110.00000 N.C.
445378.00000 4368114.00000 N.C.
445378.00000 4368118.00000 N.C.
445378.00000 4368122.00000 N.C.
445378.00000 4368126.00000 N.C.
445378.00000 4368130.00000 N.C.
445378.00000 4368134.00000 N.C.
445378.00000 4368138.00000 N.C.
445378.00000 4368142.00000 N.C.
445378.00000 4368146.00000 N.C.
445378.00000 4368150.00000 N.C.
445378.00000 4368154.00000 N.C.
445378.00000 4368158.00000 N.C.
445378.00000 4368162.00000 N.C.
445378.00000 4368166.00000 N.C.
445378.00000 4368170.00000 N.C.
445378.00000 4368174.00000 N.C.
445378.00000 4368178.00000 -124.3889
445378.00000 4368182.00000 -128.9544
445378.00000 4368186.00000 N.C.
445378.00000 4368190.00000 N.C.
445378.00000 4368194.00000 N.C.
445378.00000 4368198.00000 N.C.
445378.00000 4368202.00000 N.C.
445378.00000 4368206.00000 N.C.
445378.00000 4368210.00000 -111.7262
445378.00000 4368214.00000 -114.2484
445378.00000 4368218.00000 -114.8713
445378.00000 4368222.00000 -107.1429
445378.00000 4368226.00000 -106.2536
445378.00000 4368230.00000 -121.0319
445378.00000 4368234.00000 -127.8432
445378.00000 4368238.00000 N.C.
445378.00000 4368242.00000 N.C.
445378.00000 4368246.00000 -140.8947
445378.00000 4368250.00000 -140.1372
445378.00000 4368254.00000 -138.1324
445378.00000 4368258.00000 N.C.
445378.00000 4368262.00000 N.C.
445378.00000 4368266.00000 N.C.
445378.00000 4368270.00000 N.C.
445378.00000 4368274.00000 -136.1288
445378.00000 4368278.00000 -127.0476
445378.00000 4368282.00000 -125.2114
445378.00000 4368286.00000 -125.5893
445378.00000 4368290.00000 -127.2041
445378.00000 4368294.00000 -126.8643
445378.00000 4368298.00000 -124.8434
445378.00000 4368302.00000 -123.9482
445378.00000 4368306.00000 -124.1464
445378.00000 4368310.00000 -128.1619
445378.00000 4368314.00000 -130.8228
445378.00000 4368318.00000 -132.1660
445378.00000 4368322.00000 -131.3138
445378.00000 4368326.00000 -131.3056
445378.00000 4368330.00000 -130.4578
445378.00000 4368334.00000 -129.8200
445378.00000 4368338.00000 -129.9419
445378.00000 4368342.00000 -128.1203
445378.00000 4368346.00000 -124.5032
445378.00000 4368350.00000 -125.6653
445378.00000 4368354.00000 -124.1414
445378.00000 4368358.00000 -124.1029
445378.00000 4368362.00000 -122.8723
445378.00000 4368366.00000 -120.5882
445378.00000 4368370.00000 -117.9824
445378.00000 4368374.00000 -114.2743
445378.00000 4368378.00000 -113.8469
445378.00000 4368382.00000 -112.6022
445378.00000 4368386.00000 -105.4893
445378.00000 4368390.00000 -107.5820
445378.00000 4368394.00000 -113.6084
445382.00000 4367886.00000 -108.0550
445382.00000 4367890.00000 -108.0184
445382.00000 4367894.00000 -107.9072
445382.00000 4367898.00000 -107.7686
445382.00000 4367902.00000 -107.7155
445382.00000 4367906.00000 -107.6475
445382.00000 4367910.00000 -107.5917
445382.00000 4367914.00000 -107.4894
445382.00000 4367918.00000 -107.4255
445382.00000 4367922.00000 -107.3056
445382.00000 4367926.00000 -107.2170
445382.00000 4367930.00000 -107.1042
445382.00000 4367934.00000 -106.9347
445382.00000 4367938.00000 -106.8433
445382.00000 4367942.00000 -106.7379
445382.00000 4367946.00000 -106.6025
445382.00000 4367950.00000 -106.4898
445382.00000 4367954.00000 -106.0858
445382.00000 4367958.00000 -105.8786
445382.00000 4367962.00000 -105.7712
445382.00000 4367966.00000 -105.9673
445382.00000 4367970.00000 -105.8990
445382.00000 4367974.00000 -105.8756
445382.00000 4367978.00000 -105.7590
445382.00000 4367982.00000 -105.5995
445382.00000 4367986.00000 -105.4753
445382.00000 4367990.00000 -105.4115
445382.00000 4367994.00000 -105.1319
445382.00000 4367998.00000 -104.7977
445382.00000 4368002.00000 -104.7412
445382.00000 4368006.00000 -104.6369
445382.00000 4368010.00000 -104.6420
445382.00000 4368014.00000 -104.5982
445382.00000 4368018.00000 -104.4503
445382.00000 4368022.00000 -104.1348
445382.00000 4368026.00000 -103.8087
445382.00000 4368030.00000 -104.1523
445382.00000 4368034.00000 -103.9036
445382.00000 4368038.00000 -102.9447
445382.00000 4368042.00000 -101.6235
445382.00000 4368046.00000 -101.8234
445382.00000 4368050.00000 -106.3095
445382.00000 4368054.00000 -113.8075
445382.00000 4368058.00000 -112.9533
445382.00000 4368062.00000 -105.4559
445382.00000 4368066.00000 -102.7335
445382.00000 4368070.00000 -104.1536
445382.00000 4368074.00000 -106.8743
445382.00000 4368078.00000 -106.8862
445382.00000 4368082.00000 -105.1788
445382.00000 4368086.00000 -114.9892
445382.00000 4368090.00000 N.C.
445382.00000 4368094.00000 N.C.
445382.00000 4368098.00000 N.C.
445382.00000 4368102.00000 N.C.
445382.00000 4368106.00000 N.C.
445382.00000 4368110.00000 N.C.
445382.00000 4368114.00000 N.C.
445382.00000 4368118.00000 N.C.
445382.00000 4368122.00000 N.C.
445382.00000 4368126.00000 N.C.
445382.00000 4368130.00000 N.C.
445382.00000 4368134.00000 N.C.
445382.00000 4368138.00000 N.C.
445382.00000 4368142.00000 N.C.
445382.00000 4368146.00000 N.C.
445382.00000 4368150.00000 N.C.
445382.00000 4368154.00000 N.C.
445382.00000 4368158.00000 N.C.
445382.00000 4368162.00000 N.C.
445382.00000 4368166.00000 N.C.
445382.00000 4368170.00000 N.C.
445382.00000 4368174.00000 N.C.
445382.00000 4368178.00000 -124.1327
445382.00000 4368182.00000 -127.9752
445382.00000 4368186.00000 N.C.
445382.00000 4368190.00000 N.C.
445382.00000 4368194.00000 N.C.
445382.00000 4368198.00000 N.C.
445382.00000 4368202.00000 N.C.
445382.00000 4368206.00000 -117.3388
445382.00000 4368210.00000 -109.3042
445382.00000 4368214.00000 -116.8955
445382.00000 4368218.00000 -112.9267
445382.00000 4368222.00000 -111.0067
445382.00000 4368226.00000 -106.8658
445382.00000 4368230.00000 -112.9765
445382.00000 4368234.00000 -122.7538
445382.00000 4368238.00000 N.C.
445382.00000 4368242.00000 N.C.
445382.00000 4368246.00000 -139.6918
445382.00000 4368250.00000 -137.8528
445382.00000 4368254.00000 -137.7349
445382.00000 4368258.00000 N.C.
445382.00000 4368262.00000 N.C.
445382.00000 4368266.00000 N.C.
445382.00000 4368270.00000 N.C.
445382.00000 4368274.00000 -130.3205
445382.00000 4368278.00000 -126.2855
445382.00000 4368282.00000 -125.0779
445382.00000 4368286.00000 -124.0694
445382.00000 4368290.00000 -125.2519
445382.00000 4368294.00000 -127.1310
445382.00000 4368298.00000 -126.0099
445382.00000 4368302.00000 -124.3808
445382.00000 4368306.00000 -123.8708
445382.00000 4368310.00000 -124.0701
445382.00000 4368314.00000 -129.0599
445382.00000 4368318.00000 -128.2443
445382.00000 4368322.00000 -128.4691
445382.00000 4368326.00000 -128.9612
445382.00000 4368330.00000 -129.5992
445382.00000 4368334.00000 -129.7057
445382.00000 4368338.00000 -129.2800
445382.00000 4368342.00000 -130.0977
445382.00000 4368346.00000 -127.6488
445382.00000 4368350.00000 -125.5726
445382.00000 4368354.00000 -126.2854
445382.00000 4368358.00000 -125.8560
445382.00000 4368362.00000 -125.1632
445382.00000 4368366.00000 -122.6664
445382.00000 4368370.00000 -120.6209
445382.00000 4368374.00000 -115.9882
445382.00000 4368378.00000 -113.8570
445382.00000 4368382.00000 -113.1816
445382.00000 4368386.00000 -108.3296
445382.00000 4368390.00000 -106.2541
445382.00000 4368394.00000 -107.0053
445386.00000 4367886.00000 -108.2229
445386.00000 4367890.00000 -108.0949
445386.00000 4367894.00000 -107.9502
445386.00000 4367898.00000 -107.8501
445386.00000 4367902.00000 -107.8554
445386.00000 4367906.00000 -107.7973
445386.00000 4367910.00000 -107.6996
445386.00000 4367914.00000 -107.5946
445386.00000 4367918.00000 -107.5267
445386.00000 4367922.00000 -107.3408
445386.00000 4367926.00000 -107.1911
445386.00000 4367930.00000 -107.1555
445386.00000 4367934.00000 -106.8496
445386.00000 4367938.00000 -106.7588
445386.00000 4367942.00000 -106.7497
445386.00000 4367946.00000 -106.4360
445386.00000 4367950.00000 -106.5532
445386.00000 4367954.00000 -106.1846
445386.00000 4367958.00000 -105.9978
445386.00000 4367962.00000 -106.1834
445386.00000 4367966.00000 -106.1377
445386.00000 4367970.00000 -106.1176
445386.00000 4367974.00000 -106.0168
445386.00000 4367978.00000 -105.8347
445386.00000 4367982.00000 -105.7294
445386.00000 4367986.00000 -105.6191
445386.00000 4367990.00000 -105.4906
445386.00000 4367994.00000 -105.0854
445386.00000 4367998.00000 -104.9655
445386.00000 4368002.00000 -104.8486
445386.00000 4368006.00000 -104.9246
445386.00000 4368010.00000 -103.7336
445386.00000 4368014.00000 -104.7375
445386.00000 4368018.00000 -104.6056
445386.00000 4368022.00000 -104.3818
445386.00000 4368026.00000 -104.3959
445386.00000 4368030.00000 -104.1825
445386.00000 4368034.00000 -103.5867
445386.00000 4368038.00000 -103.0300
445386.00000 4368042.00000 -104.1172
445386.00000 4368046.00000 -103.4734
445386.00000 4368050.00000 -106.9195
445386.00000 4368054.00000 -113.9975
445386.00000 4368058.00000 -109.3420
445386.00000 4368062.00000 -106.3535
445386.00000 4368066.00000 -105.1204
445386.00000 4368070.00000 -107.0950
445386.00000 4368074.00000 -107.0064
445386.00000 4368078.00000 -107.0404
445386.00000 4368082.00000 -103.2423
445386.00000 4368086.00000 -120.6577
445386.00000 4368090.00000 N.C.
445386.00000 4368094.00000 N.C.
445386.00000 4368098.00000 N.C.
445386.00000 4368102.00000 N.C.
445386.00000 4368106.00000 N.C.
445386.00000 4368110.00000 N.C.
445386.00000 4368114.00000 N.C.
445386.00000 4368118.00000 N.C.
445386.00000 4368122.00000 N.C.
445386.00000 4368126.00000 N.C.
445386.00000 4368130.00000 N.C.
445386.00000 4368134.00000 N.C.
445386.00000 4368138.00000 N.C.
445386.00000 4368142.00000 N.C.
445386.00000 4368146.00000 N.C.
445386.00000 4368150.00000 N.C.
445386.00000 4368154.00000 N.C.
445386.00000 4368158.00000 N.C.
445386.00000 4368162.00000 N.C.
445386.00000 4368166.00000 N.C.
445386.00000 4368170.00000 N.C.
445386.00000 4368174.00000 N.C.
445386.00000 4368178.00000 -124.2648
445386.00000 4368182.00000 -127.5915
445386.00000 4368186.00000 N.C.
445386.00000 4368190.00000 N.C.
445386.00000 4368194.00000 N.C.
445386.00000 4368198.00000 N.C.
445386.00000 4368202.00000 N.C.
445386.00000 4368206.00000 -110.1064
445386.00000 4368210.00000 -118.6141
445386.00000 4368214.00000 -113.2100
445386.00000 4368218.00000 -115.5817
445386.00000 4368222.00000 -115.3672
445386.00000 4368226.00000 N.C.
445386.00000 4368230.00000 N.C.
445386.00000 4368234.00000 N.C.
445386.00000 4368238.00000 N.C.
445386.00000 4368242.00000 N.C.
445386.00000 4368246.00000 -137.9481
445386.00000 4368250.00000 -134.9168
445386.00000 4368254.00000 N.C.
445386.00000 4368258.00000 N.C.
445386.00000 4368262.00000 N.C.
445386.00000 4368266.00000 -157.2049
445386.00000 4368270.00000 N.C.
445386.00000 4368274.00000 -128.0498
445386.00000 4368278.00000 -121.4235
445386.00000 4368282.00000 -125.9727
445386.00000 4368286.00000 -124.2599
445386.00000 4368290.00000 -125.0473
445386.00000 4368294.00000 -125.9062
445386.00000 4368298.00000 -126.2059
445386.00000 4368302.00000 -126.5013
445386.00000 4368306.00000 -124.3895
445386.00000 4368310.00000 -123.7343
445386.00000 4368314.00000 -124.7147
445386.00000 4368318.00000 -128.5923
445386.00000 4368322.00000 -129.2272
445386.00000 4368326.00000 -129.1113
445386.00000 4368330.00000 -128.8129
445386.00000 4368334.00000 -127.4882
445386.00000 4368338.00000 -127.7255
445386.00000 4368342.00000 -127.9968
445386.00000 4368346.00000 -127.8431
445386.00000 4368350.00000 -125.0792
445386.00000 4368354.00000 -127.2437
445386.00000 4368358.00000 -125.8667
445386.00000 4368362.00000 -123.9346
445386.00000 4368366.00000 -124.8250
445386.00000 4368370.00000 -123.9873
445386.00000 4368374.00000 -121.9087
445386.00000 4368378.00000 -117.2328
445386.00000 4368382.00000 -112.3189
445386.00000 4368386.00000 -107.2508
445386.00000 4368390.00000 -108.5150
445386.00000 4368394.00000 -107.3119
445390.00000 4367886.00000 -108.2773
445390.00000 4367890.00000 -108.1785
445390.00000 4367894.00000 -108.0429
445390.00000 4367898.00000 -108.0368
445390.00000 4367902.00000 -107.9814
445390.00000 4367906.00000 -107.8842
445390.00000 4367910.00000 -107.7761
445390.00000 4367914.00000 -107.6904
445390.00000 4367918.00000 -107.6214
445390.00000 4367922.00000 -107.3826
445390.00000 4367926.00000 -107.3460
445390.00000 4367930.00000 -107.1902
445390.00000 4367934.00000 -106.9607
445390.00000 4367938.00000 -106.9478
445390.00000 4367942.00000 -106.6359
445390.00000 4367946.00000 -106.5406
445390.00000 4367950.00000 -106.4091
445390.00000 4367954.00000 -106.3128
445390.00000 4367958.00000 -106.1054
445390.00000 4367962.00000 -106.3104
445390.00000 4367966.00000 -106.3330
445390.00000 4367970.00000 -106.2204
445390.00000 4367974.00000 -106.0358
445390.00000 4367978.00000 -105.9593
445390.00000 4367982.00000 -105.7734
445390.00000 4367986.00000 -105.7020
445390.00000 4367990.00000 -105.4321
445390.00000 4367994.00000 -105.1890
445390.00000 4367998.00000 -105.0744
445390.00000 4368002.00000 -105.1119
445390.00000 4368006.00000 -105.0562
445390.00000 4368010.00000 -105.0305
445390.00000 4368014.00000 -104.8731
445390.00000 4368018.00000 -104.6962
445390.00000 4368022.00000 -104.6886
445390.00000 4368026.00000 -104.5170
445390.00000 4368030.00000 -103.6365
445390.00000 4368034.00000 -103.6688
445390.00000 4368038.00000 -103.5292
445390.00000 4368042.00000 -101.2916
445390.00000 4368046.00000 -110.2938
445390.00000 4368050.00000 -114.0066
445390.00000 4368054.00000 -112.8323
445390.00000 4368058.00000 -108.1492
445390.00000 4368062.00000 -106.2833
445390.00000 4368066.00000 -107.0302
445390.00000 4368070.00000 -113.2332
445390.00000 4368074.00000 -112.9197
445390.00000 4368078.00000 -112.8572
445390.00000 4368082.00000 -104.1929
445390.00000 4368086.00000 N.C.
445390.00000 4368090.00000 N.C.
445390.00000 4368094.00000 N.C.
445390.00000 4368098.00000 N.C.
445390.00000 4368102.00000 N.C.
445390.00000 4368106.00000 N.C.
445390.00000 4368110.00000 N.C.
445390.00000 4368114.00000 N.C.
445390.00000 4368118.00000 N.C.
445390.00000 4368122.00000 N.C.
445390.00000 4368126.00000 N.C.
445390.00000 4368130.00000 N.C.
445390.00000 4368134.00000 N.C.
445390.00000 4368138.00000 N.C.
445390.00000 4368142.00000 N.C.
445390.00000 4368146.00000 N.C.
445390.00000 4368150.00000 N.C.
445390.00000 4368154.00000 N.C.
445390.00000 4368158.00000 N.C.
445390.00000 4368162.00000 N.C.
445390.00000 4368166.00000 N.C.
445390.00000 4368170.00000 N.C.
445390.00000 4368174.00000 N.C.
445390.00000 4368178.00000 -125.8324
445390.00000 4368182.00000 N.C.
445390.00000 4368186.00000 N.C.
445390.00000 4368190.00000 N.C.
445390.00000 4368194.00000 N.C.
445390.00000 4368198.00000 N.C.
445390.00000 4368202.00000 N.C.
445390.00000 4368206.00000 -116.3872
445390.00000 4368210.00000 -117.8622
445390.00000 4368214.00000 -110.3558
445390.00000 4368218.00000 -115.8851
445390.00000 4368222.00000 -115.3820
445390.00000 4368226.00000 N.C.
445390.00000 4368230.00000 N.C.
445390.00000 4368234.00000 N.C.
445390.00000 4368238.00000 N.C.
445390.00000 4368242.00000 -141.2704
445390.00000 4368246.00000 N.C.
445390.00000 4368250.00000 N.C.
445390.00000 4368254.00000 N.C.
445390.00000 4368258.00000 N.C.
445390.00000 4368262.00000 N.C.
445390.00000 4368266.00000 N.C.
445390.00000 4368270.00000 N.C.
445390.00000 4368274.00000 -124.6881
445390.00000 4368278.00000 -121.4478
445390.00000 4368282.00000 -126.3446
445390.00000 4368286.00000 -125.0600
445390.00000 4368290.00000 -123.4250
445390.00000 4368294.00000 -124.8570
445390.00000 4368298.00000 -125.6863
445390.00000 4368302.00000 -127.6737
445390.00000 4368306.00000 -125.9348
445390.00000 4368310.00000 -123.5061
445390.00000 4368314.00000 -123.4835
445390.00000 4368318.00000 -126.2638
445390.00000 4368322.00000 -128.6043
445390.00000 4368326.00000 -128.9998
445390.00000 4368330.00000 -129.3028
445390.00000 4368334.00000 -128.6324
445390.00000 4368338.00000 -128.0250
445390.00000 4368342.00000 -128.9708
445390.00000 4368346.00000 -129.1135
445390.00000 4368350.00000 -125.9048
445390.00000 4368354.00000 -125.0838
445390.00000 4368358.00000 -126.7837
445390.00000 4368362.00000 -125.2366
445390.00000 4368366.00000 -124.1097
445390.00000 4368370.00000 -124.4718
445390.00000 4368374.00000 -123.8540
445390.00000 4368378.00000 -120.7023
445390.00000 4368382.00000 -115.5782
445390.00000 4368386.00000 -109.3701
445390.00000 4368390.00000 -107.4917
445390.00000 4368394.00000 -107.3389
445394.00000 4367886.00000 -108.3693
445394.00000 4367890.00000 -108.2686
445394.00000 4367894.00000 -108.2377
445394.00000 4367898.00000 -108.1252
445394.00000 4367902.00000 -108.0683
445394.00000 4367906.00000 -107.9731
445394.00000 4367910.00000 -107.8711
445394.00000 4367914.00000 -107.7933
445394.00000 4367918.00000 -107.5317
445394.00000 4367922.00000 -107.4835
445394.00000 4367926.00000 -107.3656
445394.00000 4367930.00000 -107.2253
445394.00000 4367934.00000 -107.0180
445394.00000 4367938.00000 -107.0428
445394.00000 4367942.00000 -106.7405
445394.00000 4367946.00000 -106.4819
445394.00000 4367950.00000 -106.5231
445394.00000 4367954.00000 -106.3241
445394.00000 4367958.00000 -106.5266
445394.00000 4367962.00000 -106.4333
445394.00000 4367966.00000 -106.3675
445394.00000 4367970.00000 -106.2830
445394.00000 4367974.00000 -106.1822
445394.00000 4367978.00000 -106.1042
445394.00000 4367982.00000 -105.9502
445394.00000 4367986.00000 -105.7037
445394.00000 4367990.00000 -105.5430
445394.00000 4367994.00000 -105.3324
445394.00000 4367998.00000 -105.2217
445394.00000 4368002.00000 -105.2832
445394.00000 4368006.00000 -105.1780
445394.00000 4368010.00000 -105.1038
445394.00000 4368014.00000 -104.7726
445394.00000 4368018.00000 -104.9917
445394.00000 4368022.00000 -104.8820
445394.00000 4368026.00000 -104.0040
445394.00000 4368030.00000 -104.0817
445394.00000 4368034.00000 -104.0627
445394.00000 4368038.00000 -101.9048
445394.00000 4368042.00000 -101.9273
445394.00000 4368046.00000 -114.3658
445394.00000 4368050.00000 -114.0505
445394.00000 4368054.00000 -113.1100
445394.00000 4368058.00000 -106.9284
445394.00000 4368062.00000 -107.4872
445394.00000 4368066.00000 -111.0078
445394.00000 4368070.00000 -113.0103
445394.00000 4368074.00000 -112.7416
445394.00000 4368078.00000 -113.6974
445394.00000 4368082.00000 -104.1185
445394.00000 4368086.00000 N.C.
445394.00000 4368090.00000 N.C.
445394.00000 4368094.00000 N.C.
445394.00000 4368098.00000 N.C.
445394.00000 4368102.00000 N.C.
445394.00000 4368106.00000 N.C.
445394.00000 4368110.00000 N.C.
445394.00000 4368114.00000 N.C.
445394.00000 4368118.00000 N.C.
445394.00000 4368122.00000 N.C.
445394.00000 4368126.00000 N.C.
445394.00000 4368130.00000 N.C.
445394.00000 4368134.00000 N.C.
445394.00000 4368138.00000 N.C.
445394.00000 4368142.00000 N.C.
445394.00000 4368146.00000 N.C.
445394.00000 4368150.00000 N.C.
445394.00000 4368154.00000 N.C.
445394.00000 4368158.00000 N.C.
445394.00000 4368162.00000 N.C.
445394.00000 4368166.00000 N.C.
445394.00000 4368170.00000 N.C.
445394.00000 4368174.00000 N.C.
445394.00000 4368178.00000 -125.0159
445394.00000 4368182.00000 N.C.
445394.00000 4368186.00000 N.C.
445394.00000 4368190.00000 N.C.
445394.00000 4368194.00000 N.C.
445394.00000 4368198.00000 N.C.
445394.00000 4368202.00000 N.C.
445394.00000 4368206.00000 -120.2135
445394.00000 4368210.00000 -113.2784
445394.00000 4368214.00000 N.C.
445394.00000 4368218.00000 -126.9792
445394.00000 4368222.00000 -115.6946
445394.00000 4368226.00000 N.C.
445394.00000 4368230.00000 N.C.
445394.00000 4368234.00000 N.C.
445394.00000 4368238.00000 -143.7812
445394.00000 4368242.00000 -138.4469
445394.00000 4368246.00000 N.C.
445394.00000 4368250.00000 N.C.
445394.00000 4368254.00000 N.C.
445394.00000 4368258.00000 N.C.
445394.00000 4368262.00000 N.C.
445394.00000 4368266.00000 N.C.
445394.00000 4368270.00000 N.C.
445394.00000 4368274.00000 -120.6533
445394.00000 4368278.00000 -120.3359
445394.00000 4368282.00000 -121.4379
445394.00000 4368286.00000 -125.4006
445394.00000 4368290.00000 -123.9614
445394.00000 4368294.00000 -123.8871
445394.00000 4368298.00000 -124.7931
445394.00000 4368302.00000 -125.7825
445394.00000 4368306.00000 -126.7792
445394.00000 4368310.00000 -125.5707
445394.00000 4368314.00000 -123.1629
445394.00000 4368318.00000 -122.9238
445394.00000 4368322.00000 -126.2476
445394.00000 4368326.00000 -128.2737
445394.00000 4368330.00000 -128.7508
445394.00000 4368334.00000 -128.3126
445394.00000 4368338.00000 -128.9037
445394.00000 4368342.00000 -127.3975
445394.00000 4368346.00000 -128.1299
445394.00000 4368350.00000 -125.8967
445394.00000 4368354.00000 -126.7466
445394.00000 4368358.00000 -126.1726
445394.00000 4368362.00000 -126.8263
445394.00000 4368366.00000 -124.5909
445394.00000 4368370.00000 -124.3356
445394.00000 4368374.00000 -124.1612
445394.00000 4368378.00000 -123.3553
445394.00000 4368382.00000 -120.0327
445394.00000 4368386.00000 -117.7359
445394.00000 4368390.00000 -109.3077
445394.00000 4368394.00000 -107.4242
445398.00000 4367886.00000 -108.4300
445398.00000 4367890.00000 -108.3304
445398.00000 4367894.00000 -108.3214
445398.00000 4367898.00000 -108.2241
445398.00000 4367902.00000 -108.1701
445398.00000 4367906.00000 -108.0740
445398.00000 4367910.00000 -107.9718
445398.00000 4367914.00000 -107.8280
445398.00000 4367918.00000 -107.6345
445398.00000 4367922.00000 -107.5833
445398.00000 4367926.00000 -107.4950
445398.00000 4367930.00000 -107.2227
445398.00000 4367934.00000 -107.2585
445398.00000 4367938.00000 -106.9277
445398.00000 4367942.00000 -106.6760
445398.00000 4367946.00000 -106.7421
445398.00000 4367950.00000 -106.5332
445398.00000 4367954.00000 -106.6204
445398.00000 4367958.00000 -106.6473
445398.00000 4367962.00000 -106.5863
445398.00000 4367966.00000 -106.5009
445398.00000 4367970.00000 -106.4093
445398.00000 4367974.00000 -106.3572
445398.00000 4367978.00000 -106.1986
445398.00000 4367982.00000 -105.9393
445398.00000 4367986.00000 -105.7043
445398.00000 4367990.00000 -105.5783
445398.00000 4367994.00000 -105.4642
445398.00000 4367998.00000 -105.5073
445398.00000 4368002.00000 -105.4274
445398.00000 4368006.00000 -105.4166
445398.00000 4368010.00000 -105.1036
445398.00000 4368014.00000 -105.2418
445398.00000 4368018.00000 -105.0802
445398.00000 4368022.00000 -104.1689
445398.00000 4368026.00000 -104.1304
445398.00000 4368030.00000 -104.0602
445398.00000 4368034.00000 -102.6057
445398.00000 4368038.00000 -100.6851
445398.00000 4368042.00000 -103.8871
445398.00000 4368046.00000 -104.6425
445398.00000 4368050.00000 -114.2348
445398.00000 4368054.00000 -112.8611
445398.00000 4368058.00000 -102.6793
445398.00000 4368062.00000 -106.1046
445398.00000 4368066.00000 -113.6509
445398.00000 4368070.00000 -113.1220
445398.00000 4368074.00000 -112.8170
445398.00000 4368078.00000 -108.2941
445398.00000 4368082.00000 -106.6742
445398.00000 4368086.00000 N.C.
445398.00000 4368090.00000 N.C.
445398.00000 4368094.00000 N.C.
445398.00000 4368098.00000 N.C.
445398.00000 4368102.00000 N.C.
445398.00000 4368106.00000 N.C.
445398.00000 4368110.00000 N.C.
445398.00000 4368114.00000 N.C.
445398.00000 4368118.00000 N.C.
445398.00000 4368122.00000 N.C.
445398.00000 4368126.00000 N.C.
445398.00000 4368130.00000 N.C.
445398.00000 4368134.00000 N.C.
445398.00000 4368138.00000 N.C.
445398.00000 4368142.00000 N.C.
445398.00000 4368146.00000 N.C.
445398.00000 4368150.00000 N.C.
445398.00000 4368154.00000 N.C.
445398.00000 4368158.00000 N.C.
445398.00000 4368162.00000 N.C.
445398.00000 4368166.00000 N.C.
445398.00000 4368170.00000 N.C.
445398.00000 4368174.00000 -121.4929
445398.00000 4368178.00000 -125.1752
445398.00000 4368182.00000 N.C.
445398.00000 4368186.00000 N.C.
445398.00000 4368190.00000 N.C.
445398.00000 4368194.00000 N.C.
445398.00000 4368198.00000 N.C.
445398.00000 4368202.00000 N.C.
445398.00000 4368206.00000 -115.4642
445398.00000 4368210.00000 -113.3899
445398.00000 4368214.00000 N.C.
445398.00000 4368218.00000 -128.9064
445398.00000 4368222.00000 N.C.
445398.00000 4368226.00000 N.C.
445398.00000 4368230.00000 N.C.
445398.00000 4368234.00000 N.C.
445398.00000 4368238.00000 -142.4139
445398.00000 4368242.00000 -134.8091
445398.00000 4368246.00000 -131.9083
445398.00000 4368250.00000 N.C.
445398.00000 4368254.00000 -133.7511
445398.00000 4368258.00000 -142.2664
445398.00000 4368262.00000 -142.3000
445398.00000 4368266.00000 -134.5474
445398.00000 4368270.00000 -136.8252
445398.00000 4368274.00000 -124.6024
445398.00000 4368278.00000 -118.5038
445398.00000 4368282.00000 -121.4043
445398.00000 4368286.00000 -121.4057
445398.00000 4368290.00000 -124.8368
445398.00000 4368294.00000 -122.5770
445398.00000 4368298.00000 -124.5632
445398.00000 4368302.00000 -124.8588
445398.00000 4368306.00000 -126.4131
445398.00000 4368310.00000 -126.5681
445398.00000 4368314.00000 -124.7933
445398.00000 4368318.00000 -123.1188
445398.00000 4368322.00000 -122.5323
445398.00000 4368326.00000 -126.1545
445398.00000 4368330.00000 -127.8611
445398.00000 4368334.00000 -128.2551
445398.00000 4368338.00000 -128.5846
445398.00000 4368342.00000 -129.0586
445398.00000 4368346.00000 -127.1625
445398.00000 4368350.00000 -127.4839
445398.00000 4368354.00000 -125.7065
445398.00000 4368358.00000 -126.1230
445398.00000 4368362.00000 -124.8079
445398.00000 4368366.00000 -126.3930
445398.00000 4368370.00000 -125.1468
445398.00000 4368374.00000 -124.1275
445398.00000 4368378.00000 -123.2711
445398.00000 4368382.00000 -122.2895
445398.00000 4368386.00000 -120.6882
445398.00000 4368390.00000 -117.7334
445398.00000 4368394.00000 -110.3781
445402.00000 4367886.00000 -108.5152
445402.00000 4367890.00000 -108.5162
445402.00000 4367894.00000 -108.4113
445402.00000 4367898.00000 -108.3497
445402.00000 4367902.00000 -108.2634
445402.00000 4367906.00000 -108.1738
445402.00000 4367910.00000 -108.0659
445402.00000 4367914.00000 -107.8415
445402.00000 4367918.00000 -107.7759
445402.00000 4367922.00000 -107.6894
445402.00000 4367926.00000 -107.4230
445402.00000 4367930.00000 -107.3010
445402.00000 4367934.00000 -107.3051
445402.00000 4367938.00000 -107.0683
445402.00000 4367942.00000 -106.9424
445402.00000 4367946.00000 -106.8522
445402.00000 4367950.00000 -106.6561
445402.00000 4367954.00000 -106.8684
445402.00000 4367958.00000 -106.8134
445402.00000 4367962.00000 -106.7206
445402.00000 4367966.00000 -106.6493
445402.00000 4367970.00000 -106.5575
445402.00000 4367974.00000 -106.4439
445402.00000 4367978.00000 -106.1751
445402.00000 4367982.00000 -105.9266
445402.00000 4367986.00000 -105.8084
445402.00000 4367990.00000 -105.6736
445402.00000 4367994.00000 -105.7319
445402.00000 4367998.00000 -105.6671
445402.00000 4368002.00000 -105.5848
445402.00000 4368006.00000 -105.4621
445402.00000 4368010.00000 -105.1974
445402.00000 4368014.00000 -105.3845
445402.00000 4368018.00000 -104.8619
445402.00000 4368022.00000 -104.3642
445402.00000 4368026.00000 -104.8297
445402.00000 4368030.00000 -104.6001
445402.00000 4368034.00000 -102.2575
445402.00000 4368038.00000 -101.2382
445402.00000 4368042.00000 -104.3136
445402.00000 4368046.00000 -104.8158
445402.00000 4368050.00000 -104.6444
445402.00000 4368054.00000 -102.5102
445402.00000 4368058.00000 -103.2053
445402.00000 4368062.00000 -103.9276
445402.00000 4368066.00000 -104.2274
445402.00000 4368070.00000 -113.2781
445402.00000 4368074.00000 -113.0721
445402.00000 4368078.00000 -104.0039
445402.00000 4368082.00000 -109.8368
445402.00000 4368086.00000 N.C.
445402.00000 4368090.00000 N.C.
445402.00000 4368094.00000 N.C.
445402.00000 4368098.00000 N.C.
445402.00000 4368102.00000 N.C.
445402.00000 4368106.00000 N.C.
445402.00000 4368110.00000 N.C.
445402.00000 4368114.00000 N.C.
445402.00000 4368118.00000 N.C.
445402.00000 4368122.00000 N.C.
445402.00000 4368126.00000 N.C.
445402.00000 4368130.00000 N.C.
445402.00000 4368134.00000 N.C.
445402.00000 4368138.00000 N.C.
445402.00000 4368142.00000 N.C.
445402.00000 4368146.00000 N.C.
445402.00000 4368150.00000 N.C.
445402.00000 4368154.00000 N.C.
445402.00000 4368158.00000 N.C.
445402.00000 4368162.00000 N.C.
445402.00000 4368166.00000 N.C.
445402.00000 4368170.00000 N.C.
445402.00000 4368174.00000 -122.6711
445402.00000 4368178.00000 -125.2155
445402.00000 4368182.00000 N.C.
445402.00000 4368186.00000 N.C.
445402.00000 4368190.00000 N.C.
445402.00000 4368194.00000 N.C.
445402.00000 4368198.00000 N.C.
445402.00000 4368202.00000 N.C.
445402.00000 4368206.00000 -114.3074
445402.00000 4368210.00000 -118.7002
445402.00000 4368214.00000 N.C.
445402.00000 4368218.00000 -122.3503
445402.00000 4368222.00000 N.C.
445402.00000 4368226.00000 N.C.
445402.00000 4368230.00000 N.C.
445402.00000 4368234.00000 -139.5696
445402.00000 4368238.00000 -138.1960
445402.00000 4368242.00000 -131.7765
445402.00000 4368246.00000 N.C.
445402.00000 4368250.00000 N.C.
445402.00000 4368254.00000 -129.8024
445402.00000 4368258.00000 -132.4322
445402.00000 4368262.00000 -130.0004
445402.00000 4368266.00000 -128.5865
445402.00000 4368270.00000 -128.0722
445402.00000 4368274.00000 -126.3923
445402.00000 4368278.00000 -120.6188
445402.00000 4368282.00000 -119.7728
445402.00000 4368286.00000 -121.1200
445402.00000 4368290.00000 -125.0120
445402.00000 4368294.00000 -124.4409
445402.00000 4368298.00000 -123.3982
445402.00000 4368302.00000 -124.3280
445402.00000 4368306.00000 -124.7666
445402.00000 4368310.00000 -126.1703
445402.00000 4368314.00000 -125.4238
445402.00000 4368318.00000 -123.0407
445402.00000 4368322.00000 -122.8019
445402.00000 4368326.00000 -123.5142
445402.00000 4368330.00000 -125.5969
445402.00000 4368334.00000 -127.4284
445402.00000 4368338.00000 -128.5160
445402.00000 4368342.00000 -128.4630
445402.00000 4368346.00000 -128.0281
445402.00000 4368350.00000 -125.8841
445402.00000 4368354.00000 -123.9485
445402.00000 4368358.00000 -125.7899
445402.00000 4368362.00000 -126.0537
445402.00000 4368366.00000 -124.5783
445402.00000 4368370.00000 -126.4995
445402.00000 4368374.00000 -125.1417
445402.00000 4368378.00000 -123.7677
445402.00000 4368382.00000 -123.5659
445402.00000 4368386.00000 -121.7016
445402.00000 4368390.00000 -120.8435
445402.00000 4368394.00000 -118.7523
445406.00000 4367886.00000 -108.7194
445406.00000 4367890.00000 -108.6486
445406.00000 4367894.00000 -108.5559
445406.00000 4367898.00000 -108.4646
445406.00000 4367902.00000 -108.3799
445406.00000 4367906.00000 -108.2847
445406.00000 4367910.00000 -108.0228
445406.00000 4367914.00000 -107.9509
445406.00000 4367918.00000 -107.9292
445406.00000 4367922.00000 -107.7748
445406.00000 4367926.00000 -107.5385
445406.00000 4367930.00000 -107.4301
445406.00000 4367934.00000 -107.2640
445406.00000 4367938.00000 -107.1843
445406.00000 4367942.00000 -107.0623
445406.00000 4367946.00000 -106.9866
445406.00000 4367950.00000 -107.1016
445406.00000 4367954.00000 -107.0039
445406.00000 4367958.00000 -106.9655
445406.00000 4367962.00000 -106.8762
445406.00000 4367966.00000 -106.7892
445406.00000 4367970.00000 -106.6885
445406.00000 4367974.00000 -106.5499
445406.00000 4367978.00000 -106.3204
445406.00000 4367982.00000 -106.0657
445406.00000 4367986.00000 -105.9357
445406.00000 4367990.00000 -105.9615
445406.00000 4367994.00000 -105.9118
445406.00000 4367998.00000 -105.8129
445406.00000 4368002.00000 -105.7439
445406.00000 4368006.00000 -105.6602
445406.00000 4368010.00000 -105.4868
445406.00000 4368014.00000 -105.2386
445406.00000 4368018.00000 -104.6426
445406.00000 4368022.00000 -105.2596
445406.00000 4368026.00000 -104.8648
445406.00000 4368030.00000 -103.9998
445406.00000 4368034.00000 -101.0671
445406.00000 4368038.00000 -104.1719
445406.00000 4368042.00000 -104.8364
445406.00000 4368046.00000 -104.9171
445406.00000 4368050.00000 -103.6990
445406.00000 4368054.00000 -102.2855
445406.00000 4368058.00000 -102.3602
445406.00000 4368062.00000 -104.2269
445406.00000 4368066.00000 -104.4786
445406.00000 4368070.00000 -104.3989
445406.00000 4368074.00000 -104.3673
445406.00000 4368078.00000 -101.3418
445406.00000 4368082.00000 -109.8062
445406.00000 4368086.00000 N.C.
445406.00000 4368090.00000 N.C.
445406.00000 4368094.00000 N.C.
445406.00000 4368098.00000 N.C.
445406.00000 4368102.00000 N.C.
445406.00000 4368106.00000 N.C.
445406.00000 4368110.00000 N.C.
445406.00000 4368114.00000 N.C.
445406.00000 4368118.00000 N.C.
445406.00000 4368122.00000 N.C.
445406.00000 4368126.00000 N.C.
445406.00000 4368130.00000 N.C.
445406.00000 4368134.00000 N.C.
445406.00000 4368138.00000 N.C.
445406.00000 4368142.00000 N.C.
445406.00000 4368146.00000 N.C.
445406.00000 4368150.00000 N.C.
445406.00000 4368154.00000 N.C.
445406.00000 4368158.00000 N.C.
445406.00000 4368162.00000 N.C.
445406.00000 4368166.00000 N.C.
445406.00000 4368170.00000 N.C.
445406.00000 4368174.00000 -122.8326
445406.00000 4368178.00000 -125.5225
445406.00000 4368182.00000 N.C.
445406.00000 4368186.00000 N.C.
445406.00000 4368190.00000 N.C.
445406.00000 4368194.00000 N.C.
445406.00000 4368198.00000 N.C.
445406.00000 4368202.00000 -114.9595
445406.00000 4368206.00000 -115.2312
445406.00000 4368210.00000 -118.2440
445406.00000 4368214.00000 -130.9501
445406.00000 4368218.00000 -121.8157
445406.00000 4368222.00000 N.C.
445406.00000 4368226.00000 N.C.
445406.00000 4368230.00000 N.C.
445406.00000 4368234.00000 -137.9197
445406.00000 4368238.00000 -135.1911
445406.00000 4368242.00000 -130.8831
445406.00000 4368246.00000 N.C.
445406.00000 4368250.00000 N.C.
445406.00000 4368254.00000 -128.9078
445406.00000 4368258.00000 -129.2388
445406.00000 4368262.00000 -128.5689
445406.00000 4368266.00000 -129.5754
445406.00000 4368270.00000 -128.0357
445406.00000 4368274.00000 -126.7657
445406.00000 4368278.00000 -120.5319
445406.00000 4368282.00000 -120.3638
445406.00000 4368286.00000 -120.8323
445406.00000 4368290.00000 -121.3705
445406.00000 4368294.00000 -124.6741
445406.00000 4368298.00000 -123.2448
445406.00000 4368302.00000 -122.9430
445406.00000 4368306.00000 -124.2478
445406.00000 4368310.00000 -124.6212
445406.00000 4368314.00000 -125.9093
445406.00000 4368318.00000 -124.2092
445406.00000 4368322.00000 -123.4969
445406.00000 4368326.00000 -122.2515
445406.00000 4368330.00000 -122.8636
445406.00000 4368334.00000 -125.6467
445406.00000 4368338.00000 -127.4847
445406.00000 4368342.00000 -128.2287
445406.00000 4368346.00000 -127.6820
445406.00000 4368350.00000 -127.0586
445406.00000 4368354.00000 -123.0097
445406.00000 4368358.00000 -122.5749
445406.00000 4368362.00000 -126.5121
445406.00000 4368366.00000 -125.6822
445406.00000 4368370.00000 -124.4871
445406.00000 4368374.00000 -124.9494
445406.00000 4368378.00000 -123.8934
445406.00000 4368382.00000 -122.9177
445406.00000 4368386.00000 -122.8225
445406.00000 4368390.00000 -121.8282
445406.00000 4368394.00000 -120.6908
445410.00000 4367886.00000 -108.7208
445410.00000 4367890.00000 -108.6223
445410.00000 4367894.00000 -108.5303
445410.00000 4367898.00000 -108.4397
445410.00000 4367902.00000 -108.4596
445410.00000 4367906.00000 -108.3734
445410.00000 4367910.00000 -108.2536
445410.00000 4367914.00000 -108.1938
445410.00000 4367918.00000 -108.0710
445410.00000 4367922.00000 -107.9113
445410.00000 4367926.00000 -107.8281
445410.00000 4367930.00000 -107.7410
445410.00000 4367934.00000 -107.1708
445410.00000 4367938.00000 -106.9369
445410.00000 4367942.00000 -107.1659
445410.00000 4367946.00000 -106.9858
445410.00000 4367950.00000 -107.2079
445410.00000 4367954.00000 -107.0154
445410.00000 4367958.00000 -107.0854
445410.00000 4367962.00000 -107.0047
445410.00000 4367966.00000 -106.9037
445410.00000 4367970.00000 -106.6695
445410.00000 4367974.00000 -106.5202
445410.00000 4367978.00000 -106.2805
445410.00000 4367982.00000 -106.2006
445410.00000 4367986.00000 -106.1910
445410.00000 4367990.00000 -106.0934
445410.00000 4367994.00000 -106.0559
445410.00000 4367998.00000 -105.9560
445410.00000 4368002.00000 -105.8742
445410.00000 4368006.00000 -105.9142
445410.00000 4368010.00000 -105.4532
445410.00000 4368014.00000 -105.3254
445410.00000 4368018.00000 -105.4582
445410.00000 4368022.00000 -105.4222
445410.00000 4368026.00000 -105.1269
445410.00000 4368030.00000 -103.6096
445410.00000 4368034.00000 -100.7777
445410.00000 4368038.00000 -104.4821
445410.00000 4368042.00000 -104.9995
445410.00000 4368046.00000 -104.9735
445410.00000 4368050.00000 -103.0365
445410.00000 4368054.00000 -102.8650
445410.00000 4368058.00000 -102.6991
445410.00000 4368062.00000 -104.7464
445410.00000 4368066.00000 -104.6621
445410.00000 4368070.00000 -104.5970
445410.00000 4368074.00000 -104.4942
445410.00000 4368078.00000 -101.6532
445410.00000 4368082.00000 -115.2797
445410.00000 4368086.00000 N.C.
445410.00000 4368090.00000 N.C.
445410.00000 4368094.00000 N.C.
445410.00000 4368098.00000 N.C.
445410.00000 4368102.00000 N.C.
445410.00000 4368106.00000 N.C.
445410.00000 4368110.00000 N.C.
445410.00000 4368114.00000 N.C.
445410.00000 4368118.00000 N.C.
445410.00000 4368122.00000 N.C.
445410.00000 4368126.00000 N.C.
445410.00000 4368130.00000 N.C.
445410.00000 4368134.00000 N.C.
445410.00000 4368138.00000 N.C.
445410.00000 4368142.00000 N.C.
445410.00000 4368146.00000 N.C.
445410.00000 4368150.00000 N.C.
445410.00000 4368154.00000 N.C.
445410.00000 4368158.00000 N.C.
445410.00000 4368162.00000 N.C.
445410.00000 4368166.00000 N.C.
445410.00000 4368170.00000 N.C.
445410.00000 4368174.00000 -124.5748
445410.00000 4368178.00000 -125.8876
445410.00000 4368182.00000 N.C.
445410.00000 4368186.00000 N.C.
445410.00000 4368190.00000 N.C.
445410.00000 4368194.00000 N.C.
445410.00000 4368198.00000 N.C.
445410.00000 4368202.00000 -111.9962
445410.00000 4368206.00000 -118.4129
445410.00000 4368210.00000 -118.4352
445410.00000 4368214.00000 -123.0904
445410.00000 4368218.00000 N.C.
445410.00000 4368222.00000 N.C.
445410.00000 4368226.00000 N.C.
445410.00000 4368230.00000 N.C.
445410.00000 4368234.00000 -135.2737
445410.00000 4368238.00000 -129.8238
445410.00000 4368242.00000 -133.5669
445410.00000 4368246.00000 N.C.
445410.00000 4368250.00000 -133.5972
445410.00000 4368254.00000 -128.9559
445410.00000 4368258.00000 -128.9822
445410.00000 4368262.00000 -128.7344
445410.00000 4368266.00000 -128.9583
445410.00000 4368270.00000 -129.0860
445410.00000 4368274.00000 -126.8153
445410.00000 4368278.00000 -123.8478
445410.00000 4368282.00000 -118.4739
445410.00000 4368286.00000 -120.3471
445410.00000 4368290.00000 -121.1203
445410.00000 4368294.00000 -125.6742
445410.00000 4368298.00000 -124.6134
445410.00000 4368302.00000 -122.9068
445410.00000 4368306.00000 -123.8492
445410.00000 4368310.00000 -124.3745
445410.00000 4368314.00000 -125.1508
445410.00000 4368318.00000 -125.5928
445410.00000 4368322.00000 -124.1441
445410.00000 4368326.00000 -122.5933
445410.00000 4368330.00000 -122.0099
445410.00000 4368334.00000 -123.0702
445410.00000 4368338.00000 -125.3635
445410.00000 4368342.00000 -127.4385
445410.00000 4368346.00000 -128.0850
445410.00000 4368350.00000 -126.3652
445410.00000 4368354.00000 -127.3431
445410.00000 4368358.00000 -122.5040
445410.00000 4368362.00000 -124.2708
445410.00000 4368366.00000 -125.6998
445410.00000 4368370.00000 -125.9370
445410.00000 4368374.00000 -121.0777
445410.00000 4368378.00000 -124.4068
445410.00000 4368382.00000 -123.0633
445410.00000 4368386.00000 -122.8128
445410.00000 4368390.00000 -122.4483
445410.00000 4368394.00000 -121.3725
445414.00000 4367886.00000 -108.2869
445414.00000 4367890.00000 -108.1934
445414.00000 4367894.00000 -108.1074
445414.00000 4367898.00000 -108.0155
445414.00000 4367902.00000 -107.9323
445414.00000 4367906.00000 -107.8420
445414.00000 4367910.00000 -107.7427
445414.00000 4367914.00000 -107.6614
445414.00000 4367918.00000 -107.5698
445414.00000 4367922.00000 -107.5156
445414.00000 4367926.00000 -107.9011
445414.00000 4367930.00000 -107.7872
445414.00000 4367934.00000 -107.1446
445414.00000 4367938.00000 -107.1358
445414.00000 4367942.00000 -107.2863
445414.00000 4367946.00000 -107.4188
445414.00000 4367950.00000 -107.2246
445414.00000 4367954.00000 -107.2903
445414.00000 4367958.00000 -107.2133
445414.00000 4367962.00000 -107.1214
445414.00000 4367966.00000 -107.0281
445414.00000 4367970.00000 -106.7846
445414.00000 4367974.00000 -106.4799
445414.00000 4367978.00000 -106.4249
445414.00000 4367982.00000 -106.2888
445414.00000 4367986.00000 -106.3318
445414.00000 4367990.00000 -106.2896
445414.00000 4367994.00000 -106.1395
445414.00000 4367998.00000 -106.1079
445414.00000 4368002.00000 -105.8799
445414.00000 4368006.00000 -105.8993
445414.00000 4368010.00000 -105.5786
445414.00000 4368014.00000 -105.5294
445414.00000 4368018.00000 -105.6109
445414.00000 4368022.00000 -105.4350
445414.00000 4368026.00000 -104.4497
445414.00000 4368030.00000 -102.9755
445414.00000 4368034.00000 -104.2968
445414.00000 4368038.00000 -105.2165
445414.00000 4368042.00000 -105.1392
445414.00000 4368046.00000 -105.1942
445414.00000 4368050.00000 -103.5180
445414.00000 4368054.00000 -103.3332
445414.00000 4368058.00000 -104.4176
445414.00000 4368062.00000 -104.9225
445414.00000 4368066.00000 -104.8150
445414.00000 4368070.00000 -104.7611
445414.00000 4368074.00000 -101.9405
445414.00000 4368078.00000 -104.4218
445414.00000 4368082.00000 -119.4169
445414.00000 4368086.00000 -132.1062
445414.00000 4368090.00000 -133.7851
445414.00000 4368094.00000 -135.4824
445414.00000 4368098.00000 -136.8219
445414.00000 4368102.00000 -137.5168
445414.00000 4368106.00000 N.C.
445414.00000 4368110.00000 N.C.
445414.00000 4368114.00000 N.C.
445414.00000 4368118.00000 N.C.
445414.00000 4368122.00000 N.C.
445414.00000 4368126.00000 N.C.
445414.00000 4368130.00000 N.C.
445414.00000 4368134.00000 N.C.
445414.00000 4368138.00000 N.C.
445414.00000 4368142.00000 N.C.
445414.00000 4368146.00000 N.C.
445414.00000 4368150.00000 N.C.
445414.00000 4368154.00000 N.C.
445414.00000 4368158.00000 N.C.
445414.00000 4368162.00000 N.C.
445414.00000 4368166.00000 N.C.
445414.00000 4368170.00000 N.C.
445414.00000 4368174.00000 -123.9709
445414.00000 4368178.00000 -126.2730
445414.00000 4368182.00000 N.C.
445414.00000 4368186.00000 N.C.
445414.00000 4368190.00000 N.C.
445414.00000 4368194.00000 N.C.
445414.00000 4368198.00000 N.C.
445414.00000 4368202.00000 -120.0381
445414.00000 4368206.00000 -119.1211
445414.00000 4368210.00000 -118.3252
445414.00000 4368214.00000 -118.2854
445414.00000 4368218.00000 N.C.
445414.00000 4368222.00000 N.C.
445414.00000 4368226.00000 N.C.
445414.00000 4368230.00000 N.C.
445414.00000 4368234.00000 -134.6143
445414.00000 4368238.00000 -132.5942
445414.00000 4368242.00000 -131.7013
445414.00000 4368246.00000 -130.5274
445414.00000 4368250.00000 -126.4714
445414.00000 4368254.00000 -128.0015
445414.00000 4368258.00000 -129.3445
445414.00000 4368262.00000 -128.1229
445414.00000 4368266.00000 -128.3134
445414.00000 4368270.00000 -129.5472
445414.00000 4368274.00000 -127.2233
445414.00000 4368278.00000 -125.1722
445414.00000 4368282.00000 -120.3497
445414.00000 4368286.00000 -120.4334
445414.00000 4368290.00000 -120.7212
445414.00000 4368294.00000 -121.3216
445414.00000 4368298.00000 -124.7611
445414.00000 4368302.00000 -124.3566
445414.00000 4368306.00000 -122.9689
445414.00000 4368310.00000 -123.7142
445414.00000 4368314.00000 -123.4858
445414.00000 4368318.00000 -124.8848
445414.00000 4368322.00000 -125.5480
445414.00000 4368326.00000 -123.5213
445414.00000 4368330.00000 -121.7396
445414.00000 4368334.00000 -121.9615
445414.00000 4368338.00000 -123.2257
445414.00000 4368342.00000 -125.2034
445414.00000 4368346.00000 -127.4752
445414.00000 4368350.00000 -127.1760
445414.00000 4368354.00000 -126.1948
445414.00000 4368358.00000 -124.0767
445414.00000 4368362.00000 -123.3663
445414.00000 4368366.00000 -123.8197
445414.00000 4368370.00000 -126.5518
445414.00000 4368374.00000 -125.8703
445414.00000 4368378.00000 -121.0224
445414.00000 4368382.00000 -123.6367
445414.00000 4368386.00000 -122.1625
445414.00000 4368390.00000 -123.1357
445414.00000 4368394.00000 -122.0816
445418.00000 4367886.00000 -108.4487
445418.00000 4367890.00000 -108.3625
445418.00000 4367894.00000 -108.2717
445418.00000 4367898.00000 -108.1697
445418.00000 4367902.00000 -108.0013
445418.00000 4367906.00000 -107.9008
445418.00000 4367910.00000 -107.7798
445418.00000 4367914.00000 -107.7283
445418.00000 4367918.00000 -107.6270
445418.00000 4367922.00000 -107.4963
445418.00000 4367926.00000 -107.3820
445418.00000 4367930.00000 -107.4564
445418.00000 4367934.00000 -107.2963
445418.00000 4367938.00000 -107.3635
445418.00000 4367942.00000 -107.2933
445418.00000 4367946.00000 -107.4331
445418.00000 4367950.00000 -107.3497
445418.00000 4367954.00000 -107.4146
445418.00000 4367958.00000 -107.3304
445418.00000 4367962.00000 -107.2160
445418.00000 4367966.00000 -106.9932
445418.00000 4367970.00000 -106.7186
445418.00000 4367974.00000 -106.5879
445418.00000 4367978.00000 -106.5665
445418.00000 4367982.00000 -106.5283
445418.00000 4367986.00000 -106.4995
445418.00000 4367990.00000 -106.4066
445418.00000 4367994.00000 -106.3306
445418.00000 4367998.00000 -106.1965
445418.00000 4368002.00000 -106.2288
445418.00000 4368006.00000 -105.8207
445418.00000 4368010.00000 -105.6945
445418.00000 4368014.00000 -106.0048
445418.00000 4368018.00000 -105.7582
445418.00000 4368022.00000 -105.3328
445418.00000 4368026.00000 -104.4208
445418.00000 4368030.00000 -101.3238
445418.00000 4368034.00000 -104.7854
445418.00000 4368038.00000 -105.3833
445418.00000 4368042.00000 -105.3409
445418.00000 4368046.00000 -104.1296
445418.00000 4368050.00000 -103.5437
445418.00000 4368054.00000 -104.0133
445418.00000 4368058.00000 -104.6417
445418.00000 4368062.00000 -105.0568
445418.00000 4368066.00000 -104.9762
445418.00000 4368070.00000 -104.9536
445418.00000 4368074.00000 -102.0810
445418.00000 4368078.00000 -104.6408
445418.00000 4368082.00000 -111.3894
445418.00000 4368086.00000 -117.3611
445418.00000 4368090.00000 -116.8583
445418.00000 4368094.00000 -119.9266
445418.00000 4368098.00000 -121.3213
445418.00000 4368102.00000 -119.6993
445418.00000 4368106.00000 -124.0224
445418.00000 4368110.00000 -127.4410
445418.00000 4368114.00000 -131.2025
445418.00000 4368118.00000 -134.5669
445418.00000 4368122.00000 -138.5476
445418.00000 4368126.00000 -141.5768
445418.00000 4368130.00000 -151.9594
445418.00000 4368134.00000 N.C.
445418.00000 4368138.00000 N.C.
445418.00000 4368142.00000 N.C.
445418.00000 4368146.00000 N.C.
445418.00000 4368150.00000 N.C.
445418.00000 4368154.00000 N.C.
445418.00000 4368158.00000 N.C.
445418.00000 4368162.00000 N.C.
445418.00000 4368166.00000 N.C.
445418.00000 4368170.00000 N.C.
445418.00000 4368174.00000 -123.9168
445418.00000 4368178.00000 N.C.
445418.00000 4368182.00000 N.C.
445418.00000 4368186.00000 N.C.
445418.00000 4368190.00000 N.C.
445418.00000 4368194.00000 N.C.
445418.00000 4368198.00000 N.C.
445418.00000 4368202.00000 -119.2986
445418.00000 4368206.00000 N.C.
445418.00000 4368210.00000 -119.6199
445418.00000 4368214.00000 -120.1097
445418.00000 4368218.00000 -133.7061
445418.00000 4368222.00000 -133.6464
445418.00000 4368226.00000 N.C.
445418.00000 4368230.00000 N.C.
445418.00000 4368234.00000 N.C.
445418.00000 4368238.00000 N.C.
445418.00000 4368242.00000 -131.1756
445418.00000 4368246.00000 -128.4695
445418.00000 4368250.00000 -127.7010
445418.00000 4368254.00000 -126.5510
445418.00000 4368258.00000 -127.9491
445418.00000 4368262.00000 -127.9222
445418.00000 4368266.00000 -127.5591
445418.00000 4368270.00000 -127.8523
445418.00000 4368274.00000 -128.5598
445418.00000 4368278.00000 -125.6227
445418.00000 4368282.00000 -120.6218
445418.00000 4368286.00000 -118.5929
445418.00000 4368290.00000 -120.4947
445418.00000 4368294.00000 -120.6027
445418.00000 4368298.00000 -121.5340
445418.00000 4368302.00000 -124.5751
445418.00000 4368306.00000 -122.4238
445418.00000 4368310.00000 -123.1492
445418.00000 4368314.00000 -123.2946
445418.00000 4368318.00000 -123.1901
445418.00000 4368322.00000 -124.7802
445418.00000 4368326.00000 -124.2604
445418.00000 4368330.00000 -122.8577
445418.00000 4368334.00000 -121.2923
445418.00000 4368338.00000 -122.0585
445418.00000 4368342.00000 -123.2398
445418.00000 4368346.00000 -125.2230
445418.00000 4368350.00000 -126.8141
445418.00000 4368354.00000 -126.8257
445418.00000 4368358.00000 -123.3124
445418.00000 4368362.00000 -125.7710
445418.00000 4368366.00000 -123.0814
445418.00000 4368370.00000 -120.5156
445418.00000 4368374.00000 -124.7023
445418.00000 4368378.00000 -124.1515
445418.00000 4368382.00000 -120.7623
445418.00000 4368386.00000 -123.3558
445418.00000 4368390.00000 -122.8264
445418.00000 4368394.00000 -122.9821
445422.00000 4367886.00000 -108.5540
445422.00000 4367890.00000 -108.4577
445422.00000 4367894.00000 -108.3663
445422.00000 4367898.00000 -108.2691
445422.00000 4367902.00000 -108.1504
445422.00000 4367906.00000 -108.0190
445422.00000 4367910.00000 -107.9652
445422.00000 4367914.00000 -107.8682
445422.00000 4367918.00000 -107.7263
445422.00000 4367922.00000 -107.5729
445422.00000 4367926.00000 -107.4696
445422.00000 4367930.00000 -107.0049
445422.00000 4367934.00000 -107.4471
445422.00000 4367938.00000 -107.4798
445422.00000 4367942.00000 -107.6651
445422.00000 4367946.00000 -107.5457
445422.00000 4367950.00000 -107.6215
445422.00000 4367954.00000 -107.5773
445422.00000 4367958.00000 -107.4426
445422.00000 4367962.00000 -107.1982
445422.00000 4367966.00000 -107.0596
445422.00000 4367970.00000 -106.8508
445422.00000 4367974.00000 -106.7916
445422.00000 4367978.00000 -106.7570
445422.00000 4367982.00000 -106.6828
445422.00000 4367986.00000 -105.5558
445422.00000 4367990.00000 -106.6094
445422.00000 4367994.00000 -106.5073
445422.00000 4367998.00000 -106.3482
445422.00000 4368002.00000 -106.2404
445422.00000 4368006.00000 -105.9498
445422.00000 4368010.00000 -105.8919
445422.00000 4368014.00000 -105.9973
445422.00000 4368018.00000 -105.7910
445422.00000 4368022.00000 -104.7715
445422.00000 4368026.00000 -104.3730
445422.00000 4368030.00000 -104.3467
445422.00000 4368034.00000 -105.2579
445422.00000 4368038.00000 -105.5177
445422.00000 4368042.00000 -105.4297
445422.00000 4368046.00000 -103.5155
445422.00000 4368050.00000 -103.3505
445422.00000 4368054.00000 -104.6887
445422.00000 4368058.00000 -105.2797
445422.00000 4368062.00000 -105.0969
445422.00000 4368066.00000 -105.0294
445422.00000 4368070.00000 -104.9786
445422.00000 4368074.00000 -101.9331
445422.00000 4368078.00000 -104.4952
445422.00000 4368082.00000 -104.7583
445422.00000 4368086.00000 -103.9988
445422.00000 4368090.00000 -110.1056
445422.00000 4368094.00000 -109.8325
445422.00000 4368098.00000 -111.2385
445422.00000 4368102.00000 -111.0785
445422.00000 4368106.00000 -115.1218
445422.00000 4368110.00000 -115.4053
445422.00000 4368114.00000 -119.4690
445422.00000 4368118.00000 -120.3739
445422.00000 4368122.00000 -123.1385
445422.00000 4368126.00000 -126.7743
445422.00000 4368130.00000 -128.9153
445422.00000 4368134.00000 -129.0946
445422.00000 4368138.00000 -138.9675
445422.00000 4368142.00000 -138.2788
445422.00000 4368146.00000 -137.9877
445422.00000 4368150.00000 -143.0392
445422.00000 4368154.00000 -147.2731
445422.00000 4368158.00000 -150.6192
445422.00000 4368162.00000 N.C.
445422.00000 4368166.00000 N.C.
445422.00000 4368170.00000 N.C.
445422.00000 4368174.00000 -124.9424
445422.00000 4368178.00000 N.C.
445422.00000 4368182.00000 N.C.
445422.00000 4368186.00000 N.C.
445422.00000 4368190.00000 N.C.
445422.00000 4368194.00000 N.C.
445422.00000 4368198.00000 N.C.
445422.00000 4368202.00000 -119.6564
445422.00000 4368206.00000 N.C.
445422.00000 4368210.00000 -120.1021
445422.00000 4368214.00000 -119.7665
445422.00000 4368218.00000 -125.6995
445422.00000 4368222.00000 -132.8105
445422.00000 4368226.00000 -138.6074
445422.00000 4368230.00000 -131.9715
445422.00000 4368234.00000 -135.2674
445422.00000 4368238.00000 -144.4632
445422.00000 4368242.00000 -130.1418
445422.00000 4368246.00000 -129.4224
445422.00000 4368250.00000 -127.4901
445422.00000 4368254.00000 -127.3712
445422.00000 4368258.00000 -127.5185
445422.00000 4368262.00000 -126.6021
445422.00000 4368266.00000 -127.4397
445422.00000 4368270.00000 -128.0866
445422.00000 4368274.00000 -130.0318
445422.00000 4368278.00000 -126.4872
445422.00000 4368282.00000 -123.7421
445422.00000 4368286.00000 -120.4406
445422.00000 4368290.00000 -120.3055
445422.00000 4368294.00000 -119.9438
445422.00000 4368298.00000 -121.3200
445422.00000 4368302.00000 -124.6856
445422.00000 4368306.00000 -124.0640
445422.00000 4368310.00000 -123.4610
445422.00000 4368314.00000 -122.5206
445422.00000 4368318.00000 -122.2341
445422.00000 4368322.00000 -123.2413
445422.00000 4368326.00000 -124.4399
445422.00000 4368330.00000 -122.7583
445422.00000 4368334.00000 -122.6247
445422.00000 4368338.00000 -120.7041
445422.00000 4368342.00000 -121.1275
445422.00000 4368346.00000 -122.8121
445422.00000 4368350.00000 -124.5990
445422.00000 4368354.00000 -127.1549
445422.00000 4368358.00000 -123.9586
445422.00000 4368362.00000 -126.2189
445422.00000 4368366.00000 -125.4359
445422.00000 4368370.00000 -123.0839
445422.00000 4368374.00000 -120.1106
445422.00000 4368378.00000 -125.7356
445422.00000 4368382.00000 -124.6950
445422.00000 4368386.00000 -122.1698
445422.00000 4368390.00000 -122.8055
445422.00000 4368394.00000 -122.2449
445426.00000 4367886.00000 -108.6367
445426.00000 4367890.00000 -108.5461
445426.00000 4367894.00000 -108.4582
445426.00000 4367898.00000 -108.3551
445426.00000 4367902.00000 -108.2106
445426.00000 4367906.00000 -108.1092
445426.00000 4367910.00000 -108.0541
445426.00000 4367914.00000 -107.9141
445426.00000 4367918.00000 -107.8279
445426.00000 4367922.00000 -107.5834
445426.00000 4367926.00000 -107.6420
445426.00000 4367930.00000 -107.2864
445426.00000 4367934.00000 -107.4740
445426.00000 4367938.00000 -107.7292
445426.00000 4367942.00000 -107.7369
445426.00000 4367946.00000 -107.6638
445426.00000 4367950.00000 -107.6960
445426.00000 4367954.00000 -107.6474
445426.00000 4367958.00000 -107.4421
445426.00000 4367962.00000 -107.3110
445426.00000 4367966.00000 -107.0312
445426.00000 4367970.00000 -107.0016
445426.00000 4367974.00000 -106.9586
445426.00000 4367978.00000 -106.8928
445426.00000 4367982.00000 -106.8279
445426.00000 4367986.00000 -106.7180
445426.00000 4367990.00000 -106.6889
445426.00000 4367994.00000 -106.5013
445426.00000 4367998.00000 -106.4915
445426.00000 4368002.00000 -106.3836
445426.00000 4368006.00000 -106.0897
445426.00000 4368010.00000 -106.3723
445426.00000 4368014.00000 -106.1340
445426.00000 4368018.00000 -105.8948
445426.00000 4368022.00000 -104.8381
445426.00000 4368026.00000 -103.6377
445426.00000 4368030.00000 -105.4816
445426.00000 4368034.00000 -105.7864
445426.00000 4368038.00000 -105.5775
445426.00000 4368042.00000 -105.5821
445426.00000 4368046.00000 -103.7062
445426.00000 4368050.00000 -104.7161
445426.00000 4368054.00000 -104.9012
445426.00000 4368058.00000 -105.4286
445426.00000 4368062.00000 -105.3698
445426.00000 4368066.00000 -105.3647
445426.00000 4368070.00000 -105.0722
445426.00000 4368074.00000 -102.2269
445426.00000 4368078.00000 -104.8965
445426.00000 4368082.00000 -105.0639
445426.00000 4368086.00000 -105.0660
445426.00000 4368090.00000 -104.9746
445426.00000 4368094.00000 -104.8857
445426.00000 4368098.00000 -104.5216
445426.00000 4368102.00000 -104.0603
445426.00000 4368106.00000 -100.9718
445426.00000 4368110.00000 -103.4561
445426.00000 4368114.00000 -106.9027
445426.00000 4368118.00000 -111.3186
445426.00000 4368122.00000 -111.2516
445426.00000 4368126.00000 -116.8140
445426.00000 4368130.00000 -123.4644
445426.00000 4368134.00000 -123.4703
445426.00000 4368138.00000 -124.8090
445426.00000 4368142.00000 -124.6517
445426.00000 4368146.00000 -125.1724
445426.00000 4368150.00000 -126.9636
445426.00000 4368154.00000 -128.1404
445426.00000 4368158.00000 -127.2194
445426.00000 4368162.00000 -127.9821
445426.00000 4368166.00000 -142.6856
445426.00000 4368170.00000 -127.8083
445426.00000 4368174.00000 -124.4848
445426.00000 4368178.00000 -132.0848
445426.00000 4368182.00000 -141.8108
445426.00000 4368186.00000 -137.8386
445426.00000 4368190.00000 -150.1792
445426.00000 4368194.00000 -151.3471
445426.00000 4368198.00000 N.C.
445426.00000 4368202.00000 -120.0233
445426.00000 4368206.00000 -139.7837
445426.00000 4368210.00000 N.C.
445426.00000 4368214.00000 -119.8003
445426.00000 4368218.00000 -124.3214
445426.00000 4368222.00000 -133.4017
445426.00000 4368226.00000 -137.3897
445426.00000 4368230.00000 -132.6462
445426.00000 4368234.00000 -133.3701
445426.00000 4368238.00000 -132.1254
445426.00000 4368242.00000 -130.2986
445426.00000 4368246.00000 -128.9857
445426.00000 4368250.00000 -128.6683
445426.00000 4368254.00000 -127.0059
445426.00000 4368258.00000 -126.3650
445426.00000 4368262.00000 -126.2493
445426.00000 4368266.00000 -126.2400
445426.00000 4368270.00000 -126.7910
445426.00000 4368274.00000 -127.7467
445426.00000 4368278.00000 -126.6961
445426.00000 4368282.00000 -123.5559
445426.00000 4368286.00000 -120.6591
445426.00000 4368290.00000 -120.2865
445426.00000 4368294.00000 -121.0846
445426.00000 4368298.00000 -120.7363
445426.00000 4368302.00000 -121.4016
445426.00000 4368306.00000 -123.9961
445426.00000 4368310.00000 -122.4946
445426.00000 4368314.00000 -122.0416
445426.00000 4368318.00000 -123.3492
445426.00000 4368322.00000 -122.6635
445426.00000 4368326.00000 -123.5412
445426.00000 4368330.00000 -123.8375
445426.00000 4368334.00000 -121.8564
445426.00000 4368338.00000 -121.6778
445426.00000 4368342.00000 -120.4707
445426.00000 4368346.00000 -121.4189
445426.00000 4368350.00000 -121.9466
445426.00000 4368354.00000 -124.6189
445426.00000 4368358.00000 -126.6080
445426.00000 4368362.00000 -123.2462
445426.00000 4368366.00000 -126.0676
445426.00000 4368370.00000 -124.3481
445426.00000 4368374.00000 -122.5452
445426.00000 4368378.00000 -120.3278
445426.00000 4368382.00000 -123.0556
445426.00000 4368386.00000 -124.3900
445426.00000 4368390.00000 -121.2359
445426.00000 4368394.00000 -122.8085
445430.00000 4367886.00000 -108.7261
445430.00000 4367890.00000 -108.6288
445430.00000 4367894.00000 -108.5331
445430.00000 4367898.00000 -108.4097
445430.00000 4367902.00000 -108.3024
445430.00000 4367906.00000 -108.2044
445430.00000 4367910.00000 -108.1512
445430.00000 4367914.00000 -107.9402
445430.00000 4367918.00000 -107.9190
445430.00000 4367922.00000 -107.6188
445430.00000 4367926.00000 -107.4454
445430.00000 4367930.00000 -107.3520
445430.00000 4367934.00000 -107.2070
445430.00000 4367938.00000 -107.8909
445430.00000 4367942.00000 -107.8532
445430.00000 4367946.00000 -107.8275
445430.00000 4367950.00000 -107.8502
445430.00000 4367954.00000 -107.6515
445430.00000 4367958.00000 -107.4571
445430.00000 4367962.00000 -107.2504
445430.00000 4367966.00000 -107.1181
445430.00000 4367970.00000 -107.2329
445430.00000 4367974.00000 -107.0751
445430.00000 4367978.00000 -107.0641
445430.00000 4367982.00000 -105.8333
445430.00000 4367986.00000 -106.9104
445430.00000 4367990.00000 -106.8842
445430.00000 4367994.00000 -106.5556
445430.00000 4367998.00000 -106.6261
445430.00000 4368002.00000 -106.6799
445430.00000 4368006.00000 -106.5722
445430.00000 4368010.00000 -106.5066
445430.00000 4368014.00000 -106.2387
445430.00000 4368018.00000 -105.3034
445430.00000 4368022.00000 -104.7124
445430.00000 4368026.00000 -103.6577
445430.00000 4368030.00000 -105.6020
445430.00000 4368034.00000 -105.9359
445430.00000 4368038.00000 -105.7533
445430.00000 4368042.00000 -104.4872
445430.00000 4368046.00000 -103.6770
445430.00000 4368050.00000 -104.0161
445430.00000 4368054.00000 -105.1303
445430.00000 4368058.00000 -105.5631
445430.00000 4368062.00000 -105.5490
445430.00000 4368066.00000 -105.4834
445430.00000 4368070.00000 -102.6085
445430.00000 4368074.00000 -104.4628
445430.00000 4368078.00000 -105.3528
445430.00000 4368082.00000 -105.2984
445430.00000 4368086.00000 -105.2460
445430.00000 4368090.00000 -105.1566
445430.00000 4368094.00000 -105.0764
445430.00000 4368098.00000 -105.0475
445430.00000 4368102.00000 -103.7647
445430.00000 4368106.00000 -101.3354
445430.00000 4368110.00000 -103.6564
445430.00000 4368114.00000 -108.1129
445430.00000 4368118.00000 -114.3106
445430.00000 4368122.00000 -114.9123
445430.00000 4368126.00000 -112.6762
445430.00000 4368130.00000 -121.5557
445430.00000 4368134.00000 -121.3962
445430.00000 4368138.00000 -121.0659
445430.00000 4368142.00000 -118.9670
445430.00000 4368146.00000 -118.8219
445430.00000 4368150.00000 -123.7503
445430.00000 4368154.00000 -123.8144
445430.00000 4368158.00000 -123.1931
445430.00000 4368162.00000 -125.3631
445430.00000 4368166.00000 -125.6715
445430.00000 4368170.00000 -125.3546
445430.00000 4368174.00000 -123.9553
445430.00000 4368178.00000 N.C.
445430.00000 4368182.00000 N.C.
445430.00000 4368186.00000 N.C.
445430.00000 4368190.00000 N.C.
445430.00000 4368194.00000 N.C.
445430.00000 4368198.00000 N.C.
445430.00000 4368202.00000 -119.7009
445430.00000 4368206.00000 N.C.
445430.00000 4368210.00000 N.C.
445430.00000 4368214.00000 N.C.
445430.00000 4368218.00000 N.C.
445430.00000 4368222.00000 N.C.
445430.00000 4368226.00000 N.C.
445430.00000 4368230.00000 -132.2761
445430.00000 4368234.00000 -130.6564
445430.00000 4368238.00000 -132.2581
445430.00000 4368242.00000 -130.4184
445430.00000 4368246.00000 -129.1938
445430.00000 4368250.00000 -129.0814
445430.00000 4368254.00000 -127.7065
445430.00000 4368258.00000 -126.5960
445430.00000 4368262.00000 -125.5675
445430.00000 4368266.00000 -126.4692
445430.00000 4368270.00000 -126.4019
445430.00000 4368274.00000 -126.7900
445430.00000 4368278.00000 -126.1713
445430.00000 4368282.00000 -125.8841
445430.00000 4368286.00000 -120.7842
445430.00000 4368290.00000 -120.5464
445430.00000 4368294.00000 -120.4220
445430.00000 4368298.00000 -120.4317
445430.00000 4368302.00000 -121.1482
445430.00000 4368306.00000 -124.6118
445430.00000 4368310.00000 -123.8069
445430.00000 4368314.00000 -123.1506
445430.00000 4368318.00000 -122.6417
445430.00000 4368322.00000 -122.8170
445430.00000 4368326.00000 -122.6647
445430.00000 4368330.00000 -123.4636
445430.00000 4368334.00000 -122.8563
445430.00000 4368338.00000 -122.0824
445430.00000 4368342.00000 -120.6818
445430.00000 4368346.00000 -121.2840
445430.00000 4368350.00000 -121.2564
445430.00000 4368354.00000 -121.9409
445430.00000 4368358.00000 -125.8258
445430.00000 4368362.00000 -123.2818
445430.00000 4368366.00000 -124.8477
445430.00000 4368370.00000 -125.8503
445430.00000 4368374.00000 -123.1185
445430.00000 4368378.00000 -121.7287
445430.00000 4368382.00000 -120.6035
445430.00000 4368386.00000 -120.4648
445430.00000 4368390.00000 -123.2626
445430.00000 4368394.00000 -121.2124
445434.00000 4367886.00000 -108.8001
445434.00000 4367890.00000 -108.7022
445434.00000 4367894.00000 -108.5914
445434.00000 4367898.00000 -108.4756
445434.00000 4367902.00000 -108.3870
445434.00000 4367906.00000 -108.2921
445434.00000 4367910.00000 -108.2474
445434.00000 4367914.00000 -108.0686
445434.00000 4367918.00000 -107.9994
445434.00000 4367922.00000 -107.7117
445434.00000 4367926.00000 -107.5237
445434.00000 4367930.00000 -107.3745
445434.00000 4367934.00000 -107.5074
445434.00000 4367938.00000 -107.5521
445434.00000 4367942.00000 -107.9649
445434.00000 4367946.00000 -108.0174
445434.00000 4367950.00000 -107.8457
445434.00000 4367954.00000 -107.6681
445434.00000 4367958.00000 -107.4296
445434.00000 4367962.00000 -107.3334
445434.00000 4367966.00000 -107.3079
445434.00000 4367970.00000 -107.2999
445434.00000 4367974.00000 -107.2100
445434.00000 4367978.00000 -107.1317
445434.00000 4367982.00000 -107.1043
445434.00000 4367986.00000 -107.0002
445434.00000 4367990.00000 -106.7294
445434.00000 4367994.00000 -106.8405
445434.00000 4367998.00000 -106.8958
445434.00000 4368002.00000 -106.8291
445434.00000 4368006.00000 -106.7028
445434.00000 4368010.00000 -106.5119
445434.00000 4368014.00000 -106.2906
445434.00000 4368018.00000 -105.3746
445434.00000 4368022.00000 -104.1128
445434.00000 4368026.00000 -106.0231
445434.00000 4368030.00000 -106.1042
445434.00000 4368034.00000 -105.8071
445434.00000 4368038.00000 -105.8529
445434.00000 4368042.00000 -104.3126
445434.00000 4368046.00000 -104.7385
445434.00000 4368050.00000 -104.7243
445434.00000 4368054.00000 -105.6926
445434.00000 4368058.00000 -105.7739
445434.00000 4368062.00000 -105.6789
445434.00000 4368066.00000 -105.6739
445434.00000 4368070.00000 -105.4391
445434.00000 4368074.00000 -103.9278
445434.00000 4368078.00000 -105.5239
445434.00000 4368082.00000 -105.5107
445434.00000 4368086.00000 -105.4351
445434.00000 4368090.00000 -105.1135
445434.00000 4368094.00000 -105.0916
445434.00000 4368098.00000 -104.5556
445434.00000 4368102.00000 -102.4119
445434.00000 4368106.00000 -100.2696
445434.00000 4368110.00000 -109.4896
445434.00000 4368114.00000 -108.2767
445434.00000 4368118.00000 -113.3447
445434.00000 4368122.00000 -112.3987
445434.00000 4368126.00000 -112.7982
445434.00000 4368130.00000 -113.1330
445434.00000 4368134.00000 -113.0936
445434.00000 4368138.00000 -122.5440
445434.00000 4368142.00000 -121.5204
445434.00000 4368146.00000 -123.5362
445434.00000 4368150.00000 -121.8769
445434.00000 4368154.00000 -121.5535
445434.00000 4368158.00000 -121.8302
445434.00000 4368162.00000 -124.8070
445434.00000 4368166.00000 -124.2567
445434.00000 4368170.00000 -123.9709
445434.00000 4368174.00000 -124.0466
445434.00000 4368178.00000 N.C.
445434.00000 4368182.00000 N.C.
445434.00000 4368186.00000 N.C.
445434.00000 4368190.00000 N.C.
445434.00000 4368194.00000 N.C.
445434.00000 4368198.00000 N.C.
445434.00000 4368202.00000 -121.6188
445434.00000 4368206.00000 N.C.
445434.00000 4368210.00000 N.C.
445434.00000 4368214.00000 -178.5060
445434.00000 4368218.00000 -144.6795
445434.00000 4368222.00000 -152.1349
445434.00000 4368226.00000 N.C.
445434.00000 4368230.00000 -133.8512
445434.00000 4368234.00000 -131.4404
445434.00000 4368238.00000 -131.5071
445434.00000 4368242.00000 -132.1328
445434.00000 4368246.00000 -130.4545
445434.00000 4368250.00000 -127.8113
445434.00000 4368254.00000 -127.7167
445434.00000 4368258.00000 -125.7669
445434.00000 4368262.00000 -124.8714
445434.00000 4368266.00000 -126.7031
445434.00000 4368270.00000 -125.9312
445434.00000 4368274.00000 -125.9417
445434.00000 4368278.00000 -124.6915
445434.00000 4368282.00000 -126.3085
445434.00000 4368286.00000 -123.6101
445434.00000 4368290.00000 -120.7836
445434.00000 4368294.00000 -120.3022
445434.00000 4368298.00000 -121.1005
445434.00000 4368302.00000 -120.4125
445434.00000 4368306.00000 -121.1620
445434.00000 4368310.00000 -124.3187
445434.00000 4368314.00000 -124.1561
445434.00000 4368318.00000 -121.4371
445434.00000 4368322.00000 -121.9177
445434.00000 4368326.00000 -121.2526
445434.00000 4368330.00000 -122.0793
445434.00000 4368334.00000 -123.1726
445434.00000 4368338.00000 -123.0408
445434.00000 4368342.00000 -121.4767
445434.00000 4368346.00000 -120.8630
445434.00000 4368350.00000 -120.8071
445434.00000 4368354.00000 -121.3119
445434.00000 4368358.00000 -122.0918
445434.00000 4368362.00000 -122.5974
445434.00000 4368366.00000 -123.1060
445434.00000 4368370.00000 -124.7030
445434.00000 4368374.00000 -125.3191
445434.00000 4368378.00000 -122.1307
445434.00000 4368382.00000 -119.5815
445434.00000 4368386.00000 -118.8282
445434.00000 4368390.00000 -122.3203
445434.00000 4368394.00000 -123.4489
445438.00000 4367886.00000 N.C.
445438.00000 4367890.00000 N.C.
445438.00000 4367894.00000 N.C.
445438.00000 4367898.00000 N.C.
445438.00000 4367902.00000 N.C.
445438.00000 4367906.00000 N.C.
445438.00000 4367910.00000 N.C.
445438.00000 4367914.00000 N.C.
445438.00000 4367918.00000 N.C.
445438.00000 4367922.00000 N.C.
445438.00000 4367926.00000 N.C.
445438.00000 4367930.00000 N.C.
445438.00000 4367934.00000 N.C.
445438.00000 4367938.00000 N.C.
445438.00000 4367942.00000 -107.9863
445438.00000 4367946.00000 -108.0670
445438.00000 4367950.00000 -107.9732
445438.00000 4367954.00000 -107.6197
445438.00000 4367958.00000 -107.5135
445438.00000 4367962.00000 -107.4947
445438.00000 4367966.00000 -107.4581
445438.00000 4367970.00000 -107.4122
445438.00000 4367974.00000 -107.3155
445438.00000 4367978.00000 -107.2162
445438.00000 4367982.00000 -107.2236
445438.00000 4367986.00000 -106.9261
445438.00000 4367990.00000 -107.0363
445438.00000 4367994.00000 -106.8076
445438.00000 4367998.00000 -107.0297
445438.00000 4368002.00000 -106.9761
445438.00000 4368006.00000 -106.8026
445438.00000 4368010.00000 -106.7366
445438.00000 4368014.00000 -105.7300
445438.00000 4368018.00000 -104.8084
445438.00000 4368022.00000 -105.5529
445438.00000 4368026.00000 -106.1611
445438.00000 4368030.00000 -106.2563
445438.00000 4368034.00000 -106.0806
445438.00000 4368038.00000 -105.7681
445438.00000 4368042.00000 -103.9476
445438.00000 4368046.00000 -105.1895
445438.00000 4368050.00000 -105.6840
445438.00000 4368054.00000 -105.9445
445438.00000 4368058.00000 -105.8841
445438.00000 4368062.00000 -105.8413
445438.00000 4368066.00000 -105.8342
445438.00000 4368070.00000 -104.1512
445438.00000 4368074.00000 -105.5351
445438.00000 4368078.00000 -105.6864
445438.00000 4368082.00000 -105.6774
445438.00000 4368086.00000 -105.5937
445438.00000 4368090.00000 -105.3153
445438.00000 4368094.00000 -104.9209
445438.00000 4368098.00000 -104.1298
445438.00000 4368102.00000 -102.2985
445438.00000 4368106.00000 -102.1762
445438.00000 4368110.00000 -109.8378
445438.00000 4368114.00000 -108.1548
445438.00000 4368118.00000 -111.5422
445438.00000 4368122.00000 -111.6674
445438.00000 4368126.00000 -113.1021
445438.00000 4368130.00000 -113.2321
445438.00000 4368134.00000 -113.1735
445438.00000 4368138.00000 -113.0674
445438.00000 4368142.00000 -116.9692
445438.00000 4368146.00000 -123.7842
445438.00000 4368150.00000 -123.3450
445438.00000 4368154.00000 -123.2720
445438.00000 4368158.00000 -124.9097
445438.00000 4368162.00000 -124.0960
445438.00000 4368166.00000 -114.9441
445438.00000 4368170.00000 -123.7255
445438.00000 4368174.00000 -124.8280
445438.00000 4368178.00000 -131.3616
445438.00000 4368182.00000 -154.7910
445438.00000 4368186.00000 N.C.
445438.00000 4368190.00000 N.C.
445438.00000 4368194.00000 N.C.
445438.00000 4368198.00000 N.C.
445438.00000 4368202.00000 -121.6135
445438.00000 4368206.00000 -157.4585
445438.00000 4368210.00000 -128.3126
445438.00000 4368214.00000 -130.9033
445438.00000 4368218.00000 -140.6967
445438.00000 4368222.00000 -147.9529
445438.00000 4368226.00000 -143.2013
445438.00000 4368230.00000 -137.7116
445438.00000 4368234.00000 -132.0125
445438.00000 4368238.00000 -131.2039
445438.00000 4368242.00000 -130.9354
445438.00000 4368246.00000 -130.4779
445438.00000 4368250.00000 -129.8395
445438.00000 4368254.00000 -129.1617
445438.00000 4368258.00000 -126.5663
445438.00000 4368262.00000 -125.2086
445438.00000 4368266.00000 -125.8263
445438.00000 4368270.00000 -125.9699
445438.00000 4368274.00000 -125.5978
445438.00000 4368278.00000 -124.3561
445438.00000 4368282.00000 -125.0769
445438.00000 4368286.00000 -124.6738
445438.00000 4368290.00000 -120.9051
445438.00000 4368294.00000 -120.5933
445438.00000 4368298.00000 -121.4231
445438.00000 4368302.00000 -120.8035
445438.00000 4368306.00000 -120.5233
445438.00000 4368310.00000 -120.9989
445438.00000 4368314.00000 -123.6357
445438.00000 4368318.00000 -122.6866
445438.00000 4368322.00000 -121.5570
445438.00000 4368326.00000 -123.2172
445438.00000 4368330.00000 -121.6514
445438.00000 4368334.00000 -122.8376
445438.00000 4368338.00000 -123.0716
445438.00000 4368342.00000 -123.0001
445438.00000 4368346.00000 -120.6717
445438.00000 4368350.00000 -119.8211
445438.00000 4368354.00000 -120.5475
445438.00000 4368358.00000 -120.1197
445438.00000 4368362.00000 -122.0594
445438.00000 4368366.00000 -121.8119
445438.00000 4368370.00000 -125.0147
445438.00000 4368374.00000 -124.6336
445438.00000 4368378.00000 -121.8789
445438.00000 4368382.00000 -122.5158
445438.00000 4368386.00000 -119.1520
445438.00000 4368390.00000 -119.6923
445438.00000 4368394.00000 -119.6302
END_DATA