site_id,tile,tile_number,split,split_index,site_index,quadrant,tx_x_m,tx_y_m,tx_row_px,tx_col_px,tx_height_m,effective_power_db,azimuth_0_deg,azimuth_1_deg,azimuth_2_deg,azimuth_3_deg,sample_path
tile_000002_site00,tile_000002,2,train,0,0,southwest,188.616023897,122.782266500,96.804433375,46.654005974,26.000000,53.823566003,3,220,294,314,D:\桌面\dac\bs_inversion_pilot_v1\samples\train\tile_000002_site00.npz
tile_000002_site01,tile_000002,2,train,0,1,southeast,382.299679050,249.541610129,65.114597468,95.074919763,26.000000,36.591512020,12,80,210,342,D:\桌面\dac\bs_inversion_pilot_v1\samples\train\tile_000002_site01.npz
tile_000002_site02,tile_000002,2,train,0,2,northwest,109.378279437,347.330318531,40.667420367,26.844569859,26.000000,42.837683113,20,32,85,359,D:\桌面\dac\bs_inversion_pilot_v1\samples\train\tile_000002_site02.npz
tile_000002_site03,tile_000002,2,train,0,3,northeast,362.150820590,316.972285122,48.256928719,90.037705148,26.000000,66.484584672,52,66,107,234,D:\桌面\dac\bs_inversion_pilot_v1\samples\train\tile_000002_site03.npz
tile_000003_site00,tile_000003,3,train,1,0,southwest,103.898584893,213.538698710,74.115325322,25.474646223,26.000000,58.188250911,45,122,329,359,D:\桌面\dac\bs_inversion_pilot_v1\samples\train\tile_000003_site00.npz
tile_000003_site01,tile_000003,3,train,1,1,southeast,317.250970354,76.575646039,108.356088490,78.812742588,26.000000,42.244909246,65,149,154,268,D:\桌面\dac\bs_inversion_pilot_v1\samples\train\tile_000003_site01.npz
tile_000003_site02,tile_000003,3,train,1,2,northwest,78.147532803,320.758340355,47.310414911,19.036883201,26.000000,67.546907541,92,251,272,356,D:\桌面\dac\bs_inversion_pilot_v1\samples\train\tile_000003_site02.npz
tile_000003_site03,tile_000003,3,train,1,3,northeast,292.642646553,265.599927862,61.100018034,72.660661638,26.000000,66.710127249,109,123,143,267,D:\桌面\dac\bs_inversion_pilot_v1\samples\train\tile_000003_site03.npz
tile_000004_site00,tile_000004,4,train,2,0,southwest,104.653914603,187.121087275,80.719728181,25.663478651,53.000000,61.057542555,51,105,141,255,D:\桌面\dac\bs_inversion_pilot_v1\samples\train\tile_000004_site00.npz
tile_000004_site01,tile_000004,4,train,2,1,southeast,353.542136867,116.751789546,98.312052613,87.885534217,53.000000,53.469339244,215,228,259,318,D:\桌面\dac\bs_inversion_pilot_v1\samples\train\tile_000004_site01.npz
tile_000004_site02,tile_000004,4,train,2,2,northwest,134.620748678,385.224571647,31.193857088,33.155187170,53.000000,52.194673759,6,99,269,288,D:\桌面\dac\bs_inversion_pilot_v1\samples\train\tile_000004_site02.npz
tile_000004_site03,tile_000004,4,train,2,3,northeast,378.142537910,274.668932834,58.832766792,94.035634478,53.000000,51.366093102,23,63,118,275,D:\桌面\dac\bs_inversion_pilot_v1\samples\train\tile_000004_site03.npz
tile_000005_site00,tile_000005,5,train,3,0,southwest,222.100386663,170.751739626,84.812065093,55.025096666,26.000000,45.100109405,123,219,276,343,D:\桌面\dac\bs_inversion_pilot_v1\samples\train\tile_000005_site00.npz
tile_000005_site01,tile_000005,5,train,3,1,southeast,270.238341444,114.439092715,98.890226821,67.059585361,26.000000,46.918385690,7,57,70,218,D:\桌面\dac\bs_inversion_pilot_v1\samples\train\tile_000005_site01.npz
tile_000005_site02,tile_000005,5,train,3,2,northwest,226.613833822,265.785992309,61.053501923,56.153458455,26.000000,44.421872757,5,73,135,194,D:\桌面\dac\bs_inversion_pilot_v1\samples\train\tile_000005_site02.npz
tile_000005_site03,tile_000005,5,train,3,3,northeast,283.964051851,340.662608513,42.334347872,70.491012963,26.000000,52.374123804,87,286,293,332,D:\桌面\dac\bs_inversion_pilot_v1\samples\train\tile_000005_site03.npz
tile_000006_site00,tile_000006,6,train,4,0,southwest,243.505782436,229.030879922,70.242280019,60.376445609,26.000000,48.477542777,6,57,290,306,D:\桌面\dac\bs_inversion_pilot_v1\samples\train\tile_000006_site00.npz
tile_000006_site01,tile_000006,6,train,4,1,southeast,397.109650664,141.227729180,92.193067705,98.777412666,26.000000,41.797408849,29,58,87,110,D:\桌面\dac\bs_inversion_pilot_v1\samples\train\tile_000006_site01.npz
tile_000006_site02,tile_000006,6,train,4,2,northwest,143.546072554,367.710058256,35.572485436,35.386518139,26.000000,51.260214603,104,143,175,310,D:\桌面\dac\bs_inversion_pilot_v1\samples\train\tile_000006_site02.npz
tile_000006_site03,tile_000006,6,train,4,3,northeast,282.047429828,288.618051344,55.345487164,70.011857457,26.000000,55.106756363,1,272,278,359,D:\桌面\dac\bs_inversion_pilot_v1\samples\train\tile_000006_site03.npz
tile_000007_site00,tile_000007,7,train,5,0,southwest,121.515328934,178.854908631,82.786272842,29.878832234,26.000000,37.246505947,20,122,222,327,D:\桌面\dac\bs_inversion_pilot_v1\samples\train\tile_000007_site00.npz
tile_000007_site01,tile_000007,7,train,5,1,southeast,382.612270192,168.134201396,85.466449651,95.153067548,26.000000,64.099480360,80,181,191,346,D:\桌面\dac\bs_inversion_pilot_v1\samples\train\tile_000007_site01.npz
tile_000007_site02,tile_000007,7,train,5,2,northwest,214.972669195,406.977505450,25.755623638,53.243167299,26.000000,65.611500478,106,130,193,344,D:\桌面\dac\bs_inversion_pilot_v1\samples\train\tile_000007_site02.npz
tile_000007_site03,tile_000007,7,train,5,3,northeast,349.654524350,352.008840590,39.497789853,86.913631087,26.000000,41.652319445,7,87,143,144,D:\桌面\dac\bs_inversion_pilot_v1\samples\train\tile_000007_site03.npz
tile_000008_site00,tile_000008,8,train,6,0,southwest,187.060944464,175.500485217,83.624878696,46.265236116,47.000000,51.969751768,43,150,244,306,D:\桌面\dac\bs_inversion_pilot_v1\samples\train\tile_000008_site00.npz
tile_000008_site01,tile_000008,8,train,6,1,southeast,365.819208884,105.291471433,101.177132142,90.954802221,47.000000,49.006247736,48,55,183,220,D:\桌面\dac\bs_inversion_pilot_v1\samples\train\tile_000008_site01.npz
tile_000008_site02,tile_000008,8,train,6,2,northwest,118.811371787,372.045509544,34.488622614,29.202842947,47.000000,44.313900474,2,88,158,257,D:\桌面\dac\bs_inversion_pilot_v1\samples\train\tile_000008_site02.npz
tile_000008_site03,tile_000008,8,train,6,3,northeast,360.907064055,256.915811531,63.271047117,89.726766014,47.000000,53.915235977,190,321,338,354,D:\桌面\dac\bs_inversion_pilot_v1\samples\train\tile_000008_site03.npz
tile_000012_site00,tile_000012,12,train,7,0,southwest,212.907640022,85.999532762,106.000116809,52.726910006,32.000000,40.418526219,34,314,316,342,D:\桌面\dac\bs_inversion_pilot_v1\samples\train\tile_000012_site00.npz
tile_000012_site01,tile_000012,12,train,7,1,southeast,320.886539451,243.486216824,66.628445794,79.721634863,32.000000,48.007777190,91,128,180,283,D:\桌面\dac\bs_inversion_pilot_v1\samples\train\tile_000012_site01.npz
tile_000012_site02,tile_000012,12,train,7,2,northwest,251.557982201,343.642229237,41.589442691,62.389495550,32.000000,52.636839974,116,171,258,337,D:\桌面\dac\bs_inversion_pilot_v1\samples\train\tile_000012_site02.npz
tile_000012_site03,tile_000012,12,train,7,3,northeast,355.498690113,365.138386012,36.215403497,88.374672528,32.000000,51.405453212,58,236,287,317,D:\桌面\dac\bs_inversion_pilot_v1\samples\train\tile_000012_site03.npz
tile_000013_site00,tile_000013,13,train,8,0,southwest,183.125601438,86.287096515,105.928225871,45.281400360,26.000000,57.360038904,226,245,268,301,D:\桌面\dac\bs_inversion_pilot_v1\samples\train\tile_000013_site00.npz
tile_000013_site01,tile_000013,13,train,8,1,southeast,267.102266430,109.189067535,100.202733116,66.275566608,26.000000,66.179730877,7,99,102,145,D:\桌面\dac\bs_inversion_pilot_v1\samples\train\tile_000013_site01.npz
tile_000013_site02,tile_000013,13,train,8,2,northwest,165.814811841,297.163119689,53.209220078,40.953702960,26.000000,59.809437941,185,191,286,288,D:\桌面\dac\bs_inversion_pilot_v1\samples\train\tile_000013_site02.npz
tile_000013_site03,tile_000013,13,train,8,3,northeast,391.595046523,292.635304472,54.341173882,97.398761631,26.000000,65.005493352,0,2,71,274,D:\桌面\dac\bs_inversion_pilot_v1\samples\train\tile_000013_site03.npz
tile_000015_site00,tile_000015,15,train,9,0,southwest,196.466750163,156.802189448,88.299452638,48.616687541,26.000000,51.639339818,6,306,333,342,D:\桌面\dac\bs_inversion_pilot_v1\samples\train\tile_000015_site00.npz
tile_000015_site01,tile_000015,15,train,9,1,southeast,275.181050011,89.798565977,105.050358506,68.295262503,26.000000,57.152605384,189,222,233,247,D:\桌面\dac\bs_inversion_pilot_v1\samples\train\tile_000015_site01.npz
tile_000015_site02,tile_000015,15,train,9,2,northwest,167.503072430,367.432125295,35.641968676,41.375768107,26.000000,43.081018993,195,223,247,250,D:\桌面\dac\bs_inversion_pilot_v1\samples\train\tile_000015_site02.npz
tile_000015_site03,tile_000015,15,train,9,3,northeast,258.330770451,301.585410782,52.103647305,64.082692613,26.000000,39.545950428,13,25,139,289,D:\桌面\dac\bs_inversion_pilot_v1\samples\train\tile_000015_site03.npz
tile_000016_site00,tile_000016,16,train,10,0,southwest,75.655878989,217.260866338,73.184783416,18.413969747,32.000000,67.154092640,80,111,152,312,D:\桌面\dac\bs_inversion_pilot_v1\samples\train\tile_000016_site00.npz
tile_000016_site01,tile_000016,16,train,10,1,southeast,297.160715545,242.976057529,66.755985618,73.790178886,32.000000,36.928368041,60,147,157,313,D:\桌面\dac\bs_inversion_pilot_v1\samples\train\tile_000016_site01.npz
tile_000016_site02,tile_000016,16,train,10,2,northwest,170.823455805,345.142186142,41.214453465,42.205863951,32.000000,64.483149805,7,75,128,222,D:\桌面\dac\bs_inversion_pilot_v1\samples\train\tile_000016_site02.npz
tile_000016_site03,tile_000016,16,train,10,3,northeast,428.506139726,394.287362016,28.928159496,106.626534931,32.000000,41.722861130,11,89,224,288,D:\桌面\dac\bs_inversion_pilot_v1\samples\train\tile_000016_site03.npz
tile_000017_site00,tile_000017,17,train,11,0,southwest,213.930998698,138.538375034,92.865406242,52.982749675,26.000000,61.817013487,44,100,102,264,D:\桌面\dac\bs_inversion_pilot_v1\samples\train\tile_000017_site00.npz
tile_000017_site01,tile_000017,17,train,11,1,southeast,433.797218187,137.318330081,93.170417480,107.949304547,26.000000,50.529736527,149,157,179,334,D:\桌面\dac\bs_inversion_pilot_v1\samples\train\tile_000017_site01.npz
tile_000017_site02,tile_000017,17,train,11,2,northwest,76.326244694,344.237049531,41.440737617,18.581561173,26.000000,50.500368006,57,164,254,327,D:\桌面\dac\bs_inversion_pilot_v1\samples\train\tile_000017_site02.npz
tile_000017_site03,tile_000017,17,train,11,3,northeast,381.958345893,371.440355284,34.639911179,94.989586473,26.000000,50.385994823,27,127,205,279,D:\桌面\dac\bs_inversion_pilot_v1\samples\train\tile_000017_site03.npz
tile_000018_site00,tile_000018,18,train,12,0,southwest,209.940813365,88.527255565,105.368186109,51.985203341,26.000000,36.492956525,13,139,149,220,D:\桌面\dac\bs_inversion_pilot_v1\samples\train\tile_000018_site00.npz
tile_000018_site01,tile_000018,18,train,12,1,southeast,279.331450539,73.627177362,109.093205659,69.332862635,26.000000,44.802691278,56,112,304,343,D:\桌面\dac\bs_inversion_pilot_v1\samples\train\tile_000018_site01.npz
tile_000018_site02,tile_000018,18,train,12,2,northwest,181.919683620,262.541793694,61.864551577,44.979920905,26.000000,39.506905541,16,242,290,357,D:\桌面\dac\bs_inversion_pilot_v1\samples\train\tile_000018_site02.npz
tile_000018_site03,tile_000018,18,train,12,3,northeast,315.862993978,359.468220580,37.632944855,78.465748495,26.000000,42.545391404,10,62,88,159,D:\桌面\dac\bs_inversion_pilot_v1\samples\train\tile_000018_site03.npz
tile_000019_site00,tile_000019,19,train,13,0,southwest,236.075789753,250.313410861,64.921647285,58.518947438,23.000000,65.743589903,28,35,97,232,D:\桌面\dac\bs_inversion_pilot_v1\samples\train\tile_000019_site00.npz
tile_000019_site01,tile_000019,19,train,13,1,southeast,426.358427675,120.673526620,97.331618345,106.089606919,23.000000,37.083622910,45,87,144,247,D:\桌面\dac\bs_inversion_pilot_v1\samples\train\tile_000019_site01.npz
tile_000019_site02,tile_000019,19,train,13,2,northwest,236.772533237,430.873583840,19.781604040,58.693133309,23.000000,65.985997314,10,17,61,190,D:\桌面\dac\bs_inversion_pilot_v1\samples\train\tile_000019_site02.npz
tile_000019_site03,tile_000019,19,train,13,3,northeast,416.243674420,398.180987124,27.954753219,103.560918605,23.000000,68.537145292,125,196,231,238,D:\桌面\dac\bs_inversion_pilot_v1\samples\train\tile_000019_site03.npz
tile_000020_site00,tile_000020,20,train,14,0,southwest,159.430729792,126.483710092,95.879072477,39.357682448,38.000000,40.643427073,67,110,132,312,D:\桌面\dac\bs_inversion_pilot_v1\samples\train\tile_000020_site00.npz
tile_000020_site01,tile_000020,20,train,14,1,southeast,359.347180251,110.933154880,99.766711280,89.336795063,38.000000,45.441982824,31,178,301,316,D:\桌面\dac\bs_inversion_pilot_v1\samples\train\tile_000020_site01.npz
tile_000020_site02,tile_000020,20,train,14,2,northwest,253.975237405,261.405242257,62.148689436,62.993809351,38.000000,60.115825996,30,230,298,335,D:\桌面\dac\bs_inversion_pilot_v1\samples\train\tile_000020_site02.npz
tile_000020_site03,tile_000020,20,train,14,3,northeast,295.726896396,434.448305031,18.887923742,73.431724099,38.000000,52.438561202,78,88,123,175,D:\桌面\dac\bs_inversion_pilot_v1\samples\train\tile_000020_site03.npz
tile_000023_site00,tile_000023,23,train,15,0,southwest,229.451680025,69.395648836,110.151087791,56.862920006,29.000000,36.017552323,15,41,92,123,D:\桌面\dac\bs_inversion_pilot_v1\samples\train\tile_000023_site00.npz
tile_000023_site01,tile_000023,23,train,15,1,southeast,265.827640587,238.056744770,67.985813807,65.956910147,29.000000,59.656855538,35,265,269,327,D:\桌面\dac\bs_inversion_pilot_v1\samples\train\tile_000023_site01.npz
tile_000023_site02,tile_000023,23,train,15,2,northwest,112.980609482,335.632193443,43.591951639,27.745152370,29.000000,41.713076876,93,103,104,200,D:\桌面\dac\bs_inversion_pilot_v1\samples\train\tile_000023_site02.npz
tile_000023_site03,tile_000023,23,train,15,3,northeast,316.776599376,317.332006190,48.166998452,78.694149844,29.000000,51.728925677,45,212,296,308,D:\桌面\dac\bs_inversion_pilot_v1\samples\train\tile_000023_site03.npz
tile_000024_site00,tile_000024,24,train,16,0,southwest,212.055104545,134.928149281,93.767962680,52.513776136,26.000000,46.603150891,28,46,152,302,D:\桌面\dac\bs_inversion_pilot_v1\samples\train\tile_000024_site00.npz
tile_000024_site01,tile_000024,24,train,16,1,southeast,311.863139268,70.622508658,109.844372836,77.465784817,26.000000,49.441174655,170,177,274,310,D:\桌面\dac\bs_inversion_pilot_v1\samples\train\tile_000024_site01.npz
tile_000024_site02,tile_000024,24,train,16,2,northwest,120.359323968,265.538765471,61.115308632,29.589830992,26.000000,62.087416383,47,127,222,326,D:\桌面\dac\bs_inversion_pilot_v1\samples\train\tile_000024_site02.npz
tile_000024_site03,tile_000024,24,train,16,3,northeast,433.119584976,370.060797515,34.984800621,107.779896244,26.000000,52.247289810,17,218,221,309,D:\桌面\dac\bs_inversion_pilot_v1\samples\train\tile_000024_site03.npz
tile_000025_site00,tile_000025,25,train,17,0,southwest,135.818642558,210.541080602,74.864729849,33.454660639,29.000000,42.285149901,40,271,277,331,D:\桌面\dac\bs_inversion_pilot_v1\samples\train\tile_000025_site00.npz
tile_000025_site01,tile_000025,25,train,17,1,southeast,302.191542612,145.908456029,91.022885993,75.047885653,29.000000,68.951242321,65,97,99,285,D:\桌面\dac\bs_inversion_pilot_v1\samples\train\tile_000025_site01.npz
tile_000025_site02,tile_000025,25,train,17,2,northwest,177.135435776,445.484827657,16.128793086,43.783858944,29.000000,43.718241088,10,62,142,203,D:\桌面\dac\bs_inversion_pilot_v1\samples\train\tile_000025_site02.npz
tile_000025_site03,tile_000025,25,train,17,3,northeast,395.014563751,365.254999156,36.186250211,98.253640938,29.000000,39.132066393,128,223,340,358,D:\桌面\dac\bs_inversion_pilot_v1\samples\train\tile_000025_site03.npz
tile_000026_site00,tile_000026,26,train,18,0,southwest,200.360736056,97.242345702,103.189413574,49.590184014,68.000000,57.830540075,52,65,255,270,D:\桌面\dac\bs_inversion_pilot_v1\samples\train\tile_000026_site00.npz
tile_000026_site01,tile_000026,26,train,18,1,southeast,390.851743686,129.605148483,95.098712879,97.212935922,68.000000,43.344998998,46,107,119,238,D:\桌面\dac\bs_inversion_pilot_v1\samples\train\tile_000026_site01.npz
tile_000026_site02,tile_000026,26,train,18,2,northwest,183.920309446,427.275873268,20.681031683,45.480077361,68.000000,43.082162407,45,66,251,272,D:\桌面\dac\bs_inversion_pilot_v1\samples\train\tile_000026_site02.npz
tile_000026_site03,tile_000026,26,train,18,3,northeast,385.019341477,272.425144336,59.393713916,95.754835369,68.000000,45.806667530,60,61,180,263,D:\桌面\dac\bs_inversion_pilot_v1\samples\train\tile_000026_site03.npz
tile_000027_site00,tile_000027,27,train,19,0,southwest,98.133262126,118.915701826,97.771074543,24.033315532,26.000000,59.502312439,51,179,194,217,D:\桌面\dac\bs_inversion_pilot_v1\samples\train\tile_000027_site00.npz
tile_000027_site01,tile_000027,27,train,19,1,southeast,327.937725571,107.604479938,100.598880016,81.484431393,26.000000,44.298953411,140,150,322,324,D:\桌面\dac\bs_inversion_pilot_v1\samples\train\tile_000027_site01.npz
tile_000027_site02,tile_000027,27,train,19,2,northwest,101.446679448,358.374577521,37.906355620,24.861669862,26.000000,60.470459666,58,305,313,329,D:\桌面\dac\bs_inversion_pilot_v1\samples\train\tile_000027_site02.npz
tile_000027_site03,tile_000027,27,train,19,3,northeast,354.774888815,349.441214064,40.139696484,88.193722204,26.000000,38.979819414,93,185,330,347,D:\桌面\dac\bs_inversion_pilot_v1\samples\train\tile_000027_site03.npz
tile_000028_site00,tile_000028,28,train,20,0,southwest,246.993058125,76.873245416,108.281688646,61.248264531,23.000000,46.814226379,47,120,171,247,D:\桌面\dac\bs_inversion_pilot_v1\samples\train\tile_000028_site00.npz
tile_000028_site01,tile_000028,28,train,20,1,southeast,330.077015077,121.794872008,97.051281998,82.019253769,23.000000,50.011357494,99,109,127,280,D:\桌面\dac\bs_inversion_pilot_v1\samples\train\tile_000028_site01.npz
tile_000028_site02,tile_000028,28,train,20,2,northwest,146.132715415,362.710123599,36.822469100,36.033178854,23.000000,68.494255529,22,144,200,298,D:\桌面\dac\bs_inversion_pilot_v1\samples\train\tile_000028_site02.npz
tile_000028_site03,tile_000028,28,train,20,3,northeast,425.352474973,292.039666610,54.490083347,105.838118743,23.000000,37.869201035,26,78,193,346,D:\桌面\dac\bs_inversion_pilot_v1\samples\train\tile_000028_site03.npz
tile_000029_site00,tile_000029,29,train,21,0,southwest,99.213320886,175.220409543,83.694897614,24.303330222,26.000000,69.604597748,50,53,173,250,D:\桌面\dac\bs_inversion_pilot_v1\samples\train\tile_000029_site00.npz
tile_000029_site01,tile_000029,29,train,21,1,southeast,438.792235157,97.263115014,103.184221247,109.198058789,26.000000,40.126640759,97,113,257,305,D:\桌面\dac\bs_inversion_pilot_v1\samples\train\tile_000029_site01.npz
tile_000029_site02,tile_000029,29,train,21,2,northwest,196.482270755,367.003266987,35.749183253,48.620567689,26.000000,48.707574199,162,192,207,288,D:\桌面\dac\bs_inversion_pilot_v1\samples\train\tile_000029_site02.npz
tile_000029_site03,tile_000029,29,train,21,3,northeast,309.934394262,354.190255008,38.952436248,76.983598566,26.000000,36.252030045,42,82,133,308,D:\桌面\dac\bs_inversion_pilot_v1\samples\train\tile_000029_site03.npz
tile_000030_site00,tile_000030,30,train,22,0,southwest,189.594184128,227.759082531,70.560229367,46.898546032,68.000000,61.000506007,108,302,324,351,D:\桌面\dac\bs_inversion_pilot_v1\samples\train\tile_000030_site00.npz
tile_000030_site01,tile_000030,30,train,22,1,southeast,390.822262283,244.051110897,66.487222276,97.205565571,68.000000,41.493604122,43,160,221,258,D:\桌面\dac\bs_inversion_pilot_v1\samples\train\tile_000030_site01.npz
tile_000030_site02,tile_000030,30,train,22,2,northwest,110.757663481,370.354722808,34.911319298,27.189415870,68.000000,55.547889663,64,141,298,332,D:\桌面\dac\bs_inversion_pilot_v1\samples\train\tile_000030_site02.npz
tile_000030_site03,tile_000030,30,train,22,3,northeast,369.113166624,305.013797233,51.246550692,91.778291656,68.000000,68.309791165,121,283,292,310,D:\桌面\dac\bs_inversion_pilot_v1\samples\train\tile_000030_site03.npz
tile_000031_site00,tile_000031,31,train,23,0,southwest,113.636933109,124.779276979,96.305180755,27.909233277,26.000000,65.531192469,194,298,307,308,D:\桌面\dac\bs_inversion_pilot_v1\samples\train\tile_000031_site00.npz
tile_000031_site01,tile_000031,31,train,23,1,southeast,333.931382414,123.038430595,96.740392351,82.982845603,26.000000,65.762036073,28,56,142,182,D:\桌面\dac\bs_inversion_pilot_v1\samples\train\tile_000031_site01.npz
tile_000031_site02,tile_000031,31,train,23,2,northwest,132.794508785,330.774939456,44.806265136,32.698627196,26.000000,43.131215983,14,15,50,61,D:\桌面\dac\bs_inversion_pilot_v1\samples\train\tile_000031_site02.npz
tile_000031_site03,tile_000031,31,train,23,3,northeast,358.394054172,330.250167062,44.937458235,89.098513543,26.000000,42.943469723,84,87,129,312,D:\桌面\dac\bs_inversion_pilot_v1\samples\train\tile_000031_site03.npz
tile_000032_site00,tile_000032,32,train,24,0,southwest,134.744586278,108.305625135,100.423593716,33.186146570,32.000000,62.829347832,0,321,329,346,D:\桌面\dac\bs_inversion_pilot_v1\samples\train\tile_000032_site00.npz
tile_000032_site01,tile_000032,32,train,24,1,southeast,372.182459854,98.825393345,102.793651664,92.545614964,32.000000,60.494629404,40,164,292,338,D:\桌面\dac\bs_inversion_pilot_v1\samples\train\tile_000032_site01.npz
tile_000032_site02,tile_000032,32,train,24,2,northwest,99.817556385,281.996463178,57.000884205,24.454389096,32.000000,36.400150882,81,109,149,232,D:\桌面\dac\bs_inversion_pilot_v1\samples\train\tile_000032_site02.npz
tile_000032_site03,tile_000032,32,train,24,3,northeast,320.944942939,307.833533042,50.541616739,79.736235735,32.000000,65.094106085,114,225,249,321,D:\桌面\dac\bs_inversion_pilot_v1\samples\train\tile_000032_site03.npz
tile_000033_site00,tile_000033,33,train,25,0,southwest,166.572520847,131.377097203,94.655725699,41.143130212,26.000000,43.831037827,2,58,299,341,D:\桌面\dac\bs_inversion_pilot_v1\samples\train\tile_000033_site00.npz
tile_000033_site01,tile_000033,33,train,25,1,southeast,412.471049977,225.684360466,71.078909883,102.617762494,26.000000,36.382856368,124,200,206,303,D:\桌面\dac\bs_inversion_pilot_v1\samples\train\tile_000033_site01.npz
tile_000033_site02,tile_000033,33,train,25,2,northwest,236.055931379,352.638359283,39.340410179,58.513982845,26.000000,55.346599889,131,182,187,234,D:\桌面\dac\bs_inversion_pilot_v1\samples\train\tile_000033_site02.npz
tile_000033_site03,tile_000033,33,train,25,3,northeast,442.740343856,416.707151397,23.323212151,110.185085964,26.000000,62.934903482,42,182,267,286,D:\桌面\dac\bs_inversion_pilot_v1\samples\train\tile_000033_site03.npz
tile_000034_site00,tile_000034,34,train,26,0,southwest,210.208292268,209.054848124,75.236287969,52.052073067,26.000000,63.230208647,34,108,117,192,D:\桌面\dac\bs_inversion_pilot_v1\samples\train\tile_000034_site00.npz
tile_000034_site01,tile_000034,34,train,26,1,southeast,372.930661707,116.651031142,98.337242214,92.732665427,26.000000,58.265299419,16,172,309,313,D:\桌面\dac\bs_inversion_pilot_v1\samples\train\tile_000034_site01.npz
tile_000034_site02,tile_000034,34,train,26,2,northwest,110.823358624,277.211748716,58.197062821,27.205839656,26.000000,45.742877596,46,153,258,275,D:\桌面\dac\bs_inversion_pilot_v1\samples\train\tile_000034_site02.npz
tile_000034_site03,tile_000034,34,train,26,3,northeast,343.928780731,327.149965091,45.712508727,85.482195183,26.000000,69.883304012,9,57,235,349,D:\桌面\dac\bs_inversion_pilot_v1\samples\train\tile_000034_site03.npz
tile_000035_site00,tile_000035,35,train,27,0,southwest,162.187746156,200.109465307,77.472633673,40.046936539,23.000000,58.684258390,24,180,209,343,D:\桌面\dac\bs_inversion_pilot_v1\samples\train\tile_000035_site00.npz
tile_000035_site01,tile_000035,35,train,27,1,southeast,317.191621405,137.514974210,93.121256447,78.797905351,23.000000,39.878225350,29,132,154,231,D:\桌面\dac\bs_inversion_pilot_v1\samples\train\tile_000035_site01.npz
tile_000035_site02,tile_000035,35,train,27,2,northwest,113.001182643,349.161844740,40.209538815,27.750295661,23.000000,65.517695888,15,111,221,223,D:\桌面\dac\bs_inversion_pilot_v1\samples\train\tile_000035_site02.npz
tile_000035_site03,tile_000035,35,train,27,3,northeast,335.830022699,363.622620262,36.594344934,83.457505675,23.000000,66.725437043,6,93,107,279,D:\桌面\dac\bs_inversion_pilot_v1\samples\train\tile_000035_site03.npz
tile_000036_site00,tile_000036,36,train,28,0,southwest,96.032474819,131.714325681,94.571418580,23.508118705,23.000000,39.244234454,30,151,191,193,D:\桌面\dac\bs_inversion_pilot_v1\samples\train\tile_000036_site00.npz
tile_000036_site01,tile_000036,36,train,28,1,southeast,381.947094192,216.610945861,73.347263535,94.986773548,23.000000,67.820635221,103,235,259,352,D:\桌面\dac\bs_inversion_pilot_v1\samples\train\tile_000036_site01.npz
tile_000036_site02,tile_000036,36,train,28,2,northwest,215.738434630,447.348904320,15.662773920,53.434608657,23.000000,55.884333311,11,30,102,167,D:\桌面\dac\bs_inversion_pilot_v1\samples\train\tile_000036_site02.npz
tile_000036_site03,tile_000036,36,train,28,3,northeast,447.175366284,340.639094162,42.340226459,111.293841571,23.000000,66.986035288,26,63,93,290,D:\桌面\dac\bs_inversion_pilot_v1\samples\train\tile_000036_site03.npz
tile_000037_site00,tile_000037,37,train,29,0,southwest,201.122724588,229.316161439,70.170959640,49.780681147,23.000000,68.886262642,83,233,248,284,D:\桌面\dac\bs_inversion_pilot_v1\samples\train\tile_000037_site00.npz
tile_000037_site01,tile_000037,37,train,29,1,southeast,263.601671563,153.552968414,89.111757897,65.400417891,23.000000,58.833949851,181,212,305,350,D:\桌面\dac\bs_inversion_pilot_v1\samples\train\tile_000037_site01.npz
tile_000037_site02,tile_000037,37,train,29,2,northwest,166.833879842,319.302145885,47.674463529,41.208469960,23.000000,38.011674937,35,157,178,234,D:\桌面\dac\bs_inversion_pilot_v1\samples\train\tile_000037_site02.npz
tile_000037_site03,tile_000037,37,train,29,3,northeast,346.701956561,296.095909572,53.476022607,86.175489140,23.000000,52.609716090,45,224,242,356,D:\桌面\dac\bs_inversion_pilot_v1\samples\train\tile_000037_site03.npz
tile_000038_site00,tile_000038,38,train,30,0,southwest,113.058851569,163.546727556,86.613318111,27.764712892,32.000000,39.841395713,69,112,317,357,D:\桌面\dac\bs_inversion_pilot_v1\samples\train\tile_000038_site00.npz
tile_000038_site01,tile_000038,38,train,30,1,southeast,257.159580887,127.502099040,95.624475240,63.789895222,32.000000,57.023713522,45,96,203,228,D:\桌面\dac\bs_inversion_pilot_v1\samples\train\tile_000038_site01.npz
tile_000038_site02,tile_000038,38,train,30,2,northwest,188.904595212,425.578743249,21.105314188,46.726148803,32.000000,42.868088623,10,248,278,321,D:\桌面\dac\bs_inversion_pilot_v1\samples\train\tile_000038_site02.npz
tile_000038_site03,tile_000038,38,train,30,3,northeast,324.660143782,310.706333143,49.823416714,80.665035945,32.000000,68.984944613,19,126,190,295,D:\桌面\dac\bs_inversion_pilot_v1\samples\train\tile_000038_site03.npz
tile_000039_site00,tile_000039,39,train,31,0,southwest,115.508179908,64.381270900,111.404682275,28.377044977,26.000000,47.670594431,55,65,132,269,D:\桌面\dac\bs_inversion_pilot_v1\samples\train\tile_000039_site00.npz
tile_000039_site01,tile_000039,39,train,31,1,southeast,443.780262646,117.660168616,98.084957846,110.445065662,26.000000,44.938094620,87,98,118,271,D:\桌面\dac\bs_inversion_pilot_v1\samples\train\tile_000039_site01.npz
tile_000039_site02,tile_000039,39,train,31,2,northwest,189.585620695,308.916140325,50.270964919,46.896405174,26.000000,35.414758935,39,181,227,346,D:\桌面\dac\bs_inversion_pilot_v1\samples\train\tile_000039_site02.npz
tile_000039_site03,tile_000039,39,train,31,3,northeast,292.902843081,276.213648712,58.446587822,72.725710770,26.000000,41.608172369,122,155,261,314,D:\桌面\dac\bs_inversion_pilot_v1\samples\train\tile_000039_site03.npz
tile_000040_site00,tile_000040,40,train,32,0,southwest,210.715403159,227.102977910,70.724255522,52.178850790,26.000000,37.231359548,123,273,326,349,D:\桌面\dac\bs_inversion_pilot_v1\samples\train\tile_000040_site00.npz
tile_000040_site01,tile_000040,40,train,32,1,southeast,295.221922683,200.093345732,77.476663567,73.305480671,26.000000,46.876076047,14,45,46,249,D:\桌面\dac\bs_inversion_pilot_v1\samples\train\tile_000040_site01.npz
tile_000040_site02,tile_000040,40,train,32,2,northwest,133.681281355,404.629751122,26.342562219,32.920320339,26.000000,38.695932976,111,308,313,335,D:\桌面\dac\bs_inversion_pilot_v1\samples\train\tile_000040_site02.npz
tile_000040_site03,tile_000040,40,train,32,3,northeast,278.199278515,409.699576302,25.075105925,69.049819629,26.000000,42.950686406,94,151,169,280,D:\桌面\dac\bs_inversion_pilot_v1\samples\train\tile_000040_site03.npz
tile_000041_site00,tile_000041,41,train,33,0,southwest,70.033622647,201.690636422,77.077340895,17.008405662,26.000000,46.872877458,220,262,291,314,D:\桌面\dac\bs_inversion_pilot_v1\samples\train\tile_000041_site00.npz
tile_000041_site01,tile_000041,41,train,33,1,southeast,366.971695894,132.765837595,94.308540601,91.242923973,26.000000,48.812307059,49,58,335,351,D:\桌面\dac\bs_inversion_pilot_v1\samples\train\tile_000041_site01.npz
tile_000041_site02,tile_000041,41,train,33,2,northwest,249.768410464,285.820298554,56.044925362,61.942102616,26.000000,66.374426733,32,81,150,206,D:\桌面\dac\bs_inversion_pilot_v1\samples\train\tile_000041_site02.npz
tile_000041_site03,tile_000041,41,train,33,3,northeast,270.050317145,385.457893694,31.135526576,67.012579286,26.000000,44.777744190,33,56,205,244,D:\桌面\dac\bs_inversion_pilot_v1\samples\train\tile_000041_site03.npz
tile_000042_site00,tile_000042,42,train,34,0,southwest,64.195100933,86.796277932,105.800930517,15.548775233,32.000000,53.304581481,4,81,95,339,D:\桌面\dac\bs_inversion_pilot_v1\samples\train\tile_000042_site00.npz
tile_000042_site01,tile_000042,42,train,34,1,southeast,344.994884100,92.239582604,104.440104349,85.748721025,32.000000,41.958217561,82,167,193,323,D:\桌面\dac\bs_inversion_pilot_v1\samples\train\tile_000042_site01.npz
tile_000042_site02,tile_000042,42,train,34,2,northwest,84.376033905,279.815113510,57.546221623,20.594008476,32.000000,45.298437640,37,166,205,233,D:\桌面\dac\bs_inversion_pilot_v1\samples\train\tile_000042_site02.npz
tile_000042_site03,tile_000042,42,train,34,3,northeast,392.326398928,394.064480194,28.983879952,97.581599732,32.000000,46.490187740,108,241,277,346,D:\桌面\dac\bs_inversion_pilot_v1\samples\train\tile_000042_site03.npz
tile_000043_site00,tile_000043,43,train,35,0,southwest,161.158092575,151.228456056,89.692885986,39.789523144,23.000000,48.010961745,232,242,346,349,D:\桌面\dac\bs_inversion_pilot_v1\samples\train\tile_000043_site00.npz
tile_000043_site01,tile_000043,43,train,35,1,southeast,269.630167757,228.908063205,70.272984199,66.907541939,23.000000,66.773917127,83,231,344,346,D:\桌面\dac\bs_inversion_pilot_v1\samples\train\tile_000043_site01.npz
tile_000043_site02,tile_000043,43,train,35,2,northwest,168.535818433,274.316335778,58.920916056,41.633954608,23.000000,41.687420759,0,81,169,233,D:\桌面\dac\bs_inversion_pilot_v1\samples\train\tile_000043_site02.npz
tile_000043_site03,tile_000043,43,train,35,3,northeast,273.782982528,391.635699950,29.591075013,67.945745632,23.000000,60.435996304,153,205,259,267,D:\桌面\dac\bs_inversion_pilot_v1\samples\train\tile_000043_site03.npz
tile_000044_site00,tile_000044,44,train,36,0,southwest,121.406303304,119.831247858,97.542188036,29.851575826,38.000000,46.594190009,7,215,333,349,D:\桌面\dac\bs_inversion_pilot_v1\samples\train\tile_000044_site00.npz
tile_000044_site01,tile_000044,44,train,36,1,southeast,403.533408252,211.096702019,74.725824495,100.383352063,38.000000,48.618592970,154,216,251,254,D:\桌面\dac\bs_inversion_pilot_v1\samples\train\tile_000044_site01.npz
tile_000044_site02,tile_000044,44,train,36,2,northwest,123.045969979,344.925984352,41.268503912,30.261492495,38.000000,58.032204950,44,119,287,322,D:\桌面\dac\bs_inversion_pilot_v1\samples\train\tile_000044_site02.npz
tile_000044_site03,tile_000044,44,train,36,3,northeast,309.961164867,360.369232838,37.407691790,76.990291217,38.000000,69.345948479,25,69,218,324,D:\桌面\dac\bs_inversion_pilot_v1\samples\train\tile_000044_site03.npz
tile_000045_site00,tile_000045,45,train,37,0,southwest,161.075834593,70.947007640,109.763248090,39.768958648,26.000000,54.999680776,4,49,181,298,D:\桌面\dac\bs_inversion_pilot_v1\samples\train\tile_000045_site00.npz
tile_000045_site01,tile_000045,45,train,37,1,southeast,402.564735053,96.640641061,103.339839735,100.141183763,26.000000,54.930297354,106,146,193,340,D:\桌面\dac\bs_inversion_pilot_v1\samples\train\tile_000045_site01.npz
tile_000045_site02,tile_000045,45,train,37,2,northwest,225.242999335,267.110598985,60.722350254,55.810749834,26.000000,65.769254794,9,166,209,252,D:\桌面\dac\bs_inversion_pilot_v1\samples\train\tile_000045_site02.npz
tile_000045_site03,tile_000045,45,train,37,3,northeast,366.122426713,397.772081343,28.056979664,91.030606678,26.000000,41.822524134,92,143,191,314,D:\桌面\dac\bs_inversion_pilot_v1\samples\train\tile_000045_site03.npz
tile_000046_site00,tile_000046,46,train,38,0,southwest,102.923091451,78.872470166,107.781882458,25.230772863,26.000000,38.561892337,0,270,314,321,D:\桌面\dac\bs_inversion_pilot_v1\samples\train\tile_000046_site00.npz
tile_000046_site01,tile_000046,46,train,38,1,southeast,289.854287635,120.878771684,97.280307079,71.963571909,26.000000,44.523658053,29,185,329,333,D:\桌面\dac\bs_inversion_pilot_v1\samples\train\tile_000046_site01.npz
tile_000046_site02,tile_000046,46,train,38,2,northwest,176.279987980,399.876769880,27.530807530,43.569996995,26.000000,61.185474377,90,198,202,350,D:\桌面\dac\bs_inversion_pilot_v1\samples\train\tile_000046_site02.npz
tile_000046_site03,tile_000046,46,train,38,3,northeast,343.067988023,368.940414573,35.264896357,85.266997006,26.000000,39.410269064,111,191,336,339,D:\桌面\dac\bs_inversion_pilot_v1\samples\train\tile_000046_site03.npz
tile_000047_site00,tile_000047,47,train,39,0,southwest,176.885854733,115.087906007,98.728023498,43.721463683,26.000000,48.200349211,0,40,194,236,D:\桌面\dac\bs_inversion_pilot_v1\samples\train\tile_000047_site00.npz
tile_000047_site01,tile_000047,47,train,39,1,southeast,421.753873417,70.746406567,109.813398358,104.938468354,26.000000,53.949870724,2,152,153,264,D:\桌面\dac\bs_inversion_pilot_v1\samples\train\tile_000047_site01.npz
tile_000047_site02,tile_000047,47,train,39,2,northwest,118.819514163,328.808039413,45.297990147,29.204878541,26.000000,65.795425581,48,65,223,273,D:\桌面\dac\bs_inversion_pilot_v1\samples\train\tile_000047_site02.npz
tile_000047_site03,tile_000047,47,train,39,3,northeast,259.387729874,445.901909761,16.024522560,64.346932468,26.000000,47.415946008,76,155,282,339,D:\桌面\dac\bs_inversion_pilot_v1\samples\train\tile_000047_site03.npz
tile_000048_site00,tile_000048,48,train,40,0,southwest,78.341373067,209.311781736,75.172054566,19.085343267,26.000000,55.564268611,22,191,303,331,D:\桌面\dac\bs_inversion_pilot_v1\samples\train\tile_000048_site00.npz
tile_000048_site01,tile_000048,48,train,40,1,southeast,352.996121046,164.947907650,86.263023088,87.749030262,26.000000,40.238997127,9,43,194,314,D:\桌面\dac\bs_inversion_pilot_v1\samples\train\tile_000048_site01.npz
tile_000048_site02,tile_000048,48,train,40,2,northwest,159.118861914,370.782989402,34.804252649,39.279715479,26.000000,52.991808029,6,124,129,161,D:\桌面\dac\bs_inversion_pilot_v1\samples\train\tile_000048_site02.npz
tile_000048_site03,tile_000048,48,train,40,3,northeast,320.631253442,432.770206239,19.307448440,79.657813360,26.000000,35.518271877,140,164,179,182,D:\桌面\dac\bs_inversion_pilot_v1\samples\train\tile_000048_site03.npz
tile_000049_site00,tile_000049,49,train,41,0,southwest,237.355394811,178.010867284,82.997283179,58.838848703,32.000000,40.649902613,8,91,137,221,D:\桌面\dac\bs_inversion_pilot_v1\samples\train\tile_000049_site00.npz
tile_000049_site01,tile_000049,49,train,41,1,southeast,342.255456503,70.844867483,109.788783129,85.063864126,32.000000,66.269874776,29,89,104,130,D:\桌面\dac\bs_inversion_pilot_v1\samples\train\tile_000049_site01.npz
tile_000049_site02,tile_000049,49,train,41,2,northwest,177.549135543,404.837075254,26.290731186,43.887283886,32.000000,41.618855655,28,112,238,316,D:\桌面\dac\bs_inversion_pilot_v1\samples\train\tile_000049_site02.npz
tile_000049_site03,tile_000049,49,train,41,3,northeast,384.220277939,377.903054115,33.024236471,95.555069485,32.000000,58.970147259,97,166,279,314,D:\桌面\dac\bs_inversion_pilot_v1\samples\train\tile_000049_site03.npz
tile_000050_site00,tile_000050,50,train,42,0,southwest,132.551112683,175.287001979,83.678249505,32.637778171,26.000000,47.583849746,19,94,166,205,D:\桌面\dac\bs_inversion_pilot_v1\samples\train\tile_000050_site00.npz
tile_000050_site01,tile_000050,50,train,42,1,southeast,356.100374206,229.228434665,70.192891334,88.525093551,26.000000,40.537030675,35,181,241,253,D:\桌面\dac\bs_inversion_pilot_v1\samples\train\tile_000050_site01.npz
tile_000050_site02,tile_000050,50,train,42,2,northwest,235.287833057,341.983809569,42.004047608,58.321958264,26.000000,56.453760525,91,171,280,297,D:\桌面\dac\bs_inversion_pilot_v1\samples\train\tile_000050_site02.npz
tile_000050_site03,tile_000050,50,train,42,3,northeast,400.101268389,331.955705973,44.511073507,99.525317097,26.000000,39.714193261,38,81,239,247,D:\桌面\dac\bs_inversion_pilot_v1\samples\train\tile_000050_site03.npz
tile_000051_site00,tile_000051,51,train,43,0,southwest,130.016542958,221.454036807,72.136490798,32.004135739,32.000000,58.723612009,72,76,171,259,D:\桌面\dac\bs_inversion_pilot_v1\samples\train\tile_000051_site00.npz
tile_000051_site01,tile_000051,51,train,43,1,southeast,273.304515439,199.135435779,77.716141055,67.826128860,32.000000,62.011127687,22,254,283,317,D:\桌面\dac\bs_inversion_pilot_v1\samples\train\tile_000051_site01.npz
tile_000051_site02,tile_000051,51,train,43,2,northwest,228.052294926,441.295043350,17.176239163,56.513073732,32.000000,54.627179197,119,183,282,321,D:\桌面\dac\bs_inversion_pilot_v1\samples\train\tile_000051_site02.npz
tile_000051_site03,tile_000051,51,train,43,3,northeast,355.334597779,435.012540278,18.746864930,88.333649445,32.000000,39.845135358,123,137,251,280,D:\桌面\dac\bs_inversion_pilot_v1\samples\train\tile_000051_site03.npz
tile_000053_site00,tile_000053,53,train,44,0,southwest,152.445494774,188.918385387,80.270403653,37.611373694,26.000000,36.045450812,231,256,284,334,D:\桌面\dac\bs_inversion_pilot_v1\samples\train\tile_000053_site00.npz
tile_000053_site01,tile_000053,53,train,44,1,southeast,375.648267559,66.934710736,110.766322316,93.412066890,26.000000,52.459657881,118,268,276,296,D:\桌面\dac\bs_inversion_pilot_v1\samples\train\tile_000053_site01.npz
tile_000053_site02,tile_000053,53,train,44,2,northwest,129.153423694,298.608658335,52.847835416,31.788355923,26.000000,49.749940957,66,117,121,125,D:\桌面\dac\bs_inversion_pilot_v1\samples\train\tile_000053_site02.npz
tile_000053_site03,tile_000053,53,train,44,3,northeast,382.034348310,374.672456372,33.831885907,95.008587077,26.000000,50.398477530,74,116,186,221,D:\桌面\dac\bs_inversion_pilot_v1\samples\train\tile_000053_site03.npz
tile_000054_site00,tile_000054,54,train,45,0,southwest,211.957378989,254.485928507,63.878517873,52.489344747,26.000000,38.649413903,4,73,78,246,D:\桌面\dac\bs_inversion_pilot_v1\samples\train\tile_000054_site00.npz
tile_000054_site01,tile_000054,54,train,45,1,southeast,311.064564017,169.857417757,85.035645561,77.266141004,26.000000,52.031923640,86,226,276,341,D:\桌面\dac\bs_inversion_pilot_v1\samples\train\tile_000054_site01.npz
tile_000054_site02,tile_000054,54,train,45,2,northwest,79.053307507,347.856338948,40.535915263,19.263326877,26.000000,57.433325490,13,202,296,305,D:\桌面\dac\bs_inversion_pilot_v1\samples\train\tile_000054_site02.npz
tile_000054_site03,tile_000054,54,train,45,3,northeast,374.317523753,439.093174446,17.726706389,93.079380938,26.000000,63.752072978,14,71,86,124,D:\桌面\dac\bs_inversion_pilot_v1\samples\train\tile_000054_site03.npz
tile_000055_site00,tile_000055,55,train,46,0,southwest,96.426562402,129.345861230,95.163534692,23.606640601,26.000000,41.649907750,105,235,257,349,D:\桌面\dac\bs_inversion_pilot_v1\samples\train\tile_000055_site00.npz
tile_000055_site01,tile_000055,55,train,46,1,southeast,333.491613188,77.934051850,108.016487038,82.872903297,26.000000,44.117532410,11,279,283,346,D:\桌面\dac\bs_inversion_pilot_v1\samples\train\tile_000055_site01.npz
tile_000055_site02,tile_000055,55,train,46,2,northwest,170.359975925,304.867353239,51.283161690,42.089993981,26.000000,40.644545316,115,130,153,278,D:\桌面\dac\bs_inversion_pilot_v1\samples\train\tile_000055_site02.npz
tile_000055_site03,tile_000055,55,train,46,3,northeast,281.585780327,289.962014273,55.009496432,69.896445082,26.000000,55.327498421,197,209,315,343,D:\桌面\dac\bs_inversion_pilot_v1\samples\train\tile_000055_site03.npz
tile_000056_site00,tile_000056,56,train,47,0,southwest,224.381769039,127.212094439,95.696976390,55.595442260,26.000000,53.455906768,147,150,311,326,D:\桌面\dac\bs_inversion_pilot_v1\samples\train\tile_000056_site00.npz
tile_000056_site01,tile_000056,56,train,47,1,southeast,444.125550103,185.775381764,81.056154559,110.531387526,26.000000,50.406029628,37,109,232,270,D:\桌面\dac\bs_inversion_pilot_v1\samples\train\tile_000056_site01.npz
tile_000056_site02,tile_000056,56,train,47,2,northwest,88.849458795,310.679240441,49.830189890,21.712364699,26.000000,61.810992327,197,285,340,349,D:\桌面\dac\bs_inversion_pilot_v1\samples\train\tile_000056_site02.npz
tile_000056_site03,tile_000056,56,train,47,3,northeast,380.907899076,260.105174618,62.473706345,94.726974769,26.000000,51.799379589,14,203,215,227,D:\桌面\dac\bs_inversion_pilot_v1\samples\train\tile_000056_site03.npz
tile_000057_site00,tile_000057,57,train,48,0,southwest,118.789518902,118.728234985,97.817941254,29.197379726,32.000000,67.327997354,59,77,155,356,D:\桌面\dac\bs_inversion_pilot_v1\samples\train\tile_000057_site00.npz
tile_000057_site01,tile_000057,57,train,48,1,southeast,440.762649192,73.858069155,109.035482711,109.690662298,32.000000,62.938328416,122,199,316,324,D:\桌面\dac\bs_inversion_pilot_v1\samples\train\tile_000057_site01.npz
tile_000057_site02,tile_000057,57,train,48,2,northwest,201.251834958,397.354981074,28.161254731,49.812958740,32.000000,37.695197917,86,150,203,317,D:\桌面\dac\bs_inversion_pilot_v1\samples\train\tile_000057_site02.npz
tile_000057_site03,tile_000057,57,train,48,3,northeast,286.133672109,326.901686783,45.774578304,71.033418027,32.000000,58.326043662,41,236,309,310,D:\桌面\dac\bs_inversion_pilot_v1\samples\train\tile_000057_site03.npz
tile_000059_site00,tile_000059,59,train,49,0,southwest,190.905123643,135.523160214,93.619209946,47.226280911,26.000000,35.428363652,173,185,260,355,D:\桌面\dac\bs_inversion_pilot_v1\samples\train\tile_000059_site00.npz
tile_000059_site01,tile_000059,59,train,49,1,southeast,423.893093674,120.959178074,97.260205482,105.473273419,26.000000,53.561199780,13,43,213,336,D:\桌面\dac\bs_inversion_pilot_v1\samples\train\tile_000059_site01.npz
tile_000059_site02,tile_000059,59,train,49,2,northwest,223.201607208,422.621235455,21.844691136,55.300401802,26.000000,63.838747001,152,223,245,346,D:\桌面\dac\bs_inversion_pilot_v1\samples\train\tile_000059_site02.npz
tile_000059_site03,tile_000059,59,train,49,3,northeast,433.878463155,417.280263529,23.179934118,107.969615789,26.000000,51.481309777,79,267,303,349,D:\桌面\dac\bs_inversion_pilot_v1\samples\train\tile_000059_site03.npz
tile_000060_site00,tile_000060,60,train,50,0,southwest,126.559830816,85.835941320,106.041014670,31.139957704,23.000000,53.326028691,107,150,174,319,D:\桌面\dac\bs_inversion_pilot_v1\samples\train\tile_000060_site00.npz
tile_000060_site01,tile_000060,60,train,50,1,southeast,386.037961504,106.218667388,100.945333153,96.009490376,23.000000,45.745869932,13,36,74,258,D:\桌面\dac\bs_inversion_pilot_v1\samples\train\tile_000060_site01.npz
tile_000060_site02,tile_000060,60,train,50,2,northwest,147.214271602,339.434021309,42.641494673,36.303567901,23.000000,42.540100260,218,261,277,309,D:\桌面\dac\bs_inversion_pilot_v1\samples\train\tile_000060_site02.npz
tile_000060_site03,tile_000060,60,train,50,3,northeast,324.723157816,376.808299295,33.297925176,80.680789454,23.000000,36.620345337,231,232,275,283,D:\桌面\dac\bs_inversion_pilot_v1\samples\train\tile_000060_site03.npz
tile_000061_site00,tile_000061,61,train,51,0,southwest,139.338450026,177.318901530,83.170274618,34.334612506,26.000000,67.628868421,13,139,151,236,D:\桌面\dac\bs_inversion_pilot_v1\samples\train\tile_000061_site00.npz
tile_000061_site01,tile_000061,61,train,51,1,southeast,288.488712686,184.078781207,81.480304698,71.622178171,26.000000,55.520096447,115,146,210,214,D:\桌面\dac\bs_inversion_pilot_v1\samples\train\tile_000061_site01.npz
tile_000061_site02,tile_000061,61,train,51,2,northwest,250.393498205,301.926250144,52.018437464,62.098374551,26.000000,64.222345124,95,106,229,280,D:\桌面\dac\bs_inversion_pilot_v1\samples\train\tile_000061_site02.npz
tile_000061_site03,tile_000061,61,train,51,3,northeast,360.237560276,299.238757886,52.690310529,89.559390069,26.000000,58.391723741,25,75,127,153,D:\桌面\dac\bs_inversion_pilot_v1\samples\train\tile_000061_site03.npz
tile_000062_site00,tile_000062,62,train,52,0,southwest,238.634856870,184.083587517,81.479103121,59.158714217,26.000000,37.636656793,27,39,73,108,D:\桌面\dac\bs_inversion_pilot_v1\samples\train\tile_000062_site00.npz
tile_000062_site01,tile_000062,62,train,52,1,southeast,361.956300945,202.537390436,76.865652391,89.989075236,26.000000,36.527814041,42,80,165,197,D:\桌面\dac\bs_inversion_pilot_v1\samples\train\tile_000062_site01.npz
tile_000062_site02,tile_000062,62,train,52,2,northwest,209.429661405,387.200355844,30.699911039,51.857415351,26.000000,43.400795894,69,105,112,174,D:\桌面\dac\bs_inversion_pilot_v1\samples\train\tile_000062_site02.npz
tile_000062_site03,tile_000062,62,train,52,3,northeast,362.728598570,309.385932256,50.153516936,90.182149642,26.000000,39.102135425,58,183,240,341,D:\桌面\dac\bs_inversion_pilot_v1\samples\train\tile_000062_site03.npz
tile_000063_site00,tile_000063,63,train,53,0,southwest,93.188211616,121.273425371,97.181643657,22.797052904,26.000000,41.054931407,92,143,233,300,D:\桌面\dac\bs_inversion_pilot_v1\samples\train\tile_000063_site00.npz
tile_000063_site01,tile_000063,63,train,53,1,southeast,327.384137101,83.043441994,106.739139501,81.346034275,26.000000,54.267162755,76,115,125,258,D:\桌面\dac\bs_inversion_pilot_v1\samples\train\tile_000063_site01.npz
tile_000063_site02,tile_000063,63,train,53,2,northwest,237.353616081,428.526505736,20.368373566,58.838404020,26.000000,48.448872806,75,115,151,230,D:\桌面\dac\bs_inversion_pilot_v1\samples\train\tile_000063_site02.npz
tile_000063_site03,tile_000063,63,train,53,3,northeast,354.160627789,406.286355242,25.928411190,88.040156947,26.000000,40.698216796,47,65,142,292,D:\桌面\dac\bs_inversion_pilot_v1\samples\train\tile_000063_site03.npz
tile_000064_site00,tile_000064,64,train,54,0,southwest,110.644419080,213.944765500,74.013808625,27.161104770,83.000000,53.119553536,61,144,266,347,D:\桌面\dac\bs_inversion_pilot_v1\samples\train\tile_000064_site00.npz
tile_000064_site01,tile_000064,64,train,54,1,southeast,374.888211576,179.811103110,82.547224222,93.222052894,83.000000,60.405368287,0,92,116,237,D:\桌面\dac\bs_inversion_pilot_v1\samples\train\tile_000064_site01.npz
tile_000064_site02,tile_000064,64,train,54,2,northwest,234.355171398,391.046938427,29.738265393,58.088792849,83.000000,37.459940355,146,170,195,235,D:\桌面\dac\bs_inversion_pilot_v1\samples\train\tile_000064_site02.npz
tile_000064_site03,tile_000064,64,train,54,3,northeast,410.015274736,353.149911171,39.212522207,102.003818684,83.000000,46.438805993,21,92,109,214,D:\桌面\dac\bs_inversion_pilot_v1\samples\train\tile_000064_site03.npz
tile_000066_site00,tile_000066,66,train,55,0,southwest,81.260695706,236.293829625,68.426542594,19.815173926,23.000000,53.191225996,20,108,126,298,D:\桌面\dac\bs_inversion_pilot_v1\samples\train\tile_000066_site00.npz
tile_000066_site01,tile_000066,66,train,55,1,southeast,386.580138265,182.241329748,81.939667563,96.145034566,23.000000,51.432519186,28,122,168,193,D:\桌面\dac\bs_inversion_pilot_v1\samples\train\tile_000066_site01.npz
tile_000066_site02,tile_000066,66,train,55,2,northwest,201.527766321,319.593730396,47.601567401,49.881941580,23.000000,60.427134650,24,26,40,347,D:\桌面\dac\bs_inversion_pilot_v1\samples\train\tile_000066_site02.npz
tile_000066_site03,tile_000066,66,train,55,3,northeast,275.421991430,379.710419532,32.572395117,68.355497858,23.000000,45.746560104,9,243,312,316,D:\桌面\dac\bs_inversion_pilot_v1\samples\train\tile_000066_site03.npz
tile_000067_site00,tile_000067,67,train,56,0,southwest,111.536469517,215.420273996,73.644931501,27.384117379,23.000000,36.199370439,57,74,211,329,D:\桌面\dac\bs_inversion_pilot_v1\samples\train\tile_000067_site00.npz
tile_000067_site01,tile_000067,67,train,56,1,southeast,359.430535655,123.943756942,96.514060765,89.357633914,23.000000,54.300133446,130,165,314,347,D:\桌面\dac\bs_inversion_pilot_v1\samples\train\tile_000067_site01.npz
tile_000067_site02,tile_000067,67,train,56,2,northwest,200.462318967,445.757865692,16.060533577,49.615579742,23.000000,68.810798663,108,229,271,272,D:\桌面\dac\bs_inversion_pilot_v1\samples\train\tile_000067_site02.npz
tile_000067_site03,tile_000067,67,train,56,3,northeast,318.069739281,363.135549648,36.716112588,79.017434820,23.000000,58.163206643,84,107,196,282,D:\桌面\dac\bs_inversion_pilot_v1\samples\train\tile_000067_site03.npz
tile_000068_site00,tile_000068,68,train,57,0,southwest,116.934286630,150.515747160,89.871063210,28.733571657,26.000000,64.213727908,188,209,243,351,D:\桌面\dac\bs_inversion_pilot_v1\samples\train\tile_000068_site00.npz
tile_000068_site01,tile_000068,68,train,57,1,southeast,259.914752921,215.295035840,73.676241040,64.478688230,26.000000,50.924018967,171,191,214,264,D:\桌面\dac\bs_inversion_pilot_v1\samples\train\tile_000068_site01.npz
tile_000068_site02,tile_000068,68,train,57,2,northwest,179.579638092,258.635515837,62.841121041,44.394909523,26.000000,68.842325743,112,142,264,291,D:\桌面\dac\bs_inversion_pilot_v1\samples\train\tile_000068_site02.npz
tile_000068_site03,tile_000068,68,train,57,3,northeast,363.292381506,392.544473465,29.363881634,90.323095377,26.000000,43.788756005,97,281,290,314,D:\桌面\dac\bs_inversion_pilot_v1\samples\train\tile_000068_site03.npz
tile_000069_site00,tile_000069,69,train,58,0,southwest,118.857609813,113.646188957,99.088452761,29.214402453,29.000000,48.297871181,145,174,253,317,D:\桌面\dac\bs_inversion_pilot_v1\samples\train\tile_000069_site00.npz
tile_000069_site01,tile_000069,69,train,58,1,southeast,433.835050335,96.920255347,103.269936163,107.958762584,29.000000,39.992579038,201,248,298,306,D:\桌面\dac\bs_inversion_pilot_v1\samples\train\tile_000069_site01.npz
tile_000069_site02,tile_000069,69,train,58,2,northwest,191.938952320,290.281803226,54.929549193,47.484738080,29.000000,65.398806359,21,187,227,239,D:\桌面\dac\bs_inversion_pilot_v1\samples\train\tile_000069_site02.npz
tile_000069_site03,tile_000069,69,train,58,3,northeast,444.298065662,305.578573079,51.105356730,110.574516415,29.000000,66.135119733,19,22,142,176,D:\桌面\dac\bs_inversion_pilot_v1\samples\train\tile_000069_site03.npz
tile_000070_site00,tile_000070,70,train,59,0,southwest,235.172203711,180.841080849,82.289729788,58.293050928,23.000000,49.583691587,155,234,321,347,D:\桌面\dac\bs_inversion_pilot_v1\samples\train\tile_000070_site00.npz
tile_000070_site01,tile_000070,70,train,59,1,southeast,355.729704086,80.623680587,107.344079853,88.432426021,23.000000,50.054225522,0,90,232,280,D:\桌面\dac\bs_inversion_pilot_v1\samples\train\tile_000070_site01.npz
tile_000070_site02,tile_000070,70,train,59,2,northwest,210.244167698,410.782777966,24.804305509,52.061041925,23.000000,51.100904949,71,109,264,270,D:\桌面\dac\bs_inversion_pilot_v1\samples\train\tile_000070_site02.npz
tile_000070_site03,tile_000070,70,train,59,3,northeast,409.554204217,394.994308089,28.751422978,101.888551054,23.000000,54.921740034,84,286,295,318,D:\桌面\dac\bs_inversion_pilot_v1\samples\train\tile_000070_site03.npz
tile_000071_site00,tile_000071,71,train,60,0,southwest,71.701308629,148.348744363,90.412813909,17.425327157,23.000000,42.209086954,29,116,157,232,D:\桌面\dac\bs_inversion_pilot_v1\samples\train\tile_000071_site00.npz
tile_000071_site01,tile_000071,71,train,60,1,southeast,431.931753288,201.692963557,77.076759111,107.482938322,23.000000,51.602644631,71,167,257,322,D:\桌面\dac\bs_inversion_pilot_v1\samples\train\tile_000071_site01.npz
tile_000071_site02,tile_000071,71,train,60,2,northwest,126.353029250,256.381221698,63.404694575,31.088257313,23.000000,46.367313812,44,120,280,333,D:\桌面\dac\bs_inversion_pilot_v1\samples\train\tile_000071_site02.npz
tile_000071_site03,tile_000071,71,train,60,3,northeast,429.895793529,302.271517531,51.932120617,106.973948382,23.000000,49.026143744,158,201,239,321,D:\桌面\dac\bs_inversion_pilot_v1\samples\train\tile_000071_site03.npz
tile_000072_site00,tile_000072,72,train,61,0,southwest,165.529134455,97.673797033,103.081550742,40.882283614,26.000000,44.895069993,26,56,59,148,D:\桌面\dac\bs_inversion_pilot_v1\samples\train\tile_000072_site00.npz
tile_000072_site01,tile_000072,72,train,61,1,southeast,259.552486985,197.730519192,78.067370202,64.388121746,26.000000,49.742616204,166,179,197,311,D:\桌面\dac\bs_inversion_pilot_v1\samples\train\tile_000072_site01.npz
tile_000072_site02,tile_000072,72,train,61,2,northwest,209.985194724,373.753106503,34.061723374,51.996298681,26.000000,35.877883907,54,123,170,232,D:\桌面\dac\bs_inversion_pilot_v1\samples\train\tile_000072_site02.npz
tile_000072_site03,tile_000072,72,train,61,3,northeast,420.340949369,322.334077334,46.916480666,104.585237342,26.000000,42.254309427,113,131,245,260,D:\桌面\dac\bs_inversion_pilot_v1\samples\train\tile_000072_site03.npz
tile_000073_site00,tile_000073,73,train,62,0,southwest,132.835825848,232.911863139,69.272034215,32.708956462,47.000000,52.330814766,136,268,277,353,D:\桌面\dac\bs_inversion_pilot_v1\samples\train\tile_000073_site00.npz
tile_000073_site01,tile_000073,73,train,62,1,southeast,348.061818240,172.573610968,84.356597258,86.515454560,47.000000,59.061457372,32,165,189,249,D:\桌面\dac\bs_inversion_pilot_v1\samples\train\tile_000073_site01.npz
tile_000073_site02,tile_000073,73,train,62,2,northwest,226.597021332,272.598479697,59.350380076,56.149255333,47.000000,40.209049374,79,212,221,223,D:\桌面\dac\bs_inversion_pilot_v1\samples\train\tile_000073_site02.npz
tile_000073_site03,tile_000073,73,train,62,3,northeast,443.997977113,353.063975949,39.234006013,110.499494278,47.000000,55.521298642,48,94,213,230,D:\桌面\dac\bs_inversion_pilot_v1\samples\train\tile_000073_site03.npz
tile_000076_site00,tile_000076,76,train,63,0,southwest,156.464126547,79.167086485,107.708228379,38.616031637,26.000000,62.399024029,139,161,177,273,D:\桌面\dac\bs_inversion_pilot_v1\samples\train\tile_000076_site00.npz
tile_000076_site01,tile_000076,76,train,63,1,southeast,405.738217776,234.835558818,68.791110295,100.934554444,26.000000,39.631304443,158,240,257,340,D:\桌面\dac\bs_inversion_pilot_v1\samples\train\tile_000076_site01.npz
tile_000076_site02,tile_000076,76,train,63,2,northwest,211.050648208,381.049463153,32.237634212,52.262662052,26.000000,60.128832868,175,222,274,318,D:\桌面\dac\bs_inversion_pilot_v1\samples\train\tile_000076_site02.npz
tile_000076_site03,tile_000076,76,train,63,3,northeast,400.858206536,381.864187239,32.033953190,99.714551634,26.000000,36.374820272,75,78,196,341,D:\桌面\dac\bs_inversion_pilot_v1\samples\train\tile_000076_site03.npz
tile_000077_site00,tile_000077,77,train,64,0,southwest,200.916452533,191.662789849,79.584302538,49.729113133,26.000000,67.054247850,82,263,288,308,D:\桌面\dac\bs_inversion_pilot_v1\samples\train\tile_000077_site00.npz
tile_000077_site01,tile_000077,77,train,64,1,southeast,360.621552710,93.958302954,104.010424262,89.655388178,26.000000,54.101380836,55,65,102,198,D:\桌面\dac\bs_inversion_pilot_v1\samples\train\tile_000077_site01.npz
tile_000077_site02,tile_000077,77,train,64,2,northwest,209.000909834,411.901479219,24.524630195,51.750227459,26.000000,68.306118954,104,150,275,285,D:\桌面\dac\bs_inversion_pilot_v1\samples\train\tile_000077_site02.npz
tile_000077_site03,tile_000077,77,train,64,3,northeast,341.619105591,306.162188511,50.959452872,84.904776398,26.000000,45.486651669,96,194,235,249,D:\桌面\dac\bs_inversion_pilot_v1\samples\train\tile_000077_site03.npz
tile_000078_site00,tile_000078,78,train,65,0,southwest,199.951287274,135.681391264,93.579652184,49.487821819,26.000000,49.620710028,14,17,60,129,D:\桌面\dac\bs_inversion_pilot_v1\samples\train\tile_000078_site00.npz
tile_000078_site01,tile_000078,78,train,65,1,southeast,306.549330219,90.381327471,104.904668132,76.137332555,26.000000,56.989312696,18,163,250,276,D:\桌面\dac\bs_inversion_pilot_v1\samples\train\tile_000078_site01.npz
tile_000078_site02,tile_000078,78,train,65,2,northwest,186.647117246,403.685178128,26.578705468,46.161779311,26.000000,48.564707471,59,308,318,340,D:\桌面\dac\bs_inversion_pilot_v1\samples\train\tile_000078_site02.npz
tile_000078_site03,tile_000078,78,train,65,3,northeast,311.062406573,320.713645801,47.321588550,77.265601643,26.000000,41.268985587,250,297,315,321,D:\桌面\dac\bs_inversion_pilot_v1\samples\train\tile_000078_site03.npz
tile_000079_site00,tile_000079,79,train,66,0,southwest,81.533604430,181.649862385,82.087534404,19.883401107,47.000000,61.714051107,92,141,230,301,D:\桌面\dac\bs_inversion_pilot_v1\samples\train\tile_000079_site00.npz
tile_000079_site01,tile_000079,79,train,66,1,southeast,269.328376055,93.937609217,104.015597696,66.832094014,47.000000,41.678110286,118,195,235,246,D:\桌面\dac\bs_inversion_pilot_v1\samples\train\tile_000079_site01.npz
tile_000079_site02,tile_000079,79,train,66,2,northwest,144.185552691,427.128256400,20.717935900,35.546388173,47.000000,51.919414394,49,128,214,250,D:\桌面\dac\bs_inversion_pilot_v1\samples\train\tile_000079_site02.npz
tile_000079_site03,tile_000079,79,train,66,3,northeast,276.423113891,288.240824568,55.439793858,68.605778473,47.000000,50.043145170,46,145,172,352,D:\桌面\dac\bs_inversion_pilot_v1\samples\train\tile_000079_site03.npz
tile_000080_site00,tile_000080,80,train,67,0,southwest,91.621983589,72.826660345,109.293334914,22.405495897,44.000000,60.061738886,252,291,301,332,D:\桌面\dac\bs_inversion_pilot_v1\samples\train\tile_000080_site00.npz
tile_000080_site01,tile_000080,80,train,67,1,southeast,444.854438582,195.529235930,78.617691018,110.713609645,44.000000,61.609175054,8,46,70,171,D:\桌面\dac\bs_inversion_pilot_v1\samples\train\tile_000080_site01.npz
tile_000080_site02,tile_000080,80,train,67,2,northwest,162.251898686,309.130411871,50.217397032,40.062974672,44.000000,53.635534990,251,260,268,313,D:\桌面\dac\bs_inversion_pilot_v1\samples\train\tile_000080_site02.npz
tile_000080_site03,tile_000080,80,train,67,3,northeast,371.274012288,370.143203532,34.964199117,92.318503072,44.000000,59.539839650,149,155,297,302,D:\桌面\dac\bs_inversion_pilot_v1\samples\train\tile_000080_site03.npz
tile_000081_site00,tile_000081,81,train,68,0,southwest,244.020759517,159.421830627,87.644542343,60.505189879,41.000000,37.991005171,80,140,188,352,D:\桌面\dac\bs_inversion_pilot_v1\samples\train\tile_000081_site00.npz
tile_000081_site01,tile_000081,81,train,68,1,southeast,351.591715019,237.579060726,68.105234818,87.397928755,41.000000,55.649297754,87,123,129,222,D:\桌面\dac\bs_inversion_pilot_v1\samples\train\tile_000081_site01.npz
tile_000081_site02,tile_000081,81,train,68,2,northwest,78.450989777,401.613156259,27.096710935,19.112747444,41.000000,64.069240640,25,29,114,221,D:\桌面\dac\bs_inversion_pilot_v1\samples\train\tile_000081_site02.npz
tile_000081_site03,tile_000081,81,train,68,3,northeast,294.916169078,402.401249663,26.899687584,73.229042269,41.000000,37.842264745,68,143,165,214,D:\桌面\dac\bs_inversion_pilot_v1\samples\train\tile_000081_site03.npz
tile_000083_site00,tile_000083,83,train,69,0,southwest,133.632841506,109.615069355,100.096232661,32.908210377,26.000000,37.373839318,22,37,39,163,D:\桌面\dac\bs_inversion_pilot_v1\samples\train\tile_000083_site00.npz
tile_000083_site01,tile_000083,83,train,69,1,southeast,318.118405051,127.078831524,95.730292119,79.029601263,26.000000,47.033286693,7,157,192,193,D:\桌面\dac\bs_inversion_pilot_v1\samples\train\tile_000083_site01.npz
tile_000083_site02,tile_000083,83,train,69,2,northwest,96.049878692,365.004109348,36.248972663,23.512469673,26.000000,58.458160978,151,159,262,339,D:\桌面\dac\bs_inversion_pilot_v1\samples\train\tile_000083_site02.npz
tile_000083_site03,tile_000083,83,train,69,3,northeast,395.629988522,442.361452850,16.909636787,98.407497130,26.000000,44.401583313,206,249,260,301,D:\桌面\dac\bs_inversion_pilot_v1\samples\train\tile_000083_site03.npz
tile_000084_site00,tile_000084,84,train,70,0,southwest,179.308733630,226.908443996,70.772889001,44.327183408,56.000000,55.556710434,64,67,271,351,D:\桌面\dac\bs_inversion_pilot_v1\samples\train\tile_000084_site00.npz
tile_000084_site01,tile_000084,84,train,70,1,southeast,324.777840407,111.688391835,99.577902041,80.694460102,56.000000,45.010828376,49,95,115,358,D:\桌面\dac\bs_inversion_pilot_v1\samples\train\tile_000084_site01.npz
tile_000084_site02,tile_000084,84,train,70,2,northwest,95.948271546,342.920236536,41.769940866,23.487067887,56.000000,56.286975079,8,26,216,332,D:\桌面\dac\bs_inversion_pilot_v1\samples\train\tile_000084_site02.npz
tile_000084_site03,tile_000084,84,train,70,3,northeast,304.761908440,266.716782789,60.820804303,75.690477110,56.000000,59.473379296,69,215,332,346,D:\桌面\dac\bs_inversion_pilot_v1\samples\train\tile_000084_site03.npz
tile_000085_site00,tile_000085,85,train,71,0,southwest,192.896076830,103.675253728,101.581186568,47.724019208,26.000000,59.107791246,5,186,189,199,D:\桌面\dac\bs_inversion_pilot_v1\samples\train\tile_000085_site00.npz
tile_000085_site01,tile_000085,85,train,71,1,southeast,288.294964399,125.155931629,96.211017093,71.573741100,26.000000,43.317436166,91,249,322,351,D:\桌面\dac\bs_inversion_pilot_v1\samples\train\tile_000085_site01.npz
tile_000085_site02,tile_000085,85,train,71,2,northwest,254.887625854,266.834242368,60.791439408,63.221906464,26.000000,67.165040465,137,228,289,359,D:\桌面\dac\bs_inversion_pilot_v1\samples\train\tile_000085_site02.npz
tile_000085_site03,tile_000085,85,train,71,3,northeast,410.431441013,428.212803197,20.446799201,102.107860253,26.000000,66.997066994,74,162,246,356,D:\桌面\dac\bs_inversion_pilot_v1\samples\train\tile_000085_site03.npz
tile_000086_site00,tile_000086,86,train,72,0,southwest,185.609899520,127.133170085,95.716707479,45.902474880,23.000000,61.954768263,17,32,231,314,D:\桌面\dac\bs_inversion_pilot_v1\samples\train\tile_000086_site00.npz
tile_000086_site01,tile_000086,86,train,72,1,southeast,324.422664731,183.778429310,81.555392672,80.605666183,23.000000,59.005247784,3,29,274,317,D:\桌面\dac\bs_inversion_pilot_v1\samples\train\tile_000086_site01.npz
tile_000086_site02,tile_000086,86,train,72,2,northwest,134.137555997,437.900753858,18.024811535,33.034388999,23.000000,65.779469137,94,186,205,353,D:\桌面\dac\bs_inversion_pilot_v1\samples\train\tile_000086_site02.npz
tile_000086_site03,tile_000086,86,train,72,3,northeast,344.353421092,289.398453431,55.150386642,85.588355273,23.000000,38.685870120,4,206,278,336,D:\桌面\dac\bs_inversion_pilot_v1\samples\train\tile_000086_site03.npz
tile_000087_site00,tile_000087,87,train,73,0,southwest,72.765796295,183.494671871,81.626332032,17.691449074,26.000000,66.727038041,48,104,141,264,D:\桌面\dac\bs_inversion_pilot_v1\samples\train\tile_000087_site00.npz
tile_000087_site01,tile_000087,87,train,73,1,southeast,430.796772748,147.858490729,90.535377318,107.199193187,26.000000,51.030343776,297,301,321,337,D:\桌面\dac\bs_inversion_pilot_v1\samples\train\tile_000087_site01.npz
tile_000087_site02,tile_000087,87,train,73,2,northwest,154.869100423,403.084351421,26.728912145,38.217275106,26.000000,52.260243172,7,43,143,158,D:\桌面\dac\bs_inversion_pilot_v1\samples\train\tile_000087_site02.npz
tile_000087_site03,tile_000087,87,train,73,3,northeast,400.636600645,429.480983991,20.129754002,99.659150161,26.000000,44.183816426,26,72,117,209,D:\桌面\dac\bs_inversion_pilot_v1\samples\train\tile_000087_site03.npz
tile_000088_site00,tile_000088,88,train,74,0,southwest,217.843180804,108.952336476,100.261915881,53.960795201,26.000000,49.658826933,134,243,264,293,D:\桌面\dac\bs_inversion_pilot_v1\samples\train\tile_000088_site00.npz
tile_000088_site01,tile_000088,88,train,74,1,southeast,413.205268614,79.324101835,107.668974541,102.801317154,26.000000,58.268053122,30,69,97,201,D:\桌面\dac\bs_inversion_pilot_v1\samples\train\tile_000088_site01.npz
tile_000088_site02,tile_000088,88,train,74,2,northwest,82.239613467,428.828257484,20.292935629,20.059903367,26.000000,49.297942004,138,193,224,249,D:\桌面\dac\bs_inversion_pilot_v1\samples\train\tile_000088_site02.npz
tile_000088_site03,tile_000088,88,train,74,3,northeast,256.358439732,440.868929502,17.282767625,63.589609933,26.000000,49.964597535,47,61,199,286,D:\桌面\dac\bs_inversion_pilot_v1\samples\train\tile_000088_site03.npz
tile_000089_site00,tile_000089,89,train,75,0,southwest,106.568536690,220.535279794,72.366180051,26.142134173,26.000000,61.743360236,90,104,214,314,D:\桌面\dac\bs_inversion_pilot_v1\samples\train\tile_000089_site00.npz
tile_000089_site01,tile_000089,89,train,75,1,southeast,277.638672840,221.747079906,72.063230024,68.909668210,26.000000,54.879544885,7,54,231,313,D:\桌面\dac\bs_inversion_pilot_v1\samples\train\tile_000089_site01.npz
tile_000089_site02,tile_000089,89,train,75,2,northwest,140.334256619,423.799099994,21.550225001,34.583564155,26.000000,69.317980247,53,99,124,219,D:\桌面\dac\bs_inversion_pilot_v1\samples\train\tile_000089_site02.npz
tile_000089_site03,tile_000089,89,train,75,3,northeast,396.051742259,363.736692337,36.565826916,98.512935565,26.000000,39.843949915,0,9,119,333,D:\桌面\dac\bs_inversion_pilot_v1\samples\train\tile_000089_site03.npz
tile_000091_site00,tile_000091,91,train,76,0,southwest,206.025558794,159.033774016,87.741556496,51.006389699,26.000000,67.449070274,171,262,292,294,D:\桌面\dac\bs_inversion_pilot_v1\samples\train\tile_000091_site00.npz
tile_000091_site01,tile_000091,91,train,76,1,southeast,267.679747983,214.771581525,73.807104619,66.419936996,26.000000,49.505174204,77,132,145,238,D:\桌面\dac\bs_inversion_pilot_v1\samples\train\tile_000091_site01.npz
tile_000091_site02,tile_000091,91,train,76,2,northwest,122.545830378,271.680108092,59.579972977,30.136457594,26.000000,39.507432504,34,156,196,207,D:\桌面\dac\bs_inversion_pilot_v1\samples\train\tile_000091_site02.npz
tile_000091_site03,tile_000091,91,train,76,3,northeast,356.453166401,355.225713487,38.693571628,88.613291600,26.000000,53.588850166,215,218,291,338,D:\桌面\dac\bs_inversion_pilot_v1\samples\train\tile_000091_site03.npz
tile_000092_site00,tile_000092,92,train,77,0,southwest,201.170302326,112.034193840,99.491451540,49.792575581,26.000000,66.383147098,71,96,210,244,D:\桌面\dac\bs_inversion_pilot_v1\samples\train\tile_000092_site00.npz
tile_000092_site01,tile_000092,92,train,77,1,southeast,399.156868136,221.561690737,72.109577316,99.289217034,26.000000,37.684545470,68,222,269,342,D:\桌面\dac\bs_inversion_pilot_v1\samples\train\tile_000092_site01.npz
tile_000092_site02,tile_000092,92,train,77,2,northwest,156.846628341,445.463982482,16.134004379,38.711657085,26.000000,35.868307612,29,70,224,295,D:\桌面\dac\bs_inversion_pilot_v1\samples\train\tile_000092_site02.npz
tile_000092_site03,tile_000092,92,train,77,3,northeast,395.633146144,318.252252664,47.936936834,98.408286536,26.000000,44.900384473,8,31,35,269,D:\桌面\dac\bs_inversion_pilot_v1\samples\train\tile_000092_site03.npz
tile_000093_site00,tile_000093,93,train,78,0,southwest,137.476861000,189.402926038,80.149268490,33.869215250,131.000000,43.755887791,131,177,222,318,D:\桌面\dac\bs_inversion_pilot_v1\samples\train\tile_000093_site00.npz
tile_000093_site01,tile_000093,93,train,78,1,southeast,331.090507140,66.612008525,110.846997869,82.272626785,131.000000,53.476565236,4,215,263,346,D:\桌面\dac\bs_inversion_pilot_v1\samples\train\tile_000093_site01.npz
tile_000093_site02,tile_000093,93,train,78,2,northwest,199.291807572,396.993244659,28.251688835,49.322951893,131.000000,40.556640307,94,161,214,345,D:\桌面\dac\bs_inversion_pilot_v1\samples\train\tile_000093_site02.npz
tile_000093_site03,tile_000093,93,train,78,3,northeast,381.491927733,296.181027481,53.454743130,94.872981933,131.000000,38.921156605,206,216,245,337,D:\桌面\dac\bs_inversion_pilot_v1\samples\train\tile_000093_site03.npz
tile_000096_site00,tile_000096,96,train,79,0,southwest,137.515101833,252.393537937,64.401615516,33.878775458,32.000000,69.876430897,100,139,177,208,D:\桌面\dac\bs_inversion_pilot_v1\samples\train\tile_000096_site00.npz
tile_000096_site01,tile_000096,96,train,79,1,southeast,389.765968770,164.048623801,86.487844050,96.941492192,32.000000,53.985532899,44,106,325,338,D:\桌面\dac\bs_inversion_pilot_v1\samples\train\tile_000096_site01.npz
tile_000096_site02,tile_000096,96,train,79,2,northwest,111.825890600,431.639223308,19.590194173,27.456472650,32.000000,60.298619310,85,133,175,334,D:\桌面\dac\bs_inversion_pilot_v1\samples\train\tile_000096_site02.npz
tile_000096_site03,tile_000096,96,train,79,3,northeast,310.740009667,441.292532395,17.176866901,77.185002417,32.000000,62.827554572,16,37,82,120,D:\桌面\dac\bs_inversion_pilot_v1\samples\train\tile_000096_site03.npz
tile_000097_site00,tile_000097,97,train,80,0,southwest,122.660860640,111.055713949,99.736071513,30.165215160,26.000000,52.216471133,241,251,256,278,D:\桌面\dac\bs_inversion_pilot_v1\samples\train\tile_000097_site00.npz
tile_000097_site01,tile_000097,97,train,80,1,southeast,432.700127437,73.750367596,109.062408101,107.675031859,26.000000,62.527160049,63,185,299,328,D:\桌面\dac\bs_inversion_pilot_v1\samples\train\tile_000097_site01.npz
tile_000097_site02,tile_000097,97,train,80,2,northwest,134.462844431,265.951921305,61.012019674,33.115711108,26.000000,50.886671887,151,174,254,330,D:\桌面\dac\bs_inversion_pilot_v1\samples\train\tile_000097_site02.npz
tile_000097_site03,tile_000097,97,train,80,3,northeast,396.877371322,394.178842416,28.955289396,98.719342831,26.000000,39.937855328,42,160,321,328,D:\桌面\dac\bs_inversion_pilot_v1\samples\train\tile_000097_site03.npz
tile_000098_site00,tile_000098,98,train,81,0,southwest,125.946461619,164.113936595,86.471515851,30.986615405,23.000000,36.546265555,145,226,293,355,D:\桌面\dac\bs_inversion_pilot_v1\samples\train\tile_000098_site00.npz
tile_000098_site01,tile_000098,98,train,81,1,southeast,438.678948315,126.300587343,95.924853164,109.169737079,23.000000,44.527400931,66,148,312,342,D:\桌面\dac\bs_inversion_pilot_v1\samples\train\tile_000098_site01.npz
tile_000098_site02,tile_000098,98,train,81,2,northwest,97.538489923,310.096279943,49.975930014,23.884622481,23.000000,46.631996722,143,175,185,228,D:\桌面\dac\bs_inversion_pilot_v1\samples\train\tile_000098_site02.npz
tile_000098_site03,tile_000098,98,train,81,3,northeast,438.593141289,358.978192507,37.755451873,109.148285322,23.000000,50.151031210,195,207,254,344,D:\桌面\dac\bs_inversion_pilot_v1\samples\train\tile_000098_site03.npz
tile_000099_site00,tile_000099,99,train,82,0,southwest,201.248266468,98.141413229,102.964646693,49.812066617,23.000000,57.966365424,208,256,276,359,D:\桌面\dac\bs_inversion_pilot_v1\samples\train\tile_000099_site00.npz
tile_000099_site01,tile_000099,99,train,82,1,southeast,384.291647783,182.018930878,81.995267281,95.572911946,23.000000,52.369631278,138,178,187,328,D:\桌面\dac\bs_inversion_pilot_v1\samples\train\tile_000099_site01.npz
tile_000099_site02,tile_000099,99,train,82,2,northwest,93.415773213,434.023869895,18.994032526,22.853943303,23.000000,37.901855270,151,200,304,315,D:\桌面\dac\bs_inversion_pilot_v1\samples\train\tile_000099_site02.npz
tile_000099_site03,tile_000099,99,train,82,3,northeast,386.063295707,343.310611150,41.672347212,96.015823927,23.000000,47.920988477,111,161,216,278,D:\桌面\dac\bs_inversion_pilot_v1\samples\train\tile_000099_site03.npz
tile_000100_site00,tile_000100,100,train,83,0,southwest,78.428430498,189.862041999,80.034489500,19.107107624,26.000000,45.303020084,60,79,231,311,D:\桌面\dac\bs_inversion_pilot_v1\samples\train\tile_000100_site00.npz
tile_000100_site01,tile_000100,100,train,83,1,southeast,316.160628456,114.819343925,98.795164019,78.540157114,26.000000,56.176643962,30,34,78,335,D:\桌面\dac\bs_inversion_pilot_v1\samples\train\tile_000100_site01.npz
tile_000100_site02,tile_000100,100,train,83,2,northwest,81.566180371,437.400240951,18.149939762,19.891545093,26.000000,35.314656306,116,221,294,321,D:\桌面\dac\bs_inversion_pilot_v1\samples\train\tile_000100_site02.npz
tile_000100_site03,tile_000100,100,train,83,3,northeast,352.652093989,416.775028479,23.306242880,87.663023497,26.000000,43.725436328,25,228,307,348,D:\桌面\dac\bs_inversion_pilot_v1\samples\train\tile_000100_site03.npz
tile_000101_site00,tile_000101,101,train,84,0,southwest,252.309095169,150.960220489,89.759944878,62.577273792,26.000000,62.318947946,94,116,239,242,D:\桌面\dac\bs_inversion_pilot_v1\samples\train\tile_000101_site00.npz
tile_000101_site01,tile_000101,101,train,84,1,southeast,443.333006765,149.675664299,90.081083925,110.333251691,26.000000,63.861641999,70,122,206,299,D:\桌面\dac\bs_inversion_pilot_v1\samples\train\tile_000101_site01.npz
tile_000101_site02,tile_000101,101,train,84,2,northwest,241.983370320,433.711031661,19.072242085,59.995842580,26.000000,54.302530811,29,183,194,280,D:\桌面\dac\bs_inversion_pilot_v1\samples\train\tile_000101_site02.npz
tile_000101_site03,tile_000101,101,train,84,3,northeast,315.755199467,392.421994210,29.394501448,78.438799867,26.000000,50.348916576,110,116,275,350,D:\桌面\dac\bs_inversion_pilot_v1\samples\train\tile_000101_site03.npz
tile_000102_site00,tile_000102,102,train,85,0,southwest,106.865338996,65.521831533,111.119542117,26.216334749,26.000000,65.726674409,27,117,194,267,D:\桌面\dac\bs_inversion_pilot_v1\samples\train\tile_000102_site00.npz
tile_000102_site01,tile_000102,102,train,85,1,southeast,386.107950586,184.139840135,81.465039966,96.026987647,26.000000,60.769000664,29,115,130,181,D:\桌面\dac\bs_inversion_pilot_v1\samples\train\tile_000102_site01.npz
tile_000102_site02,tile_000102,102,train,85,2,northwest,202.955548661,353.750832069,39.062291983,50.238887165,26.000000,35.723721788,150,183,242,354,D:\桌面\dac\bs_inversion_pilot_v1\samples\train\tile_000102_site02.npz
tile_000102_site03,tile_000102,102,train,85,3,northeast,279.065640727,278.912097649,57.771975588,69.266410182,26.000000,46.677080019,92,216,228,259,D:\桌面\dac\bs_inversion_pilot_v1\samples\train\tile_000102_site03.npz
tile_000103_site00,tile_000103,103,train,86,0,southwest,107.698664572,174.794219557,83.801445111,26.424666143,26.000000,60.428511737,1,61,267,281,D:\桌面\dac\bs_inversion_pilot_v1\samples\train\tile_000103_site00.npz
tile_000103_site01,tile_000103,103,train,86,1,southeast,372.310526029,174.953815992,83.761546002,92.577631507,26.000000,55.545661434,3,66,84,217,D:\桌面\dac\bs_inversion_pilot_v1\samples\train\tile_000103_site01.npz
tile_000103_site02,tile_000103,103,train,86,2,northwest,203.950729436,276.656222115,58.335944471,50.487682359,26.000000,67.495354695,39,123,128,316,D:\桌面\dac\bs_inversion_pilot_v1\samples\train\tile_000103_site02.npz
tile_000103_site03,tile_000103,103,train,86,3,northeast,322.363688764,382.944264950,31.763933762,80.090922191,26.000000,41.830972238,82,181,273,334,D:\桌面\dac\bs_inversion_pilot_v1\samples\train\tile_000103_site03.npz
tile_000105_site00,tile_000105,105,train,87,0,southwest,82.837791795,201.529094677,77.117726331,20.209447949,32.000000,46.926155574,16,107,287,289,D:\桌面\dac\bs_inversion_pilot_v1\samples\train\tile_000105_site00.npz
tile_000105_site01,tile_000105,105,train,87,1,southeast,352.847488030,108.441628767,100.389592808,87.711872007,32.000000,64.505304384,106,244,317,345,D:\桌面\dac\bs_inversion_pilot_v1\samples\train\tile_000105_site01.npz
tile_000105_site02,tile_000105,105,train,87,2,northwest,102.020078052,407.190706197,25.702323451,25.005019513,32.000000,46.577844256,242,263,265,294,D:\桌面\dac\bs_inversion_pilot_v1\samples\train\tile_000105_site02.npz
tile_000105_site03,tile_000105,105,train,87,3,northeast,279.086204477,377.650581758,33.087354560,69.271551119,32.000000,53.241126002,24,116,157,287,D:\桌面\dac\bs_inversion_pilot_v1\samples\train\tile_000105_site03.npz
tile_000107_site00,tile_000107,107,train,88,0,southwest,244.923224027,191.875054182,79.531236455,60.730806007,26.000000,46.088582892,176,288,290,333,D:\桌面\dac\bs_inversion_pilot_v1\samples\train\tile_000107_site00.npz
tile_000107_site01,tile_000107,107,train,88,1,southeast,395.069538594,67.742107727,110.564473068,98.267384649,26.000000,64.282061618,35,110,242,263,D:\桌面\dac\bs_inversion_pilot_v1\samples\train\tile_000107_site01.npz
tile_000107_site02,tile_000107,107,train,88,2,northwest,209.398219356,390.472468793,29.881882802,51.849554839,26.000000,35.835777083,4,40,234,281,D:\桌面\dac\bs_inversion_pilot_v1\samples\train\tile_000107_site02.npz
tile_000107_site03,tile_000107,107,train,88,3,northeast,415.396603425,286.384946666,55.903763333,103.349150856,26.000000,40.423361684,5,57,211,241,D:\桌面\dac\bs_inversion_pilot_v1\samples\train\tile_000107_site03.npz
tile_000108_site00,tile_000108,108,train,89,0,southwest,95.374197382,228.878956811,70.280260797,23.343549346,26.000000,37.012616901,76,111,323,340,D:\桌面\dac\bs_inversion_pilot_v1\samples\train\tile_000108_site00.npz
tile_000108_site01,tile_000108,108,train,89,1,southeast,439.386927123,223.357315324,71.660671169,109.346731781,26.000000,47.585634084,146,176,262,306,D:\桌面\dac\bs_inversion_pilot_v1\samples\train\tile_000108_site01.npz
tile_000108_site02,tile_000108,108,train,89,2,northwest,201.942646789,445.728444844,16.067888789,49.985661697,26.000000,54.555978476,13,21,59,297,D:\桌面\dac\bs_inversion_pilot_v1\samples\train\tile_000108_site02.npz
tile_000108_site03,tile_000108,108,train,89,3,northeast,329.718451256,326.173814201,45.956546450,81.929612814,26.000000,47.550149827,28,60,111,300,D:\桌面\dac\bs_inversion_pilot_v1\samples\train\tile_000108_site03.npz
tile_000112_site00,tile_000112,112,train,90,0,southwest,207.751419566,125.202094478,96.199476380,51.437854892,32.000000,67.415333244,144,161,211,236,D:\桌面\dac\bs_inversion_pilot_v1\samples\train\tile_000112_site00.npz
tile_000112_site01,tile_000112,112,train,90,1,southeast,430.903240224,238.129208593,67.967697852,107.225810056,32.000000,50.645997994,91,233,280,313,D:\桌面\dac\bs_inversion_pilot_v1\samples\train\tile_000112_site01.npz
tile_000112_site02,tile_000112,112,train,90,2,northwest,92.955196490,307.348942951,50.662764262,22.738799123,32.000000,42.804405190,21,118,251,293,D:\桌面\dac\bs_inversion_pilot_v1\samples\train\tile_000112_site02.npz
tile_000112_site03,tile_000112,112,train,90,3,northeast,276.409624401,341.008422649,42.247894338,68.602406100,32.000000,36.981954698,30,105,176,354,D:\桌面\dac\bs_inversion_pilot_v1\samples\train\tile_000112_site03.npz
tile_000113_site00,tile_000113,113,train,91,0,southwest,212.951848579,124.389569112,96.402607722,52.737962145,23.000000,42.458501565,15,231,340,356,D:\桌面\dac\bs_inversion_pilot_v1\samples\train\tile_000113_site00.npz
tile_000113_site01,tile_000113,113,train,91,1,southeast,307.354544224,150.900186352,89.774953412,76.338636056,23.000000,50.979402751,62,177,198,259,D:\桌面\dac\bs_inversion_pilot_v1\samples\train\tile_000113_site01.npz
tile_000113_site02,tile_000113,113,train,91,2,northwest,147.810829207,268.034128424,60.491467894,36.452707302,23.000000,57.128583635,15,71,102,191,D:\桌面\dac\bs_inversion_pilot_v1\samples\train\tile_000113_site02.npz
tile_000113_site03,tile_000113,113,train,91,3,northeast,267.040604204,428.333028750,20.416742812,66.260151051,23.000000,54.007469991,18,83,103,164,D:\桌面\dac\bs_inversion_pilot_v1\samples\train\tile_000113_site03.npz
tile_000114_site00,tile_000114,114,train,92,0,southwest,253.853902078,216.402215736,73.399446066,62.963475520,23.000000,55.777800525,37,128,235,310,D:\桌面\dac\bs_inversion_pilot_v1\samples\train\tile_000114_site00.npz
tile_000114_site01,tile_000114,114,train,92,1,southeast,437.864544871,89.098598832,105.225350292,108.966136218,23.000000,43.122744092,25,140,176,257,D:\桌面\dac\bs_inversion_pilot_v1\samples\train\tile_000114_site01.npz
tile_000114_site02,tile_000114,114,train,92,2,northwest,70.579757966,408.572895872,25.356776032,17.144939491,23.000000,53.142048402,37,112,289,302,D:\桌面\dac\bs_inversion_pilot_v1\samples\train\tile_000114_site02.npz
tile_000114_site03,tile_000114,114,train,92,3,northeast,340.900238674,293.121745646,54.219563589,84.725059668,23.000000,40.312014443,106,111,186,352,D:\桌面\dac\bs_inversion_pilot_v1\samples\train\tile_000114_site03.npz
tile_000115_site00,tile_000115,115,train,93,0,southwest,168.502187427,116.659599889,98.335100028,41.625546857,23.000000,63.175507259,68,96,110,148,D:\桌面\dac\bs_inversion_pilot_v1\samples\train\tile_000115_site00.npz
tile_000115_site01,tile_000115,115,train,93,1,southeast,322.020800797,181.090642918,82.227339270,80.005200199,23.000000,56.833733256,55,189,196,356,D:\桌面\dac\bs_inversion_pilot_v1\samples\train\tile_000115_site01.npz
tile_000115_site02,tile_000115,115,train,93,2,northwest,166.010696190,432.740177377,19.314955656,41.002674048,23.000000,44.697975958,31,77,166,170,D:\桌面\dac\bs_inversion_pilot_v1\samples\train\tile_000115_site02.npz
tile_000115_site03,tile_000115,115,train,93,3,northeast,340.910425597,277.591549775,58.102112556,84.727606399,23.000000,62.435770623,53,85,179,270,D:\桌面\dac\bs_inversion_pilot_v1\samples\train\tile_000115_site03.npz
tile_000116_site00,tile_000116,116,train,94,0,southwest,209.036150413,166.550761290,85.862309677,51.759037603,26.000000,57.284755386,64,138,209,323,D:\桌面\dac\bs_inversion_pilot_v1\samples\train\tile_000116_site00.npz
tile_000116_site01,tile_000116,116,train,94,1,southeast,283.505268976,133.907046179,94.023238455,70.376317244,26.000000,68.063895663,1,22,214,334,D:\桌面\dac\bs_inversion_pilot_v1\samples\train\tile_000116_site01.npz
tile_000116_site02,tile_000116,116,train,94,2,northwest,127.296522621,310.579885999,49.855028500,31.324130655,26.000000,38.187383913,14,15,73,232,D:\桌面\dac\bs_inversion_pilot_v1\samples\train\tile_000116_site02.npz
tile_000116_site03,tile_000116,116,train,94,3,northeast,389.654255268,440.693271281,17.326682180,96.913563817,26.000000,66.923435218,260,284,290,335,D:\桌面\dac\bs_inversion_pilot_v1\samples\train\tile_000116_site03.npz
tile_000119_site00,tile_000119,119,train,95,0,southwest,76.191424458,134.435400966,93.891149758,18.547856114,26.000000,42.550981331,58,167,266,338,D:\桌面\dac\bs_inversion_pilot_v1\samples\train\tile_000119_site00.npz
tile_000119_site01,tile_000119,119,train,95,1,southeast,435.039878853,191.470213364,79.632446659,108.259969713,26.000000,40.914160944,79,328,356,359,D:\桌面\dac\bs_inversion_pilot_v1\samples\train\tile_000119_site01.npz
tile_000119_site02,tile_000119,119,train,95,2,northwest,122.401886800,290.295753610,54.926061597,30.100471700,26.000000,59.492487067,15,149,170,203,D:\桌面\dac\bs_inversion_pilot_v1\samples\train\tile_000119_site02.npz
tile_000119_site03,tile_000119,119,train,95,3,northeast,291.006102803,320.892191212,47.276952197,72.251525701,26.000000,57.531214924,64,67,155,247,D:\桌面\dac\bs_inversion_pilot_v1\samples\train\tile_000119_site03.npz
tile_000121_site00,tile_000121,121,train,96,0,southwest,121.667340229,92.797366983,104.300658254,29.916835057,26.000000,60.934761023,90,182,269,325,D:\桌面\dac\bs_inversion_pilot_v1\samples\train\tile_000121_site00.npz
tile_000121_site01,tile_000121,121,train,96,1,southeast,262.182941441,118.485826371,97.878543407,65.045735360,26.000000,64.733949464,109,243,250,309,D:\桌面\dac\bs_inversion_pilot_v1\samples\train\tile_000121_site01.npz
tile_000121_site02,tile_000121,121,train,96,2,northwest,184.145321801,278.604740185,57.848814954,45.536330450,26.000000,42.443839152,26,161,188,244,D:\桌面\dac\bs_inversion_pilot_v1\samples\train\tile_000121_site02.npz
tile_000121_site03,tile_000121,121,train,96,3,northeast,410.046449485,312.904167993,49.273958002,102.011612371,26.000000,51.353419478,58,251,291,322,D:\桌面\dac\bs_inversion_pilot_v1\samples\train\tile_000121_site03.npz
tile_000123_site00,tile_000123,123,train,97,0,southwest,125.444047015,177.346841670,83.163289582,30.861011754,26.000000,38.266746328,7,51,130,248,D:\桌面\dac\bs_inversion_pilot_v1\samples\train\tile_000123_site00.npz
tile_000123_site01,tile_000123,123,train,97,1,southeast,438.895012232,209.523310544,75.119172364,109.223753058,26.000000,68.343368914,30,73,315,349,D:\桌面\dac\bs_inversion_pilot_v1\samples\train\tile_000123_site01.npz
tile_000123_site02,tile_000123,123,train,97,2,northwest,225.063120160,397.373002188,28.156749453,55.765780040,26.000000,51.040238731,192,237,331,358,D:\桌面\dac\bs_inversion_pilot_v1\samples\train\tile_000123_site02.npz
tile_000123_site03,tile_000123,123,train,97,3,northeast,360.119332276,356.630899953,38.342275012,89.529833069,26.000000,35.671718855,36,250,266,284,D:\桌面\dac\bs_inversion_pilot_v1\samples\train\tile_000123_site03.npz
tile_000124_site00,tile_000124,124,train,98,0,southwest,152.779462666,68.768385299,110.307903675,37.694865667,32.000000,38.486953153,32,148,184,233,D:\桌面\dac\bs_inversion_pilot_v1\samples\train\tile_000124_site00.npz
tile_000124_site01,tile_000124,124,train,98,1,southeast,325.433285999,224.105713392,71.473571652,80.858321500,32.000000,61.198895467,75,86,147,273,D:\桌面\dac\bs_inversion_pilot_v1\samples\train\tile_000124_site01.npz
tile_000124_site02,tile_000124,124,train,98,2,northwest,157.497178320,322.109932662,46.972516834,38.874294580,32.000000,59.204162342,177,270,284,356,D:\桌面\dac\bs_inversion_pilot_v1\samples\train\tile_000124_site02.npz
tile_000124_site03,tile_000124,124,train,98,3,northeast,293.026675574,360.989598183,37.252600454,72.756668893,32.000000,41.485552293,171,255,304,351,D:\桌面\dac\bs_inversion_pilot_v1\samples\train\tile_000124_site03.npz
tile_000125_site00,tile_000125,125,train,99,0,southwest,186.519962960,252.587812299,64.353046925,46.129990740,26.000000,45.672987455,184,257,299,338,D:\桌面\dac\bs_inversion_pilot_v1\samples\train\tile_000125_site00.npz
tile_000125_site01,tile_000125,125,train,99,1,southeast,333.945315852,84.647551110,106.338112223,82.986328963,26.000000,63.385019173,29,49,241,259,D:\桌面\dac\bs_inversion_pilot_v1\samples\train\tile_000125_site01.npz
tile_000125_site02,tile_000125,125,train,99,2,northwest,207.418290160,377.947815828,33.013046043,51.354572540,26.000000,64.926529891,178,284,301,347,D:\桌面\dac\bs_inversion_pilot_v1\samples\train\tile_000125_site02.npz
tile_000125_site03,tile_000125,125,train,99,3,northeast,335.952705206,370.760875790,34.809781052,83.488176302,26.000000,67.662242140,0,242,332,346,D:\桌面\dac\bs_inversion_pilot_v1\samples\train\tile_000125_site03.npz
tile_000126_site00,tile_000126,126,train,100,0,southwest,93.876881772,174.564575576,83.858856106,22.969220443,23.000000,58.807047371,16,69,176,267,D:\桌面\dac\bs_inversion_pilot_v1\samples\train\tile_000126_site00.npz
tile_000126_site01,tile_000126,126,train,100,1,southeast,324.402111224,241.817134361,67.045716410,80.600527806,23.000000,37.999613201,124,131,333,346,D:\桌面\dac\bs_inversion_pilot_v1\samples\train\tile_000126_site01.npz
tile_000126_site02,tile_000126,126,train,100,2,northwest,165.685715014,388.200781925,30.449804519,40.921428753,23.000000,39.365932192,112,130,159,270,D:\桌面\dac\bs_inversion_pilot_v1\samples\train\tile_000126_site02.npz
tile_000126_site03,tile_000126,126,train,100,3,northeast,412.341323870,308.852181422,50.286954645,102.585330968,23.000000,37.530896824,5,79,161,339,D:\桌面\dac\bs_inversion_pilot_v1\samples\train\tile_000126_site03.npz
tile_000127_site00,tile_000127,127,train,101,0,southwest,116.739438141,226.733898281,70.816525430,28.684859535,26.000000,35.343962216,32,126,128,220,D:\桌面\dac\bs_inversion_pilot_v1\samples\train\tile_000127_site00.npz
tile_000127_site01,tile_000127,127,train,101,1,southeast,385.092290754,99.453687363,102.636578159,95.773072689,26.000000,43.468585786,42,149,279,325,D:\桌面\dac\bs_inversion_pilot_v1\samples\train\tile_000127_site01.npz
tile_000127_site02,tile_000127,127,train,101,2,northwest,72.088643648,341.786856730,42.053285818,17.522160912,26.000000,50.173523311,67,223,278,279,D:\桌面\dac\bs_inversion_pilot_v1\samples\train\tile_000127_site02.npz
tile_000127_site03,tile_000127,127,train,101,3,northeast,269.544700273,346.242701443,40.939324639,66.886175068,26.000000,60.149923617,43,89,90,252,D:\桌面\dac\bs_inversion_pilot_v1\samples\train\tile_000127_site03.npz
tile_000128_site00,tile_000128,128,train,102,0,southwest,156.423249660,140.450692777,92.387326806,38.605812415,23.000000,36.772704731,26,147,254,324,D:\桌面\dac\bs_inversion_pilot_v1\samples\train\tile_000128_site00.npz
tile_000128_site01,tile_000128,128,train,102,1,southeast,287.566576158,93.341988087,104.164502978,71.391644039,23.000000,65.325835221,179,187,252,311,D:\桌面\dac\bs_inversion_pilot_v1\samples\train\tile_000128_site01.npz
tile_000128_site02,tile_000128,128,train,102,2,northwest,236.481438605,447.747623459,15.563094135,58.620359651,23.000000,41.671090179,57,68,173,242,D:\桌面\dac\bs_inversion_pilot_v1\samples\train\tile_000128_site02.npz
tile_000128_site03,tile_000128,128,train,102,3,northeast,325.790042120,260.068564225,62.482858944,80.947510530,23.000000,66.081146835,40,141,228,252,D:\桌面\dac\bs_inversion_pilot_v1\samples\train\tile_000128_site03.npz
tile_000129_site00,tile_000129,129,train,103,0,southwest,93.844192763,214.699803708,73.825049073,22.961048191,23.000000,52.106810561,259,275,288,327,D:\桌面\dac\bs_inversion_pilot_v1\samples\train\tile_000129_site00.npz
tile_000129_site01,tile_000129,129,train,103,1,southeast,415.836760019,93.227014761,104.193246310,103.459190005,23.000000,37.667041353,116,127,189,225,D:\桌面\dac\bs_inversion_pilot_v1\samples\train\tile_000129_site01.npz
tile_000129_site02,tile_000129,129,train,103,2,northwest,87.068636896,292.473593385,54.381601654,21.267159224,23.000000,65.203234343,220,255,292,307,D:\桌面\dac\bs_inversion_pilot_v1\samples\train\tile_000129_site02.npz
tile_000129_site03,tile_000129,129,train,103,3,northeast,413.224935658,402.615633338,26.846091666,102.806233914,23.000000,43.284709416,9,257,259,290,D:\桌面\dac\bs_inversion_pilot_v1\samples\train\tile_000129_site03.npz
tile_000130_site00,tile_000130,130,train,104,0,southwest,223.256826444,142.403619320,91.899095170,55.314206611,26.000000,62.542421548,45,241,285,349,D:\桌面\dac\bs_inversion_pilot_v1\samples\train\tile_000130_site00.npz
tile_000130_site01,tile_000130,130,train,104,1,southeast,306.149778723,230.190740254,69.952314936,76.037444681,26.000000,66.632138788,5,37,94,133,D:\桌面\dac\bs_inversion_pilot_v1\samples\train\tile_000130_site01.npz
tile_000130_site02,tile_000130,130,train,104,2,northwest,231.065718392,442.366568244,16.908357939,57.266429598,26.000000,36.395578447,38,91,140,319,D:\桌面\dac\bs_inversion_pilot_v1\samples\train\tile_000130_site02.npz
tile_000130_site03,tile_000130,130,train,104,3,northeast,426.084842698,288.686839208,55.328290198,106.021210675,26.000000,51.193596644,72,203,310,338,D:\桌面\dac\bs_inversion_pilot_v1\samples\train\tile_000130_site03.npz
tile_000132_site00,tile_000132,132,train,105,0,southwest,105.850015190,253.360701657,64.159824586,25.962503797,26.000000,67.673544928,148,190,286,294,D:\桌面\dac\bs_inversion_pilot_v1\samples\train\tile_000132_site00.npz
tile_000132_site01,tile_000132,132,train,105,1,southeast,300.458682958,241.239903461,67.190024135,74.614670739,26.000000,61.602163216,8,21,53,322,D:\桌面\dac\bs_inversion_pilot_v1\samples\train\tile_000132_site01.npz
tile_000132_site02,tile_000132,132,train,105,2,northwest,227.050601952,408.941103393,25.264724152,56.262650488,26.000000,62.896946464,69,197,207,310,D:\桌面\dac\bs_inversion_pilot_v1\samples\train\tile_000132_site02.npz
tile_000132_site03,tile_000132,132,train,105,3,northeast,344.263033655,296.448821067,53.387794733,85.565758414,26.000000,60.543922050,22,23,154,243,D:\桌面\dac\bs_inversion_pilot_v1\samples\train\tile_000132_site03.npz
tile_000134_site00,tile_000134,134,train,106,0,southwest,249.750818472,166.343041302,85.914239675,61.937704618,47.000000,45.816849150,201,288,325,346,D:\桌面\dac\bs_inversion_pilot_v1\samples\train\tile_000134_site00.npz
tile_000134_site01,tile_000134,134,train,106,1,southeast,312.534881239,190.173965882,79.956508529,77.633720310,47.000000,42.232774873,100,127,141,211,D:\桌面\dac\bs_inversion_pilot_v1\samples\train\tile_000134_site01.npz
tile_000134_site02,tile_000134,134,train,106,2,northwest,157.578118327,428.862789907,20.284302523,38.894529582,47.000000,59.041068548,19,179,216,244,D:\桌面\dac\bs_inversion_pilot_v1\samples\train\tile_000134_site02.npz
tile_000134_site03,tile_000134,134,train,106,3,northeast,416.526916749,431.164919499,19.708770125,103.631729187,47.000000,49.054168403,116,196,210,308,D:\桌面\dac\bs_inversion_pilot_v1\samples\train\tile_000134_site03.npz
tile_000135_site00,tile_000135,135,train,107,0,southwest,139.573734346,178.621863686,82.844534079,34.393433586,23.000000,44.241956936,54,322,337,348,D:\桌面\dac\bs_inversion_pilot_v1\samples\train\tile_000135_site00.npz
tile_000135_site01,tile_000135,135,train,107,1,southeast,304.432433177,149.331532708,90.167116823,75.608108294,23.000000,47.659507447,56,137,204,323,D:\桌面\dac\bs_inversion_pilot_v1\samples\train\tile_000135_site01.npz
tile_000135_site02,tile_000135,135,train,107,2,northwest,164.158758287,266.763068812,60.809232797,40.539689572,23.000000,42.957982218,76,115,158,160,D:\桌面\dac\bs_inversion_pilot_v1\samples\train\tile_000135_site02.npz
tile_000135_site03,tile_000135,135,train,107,3,northeast,297.765093690,278.320725759,57.919818560,73.941273422,23.000000,63.173056100,25,26,78,259,D:\桌面\dac\bs_inversion_pilot_v1\samples\train\tile_000135_site03.npz
tile_000136_site00,tile_000136,136,train,108,0,southwest,86.448206721,88.753996645,105.311500839,21.112051680,26.000000,42.688243688,72,106,298,333,D:\桌面\dac\bs_inversion_pilot_v1\samples\train\tile_000136_site00.npz
tile_000136_site01,tile_000136,136,train,108,1,southeast,404.243332217,196.506335269,78.373416183,100.560833054,26.000000,38.749153385,59,176,285,338,D:\桌面\dac\bs_inversion_pilot_v1\samples\train\tile_000136_site01.npz
tile_000136_site02,tile_000136,136,train,108,2,northwest,161.570865675,258.245998621,62.938500345,39.892716419,26.000000,66.098248656,130,238,271,306,D:\桌面\dac\bs_inversion_pilot_v1\samples\train\tile_000136_site02.npz
tile_000136_site03,tile_000136,136,train,108,3,northeast,416.775383894,327.162991090,45.709252228,103.693845974,26.000000,39.945465387,60,157,325,334,D:\桌面\dac\bs_inversion_pilot_v1\samples\train\tile_000136_site03.npz
tile_000140_site00,tile_000140,140,train,109,0,southwest,128.057047503,127.401011901,95.649747025,31.514261876,26.000000,67.897762386,51,102,312,357,D:\桌面\dac\bs_inversion_pilot_v1\samples\train\tile_000140_site00.npz
tile_000140_site01,tile_000140,140,train,109,1,southeast,349.038992860,138.749298543,92.812675364,86.759748215,26.000000,41.818565468,98,296,335,339,D:\桌面\dac\bs_inversion_pilot_v1\samples\train\tile_000140_site01.npz
tile_000140_site02,tile_000140,140,train,109,2,northwest,87.341959934,426.149079070,20.962730233,21.335489983,26.000000,42.132643019,66,73,116,223,D:\桌面\dac\bs_inversion_pilot_v1\samples\train\tile_000140_site02.npz
tile_000140_site03,tile_000140,140,train,109,3,northeast,358.664475697,349.518396877,40.120400781,89.166118924,26.000000,36.661389462,37,61,235,239,D:\桌面\dac\bs_inversion_pilot_v1\samples\train\tile_000140_site03.npz
tile_000141_site00,tile_000141,141,train,110,0,southwest,168.578918676,200.473471993,77.381632002,41.644729669,47.000000,57.830020030,49,80,161,296,D:\桌面\dac\bs_inversion_pilot_v1\samples\train\tile_000141_site00.npz
tile_000141_site01,tile_000141,141,train,110,1,southeast,294.705028415,123.711002049,96.572249488,73.176257104,47.000000,53.142613807,20,61,244,278,D:\桌面\dac\bs_inversion_pilot_v1\samples\train\tile_000141_site01.npz
tile_000141_site02,tile_000141,141,train,110,2,northwest,89.342266080,279.480620196,57.629844951,21.835566520,47.000000,54.907180294,115,145,264,301,D:\桌面\dac\bs_inversion_pilot_v1\samples\train\tile_000141_site02.npz
tile_000141_site03,tile_000141,141,train,110,3,northeast,354.966261892,386.094013789,30.976496553,88.241565473,47.000000,41.776136810,39,56,172,195,D:\桌面\dac\bs_inversion_pilot_v1\samples\train\tile_000141_site03.npz
tile_000142_site00,tile_000142,142,train,111,0,southwest,209.318864289,180.950620578,82.262344856,51.829716072,44.000000,51.063399281,15,143,307,315,D:\桌面\dac\bs_inversion_pilot_v1\samples\train\tile_000142_site00.npz
tile_000142_site01,tile_000142,142,train,111,1,southeast,411.061420167,169.000549101,85.249862725,102.265355042,44.000000,48.569433984,41,64,76,114,D:\桌面\dac\bs_inversion_pilot_v1\samples\train\tile_000142_site01.npz
tile_000142_site02,tile_000142,142,train,111,2,northwest,180.704368415,311.728420227,49.567894943,44.676092104,44.000000,51.085536929,52,62,195,265,D:\桌面\dac\bs_inversion_pilot_v1\samples\train\tile_000142_site02.npz
tile_000142_site03,tile_000142,142,train,111,3,northeast,361.103120591,384.206082834,31.448479292,89.775780148,44.000000,44.880547556,113,214,257,268,D:\桌面\dac\bs_inversion_pilot_v1\samples\train\tile_000142_site03.npz
tile_000143_site00,tile_000143,143,train,112,0,southwest,82.052087125,68.906565983,110.273358504,20.013021781,44.000000,41.855557218,190,257,292,319,D:\桌面\dac\bs_inversion_pilot_v1\samples\train\tile_000143_site00.npz
tile_000143_site01,tile_000143,143,train,112,1,southeast,256.354279216,213.005697518,74.248575620,63.588569804,44.000000,44.690138691,158,215,300,345,D:\桌面\dac\bs_inversion_pilot_v1\samples\train\tile_000143_site01.npz
tile_000143_site02,tile_000143,143,train,112,2,northwest,163.638841866,436.346163354,18.413459161,40.409710466,44.000000,62.174374358,54,91,112,219,D:\桌面\dac\bs_inversion_pilot_v1\samples\train\tile_000143_site02.npz
tile_000143_site03,tile_000143,143,train,112,3,northeast,405.171646198,375.936298396,33.515925401,100.792911549,44.000000,62.189783824,69,70,213,214,D:\桌面\dac\bs_inversion_pilot_v1\samples\train\tile_000143_site03.npz
tile_000144_site00,tile_000144,144,train,113,0,southwest,102.296239333,103.855340693,101.536164827,25.074059833,26.000000,50.590332279,140,230,269,348,D:\桌面\dac\bs_inversion_pilot_v1\samples\train\tile_000144_site00.npz
tile_000144_site01,tile_000144,144,train,113,1,southeast,434.870741864,121.188108881,97.202972780,108.217685466,26.000000,62.999041262,34,143,211,247,D:\桌面\dac\bs_inversion_pilot_v1\samples\train\tile_000144_site01.npz
tile_000144_site02,tile_000144,144,train,113,2,northwest,195.658883536,317.670010388,48.082497403,48.414720884,26.000000,36.420749556,130,190,241,314,D:\桌面\dac\bs_inversion_pilot_v1\samples\train\tile_000144_site02.npz
tile_000144_site03,tile_000144,144,train,113,3,northeast,365.821887207,358.740922272,37.814769432,90.955471802,26.000000,62.426774437,48,50,52,66,D:\桌面\dac\bs_inversion_pilot_v1\samples\train\tile_000144_site03.npz
tile_000145_site00,tile_000145,145,train,114,0,southwest,216.955797882,68.406635684,110.398341079,53.738949470,26.000000,45.819791559,237,241,355,356,D:\桌面\dac\bs_inversion_pilot_v1\samples\train\tile_000145_site00.npz
tile_000145_site01,tile_000145,145,train,114,1,southeast,263.120124317,123.307219910,96.673195022,65.280031079,26.000000,48.794004358,6,8,30,249,D:\桌面\dac\bs_inversion_pilot_v1\samples\train\tile_000145_site01.npz
tile_000145_site02,tile_000145,145,train,114,2,northwest,206.259465010,260.243826009,62.439043498,51.064866252,26.000000,67.007253015,56,123,218,241,D:\桌面\dac\bs_inversion_pilot_v1\samples\train\tile_000145_site02.npz
tile_000145_site03,tile_000145,145,train,114,3,northeast,359.983266443,426.102763371,20.974309157,89.495816611,26.000000,61.717238787,48,84,288,297,D:\桌面\dac\bs_inversion_pilot_v1\samples\train\tile_000145_site03.npz
tile_000146_site00,tile_000146,146,train,115,0,southwest,136.325758108,123.269089020,96.682727745,33.581439527,26.000000,60.120267335,122,200,264,356,D:\桌面\dac\bs_inversion_pilot_v1\samples\train\tile_000146_site00.npz
tile_000146_site01,tile_000146,146,train,115,1,southeast,431.530170870,182.437701366,81.890574659,107.382542717,26.000000,52.746882557,32,135,167,347,D:\桌面\dac\bs_inversion_pilot_v1\samples\train\tile_000146_site01.npz
tile_000146_site02,tile_000146,146,train,115,2,northwest,70.481332865,425.189776409,21.202555898,17.120333216,26.000000,52.684384719,164,167,225,296,D:\桌面\dac\bs_inversion_pilot_v1\samples\train\tile_000146_site02.npz
tile_000146_site03,tile_000146,146,train,115,3,northeast,347.557156970,424.903001186,21.274249703,86.389289242,26.000000,61.225800613,158,298,319,331,D:\桌面\dac\bs_inversion_pilot_v1\samples\train\tile_000146_site03.npz
tile_000147_site00,tile_000147,147,train,116,0,southwest,64.106186696,96.466230618,103.383442346,15.526546674,23.000000,35.851452984,8,177,195,353,D:\桌面\dac\bs_inversion_pilot_v1\samples\train\tile_000147_site00.npz
tile_000147_site01,tile_000147,147,train,116,1,southeast,398.969891864,99.802866155,102.549283461,99.242472966,23.000000,44.682489819,102,117,216,253,D:\桌面\dac\bs_inversion_pilot_v1\samples\train\tile_000147_site01.npz
tile_000147_site02,tile_000147,147,train,116,2,northwest,83.101785881,407.050727591,25.737318102,20.275446470,23.000000,69.321394467,160,182,242,352,D:\桌面\dac\bs_inversion_pilot_v1\samples\train\tile_000147_site02.npz
tile_000147_site03,tile_000147,147,train,116,3,northeast,372.899773282,372.142637756,34.464340561,92.724943320,23.000000,68.085787565,7,141,162,221,D:\桌面\dac\bs_inversion_pilot_v1\samples\train\tile_000147_site03.npz
tile_000149_site00,tile_000149,149,train,117,0,southwest,119.712991830,72.290556119,109.427360970,29.428247958,26.000000,61.361635981,51,85,227,250,D:\桌面\dac\bs_inversion_pilot_v1\samples\train\tile_000149_site00.npz
tile_000149_site01,tile_000149,149,train,117,1,southeast,268.677291921,254.633123987,63.841719003,66.669322980,26.000000,65.112470015,21,99,133,226,D:\桌面\dac\bs_inversion_pilot_v1\samples\train\tile_000149_site01.npz
tile_000149_site02,tile_000149,149,train,117,2,northwest,141.686383288,326.268653084,45.932836729,34.921595822,26.000000,69.729268643,60,77,99,171,D:\桌面\dac\bs_inversion_pilot_v1\samples\train\tile_000149_site02.npz
tile_000149_site03,tile_000149,149,train,117,3,northeast,300.029050048,365.019244672,36.245188832,74.507262512,26.000000,52.607228532,89,252,307,343,D:\桌面\dac\bs_inversion_pilot_v1\samples\train\tile_000149_site03.npz
tile_000150_site00,tile_000150,150,train,118,0,southwest,93.089931995,165.683973932,86.079006517,22.772482999,23.000000,55.558522235,14,185,220,265,D:\桌面\dac\bs_inversion_pilot_v1\samples\train\tile_000150_site00.npz
tile_000150_site01,tile_000150,150,train,118,1,southeast,392.579310823,246.245339329,65.938665168,97.644827706,23.000000,68.447692770,11,202,316,334,D:\桌面\dac\bs_inversion_pilot_v1\samples\train\tile_000150_site01.npz
tile_000150_site02,tile_000150,150,train,118,2,northwest,253.712905661,372.011342151,34.497164462,62.928226415,23.000000,46.331165821,101,105,171,341,D:\桌面\dac\bs_inversion_pilot_v1\samples\train\tile_000150_site02.npz
tile_000150_site03,tile_000150,150,train,118,3,northeast,343.885527313,435.999156160,18.500210960,85.471381828,23.000000,35.874638220,88,196,225,276,D:\桌面\dac\bs_inversion_pilot_v1\samples\train\tile_000150_site03.npz
tile_000151_site00,tile_000151,151,train,119,0,southwest,223.268128029,101.967478747,102.008130313,55.317032007,23.000000,68.068471460,140,235,251,340,D:\桌面\dac\bs_inversion_pilot_v1\samples\train\tile_000151_site00.npz
tile_000151_site01,tile_000151,151,train,119,1,southeast,341.544505261,202.839989535,76.790002616,84.886126315,23.000000,69.736219489,40,67,69,92,D:\桌面\dac\bs_inversion_pilot_v1\samples\train\tile_000151_site01.npz
tile_000151_site02,tile_000151,151,train,119,2,northwest,169.592288610,363.097649872,36.725587532,41.898072152,23.000000,40.701895417,35,82,106,313,D:\桌面\dac\bs_inversion_pilot_v1\samples\train\tile_000151_site02.npz
tile_000151_site03,tile_000151,151,train,119,3,northeast,412.615999818,313.014312966,49.246421758,102.653999955,23.000000,39.007094963,57,153,187,257,D:\桌面\dac\bs_inversion_pilot_v1\samples\train\tile_000151_site03.npz
tile_000154_site00,tile_000154,154,train,120,0,southwest,249.352579846,194.314026384,78.921493404,61.838144961,26.000000,47.807451804,126,130,329,335,D:\桌面\dac\bs_inversion_pilot_v1\samples\train\tile_000154_site00.npz
tile_000154_site01,tile_000154,154,train,120,1,southeast,427.064067906,215.957047535,73.510738116,106.266016977,26.000000,63.769799923,72,120,259,274,D:\桌面\dac\bs_inversion_pilot_v1\samples\train\tile_000154_site01.npz
tile_000154_site02,tile_000154,154,train,120,2,northwest,69.032646598,425.030898851,21.242275287,16.758161650,26.000000,62.706407018,14,222,305,349,D:\桌面\dac\bs_inversion_pilot_v1\samples\train\tile_000154_site02.npz
tile_000154_site03,tile_000154,154,train,120,3,northeast,320.291616361,424.947333657,21.263166586,79.572904090,26.000000,42.957325143,86,137,144,238,D:\桌面\dac\bs_inversion_pilot_v1\samples\train\tile_000154_site03.npz
tile_000155_site00,tile_000155,155,train,121,0,southwest,86.505048576,152.441074102,89.389731474,21.126262144,20.000000,48.640386081,40,197,211,352,D:\桌面\dac\bs_inversion_pilot_v1\samples\train\tile_000155_site00.npz
tile_000155_site01,tile_000155,155,train,121,1,southeast,387.053999380,136.234495816,93.441376046,96.263499845,20.000000,52.165356968,25,98,213,230,D:\桌面\dac\bs_inversion_pilot_v1\samples\train\tile_000155_site01.npz
tile_000155_site02,tile_000155,155,train,121,2,northwest,66.307153387,352.314285362,39.421428659,16.076788347,20.000000,64.181681359,174,202,261,356,D:\桌面\dac\bs_inversion_pilot_v1\samples\train\tile_000155_site02.npz
tile_000155_site03,tile_000155,155,train,121,3,northeast,296.407183306,278.182693277,57.954326681,73.601795826,20.000000,68.006243948,42,50,143,304,D:\桌面\dac\bs_inversion_pilot_v1\samples\train\tile_000155_site03.npz
tile_000156_site00,tile_000156,156,train,122,0,southwest,133.113174057,164.770385187,86.307403703,32.778293514,26.000000,38.585362001,81,127,184,233,D:\桌面\dac\bs_inversion_pilot_v1\samples\train\tile_000156_site00.npz
tile_000156_site01,tile_000156,156,train,122,1,southeast,411.812591550,78.377801398,107.905549650,102.453147888,26.000000,53.332099669,50,61,83,343,D:\桌面\dac\bs_inversion_pilot_v1\samples\train\tile_000156_site01.npz
tile_000156_site02,tile_000156,156,train,122,2,northwest,117.810784621,324.414010209,46.396497448,28.952696155,26.000000,54.715133836,2,18,131,301,D:\桌面\dac\bs_inversion_pilot_v1\samples\train\tile_000156_site02.npz
tile_000156_site03,tile_000156,156,train,122,3,northeast,353.034753579,382.489708494,31.877572877,87.758688395,26.000000,58.936161282,102,173,234,312,D:\桌面\dac\bs_inversion_pilot_v1\samples\train\tile_000156_site03.npz
tile_000157_site00,tile_000157,157,train,123,0,southwest,108.313300719,137.270720986,93.182319753,26.578325180,26.000000,46.252162433,49,156,259,304,D:\桌面\dac\bs_inversion_pilot_v1\samples\train\tile_000157_site00.npz
tile_000157_site01,tile_000157,157,train,123,1,southeast,403.303341563,71.130747571,109.717313107,100.325835391,26.000000,40.479123058,65,127,157,161,D:\桌面\dac\bs_inversion_pilot_v1\samples\train\tile_000157_site01.npz
tile_000157_site02,tile_000157,157,train,123,2,northwest,172.440283542,432.725582424,19.318604394,42.610070885,26.000000,60.255049181,74,86,128,286,D:\桌面\dac\bs_inversion_pilot_v1\samples\train\tile_000157_site02.npz
tile_000157_site03,tile_000157,157,train,123,3,northeast,286.565557310,348.201803413,40.449549147,71.141389328,26.000000,45.233521512,151,293,313,357,D:\桌面\dac\bs_inversion_pilot_v1\samples\train\tile_000157_site03.npz
tile_000158_site00,tile_000158,158,train,124,0,southwest,224.888734617,236.894783268,68.276304183,55.722183654,26.000000,69.519410481,58,76,86,189,D:\桌面\dac\bs_inversion_pilot_v1\samples\train\tile_000158_site00.npz
tile_000158_site01,tile_000158,158,train,124,1,southeast,263.872674735,157.598447487,88.100388128,65.468168684,26.000000,64.852568905,157,250,270,317,D:\桌面\dac\bs_inversion_pilot_v1\samples\train\tile_000158_site01.npz
tile_000158_site02,tile_000158,158,train,124,2,northwest,250.135753761,386.595773671,30.851056582,62.033938440,26.000000,51.987132162,199,240,260,328,D:\桌面\dac\bs_inversion_pilot_v1\samples\train\tile_000158_site02.npz
tile_000158_site03,tile_000158,158,train,124,3,northeast,291.662243297,296.803543126,53.299114219,72.415560824,26.000000,50.475203577,63,194,235,272,D:\桌面\dac\bs_inversion_pilot_v1\samples\train\tile_000158_site03.npz
tile_000159_site00,tile_000159,159,train,125,0,southwest,128.594799929,208.803367965,75.299158009,31.648699982,26.000000,65.978743588,18,82,210,256,D:\桌面\dac\bs_inversion_pilot_v1\samples\train\tile_000159_site00.npz
tile_000159_site01,tile_000159,159,train,125,1,southeast,426.903341845,185.780947074,81.054763231,106.225835461,26.000000,63.927231465,27,178,187,333,D:\桌面\dac\bs_inversion_pilot_v1\samples\train\tile_000159_site01.npz
tile_000159_site02,tile_000159,159,train,125,2,northwest,219.928333746,376.477553955,33.380611511,54.482083437,26.000000,58.025579798,97,112,311,346,D:\桌面\dac\bs_inversion_pilot_v1\samples\train\tile_000159_site02.npz
tile_000159_site03,tile_000159,159,train,125,3,northeast,282.031657779,268.276237584,60.430940604,70.007914445,26.000000,53.120714318,22,76,319,333,D:\桌面\dac\bs_inversion_pilot_v1\samples\train\tile_000159_site03.npz
tile_000160_site00,tile_000160,160,train,126,0,southwest,67.114138242,148.291750296,90.427062426,16.278534560,26.000000,60.380316563,21,264,299,329,D:\桌面\dac\bs_inversion_pilot_v1\samples\train\tile_000160_site00.npz
tile_000160_site01,tile_000160,160,train,126,1,southeast,343.734964147,219.681761758,72.579559560,85.433741037,26.000000,55.919619273,99,247,290,317,D:\桌面\dac\bs_inversion_pilot_v1\samples\train\tile_000160_site01.npz
tile_000160_site02,tile_000160,160,train,126,2,northwest,133.763612579,414.048687689,23.987828078,32.940903145,26.000000,45.356972440,24,134,254,261,D:\桌面\dac\bs_inversion_pilot_v1\samples\train\tile_000160_site02.npz
tile_000160_site03,tile_000160,160,train,126,3,northeast,382.333220227,420.272071182,22.431982204,95.083305057,26.000000,42.965269834,32,42,75,183,D:\桌面\dac\bs_inversion_pilot_v1\samples\train\tile_000160_site03.npz
tile_000161_site00,tile_000161,161,train,127,0,southwest,150.566534866,91.061890885,104.734527279,37.141633716,23.000000,53.584193736,6,194,269,332,D:\桌面\dac\bs_inversion_pilot_v1\samples\train\tile_000161_site00.npz
tile_000161_site01,tile_000161,161,train,127,1,southeast,276.840326430,147.801124275,90.549718931,68.710081608,23.000000,64.958622891,120,180,270,326,D:\桌面\dac\bs_inversion_pilot_v1\samples\train\tile_000161_site01.npz
tile_000161_site02,tile_000161,161,train,127,2,northwest,253.852739777,411.363497572,24.659125607,62.963184944,23.000000,58.925699873,58,90,163,354,D:\桌面\dac\bs_inversion_pilot_v1\samples\train\tile_000161_site02.npz
tile_000161_site03,tile_000161,161,train,127,3,northeast,423.539881627,422.518420467,21.870394883,105.384970407,23.000000,60.211451769,25,219,278,286,D:\桌面\dac\bs_inversion_pilot_v1\samples\train\tile_000161_site03.npz
tile_000164_site00,tile_000164,164,train,128,0,southwest,241.351856075,187.702886787,80.574278303,59.837964019,23.000000,64.053378768,50,59,209,268,D:\桌面\dac\bs_inversion_pilot_v1\samples\train\tile_000164_site00.npz
tile_000164_site01,tile_000164,164,train,128,1,southeast,340.000529765,204.833878734,76.291530316,84.500132441,23.000000,42.698569242,132,140,183,198,D:\桌面\dac\bs_inversion_pilot_v1\samples\train\tile_000164_site01.npz
tile_000164_site02,tile_000164,164,train,128,2,northwest,98.637678328,332.451417710,44.387145573,24.159419582,23.000000,50.640883610,88,155,203,345,D:\桌面\dac\bs_inversion_pilot_v1\samples\train\tile_000164_site02.npz
tile_000164_site03,tile_000164,164,train,128,3,northeast,297.317210812,374.571136186,33.857215954,73.829302703,23.000000,47.938756351,37,85,90,171,D:\桌面\dac\bs_inversion_pilot_v1\samples\train\tile_000164_site03.npz
tile_000165_site00,tile_000165,165,train,129,0,southwest,231.611853099,93.298144896,104.175463776,57.402963275,26.000000,48.642501630,130,172,182,192,D:\桌面\dac\bs_inversion_pilot_v1\samples\train\tile_000165_site00.npz
tile_000165_site01,tile_000165,165,train,129,1,southeast,350.937446566,175.699007990,83.575248002,87.234361641,26.000000,61.250936277,134,146,168,235,D:\桌面\dac\bs_inversion_pilot_v1\samples\train\tile_000165_site01.npz
tile_000165_site02,tile_000165,165,train,129,2,northwest,193.288074523,302.174104877,51.956473781,47.822018631,26.000000,35.967415026,5,77,96,311,D:\桌面\dac\bs_inversion_pilot_v1\samples\train\tile_000165_site02.npz
tile_000165_site03,tile_000165,165,train,129,3,northeast,256.677576301,340.772124800,42.306968800,63.669394075,26.000000,58.551372412,143,223,260,359,D:\桌面\dac\bs_inversion_pilot_v1\samples\train\tile_000165_site03.npz
tile_000166_site00,tile_000166,166,train,130,0,southwest,247.804283632,93.035207618,104.241198096,61.451070908,26.000000,57.722005465,47,78,277,290,D:\桌面\dac\bs_inversion_pilot_v1\samples\train\tile_000166_site00.npz
tile_000166_site01,tile_000166,166,train,130,1,southeast,371.564518691,206.959716470,75.760070883,92.391129673,26.000000,56.348001082,92,112,129,160,D:\桌面\dac\bs_inversion_pilot_v1\samples\train\tile_000166_site01.npz
tile_000166_site02,tile_000166,166,train,130,2,northwest,178.908857422,297.651160110,53.087209973,44.227214356,26.000000,65.362542722,41,62,75,112,D:\桌面\dac\bs_inversion_pilot_v1\samples\train\tile_000166_site02.npz
tile_000166_site03,tile_000166,166,train,130,3,northeast,363.259743521,412.644109245,24.338972689,90.314935880,26.000000,58.548588543,32,59,268,299,D:\桌面\dac\bs_inversion_pilot_v1\samples\train\tile_000166_site03.npz
tile_000167_site00,tile_000167,167,train,131,0,southwest,166.726728821,254.860484797,63.784878801,41.181682205,26.000000,55.635403477,13,163,191,250,D:\桌面\dac\bs_inversion_pilot_v1\samples\train\tile_000167_site00.npz
tile_000167_site01,tile_000167,167,train,131,1,southeast,445.337784648,90.171756077,104.957060981,110.834446162,26.000000,61.297922162,18,107,162,318,D:\桌面\dac\bs_inversion_pilot_v1\samples\train\tile_000167_site01.npz
tile_000167_site02,tile_000167,167,train,131,2,northwest,246.320095167,267.095472499,60.726131875,61.080023792,26.000000,43.991818297,74,192,292,326,D:\桌面\dac\bs_inversion_pilot_v1\samples\train\tile_000167_site02.npz
tile_000167_site03,tile_000167,167,train,131,3,northeast,348.732175918,433.887635771,19.028091057,86.683043980,26.000000,48.492683316,48,103,122,210,D:\桌面\dac\bs_inversion_pilot_v1\samples\train\tile_000167_site03.npz
tile_000168_site00,tile_000168,168,train,132,0,southwest,205.638957414,158.324611275,87.918847181,50.909739353,26.000000,58.754412173,65,229,273,356,D:\桌面\dac\bs_inversion_pilot_v1\samples\train\tile_000168_site00.npz
tile_000168_site01,tile_000168,168,train,132,1,southeast,275.899214547,187.153321184,80.711669704,68.474803637,26.000000,55.120867486,13,25,264,303,D:\桌面\dac\bs_inversion_pilot_v1\samples\train\tile_000168_site01.npz
tile_000168_site02,tile_000168,168,train,132,2,northwest,87.949671297,356.700753312,38.324811672,21.487417824,26.000000,68.816779227,140,211,227,290,D:\桌面\dac\bs_inversion_pilot_v1\samples\train\tile_000168_site02.npz
tile_000168_site03,tile_000168,168,train,132,3,northeast,417.835885348,288.252770848,55.436807288,103.958971337,26.000000,59.230478609,70,271,291,349,D:\桌面\dac\bs_inversion_pilot_v1\samples\train\tile_000168_site03.npz
tile_000169_site00,tile_000169,169,train,133,0,southwest,144.201698722,106.971972493,100.757006877,35.550424681,26.000000,55.864250254,78,89,191,336,D:\桌面\dac\bs_inversion_pilot_v1\samples\train\tile_000169_site00.npz
tile_000169_site01,tile_000169,169,train,133,1,southeast,378.142567883,113.719149256,99.070212686,94.035641971,26.000000,37.525238424,55,59,146,263,D:\桌面\dac\bs_inversion_pilot_v1\samples\train\tile_000169_site01.npz
tile_000169_site02,tile_000169,169,train,133,2,northwest,203.428615032,401.163839785,27.209040054,50.357153758,26.000000,50.479885372,0,10,101,313,D:\桌面\dac\bs_inversion_pilot_v1\samples\train\tile_000169_site02.npz
tile_000169_site03,tile_000169,169,train,133,3,northeast,393.785976489,267.439327949,60.640168013,97.946494122,26.000000,36.313823179,94,223,247,306,D:\桌面\dac\bs_inversion_pilot_v1\samples\train\tile_000169_site03.npz
tile_000170_site00,tile_000170,170,train,134,0,southwest,228.433750016,155.962582763,88.509354309,56.608437504,26.000000,42.503649668,19,159,273,342,D:\桌面\dac\bs_inversion_pilot_v1\samples\train\tile_000170_site00.npz
tile_000170_site01,tile_000170,170,train,134,1,southeast,351.224784602,180.101033760,82.474741560,87.306196151,26.000000,57.227022664,26,99,224,282,D:\桌面\dac\bs_inversion_pilot_v1\samples\train\tile_000170_site01.npz
tile_000170_site02,tile_000170,170,train,134,2,northwest,154.186888453,410.584403935,24.853899016,38.046722113,26.000000,60.850769189,39,70,257,349,D:\桌面\dac\bs_inversion_pilot_v1\samples\train\tile_000170_site02.npz
tile_000170_site03,tile_000170,170,train,134,3,northeast,403.241573634,350.065847896,39.983538026,100.310393409,26.000000,66.936747447,70,274,302,322,D:\桌面\dac\bs_inversion_pilot_v1\samples\train\tile_000170_site03.npz
tile_000171_site00,tile_000171,171,train,135,0,southwest,75.842234979,144.840710557,91.289822361,18.460558745,32.000000,65.849523564,21,86,128,184,D:\桌面\dac\bs_inversion_pilot_v1\samples\train\tile_000171_site00.npz
tile_000171_site01,tile_000171,171,train,135,1,southeast,284.040482114,236.923486971,68.269128257,70.510120528,32.000000,68.898899700,12,150,155,273,D:\桌面\dac\bs_inversion_pilot_v1\samples\train\tile_000171_site01.npz
tile_000171_site02,tile_000171,171,train,135,2,northwest,193.565838854,355.313278046,38.671680489,47.891459714,32.000000,38.949487540,75,132,265,301,D:\桌面\dac\bs_inversion_pilot_v1\samples\train\tile_000171_site02.npz
tile_000171_site03,tile_000171,171,train,135,3,northeast,430.412373436,367.499081478,35.625229630,107.103093359,32.000000,53.284068614,25,38,129,340,D:\桌面\dac\bs_inversion_pilot_v1\samples\train\tile_000171_site03.npz
tile_000172_site00,tile_000172,172,train,136,0,southwest,234.448444260,188.272798824,80.431800294,58.112111065,26.000000,44.319707970,149,179,189,202,D:\桌面\dac\bs_inversion_pilot_v1\samples\train\tile_000172_site00.npz
tile_000172_site01,tile_000172,172,train,136,1,southeast,440.270796708,242.661264342,66.834683915,109.567699177,26.000000,44.581985483,126,159,229,276,D:\桌面\dac\bs_inversion_pilot_v1\samples\train\tile_000172_site01.npz
tile_000172_site02,tile_000172,172,train,136,2,northwest,158.305960034,302.236668329,51.940832918,39.076490009,26.000000,57.170275707,6,242,265,332,D:\桌面\dac\bs_inversion_pilot_v1\samples\train\tile_000172_site02.npz
tile_000172_site03,tile_000172,172,train,136,3,northeast,362.492482362,371.305209736,34.673697566,90.123120591,26.000000,53.419679496,22,91,257,343,D:\桌面\dac\bs_inversion_pilot_v1\samples\train\tile_000172_site03.npz
tile_000173_site00,tile_000173,173,train,137,0,southwest,229.778846798,69.339555215,110.165111196,56.944711699,26.000000,60.935246108,45,69,163,237,D:\桌面\dac\bs_inversion_pilot_v1\samples\train\tile_000173_site00.npz
tile_000173_site01,tile_000173,173,train,137,1,southeast,402.646617533,162.177913407,86.955521648,100.161654383,26.000000,62.497702197,18,24,167,204,D:\桌面\dac\bs_inversion_pilot_v1\samples\train\tile_000173_site01.npz
tile_000173_site02,tile_000173,173,train,137,2,northwest,117.944514434,271.604529318,59.598867670,28.986128609,26.000000,42.180969556,197,206,266,332,D:\桌面\dac\bs_inversion_pilot_v1\samples\train\tile_000173_site02.npz
tile_000173_site03,tile_000173,173,train,137,3,northeast,376.818796194,315.906164601,48.523458850,93.704699048,26.000000,60.859638124,18,187,256,271,D:\桌面\dac\bs_inversion_pilot_v1\samples\train\tile_000173_site03.npz
tile_000174_site00,tile_000174,174,train,138,0,southwest,223.868881797,152.086815380,89.478296155,55.467220449,26.000000,39.832336568,5,68,71,135,D:\桌面\dac\bs_inversion_pilot_v1\samples\train\tile_000174_site00.npz
tile_000174_site01,tile_000174,174,train,138,1,southeast,386.070609157,135.126057577,93.718485606,96.017652289,26.000000,63.909752083,33,90,102,327,D:\桌面\dac\bs_inversion_pilot_v1\samples\train\tile_000174_site01.npz
tile_000174_site02,tile_000174,174,train,138,2,northwest,113.219153945,446.989024348,15.752743913,27.804788486,26.000000,42.318446824,28,37,83,209,D:\桌面\dac\bs_inversion_pilot_v1\samples\train\tile_000174_site02.npz
tile_000174_site03,tile_000174,174,train,138,3,northeast,304.537092211,305.993272899,51.001681775,75.634273053,26.000000,65.918825340,112,157,174,284,D:\桌面\dac\bs_inversion_pilot_v1\samples\train\tile_000174_site03.npz
tile_000175_site00,tile_000175,175,train,139,0,southwest,125.188127087,193.269860948,79.182534763,30.797031772,26.000000,44.821409103,104,151,269,340,D:\桌面\dac\bs_inversion_pilot_v1\samples\train\tile_000175_site00.npz
tile_000175_site01,tile_000175,175,train,139,1,southeast,424.327195392,176.630751810,83.342312047,105.581798848,26.000000,49.838318474,118,138,198,271,D:\桌面\dac\bs_inversion_pilot_v1\samples\train\tile_000175_site01.npz
tile_000175_site02,tile_000175,175,train,139,2,northwest,77.779024100,447.264055092,15.683986227,18.944756025,26.000000,64.926500122,119,128,202,233,D:\桌面\dac\bs_inversion_pilot_v1\samples\train\tile_000175_site02.npz
tile_000175_site03,tile_000175,175,train,139,3,northeast,363.025078076,433.331000552,19.167249862,90.256269519,26.000000,43.219335272,28,132,311,349,D:\桌面\dac\bs_inversion_pilot_v1\samples\train\tile_000175_site03.npz
tile_000176_site00,tile_000176,176,train,140,0,southwest,128.019840773,186.412640600,80.896839850,31.504960193,131.000000,65.576438122,50,154,180,184,D:\桌面\dac\bs_inversion_pilot_v1\samples\train\tile_000176_site00.npz
tile_000176_site01,tile_000176,176,train,140,1,southeast,305.931784506,254.216130853,63.945967287,75.982946126,131.000000,56.262880465,117,196,209,303,D:\桌面\dac\bs_inversion_pilot_v1\samples\train\tile_000176_site01.npz
tile_000176_site02,tile_000176,176,train,140,2,northwest,150.977736064,367.955575602,35.511106100,37.244434016,131.000000,68.617178394,25,51,114,272,D:\桌面\dac\bs_inversion_pilot_v1\samples\train\tile_000176_site02.npz
tile_000176_site03,tile_000176,176,train,140,3,northeast,364.845416077,311.482791287,49.629302178,90.711354019,131.000000,57.228407824,78,105,141,224,D:\桌面\dac\bs_inversion_pilot_v1\samples\train\tile_000176_site03.npz
tile_000178_site00,tile_000178,178,train,141,0,southwest,91.733219402,164.319337102,86.420165725,22.433304850,41.000000,67.617013917,43,94,165,336,D:\桌面\dac\bs_inversion_pilot_v1\samples\train\tile_000178_site00.npz
tile_000178_site01,tile_000178,178,train,141,1,southeast,273.577821966,156.240371378,88.439907156,67.894455491,41.000000,42.747907327,163,201,222,251,D:\桌面\dac\bs_inversion_pilot_v1\samples\train\tile_000178_site01.npz
tile_000178_site02,tile_000178,178,train,141,2,northwest,188.299615420,340.117795597,42.470551101,46.574903855,41.000000,63.234885637,227,246,254,279,D:\桌面\dac\bs_inversion_pilot_v1\samples\train\tile_000178_site02.npz
tile_000178_site03,tile_000178,178,train,141,3,northeast,377.015570125,271.674770107,59.581307473,93.753892531,41.000000,51.120048911,22,71,135,264,D:\桌面\dac\bs_inversion_pilot_v1\samples\train\tile_000178_site03.npz
tile_000179_site00,tile_000179,179,train,142,0,southwest,194.456490312,189.408950187,80.147762453,48.114122578,23.000000,38.936315791,13,144,320,333,D:\桌面\dac\bs_inversion_pilot_v1\samples\train\tile_000179_site00.npz
tile_000179_site01,tile_000179,179,train,142,1,southeast,260.898636454,108.828472537,100.292881866,64.724659114,23.000000,45.078613715,59,192,206,353,D:\桌面\dac\bs_inversion_pilot_v1\samples\train\tile_000179_site01.npz
tile_000179_site02,tile_000179,179,train,142,2,northwest,71.273988963,419.780552908,22.554861773,17.318497241,23.000000,61.155514272,15,18,37,258,D:\桌面\dac\bs_inversion_pilot_v1\samples\train\tile_000179_site02.npz
tile_000179_site03,tile_000179,179,train,142,3,northeast,361.037308070,379.375476766,32.656130809,89.759327017,23.000000,53.522274602,53,63,125,248,D:\桌面\dac\bs_inversion_pilot_v1\samples\train\tile_000179_site03.npz
tile_000180_site00,tile_000180,180,train,143,0,southwest,148.072660327,232.883577826,69.279105543,36.518165082,26.000000,39.783334552,83,107,234,240,D:\桌面\dac\bs_inversion_pilot_v1\samples\train\tile_000180_site00.npz
tile_000180_site01,tile_000180,180,train,143,1,southeast,428.276166475,223.320742424,71.669814394,106.569041619,26.000000,57.903447104,124,142,184,213,D:\桌面\dac\bs_inversion_pilot_v1\samples\train\tile_000180_site01.npz
tile_000180_site02,tile_000180,180,train,143,2,northwest,141.439767141,365.235547023,36.191113244,34.859941785,26.000000,64.845704566,49,184,188,308,D:\桌面\dac\bs_inversion_pilot_v1\samples\train\tile_000180_site02.npz
tile_000180_site03,tile_000180,180,train,143,3,northeast,384.807577243,295.793136328,53.551715918,95.701894311,26.000000,69.108125072,42,131,178,308,D:\桌面\dac\bs_inversion_pilot_v1\samples\train\tile_000180_site03.npz
tile_000183_site00,tile_000183,183,train,144,0,southwest,137.109114670,146.250439185,90.937390204,33.777278668,26.000000,46.370865017,75,159,171,286,D:\桌面\dac\bs_inversion_pilot_v1\samples\train\tile_000183_site00.npz
tile_000183_site01,tile_000183,183,train,144,1,southeast,387.670350795,197.376185367,78.155953658,96.417587699,26.000000,40.281459257,143,146,157,277,D:\桌面\dac\bs_inversion_pilot_v1\samples\train\tile_000183_site01.npz
tile_000183_site02,tile_000183,183,train,144,2,northwest,154.356997885,364.651009603,36.337247599,38.089249471,26.000000,38.993342172,2,67,84,142,D:\桌面\dac\bs_inversion_pilot_v1\samples\train\tile_000183_site02.npz
tile_000183_site03,tile_000183,183,train,144,3,northeast,313.643090338,258.540972296,62.864756926,77.910772585,26.000000,39.586625815,154,199,248,345,D:\桌面\dac\bs_inversion_pilot_v1\samples\train\tile_000183_site03.npz
tile_000184_site00,tile_000184,184,train,145,0,southwest,239.214967773,116.199006057,98.450248486,59.303741943,29.000000,53.448985104,52,62,100,205,D:\桌面\dac\bs_inversion_pilot_v1\samples\train\tile_000184_site00.npz
tile_000184_site01,tile_000184,184,train,145,1,southeast,265.955930856,175.942186083,83.514453479,65.988982714,29.000000,61.050768449,13,48,78,232,D:\桌面\dac\bs_inversion_pilot_v1\samples\train\tile_000184_site01.npz
tile_000184_site02,tile_000184,184,train,145,2,northwest,181.841051072,263.382198758,61.654450311,44.960262768,29.000000,40.981329745,13,112,174,235,D:\桌面\dac\bs_inversion_pilot_v1\samples\train\tile_000184_site02.npz
tile_000184_site03,tile_000184,184,train,145,3,northeast,263.659344546,352.714510292,39.321372427,65.414836136,29.000000,48.355547971,54,98,133,347,D:\桌面\dac\bs_inversion_pilot_v1\samples\train\tile_000184_site03.npz
tile_000185_site00,tile_000185,185,train,146,0,southwest,81.965342843,130.450159330,94.887460167,19.991335711,26.000000,47.850626967,20,138,248,324,D:\桌面\dac\bs_inversion_pilot_v1\samples\train\tile_000185_site00.npz
tile_000185_site01,tile_000185,185,train,146,1,southeast,392.975717587,227.905672128,70.523581968,97.743929397,26.000000,62.285891937,87,188,272,274,D:\桌面\dac\bs_inversion_pilot_v1\samples\train\tile_000185_site01.npz
tile_000185_site02,tile_000185,185,train,146,2,northwest,199.087516002,403.370023808,26.657494048,49.271879001,26.000000,57.605495726,118,194,277,322,D:\桌面\dac\bs_inversion_pilot_v1\samples\train\tile_000185_site02.npz
tile_000185_site03,tile_000185,185,train,146,3,northeast,321.241547186,421.608590609,22.097852348,79.810386797,26.000000,36.290733404,179,235,251,303,D:\桌面\dac\bs_inversion_pilot_v1\samples\train\tile_000185_site03.npz
tile_000186_site00,tile_000186,186,train,147,0,southwest,139.094516614,75.860434590,108.534891352,34.273629154,95.000000,68.846659653,15,73,113,350,D:\桌面\dac\bs_inversion_pilot_v1\samples\train\tile_000186_site00.npz
tile_000186_site01,tile_000186,186,train,147,1,southeast,378.404878474,122.195592671,96.951101832,94.101219618,95.000000,60.901712146,42,53,264,336,D:\桌面\dac\bs_inversion_pilot_v1\samples\train\tile_000186_site01.npz
tile_000186_site02,tile_000186,186,train,147,2,northwest,108.479343568,399.593375995,27.601656001,26.619835892,95.000000,54.060678569,57,70,207,243,D:\桌面\dac\bs_inversion_pilot_v1\samples\train\tile_000186_site02.npz
tile_000186_site03,tile_000186,186,train,147,3,northeast,333.016376970,356.852977629,38.286755593,82.754094243,95.000000,57.847032196,17,73,74,312,D:\桌面\dac\bs_inversion_pilot_v1\samples\train\tile_000186_site03.npz
tile_000187_site00,tile_000187,187,train,148,0,southwest,160.993318301,152.456992011,89.385751997,39.748329575,95.000000,62.029336138,14,58,196,244,D:\桌面\dac\bs_inversion_pilot_v1\samples\train\tile_000187_site00.npz
tile_000187_site01,tile_000187,187,train,148,1,southeast,327.328559337,124.683260793,96.329184802,81.332139834,95.000000,55.275960127,149,230,242,251,D:\桌面\dac\bs_inversion_pilot_v1\samples\train\tile_000187_site01.npz
tile_000187_site02,tile_000187,187,train,148,2,northwest,96.506954915,279.226277089,57.693430728,23.626738729,95.000000,51.020713715,73,161,180,305,D:\桌面\dac\bs_inversion_pilot_v1\samples\train\tile_000187_site02.npz
tile_000187_site03,tile_000187,187,train,148,3,northeast,426.702919784,435.406253422,18.648436644,106.175729946,95.000000,48.637271269,37,171,286,291,D:\桌面\dac\bs_inversion_pilot_v1\samples\train\tile_000187_site03.npz
tile_000190_site00,tile_000190,190,train,149,0,southwest,231.140658215,197.691339492,78.077165127,57.285164554,26.000000,47.181413079,34,252,308,324,D:\桌面\dac\bs_inversion_pilot_v1\samples\train\tile_000190_site00.npz
tile_000190_site01,tile_000190,190,train,149,1,southeast,381.107475785,113.732478070,99.066880482,94.776868946,26.000000,41.777165490,31,276,280,358,D:\桌面\dac\bs_inversion_pilot_v1\samples\train\tile_000190_site01.npz
tile_000190_site02,tile_000190,190,train,149,2,northwest,72.459624986,395.984083759,28.503979060,17.614906247,26.000000,64.209990933,98,117,121,355,D:\桌面\dac\bs_inversion_pilot_v1\samples\train\tile_000190_site02.npz
tile_000190_site03,tile_000190,190,train,149,3,northeast,366.789427991,395.195071378,28.701232156,91.197356998,26.000000,53.950677108,24,97,268,348,D:\桌面\dac\bs_inversion_pilot_v1\samples\train\tile_000190_site03.npz
tile_000191_site00,tile_000191,191,train,150,0,southwest,97.396132521,219.752909077,72.561772731,23.849033130,26.000000,68.709692868,5,59,297,353,D:\桌面\dac\bs_inversion_pilot_v1\samples\train\tile_000191_site00.npz
tile_000191_site01,tile_000191,191,train,150,1,southeast,318.843274768,81.704016275,107.073995931,79.210818692,26.000000,49.793165206,70,148,229,292,D:\桌面\dac\bs_inversion_pilot_v1\samples\train\tile_000191_site01.npz
tile_000191_site02,tile_000191,191,train,150,2,northwest,174.678786633,323.358401254,46.660399687,43.169696658,26.000000,46.028369093,62,86,248,265,D:\桌面\dac\bs_inversion_pilot_v1\samples\train\tile_000191_site02.npz
tile_000191_site03,tile_000191,191,train,150,3,northeast,423.234727452,259.903302796,62.524174301,105.308681863,26.000000,68.238745083,73,119,196,297,D:\桌面\dac\bs_inversion_pilot_v1\samples\train\tile_000191_site03.npz
tile_000193_site00,tile_000193,193,train,151,0,southwest,100.453644090,250.611658416,64.847085396,24.613411022,26.000000,44.977644223,87,154,179,278,D:\桌面\dac\bs_inversion_pilot_v1\samples\train\tile_000193_site00.npz
tile_000193_site01,tile_000193,193,train,151,1,southeast,344.667932187,160.818608172,87.295347957,85.666983047,26.000000,69.785174523,80,123,148,228,D:\桌面\dac\bs_inversion_pilot_v1\samples\train\tile_000193_site01.npz
tile_000193_site02,tile_000193,193,train,151,2,northwest,233.385509520,373.312350377,34.171912406,57.846377380,26.000000,37.685288213,48,215,325,338,D:\桌面\dac\bs_inversion_pilot_v1\samples\train\tile_000193_site02.npz
tile_000193_site03,tile_000193,193,train,151,3,northeast,314.239693865,383.546373609,31.613406598,78.059923466,26.000000,43.383570322,78,99,309,345,D:\桌面\dac\bs_inversion_pilot_v1\samples\train\tile_000193_site03.npz
tile_000194_site00,tile_000194,194,train,152,0,southwest,175.316602918,199.689500896,77.577624776,43.329150729,26.000000,48.354682416,45,201,253,306,D:\桌面\dac\bs_inversion_pilot_v1\samples\train\tile_000194_site00.npz
tile_000194_site01,tile_000194,194,train,152,1,southeast,261.856129172,241.117026466,67.220743383,64.964032293,26.000000,45.018241654,8,43,131,277,D:\桌面\dac\bs_inversion_pilot_v1\samples\train\tile_000194_site01.npz
tile_000194_site02,tile_000194,194,train,152,2,northwest,64.481269646,320.073815542,47.481546114,15.620317412,26.000000,68.071712320,6,38,92,248,D:\桌面\dac\bs_inversion_pilot_v1\samples\train\tile_000194_site02.npz
tile_000194_site03,tile_000194,194,train,152,3,northeast,304.368620102,291.553328492,54.611667877,75.592155025,26.000000,49.815528004,116,125,139,244,D:\桌面\dac\bs_inversion_pilot_v1\samples\train\tile_000194_site03.npz
tile_000195_site00,tile_000195,195,train,153,0,southwest,220.749620083,74.402884822,108.899278794,54.687405021,26.000000,57.583786782,107,141,171,348,D:\桌面\dac\bs_inversion_pilot_v1\samples\train\tile_000195_site00.npz
tile_000195_site01,tile_000195,195,train,153,1,southeast,335.299421935,209.846219275,75.038445181,83.324855484,26.000000,63.978576399,74,243,255,264,D:\桌面\dac\bs_inversion_pilot_v1\samples\train\tile_000195_site01.npz
tile_000195_site02,tile_000195,195,train,153,2,northwest,139.883453325,369.297512890,35.175621778,34.470863331,26.000000,61.910811174,95,136,148,254,D:\桌面\dac\bs_inversion_pilot_v1\samples\train\tile_000195_site02.npz
tile_000195_site03,tile_000195,195,train,153,3,northeast,313.324686776,313.245416922,49.188645770,77.831171694,26.000000,64.040865304,106,215,226,285,D:\桌面\dac\bs_inversion_pilot_v1\samples\train\tile_000195_site03.npz
tile_000197_site00,tile_000197,197,train,154,0,southwest,164.247991444,171.431443795,84.642139051,40.561997861,26.000000,47.844410944,16,64,89,131,D:\桌面\dac\bs_inversion_pilot_v1\samples\train\tile_000197_site00.npz
tile_000197_site01,tile_000197,197,train,154,1,southeast,300.492879357,149.383754552,90.154061362,74.623219839,26.000000,55.534877203,148,156,265,310,D:\桌面\dac\bs_inversion_pilot_v1\samples\train\tile_000197_site01.npz
tile_000197_site02,tile_000197,197,train,154,2,northwest,169.634068057,276.482227076,58.379443231,41.908517014,26.000000,51.435606524,64,188,220,250,D:\桌面\dac\bs_inversion_pilot_v1\samples\train\tile_000197_site02.npz
tile_000197_site03,tile_000197,197,train,154,3,northeast,266.163611254,292.910585712,54.272353572,66.040902813,26.000000,67.908318185,42,188,272,275,D:\桌面\dac\bs_inversion_pilot_v1\samples\train\tile_000197_site03.npz
tile_000198_site00,tile_000198,198,train,155,0,southwest,114.374057611,172.888636573,84.277840857,28.093514403,32.000000,48.229097935,37,244,252,279,D:\桌面\dac\bs_inversion_pilot_v1\samples\train\tile_000198_site00.npz
tile_000198_site01,tile_000198,198,train,155,1,southeast,282.793468117,235.102705173,68.724323707,70.198367029,32.000000,64.351623588,19,71,223,297,D:\桌面\dac\bs_inversion_pilot_v1\samples\train\tile_000198_site01.npz
tile_000198_site02,tile_000198,198,train,155,2,northwest,90.465269173,260.808382095,62.297904476,22.116317293,32.000000,60.285641260,2,73,333,337,D:\桌面\dac\bs_inversion_pilot_v1\samples\train\tile_000198_site02.npz
tile_000198_site03,tile_000198,198,train,155,3,northeast,258.503701951,422.824141640,21.793964590,64.125925488,32.000000,60.258749851,235,256,263,348,D:\桌面\dac\bs_inversion_pilot_v1\samples\train\tile_000198_site03.npz
tile_000199_site00,tile_000199,199,train,156,0,southwest,236.068802982,154.224168768,88.943957808,58.517200745,26.000000,38.461739492,189,226,265,353,D:\桌面\dac\bs_inversion_pilot_v1\samples\train\tile_000199_site00.npz
tile_000199_site01,tile_000199,199,train,156,1,southeast,317.233702657,168.447841557,85.388039611,78.808425664,26.000000,62.762510390,5,84,224,302,D:\桌面\dac\bs_inversion_pilot_v1\samples\train\tile_000199_site01.npz
tile_000199_site02,tile_000199,199,train,156,2,northwest,164.142741213,305.290589234,51.177352691,40.535685303,26.000000,64.850218290,144,165,215,246,D:\桌面\dac\bs_inversion_pilot_v1\samples\train\tile_000199_site02.npz
tile_000199_site03,tile_000199,199,train,156,3,northeast,338.923944888,379.320363029,32.669909243,84.230986222,26.000000,55.090207068,17,23,244,347,D:\桌面\dac\bs_inversion_pilot_v1\samples\train\tile_000199_site03.npz
tile_000200_site00,tile_000200,200,train,157,0,southwest,94.309014106,243.234141066,66.691464733,23.077253526,131.000000,46.169625197,68,237,294,318,D:\桌面\dac\bs_inversion_pilot_v1\samples\train\tile_000200_site00.npz
tile_000200_site01,tile_000200,200,train,157,1,southeast,393.825802499,88.945558736,105.263610316,97.956450625,131.000000,37.764793656,0,134,157,201,D:\桌面\dac\bs_inversion_pilot_v1\samples\train\tile_000200_site01.npz
tile_000200_site02,tile_000200,200,train,157,2,northwest,206.382833631,293.169168752,54.207707812,51.095708408,131.000000,41.327943409,45,94,146,204,D:\桌面\dac\bs_inversion_pilot_v1\samples\train\tile_000200_site02.npz
tile_000200_site03,tile_000200,200,train,157,3,northeast,411.814948871,259.931223950,62.517194012,102.453737218,131.000000,61.421799638,130,253,314,323,D:\桌面\dac\bs_inversion_pilot_v1\samples\train\tile_000200_site03.npz
tile_000201_site00,tile_000201,201,train,158,0,southwest,158.444937717,156.006514590,88.498371352,39.111234429,23.000000,42.485681994,0,32,141,151,D:\桌面\dac\bs_inversion_pilot_v1\samples\train\tile_000201_site00.npz
tile_000201_site01,tile_000201,201,train,158,1,southeast,257.089477292,205.709012055,76.072746986,63.772369323,23.000000,55.274889696,135,148,152,276,D:\桌面\dac\bs_inversion_pilot_v1\samples\train\tile_000201_site01.npz
tile_000201_site02,tile_000201,201,train,158,2,northwest,64.839871889,283.017784964,56.745553759,15.709967972,23.000000,42.528296908,96,303,310,337,D:\桌面\dac\bs_inversion_pilot_v1\samples\train\tile_000201_site02.npz
tile_000201_site03,tile_000201,201,train,158,3,northeast,359.325729645,409.081120604,25.229719849,89.331432411,23.000000,66.974602432,122,132,174,299,D:\桌面\dac\bs_inversion_pilot_v1\samples\train\tile_000201_site03.npz
tile_000202_site00,tile_000202,202,train,159,0,southwest,176.965828413,105.417029800,101.145742550,43.741457103,26.000000,52.945535373,2,63,204,329,D:\桌面\dac\bs_inversion_pilot_v1\samples\train\tile_000202_site00.npz
tile_000202_site01,tile_000202,202,train,159,1,southeast,415.980838510,80.679420874,107.330144781,103.495209627,26.000000,66.588633175,53,92,154,267,D:\桌面\dac\bs_inversion_pilot_v1\samples\train\tile_000202_site01.npz
tile_000202_site02,tile_000202,202,train,159,2,northwest,112.807150960,337.960325693,43.009918577,27.701787740,26.000000,36.283234470,98,262,268,275,D:\桌面\dac\bs_inversion_pilot_v1\samples\train\tile_000202_site02.npz
tile_000202_site03,tile_000202,202,train,159,3,northeast,306.658719671,444.929375012,16.267656247,76.164679918,26.000000,65.468186489,53,157,243,294,D:\桌面\dac\bs_inversion_pilot_v1\samples\train\tile_000202_site03.npz
tile_000205_site00,tile_000205,205,train,160,0,southwest,200.284580396,67.593338995,110.601665251,49.571145099,23.000000,54.993750826,14,141,312,353,D:\桌面\dac\bs_inversion_pilot_v1\samples\train\tile_000205_site00.npz
tile_000205_site01,tile_000205,205,train,160,1,southeast,425.478759598,76.474805341,108.381298665,105.869689899,23.000000,58.315811699,22,156,178,239,D:\桌面\dac\bs_inversion_pilot_v1\samples\train\tile_000205_site01.npz
tile_000205_site02,tile_000205,205,train,160,2,northwest,104.723869489,410.937221228,24.765694693,25.680967372,23.000000,51.784355017,87,150,160,278,D:\桌面\dac\bs_inversion_pilot_v1\samples\train\tile_000205_site02.npz
tile_000205_site03,tile_000205,205,train,160,3,northeast,419.472173275,367.755154325,35.561211419,104.368043319,23.000000,41.644023389,123,160,181,303,D:\桌面\dac\bs_inversion_pilot_v1\samples\train\tile_000205_site03.npz
tile_000206_site00,tile_000206,206,train,161,0,southwest,248.042835498,122.429244563,96.892688859,61.510708874,26.000000,38.624655061,43,144,167,264,D:\桌面\dac\bs_inversion_pilot_v1\samples\train\tile_000206_site00.npz
tile_000206_site01,tile_000206,206,train,161,1,southeast,328.525564748,71.240374631,109.689906342,81.631391187,26.000000,41.551204655,144,210,217,320,D:\桌面\dac\bs_inversion_pilot_v1\samples\train\tile_000206_site01.npz
tile_000206_site02,tile_000206,206,train,161,2,northwest,167.977218954,445.746288864,16.063427784,41.494304738,26.000000,35.709605720,40,73,224,310,D:\桌面\dac\bs_inversion_pilot_v1\samples\train\tile_000206_site02.npz
tile_000206_site03,tile_000206,206,train,161,3,northeast,435.551546006,375.853666841,33.536583290,108.387886501,26.000000,66.630846616,76,249,258,354,D:\桌面\dac\bs_inversion_pilot_v1\samples\train\tile_000206_site03.npz
tile_000207_site00,tile_000207,207,train,162,0,southwest,141.740646126,120.496475889,97.375881028,34.935161532,23.000000,41.590290128,4,83,284,323,D:\桌面\dac\bs_inversion_pilot_v1\samples\train\tile_000207_site00.npz
tile_000207_site01,tile_000207,207,train,162,1,southeast,296.062987255,195.647703518,78.588074121,73.515746814,23.000000,42.742870537,15,120,150,186,D:\桌面\dac\bs_inversion_pilot_v1\samples\train\tile_000207_site01.npz
tile_000207_site02,tile_000207,207,train,162,2,northwest,83.768161970,409.911159536,25.022210116,20.442040492,23.000000,68.189569617,42,67,91,188,D:\桌面\dac\bs_inversion_pilot_v1\samples\train\tile_000207_site02.npz
tile_000207_site03,tile_000207,207,train,162,3,northeast,338.082140543,382.659648946,31.835087764,84.020535136,23.000000,62.277192876,95,187,278,317,D:\桌面\dac\bs_inversion_pilot_v1\samples\train\tile_000207_site03.npz
tile_000208_site00,tile_000208,208,train,163,0,southwest,209.811284643,133.011448032,94.247137992,51.952821161,26.000000,36.641658524,8,156,191,279,D:\桌面\dac\bs_inversion_pilot_v1\samples\train\tile_000208_site00.npz
tile_000208_site01,tile_000208,208,train,163,1,southeast,372.348003080,206.270963001,75.932259250,92.587000770,26.000000,38.417265234,168,185,200,348,D:\桌面\dac\bs_inversion_pilot_v1\samples\train\tile_000208_site01.npz
tile_000208_site02,tile_000208,208,train,163,2,northwest,133.530391360,293.934601680,54.016349580,32.882597840,26.000000,53.822815786,98,138,139,203,D:\桌面\dac\bs_inversion_pilot_v1\samples\train\tile_000208_site02.npz
tile_000208_site03,tile_000208,208,train,163,3,northeast,392.078151824,278.268174780,57.932956305,97.519537956,26.000000,66.790777588,22,94,98,241,D:\桌面\dac\bs_inversion_pilot_v1\samples\train\tile_000208_site03.npz
tile_000211_site00,tile_000211,211,train,164,0,southwest,109.122017507,239.749556107,67.562610973,26.780504377,26.000000,50.111918704,4,43,283,340,D:\桌面\dac\bs_inversion_pilot_v1\samples\train\tile_000211_site00.npz
tile_000211_site01,tile_000211,211,train,164,1,southeast,446.515121559,175.338215071,83.665446232,111.128780390,26.000000,59.638526945,95,100,256,325,D:\桌面\dac\bs_inversion_pilot_v1\samples\train\tile_000211_site01.npz
tile_000211_site02,tile_000211,211,train,164,2,northwest,165.914626301,304.158245463,51.460438634,40.978656575,26.000000,69.739103310,103,136,197,235,D:\桌面\dac\bs_inversion_pilot_v1\samples\train\tile_000211_site02.npz
tile_000211_site03,tile_000211,211,train,164,3,northeast,440.758455738,399.286419768,27.678395058,109.689613935,26.000000,54.060695538,62,123,217,247,D:\桌面\dac\bs_inversion_pilot_v1\samples\train\tile_000211_site03.npz
tile_000212_site00,tile_000212,212,train,165,0,southwest,122.580263598,187.588379405,80.602905149,30.145065900,26.000000,42.419699107,104,129,285,301,D:\桌面\dac\bs_inversion_pilot_v1\samples\train\tile_000212_site00.npz
tile_000212_site01,tile_000212,212,train,165,1,southeast,374.318928450,183.140255652,81.714936087,93.079732112,26.000000,69.911751396,102,139,146,275,D:\桌面\dac\bs_inversion_pilot_v1\samples\train\tile_000212_site01.npz
tile_000212_site02,tile_000212,212,train,165,2,northwest,237.460914161,385.616125546,31.095968613,58.865228540,26.000000,37.151493894,123,275,295,346,D:\桌面\dac\bs_inversion_pilot_v1\samples\train\tile_000212_site02.npz
tile_000212_site03,tile_000212,212,train,165,3,northeast,436.200271116,427.220302112,20.694924472,108.550067779,26.000000,56.260245749,108,163,219,231,D:\桌面\dac\bs_inversion_pilot_v1\samples\train\tile_000212_site03.npz
tile_000213_site00,tile_000213,213,train,166,0,southwest,204.574166558,110.691539183,99.827115204,50.643541639,26.000000,38.319677484,50,64,187,230,D:\桌面\dac\bs_inversion_pilot_v1\samples\train\tile_000213_site00.npz
tile_000213_site01,tile_000213,213,train,166,1,southeast,266.377509208,210.049697548,74.987575613,66.094377302,26.000000,65.404529483,120,149,227,245,D:\桌面\dac\bs_inversion_pilot_v1\samples\train\tile_000213_site01.npz
tile_000213_site02,tile_000213,213,train,166,2,northwest,231.526521052,443.578332174,16.605416957,57.381630263,26.000000,39.065950562,8,131,237,303,D:\桌面\dac\bs_inversion_pilot_v1\samples\train\tile_000213_site02.npz
tile_000213_site03,tile_000213,213,train,166,3,northeast,408.204427761,270.078534532,59.980366367,101.551106940,26.000000,61.763149650,139,141,188,268,D:\桌面\dac\bs_inversion_pilot_v1\samples\train\tile_000213_site03.npz
tile_000216_site00,tile_000216,216,train,167,0,southwest,105.155165973,234.005728410,68.998567897,25.788791493,26.000000,65.865446999,33,95,212,295,D:\桌面\dac\bs_inversion_pilot_v1\samples\train\tile_000216_site00.npz
tile_000216_site01,tile_000216,216,train,167,1,southeast,337.576415851,151.454773457,89.636306636,83.894103963,26.000000,39.491132313,46,98,188,359,D:\桌面\dac\bs_inversion_pilot_v1\samples\train\tile_000216_site01.npz
tile_000216_site02,tile_000216,216,train,167,2,northwest,188.452977525,281.315432655,57.171141836,46.613244381,26.000000,46.129129318,38,49,275,300,D:\桌面\dac\bs_inversion_pilot_v1\samples\train\tile_000216_site02.npz
tile_000216_site03,tile_000216,216,train,167,3,northeast,393.758698988,358.837328353,37.790667912,97.939674747,26.000000,46.913821302,23,60,153,298,D:\桌面\dac\bs_inversion_pilot_v1\samples\train\tile_000216_site03.npz
tile_000217_site00,tile_000217,217,train,168,0,southwest,253.416672304,97.764802624,103.058799344,62.854168076,26.000000,52.398926022,74,103,265,346,D:\桌面\dac\bs_inversion_pilot_v1\samples\train\tile_000217_site00.npz
tile_000217_site01,tile_000217,217,train,168,1,southeast,447.947287278,168.241622136,85.439594466,111.486821819,26.000000,56.520902490,122,195,196,225,D:\桌面\dac\bs_inversion_pilot_v1\samples\train\tile_000217_site01.npz
tile_000217_site02,tile_000217,217,train,168,2,northwest,120.373495202,407.267709463,25.683072634,29.593373801,26.000000,59.881259615,84,258,328,334,D:\桌面\dac\bs_inversion_pilot_v1\samples\train\tile_000217_site02.npz
tile_000217_site03,tile_000217,217,train,168,3,northeast,445.818572864,303.461198158,51.634700461,110.954643216,26.000000,35.943508237,4,138,203,322,D:\桌面\dac\bs_inversion_pilot_v1\samples\train\tile_000217_site03.npz
tile_000218_site00,tile_000218,218,train,169,0,southwest,109.415701777,230.909564761,69.772608810,26.853925444,26.000000,55.292666010,32,167,261,349,D:\桌面\dac\bs_inversion_pilot_v1\samples\train\tile_000218_site00.npz
tile_000218_site01,tile_000218,218,train,169,1,southeast,437.437660401,182.582213728,81.854446568,108.859415100,26.000000,39.268832570,125,187,203,257,D:\桌面\dac\bs_inversion_pilot_v1\samples\train\tile_000218_site01.npz
tile_000218_site02,tile_000218,218,train,169,2,northwest,193.729075060,370.471601337,34.882099666,47.932268765,26.000000,60.725914728,54,115,249,325,D:\桌面\dac\bs_inversion_pilot_v1\samples\train\tile_000218_site02.npz
tile_000218_site03,tile_000218,218,train,169,3,northeast,425.335454874,260.613147705,62.346713074,105.833863719,26.000000,52.512757504,6,9,58,156,D:\桌面\dac\bs_inversion_pilot_v1\samples\train\tile_000218_site03.npz
tile_000220_site00,tile_000220,220,train,170,0,southwest,128.712138740,115.515130244,98.621217439,31.678034685,41.000000,53.313391040,7,130,210,279,D:\桌面\dac\bs_inversion_pilot_v1\samples\train\tile_000220_site00.npz
tile_000220_site01,tile_000220,220,train,170,1,southeast,259.728285692,148.461159541,90.384710115,64.432071423,41.000000,49.095544877,61,137,158,161,D:\桌面\dac\bs_inversion_pilot_v1\samples\train\tile_000220_site01.npz
tile_000220_site02,tile_000220,220,train,170,2,northwest,89.240675413,357.771010283,38.057247429,21.810168853,41.000000,62.894357896,0,31,121,169,D:\桌面\dac\bs_inversion_pilot_v1\samples\train\tile_000220_site02.npz
tile_000220_site03,tile_000220,220,train,170,3,northeast,276.147296464,421.748622955,22.062844261,68.536824116,41.000000,36.527497792,31,110,141,326,D:\桌面\dac\bs_inversion_pilot_v1\samples\train\tile_000220_site03.npz
tile_000221_site00,tile_000221,221,train,171,0,southwest,137.321046353,120.431507437,97.392123141,33.830261588,26.000000,60.849263149,128,214,282,320,D:\桌面\dac\bs_inversion_pilot_v1\samples\train\tile_000221_site00.npz
tile_000221_site01,tile_000221,221,train,171,1,southeast,438.761419556,200.492024738,77.376993815,109.190354889,26.000000,35.287597834,13,110,298,301,D:\桌面\dac\bs_inversion_pilot_v1\samples\train\tile_000221_site01.npz
tile_000221_site02,tile_000221,221,train,171,2,northwest,95.367036065,404.553320687,26.361669828,23.341759016,26.000000,69.852491548,33,106,142,235,D:\桌面\dac\bs_inversion_pilot_v1\samples\train\tile_000221_site02.npz
tile_000221_site03,tile_000221,221,train,171,3,northeast,386.449133723,446.244368081,15.938907980,96.112283431,26.000000,68.879053458,114,129,169,268,D:\桌面\dac\bs_inversion_pilot_v1\samples\train\tile_000221_site03.npz
tile_000223_site00,tile_000223,223,train,172,0,southwest,86.356058786,230.712777412,69.821805647,21.089014696,26.000000,58.224468799,52,236,251,282,D:\桌面\dac\bs_inversion_pilot_v1\samples\train\tile_000223_site00.npz
tile_000223_site01,tile_000223,223,train,172,1,southeast,306.293103501,158.510758263,87.872310434,76.073275875,26.000000,56.684044215,72,215,256,295,D:\桌面\dac\bs_inversion_pilot_v1\samples\train\tile_000223_site01.npz
tile_000223_site02,tile_000223,223,train,172,2,northwest,102.135238736,330.526733934,44.868316517,25.033809684,26.000000,37.062021129,118,129,142,180,D:\桌面\dac\bs_inversion_pilot_v1\samples\train\tile_000223_site02.npz
tile_000223_site03,tile_000223,223,train,172,3,northeast,306.374790513,406.232270340,25.941932415,76.093697628,26.000000,41.430906109,225,235,247,272,D:\桌面\dac\bs_inversion_pilot_v1\samples\train\tile_000223_site03.npz
tile_000226_site00,tile_000226,226,train,173,0,southwest,108.548773272,193.803254911,79.049186272,26.637193318,23.000000,55.329676514,29,110,157,308,D:\桌面\dac\bs_inversion_pilot_v1\samples\train\tile_000226_site00.npz
tile_000226_site01,tile_000226,226,train,173,1,southeast,431.189397418,104.613965256,101.346508686,107.297349354,23.000000,57.270852307,192,239,299,325,D:\桌面\dac\bs_inversion_pilot_v1\samples\train\tile_000226_site01.npz
tile_000226_site02,tile_000226,226,train,173,2,northwest,79.495666299,259.023987290,62.744003178,19.373916575,23.000000,62.803686019,33,50,215,329,D:\桌面\dac\bs_inversion_pilot_v1\samples\train\tile_000226_site02.npz
tile_000226_site03,tile_000226,226,train,173,3,northeast,443.732827059,405.004126416,26.248968396,110.433206765,23.000000,62.229516286,6,65,114,216,D:\桌面\dac\bs_inversion_pilot_v1\samples\train\tile_000226_site03.npz
tile_000227_site00,tile_000227,227,train,174,0,southwest,129.958182015,129.737238267,95.065690433,31.989545504,26.000000,59.930534665,90,157,259,277,D:\桌面\dac\bs_inversion_pilot_v1\samples\train\tile_000227_site00.npz
tile_000227_site01,tile_000227,227,train,174,1,southeast,338.707579588,218.504273727,72.873931568,84.176894897,26.000000,39.839500286,66,133,336,347,D:\桌面\dac\bs_inversion_pilot_v1\samples\train\tile_000227_site01.npz
tile_000227_site02,tile_000227,227,train,174,2,northwest,141.977116691,389.169408458,30.207647885,34.994279173,26.000000,69.590211401,116,160,251,334,D:\桌面\dac\bs_inversion_pilot_v1\samples\train\tile_000227_site02.npz
tile_000227_site03,tile_000227,227,train,174,3,northeast,338.056104836,313.733864398,49.066533901,84.014026209,26.000000,52.986500135,17,83,91,102,D:\桌面\dac\bs_inversion_pilot_v1\samples\train\tile_000227_site03.npz
tile_000228_site00,tile_000228,228,train,175,0,southwest,197.114848162,65.264346766,111.183913308,48.778712040,23.000000,59.948295854,35,143,169,316,D:\桌面\dac\bs_inversion_pilot_v1\samples\train\tile_000228_site00.npz
tile_000228_site01,tile_000228,228,train,175,1,southeast,262.254007794,184.897772951,81.275556762,65.063501948,23.000000,57.327584176,47,166,244,266,D:\桌面\dac\bs_inversion_pilot_v1\samples\train\tile_000228_site01.npz
tile_000228_site02,tile_000228,228,train,175,2,northwest,246.174416222,313.968189718,49.007952570,61.043604056,23.000000,51.048827395,55,169,216,243,D:\桌面\dac\bs_inversion_pilot_v1\samples\train\tile_000228_site02.npz
tile_000228_site03,tile_000228,228,train,175,3,northeast,295.343482440,429.100386070,20.224903483,73.335870610,23.000000,39.509814329,12,167,306,324,D:\桌面\dac\bs_inversion_pilot_v1\samples\train\tile_000228_site03.npz
tile_000229_site00,tile_000229,229,train,176,0,southwest,195.620507657,227.783756404,70.554060899,48.405126914,26.000000,58.576953201,73,88,95,159,D:\桌面\dac\bs_inversion_pilot_v1\samples\train\tile_000229_site00.npz
tile_000229_site01,tile_000229,229,train,176,1,southeast,283.916392037,71.607956525,109.598010869,70.479098009,26.000000,54.250135191,57,283,295,337,D:\桌面\dac\bs_inversion_pilot_v1\samples\train\tile_000229_site01.npz
tile_000229_site02,tile_000229,229,train,176,2,northwest,92.010298795,322.038637044,46.990340739,22.502574699,26.000000,35.630860796,53,73,162,178,D:\桌面\dac\bs_inversion_pilot_v1\samples\train\tile_000229_site02.npz
tile_000229_site03,tile_000229,229,train,176,3,northeast,402.025581488,310.821020353,49.794744912,100.006395372,26.000000,46.173625831,193,229,267,329,D:\桌面\dac\bs_inversion_pilot_v1\samples\train\tile_000229_site03.npz
tile_000232_site00,tile_000232,232,train,177,0,southwest,192.388851231,214.531289892,73.867177527,47.597212808,26.000000,48.668410733,33,100,212,243,D:\桌面\dac\bs_inversion_pilot_v1\samples\train\tile_000232_site00.npz
tile_000232_site01,tile_000232,232,train,177,1,southeast,324.628588789,212.510293427,74.372426643,80.657147197,26.000000,43.647210399,12,99,109,351,D:\桌面\dac\bs_inversion_pilot_v1\samples\train\tile_000232_site01.npz
tile_000232_site02,tile_000232,232,train,177,2,northwest,141.755478043,401.331975607,27.167006098,34.938869511,26.000000,39.959758965,40,91,168,347,D:\桌面\dac\bs_inversion_pilot_v1\samples\train\tile_000232_site02.npz
tile_000232_site03,tile_000232,232,train,177,3,northeast,364.836001299,341.133221018,42.216694746,90.709000325,26.000000,45.692784656,6,105,198,223,D:\桌面\dac\bs_inversion_pilot_v1\samples\train\tile_000232_site03.npz
tile_000233_site00,tile_000233,233,train,178,0,southwest,233.220976094,97.855509167,103.036122708,57.805244024,23.000000,45.877130418,124,278,280,347,D:\桌面\dac\bs_inversion_pilot_v1\samples\train\tile_000233_site00.npz
tile_000233_site01,tile_000233,233,train,178,1,southeast,300.017470770,214.177115047,73.955721238,74.504367692,23.000000,35.342163548,40,44,111,150,D:\桌面\dac\bs_inversion_pilot_v1\samples\train\tile_000233_site01.npz
tile_000233_site02,tile_000233,233,train,178,2,northwest,74.668957911,404.289164315,26.427708921,18.167239478,23.000000,67.227475554,51,111,193,319,D:\桌面\dac\bs_inversion_pilot_v1\samples\train\tile_000233_site02.npz
tile_000233_site03,tile_000233,233,train,178,3,northeast,302.673573084,387.600528142,30.599867964,75.168393271,23.000000,59.423662737,112,294,313,349,D:\桌面\dac\bs_inversion_pilot_v1\samples\train\tile_000233_site03.npz
tile_000234_site00,tile_000234,234,train,179,0,southwest,214.252967921,110.734400241,99.816399940,53.063241980,26.000000,44.091276256,226,268,278,354,D:\桌面\dac\bs_inversion_pilot_v1\samples\train\tile_000234_site00.npz
tile_000234_site01,tile_000234,234,train,179,1,southeast,303.074870559,91.198431999,104.700392000,75.268717640,26.000000,65.619079215,74,92,189,211,D:\桌面\dac\bs_inversion_pilot_v1\samples\train\tile_000234_site01.npz
tile_000234_site02,tile_000234,234,train,179,2,northwest,163.956949543,261.416572478,62.145856881,40.489237386,26.000000,66.340405062,12,94,250,312,D:\桌面\dac\bs_inversion_pilot_v1\samples\train\tile_000234_site02.npz
tile_000234_site03,tile_000234,234,train,179,3,northeast,259.098257687,444.294075533,16.426481117,64.274564422,26.000000,61.831505092,24,195,256,346,D:\桌面\dac\bs_inversion_pilot_v1\samples\train\tile_000234_site03.npz
tile_000235_site00,tile_000235,235,train,180,0,southwest,137.368807504,132.542764019,94.364308995,33.842201876,26.000000,50.870413694,53,59,306,329,D:\桌面\dac\bs_inversion_pilot_v1\samples\train\tile_000235_site00.npz
tile_000235_site01,tile_000235,235,train,180,1,southeast,362.737623020,192.328042898,79.417989276,90.184405755,26.000000,46.538896032,81,84,160,184,D:\桌面\dac\bs_inversion_pilot_v1\samples\train\tile_000235_site01.npz
tile_000235_site02,tile_000235,235,train,180,2,northwest,87.010533897,402.889890448,26.777527388,21.252633474,26.000000,53.585008249,98,239,331,345,D:\桌面\dac\bs_inversion_pilot_v1\samples\train\tile_000235_site02.npz
tile_000235_site03,tile_000235,235,train,180,3,northeast,384.413461446,342.187027687,41.953243078,95.603365362,26.000000,63.191008701,140,175,185,284,D:\桌面\dac\bs_inversion_pilot_v1\samples\train\tile_000235_site03.npz
tile_000236_site00,tile_000236,236,train,181,0,southwest,143.833629643,240.649319683,67.337670079,35.458407411,26.000000,46.421942093,76,119,158,204,D:\桌面\dac\bs_inversion_pilot_v1\samples\train\tile_000236_site00.npz
tile_000236_site01,tile_000236,236,train,181,1,southeast,301.620849776,216.160431527,73.459892118,74.905212444,26.000000,39.305781380,35,52,102,214,D:\桌面\dac\bs_inversion_pilot_v1\samples\train\tile_000236_site01.npz
tile_000236_site02,tile_000236,236,train,181,2,northwest,203.464531333,304.302950567,51.424262358,50.366132833,26.000000,42.035437368,2,45,283,346,D:\桌面\dac\bs_inversion_pilot_v1\samples\train\tile_000236_site02.npz
tile_000236_site03,tile_000236,236,train,181,3,northeast,447.437763082,294.558608664,53.860347834,111.359440770,26.000000,54.911958240,110,119,166,177,D:\桌面\dac\bs_inversion_pilot_v1\samples\train\tile_000236_site03.npz
tile_000237_site00,tile_000237,237,train,182,0,southwest,83.701282953,222.296124510,71.925968872,20.425320738,26.000000,35.746842359,34,54,200,220,D:\桌面\dac\bs_inversion_pilot_v1\samples\train\tile_000237_site00.npz
tile_000237_site01,tile_000237,237,train,182,1,southeast,345.112303329,127.232134883,95.691966279,85.778075832,26.000000,40.560621583,9,90,105,212,D:\桌面\dac\bs_inversion_pilot_v1\samples\train\tile_000237_site01.npz
tile_000237_site02,tile_000237,237,train,182,2,northwest,68.558582346,406.103991596,25.974002101,16.639645587,26.000000,59.676594241,30,81,253,260,D:\桌面\dac\bs_inversion_pilot_v1\samples\train\tile_000237_site02.npz
tile_000237_site03,tile_000237,237,train,182,3,northeast,306.666656971,351.708756252,39.572810937,76.166664243,26.000000,45.270595889,15,169,225,357,D:\桌面\dac\bs_inversion_pilot_v1\samples\train\tile_000237_site03.npz
tile_000238_site00,tile_000238,238,train,183,0,southwest,171.293373480,176.601155426,83.349711143,42.323343370,32.000000,44.680317988,85,113,135,296,D:\桌面\dac\bs_inversion_pilot_v1\samples\train\tile_000238_site00.npz
tile_000238_site01,tile_000238,238,train,183,1,southeast,371.522945972,113.554273192,99.111431702,92.380736493,32.000000,65.175890463,97,216,248,272,D:\桌面\dac\bs_inversion_pilot_v1\samples\train\tile_000238_site01.npz
tile_000238_site02,tile_000238,238,train,183,2,northwest,70.811769926,341.451691092,42.137077227,17.202942482,32.000000,61.629960106,108,223,270,297,D:\桌面\dac\bs_inversion_pilot_v1\samples\train\tile_000238_site02.npz
tile_000238_site03,tile_000238,238,train,183,3,northeast,381.108173871,429.758541889,20.060364528,94.777043468,32.000000,41.517363697,74,202,240,298,D:\桌面\dac\bs_inversion_pilot_v1\samples\train\tile_000238_site03.npz
tile_000239_site00,tile_000239,239,train,184,0,southwest,255.163443924,119.987959065,97.503010234,63.290860981,32.000000,48.951535980,220,286,302,313,D:\桌面\dac\bs_inversion_pilot_v1\samples\train\tile_000239_site00.npz
tile_000239_site01,tile_000239,239,train,184,1,southeast,390.583305811,128.838820630,95.290294842,97.145826453,32.000000,41.376022269,76,127,147,176,D:\桌面\dac\bs_inversion_pilot_v1\samples\train\tile_000239_site01.npz
tile_000239_site02,tile_000239,239,train,184,2,northwest,139.424286422,310.195820471,49.951044882,34.356071605,32.000000,37.602552775,45,208,232,305,D:\桌面\dac\bs_inversion_pilot_v1\samples\train\tile_000239_site02.npz
tile_000239_site03,tile_000239,239,train,184,3,northeast,388.394867144,344.479465544,41.380133614,96.598716786,32.000000,37.074532077,23,68,176,328,D:\桌面\dac\bs_inversion_pilot_v1\samples\train\tile_000239_site03.npz
tile_000240_site00,tile_000240,240,train,185,0,southwest,175.816466576,187.311967677,80.672008081,43.454116644,26.000000,53.625048908,65,86,250,353,D:\桌面\dac\bs_inversion_pilot_v1\samples\train\tile_000240_site00.npz
tile_000240_site01,tile_000240,240,train,185,1,southeast,398.635486617,70.449348977,109.887662756,99.158871654,26.000000,51.019967005,123,197,199,334,D:\桌面\dac\bs_inversion_pilot_v1\samples\train\tile_000240_site01.npz
tile_000240_site02,tile_000240,240,train,185,2,northwest,130.494776930,259.756963286,62.560759178,32.123694233,26.000000,60.400216148,11,288,325,326,D:\桌面\dac\bs_inversion_pilot_v1\samples\train\tile_000240_site02.npz
tile_000240_site03,tile_000240,240,train,185,3,northeast,367.521281902,307.797535827,50.550616043,91.380320475,26.000000,42.417801464,93,153,170,236,D:\桌面\dac\bs_inversion_pilot_v1\samples\train\tile_000240_site03.npz
tile_000241_site00,tile_000241,241,train,186,0,southwest,66.919349255,203.346204418,76.663448895,16.229837314,47.000000,61.914643340,93,240,301,342,D:\桌面\dac\bs_inversion_pilot_v1\samples\train\tile_000241_site00.npz
tile_000241_site01,tile_000241,241,train,186,1,southeast,396.234958417,175.997865781,83.500533555,98.558739604,47.000000,56.619727646,12,188,299,356,D:\桌面\dac\bs_inversion_pilot_v1\samples\train\tile_000241_site01.npz
tile_000241_site02,tile_000241,241,train,186,2,northwest,76.114470602,402.641288476,26.839677881,18.528617650,47.000000,67.663590164,101,103,174,188,D:\桌面\dac\bs_inversion_pilot_v1\samples\train\tile_000241_site02.npz
tile_000241_site03,tile_000241,241,train,186,3,northeast,352.219440373,290.100072543,54.974981864,87.554860093,47.000000,40.767078661,25,158,227,346,D:\桌面\dac\bs_inversion_pilot_v1\samples\train\tile_000241_site03.npz
tile_000242_site00,tile_000242,242,train,187,0,southwest,226.286607622,125.180976937,96.204755766,56.071651905,23.000000,47.964824327,178,215,256,302,D:\桌面\dac\bs_inversion_pilot_v1\samples\train\tile_000242_site00.npz
tile_000242_site01,tile_000242,242,train,187,1,southeast,358.748964500,171.035931197,84.741017201,89.187241125,23.000000,67.868376759,270,296,313,347,D:\桌面\dac\bs_inversion_pilot_v1\samples\train\tile_000242_site01.npz
tile_000242_site02,tile_000242,242,train,187,2,northwest,78.578563415,369.679180071,35.080204982,19.144640854,23.000000,61.593436863,22,148,149,282,D:\桌面\dac\bs_inversion_pilot_v1\samples\train\tile_000242_site02.npz
tile_000242_site03,tile_000242,242,train,187,3,northeast,373.243549353,289.588740960,55.102814760,92.810887338,23.000000,44.075635653,32,147,261,312,D:\桌面\dac\bs_inversion_pilot_v1\samples\train\tile_000242_site03.npz
tile_000243_site00,tile_000243,243,train,188,0,southwest,104.116304627,66.395025820,110.901243545,25.529076157,23.000000,37.259745833,158,240,249,300,D:\桌面\dac\bs_inversion_pilot_v1\samples\train\tile_000243_site00.npz
tile_000243_site01,tile_000243,243,train,188,1,southeast,441.914157662,228.735974259,70.316006435,109.978539415,23.000000,58.392897485,57,83,240,299,D:\桌面\dac\bs_inversion_pilot_v1\samples\train\tile_000243_site01.npz
tile_000243_site02,tile_000243,243,train,188,2,northwest,232.976584497,430.705103096,19.823724226,57.744146124,23.000000,68.634847535,10,99,201,340,D:\桌面\dac\bs_inversion_pilot_v1\samples\train\tile_000243_site02.npz
tile_000243_site03,tile_000243,243,train,188,3,northeast,351.276828477,403.381422840,26.654644290,87.319207119,23.000000,67.719398960,61,112,137,204,D:\桌面\dac\bs_inversion_pilot_v1\samples\train\tile_000243_site03.npz
tile_000245_site00,tile_000245,245,train,189,0,southwest,156.881202048,126.254257573,95.936435607,38.720300512,23.000000,36.839138515,13,87,96,185,D:\桌面\dac\bs_inversion_pilot_v1\samples\train\tile_000245_site00.npz
tile_000245_site01,tile_000245,245,train,189,1,southeast,296.272043739,134.668916620,93.832770845,73.568010935,23.000000,35.455921616,18,226,241,339,D:\桌面\dac\bs_inversion_pilot_v1\samples\train\tile_000245_site01.npz
tile_000245_site02,tile_000245,245,train,189,2,northwest,66.080683276,334.319784340,43.920053915,16.020170819,23.000000,48.711059355,201,247,253,275,D:\桌面\dac\bs_inversion_pilot_v1\samples\train\tile_000245_site02.npz
tile_000245_site03,tile_000245,245,train,189,3,northeast,339.618604679,430.201119154,19.949720212,84.404651170,23.000000,62.805403102,41,128,145,336,D:\桌面\dac\bs_inversion_pilot_v1\samples\train\tile_000245_site03.npz
tile_000246_site00,tile_000246,246,train,190,0,southwest,87.334588643,102.968823768,101.757794058,21.333647161,23.000000,43.535364460,13,18,23,60,D:\桌面\dac\bs_inversion_pilot_v1\samples\train\tile_000246_site00.npz
tile_000246_site01,tile_000246,246,train,190,1,southeast,374.233136438,92.628423890,104.342894027,93.058284110,23.000000,44.790398985,121,220,325,350,D:\桌面\dac\bs_inversion_pilot_v1\samples\train\tile_000246_site01.npz
tile_000246_site02,tile_000246,246,train,190,2,northwest,135.030906875,384.311164736,31.422208816,33.257726719,23.000000,53.668769435,90,224,251,350,D:\桌面\dac\bs_inversion_pilot_v1\samples\train\tile_000246_site02.npz
tile_000246_site03,tile_000246,246,train,190,3,northeast,385.762660538,289.709823625,55.072544094,95.940665134,23.000000,52.048879625,94,182,247,345,D:\桌面\dac\bs_inversion_pilot_v1\samples\train\tile_000246_site03.npz
tile_000247_site00,tile_000247,247,train,191,0,southwest,200.778343956,102.084938946,101.978765263,49.694585989,23.000000,42.675744994,16,19,123,151,D:\桌面\dac\bs_inversion_pilot_v1\samples\train\tile_000247_site00.npz
tile_000247_site01,tile_000247,247,train,191,1,southeast,272.187912564,100.389909057,102.402522736,67.546978141,23.000000,36.987784119,158,198,253,300,D:\桌面\dac\bs_inversion_pilot_v1\samples\train\tile_000247_site01.npz
tile_000247_site02,tile_000247,247,train,191,2,northwest,107.552301342,313.781276181,49.054680955,26.388075336,23.000000,64.239957406,42,100,127,289,D:\桌面\dac\bs_inversion_pilot_v1\samples\train\tile_000247_site02.npz
tile_000247_site03,tile_000247,247,train,191,3,northeast,411.706619616,360.294904803,37.426273799,102.426654904,23.000000,56.720603761,83,181,182,244,D:\桌面\dac\bs_inversion_pilot_v1\samples\train\tile_000247_site03.npz
tile_000248_site00,tile_000248,248,train,192,0,southwest,155.950739153,92.278674537,104.430331366,38.487684788,26.000000,52.477583210,131,148,263,298,D:\桌面\dac\bs_inversion_pilot_v1\samples\train\tile_000248_site00.npz
tile_000248_site01,tile_000248,248,train,192,1,southeast,263.643639580,130.669105130,94.832723717,65.410909895,26.000000,56.529904168,89,185,297,333,D:\桌面\dac\bs_inversion_pilot_v1\samples\train\tile_000248_site01.npz
tile_000248_site02,tile_000248,248,train,192,2,northwest,245.562422214,437.832778618,18.041805346,60.890605554,26.000000,42.938440441,40,169,209,276,D:\桌面\dac\bs_inversion_pilot_v1\samples\train\tile_000248_site02.npz
tile_000248_site03,tile_000248,248,train,192,3,northeast,366.607910866,277.312858315,58.171785421,91.151977717,26.000000,37.283006785,69,297,326,334,D:\桌面\dac\bs_inversion_pilot_v1\samples\train\tile_000248_site03.npz
tile_000250_site00,tile_000250,250,train,193,0,southwest,79.887832983,110.267002032,99.933249492,19.471958246,20.000000,42.334605891,57,72,120,229,D:\桌面\dac\bs_inversion_pilot_v1\samples\train\tile_000250_site00.npz
tile_000250_site01,tile_000250,250,train,193,1,southeast,269.401734068,155.329220901,88.667694775,66.850433517,20.000000,47.501855456,197,205,305,320,D:\桌面\dac\bs_inversion_pilot_v1\samples\train\tile_000250_site01.npz
tile_000250_site02,tile_000250,250,train,193,2,northwest,115.816532520,310.328113022,49.917971745,28.454133130,20.000000,36.777464778,51,170,262,311,D:\桌面\dac\bs_inversion_pilot_v1\samples\train\tile_000250_site02.npz
tile_000250_site03,tile_000250,250,train,193,3,northeast,381.779769424,446.970232959,15.757441760,94.944942356,20.000000,44.601613912,10,142,155,298,D:\桌面\dac\bs_inversion_pilot_v1\samples\train\tile_000250_site03.npz
tile_000251_site00,tile_000251,251,train,194,0,southwest,147.269604126,151.334707902,89.666323024,36.317401031,32.000000,43.708520632,15,167,215,358,D:\桌面\dac\bs_inversion_pilot_v1\samples\train\tile_000251_site00.npz
tile_000251_site01,tile_000251,251,train,194,1,southeast,328.739440230,149.715054954,90.071236261,81.684860058,32.000000,51.488078428,112,177,238,328,D:\桌面\dac\bs_inversion_pilot_v1\samples\train\tile_000251_site01.npz
tile_000251_site02,tile_000251,251,train,194,2,northwest,135.178683632,409.642804104,25.089298974,33.294670908,32.000000,56.859602872,38,98,265,291,D:\桌面\dac\bs_inversion_pilot_v1\samples\train\tile_000251_site02.npz
tile_000251_site03,tile_000251,251,train,194,3,northeast,435.447357620,286.688526545,55.827868364,108.361839405,32.000000,44.592798615,189,226,247,332,D:\桌面\dac\bs_inversion_pilot_v1\samples\train\tile_000251_site03.npz
tile_000252_site00,tile_000252,252,train,195,0,southwest,147.824871061,146.190454094,90.952386477,36.456217765,35.000000,59.594926721,204,219,291,302,D:\桌面\dac\bs_inversion_pilot_v1\samples\train\tile_000252_site00.npz
tile_000252_site01,tile_000252,252,train,195,1,southeast,395.044890733,200.517101259,77.370724685,98.261222683,35.000000,50.410132353,93,98,188,266,D:\桌面\dac\bs_inversion_pilot_v1\samples\train\tile_000252_site01.npz
tile_000252_site02,tile_000252,252,train,195,2,northwest,130.291670867,274.382328652,58.904417837,32.072917717,35.000000,40.237622054,18,295,303,339,D:\桌面\dac\bs_inversion_pilot_v1\samples\train\tile_000252_site02.npz
tile_000252_site03,tile_000252,252,train,195,3,northeast,321.439361678,409.159529232,25.210117692,79.859840419,35.000000,40.069268583,87,181,240,274,D:\桌面\dac\bs_inversion_pilot_v1\samples\train\tile_000252_site03.npz
tile_000253_site00,tile_000253,253,train,196,0,southwest,175.629918372,118.496618661,97.875845335,43.407479593,23.000000,50.147265011,14,46,109,323,D:\桌面\dac\bs_inversion_pilot_v1\samples\train\tile_000253_site00.npz
tile_000253_site01,tile_000253,253,train,196,1,southeast,264.023531818,245.082555391,66.229361152,65.505882954,23.000000,38.769780877,130,193,208,318,D:\桌面\dac\bs_inversion_pilot_v1\samples\train\tile_000253_site01.npz
tile_000253_site02,tile_000253,253,train,196,2,northwest,125.950251723,441.826754551,17.043311362,30.987562931,23.000000,50.778313999,103,122,249,279,D:\桌面\dac\bs_inversion_pilot_v1\samples\train\tile_000253_site02.npz
tile_000253_site03,tile_000253,253,train,196,3,northeast,344.171138275,296.502831782,53.374292054,85.542784569,23.000000,44.104917256,19,205,290,305,D:\桌面\dac\bs_inversion_pilot_v1\samples\train\tile_000253_site03.npz
tile_000257_site00,tile_000257,257,train,197,0,southwest,117.099490406,77.060413667,108.234896583,28.774872601,32.000000,44.804823672,11,29,100,324,D:\桌面\dac\bs_inversion_pilot_v1\samples\train\tile_000257_site00.npz
tile_000257_site01,tile_000257,257,train,197,1,southeast,275.531716921,148.282425581,90.429393605,68.382929230,32.000000,40.351118459,145,191,233,311,D:\桌面\dac\bs_inversion_pilot_v1\samples\train\tile_000257_site01.npz
tile_000257_site02,tile_000257,257,train,197,2,northwest,97.305112765,447.319402921,15.670149270,23.826278191,32.000000,41.494099242,149,203,255,345,D:\桌面\dac\bs_inversion_pilot_v1\samples\train\tile_000257_site02.npz
tile_000257_site03,tile_000257,257,train,197,3,northeast,434.923989003,391.910673250,29.522331687,108.230997251,32.000000,66.288422904,80,161,229,307,D:\桌面\dac\bs_inversion_pilot_v1\samples\train\tile_000257_site03.npz
tile_000258_site00,tile_000258,258,train,198,0,southwest,201.698364045,192.277072639,79.430731840,49.924591011,23.000000,52.082373982,45,101,288,294,D:\桌面\dac\bs_inversion_pilot_v1\samples\train\tile_000258_site00.npz
tile_000258_site01,tile_000258,258,train,198,1,southeast,428.950927148,176.687942490,83.328014378,106.737731787,23.000000,53.823443895,34,128,145,174,D:\桌面\dac\bs_inversion_pilot_v1\samples\train\tile_000258_site01.npz
tile_000258_site02,tile_000258,258,train,198,2,northwest,192.324922175,441.218670602,17.195332350,47.581230544,23.000000,50.146230893,141,175,227,348,D:\桌面\dac\bs_inversion_pilot_v1\samples\train\tile_000258_site02.npz
tile_000258_site03,tile_000258,258,train,198,3,northeast,346.082937266,296.494241268,53.376439683,86.020734316,23.000000,38.909597380,38,132,282,283,D:\桌面\dac\bs_inversion_pilot_v1\samples\train\tile_000258_site03.npz
tile_000259_site00,tile_000259,259,train,199,0,southwest,195.760580617,207.642192079,75.589451980,48.440145154,26.000000,46.946880274,29,66,238,321,D:\桌面\dac\bs_inversion_pilot_v1\samples\train\tile_000259_site00.npz
tile_000259_site01,tile_000259,259,train,199,1,southeast,350.710215560,227.418198768,70.645450308,87.177553890,26.000000,57.689512737,179,213,269,317,D:\桌面\dac\bs_inversion_pilot_v1\samples\train\tile_000259_site01.npz
tile_000259_site02,tile_000259,259,train,199,2,northwest,171.523683837,345.474322107,41.131419473,42.380920959,26.000000,38.725187828,165,175,177,241,D:\桌面\dac\bs_inversion_pilot_v1\samples\train\tile_000259_site02.npz
tile_000259_site03,tile_000259,259,train,199,3,northeast,357.051947906,410.575496215,24.856125946,88.762986976,26.000000,62.779888815,5,110,212,281,D:\桌面\dac\bs_inversion_pilot_v1\samples\train\tile_000259_site03.npz
tile_000261_site00,tile_000261,261,train,200,0,southwest,64.199207197,231.236186916,69.690953271,15.549801799,26.000000,44.927964129,28,74,152,218,D:\桌面\dac\bs_inversion_pilot_v1\samples\train\tile_000261_site00.npz
tile_000261_site01,tile_000261,261,train,200,1,southeast,422.962058370,246.576926322,65.855768419,105.240514593,26.000000,45.662629977,35,84,118,290,D:\桌面\dac\bs_inversion_pilot_v1\samples\train\tile_000261_site01.npz
tile_000261_site02,tile_000261,261,train,200,2,northwest,94.865950985,312.652889241,49.336777690,23.216487746,26.000000,60.130697973,66,102,257,301,D:\桌面\dac\bs_inversion_pilot_v1\samples\train\tile_000261_site02.npz
tile_000261_site03,tile_000261,261,train,200,3,northeast,429.796947346,322.422452561,46.894386860,106.949236836,26.000000,38.451709491,24,72,188,209,D:\桌面\dac\bs_inversion_pilot_v1\samples\train\tile_000261_site03.npz
tile_000264_site00,tile_000264,264,train,201,0,southwest,140.386824901,118.488163970,97.877959007,34.596706225,26.000000,38.235025829,110,223,268,287,D:\桌面\dac\bs_inversion_pilot_v1\samples\train\tile_000264_site00.npz
tile_000264_site01,tile_000264,264,train,201,1,southeast,395.863918771,132.337292191,94.415676952,98.465979693,26.000000,40.434348940,15,190,276,288,D:\桌面\dac\bs_inversion_pilot_v1\samples\train\tile_000264_site01.npz
tile_000264_site02,tile_000264,264,train,201,2,northwest,115.376799404,444.457043249,16.385739188,28.344199851,26.000000,39.075262475,27,87,176,278,D:\桌面\dac\bs_inversion_pilot_v1\samples\train\tile_000264_site02.npz
tile_000264_site03,tile_000264,264,train,201,3,northeast,398.600981370,372.033400408,34.491649898,99.150245343,26.000000,42.037490559,66,100,148,241,D:\桌面\dac\bs_inversion_pilot_v1\samples\train\tile_000264_site03.npz
tile_000265_site00,tile_000265,265,train,202,0,southwest,241.846875222,233.712495909,69.071876023,59.961718805,26.000000,53.625259203,127,193,271,314,D:\桌面\dac\bs_inversion_pilot_v1\samples\train\tile_000265_site00.npz
tile_000265_site01,tile_000265,265,train,202,1,southeast,345.738609221,221.082409711,72.229397572,85.934652305,26.000000,67.776716005,130,212,321,322,D:\桌面\dac\bs_inversion_pilot_v1\samples\train\tile_000265_site01.npz
tile_000265_site02,tile_000265,265,train,202,2,northwest,150.840289026,369.264145531,35.183963617,37.210072256,26.000000,67.808862602,7,38,60,271,D:\桌面\dac\bs_inversion_pilot_v1\samples\train\tile_000265_site02.npz
tile_000265_site03,tile_000265,265,train,202,3,northeast,352.285919713,380.456268259,32.385932935,87.571479928,26.000000,36.910436121,39,66,134,247,D:\桌面\dac\bs_inversion_pilot_v1\samples\train\tile_000265_site03.npz
tile_000266_site00,tile_000266,266,train,203,0,southwest,210.499724016,80.308867869,107.422783033,52.124931004,26.000000,68.204495145,48,81,211,302,D:\桌面\dac\bs_inversion_pilot_v1\samples\train\tile_000266_site00.npz
tile_000266_site01,tile_000266,266,train,203,1,southeast,267.398548974,122.940759042,96.764810240,66.349637243,26.000000,37.514840451,42,50,237,336,D:\桌面\dac\bs_inversion_pilot_v1\samples\train\tile_000266_site01.npz
tile_000266_site02,tile_000266,266,train,203,2,northwest,253.880062824,354.159887617,38.960028096,62.970015706,26.000000,69.374543934,112,118,142,219,D:\桌面\dac\bs_inversion_pilot_v1\samples\train\tile_000266_site02.npz
tile_000266_site03,tile_000266,266,train,203,3,northeast,390.371232982,331.979875139,44.505031215,97.092808245,26.000000,50.881196806,108,150,170,327,D:\桌面\dac\bs_inversion_pilot_v1\samples\train\tile_000266_site03.npz
tile_000267_site00,tile_000267,267,train,204,0,southwest,91.168730515,153.780616369,89.054845908,22.292182629,26.000000,42.470635699,29,145,297,352,D:\桌面\dac\bs_inversion_pilot_v1\samples\train\tile_000267_site00.npz
tile_000267_site01,tile_000267,267,train,204,1,southeast,417.104371572,118.671215855,97.832196036,103.776092893,26.000000,42.699034929,230,298,300,348,D:\桌面\dac\bs_inversion_pilot_v1\samples\train\tile_000267_site01.npz
tile_000267_site02,tile_000267,267,train,204,2,northwest,249.988720088,436.162336083,18.459415979,61.997180022,26.000000,57.147477016,48,79,238,268,D:\桌面\dac\bs_inversion_pilot_v1\samples\train\tile_000267_site02.npz
tile_000267_site03,tile_000267,267,train,204,3,northeast,421.673238459,404.113360963,26.471659759,104.918309615,26.000000,43.851553282,103,107,175,258,D:\桌面\dac\bs_inversion_pilot_v1\samples\train\tile_000267_site03.npz
tile_000268_site00,tile_000268,268,train,205,0,southwest,233.134642866,80.121634926,107.469591268,57.783660716,44.000000,68.978460252,171,229,300,342,D:\桌面\dac\bs_inversion_pilot_v1\samples\train\tile_000268_site00.npz
tile_000268_site01,tile_000268,268,train,205,1,southeast,386.122879078,210.770944308,74.807263923,96.030719770,44.000000,38.639792819,18,36,236,245,D:\桌面\dac\bs_inversion_pilot_v1\samples\train\tile_000268_site01.npz
tile_000268_site02,tile_000268,268,train,205,2,northwest,152.790686654,344.413668171,41.396582957,37.697671664,44.000000,60.380187922,6,184,199,241,D:\桌面\dac\bs_inversion_pilot_v1\samples\train\tile_000268_site02.npz
tile_000268_site03,tile_000268,268,train,205,3,northeast,338.627645806,329.704815912,45.073796022,84.156911451,44.000000,50.935090659,66,131,164,299,D:\桌面\dac\bs_inversion_pilot_v1\samples\train\tile_000268_site03.npz
tile_000269_site00,tile_000269,269,train,206,0,southwest,179.450775849,163.155600248,86.711099938,44.362693962,26.000000,54.561202592,61,162,183,220,D:\桌面\dac\bs_inversion_pilot_v1\samples\train\tile_000269_site00.npz
tile_000269_site01,tile_000269,269,train,206,1,southeast,324.824617143,190.055767049,79.986058238,80.706154286,26.000000,47.726128720,106,208,235,345,D:\桌面\dac\bs_inversion_pilot_v1\samples\train\tile_000269_site01.npz
tile_000269_site02,tile_000269,269,train,206,2,northwest,227.354506495,328.377703281,45.405574180,56.338626624,26.000000,64.257903606,84,111,222,233,D:\桌面\dac\bs_inversion_pilot_v1\samples\train\tile_000269_site02.npz
tile_000269_site03,tile_000269,269,train,206,3,northeast,267.575923305,421.367342147,22.158164463,66.393980826,26.000000,56.774254849,65,123,196,343,D:\桌面\dac\bs_inversion_pilot_v1\samples\train\tile_000269_site03.npz
tile_000273_site00,tile_000273,273,train,207,0,southwest,243.269922362,241.432357504,67.141910624,60.317480591,17.000000,57.560464950,29,272,304,316,D:\桌面\dac\bs_inversion_pilot_v1\samples\train\tile_000273_site00.npz
tile_000273_site01,tile_000273,273,train,207,1,southeast,334.712602590,234.992820112,68.751794972,83.178150647,17.000000,52.123526624,4,204,311,339,D:\桌面\dac\bs_inversion_pilot_v1\samples\train\tile_000273_site01.npz
tile_000273_site02,tile_000273,273,train,207,2,northwest,147.597004834,397.918351434,28.020412141,36.399251209,17.000000,48.417552661,158,282,284,287,D:\桌面\dac\bs_inversion_pilot_v1\samples\train\tile_000273_site02.npz
tile_000273_site03,tile_000273,273,train,207,3,northeast,305.960131669,334.483560821,43.879109795,75.990032917,17.000000,52.208598776,44,146,229,333,D:\桌面\dac\bs_inversion_pilot_v1\samples\train\tile_000273_site03.npz
tile_000274_site00,tile_000274,274,train,208,0,southwest,167.249227887,223.228791258,71.692802186,41.312306972,26.000000,36.003088961,91,124,231,327,D:\桌面\dac\bs_inversion_pilot_v1\samples\train\tile_000274_site00.npz
tile_000274_site01,tile_000274,274,train,208,1,southeast,329.037871151,122.876342035,96.780914491,81.759467788,26.000000,67.291721203,17,127,241,339,D:\桌面\dac\bs_inversion_pilot_v1\samples\train\tile_000274_site01.npz
tile_000274_site02,tile_000274,274,train,208,2,northwest,182.772956004,292.429980481,54.392504880,45.193239001,26.000000,61.691419963,89,152,190,318,D:\桌面\dac\bs_inversion_pilot_v1\samples\train\tile_000274_site02.npz
tile_000274_site03,tile_000274,274,train,208,3,northeast,273.013391243,309.115317844,50.221170539,67.753347811,26.000000,46.662487039,21,182,198,353,D:\桌面\dac\bs_inversion_pilot_v1\samples\train\tile_000274_site03.npz
tile_000280_site00,tile_000280,280,train,209,0,southwest,84.532228244,86.063639596,105.984090101,20.633057061,26.000000,38.737403515,218,237,320,337,D:\桌面\dac\bs_inversion_pilot_v1\samples\train\tile_000280_site00.npz
tile_000280_site01,tile_000280,280,train,209,1,southeast,350.858012646,170.685155913,84.828711022,87.214503161,26.000000,67.962471113,10,276,298,328,D:\桌面\dac\bs_inversion_pilot_v1\samples\train\tile_000280_site01.npz
tile_000280_site02,tile_000280,280,train,209,2,northwest,101.298747083,331.225710412,44.693572397,24.824686771,26.000000,47.500059378,154,173,261,280,D:\桌面\dac\bs_inversion_pilot_v1\samples\train\tile_000280_site02.npz
tile_000280_site03,tile_000280,280,train,209,3,northeast,325.260661311,385.170152368,31.207461908,80.815165328,26.000000,55.779132661,75,89,179,218,D:\桌面\dac\bs_inversion_pilot_v1\samples\train\tile_000280_site03.npz
tile_000281_site00,tile_000281,281,train,210,0,southwest,147.513040612,148.954170018,90.261457495,36.378260153,23.000000,49.792740442,105,210,248,300,D:\桌面\dac\bs_inversion_pilot_v1\samples\train\tile_000281_site00.npz
tile_000281_site01,tile_000281,281,train,210,1,southeast,268.135533108,230.848708259,69.787822935,66.533883277,23.000000,38.099593833,74,204,247,306,D:\桌面\dac\bs_inversion_pilot_v1\samples\train\tile_000281_site01.npz
tile_000281_site02,tile_000281,281,train,210,2,northwest,182.530601737,432.025770235,19.493557441,45.132650434,23.000000,47.100381426,165,231,237,258,D:\桌面\dac\bs_inversion_pilot_v1\samples\train\tile_000281_site02.npz
tile_000281_site03,tile_000281,281,train,210,3,northeast,300.348949930,289.636958537,55.090760366,74.587237483,23.000000,49.623032333,237,254,315,343,D:\桌面\dac\bs_inversion_pilot_v1\samples\train\tile_000281_site03.npz
tile_000284_site00,tile_000284,284,train,211,0,southwest,190.183344527,142.755382397,91.811154401,47.045836132,26.000000,53.832843230,160,217,280,351,D:\桌面\dac\bs_inversion_pilot_v1\samples\train\tile_000284_site00.npz
tile_000284_site01,tile_000284,284,train,211,1,southeast,333.515317190,110.666955525,99.833261119,82.878829298,26.000000,66.382974865,31,185,213,336,D:\桌面\dac\bs_inversion_pilot_v1\samples\train\tile_000284_site01.npz
tile_000284_site02,tile_000284,284,train,211,2,northwest,107.358086967,402.869607704,26.782598074,26.339521742,26.000000,58.343450353,97,300,307,331,D:\桌面\dac\bs_inversion_pilot_v1\samples\train\tile_000284_site02.npz
tile_000284_site03,tile_000284,284,train,211,3,northeast,323.353949709,287.210121767,55.697469558,80.338487427,26.000000,44.319528672,108,217,279,291,D:\桌面\dac\bs_inversion_pilot_v1\samples\train\tile_000284_site03.npz
tile_000285_site00,tile_000285,285,train,212,0,southwest,159.300897753,90.746084914,104.813478772,39.325224438,23.000000,58.898169902,3,56,92,146,D:\桌面\dac\bs_inversion_pilot_v1\samples\train\tile_000285_site00.npz
tile_000285_site01,tile_000285,285,train,212,1,southeast,285.116791460,129.856322112,95.035919472,70.779197865,23.000000,50.683795115,49,202,264,321,D:\桌面\dac\bs_inversion_pilot_v1\samples\train\tile_000285_site01.npz
tile_000285_site02,tile_000285,285,train,212,2,northwest,77.265728890,381.411459327,32.147135168,18.816432223,23.000000,60.501522951,5,214,280,344,D:\桌面\dac\bs_inversion_pilot_v1\samples\train\tile_000285_site02.npz
tile_000285_site03,tile_000285,285,train,212,3,northeast,388.918668908,329.331628931,45.167092767,96.729667227,23.000000,49.637002355,105,225,248,252,D:\桌面\dac\bs_inversion_pilot_v1\samples\train\tile_000285_site03.npz
tile_000291_site00,tile_000291,291,train,213,0,southwest,86.105722023,195.638573389,78.590356653,21.026430506,23.000000,61.479507472,79,237,251,280,D:\桌面\dac\bs_inversion_pilot_v1\samples\train\tile_000291_site00.npz
tile_000291_site01,tile_000291,291,train,213,1,southeast,289.572511599,167.787745254,85.553063687,71.893127900,23.000000,43.727192283,135,183,230,244,D:\桌面\dac\bs_inversion_pilot_v1\samples\train\tile_000291_site01.npz
tile_000291_site02,tile_000291,291,train,213,2,northwest,104.984479223,433.042493796,19.239376551,25.746119806,23.000000,62.852837810,41,48,140,320,D:\桌面\dac\bs_inversion_pilot_v1\samples\train\tile_000291_site02.npz
tile_000291_site03,tile_000291,291,train,213,3,northeast,348.470030995,261.602228122,62.099442969,86.617507749,23.000000,48.744783549,104,125,138,220,D:\桌面\dac\bs_inversion_pilot_v1\samples\train\tile_000291_site03.npz
tile_000292_site00,tile_000292,292,train,214,0,southwest,88.720590405,141.321031717,92.169742071,21.680147601,23.000000,52.936615297,40,296,306,356,D:\桌面\dac\bs_inversion_pilot_v1\samples\train\tile_000292_site00.npz
tile_000292_site01,tile_000292,292,train,214,1,southeast,286.839669655,167.115889875,85.721027531,71.209917414,23.000000,59.446123784,172,203,230,246,D:\桌面\dac\bs_inversion_pilot_v1\samples\train\tile_000292_site01.npz
tile_000292_site02,tile_000292,292,train,214,2,northwest,140.915118420,293.116556385,54.220860904,34.728779605,23.000000,46.906763350,65,82,196,325,D:\桌面\dac\bs_inversion_pilot_v1\samples\train\tile_000292_site02.npz
tile_000292_site03,tile_000292,292,train,214,3,northeast,387.823252017,269.710711448,60.072322138,96.455813004,23.000000,64.222425539,21,26,215,311,D:\桌面\dac\bs_inversion_pilot_v1\samples\train\tile_000292_site03.npz
tile_000293_site00,tile_000293,293,train,215,0,southwest,166.362697746,111.873518369,99.531620408,41.090674436,26.000000,67.809399597,79,223,338,355,D:\桌面\dac\bs_inversion_pilot_v1\samples\train\tile_000293_site00.npz
tile_000293_site01,tile_000293,293,train,215,1,southeast,359.345588578,142.336962259,91.915759435,89.336397144,26.000000,35.868513982,3,39,65,324,D:\桌面\dac\bs_inversion_pilot_v1\samples\train\tile_000293_site01.npz
tile_000293_site02,tile_000293,293,train,215,2,northwest,237.740235625,380.131744116,32.467063971,58.935058906,26.000000,35.410321620,144,162,245,351,D:\桌面\dac\bs_inversion_pilot_v1\samples\train\tile_000293_site02.npz
tile_000293_site03,tile_000293,293,train,215,3,northeast,375.004596152,317.398224363,48.150443909,93.251149038,26.000000,51.075577600,0,70,109,222,D:\桌面\dac\bs_inversion_pilot_v1\samples\train\tile_000293_site03.npz
tile_000294_site00,tile_000294,294,train,216,0,southwest,145.017505499,118.078974666,97.980256334,35.754376375,26.000000,58.183911623,52,201,306,327,D:\桌面\dac\bs_inversion_pilot_v1\samples\train\tile_000294_site00.npz
tile_000294_site01,tile_000294,294,train,216,1,southeast,325.198184997,132.177509204,94.455622699,80.799546249,26.000000,51.653816602,82,88,239,273,D:\桌面\dac\bs_inversion_pilot_v1\samples\train\tile_000294_site01.npz
tile_000294_site02,tile_000294,294,train,216,2,northwest,142.620518841,416.201701717,23.449574571,35.155129710,26.000000,65.304672689,7,10,245,314,D:\桌面\dac\bs_inversion_pilot_v1\samples\train\tile_000294_site02.npz
tile_000294_site03,tile_000294,294,train,216,3,northeast,446.630746231,397.283523297,28.179119176,111.157686558,26.000000,59.366714412,169,199,239,351,D:\桌面\dac\bs_inversion_pilot_v1\samples\train\tile_000294_site03.npz
tile_000295_site00,tile_000295,295,train,217,0,southwest,73.674456584,195.341079153,78.664730212,17.918614146,44.000000,56.958505271,6,67,93,278,D:\桌面\dac\bs_inversion_pilot_v1\samples\train\tile_000295_site00.npz
tile_000295_site01,tile_000295,295,train,217,1,southeast,266.512759133,114.789018798,98.802745301,66.128189783,44.000000,54.900436374,12,209,221,308,D:\桌面\dac\bs_inversion_pilot_v1\samples\train\tile_000295_site01.npz
tile_000295_site02,tile_000295,295,train,217,2,northwest,67.793707058,346.315459481,40.921135130,16.448426765,44.000000,40.107202578,33,175,339,357,D:\桌面\dac\bs_inversion_pilot_v1\samples\train\tile_000295_site02.npz
tile_000295_site03,tile_000295,295,train,217,3,northeast,430.995032488,306.502503272,50.874374182,107.248758122,44.000000,44.011483639,32,49,227,331,D:\桌面\dac\bs_inversion_pilot_v1\samples\train\tile_000295_site03.npz
tile_000296_site00,tile_000296,296,train,218,0,southwest,119.939850910,248.690400299,65.327399925,29.484962728,26.000000,46.902116758,16,207,266,270,D:\桌面\dac\bs_inversion_pilot_v1\samples\train\tile_000296_site00.npz
tile_000296_site01,tile_000296,296,train,218,1,southeast,322.767830407,126.200215510,95.949946122,80.191957602,26.000000,39.204315035,57,146,296,313,D:\桌面\dac\bs_inversion_pilot_v1\samples\train\tile_000296_site01.npz
tile_000296_site02,tile_000296,296,train,218,2,northwest,74.386631018,380.488050103,32.377987474,18.096657754,26.000000,50.943101694,219,236,284,350,D:\桌面\dac\bs_inversion_pilot_v1\samples\train\tile_000296_site02.npz
tile_000296_site03,tile_000296,296,train,218,3,northeast,326.158032265,283.839165030,56.540208742,81.039508066,26.000000,37.213123300,45,109,308,310,D:\桌面\dac\bs_inversion_pilot_v1\samples\train\tile_000296_site03.npz
tile_000301_site00,tile_000301,301,train,219,0,southwest,244.766307069,95.242272779,103.689431805,60.691576767,26.000000,63.336644391,220,245,280,308,D:\桌面\dac\bs_inversion_pilot_v1\samples\train\tile_000301_site00.npz
tile_000301_site01,tile_000301,301,train,219,1,southeast,322.878883054,235.391740235,68.652064941,80.219720763,26.000000,37.546513959,5,17,164,182,D:\桌面\dac\bs_inversion_pilot_v1\samples\train\tile_000301_site01.npz
tile_000301_site02,tile_000301,301,train,219,2,northwest,75.405662661,294.810411471,53.797397132,18.351415665,26.000000,35.805300840,7,16,17,77,D:\桌面\dac\bs_inversion_pilot_v1\samples\train\tile_000301_site02.npz
tile_000301_site03,tile_000301,301,train,219,3,northeast,365.180219259,384.272226137,31.431943466,90.795054815,26.000000,50.099097112,21,184,199,307,D:\桌面\dac\bs_inversion_pilot_v1\samples\train\tile_000301_site03.npz
tile_000302_site00,tile_000302,302,train,220,0,southwest,116.999370827,142.951260392,91.762184902,28.749842707,26.000000,41.657652164,42,138,143,266,D:\桌面\dac\bs_inversion_pilot_v1\samples\train\tile_000302_site00.npz
tile_000302_site01,tile_000302,302,train,220,1,southeast,286.960082868,242.238699883,66.940325029,71.240020717,26.000000,43.249749668,244,266,282,292,D:\桌面\dac\bs_inversion_pilot_v1\samples\train\tile_000302_site01.npz
tile_000302_site02,tile_000302,302,train,220,2,northwest,84.924575272,433.654770338,19.086307416,20.731143818,26.000000,53.374677157,21,29,83,261,D:\桌面\dac\bs_inversion_pilot_v1\samples\train\tile_000302_site02.npz
tile_000302_site03,tile_000302,302,train,220,3,northeast,358.524510309,438.782227110,17.804443222,89.131127577,26.000000,61.629550869,75,110,178,336,D:\桌面\dac\bs_inversion_pilot_v1\samples\train\tile_000302_site03.npz
tile_000304_site00,tile_000304,304,train,221,0,southwest,126.399012058,128.556915219,95.360771195,31.099753014,26.000000,69.839762003,126,150,200,239,D:\桌面\dac\bs_inversion_pilot_v1\samples\train\tile_000304_site00.npz
tile_000304_site01,tile_000304,304,train,221,1,southeast,354.841473217,153.351017557,89.162245611,88.210368304,26.000000,44.661652671,58,198,255,308,D:\桌面\dac\bs_inversion_pilot_v1\samples\train\tile_000304_site01.npz
tile_000304_site02,tile_000304,304,train,221,2,northwest,218.803196603,434.173855584,18.956536104,54.200799151,26.000000,41.070534349,90,112,304,322,D:\桌面\dac\bs_inversion_pilot_v1\samples\train\tile_000304_site02.npz
tile_000304_site03,tile_000304,304,train,221,3,northeast,337.765883625,278.660514013,57.834871497,83.941470906,26.000000,45.280315035,91,269,350,355,D:\桌面\dac\bs_inversion_pilot_v1\samples\train\tile_000304_site03.npz
tile_000306_site00,tile_000306,306,train,222,0,southwest,253.112712953,106.066813147,100.983296713,62.778178238,26.000000,46.443012733,39,101,220,328,D:\桌面\dac\bs_inversion_pilot_v1\samples\train\tile_000306_site00.npz
tile_000306_site01,tile_000306,306,train,222,1,southeast,402.652979400,65.314805778,111.171298556,100.163244850,26.000000,35.812898910,102,161,213,352,D:\桌面\dac\bs_inversion_pilot_v1\samples\train\tile_000306_site01.npz
tile_000306_site02,tile_000306,306,train,222,2,northwest,125.059867445,300.301377814,52.424655546,30.764966861,26.000000,58.045194005,71,203,251,280,D:\桌面\dac\bs_inversion_pilot_v1\samples\train\tile_000306_site02.npz
tile_000306_site03,tile_000306,306,train,222,3,northeast,399.302049913,390.299015685,29.925246079,99.325512478,26.000000,55.368163702,35,48,49,219,D:\桌面\dac\bs_inversion_pilot_v1\samples\train\tile_000306_site03.npz
tile_000307_site00,tile_000307,307,train,223,0,southwest,107.364957390,231.440753689,69.639811578,26.341239348,26.000000,47.746255917,173,204,245,322,D:\桌面\dac\bs_inversion_pilot_v1\samples\train\tile_000307_site00.npz
tile_000307_site01,tile_000307,307,train,223,1,southeast,346.182568645,236.377566330,68.405608417,86.045642161,26.000000,54.678055177,94,199,265,290,D:\桌面\dac\bs_inversion_pilot_v1\samples\train\tile_000307_site01.npz
tile_000307_site02,tile_000307,307,train,223,2,northwest,163.240558394,305.640565153,51.089858712,40.310139598,26.000000,36.956472325,136,144,176,307,D:\桌面\dac\bs_inversion_pilot_v1\samples\train\tile_000307_site02.npz
tile_000307_site03,tile_000307,307,train,223,3,northeast,418.604864743,382.889434471,31.777641382,104.151216186,26.000000,53.777579693,59,135,157,339,D:\桌面\dac\bs_inversion_pilot_v1\samples\train\tile_000307_site03.npz
tile_000308_site00,tile_000308,308,train,224,0,southwest,94.859412586,169.047684859,85.238078785,23.214853146,23.000000,63.506463747,30,90,186,318,D:\桌面\dac\bs_inversion_pilot_v1\samples\train\tile_000308_site00.npz
tile_000308_site01,tile_000308,308,train,224,1,southeast,307.768625892,240.021481845,67.494629539,76.442156473,23.000000,44.551149559,100,149,289,342,D:\桌面\dac\bs_inversion_pilot_v1\samples\train\tile_000308_site01.npz
tile_000308_site02,tile_000308,308,train,224,2,northwest,208.368706673,311.469139615,49.632715096,51.592176668,23.000000,50.941285301,66,100,120,251,D:\桌面\dac\bs_inversion_pilot_v1\samples\train\tile_000308_site02.npz
tile_000308_site03,tile_000308,308,train,224,3,northeast,436.060741362,331.943065402,44.514233649,108.515185341,23.000000,58.961914990,84,144,150,350,D:\桌面\dac\bs_inversion_pilot_v1\samples\train\tile_000308_site03.npz
tile_000309_site00,tile_000309,309,train,225,0,southwest,160.269446194,128.816508162,95.295872959,39.567361549,26.000000,38.868501009,71,131,174,207,D:\桌面\dac\bs_inversion_pilot_v1\samples\train\tile_000309_site00.npz
tile_000309_site01,tile_000309,309,train,225,1,southeast,342.255966453,87.902630022,105.524342495,85.063991613,26.000000,64.992577826,143,152,162,277,D:\桌面\dac\bs_inversion_pilot_v1\samples\train\tile_000309_site01.npz
tile_000309_site02,tile_000309,309,train,225,2,northwest,79.257481071,289.423275806,55.144181049,19.314370268,26.000000,69.952730141,21,37,210,243,D:\桌面\dac\bs_inversion_pilot_v1\samples\train\tile_000309_site02.npz
tile_000309_site03,tile_000309,309,train,225,3,northeast,305.948723019,311.510188856,49.622452786,75.987180755,26.000000,57.311073886,49,128,154,199,D:\桌面\dac\bs_inversion_pilot_v1\samples\train\tile_000309_site03.npz
tile_000311_site00,tile_000311,311,train,226,0,southwest,90.620291938,255.264113763,63.683971559,22.155072984,26.000000,61.760880672,37,115,132,321,D:\桌面\dac\bs_inversion_pilot_v1\samples\train\tile_000311_site00.npz
tile_000311_site01,tile_000311,311,train,226,1,southeast,311.233864657,87.213711578,105.696572105,77.308466164,26.000000,50.940912714,87,105,117,303,D:\桌面\dac\bs_inversion_pilot_v1\samples\train\tile_000311_site01.npz
tile_000311_site02,tile_000311,311,train,226,2,northwest,166.108375389,441.445590010,17.138602498,41.027093847,26.000000,53.517613589,64,139,143,174,D:\桌面\dac\bs_inversion_pilot_v1\samples\train\tile_000311_site02.npz
tile_000311_site03,tile_000311,311,train,226,3,northeast,357.152757864,425.392003844,21.151999039,88.788189466,26.000000,41.261239546,267,330,357,358,D:\桌面\dac\bs_inversion_pilot_v1\samples\train\tile_000311_site03.npz
tile_000312_site00,tile_000312,312,train,227,0,southwest,146.476236195,98.629772081,102.842556980,36.119059049,26.000000,41.623781025,56,252,323,326,D:\桌面\dac\bs_inversion_pilot_v1\samples\train\tile_000312_site00.npz
tile_000312_site01,tile_000312,312,train,227,1,southeast,337.907947102,70.707594380,109.823101405,83.976986775,26.000000,44.316926449,33,159,190,345,D:\桌面\dac\bs_inversion_pilot_v1\samples\train\tile_000312_site01.npz
tile_000312_site02,tile_000312,312,train,227,2,northwest,105.222677643,266.788581708,60.802854573,25.805669411,26.000000,48.587094105,6,209,230,281,D:\桌面\dac\bs_inversion_pilot_v1\samples\train\tile_000312_site02.npz
tile_000312_site03,tile_000312,312,train,227,3,northeast,422.522713569,414.677349370,23.830662658,105.130678392,26.000000,65.063471852,0,82,162,302,D:\桌面\dac\bs_inversion_pilot_v1\samples\train\tile_000312_site03.npz
tile_000316_site00,tile_000316,316,train,228,0,southwest,249.890416974,100.180826919,102.454793270,61.972604244,32.000000,60.359891225,3,279,326,330,D:\桌面\dac\bs_inversion_pilot_v1\samples\train\tile_000316_site00.npz
tile_000316_site01,tile_000316,316,train,228,1,southeast,397.781141408,79.064207813,107.733948047,98.945285352,32.000000,69.292859509,3,289,293,356,D:\桌面\dac\bs_inversion_pilot_v1\samples\train\tile_000316_site01.npz
tile_000316_site02,tile_000316,316,train,228,2,northwest,184.247582602,307.104179522,50.723955120,45.561895650,32.000000,40.599768606,96,293,310,328,D:\桌面\dac\bs_inversion_pilot_v1\samples\train\tile_000316_site02.npz
tile_000316_site03,tile_000316,316,train,228,3,northeast,277.276709894,402.449035748,26.887741063,68.819177474,32.000000,51.806899736,114,228,231,300,D:\桌面\dac\bs_inversion_pilot_v1\samples\train\tile_000316_site03.npz
tile_000317_site00,tile_000317,317,train,229,0,southwest,149.633582629,221.500635637,72.124841091,36.908395657,26.000000,37.642084385,10,141,310,340,D:\桌面\dac\bs_inversion_pilot_v1\samples\train\tile_000317_site00.npz
tile_000317_site01,tile_000317,317,train,229,1,southeast,421.604018777,140.745469893,92.313632527,104.901004694,26.000000,60.034434362,83,113,214,228,D:\桌面\dac\bs_inversion_pilot_v1\samples\train\tile_000317_site01.npz
tile_000317_site02,tile_000317,317,train,229,2,northwest,104.270976461,428.491048610,20.377237847,25.567744115,26.000000,45.286429105,57,133,191,218,D:\桌面\dac\bs_inversion_pilot_v1\samples\train\tile_000317_site02.npz
tile_000317_site03,tile_000317,317,train,229,3,northeast,444.947689617,408.127530691,25.468117327,110.736922404,26.000000,39.577541168,92,208,284,295,D:\桌面\dac\bs_inversion_pilot_v1\samples\train\tile_000317_site03.npz
tile_000318_site00,tile_000318,318,train,230,0,southwest,198.058020384,120.663367789,97.334158053,49.014505096,26.000000,59.908194148,91,165,217,304,D:\桌面\dac\bs_inversion_pilot_v1\samples\train\tile_000318_site00.npz
tile_000318_site01,tile_000318,318,train,230,1,southeast,263.841295445,176.538575876,83.365356031,65.460323861,26.000000,56.578138918,41,50,230,272,D:\桌面\dac\bs_inversion_pilot_v1\samples\train\tile_000318_site01.npz
tile_000318_site02,tile_000318,318,train,230,2,northwest,89.319150946,356.300083222,38.424979194,21.829787736,26.000000,44.145505565,74,186,190,243,D:\桌面\dac\bs_inversion_pilot_v1\samples\train\tile_000318_site02.npz
tile_000318_site03,tile_000318,318,train,230,3,northeast,433.204568044,420.251585771,22.437103557,107.801142011,26.000000,36.172299073,7,209,251,263,D:\桌面\dac\bs_inversion_pilot_v1\samples\train\tile_000318_site03.npz
tile_000319_site00,tile_000319,319,train,231,0,southwest,175.962167424,68.302998082,110.424250479,43.490541856,26.000000,39.565474498,48,59,88,192,D:\桌面\dac\bs_inversion_pilot_v1\samples\train\tile_000319_site00.npz
tile_000319_site01,tile_000319,319,train,231,1,southeast,356.316076883,233.608671456,69.097832136,88.579019221,26.000000,62.631425745,145,226,252,283,D:\桌面\dac\bs_inversion_pilot_v1\samples\train\tile_000319_site01.npz
tile_000319_site02,tile_000319,319,train,231,2,northwest,80.596885591,291.821488698,54.544627825,19.649221398,26.000000,41.142385713,58,122,165,329,D:\桌面\dac\bs_inversion_pilot_v1\samples\train\tile_000319_site02.npz
tile_000319_site03,tile_000319,319,train,231,3,northeast,272.068304918,265.551774081,61.112056480,67.517076229,26.000000,69.633192437,40,161,261,334,D:\桌面\dac\bs_inversion_pilot_v1\samples\train\tile_000319_site03.npz
tile_000320_site00,tile_000320,320,train,232,0,southwest,108.645835889,158.241525119,87.939618720,26.661458972,26.000000,55.906480085,82,261,262,263,D:\桌面\dac\bs_inversion_pilot_v1\samples\train\tile_000320_site00.npz
tile_000320_site01,tile_000320,320,train,232,1,southeast,410.382207486,230.711498814,69.822125296,102.095551872,26.000000,66.424329820,63,82,236,304,D:\桌面\dac\bs_inversion_pilot_v1\samples\train\tile_000320_site01.npz
tile_000320_site02,tile_000320,320,train,232,2,northwest,67.388820955,326.237716854,45.940570787,16.347205239,26.000000,57.134580111,24,115,194,274,D:\桌面\dac\bs_inversion_pilot_v1\samples\train\tile_000320_site02.npz
tile_000320_site03,tile_000320,320,train,232,3,northeast,295.530330796,430.926150007,19.768462498,73.382582699,26.000000,51.390919853,6,28,194,258,D:\桌面\dac\bs_inversion_pilot_v1\samples\train\tile_000320_site03.npz
tile_000321_site00,tile_000321,321,train,233,0,southwest,90.085106160,138.974421238,92.756394691,22.021276540,26.000000,66.413137962,98,144,281,305,D:\桌面\dac\bs_inversion_pilot_v1\samples\train\tile_000321_site00.npz
tile_000321_site01,tile_000321,321,train,233,1,southeast,271.387365744,239.519030111,67.620242472,67.346841436,26.000000,69.378962264,64,183,186,333,D:\桌面\dac\bs_inversion_pilot_v1\samples\train\tile_000321_site01.npz
tile_000321_site02,tile_000321,321,train,233,2,northwest,210.718864985,333.855958686,44.036010328,52.179716246,26.000000,35.912332317,31,75,90,202,D:\桌面\dac\bs_inversion_pilot_v1\samples\train\tile_000321_site02.npz
tile_000321_site03,tile_000321,321,train,233,3,northeast,333.612201697,290.918212779,54.770446805,82.903050424,26.000000,49.927916754,25,32,99,287,D:\桌面\dac\bs_inversion_pilot_v1\samples\train\tile_000321_site03.npz
tile_000322_site00,tile_000322,322,train,234,0,southwest,214.998608433,100.017353113,102.495661722,53.249652108,26.000000,67.377310342,87,89,134,147,D:\桌面\dac\bs_inversion_pilot_v1\samples\train\tile_000322_site00.npz
tile_000322_site01,tile_000322,322,train,234,1,southeast,306.446752317,223.942607367,71.514348158,76.111688079,26.000000,51.928621526,26,85,152,325,D:\桌面\dac\bs_inversion_pilot_v1\samples\train\tile_000322_site01.npz
tile_000322_site02,tile_000322,322,train,234,2,northwest,222.158075792,409.768299326,25.057925169,55.039518948,26.000000,68.167896533,34,75,166,331,D:\桌面\dac\bs_inversion_pilot_v1\samples\train\tile_000322_site02.npz
tile_000322_site03,tile_000322,322,train,234,3,northeast,309.287528646,383.922599784,31.519350054,76.821882162,26.000000,48.288647566,35,50,61,208,D:\桌面\dac\bs_inversion_pilot_v1\samples\train\tile_000322_site03.npz
tile_000323_site00,tile_000323,323,train,235,0,southwest,243.989725795,208.609617509,75.347595623,60.497431449,23.000000,64.315551711,107,135,159,160,D:\桌面\dac\bs_inversion_pilot_v1\samples\train\tile_000323_site00.npz
tile_000323_site01,tile_000323,323,train,235,1,southeast,417.517030061,229.035263340,70.241184165,103.879257515,23.000000,59.057161916,35,49,250,353,D:\桌面\dac\bs_inversion_pilot_v1\samples\train\tile_000323_site01.npz
tile_000323_site02,tile_000323,323,train,235,2,northwest,109.666160142,381.617122849,32.095719288,26.916540036,23.000000,48.184002769,0,143,217,247,D:\桌面\dac\bs_inversion_pilot_v1\samples\train\tile_000323_site02.npz
tile_000323_site03,tile_000323,323,train,235,3,northeast,296.675532190,338.964102012,42.758974497,73.668883048,23.000000,36.208079377,4,72,84,228,D:\桌面\dac\bs_inversion_pilot_v1\samples\train\tile_000323_site03.npz
tile_000324_site00,tile_000324,324,train,236,0,southwest,213.211049429,146.007824215,90.998043946,52.802762357,26.000000,63.924125665,49,141,169,222,D:\桌面\dac\bs_inversion_pilot_v1\samples\train\tile_000324_site00.npz
tile_000324_site01,tile_000324,324,train,236,1,southeast,293.861172845,82.758867747,106.810283063,72.965293211,26.000000,35.509387470,46,94,156,252,D:\桌面\dac\bs_inversion_pilot_v1\samples\train\tile_000324_site01.npz
tile_000324_site02,tile_000324,324,train,236,2,northwest,85.840498522,396.353187568,28.411703108,20.960124630,26.000000,44.412292841,134,284,304,314,D:\桌面\dac\bs_inversion_pilot_v1\samples\train\tile_000324_site02.npz
tile_000324_site03,tile_000324,324,train,236,3,northeast,362.404393098,299.685562562,52.578609359,90.101098274,26.000000,64.734929583,77,162,258,351,D:\桌面\dac\bs_inversion_pilot_v1\samples\train\tile_000324_site03.npz
tile_000325_site00,tile_000325,325,train,237,0,southwest,213.727175204,189.698610490,80.075347377,52.931793801,26.000000,62.157261386,57,77,105,224,D:\桌面\dac\bs_inversion_pilot_v1\samples\train\tile_000325_site00.npz
tile_000325_site01,tile_000325,325,train,237,1,southeast,420.869045779,114.415712614,98.896071846,104.717261445,26.000000,42.019984325,44,95,140,356,D:\桌面\dac\bs_inversion_pilot_v1\samples\train\tile_000325_site01.npz
tile_000325_site02,tile_000325,325,train,237,2,northwest,103.509828915,272.313789951,59.421552512,25.377457229,26.000000,35.678475556,78,254,256,279,D:\桌面\dac\bs_inversion_pilot_v1\samples\train\tile_000325_site02.npz
tile_000325_site03,tile_000325,325,train,237,3,northeast,447.370830451,391.801279987,29.549680003,111.342707613,26.000000,58.038727267,128,262,283,294,D:\桌面\dac\bs_inversion_pilot_v1\samples\train\tile_000325_site03.npz
tile_000327_site00,tile_000327,327,train,238,0,southwest,188.736112426,215.488685291,73.627828677,46.684028106,26.000000,63.854686210,60,100,217,350,D:\桌面\dac\bs_inversion_pilot_v1\samples\train\tile_000327_site00.npz
tile_000327_site01,tile_000327,327,train,238,1,southeast,385.998069513,186.740537410,80.814865648,95.999517378,26.000000,35.311672697,91,92,280,308,D:\桌面\dac\bs_inversion_pilot_v1\samples\train\tile_000327_site01.npz
tile_000327_site02,tile_000327,327,train,238,2,northwest,130.642844486,344.057785003,41.485553749,32.160711121,26.000000,51.893781154,3,94,211,225,D:\桌面\dac\bs_inversion_pilot_v1\samples\train\tile_000327_site02.npz
tile_000327_site03,tile_000327,327,train,238,3,northeast,288.409456084,278.055238614,57.986190346,71.602364021,26.000000,45.795191009,7,79,168,247,D:\桌面\dac\bs_inversion_pilot_v1\samples\train\tile_000327_site03.npz
tile_000328_site00,tile_000328,328,train,239,0,southwest,230.895004553,108.815975424,100.296006144,57.223751138,26.000000,59.049997952,25,158,341,342,D:\桌面\dac\bs_inversion_pilot_v1\samples\train\tile_000328_site00.npz
tile_000328_site01,tile_000328,328,train,239,1,southeast,342.752542522,130.002912149,94.999271963,85.188135631,26.000000,63.910311680,8,118,153,244,D:\桌面\dac\bs_inversion_pilot_v1\samples\train\tile_000328_site01.npz
tile_000328_site02,tile_000328,328,train,239,2,northwest,136.239808944,373.051093498,34.237226626,33.559952236,26.000000,40.855596837,106,157,310,315,D:\桌面\dac\bs_inversion_pilot_v1\samples\train\tile_000328_site02.npz
tile_000328_site03,tile_000328,328,train,239,3,northeast,312.883829868,348.806833120,40.298291720,77.720957467,26.000000,63.707623560,164,195,205,285,D:\桌面\dac\bs_inversion_pilot_v1\samples\train\tile_000328_site03.npz
tile_000329_site00,tile_000329,329,train,240,0,southwest,225.646303409,91.357170304,104.660707424,55.911575852,47.000000,47.182231626,46,64,116,156,D:\桌面\dac\bs_inversion_pilot_v1\samples\train\tile_000329_site00.npz
tile_000329_site01,tile_000329,329,train,240,1,southeast,431.212127663,213.096678022,74.225830495,107.303031916,47.000000,68.960414125,179,230,245,296,D:\桌面\dac\bs_inversion_pilot_v1\samples\train\tile_000329_site01.npz
tile_000329_site02,tile_000329,329,train,240,2,northwest,255.364934252,287.328245262,55.667938684,63.341233563,47.000000,65.167983302,75,115,156,275,D:\桌面\dac\bs_inversion_pilot_v1\samples\train\tile_000329_site02.npz
tile_000329_site03,tile_000329,329,train,240,3,northeast,376.146380905,341.165950768,42.208512308,93.536595226,47.000000,50.979011491,9,11,103,141,D:\桌面\dac\bs_inversion_pilot_v1\samples\train\tile_000329_site03.npz
tile_000330_site00,tile_000330,330,train,241,0,southwest,251.905560141,71.377857276,109.655535681,62.476390035,32.000000,46.755268824,7,79,162,315,D:\桌面\dac\bs_inversion_pilot_v1\samples\train\tile_000330_site00.npz
tile_000330_site01,tile_000330,330,train,241,1,southeast,305.130295842,171.393094955,84.651726261,75.782573961,32.000000,67.795410766,0,137,157,202,D:\桌面\dac\bs_inversion_pilot_v1\samples\train\tile_000330_site01.npz
tile_000330_site02,tile_000330,330,train,241,2,northwest,181.930094152,272.926343732,59.268414067,44.982523538,32.000000,51.288913203,126,191,244,260,D:\桌面\dac\bs_inversion_pilot_v1\samples\train\tile_000330_site02.npz
tile_000330_site03,tile_000330,330,train,241,3,northeast,331.463771073,370.047228862,34.988192785,82.365942768,32.000000,45.114055652,92,157,209,256,D:\桌面\dac\bs_inversion_pilot_v1\samples\train\tile_000330_site03.npz
tile_000331_site00,tile_000331,331,train,242,0,southwest,214.975277631,224.131059637,71.467235091,53.243819408,26.000000,45.627457781,118,138,289,347,D:\桌面\dac\bs_inversion_pilot_v1\samples\train\tile_000331_site00.npz
tile_000331_site01,tile_000331,331,train,242,1,southeast,328.369485591,92.378358679,104.405410330,81.592371398,26.000000,41.558494667,14,297,308,342,D:\桌面\dac\bs_inversion_pilot_v1\samples\train\tile_000331_site01.npz
tile_000331_site02,tile_000331,331,train,242,2,northwest,136.024654401,323.973053979,46.506736505,33.506163600,26.000000,67.708842586,72,111,176,225,D:\桌面\dac\bs_inversion_pilot_v1\samples\train\tile_000331_site02.npz
tile_000331_site03,tile_000331,331,train,242,3,northeast,421.463246165,301.452381692,52.136904577,104.865811541,26.000000,53.756379116,143,209,235,356,D:\桌面\dac\bs_inversion_pilot_v1\samples\train\tile_000331_site03.npz
tile_000332_site00,tile_000332,332,train,243,0,southwest,106.912062242,152.739943848,89.315014038,26.228015561,26.000000,61.971782253,95,155,222,358,D:\桌面\dac\bs_inversion_pilot_v1\samples\train\tile_000332_site00.npz
tile_000332_site01,tile_000332,332,train,243,1,southeast,329.733812494,212.065123891,74.483719027,81.933453123,26.000000,54.222819037,19,233,237,305,D:\桌面\dac\bs_inversion_pilot_v1\samples\train\tile_000332_site01.npz
tile_000332_site02,tile_000332,332,train,243,2,northwest,157.836756426,425.423579578,21.144105105,38.959189107,26.000000,44.665081668,70,159,255,312,D:\桌面\dac\bs_inversion_pilot_v1\samples\train\tile_000332_site02.npz
tile_000332_site03,tile_000332,332,train,243,3,northeast,345.664134305,404.700341500,26.324914625,85.916033576,26.000000,59.826452181,48,117,176,343,D:\桌面\dac\bs_inversion_pilot_v1\samples\train\tile_000332_site03.npz
tile_000333_site00,tile_000333,333,train,244,0,southwest,200.596765981,144.283243850,91.429189037,49.649191495,53.000000,64.876123510,110,117,199,254,D:\桌面\dac\bs_inversion_pilot_v1\samples\train\tile_000333_site00.npz
tile_000333_site01,tile_000333,333,train,244,1,southeast,415.256659387,221.583318224,72.104170444,103.314164847,53.000000,54.382249906,64,133,141,197,D:\桌面\dac\bs_inversion_pilot_v1\samples\train\tile_000333_site01.npz
tile_000333_site02,tile_000333,333,train,244,2,northwest,68.844031947,311.900621249,49.524844688,16.711007987,53.000000,69.792479850,99,193,327,352,D:\桌面\dac\bs_inversion_pilot_v1\samples\train\tile_000333_site02.npz
tile_000333_site03,tile_000333,333,train,244,3,northeast,372.169890748,365.511245907,36.122188523,92.542472687,53.000000,62.670788264,78,124,133,187,D:\桌面\dac\bs_inversion_pilot_v1\samples\train\tile_000333_site03.npz
tile_000335_site00,tile_000335,335,train,245,0,southwest,98.965194324,172.564605401,84.358848650,24.241298581,26.000000,43.979281406,135,142,146,285,D:\桌面\dac\bs_inversion_pilot_v1\samples\train\tile_000335_site00.npz
tile_000335_site01,tile_000335,335,train,245,1,southeast,327.072388700,183.441926246,81.639518438,81.268097175,26.000000,37.064447645,23,112,117,197,D:\桌面\dac\bs_inversion_pilot_v1\samples\train\tile_000335_site01.npz
tile_000335_site02,tile_000335,335,train,245,2,northwest,100.382567632,361.422524875,37.144368781,24.595641908,26.000000,59.608412646,9,74,78,279,D:\桌面\dac\bs_inversion_pilot_v1\samples\train\tile_000335_site02.npz
tile_000335_site03,tile_000335,335,train,245,3,northeast,337.770756939,436.824341460,18.293914635,83.942689235,26.000000,68.247307450,62,212,276,277,D:\桌面\dac\bs_inversion_pilot_v1\samples\train\tile_000335_site03.npz
tile_000336_site00,tile_000336,336,train,246,0,southwest,196.885590143,226.498091819,70.875477045,48.721397536,26.000000,52.285711572,61,109,262,288,D:\桌面\dac\bs_inversion_pilot_v1\samples\train\tile_000336_site00.npz
tile_000336_site01,tile_000336,336,train,246,1,southeast,387.922829601,132.723981601,94.319004600,96.480707400,26.000000,45.028360116,36,239,297,358,D:\桌面\dac\bs_inversion_pilot_v1\samples\train\tile_000336_site01.npz
tile_000336_site02,tile_000336,336,train,246,2,northwest,222.969231726,415.249066239,23.687733440,55.242307931,26.000000,56.654381363,48,91,151,201,D:\桌面\dac\bs_inversion_pilot_v1\samples\train\tile_000336_site02.npz
tile_000336_site03,tile_000336,336,train,246,3,northeast,311.412096855,411.184549152,24.703862712,77.353024214,26.000000,45.489869148,17,72,243,277,D:\桌面\dac\bs_inversion_pilot_v1\samples\train\tile_000336_site03.npz
tile_000337_site00,tile_000337,337,train,247,0,southwest,208.136713605,210.906637419,74.773340645,51.534178401,44.000000,65.548843249,54,63,164,234,D:\桌面\dac\bs_inversion_pilot_v1\samples\train\tile_000337_site00.npz
tile_000337_site01,tile_000337,337,train,247,1,southeast,445.893210659,118.029623108,97.992594223,110.973302665,44.000000,54.851621371,109,204,216,299,D:\桌面\dac\bs_inversion_pilot_v1\samples\train\tile_000337_site01.npz
tile_000337_site02,tile_000337,337,train,247,2,northwest,78.111873823,330.277174957,44.930706261,19.027968456,44.000000,67.997662390,106,122,138,213,D:\桌面\dac\bs_inversion_pilot_v1\samples\train\tile_000337_site02.npz
tile_000337_site03,tile_000337,337,train,247,3,northeast,371.294182051,296.074290187,53.481427453,92.323545513,44.000000,55.853421631,29,106,193,256,D:\桌面\dac\bs_inversion_pilot_v1\samples\train\tile_000337_site03.npz
tile_000338_site00,tile_000338,338,train,248,0,southwest,217.326028075,198.410107515,77.897473121,53.831507019,20.000000,38.351714180,26,222,232,264,D:\桌面\dac\bs_inversion_pilot_v1\samples\train\tile_000338_site00.npz
tile_000338_site01,tile_000338,338,train,248,1,southeast,433.817477289,96.637866569,103.340533358,107.954369322,20.000000,67.307593320,168,185,249,294,D:\桌面\dac\bs_inversion_pilot_v1\samples\train\tile_000338_site01.npz
tile_000338_site02,tile_000338,338,train,248,2,northwest,182.078374686,382.294251131,31.926437217,45.019593672,20.000000,68.703118576,6,159,319,337,D:\桌面\dac\bs_inversion_pilot_v1\samples\train\tile_000338_site02.npz
tile_000338_site03,tile_000338,338,train,248,3,northeast,380.212935063,271.989700595,59.502574851,94.553233766,20.000000,55.904058812,102,250,252,290,D:\桌面\dac\bs_inversion_pilot_v1\samples\train\tile_000338_site03.npz
tile_000339_site00,tile_000339,339,train,249,0,southwest,217.687608724,209.266643288,75.183339178,53.921902181,26.000000,51.092918555,169,174,267,346,D:\桌面\dac\bs_inversion_pilot_v1\samples\train\tile_000339_site00.npz
tile_000339_site01,tile_000339,339,train,249,1,southeast,263.438357988,72.141477256,109.464630686,65.359589497,26.000000,43.800990564,103,274,282,332,D:\桌面\dac\bs_inversion_pilot_v1\samples\train\tile_000339_site01.npz
tile_000339_site02,tile_000339,339,train,249,2,northwest,123.259181360,267.186587926,60.703353019,30.314795340,26.000000,43.008255305,60,82,226,279,D:\桌面\dac\bs_inversion_pilot_v1\samples\train\tile_000339_site02.npz
tile_000339_site03,tile_000339,339,train,249,3,northeast,432.110440788,294.125718855,53.968570286,107.527610197,26.000000,66.146791286,177,198,221,306,D:\桌面\dac\bs_inversion_pilot_v1\samples\train\tile_000339_site03.npz
tile_000340_site00,tile_000340,340,train,250,0,southwest,173.784492421,227.340467446,70.664883138,42.946123105,26.000000,43.961797486,70,75,185,260,D:\桌面\dac\bs_inversion_pilot_v1\samples\train\tile_000340_site00.npz
tile_000340_site01,tile_000340,340,train,250,1,southeast,345.166908183,198.340817659,77.914795585,85.791727046,26.000000,51.636354593,173,207,233,284,D:\桌面\dac\bs_inversion_pilot_v1\samples\train\tile_000340_site01.npz
tile_000340_site02,tile_000340,340,train,250,2,northwest,197.188971167,301.791661769,52.052084558,48.797242792,26.000000,55.697013853,43,111,238,348,D:\桌面\dac\bs_inversion_pilot_v1\samples\train\tile_000340_site02.npz
tile_000340_site03,tile_000340,340,train,250,3,northeast,382.808351962,440.826355200,17.293411200,95.202087991,26.000000,55.532405064,128,231,241,328,D:\桌面\dac\bs_inversion_pilot_v1\samples\train\tile_000340_site03.npz
tile_000342_site00,tile_000342,342,train,251,0,southwest,152.860922805,73.446229392,109.138442652,37.715230701,26.000000,40.949303648,14,76,88,122,D:\桌面\dac\bs_inversion_pilot_v1\samples\train\tile_000342_site00.npz
tile_000342_site01,tile_000342,342,train,251,1,southeast,287.113576945,102.143351045,101.964162239,71.278394236,26.000000,63.996280223,182,271,297,301,D:\桌面\dac\bs_inversion_pilot_v1\samples\train\tile_000342_site01.npz
tile_000342_site02,tile_000342,342,train,251,2,northwest,173.920591121,413.354106325,24.161473419,42.980147780,26.000000,43.849708862,164,178,307,318,D:\桌面\dac\bs_inversion_pilot_v1\samples\train\tile_000342_site02.npz
tile_000342_site03,tile_000342,342,train,251,3,northeast,446.655583698,302.363571484,51.909107129,111.163895924,26.000000,48.927302817,37,59,107,180,D:\桌面\dac\bs_inversion_pilot_v1\samples\train\tile_000342_site03.npz
tile_000343_site00,tile_000343,343,train,252,0,southwest,85.360292230,165.530609004,86.117347749,20.840073058,26.000000,41.523326303,175,183,184,192,D:\桌面\dac\bs_inversion_pilot_v1\samples\train\tile_000343_site00.npz
tile_000343_site01,tile_000343,343,train,252,1,southeast,295.523244238,89.297667871,105.175583032,73.380811060,26.000000,57.894273358,27,161,168,193,D:\桌面\dac\bs_inversion_pilot_v1\samples\train\tile_000343_site01.npz
tile_000343_site02,tile_000343,343,train,252,2,northwest,170.115742233,260.272190714,62.431952322,42.028935558,26.000000,51.309039670,18,260,305,331,D:\桌面\dac\bs_inversion_pilot_v1\samples\train\tile_000343_site02.npz
tile_000343_site03,tile_000343,343,train,252,3,northeast,276.664342248,343.770336324,41.557415919,68.666085562,26.000000,61.950973027,56,132,150,341,D:\桌面\dac\bs_inversion_pilot_v1\samples\train\tile_000343_site03.npz
tile_000344_site00,tile_000344,344,train,253,0,southwest,232.173246693,222.906910790,71.773272302,57.543311673,26.000000,65.746285350,169,194,331,350,D:\桌面\dac\bs_inversion_pilot_v1\samples\train\tile_000344_site00.npz
tile_000344_site01,tile_000344,344,train,253,1,southeast,426.323034906,183.059611752,81.735097062,106.080758727,26.000000,52.281975537,22,93,243,347,D:\桌面\dac\bs_inversion_pilot_v1\samples\train\tile_000344_site01.npz
tile_000344_site02,tile_000344,344,train,253,2,northwest,74.340099691,361.570299560,37.107425110,18.085024923,26.000000,49.350767358,6,18,79,214,D:\桌面\dac\bs_inversion_pilot_v1\samples\train\tile_000344_site02.npz
tile_000344_site03,tile_000344,344,train,253,3,northeast,395.196378132,303.177254214,51.705686446,98.299094533,26.000000,36.581049582,71,161,326,351,D:\桌面\dac\bs_inversion_pilot_v1\samples\train\tile_000344_site03.npz
tile_000345_site00,tile_000345,345,train,254,0,southwest,221.612573016,190.830336352,79.792415912,54.903143254,26.000000,35.740550100,140,290,341,353,D:\桌面\dac\bs_inversion_pilot_v1\samples\train\tile_000345_site00.npz
tile_000345_site01,tile_000345,345,train,254,1,southeast,431.158826167,96.271866271,103.432033432,107.289706542,26.000000,67.387512277,123,126,185,319,D:\桌面\dac\bs_inversion_pilot_v1\samples\train\tile_000345_site01.npz
tile_000345_site02,tile_000345,345,train,254,2,northwest,69.219740961,447.534054424,15.616486394,16.804935240,26.000000,49.391843466,122,155,329,338,D:\桌面\dac\bs_inversion_pilot_v1\samples\train\tile_000345_site02.npz
tile_000345_site03,tile_000345,345,train,254,3,northeast,340.184073696,258.684761143,62.828809714,84.546018424,26.000000,68.974591887,10,75,135,203,D:\桌面\dac\bs_inversion_pilot_v1\samples\train\tile_000345_site03.npz
tile_000346_site00,tile_000346,346,train,255,0,southwest,79.976275959,92.873301857,104.281674536,19.494068990,26.000000,38.053367483,95,107,192,333,D:\桌面\dac\bs_inversion_pilot_v1\samples\train\tile_000346_site00.npz
tile_000346_site01,tile_000346,346,train,255,1,southeast,318.357617634,85.894249696,106.026437576,79.089404409,26.000000,37.867420009,47,257,316,324,D:\桌面\dac\bs_inversion_pilot_v1\samples\train\tile_000346_site01.npz
tile_000346_site02,tile_000346,346,train,255,2,northwest,75.316555421,327.431291110,45.642177223,18.329138855,26.000000,57.121795469,183,237,242,336,D:\桌面\dac\bs_inversion_pilot_v1\samples\train\tile_000346_site02.npz
tile_000346_site03,tile_000346,346,train,255,3,northeast,380.189932605,348.667200273,40.333199932,94.547483151,26.000000,65.686618871,116,119,214,316,D:\桌面\dac\bs_inversion_pilot_v1\samples\train\tile_000346_site03.npz
tile_000001_site00,tile_000001,1,val,0,0,southwest,96.847410558,255.905642999,63.523589250,23.711852640,26.000000,47.258352097,114,144,177,254,D:\桌面\dac\bs_inversion_pilot_v1\samples\val\tile_000001_site00.npz
tile_000001_site01,tile_000001,1,val,0,1,southeast,290.321270850,166.939118343,85.765220414,72.080317713,26.000000,52.590266786,11,75,138,167,D:\桌面\dac\bs_inversion_pilot_v1\samples\val\tile_000001_site01.npz
tile_000001_site02,tile_000001,1,val,0,2,northwest,65.143995493,409.711190450,25.072202387,15.785998873,26.000000,59.902574470,43,132,224,331,D:\桌面\dac\bs_inversion_pilot_v1\samples\val\tile_000001_site02.npz
tile_000001_site03,tile_000001,1,val,0,3,northeast,285.895131060,307.020901032,50.744774742,70.973782765,26.000000,43.047191188,164,172,252,359,D:\桌面\dac\bs_inversion_pilot_v1\samples\val\tile_000001_site03.npz
tile_000009_site00,tile_000009,9,val,1,0,southwest,135.131992141,145.371966131,91.157008467,33.282998035,32.000000,51.702073914,36,173,207,216,D:\桌面\dac\bs_inversion_pilot_v1\samples\val\tile_000009_site00.npz
tile_000009_site01,tile_000009,9,val,1,1,southeast,407.559471588,77.373591540,108.156602115,101.389867897,32.000000,49.516506976,153,192,233,303,D:\桌面\dac\bs_inversion_pilot_v1\samples\val\tile_000009_site01.npz
tile_000009_site02,tile_000009,9,val,1,2,northwest,211.419155663,420.554503078,22.361374230,52.354788916,32.000000,39.354827567,168,187,216,247,D:\桌面\dac\bs_inversion_pilot_v1\samples\val\tile_000009_site02.npz
tile_000009_site03,tile_000009,9,val,1,3,northeast,288.980658667,393.880872725,29.029781819,71.745164667,32.000000,43.200204404,5,34,168,354,D:\桌面\dac\bs_inversion_pilot_v1\samples\val\tile_000009_site03.npz
tile_000010_site00,tile_000010,10,val,2,0,southwest,123.267141098,114.753889190,98.811527702,30.316785275,23.000000,56.366014301,0,46,158,206,D:\桌面\dac\bs_inversion_pilot_v1\samples\val\tile_000010_site00.npz
tile_000010_site01,tile_000010,10,val,2,1,southeast,300.855183521,110.746680112,99.813329972,74.713795880,23.000000,35.714696785,1,43,172,315,D:\桌面\dac\bs_inversion_pilot_v1\samples\val\tile_000010_site01.npz
tile_000010_site02,tile_000010,10,val,2,2,northwest,199.903647570,395.043152097,28.739211976,49.475911892,23.000000,35.564145948,4,64,304,335,D:\桌面\dac\bs_inversion_pilot_v1\samples\val\tile_000010_site02.npz
tile_000010_site03,tile_000010,10,val,2,3,northeast,302.840502764,263.247134735,61.688216316,75.210125691,23.000000,42.051309877,10,35,289,359,D:\桌面\dac\bs_inversion_pilot_v1\samples\val\tile_000010_site03.npz
tile_000014_site00,tile_000014,14,val,3,0,southwest,118.578357732,232.601180147,69.349704963,29.144589433,41.000000,53.446191138,45,54,152,276,D:\桌面\dac\bs_inversion_pilot_v1\samples\val\tile_000014_site00.npz
tile_000014_site01,tile_000014,14,val,3,1,southeast,266.187844048,243.837121063,66.540719734,66.046961012,41.000000,53.793963401,36,83,160,275,D:\桌面\dac\bs_inversion_pilot_v1\samples\val\tile_000014_site01.npz
tile_000014_site02,tile_000014,14,val,3,2,northwest,114.308005747,362.599427814,36.850143047,28.077001437,41.000000,52.421751068,30,111,134,216,D:\桌面\dac\bs_inversion_pilot_v1\samples\val\tile_000014_site02.npz
tile_000014_site03,tile_000014,14,val,3,3,northeast,291.539200491,417.311337174,23.172165707,72.384800123,41.000000,58.457473162,18,230,274,306,D:\桌面\dac\bs_inversion_pilot_v1\samples\val\tile_000014_site03.npz
tile_000021_site00,tile_000021,21,val,4,0,southwest,187.502310748,95.694817934,103.576295516,46.375577687,23.000000,66.054105051,71,225,318,326,D:\桌面\dac\bs_inversion_pilot_v1\samples\val\tile_000021_site00.npz
tile_000021_site01,tile_000021,21,val,4,1,southeast,390.699177521,107.827625874,100.543093532,97.174794380,23.000000,61.049472564,15,88,112,294,D:\桌面\dac\bs_inversion_pilot_v1\samples\val\tile_000021_site01.npz
tile_000021_site02,tile_000021,21,val,4,2,northwest,173.967088150,424.158037768,21.460490558,42.991772037,23.000000,60.053499820,129,141,216,326,D:\桌面\dac\bs_inversion_pilot_v1\samples\val\tile_000021_site02.npz
tile_000021_site03,tile_000021,21,val,4,3,northeast,442.393641538,325.220291574,46.194927107,110.098410384,23.000000,52.541903074,155,166,176,191,D:\桌面\dac\bs_inversion_pilot_v1\samples\val\tile_000021_site03.npz
tile_000082_site00,tile_000082,82,val,5,0,southwest,163.507199733,166.005806206,85.998548449,40.376799933,26.000000,66.223744524,70,88,104,273,D:\桌面\dac\bs_inversion_pilot_v1\samples\val\tile_000082_site00.npz
tile_000082_site01,tile_000082,82,val,5,1,southeast,434.022717293,92.119817881,104.470045530,108.005679323,26.000000,40.018218486,24,141,280,281,D:\桌面\dac\bs_inversion_pilot_v1\samples\val\tile_000082_site01.npz
tile_000082_site02,tile_000082,82,val,5,2,northwest,109.163351939,265.249849606,61.187537598,26.790837985,26.000000,48.690005831,254,262,311,328,D:\桌面\dac\bs_inversion_pilot_v1\samples\val\tile_000082_site02.npz
tile_000082_site03,tile_000082,82,val,5,3,northeast,302.329996040,445.580870508,16.104782373,75.082499010,26.000000,64.525381950,79,146,235,352,D:\桌面\dac\bs_inversion_pilot_v1\samples\val\tile_000082_site03.npz
tile_000104_site00,tile_000104,104,val,6,0,southwest,162.612652840,139.557986500,92.610503375,40.153163210,32.000000,35.344176851,40,99,147,158,D:\桌面\dac\bs_inversion_pilot_v1\samples\val\tile_000104_site00.npz
tile_000104_site01,tile_000104,104,val,6,1,southeast,409.223192146,228.911186894,70.272203277,101.805798037,32.000000,35.925143938,50,84,180,346,D:\桌面\dac\bs_inversion_pilot_v1\samples\val\tile_000104_site01.npz
tile_000104_site02,tile_000104,104,val,6,2,northwest,169.333041305,342.193103771,41.951724057,41.833260326,32.000000,56.999365138,94,288,306,337,D:\桌面\dac\bs_inversion_pilot_v1\samples\val\tile_000104_site02.npz
tile_000104_site03,tile_000104,104,val,6,3,northeast,311.590911835,260.203340656,62.449164836,77.397727959,32.000000,61.655570467,108,221,278,343,D:\桌面\dac\bs_inversion_pilot_v1\samples\val\tile_000104_site03.npz
tile_000117_site00,tile_000117,117,val,7,0,southwest,126.115959954,108.835553827,100.291111543,31.028989988,53.000000,43.458365337,134,156,265,268,D:\桌面\dac\bs_inversion_pilot_v1\samples\val\tile_000117_site00.npz
tile_000117_site01,tile_000117,117,val,7,1,southeast,411.744355546,214.286621392,73.928344652,102.436088886,53.000000,46.228748157,201,224,258,268,D:\桌面\dac\bs_inversion_pilot_v1\samples\val\tile_000117_site01.npz
tile_000117_site02,tile_000117,117,val,7,2,northwest,209.457804250,278.927176442,57.768205890,51.864451063,53.000000,64.172396845,86,130,318,336,D:\桌面\dac\bs_inversion_pilot_v1\samples\val\tile_000117_site02.npz
tile_000117_site03,tile_000117,117,val,7,3,northeast,442.139503633,293.048280563,54.237929859,110.034875908,53.000000,48.279029638,4,99,180,297,D:\桌面\dac\bs_inversion_pilot_v1\samples\val\tile_000117_site03.npz
tile_000133_site00,tile_000133,133,val,8,0,southwest,201.968732424,204.402763551,76.399309112,49.992183106,32.000000,66.301121746,21,179,222,287,D:\桌面\dac\bs_inversion_pilot_v1\samples\val\tile_000133_site00.npz
tile_000133_site01,tile_000133,133,val,8,1,southeast,261.940957503,233.479179396,69.130205151,64.985239376,32.000000,69.986286557,80,252,273,335,D:\桌面\dac\bs_inversion_pilot_v1\samples\val\tile_000133_site01.npz
tile_000133_site02,tile_000133,133,val,8,2,northwest,152.884395014,314.553272901,48.861681775,37.721098754,32.000000,48.727436973,164,247,276,326,D:\桌面\dac\bs_inversion_pilot_v1\samples\val\tile_000133_site02.npz
tile_000133_site03,tile_000133,133,val,8,3,northeast,396.164311148,350.963669499,39.759082625,98.541077787,32.000000,42.406659181,139,161,199,231,D:\桌面\dac\bs_inversion_pilot_v1\samples\val\tile_000133_site03.npz
tile_000137_site00,tile_000137,137,val,9,0,southwest,251.964313775,156.302522197,88.424369451,62.491078444,23.000000,56.794668727,0,34,158,359,D:\桌面\dac\bs_inversion_pilot_v1\samples\val\tile_000137_site00.npz
tile_000137_site01,tile_000137,137,val,9,1,southeast,395.723045898,143.886236016,91.528440996,98.430761475,23.000000,49.143635420,99,143,220,336,D:\桌面\dac\bs_inversion_pilot_v1\samples\val\tile_000137_site01.npz
tile_000137_site02,tile_000137,137,val,9,2,northwest,64.372700112,307.185502941,50.703624265,15.593175028,23.000000,41.863359433,44,78,217,247,D:\桌面\dac\bs_inversion_pilot_v1\samples\val\tile_000137_site02.npz
tile_000137_site03,tile_000137,137,val,9,3,northeast,406.785400370,304.359656815,51.410085796,101.196350092,23.000000,35.539114195,173,197,216,260,D:\桌面\dac\bs_inversion_pilot_v1\samples\val\tile_000137_site03.npz
tile_000138_site00,tile_000138,138,val,10,0,southwest,72.993744530,122.275315568,96.931171108,17.748436132,23.000000,44.735905566,31,162,196,310,D:\桌面\dac\bs_inversion_pilot_v1\samples\val\tile_000138_site00.npz
tile_000138_site01,tile_000138,138,val,10,1,southeast,423.755442778,140.891808202,92.277047949,105.438860695,23.000000,56.435940285,23,72,203,315,D:\桌面\dac\bs_inversion_pilot_v1\samples\val\tile_000138_site01.npz
tile_000138_site02,tile_000138,138,val,10,2,northwest,67.724557557,343.427647575,41.643088106,16.431139389,23.000000,46.235341584,10,46,88,296,D:\桌面\dac\bs_inversion_pilot_v1\samples\val\tile_000138_site02.npz
tile_000138_site03,tile_000138,138,val,10,3,northeast,275.728858046,418.820852331,22.794786917,68.432214511,23.000000,43.374866906,21,50,157,321,D:\桌面\dac\bs_inversion_pilot_v1\samples\val\tile_000138_site03.npz
tile_000148_site00,tile_000148,148,val,11,0,southwest,207.210745537,216.056533627,73.485866593,51.302686384,23.000000,48.910366050,78,150,153,212,D:\桌面\dac\bs_inversion_pilot_v1\samples\val\tile_000148_site00.npz
tile_000148_site01,tile_000148,148,val,11,1,southeast,300.316871859,135.557030516,93.610742371,74.579217965,23.000000,58.608932289,8,78,83,333,D:\桌面\dac\bs_inversion_pilot_v1\samples\val\tile_000148_site01.npz
tile_000148_site02,tile_000148,148,val,11,2,northwest,127.428546193,443.811897660,16.547025585,31.357136548,23.000000,61.475642267,194,236,353,359,D:\桌面\dac\bs_inversion_pilot_v1\samples\val\tile_000148_site02.npz
tile_000148_site03,tile_000148,148,val,11,3,northeast,329.933521758,338.953016252,42.761745937,81.983380440,23.000000,48.084818130,31,103,216,287,D:\桌面\dac\bs_inversion_pilot_v1\samples\val\tile_000148_site03.npz
tile_000162_site00,tile_000162,162,val,12,0,southwest,131.690051635,218.363445989,72.909138503,32.422512909,23.000000,65.014674847,139,318,336,346,D:\桌面\dac\bs_inversion_pilot_v1\samples\val\tile_000162_site00.npz
tile_000162_site01,tile_000162,162,val,12,1,southeast,424.383358440,254.936409233,63.765897692,105.595839610,23.000000,43.050005982,18,75,122,125,D:\桌面\dac\bs_inversion_pilot_v1\samples\val\tile_000162_site01.npz
tile_000162_site02,tile_000162,162,val,12,2,northwest,183.818442616,344.292087680,41.426978080,45.454610654,23.000000,67.779248885,31,104,257,271,D:\桌面\dac\bs_inversion_pilot_v1\samples\val\tile_000162_site02.npz
tile_000162_site03,tile_000162,162,val,12,3,northeast,287.138209183,350.668876441,39.832780890,71.284552296,23.000000,48.291176502,22,30,208,219,D:\桌面\dac\bs_inversion_pilot_v1\samples\val\tile_000162_site03.npz
tile_000163_site00,tile_000163,163,val,13,0,southwest,153.860985744,144.081341668,91.479664583,37.965246436,23.000000,43.083039876,154,253,257,320,D:\桌面\dac\bs_inversion_pilot_v1\samples\val\tile_000163_site00.npz
tile_000163_site01,tile_000163,163,val,13,1,southeast,323.740311210,101.566048869,102.108487783,80.435077802,23.000000,56.603263387,80,105,162,251,D:\桌面\dac\bs_inversion_pilot_v1\samples\val\tile_000163_site01.npz
tile_000163_site02,tile_000163,163,val,13,2,northwest,226.895104047,352.934946522,39.266263370,56.223776012,23.000000,44.246875635,247,264,284,340,D:\桌面\dac\bs_inversion_pilot_v1\samples\val\tile_000163_site02.npz
tile_000163_site03,tile_000163,163,val,13,3,northeast,270.675036038,407.673722704,25.581569324,67.168759009,23.000000,61.017927864,56,69,204,300,D:\桌面\dac\bs_inversion_pilot_v1\samples\val\tile_000163_site03.npz
tile_000177_site00,tile_000177,177,val,14,0,southwest,141.025110029,161.262525226,87.184368694,34.756277507,116.000000,39.961145262,4,57,150,322,D:\桌面\dac\bs_inversion_pilot_v1\samples\val\tile_000177_site00.npz
tile_000177_site01,tile_000177,177,val,14,1,southeast,294.209438576,123.437059568,96.640735108,73.052359644,116.000000,58.565640589,42,191,259,289,D:\桌面\dac\bs_inversion_pilot_v1\samples\val\tile_000177_site01.npz
tile_000177_site02,tile_000177,177,val,14,2,northwest,199.171669207,317.899317059,48.025170735,49.292917302,116.000000,60.134195224,15,126,159,186,D:\桌面\dac\bs_inversion_pilot_v1\samples\val\tile_000177_site02.npz
tile_000177_site03,tile_000177,177,val,14,3,northeast,283.628699689,426.895618950,20.776095263,70.407174922,116.000000,38.550207268,144,224,334,351,D:\桌面\dac\bs_inversion_pilot_v1\samples\val\tile_000177_site03.npz
tile_000181_site00,tile_000181,181,val,15,0,southwest,201.003289487,211.608444802,74.597888800,49.750822372,26.000000,35.305078028,18,78,199,261,D:\桌面\dac\bs_inversion_pilot_v1\samples\val\tile_000181_site00.npz
tile_000181_site01,tile_000181,181,val,15,1,southeast,306.850045765,177.293517676,83.176620581,76.212511441,26.000000,59.130321480,98,229,306,357,D:\桌面\dac\bs_inversion_pilot_v1\samples\val\tile_000181_site01.npz
tile_000181_site02,tile_000181,181,val,15,2,northwest,118.651378853,376.721011100,33.319747225,29.162844713,26.000000,56.455243268,240,276,305,350,D:\桌面\dac\bs_inversion_pilot_v1\samples\val\tile_000181_site02.npz
tile_000181_site03,tile_000181,181,val,15,3,northeast,378.320879677,315.657029779,48.585742555,94.080219919,26.000000,61.709229097,31,43,250,355,D:\桌面\dac\bs_inversion_pilot_v1\samples\val\tile_000181_site03.npz
tile_000182_site00,tile_000182,182,val,16,0,southwest,207.749496564,226.628603656,70.842849086,51.437374141,26.000000,37.152721476,74,284,303,328,D:\桌面\dac\bs_inversion_pilot_v1\samples\val\tile_000182_site00.npz
tile_000182_site01,tile_000182,182,val,16,1,southeast,427.804623268,110.318015142,99.920496214,106.451155817,26.000000,49.911572585,120,231,293,357,D:\桌面\dac\bs_inversion_pilot_v1\samples\val\tile_000182_site01.npz
tile_000182_site02,tile_000182,182,val,16,2,northwest,94.978225134,347.547754444,40.613061389,23.244556283,26.000000,48.369583882,33,111,175,285,D:\桌面\dac\bs_inversion_pilot_v1\samples\val\tile_000182_site02.npz
tile_000182_site03,tile_000182,182,val,16,3,northeast,257.580180646,427.269452370,20.682636907,63.895045161,26.000000,39.823909956,86,118,135,246,D:\桌面\dac\bs_inversion_pilot_v1\samples\val\tile_000182_site03.npz
tile_000192_site00,tile_000192,192,val,17,0,southwest,208.246904301,196.816044259,78.295988935,51.561726075,26.000000,35.343563593,142,147,149,235,D:\桌面\dac\bs_inversion_pilot_v1\samples\val\tile_000192_site00.npz
tile_000192_site01,tile_000192,192,val,17,1,southeast,275.493062869,99.239573004,102.690106749,68.373265717,26.000000,48.449749249,145,199,228,309,D:\桌面\dac\bs_inversion_pilot_v1\samples\val\tile_000192_site01.npz
tile_000192_site02,tile_000192,192,val,17,2,northwest,155.915801763,268.616759842,60.345810040,38.478950441,26.000000,67.883855859,36,130,163,252,D:\桌面\dac\bs_inversion_pilot_v1\samples\val\tile_000192_site02.npz
tile_000192_site03,tile_000192,192,val,17,3,northeast,327.350713148,425.986187470,21.003453133,81.337678287,26.000000,36.352426040,134,142,297,355,D:\桌面\dac\bs_inversion_pilot_v1\samples\val\tile_000192_site03.npz
tile_000203_site00,tile_000203,203,val,18,0,southwest,223.825160778,206.063459314,75.984135171,55.456290194,53.000000,41.710858028,90,198,328,340,D:\桌面\dac\bs_inversion_pilot_v1\samples\val\tile_000203_site00.npz
tile_000203_site01,tile_000203,203,val,18,1,southeast,333.907233757,150.209184554,89.947703861,82.976808439,53.000000,39.090192495,21,112,163,175,D:\桌面\dac\bs_inversion_pilot_v1\samples\val\tile_000203_site01.npz
tile_000203_site02,tile_000203,203,val,18,2,northwest,162.352437819,371.271344113,34.682163972,40.088109455,53.000000,38.822960442,29,77,328,331,D:\桌面\dac\bs_inversion_pilot_v1\samples\val\tile_000203_site02.npz
tile_000203_site03,tile_000203,203,val,18,3,northeast,319.105425090,401.460333301,27.134916675,79.276356272,53.000000,66.236735191,35,42,66,125,D:\桌面\dac\bs_inversion_pilot_v1\samples\val\tile_000203_site03.npz
tile_000204_site00,tile_000204,204,val,19,0,southwest,72.711705559,142.392773050,91.901806738,17.677926390,23.000000,65.707950364,4,163,340,357,D:\桌面\dac\bs_inversion_pilot_v1\samples\val\tile_000204_site00.npz
tile_000204_site01,tile_000204,204,val,19,1,southeast,443.619015784,216.183718279,73.454070430,110.404753946,23.000000,66.368070920,136,196,215,245,D:\桌面\dac\bs_inversion_pilot_v1\samples\val\tile_000204_site01.npz
tile_000204_site02,tile_000204,204,val,19,2,northwest,107.976302229,332.301954848,44.424511288,26.494075557,23.000000,42.685506349,135,223,334,344,D:\桌面\dac\bs_inversion_pilot_v1\samples\val\tile_000204_site02.npz
tile_000204_site03,tile_000204,204,val,19,3,northeast,361.614230556,284.535902253,56.366024437,89.903557639,23.000000,46.780702681,66,87,244,342,D:\桌面\dac\bs_inversion_pilot_v1\samples\val\tile_000204_site03.npz
tile_000224_site00,tile_000224,224,val,20,0,southwest,250.338619704,158.968553233,87.757861692,62.084654926,35.000000,61.462795358,102,175,242,334,D:\桌面\dac\bs_inversion_pilot_v1\samples\val\tile_000224_site00.npz
tile_000224_site01,tile_000224,224,val,20,1,southeast,398.894266323,204.589900974,76.352524757,99.223566581,35.000000,46.768381709,55,98,154,337,D:\桌面\dac\bs_inversion_pilot_v1\samples\val\tile_000224_site01.npz
tile_000224_site02,tile_000224,224,val,20,2,northwest,93.371671737,282.620168325,56.844957919,22.842917934,35.000000,54.769322972,106,109,276,309,D:\桌面\dac\bs_inversion_pilot_v1\samples\val\tile_000224_site02.npz
tile_000224_site03,tile_000224,224,val,20,3,northeast,424.312600785,309.470348368,50.132412908,105.578150196,35.000000,54.633640010,99,285,296,346,D:\桌面\dac\bs_inversion_pilot_v1\samples\val\tile_000224_site03.npz
tile_000225_site00,tile_000225,225,val,21,0,southwest,136.440847128,147.787468201,90.553132950,33.610211782,26.000000,60.276526042,30,131,243,332,D:\桌面\dac\bs_inversion_pilot_v1\samples\val\tile_000225_site00.npz
tile_000225_site01,tile_000225,225,val,21,1,southeast,412.864227453,78.805684702,107.798578825,102.716056863,26.000000,36.852237917,42,79,157,178,D:\桌面\dac\bs_inversion_pilot_v1\samples\val\tile_000225_site01.npz
tile_000225_site02,tile_000225,225,val,21,2,northwest,92.942877437,425.191632541,21.202091865,22.735719359,26.000000,53.520969990,2,86,175,350,D:\桌面\dac\bs_inversion_pilot_v1\samples\val\tile_000225_site02.npz
tile_000225_site03,tile_000225,225,val,21,3,northeast,433.430757707,381.246874901,32.188281275,107.857689427,26.000000,67.750547078,15,225,235,300,D:\桌面\dac\bs_inversion_pilot_v1\samples\val\tile_000225_site03.npz
tile_000231_site00,tile_000231,231,val,22,0,southwest,98.542479688,72.516647911,109.370838022,24.135619922,26.000000,67.953004378,71,140,255,345,D:\桌面\dac\bs_inversion_pilot_v1\samples\val\tile_000231_site00.npz
tile_000231_site01,tile_000231,231,val,22,1,southeast,346.948444789,177.189904757,83.202523811,86.237111197,26.000000,42.308584488,173,224,285,343,D:\桌面\dac\bs_inversion_pilot_v1\samples\val\tile_000231_site01.npz
tile_000231_site02,tile_000231,231,val,22,2,northwest,147.394888010,381.959554320,32.010111420,36.348722003,26.000000,57.131884660,55,98,122,279,D:\桌面\dac\bs_inversion_pilot_v1\samples\val\tile_000231_site02.npz
tile_000231_site03,tile_000231,231,val,22,3,northeast,378.131528203,380.919466246,32.270133439,94.032882051,26.000000,43.510604765,44,187,192,299,D:\桌面\dac\bs_inversion_pilot_v1\samples\val\tile_000231_site03.npz
tile_000244_site00,tile_000244,244,val,23,0,southwest,193.981343330,190.610580098,79.847354975,47.995335833,23.000000,49.806312556,157,330,345,358,D:\桌面\dac\bs_inversion_pilot_v1\samples\val\tile_000244_site00.npz
tile_000244_site01,tile_000244,244,val,23,1,southeast,436.950788587,224.219281082,71.445179730,108.737697147,23.000000,49.271217944,5,140,249,293,D:\桌面\dac\bs_inversion_pilot_v1\samples\val\tile_000244_site01.npz
tile_000244_site02,tile_000244,244,val,23,2,northwest,232.503920441,375.363686402,33.659078400,57.625980110,23.000000,66.147664815,67,160,189,350,D:\桌面\dac\bs_inversion_pilot_v1\samples\val\tile_000244_site02.npz
tile_000244_site03,tile_000244,244,val,23,3,northeast,433.730927564,316.714146839,48.321463290,107.932731891,23.000000,58.688218717,31,34,133,224,D:\桌面\dac\bs_inversion_pilot_v1\samples\val\tile_000244_site03.npz
tile_000249_site00,tile_000249,249,val,24,0,southwest,127.512159742,145.525951607,91.118512098,31.378039936,26.000000,36.876385252,86,128,158,235,D:\桌面\dac\bs_inversion_pilot_v1\samples\val\tile_000249_site00.npz
tile_000249_site01,tile_000249,249,val,24,1,southeast,421.362996404,226.285604708,70.928598823,104.840749101,26.000000,38.743567498,19,191,265,296,D:\桌面\dac\bs_inversion_pilot_v1\samples\val\tile_000249_site01.npz
tile_000249_site02,tile_000249,249,val,24,2,northwest,203.298680987,358.377298842,37.905675290,50.324670247,26.000000,39.037839151,61,140,228,230,D:\桌面\dac\bs_inversion_pilot_v1\samples\val\tile_000249_site02.npz
tile_000249_site03,tile_000249,249,val,24,3,northeast,367.309839095,282.427583696,56.893104076,91.327459774,26.000000,54.668033778,152,200,209,319,D:\桌面\dac\bs_inversion_pilot_v1\samples\val\tile_000249_site03.npz
tile_000254_site00,tile_000254,254,val,25,0,southwest,112.207947438,68.147579748,110.463105063,27.551986859,23.000000,53.903209781,0,47,327,350,D:\桌面\dac\bs_inversion_pilot_v1\samples\val\tile_000254_site00.npz
tile_000254_site01,tile_000254,254,val,25,1,southeast,389.641206294,141.401697835,92.149575541,96.910301574,23.000000,66.668292294,42,74,160,243,D:\桌面\dac\bs_inversion_pilot_v1\samples\val\tile_000254_site01.npz
tile_000254_site02,tile_000254,254,val,25,2,northwest,192.165392012,289.813050169,55.046737458,47.541348003,23.000000,43.284869286,78,85,267,317,D:\桌面\dac\bs_inversion_pilot_v1\samples\val\tile_000254_site02.npz
tile_000254_site03,tile_000254,254,val,25,3,northeast,432.860637785,379.941447088,32.514638228,107.715159446,23.000000,39.449921857,85,118,171,219,D:\桌面\dac\bs_inversion_pilot_v1\samples\val\tile_000254_site03.npz
tile_000255_site00,tile_000255,255,val,26,0,southwest,213.104950519,148.850984373,90.287253907,52.776237630,23.000000,67.522548275,32,147,227,253,D:\桌面\dac\bs_inversion_pilot_v1\samples\val\tile_000255_site00.npz
tile_000255_site01,tile_000255,255,val,26,1,southeast,295.680003720,87.576442087,105.605889478,73.420000930,23.000000,37.771330628,208,250,265,302,D:\桌面\dac\bs_inversion_pilot_v1\samples\val\tile_000255_site01.npz
tile_000255_site02,tile_000255,255,val,26,2,northwest,136.410986667,415.697156131,23.575710967,33.602746667,23.000000,69.634728383,39,44,139,318,D:\桌面\dac\bs_inversion_pilot_v1\samples\val\tile_000255_site02.npz
tile_000255_site03,tile_000255,255,val,26,3,northeast,378.661796294,344.838713736,41.290321566,94.165449074,23.000000,65.033493105,54,123,202,243,D:\桌面\dac\bs_inversion_pilot_v1\samples\val\tile_000255_site03.npz
tile_000256_site00,tile_000256,256,val,27,0,southwest,79.044002939,222.042940684,71.989264829,19.261000735,53.000000,42.228877937,54,78,189,238,D:\桌面\dac\bs_inversion_pilot_v1\samples\val\tile_000256_site00.npz
tile_000256_site01,tile_000256,256,val,27,1,southeast,357.252564361,69.042168615,110.239457846,88.813141090,53.000000,48.984355580,94,253,334,354,D:\桌面\dac\bs_inversion_pilot_v1\samples\val\tile_000256_site01.npz
tile_000256_site02,tile_000256,256,val,27,2,northwest,236.212772744,356.858329255,38.285417686,58.553193186,53.000000,41.684576248,213,217,277,306,D:\桌面\dac\bs_inversion_pilot_v1\samples\val\tile_000256_site02.npz
tile_000256_site03,tile_000256,256,val,27,3,northeast,338.527666754,323.994713734,46.501321567,84.131916689,53.000000,68.446828860,195,237,266,296,D:\桌面\dac\bs_inversion_pilot_v1\samples\val\tile_000256_site03.npz
tile_000262_site00,tile_000262,262,val,28,0,southwest,156.176526199,91.573072387,104.606731903,38.544131550,44.000000,54.642741566,202,210,235,358,D:\桌面\dac\bs_inversion_pilot_v1\samples\val\tile_000262_site00.npz
tile_000262_site01,tile_000262,262,val,28,1,southeast,373.470428280,202.813971019,76.796507245,92.867607070,44.000000,66.430413893,173,255,263,328,D:\桌面\dac\bs_inversion_pilot_v1\samples\val\tile_000262_site01.npz
tile_000262_site02,tile_000262,262,val,28,2,northwest,165.525031948,397.411557337,28.147110666,40.881257987,44.000000,52.282450562,122,183,267,346,D:\桌面\dac\bs_inversion_pilot_v1\samples\val\tile_000262_site02.npz
tile_000262_site03,tile_000262,262,val,28,3,northeast,408.562272027,415.480873924,23.629781519,101.640568007,44.000000,46.727326126,100,146,173,299,D:\桌面\dac\bs_inversion_pilot_v1\samples\val\tile_000262_site03.npz
tile_000263_site00,tile_000263,263,val,29,0,southwest,226.239746724,151.910565984,89.522358504,56.059936681,68.000000,49.296367705,23,182,194,285,D:\桌面\dac\bs_inversion_pilot_v1\samples\val\tile_000263_site00.npz
tile_000263_site01,tile_000263,263,val,29,1,southeast,361.580964692,82.674803775,106.831299056,89.895241173,68.000000,67.679275448,41,110,131,194,D:\桌面\dac\bs_inversion_pilot_v1\samples\val\tile_000263_site01.npz
tile_000263_site02,tile_000263,263,val,29,2,northwest,238.488582422,393.572848385,29.106787904,59.122145606,68.000000,59.222801845,31,133,173,305,D:\桌面\dac\bs_inversion_pilot_v1\samples\val\tile_000263_site02.npz
tile_000263_site03,tile_000263,263,val,29,3,northeast,404.323772731,419.313017663,22.671745584,100.580943183,68.000000,56.847468307,38,111,179,188,D:\桌面\dac\bs_inversion_pilot_v1\samples\val\tile_000263_site03.npz
tile_000270_site00,tile_000270,270,val,30,0,southwest,220.080031414,146.096684237,90.975828941,54.520007854,44.000000,44.574631148,73,139,186,256,D:\桌面\dac\bs_inversion_pilot_v1\samples\val\tile_000270_site00.npz
tile_000270_site01,tile_000270,270,val,30,1,southeast,430.504473525,74.720577327,108.819855668,107.126118381,44.000000,43.882406310,59,274,324,349,D:\桌面\dac\bs_inversion_pilot_v1\samples\val\tile_000270_site01.npz
tile_000270_site02,tile_000270,270,val,30,2,northwest,218.266483037,417.443534403,23.139116399,54.066620759,44.000000,65.022070177,74,156,265,335,D:\桌面\dac\bs_inversion_pilot_v1\samples\val\tile_000270_site02.npz
tile_000270_site03,tile_000270,270,val,30,3,northeast,353.770801264,443.264058513,16.683985372,87.942700316,44.000000,54.157302114,10,16,225,310,D:\桌面\dac\bs_inversion_pilot_v1\samples\val\tile_000270_site03.npz
tile_000271_site00,tile_000271,271,val,31,0,southwest,95.806631438,132.908570985,94.272857254,23.451657859,26.000000,41.986223659,22,218,276,338,D:\桌面\dac\bs_inversion_pilot_v1\samples\val\tile_000271_site00.npz
tile_000271_site01,tile_000271,271,val,31,1,southeast,390.668381771,238.187831981,67.953042005,97.167095443,26.000000,67.991728919,89,128,159,211,D:\桌面\dac\bs_inversion_pilot_v1\samples\val\tile_000271_site01.npz
tile_000271_site02,tile_000271,271,val,31,2,northwest,196.191375652,380.035062554,32.491234362,48.547843913,26.000000,39.926942150,40,95,284,314,D:\桌面\dac\bs_inversion_pilot_v1\samples\val\tile_000271_site02.npz
tile_000271_site03,tile_000271,271,val,31,3,northeast,442.550357229,415.810330093,23.547417477,110.137589307,26.000000,43.781230328,89,148,231,319,D:\桌面\dac\bs_inversion_pilot_v1\samples\val\tile_000271_site03.npz
tile_000272_site00,tile_000272,272,val,32,0,southwest,147.461568807,126.638679845,95.840330039,36.365392202,26.000000,69.205241787,74,247,251,310,D:\桌面\dac\bs_inversion_pilot_v1\samples\val\tile_000272_site00.npz
tile_000272_site01,tile_000272,272,val,32,1,southeast,368.498469720,174.086897367,83.978275658,91.624617430,26.000000,44.947145143,79,134,154,165,D:\桌面\dac\bs_inversion_pilot_v1\samples\val\tile_000272_site01.npz
tile_000272_site02,tile_000272,272,val,32,2,northwest,97.168742181,264.104116318,61.473970921,23.792185545,26.000000,54.794136987,92,187,212,293,D:\桌面\dac\bs_inversion_pilot_v1\samples\val\tile_000272_site02.npz
tile_000272_site03,tile_000272,272,val,32,3,northeast,274.937558241,269.573870457,60.106532386,68.234389560,26.000000,38.987277476,24,33,97,320,D:\桌面\dac\bs_inversion_pilot_v1\samples\val\tile_000272_site03.npz
tile_000282_site00,tile_000282,282,val,33,0,southwest,86.169754848,242.109453460,66.972636635,21.042438712,23.000000,53.296122288,13,27,95,336,D:\桌面\dac\bs_inversion_pilot_v1\samples\val\tile_000282_site00.npz
tile_000282_site01,tile_000282,282,val,33,1,southeast,354.896504779,71.081461556,109.729634611,88.224126195,23.000000,42.825577541,50,93,259,324,D:\桌面\dac\bs_inversion_pilot_v1\samples\val\tile_000282_site01.npz
tile_000282_site02,tile_000282,282,val,33,2,northwest,188.355749446,377.433171580,33.141707105,46.588937362,23.000000,69.791085809,20,223,281,339,D:\桌面\dac\bs_inversion_pilot_v1\samples\val\tile_000282_site02.npz
tile_000282_site03,tile_000282,282,val,33,3,northeast,336.899766060,438.676746938,17.830813266,83.724941515,23.000000,59.986043054,75,108,236,281,D:\桌面\dac\bs_inversion_pilot_v1\samples\val\tile_000282_site03.npz
tile_000283_site00,tile_000283,283,val,34,0,southwest,147.049628027,224.588196926,71.352950769,36.262407007,23.000000,56.012027472,43,134,195,321,D:\桌面\dac\bs_inversion_pilot_v1\samples\val\tile_000283_site00.npz
tile_000283_site01,tile_000283,283,val,34,1,southeast,427.135797140,166.243122652,85.939219337,106.283949285,23.000000,38.496063664,61,75,279,326,D:\桌面\dac\bs_inversion_pilot_v1\samples\val\tile_000283_site01.npz
tile_000283_site02,tile_000283,283,val,34,2,northwest,213.535867880,368.155765369,35.461058658,52.883966970,23.000000,68.901271806,39,204,205,238,D:\桌面\dac\bs_inversion_pilot_v1\samples\val\tile_000283_site02.npz
tile_000283_site03,tile_000283,283,val,34,3,northeast,388.295709148,281.108284296,57.222928926,96.573927287,23.000000,61.339259759,41,93,113,212,D:\桌面\dac\bs_inversion_pilot_v1\samples\val\tile_000283_site03.npz
tile_000288_site00,tile_000288,288,val,35,0,southwest,231.882625731,163.361717503,86.659570624,57.470656433,26.000000,55.404366974,79,84,162,301,D:\桌面\dac\bs_inversion_pilot_v1\samples\val\tile_000288_site00.npz
tile_000288_site01,tile_000288,288,val,35,1,southeast,327.763495287,152.731203352,89.317199162,81.440873822,26.000000,64.831203580,64,252,257,339,D:\桌面\dac\bs_inversion_pilot_v1\samples\val\tile_000288_site01.npz
tile_000288_site02,tile_000288,288,val,35,2,northwest,239.682000434,298.130957420,52.967260645,59.420500109,26.000000,66.147960246,67,133,249,338,D:\桌面\dac\bs_inversion_pilot_v1\samples\val\tile_000288_site02.npz
tile_000288_site03,tile_000288,288,val,35,3,northeast,357.562048540,299.211910647,52.697022338,88.890512135,26.000000,39.918078310,80,219,264,301,D:\桌面\dac\bs_inversion_pilot_v1\samples\val\tile_000288_site03.npz
tile_000289_site00,tile_000289,289,val,36,0,southwest,121.484065142,153.716402834,89.070899291,29.871016285,26.000000,54.525918240,8,24,74,213,D:\桌面\dac\bs_inversion_pilot_v1\samples\val\tile_000289_site00.npz
tile_000289_site01,tile_000289,289,val,36,1,southeast,351.858245149,144.297972024,91.425506994,87.464561287,26.000000,38.984364542,20,169,176,247,D:\桌面\dac\bs_inversion_pilot_v1\samples\val\tile_000289_site01.npz
tile_000289_site02,tile_000289,289,val,36,2,northwest,190.151452875,364.963082521,36.259229370,47.037863219,26.000000,35.837826576,77,94,102,204,D:\桌面\dac\bs_inversion_pilot_v1\samples\val\tile_000289_site02.npz
tile_000289_site03,tile_000289,289,val,36,3,northeast,282.439697388,409.799022045,25.050244489,70.109924347,26.000000,49.096053627,28,34,131,348,D:\桌面\dac\bs_inversion_pilot_v1\samples\val\tile_000289_site03.npz
tile_000290_site00,tile_000290,290,val,37,0,southwest,175.035016112,200.561237135,77.359690716,43.258754028,26.000000,67.362455892,74,141,228,295,D:\桌面\dac\bs_inversion_pilot_v1\samples\val\tile_000290_site00.npz
tile_000290_site01,tile_000290,290,val,37,1,southeast,327.122212070,203.773848247,76.556537938,81.280553018,26.000000,63.939225995,36,45,122,200,D:\桌面\dac\bs_inversion_pilot_v1\samples\val\tile_000290_site01.npz
tile_000290_site02,tile_000290,290,val,37,2,northwest,161.623296585,374.131408238,33.967147940,39.905824146,26.000000,67.533070139,127,175,215,318,D:\桌面\dac\bs_inversion_pilot_v1\samples\val\tile_000290_site02.npz
tile_000290_site03,tile_000290,290,val,37,3,northeast,392.851857962,438.748059032,17.812985242,97.712964491,26.000000,39.400674324,124,231,259,287,D:\桌面\dac\bs_inversion_pilot_v1\samples\val\tile_000290_site03.npz
tile_000297_site00,tile_000297,297,val,38,0,southwest,121.798746364,174.151824191,83.962043952,29.949686591,26.000000,56.651300132,87,310,319,335,D:\桌面\dac\bs_inversion_pilot_v1\samples\val\tile_000297_site00.npz
tile_000297_site01,tile_000297,297,val,38,1,southeast,280.488371364,114.048888921,98.987777770,69.622092841,26.000000,64.928992514,42,151,214,294,D:\桌面\dac\bs_inversion_pilot_v1\samples\val\tile_000297_site01.npz
tile_000297_site02,tile_000297,297,val,38,2,northwest,170.358872073,403.815387158,26.546153210,42.089718018,26.000000,50.099887832,11,37,115,227,D:\桌面\dac\bs_inversion_pilot_v1\samples\val\tile_000297_site02.npz
tile_000297_site03,tile_000297,297,val,38,3,northeast,413.087663631,390.988347756,29.752913061,102.771915908,26.000000,64.689005948,44,46,61,195,D:\桌面\dac\bs_inversion_pilot_v1\samples\val\tile_000297_site03.npz
tile_000298_site00,tile_000298,298,val,39,0,southwest,176.713252845,73.390319002,109.152420249,43.678313211,26.000000,46.613485765,24,129,173,298,D:\桌面\dac\bs_inversion_pilot_v1\samples\val\tile_000298_site00.npz
tile_000298_site01,tile_000298,298,val,39,1,southeast,334.366149856,213.456641002,74.135839749,83.091537464,26.000000,59.522635429,20,85,321,327,D:\桌面\dac\bs_inversion_pilot_v1\samples\val\tile_000298_site01.npz
tile_000298_site02,tile_000298,298,val,39,2,northwest,94.326168451,318.579903904,47.855024024,23.081542113,26.000000,58.298090050,46,235,256,280,D:\桌面\dac\bs_inversion_pilot_v1\samples\val\tile_000298_site02.npz
tile_000298_site03,tile_000298,298,val,39,3,northeast,330.702348480,289.222154976,55.194461256,82.175587120,26.000000,37.316614376,8,237,326,347,D:\桌面\dac\bs_inversion_pilot_v1\samples\val\tile_000298_site03.npz
tile_000299_site00,tile_000299,299,val,40,0,southwest,177.152268167,109.134835522,100.216291119,43.788067042,32.000000,64.713582251,30,41,61,346,D:\桌面\dac\bs_inversion_pilot_v1\samples\val\tile_000299_site00.npz
tile_000299_site01,tile_000299,299,val,40,1,southeast,334.181764460,167.698826201,85.575293450,83.045441115,32.000000,50.485983044,12,51,245,247,D:\桌面\dac\bs_inversion_pilot_v1\samples\val\tile_000299_site01.npz
tile_000299_site02,tile_000299,299,val,40,2,northwest,142.652603142,398.087362962,27.978159260,35.163150785,32.000000,53.192751448,2,24,195,335,D:\桌面\dac\bs_inversion_pilot_v1\samples\val\tile_000299_site02.npz
tile_000299_site03,tile_000299,299,val,40,3,northeast,285.388302664,417.684775544,23.078806114,70.847075666,32.000000,55.544447643,17,44,303,330,D:\桌面\dac\bs_inversion_pilot_v1\samples\val\tile_000299_site03.npz
tile_000300_site00,tile_000300,300,val,41,0,southwest,213.921556685,208.255205532,75.436198617,52.980389171,23.000000,47.879495493,90,132,334,356,D:\桌面\dac\bs_inversion_pilot_v1\samples\val\tile_000300_site00.npz
tile_000300_site01,tile_000300,300,val,41,1,southeast,419.301144045,76.066445659,108.483388585,104.325286011,23.000000,35.948457150,9,74,95,97,D:\桌面\dac\bs_inversion_pilot_v1\samples\val\tile_000300_site01.npz
tile_000300_site02,tile_000300,300,val,41,2,northwest,81.362997334,397.013050121,28.246737470,19.840749334,23.000000,62.048758288,125,147,200,269,D:\桌面\dac\bs_inversion_pilot_v1\samples\val\tile_000300_site02.npz
tile_000300_site03,tile_000300,300,val,41,3,northeast,263.871045507,353.560180983,39.109954754,65.467761377,23.000000,56.780064430,47,81,198,309,D:\桌面\dac\bs_inversion_pilot_v1\samples\val\tile_000300_site03.npz
tile_000303_site00,tile_000303,303,val,42,0,southwest,185.473780197,217.940852765,73.014786809,45.868445049,26.000000,37.312493004,66,135,221,254,D:\桌面\dac\bs_inversion_pilot_v1\samples\val\tile_000303_site00.npz
tile_000303_site01,tile_000303,303,val,42,1,southeast,359.458064467,188.510583890,80.372354027,89.364516117,26.000000,48.907377964,36,37,155,259,D:\桌面\dac\bs_inversion_pilot_v1\samples\val\tile_000303_site01.npz
tile_000303_site02,tile_000303,303,val,42,2,northwest,106.426191576,259.589350329,62.602662418,26.106547894,26.000000,52.911113884,65,120,216,266,D:\桌面\dac\bs_inversion_pilot_v1\samples\val\tile_000303_site02.npz
tile_000303_site03,tile_000303,303,val,42,3,northeast,339.302089514,376.372553906,33.406861524,84.325522379,26.000000,55.410598892,169,195,251,319,D:\桌面\dac\bs_inversion_pilot_v1\samples\val\tile_000303_site03.npz
tile_000305_site00,tile_000305,305,val,43,0,southwest,112.174223464,85.696961582,106.075759605,27.543555866,23.000000,59.705835046,67,211,295,349,D:\桌面\dac\bs_inversion_pilot_v1\samples\val\tile_000305_site00.npz
tile_000305_site01,tile_000305,305,val,43,1,southeast,362.410511206,96.350342874,103.412414282,90.102627802,23.000000,39.941584627,209,212,222,274,D:\桌面\dac\bs_inversion_pilot_v1\samples\val\tile_000305_site01.npz
tile_000305_site02,tile_000305,305,val,43,2,northwest,82.332845091,340.933248346,42.266687913,20.083211273,23.000000,37.175037681,50,167,176,233,D:\桌面\dac\bs_inversion_pilot_v1\samples\val\tile_000305_site02.npz
tile_000305_site03,tile_000305,305,val,43,3,northeast,362.657715473,259.201675566,62.699581108,90.164428868,23.000000,53.109350668,129,247,290,340,D:\桌面\dac\bs_inversion_pilot_v1\samples\val\tile_000305_site03.npz
tile_000310_site00,tile_000310,310,val,44,0,southwest,250.465453448,177.609574117,83.097606471,62.116363362,23.000000,55.432025857,179,329,336,342,D:\桌面\dac\bs_inversion_pilot_v1\samples\val\tile_000310_site00.npz
tile_000310_site01,tile_000310,310,val,44,1,southeast,441.666901235,184.574927492,81.356268127,109.916725309,23.000000,46.524877898,26,167,222,279,D:\桌面\dac\bs_inversion_pilot_v1\samples\val\tile_000310_site01.npz
tile_000310_site02,tile_000310,310,val,44,2,northwest,148.383110294,302.424698930,51.893825267,36.595777573,23.000000,62.339848683,14,119,276,297,D:\桌面\dac\bs_inversion_pilot_v1\samples\val\tile_000310_site02.npz
tile_000310_site03,tile_000310,310,val,44,3,northeast,263.336507915,311.688676836,49.577830791,65.334126979,23.000000,69.626993022,106,121,269,310,D:\桌面\dac\bs_inversion_pilot_v1\samples\val\tile_000310_site03.npz
tile_000315_site00,tile_000315,315,val,45,0,southwest,213.421409848,74.258872965,108.935281759,52.855352462,26.000000,40.791673690,15,254,304,325,D:\桌面\dac\bs_inversion_pilot_v1\samples\val\tile_000315_site00.npz
tile_000315_site01,tile_000315,315,val,45,1,southeast,431.465025229,170.816268378,84.795932905,107.366256307,26.000000,42.749130260,19,41,170,317,D:\桌面\dac\bs_inversion_pilot_v1\samples\val\tile_000315_site01.npz
tile_000315_site02,tile_000315,315,val,45,2,northwest,165.943293363,313.361872454,49.159531887,40.985823341,26.000000,44.858313735,6,35,115,265,D:\桌面\dac\bs_inversion_pilot_v1\samples\val\tile_000315_site02.npz
tile_000315_site03,tile_000315,315,val,45,3,northeast,346.216470811,333.181559984,44.204610004,86.054117703,26.000000,41.316048098,113,195,205,281,D:\桌面\dac\bs_inversion_pilot_v1\samples\val\tile_000315_site03.npz
tile_000326_site00,tile_000326,326,val,46,0,southwest,108.684578327,204.407803553,76.398049112,26.671144582,23.000000,66.958224561,49,90,152,225,D:\桌面\dac\bs_inversion_pilot_v1\samples\val\tile_000326_site00.npz
tile_000326_site01,tile_000326,326,val,46,1,southeast,348.992553729,65.628199074,111.092950231,86.748138432,23.000000,61.029355554,50,291,302,307,D:\桌面\dac\bs_inversion_pilot_v1\samples\val\tile_000326_site01.npz
tile_000326_site02,tile_000326,326,val,46,2,northwest,208.191920101,280.665102900,57.333724275,51.547980025,23.000000,67.618936171,33,66,81,332,D:\桌面\dac\bs_inversion_pilot_v1\samples\val\tile_000326_site02.npz
tile_000326_site03,tile_000326,326,val,46,3,northeast,338.846871533,345.445015074,41.138746231,84.211717883,23.000000,61.245278328,10,32,71,355,D:\桌面\dac\bs_inversion_pilot_v1\samples\val\tile_000326_site03.npz
tile_000334_site00,tile_000334,334,val,47,0,southwest,106.739607317,172.890508574,84.277372857,26.184901829,23.000000,37.816760686,61,192,295,325,D:\桌面\dac\bs_inversion_pilot_v1\samples\val\tile_000334_site00.npz
tile_000334_site01,tile_000334,334,val,47,1,southeast,301.205641747,174.600078002,83.849980499,74.801410437,23.000000,58.404705590,2,39,281,339,D:\桌面\dac\bs_inversion_pilot_v1\samples\val\tile_000334_site01.npz
tile_000334_site02,tile_000334,334,val,47,2,northwest,78.590283206,272.016453240,59.495886690,19.147570801,23.000000,57.948477153,0,128,270,341,D:\桌面\dac\bs_inversion_pilot_v1\samples\val\tile_000334_site02.npz
tile_000334_site03,tile_000334,334,val,47,3,northeast,388.322359522,419.428816771,22.642795807,96.580589880,23.000000,37.262575267,57,195,218,325,D:\桌面\dac\bs_inversion_pilot_v1\samples\val\tile_000334_site03.npz
tile_000341_site00,tile_000341,341,val,48,0,southwest,172.349248138,83.899428330,106.525142918,42.587312034,26.000000,58.226536982,22,137,291,293,D:\桌面\dac\bs_inversion_pilot_v1\samples\val\tile_000341_site00.npz
tile_000341_site01,tile_000341,341,val,48,1,southeast,335.642556477,212.883562616,74.279109346,83.410639119,26.000000,65.390827339,5,173,308,313,D:\桌面\dac\bs_inversion_pilot_v1\samples\val\tile_000341_site01.npz
tile_000341_site02,tile_000341,341,val,48,2,northwest,231.836888984,380.240823969,32.439794008,57.459222246,26.000000,62.780995137,0,1,82,334,D:\桌面\dac\bs_inversion_pilot_v1\samples\val\tile_000341_site02.npz
tile_000341_site03,tile_000341,341,val,48,3,northeast,441.615595016,311.596404455,49.600898886,109.903898754,26.000000,46.238272517,82,235,309,315,D:\桌面\dac\bs_inversion_pilot_v1\samples\val\tile_000341_site03.npz
tile_000349_site00,tile_000349,349,val,49,0,southwest,151.870350143,71.497105213,109.625723697,37.467587536,26.000000,36.525123237,49,81,103,138,D:\桌面\dac\bs_inversion_pilot_v1\samples\val\tile_000349_site00.npz
tile_000349_site01,tile_000349,349,val,49,1,southeast,403.179543749,141.118549935,92.220362516,100.294885937,26.000000,56.287048337,53,156,263,351,D:\桌面\dac\bs_inversion_pilot_v1\samples\val\tile_000349_site01.npz
tile_000349_site02,tile_000349,349,val,49,2,northwest,153.300951419,373.567744992,34.108063752,37.825237855,26.000000,66.227940347,45,52,62,302,D:\桌面\dac\bs_inversion_pilot_v1\samples\val\tile_000349_site02.npz
tile_000349_site03,tile_000349,349,val,49,3,northeast,315.605825937,438.209753204,17.947561699,78.401456484,26.000000,46.883747876,20,301,306,326,D:\桌面\dac\bs_inversion_pilot_v1\samples\val\tile_000349_site03.npz
tile_000357_site00,tile_000357,357,val,50,0,southwest,248.993081574,168.654703935,85.336324016,61.748270393,26.000000,49.050635434,97,189,325,336,D:\桌面\dac\bs_inversion_pilot_v1\samples\val\tile_000357_site00.npz
tile_000357_site01,tile_000357,357,val,50,1,southeast,369.694898234,113.983242079,99.004189480,91.923724558,26.000000,38.711889956,83,276,320,346,D:\桌面\dac\bs_inversion_pilot_v1\samples\val\tile_000357_site01.npz
tile_000357_site02,tile_000357,357,val,50,2,northwest,177.556293619,360.115748439,37.471062890,43.889073405,26.000000,60.539510383,15,80,147,243,D:\桌面\dac\bs_inversion_pilot_v1\samples\val\tile_000357_site02.npz
tile_000357_site03,tile_000357,357,val,50,3,northeast,425.440380666,276.918403047,58.270399238,105.860095167,26.000000,59.334894898,126,184,264,295,D:\桌面\dac\bs_inversion_pilot_v1\samples\val\tile_000357_site03.npz
tile_000366_site00,tile_000366,366,val,51,0,southwest,220.115636991,73.236176496,109.190955876,54.528909248,26.000000,69.000119201,122,159,214,346,D:\桌面\dac\bs_inversion_pilot_v1\samples\val\tile_000366_site00.npz
tile_000366_site01,tile_000366,366,val,51,1,southeast,439.545309869,93.346896610,104.163275847,109.386327467,26.000000,66.259779675,55,85,210,349,D:\桌面\dac\bs_inversion_pilot_v1\samples\val\tile_000366_site01.npz
tile_000366_site02,tile_000366,366,val,51,2,northwest,131.258072844,436.383639189,18.404090203,32.314518211,26.000000,47.818232267,146,183,194,216,D:\桌面\dac\bs_inversion_pilot_v1\samples\val\tile_000366_site02.npz
tile_000366_site03,tile_000366,366,val,51,3,northeast,343.560597276,336.099791006,43.475052248,85.390149319,26.000000,47.840155404,91,245,280,293,D:\桌面\dac\bs_inversion_pilot_v1\samples\val\tile_000366_site03.npz
tile_000368_site00,tile_000368,368,val,52,0,southwest,134.398216980,182.799001668,81.800249583,33.099554245,26.000000,35.290253332,82,171,173,239,D:\桌面\dac\bs_inversion_pilot_v1\samples\val\tile_000368_site00.npz
tile_000368_site01,tile_000368,368,val,52,1,southeast,274.128459186,215.988688297,73.502827926,68.032114797,26.000000,47.855016506,6,119,135,212,D:\桌面\dac\bs_inversion_pilot_v1\samples\val\tile_000368_site01.npz
tile_000368_site02,tile_000368,368,val,52,2,northwest,254.610489120,436.265662712,18.433584322,63.152622280,26.000000,46.909517099,8,163,189,265,D:\桌面\dac\bs_inversion_pilot_v1\samples\val\tile_000368_site02.npz
tile_000368_site03,tile_000368,368,val,52,3,northeast,412.542592435,390.912290587,29.771927353,102.635648109,26.000000,66.608130940,132,145,166,206,D:\桌面\dac\bs_inversion_pilot_v1\samples\val\tile_000368_site03.npz
tile_000374_site00,tile_000374,374,val,53,0,southwest,128.461331894,207.089595544,75.727601114,31.615332974,26.000000,46.958123894,7,139,179,238,D:\桌面\dac\bs_inversion_pilot_v1\samples\val\tile_000374_site00.npz
tile_000374_site01,tile_000374,374,val,53,1,southeast,416.216977006,182.701469754,81.824632561,103.554244252,26.000000,67.657669704,199,282,343,350,D:\桌面\dac\bs_inversion_pilot_v1\samples\val\tile_000374_site01.npz
tile_000374_site02,tile_000374,374,val,53,2,northwest,201.794942333,447.315908885,15.671022779,49.948735583,26.000000,66.428249906,53,123,195,225,D:\桌面\dac\bs_inversion_pilot_v1\samples\val\tile_000374_site02.npz
tile_000374_site03,tile_000374,374,val,53,3,northeast,283.613469020,417.900336327,23.024915918,70.403367255,26.000000,61.749714843,36,197,313,315,D:\桌面\dac\bs_inversion_pilot_v1\samples\val\tile_000374_site03.npz
tile_000380_site00,tile_000380,380,val,54,0,southwest,103.859916460,187.828823103,80.542794224,25.464979115,29.000000,65.198295152,101,179,181,345,D:\桌面\dac\bs_inversion_pilot_v1\samples\val\tile_000380_site00.npz
tile_000380_site01,tile_000380,380,val,54,1,southeast,263.199142837,114.651344376,98.837163906,65.299785709,29.000000,37.314238795,41,273,299,348,D:\桌面\dac\bs_inversion_pilot_v1\samples\val\tile_000380_site01.npz
tile_000380_site02,tile_000380,380,val,54,2,northwest,173.794760445,333.564459918,44.108885020,42.948690111,29.000000,69.169041190,45,125,279,350,D:\桌面\dac\bs_inversion_pilot_v1\samples\val\tile_000380_site02.npz
tile_000380_site03,tile_000380,380,val,54,3,northeast,369.476592393,414.870909626,23.782272594,91.869148098,29.000000,55.135663217,70,151,182,316,D:\桌面\dac\bs_inversion_pilot_v1\samples\val\tile_000380_site03.npz
tile_000390_site00,tile_000390,390,val,55,0,southwest,123.200214625,166.387138283,85.903215429,30.300053656,68.000000,35.406283898,2,87,155,187,D:\桌面\dac\bs_inversion_pilot_v1\samples\val\tile_000390_site00.npz
tile_000390_site01,tile_000390,390,val,55,1,southeast,441.166841039,86.984061268,105.753984683,109.791710260,68.000000,38.332992493,162,215,292,358,D:\桌面\dac\bs_inversion_pilot_v1\samples\val\tile_000390_site01.npz
tile_000390_site02,tile_000390,390,val,55,2,northwest,92.704186202,291.976709984,54.505822504,22.676046550,68.000000,41.637292242,8,14,194,327,D:\桌面\dac\bs_inversion_pilot_v1\samples\val\tile_000390_site02.npz
tile_000390_site03,tile_000390,390,val,55,3,northeast,266.558810569,369.346469038,35.163382741,66.139702642,68.000000,38.753328216,122,218,245,301,D:\桌面\dac\bs_inversion_pilot_v1\samples\val\tile_000390_site03.npz
tile_000395_site00,tile_000395,395,val,56,0,southwest,178.663952098,92.848967714,104.287758072,44.165988025,26.000000,39.497118846,176,244,257,324,D:\桌面\dac\bs_inversion_pilot_v1\samples\val\tile_000395_site00.npz
tile_000395_site01,tile_000395,395,val,56,1,southeast,257.984933436,107.879412452,100.530146887,63.996233359,26.000000,55.254854701,11,107,184,209,D:\桌面\dac\bs_inversion_pilot_v1\samples\val\tile_000395_site01.npz
tile_000395_site02,tile_000395,395,val,56,2,northwest,181.202794975,284.529132179,56.367716955,44.800698744,26.000000,46.895683466,6,161,175,308,D:\桌面\dac\bs_inversion_pilot_v1\samples\val\tile_000395_site02.npz
tile_000395_site03,tile_000395,395,val,56,3,northeast,350.410161415,323.144136440,46.713965890,87.102540354,26.000000,52.352200066,43,64,113,348,D:\桌面\dac\bs_inversion_pilot_v1\samples\val\tile_000395_site03.npz
tile_000400_site00,tile_000400,400,val,57,0,southwest,255.388045137,239.336604854,67.665848786,63.347011284,26.000000,65.384624091,27,285,312,322,D:\桌面\dac\bs_inversion_pilot_v1\samples\val\tile_000400_site00.npz
tile_000400_site01,tile_000400,400,val,57,1,southeast,415.297988135,110.740232537,99.814941866,103.324497034,26.000000,51.063665600,76,225,270,319,D:\桌面\dac\bs_inversion_pilot_v1\samples\val\tile_000400_site01.npz
tile_000400_site02,tile_000400,400,val,57,2,northwest,110.617077589,406.837066014,25.790733497,27.154269397,26.000000,46.270465482,48,92,140,248,D:\桌面\dac\bs_inversion_pilot_v1\samples\val\tile_000400_site02.npz
tile_000400_site03,tile_000400,400,val,57,3,northeast,286.048551201,409.262046519,25.184488370,71.012137800,26.000000,38.099488055,148,313,321,345,D:\桌面\dac\bs_inversion_pilot_v1\samples\val\tile_000400_site03.npz
tile_000414_site00,tile_000414,414,val,58,0,southwest,144.403163120,244.369052934,66.407736767,35.600790780,44.000000,49.909472617,20,164,287,322,D:\桌面\dac\bs_inversion_pilot_v1\samples\val\tile_000414_site00.npz
tile_000414_site01,tile_000414,414,val,58,1,southeast,354.534881070,105.760780646,101.059804839,88.133720268,44.000000,36.661226024,78,143,210,227,D:\桌面\dac\bs_inversion_pilot_v1\samples\val\tile_000414_site01.npz
tile_000414_site02,tile_000414,414,val,58,2,northwest,198.372204848,346.096394091,40.975901477,49.093051212,44.000000,42.242941720,138,183,198,288,D:\桌面\dac\bs_inversion_pilot_v1\samples\val\tile_000414_site02.npz
tile_000414_site03,tile_000414,414,val,58,3,northeast,363.564742719,408.598998023,25.350250494,90.391185680,44.000000,42.005244075,6,269,334,335,D:\桌面\dac\bs_inversion_pilot_v1\samples\val\tile_000414_site03.npz
tile_000464_site00,tile_000464,464,val,59,0,southwest,185.085745159,120.387981187,97.403004703,45.771436290,23.000000,48.873202663,205,235,298,357,D:\桌面\dac\bs_inversion_pilot_v1\samples\val\tile_000464_site00.npz
tile_000464_site01,tile_000464,464,val,59,1,southeast,346.292763074,244.137502165,66.465624459,86.073190769,23.000000,68.894931582,58,148,190,263,D:\桌面\dac\bs_inversion_pilot_v1\samples\val\tile_000464_site01.npz
tile_000464_site02,tile_000464,464,val,59,2,northwest,222.779462123,369.908327279,35.022918180,55.194865531,23.000000,57.202306119,99,244,278,335,D:\桌面\dac\bs_inversion_pilot_v1\samples\val\tile_000464_site02.npz
tile_000464_site03,tile_000464,464,val,59,3,northeast,407.292657393,279.712726836,57.571818291,101.323164348,23.000000,41.236784912,178,206,225,323,D:\桌面\dac\bs_inversion_pilot_v1\samples\val\tile_000464_site03.npz
tile_000501_site00,tile_000501,501,val,60,0,southwest,99.252474106,151.048843011,89.737789247,24.313118527,26.000000,37.677284200,124,155,187,280,D:\桌面\dac\bs_inversion_pilot_v1\samples\val\tile_000501_site00.npz
tile_000501_site01,tile_000501,501,val,60,1,southeast,398.910424102,91.327975677,104.668006081,99.227606025,26.000000,38.023528710,26,265,314,316,D:\桌面\dac\bs_inversion_pilot_v1\samples\val\tile_000501_site01.npz
tile_000501_site02,tile_000501,501,val,60,2,northwest,253.761764216,358.325878197,37.918530451,62.940441054,26.000000,56.888354198,165,225,290,336,D:\桌面\dac\bs_inversion_pilot_v1\samples\val\tile_000501_site02.npz
tile_000501_site03,tile_000501,501,val,60,3,northeast,300.561594963,257.640448504,63.089887874,74.640398741,26.000000,58.946364580,200,219,288,290,D:\桌面\dac\bs_inversion_pilot_v1\samples\val\tile_000501_site03.npz
tile_000512_site00,tile_000512,512,val,61,0,southwest,243.058105166,199.904228996,77.523942751,60.264526292,53.000000,48.038988789,111,185,256,258,D:\桌面\dac\bs_inversion_pilot_v1\samples\val\tile_000512_site00.npz
tile_000512_site01,tile_000512,512,val,61,1,southeast,350.269839530,113.113044117,99.221738971,87.067459882,53.000000,67.457312758,2,81,212,304,D:\桌面\dac\bs_inversion_pilot_v1\samples\val\tile_000512_site01.npz
tile_000512_site02,tile_000512,512,val,61,2,northwest,215.927165993,371.759315768,34.560171058,53.481791498,53.000000,45.965096513,5,48,147,309,D:\桌面\dac\bs_inversion_pilot_v1\samples\val\tile_000512_site02.npz
tile_000512_site03,tile_000512,512,val,61,3,northeast,428.332949743,353.068360653,39.232909837,106.583237436,53.000000,49.713106684,126,319,339,343,D:\桌面\dac\bs_inversion_pilot_v1\samples\val\tile_000512_site03.npz
tile_000527_site00,tile_000527,527,val,62,0,southwest,234.364942516,196.247061662,78.438234585,58.091235629,23.000000,59.647569101,113,191,216,298,D:\桌面\dac\bs_inversion_pilot_v1\samples\val\tile_000527_site00.npz
tile_000527_site01,tile_000527,527,val,62,1,southeast,422.574703367,133.128799454,94.217800137,105.143675842,23.000000,61.367129124,27,137,166,224,D:\桌面\dac\bs_inversion_pilot_v1\samples\val\tile_000527_site01.npz
tile_000527_site02,tile_000527,527,val,62,2,northwest,151.265515098,367.704864388,35.573783903,37.316378775,23.000000,49.469117847,117,130,256,306,D:\桌面\dac\bs_inversion_pilot_v1\samples\val\tile_000527_site02.npz
tile_000527_site03,tile_000527,527,val,62,3,northeast,378.590959422,407.524869532,25.618782617,94.147739855,23.000000,41.793765635,51,121,183,248,D:\桌面\dac\bs_inversion_pilot_v1\samples\val\tile_000527_site03.npz
tile_000534_site00,tile_000534,534,val,63,0,southwest,188.489345723,148.020997946,90.494750514,46.622336431,50.000000,60.016111072,173,193,264,346,D:\桌面\dac\bs_inversion_pilot_v1\samples\val\tile_000534_site00.npz
tile_000534_site01,tile_000534,534,val,63,1,southeast,367.355869144,243.087225962,66.728193509,91.338967286,50.000000,35.548855118,66,77,170,318,D:\桌面\dac\bs_inversion_pilot_v1\samples\val\tile_000534_site01.npz
tile_000534_site02,tile_000534,534,val,63,2,northwest,241.846472751,407.071224864,25.732193784,59.961618188,50.000000,36.402127182,28,121,309,350,D:\桌面\dac\bs_inversion_pilot_v1\samples\val\tile_000534_site02.npz
tile_000534_site03,tile_000534,534,val,63,3,northeast,408.659409308,384.245289812,31.438677547,101.664852327,50.000000,62.772185263,10,108,163,301,D:\桌面\dac\bs_inversion_pilot_v1\samples\val\tile_000534_site03.npz
tile_000011_site00,tile_000011,11,test,0,0,southwest,174.416686551,136.399061824,93.400234544,43.104171638,23.000000,48.489530603,36,148,228,283,D:\桌面\dac\bs_inversion_pilot_v1\samples\test\tile_000011_site00.npz
tile_000011_site01,tile_000011,11,test,0,1,southeast,310.648736419,246.238253263,65.940436684,77.162184105,23.000000,54.502866102,8,19,64,110,D:\桌面\dac\bs_inversion_pilot_v1\samples\test\tile_000011_site01.npz
tile_000011_site02,tile_000011,11,test,0,2,northwest,67.695075287,359.838880003,37.540279999,16.423768822,23.000000,56.390694540,0,154,176,234,D:\桌面\dac\bs_inversion_pilot_v1\samples\test\tile_000011_site02.npz
tile_000011_site03,tile_000011,11,test,0,3,northeast,329.768138341,336.872679803,43.281830049,81.942034585,23.000000,49.924589371,131,224,231,357,D:\桌面\dac\bs_inversion_pilot_v1\samples\test\tile_000011_site03.npz
tile_000022_site00,tile_000022,22,test,1,0,southwest,224.874087961,216.883830875,73.279042281,55.718521990,23.000000,43.391094048,62,215,303,336,D:\桌面\dac\bs_inversion_pilot_v1\samples\test\tile_000022_site00.npz
tile_000022_site01,tile_000022,22,test,1,1,southeast,438.267764366,234.768364862,68.807908784,109.066941091,23.000000,55.612021795,165,300,337,348,D:\桌面\dac\bs_inversion_pilot_v1\samples\test\tile_000022_site01.npz
tile_000022_site02,tile_000022,22,test,1,2,northwest,195.807079739,287.129223881,55.717694030,48.451769935,23.000000,61.248448813,8,246,300,325,D:\桌面\dac\bs_inversion_pilot_v1\samples\test\tile_000022_site02.npz
tile_000022_site03,tile_000022,22,test,1,3,northeast,433.693488529,439.493393925,17.626651519,107.923372132,23.000000,40.338686033,133,166,218,305,D:\桌面\dac\bs_inversion_pilot_v1\samples\test\tile_000022_site03.npz
tile_000052_site00,tile_000052,52,test,2,0,southwest,166.274789518,99.224302771,102.693924307,41.068697380,47.000000,57.046899350,95,228,232,344,D:\桌面\dac\bs_inversion_pilot_v1\samples\test\tile_000052_site00.npz
tile_000052_site01,tile_000052,52,test,2,1,southeast,279.687749729,229.477542020,70.130614495,69.421937432,47.000000,65.993325604,131,293,331,347,D:\桌面\dac\bs_inversion_pilot_v1\samples\test\tile_000052_site01.npz
tile_000052_site02,tile_000052,52,test,2,2,northwest,89.233839409,437.503207566,18.124198108,21.808459852,47.000000,51.578285561,136,185,278,348,D:\桌面\dac\bs_inversion_pilot_v1\samples\test\tile_000052_site02.npz
tile_000052_site03,tile_000052,52,test,2,3,northeast,261.434207334,421.706088532,22.073477867,64.858551833,47.000000,43.599200829,47,276,308,328,D:\桌面\dac\bs_inversion_pilot_v1\samples\test\tile_000052_site03.npz
tile_000058_site00,tile_000058,58,test,3,0,southwest,73.755162923,247.852049890,65.536987527,17.938790731,20.000000,59.783348870,53,101,182,235,D:\桌面\dac\bs_inversion_pilot_v1\samples\test\tile_000058_site00.npz
tile_000058_site01,tile_000058,58,test,3,1,southeast,281.676608166,210.733678743,74.816580314,69.919152041,20.000000,47.915402647,80,148,326,328,D:\桌面\dac\bs_inversion_pilot_v1\samples\test\tile_000058_site01.npz
tile_000058_site02,tile_000058,58,test,3,2,northwest,233.175082159,328.914181896,45.271454526,57.793770540,20.000000,50.086854866,20,104,112,350,D:\桌面\dac\bs_inversion_pilot_v1\samples\test\tile_000058_site02.npz
tile_000058_site03,tile_000058,58,test,3,3,northeast,333.874483543,353.975889669,39.006027583,82.968620886,20.000000,63.571967158,206,287,314,315,D:\桌面\dac\bs_inversion_pilot_v1\samples\test\tile_000058_site03.npz
tile_000065_site00,tile_000065,65,test,4,0,southwest,222.039955374,130.117450210,94.970637447,55.009988844,23.000000,49.503697049,82,140,168,287,D:\桌面\dac\bs_inversion_pilot_v1\samples\test\tile_000065_site00.npz
tile_000065_site01,tile_000065,65,test,4,1,southeast,343.950564134,176.278751270,83.430312183,85.487641034,23.000000,41.422261303,112,215,233,320,D:\桌面\dac\bs_inversion_pilot_v1\samples\test\tile_000065_site01.npz
tile_000065_site02,tile_000065,65,test,4,2,northwest,102.179989682,339.429207130,42.642698218,25.044997420,23.000000,50.286959261,2,167,266,344,D:\桌面\dac\bs_inversion_pilot_v1\samples\test\tile_000065_site02.npz
tile_000065_site03,tile_000065,65,test,4,3,northeast,421.731830452,388.240147732,30.439963067,104.932957613,23.000000,58.465352208,1,211,301,347,D:\桌面\dac\bs_inversion_pilot_v1\samples\test\tile_000065_site03.npz
tile_000074_site00,tile_000074,74,test,5,0,southwest,230.399436406,98.024882772,102.993779307,57.099859101,26.000000,47.286995887,173,234,256,322,D:\桌面\dac\bs_inversion_pilot_v1\samples\test\tile_000074_site00.npz
tile_000074_site01,tile_000074,74,test,5,1,southeast,381.360159256,195.668980010,78.582754997,94.840039814,26.000000,43.231626346,82,229,260,356,D:\桌面\dac\bs_inversion_pilot_v1\samples\test\tile_000074_site01.npz
tile_000074_site02,tile_000074,74,test,5,2,northwest,74.242815269,385.775510336,31.056122416,18.060703817,26.000000,45.622942931,97,192,227,262,D:\桌面\dac\bs_inversion_pilot_v1\samples\test\tile_000074_site02.npz
tile_000074_site03,tile_000074,74,test,5,3,northeast,312.504923310,426.186379608,20.953405098,77.626230827,26.000000,40.888577470,39,80,130,281,D:\桌面\dac\bs_inversion_pilot_v1\samples\test\tile_000074_site03.npz
tile_000075_site00,tile_000075,75,test,6,0,southwest,145.360603487,133.759324713,94.060168822,35.840150872,26.000000,65.229585075,198,207,283,326,D:\桌面\dac\bs_inversion_pilot_v1\samples\test\tile_000075_site00.npz
tile_000075_site01,tile_000075,75,test,6,1,southeast,281.396991130,92.444512078,104.388871980,69.849247782,26.000000,36.101998368,195,207,219,328,D:\桌面\dac\bs_inversion_pilot_v1\samples\test\tile_000075_site01.npz
tile_000075_site02,tile_000075,75,test,6,2,northwest,242.639091423,389.430572334,30.142356917,60.159772856,26.000000,57.884753792,18,74,273,281,D:\桌面\dac\bs_inversion_pilot_v1\samples\test\tile_000075_site02.npz
tile_000075_site03,tile_000075,75,test,6,3,northeast,297.614806577,323.474967900,46.631258025,73.903701644,26.000000,60.862384095,46,182,265,296,D:\桌面\dac\bs_inversion_pilot_v1\samples\test\tile_000075_site03.npz
tile_000090_site00,tile_000090,90,test,7,0,southwest,84.764629873,126.943434254,95.764141437,20.691157468,26.000000,40.677042723,108,142,193,243,D:\桌面\dac\bs_inversion_pilot_v1\samples\test\tile_000090_site00.npz
tile_000090_site01,tile_000090,90,test,7,1,southeast,260.900688397,133.308749818,94.172812546,64.725172099,26.000000,66.012747714,211,240,306,331,D:\桌面\dac\bs_inversion_pilot_v1\samples\test\tile_000090_site01.npz
tile_000090_site02,tile_000090,90,test,7,2,northwest,153.486989982,262.635472500,61.841131875,37.871747496,26.000000,42.560168038,10,56,115,131,D:\桌面\dac\bs_inversion_pilot_v1\samples\test\tile_000090_site02.npz
tile_000090_site03,tile_000090,90,test,7,3,northeast,393.963230111,279.846917858,57.538270536,97.990807528,26.000000,39.492914840,267,296,319,352,D:\桌面\dac\bs_inversion_pilot_v1\samples\test\tile_000090_site03.npz
tile_000094_site00,tile_000094,94,test,8,0,southwest,205.786247001,68.416501119,110.395874720,50.946561750,26.000000,48.047885721,105,121,247,259,D:\桌面\dac\bs_inversion_pilot_v1\samples\test\tile_000094_site00.npz
tile_000094_site01,tile_000094,94,test,8,1,southeast,313.702136049,105.100884451,101.224778887,77.925534012,26.000000,44.358721236,98,111,136,352,D:\桌面\dac\bs_inversion_pilot_v1\samples\test\tile_000094_site01.npz
tile_000094_site02,tile_000094,94,test,8,2,northwest,253.606092974,364.926246106,36.268438473,62.901523244,26.000000,42.638278284,0,51,69,189,D:\桌面\dac\bs_inversion_pilot_v1\samples\test\tile_000094_site02.npz
tile_000094_site03,tile_000094,94,test,8,3,northeast,281.283523262,445.942584420,16.014353895,69.820880815,26.000000,61.187403023,55,92,155,253,D:\桌面\dac\bs_inversion_pilot_v1\samples\test\tile_000094_site03.npz
tile_000095_site00,tile_000095,95,test,9,0,southwest,123.415975260,148.538483970,90.365379008,30.353993815,95.000000,62.105310403,38,105,165,274,D:\桌面\dac\bs_inversion_pilot_v1\samples\test\tile_000095_site00.npz
tile_000095_site01,tile_000095,95,test,9,1,southeast,262.900620071,120.092981719,97.476754570,65.225155018,95.000000,61.171960564,58,137,303,308,D:\桌面\dac\bs_inversion_pilot_v1\samples\test\tile_000095_site01.npz
tile_000095_site02,tile_000095,95,test,9,2,northwest,196.996008268,437.855065873,18.036233532,48.749002067,95.000000,64.046617582,48,49,72,212,D:\桌面\dac\bs_inversion_pilot_v1\samples\test\tile_000095_site02.npz
tile_000095_site03,tile_000095,95,test,9,3,northeast,276.998554265,383.007222431,31.748194392,68.749638566,95.000000,51.435482407,71,90,161,356,D:\桌面\dac\bs_inversion_pilot_v1\samples\test\tile_000095_site03.npz
tile_000106_site00,tile_000106,106,test,10,0,southwest,191.823790991,81.153106920,107.211723270,47.455947748,26.000000,45.999094164,96,159,203,224,D:\桌面\dac\bs_inversion_pilot_v1\samples\test\tile_000106_site00.npz
tile_000106_site01,tile_000106,106,test,10,1,southeast,411.536668419,140.750082322,92.312479420,102.384167105,26.000000,64.692168279,72,75,299,307,D:\桌面\dac\bs_inversion_pilot_v1\samples\test\tile_000106_site01.npz
tile_000106_site02,tile_000106,106,test,10,2,northwest,164.127154536,383.046332253,31.738416937,40.531788634,26.000000,40.355229560,48,61,140,309,D:\桌面\dac\bs_inversion_pilot_v1\samples\test\tile_000106_site02.npz
tile_000106_site03,tile_000106,106,test,10,3,northeast,258.923315284,382.006428043,31.998392989,64.230828821,26.000000,60.725777022,17,102,181,201,D:\桌面\dac\bs_inversion_pilot_v1\samples\test\tile_000106_site03.npz
tile_000109_site00,tile_000109,109,test,11,0,southwest,163.563603746,234.280643414,68.929839147,40.390900936,23.000000,61.740294630,76,174,247,259,D:\桌面\dac\bs_inversion_pilot_v1\samples\test\tile_000109_site00.npz
tile_000109_site01,tile_000109,109,test,11,1,southeast,429.823472197,69.351677127,110.162080718,106.955868049,23.000000,39.766566452,42,243,310,317,D:\桌面\dac\bs_inversion_pilot_v1\samples\test\tile_000109_site01.npz
tile_000109_site02,tile_000109,109,test,11,2,northwest,161.408764194,405.579569394,26.105107651,39.852191048,23.000000,54.834848630,45,248,263,323,D:\桌面\dac\bs_inversion_pilot_v1\samples\test\tile_000109_site02.npz
tile_000109_site03,tile_000109,109,test,11,3,northeast,327.714838513,435.136414246,18.715896439,81.428709628,23.000000,50.796358362,6,151,243,337,D:\桌面\dac\bs_inversion_pilot_v1\samples\test\tile_000109_site03.npz
tile_000110_site00,tile_000110,110,test,12,0,southwest,105.364935706,197.031684901,78.242078775,25.841233927,26.000000,45.707038086,38,235,292,332,D:\桌面\dac\bs_inversion_pilot_v1\samples\test\tile_000110_site00.npz
tile_000110_site01,tile_000110,110,test,12,1,southeast,315.974755529,174.175312422,83.956171895,78.493688882,26.000000,67.060389398,104,231,345,353,D:\桌面\dac\bs_inversion_pilot_v1\samples\test\tile_000110_site01.npz
tile_000110_site02,tile_000110,110,test,12,2,northwest,194.883519943,279.269730931,57.682567267,48.220879986,26.000000,43.746931205,51,153,280,287,D:\桌面\dac\bs_inversion_pilot_v1\samples\test\tile_000110_site02.npz
tile_000110_site03,tile_000110,110,test,12,3,northeast,317.772202423,322.055183186,46.986204204,78.943050606,26.000000,42.844643507,11,100,249,329,D:\桌面\dac\bs_inversion_pilot_v1\samples\test\tile_000110_site03.npz
tile_000111_site00,tile_000111,111,test,13,0,southwest,193.414280373,235.534710451,68.616322387,47.853570093,26.000000,40.129526816,137,308,318,331,D:\桌面\dac\bs_inversion_pilot_v1\samples\test\tile_000111_site00.npz
tile_000111_site01,tile_000111,111,test,13,1,southeast,318.665171131,186.612613190,80.846846702,79.166292783,26.000000,41.625820189,138,212,241,288,D:\桌面\dac\bs_inversion_pilot_v1\samples\test\tile_000111_site01.npz
tile_000111_site02,tile_000111,111,test,13,2,northwest,95.022567104,389.768993726,30.057751569,23.255641776,26.000000,47.075241994,63,108,158,330,D:\桌面\dac\bs_inversion_pilot_v1\samples\test\tile_000111_site02.npz
tile_000111_site03,tile_000111,111,test,13,3,northeast,423.601134043,291.807865449,54.548033638,105.400283511,26.000000,53.497342274,60,183,276,310,D:\桌面\dac\bs_inversion_pilot_v1\samples\test\tile_000111_site03.npz
tile_000118_site00,tile_000118,118,test,14,0,southwest,152.145666716,241.796830358,67.050792411,37.536416679,23.000000,56.661787951,45,86,324,329,D:\桌面\dac\bs_inversion_pilot_v1\samples\test\tile_000118_site00.npz
tile_000118_site01,tile_000118,118,test,14,1,southeast,426.024788835,253.535444100,64.116138975,106.006197209,23.000000,48.844684194,48,241,353,357,D:\桌面\dac\bs_inversion_pilot_v1\samples\test\tile_000118_site01.npz
tile_000118_site02,tile_000118,118,test,14,2,northwest,85.017105118,322.463978867,46.884005283,20.754276280,23.000000,56.864305098,15,290,323,340,D:\桌面\dac\bs_inversion_pilot_v1\samples\test\tile_000118_site02.npz
tile_000118_site03,tile_000118,118,test,14,3,northeast,327.288974164,277.028880296,58.242779926,81.322243541,23.000000,58.746406447,29,135,152,260,D:\桌面\dac\bs_inversion_pilot_v1\samples\test\tile_000118_site03.npz
tile_000120_site00,tile_000120,120,test,15,0,southwest,197.186544737,100.819947703,102.295013074,48.796636184,23.000000,67.471262743,156,166,180,347,D:\桌面\dac\bs_inversion_pilot_v1\samples\test\tile_000120_site00.npz
tile_000120_site01,tile_000120,120,test,15,1,southeast,368.797391579,164.756317157,86.310920711,91.699347895,23.000000,60.326291323,24,97,164,317,D:\桌面\dac\bs_inversion_pilot_v1\samples\test\tile_000120_site01.npz
tile_000120_site02,tile_000120,120,test,15,2,northwest,145.562666468,441.471754019,17.132061495,35.890666617,23.000000,52.025737249,11,178,225,327,D:\桌面\dac\bs_inversion_pilot_v1\samples\test\tile_000120_site02.npz
tile_000120_site03,tile_000120,120,test,15,3,northeast,446.841545000,312.534347397,49.366413151,111.210386250,23.000000,35.241276958,9,172,238,353,D:\桌面\dac\bs_inversion_pilot_v1\samples\test\tile_000120_site03.npz
tile_000122_site00,tile_000122,122,test,16,0,southwest,161.214851939,101.437800245,102.140549939,39.803712985,23.000000,67.887498391,53,157,274,314,D:\桌面\dac\bs_inversion_pilot_v1\samples\test\tile_000122_site00.npz
tile_000122_site01,tile_000122,122,test,16,1,southeast,431.464642583,232.536279303,69.365930174,107.366160646,23.000000,40.920944273,134,154,206,208,D:\桌面\dac\bs_inversion_pilot_v1\samples\test\tile_000122_site01.npz
tile_000122_site02,tile_000122,122,test,16,2,northwest,93.030157223,375.504363899,33.623909025,22.757539306,23.000000,67.181414087,115,145,173,345,D:\桌面\dac\bs_inversion_pilot_v1\samples\test\tile_000122_site02.npz
tile_000122_site03,tile_000122,122,test,16,3,northeast,320.329440373,444.141255403,16.464686149,79.582360093,23.000000,58.598528621,42,63,163,346,D:\桌面\dac\bs_inversion_pilot_v1\samples\test\tile_000122_site03.npz
tile_000131_site00,tile_000131,131,test,17,0,southwest,91.875651280,205.395481382,76.151129655,22.468912820,26.000000,48.739143559,161,289,311,352,D:\桌面\dac\bs_inversion_pilot_v1\samples\test\tile_000131_site00.npz
tile_000131_site01,tile_000131,131,test,17,1,southeast,402.836310307,231.817042458,69.545739385,100.209077577,26.000000,54.654247491,148,191,236,324,D:\桌面\dac\bs_inversion_pilot_v1\samples\test\tile_000131_site01.npz
tile_000131_site02,tile_000131,131,test,17,2,northwest,195.814467938,355.078816229,38.730295943,48.453616985,26.000000,42.130293671,91,132,238,343,D:\桌面\dac\bs_inversion_pilot_v1\samples\test\tile_000131_site02.npz
tile_000131_site03,tile_000131,131,test,17,3,northeast,301.876716697,376.394193478,33.401451630,74.969179174,26.000000,67.758787665,50,101,272,322,D:\桌面\dac\bs_inversion_pilot_v1\samples\test\tile_000131_site03.npz
tile_000139_site00,tile_000139,139,test,18,0,southwest,232.139535994,155.822642280,88.544339430,57.534883998,53.000000,40.924961090,82,133,286,322,D:\桌面\dac\bs_inversion_pilot_v1\samples\test\tile_000139_site00.npz
tile_000139_site01,tile_000139,139,test,18,1,southeast,345.041725283,213.204086565,74.198978359,85.760431321,53.000000,57.058097126,80,200,202,249,D:\桌面\dac\bs_inversion_pilot_v1\samples\test\tile_000139_site01.npz
tile_000139_site02,tile_000139,139,test,18,2,northwest,149.187983204,258.449604403,62.887598899,36.796995801,53.000000,35.840149213,41,81,305,334,D:\桌面\dac\bs_inversion_pilot_v1\samples\test\tile_000139_site02.npz
tile_000139_site03,tile_000139,139,test,18,3,northeast,425.574676019,382.171627197,31.957093201,105.893669005,53.000000,68.581522963,32,51,174,300,D:\桌面\dac\bs_inversion_pilot_v1\samples\test\tile_000139_site03.npz
tile_000152_site00,tile_000152,152,test,19,0,southwest,175.165301567,154.517149551,88.870712612,43.291325392,26.000000,56.096524653,71,104,164,319,D:\桌面\dac\bs_inversion_pilot_v1\samples\test\tile_000152_site00.npz
tile_000152_site01,tile_000152,152,test,19,1,southeast,402.074795191,242.672658950,66.831835263,100.018698798,26.000000,57.206725564,104,105,208,228,D:\桌面\dac\bs_inversion_pilot_v1\samples\test\tile_000152_site01.npz
tile_000152_site02,tile_000152,152,test,19,2,northwest,128.883097441,423.643879435,21.589030141,31.720774360,26.000000,61.898980546,36,90,278,307,D:\桌面\dac\bs_inversion_pilot_v1\samples\test\tile_000152_site02.npz
tile_000152_site03,tile_000152,152,test,19,3,northeast,295.390263330,343.084279201,41.728930200,73.347565833,26.000000,38.085485334,115,126,131,350,D:\桌面\dac\bs_inversion_pilot_v1\samples\test\tile_000152_site03.npz
tile_000153_site00,tile_000153,153,test,20,0,southwest,134.472030377,191.690665557,79.577333611,33.118007594,26.000000,39.201457130,92,245,331,345,D:\桌面\dac\bs_inversion_pilot_v1\samples\test\tile_000153_site00.npz
tile_000153_site01,tile_000153,153,test,20,1,southeast,336.521750196,133.687162707,94.078209323,83.630437549,26.000000,44.223839281,159,199,259,325,D:\桌面\dac\bs_inversion_pilot_v1\samples\test\tile_000153_site01.npz
tile_000153_site02,tile_000153,153,test,20,2,northwest,110.490088128,370.914808525,34.771297869,27.122522032,26.000000,49.997909840,21,175,246,278,D:\桌面\dac\bs_inversion_pilot_v1\samples\test\tile_000153_site02.npz
tile_000153_site03,tile_000153,153,test,20,3,northeast,330.732774568,328.345539894,45.413615026,82.183193642,26.000000,52.212535020,51,246,307,311,D:\桌面\dac\bs_inversion_pilot_v1\samples\test\tile_000153_site03.npz
tile_000188_site00,tile_000188,188,test,21,0,southwest,145.574546874,125.360506325,96.159873419,35.893636719,26.000000,50.170258658,105,187,273,279,D:\桌面\dac\bs_inversion_pilot_v1\samples\test\tile_000188_site00.npz
tile_000188_site01,tile_000188,188,test,21,1,southeast,335.984607100,130.747878374,94.813030406,83.496151775,26.000000,61.569710430,47,78,134,171,D:\桌面\dac\bs_inversion_pilot_v1\samples\test\tile_000188_site01.npz
tile_000188_site02,tile_000188,188,test,21,2,northwest,71.893939096,445.882249768,16.029437558,17.473484774,26.000000,50.387203824,100,214,286,324,D:\桌面\dac\bs_inversion_pilot_v1\samples\test\tile_000188_site02.npz
tile_000188_site03,tile_000188,188,test,21,3,northeast,306.295527098,368.482695833,35.379326042,76.073881775,26.000000,55.865974611,97,115,129,319,D:\桌面\dac\bs_inversion_pilot_v1\samples\test\tile_000188_site03.npz
tile_000189_site00,tile_000189,189,test,22,0,southwest,151.276155976,253.474824089,64.131293978,37.319038994,44.000000,39.354400203,6,101,204,258,D:\桌面\dac\bs_inversion_pilot_v1\samples\test\tile_000189_site00.npz
tile_000189_site01,tile_000189,189,test,22,1,southeast,378.256375230,223.150173841,71.712456540,94.064093807,44.000000,53.578672050,233,250,286,292,D:\桌面\dac\bs_inversion_pilot_v1\samples\test\tile_000189_site01.npz
tile_000189_site02,tile_000189,189,test,22,2,northwest,181.396429261,357.100276703,38.224930824,44.849107315,44.000000,38.122421392,72,103,157,353,D:\桌面\dac\bs_inversion_pilot_v1\samples\test\tile_000189_site02.npz
tile_000189_site03,tile_000189,189,test,22,3,northeast,309.279231172,410.214390146,24.946402463,76.819807793,44.000000,43.042587636,40,74,169,279,D:\桌面\dac\bs_inversion_pilot_v1\samples\test\tile_000189_site03.npz
tile_000196_site00,tile_000196,196,test,23,0,southwest,96.471437224,250.410205555,64.897448611,23.617859306,26.000000,37.614693806,88,156,217,350,D:\桌面\dac\bs_inversion_pilot_v1\samples\test\tile_000196_site00.npz
tile_000196_site01,tile_000196,196,test,23,1,southeast,277.793038454,103.544357425,101.613910644,68.948259613,26.000000,42.880309257,3,158,283,294,D:\桌面\dac\bs_inversion_pilot_v1\samples\test\tile_000196_site01.npz
tile_000196_site02,tile_000196,196,test,23,2,northwest,68.109508974,367.687319620,35.578170095,16.527377244,26.000000,43.336548732,3,51,238,340,D:\桌面\dac\bs_inversion_pilot_v1\samples\test\tile_000196_site02.npz
tile_000196_site03,tile_000196,196,test,23,3,northeast,276.583686373,398.937959304,27.765510174,68.645921593,26.000000,46.700175844,148,156,180,352,D:\桌面\dac\bs_inversion_pilot_v1\samples\test\tile_000196_site03.npz
tile_000209_site00,tile_000209,209,test,24,0,southwest,209.125840281,238.301066109,67.924733473,51.781460070,26.000000,65.480557082,15,138,239,319,D:\桌面\dac\bs_inversion_pilot_v1\samples\test\tile_000209_site00.npz
tile_000209_site01,tile_000209,209,test,24,1,southeast,331.194896802,212.176726170,74.455818457,82.298724200,26.000000,41.529830837,8,57,275,298,D:\桌面\dac\bs_inversion_pilot_v1\samples\test\tile_000209_site01.npz
tile_000209_site02,tile_000209,209,test,24,2,northwest,145.673061214,261.035156818,62.241210796,35.918265303,26.000000,61.371942819,163,237,251,306,D:\桌面\dac\bs_inversion_pilot_v1\samples\test\tile_000209_site02.npz
tile_000209_site03,tile_000209,209,test,24,3,northeast,395.396380498,271.972294633,59.506926342,98.349095124,26.000000,56.976052763,84,171,274,319,D:\桌面\dac\bs_inversion_pilot_v1\samples\test\tile_000209_site03.npz
tile_000210_site00,tile_000210,210,test,25,0,southwest,205.516404822,124.593196713,96.351700822,50.879101206,26.000000,47.434428049,17,136,174,316,D:\桌面\dac\bs_inversion_pilot_v1\samples\test\tile_000210_site00.npz
tile_000210_site01,tile_000210,210,test,25,1,southeast,430.634012509,128.396596293,95.400850927,107.158503127,26.000000,65.694307591,48,114,192,230,D:\桌面\dac\bs_inversion_pilot_v1\samples\test\tile_000210_site01.npz
tile_000210_site02,tile_000210,210,test,25,2,northwest,84.783471105,337.218620739,43.195344815,20.695867776,26.000000,42.929699980,33,105,253,307,D:\桌面\dac\bs_inversion_pilot_v1\samples\test\tile_000210_site02.npz
tile_000210_site03,tile_000210,210,test,25,3,northeast,328.293074942,375.936346773,33.515913307,81.573268735,26.000000,63.884029777,4,121,207,219,D:\桌面\dac\bs_inversion_pilot_v1\samples\test\tile_000210_site03.npz
tile_000214_site00,tile_000214,214,test,26,0,southwest,132.322548195,69.460512785,110.134871804,32.580637049,26.000000,56.073308249,7,142,218,293,D:\桌面\dac\bs_inversion_pilot_v1\samples\test\tile_000214_site00.npz
tile_000214_site01,tile_000214,214,test,26,1,southeast,356.217982804,76.230833622,108.442291595,88.554495701,26.000000,40.496619453,129,186,197,228,D:\桌面\dac\bs_inversion_pilot_v1\samples\test\tile_000214_site01.npz
tile_000214_site02,tile_000214,214,test,26,2,northwest,69.351542567,379.957399687,32.510650078,16.837885642,26.000000,68.162261744,138,153,175,179,D:\桌面\dac\bs_inversion_pilot_v1\samples\test\tile_000214_site02.npz
tile_000214_site03,tile_000214,214,test,26,3,northeast,356.907036413,299.139979598,52.715005101,88.726759103,26.000000,48.238291745,72,73,80,197,D:\桌面\dac\bs_inversion_pilot_v1\samples\test\tile_000214_site03.npz
tile_000215_site00,tile_000215,215,test,27,0,southwest,148.168303471,78.410193350,107.897451663,36.542075868,26.000000,37.291646785,38,76,102,225,D:\桌面\dac\bs_inversion_pilot_v1\samples\test\tile_000215_site00.npz
tile_000215_site01,tile_000215,215,test,27,1,southeast,295.059081756,90.997566158,104.750608461,73.264770439,26.000000,65.824617170,84,124,255,329,D:\桌面\dac\bs_inversion_pilot_v1\samples\test\tile_000215_site01.npz
tile_000215_site02,tile_000215,215,test,27,2,northwest,188.925796198,278.066685448,57.983328638,46.731449049,26.000000,56.837953455,5,191,237,248,D:\桌面\dac\bs_inversion_pilot_v1\samples\test\tile_000215_site02.npz
tile_000215_site03,tile_000215,215,test,27,3,northeast,341.216834269,425.371896721,21.157025820,84.804208567,26.000000,59.204180814,5,151,168,232,D:\桌面\dac\bs_inversion_pilot_v1\samples\test\tile_000215_site03.npz
tile_000219_site00,tile_000219,219,test,28,0,southwest,129.844755921,251.345744149,64.663563963,31.961188980,26.000000,56.869180634,76,89,156,344,D:\桌面\dac\bs_inversion_pilot_v1\samples\test\tile_000219_site00.npz
tile_000219_site01,tile_000219,219,test,28,1,southeast,292.859302233,155.521299889,88.619675028,72.714825558,26.000000,51.602644789,45,120,316,332,D:\桌面\dac\bs_inversion_pilot_v1\samples\test\tile_000219_site01.npz
tile_000219_site02,tile_000219,219,test,28,2,northwest,203.150455827,323.251256242,46.687185939,50.287613957,26.000000,55.376851485,9,320,332,339,D:\桌面\dac\bs_inversion_pilot_v1\samples\test\tile_000219_site02.npz
tile_000219_site03,tile_000219,219,test,28,3,northeast,283.181854801,342.336643062,41.915839235,70.295463700,26.000000,63.140185226,113,214,224,289,D:\桌面\dac\bs_inversion_pilot_v1\samples\test\tile_000219_site03.npz
tile_000222_site00,tile_000222,222,test,29,0,southwest,161.985913191,169.000671793,85.249832052,39.996478298,29.000000,35.546451671,116,174,182,272,D:\桌面\dac\bs_inversion_pilot_v1\samples\test\tile_000222_site00.npz
tile_000222_site01,tile_000222,222,test,29,1,southeast,349.615145268,177.075390763,83.231152309,86.903786317,29.000000,37.034268318,27,165,193,230,D:\桌面\dac\bs_inversion_pilot_v1\samples\test\tile_000222_site01.npz
tile_000222_site02,tile_000222,222,test,29,2,northwest,90.918026385,323.551175149,46.612206213,22.229506596,29.000000,44.404978653,18,178,308,344,D:\桌面\dac\bs_inversion_pilot_v1\samples\test\tile_000222_site02.npz
tile_000222_site03,tile_000222,222,test,29,3,northeast,351.859031946,307.560198875,50.609950281,87.464757987,29.000000,49.972052833,12,14,71,332,D:\桌面\dac\bs_inversion_pilot_v1\samples\test\tile_000222_site03.npz
tile_000230_site00,tile_000230,230,test,30,0,southwest,235.710341392,80.123988094,107.469002977,58.427585348,26.000000,63.124120784,29,138,256,269,D:\桌面\dac\bs_inversion_pilot_v1\samples\test\tile_000230_site00.npz
tile_000230_site01,tile_000230,230,test,30,1,southeast,365.134819741,155.135301614,88.716174597,90.783704935,26.000000,60.181482682,112,131,188,270,D:\桌面\dac\bs_inversion_pilot_v1\samples\test\tile_000230_site01.npz
tile_000230_site02,tile_000230,230,test,30,2,northwest,199.780914242,384.577735452,31.355566137,49.445228561,26.000000,45.608340983,72,299,320,341,D:\桌面\dac\bs_inversion_pilot_v1\samples\test\tile_000230_site02.npz
tile_000230_site03,tile_000230,230,test,30,3,northeast,439.949915914,357.244585270,38.188853683,109.487478979,26.000000,38.309365999,66,67,127,312,D:\桌面\dac\bs_inversion_pilot_v1\samples\test\tile_000230_site03.npz
tile_000260_site00,tile_000260,260,test,31,0,southwest,195.970340175,151.531546358,89.617113410,48.492585044,32.000000,43.177548776,102,160,333,337,D:\桌面\dac\bs_inversion_pilot_v1\samples\test\tile_000260_site00.npz
tile_000260_site01,tile_000260,260,test,31,1,southeast,332.901344774,83.475504569,106.631123858,82.725336194,32.000000,55.457796669,151,301,321,357,D:\桌面\dac\bs_inversion_pilot_v1\samples\test\tile_000260_site01.npz
tile_000260_site02,tile_000260,260,test,31,2,northwest,96.865852793,412.785730031,24.303567492,23.716463198,32.000000,38.193682963,137,190,201,276,D:\桌面\dac\bs_inversion_pilot_v1\samples\test\tile_000260_site02.npz
tile_000260_site03,tile_000260,260,test,31,3,northeast,323.302449522,263.401013829,61.649746543,80.325612380,32.000000,44.671038748,18,96,120,323,D:\桌面\dac\bs_inversion_pilot_v1\samples\test\tile_000260_site03.npz
tile_000275_site00,tile_000275,275,test,32,0,southwest,161.369674941,68.214465424,110.446383644,39.842418735,26.000000,66.094712641,124,158,300,308,D:\桌面\dac\bs_inversion_pilot_v1\samples\test\tile_000275_site00.npz
tile_000275_site01,tile_000275,275,test,32,1,southeast,348.115313261,253.046820195,64.238294951,86.528828315,26.000000,60.177339652,152,257,258,273,D:\桌面\dac\bs_inversion_pilot_v1\samples\test\tile_000275_site01.npz
tile_000275_site02,tile_000275,275,test,32,2,northwest,238.364118320,307.476467695,50.630883076,59.091029580,26.000000,36.596216543,20,133,197,355,D:\桌面\dac\bs_inversion_pilot_v1\samples\test\tile_000275_site02.npz
tile_000275_site03,tile_000275,275,test,32,3,northeast,421.424148739,431.467308126,19.633172969,104.856037185,26.000000,49.842544683,111,253,324,326,D:\桌面\dac\bs_inversion_pilot_v1\samples\test\tile_000275_site03.npz
tile_000276_site00,tile_000276,276,test,33,0,southwest,202.600661662,86.068801496,105.982799626,50.150165416,26.000000,45.217287920,41,157,297,307,D:\桌面\dac\bs_inversion_pilot_v1\samples\test\tile_000276_site00.npz
tile_000276_site01,tile_000276,276,test,33,1,southeast,272.771765064,210.731243550,74.817189113,67.692941266,26.000000,50.242964715,100,106,203,208,D:\桌面\dac\bs_inversion_pilot_v1\samples\test\tile_000276_site01.npz
tile_000276_site02,tile_000276,276,test,33,2,northwest,96.864082194,445.029239636,16.242690091,23.716020549,26.000000,55.421915248,216,224,252,304,D:\桌面\dac\bs_inversion_pilot_v1\samples\test\tile_000276_site02.npz
tile_000276_site03,tile_000276,276,test,33,3,northeast,362.516453981,372.450159322,34.387460169,90.129113495,26.000000,61.360698224,4,133,188,298,D:\桌面\dac\bs_inversion_pilot_v1\samples\test\tile_000276_site03.npz
tile_000277_site00,tile_000277,277,test,34,0,southwest,171.590156922,156.782607744,88.304348064,42.397539231,26.000000,43.901987784,9,108,123,187,D:\桌面\dac\bs_inversion_pilot_v1\samples\test\tile_000277_site00.npz
tile_000277_site01,tile_000277,277,test,34,1,southeast,377.644619787,120.038971983,97.490257004,93.911154947,26.000000,43.749795093,90,150,161,350,D:\桌面\dac\bs_inversion_pilot_v1\samples\test\tile_000277_site01.npz
tile_000277_site02,tile_000277,277,test,34,2,northwest,229.708365279,436.495104445,18.376223889,56.927091320,26.000000,36.455295098,10,128,153,274,D:\桌面\dac\bs_inversion_pilot_v1\samples\test\tile_000277_site02.npz
tile_000277_site03,tile_000277,277,test,34,3,northeast,406.704212892,276.499218883,58.375195279,101.176053223,26.000000,60.713505582,53,187,287,319,D:\桌面\dac\bs_inversion_pilot_v1\samples\test\tile_000277_site03.npz
tile_000278_site00,tile_000278,278,test,35,0,southwest,69.161019408,235.319046766,68.670238309,16.790254852,26.000000,68.148808709,12,200,324,342,D:\桌面\dac\bs_inversion_pilot_v1\samples\test\tile_000278_site00.npz
tile_000278_site01,tile_000278,278,test,35,1,southeast,417.880507414,186.403571326,80.899107169,103.970126854,26.000000,40.833837892,39,117,261,303,D:\桌面\dac\bs_inversion_pilot_v1\samples\test\tile_000278_site01.npz
tile_000278_site02,tile_000278,278,test,35,2,northwest,104.059162006,385.155062890,31.211234278,25.514790501,26.000000,45.896611109,154,183,214,244,D:\桌面\dac\bs_inversion_pilot_v1\samples\test\tile_000278_site02.npz
tile_000278_site03,tile_000278,278,test,35,3,northeast,400.337453635,375.697170672,33.575707332,99.584363409,26.000000,35.107610909,247,275,279,310,D:\桌面\dac\bs_inversion_pilot_v1\samples\test\tile_000278_site03.npz
tile_000279_site00,tile_000279,279,test,36,0,southwest,118.805687033,158.832831571,87.791792107,29.201421758,26.000000,63.832860582,42,157,303,335,D:\桌面\dac\bs_inversion_pilot_v1\samples\test\tile_000279_site00.npz
tile_000279_site01,tile_000279,279,test,36,1,southeast,386.647220299,220.413999297,72.396500176,96.161805075,26.000000,52.656981266,107,127,307,352,D:\桌面\dac\bs_inversion_pilot_v1\samples\test\tile_000279_site01.npz
tile_000279_site02,tile_000279,279,test,36,2,northwest,210.250957932,269.146639680,60.213340080,52.062739483,26.000000,63.405164154,23,118,130,269,D:\桌面\dac\bs_inversion_pilot_v1\samples\test\tile_000279_site02.npz
tile_000279_site03,tile_000279,279,test,36,3,northeast,284.467215596,277.639693473,58.090076632,70.616803899,26.000000,48.377121319,6,72,213,324,D:\桌面\dac\bs_inversion_pilot_v1\samples\test\tile_000279_site03.npz
tile_000286_site00,tile_000286,286,test,37,0,southwest,97.758846300,100.496711535,102.375822116,23.939711575,26.000000,59.732060761,27,73,315,343,D:\桌面\dac\bs_inversion_pilot_v1\samples\test\tile_000286_site00.npz
tile_000286_site01,tile_000286,286,test,37,1,southeast,314.881213507,139.632826228,92.591793443,78.220303377,26.000000,42.822770374,64,111,155,266,D:\桌面\dac\bs_inversion_pilot_v1\samples\test\tile_000286_site01.npz
tile_000286_site02,tile_000286,286,test,37,2,northwest,101.197517256,409.571727891,25.107068027,24.799379314,26.000000,41.816671650,121,184,207,258,D:\桌面\dac\bs_inversion_pilot_v1\samples\test\tile_000286_site02.npz
tile_000286_site03,tile_000286,286,test,37,3,northeast,369.963166400,268.981317973,60.254670507,91.990791600,26.000000,67.813857453,61,98,165,191,D:\桌面\dac\bs_inversion_pilot_v1\samples\test\tile_000286_site03.npz
tile_000287_site00,tile_000287,287,test,38,0,southwest,133.815901406,224.058415854,71.485396036,32.953975351,47.000000,50.339848891,70,182,195,293,D:\桌面\dac\bs_inversion_pilot_v1\samples\test\tile_000287_site00.npz
tile_000287_site01,tile_000287,287,test,38,1,southeast,393.906719008,239.827470855,67.543132286,97.976679752,47.000000,49.233116319,40,45,142,313,D:\桌面\dac\bs_inversion_pilot_v1\samples\test\tile_000287_site01.npz
tile_000287_site02,tile_000287,287,test,38,2,northwest,231.503594990,263.033832235,61.741541941,57.375898747,47.000000,35.051778965,73,202,229,271,D:\桌面\dac\bs_inversion_pilot_v1\samples\test\tile_000287_site02.npz
tile_000287_site03,tile_000287,287,test,38,3,northeast,264.475887390,339.949654078,42.512586480,65.618971848,47.000000,48.116888336,36,208,272,316,D:\桌面\dac\bs_inversion_pilot_v1\samples\test\tile_000287_site03.npz
tile_000313_site00,tile_000313,313,test,39,0,southwest,255.830369440,219.455266217,72.636183446,63.457592360,26.000000,66.131750140,3,61,91,173,D:\桌面\dac\bs_inversion_pilot_v1\samples\test\tile_000313_site00.npz
tile_000313_site01,tile_000313,313,test,39,1,southeast,382.666992973,153.545880742,89.113529815,95.166748243,26.000000,60.634715014,65,154,167,202,D:\桌面\dac\bs_inversion_pilot_v1\samples\test\tile_000313_site01.npz
tile_000313_site02,tile_000313,313,test,39,2,northwest,133.569650720,436.289866467,18.427533383,32.892412680,26.000000,38.556775749,28,186,271,303,D:\桌面\dac\bs_inversion_pilot_v1\samples\test\tile_000313_site02.npz
tile_000313_site03,tile_000313,313,test,39,3,northeast,374.427437730,373.165345257,34.208663686,93.106859432,26.000000,60.060003071,122,129,253,343,D:\桌面\dac\bs_inversion_pilot_v1\samples\test\tile_000313_site03.npz
tile_000314_site00,tile_000314,314,test,40,0,southwest,142.354015884,143.952541720,91.511864570,35.088503971,26.000000,47.321809551,108,128,245,322,D:\桌面\dac\bs_inversion_pilot_v1\samples\test\tile_000314_site00.npz
tile_000314_site01,tile_000314,314,test,40,1,southeast,438.608643978,216.641586024,73.339603494,109.152160995,26.000000,46.873530823,10,206,217,324,D:\桌面\dac\bs_inversion_pilot_v1\samples\test\tile_000314_site01.npz
tile_000314_site02,tile_000314,314,test,40,2,northwest,158.467196738,441.700696099,17.074825975,39.116799184,26.000000,57.003368661,144,235,298,334,D:\桌面\dac\bs_inversion_pilot_v1\samples\test\tile_000314_site02.npz
tile_000314_site03,tile_000314,314,test,40,3,northeast,282.678818711,320.847948951,47.288012762,70.169704678,26.000000,54.904903403,105,170,245,346,D:\桌面\dac\bs_inversion_pilot_v1\samples\test\tile_000314_site03.npz
tile_000365_site00,tile_000365,365,test,41,0,southwest,134.798930500,202.436029914,76.890992522,33.199732625,32.000000,55.266170110,50,142,291,335,D:\桌面\dac\bs_inversion_pilot_v1\samples\test\tile_000365_site00.npz
tile_000365_site01,tile_000365,365,test,41,1,southeast,337.360256286,89.746461074,105.063384731,83.840064071,32.000000,65.618177807,41,71,101,260,D:\桌面\dac\bs_inversion_pilot_v1\samples\test\tile_000365_site01.npz
tile_000365_site02,tile_000365,365,test,41,2,northwest,144.596645522,322.281768764,46.929557809,35.649161381,32.000000,51.646434904,42,66,140,256,D:\桌面\dac\bs_inversion_pilot_v1\samples\test\tile_000365_site02.npz
tile_000365_site03,tile_000365,365,test,41,3,northeast,308.287219067,390.123981170,29.969004708,76.571804767,32.000000,61.977671473,40,89,183,206,D:\桌面\dac\bs_inversion_pilot_v1\samples\test\tile_000365_site03.npz
tile_000369_site00,tile_000369,369,test,42,0,southwest,252.109577117,82.753525129,106.811618718,62.527394279,26.000000,63.377568572,237,307,340,349,D:\桌面\dac\bs_inversion_pilot_v1\samples\test\tile_000369_site00.npz
tile_000369_site01,tile_000369,369,test,42,1,southeast,415.919805721,151.428542057,89.642864486,103.479951430,26.000000,51.839449240,18,157,243,252,D:\桌面\dac\bs_inversion_pilot_v1\samples\test\tile_000369_site01.npz
tile_000369_site02,tile_000369,369,test,42,2,northwest,143.261588670,338.324630336,42.918842416,35.315397168,26.000000,39.554221076,29,110,174,192,D:\桌面\dac\bs_inversion_pilot_v1\samples\test\tile_000369_site02.npz
tile_000369_site03,tile_000369,369,test,42,3,northeast,374.319240166,370.490818662,34.877295335,93.079810042,26.000000,56.082215771,122,133,266,333,D:\桌面\dac\bs_inversion_pilot_v1\samples\test\tile_000369_site03.npz
tile_000379_site00,tile_000379,379,test,43,0,southwest,163.153962716,98.153973037,102.961506741,40.288490679,26.000000,63.987111516,133,171,207,281,D:\桌面\dac\bs_inversion_pilot_v1\samples\test\tile_000379_site00.npz
tile_000379_site01,tile_000379,379,test,43,1,southeast,324.458947010,77.095092516,108.226226871,80.614736752,26.000000,68.978195339,21,183,265,322,D:\桌面\dac\bs_inversion_pilot_v1\samples\test\tile_000379_site01.npz
tile_000379_site02,tile_000379,379,test,43,2,northwest,164.806995948,417.607422515,23.098144371,40.701748987,26.000000,51.131403735,253,282,309,315,D:\桌面\dac\bs_inversion_pilot_v1\samples\test\tile_000379_site02.npz
tile_000379_site03,tile_000379,379,test,43,3,northeast,298.714493595,360.814091864,37.296477034,74.178623399,26.000000,43.926590568,16,70,211,276,D:\桌面\dac\bs_inversion_pilot_v1\samples\test\tile_000379_site03.npz
tile_000409_site00,tile_000409,409,test,44,0,southwest,133.075028157,153.567459321,89.108135170,32.768757039,26.000000,52.401130821,150,196,253,330,D:\桌面\dac\bs_inversion_pilot_v1\samples\test\tile_000409_site00.npz
tile_000409_site01,tile_000409,409,test,44,1,southeast,441.715000235,174.339391764,83.915152059,109.928750059,26.000000,35.008261442,67,177,292,317,D:\桌面\dac\bs_inversion_pilot_v1\samples\test\tile_000409_site01.npz
tile_000409_site02,tile_000409,409,test,44,2,northwest,67.086739241,361.583928250,37.104017938,16.271684810,26.000000,37.012378789,48,51,214,320,D:\桌面\dac\bs_inversion_pilot_v1\samples\test\tile_000409_site02.npz
tile_000409_site03,tile_000409,409,test,44,3,northeast,311.678856344,270.404310113,59.898922472,77.419714086,26.000000,50.089391533,78,131,201,259,D:\桌面\dac\bs_inversion_pilot_v1\samples\test\tile_000409_site03.npz
tile_000410_site00,tile_000410,410,test,45,0,southwest,69.808028299,138.427845144,92.893038714,16.952007075,26.000000,51.853595790,127,206,213,274,D:\桌面\dac\bs_inversion_pilot_v1\samples\test\tile_000410_site00.npz
tile_000410_site01,tile_000410,410,test,45,1,southeast,376.400755320,227.119671836,70.720082041,93.600188830,26.000000,49.206541454,159,272,278,326,D:\桌面\dac\bs_inversion_pilot_v1\samples\test\tile_000410_site01.npz
tile_000410_site02,tile_000410,410,test,45,2,northwest,64.839461557,278.218357302,57.945410674,15.709865389,26.000000,43.823600655,63,105,121,289,D:\桌面\dac\bs_inversion_pilot_v1\samples\test\tile_000410_site02.npz
tile_000410_site03,tile_000410,410,test,45,3,northeast,306.043463620,291.169259142,54.707685215,76.010865905,26.000000,59.811299625,86,235,246,307,D:\桌面\dac\bs_inversion_pilot_v1\samples\test\tile_000410_site03.npz
tile_000417_site00,tile_000417,417,test,46,0,southwest,98.862002889,99.133753731,102.716561567,24.215500722,26.000000,36.465314437,62,302,346,354,D:\桌面\dac\bs_inversion_pilot_v1\samples\test\tile_000417_site00.npz
tile_000417_site01,tile_000417,417,test,46,1,southeast,268.833203598,202.478873013,76.880281747,66.708300899,26.000000,45.963360881,100,323,334,335,D:\桌面\dac\bs_inversion_pilot_v1\samples\test\tile_000417_site01.npz
tile_000417_site02,tile_000417,417,test,46,2,northwest,170.598861033,369.662707787,35.084323053,42.149715258,26.000000,47.327148589,44,216,293,327,D:\桌面\dac\bs_inversion_pilot_v1\samples\test\tile_000417_site02.npz
tile_000417_site03,tile_000417,417,test,46,3,northeast,413.841740424,270.195124482,59.951218880,102.960435106,26.000000,54.784343785,39,85,182,276,D:\桌面\dac\bs_inversion_pilot_v1\samples\test\tile_000417_site03.npz
tile_000478_site00,tile_000478,478,test,47,0,southwest,135.206242495,194.380103166,78.904974208,33.301560624,26.000000,69.883717803,111,142,308,340,D:\桌面\dac\bs_inversion_pilot_v1\samples\test\tile_000478_site00.npz
tile_000478_site01,tile_000478,478,test,47,1,southeast,326.629555491,151.405368808,89.648657798,81.157388873,26.000000,60.147445101,19,75,148,287,D:\桌面\dac\bs_inversion_pilot_v1\samples\test\tile_000478_site01.npz
tile_000478_site02,tile_000478,478,test,47,2,northwest,115.606977317,410.204911317,24.948772171,28.401744329,26.000000,63.905945469,55,134,267,352,D:\桌面\dac\bs_inversion_pilot_v1\samples\test\tile_000478_site02.npz
tile_000478_site03,tile_000478,478,test,47,3,northeast,405.625066718,283.631528585,56.592117854,100.906266680,26.000000,68.360745923,13,14,144,207,D:\桌面\dac\bs_inversion_pilot_v1\samples\test\tile_000478_site03.npz
tile_000480_site00,tile_000480,480,test,48,0,southwest,199.621873208,87.706324706,105.573418823,49.405468302,23.000000,49.149303157,102,130,145,252,D:\桌面\dac\bs_inversion_pilot_v1\samples\test\tile_000480_site00.npz
tile_000480_site01,tile_000480,480,test,48,1,southeast,260.168781827,146.244439872,90.938890032,64.542195457,23.000000,63.396990123,2,134,232,348,D:\桌面\dac\bs_inversion_pilot_v1\samples\test\tile_000480_site01.npz
tile_000480_site02,tile_000480,480,test,48,2,northwest,239.501052577,380.066899262,32.483275184,59.375263144,23.000000,57.661643508,7,125,193,224,D:\桌面\dac\bs_inversion_pilot_v1\samples\test\tile_000480_site02.npz
tile_000480_site03,tile_000480,480,test,48,3,northeast,334.514751195,427.902054346,20.524486414,83.128687799,23.000000,36.776400838,103,123,142,255,D:\桌面\dac\bs_inversion_pilot_v1\samples\test\tile_000480_site03.npz
tile_000498_site00,tile_000498,498,test,49,0,southwest,199.283488071,72.968649058,109.257837736,49.320872018,95.000000,67.150702269,97,300,346,352,D:\桌面\dac\bs_inversion_pilot_v1\samples\test\tile_000498_site00.npz
tile_000498_site01,tile_000498,498,test,49,1,southeast,292.230607074,229.452350307,70.136912423,72.557651768,95.000000,40.350926090,60,120,268,307,D:\桌面\dac\bs_inversion_pilot_v1\samples\test\tile_000498_site01.npz
tile_000498_site02,tile_000498,498,test,49,2,northwest,246.217255729,416.180675648,23.454831088,61.054313932,95.000000,68.049904341,85,161,205,354,D:\桌面\dac\bs_inversion_pilot_v1\samples\test\tile_000498_site02.npz
tile_000498_site03,tile_000498,498,test,49,3,northeast,428.080851434,301.679163189,52.080209203,106.520212858,95.000000,48.649228460,59,89,108,171,D:\桌面\dac\bs_inversion_pilot_v1\samples\test\tile_000498_site03.npz
tile_000499_site00,tile_000499,499,test,50,0,southwest,228.251713472,220.236144178,72.440963955,56.562928368,47.000000,69.651198592,79,275,314,343,D:\桌面\dac\bs_inversion_pilot_v1\samples\test\tile_000499_site00.npz
tile_000499_site01,tile_000499,499,test,50,1,southeast,323.597643541,203.400117683,76.649970579,80.399410885,47.000000,49.539628924,17,108,203,261,D:\桌面\dac\bs_inversion_pilot_v1\samples\test\tile_000499_site01.npz
tile_000499_site02,tile_000499,499,test,50,2,northwest,135.822949407,384.221992347,31.444501913,33.455737352,47.000000,36.293882230,66,178,204,278,D:\桌面\dac\bs_inversion_pilot_v1\samples\test\tile_000499_site02.npz
tile_000499_site03,tile_000499,499,test,50,3,northeast,436.574125121,366.540397441,35.864900640,108.643531280,47.000000,56.415738259,126,238,253,315,D:\桌面\dac\bs_inversion_pilot_v1\samples\test\tile_000499_site03.npz
tile_000502_site00,tile_000502,502,test,51,0,southwest,242.213571757,148.303243092,90.424189227,60.053392939,86.000000,51.981342596,129,214,278,334,D:\桌面\dac\bs_inversion_pilot_v1\samples\test\tile_000502_site00.npz
tile_000502_site01,tile_000502,502,test,51,1,southeast,349.173948938,216.694214989,73.326446253,86.793487234,86.000000,37.005122803,13,133,190,192,D:\桌面\dac\bs_inversion_pilot_v1\samples\test\tile_000502_site01.npz
tile_000502_site02,tile_000502,502,test,51,2,northwest,248.840992479,441.513147986,17.121713004,61.710248120,86.000000,41.242748609,183,225,265,293,D:\桌面\dac\bs_inversion_pilot_v1\samples\test\tile_000502_site02.npz
tile_000502_site03,tile_000502,502,test,51,3,northeast,311.294558163,398.057042372,27.985739407,77.323639541,86.000000,67.779056214,44,87,149,212,D:\桌面\dac\bs_inversion_pilot_v1\samples\test\tile_000502_site03.npz
tile_000508_site00,tile_000508,508,test,52,0,southwest,144.056331026,164.346993508,86.413251623,35.514082756,116.000000,38.361523813,26,28,78,175,D:\桌面\dac\bs_inversion_pilot_v1\samples\test\tile_000508_site00.npz
tile_000508_site01,tile_000508,508,test,52,1,southeast,322.459530987,215.526122072,73.618469482,80.114882747,116.000000,53.409747358,3,132,290,337,D:\桌面\dac\bs_inversion_pilot_v1\samples\test\tile_000508_site01.npz
tile_000508_site02,tile_000508,508,test,52,2,northwest,111.524857729,371.985635408,34.503591148,27.381214432,116.000000,53.297824069,196,257,285,355,D:\桌面\dac\bs_inversion_pilot_v1\samples\test\tile_000508_site02.npz
tile_000508_site03,tile_000508,508,test,52,3,northeast,305.012767682,353.523296715,39.119175821,75.753191920,116.000000,41.385639411,32,42,112,163,D:\桌面\dac\bs_inversion_pilot_v1\samples\test\tile_000508_site03.npz
tile_000509_site00,tile_000509,509,test,53,0,southwest,175.932109384,163.372873515,86.656781621,43.483027346,23.000000,37.031764875,6,176,205,278,D:\桌面\dac\bs_inversion_pilot_v1\samples\test\tile_000509_site00.npz
tile_000509_site01,tile_000509,509,test,53,1,southeast,348.583769338,72.319101487,109.420224628,86.645942335,23.000000,59.348200638,197,247,327,346,D:\桌面\dac\bs_inversion_pilot_v1\samples\test\tile_000509_site01.npz
tile_000509_site02,tile_000509,509,test,53,2,northwest,68.577498808,307.256110389,50.685972403,16.644374702,23.000000,36.563415579,25,198,309,339,D:\桌面\dac\bs_inversion_pilot_v1\samples\test\tile_000509_site02.npz
tile_000509_site03,tile_000509,509,test,53,3,northeast,291.447140938,438.766198223,17.808450444,72.361785235,23.000000,35.753280009,42,162,178,321,D:\桌面\dac\bs_inversion_pilot_v1\samples\test\tile_000509_site03.npz
tile_000510_site00,tile_000510,510,test,54,0,southwest,210.313579352,227.905670280,70.523582430,52.078394838,47.000000,67.722851415,53,66,277,330,D:\桌面\dac\bs_inversion_pilot_v1\samples\test\tile_000510_site00.npz
tile_000510_site01,tile_000510,510,test,54,1,southeast,363.396785848,202.103639014,76.974090247,90.349196462,47.000000,48.354579521,99,101,198,247,D:\桌面\dac\bs_inversion_pilot_v1\samples\test\tile_000510_site01.npz
tile_000510_site02,tile_000510,510,test,54,2,northwest,222.037161412,367.009649020,35.747587745,55.009290353,47.000000,47.385419282,11,159,225,329,D:\桌面\dac\bs_inversion_pilot_v1\samples\test\tile_000510_site02.npz
tile_000510_site03,tile_000510,510,test,54,3,northeast,289.966427262,256.580974492,63.354756377,71.991606816,47.000000,36.720931005,81,277,300,335,D:\桌面\dac\bs_inversion_pilot_v1\samples\test\tile_000510_site03.npz
tile_000525_site00,tile_000525,525,test,55,0,southwest,159.974408092,108.213319042,100.446670239,39.493602023,71.000000,69.320471065,83,143,212,285,D:\桌面\dac\bs_inversion_pilot_v1\samples\test\tile_000525_site00.npz
tile_000525_site01,tile_000525,525,test,55,1,southeast,336.526091829,174.857189953,83.785702512,83.631522957,71.000000,44.761048897,43,187,233,265,D:\桌面\dac\bs_inversion_pilot_v1\samples\test\tile_000525_site01.npz
tile_000525_site02,tile_000525,525,test,55,2,northwest,99.484591766,419.552926295,22.611768426,24.371147942,71.000000,56.810318111,79,161,237,241,D:\桌面\dac\bs_inversion_pilot_v1\samples\test\tile_000525_site02.npz
tile_000525_site03,tile_000525,525,test,55,3,northeast,400.189893273,314.653144472,48.836713882,99.547473318,71.000000,46.532641058,95,210,249,286,D:\桌面\dac\bs_inversion_pilot_v1\samples\test\tile_000525_site03.npz
tile_000526_site00,tile_000526,526,test,56,0,southwest,229.353332519,210.521503502,74.869624124,56.838333130,47.000000,46.593530863,173,190,233,341,D:\桌面\dac\bs_inversion_pilot_v1\samples\test\tile_000526_site00.npz
tile_000526_site01,tile_000526,526,test,56,1,southeast,284.644021828,83.183311817,106.704172046,70.661005457,47.000000,67.700670717,30,235,318,319,D:\桌面\dac\bs_inversion_pilot_v1\samples\test\tile_000526_site01.npz
tile_000526_site02,tile_000526,526,test,56,2,northwest,90.892166829,313.936197825,49.015950544,22.223041707,47.000000,56.149842895,95,213,273,353,D:\桌面\dac\bs_inversion_pilot_v1\samples\test\tile_000526_site02.npz
tile_000526_site03,tile_000526,526,test,56,3,northeast,395.869761038,334.367564557,43.908108861,98.467440260,47.000000,57.524115901,20,44,72,133,D:\桌面\dac\bs_inversion_pilot_v1\samples\test\tile_000526_site03.npz
tile_000536_site00,tile_000536,536,test,57,0,southwest,252.040083766,172.780362239,84.304909440,62.510020942,47.000000,47.100548176,98,111,319,344,D:\桌面\dac\bs_inversion_pilot_v1\samples\test\tile_000536_site00.npz
tile_000536_site01,tile_000536,536,test,57,1,southeast,381.083747380,163.243406383,86.689148404,94.770936845,47.000000,55.587841686,82,103,177,249,D:\桌面\dac\bs_inversion_pilot_v1\samples\test\tile_000536_site01.npz
tile_000536_site02,tile_000536,536,test,57,2,northwest,154.807596556,379.350646753,32.662338312,38.201899139,47.000000,61.543964573,12,16,297,320,D:\桌面\dac\bs_inversion_pilot_v1\samples\test\tile_000536_site02.npz
tile_000536_site03,tile_000536,536,test,57,3,northeast,440.650945625,296.293104142,53.426723965,109.662736406,47.000000,44.803648081,248,250,270,349,D:\桌面\dac\bs_inversion_pilot_v1\samples\test\tile_000536_site03.npz
tile_000537_site00,tile_000537,537,test,58,0,southwest,221.157148280,136.856239609,93.285940098,54.789287070,41.000000,35.685902619,6,146,243,301,D:\桌面\dac\bs_inversion_pilot_v1\samples\test\tile_000537_site00.npz
tile_000537_site01,tile_000537,537,test,58,1,southeast,421.083663983,180.894909460,82.276272635,104.770915996,41.000000,52.819828373,105,241,280,301,D:\桌面\dac\bs_inversion_pilot_v1\samples\test\tile_000537_site01.npz
tile_000537_site02,tile_000537,537,test,58,2,northwest,151.568779902,290.703800913,54.824049772,37.392194975,41.000000,46.693220255,60,312,316,322,D:\桌面\dac\bs_inversion_pilot_v1\samples\test\tile_000537_site02.npz
tile_000537_site03,tile_000537,537,test,58,3,northeast,387.765430423,436.913640228,18.271589943,96.441357606,41.000000,53.713632401,12,32,46,286,D:\桌面\dac\bs_inversion_pilot_v1\samples\test\tile_000537_site03.npz
tile_000551_site00,tile_000551,551,test,59,0,southwest,166.203358766,89.583293736,105.104176566,41.050839691,53.000000,45.666127453,58,112,135,236,D:\桌面\dac\bs_inversion_pilot_v1\samples\test\tile_000551_site00.npz
tile_000551_site01,tile_000551,551,test,59,1,southeast,303.970048583,118.029169820,97.992707545,75.492512146,53.000000,45.163145544,77,153,173,309,D:\桌面\dac\bs_inversion_pilot_v1\samples\test\tile_000551_site01.npz
tile_000551_site02,tile_000551,551,test,59,2,northwest,174.449519592,372.994926541,34.251268365,43.112379898,53.000000,47.507566775,37,72,166,226,D:\桌面\dac\bs_inversion_pilot_v1\samples\test\tile_000551_site02.npz
tile_000551_site03,tile_000551,551,test,59,3,northeast,299.827133519,411.461816595,24.634545851,74.456783380,53.000000,58.782767834,148,152,166,229,D:\桌面\dac\bs_inversion_pilot_v1\samples\test\tile_000551_site03.npz
tile_000552_site00,tile_000552,552,test,60,0,southwest,86.270377161,76.056678123,108.485830469,21.067594290,47.000000,37.993793191,188,223,231,307,D:\桌面\dac\bs_inversion_pilot_v1\samples\test\tile_000552_site00.npz
tile_000552_site01,tile_000552,552,test,60,1,southeast,404.080428987,209.401021430,75.149744642,100.520107247,47.000000,35.795778888,133,143,188,229,D:\桌面\dac\bs_inversion_pilot_v1\samples\test\tile_000552_site01.npz
tile_000552_site02,tile_000552,552,test,60,2,northwest,167.212939939,302.373517715,51.906620571,41.303234985,47.000000,42.672640912,0,83,228,242,D:\桌面\dac\bs_inversion_pilot_v1\samples\test\tile_000552_site02.npz
tile_000552_site03,tile_000552,552,test,60,3,northeast,441.903384021,424.848283996,21.287929001,109.975846005,47.000000,61.100276997,13,165,236,264,D:\桌面\dac\bs_inversion_pilot_v1\samples\test\tile_000552_site03.npz
tile_000564_site00,tile_000564,564,test,61,0,southwest,134.164079996,101.203039581,102.199240105,33.041019999,26.000000,52.446023028,77,164,229,305,D:\桌面\dac\bs_inversion_pilot_v1\samples\test\tile_000564_site00.npz
tile_000564_site01,tile_000564,564,test,61,1,southeast,407.409527825,198.988923140,77.752769215,101.352381956,26.000000,69.163674837,23,175,250,330,D:\桌面\dac\bs_inversion_pilot_v1\samples\test\tile_000564_site01.npz
tile_000564_site02,tile_000564,564,test,61,2,northwest,216.696098231,352.805723140,39.298569215,53.674024558,26.000000,58.913401379,188,202,280,298,D:\桌面\dac\bs_inversion_pilot_v1\samples\test\tile_000564_site02.npz
tile_000564_site03,tile_000564,564,test,61,3,northeast,420.891936455,423.892539758,21.526865061,104.722984114,26.000000,42.411949432,47,210,340,352,D:\桌面\dac\bs_inversion_pilot_v1\samples\test\tile_000564_site03.npz
tile_000578_site00,tile_000578,578,test,62,0,southwest,125.696456768,79.017979583,107.745505104,30.924114192,35.000000,56.449330548,134,137,329,342,D:\桌面\dac\bs_inversion_pilot_v1\samples\test\tile_000578_site00.npz
tile_000578_site01,tile_000578,578,test,62,1,southeast,423.976567851,91.496111638,104.625972091,105.494141963,35.000000,65.672628872,18,150,204,356,D:\桌面\dac\bs_inversion_pilot_v1\samples\test\tile_000578_site01.npz
tile_000578_site02,tile_000578,578,test,62,2,northwest,96.625394816,344.798999507,41.300250123,23.656348704,35.000000,69.166927613,121,147,183,237,D:\桌面\dac\bs_inversion_pilot_v1\samples\test\tile_000578_site02.npz
tile_000578_site03,tile_000578,578,test,62,3,northeast,384.990241083,375.644153308,33.588961673,95.747560271,35.000000,47.762444149,202,244,278,294,D:\桌面\dac\bs_inversion_pilot_v1\samples\test\tile_000578_site03.npz
tile_000579_site00,tile_000579,579,test,63,0,southwest,115.031894025,218.115729565,72.971067609,28.257973506,38.000000,64.073198625,127,129,170,173,D:\桌面\dac\bs_inversion_pilot_v1\samples\test\tile_000579_site00.npz
tile_000579_site01,tile_000579,579,test,63,1,southeast,415.204105203,94.527368398,103.868157900,103.301026301,38.000000,63.609835963,53,75,123,318,D:\桌面\dac\bs_inversion_pilot_v1\samples\test\tile_000579_site01.npz
tile_000579_site02,tile_000579,579,test,63,2,northwest,201.683299164,301.454853634,52.136286591,49.920824791,38.000000,54.755308860,104,270,292,322,D:\桌面\dac\bs_inversion_pilot_v1\samples\test\tile_000579_site02.npz
tile_000579_site03,tile_000579,579,test,63,3,northeast,351.043146641,305.388809766,51.152797559,87.260786660,38.000000,68.231634857,60,235,277,346,D:\桌面\dac\bs_inversion_pilot_v1\samples\test\tile_000579_site03.npz
