VERSION	2020-38079
DATE	2026-07-24, 15:45:51 (+0800)
ANTENNA 1	NAME	Site  1 Antenna 1
ANTENNA 1	LOCATION	445184.000 4368140.000 26.000
ANTENNA 1	FREQUENCY	3500.000
ANTENNA 1	POWER	0.001 W Output
ANTENNA 1	ANTENNATYPE	SECTOR
ANTENNA 1	PATTERN	E:\dac_irt_v2_8bounce\patterns\sector_h65_v8_g6p3dBi_az000_verified
ANTENNA 1	HORIZONTAL	0.000
ANTENNA 1	VERTICAL	0.000
LOWER_LEFT	444928.00000000 4367884.00000000
UPPER_RIGHT	445440.00000000 4368396.00000000
HEIGHT	2.000
TIME_STEP	0.000
RESOLUTION	4.00000000

BEGIN_DATA
444930.00000 4367886.00000 -131.1845
444930.00000 4367890.00000 -132.1420
444930.00000 4367894.00000 -132.2689
444930.00000 4367898.00000 -132.1208
444930.00000 4367902.00000 -131.9949
444930.00000 4367906.00000 -131.7457
444930.00000 4367910.00000 -131.2375
444930.00000 4367914.00000 -129.6170
444930.00000 4367918.00000 -129.6668
444930.00000 4367922.00000 -129.8170
444930.00000 4367926.00000 -130.0065
444930.00000 4367930.00000 -129.6953
444930.00000 4367934.00000 -129.9047
444930.00000 4367938.00000 -129.8377
444930.00000 4367942.00000 -129.6256
444930.00000 4367946.00000 -129.4127
444930.00000 4367950.00000 -129.0755
444930.00000 4367954.00000 -129.2004
444930.00000 4367958.00000 -129.4909
444930.00000 4367962.00000 -128.6205
444930.00000 4367966.00000 -129.4964
444930.00000 4367970.00000 -129.8216
444930.00000 4367974.00000 -129.4967
444930.00000 4367978.00000 -128.8064
444930.00000 4367982.00000 -128.8856
444930.00000 4367986.00000 -128.9379
444930.00000 4367990.00000 -129.3503
444930.00000 4367994.00000 -128.0086
444930.00000 4367998.00000 -128.1943
444930.00000 4368002.00000 -128.0383
444930.00000 4368006.00000 -128.4528
444930.00000 4368010.00000 -127.9706
444930.00000 4368014.00000 -127.9708
444930.00000 4368018.00000 -127.9869
444930.00000 4368022.00000 -132.5058
444930.00000 4368026.00000 -133.2952
444930.00000 4368030.00000 -136.1067
444930.00000 4368034.00000 -136.4814
444930.00000 4368038.00000 -136.4521
444930.00000 4368042.00000 -129.4037
444930.00000 4368046.00000 -129.3260
444930.00000 4368050.00000 -129.5054
444930.00000 4368054.00000 -129.5057
444930.00000 4368058.00000 -129.5342
444930.00000 4368062.00000 -128.6762
444930.00000 4368066.00000 -137.2025
444930.00000 4368070.00000 -139.0283
444930.00000 4368074.00000 -139.9506
444930.00000 4368078.00000 -133.7722
444930.00000 4368082.00000 N.C.
444930.00000 4368086.00000 N.C.
444930.00000 4368090.00000 N.C.
444930.00000 4368094.00000 N.C.
444930.00000 4368098.00000 N.C.
444930.00000 4368102.00000 -146.8685
444930.00000 4368106.00000 -148.4061
444930.00000 4368110.00000 -147.4735
444930.00000 4368114.00000 -146.9592
444930.00000 4368118.00000 -147.2425
444930.00000 4368122.00000 -146.6922
444930.00000 4368126.00000 -147.0278
444930.00000 4368130.00000 -145.1610
444930.00000 4368134.00000 -144.7542
444930.00000 4368138.00000 -145.9093
444930.00000 4368142.00000 -141.6665
444930.00000 4368146.00000 -141.0819
444930.00000 4368150.00000 -131.0503
444930.00000 4368154.00000 -126.9987
444930.00000 4368158.00000 -135.2723
444930.00000 4368162.00000 N.C.
444930.00000 4368166.00000 N.C.
444930.00000 4368170.00000 -120.9122
444930.00000 4368174.00000 -120.3141
444930.00000 4368178.00000 N.C.
444930.00000 4368182.00000 -160.4132
444930.00000 4368186.00000 N.C.
444930.00000 4368190.00000 -139.2928
444930.00000 4368194.00000 N.C.
444930.00000 4368198.00000 N.C.
444930.00000 4368202.00000 N.C.
444930.00000 4368206.00000 N.C.
444930.00000 4368210.00000 -132.8432
444930.00000 4368214.00000 -120.5928
444930.00000 4368218.00000 -120.9603
444930.00000 4368222.00000 -129.2246
444930.00000 4368226.00000 N.C.
444930.00000 4368230.00000 -127.7562
444930.00000 4368234.00000 N.C.
444930.00000 4368238.00000 N.C.
444930.00000 4368242.00000 -117.7746
444930.00000 4368246.00000 -123.5273
444930.00000 4368250.00000 -124.4023
444930.00000 4368254.00000 -124.8912
444930.00000 4368258.00000 -135.8632
444930.00000 4368262.00000 -128.7808
444930.00000 4368266.00000 -120.3571
444930.00000 4368270.00000 -120.7905
444930.00000 4368274.00000 -120.8116
444930.00000 4368278.00000 -134.4494
444930.00000 4368282.00000 -136.9862
444930.00000 4368286.00000 -146.0745
444930.00000 4368290.00000 -120.8576
444930.00000 4368294.00000 N.C.
444930.00000 4368298.00000 N.C.
444930.00000 4368302.00000 N.C.
444930.00000 4368306.00000 -124.9588
444930.00000 4368310.00000 N.C.
444930.00000 4368314.00000 -136.2607
444930.00000 4368318.00000 N.C.
444930.00000 4368322.00000 -125.5446
444930.00000 4368326.00000 -124.7169
444930.00000 4368330.00000 -114.1790
444930.00000 4368334.00000 N.C.
444930.00000 4368338.00000 N.C.
444930.00000 4368342.00000 N.C.
444930.00000 4368346.00000 N.C.
444930.00000 4368350.00000 -147.9723
444930.00000 4368354.00000 N.C.
444930.00000 4368358.00000 N.C.
444930.00000 4368362.00000 N.C.
444930.00000 4368366.00000 -136.8800
444930.00000 4368370.00000 -140.2617
444930.00000 4368374.00000 -141.1152
444930.00000 4368378.00000 -142.9318
444930.00000 4368382.00000 -138.8344
444930.00000 4368386.00000 -134.7832
444930.00000 4368390.00000 -128.2088
444930.00000 4368394.00000 -115.8093
444934.00000 4367886.00000 -131.3097
444934.00000 4367890.00000 -131.0713
444934.00000 4367894.00000 -131.0131
444934.00000 4367898.00000 -132.1751
444934.00000 4367902.00000 -131.8399
444934.00000 4367906.00000 -131.6664
444934.00000 4367910.00000 -130.5731
444934.00000 4367914.00000 -130.3651
444934.00000 4367918.00000 -130.5000
444934.00000 4367922.00000 -129.2474
444934.00000 4367926.00000 -129.6045
444934.00000 4367930.00000 -129.9186
444934.00000 4367934.00000 -129.6789
444934.00000 4367938.00000 -129.1770
444934.00000 4367942.00000 -129.7370
444934.00000 4367946.00000 -129.7751
444934.00000 4367950.00000 -129.3495
444934.00000 4367954.00000 -128.8727
444934.00000 4367958.00000 -128.8508
444934.00000 4367962.00000 -128.8663
444934.00000 4367966.00000 -128.4714
444934.00000 4367970.00000 -129.0062
444934.00000 4367974.00000 -129.5569
444934.00000 4367978.00000 -128.9796
444934.00000 4367982.00000 -129.0782
444934.00000 4367986.00000 -128.8474
444934.00000 4367990.00000 -128.6721
444934.00000 4367994.00000 -129.1370
444934.00000 4367998.00000 -128.2036
444934.00000 4368002.00000 -128.0521
444934.00000 4368006.00000 -127.9221
444934.00000 4368010.00000 -128.0655
444934.00000 4368014.00000 -127.8198
444934.00000 4368018.00000 -127.8556
444934.00000 4368022.00000 -127.5520
444934.00000 4368026.00000 -133.2763
444934.00000 4368030.00000 -133.1115
444934.00000 4368034.00000 -136.2319
444934.00000 4368038.00000 -136.4207
444934.00000 4368042.00000 -129.3039
444934.00000 4368046.00000 -129.2092
444934.00000 4368050.00000 -129.1185
444934.00000 4368054.00000 -129.4051
444934.00000 4368058.00000 -129.4166
444934.00000 4368062.00000 -129.3597
444934.00000 4368066.00000 -136.9680
444934.00000 4368070.00000 -138.8767
444934.00000 4368074.00000 -139.9209
444934.00000 4368078.00000 -137.0015
444934.00000 4368082.00000 -138.4866
444934.00000 4368086.00000 N.C.
444934.00000 4368090.00000 N.C.
444934.00000 4368094.00000 N.C.
444934.00000 4368098.00000 -146.9991
444934.00000 4368102.00000 -147.5000
444934.00000 4368106.00000 -147.4009
444934.00000 4368110.00000 -147.3853
444934.00000 4368114.00000 -146.7572
444934.00000 4368118.00000 -147.2009
444934.00000 4368122.00000 -145.8005
444934.00000 4368126.00000 -146.8151
444934.00000 4368130.00000 -148.0081
444934.00000 4368134.00000 -144.7042
444934.00000 4368138.00000 -146.5110
444934.00000 4368142.00000 -143.9044
444934.00000 4368146.00000 -141.9922
444934.00000 4368150.00000 -130.9488
444934.00000 4368154.00000 -128.5016
444934.00000 4368158.00000 -130.9883
444934.00000 4368162.00000 N.C.
444934.00000 4368166.00000 N.C.
444934.00000 4368170.00000 -120.9194
444934.00000 4368174.00000 -119.9453
444934.00000 4368178.00000 -118.3379
444934.00000 4368182.00000 N.C.
444934.00000 4368186.00000 N.C.
444934.00000 4368190.00000 N.C.
444934.00000 4368194.00000 N.C.
444934.00000 4368198.00000 -124.4073
444934.00000 4368202.00000 N.C.
444934.00000 4368206.00000 -133.5558
444934.00000 4368210.00000 -130.1621
444934.00000 4368214.00000 -121.1735
444934.00000 4368218.00000 -121.0426
444934.00000 4368222.00000 N.C.
444934.00000 4368226.00000 N.C.
444934.00000 4368230.00000 -126.0656
444934.00000 4368234.00000 N.C.
444934.00000 4368238.00000 N.C.
444934.00000 4368242.00000 -122.1700
444934.00000 4368246.00000 -125.8352
444934.00000 4368250.00000 -128.3527
444934.00000 4368254.00000 -131.4862
444934.00000 4368258.00000 -137.4558
444934.00000 4368262.00000 -134.9858
444934.00000 4368266.00000 -120.4656
444934.00000 4368270.00000 -120.6184
444934.00000 4368274.00000 -120.6827
444934.00000 4368278.00000 -133.2005
444934.00000 4368282.00000 N.C.
444934.00000 4368286.00000 N.C.
444934.00000 4368290.00000 -121.0443
444934.00000 4368294.00000 N.C.
444934.00000 4368298.00000 N.C.
444934.00000 4368302.00000 N.C.
444934.00000 4368306.00000 N.C.
444934.00000 4368310.00000 N.C.
444934.00000 4368314.00000 -142.7085
444934.00000 4368318.00000 N.C.
444934.00000 4368322.00000 -127.3467
444934.00000 4368326.00000 -123.8518
444934.00000 4368330.00000 -119.8578
444934.00000 4368334.00000 N.C.
444934.00000 4368338.00000 N.C.
444934.00000 4368342.00000 N.C.
444934.00000 4368346.00000 N.C.
444934.00000 4368350.00000 -146.9179
444934.00000 4368354.00000 -131.2987
444934.00000 4368358.00000 N.C.
444934.00000 4368362.00000 N.C.
444934.00000 4368366.00000 -143.0374
444934.00000 4368370.00000 -139.8871
444934.00000 4368374.00000 -142.9949
444934.00000 4368378.00000 -140.5883
444934.00000 4368382.00000 -135.4865
444934.00000 4368386.00000 -127.3251
444934.00000 4368390.00000 -115.8325
444934.00000 4368394.00000 -116.6273
444938.00000 4367886.00000 -131.2653
444938.00000 4367890.00000 -131.1154
444938.00000 4367894.00000 -131.0700
444938.00000 4367898.00000 -130.8710
444938.00000 4367902.00000 -130.8387
444938.00000 4367906.00000 -131.5089
444938.00000 4367910.00000 -130.4898
444938.00000 4367914.00000 -130.4691
444938.00000 4367918.00000 -130.8811
444938.00000 4367922.00000 -130.7116
444938.00000 4367926.00000 -129.1397
444938.00000 4367930.00000 -128.5692
444938.00000 4367934.00000 -128.7087
444938.00000 4367938.00000 -129.1878
444938.00000 4367942.00000 -129.2090
444938.00000 4367946.00000 -129.5718
444938.00000 4367950.00000 -129.5859
444938.00000 4367954.00000 -129.6829
444938.00000 4367958.00000 -129.5082
444938.00000 4367962.00000 -129.0082
444938.00000 4367966.00000 -128.5896
444938.00000 4367970.00000 -128.5607
444938.00000 4367974.00000 -128.8767
444938.00000 4367978.00000 -129.8585
444938.00000 4367982.00000 -128.8383
444938.00000 4367986.00000 -128.9978
444938.00000 4367990.00000 -128.0338
444938.00000 4367994.00000 -128.3955
444938.00000 4367998.00000 -127.8532
444938.00000 4368002.00000 -127.8983
444938.00000 4368006.00000 -127.9107
444938.00000 4368010.00000 -127.5467
444938.00000 4368014.00000 -127.5671
444938.00000 4368018.00000 -127.7751
444938.00000 4368022.00000 -127.6227
444938.00000 4368026.00000 -130.2769
444938.00000 4368030.00000 -132.8890
444938.00000 4368034.00000 -134.0475
444938.00000 4368038.00000 -137.7222
444938.00000 4368042.00000 -136.5680
444938.00000 4368046.00000 -128.9371
444938.00000 4368050.00000 -128.9704
444938.00000 4368054.00000 -129.1719
444938.00000 4368058.00000 -129.1401
444938.00000 4368062.00000 -129.1549
444938.00000 4368066.00000 -134.0661
444938.00000 4368070.00000 -138.4529
444938.00000 4368074.00000 -139.9751
444938.00000 4368078.00000 -135.5441
444938.00000 4368082.00000 -138.3150
444938.00000 4368086.00000 -139.1671
444938.00000 4368090.00000 -140.8138
444938.00000 4368094.00000 -141.2145
444938.00000 4368098.00000 -147.0828
444938.00000 4368102.00000 -151.0951
444938.00000 4368106.00000 -149.1624
444938.00000 4368110.00000 -148.2028
444938.00000 4368114.00000 -147.0414
444938.00000 4368118.00000 -146.5424
444938.00000 4368122.00000 -146.3199
444938.00000 4368126.00000 -147.3168
444938.00000 4368130.00000 -148.0976
444938.00000 4368134.00000 -146.2281
444938.00000 4368138.00000 -146.7634
444938.00000 4368142.00000 -145.0272
444938.00000 4368146.00000 -142.7019
444938.00000 4368150.00000 -131.2968
444938.00000 4368154.00000 -128.4603
444938.00000 4368158.00000 -130.7362
444938.00000 4368162.00000 N.C.
444938.00000 4368166.00000 N.C.
444938.00000 4368170.00000 -121.0398
444938.00000 4368174.00000 -119.6173
444938.00000 4368178.00000 -120.9459
444938.00000 4368182.00000 N.C.
444938.00000 4368186.00000 N.C.
444938.00000 4368190.00000 -136.3932
444938.00000 4368194.00000 -128.2930
444938.00000 4368198.00000 -125.6194
444938.00000 4368202.00000 N.C.
444938.00000 4368206.00000 -133.8083
444938.00000 4368210.00000 -127.5725
444938.00000 4368214.00000 -120.7114
444938.00000 4368218.00000 -120.5879
444938.00000 4368222.00000 N.C.
444938.00000 4368226.00000 N.C.
444938.00000 4368230.00000 -122.4610
444938.00000 4368234.00000 N.C.
444938.00000 4368238.00000 -124.9746
444938.00000 4368242.00000 -123.7351
444938.00000 4368246.00000 -128.3488
444938.00000 4368250.00000 -125.1578
444938.00000 4368254.00000 -127.5771
444938.00000 4368258.00000 -134.1815
444938.00000 4368262.00000 -132.8867
444938.00000 4368266.00000 -120.4437
444938.00000 4368270.00000 -120.4590
444938.00000 4368274.00000 -120.5689
444938.00000 4368278.00000 -132.8960
444938.00000 4368282.00000 N.C.
444938.00000 4368286.00000 N.C.
444938.00000 4368290.00000 -136.9035
444938.00000 4368294.00000 N.C.
444938.00000 4368298.00000 N.C.
444938.00000 4368302.00000 N.C.
444938.00000 4368306.00000 N.C.
444938.00000 4368310.00000 N.C.
444938.00000 4368314.00000 -147.0485
444938.00000 4368318.00000 N.C.
444938.00000 4368322.00000 -130.8054
444938.00000 4368326.00000 -125.3652
444938.00000 4368330.00000 N.C.
444938.00000 4368334.00000 N.C.
444938.00000 4368338.00000 -132.6289
444938.00000 4368342.00000 N.C.
444938.00000 4368346.00000 N.C.
444938.00000 4368350.00000 -154.7490
444938.00000 4368354.00000 -139.3994
444938.00000 4368358.00000 N.C.
444938.00000 4368362.00000 -173.2498
444938.00000 4368366.00000 -145.8673
444938.00000 4368370.00000 -135.8961
444938.00000 4368374.00000 -139.4024
444938.00000 4368378.00000 -139.4714
444938.00000 4368382.00000 -133.5943
444938.00000 4368386.00000 -115.6602
444938.00000 4368390.00000 -116.8454
444938.00000 4368394.00000 -117.4311
444942.00000 4367886.00000 -129.9474
444942.00000 4367890.00000 -131.0650
444942.00000 4367894.00000 -130.6450
444942.00000 4367898.00000 -130.9766
444942.00000 4367902.00000 -130.7361
444942.00000 4367906.00000 -129.7363
444942.00000 4367910.00000 -130.4200
444942.00000 4367914.00000 -130.2324
444942.00000 4367918.00000 -131.0640
444942.00000 4367922.00000 -130.6983
444942.00000 4367926.00000 -130.5000
444942.00000 4367930.00000 -128.6110
444942.00000 4367934.00000 -128.6238
444942.00000 4367938.00000 -128.3605
444942.00000 4367942.00000 -129.1365
444942.00000 4367946.00000 -129.3926
444942.00000 4367950.00000 -129.0617
444942.00000 4367954.00000 -129.3531
444942.00000 4367958.00000 -129.5329
444942.00000 4367962.00000 -129.1049
444942.00000 4367966.00000 -129.4813
444942.00000 4367970.00000 -129.2349
444942.00000 4367974.00000 -128.4039
444942.00000 4367978.00000 -128.6401
444942.00000 4367982.00000 -129.5764
444942.00000 4367986.00000 -128.9904
444942.00000 4367990.00000 -128.3038
444942.00000 4367994.00000 -128.1432
444942.00000 4367998.00000 -128.0701
444942.00000 4368002.00000 -127.6308
444942.00000 4368006.00000 -127.8182
444942.00000 4368010.00000 -127.7661
444942.00000 4368014.00000 -131.2298
444942.00000 4368018.00000 -130.8320
444942.00000 4368022.00000 -130.7481
444942.00000 4368026.00000 -128.3508
444942.00000 4368030.00000 -132.7439
444942.00000 4368034.00000 -133.0984
444942.00000 4368038.00000 -136.5203
444942.00000 4368042.00000 -137.1645
444942.00000 4368046.00000 -128.9227
444942.00000 4368050.00000 -128.9235
444942.00000 4368054.00000 -128.9511
444942.00000 4368058.00000 -128.9372
444942.00000 4368062.00000 -128.9411
444942.00000 4368066.00000 -135.3867
444942.00000 4368070.00000 -138.8199
444942.00000 4368074.00000 -136.5288
444942.00000 4368078.00000 -135.8946
444942.00000 4368082.00000 -138.0920
444942.00000 4368086.00000 -138.2395
444942.00000 4368090.00000 -139.0287
444942.00000 4368094.00000 -145.6495
444942.00000 4368098.00000 -147.8070
444942.00000 4368102.00000 -148.9256
444942.00000 4368106.00000 -148.9377
444942.00000 4368110.00000 -149.2680
444942.00000 4368114.00000 -147.1343
444942.00000 4368118.00000 -146.1762
444942.00000 4368122.00000 -146.0570
444942.00000 4368126.00000 -147.3651
444942.00000 4368130.00000 -148.4966
444942.00000 4368134.00000 -150.7575
444942.00000 4368138.00000 -146.7628
444942.00000 4368142.00000 -145.0335
444942.00000 4368146.00000 -147.8332
444942.00000 4368150.00000 -139.3452
444942.00000 4368154.00000 -129.3684
444942.00000 4368158.00000 -138.9402
444942.00000 4368162.00000 N.C.
444942.00000 4368166.00000 N.C.
444942.00000 4368170.00000 -119.6917
444942.00000 4368174.00000 -120.6897
444942.00000 4368178.00000 -120.9338
444942.00000 4368182.00000 N.C.
444942.00000 4368186.00000 N.C.
444942.00000 4368190.00000 N.C.
444942.00000 4368194.00000 N.C.
444942.00000 4368198.00000 N.C.
444942.00000 4368202.00000 N.C.
444942.00000 4368206.00000 -134.1244
444942.00000 4368210.00000 -123.2362
444942.00000 4368214.00000 -119.7332
444942.00000 4368218.00000 -127.4323
444942.00000 4368222.00000 N.C.
444942.00000 4368226.00000 N.C.
444942.00000 4368230.00000 -121.2938
444942.00000 4368234.00000 -121.8036
444942.00000 4368238.00000 -119.3438
444942.00000 4368242.00000 -125.7556
444942.00000 4368246.00000 -135.9965
444942.00000 4368250.00000 -143.0104
444942.00000 4368254.00000 -144.1144
444942.00000 4368258.00000 -137.8215
444942.00000 4368262.00000 -136.7365
444942.00000 4368266.00000 -134.1763
444942.00000 4368270.00000 -120.6921
444942.00000 4368274.00000 -120.9825
444942.00000 4368278.00000 -134.1337
444942.00000 4368282.00000 N.C.
444942.00000 4368286.00000 -126.4327
444942.00000 4368290.00000 N.C.
444942.00000 4368294.00000 N.C.
444942.00000 4368298.00000 N.C.
444942.00000 4368302.00000 N.C.
444942.00000 4368306.00000 N.C.
444942.00000 4368310.00000 -124.8882
444942.00000 4368314.00000 N.C.
444942.00000 4368318.00000 N.C.
444942.00000 4368322.00000 N.C.
444942.00000 4368326.00000 -135.9286
444942.00000 4368330.00000 N.C.
444942.00000 4368334.00000 N.C.
444942.00000 4368338.00000 -132.0246
444942.00000 4368342.00000 -131.2188
444942.00000 4368346.00000 N.C.
444942.00000 4368350.00000 -131.4657
444942.00000 4368354.00000 -155.5776
444942.00000 4368358.00000 N.C.
444942.00000 4368362.00000 N.C.
444942.00000 4368366.00000 N.C.
444942.00000 4368370.00000 -139.4913
444942.00000 4368374.00000 -139.2137
444942.00000 4368378.00000 -135.7950
444942.00000 4368382.00000 -122.0209
444942.00000 4368386.00000 -116.9426
444942.00000 4368390.00000 -117.1715
444942.00000 4368394.00000 -117.0825
444946.00000 4367886.00000 -129.8954
444946.00000 4367890.00000 -129.5093
444946.00000 4367894.00000 -129.3887
444946.00000 4367898.00000 -130.4615
444946.00000 4367902.00000 -129.9389
444946.00000 4367906.00000 -129.7977
444946.00000 4367910.00000 -129.6223
444946.00000 4367914.00000 -129.4373
444946.00000 4367918.00000 -130.7781
444946.00000 4367922.00000 -130.2267
444946.00000 4367926.00000 -129.6235
444946.00000 4367930.00000 -129.5511
444946.00000 4367934.00000 -128.6527
444946.00000 4367938.00000 -128.3243
444946.00000 4367942.00000 -127.7512
444946.00000 4367946.00000 -129.1208
444946.00000 4367950.00000 -129.6737
444946.00000 4367954.00000 -129.1965
444946.00000 4367958.00000 -129.1548
444946.00000 4367962.00000 -129.0962
444946.00000 4367966.00000 -128.9525
444946.00000 4367970.00000 -129.0395
444946.00000 4367974.00000 -128.3508
444946.00000 4367978.00000 -129.1980
444946.00000 4367982.00000 -129.1125
444946.00000 4367986.00000 -128.5370
444946.00000 4367990.00000 -129.3950
444946.00000 4367994.00000 -129.1520
444946.00000 4367998.00000 -128.0479
444946.00000 4368002.00000 -128.3819
444946.00000 4368006.00000 -127.7188
444946.00000 4368010.00000 -127.6129
444946.00000 4368014.00000 -130.6898
444946.00000 4368018.00000 -133.1474
444946.00000 4368022.00000 -130.6614
444946.00000 4368026.00000 -130.5927
444946.00000 4368030.00000 -130.0664
444946.00000 4368034.00000 -132.9514
444946.00000 4368038.00000 -134.3246
444946.00000 4368042.00000 -136.4746
444946.00000 4368046.00000 -135.8864
444946.00000 4368050.00000 -128.5712
444946.00000 4368054.00000 -128.5294
444946.00000 4368058.00000 -128.9075
444946.00000 4368062.00000 -128.8035
444946.00000 4368066.00000 -128.8060
444946.00000 4368070.00000 -135.4847
444946.00000 4368074.00000 -136.5809
444946.00000 4368078.00000 -136.7420
444946.00000 4368082.00000 -136.4190
444946.00000 4368086.00000 -138.1417
444946.00000 4368090.00000 -142.3649
444946.00000 4368094.00000 -145.8271
444946.00000 4368098.00000 -147.1500
444946.00000 4368102.00000 -150.3155
444946.00000 4368106.00000 -149.6561
444946.00000 4368110.00000 -149.8295
444946.00000 4368114.00000 -147.5082
444946.00000 4368118.00000 -147.0361
444946.00000 4368122.00000 -146.4499
444946.00000 4368126.00000 -146.6197
444946.00000 4368130.00000 -148.4501
444946.00000 4368134.00000 -151.8351
444946.00000 4368138.00000 -150.3185
444946.00000 4368142.00000 -146.6155
444946.00000 4368146.00000 -148.4167
444946.00000 4368150.00000 -152.5154
444946.00000 4368154.00000 -128.1023
444946.00000 4368158.00000 N.C.
444946.00000 4368162.00000 N.C.
444946.00000 4368166.00000 -121.0003
444946.00000 4368170.00000 -119.2756
444946.00000 4368174.00000 -120.1376
444946.00000 4368178.00000 -117.5014
444946.00000 4368182.00000 N.C.
444946.00000 4368186.00000 N.C.
444946.00000 4368190.00000 N.C.
444946.00000 4368194.00000 N.C.
444946.00000 4368198.00000 N.C.
444946.00000 4368202.00000 N.C.
444946.00000 4368206.00000 -133.3614
444946.00000 4368210.00000 -120.3799
444946.00000 4368214.00000 -119.1217
444946.00000 4368218.00000 -139.8319
444946.00000 4368222.00000 -145.2626
444946.00000 4368226.00000 N.C.
444946.00000 4368230.00000 -121.5719
444946.00000 4368234.00000 -122.1824
444946.00000 4368238.00000 -123.0854
444946.00000 4368242.00000 -128.4458
444946.00000 4368246.00000 -137.5905
444946.00000 4368250.00000 N.C.
444946.00000 4368254.00000 N.C.
444946.00000 4368258.00000 N.C.
444946.00000 4368262.00000 N.C.
444946.00000 4368266.00000 -143.0710
444946.00000 4368270.00000 -145.8130
444946.00000 4368274.00000 -121.4844
444946.00000 4368278.00000 N.C.
444946.00000 4368282.00000 N.C.
444946.00000 4368286.00000 -127.4409
444946.00000 4368290.00000 -122.8292
444946.00000 4368294.00000 N.C.
444946.00000 4368298.00000 N.C.
444946.00000 4368302.00000 -133.0358
444946.00000 4368306.00000 N.C.
444946.00000 4368310.00000 -122.1741
444946.00000 4368314.00000 -113.7705
444946.00000 4368318.00000 N.C.
444946.00000 4368322.00000 -147.9786
444946.00000 4368326.00000 -133.1499
444946.00000 4368330.00000 N.C.
444946.00000 4368334.00000 N.C.
444946.00000 4368338.00000 -132.6535
444946.00000 4368342.00000 -127.8906
444946.00000 4368346.00000 -124.3304
444946.00000 4368350.00000 N.C.
444946.00000 4368354.00000 N.C.
444946.00000 4368358.00000 N.C.
444946.00000 4368362.00000 N.C.
444946.00000 4368366.00000 N.C.
444946.00000 4368370.00000 -143.5641
444946.00000 4368374.00000 -133.5530
444946.00000 4368378.00000 -127.1374
444946.00000 4368382.00000 -131.8690
444946.00000 4368386.00000 -125.3023
444946.00000 4368390.00000 -116.8464
444946.00000 4368394.00000 -126.7827
444950.00000 4367886.00000 -130.9447
444950.00000 4367890.00000 -130.1212
444950.00000 4367894.00000 -129.1098
444950.00000 4367898.00000 -129.1504
444950.00000 4367902.00000 -129.9008
444950.00000 4367906.00000 -130.2129
444950.00000 4367910.00000 -129.6905
444950.00000 4367914.00000 -129.5651
444950.00000 4367918.00000 -130.0253
444950.00000 4367922.00000 -129.8335
444950.00000 4367926.00000 -129.7820
444950.00000 4367930.00000 -129.4726
444950.00000 4367934.00000 -129.3965
444950.00000 4367938.00000 -128.4483
444950.00000 4367942.00000 -128.0858
444950.00000 4367946.00000 -127.6809
444950.00000 4367950.00000 -128.3459
444950.00000 4367954.00000 -129.4744
444950.00000 4367958.00000 -129.2009
444950.00000 4367962.00000 -128.9879
444950.00000 4367966.00000 -128.8622
444950.00000 4367970.00000 -128.6215
444950.00000 4367974.00000 -128.0956
444950.00000 4367978.00000 -128.5974
444950.00000 4367982.00000 -128.8648
444950.00000 4367986.00000 -128.2283
444950.00000 4367990.00000 -128.2816
444950.00000 4367994.00000 -128.5508
444950.00000 4367998.00000 -129.0667
444950.00000 4368002.00000 -128.4593
444950.00000 4368006.00000 -127.0811
444950.00000 4368010.00000 -130.9544
444950.00000 4368014.00000 -130.9249
444950.00000 4368018.00000 -130.3178
444950.00000 4368022.00000 -130.4502
444950.00000 4368026.00000 -130.3541
444950.00000 4368030.00000 -130.3393
444950.00000 4368034.00000 -132.9048
444950.00000 4368038.00000 -133.3911
444950.00000 4368042.00000 -134.3037
444950.00000 4368046.00000 -135.7837
444950.00000 4368050.00000 -128.2559
444950.00000 4368054.00000 -128.3879
444950.00000 4368058.00000 -128.5468
444950.00000 4368062.00000 -128.5439
444950.00000 4368066.00000 -128.1995
444950.00000 4368070.00000 -134.8241
444950.00000 4368074.00000 -136.6340
444950.00000 4368078.00000 -136.6522
444950.00000 4368082.00000 -136.5307
444950.00000 4368086.00000 -137.8553
444950.00000 4368090.00000 -142.5579
444950.00000 4368094.00000 -146.8768
444950.00000 4368098.00000 -148.7795
444950.00000 4368102.00000 -150.6014
444950.00000 4368106.00000 -151.2019
444950.00000 4368110.00000 -149.5817
444950.00000 4368114.00000 -146.7117
444950.00000 4368118.00000 -147.8417
444950.00000 4368122.00000 -147.7485
444950.00000 4368126.00000 -147.5851
444950.00000 4368130.00000 -148.3051
444950.00000 4368134.00000 -148.7631
444950.00000 4368138.00000 -148.4292
444950.00000 4368142.00000 -146.9470
444950.00000 4368146.00000 N.C.
444950.00000 4368150.00000 N.C.
444950.00000 4368154.00000 -128.9213
444950.00000 4368158.00000 N.C.
444950.00000 4368162.00000 N.C.
444950.00000 4368166.00000 -120.3663
444950.00000 4368170.00000 -118.9622
444950.00000 4368174.00000 -120.0039
444950.00000 4368178.00000 N.C.
444950.00000 4368182.00000 N.C.
444950.00000 4368186.00000 N.C.
444950.00000 4368190.00000 N.C.
444950.00000 4368194.00000 -118.9594
444950.00000 4368198.00000 N.C.
444950.00000 4368202.00000 N.C.
444950.00000 4368206.00000 -130.4210
444950.00000 4368210.00000 -118.8906
444950.00000 4368214.00000 -116.4368
444950.00000 4368218.00000 N.C.
444950.00000 4368222.00000 -130.5310
444950.00000 4368226.00000 -127.1887
444950.00000 4368230.00000 -121.5491
444950.00000 4368234.00000 -121.6887
444950.00000 4368238.00000 -124.2128
444950.00000 4368242.00000 -136.9100
444950.00000 4368246.00000 -138.2096
444950.00000 4368250.00000 -136.4863
444950.00000 4368254.00000 -138.0518
444950.00000 4368258.00000 N.C.
444950.00000 4368262.00000 N.C.
444950.00000 4368266.00000 N.C.
444950.00000 4368270.00000 N.C.
444950.00000 4368274.00000 -122.8323
444950.00000 4368278.00000 N.C.
444950.00000 4368282.00000 N.C.
444950.00000 4368286.00000 -128.6286
444950.00000 4368290.00000 -121.6475
444950.00000 4368294.00000 N.C.
444950.00000 4368298.00000 N.C.
444950.00000 4368302.00000 -127.3717
444950.00000 4368306.00000 -118.7068
444950.00000 4368310.00000 -121.7378
444950.00000 4368314.00000 -129.0934
444950.00000 4368318.00000 N.C.
444950.00000 4368322.00000 N.C.
444950.00000 4368326.00000 -137.1479
444950.00000 4368330.00000 N.C.
444950.00000 4368334.00000 -155.5319
444950.00000 4368338.00000 -135.4919
444950.00000 4368342.00000 -129.1388
444950.00000 4368346.00000 -127.1345
444950.00000 4368350.00000 N.C.
444950.00000 4368354.00000 N.C.
444950.00000 4368358.00000 N.C.
444950.00000 4368362.00000 N.C.
444950.00000 4368366.00000 -146.6804
444950.00000 4368370.00000 N.C.
444950.00000 4368374.00000 N.C.
444950.00000 4368378.00000 -136.5731
444950.00000 4368382.00000 -133.4491
444950.00000 4368386.00000 -126.4976
444950.00000 4368390.00000 -128.8914
444950.00000 4368394.00000 -125.8761
444954.00000 4367886.00000 -130.3638
444954.00000 4367890.00000 -129.2599
444954.00000 4367894.00000 -129.2020
444954.00000 4367898.00000 -129.8672
444954.00000 4367902.00000 -128.8697
444954.00000 4367906.00000 -129.0125
444954.00000 4367910.00000 -129.1702
444954.00000 4367914.00000 -130.0054
444954.00000 4367918.00000 -130.1638
444954.00000 4367922.00000 -129.1062
444954.00000 4367926.00000 -128.8878
444954.00000 4367930.00000 -129.1791
444954.00000 4367934.00000 -129.2745
444954.00000 4367938.00000 -129.1612
444954.00000 4367942.00000 -128.2908
444954.00000 4367946.00000 -127.5723
444954.00000 4367950.00000 -128.2050
444954.00000 4367954.00000 -128.3412
444954.00000 4367958.00000 -129.1066
444954.00000 4367962.00000 -129.2084
444954.00000 4367966.00000 -128.3599
444954.00000 4367970.00000 -128.1397
444954.00000 4367974.00000 -128.7335
444954.00000 4367978.00000 -127.9369
444954.00000 4367982.00000 -128.8634
444954.00000 4367986.00000 -129.0577
444954.00000 4367990.00000 -128.2394
444954.00000 4367994.00000 -127.3879
444954.00000 4367998.00000 -127.9186
444954.00000 4368002.00000 -128.9398
444954.00000 4368006.00000 -128.6262
444954.00000 4368010.00000 -130.3377
444954.00000 4368014.00000 -130.7671
444954.00000 4368018.00000 -130.3840
444954.00000 4368022.00000 -131.8716
444954.00000 4368026.00000 -130.3382
444954.00000 4368030.00000 -130.2309
444954.00000 4368034.00000 -130.0218
444954.00000 4368038.00000 -133.3922
444954.00000 4368042.00000 -132.9973
444954.00000 4368046.00000 -135.8344
444954.00000 4368050.00000 -128.4106
444954.00000 4368054.00000 -128.1242
444954.00000 4368058.00000 -127.9537
444954.00000 4368062.00000 -128.4236
444954.00000 4368066.00000 -128.1596
444954.00000 4368070.00000 -134.8579
444954.00000 4368074.00000 -136.4923
444954.00000 4368078.00000 -136.7924
444954.00000 4368082.00000 -137.0548
444954.00000 4368086.00000 -142.3849
444954.00000 4368090.00000 -142.2115
444954.00000 4368094.00000 -147.6798
444954.00000 4368098.00000 -150.3860
444954.00000 4368102.00000 -152.8308
444954.00000 4368106.00000 -151.2896
444954.00000 4368110.00000 -151.0535
444954.00000 4368114.00000 -146.0414
444954.00000 4368118.00000 -146.7844
444954.00000 4368122.00000 -148.3199
444954.00000 4368126.00000 -148.0905
444954.00000 4368130.00000 -150.2513
444954.00000 4368134.00000 -151.7427
444954.00000 4368138.00000 -151.7670
444954.00000 4368142.00000 -147.7666
444954.00000 4368146.00000 -148.1244
444954.00000 4368150.00000 -140.5872
444954.00000 4368154.00000 -128.7096
444954.00000 4368158.00000 -122.0173
444954.00000 4368162.00000 N.C.
444954.00000 4368166.00000 -117.8635
444954.00000 4368170.00000 -120.1790
444954.00000 4368174.00000 -119.8210
444954.00000 4368178.00000 N.C.
444954.00000 4368182.00000 N.C.
444954.00000 4368186.00000 -140.0790
444954.00000 4368190.00000 -136.9795
444954.00000 4368194.00000 -123.8365
444954.00000 4368198.00000 N.C.
444954.00000 4368202.00000 -136.7533
444954.00000 4368206.00000 -121.2184
444954.00000 4368210.00000 -120.3315
444954.00000 4368214.00000 -116.5294
444954.00000 4368218.00000 N.C.
444954.00000 4368222.00000 N.C.
444954.00000 4368226.00000 -123.7497
444954.00000 4368230.00000 -118.1740
444954.00000 4368234.00000 -123.0915
444954.00000 4368238.00000 -126.0878
444954.00000 4368242.00000 -136.8518
444954.00000 4368246.00000 -137.9778
444954.00000 4368250.00000 -142.2001
444954.00000 4368254.00000 -137.1021
444954.00000 4368258.00000 -140.9883
444954.00000 4368262.00000 -138.5973
444954.00000 4368266.00000 -129.3007
444954.00000 4368270.00000 -123.5202
444954.00000 4368274.00000 -126.4925
444954.00000 4368278.00000 N.C.
444954.00000 4368282.00000 -133.6342
444954.00000 4368286.00000 -126.7080
444954.00000 4368290.00000 -127.8001
444954.00000 4368294.00000 N.C.
444954.00000 4368298.00000 N.C.
444954.00000 4368302.00000 -119.8743
444954.00000 4368306.00000 -119.6392
444954.00000 4368310.00000 N.C.
444954.00000 4368314.00000 N.C.
444954.00000 4368318.00000 N.C.
444954.00000 4368322.00000 -126.6666
444954.00000 4368326.00000 -136.9487
444954.00000 4368330.00000 N.C.
444954.00000 4368334.00000 N.C.
444954.00000 4368338.00000 -128.5949
444954.00000 4368342.00000 -128.8566
444954.00000 4368346.00000 -123.7109
444954.00000 4368350.00000 N.C.
444954.00000 4368354.00000 N.C.
444954.00000 4368358.00000 -163.9522
444954.00000 4368362.00000 -138.6178
444954.00000 4368366.00000 -143.4655
444954.00000 4368370.00000 N.C.
444954.00000 4368374.00000 N.C.
444954.00000 4368378.00000 -132.8796
444954.00000 4368382.00000 -126.6722
444954.00000 4368386.00000 -126.6866
444954.00000 4368390.00000 -125.9244
444954.00000 4368394.00000 -126.6965
444958.00000 4367886.00000 -131.0057
444958.00000 4367890.00000 -130.0691
444958.00000 4367894.00000 -129.3708
444958.00000 4367898.00000 -129.0759
444958.00000 4367902.00000 -129.7668
444958.00000 4367906.00000 -129.3825
444958.00000 4367910.00000 -128.6330
444958.00000 4367914.00000 -129.0370
444958.00000 4367918.00000 -129.8827
444958.00000 4367922.00000 -129.1994
444958.00000 4367926.00000 -129.0088
444958.00000 4367930.00000 -128.7767
444958.00000 4367934.00000 -128.6914
444958.00000 4367938.00000 -128.9268
444958.00000 4367942.00000 -128.7578
444958.00000 4367946.00000 -128.1066
444958.00000 4367950.00000 -127.3417
444958.00000 4367954.00000 -128.2059
444958.00000 4367958.00000 -128.1738
444958.00000 4367962.00000 -128.2501
444958.00000 4367966.00000 -128.3598
444958.00000 4367970.00000 -128.1243
444958.00000 4367974.00000 -128.2861
444958.00000 4367978.00000 -128.1169
444958.00000 4367982.00000 -128.6400
444958.00000 4367986.00000 -128.6150
444958.00000 4367990.00000 -128.6621
444958.00000 4367994.00000 -127.6972
444958.00000 4367998.00000 -127.1800
444958.00000 4368002.00000 -127.4981
444958.00000 4368006.00000 -128.5658
444958.00000 4368010.00000 -133.3149
444958.00000 4368014.00000 -130.8768
444958.00000 4368018.00000 -130.8784
444958.00000 4368022.00000 -133.0121
444958.00000 4368026.00000 -130.6089
444958.00000 4368030.00000 -130.4430
444958.00000 4368034.00000 -130.4978
444958.00000 4368038.00000 -134.5378
444958.00000 4368042.00000 -133.7251
444958.00000 4368046.00000 -134.2123
444958.00000 4368050.00000 -136.4313
444958.00000 4368054.00000 -127.8774
444958.00000 4368058.00000 -128.0954
444958.00000 4368062.00000 -128.1768
444958.00000 4368066.00000 -128.1165
444958.00000 4368070.00000 -128.0899
444958.00000 4368074.00000 -135.9331
444958.00000 4368078.00000 -137.0642
444958.00000 4368082.00000 -141.4374
444958.00000 4368086.00000 -142.3329
444958.00000 4368090.00000 -142.3988
444958.00000 4368094.00000 -146.8898
444958.00000 4368098.00000 -152.1004
444958.00000 4368102.00000 -154.8138
444958.00000 4368106.00000 -154.3309
444958.00000 4368110.00000 -151.0583
444958.00000 4368114.00000 -147.3603
444958.00000 4368118.00000 -146.7757
444958.00000 4368122.00000 -148.8347
444958.00000 4368126.00000 -148.9440
444958.00000 4368130.00000 -149.4542
444958.00000 4368134.00000 -154.0016
444958.00000 4368138.00000 -154.3108
444958.00000 4368142.00000 -148.7849
444958.00000 4368146.00000 -155.3655
444958.00000 4368150.00000 -145.2278
444958.00000 4368154.00000 -128.0566
444958.00000 4368158.00000 -120.5350
444958.00000 4368162.00000 -118.1405
444958.00000 4368166.00000 -117.0092
444958.00000 4368170.00000 -117.9002
444958.00000 4368174.00000 -116.4019
444958.00000 4368178.00000 N.C.
444958.00000 4368182.00000 N.C.
444958.00000 4368186.00000 N.C.
444958.00000 4368190.00000 N.C.
444958.00000 4368194.00000 N.C.
444958.00000 4368198.00000 N.C.
444958.00000 4368202.00000 -134.2859
444958.00000 4368206.00000 -117.0552
444958.00000 4368210.00000 -118.5714
444958.00000 4368214.00000 N.C.
444958.00000 4368218.00000 N.C.
444958.00000 4368222.00000 N.C.
444958.00000 4368226.00000 -119.7332
444958.00000 4368230.00000 -119.3297
444958.00000 4368234.00000 -122.4436
444958.00000 4368238.00000 -128.7516
444958.00000 4368242.00000 -139.0439
444958.00000 4368246.00000 -137.4793
444958.00000 4368250.00000 -143.4342
444958.00000 4368254.00000 -139.1801
444958.00000 4368258.00000 -140.6644
444958.00000 4368262.00000 N.C.
444958.00000 4368266.00000 -143.1229
444958.00000 4368270.00000 -134.9839
444958.00000 4368274.00000 N.C.
444958.00000 4368278.00000 N.C.
444958.00000 4368282.00000 -133.7729
444958.00000 4368286.00000 -123.9993
444958.00000 4368290.00000 N.C.
444958.00000 4368294.00000 N.C.
444958.00000 4368298.00000 -135.1342
444958.00000 4368302.00000 -119.6933
444958.00000 4368306.00000 -117.2227
444958.00000 4368310.00000 N.C.
444958.00000 4368314.00000 -135.1864
444958.00000 4368318.00000 N.C.
444958.00000 4368322.00000 N.C.
444958.00000 4368326.00000 N.C.
444958.00000 4368330.00000 -156.2108
444958.00000 4368334.00000 -131.2913
444958.00000 4368338.00000 -132.0694
444958.00000 4368342.00000 -128.3971
444958.00000 4368346.00000 -129.5921
444958.00000 4368350.00000 N.C.
444958.00000 4368354.00000 N.C.
444958.00000 4368358.00000 N.C.
444958.00000 4368362.00000 N.C.
444958.00000 4368366.00000 -126.5209
444958.00000 4368370.00000 N.C.
444958.00000 4368374.00000 -142.2125
444958.00000 4368378.00000 -133.9538
444958.00000 4368382.00000 -127.0706
444958.00000 4368386.00000 -126.5320
444958.00000 4368390.00000 -127.1413
444958.00000 4368394.00000 -131.9362
444962.00000 4367886.00000 -127.8566
444962.00000 4367890.00000 -129.5613
444962.00000 4367894.00000 -130.1155
444962.00000 4367898.00000 -130.3706
444962.00000 4367902.00000 -129.1836
444962.00000 4367906.00000 -128.7637
444962.00000 4367910.00000 -128.9258
444962.00000 4367914.00000 -129.1066
444962.00000 4367918.00000 -128.3483
444962.00000 4367922.00000 -128.8725
444962.00000 4367926.00000 -129.5208
444962.00000 4367930.00000 -128.8832
444962.00000 4367934.00000 -128.7505
444962.00000 4367938.00000 -128.7383
444962.00000 4367942.00000 -129.0208
444962.00000 4367946.00000 -128.2834
444962.00000 4367950.00000 -127.7720
444962.00000 4367954.00000 -127.4435
444962.00000 4367958.00000 -128.6305
444962.00000 4367962.00000 -128.5546
444962.00000 4367966.00000 -127.9994
444962.00000 4367970.00000 -127.6950
444962.00000 4367974.00000 -128.1241
444962.00000 4367978.00000 -128.4166
444962.00000 4367982.00000 -127.8769
444962.00000 4367986.00000 -128.1765
444962.00000 4367990.00000 -128.2827
444962.00000 4367994.00000 -128.3606
444962.00000 4367998.00000 -128.2830
444962.00000 4368002.00000 -127.1802
444962.00000 4368006.00000 -127.0914
444962.00000 4368010.00000 -132.6081
444962.00000 4368014.00000 -131.0661
444962.00000 4368018.00000 -130.6708
444962.00000 4368022.00000 -132.7760
444962.00000 4368026.00000 -132.0903
444962.00000 4368030.00000 -130.5746
444962.00000 4368034.00000 -130.3145
444962.00000 4368038.00000 -130.2676
444962.00000 4368042.00000 -136.4400
444962.00000 4368046.00000 -138.4774
444962.00000 4368050.00000 -137.7471
444962.00000 4368054.00000 -127.6484
444962.00000 4368058.00000 -127.6331
444962.00000 4368062.00000 -127.7491
444962.00000 4368066.00000 -127.7793
444962.00000 4368070.00000 -127.7969
444962.00000 4368074.00000 -134.9570
444962.00000 4368078.00000 -140.3679
444962.00000 4368082.00000 -142.2166
444962.00000 4368086.00000 -141.4648
444962.00000 4368090.00000 -142.6165
444962.00000 4368094.00000 -146.9982
444962.00000 4368098.00000 -153.7108
444962.00000 4368102.00000 -153.4674
444962.00000 4368106.00000 -155.3004
444962.00000 4368110.00000 -154.7237
444962.00000 4368114.00000 -146.9745
444962.00000 4368118.00000 -149.1818
444962.00000 4368122.00000 -150.0441
444962.00000 4368126.00000 -148.9841
444962.00000 4368130.00000 -154.0527
444962.00000 4368134.00000 -157.2045
444962.00000 4368138.00000 -157.1270
444962.00000 4368142.00000 -152.5163
444962.00000 4368146.00000 N.C.
444962.00000 4368150.00000 -153.3553
444962.00000 4368154.00000 -127.8211
444962.00000 4368158.00000 -120.3359
444962.00000 4368162.00000 -119.5787
444962.00000 4368166.00000 -118.9483
444962.00000 4368170.00000 -118.1608
444962.00000 4368174.00000 -116.4958
444962.00000 4368178.00000 -116.2069
444962.00000 4368182.00000 N.C.
444962.00000 4368186.00000 N.C.
444962.00000 4368190.00000 N.C.
444962.00000 4368194.00000 N.C.
444962.00000 4368198.00000 N.C.
444962.00000 4368202.00000 -133.7730
444962.00000 4368206.00000 -120.5023
444962.00000 4368210.00000 -118.8667
444962.00000 4368214.00000 -134.4507
444962.00000 4368218.00000 -134.6151
444962.00000 4368222.00000 -128.1100
444962.00000 4368226.00000 -119.8885
444962.00000 4368230.00000 -120.9323
444962.00000 4368234.00000 -125.7500
444962.00000 4368238.00000 -128.5849
444962.00000 4368242.00000 -139.0120
444962.00000 4368246.00000 -150.0966
444962.00000 4368250.00000 -140.1398
444962.00000 4368254.00000 -139.9883
444962.00000 4368258.00000 -156.1568
444962.00000 4368262.00000 N.C.
444962.00000 4368266.00000 N.C.
444962.00000 4368270.00000 N.C.
444962.00000 4368274.00000 N.C.
444962.00000 4368278.00000 N.C.
444962.00000 4368282.00000 -126.0332
444962.00000 4368286.00000 -120.3437
444962.00000 4368290.00000 N.C.
444962.00000 4368294.00000 N.C.
444962.00000 4368298.00000 -124.2037
444962.00000 4368302.00000 -122.6081
444962.00000 4368306.00000 -116.7062
444962.00000 4368310.00000 N.C.
444962.00000 4368314.00000 N.C.
444962.00000 4368318.00000 N.C.
444962.00000 4368322.00000 N.C.
444962.00000 4368326.00000 N.C.
444962.00000 4368330.00000 N.C.
444962.00000 4368334.00000 -127.7652
444962.00000 4368338.00000 -129.5726
444962.00000 4368342.00000 -128.0515
444962.00000 4368346.00000 N.C.
444962.00000 4368350.00000 N.C.
444962.00000 4368354.00000 N.C.
444962.00000 4368358.00000 -139.1300
444962.00000 4368362.00000 -127.5559
444962.00000 4368366.00000 N.C.
444962.00000 4368370.00000 N.C.
444962.00000 4368374.00000 -140.9395
444962.00000 4368378.00000 -131.1676
444962.00000 4368382.00000 -126.6824
444962.00000 4368386.00000 -128.0264
444962.00000 4368390.00000 -138.3451
444962.00000 4368394.00000 -140.7765
444966.00000 4367886.00000 -127.6088
444966.00000 4367890.00000 -127.8320
444966.00000 4367894.00000 -129.1300
444966.00000 4367898.00000 -129.9323
444966.00000 4367902.00000 -130.0793
444966.00000 4367906.00000 -129.5208
444966.00000 4367910.00000 -128.6981
444966.00000 4367914.00000 -128.6307
444966.00000 4367918.00000 -129.6899
444966.00000 4367922.00000 -129.2810
444966.00000 4367926.00000 -128.6873
444966.00000 4367930.00000 -129.3167
444966.00000 4367934.00000 -129.5968
444966.00000 4367938.00000 -128.3226
444966.00000 4367942.00000 -128.6397
444966.00000 4367946.00000 -128.5560
444966.00000 4367950.00000 -127.0015
444966.00000 4367954.00000 -126.9026
444966.00000 4367958.00000 -127.4987
444966.00000 4367962.00000 -127.8627
444966.00000 4367966.00000 -127.9050
444966.00000 4367970.00000 -127.8669
444966.00000 4367974.00000 -127.5636
444966.00000 4367978.00000 -128.4890
444966.00000 4367982.00000 -128.4345
444966.00000 4367986.00000 -127.2314
444966.00000 4367990.00000 -127.9638
444966.00000 4367994.00000 -128.5773
444966.00000 4367998.00000 -128.2286
444966.00000 4368002.00000 -128.1436
444966.00000 4368006.00000 -130.4996
444966.00000 4368010.00000 -131.7333
444966.00000 4368014.00000 -134.1805
444966.00000 4368018.00000 -134.0505
444966.00000 4368022.00000 -134.0872
444966.00000 4368026.00000 -132.2775
444966.00000 4368030.00000 -130.1107
444966.00000 4368034.00000 -131.1279
444966.00000 4368038.00000 -130.5927
444966.00000 4368042.00000 -136.0246
444966.00000 4368046.00000 -134.6931
444966.00000 4368050.00000 -138.5198
444966.00000 4368054.00000 -127.2912
444966.00000 4368058.00000 -127.2836
444966.00000 4368062.00000 -127.5883
444966.00000 4368066.00000 -127.5221
444966.00000 4368070.00000 -127.6320
444966.00000 4368074.00000 -135.7032
444966.00000 4368078.00000 -140.2271
444966.00000 4368082.00000 -141.9591
444966.00000 4368086.00000 -141.4969
444966.00000 4368090.00000 -143.7164
444966.00000 4368094.00000 -147.4732
444966.00000 4368098.00000 -153.3749
444966.00000 4368102.00000 -154.3866
444966.00000 4368106.00000 -159.2646
444966.00000 4368110.00000 -159.4988
444966.00000 4368114.00000 -148.0590
444966.00000 4368118.00000 -150.4921
444966.00000 4368122.00000 -150.2776
444966.00000 4368126.00000 -151.1536
444966.00000 4368130.00000 -155.7241
444966.00000 4368134.00000 -162.2141
444966.00000 4368138.00000 -162.3369
444966.00000 4368142.00000 -181.2516
444966.00000 4368146.00000 N.C.
444966.00000 4368150.00000 N.C.
444966.00000 4368154.00000 -126.5641
444966.00000 4368158.00000 -119.3483
444966.00000 4368162.00000 -117.1743
444966.00000 4368166.00000 -118.3427
444966.00000 4368170.00000 -117.7719
444966.00000 4368174.00000 -115.6098
444966.00000 4368178.00000 -116.1191
444966.00000 4368182.00000 -124.0526
444966.00000 4368186.00000 -126.3619
444966.00000 4368190.00000 -116.1438
444966.00000 4368194.00000 -125.9116
444966.00000 4368198.00000 -137.1590
444966.00000 4368202.00000 -129.7878
444966.00000 4368206.00000 -123.1508
444966.00000 4368210.00000 -123.3101
444966.00000 4368214.00000 N.C.
444966.00000 4368218.00000 -129.4359
444966.00000 4368222.00000 -127.2226
444966.00000 4368226.00000 -119.8776
444966.00000 4368230.00000 -127.1254
444966.00000 4368234.00000 -127.4042
444966.00000 4368238.00000 -139.4489
444966.00000 4368242.00000 -138.5934
444966.00000 4368246.00000 -149.6638
444966.00000 4368250.00000 -140.2706
444966.00000 4368254.00000 -140.2370
444966.00000 4368258.00000 N.C.
444966.00000 4368262.00000 N.C.
444966.00000 4368266.00000 N.C.
444966.00000 4368270.00000 -117.3659
444966.00000 4368274.00000 N.C.
444966.00000 4368278.00000 N.C.
444966.00000 4368282.00000 -126.8193
444966.00000 4368286.00000 -117.4168
444966.00000 4368290.00000 -116.0243
444966.00000 4368294.00000 -119.8730
444966.00000 4368298.00000 -124.7433
444966.00000 4368302.00000 -121.3733
444966.00000 4368306.00000 N.C.
444966.00000 4368310.00000 N.C.
444966.00000 4368314.00000 N.C.
444966.00000 4368318.00000 N.C.
444966.00000 4368322.00000 N.C.
444966.00000 4368326.00000 -165.3025
444966.00000 4368330.00000 N.C.
444966.00000 4368334.00000 -131.9119
444966.00000 4368338.00000 -129.6764
444966.00000 4368342.00000 -127.6919
444966.00000 4368346.00000 N.C.
444966.00000 4368350.00000 N.C.
444966.00000 4368354.00000 N.C.
444966.00000 4368358.00000 N.C.
444966.00000 4368362.00000 -143.1071
444966.00000 4368366.00000 N.C.
444966.00000 4368370.00000 N.C.
444966.00000 4368374.00000 -134.0689
444966.00000 4368378.00000 -128.0571
444966.00000 4368382.00000 -128.7432
444966.00000 4368386.00000 -148.2207
444966.00000 4368390.00000 -146.2404
444966.00000 4368394.00000 -150.6999
444970.00000 4367886.00000 -128.4994
444970.00000 4367890.00000 -127.8705
444970.00000 4367894.00000 -128.8389
444970.00000 4367898.00000 -128.6972
444970.00000 4367902.00000 -129.0854
444970.00000 4367906.00000 -129.8564
444970.00000 4367910.00000 -129.8717
444970.00000 4367914.00000 -129.0658
444970.00000 4367918.00000 -128.4893
444970.00000 4367922.00000 -128.3720
444970.00000 4367926.00000 -128.8438
444970.00000 4367930.00000 -128.5563
444970.00000 4367934.00000 -128.8732
444970.00000 4367938.00000 -129.3582
444970.00000 4367942.00000 -129.4869
444970.00000 4367946.00000 -128.4822
444970.00000 4367950.00000 -128.1980
444970.00000 4367954.00000 -127.0066
444970.00000 4367958.00000 -127.0993
444970.00000 4367962.00000 -127.3357
444970.00000 4367966.00000 -127.7008
444970.00000 4367970.00000 -127.7936
444970.00000 4367974.00000 -127.8789
444970.00000 4367978.00000 -127.8201
444970.00000 4367982.00000 -127.3360
444970.00000 4367986.00000 -128.3952
444970.00000 4367990.00000 -127.6801
444970.00000 4367994.00000 -127.7192
444970.00000 4367998.00000 -128.2746
444970.00000 4368002.00000 -128.0998
444970.00000 4368006.00000 -132.6295
444970.00000 4368010.00000 -131.4399
444970.00000 4368014.00000 -134.1383
444970.00000 4368018.00000 -133.0413
444970.00000 4368022.00000 -133.5310
444970.00000 4368026.00000 -130.1544
444970.00000 4368030.00000 -128.3962
444970.00000 4368034.00000 -130.8865
444970.00000 4368038.00000 -130.3425
444970.00000 4368042.00000 -137.3470
444970.00000 4368046.00000 -138.6288
444970.00000 4368050.00000 -133.4534
444970.00000 4368054.00000 -134.1609
444970.00000 4368058.00000 -127.0711
444970.00000 4368062.00000 -127.3492
444970.00000 4368066.00000 -130.9781
444970.00000 4368070.00000 -131.8478
444970.00000 4368074.00000 -126.8347
444970.00000 4368078.00000 -139.6303
444970.00000 4368082.00000 -141.8382
444970.00000 4368086.00000 -142.3709
444970.00000 4368090.00000 -143.4064
444970.00000 4368094.00000 -151.4170
444970.00000 4368098.00000 -152.9848
444970.00000 4368102.00000 -155.5896
444970.00000 4368106.00000 -175.2788
444970.00000 4368110.00000 N.C.
444970.00000 4368114.00000 -147.3870
444970.00000 4368118.00000 -152.0047
444970.00000 4368122.00000 -152.1564
444970.00000 4368126.00000 -153.8474
444970.00000 4368130.00000 -158.7869
444970.00000 4368134.00000 N.C.
444970.00000 4368138.00000 N.C.
444970.00000 4368142.00000 -154.8821
444970.00000 4368146.00000 N.C.
444970.00000 4368150.00000 N.C.
444970.00000 4368154.00000 -125.5314
444970.00000 4368158.00000 -119.0631
444970.00000 4368162.00000 -117.6301
444970.00000 4368166.00000 -118.1371
444970.00000 4368170.00000 -118.1751
444970.00000 4368174.00000 -115.9837
444970.00000 4368178.00000 -115.8666
444970.00000 4368182.00000 -135.1091
444970.00000 4368186.00000 -132.7967
444970.00000 4368190.00000 -123.4710
444970.00000 4368194.00000 -143.3940
444970.00000 4368198.00000 -136.7254
444970.00000 4368202.00000 -121.7822
444970.00000 4368206.00000 -132.3275
444970.00000 4368210.00000 -120.4914
444970.00000 4368214.00000 N.C.
444970.00000 4368218.00000 N.C.
444970.00000 4368222.00000 -120.9372
444970.00000 4368226.00000 -119.8102
444970.00000 4368230.00000 -137.2116
444970.00000 4368234.00000 -125.5883
444970.00000 4368238.00000 -130.9612
444970.00000 4368242.00000 -150.3503
444970.00000 4368246.00000 -153.0938
444970.00000 4368250.00000 -143.5233
444970.00000 4368254.00000 -140.1916
444970.00000 4368258.00000 N.C.
444970.00000 4368262.00000 N.C.
444970.00000 4368266.00000 N.C.
444970.00000 4368270.00000 N.C.
444970.00000 4368274.00000 N.C.
444970.00000 4368278.00000 -120.8197
444970.00000 4368282.00000 -120.7962
444970.00000 4368286.00000 -118.9958
444970.00000 4368290.00000 -116.9675
444970.00000 4368294.00000 -123.1785
444970.00000 4368298.00000 -121.9630
444970.00000 4368302.00000 -120.6337
444970.00000 4368306.00000 N.C.
444970.00000 4368310.00000 -143.3980
444970.00000 4368314.00000 N.C.
444970.00000 4368318.00000 N.C.
444970.00000 4368322.00000 N.C.
444970.00000 4368326.00000 N.C.
444970.00000 4368330.00000 -131.2708
444970.00000 4368334.00000 -132.4682
444970.00000 4368338.00000 -129.4193
444970.00000 4368342.00000 -126.8068
444970.00000 4368346.00000 N.C.
444970.00000 4368350.00000 N.C.
444970.00000 4368354.00000 N.C.
444970.00000 4368358.00000 N.C.
444970.00000 4368362.00000 -139.1164
444970.00000 4368366.00000 N.C.
444970.00000 4368370.00000 -148.5672
444970.00000 4368374.00000 -130.7959
444970.00000 4368378.00000 -128.1033
444970.00000 4368382.00000 -130.9026
444970.00000 4368386.00000 -173.5264
444970.00000 4368390.00000 -170.0905
444970.00000 4368394.00000 -162.1571
444974.00000 4367886.00000 -128.4032
444974.00000 4367890.00000 -128.2977
444974.00000 4367894.00000 -127.7318
444974.00000 4367898.00000 -129.5388
444974.00000 4367902.00000 -128.5000
444974.00000 4367906.00000 -128.5291
444974.00000 4367910.00000 -128.7361
444974.00000 4367914.00000 -129.5536
444974.00000 4367918.00000 -129.4810
444974.00000 4367922.00000 -128.9576
444974.00000 4367926.00000 -128.2589
444974.00000 4367930.00000 -128.1464
444974.00000 4367934.00000 -128.9526
444974.00000 4367938.00000 -128.6521
444974.00000 4367942.00000 -129.0507
444974.00000 4367946.00000 -128.9678
444974.00000 4367950.00000 -128.7654
444974.00000 4367954.00000 -128.8655
444974.00000 4367958.00000 -127.0222
444974.00000 4367962.00000 -126.5197
444974.00000 4367966.00000 -126.7083
444974.00000 4367970.00000 -128.2769
444974.00000 4367974.00000 -128.2099
444974.00000 4367978.00000 -127.6625
444974.00000 4367982.00000 -127.5426
444974.00000 4367986.00000 -127.6362
444974.00000 4367990.00000 -127.4160
444974.00000 4367994.00000 -126.9383
444974.00000 4367998.00000 -127.6262
444974.00000 4368002.00000 -127.8397
444974.00000 4368006.00000 -133.3604
444974.00000 4368010.00000 -132.6131
444974.00000 4368014.00000 -132.8394
444974.00000 4368018.00000 -130.6683
444974.00000 4368022.00000 -134.1059
444974.00000 4368026.00000 -133.4233
444974.00000 4368030.00000 -130.2625
444974.00000 4368034.00000 -136.4014
444974.00000 4368038.00000 -136.0614
444974.00000 4368042.00000 -131.1366
444974.00000 4368046.00000 -136.2476
444974.00000 4368050.00000 -136.2764
444974.00000 4368054.00000 -136.6914
444974.00000 4368058.00000 -127.0900
444974.00000 4368062.00000 -127.1512
444974.00000 4368066.00000 -131.4385
444974.00000 4368070.00000 -131.9886
444974.00000 4368074.00000 -132.4740
444974.00000 4368078.00000 -132.3688
444974.00000 4368082.00000 -141.7699
444974.00000 4368086.00000 -142.9113
444974.00000 4368090.00000 -143.4330
444974.00000 4368094.00000 -153.1663
444974.00000 4368098.00000 -153.7708
444974.00000 4368102.00000 -155.1125
444974.00000 4368106.00000 N.C.
444974.00000 4368110.00000 N.C.
444974.00000 4368114.00000 -151.5533
444974.00000 4368118.00000 -153.0154
444974.00000 4368122.00000 -153.4946
444974.00000 4368126.00000 -155.3052
444974.00000 4368130.00000 N.C.
444974.00000 4368134.00000 N.C.
444974.00000 4368138.00000 N.C.
444974.00000 4368142.00000 N.C.
444974.00000 4368146.00000 N.C.
444974.00000 4368150.00000 -131.0567
444974.00000 4368154.00000 -128.6543
444974.00000 4368158.00000 -121.5169
444974.00000 4368162.00000 -117.2848
444974.00000 4368166.00000 -117.4640
444974.00000 4368170.00000 -115.4092
444974.00000 4368174.00000 -115.8547
444974.00000 4368178.00000 -122.7211
444974.00000 4368182.00000 N.C.
444974.00000 4368186.00000 -113.8063
444974.00000 4368190.00000 N.C.
444974.00000 4368194.00000 -140.2995
444974.00000 4368198.00000 -144.8751
444974.00000 4368202.00000 -124.3239
444974.00000 4368206.00000 -138.4498
444974.00000 4368210.00000 -120.3918
444974.00000 4368214.00000 -123.1500
444974.00000 4368218.00000 -123.1165
444974.00000 4368222.00000 -122.6930
444974.00000 4368226.00000 -129.7784
444974.00000 4368230.00000 -126.5571
444974.00000 4368234.00000 -126.5567
444974.00000 4368238.00000 -135.3927
444974.00000 4368242.00000 N.C.
444974.00000 4368246.00000 N.C.
444974.00000 4368250.00000 N.C.
444974.00000 4368254.00000 -139.7946
444974.00000 4368258.00000 N.C.
444974.00000 4368262.00000 N.C.
444974.00000 4368266.00000 -118.4215
444974.00000 4368270.00000 N.C.
444974.00000 4368274.00000 N.C.
444974.00000 4368278.00000 -119.4204
444974.00000 4368282.00000 -119.7778
444974.00000 4368286.00000 -122.8882
444974.00000 4368290.00000 -126.5637
444974.00000 4368294.00000 -121.9490
444974.00000 4368298.00000 -120.5050
444974.00000 4368302.00000 -122.9310
444974.00000 4368306.00000 -121.8970
444974.00000 4368310.00000 -123.1183
444974.00000 4368314.00000 -128.1857
444974.00000 4368318.00000 -151.7523
444974.00000 4368322.00000 -152.6945
444974.00000 4368326.00000 N.C.
444974.00000 4368330.00000 -124.9302
444974.00000 4368334.00000 -130.6524
444974.00000 4368338.00000 -126.5333
444974.00000 4368342.00000 -117.1732
444974.00000 4368346.00000 -118.6911
444974.00000 4368350.00000 N.C.
444974.00000 4368354.00000 N.C.
444974.00000 4368358.00000 N.C.
444974.00000 4368362.00000 N.C.
444974.00000 4368366.00000 N.C.
444974.00000 4368370.00000 -146.3499
444974.00000 4368374.00000 -128.5247
444974.00000 4368378.00000 -132.5837
444974.00000 4368382.00000 N.C.
444974.00000 4368386.00000 -174.7957
444974.00000 4368390.00000 -169.5790
444974.00000 4368394.00000 -162.8029
444978.00000 4367886.00000 -128.8874
444978.00000 4367890.00000 -127.9207
444978.00000 4367894.00000 -128.0215
444978.00000 4367898.00000 -129.7410
444978.00000 4367902.00000 -129.3647
444978.00000 4367906.00000 -129.5915
444978.00000 4367910.00000 -128.2957
444978.00000 4367914.00000 -128.3761
444978.00000 4367918.00000 -129.0209
444978.00000 4367922.00000 -129.3442
444978.00000 4367926.00000 -129.2595
444978.00000 4367930.00000 -128.5028
444978.00000 4367934.00000 -127.8237
444978.00000 4367938.00000 -128.1685
444978.00000 4367942.00000 -128.6038
444978.00000 4367946.00000 -128.5611
444978.00000 4367950.00000 -127.8782
444978.00000 4367954.00000 -128.3960
444978.00000 4367958.00000 -128.3684
444978.00000 4367962.00000 -126.4970
444978.00000 4367966.00000 -126.3994
444978.00000 4367970.00000 -127.8686
444978.00000 4367974.00000 -128.1178
444978.00000 4367978.00000 -128.0817
444978.00000 4367982.00000 -127.4853
444978.00000 4367986.00000 -127.2904
444978.00000 4367990.00000 -127.7232
444978.00000 4367994.00000 -126.0290
444978.00000 4367998.00000 -127.5064
444978.00000 4368002.00000 -127.8425
444978.00000 4368006.00000 -133.1963
444978.00000 4368010.00000 -133.6519
444978.00000 4368014.00000 -133.4239
444978.00000 4368018.00000 -130.6187
444978.00000 4368022.00000 -130.2005
444978.00000 4368026.00000 -134.2088
444978.00000 4368030.00000 -134.5137
444978.00000 4368034.00000 -128.3470
444978.00000 4368038.00000 -136.5944
444978.00000 4368042.00000 -134.9317
444978.00000 4368046.00000 -136.0828
444978.00000 4368050.00000 -136.3156
444978.00000 4368054.00000 -136.9898
444978.00000 4368058.00000 -135.0174
444978.00000 4368062.00000 -127.1238
444978.00000 4368066.00000 -131.7788
444978.00000 4368070.00000 -129.4030
444978.00000 4368074.00000 -132.2706
444978.00000 4368078.00000 -132.3796
444978.00000 4368082.00000 -141.1482
444978.00000 4368086.00000 -142.3900
444978.00000 4368090.00000 -143.2865
444978.00000 4368094.00000 -153.3942
444978.00000 4368098.00000 -153.2828
444978.00000 4368102.00000 -153.8301
444978.00000 4368106.00000 N.C.
444978.00000 4368110.00000 -151.6650
444978.00000 4368114.00000 -154.5992
444978.00000 4368118.00000 -153.9797
444978.00000 4368122.00000 -156.0057
444978.00000 4368126.00000 -157.2691
444978.00000 4368130.00000 N.C.
444978.00000 4368134.00000 N.C.
444978.00000 4368138.00000 -158.0050
444978.00000 4368142.00000 -154.1816
444978.00000 4368146.00000 N.C.
444978.00000 4368150.00000 -131.5725
444978.00000 4368154.00000 -129.3739
444978.00000 4368158.00000 -123.0530
444978.00000 4368162.00000 -116.9261
444978.00000 4368166.00000 -115.4763
444978.00000 4368170.00000 -115.1604
444978.00000 4368174.00000 -115.4997
444978.00000 4368178.00000 N.C.
444978.00000 4368182.00000 N.C.
444978.00000 4368186.00000 -115.1439
444978.00000 4368190.00000 N.C.
444978.00000 4368194.00000 N.C.
444978.00000 4368198.00000 N.C.
444978.00000 4368202.00000 N.C.
444978.00000 4368206.00000 -138.6452
444978.00000 4368210.00000 -123.2904
444978.00000 4368214.00000 -122.3343
444978.00000 4368218.00000 -122.7256
444978.00000 4368222.00000 -121.5044
444978.00000 4368226.00000 -137.8501
444978.00000 4368230.00000 -126.2492
444978.00000 4368234.00000 -127.8511
444978.00000 4368238.00000 -140.4522
444978.00000 4368242.00000 N.C.
444978.00000 4368246.00000 -140.7139
444978.00000 4368250.00000 N.C.
444978.00000 4368254.00000 N.C.
444978.00000 4368258.00000 N.C.
444978.00000 4368262.00000 -118.9216
444978.00000 4368266.00000 -122.9626
444978.00000 4368270.00000 -123.4318
444978.00000 4368274.00000 N.C.
444978.00000 4368278.00000 -115.6116
444978.00000 4368282.00000 -132.6803
444978.00000 4368286.00000 -136.7892
444978.00000 4368290.00000 -134.2635
444978.00000 4368294.00000 -122.9514
444978.00000 4368298.00000 -121.5805
444978.00000 4368302.00000 -123.2117
444978.00000 4368306.00000 -123.6791
444978.00000 4368310.00000 -127.9930
444978.00000 4368314.00000 -129.2465
444978.00000 4368318.00000 N.C.
444978.00000 4368322.00000 N.C.
444978.00000 4368326.00000 N.C.
444978.00000 4368330.00000 -129.5813
444978.00000 4368334.00000 -128.6577
444978.00000 4368338.00000 -120.9186
444978.00000 4368342.00000 -118.3450
444978.00000 4368346.00000 -119.3789
444978.00000 4368350.00000 N.C.
444978.00000 4368354.00000 N.C.
444978.00000 4368358.00000 N.C.
444978.00000 4368362.00000 -130.2879
444978.00000 4368366.00000 N.C.
444978.00000 4368370.00000 -132.2711
444978.00000 4368374.00000 -136.3311
444978.00000 4368378.00000 -127.3736
444978.00000 4368382.00000 N.C.
444978.00000 4368386.00000 -169.0005
444978.00000 4368390.00000 -156.9512
444978.00000 4368394.00000 -152.9902
444982.00000 4367886.00000 -127.8964
444982.00000 4367890.00000 -127.7521
444982.00000 4367894.00000 -127.7361
444982.00000 4367898.00000 -127.8816
444982.00000 4367902.00000 -129.4065
444982.00000 4367906.00000 -129.3369
444982.00000 4367910.00000 -129.5592
444982.00000 4367914.00000 -128.9994
444982.00000 4367918.00000 -128.1230
444982.00000 4367922.00000 -128.1489
444982.00000 4367926.00000 -128.7023
444982.00000 4367930.00000 -129.0297
444982.00000 4367934.00000 -128.9589
444982.00000 4367938.00000 -127.8747
444982.00000 4367942.00000 -127.6480
444982.00000 4367946.00000 -127.7299
444982.00000 4367950.00000 -128.5558
444982.00000 4367954.00000 -127.2735
444982.00000 4367958.00000 -127.9480
444982.00000 4367962.00000 -128.1536
444982.00000 4367966.00000 -129.5126
444982.00000 4367970.00000 -127.3470
444982.00000 4367974.00000 -129.7049
444982.00000 4367978.00000 -132.5126
444982.00000 4367982.00000 -127.7145
444982.00000 4367986.00000 -127.5808
444982.00000 4367990.00000 -127.1729
444982.00000 4367994.00000 -127.5527
444982.00000 4367998.00000 -125.8610
444982.00000 4368002.00000 -127.4781
444982.00000 4368006.00000 -133.5193
444982.00000 4368010.00000 -133.0028
444982.00000 4368014.00000 -133.9190
444982.00000 4368018.00000 -130.7087
444982.00000 4368022.00000 -130.0702
444982.00000 4368026.00000 -130.0849
444982.00000 4368030.00000 -134.1796
444982.00000 4368034.00000 -130.4666
444982.00000 4368038.00000 -135.1788
444982.00000 4368042.00000 -135.1116
444982.00000 4368046.00000 -135.0512
444982.00000 4368050.00000 -136.2952
444982.00000 4368054.00000 -136.9012
444982.00000 4368058.00000 -137.0658
444982.00000 4368062.00000 -127.2275
444982.00000 4368066.00000 -131.6465
444982.00000 4368070.00000 -130.7140
444982.00000 4368074.00000 -137.5818
444982.00000 4368078.00000 -137.9361
444982.00000 4368082.00000 -140.3186
444982.00000 4368086.00000 -142.3115
444982.00000 4368090.00000 -142.7215
444982.00000 4368094.00000 -152.1784
444982.00000 4368098.00000 -154.2991
444982.00000 4368102.00000 -154.7523
444982.00000 4368106.00000 -158.5864
444982.00000 4368110.00000 -148.9844
444982.00000 4368114.00000 -157.6427
444982.00000 4368118.00000 -155.9997
444982.00000 4368122.00000 -158.3407
444982.00000 4368126.00000 -160.1111
444982.00000 4368130.00000 N.C.
444982.00000 4368134.00000 N.C.
444982.00000 4368138.00000 -159.5646
444982.00000 4368142.00000 N.C.
444982.00000 4368146.00000 N.C.
444982.00000 4368150.00000 -134.0215
444982.00000 4368154.00000 N.C.
444982.00000 4368158.00000 N.C.
444982.00000 4368162.00000 -116.9738
444982.00000 4368166.00000 -116.9869
444982.00000 4368170.00000 -114.9707
444982.00000 4368174.00000 -115.3290
444982.00000 4368178.00000 N.C.
444982.00000 4368182.00000 N.C.
444982.00000 4368186.00000 -115.7379
444982.00000 4368190.00000 N.C.
444982.00000 4368194.00000 N.C.
444982.00000 4368198.00000 -127.5712
444982.00000 4368202.00000 N.C.
444982.00000 4368206.00000 N.C.
444982.00000 4368210.00000 -124.0032
444982.00000 4368214.00000 -122.3914
444982.00000 4368218.00000 -121.4770
444982.00000 4368222.00000 -133.0307
444982.00000 4368226.00000 -142.7399
444982.00000 4368230.00000 -126.9705
444982.00000 4368234.00000 -136.7160
444982.00000 4368238.00000 -140.8466
444982.00000 4368242.00000 -141.4527
444982.00000 4368246.00000 -140.6991
444982.00000 4368250.00000 -132.6535
444982.00000 4368254.00000 -135.0728
444982.00000 4368258.00000 -120.7069
444982.00000 4368262.00000 -126.7070
444982.00000 4368266.00000 -122.7514
444982.00000 4368270.00000 -123.0244
444982.00000 4368274.00000 -121.5324
444982.00000 4368278.00000 -116.2829
444982.00000 4368282.00000 N.C.
444982.00000 4368286.00000 N.C.
444982.00000 4368290.00000 -130.3674
444982.00000 4368294.00000 -121.5968
444982.00000 4368298.00000 -122.9453
444982.00000 4368302.00000 -124.1565
444982.00000 4368306.00000 -127.4551
444982.00000 4368310.00000 -129.1196
444982.00000 4368314.00000 N.C.
444982.00000 4368318.00000 N.C.
444982.00000 4368322.00000 N.C.
444982.00000 4368326.00000 -127.2592
444982.00000 4368330.00000 -129.4456
444982.00000 4368334.00000 -117.1154
444982.00000 4368338.00000 -118.1215
444982.00000 4368342.00000 -118.8234
444982.00000 4368346.00000 N.C.
444982.00000 4368350.00000 N.C.
444982.00000 4368354.00000 N.C.
444982.00000 4368358.00000 -149.9842
444982.00000 4368362.00000 -143.5842
444982.00000 4368366.00000 -144.1760
444982.00000 4368370.00000 -134.6705
444982.00000 4368374.00000 -140.3086
444982.00000 4368378.00000 -135.5215
444982.00000 4368382.00000 N.C.
444982.00000 4368386.00000 -157.6863
444982.00000 4368390.00000 -158.6597
444982.00000 4368394.00000 -151.0339
444986.00000 4367886.00000 -127.1588
444986.00000 4367890.00000 -127.3631
444986.00000 4367894.00000 -127.3327
444986.00000 4367898.00000 -127.4433
444986.00000 4367902.00000 -127.4368
444986.00000 4367906.00000 -128.2082
444986.00000 4367910.00000 -129.1605
444986.00000 4367914.00000 -129.7375
444986.00000 4367918.00000 -129.5463
444986.00000 4367922.00000 -128.1398
444986.00000 4367926.00000 -127.7987
444986.00000 4367930.00000 -127.8769
444986.00000 4367934.00000 -128.6878
444986.00000 4367938.00000 -128.8189
444986.00000 4367942.00000 -128.4030
444986.00000 4367946.00000 -127.5062
444986.00000 4367950.00000 -127.4664
444986.00000 4367954.00000 -128.3255
444986.00000 4367958.00000 -126.8638
444986.00000 4367962.00000 -127.7813
444986.00000 4367966.00000 -127.8821
444986.00000 4367970.00000 -129.2765
444986.00000 4367974.00000 -126.5859
444986.00000 4367978.00000 -128.3747
444986.00000 4367982.00000 -129.8627
444986.00000 4367986.00000 -131.8987
444986.00000 4367990.00000 -131.7444
444986.00000 4367994.00000 -130.9511
444986.00000 4367998.00000 -127.3438
444986.00000 4368002.00000 -128.4030
444986.00000 4368006.00000 -133.5620
444986.00000 4368010.00000 -134.0231
444986.00000 4368014.00000 -134.2321
444986.00000 4368018.00000 -130.6481
444986.00000 4368022.00000 -130.3940
444986.00000 4368026.00000 -130.1401
444986.00000 4368030.00000 -136.6311
444986.00000 4368034.00000 -134.8589
444986.00000 4368038.00000 -130.2582
444986.00000 4368042.00000 -135.2110
444986.00000 4368046.00000 -135.0580
444986.00000 4368050.00000 -137.2133
444986.00000 4368054.00000 -136.4711
444986.00000 4368058.00000 -137.5080
444986.00000 4368062.00000 -130.9088
444986.00000 4368066.00000 -132.0514
444986.00000 4368070.00000 -136.0411
444986.00000 4368074.00000 -134.5291
444986.00000 4368078.00000 -137.8677
444986.00000 4368082.00000 -138.1135
444986.00000 4368086.00000 -142.5156
444986.00000 4368090.00000 -142.9272
444986.00000 4368094.00000 -153.5770
444986.00000 4368098.00000 -155.4199
444986.00000 4368102.00000 -156.3793
444986.00000 4368106.00000 -160.6189
444986.00000 4368110.00000 -149.0444
444986.00000 4368114.00000 N.C.
444986.00000 4368118.00000 N.C.
444986.00000 4368122.00000 N.C.
444986.00000 4368126.00000 -163.4741
444986.00000 4368130.00000 -165.1145
444986.00000 4368134.00000 -165.6336
444986.00000 4368138.00000 -156.4443
444986.00000 4368142.00000 N.C.
444986.00000 4368146.00000 N.C.
444986.00000 4368150.00000 N.C.
444986.00000 4368154.00000 N.C.
444986.00000 4368158.00000 N.C.
444986.00000 4368162.00000 -116.6916
444986.00000 4368166.00000 -114.9535
444986.00000 4368170.00000 -114.1855
444986.00000 4368174.00000 -116.0713
444986.00000 4368178.00000 N.C.
444986.00000 4368182.00000 N.C.
444986.00000 4368186.00000 -124.8561
444986.00000 4368190.00000 N.C.
444986.00000 4368194.00000 N.C.
444986.00000 4368198.00000 -121.7260
444986.00000 4368202.00000 N.C.
444986.00000 4368206.00000 -124.1334
444986.00000 4368210.00000 -124.2804
444986.00000 4368214.00000 -121.1125
444986.00000 4368218.00000 -121.7710
444986.00000 4368222.00000 N.C.
444986.00000 4368226.00000 N.C.
444986.00000 4368230.00000 -126.8480
444986.00000 4368234.00000 -144.4617
444986.00000 4368238.00000 -141.8071
444986.00000 4368242.00000 -136.6193
444986.00000 4368246.00000 -123.9068
444986.00000 4368250.00000 -139.7184
444986.00000 4368254.00000 -133.8623
444986.00000 4368258.00000 -123.6114
444986.00000 4368262.00000 -121.1060
444986.00000 4368266.00000 -124.4590
444986.00000 4368270.00000 -121.3074
444986.00000 4368274.00000 -116.7251
444986.00000 4368278.00000 N.C.
444986.00000 4368282.00000 N.C.
444986.00000 4368286.00000 N.C.
444986.00000 4368290.00000 -133.5636
444986.00000 4368294.00000 -128.3098
444986.00000 4368298.00000 -127.3692
444986.00000 4368302.00000 -128.6011
444986.00000 4368306.00000 -128.1295
444986.00000 4368310.00000 -127.4586
444986.00000 4368314.00000 N.C.
444986.00000 4368318.00000 N.C.
444986.00000 4368322.00000 -133.8419
444986.00000 4368326.00000 -132.0661
444986.00000 4368330.00000 -120.0107
444986.00000 4368334.00000 -121.6303
444986.00000 4368338.00000 -118.9070
444986.00000 4368342.00000 N.C.
444986.00000 4368346.00000 N.C.
444986.00000 4368350.00000 N.C.
444986.00000 4368354.00000 N.C.
444986.00000 4368358.00000 N.C.
444986.00000 4368362.00000 N.C.
444986.00000 4368366.00000 N.C.
444986.00000 4368370.00000 -140.0552
444986.00000 4368374.00000 N.C.
444986.00000 4368378.00000 -144.8933
444986.00000 4368382.00000 -146.3842
444986.00000 4368386.00000 -155.3850
444986.00000 4368390.00000 -157.0192
444986.00000 4368394.00000 -159.7594
444990.00000 4367886.00000 -127.4253
444990.00000 4367890.00000 -127.2805
444990.00000 4367894.00000 -127.3396
444990.00000 4367898.00000 -127.2261
444990.00000 4367902.00000 -127.1275
444990.00000 4367906.00000 -127.2514
444990.00000 4367910.00000 -128.6994
444990.00000 4367914.00000 -128.9479
444990.00000 4367918.00000 -129.1123
444990.00000 4367922.00000 -129.4994
444990.00000 4367926.00000 -129.0802
444990.00000 4367930.00000 -127.7023
444990.00000 4367934.00000 -127.4386
444990.00000 4367938.00000 -127.4695
444990.00000 4367942.00000 -128.4344
444990.00000 4367946.00000 -128.5027
444990.00000 4367950.00000 -128.3360
444990.00000 4367954.00000 -127.3666
444990.00000 4367958.00000 -126.9696
444990.00000 4367962.00000 -126.7727
444990.00000 4367966.00000 -127.2100
444990.00000 4367970.00000 -127.3823
444990.00000 4367974.00000 -128.4859
444990.00000 4367978.00000 -125.5667
444990.00000 4367982.00000 -129.7049
444990.00000 4367986.00000 -129.6864
444990.00000 4367990.00000 -129.6629
444990.00000 4367994.00000 -129.5214
444990.00000 4367998.00000 -130.2185
444990.00000 4368002.00000 -127.9413
444990.00000 4368006.00000 -131.4591
444990.00000 4368010.00000 -132.6764
444990.00000 4368014.00000 -131.0261
444990.00000 4368018.00000 -130.6622
444990.00000 4368022.00000 -130.4448
444990.00000 4368026.00000 -130.4272
444990.00000 4368030.00000 -130.0947
444990.00000 4368034.00000 -136.0171
444990.00000 4368038.00000 -134.7869
444990.00000 4368042.00000 -130.1532
444990.00000 4368046.00000 -135.0762
444990.00000 4368050.00000 -135.1335
444990.00000 4368054.00000 -137.1215
444990.00000 4368058.00000 -138.9943
444990.00000 4368062.00000 -138.4384
444990.00000 4368066.00000 -130.0588
444990.00000 4368070.00000 -131.6536
444990.00000 4368074.00000 -130.9407
444990.00000 4368078.00000 -137.5983
444990.00000 4368082.00000 -137.9564
444990.00000 4368086.00000 -142.0295
444990.00000 4368090.00000 -142.8715
444990.00000 4368094.00000 -152.9793
444990.00000 4368098.00000 -156.1687
444990.00000 4368102.00000 -157.7095
444990.00000 4368106.00000 N.C.
444990.00000 4368110.00000 N.C.
444990.00000 4368114.00000 N.C.
444990.00000 4368118.00000 N.C.
444990.00000 4368122.00000 N.C.
444990.00000 4368126.00000 N.C.
444990.00000 4368130.00000 N.C.
444990.00000 4368134.00000 N.C.
444990.00000 4368138.00000 N.C.
444990.00000 4368142.00000 N.C.
444990.00000 4368146.00000 -144.6694
444990.00000 4368150.00000 N.C.
444990.00000 4368154.00000 N.C.
444990.00000 4368158.00000 N.C.
444990.00000 4368162.00000 -113.9958
444990.00000 4368166.00000 -113.5491
444990.00000 4368170.00000 -113.0188
444990.00000 4368174.00000 -116.0078
444990.00000 4368178.00000 N.C.
444990.00000 4368182.00000 -113.4048
444990.00000 4368186.00000 N.C.
444990.00000 4368190.00000 N.C.
444990.00000 4368194.00000 N.C.
444990.00000 4368198.00000 -120.3795
444990.00000 4368202.00000 N.C.
444990.00000 4368206.00000 -123.7585
444990.00000 4368210.00000 -124.5572
444990.00000 4368214.00000 -120.9635
444990.00000 4368218.00000 -121.5664
444990.00000 4368222.00000 N.C.
444990.00000 4368226.00000 N.C.
444990.00000 4368230.00000 -128.5887
444990.00000 4368234.00000 N.C.
444990.00000 4368238.00000 N.C.
444990.00000 4368242.00000 N.C.
444990.00000 4368246.00000 -136.8786
444990.00000 4368250.00000 -136.4339
444990.00000 4368254.00000 -130.8375
444990.00000 4368258.00000 -122.8159
444990.00000 4368262.00000 -128.5678
444990.00000 4368266.00000 -126.4167
444990.00000 4368270.00000 -119.6364
444990.00000 4368274.00000 -121.1011
444990.00000 4368278.00000 -116.8110
444990.00000 4368282.00000 N.C.
444990.00000 4368286.00000 N.C.
444990.00000 4368290.00000 -130.9211
444990.00000 4368294.00000 -130.6595
444990.00000 4368298.00000 -130.8243
444990.00000 4368302.00000 -129.6827
444990.00000 4368306.00000 -128.9850
444990.00000 4368310.00000 N.C.
444990.00000 4368314.00000 N.C.
444990.00000 4368318.00000 N.C.
444990.00000 4368322.00000 -125.1910
444990.00000 4368326.00000 -119.3900
444990.00000 4368330.00000 -121.2365
444990.00000 4368334.00000 -122.9594
444990.00000 4368338.00000 -126.6476
444990.00000 4368342.00000 N.C.
444990.00000 4368346.00000 N.C.
444990.00000 4368350.00000 N.C.
444990.00000 4368354.00000 N.C.
444990.00000 4368358.00000 N.C.
444990.00000 4368362.00000 N.C.
444990.00000 4368366.00000 -145.4500
444990.00000 4368370.00000 -136.8954
444990.00000 4368374.00000 -140.2845
444990.00000 4368378.00000 N.C.
444990.00000 4368382.00000 N.C.
444990.00000 4368386.00000 -148.2090
444990.00000 4368390.00000 -146.3893
444990.00000 4368394.00000 -152.1504
444994.00000 4367886.00000 -127.4332
444994.00000 4367890.00000 -127.1316
444994.00000 4367894.00000 -127.4215
444994.00000 4367898.00000 -128.0299
444994.00000 4367902.00000 -127.4271
444994.00000 4367906.00000 -126.8795
444994.00000 4367910.00000 -126.7868
444994.00000 4367914.00000 -128.3617
444994.00000 4367918.00000 -128.4309
444994.00000 4367922.00000 -129.1144
444994.00000 4367926.00000 -129.1915
444994.00000 4367930.00000 -129.4447
444994.00000 4367934.00000 -129.2863
444994.00000 4367938.00000 -127.6583
444994.00000 4367942.00000 -127.5446
444994.00000 4367946.00000 -127.4421
444994.00000 4367950.00000 -128.3412
444994.00000 4367954.00000 -128.3603
444994.00000 4367958.00000 -127.0730
444994.00000 4367962.00000 -126.2422
444994.00000 4367966.00000 -127.7666
444994.00000 4367970.00000 -126.6065
444994.00000 4367974.00000 -127.2801
444994.00000 4367978.00000 -126.4304
444994.00000 4367982.00000 -126.2774
444994.00000 4367986.00000 -129.8806
444994.00000 4367990.00000 -129.4501
444994.00000 4367994.00000 -129.3455
444994.00000 4367998.00000 -128.0217
444994.00000 4368002.00000 -131.0341
444994.00000 4368006.00000 -127.8245
444994.00000 4368010.00000 -129.1903
444994.00000 4368014.00000 -130.0132
444994.00000 4368018.00000 -129.8564
444994.00000 4368022.00000 -130.9809
444994.00000 4368026.00000 -130.7228
444994.00000 4368030.00000 -130.2642
444994.00000 4368034.00000 -136.4125
444994.00000 4368038.00000 -135.8560
444994.00000 4368042.00000 -130.0000
444994.00000 4368046.00000 -134.9650
444994.00000 4368050.00000 -134.9243
444994.00000 4368054.00000 -139.7886
444994.00000 4368058.00000 -139.8368
444994.00000 4368062.00000 -140.0837
444994.00000 4368066.00000 -135.8264
444994.00000 4368070.00000 -137.9125
444994.00000 4368074.00000 -131.1612
444994.00000 4368078.00000 -139.7423
444994.00000 4368082.00000 -140.3066
444994.00000 4368086.00000 -142.3047
444994.00000 4368090.00000 -142.6394
444994.00000 4368094.00000 -153.9328
444994.00000 4368098.00000 -157.1027
444994.00000 4368102.00000 N.C.
444994.00000 4368106.00000 N.C.
444994.00000 4368110.00000 -128.7775
444994.00000 4368114.00000 N.C.
444994.00000 4368118.00000 N.C.
444994.00000 4368122.00000 N.C.
444994.00000 4368126.00000 N.C.
444994.00000 4368130.00000 N.C.
444994.00000 4368134.00000 N.C.
444994.00000 4368138.00000 N.C.
444994.00000 4368142.00000 N.C.
444994.00000 4368146.00000 N.C.
444994.00000 4368150.00000 N.C.
444994.00000 4368154.00000 N.C.
444994.00000 4368158.00000 -116.5088
444994.00000 4368162.00000 -112.9492
444994.00000 4368166.00000 -112.8787
444994.00000 4368170.00000 -112.4526
444994.00000 4368174.00000 -112.8800
444994.00000 4368178.00000 N.C.
444994.00000 4368182.00000 -113.0473
444994.00000 4368186.00000 -114.2073
444994.00000 4368190.00000 N.C.
444994.00000 4368194.00000 N.C.
444994.00000 4368198.00000 -123.2398
444994.00000 4368202.00000 -124.7569
444994.00000 4368206.00000 -125.5416
444994.00000 4368210.00000 -121.8137
444994.00000 4368214.00000 -121.6903
444994.00000 4368218.00000 -122.7490
444994.00000 4368222.00000 N.C.
444994.00000 4368226.00000 -126.4594
444994.00000 4368230.00000 -138.2730
444994.00000 4368234.00000 N.C.
444994.00000 4368238.00000 N.C.
444994.00000 4368242.00000 N.C.
444994.00000 4368246.00000 N.C.
444994.00000 4368250.00000 N.C.
444994.00000 4368254.00000 N.C.
444994.00000 4368258.00000 N.C.
444994.00000 4368262.00000 -129.6663
444994.00000 4368266.00000 -125.0718
444994.00000 4368270.00000 -120.2911
444994.00000 4368274.00000 -121.4415
444994.00000 4368278.00000 -127.1604
444994.00000 4368282.00000 N.C.
444994.00000 4368286.00000 N.C.
444994.00000 4368290.00000 N.C.
444994.00000 4368294.00000 -130.1020
444994.00000 4368298.00000 -130.1692
444994.00000 4368302.00000 -127.6054
444994.00000 4368306.00000 -128.3696
444994.00000 4368310.00000 N.C.
444994.00000 4368314.00000 N.C.
444994.00000 4368318.00000 N.C.
444994.00000 4368322.00000 -120.3783
444994.00000 4368326.00000 -120.9241
444994.00000 4368330.00000 -123.1948
444994.00000 4368334.00000 -128.2724
444994.00000 4368338.00000 -122.0144
444994.00000 4368342.00000 -125.5986
444994.00000 4368346.00000 N.C.
444994.00000 4368350.00000 -151.5472
444994.00000 4368354.00000 -148.2415
444994.00000 4368358.00000 N.C.
444994.00000 4368362.00000 N.C.
444994.00000 4368366.00000 -145.1503
444994.00000 4368370.00000 -140.2242
444994.00000 4368374.00000 -133.1564
444994.00000 4368378.00000 N.C.
444994.00000 4368382.00000 -182.6211
444994.00000 4368386.00000 -166.1031
444994.00000 4368390.00000 -160.7080
444994.00000 4368394.00000 -148.9795
444998.00000 4367886.00000 -127.5914
444998.00000 4367890.00000 -127.1280
444998.00000 4367894.00000 -127.0236
444998.00000 4367898.00000 -127.4292
444998.00000 4367902.00000 -128.1017
444998.00000 4367906.00000 -127.2354
444998.00000 4367910.00000 -127.0069
444998.00000 4367914.00000 -127.0530
444998.00000 4367918.00000 -128.1443
444998.00000 4367922.00000 -128.1806
444998.00000 4367926.00000 -128.5529
444998.00000 4367930.00000 -128.9970
444998.00000 4367934.00000 -129.0713
444998.00000 4367938.00000 -129.0995
444998.00000 4367942.00000 -128.7136
444998.00000 4367946.00000 -127.3525
444998.00000 4367950.00000 -127.2343
444998.00000 4367954.00000 -127.3383
444998.00000 4367958.00000 -127.9916
444998.00000 4367962.00000 -127.8275
444998.00000 4367966.00000 -129.3033
444998.00000 4367970.00000 -128.4328
444998.00000 4367974.00000 -128.5033
444998.00000 4367978.00000 -126.7451
444998.00000 4367982.00000 -125.4538
444998.00000 4367986.00000 -129.2030
444998.00000 4367990.00000 -128.0438
444998.00000 4367994.00000 -127.8879
444998.00000 4367998.00000 -127.8433
444998.00000 4368002.00000 -127.8847
444998.00000 4368006.00000 -129.3729
444998.00000 4368010.00000 -127.8526
444998.00000 4368014.00000 -127.5430
444998.00000 4368018.00000 -130.7912
444998.00000 4368022.00000 -130.3952
444998.00000 4368026.00000 -129.4526
444998.00000 4368030.00000 -130.3101
444998.00000 4368034.00000 -134.4972
444998.00000 4368038.00000 -136.3022
444998.00000 4368042.00000 -135.1993
444998.00000 4368046.00000 -134.4716
444998.00000 4368050.00000 -138.0270
444998.00000 4368054.00000 -135.9562
444998.00000 4368058.00000 -140.2145
444998.00000 4368062.00000 -140.9698
444998.00000 4368066.00000 -136.1808
444998.00000 4368070.00000 -136.1481
444998.00000 4368074.00000 -137.0743
444998.00000 4368078.00000 -137.0636
444998.00000 4368082.00000 -140.1195
444998.00000 4368086.00000 -142.3781
444998.00000 4368090.00000 -142.6239
444998.00000 4368094.00000 -153.5717
444998.00000 4368098.00000 -158.8171
444998.00000 4368102.00000 N.C.
444998.00000 4368106.00000 N.C.
444998.00000 4368110.00000 -131.3033
444998.00000 4368114.00000 N.C.
444998.00000 4368118.00000 N.C.
444998.00000 4368122.00000 N.C.
444998.00000 4368126.00000 N.C.
444998.00000 4368130.00000 N.C.
444998.00000 4368134.00000 -156.3865
444998.00000 4368138.00000 N.C.
444998.00000 4368142.00000 N.C.
444998.00000 4368146.00000 N.C.
444998.00000 4368150.00000 -144.0608
444998.00000 4368154.00000 -135.3601
444998.00000 4368158.00000 -118.4059
444998.00000 4368162.00000 -113.8202
444998.00000 4368166.00000 -112.3451
444998.00000 4368170.00000 -113.7042
444998.00000 4368174.00000 -113.1532
444998.00000 4368178.00000 -112.9456
444998.00000 4368182.00000 -112.8134
444998.00000 4368186.00000 -114.2071
444998.00000 4368190.00000 -117.5257
444998.00000 4368194.00000 -117.4421
444998.00000 4368198.00000 -125.3894
444998.00000 4368202.00000 -124.3766
444998.00000 4368206.00000 -123.6814
444998.00000 4368210.00000 -121.8064
444998.00000 4368214.00000 -123.0635
444998.00000 4368218.00000 N.C.
444998.00000 4368222.00000 N.C.
444998.00000 4368226.00000 -126.2795
444998.00000 4368230.00000 N.C.
444998.00000 4368234.00000 N.C.
444998.00000 4368238.00000 -140.9439
444998.00000 4368242.00000 N.C.
444998.00000 4368246.00000 N.C.
444998.00000 4368250.00000 N.C.
444998.00000 4368254.00000 N.C.
444998.00000 4368258.00000 N.C.
444998.00000 4368262.00000 -127.6811
444998.00000 4368266.00000 N.C.
444998.00000 4368270.00000 N.C.
444998.00000 4368274.00000 -130.2145
444998.00000 4368278.00000 -130.9789
444998.00000 4368282.00000 -130.5822
444998.00000 4368286.00000 -139.2428
444998.00000 4368290.00000 -136.4600
444998.00000 4368294.00000 -132.5257
444998.00000 4368298.00000 -128.5635
444998.00000 4368302.00000 -129.2073
444998.00000 4368306.00000 -128.6461
444998.00000 4368310.00000 -118.8964
444998.00000 4368314.00000 -124.6915
444998.00000 4368318.00000 N.C.
444998.00000 4368322.00000 -120.6992
444998.00000 4368326.00000 -123.2568
444998.00000 4368330.00000 -127.6381
444998.00000 4368334.00000 -131.5435
444998.00000 4368338.00000 -126.2986
444998.00000 4368342.00000 -128.7523
444998.00000 4368346.00000 N.C.
444998.00000 4368350.00000 N.C.
444998.00000 4368354.00000 N.C.
444998.00000 4368358.00000 N.C.
444998.00000 4368362.00000 -136.6133
444998.00000 4368366.00000 -136.7935
444998.00000 4368370.00000 -133.3688
444998.00000 4368374.00000 -138.3568
444998.00000 4368378.00000 N.C.
444998.00000 4368382.00000 -150.8054
444998.00000 4368386.00000 -161.4501
444998.00000 4368390.00000 -152.3729
444998.00000 4368394.00000 -159.6186
445002.00000 4367886.00000 -129.5875
445002.00000 4367890.00000 -127.3624
445002.00000 4367894.00000 -127.3825
445002.00000 4367898.00000 -126.9642
445002.00000 4367902.00000 -126.7249
445002.00000 4367906.00000 -128.1744
445002.00000 4367910.00000 -127.1449
445002.00000 4367914.00000 -126.8530
445002.00000 4367918.00000 -127.6196
445002.00000 4367922.00000 -127.8401
445002.00000 4367926.00000 -127.8107
445002.00000 4367930.00000 -128.2765
445002.00000 4367934.00000 -128.5395
445002.00000 4367938.00000 -128.7929
445002.00000 4367942.00000 -128.6742
445002.00000 4367946.00000 -128.5807
445002.00000 4367950.00000 -128.1160
445002.00000 4367954.00000 -127.7232
445002.00000 4367958.00000 -127.3465
445002.00000 4367962.00000 -127.2112
445002.00000 4367966.00000 -131.8990
445002.00000 4367970.00000 -130.1969
445002.00000 4367974.00000 -129.4753
445002.00000 4367978.00000 -128.5825
445002.00000 4367982.00000 -126.5049
445002.00000 4367986.00000 -123.9260
445002.00000 4367990.00000 -127.4270
445002.00000 4367994.00000 -127.8342
445002.00000 4367998.00000 -128.0607
445002.00000 4368002.00000 -127.9347
445002.00000 4368006.00000 -128.1264
445002.00000 4368010.00000 -129.0996
445002.00000 4368014.00000 -127.9824
445002.00000 4368018.00000 -130.7052
445002.00000 4368022.00000 -130.3755
445002.00000 4368026.00000 -129.9147
445002.00000 4368030.00000 -130.2836
445002.00000 4368034.00000 -134.7791
445002.00000 4368038.00000 -136.5190
445002.00000 4368042.00000 -136.4283
445002.00000 4368046.00000 -134.2171
445002.00000 4368050.00000 -138.7211
445002.00000 4368054.00000 -138.1192
445002.00000 4368058.00000 -140.9820
445002.00000 4368062.00000 -140.9127
445002.00000 4368066.00000 -140.5835
445002.00000 4368070.00000 -131.4890
445002.00000 4368074.00000 -136.7311
445002.00000 4368078.00000 -138.2180
445002.00000 4368082.00000 -140.6679
445002.00000 4368086.00000 -141.3289
445002.00000 4368090.00000 -142.5143
445002.00000 4368094.00000 -157.4747
445002.00000 4368098.00000 -174.7689
445002.00000 4368102.00000 N.C.
445002.00000 4368106.00000 -132.6814
445002.00000 4368110.00000 -135.9805
445002.00000 4368114.00000 N.C.
445002.00000 4368118.00000 N.C.
445002.00000 4368122.00000 N.C.
445002.00000 4368126.00000 -153.4147
445002.00000 4368130.00000 -156.1722
445002.00000 4368134.00000 -157.1010
445002.00000 4368138.00000 N.C.
445002.00000 4368142.00000 N.C.
445002.00000 4368146.00000 N.C.
445002.00000 4368150.00000 N.C.
445002.00000 4368154.00000 N.C.
445002.00000 4368158.00000 -121.5639
445002.00000 4368162.00000 -112.2406
445002.00000 4368166.00000 -114.0512
445002.00000 4368170.00000 -116.5004
445002.00000 4368174.00000 -116.4561
445002.00000 4368178.00000 -117.4050
445002.00000 4368182.00000 -116.4358
445002.00000 4368186.00000 -114.5965
445002.00000 4368190.00000 -117.1741
445002.00000 4368194.00000 -117.3308
445002.00000 4368198.00000 -125.5430
445002.00000 4368202.00000 -124.8148
445002.00000 4368206.00000 -122.5745
445002.00000 4368210.00000 -123.0676
445002.00000 4368214.00000 -123.8275
445002.00000 4368218.00000 N.C.
445002.00000 4368222.00000 N.C.
445002.00000 4368226.00000 -128.7555
445002.00000 4368230.00000 N.C.
445002.00000 4368234.00000 N.C.
445002.00000 4368238.00000 N.C.
445002.00000 4368242.00000 N.C.
445002.00000 4368246.00000 N.C.
445002.00000 4368250.00000 N.C.
445002.00000 4368254.00000 N.C.
445002.00000 4368258.00000 -127.7843
445002.00000 4368262.00000 -133.1692
445002.00000 4368266.00000 N.C.
445002.00000 4368270.00000 N.C.
445002.00000 4368274.00000 -155.5551
445002.00000 4368278.00000 N.C.
445002.00000 4368282.00000 N.C.
445002.00000 4368286.00000 N.C.
445002.00000 4368290.00000 -134.3120
445002.00000 4368294.00000 -133.0682
445002.00000 4368298.00000 -127.7648
445002.00000 4368302.00000 -125.8406
445002.00000 4368306.00000 -125.5062
445002.00000 4368310.00000 -124.0158
445002.00000 4368314.00000 -123.0050
445002.00000 4368318.00000 -122.0618
445002.00000 4368322.00000 -123.3772
445002.00000 4368326.00000 -126.6467
445002.00000 4368330.00000 -132.7789
445002.00000 4368334.00000 -123.2311
445002.00000 4368338.00000 -122.4226
445002.00000 4368342.00000 -141.8610
445002.00000 4368346.00000 -150.6188
445002.00000 4368350.00000 -164.2447
445002.00000 4368354.00000 N.C.
445002.00000 4368358.00000 N.C.
445002.00000 4368362.00000 -131.5982
445002.00000 4368366.00000 -132.6937
445002.00000 4368370.00000 -124.6615
445002.00000 4368374.00000 N.C.
445002.00000 4368378.00000 -152.2273
445002.00000 4368382.00000 N.C.
445002.00000 4368386.00000 -162.5877
445002.00000 4368390.00000 -166.0909
445002.00000 4368394.00000 -156.7731
445006.00000 4367886.00000 -129.8660
445006.00000 4367890.00000 -129.5494
445006.00000 4367894.00000 -129.2022
445006.00000 4367898.00000 -126.8926
445006.00000 4367902.00000 -127.0128
445006.00000 4367906.00000 -126.6626
445006.00000 4367910.00000 -126.2637
445006.00000 4367914.00000 -126.9567
445006.00000 4367918.00000 -127.0109
445006.00000 4367922.00000 -128.4282
445006.00000 4367926.00000 -127.5757
445006.00000 4367930.00000 -127.4634
445006.00000 4367934.00000 -128.1365
445006.00000 4367938.00000 -128.3737
445006.00000 4367942.00000 -128.3596
445006.00000 4367946.00000 -128.4301
445006.00000 4367950.00000 -128.0313
445006.00000 4367954.00000 -128.0691
445006.00000 4367958.00000 -127.4064
445006.00000 4367962.00000 -129.8421
445006.00000 4367966.00000 -129.2728
445006.00000 4367970.00000 -130.5270
445006.00000 4367974.00000 -129.4146
445006.00000 4367978.00000 -128.6772
445006.00000 4367982.00000 -127.2122
445006.00000 4367986.00000 -125.8280
445006.00000 4367990.00000 -124.4756
445006.00000 4367994.00000 -127.7115
445006.00000 4367998.00000 -127.9243
445006.00000 4368002.00000 -127.8730
445006.00000 4368006.00000 -127.7458
445006.00000 4368010.00000 -130.7847
445006.00000 4368014.00000 -126.4300
445006.00000 4368018.00000 -127.6653
445006.00000 4368022.00000 -130.1410
445006.00000 4368026.00000 -130.1180
445006.00000 4368030.00000 -129.2399
445006.00000 4368034.00000 -135.0798
445006.00000 4368038.00000 -134.1352
445006.00000 4368042.00000 -137.0175
445006.00000 4368046.00000 -136.7184
445006.00000 4368050.00000 -138.9868
445006.00000 4368054.00000 -138.8653
445006.00000 4368058.00000 -138.9066
445006.00000 4368062.00000 -140.8791
445006.00000 4368066.00000 -141.3682
445006.00000 4368070.00000 -138.2149
445006.00000 4368074.00000 -140.1513
445006.00000 4368078.00000 -138.9839
445006.00000 4368082.00000 -140.9571
445006.00000 4368086.00000 -141.6134
445006.00000 4368090.00000 -142.6208
445006.00000 4368094.00000 -153.0904
445006.00000 4368098.00000 -155.9111
445006.00000 4368102.00000 -150.8839
445006.00000 4368106.00000 -130.5843
445006.00000 4368110.00000 N.C.
445006.00000 4368114.00000 N.C.
445006.00000 4368118.00000 N.C.
445006.00000 4368122.00000 -166.9818
445006.00000 4368126.00000 -152.1621
445006.00000 4368130.00000 -157.3130
445006.00000 4368134.00000 N.C.
445006.00000 4368138.00000 N.C.
445006.00000 4368142.00000 N.C.
445006.00000 4368146.00000 N.C.
445006.00000 4368150.00000 N.C.
445006.00000 4368154.00000 N.C.
445006.00000 4368158.00000 -121.2587
445006.00000 4368162.00000 -112.4634
445006.00000 4368166.00000 -114.1089
445006.00000 4368170.00000 -117.1672
445006.00000 4368174.00000 -117.1323
445006.00000 4368178.00000 -114.5187
445006.00000 4368182.00000 -115.6595
445006.00000 4368186.00000 -114.8474
445006.00000 4368190.00000 -116.9071
445006.00000 4368194.00000 -117.3188
445006.00000 4368198.00000 -124.6432
445006.00000 4368202.00000 -125.3467
445006.00000 4368206.00000 -121.1329
445006.00000 4368210.00000 -122.2354
445006.00000 4368214.00000 -124.3135
445006.00000 4368218.00000 N.C.
445006.00000 4368222.00000 N.C.
445006.00000 4368226.00000 -128.4401
445006.00000 4368230.00000 N.C.
445006.00000 4368234.00000 N.C.
445006.00000 4368238.00000 -125.0448
445006.00000 4368242.00000 -122.7485
445006.00000 4368246.00000 -123.1402
445006.00000 4368250.00000 N.C.
445006.00000 4368254.00000 N.C.
445006.00000 4368258.00000 -127.4079
445006.00000 4368262.00000 N.C.
445006.00000 4368266.00000 N.C.
445006.00000 4368270.00000 -148.6220
445006.00000 4368274.00000 N.C.
445006.00000 4368278.00000 N.C.
445006.00000 4368282.00000 -128.9028
445006.00000 4368286.00000 N.C.
445006.00000 4368290.00000 -133.0011
445006.00000 4368294.00000 -136.0547
445006.00000 4368298.00000 -126.7061
445006.00000 4368302.00000 -124.0558
445006.00000 4368306.00000 -125.0594
445006.00000 4368310.00000 -122.4346
445006.00000 4368314.00000 -122.5146
445006.00000 4368318.00000 -125.8630
445006.00000 4368322.00000 -130.3046
445006.00000 4368326.00000 -129.3875
445006.00000 4368330.00000 -130.5449
445006.00000 4368334.00000 -127.5253
445006.00000 4368338.00000 -120.0297
445006.00000 4368342.00000 N.C.
445006.00000 4368346.00000 N.C.
445006.00000 4368350.00000 N.C.
445006.00000 4368354.00000 N.C.
445006.00000 4368358.00000 -144.7748
445006.00000 4368362.00000 -145.4906
445006.00000 4368366.00000 -133.7861
445006.00000 4368370.00000 -130.5740
445006.00000 4368374.00000 -140.7637
445006.00000 4368378.00000 N.C.
445006.00000 4368382.00000 N.C.
445006.00000 4368386.00000 -155.9237
445006.00000 4368390.00000 -158.4347
445006.00000 4368394.00000 -159.2258
445010.00000 4367886.00000 -129.1758
445010.00000 4367890.00000 -128.9338
445010.00000 4367894.00000 -129.6889
445010.00000 4367898.00000 -126.9910
445010.00000 4367902.00000 -126.6444
445010.00000 4367906.00000 -126.9806
445010.00000 4367910.00000 -126.1402
445010.00000 4367914.00000 -126.3265
445010.00000 4367918.00000 -126.2503
445010.00000 4367922.00000 -127.6891
445010.00000 4367926.00000 -128.5174
445010.00000 4367930.00000 -127.2186
445010.00000 4367934.00000 -126.9312
445010.00000 4367938.00000 -128.1363
445010.00000 4367942.00000 -127.9692
445010.00000 4367946.00000 -128.1220
445010.00000 4367950.00000 -128.5138
445010.00000 4367954.00000 -127.9223
445010.00000 4367958.00000 -127.6742
445010.00000 4367962.00000 -127.9754
445010.00000 4367966.00000 -130.6654
445010.00000 4367970.00000 -130.0040
445010.00000 4367974.00000 -129.1711
445010.00000 4367978.00000 -127.6291
445010.00000 4367982.00000 -129.1002
445010.00000 4367986.00000 -128.7236
445010.00000 4367990.00000 -126.2956
445010.00000 4367994.00000 -126.8394
445010.00000 4367998.00000 -129.5213
445010.00000 4368002.00000 -129.8665
445010.00000 4368006.00000 -127.9626
445010.00000 4368010.00000 -127.8956
445010.00000 4368014.00000 -129.5616
445010.00000 4368018.00000 -127.7067
445010.00000 4368022.00000 -129.3641
445010.00000 4368026.00000 -130.1902
445010.00000 4368030.00000 -134.6371
445010.00000 4368034.00000 -130.7415
445010.00000 4368038.00000 -134.6110
445010.00000 4368042.00000 -138.9726
445010.00000 4368046.00000 -139.9975
445010.00000 4368050.00000 -136.2818
445010.00000 4368054.00000 -139.0977
445010.00000 4368058.00000 -139.1885
445010.00000 4368062.00000 -138.5716
445010.00000 4368066.00000 -141.1374
445010.00000 4368070.00000 -140.5527
445010.00000 4368074.00000 -140.9873
445010.00000 4368078.00000 -140.5341
445010.00000 4368082.00000 -141.1109
445010.00000 4368086.00000 -141.5041
445010.00000 4368090.00000 -142.5380
445010.00000 4368094.00000 -162.2952
445010.00000 4368098.00000 N.C.
445010.00000 4368102.00000 N.C.
445010.00000 4368106.00000 N.C.
445010.00000 4368110.00000 N.C.
445010.00000 4368114.00000 -123.9967
445010.00000 4368118.00000 N.C.
445010.00000 4368122.00000 N.C.
445010.00000 4368126.00000 N.C.
445010.00000 4368130.00000 N.C.
445010.00000 4368134.00000 N.C.
445010.00000 4368138.00000 N.C.
445010.00000 4368142.00000 N.C.
445010.00000 4368146.00000 N.C.
445010.00000 4368150.00000 N.C.
445010.00000 4368154.00000 N.C.
445010.00000 4368158.00000 -119.9953
445010.00000 4368162.00000 -112.1985
445010.00000 4368166.00000 -115.9194
445010.00000 4368170.00000 -117.0790
445010.00000 4368174.00000 -117.1433
445010.00000 4368178.00000 -116.4264
445010.00000 4368182.00000 -114.9864
445010.00000 4368186.00000 -116.5310
445010.00000 4368190.00000 -116.8052
445010.00000 4368194.00000 -125.9639
445010.00000 4368198.00000 -124.1479
445010.00000 4368202.00000 -122.6520
445010.00000 4368206.00000 -120.7809
445010.00000 4368210.00000 -125.2996
445010.00000 4368214.00000 -124.5181
445010.00000 4368218.00000 N.C.
445010.00000 4368222.00000 -122.9340
445010.00000 4368226.00000 N.C.
445010.00000 4368230.00000 N.C.
445010.00000 4368234.00000 N.C.
445010.00000 4368238.00000 -124.3997
445010.00000 4368242.00000 -122.6272
445010.00000 4368246.00000 -123.4265
445010.00000 4368250.00000 N.C.
445010.00000 4368254.00000 N.C.
445010.00000 4368258.00000 -130.7516
445010.00000 4368262.00000 N.C.
445010.00000 4368266.00000 N.C.
445010.00000 4368270.00000 -122.1331
445010.00000 4368274.00000 -125.0276
445010.00000 4368278.00000 -122.1445
445010.00000 4368282.00000 N.C.
445010.00000 4368286.00000 N.C.
445010.00000 4368290.00000 -134.3029
445010.00000 4368294.00000 -134.4798
445010.00000 4368298.00000 -127.2861
445010.00000 4368302.00000 -126.5085
445010.00000 4368306.00000 -117.3700
445010.00000 4368310.00000 -122.9534
445010.00000 4368314.00000 -124.8986
445010.00000 4368318.00000 -132.5563
445010.00000 4368322.00000 -132.0742
445010.00000 4368326.00000 -133.5291
445010.00000 4368330.00000 -122.8765
445010.00000 4368334.00000 -133.9390
445010.00000 4368338.00000 -125.1555
445010.00000 4368342.00000 -140.8397
445010.00000 4368346.00000 -140.3369
445010.00000 4368350.00000 N.C.
445010.00000 4368354.00000 N.C.
445010.00000 4368358.00000 -140.0605
445010.00000 4368362.00000 -138.1985
445010.00000 4368366.00000 -132.2352
445010.00000 4368370.00000 -138.9614
445010.00000 4368374.00000 -124.0488
445010.00000 4368378.00000 N.C.
445010.00000 4368382.00000 N.C.
445010.00000 4368386.00000 -155.8846
445010.00000 4368390.00000 -164.5128
445010.00000 4368394.00000 -154.8077
445014.00000 4367886.00000 -128.3742
445014.00000 4367890.00000 -128.7183
445014.00000 4367894.00000 -128.5297
445014.00000 4367898.00000 -128.4562
445014.00000 4367902.00000 -126.2214
445014.00000 4367906.00000 -126.0272
445014.00000 4367910.00000 -125.9339
445014.00000 4367914.00000 -126.6667
445014.00000 4367918.00000 -126.3599
445014.00000 4367922.00000 -126.0799
445014.00000 4367926.00000 -127.6488
445014.00000 4367930.00000 -128.2656
445014.00000 4367934.00000 -127.8856
445014.00000 4367938.00000 -127.0155
445014.00000 4367942.00000 -127.2169
445014.00000 4367946.00000 -127.7466
445014.00000 4367950.00000 -128.4591
445014.00000 4367954.00000 -128.5538
445014.00000 4367958.00000 -127.9990
445014.00000 4367962.00000 -127.9142
445014.00000 4367966.00000 -127.7259
445014.00000 4367970.00000 -130.0308
445014.00000 4367974.00000 -129.4030
445014.00000 4367978.00000 -129.0545
445014.00000 4367982.00000 -125.7962
445014.00000 4367986.00000 -129.6104
445014.00000 4367990.00000 -130.6371
445014.00000 4367994.00000 -126.0188
445014.00000 4367998.00000 -128.3567
445014.00000 4368002.00000 -129.6378
445014.00000 4368006.00000 -129.6724
445014.00000 4368010.00000 -129.3525
445014.00000 4368014.00000 -134.1736
445014.00000 4368018.00000 -133.4135
445014.00000 4368022.00000 -129.3583
445014.00000 4368026.00000 -129.9718
445014.00000 4368030.00000 -134.6503
445014.00000 4368034.00000 -134.6836
445014.00000 4368038.00000 -131.2601
445014.00000 4368042.00000 -137.1551
445014.00000 4368046.00000 -138.7979
445014.00000 4368050.00000 -138.0912
445014.00000 4368054.00000 -140.0113
445014.00000 4368058.00000 -141.6670
445014.00000 4368062.00000 -142.7479
445014.00000 4368066.00000 -141.8310
445014.00000 4368070.00000 -139.9369
445014.00000 4368074.00000 -137.7050
445014.00000 4368078.00000 -141.1171
445014.00000 4368082.00000 -136.3685
445014.00000 4368086.00000 -141.7562
445014.00000 4368090.00000 -142.4110
445014.00000 4368094.00000 -156.3190
445014.00000 4368098.00000 N.C.
445014.00000 4368102.00000 N.C.
445014.00000 4368106.00000 N.C.
445014.00000 4368110.00000 N.C.
445014.00000 4368114.00000 -128.0529
445014.00000 4368118.00000 N.C.
445014.00000 4368122.00000 -157.6102
445014.00000 4368126.00000 N.C.
445014.00000 4368130.00000 -150.8978
445014.00000 4368134.00000 -150.6426
445014.00000 4368138.00000 N.C.
445014.00000 4368142.00000 N.C.
445014.00000 4368146.00000 N.C.
445014.00000 4368150.00000 -151.2747
445014.00000 4368154.00000 -116.6162
445014.00000 4368158.00000 -112.1424
445014.00000 4368162.00000 -111.9861
445014.00000 4368166.00000 -116.0758
445014.00000 4368170.00000 -116.9169
445014.00000 4368174.00000 -116.9751
445014.00000 4368178.00000 -115.7165
445014.00000 4368182.00000 -115.2099
445014.00000 4368186.00000 -116.4355
445014.00000 4368190.00000 -116.7889
445014.00000 4368194.00000 -124.1046
445014.00000 4368198.00000 -123.3920
445014.00000 4368202.00000 -122.0797
445014.00000 4368206.00000 -122.9174
445014.00000 4368210.00000 -125.7104
445014.00000 4368214.00000 N.C.
445014.00000 4368218.00000 N.C.
445014.00000 4368222.00000 -119.1322
445014.00000 4368226.00000 N.C.
445014.00000 4368230.00000 N.C.
445014.00000 4368234.00000 -141.5624
445014.00000 4368238.00000 -140.2979
445014.00000 4368242.00000 -137.2341
445014.00000 4368246.00000 -127.6367
445014.00000 4368250.00000 N.C.
445014.00000 4368254.00000 -126.9385
445014.00000 4368258.00000 -131.3338
445014.00000 4368262.00000 N.C.
445014.00000 4368266.00000 N.C.
445014.00000 4368270.00000 -127.9516
445014.00000 4368274.00000 -122.9527
445014.00000 4368278.00000 -122.5298
445014.00000 4368282.00000 N.C.
445014.00000 4368286.00000 N.C.
445014.00000 4368290.00000 -138.3049
445014.00000 4368294.00000 -129.1015
445014.00000 4368298.00000 -126.3376
445014.00000 4368302.00000 -124.6610
445014.00000 4368306.00000 -122.9289
445014.00000 4368310.00000 -130.2723
445014.00000 4368314.00000 N.C.
445014.00000 4368318.00000 -125.1969
445014.00000 4368322.00000 -126.9443
445014.00000 4368326.00000 -132.8247
445014.00000 4368330.00000 -127.7316
445014.00000 4368334.00000 -137.9626
445014.00000 4368338.00000 -128.4200
445014.00000 4368342.00000 -144.9100
445014.00000 4368346.00000 -144.8033
445014.00000 4368350.00000 -145.0592
445014.00000 4368354.00000 -140.7174
445014.00000 4368358.00000 -138.9543
445014.00000 4368362.00000 -130.6290
445014.00000 4368366.00000 -135.3524
445014.00000 4368370.00000 -137.7108
445014.00000 4368374.00000 -135.7710
445014.00000 4368378.00000 N.C.
445014.00000 4368382.00000 N.C.
445014.00000 4368386.00000 -155.2955
445014.00000 4368390.00000 -159.4065
445014.00000 4368394.00000 -156.4257
445018.00000 4367886.00000 -128.5716
445018.00000 4367890.00000 -128.5864
445018.00000 4367894.00000 -127.8569
445018.00000 4367898.00000 -128.2930
445018.00000 4367902.00000 -127.6737
445018.00000 4367906.00000 -126.3167
445018.00000 4367910.00000 -125.7193
445018.00000 4367914.00000 -125.7761
445018.00000 4367918.00000 -125.0553
445018.00000 4367922.00000 -126.0017
445018.00000 4367926.00000 -126.1103
445018.00000 4367930.00000 -127.7165
445018.00000 4367934.00000 -128.1826
445018.00000 4367938.00000 -127.6020
445018.00000 4367942.00000 -127.2058
445018.00000 4367946.00000 -126.1641
445018.00000 4367950.00000 -127.8783
445018.00000 4367954.00000 -128.1520
445018.00000 4367958.00000 -128.1673
445018.00000 4367962.00000 -127.7419
445018.00000 4367966.00000 -127.4333
445018.00000 4367970.00000 -126.3580
445018.00000 4367974.00000 -129.9817
445018.00000 4367978.00000 -130.5733
445018.00000 4367982.00000 -129.6866
445018.00000 4367986.00000 -126.4515
445018.00000 4367990.00000 -132.9435
445018.00000 4367994.00000 -130.8060
445018.00000 4367998.00000 -128.7986
445018.00000 4368002.00000 -128.7451
445018.00000 4368006.00000 -129.1679
445018.00000 4368010.00000 -129.0912
445018.00000 4368014.00000 -129.1769
445018.00000 4368018.00000 -134.3407
445018.00000 4368022.00000 -133.4945
445018.00000 4368026.00000 -129.2049
445018.00000 4368030.00000 -134.4456
445018.00000 4368034.00000 -134.5141
445018.00000 4368038.00000 -135.6774
445018.00000 4368042.00000 -134.7544
445018.00000 4368046.00000 -138.0637
445018.00000 4368050.00000 -139.8082
445018.00000 4368054.00000 -136.6006
445018.00000 4368058.00000 -139.7655
445018.00000 4368062.00000 -140.0260
445018.00000 4368066.00000 -144.2375
445018.00000 4368070.00000 -142.5220
445018.00000 4368074.00000 -139.5847
445018.00000 4368078.00000 -142.3596
445018.00000 4368082.00000 -140.4619
445018.00000 4368086.00000 -141.6921
445018.00000 4368090.00000 -141.7357
445018.00000 4368094.00000 N.C.
445018.00000 4368098.00000 N.C.
445018.00000 4368102.00000 N.C.
445018.00000 4368106.00000 -122.2476
445018.00000 4368110.00000 -129.6006
445018.00000 4368114.00000 -137.6851
445018.00000 4368118.00000 N.C.
445018.00000 4368122.00000 N.C.
445018.00000 4368126.00000 N.C.
445018.00000 4368130.00000 N.C.
445018.00000 4368134.00000 N.C.
445018.00000 4368138.00000 N.C.
445018.00000 4368142.00000 -132.0688
445018.00000 4368146.00000 -140.8663
445018.00000 4368150.00000 -127.7554
445018.00000 4368154.00000 -113.0636
445018.00000 4368158.00000 -111.7891
445018.00000 4368162.00000 -116.8037
445018.00000 4368166.00000 -122.9110
445018.00000 4368170.00000 -123.4005
445018.00000 4368174.00000 -123.4994
445018.00000 4368178.00000 -125.1798
445018.00000 4368182.00000 -124.1336
445018.00000 4368186.00000 -122.3992
445018.00000 4368190.00000 -121.8631
445018.00000 4368194.00000 -122.8670
445018.00000 4368198.00000 -123.3725
445018.00000 4368202.00000 -121.0662
445018.00000 4368206.00000 -126.9224
445018.00000 4368210.00000 -125.9718
445018.00000 4368214.00000 N.C.
445018.00000 4368218.00000 N.C.
445018.00000 4368222.00000 -118.9769
445018.00000 4368226.00000 -125.6126
445018.00000 4368230.00000 -123.6466
445018.00000 4368234.00000 N.C.
445018.00000 4368238.00000 N.C.
445018.00000 4368242.00000 N.C.
445018.00000 4368246.00000 N.C.
445018.00000 4368250.00000 N.C.
445018.00000 4368254.00000 -127.2646
445018.00000 4368258.00000 -130.0754
445018.00000 4368262.00000 N.C.
445018.00000 4368266.00000 -136.8823
445018.00000 4368270.00000 -132.2437
445018.00000 4368274.00000 -130.8640
445018.00000 4368278.00000 -129.1548
445018.00000 4368282.00000 N.C.
445018.00000 4368286.00000 N.C.
445018.00000 4368290.00000 -134.7211
445018.00000 4368294.00000 -125.3502
445018.00000 4368298.00000 -126.5973
445018.00000 4368302.00000 -123.7254
445018.00000 4368306.00000 N.C.
445018.00000 4368310.00000 -126.3754
445018.00000 4368314.00000 N.C.
445018.00000 4368318.00000 -125.2864
445018.00000 4368322.00000 -122.2403
445018.00000 4368326.00000 -122.5831
445018.00000 4368330.00000 N.C.
445018.00000 4368334.00000 -131.0495
445018.00000 4368338.00000 -141.0891
445018.00000 4368342.00000 -141.3038
445018.00000 4368346.00000 -145.9851
445018.00000 4368350.00000 -143.4279
445018.00000 4368354.00000 -142.0805
445018.00000 4368358.00000 -135.4060
445018.00000 4368362.00000 -140.2340
445018.00000 4368366.00000 -135.1848
445018.00000 4368370.00000 -134.5538
445018.00000 4368374.00000 N.C.
445018.00000 4368378.00000 N.C.
445018.00000 4368382.00000 N.C.
445018.00000 4368386.00000 -154.1782
445018.00000 4368390.00000 -151.3462
445018.00000 4368394.00000 -150.3023
445022.00000 4367886.00000 -128.8746
445022.00000 4367890.00000 -128.9148
445022.00000 4367894.00000 -128.2144
445022.00000 4367898.00000 -127.8230
445022.00000 4367902.00000 -127.3355
445022.00000 4367906.00000 -128.3014
445022.00000 4367910.00000 -126.1002
445022.00000 4367914.00000 -125.6305
445022.00000 4367918.00000 -124.7476
445022.00000 4367922.00000 -126.5911
445022.00000 4367926.00000 -125.8342
445022.00000 4367930.00000 -125.9524
445022.00000 4367934.00000 -127.4104
445022.00000 4367938.00000 -127.3498
445022.00000 4367942.00000 -127.1368
445022.00000 4367946.00000 -125.3466
445022.00000 4367950.00000 -125.2726
445022.00000 4367954.00000 -127.4648
445022.00000 4367958.00000 -127.6579
445022.00000 4367962.00000 -126.9317
445022.00000 4367966.00000 -127.4837
445022.00000 4367970.00000 -131.3967
445022.00000 4367974.00000 -133.4389
445022.00000 4367978.00000 -129.7735
445022.00000 4367982.00000 -131.0310
445022.00000 4367986.00000 -130.9281
445022.00000 4367990.00000 -129.9017
445022.00000 4367994.00000 -135.8220
445022.00000 4367998.00000 -134.6119
445022.00000 4368002.00000 -127.5791
445022.00000 4368006.00000 -129.0809
445022.00000 4368010.00000 -128.5331
445022.00000 4368014.00000 -128.9055
445022.00000 4368018.00000 -128.8536
445022.00000 4368022.00000 -133.5850
445022.00000 4368026.00000 -128.4837
445022.00000 4368030.00000 -132.5621
445022.00000 4368034.00000 -135.3677
445022.00000 4368038.00000 -135.2006
445022.00000 4368042.00000 -138.4082
445022.00000 4368046.00000 -135.8234
445022.00000 4368050.00000 -138.9441
445022.00000 4368054.00000 -139.3627
445022.00000 4368058.00000 -142.3163
445022.00000 4368062.00000 -140.7972
445022.00000 4368066.00000 -140.1766
445022.00000 4368070.00000 -140.8919
445022.00000 4368074.00000 -141.5660
445022.00000 4368078.00000 -140.8490
445022.00000 4368082.00000 -140.8497
445022.00000 4368086.00000 -139.9649
445022.00000 4368090.00000 -141.8801
445022.00000 4368094.00000 N.C.
445022.00000 4368098.00000 N.C.
445022.00000 4368102.00000 -130.1013
445022.00000 4368106.00000 -127.6438
445022.00000 4368110.00000 -131.2367
445022.00000 4368114.00000 N.C.
445022.00000 4368118.00000 N.C.
445022.00000 4368122.00000 N.C.
445022.00000 4368126.00000 N.C.
445022.00000 4368130.00000 N.C.
445022.00000 4368134.00000 N.C.
445022.00000 4368138.00000 N.C.
445022.00000 4368142.00000 N.C.
445022.00000 4368146.00000 N.C.
445022.00000 4368150.00000 N.C.
445022.00000 4368154.00000 -116.6040
445022.00000 4368158.00000 -111.8569
445022.00000 4368162.00000 -119.5162
445022.00000 4368166.00000 -121.8932
445022.00000 4368170.00000 -122.7669
445022.00000 4368174.00000 -126.5385
445022.00000 4368178.00000 -128.8201
445022.00000 4368182.00000 -129.7714
445022.00000 4368186.00000 -129.4053
445022.00000 4368190.00000 -132.2208
445022.00000 4368194.00000 -130.5150
445022.00000 4368198.00000 -123.2686
445022.00000 4368202.00000 -127.1210
445022.00000 4368206.00000 -126.6039
445022.00000 4368210.00000 -126.1062
445022.00000 4368214.00000 N.C.
445022.00000 4368218.00000 N.C.
445022.00000 4368222.00000 -121.1381
445022.00000 4368226.00000 -125.0052
445022.00000 4368230.00000 -123.7060
445022.00000 4368234.00000 -122.3730
445022.00000 4368238.00000 N.C.
445022.00000 4368242.00000 N.C.
445022.00000 4368246.00000 N.C.
445022.00000 4368250.00000 N.C.
445022.00000 4368254.00000 -130.5801
445022.00000 4368258.00000 N.C.
445022.00000 4368262.00000 N.C.
445022.00000 4368266.00000 N.C.
445022.00000 4368270.00000 N.C.
445022.00000 4368274.00000 N.C.
445022.00000 4368278.00000 -132.1731
445022.00000 4368282.00000 N.C.
445022.00000 4368286.00000 -140.9739
445022.00000 4368290.00000 -127.3130
445022.00000 4368294.00000 -135.1512
445022.00000 4368298.00000 -139.7494
445022.00000 4368302.00000 -130.6341
445022.00000 4368306.00000 N.C.
445022.00000 4368310.00000 N.C.
445022.00000 4368314.00000 N.C.
445022.00000 4368318.00000 -131.5301
445022.00000 4368322.00000 -128.6612
445022.00000 4368326.00000 -131.5424
445022.00000 4368330.00000 N.C.
445022.00000 4368334.00000 N.C.
445022.00000 4368338.00000 N.C.
445022.00000 4368342.00000 N.C.
445022.00000 4368346.00000 -160.1360
445022.00000 4368350.00000 N.C.
445022.00000 4368354.00000 -139.7321
445022.00000 4368358.00000 -131.9966
445022.00000 4368362.00000 -143.7077
445022.00000 4368366.00000 -143.0615
445022.00000 4368370.00000 -135.5526
445022.00000 4368374.00000 -141.5732
445022.00000 4368378.00000 -144.5867
445022.00000 4368382.00000 -143.7564
445022.00000 4368386.00000 -147.1875
445022.00000 4368390.00000 -147.5977
445022.00000 4368394.00000 -147.0318
445026.00000 4367886.00000 -129.0316
445026.00000 4367890.00000 -128.9620
445026.00000 4367894.00000 -128.5090
445026.00000 4367898.00000 -128.4164
445026.00000 4367902.00000 -127.5616
445026.00000 4367906.00000 -128.1739
445026.00000 4367910.00000 -126.0070
445026.00000 4367914.00000 -125.9213
445026.00000 4367918.00000 -125.7362
445026.00000 4367922.00000 -125.0676
445026.00000 4367926.00000 -125.2166
445026.00000 4367930.00000 -125.4300
445026.00000 4367934.00000 -125.8059
445026.00000 4367938.00000 -127.2783
445026.00000 4367942.00000 -127.2764
445026.00000 4367946.00000 -126.0666
445026.00000 4367950.00000 -124.9984
445026.00000 4367954.00000 -125.0147
445026.00000 4367958.00000 -127.1779
445026.00000 4367962.00000 -126.9635
445026.00000 4367966.00000 -126.9406
445026.00000 4367970.00000 -126.5243
445026.00000 4367974.00000 -131.9917
445026.00000 4367978.00000 -132.9889
445026.00000 4367982.00000 -130.2353
445026.00000 4367986.00000 -130.9196
445026.00000 4367990.00000 -130.7866
445026.00000 4367994.00000 -129.5350
445026.00000 4367998.00000 -137.7834
445026.00000 4368002.00000 -128.9388
445026.00000 4368006.00000 -127.5872
445026.00000 4368010.00000 -129.4569
445026.00000 4368014.00000 -128.8176
445026.00000 4368018.00000 -128.7218
445026.00000 4368022.00000 -132.6673
445026.00000 4368026.00000 -133.2856
445026.00000 4368030.00000 -132.8185
445026.00000 4368034.00000 -134.3791
445026.00000 4368038.00000 -135.1296
445026.00000 4368042.00000 -137.7296
445026.00000 4368046.00000 -138.3195
445026.00000 4368050.00000 -139.0155
445026.00000 4368054.00000 -139.7059
445026.00000 4368058.00000 -141.2887
445026.00000 4368062.00000 -143.7261
445026.00000 4368066.00000 -140.7561
445026.00000 4368070.00000 -143.1735
445026.00000 4368074.00000 -140.7085
445026.00000 4368078.00000 -145.5062
445026.00000 4368082.00000 -140.1834
445026.00000 4368086.00000 -141.8228
445026.00000 4368090.00000 -153.6460
445026.00000 4368094.00000 N.C.
445026.00000 4368098.00000 N.C.
445026.00000 4368102.00000 N.C.
445026.00000 4368106.00000 N.C.
445026.00000 4368110.00000 -135.3977
445026.00000 4368114.00000 N.C.
445026.00000 4368118.00000 N.C.
445026.00000 4368122.00000 N.C.
445026.00000 4368126.00000 N.C.
445026.00000 4368130.00000 N.C.
445026.00000 4368134.00000 -131.2339
445026.00000 4368138.00000 -128.8253
445026.00000 4368142.00000 N.C.
445026.00000 4368146.00000 N.C.
445026.00000 4368150.00000 N.C.
445026.00000 4368154.00000 -116.5121
445026.00000 4368158.00000 -112.3330
445026.00000 4368162.00000 -120.8510
445026.00000 4368166.00000 -121.9008
445026.00000 4368170.00000 -132.1973
445026.00000 4368174.00000 -132.8313
445026.00000 4368178.00000 N.C.
445026.00000 4368182.00000 N.C.
445026.00000 4368186.00000 N.C.
445026.00000 4368190.00000 N.C.
445026.00000 4368194.00000 N.C.
445026.00000 4368198.00000 -126.6318
445026.00000 4368202.00000 -127.2400
445026.00000 4368206.00000 -127.4156
445026.00000 4368210.00000 -126.5754
445026.00000 4368214.00000 N.C.
445026.00000 4368218.00000 -126.4217
445026.00000 4368222.00000 -121.5295
445026.00000 4368226.00000 -123.7199
445026.00000 4368230.00000 -123.4425
445026.00000 4368234.00000 -123.5256
445026.00000 4368238.00000 -124.6957
445026.00000 4368242.00000 N.C.
445026.00000 4368246.00000 -152.2058
445026.00000 4368250.00000 -143.7408
445026.00000 4368254.00000 -131.5249
445026.00000 4368258.00000 N.C.
445026.00000 4368262.00000 N.C.
445026.00000 4368266.00000 N.C.
445026.00000 4368270.00000 N.C.
445026.00000 4368274.00000 N.C.
445026.00000 4368278.00000 N.C.
445026.00000 4368282.00000 N.C.
445026.00000 4368286.00000 -121.6180
445026.00000 4368290.00000 -127.9840
445026.00000 4368294.00000 N.C.
445026.00000 4368298.00000 N.C.
445026.00000 4368302.00000 -118.4913
445026.00000 4368306.00000 N.C.
445026.00000 4368310.00000 N.C.
445026.00000 4368314.00000 -125.0795
445026.00000 4368318.00000 -131.3450
445026.00000 4368322.00000 -125.7899
445026.00000 4368326.00000 N.C.
445026.00000 4368330.00000 N.C.
445026.00000 4368334.00000 -130.5221
445026.00000 4368338.00000 N.C.
445026.00000 4368342.00000 N.C.
445026.00000 4368346.00000 N.C.
445026.00000 4368350.00000 N.C.
445026.00000 4368354.00000 N.C.
445026.00000 4368358.00000 N.C.
445026.00000 4368362.00000 N.C.
445026.00000 4368366.00000 N.C.
445026.00000 4368370.00000 -135.6043
445026.00000 4368374.00000 -144.2141
445026.00000 4368378.00000 -145.5724
445026.00000 4368382.00000 -144.7800
445026.00000 4368386.00000 -144.3484
445026.00000 4368390.00000 -143.8400
445026.00000 4368394.00000 -144.0994
445030.00000 4367886.00000 -128.7512
445030.00000 4367890.00000 -128.2022
445030.00000 4367894.00000 -128.6308
445030.00000 4367898.00000 -128.4927
445030.00000 4367902.00000 -129.0586
445030.00000 4367906.00000 -128.4984
445030.00000 4367910.00000 -127.7409
445030.00000 4367914.00000 -125.4741
445030.00000 4367918.00000 -125.1250
445030.00000 4367922.00000 -125.0450
445030.00000 4367926.00000 -125.0740
445030.00000 4367930.00000 -125.0301
445030.00000 4367934.00000 -125.2456
445030.00000 4367938.00000 -126.0763
445030.00000 4367942.00000 -127.0894
445030.00000 4367946.00000 -127.0910
445030.00000 4367950.00000 -126.0422
445030.00000 4367954.00000 -124.8977
445030.00000 4367958.00000 -126.3307
445030.00000 4367962.00000 -126.7677
445030.00000 4367966.00000 -126.7512
445030.00000 4367970.00000 -126.6042
445030.00000 4367974.00000 -126.5349
445030.00000 4367978.00000 -128.4480
445030.00000 4367982.00000 -132.9503
445030.00000 4367986.00000 -130.2141
445030.00000 4367990.00000 -130.7161
445030.00000 4367994.00000 -135.2641
445030.00000 4367998.00000 -132.8598
445030.00000 4368002.00000 -134.8678
445030.00000 4368006.00000 -128.4900
445030.00000 4368010.00000 -128.7406
445030.00000 4368014.00000 -129.2293
445030.00000 4368018.00000 -129.1849
445030.00000 4368022.00000 -133.9789
445030.00000 4368026.00000 -136.1049
445030.00000 4368030.00000 -136.7084
445030.00000 4368034.00000 -134.3418
445030.00000 4368038.00000 -135.2642
445030.00000 4368042.00000 -137.8403
445030.00000 4368046.00000 -137.6048
445030.00000 4368050.00000 -138.1856
445030.00000 4368054.00000 -140.9957
445030.00000 4368058.00000 -140.6200
445030.00000 4368062.00000 -142.8176
445030.00000 4368066.00000 -143.5519
445030.00000 4368070.00000 -143.3948
445030.00000 4368074.00000 -143.4438
445030.00000 4368078.00000 -146.7258
445030.00000 4368082.00000 -148.7573
445030.00000 4368086.00000 -147.2500
445030.00000 4368090.00000 N.C.
445030.00000 4368094.00000 N.C.
445030.00000 4368098.00000 N.C.
445030.00000 4368102.00000 N.C.
445030.00000 4368106.00000 N.C.
445030.00000 4368110.00000 N.C.
445030.00000 4368114.00000 N.C.
445030.00000 4368118.00000 N.C.
445030.00000 4368122.00000 N.C.
445030.00000 4368126.00000 N.C.
445030.00000 4368130.00000 N.C.
445030.00000 4368134.00000 -138.5287
445030.00000 4368138.00000 -129.7271
445030.00000 4368142.00000 N.C.
445030.00000 4368146.00000 -140.9933
445030.00000 4368150.00000 N.C.
445030.00000 4368154.00000 -116.2935
445030.00000 4368158.00000 -112.1993
445030.00000 4368162.00000 -122.2436
445030.00000 4368166.00000 -123.0529
445030.00000 4368170.00000 N.C.
445030.00000 4368174.00000 N.C.
445030.00000 4368178.00000 N.C.
445030.00000 4368182.00000 N.C.
445030.00000 4368186.00000 N.C.
445030.00000 4368190.00000 N.C.
445030.00000 4368194.00000 -128.0603
445030.00000 4368198.00000 -127.0204
445030.00000 4368202.00000 -127.9006
445030.00000 4368206.00000 -127.3522
445030.00000 4368210.00000 N.C.
445030.00000 4368214.00000 N.C.
445030.00000 4368218.00000 -126.1257
445030.00000 4368222.00000 -121.0517
445030.00000 4368226.00000 -123.0288
445030.00000 4368230.00000 -123.6778
445030.00000 4368234.00000 -123.7985
445030.00000 4368238.00000 N.C.
445030.00000 4368242.00000 N.C.
445030.00000 4368246.00000 N.C.
445030.00000 4368250.00000 N.C.
445030.00000 4368254.00000 -132.4615
445030.00000 4368258.00000 N.C.
445030.00000 4368262.00000 N.C.
445030.00000 4368266.00000 N.C.
445030.00000 4368270.00000 N.C.
445030.00000 4368274.00000 N.C.
445030.00000 4368278.00000 N.C.
445030.00000 4368282.00000 -136.7887
445030.00000 4368286.00000 -128.8402
445030.00000 4368290.00000 -152.6108
445030.00000 4368294.00000 N.C.
445030.00000 4368298.00000 N.C.
445030.00000 4368302.00000 -135.0559
445030.00000 4368306.00000 -147.2188
445030.00000 4368310.00000 N.C.
445030.00000 4368314.00000 -123.5373
445030.00000 4368318.00000 -130.8342
445030.00000 4368322.00000 N.C.
445030.00000 4368326.00000 N.C.
445030.00000 4368330.00000 N.C.
445030.00000 4368334.00000 -129.8457
445030.00000 4368338.00000 -112.2519
445030.00000 4368342.00000 -128.9650
445030.00000 4368346.00000 N.C.
445030.00000 4368350.00000 N.C.
445030.00000 4368354.00000 N.C.
445030.00000 4368358.00000 N.C.
445030.00000 4368362.00000 N.C.
445030.00000 4368366.00000 N.C.
445030.00000 4368370.00000 -135.8642
445030.00000 4368374.00000 -135.8004
445030.00000 4368378.00000 -144.8446
445030.00000 4368382.00000 -146.5928
445030.00000 4368386.00000 -147.5570
445030.00000 4368390.00000 -144.5669
445030.00000 4368394.00000 -144.6304
445034.00000 4367886.00000 -130.1013
445034.00000 4367890.00000 -129.3732
445034.00000 4367894.00000 -128.4419
445034.00000 4367898.00000 -127.8809
445034.00000 4367902.00000 -129.0845
445034.00000 4367906.00000 -128.8188
445034.00000 4367910.00000 -128.7593
445034.00000 4367914.00000 -128.4014
445034.00000 4367918.00000 -125.4476
445034.00000 4367922.00000 -125.6195
445034.00000 4367926.00000 -124.6865
445034.00000 4367930.00000 -125.9559
445034.00000 4367934.00000 -125.4752
445034.00000 4367938.00000 -125.3024
445034.00000 4367942.00000 -126.4189
445034.00000 4367946.00000 -126.6845
445034.00000 4367950.00000 -126.8971
445034.00000 4367954.00000 -125.7451
445034.00000 4367958.00000 -126.9464
445034.00000 4367962.00000 -127.6881
445034.00000 4367966.00000 -131.7383
445034.00000 4367970.00000 -131.8434
445034.00000 4367974.00000 -131.5756
445034.00000 4367978.00000 -131.6344
445034.00000 4367982.00000 -128.2137
445034.00000 4367986.00000 -131.0489
445034.00000 4367990.00000 -127.9314
445034.00000 4367994.00000 -135.3699
445034.00000 4367998.00000 -134.4244
445034.00000 4368002.00000 -132.7385
445034.00000 4368006.00000 -136.3885
445034.00000 4368010.00000 -128.7930
445034.00000 4368014.00000 -132.7608
445034.00000 4368018.00000 -134.0588
445034.00000 4368022.00000 -133.8680
445034.00000 4368026.00000 -134.5121
445034.00000 4368030.00000 -135.6035
445034.00000 4368034.00000 -136.1222
445034.00000 4368038.00000 -133.4723
445034.00000 4368042.00000 -138.0577
445034.00000 4368046.00000 -137.6515
445034.00000 4368050.00000 -137.5492
445034.00000 4368054.00000 -139.6378
445034.00000 4368058.00000 -142.4561
445034.00000 4368062.00000 -142.6055
445034.00000 4368066.00000 -144.0692
445034.00000 4368070.00000 -141.5888
445034.00000 4368074.00000 -143.9790
445034.00000 4368078.00000 -149.8622
445034.00000 4368082.00000 -152.9165
445034.00000 4368086.00000 -165.7588
445034.00000 4368090.00000 N.C.
445034.00000 4368094.00000 N.C.
445034.00000 4368098.00000 -129.8868
445034.00000 4368102.00000 N.C.
445034.00000 4368106.00000 -140.8309
445034.00000 4368110.00000 -122.3172
445034.00000 4368114.00000 -121.7174
445034.00000 4368118.00000 N.C.
445034.00000 4368122.00000 N.C.
445034.00000 4368126.00000 N.C.
445034.00000 4368130.00000 N.C.
445034.00000 4368134.00000 N.C.
445034.00000 4368138.00000 -133.1048
445034.00000 4368142.00000 N.C.
445034.00000 4368146.00000 N.C.
445034.00000 4368150.00000 N.C.
445034.00000 4368154.00000 -114.5539
445034.00000 4368158.00000 -112.3793
445034.00000 4368162.00000 -122.7809
445034.00000 4368166.00000 -122.7079
445034.00000 4368170.00000 N.C.
445034.00000 4368174.00000 N.C.
445034.00000 4368178.00000 N.C.
445034.00000 4368182.00000 N.C.
445034.00000 4368186.00000 N.C.
445034.00000 4368190.00000 N.C.
445034.00000 4368194.00000 -126.5172
445034.00000 4368198.00000 -127.1305
445034.00000 4368202.00000 -127.9180
445034.00000 4368206.00000 -127.5252
445034.00000 4368210.00000 N.C.
445034.00000 4368214.00000 N.C.
445034.00000 4368218.00000 -125.6287
445034.00000 4368222.00000 -119.9889
445034.00000 4368226.00000 -122.8174
445034.00000 4368230.00000 -123.6525
445034.00000 4368234.00000 -124.2511
445034.00000 4368238.00000 N.C.
445034.00000 4368242.00000 N.C.
445034.00000 4368246.00000 N.C.
445034.00000 4368250.00000 -131.1200
445034.00000 4368254.00000 -132.8270
445034.00000 4368258.00000 N.C.
445034.00000 4368262.00000 N.C.
445034.00000 4368266.00000 -137.3991
445034.00000 4368270.00000 N.C.
445034.00000 4368274.00000 N.C.
445034.00000 4368278.00000 N.C.
445034.00000 4368282.00000 -131.2531
445034.00000 4368286.00000 -124.7360
445034.00000 4368290.00000 N.C.
445034.00000 4368294.00000 N.C.
445034.00000 4368298.00000 N.C.
445034.00000 4368302.00000 N.C.
445034.00000 4368306.00000 N.C.
445034.00000 4368310.00000 -146.5360
445034.00000 4368314.00000 -124.6125
445034.00000 4368318.00000 -126.6987
445034.00000 4368322.00000 N.C.
445034.00000 4368326.00000 N.C.
445034.00000 4368330.00000 -133.7186
445034.00000 4368334.00000 -130.5893
445034.00000 4368338.00000 -113.3425
445034.00000 4368342.00000 -124.6518
445034.00000 4368346.00000 N.C.
445034.00000 4368350.00000 N.C.
445034.00000 4368354.00000 N.C.
445034.00000 4368358.00000 -135.2878
445034.00000 4368362.00000 N.C.
445034.00000 4368366.00000 N.C.
445034.00000 4368370.00000 -136.1686
445034.00000 4368374.00000 -136.1537
445034.00000 4368378.00000 N.C.
445034.00000 4368382.00000 -144.3640
445034.00000 4368386.00000 -155.5109
445034.00000 4368390.00000 -147.5308
445034.00000 4368394.00000 -146.4875
445038.00000 4367886.00000 -128.4172
445038.00000 4367890.00000 -129.0476
445038.00000 4367894.00000 -128.6318
445038.00000 4367898.00000 -129.1004
445038.00000 4367902.00000 -128.5150
445038.00000 4367906.00000 -128.3321
445038.00000 4367910.00000 -128.0682
445038.00000 4367914.00000 -128.5156
445038.00000 4367918.00000 -128.3390
445038.00000 4367922.00000 -125.9615
445038.00000 4367926.00000 -124.9380
445038.00000 4367930.00000 -124.7190
445038.00000 4367934.00000 -123.8735
445038.00000 4367938.00000 -124.9439
445038.00000 4367942.00000 -125.2362
445038.00000 4367946.00000 -126.0692
445038.00000 4367950.00000 -126.5778
445038.00000 4367954.00000 -130.4852
445038.00000 4367958.00000 -133.2240
445038.00000 4367962.00000 -129.5224
445038.00000 4367966.00000 -128.3816
445038.00000 4367970.00000 -129.5145
445038.00000 4367974.00000 -128.9978
445038.00000 4367978.00000 -129.2050
445038.00000 4367982.00000 -130.8890
445038.00000 4367986.00000 -128.0124
445038.00000 4367990.00000 -128.3062
445038.00000 4367994.00000 -129.5833
445038.00000 4367998.00000 -135.2392
445038.00000 4368002.00000 -134.3786
445038.00000 4368006.00000 -132.6490
445038.00000 4368010.00000 -136.1806
445038.00000 4368014.00000 -132.8060
445038.00000 4368018.00000 -133.2740
445038.00000 4368022.00000 -134.4531
445038.00000 4368026.00000 -134.4680
445038.00000 4368030.00000 -136.3074
445038.00000 4368034.00000 -137.3744
445038.00000 4368038.00000 -137.0660
445038.00000 4368042.00000 -135.4619
445038.00000 4368046.00000 -136.4989
445038.00000 4368050.00000 -138.0275
445038.00000 4368054.00000 -138.1281
445038.00000 4368058.00000 -140.9875
445038.00000 4368062.00000 -142.8484
445038.00000 4368066.00000 -143.4971
445038.00000 4368070.00000 -143.1615
445038.00000 4368074.00000 -143.5893
445038.00000 4368078.00000 -148.9101
445038.00000 4368082.00000 -151.2299
445038.00000 4368086.00000 -168.2770
445038.00000 4368090.00000 N.C.
445038.00000 4368094.00000 N.C.
445038.00000 4368098.00000 -136.6012
445038.00000 4368102.00000 N.C.
445038.00000 4368106.00000 N.C.
445038.00000 4368110.00000 -121.5565
445038.00000 4368114.00000 -121.7864
445038.00000 4368118.00000 N.C.
445038.00000 4368122.00000 -136.6468
445038.00000 4368126.00000 -133.7802
445038.00000 4368130.00000 -129.0312
445038.00000 4368134.00000 N.C.
445038.00000 4368138.00000 N.C.
445038.00000 4368142.00000 -127.2886
445038.00000 4368146.00000 N.C.
445038.00000 4368150.00000 N.C.
445038.00000 4368154.00000 -114.3747
445038.00000 4368158.00000 -111.9118
445038.00000 4368162.00000 -124.8330
445038.00000 4368166.00000 -125.7120
445038.00000 4368170.00000 N.C.
445038.00000 4368174.00000 N.C.
445038.00000 4368178.00000 N.C.
445038.00000 4368182.00000 N.C.
445038.00000 4368186.00000 N.C.
445038.00000 4368190.00000 N.C.
445038.00000 4368194.00000 -126.9192
445038.00000 4368198.00000 -128.0688
445038.00000 4368202.00000 -127.7960
445038.00000 4368206.00000 -128.8119
445038.00000 4368210.00000 N.C.
445038.00000 4368214.00000 N.C.
445038.00000 4368218.00000 -126.5469
445038.00000 4368222.00000 -119.9642
445038.00000 4368226.00000 -123.5110
445038.00000 4368230.00000 -124.5791
445038.00000 4368234.00000 -123.4722
445038.00000 4368238.00000 N.C.
445038.00000 4368242.00000 N.C.
445038.00000 4368246.00000 N.C.
445038.00000 4368250.00000 -131.9285
445038.00000 4368254.00000 N.C.
445038.00000 4368258.00000 N.C.
445038.00000 4368262.00000 N.C.
445038.00000 4368266.00000 -135.1806
445038.00000 4368270.00000 N.C.
445038.00000 4368274.00000 -154.7217
445038.00000 4368278.00000 N.C.
445038.00000 4368282.00000 -130.6691
445038.00000 4368286.00000 -133.0225
445038.00000 4368290.00000 N.C.
445038.00000 4368294.00000 N.C.
445038.00000 4368298.00000 N.C.
445038.00000 4368302.00000 N.C.
445038.00000 4368306.00000 N.C.
445038.00000 4368310.00000 N.C.
445038.00000 4368314.00000 -124.1096
445038.00000 4368318.00000 -128.6395
445038.00000 4368322.00000 N.C.
445038.00000 4368326.00000 N.C.
445038.00000 4368330.00000 -132.0676
445038.00000 4368334.00000 -128.5887
445038.00000 4368338.00000 -115.5212
445038.00000 4368342.00000 N.C.
445038.00000 4368346.00000 -139.0658
445038.00000 4368350.00000 N.C.
445038.00000 4368354.00000 N.C.
445038.00000 4368358.00000 -135.5185
445038.00000 4368362.00000 N.C.
445038.00000 4368366.00000 -136.9839
445038.00000 4368370.00000 -137.3520
445038.00000 4368374.00000 -137.1805
445038.00000 4368378.00000 N.C.
445038.00000 4368382.00000 N.C.
445038.00000 4368386.00000 -155.5157
445038.00000 4368390.00000 -147.5570
445038.00000 4368394.00000 -145.8723
445042.00000 4367886.00000 -128.9440
445042.00000 4367890.00000 -128.3439
445042.00000 4367894.00000 -128.1634
445042.00000 4367898.00000 -128.0274
445042.00000 4367902.00000 -128.4769
445042.00000 4367906.00000 -128.7603
445042.00000 4367910.00000 -128.9367
445042.00000 4367914.00000 -128.0750
445042.00000 4367918.00000 -127.7234
445042.00000 4367922.00000 -128.1779
445042.00000 4367926.00000 -125.8046
445042.00000 4367930.00000 -125.6249
445042.00000 4367934.00000 -125.3125
445042.00000 4367938.00000 -124.5794
445042.00000 4367942.00000 -124.5397
445042.00000 4367946.00000 -124.2880
445042.00000 4367950.00000 -125.1447
445042.00000 4367954.00000 -131.6997
445042.00000 4367958.00000 -133.3159
445042.00000 4367962.00000 -133.0800
445042.00000 4367966.00000 -129.1141
445042.00000 4367970.00000 -128.6891
445042.00000 4367974.00000 -128.3606
445042.00000 4367978.00000 -129.5149
445042.00000 4367982.00000 -129.6259
445042.00000 4367986.00000 -128.8347
445042.00000 4367990.00000 -125.6856
445042.00000 4367994.00000 -127.1854
445042.00000 4367998.00000 -129.4184
445042.00000 4368002.00000 -134.7532
445042.00000 4368006.00000 -134.2860
445042.00000 4368010.00000 -135.4272
445042.00000 4368014.00000 -136.5011
445042.00000 4368018.00000 -133.2732
445042.00000 4368022.00000 -134.7683
445042.00000 4368026.00000 -134.7010
445042.00000 4368030.00000 -134.1222
445042.00000 4368034.00000 -136.3107
445042.00000 4368038.00000 -137.5052
445042.00000 4368042.00000 -136.7159
445042.00000 4368046.00000 -137.6548
445042.00000 4368050.00000 -137.1061
445042.00000 4368054.00000 -137.1808
445042.00000 4368058.00000 -139.0221
445042.00000 4368062.00000 -141.6075
445042.00000 4368066.00000 -143.9274
445042.00000 4368070.00000 -141.2790
445042.00000 4368074.00000 -142.8397
445042.00000 4368078.00000 -149.1381
445042.00000 4368082.00000 -154.0447
445042.00000 4368086.00000 N.C.
445042.00000 4368090.00000 N.C.
445042.00000 4368094.00000 N.C.
445042.00000 4368098.00000 -144.0350
445042.00000 4368102.00000 N.C.
445042.00000 4368106.00000 N.C.
445042.00000 4368110.00000 -121.2817
445042.00000 4368114.00000 -128.4046
445042.00000 4368118.00000 N.C.
445042.00000 4368122.00000 N.C.
445042.00000 4368126.00000 N.C.
445042.00000 4368130.00000 -138.8834
445042.00000 4368134.00000 N.C.
445042.00000 4368138.00000 -130.5592
445042.00000 4368142.00000 -130.8663
445042.00000 4368146.00000 -127.5864
445042.00000 4368150.00000 -122.4072
445042.00000 4368154.00000 -115.9840
445042.00000 4368158.00000 -110.9826
445042.00000 4368162.00000 -123.7289
445042.00000 4368166.00000 -123.6771
445042.00000 4368170.00000 -124.4492
445042.00000 4368174.00000 N.C.
445042.00000 4368178.00000 N.C.
445042.00000 4368182.00000 N.C.
445042.00000 4368186.00000 N.C.
445042.00000 4368190.00000 N.C.
445042.00000 4368194.00000 -127.0843
445042.00000 4368198.00000 -128.5314
445042.00000 4368202.00000 -126.9277
445042.00000 4368206.00000 -127.7409
445042.00000 4368210.00000 N.C.
445042.00000 4368214.00000 -125.0650
445042.00000 4368218.00000 -124.6729
445042.00000 4368222.00000 -120.1423
445042.00000 4368226.00000 -123.0468
445042.00000 4368230.00000 -123.8323
445042.00000 4368234.00000 -123.9212
445042.00000 4368238.00000 N.C.
445042.00000 4368242.00000 N.C.
445042.00000 4368246.00000 N.C.
445042.00000 4368250.00000 -140.7901
445042.00000 4368254.00000 N.C.
445042.00000 4368258.00000 N.C.
445042.00000 4368262.00000 N.C.
445042.00000 4368266.00000 N.C.
445042.00000 4368270.00000 N.C.
445042.00000 4368274.00000 N.C.
445042.00000 4368278.00000 N.C.
445042.00000 4368282.00000 N.C.
445042.00000 4368286.00000 N.C.
445042.00000 4368290.00000 N.C.
445042.00000 4368294.00000 N.C.
445042.00000 4368298.00000 N.C.
445042.00000 4368302.00000 N.C.
445042.00000 4368306.00000 N.C.
445042.00000 4368310.00000 -122.8705
445042.00000 4368314.00000 -127.9093
445042.00000 4368318.00000 -127.3551
445042.00000 4368322.00000 N.C.
445042.00000 4368326.00000 N.C.
445042.00000 4368330.00000 N.C.
445042.00000 4368334.00000 -141.4878
445042.00000 4368338.00000 N.C.
445042.00000 4368342.00000 N.C.
445042.00000 4368346.00000 -141.1508
445042.00000 4368350.00000 N.C.
445042.00000 4368354.00000 N.C.
445042.00000 4368358.00000 -135.6290
445042.00000 4368362.00000 N.C.
445042.00000 4368366.00000 -138.2370
445042.00000 4368370.00000 -141.1462
445042.00000 4368374.00000 N.C.
445042.00000 4368378.00000 -153.8396
445042.00000 4368382.00000 N.C.
445042.00000 4368386.00000 -161.2108
445042.00000 4368390.00000 -147.1232
445042.00000 4368394.00000 -147.9824
445046.00000 4367886.00000 -127.4129
445046.00000 4367890.00000 -128.4579
445046.00000 4367894.00000 -128.2571
445046.00000 4367898.00000 -127.7633
445046.00000 4367902.00000 -128.1711
445046.00000 4367906.00000 -128.0177
445046.00000 4367910.00000 -127.8854
445046.00000 4367914.00000 -128.5020
445046.00000 4367918.00000 -128.6065
445046.00000 4367922.00000 -127.7735
445046.00000 4367926.00000 -127.8445
445046.00000 4367930.00000 -125.4571
445046.00000 4367934.00000 -125.5089
445046.00000 4367938.00000 -125.3592
445046.00000 4367942.00000 -124.6695
445046.00000 4367946.00000 -124.6498
445046.00000 4367950.00000 -125.1078
445046.00000 4367954.00000 -127.8696
445046.00000 4367958.00000 -126.8426
445046.00000 4367962.00000 -132.9382
445046.00000 4367966.00000 -132.5505
445046.00000 4367970.00000 -129.2871
445046.00000 4367974.00000 -131.6023
445046.00000 4367978.00000 -128.6733
445046.00000 4367982.00000 -129.5731
445046.00000 4367986.00000 -128.9514
445046.00000 4367990.00000 -129.6396
445046.00000 4367994.00000 -125.5251
445046.00000 4367998.00000 -126.9865
445046.00000 4368002.00000 -129.1648
445046.00000 4368006.00000 -134.6133
445046.00000 4368010.00000 -135.8068
445046.00000 4368014.00000 -136.3082
445046.00000 4368018.00000 -137.3900
445046.00000 4368022.00000 -133.4879
445046.00000 4368026.00000 -134.6495
445046.00000 4368030.00000 -134.5640
445046.00000 4368034.00000 -134.6417
445046.00000 4368038.00000 -138.2886
445046.00000 4368042.00000 -139.0515
445046.00000 4368046.00000 -137.1870
445046.00000 4368050.00000 -139.5304
445046.00000 4368054.00000 -139.2832
445046.00000 4368058.00000 -137.2656
445046.00000 4368062.00000 -137.9282
445046.00000 4368066.00000 -142.8575
445046.00000 4368070.00000 -142.9515
445046.00000 4368074.00000 -144.4749
445046.00000 4368078.00000 -150.8257
445046.00000 4368082.00000 -160.7311
445046.00000 4368086.00000 N.C.
445046.00000 4368090.00000 N.C.
445046.00000 4368094.00000 -139.3741
445046.00000 4368098.00000 N.C.
445046.00000 4368102.00000 N.C.
445046.00000 4368106.00000 N.C.
445046.00000 4368110.00000 -132.5538
445046.00000 4368114.00000 -132.8698
445046.00000 4368118.00000 -131.3830
445046.00000 4368122.00000 -131.0691
445046.00000 4368126.00000 -130.8492
445046.00000 4368130.00000 N.C.
445046.00000 4368134.00000 N.C.
445046.00000 4368138.00000 -131.1992
445046.00000 4368142.00000 -133.4186
445046.00000 4368146.00000 -128.7509
445046.00000 4368150.00000 -115.9733
445046.00000 4368154.00000 -119.6669
445046.00000 4368158.00000 -111.1075
445046.00000 4368162.00000 -117.8962
445046.00000 4368166.00000 -117.8450
445046.00000 4368170.00000 -122.9042
445046.00000 4368174.00000 -123.7347
445046.00000 4368178.00000 -124.3470
445046.00000 4368182.00000 -123.2959
445046.00000 4368186.00000 -112.5409
445046.00000 4368190.00000 -114.0706
445046.00000 4368194.00000 -127.5321
445046.00000 4368198.00000 -127.0473
445046.00000 4368202.00000 -126.2169
445046.00000 4368206.00000 N.C.
445046.00000 4368210.00000 N.C.
445046.00000 4368214.00000 -119.2487
445046.00000 4368218.00000 -124.3246
445046.00000 4368222.00000 -120.2537
445046.00000 4368226.00000 -123.4860
445046.00000 4368230.00000 -123.5739
445046.00000 4368234.00000 -125.1297
445046.00000 4368238.00000 -127.1684
445046.00000 4368242.00000 -124.5641
445046.00000 4368246.00000 N.C.
445046.00000 4368250.00000 -127.8381
445046.00000 4368254.00000 N.C.
445046.00000 4368258.00000 N.C.
445046.00000 4368262.00000 N.C.
445046.00000 4368266.00000 N.C.
445046.00000 4368270.00000 N.C.
445046.00000 4368274.00000 -151.4129
445046.00000 4368278.00000 N.C.
445046.00000 4368282.00000 N.C.
445046.00000 4368286.00000 N.C.
445046.00000 4368290.00000 N.C.
445046.00000 4368294.00000 N.C.
445046.00000 4368298.00000 N.C.
445046.00000 4368302.00000 N.C.
445046.00000 4368306.00000 N.C.
445046.00000 4368310.00000 -122.7940
445046.00000 4368314.00000 -130.7922
445046.00000 4368318.00000 -124.9114
445046.00000 4368322.00000 -127.5121
445046.00000 4368326.00000 -129.1647
445046.00000 4368330.00000 N.C.
445046.00000 4368334.00000 N.C.
445046.00000 4368338.00000 N.C.
445046.00000 4368342.00000 N.C.
445046.00000 4368346.00000 -131.5571
445046.00000 4368350.00000 N.C.
445046.00000 4368354.00000 N.C.
445046.00000 4368358.00000 N.C.
445046.00000 4368362.00000 N.C.
445046.00000 4368366.00000 -139.1063
445046.00000 4368370.00000 -145.5560
445046.00000 4368374.00000 N.C.
445046.00000 4368378.00000 -167.7192
445046.00000 4368382.00000 N.C.
445046.00000 4368386.00000 -174.3613
445046.00000 4368390.00000 -148.9012
445046.00000 4368394.00000 -154.7938
445050.00000 4367886.00000 -129.5797
445050.00000 4367890.00000 -128.1124
445050.00000 4367894.00000 -127.5235
445050.00000 4367898.00000 -127.8453
445050.00000 4367902.00000 -128.0294
445050.00000 4367906.00000 -127.9121
445050.00000 4367910.00000 -127.8642
445050.00000 4367914.00000 -127.8573
445050.00000 4367918.00000 -127.4337
445050.00000 4367922.00000 -127.5591
445050.00000 4367926.00000 -128.0941
445050.00000 4367930.00000 -127.7452
445050.00000 4367934.00000 -125.1976
445050.00000 4367938.00000 -124.9991
445050.00000 4367942.00000 -125.0625
445050.00000 4367946.00000 -125.6004
445050.00000 4367950.00000 -125.1701
445050.00000 4367954.00000 -125.2131
445050.00000 4367958.00000 -127.4242
445050.00000 4367962.00000 -126.5775
445050.00000 4367966.00000 -133.2368
445050.00000 4367970.00000 -133.4680
445050.00000 4367974.00000 -133.7307
445050.00000 4367978.00000 -131.9652
445050.00000 4367982.00000 -126.7912
445050.00000 4367986.00000 -129.3028
445050.00000 4367990.00000 -129.3705
445050.00000 4367994.00000 -129.2663
445050.00000 4367998.00000 -126.5265
445050.00000 4368002.00000 -126.7552
445050.00000 4368006.00000 -133.2803
445050.00000 4368010.00000 -136.4376
445050.00000 4368014.00000 -136.8070
445050.00000 4368018.00000 -135.8170
445050.00000 4368022.00000 -137.4962
445050.00000 4368026.00000 -133.1769
445050.00000 4368030.00000 -135.0204
445050.00000 4368034.00000 -136.5219
445050.00000 4368038.00000 -137.7510
445050.00000 4368042.00000 -138.9490
445050.00000 4368046.00000 -141.0396
445050.00000 4368050.00000 -138.4262
445050.00000 4368054.00000 -139.7050
445050.00000 4368058.00000 -140.3974
445050.00000 4368062.00000 -142.3201
445050.00000 4368066.00000 -137.3439
445050.00000 4368070.00000 -142.8763
445050.00000 4368074.00000 -146.0615
445050.00000 4368078.00000 -148.7530
445050.00000 4368082.00000 N.C.
445050.00000 4368086.00000 -129.5970
445050.00000 4368090.00000 -132.7751
445050.00000 4368094.00000 -142.6187
445050.00000 4368098.00000 N.C.
445050.00000 4368102.00000 -141.7561
445050.00000 4368106.00000 -137.9458
445050.00000 4368110.00000 N.C.
445050.00000 4368114.00000 N.C.
445050.00000 4368118.00000 N.C.
445050.00000 4368122.00000 N.C.
445050.00000 4368126.00000 N.C.
445050.00000 4368130.00000 N.C.
445050.00000 4368134.00000 N.C.
445050.00000 4368138.00000 -128.3307
445050.00000 4368142.00000 -135.0166
445050.00000 4368146.00000 -128.1209
445050.00000 4368150.00000 -116.1888
445050.00000 4368154.00000 -111.9217
445050.00000 4368158.00000 -119.5033
445050.00000 4368162.00000 -123.3366
445050.00000 4368166.00000 -122.9443
445050.00000 4368170.00000 -116.9402
445050.00000 4368174.00000 -114.4092
445050.00000 4368178.00000 -123.2923
445050.00000 4368182.00000 -126.9933
445050.00000 4368186.00000 -122.5966
445050.00000 4368190.00000 -112.4301
445050.00000 4368194.00000 -112.7963
445050.00000 4368198.00000 -126.8296
445050.00000 4368202.00000 -128.2666
445050.00000 4368206.00000 N.C.
445050.00000 4368210.00000 N.C.
445050.00000 4368214.00000 -111.7175
445050.00000 4368218.00000 -119.7042
445050.00000 4368222.00000 -122.4726
445050.00000 4368226.00000 -122.8957
445050.00000 4368230.00000 -125.7926
445050.00000 4368234.00000 -125.6999
445050.00000 4368238.00000 -125.1883
445050.00000 4368242.00000 -122.3091
445050.00000 4368246.00000 -122.1132
445050.00000 4368250.00000 -129.2349
445050.00000 4368254.00000 -135.3046
445050.00000 4368258.00000 N.C.
445050.00000 4368262.00000 -136.4148
445050.00000 4368266.00000 N.C.
445050.00000 4368270.00000 -148.3229
445050.00000 4368274.00000 N.C.
445050.00000 4368278.00000 -160.0580
445050.00000 4368282.00000 N.C.
445050.00000 4368286.00000 -137.4519
445050.00000 4368290.00000 -150.4416
445050.00000 4368294.00000 -137.0571
445050.00000 4368298.00000 N.C.
445050.00000 4368302.00000 N.C.
445050.00000 4368306.00000 N.C.
445050.00000 4368310.00000 -122.8228
445050.00000 4368314.00000 -126.0272
445050.00000 4368318.00000 -125.5597
445050.00000 4368322.00000 -129.7645
445050.00000 4368326.00000 -130.1131
445050.00000 4368330.00000 N.C.
445050.00000 4368334.00000 -126.1997
445050.00000 4368338.00000 -140.9368
445050.00000 4368342.00000 N.C.
445050.00000 4368346.00000 N.C.
445050.00000 4368350.00000 N.C.
445050.00000 4368354.00000 N.C.
445050.00000 4368358.00000 N.C.
445050.00000 4368362.00000 N.C.
445050.00000 4368366.00000 -138.4090
445050.00000 4368370.00000 -140.1958
445050.00000 4368374.00000 N.C.
445050.00000 4368378.00000 -157.7761
445050.00000 4368382.00000 N.C.
445050.00000 4368386.00000 -159.5435
445050.00000 4368390.00000 -152.1523
445050.00000 4368394.00000 -152.1848
445054.00000 4367886.00000 -127.3244
445054.00000 4367890.00000 -129.0249
445054.00000 4367894.00000 -129.5850
445054.00000 4367898.00000 -129.0237
445054.00000 4367902.00000 -127.6460
445054.00000 4367906.00000 -127.5216
445054.00000 4367910.00000 -128.0170
445054.00000 4367914.00000 -128.0690
445054.00000 4367918.00000 -128.0655
445054.00000 4367922.00000 -126.9137
445054.00000 4367926.00000 -126.7156
445054.00000 4367930.00000 -126.6638
445054.00000 4367934.00000 -127.6319
445054.00000 4367938.00000 -125.2422
445054.00000 4367942.00000 -124.8317
445054.00000 4367946.00000 -124.9963
445054.00000 4367950.00000 -125.4310
445054.00000 4367954.00000 -125.4054
445054.00000 4367958.00000 -127.0498
445054.00000 4367962.00000 -126.1284
445054.00000 4367966.00000 -127.5221
445054.00000 4367970.00000 -132.5707
445054.00000 4367974.00000 -132.7390
445054.00000 4367978.00000 -133.1785
445054.00000 4367982.00000 -132.0108
445054.00000 4367986.00000 -127.9578
445054.00000 4367990.00000 -133.0623
445054.00000 4367994.00000 -129.2436
445054.00000 4367998.00000 -129.0619
445054.00000 4368002.00000 -126.2351
445054.00000 4368006.00000 -128.4921
445054.00000 4368010.00000 -134.6993
445054.00000 4368014.00000 -137.4512
445054.00000 4368018.00000 -136.5757
445054.00000 4368022.00000 -137.2834
445054.00000 4368026.00000 -138.1165
445054.00000 4368030.00000 -134.9907
445054.00000 4368034.00000 -136.4939
445054.00000 4368038.00000 -136.6826
445054.00000 4368042.00000 -138.6167
445054.00000 4368046.00000 -139.6401
445054.00000 4368050.00000 -139.2970
445054.00000 4368054.00000 -140.9312
445054.00000 4368058.00000 -140.3291
445054.00000 4368062.00000 -142.2144
445054.00000 4368066.00000 -142.8481
445054.00000 4368070.00000 -140.4120
445054.00000 4368074.00000 -138.0141
445054.00000 4368078.00000 -154.1959
445054.00000 4368082.00000 N.C.
445054.00000 4368086.00000 -136.1488
445054.00000 4368090.00000 -137.7774
445054.00000 4368094.00000 -141.1189
445054.00000 4368098.00000 N.C.
445054.00000 4368102.00000 N.C.
445054.00000 4368106.00000 N.C.
445054.00000 4368110.00000 N.C.
445054.00000 4368114.00000 N.C.
445054.00000 4368118.00000 N.C.
445054.00000 4368122.00000 N.C.
445054.00000 4368126.00000 N.C.
445054.00000 4368130.00000 N.C.
445054.00000 4368134.00000 N.C.
445054.00000 4368138.00000 -132.4332
445054.00000 4368142.00000 -139.1761
445054.00000 4368146.00000 -133.6069
445054.00000 4368150.00000 -116.1838
445054.00000 4368154.00000 -111.1889
445054.00000 4368158.00000 -118.2390
445054.00000 4368162.00000 -114.9110
445054.00000 4368166.00000 -124.3712
445054.00000 4368170.00000 -123.3201
445054.00000 4368174.00000 -124.7102
445054.00000 4368178.00000 -125.0751
445054.00000 4368182.00000 -126.8888
445054.00000 4368186.00000 -125.0159
445054.00000 4368190.00000 -125.6758
445054.00000 4368194.00000 -112.2071
445054.00000 4368198.00000 -112.6004
445054.00000 4368202.00000 -132.2937
445054.00000 4368206.00000 N.C.
445054.00000 4368210.00000 -111.4365
445054.00000 4368214.00000 -109.4470
445054.00000 4368218.00000 -119.5063
445054.00000 4368222.00000 -118.2756
445054.00000 4368226.00000 -122.5658
445054.00000 4368230.00000 -123.6275
445054.00000 4368234.00000 -128.0104
445054.00000 4368238.00000 -123.6905
445054.00000 4368242.00000 -123.4395
445054.00000 4368246.00000 -133.1792
445054.00000 4368250.00000 -141.6169
445054.00000 4368254.00000 N.C.
445054.00000 4368258.00000 N.C.
445054.00000 4368262.00000 N.C.
445054.00000 4368266.00000 -151.3228
445054.00000 4368270.00000 -121.5446
445054.00000 4368274.00000 -140.8672
445054.00000 4368278.00000 N.C.
445054.00000 4368282.00000 N.C.
445054.00000 4368286.00000 N.C.
445054.00000 4368290.00000 N.C.
445054.00000 4368294.00000 -122.2996
445054.00000 4368298.00000 N.C.
445054.00000 4368302.00000 -120.9543
445054.00000 4368306.00000 -115.7294
445054.00000 4368310.00000 -121.2847
445054.00000 4368314.00000 -127.7343
445054.00000 4368318.00000 -128.2615
445054.00000 4368322.00000 -130.0870
445054.00000 4368326.00000 -133.8147
445054.00000 4368330.00000 N.C.
445054.00000 4368334.00000 -119.0299
445054.00000 4368338.00000 N.C.
445054.00000 4368342.00000 N.C.
445054.00000 4368346.00000 N.C.
445054.00000 4368350.00000 -142.6544
445054.00000 4368354.00000 -134.6138
445054.00000 4368358.00000 N.C.
445054.00000 4368362.00000 -157.0596
445054.00000 4368366.00000 -151.7546
445054.00000 4368370.00000 N.C.
445054.00000 4368374.00000 N.C.
445054.00000 4368378.00000 -168.9437
445054.00000 4368382.00000 N.C.
445054.00000 4368386.00000 -157.4336
445054.00000 4368390.00000 -151.2643
445054.00000 4368394.00000 -148.8560
445058.00000 4367886.00000 -126.1652
445058.00000 4367890.00000 -126.3151
445058.00000 4367894.00000 -127.0682
445058.00000 4367898.00000 -128.7211
445058.00000 4367902.00000 -129.2208
445058.00000 4367906.00000 -129.0473
445058.00000 4367910.00000 -128.0364
445058.00000 4367914.00000 -127.9005
445058.00000 4367918.00000 -127.7634
445058.00000 4367922.00000 -126.7706
445058.00000 4367926.00000 -126.6998
445058.00000 4367930.00000 -126.6910
445058.00000 4367934.00000 -126.6264
445058.00000 4367938.00000 -127.2226
445058.00000 4367942.00000 -124.7553
445058.00000 4367946.00000 -124.9441
445058.00000 4367950.00000 -126.2583
445058.00000 4367954.00000 -125.1499
445058.00000 4367958.00000 -125.8927
445058.00000 4367962.00000 -126.5166
445058.00000 4367966.00000 -126.4938
445058.00000 4367970.00000 -129.7426
445058.00000 4367974.00000 -130.2402
445058.00000 4367978.00000 -132.3274
445058.00000 4367982.00000 -132.8731
445058.00000 4367986.00000 -131.5372
445058.00000 4367990.00000 -127.8120
445058.00000 4367994.00000 -132.4454
445058.00000 4367998.00000 -132.8464
445058.00000 4368002.00000 -132.9828
445058.00000 4368006.00000 -132.0831
445058.00000 4368010.00000 -131.9522
445058.00000 4368014.00000 -134.4263
445058.00000 4368018.00000 -137.3000
445058.00000 4368022.00000 -137.2094
445058.00000 4368026.00000 -136.7143
445058.00000 4368030.00000 -137.0271
445058.00000 4368034.00000 -136.3047
445058.00000 4368038.00000 -136.4936
445058.00000 4368042.00000 -137.5214
445058.00000 4368046.00000 -139.3017
445058.00000 4368050.00000 -140.7240
445058.00000 4368054.00000 -139.1969
445058.00000 4368058.00000 -141.0113
445058.00000 4368062.00000 -143.5837
445058.00000 4368066.00000 -143.7068
445058.00000 4368070.00000 -142.8461
445058.00000 4368074.00000 -141.0835
445058.00000 4368078.00000 -146.9886
445058.00000 4368082.00000 -137.4221
445058.00000 4368086.00000 -140.1373
445058.00000 4368090.00000 -136.0407
445058.00000 4368094.00000 -138.8186
445058.00000 4368098.00000 N.C.
445058.00000 4368102.00000 -134.2253
445058.00000 4368106.00000 -124.7916
445058.00000 4368110.00000 -120.8227
445058.00000 4368114.00000 N.C.
445058.00000 4368118.00000 N.C.
445058.00000 4368122.00000 N.C.
445058.00000 4368126.00000 N.C.
445058.00000 4368130.00000 N.C.
445058.00000 4368134.00000 N.C.
445058.00000 4368138.00000 N.C.
445058.00000 4368142.00000 N.C.
445058.00000 4368146.00000 N.C.
445058.00000 4368150.00000 -122.2727
445058.00000 4368154.00000 -114.1113
445058.00000 4368158.00000 -125.2706
445058.00000 4368162.00000 -124.9816
445058.00000 4368166.00000 -124.8446
445058.00000 4368170.00000 -124.3278
445058.00000 4368174.00000 -124.6245
445058.00000 4368178.00000 -124.4526
445058.00000 4368182.00000 -127.7808
445058.00000 4368186.00000 -127.2393
445058.00000 4368190.00000 -129.2839
445058.00000 4368194.00000 -130.8806
445058.00000 4368198.00000 -112.0493
445058.00000 4368202.00000 -109.5844
445058.00000 4368206.00000 N.C.
445058.00000 4368210.00000 -110.0206
445058.00000 4368214.00000 -110.6677
445058.00000 4368218.00000 -110.8797
445058.00000 4368222.00000 -118.9146
445058.00000 4368226.00000 -118.3893
445058.00000 4368230.00000 -128.6302
445058.00000 4368234.00000 -129.1895
445058.00000 4368238.00000 -120.8768
445058.00000 4368242.00000 -123.3042
445058.00000 4368246.00000 N.C.
445058.00000 4368250.00000 -150.2162
445058.00000 4368254.00000 N.C.
445058.00000 4368258.00000 -132.6394
445058.00000 4368262.00000 N.C.
445058.00000 4368266.00000 -127.9889
445058.00000 4368270.00000 N.C.
445058.00000 4368274.00000 N.C.
445058.00000 4368278.00000 -141.4095
445058.00000 4368282.00000 -140.6599
445058.00000 4368286.00000 -146.8203
445058.00000 4368290.00000 -150.4659
445058.00000 4368294.00000 -140.4425
445058.00000 4368298.00000 N.C.
445058.00000 4368302.00000 -124.5244
445058.00000 4368306.00000 -114.6361
445058.00000 4368310.00000 -123.6157
445058.00000 4368314.00000 -127.9156
445058.00000 4368318.00000 -129.3336
445058.00000 4368322.00000 -118.8910
445058.00000 4368326.00000 N.C.
445058.00000 4368330.00000 N.C.
445058.00000 4368334.00000 N.C.
445058.00000 4368338.00000 N.C.
445058.00000 4368342.00000 N.C.
445058.00000 4368346.00000 N.C.
445058.00000 4368350.00000 N.C.
445058.00000 4368354.00000 N.C.
445058.00000 4368358.00000 N.C.
445058.00000 4368362.00000 N.C.
445058.00000 4368366.00000 -149.0111
445058.00000 4368370.00000 -158.0978
445058.00000 4368374.00000 N.C.
445058.00000 4368378.00000 N.C.
445058.00000 4368382.00000 N.C.
445058.00000 4368386.00000 -155.5241
445058.00000 4368390.00000 -150.3100
445058.00000 4368394.00000 -149.2204
445062.00000 4367886.00000 -126.4231
445062.00000 4367890.00000 -126.4159
445062.00000 4367894.00000 -125.9584
445062.00000 4367898.00000 -126.0708
445062.00000 4367902.00000 -127.6323
445062.00000 4367906.00000 -128.2886
445062.00000 4367910.00000 -128.4368
445062.00000 4367914.00000 -128.6328
445062.00000 4367918.00000 -128.4677
445062.00000 4367922.00000 -127.8593
445062.00000 4367926.00000 -126.8762
445062.00000 4367930.00000 -126.4297
445062.00000 4367934.00000 -126.7794
445062.00000 4367938.00000 -126.9757
445062.00000 4367942.00000 -124.5687
445062.00000 4367946.00000 -124.6112
445062.00000 4367950.00000 -124.7042
445062.00000 4367954.00000 -125.9754
445062.00000 4367958.00000 -124.9124
445062.00000 4367962.00000 -126.4528
445062.00000 4367966.00000 -126.5145
445062.00000 4367970.00000 -126.4126
445062.00000 4367974.00000 -128.7632
445062.00000 4367978.00000 -129.9506
445062.00000 4367982.00000 -132.2302
445062.00000 4367986.00000 -133.0017
445062.00000 4367990.00000 -128.7422
445062.00000 4367994.00000 -128.5813
445062.00000 4367998.00000 -133.8006
445062.00000 4368002.00000 -132.9086
445062.00000 4368006.00000 -133.1207
445062.00000 4368010.00000 -131.7825
445062.00000 4368014.00000 -131.4908
445062.00000 4368018.00000 -133.8135
445062.00000 4368022.00000 -138.7877
445062.00000 4368026.00000 -137.5448
445062.00000 4368030.00000 -137.5469
445062.00000 4368034.00000 -136.7802
445062.00000 4368038.00000 -137.2223
445062.00000 4368042.00000 -137.2643
445062.00000 4368046.00000 -139.0230
445062.00000 4368050.00000 -139.9394
445062.00000 4368054.00000 -141.3687
445062.00000 4368058.00000 -140.2308
445062.00000 4368062.00000 -143.1711
445062.00000 4368066.00000 -143.3766
445062.00000 4368070.00000 -143.9619
445062.00000 4368074.00000 -143.3867
445062.00000 4368078.00000 -145.5621
445062.00000 4368082.00000 -133.9665
445062.00000 4368086.00000 -139.4405
445062.00000 4368090.00000 -130.8183
445062.00000 4368094.00000 N.C.
445062.00000 4368098.00000 N.C.
445062.00000 4368102.00000 N.C.
445062.00000 4368106.00000 N.C.
445062.00000 4368110.00000 -124.0620
445062.00000 4368114.00000 N.C.
445062.00000 4368118.00000 N.C.
445062.00000 4368122.00000 -135.5461
445062.00000 4368126.00000 -130.7347
445062.00000 4368130.00000 -129.4824
445062.00000 4368134.00000 N.C.
445062.00000 4368138.00000 N.C.
445062.00000 4368142.00000 N.C.
445062.00000 4368146.00000 N.C.
445062.00000 4368150.00000 -126.7431
445062.00000 4368154.00000 -114.1792
445062.00000 4368158.00000 -126.2784
445062.00000 4368162.00000 -124.7565
445062.00000 4368166.00000 -123.4801
445062.00000 4368170.00000 -123.0669
445062.00000 4368174.00000 -125.3654
445062.00000 4368178.00000 -119.0831
445062.00000 4368182.00000 -127.5239
445062.00000 4368186.00000 -131.0026
445062.00000 4368190.00000 -127.4856
445062.00000 4368194.00000 -118.9201
445062.00000 4368198.00000 -118.5650
445062.00000 4368202.00000 -125.3024
445062.00000 4368206.00000 -116.0552
445062.00000 4368210.00000 -114.0831
445062.00000 4368214.00000 -113.3403
445062.00000 4368218.00000 -110.0078
445062.00000 4368222.00000 -110.4167
445062.00000 4368226.00000 -126.5536
445062.00000 4368230.00000 -140.3286
445062.00000 4368234.00000 -132.5480
445062.00000 4368238.00000 -122.3295
445062.00000 4368242.00000 N.C.
445062.00000 4368246.00000 N.C.
445062.00000 4368250.00000 N.C.
445062.00000 4368254.00000 N.C.
445062.00000 4368258.00000 -129.2520
445062.00000 4368262.00000 -120.6225
445062.00000 4368266.00000 -120.2514
445062.00000 4368270.00000 N.C.
445062.00000 4368274.00000 N.C.
445062.00000 4368278.00000 -123.5522
445062.00000 4368282.00000 N.C.
445062.00000 4368286.00000 N.C.
445062.00000 4368290.00000 N.C.
445062.00000 4368294.00000 N.C.
445062.00000 4368298.00000 -139.5987
445062.00000 4368302.00000 -135.5149
445062.00000 4368306.00000 -115.8375
445062.00000 4368310.00000 -121.1607
445062.00000 4368314.00000 -130.0013
445062.00000 4368318.00000 N.C.
445062.00000 4368322.00000 N.C.
445062.00000 4368326.00000 N.C.
445062.00000 4368330.00000 N.C.
445062.00000 4368334.00000 N.C.
445062.00000 4368338.00000 N.C.
445062.00000 4368342.00000 -140.7937
445062.00000 4368346.00000 -131.6807
445062.00000 4368350.00000 -134.1081
445062.00000 4368354.00000 N.C.
445062.00000 4368358.00000 N.C.
445062.00000 4368362.00000 N.C.
445062.00000 4368366.00000 -155.3173
445062.00000 4368370.00000 -156.7380
445062.00000 4368374.00000 N.C.
445062.00000 4368378.00000 N.C.
445062.00000 4368382.00000 N.C.
445062.00000 4368386.00000 -153.0942
445062.00000 4368390.00000 -151.4056
445062.00000 4368394.00000 -145.2570
445066.00000 4367886.00000 -124.7774
445066.00000 4367890.00000 -124.0657
445066.00000 4367894.00000 -126.0648
445066.00000 4367898.00000 -126.2932
445066.00000 4367902.00000 -126.2197
445066.00000 4367906.00000 -125.8430
445066.00000 4367910.00000 -127.1793
445066.00000 4367914.00000 -127.9485
445066.00000 4367918.00000 -128.0616
445066.00000 4367922.00000 -127.9038
445066.00000 4367926.00000 -127.7935
445066.00000 4367930.00000 -128.1150
445066.00000 4367934.00000 -126.9449
445066.00000 4367938.00000 -127.0574
445066.00000 4367942.00000 -126.7999
445066.00000 4367946.00000 -124.3536
445066.00000 4367950.00000 -124.2391
445066.00000 4367954.00000 -124.3881
445066.00000 4367958.00000 -124.8582
445066.00000 4367962.00000 -124.7312
445066.00000 4367966.00000 -126.3667
445066.00000 4367970.00000 -126.1243
445066.00000 4367974.00000 -126.0375
445066.00000 4367978.00000 -124.6700
445066.00000 4367982.00000 -131.6721
445066.00000 4367986.00000 -133.3815
445066.00000 4367990.00000 -129.0493
445066.00000 4367994.00000 -129.0035
445066.00000 4367998.00000 -132.8178
445066.00000 4368002.00000 -134.2424
445066.00000 4368006.00000 -135.0123
445066.00000 4368010.00000 -135.3182
445066.00000 4368014.00000 -133.0334
445066.00000 4368018.00000 -132.4380
445066.00000 4368022.00000 -136.0629
445066.00000 4368026.00000 -137.4829
445066.00000 4368030.00000 -137.0244
445066.00000 4368034.00000 -136.9881
445066.00000 4368038.00000 -135.9225
445066.00000 4368042.00000 -137.4713
445066.00000 4368046.00000 -137.5385
445066.00000 4368050.00000 -139.5934
445066.00000 4368054.00000 -140.4531
445066.00000 4368058.00000 -139.7051
445066.00000 4368062.00000 -139.4645
445066.00000 4368066.00000 -141.2125
445066.00000 4368070.00000 -139.7402
445066.00000 4368074.00000 -140.0353
445066.00000 4368078.00000 -140.7743
445066.00000 4368082.00000 -134.5282
445066.00000 4368086.00000 -139.6323
445066.00000 4368090.00000 -138.6121
445066.00000 4368094.00000 N.C.
445066.00000 4368098.00000 -136.7842
445066.00000 4368102.00000 -141.6235
445066.00000 4368106.00000 -129.9093
445066.00000 4368110.00000 -125.5264
445066.00000 4368114.00000 N.C.
445066.00000 4368118.00000 -129.7697
445066.00000 4368122.00000 N.C.
445066.00000 4368126.00000 N.C.
445066.00000 4368130.00000 N.C.
445066.00000 4368134.00000 N.C.
445066.00000 4368138.00000 N.C.
445066.00000 4368142.00000 N.C.
445066.00000 4368146.00000 -125.1905
445066.00000 4368150.00000 -127.0972
445066.00000 4368154.00000 -113.9034
445066.00000 4368158.00000 -125.5258
445066.00000 4368162.00000 -123.4151
445066.00000 4368166.00000 -123.6832
445066.00000 4368170.00000 -125.8214
445066.00000 4368174.00000 -126.3097
445066.00000 4368178.00000 -124.1835
445066.00000 4368182.00000 -128.0974
445066.00000 4368186.00000 N.C.
445066.00000 4368190.00000 N.C.
445066.00000 4368194.00000 N.C.
445066.00000 4368198.00000 N.C.
445066.00000 4368202.00000 N.C.
445066.00000 4368206.00000 N.C.
445066.00000 4368210.00000 -120.3397
445066.00000 4368214.00000 -124.6187
445066.00000 4368218.00000 -121.5078
445066.00000 4368222.00000 -117.9835
445066.00000 4368226.00000 -117.8610
445066.00000 4368230.00000 N.C.
445066.00000 4368234.00000 N.C.
445066.00000 4368238.00000 -138.7174
445066.00000 4368242.00000 N.C.
445066.00000 4368246.00000 N.C.
445066.00000 4368250.00000 N.C.
445066.00000 4368254.00000 -131.9993
445066.00000 4368258.00000 -131.6547
445066.00000 4368262.00000 -127.4064
445066.00000 4368266.00000 -126.0264
445066.00000 4368270.00000 N.C.
445066.00000 4368274.00000 -136.5314
445066.00000 4368278.00000 -122.7182
445066.00000 4368282.00000 -120.9437
445066.00000 4368286.00000 -133.7879
445066.00000 4368290.00000 N.C.
445066.00000 4368294.00000 N.C.
445066.00000 4368298.00000 N.C.
445066.00000 4368302.00000 N.C.
445066.00000 4368306.00000 -115.2752
445066.00000 4368310.00000 -118.1273
445066.00000 4368314.00000 N.C.
445066.00000 4368318.00000 N.C.
445066.00000 4368322.00000 N.C.
445066.00000 4368326.00000 -141.2461
445066.00000 4368330.00000 N.C.
445066.00000 4368334.00000 N.C.
445066.00000 4368338.00000 N.C.
445066.00000 4368342.00000 N.C.
445066.00000 4368346.00000 N.C.
445066.00000 4368350.00000 -138.3814
445066.00000 4368354.00000 N.C.
445066.00000 4368358.00000 N.C.
445066.00000 4368362.00000 N.C.
445066.00000 4368366.00000 -156.4449
445066.00000 4368370.00000 N.C.
445066.00000 4368374.00000 N.C.
445066.00000 4368378.00000 N.C.
445066.00000 4368382.00000 -160.3576
445066.00000 4368386.00000 -157.3047
445066.00000 4368390.00000 -151.7200
445066.00000 4368394.00000 -150.4986
445070.00000 4367886.00000 -124.3764
445070.00000 4367890.00000 -124.3742
445070.00000 4367894.00000 -123.3213
445070.00000 4367898.00000 -125.3482
445070.00000 4367902.00000 -125.5470
445070.00000 4367906.00000 -125.9147
445070.00000 4367910.00000 -126.1289
445070.00000 4367914.00000 -127.4618
445070.00000 4367918.00000 -127.4278
445070.00000 4367922.00000 -126.7848
445070.00000 4367926.00000 -126.0457
445070.00000 4367930.00000 -126.6872
445070.00000 4367934.00000 -126.6343
445070.00000 4367938.00000 -126.7435
445070.00000 4367942.00000 -126.7436
445070.00000 4367946.00000 -126.5114
445070.00000 4367950.00000 -124.1735
445070.00000 4367954.00000 -123.9853
445070.00000 4367958.00000 -124.2883
445070.00000 4367962.00000 -124.6338
445070.00000 4367966.00000 -124.5318
445070.00000 4367970.00000 -125.8053
445070.00000 4367974.00000 -125.6254
445070.00000 4367978.00000 -125.8045
445070.00000 4367982.00000 -125.6116
445070.00000 4367986.00000 -128.3617
445070.00000 4367990.00000 -128.3997
445070.00000 4367994.00000 -128.7598
445070.00000 4367998.00000 -128.7163
445070.00000 4368002.00000 -128.1121
445070.00000 4368006.00000 -133.1532
445070.00000 4368010.00000 -134.6084
445070.00000 4368014.00000 -134.7470
445070.00000 4368018.00000 -134.7782
445070.00000 4368022.00000 -134.1558
445070.00000 4368026.00000 -135.7475
445070.00000 4368030.00000 -136.5156
445070.00000 4368034.00000 -136.8467
445070.00000 4368038.00000 -137.9169
445070.00000 4368042.00000 -135.6877
445070.00000 4368046.00000 -136.5251
445070.00000 4368050.00000 -139.2297
445070.00000 4368054.00000 -140.4688
445070.00000 4368058.00000 -141.8135
445070.00000 4368062.00000 -144.0707
445070.00000 4368066.00000 -147.0423
445070.00000 4368070.00000 -143.2054
445070.00000 4368074.00000 -144.4045
445070.00000 4368078.00000 -130.9716
445070.00000 4368082.00000 -153.5280
445070.00000 4368086.00000 -138.2245
445070.00000 4368090.00000 N.C.
445070.00000 4368094.00000 N.C.
445070.00000 4368098.00000 N.C.
445070.00000 4368102.00000 N.C.
445070.00000 4368106.00000 -125.4222
445070.00000 4368110.00000 N.C.
445070.00000 4368114.00000 N.C.
445070.00000 4368118.00000 -133.9010
445070.00000 4368122.00000 -117.1550
445070.00000 4368126.00000 -117.3963
445070.00000 4368130.00000 -113.7244
445070.00000 4368134.00000 N.C.
445070.00000 4368138.00000 -136.0747
445070.00000 4368142.00000 N.C.
445070.00000 4368146.00000 -125.4660
445070.00000 4368150.00000 -127.1605
445070.00000 4368154.00000 -119.1727
445070.00000 4368158.00000 -125.6361
445070.00000 4368162.00000 -125.0351
445070.00000 4368166.00000 -117.7344
445070.00000 4368170.00000 -117.1615
445070.00000 4368174.00000 -115.9506
445070.00000 4368178.00000 -122.1299
445070.00000 4368182.00000 N.C.
445070.00000 4368186.00000 N.C.
445070.00000 4368190.00000 -135.9070
445070.00000 4368194.00000 -139.5125
445070.00000 4368198.00000 -119.3025
445070.00000 4368202.00000 N.C.
445070.00000 4368206.00000 N.C.
445070.00000 4368210.00000 -121.9387
445070.00000 4368214.00000 -126.5705
445070.00000 4368218.00000 N.C.
445070.00000 4368222.00000 -142.1991
445070.00000 4368226.00000 -132.7773
445070.00000 4368230.00000 -125.7560
445070.00000 4368234.00000 -117.8675
445070.00000 4368238.00000 -119.1560
445070.00000 4368242.00000 N.C.
445070.00000 4368246.00000 N.C.
445070.00000 4368250.00000 N.C.
445070.00000 4368254.00000 N.C.
445070.00000 4368258.00000 N.C.
445070.00000 4368262.00000 N.C.
445070.00000 4368266.00000 N.C.
445070.00000 4368270.00000 N.C.
445070.00000 4368274.00000 -139.9577
445070.00000 4368278.00000 -132.4481
445070.00000 4368282.00000 -125.1813
445070.00000 4368286.00000 -123.4487
445070.00000 4368290.00000 -119.8260
445070.00000 4368294.00000 N.C.
445070.00000 4368298.00000 N.C.
445070.00000 4368302.00000 N.C.
445070.00000 4368306.00000 -113.3279
445070.00000 4368310.00000 -122.3880
445070.00000 4368314.00000 N.C.
445070.00000 4368318.00000 N.C.
445070.00000 4368322.00000 N.C.
445070.00000 4368326.00000 N.C.
445070.00000 4368330.00000 N.C.
445070.00000 4368334.00000 N.C.
445070.00000 4368338.00000 N.C.
445070.00000 4368342.00000 N.C.
445070.00000 4368346.00000 N.C.
445070.00000 4368350.00000 -154.7901
445070.00000 4368354.00000 N.C.
445070.00000 4368358.00000 N.C.
445070.00000 4368362.00000 N.C.
445070.00000 4368366.00000 N.C.
445070.00000 4368370.00000 N.C.
445070.00000 4368374.00000 N.C.
445070.00000 4368378.00000 N.C.
445070.00000 4368382.00000 -160.5459
445070.00000 4368386.00000 -158.1420
445070.00000 4368390.00000 -154.7606
445070.00000 4368394.00000 -150.5076
445074.00000 4367886.00000 -123.4951
445074.00000 4367890.00000 -123.3817
445074.00000 4367894.00000 -123.3924
445074.00000 4367898.00000 -123.8383
445074.00000 4367902.00000 -125.9820
445074.00000 4367906.00000 -125.4534
445074.00000 4367910.00000 -125.2716
445074.00000 4367914.00000 -125.5066
445074.00000 4367918.00000 -125.7974
445074.00000 4367922.00000 -127.6048
445074.00000 4367926.00000 -127.0814
445074.00000 4367930.00000 -125.7234
445074.00000 4367934.00000 -126.2112
445074.00000 4367938.00000 -126.2126
445074.00000 4367942.00000 -126.4519
445074.00000 4367946.00000 -125.9683
445074.00000 4367950.00000 -125.7547
445074.00000 4367954.00000 -123.6600
445074.00000 4367958.00000 -123.2334
445074.00000 4367962.00000 -122.6097
445074.00000 4367966.00000 -123.6961
445074.00000 4367970.00000 -123.7544
445074.00000 4367974.00000 -124.8049
445074.00000 4367978.00000 -124.7344
445074.00000 4367982.00000 -125.2909
445074.00000 4367986.00000 -130.6622
445074.00000 4367990.00000 -127.2929
445074.00000 4367994.00000 -125.5666
445074.00000 4367998.00000 -128.1272
445074.00000 4368002.00000 -128.8517
445074.00000 4368006.00000 -132.9479
445074.00000 4368010.00000 -133.6372
445074.00000 4368014.00000 -136.0627
445074.00000 4368018.00000 -136.4438
445074.00000 4368022.00000 -136.4604
445074.00000 4368026.00000 -135.0140
445074.00000 4368030.00000 -137.2056
445074.00000 4368034.00000 -138.2652
445074.00000 4368038.00000 -138.0376
445074.00000 4368042.00000 -139.0455
445074.00000 4368046.00000 -137.5553
445074.00000 4368050.00000 -138.9589
445074.00000 4368054.00000 -139.9767
445074.00000 4368058.00000 -141.5498
445074.00000 4368062.00000 -142.4716
445074.00000 4368066.00000 -141.9705
445074.00000 4368070.00000 -142.7610
445074.00000 4368074.00000 -138.9044
445074.00000 4368078.00000 -142.3583
445074.00000 4368082.00000 N.C.
445074.00000 4368086.00000 N.C.
445074.00000 4368090.00000 N.C.
445074.00000 4368094.00000 N.C.
445074.00000 4368098.00000 N.C.
445074.00000 4368102.00000 N.C.
445074.00000 4368106.00000 -131.9508
445074.00000 4368110.00000 N.C.
445074.00000 4368114.00000 N.C.
445074.00000 4368118.00000 N.C.
445074.00000 4368122.00000 -118.3514
445074.00000 4368126.00000 -117.6184
445074.00000 4368130.00000 -116.7758
445074.00000 4368134.00000 -131.7065
445074.00000 4368138.00000 -128.3343
445074.00000 4368142.00000 N.C.
445074.00000 4368146.00000 -126.4499
445074.00000 4368150.00000 -126.5557
445074.00000 4368154.00000 -116.4749
445074.00000 4368158.00000 -117.5034
445074.00000 4368162.00000 -117.8449
445074.00000 4368166.00000 -117.1854
445074.00000 4368170.00000 -125.2971
445074.00000 4368174.00000 -126.0357
445074.00000 4368178.00000 -124.9597
445074.00000 4368182.00000 N.C.
445074.00000 4368186.00000 N.C.
445074.00000 4368190.00000 -139.6359
445074.00000 4368194.00000 -120.0774
445074.00000 4368198.00000 -139.0149
445074.00000 4368202.00000 N.C.
445074.00000 4368206.00000 -116.6469
445074.00000 4368210.00000 -121.5932
445074.00000 4368214.00000 N.C.
445074.00000 4368218.00000 N.C.
445074.00000 4368222.00000 N.C.
445074.00000 4368226.00000 N.C.
445074.00000 4368230.00000 N.C.
445074.00000 4368234.00000 N.C.
445074.00000 4368238.00000 -142.7711
445074.00000 4368242.00000 -119.0791
445074.00000 4368246.00000 -119.0983
445074.00000 4368250.00000 -119.0340
445074.00000 4368254.00000 -119.3475
445074.00000 4368258.00000 N.C.
445074.00000 4368262.00000 N.C.
445074.00000 4368266.00000 N.C.
445074.00000 4368270.00000 N.C.
445074.00000 4368274.00000 -140.5576
445074.00000 4368278.00000 -132.9200
445074.00000 4368282.00000 -141.7382
445074.00000 4368286.00000 -125.4465
445074.00000 4368290.00000 -128.7426
445074.00000 4368294.00000 -134.7528
445074.00000 4368298.00000 N.C.
445074.00000 4368302.00000 -117.8394
445074.00000 4368306.00000 -114.0621
445074.00000 4368310.00000 N.C.
445074.00000 4368314.00000 N.C.
445074.00000 4368318.00000 N.C.
445074.00000 4368322.00000 N.C.
445074.00000 4368326.00000 N.C.
445074.00000 4368330.00000 N.C.
445074.00000 4368334.00000 N.C.
445074.00000 4368338.00000 N.C.
445074.00000 4368342.00000 N.C.
445074.00000 4368346.00000 N.C.
445074.00000 4368350.00000 -132.9563
445074.00000 4368354.00000 N.C.
445074.00000 4368358.00000 N.C.
445074.00000 4368362.00000 -165.6349
445074.00000 4368366.00000 N.C.
445074.00000 4368370.00000 -159.5797
445074.00000 4368374.00000 N.C.
445074.00000 4368378.00000 N.C.
445074.00000 4368382.00000 N.C.
445074.00000 4368386.00000 -154.9188
445074.00000 4368390.00000 -153.1314
445074.00000 4368394.00000 -145.5163
445078.00000 4367886.00000 -123.1384
445078.00000 4367890.00000 -123.9262
445078.00000 4367894.00000 -123.3414
445078.00000 4367898.00000 -123.1085
445078.00000 4367902.00000 -123.1634
445078.00000 4367906.00000 -123.1949
445078.00000 4367910.00000 -124.5292
445078.00000 4367914.00000 -125.2576
445078.00000 4367918.00000 -125.1408
445078.00000 4367922.00000 -125.5081
445078.00000 4367926.00000 -126.9587
445078.00000 4367930.00000 -126.7886
445078.00000 4367934.00000 -126.9442
445078.00000 4367938.00000 -127.2008
445078.00000 4367942.00000 -127.1985
445078.00000 4367946.00000 -127.0135
445078.00000 4367950.00000 -126.6894
445078.00000 4367954.00000 -126.5428
445078.00000 4367958.00000 -123.9986
445078.00000 4367962.00000 -123.8152
445078.00000 4367966.00000 -122.8660
445078.00000 4367970.00000 -123.7352
445078.00000 4367974.00000 -125.6253
445078.00000 4367978.00000 -125.3505
445078.00000 4367982.00000 -125.3655
445078.00000 4367986.00000 -131.8172
445078.00000 4367990.00000 -132.6559
445078.00000 4367994.00000 -127.7223
445078.00000 4367998.00000 -128.1773
445078.00000 4368002.00000 -127.8587
445078.00000 4368006.00000 -133.0521
445078.00000 4368010.00000 -134.5206
445078.00000 4368014.00000 -134.1859
445078.00000 4368018.00000 -137.4530
445078.00000 4368022.00000 -136.7052
445078.00000 4368026.00000 -136.3963
445078.00000 4368030.00000 -136.1208
445078.00000 4368034.00000 -137.9187
445078.00000 4368038.00000 -138.3981
445078.00000 4368042.00000 -138.1212
445078.00000 4368046.00000 -138.4798
445078.00000 4368050.00000 -138.4124
445078.00000 4368054.00000 -138.7311
445078.00000 4368058.00000 -141.5690
445078.00000 4368062.00000 -142.8229
445078.00000 4368066.00000 -140.9063
445078.00000 4368070.00000 -140.4637
445078.00000 4368074.00000 -141.1379
445078.00000 4368078.00000 -141.4771
445078.00000 4368082.00000 -142.8093
445078.00000 4368086.00000 -143.4022
445078.00000 4368090.00000 -142.3433
445078.00000 4368094.00000 -144.5508
445078.00000 4368098.00000 -138.6521
445078.00000 4368102.00000 N.C.
445078.00000 4368106.00000 -131.6486
445078.00000 4368110.00000 N.C.
445078.00000 4368114.00000 N.C.
445078.00000 4368118.00000 -117.7457
445078.00000 4368122.00000 -118.6320
445078.00000 4368126.00000 -117.4013
445078.00000 4368130.00000 -116.6384
445078.00000 4368134.00000 N.C.
445078.00000 4368138.00000 -128.4923
445078.00000 4368142.00000 -118.9763
445078.00000 4368146.00000 -118.1237
445078.00000 4368150.00000 -117.7336
445078.00000 4368154.00000 -115.2330
445078.00000 4368158.00000 -123.6649
445078.00000 4368162.00000 -122.8074
445078.00000 4368166.00000 -125.4466
445078.00000 4368170.00000 -123.9862
445078.00000 4368174.00000 -124.0702
445078.00000 4368178.00000 -125.7301
445078.00000 4368182.00000 N.C.
445078.00000 4368186.00000 N.C.
445078.00000 4368190.00000 N.C.
445078.00000 4368194.00000 N.C.
445078.00000 4368198.00000 N.C.
445078.00000 4368202.00000 N.C.
445078.00000 4368206.00000 -115.4521
445078.00000 4368210.00000 -114.9623
445078.00000 4368214.00000 -113.5770
445078.00000 4368218.00000 -110.5656
445078.00000 4368222.00000 -107.8919
445078.00000 4368226.00000 -111.1933
445078.00000 4368230.00000 -118.0001
445078.00000 4368234.00000 N.C.
445078.00000 4368238.00000 N.C.
445078.00000 4368242.00000 N.C.
445078.00000 4368246.00000 N.C.
445078.00000 4368250.00000 N.C.
445078.00000 4368254.00000 N.C.
445078.00000 4368258.00000 -118.8616
445078.00000 4368262.00000 -134.6217
445078.00000 4368266.00000 -123.7799
445078.00000 4368270.00000 -132.7983
445078.00000 4368274.00000 -138.5235
445078.00000 4368278.00000 N.C.
445078.00000 4368282.00000 N.C.
445078.00000 4368286.00000 N.C.
445078.00000 4368290.00000 -124.3504
445078.00000 4368294.00000 -126.5938
445078.00000 4368298.00000 N.C.
445078.00000 4368302.00000 -117.9324
445078.00000 4368306.00000 -113.2349
445078.00000 4368310.00000 N.C.
445078.00000 4368314.00000 -139.9107
445078.00000 4368318.00000 N.C.
445078.00000 4368322.00000 N.C.
445078.00000 4368326.00000 N.C.
445078.00000 4368330.00000 -133.7051
445078.00000 4368334.00000 N.C.
445078.00000 4368338.00000 -160.4152
445078.00000 4368342.00000 -137.7984
445078.00000 4368346.00000 -133.5261
445078.00000 4368350.00000 N.C.
445078.00000 4368354.00000 N.C.
445078.00000 4368358.00000 N.C.
445078.00000 4368362.00000 N.C.
445078.00000 4368366.00000 N.C.
445078.00000 4368370.00000 N.C.
445078.00000 4368374.00000 -157.4344
445078.00000 4368378.00000 -154.4630
445078.00000 4368382.00000 N.C.
445078.00000 4368386.00000 -154.1857
445078.00000 4368390.00000 -136.3524
445078.00000 4368394.00000 -144.3522
445082.00000 4367886.00000 -123.0556
445082.00000 4367890.00000 -122.6812
445082.00000 4367894.00000 -122.7378
445082.00000 4367898.00000 -123.5350
445082.00000 4367902.00000 -123.3070
445082.00000 4367906.00000 -123.1108
445082.00000 4367910.00000 -123.2314
445082.00000 4367914.00000 -124.6353
445082.00000 4367918.00000 -123.5965
445082.00000 4367922.00000 -124.0033
445082.00000 4367926.00000 -124.9221
445082.00000 4367930.00000 -126.5219
445082.00000 4367934.00000 -127.0905
445082.00000 4367938.00000 -126.9276
445082.00000 4367942.00000 -126.8089
445082.00000 4367946.00000 -127.0272
445082.00000 4367950.00000 -126.7285
445082.00000 4367954.00000 -126.7700
445082.00000 4367958.00000 -126.2533
445082.00000 4367962.00000 -123.8460
445082.00000 4367966.00000 -123.6144
445082.00000 4367970.00000 -124.5434
445082.00000 4367974.00000 -123.5625
445082.00000 4367978.00000 -123.9145
445082.00000 4367982.00000 -124.8551
445082.00000 4367986.00000 -131.4736
445082.00000 4367990.00000 -132.0499
445082.00000 4367994.00000 -127.9507
445082.00000 4367998.00000 -127.9427
445082.00000 4368002.00000 -127.3697
445082.00000 4368006.00000 -133.2015
445082.00000 4368010.00000 -134.3421
445082.00000 4368014.00000 -134.2122
445082.00000 4368018.00000 -132.6441
445082.00000 4368022.00000 -132.7670
445082.00000 4368026.00000 -137.3933
445082.00000 4368030.00000 -137.7300
445082.00000 4368034.00000 -136.5329
445082.00000 4368038.00000 -138.4400
445082.00000 4368042.00000 -138.9901
445082.00000 4368046.00000 -138.9342
445082.00000 4368050.00000 -138.7006
445082.00000 4368054.00000 -138.7448
445082.00000 4368058.00000 -139.7825
445082.00000 4368062.00000 -135.6455
445082.00000 4368066.00000 -145.9045
445082.00000 4368070.00000 -143.4222
445082.00000 4368074.00000 -132.6824
445082.00000 4368078.00000 -151.3144
445082.00000 4368082.00000 -148.8858
445082.00000 4368086.00000 -134.7833
445082.00000 4368090.00000 N.C.
445082.00000 4368094.00000 -139.2117
445082.00000 4368098.00000 -138.4670
445082.00000 4368102.00000 -140.1500
445082.00000 4368106.00000 -125.3299
445082.00000 4368110.00000 -118.9138
445082.00000 4368114.00000 -118.4042
445082.00000 4368118.00000 -132.2837
445082.00000 4368122.00000 -118.8587
445082.00000 4368126.00000 -117.8563
445082.00000 4368130.00000 -117.0383
445082.00000 4368134.00000 N.C.
445082.00000 4368138.00000 N.C.
445082.00000 4368142.00000 -118.1757
445082.00000 4368146.00000 -122.8552
445082.00000 4368150.00000 -127.1076
445082.00000 4368154.00000 -121.5426
445082.00000 4368158.00000 -124.3194
445082.00000 4368162.00000 -124.9836
445082.00000 4368166.00000 -125.3747
445082.00000 4368170.00000 -122.9388
445082.00000 4368174.00000 -123.8902
445082.00000 4368178.00000 -130.0399
445082.00000 4368182.00000 N.C.
445082.00000 4368186.00000 N.C.
445082.00000 4368190.00000 N.C.
445082.00000 4368194.00000 -140.9102
445082.00000 4368198.00000 N.C.
445082.00000 4368202.00000 N.C.
445082.00000 4368206.00000 -123.5946
445082.00000 4368210.00000 -123.0023
445082.00000 4368214.00000 -124.5022
445082.00000 4368218.00000 -115.8374
445082.00000 4368222.00000 -109.9352
445082.00000 4368226.00000 -109.0854
445082.00000 4368230.00000 -118.3515
445082.00000 4368234.00000 N.C.
445082.00000 4368238.00000 N.C.
445082.00000 4368242.00000 N.C.
445082.00000 4368246.00000 N.C.
445082.00000 4368250.00000 N.C.
445082.00000 4368254.00000 -120.3379
445082.00000 4368258.00000 -115.7710
445082.00000 4368262.00000 -136.4851
445082.00000 4368266.00000 N.C.
445082.00000 4368270.00000 -141.7674
445082.00000 4368274.00000 -138.1360
445082.00000 4368278.00000 -141.7941
445082.00000 4368282.00000 -127.6990
445082.00000 4368286.00000 N.C.
445082.00000 4368290.00000 N.C.
445082.00000 4368294.00000 -143.3508
445082.00000 4368298.00000 N.C.
445082.00000 4368302.00000 -117.4979
445082.00000 4368306.00000 -112.3404
445082.00000 4368310.00000 N.C.
445082.00000 4368314.00000 N.C.
445082.00000 4368318.00000 N.C.
445082.00000 4368322.00000 -118.1366
445082.00000 4368326.00000 -106.8917
445082.00000 4368330.00000 -127.9017
445082.00000 4368334.00000 N.C.
445082.00000 4368338.00000 N.C.
445082.00000 4368342.00000 N.C.
445082.00000 4368346.00000 -138.0790
445082.00000 4368350.00000 N.C.
445082.00000 4368354.00000 N.C.
445082.00000 4368358.00000 N.C.
445082.00000 4368362.00000 N.C.
445082.00000 4368366.00000 N.C.
445082.00000 4368370.00000 N.C.
445082.00000 4368374.00000 -165.6011
445082.00000 4368378.00000 -147.9316
445082.00000 4368382.00000 -132.9185
445082.00000 4368386.00000 -139.5563
445082.00000 4368390.00000 -148.8601
445082.00000 4368394.00000 -146.2347
445086.00000 4367886.00000 -123.1126
445086.00000 4367890.00000 -123.0581
445086.00000 4367894.00000 -122.9442
445086.00000 4367898.00000 -122.5780
445086.00000 4367902.00000 -123.1274
445086.00000 4367906.00000 -123.3471
445086.00000 4367910.00000 -122.9147
445086.00000 4367914.00000 -123.1850
445086.00000 4367918.00000 -122.6368
445086.00000 4367922.00000 -122.7344
445086.00000 4367926.00000 -123.4124
445086.00000 4367930.00000 -123.7007
445086.00000 4367934.00000 -124.2328
445086.00000 4367938.00000 -126.0737
445086.00000 4367942.00000 -126.7327
445086.00000 4367946.00000 -126.7282
445086.00000 4367950.00000 -126.6104
445086.00000 4367954.00000 -126.5220
445086.00000 4367958.00000 -126.6460
445086.00000 4367962.00000 -123.8484
445086.00000 4367966.00000 -123.5373
445086.00000 4367970.00000 -123.4121
445086.00000 4367974.00000 -124.5446
445086.00000 4367978.00000 -123.3605
445086.00000 4367982.00000 -125.3140
445086.00000 4367986.00000 -131.0027
445086.00000 4367990.00000 -127.6458
445086.00000 4367994.00000 -127.8112
445086.00000 4367998.00000 -127.7281
445086.00000 4368002.00000 -127.7239
445086.00000 4368006.00000 -127.6073
445086.00000 4368010.00000 -131.1124
445086.00000 4368014.00000 -132.7849
445086.00000 4368018.00000 -136.8316
445086.00000 4368022.00000 -135.3175
445086.00000 4368026.00000 -137.1404
445086.00000 4368030.00000 -137.7232
445086.00000 4368034.00000 -134.1718
445086.00000 4368038.00000 -133.4794
445086.00000 4368042.00000 -138.6841
445086.00000 4368046.00000 -139.3638
445086.00000 4368050.00000 -139.3365
445086.00000 4368054.00000 -138.6309
445086.00000 4368058.00000 -134.7956
445086.00000 4368062.00000 -142.6047
445086.00000 4368066.00000 -145.5181
445086.00000 4368070.00000 -143.1459
445086.00000 4368074.00000 -148.5209
445086.00000 4368078.00000 -148.3421
445086.00000 4368082.00000 -152.3347
445086.00000 4368086.00000 -139.2402
445086.00000 4368090.00000 N.C.
445086.00000 4368094.00000 -152.2995
445086.00000 4368098.00000 -151.7645
445086.00000 4368102.00000 N.C.
445086.00000 4368106.00000 N.C.
445086.00000 4368110.00000 -118.5416
445086.00000 4368114.00000 -118.3049
445086.00000 4368118.00000 N.C.
445086.00000 4368122.00000 -133.7022
445086.00000 4368126.00000 -117.7997
445086.00000 4368130.00000 -116.5574
445086.00000 4368134.00000 -126.6443
445086.00000 4368138.00000 -125.8187
445086.00000 4368142.00000 -127.5208
445086.00000 4368146.00000 -128.3538
445086.00000 4368150.00000 -122.7152
445086.00000 4368154.00000 -125.8131
445086.00000 4368158.00000 -125.6983
445086.00000 4368162.00000 -125.7839
445086.00000 4368166.00000 -121.7420
445086.00000 4368170.00000 -127.1039
445086.00000 4368174.00000 -128.0954
445086.00000 4368178.00000 -132.1933
445086.00000 4368182.00000 N.C.
445086.00000 4368186.00000 N.C.
445086.00000 4368190.00000 N.C.
445086.00000 4368194.00000 -131.1582
445086.00000 4368198.00000 N.C.
445086.00000 4368202.00000 N.C.
445086.00000 4368206.00000 -125.6571
445086.00000 4368210.00000 -122.6817
445086.00000 4368214.00000 -139.8538
445086.00000 4368218.00000 -126.6612
445086.00000 4368222.00000 -121.8628
445086.00000 4368226.00000 -110.9448
445086.00000 4368230.00000 -119.5331
445086.00000 4368234.00000 N.C.
445086.00000 4368238.00000 N.C.
445086.00000 4368242.00000 N.C.
445086.00000 4368246.00000 -113.8920
445086.00000 4368250.00000 -119.4138
445086.00000 4368254.00000 -119.5719
445086.00000 4368258.00000 -118.1561
445086.00000 4368262.00000 -129.1248
445086.00000 4368266.00000 N.C.
445086.00000 4368270.00000 -139.6549
445086.00000 4368274.00000 -123.5139
445086.00000 4368278.00000 N.C.
445086.00000 4368282.00000 -131.8643
445086.00000 4368286.00000 -106.8145
445086.00000 4368290.00000 -126.1277
445086.00000 4368294.00000 -116.4004
445086.00000 4368298.00000 -115.9847
445086.00000 4368302.00000 -116.4142
445086.00000 4368306.00000 -111.9977
445086.00000 4368310.00000 -124.7337
445086.00000 4368314.00000 N.C.
445086.00000 4368318.00000 N.C.
445086.00000 4368322.00000 -107.1912
445086.00000 4368326.00000 -114.5682
445086.00000 4368330.00000 N.C.
445086.00000 4368334.00000 N.C.
445086.00000 4368338.00000 -133.6455
445086.00000 4368342.00000 -122.2455
445086.00000 4368346.00000 N.C.
445086.00000 4368350.00000 N.C.
445086.00000 4368354.00000 N.C.
445086.00000 4368358.00000 N.C.
445086.00000 4368362.00000 N.C.
445086.00000 4368366.00000 N.C.
445086.00000 4368370.00000 N.C.
445086.00000 4368374.00000 -167.6514
445086.00000 4368378.00000 -147.6022
445086.00000 4368382.00000 -150.3831
445086.00000 4368386.00000 -151.8281
445086.00000 4368390.00000 -151.0267
445086.00000 4368394.00000 -148.4627
445090.00000 4367886.00000 -123.3781
445090.00000 4367890.00000 -122.4277
445090.00000 4367894.00000 -122.7534
445090.00000 4367898.00000 -122.4781
445090.00000 4367902.00000 -122.4986
445090.00000 4367906.00000 -123.0702
445090.00000 4367910.00000 -122.7217
445090.00000 4367914.00000 -123.1160
445090.00000 4367918.00000 -122.9274
445090.00000 4367922.00000 -122.6682
445090.00000 4367926.00000 -122.7720
445090.00000 4367930.00000 -123.4519
445090.00000 4367934.00000 -123.3558
445090.00000 4367938.00000 -123.6467
445090.00000 4367942.00000 -124.2845
445090.00000 4367946.00000 -126.4044
445090.00000 4367950.00000 -126.5852
445090.00000 4367954.00000 -126.6079
445090.00000 4367958.00000 -126.4109
445090.00000 4367962.00000 -126.2258
445090.00000 4367966.00000 -125.8387
445090.00000 4367970.00000 -123.2840
445090.00000 4367974.00000 -123.2034
445090.00000 4367978.00000 -123.4659
445090.00000 4367982.00000 -123.6319
445090.00000 4367986.00000 -122.3936
445090.00000 4367990.00000 -124.6300
445090.00000 4367994.00000 -127.4461
445090.00000 4367998.00000 -127.3079
445090.00000 4368002.00000 -127.5390
445090.00000 4368006.00000 -127.4706
445090.00000 4368010.00000 -132.4700
445090.00000 4368014.00000 -131.8064
445090.00000 4368018.00000 -133.8883
445090.00000 4368022.00000 -136.5815
445090.00000 4368026.00000 -136.5634
445090.00000 4368030.00000 -137.1245
445090.00000 4368034.00000 -138.1899
445090.00000 4368038.00000 -138.0717
445090.00000 4368042.00000 -137.1289
445090.00000 4368046.00000 -139.1339
445090.00000 4368050.00000 -133.9919
445090.00000 4368054.00000 -134.1424
445090.00000 4368058.00000 -138.9583
445090.00000 4368062.00000 -142.5377
445090.00000 4368066.00000 -144.4543
445090.00000 4368070.00000 -130.6550
445090.00000 4368074.00000 -147.6399
445090.00000 4368078.00000 -150.8004
445090.00000 4368082.00000 -148.1144
445090.00000 4368086.00000 N.C.
445090.00000 4368090.00000 N.C.
445090.00000 4368094.00000 -139.8186
445090.00000 4368098.00000 -148.4828
445090.00000 4368102.00000 N.C.
445090.00000 4368106.00000 N.C.
445090.00000 4368110.00000 -125.3873
445090.00000 4368114.00000 -117.7808
445090.00000 4368118.00000 -138.2975
445090.00000 4368122.00000 N.C.
445090.00000 4368126.00000 -116.1907
445090.00000 4368130.00000 -117.5374
445090.00000 4368134.00000 -127.6046
445090.00000 4368138.00000 -125.4794
445090.00000 4368142.00000 -128.9645
445090.00000 4368146.00000 -130.0171
445090.00000 4368150.00000 -122.7994
445090.00000 4368154.00000 -127.1282
445090.00000 4368158.00000 -122.7302
445090.00000 4368162.00000 -122.3503
445090.00000 4368166.00000 -128.0688
445090.00000 4368170.00000 -129.2384
445090.00000 4368174.00000 -128.9234
445090.00000 4368178.00000 -134.7408
445090.00000 4368182.00000 N.C.
445090.00000 4368186.00000 -140.1057
445090.00000 4368190.00000 -115.3434
445090.00000 4368194.00000 -131.1753
445090.00000 4368198.00000 N.C.
445090.00000 4368202.00000 N.C.
445090.00000 4368206.00000 -124.1813
445090.00000 4368210.00000 N.C.
445090.00000 4368214.00000 N.C.
445090.00000 4368218.00000 N.C.
445090.00000 4368222.00000 N.C.
445090.00000 4368226.00000 -109.1143
445090.00000 4368230.00000 -119.0625
445090.00000 4368234.00000 N.C.
445090.00000 4368238.00000 -107.3962
445090.00000 4368242.00000 N.C.
445090.00000 4368246.00000 N.C.
445090.00000 4368250.00000 -140.2569
445090.00000 4368254.00000 -118.4540
445090.00000 4368258.00000 -113.8960
445090.00000 4368262.00000 -121.5520
445090.00000 4368266.00000 N.C.
445090.00000 4368270.00000 -138.5122
445090.00000 4368274.00000 N.C.
445090.00000 4368278.00000 N.C.
445090.00000 4368282.00000 -130.2659
445090.00000 4368286.00000 N.C.
445090.00000 4368290.00000 N.C.
445090.00000 4368294.00000 -115.9784
445090.00000 4368298.00000 -118.0562
445090.00000 4368302.00000 -116.3222
445090.00000 4368306.00000 N.C.
445090.00000 4368310.00000 -133.0340
445090.00000 4368314.00000 N.C.
445090.00000 4368318.00000 N.C.
445090.00000 4368322.00000 -115.5920
445090.00000 4368326.00000 -118.8036
445090.00000 4368330.00000 N.C.
445090.00000 4368334.00000 -140.8622
445090.00000 4368338.00000 -131.2809
445090.00000 4368342.00000 -126.0549
445090.00000 4368346.00000 N.C.
445090.00000 4368350.00000 N.C.
445090.00000 4368354.00000 -138.4765
445090.00000 4368358.00000 N.C.
445090.00000 4368362.00000 N.C.
445090.00000 4368366.00000 N.C.
445090.00000 4368370.00000 N.C.
445090.00000 4368374.00000 -171.3009
445090.00000 4368378.00000 -156.3114
445090.00000 4368382.00000 -153.1143
445090.00000 4368386.00000 -154.5977
445090.00000 4368390.00000 -153.2437
445090.00000 4368394.00000 -147.4752
445094.00000 4367886.00000 -125.4458
445094.00000 4367890.00000 -125.7313
445094.00000 4367894.00000 -124.2451
445094.00000 4367898.00000 -122.6731
445094.00000 4367902.00000 -122.3387
445094.00000 4367906.00000 -122.2143
445094.00000 4367910.00000 -122.1357
445094.00000 4367914.00000 -121.8484
445094.00000 4367918.00000 -122.5155
445094.00000 4367922.00000 -122.3888
445094.00000 4367926.00000 -122.5837
445094.00000 4367930.00000 -122.3657
445094.00000 4367934.00000 -123.3765
445094.00000 4367938.00000 -123.4261
445094.00000 4367942.00000 -123.8330
445094.00000 4367946.00000 -123.8386
445094.00000 4367950.00000 -123.6554
445094.00000 4367954.00000 -126.0555
445094.00000 4367958.00000 -126.1985
445094.00000 4367962.00000 -126.2160
445094.00000 4367966.00000 -126.0146
445094.00000 4367970.00000 -125.8122
445094.00000 4367974.00000 -123.0452
445094.00000 4367978.00000 -122.9590
445094.00000 4367982.00000 -123.3349
445094.00000 4367986.00000 -123.3566
445094.00000 4367990.00000 -124.5515
445094.00000 4367994.00000 -124.4686
445094.00000 4367998.00000 -127.1797
445094.00000 4368002.00000 -127.0462
445094.00000 4368006.00000 -127.2966
445094.00000 4368010.00000 -132.0437
445094.00000 4368014.00000 -132.1547
445094.00000 4368018.00000 -132.0551
445094.00000 4368022.00000 -136.0759
445094.00000 4368026.00000 -136.7721
445094.00000 4368030.00000 -137.7711
445094.00000 4368034.00000 -138.2453
445094.00000 4368038.00000 -138.4600
445094.00000 4368042.00000 -138.0690
445094.00000 4368046.00000 -138.4593
445094.00000 4368050.00000 -137.1777
445094.00000 4368054.00000 -140.0032
445094.00000 4368058.00000 -139.6959
445094.00000 4368062.00000 -141.8846
445094.00000 4368066.00000 -135.2939
445094.00000 4368070.00000 -141.7867
445094.00000 4368074.00000 -150.2283
445094.00000 4368078.00000 -155.0302
445094.00000 4368082.00000 -141.5522
445094.00000 4368086.00000 N.C.
445094.00000 4368090.00000 N.C.
445094.00000 4368094.00000 -144.7296
445094.00000 4368098.00000 -153.9134
445094.00000 4368102.00000 N.C.
445094.00000 4368106.00000 -127.2150
445094.00000 4368110.00000 -122.8083
445094.00000 4368114.00000 -118.1582
445094.00000 4368118.00000 -116.8013
445094.00000 4368122.00000 -117.3926
445094.00000 4368126.00000 -118.0740
445094.00000 4368130.00000 -125.1984
445094.00000 4368134.00000 -127.9220
445094.00000 4368138.00000 -126.9785
445094.00000 4368142.00000 -129.3070
445094.00000 4368146.00000 -130.2386
445094.00000 4368150.00000 -124.1561
445094.00000 4368154.00000 -124.8320
445094.00000 4368158.00000 -122.0116
445094.00000 4368162.00000 N.C.
445094.00000 4368166.00000 N.C.
445094.00000 4368170.00000 N.C.
445094.00000 4368174.00000 -134.7702
445094.00000 4368178.00000 -136.5419
445094.00000 4368182.00000 -135.7587
445094.00000 4368186.00000 N.C.
445094.00000 4368190.00000 N.C.
445094.00000 4368194.00000 -135.2820
445094.00000 4368198.00000 N.C.
445094.00000 4368202.00000 -125.4200
445094.00000 4368206.00000 -127.4990
445094.00000 4368210.00000 N.C.
445094.00000 4368214.00000 N.C.
445094.00000 4368218.00000 N.C.
445094.00000 4368222.00000 N.C.
445094.00000 4368226.00000 -111.6028
445094.00000 4368230.00000 N.C.
445094.00000 4368234.00000 N.C.
445094.00000 4368238.00000 -108.4590
445094.00000 4368242.00000 -112.8723
445094.00000 4368246.00000 N.C.
445094.00000 4368250.00000 N.C.
445094.00000 4368254.00000 -115.1309
445094.00000 4368258.00000 N.C.
445094.00000 4368262.00000 -117.2203
445094.00000 4368266.00000 N.C.
445094.00000 4368270.00000 -123.4028
445094.00000 4368274.00000 N.C.
445094.00000 4368278.00000 N.C.
445094.00000 4368282.00000 -124.6355
445094.00000 4368286.00000 N.C.
445094.00000 4368290.00000 N.C.
445094.00000 4368294.00000 -116.3391
445094.00000 4368298.00000 -120.4581
445094.00000 4368302.00000 -115.6553
445094.00000 4368306.00000 N.C.
445094.00000 4368310.00000 -127.4304
445094.00000 4368314.00000 N.C.
445094.00000 4368318.00000 N.C.
445094.00000 4368322.00000 -110.9542
445094.00000 4368326.00000 N.C.
445094.00000 4368330.00000 N.C.
445094.00000 4368334.00000 -135.9231
445094.00000 4368338.00000 -127.3641
445094.00000 4368342.00000 -126.3284
445094.00000 4368346.00000 N.C.
445094.00000 4368350.00000 N.C.
445094.00000 4368354.00000 -140.9750
445094.00000 4368358.00000 N.C.
445094.00000 4368362.00000 N.C.
445094.00000 4368366.00000 N.C.
445094.00000 4368370.00000 N.C.
445094.00000 4368374.00000 N.C.
445094.00000 4368378.00000 -154.8294
445094.00000 4368382.00000 -152.4529
445094.00000 4368386.00000 -149.0101
445094.00000 4368390.00000 -150.6974
445094.00000 4368394.00000 -132.5892
445098.00000 4367886.00000 -123.7880
445098.00000 4367890.00000 -124.8802
445098.00000 4367894.00000 -124.3960
445098.00000 4367898.00000 -122.8621
445098.00000 4367902.00000 -124.7037
445098.00000 4367906.00000 -122.3046
445098.00000 4367910.00000 -122.2906
445098.00000 4367914.00000 -122.1258
445098.00000 4367918.00000 -122.0621
445098.00000 4367922.00000 -122.2994
445098.00000 4367926.00000 -122.1581
445098.00000 4367930.00000 -122.0103
445098.00000 4367934.00000 -122.1647
445098.00000 4367938.00000 -122.5204
445098.00000 4367942.00000 -123.7047
445098.00000 4367946.00000 -123.2206
445098.00000 4367950.00000 -123.3474
445098.00000 4367954.00000 -123.3573
445098.00000 4367958.00000 -124.6367
445098.00000 4367962.00000 -125.4996
445098.00000 4367966.00000 -125.8192
445098.00000 4367970.00000 -125.6215
445098.00000 4367974.00000 -123.1867
445098.00000 4367978.00000 -122.8611
445098.00000 4367982.00000 -122.1450
445098.00000 4367986.00000 -123.1108
445098.00000 4367990.00000 -124.0602
445098.00000 4367994.00000 -124.2329
445098.00000 4367998.00000 -121.8138
445098.00000 4368002.00000 -124.4547
445098.00000 4368006.00000 -126.8249
445098.00000 4368010.00000 -130.7905
445098.00000 4368014.00000 -131.8911
445098.00000 4368018.00000 -132.0760
445098.00000 4368022.00000 -131.8542
445098.00000 4368026.00000 -134.3399
445098.00000 4368030.00000 -137.7858
445098.00000 4368034.00000 -137.5666
445098.00000 4368038.00000 -138.3408
445098.00000 4368042.00000 -135.0122
445098.00000 4368046.00000 -137.9343
445098.00000 4368050.00000 -138.9509
445098.00000 4368054.00000 -139.7847
445098.00000 4368058.00000 -140.4576
445098.00000 4368062.00000 -141.3471
445098.00000 4368066.00000 -138.3185
445098.00000 4368070.00000 -143.1172
445098.00000 4368074.00000 -150.0845
445098.00000 4368078.00000 N.C.
445098.00000 4368082.00000 -132.8408
445098.00000 4368086.00000 N.C.
445098.00000 4368090.00000 N.C.
445098.00000 4368094.00000 -154.9202
445098.00000 4368098.00000 -149.5178
445098.00000 4368102.00000 N.C.
445098.00000 4368106.00000 -127.8595
445098.00000 4368110.00000 -127.5945
445098.00000 4368114.00000 -117.6618
445098.00000 4368118.00000 -116.0413
445098.00000 4368122.00000 -115.4625
445098.00000 4368126.00000 -119.4821
445098.00000 4368130.00000 -125.9661
445098.00000 4368134.00000 -128.3033
445098.00000 4368138.00000 -127.9589
445098.00000 4368142.00000 -119.5953
445098.00000 4368146.00000 -129.9217
445098.00000 4368150.00000 -125.2060
445098.00000 4368154.00000 -121.5659
445098.00000 4368158.00000 -122.9515
445098.00000 4368162.00000 N.C.
445098.00000 4368166.00000 N.C.
445098.00000 4368170.00000 N.C.
445098.00000 4368174.00000 N.C.
445098.00000 4368178.00000 N.C.
445098.00000 4368182.00000 N.C.
445098.00000 4368186.00000 -133.6075
445098.00000 4368190.00000 -131.3210
445098.00000 4368194.00000 N.C.
445098.00000 4368198.00000 N.C.
445098.00000 4368202.00000 -112.4660
445098.00000 4368206.00000 -128.3848
445098.00000 4368210.00000 N.C.
445098.00000 4368214.00000 N.C.
445098.00000 4368218.00000 N.C.
445098.00000 4368222.00000 N.C.
445098.00000 4368226.00000 -113.1403
445098.00000 4368230.00000 N.C.
445098.00000 4368234.00000 N.C.
445098.00000 4368238.00000 -110.9211
445098.00000 4368242.00000 -112.8699
445098.00000 4368246.00000 -126.5298
445098.00000 4368250.00000 -122.3641
445098.00000 4368254.00000 -108.0016
445098.00000 4368258.00000 -123.3323
445098.00000 4368262.00000 N.C.
445098.00000 4368266.00000 N.C.
445098.00000 4368270.00000 -118.3778
445098.00000 4368274.00000 N.C.
445098.00000 4368278.00000 N.C.
445098.00000 4368282.00000 -135.6804
445098.00000 4368286.00000 N.C.
445098.00000 4368290.00000 N.C.
445098.00000 4368294.00000 -115.7300
445098.00000 4368298.00000 -114.9874
445098.00000 4368302.00000 -116.0468
445098.00000 4368306.00000 N.C.
445098.00000 4368310.00000 -141.1484
445098.00000 4368314.00000 -126.3873
445098.00000 4368318.00000 -119.3407
445098.00000 4368322.00000 -117.5885
445098.00000 4368326.00000 -120.9114
445098.00000 4368330.00000 N.C.
445098.00000 4368334.00000 N.C.
445098.00000 4368338.00000 N.C.
445098.00000 4368342.00000 N.C.
445098.00000 4368346.00000 N.C.
445098.00000 4368350.00000 N.C.
445098.00000 4368354.00000 -142.1399
445098.00000 4368358.00000 N.C.
445098.00000 4368362.00000 N.C.
445098.00000 4368366.00000 N.C.
445098.00000 4368370.00000 -138.3700
445098.00000 4368374.00000 N.C.
445098.00000 4368378.00000 N.C.
445098.00000 4368382.00000 N.C.
445098.00000 4368386.00000 -147.7552
445098.00000 4368390.00000 -144.5092
445098.00000 4368394.00000 -137.4084
445102.00000 4367886.00000 -124.2937
445102.00000 4367890.00000 -124.2825
445102.00000 4367894.00000 -124.8959
445102.00000 4367898.00000 -124.6315
445102.00000 4367902.00000 -125.3481
445102.00000 4367906.00000 -125.0271
445102.00000 4367910.00000 -122.1003
445102.00000 4367914.00000 -121.8767
445102.00000 4367918.00000 -121.7883
445102.00000 4367922.00000 -121.8079
445102.00000 4367926.00000 -121.3726
445102.00000 4367930.00000 -121.7376
445102.00000 4367934.00000 -122.3220
445102.00000 4367938.00000 -122.1734
445102.00000 4367942.00000 -122.0769
445102.00000 4367946.00000 -122.0219
445102.00000 4367950.00000 -122.9916
445102.00000 4367954.00000 -122.7596
445102.00000 4367958.00000 -122.8369
445102.00000 4367962.00000 -123.7922
445102.00000 4367966.00000 -124.1519
445102.00000 4367970.00000 -125.0247
445102.00000 4367974.00000 -124.9166
445102.00000 4367978.00000 -122.9710
445102.00000 4367982.00000 -122.4749
445102.00000 4367986.00000 -123.5681
445102.00000 4367990.00000 -122.8402
445102.00000 4367994.00000 -123.8863
445102.00000 4367998.00000 -123.8792
445102.00000 4368002.00000 -123.9083
445102.00000 4368006.00000 -124.5158
445102.00000 4368010.00000 -125.9220
445102.00000 4368014.00000 -130.1241
445102.00000 4368018.00000 -131.5420
445102.00000 4368022.00000 -131.7610
445102.00000 4368026.00000 -133.5593
445102.00000 4368030.00000 -133.2039
445102.00000 4368034.00000 -137.9800
445102.00000 4368038.00000 -135.0879
445102.00000 4368042.00000 -137.1611
445102.00000 4368046.00000 -138.1747
445102.00000 4368050.00000 -138.3355
445102.00000 4368054.00000 -139.8398
445102.00000 4368058.00000 -139.9679
445102.00000 4368062.00000 -140.8698
445102.00000 4368066.00000 -133.4295
445102.00000 4368070.00000 -143.5627
445102.00000 4368074.00000 -151.8249
445102.00000 4368078.00000 N.C.
445102.00000 4368082.00000 N.C.
445102.00000 4368086.00000 N.C.
445102.00000 4368090.00000 N.C.
445102.00000 4368094.00000 N.C.
445102.00000 4368098.00000 -137.0584
445102.00000 4368102.00000 -132.1235
445102.00000 4368106.00000 -127.4719
445102.00000 4368110.00000 -127.8243
445102.00000 4368114.00000 -125.0137
445102.00000 4368118.00000 -115.5697
445102.00000 4368122.00000 -120.7740
445102.00000 4368126.00000 -123.9694
445102.00000 4368130.00000 -123.6682
445102.00000 4368134.00000 -128.6331
445102.00000 4368138.00000 -127.9682
445102.00000 4368142.00000 -128.3814
445102.00000 4368146.00000 -129.2159
445102.00000 4368150.00000 -121.6155
445102.00000 4368154.00000 -121.8148
445102.00000 4368158.00000 N.C.
445102.00000 4368162.00000 N.C.
445102.00000 4368166.00000 N.C.
445102.00000 4368170.00000 N.C.
445102.00000 4368174.00000 N.C.
445102.00000 4368178.00000 N.C.
445102.00000 4368182.00000 N.C.
445102.00000 4368186.00000 N.C.
445102.00000 4368190.00000 -130.4009
445102.00000 4368194.00000 N.C.
445102.00000 4368198.00000 -129.7304
445102.00000 4368202.00000 -127.8767
445102.00000 4368206.00000 -113.4223
445102.00000 4368210.00000 N.C.
445102.00000 4368214.00000 N.C.
445102.00000 4368218.00000 N.C.
445102.00000 4368222.00000 -96.4610
445102.00000 4368226.00000 -112.6868
445102.00000 4368230.00000 N.C.
445102.00000 4368234.00000 -104.9475
445102.00000 4368238.00000 -110.9590
445102.00000 4368242.00000 -113.5287
445102.00000 4368246.00000 N.C.
445102.00000 4368250.00000 N.C.
445102.00000 4368254.00000 N.C.
445102.00000 4368258.00000 -126.9818
445102.00000 4368262.00000 N.C.
445102.00000 4368266.00000 -107.9817
445102.00000 4368270.00000 -108.1761
445102.00000 4368274.00000 N.C.
445102.00000 4368278.00000 N.C.
445102.00000 4368282.00000 -115.9532
445102.00000 4368286.00000 N.C.
445102.00000 4368290.00000 N.C.
445102.00000 4368294.00000 -114.0474
445102.00000 4368298.00000 -114.6642
445102.00000 4368302.00000 -112.1606
445102.00000 4368306.00000 N.C.
445102.00000 4368310.00000 N.C.
445102.00000 4368314.00000 N.C.
445102.00000 4368318.00000 N.C.
445102.00000 4368322.00000 -119.8605
445102.00000 4368326.00000 -117.4942
445102.00000 4368330.00000 -122.4119
445102.00000 4368334.00000 -122.3172
445102.00000 4368338.00000 N.C.
445102.00000 4368342.00000 N.C.
445102.00000 4368346.00000 N.C.
445102.00000 4368350.00000 N.C.
445102.00000 4368354.00000 N.C.
445102.00000 4368358.00000 N.C.
445102.00000 4368362.00000 N.C.
445102.00000 4368366.00000 N.C.
445102.00000 4368370.00000 -136.0380
445102.00000 4368374.00000 -138.4314
445102.00000 4368378.00000 N.C.
445102.00000 4368382.00000 N.C.
445102.00000 4368386.00000 -160.1519
445102.00000 4368390.00000 -129.3273
445102.00000 4368394.00000 -136.8455
445106.00000 4367886.00000 -122.1273
445106.00000 4367890.00000 -123.9773
445106.00000 4367894.00000 -123.6462
445106.00000 4367898.00000 -124.0561
445106.00000 4367902.00000 -123.8260
445106.00000 4367906.00000 -124.9753
445106.00000 4367910.00000 -124.8300
445106.00000 4367914.00000 -123.1588
445106.00000 4367918.00000 -122.7789
445106.00000 4367922.00000 -122.1408
445106.00000 4367926.00000 -121.8856
445106.00000 4367930.00000 -121.9268
445106.00000 4367934.00000 -121.5861
445106.00000 4367938.00000 -122.2956
445106.00000 4367942.00000 -122.0179
445106.00000 4367946.00000 -122.0234
445106.00000 4367950.00000 -121.9862
445106.00000 4367954.00000 -121.9137
445106.00000 4367958.00000 -122.2537
445106.00000 4367962.00000 -122.8266
445106.00000 4367966.00000 -122.4451
445106.00000 4367970.00000 -123.9086
445106.00000 4367974.00000 -123.8937
445106.00000 4367978.00000 -123.7729
445106.00000 4367982.00000 -122.4264
445106.00000 4367986.00000 -122.4645
445106.00000 4367990.00000 -122.7610
445106.00000 4367994.00000 -122.5890
445106.00000 4367998.00000 -123.6143
445106.00000 4368002.00000 -123.7952
445106.00000 4368006.00000 -123.5069
445106.00000 4368010.00000 -123.2206
445106.00000 4368014.00000 -126.0726
445106.00000 4368018.00000 -129.7654
445106.00000 4368022.00000 -130.8571
445106.00000 4368026.00000 -132.1137
445106.00000 4368030.00000 -132.3912
445106.00000 4368034.00000 -134.3661
445106.00000 4368038.00000 -137.7026
445106.00000 4368042.00000 -138.6168
445106.00000 4368046.00000 -138.4088
445106.00000 4368050.00000 -138.1841
445106.00000 4368054.00000 -138.6516
445106.00000 4368058.00000 -139.4444
445106.00000 4368062.00000 -137.7824
445106.00000 4368066.00000 -139.8714
445106.00000 4368070.00000 -143.5754
445106.00000 4368074.00000 -153.9418
445106.00000 4368078.00000 N.C.
445106.00000 4368082.00000 -149.9190
445106.00000 4368086.00000 N.C.
445106.00000 4368090.00000 N.C.
445106.00000 4368094.00000 N.C.
445106.00000 4368098.00000 N.C.
445106.00000 4368102.00000 N.C.
445106.00000 4368106.00000 -127.4849
445106.00000 4368110.00000 -125.2926
445106.00000 4368114.00000 -121.5425
445106.00000 4368118.00000 -116.6343
445106.00000 4368122.00000 -129.9474
445106.00000 4368126.00000 -122.3694
445106.00000 4368130.00000 -125.3220
445106.00000 4368134.00000 -128.5555
445106.00000 4368138.00000 -127.9624
445106.00000 4368142.00000 -129.3473
445106.00000 4368146.00000 -121.5121
445106.00000 4368150.00000 -122.2365
445106.00000 4368154.00000 -122.4408
445106.00000 4368158.00000 N.C.
445106.00000 4368162.00000 N.C.
445106.00000 4368166.00000 N.C.
445106.00000 4368170.00000 -140.3412
445106.00000 4368174.00000 N.C.
445106.00000 4368178.00000 N.C.
445106.00000 4368182.00000 N.C.
445106.00000 4368186.00000 N.C.
445106.00000 4368190.00000 N.C.
445106.00000 4368194.00000 N.C.
445106.00000 4368198.00000 -118.9457
445106.00000 4368202.00000 -127.9453
445106.00000 4368206.00000 N.C.
445106.00000 4368210.00000 -110.7308
445106.00000 4368214.00000 -100.5638
445106.00000 4368218.00000 -100.2046
445106.00000 4368222.00000 -96.0602
445106.00000 4368226.00000 N.C.
445106.00000 4368230.00000 N.C.
445106.00000 4368234.00000 -104.7719
445106.00000 4368238.00000 -111.0825
445106.00000 4368242.00000 -112.0857
445106.00000 4368246.00000 -121.8616
445106.00000 4368250.00000 N.C.
445106.00000 4368254.00000 -117.4640
445106.00000 4368258.00000 N.C.
445106.00000 4368262.00000 N.C.
445106.00000 4368266.00000 -123.8586
445106.00000 4368270.00000 -116.9489
445106.00000 4368274.00000 N.C.
445106.00000 4368278.00000 -114.8458
445106.00000 4368282.00000 -106.0759
445106.00000 4368286.00000 N.C.
445106.00000 4368290.00000 -109.2312
445106.00000 4368294.00000 -115.3131
445106.00000 4368298.00000 -114.2078
445106.00000 4368302.00000 -112.4315
445106.00000 4368306.00000 -114.2184
445106.00000 4368310.00000 -116.6025
445106.00000 4368314.00000 N.C.
445106.00000 4368318.00000 -116.6964
445106.00000 4368322.00000 -113.8975
445106.00000 4368326.00000 N.C.
445106.00000 4368330.00000 -128.8566
445106.00000 4368334.00000 -118.7598
445106.00000 4368338.00000 -120.8072
445106.00000 4368342.00000 N.C.
445106.00000 4368346.00000 -139.8757
445106.00000 4368350.00000 -134.2798
445106.00000 4368354.00000 -133.2279
445106.00000 4368358.00000 -119.1080
445106.00000 4368362.00000 N.C.
445106.00000 4368366.00000 N.C.
445106.00000 4368370.00000 -123.1517
445106.00000 4368374.00000 N.C.
445106.00000 4368378.00000 N.C.
445106.00000 4368382.00000 N.C.
445106.00000 4368386.00000 -157.6002
445106.00000 4368390.00000 -137.6222
445106.00000 4368394.00000 -128.4173
445110.00000 4367886.00000 -120.9055
445110.00000 4367890.00000 -122.9531
445110.00000 4367894.00000 -120.3249
445110.00000 4367898.00000 -122.7188
445110.00000 4367902.00000 -123.1082
445110.00000 4367906.00000 -123.6807
445110.00000 4367910.00000 -124.5417
445110.00000 4367914.00000 -124.0822
445110.00000 4367918.00000 -124.4749
445110.00000 4367922.00000 -124.4674
445110.00000 4367926.00000 -123.8945
445110.00000 4367930.00000 -121.9587
445110.00000 4367934.00000 -121.6477
445110.00000 4367938.00000 -121.7056
445110.00000 4367942.00000 -121.4968
445110.00000 4367946.00000 -122.2754
445110.00000 4367950.00000 -121.9863
445110.00000 4367954.00000 -121.6494
445110.00000 4367958.00000 -121.8516
445110.00000 4367962.00000 -122.7333
445110.00000 4367966.00000 -122.5889
445110.00000 4367970.00000 -122.4131
445110.00000 4367974.00000 -122.1134
445110.00000 4367978.00000 -123.3658
445110.00000 4367982.00000 -123.1397
445110.00000 4367986.00000 -121.5585
445110.00000 4367990.00000 -122.1426
445110.00000 4367994.00000 -122.7132
445110.00000 4367998.00000 -122.3193
445110.00000 4368002.00000 -123.2616
445110.00000 4368006.00000 -123.4312
445110.00000 4368010.00000 -123.3138
445110.00000 4368014.00000 -122.8389
445110.00000 4368018.00000 -121.2757
445110.00000 4368022.00000 -125.9644
445110.00000 4368026.00000 -130.7116
445110.00000 4368030.00000 -131.4380
445110.00000 4368034.00000 -132.8501
445110.00000 4368038.00000 -134.7793
445110.00000 4368042.00000 -135.9249
445110.00000 4368046.00000 -135.5260
445110.00000 4368050.00000 -138.3236
445110.00000 4368054.00000 -138.5823
445110.00000 4368058.00000 -138.3803
445110.00000 4368062.00000 -133.7384
445110.00000 4368066.00000 -140.0706
445110.00000 4368070.00000 -142.2772
445110.00000 4368074.00000 -153.9692
445110.00000 4368078.00000 N.C.
445110.00000 4368082.00000 -154.1745
445110.00000 4368086.00000 -153.7309
445110.00000 4368090.00000 -152.7420
445110.00000 4368094.00000 -155.0616
445110.00000 4368098.00000 N.C.
445110.00000 4368102.00000 N.C.
445110.00000 4368106.00000 -125.4730
445110.00000 4368110.00000 -126.8625
445110.00000 4368114.00000 -127.3667
445110.00000 4368118.00000 -116.0555
445110.00000 4368122.00000 N.C.
445110.00000 4368126.00000 N.C.
445110.00000 4368130.00000 -125.8427
445110.00000 4368134.00000 -128.0301
445110.00000 4368138.00000 -128.1644
445110.00000 4368142.00000 -122.1160
445110.00000 4368146.00000 -122.3204
445110.00000 4368150.00000 -122.3203
445110.00000 4368154.00000 -122.7300
445110.00000 4368158.00000 -131.6854
445110.00000 4368162.00000 -141.1489
445110.00000 4368166.00000 N.C.
445110.00000 4368170.00000 N.C.
445110.00000 4368174.00000 N.C.
445110.00000 4368178.00000 N.C.
445110.00000 4368182.00000 N.C.
445110.00000 4368186.00000 -137.8975
445110.00000 4368190.00000 N.C.
445110.00000 4368194.00000 N.C.
445110.00000 4368198.00000 -118.1950
445110.00000 4368202.00000 N.C.
445110.00000 4368206.00000 N.C.
445110.00000 4368210.00000 -119.5287
445110.00000 4368214.00000 -107.5317
445110.00000 4368218.00000 -98.4069
445110.00000 4368222.00000 -94.7637
445110.00000 4368226.00000 -103.9786
445110.00000 4368230.00000 -105.8566
445110.00000 4368234.00000 -109.5459
445110.00000 4368238.00000 -111.2467
445110.00000 4368242.00000 -110.2188
445110.00000 4368246.00000 N.C.
445110.00000 4368250.00000 -111.5537
445110.00000 4368254.00000 -116.9647
445110.00000 4368258.00000 N.C.
445110.00000 4368262.00000 N.C.
445110.00000 4368266.00000 N.C.
445110.00000 4368270.00000 -106.9130
445110.00000 4368274.00000 N.C.
445110.00000 4368278.00000 N.C.
445110.00000 4368282.00000 -105.4972
445110.00000 4368286.00000 N.C.
445110.00000 4368290.00000 -109.9832
445110.00000 4368294.00000 -115.3044
445110.00000 4368298.00000 -114.0952
445110.00000 4368302.00000 -112.2638
445110.00000 4368306.00000 -113.8684
445110.00000 4368310.00000 -109.6562
445110.00000 4368314.00000 N.C.
445110.00000 4368318.00000 -116.4275
445110.00000 4368322.00000 -118.3631
445110.00000 4368326.00000 N.C.
445110.00000 4368330.00000 -125.8821
445110.00000 4368334.00000 -130.6125
445110.00000 4368338.00000 -123.8483
445110.00000 4368342.00000 N.C.
445110.00000 4368346.00000 N.C.
445110.00000 4368350.00000 N.C.
445110.00000 4368354.00000 -131.0230
445110.00000 4368358.00000 -124.5629
445110.00000 4368362.00000 -113.5848
445110.00000 4368366.00000 -116.7179
445110.00000 4368370.00000 -136.3938
445110.00000 4368374.00000 -129.5997
445110.00000 4368378.00000 N.C.
445110.00000 4368382.00000 -146.6483
445110.00000 4368386.00000 -129.1749
445110.00000 4368390.00000 -119.8248
445110.00000 4368394.00000 -115.5869
445114.00000 4367886.00000 -122.6503
445114.00000 4367890.00000 -120.7870
445114.00000 4367894.00000 -120.6853
445114.00000 4367898.00000 -120.8339
445114.00000 4367902.00000 -122.0334
445114.00000 4367906.00000 -124.0229
445114.00000 4367910.00000 -123.3887
445114.00000 4367914.00000 -121.2460
445114.00000 4367918.00000 -123.2463
445114.00000 4367922.00000 -123.4736
445114.00000 4367926.00000 -124.1499
445114.00000 4367930.00000 -124.8151
445114.00000 4367934.00000 -122.6073
445114.00000 4367938.00000 -121.8554
445114.00000 4367942.00000 -121.6752
445114.00000 4367946.00000 -121.3862
445114.00000 4367950.00000 -121.4067
445114.00000 4367954.00000 -122.0497
445114.00000 4367958.00000 -121.8169
445114.00000 4367962.00000 -121.6680
445114.00000 4367966.00000 -122.4312
445114.00000 4367970.00000 -122.2565
445114.00000 4367974.00000 -122.2309
445114.00000 4367978.00000 -123.1180
445114.00000 4367982.00000 -123.5241
445114.00000 4367986.00000 -123.4483
445114.00000 4367990.00000 -121.0922
445114.00000 4367994.00000 -121.1401
445114.00000 4367998.00000 -122.4042
445114.00000 4368002.00000 -123.0816
445114.00000 4368006.00000 -122.9244
445114.00000 4368010.00000 -123.0815
445114.00000 4368014.00000 -122.9858
445114.00000 4368018.00000 -122.7511
445114.00000 4368022.00000 -122.1765
445114.00000 4368026.00000 -125.5679
445114.00000 4368030.00000 -130.3781
445114.00000 4368034.00000 -131.0087
445114.00000 4368038.00000 -133.7150
445114.00000 4368042.00000 -137.1783
445114.00000 4368046.00000 -137.4360
445114.00000 4368050.00000 -138.2967
445114.00000 4368054.00000 -135.5882
445114.00000 4368058.00000 -135.0205
445114.00000 4368062.00000 -136.1207
445114.00000 4368066.00000 -139.6609
445114.00000 4368070.00000 -142.4850
445114.00000 4368074.00000 -159.6981
445114.00000 4368078.00000 -134.8871
445114.00000 4368082.00000 N.C.
445114.00000 4368086.00000 N.C.
445114.00000 4368090.00000 N.C.
445114.00000 4368094.00000 -158.9583
445114.00000 4368098.00000 N.C.
445114.00000 4368102.00000 N.C.
445114.00000 4368106.00000 -126.8001
445114.00000 4368110.00000 -127.9849
445114.00000 4368114.00000 -129.3788
445114.00000 4368118.00000 -120.2268
445114.00000 4368122.00000 N.C.
445114.00000 4368126.00000 N.C.
445114.00000 4368130.00000 -126.1891
445114.00000 4368134.00000 -128.0242
445114.00000 4368138.00000 -121.5268
445114.00000 4368142.00000 -122.2313
445114.00000 4368146.00000 -117.2376
445114.00000 4368150.00000 -121.6545
445114.00000 4368154.00000 N.C.
445114.00000 4368158.00000 N.C.
445114.00000 4368162.00000 N.C.
445114.00000 4368166.00000 N.C.
445114.00000 4368170.00000 -129.0379
445114.00000 4368174.00000 -119.7754
445114.00000 4368178.00000 N.C.
445114.00000 4368182.00000 N.C.
445114.00000 4368186.00000 N.C.
445114.00000 4368190.00000 N.C.
445114.00000 4368194.00000 N.C.
445114.00000 4368198.00000 -104.2405
445114.00000 4368202.00000 N.C.
445114.00000 4368206.00000 N.C.
445114.00000 4368210.00000 -118.6465
445114.00000 4368214.00000 -122.9810
445114.00000 4368218.00000 -101.6393
445114.00000 4368222.00000 -93.3760
445114.00000 4368226.00000 -103.4788
445114.00000 4368230.00000 -106.6774
445114.00000 4368234.00000 -108.8262
445114.00000 4368238.00000 -108.0475
445114.00000 4368242.00000 N.C.
445114.00000 4368246.00000 N.C.
445114.00000 4368250.00000 -116.6318
445114.00000 4368254.00000 -114.7365
445114.00000 4368258.00000 N.C.
445114.00000 4368262.00000 -105.8279
445114.00000 4368266.00000 N.C.
445114.00000 4368270.00000 -106.8450
445114.00000 4368274.00000 -103.7602
445114.00000 4368278.00000 -102.3238
445114.00000 4368282.00000 -99.3907
445114.00000 4368286.00000 N.C.
445114.00000 4368290.00000 -123.7906
445114.00000 4368294.00000 -117.5766
445114.00000 4368298.00000 -114.0322
445114.00000 4368302.00000 -113.5609
445114.00000 4368306.00000 -114.1776
445114.00000 4368310.00000 -114.9446
445114.00000 4368314.00000 -111.9852
445114.00000 4368318.00000 -117.8189
445114.00000 4368322.00000 -118.7988
445114.00000 4368326.00000 N.C.
445114.00000 4368330.00000 -125.5986
445114.00000 4368334.00000 -132.0740
445114.00000 4368338.00000 -135.4805
445114.00000 4368342.00000 -134.9259
445114.00000 4368346.00000 N.C.
445114.00000 4368350.00000 N.C.
445114.00000 4368354.00000 -114.3373
445114.00000 4368358.00000 -112.6718
445114.00000 4368362.00000 -103.6523
445114.00000 4368366.00000 N.C.
445114.00000 4368370.00000 N.C.
445114.00000 4368374.00000 -129.2508
445114.00000 4368378.00000 -121.7087
445114.00000 4368382.00000 -114.6407
445114.00000 4368386.00000 -104.6975
445114.00000 4368390.00000 -104.6476
445114.00000 4368394.00000 -104.9353
445118.00000 4367886.00000 -121.5945
445118.00000 4367890.00000 -121.4752
445118.00000 4367894.00000 -120.8938
445118.00000 4367898.00000 -120.6647
445118.00000 4367902.00000 -122.4450
445118.00000 4367906.00000 -121.4527
445118.00000 4367910.00000 -125.2890
445118.00000 4367914.00000 -124.9353
445118.00000 4367918.00000 -121.8617
445118.00000 4367922.00000 -124.8492
445118.00000 4367926.00000 -123.8249
445118.00000 4367930.00000 -123.8371
445118.00000 4367934.00000 -122.8669
445118.00000 4367938.00000 -124.0119
445118.00000 4367942.00000 -121.2200
445118.00000 4367946.00000 -121.1916
445118.00000 4367950.00000 -121.1727
445118.00000 4367954.00000 -121.1454
445118.00000 4367958.00000 -122.0566
445118.00000 4367962.00000 -121.9077
445118.00000 4367966.00000 -121.6687
445118.00000 4367970.00000 -121.3243
445118.00000 4367974.00000 -123.4195
445118.00000 4367978.00000 -122.2401
445118.00000 4367982.00000 -121.7423
445118.00000 4367986.00000 -122.5642
445118.00000 4367990.00000 -122.2335
445118.00000 4367994.00000 -120.8615
445118.00000 4367998.00000 -120.6259
445118.00000 4368002.00000 -121.1531
445118.00000 4368006.00000 -121.9568
445118.00000 4368010.00000 -122.5465
445118.00000 4368014.00000 -122.2685
445118.00000 4368018.00000 -122.4687
445118.00000 4368022.00000 -122.1665
445118.00000 4368026.00000 -121.9388
445118.00000 4368030.00000 -121.4794
445118.00000 4368034.00000 -125.2259
445118.00000 4368038.00000 -130.5132
445118.00000 4368042.00000 -133.0911
445118.00000 4368046.00000 -134.1560
445118.00000 4368050.00000 -137.7662
445118.00000 4368054.00000 -137.7292
445118.00000 4368058.00000 -131.3984
445118.00000 4368062.00000 -139.2014
445118.00000 4368066.00000 -139.9716
445118.00000 4368070.00000 -142.0476
445118.00000 4368074.00000 -136.6279
445118.00000 4368078.00000 -135.9619
445118.00000 4368082.00000 -136.4475
445118.00000 4368086.00000 N.C.
445118.00000 4368090.00000 N.C.
445118.00000 4368094.00000 N.C.
445118.00000 4368098.00000 N.C.
445118.00000 4368102.00000 -127.0474
445118.00000 4368106.00000 -127.4224
445118.00000 4368110.00000 -127.9443
445118.00000 4368114.00000 -126.7154
445118.00000 4368118.00000 -130.4743
445118.00000 4368122.00000 N.C.
445118.00000 4368126.00000 -127.8733
445118.00000 4368130.00000 -125.5994
445118.00000 4368134.00000 -126.5467
445118.00000 4368138.00000 -121.2639
445118.00000 4368142.00000 -121.5974
445118.00000 4368146.00000 -126.7410
445118.00000 4368150.00000 -126.8071
445118.00000 4368154.00000 N.C.
445118.00000 4368158.00000 N.C.
445118.00000 4368162.00000 N.C.
445118.00000 4368166.00000 N.C.
445118.00000 4368170.00000 N.C.
445118.00000 4368174.00000 N.C.
445118.00000 4368178.00000 N.C.
445118.00000 4368182.00000 -129.9442
445118.00000 4368186.00000 -129.7312
445118.00000 4368190.00000 -129.0015
445118.00000 4368194.00000 -128.6754
445118.00000 4368198.00000 -118.1359
445118.00000 4368202.00000 -103.6164
445118.00000 4368206.00000 N.C.
445118.00000 4368210.00000 N.C.
445118.00000 4368214.00000 N.C.
445118.00000 4368218.00000 -102.3714
445118.00000 4368222.00000 -93.7761
445118.00000 4368226.00000 -100.0365
445118.00000 4368230.00000 -106.5267
445118.00000 4368234.00000 -111.2066
445118.00000 4368238.00000 -109.1549
445118.00000 4368242.00000 -109.6100
445118.00000 4368246.00000 -110.1492
445118.00000 4368250.00000 -113.4963
445118.00000 4368254.00000 N.C.
445118.00000 4368258.00000 N.C.
445118.00000 4368262.00000 -101.9304
445118.00000 4368266.00000 N.C.
445118.00000 4368270.00000 N.C.
445118.00000 4368274.00000 N.C.
445118.00000 4368278.00000 N.C.
445118.00000 4368282.00000 N.C.
445118.00000 4368286.00000 N.C.
445118.00000 4368290.00000 -123.8995
445118.00000 4368294.00000 -119.8979
445118.00000 4368298.00000 -121.4189
445118.00000 4368302.00000 -117.7871
445118.00000 4368306.00000 -114.3525
445118.00000 4368310.00000 -111.1047
445118.00000 4368314.00000 -116.0673
445118.00000 4368318.00000 -121.7251
445118.00000 4368322.00000 N.C.
445118.00000 4368326.00000 N.C.
445118.00000 4368330.00000 N.C.
445118.00000 4368334.00000 N.C.
445118.00000 4368338.00000 N.C.
445118.00000 4368342.00000 N.C.
445118.00000 4368346.00000 N.C.
445118.00000 4368350.00000 -123.8050
445118.00000 4368354.00000 -111.5736
445118.00000 4368358.00000 -101.7664
445118.00000 4368362.00000 -103.1236
445118.00000 4368366.00000 N.C.
445118.00000 4368370.00000 -110.4915
445118.00000 4368374.00000 -103.8657
445118.00000 4368378.00000 -104.1383
445118.00000 4368382.00000 -104.3193
445118.00000 4368386.00000 -104.5262
445118.00000 4368390.00000 -104.7013
445118.00000 4368394.00000 -104.9759
445122.00000 4367886.00000 -121.5158
445122.00000 4367890.00000 -121.5567
445122.00000 4367894.00000 -121.5384
445122.00000 4367898.00000 -121.2521
445122.00000 4367902.00000 -120.5964
445122.00000 4367906.00000 -121.1529
445122.00000 4367910.00000 -120.7594
445122.00000 4367914.00000 -123.1935
445122.00000 4367918.00000 -121.9132
445122.00000 4367922.00000 -121.9386
445122.00000 4367926.00000 -121.6671
445122.00000 4367930.00000 -121.5336
445122.00000 4367934.00000 -120.5607
445122.00000 4367938.00000 -123.5839
445122.00000 4367942.00000 -126.5291
445122.00000 4367946.00000 -120.9603
445122.00000 4367950.00000 -122.2475
445122.00000 4367954.00000 -120.9397
445122.00000 4367958.00000 -120.6558
445122.00000 4367962.00000 -120.9978
445122.00000 4367966.00000 -121.2789
445122.00000 4367970.00000 -121.4869
445122.00000 4367974.00000 -121.3553
445122.00000 4367978.00000 -120.3793
445122.00000 4367982.00000 -122.8263
445122.00000 4367986.00000 -121.7783
445122.00000 4367990.00000 -121.5270
445122.00000 4367994.00000 -122.3979
445122.00000 4367998.00000 -120.6724
445122.00000 4368002.00000 -120.4079
445122.00000 4368006.00000 -120.8555
445122.00000 4368010.00000 -121.3673
445122.00000 4368014.00000 -121.4040
445122.00000 4368018.00000 -121.7708
445122.00000 4368022.00000 -122.0444
445122.00000 4368026.00000 -121.9242
445122.00000 4368030.00000 -121.5066
445122.00000 4368034.00000 -121.0164
445122.00000 4368038.00000 -119.6975
445122.00000 4368042.00000 -130.4249
445122.00000 4368046.00000 -132.8571
445122.00000 4368050.00000 -133.2211
445122.00000 4368054.00000 -137.6148
445122.00000 4368058.00000 -138.3383
445122.00000 4368062.00000 -137.7167
445122.00000 4368066.00000 -138.2617
445122.00000 4368070.00000 -142.1449
445122.00000 4368074.00000 N.C.
445122.00000 4368078.00000 N.C.
445122.00000 4368082.00000 N.C.
445122.00000 4368086.00000 N.C.
445122.00000 4368090.00000 N.C.
445122.00000 4368094.00000 -135.4950
445122.00000 4368098.00000 -129.0976
445122.00000 4368102.00000 -127.9385
445122.00000 4368106.00000 -127.2685
445122.00000 4368110.00000 -127.4109
445122.00000 4368114.00000 -127.7378
445122.00000 4368118.00000 N.C.
445122.00000 4368122.00000 N.C.
445122.00000 4368126.00000 -128.4781
445122.00000 4368130.00000 -125.3429
445122.00000 4368134.00000 -120.8778
445122.00000 4368138.00000 -121.0938
445122.00000 4368142.00000 N.C.
445122.00000 4368146.00000 N.C.
445122.00000 4368150.00000 -133.1449
445122.00000 4368154.00000 -141.1584
445122.00000 4368158.00000 N.C.
445122.00000 4368162.00000 -139.3156
445122.00000 4368166.00000 N.C.
445122.00000 4368170.00000 N.C.
445122.00000 4368174.00000 N.C.
445122.00000 4368178.00000 N.C.
445122.00000 4368182.00000 N.C.
445122.00000 4368186.00000 -126.9709
445122.00000 4368190.00000 N.C.
445122.00000 4368194.00000 N.C.
445122.00000 4368198.00000 -116.3652
445122.00000 4368202.00000 -103.4221
445122.00000 4368206.00000 -102.7002
445122.00000 4368210.00000 -102.6128
445122.00000 4368214.00000 N.C.
445122.00000 4368218.00000 -101.5104
445122.00000 4368222.00000 -94.0517
445122.00000 4368226.00000 -98.1367
445122.00000 4368230.00000 -99.7240
445122.00000 4368234.00000 -111.2302
445122.00000 4368238.00000 -108.0073
445122.00000 4368242.00000 -122.4969
445122.00000 4368246.00000 -111.8243
445122.00000 4368250.00000 -109.0810
445122.00000 4368254.00000 N.C.
445122.00000 4368258.00000 -108.4141
445122.00000 4368262.00000 -93.6293
445122.00000 4368266.00000 N.C.
445122.00000 4368270.00000 N.C.
445122.00000 4368274.00000 N.C.
445122.00000 4368278.00000 -104.8960
445122.00000 4368282.00000 N.C.
445122.00000 4368286.00000 N.C.
445122.00000 4368290.00000 -119.3288
445122.00000 4368294.00000 -109.0833
445122.00000 4368298.00000 N.C.
445122.00000 4368302.00000 N.C.
445122.00000 4368306.00000 -121.7383
445122.00000 4368310.00000 -129.9234
445122.00000 4368314.00000 -120.3995
445122.00000 4368318.00000 -123.6538
445122.00000 4368322.00000 N.C.
445122.00000 4368326.00000 N.C.
445122.00000 4368330.00000 N.C.
445122.00000 4368334.00000 N.C.
445122.00000 4368338.00000 N.C.
445122.00000 4368342.00000 N.C.
445122.00000 4368346.00000 N.C.
445122.00000 4368350.00000 -122.4155
445122.00000 4368354.00000 -110.8349
445122.00000 4368358.00000 -101.1839
445122.00000 4368362.00000 -102.8442
445122.00000 4368366.00000 -102.9127
445122.00000 4368370.00000 -103.6425
445122.00000 4368374.00000 -102.3144
445122.00000 4368378.00000 -103.0341
445122.00000 4368382.00000 -103.6485
445122.00000 4368386.00000 -103.8693
445122.00000 4368390.00000 -104.5914
445122.00000 4368394.00000 -104.8320
445126.00000 4367886.00000 -123.3629
445126.00000 4367890.00000 -123.2108
445126.00000 4367894.00000 -121.7143
445126.00000 4367898.00000 -121.5119
445126.00000 4367902.00000 -121.4185
445126.00000 4367906.00000 -119.9587
445126.00000 4367910.00000 -121.5249
445126.00000 4367914.00000 -119.6635
445126.00000 4367918.00000 -121.4478
445126.00000 4367922.00000 -122.7581
445126.00000 4367926.00000 -125.2322
445126.00000 4367930.00000 -125.0435
445126.00000 4367934.00000 -123.9157
445126.00000 4367938.00000 -124.9615
445126.00000 4367942.00000 -121.4465
445126.00000 4367946.00000 -121.4055
445126.00000 4367950.00000 -124.1444
445126.00000 4367954.00000 -124.6801
445126.00000 4367958.00000 -120.6960
445126.00000 4367962.00000 -120.3350
445126.00000 4367966.00000 -120.3582
445126.00000 4367970.00000 -120.1583
445126.00000 4367974.00000 -121.0377
445126.00000 4367978.00000 -120.9824
445126.00000 4367982.00000 -120.9409
445126.00000 4367986.00000 -120.0367
445126.00000 4367990.00000 -121.6732
445126.00000 4367994.00000 -121.4801
445126.00000 4367998.00000 -122.1464
445126.00000 4368002.00000 -120.3679
445126.00000 4368006.00000 -121.1218
445126.00000 4368010.00000 -120.3020
445126.00000 4368014.00000 -120.9450
445126.00000 4368018.00000 -120.8187
445126.00000 4368022.00000 -120.5828
445126.00000 4368026.00000 -121.0054
445126.00000 4368030.00000 -121.4064
445126.00000 4368034.00000 -121.0684
445126.00000 4368038.00000 -120.7204
445126.00000 4368042.00000 -120.2293
445126.00000 4368046.00000 -124.3616
445126.00000 4368050.00000 -129.8154
445126.00000 4368054.00000 -130.1939
445126.00000 4368058.00000 -136.5577
445126.00000 4368062.00000 -137.7712
445126.00000 4368066.00000 -138.5522
445126.00000 4368070.00000 -142.5416
445126.00000 4368074.00000 N.C.
445126.00000 4368078.00000 N.C.
445126.00000 4368082.00000 -150.4932
445126.00000 4368086.00000 N.C.
445126.00000 4368090.00000 -150.8161
445126.00000 4368094.00000 N.C.
445126.00000 4368098.00000 N.C.
445126.00000 4368102.00000 N.C.
445126.00000 4368106.00000 N.C.
445126.00000 4368110.00000 -131.0657
445126.00000 4368114.00000 -126.6568
445126.00000 4368118.00000 -132.7605
445126.00000 4368122.00000 -112.1086
445126.00000 4368126.00000 -128.3869
445126.00000 4368130.00000 -119.3754
445126.00000 4368134.00000 -120.6237
445126.00000 4368138.00000 -120.8862
445126.00000 4368142.00000 N.C.
445126.00000 4368146.00000 -128.9229
445126.00000 4368150.00000 N.C.
445126.00000 4368154.00000 N.C.
445126.00000 4368158.00000 N.C.
445126.00000 4368162.00000 N.C.
445126.00000 4368166.00000 N.C.
445126.00000 4368170.00000 -130.7726
445126.00000 4368174.00000 -129.1221
445126.00000 4368178.00000 -129.5430
445126.00000 4368182.00000 -132.9866
445126.00000 4368186.00000 -127.7297
445126.00000 4368190.00000 N.C.
445126.00000 4368194.00000 N.C.
445126.00000 4368198.00000 -112.0936
445126.00000 4368202.00000 -116.0742
445126.00000 4368206.00000 -102.8068
445126.00000 4368210.00000 -97.9933
445126.00000 4368214.00000 -102.4999
445126.00000 4368218.00000 -99.0140
445126.00000 4368222.00000 -93.7959
445126.00000 4368226.00000 -102.0617
445126.00000 4368230.00000 -98.4527
445126.00000 4368234.00000 -110.1889
445126.00000 4368238.00000 -104.1371
445126.00000 4368242.00000 N.C.
445126.00000 4368246.00000 N.C.
445126.00000 4368250.00000 -92.9879
445126.00000 4368254.00000 -93.5991
445126.00000 4368258.00000 -102.9830
445126.00000 4368262.00000 -98.1326
445126.00000 4368266.00000 -102.6243
445126.00000 4368270.00000 N.C.
445126.00000 4368274.00000 N.C.
445126.00000 4368278.00000 -102.1459
445126.00000 4368282.00000 N.C.
445126.00000 4368286.00000 -125.1961
445126.00000 4368290.00000 -120.6651
445126.00000 4368294.00000 -119.9164
445126.00000 4368298.00000 N.C.
445126.00000 4368302.00000 N.C.
445126.00000 4368306.00000 N.C.
445126.00000 4368310.00000 N.C.
445126.00000 4368314.00000 N.C.
445126.00000 4368318.00000 N.C.
445126.00000 4368322.00000 N.C.
445126.00000 4368326.00000 N.C.
445126.00000 4368330.00000 N.C.
445126.00000 4368334.00000 N.C.
445126.00000 4368338.00000 N.C.
445126.00000 4368342.00000 N.C.
445126.00000 4368346.00000 N.C.
445126.00000 4368350.00000 -116.1736
445126.00000 4368354.00000 -105.1663
445126.00000 4368358.00000 -101.2018
445126.00000 4368362.00000 -102.9793
445126.00000 4368366.00000 -103.4917
445126.00000 4368370.00000 -103.6365
445126.00000 4368374.00000 -103.7345
445126.00000 4368378.00000 -103.9213
445126.00000 4368382.00000 -104.1230
445126.00000 4368386.00000 -103.3561
445126.00000 4368390.00000 -102.0235
445126.00000 4368394.00000 -103.8370
445130.00000 4367886.00000 -123.2714
445130.00000 4367890.00000 -122.8340
445130.00000 4367894.00000 -123.2391
445130.00000 4367898.00000 -123.1545
445130.00000 4367902.00000 -124.1628
445130.00000 4367906.00000 -121.9534
445130.00000 4367910.00000 -121.8326
445130.00000 4367914.00000 -121.6304
445130.00000 4367918.00000 -119.7043
445130.00000 4367922.00000 -121.2359
445130.00000 4367926.00000 -119.6812
445130.00000 4367930.00000 -120.1135
445130.00000 4367934.00000 -125.2724
445130.00000 4367938.00000 -125.9255
445130.00000 4367942.00000 -125.0941
445130.00000 4367946.00000 -125.9121
445130.00000 4367950.00000 -125.8877
445130.00000 4367954.00000 -121.4450
445130.00000 4367958.00000 -125.6094
445130.00000 4367962.00000 -121.5363
445130.00000 4367966.00000 -121.3314
445130.00000 4367970.00000 -120.3145
445130.00000 4367974.00000 -120.1781
445130.00000 4367978.00000 -119.8326
445130.00000 4367982.00000 -120.2508
445130.00000 4367986.00000 -120.1481
445130.00000 4367990.00000 -120.3902
445130.00000 4367994.00000 -121.5091
445130.00000 4367998.00000 -121.3548
445130.00000 4368002.00000 -121.2926
445130.00000 4368006.00000 -120.1208
445130.00000 4368010.00000 -120.5240
445130.00000 4368014.00000 -121.0911
445130.00000 4368018.00000 -120.9276
445130.00000 4368022.00000 -120.5829
445130.00000 4368026.00000 -119.8703
445130.00000 4368030.00000 -120.2801
445130.00000 4368034.00000 -120.4617
445130.00000 4368038.00000 -120.5381
445130.00000 4368042.00000 -120.2688
445130.00000 4368046.00000 -119.9006
445130.00000 4368050.00000 -119.3749
445130.00000 4368054.00000 -128.5577
445130.00000 4368058.00000 -133.8895
445130.00000 4368062.00000 -137.3474
445130.00000 4368066.00000 -136.6764
445130.00000 4368070.00000 -143.1548
445130.00000 4368074.00000 N.C.
445130.00000 4368078.00000 N.C.
445130.00000 4368082.00000 -152.2578
445130.00000 4368086.00000 N.C.
445130.00000 4368090.00000 N.C.
445130.00000 4368094.00000 N.C.
445130.00000 4368098.00000 N.C.
445130.00000 4368102.00000 N.C.
445130.00000 4368106.00000 N.C.
445130.00000 4368110.00000 N.C.
445130.00000 4368114.00000 -129.5254
445130.00000 4368118.00000 N.C.
445130.00000 4368122.00000 N.C.
445130.00000 4368126.00000 N.C.
445130.00000 4368130.00000 -119.5794
445130.00000 4368134.00000 -120.3761
445130.00000 4368138.00000 -120.6041
445130.00000 4368142.00000 N.C.
445130.00000 4368146.00000 -129.5321
445130.00000 4368150.00000 -130.5318
445130.00000 4368154.00000 -130.1177
445130.00000 4368158.00000 -129.0665
445130.00000 4368162.00000 N.C.
445130.00000 4368166.00000 N.C.
445130.00000 4368170.00000 -130.8239
445130.00000 4368174.00000 -130.3360
445130.00000 4368178.00000 N.C.
445130.00000 4368182.00000 N.C.
445130.00000 4368186.00000 N.C.
445130.00000 4368190.00000 N.C.
445130.00000 4368194.00000 -115.7926
445130.00000 4368198.00000 N.C.
445130.00000 4368202.00000 -101.9518
445130.00000 4368206.00000 -112.3719
445130.00000 4368210.00000 -101.6512
445130.00000 4368214.00000 -101.4592
445130.00000 4368218.00000 -98.7171
445130.00000 4368222.00000 -93.4516
445130.00000 4368226.00000 -104.5548
445130.00000 4368230.00000 -104.2824
445130.00000 4368234.00000 -97.7483
445130.00000 4368238.00000 -93.3849
445130.00000 4368242.00000 -92.7186
445130.00000 4368246.00000 -92.8911
445130.00000 4368250.00000 -101.2153
445130.00000 4368254.00000 -98.3947
445130.00000 4368258.00000 -103.5061
445130.00000 4368262.00000 -107.5055
445130.00000 4368266.00000 -104.4705
445130.00000 4368270.00000 -106.0504
445130.00000 4368274.00000 -105.7759
445130.00000 4368278.00000 -100.3889
445130.00000 4368282.00000 N.C.
445130.00000 4368286.00000 -119.6690
445130.00000 4368290.00000 -120.8887
445130.00000 4368294.00000 -110.9926
445130.00000 4368298.00000 -116.8214
445130.00000 4368302.00000 -113.0048
445130.00000 4368306.00000 N.C.
445130.00000 4368310.00000 N.C.
445130.00000 4368314.00000 N.C.
445130.00000 4368318.00000 N.C.
445130.00000 4368322.00000 N.C.
445130.00000 4368326.00000 N.C.
445130.00000 4368330.00000 N.C.
445130.00000 4368334.00000 N.C.
445130.00000 4368338.00000 N.C.
445130.00000 4368342.00000 -113.5944
445130.00000 4368346.00000 -109.3995
445130.00000 4368350.00000 -100.8631
445130.00000 4368354.00000 -101.1409
445130.00000 4368358.00000 -101.3874
445130.00000 4368362.00000 -102.6024
445130.00000 4368366.00000 -103.4563
445130.00000 4368370.00000 -103.4702
445130.00000 4368374.00000 -103.1633
445130.00000 4368378.00000 -103.9772
445130.00000 4368382.00000 -104.0462
445130.00000 4368386.00000 -112.9241
445130.00000 4368390.00000 -107.9775
445130.00000 4368394.00000 -108.5861
445134.00000 4367886.00000 -123.4538
445134.00000 4367890.00000 -123.3237
445134.00000 4367894.00000 -123.1619
445134.00000 4367898.00000 -123.5503
445134.00000 4367902.00000 -122.9083
445134.00000 4367906.00000 -122.7710
445134.00000 4367910.00000 -121.0456
445134.00000 4367914.00000 -121.6687
445134.00000 4367918.00000 -122.0172
445134.00000 4367922.00000 -121.2997
445134.00000 4367926.00000 -121.2984
445134.00000 4367930.00000 -121.0984
445134.00000 4367934.00000 -118.8877
445134.00000 4367938.00000 -121.7983
445134.00000 4367942.00000 -121.5868
445134.00000 4367946.00000 -121.3403
445134.00000 4367950.00000 -121.2787
445134.00000 4367954.00000 -121.2732
445134.00000 4367958.00000 -126.1062
445134.00000 4367962.00000 -126.9402
445134.00000 4367966.00000 -121.6274
445134.00000 4367970.00000 -119.8844
445134.00000 4367974.00000 -121.2238
445134.00000 4367978.00000 -120.8572
445134.00000 4367982.00000 -119.5930
445134.00000 4367986.00000 -120.6059
445134.00000 4367990.00000 -120.0032
445134.00000 4367994.00000 -119.8329
445134.00000 4367998.00000 -119.6182
445134.00000 4368002.00000 -119.2848
445134.00000 4368006.00000 -119.5543
445134.00000 4368010.00000 -120.0253
445134.00000 4368014.00000 -120.3784
445134.00000 4368018.00000 -120.9897
445134.00000 4368022.00000 -120.6641
445134.00000 4368026.00000 -120.3857
445134.00000 4368030.00000 -119.6855
445134.00000 4368034.00000 -119.8791
445134.00000 4368038.00000 -119.8623
445134.00000 4368042.00000 -119.7399
445134.00000 4368046.00000 -119.7198
445134.00000 4368050.00000 -119.3940
445134.00000 4368054.00000 -119.0051
445134.00000 4368058.00000 -118.3515
445134.00000 4368062.00000 -131.5140
445134.00000 4368066.00000 -136.1656
445134.00000 4368070.00000 -143.0750
445134.00000 4368074.00000 N.C.
445134.00000 4368078.00000 -159.2710
445134.00000 4368082.00000 N.C.
445134.00000 4368086.00000 N.C.
445134.00000 4368090.00000 -149.4648
445134.00000 4368094.00000 N.C.
445134.00000 4368098.00000 -129.6139
445134.00000 4368102.00000 -129.4204
445134.00000 4368106.00000 -128.9105
445134.00000 4368110.00000 -126.9795
445134.00000 4368114.00000 -125.2572
445134.00000 4368118.00000 N.C.
445134.00000 4368122.00000 N.C.
445134.00000 4368126.00000 N.C.
445134.00000 4368130.00000 -119.6132
445134.00000 4368134.00000 -120.2600
445134.00000 4368138.00000 -119.7685
445134.00000 4368142.00000 N.C.
445134.00000 4368146.00000 N.C.
445134.00000 4368150.00000 -130.7972
445134.00000 4368154.00000 -130.7672
445134.00000 4368158.00000 -129.3149
445134.00000 4368162.00000 N.C.
445134.00000 4368166.00000 N.C.
445134.00000 4368170.00000 -131.2926
445134.00000 4368174.00000 -130.2428
445134.00000 4368178.00000 N.C.
445134.00000 4368182.00000 -116.2423
445134.00000 4368186.00000 -115.3600
445134.00000 4368190.00000 -113.9201
445134.00000 4368194.00000 -114.9828
445134.00000 4368198.00000 N.C.
445134.00000 4368202.00000 -98.8770
445134.00000 4368206.00000 -98.3953
445134.00000 4368210.00000 -98.0987
445134.00000 4368214.00000 -96.9346
445134.00000 4368218.00000 -101.0656
445134.00000 4368222.00000 -93.1386
445134.00000 4368226.00000 -103.7510
445134.00000 4368230.00000 -104.6866
445134.00000 4368234.00000 -89.8550
445134.00000 4368238.00000 -92.9863
445134.00000 4368242.00000 -102.1680
445134.00000 4368246.00000 -101.8955
445134.00000 4368250.00000 -104.2566
445134.00000 4368254.00000 -107.9022
445134.00000 4368258.00000 -104.5735
445134.00000 4368262.00000 -103.8547
445134.00000 4368266.00000 N.C.
445134.00000 4368270.00000 -105.8910
445134.00000 4368274.00000 -103.8421
445134.00000 4368278.00000 N.C.
445134.00000 4368282.00000 N.C.
445134.00000 4368286.00000 -118.3178
445134.00000 4368290.00000 -116.0220
445134.00000 4368294.00000 -115.4958
445134.00000 4368298.00000 -111.6067
445134.00000 4368302.00000 -109.2692
445134.00000 4368306.00000 -104.0431
445134.00000 4368310.00000 N.C.
445134.00000 4368314.00000 N.C.
445134.00000 4368318.00000 N.C.
445134.00000 4368322.00000 -134.2081
445134.00000 4368326.00000 N.C.
445134.00000 4368330.00000 N.C.
445134.00000 4368334.00000 N.C.
445134.00000 4368338.00000 N.C.
445134.00000 4368342.00000 -113.3260
445134.00000 4368346.00000 -106.0471
445134.00000 4368350.00000 -100.6055
445134.00000 4368354.00000 -101.0575
445134.00000 4368358.00000 -101.2791
445134.00000 4368362.00000 -101.1016
445134.00000 4368366.00000 -103.2395
445134.00000 4368370.00000 -111.0882
445134.00000 4368374.00000 -115.1275
445134.00000 4368378.00000 -111.7909
445134.00000 4368382.00000 -122.6686
445134.00000 4368386.00000 -121.5468
445134.00000 4368390.00000 -117.7421
445134.00000 4368394.00000 -116.9951
445138.00000 4367886.00000 -123.0401
445138.00000 4367890.00000 -122.9748
445138.00000 4367894.00000 -123.0530
445138.00000 4367898.00000 -123.4621
445138.00000 4367902.00000 -122.8294
445138.00000 4367906.00000 -122.7461
445138.00000 4367910.00000 -122.6575
445138.00000 4367914.00000 -122.9889
445138.00000 4367918.00000 -122.7653
445138.00000 4367922.00000 -121.0126
445138.00000 4367926.00000 -120.3340
445138.00000 4367930.00000 -119.6030
445138.00000 4367934.00000 -120.4052
445138.00000 4367938.00000 -120.9220
445138.00000 4367942.00000 -121.0376
445138.00000 4367946.00000 -121.6719
445138.00000 4367950.00000 -121.6495
445138.00000 4367954.00000 -122.1559
445138.00000 4367958.00000 -119.7896
445138.00000 4367962.00000 -127.3291
445138.00000 4367966.00000 -126.3336
445138.00000 4367970.00000 -126.5769
445138.00000 4367974.00000 -121.3891
445138.00000 4367978.00000 -121.1783
445138.00000 4367982.00000 -119.0098
445138.00000 4367986.00000 -121.1126
445138.00000 4367990.00000 -120.9257
445138.00000 4367994.00000 -119.3698
445138.00000 4367998.00000 -119.6368
445138.00000 4368002.00000 -119.3846
445138.00000 4368006.00000 -119.3055
445138.00000 4368010.00000 -118.7908
445138.00000 4368014.00000 -119.0139
445138.00000 4368018.00000 -120.0884
445138.00000 4368022.00000 -120.7225
445138.00000 4368026.00000 -120.3668
445138.00000 4368030.00000 -120.0508
445138.00000 4368034.00000 -119.3840
445138.00000 4368038.00000 -118.9381
445138.00000 4368042.00000 -119.0624
445138.00000 4368046.00000 -118.8249
445138.00000 4368050.00000 -118.9602
445138.00000 4368054.00000 -118.8922
445138.00000 4368058.00000 -118.4091
445138.00000 4368062.00000 -118.0301
445138.00000 4368066.00000 -128.5370
445138.00000 4368070.00000 -134.9292
445138.00000 4368074.00000 -145.7141
445138.00000 4368078.00000 N.C.
445138.00000 4368082.00000 N.C.
445138.00000 4368086.00000 N.C.
445138.00000 4368090.00000 -148.6943
445138.00000 4368094.00000 N.C.
445138.00000 4368098.00000 -144.4579
445138.00000 4368102.00000 N.C.
445138.00000 4368106.00000 -129.8951
445138.00000 4368110.00000 -122.0582
445138.00000 4368114.00000 -121.3228
445138.00000 4368118.00000 N.C.
445138.00000 4368122.00000 -115.3917
445138.00000 4368126.00000 -118.3863
445138.00000 4368130.00000 -119.9907
445138.00000 4368134.00000 -126.0118
445138.00000 4368138.00000 N.C.
445138.00000 4368142.00000 -138.3995
445138.00000 4368146.00000 -134.9969
445138.00000 4368150.00000 -133.5370
445138.00000 4368154.00000 -131.6555
445138.00000 4368158.00000 -129.9912
445138.00000 4368162.00000 N.C.
445138.00000 4368166.00000 N.C.
445138.00000 4368170.00000 -131.6966
445138.00000 4368174.00000 N.C.
445138.00000 4368178.00000 N.C.
445138.00000 4368182.00000 -116.7030
445138.00000 4368186.00000 -116.1549
445138.00000 4368190.00000 -114.4664
445138.00000 4368194.00000 N.C.
445138.00000 4368198.00000 N.C.
445138.00000 4368202.00000 -110.7233
445138.00000 4368206.00000 -101.5466
445138.00000 4368210.00000 -98.0733
445138.00000 4368214.00000 -95.7540
445138.00000 4368218.00000 -95.6086
445138.00000 4368222.00000 -95.8018
445138.00000 4368226.00000 -92.0903
445138.00000 4368230.00000 -91.6838
445138.00000 4368234.00000 -97.3194
445138.00000 4368238.00000 -110.8107
445138.00000 4368242.00000 -118.1930
445138.00000 4368246.00000 -112.0178
445138.00000 4368250.00000 -113.6293
445138.00000 4368254.00000 -112.1655
445138.00000 4368258.00000 -108.6123
445138.00000 4368262.00000 -104.3258
445138.00000 4368266.00000 -104.8974
445138.00000 4368270.00000 -105.7617
445138.00000 4368274.00000 -103.3797
445138.00000 4368278.00000 N.C.
445138.00000 4368282.00000 N.C.
445138.00000 4368286.00000 -114.3922
445138.00000 4368290.00000 -107.7559
445138.00000 4368294.00000 -113.9121
445138.00000 4368298.00000 -107.7185
445138.00000 4368302.00000 -108.4771
445138.00000 4368306.00000 -112.3629
445138.00000 4368310.00000 -114.5621
445138.00000 4368314.00000 -110.6172
445138.00000 4368318.00000 -110.3643
445138.00000 4368322.00000 N.C.
445138.00000 4368326.00000 N.C.
445138.00000 4368330.00000 N.C.
445138.00000 4368334.00000 N.C.
445138.00000 4368338.00000 -113.7506
445138.00000 4368342.00000 -111.0184
445138.00000 4368346.00000 -100.0345
445138.00000 4368350.00000 -100.5206
445138.00000 4368354.00000 N.C.
445138.00000 4368358.00000 N.C.
445138.00000 4368362.00000 -111.5526
445138.00000 4368366.00000 -126.5583
445138.00000 4368370.00000 -121.7834
445138.00000 4368374.00000 -118.7501
445138.00000 4368378.00000 -112.5055
445138.00000 4368382.00000 -111.6072
445138.00000 4368386.00000 -126.8176
445138.00000 4368390.00000 -126.9212
445138.00000 4368394.00000 -122.2684
445142.00000 4367886.00000 -123.4996
445142.00000 4367890.00000 -123.3782
445142.00000 4367894.00000 -123.4646
445142.00000 4367898.00000 -123.3448
445142.00000 4367902.00000 -122.5929
445142.00000 4367906.00000 -122.4683
445142.00000 4367910.00000 -122.2589
445142.00000 4367914.00000 -122.8513
445142.00000 4367918.00000 -122.7084
445142.00000 4367922.00000 -122.6075
445142.00000 4367926.00000 -122.3801
445142.00000 4367930.00000 -122.2198
445142.00000 4367934.00000 -120.5178
445142.00000 4367938.00000 -119.5371
445142.00000 4367942.00000 -119.4999
445142.00000 4367946.00000 -119.4142
445142.00000 4367950.00000 -120.2091
445142.00000 4367954.00000 -121.7757
445142.00000 4367958.00000 -116.2763
445142.00000 4367962.00000 -122.5946
445142.00000 4367966.00000 -122.3258
445142.00000 4367970.00000 -122.2859
445142.00000 4367974.00000 -121.8917
445142.00000 4367978.00000 -121.1142
445142.00000 4367982.00000 -126.2898
445142.00000 4367986.00000 -121.3801
445142.00000 4367990.00000 -121.7120
445142.00000 4367994.00000 -118.7094
445142.00000 4367998.00000 -118.4047
445142.00000 4368002.00000 -118.8735
445142.00000 4368006.00000 -118.8458
445142.00000 4368010.00000 -119.3077
445142.00000 4368014.00000 -118.6567
445142.00000 4368018.00000 -118.5658
445142.00000 4368022.00000 -119.8661
445142.00000 4368026.00000 -120.3490
445142.00000 4368030.00000 -120.1934
445142.00000 4368034.00000 -119.8459
445142.00000 4368038.00000 -119.1482
445142.00000 4368042.00000 -118.5678
445142.00000 4368046.00000 -118.5303
445142.00000 4368050.00000 -118.2154
445142.00000 4368054.00000 -117.5344
445142.00000 4368058.00000 -117.5212
445142.00000 4368062.00000 -117.8571
445142.00000 4368066.00000 -117.4191
445142.00000 4368070.00000 -116.7755
445142.00000 4368074.00000 -147.5789
445142.00000 4368078.00000 N.C.
445142.00000 4368082.00000 -142.5700
445142.00000 4368086.00000 N.C.
445142.00000 4368090.00000 N.C.
445142.00000 4368094.00000 N.C.
445142.00000 4368098.00000 N.C.
445142.00000 4368102.00000 N.C.
445142.00000 4368106.00000 N.C.
445142.00000 4368110.00000 -110.6553
445142.00000 4368114.00000 -122.0516
445142.00000 4368118.00000 N.C.
445142.00000 4368122.00000 -110.7973
445142.00000 4368126.00000 -119.8091
445142.00000 4368130.00000 -125.2807
445142.00000 4368134.00000 -130.5567
445142.00000 4368138.00000 N.C.
445142.00000 4368142.00000 N.C.
445142.00000 4368146.00000 N.C.
445142.00000 4368150.00000 N.C.
445142.00000 4368154.00000 -135.6001
445142.00000 4368158.00000 -131.0097
445142.00000 4368162.00000 N.C.
445142.00000 4368166.00000 N.C.
445142.00000 4368170.00000 -131.5490
445142.00000 4368174.00000 N.C.
445142.00000 4368178.00000 N.C.
445142.00000 4368182.00000 -117.2724
445142.00000 4368186.00000 -117.9579
445142.00000 4368190.00000 -115.8751
445142.00000 4368194.00000 N.C.
445142.00000 4368198.00000 N.C.
445142.00000 4368202.00000 -108.1109
445142.00000 4368206.00000 -115.2869
445142.00000 4368210.00000 N.C.
445142.00000 4368214.00000 -107.0056
445142.00000 4368218.00000 -94.8691
445142.00000 4368222.00000 -90.6660
445142.00000 4368226.00000 -93.1640
445142.00000 4368230.00000 N.C.
445142.00000 4368234.00000 N.C.
445142.00000 4368238.00000 N.C.
445142.00000 4368242.00000 N.C.
445142.00000 4368246.00000 N.C.
445142.00000 4368250.00000 N.C.
445142.00000 4368254.00000 -124.1786
445142.00000 4368258.00000 -117.6036
445142.00000 4368262.00000 -110.6226
445142.00000 4368266.00000 -106.6513
445142.00000 4368270.00000 -106.3523
445142.00000 4368274.00000 -103.8081
445142.00000 4368278.00000 -107.8082
445142.00000 4368282.00000 -110.3683
445142.00000 4368286.00000 -115.1669
445142.00000 4368290.00000 -115.6607
445142.00000 4368294.00000 -110.8922
445142.00000 4368298.00000 -114.7782
445142.00000 4368302.00000 -103.0340
445142.00000 4368306.00000 -114.7952
445142.00000 4368310.00000 -115.8580
445142.00000 4368314.00000 -111.1848
445142.00000 4368318.00000 -111.3270
445142.00000 4368322.00000 N.C.
445142.00000 4368326.00000 N.C.
445142.00000 4368330.00000 N.C.
445142.00000 4368334.00000 N.C.
445142.00000 4368338.00000 -113.6662
445142.00000 4368342.00000 -108.7877
445142.00000 4368346.00000 -100.1620
445142.00000 4368350.00000 -100.4982
445142.00000 4368354.00000 N.C.
445142.00000 4368358.00000 N.C.
445142.00000 4368362.00000 -111.7373
445142.00000 4368366.00000 -128.5998
445142.00000 4368370.00000 N.C.
445142.00000 4368374.00000 N.C.
445142.00000 4368378.00000 -111.5827
445142.00000 4368382.00000 -121.5763
445142.00000 4368386.00000 -126.3914
445142.00000 4368390.00000 -127.9008
445142.00000 4368394.00000 -127.5379
445146.00000 4367886.00000 -123.6991
445146.00000 4367890.00000 -124.0434
445146.00000 4367894.00000 -123.9962
445146.00000 4367898.00000 -123.5816
445146.00000 4367902.00000 -122.9380
445146.00000 4367906.00000 -122.7755
445146.00000 4367910.00000 -122.6305
445146.00000 4367914.00000 -122.7175
445146.00000 4367918.00000 -122.5400
445146.00000 4367922.00000 -122.7362
445146.00000 4367926.00000 -122.4943
445146.00000 4367930.00000 -122.2087
445146.00000 4367934.00000 -120.4678
445146.00000 4367938.00000 -120.3268
445146.00000 4367942.00000 -119.6891
445146.00000 4367946.00000 -119.4924
445146.00000 4367950.00000 -119.3564
445146.00000 4367954.00000 -115.7205
445146.00000 4367958.00000 -115.9480
445146.00000 4367962.00000 -115.8542
445146.00000 4367966.00000 -115.5789
445146.00000 4367970.00000 -116.0685
445146.00000 4367974.00000 -115.4278
445146.00000 4367978.00000 -122.0531
445146.00000 4367982.00000 -121.8464
445146.00000 4367986.00000 -121.4071
445146.00000 4367990.00000 -126.7258
445146.00000 4367994.00000 -126.5342
445146.00000 4367998.00000 -120.9188
445146.00000 4368002.00000 -118.3504
445146.00000 4368006.00000 -120.8543
445146.00000 4368010.00000 -118.3409
445146.00000 4368014.00000 -118.2957
445146.00000 4368018.00000 -117.5809
445146.00000 4368022.00000 -117.3598
445146.00000 4368026.00000 -119.4874
445146.00000 4368030.00000 -119.7760
445146.00000 4368034.00000 -119.5790
445146.00000 4368038.00000 -119.6955
445146.00000 4368042.00000 -118.9787
445146.00000 4368046.00000 -118.1099
445146.00000 4368050.00000 -118.0363
445146.00000 4368054.00000 -117.6665
445146.00000 4368058.00000 -117.1441
445146.00000 4368062.00000 -117.0156
445146.00000 4368066.00000 -116.7223
445146.00000 4368070.00000 -116.7960
445146.00000 4368074.00000 N.C.
445146.00000 4368078.00000 N.C.
445146.00000 4368082.00000 -137.9316
445146.00000 4368086.00000 N.C.
445146.00000 4368090.00000 N.C.
445146.00000 4368094.00000 N.C.
445146.00000 4368098.00000 N.C.
445146.00000 4368102.00000 -111.4305
445146.00000 4368106.00000 -111.9250
445146.00000 4368110.00000 -111.4625
445146.00000 4368114.00000 -110.8017
445146.00000 4368118.00000 N.C.
445146.00000 4368122.00000 -110.5560
445146.00000 4368126.00000 -121.0685
445146.00000 4368130.00000 -124.3311
445146.00000 4368134.00000 -130.0960
445146.00000 4368138.00000 -136.1700
445146.00000 4368142.00000 N.C.
445146.00000 4368146.00000 N.C.
445146.00000 4368150.00000 N.C.
445146.00000 4368154.00000 N.C.
445146.00000 4368158.00000 N.C.
445146.00000 4368162.00000 N.C.
445146.00000 4368166.00000 N.C.
445146.00000 4368170.00000 -130.4230
445146.00000 4368174.00000 N.C.
445146.00000 4368178.00000 N.C.
445146.00000 4368182.00000 -118.0149
445146.00000 4368186.00000 -119.0803
445146.00000 4368190.00000 -117.0773
445146.00000 4368194.00000 N.C.
445146.00000 4368198.00000 N.C.
445146.00000 4368202.00000 -110.8646
445146.00000 4368206.00000 -107.8122
445146.00000 4368210.00000 N.C.
445146.00000 4368214.00000 -99.2391
445146.00000 4368218.00000 -93.0267
445146.00000 4368222.00000 -91.7842
445146.00000 4368226.00000 -118.8400
445146.00000 4368230.00000 N.C.
445146.00000 4368234.00000 N.C.
445146.00000 4368238.00000 N.C.
445146.00000 4368242.00000 N.C.
445146.00000 4368246.00000 N.C.
445146.00000 4368250.00000 N.C.
445146.00000 4368254.00000 N.C.
445146.00000 4368258.00000 N.C.
445146.00000 4368262.00000 -113.2163
445146.00000 4368266.00000 -112.8918
445146.00000 4368270.00000 -106.5312
445146.00000 4368274.00000 -101.5252
445146.00000 4368278.00000 N.C.
445146.00000 4368282.00000 -106.3584
445146.00000 4368286.00000 -112.3190
445146.00000 4368290.00000 -110.8682
445146.00000 4368294.00000 -111.3316
445146.00000 4368298.00000 -113.0041
445146.00000 4368302.00000 -103.4695
445146.00000 4368306.00000 N.C.
445146.00000 4368310.00000 -129.3961
445146.00000 4368314.00000 -122.7227
445146.00000 4368318.00000 -109.4182
445146.00000 4368322.00000 N.C.
445146.00000 4368326.00000 N.C.
445146.00000 4368330.00000 N.C.
445146.00000 4368334.00000 N.C.
445146.00000 4368338.00000 -113.2575
445146.00000 4368342.00000 -106.1325
445146.00000 4368346.00000 -100.2095
445146.00000 4368350.00000 -100.5036
445146.00000 4368354.00000 N.C.
445146.00000 4368358.00000 -125.8191
445146.00000 4368362.00000 -114.8219
445146.00000 4368366.00000 -128.7605
445146.00000 4368370.00000 N.C.
445146.00000 4368374.00000 N.C.
445146.00000 4368378.00000 N.C.
445146.00000 4368382.00000 -112.1914
445146.00000 4368386.00000 -124.4489
445146.00000 4368390.00000 -126.6046
445146.00000 4368394.00000 -125.7301
445150.00000 4367886.00000 -123.6897
445150.00000 4367890.00000 -123.6662
445150.00000 4367894.00000 -124.4110
445150.00000 4367898.00000 -123.4760
445150.00000 4367902.00000 -122.9894
445150.00000 4367906.00000 -123.3750
445150.00000 4367910.00000 -122.7231
445150.00000 4367914.00000 -122.9035
445150.00000 4367918.00000 -123.1177
445150.00000 4367922.00000 -122.4898
445150.00000 4367926.00000 -122.3569
445150.00000 4367930.00000 -122.3366
445150.00000 4367934.00000 -122.3537
445150.00000 4367938.00000 -121.9647
445150.00000 4367942.00000 -120.1833
445150.00000 4367946.00000 -120.0754
445150.00000 4367950.00000 -119.4831
445150.00000 4367954.00000 -115.4071
445150.00000 4367958.00000 -115.4609
445150.00000 4367962.00000 -115.4815
445150.00000 4367966.00000 -115.6532
445150.00000 4367970.00000 -115.6056
445150.00000 4367974.00000 -115.6119
445150.00000 4367978.00000 -115.5172
445150.00000 4367982.00000 -115.3432
445150.00000 4367986.00000 -115.5237
445150.00000 4367990.00000 -115.4519
445150.00000 4367994.00000 -121.3375
445150.00000 4367998.00000 -121.2175
445150.00000 4368002.00000 -121.2290
445150.00000 4368006.00000 -120.7258
445150.00000 4368010.00000 -120.8743
445150.00000 4368014.00000 -120.4987
445150.00000 4368018.00000 -121.0798
445150.00000 4368022.00000 -119.0122
445150.00000 4368026.00000 -118.9209
445150.00000 4368030.00000 -122.1168
445150.00000 4368034.00000 -117.0755
445150.00000 4368038.00000 -117.4866
445150.00000 4368042.00000 -118.6620
445150.00000 4368046.00000 -118.3218
445150.00000 4368050.00000 -117.7887
445150.00000 4368054.00000 -118.2010
445150.00000 4368058.00000 -117.3257
445150.00000 4368062.00000 -116.8308
445150.00000 4368066.00000 -116.4317
445150.00000 4368070.00000 -115.9899
445150.00000 4368074.00000 -115.5588
445150.00000 4368078.00000 -115.1643
445150.00000 4368082.00000 -113.8794
445150.00000 4368086.00000 N.C.
445150.00000 4368090.00000 N.C.
445150.00000 4368094.00000 -130.2311
445150.00000 4368098.00000 N.C.
445150.00000 4368102.00000 -110.9853
445150.00000 4368106.00000 -111.5403
445150.00000 4368110.00000 -111.0823
445150.00000 4368114.00000 -110.2376
445150.00000 4368118.00000 -110.0486
445150.00000 4368122.00000 -109.8538
445150.00000 4368126.00000 -113.7934
445150.00000 4368130.00000 -123.4469
445150.00000 4368134.00000 -125.8634
445150.00000 4368138.00000 N.C.
445150.00000 4368142.00000 N.C.
445150.00000 4368146.00000 N.C.
445150.00000 4368150.00000 N.C.
445150.00000 4368154.00000 N.C.
445150.00000 4368158.00000 N.C.
445150.00000 4368162.00000 N.C.
445150.00000 4368166.00000 -136.4094
445150.00000 4368170.00000 -128.4540
445150.00000 4368174.00000 -134.4179
445150.00000 4368178.00000 -134.5300
445150.00000 4368182.00000 N.C.
445150.00000 4368186.00000 N.C.
445150.00000 4368190.00000 -117.1170
445150.00000 4368194.00000 N.C.
445150.00000 4368198.00000 -99.0627
445150.00000 4368202.00000 -103.7409
445150.00000 4368206.00000 N.C.
445150.00000 4368210.00000 N.C.
445150.00000 4368214.00000 -104.4473
445150.00000 4368218.00000 -92.2435
445150.00000 4368222.00000 N.C.
445150.00000 4368226.00000 N.C.
445150.00000 4368230.00000 N.C.
445150.00000 4368234.00000 N.C.
445150.00000 4368238.00000 N.C.
445150.00000 4368242.00000 -121.4789
445150.00000 4368246.00000 -98.4532
445150.00000 4368250.00000 -97.1552
445150.00000 4368254.00000 N.C.
445150.00000 4368258.00000 N.C.
445150.00000 4368262.00000 -116.9847
445150.00000 4368266.00000 -117.7933
445150.00000 4368270.00000 -110.3039
445150.00000 4368274.00000 -100.2775
445150.00000 4368278.00000 N.C.
445150.00000 4368282.00000 -103.5579
445150.00000 4368286.00000 -108.6618
445150.00000 4368290.00000 -108.6252
445150.00000 4368294.00000 -110.7434
445150.00000 4368298.00000 -106.2779
445150.00000 4368302.00000 -110.7689
445150.00000 4368306.00000 N.C.
445150.00000 4368310.00000 N.C.
445150.00000 4368314.00000 N.C.
445150.00000 4368318.00000 N.C.
445150.00000 4368322.00000 N.C.
445150.00000 4368326.00000 N.C.
445150.00000 4368330.00000 N.C.
445150.00000 4368334.00000 N.C.
445150.00000 4368338.00000 -115.7401
445150.00000 4368342.00000 -109.4434
445150.00000 4368346.00000 -100.1078
445150.00000 4368350.00000 N.C.
445150.00000 4368354.00000 N.C.
445150.00000 4368358.00000 -124.1075
445150.00000 4368362.00000 -114.2456
445150.00000 4368366.00000 -128.3038
445150.00000 4368370.00000 N.C.
445150.00000 4368374.00000 N.C.
445150.00000 4368378.00000 N.C.
445150.00000 4368382.00000 -140.1988
445150.00000 4368386.00000 -121.7561
445150.00000 4368390.00000 -113.2580
445150.00000 4368394.00000 -131.8483
445154.00000 4367886.00000 -122.6558
445154.00000 4367890.00000 -122.5727
445154.00000 4367894.00000 -123.2045
445154.00000 4367898.00000 -122.7827
445154.00000 4367902.00000 -121.6798
445154.00000 4367906.00000 -121.6130
445154.00000 4367910.00000 -121.4645
445154.00000 4367914.00000 -122.3729
445154.00000 4367918.00000 -121.6115
445154.00000 4367922.00000 -122.5646
445154.00000 4367926.00000 -122.8811
445154.00000 4367930.00000 -122.0579
445154.00000 4367934.00000 -121.8888
445154.00000 4367938.00000 -121.7302
445154.00000 4367942.00000 -121.5302
445154.00000 4367946.00000 -121.5274
445154.00000 4367950.00000 -121.5153
445154.00000 4367954.00000 -115.5724
445154.00000 4367958.00000 -115.2730
445154.00000 4367962.00000 -115.1319
445154.00000 4367966.00000 -115.1662
445154.00000 4367970.00000 -115.0316
445154.00000 4367974.00000 -115.4608
445154.00000 4367978.00000 -115.3043
445154.00000 4367982.00000 -115.3265
445154.00000 4367986.00000 -115.1705
445154.00000 4367990.00000 -115.0135
445154.00000 4367994.00000 -114.9292
445154.00000 4367998.00000 -119.6430
445154.00000 4368002.00000 -118.7067
445154.00000 4368006.00000 -120.4674
445154.00000 4368010.00000 -120.0520
445154.00000 4368014.00000 -118.1668
445154.00000 4368018.00000 -119.5240
445154.00000 4368022.00000 -120.3083
445154.00000 4368026.00000 -119.1284
445154.00000 4368030.00000 -119.4818
445154.00000 4368034.00000 -123.0662
445154.00000 4368038.00000 -118.7015
445154.00000 4368042.00000 -119.2396
445154.00000 4368046.00000 -115.9886
445154.00000 4368050.00000 -116.1515
445154.00000 4368054.00000 -117.5295
445154.00000 4368058.00000 -117.2382
445154.00000 4368062.00000 -117.0416
445154.00000 4368066.00000 -115.4555
445154.00000 4368070.00000 -115.2799
445154.00000 4368074.00000 -114.5455
445154.00000 4368078.00000 -115.2245
445154.00000 4368082.00000 -118.9712
445154.00000 4368086.00000 N.C.
445154.00000 4368090.00000 N.C.
445154.00000 4368094.00000 N.C.
445154.00000 4368098.00000 N.C.
445154.00000 4368102.00000 -110.8477
445154.00000 4368106.00000 -110.5134
445154.00000 4368110.00000 -110.2705
445154.00000 4368114.00000 -109.7219
445154.00000 4368118.00000 -109.1226
445154.00000 4368122.00000 -109.1244
445154.00000 4368126.00000 -108.5744
445154.00000 4368130.00000 -123.0001
445154.00000 4368134.00000 N.C.
445154.00000 4368138.00000 N.C.
445154.00000 4368142.00000 -126.9064
445154.00000 4368146.00000 -120.9998
445154.00000 4368150.00000 -122.3233
445154.00000 4368154.00000 -106.3880
445154.00000 4368158.00000 -107.0248
445154.00000 4368162.00000 -107.5500
445154.00000 4368166.00000 N.C.
445154.00000 4368170.00000 N.C.
445154.00000 4368174.00000 N.C.
445154.00000 4368178.00000 N.C.
445154.00000 4368182.00000 N.C.
445154.00000 4368186.00000 -108.8303
445154.00000 4368190.00000 -109.4982
445154.00000 4368194.00000 -108.2142
445154.00000 4368198.00000 -98.3099
445154.00000 4368202.00000 -112.1528
445154.00000 4368206.00000 N.C.
445154.00000 4368210.00000 N.C.
445154.00000 4368214.00000 -94.3936
445154.00000 4368218.00000 -99.8208
445154.00000 4368222.00000 N.C.
445154.00000 4368226.00000 N.C.
445154.00000 4368230.00000 N.C.
445154.00000 4368234.00000 N.C.
445154.00000 4368238.00000 N.C.
445154.00000 4368242.00000 N.C.
445154.00000 4368246.00000 -110.1505
445154.00000 4368250.00000 N.C.
445154.00000 4368254.00000 N.C.
445154.00000 4368258.00000 N.C.
445154.00000 4368262.00000 -113.7299
445154.00000 4368266.00000 -118.5999
445154.00000 4368270.00000 -108.9446
445154.00000 4368274.00000 -97.8031
445154.00000 4368278.00000 N.C.
445154.00000 4368282.00000 -108.8974
445154.00000 4368286.00000 -102.9991
445154.00000 4368290.00000 -114.9785
445154.00000 4368294.00000 -108.3147
445154.00000 4368298.00000 -102.4232
445154.00000 4368302.00000 -110.2210
445154.00000 4368306.00000 N.C.
445154.00000 4368310.00000 N.C.
445154.00000 4368314.00000 N.C.
445154.00000 4368318.00000 N.C.
445154.00000 4368322.00000 N.C.
445154.00000 4368326.00000 N.C.
445154.00000 4368330.00000 N.C.
445154.00000 4368334.00000 -116.9935
445154.00000 4368338.00000 -110.3827
445154.00000 4368342.00000 -110.1516
445154.00000 4368346.00000 -106.3294
445154.00000 4368350.00000 N.C.
445154.00000 4368354.00000 N.C.
445154.00000 4368358.00000 -123.6129
445154.00000 4368362.00000 -120.4450
445154.00000 4368366.00000 -132.0217
445154.00000 4368370.00000 N.C.
445154.00000 4368374.00000 -141.4740
445154.00000 4368378.00000 -142.5886
445154.00000 4368382.00000 -141.6670
445154.00000 4368386.00000 -117.4759
445154.00000 4368390.00000 -122.9182
445154.00000 4368394.00000 -113.4968
445158.00000 4367886.00000 -122.6118
445158.00000 4367890.00000 -122.5378
445158.00000 4367894.00000 -122.8841
445158.00000 4367898.00000 -122.8376
445158.00000 4367902.00000 -122.0576
445158.00000 4367906.00000 -122.1602
445158.00000 4367910.00000 -122.0428
445158.00000 4367914.00000 -121.9063
445158.00000 4367918.00000 -121.7346
445158.00000 4367922.00000 -122.1054
445158.00000 4367926.00000 -121.4510
445158.00000 4367930.00000 -121.3698
445158.00000 4367934.00000 -121.7451
445158.00000 4367938.00000 -121.0154
445158.00000 4367942.00000 -120.6908
445158.00000 4367946.00000 -120.8294
445158.00000 4367950.00000 -121.4404
445158.00000 4367954.00000 -116.0240
445158.00000 4367958.00000 -115.3774
445158.00000 4367962.00000 -115.1984
445158.00000 4367966.00000 -114.9386
445158.00000 4367970.00000 -114.7175
445158.00000 4367974.00000 -114.7894
445158.00000 4367978.00000 -114.5114
445158.00000 4367982.00000 -115.1486
445158.00000 4367986.00000 -115.0074
445158.00000 4367990.00000 -115.0253
445158.00000 4367994.00000 -114.8750
445158.00000 4367998.00000 -119.6258
445158.00000 4368002.00000 -119.4410
445158.00000 4368006.00000 -119.0260
445158.00000 4368010.00000 -118.5913
445158.00000 4368014.00000 -118.3181
445158.00000 4368018.00000 -118.0570
445158.00000 4368022.00000 -117.0239
445158.00000 4368026.00000 -117.2288
445158.00000 4368030.00000 -116.6312
445158.00000 4368034.00000 -118.7919
445158.00000 4368038.00000 -120.7190
445158.00000 4368042.00000 -124.3876
445158.00000 4368046.00000 -121.4230
445158.00000 4368050.00000 -124.2481
445158.00000 4368054.00000 -121.8178
445158.00000 4368058.00000 -115.8229
445158.00000 4368062.00000 -115.8210
445158.00000 4368066.00000 -115.4994
445158.00000 4368070.00000 -114.6939
445158.00000 4368074.00000 -113.7912
445158.00000 4368078.00000 -113.9135
445158.00000 4368082.00000 -133.2289
445158.00000 4368086.00000 N.C.
445158.00000 4368090.00000 N.C.
445158.00000 4368094.00000 N.C.
445158.00000 4368098.00000 N.C.
445158.00000 4368102.00000 -110.7157
445158.00000 4368106.00000 -109.8594
445158.00000 4368110.00000 -109.3633
445158.00000 4368114.00000 -108.7163
445158.00000 4368118.00000 -108.7122
445158.00000 4368122.00000 -108.0540
445158.00000 4368126.00000 -107.7996
445158.00000 4368130.00000 -115.3084
445158.00000 4368134.00000 N.C.
445158.00000 4368138.00000 N.C.
445158.00000 4368142.00000 N.C.
445158.00000 4368146.00000 N.C.
445158.00000 4368150.00000 N.C.
445158.00000 4368154.00000 N.C.
445158.00000 4368158.00000 -111.7841
445158.00000 4368162.00000 N.C.
445158.00000 4368166.00000 N.C.
445158.00000 4368170.00000 N.C.
445158.00000 4368174.00000 N.C.
445158.00000 4368178.00000 N.C.
445158.00000 4368182.00000 N.C.
445158.00000 4368186.00000 -106.4481
445158.00000 4368190.00000 -112.2736
445158.00000 4368194.00000 -112.8712
445158.00000 4368198.00000 N.C.
445158.00000 4368202.00000 N.C.
445158.00000 4368206.00000 N.C.
445158.00000 4368210.00000 N.C.
445158.00000 4368214.00000 -104.7423
445158.00000 4368218.00000 -102.5661
445158.00000 4368222.00000 N.C.
445158.00000 4368226.00000 -96.9563
445158.00000 4368230.00000 N.C.
445158.00000 4368234.00000 N.C.
445158.00000 4368238.00000 N.C.
445158.00000 4368242.00000 N.C.
445158.00000 4368246.00000 -104.9415
445158.00000 4368250.00000 N.C.
445158.00000 4368254.00000 N.C.
445158.00000 4368258.00000 N.C.
445158.00000 4368262.00000 N.C.
445158.00000 4368266.00000 N.C.
445158.00000 4368270.00000 -106.0060
445158.00000 4368274.00000 N.C.
445158.00000 4368278.00000 -108.7008
445158.00000 4368282.00000 -113.7896
445158.00000 4368286.00000 -104.9591
445158.00000 4368290.00000 -113.2603
445158.00000 4368294.00000 N.C.
445158.00000 4368298.00000 N.C.
445158.00000 4368302.00000 -122.6220
445158.00000 4368306.00000 -113.3626
445158.00000 4368310.00000 -107.8407
445158.00000 4368314.00000 -107.5511
445158.00000 4368318.00000 N.C.
445158.00000 4368322.00000 N.C.
445158.00000 4368326.00000 N.C.
445158.00000 4368330.00000 N.C.
445158.00000 4368334.00000 -132.2273
445158.00000 4368338.00000 -120.6546
445158.00000 4368342.00000 -115.8762
445158.00000 4368346.00000 -115.3302
445158.00000 4368350.00000 -116.1261
445158.00000 4368354.00000 N.C.
445158.00000 4368358.00000 -120.1229
445158.00000 4368362.00000 -120.7239
445158.00000 4368366.00000 -129.8055
445158.00000 4368370.00000 -144.3373
445158.00000 4368374.00000 -140.5476
445158.00000 4368378.00000 -140.9981
445158.00000 4368382.00000 -139.3721
445158.00000 4368386.00000 -116.2143
445158.00000 4368390.00000 -113.6858
445158.00000 4368394.00000 -125.7382
445162.00000 4367886.00000 -121.4619
445162.00000 4367890.00000 -121.3897
445162.00000 4367894.00000 -121.4972
445162.00000 4367898.00000 -121.3534
445162.00000 4367902.00000 -121.2133
445162.00000 4367906.00000 -121.5849
445162.00000 4367910.00000 -121.5988
445162.00000 4367914.00000 -121.5178
445162.00000 4367918.00000 -121.4811
445162.00000 4367922.00000 -120.9515
445162.00000 4367926.00000 -120.8083
445162.00000 4367930.00000 -121.2641
445162.00000 4367934.00000 -121.0896
445162.00000 4367938.00000 -120.8832
445162.00000 4367942.00000 -120.5315
445162.00000 4367946.00000 -121.1460
445162.00000 4367950.00000 -116.1649
445162.00000 4367954.00000 -116.0541
445162.00000 4367958.00000 -115.9107
445162.00000 4367962.00000 -115.7054
445162.00000 4367966.00000 -115.5195
445162.00000 4367970.00000 -114.6613
445162.00000 4367974.00000 -114.3629
445162.00000 4367978.00000 -114.2529
445162.00000 4367982.00000 -114.2526
445162.00000 4367986.00000 -114.4715
445162.00000 4367990.00000 -114.5398
445162.00000 4367994.00000 -114.5403
445162.00000 4367998.00000 -118.7743
445162.00000 4368002.00000 -118.7284
445162.00000 4368006.00000 -118.5515
445162.00000 4368010.00000 -118.2431
445162.00000 4368014.00000 -118.0180
445162.00000 4368018.00000 -118.0459
445162.00000 4368022.00000 -117.6046
445162.00000 4368026.00000 -116.8705
445162.00000 4368030.00000 -115.2378
445162.00000 4368034.00000 -114.3958
445162.00000 4368038.00000 -114.7978
445162.00000 4368042.00000 -116.2292
445162.00000 4368046.00000 -118.6393
445162.00000 4368050.00000 -121.8884
445162.00000 4368054.00000 -124.3108
445162.00000 4368058.00000 -140.4218
445162.00000 4368062.00000 N.C.
445162.00000 4368066.00000 -114.4166
445162.00000 4368070.00000 -114.6052
445162.00000 4368074.00000 -114.3056
445162.00000 4368078.00000 -113.7320
445162.00000 4368082.00000 -121.8979
445162.00000 4368086.00000 N.C.
445162.00000 4368090.00000 N.C.
445162.00000 4368094.00000 N.C.
445162.00000 4368098.00000 -111.2045
445162.00000 4368102.00000 -110.8071
445162.00000 4368106.00000 -109.5713
445162.00000 4368110.00000 -108.5080
445162.00000 4368114.00000 -108.2849
445162.00000 4368118.00000 -107.7549
445162.00000 4368122.00000 -107.0718
445162.00000 4368126.00000 -106.7721
445162.00000 4368130.00000 -106.4541
445162.00000 4368134.00000 -123.1022
445162.00000 4368138.00000 N.C.
445162.00000 4368142.00000 N.C.
445162.00000 4368146.00000 -121.2988
445162.00000 4368150.00000 N.C.
445162.00000 4368154.00000 N.C.
445162.00000 4368158.00000 -107.4854
445162.00000 4368162.00000 N.C.
445162.00000 4368166.00000 N.C.
445162.00000 4368170.00000 N.C.
445162.00000 4368174.00000 N.C.
445162.00000 4368178.00000 N.C.
445162.00000 4368182.00000 N.C.
445162.00000 4368186.00000 -106.8973
445162.00000 4368190.00000 -106.2775
445162.00000 4368194.00000 -112.1974
445162.00000 4368198.00000 -109.9453
445162.00000 4368202.00000 -116.5167
445162.00000 4368206.00000 N.C.
445162.00000 4368210.00000 N.C.
445162.00000 4368214.00000 N.C.
445162.00000 4368218.00000 N.C.
445162.00000 4368222.00000 N.C.
445162.00000 4368226.00000 -98.5639
445162.00000 4368230.00000 -95.6337
445162.00000 4368234.00000 -89.4171
445162.00000 4368238.00000 N.C.
445162.00000 4368242.00000 N.C.
445162.00000 4368246.00000 N.C.
445162.00000 4368250.00000 N.C.
445162.00000 4368254.00000 N.C.
445162.00000 4368258.00000 -117.0716
445162.00000 4368262.00000 N.C.
445162.00000 4368266.00000 N.C.
445162.00000 4368270.00000 -101.0353
445162.00000 4368274.00000 -115.0990
445162.00000 4368278.00000 -112.8286
445162.00000 4368282.00000 -108.6665
445162.00000 4368286.00000 -109.7013
445162.00000 4368290.00000 N.C.
445162.00000 4368294.00000 N.C.
445162.00000 4368298.00000 N.C.
445162.00000 4368302.00000 N.C.
445162.00000 4368306.00000 N.C.
445162.00000 4368310.00000 N.C.
445162.00000 4368314.00000 -137.1170
445162.00000 4368318.00000 N.C.
445162.00000 4368322.00000 N.C.
445162.00000 4368326.00000 -125.6135
445162.00000 4368330.00000 -134.9305
445162.00000 4368334.00000 -134.4860
445162.00000 4368338.00000 -126.3769
445162.00000 4368342.00000 -120.8169
445162.00000 4368346.00000 -120.6388
445162.00000 4368350.00000 N.C.
445162.00000 4368354.00000 N.C.
445162.00000 4368358.00000 N.C.
445162.00000 4368362.00000 -117.9960
445162.00000 4368366.00000 N.C.
445162.00000 4368370.00000 -152.9732
445162.00000 4368374.00000 -140.1941
445162.00000 4368378.00000 -139.5764
445162.00000 4368382.00000 -137.0903
445162.00000 4368386.00000 -121.2791
445162.00000 4368390.00000 -112.9100
445162.00000 4368394.00000 -123.7842
445166.00000 4367886.00000 -122.0577
445166.00000 4367890.00000 -121.9142
445166.00000 4367894.00000 -119.9282
445166.00000 4367898.00000 -121.0100
445166.00000 4367902.00000 -119.4224
445166.00000 4367906.00000 -120.0060
445166.00000 4367910.00000 -120.1490
445166.00000 4367914.00000 -120.8831
445166.00000 4367918.00000 -121.3333
445166.00000 4367922.00000 -121.2480
445166.00000 4367926.00000 -119.7035
445166.00000 4367930.00000 -121.0828
445166.00000 4367934.00000 -120.7858
445166.00000 4367938.00000 -120.6382
445166.00000 4367942.00000 -120.1001
445166.00000 4367946.00000 -121.0355
445166.00000 4367950.00000 -116.0753
445166.00000 4367954.00000 -116.1116
445166.00000 4367958.00000 -116.0203
445166.00000 4367962.00000 -115.7847
445166.00000 4367966.00000 -115.3238
445166.00000 4367970.00000 -114.7645
445166.00000 4367974.00000 -114.3490
445166.00000 4367978.00000 -113.5815
445166.00000 4367982.00000 -113.6249
445166.00000 4367986.00000 -113.7105
445166.00000 4367990.00000 -113.7560
445166.00000 4367994.00000 -113.9360
445166.00000 4367998.00000 -118.0562
445166.00000 4368002.00000 -118.5849
445166.00000 4368006.00000 -118.1187
445166.00000 4368010.00000 -117.6436
445166.00000 4368014.00000 -117.5115
445166.00000 4368018.00000 -117.3838
445166.00000 4368022.00000 -115.9887
445166.00000 4368026.00000 -116.9627
445166.00000 4368030.00000 -116.3046
445166.00000 4368034.00000 -114.9525
445166.00000 4368038.00000 -114.2729
445166.00000 4368042.00000 -114.5704
445166.00000 4368046.00000 -114.5439
445166.00000 4368050.00000 -115.3529
445166.00000 4368054.00000 -114.7179
445166.00000 4368058.00000 -115.4442
445166.00000 4368062.00000 N.C.
445166.00000 4368066.00000 -115.1017
445166.00000 4368070.00000 -114.6391
445166.00000 4368074.00000 -114.0875
445166.00000 4368078.00000 -113.7323
445166.00000 4368082.00000 N.C.
445166.00000 4368086.00000 N.C.
445166.00000 4368090.00000 N.C.
445166.00000 4368094.00000 N.C.
445166.00000 4368098.00000 -110.5885
445166.00000 4368102.00000 -110.1727
445166.00000 4368106.00000 -109.4487
445166.00000 4368110.00000 -108.6307
445166.00000 4368114.00000 -107.7598
445166.00000 4368118.00000 -106.5950
445166.00000 4368122.00000 -106.8166
445166.00000 4368126.00000 -105.9705
445166.00000 4368130.00000 -105.6733
445166.00000 4368134.00000 N.C.
445166.00000 4368138.00000 N.C.
445166.00000 4368142.00000 N.C.
445166.00000 4368146.00000 -118.1399
445166.00000 4368150.00000 -104.8895
445166.00000 4368154.00000 -106.2254
445166.00000 4368158.00000 -106.8013
445166.00000 4368162.00000 N.C.
445166.00000 4368166.00000 N.C.
445166.00000 4368170.00000 N.C.
445166.00000 4368174.00000 N.C.
445166.00000 4368178.00000 N.C.
445166.00000 4368182.00000 -112.6930
445166.00000 4368186.00000 -113.1009
445166.00000 4368190.00000 N.C.
445166.00000 4368194.00000 N.C.
445166.00000 4368198.00000 N.C.
445166.00000 4368202.00000 -106.3959
445166.00000 4368206.00000 -106.1139
445166.00000 4368210.00000 -107.8199
445166.00000 4368214.00000 -102.5536
445166.00000 4368218.00000 N.C.
445166.00000 4368222.00000 -100.0944
445166.00000 4368226.00000 -94.1563
445166.00000 4368230.00000 -98.0834
445166.00000 4368234.00000 -98.4058
445166.00000 4368238.00000 -90.2740
445166.00000 4368242.00000 -91.1466
445166.00000 4368246.00000 N.C.
445166.00000 4368250.00000 N.C.
445166.00000 4368254.00000 N.C.
445166.00000 4368258.00000 -113.4639
445166.00000 4368262.00000 -116.5820
445166.00000 4368266.00000 -117.4411
445166.00000 4368270.00000 -103.1369
445166.00000 4368274.00000 N.C.
445166.00000 4368278.00000 -110.9026
445166.00000 4368282.00000 -97.4298
445166.00000 4368286.00000 -102.3826
445166.00000 4368290.00000 N.C.
445166.00000 4368294.00000 -101.4185
445166.00000 4368298.00000 -104.2758
445166.00000 4368302.00000 -94.6326
445166.00000 4368306.00000 N.C.
445166.00000 4368310.00000 N.C.
445166.00000 4368314.00000 -142.3539
445166.00000 4368318.00000 -139.7167
445166.00000 4368322.00000 N.C.
445166.00000 4368326.00000 N.C.
445166.00000 4368330.00000 N.C.
445166.00000 4368334.00000 -124.2016
445166.00000 4368338.00000 -123.4811
445166.00000 4368342.00000 -128.9863
445166.00000 4368346.00000 N.C.
445166.00000 4368350.00000 N.C.
445166.00000 4368354.00000 N.C.
445166.00000 4368358.00000 N.C.
445166.00000 4368362.00000 N.C.
445166.00000 4368366.00000 -152.5763
445166.00000 4368370.00000 -144.9685
445166.00000 4368374.00000 -140.1948
445166.00000 4368378.00000 -128.4043
445166.00000 4368382.00000 -128.0294
445166.00000 4368386.00000 -124.8555
445166.00000 4368390.00000 -121.5087
445166.00000 4368394.00000 -113.0096
445170.00000 4367886.00000 -119.2849
445170.00000 4367890.00000 -119.2125
445170.00000 4367894.00000 -118.8933
445170.00000 4367898.00000 -119.0325
445170.00000 4367902.00000 -116.5222
445170.00000 4367906.00000 -116.5630
445170.00000 4367910.00000 -116.3021
445170.00000 4367914.00000 -116.2247
445170.00000 4367918.00000 -116.8368
445170.00000 4367922.00000 -117.0731
445170.00000 4367926.00000 -116.8867
445170.00000 4367930.00000 -119.6008
445170.00000 4367934.00000 -117.1036
445170.00000 4367938.00000 -116.2504
445170.00000 4367942.00000 -116.1445
445170.00000 4367946.00000 -121.3384
445170.00000 4367950.00000 -113.9711
445170.00000 4367954.00000 -114.1134
445170.00000 4367958.00000 -115.1454
445170.00000 4367962.00000 -113.7482
445170.00000 4367966.00000 -113.6098
445170.00000 4367970.00000 -113.0195
445170.00000 4367974.00000 -112.9162
445170.00000 4367978.00000 -112.7505
445170.00000 4367982.00000 -112.6728
445170.00000 4367986.00000 -112.1147
445170.00000 4367990.00000 -111.5609
445170.00000 4367994.00000 -111.8739
445170.00000 4367998.00000 -113.7241
445170.00000 4368002.00000 -114.0220
445170.00000 4368006.00000 -114.0402
445170.00000 4368010.00000 -113.8141
445170.00000 4368014.00000 -117.0307
445170.00000 4368018.00000 -113.5316
445170.00000 4368022.00000 -116.4860
445170.00000 4368026.00000 -115.9390
445170.00000 4368030.00000 -115.4432
445170.00000 4368034.00000 -115.9136
445170.00000 4368038.00000 -115.0587
445170.00000 4368042.00000 -114.2405
445170.00000 4368046.00000 -114.1829
445170.00000 4368050.00000 -111.5905
445170.00000 4368054.00000 -115.0705
445170.00000 4368058.00000 -115.0435
445170.00000 4368062.00000 -115.7273
445170.00000 4368066.00000 -114.9127
445170.00000 4368070.00000 -115.3811
445170.00000 4368074.00000 -114.9216
445170.00000 4368078.00000 -113.9655
445170.00000 4368082.00000 N.C.
445170.00000 4368086.00000 N.C.
445170.00000 4368090.00000 N.C.
445170.00000 4368094.00000 -120.0576
445170.00000 4368098.00000 -110.8185
445170.00000 4368102.00000 -110.1348
445170.00000 4368106.00000 -109.0347
445170.00000 4368110.00000 -108.0757
445170.00000 4368114.00000 -107.1056
445170.00000 4368118.00000 -106.3310
445170.00000 4368122.00000 -105.5924
445170.00000 4368126.00000 -104.8322
445170.00000 4368130.00000 -104.2885
445170.00000 4368134.00000 -103.7931
445170.00000 4368138.00000 N.C.
445170.00000 4368142.00000 N.C.
445170.00000 4368146.00000 -104.3887
445170.00000 4368150.00000 -104.4109
445170.00000 4368154.00000 -104.1485
445170.00000 4368158.00000 N.C.
445170.00000 4368162.00000 -106.2195
445170.00000 4368166.00000 N.C.
445170.00000 4368170.00000 N.C.
445170.00000 4368174.00000 N.C.
445170.00000 4368178.00000 N.C.
445170.00000 4368182.00000 -114.6899
445170.00000 4368186.00000 -109.6968
445170.00000 4368190.00000 N.C.
445170.00000 4368194.00000 N.C.
445170.00000 4368198.00000 N.C.
445170.00000 4368202.00000 -111.7020
445170.00000 4368206.00000 -109.1734
445170.00000 4368210.00000 -128.2069
445170.00000 4368214.00000 N.C.
445170.00000 4368218.00000 N.C.
445170.00000 4368222.00000 -97.8046
445170.00000 4368226.00000 -94.9864
445170.00000 4368230.00000 -97.8667
445170.00000 4368234.00000 -99.0250
445170.00000 4368238.00000 -99.0429
445170.00000 4368242.00000 -99.0376
445170.00000 4368246.00000 -96.5910
445170.00000 4368250.00000 -93.9181
445170.00000 4368254.00000 -101.3983
445170.00000 4368258.00000 -103.5881
445170.00000 4368262.00000 N.C.
445170.00000 4368266.00000 N.C.
445170.00000 4368270.00000 -113.5170
445170.00000 4368274.00000 N.C.
445170.00000 4368278.00000 -103.7461
445170.00000 4368282.00000 -100.9600
445170.00000 4368286.00000 -104.5501
445170.00000 4368290.00000 N.C.
445170.00000 4368294.00000 N.C.
445170.00000 4368298.00000 -112.5743
445170.00000 4368302.00000 N.C.
445170.00000 4368306.00000 N.C.
445170.00000 4368310.00000 N.C.
445170.00000 4368314.00000 N.C.
445170.00000 4368318.00000 -146.4935
445170.00000 4368322.00000 -136.9149
445170.00000 4368326.00000 N.C.
445170.00000 4368330.00000 N.C.
445170.00000 4368334.00000 -126.5659
445170.00000 4368338.00000 -128.6710
445170.00000 4368342.00000 -128.1745
445170.00000 4368346.00000 -128.2167
445170.00000 4368350.00000 -116.7177
445170.00000 4368354.00000 N.C.
445170.00000 4368358.00000 N.C.
445170.00000 4368362.00000 N.C.
445170.00000 4368366.00000 N.C.
445170.00000 4368370.00000 -141.6604
445170.00000 4368374.00000 -135.1434
445170.00000 4368378.00000 -135.1515
445170.00000 4368382.00000 -128.0093
445170.00000 4368386.00000 -127.1055
445170.00000 4368390.00000 -122.8851
445170.00000 4368394.00000 -112.5337
445174.00000 4367886.00000 -116.9419
445174.00000 4367890.00000 -116.8914
445174.00000 4367894.00000 -117.4403
445174.00000 4367898.00000 -117.0461
445174.00000 4367902.00000 -116.3819
445174.00000 4367906.00000 -116.6375
445174.00000 4367910.00000 -116.7045
445174.00000 4367914.00000 -116.6326
445174.00000 4367918.00000 -116.5000
445174.00000 4367922.00000 -116.3936
445174.00000 4367926.00000 -116.1197
445174.00000 4367930.00000 -116.1123
445174.00000 4367934.00000 -118.3516
445174.00000 4367938.00000 -115.7295
445174.00000 4367942.00000 -116.5368
445174.00000 4367946.00000 -120.4699
445174.00000 4367950.00000 -115.6438
445174.00000 4367954.00000 -115.6474
445174.00000 4367958.00000 -115.5137
445174.00000 4367962.00000 -115.2923
445174.00000 4367966.00000 -114.9352
445174.00000 4367970.00000 -114.5402
445174.00000 4367974.00000 -114.3998
445174.00000 4367978.00000 -114.2854
445174.00000 4367982.00000 -114.2661
445174.00000 4367986.00000 -113.9354
445174.00000 4367990.00000 -113.0204
445174.00000 4367994.00000 -115.3952
445174.00000 4367998.00000 -116.1943
445174.00000 4368002.00000 -116.2917
445174.00000 4368006.00000 -116.8689
445174.00000 4368010.00000 -116.9389
445174.00000 4368014.00000 -116.8896
445174.00000 4368018.00000 -116.7316
445174.00000 4368022.00000 -117.4982
445174.00000 4368026.00000 -117.0560
445174.00000 4368030.00000 -113.2233
445174.00000 4368034.00000 -112.1382
445174.00000 4368038.00000 -116.1265
445174.00000 4368042.00000 -115.2297
445174.00000 4368046.00000 -115.3722
445174.00000 4368050.00000 -115.1509
445174.00000 4368054.00000 -114.6971
445174.00000 4368058.00000 -114.8013
445174.00000 4368062.00000 -114.5184
445174.00000 4368066.00000 -114.0714
445174.00000 4368070.00000 -114.8405
445174.00000 4368074.00000 -114.7439
445174.00000 4368078.00000 -113.4419
445174.00000 4368082.00000 N.C.
445174.00000 4368086.00000 N.C.
445174.00000 4368090.00000 N.C.
445174.00000 4368094.00000 N.C.
445174.00000 4368098.00000 N.C.
445174.00000 4368102.00000 N.C.
445174.00000 4368106.00000 N.C.
445174.00000 4368110.00000 N.C.
445174.00000 4368114.00000 N.C.
445174.00000 4368118.00000 -115.2616
445174.00000 4368122.00000 -113.0831
445174.00000 4368126.00000 -108.3008
445174.00000 4368130.00000 -104.0848
445174.00000 4368134.00000 -103.4951
445174.00000 4368138.00000 -103.3285
445174.00000 4368142.00000 -103.1277
445174.00000 4368146.00000 -103.7419
445174.00000 4368150.00000 -103.9109
445174.00000 4368154.00000 -105.0069
445174.00000 4368158.00000 N.C.
445174.00000 4368162.00000 N.C.
445174.00000 4368166.00000 N.C.
445174.00000 4368170.00000 N.C.
445174.00000 4368174.00000 N.C.
445174.00000 4368178.00000 -113.5963
445174.00000 4368182.00000 -108.7772
445174.00000 4368186.00000 -109.5168
445174.00000 4368190.00000 N.C.
445174.00000 4368194.00000 N.C.
445174.00000 4368198.00000 -101.7275
445174.00000 4368202.00000 -100.8241
445174.00000 4368206.00000 -100.1636
445174.00000 4368210.00000 -97.0258
445174.00000 4368214.00000 N.C.
445174.00000 4368218.00000 N.C.
445174.00000 4368222.00000 N.C.
445174.00000 4368226.00000 N.C.
445174.00000 4368230.00000 -96.4484
445174.00000 4368234.00000 N.C.
445174.00000 4368238.00000 N.C.
445174.00000 4368242.00000 -108.2461
445174.00000 4368246.00000 -107.5131
445174.00000 4368250.00000 -102.3601
445174.00000 4368254.00000 -93.5063
445174.00000 4368258.00000 -94.7859
445174.00000 4368262.00000 N.C.
445174.00000 4368266.00000 N.C.
445174.00000 4368270.00000 N.C.
445174.00000 4368274.00000 -116.7601
445174.00000 4368278.00000 -104.5047
445174.00000 4368282.00000 -103.7575
445174.00000 4368286.00000 N.C.
445174.00000 4368290.00000 N.C.
445174.00000 4368294.00000 -131.1848
445174.00000 4368298.00000 -111.9474
445174.00000 4368302.00000 N.C.
445174.00000 4368306.00000 N.C.
445174.00000 4368310.00000 N.C.
445174.00000 4368314.00000 N.C.
445174.00000 4368318.00000 N.C.
445174.00000 4368322.00000 N.C.
445174.00000 4368326.00000 N.C.
445174.00000 4368330.00000 N.C.
445174.00000 4368334.00000 N.C.
445174.00000 4368338.00000 -112.6292
445174.00000 4368342.00000 -123.2159
445174.00000 4368346.00000 -123.6674
445174.00000 4368350.00000 -113.7007
445174.00000 4368354.00000 -117.7293
445174.00000 4368358.00000 -136.1564
445174.00000 4368362.00000 -137.4630
445174.00000 4368366.00000 -136.2975
445174.00000 4368370.00000 -131.3226
445174.00000 4368374.00000 -130.8433
445174.00000 4368378.00000 -130.5671
445174.00000 4368382.00000 -127.4481
445174.00000 4368386.00000 -146.3174
445174.00000 4368390.00000 -125.5549
445174.00000 4368394.00000 -122.0970
445178.00000 4367886.00000 -117.1935
445178.00000 4367890.00000 -119.6931
445178.00000 4367894.00000 -116.9277
445178.00000 4367898.00000 -119.4218
445178.00000 4367902.00000 -119.0706
445178.00000 4367906.00000 -118.9354
445178.00000 4367910.00000 -119.0869
445178.00000 4367914.00000 -119.0622
445178.00000 4367918.00000 -118.1254
445178.00000 4367922.00000 -119.2344
445178.00000 4367926.00000 -118.7379
445178.00000 4367930.00000 -118.5750
445178.00000 4367934.00000 -118.1903
445178.00000 4367938.00000 -118.1527
445178.00000 4367942.00000 -117.9145
445178.00000 4367946.00000 -117.7197
445178.00000 4367950.00000 -114.4342
445178.00000 4367954.00000 -114.4292
445178.00000 4367958.00000 -114.2977
445178.00000 4367962.00000 -115.0212
445178.00000 4367966.00000 -114.7437
445178.00000 4367970.00000 -115.1673
445178.00000 4367974.00000 -114.8627
445178.00000 4367978.00000 -114.6547
445178.00000 4367982.00000 -114.4207
445178.00000 4367986.00000 -114.3991
445178.00000 4367990.00000 -114.2318
445178.00000 4367994.00000 -117.5840
445178.00000 4367998.00000 -116.0002
445178.00000 4368002.00000 -115.0876
445178.00000 4368006.00000 -115.1660
445178.00000 4368010.00000 -114.9039
445178.00000 4368014.00000 -112.5569
445178.00000 4368018.00000 -112.3017
445178.00000 4368022.00000 -115.4612
445178.00000 4368026.00000 -116.5649
445178.00000 4368030.00000 -116.5988
445178.00000 4368034.00000 -117.1582
445178.00000 4368038.00000 -116.5044
445178.00000 4368042.00000 -116.1855
445178.00000 4368046.00000 -115.7271
445178.00000 4368050.00000 -116.1280
445178.00000 4368054.00000 -115.5639
445178.00000 4368058.00000 -114.4045
445178.00000 4368062.00000 -114.1654
445178.00000 4368066.00000 -114.1344
445178.00000 4368070.00000 -113.9177
445178.00000 4368074.00000 -114.4293
445178.00000 4368078.00000 -113.8474
445178.00000 4368082.00000 N.C.
445178.00000 4368086.00000 N.C.
445178.00000 4368090.00000 N.C.
445178.00000 4368094.00000 -111.4633
445178.00000 4368098.00000 -110.5757
445178.00000 4368102.00000 -109.9690
445178.00000 4368106.00000 N.C.
445178.00000 4368110.00000 N.C.
445178.00000 4368114.00000 N.C.
445178.00000 4368118.00000 -114.4188
445178.00000 4368122.00000 -122.5768
445178.00000 4368126.00000 N.C.
445178.00000 4368130.00000 N.C.
445178.00000 4368134.00000 -116.4591
445178.00000 4368138.00000 -114.4541
445178.00000 4368142.00000 -105.1075
445178.00000 4368146.00000 -102.2549
445178.00000 4368150.00000 -103.3263
445178.00000 4368154.00000 -102.5266
445178.00000 4368158.00000 -104.3835
445178.00000 4368162.00000 -105.9775
445178.00000 4368166.00000 -106.9548
445178.00000 4368170.00000 -107.4220
445178.00000 4368174.00000 N.C.
445178.00000 4368178.00000 -109.4006
445178.00000 4368182.00000 -109.4645
445178.00000 4368186.00000 -110.3527
445178.00000 4368190.00000 N.C.
445178.00000 4368194.00000 N.C.
445178.00000 4368198.00000 -97.9129
445178.00000 4368202.00000 -100.7049
445178.00000 4368206.00000 -101.4515
445178.00000 4368210.00000 -103.2366
445178.00000 4368214.00000 -106.2451
445178.00000 4368218.00000 -99.3139
445178.00000 4368222.00000 N.C.
445178.00000 4368226.00000 N.C.
445178.00000 4368230.00000 N.C.
445178.00000 4368234.00000 N.C.
445178.00000 4368238.00000 -115.0324
445178.00000 4368242.00000 N.C.
445178.00000 4368246.00000 N.C.
445178.00000 4368250.00000 N.C.
445178.00000 4368254.00000 N.C.
445178.00000 4368258.00000 -104.4546
445178.00000 4368262.00000 -94.4201
445178.00000 4368266.00000 -93.3241
445178.00000 4368270.00000 -100.5270
445178.00000 4368274.00000 -103.2875
445178.00000 4368278.00000 -100.4818
445178.00000 4368282.00000 -100.2274
445178.00000 4368286.00000 -97.0598
445178.00000 4368290.00000 -92.2259
445178.00000 4368294.00000 N.C.
445178.00000 4368298.00000 N.C.
445178.00000 4368302.00000 N.C.
445178.00000 4368306.00000 N.C.
445178.00000 4368310.00000 -127.4604
445178.00000 4368314.00000 -126.2585
445178.00000 4368318.00000 -123.7812
445178.00000 4368322.00000 -120.5478
445178.00000 4368326.00000 N.C.
445178.00000 4368330.00000 N.C.
445178.00000 4368334.00000 N.C.
445178.00000 4368338.00000 -126.6295
445178.00000 4368342.00000 -136.8111
445178.00000 4368346.00000 N.C.
445178.00000 4368350.00000 -131.7145
445178.00000 4368354.00000 N.C.
445178.00000 4368358.00000 -143.7281
445178.00000 4368362.00000 -137.0436
445178.00000 4368366.00000 -137.0055
445178.00000 4368370.00000 -137.1043
445178.00000 4368374.00000 -135.8659
445178.00000 4368378.00000 -135.2695
445178.00000 4368382.00000 N.C.
445178.00000 4368386.00000 -145.0360
445178.00000 4368390.00000 -127.6650
445178.00000 4368394.00000 -123.3390
445182.00000 4367886.00000 -119.9406
445182.00000 4367890.00000 -119.7067
445182.00000 4367894.00000 -119.5654
445182.00000 4367898.00000 -118.5529
445182.00000 4367902.00000 -119.5390
445182.00000 4367906.00000 -119.1127
445182.00000 4367910.00000 -118.3121
445182.00000 4367914.00000 -118.2913
445182.00000 4367918.00000 -117.9812
445182.00000 4367922.00000 -117.7974
445182.00000 4367926.00000 -118.2712
445182.00000 4367930.00000 -118.0344
445182.00000 4367934.00000 -117.7207
445182.00000 4367938.00000 -117.1082
445182.00000 4367942.00000 -118.0735
445182.00000 4367946.00000 -114.3182
445182.00000 4367950.00000 -114.8421
445182.00000 4367954.00000 -114.7521
445182.00000 4367958.00000 -114.7465
445182.00000 4367962.00000 -114.5809
445182.00000 4367966.00000 -114.4072
445182.00000 4367970.00000 -114.2998
445182.00000 4367974.00000 -114.1762
445182.00000 4367978.00000 -114.0165
445182.00000 4367982.00000 -113.9622
445182.00000 4367986.00000 -113.6365
445182.00000 4367990.00000 -113.7482
445182.00000 4367994.00000 -114.1546
445182.00000 4367998.00000 -113.5486
445182.00000 4368002.00000 -113.0981
445182.00000 4368006.00000 -114.4231
445182.00000 4368010.00000 -114.0820
445182.00000 4368014.00000 -115.2574
445182.00000 4368018.00000 -115.3331
445182.00000 4368022.00000 -116.2194
445182.00000 4368026.00000 -116.6818
445182.00000 4368030.00000 -116.2170
445182.00000 4368034.00000 -116.0625
445182.00000 4368038.00000 -116.0583
445182.00000 4368042.00000 -116.1490
445182.00000 4368046.00000 -116.6992
445182.00000 4368050.00000 -114.8778
445182.00000 4368054.00000 -115.8820
445182.00000 4368058.00000 -116.3631
445182.00000 4368062.00000 -115.7029
445182.00000 4368066.00000 -113.6957
445182.00000 4368070.00000 -112.9077
445182.00000 4368074.00000 -113.0350
445182.00000 4368078.00000 -112.9001
445182.00000 4368082.00000 -113.1954
445182.00000 4368086.00000 -112.8925
445182.00000 4368090.00000 -125.6045
445182.00000 4368094.00000 N.C.
445182.00000 4368098.00000 N.C.
445182.00000 4368102.00000 -109.5145
445182.00000 4368106.00000 N.C.
445182.00000 4368110.00000 N.C.
445182.00000 4368114.00000 N.C.
445182.00000 4368118.00000 -107.7651
445182.00000 4368122.00000 -125.3272
445182.00000 4368126.00000 N.C.
445182.00000 4368130.00000 N.C.
445182.00000 4368134.00000 -114.3398
445182.00000 4368138.00000 N.C.
445182.00000 4368142.00000 N.C.
445182.00000 4368146.00000 N.C.
445182.00000 4368150.00000 -111.8604
445182.00000 4368154.00000 -104.7530
445182.00000 4368158.00000 -100.6016
445182.00000 4368162.00000 -101.7997
445182.00000 4368166.00000 -102.7819
445182.00000 4368170.00000 -102.5647
445182.00000 4368174.00000 -103.2953
445182.00000 4368178.00000 -107.9665
445182.00000 4368182.00000 -109.7274
445182.00000 4368186.00000 -109.4354
445182.00000 4368190.00000 -110.4022
445182.00000 4368194.00000 -104.0489
445182.00000 4368198.00000 -102.3644
445182.00000 4368202.00000 -99.9843
445182.00000 4368206.00000 -98.0299
445182.00000 4368210.00000 N.C.
445182.00000 4368214.00000 N.C.
445182.00000 4368218.00000 -111.8945
445182.00000 4368222.00000 N.C.
445182.00000 4368226.00000 -118.9136
445182.00000 4368230.00000 N.C.
445182.00000 4368234.00000 N.C.
445182.00000 4368238.00000 -109.5121
445182.00000 4368242.00000 N.C.
445182.00000 4368246.00000 N.C.
445182.00000 4368250.00000 -100.6680
445182.00000 4368254.00000 -100.7211
445182.00000 4368258.00000 -107.8387
445182.00000 4368262.00000 N.C.
445182.00000 4368266.00000 N.C.
445182.00000 4368270.00000 N.C.
445182.00000 4368274.00000 -104.7744
445182.00000 4368278.00000 -105.8442
445182.00000 4368282.00000 -102.9183
445182.00000 4368286.00000 -111.3826
445182.00000 4368290.00000 -109.0982
445182.00000 4368294.00000 -104.5288
445182.00000 4368298.00000 -106.0339
445182.00000 4368302.00000 -108.8516
445182.00000 4368306.00000 N.C.
445182.00000 4368310.00000 -118.7580
445182.00000 4368314.00000 -108.0187
445182.00000 4368318.00000 -111.0343
445182.00000 4368322.00000 -105.8218
445182.00000 4368326.00000 N.C.
445182.00000 4368330.00000 N.C.
445182.00000 4368334.00000 N.C.
445182.00000 4368338.00000 -132.4704
445182.00000 4368342.00000 N.C.
445182.00000 4368346.00000 N.C.
445182.00000 4368350.00000 -116.9670
445182.00000 4368354.00000 N.C.
445182.00000 4368358.00000 N.C.
445182.00000 4368362.00000 N.C.
445182.00000 4368366.00000 -140.2250
445182.00000 4368370.00000 -136.5198
445182.00000 4368374.00000 -134.6247
445182.00000 4368378.00000 -135.4761
445182.00000 4368382.00000 -136.3063
445182.00000 4368386.00000 -140.5184
445182.00000 4368390.00000 -137.8745
445182.00000 4368394.00000 -126.3802
445186.00000 4367886.00000 -120.9676
445186.00000 4367890.00000 -120.6905
445186.00000 4367894.00000 -121.8087
445186.00000 4367898.00000 -120.4983
445186.00000 4367902.00000 -119.7837
445186.00000 4367906.00000 -121.0719
445186.00000 4367910.00000 -119.3466
445186.00000 4367914.00000 -120.6892
445186.00000 4367918.00000 -119.1855
445186.00000 4367922.00000 -119.7785
445186.00000 4367926.00000 -119.4116
445186.00000 4367930.00000 -118.2934
445186.00000 4367934.00000 -118.7654
445186.00000 4367938.00000 -118.8858
445186.00000 4367942.00000 -118.7871
445186.00000 4367946.00000 -114.6432
445186.00000 4367950.00000 -114.9778
445186.00000 4367954.00000 -114.3882
445186.00000 4367958.00000 -114.0399
445186.00000 4367962.00000 -113.8708
445186.00000 4367966.00000 -114.0013
445186.00000 4367970.00000 -114.2502
445186.00000 4367974.00000 -113.9897
445186.00000 4367978.00000 -112.2183
445186.00000 4367982.00000 -111.9046
445186.00000 4367986.00000 -112.9670
445186.00000 4367990.00000 -112.8180
445186.00000 4367994.00000 -115.6608
445186.00000 4367998.00000 -116.3008
445186.00000 4368002.00000 -115.4262
445186.00000 4368006.00000 -115.4666
445186.00000 4368010.00000 -115.2810
445186.00000 4368014.00000 -114.2438
445186.00000 4368018.00000 -114.1759
445186.00000 4368022.00000 -116.1392
445186.00000 4368026.00000 -116.7995
445186.00000 4368030.00000 -117.0228
445186.00000 4368034.00000 -116.8978
445186.00000 4368038.00000 -116.6550
445186.00000 4368042.00000 -115.0523
445186.00000 4368046.00000 -115.4087
445186.00000 4368050.00000 -115.4946
445186.00000 4368054.00000 -114.9995
445186.00000 4368058.00000 -116.4082
445186.00000 4368062.00000 -115.8256
445186.00000 4368066.00000 -115.4030
445186.00000 4368070.00000 -114.6933
445186.00000 4368074.00000 -112.6295
445186.00000 4368078.00000 -112.7734
445186.00000 4368082.00000 -112.0682
445186.00000 4368086.00000 -111.7199
445186.00000 4368090.00000 -124.7446
445186.00000 4368094.00000 N.C.
445186.00000 4368098.00000 N.C.
445186.00000 4368102.00000 -129.8405
445186.00000 4368106.00000 N.C.
445186.00000 4368110.00000 N.C.
445186.00000 4368114.00000 N.C.
445186.00000 4368118.00000 -118.1476
445186.00000 4368122.00000 -126.5907
445186.00000 4368126.00000 N.C.
445186.00000 4368130.00000 N.C.
445186.00000 4368134.00000 -102.7632
445186.00000 4368138.00000 -102.5420
445186.00000 4368142.00000 -101.7659
445186.00000 4368146.00000 N.C.
445186.00000 4368150.00000 -113.1702
445186.00000 4368154.00000 N.C.
445186.00000 4368158.00000 N.C.
445186.00000 4368162.00000 N.C.
445186.00000 4368166.00000 N.C.
445186.00000 4368170.00000 -103.2031
445186.00000 4368174.00000 -103.4785
445186.00000 4368178.00000 -103.4507
445186.00000 4368182.00000 -104.8867
445186.00000 4368186.00000 -105.2408
445186.00000 4368190.00000 -102.9982
445186.00000 4368194.00000 -105.7998
445186.00000 4368198.00000 -104.7558
445186.00000 4368202.00000 -104.4580
445186.00000 4368206.00000 -99.5955
445186.00000 4368210.00000 -96.8798
445186.00000 4368214.00000 -92.2601
445186.00000 4368218.00000 -108.3509
445186.00000 4368222.00000 N.C.
445186.00000 4368226.00000 -113.8449
445186.00000 4368230.00000 N.C.
445186.00000 4368234.00000 N.C.
445186.00000 4368238.00000 -101.8014
445186.00000 4368242.00000 N.C.
445186.00000 4368246.00000 -100.8318
445186.00000 4368250.00000 -99.9268
445186.00000 4368254.00000 -99.9935
445186.00000 4368258.00000 N.C.
445186.00000 4368262.00000 -102.7162
445186.00000 4368266.00000 N.C.
445186.00000 4368270.00000 -135.0153
445186.00000 4368274.00000 -109.4912
445186.00000 4368278.00000 -109.8977
445186.00000 4368282.00000 -106.7933
445186.00000 4368286.00000 -107.2137
445186.00000 4368290.00000 -109.9474
445186.00000 4368294.00000 N.C.
445186.00000 4368298.00000 N.C.
445186.00000 4368302.00000 -111.1318
445186.00000 4368306.00000 -106.2022
445186.00000 4368310.00000 -104.1579
445186.00000 4368314.00000 -102.6148
445186.00000 4368318.00000 -110.4126
445186.00000 4368322.00000 -115.9180
445186.00000 4368326.00000 N.C.
445186.00000 4368330.00000 N.C.
445186.00000 4368334.00000 -127.5619
445186.00000 4368338.00000 -131.6003
445186.00000 4368342.00000 N.C.
445186.00000 4368346.00000 N.C.
445186.00000 4368350.00000 -136.0706
445186.00000 4368354.00000 N.C.
445186.00000 4368358.00000 N.C.
445186.00000 4368362.00000 -142.9939
445186.00000 4368366.00000 -145.9024
445186.00000 4368370.00000 -135.7212
445186.00000 4368374.00000 -136.4649
445186.00000 4368378.00000 -135.2464
445186.00000 4368382.00000 N.C.
445186.00000 4368386.00000 -142.6091
445186.00000 4368390.00000 -138.8167
445186.00000 4368394.00000 -128.0488
445190.00000 4367886.00000 -122.1919
445190.00000 4367890.00000 -121.9771
445190.00000 4367894.00000 -121.3135
445190.00000 4367898.00000 -120.5775
445190.00000 4367902.00000 -122.5180
445190.00000 4367906.00000 -122.2373
445190.00000 4367910.00000 -120.5569
445190.00000 4367914.00000 -120.8552
445190.00000 4367918.00000 -120.9083
445190.00000 4367922.00000 -120.6302
445190.00000 4367926.00000 -120.3623
445190.00000 4367930.00000 -120.1895
445190.00000 4367934.00000 -119.7762
445190.00000 4367938.00000 -119.6819
445190.00000 4367942.00000 -118.1354
445190.00000 4367946.00000 -114.9023
445190.00000 4367950.00000 -114.6706
445190.00000 4367954.00000 -113.2205
445190.00000 4367958.00000 -113.0659
445190.00000 4367962.00000 -112.9263
445190.00000 4367966.00000 -112.5448
445190.00000 4367970.00000 -112.4111
445190.00000 4367974.00000 -113.7921
445190.00000 4367978.00000 -113.6039
445190.00000 4367982.00000 -113.3514
445190.00000 4367986.00000 -113.3190
445190.00000 4367990.00000 -113.0612
445190.00000 4367994.00000 -116.1984
445190.00000 4367998.00000 -116.4444
445190.00000 4368002.00000 -115.2954
445190.00000 4368006.00000 -115.0607
445190.00000 4368010.00000 -115.1235
445190.00000 4368014.00000 -114.7891
445190.00000 4368018.00000 -115.0052
445190.00000 4368022.00000 -114.3520
445190.00000 4368026.00000 -114.2448
445190.00000 4368030.00000 -114.3545
445190.00000 4368034.00000 -116.5513
445190.00000 4368038.00000 -116.2646
445190.00000 4368042.00000 -116.3028
445190.00000 4368046.00000 -115.4200
445190.00000 4368050.00000 -116.2749
445190.00000 4368054.00000 -115.0008
445190.00000 4368058.00000 -113.3645
445190.00000 4368062.00000 -114.3570
445190.00000 4368066.00000 -114.0422
445190.00000 4368070.00000 -113.4220
445190.00000 4368074.00000 -113.0815
445190.00000 4368078.00000 -112.2064
445190.00000 4368082.00000 -110.8187
445190.00000 4368086.00000 -111.5844
445190.00000 4368090.00000 -111.1287
445190.00000 4368094.00000 -111.1740
445190.00000 4368098.00000 -110.6620
445190.00000 4368102.00000 -109.6296
445190.00000 4368106.00000 -118.1670
445190.00000 4368110.00000 -118.9035
445190.00000 4368114.00000 -114.2011
445190.00000 4368118.00000 -122.3590
445190.00000 4368122.00000 -128.3389
445190.00000 4368126.00000 N.C.
445190.00000 4368130.00000 N.C.
445190.00000 4368134.00000 -103.0426
445190.00000 4368138.00000 -102.9952
445190.00000 4368142.00000 -102.6863
445190.00000 4368146.00000 -102.9254
445190.00000 4368150.00000 -103.2342
445190.00000 4368154.00000 N.C.
445190.00000 4368158.00000 -122.7094
445190.00000 4368162.00000 -123.2978
445190.00000 4368166.00000 N.C.
445190.00000 4368170.00000 N.C.
445190.00000 4368174.00000 N.C.
445190.00000 4368178.00000 N.C.
445190.00000 4368182.00000 N.C.
445190.00000 4368186.00000 -104.8226
445190.00000 4368190.00000 -108.0017
445190.00000 4368194.00000 -112.7916
445190.00000 4368198.00000 N.C.
445190.00000 4368202.00000 N.C.
445190.00000 4368206.00000 N.C.
445190.00000 4368210.00000 -97.3811
445190.00000 4368214.00000 -95.1361
445190.00000 4368218.00000 -95.5884
445190.00000 4368222.00000 -89.8280
445190.00000 4368226.00000 -91.7135
445190.00000 4368230.00000 -87.8302
445190.00000 4368234.00000 -91.2381
445190.00000 4368238.00000 -90.2173
445190.00000 4368242.00000 -90.5171
445190.00000 4368246.00000 -101.1146
445190.00000 4368250.00000 N.C.
445190.00000 4368254.00000 N.C.
445190.00000 4368258.00000 N.C.
445190.00000 4368262.00000 -103.9787
445190.00000 4368266.00000 N.C.
445190.00000 4368270.00000 -131.9898
445190.00000 4368274.00000 -108.0264
445190.00000 4368278.00000 -108.4566
445190.00000 4368282.00000 -110.8924
445190.00000 4368286.00000 -111.9189
445190.00000 4368290.00000 -108.6664
445190.00000 4368294.00000 -109.3830
445190.00000 4368298.00000 N.C.
445190.00000 4368302.00000 N.C.
445190.00000 4368306.00000 -125.9900
445190.00000 4368310.00000 N.C.
445190.00000 4368314.00000 -134.2259
445190.00000 4368318.00000 -102.2222
445190.00000 4368322.00000 -102.7216
445190.00000 4368326.00000 -112.7228
445190.00000 4368330.00000 -110.9635
445190.00000 4368334.00000 -112.5724
445190.00000 4368338.00000 -120.2652
445190.00000 4368342.00000 N.C.
445190.00000 4368346.00000 N.C.
445190.00000 4368350.00000 -134.4708
445190.00000 4368354.00000 N.C.
445190.00000 4368358.00000 N.C.
445190.00000 4368362.00000 -146.7583
445190.00000 4368366.00000 -145.7651
445190.00000 4368370.00000 -137.2016
445190.00000 4368374.00000 -136.9138
445190.00000 4368378.00000 N.C.
445190.00000 4368382.00000 N.C.
445190.00000 4368386.00000 -143.6531
445190.00000 4368390.00000 -138.9565
445190.00000 4368394.00000 -132.3134
445194.00000 4367886.00000 -121.2060
445194.00000 4367890.00000 -121.8007
445194.00000 4367894.00000 -120.9610
445194.00000 4367898.00000 -121.8326
445194.00000 4367902.00000 -121.4794
445194.00000 4367906.00000 -121.3288
445194.00000 4367910.00000 -121.0573
445194.00000 4367914.00000 -120.0655
445194.00000 4367918.00000 -121.0340
445194.00000 4367922.00000 -121.0845
445194.00000 4367926.00000 -120.9358
445194.00000 4367930.00000 -120.7109
445194.00000 4367934.00000 -117.4909
445194.00000 4367938.00000 -116.4359
445194.00000 4367942.00000 -116.3215
445194.00000 4367946.00000 -113.8512
445194.00000 4367950.00000 -113.5008
445194.00000 4367954.00000 -114.7229
445194.00000 4367958.00000 -114.8883
445194.00000 4367962.00000 -114.7341
445194.00000 4367966.00000 -114.3650
445194.00000 4367970.00000 -114.2421
445194.00000 4367974.00000 -115.1534
445194.00000 4367978.00000 -114.0151
445194.00000 4367982.00000 -114.5830
445194.00000 4367986.00000 -114.0940
445194.00000 4367990.00000 -119.3891
445194.00000 4367994.00000 -117.1087
445194.00000 4367998.00000 -116.8774
445194.00000 4368002.00000 -116.5907
445194.00000 4368006.00000 -116.4902
445194.00000 4368010.00000 -115.3080
445194.00000 4368014.00000 -116.6324
445194.00000 4368018.00000 -115.5425
445194.00000 4368022.00000 -116.5409
445194.00000 4368026.00000 -115.8210
445194.00000 4368030.00000 -112.9307
445194.00000 4368034.00000 -114.6824
445194.00000 4368038.00000 -114.5120
445194.00000 4368042.00000 -114.9194
445194.00000 4368046.00000 -115.9002
445194.00000 4368050.00000 -115.4704
445194.00000 4368054.00000 -115.2671
445194.00000 4368058.00000 -114.7546
445194.00000 4368062.00000 -113.9012
445194.00000 4368066.00000 -128.1889
445194.00000 4368070.00000 N.C.
445194.00000 4368074.00000 -112.7055
445194.00000 4368078.00000 -112.6600
445194.00000 4368082.00000 -113.3998
445194.00000 4368086.00000 -111.5847
445194.00000 4368090.00000 -110.7372
445194.00000 4368094.00000 -110.4932
445194.00000 4368098.00000 -109.9682
445194.00000 4368102.00000 -109.8493
445194.00000 4368106.00000 -109.1804
445194.00000 4368110.00000 -108.3372
445194.00000 4368114.00000 -116.2674
445194.00000 4368118.00000 -120.4902
445194.00000 4368122.00000 -122.9000
445194.00000 4368126.00000 N.C.
445194.00000 4368130.00000 N.C.
445194.00000 4368134.00000 -103.6398
445194.00000 4368138.00000 -103.6387
445194.00000 4368142.00000 -102.9568
445194.00000 4368146.00000 -103.4541
445194.00000 4368150.00000 N.C.
445194.00000 4368154.00000 N.C.
445194.00000 4368158.00000 -117.8089
445194.00000 4368162.00000 -117.5587
445194.00000 4368166.00000 N.C.
445194.00000 4368170.00000 -101.9178
445194.00000 4368174.00000 N.C.
445194.00000 4368178.00000 N.C.
445194.00000 4368182.00000 N.C.
445194.00000 4368186.00000 -102.4633
445194.00000 4368190.00000 N.C.
445194.00000 4368194.00000 -114.2240
445194.00000 4368198.00000 N.C.
445194.00000 4368202.00000 N.C.
445194.00000 4368206.00000 N.C.
445194.00000 4368210.00000 -104.2774
445194.00000 4368214.00000 -100.4210
445194.00000 4368218.00000 -93.1405
445194.00000 4368222.00000 -93.4608
445194.00000 4368226.00000 -91.9552
445194.00000 4368230.00000 -88.7987
445194.00000 4368234.00000 -89.9851
445194.00000 4368238.00000 -88.4314
445194.00000 4368242.00000 -88.5751
445194.00000 4368246.00000 -90.5208
445194.00000 4368250.00000 -90.6851
445194.00000 4368254.00000 -90.6635
445194.00000 4368258.00000 -90.7038
445194.00000 4368262.00000 N.C.
445194.00000 4368266.00000 N.C.
445194.00000 4368270.00000 -110.4220
445194.00000 4368274.00000 -101.9752
445194.00000 4368278.00000 -103.1055
445194.00000 4368282.00000 -123.3957
445194.00000 4368286.00000 N.C.
445194.00000 4368290.00000 N.C.
445194.00000 4368294.00000 -119.9910
445194.00000 4368298.00000 -114.2044
445194.00000 4368302.00000 -113.2150
445194.00000 4368306.00000 -115.0512
445194.00000 4368310.00000 N.C.
445194.00000 4368314.00000 -146.6555
445194.00000 4368318.00000 N.C.
445194.00000 4368322.00000 N.C.
445194.00000 4368326.00000 N.C.
445194.00000 4368330.00000 N.C.
445194.00000 4368334.00000 -105.6147
445194.00000 4368338.00000 -115.9934
445194.00000 4368342.00000 -131.9977
445194.00000 4368346.00000 -130.9585
445194.00000 4368350.00000 -130.9958
445194.00000 4368354.00000 N.C.
445194.00000 4368358.00000 N.C.
445194.00000 4368362.00000 -145.3295
445194.00000 4368366.00000 -142.1155
445194.00000 4368370.00000 -137.6278
445194.00000 4368374.00000 -136.8273
445194.00000 4368378.00000 -140.6437
445194.00000 4368382.00000 -144.4274
445194.00000 4368386.00000 -140.4857
445194.00000 4368390.00000 -137.7777
445194.00000 4368394.00000 -136.7285
445198.00000 4367886.00000 -121.5428
445198.00000 4367890.00000 -121.4132
445198.00000 4367894.00000 -121.2017
445198.00000 4367898.00000 -121.7431
445198.00000 4367902.00000 -120.7922
445198.00000 4367906.00000 -120.6707
445198.00000 4367910.00000 -120.4559
445198.00000 4367914.00000 -121.0083
445198.00000 4367918.00000 -117.3376
445198.00000 4367922.00000 -116.9949
445198.00000 4367926.00000 -116.8828
445198.00000 4367930.00000 -116.4304
445198.00000 4367934.00000 -116.1772
445198.00000 4367938.00000 -116.0600
445198.00000 4367942.00000 -115.4693
445198.00000 4367946.00000 -115.3391
445198.00000 4367950.00000 -114.8989
445198.00000 4367954.00000 -115.6011
445198.00000 4367958.00000 -115.4276
445198.00000 4367962.00000 -115.7169
445198.00000 4367966.00000 -115.6060
445198.00000 4367970.00000 -115.0691
445198.00000 4367974.00000 -115.3537
445198.00000 4367978.00000 -115.2833
445198.00000 4367982.00000 -114.7540
445198.00000 4367986.00000 -114.6393
445198.00000 4367990.00000 -116.2900
445198.00000 4367994.00000 -116.6903
445198.00000 4367998.00000 -117.3585
445198.00000 4368002.00000 -115.6165
445198.00000 4368006.00000 -115.4302
445198.00000 4368010.00000 -115.2125
445198.00000 4368014.00000 -115.4199
445198.00000 4368018.00000 -114.8107
445198.00000 4368022.00000 -114.6403
445198.00000 4368026.00000 -114.3514
445198.00000 4368030.00000 -114.0374
445198.00000 4368034.00000 -114.8061
445198.00000 4368038.00000 -113.6121
445198.00000 4368042.00000 -115.1148
445198.00000 4368046.00000 -114.5058
445198.00000 4368050.00000 -115.9917
445198.00000 4368054.00000 -116.5461
445198.00000 4368058.00000 -115.6311
445198.00000 4368062.00000 -115.2096
445198.00000 4368066.00000 N.C.
445198.00000 4368070.00000 N.C.
445198.00000 4368074.00000 N.C.
445198.00000 4368078.00000 N.C.
445198.00000 4368082.00000 N.C.
445198.00000 4368086.00000 N.C.
445198.00000 4368090.00000 -111.2914
445198.00000 4368094.00000 -110.6897
445198.00000 4368098.00000 -109.1713
445198.00000 4368102.00000 -108.7265
445198.00000 4368106.00000 -108.4782
445198.00000 4368110.00000 -108.5293
445198.00000 4368114.00000 -117.7734
445198.00000 4368118.00000 -116.9101
445198.00000 4368122.00000 -119.9417
445198.00000 4368126.00000 -120.0477
445198.00000 4368130.00000 -115.9442
445198.00000 4368134.00000 -102.4922
445198.00000 4368138.00000 N.C.
445198.00000 4368142.00000 N.C.
445198.00000 4368146.00000 N.C.
445198.00000 4368150.00000 N.C.
445198.00000 4368154.00000 N.C.
445198.00000 4368158.00000 -114.5352
445198.00000 4368162.00000 -116.1653
445198.00000 4368166.00000 N.C.
445198.00000 4368170.00000 -103.8480
445198.00000 4368174.00000 N.C.
445198.00000 4368178.00000 N.C.
445198.00000 4368182.00000 -102.2461
445198.00000 4368186.00000 N.C.
445198.00000 4368190.00000 N.C.
445198.00000 4368194.00000 -126.6867
445198.00000 4368198.00000 -123.3096
445198.00000 4368202.00000 -121.7999
445198.00000 4368206.00000 N.C.
445198.00000 4368210.00000 N.C.
445198.00000 4368214.00000 -104.6192
445198.00000 4368218.00000 -103.4040
445198.00000 4368222.00000 -107.9846
445198.00000 4368226.00000 -104.4349
445198.00000 4368230.00000 -102.0892
445198.00000 4368234.00000 -100.6765
445198.00000 4368238.00000 -95.4060
445198.00000 4368242.00000 -89.8981
445198.00000 4368246.00000 -90.5886
445198.00000 4368250.00000 -88.7274
445198.00000 4368254.00000 -90.7272
445198.00000 4368258.00000 -91.0480
445198.00000 4368262.00000 -90.6867
445198.00000 4368266.00000 -90.5251
445198.00000 4368270.00000 -91.8566
445198.00000 4368274.00000 -98.4802
445198.00000 4368278.00000 -102.4046
445198.00000 4368282.00000 N.C.
445198.00000 4368286.00000 N.C.
445198.00000 4368290.00000 -121.2399
445198.00000 4368294.00000 -120.0484
445198.00000 4368298.00000 -124.1734
445198.00000 4368302.00000 -118.3670
445198.00000 4368306.00000 N.C.
445198.00000 4368310.00000 N.C.
445198.00000 4368314.00000 -136.1967
445198.00000 4368318.00000 -139.7859
445198.00000 4368322.00000 N.C.
445198.00000 4368326.00000 N.C.
445198.00000 4368330.00000 N.C.
445198.00000 4368334.00000 -111.4561
445198.00000 4368338.00000 -110.0008
445198.00000 4368342.00000 N.C.
445198.00000 4368346.00000 N.C.
445198.00000 4368350.00000 -117.7547
445198.00000 4368354.00000 N.C.
445198.00000 4368358.00000 N.C.
445198.00000 4368362.00000 -141.8960
445198.00000 4368366.00000 -142.1465
445198.00000 4368370.00000 -137.5304
445198.00000 4368374.00000 -138.0799
445198.00000 4368378.00000 -137.6159
445198.00000 4368382.00000 -141.8779
445198.00000 4368386.00000 -137.6255
445198.00000 4368390.00000 -137.9056
445198.00000 4368394.00000 -137.0860
445202.00000 4367886.00000 -119.4196
445202.00000 4367890.00000 -122.1824
445202.00000 4367894.00000 -119.0880
445202.00000 4367898.00000 -118.9905
445202.00000 4367902.00000 -117.3768
445202.00000 4367906.00000 -116.2172
445202.00000 4367910.00000 -117.1663
445202.00000 4367914.00000 -115.9125
445202.00000 4367918.00000 -115.4939
445202.00000 4367922.00000 -116.3143
445202.00000 4367926.00000 -118.6168
445202.00000 4367930.00000 -119.1494
445202.00000 4367934.00000 -119.9859
445202.00000 4367938.00000 -119.8142
445202.00000 4367942.00000 -114.2239
445202.00000 4367946.00000 -113.8946
445202.00000 4367950.00000 -113.7885
445202.00000 4367954.00000 -113.6843
445202.00000 4367958.00000 -113.3723
445202.00000 4367962.00000 -113.4074
445202.00000 4367966.00000 -113.0522
445202.00000 4367970.00000 -112.9647
445202.00000 4367974.00000 -112.7979
445202.00000 4367978.00000 -112.7207
445202.00000 4367982.00000 -112.7758
445202.00000 4367986.00000 -112.6432
445202.00000 4367990.00000 -117.6128
445202.00000 4367994.00000 -117.4713
445202.00000 4367998.00000 -116.5127
445202.00000 4368002.00000 -116.9924
445202.00000 4368006.00000 -116.7860
445202.00000 4368010.00000 -116.5861
445202.00000 4368014.00000 -116.3442
445202.00000 4368018.00000 -115.8405
445202.00000 4368022.00000 -115.9207
445202.00000 4368026.00000 -115.7538
445202.00000 4368030.00000 -114.9781
445202.00000 4368034.00000 -113.9243
445202.00000 4368038.00000 -113.3842
445202.00000 4368042.00000 -114.3062
445202.00000 4368046.00000 -113.2886
445202.00000 4368050.00000 -113.3554
445202.00000 4368054.00000 -113.8255
445202.00000 4368058.00000 -115.9613
445202.00000 4368062.00000 -115.1418
445202.00000 4368066.00000 N.C.
445202.00000 4368070.00000 N.C.
445202.00000 4368074.00000 N.C.
445202.00000 4368078.00000 N.C.
445202.00000 4368082.00000 N.C.
445202.00000 4368086.00000 -112.2665
445202.00000 4368090.00000 -112.3117
445202.00000 4368094.00000 -111.6218
445202.00000 4368098.00000 -111.2892
445202.00000 4368102.00000 -110.3142
445202.00000 4368106.00000 -108.8457
445202.00000 4368110.00000 -107.9874
445202.00000 4368114.00000 -113.8224
445202.00000 4368118.00000 -117.2720
445202.00000 4368122.00000 -113.1066
445202.00000 4368126.00000 -113.4132
445202.00000 4368130.00000 -105.2185
445202.00000 4368134.00000 -103.7160
445202.00000 4368138.00000 -114.0059
445202.00000 4368142.00000 -118.6060
445202.00000 4368146.00000 -111.8572
445202.00000 4368150.00000 N.C.
445202.00000 4368154.00000 N.C.
445202.00000 4368158.00000 -115.8159
445202.00000 4368162.00000 -115.5198
445202.00000 4368166.00000 N.C.
445202.00000 4368170.00000 -102.1491
445202.00000 4368174.00000 -102.4744
445202.00000 4368178.00000 -102.9522
445202.00000 4368182.00000 -102.6455
445202.00000 4368186.00000 N.C.
445202.00000 4368190.00000 N.C.
445202.00000 4368194.00000 -125.0391
445202.00000 4368198.00000 -125.4027
445202.00000 4368202.00000 -122.4040
445202.00000 4368206.00000 N.C.
445202.00000 4368210.00000 N.C.
445202.00000 4368214.00000 -106.0456
445202.00000 4368218.00000 -107.1473
445202.00000 4368222.00000 -105.1541
445202.00000 4368226.00000 -105.9022
445202.00000 4368230.00000 -104.4866
445202.00000 4368234.00000 -94.9361
445202.00000 4368238.00000 -102.4664
445202.00000 4368242.00000 -94.9995
445202.00000 4368246.00000 -97.5831
445202.00000 4368250.00000 -95.9404
445202.00000 4368254.00000 N.C.
445202.00000 4368258.00000 N.C.
445202.00000 4368262.00000 -107.9985
445202.00000 4368266.00000 -105.9054
445202.00000 4368270.00000 -91.9188
445202.00000 4368274.00000 -90.1652
445202.00000 4368278.00000 -92.6129
445202.00000 4368282.00000 N.C.
445202.00000 4368286.00000 N.C.
445202.00000 4368290.00000 -121.2140
445202.00000 4368294.00000 -118.9865
445202.00000 4368298.00000 -129.3486
445202.00000 4368302.00000 -119.5806
445202.00000 4368306.00000 N.C.
445202.00000 4368310.00000 N.C.
445202.00000 4368314.00000 -114.7256
445202.00000 4368318.00000 -114.5224
445202.00000 4368322.00000 -114.3220
445202.00000 4368326.00000 -123.3970
445202.00000 4368330.00000 -120.3055
445202.00000 4368334.00000 -119.6135
445202.00000 4368338.00000 -107.1307
445202.00000 4368342.00000 N.C.
445202.00000 4368346.00000 N.C.
445202.00000 4368350.00000 -134.2923
445202.00000 4368354.00000 N.C.
445202.00000 4368358.00000 -146.3053
445202.00000 4368362.00000 -142.7734
445202.00000 4368366.00000 -140.5953
445202.00000 4368370.00000 -138.9960
445202.00000 4368374.00000 -137.3279
445202.00000 4368378.00000 -137.5270
445202.00000 4368382.00000 -138.3520
445202.00000 4368386.00000 -139.6559
445202.00000 4368390.00000 -137.6078
445202.00000 4368394.00000 -138.9559
445206.00000 4367886.00000 -118.4603
445206.00000 4367890.00000 -116.8067
445206.00000 4367894.00000 -116.6410
445206.00000 4367898.00000 -116.0288
445206.00000 4367902.00000 -115.8938
445206.00000 4367906.00000 -116.8969
445206.00000 4367910.00000 -118.1923
445206.00000 4367914.00000 -117.8037
445206.00000 4367918.00000 -119.3566
445206.00000 4367922.00000 -117.7208
445206.00000 4367926.00000 -121.7381
445206.00000 4367930.00000 -119.4755
445206.00000 4367934.00000 -117.3359
445206.00000 4367938.00000 -116.0355
445206.00000 4367942.00000 -115.4129
445206.00000 4367946.00000 -113.9042
445206.00000 4367950.00000 -114.4886
445206.00000 4367954.00000 -114.3305
445206.00000 4367958.00000 -113.2727
445206.00000 4367962.00000 -113.9191
445206.00000 4367966.00000 -113.6665
445206.00000 4367970.00000 -113.5851
445206.00000 4367974.00000 -113.4404
445206.00000 4367978.00000 -114.0034
445206.00000 4367982.00000 -113.3358
445206.00000 4367986.00000 -113.8631
445206.00000 4367990.00000 -114.5141
445206.00000 4367994.00000 -114.0718
445206.00000 4367998.00000 -114.3275
445206.00000 4368002.00000 -114.1581
445206.00000 4368006.00000 -114.4050
445206.00000 4368010.00000 -114.1890
445206.00000 4368014.00000 -114.2493
445206.00000 4368018.00000 -114.0795
445206.00000 4368022.00000 -113.9069
445206.00000 4368026.00000 -113.7533
445206.00000 4368030.00000 -113.5100
445206.00000 4368034.00000 -114.7789
445206.00000 4368038.00000 -113.9446
445206.00000 4368042.00000 -114.6282
445206.00000 4368046.00000 -114.0246
445206.00000 4368050.00000 -116.3505
445206.00000 4368054.00000 -112.8400
445206.00000 4368058.00000 -114.7348
445206.00000 4368062.00000 -121.2298
445206.00000 4368066.00000 N.C.
445206.00000 4368070.00000 N.C.
445206.00000 4368074.00000 N.C.
445206.00000 4368078.00000 N.C.
445206.00000 4368082.00000 N.C.
445206.00000 4368086.00000 -111.7317
445206.00000 4368090.00000 -111.9039
445206.00000 4368094.00000 -111.8541
445206.00000 4368098.00000 -111.2805
445206.00000 4368102.00000 -110.7154
445206.00000 4368106.00000 -110.1910
445206.00000 4368110.00000 -108.6552
445206.00000 4368114.00000 -111.3108
445206.00000 4368118.00000 -112.2951
445206.00000 4368122.00000 -114.8134
445206.00000 4368126.00000 -105.8719
445206.00000 4368130.00000 -106.3336
445206.00000 4368134.00000 -105.6860
445206.00000 4368138.00000 -116.2160
445206.00000 4368142.00000 -116.2650
445206.00000 4368146.00000 -114.8980
445206.00000 4368150.00000 -113.9469
445206.00000 4368154.00000 -112.5098
445206.00000 4368158.00000 -111.6961
445206.00000 4368162.00000 -113.5273
445206.00000 4368166.00000 N.C.
445206.00000 4368170.00000 -110.9465
445206.00000 4368174.00000 N.C.
445206.00000 4368178.00000 N.C.
445206.00000 4368182.00000 -104.9761
445206.00000 4368186.00000 N.C.
445206.00000 4368190.00000 N.C.
445206.00000 4368194.00000 -125.0163
445206.00000 4368198.00000 -122.1735
445206.00000 4368202.00000 -119.0281
445206.00000 4368206.00000 N.C.
445206.00000 4368210.00000 N.C.
445206.00000 4368214.00000 -112.3583
445206.00000 4368218.00000 -105.5192
445206.00000 4368222.00000 -105.4418
445206.00000 4368226.00000 -105.8066
445206.00000 4368230.00000 -110.7373
445206.00000 4368234.00000 -106.5460
445206.00000 4368238.00000 -95.0851
445206.00000 4368242.00000 N.C.
445206.00000 4368246.00000 N.C.
445206.00000 4368250.00000 -98.0024
445206.00000 4368254.00000 N.C.
445206.00000 4368258.00000 N.C.
445206.00000 4368262.00000 -110.6130
445206.00000 4368266.00000 -105.5585
445206.00000 4368270.00000 -106.3084
445206.00000 4368274.00000 -103.7692
445206.00000 4368278.00000 -104.3756
445206.00000 4368282.00000 -112.2733
445206.00000 4368286.00000 N.C.
445206.00000 4368290.00000 -128.2590
445206.00000 4368294.00000 N.C.
445206.00000 4368298.00000 N.C.
445206.00000 4368302.00000 -122.7550
445206.00000 4368306.00000 N.C.
445206.00000 4368310.00000 N.C.
445206.00000 4368314.00000 -134.5548
445206.00000 4368318.00000 -134.5553
445206.00000 4368322.00000 -133.3748
445206.00000 4368326.00000 -130.6250
445206.00000 4368330.00000 -120.9266
445206.00000 4368334.00000 -128.3611
445206.00000 4368338.00000 -117.9431
445206.00000 4368342.00000 -114.7506
445206.00000 4368346.00000 -107.8233
445206.00000 4368350.00000 -121.4019
445206.00000 4368354.00000 N.C.
445206.00000 4368358.00000 -143.4933
445206.00000 4368362.00000 -142.4475
445206.00000 4368366.00000 -140.1629
445206.00000 4368370.00000 -137.6935
445206.00000 4368374.00000 -135.8970
445206.00000 4368378.00000 -135.7393
445206.00000 4368382.00000 -138.8987
445206.00000 4368386.00000 -137.7479
445206.00000 4368390.00000 -138.8259
445206.00000 4368394.00000 -140.0832
445210.00000 4367886.00000 -117.1237
445210.00000 4367890.00000 -116.3136
445210.00000 4367894.00000 -118.2434
445210.00000 4367898.00000 -117.7481
445210.00000 4367902.00000 -119.6508
445210.00000 4367906.00000 -120.3171
445210.00000 4367910.00000 -119.6718
445210.00000 4367914.00000 -118.2811
445210.00000 4367918.00000 -119.8981
445210.00000 4367922.00000 -119.8217
445210.00000 4367926.00000 -122.0055
445210.00000 4367930.00000 -119.0874
445210.00000 4367934.00000 -117.4533
445210.00000 4367938.00000 -116.0898
445210.00000 4367942.00000 -115.8284
445210.00000 4367946.00000 -114.0556
445210.00000 4367950.00000 -114.5577
445210.00000 4367954.00000 -114.6900
445210.00000 4367958.00000 -113.5646
445210.00000 4367962.00000 -113.5580
445210.00000 4367966.00000 -113.9439
445210.00000 4367970.00000 -113.2219
445210.00000 4367974.00000 -112.9096
445210.00000 4367978.00000 -113.7820
445210.00000 4367982.00000 -112.8096
445210.00000 4367986.00000 -114.9690
445210.00000 4367990.00000 -115.5831
445210.00000 4367994.00000 -113.8354
445210.00000 4367998.00000 -113.4825
445210.00000 4368002.00000 -114.5360
445210.00000 4368006.00000 -114.2526
445210.00000 4368010.00000 -113.8136
445210.00000 4368014.00000 -113.9989
445210.00000 4368018.00000 -112.8118
445210.00000 4368022.00000 -112.8325
445210.00000 4368026.00000 -112.6657
445210.00000 4368030.00000 -112.4551
445210.00000 4368034.00000 -113.8266
445210.00000 4368038.00000 -113.6271
445210.00000 4368042.00000 -113.8557
445210.00000 4368046.00000 -113.1944
445210.00000 4368050.00000 -116.7579
445210.00000 4368054.00000 -115.6865
445210.00000 4368058.00000 -115.9376
445210.00000 4368062.00000 -123.0199
445210.00000 4368066.00000 N.C.
445210.00000 4368070.00000 N.C.
445210.00000 4368074.00000 N.C.
445210.00000 4368078.00000 N.C.
445210.00000 4368082.00000 N.C.
445210.00000 4368086.00000 -109.2955
445210.00000 4368090.00000 -108.9942
445210.00000 4368094.00000 -109.3469
445210.00000 4368098.00000 -107.8766
445210.00000 4368102.00000 -106.8874
445210.00000 4368106.00000 -106.4722
445210.00000 4368110.00000 -106.7921
445210.00000 4368114.00000 -105.7941
445210.00000 4368118.00000 -105.1587
445210.00000 4368122.00000 -104.7334
445210.00000 4368126.00000 -104.6243
445210.00000 4368130.00000 -105.1611
445210.00000 4368134.00000 -104.8388
445210.00000 4368138.00000 -108.8827
445210.00000 4368142.00000 -108.3657
445210.00000 4368146.00000 -107.8449
445210.00000 4368150.00000 -107.0486
445210.00000 4368154.00000 -106.9121
445210.00000 4368158.00000 -106.6546
445210.00000 4368162.00000 -105.8589
445210.00000 4368166.00000 -103.4732
445210.00000 4368170.00000 -101.8311
445210.00000 4368174.00000 -104.5755
445210.00000 4368178.00000 -114.7381
445210.00000 4368182.00000 -103.8542
445210.00000 4368186.00000 N.C.
445210.00000 4368190.00000 -111.7337
445210.00000 4368194.00000 -113.8220
445210.00000 4368198.00000 -119.8824
445210.00000 4368202.00000 -117.5498
445210.00000 4368206.00000 N.C.
445210.00000 4368210.00000 N.C.
445210.00000 4368214.00000 -117.0576
445210.00000 4368218.00000 -106.4272
445210.00000 4368222.00000 -115.2694
445210.00000 4368226.00000 -109.5586
445210.00000 4368230.00000 -109.4455
445210.00000 4368234.00000 -110.0030
445210.00000 4368238.00000 -107.1996
445210.00000 4368242.00000 N.C.
445210.00000 4368246.00000 N.C.
445210.00000 4368250.00000 N.C.
445210.00000 4368254.00000 N.C.
445210.00000 4368258.00000 N.C.
445210.00000 4368262.00000 -112.9184
445210.00000 4368266.00000 -97.3418
445210.00000 4368270.00000 -105.5100
445210.00000 4368274.00000 -107.4806
445210.00000 4368278.00000 -99.6125
445210.00000 4368282.00000 -102.2121
445210.00000 4368286.00000 -101.4844
445210.00000 4368290.00000 -95.6211
445210.00000 4368294.00000 -108.5490
445210.00000 4368298.00000 N.C.
445210.00000 4368302.00000 -126.1502
445210.00000 4368306.00000 N.C.
445210.00000 4368310.00000 -134.5372
445210.00000 4368314.00000 -132.7039
445210.00000 4368318.00000 -129.7505
445210.00000 4368322.00000 -123.5301
445210.00000 4368326.00000 -117.9329
445210.00000 4368330.00000 -131.6386
445210.00000 4368334.00000 -130.3074
445210.00000 4368338.00000 -128.6772
445210.00000 4368342.00000 -120.2889
445210.00000 4368346.00000 -117.6443
445210.00000 4368350.00000 N.C.
445210.00000 4368354.00000 N.C.
445210.00000 4368358.00000 -140.9644
445210.00000 4368362.00000 -142.0104
445210.00000 4368366.00000 -144.3174
445210.00000 4368370.00000 -143.1896
445210.00000 4368374.00000 -137.7375
445210.00000 4368378.00000 -138.2440
445210.00000 4368382.00000 -140.2238
445210.00000 4368386.00000 -140.4823
445210.00000 4368390.00000 -139.2095
445210.00000 4368394.00000 -140.2082
445214.00000 4367886.00000 -119.7551
445214.00000 4367890.00000 -120.0891
445214.00000 4367894.00000 -120.4441
445214.00000 4367898.00000 -120.2032
445214.00000 4367902.00000 -120.5696
445214.00000 4367906.00000 -120.2033
445214.00000 4367910.00000 -120.2328
445214.00000 4367914.00000 -118.3006
445214.00000 4367918.00000 -120.0378
445214.00000 4367922.00000 -119.9991
445214.00000 4367926.00000 -119.5237
445214.00000 4367930.00000 -119.6296
445214.00000 4367934.00000 -117.3778
445214.00000 4367938.00000 -115.2572
445214.00000 4367942.00000 -115.8087
445214.00000 4367946.00000 -115.0341
445214.00000 4367950.00000 -115.6480
445214.00000 4367954.00000 -115.0226
445214.00000 4367958.00000 -114.9025
445214.00000 4367962.00000 -114.3776
445214.00000 4367966.00000 -115.1931
445214.00000 4367970.00000 -114.3814
445214.00000 4367974.00000 -114.2403
445214.00000 4367978.00000 -114.0142
445214.00000 4367982.00000 -113.8688
445214.00000 4367986.00000 -112.4912
445214.00000 4367990.00000 -112.2881
445214.00000 4367994.00000 -114.2614
445214.00000 4367998.00000 -114.2752
445214.00000 4368002.00000 -113.8968
445214.00000 4368006.00000 -113.5647
445214.00000 4368010.00000 -113.9343
445214.00000 4368014.00000 -113.4925
445214.00000 4368018.00000 -113.1686
445214.00000 4368022.00000 -112.9042
445214.00000 4368026.00000 -112.8637
445214.00000 4368030.00000 -113.8855
445214.00000 4368034.00000 -113.6082
445214.00000 4368038.00000 -112.2087
445214.00000 4368042.00000 -113.1908
445214.00000 4368046.00000 -113.3589
445214.00000 4368050.00000 -113.1198
445214.00000 4368054.00000 -114.9593
445214.00000 4368058.00000 -115.0993
445214.00000 4368062.00000 -114.5673
445214.00000 4368066.00000 -120.9371
445214.00000 4368070.00000 -118.5073
445214.00000 4368074.00000 N.C.
445214.00000 4368078.00000 N.C.
445214.00000 4368082.00000 N.C.
445214.00000 4368086.00000 -110.3342
445214.00000 4368090.00000 -110.0129
445214.00000 4368094.00000 -109.5925
445214.00000 4368098.00000 -109.6470
445214.00000 4368102.00000 -109.4363
445214.00000 4368106.00000 -109.0298
445214.00000 4368110.00000 -110.6904
445214.00000 4368114.00000 -110.1279
445214.00000 4368118.00000 N.C.
445214.00000 4368122.00000 N.C.
445214.00000 4368126.00000 N.C.
445214.00000 4368130.00000 -106.0710
445214.00000 4368134.00000 -105.6618
445214.00000 4368138.00000 -105.3621
445214.00000 4368142.00000 -107.0815
445214.00000 4368146.00000 -106.5863
445214.00000 4368150.00000 -106.7848
445214.00000 4368154.00000 -112.8856
445214.00000 4368158.00000 -108.5289
445214.00000 4368162.00000 -105.5554
445214.00000 4368166.00000 -108.3268
445214.00000 4368170.00000 -109.4757
445214.00000 4368174.00000 -113.6236
445214.00000 4368178.00000 -102.0569
445214.00000 4368182.00000 -112.5125
445214.00000 4368186.00000 -110.0596
445214.00000 4368190.00000 -106.5208
445214.00000 4368194.00000 -111.3339
445214.00000 4368198.00000 -103.4136
445214.00000 4368202.00000 -99.0547
445214.00000 4368206.00000 N.C.
445214.00000 4368210.00000 N.C.
445214.00000 4368214.00000 -115.5654
445214.00000 4368218.00000 -119.0547
445214.00000 4368222.00000 -118.1911
445214.00000 4368226.00000 N.C.
445214.00000 4368230.00000 N.C.
445214.00000 4368234.00000 N.C.
445214.00000 4368238.00000 -113.2620
445214.00000 4368242.00000 -114.6373
445214.00000 4368246.00000 -116.0314
445214.00000 4368250.00000 -113.9691
445214.00000 4368254.00000 N.C.
445214.00000 4368258.00000 N.C.
445214.00000 4368262.00000 -115.5001
445214.00000 4368266.00000 -107.5004
445214.00000 4368270.00000 -109.0510
445214.00000 4368274.00000 -108.7850
445214.00000 4368278.00000 -107.3163
445214.00000 4368282.00000 -105.2607
445214.00000 4368286.00000 -107.0050
445214.00000 4368290.00000 -102.6123
445214.00000 4368294.00000 -96.0263
445214.00000 4368298.00000 -103.3423
445214.00000 4368302.00000 N.C.
445214.00000 4368306.00000 N.C.
445214.00000 4368310.00000 -113.0549
445214.00000 4368314.00000 -102.0935
445214.00000 4368318.00000 -104.7384
445214.00000 4368322.00000 -115.8976
445214.00000 4368326.00000 -116.8086
445214.00000 4368330.00000 -120.7805
445214.00000 4368334.00000 -118.4787
445214.00000 4368338.00000 -115.8038
445214.00000 4368342.00000 -116.8131
445214.00000 4368346.00000 -116.5574
445214.00000 4368350.00000 N.C.
445214.00000 4368354.00000 -144.4702
445214.00000 4368358.00000 -141.7978
445214.00000 4368362.00000 -142.1764
445214.00000 4368366.00000 N.C.
445214.00000 4368370.00000 N.C.
445214.00000 4368374.00000 N.C.
445214.00000 4368378.00000 -138.6271
445214.00000 4368382.00000 -140.7765
445214.00000 4368386.00000 -141.5274
445214.00000 4368390.00000 -138.6162
445214.00000 4368394.00000 -138.9368
445218.00000 4367886.00000 -120.4150
445218.00000 4367890.00000 -120.9861
445218.00000 4367894.00000 -120.6812
445218.00000 4367898.00000 -120.6499
445218.00000 4367902.00000 -120.5590
445218.00000 4367906.00000 -120.3080
445218.00000 4367910.00000 -120.2179
445218.00000 4367914.00000 -120.1002
445218.00000 4367918.00000 -119.9859
445218.00000 4367922.00000 -119.8763
445218.00000 4367926.00000 -119.7053
445218.00000 4367930.00000 -119.5601
445218.00000 4367934.00000 -117.7518
445218.00000 4367938.00000 -115.2778
445218.00000 4367942.00000 -115.3718
445218.00000 4367946.00000 -115.0320
445218.00000 4367950.00000 -112.7531
445218.00000 4367954.00000 -112.6432
445218.00000 4367958.00000 -112.5063
445218.00000 4367962.00000 -112.3423
445218.00000 4367966.00000 -112.2002
445218.00000 4367970.00000 -112.0576
445218.00000 4367974.00000 -111.8992
445218.00000 4367978.00000 -111.7625
445218.00000 4367982.00000 -111.5838
445218.00000 4367986.00000 -112.5902
445218.00000 4367990.00000 -112.4427
445218.00000 4367994.00000 -114.6182
445218.00000 4367998.00000 -114.4792
445218.00000 4368002.00000 -114.3239
445218.00000 4368006.00000 -114.7436
445218.00000 4368010.00000 -113.4639
445218.00000 4368014.00000 -113.7513
445218.00000 4368018.00000 -114.1169
445218.00000 4368022.00000 -112.8669
445218.00000 4368026.00000 -113.2805
445218.00000 4368030.00000 -114.2738
445218.00000 4368034.00000 -112.7742
445218.00000 4368038.00000 -114.2324
445218.00000 4368042.00000 -113.9645
445218.00000 4368046.00000 -113.6753
445218.00000 4368050.00000 -117.8953
445218.00000 4368054.00000 -117.4920
445218.00000 4368058.00000 -117.4157
445218.00000 4368062.00000 -116.6489
445218.00000 4368066.00000 -116.7007
445218.00000 4368070.00000 N.C.
445218.00000 4368074.00000 N.C.
445218.00000 4368078.00000 N.C.
445218.00000 4368082.00000 -111.2620
445218.00000 4368086.00000 -111.2222
445218.00000 4368090.00000 -113.4037
445218.00000 4368094.00000 -112.8926
445218.00000 4368098.00000 -111.7883
445218.00000 4368102.00000 -112.0433
445218.00000 4368106.00000 -111.8627
445218.00000 4368110.00000 -111.3636
445218.00000 4368114.00000 -110.8245
445218.00000 4368118.00000 N.C.
445218.00000 4368122.00000 N.C.
445218.00000 4368126.00000 N.C.
445218.00000 4368130.00000 N.C.
445218.00000 4368134.00000 N.C.
445218.00000 4368138.00000 N.C.
445218.00000 4368142.00000 N.C.
445218.00000 4368146.00000 -107.1244
445218.00000 4368150.00000 -104.8589
445218.00000 4368154.00000 -104.5102
445218.00000 4368158.00000 -108.4787
445218.00000 4368162.00000 -111.3666
445218.00000 4368166.00000 -109.1453
445218.00000 4368170.00000 -102.0118
445218.00000 4368174.00000 -109.0914
445218.00000 4368178.00000 -111.2943
445218.00000 4368182.00000 -110.5434
445218.00000 4368186.00000 -109.7071
445218.00000 4368190.00000 -101.4352
445218.00000 4368194.00000 -100.2553
445218.00000 4368198.00000 -101.6102
445218.00000 4368202.00000 -104.2955
445218.00000 4368206.00000 N.C.
445218.00000 4368210.00000 -116.8340
445218.00000 4368214.00000 -119.8568
445218.00000 4368218.00000 -117.7879
445218.00000 4368222.00000 -115.6084
445218.00000 4368226.00000 N.C.
445218.00000 4368230.00000 N.C.
445218.00000 4368234.00000 N.C.
445218.00000 4368238.00000 N.C.
445218.00000 4368242.00000 N.C.
445218.00000 4368246.00000 N.C.
445218.00000 4368250.00000 -114.6952
445218.00000 4368254.00000 -114.0748
445218.00000 4368258.00000 -116.9733
445218.00000 4368262.00000 -118.1978
445218.00000 4368266.00000 -112.8789
445218.00000 4368270.00000 -106.6945
445218.00000 4368274.00000 N.C.
445218.00000 4368278.00000 -107.8696
445218.00000 4368282.00000 -109.6503
445218.00000 4368286.00000 -111.5227
445218.00000 4368290.00000 -109.6955
445218.00000 4368294.00000 -109.2175
445218.00000 4368298.00000 -102.1409
445218.00000 4368302.00000 N.C.
445218.00000 4368306.00000 N.C.
445218.00000 4368310.00000 N.C.
445218.00000 4368314.00000 -132.4436
445218.00000 4368318.00000 N.C.
445218.00000 4368322.00000 -114.9414
445218.00000 4368326.00000 -110.7608
445218.00000 4368330.00000 -106.9255
445218.00000 4368334.00000 N.C.
445218.00000 4368338.00000 N.C.
445218.00000 4368342.00000 N.C.
445218.00000 4368346.00000 -130.8589
445218.00000 4368350.00000 N.C.
445218.00000 4368354.00000 -144.0824
445218.00000 4368358.00000 -140.3562
445218.00000 4368362.00000 -143.9648
445218.00000 4368366.00000 -139.5359
445218.00000 4368370.00000 N.C.
445218.00000 4368374.00000 N.C.
445218.00000 4368378.00000 N.C.
445218.00000 4368382.00000 N.C.
445218.00000 4368386.00000 -138.9364
445218.00000 4368390.00000 -136.1182
445218.00000 4368394.00000 -136.3635
445222.00000 4367886.00000 -121.0334
445222.00000 4367890.00000 -122.9553
445222.00000 4367894.00000 -120.6337
445222.00000 4367898.00000 -120.6149
445222.00000 4367902.00000 -120.5261
445222.00000 4367906.00000 -120.2688
445222.00000 4367910.00000 -120.8462
445222.00000 4367914.00000 -122.0962
445222.00000 4367918.00000 -119.5182
445222.00000 4367922.00000 -119.4447
445222.00000 4367926.00000 -119.4155
445222.00000 4367930.00000 -121.2326
445222.00000 4367934.00000 -119.1184
445222.00000 4367938.00000 -115.1403
445222.00000 4367942.00000 -114.9918
445222.00000 4367946.00000 -115.6129
445222.00000 4367950.00000 -112.7871
445222.00000 4367954.00000 -112.6393
445222.00000 4367958.00000 -112.7064
445222.00000 4367962.00000 -112.3598
445222.00000 4367966.00000 -112.2265
445222.00000 4367970.00000 -111.8583
445222.00000 4367974.00000 -111.6945
445222.00000 4367978.00000 -112.0078
445222.00000 4367982.00000 -111.4272
445222.00000 4367986.00000 -112.9333
445222.00000 4367990.00000 -112.1113
445222.00000 4367994.00000 -114.2026
445222.00000 4367998.00000 -115.9277
445222.00000 4368002.00000 -116.9652
445222.00000 4368006.00000 -119.2370
445222.00000 4368010.00000 -119.0922
445222.00000 4368014.00000 -121.2878
445222.00000 4368018.00000 -121.1017
445222.00000 4368022.00000 -119.2128
445222.00000 4368026.00000 -118.9690
445222.00000 4368030.00000 -118.7144
445222.00000 4368034.00000 -120.1037
445222.00000 4368038.00000 -119.7196
445222.00000 4368042.00000 -119.3715
445222.00000 4368046.00000 -118.9005
445222.00000 4368050.00000 -118.9374
445222.00000 4368054.00000 -126.0589
445222.00000 4368058.00000 -131.6723
445222.00000 4368062.00000 -125.6984
445222.00000 4368066.00000 N.C.
445222.00000 4368070.00000 N.C.
445222.00000 4368074.00000 N.C.
445222.00000 4368078.00000 N.C.
445222.00000 4368082.00000 -114.9019
445222.00000 4368086.00000 -114.7225
445222.00000 4368090.00000 -114.2464
445222.00000 4368094.00000 -113.5319
445222.00000 4368098.00000 -113.0959
445222.00000 4368102.00000 -112.5491
445222.00000 4368106.00000 -112.0960
445222.00000 4368110.00000 -111.8679
445222.00000 4368114.00000 -111.5368
445222.00000 4368118.00000 N.C.
445222.00000 4368122.00000 N.C.
445222.00000 4368126.00000 -140.5473
445222.00000 4368130.00000 -140.2322
445222.00000 4368134.00000 -109.2743
445222.00000 4368138.00000 N.C.
445222.00000 4368142.00000 N.C.
445222.00000 4368146.00000 -107.4760
445222.00000 4368150.00000 N.C.
445222.00000 4368154.00000 N.C.
445222.00000 4368158.00000 -109.4185
445222.00000 4368162.00000 -106.7967
445222.00000 4368166.00000 -102.9368
445222.00000 4368170.00000 -110.1856
445222.00000 4368174.00000 -106.7140
445222.00000 4368178.00000 -105.1017
445222.00000 4368182.00000 -104.9928
445222.00000 4368186.00000 -103.5320
445222.00000 4368190.00000 -101.7734
445222.00000 4368194.00000 -98.9288
445222.00000 4368198.00000 -102.1931
445222.00000 4368202.00000 N.C.
445222.00000 4368206.00000 N.C.
445222.00000 4368210.00000 -132.1391
445222.00000 4368214.00000 N.C.
445222.00000 4368218.00000 -120.2928
445222.00000 4368222.00000 -118.8280
445222.00000 4368226.00000 N.C.
445222.00000 4368230.00000 -135.1625
445222.00000 4368234.00000 N.C.
445222.00000 4368238.00000 -130.0255
445222.00000 4368242.00000 -130.3571
445222.00000 4368246.00000 -132.5230
445222.00000 4368250.00000 N.C.
445222.00000 4368254.00000 N.C.
445222.00000 4368258.00000 -123.5887
445222.00000 4368262.00000 -118.6334
445222.00000 4368266.00000 -114.5431
445222.00000 4368270.00000 -102.8067
445222.00000 4368274.00000 N.C.
445222.00000 4368278.00000 N.C.
445222.00000 4368282.00000 N.C.
445222.00000 4368286.00000 N.C.
445222.00000 4368290.00000 N.C.
445222.00000 4368294.00000 -111.2784
445222.00000 4368298.00000 -106.7041
445222.00000 4368302.00000 -106.1894
445222.00000 4368306.00000 -103.9411
445222.00000 4368310.00000 -107.4102
445222.00000 4368314.00000 -104.2044
445222.00000 4368318.00000 -107.3261
445222.00000 4368322.00000 N.C.
445222.00000 4368326.00000 N.C.
445222.00000 4368330.00000 -117.7995
445222.00000 4368334.00000 -112.3592
445222.00000 4368338.00000 N.C.
445222.00000 4368342.00000 N.C.
445222.00000 4368346.00000 -122.2211
445222.00000 4368350.00000 N.C.
445222.00000 4368354.00000 -141.3208
445222.00000 4368358.00000 -139.4879
445222.00000 4368362.00000 -138.1341
445222.00000 4368366.00000 -135.9622
445222.00000 4368370.00000 N.C.
445222.00000 4368374.00000 N.C.
445222.00000 4368378.00000 -145.2484
445222.00000 4368382.00000 -139.4530
445222.00000 4368386.00000 -136.7643
445222.00000 4368390.00000 -135.8072
445222.00000 4368394.00000 -135.0244
445226.00000 4367886.00000 -120.6415
445226.00000 4367890.00000 -122.4064
445226.00000 4367894.00000 -120.4403
445226.00000 4367898.00000 -120.3631
445226.00000 4367902.00000 -119.3413
445226.00000 4367906.00000 -120.7392
445226.00000 4367910.00000 -120.5540
445226.00000 4367914.00000 -120.5574
445226.00000 4367918.00000 -118.7757
445226.00000 4367922.00000 -118.6439
445226.00000 4367926.00000 -118.5100
445226.00000 4367930.00000 -119.8792
445226.00000 4367934.00000 -117.8664
445226.00000 4367938.00000 -115.3820
445226.00000 4367942.00000 -114.6434
445226.00000 4367946.00000 -115.1943
445226.00000 4367950.00000 -115.4175
445226.00000 4367954.00000 -115.2542
445226.00000 4367958.00000 -115.1003
445226.00000 4367962.00000 -114.9846
445226.00000 4367966.00000 -114.8066
445226.00000 4367970.00000 -115.2876
445226.00000 4367974.00000 -123.9082
445226.00000 4367978.00000 -123.8955
445226.00000 4367982.00000 -121.2837
445226.00000 4367986.00000 -121.1959
445226.00000 4367990.00000 -120.8697
445226.00000 4367994.00000 -120.6769
445226.00000 4367998.00000 -120.3714
445226.00000 4368002.00000 -120.3486
445226.00000 4368006.00000 -121.9954
445226.00000 4368010.00000 -121.8512
445226.00000 4368014.00000 -121.5549
445226.00000 4368018.00000 -121.5361
445226.00000 4368022.00000 -121.5239
445226.00000 4368026.00000 -121.2231
445226.00000 4368030.00000 -120.9876
445226.00000 4368034.00000 -120.6567
445226.00000 4368038.00000 -120.2753
445226.00000 4368042.00000 -119.5499
445226.00000 4368046.00000 -124.6785
445226.00000 4368050.00000 -129.9531
445226.00000 4368054.00000 -131.4391
445226.00000 4368058.00000 -135.3498
445226.00000 4368062.00000 -125.5082
445226.00000 4368066.00000 -143.1019
445226.00000 4368070.00000 -142.9371
445226.00000 4368074.00000 -135.4750
445226.00000 4368078.00000 -115.6664
445226.00000 4368082.00000 -115.0416
445226.00000 4368086.00000 -114.5752
445226.00000 4368090.00000 -114.5439
445226.00000 4368094.00000 -112.5000
445226.00000 4368098.00000 -113.4247
445226.00000 4368102.00000 -113.1572
445226.00000 4368106.00000 -112.9766
445226.00000 4368110.00000 -112.4515
445226.00000 4368114.00000 -122.0153
445226.00000 4368118.00000 N.C.
445226.00000 4368122.00000 N.C.
445226.00000 4368126.00000 -139.7876
445226.00000 4368130.00000 -133.2666
445226.00000 4368134.00000 -110.0117
445226.00000 4368138.00000 N.C.
445226.00000 4368142.00000 N.C.
445226.00000 4368146.00000 -125.3292
445226.00000 4368150.00000 N.C.
445226.00000 4368154.00000 N.C.
445226.00000 4368158.00000 -111.9098
445226.00000 4368162.00000 N.C.
445226.00000 4368166.00000 N.C.
445226.00000 4368170.00000 N.C.
445226.00000 4368174.00000 N.C.
445226.00000 4368178.00000 N.C.
445226.00000 4368182.00000 -106.9645
445226.00000 4368186.00000 -108.8782
445226.00000 4368190.00000 -105.6788
445226.00000 4368194.00000 -99.5762
445226.00000 4368198.00000 -97.4211
445226.00000 4368202.00000 N.C.
445226.00000 4368206.00000 N.C.
445226.00000 4368210.00000 N.C.
445226.00000 4368214.00000 N.C.
445226.00000 4368218.00000 -113.0060
445226.00000 4368222.00000 N.C.
445226.00000 4368226.00000 N.C.
445226.00000 4368230.00000 -135.4100
445226.00000 4368234.00000 -132.4772
445226.00000 4368238.00000 -129.9242
445226.00000 4368242.00000 -129.4299
445226.00000 4368246.00000 -129.6783
445226.00000 4368250.00000 N.C.
445226.00000 4368254.00000 N.C.
445226.00000 4368258.00000 -124.4990
445226.00000 4368262.00000 -122.4354
445226.00000 4368266.00000 -105.8510
445226.00000 4368270.00000 -106.9588
445226.00000 4368274.00000 N.C.
445226.00000 4368278.00000 N.C.
445226.00000 4368282.00000 -133.5497
445226.00000 4368286.00000 N.C.
445226.00000 4368290.00000 N.C.
445226.00000 4368294.00000 N.C.
445226.00000 4368298.00000 N.C.
445226.00000 4368302.00000 -125.2646
445226.00000 4368306.00000 N.C.
445226.00000 4368310.00000 N.C.
445226.00000 4368314.00000 N.C.
445226.00000 4368318.00000 -117.0438
445226.00000 4368322.00000 -101.9843
445226.00000 4368326.00000 -101.6823
445226.00000 4368330.00000 -104.4605
445226.00000 4368334.00000 -110.8714
445226.00000 4368338.00000 -104.9584
445226.00000 4368342.00000 -105.4462
445226.00000 4368346.00000 -110.5983
445226.00000 4368350.00000 -108.8530
445226.00000 4368354.00000 -126.6153
445226.00000 4368358.00000 -126.9443
445226.00000 4368362.00000 -128.1738
445226.00000 4368366.00000 N.C.
445226.00000 4368370.00000 N.C.
445226.00000 4368374.00000 N.C.
445226.00000 4368378.00000 N.C.
445226.00000 4368382.00000 N.C.
445226.00000 4368386.00000 -140.1353
445226.00000 4368390.00000 -130.9327
445226.00000 4368394.00000 -130.7581
445230.00000 4367886.00000 -121.3048
445230.00000 4367890.00000 -121.0832
445230.00000 4367894.00000 -120.9402
445230.00000 4367898.00000 -120.8383
445230.00000 4367902.00000 -119.7561
445230.00000 4367906.00000 -121.4856
445230.00000 4367910.00000 -121.2504
445230.00000 4367914.00000 -121.1663
445230.00000 4367918.00000 -119.1500
445230.00000 4367922.00000 -119.0178
445230.00000 4367926.00000 -118.8999
445230.00000 4367930.00000 -122.3835
445230.00000 4367934.00000 -122.2768
445230.00000 4367938.00000 -122.4536
445230.00000 4367942.00000 -122.6470
445230.00000 4367946.00000 -122.4837
445230.00000 4367950.00000 -116.0623
445230.00000 4367954.00000 -122.4209
445230.00000 4367958.00000 -122.3260
445230.00000 4367962.00000 -121.9330
445230.00000 4367966.00000 -121.8602
445230.00000 4367970.00000 -121.8758
445230.00000 4367974.00000 -121.8714
445230.00000 4367978.00000 -124.2102
445230.00000 4367982.00000 -124.1254
445230.00000 4367986.00000 -123.8589
445230.00000 4367990.00000 -123.5336
445230.00000 4367994.00000 -122.9153
445230.00000 4367998.00000 -123.0044
445230.00000 4368002.00000 -123.0658
445230.00000 4368006.00000 -122.6113
445230.00000 4368010.00000 -122.3125
445230.00000 4368014.00000 -122.3409
445230.00000 4368018.00000 -122.0643
445230.00000 4368022.00000 -121.7695
445230.00000 4368026.00000 -121.4414
445230.00000 4368030.00000 -121.0635
445230.00000 4368034.00000 -120.4948
445230.00000 4368038.00000 -125.2353
445230.00000 4368042.00000 -133.7435
445230.00000 4368046.00000 -131.7190
445230.00000 4368050.00000 -133.5330
445230.00000 4368054.00000 -133.8229
445230.00000 4368058.00000 -131.4311
445230.00000 4368062.00000 -124.6192
445230.00000 4368066.00000 -131.9845
445230.00000 4368070.00000 -127.8121
445230.00000 4368074.00000 -116.1928
445230.00000 4368078.00000 -114.4307
445230.00000 4368082.00000 -114.4790
445230.00000 4368086.00000 -114.1672
445230.00000 4368090.00000 -114.7138
445230.00000 4368094.00000 -114.7743
445230.00000 4368098.00000 -114.3296
445230.00000 4368102.00000 -113.8444
445230.00000 4368106.00000 -113.5099
445230.00000 4368110.00000 -111.7257
445230.00000 4368114.00000 -131.4983
445230.00000 4368118.00000 -138.4931
445230.00000 4368122.00000 -149.6292
445230.00000 4368126.00000 N.C.
445230.00000 4368130.00000 N.C.
445230.00000 4368134.00000 -108.5881
445230.00000 4368138.00000 N.C.
445230.00000 4368142.00000 N.C.
445230.00000 4368146.00000 -116.7729
445230.00000 4368150.00000 N.C.
445230.00000 4368154.00000 N.C.
445230.00000 4368158.00000 -112.2454
445230.00000 4368162.00000 N.C.
445230.00000 4368166.00000 N.C.
445230.00000 4368170.00000 N.C.
445230.00000 4368174.00000 N.C.
445230.00000 4368178.00000 N.C.
445230.00000 4368182.00000 N.C.
445230.00000 4368186.00000 -119.5086
445230.00000 4368190.00000 N.C.
445230.00000 4368194.00000 -111.1648
445230.00000 4368198.00000 -99.0877
445230.00000 4368202.00000 -97.7387
445230.00000 4368206.00000 -96.1531
445230.00000 4368210.00000 -106.9622
445230.00000 4368214.00000 -115.5581
445230.00000 4368218.00000 -115.2468
445230.00000 4368222.00000 N.C.
445230.00000 4368226.00000 N.C.
445230.00000 4368230.00000 -135.4363
445230.00000 4368234.00000 -129.0780
445230.00000 4368238.00000 N.C.
445230.00000 4368242.00000 N.C.
445230.00000 4368246.00000 -129.6757
445230.00000 4368250.00000 N.C.
445230.00000 4368254.00000 N.C.
445230.00000 4368258.00000 -125.0641
445230.00000 4368262.00000 -105.0008
445230.00000 4368266.00000 -105.1524
445230.00000 4368270.00000 -119.8606
445230.00000 4368274.00000 -134.7648
445230.00000 4368278.00000 N.C.
445230.00000 4368282.00000 -133.8304
445230.00000 4368286.00000 N.C.
445230.00000 4368290.00000 -138.0308
445230.00000 4368294.00000 N.C.
445230.00000 4368298.00000 N.C.
445230.00000 4368302.00000 -119.5394
445230.00000 4368306.00000 -134.3594
445230.00000 4368310.00000 N.C.
445230.00000 4368314.00000 N.C.
445230.00000 4368318.00000 -116.8792
445230.00000 4368322.00000 -121.9640
445230.00000 4368326.00000 -118.6345
445230.00000 4368330.00000 -111.6043
445230.00000 4368334.00000 -106.2046
445230.00000 4368338.00000 -106.5006
445230.00000 4368342.00000 -103.1538
445230.00000 4368346.00000 -105.6035
445230.00000 4368350.00000 -111.9817
445230.00000 4368354.00000 -107.5928
445230.00000 4368358.00000 -105.0047
445230.00000 4368362.00000 -112.3506
445230.00000 4368366.00000 -112.2511
445230.00000 4368370.00000 -110.9477
445230.00000 4368374.00000 -110.5849
445230.00000 4368378.00000 N.C.
445230.00000 4368382.00000 N.C.
445230.00000 4368386.00000 -142.8090
445230.00000 4368390.00000 -131.7266
445230.00000 4368394.00000 -130.4718
445234.00000 4367886.00000 -121.7327
445234.00000 4367890.00000 -123.4072
445234.00000 4367894.00000 -123.5009
445234.00000 4367898.00000 -123.6353
445234.00000 4367902.00000 -123.1414
445234.00000 4367906.00000 -123.0048
445234.00000 4367910.00000 -122.7362
445234.00000 4367914.00000 -122.6120
445234.00000 4367918.00000 -121.2032
445234.00000 4367922.00000 -125.1188
445234.00000 4367926.00000 -122.7847
445234.00000 4367930.00000 -122.6533
445234.00000 4367934.00000 -122.7864
445234.00000 4367938.00000 -123.0118
445234.00000 4367942.00000 -122.9177
445234.00000 4367946.00000 -122.7394
445234.00000 4367950.00000 -122.5852
445234.00000 4367954.00000 -124.7638
445234.00000 4367958.00000 -124.6581
445234.00000 4367962.00000 -124.5676
445234.00000 4367966.00000 -124.9653
445234.00000 4367970.00000 -124.7034
445234.00000 4367974.00000 -124.5656
445234.00000 4367978.00000 -124.6939
445234.00000 4367982.00000 -124.4862
445234.00000 4367986.00000 -123.8287
445234.00000 4367990.00000 -123.9283
445234.00000 4367994.00000 -123.7246
445234.00000 4367998.00000 -123.5419
445234.00000 4368002.00000 -123.2508
445234.00000 4368006.00000 -122.7932
445234.00000 4368010.00000 -122.5896
445234.00000 4368014.00000 -122.4716
445234.00000 4368018.00000 -122.1869
445234.00000 4368022.00000 -121.8217
445234.00000 4368026.00000 -121.3092
445234.00000 4368030.00000 -126.1300
445234.00000 4368034.00000 -132.4698
445234.00000 4368038.00000 -130.5493
445234.00000 4368042.00000 -131.5318
445234.00000 4368046.00000 -129.4491
445234.00000 4368050.00000 -129.7238
445234.00000 4368054.00000 -129.1244
445234.00000 4368058.00000 -128.6222
445234.00000 4368062.00000 -117.9047
445234.00000 4368066.00000 -118.4825
445234.00000 4368070.00000 -116.1886
445234.00000 4368074.00000 -117.1700
445234.00000 4368078.00000 -114.8998
445234.00000 4368082.00000 -116.3877
445234.00000 4368086.00000 -115.9684
445234.00000 4368090.00000 -115.1573
445234.00000 4368094.00000 -114.7570
445234.00000 4368098.00000 -114.8376
445234.00000 4368102.00000 -114.4506
445234.00000 4368106.00000 -113.9323
445234.00000 4368110.00000 -123.1365
445234.00000 4368114.00000 -133.8779
445234.00000 4368118.00000 -133.9954
445234.00000 4368122.00000 -136.0385
445234.00000 4368126.00000 -137.4543
445234.00000 4368130.00000 -130.3686
445234.00000 4368134.00000 -124.8622
445234.00000 4368138.00000 N.C.
445234.00000 4368142.00000 N.C.
445234.00000 4368146.00000 -117.9656
445234.00000 4368150.00000 N.C.
445234.00000 4368154.00000 N.C.
445234.00000 4368158.00000 -110.0878
445234.00000 4368162.00000 N.C.
445234.00000 4368166.00000 N.C.
445234.00000 4368170.00000 N.C.
445234.00000 4368174.00000 -130.5479
445234.00000 4368178.00000 -125.9794
445234.00000 4368182.00000 -126.8030
445234.00000 4368186.00000 N.C.
445234.00000 4368190.00000 N.C.
445234.00000 4368194.00000 -110.3310
445234.00000 4368198.00000 -108.5717
445234.00000 4368202.00000 N.C.
445234.00000 4368206.00000 N.C.
445234.00000 4368210.00000 N.C.
445234.00000 4368214.00000 N.C.
445234.00000 4368218.00000 N.C.
445234.00000 4368222.00000 -117.3373
445234.00000 4368226.00000 -120.0307
445234.00000 4368230.00000 -119.6048
445234.00000 4368234.00000 -117.3898
445234.00000 4368238.00000 N.C.
445234.00000 4368242.00000 N.C.
445234.00000 4368246.00000 N.C.
445234.00000 4368250.00000 N.C.
445234.00000 4368254.00000 -127.7215
445234.00000 4368258.00000 -118.9096
445234.00000 4368262.00000 -104.9826
445234.00000 4368266.00000 -104.6632
445234.00000 4368270.00000 -115.5323
445234.00000 4368274.00000 N.C.
445234.00000 4368278.00000 N.C.
445234.00000 4368282.00000 N.C.
445234.00000 4368286.00000 N.C.
445234.00000 4368290.00000 N.C.
445234.00000 4368294.00000 N.C.
445234.00000 4368298.00000 -124.1847
445234.00000 4368302.00000 -133.3274
445234.00000 4368306.00000 -146.6581
445234.00000 4368310.00000 N.C.
445234.00000 4368314.00000 -156.6601
445234.00000 4368318.00000 N.C.
445234.00000 4368322.00000 -123.3920
445234.00000 4368326.00000 -122.5739
445234.00000 4368330.00000 -115.1704
445234.00000 4368334.00000 -119.9742
445234.00000 4368338.00000 -120.1665
445234.00000 4368342.00000 -116.9601
445234.00000 4368346.00000 -106.9502
445234.00000 4368350.00000 -107.0575
445234.00000 4368354.00000 -107.1370
445234.00000 4368358.00000 -117.5021
445234.00000 4368362.00000 -106.1511
445234.00000 4368366.00000 -112.5378
445234.00000 4368370.00000 -110.2946
445234.00000 4368374.00000 -107.0849
445234.00000 4368378.00000 -112.4895
445234.00000 4368382.00000 -110.9083
445234.00000 4368386.00000 -112.4422
445234.00000 4368390.00000 -110.9228
445234.00000 4368394.00000 -112.9999
445238.00000 4367886.00000 -122.3617
445238.00000 4367890.00000 -122.4260
445238.00000 4367894.00000 -124.4496
445238.00000 4367898.00000 -124.3245
445238.00000 4367902.00000 -124.1172
445238.00000 4367906.00000 -123.9859
445238.00000 4367910.00000 -123.6947
445238.00000 4367914.00000 -123.5669
445238.00000 4367918.00000 -123.4966
445238.00000 4367922.00000 -123.3243
445238.00000 4367926.00000 -123.1961
445238.00000 4367930.00000 -125.6755
445238.00000 4367934.00000 -126.2326
445238.00000 4367938.00000 -126.0223
445238.00000 4367942.00000 -125.7329
445238.00000 4367946.00000 -125.2535
445238.00000 4367950.00000 -125.2440
445238.00000 4367954.00000 -124.9535
445238.00000 4367958.00000 -125.3496
445238.00000 4367962.00000 -125.3397
445238.00000 4367966.00000 -125.3581
445238.00000 4367970.00000 -125.1553
445238.00000 4367974.00000 -125.1314
445238.00000 4367978.00000 -124.9023
445238.00000 4367982.00000 -124.6334
445238.00000 4367986.00000 -124.4325
445238.00000 4367990.00000 -124.1436
445238.00000 4367994.00000 -123.8652
445238.00000 4367998.00000 -123.4229
445238.00000 4368002.00000 -123.1706
445238.00000 4368006.00000 -123.0256
445238.00000 4368010.00000 -122.7034
445238.00000 4368014.00000 -122.5381
445238.00000 4368018.00000 -132.9959
445238.00000 4368022.00000 -126.5700
445238.00000 4368026.00000 -132.1733
445238.00000 4368030.00000 -132.8070
445238.00000 4368034.00000 -132.6509
445238.00000 4368038.00000 -130.7512
445238.00000 4368042.00000 -128.9017
445238.00000 4368046.00000 -122.5119
445238.00000 4368050.00000 -121.4952
445238.00000 4368054.00000 -121.9481
445238.00000 4368058.00000 -126.5824
445238.00000 4368062.00000 -116.7560
445238.00000 4368066.00000 -118.1609
445238.00000 4368070.00000 -117.8872
445238.00000 4368074.00000 -117.5218
445238.00000 4368078.00000 -116.8813
445238.00000 4368082.00000 -116.7260
445238.00000 4368086.00000 -116.3529
445238.00000 4368090.00000 -115.4631
445238.00000 4368094.00000 -115.2865
445238.00000 4368098.00000 -114.8784
445238.00000 4368102.00000 -114.8160
445238.00000 4368106.00000 -123.0529
445238.00000 4368110.00000 N.C.
445238.00000 4368114.00000 N.C.
445238.00000 4368118.00000 N.C.
445238.00000 4368122.00000 N.C.
445238.00000 4368126.00000 N.C.
445238.00000 4368130.00000 N.C.
445238.00000 4368134.00000 -127.6259
445238.00000 4368138.00000 -119.0588
445238.00000 4368142.00000 -117.2670
445238.00000 4368146.00000 -124.5366
445238.00000 4368150.00000 -127.1311
445238.00000 4368154.00000 -118.9675
445238.00000 4368158.00000 -113.4174
445238.00000 4368162.00000 N.C.
445238.00000 4368166.00000 N.C.
445238.00000 4368170.00000 N.C.
445238.00000 4368174.00000 N.C.
445238.00000 4368178.00000 N.C.
445238.00000 4368182.00000 N.C.
445238.00000 4368186.00000 N.C.
445238.00000 4368190.00000 N.C.
445238.00000 4368194.00000 -109.4980
445238.00000 4368198.00000 N.C.
445238.00000 4368202.00000 N.C.
445238.00000 4368206.00000 N.C.
445238.00000 4368210.00000 N.C.
445238.00000 4368214.00000 -94.4191
445238.00000 4368218.00000 -111.8486
445238.00000 4368222.00000 -120.2454
445238.00000 4368226.00000 N.C.
445238.00000 4368230.00000 -135.9470
445238.00000 4368234.00000 N.C.
445238.00000 4368238.00000 N.C.
445238.00000 4368242.00000 N.C.
445238.00000 4368246.00000 -122.2219
445238.00000 4368250.00000 -119.2054
445238.00000 4368254.00000 -123.7754
445238.00000 4368258.00000 -105.0719
445238.00000 4368262.00000 -105.0992
445238.00000 4368266.00000 -121.8452
445238.00000 4368270.00000 -114.6791
445238.00000 4368274.00000 -121.2094
445238.00000 4368278.00000 -125.7234
445238.00000 4368282.00000 -131.3312
445238.00000 4368286.00000 -131.0616
445238.00000 4368290.00000 N.C.
445238.00000 4368294.00000 N.C.
445238.00000 4368298.00000 -144.9478
445238.00000 4368302.00000 -133.6161
445238.00000 4368306.00000 -123.9604
445238.00000 4368310.00000 -123.7777
445238.00000 4368314.00000 -140.6248
445238.00000 4368318.00000 N.C.
445238.00000 4368322.00000 -123.4264
445238.00000 4368326.00000 -122.8994
445238.00000 4368330.00000 -121.6401
445238.00000 4368334.00000 -110.7081
445238.00000 4368338.00000 -115.9773
445238.00000 4368342.00000 N.C.
445238.00000 4368346.00000 -123.6385
445238.00000 4368350.00000 -114.1577
445238.00000 4368354.00000 -107.3279
445238.00000 4368358.00000 -107.4337
445238.00000 4368362.00000 -107.5293
445238.00000 4368366.00000 -110.9042
445238.00000 4368370.00000 -116.9433
445238.00000 4368374.00000 -117.6461
445238.00000 4368378.00000 -112.9255
445238.00000 4368382.00000 -111.9612
445238.00000 4368386.00000 -108.1623
445238.00000 4368390.00000 -114.4390
445238.00000 4368394.00000 -104.2078
445242.00000 4367886.00000 -124.6435
445242.00000 4367890.00000 -124.5099
445242.00000 4367894.00000 -127.2907
445242.00000 4367898.00000 -127.1303
445242.00000 4367902.00000 -126.9399
445242.00000 4367906.00000 -126.8068
445242.00000 4367910.00000 -126.6321
445242.00000 4367914.00000 -126.4707
445242.00000 4367918.00000 -126.3466
445242.00000 4367922.00000 -126.2083
445242.00000 4367926.00000 -126.0543
445242.00000 4367930.00000 -125.9470
445242.00000 4367934.00000 -126.6230
445242.00000 4367938.00000 -126.6541
445242.00000 4367942.00000 -126.3142
445242.00000 4367946.00000 -126.0358
445242.00000 4367950.00000 -126.0399
445242.00000 4367954.00000 -126.0774
445242.00000 4367958.00000 -126.0387
445242.00000 4367962.00000 -125.7270
445242.00000 4367966.00000 -125.5899
445242.00000 4367970.00000 -125.4816
445242.00000 4367974.00000 -125.2641
445242.00000 4367978.00000 -124.9561
445242.00000 4367982.00000 -124.3580
445242.00000 4367986.00000 -124.4982
445242.00000 4367990.00000 -124.2473
445242.00000 4367994.00000 -123.8101
445242.00000 4367998.00000 -123.5478
445242.00000 4368002.00000 -123.2547
445242.00000 4368006.00000 -122.8741
445242.00000 4368010.00000 -131.9231
445242.00000 4368014.00000 -126.8646
445242.00000 4368018.00000 -132.5260
445242.00000 4368022.00000 -134.7297
445242.00000 4368026.00000 -133.4156
445242.00000 4368030.00000 -135.8479
445242.00000 4368034.00000 -135.1776
445242.00000 4368038.00000 -121.7855
445242.00000 4368042.00000 -123.0812
445242.00000 4368046.00000 -127.2714
445242.00000 4368050.00000 -128.9532
445242.00000 4368054.00000 -124.2449
445242.00000 4368058.00000 -119.0451
445242.00000 4368062.00000 -117.2872
445242.00000 4368066.00000 -118.5599
445242.00000 4368070.00000 -118.2198
445242.00000 4368074.00000 -117.8439
445242.00000 4368078.00000 -117.3718
445242.00000 4368082.00000 -117.1021
445242.00000 4368086.00000 -116.7839
445242.00000 4368090.00000 -116.3941
445242.00000 4368094.00000 -115.6904
445242.00000 4368098.00000 -115.3963
445242.00000 4368102.00000 -113.8093
445242.00000 4368106.00000 -125.4469
445242.00000 4368110.00000 N.C.
445242.00000 4368114.00000 N.C.
445242.00000 4368118.00000 N.C.
445242.00000 4368122.00000 -149.5873
445242.00000 4368126.00000 -146.2179
445242.00000 4368130.00000 N.C.
445242.00000 4368134.00000 N.C.
445242.00000 4368138.00000 N.C.
445242.00000 4368142.00000 -119.5896
445242.00000 4368146.00000 -131.3324
445242.00000 4368150.00000 N.C.
445242.00000 4368154.00000 -111.6894
445242.00000 4368158.00000 -116.7969
445242.00000 4368162.00000 -128.1665
445242.00000 4368166.00000 -127.3153
445242.00000 4368170.00000 -133.8684
445242.00000 4368174.00000 N.C.
445242.00000 4368178.00000 N.C.
445242.00000 4368182.00000 N.C.
445242.00000 4368186.00000 N.C.
445242.00000 4368190.00000 N.C.
445242.00000 4368194.00000 N.C.
445242.00000 4368198.00000 N.C.
445242.00000 4368202.00000 N.C.
445242.00000 4368206.00000 N.C.
445242.00000 4368210.00000 N.C.
445242.00000 4368214.00000 -95.1877
445242.00000 4368218.00000 N.C.
445242.00000 4368222.00000 N.C.
445242.00000 4368226.00000 N.C.
445242.00000 4368230.00000 -125.8398
445242.00000 4368234.00000 -133.6828
445242.00000 4368238.00000 N.C.
445242.00000 4368242.00000 N.C.
445242.00000 4368246.00000 N.C.
445242.00000 4368250.00000 N.C.
445242.00000 4368254.00000 -105.5301
445242.00000 4368258.00000 -105.2156
445242.00000 4368262.00000 -105.1920
445242.00000 4368266.00000 -120.6006
445242.00000 4368270.00000 -115.3989
445242.00000 4368274.00000 -119.6253
445242.00000 4368278.00000 -122.2851
445242.00000 4368282.00000 -126.5720
445242.00000 4368286.00000 -124.0576
445242.00000 4368290.00000 N.C.
445242.00000 4368294.00000 N.C.
445242.00000 4368298.00000 -124.3029
445242.00000 4368302.00000 -123.8042
445242.00000 4368306.00000 -123.9787
445242.00000 4368310.00000 -123.8366
445242.00000 4368314.00000 -139.7339
445242.00000 4368318.00000 N.C.
445242.00000 4368322.00000 -123.4153
445242.00000 4368326.00000 -123.3271
445242.00000 4368330.00000 -119.2076
445242.00000 4368334.00000 -115.9910
445242.00000 4368338.00000 -120.8150
445242.00000 4368342.00000 N.C.
445242.00000 4368346.00000 -136.5553
445242.00000 4368350.00000 -128.8519
445242.00000 4368354.00000 -125.4156
445242.00000 4368358.00000 N.C.
445242.00000 4368362.00000 N.C.
445242.00000 4368366.00000 N.C.
445242.00000 4368370.00000 -107.5163
445242.00000 4368374.00000 -106.7443
445242.00000 4368378.00000 -104.9370
445242.00000 4368382.00000 -118.3584
445242.00000 4368386.00000 -119.1560
445242.00000 4368390.00000 -117.4074
445242.00000 4368394.00000 -104.4983
445246.00000 4367886.00000 -126.5521
445246.00000 4367890.00000 -126.4175
445246.00000 4367894.00000 -126.9187
445246.00000 4367898.00000 -126.9590
445246.00000 4367902.00000 -126.5879
445246.00000 4367906.00000 -127.4478
445246.00000 4367910.00000 -127.1429
445246.00000 4367914.00000 -127.5708
445246.00000 4367918.00000 -127.4279
445246.00000 4367922.00000 -127.2652
445246.00000 4367926.00000 -127.2647
445246.00000 4367930.00000 -127.0477
445246.00000 4367934.00000 -126.5711
445246.00000 4367938.00000 -126.3888
445246.00000 4367942.00000 -126.4161
445246.00000 4367946.00000 -126.6134
445246.00000 4367950.00000 -126.4172
445246.00000 4367954.00000 -126.0933
445246.00000 4367958.00000 -126.2036
445246.00000 4367962.00000 -125.8859
445246.00000 4367966.00000 -125.6779
445246.00000 4367970.00000 -125.4070
445246.00000 4367974.00000 -125.2143
445246.00000 4367978.00000 -124.9880
445246.00000 4367982.00000 -124.7591
445246.00000 4367986.00000 -124.5390
445246.00000 4367990.00000 -124.0802
445246.00000 4367994.00000 -123.6830
445246.00000 4367998.00000 -123.2732
445246.00000 4368002.00000 -130.8862
445246.00000 4368006.00000 -126.9834
445246.00000 4368010.00000 -132.9734
445246.00000 4368014.00000 -134.4983
445246.00000 4368018.00000 -133.7727
445246.00000 4368022.00000 -134.0388
445246.00000 4368026.00000 -133.0537
445246.00000 4368030.00000 -135.6850
445246.00000 4368034.00000 -136.1319
445246.00000 4368038.00000 -132.1103
445246.00000 4368042.00000 -131.7564
445246.00000 4368046.00000 -130.8138
445246.00000 4368050.00000 -119.7055
445246.00000 4368054.00000 -119.7403
445246.00000 4368058.00000 -119.3300
445246.00000 4368062.00000 -117.5324
445246.00000 4368066.00000 -118.8716
445246.00000 4368070.00000 -118.5100
445246.00000 4368074.00000 -118.1059
445246.00000 4368078.00000 -117.7772
445246.00000 4368082.00000 -117.4632
445246.00000 4368086.00000 -117.1456
445246.00000 4368090.00000 -116.8398
445246.00000 4368094.00000 -116.5126
445246.00000 4368098.00000 -115.6935
445246.00000 4368102.00000 -119.7565
445246.00000 4368106.00000 -136.5710
445246.00000 4368110.00000 N.C.
445246.00000 4368114.00000 N.C.
445246.00000 4368118.00000 N.C.
445246.00000 4368122.00000 -146.3624
445246.00000 4368126.00000 -144.9408
445246.00000 4368130.00000 -144.9665
445246.00000 4368134.00000 N.C.
445246.00000 4368138.00000 N.C.
445246.00000 4368142.00000 -128.7186
445246.00000 4368146.00000 -130.6005
445246.00000 4368150.00000 N.C.
445246.00000 4368154.00000 N.C.
445246.00000 4368158.00000 N.C.
445246.00000 4368162.00000 N.C.
445246.00000 4368166.00000 N.C.
445246.00000 4368170.00000 N.C.
445246.00000 4368174.00000 -125.3034
445246.00000 4368178.00000 -130.1463
445246.00000 4368182.00000 -128.1719
445246.00000 4368186.00000 -118.1852
445246.00000 4368190.00000 -117.8999
445246.00000 4368194.00000 N.C.
445246.00000 4368198.00000 N.C.
445246.00000 4368202.00000 N.C.
445246.00000 4368206.00000 N.C.
445246.00000 4368210.00000 N.C.
445246.00000 4368214.00000 -98.4820
445246.00000 4368218.00000 N.C.
445246.00000 4368222.00000 N.C.
445246.00000 4368226.00000 N.C.
445246.00000 4368230.00000 -130.6111
445246.00000 4368234.00000 -132.8092
445246.00000 4368238.00000 -130.1450
445246.00000 4368242.00000 -130.2281
445246.00000 4368246.00000 N.C.
445246.00000 4368250.00000 N.C.
445246.00000 4368254.00000 -105.7098
445246.00000 4368258.00000 -105.3947
445246.00000 4368262.00000 -125.2695
445246.00000 4368266.00000 -123.6190
445246.00000 4368270.00000 -121.5971
445246.00000 4368274.00000 -114.2335
445246.00000 4368278.00000 -119.8841
445246.00000 4368282.00000 -121.2593
445246.00000 4368286.00000 -123.0031
445246.00000 4368290.00000 N.C.
445246.00000 4368294.00000 N.C.
445246.00000 4368298.00000 -142.1437
445246.00000 4368302.00000 N.C.
445246.00000 4368306.00000 N.C.
445246.00000 4368310.00000 N.C.
445246.00000 4368314.00000 -137.0806
445246.00000 4368318.00000 N.C.
445246.00000 4368322.00000 -121.9721
445246.00000 4368326.00000 -122.7035
445246.00000 4368330.00000 -114.7028
445246.00000 4368334.00000 -119.5235
445246.00000 4368338.00000 -114.8574
445246.00000 4368342.00000 N.C.
445246.00000 4368346.00000 -130.4406
445246.00000 4368350.00000 -129.4704
445246.00000 4368354.00000 -127.7238
445246.00000 4368358.00000 N.C.
445246.00000 4368362.00000 N.C.
445246.00000 4368366.00000 N.C.
445246.00000 4368370.00000 -154.3917
445246.00000 4368374.00000 -126.4422
445246.00000 4368378.00000 -112.2894
445246.00000 4368382.00000 -104.7610
445246.00000 4368386.00000 -108.1935
445246.00000 4368390.00000 -108.2693
445246.00000 4368394.00000 -104.8225
445250.00000 4367886.00000 -128.2886
445250.00000 4367890.00000 -128.3954
445250.00000 4367894.00000 -128.2626
445250.00000 4367898.00000 -127.9287
445250.00000 4367902.00000 -127.8643
445250.00000 4367906.00000 -127.7325
445250.00000 4367910.00000 -127.4172
445250.00000 4367914.00000 -127.3173
445250.00000 4367918.00000 -127.2077
445250.00000 4367922.00000 -127.1589
445250.00000 4367926.00000 -126.9250
445250.00000 4367930.00000 -126.5998
445250.00000 4367934.00000 -126.4262
445250.00000 4367938.00000 -126.4521
445250.00000 4367942.00000 -126.6023
445250.00000 4367946.00000 -126.4353
445250.00000 4367950.00000 -126.2303
445250.00000 4367954.00000 -126.1803
445250.00000 4367958.00000 -126.1638
445250.00000 4367962.00000 -125.9611
445250.00000 4367966.00000 -125.2643
445250.00000 4367970.00000 -125.0834
445250.00000 4367974.00000 -124.9135
445250.00000 4367978.00000 -124.5437
445250.00000 4367982.00000 -124.6454
445250.00000 4367986.00000 -124.3667
445250.00000 4367990.00000 -122.8107
445250.00000 4367994.00000 -127.4008
445250.00000 4367998.00000 -131.1278
445250.00000 4368002.00000 -131.6742
445250.00000 4368006.00000 -133.3154
445250.00000 4368010.00000 -133.5616
445250.00000 4368014.00000 -135.7659
445250.00000 4368018.00000 -136.4396
445250.00000 4368022.00000 -133.6791
445250.00000 4368026.00000 -135.7027
445250.00000 4368030.00000 -135.6720
445250.00000 4368034.00000 -131.9999
445250.00000 4368038.00000 -129.5779
445250.00000 4368042.00000 -125.5693
445250.00000 4368046.00000 -120.5919
445250.00000 4368050.00000 -120.2059
445250.00000 4368054.00000 -120.0155
445250.00000 4368058.00000 -119.5977
445250.00000 4368062.00000 -118.7980
445250.00000 4368066.00000 -119.1411
445250.00000 4368070.00000 -118.8125
445250.00000 4368074.00000 -118.3043
445250.00000 4368078.00000 -118.1104
445250.00000 4368082.00000 -117.8653
445250.00000 4368086.00000 -117.5559
445250.00000 4368090.00000 -117.2480
445250.00000 4368094.00000 -116.7950
445250.00000 4368098.00000 -116.1200
445250.00000 4368102.00000 -124.2428
445250.00000 4368106.00000 -127.3760
445250.00000 4368110.00000 N.C.
445250.00000 4368114.00000 N.C.
445250.00000 4368118.00000 N.C.
445250.00000 4368122.00000 -145.1837
445250.00000 4368126.00000 -144.3438
445250.00000 4368130.00000 -143.5595
445250.00000 4368134.00000 N.C.
445250.00000 4368138.00000 N.C.
445250.00000 4368142.00000 N.C.
445250.00000 4368146.00000 -128.4545
445250.00000 4368150.00000 -138.3472
445250.00000 4368154.00000 -138.8978
445250.00000 4368158.00000 -120.4513
445250.00000 4368162.00000 N.C.
445250.00000 4368166.00000 N.C.
445250.00000 4368170.00000 N.C.
445250.00000 4368174.00000 N.C.
445250.00000 4368178.00000 N.C.
445250.00000 4368182.00000 N.C.
445250.00000 4368186.00000 N.C.
445250.00000 4368190.00000 N.C.
445250.00000 4368194.00000 -101.3817
445250.00000 4368198.00000 -108.4420
445250.00000 4368202.00000 -105.4124
445250.00000 4368206.00000 -107.3096
445250.00000 4368210.00000 -108.4058
445250.00000 4368214.00000 -107.9242
445250.00000 4368218.00000 -117.1739
445250.00000 4368222.00000 N.C.
445250.00000 4368226.00000 N.C.
445250.00000 4368230.00000 -132.0567
445250.00000 4368234.00000 -134.1370
445250.00000 4368238.00000 -130.9080
445250.00000 4368242.00000 -130.2585
445250.00000 4368246.00000 N.C.
445250.00000 4368250.00000 -106.0468
445250.00000 4368254.00000 -105.8976
445250.00000 4368258.00000 -105.5932
445250.00000 4368262.00000 -125.4309
445250.00000 4368266.00000 -124.1026
445250.00000 4368270.00000 -122.2065
445250.00000 4368274.00000 -118.2248
445250.00000 4368278.00000 -116.5801
445250.00000 4368282.00000 -121.6400
445250.00000 4368286.00000 -120.7541
445250.00000 4368290.00000 N.C.
445250.00000 4368294.00000 -145.4857
445250.00000 4368298.00000 -143.2343
445250.00000 4368302.00000 -146.1664
445250.00000 4368306.00000 N.C.
445250.00000 4368310.00000 N.C.
445250.00000 4368314.00000 N.C.
445250.00000 4368318.00000 N.C.
445250.00000 4368322.00000 -122.9729
445250.00000 4368326.00000 -122.2360
445250.00000 4368330.00000 -115.1388
445250.00000 4368334.00000 -114.7855
445250.00000 4368338.00000 -109.1333
445250.00000 4368342.00000 N.C.
445250.00000 4368346.00000 -130.1560
445250.00000 4368350.00000 -129.2421
445250.00000 4368354.00000 N.C.
445250.00000 4368358.00000 N.C.
445250.00000 4368362.00000 N.C.
445250.00000 4368366.00000 N.C.
445250.00000 4368370.00000 -159.5819
445250.00000 4368374.00000 N.C.
445250.00000 4368378.00000 N.C.
445250.00000 4368382.00000 N.C.
445250.00000 4368386.00000 -113.4635
445250.00000 4368390.00000 -108.1889
445250.00000 4368394.00000 -118.9673
445254.00000 4367886.00000 -128.6304
445254.00000 4367890.00000 -128.5077
445254.00000 4367894.00000 -128.3836
445254.00000 4367898.00000 -127.9851
445254.00000 4367902.00000 -127.9876
445254.00000 4367906.00000 -127.8808
445254.00000 4367910.00000 -127.7331
445254.00000 4367914.00000 -127.5441
445254.00000 4367918.00000 -127.2974
445254.00000 4367922.00000 -126.9309
445254.00000 4367926.00000 -126.7684
445254.00000 4367930.00000 -126.5706
445254.00000 4367934.00000 -126.4074
445254.00000 4367938.00000 -126.4568
445254.00000 4367942.00000 -126.1355
445254.00000 4367946.00000 -126.1540
445254.00000 4367950.00000 -125.8704
445254.00000 4367954.00000 -125.8657
445254.00000 4367958.00000 -125.6919
445254.00000 4367962.00000 -125.3192
445254.00000 4367966.00000 -125.0730
445254.00000 4367970.00000 -124.9373
445254.00000 4367974.00000 -124.8823
445254.00000 4367978.00000 -124.4066
445254.00000 4367982.00000 -127.7863
445254.00000 4367986.00000 -125.1808
445254.00000 4367990.00000 -127.5732
445254.00000 4367994.00000 -131.4438
445254.00000 4367998.00000 -132.7506
445254.00000 4368002.00000 -133.0842
445254.00000 4368006.00000 -135.5578
445254.00000 4368010.00000 -134.3961
445254.00000 4368014.00000 -134.4281
445254.00000 4368018.00000 -134.2526
445254.00000 4368022.00000 -134.9708
445254.00000 4368026.00000 -134.6067
445254.00000 4368030.00000 -133.7885
445254.00000 4368034.00000 -125.5328
445254.00000 4368038.00000 -121.1928
445254.00000 4368042.00000 -121.1065
445254.00000 4368046.00000 -120.8862
445254.00000 4368050.00000 -120.4434
445254.00000 4368054.00000 -120.2383
445254.00000 4368058.00000 -119.7424
445254.00000 4368062.00000 -119.0253
445254.00000 4368066.00000 -119.3972
445254.00000 4368070.00000 -119.0299
445254.00000 4368074.00000 -118.2257
445254.00000 4368078.00000 -118.4623
445254.00000 4368082.00000 -118.1864
445254.00000 4368086.00000 -117.8951
445254.00000 4368090.00000 -117.4762
445254.00000 4368094.00000 -115.9737
445254.00000 4368098.00000 -121.5602
445254.00000 4368102.00000 -131.6925
445254.00000 4368106.00000 -127.8481
445254.00000 4368110.00000 N.C.
445254.00000 4368114.00000 N.C.
445254.00000 4368118.00000 N.C.
445254.00000 4368122.00000 N.C.
445254.00000 4368126.00000 N.C.
445254.00000 4368130.00000 -142.8257
445254.00000 4368134.00000 N.C.
445254.00000 4368138.00000 N.C.
445254.00000 4368142.00000 N.C.
445254.00000 4368146.00000 -129.8304
445254.00000 4368150.00000 -128.1306
445254.00000 4368154.00000 -134.7729
445254.00000 4368158.00000 -128.8167
445254.00000 4368162.00000 N.C.
445254.00000 4368166.00000 N.C.
445254.00000 4368170.00000 N.C.
445254.00000 4368174.00000 N.C.
445254.00000 4368178.00000 N.C.
445254.00000 4368182.00000 N.C.
445254.00000 4368186.00000 N.C.
445254.00000 4368190.00000 N.C.
445254.00000 4368194.00000 N.C.
445254.00000 4368198.00000 -109.7458
445254.00000 4368202.00000 -109.7925
445254.00000 4368206.00000 N.C.
445254.00000 4368210.00000 N.C.
445254.00000 4368214.00000 -106.4039
445254.00000 4368218.00000 -109.7398
445254.00000 4368222.00000 -100.3671
445254.00000 4368226.00000 N.C.
445254.00000 4368230.00000 N.C.
445254.00000 4368234.00000 N.C.
445254.00000 4368238.00000 N.C.
445254.00000 4368242.00000 -137.4286
445254.00000 4368246.00000 N.C.
445254.00000 4368250.00000 -106.2327
445254.00000 4368254.00000 -106.1017
445254.00000 4368258.00000 -119.0470
445254.00000 4368262.00000 -126.4692
445254.00000 4368266.00000 -124.3538
445254.00000 4368270.00000 -122.9424
445254.00000 4368274.00000 -118.4384
445254.00000 4368278.00000 N.C.
445254.00000 4368282.00000 N.C.
445254.00000 4368286.00000 N.C.
445254.00000 4368290.00000 N.C.
445254.00000 4368294.00000 -130.5279
445254.00000 4368298.00000 -132.5585
445254.00000 4368302.00000 -132.3188
445254.00000 4368306.00000 -132.0519
445254.00000 4368310.00000 -141.4996
445254.00000 4368314.00000 N.C.
445254.00000 4368318.00000 -123.2027
445254.00000 4368322.00000 -123.0877
445254.00000 4368326.00000 -122.9022
445254.00000 4368330.00000 -120.4240
445254.00000 4368334.00000 -115.4159
445254.00000 4368338.00000 -115.8729
445254.00000 4368342.00000 N.C.
445254.00000 4368346.00000 -129.9189
445254.00000 4368350.00000 -126.5486
445254.00000 4368354.00000 N.C.
445254.00000 4368358.00000 N.C.
445254.00000 4368362.00000 N.C.
445254.00000 4368366.00000 N.C.
445254.00000 4368370.00000 -127.7048
445254.00000 4368374.00000 N.C.
445254.00000 4368378.00000 N.C.
445254.00000 4368382.00000 N.C.
445254.00000 4368386.00000 -141.5583
445254.00000 4368390.00000 -119.8607
445254.00000 4368394.00000 -113.3150
445258.00000 4367886.00000 -128.2664
445258.00000 4367890.00000 -128.2643
445258.00000 4367894.00000 -128.1498
445258.00000 4367898.00000 -127.8559
445258.00000 4367902.00000 -127.9045
445258.00000 4367906.00000 -127.9282
445258.00000 4367910.00000 -127.2644
445258.00000 4367914.00000 -126.8428
445258.00000 4367918.00000 -126.6714
445258.00000 4367922.00000 -126.5100
445258.00000 4367926.00000 -126.8155
445258.00000 4367930.00000 -126.9683
445258.00000 4367934.00000 -126.8409
445258.00000 4367938.00000 -126.8577
445258.00000 4367942.00000 -126.5077
445258.00000 4367946.00000 -126.4463
445258.00000 4367950.00000 -125.7056
445258.00000 4367954.00000 -125.6954
445258.00000 4367958.00000 -125.1345
445258.00000 4367962.00000 -125.3549
445258.00000 4367966.00000 -124.9712
445258.00000 4367970.00000 -125.1448
445258.00000 4367974.00000 -128.3642
445258.00000 4367978.00000 -124.2715
445258.00000 4367982.00000 -127.1225
445258.00000 4367986.00000 -127.5605
445258.00000 4367990.00000 -132.7324
445258.00000 4367994.00000 -130.4556
445258.00000 4367998.00000 -132.6493
445258.00000 4368002.00000 -132.2836
445258.00000 4368006.00000 -132.2988
445258.00000 4368010.00000 -133.8802
445258.00000 4368014.00000 -132.9925
445258.00000 4368018.00000 -133.2251
445258.00000 4368022.00000 -133.9023
445258.00000 4368026.00000 -131.4944
445258.00000 4368030.00000 -125.4330
445258.00000 4368034.00000 -121.5952
445258.00000 4368038.00000 -121.6449
445258.00000 4368042.00000 -121.3952
445258.00000 4368046.00000 -121.1098
445258.00000 4368050.00000 -120.8191
445258.00000 4368054.00000 -120.5087
445258.00000 4368058.00000 -120.0222
445258.00000 4368062.00000 -119.3167
445258.00000 4368066.00000 -119.6455
445258.00000 4368070.00000 -119.3673
445258.00000 4368074.00000 -117.4882
445258.00000 4368078.00000 -118.8083
445258.00000 4368082.00000 -118.5631
445258.00000 4368086.00000 -118.2917
445258.00000 4368090.00000 -117.8708
445258.00000 4368094.00000 -126.2684
445258.00000 4368098.00000 -132.1573
445258.00000 4368102.00000 -139.0666
445258.00000 4368106.00000 -126.9603
445258.00000 4368110.00000 -138.3419
445258.00000 4368114.00000 -150.1015
445258.00000 4368118.00000 -149.9921
445258.00000 4368122.00000 N.C.
445258.00000 4368126.00000 N.C.
445258.00000 4368130.00000 -142.4876
445258.00000 4368134.00000 N.C.
445258.00000 4368138.00000 -140.1402
445258.00000 4368142.00000 N.C.
445258.00000 4368146.00000 -123.2839
445258.00000 4368150.00000 -135.2503
445258.00000 4368154.00000 -119.8948
445258.00000 4368158.00000 -129.2631
445258.00000 4368162.00000 N.C.
445258.00000 4368166.00000 N.C.
445258.00000 4368170.00000 N.C.
445258.00000 4368174.00000 N.C.
445258.00000 4368178.00000 N.C.
445258.00000 4368182.00000 N.C.
445258.00000 4368186.00000 N.C.
445258.00000 4368190.00000 -124.1636
445258.00000 4368194.00000 -118.4687
445258.00000 4368198.00000 -112.9932
445258.00000 4368202.00000 -110.0588
445258.00000 4368206.00000 N.C.
445258.00000 4368210.00000 N.C.
445258.00000 4368214.00000 N.C.
445258.00000 4368218.00000 N.C.
445258.00000 4368222.00000 N.C.
445258.00000 4368226.00000 N.C.
445258.00000 4368230.00000 -125.5579
445258.00000 4368234.00000 -126.8418
445258.00000 4368238.00000 -126.7807
445258.00000 4368242.00000 -127.2880
445258.00000 4368246.00000 N.C.
445258.00000 4368250.00000 -106.3179
445258.00000 4368254.00000 -106.2795
445258.00000 4368258.00000 -118.9105
445258.00000 4368262.00000 -124.3594
445258.00000 4368266.00000 -125.0004
445258.00000 4368270.00000 -121.4667
445258.00000 4368274.00000 -120.7806
445258.00000 4368278.00000 -126.2922
445258.00000 4368282.00000 -124.5597
445258.00000 4368286.00000 N.C.
445258.00000 4368290.00000 N.C.
445258.00000 4368294.00000 -124.5452
445258.00000 4368298.00000 -124.4970
445258.00000 4368302.00000 -124.2430
445258.00000 4368306.00000 -124.2367
445258.00000 4368310.00000 -137.6150
445258.00000 4368314.00000 N.C.
445258.00000 4368318.00000 N.C.
445258.00000 4368322.00000 -123.9285
445258.00000 4368326.00000 -116.5496
445258.00000 4368330.00000 N.C.
445258.00000 4368334.00000 -120.7747
445258.00000 4368338.00000 -116.3940
445258.00000 4368342.00000 -129.7713
445258.00000 4368346.00000 -129.2771
445258.00000 4368350.00000 -128.9791
445258.00000 4368354.00000 N.C.
445258.00000 4368358.00000 N.C.
445258.00000 4368362.00000 N.C.
445258.00000 4368366.00000 N.C.
445258.00000 4368370.00000 -124.1615
445258.00000 4368374.00000 -127.2638
445258.00000 4368378.00000 -128.0879
445258.00000 4368382.00000 N.C.
445258.00000 4368386.00000 -143.0730
445258.00000 4368390.00000 -140.1193
445258.00000 4368394.00000 -131.7896
445262.00000 4367886.00000 -128.8197
445262.00000 4367890.00000 -128.6592
445262.00000 4367894.00000 -128.6175
445262.00000 4367898.00000 -128.2109
445262.00000 4367902.00000 -128.1262
445262.00000 4367906.00000 -127.6936
445262.00000 4367910.00000 -127.4863
445262.00000 4367914.00000 -127.3674
445262.00000 4367918.00000 -127.2670
445262.00000 4367922.00000 -127.3911
445262.00000 4367926.00000 -127.1768
445262.00000 4367930.00000 -126.9165
445262.00000 4367934.00000 -126.8114
445262.00000 4367938.00000 -126.8712
445262.00000 4367942.00000 -126.3020
445262.00000 4367946.00000 -126.5290
445262.00000 4367950.00000 -126.2315
445262.00000 4367954.00000 -125.7862
445262.00000 4367958.00000 -126.0329
445262.00000 4367962.00000 -125.8281
445262.00000 4367966.00000 -125.1771
445262.00000 4367970.00000 -123.2404
445262.00000 4367974.00000 -126.2972
445262.00000 4367978.00000 -127.6124
445262.00000 4367982.00000 -127.8718
445262.00000 4367986.00000 -125.2015
445262.00000 4367990.00000 -132.1234
445262.00000 4367994.00000 -132.0308
445262.00000 4367998.00000 -129.3412
445262.00000 4368002.00000 -132.4167
445262.00000 4368006.00000 -132.3860
445262.00000 4368010.00000 -131.5123
445262.00000 4368014.00000 -131.5301
445262.00000 4368018.00000 -130.5818
445262.00000 4368022.00000 -126.1133
445262.00000 4368026.00000 -122.3254
445262.00000 4368030.00000 -122.0369
445262.00000 4368034.00000 -122.0688
445262.00000 4368038.00000 -121.8778
445262.00000 4368042.00000 -121.6349
445262.00000 4368046.00000 -121.3465
445262.00000 4368050.00000 -121.0037
445262.00000 4368054.00000 -120.7745
445262.00000 4368058.00000 -119.8698
445262.00000 4368062.00000 -118.4355
445262.00000 4368066.00000 -119.8827
445262.00000 4368070.00000 -119.6117
445262.00000 4368074.00000 -118.8555
445262.00000 4368078.00000 -119.1218
445262.00000 4368082.00000 -118.9081
445262.00000 4368086.00000 -118.4963
445262.00000 4368090.00000 -117.9112
445262.00000 4368094.00000 -122.4074
445262.00000 4368098.00000 -134.1434
445262.00000 4368102.00000 -141.1590
445262.00000 4368106.00000 -137.6418
445262.00000 4368110.00000 -128.6045
445262.00000 4368114.00000 -139.3129
445262.00000 4368118.00000 -146.7726
445262.00000 4368122.00000 -147.2966
445262.00000 4368126.00000 -145.4346
445262.00000 4368130.00000 -140.3597
445262.00000 4368134.00000 -140.2160
445262.00000 4368138.00000 -137.7023
445262.00000 4368142.00000 N.C.
445262.00000 4368146.00000 N.C.
445262.00000 4368150.00000 N.C.
445262.00000 4368154.00000 N.C.
445262.00000 4368158.00000 N.C.
445262.00000 4368162.00000 N.C.
445262.00000 4368166.00000 N.C.
445262.00000 4368170.00000 N.C.
445262.00000 4368174.00000 N.C.
445262.00000 4368178.00000 N.C.
445262.00000 4368182.00000 N.C.
445262.00000 4368186.00000 N.C.
445262.00000 4368190.00000 -113.5265
445262.00000 4368194.00000 -115.1001
445262.00000 4368198.00000 -113.7491
445262.00000 4368202.00000 -110.3029
445262.00000 4368206.00000 -116.4177
445262.00000 4368210.00000 -133.1931
445262.00000 4368214.00000 N.C.
445262.00000 4368218.00000 N.C.
445262.00000 4368222.00000 N.C.
445262.00000 4368226.00000 N.C.
445262.00000 4368230.00000 N.C.
445262.00000 4368234.00000 N.C.
445262.00000 4368238.00000 -138.6932
445262.00000 4368242.00000 N.C.
445262.00000 4368246.00000 N.C.
445262.00000 4368250.00000 -106.5894
445262.00000 4368254.00000 -119.1441
445262.00000 4368258.00000 -119.3209
445262.00000 4368262.00000 -124.9045
445262.00000 4368266.00000 -124.5117
445262.00000 4368270.00000 -124.1952
445262.00000 4368274.00000 N.C.
445262.00000 4368278.00000 N.C.
445262.00000 4368282.00000 -125.9092
445262.00000 4368286.00000 N.C.
445262.00000 4368290.00000 N.C.
445262.00000 4368294.00000 -124.4688
445262.00000 4368298.00000 -124.1332
445262.00000 4368302.00000 -123.9202
445262.00000 4368306.00000 -134.4563
445262.00000 4368310.00000 -122.0535
445262.00000 4368314.00000 N.C.
445262.00000 4368318.00000 N.C.
445262.00000 4368322.00000 N.C.
445262.00000 4368326.00000 -121.7808
445262.00000 4368330.00000 N.C.
445262.00000 4368334.00000 -122.9813
445262.00000 4368338.00000 -123.3331
445262.00000 4368342.00000 -116.6286
445262.00000 4368346.00000 -134.9139
445262.00000 4368350.00000 -131.4838
445262.00000 4368354.00000 -109.9587
445262.00000 4368358.00000 -134.2766
445262.00000 4368362.00000 -125.9070
445262.00000 4368366.00000 -126.1005
445262.00000 4368370.00000 -126.5142
445262.00000 4368374.00000 -126.6253
445262.00000 4368378.00000 -126.9180
445262.00000 4368382.00000 N.C.
445262.00000 4368386.00000 -143.4976
445262.00000 4368390.00000 -143.0421
445262.00000 4368394.00000 -137.8786
445266.00000 4367886.00000 -129.1312
445266.00000 4367890.00000 -128.9675
445266.00000 4367894.00000 -128.8104
445266.00000 4367898.00000 -128.4186
445266.00000 4367902.00000 -127.8951
445266.00000 4367906.00000 -127.7683
445266.00000 4367910.00000 -127.6616
445266.00000 4367914.00000 -127.7185
445266.00000 4367918.00000 -127.5094
445266.00000 4367922.00000 -127.4022
445266.00000 4367926.00000 -127.2930
445266.00000 4367930.00000 -127.1648
445266.00000 4367934.00000 -126.9030
445266.00000 4367938.00000 -126.6989
445266.00000 4367942.00000 -126.7611
445266.00000 4367946.00000 -126.3316
445266.00000 4367950.00000 -125.7915
445266.00000 4367954.00000 -125.6274
445266.00000 4367958.00000 -125.6803
445266.00000 4367962.00000 -125.5145
445266.00000 4367966.00000 -125.3289
445266.00000 4367970.00000 -123.9249
445266.00000 4367974.00000 -128.0857
445266.00000 4367978.00000 -124.4207
445266.00000 4367982.00000 -127.7740
445266.00000 4367986.00000 -127.8114
445266.00000 4367990.00000 -127.1228
445266.00000 4367994.00000 -125.3989
445266.00000 4367998.00000 -127.4174
445266.00000 4368002.00000 -127.4333
445266.00000 4368006.00000 -127.3240
445266.00000 4368010.00000 -126.9480
445266.00000 4368014.00000 -126.9025
445266.00000 4368018.00000 -123.9611
445266.00000 4368022.00000 -122.7815
445266.00000 4368026.00000 -122.5252
445266.00000 4368030.00000 -122.5127
445266.00000 4368034.00000 -122.3274
445266.00000 4368038.00000 -122.0960
445266.00000 4368042.00000 -121.8443
445266.00000 4368046.00000 -121.3978
445266.00000 4368050.00000 -121.2400
445266.00000 4368054.00000 -121.0190
445266.00000 4368058.00000 -120.1495
445266.00000 4368062.00000 -118.6924
445266.00000 4368066.00000 -120.1594
445266.00000 4368070.00000 -119.9263
445266.00000 4368074.00000 -119.2163
445266.00000 4368078.00000 -119.4986
445266.00000 4368082.00000 -119.0813
445266.00000 4368086.00000 -117.6827
445266.00000 4368090.00000 -122.6135
445266.00000 4368094.00000 -132.7041
445266.00000 4368098.00000 -138.4968
445266.00000 4368102.00000 -141.8347
445266.00000 4368106.00000 -140.3779
445266.00000 4368110.00000 -132.7340
445266.00000 4368114.00000 -129.0661
445266.00000 4368118.00000 -143.0360
445266.00000 4368122.00000 -145.0303
445266.00000 4368126.00000 -145.5573
445266.00000 4368130.00000 -140.8452
445266.00000 4368134.00000 -139.7047
445266.00000 4368138.00000 -133.6977
445266.00000 4368142.00000 -140.9661
445266.00000 4368146.00000 -141.9672
445266.00000 4368150.00000 -140.8700
445266.00000 4368154.00000 -138.1643
445266.00000 4368158.00000 -138.0173
445266.00000 4368162.00000 -138.8413
445266.00000 4368166.00000 -133.2291
445266.00000 4368170.00000 N.C.
445266.00000 4368174.00000 N.C.
445266.00000 4368178.00000 N.C.
445266.00000 4368182.00000 N.C.
445266.00000 4368186.00000 N.C.
445266.00000 4368190.00000 -115.9747
445266.00000 4368194.00000 -114.6252
445266.00000 4368198.00000 -108.3510
445266.00000 4368202.00000 -111.4942
445266.00000 4368206.00000 -107.3942
445266.00000 4368210.00000 N.C.
445266.00000 4368214.00000 N.C.
445266.00000 4368218.00000 -141.6030
445266.00000 4368222.00000 N.C.
445266.00000 4368226.00000 N.C.
445266.00000 4368230.00000 N.C.
445266.00000 4368234.00000 -135.8495
445266.00000 4368238.00000 -133.5816
445266.00000 4368242.00000 N.C.
445266.00000 4368246.00000 -106.9076
445266.00000 4368250.00000 -106.7957
445266.00000 4368254.00000 -127.2524
445266.00000 4368258.00000 -119.9514
445266.00000 4368262.00000 -126.9915
445266.00000 4368266.00000 -121.6669
445266.00000 4368270.00000 -122.9967
445266.00000 4368274.00000 N.C.
445266.00000 4368278.00000 N.C.
445266.00000 4368282.00000 -134.7582
445266.00000 4368286.00000 N.C.
445266.00000 4368290.00000 -124.8523
445266.00000 4368294.00000 -124.5913
445266.00000 4368298.00000 -134.0741
445266.00000 4368302.00000 -132.9133
445266.00000 4368306.00000 -132.2780
445266.00000 4368310.00000 -122.0164
445266.00000 4368314.00000 N.C.
445266.00000 4368318.00000 -153.1751
445266.00000 4368322.00000 -160.6500
445266.00000 4368326.00000 N.C.
445266.00000 4368330.00000 -123.9715
445266.00000 4368334.00000 N.C.
445266.00000 4368338.00000 -129.9368
445266.00000 4368342.00000 -123.5717
445266.00000 4368346.00000 -116.8788
445266.00000 4368350.00000 N.C.
445266.00000 4368354.00000 -153.6061
445266.00000 4368358.00000 N.C.
445266.00000 4368362.00000 -151.2370
445266.00000 4368366.00000 N.C.
445266.00000 4368370.00000 N.C.
445266.00000 4368374.00000 N.C.
445266.00000 4368378.00000 -148.3759
445266.00000 4368382.00000 -126.6249
445266.00000 4368386.00000 -136.1266
445266.00000 4368390.00000 -139.6058
445266.00000 4368394.00000 -137.8042
445270.00000 4367886.00000 -128.9233
445270.00000 4367890.00000 -128.7972
445270.00000 4367894.00000 -128.3471
445270.00000 4367898.00000 -127.8573
445270.00000 4367902.00000 -127.4367
445270.00000 4367906.00000 -127.3572
445270.00000 4367910.00000 -127.4581
445270.00000 4367914.00000 -127.3290
445270.00000 4367918.00000 -127.0379
445270.00000 4367922.00000 -126.9821
445270.00000 4367926.00000 -126.8827
445270.00000 4367930.00000 -126.7180
445270.00000 4367934.00000 -126.7161
445270.00000 4367938.00000 -126.9258
445270.00000 4367942.00000 -126.5701
445270.00000 4367946.00000 -126.0620
445270.00000 4367950.00000 -125.4729
445270.00000 4367954.00000 -125.8579
445270.00000 4367958.00000 -125.7061
445270.00000 4367962.00000 -125.5458
445270.00000 4367966.00000 -125.2360
445270.00000 4367970.00000 -122.9261
445270.00000 4367974.00000 -124.2435
445270.00000 4367978.00000 -123.9003
445270.00000 4367982.00000 -123.4636
445270.00000 4367986.00000 -122.3448
445270.00000 4367990.00000 -128.4120
445270.00000 4367994.00000 -127.9494
445270.00000 4367998.00000 -128.1253
445270.00000 4368002.00000 -127.2937
445270.00000 4368006.00000 -127.4197
445270.00000 4368010.00000 -125.0836
445270.00000 4368014.00000 -123.0683
445270.00000 4368018.00000 -123.2279
445270.00000 4368022.00000 -122.9584
445270.00000 4368026.00000 -122.7612
445270.00000 4368030.00000 -122.7301
445270.00000 4368034.00000 -122.5488
445270.00000 4368038.00000 -122.3167
445270.00000 4368042.00000 -122.0901
445270.00000 4368046.00000 -121.6322
445270.00000 4368050.00000 -121.5003
445270.00000 4368054.00000 -121.2235
445270.00000 4368058.00000 -120.3554
445270.00000 4368062.00000 -118.8908
445270.00000 4368066.00000 -120.4463
445270.00000 4368070.00000 -120.1581
445270.00000 4368074.00000 -119.8939
445270.00000 4368078.00000 -119.6999
445270.00000 4368082.00000 -119.3672
445270.00000 4368086.00000 -127.8028
445270.00000 4368090.00000 -128.9499
445270.00000 4368094.00000 -133.2896
445270.00000 4368098.00000 -139.5109
445270.00000 4368102.00000 -142.3480
445270.00000 4368106.00000 -141.5293
445270.00000 4368110.00000 -140.1957
445270.00000 4368114.00000 -133.0220
445270.00000 4368118.00000 -129.5435
445270.00000 4368122.00000 -143.3253
445270.00000 4368126.00000 -144.2213
445270.00000 4368130.00000 -136.9026
445270.00000 4368134.00000 -139.1912
445270.00000 4368138.00000 -135.8468
445270.00000 4368142.00000 -132.9541
445270.00000 4368146.00000 -141.7917
445270.00000 4368150.00000 -138.4173
445270.00000 4368154.00000 -133.2860
445270.00000 4368158.00000 -138.6361
445270.00000 4368162.00000 -137.8435
445270.00000 4368166.00000 -136.0969
445270.00000 4368170.00000 -136.6445
445270.00000 4368174.00000 -128.4219
445270.00000 4368178.00000 -139.3245
445270.00000 4368182.00000 -138.3529
445270.00000 4368186.00000 -117.0196
445270.00000 4368190.00000 -114.3377
445270.00000 4368194.00000 -102.7112
445270.00000 4368198.00000 -117.0198
445270.00000 4368202.00000 -116.2093
445270.00000 4368206.00000 -107.5977
445270.00000 4368210.00000 -112.3760
445270.00000 4368214.00000 -126.9095
445270.00000 4368218.00000 N.C.
445270.00000 4368222.00000 N.C.
445270.00000 4368226.00000 -135.2301
445270.00000 4368230.00000 -135.0898
445270.00000 4368234.00000 -133.2400
445270.00000 4368238.00000 N.C.
445270.00000 4368242.00000 N.C.
445270.00000 4368246.00000 -107.1223
445270.00000 4368250.00000 -120.6309
445270.00000 4368254.00000 -127.8184
445270.00000 4368258.00000 -130.3718
445270.00000 4368262.00000 N.C.
445270.00000 4368266.00000 N.C.
445270.00000 4368270.00000 -129.9846
445270.00000 4368274.00000 N.C.
445270.00000 4368278.00000 -127.7575
445270.00000 4368282.00000 -126.1673
445270.00000 4368286.00000 -128.4730
445270.00000 4368290.00000 -124.5417
445270.00000 4368294.00000 -133.0055
445270.00000 4368298.00000 -132.8901
445270.00000 4368302.00000 -132.9495
445270.00000 4368306.00000 -132.5349
445270.00000 4368310.00000 N.C.
445270.00000 4368314.00000 N.C.
445270.00000 4368318.00000 -146.4631
445270.00000 4368322.00000 -142.2778
445270.00000 4368326.00000 N.C.
445270.00000 4368330.00000 -124.1931
445270.00000 4368334.00000 -148.6963
445270.00000 4368338.00000 -134.2019
445270.00000 4368342.00000 -130.2463
445270.00000 4368346.00000 -124.4884
445270.00000 4368350.00000 N.C.
445270.00000 4368354.00000 -131.4000
445270.00000 4368358.00000 N.C.
445270.00000 4368362.00000 -143.9198
445270.00000 4368366.00000 -129.4284
445270.00000 4368370.00000 -130.5686
445270.00000 4368374.00000 N.C.
445270.00000 4368378.00000 -148.0141
445270.00000 4368382.00000 -141.9629
445270.00000 4368386.00000 -132.5086
445270.00000 4368390.00000 -127.8797
445270.00000 4368394.00000 -123.8610
445274.00000 4367886.00000 -128.6288
445274.00000 4367890.00000 -128.1700
445274.00000 4367894.00000 -128.2084
445274.00000 4367898.00000 -128.0817
445274.00000 4367902.00000 -127.7951
445274.00000 4367906.00000 -127.8855
445274.00000 4367910.00000 -127.8990
445274.00000 4367914.00000 -127.8249
445274.00000 4367918.00000 -127.7143
445274.00000 4367922.00000 -127.5812
445274.00000 4367926.00000 -127.3930
445274.00000 4367930.00000 -127.2470
445274.00000 4367934.00000 -127.2277
445274.00000 4367938.00000 -127.2138
445274.00000 4367942.00000 -126.7029
445274.00000 4367946.00000 -126.5178
445274.00000 4367950.00000 -126.3965
445274.00000 4367954.00000 -126.3848
445274.00000 4367958.00000 -126.4315
445274.00000 4367962.00000 -125.7363
445274.00000 4367966.00000 -125.6175
445274.00000 4367970.00000 -125.4983
445274.00000 4367974.00000 -124.1640
445274.00000 4367978.00000 -123.5311
445274.00000 4367982.00000 -125.1199
445274.00000 4367986.00000 -124.8864
445274.00000 4367990.00000 -124.6120
445274.00000 4367994.00000 -124.3883
445274.00000 4367998.00000 -124.3198
445274.00000 4368002.00000 -122.0712
445274.00000 4368006.00000 -121.9195
445274.00000 4368010.00000 -123.8913
445274.00000 4368014.00000 -123.7900
445274.00000 4368018.00000 -123.4385
445274.00000 4368022.00000 -123.2383
445274.00000 4368026.00000 -123.1624
445274.00000 4368030.00000 -122.9880
445274.00000 4368034.00000 -122.7860
445274.00000 4368038.00000 -122.5595
445274.00000 4368042.00000 -122.3010
445274.00000 4368046.00000 -121.8704
445274.00000 4368050.00000 -121.7167
445274.00000 4368054.00000 -121.3399
445274.00000 4368058.00000 -120.4758
445274.00000 4368062.00000 -120.5577
445274.00000 4368066.00000 -120.7130
445274.00000 4368070.00000 -120.0154
445274.00000 4368074.00000 -120.2479
445274.00000 4368078.00000 -119.9819
445274.00000 4368082.00000 -119.4176
445274.00000 4368086.00000 -123.5895
445274.00000 4368090.00000 -131.9014
445274.00000 4368094.00000 -141.5689
445274.00000 4368098.00000 -141.0220
445274.00000 4368102.00000 -141.3799
445274.00000 4368106.00000 -144.4916
445274.00000 4368110.00000 N.C.
445274.00000 4368114.00000 -139.4453
445274.00000 4368118.00000 -128.5278
445274.00000 4368122.00000 -129.7802
445274.00000 4368126.00000 -142.0632
445274.00000 4368130.00000 -138.6677
445274.00000 4368134.00000 N.C.
445274.00000 4368138.00000 N.C.
445274.00000 4368142.00000 N.C.
445274.00000 4368146.00000 N.C.
445274.00000 4368150.00000 N.C.
445274.00000 4368154.00000 -129.9808
445274.00000 4368158.00000 -136.7552
445274.00000 4368162.00000 -132.3640
445274.00000 4368166.00000 -137.5803
445274.00000 4368170.00000 -135.7045
445274.00000 4368174.00000 -134.4911
445274.00000 4368178.00000 -124.1088
445274.00000 4368182.00000 -117.1799
445274.00000 4368186.00000 -113.9271
445274.00000 4368190.00000 -103.8863
445274.00000 4368194.00000 -117.7204
445274.00000 4368198.00000 -118.3698
445274.00000 4368202.00000 -118.6517
445274.00000 4368206.00000 -109.7989
445274.00000 4368210.00000 -108.1783
445274.00000 4368214.00000 N.C.
445274.00000 4368218.00000 N.C.
445274.00000 4368222.00000 N.C.
445274.00000 4368226.00000 -134.8325
445274.00000 4368230.00000 N.C.
445274.00000 4368234.00000 -131.7154
445274.00000 4368238.00000 N.C.
445274.00000 4368242.00000 N.C.
445274.00000 4368246.00000 -107.3059
445274.00000 4368250.00000 -130.0202
445274.00000 4368254.00000 -129.0921
445274.00000 4368258.00000 N.C.
445274.00000 4368262.00000 N.C.
445274.00000 4368266.00000 N.C.
445274.00000 4368270.00000 N.C.
445274.00000 4368274.00000 N.C.
445274.00000 4368278.00000 N.C.
445274.00000 4368282.00000 N.C.
445274.00000 4368286.00000 N.C.
445274.00000 4368290.00000 -136.7826
445274.00000 4368294.00000 -129.8935
445274.00000 4368298.00000 -129.7624
445274.00000 4368302.00000 -129.9626
445274.00000 4368306.00000 -128.8425
445274.00000 4368310.00000 -128.8180
445274.00000 4368314.00000 -130.5550
445274.00000 4368318.00000 -124.2536
445274.00000 4368322.00000 -134.4404
445274.00000 4368326.00000 N.C.
445274.00000 4368330.00000 N.C.
445274.00000 4368334.00000 N.C.
445274.00000 4368338.00000 -131.5553
445274.00000 4368342.00000 -129.1691
445274.00000 4368346.00000 -130.9212
445274.00000 4368350.00000 -124.5485
445274.00000 4368354.00000 N.C.
445274.00000 4368358.00000 N.C.
445274.00000 4368362.00000 N.C.
445274.00000 4368366.00000 -134.3032
445274.00000 4368370.00000 -129.6747
445274.00000 4368374.00000 N.C.
445274.00000 4368378.00000 N.C.
445274.00000 4368382.00000 N.C.
445274.00000 4368386.00000 -130.9822
445274.00000 4368390.00000 -131.2580
445274.00000 4368394.00000 -129.0783
445278.00000 4367886.00000 -128.7351
445278.00000 4367890.00000 -128.6023
445278.00000 4367894.00000 -128.5920
445278.00000 4367898.00000 -128.6529
445278.00000 4367902.00000 -128.3160
445278.00000 4367906.00000 -128.4635
445278.00000 4367910.00000 -128.3392
445278.00000 4367914.00000 -128.5089
445278.00000 4367918.00000 -128.3288
445278.00000 4367922.00000 -128.1727
445278.00000 4367926.00000 -127.7845
445278.00000 4367930.00000 -127.6676
445278.00000 4367934.00000 -127.5521
445278.00000 4367938.00000 -127.4903
445278.00000 4367942.00000 -126.9428
445278.00000 4367946.00000 -126.9969
445278.00000 4367950.00000 -126.8449
445278.00000 4367954.00000 -125.9636
445278.00000 4367958.00000 -126.0260
445278.00000 4367962.00000 -125.9175
445278.00000 4367966.00000 -125.9469
445278.00000 4367970.00000 -125.3095
445278.00000 4367974.00000 -125.3550
445278.00000 4367978.00000 -125.4805
445278.00000 4367982.00000 -125.2155
445278.00000 4367986.00000 -125.0505
445278.00000 4367990.00000 -124.7174
445278.00000 4367994.00000 -124.6617
445278.00000 4367998.00000 -124.4386
445278.00000 4368002.00000 -123.6466
445278.00000 4368006.00000 -124.2720
445278.00000 4368010.00000 -124.1709
445278.00000 4368014.00000 -123.9456
445278.00000 4368018.00000 -123.5836
445278.00000 4368022.00000 -123.5186
445278.00000 4368026.00000 -123.3672
445278.00000 4368030.00000 -123.2131
445278.00000 4368034.00000 -122.9945
445278.00000 4368038.00000 -122.7589
445278.00000 4368042.00000 -122.5314
445278.00000 4368046.00000 -122.2643
445278.00000 4368050.00000 -121.9410
445278.00000 4368054.00000 -121.5477
445278.00000 4368058.00000 -120.6558
445278.00000 4368062.00000 -120.7605
445278.00000 4368066.00000 -121.0052
445278.00000 4368070.00000 -119.2711
445278.00000 4368074.00000 -120.4237
445278.00000 4368078.00000 -119.1033
445278.00000 4368082.00000 -128.4607
445278.00000 4368086.00000 -129.2954
445278.00000 4368090.00000 -139.9694
445278.00000 4368094.00000 -140.3853
445278.00000 4368098.00000 -140.9888
445278.00000 4368102.00000 -139.6729
445278.00000 4368106.00000 -143.9723
445278.00000 4368110.00000 -144.5613
445278.00000 4368114.00000 -144.7453
445278.00000 4368118.00000 -138.3565
445278.00000 4368122.00000 -129.9498
445278.00000 4368126.00000 -132.9455
445278.00000 4368130.00000 N.C.
445278.00000 4368134.00000 N.C.
445278.00000 4368138.00000 N.C.
445278.00000 4368142.00000 N.C.
445278.00000 4368146.00000 N.C.
445278.00000 4368150.00000 N.C.
445278.00000 4368154.00000 N.C.
445278.00000 4368158.00000 N.C.
445278.00000 4368162.00000 N.C.
445278.00000 4368166.00000 N.C.
445278.00000 4368170.00000 N.C.
445278.00000 4368174.00000 N.C.
445278.00000 4368178.00000 -117.1343
445278.00000 4368182.00000 -110.1339
445278.00000 4368186.00000 -105.1498
445278.00000 4368190.00000 -121.5159
445278.00000 4368194.00000 -115.2725
445278.00000 4368198.00000 -119.2246
445278.00000 4368202.00000 -116.9720
445278.00000 4368206.00000 N.C.
445278.00000 4368210.00000 -108.6495
445278.00000 4368214.00000 -121.5165
445278.00000 4368218.00000 -141.6419
445278.00000 4368222.00000 -137.9747
445278.00000 4368226.00000 N.C.
445278.00000 4368230.00000 N.C.
445278.00000 4368234.00000 N.C.
445278.00000 4368238.00000 N.C.
445278.00000 4368242.00000 N.C.
445278.00000 4368246.00000 -121.4414
445278.00000 4368250.00000 -131.0923
445278.00000 4368254.00000 N.C.
445278.00000 4368258.00000 N.C.
445278.00000 4368262.00000 N.C.
445278.00000 4368266.00000 N.C.
445278.00000 4368270.00000 -137.0128
445278.00000 4368274.00000 -139.2030
445278.00000 4368278.00000 -139.2798
445278.00000 4368282.00000 N.C.
445278.00000 4368286.00000 N.C.
445278.00000 4368290.00000 -138.6788
445278.00000 4368294.00000 -138.2020
445278.00000 4368298.00000 N.C.
445278.00000 4368302.00000 -133.4040
445278.00000 4368306.00000 -131.7695
445278.00000 4368310.00000 N.C.
445278.00000 4368314.00000 N.C.
445278.00000 4368318.00000 -129.1734
445278.00000 4368322.00000 -128.7688
445278.00000 4368326.00000 -129.0954
445278.00000 4368330.00000 N.C.
445278.00000 4368334.00000 N.C.
445278.00000 4368338.00000 -128.2537
445278.00000 4368342.00000 -127.9583
445278.00000 4368346.00000 -126.2855
445278.00000 4368350.00000 -127.2879
445278.00000 4368354.00000 -124.1930
445278.00000 4368358.00000 N.C.
445278.00000 4368362.00000 N.C.
445278.00000 4368366.00000 N.C.
445278.00000 4368370.00000 N.C.
445278.00000 4368374.00000 N.C.
445278.00000 4368378.00000 N.C.
445278.00000 4368382.00000 N.C.
445278.00000 4368386.00000 -147.9599
445278.00000 4368390.00000 -130.6731
445278.00000 4368394.00000 -128.1934
445282.00000 4367886.00000 -129.0779
445282.00000 4367890.00000 -129.2303
445282.00000 4367894.00000 -129.3546
445282.00000 4367898.00000 -129.0656
445282.00000 4367902.00000 -128.9748
445282.00000 4367906.00000 -128.8618
445282.00000 4367910.00000 -128.7591
445282.00000 4367914.00000 -128.4826
445282.00000 4367918.00000 -128.3447
445282.00000 4367922.00000 -128.1554
445282.00000 4367926.00000 -127.9856
445282.00000 4367930.00000 -127.6590
445282.00000 4367934.00000 -127.6373
445282.00000 4367938.00000 -127.6720
445282.00000 4367942.00000 -127.4059
445282.00000 4367946.00000 -127.0254
445282.00000 4367950.00000 -126.7889
445282.00000 4367954.00000 -126.7061
445282.00000 4367958.00000 -126.4827
445282.00000 4367962.00000 -126.0059
445282.00000 4367966.00000 -125.9267
445282.00000 4367970.00000 -126.2264
445282.00000 4367974.00000 -125.9849
445282.00000 4367978.00000 -125.7878
445282.00000 4367982.00000 -125.2646
445282.00000 4367986.00000 -124.9995
445282.00000 4367990.00000 -124.8176
445282.00000 4367994.00000 -124.7692
445282.00000 4367998.00000 -124.5618
445282.00000 4368002.00000 -124.8534
445282.00000 4368006.00000 -124.5766
445282.00000 4368010.00000 -124.3373
445282.00000 4368014.00000 -124.0403
445282.00000 4368018.00000 -123.8237
445282.00000 4368022.00000 -123.7711
445282.00000 4368026.00000 -123.6197
445282.00000 4368030.00000 -123.4223
445282.00000 4368034.00000 -123.2013
445282.00000 4368038.00000 -122.9765
445282.00000 4368042.00000 -122.7082
445282.00000 4368046.00000 -122.3928
445282.00000 4368050.00000 -122.1339
445282.00000 4368054.00000 -121.8069
445282.00000 4368058.00000 -120.8967
445282.00000 4368062.00000 -120.9963
445282.00000 4368066.00000 -121.2313
445282.00000 4368070.00000 -120.4798
445282.00000 4368074.00000 -120.6839
445282.00000 4368078.00000 -125.1977
445282.00000 4368082.00000 -124.0515
445282.00000 4368086.00000 -134.4891
445282.00000 4368090.00000 -141.2163
445282.00000 4368094.00000 -140.0244
445282.00000 4368098.00000 -138.6032
445282.00000 4368102.00000 -139.8154
445282.00000 4368106.00000 -142.9181
445282.00000 4368110.00000 -132.2062
445282.00000 4368114.00000 -143.8271
445282.00000 4368118.00000 -144.5514
445282.00000 4368122.00000 -132.8443
445282.00000 4368126.00000 -129.7961
445282.00000 4368130.00000 N.C.
445282.00000 4368134.00000 N.C.
445282.00000 4368138.00000 N.C.
445282.00000 4368142.00000 N.C.
445282.00000 4368146.00000 N.C.
445282.00000 4368150.00000 N.C.
445282.00000 4368154.00000 N.C.
445282.00000 4368158.00000 N.C.
445282.00000 4368162.00000 N.C.
445282.00000 4368166.00000 N.C.
445282.00000 4368170.00000 N.C.
445282.00000 4368174.00000 N.C.
445282.00000 4368178.00000 N.C.
445282.00000 4368182.00000 -105.6081
445282.00000 4368186.00000 N.C.
445282.00000 4368190.00000 N.C.
445282.00000 4368194.00000 -116.1012
445282.00000 4368198.00000 -118.8819
445282.00000 4368202.00000 -115.8579
445282.00000 4368206.00000 N.C.
445282.00000 4368210.00000 N.C.
445282.00000 4368214.00000 N.C.
445282.00000 4368218.00000 N.C.
445282.00000 4368222.00000 N.C.
445282.00000 4368226.00000 -127.5392
445282.00000 4368230.00000 N.C.
445282.00000 4368234.00000 N.C.
445282.00000 4368238.00000 N.C.
445282.00000 4368242.00000 N.C.
445282.00000 4368246.00000 -123.1502
445282.00000 4368250.00000 -130.6486
445282.00000 4368254.00000 N.C.
445282.00000 4368258.00000 N.C.
445282.00000 4368262.00000 -136.3091
445282.00000 4368266.00000 N.C.
445282.00000 4368270.00000 -137.5336
445282.00000 4368274.00000 -139.6177
445282.00000 4368278.00000 -136.5736
445282.00000 4368282.00000 N.C.
445282.00000 4368286.00000 -140.5617
445282.00000 4368290.00000 -137.3989
445282.00000 4368294.00000 -136.7505
445282.00000 4368298.00000 -135.5414
445282.00000 4368302.00000 -134.6168
445282.00000 4368306.00000 -131.3659
445282.00000 4368310.00000 N.C.
445282.00000 4368314.00000 N.C.
445282.00000 4368318.00000 -124.8292
445282.00000 4368322.00000 -131.1203
445282.00000 4368326.00000 -130.7894
445282.00000 4368330.00000 N.C.
445282.00000 4368334.00000 -142.5897
445282.00000 4368338.00000 -129.0449
445282.00000 4368342.00000 -127.7794
445282.00000 4368346.00000 N.C.
445282.00000 4368350.00000 N.C.
445282.00000 4368354.00000 N.C.
445282.00000 4368358.00000 N.C.
445282.00000 4368362.00000 -141.6730
445282.00000 4368366.00000 N.C.
445282.00000 4368370.00000 -140.2433
445282.00000 4368374.00000 -139.2952
445282.00000 4368378.00000 N.C.
445282.00000 4368382.00000 N.C.
445282.00000 4368386.00000 -146.9459
445282.00000 4368390.00000 -128.3379
445282.00000 4368394.00000 -127.8964
445286.00000 4367886.00000 -129.6161
445286.00000 4367890.00000 -129.2865
445286.00000 4367894.00000 -129.2964
445286.00000 4367898.00000 -129.1766
445286.00000 4367902.00000 -128.9366
445286.00000 4367906.00000 -128.6818
445286.00000 4367910.00000 -128.5405
445286.00000 4367914.00000 -128.3902
445286.00000 4367918.00000 -128.2362
445286.00000 4367922.00000 -128.0936
445286.00000 4367926.00000 -128.0585
445286.00000 4367930.00000 -127.4223
445286.00000 4367934.00000 -127.8202
445286.00000 4367938.00000 -127.5815
445286.00000 4367942.00000 -127.2977
445286.00000 4367946.00000 -126.8499
445286.00000 4367950.00000 -126.8374
445286.00000 4367954.00000 -126.4833
445286.00000 4367958.00000 -126.1814
445286.00000 4367962.00000 -126.6698
445286.00000 4367966.00000 -126.5224
445286.00000 4367970.00000 -126.2267
445286.00000 4367974.00000 -126.1090
445286.00000 4367978.00000 -125.8758
445286.00000 4367982.00000 -125.6069
445286.00000 4367986.00000 -125.3741
445286.00000 4367990.00000 -125.2674
445286.00000 4367994.00000 -124.8962
445286.00000 4367998.00000 -125.2351
445286.00000 4368002.00000 -125.0248
445286.00000 4368006.00000 -124.7751
445286.00000 4368010.00000 -124.5458
445286.00000 4368014.00000 -124.1941
445286.00000 4368018.00000 -124.1830
445286.00000 4368022.00000 -124.0217
445286.00000 4368026.00000 -123.8002
445286.00000 4368030.00000 -123.5851
445286.00000 4368034.00000 -123.3769
445286.00000 4368038.00000 -123.1218
445286.00000 4368042.00000 -122.6685
445286.00000 4368046.00000 -122.6187
445286.00000 4368050.00000 -122.3911
445286.00000 4368054.00000 -122.0287
445286.00000 4368058.00000 -121.1389
445286.00000 4368062.00000 -121.7907
445286.00000 4368066.00000 -121.5561
445286.00000 4368070.00000 -120.7448
445286.00000 4368074.00000 -119.3163
445286.00000 4368078.00000 -124.1400
445286.00000 4368082.00000 -130.7589
445286.00000 4368086.00000 -136.0823
445286.00000 4368090.00000 -142.0280
445286.00000 4368094.00000 -141.0253
445286.00000 4368098.00000 -140.6812
445286.00000 4368102.00000 -142.2095
445286.00000 4368106.00000 -141.8022
445286.00000 4368110.00000 -131.8820
445286.00000 4368114.00000 -143.0160
445286.00000 4368118.00000 -144.7434
445286.00000 4368122.00000 -138.0388
445286.00000 4368126.00000 -129.1062
445286.00000 4368130.00000 N.C.
445286.00000 4368134.00000 N.C.
445286.00000 4368138.00000 N.C.
445286.00000 4368142.00000 N.C.
445286.00000 4368146.00000 N.C.
445286.00000 4368150.00000 N.C.
445286.00000 4368154.00000 N.C.
445286.00000 4368158.00000 N.C.
445286.00000 4368162.00000 N.C.
445286.00000 4368166.00000 N.C.
445286.00000 4368170.00000 N.C.
445286.00000 4368174.00000 N.C.
445286.00000 4368178.00000 N.C.
445286.00000 4368182.00000 -127.3169
445286.00000 4368186.00000 N.C.
445286.00000 4368190.00000 N.C.
445286.00000 4368194.00000 -119.7654
445286.00000 4368198.00000 -116.5693
445286.00000 4368202.00000 -117.9263
445286.00000 4368206.00000 -121.8340
445286.00000 4368210.00000 -121.8804
445286.00000 4368214.00000 -122.6368
445286.00000 4368218.00000 -118.6265
445286.00000 4368222.00000 -135.0484
445286.00000 4368226.00000 -125.1533
445286.00000 4368230.00000 -127.8979
445286.00000 4368234.00000 -128.1578
445286.00000 4368238.00000 N.C.
445286.00000 4368242.00000 N.C.
445286.00000 4368246.00000 -132.3947
445286.00000 4368250.00000 -131.4295
445286.00000 4368254.00000 N.C.
445286.00000 4368258.00000 N.C.
445286.00000 4368262.00000 -133.9129
445286.00000 4368266.00000 N.C.
445286.00000 4368270.00000 N.C.
445286.00000 4368274.00000 N.C.
445286.00000 4368278.00000 -136.7571
445286.00000 4368282.00000 N.C.
445286.00000 4368286.00000 N.C.
445286.00000 4368290.00000 -136.9738
445286.00000 4368294.00000 -134.9317
445286.00000 4368298.00000 -134.7090
445286.00000 4368302.00000 -133.5539
445286.00000 4368306.00000 -131.7547
445286.00000 4368310.00000 N.C.
445286.00000 4368314.00000 N.C.
445286.00000 4368318.00000 -124.8715
445286.00000 4368322.00000 -124.7889
445286.00000 4368326.00000 -138.7007
445286.00000 4368330.00000 N.C.
445286.00000 4368334.00000 -141.3914
445286.00000 4368338.00000 -129.9314
445286.00000 4368342.00000 -128.8425
445286.00000 4368346.00000 N.C.
445286.00000 4368350.00000 N.C.
445286.00000 4368354.00000 N.C.
445286.00000 4368358.00000 N.C.
445286.00000 4368362.00000 -150.1396
445286.00000 4368366.00000 N.C.
445286.00000 4368370.00000 N.C.
445286.00000 4368374.00000 N.C.
445286.00000 4368378.00000 N.C.
445286.00000 4368382.00000 -152.1486
445286.00000 4368386.00000 -143.4903
445286.00000 4368390.00000 -130.7373
445286.00000 4368394.00000 -127.7706
445290.00000 4367886.00000 -129.6081
445290.00000 4367890.00000 -129.3417
445290.00000 4367894.00000 -129.3715
445290.00000 4367898.00000 -129.0552
445290.00000 4367902.00000 -129.0630
445290.00000 4367906.00000 -128.8819
445290.00000 4367910.00000 -128.8051
445290.00000 4367914.00000 -128.6262
445290.00000 4367918.00000 -128.3770
445290.00000 4367922.00000 -128.1642
445290.00000 4367926.00000 -128.0313
445290.00000 4367930.00000 -127.8228
445290.00000 4367934.00000 -127.7978
445290.00000 4367938.00000 -127.6288
445290.00000 4367942.00000 -127.5480
445290.00000 4367946.00000 -127.2728
445290.00000 4367950.00000 -126.7025
445290.00000 4367954.00000 -127.0483
445290.00000 4367958.00000 -126.8727
445290.00000 4367962.00000 -126.7021
445290.00000 4367966.00000 -126.5414
445290.00000 4367970.00000 -126.2956
445290.00000 4367974.00000 -126.2237
445290.00000 4367978.00000 -125.8713
445290.00000 4367982.00000 -125.8267
445290.00000 4367986.00000 -125.3480
445290.00000 4367990.00000 -125.7675
445290.00000 4367994.00000 -125.5625
445290.00000 4367998.00000 -125.3738
445290.00000 4368002.00000 -125.1035
445290.00000 4368006.00000 -124.8848
445290.00000 4368010.00000 -124.5500
445290.00000 4368014.00000 -124.4279
445290.00000 4368018.00000 -124.3164
445290.00000 4368022.00000 -124.1801
445290.00000 4368026.00000 -123.9853
445290.00000 4368030.00000 -123.7867
445290.00000 4368034.00000 -123.5615
445290.00000 4368038.00000 -123.3283
445290.00000 4368042.00000 -122.8825
445290.00000 4368046.00000 -122.7552
445290.00000 4368050.00000 -122.5545
445290.00000 4368054.00000 -122.2394
445290.00000 4368058.00000 -121.3835
445290.00000 4368062.00000 -122.0643
445290.00000 4368066.00000 -121.6729
445290.00000 4368070.00000 -121.0535
445290.00000 4368074.00000 -123.5626
445290.00000 4368078.00000 -124.6624
445290.00000 4368082.00000 -134.9702
445290.00000 4368086.00000 -141.3266
445290.00000 4368090.00000 -141.4313
445290.00000 4368094.00000 -140.1108
445290.00000 4368098.00000 -140.1191
445290.00000 4368102.00000 -141.4766
445290.00000 4368106.00000 -139.8438
445290.00000 4368110.00000 -137.6143
445290.00000 4368114.00000 -142.1540
445290.00000 4368118.00000 -133.4298
445290.00000 4368122.00000 -141.4917
445290.00000 4368126.00000 -138.1184
445290.00000 4368130.00000 N.C.
445290.00000 4368134.00000 N.C.
445290.00000 4368138.00000 N.C.
445290.00000 4368142.00000 N.C.
445290.00000 4368146.00000 N.C.
445290.00000 4368150.00000 N.C.
445290.00000 4368154.00000 N.C.
445290.00000 4368158.00000 N.C.
445290.00000 4368162.00000 N.C.
445290.00000 4368166.00000 N.C.
445290.00000 4368170.00000 N.C.
445290.00000 4368174.00000 N.C.
445290.00000 4368178.00000 N.C.
445290.00000 4368182.00000 -133.0990
445290.00000 4368186.00000 N.C.
445290.00000 4368190.00000 N.C.
445290.00000 4368194.00000 -118.2479
445290.00000 4368198.00000 -119.6810
445290.00000 4368202.00000 -117.0873
445290.00000 4368206.00000 -121.9445
445290.00000 4368210.00000 -120.6557
445290.00000 4368214.00000 -121.8377
445290.00000 4368218.00000 -122.7709
445290.00000 4368222.00000 -122.9600
445290.00000 4368226.00000 -118.8171
445290.00000 4368230.00000 -126.1479
445290.00000 4368234.00000 -127.4856
445290.00000 4368238.00000 -127.7336
445290.00000 4368242.00000 -127.4841
445290.00000 4368246.00000 -130.4583
445290.00000 4368250.00000 -128.2226
445290.00000 4368254.00000 -134.7710
445290.00000 4368258.00000 -134.5461
445290.00000 4368262.00000 -133.1350
445290.00000 4368266.00000 -133.7595
445290.00000 4368270.00000 -134.1987
445290.00000 4368274.00000 N.C.
445290.00000 4368278.00000 -135.0948
445290.00000 4368282.00000 -137.9518
445290.00000 4368286.00000 -136.2393
445290.00000 4368290.00000 N.C.
445290.00000 4368294.00000 -134.9912
445290.00000 4368298.00000 -135.0326
445290.00000 4368302.00000 -132.7599
445290.00000 4368306.00000 -130.0372
445290.00000 4368310.00000 N.C.
445290.00000 4368314.00000 -125.1049
445290.00000 4368318.00000 -125.0142
445290.00000 4368322.00000 N.C.
445290.00000 4368326.00000 N.C.
445290.00000 4368330.00000 N.C.
445290.00000 4368334.00000 -136.3824
445290.00000 4368338.00000 -129.4626
445290.00000 4368342.00000 -129.2562
445290.00000 4368346.00000 N.C.
445290.00000 4368350.00000 -146.8778
445290.00000 4368354.00000 N.C.
445290.00000 4368358.00000 N.C.
445290.00000 4368362.00000 -151.3143
445290.00000 4368366.00000 N.C.
445290.00000 4368370.00000 N.C.
445290.00000 4368374.00000 N.C.
445290.00000 4368378.00000 N.C.
445290.00000 4368382.00000 -154.7883
445290.00000 4368386.00000 -141.6295
445290.00000 4368390.00000 -128.7482
445290.00000 4368394.00000 -125.9346
445294.00000 4367886.00000 -129.7595
445294.00000 4367890.00000 -129.4966
445294.00000 4367894.00000 -129.4756
445294.00000 4367898.00000 -129.1813
445294.00000 4367902.00000 -128.9446
445294.00000 4367906.00000 -128.9279
445294.00000 4367910.00000 -128.7329
445294.00000 4367914.00000 -128.0966
445294.00000 4367918.00000 -128.5614
445294.00000 4367922.00000 -128.3706
445294.00000 4367926.00000 -128.2467
445294.00000 4367930.00000 -128.0571
445294.00000 4367934.00000 -128.0206
445294.00000 4367938.00000 -127.6441
445294.00000 4367942.00000 -127.2331
445294.00000 4367946.00000 -126.9549
445294.00000 4367950.00000 -127.2603
445294.00000 4367954.00000 -127.0884
445294.00000 4367958.00000 -127.0293
445294.00000 4367962.00000 -126.9382
445294.00000 4367966.00000 -126.6695
445294.00000 4367970.00000 -126.5288
445294.00000 4367974.00000 -126.3140
445294.00000 4367978.00000 -126.0594
445294.00000 4367982.00000 -125.7408
445294.00000 4367986.00000 -125.9242
445294.00000 4367990.00000 -125.8475
445294.00000 4367994.00000 -125.6254
445294.00000 4367998.00000 -125.4216
445294.00000 4368002.00000 -125.2201
445294.00000 4368006.00000 -124.9405
445294.00000 4368010.00000 -124.6825
445294.00000 4368014.00000 -124.7084
445294.00000 4368018.00000 -124.4752
445294.00000 4368022.00000 -124.3300
445294.00000 4368026.00000 -124.1465
445294.00000 4368030.00000 -123.9258
445294.00000 4368034.00000 -123.7492
445294.00000 4368038.00000 -123.5571
445294.00000 4368042.00000 -123.0789
445294.00000 4368046.00000 -122.9928
445294.00000 4368050.00000 -122.8456
445294.00000 4368054.00000 -122.6361
445294.00000 4368058.00000 -121.6367
445294.00000 4368062.00000 -122.2158
445294.00000 4368066.00000 -121.4280
445294.00000 4368070.00000 -120.6026
445294.00000 4368074.00000 -134.4957
445294.00000 4368078.00000 -139.4046
445294.00000 4368082.00000 -137.9534
445294.00000 4368086.00000 -141.2365
445294.00000 4368090.00000 -141.1156
445294.00000 4368094.00000 -139.4780
445294.00000 4368098.00000 -141.0333
445294.00000 4368102.00000 -141.3635
445294.00000 4368106.00000 -140.0376
445294.00000 4368110.00000 -137.9576
445294.00000 4368114.00000 -142.0224
445294.00000 4368118.00000 -140.2606
445294.00000 4368122.00000 -142.4597
445294.00000 4368126.00000 -134.6208
445294.00000 4368130.00000 N.C.
445294.00000 4368134.00000 N.C.
445294.00000 4368138.00000 N.C.
445294.00000 4368142.00000 N.C.
445294.00000 4368146.00000 N.C.
445294.00000 4368150.00000 N.C.
445294.00000 4368154.00000 N.C.
445294.00000 4368158.00000 N.C.
445294.00000 4368162.00000 N.C.
445294.00000 4368166.00000 N.C.
445294.00000 4368170.00000 N.C.
445294.00000 4368174.00000 N.C.
445294.00000 4368178.00000 N.C.
445294.00000 4368182.00000 -133.4224
445294.00000 4368186.00000 N.C.
445294.00000 4368190.00000 N.C.
445294.00000 4368194.00000 -118.5598
445294.00000 4368198.00000 -120.9281
445294.00000 4368202.00000 -119.1757
445294.00000 4368206.00000 -115.6707
445294.00000 4368210.00000 -110.0143
445294.00000 4368214.00000 -109.8133
445294.00000 4368218.00000 -120.5738
445294.00000 4368222.00000 -120.2668
445294.00000 4368226.00000 -116.4560
445294.00000 4368230.00000 -123.4061
445294.00000 4368234.00000 -125.5379
445294.00000 4368238.00000 -126.5739
445294.00000 4368242.00000 -126.7093
445294.00000 4368246.00000 -130.9578
445294.00000 4368250.00000 -128.4578
445294.00000 4368254.00000 -130.3987
445294.00000 4368258.00000 -131.1844
445294.00000 4368262.00000 -130.0786
445294.00000 4368266.00000 -131.9162
445294.00000 4368270.00000 -119.7329
445294.00000 4368274.00000 -133.3768
445294.00000 4368278.00000 -138.5158
445294.00000 4368282.00000 N.C.
445294.00000 4368286.00000 -135.1640
445294.00000 4368290.00000 N.C.
445294.00000 4368294.00000 -132.0013
445294.00000 4368298.00000 -134.6282
445294.00000 4368302.00000 -133.3147
445294.00000 4368306.00000 -131.4238
445294.00000 4368310.00000 N.C.
445294.00000 4368314.00000 -125.2124
445294.00000 4368318.00000 -125.1415
445294.00000 4368322.00000 -139.1289
445294.00000 4368326.00000 N.C.
445294.00000 4368330.00000 N.C.
445294.00000 4368334.00000 -136.6538
445294.00000 4368338.00000 -134.4681
445294.00000 4368342.00000 -127.7574
445294.00000 4368346.00000 -128.6951
445294.00000 4368350.00000 -127.8316
445294.00000 4368354.00000 -142.0794
445294.00000 4368358.00000 N.C.
445294.00000 4368362.00000 N.C.
445294.00000 4368366.00000 N.C.
445294.00000 4368370.00000 N.C.
445294.00000 4368374.00000 N.C.
445294.00000 4368378.00000 N.C.
445294.00000 4368382.00000 N.C.
445294.00000 4368386.00000 -153.2089
445294.00000 4368390.00000 -132.0797
445294.00000 4368394.00000 -124.4630
445298.00000 4367886.00000 -129.6420
445298.00000 4367890.00000 -129.7045
445298.00000 4367894.00000 -129.6360
445298.00000 4367898.00000 -129.4422
445298.00000 4367902.00000 -129.0665
445298.00000 4367906.00000 -128.5746
445298.00000 4367910.00000 -128.3509
445298.00000 4367914.00000 -128.6378
445298.00000 4367918.00000 -128.1221
445298.00000 4367922.00000 -128.4743
445298.00000 4367926.00000 -128.2372
445298.00000 4367930.00000 -128.1392
445298.00000 4367934.00000 -127.6094
445298.00000 4367938.00000 -127.3851
445298.00000 4367942.00000 -127.5545
445298.00000 4367946.00000 -127.7409
445298.00000 4367950.00000 -127.3534
445298.00000 4367954.00000 -127.3115
445298.00000 4367958.00000 -127.2612
445298.00000 4367962.00000 -126.9063
445298.00000 4367966.00000 -126.8213
445298.00000 4367970.00000 -126.4824
445298.00000 4367974.00000 -126.0486
445298.00000 4367978.00000 -126.1235
445298.00000 4367982.00000 -125.9139
445298.00000 4367986.00000 -126.0926
445298.00000 4367990.00000 -125.9306
445298.00000 4367994.00000 -125.7379
445298.00000 4367998.00000 -125.4852
445298.00000 4368002.00000 -125.3911
445298.00000 4368006.00000 -125.0620
445298.00000 4368010.00000 -124.8969
445298.00000 4368014.00000 -124.8210
445298.00000 4368018.00000 -124.6952
445298.00000 4368022.00000 -124.4720
445298.00000 4368026.00000 -124.3482
445298.00000 4368030.00000 -124.1553
445298.00000 4368034.00000 -123.9633
445298.00000 4368038.00000 -123.7237
445298.00000 4368042.00000 -123.2693
445298.00000 4368046.00000 -123.2153
445298.00000 4368050.00000 -122.9588
445298.00000 4368054.00000 -122.6148
445298.00000 4368058.00000 -121.7630
445298.00000 4368062.00000 -122.4042
445298.00000 4368066.00000 -119.5976
445298.00000 4368070.00000 -122.0360
445298.00000 4368074.00000 -137.1387
445298.00000 4368078.00000 -137.6857
445298.00000 4368082.00000 -137.5131
445298.00000 4368086.00000 -140.8699
445298.00000 4368090.00000 -140.0061
445298.00000 4368094.00000 -139.7868
445298.00000 4368098.00000 -140.4899
445298.00000 4368102.00000 -142.1746
445298.00000 4368106.00000 -139.7652
445298.00000 4368110.00000 -137.6115
445298.00000 4368114.00000 -141.1934
445298.00000 4368118.00000 -142.3552
445298.00000 4368122.00000 -141.6227
445298.00000 4368126.00000 -133.6507
445298.00000 4368130.00000 N.C.
445298.00000 4368134.00000 N.C.
445298.00000 4368138.00000 N.C.
445298.00000 4368142.00000 N.C.
445298.00000 4368146.00000 N.C.
445298.00000 4368150.00000 N.C.
445298.00000 4368154.00000 N.C.
445298.00000 4368158.00000 N.C.
445298.00000 4368162.00000 N.C.
445298.00000 4368166.00000 N.C.
445298.00000 4368170.00000 N.C.
445298.00000 4368174.00000 N.C.
445298.00000 4368178.00000 N.C.
445298.00000 4368182.00000 -141.0029
445298.00000 4368186.00000 N.C.
445298.00000 4368190.00000 N.C.
445298.00000 4368194.00000 -120.6999
445298.00000 4368198.00000 -120.8128
445298.00000 4368202.00000 -119.6255
445298.00000 4368206.00000 -116.1721
445298.00000 4368210.00000 -110.3563
445298.00000 4368214.00000 -110.0241
445298.00000 4368218.00000 -118.5408
445298.00000 4368222.00000 -122.8604
445298.00000 4368226.00000 -121.5131
445298.00000 4368230.00000 -116.8255
445298.00000 4368234.00000 -125.0736
445298.00000 4368238.00000 -125.5943
445298.00000 4368242.00000 -126.0400
445298.00000 4368246.00000 -130.3010
445298.00000 4368250.00000 -128.9124
445298.00000 4368254.00000 -126.4080
445298.00000 4368258.00000 -130.8339
445298.00000 4368262.00000 N.C.
445298.00000 4368266.00000 -140.0030
445298.00000 4368270.00000 -130.7818
445298.00000 4368274.00000 -128.1245
445298.00000 4368278.00000 -128.2863
445298.00000 4368282.00000 -146.6595
445298.00000 4368286.00000 -149.0629
445298.00000 4368290.00000 -134.0911
445298.00000 4368294.00000 -132.6329
445298.00000 4368298.00000 -130.7035
445298.00000 4368302.00000 -132.2876
445298.00000 4368306.00000 N.C.
445298.00000 4368310.00000 N.C.
445298.00000 4368314.00000 -125.3674
445298.00000 4368318.00000 -140.1204
445298.00000 4368322.00000 -138.9413
445298.00000 4368326.00000 N.C.
445298.00000 4368330.00000 N.C.
445298.00000 4368334.00000 -134.9384
445298.00000 4368338.00000 -134.4090
445298.00000 4368342.00000 -134.1733
445298.00000 4368346.00000 N.C.
445298.00000 4368350.00000 N.C.
445298.00000 4368354.00000 N.C.
445298.00000 4368358.00000 -127.2523
445298.00000 4368362.00000 -140.0240
445298.00000 4368366.00000 -139.2330
445298.00000 4368370.00000 -134.8593
445298.00000 4368374.00000 N.C.
445298.00000 4368378.00000 N.C.
445298.00000 4368382.00000 N.C.
445298.00000 4368386.00000 -152.3259
445298.00000 4368390.00000 -132.2396
445298.00000 4368394.00000 -121.5404
445302.00000 4367886.00000 -129.6607
445302.00000 4367890.00000 -129.6559
445302.00000 4367894.00000 -129.5253
445302.00000 4367898.00000 -129.3786
445302.00000 4367902.00000 -128.7655
445302.00000 4367906.00000 -129.0509
445302.00000 4367910.00000 -128.9664
445302.00000 4367914.00000 -128.6181
445302.00000 4367918.00000 -128.5206
445302.00000 4367922.00000 -128.2648
445302.00000 4367926.00000 -128.0236
445302.00000 4367930.00000 -127.8546
445302.00000 4367934.00000 -127.6824
445302.00000 4367938.00000 -127.7090
445302.00000 4367942.00000 -127.6786
445302.00000 4367946.00000 -127.4614
445302.00000 4367950.00000 -127.6179
445302.00000 4367954.00000 -127.2822
445302.00000 4367958.00000 -127.2082
445302.00000 4367962.00000 -126.9569
445302.00000 4367966.00000 -126.8011
445302.00000 4367970.00000 -126.5020
445302.00000 4367974.00000 -126.5961
445302.00000 4367978.00000 -126.3039
445302.00000 4367982.00000 -126.2359
445302.00000 4367986.00000 -126.2342
445302.00000 4367990.00000 -126.0918
445302.00000 4367994.00000 -125.8920
445302.00000 4367998.00000 -125.6139
445302.00000 4368002.00000 -125.4924
445302.00000 4368006.00000 -125.0927
445302.00000 4368010.00000 -125.2245
445302.00000 4368014.00000 -125.1022
445302.00000 4368018.00000 -124.8897
445302.00000 4368022.00000 -124.7046
445302.00000 4368026.00000 -124.5260
445302.00000 4368030.00000 -124.3552
445302.00000 4368034.00000 -124.1154
445302.00000 4368038.00000 -123.9336
445302.00000 4368042.00000 -123.4765
445302.00000 4368046.00000 -123.3840
445302.00000 4368050.00000 -123.1964
445302.00000 4368054.00000 -122.9753
445302.00000 4368058.00000 -122.0083
445302.00000 4368062.00000 -122.6026
445302.00000 4368066.00000 -120.3185
445302.00000 4368070.00000 -135.3216
445302.00000 4368074.00000 -136.6201
445302.00000 4368078.00000 -137.9889
445302.00000 4368082.00000 -139.9059
445302.00000 4368086.00000 -141.5641
445302.00000 4368090.00000 -139.6857
445302.00000 4368094.00000 -140.2514
445302.00000 4368098.00000 -140.3871
445302.00000 4368102.00000 -141.0263
445302.00000 4368106.00000 -142.4206
445302.00000 4368110.00000 -139.1369
445302.00000 4368114.00000 -139.9551
445302.00000 4368118.00000 -142.6854
445302.00000 4368122.00000 -141.0542
445302.00000 4368126.00000 -134.3479
445302.00000 4368130.00000 N.C.
445302.00000 4368134.00000 N.C.
445302.00000 4368138.00000 N.C.
445302.00000 4368142.00000 N.C.
445302.00000 4368146.00000 N.C.
445302.00000 4368150.00000 N.C.
445302.00000 4368154.00000 N.C.
445302.00000 4368158.00000 N.C.
445302.00000 4368162.00000 N.C.
445302.00000 4368166.00000 N.C.
445302.00000 4368170.00000 N.C.
445302.00000 4368174.00000 N.C.
445302.00000 4368178.00000 -133.5346
445302.00000 4368182.00000 -139.4800
445302.00000 4368186.00000 N.C.
445302.00000 4368190.00000 N.C.
445302.00000 4368194.00000 -122.7416
445302.00000 4368198.00000 -120.4380
445302.00000 4368202.00000 -120.4508
445302.00000 4368206.00000 -116.5114
445302.00000 4368210.00000 -110.6437
445302.00000 4368214.00000 -105.1701
445302.00000 4368218.00000 -113.8627
445302.00000 4368222.00000 -123.0979
445302.00000 4368226.00000 -120.8323
445302.00000 4368230.00000 -119.9507
445302.00000 4368234.00000 -117.6256
445302.00000 4368238.00000 -124.9194
445302.00000 4368242.00000 -125.0827
445302.00000 4368246.00000 -130.8835
445302.00000 4368250.00000 N.C.
445302.00000 4368254.00000 N.C.
445302.00000 4368258.00000 -136.4891
445302.00000 4368262.00000 N.C.
445302.00000 4368266.00000 N.C.
445302.00000 4368270.00000 N.C.
445302.00000 4368274.00000 -130.6279
445302.00000 4368278.00000 -127.9151
445302.00000 4368282.00000 N.C.
445302.00000 4368286.00000 -127.1192
445302.00000 4368290.00000 -127.5416
445302.00000 4368294.00000 -136.0928
445302.00000 4368298.00000 -131.5836
445302.00000 4368302.00000 -130.1575
445302.00000 4368306.00000 N.C.
445302.00000 4368310.00000 N.C.
445302.00000 4368314.00000 -125.4352
445302.00000 4368318.00000 -138.1353
445302.00000 4368322.00000 -125.2448
445302.00000 4368326.00000 -136.7136
445302.00000 4368330.00000 -135.7700
445302.00000 4368334.00000 -134.6976
445302.00000 4368338.00000 -134.6157
445302.00000 4368342.00000 -133.9631
445302.00000 4368346.00000 N.C.
445302.00000 4368350.00000 N.C.
445302.00000 4368354.00000 N.C.
445302.00000 4368358.00000 N.C.
445302.00000 4368362.00000 N.C.
445302.00000 4368366.00000 N.C.
445302.00000 4368370.00000 N.C.
445302.00000 4368374.00000 N.C.
445302.00000 4368378.00000 N.C.
445302.00000 4368382.00000 -148.9418
445302.00000 4368386.00000 -153.6856
445302.00000 4368390.00000 -135.9369
445302.00000 4368394.00000 -123.6304
445306.00000 4367886.00000 -129.7394
445306.00000 4367890.00000 -129.8375
445306.00000 4367894.00000 -129.5310
445306.00000 4367898.00000 -129.5430
445306.00000 4367902.00000 -129.0933
445306.00000 4367906.00000 -128.5901
445306.00000 4367910.00000 -128.9285
445306.00000 4367914.00000 -128.8815
445306.00000 4367918.00000 -128.7150
445306.00000 4367922.00000 -128.1776
445306.00000 4367926.00000 -128.0616
445306.00000 4367930.00000 -128.1058
445306.00000 4367934.00000 -127.9550
445306.00000 4367938.00000 -127.8062
445306.00000 4367942.00000 -127.8320
445306.00000 4367946.00000 -127.5275
445306.00000 4367950.00000 -127.4107
445306.00000 4367954.00000 -127.3301
445306.00000 4367958.00000 -127.2510
445306.00000 4367962.00000 -127.0399
445306.00000 4367966.00000 -126.8760
445306.00000 4367970.00000 -126.6957
445306.00000 4367974.00000 -126.7665
445306.00000 4367978.00000 -126.4765
445306.00000 4367982.00000 -126.4710
445306.00000 4367986.00000 -126.3688
445306.00000 4367990.00000 -126.2712
445306.00000 4367994.00000 -126.0726
445306.00000 4367998.00000 -125.7094
445306.00000 4368002.00000 -125.5900
445306.00000 4368006.00000 -125.2977
445306.00000 4368010.00000 -125.3513
445306.00000 4368014.00000 -125.2702
445306.00000 4368018.00000 -125.0810
445306.00000 4368022.00000 -124.9000
445306.00000 4368026.00000 -124.7292
445306.00000 4368030.00000 -124.5414
445306.00000 4368034.00000 -124.3004
445306.00000 4368038.00000 -123.8800
445306.00000 4368042.00000 -123.8475
445306.00000 4368046.00000 -123.6642
445306.00000 4368050.00000 -123.4294
445306.00000 4368054.00000 -122.9545
445306.00000 4368058.00000 -122.1930
445306.00000 4368062.00000 -122.3610
445306.00000 4368066.00000 -121.2898
445306.00000 4368070.00000 -135.5547
445306.00000 4368074.00000 -137.3039
445306.00000 4368078.00000 -137.1369
445306.00000 4368082.00000 -141.0398
445306.00000 4368086.00000 -139.9610
445306.00000 4368090.00000 -140.9262
445306.00000 4368094.00000 -140.4490
445306.00000 4368098.00000 -139.5825
445306.00000 4368102.00000 -140.1892
445306.00000 4368106.00000 -142.1403
445306.00000 4368110.00000 -139.0254
445306.00000 4368114.00000 -139.9505
445306.00000 4368118.00000 N.C.
445306.00000 4368122.00000 -134.8943
445306.00000 4368126.00000 -129.8719
445306.00000 4368130.00000 N.C.
445306.00000 4368134.00000 N.C.
445306.00000 4368138.00000 N.C.
445306.00000 4368142.00000 N.C.
445306.00000 4368146.00000 N.C.
445306.00000 4368150.00000 N.C.
445306.00000 4368154.00000 N.C.
445306.00000 4368158.00000 N.C.
445306.00000 4368162.00000 N.C.
445306.00000 4368166.00000 N.C.
445306.00000 4368170.00000 N.C.
445306.00000 4368174.00000 N.C.
445306.00000 4368178.00000 -132.5401
445306.00000 4368182.00000 -137.4055
445306.00000 4368186.00000 N.C.
445306.00000 4368190.00000 -121.5534
445306.00000 4368194.00000 -122.9794
445306.00000 4368198.00000 -118.3924
445306.00000 4368202.00000 -120.6627
445306.00000 4368206.00000 -118.7153
445306.00000 4368210.00000 -111.0448
445306.00000 4368214.00000 -100.6147
445306.00000 4368218.00000 -113.7571
445306.00000 4368222.00000 -120.6154
445306.00000 4368226.00000 -120.8792
445306.00000 4368230.00000 -120.6219
445306.00000 4368234.00000 -116.7576
445306.00000 4368238.00000 -122.5442
445306.00000 4368242.00000 -123.5799
445306.00000 4368246.00000 -127.5969
445306.00000 4368250.00000 N.C.
445306.00000 4368254.00000 N.C.
445306.00000 4368258.00000 N.C.
445306.00000 4368262.00000 N.C.
445306.00000 4368266.00000 -144.7270
445306.00000 4368270.00000 N.C.
445306.00000 4368274.00000 N.C.
445306.00000 4368278.00000 N.C.
445306.00000 4368282.00000 -145.7870
445306.00000 4368286.00000 -129.9893
445306.00000 4368290.00000 -128.4106
445306.00000 4368294.00000 -127.3931
445306.00000 4368298.00000 -128.7715
445306.00000 4368302.00000 -131.7012
445306.00000 4368306.00000 N.C.
445306.00000 4368310.00000 -125.7572
445306.00000 4368314.00000 -125.4627
445306.00000 4368318.00000 -125.4492
445306.00000 4368322.00000 -139.6517
445306.00000 4368326.00000 -138.7055
445306.00000 4368330.00000 -135.2137
445306.00000 4368334.00000 -135.0362
445306.00000 4368338.00000 -134.4793
445306.00000 4368342.00000 -134.0787
445306.00000 4368346.00000 N.C.
445306.00000 4368350.00000 N.C.
445306.00000 4368354.00000 N.C.
445306.00000 4368358.00000 N.C.
445306.00000 4368362.00000 N.C.
445306.00000 4368366.00000 N.C.
445306.00000 4368370.00000 N.C.
445306.00000 4368374.00000 N.C.
445306.00000 4368378.00000 N.C.
445306.00000 4368382.00000 N.C.
445306.00000 4368386.00000 -152.6916
445306.00000 4368390.00000 -136.1934
445306.00000 4368394.00000 -124.1444
445310.00000 4367886.00000 -130.0126
445310.00000 4367890.00000 -129.8471
445310.00000 4367894.00000 -129.2955
445310.00000 4367898.00000 -129.4028
445310.00000 4367902.00000 -129.0914
445310.00000 4367906.00000 -129.1435
445310.00000 4367910.00000 -128.9006
445310.00000 4367914.00000 -128.7048
445310.00000 4367918.00000 -128.5222
445310.00000 4367922.00000 -128.3076
445310.00000 4367926.00000 -128.0161
445310.00000 4367930.00000 -127.7836
445310.00000 4367934.00000 -128.0151
445310.00000 4367938.00000 -127.7091
445310.00000 4367942.00000 -127.9100
445310.00000 4367946.00000 -127.7803
445310.00000 4367950.00000 -127.6819
445310.00000 4367954.00000 -127.6422
445310.00000 4367958.00000 -127.3850
445310.00000 4367962.00000 -127.3612
445310.00000 4367966.00000 -127.1763
445310.00000 4367970.00000 -126.8626
445310.00000 4367974.00000 -126.8293
445310.00000 4367978.00000 -126.7134
445310.00000 4367982.00000 -126.6604
445310.00000 4367986.00000 -126.5913
445310.00000 4367990.00000 -126.3211
445310.00000 4367994.00000 -126.2652
445310.00000 4367998.00000 -125.8754
445310.00000 4368002.00000 -125.6423
445310.00000 4368006.00000 -125.7251
445310.00000 4368010.00000 -125.5721
445310.00000 4368014.00000 -125.4452
445310.00000 4368018.00000 -125.2430
445310.00000 4368022.00000 -125.0575
445310.00000 4368026.00000 -124.9046
445310.00000 4368030.00000 -124.6891
445310.00000 4368034.00000 -124.5057
445310.00000 4368038.00000 -124.0350
445310.00000 4368042.00000 -124.0148
445310.00000 4368046.00000 -123.8805
445310.00000 4368050.00000 -123.4856
445310.00000 4368054.00000 -123.3589
445310.00000 4368058.00000 -121.3057
445310.00000 4368062.00000 -123.0895
445310.00000 4368066.00000 -134.4154
445310.00000 4368070.00000 -134.1178
445310.00000 4368074.00000 -137.7446
445310.00000 4368078.00000 -138.4694
445310.00000 4368082.00000 -139.1080
445310.00000 4368086.00000 -140.1639
445310.00000 4368090.00000 -139.7387
445310.00000 4368094.00000 -138.9847
445310.00000 4368098.00000 -139.3118
445310.00000 4368102.00000 -139.6563
445310.00000 4368106.00000 -143.0134
445310.00000 4368110.00000 -138.8815
445310.00000 4368114.00000 -140.6136
445310.00000 4368118.00000 -148.7655
445310.00000 4368122.00000 -133.5539
445310.00000 4368126.00000 -127.3983
445310.00000 4368130.00000 N.C.
445310.00000 4368134.00000 N.C.
445310.00000 4368138.00000 N.C.
445310.00000 4368142.00000 N.C.
445310.00000 4368146.00000 N.C.
445310.00000 4368150.00000 N.C.
445310.00000 4368154.00000 N.C.
445310.00000 4368158.00000 N.C.
445310.00000 4368162.00000 N.C.
445310.00000 4368166.00000 N.C.
445310.00000 4368170.00000 N.C.
445310.00000 4368174.00000 N.C.
445310.00000 4368178.00000 -131.9901
445310.00000 4368182.00000 -137.4625
445310.00000 4368186.00000 N.C.
445310.00000 4368190.00000 -123.8498
445310.00000 4368194.00000 -123.0429
445310.00000 4368198.00000 -121.7530
445310.00000 4368202.00000 -120.8039
445310.00000 4368206.00000 -119.0499
445310.00000 4368210.00000 -111.4410
445310.00000 4368214.00000 -99.9496
445310.00000 4368218.00000 -112.1209
445310.00000 4368222.00000 -119.5904
445310.00000 4368226.00000 -122.9521
445310.00000 4368230.00000 -120.3421
445310.00000 4368234.00000 -122.1569
445310.00000 4368238.00000 -116.5534
445310.00000 4368242.00000 -122.1431
445310.00000 4368246.00000 -127.2492
445310.00000 4368250.00000 N.C.
445310.00000 4368254.00000 N.C.
445310.00000 4368258.00000 N.C.
445310.00000 4368262.00000 N.C.
445310.00000 4368266.00000 -138.6950
445310.00000 4368270.00000 N.C.
445310.00000 4368274.00000 N.C.
445310.00000 4368278.00000 N.C.
445310.00000 4368282.00000 -143.8719
445310.00000 4368286.00000 -139.5552
445310.00000 4368290.00000 -129.8674
445310.00000 4368294.00000 -129.4493
445310.00000 4368298.00000 -125.0713
445310.00000 4368302.00000 N.C.
445310.00000 4368306.00000 N.C.
445310.00000 4368310.00000 N.C.
445310.00000 4368314.00000 -124.9476
445310.00000 4368318.00000 -125.2111
445310.00000 4368322.00000 N.C.
445310.00000 4368326.00000 -138.9213
445310.00000 4368330.00000 -135.7333
445310.00000 4368334.00000 -133.0494
445310.00000 4368338.00000 -131.9623
445310.00000 4368342.00000 -132.1816
445310.00000 4368346.00000 -133.7767
445310.00000 4368350.00000 -138.8260
445310.00000 4368354.00000 N.C.
445310.00000 4368358.00000 N.C.
445310.00000 4368362.00000 N.C.
445310.00000 4368366.00000 -167.2367
445310.00000 4368370.00000 N.C.
445310.00000 4368374.00000 N.C.
445310.00000 4368378.00000 -159.1655
445310.00000 4368382.00000 N.C.
445310.00000 4368386.00000 -152.8075
445310.00000 4368390.00000 -144.9746
445310.00000 4368394.00000 -135.8070
445314.00000 4367886.00000 -129.3072
445314.00000 4367890.00000 -129.6680
445314.00000 4367894.00000 -129.1328
445314.00000 4367898.00000 -129.6253
445314.00000 4367902.00000 -129.3027
445314.00000 4367906.00000 -129.1451
445314.00000 4367910.00000 -128.7411
445314.00000 4367914.00000 -128.7204
445314.00000 4367918.00000 -128.3610
445314.00000 4367922.00000 -128.2971
445314.00000 4367926.00000 -128.1178
445314.00000 4367930.00000 -127.8644
445314.00000 4367934.00000 -128.3501
445314.00000 4367938.00000 -128.3340
445314.00000 4367942.00000 -128.2239
445314.00000 4367946.00000 -128.1070
445314.00000 4367950.00000 -128.0000
445314.00000 4367954.00000 -127.6614
445314.00000 4367958.00000 -127.6064
445314.00000 4367962.00000 -127.5305
445314.00000 4367966.00000 -127.0956
445314.00000 4367970.00000 -127.0333
445314.00000 4367974.00000 -127.0356
445314.00000 4367978.00000 -127.0465
445314.00000 4367982.00000 -126.8571
445314.00000 4367986.00000 -126.6252
445314.00000 4367990.00000 -126.4957
445314.00000 4367994.00000 -126.2448
445314.00000 4367998.00000 -126.0397
445314.00000 4368002.00000 -126.0091
445314.00000 4368006.00000 -125.8559
445314.00000 4368010.00000 -125.7769
445314.00000 4368014.00000 -125.5865
445314.00000 4368018.00000 -125.4267
445314.00000 4368022.00000 -125.2681
445314.00000 4368026.00000 -125.0459
445314.00000 4368030.00000 -124.8284
445314.00000 4368034.00000 -124.6263
445314.00000 4368038.00000 -124.1975
445314.00000 4368042.00000 -124.1865
445314.00000 4368046.00000 -123.8519
445314.00000 4368050.00000 -123.7060
445314.00000 4368054.00000 -123.2645
445314.00000 4368058.00000 -122.4333
445314.00000 4368062.00000 -122.9667
445314.00000 4368066.00000 -129.6966
445314.00000 4368070.00000 -134.6691
445314.00000 4368074.00000 -138.0222
445314.00000 4368078.00000 -140.3822
445314.00000 4368082.00000 -138.3022
445314.00000 4368086.00000 -139.9083
445314.00000 4368090.00000 -141.5699
445314.00000 4368094.00000 -139.0304
445314.00000 4368098.00000 -139.2588
445314.00000 4368102.00000 -138.8999
445314.00000 4368106.00000 -139.9899
445314.00000 4368110.00000 -140.1557
445314.00000 4368114.00000 -133.5613
445314.00000 4368118.00000 -139.1601
445314.00000 4368122.00000 -130.7111
445314.00000 4368126.00000 -129.0863
445314.00000 4368130.00000 -149.8156
445314.00000 4368134.00000 -151.7146
445314.00000 4368138.00000 -151.6632
445314.00000 4368142.00000 -152.4254
445314.00000 4368146.00000 -152.3809
445314.00000 4368150.00000 -153.9329
445314.00000 4368154.00000 -149.8774
445314.00000 4368158.00000 N.C.
445314.00000 4368162.00000 N.C.
445314.00000 4368166.00000 N.C.
445314.00000 4368170.00000 N.C.
445314.00000 4368174.00000 N.C.
445314.00000 4368178.00000 -139.4953
445314.00000 4368182.00000 -141.4622
445314.00000 4368186.00000 N.C.
445314.00000 4368190.00000 -122.1498
445314.00000 4368194.00000 -120.8650
445314.00000 4368198.00000 -121.8958
445314.00000 4368202.00000 -120.8962
445314.00000 4368206.00000 -119.3509
445314.00000 4368210.00000 -111.7331
445314.00000 4368214.00000 -100.2132
445314.00000 4368218.00000 -110.7382
445314.00000 4368222.00000 -117.4783
445314.00000 4368226.00000 -120.1516
445314.00000 4368230.00000 -120.0473
445314.00000 4368234.00000 -122.5130
445314.00000 4368238.00000 -122.0776
445314.00000 4368242.00000 -117.1121
445314.00000 4368246.00000 -123.0569
445314.00000 4368250.00000 -138.9375
445314.00000 4368254.00000 -119.3555
445314.00000 4368258.00000 -138.0427
445314.00000 4368262.00000 -138.4124
445314.00000 4368266.00000 -137.6487
445314.00000 4368270.00000 -144.1061
445314.00000 4368274.00000 N.C.
445314.00000 4368278.00000 N.C.
445314.00000 4368282.00000 N.C.
445314.00000 4368286.00000 -138.0893
445314.00000 4368290.00000 -137.8374
445314.00000 4368294.00000 -133.3900
445314.00000 4368298.00000 N.C.
445314.00000 4368302.00000 N.C.
445314.00000 4368306.00000 -159.5250
445314.00000 4368310.00000 -142.1535
445314.00000 4368314.00000 N.C.
445314.00000 4368318.00000 -145.1986
445314.00000 4368322.00000 -128.8695
445314.00000 4368326.00000 -129.8539
445314.00000 4368330.00000 -135.4427
445314.00000 4368334.00000 -134.8389
445314.00000 4368338.00000 -130.6752
445314.00000 4368342.00000 -130.5044
445314.00000 4368346.00000 -133.3176
445314.00000 4368350.00000 -134.0319
445314.00000 4368354.00000 -139.2344
445314.00000 4368358.00000 -137.8888
445314.00000 4368362.00000 -137.9612
445314.00000 4368366.00000 -160.0475
445314.00000 4368370.00000 N.C.
445314.00000 4368374.00000 N.C.
445314.00000 4368378.00000 N.C.
445314.00000 4368382.00000 N.C.
445314.00000 4368386.00000 -155.2487
445314.00000 4368390.00000 -149.7003
445314.00000 4368394.00000 -145.0530
445318.00000 4367886.00000 -129.6399
445318.00000 4367890.00000 -129.9492
445318.00000 4367894.00000 -129.7135
445318.00000 4367898.00000 -129.2880
445318.00000 4367902.00000 -129.1011
445318.00000 4367906.00000 -129.0702
445318.00000 4367910.00000 -128.5317
445318.00000 4367914.00000 -128.1872
445318.00000 4367918.00000 -128.4736
445318.00000 4367922.00000 -128.2298
445318.00000 4367926.00000 -128.3781
445318.00000 4367930.00000 -128.4991
445318.00000 4367934.00000 -128.6865
445318.00000 4367938.00000 -128.5557
445318.00000 4367942.00000 -128.3753
445318.00000 4367946.00000 -128.2088
445318.00000 4367950.00000 -128.1071
445318.00000 4367954.00000 -127.6927
445318.00000 4367958.00000 -127.6476
445318.00000 4367962.00000 -127.5226
445318.00000 4367966.00000 -127.1643
445318.00000 4367970.00000 -127.2702
445318.00000 4367974.00000 -127.0539
445318.00000 4367978.00000 -127.1966
445318.00000 4367982.00000 -126.9363
445318.00000 4367986.00000 -126.7257
445318.00000 4367990.00000 -126.7130
445318.00000 4367994.00000 -126.3475
445318.00000 4367998.00000 -125.9480
445318.00000 4368002.00000 -126.1933
445318.00000 4368006.00000 -125.9938
445318.00000 4368010.00000 -125.9070
445318.00000 4368014.00000 -125.7252
445318.00000 4368018.00000 -125.6179
445318.00000 4368022.00000 -125.4346
445318.00000 4368026.00000 -125.2182
445318.00000 4368030.00000 -125.0029
445318.00000 4368034.00000 -124.7919
445318.00000 4368038.00000 -124.3551
445318.00000 4368042.00000 -124.2318
445318.00000 4368046.00000 -124.0191
445318.00000 4368050.00000 -123.6982
445318.00000 4368054.00000 -122.9217
445318.00000 4368058.00000 -122.8305
445318.00000 4368062.00000 -127.0379
445318.00000 4368066.00000 -130.0767
445318.00000 4368070.00000 -134.7362
445318.00000 4368074.00000 -137.6207
445318.00000 4368078.00000 -137.8026
445318.00000 4368082.00000 -140.0233
445318.00000 4368086.00000 -137.8367
445318.00000 4368090.00000 -139.1213
445318.00000 4368094.00000 -138.8040
445318.00000 4368098.00000 -138.5608
445318.00000 4368102.00000 -139.2548
445318.00000 4368106.00000 -139.4439
445318.00000 4368110.00000 -140.1106
445318.00000 4368114.00000 -133.7997
445318.00000 4368118.00000 -138.4915
445318.00000 4368122.00000 -127.8842
445318.00000 4368126.00000 -129.5066
445318.00000 4368130.00000 -148.6667
445318.00000 4368134.00000 -149.9142
445318.00000 4368138.00000 -150.7686
445318.00000 4368142.00000 -150.6534
445318.00000 4368146.00000 -150.4601
445318.00000 4368150.00000 -151.9676
445318.00000 4368154.00000 -152.6262
445318.00000 4368158.00000 -153.2540
445318.00000 4368162.00000 -154.4744
445318.00000 4368166.00000 -155.5628
445318.00000 4368170.00000 -156.7699
445318.00000 4368174.00000 -154.3047
445318.00000 4368178.00000 -139.5309
445318.00000 4368182.00000 -140.7484
445318.00000 4368186.00000 N.C.
445318.00000 4368190.00000 -126.0741
445318.00000 4368194.00000 -119.0660
445318.00000 4368198.00000 -120.6649
445318.00000 4368202.00000 -121.0788
445318.00000 4368206.00000 -119.5347
445318.00000 4368210.00000 -113.7204
445318.00000 4368214.00000 -100.4660
445318.00000 4368218.00000 -111.5982
445318.00000 4368222.00000 -114.8336
445318.00000 4368226.00000 -120.2402
445318.00000 4368230.00000 -121.7171
445318.00000 4368234.00000 -121.7150
445318.00000 4368238.00000 -122.2757
445318.00000 4368242.00000 -121.7633
445318.00000 4368246.00000 -122.8091
445318.00000 4368250.00000 -121.2532
445318.00000 4368254.00000 N.C.
445318.00000 4368258.00000 -142.9118
445318.00000 4368262.00000 N.C.
445318.00000 4368266.00000 -135.0023
445318.00000 4368270.00000 N.C.
445318.00000 4368274.00000 N.C.
445318.00000 4368278.00000 N.C.
445318.00000 4368282.00000 N.C.
445318.00000 4368286.00000 -137.5105
445318.00000 4368290.00000 -135.6841
445318.00000 4368294.00000 -134.9643
445318.00000 4368298.00000 -140.4667
445318.00000 4368302.00000 N.C.
445318.00000 4368306.00000 N.C.
445318.00000 4368310.00000 N.C.
445318.00000 4368314.00000 N.C.
445318.00000 4368318.00000 N.C.
445318.00000 4368322.00000 N.C.
445318.00000 4368326.00000 -127.9435
445318.00000 4368330.00000 -128.3872
445318.00000 4368334.00000 -134.0088
445318.00000 4368338.00000 -132.4748
445318.00000 4368342.00000 -130.8897
445318.00000 4368346.00000 -131.4622
445318.00000 4368350.00000 -134.6465
445318.00000 4368354.00000 -133.3873
445318.00000 4368358.00000 -132.4579
445318.00000 4368362.00000 -132.5096
445318.00000 4368366.00000 N.C.
445318.00000 4368370.00000 -146.2126
445318.00000 4368374.00000 -183.0650
445318.00000 4368378.00000 N.C.
445318.00000 4368382.00000 -157.8584
445318.00000 4368386.00000 -156.3999
445318.00000 4368390.00000 -149.3624
445318.00000 4368394.00000 -139.2350
445322.00000 4367886.00000 -130.1083
445322.00000 4367890.00000 -129.7320
445322.00000 4367894.00000 -129.4357
445322.00000 4367898.00000 -129.2897
445322.00000 4367902.00000 -128.9259
445322.00000 4367906.00000 -128.9615
445322.00000 4367910.00000 -129.2081
445322.00000 4367914.00000 -128.8816
445322.00000 4367918.00000 -128.7393
445322.00000 4367922.00000 -128.7383
445322.00000 4367926.00000 -128.7953
445322.00000 4367930.00000 -128.9164
445322.00000 4367934.00000 -128.8075
445322.00000 4367938.00000 -128.4826
445322.00000 4367942.00000 -128.3055
445322.00000 4367946.00000 -128.2717
445322.00000 4367950.00000 -128.1359
445322.00000 4367954.00000 -127.8265
445322.00000 4367958.00000 -127.7151
445322.00000 4367962.00000 -127.5467
445322.00000 4367966.00000 -127.5637
445322.00000 4367970.00000 -127.2553
445322.00000 4367974.00000 -127.2646
445322.00000 4367978.00000 -127.1520
445322.00000 4367982.00000 -126.9777
445322.00000 4367986.00000 -126.9183
445322.00000 4367990.00000 -126.5206
445322.00000 4367994.00000 -126.4817
445322.00000 4367998.00000 -126.4091
445322.00000 4368002.00000 -126.3142
445322.00000 4368006.00000 -126.2162
445322.00000 4368010.00000 -126.0546
445322.00000 4368014.00000 -125.9138
445322.00000 4368018.00000 -125.7796
445322.00000 4368022.00000 -125.5885
445322.00000 4368026.00000 -125.4208
445322.00000 4368030.00000 -125.2419
445322.00000 4368034.00000 -124.9978
445322.00000 4368038.00000 -124.5433
445322.00000 4368042.00000 -124.4145
445322.00000 4368046.00000 -124.2221
445322.00000 4368050.00000 -122.8061
445322.00000 4368054.00000 -123.3891
445322.00000 4368058.00000 -123.2343
445322.00000 4368062.00000 -132.3222
445322.00000 4368066.00000 -129.9924
445322.00000 4368070.00000 -134.7028
445322.00000 4368074.00000 -138.5352
445322.00000 4368078.00000 -137.1547
445322.00000 4368082.00000 -140.6572
445322.00000 4368086.00000 -138.7661
445322.00000 4368090.00000 -137.6790
445322.00000 4368094.00000 -138.7986
445322.00000 4368098.00000 -139.4660
445322.00000 4368102.00000 -138.2254
445322.00000 4368106.00000 -139.7157
445322.00000 4368110.00000 -139.8865
445322.00000 4368114.00000 -133.8246
445322.00000 4368118.00000 -137.2029
445322.00000 4368122.00000 -126.4465
445322.00000 4368126.00000 -129.9313
445322.00000 4368130.00000 -148.0714
445322.00000 4368134.00000 -149.8756
445322.00000 4368138.00000 -149.6216
445322.00000 4368142.00000 -149.5321
445322.00000 4368146.00000 -150.6186
445322.00000 4368150.00000 -150.9943
445322.00000 4368154.00000 -151.4736
445322.00000 4368158.00000 -151.8239
445322.00000 4368162.00000 -151.8647
445322.00000 4368166.00000 -149.4141
445322.00000 4368170.00000 -149.3066
445322.00000 4368174.00000 -132.6464
445322.00000 4368178.00000 -138.7766
445322.00000 4368182.00000 -140.5654
445322.00000 4368186.00000 N.C.
445322.00000 4368190.00000 -127.0482
445322.00000 4368194.00000 -121.1559
445322.00000 4368198.00000 -124.0374
445322.00000 4368202.00000 -119.9697
445322.00000 4368206.00000 -119.2662
445322.00000 4368210.00000 -114.0093
445322.00000 4368214.00000 -104.0335
445322.00000 4368218.00000 -111.8399
445322.00000 4368222.00000 -115.2980
445322.00000 4368226.00000 -118.5066
445322.00000 4368230.00000 -120.5054
445322.00000 4368234.00000 -119.0327
445322.00000 4368238.00000 -121.7037
445322.00000 4368242.00000 -122.0058
445322.00000 4368246.00000 -123.0456
445322.00000 4368250.00000 N.C.
445322.00000 4368254.00000 -131.6102
445322.00000 4368258.00000 N.C.
445322.00000 4368262.00000 N.C.
445322.00000 4368266.00000 N.C.
445322.00000 4368270.00000 -146.0530
445322.00000 4368274.00000 N.C.
445322.00000 4368278.00000 N.C.
445322.00000 4368282.00000 -139.5284
445322.00000 4368286.00000 -137.3508
445322.00000 4368290.00000 -136.5043
445322.00000 4368294.00000 N.C.
445322.00000 4368298.00000 -166.9882
445322.00000 4368302.00000 -144.5289
445322.00000 4368306.00000 -127.8634
445322.00000 4368310.00000 -129.2821
445322.00000 4368314.00000 N.C.
445322.00000 4368318.00000 N.C.
445322.00000 4368322.00000 -148.1969
445322.00000 4368326.00000 -143.8913
445322.00000 4368330.00000 -127.7600
445322.00000 4368334.00000 -126.7115
445322.00000 4368338.00000 -132.8078
445322.00000 4368342.00000 -131.6649
445322.00000 4368346.00000 -130.6462
445322.00000 4368350.00000 -131.9281
445322.00000 4368354.00000 -134.7370
445322.00000 4368358.00000 -133.1594
445322.00000 4368362.00000 -133.4932
445322.00000 4368366.00000 -133.0727
445322.00000 4368370.00000 -132.6002
445322.00000 4368374.00000 N.C.
445322.00000 4368378.00000 N.C.
445322.00000 4368382.00000 -162.8795
445322.00000 4368386.00000 -137.4272
445322.00000 4368390.00000 -134.8408
445322.00000 4368394.00000 -148.6643
445326.00000 4367886.00000 -129.7142
445326.00000 4367890.00000 -129.3929
445326.00000 4367894.00000 -129.3462
445326.00000 4367898.00000 -129.2500
445326.00000 4367902.00000 -129.6241
445326.00000 4367906.00000 -129.2194
445326.00000 4367910.00000 -129.0942
445326.00000 4367914.00000 -128.9631
445326.00000 4367918.00000 -128.9550
445326.00000 4367922.00000 -128.7354
445326.00000 4367926.00000 -128.8862
445326.00000 4367930.00000 -128.7215
445326.00000 4367934.00000 -128.5259
445326.00000 4367938.00000 -128.3938
445326.00000 4367942.00000 -128.4918
445326.00000 4367946.00000 -128.4181
445326.00000 4367950.00000 -128.1483
445326.00000 4367954.00000 -128.0810
445326.00000 4367958.00000 -127.8470
445326.00000 4367962.00000 -127.7418
445326.00000 4367966.00000 -127.6743
445326.00000 4367970.00000 -127.3272
445326.00000 4367974.00000 -127.5052
445326.00000 4367978.00000 -127.1410
445326.00000 4367982.00000 -126.8798
445326.00000 4367986.00000 -126.9067
445326.00000 4367990.00000 -126.5629
445326.00000 4367994.00000 -126.5179
445326.00000 4367998.00000 -126.6266
445326.00000 4368002.00000 -126.5295
445326.00000 4368006.00000 -126.3619
445326.00000 4368010.00000 -126.2222
445326.00000 4368014.00000 -126.0708
445326.00000 4368018.00000 -125.9354
445326.00000 4368022.00000 -125.7458
445326.00000 4368026.00000 -125.5830
445326.00000 4368030.00000 -125.4113
445326.00000 4368034.00000 -125.2140
445326.00000 4368038.00000 -124.8177
445326.00000 4368042.00000 -124.6244
445326.00000 4368046.00000 -124.2628
445326.00000 4368050.00000 -124.0733
445326.00000 4368054.00000 -123.7152
445326.00000 4368058.00000 -127.6854
445326.00000 4368062.00000 -131.3974
445326.00000 4368066.00000 -135.9010
445326.00000 4368070.00000 -135.9942
445326.00000 4368074.00000 -136.4308
445326.00000 4368078.00000 -133.1938
445326.00000 4368082.00000 -133.3107
445326.00000 4368086.00000 -133.4441
445326.00000 4368090.00000 -132.4365
445326.00000 4368094.00000 -132.4165
445326.00000 4368098.00000 -132.4582
445326.00000 4368102.00000 -132.0570
445326.00000 4368106.00000 -132.4149
445326.00000 4368110.00000 -139.1343
445326.00000 4368114.00000 -136.4342
445326.00000 4368118.00000 -133.3970
445326.00000 4368122.00000 -125.7628
445326.00000 4368126.00000 N.C.
445326.00000 4368130.00000 N.C.
445326.00000 4368134.00000 N.C.
445326.00000 4368138.00000 N.C.
445326.00000 4368142.00000 N.C.
445326.00000 4368146.00000 -149.6819
445326.00000 4368150.00000 -149.8517
445326.00000 4368154.00000 -149.7216
445326.00000 4368158.00000 -149.5315
445326.00000 4368162.00000 -149.9325
445326.00000 4368166.00000 -149.6791
445326.00000 4368170.00000 -150.1131
445326.00000 4368174.00000 -132.2706
445326.00000 4368178.00000 -139.2318
445326.00000 4368182.00000 N.C.
445326.00000 4368186.00000 N.C.
445326.00000 4368190.00000 -125.3278
445326.00000 4368194.00000 -126.2508
445326.00000 4368198.00000 -124.1490
445326.00000 4368202.00000 -123.0133
445326.00000 4368206.00000 -119.3472
445326.00000 4368210.00000 -116.5303
445326.00000 4368214.00000 -106.9680
445326.00000 4368218.00000 -106.5149
445326.00000 4368222.00000 -115.8990
445326.00000 4368226.00000 -118.3185
445326.00000 4368230.00000 -120.2551
445326.00000 4368234.00000 -119.1393
445326.00000 4368238.00000 -120.3489
445326.00000 4368242.00000 -117.5655
445326.00000 4368246.00000 -122.2332
445326.00000 4368250.00000 N.C.
445326.00000 4368254.00000 N.C.
445326.00000 4368258.00000 N.C.
445326.00000 4368262.00000 N.C.
445326.00000 4368266.00000 N.C.
445326.00000 4368270.00000 -141.0475
445326.00000 4368274.00000 N.C.
445326.00000 4368278.00000 -142.7997
445326.00000 4368282.00000 -138.6811
445326.00000 4368286.00000 -136.8388
445326.00000 4368290.00000 -136.3412
445326.00000 4368294.00000 -135.8624
445326.00000 4368298.00000 N.C.
445326.00000 4368302.00000 -134.9043
445326.00000 4368306.00000 -132.8497
445326.00000 4368310.00000 -127.6205
445326.00000 4368314.00000 N.C.
445326.00000 4368318.00000 N.C.
445326.00000 4368322.00000 -147.8915
445326.00000 4368326.00000 -144.7100
445326.00000 4368330.00000 -143.5373
445326.00000 4368334.00000 -134.5739
445326.00000 4368338.00000 -126.4235
445326.00000 4368342.00000 -128.7290
445326.00000 4368346.00000 N.C.
445326.00000 4368350.00000 -155.1211
445326.00000 4368354.00000 -130.5379
445326.00000 4368358.00000 -132.7250
445326.00000 4368362.00000 -133.6098
445326.00000 4368366.00000 -133.1398
445326.00000 4368370.00000 -131.8810
445326.00000 4368374.00000 N.C.
445326.00000 4368378.00000 N.C.
445326.00000 4368382.00000 N.C.
445326.00000 4368386.00000 -158.2341
445326.00000 4368390.00000 -147.7413
445326.00000 4368394.00000 -147.4310
445330.00000 4367886.00000 -129.9457
445330.00000 4367890.00000 -129.9401
445330.00000 4367894.00000 -129.8403
445330.00000 4367898.00000 -129.8156
445330.00000 4367902.00000 -129.6254
445330.00000 4367906.00000 -129.4435
445330.00000 4367910.00000 -129.3015
445330.00000 4367914.00000 -129.2213
445330.00000 4367918.00000 -129.1084
445330.00000 4367922.00000 -129.0070
445330.00000 4367926.00000 -128.9598
445330.00000 4367930.00000 -128.9468
445330.00000 4367934.00000 -128.7326
445330.00000 4367938.00000 -128.7231
445330.00000 4367942.00000 -128.6680
445330.00000 4367946.00000 -128.4280
445330.00000 4367950.00000 -128.2341
445330.00000 4367954.00000 -128.1377
445330.00000 4367958.00000 -127.9746
445330.00000 4367962.00000 -127.8818
445330.00000 4367966.00000 -127.6517
445330.00000 4367970.00000 -127.6047
445330.00000 4367974.00000 -127.4160
445330.00000 4367978.00000 -127.2100
445330.00000 4367982.00000 -127.1336
445330.00000 4367986.00000 -126.9613
445330.00000 4367990.00000 -126.8730
445330.00000 4367994.00000 -126.7669
445330.00000 4367998.00000 -126.7407
445330.00000 4368002.00000 -126.6620
445330.00000 4368006.00000 -126.1980
445330.00000 4368010.00000 -126.0516
445330.00000 4368014.00000 -125.9381
445330.00000 4368018.00000 -125.7214
445330.00000 4368022.00000 -125.5383
445330.00000 4368026.00000 -125.4292
445330.00000 4368030.00000 -125.2594
445330.00000 4368034.00000 -124.6067
445330.00000 4368038.00000 -124.6880
445330.00000 4368042.00000 -124.4040
445330.00000 4368046.00000 -124.2219
445330.00000 4368050.00000 -124.3278
445330.00000 4368054.00000 -128.7773
445330.00000 4368058.00000 -126.3960
445330.00000 4368062.00000 -131.3158
445330.00000 4368066.00000 -132.8062
445330.00000 4368070.00000 -133.2291
445330.00000 4368074.00000 -132.3559
445330.00000 4368078.00000 -139.0334
445330.00000 4368082.00000 -134.6671
445330.00000 4368086.00000 -136.2682
445330.00000 4368090.00000 -136.8957
445330.00000 4368094.00000 -137.7612
445330.00000 4368098.00000 -136.6501
445330.00000 4368102.00000 -138.0589
445330.00000 4368106.00000 -138.6843
445330.00000 4368110.00000 -140.2663
445330.00000 4368114.00000 -133.8907
445330.00000 4368118.00000 -133.4392
445330.00000 4368122.00000 -125.3992
445330.00000 4368126.00000 N.C.
445330.00000 4368130.00000 N.C.
445330.00000 4368134.00000 N.C.
445330.00000 4368138.00000 N.C.
445330.00000 4368142.00000 N.C.
445330.00000 4368146.00000 N.C.
445330.00000 4368150.00000 N.C.
445330.00000 4368154.00000 N.C.
445330.00000 4368158.00000 N.C.
445330.00000 4368162.00000 N.C.
445330.00000 4368166.00000 N.C.
445330.00000 4368170.00000 N.C.
445330.00000 4368174.00000 -139.9365
445330.00000 4368178.00000 -139.2228
445330.00000 4368182.00000 N.C.
445330.00000 4368186.00000 N.C.
445330.00000 4368190.00000 -121.9175
445330.00000 4368194.00000 -126.4717
445330.00000 4368198.00000 -123.8909
445330.00000 4368202.00000 -123.3441
445330.00000 4368206.00000 -121.5764
445330.00000 4368210.00000 -117.9797
445330.00000 4368214.00000 -112.4365
445330.00000 4368218.00000 -106.7844
445330.00000 4368222.00000 -112.6970
445330.00000 4368226.00000 -119.5503
445330.00000 4368230.00000 -119.3512
445330.00000 4368234.00000 -119.6871
445330.00000 4368238.00000 -116.9303
445330.00000 4368242.00000 -118.9070
445330.00000 4368246.00000 -121.4668
445330.00000 4368250.00000 N.C.
445330.00000 4368254.00000 -140.1426
445330.00000 4368258.00000 N.C.
445330.00000 4368262.00000 N.C.
445330.00000 4368266.00000 -148.6508
445330.00000 4368270.00000 N.C.
445330.00000 4368274.00000 N.C.
445330.00000 4368278.00000 -139.9490
445330.00000 4368282.00000 -139.5469
445330.00000 4368286.00000 -137.8614
445330.00000 4368290.00000 N.C.
445330.00000 4368294.00000 -135.8541
445330.00000 4368298.00000 -159.4203
445330.00000 4368302.00000 N.C.
445330.00000 4368306.00000 N.C.
445330.00000 4368310.00000 N.C.
445330.00000 4368314.00000 N.C.
445330.00000 4368318.00000 N.C.
445330.00000 4368322.00000 -148.1122
445330.00000 4368326.00000 -146.1406
445330.00000 4368330.00000 -144.6724
445330.00000 4368334.00000 -139.5929
445330.00000 4368338.00000 -139.0642
445330.00000 4368342.00000 -126.2905
445330.00000 4368346.00000 N.C.
445330.00000 4368350.00000 -147.3133
445330.00000 4368354.00000 -128.8849
445330.00000 4368358.00000 -129.2731
445330.00000 4368362.00000 N.C.
445330.00000 4368366.00000 N.C.
445330.00000 4368370.00000 N.C.
445330.00000 4368374.00000 N.C.
445330.00000 4368378.00000 N.C.
445330.00000 4368382.00000 N.C.
445330.00000 4368386.00000 -151.5333
445330.00000 4368390.00000 -150.6925
445330.00000 4368394.00000 -149.6031
445334.00000 4367886.00000 -130.2752
445334.00000 4367890.00000 -130.2376
445334.00000 4367894.00000 -130.0550
445334.00000 4367898.00000 -129.6722
445334.00000 4367902.00000 -129.5028
445334.00000 4367906.00000 -129.4168
445334.00000 4367910.00000 -129.5476
445334.00000 4367914.00000 -129.1310
445334.00000 4367918.00000 -129.3469
445334.00000 4367922.00000 -128.9637
445334.00000 4367926.00000 -128.8789
445334.00000 4367930.00000 -128.7829
445334.00000 4367934.00000 -128.5735
445334.00000 4367938.00000 -128.5067
445334.00000 4367942.00000 -128.3982
445334.00000 4367946.00000 -128.0909
445334.00000 4367950.00000 -127.9517
445334.00000 4367954.00000 -127.8386
445334.00000 4367958.00000 -127.8669
445334.00000 4367962.00000 -127.7879
445334.00000 4367966.00000 -127.4935
445334.00000 4367970.00000 -127.2055
445334.00000 4367974.00000 -127.2046
445334.00000 4367978.00000 -127.1957
445334.00000 4367982.00000 -126.9504
445334.00000 4367986.00000 -126.7631
445334.00000 4367990.00000 -126.6083
445334.00000 4367994.00000 -126.6704
445334.00000 4367998.00000 -126.5725
445334.00000 4368002.00000 -126.4648
445334.00000 4368006.00000 -126.3167
445334.00000 4368010.00000 -126.1738
445334.00000 4368014.00000 -126.0078
445334.00000 4368018.00000 -125.8422
445334.00000 4368022.00000 -125.6770
445334.00000 4368026.00000 -125.5516
445334.00000 4368030.00000 -125.3031
445334.00000 4368034.00000 -125.1114
445334.00000 4368038.00000 -124.5040
445334.00000 4368042.00000 -123.5650
445334.00000 4368046.00000 -124.6796
445334.00000 4368050.00000 -124.8563
445334.00000 4368054.00000 -126.5274
445334.00000 4368058.00000 -127.4782
445334.00000 4368062.00000 -134.7951
445334.00000 4368066.00000 -136.8891
445334.00000 4368070.00000 -134.5157
445334.00000 4368074.00000 -138.1494
445334.00000 4368078.00000 -139.4702
445334.00000 4368082.00000 -135.3849
445334.00000 4368086.00000 -136.3284
445334.00000 4368090.00000 -137.3641
445334.00000 4368094.00000 -135.9586
445334.00000 4368098.00000 -138.4232
445334.00000 4368102.00000 -139.2676
445334.00000 4368106.00000 -139.4257
445334.00000 4368110.00000 -139.0619
445334.00000 4368114.00000 -136.1774
445334.00000 4368118.00000 -132.5135
445334.00000 4368122.00000 -121.3859
445334.00000 4368126.00000 N.C.
445334.00000 4368130.00000 N.C.
445334.00000 4368134.00000 N.C.
445334.00000 4368138.00000 N.C.
445334.00000 4368142.00000 N.C.
445334.00000 4368146.00000 N.C.
445334.00000 4368150.00000 N.C.
445334.00000 4368154.00000 N.C.
445334.00000 4368158.00000 N.C.
445334.00000 4368162.00000 N.C.
445334.00000 4368166.00000 N.C.
445334.00000 4368170.00000 N.C.
445334.00000 4368174.00000 -140.2552
445334.00000 4368178.00000 -137.5238
445334.00000 4368182.00000 N.C.
445334.00000 4368186.00000 -128.9790
445334.00000 4368190.00000 -124.0218
445334.00000 4368194.00000 -126.1342
445334.00000 4368198.00000 -123.9172
445334.00000 4368202.00000 -123.2701
445334.00000 4368206.00000 -121.8849
445334.00000 4368210.00000 -118.2241
445334.00000 4368214.00000 -113.1136
445334.00000 4368218.00000 -102.4163
445334.00000 4368222.00000 -111.5038
445334.00000 4368226.00000 -117.3403
445334.00000 4368230.00000 -118.0476
445334.00000 4368234.00000 -116.5100
445334.00000 4368238.00000 -117.2372
445334.00000 4368242.00000 -119.4386
445334.00000 4368246.00000 -152.1944
445334.00000 4368250.00000 N.C.
445334.00000 4368254.00000 -139.1644
445334.00000 4368258.00000 N.C.
445334.00000 4368262.00000 N.C.
445334.00000 4368266.00000 -147.6610
445334.00000 4368270.00000 N.C.
445334.00000 4368274.00000 N.C.
445334.00000 4368278.00000 -141.4526
445334.00000 4368282.00000 -139.8031
445334.00000 4368286.00000 -138.0731
445334.00000 4368290.00000 -137.6477
445334.00000 4368294.00000 -135.4841
445334.00000 4368298.00000 -187.1634
445334.00000 4368302.00000 N.C.
445334.00000 4368306.00000 N.C.
445334.00000 4368310.00000 -162.8397
445334.00000 4368314.00000 N.C.
445334.00000 4368318.00000 -159.2035
445334.00000 4368322.00000 -148.2220
445334.00000 4368326.00000 -146.5831
445334.00000 4368330.00000 -144.8395
445334.00000 4368334.00000 -141.7191
445334.00000 4368338.00000 -138.6054
445334.00000 4368342.00000 -138.3054
445334.00000 4368346.00000 N.C.
445334.00000 4368350.00000 N.C.
445334.00000 4368354.00000 N.C.
445334.00000 4368358.00000 N.C.
445334.00000 4368362.00000 -167.1367
445334.00000 4368366.00000 N.C.
445334.00000 4368370.00000 -163.2242
445334.00000 4368374.00000 N.C.
445334.00000 4368378.00000 N.C.
445334.00000 4368382.00000 N.C.
445334.00000 4368386.00000 -159.0410
445334.00000 4368390.00000 -150.6426
445334.00000 4368394.00000 -143.2025
445338.00000 4367886.00000 -130.0429
445338.00000 4367890.00000 -129.8797
445338.00000 4367894.00000 -129.5329
445338.00000 4367898.00000 -129.4274
445338.00000 4367902.00000 -129.3248
445338.00000 4367906.00000 -129.4802
445338.00000 4367910.00000 -129.1297
445338.00000 4367914.00000 -128.9965
445338.00000 4367918.00000 -129.0006
445338.00000 4367922.00000 -129.0342
445338.00000 4367926.00000 -129.0086
445338.00000 4367930.00000 -128.7531
445338.00000 4367934.00000 -128.7338
445338.00000 4367938.00000 -128.5683
445338.00000 4367942.00000 -128.3705
445338.00000 4367946.00000 -128.2491
445338.00000 4367950.00000 -128.1344
445338.00000 4367954.00000 -128.0484
445338.00000 4367958.00000 -127.8313
445338.00000 4367962.00000 -127.8056
445338.00000 4367966.00000 -127.4467
445338.00000 4367970.00000 -127.3740
445338.00000 4367974.00000 -127.5039
445338.00000 4367978.00000 -127.3575
445338.00000 4367982.00000 -126.9695
445338.00000 4367986.00000 -126.8205
445338.00000 4367990.00000 -126.9294
445338.00000 4367994.00000 -126.8130
445338.00000 4367998.00000 -126.7452
445338.00000 4368002.00000 -126.5739
445338.00000 4368006.00000 -126.4209
445338.00000 4368010.00000 -126.3488
445338.00000 4368014.00000 -126.4431
445338.00000 4368018.00000 -126.2822
445338.00000 4368022.00000 -126.0318
445338.00000 4368026.00000 -125.9665
445338.00000 4368030.00000 -125.7564
445338.00000 4368034.00000 -125.1583
445338.00000 4368038.00000 -125.1728
445338.00000 4368042.00000 -125.0891
445338.00000 4368046.00000 -125.2796
445338.00000 4368050.00000 -126.2826
445338.00000 4368054.00000 -127.4304
445338.00000 4368058.00000 -128.6531
445338.00000 4368062.00000 -134.9201
445338.00000 4368066.00000 -138.2034
445338.00000 4368070.00000 -133.3657
445338.00000 4368074.00000 -135.7709
445338.00000 4368078.00000 -135.3279
445338.00000 4368082.00000 -138.3798
445338.00000 4368086.00000 -136.3702
445338.00000 4368090.00000 -138.5702
445338.00000 4368094.00000 -136.8449
445338.00000 4368098.00000 -137.5270
445338.00000 4368102.00000 -139.6062
445338.00000 4368106.00000 -139.7018
445338.00000 4368110.00000 -139.2994
445338.00000 4368114.00000 -137.3774
445338.00000 4368118.00000 -123.3027
445338.00000 4368122.00000 -122.4237
445338.00000 4368126.00000 N.C.
445338.00000 4368130.00000 N.C.
445338.00000 4368134.00000 N.C.
445338.00000 4368138.00000 N.C.
445338.00000 4368142.00000 N.C.
445338.00000 4368146.00000 N.C.
445338.00000 4368150.00000 N.C.
445338.00000 4368154.00000 N.C.
445338.00000 4368158.00000 N.C.
445338.00000 4368162.00000 N.C.
445338.00000 4368166.00000 N.C.
445338.00000 4368170.00000 N.C.
445338.00000 4368174.00000 -140.5774
445338.00000 4368178.00000 -138.1266
445338.00000 4368182.00000 N.C.
445338.00000 4368186.00000 -117.9440
445338.00000 4368190.00000 -117.4622
445338.00000 4368194.00000 -119.2355
445338.00000 4368198.00000 -123.7359
445338.00000 4368202.00000 -123.1067
445338.00000 4368206.00000 -121.9835
445338.00000 4368210.00000 -118.4017
445338.00000 4368214.00000 -113.3555
445338.00000 4368218.00000 -101.6112
445338.00000 4368222.00000 -111.5300
445338.00000 4368226.00000 -114.2290
445338.00000 4368230.00000 -116.9410
445338.00000 4368234.00000 -116.3287
445338.00000 4368238.00000 -118.6841
445338.00000 4368242.00000 -118.1154
445338.00000 4368246.00000 N.C.
445338.00000 4368250.00000 N.C.
445338.00000 4368254.00000 N.C.
445338.00000 4368258.00000 N.C.
445338.00000 4368262.00000 N.C.
445338.00000 4368266.00000 N.C.
445338.00000 4368270.00000 N.C.
445338.00000 4368274.00000 N.C.
445338.00000 4368278.00000 -140.4871
445338.00000 4368282.00000 -140.2601
445338.00000 4368286.00000 -138.3768
445338.00000 4368290.00000 N.C.
445338.00000 4368294.00000 N.C.
445338.00000 4368298.00000 N.C.
445338.00000 4368302.00000 N.C.
445338.00000 4368306.00000 N.C.
445338.00000 4368310.00000 -168.8923
445338.00000 4368314.00000 -156.5282
445338.00000 4368318.00000 N.C.
445338.00000 4368322.00000 -148.3725
445338.00000 4368326.00000 -147.1635
445338.00000 4368330.00000 -142.4308
445338.00000 4368334.00000 -142.7368
445338.00000 4368338.00000 -134.1897
445338.00000 4368342.00000 -140.0410
445338.00000 4368346.00000 -136.4194
445338.00000 4368350.00000 -135.9085
445338.00000 4368354.00000 -132.4478
445338.00000 4368358.00000 -156.7743
445338.00000 4368362.00000 -155.9792
445338.00000 4368366.00000 -156.2474
445338.00000 4368370.00000 -156.6776
445338.00000 4368374.00000 -157.2815
445338.00000 4368378.00000 N.C.
445338.00000 4368382.00000 N.C.
445338.00000 4368386.00000 -161.2667
445338.00000 4368390.00000 -152.0327
445338.00000 4368394.00000 -153.1149
445342.00000 4367886.00000 -130.1382
445342.00000 4367890.00000 -129.7863
445342.00000 4367894.00000 -129.6881
445342.00000 4367898.00000 -129.4941
445342.00000 4367902.00000 -129.6547
445342.00000 4367906.00000 -129.5111
445342.00000 4367910.00000 -129.1040
445342.00000 4367914.00000 -129.2378
445342.00000 4367918.00000 -129.1268
445342.00000 4367922.00000 -129.0086
445342.00000 4367926.00000 -129.0636
445342.00000 4367930.00000 -128.8914
445342.00000 4367934.00000 -128.7811
445342.00000 4367938.00000 -128.7124
445342.00000 4367942.00000 -128.3319
445342.00000 4367946.00000 -128.2444
445342.00000 4367950.00000 -128.0347
445342.00000 4367954.00000 -128.0238
445342.00000 4367958.00000 -127.9718
445342.00000 4367962.00000 -127.7492
445342.00000 4367966.00000 -127.8002
445342.00000 4367970.00000 -127.5924
445342.00000 4367974.00000 -127.6345
445342.00000 4367978.00000 -127.3366
445342.00000 4367982.00000 -127.0073
445342.00000 4367986.00000 -127.2184
445342.00000 4367990.00000 -127.3906
445342.00000 4367994.00000 -127.3543
445342.00000 4367998.00000 -127.1469
445342.00000 4368002.00000 -126.9829
445342.00000 4368006.00000 -126.8880
445342.00000 4368010.00000 -126.6845
445342.00000 4368014.00000 -126.5583
445342.00000 4368018.00000 -126.4690
445342.00000 4368022.00000 -126.2830
445342.00000 4368026.00000 -126.0343
445342.00000 4368030.00000 -125.7815
445342.00000 4368034.00000 -125.2415
445342.00000 4368038.00000 -125.3540
445342.00000 4368042.00000 -125.4299
445342.00000 4368046.00000 -125.6132
445342.00000 4368050.00000 -126.4005
445342.00000 4368054.00000 -128.7853
445342.00000 4368058.00000 -129.2699
445342.00000 4368062.00000 -135.5877
445342.00000 4368066.00000 -133.7604
445342.00000 4368070.00000 -135.7943
445342.00000 4368074.00000 -135.6194
445342.00000 4368078.00000 -133.8965
445342.00000 4368082.00000 -137.2656
445342.00000 4368086.00000 -139.1903
445342.00000 4368090.00000 -138.3068
445342.00000 4368094.00000 -135.8720
445342.00000 4368098.00000 -137.8977
445342.00000 4368102.00000 -139.8763
445342.00000 4368106.00000 -139.9431
445342.00000 4368110.00000 -139.4457
445342.00000 4368114.00000 -136.7274
445342.00000 4368118.00000 -122.6404
445342.00000 4368122.00000 N.C.
445342.00000 4368126.00000 N.C.
445342.00000 4368130.00000 N.C.
445342.00000 4368134.00000 N.C.
445342.00000 4368138.00000 N.C.
445342.00000 4368142.00000 N.C.
445342.00000 4368146.00000 N.C.
445342.00000 4368150.00000 N.C.
445342.00000 4368154.00000 N.C.
445342.00000 4368158.00000 N.C.
445342.00000 4368162.00000 N.C.
445342.00000 4368166.00000 N.C.
445342.00000 4368170.00000 N.C.
445342.00000 4368174.00000 -141.0048
445342.00000 4368178.00000 -138.9478
445342.00000 4368182.00000 N.C.
445342.00000 4368186.00000 -124.9869
445342.00000 4368190.00000 -127.2135
445342.00000 4368194.00000 -126.2960
445342.00000 4368198.00000 -124.2636
445342.00000 4368202.00000 -123.5121
445342.00000 4368206.00000 -122.0487
445342.00000 4368210.00000 -116.9948
445342.00000 4368214.00000 -111.9070
445342.00000 4368218.00000 -101.7446
445342.00000 4368222.00000 -111.0185
445342.00000 4368226.00000 -115.9795
445342.00000 4368230.00000 -116.9261
445342.00000 4368234.00000 -119.4556
445342.00000 4368238.00000 -116.0876
445342.00000 4368242.00000 -117.6014
445342.00000 4368246.00000 N.C.
445342.00000 4368250.00000 N.C.
445342.00000 4368254.00000 N.C.
445342.00000 4368258.00000 N.C.
445342.00000 4368262.00000 N.C.
445342.00000 4368266.00000 N.C.
445342.00000 4368270.00000 N.C.
445342.00000 4368274.00000 N.C.
445342.00000 4368278.00000 -139.3893
445342.00000 4368282.00000 -138.9397
445342.00000 4368286.00000 -137.0744
445342.00000 4368290.00000 N.C.
445342.00000 4368294.00000 N.C.
445342.00000 4368298.00000 N.C.
445342.00000 4368302.00000 N.C.
445342.00000 4368306.00000 N.C.
445342.00000 4368310.00000 -170.1797
445342.00000 4368314.00000 -159.4629
445342.00000 4368318.00000 N.C.
445342.00000 4368322.00000 -147.3230
445342.00000 4368326.00000 -146.0315
445342.00000 4368330.00000 -141.5639
445342.00000 4368334.00000 -142.1616
445342.00000 4368338.00000 -134.1102
445342.00000 4368342.00000 -139.2851
445342.00000 4368346.00000 -136.9620
445342.00000 4368350.00000 -131.6347
445342.00000 4368354.00000 -128.5010
445342.00000 4368358.00000 -127.3380
445342.00000 4368362.00000 -128.1337
445342.00000 4368366.00000 -136.5977
445342.00000 4368370.00000 -136.7986
445342.00000 4368374.00000 -156.0786
445342.00000 4368378.00000 -156.2310
445342.00000 4368382.00000 -157.9505
445342.00000 4368386.00000 -149.2211
445342.00000 4368390.00000 -146.8828
445342.00000 4368394.00000 -145.9780
445346.00000 4367886.00000 -129.9760
445346.00000 4367890.00000 -129.8466
445346.00000 4367894.00000 -129.6495
445346.00000 4367898.00000 -129.7927
445346.00000 4367902.00000 -129.6727
445346.00000 4367906.00000 -129.3146
445346.00000 4367910.00000 -129.2225
445346.00000 4367914.00000 -129.1810
445346.00000 4367918.00000 -129.1109
445346.00000 4367922.00000 -129.2095
445346.00000 4367926.00000 -129.1784
445346.00000 4367930.00000 -129.0599
445346.00000 4367934.00000 -128.8620
445346.00000 4367938.00000 -128.3377
445346.00000 4367942.00000 -128.5912
445346.00000 4367946.00000 -128.5918
445346.00000 4367950.00000 -128.3004
445346.00000 4367954.00000 -128.4302
445346.00000 4367958.00000 -128.5346
445346.00000 4367962.00000 -128.1491
445346.00000 4367966.00000 -128.2323
445346.00000 4367970.00000 -128.1809
445346.00000 4367974.00000 -127.8253
445346.00000 4367978.00000 -127.6290
445346.00000 4367982.00000 -127.4263
445346.00000 4367986.00000 -127.5652
445346.00000 4367990.00000 -127.4994
445346.00000 4367994.00000 -127.3769
445346.00000 4367998.00000 -127.2458
445346.00000 4368002.00000 -127.1024
445346.00000 4368006.00000 -127.0513
445346.00000 4368010.00000 -126.8310
445346.00000 4368014.00000 -126.6784
445346.00000 4368018.00000 -126.6568
445346.00000 4368022.00000 -126.3444
445346.00000 4368026.00000 -126.1180
445346.00000 4368030.00000 -125.9794
445346.00000 4368034.00000 -124.4611
445346.00000 4368038.00000 -125.7254
445346.00000 4368042.00000 -125.3844
445346.00000 4368046.00000 -124.0304
445346.00000 4368050.00000 -127.5789
445346.00000 4368054.00000 -128.8998
445346.00000 4368058.00000 -129.4455
445346.00000 4368062.00000 -134.9921
445346.00000 4368066.00000 -133.5049
445346.00000 4368070.00000 -135.2424
445346.00000 4368074.00000 -135.5104
445346.00000 4368078.00000 -129.1417
445346.00000 4368082.00000 -134.5991
445346.00000 4368086.00000 -135.8493
445346.00000 4368090.00000 -135.6546
445346.00000 4368094.00000 -133.9131
445346.00000 4368098.00000 -135.7963
445346.00000 4368102.00000 -136.2190
445346.00000 4368106.00000 -136.4054
445346.00000 4368110.00000 -139.4666
445346.00000 4368114.00000 -136.4832
445346.00000 4368118.00000 -122.5700
445346.00000 4368122.00000 N.C.
445346.00000 4368126.00000 N.C.
445346.00000 4368130.00000 N.C.
445346.00000 4368134.00000 N.C.
445346.00000 4368138.00000 N.C.
445346.00000 4368142.00000 N.C.
445346.00000 4368146.00000 N.C.
445346.00000 4368150.00000 N.C.
445346.00000 4368154.00000 N.C.
445346.00000 4368158.00000 N.C.
445346.00000 4368162.00000 N.C.
445346.00000 4368166.00000 N.C.
445346.00000 4368170.00000 N.C.
445346.00000 4368174.00000 -138.6122
445346.00000 4368178.00000 -141.5048
445346.00000 4368182.00000 N.C.
445346.00000 4368186.00000 -125.0463
445346.00000 4368190.00000 -127.6026
445346.00000 4368194.00000 -125.9419
445346.00000 4368198.00000 -124.4919
445346.00000 4368202.00000 -123.8147
445346.00000 4368206.00000 -122.3005
445346.00000 4368210.00000 -119.8596
445346.00000 4368214.00000 -113.0760
445346.00000 4368218.00000 -101.9889
445346.00000 4368222.00000 -110.4076
445346.00000 4368226.00000 -116.3114
445346.00000 4368230.00000 -119.5676
445346.00000 4368234.00000 -113.1942
445346.00000 4368238.00000 -115.7371
445346.00000 4368242.00000 N.C.
445346.00000 4368246.00000 N.C.
445346.00000 4368250.00000 -132.9834
445346.00000 4368254.00000 N.C.
445346.00000 4368258.00000 N.C.
445346.00000 4368262.00000 -149.2446
445346.00000 4368266.00000 N.C.
445346.00000 4368270.00000 N.C.
445346.00000 4368274.00000 -143.1828
445346.00000 4368278.00000 -140.7625
445346.00000 4368282.00000 -138.6483
445346.00000 4368286.00000 -136.0189
445346.00000 4368290.00000 -156.5387
445346.00000 4368294.00000 N.C.
445346.00000 4368298.00000 N.C.
445346.00000 4368302.00000 -164.0450
445346.00000 4368306.00000 -163.7767
445346.00000 4368310.00000 -162.4902
445346.00000 4368314.00000 -158.5497
445346.00000 4368318.00000 -155.4453
445346.00000 4368322.00000 -146.4128
445346.00000 4368326.00000 -144.9368
445346.00000 4368330.00000 -143.2942
445346.00000 4368334.00000 -142.2191
445346.00000 4368338.00000 -134.1467
445346.00000 4368342.00000 -139.5293
445346.00000 4368346.00000 -137.3958
445346.00000 4368350.00000 -132.3302
445346.00000 4368354.00000 -130.9604
445346.00000 4368358.00000 -122.9758
445346.00000 4368362.00000 -127.5528
445346.00000 4368366.00000 -132.2957
445346.00000 4368370.00000 -136.6319
445346.00000 4368374.00000 -136.7471
445346.00000 4368378.00000 -129.3080
445346.00000 4368382.00000 -137.3186
445346.00000 4368386.00000 -134.8940
445346.00000 4368390.00000 -134.8470
445346.00000 4368394.00000 -135.0464
445350.00000 4367886.00000 -129.9742
445350.00000 4367890.00000 -129.8552
445350.00000 4367894.00000 -129.9862
445350.00000 4367898.00000 -129.7229
445350.00000 4367902.00000 -129.3410
445350.00000 4367906.00000 -129.4202
445350.00000 4367910.00000 -129.3393
445350.00000 4367914.00000 -129.2402
445350.00000 4367918.00000 -129.5407
445350.00000 4367922.00000 -129.5810
445350.00000 4367926.00000 -129.3460
445350.00000 4367930.00000 -129.2458
445350.00000 4367934.00000 -129.0583
445350.00000 4367938.00000 -128.6921
445350.00000 4367942.00000 -128.6557
445350.00000 4367946.00000 -128.6791
445350.00000 4367950.00000 -128.7207
445350.00000 4367954.00000 -128.6595
445350.00000 4367958.00000 -128.4094
445350.00000 4367962.00000 -128.2600
445350.00000 4367966.00000 -128.4119
445350.00000 4367970.00000 -127.9150
445350.00000 4367974.00000 -127.5521
445350.00000 4367978.00000 -127.3763
445350.00000 4367982.00000 -127.7703
445350.00000 4367986.00000 -127.6943
445350.00000 4367990.00000 -127.6618
445350.00000 4367994.00000 -127.5388
445350.00000 4367998.00000 -127.4221
445350.00000 4368002.00000 -127.3104
445350.00000 4368006.00000 -127.1575
445350.00000 4368010.00000 -126.9960
445350.00000 4368014.00000 -126.9037
445350.00000 4368018.00000 -126.6970
445350.00000 4368022.00000 -126.3308
445350.00000 4368026.00000 -126.2856
445350.00000 4368030.00000 -126.1385
445350.00000 4368034.00000 -125.7027
445350.00000 4368038.00000 -125.9407
445350.00000 4368042.00000 -125.1643
445350.00000 4368046.00000 -123.7512
445350.00000 4368050.00000 -128.8014
445350.00000 4368054.00000 -129.0246
445350.00000 4368058.00000 -129.4991
445350.00000 4368062.00000 -132.5074
445350.00000 4368066.00000 -133.5467
445350.00000 4368070.00000 -135.5830
445350.00000 4368074.00000 -128.8513
445350.00000 4368078.00000 -136.6869
445350.00000 4368082.00000 -133.2253
445350.00000 4368086.00000 -136.1676
445350.00000 4368090.00000 -135.9091
445350.00000 4368094.00000 -136.2946
445350.00000 4368098.00000 -134.2604
445350.00000 4368102.00000 -136.4581
445350.00000 4368106.00000 -136.6410
445350.00000 4368110.00000 -136.4590
445350.00000 4368114.00000 -133.0551
445350.00000 4368118.00000 -124.2428
445350.00000 4368122.00000 N.C.
445350.00000 4368126.00000 N.C.
445350.00000 4368130.00000 N.C.
445350.00000 4368134.00000 N.C.
445350.00000 4368138.00000 N.C.
445350.00000 4368142.00000 N.C.
445350.00000 4368146.00000 N.C.
445350.00000 4368150.00000 N.C.
445350.00000 4368154.00000 N.C.
445350.00000 4368158.00000 N.C.
445350.00000 4368162.00000 N.C.
445350.00000 4368166.00000 N.C.
445350.00000 4368170.00000 N.C.
445350.00000 4368174.00000 -137.9369
445350.00000 4368178.00000 N.C.
445350.00000 4368182.00000 N.C.
445350.00000 4368186.00000 -125.3341
445350.00000 4368190.00000 -127.9800
445350.00000 4368194.00000 -126.2401
445350.00000 4368198.00000 -124.5413
445350.00000 4368202.00000 -123.6953
445350.00000 4368206.00000 -122.4556
445350.00000 4368210.00000 -116.8734
445350.00000 4368214.00000 -113.2899
445350.00000 4368218.00000 -102.2010
445350.00000 4368222.00000 -106.7197
445350.00000 4368226.00000 -113.0427
445350.00000 4368230.00000 -112.7299
445350.00000 4368234.00000 -120.7466
445350.00000 4368238.00000 N.C.
445350.00000 4368242.00000 N.C.
445350.00000 4368246.00000 N.C.
445350.00000 4368250.00000 N.C.
445350.00000 4368254.00000 N.C.
445350.00000 4368258.00000 N.C.
445350.00000 4368262.00000 N.C.
445350.00000 4368266.00000 N.C.
445350.00000 4368270.00000 N.C.
445350.00000 4368274.00000 -143.2269
445350.00000 4368278.00000 -140.9548
445350.00000 4368282.00000 -138.8469
445350.00000 4368286.00000 -138.0645
445350.00000 4368290.00000 -134.8003
445350.00000 4368294.00000 N.C.
445350.00000 4368298.00000 -155.5189
445350.00000 4368302.00000 -155.4664
445350.00000 4368306.00000 -154.9813
445350.00000 4368310.00000 -152.8067
445350.00000 4368314.00000 -148.6192
445350.00000 4368318.00000 -152.8124
445350.00000 4368322.00000 -145.8994
445350.00000 4368326.00000 -148.0407
445350.00000 4368330.00000 -142.6844
445350.00000 4368334.00000 -143.2762
445350.00000 4368338.00000 -140.7059
445350.00000 4368342.00000 -139.3090
445350.00000 4368346.00000 -137.7831
445350.00000 4368350.00000 -132.5878
445350.00000 4368354.00000 -126.0570
445350.00000 4368358.00000 -124.9203
445350.00000 4368362.00000 -124.1563
445350.00000 4368366.00000 -124.9637
445350.00000 4368370.00000 -130.6860
445350.00000 4368374.00000 -129.4998
445350.00000 4368378.00000 -128.8291
445350.00000 4368382.00000 -129.0726
445350.00000 4368386.00000 -130.0537
445350.00000 4368390.00000 -134.9268
445350.00000 4368394.00000 -135.0846
445354.00000 4367886.00000 -130.0902
445354.00000 4367890.00000 -130.3121
445354.00000 4367894.00000 -130.2445
445354.00000 4367898.00000 -129.8463
445354.00000 4367902.00000 -129.9901
445354.00000 4367906.00000 -129.9147
445354.00000 4367910.00000 -129.8054
445354.00000 4367914.00000 -129.7055
445354.00000 4367918.00000 -129.5474
445354.00000 4367922.00000 -129.6268
445354.00000 4367926.00000 -129.4417
445354.00000 4367930.00000 -129.2750
445354.00000 4367934.00000 -129.0530
445354.00000 4367938.00000 -129.0081
445354.00000 4367942.00000 -128.9417
445354.00000 4367946.00000 -128.7853
445354.00000 4367950.00000 -128.8433
445354.00000 4367954.00000 -128.3923
445354.00000 4367958.00000 -128.0746
445354.00000 4367962.00000 -128.1800
445354.00000 4367966.00000 -128.0289
445354.00000 4367970.00000 -128.0009
445354.00000 4367974.00000 -127.5970
445354.00000 4367978.00000 -127.8504
445354.00000 4367982.00000 -127.9292
445354.00000 4367986.00000 -127.9038
445354.00000 4367990.00000 -127.7904
445354.00000 4367994.00000 -127.6758
445354.00000 4367998.00000 -127.5875
445354.00000 4368002.00000 -127.4612
445354.00000 4368006.00000 -127.3208
445354.00000 4368010.00000 -127.0914
445354.00000 4368014.00000 -127.0177
445354.00000 4368018.00000 -126.7820
445354.00000 4368022.00000 -126.5137
445354.00000 4368026.00000 -126.3609
445354.00000 4368030.00000 -125.3365
445354.00000 4368034.00000 -125.8998
445354.00000 4368038.00000 -125.4572
445354.00000 4368042.00000 -124.4830
445354.00000 4368046.00000 -125.3902
445354.00000 4368050.00000 -129.2097
445354.00000 4368054.00000 -129.0839
445354.00000 4368058.00000 -129.3966
445354.00000 4368062.00000 -131.8474
445354.00000 4368066.00000 -136.6740
445354.00000 4368070.00000 -135.7879
445354.00000 4368074.00000 -129.5381
445354.00000 4368078.00000 -133.3101
445354.00000 4368082.00000 -136.7763
445354.00000 4368086.00000 -136.1227
445354.00000 4368090.00000 -133.1025
445354.00000 4368094.00000 -133.7114
445354.00000 4368098.00000 -137.0616
445354.00000 4368102.00000 -136.8015
445354.00000 4368106.00000 -136.8762
445354.00000 4368110.00000 -136.5038
445354.00000 4368114.00000 -131.7278
445354.00000 4368118.00000 -124.6811
445354.00000 4368122.00000 N.C.
445354.00000 4368126.00000 N.C.
445354.00000 4368130.00000 N.C.
445354.00000 4368134.00000 N.C.
445354.00000 4368138.00000 N.C.
445354.00000 4368142.00000 N.C.
445354.00000 4368146.00000 N.C.
445354.00000 4368150.00000 N.C.
445354.00000 4368154.00000 N.C.
445354.00000 4368158.00000 N.C.
445354.00000 4368162.00000 N.C.
445354.00000 4368166.00000 N.C.
445354.00000 4368170.00000 N.C.
445354.00000 4368174.00000 -138.2735
445354.00000 4368178.00000 N.C.
445354.00000 4368182.00000 N.C.
445354.00000 4368186.00000 -125.4905
445354.00000 4368190.00000 -127.5906
445354.00000 4368194.00000 -126.1912
445354.00000 4368198.00000 -124.4506
445354.00000 4368202.00000 -123.4263
445354.00000 4368206.00000 -117.9148
445354.00000 4368210.00000 -117.8889
445354.00000 4368214.00000 -114.0864
445354.00000 4368218.00000 -105.5389
445354.00000 4368222.00000 -107.3683
445354.00000 4368226.00000 -110.0195
445354.00000 4368230.00000 -112.9102
445354.00000 4368234.00000 -119.1946
445354.00000 4368238.00000 N.C.
445354.00000 4368242.00000 N.C.
445354.00000 4368246.00000 N.C.
445354.00000 4368250.00000 N.C.
445354.00000 4368254.00000 -144.6789
445354.00000 4368258.00000 N.C.
445354.00000 4368262.00000 N.C.
445354.00000 4368266.00000 N.C.
445354.00000 4368270.00000 N.C.
445354.00000 4368274.00000 -139.9727
445354.00000 4368278.00000 -140.6620
445354.00000 4368282.00000 -140.1320
445354.00000 4368286.00000 -137.9422
445354.00000 4368290.00000 -136.6952
445354.00000 4368294.00000 N.C.
445354.00000 4368298.00000 N.C.
445354.00000 4368302.00000 -161.7876
445354.00000 4368306.00000 N.C.
445354.00000 4368310.00000 N.C.
445354.00000 4368314.00000 -155.7726
445354.00000 4368318.00000 -148.7430
445354.00000 4368322.00000 -148.1950
445354.00000 4368326.00000 -145.9529
445354.00000 4368330.00000 -142.2068
445354.00000 4368334.00000 -142.2526
445354.00000 4368338.00000 -143.9320
445354.00000 4368342.00000 -133.3937
445354.00000 4368346.00000 -136.7175
445354.00000 4368350.00000 -132.0683
445354.00000 4368354.00000 -126.4798
445354.00000 4368358.00000 -126.5409
445354.00000 4368362.00000 -125.2622
445354.00000 4368366.00000 -124.8012
445354.00000 4368370.00000 -124.6495
445354.00000 4368374.00000 -123.9447
445354.00000 4368378.00000 -122.8668
445354.00000 4368382.00000 -126.0036
445354.00000 4368386.00000 -127.7928
445354.00000 4368390.00000 -128.2477
445354.00000 4368394.00000 -133.5714
445358.00000 4367886.00000 -130.4775
445358.00000 4367890.00000 -130.1568
445358.00000 4367894.00000 -130.3089
445358.00000 4367898.00000 -130.1114
445358.00000 4367902.00000 -130.2165
445358.00000 4367906.00000 -130.1181
445358.00000 4367910.00000 -130.2272
445358.00000 4367914.00000 -129.9010
445358.00000 4367918.00000 -129.7520
445358.00000 4367922.00000 -129.4576
445358.00000 4367926.00000 -129.4478
445358.00000 4367930.00000 -129.2897
445358.00000 4367934.00000 -129.1408
445358.00000 4367938.00000 -128.7304
445358.00000 4367942.00000 -128.6175
445358.00000 4367946.00000 -128.4894
445358.00000 4367950.00000 -128.6009
445358.00000 4367954.00000 -128.2612
445358.00000 4367958.00000 -128.2432
445358.00000 4367962.00000 -128.4012
445358.00000 4367966.00000 -128.6726
445358.00000 4367970.00000 -128.2565
445358.00000 4367974.00000 -128.1638
445358.00000 4367978.00000 -128.0686
445358.00000 4367982.00000 -128.0428
445358.00000 4367986.00000 -127.9919
445358.00000 4367990.00000 -127.9512
445358.00000 4367994.00000 -127.8437
445358.00000 4367998.00000 -127.7942
445358.00000 4368002.00000 -127.6053
445358.00000 4368006.00000 -127.3711
445358.00000 4368010.00000 -127.3479
445358.00000 4368014.00000 -127.0079
445358.00000 4368018.00000 -126.8018
445358.00000 4368022.00000 -126.7303
445358.00000 4368026.00000 -126.5812
445358.00000 4368030.00000 -126.2018
445358.00000 4368034.00000 -126.3069
445358.00000 4368038.00000 -125.6668
445358.00000 4368042.00000 -124.1886
445358.00000 4368046.00000 -125.5865
445358.00000 4368050.00000 -128.9949
445358.00000 4368054.00000 -129.2484
445358.00000 4368058.00000 -125.6542
445358.00000 4368062.00000 -128.9566
445358.00000 4368066.00000 -129.8139
445358.00000 4368070.00000 -126.7007
445358.00000 4368074.00000 -129.6638
445358.00000 4368078.00000 -133.5302
445358.00000 4368082.00000 -136.5123
445358.00000 4368086.00000 -136.0562
445358.00000 4368090.00000 -133.0473
445358.00000 4368094.00000 N.C.
445358.00000 4368098.00000 -136.5398
445358.00000 4368102.00000 -136.8232
445358.00000 4368106.00000 -137.1242
445358.00000 4368110.00000 -134.3857
445358.00000 4368114.00000 -130.0782
445358.00000 4368118.00000 -122.0697
445358.00000 4368122.00000 N.C.
445358.00000 4368126.00000 N.C.
445358.00000 4368130.00000 N.C.
445358.00000 4368134.00000 N.C.
445358.00000 4368138.00000 N.C.
445358.00000 4368142.00000 N.C.
445358.00000 4368146.00000 N.C.
445358.00000 4368150.00000 N.C.
445358.00000 4368154.00000 N.C.
445358.00000 4368158.00000 N.C.
445358.00000 4368162.00000 N.C.
445358.00000 4368166.00000 N.C.
445358.00000 4368170.00000 -138.6696
445358.00000 4368174.00000 -138.8657
445358.00000 4368178.00000 N.C.
445358.00000 4368182.00000 -124.1357
445358.00000 4368186.00000 -128.9017
445358.00000 4368190.00000 -127.2621
445358.00000 4368194.00000 -124.2561
445358.00000 4368198.00000 -117.9611
445358.00000 4368202.00000 -118.5406
445358.00000 4368206.00000 -119.2992
445358.00000 4368210.00000 -118.1408
445358.00000 4368214.00000 -116.2318
445358.00000 4368218.00000 -112.2911
445358.00000 4368222.00000 -105.2787
445358.00000 4368226.00000 -109.0110
445358.00000 4368230.00000 -117.2953
445358.00000 4368234.00000 -117.9703
445358.00000 4368238.00000 N.C.
445358.00000 4368242.00000 N.C.
445358.00000 4368246.00000 N.C.
445358.00000 4368250.00000 N.C.
445358.00000 4368254.00000 -124.6237
445358.00000 4368258.00000 N.C.
445358.00000 4368262.00000 N.C.
445358.00000 4368266.00000 N.C.
445358.00000 4368270.00000 -164.7209
445358.00000 4368274.00000 -141.6614
445358.00000 4368278.00000 -139.3911
445358.00000 4368282.00000 -134.9793
445358.00000 4368286.00000 -139.7473
445358.00000 4368290.00000 -137.1926
445358.00000 4368294.00000 -155.9056
445358.00000 4368298.00000 N.C.
445358.00000 4368302.00000 N.C.
445358.00000 4368306.00000 -161.2865
445358.00000 4368310.00000 -157.3661
445358.00000 4368314.00000 -146.9315
445358.00000 4368318.00000 -146.2542
445358.00000 4368322.00000 -145.1386
445358.00000 4368326.00000 -143.8216
445358.00000 4368330.00000 -142.0934
445358.00000 4368334.00000 -143.3884
445358.00000 4368338.00000 -145.2245
445358.00000 4368342.00000 -135.4563
445358.00000 4368346.00000 -133.2296
445358.00000 4368350.00000 -132.2967
445358.00000 4368354.00000 -127.3186
445358.00000 4368358.00000 -127.4706
445358.00000 4368362.00000 -116.3160
445358.00000 4368366.00000 -121.4592
445358.00000 4368370.00000 -124.9990
445358.00000 4368374.00000 -124.0292
445358.00000 4368378.00000 -124.4427
445358.00000 4368382.00000 -122.9160
445358.00000 4368386.00000 -124.3403
445358.00000 4368390.00000 -125.3068
445358.00000 4368394.00000 -126.6183
445362.00000 4367886.00000 -130.7232
445362.00000 4367890.00000 -130.3614
445362.00000 4367894.00000 -130.4688
445362.00000 4367898.00000 -130.4580
445362.00000 4367902.00000 -130.4553
445362.00000 4367906.00000 -130.1661
445362.00000 4367910.00000 -130.1435
445362.00000 4367914.00000 -129.6642
445362.00000 4367918.00000 -129.5475
445362.00000 4367922.00000 -129.4600
445362.00000 4367926.00000 -129.0068
445362.00000 4367930.00000 -129.0355
445362.00000 4367934.00000 -128.8846
445362.00000 4367938.00000 -128.8386
445362.00000 4367942.00000 -128.7277
445362.00000 4367946.00000 -128.6138
445362.00000 4367950.00000 -128.6183
445362.00000 4367954.00000 -128.8576
445362.00000 4367958.00000 -128.9713
445362.00000 4367962.00000 -128.8409
445362.00000 4367966.00000 -128.5455
445362.00000 4367970.00000 -128.3749
445362.00000 4367974.00000 -128.1582
445362.00000 4367978.00000 -128.3255
445362.00000 4367982.00000 -128.2032
445362.00000 4367986.00000 -128.1249
445362.00000 4367990.00000 -128.1132
445362.00000 4367994.00000 -128.0435
445362.00000 4367998.00000 -127.8623
445362.00000 4368002.00000 -127.6490
445362.00000 4368006.00000 -127.5832
445362.00000 4368010.00000 -127.5871
445362.00000 4368014.00000 -127.1877
445362.00000 4368018.00000 -127.0007
445362.00000 4368022.00000 -126.8839
445362.00000 4368026.00000 -126.8257
445362.00000 4368030.00000 -126.4207
445362.00000 4368034.00000 -126.1730
445362.00000 4368038.00000 -125.4905
445362.00000 4368042.00000 -125.8380
445362.00000 4368046.00000 -129.6723
445362.00000 4368050.00000 -129.1625
445362.00000 4368054.00000 -129.8694
445362.00000 4368058.00000 -125.6247
445362.00000 4368062.00000 -129.9206
445362.00000 4368066.00000 -129.6752
445362.00000 4368070.00000 -126.7225
445362.00000 4368074.00000 -129.2490
445362.00000 4368078.00000 -128.9896
445362.00000 4368082.00000 -136.5207
445362.00000 4368086.00000 -136.9493
445362.00000 4368090.00000 N.C.
445362.00000 4368094.00000 N.C.
445362.00000 4368098.00000 -136.8619
445362.00000 4368102.00000 -136.7978
445362.00000 4368106.00000 -136.7735
445362.00000 4368110.00000 -134.2455
445362.00000 4368114.00000 -129.0414
445362.00000 4368118.00000 -120.4814
445362.00000 4368122.00000 -145.6472
445362.00000 4368126.00000 N.C.
445362.00000 4368130.00000 N.C.
445362.00000 4368134.00000 N.C.
445362.00000 4368138.00000 N.C.
445362.00000 4368142.00000 N.C.
445362.00000 4368146.00000 N.C.
445362.00000 4368150.00000 N.C.
445362.00000 4368154.00000 N.C.
445362.00000 4368158.00000 N.C.
445362.00000 4368162.00000 N.C.
445362.00000 4368166.00000 N.C.
445362.00000 4368170.00000 -138.8990
445362.00000 4368174.00000 -140.2607
445362.00000 4368178.00000 N.C.
445362.00000 4368182.00000 -120.6304
445362.00000 4368186.00000 -122.5135
445362.00000 4368190.00000 -126.5590
445362.00000 4368194.00000 -119.4337
445362.00000 4368198.00000 -120.2892
445362.00000 4368202.00000 -120.1401
445362.00000 4368206.00000 -119.4667
445362.00000 4368210.00000 -120.6478
445362.00000 4368214.00000 -113.6317
445362.00000 4368218.00000 -112.4552
445362.00000 4368222.00000 -102.5155
445362.00000 4368226.00000 -109.2709
445362.00000 4368230.00000 -116.8432
445362.00000 4368234.00000 -120.0584
445362.00000 4368238.00000 N.C.
445362.00000 4368242.00000 N.C.
445362.00000 4368246.00000 N.C.
445362.00000 4368250.00000 N.C.
445362.00000 4368254.00000 N.C.
445362.00000 4368258.00000 N.C.
445362.00000 4368262.00000 N.C.
445362.00000 4368266.00000 N.C.
445362.00000 4368270.00000 -141.8554
445362.00000 4368274.00000 -143.7216
445362.00000 4368278.00000 -137.6944
445362.00000 4368282.00000 -138.7322
445362.00000 4368286.00000 -134.6347
445362.00000 4368290.00000 -137.8208
445362.00000 4368294.00000 -138.2639
445362.00000 4368298.00000 -149.9836
445362.00000 4368302.00000 -150.6011
445362.00000 4368306.00000 -149.8919
445362.00000 4368310.00000 -147.9100
445362.00000 4368314.00000 -146.3724
445362.00000 4368318.00000 -144.6965
445362.00000 4368322.00000 -145.3366
445362.00000 4368326.00000 -144.1975
445362.00000 4368330.00000 -142.0564
445362.00000 4368334.00000 -144.7852
445362.00000 4368338.00000 -144.6655
445362.00000 4368342.00000 -142.6261
445362.00000 4368346.00000 -138.3812
445362.00000 4368350.00000 -132.2381
445362.00000 4368354.00000 -127.2751
445362.00000 4368358.00000 -127.4990
445362.00000 4368362.00000 -119.6718
445362.00000 4368366.00000 -116.4752
445362.00000 4368370.00000 -119.8683
445362.00000 4368374.00000 -125.4086
445362.00000 4368378.00000 -123.3643
445362.00000 4368382.00000 -124.3595
445362.00000 4368386.00000 -124.0376
445362.00000 4368390.00000 -124.3628
445362.00000 4368394.00000 -125.1093
445366.00000 4367886.00000 -130.7750
445366.00000 4367890.00000 -130.5497
445366.00000 4367894.00000 -130.2362
445366.00000 4367898.00000 -130.1370
445366.00000 4367902.00000 -130.0792
445366.00000 4367906.00000 -130.0155
445366.00000 4367910.00000 -129.7652
445366.00000 4367914.00000 -129.6060
445366.00000 4367918.00000 -129.6175
445366.00000 4367922.00000 -129.4947
445366.00000 4367926.00000 -129.1931
445366.00000 4367930.00000 -129.2085
445366.00000 4367934.00000 -129.1171
445366.00000 4367938.00000 -129.4453
445366.00000 4367942.00000 -129.1862
445366.00000 4367946.00000 -129.0630
445366.00000 4367950.00000 -129.2569
445366.00000 4367954.00000 -129.0337
445366.00000 4367958.00000 -129.1570
445366.00000 4367962.00000 -128.9343
445366.00000 4367966.00000 -128.5757
445366.00000 4367970.00000 -128.3691
445366.00000 4367974.00000 -128.5459
445366.00000 4367978.00000 -128.4033
445366.00000 4367982.00000 -128.3093
445366.00000 4367986.00000 -128.4320
445366.00000 4367990.00000 -128.2588
445366.00000 4367994.00000 -128.1796
445366.00000 4367998.00000 -127.9443
445366.00000 4368002.00000 -127.9676
445366.00000 4368006.00000 -127.8025
445366.00000 4368010.00000 -127.4496
445366.00000 4368014.00000 -127.2475
445366.00000 4368018.00000 -127.1760
445366.00000 4368022.00000 -126.0558
445366.00000 4368026.00000 -127.1484
445366.00000 4368030.00000 -126.3902
445366.00000 4368034.00000 -126.2751
445366.00000 4368038.00000 -126.3775
445366.00000 4368042.00000 -126.0181
445366.00000 4368046.00000 -129.8031
445366.00000 4368050.00000 -132.2334
445366.00000 4368054.00000 -125.8779
445366.00000 4368058.00000 -126.3810
445366.00000 4368062.00000 -130.1097
445366.00000 4368066.00000 -129.0824
445366.00000 4368070.00000 -135.9660
445366.00000 4368074.00000 -126.8277
445366.00000 4368078.00000 -129.8424
445366.00000 4368082.00000 -129.7545
445366.00000 4368086.00000 -129.8165
445366.00000 4368090.00000 -193.3063
445366.00000 4368094.00000 N.C.
445366.00000 4368098.00000 -129.6481
445366.00000 4368102.00000 -129.6269
445366.00000 4368106.00000 -136.8808
445366.00000 4368110.00000 -134.1422
445366.00000 4368114.00000 -123.6354
445366.00000 4368118.00000 -120.9038
445366.00000 4368122.00000 -146.4484
445366.00000 4368126.00000 -146.5488
445366.00000 4368130.00000 -150.1342
445366.00000 4368134.00000 -150.2438
445366.00000 4368138.00000 -152.6475
445366.00000 4368142.00000 -153.2951
445366.00000 4368146.00000 -154.8872
445366.00000 4368150.00000 N.C.
445366.00000 4368154.00000 N.C.
445366.00000 4368158.00000 N.C.
445366.00000 4368162.00000 N.C.
445366.00000 4368166.00000 N.C.
445366.00000 4368170.00000 -139.6479
445366.00000 4368174.00000 -140.7291
445366.00000 4368178.00000 N.C.
445366.00000 4368182.00000 -130.4805
445366.00000 4368186.00000 -128.1739
445366.00000 4368190.00000 -119.8627
445366.00000 4368194.00000 -120.9351
445366.00000 4368198.00000 -120.6001
445366.00000 4368202.00000 -120.0439
445366.00000 4368206.00000 -119.7256
445366.00000 4368210.00000 -115.5732
445366.00000 4368214.00000 -115.1143
445366.00000 4368218.00000 -112.0007
445366.00000 4368222.00000 -102.9869
445366.00000 4368226.00000 -109.4081
445366.00000 4368230.00000 N.C.
445366.00000 4368234.00000 N.C.
445366.00000 4368238.00000 N.C.
445366.00000 4368242.00000 N.C.
445366.00000 4368246.00000 N.C.
445366.00000 4368250.00000 N.C.
445366.00000 4368254.00000 N.C.
445366.00000 4368258.00000 N.C.
445366.00000 4368262.00000 N.C.
445366.00000 4368266.00000 N.C.
445366.00000 4368270.00000 N.C.
445366.00000 4368274.00000 N.C.
445366.00000 4368278.00000 N.C.
445366.00000 4368282.00000 -136.8350
445366.00000 4368286.00000 -138.1517
445366.00000 4368290.00000 -133.8253
445366.00000 4368294.00000 -137.7287
445366.00000 4368298.00000 -137.3988
445366.00000 4368302.00000 -145.2121
445366.00000 4368306.00000 -145.5823
445366.00000 4368310.00000 -144.7745
445366.00000 4368314.00000 -144.0602
445366.00000 4368318.00000 -143.8732
445366.00000 4368322.00000 -145.1429
445366.00000 4368326.00000 -144.8993
445366.00000 4368330.00000 -141.3844
445366.00000 4368334.00000 -144.7211
445366.00000 4368338.00000 -145.0289
445366.00000 4368342.00000 -143.6037
445366.00000 4368346.00000 -133.6639
445366.00000 4368350.00000 -135.8811
445366.00000 4368354.00000 -127.4664
445366.00000 4368358.00000 -127.5006
445366.00000 4368362.00000 -118.7339
445366.00000 4368366.00000 -120.0346
445366.00000 4368370.00000 -116.8795
445366.00000 4368374.00000 -116.9179
445366.00000 4368378.00000 -122.8232
445366.00000 4368382.00000 -123.6723
445366.00000 4368386.00000 -124.2534
445366.00000 4368390.00000 -122.8915
445366.00000 4368394.00000 -123.2879
445370.00000 4367886.00000 -130.5428
445370.00000 4367890.00000 -130.2904
445370.00000 4367894.00000 -130.1536
445370.00000 4367898.00000 -130.1720
445370.00000 4367902.00000 -130.1414
445370.00000 4367906.00000 -130.0217
445370.00000 4367910.00000 -129.8560
445370.00000 4367914.00000 -130.0108
445370.00000 4367918.00000 -129.8555
445370.00000 4367922.00000 -129.7850
445370.00000 4367926.00000 -129.8476
445370.00000 4367930.00000 -129.7271
445370.00000 4367934.00000 -129.6196
445370.00000 4367938.00000 -129.4214
445370.00000 4367942.00000 -129.2750
445370.00000 4367946.00000 -129.1584
445370.00000 4367950.00000 -129.4309
445370.00000 4367954.00000 -129.4482
445370.00000 4367958.00000 -129.2075
445370.00000 4367962.00000 -128.8994
445370.00000 4367966.00000 -128.6928
445370.00000 4367970.00000 -128.4908
445370.00000 4367974.00000 -128.5739
445370.00000 4367978.00000 -128.5929
445370.00000 4367982.00000 -128.5939
445370.00000 4367986.00000 -128.5785
445370.00000 4367990.00000 -128.4367
445370.00000 4367994.00000 -128.2281
445370.00000 4367998.00000 -128.1987
445370.00000 4368002.00000 -128.0729
445370.00000 4368006.00000 -127.8333
445370.00000 4368010.00000 -127.6107
445370.00000 4368014.00000 -127.3604
445370.00000 4368018.00000 -127.3159
445370.00000 4368022.00000 -127.2706
445370.00000 4368026.00000 -127.1265
445370.00000 4368030.00000 -126.4208
445370.00000 4368034.00000 -126.8449
445370.00000 4368038.00000 -126.6200
445370.00000 4368042.00000 -126.1644
445370.00000 4368046.00000 -129.5200
445370.00000 4368050.00000 -130.5870
445370.00000 4368054.00000 -125.8739
445370.00000 4368058.00000 -128.5602
445370.00000 4368062.00000 -130.0047
445370.00000 4368066.00000 -129.1471
445370.00000 4368070.00000 -130.0349
445370.00000 4368074.00000 -126.9895
445370.00000 4368078.00000 -129.9353
445370.00000 4368082.00000 -129.9267
445370.00000 4368086.00000 -126.6696
445370.00000 4368090.00000 N.C.
445370.00000 4368094.00000 N.C.
445370.00000 4368098.00000 N.C.
445370.00000 4368102.00000 N.C.
445370.00000 4368106.00000 N.C.
445370.00000 4368110.00000 N.C.
445370.00000 4368114.00000 N.C.
445370.00000 4368118.00000 N.C.
445370.00000 4368122.00000 N.C.
445370.00000 4368126.00000 -148.8609
445370.00000 4368130.00000 -149.0375
445370.00000 4368134.00000 -148.8815
445370.00000 4368138.00000 -148.8945
445370.00000 4368142.00000 -149.5701
445370.00000 4368146.00000 -149.9823
445370.00000 4368150.00000 -150.7646
445370.00000 4368154.00000 -152.7379
445370.00000 4368158.00000 -152.8278
445370.00000 4368162.00000 -152.6150
445370.00000 4368166.00000 -153.5869
445370.00000 4368170.00000 -139.5550
445370.00000 4368174.00000 -148.3981
445370.00000 4368178.00000 -133.8649
445370.00000 4368182.00000 -121.9698
445370.00000 4368186.00000 N.C.
445370.00000 4368190.00000 N.C.
445370.00000 4368194.00000 N.C.
445370.00000 4368198.00000 N.C.
445370.00000 4368202.00000 N.C.
445370.00000 4368206.00000 N.C.
445370.00000 4368210.00000 -115.7090
445370.00000 4368214.00000 -115.1922
445370.00000 4368218.00000 -112.9203
445370.00000 4368222.00000 -103.1953
445370.00000 4368226.00000 -106.5074
445370.00000 4368230.00000 N.C.
445370.00000 4368234.00000 N.C.
445370.00000 4368238.00000 N.C.
445370.00000 4368242.00000 N.C.
445370.00000 4368246.00000 N.C.
445370.00000 4368250.00000 N.C.
445370.00000 4368254.00000 N.C.
445370.00000 4368258.00000 -162.9491
445370.00000 4368262.00000 -154.1445
445370.00000 4368266.00000 N.C.
445370.00000 4368270.00000 -152.5954
445370.00000 4368274.00000 N.C.
445370.00000 4368278.00000 N.C.
445370.00000 4368282.00000 -139.0914
445370.00000 4368286.00000 -136.2023
445370.00000 4368290.00000 -136.8417
445370.00000 4368294.00000 -133.8111
445370.00000 4368298.00000 -135.9267
445370.00000 4368302.00000 -145.5094
445370.00000 4368306.00000 -144.2725
445370.00000 4368310.00000 -143.7341
445370.00000 4368314.00000 -143.8091
445370.00000 4368318.00000 -142.9249
445370.00000 4368322.00000 -142.7160
445370.00000 4368326.00000 -142.6555
445370.00000 4368330.00000 -140.6957
445370.00000 4368334.00000 -140.0073
445370.00000 4368338.00000 -139.5295
445370.00000 4368342.00000 -138.4941
445370.00000 4368346.00000 -132.2913
445370.00000 4368350.00000 -135.6459
445370.00000 4368354.00000 -135.4215
445370.00000 4368358.00000 -126.0560
445370.00000 4368362.00000 -119.4855
445370.00000 4368366.00000 -118.8768
445370.00000 4368370.00000 -121.1504
445370.00000 4368374.00000 -116.7496
445370.00000 4368378.00000 -114.0175
445370.00000 4368382.00000 -118.1314
445370.00000 4368386.00000 -123.7926
445370.00000 4368390.00000 -122.9434
445370.00000 4368394.00000 -123.3829
445374.00000 4367886.00000 -130.4362
445374.00000 4367890.00000 -130.3635
445374.00000 4367894.00000 -130.4185
445374.00000 4367898.00000 -130.3742
445374.00000 4367902.00000 -130.5747
445374.00000 4367906.00000 -130.3181
445374.00000 4367910.00000 -130.1251
445374.00000 4367914.00000 -129.8649
445374.00000 4367918.00000 -129.7986
445374.00000 4367922.00000 -129.9952
445374.00000 4367926.00000 -129.9390
445374.00000 4367930.00000 -129.7938
445374.00000 4367934.00000 -129.7515
445374.00000 4367938.00000 -129.6104
445374.00000 4367942.00000 -129.3722
445374.00000 4367946.00000 -129.2759
445374.00000 4367950.00000 -129.5439
445374.00000 4367954.00000 -129.4370
445374.00000 4367958.00000 -129.1381
445374.00000 4367962.00000 -128.8191
445374.00000 4367966.00000 -128.6947
445374.00000 4367970.00000 -128.7524
445374.00000 4367974.00000 -128.8045
445374.00000 4367978.00000 -128.8790
445374.00000 4367982.00000 -128.7647
445374.00000 4367986.00000 -128.7930
445374.00000 4367990.00000 -128.5696
445374.00000 4367994.00000 -128.4822
445374.00000 4367998.00000 -128.3870
445374.00000 4368002.00000 -128.0858
445374.00000 4368006.00000 -127.7973
445374.00000 4368010.00000 -127.5976
445374.00000 4368014.00000 -127.6466
445374.00000 4368018.00000 -127.4839
445374.00000 4368022.00000 -127.2872
445374.00000 4368026.00000 -127.1783
445374.00000 4368030.00000 -126.4557
445374.00000 4368034.00000 -127.0025
445374.00000 4368038.00000 -126.8367
445374.00000 4368042.00000 -126.2791
445374.00000 4368046.00000 -129.5213
445374.00000 4368050.00000 -125.7187
445374.00000 4368054.00000 -126.6578
445374.00000 4368058.00000 -128.7833
445374.00000 4368062.00000 -129.8396
445374.00000 4368066.00000 -132.1666
445374.00000 4368070.00000 -127.0264
445374.00000 4368074.00000 -127.3702
445374.00000 4368078.00000 -130.1271
445374.00000 4368082.00000 -130.1070
445374.00000 4368086.00000 -126.4573
445374.00000 4368090.00000 N.C.
445374.00000 4368094.00000 N.C.
445374.00000 4368098.00000 N.C.
445374.00000 4368102.00000 N.C.
445374.00000 4368106.00000 N.C.
445374.00000 4368110.00000 N.C.
445374.00000 4368114.00000 N.C.
445374.00000 4368118.00000 N.C.
445374.00000 4368122.00000 N.C.
445374.00000 4368126.00000 N.C.
445374.00000 4368130.00000 N.C.
445374.00000 4368134.00000 N.C.
445374.00000 4368138.00000 N.C.
445374.00000 4368142.00000 N.C.
445374.00000 4368146.00000 N.C.
445374.00000 4368150.00000 -151.2238
445374.00000 4368154.00000 -151.7330
445374.00000 4368158.00000 -150.6382
445374.00000 4368162.00000 -151.4371
445374.00000 4368166.00000 -143.9073
445374.00000 4368170.00000 -139.1550
445374.00000 4368174.00000 -133.8483
445374.00000 4368178.00000 -131.5677
445374.00000 4368182.00000 -131.1542
445374.00000 4368186.00000 N.C.
445374.00000 4368190.00000 N.C.
445374.00000 4368194.00000 N.C.
445374.00000 4368198.00000 N.C.
445374.00000 4368202.00000 N.C.
445374.00000 4368206.00000 N.C.
445374.00000 4368210.00000 -115.7308
445374.00000 4368214.00000 -115.5373
445374.00000 4368218.00000 -115.0964
445374.00000 4368222.00000 -103.3275
445374.00000 4368226.00000 -108.0112
445374.00000 4368230.00000 -133.5480
445374.00000 4368234.00000 -129.4866
445374.00000 4368238.00000 N.C.
445374.00000 4368242.00000 N.C.
445374.00000 4368246.00000 -155.1632
445374.00000 4368250.00000 -157.6000
445374.00000 4368254.00000 N.C.
445374.00000 4368258.00000 N.C.
445374.00000 4368262.00000 N.C.
445374.00000 4368266.00000 N.C.
445374.00000 4368270.00000 N.C.
445374.00000 4368274.00000 N.C.
445374.00000 4368278.00000 N.C.
445374.00000 4368282.00000 -136.4207
445374.00000 4368286.00000 -138.1664
445374.00000 4368290.00000 -135.8794
445374.00000 4368294.00000 -135.6545
445374.00000 4368298.00000 -133.5459
445374.00000 4368302.00000 -134.3479
445374.00000 4368306.00000 -144.9637
445374.00000 4368310.00000 -145.5872
445374.00000 4368314.00000 -144.9709
445374.00000 4368318.00000 -146.1097
445374.00000 4368322.00000 -144.5408
445374.00000 4368326.00000 -142.5468
445374.00000 4368330.00000 -140.7934
445374.00000 4368334.00000 -140.5215
445374.00000 4368338.00000 -138.9268
445374.00000 4368342.00000 -138.6720
445374.00000 4368346.00000 -132.3911
445374.00000 4368350.00000 -137.9852
445374.00000 4368354.00000 -135.6607
445374.00000 4368358.00000 -133.9716
445374.00000 4368362.00000 -129.5327
445374.00000 4368366.00000 -119.8138
445374.00000 4368370.00000 -118.8643
445374.00000 4368374.00000 -120.7911
445374.00000 4368378.00000 -115.8810
445374.00000 4368382.00000 -114.2825
445374.00000 4368386.00000 -116.6342
445374.00000 4368390.00000 -122.7693
445374.00000 4368394.00000 -122.4863
445378.00000 4367886.00000 -130.8618
445378.00000 4367890.00000 -130.9011
445378.00000 4367894.00000 -130.8355
445378.00000 4367898.00000 -130.5719
445378.00000 4367902.00000 -130.4685
445378.00000 4367906.00000 -130.4137
445378.00000 4367910.00000 -130.1673
445378.00000 4367914.00000 -130.1862
445378.00000 4367918.00000 -130.0329
445378.00000 4367922.00000 -129.8994
445378.00000 4367926.00000 -130.0699
445378.00000 4367930.00000 -129.9600
445378.00000 4367934.00000 -129.7770
445378.00000 4367938.00000 -129.5312
445378.00000 4367942.00000 -129.4298
445378.00000 4367946.00000 -129.3839
445378.00000 4367950.00000 -129.5434
445378.00000 4367954.00000 -129.2524
445378.00000 4367958.00000 -129.0495
445378.00000 4367962.00000 -128.8954
445378.00000 4367966.00000 -129.0127
445378.00000 4367970.00000 -129.0562
445378.00000 4367974.00000 -129.0332
445378.00000 4367978.00000 -129.0278
445378.00000 4367982.00000 -129.0453
445378.00000 4367986.00000 -128.8766
445378.00000 4367990.00000 -128.7004
445378.00000 4367994.00000 -128.6366
445378.00000 4367998.00000 -128.3004
445378.00000 4368002.00000 -127.9577
445378.00000 4368006.00000 -127.8115
445378.00000 4368010.00000 -127.8470
445378.00000 4368014.00000 -127.7544
445378.00000 4368018.00000 -127.8532
445378.00000 4368022.00000 -127.6260
445378.00000 4368026.00000 -126.7370
445378.00000 4368030.00000 -127.5282
445378.00000 4368034.00000 -126.9976
445378.00000 4368038.00000 -126.5476
445378.00000 4368042.00000 -126.3384
445378.00000 4368046.00000 -127.6552
445378.00000 4368050.00000 -126.2528
445378.00000 4368054.00000 -129.0642
445378.00000 4368058.00000 -128.9186
445378.00000 4368062.00000 -129.0676
445378.00000 4368066.00000 -132.9899
445378.00000 4368070.00000 -127.1372
445378.00000 4368074.00000 -130.2459
445378.00000 4368078.00000 -130.3049
445378.00000 4368082.00000 -130.2499
445378.00000 4368086.00000 -125.8308
445378.00000 4368090.00000 N.C.
445378.00000 4368094.00000 N.C.
445378.00000 4368098.00000 N.C.
445378.00000 4368102.00000 N.C.
445378.00000 4368106.00000 N.C.
445378.00000 4368110.00000 N.C.
445378.00000 4368114.00000 N.C.
445378.00000 4368118.00000 N.C.
445378.00000 4368122.00000 N.C.
445378.00000 4368126.00000 N.C.
445378.00000 4368130.00000 N.C.
445378.00000 4368134.00000 N.C.
445378.00000 4368138.00000 N.C.
445378.00000 4368142.00000 N.C.
445378.00000 4368146.00000 N.C.
445378.00000 4368150.00000 N.C.
445378.00000 4368154.00000 N.C.
445378.00000 4368158.00000 N.C.
445378.00000 4368162.00000 N.C.
445378.00000 4368166.00000 N.C.
445378.00000 4368170.00000 N.C.
445378.00000 4368174.00000 N.C.
445378.00000 4368178.00000 -127.5781
445378.00000 4368182.00000 -130.7795
445378.00000 4368186.00000 N.C.
445378.00000 4368190.00000 N.C.
445378.00000 4368194.00000 N.C.
445378.00000 4368198.00000 N.C.
445378.00000 4368202.00000 N.C.
445378.00000 4368206.00000 N.C.
445378.00000 4368210.00000 -117.9987
445378.00000 4368214.00000 -118.5791
445378.00000 4368218.00000 -115.2117
445378.00000 4368222.00000 -106.3707
445378.00000 4368226.00000 -104.3672
445378.00000 4368230.00000 -126.7821
445378.00000 4368234.00000 -135.9184
445378.00000 4368238.00000 N.C.
445378.00000 4368242.00000 N.C.
445378.00000 4368246.00000 -155.4514
445378.00000 4368250.00000 -157.0530
445378.00000 4368254.00000 -155.6441
445378.00000 4368258.00000 N.C.
445378.00000 4368262.00000 N.C.
445378.00000 4368266.00000 N.C.
445378.00000 4368270.00000 N.C.
445378.00000 4368274.00000 -143.1013
445378.00000 4368278.00000 -136.6963
445378.00000 4368282.00000 -136.4393
445378.00000 4368286.00000 -134.8935
445378.00000 4368290.00000 -137.4228
445378.00000 4368294.00000 -136.2972
445378.00000 4368298.00000 -135.2344
445378.00000 4368302.00000 -132.9143
445378.00000 4368306.00000 -134.0608
445378.00000 4368310.00000 -141.3317
445378.00000 4368314.00000 -145.0892
445378.00000 4368318.00000 -145.9672
445378.00000 4368322.00000 -145.0952
445378.00000 4368326.00000 -144.0712
445378.00000 4368330.00000 -142.3841
445378.00000 4368334.00000 -140.4739
445378.00000 4368338.00000 -142.1780
445378.00000 4368342.00000 -139.4925
445378.00000 4368346.00000 -132.4308
445378.00000 4368350.00000 -137.9035
445378.00000 4368354.00000 -135.1930
445378.00000 4368358.00000 -135.9119
445378.00000 4368362.00000 -133.1808
445378.00000 4368366.00000 -129.8779
445378.00000 4368370.00000 -125.0464
445378.00000 4368374.00000 -120.8597
445378.00000 4368378.00000 -120.4774
445378.00000 4368382.00000 -118.0184
445378.00000 4368386.00000 -113.0013
445378.00000 4368390.00000 -113.7118
445378.00000 4368394.00000 -120.0840
445382.00000 4367886.00000 -131.0686
445382.00000 4367890.00000 -130.8812
445382.00000 4367894.00000 -130.7193
445382.00000 4367898.00000 -130.6219
445382.00000 4367902.00000 -130.5167
445382.00000 4367906.00000 -130.4644
445382.00000 4367910.00000 -130.1322
445382.00000 4367914.00000 -130.0171
445382.00000 4367918.00000 -130.0542
445382.00000 4367922.00000 -130.1789
445382.00000 4367926.00000 -130.0902
445382.00000 4367930.00000 -129.9460
445382.00000 4367934.00000 -129.7957
445382.00000 4367938.00000 -129.5959
445382.00000 4367942.00000 -129.5956
445382.00000 4367946.00000 -129.4214
445382.00000 4367950.00000 -129.6194
445382.00000 4367954.00000 -129.3426
445382.00000 4367958.00000 -129.1447
445382.00000 4367962.00000 -129.0388
445382.00000 4367966.00000 -129.3205
445382.00000 4367970.00000 -129.2703
445382.00000 4367974.00000 -129.1950
445382.00000 4367978.00000 -129.1222
445382.00000 4367982.00000 -129.0541
445382.00000 4367986.00000 -128.8734
445382.00000 4367990.00000 -128.8020
445382.00000 4367994.00000 -128.5342
445382.00000 4367998.00000 -128.1499
445382.00000 4368002.00000 -128.1708
445382.00000 4368006.00000 -128.0658
445382.00000 4368010.00000 -127.9971
445382.00000 4368014.00000 -128.0793
445382.00000 4368018.00000 -127.9297
445382.00000 4368022.00000 -127.5709
445382.00000 4368026.00000 -126.8602
445382.00000 4368030.00000 -127.7263
445382.00000 4368034.00000 -127.2823
445382.00000 4368038.00000 -126.4254
445382.00000 4368042.00000 -125.1976
445382.00000 4368046.00000 -125.3571
445382.00000 4368050.00000 -129.6837
445382.00000 4368054.00000 -132.1492
445382.00000 4368058.00000 -131.9624
445382.00000 4368062.00000 -129.0439
445382.00000 4368066.00000 -126.3628
445382.00000 4368070.00000 -127.7758
445382.00000 4368074.00000 -130.4130
445382.00000 4368078.00000 -130.4367
445382.00000 4368082.00000 -128.7808
445382.00000 4368086.00000 -138.6473
445382.00000 4368090.00000 N.C.
445382.00000 4368094.00000 N.C.
445382.00000 4368098.00000 N.C.
445382.00000 4368102.00000 N.C.
445382.00000 4368106.00000 N.C.
445382.00000 4368110.00000 N.C.
445382.00000 4368114.00000 N.C.
445382.00000 4368118.00000 N.C.
445382.00000 4368122.00000 N.C.
445382.00000 4368126.00000 N.C.
445382.00000 4368130.00000 N.C.
445382.00000 4368134.00000 N.C.
445382.00000 4368138.00000 N.C.
445382.00000 4368142.00000 N.C.
445382.00000 4368146.00000 N.C.
445382.00000 4368150.00000 N.C.
445382.00000 4368154.00000 N.C.
445382.00000 4368158.00000 N.C.
445382.00000 4368162.00000 N.C.
445382.00000 4368166.00000 N.C.
445382.00000 4368170.00000 N.C.
445382.00000 4368174.00000 N.C.
445382.00000 4368178.00000 -127.4788
445382.00000 4368182.00000 -130.6679
445382.00000 4368186.00000 N.C.
445382.00000 4368190.00000 N.C.
445382.00000 4368194.00000 N.C.
445382.00000 4368198.00000 N.C.
445382.00000 4368202.00000 N.C.
445382.00000 4368206.00000 -124.1742
445382.00000 4368210.00000 -115.5100
445382.00000 4368214.00000 -119.9800
445382.00000 4368218.00000 -114.9496
445382.00000 4368222.00000 -109.4189
445382.00000 4368226.00000 -104.8403
445382.00000 4368230.00000 -112.7579
445382.00000 4368234.00000 -136.0762
445382.00000 4368238.00000 N.C.
445382.00000 4368242.00000 N.C.
445382.00000 4368246.00000 -155.1396
445382.00000 4368250.00000 -155.1920
445382.00000 4368254.00000 -155.2587
445382.00000 4368258.00000 N.C.
445382.00000 4368262.00000 N.C.
445382.00000 4368266.00000 N.C.
445382.00000 4368270.00000 N.C.
445382.00000 4368274.00000 -143.6058
445382.00000 4368278.00000 -135.3865
445382.00000 4368282.00000 -135.4028
445382.00000 4368286.00000 -134.9580
445382.00000 4368290.00000 -133.9243
445382.00000 4368294.00000 -139.0687
445382.00000 4368298.00000 -135.2765
445382.00000 4368302.00000 -134.1583
445382.00000 4368306.00000 -132.5471
445382.00000 4368310.00000 -133.6806
445382.00000 4368314.00000 -143.0617
445382.00000 4368318.00000 -142.4853
445382.00000 4368322.00000 -142.3030
445382.00000 4368326.00000 -142.0116
445382.00000 4368330.00000 -143.0616
445382.00000 4368334.00000 -141.3015
445382.00000 4368338.00000 -141.9300
445382.00000 4368342.00000 -142.8405
445382.00000 4368346.00000 -139.0655
445382.00000 4368350.00000 -132.5327
445382.00000 4368354.00000 -135.5935
445382.00000 4368358.00000 -134.8704
445382.00000 4368362.00000 -134.7370
445382.00000 4368366.00000 -132.8248
445382.00000 4368370.00000 -128.9483
445382.00000 4368374.00000 -122.8960
445382.00000 4368378.00000 -120.5300
445382.00000 4368382.00000 -119.9902
445382.00000 4368386.00000 -114.7330
445382.00000 4368390.00000 -113.0252
445382.00000 4368394.00000 -112.9617
445386.00000 4367886.00000 -131.0407
445386.00000 4367890.00000 -130.8847
445386.00000 4367894.00000 -130.7470
445386.00000 4367898.00000 -130.6413
445386.00000 4367902.00000 -130.6643
445386.00000 4367906.00000 -130.7101
445386.00000 4367910.00000 -130.2191
445386.00000 4367914.00000 -130.3816
445386.00000 4367918.00000 -130.3309
445386.00000 4367922.00000 -130.0920
445386.00000 4367926.00000 -130.0563
445386.00000 4367930.00000 -129.9858
445386.00000 4367934.00000 -129.6194
445386.00000 4367938.00000 -129.6512
445386.00000 4367942.00000 -129.6158
445386.00000 4367946.00000 -129.2972
445386.00000 4367950.00000 -129.7204
445386.00000 4367954.00000 -129.4866
445386.00000 4367958.00000 -129.3577
445386.00000 4367962.00000 -129.4376
445386.00000 4367966.00000 -129.5332
445386.00000 4367970.00000 -129.4691
445386.00000 4367974.00000 -129.3746
445386.00000 4367978.00000 -129.0713
445386.00000 4367982.00000 -128.9981
445386.00000 4367986.00000 -128.9524
445386.00000 4367990.00000 -128.8639
445386.00000 4367994.00000 -128.5143
445386.00000 4367998.00000 -128.3116
445386.00000 4368002.00000 -128.2132
445386.00000 4368006.00000 -128.2760
445386.00000 4368010.00000 -127.1151
445386.00000 4368014.00000 -128.1433
445386.00000 4368018.00000 -128.0159
445386.00000 4368022.00000 -127.9314
445386.00000 4368026.00000 -127.4596
445386.00000 4368030.00000 -127.6299
445386.00000 4368034.00000 -127.0024
445386.00000 4368038.00000 -126.5295
445386.00000 4368042.00000 -127.5488
445386.00000 4368046.00000 -126.9863
445386.00000 4368050.00000 -128.9437
445386.00000 4368054.00000 -132.4733
445386.00000 4368058.00000 -130.4012
445386.00000 4368062.00000 -129.9094
445386.00000 4368066.00000 -128.7050
445386.00000 4368070.00000 -130.6342
445386.00000 4368074.00000 -130.5314
445386.00000 4368078.00000 -130.5767
445386.00000 4368082.00000 -126.8685
445386.00000 4368086.00000 -144.3230
445386.00000 4368090.00000 N.C.
445386.00000 4368094.00000 N.C.
445386.00000 4368098.00000 N.C.
445386.00000 4368102.00000 N.C.
445386.00000 4368106.00000 N.C.
445386.00000 4368110.00000 N.C.
445386.00000 4368114.00000 N.C.
445386.00000 4368118.00000 N.C.
445386.00000 4368122.00000 N.C.
445386.00000 4368126.00000 N.C.
445386.00000 4368130.00000 N.C.
445386.00000 4368134.00000 N.C.
445386.00000 4368138.00000 N.C.
445386.00000 4368142.00000 N.C.
445386.00000 4368146.00000 N.C.
445386.00000 4368150.00000 N.C.
445386.00000 4368154.00000 N.C.
445386.00000 4368158.00000 N.C.
445386.00000 4368162.00000 N.C.
445386.00000 4368166.00000 N.C.
445386.00000 4368170.00000 N.C.
445386.00000 4368174.00000 N.C.
445386.00000 4368178.00000 -132.3547
445386.00000 4368182.00000 -131.8039
445386.00000 4368186.00000 N.C.
445386.00000 4368190.00000 N.C.
445386.00000 4368194.00000 N.C.
445386.00000 4368198.00000 N.C.
445386.00000 4368202.00000 N.C.
445386.00000 4368206.00000 -117.0926
445386.00000 4368210.00000 -123.1855
445386.00000 4368214.00000 -117.2610
445386.00000 4368218.00000 -115.6395
445386.00000 4368222.00000 -115.5610
445386.00000 4368226.00000 N.C.
445386.00000 4368230.00000 N.C.
445386.00000 4368234.00000 N.C.
445386.00000 4368238.00000 N.C.
445386.00000 4368242.00000 N.C.
445386.00000 4368246.00000 -150.7922
445386.00000 4368250.00000 -148.8478
445386.00000 4368254.00000 N.C.
445386.00000 4368258.00000 N.C.
445386.00000 4368262.00000 N.C.
445386.00000 4368266.00000 -169.8939
445386.00000 4368270.00000 N.C.
445386.00000 4368274.00000 -139.5238
445386.00000 4368278.00000 -132.5193
445386.00000 4368282.00000 -135.7314
445386.00000 4368286.00000 -134.3533
445386.00000 4368290.00000 -135.6617
445386.00000 4368294.00000 -134.7410
445386.00000 4368298.00000 -137.3516
445386.00000 4368302.00000 -136.2643
445386.00000 4368306.00000 -134.1859
445386.00000 4368310.00000 -133.2075
445386.00000 4368314.00000 -134.7317
445386.00000 4368318.00000 -142.7972
445386.00000 4368322.00000 -143.2419
445386.00000 4368326.00000 -142.2358
445386.00000 4368330.00000 -142.0280
445386.00000 4368334.00000 -139.8937
445386.00000 4368338.00000 -140.3603
445386.00000 4368342.00000 -140.5645
445386.00000 4368346.00000 -139.7747
445386.00000 4368350.00000 -132.5281
445386.00000 4368354.00000 -138.6331
445386.00000 4368358.00000 -135.7662
445386.00000 4368362.00000 -132.9314
445386.00000 4368366.00000 -134.6134
445386.00000 4368370.00000 -133.1172
445386.00000 4368374.00000 -129.2462
445386.00000 4368378.00000 -124.2593
445386.00000 4368382.00000 -118.8003
445386.00000 4368386.00000 -115.1799
445386.00000 4368390.00000 -115.1958
445386.00000 4368394.00000 -113.2243
445390.00000 4367886.00000 -131.0202
445390.00000 4367890.00000 -130.9528
445390.00000 4367894.00000 -130.8296
445390.00000 4367898.00000 -130.8404
445390.00000 4367902.00000 -130.6675
445390.00000 4367906.00000 -130.8543
445390.00000 4367910.00000 -130.5969
445390.00000 4367914.00000 -130.5237
445390.00000 4367918.00000 -130.4285
445390.00000 4367922.00000 -130.1820
445390.00000 4367926.00000 -129.9978
445390.00000 4367930.00000 -129.8635
445390.00000 4367934.00000 -129.8529
445390.00000 4367938.00000 -129.6731
445390.00000 4367942.00000 -129.4072
445390.00000 4367946.00000 -129.8608
445390.00000 4367950.00000 -129.7078
445390.00000 4367954.00000 -129.6628
445390.00000 4367958.00000 -129.4229
445390.00000 4367962.00000 -129.6137
445390.00000 4367966.00000 -129.7011
445390.00000 4367970.00000 -129.3793
445390.00000 4367974.00000 -129.2656
445390.00000 4367978.00000 -129.1142
445390.00000 4367982.00000 -128.9977
445390.00000 4367986.00000 -129.1170
445390.00000 4367990.00000 -128.8263
445390.00000 4367994.00000 -128.6304
445390.00000 4367998.00000 -128.4741
445390.00000 4368002.00000 -128.5178
445390.00000 4368006.00000 -128.4023
445390.00000 4368010.00000 -128.4221
445390.00000 4368014.00000 -128.3893
445390.00000 4368018.00000 -128.1082
445390.00000 4368022.00000 -128.1014
445390.00000 4368026.00000 -127.5434
445390.00000 4368030.00000 -127.1144
445390.00000 4368034.00000 -127.0716
445390.00000 4368038.00000 -126.9802
445390.00000 4368042.00000 -124.8952
445390.00000 4368046.00000 -133.2528
445390.00000 4368050.00000 -132.3467
445390.00000 4368054.00000 -132.1488
445390.00000 4368058.00000 -129.7401
445390.00000 4368062.00000 -129.8166
445390.00000 4368066.00000 -130.5636
445390.00000 4368070.00000 -136.1735
445390.00000 4368074.00000 -135.9135
445390.00000 4368078.00000 -136.0144
445390.00000 4368082.00000 -127.7977
445390.00000 4368086.00000 N.C.
445390.00000 4368090.00000 N.C.
445390.00000 4368094.00000 N.C.
445390.00000 4368098.00000 N.C.
445390.00000 4368102.00000 N.C.
445390.00000 4368106.00000 N.C.
445390.00000 4368110.00000 N.C.
445390.00000 4368114.00000 N.C.
445390.00000 4368118.00000 N.C.
445390.00000 4368122.00000 N.C.
445390.00000 4368126.00000 N.C.
445390.00000 4368130.00000 N.C.
445390.00000 4368134.00000 N.C.
445390.00000 4368138.00000 N.C.
445390.00000 4368142.00000 N.C.
445390.00000 4368146.00000 N.C.
445390.00000 4368150.00000 N.C.
445390.00000 4368154.00000 N.C.
445390.00000 4368158.00000 N.C.
445390.00000 4368162.00000 N.C.
445390.00000 4368166.00000 N.C.
445390.00000 4368170.00000 N.C.
445390.00000 4368174.00000 N.C.
445390.00000 4368178.00000 -133.6051
445390.00000 4368182.00000 N.C.
445390.00000 4368186.00000 N.C.
445390.00000 4368190.00000 N.C.
445390.00000 4368194.00000 N.C.
445390.00000 4368198.00000 N.C.
445390.00000 4368202.00000 N.C.
445390.00000 4368206.00000 -123.2635
445390.00000 4368210.00000 -121.7738
445390.00000 4368214.00000 -117.6922
445390.00000 4368218.00000 -115.7977
445390.00000 4368222.00000 -115.7438
445390.00000 4368226.00000 N.C.
445390.00000 4368230.00000 N.C.
445390.00000 4368234.00000 N.C.
445390.00000 4368238.00000 N.C.
445390.00000 4368242.00000 -155.3467
445390.00000 4368246.00000 N.C.
445390.00000 4368250.00000 N.C.
445390.00000 4368254.00000 N.C.
445390.00000 4368258.00000 N.C.
445390.00000 4368262.00000 N.C.
445390.00000 4368266.00000 N.C.
445390.00000 4368270.00000 N.C.
445390.00000 4368274.00000 -135.6415
445390.00000 4368278.00000 -132.5841
445390.00000 4368282.00000 -136.7244
445390.00000 4368286.00000 -136.1424
445390.00000 4368290.00000 -133.1043
445390.00000 4368294.00000 -134.5380
445390.00000 4368298.00000 -134.9675
445390.00000 4368302.00000 -137.9454
445390.00000 4368306.00000 -135.2126
445390.00000 4368310.00000 -132.9482
445390.00000 4368314.00000 -132.9684
445390.00000 4368318.00000 -138.8528
445390.00000 4368322.00000 -142.4367
445390.00000 4368326.00000 -142.3003
445390.00000 4368330.00000 -142.8304
445390.00000 4368334.00000 -141.2616
445390.00000 4368338.00000 -141.4417
445390.00000 4368342.00000 -141.2503
445390.00000 4368346.00000 -141.9068
445390.00000 4368350.00000 -132.9565
445390.00000 4368354.00000 -136.1475
445390.00000 4368358.00000 -138.4825
445390.00000 4368362.00000 -134.6785
445390.00000 4368366.00000 -133.1214
445390.00000 4368370.00000 -133.5858
445390.00000 4368374.00000 -132.8792
445390.00000 4368378.00000 -128.6045
445390.00000 4368382.00000 -123.5819
445390.00000 4368386.00000 -116.9524
445390.00000 4368390.00000 -115.2275
445390.00000 4368394.00000 -115.0117
445394.00000 4367886.00000 -131.1363
445394.00000 4367890.00000 -131.0121
445394.00000 4367894.00000 -130.9732
445394.00000 4367898.00000 -130.8079
445394.00000 4367902.00000 -130.9177
445394.00000 4367906.00000 -130.7913
445394.00000 4367910.00000 -130.6442
445394.00000 4367914.00000 -130.5591
445394.00000 4367918.00000 -130.2453
445394.00000 4367922.00000 -130.1928
445394.00000 4367926.00000 -129.9055
445394.00000 4367930.00000 -129.8779
445394.00000 4367934.00000 -129.8859
445394.00000 4367938.00000 -129.8787
445394.00000 4367942.00000 -129.6608
445394.00000 4367946.00000 -129.8678
445394.00000 4367950.00000 -129.5987
445394.00000 4367954.00000 -129.6632
445394.00000 4367958.00000 -129.8311
445394.00000 4367962.00000 -129.6047
445394.00000 4367966.00000 -129.5278
445394.00000 4367970.00000 -129.4122
445394.00000 4367974.00000 -129.3693
445394.00000 4367978.00000 -129.4150
445394.00000 4367982.00000 -129.3561
445394.00000 4367986.00000 -129.1459
445394.00000 4367990.00000 -129.0165
445394.00000 4367994.00000 -128.6461
445394.00000 4367998.00000 -128.6295
445394.00000 4368002.00000 -128.7129
445394.00000 4368006.00000 -128.5107
445394.00000 4368010.00000 -128.4784
445394.00000 4368014.00000 -128.1463
445394.00000 4368018.00000 -128.4204
445394.00000 4368022.00000 -128.3913
445394.00000 4368026.00000 -127.0967
445394.00000 4368030.00000 -127.5504
445394.00000 4368034.00000 -127.4056
445394.00000 4368038.00000 -125.4196
445394.00000 4368042.00000 -125.5282
445394.00000 4368046.00000 -136.4858
445394.00000 4368050.00000 -132.3747
445394.00000 4368054.00000 -132.2342
445394.00000 4368058.00000 -128.9600
445394.00000 4368062.00000 -130.9924
445394.00000 4368066.00000 -134.2910
445394.00000 4368070.00000 -136.0135
445394.00000 4368074.00000 -135.8280
445394.00000 4368078.00000 -136.6913
445394.00000 4368082.00000 -127.7563
445394.00000 4368086.00000 N.C.
445394.00000 4368090.00000 N.C.
445394.00000 4368094.00000 N.C.
445394.00000 4368098.00000 N.C.
445394.00000 4368102.00000 N.C.
445394.00000 4368106.00000 N.C.
445394.00000 4368110.00000 N.C.
445394.00000 4368114.00000 N.C.
445394.00000 4368118.00000 N.C.
445394.00000 4368122.00000 N.C.
445394.00000 4368126.00000 N.C.
445394.00000 4368130.00000 N.C.
445394.00000 4368134.00000 N.C.
445394.00000 4368138.00000 N.C.
445394.00000 4368142.00000 N.C.
445394.00000 4368146.00000 N.C.
445394.00000 4368150.00000 N.C.
445394.00000 4368154.00000 N.C.
445394.00000 4368158.00000 N.C.
445394.00000 4368162.00000 N.C.
445394.00000 4368166.00000 N.C.
445394.00000 4368170.00000 N.C.
445394.00000 4368174.00000 N.C.
445394.00000 4368178.00000 -132.1107
445394.00000 4368182.00000 N.C.
445394.00000 4368186.00000 N.C.
445394.00000 4368190.00000 N.C.
445394.00000 4368194.00000 N.C.
445394.00000 4368198.00000 N.C.
445394.00000 4368202.00000 N.C.
445394.00000 4368206.00000 -128.3681
445394.00000 4368210.00000 -119.9403
445394.00000 4368214.00000 N.C.
445394.00000 4368218.00000 -139.9026
445394.00000 4368222.00000 -115.9010
445394.00000 4368226.00000 N.C.
445394.00000 4368230.00000 N.C.
445394.00000 4368234.00000 N.C.
445394.00000 4368238.00000 -161.5046
445394.00000 4368242.00000 -155.5289
445394.00000 4368246.00000 N.C.
445394.00000 4368250.00000 N.C.
445394.00000 4368254.00000 N.C.
445394.00000 4368258.00000 N.C.
445394.00000 4368262.00000 N.C.
445394.00000 4368266.00000 N.C.
445394.00000 4368270.00000 N.C.
445394.00000 4368274.00000 -131.3192
445394.00000 4368278.00000 -130.7048
445394.00000 4368282.00000 -132.4939
445394.00000 4368286.00000 -135.1077
445394.00000 4368290.00000 -134.3432
445394.00000 4368294.00000 -133.9213
445394.00000 4368298.00000 -134.6820
445394.00000 4368302.00000 -135.6091
445394.00000 4368306.00000 -137.3757
445394.00000 4368310.00000 -134.7834
445394.00000 4368314.00000 -132.5578
445394.00000 4368318.00000 -132.2575
445394.00000 4368322.00000 -138.9718
445394.00000 4368326.00000 -141.4646
445394.00000 4368330.00000 -142.6205
445394.00000 4368334.00000 -141.0065
445394.00000 4368338.00000 -142.7143
445394.00000 4368342.00000 -139.9457
445394.00000 4368346.00000 -140.9788
445394.00000 4368350.00000 -133.2053
445394.00000 4368354.00000 -138.3706
445394.00000 4368358.00000 -137.7620
445394.00000 4368362.00000 -138.3282
445394.00000 4368366.00000 -134.5109
445394.00000 4368370.00000 -134.7779
445394.00000 4368374.00000 -132.6910
445394.00000 4368378.00000 -131.6258
445394.00000 4368382.00000 -128.3247
445394.00000 4368386.00000 -124.1293
445394.00000 4368390.00000 -116.6519
445394.00000 4368394.00000 -115.1835
445398.00000 4367886.00000 -131.1720
445398.00000 4367890.00000 -131.0607
445398.00000 4367894.00000 -131.1396
445398.00000 4367898.00000 -131.1161
445398.00000 4367902.00000 -131.0900
445398.00000 4367906.00000 -130.8587
445398.00000 4367910.00000 -130.7105
445398.00000 4367914.00000 -130.4930
445398.00000 4367918.00000 -130.2411
445398.00000 4367922.00000 -130.2172
445398.00000 4367926.00000 -130.0760
445398.00000 4367930.00000 -130.0778
445398.00000 4367934.00000 -130.1114
445398.00000 4367938.00000 -129.8864
445398.00000 4367942.00000 -129.7702
445398.00000 4367946.00000 -130.0385
445398.00000 4367950.00000 -129.6095
445398.00000 4367954.00000 -129.7396
445398.00000 4367958.00000 -129.7917
445398.00000 4367962.00000 -129.6835
445398.00000 4367966.00000 -129.6579
445398.00000 4367970.00000 -129.7423
445398.00000 4367974.00000 -129.7327
445398.00000 4367978.00000 -129.5051
445398.00000 4367982.00000 -129.2693
445398.00000 4367986.00000 -129.1344
445398.00000 4367990.00000 -129.0090
445398.00000 4367994.00000 -128.8848
445398.00000 4367998.00000 -128.8645
445398.00000 4368002.00000 -128.7405
445398.00000 4368006.00000 -128.7814
445398.00000 4368010.00000 -128.6378
445398.00000 4368014.00000 -128.6447
445398.00000 4368018.00000 -128.4541
445398.00000 4368022.00000 -127.6964
445398.00000 4368026.00000 -127.2398
445398.00000 4368030.00000 -127.4475
445398.00000 4368034.00000 -126.0552
445398.00000 4368038.00000 -124.2469
445398.00000 4368042.00000 -127.4493
445398.00000 4368046.00000 -128.1315
445398.00000 4368050.00000 -132.5896
445398.00000 4368054.00000 -132.2279
445398.00000 4368058.00000 -125.6741
445398.00000 4368062.00000 -129.6602
445398.00000 4368066.00000 -136.6136
445398.00000 4368070.00000 -136.0642
445398.00000 4368074.00000 -135.8569
445398.00000 4368078.00000 -131.7661
445398.00000 4368082.00000 -130.2809
445398.00000 4368086.00000 N.C.
445398.00000 4368090.00000 N.C.
445398.00000 4368094.00000 N.C.
445398.00000 4368098.00000 N.C.
445398.00000 4368102.00000 N.C.
445398.00000 4368106.00000 N.C.
445398.00000 4368110.00000 N.C.
445398.00000 4368114.00000 N.C.
445398.00000 4368118.00000 N.C.
445398.00000 4368122.00000 N.C.
445398.00000 4368126.00000 N.C.
445398.00000 4368130.00000 N.C.
445398.00000 4368134.00000 N.C.
445398.00000 4368138.00000 N.C.
445398.00000 4368142.00000 N.C.
445398.00000 4368146.00000 N.C.
445398.00000 4368150.00000 N.C.
445398.00000 4368154.00000 N.C.
445398.00000 4368158.00000 N.C.
445398.00000 4368162.00000 N.C.
445398.00000 4368166.00000 N.C.
445398.00000 4368170.00000 N.C.
445398.00000 4368174.00000 -128.9443
445398.00000 4368178.00000 -130.6522
445398.00000 4368182.00000 N.C.
445398.00000 4368186.00000 N.C.
445398.00000 4368190.00000 N.C.
445398.00000 4368194.00000 N.C.
445398.00000 4368198.00000 N.C.
445398.00000 4368202.00000 N.C.
445398.00000 4368206.00000 -123.0915
445398.00000 4368210.00000 -119.7030
445398.00000 4368214.00000 N.C.
445398.00000 4368218.00000 -139.5117
445398.00000 4368222.00000 N.C.
445398.00000 4368226.00000 N.C.
445398.00000 4368230.00000 N.C.
445398.00000 4368234.00000 N.C.
445398.00000 4368238.00000 -161.4040
445398.00000 4368242.00000 -146.8038
445398.00000 4368246.00000 -143.6989
445398.00000 4368250.00000 N.C.
445398.00000 4368254.00000 -148.2967
445398.00000 4368258.00000 -163.6847
445398.00000 4368262.00000 -164.2957
445398.00000 4368266.00000 -152.0364
445398.00000 4368270.00000 -149.0548
445398.00000 4368274.00000 -135.7850
445398.00000 4368278.00000 -129.2846
445398.00000 4368282.00000 -132.5159
445398.00000 4368286.00000 -132.1741
445398.00000 4368290.00000 -134.6620
445398.00000 4368294.00000 -132.8377
445398.00000 4368298.00000 -134.1786
445398.00000 4368302.00000 -134.4344
445398.00000 4368306.00000 -135.9985
445398.00000 4368310.00000 -137.1139
445398.00000 4368314.00000 -134.7345
445398.00000 4368318.00000 -132.5661
445398.00000 4368322.00000 -131.6405
445398.00000 4368326.00000 -138.6417
445398.00000 4368330.00000 -141.5508
445398.00000 4368334.00000 -141.0370
445398.00000 4368338.00000 -142.3507
445398.00000 4368342.00000 -142.6095
445398.00000 4368346.00000 -139.7535
445398.00000 4368350.00000 -138.7214
445398.00000 4368354.00000 -133.3128
445398.00000 4368358.00000 -137.9458
445398.00000 4368362.00000 -136.1219
445398.00000 4368366.00000 -137.9164
445398.00000 4368370.00000 -134.7143
445398.00000 4368374.00000 -134.0350
445398.00000 4368378.00000 -132.0972
445398.00000 4368382.00000 -130.7979
445398.00000 4368386.00000 -128.4440
445398.00000 4368390.00000 -124.3366
445398.00000 4368394.00000 -118.8417
445402.00000 4367886.00000 -131.2718
445402.00000 4367890.00000 -131.3435
445402.00000 4367894.00000 -131.2519
445402.00000 4367898.00000 -131.2583
445402.00000 4367902.00000 -131.2541
445402.00000 4367906.00000 -130.8976
445402.00000 4367910.00000 -130.6593
445402.00000 4367914.00000 -130.4539
445402.00000 4367918.00000 -130.3668
445402.00000 4367922.00000 -130.3744
445402.00000 4367926.00000 -130.3362
445402.00000 4367930.00000 -130.1998
445402.00000 4367934.00000 -130.3330
445402.00000 4367938.00000 -130.0945
445402.00000 4367942.00000 -129.7591
445402.00000 4367946.00000 -129.9741
445402.00000 4367950.00000 -129.7929
445402.00000 4367954.00000 -129.9718
445402.00000 4367958.00000 -129.9206
445402.00000 4367962.00000 -129.8315
445402.00000 4367966.00000 -129.8083
445402.00000 4367970.00000 -129.8991
445402.00000 4367974.00000 -129.7312
445402.00000 4367978.00000 -129.4202
445402.00000 4367982.00000 -129.2948
445402.00000 4367986.00000 -129.1851
445402.00000 4367990.00000 -129.0350
445402.00000 4367994.00000 -129.1534
445402.00000 4367998.00000 -128.9677
445402.00000 4368002.00000 -128.9109
445402.00000 4368006.00000 -128.8422
445402.00000 4368010.00000 -128.5761
445402.00000 4368014.00000 -128.6777
445402.00000 4368018.00000 -128.3379
445402.00000 4368022.00000 -127.4054
445402.00000 4368026.00000 -127.8609
445402.00000 4368030.00000 -127.9459
445402.00000 4368034.00000 -125.7229
445402.00000 4368038.00000 -124.8064
445402.00000 4368042.00000 -127.8682
445402.00000 4368046.00000 -128.2807
445402.00000 4368050.00000 -127.3214
445402.00000 4368054.00000 -125.5543
445402.00000 4368058.00000 -126.1253
445402.00000 4368062.00000 -127.5260
445402.00000 4368066.00000 -127.8229
445402.00000 4368070.00000 -136.1957
445402.00000 4368074.00000 -135.9993
445402.00000 4368078.00000 -127.5985
445402.00000 4368082.00000 -133.4396
445402.00000 4368086.00000 N.C.
445402.00000 4368090.00000 N.C.
445402.00000 4368094.00000 N.C.
445402.00000 4368098.00000 N.C.
445402.00000 4368102.00000 N.C.
445402.00000 4368106.00000 N.C.
445402.00000 4368110.00000 N.C.
445402.00000 4368114.00000 N.C.
445402.00000 4368118.00000 N.C.
445402.00000 4368122.00000 N.C.
445402.00000 4368126.00000 N.C.
445402.00000 4368130.00000 N.C.
445402.00000 4368134.00000 N.C.
445402.00000 4368138.00000 N.C.
445402.00000 4368142.00000 N.C.
445402.00000 4368146.00000 N.C.
445402.00000 4368150.00000 N.C.
445402.00000 4368154.00000 N.C.
445402.00000 4368158.00000 N.C.
445402.00000 4368162.00000 N.C.
445402.00000 4368166.00000 N.C.
445402.00000 4368170.00000 N.C.
445402.00000 4368174.00000 -130.9425
445402.00000 4368178.00000 -130.4901
445402.00000 4368182.00000 N.C.
445402.00000 4368186.00000 N.C.
445402.00000 4368190.00000 N.C.
445402.00000 4368194.00000 N.C.
445402.00000 4368198.00000 N.C.
445402.00000 4368202.00000 N.C.
445402.00000 4368206.00000 -122.6048
445402.00000 4368210.00000 -122.2810
445402.00000 4368214.00000 N.C.
445402.00000 4368218.00000 -129.9111
445402.00000 4368222.00000 N.C.
445402.00000 4368226.00000 N.C.
445402.00000 4368230.00000 N.C.
445402.00000 4368234.00000 -152.6047
445402.00000 4368238.00000 -151.7075
445402.00000 4368242.00000 -143.9533
445402.00000 4368246.00000 N.C.
445402.00000 4368250.00000 N.C.
445402.00000 4368254.00000 -141.5767
445402.00000 4368258.00000 -145.0538
445402.00000 4368262.00000 -142.9346
445402.00000 4368266.00000 -142.3008
445402.00000 4368270.00000 -139.9959
445402.00000 4368274.00000 -137.3031
445402.00000 4368278.00000 -131.5056
445402.00000 4368282.00000 -129.4486
445402.00000 4368286.00000 -131.9146
445402.00000 4368290.00000 -135.4852
445402.00000 4368294.00000 -134.1793
445402.00000 4368298.00000 -133.7308
445402.00000 4368302.00000 -133.6012
445402.00000 4368306.00000 -134.7866
445402.00000 4368310.00000 -135.7180
445402.00000 4368314.00000 -134.2089
445402.00000 4368318.00000 -133.1668
445402.00000 4368322.00000 -131.8792
445402.00000 4368326.00000 -133.0648
445402.00000 4368330.00000 -138.4289
445402.00000 4368334.00000 -140.1403
445402.00000 4368338.00000 -142.4004
445402.00000 4368342.00000 -142.0984
445402.00000 4368346.00000 -140.7922
445402.00000 4368350.00000 -138.3134
445402.00000 4368354.00000 -129.3970
445402.00000 4368358.00000 -137.7476
445402.00000 4368362.00000 -137.8622
445402.00000 4368366.00000 -136.0795
445402.00000 4368370.00000 -137.9064
445402.00000 4368374.00000 -134.5433
445402.00000 4368378.00000 -132.6748
445402.00000 4368382.00000 -131.8536
445402.00000 4368386.00000 -130.3457
445402.00000 4368390.00000 -128.7298
445402.00000 4368394.00000 -126.7702
445406.00000 4367886.00000 -131.4735
445406.00000 4367890.00000 -131.4015
445406.00000 4367894.00000 -131.3791
445406.00000 4367898.00000 -131.3087
445406.00000 4367902.00000 -131.2973
445406.00000 4367906.00000 -130.8956
445406.00000 4367910.00000 -130.6884
445406.00000 4367914.00000 -130.6451
445406.00000 4367918.00000 -130.5026
445406.00000 4367922.00000 -130.5041
445406.00000 4367926.00000 -130.6048
445406.00000 4367930.00000 -130.4036
445406.00000 4367934.00000 -130.1263
445406.00000 4367938.00000 -129.8338
445406.00000 4367942.00000 -129.7612
445406.00000 4367946.00000 -130.0839
445406.00000 4367950.00000 -130.1707
445406.00000 4367954.00000 -130.1265
445406.00000 4367958.00000 -130.2637
445406.00000 4367962.00000 -130.1967
445406.00000 4367966.00000 -130.1021
445406.00000 4367970.00000 -130.0218
445406.00000 4367974.00000 -129.8321
445406.00000 4367978.00000 -129.5382
445406.00000 4367982.00000 -129.4788
445406.00000 4367986.00000 -129.3559
445406.00000 4367990.00000 -129.3141
445406.00000 4367994.00000 -129.2348
445406.00000 4367998.00000 -129.0686
445406.00000 4368002.00000 -129.0499
445406.00000 4368006.00000 -129.0926
445406.00000 4368010.00000 -128.8602
445406.00000 4368014.00000 -128.6547
445406.00000 4368018.00000 -128.1248
445406.00000 4368022.00000 -128.2084
445406.00000 4368026.00000 -128.3814
445406.00000 4368030.00000 -127.3866
445406.00000 4368034.00000 -124.5761
445406.00000 4368038.00000 -127.7194
445406.00000 4368042.00000 -128.3668
445406.00000 4368046.00000 -128.2835
445406.00000 4368050.00000 -126.5798
445406.00000 4368054.00000 -125.3721
445406.00000 4368058.00000 -125.4124
445406.00000 4368062.00000 -127.8070
445406.00000 4368066.00000 -128.0050
445406.00000 4368070.00000 -127.9464
445406.00000 4368074.00000 -127.9330
445406.00000 4368078.00000 -124.9678
445406.00000 4368082.00000 -133.4050
445406.00000 4368086.00000 N.C.
445406.00000 4368090.00000 N.C.
445406.00000 4368094.00000 N.C.
445406.00000 4368098.00000 N.C.
445406.00000 4368102.00000 N.C.
445406.00000 4368106.00000 N.C.
445406.00000 4368110.00000 N.C.
445406.00000 4368114.00000 N.C.
445406.00000 4368118.00000 N.C.
445406.00000 4368122.00000 N.C.
445406.00000 4368126.00000 N.C.
445406.00000 4368130.00000 N.C.
445406.00000 4368134.00000 N.C.
445406.00000 4368138.00000 N.C.
445406.00000 4368142.00000 N.C.
445406.00000 4368146.00000 N.C.
445406.00000 4368150.00000 N.C.
445406.00000 4368154.00000 N.C.
445406.00000 4368158.00000 N.C.
445406.00000 4368162.00000 N.C.
445406.00000 4368166.00000 N.C.
445406.00000 4368170.00000 N.C.
445406.00000 4368174.00000 -132.7770
445406.00000 4368178.00000 -130.1410
445406.00000 4368182.00000 N.C.
445406.00000 4368186.00000 N.C.
445406.00000 4368190.00000 N.C.
445406.00000 4368194.00000 N.C.
445406.00000 4368198.00000 N.C.
445406.00000 4368202.00000 -122.5828
445406.00000 4368206.00000 -121.9004
445406.00000 4368210.00000 -123.7201
445406.00000 4368214.00000 -142.2910
445406.00000 4368218.00000 -130.8164
445406.00000 4368222.00000 N.C.
445406.00000 4368226.00000 N.C.
445406.00000 4368230.00000 N.C.
445406.00000 4368234.00000 -151.4103
445406.00000 4368238.00000 -150.0888
445406.00000 4368242.00000 -143.0771
445406.00000 4368246.00000 N.C.
445406.00000 4368250.00000 N.C.
445406.00000 4368254.00000 -140.0437
445406.00000 4368258.00000 -140.4928
445406.00000 4368262.00000 -141.4042
445406.00000 4368266.00000 -144.1076
445406.00000 4368270.00000 -140.5473
445406.00000 4368274.00000 -139.2124
445406.00000 4368278.00000 -131.4633
445406.00000 4368282.00000 -131.1879
445406.00000 4368286.00000 -131.2446
445406.00000 4368290.00000 -132.3812
445406.00000 4368294.00000 -134.8533
445406.00000 4368298.00000 -132.8576
445406.00000 4368302.00000 -133.2020
445406.00000 4368306.00000 -133.2250
445406.00000 4368310.00000 -134.2520
445406.00000 4368314.00000 -136.3796
445406.00000 4368318.00000 -133.5130
445406.00000 4368322.00000 -133.8128
445406.00000 4368326.00000 -131.4267
445406.00000 4368330.00000 -132.3508
445406.00000 4368334.00000 -137.9792
445406.00000 4368338.00000 -140.9344
445406.00000 4368342.00000 -141.9053
445406.00000 4368346.00000 -139.4283
445406.00000 4368350.00000 -140.4806
445406.00000 4368354.00000 -129.2432
445406.00000 4368358.00000 -129.0898
445406.00000 4368362.00000 -138.4713
445406.00000 4368366.00000 -137.3468
445406.00000 4368370.00000 -135.9285
445406.00000 4368374.00000 -134.9819
445406.00000 4368378.00000 -132.6454
445406.00000 4368382.00000 -132.0517
445406.00000 4368386.00000 -131.4524
445406.00000 4368390.00000 -130.2212
445406.00000 4368394.00000 -128.2914
445410.00000 4367886.00000 -131.4882
445410.00000 4367890.00000 -131.3596
445410.00000 4367894.00000 -131.4113
445410.00000 4367898.00000 -131.3460
445410.00000 4367902.00000 -131.2610
445410.00000 4367906.00000 -131.0383
445410.00000 4367910.00000 -130.9698
445410.00000 4367914.00000 -130.8160
445410.00000 4367918.00000 -130.8983
445410.00000 4367922.00000 -130.8898
445410.00000 4367926.00000 -130.6143
445410.00000 4367930.00000 -130.4789
445410.00000 4367934.00000 -129.8341
445410.00000 4367938.00000 -129.6618
445410.00000 4367942.00000 -129.7268
445410.00000 4367946.00000 -129.9913
445410.00000 4367950.00000 -130.3115
445410.00000 4367954.00000 -130.1309
445410.00000 4367958.00000 -130.4439
445410.00000 4367962.00000 -130.3043
445410.00000 4367966.00000 -130.2308
445410.00000 4367970.00000 -129.9632
445410.00000 4367974.00000 -129.8005
445410.00000 4367978.00000 -129.7016
445410.00000 4367982.00000 -129.5910
445410.00000 4367986.00000 -129.6175
445410.00000 4367990.00000 -129.3577
445410.00000 4367994.00000 -129.3050
445410.00000 4367998.00000 -129.1697
445410.00000 4368002.00000 -129.1518
445410.00000 4368006.00000 -129.3100
445410.00000 4368010.00000 -128.7896
445410.00000 4368014.00000 -128.7763
445410.00000 4368018.00000 -128.9260
445410.00000 4368022.00000 -128.3547
445410.00000 4368026.00000 -128.6281
445410.00000 4368030.00000 -126.9983
445410.00000 4368034.00000 -124.3465
445410.00000 4368038.00000 -128.0267
445410.00000 4368042.00000 -128.5059
445410.00000 4368046.00000 -128.4211
445410.00000 4368050.00000 -126.0280
445410.00000 4368054.00000 -125.8646
445410.00000 4368058.00000 -125.7023
445410.00000 4368062.00000 -128.2657
445410.00000 4368066.00000 -128.1503
445410.00000 4368070.00000 -128.1072
445410.00000 4368074.00000 -128.0613
445410.00000 4368078.00000 -125.2861
445410.00000 4368082.00000 -138.9473
445410.00000 4368086.00000 N.C.
445410.00000 4368090.00000 N.C.
445410.00000 4368094.00000 N.C.
445410.00000 4368098.00000 N.C.
445410.00000 4368102.00000 N.C.
445410.00000 4368106.00000 N.C.
445410.00000 4368110.00000 N.C.
445410.00000 4368114.00000 N.C.
445410.00000 4368118.00000 N.C.
445410.00000 4368122.00000 N.C.
445410.00000 4368126.00000 N.C.
445410.00000 4368130.00000 N.C.
445410.00000 4368134.00000 N.C.
445410.00000 4368138.00000 N.C.
445410.00000 4368142.00000 N.C.
445410.00000 4368146.00000 N.C.
445410.00000 4368150.00000 N.C.
445410.00000 4368154.00000 N.C.
445410.00000 4368158.00000 N.C.
445410.00000 4368162.00000 N.C.
445410.00000 4368166.00000 N.C.
445410.00000 4368170.00000 N.C.
445410.00000 4368174.00000 -133.4793
445410.00000 4368178.00000 -130.1384
445410.00000 4368182.00000 N.C.
445410.00000 4368186.00000 N.C.
445410.00000 4368190.00000 N.C.
445410.00000 4368194.00000 N.C.
445410.00000 4368198.00000 N.C.
445410.00000 4368202.00000 -120.1438
445410.00000 4368206.00000 -126.8010
445410.00000 4368210.00000 -121.8017
445410.00000 4368214.00000 -133.7890
445410.00000 4368218.00000 N.C.
445410.00000 4368222.00000 N.C.
445410.00000 4368226.00000 N.C.
445410.00000 4368230.00000 N.C.
445410.00000 4368234.00000 -146.0353
445410.00000 4368238.00000 -143.0511
445410.00000 4368242.00000 -146.9634
445410.00000 4368246.00000 N.C.
445410.00000 4368250.00000 -143.4946
445410.00000 4368254.00000 -140.3320
445410.00000 4368258.00000 -140.4119
445410.00000 4368262.00000 -141.3418
445410.00000 4368266.00000 -142.9900
445410.00000 4368270.00000 -142.2292
445410.00000 4368274.00000 -139.0721
445410.00000 4368278.00000 -134.9994
445410.00000 4368282.00000 -129.2815
445410.00000 4368286.00000 -130.3890
445410.00000 4368290.00000 -131.3843
445410.00000 4368294.00000 -137.3170
445410.00000 4368298.00000 -135.7733
445410.00000 4368302.00000 -133.0920
445410.00000 4368306.00000 -133.4686
445410.00000 4368310.00000 -134.0078
445410.00000 4368314.00000 -135.0248
445410.00000 4368318.00000 -135.6820
445410.00000 4368322.00000 -133.4622
445410.00000 4368326.00000 -132.0242
445410.00000 4368330.00000 -131.4163
445410.00000 4368334.00000 -132.4684
445410.00000 4368338.00000 -137.8069
445410.00000 4368342.00000 -140.8712
445410.00000 4368346.00000 -141.7547
445410.00000 4368350.00000 -139.5863
445410.00000 4368354.00000 -140.8779
445410.00000 4368358.00000 -129.1930
445410.00000 4368362.00000 -136.5216
445410.00000 4368366.00000 -137.5407
445410.00000 4368370.00000 -137.6046
445410.00000 4368374.00000 -132.3170
445410.00000 4368378.00000 -134.7387
445410.00000 4368382.00000 -132.2852
445410.00000 4368386.00000 -132.1767
445410.00000 4368390.00000 -131.0109
445410.00000 4368394.00000 -129.7984
445414.00000 4367886.00000 -131.1408
445414.00000 4367890.00000 -131.1282
445414.00000 4367894.00000 -131.0623
445414.00000 4367898.00000 -130.9729
445414.00000 4367902.00000 -131.0636
445414.00000 4367906.00000 -130.6506
445414.00000 4367910.00000 -130.5994
445414.00000 4367914.00000 -130.5700
445414.00000 4367918.00000 -130.4477
445414.00000 4367922.00000 -130.3702
445414.00000 4367926.00000 -130.6296
445414.00000 4367930.00000 -130.5292
445414.00000 4367934.00000 -129.7052
445414.00000 4367938.00000 -129.8197
445414.00000 4367942.00000 -130.0168
445414.00000 4367946.00000 -130.5085
445414.00000 4367950.00000 -130.3486
445414.00000 4367954.00000 -130.5743
445414.00000 4367958.00000 -130.4961
445414.00000 4367962.00000 -130.4601
445414.00000 4367966.00000 -130.2941
445414.00000 4367970.00000 -130.1723
445414.00000 4367974.00000 -129.8020
445414.00000 4367978.00000 -129.8727
445414.00000 4367982.00000 -129.6670
445414.00000 4367986.00000 -129.7703
445414.00000 4367990.00000 -129.5813
445414.00000 4367994.00000 -129.3942
445414.00000 4367998.00000 -129.3117
445414.00000 4368002.00000 -129.1033
445414.00000 4368006.00000 -129.3447
445414.00000 4368010.00000 -128.8708
445414.00000 4368014.00000 -128.9392
445414.00000 4368018.00000 -129.0418
445414.00000 4368022.00000 -128.3711
445414.00000 4368026.00000 -127.8893
445414.00000 4368030.00000 -126.4113
445414.00000 4368034.00000 -127.7546
445414.00000 4368038.00000 -128.7195
445414.00000 4368042.00000 -128.4977
445414.00000 4368046.00000 -128.5996
445414.00000 4368050.00000 -126.4176
445414.00000 4368054.00000 -126.2200
445414.00000 4368058.00000 -127.1278
445414.00000 4368062.00000 -128.4346
445414.00000 4368066.00000 -128.3226
445414.00000 4368070.00000 -128.2814
445414.00000 4368074.00000 -125.5565
445414.00000 4368078.00000 -127.9932
445414.00000 4368082.00000 -143.0732
445414.00000 4368086.00000 -155.5689
445414.00000 4368090.00000 -157.1602
445414.00000 4368094.00000 -159.0158
445414.00000 4368098.00000 -160.3292
445414.00000 4368102.00000 -160.9953
445414.00000 4368106.00000 N.C.
445414.00000 4368110.00000 N.C.
445414.00000 4368114.00000 N.C.
445414.00000 4368118.00000 N.C.
445414.00000 4368122.00000 N.C.
445414.00000 4368126.00000 N.C.
445414.00000 4368130.00000 N.C.
445414.00000 4368134.00000 N.C.
445414.00000 4368138.00000 N.C.
445414.00000 4368142.00000 N.C.
445414.00000 4368146.00000 N.C.
445414.00000 4368150.00000 N.C.
445414.00000 4368154.00000 N.C.
445414.00000 4368158.00000 N.C.
445414.00000 4368162.00000 N.C.
445414.00000 4368166.00000 N.C.
445414.00000 4368170.00000 N.C.
445414.00000 4368174.00000 -132.6844
445414.00000 4368178.00000 -130.4449
445414.00000 4368182.00000 N.C.
445414.00000 4368186.00000 N.C.
445414.00000 4368190.00000 N.C.
445414.00000 4368194.00000 N.C.
445414.00000 4368198.00000 N.C.
445414.00000 4368202.00000 -125.5848
445414.00000 4368206.00000 -125.0038
445414.00000 4368210.00000 -121.8158
445414.00000 4368214.00000 -127.2828
445414.00000 4368218.00000 N.C.
445414.00000 4368222.00000 N.C.
445414.00000 4368226.00000 N.C.
445414.00000 4368230.00000 N.C.
445414.00000 4368234.00000 -145.4460
445414.00000 4368238.00000 -147.4636
445414.00000 4368242.00000 -145.9288
445414.00000 4368246.00000 -144.8160
445414.00000 4368250.00000 -138.3088
445414.00000 4368254.00000 -140.7014
445414.00000 4368258.00000 -141.1516
445414.00000 4368262.00000 -140.2904
445414.00000 4368266.00000 -141.8419
445414.00000 4368270.00000 -144.5697
445414.00000 4368274.00000 -140.3002
445414.00000 4368278.00000 -136.4964
445414.00000 4368282.00000 -131.2571
445414.00000 4368286.00000 -131.3663
445414.00000 4368290.00000 -131.3965
445414.00000 4368294.00000 -131.9447
445414.00000 4368298.00000 -135.6842
445414.00000 4368302.00000 -135.8051
445414.00000 4368306.00000 -133.1208
445414.00000 4368310.00000 -132.9736
445414.00000 4368314.00000 -132.8275
445414.00000 4368318.00000 -134.6535
445414.00000 4368322.00000 -136.0583
445414.00000 4368326.00000 -132.7714
445414.00000 4368330.00000 -131.1336
445414.00000 4368334.00000 -130.6828
445414.00000 4368338.00000 -133.1770
445414.00000 4368342.00000 -137.6395
445414.00000 4368346.00000 -141.0639
445414.00000 4368350.00000 -141.2421
445414.00000 4368354.00000 -139.0549
445414.00000 4368358.00000 -129.7047
445414.00000 4368362.00000 -135.6947
445414.00000 4368366.00000 -135.9524
445414.00000 4368370.00000 -138.7687
445414.00000 4368374.00000 -137.7872
445414.00000 4368378.00000 -132.3302
445414.00000 4368382.00000 -133.3395
445414.00000 4368386.00000 -131.3600
445414.00000 4368390.00000 -133.0657
445414.00000 4368394.00000 -131.7253
445418.00000 4367886.00000 -131.3218
445418.00000 4367890.00000 -131.2795
445418.00000 4367894.00000 -131.2116
445418.00000 4367898.00000 -131.2058
445418.00000 4367902.00000 -131.2954
445418.00000 4367906.00000 -130.8281
445418.00000 4367910.00000 -130.6613
445418.00000 4367914.00000 -130.5995
445418.00000 4367918.00000 -130.6082
445418.00000 4367922.00000 -130.4677
445418.00000 4367926.00000 -130.0457
445418.00000 4367930.00000 -130.2964
445418.00000 4367934.00000 -129.9855
445418.00000 4367938.00000 -130.2177
445418.00000 4367942.00000 -130.4273
445418.00000 4367946.00000 -130.4896
445418.00000 4367950.00000 -130.6355
445418.00000 4367954.00000 -130.7151
445418.00000 4367958.00000 -130.6418
445418.00000 4367962.00000 -130.5158
445418.00000 4367966.00000 -130.3494
445418.00000 4367970.00000 -130.0958
445418.00000 4367974.00000 -129.9049
445418.00000 4367978.00000 -129.9792
445418.00000 4367982.00000 -129.9100
445418.00000 4367986.00000 -129.8371
445418.00000 4367990.00000 -129.6602
445418.00000 4367994.00000 -129.5156
445418.00000 4367998.00000 -129.4267
445418.00000 4368002.00000 -129.3946
445418.00000 4368006.00000 -129.1198
445418.00000 4368010.00000 -128.9136
445418.00000 4368014.00000 -129.4494
445418.00000 4368018.00000 -128.6570
445418.00000 4368022.00000 -128.2946
445418.00000 4368026.00000 -127.8397
445418.00000 4368030.00000 -124.8372
445418.00000 4368034.00000 -128.2122
445418.00000 4368038.00000 -128.8586
445418.00000 4368042.00000 -128.6431
445418.00000 4368046.00000 -127.5581
445418.00000 4368050.00000 -126.4358
445418.00000 4368054.00000 -126.7964
445418.00000 4368058.00000 -127.3351
445418.00000 4368062.00000 -128.5427
445418.00000 4368066.00000 -128.4561
445418.00000 4368070.00000 -128.4415
445418.00000 4368074.00000 -125.6408
445418.00000 4368078.00000 -128.0453
445418.00000 4368082.00000 -134.3095
445418.00000 4368086.00000 -138.3042
445418.00000 4368090.00000 -139.1398
445418.00000 4368094.00000 -141.8622
445418.00000 4368098.00000 -142.4138
445418.00000 4368102.00000 -141.7538
445418.00000 4368106.00000 -145.5195
445418.00000 4368110.00000 -151.0049
445418.00000 4368114.00000 -154.6966
445418.00000 4368118.00000 -157.9274
445418.00000 4368122.00000 -162.0111
445418.00000 4368126.00000 -159.2145
445418.00000 4368130.00000 -164.1883
445418.00000 4368134.00000 N.C.
445418.00000 4368138.00000 N.C.
445418.00000 4368142.00000 N.C.
445418.00000 4368146.00000 N.C.
445418.00000 4368150.00000 N.C.
445418.00000 4368154.00000 N.C.
445418.00000 4368158.00000 N.C.
445418.00000 4368162.00000 N.C.
445418.00000 4368166.00000 N.C.
445418.00000 4368170.00000 N.C.
445418.00000 4368174.00000 -134.3931
445418.00000 4368178.00000 N.C.
445418.00000 4368182.00000 N.C.
445418.00000 4368186.00000 N.C.
445418.00000 4368190.00000 N.C.
445418.00000 4368194.00000 N.C.
445418.00000 4368198.00000 N.C.
445418.00000 4368202.00000 -128.3792
445418.00000 4368206.00000 N.C.
445418.00000 4368210.00000 -122.2078
445418.00000 4368214.00000 -128.8001
445418.00000 4368218.00000 -151.2935
445418.00000 4368222.00000 -151.5921
445418.00000 4368226.00000 N.C.
445418.00000 4368230.00000 N.C.
445418.00000 4368234.00000 N.C.
445418.00000 4368238.00000 N.C.
445418.00000 4368242.00000 -144.3971
445418.00000 4368246.00000 -141.4027
445418.00000 4368250.00000 -141.1325
445418.00000 4368254.00000 -139.8642
445418.00000 4368258.00000 -140.9947
445418.00000 4368262.00000 -140.1264
445418.00000 4368266.00000 -139.3057
445418.00000 4368270.00000 -141.3638
445418.00000 4368274.00000 -141.5446
445418.00000 4368278.00000 -137.5752
445418.00000 4368282.00000 -131.5241
445418.00000 4368286.00000 -129.3149
445418.00000 4368290.00000 -130.7053
445418.00000 4368294.00000 -131.0277
445418.00000 4368298.00000 -132.9734
445418.00000 4368302.00000 -135.6256
445418.00000 4368306.00000 -132.8028
445418.00000 4368310.00000 -133.1401
445418.00000 4368314.00000 -133.0130
445418.00000 4368318.00000 -132.3696
445418.00000 4368322.00000 -135.1823
445418.00000 4368326.00000 -134.9187
445418.00000 4368330.00000 -132.0510
445418.00000 4368334.00000 -130.6519
445418.00000 4368338.00000 -131.2148
445418.00000 4368342.00000 -133.2679
445418.00000 4368346.00000 -137.7695
445418.00000 4368350.00000 -140.7324
445418.00000 4368354.00000 -139.8934
445418.00000 4368358.00000 -129.5317
445418.00000 4368362.00000 -138.1842
445418.00000 4368366.00000 -135.2442
445418.00000 4368370.00000 -132.4846
445418.00000 4368374.00000 -136.5140
445418.00000 4368378.00000 -135.9538
445418.00000 4368382.00000 -132.0447
445418.00000 4368386.00000 -132.8911
445418.00000 4368390.00000 -131.9193
445418.00000 4368394.00000 -133.6374
445422.00000 4367886.00000 -131.4512
445422.00000 4367890.00000 -131.5055
445422.00000 4367894.00000 -131.4095
445422.00000 4367898.00000 -131.3258
445422.00000 4367902.00000 -131.3285
445422.00000 4367906.00000 -130.8788
445422.00000 4367910.00000 -130.8312
445422.00000 4367914.00000 -130.8522
445422.00000 4367918.00000 -130.6933
445422.00000 4367922.00000 -130.5477
445422.00000 4367926.00000 -130.4704
445422.00000 4367930.00000 -130.0760
445422.00000 4367934.00000 -130.4681
445422.00000 4367938.00000 -130.3004
445422.00000 4367942.00000 -130.9120
445422.00000 4367946.00000 -130.8066
445422.00000 4367950.00000 -130.9219
445422.00000 4367954.00000 -130.8662
445422.00000 4367958.00000 -130.8129
445422.00000 4367962.00000 -130.5608
445422.00000 4367966.00000 -130.4044
445422.00000 4367970.00000 -130.2985
445422.00000 4367974.00000 -130.2518
445422.00000 4367978.00000 -130.1570
445422.00000 4367982.00000 -130.0307
445422.00000 4367986.00000 -128.9206
445422.00000 4367990.00000 -129.8418
445422.00000 4367994.00000 -129.8407
445422.00000 4367998.00000 -129.5540
445422.00000 4368002.00000 -129.5484
445422.00000 4368006.00000 -129.2578
445422.00000 4368010.00000 -129.2876
445422.00000 4368014.00000 -129.4367
445422.00000 4368018.00000 -128.6797
445422.00000 4368022.00000 -127.7993
445422.00000 4368026.00000 -127.7213
445422.00000 4368030.00000 -127.7341
445422.00000 4368034.00000 -128.6050
445422.00000 4368038.00000 -128.9481
445422.00000 4368042.00000 -128.8248
445422.00000 4368046.00000 -127.0003
445422.00000 4368050.00000 -126.2974
445422.00000 4368054.00000 -127.3698
445422.00000 4368058.00000 -125.0795
445422.00000 4368062.00000 -128.5087
445422.00000 4368066.00000 -128.4258
445422.00000 4368070.00000 -128.4434
445422.00000 4368074.00000 -125.5138
445422.00000 4368078.00000 -127.9535
445422.00000 4368082.00000 -128.2762
445422.00000 4368086.00000 -127.5230
445422.00000 4368090.00000 -133.3475
445422.00000 4368094.00000 -133.0391
445422.00000 4368098.00000 -134.3072
445422.00000 4368102.00000 -133.9714
445422.00000 4368106.00000 -137.2534
445422.00000 4368110.00000 -137.2314
445422.00000 4368114.00000 -141.0454
445422.00000 4368118.00000 -141.8577
445422.00000 4368122.00000 -140.7192
445422.00000 4368126.00000 -141.3836
445422.00000 4368130.00000 -142.9184
445422.00000 4368134.00000 -143.7831
445422.00000 4368138.00000 -147.4487
445422.00000 4368142.00000 -146.5873
445422.00000 4368146.00000 -146.2214
445422.00000 4368150.00000 -150.8619
445422.00000 4368154.00000 -156.0592
445422.00000 4368158.00000 -162.5567
445422.00000 4368162.00000 N.C.
445422.00000 4368166.00000 N.C.
445422.00000 4368170.00000 N.C.
445422.00000 4368174.00000 -135.6355
445422.00000 4368178.00000 N.C.
445422.00000 4368182.00000 N.C.
445422.00000 4368186.00000 N.C.
445422.00000 4368190.00000 N.C.
445422.00000 4368194.00000 N.C.
445422.00000 4368198.00000 N.C.
445422.00000 4368202.00000 -127.6445
445422.00000 4368206.00000 N.C.
445422.00000 4368210.00000 -126.8360
445422.00000 4368214.00000 -127.9168
445422.00000 4368218.00000 -141.0877
445422.00000 4368222.00000 -151.8208
445422.00000 4368226.00000 -151.9921
445422.00000 4368230.00000 -147.0772
445422.00000 4368234.00000 -149.5503
445422.00000 4368238.00000 -155.3892
445422.00000 4368242.00000 -144.0797
445422.00000 4368246.00000 -143.8858
445422.00000 4368250.00000 -141.2419
445422.00000 4368254.00000 -140.3473
445422.00000 4368258.00000 -140.3107
445422.00000 4368262.00000 -139.6636
445422.00000 4368266.00000 -139.5165
445422.00000 4368270.00000 -140.6491
445422.00000 4368274.00000 -145.4268
445422.00000 4368278.00000 -138.2344
445422.00000 4368282.00000 -135.0225
445422.00000 4368286.00000 -131.3432
445422.00000 4368290.00000 -130.8960
445422.00000 4368294.00000 -129.7216
445422.00000 4368298.00000 -131.9746
445422.00000 4368302.00000 -135.9675
445422.00000 4368306.00000 -135.3630
445422.00000 4368310.00000 -134.4075
445422.00000 4368314.00000 -132.1016
445422.00000 4368318.00000 -131.6301
445422.00000 4368322.00000 -132.8452
445422.00000 4368326.00000 -135.0552
445422.00000 4368330.00000 -132.0764
445422.00000 4368334.00000 -132.4976
445422.00000 4368338.00000 -129.4107
445422.00000 4368342.00000 -130.3955
445422.00000 4368346.00000 -133.0742
445422.00000 4368350.00000 -137.2314
445422.00000 4368354.00000 -141.1738
445422.00000 4368358.00000 -129.8033
445422.00000 4368362.00000 -138.8340
445422.00000 4368366.00000 -138.1161
445422.00000 4368370.00000 -135.3699
445422.00000 4368374.00000 -132.1144
445422.00000 4368378.00000 -137.9565
445422.00000 4368382.00000 -136.3893
445422.00000 4368386.00000 -133.2586
445422.00000 4368390.00000 -132.8735
445422.00000 4368394.00000 -131.9316
445426.00000 4367886.00000 -131.6023
445426.00000 4367890.00000 -131.5681
445426.00000 4367894.00000 -131.6183
445426.00000 4367898.00000 -131.5216
445426.00000 4367902.00000 -131.0152
445426.00000 4367906.00000 -130.8955
445426.00000 4367910.00000 -131.0338
445426.00000 4367914.00000 -130.8638
445426.00000 4367918.00000 -130.8181
445426.00000 4367922.00000 -130.6000
445426.00000 4367926.00000 -130.6116
445426.00000 4367930.00000 -130.2603
445426.00000 4367934.00000 -130.4485
445426.00000 4367938.00000 -130.6156
445426.00000 4367942.00000 -130.9606
445426.00000 4367946.00000 -130.9616
445426.00000 4367950.00000 -130.9927
445426.00000 4367954.00000 -131.0388
445426.00000 4367958.00000 -130.8906
445426.00000 4367962.00000 -130.6688
445426.00000 4367966.00000 -130.4103
445426.00000 4367970.00000 -130.4359
445426.00000 4367974.00000 -130.2772
445426.00000 4367978.00000 -130.3071
445426.00000 4367982.00000 -130.0424
445426.00000 4367986.00000 -129.9858
445426.00000 4367990.00000 -129.6143
445426.00000 4367994.00000 -129.4780
445426.00000 4367998.00000 -129.7201
445426.00000 4368002.00000 -129.7498
445426.00000 4368006.00000 -129.3804
445426.00000 4368010.00000 -129.7855
445426.00000 4368014.00000 -129.5390
445426.00000 4368018.00000 -128.7697
445426.00000 4368022.00000 -128.2981
445426.00000 4368026.00000 -127.0225
445426.00000 4368030.00000 -128.7599
445426.00000 4368034.00000 -129.0917
445426.00000 4368038.00000 -129.0136
445426.00000 4368042.00000 -128.9554
445426.00000 4368046.00000 -127.1734
445426.00000 4368050.00000 -127.4098
445426.00000 4368054.00000 -127.4777
445426.00000 4368058.00000 -127.8790
445426.00000 4368062.00000 -128.7727
445426.00000 4368066.00000 -128.7902
445426.00000 4368070.00000 -128.5488
445426.00000 4368074.00000 -125.8113
445426.00000 4368078.00000 -128.4063
445426.00000 4368082.00000 -128.5563
445426.00000 4368086.00000 -128.5360
445426.00000 4368090.00000 -128.4462
445426.00000 4368094.00000 -128.2556
445426.00000 4368098.00000 -127.9937
445426.00000 4368102.00000 -127.5202
445426.00000 4368106.00000 -124.4374
445426.00000 4368110.00000 -126.7095
445426.00000 4368114.00000 -126.2414
445426.00000 4368118.00000 -130.4254
445426.00000 4368122.00000 -127.0736
445426.00000 4368126.00000 -127.6912
445426.00000 4368130.00000 -133.0474
445426.00000 4368134.00000 -132.9187
445426.00000 4368138.00000 -135.3605
445426.00000 4368142.00000 -134.9402
445426.00000 4368146.00000 -135.1367
445426.00000 4368150.00000 -139.4567
445426.00000 4368154.00000 -140.6576
445426.00000 4368158.00000 -142.7383
445426.00000 4368162.00000 -145.2002
445426.00000 4368166.00000 -160.0943
445426.00000 4368170.00000 -136.0279
445426.00000 4368174.00000 -135.6524
445426.00000 4368178.00000 -151.0448
445426.00000 4368182.00000 -161.4653
445426.00000 4368186.00000 -155.3211
445426.00000 4368190.00000 -172.9311
445426.00000 4368194.00000 -174.1131
445426.00000 4368198.00000 N.C.
445426.00000 4368202.00000 -127.9809
445426.00000 4368206.00000 -160.6870
445426.00000 4368210.00000 N.C.
445426.00000 4368214.00000 -127.7272
445426.00000 4368218.00000 -139.3452
445426.00000 4368222.00000 -150.9090
445426.00000 4368226.00000 -150.2057
445426.00000 4368230.00000 -148.6859
445426.00000 4368234.00000 -144.4717
445426.00000 4368238.00000 -145.1147
445426.00000 4368242.00000 -144.6437
445426.00000 4368246.00000 -143.1132
445426.00000 4368250.00000 -144.3429
445426.00000 4368254.00000 -139.9794
445426.00000 4368258.00000 -138.9363
445426.00000 4368262.00000 -139.5496
445426.00000 4368266.00000 -139.4121
445426.00000 4368270.00000 -138.8118
445426.00000 4368274.00000 -141.4514
445426.00000 4368278.00000 -137.7803
445426.00000 4368282.00000 -134.8878
445426.00000 4368286.00000 -131.5386
445426.00000 4368290.00000 -131.2884
445426.00000 4368294.00000 -132.1027
445426.00000 4368298.00000 -131.7599
445426.00000 4368302.00000 -132.1836
445426.00000 4368306.00000 -135.1476
445426.00000 4368310.00000 -133.6344
445426.00000 4368314.00000 -132.3137
445426.00000 4368318.00000 -132.5871
445426.00000 4368322.00000 -131.9016
445426.00000 4368326.00000 -133.4277
445426.00000 4368330.00000 -133.9000
445426.00000 4368334.00000 -131.1232
445426.00000 4368338.00000 -130.9693
445426.00000 4368342.00000 -129.3602
445426.00000 4368346.00000 -130.7601
445426.00000 4368350.00000 -132.1344
445426.00000 4368354.00000 -137.3823
445426.00000 4368358.00000 -139.3633
445426.00000 4368362.00000 -129.6958
445426.00000 4368366.00000 -138.8954
445426.00000 4368370.00000 -136.6668
445426.00000 4368374.00000 -134.5646
445426.00000 4368378.00000 -132.3099
445426.00000 4368382.00000 -134.7253
445426.00000 4368386.00000 -136.4196
445426.00000 4368390.00000 -131.5799
445426.00000 4368394.00000 -132.7747
445430.00000 4367886.00000 -131.8698
445430.00000 4367890.00000 -131.7644
445430.00000 4367894.00000 -131.6752
445430.00000 4367898.00000 -131.3709
445430.00000 4367902.00000 -131.0660
445430.00000 4367906.00000 -131.1326
445430.00000 4367910.00000 -131.1472
445430.00000 4367914.00000 -130.9652
445430.00000 4367918.00000 -130.8974
445430.00000 4367922.00000 -130.6221
445430.00000 4367926.00000 -130.3936
445430.00000 4367930.00000 -130.1403
445430.00000 4367934.00000 -130.0041
445430.00000 4367938.00000 -130.7248
445430.00000 4367942.00000 -131.1225
445430.00000 4367946.00000 -131.2032
445430.00000 4367950.00000 -131.2879
445430.00000 4367954.00000 -131.1073
445430.00000 4367958.00000 -130.8057
445430.00000 4367962.00000 -130.6500
445430.00000 4367966.00000 -130.4176
445430.00000 4367970.00000 -130.6740
445430.00000 4367974.00000 -130.3267
445430.00000 4367978.00000 -130.4152
445430.00000 4367982.00000 -128.9240
445430.00000 4367986.00000 -129.8018
445430.00000 4367990.00000 -130.0282
445430.00000 4367994.00000 -129.8769
445430.00000 4367998.00000 -129.8465
445430.00000 4368002.00000 -130.0116
445430.00000 4368006.00000 -129.8444
445430.00000 4368010.00000 -129.8918
445430.00000 4368014.00000 -129.6459
445430.00000 4368018.00000 -128.2733
445430.00000 4368022.00000 -128.2060
445430.00000 4368026.00000 -127.0375
445430.00000 4368030.00000 -128.9787
445430.00000 4368034.00000 -129.3571
445430.00000 4368038.00000 -129.0945
445430.00000 4368042.00000 -127.8898
445430.00000 4368046.00000 -127.0790
445430.00000 4368050.00000 -126.8240
445430.00000 4368054.00000 -127.7018
445430.00000 4368058.00000 -128.0281
445430.00000 4368062.00000 -128.9614
445430.00000 4368066.00000 -128.9261
445430.00000 4368070.00000 -126.1797
445430.00000 4368074.00000 -127.9623
445430.00000 4368078.00000 -128.8194
445430.00000 4368082.00000 -128.7407
445430.00000 4368086.00000 -128.7224
445430.00000 4368090.00000 -128.5821
445430.00000 4368094.00000 -128.3681
445430.00000 4368098.00000 -128.4140
445430.00000 4368102.00000 -126.7564
445430.00000 4368106.00000 -124.5129
445430.00000 4368110.00000 -126.3669
445430.00000 4368114.00000 -130.0437
445430.00000 4368118.00000 -132.2988
445430.00000 4368122.00000 -132.1778
445430.00000 4368126.00000 -129.8736
445430.00000 4368130.00000 -130.7527
445430.00000 4368134.00000 -130.5636
445430.00000 4368138.00000 -130.0998
445430.00000 4368142.00000 -127.2067
445430.00000 4368146.00000 -127.0723
445430.00000 4368150.00000 -132.9156
445430.00000 4368154.00000 -133.0868
445430.00000 4368158.00000 -133.2899
445430.00000 4368162.00000 -137.0911
445430.00000 4368166.00000 -137.1448
445430.00000 4368170.00000 -136.5349
445430.00000 4368174.00000 -135.0216
445430.00000 4368178.00000 N.C.
445430.00000 4368182.00000 N.C.
445430.00000 4368186.00000 N.C.
445430.00000 4368190.00000 N.C.
445430.00000 4368194.00000 N.C.
445430.00000 4368198.00000 N.C.
445430.00000 4368202.00000 -128.0556
445430.00000 4368206.00000 N.C.
445430.00000 4368210.00000 N.C.
445430.00000 4368214.00000 N.C.
445430.00000 4368218.00000 N.C.
445430.00000 4368222.00000 N.C.
445430.00000 4368226.00000 N.C.
445430.00000 4368230.00000 -145.4527
445430.00000 4368234.00000 -145.3490
445430.00000 4368238.00000 -146.5989
445430.00000 4368242.00000 -146.2434
445430.00000 4368246.00000 -143.7566
445430.00000 4368250.00000 -144.2802
445430.00000 4368254.00000 -143.9680
445430.00000 4368258.00000 -140.2496
445430.00000 4368262.00000 -138.3129
445430.00000 4368266.00000 -139.7319
445430.00000 4368270.00000 -139.1120
445430.00000 4368274.00000 -138.3195
445430.00000 4368278.00000 -137.7812
445430.00000 4368282.00000 -137.3804
445430.00000 4368286.00000 -131.8629
445430.00000 4368290.00000 -131.4765
445430.00000 4368294.00000 -131.1797
445430.00000 4368298.00000 -130.0966
445430.00000 4368302.00000 -132.3757
445430.00000 4368306.00000 -135.3676
445430.00000 4368310.00000 -135.0403
445430.00000 4368314.00000 -134.1265
445430.00000 4368318.00000 -133.0584
445430.00000 4368322.00000 -131.6291
445430.00000 4368326.00000 -132.1917
445430.00000 4368330.00000 -133.9572
445430.00000 4368334.00000 -132.3493
445430.00000 4368338.00000 -131.7052
445430.00000 4368342.00000 -129.7362
445430.00000 4368346.00000 -130.4193
445430.00000 4368350.00000 -130.8992
445430.00000 4368354.00000 -132.2593
445430.00000 4368358.00000 -139.4573
445430.00000 4368362.00000 -129.7493
445430.00000 4368366.00000 -137.0778
445430.00000 4368370.00000 -138.9621
445430.00000 4368374.00000 -135.8013
445430.00000 4368378.00000 -133.6434
445430.00000 4368382.00000 -132.5547
445430.00000 4368386.00000 -132.3702
445430.00000 4368390.00000 -135.0035
445430.00000 4368394.00000 -131.4905
445434.00000 4367886.00000 -131.9313
445434.00000 4367890.00000 -131.7669
445434.00000 4367894.00000 -131.4860
445434.00000 4367898.00000 -131.3892
445434.00000 4367902.00000 -131.2333
445434.00000 4367906.00000 -131.2805
445434.00000 4367910.00000 -131.2633
445434.00000 4367914.00000 -131.0691
445434.00000 4367918.00000 -130.9722
445434.00000 4367922.00000 -130.4769
445434.00000 4367926.00000 -130.3004
445434.00000 4367930.00000 -130.1947
445434.00000 4367934.00000 -130.3090
445434.00000 4367938.00000 -130.5796
445434.00000 4367942.00000 -131.3925
445434.00000 4367946.00000 -131.3298
445434.00000 4367950.00000 -131.2684
445434.00000 4367954.00000 -131.0036
445434.00000 4367958.00000 -130.7472
445434.00000 4367962.00000 -130.6555
445434.00000 4367966.00000 -130.6543
445434.00000 4367970.00000 -130.5380
445434.00000 4367974.00000 -130.4093
445434.00000 4367978.00000 -130.3437
445434.00000 4367982.00000 -130.2069
445434.00000 4367986.00000 -130.0479
445434.00000 4367990.00000 -129.8891
445434.00000 4367994.00000 -130.0009
445434.00000 4367998.00000 -129.9217
445434.00000 4368002.00000 -130.1712
445434.00000 4368006.00000 -130.0933
445434.00000 4368010.00000 -129.9296
445434.00000 4368014.00000 -129.7304
445434.00000 4368018.00000 -128.3181
445434.00000 4368022.00000 -127.5586
445434.00000 4368026.00000 -129.2787
445434.00000 4368030.00000 -129.4490
445434.00000 4368034.00000 -129.0390
445434.00000 4368038.00000 -129.1401
445434.00000 4368042.00000 -127.6863
445434.00000 4368046.00000 -128.1068
445434.00000 4368050.00000 -127.4367
445434.00000 4368054.00000 -128.1762
445434.00000 4368058.00000 -128.2533
445434.00000 4368062.00000 -129.1316
445434.00000 4368066.00000 -129.1042
445434.00000 4368070.00000 -128.8733
445434.00000 4368074.00000 -127.4185
445434.00000 4368078.00000 -128.9878
445434.00000 4368082.00000 -128.9455
445434.00000 4368086.00000 -128.4650
445434.00000 4368090.00000 -128.1311
445434.00000 4368094.00000 -123.9935
445434.00000 4368098.00000 -122.6264
445434.00000 4368102.00000 -121.7655
445434.00000 4368106.00000 -120.5995
445434.00000 4368110.00000 -124.5104
445434.00000 4368114.00000 -124.3498
445434.00000 4368118.00000 -122.2906
445434.00000 4368122.00000 -120.8675
445434.00000 4368126.00000 -120.7997
445434.00000 4368130.00000 -120.7192
445434.00000 4368134.00000 -120.6163
445434.00000 4368138.00000 -132.2840
445434.00000 4368142.00000 -131.5675
445434.00000 4368146.00000 -132.4718
445434.00000 4368150.00000 -130.3917
445434.00000 4368154.00000 -130.6488
445434.00000 4368158.00000 -130.7799
445434.00000 4368162.00000 -136.6445
445434.00000 4368166.00000 -134.9827
445434.00000 4368170.00000 -135.5939
445434.00000 4368174.00000 -132.9340
445434.00000 4368178.00000 N.C.
445434.00000 4368182.00000 N.C.
445434.00000 4368186.00000 N.C.
445434.00000 4368190.00000 N.C.
445434.00000 4368194.00000 N.C.
445434.00000 4368198.00000 N.C.
445434.00000 4368202.00000 -129.5819
445434.00000 4368206.00000 N.C.
445434.00000 4368210.00000 N.C.
445434.00000 4368214.00000 -199.8834
445434.00000 4368218.00000 -165.5024
445434.00000 4368222.00000 -172.6257
445434.00000 4368226.00000 N.C.
445434.00000 4368230.00000 -145.5284
445434.00000 4368234.00000 -145.7157
445434.00000 4368238.00000 -146.2622
445434.00000 4368242.00000 -146.6420
445434.00000 4368246.00000 -144.1641
445434.00000 4368250.00000 -142.4271
445434.00000 4368254.00000 -144.9536
445434.00000 4368258.00000 -139.3418
445434.00000 4368262.00000 -137.5054
445434.00000 4368266.00000 -139.5780
445434.00000 4368270.00000 -139.0814
445434.00000 4368274.00000 -138.5392
445434.00000 4368278.00000 -136.4502
445434.00000 4368282.00000 -137.4401
445434.00000 4368286.00000 -135.0085
445434.00000 4368290.00000 -131.6719
445434.00000 4368294.00000 -131.2322
445434.00000 4368298.00000 -131.6677
445434.00000 4368302.00000 -130.5493
445434.00000 4368306.00000 -131.8981
445434.00000 4368310.00000 -135.9386
445434.00000 4368314.00000 -135.6248
445434.00000 4368318.00000 -132.0140
445434.00000 4368322.00000 -131.5937
445434.00000 4368326.00000 -130.2552
445434.00000 4368330.00000 -131.4641
445434.00000 4368334.00000 -133.3967
445434.00000 4368338.00000 -133.4775
445434.00000 4368342.00000 -130.8095
445434.00000 4368346.00000 -130.1562
445434.00000 4368350.00000 -130.2539
445434.00000 4368354.00000 -131.1288
445434.00000 4368358.00000 -132.6671
445434.00000 4368362.00000 -129.6407
445434.00000 4368366.00000 -129.8905
445434.00000 4368370.00000 -137.3238
445434.00000 4368374.00000 -138.3544
445434.00000 4368378.00000 -134.3751
445434.00000 4368382.00000 -131.4929
445434.00000 4368386.00000 -130.7860
445434.00000 4368390.00000 -134.5503
445434.00000 4368394.00000 -135.1349
445438.00000 4367886.00000 N.C.
445438.00000 4367890.00000 N.C.
445438.00000 4367894.00000 N.C.
445438.00000 4367898.00000 N.C.
445438.00000 4367902.00000 N.C.
445438.00000 4367906.00000 N.C.
445438.00000 4367910.00000 N.C.
445438.00000 4367914.00000 N.C.
445438.00000 4367918.00000 N.C.
445438.00000 4367922.00000 N.C.
445438.00000 4367926.00000 N.C.
445438.00000 4367930.00000 N.C.
445438.00000 4367934.00000 N.C.
445438.00000 4367938.00000 N.C.
445438.00000 4367942.00000 -131.4040
445438.00000 4367946.00000 -131.4747
445438.00000 4367950.00000 -131.3991
445438.00000 4367954.00000 -130.9181
445438.00000 4367958.00000 -130.7718
445438.00000 4367962.00000 -130.7420
445438.00000 4367966.00000 -130.5862
445438.00000 4367970.00000 -130.6154
445438.00000 4367974.00000 -130.3506
445438.00000 4367978.00000 -130.2066
445438.00000 4367982.00000 -130.2120
445438.00000 4367986.00000 -129.9930
445438.00000 4367990.00000 -130.1149
445438.00000 4367994.00000 -130.0940
445438.00000 4367998.00000 -130.0780
445438.00000 4368002.00000 -130.3671
445438.00000 4368006.00000 -130.1635
445438.00000 4368010.00000 -130.1085
445438.00000 4368014.00000 -128.6549
445438.00000 4368018.00000 -127.8454
445438.00000 4368022.00000 -128.8565
445438.00000 4368026.00000 -129.3507
445438.00000 4368030.00000 -129.5154
445438.00000 4368034.00000 -129.3427
445438.00000 4368038.00000 -129.1116
445438.00000 4368042.00000 -127.3817
445438.00000 4368046.00000 -127.8433
445438.00000 4368050.00000 -128.2214
445438.00000 4368054.00000 -128.4248
445438.00000 4368058.00000 -125.4969
445438.00000 4368062.00000 -129.2842
445438.00000 4368066.00000 -129.2675
445438.00000 4368070.00000 -127.6526
445438.00000 4368074.00000 -128.9870
445438.00000 4368078.00000 -129.1608
445438.00000 4368082.00000 -128.6850
445438.00000 4368086.00000 -128.5155
445438.00000 4368090.00000 -124.1205
445438.00000 4368094.00000 -122.7832
445438.00000 4368098.00000 -122.3903
445438.00000 4368102.00000 -121.6470
445438.00000 4368106.00000 -122.2976
445438.00000 4368110.00000 -124.5512
445438.00000 4368114.00000 -122.1255
445438.00000 4368118.00000 -119.7524
445438.00000 4368122.00000 -119.6869
445438.00000 4368126.00000 -120.8968
445438.00000 4368130.00000 -120.8107
445438.00000 4368134.00000 -120.7017
445438.00000 4368138.00000 -120.6014
445438.00000 4368142.00000 -124.6455
445438.00000 4368146.00000 -133.0573
445438.00000 4368150.00000 -132.6281
445438.00000 4368154.00000 -132.8887
445438.00000 4368158.00000 -136.5509
445438.00000 4368162.00000 -134.9807
445438.00000 4368166.00000 -122.5288
445438.00000 4368170.00000 -134.6385
445438.00000 4368174.00000 -132.9549
445438.00000 4368178.00000 -150.7084
445438.00000 4368182.00000 -178.1806
445438.00000 4368186.00000 N.C.
445438.00000 4368190.00000 N.C.
445438.00000 4368194.00000 N.C.
445438.00000 4368198.00000 N.C.
445438.00000 4368202.00000 -129.8137
445438.00000 4368206.00000 -178.7641
445438.00000 4368210.00000 -149.5426
445438.00000 4368214.00000 -152.1333
445438.00000 4368218.00000 -161.5226
445438.00000 4368222.00000 -168.3957
445438.00000 4368226.00000 -156.6003
445438.00000 4368230.00000 -152.4001
445438.00000 4368234.00000 -145.6550
445438.00000 4368238.00000 -146.1354
445438.00000 4368242.00000 -145.7969
445438.00000 4368246.00000 -144.1830
445438.00000 4368250.00000 -145.5382
445438.00000 4368254.00000 -145.1241
445438.00000 4368258.00000 -142.6042
445438.00000 4368262.00000 -139.1984
445438.00000 4368266.00000 -138.2139
445438.00000 4368270.00000 -139.2105
445438.00000 4368274.00000 -138.7561
445438.00000 4368278.00000 -135.8723
445438.00000 4368282.00000 -137.3065
445438.00000 4368286.00000 -135.8007
445438.00000 4368290.00000 -132.0511
445438.00000 4368294.00000 -131.5208
445438.00000 4368298.00000 -132.9641
445438.00000 4368302.00000 -131.8196
445438.00000 4368306.00000 -131.6950
445438.00000 4368310.00000 -131.6040
445438.00000 4368314.00000 -134.6432
445438.00000 4368318.00000 -133.6453
445438.00000 4368322.00000 -132.2344
445438.00000 4368326.00000 -132.3862
445438.00000 4368330.00000 -131.1022
445438.00000 4368334.00000 -132.0935
445438.00000 4368338.00000 -133.6270
445438.00000 4368342.00000 -133.1967
445438.00000 4368346.00000 -129.7911
445438.00000 4368350.00000 -129.3977
445438.00000 4368354.00000 -129.6452
445438.00000 4368358.00000 -129.3631
445438.00000 4368362.00000 -129.6201
445438.00000 4368366.00000 -129.4226
445438.00000 4368370.00000 -138.0299
445438.00000 4368374.00000 -137.6040
445438.00000 4368378.00000 -134.3002
445438.00000 4368382.00000 -134.6576
445438.00000 4368386.00000 -130.1378
445438.00000 4368390.00000 -131.8754
445438.00000 4368394.00000 -131.1408
END_DATA