{
  "type": "FeatureCollection",
  "features": [
    {
      "type": "Feature",
      "geometry": {
        "type": "Polygon",
        "coordinates": [
          [
            [
              116.3369697,
              39.9506909
            ],
            [
              116.3369858,
              39.9505799
            ],
            [
              116.3373613,
              39.9504195
            ],
            [
              116.3374472,
              39.9504319
            ],
            [
              116.3374941,
              39.9504931
            ],
            [
              116.3375759,
              39.9504606
            ],
            [
              116.3376872,
              39.9504808
            ],
            [
              116.3377476,
              39.950547
            ],
            [
              116.3377194,
              39.9506329
            ],
            [
              116.3376242,
              39.9506786
            ],
            [
              116.3376872,
              39.9507275
            ],
            [
              116.3376604,
              39.9508303
            ],
            [
              116.337592,
              39.9508678
            ],
            [
              116.3375169,
              39.9508636
            ],
            [
              116.3374136,
              39.9509085
            ],
            [
              116.3373828,
              39.9509665
            ],
            [
              116.337313,
              39.9510035
            ],
            [
              116.3372004,
              39.950987
            ],
            [
              116.3371467,
              39.9509377
            ],
            [
              116.3370877,
              39.9509706
            ],
            [
              116.336959,
              39.9509541
            ],
            [
              116.3369,
              39.9508801
            ],
            [
              116.3369214,
              39.9507814
            ],
            [
              116.3370234,
              39.9507526
            ],
            [
              116.3369697,
              39.9506909
            ]
          ]
        ]
      },
      "properties": {
        "osm_id": 188600671,
        "osm_type": "way",
        "name": "图书馆",
        "building": "yes",
        "height": null,
        "height_m": null,
        "building:levels": null,
        "estimated_height": null,
        "height_source": "missing",
        "height_note": "缺少高度和楼层数信息",
        "category": "missing_height_and_levels",
        "centroid_lat": 39.950709726872034,
        "centroid_lon": 116.3373177144966,
        "geometry_status": "ok",
        "tags": {
          "amenity": "library",
          "building": "yes",
          "name": "图书馆",
          "name:zh": "图书馆",
          "name:zh-Hans": "图书馆",
          "name:zh-Hant": "图书馆"
        }
      }
    },
    {
      "type": "Feature",
      "geometry": {
        "type": "Polygon",
        "coordinates": [
          [
            [
              116.3398379,
              39.9473287
            ],
            [
              116.3396496,
              39.9471662
            ],
            [
              116.3396607,
              39.9470209
            ],
            [
              116.3399659,
              39.9468545
            ],
            [
              116.340215,
              39.9468794
            ],
            [
              116.3403065,
              39.9469609
            ],
            [
              116.3402933,
              39.9471199
            ],
            [
              116.3400892,
              39.9472781
            ],
            [
              116.3399543,
              39.9472618
            ],
            [
              116.3398379,
              39.9473287
            ]
          ]
        ]
      },
      "properties": {
        "osm_id": 265006297,
        "osm_type": "way",
        "name": "东区食堂",
        "building": "yes",
        "height": null,
        "height_m": null,
        "building:levels": "2",
        "estimated_height": 6.0,
        "height_source": "estimated_from_levels_3m_per_floor",
        "height_note": "估算高度（building:levels × 3 米），不是 OSM 真实 height",
        "category": "levels_only",
        "centroid_lat": 39.9470771222896,
        "centroid_lon": 116.33998112727969,
        "geometry_status": "ok",
        "tags": {
          "amenity": "restaurant",
          "building": "yes",
          "building:levels": "2",
          "name": "东区食堂",
          "opening_hours": "9:00-21:00"
        }
      }
    },
    {
      "type": "Feature",
      "geometry": {
        "type": "Polygon",
        "coordinates": [
          [
            [
              116.3396886,
              39.9467645
            ],
            [
              116.3397013,
              39.946583
            ],
            [
              116.3392602,
              39.9465649
            ],
            [
              116.3392476,
              39.9467464
            ],
            [
              116.3396886,
              39.9467645
            ]
          ]
        ]
      },
      "properties": {
        "osm_id": 265006298,
        "osm_type": "way",
        "name": "东区体育馆",
        "building": "yes",
        "height": null,
        "height_m": null,
        "building:levels": "1",
        "estimated_height": 3.0,
        "height_source": "estimated_from_levels_3m_per_floor",
        "height_note": "估算高度（building:levels × 3 米），不是 OSM 真实 height",
        "category": "levels_only",
        "centroid_lat": 39.94666469661447,
        "centroid_lon": 116.339474426067,
        "geometry_status": "ok",
        "tags": {
          "building": "yes",
          "building:levels": "1",
          "name": "东区体育馆"
        }
      }
    },
    {
      "type": "Feature",
      "geometry": {
        "type": "Polygon",
        "coordinates": [
          [
            [
              116.3367717,
              39.9521792
            ],
            [
              116.3368148,
              39.9520242
            ],
            [
              116.3375869,
              39.9521503
            ],
            [
              116.3375438,
              39.9523054
            ],
            [
              116.3367717,
              39.9521792
            ]
          ]
        ]
      },
      "properties": {
        "osm_id": 276198652,
        "osm_type": "way",
        "name": "16号学生公寓",
        "building": "apartments",
        "height": null,
        "height_m": null,
        "building:levels": "6",
        "estimated_height": 18.0,
        "height_source": "estimated_from_levels_3m_per_floor",
        "height_note": "估算高度（building:levels × 3 米），不是 OSM 真实 height",
        "category": "levels_only",
        "centroid_lat": 39.95216478193049,
        "centroid_lon": 116.33717933957088,
        "geometry_status": "ok",
        "tags": {
          "building": "apartments",
          "building:levels": "6",
          "name": "16号学生公寓",
          "name:zh": "16号学生公寓",
          "name:zh-Hans": "16号学生公寓",
          "name:zh-Hant": "16號學生公寓"
        }
      }
    },
    {
      "type": "Feature",
      "geometry": {
        "type": "Polygon",
        "coordinates": [
          [
            [
              116.3369555,
              39.9518843
            ],
            [
              116.3370565,
              39.9515907
            ],
            [
              116.3376624,
              39.9516754
            ],
            [
              116.3375976,
              39.9519967
            ],
            [
              116.3369669,
              39.9519383
            ],
            [
              116.3369555,
              39.9518843
            ]
          ]
        ]
      },
      "properties": {
        "osm_id": 276198748,
        "osm_type": "way",
        "name": "学生一食堂",
        "building": "yes",
        "height": null,
        "height_m": null,
        "building:levels": "3",
        "estimated_height": 9.0,
        "height_source": "estimated_from_levels_3m_per_floor",
        "height_note": "估算高度（building:levels × 3 米），不是 OSM 真实 height",
        "category": "levels_only",
        "centroid_lat": 39.951800668806804,
        "centroid_lon": 116.33730971809479,
        "geometry_status": "ok",
        "tags": {
          "amenity": "restaurant",
          "building": "yes",
          "building:levels": "3",
          "fast_food": "cafeteria",
          "name": "学生一食堂",
          "name:zh": "学生一食堂",
          "name:zh-Hans": "学生一食堂",
          "name:zh-Hant": "學生一食堂"
        }
      }
    },
    {
      "type": "Feature",
      "geometry": {
        "type": "Polygon",
        "coordinates": [
          [
            [
              116.3370355,
              39.9514242
            ],
            [
              116.3370565,
              39.9513555
            ],
            [
              116.3370927,
              39.9513672
            ],
            [
              116.3371174,
              39.9512942
            ],
            [
              116.3373918,
              39.9513453
            ],
            [
              116.337409,
              39.9513278
            ],
            [
              116.3377653,
              39.9513818
            ],
            [
              116.33771,
              39.9516082
            ],
            [
              116.3371936,
              39.951541
            ],
            [
              116.3370584,
              39.9515089
            ],
            [
              116.3370355,
              39.9514242
            ]
          ]
        ]
      },
      "properties": {
        "osm_id": 276198818,
        "osm_type": "way",
        "name": "18号学生公寓",
        "building": "apartments",
        "height": null,
        "height_m": null,
        "building:levels": "6",
        "estimated_height": 18.0,
        "height_source": "estimated_from_levels_3m_per_floor",
        "height_note": "估算高度（building:levels × 3 米），不是 OSM 真实 height",
        "category": "levels_only",
        "centroid_lat": 39.951451172309596,
        "centroid_lon": 116.3374041969287,
        "geometry_status": "ok",
        "tags": {
          "building": "apartments",
          "building:levels": "6",
          "name": "18号学生公寓",
          "name:zh": "18号学生公寓",
          "name:zh-Hans": "18号学生公寓",
          "name:zh-Hant": "18號學生公寓"
        }
      }
    },
    {
      "type": "Feature",
      "geometry": {
        "type": "Polygon",
        "coordinates": [
          [
            [
              116.3359308,
              39.9513092
            ],
            [
              116.3359632,
              39.9511828
            ],
            [
              116.3366155,
              39.9512813
            ],
            [
              116.336583,
              39.9514077
            ],
            [
              116.3359308,
              39.9513092
            ]
          ]
        ]
      },
      "properties": {
        "osm_id": 276198844,
        "osm_type": "way",
        "name": "第八教学楼",
        "building": "school",
        "height": null,
        "height_m": null,
        "building:levels": "6",
        "estimated_height": 18.0,
        "height_source": "estimated_from_levels_3m_per_floor",
        "height_note": "估算高度（building:levels × 3 米），不是 OSM 真实 height",
        "category": "levels_only",
        "centroid_lat": 39.95129524938944,
        "centroid_lon": 116.33627313165067,
        "geometry_status": "ok",
        "tags": {
          "building": "school",
          "building:levels": "6",
          "name": "第八教学楼",
          "name:zh": "第八教学楼",
          "name:zh-Hans": "第八教学楼",
          "name:zh-Hant": "第八教學樓"
        }
      }
    },
    {
      "type": "Feature",
      "geometry": {
        "type": "Polygon",
        "coordinates": [
          [
            [
              116.3353249,
              39.9500458
            ],
            [
              116.3360552,
              39.9501589
            ],
            [
              116.3359946,
              39.9503887
            ],
            [
              116.3352643,
              39.9502756
            ],
            [
              116.3353249,
              39.9500458
            ]
          ]
        ]
      },
      "properties": {
        "osm_id": 276198909,
        "osm_type": "way",
        "name": "思源东楼",
        "building": "school",
        "height": null,
        "height_m": null,
        "building:levels": null,
        "estimated_height": null,
        "height_source": "missing",
        "height_note": "缺少高度和楼层数信息",
        "category": "missing_height_and_levels",
        "centroid_lat": 39.950217249999994,
        "centroid_lon": 116.33565975,
        "geometry_status": "ok",
        "tags": {
          "building": "school",
          "name": "思源东楼",
          "name:zh": "思源东楼",
          "name:zh-Hans": "思源东楼",
          "name:zh-Hant": "思源東樓"
        }
      }
    },
    {
      "type": "Feature",
      "geometry": {
        "type": "Polygon",
        "coordinates": [
          [
            [
              116.3353294,
              39.9505839
            ],
            [
              116.3354054,
              39.950339
            ],
            [
              116.3359322,
              39.950435
            ],
            [
              116.3358563,
              39.9506799
            ],
            [
              116.3353294,
              39.9505839
            ]
          ]
        ]
      },
      "properties": {
        "osm_id": 276199032,
        "osm_type": "way",
        "name": "科学会堂",
        "building": "school",
        "height": null,
        "height_m": null,
        "building:levels": null,
        "estimated_height": null,
        "height_source": "missing",
        "height_note": "缺少高度和楼层数信息",
        "category": "missing_height_and_levels",
        "centroid_lat": 39.95050945310306,
        "centroid_lon": 116.33563082077102,
        "geometry_status": "ok",
        "tags": {
          "building": "school",
          "name": "科学会堂",
          "name:zh": "科学会堂",
          "name:zh-Hans": "科学会堂",
          "name:zh-Hant": "科學會堂"
        }
      }
    },
    {
      "type": "Feature",
      "geometry": {
        "type": "Polygon",
        "coordinates": [
          [
            [
              116.3341747,
              39.9503157
            ],
            [
              116.3343108,
              39.9498649
            ],
            [
              116.3351648,
              39.9500164
            ],
            [
              116.3350287,
              39.9504672
            ],
            [
              116.3341747,
              39.9503157
            ]
          ]
        ]
      },
      "properties": {
        "osm_id": 276199049,
        "osm_type": "way",
        "name": "思源楼",
        "building": "school",
        "height": null,
        "height_m": null,
        "building:levels": "13",
        "estimated_height": 39.0,
        "height_source": "estimated_from_levels_3m_per_floor",
        "height_note": "估算高度（building:levels × 3 米），不是 OSM 真实 height",
        "category": "levels_only",
        "centroid_lat": 39.95016605,
        "centroid_lon": 116.33466974999999,
        "geometry_status": "ok",
        "tags": {
          "building": "school",
          "building:levels": "13",
          "name": "思源楼",
          "name:zh": "思源楼",
          "name:zh-Hans": "思源楼",
          "name:zh-Hant": "思源樓"
        }
      }
    },
    {
      "type": "Feature",
      "geometry": {
        "type": "Polygon",
        "coordinates": [
          [
            [
              116.3333431,
              39.9499238
            ],
            [
              116.333408,
              39.9497317
            ],
            [
              116.3341695,
              39.9498829
            ],
            [
              116.3341046,
              39.950075
            ],
            [
              116.3333431,
              39.9499238
            ]
          ]
        ]
      },
      "properties": {
        "osm_id": 276199074,
        "osm_type": "way",
        "name": "思源西楼",
        "building": "school",
        "height": null,
        "height_m": null,
        "building:levels": "6",
        "estimated_height": 18.0,
        "height_source": "estimated_from_levels_3m_per_floor",
        "height_note": "估算高度（building:levels × 3 米），不是 OSM 真实 height",
        "category": "levels_only",
        "centroid_lat": 39.94990335,
        "centroid_lon": 116.33375629999999,
        "geometry_status": "ok",
        "tags": {
          "building": "school",
          "building:levels": "6",
          "name": "思源西楼",
          "name:zh": "思源西楼",
          "name:zh-Hans": "思源西楼",
          "name:zh-Hant": "思源西樓"
        }
      }
    },
    {
      "type": "Feature",
      "geometry": {
        "type": "Polygon",
        "coordinates": [
          [
            [
              116.3332378,
              39.9503295
            ],
            [
              116.3332708,
              39.9502352
            ],
            [
              116.3336054,
              39.9503041
            ],
            [
              116.3336522,
              39.9501705
            ],
            [
              116.334021,
              39.9502465
            ],
            [
              116.3339217,
              39.9505299
            ],
            [
              116.3336648,
              39.950477
            ],
            [
              116.3336843,
              39.9504215
            ],
            [
              116.3332736,
              39.9503369
            ],
            [
              116.3332378,
              39.9503295
            ]
          ]
        ]
      },
      "properties": {
        "osm_id": 276199644,
        "osm_type": "way",
        "name": "信息中心",
        "building": "apartments",
        "height": null,
        "height_m": null,
        "building:levels": "2",
        "estimated_height": 6.0,
        "height_source": "estimated_from_levels_3m_per_floor",
        "height_note": "估算高度（building:levels × 3 米），不是 OSM 真实 height",
        "category": "levels_only",
        "centroid_lat": 39.9503379104038,
        "centroid_lon": 116.33370621993772,
        "geometry_status": "ok",
        "tags": {
          "building": "apartments",
          "building:levels": "2",
          "name": "信息中心",
          "name:zh": "信息中心",
          "name:zh-Hans": "信息中心",
          "name:zh-Hant": "信息中心"
        }
      }
    },
    {
      "type": "Feature",
      "geometry": {
        "type": "Polygon",
        "coordinates": [
          [
            [
              116.3324991,
              39.9496997
            ],
            [
              116.3325419,
              39.9495678
            ],
            [
              116.3332689,
              39.9497062
            ],
            [
              116.3332261,
              39.9498381
            ],
            [
              116.3324991,
              39.9496997
            ]
          ]
        ]
      },
      "properties": {
        "osm_id": 276200624,
        "osm_type": "way",
        "name": "15号学生公寓",
        "building": "apartments",
        "height": null,
        "height_m": null,
        "building:levels": null,
        "estimated_height": null,
        "height_source": "missing",
        "height_note": "缺少高度和楼层数信息",
        "category": "missing_height_and_levels",
        "centroid_lat": 39.94970295,
        "centroid_lon": 116.33288399999999,
        "geometry_status": "ok",
        "tags": {
          "building": "apartments",
          "name": "15号学生公寓",
          "name:zh": "15号学生公寓",
          "name:zh-Hans": "15号学生公寓",
          "name:zh-Hant": "15號學生公寓"
        }
      }
    },
    {
      "type": "Feature",
      "geometry": {
        "type": "Polygon",
        "coordinates": [
          [
            [
              116.3324743,
              39.9499606
            ],
            [
              116.333153,
              39.9500834
            ],
            [
              116.3331086,
              39.9502276
            ],
            [
              116.3324299,
              39.9501049
            ],
            [
              116.3324743,
              39.9499606
            ]
          ]
        ]
      },
      "properties": {
        "osm_id": 276200626,
        "osm_type": "way",
        "name": "建筑与艺术楼",
        "building": "school",
        "height": null,
        "height_m": null,
        "building:levels": "9",
        "estimated_height": 27.0,
        "height_source": "estimated_from_levels_3m_per_floor",
        "height_note": "估算高度（building:levels × 3 米），不是 OSM 真实 height",
        "category": "levels_only",
        "centroid_lat": 39.950094117766255,
        "centroid_lon": 116.33279141301797,
        "geometry_status": "ok",
        "tags": {
          "building": "school",
          "building:levels": "9",
          "name": "建筑与艺术楼",
          "name:zh": "建筑与艺术楼",
          "name:zh-Hans": "建筑与艺术楼",
          "name:zh-Hant": "建築與藝術樓"
        }
      }
    },
    {
      "type": "Feature",
      "geometry": {
        "type": "Polygon",
        "coordinates": [
          [
            [
              116.3325104,
              39.9495378
            ],
            [
              116.332556,
              39.9493959
            ],
            [
              116.3333045,
              39.9495374
            ],
            [
              116.3332588,
              39.9496793
            ],
            [
              116.3325104,
              39.9495378
            ]
          ]
        ]
      },
      "properties": {
        "osm_id": 276200628,
        "osm_type": "way",
        "name": "9号公寓",
        "building": "apartments",
        "height": null,
        "height_m": null,
        "building:levels": null,
        "estimated_height": null,
        "height_source": "missing",
        "height_note": "缺少高度和楼层数信息",
        "category": "missing_height_and_levels",
        "centroid_lat": 39.94953759999161,
        "centroid_lon": 116.33290743331254,
        "geometry_status": "ok",
        "tags": {
          "building": "apartments",
          "name": "9号公寓",
          "name:zh": "9号公寓",
          "name:zh-Hans": "9号公寓",
          "name:zh-Hant": "9號公寓"
        }
      }
    },
    {
      "type": "Feature",
      "geometry": {
        "type": "Polygon",
        "coordinates": [
          [
            [
              116.3325927,
              39.9491788
            ],
            [
              116.3326319,
              39.9490461
            ],
            [
              116.3333826,
              39.9491767
            ],
            [
              116.3333433,
              39.9493094
            ],
            [
              116.3325927,
              39.9491788
            ]
          ]
        ]
      },
      "properties": {
        "osm_id": 276201135,
        "osm_type": "way",
        "name": "8号公寓",
        "building": "apartments",
        "height": null,
        "height_m": null,
        "building:levels": null,
        "estimated_height": null,
        "height_source": "missing",
        "height_note": "缺少高度和楼层数信息",
        "category": "missing_height_and_levels",
        "centroid_lat": 39.94917774995601,
        "centroid_lon": 116.33298763321449,
        "geometry_status": "ok",
        "tags": {
          "building": "apartments",
          "name": "8号公寓",
          "name:zh": "8号公寓",
          "name:zh-Hans": "8号公寓",
          "name:zh-Hant": "8號公寓"
        }
      }
    },
    {
      "type": "Feature",
      "geometry": {
        "type": "Polygon",
        "coordinates": [
          [
            [
              116.3326901,
              39.9488594
            ],
            [
              116.3327371,
              39.9487045
            ],
            [
              116.3334768,
              39.9488365
            ],
            [
              116.3334298,
              39.9489914
            ],
            [
              116.3326901,
              39.9488594
            ]
          ]
        ]
      },
      "properties": {
        "osm_id": 276201136,
        "osm_type": "way",
        "name": "7号公寓",
        "building": "apartments",
        "height": null,
        "height_m": null,
        "building:levels": "5",
        "estimated_height": 15.0,
        "height_source": "estimated_from_levels_3m_per_floor",
        "height_note": "估算高度（building:levels × 3 米），不是 OSM 真实 height",
        "category": "levels_only",
        "centroid_lat": 39.948847949999994,
        "centroid_lon": 116.33308345,
        "geometry_status": "ok",
        "tags": {
          "building": "apartments",
          "building:levels": "5",
          "name": "7号公寓",
          "name:zh": "7号公寓",
          "name:zh-Hans": "7号公寓",
          "name:zh-Hant": "7號公寓"
        }
      }
    },
    {
      "type": "Feature",
      "geometry": {
        "type": "Polygon",
        "coordinates": [
          [
            [
              116.3327829,
              39.9485049
            ],
            [
              116.3328227,
              39.9483622
            ],
            [
              116.333577,
              39.948486
            ],
            [
              116.3335372,
              39.9486286
            ],
            [
              116.3327829,
              39.9485049
            ]
          ]
        ]
      },
      "properties": {
        "osm_id": 276201137,
        "osm_type": "way",
        "name": "12号学生公寓",
        "building": "apartments",
        "height": "11",
        "height_m": 11.0,
        "building:levels": "5",
        "estimated_height": null,
        "height_source": "osm_height",
        "height_note": "OSM 提供 height 字段",
        "category": "has_height",
        "centroid_lat": 39.948495417666734,
        "centroid_lon": 116.33317990798128,
        "geometry_status": "ok",
        "tags": {
          "building": "apartments",
          "building:levels": "5",
          "height": "11",
          "name": "12号学生公寓",
          "name:zh": "12号学生公寓",
          "name:zh-Hans": "12号学生公寓",
          "name:zh-Hant": "12號學生公寓"
        }
      }
    },
    {
      "type": "Feature",
      "geometry": {
        "type": "Polygon",
        "coordinates": [
          [
            [
              116.33285,
              39.9481519
            ],
            [
              116.3329272,
              39.9478517
            ],
            [
              116.3334539,
              39.9476403
            ],
            [
              116.3338152,
              39.9477143
            ],
            [
              116.3337628,
              39.947839
            ],
            [
              116.3337545,
              39.9478834
            ],
            [
              116.3335035,
              39.9478327
            ],
            [
              116.3332057,
              39.9479722
            ],
            [
              116.3331395,
              39.9479785
            ],
            [
              116.333123,
              39.948061
            ],
            [
              116.3336166,
              39.9481244
            ],
            [
              116.3335918,
              39.9483083
            ],
            [
              116.3328693,
              39.9481836
            ],
            [
              116.33285,
              39.9481519
            ]
          ]
        ]
      },
      "properties": {
        "osm_id": 276201138,
        "osm_type": "way",
        "name": "19号学生公寓",
        "building": "apartments",
        "height": null,
        "height_m": null,
        "building:levels": "13",
        "estimated_height": 39.0,
        "height_source": "estimated_from_levels_3m_per_floor",
        "height_note": "估算高度（building:levels × 3 米），不是 OSM 真实 height",
        "category": "levels_only",
        "centroid_lat": 39.94796638152003,
        "centroid_lon": 116.33329117611663,
        "geometry_status": "ok",
        "tags": {
          "building": "apartments",
          "building:levels": "13",
          "name": "19号学生公寓",
          "name:zh": "19号学生公寓",
          "name:zh-Hans": "19号学生公寓",
          "name:zh-Hant": "19號學生公寓"
        }
      }
    },
    {
      "type": "Feature",
      "geometry": {
        "type": "Polygon",
        "coordinates": [
          [
            [
              116.3338863,
              39.9479635
            ],
            [
              116.3339157,
              39.9478609
            ],
            [
              116.3347801,
              39.9480063
            ],
            [
              116.3347398,
              39.9481471
            ],
            [
              116.3338754,
              39.9480016
            ],
            [
              116.3338863,
              39.9479635
            ]
          ]
        ]
      },
      "properties": {
        "osm_id": 276201139,
        "osm_type": "way",
        "name": "2号学生公寓",
        "building": "apartments",
        "height": null,
        "height_m": null,
        "building:levels": null,
        "estimated_height": null,
        "height_source": "missing",
        "height_note": "缺少高度和楼层数信息",
        "category": "missing_height_and_levels",
        "centroid_lat": 39.948003983149,
        "centroid_lon": 116.33432779564741,
        "geometry_status": "ok",
        "tags": {
          "building": "apartments",
          "building:flats": "5",
          "name": "2号学生公寓"
        }
      }
    },
    {
      "type": "Feature",
      "geometry": {
        "type": "Polygon",
        "coordinates": [
          [
            [
              116.3336466,
              39.9487359
            ],
            [
              116.3337348,
              39.9484344
            ],
            [
              116.3338611,
              39.9484561
            ],
            [
              116.3338751,
              39.948408
            ],
            [
              116.3340002,
              39.9484295
            ],
            [
              116.3339887,
              39.9484687
            ],
            [
              116.334524,
              39.9485607
            ],
            [
              116.3344332,
              39.9488711
            ],
            [
              116.3336466,
              39.9487359
            ]
          ]
        ]
      },
      "properties": {
        "osm_id": 276201140,
        "osm_type": "way",
        "name": "天佑会堂",
        "building": "yes",
        "height": null,
        "height_m": null,
        "building:levels": "4",
        "estimated_height": 12.0,
        "height_source": "estimated_from_levels_3m_per_floor",
        "height_note": "估算高度（building:levels × 3 米），不是 OSM 真实 height",
        "category": "levels_only",
        "centroid_lat": 39.94864509053938,
        "centroid_lon": 116.33408356400633,
        "geometry_status": "ok",
        "tags": {
          "building": "yes",
          "building:levels": "4",
          "name": "天佑会堂",
          "name:zh": "天佑会堂",
          "name:zh-Hans": "天佑会堂",
          "name:zh-Hant": "天佑會堂"
        }
      }
    },
    {
      "type": "Feature",
      "geometry": {
        "type": "Polygon",
        "coordinates": [
          [
            [
              116.3334727,
              39.949347
            ],
            [
              116.333538,
              39.9491536
            ],
            [
              116.3343832,
              39.9493213
            ],
            [
              116.3343179,
              39.9495148
            ],
            [
              116.3334727,
              39.949347
            ]
          ]
        ]
      },
      "properties": {
        "osm_id": 276201142,
        "osm_type": "way",
        "name": "第四教学楼",
        "building": "school",
        "height": null,
        "height_m": null,
        "building:levels": "5",
        "estimated_height": 15.0,
        "height_source": "estimated_from_levels_3m_per_floor",
        "height_note": "估算高度（building:levels × 3 米），不是 OSM 真实 height",
        "category": "levels_only",
        "centroid_lat": 39.94933418237592,
        "centroid_lon": 116.3339279839193,
        "geometry_status": "ok",
        "tags": {
          "building": "school",
          "building:levels": "5",
          "name": "第四教学楼",
          "name:zh": "第四教学楼",
          "name:zh-Hans": "第四教学楼",
          "name:zh-Hant": "第四教學樓"
        }
      }
    },
    {
      "type": "Feature",
      "geometry": {
        "type": "Polygon",
        "coordinates": [
          [
            [
              116.3352423,
              39.949751
            ],
            [
              116.3352832,
              39.9496118
            ],
            [
              116.3363823,
              39.9498015
            ],
            [
              116.3363342,
              39.9499652
            ],
            [
              116.3352352,
              39.9497754
            ],
            [
              116.3352423,
              39.949751
            ]
          ]
        ]
      },
      "properties": {
        "osm_id": 276202111,
        "osm_type": "way",
        "name": "第七教学楼",
        "building": "school",
        "height": null,
        "height_m": null,
        "building:levels": "4",
        "estimated_height": 12.0,
        "height_source": "estimated_from_levels_3m_per_floor",
        "height_note": "估算高度（building:levels × 3 米），不是 OSM 真实 height",
        "category": "levels_only",
        "centroid_lat": 39.94978848301765,
        "centroid_lon": 116.33580877354552,
        "geometry_status": "ok",
        "tags": {
          "building": "school",
          "building:levels": "4",
          "name": "第七教学楼",
          "name:zh": "第七教学楼",
          "name:zh-Hans": "第七教学楼",
          "name:zh-Hant": "第七教學樓"
        }
      }
    },
    {
      "type": "Feature",
      "geometry": {
        "type": "Polygon",
        "coordinates": [
          [
            [
              116.3363678,
              39.9494076
            ],
            [
              116.3364119,
              39.9492745
            ],
            [
              116.3367069,
              39.9493252
            ],
            [
              116.3366766,
              39.9494647
            ],
            [
              116.336627,
              39.9494774
            ],
            [
              116.3364008,
              39.9494457
            ],
            [
              116.3363678,
              39.9494076
            ]
          ]
        ]
      },
      "properties": {
        "osm_id": 276202112,
        "osm_type": "way",
        "name": "东阶梯教室",
        "building": "school",
        "height": null,
        "height_m": null,
        "building:levels": null,
        "estimated_height": null,
        "height_source": "missing",
        "height_note": "缺少高度和楼层数信息",
        "category": "missing_height_and_levels",
        "centroid_lat": 39.949379766963396,
        "centroid_lon": 116.3365366713528,
        "geometry_status": "ok",
        "tags": {
          "building": "school",
          "name": "东阶梯教室",
          "name:zh": "东阶梯教室",
          "name:zh-Hans": "东阶梯教室",
          "name:zh-Hant": "東階梯教室"
        }
      }
    },
    {
      "type": "Feature",
      "geometry": {
        "type": "Polygon",
        "coordinates": [
          [
            [
              116.3354936,
              39.9486064
            ],
            [
              116.3356673,
              39.9480948
            ],
            [
              116.3368669,
              39.9482914
            ],
            [
              116.3367069,
              39.9489024
            ],
            [
              116.3355625,
              39.9487312
            ],
            [
              116.3354936,
              39.9486064
            ]
          ]
        ]
      },
      "properties": {
        "osm_id": 276202113,
        "osm_type": "way",
        "name": "第九教学楼",
        "building": "school",
        "height": null,
        "height_m": null,
        "building:levels": "6",
        "estimated_height": 18.0,
        "height_source": "estimated_from_levels_3m_per_floor",
        "height_note": "估算高度（building:levels × 3 米），不是 OSM 真实 height",
        "category": "levels_only",
        "centroid_lat": 39.94850106233272,
        "centroid_lon": 116.33617623836493,
        "geometry_status": "ok",
        "tags": {
          "building": "school",
          "building:levels": "6",
          "name": "第九教学楼",
          "name:zh": "第九教学楼",
          "name:zh-Hans": "第九教学楼",
          "name:zh-Hant": "第九教學樓"
        }
      }
    },
    {
      "type": "Feature",
      "geometry": {
        "type": "Polygon",
        "coordinates": [
          [
            [
              116.3357424,
              39.9476057
            ],
            [
              116.3358869,
              39.9471318
            ],
            [
              116.3361933,
              39.9471867
            ],
            [
              116.3360373,
              39.9476983
            ],
            [
              116.3357309,
              39.9476434
            ],
            [
              116.3357424,
              39.9476057
            ]
          ]
        ]
      },
      "properties": {
        "osm_id": 276202114,
        "osm_type": "way",
        "name": "嘉园A座",
        "building": "apartments",
        "height": null,
        "height_m": null,
        "building:levels": "9",
        "estimated_height": 27.0,
        "height_source": "estimated_from_levels_3m_per_floor",
        "height_note": "估算高度（building:levels × 3 米），不是 OSM 真实 height",
        "category": "levels_only",
        "centroid_lat": 39.94741504969891,
        "centroid_lon": 116.33596210116686,
        "geometry_status": "ok",
        "tags": {
          "building": "apartments",
          "building:levels": "9",
          "name": "嘉园A座",
          "name:zh": "嘉园A座",
          "name:zh-Hans": "嘉园A座",
          "name:zh-Hant": "嘉園A座"
        }
      }
    },
    {
      "type": "Feature",
      "geometry": {
        "type": "Polygon",
        "coordinates": [
          [
            [
              116.3362681,
              39.9471883
            ],
            [
              116.3360372,
              39.947119
            ],
            [
              116.3360691,
              39.9470565
            ],
            [
              116.3362759,
              39.9471186
            ],
            [
              116.3362992,
              39.947073
            ],
            [
              116.3363425,
              39.947086
            ],
            [
              116.3363494,
              39.9470726
            ],
            [
              116.3369953,
              39.9472663
            ],
            [
              116.3368964,
              39.94746
            ],
            [
              116.3362312,
              39.9472605
            ],
            [
              116.3362681,
              39.9471883
            ]
          ]
        ]
      },
      "properties": {
        "osm_id": 276202115,
        "osm_type": "way",
        "name": "嘉园B座",
        "building": "apartments",
        "height": null,
        "height_m": null,
        "building:levels": "16",
        "estimated_height": 48.0,
        "height_source": "estimated_from_levels_3m_per_floor",
        "height_note": "估算高度（building:levels × 3 米），不是 OSM 真实 height",
        "category": "levels_only",
        "centroid_lat": 39.94724837532845,
        "centroid_lon": 116.33656684702154,
        "geometry_status": "ok",
        "tags": {
          "building": "apartments",
          "building:levels": "16",
          "name": "嘉园B座",
          "name:zh": "嘉园B座",
          "name:zh-Hans": "嘉园B座",
          "name:zh-Hant": "嘉園B座"
        }
      }
    },
    {
      "type": "Feature",
      "geometry": {
        "type": "Polygon",
        "coordinates": [
          [
            [
              116.3367623,
              39.9477735
            ],
            [
              116.3369413,
              39.9475281
            ],
            [
              116.3372374,
              39.9475756
            ],
            [
              116.3371135,
              39.9479688
            ],
            [
              116.3367899,
              39.9479054
            ],
            [
              116.3367623,
              39.9477735
            ]
          ]
        ]
      },
      "properties": {
        "osm_id": 276202116,
        "osm_type": "way",
        "name": "嘉园C座",
        "building": "yes",
        "height": null,
        "height_m": null,
        "building:levels": "15",
        "estimated_height": 45.0,
        "height_source": "estimated_from_levels_3m_per_floor",
        "height_note": "估算高度（building:levels × 3 米），不是 OSM 真实 height",
        "category": "levels_only",
        "centroid_lat": 39.947746530602885,
        "centroid_lon": 116.33699988104242,
        "geometry_status": "ok",
        "tags": {
          "building": "yes",
          "building:levels": "15",
          "name": "嘉园C座",
          "name:zh": "嘉园C座",
          "name:zh-Hans": "嘉园C座",
          "name:zh-Hant": "嘉園C座"
        }
      }
    },
    {
      "type": "Feature",
      "geometry": {
        "type": "Polygon",
        "coordinates": [
          [
            [
              116.337099,
              39.9489034
            ],
            [
              116.3371345,
              39.9487742
            ],
            [
              116.3378646,
              39.9488921
            ],
            [
              116.3378291,
              39.9490213
            ],
            [
              116.337099,
              39.9489034
            ]
          ]
        ]
      },
      "properties": {
        "osm_id": 276202117,
        "osm_type": "way",
        "name": "留园公寓",
        "building": "apartments",
        "height": null,
        "height_m": null,
        "building:levels": null,
        "estimated_height": null,
        "height_source": "missing",
        "height_note": "缺少高度和楼层数信息",
        "category": "missing_height_and_levels",
        "centroid_lat": 39.94889775,
        "centroid_lon": 116.33748179999999,
        "geometry_status": "ok",
        "tags": {
          "building": "apartments",
          "name": "留园公寓",
          "name:zh": "留园公寓",
          "name:zh-Hans": "留园公寓",
          "name:zh-Hant": "留園公寓"
        }
      }
    },
    {
      "type": "Feature",
      "geometry": {
        "type": "Polygon",
        "coordinates": [
          [
            [
              116.3371188,
              39.9486138
            ],
            [
              116.3371605,
              39.9484627
            ],
            [
              116.3379635,
              39.9485931
            ],
            [
              116.3379218,
              39.9487442
            ],
            [
              116.3371188,
              39.9486138
            ]
          ]
        ]
      },
      "properties": {
        "osm_id": 276202118,
        "osm_type": "way",
        "name": "专家楼",
        "building": "school",
        "height": null,
        "height_m": null,
        "building:levels": "5",
        "estimated_height": 15.0,
        "height_source": "estimated_from_levels_3m_per_floor",
        "height_note": "估算高度（building:levels × 3 米），不是 OSM 真实 height",
        "category": "levels_only",
        "centroid_lat": 39.94860344999999,
        "centroid_lon": 116.33754115,
        "geometry_status": "ok",
        "tags": {
          "building": "school",
          "building:levels": "5",
          "name": "专家楼",
          "name:zh": "专家楼",
          "name:zh-Hans": "专家楼",
          "name:zh-Hant": "專家樓"
        }
      }
    },
    {
      "type": "Feature",
      "geometry": {
        "type": "Polygon",
        "coordinates": [
          [
            [
              116.3369573,
              39.9494991
            ],
            [
              116.3369962,
              39.9493492
            ],
            [
              116.3377003,
              39.9494565
            ],
            [
              116.3376614,
              39.9496064
            ],
            [
              116.3369573,
              39.9494991
            ]
          ]
        ]
      },
      "properties": {
        "osm_id": 287661510,
        "osm_type": "way",
        "name": "一号宿舍楼",
        "building": "apartments",
        "height": null,
        "height_m": null,
        "building:levels": null,
        "estimated_height": null,
        "height_source": "missing",
        "height_note": "缺少高度和楼层数信息",
        "category": "missing_height_and_levels",
        "centroid_lat": 39.94947779999999,
        "centroid_lon": 116.33732879999998,
        "geometry_status": "ok",
        "tags": {
          "building": "apartments",
          "name": "一号宿舍楼",
          "name:zh": "一号宿舍楼",
          "name:zh-Hans": "一号宿舍楼",
          "name:zh-Hant": "一號宿舍樓"
        }
      }
    },
    {
      "type": "Feature",
      "geometry": {
        "type": "Polygon",
        "coordinates": [
          [
            [
              116.3384463,
              39.9498675
            ],
            [
              116.338498,
              39.9496603
            ],
            [
              116.3391681,
              39.9497585
            ],
            [
              116.3390478,
              39.950241
            ],
            [
              116.338862,
              39.9502138
            ],
            [
              116.3389307,
              39.9499385
            ],
            [
              116.3384463,
              39.9498675
            ]
          ]
        ]
      },
      "properties": {
        "osm_id": 287661745,
        "osm_type": "way",
        "name": "电气工程楼",
        "building": "yes",
        "height": null,
        "height_m": null,
        "building:levels": "8",
        "estimated_height": 24.0,
        "height_source": "estimated_from_levels_3m_per_floor",
        "height_note": "估算高度（building:levels × 3 米），不是 OSM 真实 height",
        "category": "levels_only",
        "centroid_lat": 39.94988749847456,
        "centroid_lon": 116.33885620430016,
        "geometry_status": "ok",
        "tags": {
          "building": "yes",
          "building:levels": "8",
          "layer": "-1",
          "name": "电气工程楼",
          "name:zh": "电气工程楼",
          "name:zh-Hans": "电气工程楼",
          "name:zh-Hant": "電氣工程樓"
        }
      }
    },
    {
      "type": "Feature",
      "geometry": {
        "type": "Polygon",
        "coordinates": [
          [
            [
              116.3385006,
              39.9495521
            ],
            [
              116.3386237,
              39.9491725
            ],
            [
              116.3392656,
              39.9492948
            ],
            [
              116.3391426,
              39.9496744
            ],
            [
              116.3385006,
              39.9495521
            ]
          ]
        ]
      },
      "properties": {
        "osm_id": 287661839,
        "osm_type": "way",
        "name": "机械实验馆",
        "building": "school",
        "height": null,
        "height_m": null,
        "building:levels": "2",
        "estimated_height": 6.0,
        "height_source": "estimated_from_levels_3m_per_floor",
        "height_note": "估算高度（building:levels × 3 米），不是 OSM 真实 height",
        "category": "levels_only",
        "centroid_lat": 39.94942345415933,
        "centroid_lon": 116.33888312096687,
        "geometry_status": "ok",
        "tags": {
          "building": "school",
          "building:levels": "2",
          "name": "机械实验馆",
          "name:zh": "机械实验馆",
          "name:zh-Hans": "机械实验馆",
          "name:zh-Hant": "機械實驗館"
        }
      }
    },
    {
      "type": "Feature",
      "geometry": {
        "type": "Polygon",
        "coordinates": [
          [
            [
              116.3392883,
              39.9497186
            ],
            [
              116.3393523,
              39.9495049
            ],
            [
              116.3401218,
              39.9496402
            ],
            [
              116.3400578,
              39.949854
            ],
            [
              116.3397965,
              39.9498094
            ],
            [
              116.3398295,
              39.9499653
            ],
            [
              116.3395916,
              39.9499798
            ],
            [
              116.3393606,
              39.9498868
            ],
            [
              116.3395054,
              39.9497579
            ],
            [
              116.3392883,
              39.9497186
            ]
          ]
        ]
      },
      "properties": {
        "osm_id": 287661858,
        "osm_type": "way",
        "name": "机械楼",
        "building": "yes",
        "height": null,
        "height_m": null,
        "building:levels": "10",
        "estimated_height": 30.0,
        "height_source": "estimated_from_levels_3m_per_floor",
        "height_note": "估算高度（building:levels × 3 米），不是 OSM 真实 height",
        "category": "levels_only",
        "centroid_lat": 39.9497362571312,
        "centroid_lon": 116.33967912643776,
        "geometry_status": "ok",
        "tags": {
          "alt_name": "国际会议中心",
          "building": "yes",
          "building:levels": "10",
          "name": "机械楼",
          "name:zh": "机械楼",
          "name:zh-Hans": "机械楼",
          "name:zh-Hant": "機械樓"
        }
      }
    },
    {
      "type": "Feature",
      "geometry": {
        "type": "Polygon",
        "coordinates": [
          [
            [
              116.3393895,
              39.9490534
            ],
            [
              116.3394266,
              39.9489349
            ],
            [
              116.3403709,
              39.9491089
            ],
            [
              116.3403315,
              39.9492347
            ],
            [
              116.3402489,
              39.9492195
            ],
            [
              116.3402286,
              39.9492844
            ],
            [
              116.3395588,
              39.949161
            ],
            [
              116.3395815,
              39.9490888
            ],
            [
              116.3393895,
              39.9490534
            ]
          ]
        ]
      },
      "properties": {
        "osm_id": 287661893,
        "osm_type": "way",
        "name": "土木工程楼",
        "building": "school",
        "height": null,
        "height_m": null,
        "building:levels": "12",
        "estimated_height": 36.0,
        "height_source": "estimated_from_levels_3m_per_floor",
        "height_note": "估算高度（building:levels × 3 米），不是 OSM 真实 height",
        "category": "levels_only",
        "centroid_lat": 39.9491133871329,
        "centroid_lon": 116.3398891966082,
        "geometry_status": "ok",
        "tags": {
          "building": "school",
          "building:levels": "12",
          "name": "土木工程楼",
          "name:zh": "土木工程楼",
          "name:zh-Hans": "土木工程楼",
          "name:zh-Hant": "土木工程樓"
        }
      }
    },
    {
      "type": "Feature",
      "geometry": {
        "type": "Polygon",
        "coordinates": [
          [
            [
              116.3382967,
              39.9503681
            ],
            [
              116.338367,
              39.9501313
            ],
            [
              116.3397167,
              39.9503668
            ],
            [
              116.3396464,
              39.9506036
            ],
            [
              116.3382967,
              39.9503681
            ]
          ]
        ]
      },
      "properties": {
        "osm_id": 287661916,
        "osm_type": "way",
        "name": "逸夫教学楼 & 研究生院",
        "building": "yes",
        "height": null,
        "height_m": null,
        "building:levels": "8",
        "estimated_height": 24.0,
        "height_source": "estimated_from_levels_3m_per_floor",
        "height_note": "估算高度（building:levels × 3 米），不是 OSM 真实 height",
        "category": "levels_only",
        "centroid_lat": 39.950367449999995,
        "centroid_lon": 116.3390067,
        "geometry_status": "ok",
        "tags": {
          "building": "yes",
          "building:levels": "8",
          "name": "逸夫教学楼 & 研究生院",
          "name:zh": "逸夫教学楼 & 研究生院",
          "name:zh-Hans": "逸夫教学楼 & 研究生院",
          "name:zh-Hant": "逸夫教學樓 & 研究生院"
        }
      }
    },
    {
      "type": "Feature",
      "geometry": {
        "type": "Polygon",
        "coordinates": [
          [
            [
              116.3317991,
              39.9487035
            ],
            [
              116.3318579,
              39.9484869
            ],
            [
              116.332088,
              39.9483192
            ],
            [
              116.332603,
              39.9480872
            ],
            [
              116.3326665,
              39.9481616
            ],
            [
              116.3326665,
              39.9482415
            ],
            [
              116.332307,
              39.9484128
            ],
            [
              116.332148,
              39.9484885
            ],
            [
              116.332025,
              39.9485514
            ],
            [
              116.3319464,
              39.9486215
            ],
            [
              116.331897,
              39.9487217
            ],
            [
              116.3317991,
              39.9487035
            ]
          ]
        ]
      },
      "properties": {
        "osm_id": 287662019,
        "osm_type": "way",
        "name": "22号学生公寓",
        "building": "yes",
        "height": null,
        "height_m": null,
        "building:levels": null,
        "estimated_height": null,
        "height_source": "missing",
        "height_note": "缺少高度和楼层数信息",
        "category": "missing_height_and_levels",
        "centroid_lat": 39.948372155473756,
        "centroid_lon": 116.33222438431166,
        "geometry_status": "ok",
        "tags": {
          "building": "yes",
          "name": "22号学生公寓",
          "name:zh": "22号学生公寓",
          "name:zh-Hans": "22号学生公寓",
          "name:zh-Hant": "22號學生公寓"
        }
      }
    },
    {
      "type": "Feature",
      "geometry": {
        "type": "Polygon",
        "coordinates": [
          [
            [
              116.3320569,
              39.9486148
            ],
            [
              116.3324952,
              39.9486997
            ],
            [
              116.3324503,
              39.9488358
            ],
            [
              116.3320121,
              39.948751
            ],
            [
              116.3320569,
              39.9486148
            ]
          ]
        ]
      },
      "properties": {
        "osm_id": 287662861,
        "osm_type": "way",
        "name": "20号宿舍楼",
        "building": "yes",
        "height": null,
        "height_m": null,
        "building:levels": null,
        "estimated_height": null,
        "height_source": "missing",
        "height_note": "缺少高度和楼层数信息",
        "category": "missing_height_and_levels",
        "centroid_lat": 39.9487253178278,
        "centroid_lon": 116.33225360573209,
        "geometry_status": "ok",
        "tags": {
          "building": "yes",
          "name": "20号宿舍楼",
          "name:zh": "20号宿舍楼",
          "name:zh-Hans": "20号宿舍楼",
          "name:zh-Hant": "20號宿舍樓"
        }
      }
    },
    {
      "type": "Feature",
      "geometry": {
        "type": "Polygon",
        "coordinates": [
          [
            [
              116.3304757,
              39.9506886
            ],
            [
              116.3305691,
              39.9503127
            ],
            [
              116.3306345,
              39.9502912
            ],
            [
              116.3311108,
              39.9503736
            ],
            [
              116.3311388,
              39.9504201
            ],
            [
              116.3310314,
              39.9507817
            ],
            [
              116.3309427,
              39.9508139
            ],
            [
              116.330499,
              39.9507387
            ],
            [
              116.3304757,
              39.9506886
            ]
          ]
        ]
      },
      "properties": {
        "osm_id": 287662866,
        "osm_type": "way",
        "name": "体育馆",
        "building": "school",
        "height": null,
        "height_m": null,
        "building:levels": "3",
        "estimated_height": 9.0,
        "height_source": "estimated_from_levels_3m_per_floor",
        "height_note": "估算高度（building:levels × 3 米），不是 OSM 真实 height",
        "category": "levels_only",
        "centroid_lat": 39.95055312106112,
        "centroid_lon": 116.33080209406275,
        "geometry_status": "ok",
        "tags": {
          "building": "school",
          "building:levels": "3",
          "name": "体育馆",
          "name:zh": "体育馆",
          "name:zh-Hans": "体育馆",
          "name:zh-Hant": "體育館"
        }
      }
    },
    {
      "type": "Feature",
      "geometry": {
        "type": "Polygon",
        "coordinates": [
          [
            [
              116.3308524,
              39.9515463
            ],
            [
              116.3311891,
              39.9503621
            ],
            [
              116.3313103,
              39.9503823
            ],
            [
              116.3309733,
              39.9515665
            ],
            [
              116.3308524,
              39.9515463
            ]
          ]
        ]
      },
      "properties": {
        "osm_id": 287662943,
        "osm_type": "way",
        "name": "主席台",
        "building": "house",
        "height": null,
        "height_m": null,
        "building:levels": null,
        "estimated_height": null,
        "height_source": "missing",
        "height_note": "缺少高度和楼层数信息",
        "category": "missing_height_and_levels",
        "centroid_lat": 39.95096406658259,
        "centroid_lon": 116.33108134182288,
        "geometry_status": "ok",
        "tags": {
          "building": "house",
          "name": "主席台",
          "name:zh": "主席台",
          "name:zh-Hans": "主席台",
          "name:zh-Hant": "主席台"
        }
      }
    },
    {
      "type": "Feature",
      "geometry": {
        "type": "Polygon",
        "coordinates": [
          [
            [
              116.3321605,
              39.9519657
            ],
            [
              116.33245,
              39.9508596
            ],
            [
              116.3330926,
              39.950973
            ],
            [
              116.3327871,
              39.9520718
            ],
            [
              116.3321605,
              39.9519657
            ]
          ]
        ]
      },
      "properties": {
        "osm_id": 287663004,
        "osm_type": "way",
        "name": "北京交通大学综合体育馆",
        "building": "school",
        "height": null,
        "height_m": null,
        "building:levels": "4",
        "estimated_height": 12.0,
        "height_source": "estimated_from_levels_3m_per_floor",
        "height_note": "估算高度（building:levels × 3 米），不是 OSM 真实 height",
        "category": "levels_only",
        "centroid_lat": 39.95146500356826,
        "centroid_lon": 116.33262301297874,
        "geometry_status": "ok",
        "tags": {
          "building": "school",
          "building:levels": "4",
          "name": "北京交通大学综合体育馆",
          "name:zh": "游泳馆",
          "name:zh-Hans": "游泳馆",
          "name:zh-Hant": "游泳館"
        }
      }
    },
    {
      "type": "Feature",
      "geometry": {
        "type": "Polygon",
        "coordinates": [
          [
            [
              116.3358728,
              39.9514946
            ],
            [
              116.3360111,
              39.9515162
            ],
            [
              116.3359859,
              39.9516112
            ],
            [
              116.3364608,
              39.9516853
            ],
            [
              116.3364836,
              39.9515993
            ],
            [
              116.3365926,
              39.9516163
            ],
            [
              116.3364728,
              39.9520677
            ],
            [
              116.3357506,
              39.951955
            ],
            [
              116.3358728,
              39.9514946
            ]
          ]
        ]
      },
      "properties": {
        "osm_id": 287663142,
        "osm_type": "way",
        "name": "运输设备教学馆",
        "building": "yes",
        "height": null,
        "height_m": null,
        "building:levels": "1",
        "estimated_height": 3.0,
        "height_source": "estimated_from_levels_3m_per_floor",
        "height_note": "估算高度（building:levels × 3 米），不是 OSM 真实 height",
        "category": "levels_only",
        "centroid_lat": 39.95181018307069,
        "centroid_lon": 116.33616159321284,
        "geometry_status": "ok",
        "tags": {
          "building": "yes",
          "building:levels": "1",
          "name": "运输设备教学馆",
          "name:zh": "运输设备教学馆",
          "name:zh-Hans": "运输设备教学馆",
          "name:zh-Hant": "運輸設備教學館"
        }
      }
    },
    {
      "type": "Feature",
      "geometry": {
        "type": "Polygon",
        "coordinates": [
          [
            [
              116.331502,
              39.9488083
            ],
            [
              116.3316168,
              39.9488645
            ],
            [
              116.3315698,
              39.9489209
            ],
            [
              116.3316541,
              39.9489622
            ],
            [
              116.3315496,
              39.9490876
            ],
            [
              116.331236,
              39.9494641
            ],
            [
              116.3310661,
              39.9496681
            ],
            [
              116.3309542,
              39.9496133
            ],
            [
              116.330997,
              39.949562
            ],
            [
              116.3309099,
              39.9495193
            ],
            [
              116.331502,
              39.9488083
            ]
          ]
        ]
      },
      "properties": {
        "osm_id": 343659185,
        "osm_type": "way",
        "name": "交大知行大厦",
        "building": "yes",
        "height": null,
        "height_m": null,
        "building:levels": "11",
        "estimated_height": 33.0,
        "height_source": "estimated_from_levels_3m_per_floor",
        "height_note": "估算高度（building:levels × 3 米），不是 OSM 真实 height",
        "category": "levels_only",
        "centroid_lat": 39.94923871361659,
        "centroid_lon": 116.33128342396387,
        "geometry_status": "ok",
        "tags": {
          "building": "yes",
          "building:levels": "11",
          "name": "交大知行大厦",
          "name:zh": "交大知行大厦",
          "name:zh-Hans": "交大知行大厦",
          "name:zh-Hant": "交大知行大廈"
        }
      }
    },
    {
      "type": "Feature",
      "geometry": {
        "type": "Polygon",
        "coordinates": [
          [
            [
              116.3426037,
              39.9529545
            ],
            [
              116.3426442,
              39.9528332
            ],
            [
              116.3421082,
              39.9527281
            ],
            [
              116.3420677,
              39.9528494
            ],
            [
              116.3426037,
              39.9529545
            ]
          ]
        ]
      },
      "properties": {
        "osm_id": 352008020,
        "osm_type": "way",
        "name": "学苑公寓7号楼",
        "building": "apartments",
        "height": null,
        "height_m": null,
        "building:levels": "13",
        "estimated_height": 39.0,
        "height_source": "estimated_from_levels_3m_per_floor",
        "height_note": "估算高度（building:levels × 3 米），不是 OSM 真实 height",
        "category": "levels_only",
        "centroid_lat": 39.952841299999996,
        "centroid_lon": 116.34235595,
        "geometry_status": "ok",
        "tags": {
          "addr:city": "北京",
          "addr:housenumber": "18号院",
          "addr:postcode": "100044",
          "addr:street": "交大东路",
          "building": "apartments",
          "building:levels": "13",
          "name": "学苑公寓7号楼",
          "name:zh": "学苑公寓7号楼",
          "name:zh-Hans": "学苑公寓7号楼",
          "name:zh-Hant": "學苑公寓7號樓"
        }
      }
    },
    {
      "type": "Feature",
      "geometry": {
        "type": "Polygon",
        "coordinates": [
          [
            [
              116.339536,
              39.9465404
            ],
            [
              116.3395506,
              39.9463973
            ],
            [
              116.3403295,
              39.9464438
            ],
            [
              116.340315,
              39.9465869
            ],
            [
              116.339536,
              39.9465404
            ]
          ]
        ]
      },
      "properties": {
        "osm_id": 421408341,
        "osm_type": "way",
        "name": "东5公寓",
        "building": "apartments",
        "height": null,
        "height_m": null,
        "building:levels": "6",
        "estimated_height": 18.0,
        "height_source": "estimated_from_levels_3m_per_floor",
        "height_note": "估算高度（building:levels × 3 米），不是 OSM 真实 height",
        "category": "levels_only",
        "centroid_lat": 39.946492101360995,
        "centroid_lon": 116.33993277215373,
        "geometry_status": "ok",
        "tags": {
          "building": "apartments",
          "building:levels": "6",
          "name": "东5公寓"
        }
      }
    },
    {
      "type": "Feature",
      "geometry": {
        "type": "Polygon",
        "coordinates": [
          [
            [
              116.3397373,
              39.9462599
            ],
            [
              116.3397549,
              39.9461049
            ],
            [
              116.3403602,
              39.9461454
            ],
            [
              116.3403426,
              39.9463004
            ],
            [
              116.3397373,
              39.9462599
            ]
          ]
        ]
      },
      "properties": {
        "osm_id": 421408343,
        "osm_type": "way",
        "name": "东4公寓",
        "building": "apartments",
        "height": null,
        "height_m": null,
        "building:levels": "6",
        "estimated_height": 18.0,
        "height_source": "estimated_from_levels_3m_per_floor",
        "height_note": "估算高度（building:levels × 3 米），不是 OSM 真实 height",
        "category": "levels_only",
        "centroid_lat": 39.946202650000004,
        "centroid_lon": 116.34004875000001,
        "geometry_status": "ok",
        "tags": {
          "building": "apartments",
          "building:levels": "6",
          "name": "东4公寓"
        }
      }
    },
    {
      "type": "Feature",
      "geometry": {
        "type": "Polygon",
        "coordinates": [
          [
            [
              116.3397502,
              39.9459211
            ],
            [
              116.3397608,
              39.9457997
            ],
            [
              116.3403979,
              39.9458324
            ],
            [
              116.3403873,
              39.9459538
            ],
            [
              116.3397502,
              39.9459211
            ]
          ]
        ]
      },
      "properties": {
        "osm_id": 421408345,
        "osm_type": "way",
        "name": "东3公寓",
        "building": "apartments",
        "height": null,
        "height_m": null,
        "building:levels": "3",
        "estimated_height": 9.0,
        "height_source": "estimated_from_levels_3m_per_floor",
        "height_note": "估算高度（building:levels × 3 米），不是 OSM 真实 height",
        "category": "levels_only",
        "centroid_lat": 39.945876750000004,
        "centroid_lon": 116.34007405,
        "geometry_status": "ok",
        "tags": {
          "building": "apartments",
          "building:levels": "3",
          "name": "东3公寓"
        }
      }
    },
    {
      "type": "Feature",
      "geometry": {
        "type": "Polygon",
        "coordinates": [
          [
            [
              116.3397867,
              39.9456151
            ],
            [
              116.3397959,
              39.9454877
            ],
            [
              116.3404238,
              39.9455143
            ],
            [
              116.3404146,
              39.9456417
            ],
            [
              116.3397867,
              39.9456151
            ]
          ]
        ]
      },
      "properties": {
        "osm_id": 421408347,
        "osm_type": "way",
        "name": "东2公寓",
        "building": "apartments",
        "height": null,
        "height_m": null,
        "building:levels": "3",
        "estimated_height": 9.0,
        "height_source": "estimated_from_levels_3m_per_floor",
        "height_note": "估算高度（building:levels × 3 米），不是 OSM 真实 height",
        "category": "levels_only",
        "centroid_lat": 39.9455647,
        "centroid_lon": 116.34010524999998,
        "geometry_status": "ok",
        "tags": {
          "building": "apartments",
          "building:levels": "3",
          "name": "东2公寓"
        }
      }
    },
    {
      "type": "Feature",
      "geometry": {
        "type": "Polygon",
        "coordinates": [
          [
            [
              116.3398118,
              39.9453225
            ],
            [
              116.3398212,
              39.9452011
            ],
            [
              116.3404492,
              39.9452296
            ],
            [
              116.3404399,
              39.945351
            ],
            [
              116.3398118,
              39.9453225
            ]
          ]
        ]
      },
      "properties": {
        "osm_id": 421408349,
        "osm_type": "way",
        "name": "东1公寓",
        "building": "apartments",
        "height": null,
        "height_m": null,
        "building:levels": "3",
        "estimated_height": 9.0,
        "height_source": "estimated_from_levels_3m_per_floor",
        "height_note": "估算高度（building:levels × 3 米），不是 OSM 真实 height",
        "category": "levels_only",
        "centroid_lat": 39.945276051516736,
        "centroid_lon": 116.34013052292684,
        "geometry_status": "ok",
        "tags": {
          "building": "apartments",
          "building:levels": "3",
          "name": "东1公寓"
        }
      }
    },
    {
      "type": "Feature",
      "geometry": {
        "type": "Polygon",
        "coordinates": [
          [
            [
              116.3406158,
              39.9453478
            ],
            [
              116.3406332,
              39.9451891
            ],
            [
              116.3417851,
              39.9452633
            ],
            [
              116.3417677,
              39.9454221
            ],
            [
              116.3406158,
              39.9453478
            ]
          ]
        ]
      },
      "properties": {
        "osm_id": 421408351,
        "osm_type": "way",
        "name": "东教二楼",
        "building": "yes",
        "height": null,
        "height_m": null,
        "building:levels": "3",
        "estimated_height": 9.0,
        "height_source": "estimated_from_levels_3m_per_floor",
        "height_note": "估算高度（building:levels × 3 米），不是 OSM 真实 height",
        "category": "levels_only",
        "centroid_lat": 39.94530557899529,
        "centroid_lon": 116.34120051002928,
        "geometry_status": "ok",
        "tags": {
          "building": "yes",
          "building:levels": "3",
          "name": "东教二楼"
        }
      }
    },
    {
      "type": "Feature",
      "geometry": {
        "type": "Polygon",
        "coordinates": [
          [
            [
              116.3398516,
              39.9450353
            ],
            [
              116.3398655,
              39.9448718
            ],
            [
              116.3404567,
              39.9449012
            ],
            [
              116.3404429,
              39.9450647
            ],
            [
              116.3398516,
              39.9450353
            ]
          ]
        ]
      },
      "properties": {
        "osm_id": 421408354,
        "osm_type": "way",
        "name": "东教3楼",
        "building": "yes",
        "height": null,
        "height_m": null,
        "building:levels": "3",
        "estimated_height": 9.0,
        "height_source": "estimated_from_levels_3m_per_floor",
        "height_note": "估算高度（building:levels × 3 米），不是 OSM 真实 height",
        "category": "levels_only",
        "centroid_lat": 39.944968252220576,
        "centroid_lon": 116.34015417331341,
        "geometry_status": "ok",
        "tags": {
          "building": "yes",
          "building:levels": "3",
          "name": "东教3楼"
        }
      }
    },
    {
      "type": "Feature",
      "geometry": {
        "type": "Polygon",
        "coordinates": [
          [
            [
              116.3406736,
              39.9449988
            ],
            [
              116.3406932,
              39.9447809
            ],
            [
              116.3418506,
              39.9448423
            ],
            [
              116.341831,
              39.9450602
            ],
            [
              116.3406736,
              39.9449988
            ]
          ]
        ]
      },
      "properties": {
        "osm_id": 421408356,
        "osm_type": "way",
        "name": "东教一楼",
        "building": "yes",
        "height": null,
        "height_m": null,
        "building:levels": "6",
        "estimated_height": 18.0,
        "height_source": "estimated_from_levels_3m_per_floor",
        "height_note": "估算高度（building:levels × 3 米），不是 OSM 真实 height",
        "category": "levels_only",
        "centroid_lat": 39.94492054999999,
        "centroid_lon": 116.3412621,
        "geometry_status": "ok",
        "tags": {
          "building": "yes",
          "building:levels": "6",
          "name": "东教一楼"
        }
      }
    },
    {
      "type": "Feature",
      "geometry": {
        "type": "Polygon",
        "coordinates": [
          [
            [
              116.3386681,
              39.949048
            ],
            [
              116.3391566,
              39.94912
            ],
            [
              116.3392021,
              39.9489389
            ],
            [
              116.3387136,
              39.9488669
            ],
            [
              116.3386681,
              39.949048
            ]
          ]
        ]
      },
      "properties": {
        "osm_id": 468435300,
        "osm_type": "way",
        "name": "未命名建筑_468435300",
        "building": "yes",
        "height": null,
        "height_m": null,
        "building:levels": null,
        "estimated_height": null,
        "height_source": "missing",
        "height_note": "缺少高度和楼层数信息",
        "category": "missing_height_and_levels",
        "centroid_lat": 39.948993449999996,
        "centroid_lon": 116.33893510000001,
        "geometry_status": "ok",
        "tags": {
          "building": "yes"
        }
      }
    },
    {
      "type": "Feature",
      "geometry": {
        "type": "Polygon",
        "coordinates": [
          [
            [
              116.3404342,
              39.9492616
            ],
            [
              116.3405845,
              39.9492921
            ],
            [
              116.3405649,
              39.949349
            ],
            [
              116.3409353,
              39.9494241
            ],
            [
              116.34099,
              39.9492657
            ],
            [
              116.3404692,
              39.9491602
            ],
            [
              116.3404342,
              39.9492616
            ]
          ]
        ]
      },
      "properties": {
        "osm_id": 468435307,
        "osm_type": "way",
        "name": "未命名建筑_468435307",
        "building": "apartments",
        "height": null,
        "height_m": null,
        "building:levels": null,
        "estimated_height": null,
        "height_source": "missing",
        "height_note": "缺少高度和楼层数信息",
        "category": "missing_height_and_levels",
        "centroid_lat": 39.949290609174156,
        "centroid_lon": 116.34072575358947,
        "geometry_status": "ok",
        "tags": {
          "building": "apartments",
          "building:flats": "2"
        }
      }
    },
    {
      "type": "Feature",
      "geometry": {
        "type": "Polygon",
        "coordinates": [
          [
            [
              116.3415941,
              39.9496295
            ],
            [
              116.3419095,
              39.94968
            ],
            [
              116.3419801,
              39.9494635
            ],
            [
              116.3419283,
              39.9494274
            ],
            [
              116.3418201,
              39.9494599
            ],
            [
              116.3417589,
              39.9493986
            ],
            [
              116.3416883,
              39.9493769
            ],
            [
              116.3416506,
              39.9494455
            ],
            [
              116.3415941,
              39.9496295
            ]
          ]
        ]
      },
      "properties": {
        "osm_id": 468435308,
        "osm_type": "way",
        "name": "未命名建筑_468435308",
        "building": "apartments",
        "height": null,
        "height_m": null,
        "building:levels": null,
        "estimated_height": null,
        "height_source": "missing",
        "height_note": "缺少高度和楼层数信息",
        "category": "missing_height_and_levels",
        "centroid_lat": 39.949539182401026,
        "centroid_lon": 116.34178608754185,
        "geometry_status": "ok",
        "tags": {
          "building": "apartments"
        }
      }
    },
    {
      "type": "Feature",
      "geometry": {
        "type": "Polygon",
        "coordinates": [
          [
            [
              116.3403751,
              39.9503367
            ],
            [
              116.3408928,
              39.9504305
            ],
            [
              116.340954,
              39.9502465
            ],
            [
              116.3404457,
              39.9501779
            ],
            [
              116.3403751,
              39.9503367
            ]
          ]
        ]
      },
      "properties": {
        "osm_id": 468435309,
        "osm_type": "way",
        "name": "未命名建筑_468435309",
        "building": "yes",
        "height": null,
        "height_m": null,
        "building:levels": "3",
        "estimated_height": 9.0,
        "height_source": "estimated_from_levels_3m_per_floor",
        "height_note": "估算高度（building:levels × 3 米），不是 OSM 真实 height",
        "category": "levels_only",
        "centroid_lat": 39.95029928342278,
        "centroid_lon": 116.3406722822974,
        "geometry_status": "ok",
        "tags": {
          "building": "yes",
          "building:levels": "3"
        }
      }
    },
    {
      "type": "Feature",
      "geometry": {
        "type": "Polygon",
        "coordinates": [
          [
            [
              116.3407422,
              39.9501022
            ],
            [
              116.340954,
              39.9501491
            ],
            [
              116.3410905,
              39.9497305
            ],
            [
              116.3408411,
              39.9496656
            ],
            [
              116.3407422,
              39.9501022
            ]
          ]
        ]
      },
      "properties": {
        "osm_id": 468435310,
        "osm_type": "way",
        "name": "未命名建筑_468435310",
        "building": "yes",
        "height": null,
        "height_m": null,
        "building:levels": null,
        "estimated_height": null,
        "height_source": "missing",
        "height_note": "缺少高度和楼层数信息",
        "category": "missing_height_and_levels",
        "centroid_lat": 39.94990559484938,
        "centroid_lon": 116.34090827246155,
        "geometry_status": "ok",
        "tags": {
          "building": "yes"
        }
      }
    },
    {
      "type": "Feature",
      "geometry": {
        "type": "Polygon",
        "coordinates": [
          [
            [
              116.3404269,
              39.9497089
            ],
            [
              116.3405963,
              39.9497233
            ],
            [
              116.3406575,
              39.949597
            ],
            [
              116.3405069,
              39.9495609
            ],
            [
              116.3404269,
              39.9497089
            ]
          ]
        ]
      },
      "properties": {
        "osm_id": 468435311,
        "osm_type": "way",
        "name": "未命名建筑_468435311",
        "building": "yes",
        "height": null,
        "height_m": null,
        "building:levels": "3",
        "estimated_height": 9.0,
        "height_source": "estimated_from_levels_3m_per_floor",
        "height_note": "估算高度（building:levels × 3 米），不是 OSM 真实 height",
        "category": "levels_only",
        "centroid_lat": 39.94964767904473,
        "centroid_lon": 116.3405444226597,
        "geometry_status": "ok",
        "tags": {
          "building": "yes",
          "building:levels": "3"
        }
      }
    },
    {
      "type": "Feature",
      "geometry": {
        "type": "Polygon",
        "coordinates": [
          [
            [
              116.3409776,
              39.9505604
            ],
            [
              116.3414906,
              39.9506398
            ],
            [
              116.3415141,
              39.950564
            ],
            [
              116.3416694,
              39.9505748
            ],
            [
              116.3417212,
              39.9503403
            ],
            [
              116.3415894,
              39.9503114
            ],
            [
              116.3415141,
              39.9505099
            ],
            [
              116.3410105,
              39.9504486
            ],
            [
              116.3409776,
              39.9505604
            ]
          ]
        ]
      },
      "properties": {
        "osm_id": 468435313,
        "osm_type": "way",
        "name": "未命名建筑_468435313",
        "building": "yes",
        "height": null,
        "height_m": null,
        "building:levels": null,
        "estimated_height": null,
        "height_source": "missing",
        "height_note": "缺少高度和楼层数信息",
        "category": "missing_height_and_levels",
        "centroid_lat": 39.95050723775549,
        "centroid_lon": 116.34139138733822,
        "geometry_status": "ok",
        "tags": {
          "building": "yes"
        }
      }
    },
    {
      "type": "Feature",
      "geometry": {
        "type": "Polygon",
        "coordinates": [
          [
            [
              116.3410999,
              39.9502429
            ],
            [
              116.3415,
              39.9502898
            ],
            [
              116.3415424,
              39.950196
            ],
            [
              116.3411423,
              39.9501346
            ],
            [
              116.3410999,
              39.9502429
            ]
          ]
        ]
      },
      "properties": {
        "osm_id": 468435314,
        "osm_type": "way",
        "name": "未命名建筑_468435314",
        "building": "yes",
        "height": null,
        "height_m": null,
        "building:levels": null,
        "estimated_height": null,
        "height_source": "missing",
        "height_note": "缺少高度和楼层数信息",
        "category": "missing_height_and_levels",
        "centroid_lat": 39.95021509111142,
        "centroid_lon": 116.341316673629,
        "geometry_status": "ok",
        "tags": {
          "building": "yes"
        }
      }
    },
    {
      "type": "Feature",
      "geometry": {
        "type": "Polygon",
        "coordinates": [
          [
            [
              116.3369703,
              39.9492435
            ],
            [
              116.3370861,
              39.9492644
            ],
            [
              116.3370909,
              39.9492487
            ],
            [
              116.3369751,
              39.9492278
            ],
            [
              116.3369703,
              39.9492435
            ]
          ]
        ]
      },
      "properties": {
        "osm_id": 478014192,
        "osm_type": "way",
        "name": "未命名建筑_478014192",
        "building": "yes",
        "height": null,
        "height_m": null,
        "building:levels": null,
        "estimated_height": null,
        "height_source": "missing",
        "height_note": "缺少高度和楼层数信息",
        "category": "missing_height_and_levels",
        "centroid_lat": 39.949246099999996,
        "centroid_lon": 116.3370306,
        "geometry_status": "ok",
        "tags": {
          "building": "yes"
        }
      }
    },
    {
      "type": "Feature",
      "geometry": {
        "type": "Polygon",
        "coordinates": [
          [
            [
              116.3370326,
              39.9490737
            ],
            [
              116.3371359,
              39.9490867
            ],
            [
              116.3371389,
              39.9490726
            ],
            [
              116.3370356,
              39.9490596
            ],
            [
              116.3370326,
              39.9490737
            ]
          ]
        ]
      },
      "properties": {
        "osm_id": 478014193,
        "osm_type": "way",
        "name": "未命名建筑_478014193",
        "building": "yes",
        "height": null,
        "height_m": null,
        "building:levels": null,
        "estimated_height": null,
        "height_source": "missing",
        "height_note": "缺少高度和楼层数信息",
        "category": "missing_height_and_levels",
        "centroid_lat": 39.94907315,
        "centroid_lon": 116.33708574999999,
        "geometry_status": "ok",
        "tags": {
          "building": "yes"
        }
      }
    },
    {
      "type": "Feature",
      "geometry": {
        "type": "Polygon",
        "coordinates": [
          [
            [
              116.3369913,
              39.9492084
            ],
            [
              116.3371118,
              39.9492282
            ],
            [
              116.3371445,
              39.9491116
            ],
            [
              116.337024,
              39.9490918
            ],
            [
              116.3369913,
              39.9492084
            ]
          ]
        ]
      },
      "properties": {
        "osm_id": 478014194,
        "osm_type": "way",
        "name": "未命名建筑_478014194",
        "building": "yes",
        "height": null,
        "height_m": null,
        "building:levels": null,
        "estimated_height": null,
        "height_source": "missing",
        "height_note": "缺少高度和楼层数信息",
        "category": "missing_height_and_levels",
        "centroid_lat": 39.94916,
        "centroid_lon": 116.3370679,
        "geometry_status": "ok",
        "tags": {
          "building": "yes"
        }
      }
    },
    {
      "type": "Feature",
      "geometry": {
        "type": "Polygon",
        "coordinates": [
          [
            [
              116.3371166,
              39.9490627
            ],
            [
              116.3372063,
              39.9490798
            ],
            [
              116.3372378,
              39.9489827
            ],
            [
              116.3371481,
              39.9489656
            ],
            [
              116.3371166,
              39.9490627
            ]
          ]
        ]
      },
      "properties": {
        "osm_id": 478014195,
        "osm_type": "way",
        "name": "未命名建筑_478014195",
        "building": "yes",
        "height": null,
        "height_m": null,
        "building:levels": null,
        "estimated_height": null,
        "height_source": "missing",
        "height_note": "缺少高度和楼层数信息",
        "category": "missing_height_and_levels",
        "centroid_lat": 39.94902270000001,
        "centroid_lon": 116.33717720000001,
        "geometry_status": "ok",
        "tags": {
          "building": "yes"
        }
      }
    },
    {
      "type": "Feature",
      "geometry": {
        "type": "Polygon",
        "coordinates": [
          [
            [
              116.3372171,
              39.9490879
            ],
            [
              116.3373065,
              39.9491064
            ],
            [
              116.3373231,
              39.9490593
            ],
            [
              116.3372337,
              39.9490408
            ],
            [
              116.3372171,
              39.9490879
            ]
          ]
        ]
      },
      "properties": {
        "osm_id": 478014196,
        "osm_type": "way",
        "name": "未命名建筑_478014196",
        "building": "yes",
        "height": null,
        "height_m": null,
        "building:levels": null,
        "estimated_height": null,
        "height_source": "missing",
        "height_note": "缺少高度和楼层数信息",
        "category": "missing_height_and_levels",
        "centroid_lat": 39.949073600000006,
        "centroid_lon": 116.3372701,
        "geometry_status": "ok",
        "tags": {
          "building": "yes"
        }
      }
    },
    {
      "type": "Feature",
      "geometry": {
        "type": "Polygon",
        "coordinates": [
          [
            [
              116.3371786,
              39.9492924
            ],
            [
              116.3372587,
              39.9493076
            ],
            [
              116.3372843,
              39.9492285
            ],
            [
              116.3372042,
              39.9492133
            ],
            [
              116.3371786,
              39.9492924
            ]
          ]
        ]
      },
      "properties": {
        "osm_id": 478014197,
        "osm_type": "way",
        "name": "未命名建筑_478014197",
        "building": "yes",
        "height": null,
        "height_m": null,
        "building:levels": null,
        "estimated_height": null,
        "height_source": "missing",
        "height_note": "缺少高度和楼层数信息",
        "category": "missing_height_and_levels",
        "centroid_lat": 39.94926045,
        "centroid_lon": 116.33723144999999,
        "geometry_status": "ok",
        "tags": {
          "building": "yes"
        }
      }
    },
    {
      "type": "Feature",
      "geometry": {
        "type": "Polygon",
        "coordinates": [
          [
            [
              116.337287,
              39.949312
            ],
            [
              116.3376387,
              39.9493729
            ],
            [
              116.3376731,
              39.949256
            ],
            [
              116.3373215,
              39.949195
            ],
            [
              116.337287,
              39.949312
            ]
          ]
        ]
      },
      "properties": {
        "osm_id": 478014198,
        "osm_type": "way",
        "name": "未命名建筑_478014198",
        "building": "yes",
        "height": null,
        "height_m": null,
        "building:levels": null,
        "estimated_height": null,
        "height_source": "missing",
        "height_note": "缺少高度和楼层数信息",
        "category": "missing_height_and_levels",
        "centroid_lat": 39.94928397201185,
        "centroid_lon": 116.3374800464802,
        "geometry_status": "ok",
        "tags": {
          "building": "yes"
        }
      }
    },
    {
      "type": "Feature",
      "geometry": {
        "type": "Polygon",
        "coordinates": [
          [
            [
              116.3359318,
              39.9490447
            ],
            [
              116.3360714,
              39.9490652
            ],
            [
              116.3360969,
              39.9489626
            ],
            [
              116.3359573,
              39.9489422
            ],
            [
              116.3359318,
              39.9490447
            ]
          ]
        ]
      },
      "properties": {
        "osm_id": 478083544,
        "osm_type": "way",
        "name": "世纪钟",
        "building": "yes",
        "height": null,
        "height_m": null,
        "building:levels": null,
        "estimated_height": null,
        "height_source": "missing",
        "height_note": "缺少高度和楼层数信息",
        "category": "missing_height_and_levels",
        "centroid_lat": 39.9490036780721,
        "centroid_lon": 116.33601436058015,
        "geometry_status": "ok",
        "tags": {
          "building": "yes",
          "name": "世纪钟",
          "name:zh": "世纪钟",
          "name:zh-Hans": "世纪钟",
          "name:zh-Hant": "世紀鐘"
        }
      }
    },
    {
      "type": "Feature",
      "geometry": {
        "type": "Polygon",
        "coordinates": [
          [
            [
              116.3301207,
              39.9515404
            ],
            [
              116.3306127,
              39.9516164
            ],
            [
              116.3308109,
              39.9509707
            ],
            [
              116.3303048,
              39.9508757
            ],
            [
              116.3301207,
              39.9515404
            ]
          ]
        ]
      },
      "properties": {
        "osm_id": 478575224,
        "osm_type": "way",
        "name": "交大科技大厦",
        "building": "yes",
        "height": null,
        "height_m": null,
        "building:levels": null,
        "estimated_height": null,
        "height_source": "missing",
        "height_note": "缺少高度和楼层数信息",
        "category": "missing_height_and_levels",
        "centroid_lat": 39.95124858143228,
        "centroid_lon": 116.33046186959588,
        "geometry_status": "ok",
        "tags": {
          "building": "yes",
          "name": "交大科技大厦",
          "name:zh": "交大科技大厦",
          "name:zh-Hans": "交大科技大厦",
          "name:zh-Hant": "交大科技大廈"
        }
      }
    },
    {
      "type": "Feature",
      "geometry": {
        "type": "Polygon",
        "coordinates": [
          [
            [
              116.3415194,
              39.9524291
            ],
            [
              116.3416858,
              39.9524522
            ],
            [
              116.3417181,
              39.9523155
            ],
            [
              116.3421837,
              39.9523801
            ],
            [
              116.3422141,
              39.9522516
            ],
            [
              116.341582,
              39.9521639
            ],
            [
              116.3415194,
              39.9524291
            ]
          ]
        ]
      },
      "properties": {
        "osm_id": 478580533,
        "osm_type": "way",
        "name": "学苑公寓4号楼",
        "building": "dormitory",
        "height": null,
        "height_m": null,
        "building:levels": null,
        "estimated_height": null,
        "height_source": "missing",
        "height_note": "缺少高度和楼层数信息",
        "category": "missing_height_and_levels",
        "centroid_lat": 39.95229394576253,
        "centroid_lon": 116.34182507852465,
        "geometry_status": "ok",
        "tags": {
          "building": "dormitory",
          "name": "学苑公寓4号楼",
          "name:zh": "学苑公寓4号楼",
          "name:zh-Hans": "学苑公寓4号楼",
          "name:zh-Hant": "學苑公寓4號樓"
        }
      }
    },
    {
      "type": "Feature",
      "geometry": {
        "type": "Polygon",
        "coordinates": [
          [
            [
              116.3414231,
              39.9528437
            ],
            [
              116.3418561,
              39.9529044
            ],
            [
              116.3418955,
              39.9527392
            ],
            [
              116.3414625,
              39.9526785
            ],
            [
              116.3414231,
              39.9528437
            ]
          ]
        ]
      },
      "properties": {
        "osm_id": 478581132,
        "osm_type": "way",
        "name": "学苑公寓3号楼",
        "building": "dormitory",
        "height": null,
        "height_m": null,
        "building:levels": null,
        "estimated_height": null,
        "height_source": "missing",
        "height_note": "缺少高度和楼层数信息",
        "category": "missing_height_and_levels",
        "centroid_lat": 39.95279145,
        "centroid_lon": 116.3416593,
        "geometry_status": "ok",
        "tags": {
          "building": "dormitory",
          "name": "学苑公寓3号楼",
          "name:zh": "学苑公寓3号楼",
          "name:zh-Hans": "学苑公寓3号楼",
          "name:zh-Hant": "學苑公寓3號樓"
        }
      }
    },
    {
      "type": "Feature",
      "geometry": {
        "type": "Polygon",
        "coordinates": [
          [
            [
              116.3418543,
              39.9533264
            ],
            [
              116.3418929,
              39.9531232
            ],
            [
              116.3424318,
              39.9531834
            ],
            [
              116.3423932,
              39.9533866
            ],
            [
              116.3418543,
              39.9533264
            ]
          ]
        ]
      },
      "properties": {
        "osm_id": 478581133,
        "osm_type": "way",
        "name": "学苑公寓6号楼",
        "building": "dormitory",
        "height": null,
        "height_m": null,
        "building:levels": null,
        "estimated_height": null,
        "height_source": "missing",
        "height_note": "缺少高度和楼层数信息",
        "category": "missing_height_and_levels",
        "centroid_lat": 39.9532549,
        "centroid_lon": 116.34214304999999,
        "geometry_status": "ok",
        "tags": {
          "building": "dormitory",
          "name": "学苑公寓6号楼",
          "name:zh": "学苑公寓6号楼",
          "name:zh-Hans": "学苑公寓6号楼",
          "name:zh-Hant": "學苑公寓6號樓"
        }
      }
    },
    {
      "type": "Feature",
      "geometry": {
        "type": "Polygon",
        "coordinates": [
          [
            [
              116.3411075,
              39.9539738
            ],
            [
              116.3417306,
              39.9540731
            ],
            [
              116.3417797,
              39.9538917
            ],
            [
              116.3411567,
              39.9537924
            ],
            [
              116.3411075,
              39.9539738
            ]
          ]
        ]
      },
      "properties": {
        "osm_id": 478581134,
        "osm_type": "way",
        "name": "学苑公寓1号楼",
        "building": "dormitory",
        "height": null,
        "height_m": null,
        "building:levels": null,
        "estimated_height": null,
        "height_source": "missing",
        "height_note": "缺少高度和楼层数信息",
        "category": "missing_height_and_levels",
        "centroid_lat": 39.95393275162886,
        "centroid_lon": 116.34144361999694,
        "geometry_status": "ok",
        "tags": {
          "building": "dormitory",
          "name": "学苑公寓1号楼",
          "name:zh": "学苑公寓1号楼",
          "name:zh-Hans": "学苑公寓1号楼",
          "name:zh-Hant": "學苑公寓1號樓"
        }
      }
    },
    {
      "type": "Feature",
      "geometry": {
        "type": "Polygon",
        "coordinates": [
          [
            [
              116.3412243,
              39.9535999
            ],
            [
              116.3412567,
              39.9534367
            ],
            [
              116.3416614,
              39.9534839
            ],
            [
              116.341629,
              39.9536472
            ],
            [
              116.3412243,
              39.9535999
            ]
          ]
        ]
      },
      "properties": {
        "osm_id": 478581135,
        "osm_type": "way",
        "name": "学苑公寓2号楼",
        "building": "dormitory",
        "height": null,
        "height_m": null,
        "building:levels": null,
        "estimated_height": null,
        "height_source": "missing",
        "height_note": "缺少高度和楼层数信息",
        "category": "missing_height_and_levels",
        "centroid_lat": 39.95354192800937,
        "centroid_lon": 116.34144287006124,
        "geometry_status": "ok",
        "tags": {
          "building": "dormitory",
          "name": "学苑公寓2号楼",
          "name:zh": "学苑公寓2号楼",
          "name:zh-Hans": "学苑公寓2号楼",
          "name:zh-Hant": "學苑公寓2號樓"
        }
      }
    },
    {
      "type": "Feature",
      "geometry": {
        "type": "Polygon",
        "coordinates": [
          [
            [
              116.3418738,
              39.953813
            ],
            [
              116.3419205,
              39.9536279
            ],
            [
              116.3424431,
              39.9537054
            ],
            [
              116.3423964,
              39.9538905
            ],
            [
              116.3418738,
              39.953813
            ]
          ]
        ]
      },
      "properties": {
        "osm_id": 478581136,
        "osm_type": "way",
        "name": "学苑公寓5号楼",
        "building": "dormitory",
        "height": null,
        "height_m": null,
        "building:levels": null,
        "estimated_height": null,
        "height_source": "missing",
        "height_note": "缺少高度和楼层数信息",
        "category": "missing_height_and_levels",
        "centroid_lat": 39.9537592,
        "centroid_lon": 116.34215845,
        "geometry_status": "ok",
        "tags": {
          "building": "dormitory",
          "name": "学苑公寓5号楼",
          "name:zh": "学苑公寓5号楼",
          "name:zh-Hans": "学苑公寓5号楼",
          "name:zh-Hant": "學苑公寓5號樓"
        }
      }
    },
    {
      "type": "Feature",
      "geometry": {
        "type": "Polygon",
        "coordinates": [
          [
            [
              116.3426676,
              39.952423
            ],
            [
              116.3430404,
              39.9524785
            ],
            [
              116.3430542,
              39.9524188
            ],
            [
              116.3434194,
              39.9524679
            ],
            [
              116.3434471,
              39.9523191
            ],
            [
              116.3430897,
              39.9522659
            ],
            [
              116.3430774,
              39.9523261
            ],
            [
              116.3426984,
              39.9522718
            ],
            [
              116.3426676,
              39.952423
            ]
          ]
        ]
      },
      "properties": {
        "osm_id": 478581983,
        "osm_type": "way",
        "name": "学苑公寓8号楼",
        "building": "dormitory",
        "height": null,
        "height_m": null,
        "building:levels": null,
        "estimated_height": null,
        "height_source": "missing",
        "height_note": "缺少高度和楼层数信息",
        "category": "missing_height_and_levels",
        "centroid_lat": 39.95237147089836,
        "centroid_lon": 116.34305682581339,
        "geometry_status": "ok",
        "tags": {
          "building": "dormitory",
          "name": "学苑公寓8号楼",
          "name:zh": "學苑公寓4號樓",
          "name:zh-Hans": "學苑公寓4號樓",
          "name:zh-Hant": "學苑公寓8號樓"
        }
      }
    },
    {
      "type": "Feature",
      "geometry": {
        "type": "Polygon",
        "coordinates": [
          [
            [
              116.3326864,
              39.9481338
            ],
            [
              116.3328087,
              39.9480756
            ],
            [
              116.3327604,
              39.948016
            ],
            [
              116.3326381,
              39.9480742
            ],
            [
              116.3326864,
              39.9481338
            ]
          ]
        ]
      },
      "properties": {
        "osm_id": 479408009,
        "osm_type": "way",
        "name": "未命名建筑_479408009",
        "building": "yes",
        "height": null,
        "height_m": null,
        "building:levels": null,
        "estimated_height": null,
        "height_source": "missing",
        "height_note": "缺少高度和楼层数信息",
        "category": "missing_height_and_levels",
        "centroid_lat": 39.9480749,
        "centroid_lon": 116.3327234,
        "geometry_status": "ok",
        "tags": {
          "building": "yes"
        }
      }
    },
    {
      "type": "Feature",
      "geometry": {
        "type": "Polygon",
        "coordinates": [
          [
            [
              116.334985,
              39.9511044
            ],
            [
              116.3357896,
              39.951236
            ],
            [
              116.3358378,
              39.9510631
            ],
            [
              116.3350331,
              39.9509315
            ],
            [
              116.334985,
              39.9511044
            ]
          ]
        ]
      },
      "properties": {
        "osm_id": 950001388,
        "osm_type": "way",
        "name": "一号教学楼",
        "building": "yes",
        "height": null,
        "height_m": null,
        "building:levels": "2",
        "estimated_height": 6.0,
        "height_source": "estimated_from_levels_3m_per_floor",
        "height_note": "估算高度（building:levels × 3 米），不是 OSM 真实 height",
        "category": "levels_only",
        "centroid_lat": 39.95108374927954,
        "centroid_lon": 116.33541138154345,
        "geometry_status": "ok",
        "tags": {
          "building": "yes",
          "building:levels": "2",
          "name": "一号教学楼",
          "name:zh": "一号教学楼",
          "name:zh-Hans": "一号教学楼",
          "name:zh-Hant": "一號教學樓"
        }
      }
    },
    {
      "type": "Feature",
      "geometry": {
        "type": "Polygon",
        "coordinates": [
          [
            [
              116.3340354,
              39.9509398
            ],
            [
              116.3348401,
              39.9510714
            ],
            [
              116.3348882,
              39.9508985
            ],
            [
              116.3340835,
              39.9507669
            ],
            [
              116.3340354,
              39.9509398
            ]
          ]
        ]
      },
      "properties": {
        "osm_id": 950001389,
        "osm_type": "way",
        "name": "二号教学楼",
        "building": "yes",
        "height": null,
        "height_m": null,
        "building:levels": "2",
        "estimated_height": 6.0,
        "height_source": "estimated_from_levels_3m_per_floor",
        "height_note": "估算高度（building:levels × 3 米），不是 OSM 真实 height",
        "category": "levels_only",
        "centroid_lat": 39.95091915,
        "centroid_lon": 116.33446179999999,
        "geometry_status": "ok",
        "tags": {
          "building": "yes",
          "building:levels": "2",
          "name": "二号教学楼",
          "name:zh": "二号教学楼",
          "name:zh-Hans": "二号教学楼",
          "name:zh-Hant": "二號教學樓"
        }
      }
    },
    {
      "type": "Feature",
      "geometry": {
        "type": "Polygon",
        "coordinates": [
          [
            [
              116.3399,
              39.9446991
            ],
            [
              116.3402259,
              39.9445952
            ],
            [
              116.3402501,
              39.9446847
            ],
            [
              116.3403843,
              39.9446634
            ],
            [
              116.3404553,
              39.9446672
            ],
            [
              116.3405035,
              39.9446795
            ],
            [
              116.3405371,
              39.9443618
            ],
            [
              116.3399072,
              39.9445909
            ],
            [
              116.3399,
              39.9446991
            ]
          ]
        ]
      },
      "properties": {
        "osm_id": 950001394,
        "osm_type": "way",
        "name": "科教大楼",
        "building": "yes",
        "height": null,
        "height_m": null,
        "building:levels": null,
        "estimated_height": null,
        "height_source": "missing",
        "height_note": "缺少高度和楼层数信息",
        "category": "missing_height_and_levels",
        "centroid_lat": 39.94455638753676,
        "centroid_lon": 116.34027931311907,
        "geometry_status": "ok",
        "tags": {
          "building": "yes",
          "name": "科教大楼"
        }
      }
    },
    {
      "type": "Feature",
      "geometry": {
        "type": "Polygon",
        "coordinates": [
          [
            [
              116.340993,
              39.9446394
            ],
            [
              116.3416099,
              39.9446751
            ],
            [
              116.3416206,
              39.9445661
            ],
            [
              116.3410038,
              39.9445305
            ],
            [
              116.340993,
              39.9446394
            ]
          ]
        ]
      },
      "properties": {
        "osm_id": 950001395,
        "osm_type": "way",
        "name": "未命名建筑_950001395",
        "building": "yes",
        "height": null,
        "height_m": null,
        "building:levels": null,
        "estimated_height": null,
        "height_source": "missing",
        "height_note": "缺少高度和楼层数信息",
        "category": "missing_height_and_levels",
        "centroid_lat": 39.94460277916254,
        "centroid_lon": 116.3413068690439,
        "geometry_status": "ok",
        "tags": {
          "building": "yes"
        }
      }
    },
    {
      "type": "Feature",
      "geometry": {
        "type": "Polygon",
        "coordinates": [
          [
            [
              116.331236,
              39.9494641
            ],
            [
              116.3314565,
              39.9495567
            ],
            [
              116.3316559,
              39.9493799
            ],
            [
              116.3317455,
              39.9493919
            ],
            [
              116.331853,
              39.9493885
            ],
            [
              116.3319605,
              39.9493387
            ],
            [
              116.3319605,
              39.9493129
            ],
            [
              116.3320971,
              39.9493627
            ],
            [
              116.3322069,
              39.949385
            ],
            [
              116.3323323,
              39.9493936
            ],
            [
              116.3323861,
              39.9493679
            ],
            [
              116.3324936,
              39.9490021
            ],
            [
              116.3317567,
              39.9488922
            ],
            [
              116.3315496,
              39.9490876
            ],
            [
              116.331236,
              39.9494641
            ]
          ]
        ]
      },
      "properties": {
        "osm_id": 1205709513,
        "osm_type": "way",
        "name": "学生活动中心",
        "building": "yes",
        "height": null,
        "height_m": null,
        "building:levels": "3",
        "estimated_height": 9.0,
        "height_source": "estimated_from_levels_3m_per_floor",
        "height_note": "估算高度（building:levels × 3 米），不是 OSM 真实 height",
        "category": "levels_only",
        "centroid_lat": 39.94919604515817,
        "centroid_lon": 116.33189918987573,
        "geometry_status": "ok",
        "tags": {
          "building": "yes",
          "building:levels": "3",
          "name": "学生活动中心",
          "school": "high_school"
        }
      }
    },
    {
      "type": "Feature",
      "geometry": {
        "type": "Polygon",
        "coordinates": [
          [
            [
              116.3363018,
              39.9500397
            ],
            [
              116.3365571,
              39.950086
            ],
            [
              116.3367103,
              39.9495503
            ],
            [
              116.336494,
              39.9494977
            ],
            [
              116.3363838,
              39.9498676
            ],
            [
              116.3363273,
              39.9499974
            ],
            [
              116.3363246,
              39.9500098
            ],
            [
              116.3363085,
              39.950017
            ],
            [
              116.3363018,
              39.9500397
            ]
          ]
        ]
      },
      "properties": {
        "osm_id": 1264419139,
        "osm_type": "way",
        "name": "第五教学楼",
        "building": "yes",
        "height": null,
        "height_m": null,
        "building:levels": "3",
        "estimated_height": 9.0,
        "height_source": "estimated_from_levels_3m_per_floor",
        "height_note": "估算高度（building:levels × 3 米），不是 OSM 真实 height",
        "category": "levels_only",
        "centroid_lat": 39.94979934967628,
        "centroid_lon": 116.33651898450945,
        "geometry_status": "ok",
        "tags": {
          "building": "yes",
          "building:levels": "3",
          "name": "第五教学楼"
        }
      }
    }
  ]
}