VERSION	2020-38079
DATE	2026-07-24, 17:07:45 (+0800)
ANTENNA 1	NAME	Site  1 Antenna 1
ANTENNA 1	LOCATION	440064.000 4372224.000 26.000
ANTENNA 1	FREQUENCY	3500.000
ANTENNA 1	POWER	0.001 W Output
ANTENNA 1	ANTENNATYPE	ISO
LOWER_LEFT	439808.00000000 4371968.00000000
UPPER_RIGHT	440320.00000000 4372480.00000000
HEIGHT	2.000
TIME_STEP	0.000
RESOLUTION	4.00000000

BEGIN_DATA
439810.00000 4371970.00000 -121.7123
439810.00000 4371974.00000 -116.4906
439810.00000 4371978.00000 -131.4113
439810.00000 4371982.00000 -146.9491
439810.00000 4371986.00000 N.C.
439810.00000 4371990.00000 N.C.
439810.00000 4371994.00000 -121.2343
439810.00000 4371998.00000 -128.3348
439810.00000 4372002.00000 N.C.
439810.00000 4372006.00000 N.C.
439810.00000 4372010.00000 N.C.
439810.00000 4372014.00000 -138.1621
439810.00000 4372018.00000 -153.1465
439810.00000 4372022.00000 -150.5762
439810.00000 4372026.00000 -138.5033
439810.00000 4372030.00000 N.C.
439810.00000 4372034.00000 N.C.
439810.00000 4372038.00000 -150.3098
439810.00000 4372042.00000 N.C.
439810.00000 4372046.00000 N.C.
439810.00000 4372050.00000 -140.5303
439810.00000 4372054.00000 N.C.
439810.00000 4372058.00000 N.C.
439810.00000 4372062.00000 -139.0826
439810.00000 4372066.00000 N.C.
439810.00000 4372070.00000 N.C.
439810.00000 4372074.00000 N.C.
439810.00000 4372078.00000 N.C.
439810.00000 4372082.00000 N.C.
439810.00000 4372086.00000 -118.8998
439810.00000 4372090.00000 -120.4523
439810.00000 4372094.00000 -112.0038
439810.00000 4372098.00000 -112.2788
439810.00000 4372102.00000 -111.8890
439810.00000 4372106.00000 -106.5074
439810.00000 4372110.00000 -106.5156
439810.00000 4372114.00000 -106.2836
439810.00000 4372118.00000 -106.2403
439810.00000 4372122.00000 -105.7741
439810.00000 4372126.00000 -124.1906
439810.00000 4372130.00000 N.C.
439810.00000 4372134.00000 N.C.
439810.00000 4372138.00000 N.C.
439810.00000 4372142.00000 N.C.
439810.00000 4372146.00000 N.C.
439810.00000 4372150.00000 N.C.
439810.00000 4372154.00000 N.C.
439810.00000 4372158.00000 N.C.
439810.00000 4372162.00000 N.C.
439810.00000 4372166.00000 -105.8552
439810.00000 4372170.00000 -106.1732
439810.00000 4372174.00000 -132.9454
439810.00000 4372178.00000 N.C.
439810.00000 4372182.00000 N.C.
439810.00000 4372186.00000 N.C.
439810.00000 4372190.00000 N.C.
439810.00000 4372194.00000 N.C.
439810.00000 4372198.00000 -118.0271
439810.00000 4372202.00000 -126.9203
439810.00000 4372206.00000 -127.2997
439810.00000 4372210.00000 -109.5747
439810.00000 4372214.00000 -140.8890
439810.00000 4372218.00000 -110.3255
439810.00000 4372222.00000 -103.7949
439810.00000 4372226.00000 -125.2745
439810.00000 4372230.00000 -132.0974
439810.00000 4372234.00000 -105.5677
439810.00000 4372238.00000 -107.9114
439810.00000 4372242.00000 -103.6009
439810.00000 4372246.00000 -104.5015
439810.00000 4372250.00000 -110.6823
439810.00000 4372254.00000 -111.2138
439810.00000 4372258.00000 -120.4006
439810.00000 4372262.00000 -113.2086
439810.00000 4372266.00000 -111.3393
439810.00000 4372270.00000 -118.7567
439810.00000 4372274.00000 N.C.
439810.00000 4372278.00000 -103.1252
439810.00000 4372282.00000 -116.0038
439810.00000 4372286.00000 -117.3537
439810.00000 4372290.00000 -112.9058
439810.00000 4372294.00000 -105.4737
439810.00000 4372298.00000 -116.5840
439810.00000 4372302.00000 -108.1787
439810.00000 4372306.00000 N.C.
439810.00000 4372310.00000 N.C.
439810.00000 4372314.00000 N.C.
439810.00000 4372318.00000 N.C.
439810.00000 4372322.00000 N.C.
439810.00000 4372326.00000 N.C.
439810.00000 4372330.00000 N.C.
439810.00000 4372334.00000 -126.7386
439810.00000 4372338.00000 N.C.
439810.00000 4372342.00000 -123.4769
439810.00000 4372346.00000 -124.7092
439810.00000 4372350.00000 -125.9289
439810.00000 4372354.00000 -122.0101
439810.00000 4372358.00000 -116.9951
439810.00000 4372362.00000 -113.8415
439810.00000 4372366.00000 -108.6639
439810.00000 4372370.00000 -106.6035
439810.00000 4372374.00000 -110.4706
439810.00000 4372378.00000 -115.1661
439810.00000 4372382.00000 -116.7198
439810.00000 4372386.00000 -117.3420
439810.00000 4372390.00000 -145.2281
439810.00000 4372394.00000 -145.2787
439810.00000 4372398.00000 -139.2560
439810.00000 4372402.00000 -149.5212
439810.00000 4372406.00000 -149.8498
439810.00000 4372410.00000 -150.0123
439810.00000 4372414.00000 -150.9659
439810.00000 4372418.00000 -151.3339
439810.00000 4372422.00000 -151.6835
439810.00000 4372426.00000 -152.0016
439810.00000 4372430.00000 -144.2232
439810.00000 4372434.00000 -132.4903
439810.00000 4372438.00000 -127.7352
439810.00000 4372442.00000 -120.4762
439810.00000 4372446.00000 -149.9915
439810.00000 4372450.00000 -151.1201
439810.00000 4372454.00000 -149.4857
439810.00000 4372458.00000 -147.3101
439810.00000 4372462.00000 -147.9336
439810.00000 4372466.00000 -150.2077
439810.00000 4372470.00000 -151.4548
439810.00000 4372474.00000 -150.4036
439810.00000 4372478.00000 -134.1503
439814.00000 4371970.00000 -121.6479
439814.00000 4371974.00000 -119.3531
439814.00000 4371978.00000 -123.1376
439814.00000 4371982.00000 -189.5230
439814.00000 4371986.00000 N.C.
439814.00000 4371990.00000 N.C.
439814.00000 4371994.00000 -126.2632
439814.00000 4371998.00000 -127.0760
439814.00000 4372002.00000 N.C.
439814.00000 4372006.00000 N.C.
439814.00000 4372010.00000 -122.8554
439814.00000 4372014.00000 -131.4523
439814.00000 4372018.00000 N.C.
439814.00000 4372022.00000 N.C.
439814.00000 4372026.00000 -138.7896
439814.00000 4372030.00000 N.C.
439814.00000 4372034.00000 N.C.
439814.00000 4372038.00000 -141.3678
439814.00000 4372042.00000 N.C.
439814.00000 4372046.00000 N.C.
439814.00000 4372050.00000 -139.6830
439814.00000 4372054.00000 N.C.
439814.00000 4372058.00000 N.C.
439814.00000 4372062.00000 -147.5940
439814.00000 4372066.00000 N.C.
439814.00000 4372070.00000 N.C.
439814.00000 4372074.00000 N.C.
439814.00000 4372078.00000 N.C.
439814.00000 4372082.00000 N.C.
439814.00000 4372086.00000 -121.8173
439814.00000 4372090.00000 -121.5059
439814.00000 4372094.00000 -120.8695
439814.00000 4372098.00000 -119.2643
439814.00000 4372102.00000 -119.0037
439814.00000 4372106.00000 -115.0443
439814.00000 4372110.00000 -106.2076
439814.00000 4372114.00000 -106.2344
439814.00000 4372118.00000 -106.0711
439814.00000 4372122.00000 -105.7412
439814.00000 4372126.00000 -117.7306
439814.00000 4372130.00000 N.C.
439814.00000 4372134.00000 N.C.
439814.00000 4372138.00000 N.C.
439814.00000 4372142.00000 N.C.
439814.00000 4372146.00000 N.C.
439814.00000 4372150.00000 N.C.
439814.00000 4372154.00000 N.C.
439814.00000 4372158.00000 N.C.
439814.00000 4372162.00000 N.C.
439814.00000 4372166.00000 -104.7285
439814.00000 4372170.00000 -108.4511
439814.00000 4372174.00000 N.C.
439814.00000 4372178.00000 N.C.
439814.00000 4372182.00000 N.C.
439814.00000 4372186.00000 -126.6990
439814.00000 4372190.00000 N.C.
439814.00000 4372194.00000 N.C.
439814.00000 4372198.00000 -117.0704
439814.00000 4372202.00000 N.C.
439814.00000 4372206.00000 N.C.
439814.00000 4372210.00000 -106.9556
439814.00000 4372214.00000 N.C.
439814.00000 4372218.00000 -109.9725
439814.00000 4372222.00000 -106.3195
439814.00000 4372226.00000 N.C.
439814.00000 4372230.00000 N.C.
439814.00000 4372234.00000 -106.4196
439814.00000 4372238.00000 -104.4552
439814.00000 4372242.00000 -107.1721
439814.00000 4372246.00000 -108.5611
439814.00000 4372250.00000 -110.8423
439814.00000 4372254.00000 -128.9794
439814.00000 4372258.00000 -136.5118
439814.00000 4372262.00000 -138.4545
439814.00000 4372266.00000 -111.9314
439814.00000 4372270.00000 -128.2612
439814.00000 4372274.00000 -125.7475
439814.00000 4372278.00000 -107.7525
439814.00000 4372282.00000 -116.4436
439814.00000 4372286.00000 -116.5976
439814.00000 4372290.00000 -110.2423
439814.00000 4372294.00000 -109.0080
439814.00000 4372298.00000 -117.6230
439814.00000 4372302.00000 -107.1086
439814.00000 4372306.00000 -112.2162
439814.00000 4372310.00000 -139.1010
439814.00000 4372314.00000 -132.6770
439814.00000 4372318.00000 -149.4270
439814.00000 4372322.00000 -150.9086
439814.00000 4372326.00000 -107.8504
439814.00000 4372330.00000 -147.9953
439814.00000 4372334.00000 -145.6410
439814.00000 4372338.00000 -125.3055
439814.00000 4372342.00000 -124.3500
439814.00000 4372346.00000 -126.5198
439814.00000 4372350.00000 -124.6239
439814.00000 4372354.00000 -118.8309
439814.00000 4372358.00000 -114.4501
439814.00000 4372362.00000 -109.0532
439814.00000 4372366.00000 -109.2507
439814.00000 4372370.00000 -106.1248
439814.00000 4372374.00000 -114.9966
439814.00000 4372378.00000 -116.6171
439814.00000 4372382.00000 -116.9888
439814.00000 4372386.00000 -121.6386
439814.00000 4372390.00000 N.C.
439814.00000 4372394.00000 N.C.
439814.00000 4372398.00000 -140.2282
439814.00000 4372402.00000 N.C.
439814.00000 4372406.00000 N.C.
439814.00000 4372410.00000 N.C.
439814.00000 4372414.00000 N.C.
439814.00000 4372418.00000 N.C.
439814.00000 4372422.00000 N.C.
439814.00000 4372426.00000 N.C.
439814.00000 4372430.00000 -143.6515
439814.00000 4372434.00000 -129.2886
439814.00000 4372438.00000 -120.4960
439814.00000 4372442.00000 -119.9057
439814.00000 4372446.00000 N.C.
439814.00000 4372450.00000 N.C.
439814.00000 4372454.00000 N.C.
439814.00000 4372458.00000 N.C.
439814.00000 4372462.00000 N.C.
439814.00000 4372466.00000 N.C.
439814.00000 4372470.00000 N.C.
439814.00000 4372474.00000 N.C.
439814.00000 4372478.00000 -133.1589
439818.00000 4371970.00000 -128.9859
439818.00000 4371974.00000 -149.6660
439818.00000 4371978.00000 -154.0733
439818.00000 4371982.00000 -146.5007
439818.00000 4371986.00000 -144.1195
439818.00000 4371990.00000 -142.0474
439818.00000 4371994.00000 -130.4198
439818.00000 4371998.00000 -137.5994
439818.00000 4372002.00000 -124.1363
439818.00000 4372006.00000 -124.9192
439818.00000 4372010.00000 -146.5982
439818.00000 4372014.00000 -150.8661
439818.00000 4372018.00000 N.C.
439818.00000 4372022.00000 N.C.
439818.00000 4372026.00000 N.C.
439818.00000 4372030.00000 N.C.
439818.00000 4372034.00000 N.C.
439818.00000 4372038.00000 -124.4151
439818.00000 4372042.00000 N.C.
439818.00000 4372046.00000 N.C.
439818.00000 4372050.00000 -137.1587
439818.00000 4372054.00000 N.C.
439818.00000 4372058.00000 N.C.
439818.00000 4372062.00000 -150.8760
439818.00000 4372066.00000 N.C.
439818.00000 4372070.00000 N.C.
439818.00000 4372074.00000 N.C.
439818.00000 4372078.00000 N.C.
439818.00000 4372082.00000 N.C.
439818.00000 4372086.00000 -121.3590
439818.00000 4372090.00000 -121.2979
439818.00000 4372094.00000 -126.2184
439818.00000 4372098.00000 -118.4668
439818.00000 4372102.00000 -123.1232
439818.00000 4372106.00000 -121.8457
439818.00000 4372110.00000 -106.1348
439818.00000 4372114.00000 -105.9935
439818.00000 4372118.00000 -105.8753
439818.00000 4372122.00000 -105.6391
439818.00000 4372126.00000 -105.2438
439818.00000 4372130.00000 -105.8241
439818.00000 4372134.00000 -104.2522
439818.00000 4372138.00000 -105.5756
439818.00000 4372142.00000 -117.8987
439818.00000 4372146.00000 -120.8640
439818.00000 4372150.00000 -121.2949
439818.00000 4372154.00000 -122.3465
439818.00000 4372158.00000 N.C.
439818.00000 4372162.00000 N.C.
439818.00000 4372166.00000 -104.0362
439818.00000 4372170.00000 -112.6607
439818.00000 4372174.00000 N.C.
439818.00000 4372178.00000 N.C.
439818.00000 4372182.00000 N.C.
439818.00000 4372186.00000 -130.7513
439818.00000 4372190.00000 N.C.
439818.00000 4372194.00000 N.C.
439818.00000 4372198.00000 -113.9825
439818.00000 4372202.00000 N.C.
439818.00000 4372206.00000 N.C.
439818.00000 4372210.00000 -106.8764
439818.00000 4372214.00000 N.C.
439818.00000 4372218.00000 -109.8747
439818.00000 4372222.00000 -108.3382
439818.00000 4372226.00000 N.C.
439818.00000 4372230.00000 N.C.
439818.00000 4372234.00000 -107.8118
439818.00000 4372238.00000 -105.8662
439818.00000 4372242.00000 -108.3393
439818.00000 4372246.00000 -111.2379
439818.00000 4372250.00000 -115.6762
439818.00000 4372254.00000 N.C.
439818.00000 4372258.00000 N.C.
439818.00000 4372262.00000 N.C.
439818.00000 4372266.00000 -116.2477
439818.00000 4372270.00000 N.C.
439818.00000 4372274.00000 N.C.
439818.00000 4372278.00000 -114.7089
439818.00000 4372282.00000 -107.4395
439818.00000 4372286.00000 -115.7299
439818.00000 4372290.00000 -104.5282
439818.00000 4372294.00000 -113.6902
439818.00000 4372298.00000 -114.9794
439818.00000 4372302.00000 -107.7548
439818.00000 4372306.00000 N.C.
439818.00000 4372310.00000 N.C.
439818.00000 4372314.00000 -129.3983
439818.00000 4372318.00000 N.C.
439818.00000 4372322.00000 N.C.
439818.00000 4372326.00000 -108.0726
439818.00000 4372330.00000 N.C.
439818.00000 4372334.00000 N.C.
439818.00000 4372338.00000 -126.9242
439818.00000 4372342.00000 -123.8257
439818.00000 4372346.00000 -125.9162
439818.00000 4372350.00000 -123.4714
439818.00000 4372354.00000 -117.1166
439818.00000 4372358.00000 -113.9595
439818.00000 4372362.00000 -108.9641
439818.00000 4372366.00000 -106.2077
439818.00000 4372370.00000 -110.8574
439818.00000 4372374.00000 -114.2702
439818.00000 4372378.00000 -116.6736
439818.00000 4372382.00000 -121.9117
439818.00000 4372386.00000 -119.9941
439818.00000 4372390.00000 N.C.
439818.00000 4372394.00000 N.C.
439818.00000 4372398.00000 -123.6122
439818.00000 4372402.00000 N.C.
439818.00000 4372406.00000 N.C.
439818.00000 4372410.00000 N.C.
439818.00000 4372414.00000 N.C.
439818.00000 4372418.00000 N.C.
439818.00000 4372422.00000 N.C.
439818.00000 4372426.00000 N.C.
439818.00000 4372430.00000 -149.9901
439818.00000 4372434.00000 -122.8735
439818.00000 4372438.00000 -122.6873
439818.00000 4372442.00000 -120.9524
439818.00000 4372446.00000 N.C.
439818.00000 4372450.00000 N.C.
439818.00000 4372454.00000 N.C.
439818.00000 4372458.00000 N.C.
439818.00000 4372462.00000 N.C.
439818.00000 4372466.00000 N.C.
439818.00000 4372470.00000 N.C.
439818.00000 4372474.00000 N.C.
439818.00000 4372478.00000 -123.8208
439822.00000 4371970.00000 -132.9754
439822.00000 4371974.00000 -145.8792
439822.00000 4371978.00000 -144.7752
439822.00000 4371982.00000 N.C.
439822.00000 4371986.00000 N.C.
439822.00000 4371990.00000 N.C.
439822.00000 4371994.00000 N.C.
439822.00000 4371998.00000 N.C.
439822.00000 4372002.00000 N.C.
439822.00000 4372006.00000 N.C.
439822.00000 4372010.00000 -145.5738
439822.00000 4372014.00000 -144.6267
439822.00000 4372018.00000 -144.7300
439822.00000 4372022.00000 -139.4635
439822.00000 4372026.00000 -138.9822
439822.00000 4372030.00000 -138.3009
439822.00000 4372034.00000 -132.1295
439822.00000 4372038.00000 -120.8129
439822.00000 4372042.00000 -114.7631
439822.00000 4372046.00000 -125.5928
439822.00000 4372050.00000 -147.7234
439822.00000 4372054.00000 -147.1882
439822.00000 4372058.00000 -141.8960
439822.00000 4372062.00000 -144.4650
439822.00000 4372066.00000 -144.8670
439822.00000 4372070.00000 -140.4727
439822.00000 4372074.00000 -139.2769
439822.00000 4372078.00000 -118.5648
439822.00000 4372082.00000 -119.3189
439822.00000 4372086.00000 -123.1974
439822.00000 4372090.00000 -122.5813
439822.00000 4372094.00000 -128.8540
439822.00000 4372098.00000 -129.9631
439822.00000 4372102.00000 -123.2367
439822.00000 4372106.00000 -120.5213
439822.00000 4372110.00000 -115.8216
439822.00000 4372114.00000 -105.3628
439822.00000 4372118.00000 -105.6180
439822.00000 4372122.00000 -105.7051
439822.00000 4372126.00000 -104.5760
439822.00000 4372130.00000 -105.5311
439822.00000 4372134.00000 -104.3359
439822.00000 4372138.00000 -105.5543
439822.00000 4372142.00000 -104.7206
439822.00000 4372146.00000 -119.9427
439822.00000 4372150.00000 -121.7547
439822.00000 4372154.00000 -122.6084
439822.00000 4372158.00000 N.C.
439822.00000 4372162.00000 N.C.
439822.00000 4372166.00000 -103.3450
439822.00000 4372170.00000 -105.2532
439822.00000 4372174.00000 N.C.
439822.00000 4372178.00000 N.C.
439822.00000 4372182.00000 N.C.
439822.00000 4372186.00000 -132.7127
439822.00000 4372190.00000 N.C.
439822.00000 4372194.00000 N.C.
439822.00000 4372198.00000 -110.4378
439822.00000 4372202.00000 N.C.
439822.00000 4372206.00000 N.C.
439822.00000 4372210.00000 -103.2912
439822.00000 4372214.00000 N.C.
439822.00000 4372218.00000 -116.5441
439822.00000 4372222.00000 -105.7913
439822.00000 4372226.00000 N.C.
439822.00000 4372230.00000 N.C.
439822.00000 4372234.00000 -108.9421
439822.00000 4372238.00000 -105.8532
439822.00000 4372242.00000 -105.9003
439822.00000 4372246.00000 -110.2145
439822.00000 4372250.00000 -116.1484
439822.00000 4372254.00000 N.C.
439822.00000 4372258.00000 N.C.
439822.00000 4372262.00000 N.C.
439822.00000 4372266.00000 -126.2368
439822.00000 4372270.00000 N.C.
439822.00000 4372274.00000 N.C.
439822.00000 4372278.00000 -117.9938
439822.00000 4372282.00000 -104.2665
439822.00000 4372286.00000 -113.0691
439822.00000 4372290.00000 -105.2062
439822.00000 4372294.00000 -118.0638
439822.00000 4372298.00000 -115.6762
439822.00000 4372302.00000 -113.7217
439822.00000 4372306.00000 N.C.
439822.00000 4372310.00000 N.C.
439822.00000 4372314.00000 -127.9951
439822.00000 4372318.00000 -147.3946
439822.00000 4372322.00000 -147.9405
439822.00000 4372326.00000 -108.1171
439822.00000 4372330.00000 N.C.
439822.00000 4372334.00000 N.C.
439822.00000 4372338.00000 -135.1876
439822.00000 4372342.00000 -125.6241
439822.00000 4372346.00000 -122.8701
439822.00000 4372350.00000 -119.0410
439822.00000 4372354.00000 -115.3506
439822.00000 4372358.00000 -111.7107
439822.00000 4372362.00000 -104.9526
439822.00000 4372366.00000 -113.7024
439822.00000 4372370.00000 -115.0322
439822.00000 4372374.00000 -116.6860
439822.00000 4372378.00000 -117.2417
439822.00000 4372382.00000 -121.5084
439822.00000 4372386.00000 -120.0758
439822.00000 4372390.00000 -120.7186
439822.00000 4372394.00000 -120.9735
439822.00000 4372398.00000 -123.0165
439822.00000 4372402.00000 -123.0047
439822.00000 4372406.00000 -122.7710
439822.00000 4372410.00000 -122.8400
439822.00000 4372414.00000 -122.7056
439822.00000 4372418.00000 -122.4892
439822.00000 4372422.00000 -121.8003
439822.00000 4372426.00000 -121.6597
439822.00000 4372430.00000 -122.0653
439822.00000 4372434.00000 -122.1836
439822.00000 4372438.00000 -121.3823
439822.00000 4372442.00000 -121.3168
439822.00000 4372446.00000 -120.1265
439822.00000 4372450.00000 N.C.
439822.00000 4372454.00000 N.C.
439822.00000 4372458.00000 N.C.
439822.00000 4372462.00000 N.C.
439822.00000 4372466.00000 N.C.
439822.00000 4372470.00000 N.C.
439822.00000 4372474.00000 N.C.
439822.00000 4372478.00000 -109.1790
439826.00000 4371970.00000 -126.9036
439826.00000 4371974.00000 -143.3850
439826.00000 4371978.00000 N.C.
439826.00000 4371982.00000 N.C.
439826.00000 4371986.00000 N.C.
439826.00000 4371990.00000 N.C.
439826.00000 4371994.00000 N.C.
439826.00000 4371998.00000 N.C.
439826.00000 4372002.00000 N.C.
439826.00000 4372006.00000 N.C.
439826.00000 4372010.00000 -155.4018
439826.00000 4372014.00000 N.C.
439826.00000 4372018.00000 N.C.
439826.00000 4372022.00000 -162.4871
439826.00000 4372026.00000 N.C.
439826.00000 4372030.00000 N.C.
439826.00000 4372034.00000 N.C.
439826.00000 4372038.00000 N.C.
439826.00000 4372042.00000 N.C.
439826.00000 4372046.00000 -165.0697
439826.00000 4372050.00000 N.C.
439826.00000 4372054.00000 N.C.
439826.00000 4372058.00000 -142.8178
439826.00000 4372062.00000 N.C.
439826.00000 4372066.00000 N.C.
439826.00000 4372070.00000 -141.7056
439826.00000 4372074.00000 N.C.
439826.00000 4372078.00000 N.C.
439826.00000 4372082.00000 -118.9578
439826.00000 4372086.00000 -118.7785
439826.00000 4372090.00000 -124.5904
439826.00000 4372094.00000 -129.6251
439826.00000 4372098.00000 -133.5880
439826.00000 4372102.00000 -125.6798
439826.00000 4372106.00000 -129.5194
439826.00000 4372110.00000 -125.3395
439826.00000 4372114.00000 -111.8363
439826.00000 4372118.00000 -105.5594
439826.00000 4372122.00000 -105.4865
439826.00000 4372126.00000 -104.9812
439826.00000 4372130.00000 -105.9368
439826.00000 4372134.00000 -114.0004
439826.00000 4372138.00000 -114.7127
439826.00000 4372142.00000 -105.3690
439826.00000 4372146.00000 -116.9877
439826.00000 4372150.00000 -121.5721
439826.00000 4372154.00000 -120.9759
439826.00000 4372158.00000 N.C.
439826.00000 4372162.00000 N.C.
439826.00000 4372166.00000 -104.0610
439826.00000 4372170.00000 -104.8822
439826.00000 4372174.00000 N.C.
439826.00000 4372178.00000 N.C.
439826.00000 4372182.00000 N.C.
439826.00000 4372186.00000 -130.9139
439826.00000 4372190.00000 N.C.
439826.00000 4372194.00000 N.C.
439826.00000 4372198.00000 -111.0385
439826.00000 4372202.00000 N.C.
439826.00000 4372206.00000 N.C.
439826.00000 4372210.00000 -103.0251
439826.00000 4372214.00000 N.C.
439826.00000 4372218.00000 N.C.
439826.00000 4372222.00000 -113.3103
439826.00000 4372226.00000 N.C.
439826.00000 4372230.00000 N.C.
439826.00000 4372234.00000 -109.2048
439826.00000 4372238.00000 -110.4942
439826.00000 4372242.00000 -107.2525
439826.00000 4372246.00000 -110.2660
439826.00000 4372250.00000 -116.2908
439826.00000 4372254.00000 -115.1391
439826.00000 4372258.00000 N.C.
439826.00000 4372262.00000 -118.6989
439826.00000 4372266.00000 N.C.
439826.00000 4372270.00000 N.C.
439826.00000 4372274.00000 N.C.
439826.00000 4372278.00000 -116.8439
439826.00000 4372282.00000 -107.3223
439826.00000 4372286.00000 -114.5641
439826.00000 4372290.00000 -104.7129
439826.00000 4372294.00000 -119.2609
439826.00000 4372298.00000 -116.3313
439826.00000 4372302.00000 -113.4117
439826.00000 4372306.00000 N.C.
439826.00000 4372310.00000 N.C.
439826.00000 4372314.00000 -122.5940
439826.00000 4372318.00000 -167.9699
439826.00000 4372322.00000 -159.8783
439826.00000 4372326.00000 -108.9525
439826.00000 4372330.00000 N.C.
439826.00000 4372334.00000 N.C.
439826.00000 4372338.00000 -134.0469
439826.00000 4372342.00000 -124.0539
439826.00000 4372346.00000 -125.6426
439826.00000 4372350.00000 -116.2309
439826.00000 4372354.00000 -112.0497
439826.00000 4372358.00000 -111.2266
439826.00000 4372362.00000 -105.8237
439826.00000 4372366.00000 -114.2417
439826.00000 4372370.00000 -116.8193
439826.00000 4372374.00000 -117.3137
439826.00000 4372378.00000 -121.7155
439826.00000 4372382.00000 -117.5592
439826.00000 4372386.00000 -120.2482
439826.00000 4372390.00000 -120.9486
439826.00000 4372394.00000 -121.3455
439826.00000 4372398.00000 -122.6877
439826.00000 4372402.00000 -123.1398
439826.00000 4372406.00000 -122.6740
439826.00000 4372410.00000 -122.6540
439826.00000 4372414.00000 -122.2855
439826.00000 4372418.00000 -121.6446
439826.00000 4372422.00000 -122.0305
439826.00000 4372426.00000 -121.8778
439826.00000 4372430.00000 -121.8695
439826.00000 4372434.00000 -121.8517
439826.00000 4372438.00000 -122.2719
439826.00000 4372442.00000 -121.3514
439826.00000 4372446.00000 -120.7088
439826.00000 4372450.00000 -118.8519
439826.00000 4372454.00000 -118.8993
439826.00000 4372458.00000 -112.5411
439826.00000 4372462.00000 -112.1544
439826.00000 4372466.00000 -117.2291
439826.00000 4372470.00000 -108.7375
439826.00000 4372474.00000 -108.8907
439826.00000 4372478.00000 -109.1051
439830.00000 4371970.00000 -130.1521
439830.00000 4371974.00000 -132.3855
439830.00000 4371978.00000 N.C.
439830.00000 4371982.00000 N.C.
439830.00000 4371986.00000 N.C.
439830.00000 4371990.00000 N.C.
439830.00000 4371994.00000 N.C.
439830.00000 4371998.00000 N.C.
439830.00000 4372002.00000 N.C.
439830.00000 4372006.00000 N.C.
439830.00000 4372010.00000 -155.2852
439830.00000 4372014.00000 N.C.
439830.00000 4372018.00000 N.C.
439830.00000 4372022.00000 N.C.
439830.00000 4372026.00000 N.C.
439830.00000 4372030.00000 -129.9983
439830.00000 4372034.00000 -180.1640
439830.00000 4372038.00000 N.C.
439830.00000 4372042.00000 N.C.
439830.00000 4372046.00000 -178.3902
439830.00000 4372050.00000 -142.6385
439830.00000 4372054.00000 N.C.
439830.00000 4372058.00000 -144.5443
439830.00000 4372062.00000 N.C.
439830.00000 4372066.00000 -141.2557
439830.00000 4372070.00000 -131.5920
439830.00000 4372074.00000 N.C.
439830.00000 4372078.00000 N.C.
439830.00000 4372082.00000 -117.3215
439830.00000 4372086.00000 -120.1635
439830.00000 4372090.00000 -123.6510
439830.00000 4372094.00000 -129.5455
439830.00000 4372098.00000 -139.1068
439830.00000 4372102.00000 -142.0198
439830.00000 4372106.00000 -144.1336
439830.00000 4372110.00000 -142.5595
439830.00000 4372114.00000 -123.4437
439830.00000 4372118.00000 -109.9313
439830.00000 4372122.00000 -103.7007
439830.00000 4372126.00000 -105.0659
439830.00000 4372130.00000 -106.2778
439830.00000 4372134.00000 -115.6206
439830.00000 4372138.00000 -114.7367
439830.00000 4372142.00000 -105.2191
439830.00000 4372146.00000 -116.8340
439830.00000 4372150.00000 -121.2365
439830.00000 4372154.00000 -120.6948
439830.00000 4372158.00000 N.C.
439830.00000 4372162.00000 N.C.
439830.00000 4372166.00000 -103.8980
439830.00000 4372170.00000 -105.5165
439830.00000 4372174.00000 N.C.
439830.00000 4372178.00000 N.C.
439830.00000 4372182.00000 N.C.
439830.00000 4372186.00000 -148.0839
439830.00000 4372190.00000 N.C.
439830.00000 4372194.00000 N.C.
439830.00000 4372198.00000 -116.0207
439830.00000 4372202.00000 N.C.
439830.00000 4372206.00000 N.C.
439830.00000 4372210.00000 -105.3183
439830.00000 4372214.00000 N.C.
439830.00000 4372218.00000 N.C.
439830.00000 4372222.00000 -121.2889
439830.00000 4372226.00000 -103.6920
439830.00000 4372230.00000 -104.2174
439830.00000 4372234.00000 -115.3400
439830.00000 4372238.00000 -109.8894
439830.00000 4372242.00000 -107.4329
439830.00000 4372246.00000 -114.6405
439830.00000 4372250.00000 -120.1348
439830.00000 4372254.00000 -117.1488
439830.00000 4372258.00000 N.C.
439830.00000 4372262.00000 -118.4887
439830.00000 4372266.00000 N.C.
439830.00000 4372270.00000 N.C.
439830.00000 4372274.00000 N.C.
439830.00000 4372278.00000 -116.6810
439830.00000 4372282.00000 -106.5657
439830.00000 4372286.00000 -104.0784
439830.00000 4372290.00000 -114.3767
439830.00000 4372294.00000 -116.6396
439830.00000 4372298.00000 -116.7399
439830.00000 4372302.00000 -113.4518
439830.00000 4372306.00000 N.C.
439830.00000 4372310.00000 N.C.
439830.00000 4372314.00000 -119.7857
439830.00000 4372318.00000 N.C.
439830.00000 4372322.00000 N.C.
439830.00000 4372326.00000 -108.1839
439830.00000 4372330.00000 N.C.
439830.00000 4372334.00000 N.C.
439830.00000 4372338.00000 -129.7396
439830.00000 4372342.00000 -124.9719
439830.00000 4372346.00000 -123.4099
439830.00000 4372350.00000 -123.0344
439830.00000 4372354.00000 -120.9452
439830.00000 4372358.00000 -105.2168
439830.00000 4372362.00000 -109.7927
439830.00000 4372366.00000 -115.1906
439830.00000 4372370.00000 -117.1904
439830.00000 4372374.00000 -122.6623
439830.00000 4372378.00000 -122.0782
439830.00000 4372382.00000 -120.4690
439830.00000 4372386.00000 -117.1774
439830.00000 4372390.00000 -120.4566
439830.00000 4372394.00000 -121.2457
439830.00000 4372398.00000 -122.8889
439830.00000 4372402.00000 -122.4870
439830.00000 4372406.00000 -122.5619
439830.00000 4372410.00000 -122.6453
439830.00000 4372414.00000 -122.1427
439830.00000 4372418.00000 -121.8565
439830.00000 4372422.00000 -121.9626
439830.00000 4372426.00000 -122.1996
439830.00000 4372430.00000 -121.7449
439830.00000 4372434.00000 -122.1381
439830.00000 4372438.00000 -121.8866
439830.00000 4372442.00000 -119.1649
439830.00000 4372446.00000 -119.1953
439830.00000 4372450.00000 -118.7015
439830.00000 4372454.00000 -112.3570
439830.00000 4372458.00000 -112.3671
439830.00000 4372462.00000 -117.1315
439830.00000 4372466.00000 -108.5713
439830.00000 4372470.00000 -108.6941
439830.00000 4372474.00000 -108.8877
439830.00000 4372478.00000 -108.9816
439834.00000 4371970.00000 -150.7318
439834.00000 4371974.00000 -136.5953
439834.00000 4371978.00000 N.C.
439834.00000 4371982.00000 N.C.
439834.00000 4371986.00000 N.C.
439834.00000 4371990.00000 N.C.
439834.00000 4371994.00000 N.C.
439834.00000 4371998.00000 N.C.
439834.00000 4372002.00000 N.C.
439834.00000 4372006.00000 N.C.
439834.00000 4372010.00000 -155.1644
439834.00000 4372014.00000 N.C.
439834.00000 4372018.00000 N.C.
439834.00000 4372022.00000 N.C.
439834.00000 4372026.00000 N.C.
439834.00000 4372030.00000 -139.9286
439834.00000 4372034.00000 -181.9351
439834.00000 4372038.00000 N.C.
439834.00000 4372042.00000 N.C.
439834.00000 4372046.00000 -135.7228
439834.00000 4372050.00000 -176.0108
439834.00000 4372054.00000 N.C.
439834.00000 4372058.00000 -140.4493
439834.00000 4372062.00000 N.C.
439834.00000 4372066.00000 -140.1371
439834.00000 4372070.00000 -151.9013
439834.00000 4372074.00000 N.C.
439834.00000 4372078.00000 N.C.
439834.00000 4372082.00000 -119.8270
439834.00000 4372086.00000 -120.7836
439834.00000 4372090.00000 -122.8907
439834.00000 4372094.00000 -129.7078
439834.00000 4372098.00000 N.C.
439834.00000 4372102.00000 N.C.
439834.00000 4372106.00000 N.C.
439834.00000 4372110.00000 N.C.
439834.00000 4372114.00000 N.C.
439834.00000 4372118.00000 N.C.
439834.00000 4372122.00000 -103.5949
439834.00000 4372126.00000 -103.5376
439834.00000 4372130.00000 -109.2059
439834.00000 4372134.00000 -120.5707
439834.00000 4372138.00000 -119.3832
439834.00000 4372142.00000 -119.2400
439834.00000 4372146.00000 -110.3150
439834.00000 4372150.00000 -120.6375
439834.00000 4372154.00000 -124.5828
439834.00000 4372158.00000 -123.7974
439834.00000 4372162.00000 N.C.
439834.00000 4372166.00000 -103.3064
439834.00000 4372170.00000 -104.7999
439834.00000 4372174.00000 N.C.
439834.00000 4372178.00000 N.C.
439834.00000 4372182.00000 N.C.
439834.00000 4372186.00000 -139.6539
439834.00000 4372190.00000 N.C.
439834.00000 4372194.00000 N.C.
439834.00000 4372198.00000 -118.8042
439834.00000 4372202.00000 N.C.
439834.00000 4372206.00000 N.C.
439834.00000 4372210.00000 -105.7261
439834.00000 4372214.00000 -132.8911
439834.00000 4372218.00000 -129.3111
439834.00000 4372222.00000 N.C.
439834.00000 4372226.00000 -113.5976
439834.00000 4372230.00000 -103.1522
439834.00000 4372234.00000 -121.8313
439834.00000 4372238.00000 -117.3831
439834.00000 4372242.00000 -111.5888
439834.00000 4372246.00000 -119.2300
439834.00000 4372250.00000 -114.9977
439834.00000 4372254.00000 -119.2000
439834.00000 4372258.00000 N.C.
439834.00000 4372262.00000 N.C.
439834.00000 4372266.00000 N.C.
439834.00000 4372270.00000 N.C.
439834.00000 4372274.00000 N.C.
439834.00000 4372278.00000 -107.8356
439834.00000 4372282.00000 -111.3857
439834.00000 4372286.00000 -103.9036
439834.00000 4372290.00000 -127.8878
439834.00000 4372294.00000 N.C.
439834.00000 4372298.00000 N.C.
439834.00000 4372302.00000 -104.4544
439834.00000 4372306.00000 -111.1018
439834.00000 4372310.00000 -116.6930
439834.00000 4372314.00000 -116.3912
439834.00000 4372318.00000 N.C.
439834.00000 4372322.00000 N.C.
439834.00000 4372326.00000 -108.5367
439834.00000 4372330.00000 N.C.
439834.00000 4372334.00000 N.C.
439834.00000 4372338.00000 -126.2867
439834.00000 4372342.00000 -124.6857
439834.00000 4372346.00000 -130.9033
439834.00000 4372350.00000 -131.1529
439834.00000 4372354.00000 -122.6713
439834.00000 4372358.00000 -105.3033
439834.00000 4372362.00000 -113.3870
439834.00000 4372366.00000 -116.7263
439834.00000 4372370.00000 -123.9430
439834.00000 4372374.00000 -122.3659
439834.00000 4372378.00000 -122.5665
439834.00000 4372382.00000 -120.6630
439834.00000 4372386.00000 -121.1364
439834.00000 4372390.00000 -120.8368
439834.00000 4372394.00000 -120.2062
439834.00000 4372398.00000 -122.7087
439834.00000 4372402.00000 -122.8943
439834.00000 4372406.00000 -123.0114
439834.00000 4372410.00000 -122.6266
439834.00000 4372414.00000 -121.6953
439834.00000 4372418.00000 -122.0621
439834.00000 4372422.00000 -122.0100
439834.00000 4372426.00000 -121.5843
439834.00000 4372430.00000 -122.3731
439834.00000 4372434.00000 -122.0104
439834.00000 4372438.00000 -121.1685
439834.00000 4372442.00000 -118.8663
439834.00000 4372446.00000 -118.9460
439834.00000 4372450.00000 -119.1187
439834.00000 4372454.00000 -112.2283
439834.00000 4372458.00000 -112.3041
439834.00000 4372462.00000 -108.2262
439834.00000 4372466.00000 -108.5111
439834.00000 4372470.00000 -108.7153
439834.00000 4372474.00000 -108.8139
439834.00000 4372478.00000 -108.9252
439838.00000 4371970.00000 -140.0988
439838.00000 4371974.00000 -144.3145
439838.00000 4371978.00000 N.C.
439838.00000 4371982.00000 N.C.
439838.00000 4371986.00000 N.C.
439838.00000 4371990.00000 N.C.
439838.00000 4371994.00000 N.C.
439838.00000 4371998.00000 N.C.
439838.00000 4372002.00000 N.C.
439838.00000 4372006.00000 -165.7737
439838.00000 4372010.00000 -146.5867
439838.00000 4372014.00000 -149.5012
439838.00000 4372018.00000 -142.4219
439838.00000 4372022.00000 -147.2622
439838.00000 4372026.00000 -171.4469
439838.00000 4372030.00000 -148.8250
439838.00000 4372034.00000 -181.8290
439838.00000 4372038.00000 N.C.
439838.00000 4372042.00000 N.C.
439838.00000 4372046.00000 -137.0007
439838.00000 4372050.00000 -178.9973
439838.00000 4372054.00000 N.C.
439838.00000 4372058.00000 -150.6320
439838.00000 4372062.00000 N.C.
439838.00000 4372066.00000 -170.5072
439838.00000 4372070.00000 -149.8255
439838.00000 4372074.00000 N.C.
439838.00000 4372078.00000 N.C.
439838.00000 4372082.00000 -121.0141
439838.00000 4372086.00000 -120.3825
439838.00000 4372090.00000 -122.0186
439838.00000 4372094.00000 -128.2946
439838.00000 4372098.00000 N.C.
439838.00000 4372102.00000 N.C.
439838.00000 4372106.00000 N.C.
439838.00000 4372110.00000 N.C.
439838.00000 4372114.00000 N.C.
439838.00000 4372118.00000 N.C.
439838.00000 4372122.00000 -104.9711
439838.00000 4372126.00000 -103.4922
439838.00000 4372130.00000 -109.6265
439838.00000 4372134.00000 -124.9754
439838.00000 4372138.00000 -124.0183
439838.00000 4372142.00000 -125.6326
439838.00000 4372146.00000 -126.1540
439838.00000 4372150.00000 -119.3329
439838.00000 4372154.00000 -122.3428
439838.00000 4372158.00000 -124.4070
439838.00000 4372162.00000 N.C.
439838.00000 4372166.00000 -103.8463
439838.00000 4372170.00000 -102.3155
439838.00000 4372174.00000 N.C.
439838.00000 4372178.00000 N.C.
439838.00000 4372182.00000 -107.5442
439838.00000 4372186.00000 N.C.
439838.00000 4372190.00000 -111.2544
439838.00000 4372194.00000 N.C.
439838.00000 4372198.00000 N.C.
439838.00000 4372202.00000 N.C.
439838.00000 4372206.00000 N.C.
439838.00000 4372210.00000 -105.8487
439838.00000 4372214.00000 N.C.
439838.00000 4372218.00000 N.C.
439838.00000 4372222.00000 -136.8947
439838.00000 4372226.00000 -115.5639
439838.00000 4372230.00000 -103.0423
439838.00000 4372234.00000 -125.1253
439838.00000 4372238.00000 -118.6080
439838.00000 4372242.00000 -104.7411
439838.00000 4372246.00000 -122.7074
439838.00000 4372250.00000 -123.6639
439838.00000 4372254.00000 -117.7354
439838.00000 4372258.00000 -110.3165
439838.00000 4372262.00000 -112.2637
439838.00000 4372266.00000 -121.9171
439838.00000 4372270.00000 -121.5636
439838.00000 4372274.00000 -103.3815
439838.00000 4372278.00000 -107.5976
439838.00000 4372282.00000 -115.6127
439838.00000 4372286.00000 -103.2372
439838.00000 4372290.00000 -133.7707
439838.00000 4372294.00000 N.C.
439838.00000 4372298.00000 N.C.
439838.00000 4372302.00000 -111.6275
439838.00000 4372306.00000 -113.1251
439838.00000 4372310.00000 -108.3323
439838.00000 4372314.00000 N.C.
439838.00000 4372318.00000 N.C.
439838.00000 4372322.00000 N.C.
439838.00000 4372326.00000 -107.4092
439838.00000 4372330.00000 N.C.
439838.00000 4372334.00000 -129.6101
439838.00000 4372338.00000 -126.4481
439838.00000 4372342.00000 N.C.
439838.00000 4372346.00000 N.C.
439838.00000 4372350.00000 N.C.
439838.00000 4372354.00000 -119.6782
439838.00000 4372358.00000 -108.8296
439838.00000 4372362.00000 -116.2459
439838.00000 4372366.00000 -123.9385
439838.00000 4372370.00000 -125.1341
439838.00000 4372374.00000 -122.4664
439838.00000 4372378.00000 -120.2813
439838.00000 4372382.00000 -120.7296
439838.00000 4372386.00000 -123.3672
439838.00000 4372390.00000 -123.0026
439838.00000 4372394.00000 -122.8590
439838.00000 4372398.00000 -120.8722
439838.00000 4372402.00000 -122.4758
439838.00000 4372406.00000 -122.4772
439838.00000 4372410.00000 -121.6945
439838.00000 4372414.00000 -122.3716
439838.00000 4372418.00000 -122.3039
439838.00000 4372422.00000 -122.0258
439838.00000 4372426.00000 -122.2170
439838.00000 4372430.00000 -121.7804
439838.00000 4372434.00000 -119.7610
439838.00000 4372438.00000 -119.3912
439838.00000 4372442.00000 -118.8589
439838.00000 4372446.00000 -112.2090
439838.00000 4372450.00000 -112.2205
439838.00000 4372454.00000 -118.6227
439838.00000 4372458.00000 -108.2788
439838.00000 4372462.00000 -108.3271
439838.00000 4372466.00000 -108.5163
439838.00000 4372470.00000 -108.6507
439838.00000 4372474.00000 -108.7373
439838.00000 4372478.00000 -108.8297
439842.00000 4371970.00000 -136.6657
439842.00000 4371974.00000 -153.2654
439842.00000 4371978.00000 -161.5035
439842.00000 4371982.00000 N.C.
439842.00000 4371986.00000 N.C.
439842.00000 4371990.00000 N.C.
439842.00000 4371994.00000 N.C.
439842.00000 4371998.00000 N.C.
439842.00000 4372002.00000 N.C.
439842.00000 4372006.00000 N.C.
439842.00000 4372010.00000 -134.9372
439842.00000 4372014.00000 -153.3954
439842.00000 4372018.00000 N.C.
439842.00000 4372022.00000 N.C.
439842.00000 4372026.00000 N.C.
439842.00000 4372030.00000 N.C.
439842.00000 4372034.00000 -148.8602
439842.00000 4372038.00000 N.C.
439842.00000 4372042.00000 N.C.
439842.00000 4372046.00000 -142.0560
439842.00000 4372050.00000 N.C.
439842.00000 4372054.00000 N.C.
439842.00000 4372058.00000 -175.5452
439842.00000 4372062.00000 N.C.
439842.00000 4372066.00000 N.C.
439842.00000 4372070.00000 -144.8391
439842.00000 4372074.00000 N.C.
439842.00000 4372078.00000 N.C.
439842.00000 4372082.00000 -121.0754
439842.00000 4372086.00000 -122.5722
439842.00000 4372090.00000 -123.9065
439842.00000 4372094.00000 -124.4620
439842.00000 4372098.00000 -132.3983
439842.00000 4372102.00000 -137.4693
439842.00000 4372106.00000 -135.8071
439842.00000 4372110.00000 -134.8735
439842.00000 4372114.00000 -134.1178
439842.00000 4372118.00000 -128.9823
439842.00000 4372122.00000 -104.2369
439842.00000 4372126.00000 -104.5467
439842.00000 4372130.00000 -108.8774
439842.00000 4372134.00000 -123.7605
439842.00000 4372138.00000 -129.6637
439842.00000 4372142.00000 -125.6545
439842.00000 4372146.00000 N.C.
439842.00000 4372150.00000 N.C.
439842.00000 4372154.00000 N.C.
439842.00000 4372158.00000 -123.0730
439842.00000 4372162.00000 N.C.
439842.00000 4372166.00000 -102.3333
439842.00000 4372170.00000 -102.4583
439842.00000 4372174.00000 -112.1060
439842.00000 4372178.00000 N.C.
439842.00000 4372182.00000 -108.4270
439842.00000 4372186.00000 N.C.
439842.00000 4372190.00000 -113.3867
439842.00000 4372194.00000 N.C.
439842.00000 4372198.00000 N.C.
439842.00000 4372202.00000 -107.9780
439842.00000 4372206.00000 N.C.
439842.00000 4372210.00000 -107.3024
439842.00000 4372214.00000 N.C.
439842.00000 4372218.00000 N.C.
439842.00000 4372222.00000 N.C.
439842.00000 4372226.00000 N.C.
439842.00000 4372230.00000 -108.1778
439842.00000 4372234.00000 -128.4341
439842.00000 4372238.00000 -125.9950
439842.00000 4372242.00000 -105.5356
439842.00000 4372246.00000 -132.6631
439842.00000 4372250.00000 -128.7449
439842.00000 4372254.00000 -122.2331
439842.00000 4372258.00000 N.C.
439842.00000 4372262.00000 N.C.
439842.00000 4372266.00000 N.C.
439842.00000 4372270.00000 N.C.
439842.00000 4372274.00000 -105.6010
439842.00000 4372278.00000 -111.4169
439842.00000 4372282.00000 -110.9212
439842.00000 4372286.00000 -103.3589
439842.00000 4372290.00000 N.C.
439842.00000 4372294.00000 -103.6379
439842.00000 4372298.00000 -101.5008
439842.00000 4372302.00000 -108.3958
439842.00000 4372306.00000 -115.5698
439842.00000 4372310.00000 -111.9508
439842.00000 4372314.00000 N.C.
439842.00000 4372318.00000 N.C.
439842.00000 4372322.00000 N.C.
439842.00000 4372326.00000 -106.3400
439842.00000 4372330.00000 N.C.
439842.00000 4372334.00000 -129.3870
439842.00000 4372338.00000 -122.7570
439842.00000 4372342.00000 N.C.
439842.00000 4372346.00000 N.C.
439842.00000 4372350.00000 N.C.
439842.00000 4372354.00000 -118.5569
439842.00000 4372358.00000 -111.5639
439842.00000 4372362.00000 -122.6214
439842.00000 4372366.00000 -124.6405
439842.00000 4372370.00000 -124.7584
439842.00000 4372374.00000 -126.3797
439842.00000 4372378.00000 -122.0742
439842.00000 4372382.00000 -123.1733
439842.00000 4372386.00000 -123.2468
439842.00000 4372390.00000 -123.0330
439842.00000 4372394.00000 -122.8829
439842.00000 4372398.00000 -122.0793
439842.00000 4372402.00000 -117.6664
439842.00000 4372406.00000 -120.7413
439842.00000 4372410.00000 -121.9953
439842.00000 4372414.00000 -122.1219
439842.00000 4372418.00000 -121.5620
439842.00000 4372422.00000 -122.1251
439842.00000 4372426.00000 -121.5289
439842.00000 4372430.00000 -121.2876
439842.00000 4372434.00000 -120.6996
439842.00000 4372438.00000 -118.8351
439842.00000 4372442.00000 -118.2689
439842.00000 4372446.00000 -111.9135
439842.00000 4372450.00000 -117.6950
439842.00000 4372454.00000 -108.0607
439842.00000 4372458.00000 -108.2654
439842.00000 4372462.00000 -108.3075
439842.00000 4372466.00000 -108.4317
439842.00000 4372470.00000 -108.5309
439842.00000 4372474.00000 -108.6059
439842.00000 4372478.00000 -108.4807
439846.00000 4371970.00000 -147.5122
439846.00000 4371974.00000 -152.0205
439846.00000 4371978.00000 -157.6277
439846.00000 4371982.00000 N.C.
439846.00000 4371986.00000 N.C.
439846.00000 4371990.00000 -141.1100
439846.00000 4371994.00000 -144.9960
439846.00000 4371998.00000 -138.6664
439846.00000 4372002.00000 N.C.
439846.00000 4372006.00000 N.C.
439846.00000 4372010.00000 -131.2328
439846.00000 4372014.00000 -135.7291
439846.00000 4372018.00000 N.C.
439846.00000 4372022.00000 N.C.
439846.00000 4372026.00000 N.C.
439846.00000 4372030.00000 N.C.
439846.00000 4372034.00000 -146.2789
439846.00000 4372038.00000 -152.7579
439846.00000 4372042.00000 -153.8528
439846.00000 4372046.00000 -149.1608
439846.00000 4372050.00000 -153.2394
439846.00000 4372054.00000 -149.4523
439846.00000 4372058.00000 -151.8856
439846.00000 4372062.00000 -151.7431
439846.00000 4372066.00000 -147.6310
439846.00000 4372070.00000 -126.1772
439846.00000 4372074.00000 -127.4032
439846.00000 4372078.00000 -122.0153
439846.00000 4372082.00000 -121.8038
439846.00000 4372086.00000 -121.2430
439846.00000 4372090.00000 -122.4605
439846.00000 4372094.00000 -124.1007
439846.00000 4372098.00000 N.C.
439846.00000 4372102.00000 N.C.
439846.00000 4372106.00000 N.C.
439846.00000 4372110.00000 N.C.
439846.00000 4372114.00000 N.C.
439846.00000 4372118.00000 N.C.
439846.00000 4372122.00000 -103.2678
439846.00000 4372126.00000 -104.3898
439846.00000 4372130.00000 -108.9382
439846.00000 4372134.00000 -113.0053
439846.00000 4372138.00000 N.C.
439846.00000 4372142.00000 N.C.
439846.00000 4372146.00000 N.C.
439846.00000 4372150.00000 N.C.
439846.00000 4372154.00000 N.C.
439846.00000 4372158.00000 -123.4723
439846.00000 4372162.00000 N.C.
439846.00000 4372166.00000 N.C.
439846.00000 4372170.00000 -102.5894
439846.00000 4372174.00000 -106.7154
439846.00000 4372178.00000 N.C.
439846.00000 4372182.00000 -103.4956
439846.00000 4372186.00000 N.C.
439846.00000 4372190.00000 -114.9297
439846.00000 4372194.00000 N.C.
439846.00000 4372198.00000 N.C.
439846.00000 4372202.00000 -114.6769
439846.00000 4372206.00000 N.C.
439846.00000 4372210.00000 -123.4010
439846.00000 4372214.00000 N.C.
439846.00000 4372218.00000 N.C.
439846.00000 4372222.00000 N.C.
439846.00000 4372226.00000 N.C.
439846.00000 4372230.00000 -103.7452
439846.00000 4372234.00000 N.C.
439846.00000 4372238.00000 -139.7430
439846.00000 4372242.00000 -122.5544
439846.00000 4372246.00000 N.C.
439846.00000 4372250.00000 N.C.
439846.00000 4372254.00000 -115.9690
439846.00000 4372258.00000 -109.4146
439846.00000 4372262.00000 -100.5691
439846.00000 4372266.00000 -102.0254
439846.00000 4372270.00000 N.C.
439846.00000 4372274.00000 -106.2120
439846.00000 4372278.00000 -106.7931
439846.00000 4372282.00000 -105.5465
439846.00000 4372286.00000 -103.8373
439846.00000 4372290.00000 N.C.
439846.00000 4372294.00000 -109.2590
439846.00000 4372298.00000 -108.3140
439846.00000 4372302.00000 -108.9073
439846.00000 4372306.00000 -116.3472
439846.00000 4372310.00000 -111.8230
439846.00000 4372314.00000 N.C.
439846.00000 4372318.00000 N.C.
439846.00000 4372322.00000 N.C.
439846.00000 4372326.00000 -109.1199
439846.00000 4372330.00000 N.C.
439846.00000 4372334.00000 -130.2099
439846.00000 4372338.00000 -114.9654
439846.00000 4372342.00000 N.C.
439846.00000 4372346.00000 N.C.
439846.00000 4372350.00000 N.C.
439846.00000 4372354.00000 -116.5789
439846.00000 4372358.00000 -123.4467
439846.00000 4372362.00000 -122.8673
439846.00000 4372366.00000 -125.2054
439846.00000 4372370.00000 -126.2316
439846.00000 4372374.00000 -126.9476
439846.00000 4372378.00000 -122.2648
439846.00000 4372382.00000 -122.5694
439846.00000 4372386.00000 -123.1617
439846.00000 4372390.00000 -121.1060
439846.00000 4372394.00000 -120.3974
439846.00000 4372398.00000 -120.4372
439846.00000 4372402.00000 -120.3405
439846.00000 4372406.00000 -116.9472
439846.00000 4372410.00000 -120.0531
439846.00000 4372414.00000 -120.3387
439846.00000 4372418.00000 -114.1077
439846.00000 4372422.00000 -114.2393
439846.00000 4372426.00000 -114.1866
439846.00000 4372430.00000 -112.9233
439846.00000 4372434.00000 -113.0238
439846.00000 4372438.00000 -110.0128
439846.00000 4372442.00000 -110.0023
439846.00000 4372446.00000 -113.0430
439846.00000 4372450.00000 -107.0827
439846.00000 4372454.00000 -107.2422
439846.00000 4372458.00000 -107.5481
439846.00000 4372462.00000 -107.6465
439846.00000 4372466.00000 -107.7234
439846.00000 4372470.00000 -107.8964
439846.00000 4372474.00000 -107.5674
439846.00000 4372478.00000 -107.8996
439850.00000 4371970.00000 -157.0478
439850.00000 4371974.00000 -150.9998
439850.00000 4371978.00000 -155.8930
439850.00000 4371982.00000 N.C.
439850.00000 4371986.00000 -137.2541
439850.00000 4371990.00000 -147.7463
439850.00000 4371994.00000 -159.0382
439850.00000 4371998.00000 -146.9212
439850.00000 4372002.00000 N.C.
439850.00000 4372006.00000 N.C.
439850.00000 4372010.00000 -135.1559
439850.00000 4372014.00000 N.C.
439850.00000 4372018.00000 N.C.
439850.00000 4372022.00000 N.C.
439850.00000 4372026.00000 N.C.
439850.00000 4372030.00000 N.C.
439850.00000 4372034.00000 -154.5981
439850.00000 4372038.00000 N.C.
439850.00000 4372042.00000 N.C.
439850.00000 4372046.00000 N.C.
439850.00000 4372050.00000 N.C.
439850.00000 4372054.00000 N.C.
439850.00000 4372058.00000 N.C.
439850.00000 4372062.00000 N.C.
439850.00000 4372066.00000 N.C.
439850.00000 4372070.00000 -154.5320
439850.00000 4372074.00000 N.C.
439850.00000 4372078.00000 -128.1594
439850.00000 4372082.00000 -121.2228
439850.00000 4372086.00000 -122.1117
439850.00000 4372090.00000 -121.8344
439850.00000 4372094.00000 -124.7955
439850.00000 4372098.00000 N.C.
439850.00000 4372102.00000 N.C.
439850.00000 4372106.00000 N.C.
439850.00000 4372110.00000 N.C.
439850.00000 4372114.00000 N.C.
439850.00000 4372118.00000 N.C.
439850.00000 4372122.00000 -107.8595
439850.00000 4372126.00000 -104.0828
439850.00000 4372130.00000 -108.3846
439850.00000 4372134.00000 -111.3110
439850.00000 4372138.00000 -107.8292
439850.00000 4372142.00000 -105.9877
439850.00000 4372146.00000 -105.7871
439850.00000 4372150.00000 -103.9516
439850.00000 4372154.00000 -117.9983
439850.00000 4372158.00000 -122.7280
439850.00000 4372162.00000 N.C.
439850.00000 4372166.00000 N.C.
439850.00000 4372170.00000 -103.0037
439850.00000 4372174.00000 -110.2383
439850.00000 4372178.00000 N.C.
439850.00000 4372182.00000 -111.1068
439850.00000 4372186.00000 N.C.
439850.00000 4372190.00000 -110.7894
439850.00000 4372194.00000 N.C.
439850.00000 4372198.00000 N.C.
439850.00000 4372202.00000 N.C.
439850.00000 4372206.00000 N.C.
439850.00000 4372210.00000 N.C.
439850.00000 4372214.00000 N.C.
439850.00000 4372218.00000 N.C.
439850.00000 4372222.00000 N.C.
439850.00000 4372226.00000 N.C.
439850.00000 4372230.00000 -103.7523
439850.00000 4372234.00000 N.C.
439850.00000 4372238.00000 -128.4314
439850.00000 4372242.00000 -123.8071
439850.00000 4372246.00000 N.C.
439850.00000 4372250.00000 N.C.
439850.00000 4372254.00000 -114.8615
439850.00000 4372258.00000 -113.8251
439850.00000 4372262.00000 -110.3603
439850.00000 4372266.00000 -105.3349
439850.00000 4372270.00000 N.C.
439850.00000 4372274.00000 -109.5295
439850.00000 4372278.00000 -104.1871
439850.00000 4372282.00000 -105.0661
439850.00000 4372286.00000 -103.0022
439850.00000 4372290.00000 N.C.
439850.00000 4372294.00000 -113.1104
439850.00000 4372298.00000 -111.7792
439850.00000 4372302.00000 -111.8676
439850.00000 4372306.00000 -115.4983
439850.00000 4372310.00000 -116.3343
439850.00000 4372314.00000 N.C.
439850.00000 4372318.00000 N.C.
439850.00000 4372322.00000 N.C.
439850.00000 4372326.00000 -114.1233
439850.00000 4372330.00000 N.C.
439850.00000 4372334.00000 -128.2487
439850.00000 4372338.00000 -113.7314
439850.00000 4372342.00000 N.C.
439850.00000 4372346.00000 N.C.
439850.00000 4372350.00000 N.C.
439850.00000 4372354.00000 -122.3934
439850.00000 4372358.00000 -124.7671
439850.00000 4372362.00000 -123.5027
439850.00000 4372366.00000 -126.0159
439850.00000 4372370.00000 -126.8501
439850.00000 4372374.00000 -122.0598
439850.00000 4372378.00000 -122.4075
439850.00000 4372382.00000 -122.4389
439850.00000 4372386.00000 -123.1670
439850.00000 4372390.00000 -115.4913
439850.00000 4372394.00000 -115.5164
439850.00000 4372398.00000 -115.5710
439850.00000 4372402.00000 -115.4994
439850.00000 4372406.00000 -115.6233
439850.00000 4372410.00000 -114.2955
439850.00000 4372414.00000 -115.7469
439850.00000 4372418.00000 -115.9211
439850.00000 4372422.00000 -117.7822
439850.00000 4372426.00000 -117.6969
439850.00000 4372430.00000 -116.4341
439850.00000 4372434.00000 -111.2355
439850.00000 4372438.00000 -111.2780
439850.00000 4372442.00000 -111.3426
439850.00000 4372446.00000 -107.4770
439850.00000 4372450.00000 -107.6578
439850.00000 4372454.00000 -107.7835
439850.00000 4372458.00000 -107.7007
439850.00000 4372462.00000 -107.8690
439850.00000 4372466.00000 -107.9566
439850.00000 4372470.00000 -107.7664
439850.00000 4372474.00000 -108.1248
439850.00000 4372478.00000 -108.2234
439854.00000 4371970.00000 -149.7038
439854.00000 4371974.00000 -164.6465
439854.00000 4371978.00000 N.C.
439854.00000 4371982.00000 N.C.
439854.00000 4371986.00000 N.C.
439854.00000 4371990.00000 N.C.
439854.00000 4371994.00000 N.C.
439854.00000 4371998.00000 -150.6886
439854.00000 4372002.00000 N.C.
439854.00000 4372006.00000 N.C.
439854.00000 4372010.00000 -135.0593
439854.00000 4372014.00000 N.C.
439854.00000 4372018.00000 N.C.
439854.00000 4372022.00000 N.C.
439854.00000 4372026.00000 N.C.
439854.00000 4372030.00000 N.C.
439854.00000 4372034.00000 -158.2383
439854.00000 4372038.00000 N.C.
439854.00000 4372042.00000 N.C.
439854.00000 4372046.00000 N.C.
439854.00000 4372050.00000 N.C.
439854.00000 4372054.00000 N.C.
439854.00000 4372058.00000 N.C.
439854.00000 4372062.00000 -137.2777
439854.00000 4372066.00000 N.C.
439854.00000 4372070.00000 -152.3175
439854.00000 4372074.00000 N.C.
439854.00000 4372078.00000 N.C.
439854.00000 4372082.00000 -122.2496
439854.00000 4372086.00000 -122.4624
439854.00000 4372090.00000 -122.2176
439854.00000 4372094.00000 -122.1127
439854.00000 4372098.00000 N.C.
439854.00000 4372102.00000 N.C.
439854.00000 4372106.00000 N.C.
439854.00000 4372110.00000 N.C.
439854.00000 4372114.00000 N.C.
439854.00000 4372118.00000 N.C.
439854.00000 4372122.00000 -116.0364
439854.00000 4372126.00000 -114.0088
439854.00000 4372130.00000 -116.6403
439854.00000 4372134.00000 -108.6784
439854.00000 4372138.00000 -111.7234
439854.00000 4372142.00000 -108.1110
439854.00000 4372146.00000 -105.7503
439854.00000 4372150.00000 -102.0960
439854.00000 4372154.00000 -113.9037
439854.00000 4372158.00000 -123.1553
439854.00000 4372162.00000 N.C.
439854.00000 4372166.00000 N.C.
439854.00000 4372170.00000 -103.1453
439854.00000 4372174.00000 -109.5566
439854.00000 4372178.00000 N.C.
439854.00000 4372182.00000 -112.6102
439854.00000 4372186.00000 -116.0902
439854.00000 4372190.00000 -111.1820
439854.00000 4372194.00000 N.C.
439854.00000 4372198.00000 N.C.
439854.00000 4372202.00000 N.C.
439854.00000 4372206.00000 N.C.
439854.00000 4372210.00000 N.C.
439854.00000 4372214.00000 -130.4375
439854.00000 4372218.00000 -133.5411
439854.00000 4372222.00000 -133.7608
439854.00000 4372226.00000 -131.4906
439854.00000 4372230.00000 -106.0500
439854.00000 4372234.00000 N.C.
439854.00000 4372238.00000 N.C.
439854.00000 4372242.00000 N.C.
439854.00000 4372246.00000 N.C.
439854.00000 4372250.00000 N.C.
439854.00000 4372254.00000 -120.7815
439854.00000 4372258.00000 -116.2715
439854.00000 4372262.00000 -115.9861
439854.00000 4372266.00000 -105.8808
439854.00000 4372270.00000 N.C.
439854.00000 4372274.00000 -107.7662
439854.00000 4372278.00000 -106.7480
439854.00000 4372282.00000 -111.7270
439854.00000 4372286.00000 -101.4037
439854.00000 4372290.00000 N.C.
439854.00000 4372294.00000 N.C.
439854.00000 4372298.00000 -114.4815
439854.00000 4372302.00000 -110.8042
439854.00000 4372306.00000 -112.2777
439854.00000 4372310.00000 -123.6293
439854.00000 4372314.00000 -111.0494
439854.00000 4372318.00000 -136.4638
439854.00000 4372322.00000 N.C.
439854.00000 4372326.00000 N.C.
439854.00000 4372330.00000 N.C.
439854.00000 4372334.00000 -124.8602
439854.00000 4372338.00000 -127.1832
439854.00000 4372342.00000 N.C.
439854.00000 4372346.00000 N.C.
439854.00000 4372350.00000 N.C.
439854.00000 4372354.00000 -129.3201
439854.00000 4372358.00000 -125.7876
439854.00000 4372362.00000 -123.7985
439854.00000 4372366.00000 -126.8549
439854.00000 4372370.00000 -127.5690
439854.00000 4372374.00000 -122.1598
439854.00000 4372378.00000 -122.2825
439854.00000 4372382.00000 -122.2391
439854.00000 4372386.00000 -122.6566
439854.00000 4372390.00000 -121.1120
439854.00000 4372394.00000 -121.0591
439854.00000 4372398.00000 -121.0847
439854.00000 4372402.00000 -121.1213
439854.00000 4372406.00000 -120.7139
439854.00000 4372410.00000 -120.8417
439854.00000 4372414.00000 -117.4720
439854.00000 4372418.00000 -120.1819
439854.00000 4372422.00000 -118.4911
439854.00000 4372426.00000 -118.5490
439854.00000 4372430.00000 -118.2255
439854.00000 4372434.00000 -111.5862
439854.00000 4372438.00000 -118.1530
439854.00000 4372442.00000 -107.4795
439854.00000 4372446.00000 -107.5332
439854.00000 4372450.00000 -107.7651
439854.00000 4372454.00000 -107.8978
439854.00000 4372458.00000 -108.0743
439854.00000 4372462.00000 -108.1838
439854.00000 4372466.00000 -107.9962
439854.00000 4372470.00000 -108.3308
439854.00000 4372474.00000 -108.4366
439854.00000 4372478.00000 -108.4999
439858.00000 4371970.00000 -144.7454
439858.00000 4371974.00000 -150.0521
439858.00000 4371978.00000 -152.3918
439858.00000 4371982.00000 -155.0812
439858.00000 4371986.00000 -147.6548
439858.00000 4371990.00000 -148.5930
439858.00000 4371994.00000 N.C.
439858.00000 4371998.00000 -143.4147
439858.00000 4372002.00000 N.C.
439858.00000 4372006.00000 N.C.
439858.00000 4372010.00000 -135.0206
439858.00000 4372014.00000 N.C.
439858.00000 4372018.00000 N.C.
439858.00000 4372022.00000 N.C.
439858.00000 4372026.00000 N.C.
439858.00000 4372030.00000 N.C.
439858.00000 4372034.00000 N.C.
439858.00000 4372038.00000 N.C.
439858.00000 4372042.00000 -140.3137
439858.00000 4372046.00000 N.C.
439858.00000 4372050.00000 N.C.
439858.00000 4372054.00000 N.C.
439858.00000 4372058.00000 -134.2312
439858.00000 4372062.00000 -141.2788
439858.00000 4372066.00000 N.C.
439858.00000 4372070.00000 N.C.
439858.00000 4372074.00000 N.C.
439858.00000 4372078.00000 N.C.
439858.00000 4372082.00000 -122.5930
439858.00000 4372086.00000 -125.4617
439858.00000 4372090.00000 -122.9377
439858.00000 4372094.00000 -122.6915
439858.00000 4372098.00000 -120.5681
439858.00000 4372102.00000 -109.7413
439858.00000 4372106.00000 -105.2245
439858.00000 4372110.00000 -109.5680
439858.00000 4372114.00000 -109.6532
439858.00000 4372118.00000 -109.2460
439858.00000 4372122.00000 -124.0485
439858.00000 4372126.00000 -126.4441
439858.00000 4372130.00000 -128.5928
439858.00000 4372134.00000 -108.3842
439858.00000 4372138.00000 -113.3260
439858.00000 4372142.00000 -107.4579
439858.00000 4372146.00000 -105.4201
439858.00000 4372150.00000 -107.8090
439858.00000 4372154.00000 -103.5605
439858.00000 4372158.00000 -121.6920
439858.00000 4372162.00000 N.C.
439858.00000 4372166.00000 N.C.
439858.00000 4372170.00000 -107.3667
439858.00000 4372174.00000 -108.8986
439858.00000 4372178.00000 N.C.
439858.00000 4372182.00000 N.C.
439858.00000 4372186.00000 N.C.
439858.00000 4372190.00000 -112.2922
439858.00000 4372194.00000 N.C.
439858.00000 4372198.00000 N.C.
439858.00000 4372202.00000 -108.7661
439858.00000 4372206.00000 -108.1304
439858.00000 4372210.00000 -111.6446
439858.00000 4372214.00000 N.C.
439858.00000 4372218.00000 N.C.
439858.00000 4372222.00000 N.C.
439858.00000 4372226.00000 N.C.
439858.00000 4372230.00000 -110.2670
439858.00000 4372234.00000 N.C.
439858.00000 4372238.00000 N.C.
439858.00000 4372242.00000 N.C.
439858.00000 4372246.00000 N.C.
439858.00000 4372250.00000 N.C.
439858.00000 4372254.00000 -119.2952
439858.00000 4372258.00000 N.C.
439858.00000 4372262.00000 N.C.
439858.00000 4372266.00000 N.C.
439858.00000 4372270.00000 N.C.
439858.00000 4372274.00000 -104.7122
439858.00000 4372278.00000 -106.3896
439858.00000 4372282.00000 -114.5032
439858.00000 4372286.00000 -101.5086
439858.00000 4372290.00000 N.C.
439858.00000 4372294.00000 N.C.
439858.00000 4372298.00000 -115.7469
439858.00000 4372302.00000 N.C.
439858.00000 4372306.00000 -113.9772
439858.00000 4372310.00000 N.C.
439858.00000 4372314.00000 N.C.
439858.00000 4372318.00000 -160.4609
439858.00000 4372322.00000 -146.3640
439858.00000 4372326.00000 N.C.
439858.00000 4372330.00000 N.C.
439858.00000 4372334.00000 -123.5922
439858.00000 4372338.00000 N.C.
439858.00000 4372342.00000 -124.1413
439858.00000 4372346.00000 -124.4208
439858.00000 4372350.00000 N.C.
439858.00000 4372354.00000 -127.5516
439858.00000 4372358.00000 -128.1740
439858.00000 4372362.00000 -127.0510
439858.00000 4372366.00000 -128.0319
439858.00000 4372370.00000 -122.4906
439858.00000 4372374.00000 -122.0658
439858.00000 4372378.00000 -122.1628
439858.00000 4372382.00000 -122.1642
439858.00000 4372386.00000 -122.2388
439858.00000 4372390.00000 -121.4463
439858.00000 4372394.00000 -121.3628
439858.00000 4372398.00000 -121.5837
439858.00000 4372402.00000 -121.2793
439858.00000 4372406.00000 -121.3566
439858.00000 4372410.00000 -121.2824
439858.00000 4372414.00000 -121.1489
439858.00000 4372418.00000 -117.4706
439858.00000 4372422.00000 -118.6311
439858.00000 4372426.00000 -118.4336
439858.00000 4372430.00000 -111.4649
439858.00000 4372434.00000 -118.0901
439858.00000 4372438.00000 -107.2795
439858.00000 4372442.00000 -107.3660
439858.00000 4372446.00000 -107.5557
439858.00000 4372450.00000 -107.7825
439858.00000 4372454.00000 -107.8896
439858.00000 4372458.00000 -107.7095
439858.00000 4372462.00000 -107.8116
439858.00000 4372466.00000 -108.2022
439858.00000 4372470.00000 -108.3093
439858.00000 4372474.00000 -108.2912
439858.00000 4372478.00000 -108.4291
439862.00000 4371970.00000 -142.3591
439862.00000 4371974.00000 N.C.
439862.00000 4371978.00000 -149.1114
439862.00000 4371982.00000 N.C.
439862.00000 4371986.00000 N.C.
439862.00000 4371990.00000 -148.6869
439862.00000 4371994.00000 N.C.
439862.00000 4371998.00000 -142.7531
439862.00000 4372002.00000 N.C.
439862.00000 4372006.00000 N.C.
439862.00000 4372010.00000 -142.4477
439862.00000 4372014.00000 N.C.
439862.00000 4372018.00000 N.C.
439862.00000 4372022.00000 N.C.
439862.00000 4372026.00000 N.C.
439862.00000 4372030.00000 N.C.
439862.00000 4372034.00000 N.C.
439862.00000 4372038.00000 -143.7719
439862.00000 4372042.00000 -188.6477
439862.00000 4372046.00000 N.C.
439862.00000 4372050.00000 N.C.
439862.00000 4372054.00000 N.C.
439862.00000 4372058.00000 -134.5754
439862.00000 4372062.00000 -137.6476
439862.00000 4372066.00000 N.C.
439862.00000 4372070.00000 N.C.
439862.00000 4372074.00000 N.C.
439862.00000 4372078.00000 N.C.
439862.00000 4372082.00000 -123.9367
439862.00000 4372086.00000 -125.6527
439862.00000 4372090.00000 -125.4224
439862.00000 4372094.00000 -121.5904
439862.00000 4372098.00000 -121.4675
439862.00000 4372102.00000 -118.7232
439862.00000 4372106.00000 -109.5586
439862.00000 4372110.00000 -109.5469
439862.00000 4372114.00000 -109.4144
439862.00000 4372118.00000 -108.6673
439862.00000 4372122.00000 -129.5787
439862.00000 4372126.00000 N.C.
439862.00000 4372130.00000 N.C.
439862.00000 4372134.00000 -122.4139
439862.00000 4372138.00000 -121.8737
439862.00000 4372142.00000 -121.7602
439862.00000 4372146.00000 -120.5628
439862.00000 4372150.00000 -121.6199
439862.00000 4372154.00000 -103.4051
439862.00000 4372158.00000 -119.6780
439862.00000 4372162.00000 N.C.
439862.00000 4372166.00000 N.C.
439862.00000 4372170.00000 -104.6244
439862.00000 4372174.00000 -111.2208
439862.00000 4372178.00000 N.C.
439862.00000 4372182.00000 N.C.
439862.00000 4372186.00000 N.C.
439862.00000 4372190.00000 N.C.
439862.00000 4372194.00000 N.C.
439862.00000 4372198.00000 N.C.
439862.00000 4372202.00000 -112.0934
439862.00000 4372206.00000 -113.1080
439862.00000 4372210.00000 -112.5877
439862.00000 4372214.00000 N.C.
439862.00000 4372218.00000 N.C.
439862.00000 4372222.00000 N.C.
439862.00000 4372226.00000 N.C.
439862.00000 4372230.00000 -110.8514
439862.00000 4372234.00000 N.C.
439862.00000 4372238.00000 N.C.
439862.00000 4372242.00000 N.C.
439862.00000 4372246.00000 N.C.
439862.00000 4372250.00000 N.C.
439862.00000 4372254.00000 -123.3984
439862.00000 4372258.00000 N.C.
439862.00000 4372262.00000 N.C.
439862.00000 4372266.00000 N.C.
439862.00000 4372270.00000 N.C.
439862.00000 4372274.00000 N.C.
439862.00000 4372278.00000 -105.7879
439862.00000 4372282.00000 -102.1485
439862.00000 4372286.00000 -100.8636
439862.00000 4372290.00000 N.C.
439862.00000 4372294.00000 N.C.
439862.00000 4372298.00000 -114.5953
439862.00000 4372302.00000 -106.2817
439862.00000 4372306.00000 -112.7794
439862.00000 4372310.00000 N.C.
439862.00000 4372314.00000 N.C.
439862.00000 4372318.00000 N.C.
439862.00000 4372322.00000 N.C.
439862.00000 4372326.00000 N.C.
439862.00000 4372330.00000 N.C.
439862.00000 4372334.00000 -123.6858
439862.00000 4372338.00000 N.C.
439862.00000 4372342.00000 -130.0341
439862.00000 4372346.00000 N.C.
439862.00000 4372350.00000 N.C.
439862.00000 4372354.00000 -130.7063
439862.00000 4372358.00000 -128.1197
439862.00000 4372362.00000 -129.1435
439862.00000 4372366.00000 -129.3607
439862.00000 4372370.00000 -122.2302
439862.00000 4372374.00000 -121.9137
439862.00000 4372378.00000 -121.9402
439862.00000 4372382.00000 -121.8666
439862.00000 4372386.00000 -121.4409
439862.00000 4372390.00000 -121.4042
439862.00000 4372394.00000 -121.9737
439862.00000 4372398.00000 -121.9407
439862.00000 4372402.00000 -121.0687
439862.00000 4372406.00000 -121.5771
439862.00000 4372410.00000 -121.5150
439862.00000 4372414.00000 -120.4336
439862.00000 4372418.00000 -118.5130
439862.00000 4372422.00000 -116.2419
439862.00000 4372426.00000 -111.2606
439862.00000 4372430.00000 -117.8384
439862.00000 4372434.00000 -107.0763
439862.00000 4372438.00000 -107.2489
439862.00000 4372442.00000 -107.3859
439862.00000 4372446.00000 -107.5733
439862.00000 4372450.00000 -107.6921
439862.00000 4372454.00000 -107.5146
439862.00000 4372458.00000 -107.6156
439862.00000 4372462.00000 -108.0014
439862.00000 4372466.00000 -108.1112
439862.00000 4372470.00000 -108.1536
439862.00000 4372474.00000 -108.2766
439862.00000 4372478.00000 -108.3052
439866.00000 4371970.00000 -147.4365
439866.00000 4371974.00000 N.C.
439866.00000 4371978.00000 -157.0236
439866.00000 4371982.00000 N.C.
439866.00000 4371986.00000 N.C.
439866.00000 4371990.00000 -147.5515
439866.00000 4371994.00000 N.C.
439866.00000 4371998.00000 -140.8537
439866.00000 4372002.00000 N.C.
439866.00000 4372006.00000 N.C.
439866.00000 4372010.00000 -151.8429
439866.00000 4372014.00000 N.C.
439866.00000 4372018.00000 N.C.
439866.00000 4372022.00000 N.C.
439866.00000 4372026.00000 N.C.
439866.00000 4372030.00000 N.C.
439866.00000 4372034.00000 N.C.
439866.00000 4372038.00000 -142.3759
439866.00000 4372042.00000 N.C.
439866.00000 4372046.00000 N.C.
439866.00000 4372050.00000 N.C.
439866.00000 4372054.00000 N.C.
439866.00000 4372058.00000 -146.3945
439866.00000 4372062.00000 -141.0543
439866.00000 4372066.00000 N.C.
439866.00000 4372070.00000 N.C.
439866.00000 4372074.00000 N.C.
439866.00000 4372078.00000 N.C.
439866.00000 4372082.00000 -123.9958
439866.00000 4372086.00000 -123.7318
439866.00000 4372090.00000 -125.5170
439866.00000 4372094.00000 -123.6464
439866.00000 4372098.00000 -122.2036
439866.00000 4372102.00000 -121.4873
439866.00000 4372106.00000 -120.4125
439866.00000 4372110.00000 -106.3445
439866.00000 4372114.00000 -109.2870
439866.00000 4372118.00000 -109.2022
439866.00000 4372122.00000 -125.1886
439866.00000 4372126.00000 N.C.
439866.00000 4372130.00000 N.C.
439866.00000 4372134.00000 N.C.
439866.00000 4372138.00000 N.C.
439866.00000 4372142.00000 N.C.
439866.00000 4372146.00000 N.C.
439866.00000 4372150.00000 N.C.
439866.00000 4372154.00000 -103.3501
439866.00000 4372158.00000 -113.5332
439866.00000 4372162.00000 N.C.
439866.00000 4372166.00000 N.C.
439866.00000 4372170.00000 -104.2241
439866.00000 4372174.00000 -111.9144
439866.00000 4372178.00000 N.C.
439866.00000 4372182.00000 N.C.
439866.00000 4372186.00000 N.C.
439866.00000 4372190.00000 N.C.
439866.00000 4372194.00000 N.C.
439866.00000 4372198.00000 N.C.
439866.00000 4372202.00000 -117.0190
439866.00000 4372206.00000 -115.6891
439866.00000 4372210.00000 -113.9535
439866.00000 4372214.00000 N.C.
439866.00000 4372218.00000 N.C.
439866.00000 4372222.00000 N.C.
439866.00000 4372226.00000 N.C.
439866.00000 4372230.00000 -107.5483
439866.00000 4372234.00000 N.C.
439866.00000 4372238.00000 N.C.
439866.00000 4372242.00000 -119.1516
439866.00000 4372246.00000 N.C.
439866.00000 4372250.00000 N.C.
439866.00000 4372254.00000 -122.0605
439866.00000 4372258.00000 N.C.
439866.00000 4372262.00000 N.C.
439866.00000 4372266.00000 N.C.
439866.00000 4372270.00000 N.C.
439866.00000 4372274.00000 N.C.
439866.00000 4372278.00000 -109.2602
439866.00000 4372282.00000 -106.2688
439866.00000 4372286.00000 -105.5411
439866.00000 4372290.00000 N.C.
439866.00000 4372294.00000 N.C.
439866.00000 4372298.00000 -114.8775
439866.00000 4372302.00000 -107.2570
439866.00000 4372306.00000 -107.9145
439866.00000 4372310.00000 N.C.
439866.00000 4372314.00000 N.C.
439866.00000 4372318.00000 N.C.
439866.00000 4372322.00000 N.C.
439866.00000 4372326.00000 N.C.
439866.00000 4372330.00000 N.C.
439866.00000 4372334.00000 -121.1670
439866.00000 4372338.00000 N.C.
439866.00000 4372342.00000 -129.1831
439866.00000 4372346.00000 N.C.
439866.00000 4372350.00000 N.C.
439866.00000 4372354.00000 -130.1425
439866.00000 4372358.00000 -130.0313
439866.00000 4372362.00000 -129.8722
439866.00000 4372366.00000 -130.4867
439866.00000 4372370.00000 -122.2189
439866.00000 4372374.00000 -122.1264
439866.00000 4372378.00000 -122.4775
439866.00000 4372382.00000 -122.4853
439866.00000 4372386.00000 -122.1601
439866.00000 4372390.00000 -122.0170
439866.00000 4372394.00000 -122.3439
439866.00000 4372398.00000 -121.7103
439866.00000 4372402.00000 -122.4196
439866.00000 4372406.00000 -121.8441
439866.00000 4372410.00000 -118.4636
439866.00000 4372414.00000 -118.4124
439866.00000 4372418.00000 -118.4497
439866.00000 4372422.00000 -111.2401
439866.00000 4372426.00000 -117.9155
439866.00000 4372430.00000 -106.6724
439866.00000 4372434.00000 -107.0317
439866.00000 4372438.00000 -107.2220
439866.00000 4372442.00000 -107.3764
439866.00000 4372446.00000 -107.4834
439866.00000 4372450.00000 -107.5955
439866.00000 4372454.00000 -107.3788
439866.00000 4372458.00000 -107.8033
439866.00000 4372462.00000 -107.9107
439866.00000 4372466.00000 -108.0186
439866.00000 4372470.00000 -108.0586
439866.00000 4372474.00000 -108.1748
439866.00000 4372478.00000 -108.2296
439870.00000 4371970.00000 -150.9678
439870.00000 4371974.00000 N.C.
439870.00000 4371978.00000 N.C.
439870.00000 4371982.00000 N.C.
439870.00000 4371986.00000 -146.9102
439870.00000 4371990.00000 -146.5120
439870.00000 4371994.00000 N.C.
439870.00000 4371998.00000 -140.2197
439870.00000 4372002.00000 N.C.
439870.00000 4372006.00000 N.C.
439870.00000 4372010.00000 -143.5229
439870.00000 4372014.00000 -156.8328
439870.00000 4372018.00000 N.C.
439870.00000 4372022.00000 N.C.
439870.00000 4372026.00000 N.C.
439870.00000 4372030.00000 N.C.
439870.00000 4372034.00000 N.C.
439870.00000 4372038.00000 N.C.
439870.00000 4372042.00000 N.C.
439870.00000 4372046.00000 N.C.
439870.00000 4372050.00000 N.C.
439870.00000 4372054.00000 N.C.
439870.00000 4372058.00000 N.C.
439870.00000 4372062.00000 -152.3751
439870.00000 4372066.00000 N.C.
439870.00000 4372070.00000 N.C.
439870.00000 4372074.00000 N.C.
439870.00000 4372078.00000 N.C.
439870.00000 4372082.00000 -124.2220
439870.00000 4372086.00000 -121.7698
439870.00000 4372090.00000 -124.2418
439870.00000 4372094.00000 -123.6143
439870.00000 4372098.00000 -123.8623
439870.00000 4372102.00000 -122.1787
439870.00000 4372106.00000 -121.2709
439870.00000 4372110.00000 -116.3186
439870.00000 4372114.00000 -116.0585
439870.00000 4372118.00000 -117.0641
439870.00000 4372122.00000 -126.4071
439870.00000 4372126.00000 N.C.
439870.00000 4372130.00000 N.C.
439870.00000 4372134.00000 N.C.
439870.00000 4372138.00000 N.C.
439870.00000 4372142.00000 N.C.
439870.00000 4372146.00000 N.C.
439870.00000 4372150.00000 N.C.
439870.00000 4372154.00000 -115.6100
439870.00000 4372158.00000 -103.3553
439870.00000 4372162.00000 N.C.
439870.00000 4372166.00000 N.C.
439870.00000 4372170.00000 -105.5335
439870.00000 4372174.00000 -110.1477
439870.00000 4372178.00000 N.C.
439870.00000 4372182.00000 N.C.
439870.00000 4372186.00000 N.C.
439870.00000 4372190.00000 N.C.
439870.00000 4372194.00000 N.C.
439870.00000 4372198.00000 N.C.
439870.00000 4372202.00000 N.C.
439870.00000 4372206.00000 N.C.
439870.00000 4372210.00000 N.C.
439870.00000 4372214.00000 N.C.
439870.00000 4372218.00000 N.C.
439870.00000 4372222.00000 N.C.
439870.00000 4372226.00000 N.C.
439870.00000 4372230.00000 N.C.
439870.00000 4372234.00000 N.C.
439870.00000 4372238.00000 N.C.
439870.00000 4372242.00000 -119.5644
439870.00000 4372246.00000 N.C.
439870.00000 4372250.00000 N.C.
439870.00000 4372254.00000 -120.8464
439870.00000 4372258.00000 N.C.
439870.00000 4372262.00000 N.C.
439870.00000 4372266.00000 N.C.
439870.00000 4372270.00000 N.C.
439870.00000 4372274.00000 N.C.
439870.00000 4372278.00000 -105.5054
439870.00000 4372282.00000 -106.1723
439870.00000 4372286.00000 -108.2460
439870.00000 4372290.00000 N.C.
439870.00000 4372294.00000 N.C.
439870.00000 4372298.00000 N.C.
439870.00000 4372302.00000 N.C.
439870.00000 4372306.00000 -108.4289
439870.00000 4372310.00000 N.C.
439870.00000 4372314.00000 N.C.
439870.00000 4372318.00000 -107.0568
439870.00000 4372322.00000 -105.3380
439870.00000 4372326.00000 N.C.
439870.00000 4372330.00000 N.C.
439870.00000 4372334.00000 -108.4056
439870.00000 4372338.00000 N.C.
439870.00000 4372342.00000 -130.3379
439870.00000 4372346.00000 N.C.
439870.00000 4372350.00000 N.C.
439870.00000 4372354.00000 -129.6125
439870.00000 4372358.00000 -130.6984
439870.00000 4372362.00000 -130.7206
439870.00000 4372366.00000 -122.3017
439870.00000 4372370.00000 -122.1171
439870.00000 4372374.00000 -122.1064
439870.00000 4372378.00000 -122.4372
439870.00000 4372382.00000 -122.4910
439870.00000 4372386.00000 -121.9847
439870.00000 4372390.00000 -121.6066
439870.00000 4372394.00000 -122.5800
439870.00000 4372398.00000 -121.9682
439870.00000 4372402.00000 -122.3087
439870.00000 4372406.00000 -120.5884
439870.00000 4372410.00000 -120.6826
439870.00000 4372414.00000 -111.0423
439870.00000 4372418.00000 -111.1194
439870.00000 4372422.00000 -117.9050
439870.00000 4372426.00000 -106.6455
439870.00000 4372430.00000 -106.8329
439870.00000 4372434.00000 -106.8694
439870.00000 4372438.00000 -107.1522
439870.00000 4372442.00000 -107.2790
439870.00000 4372446.00000 -107.1084
439870.00000 4372450.00000 -107.4938
439870.00000 4372454.00000 -107.6087
439870.00000 4372458.00000 -107.7166
439870.00000 4372462.00000 -107.8266
439870.00000 4372466.00000 -107.8714
439870.00000 4372470.00000 -108.0076
439870.00000 4372474.00000 -108.0513
439870.00000 4372478.00000 -108.1473
439874.00000 4371970.00000 -149.9138
439874.00000 4371974.00000 -144.2230
439874.00000 4371978.00000 -157.7468
439874.00000 4371982.00000 -148.7775
439874.00000 4371986.00000 -147.8948
439874.00000 4371990.00000 -144.5740
439874.00000 4371994.00000 N.C.
439874.00000 4371998.00000 -146.4620
439874.00000 4372002.00000 N.C.
439874.00000 4372006.00000 N.C.
439874.00000 4372010.00000 -152.5743
439874.00000 4372014.00000 N.C.
439874.00000 4372018.00000 N.C.
439874.00000 4372022.00000 N.C.
439874.00000 4372026.00000 N.C.
439874.00000 4372030.00000 N.C.
439874.00000 4372034.00000 N.C.
439874.00000 4372038.00000 -128.0047
439874.00000 4372042.00000 -130.5643
439874.00000 4372046.00000 -129.8353
439874.00000 4372050.00000 -137.7116
439874.00000 4372054.00000 N.C.
439874.00000 4372058.00000 N.C.
439874.00000 4372062.00000 N.C.
439874.00000 4372066.00000 N.C.
439874.00000 4372070.00000 N.C.
439874.00000 4372074.00000 N.C.
439874.00000 4372078.00000 N.C.
439874.00000 4372082.00000 -121.9550
439874.00000 4372086.00000 -122.8721
439874.00000 4372090.00000 -124.2015
439874.00000 4372094.00000 -123.8219
439874.00000 4372098.00000 -124.1313
439874.00000 4372102.00000 -124.3519
439874.00000 4372106.00000 -122.6336
439874.00000 4372110.00000 -120.7170
439874.00000 4372114.00000 -112.8765
439874.00000 4372118.00000 -116.6635
439874.00000 4372122.00000 -117.0481
439874.00000 4372126.00000 -127.3294
439874.00000 4372130.00000 -131.3603
439874.00000 4372134.00000 -125.7750
439874.00000 4372138.00000 -123.5977
439874.00000 4372142.00000 -126.6306
439874.00000 4372146.00000 -121.6985
439874.00000 4372150.00000 -120.5706
439874.00000 4372154.00000 -118.5033
439874.00000 4372158.00000 -119.4516
439874.00000 4372162.00000 -113.9157
439874.00000 4372166.00000 -109.6187
439874.00000 4372170.00000 -104.4182
439874.00000 4372174.00000 -106.6497
439874.00000 4372178.00000 N.C.
439874.00000 4372182.00000 N.C.
439874.00000 4372186.00000 N.C.
439874.00000 4372190.00000 -116.1779
439874.00000 4372194.00000 -115.9194
439874.00000 4372198.00000 -105.5606
439874.00000 4372202.00000 -117.8232
439874.00000 4372206.00000 -118.8918
439874.00000 4372210.00000 -111.4179
439874.00000 4372214.00000 -99.0719
439874.00000 4372218.00000 -101.1285
439874.00000 4372222.00000 -100.1128
439874.00000 4372226.00000 N.C.
439874.00000 4372230.00000 -100.4592
439874.00000 4372234.00000 N.C.
439874.00000 4372238.00000 -101.5035
439874.00000 4372242.00000 -120.3087
439874.00000 4372246.00000 -126.7894
439874.00000 4372250.00000 -125.4163
439874.00000 4372254.00000 -122.0547
439874.00000 4372258.00000 -126.6604
439874.00000 4372262.00000 -126.8290
439874.00000 4372266.00000 -109.0970
439874.00000 4372270.00000 -115.1584
439874.00000 4372274.00000 -112.8130
439874.00000 4372278.00000 -107.9320
439874.00000 4372282.00000 -104.5121
439874.00000 4372286.00000 -103.4317
439874.00000 4372290.00000 -108.6243
439874.00000 4372294.00000 -106.3774
439874.00000 4372298.00000 -108.0350
439874.00000 4372302.00000 -105.3693
439874.00000 4372306.00000 -112.0002
439874.00000 4372310.00000 -115.4448
439874.00000 4372314.00000 -109.1593
439874.00000 4372318.00000 -106.0473
439874.00000 4372322.00000 -106.5486
439874.00000 4372326.00000 -114.0060
439874.00000 4372330.00000 -115.5141
439874.00000 4372334.00000 -119.9397
439874.00000 4372338.00000 -127.2184
439874.00000 4372342.00000 -129.0477
439874.00000 4372346.00000 N.C.
439874.00000 4372350.00000 N.C.
439874.00000 4372354.00000 -131.5369
439874.00000 4372358.00000 -131.2052
439874.00000 4372362.00000 -132.1797
439874.00000 4372366.00000 -122.1702
439874.00000 4372370.00000 -122.0208
439874.00000 4372374.00000 -122.1009
439874.00000 4372378.00000 -122.0325
439874.00000 4372382.00000 -121.7471
439874.00000 4372386.00000 -121.8746
439874.00000 4372390.00000 -121.9567
439874.00000 4372394.00000 -121.5564
439874.00000 4372398.00000 -121.8021
439874.00000 4372402.00000 -121.2210
439874.00000 4372406.00000 -120.3323
439874.00000 4372410.00000 -118.1274
439874.00000 4372414.00000 -110.9491
439874.00000 4372418.00000 -117.7402
439874.00000 4372422.00000 -106.4112
439874.00000 4372426.00000 -106.7087
439874.00000 4372430.00000 -106.8192
439874.00000 4372434.00000 -106.9334
439874.00000 4372438.00000 -106.9011
439874.00000 4372442.00000 -107.1737
439874.00000 4372446.00000 -107.2845
439874.00000 4372450.00000 -107.4022
439874.00000 4372454.00000 -107.5177
439874.00000 4372458.00000 -107.6236
439874.00000 4372462.00000 -107.6738
439874.00000 4372466.00000 -107.8177
439874.00000 4372470.00000 -107.8913
439874.00000 4372474.00000 -108.0385
439874.00000 4372478.00000 -108.1419
439878.00000 4371970.00000 -140.8016
439878.00000 4371974.00000 N.C.
439878.00000 4371978.00000 N.C.
439878.00000 4371982.00000 N.C.
439878.00000 4371986.00000 N.C.
439878.00000 4371990.00000 -123.5670
439878.00000 4371994.00000 N.C.
439878.00000 4371998.00000 -142.2603
439878.00000 4372002.00000 N.C.
439878.00000 4372006.00000 N.C.
439878.00000 4372010.00000 -130.6452
439878.00000 4372014.00000 N.C.
439878.00000 4372018.00000 N.C.
439878.00000 4372022.00000 N.C.
439878.00000 4372026.00000 N.C.
439878.00000 4372030.00000 N.C.
439878.00000 4372034.00000 -124.8224
439878.00000 4372038.00000 -124.9418
439878.00000 4372042.00000 -125.7081
439878.00000 4372046.00000 -125.6139
439878.00000 4372050.00000 -125.4709
439878.00000 4372054.00000 -124.8535
439878.00000 4372058.00000 -121.3844
439878.00000 4372062.00000 -121.8103
439878.00000 4372066.00000 -116.0100
439878.00000 4372070.00000 -117.0685
439878.00000 4372074.00000 -119.3011
439878.00000 4372078.00000 -120.0432
439878.00000 4372082.00000 -122.0809
439878.00000 4372086.00000 -121.7334
439878.00000 4372090.00000 -122.2897
439878.00000 4372094.00000 -121.5236
439878.00000 4372098.00000 -122.3537
439878.00000 4372102.00000 -122.2668
439878.00000 4372106.00000 -122.2146
439878.00000 4372110.00000 -120.0688
439878.00000 4372114.00000 -118.1011
439878.00000 4372118.00000 -113.7970
439878.00000 4372122.00000 -116.1988
439878.00000 4372126.00000 -121.9477
439878.00000 4372130.00000 -124.0500
439878.00000 4372134.00000 -122.3902
439878.00000 4372138.00000 -122.8437
439878.00000 4372142.00000 -123.0195
439878.00000 4372146.00000 -123.6000
439878.00000 4372150.00000 -123.4364
439878.00000 4372154.00000 -123.6413
439878.00000 4372158.00000 -122.8861
439878.00000 4372162.00000 -110.6929
439878.00000 4372166.00000 -121.4626
439878.00000 4372170.00000 -101.8722
439878.00000 4372174.00000 -105.7937
439878.00000 4372178.00000 -114.8196
439878.00000 4372182.00000 -117.8381
439878.00000 4372186.00000 -116.9991
439878.00000 4372190.00000 -116.9372
439878.00000 4372194.00000 -117.9181
439878.00000 4372198.00000 -107.9514
439878.00000 4372202.00000 -118.6715
439878.00000 4372206.00000 -120.2778
439878.00000 4372210.00000 -119.7901
439878.00000 4372214.00000 -99.0239
439878.00000 4372218.00000 -100.4851
439878.00000 4372222.00000 -100.2653
439878.00000 4372226.00000 -98.5441
439878.00000 4372230.00000 -101.3571
439878.00000 4372234.00000 -101.7686
439878.00000 4372238.00000 -101.0526
439878.00000 4372242.00000 -116.1557
439878.00000 4372246.00000 -109.2178
439878.00000 4372250.00000 -119.1437
439878.00000 4372254.00000 -124.1960
439878.00000 4372258.00000 -123.8251
439878.00000 4372262.00000 -124.2491
439878.00000 4372266.00000 -107.5911
439878.00000 4372270.00000 -108.0491
439878.00000 4372274.00000 -109.5720
439878.00000 4372278.00000 -114.1719
439878.00000 4372282.00000 -105.7723
439878.00000 4372286.00000 -104.9821
439878.00000 4372290.00000 -122.9831
439878.00000 4372294.00000 -119.1866
439878.00000 4372298.00000 -114.0143
439878.00000 4372302.00000 -121.0445
439878.00000 4372306.00000 -117.6069
439878.00000 4372310.00000 -124.0129
439878.00000 4372314.00000 -115.0794
439878.00000 4372318.00000 -110.5956
439878.00000 4372322.00000 -115.4734
439878.00000 4372326.00000 -115.1595
439878.00000 4372330.00000 -123.6505
439878.00000 4372334.00000 -126.1738
439878.00000 4372338.00000 -133.0036
439878.00000 4372342.00000 -130.9357
439878.00000 4372346.00000 -133.2164
439878.00000 4372350.00000 -131.5694
439878.00000 4372354.00000 -131.9547
439878.00000 4372358.00000 -131.2962
439878.00000 4372362.00000 -121.8536
439878.00000 4372366.00000 -122.0018
439878.00000 4372370.00000 -122.0977
439878.00000 4372374.00000 -121.9369
439878.00000 4372378.00000 -121.5219
439878.00000 4372382.00000 -121.5179
439878.00000 4372386.00000 -121.7234
439878.00000 4372390.00000 -120.3334
439878.00000 4372394.00000 -121.6238
439878.00000 4372398.00000 -121.6871
439878.00000 4372402.00000 -120.1610
439878.00000 4372406.00000 -117.7517
439878.00000 4372410.00000 -110.7630
439878.00000 4372414.00000 -117.3611
439878.00000 4372418.00000 -106.3467
439878.00000 4372422.00000 -106.4838
439878.00000 4372426.00000 -106.6063
439878.00000 4372430.00000 -106.7031
439878.00000 4372434.00000 -106.8481
439878.00000 4372438.00000 -106.6880
439878.00000 4372442.00000 -106.8681
439878.00000 4372446.00000 -107.1523
439878.00000 4372450.00000 -107.2677
439878.00000 4372454.00000 -107.3899
439878.00000 4372458.00000 -107.4375
439878.00000 4372462.00000 -107.5340
439878.00000 4372466.00000 -107.6610
439878.00000 4372470.00000 -107.8335
439878.00000 4372474.00000 -107.9487
439878.00000 4372478.00000 -108.0826
439882.00000 4371970.00000 -129.5305
439882.00000 4371974.00000 -129.4606
439882.00000 4371978.00000 -129.3389
439882.00000 4371982.00000 -129.2218
439882.00000 4371986.00000 -129.1064
439882.00000 4371990.00000 -127.1357
439882.00000 4371994.00000 -125.7152
439882.00000 4371998.00000 -127.1385
439882.00000 4372002.00000 -127.0497
439882.00000 4372006.00000 -126.7413
439882.00000 4372010.00000 -127.0073
439882.00000 4372014.00000 -126.9834
439882.00000 4372018.00000 -126.7459
439882.00000 4372022.00000 -126.6141
439882.00000 4372026.00000 -125.8275
439882.00000 4372030.00000 -125.2589
439882.00000 4372034.00000 -124.7272
439882.00000 4372038.00000 -124.8808
439882.00000 4372042.00000 -124.7377
439882.00000 4372046.00000 -125.6542
439882.00000 4372050.00000 -125.5818
439882.00000 4372054.00000 -125.5450
439882.00000 4372058.00000 -125.6885
439882.00000 4372062.00000 -125.3028
439882.00000 4372066.00000 -122.2479
439882.00000 4372070.00000 -116.6183
439882.00000 4372074.00000 -119.1038
439882.00000 4372078.00000 -120.1088
439882.00000 4372082.00000 -119.8619
439882.00000 4372086.00000 -121.2677
439882.00000 4372090.00000 -120.9269
439882.00000 4372094.00000 -122.3774
439882.00000 4372098.00000 -122.2248
439882.00000 4372102.00000 -121.8193
439882.00000 4372106.00000 -121.6133
439882.00000 4372110.00000 -123.7099
439882.00000 4372114.00000 -123.6448
439882.00000 4372118.00000 -124.1523
439882.00000 4372122.00000 -133.6542
439882.00000 4372126.00000 -124.8853
439882.00000 4372130.00000 -129.2901
439882.00000 4372134.00000 -129.8614
439882.00000 4372138.00000 N.C.
439882.00000 4372142.00000 N.C.
439882.00000 4372146.00000 N.C.
439882.00000 4372150.00000 N.C.
439882.00000 4372154.00000 N.C.
439882.00000 4372158.00000 N.C.
439882.00000 4372162.00000 N.C.
439882.00000 4372166.00000 N.C.
439882.00000 4372170.00000 -107.3448
439882.00000 4372174.00000 -105.4658
439882.00000 4372178.00000 -115.5442
439882.00000 4372182.00000 -120.9936
439882.00000 4372186.00000 -117.8321
439882.00000 4372190.00000 -114.0339
439882.00000 4372194.00000 -119.6725
439882.00000 4372198.00000 -118.4137
439882.00000 4372202.00000 -119.7926
439882.00000 4372206.00000 -116.7207
439882.00000 4372210.00000 -117.0652
439882.00000 4372214.00000 -97.9830
439882.00000 4372218.00000 -99.9561
439882.00000 4372222.00000 -99.9252
439882.00000 4372226.00000 -99.8159
439882.00000 4372230.00000 -103.6617
439882.00000 4372234.00000 -101.2516
439882.00000 4372238.00000 N.C.
439882.00000 4372242.00000 N.C.
439882.00000 4372246.00000 N.C.
439882.00000 4372250.00000 -131.0454
439882.00000 4372254.00000 N.C.
439882.00000 4372258.00000 N.C.
439882.00000 4372262.00000 N.C.
439882.00000 4372266.00000 N.C.
439882.00000 4372270.00000 N.C.
439882.00000 4372274.00000 N.C.
439882.00000 4372278.00000 N.C.
439882.00000 4372282.00000 -103.6463
439882.00000 4372286.00000 -105.3838
439882.00000 4372290.00000 N.C.
439882.00000 4372294.00000 N.C.
439882.00000 4372298.00000 N.C.
439882.00000 4372302.00000 N.C.
439882.00000 4372306.00000 N.C.
439882.00000 4372310.00000 N.C.
439882.00000 4372314.00000 N.C.
439882.00000 4372318.00000 N.C.
439882.00000 4372322.00000 N.C.
439882.00000 4372326.00000 N.C.
439882.00000 4372330.00000 -129.7927
439882.00000 4372334.00000 -138.6656
439882.00000 4372338.00000 -137.8577
439882.00000 4372342.00000 -133.4731
439882.00000 4372346.00000 -136.0236
439882.00000 4372350.00000 -134.2513
439882.00000 4372354.00000 -132.7267
439882.00000 4372358.00000 -133.0987
439882.00000 4372362.00000 -121.7340
439882.00000 4372366.00000 -121.9102
439882.00000 4372370.00000 -122.0259
439882.00000 4372374.00000 -121.9569
439882.00000 4372378.00000 -121.4609
439882.00000 4372382.00000 -121.4054
439882.00000 4372386.00000 -122.0164
439882.00000 4372390.00000 -120.6534
439882.00000 4372394.00000 -121.5169
439882.00000 4372398.00000 -119.9561
439882.00000 4372402.00000 -117.6153
439882.00000 4372406.00000 -110.5844
439882.00000 4372410.00000 -117.1222
439882.00000 4372414.00000 -106.1211
439882.00000 4372418.00000 -106.2319
439882.00000 4372422.00000 -106.3910
439882.00000 4372426.00000 -106.5065
439882.00000 4372430.00000 -106.6059
439882.00000 4372434.00000 -106.4741
439882.00000 4372438.00000 -106.8259
439882.00000 4372442.00000 -106.9318
439882.00000 4372446.00000 -106.8907
439882.00000 4372450.00000 -107.1721
439882.00000 4372454.00000 -107.2285
439882.00000 4372458.00000 -107.3331
439882.00000 4372462.00000 -107.4553
439882.00000 4372466.00000 -107.6414
439882.00000 4372470.00000 -107.7508
439882.00000 4372474.00000 -107.8642
439882.00000 4372478.00000 -107.9488
439886.00000 4371970.00000 -129.7022
439886.00000 4371974.00000 -129.6057
439886.00000 4371978.00000 -129.4521
439886.00000 4371982.00000 -129.4503
439886.00000 4371986.00000 -127.7986
439886.00000 4371990.00000 -129.2907
439886.00000 4371994.00000 -129.1340
439886.00000 4371998.00000 -128.9028
439886.00000 4372002.00000 -128.2964
439886.00000 4372006.00000 -128.8089
439886.00000 4372010.00000 -128.6906
439886.00000 4372014.00000 -128.6044
439886.00000 4372018.00000 -128.5005
439886.00000 4372022.00000 -128.3862
439886.00000 4372026.00000 -143.7453
439886.00000 4372030.00000 -131.5875
439886.00000 4372034.00000 -129.1483
439886.00000 4372038.00000 -128.1496
439886.00000 4372042.00000 -128.1065
439886.00000 4372046.00000 -138.3151
439886.00000 4372050.00000 N.C.
439886.00000 4372054.00000 N.C.
439886.00000 4372058.00000 -127.2652
439886.00000 4372062.00000 -127.1079
439886.00000 4372066.00000 -125.5157
439886.00000 4372070.00000 -123.7671
439886.00000 4372074.00000 -118.1156
439886.00000 4372078.00000 -119.8775
439886.00000 4372082.00000 -119.6426
439886.00000 4372086.00000 -121.5622
439886.00000 4372090.00000 -123.1538
439886.00000 4372094.00000 -125.9542
439886.00000 4372098.00000 -125.7954
439886.00000 4372102.00000 -124.5171
439886.00000 4372106.00000 N.C.
439886.00000 4372110.00000 N.C.
439886.00000 4372114.00000 N.C.
439886.00000 4372118.00000 N.C.
439886.00000 4372122.00000 N.C.
439886.00000 4372126.00000 -122.0982
439886.00000 4372130.00000 -129.4019
439886.00000 4372134.00000 -128.2962
439886.00000 4372138.00000 -145.1977
439886.00000 4372142.00000 N.C.
439886.00000 4372146.00000 N.C.
439886.00000 4372150.00000 N.C.
439886.00000 4372154.00000 N.C.
439886.00000 4372158.00000 -120.5793
439886.00000 4372162.00000 N.C.
439886.00000 4372166.00000 N.C.
439886.00000 4372170.00000 -118.8120
439886.00000 4372174.00000 -104.9336
439886.00000 4372178.00000 -108.6397
439886.00000 4372182.00000 N.C.
439886.00000 4372186.00000 N.C.
439886.00000 4372190.00000 N.C.
439886.00000 4372194.00000 N.C.
439886.00000 4372198.00000 N.C.
439886.00000 4372202.00000 N.C.
439886.00000 4372206.00000 N.C.
439886.00000 4372210.00000 N.C.
439886.00000 4372214.00000 -100.6107
439886.00000 4372218.00000 -102.9642
439886.00000 4372222.00000 -104.1247
439886.00000 4372226.00000 -100.9862
439886.00000 4372230.00000 -102.4818
439886.00000 4372234.00000 -101.1620
439886.00000 4372238.00000 -99.3164
439886.00000 4372242.00000 N.C.
439886.00000 4372246.00000 N.C.
439886.00000 4372250.00000 -132.6776
439886.00000 4372254.00000 N.C.
439886.00000 4372258.00000 N.C.
439886.00000 4372262.00000 N.C.
439886.00000 4372266.00000 N.C.
439886.00000 4372270.00000 N.C.
439886.00000 4372274.00000 N.C.
439886.00000 4372278.00000 N.C.
439886.00000 4372282.00000 -104.9171
439886.00000 4372286.00000 -107.1304
439886.00000 4372290.00000 N.C.
439886.00000 4372294.00000 N.C.
439886.00000 4372298.00000 -113.8007
439886.00000 4372302.00000 -111.0739
439886.00000 4372306.00000 N.C.
439886.00000 4372310.00000 N.C.
439886.00000 4372314.00000 N.C.
439886.00000 4372318.00000 N.C.
439886.00000 4372322.00000 N.C.
439886.00000 4372326.00000 N.C.
439886.00000 4372330.00000 -131.0552
439886.00000 4372334.00000 N.C.
439886.00000 4372338.00000 N.C.
439886.00000 4372342.00000 N.C.
439886.00000 4372346.00000 N.C.
439886.00000 4372350.00000 -138.9083
439886.00000 4372354.00000 -136.3311
439886.00000 4372358.00000 -135.8240
439886.00000 4372362.00000 -121.6933
439886.00000 4372366.00000 -121.8510
439886.00000 4372370.00000 -121.9825
439886.00000 4372374.00000 -121.9563
439886.00000 4372378.00000 -121.3268
439886.00000 4372382.00000 -121.3186
439886.00000 4372386.00000 -119.5703
439886.00000 4372390.00000 -120.8307
439886.00000 4372394.00000 -119.7295
439886.00000 4372398.00000 -117.2251
439886.00000 4372402.00000 -110.4276
439886.00000 4372406.00000 -117.9039
439886.00000 4372410.00000 -105.7392
439886.00000 4372414.00000 -106.0102
439886.00000 4372418.00000 -106.1466
439886.00000 4372422.00000 -106.2717
439886.00000 4372426.00000 -106.4016
439886.00000 4372430.00000 -106.2489
439886.00000 4372434.00000 -106.6067
439886.00000 4372438.00000 -106.7234
439886.00000 4372442.00000 -106.8337
439886.00000 4372446.00000 -106.9519
439886.00000 4372450.00000 -106.9221
439886.00000 4372454.00000 -107.1385
439886.00000 4372458.00000 -107.2552
439886.00000 4372462.00000 -107.4366
439886.00000 4372466.00000 -107.5515
439886.00000 4372470.00000 -107.6540
439886.00000 4372474.00000 -107.7664
439886.00000 4372478.00000 -107.8241
439890.00000 4371970.00000 -140.6906
439890.00000 4371974.00000 N.C.
439890.00000 4371978.00000 N.C.
439890.00000 4371982.00000 N.C.
439890.00000 4371986.00000 N.C.
439890.00000 4371990.00000 N.C.
439890.00000 4371994.00000 N.C.
439890.00000 4371998.00000 -139.4913
439890.00000 4372002.00000 -148.3091
439890.00000 4372006.00000 N.C.
439890.00000 4372010.00000 N.C.
439890.00000 4372014.00000 N.C.
439890.00000 4372018.00000 N.C.
439890.00000 4372022.00000 N.C.
439890.00000 4372026.00000 N.C.
439890.00000 4372030.00000 N.C.
439890.00000 4372034.00000 N.C.
439890.00000 4372038.00000 -128.1606
439890.00000 4372042.00000 -129.8053
439890.00000 4372046.00000 -139.5970
439890.00000 4372050.00000 N.C.
439890.00000 4372054.00000 N.C.
439890.00000 4372058.00000 -142.9404
439890.00000 4372062.00000 -135.8869
439890.00000 4372066.00000 N.C.
439890.00000 4372070.00000 N.C.
439890.00000 4372074.00000 -120.8609
439890.00000 4372078.00000 -118.7644
439890.00000 4372082.00000 -120.9038
439890.00000 4372086.00000 -121.1627
439890.00000 4372090.00000 -121.5003
439890.00000 4372094.00000 N.C.
439890.00000 4372098.00000 N.C.
439890.00000 4372102.00000 N.C.
439890.00000 4372106.00000 N.C.
439890.00000 4372110.00000 N.C.
439890.00000 4372114.00000 N.C.
439890.00000 4372118.00000 -127.8174
439890.00000 4372122.00000 N.C.
439890.00000 4372126.00000 -121.1140
439890.00000 4372130.00000 -127.9312
439890.00000 4372134.00000 -126.4479
439890.00000 4372138.00000 N.C.
439890.00000 4372142.00000 N.C.
439890.00000 4372146.00000 N.C.
439890.00000 4372150.00000 N.C.
439890.00000 4372154.00000 N.C.
439890.00000 4372158.00000 -118.4856
439890.00000 4372162.00000 N.C.
439890.00000 4372166.00000 N.C.
439890.00000 4372170.00000 N.C.
439890.00000 4372174.00000 -104.6967
439890.00000 4372178.00000 -108.3658
439890.00000 4372182.00000 -109.8765
439890.00000 4372186.00000 -113.4708
439890.00000 4372190.00000 -131.2275
439890.00000 4372194.00000 -127.2849
439890.00000 4372198.00000 -126.7320
439890.00000 4372202.00000 -102.8118
439890.00000 4372206.00000 -126.9185
439890.00000 4372210.00000 -127.1596
439890.00000 4372214.00000 -99.6564
439890.00000 4372218.00000 -100.6494
439890.00000 4372222.00000 -100.4618
439890.00000 4372226.00000 -97.8578
439890.00000 4372230.00000 -99.4776
439890.00000 4372234.00000 -100.3835
439890.00000 4372238.00000 -99.4022
439890.00000 4372242.00000 N.C.
439890.00000 4372246.00000 N.C.
439890.00000 4372250.00000 -130.2267
439890.00000 4372254.00000 N.C.
439890.00000 4372258.00000 N.C.
439890.00000 4372262.00000 N.C.
439890.00000 4372266.00000 N.C.
439890.00000 4372270.00000 N.C.
439890.00000 4372274.00000 N.C.
439890.00000 4372278.00000 N.C.
439890.00000 4372282.00000 -104.7953
439890.00000 4372286.00000 -106.0561
439890.00000 4372290.00000 N.C.
439890.00000 4372294.00000 N.C.
439890.00000 4372298.00000 -114.0801
439890.00000 4372302.00000 -109.6758
439890.00000 4372306.00000 N.C.
439890.00000 4372310.00000 N.C.
439890.00000 4372314.00000 -116.3900
439890.00000 4372318.00000 N.C.
439890.00000 4372322.00000 N.C.
439890.00000 4372326.00000 N.C.
439890.00000 4372330.00000 N.C.
439890.00000 4372334.00000 N.C.
439890.00000 4372338.00000 N.C.
439890.00000 4372342.00000 N.C.
439890.00000 4372346.00000 N.C.
439890.00000 4372350.00000 -139.3460
439890.00000 4372354.00000 -137.8831
439890.00000 4372358.00000 -121.5550
439890.00000 4372362.00000 -121.5560
439890.00000 4372366.00000 -121.7276
439890.00000 4372370.00000 -121.7657
439890.00000 4372374.00000 -121.2694
439890.00000 4372378.00000 -121.1797
439890.00000 4372382.00000 -121.0064
439890.00000 4372386.00000 -120.5745
439890.00000 4372390.00000 -120.5539
439890.00000 4372394.00000 -117.0776
439890.00000 4372398.00000 -110.2239
439890.00000 4372402.00000 -117.7139
439890.00000 4372406.00000 -105.6164
439890.00000 4372410.00000 -105.7451
439890.00000 4372414.00000 -105.9096
439890.00000 4372418.00000 -106.0393
439890.00000 4372422.00000 -106.1716
439890.00000 4372426.00000 -106.0113
439890.00000 4372430.00000 -106.3819
439890.00000 4372434.00000 -106.5057
439890.00000 4372438.00000 -106.6307
439890.00000 4372442.00000 -106.7404
439890.00000 4372446.00000 -106.8092
439890.00000 4372450.00000 -106.9202
439890.00000 4372454.00000 -106.9598
439890.00000 4372458.00000 -107.0674
439890.00000 4372462.00000 -107.3287
439890.00000 4372466.00000 -107.4451
439890.00000 4372470.00000 -107.5576
439890.00000 4372474.00000 -107.6217
439890.00000 4372478.00000 -107.7154
439894.00000 4371970.00000 -150.8931
439894.00000 4371974.00000 N.C.
439894.00000 4371978.00000 N.C.
439894.00000 4371982.00000 N.C.
439894.00000 4371986.00000 N.C.
439894.00000 4371990.00000 -159.1338
439894.00000 4371994.00000 N.C.
439894.00000 4371998.00000 N.C.
439894.00000 4372002.00000 N.C.
439894.00000 4372006.00000 N.C.
439894.00000 4372010.00000 N.C.
439894.00000 4372014.00000 N.C.
439894.00000 4372018.00000 N.C.
439894.00000 4372022.00000 -144.9895
439894.00000 4372026.00000 N.C.
439894.00000 4372030.00000 N.C.
439894.00000 4372034.00000 N.C.
439894.00000 4372038.00000 -133.1737
439894.00000 4372042.00000 N.C.
439894.00000 4372046.00000 -132.2572
439894.00000 4372050.00000 N.C.
439894.00000 4372054.00000 N.C.
439894.00000 4372058.00000 N.C.
439894.00000 4372062.00000 N.C.
439894.00000 4372066.00000 N.C.
439894.00000 4372070.00000 N.C.
439894.00000 4372074.00000 -120.3100
439894.00000 4372078.00000 -118.3252
439894.00000 4372082.00000 -119.0007
439894.00000 4372086.00000 -121.1656
439894.00000 4372090.00000 -123.0954
439894.00000 4372094.00000 -109.9408
439894.00000 4372098.00000 -117.1379
439894.00000 4372102.00000 -136.1336
439894.00000 4372106.00000 -135.9532
439894.00000 4372110.00000 -139.4919
439894.00000 4372114.00000 -126.2152
439894.00000 4372118.00000 -125.9441
439894.00000 4372122.00000 N.C.
439894.00000 4372126.00000 N.C.
439894.00000 4372130.00000 -124.8556
439894.00000 4372134.00000 -126.5015
439894.00000 4372138.00000 N.C.
439894.00000 4372142.00000 N.C.
439894.00000 4372146.00000 N.C.
439894.00000 4372150.00000 -110.7593
439894.00000 4372154.00000 -120.7387
439894.00000 4372158.00000 -122.0750
439894.00000 4372162.00000 N.C.
439894.00000 4372166.00000 N.C.
439894.00000 4372170.00000 N.C.
439894.00000 4372174.00000 -103.9127
439894.00000 4372178.00000 -108.1062
439894.00000 4372182.00000 -111.7329
439894.00000 4372186.00000 -129.2380
439894.00000 4372190.00000 -129.9972
439894.00000 4372194.00000 -130.5961
439894.00000 4372198.00000 -134.1400
439894.00000 4372202.00000 -102.6564
439894.00000 4372206.00000 -129.2116
439894.00000 4372210.00000 -120.7205
439894.00000 4372214.00000 -99.2323
439894.00000 4372218.00000 -100.6390
439894.00000 4372222.00000 -101.3358
439894.00000 4372226.00000 -99.7390
439894.00000 4372230.00000 -101.5928
439894.00000 4372234.00000 -100.0548
439894.00000 4372238.00000 -100.9527
439894.00000 4372242.00000 -140.2425
439894.00000 4372246.00000 -142.7074
439894.00000 4372250.00000 -132.5100
439894.00000 4372254.00000 N.C.
439894.00000 4372258.00000 N.C.
439894.00000 4372262.00000 N.C.
439894.00000 4372266.00000 N.C.
439894.00000 4372270.00000 N.C.
439894.00000 4372274.00000 N.C.
439894.00000 4372278.00000 N.C.
439894.00000 4372282.00000 -105.3820
439894.00000 4372286.00000 -104.7224
439894.00000 4372290.00000 N.C.
439894.00000 4372294.00000 -134.3623
439894.00000 4372298.00000 -119.1835
439894.00000 4372302.00000 -113.1712
439894.00000 4372306.00000 N.C.
439894.00000 4372310.00000 N.C.
439894.00000 4372314.00000 N.C.
439894.00000 4372318.00000 N.C.
439894.00000 4372322.00000 N.C.
439894.00000 4372326.00000 N.C.
439894.00000 4372330.00000 N.C.
439894.00000 4372334.00000 N.C.
439894.00000 4372338.00000 N.C.
439894.00000 4372342.00000 N.C.
439894.00000 4372346.00000 N.C.
439894.00000 4372350.00000 -139.5227
439894.00000 4372354.00000 -136.5910
439894.00000 4372358.00000 -121.4147
439894.00000 4372362.00000 -121.4046
439894.00000 4372366.00000 -121.5434
439894.00000 4372370.00000 -121.5613
439894.00000 4372374.00000 -121.0766
439894.00000 4372378.00000 -121.3359
439894.00000 4372382.00000 -119.4829
439894.00000 4372386.00000 -120.6550
439894.00000 4372390.00000 -119.3845
439894.00000 4372394.00000 -110.2727
439894.00000 4372398.00000 -117.3928
439894.00000 4372402.00000 -105.2404
439894.00000 4372406.00000 -105.5097
439894.00000 4372410.00000 -105.6161
439894.00000 4372414.00000 -105.8095
439894.00000 4372418.00000 -105.9432
439894.00000 4372422.00000 -105.6873
439894.00000 4372426.00000 -106.0963
439894.00000 4372430.00000 -106.2235
439894.00000 4372434.00000 -106.3512
439894.00000 4372438.00000 -106.4770
439894.00000 4372442.00000 -106.5529
439894.00000 4372446.00000 -106.6516
439894.00000 4372450.00000 -106.9062
439894.00000 4372454.00000 -107.0287
439894.00000 4372458.00000 -106.9937
439894.00000 4372462.00000 -107.1148
439894.00000 4372466.00000 -107.3371
439894.00000 4372470.00000 -107.4604
439894.00000 4372474.00000 -107.5320
439894.00000 4372478.00000 -107.6382
439898.00000 4371970.00000 -150.4440
439898.00000 4371974.00000 N.C.
439898.00000 4371978.00000 N.C.
439898.00000 4371982.00000 -144.8206
439898.00000 4371986.00000 -150.3430
439898.00000 4371990.00000 -159.4962
439898.00000 4371994.00000 N.C.
439898.00000 4371998.00000 N.C.
439898.00000 4372002.00000 -150.2715
439898.00000 4372006.00000 -154.6732
439898.00000 4372010.00000 -156.4875
439898.00000 4372014.00000 N.C.
439898.00000 4372018.00000 N.C.
439898.00000 4372022.00000 -148.5028
439898.00000 4372026.00000 -159.7639
439898.00000 4372030.00000 N.C.
439898.00000 4372034.00000 N.C.
439898.00000 4372038.00000 -130.3500
439898.00000 4372042.00000 -158.5435
439898.00000 4372046.00000 N.C.
439898.00000 4372050.00000 N.C.
439898.00000 4372054.00000 N.C.
439898.00000 4372058.00000 N.C.
439898.00000 4372062.00000 N.C.
439898.00000 4372066.00000 -132.3318
439898.00000 4372070.00000 -127.4936
439898.00000 4372074.00000 -120.7493
439898.00000 4372078.00000 -124.8026
439898.00000 4372082.00000 -118.6999
439898.00000 4372086.00000 -122.0468
439898.00000 4372090.00000 -119.6517
439898.00000 4372094.00000 -116.0198
439898.00000 4372098.00000 -125.7912
439898.00000 4372102.00000 N.C.
439898.00000 4372106.00000 N.C.
439898.00000 4372110.00000 N.C.
439898.00000 4372114.00000 -141.1610
439898.00000 4372118.00000 -127.0718
439898.00000 4372122.00000 N.C.
439898.00000 4372126.00000 N.C.
439898.00000 4372130.00000 -124.1670
439898.00000 4372134.00000 -125.9186
439898.00000 4372138.00000 N.C.
439898.00000 4372142.00000 N.C.
439898.00000 4372146.00000 N.C.
439898.00000 4372150.00000 -116.4647
439898.00000 4372154.00000 -117.7748
439898.00000 4372158.00000 -122.1998
439898.00000 4372162.00000 N.C.
439898.00000 4372166.00000 N.C.
439898.00000 4372170.00000 N.C.
439898.00000 4372174.00000 -101.0483
439898.00000 4372178.00000 -107.7864
439898.00000 4372182.00000 N.C.
439898.00000 4372186.00000 N.C.
439898.00000 4372190.00000 N.C.
439898.00000 4372194.00000 N.C.
439898.00000 4372198.00000 N.C.
439898.00000 4372202.00000 N.C.
439898.00000 4372206.00000 N.C.
439898.00000 4372210.00000 N.C.
439898.00000 4372214.00000 -100.4726
439898.00000 4372218.00000 -101.1450
439898.00000 4372222.00000 -101.2357
439898.00000 4372226.00000 -99.3093
439898.00000 4372230.00000 -98.9071
439898.00000 4372234.00000 -99.7569
439898.00000 4372238.00000 -100.3158
439898.00000 4372242.00000 -114.5354
439898.00000 4372246.00000 N.C.
439898.00000 4372250.00000 N.C.
439898.00000 4372254.00000 N.C.
439898.00000 4372258.00000 N.C.
439898.00000 4372262.00000 N.C.
439898.00000 4372266.00000 -115.8153
439898.00000 4372270.00000 N.C.
439898.00000 4372274.00000 N.C.
439898.00000 4372278.00000 -103.3573
439898.00000 4372282.00000 -104.6351
439898.00000 4372286.00000 -104.2025
439898.00000 4372290.00000 N.C.
439898.00000 4372294.00000 N.C.
439898.00000 4372298.00000 -124.1330
439898.00000 4372302.00000 -110.6407
439898.00000 4372306.00000 N.C.
439898.00000 4372310.00000 -108.1129
439898.00000 4372314.00000 -104.6360
439898.00000 4372318.00000 N.C.
439898.00000 4372322.00000 -111.8698
439898.00000 4372326.00000 -132.9153
439898.00000 4372330.00000 -130.2123
439898.00000 4372334.00000 -132.6617
439898.00000 4372338.00000 -128.3825
439898.00000 4372342.00000 N.C.
439898.00000 4372346.00000 N.C.
439898.00000 4372350.00000 -147.0234
439898.00000 4372354.00000 -121.3353
439898.00000 4372358.00000 -121.3138
439898.00000 4372362.00000 -121.3580
439898.00000 4372366.00000 -121.4133
439898.00000 4372370.00000 -121.0749
439898.00000 4372374.00000 -121.1317
439898.00000 4372378.00000 -121.1550
439898.00000 4372382.00000 -119.9141
439898.00000 4372386.00000 -119.4005
439898.00000 4372390.00000 -117.9104
439898.00000 4372394.00000 -117.0242
439898.00000 4372398.00000 -105.1061
439898.00000 4372402.00000 -105.2795
439898.00000 4372406.00000 -105.3627
439898.00000 4372410.00000 -105.5031
439898.00000 4372414.00000 -105.5049
439898.00000 4372418.00000 -105.7271
439898.00000 4372422.00000 -105.8591
439898.00000 4372426.00000 -105.9848
439898.00000 4372430.00000 -106.1141
439898.00000 4372434.00000 -106.2470
439898.00000 4372438.00000 -106.2955
439898.00000 4372442.00000 -106.5216
439898.00000 4372446.00000 -106.6825
439898.00000 4372450.00000 -106.8103
439898.00000 4372454.00000 -106.9293
439898.00000 4372458.00000 -107.0430
439898.00000 4372462.00000 -107.0769
439898.00000 4372466.00000 -107.1070
439898.00000 4372470.00000 -107.3246
439898.00000 4372474.00000 -107.4476
439898.00000 4372478.00000 -107.6114
439902.00000 4371970.00000 -150.4176
439902.00000 4371974.00000 N.C.
439902.00000 4371978.00000 N.C.
439902.00000 4371982.00000 -146.5417
439902.00000 4371986.00000 -149.6371
439902.00000 4371990.00000 -154.1373
439902.00000 4371994.00000 N.C.
439902.00000 4371998.00000 N.C.
439902.00000 4372002.00000 -146.5538
439902.00000 4372006.00000 -142.8415
439902.00000 4372010.00000 -143.0617
439902.00000 4372014.00000 N.C.
439902.00000 4372018.00000 N.C.
439902.00000 4372022.00000 -150.9181
439902.00000 4372026.00000 N.C.
439902.00000 4372030.00000 N.C.
439902.00000 4372034.00000 N.C.
439902.00000 4372038.00000 -155.5022
439902.00000 4372042.00000 N.C.
439902.00000 4372046.00000 N.C.
439902.00000 4372050.00000 N.C.
439902.00000 4372054.00000 -131.1369
439902.00000 4372058.00000 -131.1588
439902.00000 4372062.00000 -141.5900
439902.00000 4372066.00000 N.C.
439902.00000 4372070.00000 N.C.
439902.00000 4372074.00000 N.C.
439902.00000 4372078.00000 N.C.
439902.00000 4372082.00000 -118.8644
439902.00000 4372086.00000 -122.2738
439902.00000 4372090.00000 -119.2631
439902.00000 4372094.00000 -129.6463
439902.00000 4372098.00000 N.C.
439902.00000 4372102.00000 N.C.
439902.00000 4372106.00000 N.C.
439902.00000 4372110.00000 N.C.
439902.00000 4372114.00000 N.C.
439902.00000 4372118.00000 -127.4926
439902.00000 4372122.00000 N.C.
439902.00000 4372126.00000 N.C.
439902.00000 4372130.00000 -120.4262
439902.00000 4372134.00000 -126.2347
439902.00000 4372138.00000 N.C.
439902.00000 4372142.00000 N.C.
439902.00000 4372146.00000 N.C.
439902.00000 4372150.00000 -130.3872
439902.00000 4372154.00000 -119.0745
439902.00000 4372158.00000 -118.7345
439902.00000 4372162.00000 -126.5234
439902.00000 4372166.00000 N.C.
439902.00000 4372170.00000 N.C.
439902.00000 4372174.00000 -100.6002
439902.00000 4372178.00000 -106.6646
439902.00000 4372182.00000 N.C.
439902.00000 4372186.00000 N.C.
439902.00000 4372190.00000 N.C.
439902.00000 4372194.00000 N.C.
439902.00000 4372198.00000 N.C.
439902.00000 4372202.00000 N.C.
439902.00000 4372206.00000 N.C.
439902.00000 4372210.00000 N.C.
439902.00000 4372214.00000 -99.9497
439902.00000 4372218.00000 -101.4219
439902.00000 4372222.00000 -101.3483
439902.00000 4372226.00000 -100.9115
439902.00000 4372230.00000 -98.6086
439902.00000 4372234.00000 -99.9129
439902.00000 4372238.00000 -100.5913
439902.00000 4372242.00000 -113.6834
439902.00000 4372246.00000 N.C.
439902.00000 4372250.00000 N.C.
439902.00000 4372254.00000 N.C.
439902.00000 4372258.00000 N.C.
439902.00000 4372262.00000 N.C.
439902.00000 4372266.00000 -116.9847
439902.00000 4372270.00000 N.C.
439902.00000 4372274.00000 N.C.
439902.00000 4372278.00000 -104.8632
439902.00000 4372282.00000 -104.0396
439902.00000 4372286.00000 -103.0218
439902.00000 4372290.00000 N.C.
439902.00000 4372294.00000 N.C.
439902.00000 4372298.00000 -124.5336
439902.00000 4372302.00000 -112.5658
439902.00000 4372306.00000 N.C.
439902.00000 4372310.00000 -112.3907
439902.00000 4372314.00000 -107.0352
439902.00000 4372318.00000 -109.3883
439902.00000 4372322.00000 -110.1553
439902.00000 4372326.00000 N.C.
439902.00000 4372330.00000 -135.1480
439902.00000 4372334.00000 N.C.
439902.00000 4372338.00000 -131.5739
439902.00000 4372342.00000 N.C.
439902.00000 4372346.00000 N.C.
439902.00000 4372350.00000 -146.5296
439902.00000 4372354.00000 -121.2564
439902.00000 4372358.00000 -121.2725
439902.00000 4372362.00000 -121.2569
439902.00000 4372366.00000 -121.3038
439902.00000 4372370.00000 -120.8938
439902.00000 4372374.00000 -120.6950
439902.00000 4372378.00000 -118.9171
439902.00000 4372382.00000 -121.8123
439902.00000 4372386.00000 -117.5237
439902.00000 4372390.00000 -116.6471
439902.00000 4372394.00000 -104.8349
439902.00000 4372398.00000 -105.0149
439902.00000 4372402.00000 -105.1145
439902.00000 4372406.00000 -105.2466
439902.00000 4372410.00000 -105.0042
439902.00000 4372414.00000 -105.2910
439902.00000 4372418.00000 -105.6137
439902.00000 4372422.00000 -105.7509
439902.00000 4372426.00000 -105.8756
439902.00000 4372430.00000 -106.0101
439902.00000 4372434.00000 -106.0578
439902.00000 4372438.00000 -106.2616
439902.00000 4372442.00000 -106.4535
439902.00000 4372446.00000 -106.5639
439902.00000 4372450.00000 -106.5554
439902.00000 4372454.00000 -106.7419
439902.00000 4372458.00000 -106.8208
439902.00000 4372462.00000 -106.9930
439902.00000 4372466.00000 -107.0937
439902.00000 4372470.00000 -107.0895
439902.00000 4372474.00000 -107.4094
439902.00000 4372478.00000 -107.5264
439906.00000 4371970.00000 -149.1096
439906.00000 4371974.00000 N.C.
439906.00000 4371978.00000 N.C.
439906.00000 4371982.00000 -153.7950
439906.00000 4371986.00000 -156.8701
439906.00000 4371990.00000 N.C.
439906.00000 4371994.00000 N.C.
439906.00000 4371998.00000 N.C.
439906.00000 4372002.00000 -154.3955
439906.00000 4372006.00000 -141.1278
439906.00000 4372010.00000 -143.6690
439906.00000 4372014.00000 N.C.
439906.00000 4372018.00000 N.C.
439906.00000 4372022.00000 -156.9990
439906.00000 4372026.00000 N.C.
439906.00000 4372030.00000 N.C.
439906.00000 4372034.00000 N.C.
439906.00000 4372038.00000 -134.8256
439906.00000 4372042.00000 N.C.
439906.00000 4372046.00000 N.C.
439906.00000 4372050.00000 -140.9476
439906.00000 4372054.00000 N.C.
439906.00000 4372058.00000 N.C.
439906.00000 4372062.00000 -144.3598
439906.00000 4372066.00000 N.C.
439906.00000 4372070.00000 N.C.
439906.00000 4372074.00000 N.C.
439906.00000 4372078.00000 -142.6402
439906.00000 4372082.00000 -124.1928
439906.00000 4372086.00000 -124.9253
439906.00000 4372090.00000 -109.4134
439906.00000 4372094.00000 -131.5139
439906.00000 4372098.00000 N.C.
439906.00000 4372102.00000 -137.0824
439906.00000 4372106.00000 -142.2660
439906.00000 4372110.00000 N.C.
439906.00000 4372114.00000 N.C.
439906.00000 4372118.00000 -127.1662
439906.00000 4372122.00000 N.C.
439906.00000 4372126.00000 N.C.
439906.00000 4372130.00000 -119.6556
439906.00000 4372134.00000 -121.7113
439906.00000 4372138.00000 N.C.
439906.00000 4372142.00000 N.C.
439906.00000 4372146.00000 N.C.
439906.00000 4372150.00000 N.C.
439906.00000 4372154.00000 N.C.
439906.00000 4372158.00000 N.C.
439906.00000 4372162.00000 -118.1657
439906.00000 4372166.00000 -116.2064
439906.00000 4372170.00000 N.C.
439906.00000 4372174.00000 -100.5177
439906.00000 4372178.00000 -106.7784
439906.00000 4372182.00000 N.C.
439906.00000 4372186.00000 N.C.
439906.00000 4372190.00000 N.C.
439906.00000 4372194.00000 N.C.
439906.00000 4372198.00000 N.C.
439906.00000 4372202.00000 -112.0250
439906.00000 4372206.00000 -111.6366
439906.00000 4372210.00000 -109.7712
439906.00000 4372214.00000 -109.2388
439906.00000 4372218.00000 -106.0809
439906.00000 4372222.00000 -105.4056
439906.00000 4372226.00000 -103.2352
439906.00000 4372230.00000 -99.4190
439906.00000 4372234.00000 -99.3445
439906.00000 4372238.00000 -100.1877
439906.00000 4372242.00000 -111.1832
439906.00000 4372246.00000 N.C.
439906.00000 4372250.00000 N.C.
439906.00000 4372254.00000 N.C.
439906.00000 4372258.00000 N.C.
439906.00000 4372262.00000 N.C.
439906.00000 4372266.00000 -117.6023
439906.00000 4372270.00000 N.C.
439906.00000 4372274.00000 N.C.
439906.00000 4372278.00000 -104.8595
439906.00000 4372282.00000 -103.8942
439906.00000 4372286.00000 -104.5276
439906.00000 4372290.00000 N.C.
439906.00000 4372294.00000 N.C.
439906.00000 4372298.00000 -115.4531
439906.00000 4372302.00000 -116.0333
439906.00000 4372306.00000 N.C.
439906.00000 4372310.00000 -121.6308
439906.00000 4372314.00000 -116.5137
439906.00000 4372318.00000 -118.1199
439906.00000 4372322.00000 -115.4063
439906.00000 4372326.00000 N.C.
439906.00000 4372330.00000 -134.0563
439906.00000 4372334.00000 N.C.
439906.00000 4372338.00000 -131.4662
439906.00000 4372342.00000 N.C.
439906.00000 4372346.00000 N.C.
439906.00000 4372350.00000 -145.3178
439906.00000 4372354.00000 -121.2047
439906.00000 4372358.00000 -121.2056
439906.00000 4372362.00000 -121.1657
439906.00000 4372366.00000 -120.7522
439906.00000 4372370.00000 -120.7879
439906.00000 4372374.00000 -128.7483
439906.00000 4372378.00000 -119.3554
439906.00000 4372382.00000 -109.6848
439906.00000 4372386.00000 -116.2590
439906.00000 4372390.00000 -104.5897
439906.00000 4372394.00000 -104.7413
439906.00000 4372398.00000 -104.8464
439906.00000 4372402.00000 -104.9927
439906.00000 4372406.00000 -104.7485
439906.00000 4372410.00000 -105.0364
439906.00000 4372414.00000 -103.9127
439906.00000 4372418.00000 -104.0424
439906.00000 4372422.00000 -105.6543
439906.00000 4372426.00000 -105.6826
439906.00000 4372430.00000 -105.8174
439906.00000 4372434.00000 -106.0815
439906.00000 4372438.00000 -106.1704
439906.00000 4372442.00000 -106.3386
439906.00000 4372446.00000 -106.4673
439906.00000 4372450.00000 -106.4532
439906.00000 4372454.00000 -106.6072
439906.00000 4372458.00000 -106.7127
439906.00000 4372462.00000 -106.9178
439906.00000 4372466.00000 -107.0320
439906.00000 4372470.00000 -107.1808
439906.00000 4372474.00000 -107.1882
439906.00000 4372478.00000 -107.4432
439910.00000 4371970.00000 -138.5935
439910.00000 4371974.00000 N.C.
439910.00000 4371978.00000 N.C.
439910.00000 4371982.00000 N.C.
439910.00000 4371986.00000 N.C.
439910.00000 4371990.00000 N.C.
439910.00000 4371994.00000 N.C.
439910.00000 4371998.00000 N.C.
439910.00000 4372002.00000 -160.8725
439910.00000 4372006.00000 -138.7693
439910.00000 4372010.00000 -141.7726
439910.00000 4372014.00000 N.C.
439910.00000 4372018.00000 N.C.
439910.00000 4372022.00000 N.C.
439910.00000 4372026.00000 N.C.
439910.00000 4372030.00000 N.C.
439910.00000 4372034.00000 N.C.
439910.00000 4372038.00000 -131.1229
439910.00000 4372042.00000 N.C.
439910.00000 4372046.00000 N.C.
439910.00000 4372050.00000 -151.8951
439910.00000 4372054.00000 N.C.
439910.00000 4372058.00000 N.C.
439910.00000 4372062.00000 -149.6062
439910.00000 4372066.00000 -143.8444
439910.00000 4372070.00000 N.C.
439910.00000 4372074.00000 N.C.
439910.00000 4372078.00000 -142.6407
439910.00000 4372082.00000 -124.3544
439910.00000 4372086.00000 -122.1044
439910.00000 4372090.00000 N.C.
439910.00000 4372094.00000 N.C.
439910.00000 4372098.00000 N.C.
439910.00000 4372102.00000 N.C.
439910.00000 4372106.00000 N.C.
439910.00000 4372110.00000 N.C.
439910.00000 4372114.00000 N.C.
439910.00000 4372118.00000 -130.2930
439910.00000 4372122.00000 N.C.
439910.00000 4372126.00000 N.C.
439910.00000 4372130.00000 -118.9623
439910.00000 4372134.00000 -121.2419
439910.00000 4372138.00000 -123.5441
439910.00000 4372142.00000 N.C.
439910.00000 4372146.00000 N.C.
439910.00000 4372150.00000 -122.1336
439910.00000 4372154.00000 -120.5634
439910.00000 4372158.00000 -121.6020
439910.00000 4372162.00000 -116.7099
439910.00000 4372166.00000 -112.6712
439910.00000 4372170.00000 -99.4913
439910.00000 4372174.00000 -100.1192
439910.00000 4372178.00000 -102.4421
439910.00000 4372182.00000 N.C.
439910.00000 4372186.00000 N.C.
439910.00000 4372190.00000 N.C.
439910.00000 4372194.00000 N.C.
439910.00000 4372198.00000 N.C.
439910.00000 4372202.00000 -103.2255
439910.00000 4372206.00000 -113.8916
439910.00000 4372210.00000 -110.6897
439910.00000 4372214.00000 N.C.
439910.00000 4372218.00000 N.C.
439910.00000 4372222.00000 -104.3471
439910.00000 4372226.00000 -103.3516
439910.00000 4372230.00000 -97.1497
439910.00000 4372234.00000 -99.1703
439910.00000 4372238.00000 -99.9988
439910.00000 4372242.00000 -116.3203
439910.00000 4372246.00000 N.C.
439910.00000 4372250.00000 N.C.
439910.00000 4372254.00000 N.C.
439910.00000 4372258.00000 N.C.
439910.00000 4372262.00000 N.C.
439910.00000 4372266.00000 N.C.
439910.00000 4372270.00000 N.C.
439910.00000 4372274.00000 N.C.
439910.00000 4372278.00000 -103.6869
439910.00000 4372282.00000 -109.1088
439910.00000 4372286.00000 -104.4171
439910.00000 4372290.00000 N.C.
439910.00000 4372294.00000 N.C.
439910.00000 4372298.00000 -117.5799
439910.00000 4372302.00000 -113.1902
439910.00000 4372306.00000 N.C.
439910.00000 4372310.00000 -124.2590
439910.00000 4372314.00000 -122.0253
439910.00000 4372318.00000 -106.3240
439910.00000 4372322.00000 -117.2631
439910.00000 4372326.00000 N.C.
439910.00000 4372330.00000 -124.9517
439910.00000 4372334.00000 N.C.
439910.00000 4372338.00000 -127.1842
439910.00000 4372342.00000 N.C.
439910.00000 4372346.00000 N.C.
439910.00000 4372350.00000 -121.4135
439910.00000 4372354.00000 -121.2589
439910.00000 4372358.00000 -121.1347
439910.00000 4372362.00000 -121.1037
439910.00000 4372366.00000 -120.6021
439910.00000 4372370.00000 -124.4737
439910.00000 4372374.00000 -120.8907
439910.00000 4372378.00000 -116.5993
439910.00000 4372382.00000 -104.0527
439910.00000 4372386.00000 -104.3488
439910.00000 4372390.00000 -104.4825
439910.00000 4372394.00000 -104.5928
439910.00000 4372398.00000 -104.7264
439910.00000 4372402.00000 -104.5005
439910.00000 4372406.00000 -104.7585
439910.00000 4372410.00000 -103.6703
439910.00000 4372414.00000 -105.2472
439910.00000 4372418.00000 -105.3851
439910.00000 4372422.00000 -105.2705
439910.00000 4372426.00000 -105.5687
439910.00000 4372430.00000 -105.8219
439910.00000 4372434.00000 -105.9352
439910.00000 4372438.00000 -106.0698
439910.00000 4372442.00000 -106.2335
439910.00000 4372446.00000 -106.3589
439910.00000 4372450.00000 -106.3468
439910.00000 4372454.00000 -106.5409
439910.00000 4372458.00000 -106.6392
439910.00000 4372462.00000 -106.8234
439910.00000 4372466.00000 -106.9463
439910.00000 4372470.00000 -107.1187
439910.00000 4372474.00000 -107.2237
439910.00000 4372478.00000 -107.2189
439914.00000 4371970.00000 -138.6147
439914.00000 4371974.00000 N.C.
439914.00000 4371978.00000 N.C.
439914.00000 4371982.00000 N.C.
439914.00000 4371986.00000 N.C.
439914.00000 4371990.00000 N.C.
439914.00000 4371994.00000 N.C.
439914.00000 4371998.00000 N.C.
439914.00000 4372002.00000 N.C.
439914.00000 4372006.00000 N.C.
439914.00000 4372010.00000 N.C.
439914.00000 4372014.00000 N.C.
439914.00000 4372018.00000 N.C.
439914.00000 4372022.00000 N.C.
439914.00000 4372026.00000 -159.7409
439914.00000 4372030.00000 N.C.
439914.00000 4372034.00000 -119.5455
439914.00000 4372038.00000 -140.3544
439914.00000 4372042.00000 N.C.
439914.00000 4372046.00000 -134.9177
439914.00000 4372050.00000 N.C.
439914.00000 4372054.00000 N.C.
439914.00000 4372058.00000 N.C.
439914.00000 4372062.00000 -151.3603
439914.00000 4372066.00000 -157.3366
439914.00000 4372070.00000 N.C.
439914.00000 4372074.00000 N.C.
439914.00000 4372078.00000 N.C.
439914.00000 4372082.00000 -124.3789
439914.00000 4372086.00000 -119.2881
439914.00000 4372090.00000 N.C.
439914.00000 4372094.00000 N.C.
439914.00000 4372098.00000 N.C.
439914.00000 4372102.00000 N.C.
439914.00000 4372106.00000 N.C.
439914.00000 4372110.00000 -140.6863
439914.00000 4372114.00000 N.C.
439914.00000 4372118.00000 -131.9084
439914.00000 4372122.00000 N.C.
439914.00000 4372126.00000 N.C.
439914.00000 4372130.00000 -120.1629
439914.00000 4372134.00000 -119.7395
439914.00000 4372138.00000 -130.9860
439914.00000 4372142.00000 N.C.
439914.00000 4372146.00000 N.C.
439914.00000 4372150.00000 -122.1882
439914.00000 4372154.00000 -120.8932
439914.00000 4372158.00000 -119.0340
439914.00000 4372162.00000 -110.4351
439914.00000 4372166.00000 -118.8286
439914.00000 4372170.00000 -110.3066
439914.00000 4372174.00000 -99.4794
439914.00000 4372178.00000 -98.1954
439914.00000 4372182.00000 -102.2491
439914.00000 4372186.00000 N.C.
439914.00000 4372190.00000 N.C.
439914.00000 4372194.00000 N.C.
439914.00000 4372198.00000 N.C.
439914.00000 4372202.00000 -119.8396
439914.00000 4372206.00000 -114.8952
439914.00000 4372210.00000 -113.0364
439914.00000 4372214.00000 N.C.
439914.00000 4372218.00000 N.C.
439914.00000 4372222.00000 -104.6469
439914.00000 4372226.00000 -103.7149
439914.00000 4372230.00000 -97.6613
439914.00000 4372234.00000 -96.1897
439914.00000 4372238.00000 -103.1575
439914.00000 4372242.00000 -110.7462
439914.00000 4372246.00000 N.C.
439914.00000 4372250.00000 N.C.
439914.00000 4372254.00000 N.C.
439914.00000 4372258.00000 -131.3349
439914.00000 4372262.00000 -129.9047
439914.00000 4372266.00000 -125.5656
439914.00000 4372270.00000 N.C.
439914.00000 4372274.00000 N.C.
439914.00000 4372278.00000 -112.5881
439914.00000 4372282.00000 -104.2861
439914.00000 4372286.00000 -103.1741
439914.00000 4372290.00000 N.C.
439914.00000 4372294.00000 N.C.
439914.00000 4372298.00000 -115.4125
439914.00000 4372302.00000 -119.8250
439914.00000 4372306.00000 N.C.
439914.00000 4372310.00000 -130.0003
439914.00000 4372314.00000 -129.6917
439914.00000 4372318.00000 -121.1043
439914.00000 4372322.00000 N.C.
439914.00000 4372326.00000 N.C.
439914.00000 4372330.00000 -120.5831
439914.00000 4372334.00000 N.C.
439914.00000 4372338.00000 -114.4972
439914.00000 4372342.00000 N.C.
439914.00000 4372346.00000 N.C.
439914.00000 4372350.00000 -121.8557
439914.00000 4372354.00000 -121.4386
439914.00000 4372358.00000 -121.1516
439914.00000 4372362.00000 -130.9545
439914.00000 4372366.00000 -129.8099
439914.00000 4372370.00000 -122.0928
439914.00000 4372374.00000 -116.1141
439914.00000 4372378.00000 -103.7527
439914.00000 4372382.00000 -104.0743
439914.00000 4372386.00000 -104.2025
439914.00000 4372390.00000 -104.3195
439914.00000 4372394.00000 -104.2169
439914.00000 4372398.00000 -104.2294
439914.00000 4372402.00000 -103.1253
439914.00000 4372406.00000 -103.2588
439914.00000 4372410.00000 -104.7535
439914.00000 4372414.00000 -104.8924
439914.00000 4372418.00000 -104.7880
439914.00000 4372422.00000 -104.9295
439914.00000 4372426.00000 -105.5817
439914.00000 4372430.00000 -105.6966
439914.00000 4372434.00000 -105.8363
439914.00000 4372438.00000 -105.9697
439914.00000 4372442.00000 -106.1302
439914.00000 4372446.00000 -106.2522
439914.00000 4372450.00000 -106.2618
439914.00000 4372454.00000 -106.4179
439914.00000 4372458.00000 -106.5392
439914.00000 4372462.00000 -106.7757
439914.00000 4372466.00000 -106.9089
439914.00000 4372470.00000 -106.8647
439914.00000 4372474.00000 -107.0321
439914.00000 4372478.00000 -107.3332
439918.00000 4371970.00000 -135.0672
439918.00000 4371974.00000 N.C.
439918.00000 4371978.00000 N.C.
439918.00000 4371982.00000 N.C.
439918.00000 4371986.00000 N.C.
439918.00000 4371990.00000 N.C.
439918.00000 4371994.00000 -152.1292
439918.00000 4371998.00000 N.C.
439918.00000 4372002.00000 -147.4958
439918.00000 4372006.00000 -146.3112
439918.00000 4372010.00000 -151.6999
439918.00000 4372014.00000 -159.6935
439918.00000 4372018.00000 N.C.
439918.00000 4372022.00000 N.C.
439918.00000 4372026.00000 -146.7449
439918.00000 4372030.00000 N.C.
439918.00000 4372034.00000 N.C.
439918.00000 4372038.00000 -129.9108
439918.00000 4372042.00000 N.C.
439918.00000 4372046.00000 N.C.
439918.00000 4372050.00000 N.C.
439918.00000 4372054.00000 N.C.
439918.00000 4372058.00000 N.C.
439918.00000 4372062.00000 -152.5589
439918.00000 4372066.00000 N.C.
439918.00000 4372070.00000 N.C.
439918.00000 4372074.00000 N.C.
439918.00000 4372078.00000 -128.2698
439918.00000 4372082.00000 -124.5997
439918.00000 4372086.00000 -109.0189
439918.00000 4372090.00000 -121.7819
439918.00000 4372094.00000 N.C.
439918.00000 4372098.00000 N.C.
439918.00000 4372102.00000 N.C.
439918.00000 4372106.00000 N.C.
439918.00000 4372110.00000 -144.6540
439918.00000 4372114.00000 N.C.
439918.00000 4372118.00000 -130.3063
439918.00000 4372122.00000 N.C.
439918.00000 4372126.00000 N.C.
439918.00000 4372130.00000 -114.9918
439918.00000 4372134.00000 -120.7074
439918.00000 4372138.00000 -125.7320
439918.00000 4372142.00000 N.C.
439918.00000 4372146.00000 N.C.
439918.00000 4372150.00000 -126.4910
439918.00000 4372154.00000 -122.7970
439918.00000 4372158.00000 -113.6136
439918.00000 4372162.00000 -113.0709
439918.00000 4372166.00000 -117.6555
439918.00000 4372170.00000 -114.8725
439918.00000 4372174.00000 -98.6631
439918.00000 4372178.00000 -97.4443
439918.00000 4372182.00000 -103.2334
439918.00000 4372186.00000 -113.1882
439918.00000 4372190.00000 -130.5850
439918.00000 4372194.00000 -130.6772
439918.00000 4372198.00000 -111.8315
439918.00000 4372202.00000 -122.7978
439918.00000 4372206.00000 -120.2766
439918.00000 4372210.00000 -122.4891
439918.00000 4372214.00000 N.C.
439918.00000 4372218.00000 N.C.
439918.00000 4372222.00000 -105.3487
439918.00000 4372226.00000 -103.7264
439918.00000 4372230.00000 -97.0973
439918.00000 4372234.00000 -96.5903
439918.00000 4372238.00000 -101.5913
439918.00000 4372242.00000 -110.7687
439918.00000 4372246.00000 -130.2257
439918.00000 4372250.00000 -115.4381
439918.00000 4372254.00000 -130.6740
439918.00000 4372258.00000 N.C.
439918.00000 4372262.00000 N.C.
439918.00000 4372266.00000 N.C.
439918.00000 4372270.00000 N.C.
439918.00000 4372274.00000 N.C.
439918.00000 4372278.00000 -111.3309
439918.00000 4372282.00000 -103.6120
439918.00000 4372286.00000 -107.9353
439918.00000 4372290.00000 N.C.
439918.00000 4372294.00000 N.C.
439918.00000 4372298.00000 N.C.
439918.00000 4372302.00000 -109.5157
439918.00000 4372306.00000 N.C.
439918.00000 4372310.00000 N.C.
439918.00000 4372314.00000 N.C.
439918.00000 4372318.00000 N.C.
439918.00000 4372322.00000 N.C.
439918.00000 4372326.00000 N.C.
439918.00000 4372330.00000 -100.2375
439918.00000 4372334.00000 N.C.
439918.00000 4372338.00000 -102.1237
439918.00000 4372342.00000 N.C.
439918.00000 4372346.00000 -151.7470
439918.00000 4372350.00000 -122.5783
439918.00000 4372354.00000 -121.1304
439918.00000 4372358.00000 -129.9264
439918.00000 4372362.00000 -127.6753
439918.00000 4372366.00000 -125.1925
439918.00000 4372370.00000 -115.2720
439918.00000 4372374.00000 -103.4375
439918.00000 4372378.00000 -103.7753
439918.00000 4372382.00000 -103.9483
439918.00000 4372386.00000 -104.0386
439918.00000 4372390.00000 -104.1925
439918.00000 4372394.00000 -103.9556
439918.00000 4372398.00000 -102.8685
439918.00000 4372402.00000 -103.0080
439918.00000 4372406.00000 -104.4791
439918.00000 4372410.00000 -104.3126
439918.00000 4372414.00000 -104.5177
439918.00000 4372418.00000 -105.0139
439918.00000 4372422.00000 -105.1604
439918.00000 4372426.00000 -105.4517
439918.00000 4372430.00000 -105.5906
439918.00000 4372434.00000 -105.7313
439918.00000 4372438.00000 -105.8559
439918.00000 4372442.00000 -105.9916
439918.00000 4372446.00000 -106.1383
439918.00000 4372450.00000 -106.1344
439918.00000 4372454.00000 -106.3342
439918.00000 4372458.00000 -106.5049
439918.00000 4372462.00000 -106.4592
439918.00000 4372466.00000 -106.6978
439918.00000 4372470.00000 -106.9855
439918.00000 4372474.00000 -107.1238
439918.00000 4372478.00000 -107.2807
439922.00000 4371970.00000 -132.9177
439922.00000 4371974.00000 -135.4313
439922.00000 4371978.00000 -137.8388
439922.00000 4371982.00000 -153.6324
439922.00000 4371986.00000 N.C.
439922.00000 4371990.00000 N.C.
439922.00000 4371994.00000 -151.7652
439922.00000 4371998.00000 N.C.
439922.00000 4372002.00000 -149.3916
439922.00000 4372006.00000 -146.7920
439922.00000 4372010.00000 -159.1905
439922.00000 4372014.00000 -154.3170
439922.00000 4372018.00000 N.C.
439922.00000 4372022.00000 N.C.
439922.00000 4372026.00000 -142.5856
439922.00000 4372030.00000 N.C.
439922.00000 4372034.00000 N.C.
439922.00000 4372038.00000 -130.7169
439922.00000 4372042.00000 N.C.
439922.00000 4372046.00000 N.C.
439922.00000 4372050.00000 -137.4813
439922.00000 4372054.00000 N.C.
439922.00000 4372058.00000 N.C.
439922.00000 4372062.00000 N.C.
439922.00000 4372066.00000 N.C.
439922.00000 4372070.00000 N.C.
439922.00000 4372074.00000 N.C.
439922.00000 4372078.00000 N.C.
439922.00000 4372082.00000 -124.2313
439922.00000 4372086.00000 -119.2432
439922.00000 4372090.00000 -116.2378
439922.00000 4372094.00000 N.C.
439922.00000 4372098.00000 N.C.
439922.00000 4372102.00000 N.C.
439922.00000 4372106.00000 N.C.
439922.00000 4372110.00000 N.C.
439922.00000 4372114.00000 N.C.
439922.00000 4372118.00000 -133.7846
439922.00000 4372122.00000 N.C.
439922.00000 4372126.00000 N.C.
439922.00000 4372130.00000 -114.4365
439922.00000 4372134.00000 -115.3203
439922.00000 4372138.00000 -131.0928
439922.00000 4372142.00000 N.C.
439922.00000 4372146.00000 N.C.
439922.00000 4372150.00000 N.C.
439922.00000 4372154.00000 N.C.
439922.00000 4372158.00000 N.C.
439922.00000 4372162.00000 -113.0955
439922.00000 4372166.00000 -113.2869
439922.00000 4372170.00000 -115.6809
439922.00000 4372174.00000 -101.4119
439922.00000 4372178.00000 -100.6833
439922.00000 4372182.00000 N.C.
439922.00000 4372186.00000 N.C.
439922.00000 4372190.00000 N.C.
439922.00000 4372194.00000 N.C.
439922.00000 4372198.00000 N.C.
439922.00000 4372202.00000 N.C.
439922.00000 4372206.00000 N.C.
439922.00000 4372210.00000 N.C.
439922.00000 4372214.00000 N.C.
439922.00000 4372218.00000 N.C.
439922.00000 4372222.00000 -106.4415
439922.00000 4372226.00000 -104.4983
439922.00000 4372230.00000 -99.9311
439922.00000 4372234.00000 -96.0439
439922.00000 4372238.00000 -107.6228
439922.00000 4372242.00000 N.C.
439922.00000 4372246.00000 N.C.
439922.00000 4372250.00000 -115.4076
439922.00000 4372254.00000 N.C.
439922.00000 4372258.00000 N.C.
439922.00000 4372262.00000 N.C.
439922.00000 4372266.00000 N.C.
439922.00000 4372270.00000 -98.1253
439922.00000 4372274.00000 N.C.
439922.00000 4372278.00000 -110.5921
439922.00000 4372282.00000 -112.2941
439922.00000 4372286.00000 -109.7069
439922.00000 4372290.00000 N.C.
439922.00000 4372294.00000 N.C.
439922.00000 4372298.00000 -121.3355
439922.00000 4372302.00000 N.C.
439922.00000 4372306.00000 N.C.
439922.00000 4372310.00000 -120.7221
439922.00000 4372314.00000 -112.8295
439922.00000 4372318.00000 -105.1709
439922.00000 4372322.00000 -104.6431
439922.00000 4372326.00000 -104.9197
439922.00000 4372330.00000 -107.5980
439922.00000 4372334.00000 -106.7195
439922.00000 4372338.00000 -106.4830
439922.00000 4372342.00000 -117.7661
439922.00000 4372346.00000 -114.2708
439922.00000 4372350.00000 -129.8975
439922.00000 4372354.00000 -131.1893
439922.00000 4372358.00000 -127.5274
439922.00000 4372362.00000 -126.0167
439922.00000 4372366.00000 -115.3137
439922.00000 4372370.00000 -103.0583
439922.00000 4372374.00000 -103.4806
439922.00000 4372378.00000 -103.6474
439922.00000 4372382.00000 -103.7765
439922.00000 4372386.00000 -103.7681
439922.00000 4372390.00000 -103.5862
439922.00000 4372394.00000 -107.3651
439922.00000 4372398.00000 -107.3509
439922.00000 4372402.00000 -113.6382
439922.00000 4372406.00000 -111.9039
439922.00000 4372410.00000 -104.2049
439922.00000 4372414.00000 -104.7414
439922.00000 4372418.00000 -104.9052
439922.00000 4372422.00000 -105.0037
439922.00000 4372426.00000 -105.3405
439922.00000 4372430.00000 -105.4867
439922.00000 4372434.00000 -105.6329
439922.00000 4372438.00000 -105.7459
439922.00000 4372442.00000 -105.9109
439922.00000 4372446.00000 -106.0346
439922.00000 4372450.00000 -106.0488
439922.00000 4372454.00000 -106.2799
439922.00000 4372458.00000 -106.2298
439922.00000 4372462.00000 -106.4072
439922.00000 4372466.00000 -106.7693
439922.00000 4372470.00000 -106.9000
439922.00000 4372474.00000 -107.0799
439922.00000 4372478.00000 -107.1132
439926.00000 4371970.00000 -130.0443
439926.00000 4371974.00000 -130.7476
439926.00000 4371978.00000 -130.9806
439926.00000 4371982.00000 -131.2816
439926.00000 4371986.00000 -134.0276
439926.00000 4371990.00000 -134.2929
439926.00000 4371994.00000 -152.1517
439926.00000 4371998.00000 N.C.
439926.00000 4372002.00000 N.C.
439926.00000 4372006.00000 N.C.
439926.00000 4372010.00000 N.C.
439926.00000 4372014.00000 -150.2897
439926.00000 4372018.00000 N.C.
439926.00000 4372022.00000 N.C.
439926.00000 4372026.00000 -139.6904
439926.00000 4372030.00000 N.C.
439926.00000 4372034.00000 N.C.
439926.00000 4372038.00000 -132.8732
439926.00000 4372042.00000 N.C.
439926.00000 4372046.00000 N.C.
439926.00000 4372050.00000 -136.7643
439926.00000 4372054.00000 N.C.
439926.00000 4372058.00000 N.C.
439926.00000 4372062.00000 -131.6274
439926.00000 4372066.00000 -136.3702
439926.00000 4372070.00000 -138.9075
439926.00000 4372074.00000 N.C.
439926.00000 4372078.00000 N.C.
439926.00000 4372082.00000 -117.7228
439926.00000 4372086.00000 -120.9996
439926.00000 4372090.00000 -121.3179
439926.00000 4372094.00000 N.C.
439926.00000 4372098.00000 N.C.
439926.00000 4372102.00000 N.C.
439926.00000 4372106.00000 -132.7922
439926.00000 4372110.00000 -128.5112
439926.00000 4372114.00000 -131.9278
439926.00000 4372118.00000 -138.2320
439926.00000 4372122.00000 N.C.
439926.00000 4372126.00000 N.C.
439926.00000 4372130.00000 N.C.
439926.00000 4372134.00000 -114.8194
439926.00000 4372138.00000 -115.5901
439926.00000 4372142.00000 N.C.
439926.00000 4372146.00000 -137.0676
439926.00000 4372150.00000 N.C.
439926.00000 4372154.00000 N.C.
439926.00000 4372158.00000 N.C.
439926.00000 4372162.00000 -113.4086
439926.00000 4372166.00000 -113.9176
439926.00000 4372170.00000 N.C.
439926.00000 4372174.00000 N.C.
439926.00000 4372178.00000 -102.1366
439926.00000 4372182.00000 N.C.
439926.00000 4372186.00000 N.C.
439926.00000 4372190.00000 N.C.
439926.00000 4372194.00000 N.C.
439926.00000 4372198.00000 N.C.
439926.00000 4372202.00000 N.C.
439926.00000 4372206.00000 -118.0426
439926.00000 4372210.00000 -114.4191
439926.00000 4372214.00000 -118.3381
439926.00000 4372218.00000 N.C.
439926.00000 4372222.00000 N.C.
439926.00000 4372226.00000 -106.2445
439926.00000 4372230.00000 -101.6555
439926.00000 4372234.00000 -97.3291
439926.00000 4372238.00000 -111.3361
439926.00000 4372242.00000 N.C.
439926.00000 4372246.00000 N.C.
439926.00000 4372250.00000 -127.1092
439926.00000 4372254.00000 N.C.
439926.00000 4372258.00000 N.C.
439926.00000 4372262.00000 N.C.
439926.00000 4372266.00000 -102.4062
439926.00000 4372270.00000 -97.9124
439926.00000 4372274.00000 N.C.
439926.00000 4372278.00000 -108.1536
439926.00000 4372282.00000 -110.0085
439926.00000 4372286.00000 -103.6409
439926.00000 4372290.00000 -99.0804
439926.00000 4372294.00000 -123.0666
439926.00000 4372298.00000 -119.1364
439926.00000 4372302.00000 N.C.
439926.00000 4372306.00000 -126.8028
439926.00000 4372310.00000 -119.2769
439926.00000 4372314.00000 -110.7273
439926.00000 4372318.00000 -113.2716
439926.00000 4372322.00000 -108.1907
439926.00000 4372326.00000 -107.2411
439926.00000 4372330.00000 -106.9640
439926.00000 4372334.00000 -109.2541
439926.00000 4372338.00000 -104.8965
439926.00000 4372342.00000 N.C.
439926.00000 4372346.00000 N.C.
439926.00000 4372350.00000 -142.9218
439926.00000 4372354.00000 -139.0021
439926.00000 4372358.00000 -129.9750
439926.00000 4372362.00000 -114.6798
439926.00000 4372366.00000 -102.7351
439926.00000 4372370.00000 -103.1802
439926.00000 4372374.00000 -103.3520
439926.00000 4372378.00000 -103.4760
439926.00000 4372382.00000 -103.4984
439926.00000 4372386.00000 -111.9960
439926.00000 4372390.00000 -107.1073
439926.00000 4372394.00000 -112.7987
439926.00000 4372398.00000 -112.9131
439926.00000 4372402.00000 -107.4777
439926.00000 4372406.00000 -114.4086
439926.00000 4372410.00000 -104.4243
439926.00000 4372414.00000 -104.6240
439926.00000 4372418.00000 -104.7470
439926.00000 4372422.00000 -104.9238
439926.00000 4372426.00000 -105.2393
439926.00000 4372430.00000 -105.3828
439926.00000 4372434.00000 -105.5002
439926.00000 4372438.00000 -105.5971
439926.00000 4372442.00000 -105.7985
439926.00000 4372446.00000 -105.9330
439926.00000 4372450.00000 -105.8154
439926.00000 4372454.00000 -105.9972
439926.00000 4372458.00000 -106.3448
439926.00000 4372462.00000 -106.4898
439926.00000 4372466.00000 -106.6830
439926.00000 4372470.00000 -106.7739
439926.00000 4372474.00000 -106.9178
439926.00000 4372478.00000 -107.1447
439930.00000 4371970.00000 -129.4880
439930.00000 4371974.00000 -132.0892
439930.00000 4371978.00000 -131.4450
439930.00000 4371982.00000 -132.1838
439930.00000 4371986.00000 -132.5791
439930.00000 4371990.00000 -148.9414
439930.00000 4371994.00000 -152.8680
439930.00000 4371998.00000 -155.6004
439930.00000 4372002.00000 -137.4821
439930.00000 4372006.00000 N.C.
439930.00000 4372010.00000 N.C.
439930.00000 4372014.00000 -126.9397
439930.00000 4372018.00000 -128.4905
439930.00000 4372022.00000 -139.0904
439930.00000 4372026.00000 -138.2069
439930.00000 4372030.00000 N.C.
439930.00000 4372034.00000 N.C.
439930.00000 4372038.00000 -133.6769
439930.00000 4372042.00000 N.C.
439930.00000 4372046.00000 N.C.
439930.00000 4372050.00000 -136.1252
439930.00000 4372054.00000 N.C.
439930.00000 4372058.00000 N.C.
439930.00000 4372062.00000 -132.2043
439930.00000 4372066.00000 -131.6974
439930.00000 4372070.00000 -138.6928
439930.00000 4372074.00000 N.C.
439930.00000 4372078.00000 N.C.
439930.00000 4372082.00000 -114.0276
439930.00000 4372086.00000 -120.4056
439930.00000 4372090.00000 -124.2570
439930.00000 4372094.00000 -121.5381
439930.00000 4372098.00000 N.C.
439930.00000 4372102.00000 -134.7925
439930.00000 4372106.00000 N.C.
439930.00000 4372110.00000 N.C.
439930.00000 4372114.00000 N.C.
439930.00000 4372118.00000 N.C.
439930.00000 4372122.00000 N.C.
439930.00000 4372126.00000 N.C.
439930.00000 4372130.00000 N.C.
439930.00000 4372134.00000 -114.7805
439930.00000 4372138.00000 -115.1131
439930.00000 4372142.00000 N.C.
439930.00000 4372146.00000 -134.4641
439930.00000 4372150.00000 N.C.
439930.00000 4372154.00000 N.C.
439930.00000 4372158.00000 N.C.
439930.00000 4372162.00000 -111.5986
439930.00000 4372166.00000 -114.8932
439930.00000 4372170.00000 N.C.
439930.00000 4372174.00000 N.C.
439930.00000 4372178.00000 -102.7104
439930.00000 4372182.00000 -104.5872
439930.00000 4372186.00000 -109.3067
439930.00000 4372190.00000 N.C.
439930.00000 4372194.00000 N.C.
439930.00000 4372198.00000 N.C.
439930.00000 4372202.00000 N.C.
439930.00000 4372206.00000 -117.3943
439930.00000 4372210.00000 -121.7240
439930.00000 4372214.00000 -118.2478
439930.00000 4372218.00000 N.C.
439930.00000 4372222.00000 N.C.
439930.00000 4372226.00000 -111.5168
439930.00000 4372230.00000 -103.6438
439930.00000 4372234.00000 -97.3700
439930.00000 4372238.00000 -112.9865
439930.00000 4372242.00000 N.C.
439930.00000 4372246.00000 N.C.
439930.00000 4372250.00000 -127.3867
439930.00000 4372254.00000 N.C.
439930.00000 4372258.00000 N.C.
439930.00000 4372262.00000 N.C.
439930.00000 4372266.00000 -106.3133
439930.00000 4372270.00000 -97.6010
439930.00000 4372274.00000 N.C.
439930.00000 4372278.00000 -109.9330
439930.00000 4372282.00000 -106.9900
439930.00000 4372286.00000 -105.4965
439930.00000 4372290.00000 -119.9036
439930.00000 4372294.00000 -126.0185
439930.00000 4372298.00000 -117.7441
439930.00000 4372302.00000 N.C.
439930.00000 4372306.00000 -113.0160
439930.00000 4372310.00000 -111.7631
439930.00000 4372314.00000 -112.2146
439930.00000 4372318.00000 -113.9278
439930.00000 4372322.00000 -113.8382
439930.00000 4372326.00000 -105.6556
439930.00000 4372330.00000 -107.2506
439930.00000 4372334.00000 -109.1348
439930.00000 4372338.00000 -110.5772
439930.00000 4372342.00000 N.C.
439930.00000 4372346.00000 N.C.
439930.00000 4372350.00000 -145.6317
439930.00000 4372354.00000 -143.6176
439930.00000 4372358.00000 -122.6788
439930.00000 4372362.00000 -102.4067
439930.00000 4372366.00000 -102.8071
439930.00000 4372370.00000 -103.0365
439930.00000 4372374.00000 -103.1712
439930.00000 4372378.00000 -103.1517
439930.00000 4372382.00000 -111.6680
439930.00000 4372386.00000 -106.8667
439930.00000 4372390.00000 -113.4537
439930.00000 4372394.00000 -112.6753
439930.00000 4372398.00000 -107.1274
439930.00000 4372402.00000 -108.0861
439930.00000 4372406.00000 -114.4155
439930.00000 4372410.00000 -104.3109
439930.00000 4372414.00000 -104.5118
439930.00000 4372418.00000 -104.6547
439930.00000 4372422.00000 -104.8043
439930.00000 4372426.00000 -105.1338
439930.00000 4372430.00000 -105.2561
439930.00000 4372434.00000 -105.3411
439930.00000 4372438.00000 -105.5120
439930.00000 4372442.00000 -105.2640
439930.00000 4372446.00000 -105.7540
439930.00000 4372450.00000 -105.9481
439930.00000 4372454.00000 -106.0528
439930.00000 4372458.00000 -106.2581
439930.00000 4372462.00000 -106.3185
439930.00000 4372466.00000 -106.5475
439930.00000 4372470.00000 -106.7025
439930.00000 4372474.00000 -106.9364
439930.00000 4372478.00000 -107.0667
439934.00000 4371970.00000 -129.1270
439934.00000 4371974.00000 -135.1557
439934.00000 4371978.00000 -135.8306
439934.00000 4371982.00000 -138.1883
439934.00000 4371986.00000 -138.6165
439934.00000 4371990.00000 -148.0497
439934.00000 4371994.00000 -152.6777
439934.00000 4371998.00000 N.C.
439934.00000 4372002.00000 -137.6975
439934.00000 4372006.00000 N.C.
439934.00000 4372010.00000 N.C.
439934.00000 4372014.00000 -132.3266
439934.00000 4372018.00000 -128.9799
439934.00000 4372022.00000 -127.6042
439934.00000 4372026.00000 -137.7900
439934.00000 4372030.00000 N.C.
439934.00000 4372034.00000 N.C.
439934.00000 4372038.00000 -135.2313
439934.00000 4372042.00000 N.C.
439934.00000 4372046.00000 N.C.
439934.00000 4372050.00000 -134.9310
439934.00000 4372054.00000 N.C.
439934.00000 4372058.00000 N.C.
439934.00000 4372062.00000 -141.7403
439934.00000 4372066.00000 -138.3363
439934.00000 4372070.00000 -129.7233
439934.00000 4372074.00000 -125.7868
439934.00000 4372078.00000 -122.1640
439934.00000 4372082.00000 -122.3497
439934.00000 4372086.00000 -130.0247
439934.00000 4372090.00000 -121.4002
439934.00000 4372094.00000 -111.0753
439934.00000 4372098.00000 N.C.
439934.00000 4372102.00000 -136.1750
439934.00000 4372106.00000 N.C.
439934.00000 4372110.00000 N.C.
439934.00000 4372114.00000 N.C.
439934.00000 4372118.00000 N.C.
439934.00000 4372122.00000 N.C.
439934.00000 4372126.00000 N.C.
439934.00000 4372130.00000 N.C.
439934.00000 4372134.00000 -113.2712
439934.00000 4372138.00000 -113.3650
439934.00000 4372142.00000 N.C.
439934.00000 4372146.00000 N.C.
439934.00000 4372150.00000 N.C.
439934.00000 4372154.00000 N.C.
439934.00000 4372158.00000 N.C.
439934.00000 4372162.00000 -111.2363
439934.00000 4372166.00000 -112.7314
439934.00000 4372170.00000 N.C.
439934.00000 4372174.00000 N.C.
439934.00000 4372178.00000 -103.9279
439934.00000 4372182.00000 -105.0026
439934.00000 4372186.00000 -108.7184
439934.00000 4372190.00000 N.C.
439934.00000 4372194.00000 N.C.
439934.00000 4372198.00000 N.C.
439934.00000 4372202.00000 N.C.
439934.00000 4372206.00000 -115.4747
439934.00000 4372210.00000 -113.4091
439934.00000 4372214.00000 -115.2360
439934.00000 4372218.00000 N.C.
439934.00000 4372222.00000 N.C.
439934.00000 4372226.00000 -112.4797
439934.00000 4372230.00000 -105.7466
439934.00000 4372234.00000 -96.9705
439934.00000 4372238.00000 -113.8850
439934.00000 4372242.00000 N.C.
439934.00000 4372246.00000 N.C.
439934.00000 4372250.00000 -129.0476
439934.00000 4372254.00000 N.C.
439934.00000 4372258.00000 N.C.
439934.00000 4372262.00000 N.C.
439934.00000 4372266.00000 -101.8258
439934.00000 4372270.00000 -96.9382
439934.00000 4372274.00000 N.C.
439934.00000 4372278.00000 -109.5248
439934.00000 4372282.00000 -107.5737
439934.00000 4372286.00000 -108.8778
439934.00000 4372290.00000 N.C.
439934.00000 4372294.00000 N.C.
439934.00000 4372298.00000 -105.2776
439934.00000 4372302.00000 N.C.
439934.00000 4372306.00000 -116.3495
439934.00000 4372310.00000 -115.0712
439934.00000 4372314.00000 -114.4909
439934.00000 4372318.00000 -117.7155
439934.00000 4372322.00000 -114.3707
439934.00000 4372326.00000 -108.9656
439934.00000 4372330.00000 -109.3941
439934.00000 4372334.00000 -110.3991
439934.00000 4372338.00000 -115.4340
439934.00000 4372342.00000 N.C.
439934.00000 4372346.00000 N.C.
439934.00000 4372350.00000 -145.2406
439934.00000 4372354.00000 -130.3412
439934.00000 4372358.00000 -102.1570
439934.00000 4372362.00000 -102.4605
439934.00000 4372366.00000 -102.6994
439934.00000 4372370.00000 -102.8170
439934.00000 4372374.00000 -102.8367
439934.00000 4372378.00000 -104.5289
439934.00000 4372382.00000 -104.6896
439934.00000 4372386.00000 -107.7477
439934.00000 4372390.00000 -105.0152
439934.00000 4372394.00000 -104.9819
439934.00000 4372398.00000 -107.8415
439934.00000 4372402.00000 -107.9835
439934.00000 4372406.00000 -114.1289
439934.00000 4372410.00000 -104.1905
439934.00000 4372414.00000 -104.3867
439934.00000 4372418.00000 -104.5608
439934.00000 4372422.00000 -104.7240
439934.00000 4372426.00000 -104.9917
439934.00000 4372430.00000 -105.1093
439934.00000 4372434.00000 -105.2861
439934.00000 4372438.00000 -105.0815
439934.00000 4372442.00000 -105.2277
439934.00000 4372446.00000 -105.8080
439934.00000 4372450.00000 -105.8224
439934.00000 4372454.00000 -105.9546
439934.00000 4372458.00000 -106.0880
439934.00000 4372462.00000 -106.2502
439934.00000 4372466.00000 -106.5826
439934.00000 4372470.00000 -106.7238
439934.00000 4372474.00000 -106.8551
439934.00000 4372478.00000 -106.9944
439938.00000 4371970.00000 -133.5630
439938.00000 4371974.00000 -140.6964
439938.00000 4371978.00000 -147.1228
439938.00000 4371982.00000 N.C.
439938.00000 4371986.00000 -141.1438
439938.00000 4371990.00000 -145.3360
439938.00000 4371994.00000 -159.9793
439938.00000 4371998.00000 N.C.
439938.00000 4372002.00000 -138.3867
439938.00000 4372006.00000 N.C.
439938.00000 4372010.00000 N.C.
439938.00000 4372014.00000 -131.3073
439938.00000 4372018.00000 -131.3599
439938.00000 4372022.00000 -129.1644
439938.00000 4372026.00000 -128.1248
439938.00000 4372030.00000 -135.8195
439938.00000 4372034.00000 -141.0270
439938.00000 4372038.00000 -137.7774
439938.00000 4372042.00000 -140.1903
439938.00000 4372046.00000 N.C.
439938.00000 4372050.00000 -136.4146
439938.00000 4372054.00000 -139.2377
439938.00000 4372058.00000 -146.5761
439938.00000 4372062.00000 -147.2386
439938.00000 4372066.00000 -148.8455
439938.00000 4372070.00000 N.C.
439938.00000 4372074.00000 -129.4184
439938.00000 4372078.00000 N.C.
439938.00000 4372082.00000 N.C.
439938.00000 4372086.00000 N.C.
439938.00000 4372090.00000 -111.1903
439938.00000 4372094.00000 -120.7219
439938.00000 4372098.00000 N.C.
439938.00000 4372102.00000 -133.0966
439938.00000 4372106.00000 N.C.
439938.00000 4372110.00000 N.C.
439938.00000 4372114.00000 -127.6349
439938.00000 4372118.00000 N.C.
439938.00000 4372122.00000 N.C.
439938.00000 4372126.00000 N.C.
439938.00000 4372130.00000 N.C.
439938.00000 4372134.00000 -117.3516
439938.00000 4372138.00000 -117.3215
439938.00000 4372142.00000 N.C.
439938.00000 4372146.00000 N.C.
439938.00000 4372150.00000 N.C.
439938.00000 4372154.00000 N.C.
439938.00000 4372158.00000 N.C.
439938.00000 4372162.00000 N.C.
439938.00000 4372166.00000 -117.5220
439938.00000 4372170.00000 N.C.
439938.00000 4372174.00000 N.C.
439938.00000 4372178.00000 -97.5970
439938.00000 4372182.00000 -105.4349
439938.00000 4372186.00000 -111.1321
439938.00000 4372190.00000 N.C.
439938.00000 4372194.00000 N.C.
439938.00000 4372198.00000 N.C.
439938.00000 4372202.00000 N.C.
439938.00000 4372206.00000 -120.7005
439938.00000 4372210.00000 -120.4304
439938.00000 4372214.00000 -119.2820
439938.00000 4372218.00000 N.C.
439938.00000 4372222.00000 N.C.
439938.00000 4372226.00000 -113.2178
439938.00000 4372230.00000 -106.1428
439938.00000 4372234.00000 -94.6233
439938.00000 4372238.00000 -114.2847
439938.00000 4372242.00000 N.C.
439938.00000 4372246.00000 N.C.
439938.00000 4372250.00000 -130.6740
439938.00000 4372254.00000 N.C.
439938.00000 4372258.00000 N.C.
439938.00000 4372262.00000 N.C.
439938.00000 4372266.00000 -115.2743
439938.00000 4372270.00000 -99.2998
439938.00000 4372274.00000 N.C.
439938.00000 4372278.00000 -109.3914
439938.00000 4372282.00000 -106.2051
439938.00000 4372286.00000 -102.1445
439938.00000 4372290.00000 -98.7977
439938.00000 4372294.00000 -100.9785
439938.00000 4372298.00000 -109.5987
439938.00000 4372302.00000 -99.0027
439938.00000 4372306.00000 -107.1096
439938.00000 4372310.00000 -116.1909
439938.00000 4372314.00000 -124.0672
439938.00000 4372318.00000 -117.9288
439938.00000 4372322.00000 -114.5287
439938.00000 4372326.00000 -113.4164
439938.00000 4372330.00000 -108.5982
439938.00000 4372334.00000 -109.7197
439938.00000 4372338.00000 -110.2199
439938.00000 4372342.00000 N.C.
439938.00000 4372346.00000 N.C.
439938.00000 4372350.00000 -142.9734
439938.00000 4372354.00000 -101.7945
439938.00000 4372358.00000 -102.1161
439938.00000 4372362.00000 -102.2931
439938.00000 4372366.00000 -102.4832
439938.00000 4372370.00000 -102.5130
439938.00000 4372374.00000 -104.2815
439938.00000 4372378.00000 -107.3487
439938.00000 4372382.00000 -107.4786
439938.00000 4372386.00000 -104.7762
439938.00000 4372390.00000 -107.6705
439938.00000 4372394.00000 -107.6661
439938.00000 4372398.00000 -107.7840
439938.00000 4372402.00000 -107.9318
439938.00000 4372406.00000 -114.0829
439938.00000 4372410.00000 -104.0634
439938.00000 4372414.00000 -104.2947
439938.00000 4372418.00000 -104.4455
439938.00000 4372422.00000 -104.5769
439938.00000 4372426.00000 -104.8578
439938.00000 4372430.00000 -104.5715
439938.00000 4372434.00000 -104.8073
439938.00000 4372438.00000 -105.4370
439938.00000 4372442.00000 -105.5441
439938.00000 4372446.00000 -105.6946
439938.00000 4372450.00000 -105.6663
439938.00000 4372454.00000 -105.8230
439938.00000 4372458.00000 -106.1125
439938.00000 4372462.00000 -106.3041
439938.00000 4372466.00000 -106.5072
439938.00000 4372470.00000 -106.6733
439938.00000 4372474.00000 -106.8142
439938.00000 4372478.00000 -106.9491
439942.00000 4371970.00000 -131.7375
439942.00000 4371974.00000 -140.2798
439942.00000 4371978.00000 N.C.
439942.00000 4371982.00000 N.C.
439942.00000 4371986.00000 -143.5164
439942.00000 4371990.00000 -150.7318
439942.00000 4371994.00000 -160.0182
439942.00000 4371998.00000 N.C.
439942.00000 4372002.00000 N.C.
439942.00000 4372006.00000 N.C.
439942.00000 4372010.00000 N.C.
439942.00000 4372014.00000 -134.1673
439942.00000 4372018.00000 -133.4366
439942.00000 4372022.00000 -133.2628
439942.00000 4372026.00000 -132.4248
439942.00000 4372030.00000 -131.5892
439942.00000 4372034.00000 -140.5372
439942.00000 4372038.00000 -139.5386
439942.00000 4372042.00000 N.C.
439942.00000 4372046.00000 N.C.
439942.00000 4372050.00000 N.C.
439942.00000 4372054.00000 N.C.
439942.00000 4372058.00000 N.C.
439942.00000 4372062.00000 N.C.
439942.00000 4372066.00000 N.C.
439942.00000 4372070.00000 N.C.
439942.00000 4372074.00000 -126.9424
439942.00000 4372078.00000 N.C.
439942.00000 4372082.00000 N.C.
439942.00000 4372086.00000 N.C.
439942.00000 4372090.00000 -117.6531
439942.00000 4372094.00000 -119.8442
439942.00000 4372098.00000 N.C.
439942.00000 4372102.00000 N.C.
439942.00000 4372106.00000 -122.9137
439942.00000 4372110.00000 -121.0724
439942.00000 4372114.00000 -113.4487
439942.00000 4372118.00000 -113.4823
439942.00000 4372122.00000 -120.4976
439942.00000 4372126.00000 -122.0950
439942.00000 4372130.00000 -116.7557
439942.00000 4372134.00000 -116.8923
439942.00000 4372138.00000 -116.0518
439942.00000 4372142.00000 -121.3371
439942.00000 4372146.00000 -128.3679
439942.00000 4372150.00000 -129.4354
439942.00000 4372154.00000 -129.4562
439942.00000 4372158.00000 -131.0038
439942.00000 4372162.00000 -105.6274
439942.00000 4372166.00000 -117.0591
439942.00000 4372170.00000 N.C.
439942.00000 4372174.00000 N.C.
439942.00000 4372178.00000 -96.7307
439942.00000 4372182.00000 -107.1831
439942.00000 4372186.00000 -111.9804
439942.00000 4372190.00000 N.C.
439942.00000 4372194.00000 N.C.
439942.00000 4372198.00000 N.C.
439942.00000 4372202.00000 -97.4857
439942.00000 4372206.00000 -120.9066
439942.00000 4372210.00000 -120.3669
439942.00000 4372214.00000 -114.9599
439942.00000 4372218.00000 N.C.
439942.00000 4372222.00000 N.C.
439942.00000 4372226.00000 -113.1298
439942.00000 4372230.00000 -107.2207
439942.00000 4372234.00000 -94.7201
439942.00000 4372238.00000 N.C.
439942.00000 4372242.00000 N.C.
439942.00000 4372246.00000 N.C.
439942.00000 4372250.00000 -135.0944
439942.00000 4372254.00000 N.C.
439942.00000 4372258.00000 N.C.
439942.00000 4372262.00000 -117.4621
439942.00000 4372266.00000 -117.3408
439942.00000 4372270.00000 -100.4937
439942.00000 4372274.00000 N.C.
439942.00000 4372278.00000 -108.7506
439942.00000 4372282.00000 -107.7625
439942.00000 4372286.00000 -101.8969
439942.00000 4372290.00000 -116.9904
439942.00000 4372294.00000 -110.8400
439942.00000 4372298.00000 -101.9806
439942.00000 4372302.00000 -112.8078
439942.00000 4372306.00000 -108.3347
439942.00000 4372310.00000 N.C.
439942.00000 4372314.00000 N.C.
439942.00000 4372318.00000 -114.6672
439942.00000 4372322.00000 -114.3817
439942.00000 4372326.00000 -115.2149
439942.00000 4372330.00000 -112.6107
439942.00000 4372334.00000 -104.0501
439942.00000 4372338.00000 -106.6924
439942.00000 4372342.00000 N.C.
439942.00000 4372346.00000 N.C.
439942.00000 4372350.00000 -119.9339
439942.00000 4372354.00000 -101.4549
439942.00000 4372358.00000 -101.8814
439942.00000 4372362.00000 -102.1361
439942.00000 4372366.00000 -102.1815
439942.00000 4372370.00000 -106.0456
439942.00000 4372374.00000 -112.7511
439942.00000 4372378.00000 -112.3240
439942.00000 4372382.00000 -106.5583
439942.00000 4372386.00000 -107.4564
439942.00000 4372390.00000 -107.4530
439942.00000 4372394.00000 -107.5883
439942.00000 4372398.00000 -107.6690
439942.00000 4372402.00000 -107.8348
439942.00000 4372406.00000 -113.1730
439942.00000 4372410.00000 -103.9258
439942.00000 4372414.00000 -104.1897
439942.00000 4372418.00000 -104.2782
439942.00000 4372422.00000 -104.3989
439942.00000 4372426.00000 -104.4125
439942.00000 4372430.00000 -104.9934
439942.00000 4372434.00000 -105.1668
439942.00000 4372438.00000 -105.3315
439942.00000 4372442.00000 -105.3652
439942.00000 4372446.00000 -105.5445
439942.00000 4372450.00000 -105.7361
439942.00000 4372454.00000 -105.8880
439942.00000 4372458.00000 -106.1432
439942.00000 4372462.00000 -106.3178
439942.00000 4372466.00000 -106.4511
439942.00000 4372470.00000 -106.6126
439942.00000 4372474.00000 -106.7578
439942.00000 4372478.00000 -106.9037
439946.00000 4371970.00000 -130.9020
439946.00000 4371974.00000 -133.1463
439946.00000 4371978.00000 N.C.
439946.00000 4371982.00000 N.C.
439946.00000 4371986.00000 -153.1821
439946.00000 4371990.00000 N.C.
439946.00000 4371994.00000 -139.0445
439946.00000 4371998.00000 N.C.
439946.00000 4372002.00000 N.C.
439946.00000 4372006.00000 -132.8130
439946.00000 4372010.00000 -134.0842
439946.00000 4372014.00000 -134.2959
439946.00000 4372018.00000 -133.7152
439946.00000 4372022.00000 -133.6905
439946.00000 4372026.00000 -129.7950
439946.00000 4372030.00000 -131.9555
439946.00000 4372034.00000 -160.6778
439946.00000 4372038.00000 N.C.
439946.00000 4372042.00000 N.C.
439946.00000 4372046.00000 N.C.
439946.00000 4372050.00000 N.C.
439946.00000 4372054.00000 N.C.
439946.00000 4372058.00000 N.C.
439946.00000 4372062.00000 N.C.
439946.00000 4372066.00000 -127.4858
439946.00000 4372070.00000 N.C.
439946.00000 4372074.00000 N.C.
439946.00000 4372078.00000 N.C.
439946.00000 4372082.00000 N.C.
439946.00000 4372086.00000 N.C.
439946.00000 4372090.00000 -120.7659
439946.00000 4372094.00000 -120.9213
439946.00000 4372098.00000 N.C.
439946.00000 4372102.00000 -122.9457
439946.00000 4372106.00000 -124.1259
439946.00000 4372110.00000 -124.3898
439946.00000 4372114.00000 -116.3382
439946.00000 4372118.00000 -116.5616
439946.00000 4372122.00000 -119.0682
439946.00000 4372126.00000 N.C.
439946.00000 4372130.00000 N.C.
439946.00000 4372134.00000 -118.1361
439946.00000 4372138.00000 -116.9391
439946.00000 4372142.00000 -113.6163
439946.00000 4372146.00000 N.C.
439946.00000 4372150.00000 -131.5879
439946.00000 4372154.00000 -131.5699
439946.00000 4372158.00000 N.C.
439946.00000 4372162.00000 N.C.
439946.00000 4372166.00000 -116.8798
439946.00000 4372170.00000 N.C.
439946.00000 4372174.00000 N.C.
439946.00000 4372178.00000 -95.9533
439946.00000 4372182.00000 N.C.
439946.00000 4372186.00000 N.C.
439946.00000 4372190.00000 -118.2252
439946.00000 4372194.00000 N.C.
439946.00000 4372198.00000 N.C.
439946.00000 4372202.00000 -99.7306
439946.00000 4372206.00000 N.C.
439946.00000 4372210.00000 N.C.
439946.00000 4372214.00000 N.C.
439946.00000 4372218.00000 -121.3298
439946.00000 4372222.00000 N.C.
439946.00000 4372226.00000 -109.7237
439946.00000 4372230.00000 -107.2160
439946.00000 4372234.00000 -95.0137
439946.00000 4372238.00000 N.C.
439946.00000 4372242.00000 N.C.
439946.00000 4372246.00000 -119.8362
439946.00000 4372250.00000 N.C.
439946.00000 4372254.00000 N.C.
439946.00000 4372258.00000 N.C.
439946.00000 4372262.00000 N.C.
439946.00000 4372266.00000 N.C.
439946.00000 4372270.00000 -96.1852
439946.00000 4372274.00000 N.C.
439946.00000 4372278.00000 -108.7811
439946.00000 4372282.00000 -108.1312
439946.00000 4372286.00000 -101.2060
439946.00000 4372290.00000 N.C.
439946.00000 4372294.00000 N.C.
439946.00000 4372298.00000 -101.6103
439946.00000 4372302.00000 N.C.
439946.00000 4372306.00000 N.C.
439946.00000 4372310.00000 -119.2259
439946.00000 4372314.00000 N.C.
439946.00000 4372318.00000 -111.2867
439946.00000 4372322.00000 N.C.
439946.00000 4372326.00000 -118.1809
439946.00000 4372330.00000 -113.6256
439946.00000 4372334.00000 -104.5902
439946.00000 4372338.00000 -105.8952
439946.00000 4372342.00000 N.C.
439946.00000 4372346.00000 N.C.
439946.00000 4372350.00000 -120.0866
439946.00000 4372354.00000 -101.2484
439946.00000 4372358.00000 -101.6877
439946.00000 4372362.00000 -101.8263
439946.00000 4372366.00000 -105.7512
439946.00000 4372370.00000 -111.9659
439946.00000 4372374.00000 -110.5147
439946.00000 4372378.00000 -110.5465
439946.00000 4372382.00000 -107.1063
439946.00000 4372386.00000 -107.2329
439946.00000 4372390.00000 -107.3348
439946.00000 4372394.00000 -107.4546
439946.00000 4372398.00000 -107.7270
439946.00000 4372402.00000 -107.7166
439946.00000 4372406.00000 -113.7688
439946.00000 4372410.00000 -103.7164
439946.00000 4372414.00000 -103.8600
439946.00000 4372418.00000 -103.7690
439946.00000 4372422.00000 -104.6308
439946.00000 4372426.00000 -104.7377
439946.00000 4372430.00000 -104.9254
439946.00000 4372434.00000 -104.9906
439946.00000 4372438.00000 -105.1584
439946.00000 4372442.00000 -105.4144
439946.00000 4372446.00000 -105.6069
439946.00000 4372450.00000 -105.7050
439946.00000 4372454.00000 -105.8775
439946.00000 4372458.00000 -106.0989
439946.00000 4372462.00000 -106.2498
439946.00000 4372466.00000 -106.4051
439946.00000 4372470.00000 -106.5389
439946.00000 4372474.00000 -106.6685
439946.00000 4372478.00000 -106.8006
439950.00000 4371970.00000 -132.3908
439950.00000 4371974.00000 -133.3149
439950.00000 4371978.00000 N.C.
439950.00000 4371982.00000 -142.3127
439950.00000 4371986.00000 -157.9266
439950.00000 4371990.00000 N.C.
439950.00000 4371994.00000 -135.0165
439950.00000 4371998.00000 -132.6076
439950.00000 4372002.00000 -135.2984
439950.00000 4372006.00000 -134.3968
439950.00000 4372010.00000 -133.1904
439950.00000 4372014.00000 -135.2818
439950.00000 4372018.00000 -135.4368
439950.00000 4372022.00000 N.C.
439950.00000 4372026.00000 -133.8368
439950.00000 4372030.00000 N.C.
439950.00000 4372034.00000 N.C.
439950.00000 4372038.00000 N.C.
439950.00000 4372042.00000 N.C.
439950.00000 4372046.00000 N.C.
439950.00000 4372050.00000 N.C.
439950.00000 4372054.00000 N.C.
439950.00000 4372058.00000 N.C.
439950.00000 4372062.00000 N.C.
439950.00000 4372066.00000 N.C.
439950.00000 4372070.00000 N.C.
439950.00000 4372074.00000 N.C.
439950.00000 4372078.00000 N.C.
439950.00000 4372082.00000 N.C.
439950.00000 4372086.00000 N.C.
439950.00000 4372090.00000 -118.6382
439950.00000 4372094.00000 -119.3855
439950.00000 4372098.00000 N.C.
439950.00000 4372102.00000 N.C.
439950.00000 4372106.00000 -127.1257
439950.00000 4372110.00000 -116.3216
439950.00000 4372114.00000 -117.4663
439950.00000 4372118.00000 N.C.
439950.00000 4372122.00000 -112.7441
439950.00000 4372126.00000 N.C.
439950.00000 4372130.00000 N.C.
439950.00000 4372134.00000 -119.8534
439950.00000 4372138.00000 -122.9699
439950.00000 4372142.00000 -118.2666
439950.00000 4372146.00000 N.C.
439950.00000 4372150.00000 N.C.
439950.00000 4372154.00000 N.C.
439950.00000 4372158.00000 N.C.
439950.00000 4372162.00000 N.C.
439950.00000 4372166.00000 -114.9617
439950.00000 4372170.00000 -133.6260
439950.00000 4372174.00000 N.C.
439950.00000 4372178.00000 -99.4779
439950.00000 4372182.00000 -100.9960
439950.00000 4372186.00000 -120.0363
439950.00000 4372190.00000 -117.5275
439950.00000 4372194.00000 N.C.
439950.00000 4372198.00000 N.C.
439950.00000 4372202.00000 N.C.
439950.00000 4372206.00000 N.C.
439950.00000 4372210.00000 -129.8428
439950.00000 4372214.00000 -129.2650
439950.00000 4372218.00000 -120.7687
439950.00000 4372222.00000 N.C.
439950.00000 4372226.00000 -101.3931
439950.00000 4372230.00000 -101.8477
439950.00000 4372234.00000 -94.6721
439950.00000 4372238.00000 N.C.
439950.00000 4372242.00000 N.C.
439950.00000 4372246.00000 -111.4216
439950.00000 4372250.00000 N.C.
439950.00000 4372254.00000 N.C.
439950.00000 4372258.00000 -111.5545
439950.00000 4372262.00000 -96.8169
439950.00000 4372266.00000 -95.7980
439950.00000 4372270.00000 -95.9240
439950.00000 4372274.00000 N.C.
439950.00000 4372278.00000 -108.8414
439950.00000 4372282.00000 -108.1400
439950.00000 4372286.00000 -100.9297
439950.00000 4372290.00000 N.C.
439950.00000 4372294.00000 N.C.
439950.00000 4372298.00000 -100.6615
439950.00000 4372302.00000 N.C.
439950.00000 4372306.00000 N.C.
439950.00000 4372310.00000 N.C.
439950.00000 4372314.00000 N.C.
439950.00000 4372318.00000 -111.4348
439950.00000 4372322.00000 N.C.
439950.00000 4372326.00000 -118.0563
439950.00000 4372330.00000 -111.4023
439950.00000 4372334.00000 -106.6395
439950.00000 4372338.00000 -103.9621
439950.00000 4372342.00000 N.C.
439950.00000 4372346.00000 N.C.
439950.00000 4372350.00000 -109.5280
439950.00000 4372354.00000 -100.9635
439950.00000 4372358.00000 -111.9782
439950.00000 4372362.00000 -105.3145
439950.00000 4372366.00000 -111.3523
439950.00000 4372370.00000 -111.1585
439950.00000 4372374.00000 -110.1572
439950.00000 4372378.00000 -113.0063
439950.00000 4372382.00000 -106.9778
439950.00000 4372386.00000 -107.2064
439950.00000 4372390.00000 -107.2849
439950.00000 4372394.00000 -107.5985
439950.00000 4372398.00000 -107.6648
439950.00000 4372402.00000 -107.3759
439950.00000 4372406.00000 -112.5973
439950.00000 4372410.00000 -101.4280
439950.00000 4372414.00000 -102.7942
439950.00000 4372418.00000 -104.3461
439950.00000 4372422.00000 -104.5254
439950.00000 4372426.00000 -104.6958
439950.00000 4372430.00000 -104.7424
439950.00000 4372434.00000 -104.9360
439950.00000 4372438.00000 -105.1689
439950.00000 4372442.00000 -105.3506
439950.00000 4372446.00000 -105.5385
439950.00000 4372450.00000 -105.6545
439950.00000 4372454.00000 -105.8679
439950.00000 4372458.00000 -106.0218
439950.00000 4372462.00000 -106.1551
439950.00000 4372466.00000 -106.3026
439950.00000 4372470.00000 -106.3061
439950.00000 4372474.00000 -106.5813
439950.00000 4372478.00000 -106.7240
439954.00000 4371970.00000 -130.4470
439954.00000 4371974.00000 -133.5874
439954.00000 4371978.00000 N.C.
439954.00000 4371982.00000 N.C.
439954.00000 4371986.00000 -141.2817
439954.00000 4371990.00000 -139.1222
439954.00000 4371994.00000 N.C.
439954.00000 4371998.00000 -137.7224
439954.00000 4372002.00000 N.C.
439954.00000 4372006.00000 N.C.
439954.00000 4372010.00000 -135.3127
439954.00000 4372014.00000 -138.9046
439954.00000 4372018.00000 N.C.
439954.00000 4372022.00000 N.C.
439954.00000 4372026.00000 -134.5796
439954.00000 4372030.00000 N.C.
439954.00000 4372034.00000 N.C.
439954.00000 4372038.00000 N.C.
439954.00000 4372042.00000 N.C.
439954.00000 4372046.00000 N.C.
439954.00000 4372050.00000 N.C.
439954.00000 4372054.00000 -111.6364
439954.00000 4372058.00000 N.C.
439954.00000 4372062.00000 N.C.
439954.00000 4372066.00000 N.C.
439954.00000 4372070.00000 N.C.
439954.00000 4372074.00000 -127.0594
439954.00000 4372078.00000 -127.5373
439954.00000 4372082.00000 N.C.
439954.00000 4372086.00000 N.C.
439954.00000 4372090.00000 -122.1040
439954.00000 4372094.00000 -118.9932
439954.00000 4372098.00000 N.C.
439954.00000 4372102.00000 N.C.
439954.00000 4372106.00000 N.C.
439954.00000 4372110.00000 N.C.
439954.00000 4372114.00000 N.C.
439954.00000 4372118.00000 N.C.
439954.00000 4372122.00000 -119.1844
439954.00000 4372126.00000 N.C.
439954.00000 4372130.00000 N.C.
439954.00000 4372134.00000 -120.0851
439954.00000 4372138.00000 -125.0217
439954.00000 4372142.00000 N.C.
439954.00000 4372146.00000 -133.0908
439954.00000 4372150.00000 N.C.
439954.00000 4372154.00000 N.C.
439954.00000 4372158.00000 N.C.
439954.00000 4372162.00000 N.C.
439954.00000 4372166.00000 -116.0993
439954.00000 4372170.00000 N.C.
439954.00000 4372174.00000 N.C.
439954.00000 4372178.00000 -106.0378
439954.00000 4372182.00000 -100.6960
439954.00000 4372186.00000 N.C.
439954.00000 4372190.00000 -117.4318
439954.00000 4372194.00000 N.C.
439954.00000 4372198.00000 N.C.
439954.00000 4372202.00000 N.C.
439954.00000 4372206.00000 N.C.
439954.00000 4372210.00000 N.C.
439954.00000 4372214.00000 N.C.
439954.00000 4372218.00000 -120.3298
439954.00000 4372222.00000 N.C.
439954.00000 4372226.00000 -108.7387
439954.00000 4372230.00000 -101.0278
439954.00000 4372234.00000 -95.3791
439954.00000 4372238.00000 N.C.
439954.00000 4372242.00000 N.C.
439954.00000 4372246.00000 -107.4895
439954.00000 4372250.00000 N.C.
439954.00000 4372254.00000 N.C.
439954.00000 4372258.00000 -102.5337
439954.00000 4372262.00000 -96.4925
439954.00000 4372266.00000 -94.8800
439954.00000 4372270.00000 -96.0052
439954.00000 4372274.00000 N.C.
439954.00000 4372278.00000 -113.7535
439954.00000 4372282.00000 -108.5463
439954.00000 4372286.00000 -96.1050
439954.00000 4372290.00000 N.C.
439954.00000 4372294.00000 N.C.
439954.00000 4372298.00000 -96.5615
439954.00000 4372302.00000 N.C.
439954.00000 4372306.00000 N.C.
439954.00000 4372310.00000 N.C.
439954.00000 4372314.00000 N.C.
439954.00000 4372318.00000 -114.6930
439954.00000 4372322.00000 N.C.
439954.00000 4372326.00000 -118.1941
439954.00000 4372330.00000 -115.1716
439954.00000 4372334.00000 -105.9460
439954.00000 4372338.00000 -99.6347
439954.00000 4372342.00000 N.C.
439954.00000 4372346.00000 N.C.
439954.00000 4372350.00000 -108.9403
439954.00000 4372354.00000 -106.1693
439954.00000 4372358.00000 -112.8231
439954.00000 4372362.00000 -112.8130
439954.00000 4372366.00000 -112.7983
439954.00000 4372370.00000 -114.9201
439954.00000 4372374.00000 -112.5135
439954.00000 4372378.00000 -113.2780
439954.00000 4372382.00000 -107.1051
439954.00000 4372386.00000 -107.1316
439954.00000 4372390.00000 -107.2541
439954.00000 4372394.00000 -107.4321
439954.00000 4372398.00000 -107.1652
439954.00000 4372402.00000 -112.4609
439954.00000 4372406.00000 -101.3473
439954.00000 4372410.00000 -102.5412
439954.00000 4372414.00000 -103.8639
439954.00000 4372418.00000 -104.0598
439954.00000 4372422.00000 -104.3311
439954.00000 4372426.00000 -104.4940
439954.00000 4372430.00000 -104.7395
439954.00000 4372434.00000 -104.9001
439954.00000 4372438.00000 -105.1044
439954.00000 4372442.00000 -105.2872
439954.00000 4372446.00000 -105.4381
439954.00000 4372450.00000 -105.5419
439954.00000 4372454.00000 -105.6982
439954.00000 4372458.00000 -105.7856
439954.00000 4372462.00000 -105.9490
439954.00000 4372466.00000 -106.0791
439954.00000 4372470.00000 -106.2501
439954.00000 4372474.00000 -106.5383
439954.00000 4372478.00000 -106.6791
439958.00000 4371970.00000 -137.8896
439958.00000 4371974.00000 -138.4545
439958.00000 4371978.00000 N.C.
439958.00000 4371982.00000 N.C.
439958.00000 4371986.00000 N.C.
439958.00000 4371990.00000 -140.3408
439958.00000 4371994.00000 N.C.
439958.00000 4371998.00000 -143.0988
439958.00000 4372002.00000 N.C.
439958.00000 4372006.00000 N.C.
439958.00000 4372010.00000 -134.1943
439958.00000 4372014.00000 -137.1401
439958.00000 4372018.00000 -139.7946
439958.00000 4372022.00000 N.C.
439958.00000 4372026.00000 N.C.
439958.00000 4372030.00000 N.C.
439958.00000 4372034.00000 -136.6259
439958.00000 4372038.00000 N.C.
439958.00000 4372042.00000 N.C.
439958.00000 4372046.00000 N.C.
439958.00000 4372050.00000 N.C.
439958.00000 4372054.00000 -113.2327
439958.00000 4372058.00000 N.C.
439958.00000 4372062.00000 N.C.
439958.00000 4372066.00000 N.C.
439958.00000 4372070.00000 N.C.
439958.00000 4372074.00000 -126.3506
439958.00000 4372078.00000 -121.8009
439958.00000 4372082.00000 N.C.
439958.00000 4372086.00000 N.C.
439958.00000 4372090.00000 -111.1576
439958.00000 4372094.00000 -117.7092
439958.00000 4372098.00000 N.C.
439958.00000 4372102.00000 N.C.
439958.00000 4372106.00000 -109.3137
439958.00000 4372110.00000 N.C.
439958.00000 4372114.00000 N.C.
439958.00000 4372118.00000 N.C.
439958.00000 4372122.00000 -123.3617
439958.00000 4372126.00000 N.C.
439958.00000 4372130.00000 N.C.
439958.00000 4372134.00000 -119.8635
439958.00000 4372138.00000 -118.1872
439958.00000 4372142.00000 N.C.
439958.00000 4372146.00000 -132.3469
439958.00000 4372150.00000 N.C.
439958.00000 4372154.00000 -126.9818
439958.00000 4372158.00000 -119.4193
439958.00000 4372162.00000 -104.4736
439958.00000 4372166.00000 -105.9209
439958.00000 4372170.00000 N.C.
439958.00000 4372174.00000 N.C.
439958.00000 4372178.00000 -105.4277
439958.00000 4372182.00000 -101.3297
439958.00000 4372186.00000 -113.1940
439958.00000 4372190.00000 -116.3184
439958.00000 4372194.00000 -116.6535
439958.00000 4372198.00000 -115.6954
439958.00000 4372202.00000 -111.3410
439958.00000 4372206.00000 N.C.
439958.00000 4372210.00000 N.C.
439958.00000 4372214.00000 N.C.
439958.00000 4372218.00000 -117.4810
439958.00000 4372222.00000 -128.0382
439958.00000 4372226.00000 N.C.
439958.00000 4372230.00000 -94.2176
439958.00000 4372234.00000 -95.8076
439958.00000 4372238.00000 N.C.
439958.00000 4372242.00000 N.C.
439958.00000 4372246.00000 -95.9313
439958.00000 4372250.00000 N.C.
439958.00000 4372254.00000 N.C.
439958.00000 4372258.00000 -96.2557
439958.00000 4372262.00000 -102.3860
439958.00000 4372266.00000 -102.6363
439958.00000 4372270.00000 -99.6329
439958.00000 4372274.00000 N.C.
439958.00000 4372278.00000 -113.7728
439958.00000 4372282.00000 -112.8390
439958.00000 4372286.00000 -97.0604
439958.00000 4372290.00000 N.C.
439958.00000 4372294.00000 N.C.
439958.00000 4372298.00000 -96.8608
439958.00000 4372302.00000 N.C.
439958.00000 4372306.00000 N.C.
439958.00000 4372310.00000 N.C.
439958.00000 4372314.00000 N.C.
439958.00000 4372318.00000 -113.8789
439958.00000 4372322.00000 N.C.
439958.00000 4372326.00000 -115.1441
439958.00000 4372330.00000 -114.3527
439958.00000 4372334.00000 -99.0752
439958.00000 4372338.00000 -99.5210
439958.00000 4372342.00000 N.C.
439958.00000 4372346.00000 N.C.
439958.00000 4372350.00000 -107.4487
439958.00000 4372354.00000 -107.5286
439958.00000 4372358.00000 -117.0469
439958.00000 4372362.00000 -115.9608
439958.00000 4372366.00000 -115.2286
439958.00000 4372370.00000 -116.3627
439958.00000 4372374.00000 -113.0555
439958.00000 4372378.00000 -113.3934
439958.00000 4372382.00000 -106.9139
439958.00000 4372386.00000 -107.0502
439958.00000 4372390.00000 -107.2296
439958.00000 4372394.00000 -106.9758
439958.00000 4372398.00000 -104.1041
439958.00000 4372402.00000 -102.1198
439958.00000 4372406.00000 -103.4201
439958.00000 4372410.00000 -103.5820
439958.00000 4372414.00000 -103.8098
439958.00000 4372418.00000 -104.0418
439958.00000 4372422.00000 -104.3541
439958.00000 4372426.00000 -104.4800
439958.00000 4372430.00000 -104.6667
439958.00000 4372434.00000 -104.8175
439958.00000 4372438.00000 -105.0378
439958.00000 4372442.00000 -105.1905
439958.00000 4372446.00000 -105.3673
439958.00000 4372450.00000 -105.4147
439958.00000 4372454.00000 -105.5728
439958.00000 4372458.00000 -105.7340
439958.00000 4372462.00000 -105.9068
439958.00000 4372466.00000 -106.0401
439958.00000 4372470.00000 -106.1909
439958.00000 4372474.00000 -106.4972
439958.00000 4372478.00000 -106.6404
439962.00000 4371970.00000 -129.8596
439962.00000 4371974.00000 -133.6038
439962.00000 4371978.00000 N.C.
439962.00000 4371982.00000 N.C.
439962.00000 4371986.00000 N.C.
439962.00000 4371990.00000 N.C.
439962.00000 4371994.00000 N.C.
439962.00000 4371998.00000 N.C.
439962.00000 4372002.00000 N.C.
439962.00000 4372006.00000 N.C.
439962.00000 4372010.00000 -135.9212
439962.00000 4372014.00000 -138.8150
439962.00000 4372018.00000 -139.5115
439962.00000 4372022.00000 N.C.
439962.00000 4372026.00000 N.C.
439962.00000 4372030.00000 -132.8288
439962.00000 4372034.00000 N.C.
439962.00000 4372038.00000 N.C.
439962.00000 4372042.00000 -140.3076
439962.00000 4372046.00000 N.C.
439962.00000 4372050.00000 N.C.
439962.00000 4372054.00000 -116.1753
439962.00000 4372058.00000 N.C.
439962.00000 4372062.00000 N.C.
439962.00000 4372066.00000 N.C.
439962.00000 4372070.00000 N.C.
439962.00000 4372074.00000 -133.4901
439962.00000 4372078.00000 -121.9932
439962.00000 4372082.00000 N.C.
439962.00000 4372086.00000 N.C.
439962.00000 4372090.00000 -111.0599
439962.00000 4372094.00000 -113.9561
439962.00000 4372098.00000 N.C.
439962.00000 4372102.00000 N.C.
439962.00000 4372106.00000 N.C.
439962.00000 4372110.00000 N.C.
439962.00000 4372114.00000 N.C.
439962.00000 4372118.00000 N.C.
439962.00000 4372122.00000 -120.3611
439962.00000 4372126.00000 -123.7415
439962.00000 4372130.00000 -119.5466
439962.00000 4372134.00000 -118.3742
439962.00000 4372138.00000 -117.7195
439962.00000 4372142.00000 N.C.
439962.00000 4372146.00000 N.C.
439962.00000 4372150.00000 N.C.
439962.00000 4372154.00000 -126.3608
439962.00000 4372158.00000 -118.7592
439962.00000 4372162.00000 N.C.
439962.00000 4372166.00000 -103.5510
439962.00000 4372170.00000 N.C.
439962.00000 4372174.00000 N.C.
439962.00000 4372178.00000 -100.7952
439962.00000 4372182.00000 -101.0340
439962.00000 4372186.00000 -114.9678
439962.00000 4372190.00000 N.C.
439962.00000 4372194.00000 N.C.
439962.00000 4372198.00000 N.C.
439962.00000 4372202.00000 N.C.
439962.00000 4372206.00000 N.C.
439962.00000 4372210.00000 N.C.
439962.00000 4372214.00000 N.C.
439962.00000 4372218.00000 N.C.
439962.00000 4372222.00000 N.C.
439962.00000 4372226.00000 N.C.
439962.00000 4372230.00000 -94.6713
439962.00000 4372234.00000 -95.7209
439962.00000 4372238.00000 N.C.
439962.00000 4372242.00000 N.C.
439962.00000 4372246.00000 -109.7182
439962.00000 4372250.00000 N.C.
439962.00000 4372254.00000 N.C.
439962.00000 4372258.00000 -95.9260
439962.00000 4372262.00000 -122.0854
439962.00000 4372266.00000 -119.4993
439962.00000 4372270.00000 -100.8557
439962.00000 4372274.00000 N.C.
439962.00000 4372278.00000 -113.9697
439962.00000 4372282.00000 -96.1819
439962.00000 4372286.00000 -96.4972
439962.00000 4372290.00000 N.C.
439962.00000 4372294.00000 N.C.
439962.00000 4372298.00000 -96.6898
439962.00000 4372302.00000 N.C.
439962.00000 4372306.00000 N.C.
439962.00000 4372310.00000 N.C.
439962.00000 4372314.00000 N.C.
439962.00000 4372318.00000 -114.3469
439962.00000 4372322.00000 N.C.
439962.00000 4372326.00000 -114.5941
439962.00000 4372330.00000 -105.1828
439962.00000 4372334.00000 -99.2186
439962.00000 4372338.00000 -98.8248
439962.00000 4372342.00000 N.C.
439962.00000 4372346.00000 N.C.
439962.00000 4372350.00000 -112.2294
439962.00000 4372354.00000 -109.3183
439962.00000 4372358.00000 -109.2665
439962.00000 4372362.00000 -119.4495
439962.00000 4372366.00000 -116.1686
439962.00000 4372370.00000 -116.0160
439962.00000 4372374.00000 -112.9780
439962.00000 4372378.00000 -113.5579
439962.00000 4372382.00000 -106.7222
439962.00000 4372386.00000 -106.5696
439962.00000 4372390.00000 -105.7894
439962.00000 4372394.00000 -101.3962
439962.00000 4372398.00000 -101.8314
439962.00000 4372402.00000 -103.1044
439962.00000 4372406.00000 -103.2857
439962.00000 4372410.00000 -103.6514
439962.00000 4372414.00000 -103.8117
439962.00000 4372418.00000 -104.0175
439962.00000 4372422.00000 -104.2321
439962.00000 4372426.00000 -104.4025
439962.00000 4372430.00000 -104.6071
439962.00000 4372434.00000 -104.7918
439962.00000 4372438.00000 -104.9693
439962.00000 4372442.00000 -105.1438
439962.00000 4372446.00000 -105.3244
439962.00000 4372450.00000 -105.4281
439962.00000 4372454.00000 -105.5750
439962.00000 4372458.00000 -105.7149
439962.00000 4372462.00000 -105.9503
439962.00000 4372466.00000 -106.1044
439962.00000 4372470.00000 -106.2588
439962.00000 4372474.00000 -106.4128
439962.00000 4372478.00000 -106.5601
439966.00000 4371970.00000 -131.7561
439966.00000 4371974.00000 -130.8747
439966.00000 4371978.00000 -133.1624
439966.00000 4371982.00000 -137.8266
439966.00000 4371986.00000 -137.7340
439966.00000 4371990.00000 -136.6570
439966.00000 4371994.00000 -144.5595
439966.00000 4371998.00000 N.C.
439966.00000 4372002.00000 N.C.
439966.00000 4372006.00000 N.C.
439966.00000 4372010.00000 -132.9165
439966.00000 4372014.00000 -140.9142
439966.00000 4372018.00000 -141.5407
439966.00000 4372022.00000 N.C.
439966.00000 4372026.00000 N.C.
439966.00000 4372030.00000 -132.4946
439966.00000 4372034.00000 -132.7924
439966.00000 4372038.00000 -142.7055
439966.00000 4372042.00000 -139.9461
439966.00000 4372046.00000 -140.0873
439966.00000 4372050.00000 N.C.
439966.00000 4372054.00000 -119.6062
439966.00000 4372058.00000 N.C.
439966.00000 4372062.00000 N.C.
439966.00000 4372066.00000 N.C.
439966.00000 4372070.00000 N.C.
439966.00000 4372074.00000 -133.0799
439966.00000 4372078.00000 -122.1883
439966.00000 4372082.00000 N.C.
439966.00000 4372086.00000 -113.2930
439966.00000 4372090.00000 -112.5892
439966.00000 4372094.00000 -114.6932
439966.00000 4372098.00000 N.C.
439966.00000 4372102.00000 N.C.
439966.00000 4372106.00000 N.C.
439966.00000 4372110.00000 N.C.
439966.00000 4372114.00000 N.C.
439966.00000 4372118.00000 N.C.
439966.00000 4372122.00000 -118.8892
439966.00000 4372126.00000 -110.0690
439966.00000 4372130.00000 N.C.
439966.00000 4372134.00000 -115.8725
439966.00000 4372138.00000 -115.9429
439966.00000 4372142.00000 -118.0447
439966.00000 4372146.00000 N.C.
439966.00000 4372150.00000 N.C.
439966.00000 4372154.00000 N.C.
439966.00000 4372158.00000 N.C.
439966.00000 4372162.00000 N.C.
439966.00000 4372166.00000 -102.4743
439966.00000 4372170.00000 -112.6718
439966.00000 4372174.00000 -103.5855
439966.00000 4372178.00000 -100.7119
439966.00000 4372182.00000 N.C.
439966.00000 4372186.00000 N.C.
439966.00000 4372190.00000 N.C.
439966.00000 4372194.00000 -118.7810
439966.00000 4372198.00000 -132.0354
439966.00000 4372202.00000 -127.7822
439966.00000 4372206.00000 N.C.
439966.00000 4372210.00000 N.C.
439966.00000 4372214.00000 -102.4076
439966.00000 4372218.00000 N.C.
439966.00000 4372222.00000 N.C.
439966.00000 4372226.00000 N.C.
439966.00000 4372230.00000 -94.9401
439966.00000 4372234.00000 -94.5968
439966.00000 4372238.00000 N.C.
439966.00000 4372242.00000 N.C.
439966.00000 4372246.00000 -101.9598
439966.00000 4372250.00000 -95.0858
439966.00000 4372254.00000 -100.8371
439966.00000 4372258.00000 -102.5358
439966.00000 4372262.00000 N.C.
439966.00000 4372266.00000 N.C.
439966.00000 4372270.00000 -105.9832
439966.00000 4372274.00000 N.C.
439966.00000 4372278.00000 N.C.
439966.00000 4372282.00000 -96.3757
439966.00000 4372286.00000 -96.2027
439966.00000 4372290.00000 N.C.
439966.00000 4372294.00000 N.C.
439966.00000 4372298.00000 -96.0920
439966.00000 4372302.00000 -97.3593
439966.00000 4372306.00000 -97.0683
439966.00000 4372310.00000 -106.1143
439966.00000 4372314.00000 N.C.
439966.00000 4372318.00000 -116.9354
439966.00000 4372322.00000 N.C.
439966.00000 4372326.00000 N.C.
439966.00000 4372330.00000 -118.7455
439966.00000 4372334.00000 -115.4036
439966.00000 4372338.00000 -110.4362
439966.00000 4372342.00000 N.C.
439966.00000 4372346.00000 N.C.
439966.00000 4372350.00000 -115.6410
439966.00000 4372354.00000 -116.0962
439966.00000 4372358.00000 -109.7904
439966.00000 4372362.00000 -108.8410
439966.00000 4372366.00000 -115.1584
439966.00000 4372370.00000 -115.3644
439966.00000 4372374.00000 -112.8770
439966.00000 4372378.00000 -113.2131
439966.00000 4372382.00000 -106.2933
439966.00000 4372386.00000 -101.1797
439966.00000 4372390.00000 -102.4807
439966.00000 4372394.00000 -102.6208
439966.00000 4372398.00000 -102.6373
439966.00000 4372402.00000 -102.9865
439966.00000 4372406.00000 -103.3556
439966.00000 4372410.00000 -103.4603
439966.00000 4372414.00000 -103.6857
439966.00000 4372418.00000 -103.9719
439966.00000 4372422.00000 -104.1857
439966.00000 4372426.00000 -104.3521
439966.00000 4372430.00000 -104.5656
439966.00000 4372434.00000 -104.7339
439966.00000 4372438.00000 -104.9047
439966.00000 4372442.00000 -105.0590
439966.00000 4372446.00000 -105.2262
439966.00000 4372450.00000 -105.4000
439966.00000 4372454.00000 -105.5620
439966.00000 4372458.00000 -105.7259
439966.00000 4372462.00000 -105.8848
439966.00000 4372466.00000 -106.0413
439966.00000 4372470.00000 -106.2153
439966.00000 4372474.00000 -106.3522
439966.00000 4372478.00000 -106.5118
439970.00000 4371970.00000 -134.5308
439970.00000 4371974.00000 -136.0315
439970.00000 4371978.00000 -139.9010
439970.00000 4371982.00000 N.C.
439970.00000 4371986.00000 N.C.
439970.00000 4371990.00000 -142.0745
439970.00000 4371994.00000 N.C.
439970.00000 4371998.00000 N.C.
439970.00000 4372002.00000 N.C.
439970.00000 4372006.00000 N.C.
439970.00000 4372010.00000 N.C.
439970.00000 4372014.00000 N.C.
439970.00000 4372018.00000 N.C.
439970.00000 4372022.00000 N.C.
439970.00000 4372026.00000 N.C.
439970.00000 4372030.00000 -133.8314
439970.00000 4372034.00000 -134.4169
439970.00000 4372038.00000 -147.7975
439970.00000 4372042.00000 N.C.
439970.00000 4372046.00000 -140.5458
439970.00000 4372050.00000 N.C.
439970.00000 4372054.00000 -114.1714
439970.00000 4372058.00000 -120.4581
439970.00000 4372062.00000 -123.5208
439970.00000 4372066.00000 -133.0307
439970.00000 4372070.00000 -131.9351
439970.00000 4372074.00000 -132.1691
439970.00000 4372078.00000 -123.0750
439970.00000 4372082.00000 N.C.
439970.00000 4372086.00000 N.C.
439970.00000 4372090.00000 -118.6598
439970.00000 4372094.00000 -108.0915
439970.00000 4372098.00000 -106.1275
439970.00000 4372102.00000 -116.6428
439970.00000 4372106.00000 N.C.
439970.00000 4372110.00000 -124.0541
439970.00000 4372114.00000 N.C.
439970.00000 4372118.00000 N.C.
439970.00000 4372122.00000 N.C.
439970.00000 4372126.00000 -122.7420
439970.00000 4372130.00000 N.C.
439970.00000 4372134.00000 -114.7483
439970.00000 4372138.00000 -118.7640
439970.00000 4372142.00000 -117.7071
439970.00000 4372146.00000 N.C.
439970.00000 4372150.00000 N.C.
439970.00000 4372154.00000 N.C.
439970.00000 4372158.00000 N.C.
439970.00000 4372162.00000 N.C.
439970.00000 4372166.00000 -107.7226
439970.00000 4372170.00000 N.C.
439970.00000 4372174.00000 N.C.
439970.00000 4372178.00000 -97.1265
439970.00000 4372182.00000 -100.8580
439970.00000 4372186.00000 N.C.
439970.00000 4372190.00000 N.C.
439970.00000 4372194.00000 -118.7851
439970.00000 4372198.00000 N.C.
439970.00000 4372202.00000 N.C.
439970.00000 4372206.00000 N.C.
439970.00000 4372210.00000 N.C.
439970.00000 4372214.00000 -104.7626
439970.00000 4372218.00000 N.C.
439970.00000 4372222.00000 N.C.
439970.00000 4372226.00000 N.C.
439970.00000 4372230.00000 -94.6622
439970.00000 4372234.00000 -94.5843
439970.00000 4372238.00000 -93.1415
439970.00000 4372242.00000 N.C.
439970.00000 4372246.00000 N.C.
439970.00000 4372250.00000 -96.6711
439970.00000 4372254.00000 N.C.
439970.00000 4372258.00000 N.C.
439970.00000 4372262.00000 N.C.
439970.00000 4372266.00000 N.C.
439970.00000 4372270.00000 N.C.
439970.00000 4372274.00000 N.C.
439970.00000 4372278.00000 N.C.
439970.00000 4372282.00000 -96.2413
439970.00000 4372286.00000 -95.8661
439970.00000 4372290.00000 N.C.
439970.00000 4372294.00000 N.C.
439970.00000 4372298.00000 -105.7348
439970.00000 4372302.00000 -97.4834
439970.00000 4372306.00000 -97.4091
439970.00000 4372310.00000 N.C.
439970.00000 4372314.00000 N.C.
439970.00000 4372318.00000 N.C.
439970.00000 4372322.00000 N.C.
439970.00000 4372326.00000 N.C.
439970.00000 4372330.00000 N.C.
439970.00000 4372334.00000 N.C.
439970.00000 4372338.00000 N.C.
439970.00000 4372342.00000 N.C.
439970.00000 4372346.00000 N.C.
439970.00000 4372350.00000 -124.3076
439970.00000 4372354.00000 -116.8766
439970.00000 4372358.00000 -114.2674
439970.00000 4372362.00000 -109.9282
439970.00000 4372366.00000 -109.4324
439970.00000 4372370.00000 -116.1445
439970.00000 4372374.00000 -113.0641
439970.00000 4372378.00000 -114.8895
439970.00000 4372382.00000 -100.8466
439970.00000 4372386.00000 -102.0900
439970.00000 4372390.00000 -102.3426
439970.00000 4372394.00000 -102.4234
439970.00000 4372398.00000 -102.7688
439970.00000 4372402.00000 -102.9887
439970.00000 4372406.00000 -103.2431
439970.00000 4372410.00000 -103.4610
439970.00000 4372414.00000 -103.6756
439970.00000 4372418.00000 -103.9142
439970.00000 4372422.00000 -104.1395
439970.00000 4372426.00000 -104.3102
439970.00000 4372430.00000 -104.4736
439970.00000 4372434.00000 -104.6469
439970.00000 4372438.00000 -104.8296
439970.00000 4372442.00000 -104.9924
439970.00000 4372446.00000 -105.1625
439970.00000 4372450.00000 -105.3289
439970.00000 4372454.00000 -105.4926
439970.00000 4372458.00000 -105.6594
439970.00000 4372462.00000 -105.8237
439970.00000 4372466.00000 -105.9744
439970.00000 4372470.00000 -106.0279
439970.00000 4372474.00000 -106.1967
439970.00000 4372478.00000 -106.2934
439974.00000 4371970.00000 -124.4621
439974.00000 4371974.00000 -131.7898
439974.00000 4371978.00000 -140.7980
439974.00000 4371982.00000 N.C.
439974.00000 4371986.00000 N.C.
439974.00000 4371990.00000 -139.4355
439974.00000 4371994.00000 N.C.
439974.00000 4371998.00000 N.C.
439974.00000 4372002.00000 N.C.
439974.00000 4372006.00000 N.C.
439974.00000 4372010.00000 N.C.
439974.00000 4372014.00000 N.C.
439974.00000 4372018.00000 -144.6044
439974.00000 4372022.00000 -135.3062
439974.00000 4372026.00000 N.C.
439974.00000 4372030.00000 -129.6463
439974.00000 4372034.00000 -137.3790
439974.00000 4372038.00000 N.C.
439974.00000 4372042.00000 N.C.
439974.00000 4372046.00000 -117.2447
439974.00000 4372050.00000 -116.9669
439974.00000 4372054.00000 -116.5165
439974.00000 4372058.00000 -121.1696
439974.00000 4372062.00000 N.C.
439974.00000 4372066.00000 -131.8775
439974.00000 4372070.00000 N.C.
439974.00000 4372074.00000 N.C.
439974.00000 4372078.00000 -123.1588
439974.00000 4372082.00000 N.C.
439974.00000 4372086.00000 N.C.
439974.00000 4372090.00000 -107.7013
439974.00000 4372094.00000 -114.8042
439974.00000 4372098.00000 -109.1314
439974.00000 4372102.00000 -114.6224
439974.00000 4372106.00000 N.C.
439974.00000 4372110.00000 N.C.
439974.00000 4372114.00000 N.C.
439974.00000 4372118.00000 N.C.
439974.00000 4372122.00000 N.C.
439974.00000 4372126.00000 N.C.
439974.00000 4372130.00000 -99.7180
439974.00000 4372134.00000 -106.9566
439974.00000 4372138.00000 -117.0572
439974.00000 4372142.00000 -119.4488
439974.00000 4372146.00000 N.C.
439974.00000 4372150.00000 N.C.
439974.00000 4372154.00000 N.C.
439974.00000 4372158.00000 N.C.
439974.00000 4372162.00000 -109.1948
439974.00000 4372166.00000 -114.7219
439974.00000 4372170.00000 N.C.
439974.00000 4372174.00000 N.C.
439974.00000 4372178.00000 -97.0855
439974.00000 4372182.00000 -101.4064
439974.00000 4372186.00000 N.C.
439974.00000 4372190.00000 N.C.
439974.00000 4372194.00000 -122.3610
439974.00000 4372198.00000 N.C.
439974.00000 4372202.00000 N.C.
439974.00000 4372206.00000 N.C.
439974.00000 4372210.00000 N.C.
439974.00000 4372214.00000 -115.9959
439974.00000 4372218.00000 N.C.
439974.00000 4372222.00000 N.C.
439974.00000 4372226.00000 N.C.
439974.00000 4372230.00000 -94.0910
439974.00000 4372234.00000 -93.8170
439974.00000 4372238.00000 -94.5243
439974.00000 4372242.00000 N.C.
439974.00000 4372246.00000 N.C.
439974.00000 4372250.00000 -93.5668
439974.00000 4372254.00000 N.C.
439974.00000 4372258.00000 N.C.
439974.00000 4372262.00000 N.C.
439974.00000 4372266.00000 N.C.
439974.00000 4372270.00000 N.C.
439974.00000 4372274.00000 N.C.
439974.00000 4372278.00000 N.C.
439974.00000 4372282.00000 -95.8337
439974.00000 4372286.00000 -95.4035
439974.00000 4372290.00000 N.C.
439974.00000 4372294.00000 N.C.
439974.00000 4372298.00000 -111.8030
439974.00000 4372302.00000 -96.7284
439974.00000 4372306.00000 -97.1194
439974.00000 4372310.00000 -97.3082
439974.00000 4372314.00000 N.C.
439974.00000 4372318.00000 N.C.
439974.00000 4372322.00000 N.C.
439974.00000 4372326.00000 N.C.
439974.00000 4372330.00000 N.C.
439974.00000 4372334.00000 N.C.
439974.00000 4372338.00000 N.C.
439974.00000 4372342.00000 N.C.
439974.00000 4372346.00000 N.C.
439974.00000 4372350.00000 -117.8663
439974.00000 4372354.00000 -111.1471
439974.00000 4372358.00000 -115.9062
439974.00000 4372362.00000 -108.7007
439974.00000 4372366.00000 -109.4250
439974.00000 4372370.00000 -109.0935
439974.00000 4372374.00000 -101.5928
439974.00000 4372378.00000 -101.7717
439974.00000 4372382.00000 -101.8996
439974.00000 4372386.00000 -101.9122
439974.00000 4372390.00000 -102.2654
439974.00000 4372394.00000 -102.4573
439974.00000 4372398.00000 -102.7555
439974.00000 4372402.00000 -103.0495
439974.00000 4372406.00000 -103.2561
439974.00000 4372410.00000 -103.4485
439974.00000 4372414.00000 -103.6443
439974.00000 4372418.00000 -103.8594
439974.00000 4372422.00000 -104.0570
439974.00000 4372426.00000 -104.2192
439974.00000 4372430.00000 -104.3947
439974.00000 4372434.00000 -104.5750
439974.00000 4372438.00000 -104.7551
439974.00000 4372442.00000 -104.9194
439974.00000 4372446.00000 -105.0918
439974.00000 4372450.00000 -105.2540
439974.00000 4372454.00000 -105.4136
439974.00000 4372458.00000 -105.4770
439974.00000 4372462.00000 -105.6486
439974.00000 4372466.00000 -105.8024
439974.00000 4372470.00000 -105.9256
439974.00000 4372474.00000 -106.1848
439974.00000 4372478.00000 -106.1307
439978.00000 4371970.00000 -114.8055
439978.00000 4371974.00000 -121.5679
439978.00000 4371978.00000 -142.0976
439978.00000 4371982.00000 N.C.
439978.00000 4371986.00000 -128.4159
439978.00000 4371990.00000 -131.6952
439978.00000 4371994.00000 -132.4675
439978.00000 4371998.00000 -133.1222
439978.00000 4372002.00000 -144.8133
439978.00000 4372006.00000 N.C.
439978.00000 4372010.00000 N.C.
439978.00000 4372014.00000 N.C.
439978.00000 4372018.00000 N.C.
439978.00000 4372022.00000 -134.9540
439978.00000 4372026.00000 N.C.
439978.00000 4372030.00000 -129.4904
439978.00000 4372034.00000 -130.1533
439978.00000 4372038.00000 -125.5774
439978.00000 4372042.00000 -116.7630
439978.00000 4372046.00000 -110.8323
439978.00000 4372050.00000 -123.9169
439978.00000 4372054.00000 -119.6015
439978.00000 4372058.00000 -115.5115
439978.00000 4372062.00000 N.C.
439978.00000 4372066.00000 N.C.
439978.00000 4372070.00000 -120.8759
439978.00000 4372074.00000 -125.3805
439978.00000 4372078.00000 -119.9141
439978.00000 4372082.00000 N.C.
439978.00000 4372086.00000 N.C.
439978.00000 4372090.00000 -107.3076
439978.00000 4372094.00000 -108.8440
439978.00000 4372098.00000 -118.3504
439978.00000 4372102.00000 N.C.
439978.00000 4372106.00000 N.C.
439978.00000 4372110.00000 N.C.
439978.00000 4372114.00000 N.C.
439978.00000 4372118.00000 N.C.
439978.00000 4372122.00000 N.C.
439978.00000 4372126.00000 N.C.
439978.00000 4372130.00000 -101.7245
439978.00000 4372134.00000 -110.4610
439978.00000 4372138.00000 -111.0795
439978.00000 4372142.00000 -119.3308
439978.00000 4372146.00000 N.C.
439978.00000 4372150.00000 N.C.
439978.00000 4372154.00000 -125.8967
439978.00000 4372158.00000 -120.7117
439978.00000 4372162.00000 -119.6401
439978.00000 4372166.00000 -103.9068
439978.00000 4372170.00000 N.C.
439978.00000 4372174.00000 N.C.
439978.00000 4372178.00000 -92.5545
439978.00000 4372182.00000 -101.1008
439978.00000 4372186.00000 N.C.
439978.00000 4372190.00000 N.C.
439978.00000 4372194.00000 -122.4349
439978.00000 4372198.00000 N.C.
439978.00000 4372202.00000 N.C.
439978.00000 4372206.00000 N.C.
439978.00000 4372210.00000 N.C.
439978.00000 4372214.00000 N.C.
439978.00000 4372218.00000 N.C.
439978.00000 4372222.00000 N.C.
439978.00000 4372226.00000 N.C.
439978.00000 4372230.00000 -93.4279
439978.00000 4372234.00000 -94.0111
439978.00000 4372238.00000 -94.1207
439978.00000 4372242.00000 -93.8093
439978.00000 4372246.00000 -93.9228
439978.00000 4372250.00000 -94.0463
439978.00000 4372254.00000 N.C.
439978.00000 4372258.00000 N.C.
439978.00000 4372262.00000 N.C.
439978.00000 4372266.00000 N.C.
439978.00000 4372270.00000 N.C.
439978.00000 4372274.00000 N.C.
439978.00000 4372278.00000 N.C.
439978.00000 4372282.00000 -95.1703
439978.00000 4372286.00000 -95.0450
439978.00000 4372290.00000 N.C.
439978.00000 4372294.00000 N.C.
439978.00000 4372298.00000 N.C.
439978.00000 4372302.00000 -112.7691
439978.00000 4372306.00000 -107.8670
439978.00000 4372310.00000 -105.2117
439978.00000 4372314.00000 N.C.
439978.00000 4372318.00000 N.C.
439978.00000 4372322.00000 N.C.
439978.00000 4372326.00000 -122.7828
439978.00000 4372330.00000 N.C.
439978.00000 4372334.00000 N.C.
439978.00000 4372338.00000 N.C.
439978.00000 4372342.00000 N.C.
439978.00000 4372346.00000 N.C.
439978.00000 4372350.00000 -123.0145
439978.00000 4372354.00000 -112.0644
439978.00000 4372358.00000 -110.6507
439978.00000 4372362.00000 -111.9268
439978.00000 4372366.00000 -100.5617
439978.00000 4372370.00000 -100.6631
439978.00000 4372374.00000 -101.3949
439978.00000 4372378.00000 -101.6335
439978.00000 4372382.00000 -101.8457
439978.00000 4372386.00000 -102.0430
439978.00000 4372390.00000 -102.2831
439978.00000 4372394.00000 -102.5508
439978.00000 4372398.00000 -102.7581
439978.00000 4372402.00000 -102.9646
439978.00000 4372406.00000 -103.1660
439978.00000 4372410.00000 -103.3598
439978.00000 4372414.00000 -103.5918
439978.00000 4372418.00000 -103.7886
439978.00000 4372422.00000 -103.9686
439978.00000 4372426.00000 -104.1278
439978.00000 4372430.00000 -104.3093
439978.00000 4372434.00000 -104.4917
439978.00000 4372438.00000 -104.6781
439978.00000 4372442.00000 -104.8462
439978.00000 4372446.00000 -105.0119
439978.00000 4372450.00000 -105.0880
439978.00000 4372454.00000 -105.2716
439978.00000 4372458.00000 -105.4255
439978.00000 4372462.00000 -105.5428
439978.00000 4372466.00000 -105.7403
439978.00000 4372470.00000 -105.8993
439978.00000 4372474.00000 -106.0343
439978.00000 4372478.00000 -106.1937
439982.00000 4371970.00000 -127.5207
439982.00000 4371974.00000 -128.1633
439982.00000 4371978.00000 -138.2982
439982.00000 4371982.00000 N.C.
439982.00000 4371986.00000 -119.8629
439982.00000 4371990.00000 -132.9888
439982.00000 4371994.00000 -143.4725
439982.00000 4371998.00000 -137.1982
439982.00000 4372002.00000 N.C.
439982.00000 4372006.00000 N.C.
439982.00000 4372010.00000 N.C.
439982.00000 4372014.00000 N.C.
439982.00000 4372018.00000 N.C.
439982.00000 4372022.00000 -137.5431
439982.00000 4372026.00000 N.C.
439982.00000 4372030.00000 -130.9305
439982.00000 4372034.00000 N.C.
439982.00000 4372038.00000 N.C.
439982.00000 4372042.00000 N.C.
439982.00000 4372046.00000 -138.1836
439982.00000 4372050.00000 N.C.
439982.00000 4372054.00000 N.C.
439982.00000 4372058.00000 -122.7144
439982.00000 4372062.00000 N.C.
439982.00000 4372066.00000 N.C.
439982.00000 4372070.00000 -129.9121
439982.00000 4372074.00000 -133.9890
439982.00000 4372078.00000 N.C.
439982.00000 4372082.00000 N.C.
439982.00000 4372086.00000 N.C.
439982.00000 4372090.00000 -103.8801
439982.00000 4372094.00000 -108.0901
439982.00000 4372098.00000 -122.6012
439982.00000 4372102.00000 N.C.
439982.00000 4372106.00000 -120.1990
439982.00000 4372110.00000 N.C.
439982.00000 4372114.00000 N.C.
439982.00000 4372118.00000 -126.8008
439982.00000 4372122.00000 N.C.
439982.00000 4372126.00000 N.C.
439982.00000 4372130.00000 -122.4151
439982.00000 4372134.00000 -111.8882
439982.00000 4372138.00000 -112.2559
439982.00000 4372142.00000 -109.8886
439982.00000 4372146.00000 N.C.
439982.00000 4372150.00000 N.C.
439982.00000 4372154.00000 N.C.
439982.00000 4372158.00000 N.C.
439982.00000 4372162.00000 N.C.
439982.00000 4372166.00000 -113.1295
439982.00000 4372170.00000 N.C.
439982.00000 4372174.00000 N.C.
439982.00000 4372178.00000 -93.3969
439982.00000 4372182.00000 -100.6541
439982.00000 4372186.00000 N.C.
439982.00000 4372190.00000 -124.5811
439982.00000 4372194.00000 N.C.
439982.00000 4372198.00000 -125.4657
439982.00000 4372202.00000 N.C.
439982.00000 4372206.00000 -94.4784
439982.00000 4372210.00000 N.C.
439982.00000 4372214.00000 -98.8728
439982.00000 4372218.00000 -108.0727
439982.00000 4372222.00000 -89.8902
439982.00000 4372226.00000 -92.8116
439982.00000 4372230.00000 -93.4908
439982.00000 4372234.00000 -93.5344
439982.00000 4372238.00000 -93.5727
439982.00000 4372242.00000 -93.5631
439982.00000 4372246.00000 -93.3566
439982.00000 4372250.00000 -93.7018
439982.00000 4372254.00000 N.C.
439982.00000 4372258.00000 N.C.
439982.00000 4372262.00000 N.C.
439982.00000 4372266.00000 N.C.
439982.00000 4372270.00000 N.C.
439982.00000 4372274.00000 N.C.
439982.00000 4372278.00000 N.C.
439982.00000 4372282.00000 -94.5977
439982.00000 4372286.00000 -94.9062
439982.00000 4372290.00000 N.C.
439982.00000 4372294.00000 N.C.
439982.00000 4372298.00000 N.C.
439982.00000 4372302.00000 N.C.
439982.00000 4372306.00000 N.C.
439982.00000 4372310.00000 N.C.
439982.00000 4372314.00000 N.C.
439982.00000 4372318.00000 N.C.
439982.00000 4372322.00000 N.C.
439982.00000 4372326.00000 -130.5921
439982.00000 4372330.00000 -118.1046
439982.00000 4372334.00000 -117.4483
439982.00000 4372338.00000 -119.5098
439982.00000 4372342.00000 N.C.
439982.00000 4372346.00000 N.C.
439982.00000 4372350.00000 -118.2038
439982.00000 4372354.00000 -111.7563
439982.00000 4372358.00000 -111.0116
439982.00000 4372362.00000 -100.6679
439982.00000 4372366.00000 -100.8906
439982.00000 4372370.00000 -100.7008
439982.00000 4372374.00000 -100.6482
439982.00000 4372378.00000 -101.3983
439982.00000 4372382.00000 -101.7668
439982.00000 4372386.00000 -101.9787
439982.00000 4372390.00000 -102.2092
439982.00000 4372394.00000 -102.4524
439982.00000 4372398.00000 -102.6622
439982.00000 4372402.00000 -102.8660
439982.00000 4372406.00000 -103.0756
439982.00000 4372410.00000 -103.3037
439982.00000 4372414.00000 -103.5081
439982.00000 4372418.00000 -103.7038
439982.00000 4372422.00000 -103.9089
439982.00000 4372426.00000 -104.0736
439982.00000 4372430.00000 -104.2546
439982.00000 4372434.00000 -104.4284
439982.00000 4372438.00000 -104.5225
439982.00000 4372442.00000 -104.6898
439982.00000 4372446.00000 -104.8680
439982.00000 4372450.00000 -104.9701
439982.00000 4372454.00000 -105.1567
439982.00000 4372458.00000 -105.3450
439982.00000 4372462.00000 -105.5216
439982.00000 4372466.00000 -105.7050
439982.00000 4372470.00000 -105.8560
439982.00000 4372474.00000 -105.9577
439982.00000 4372478.00000 -106.1243
439986.00000 4371970.00000 -127.2582
439986.00000 4371974.00000 -129.6809
439986.00000 4371978.00000 -133.1107
439986.00000 4371982.00000 N.C.
439986.00000 4371986.00000 -128.9728
439986.00000 4371990.00000 -134.5676
439986.00000 4371994.00000 -136.0898
439986.00000 4371998.00000 -134.3311
439986.00000 4372002.00000 N.C.
439986.00000 4372006.00000 N.C.
439986.00000 4372010.00000 N.C.
439986.00000 4372014.00000 N.C.
439986.00000 4372018.00000 N.C.
439986.00000 4372022.00000 -139.7040
439986.00000 4372026.00000 N.C.
439986.00000 4372030.00000 -141.7017
439986.00000 4372034.00000 N.C.
439986.00000 4372038.00000 N.C.
439986.00000 4372042.00000 N.C.
439986.00000 4372046.00000 -137.0437
439986.00000 4372050.00000 N.C.
439986.00000 4372054.00000 N.C.
439986.00000 4372058.00000 -117.9683
439986.00000 4372062.00000 -123.2523
439986.00000 4372066.00000 N.C.
439986.00000 4372070.00000 N.C.
439986.00000 4372074.00000 N.C.
439986.00000 4372078.00000 N.C.
439986.00000 4372082.00000 -119.2319
439986.00000 4372086.00000 -117.1835
439986.00000 4372090.00000 -105.8551
439986.00000 4372094.00000 -111.9349
439986.00000 4372098.00000 -119.3521
439986.00000 4372102.00000 N.C.
439986.00000 4372106.00000 -113.2130
439986.00000 4372110.00000 N.C.
439986.00000 4372114.00000 N.C.
439986.00000 4372118.00000 N.C.
439986.00000 4372122.00000 N.C.
439986.00000 4372126.00000 N.C.
439986.00000 4372130.00000 N.C.
439986.00000 4372134.00000 N.C.
439986.00000 4372138.00000 -109.4724
439986.00000 4372142.00000 -110.2658
439986.00000 4372146.00000 -105.7659
439986.00000 4372150.00000 -114.0209
439986.00000 4372154.00000 -105.6607
439986.00000 4372158.00000 -104.9110
439986.00000 4372162.00000 -108.9521
439986.00000 4372166.00000 -112.1180
439986.00000 4372170.00000 N.C.
439986.00000 4372174.00000 N.C.
439986.00000 4372178.00000 -96.6646
439986.00000 4372182.00000 -100.2463
439986.00000 4372186.00000 N.C.
439986.00000 4372190.00000 N.C.
439986.00000 4372194.00000 N.C.
439986.00000 4372198.00000 N.C.
439986.00000 4372202.00000 N.C.
439986.00000 4372206.00000 N.C.
439986.00000 4372210.00000 -92.3991
439986.00000 4372214.00000 -97.7038
439986.00000 4372218.00000 -103.6969
439986.00000 4372222.00000 -88.7522
439986.00000 4372226.00000 -98.4852
439986.00000 4372230.00000 -92.9942
439986.00000 4372234.00000 -92.9546
439986.00000 4372238.00000 -93.0838
439986.00000 4372242.00000 -110.2595
439986.00000 4372246.00000 -104.5899
439986.00000 4372250.00000 -102.8323
439986.00000 4372254.00000 N.C.
439986.00000 4372258.00000 N.C.
439986.00000 4372262.00000 N.C.
439986.00000 4372266.00000 N.C.
439986.00000 4372270.00000 N.C.
439986.00000 4372274.00000 N.C.
439986.00000 4372278.00000 N.C.
439986.00000 4372282.00000 -94.4281
439986.00000 4372286.00000 -95.2674
439986.00000 4372290.00000 N.C.
439986.00000 4372294.00000 N.C.
439986.00000 4372298.00000 N.C.
439986.00000 4372302.00000 N.C.
439986.00000 4372306.00000 N.C.
439986.00000 4372310.00000 N.C.
439986.00000 4372314.00000 N.C.
439986.00000 4372318.00000 N.C.
439986.00000 4372322.00000 N.C.
439986.00000 4372326.00000 -117.2174
439986.00000 4372330.00000 -115.5063
439986.00000 4372334.00000 -113.5397
439986.00000 4372338.00000 -114.8117
439986.00000 4372342.00000 N.C.
439986.00000 4372346.00000 N.C.
439986.00000 4372350.00000 -120.9522
439986.00000 4372354.00000 -100.0061
439986.00000 4372358.00000 -100.0961
439986.00000 4372362.00000 -100.1518
439986.00000 4372366.00000 -99.7843
439986.00000 4372370.00000 -100.0979
439986.00000 4372374.00000 -100.3331
439986.00000 4372378.00000 -101.0228
439986.00000 4372382.00000 -101.6516
439986.00000 4372386.00000 -101.8736
439986.00000 4372390.00000 -102.1471
439986.00000 4372394.00000 -102.3611
439986.00000 4372398.00000 -102.5759
439986.00000 4372402.00000 -102.8150
439986.00000 4372406.00000 -103.0169
439986.00000 4372410.00000 -103.2277
439986.00000 4372414.00000 -103.4347
439986.00000 4372418.00000 -103.6293
439986.00000 4372422.00000 -103.8133
439986.00000 4372426.00000 -103.9067
439986.00000 4372430.00000 -104.0905
439986.00000 4372434.00000 -104.2726
439986.00000 4372438.00000 -104.4567
439986.00000 4372442.00000 -104.6197
439986.00000 4372446.00000 -104.8349
439986.00000 4372450.00000 -104.9357
439986.00000 4372454.00000 -105.1184
439986.00000 4372458.00000 -105.3015
439986.00000 4372462.00000 -105.4868
439986.00000 4372466.00000 -105.6424
439986.00000 4372470.00000 -105.7090
439986.00000 4372474.00000 -105.9133
439986.00000 4372478.00000 -106.0712
439990.00000 4371970.00000 -128.2612
439990.00000 4371974.00000 -130.0258
439990.00000 4371978.00000 -131.8740
439990.00000 4371982.00000 -133.9970
439990.00000 4371986.00000 -132.9593
439990.00000 4371990.00000 -131.7248
439990.00000 4371994.00000 -135.5304
439990.00000 4371998.00000 -136.1202
439990.00000 4372002.00000 -142.0434
439990.00000 4372006.00000 N.C.
439990.00000 4372010.00000 -120.2832
439990.00000 4372014.00000 -119.1890
439990.00000 4372018.00000 -119.9124
439990.00000 4372022.00000 N.C.
439990.00000 4372026.00000 N.C.
439990.00000 4372030.00000 N.C.
439990.00000 4372034.00000 -130.6508
439990.00000 4372038.00000 -132.6186
439990.00000 4372042.00000 -135.3838
439990.00000 4372046.00000 -137.3493
439990.00000 4372050.00000 N.C.
439990.00000 4372054.00000 N.C.
439990.00000 4372058.00000 -124.4836
439990.00000 4372062.00000 -121.8581
439990.00000 4372066.00000 -105.9422
439990.00000 4372070.00000 -110.7700
439990.00000 4372074.00000 -114.0186
439990.00000 4372078.00000 -114.9816
439990.00000 4372082.00000 -114.3595
439990.00000 4372086.00000 -106.6220
439990.00000 4372090.00000 -116.2861
439990.00000 4372094.00000 -112.0928
439990.00000 4372098.00000 -115.3980
439990.00000 4372102.00000 -104.6905
439990.00000 4372106.00000 -111.8589
439990.00000 4372110.00000 -115.4406
439990.00000 4372114.00000 -117.1767
439990.00000 4372118.00000 N.C.
439990.00000 4372122.00000 N.C.
439990.00000 4372126.00000 N.C.
439990.00000 4372130.00000 N.C.
439990.00000 4372134.00000 N.C.
439990.00000 4372138.00000 -112.5583
439990.00000 4372142.00000 -104.4794
439990.00000 4372146.00000 N.C.
439990.00000 4372150.00000 N.C.
439990.00000 4372154.00000 -106.2836
439990.00000 4372158.00000 N.C.
439990.00000 4372162.00000 N.C.
439990.00000 4372166.00000 -113.2812
439990.00000 4372170.00000 N.C.
439990.00000 4372174.00000 N.C.
439990.00000 4372178.00000 -98.1008
439990.00000 4372182.00000 -98.9609
439990.00000 4372186.00000 N.C.
439990.00000 4372190.00000 N.C.
439990.00000 4372194.00000 -91.3906
439990.00000 4372198.00000 N.C.
439990.00000 4372202.00000 N.C.
439990.00000 4372206.00000 N.C.
439990.00000 4372210.00000 -91.9435
439990.00000 4372214.00000 -91.7103
439990.00000 4372218.00000 -101.4257
439990.00000 4372222.00000 -89.1522
439990.00000 4372226.00000 N.C.
439990.00000 4372230.00000 -92.4230
439990.00000 4372234.00000 -92.4634
439990.00000 4372238.00000 -92.5851
439990.00000 4372242.00000 N.C.
439990.00000 4372246.00000 N.C.
439990.00000 4372250.00000 -105.0286
439990.00000 4372254.00000 N.C.
439990.00000 4372258.00000 N.C.
439990.00000 4372262.00000 N.C.
439990.00000 4372266.00000 N.C.
439990.00000 4372270.00000 N.C.
439990.00000 4372274.00000 N.C.
439990.00000 4372278.00000 N.C.
439990.00000 4372282.00000 -94.5114
439990.00000 4372286.00000 -94.7232
439990.00000 4372290.00000 -94.6113
439990.00000 4372294.00000 -95.1820
439990.00000 4372298.00000 N.C.
439990.00000 4372302.00000 N.C.
439990.00000 4372306.00000 N.C.
439990.00000 4372310.00000 N.C.
439990.00000 4372314.00000 N.C.
439990.00000 4372318.00000 N.C.
439990.00000 4372322.00000 N.C.
439990.00000 4372326.00000 -115.4712
439990.00000 4372330.00000 -115.6639
439990.00000 4372334.00000 -114.0122
439990.00000 4372338.00000 -113.4902
439990.00000 4372342.00000 N.C.
439990.00000 4372346.00000 N.C.
439990.00000 4372350.00000 -120.8006
439990.00000 4372354.00000 -99.5304
439990.00000 4372358.00000 -108.0335
439990.00000 4372362.00000 -108.6277
439990.00000 4372366.00000 -105.2949
439990.00000 4372370.00000 -111.0306
439990.00000 4372374.00000 -100.5778
439990.00000 4372378.00000 -100.7926
439990.00000 4372382.00000 -101.1936
439990.00000 4372386.00000 -101.8149
439990.00000 4372390.00000 -102.0446
439990.00000 4372394.00000 -102.2631
439990.00000 4372398.00000 -102.4659
439990.00000 4372402.00000 -102.7160
439990.00000 4372406.00000 -102.9245
439990.00000 4372410.00000 -103.1143
439990.00000 4372414.00000 -103.3393
439990.00000 4372418.00000 -103.4711
439990.00000 4372422.00000 -103.6609
439990.00000 4372426.00000 -103.8333
439990.00000 4372430.00000 -104.0220
439990.00000 4372434.00000 -104.2517
439990.00000 4372438.00000 -104.4336
439990.00000 4372442.00000 -104.5303
439990.00000 4372446.00000 -104.7015
439990.00000 4372450.00000 -104.8283
439990.00000 4372454.00000 -105.0049
439990.00000 4372458.00000 -105.1778
439990.00000 4372462.00000 -105.3261
439990.00000 4372466.00000 -105.5014
439990.00000 4372470.00000 -105.6628
439990.00000 4372474.00000 -105.8638
439990.00000 4372478.00000 -106.0407
439994.00000 4371970.00000 -128.7514
439994.00000 4371974.00000 -131.3765
439994.00000 4371978.00000 -134.8379
439994.00000 4371982.00000 N.C.
439994.00000 4371986.00000 N.C.
439994.00000 4371990.00000 -135.2413
439994.00000 4371994.00000 N.C.
439994.00000 4371998.00000 N.C.
439994.00000 4372002.00000 N.C.
439994.00000 4372006.00000 N.C.
439994.00000 4372010.00000 -123.0460
439994.00000 4372014.00000 -120.7612
439994.00000 4372018.00000 -120.2803
439994.00000 4372022.00000 N.C.
439994.00000 4372026.00000 N.C.
439994.00000 4372030.00000 N.C.
439994.00000 4372034.00000 -138.8901
439994.00000 4372038.00000 -134.6743
439994.00000 4372042.00000 -131.2395
439994.00000 4372046.00000 -134.1687
439994.00000 4372050.00000 N.C.
439994.00000 4372054.00000 N.C.
439994.00000 4372058.00000 -113.1599
439994.00000 4372062.00000 -106.7608
439994.00000 4372066.00000 N.C.
439994.00000 4372070.00000 N.C.
439994.00000 4372074.00000 N.C.
439994.00000 4372078.00000 -121.4465
439994.00000 4372082.00000 N.C.
439994.00000 4372086.00000 N.C.
439994.00000 4372090.00000 N.C.
439994.00000 4372094.00000 N.C.
439994.00000 4372098.00000 -112.4412
439994.00000 4372102.00000 -111.1671
439994.00000 4372106.00000 -109.1139
439994.00000 4372110.00000 N.C.
439994.00000 4372114.00000 N.C.
439994.00000 4372118.00000 N.C.
439994.00000 4372122.00000 N.C.
439994.00000 4372126.00000 -128.0001
439994.00000 4372130.00000 N.C.
439994.00000 4372134.00000 N.C.
439994.00000 4372138.00000 -117.5648
439994.00000 4372142.00000 -119.4241
439994.00000 4372146.00000 N.C.
439994.00000 4372150.00000 N.C.
439994.00000 4372154.00000 -104.8572
439994.00000 4372158.00000 N.C.
439994.00000 4372162.00000 N.C.
439994.00000 4372166.00000 -112.8896
439994.00000 4372170.00000 N.C.
439994.00000 4372174.00000 N.C.
439994.00000 4372178.00000 -97.6218
439994.00000 4372182.00000 -98.4252
439994.00000 4372186.00000 N.C.
439994.00000 4372190.00000 N.C.
439994.00000 4372194.00000 -92.1703
439994.00000 4372198.00000 -105.0248
439994.00000 4372202.00000 N.C.
439994.00000 4372206.00000 N.C.
439994.00000 4372210.00000 -91.4595
439994.00000 4372214.00000 -91.4206
439994.00000 4372218.00000 N.C.
439994.00000 4372222.00000 -91.0259
439994.00000 4372226.00000 N.C.
439994.00000 4372230.00000 -91.7740
439994.00000 4372234.00000 -91.9591
439994.00000 4372238.00000 -92.0670
439994.00000 4372242.00000 -91.8492
439994.00000 4372246.00000 -91.9997
439994.00000 4372250.00000 -92.0830
439994.00000 4372254.00000 -92.2546
439994.00000 4372258.00000 -92.4839
439994.00000 4372262.00000 -93.0968
439994.00000 4372266.00000 -92.8615
439994.00000 4372270.00000 -92.9981
439994.00000 4372274.00000 -93.5772
439994.00000 4372278.00000 -93.9691
439994.00000 4372282.00000 -94.5479
439994.00000 4372286.00000 -94.4650
439994.00000 4372290.00000 -94.5568
439994.00000 4372294.00000 -94.9443
439994.00000 4372298.00000 -95.2247
439994.00000 4372302.00000 -94.6275
439994.00000 4372306.00000 -100.7884
439994.00000 4372310.00000 -102.2335
439994.00000 4372314.00000 -113.4790
439994.00000 4372318.00000 -119.9074
439994.00000 4372322.00000 -113.6404
439994.00000 4372326.00000 -113.9115
439994.00000 4372330.00000 -112.6430
439994.00000 4372334.00000 -114.6547
439994.00000 4372338.00000 -112.3383
439994.00000 4372342.00000 N.C.
439994.00000 4372346.00000 N.C.
439994.00000 4372350.00000 -99.3586
439994.00000 4372354.00000 -115.1734
439994.00000 4372358.00000 -114.5749
439994.00000 4372362.00000 -109.4643
439994.00000 4372366.00000 -105.2534
439994.00000 4372370.00000 -100.4780
439994.00000 4372374.00000 -100.8845
439994.00000 4372378.00000 -100.7867
439994.00000 4372382.00000 -101.0170
439994.00000 4372386.00000 -101.7036
439994.00000 4372390.00000 -101.9199
439994.00000 4372394.00000 -102.1743
439994.00000 4372398.00000 -102.3914
439994.00000 4372402.00000 -102.6220
439994.00000 4372406.00000 -102.7746
439994.00000 4372410.00000 -102.9799
439994.00000 4372414.00000 -102.8784
439994.00000 4372418.00000 -103.3873
439994.00000 4372422.00000 -103.5788
439994.00000 4372426.00000 -103.8010
439994.00000 4372430.00000 -103.9872
439994.00000 4372434.00000 -104.1024
439994.00000 4372438.00000 -104.2891
439994.00000 4372442.00000 -104.4583
439994.00000 4372446.00000 -104.6586
439994.00000 4372450.00000 -104.7860
439994.00000 4372454.00000 -104.9199
439994.00000 4372458.00000 -105.1143
439994.00000 4372462.00000 -105.2758
439994.00000 4372466.00000 -105.4377
439994.00000 4372470.00000 -105.6162
439994.00000 4372474.00000 -105.8182
439994.00000 4372478.00000 -105.9829
439998.00000 4371970.00000 -131.5355
439998.00000 4371974.00000 -133.0293
439998.00000 4371978.00000 -135.0884
439998.00000 4371982.00000 N.C.
439998.00000 4371986.00000 N.C.
439998.00000 4371990.00000 -136.1682
439998.00000 4371994.00000 N.C.
439998.00000 4371998.00000 N.C.
439998.00000 4372002.00000 N.C.
439998.00000 4372006.00000 N.C.
439998.00000 4372010.00000 -122.4691
439998.00000 4372014.00000 -131.9245
439998.00000 4372018.00000 -133.8982
439998.00000 4372022.00000 N.C.
439998.00000 4372026.00000 N.C.
439998.00000 4372030.00000 N.C.
439998.00000 4372034.00000 -135.0373
439998.00000 4372038.00000 N.C.
439998.00000 4372042.00000 N.C.
439998.00000 4372046.00000 -142.5191
439998.00000 4372050.00000 N.C.
439998.00000 4372054.00000 N.C.
439998.00000 4372058.00000 -116.0658
439998.00000 4372062.00000 -114.8017
439998.00000 4372066.00000 N.C.
439998.00000 4372070.00000 N.C.
439998.00000 4372074.00000 -111.5605
439998.00000 4372078.00000 -113.4699
439998.00000 4372082.00000 N.C.
439998.00000 4372086.00000 N.C.
439998.00000 4372090.00000 N.C.
439998.00000 4372094.00000 N.C.
439998.00000 4372098.00000 -109.4508
439998.00000 4372102.00000 -113.7558
439998.00000 4372106.00000 -118.4462
439998.00000 4372110.00000 N.C.
439998.00000 4372114.00000 N.C.
439998.00000 4372118.00000 N.C.
439998.00000 4372122.00000 -121.2906
439998.00000 4372126.00000 -123.5675
439998.00000 4372130.00000 N.C.
439998.00000 4372134.00000 N.C.
439998.00000 4372138.00000 -118.0386
439998.00000 4372142.00000 -120.4208
439998.00000 4372146.00000 N.C.
439998.00000 4372150.00000 N.C.
439998.00000 4372154.00000 N.C.
439998.00000 4372158.00000 N.C.
439998.00000 4372162.00000 N.C.
439998.00000 4372166.00000 -111.8454
439998.00000 4372170.00000 N.C.
439998.00000 4372174.00000 N.C.
439998.00000 4372178.00000 -97.3880
439998.00000 4372182.00000 -98.2548
439998.00000 4372186.00000 -107.8698
439998.00000 4372190.00000 N.C.
439998.00000 4372194.00000 -101.8263
439998.00000 4372198.00000 -104.0281
439998.00000 4372202.00000 N.C.
439998.00000 4372206.00000 N.C.
439998.00000 4372210.00000 -91.3539
439998.00000 4372214.00000 -90.8942
439998.00000 4372218.00000 N.C.
439998.00000 4372222.00000 -90.8434
439998.00000 4372226.00000 N.C.
439998.00000 4372230.00000 -90.8053
439998.00000 4372234.00000 -91.1966
439998.00000 4372238.00000 -91.5231
439998.00000 4372242.00000 -91.6683
439998.00000 4372246.00000 -91.8230
439998.00000 4372250.00000 -92.0073
439998.00000 4372254.00000 -92.2283
439998.00000 4372258.00000 -92.4631
439998.00000 4372262.00000 -92.6774
439998.00000 4372266.00000 -92.8761
439998.00000 4372270.00000 -93.1208
439998.00000 4372274.00000 -93.4323
439998.00000 4372278.00000 -93.4163
439998.00000 4372282.00000 -93.7238
439998.00000 4372286.00000 -94.4938
439998.00000 4372290.00000 -94.8302
439998.00000 4372294.00000 -94.6944
439998.00000 4372298.00000 -95.0036
439998.00000 4372302.00000 N.C.
439998.00000 4372306.00000 -115.1935
439998.00000 4372310.00000 -105.9832
439998.00000 4372314.00000 -105.8644
439998.00000 4372318.00000 -114.4753
439998.00000 4372322.00000 -117.4376
439998.00000 4372326.00000 -113.7446
439998.00000 4372330.00000 -112.9835
439998.00000 4372334.00000 -112.3755
439998.00000 4372338.00000 -112.0062
439998.00000 4372342.00000 -108.9616
439998.00000 4372346.00000 -111.2117
439998.00000 4372350.00000 -109.3228
439998.00000 4372354.00000 -120.0256
439998.00000 4372358.00000 -115.0517
439998.00000 4372362.00000 -110.6469
439998.00000 4372366.00000 -105.0387
439998.00000 4372370.00000 -100.3200
439998.00000 4372374.00000 -100.7912
439998.00000 4372378.00000 -100.9582
439998.00000 4372382.00000 -100.9939
439998.00000 4372386.00000 -101.2555
439998.00000 4372390.00000 -101.7607
439998.00000 4372394.00000 -102.0265
439998.00000 4372398.00000 -102.2467
439998.00000 4372402.00000 -102.4646
439998.00000 4372406.00000 -102.6734
439998.00000 4372410.00000 -102.9574
439998.00000 4372414.00000 -103.1751
439998.00000 4372418.00000 -103.0422
439998.00000 4372422.00000 -103.2293
439998.00000 4372426.00000 -103.3423
439998.00000 4372430.00000 -103.5304
439998.00000 4372434.00000 -103.7252
439998.00000 4372438.00000 -103.8796
439998.00000 4372442.00000 -104.3700
439998.00000 4372446.00000 -104.5631
439998.00000 4372450.00000 -104.6865
439998.00000 4372454.00000 -104.8651
439998.00000 4372458.00000 -105.0559
439998.00000 4372462.00000 -105.2250
439998.00000 4372466.00000 -105.4587
439998.00000 4372470.00000 -105.6629
439998.00000 4372474.00000 -105.8248
439998.00000 4372478.00000 -105.9704
440002.00000 4371970.00000 -130.4648
440002.00000 4371974.00000 -131.7429
440002.00000 4371978.00000 -135.8804
440002.00000 4371982.00000 -141.2885
440002.00000 4371986.00000 N.C.
440002.00000 4371990.00000 N.C.
440002.00000 4371994.00000 N.C.
440002.00000 4371998.00000 N.C.
440002.00000 4372002.00000 N.C.
440002.00000 4372006.00000 N.C.
440002.00000 4372010.00000 -122.9858
440002.00000 4372014.00000 -131.5568
440002.00000 4372018.00000 N.C.
440002.00000 4372022.00000 N.C.
440002.00000 4372026.00000 N.C.
440002.00000 4372030.00000 -148.6691
440002.00000 4372034.00000 -146.3694
440002.00000 4372038.00000 N.C.
440002.00000 4372042.00000 N.C.
440002.00000 4372046.00000 N.C.
440002.00000 4372050.00000 N.C.
440002.00000 4372054.00000 N.C.
440002.00000 4372058.00000 N.C.
440002.00000 4372062.00000 -118.6549
440002.00000 4372066.00000 N.C.
440002.00000 4372070.00000 N.C.
440002.00000 4372074.00000 -110.4249
440002.00000 4372078.00000 -113.1728
440002.00000 4372082.00000 N.C.
440002.00000 4372086.00000 N.C.
440002.00000 4372090.00000 N.C.
440002.00000 4372094.00000 N.C.
440002.00000 4372098.00000 -108.6790
440002.00000 4372102.00000 -117.7870
440002.00000 4372106.00000 -108.5069
440002.00000 4372110.00000 N.C.
440002.00000 4372114.00000 N.C.
440002.00000 4372118.00000 N.C.
440002.00000 4372122.00000 -124.8303
440002.00000 4372126.00000 -124.7948
440002.00000 4372130.00000 N.C.
440002.00000 4372134.00000 N.C.
440002.00000 4372138.00000 -118.1012
440002.00000 4372142.00000 -120.8167
440002.00000 4372146.00000 N.C.
440002.00000 4372150.00000 N.C.
440002.00000 4372154.00000 -122.5874
440002.00000 4372158.00000 N.C.
440002.00000 4372162.00000 N.C.
440002.00000 4372166.00000 -112.5522
440002.00000 4372170.00000 N.C.
440002.00000 4372174.00000 N.C.
440002.00000 4372178.00000 -97.8250
440002.00000 4372182.00000 -98.4338
440002.00000 4372186.00000 N.C.
440002.00000 4372190.00000 N.C.
440002.00000 4372194.00000 -107.6372
440002.00000 4372198.00000 -107.3220
440002.00000 4372202.00000 N.C.
440002.00000 4372206.00000 N.C.
440002.00000 4372210.00000 -89.0985
440002.00000 4372214.00000 -90.5134
440002.00000 4372218.00000 N.C.
440002.00000 4372222.00000 N.C.
440002.00000 4372226.00000 N.C.
440002.00000 4372230.00000 N.C.
440002.00000 4372234.00000 -90.6273
440002.00000 4372238.00000 -90.7112
440002.00000 4372242.00000 -91.0996
440002.00000 4372246.00000 -91.2739
440002.00000 4372250.00000 -91.3616
440002.00000 4372254.00000 -91.6991
440002.00000 4372258.00000 -91.7026
440002.00000 4372262.00000 -92.1780
440002.00000 4372266.00000 -92.3637
440002.00000 4372270.00000 -92.6939
440002.00000 4372274.00000 -93.0497
440002.00000 4372278.00000 -93.3780
440002.00000 4372282.00000 -93.4055
440002.00000 4372286.00000 -93.7129
440002.00000 4372290.00000 -94.3759
440002.00000 4372294.00000 -94.8496
440002.00000 4372298.00000 -94.7954
440002.00000 4372302.00000 N.C.
440002.00000 4372306.00000 N.C.
440002.00000 4372310.00000 -105.3804
440002.00000 4372314.00000 -105.3359
440002.00000 4372318.00000 -105.2088
440002.00000 4372322.00000 N.C.
440002.00000 4372326.00000 N.C.
440002.00000 4372330.00000 -114.0114
440002.00000 4372334.00000 -111.7108
440002.00000 4372338.00000 -109.8176
440002.00000 4372342.00000 N.C.
440002.00000 4372346.00000 -122.4751
440002.00000 4372350.00000 -122.3267
440002.00000 4372354.00000 -121.8122
440002.00000 4372358.00000 -115.8084
440002.00000 4372362.00000 -110.2493
440002.00000 4372366.00000 -105.2413
440002.00000 4372370.00000 -99.9875
440002.00000 4372374.00000 -100.6730
440002.00000 4372378.00000 -100.9300
440002.00000 4372382.00000 -100.8084
440002.00000 4372386.00000 -101.0364
440002.00000 4372390.00000 -101.3748
440002.00000 4372394.00000 -101.9355
440002.00000 4372398.00000 -102.1550
440002.00000 4372402.00000 -102.4428
440002.00000 4372406.00000 -102.6683
440002.00000 4372410.00000 -102.8421
440002.00000 4372414.00000 -103.0292
440002.00000 4372418.00000 -103.1802
440002.00000 4372422.00000 -103.3802
440002.00000 4372426.00000 -103.5562
440002.00000 4372430.00000 -103.7545
440002.00000 4372434.00000 -103.9303
440002.00000 4372438.00000 -103.8228
440002.00000 4372442.00000 -104.0068
440002.00000 4372446.00000 -104.1836
440002.00000 4372450.00000 -104.3689
440002.00000 4372454.00000 -104.5591
440002.00000 4372458.00000 -104.7724
440002.00000 4372462.00000 -105.2718
440002.00000 4372466.00000 -105.4387
440002.00000 4372470.00000 -105.6110
440002.00000 4372474.00000 -105.7624
440002.00000 4372478.00000 -106.0255
440006.00000 4371970.00000 -131.5645
440006.00000 4371974.00000 -130.8100
440006.00000 4371978.00000 -132.6627
440006.00000 4371982.00000 -133.1495
440006.00000 4371986.00000 -133.7558
440006.00000 4371990.00000 -137.5411
440006.00000 4371994.00000 -137.3206
440006.00000 4371998.00000 N.C.
440006.00000 4372002.00000 N.C.
440006.00000 4372006.00000 -124.0807
440006.00000 4372010.00000 -134.1490
440006.00000 4372014.00000 N.C.
440006.00000 4372018.00000 N.C.
440006.00000 4372022.00000 -152.3145
440006.00000 4372026.00000 N.C.
440006.00000 4372030.00000 N.C.
440006.00000 4372034.00000 -147.8070
440006.00000 4372038.00000 N.C.
440006.00000 4372042.00000 N.C.
440006.00000 4372046.00000 -138.1451
440006.00000 4372050.00000 -153.1643
440006.00000 4372054.00000 N.C.
440006.00000 4372058.00000 N.C.
440006.00000 4372062.00000 -122.1884
440006.00000 4372066.00000 N.C.
440006.00000 4372070.00000 N.C.
440006.00000 4372074.00000 -112.4047
440006.00000 4372078.00000 -113.4219
440006.00000 4372082.00000 N.C.
440006.00000 4372086.00000 N.C.
440006.00000 4372090.00000 N.C.
440006.00000 4372094.00000 N.C.
440006.00000 4372098.00000 -107.1254
440006.00000 4372102.00000 -119.2458
440006.00000 4372106.00000 -116.5376
440006.00000 4372110.00000 N.C.
440006.00000 4372114.00000 N.C.
440006.00000 4372118.00000 N.C.
440006.00000 4372122.00000 N.C.
440006.00000 4372126.00000 N.C.
440006.00000 4372130.00000 N.C.
440006.00000 4372134.00000 N.C.
440006.00000 4372138.00000 -118.5955
440006.00000 4372142.00000 -121.5579
440006.00000 4372146.00000 N.C.
440006.00000 4372150.00000 N.C.
440006.00000 4372154.00000 -123.8775
440006.00000 4372158.00000 N.C.
440006.00000 4372162.00000 N.C.
440006.00000 4372166.00000 -112.7621
440006.00000 4372170.00000 -110.7539
440006.00000 4372174.00000 N.C.
440006.00000 4372178.00000 -97.5737
440006.00000 4372182.00000 -98.7061
440006.00000 4372186.00000 N.C.
440006.00000 4372190.00000 N.C.
440006.00000 4372194.00000 N.C.
440006.00000 4372198.00000 -106.7029
440006.00000 4372202.00000 N.C.
440006.00000 4372206.00000 N.C.
440006.00000 4372210.00000 -88.4210
440006.00000 4372214.00000 -89.9018
440006.00000 4372218.00000 N.C.
440006.00000 4372222.00000 N.C.
440006.00000 4372226.00000 N.C.
440006.00000 4372230.00000 N.C.
440006.00000 4372234.00000 -90.1227
440006.00000 4372238.00000 -90.3086
440006.00000 4372242.00000 -90.4441
440006.00000 4372246.00000 -90.6594
440006.00000 4372250.00000 -90.7566
440006.00000 4372254.00000 -91.0084
440006.00000 4372258.00000 -91.3413
440006.00000 4372262.00000 -91.6298
440006.00000 4372266.00000 -91.9346
440006.00000 4372270.00000 -92.3309
440006.00000 4372274.00000 -92.6547
440006.00000 4372278.00000 -93.0461
440006.00000 4372282.00000 -93.4801
440006.00000 4372286.00000 -93.7630
440006.00000 4372290.00000 -93.7512
440006.00000 4372294.00000 -94.1269
440006.00000 4372298.00000 -94.6548
440006.00000 4372302.00000 N.C.
440006.00000 4372306.00000 N.C.
440006.00000 4372310.00000 -105.6296
440006.00000 4372314.00000 -105.1372
440006.00000 4372318.00000 -104.2535
440006.00000 4372322.00000 N.C.
440006.00000 4372326.00000 N.C.
440006.00000 4372330.00000 -112.6181
440006.00000 4372334.00000 -109.0568
440006.00000 4372338.00000 -109.8715
440006.00000 4372342.00000 N.C.
440006.00000 4372346.00000 -122.7177
440006.00000 4372350.00000 -122.8566
440006.00000 4372354.00000 -118.0740
440006.00000 4372358.00000 -115.1148
440006.00000 4372362.00000 -110.0229
440006.00000 4372366.00000 -104.3775
440006.00000 4372370.00000 -98.9212
440006.00000 4372374.00000 -100.6315
440006.00000 4372378.00000 -100.8759
440006.00000 4372382.00000 -101.1285
440006.00000 4372386.00000 -101.0397
440006.00000 4372390.00000 -101.2563
440006.00000 4372394.00000 -101.5978
440006.00000 4372398.00000 -102.1502
440006.00000 4372402.00000 -102.3295
440006.00000 4372406.00000 -102.4763
440006.00000 4372410.00000 -102.6926
440006.00000 4372414.00000 -102.9060
440006.00000 4372418.00000 -103.1170
440006.00000 4372422.00000 -103.2889
440006.00000 4372426.00000 -103.4694
440006.00000 4372430.00000 -103.6587
440006.00000 4372434.00000 -103.8801
440006.00000 4372438.00000 -104.0526
440006.00000 4372442.00000 -104.2273
440006.00000 4372446.00000 -104.4353
440006.00000 4372450.00000 -104.6667
440006.00000 4372454.00000 -104.5719
440006.00000 4372458.00000 -104.7560
440006.00000 4372462.00000 -104.9289
440006.00000 4372466.00000 -105.1011
440006.00000 4372470.00000 -105.3491
440006.00000 4372474.00000 -105.5031
440006.00000 4372478.00000 -105.6655
440010.00000 4371970.00000 -137.3121
440010.00000 4371974.00000 -131.7189
440010.00000 4371978.00000 -132.6467
440010.00000 4371982.00000 -134.5609
440010.00000 4371986.00000 N.C.
440010.00000 4371990.00000 N.C.
440010.00000 4371994.00000 -138.3245
440010.00000 4371998.00000 N.C.
440010.00000 4372002.00000 N.C.
440010.00000 4372006.00000 -123.4978
440010.00000 4372010.00000 -132.3265
440010.00000 4372014.00000 N.C.
440010.00000 4372018.00000 N.C.
440010.00000 4372022.00000 -143.2519
440010.00000 4372026.00000 N.C.
440010.00000 4372030.00000 N.C.
440010.00000 4372034.00000 N.C.
440010.00000 4372038.00000 N.C.
440010.00000 4372042.00000 N.C.
440010.00000 4372046.00000 N.C.
440010.00000 4372050.00000 N.C.
440010.00000 4372054.00000 N.C.
440010.00000 4372058.00000 N.C.
440010.00000 4372062.00000 -126.9357
440010.00000 4372066.00000 N.C.
440010.00000 4372070.00000 N.C.
440010.00000 4372074.00000 -113.1328
440010.00000 4372078.00000 -114.2965
440010.00000 4372082.00000 N.C.
440010.00000 4372086.00000 N.C.
440010.00000 4372090.00000 N.C.
440010.00000 4372094.00000 -127.9537
440010.00000 4372098.00000 -121.0561
440010.00000 4372102.00000 -122.7791
440010.00000 4372106.00000 -118.8982
440010.00000 4372110.00000 N.C.
440010.00000 4372114.00000 N.C.
440010.00000 4372118.00000 N.C.
440010.00000 4372122.00000 N.C.
440010.00000 4372126.00000 -120.7633
440010.00000 4372130.00000 -123.7742
440010.00000 4372134.00000 N.C.
440010.00000 4372138.00000 -116.0817
440010.00000 4372142.00000 -121.6279
440010.00000 4372146.00000 -125.3527
440010.00000 4372150.00000 N.C.
440010.00000 4372154.00000 N.C.
440010.00000 4372158.00000 N.C.
440010.00000 4372162.00000 N.C.
440010.00000 4372166.00000 -104.8768
440010.00000 4372170.00000 -116.4007
440010.00000 4372174.00000 N.C.
440010.00000 4372178.00000 -91.2100
440010.00000 4372182.00000 -102.6723
440010.00000 4372186.00000 N.C.
440010.00000 4372190.00000 N.C.
440010.00000 4372194.00000 N.C.
440010.00000 4372198.00000 -114.0074
440010.00000 4372202.00000 N.C.
440010.00000 4372206.00000 N.C.
440010.00000 4372210.00000 -89.0146
440010.00000 4372214.00000 -89.2602
440010.00000 4372218.00000 N.C.
440010.00000 4372222.00000 N.C.
440010.00000 4372226.00000 N.C.
440010.00000 4372230.00000 N.C.
440010.00000 4372234.00000 -89.4848
440010.00000 4372238.00000 -89.5542
440010.00000 4372242.00000 -89.8007
440010.00000 4372246.00000 -89.9359
440010.00000 4372250.00000 -90.2252
440010.00000 4372254.00000 -90.5436
440010.00000 4372258.00000 -90.8166
440010.00000 4372262.00000 -91.1328
440010.00000 4372266.00000 -91.5470
440010.00000 4372270.00000 -91.9073
440010.00000 4372274.00000 -92.2767
440010.00000 4372278.00000 -92.6529
440010.00000 4372282.00000 -93.1199
440010.00000 4372286.00000 -93.5239
440010.00000 4372290.00000 -93.7184
440010.00000 4372294.00000 -93.9263
440010.00000 4372298.00000 N.C.
440010.00000 4372302.00000 N.C.
440010.00000 4372306.00000 N.C.
440010.00000 4372310.00000 -114.7090
440010.00000 4372314.00000 -95.3311
440010.00000 4372318.00000 -96.0300
440010.00000 4372322.00000 N.C.
440010.00000 4372326.00000 N.C.
440010.00000 4372330.00000 -113.2210
440010.00000 4372334.00000 -108.0777
440010.00000 4372338.00000 -97.8202
440010.00000 4372342.00000 N.C.
440010.00000 4372346.00000 -122.5469
440010.00000 4372350.00000 -118.0973
440010.00000 4372354.00000 -116.2857
440010.00000 4372358.00000 -108.8324
440010.00000 4372362.00000 -99.6650
440010.00000 4372366.00000 -99.9803
440010.00000 4372370.00000 -100.1037
440010.00000 4372374.00000 -100.3770
440010.00000 4372378.00000 -100.8621
440010.00000 4372382.00000 -101.1021
440010.00000 4372386.00000 -101.2561
440010.00000 4372390.00000 -101.2737
440010.00000 4372394.00000 -101.4200
440010.00000 4372398.00000 -101.9713
440010.00000 4372402.00000 -102.2052
440010.00000 4372406.00000 -102.4387
440010.00000 4372410.00000 -102.6581
440010.00000 4372414.00000 -102.8400
440010.00000 4372418.00000 -103.0441
440010.00000 4372422.00000 -103.2472
440010.00000 4372426.00000 -103.4300
440010.00000 4372430.00000 -103.6363
440010.00000 4372434.00000 -103.8399
440010.00000 4372438.00000 -104.0453
440010.00000 4372442.00000 -104.2489
440010.00000 4372446.00000 -104.4362
440010.00000 4372450.00000 -104.6266
440010.00000 4372454.00000 -104.8219
440010.00000 4372458.00000 -105.0790
440010.00000 4372462.00000 -105.2546
440010.00000 4372466.00000 -105.4499
440010.00000 4372470.00000 -105.6137
440010.00000 4372474.00000 -105.7953
440010.00000 4372478.00000 -105.6294
440014.00000 4371970.00000 -141.6774
440014.00000 4371974.00000 -131.5260
440014.00000 4371978.00000 -131.7368
440014.00000 4371982.00000 -135.1481
440014.00000 4371986.00000 -142.8771
440014.00000 4371990.00000 -146.7995
440014.00000 4371994.00000 -147.6969
440014.00000 4371998.00000 N.C.
440014.00000 4372002.00000 N.C.
440014.00000 4372006.00000 -126.2968
440014.00000 4372010.00000 -130.7600
440014.00000 4372014.00000 -137.8180
440014.00000 4372018.00000 N.C.
440014.00000 4372022.00000 N.C.
440014.00000 4372026.00000 N.C.
440014.00000 4372030.00000 N.C.
440014.00000 4372034.00000 N.C.
440014.00000 4372038.00000 N.C.
440014.00000 4372042.00000 N.C.
440014.00000 4372046.00000 N.C.
440014.00000 4372050.00000 N.C.
440014.00000 4372054.00000 N.C.
440014.00000 4372058.00000 N.C.
440014.00000 4372062.00000 -126.9417
440014.00000 4372066.00000 -118.3338
440014.00000 4372070.00000 N.C.
440014.00000 4372074.00000 -149.0198
440014.00000 4372078.00000 N.C.
440014.00000 4372082.00000 N.C.
440014.00000 4372086.00000 N.C.
440014.00000 4372090.00000 N.C.
440014.00000 4372094.00000 -127.3074
440014.00000 4372098.00000 -127.6180
440014.00000 4372102.00000 -118.3203
440014.00000 4372106.00000 -123.6803
440014.00000 4372110.00000 N.C.
440014.00000 4372114.00000 -106.8647
440014.00000 4372118.00000 N.C.
440014.00000 4372122.00000 N.C.
440014.00000 4372126.00000 N.C.
440014.00000 4372130.00000 -130.7647
440014.00000 4372134.00000 N.C.
440014.00000 4372138.00000 -121.8543
440014.00000 4372142.00000 -123.2974
440014.00000 4372146.00000 -122.9714
440014.00000 4372150.00000 N.C.
440014.00000 4372154.00000 N.C.
440014.00000 4372158.00000 N.C.
440014.00000 4372162.00000 N.C.
440014.00000 4372166.00000 -121.8529
440014.00000 4372170.00000 -107.5842
440014.00000 4372174.00000 N.C.
440014.00000 4372178.00000 -110.6710
440014.00000 4372182.00000 -96.5089
440014.00000 4372186.00000 N.C.
440014.00000 4372190.00000 N.C.
440014.00000 4372194.00000 N.C.
440014.00000 4372198.00000 N.C.
440014.00000 4372202.00000 N.C.
440014.00000 4372206.00000 N.C.
440014.00000 4372210.00000 -88.8207
440014.00000 4372214.00000 -88.6498
440014.00000 4372218.00000 N.C.
440014.00000 4372222.00000 N.C.
440014.00000 4372226.00000 N.C.
440014.00000 4372230.00000 N.C.
440014.00000 4372234.00000 -88.7342
440014.00000 4372238.00000 -88.8958
440014.00000 4372242.00000 -89.1178
440014.00000 4372246.00000 -89.3165
440014.00000 4372250.00000 -89.6219
440014.00000 4372254.00000 -89.9971
440014.00000 4372258.00000 -90.3407
440014.00000 4372262.00000 -90.6955
440014.00000 4372266.00000 -91.0211
440014.00000 4372270.00000 -91.4792
440014.00000 4372274.00000 -91.8634
440014.00000 4372278.00000 -92.2859
440014.00000 4372282.00000 -92.6405
440014.00000 4372286.00000 -93.0395
440014.00000 4372290.00000 -92.9093
440014.00000 4372294.00000 -93.7883
440014.00000 4372298.00000 -94.1148
440014.00000 4372302.00000 -94.2627
440014.00000 4372306.00000 -94.6725
440014.00000 4372310.00000 -95.3829
440014.00000 4372314.00000 -95.8013
440014.00000 4372318.00000 -96.0975
440014.00000 4372322.00000 N.C.
440014.00000 4372326.00000 N.C.
440014.00000 4372330.00000 -97.1704
440014.00000 4372334.00000 -97.4449
440014.00000 4372338.00000 -97.6693
440014.00000 4372342.00000 N.C.
440014.00000 4372346.00000 -123.5456
440014.00000 4372350.00000 -98.3457
440014.00000 4372354.00000 -99.0513
440014.00000 4372358.00000 -99.3741
440014.00000 4372362.00000 -99.6604
440014.00000 4372366.00000 -99.9910
440014.00000 4372370.00000 -100.2450
440014.00000 4372374.00000 -100.3651
440014.00000 4372378.00000 -100.5780
440014.00000 4372382.00000 -101.0368
440014.00000 4372386.00000 -101.2460
440014.00000 4372390.00000 -101.0779
440014.00000 4372394.00000 -101.2873
440014.00000 4372398.00000 -101.6251
440014.00000 4372402.00000 -102.1497
440014.00000 4372406.00000 -102.3623
440014.00000 4372410.00000 -102.5773
440014.00000 4372414.00000 -102.7924
440014.00000 4372418.00000 -103.0107
440014.00000 4372422.00000 -103.2352
440014.00000 4372426.00000 -103.4336
440014.00000 4372430.00000 -103.6574
440014.00000 4372434.00000 -103.8545
440014.00000 4372438.00000 -104.0541
440014.00000 4372442.00000 -104.2524
440014.00000 4372446.00000 -104.5209
440014.00000 4372450.00000 -104.6976
440014.00000 4372454.00000 -104.8788
440014.00000 4372458.00000 -105.0581
440014.00000 4372462.00000 -105.2393
440014.00000 4372466.00000 -105.3957
440014.00000 4372470.00000 -105.5706
440014.00000 4372474.00000 -105.7453
440014.00000 4372478.00000 -105.8909
440018.00000 4371970.00000 -141.5866
440018.00000 4371974.00000 -132.0866
440018.00000 4371978.00000 -132.5691
440018.00000 4371982.00000 -136.0761
440018.00000 4371986.00000 N.C.
440018.00000 4371990.00000 N.C.
440018.00000 4371994.00000 N.C.
440018.00000 4371998.00000 N.C.
440018.00000 4372002.00000 N.C.
440018.00000 4372006.00000 -126.4229
440018.00000 4372010.00000 -131.7699
440018.00000 4372014.00000 N.C.
440018.00000 4372018.00000 -126.7919
440018.00000 4372022.00000 -128.9792
440018.00000 4372026.00000 -130.2650
440018.00000 4372030.00000 -131.9190
440018.00000 4372034.00000 N.C.
440018.00000 4372038.00000 N.C.
440018.00000 4372042.00000 N.C.
440018.00000 4372046.00000 N.C.
440018.00000 4372050.00000 N.C.
440018.00000 4372054.00000 -152.1777
440018.00000 4372058.00000 N.C.
440018.00000 4372062.00000 -124.4088
440018.00000 4372066.00000 -123.2783
440018.00000 4372070.00000 -128.2676
440018.00000 4372074.00000 -131.0053
440018.00000 4372078.00000 -128.5281
440018.00000 4372082.00000 N.C.
440018.00000 4372086.00000 -129.9397
440018.00000 4372090.00000 N.C.
440018.00000 4372094.00000 -130.3661
440018.00000 4372098.00000 -129.3045
440018.00000 4372102.00000 N.C.
440018.00000 4372106.00000 -120.9750
440018.00000 4372110.00000 N.C.
440018.00000 4372114.00000 -108.3769
440018.00000 4372118.00000 -108.2501
440018.00000 4372122.00000 N.C.
440018.00000 4372126.00000 N.C.
440018.00000 4372130.00000 -130.4912
440018.00000 4372134.00000 N.C.
440018.00000 4372138.00000 -121.6189
440018.00000 4372142.00000 -121.5037
440018.00000 4372146.00000 N.C.
440018.00000 4372150.00000 N.C.
440018.00000 4372154.00000 N.C.
440018.00000 4372158.00000 N.C.
440018.00000 4372162.00000 N.C.
440018.00000 4372166.00000 N.C.
440018.00000 4372170.00000 N.C.
440018.00000 4372174.00000 N.C.
440018.00000 4372178.00000 N.C.
440018.00000 4372182.00000 -89.1105
440018.00000 4372186.00000 N.C.
440018.00000 4372190.00000 -110.2371
440018.00000 4372194.00000 N.C.
440018.00000 4372198.00000 N.C.
440018.00000 4372202.00000 -115.4141
440018.00000 4372206.00000 -86.8843
440018.00000 4372210.00000 -87.6572
440018.00000 4372214.00000 -87.9434
440018.00000 4372218.00000 -87.5080
440018.00000 4372222.00000 -87.3979
440018.00000 4372226.00000 -87.3176
440018.00000 4372230.00000 -87.3529
440018.00000 4372234.00000 -87.6533
440018.00000 4372238.00000 -88.2555
440018.00000 4372242.00000 -88.3952
440018.00000 4372246.00000 -88.7540
440018.00000 4372250.00000 -88.9836
440018.00000 4372254.00000 -89.4142
440018.00000 4372258.00000 -89.8130
440018.00000 4372262.00000 -90.1820
440018.00000 4372266.00000 -90.4059
440018.00000 4372270.00000 -91.1117
440018.00000 4372274.00000 -91.5543
440018.00000 4372278.00000 -91.8109
440018.00000 4372282.00000 -92.2977
440018.00000 4372286.00000 -92.7391
440018.00000 4372290.00000 -93.1428
440018.00000 4372294.00000 -93.5539
440018.00000 4372298.00000 -93.6221
440018.00000 4372302.00000 -103.0319
440018.00000 4372306.00000 -93.9180
440018.00000 4372310.00000 -94.4334
440018.00000 4372314.00000 -94.6326
440018.00000 4372318.00000 -95.9904
440018.00000 4372322.00000 -96.3952
440018.00000 4372326.00000 -95.4812
440018.00000 4372330.00000 -95.8587
440018.00000 4372334.00000 -97.3252
440018.00000 4372338.00000 -97.5367
440018.00000 4372342.00000 -97.9634
440018.00000 4372346.00000 -96.9981
440018.00000 4372350.00000 -98.5947
440018.00000 4372354.00000 -99.0163
440018.00000 4372358.00000 -99.3094
440018.00000 4372362.00000 -99.6024
440018.00000 4372366.00000 -99.9133
440018.00000 4372370.00000 -100.1519
440018.00000 4372374.00000 -100.2988
440018.00000 4372378.00000 -100.4620
440018.00000 4372382.00000 -100.8531
440018.00000 4372386.00000 -101.1066
440018.00000 4372390.00000 -101.3376
440018.00000 4372394.00000 -101.2279
440018.00000 4372398.00000 -101.4278
440018.00000 4372402.00000 -101.7638
440018.00000 4372406.00000 -102.3029
440018.00000 4372410.00000 -102.5275
440018.00000 4372414.00000 -102.7424
440018.00000 4372418.00000 -102.9609
440018.00000 4372422.00000 -103.1964
440018.00000 4372426.00000 -103.4015
440018.00000 4372430.00000 -103.6051
440018.00000 4372434.00000 -103.8841
440018.00000 4372438.00000 -104.0754
440018.00000 4372442.00000 -104.2664
440018.00000 4372446.00000 -104.4613
440018.00000 4372450.00000 -104.6503
440018.00000 4372454.00000 -104.8369
440018.00000 4372458.00000 -105.0157
440018.00000 4372462.00000 -105.1982
440018.00000 4372466.00000 -105.3553
440018.00000 4372470.00000 -105.5333
440018.00000 4372474.00000 -105.6670
440018.00000 4372478.00000 -105.8635
440022.00000 4371970.00000 -141.3213
440022.00000 4371974.00000 N.C.
440022.00000 4371978.00000 -136.1654
440022.00000 4371982.00000 -137.5973
440022.00000 4371986.00000 -141.1603
440022.00000 4371990.00000 N.C.
440022.00000 4371994.00000 N.C.
440022.00000 4371998.00000 N.C.
440022.00000 4372002.00000 N.C.
440022.00000 4372006.00000 N.C.
440022.00000 4372010.00000 -126.7283
440022.00000 4372014.00000 -120.5003
440022.00000 4372018.00000 -120.5892
440022.00000 4372022.00000 N.C.
440022.00000 4372026.00000 N.C.
440022.00000 4372030.00000 -133.1754
440022.00000 4372034.00000 -140.7721
440022.00000 4372038.00000 N.C.
440022.00000 4372042.00000 N.C.
440022.00000 4372046.00000 N.C.
440022.00000 4372050.00000 N.C.
440022.00000 4372054.00000 N.C.
440022.00000 4372058.00000 N.C.
440022.00000 4372062.00000 -128.1190
440022.00000 4372066.00000 -127.8757
440022.00000 4372070.00000 N.C.
440022.00000 4372074.00000 -125.4319
440022.00000 4372078.00000 -134.3578
440022.00000 4372082.00000 N.C.
440022.00000 4372086.00000 N.C.
440022.00000 4372090.00000 N.C.
440022.00000 4372094.00000 N.C.
440022.00000 4372098.00000 -130.1802
440022.00000 4372102.00000 N.C.
440022.00000 4372106.00000 -125.5551
440022.00000 4372110.00000 N.C.
440022.00000 4372114.00000 N.C.
440022.00000 4372118.00000 -110.7498
440022.00000 4372122.00000 N.C.
440022.00000 4372126.00000 N.C.
440022.00000 4372130.00000 -121.2268
440022.00000 4372134.00000 N.C.
440022.00000 4372138.00000 -119.9410
440022.00000 4372142.00000 -122.9973
440022.00000 4372146.00000 -125.0118
440022.00000 4372150.00000 N.C.
440022.00000 4372154.00000 N.C.
440022.00000 4372158.00000 N.C.
440022.00000 4372162.00000 N.C.
440022.00000 4372166.00000 N.C.
440022.00000 4372170.00000 N.C.
440022.00000 4372174.00000 N.C.
440022.00000 4372178.00000 N.C.
440022.00000 4372182.00000 -95.3821
440022.00000 4372186.00000 -97.7625
440022.00000 4372190.00000 N.C.
440022.00000 4372194.00000 N.C.
440022.00000 4372198.00000 N.C.
440022.00000 4372202.00000 N.C.
440022.00000 4372206.00000 -85.9867
440022.00000 4372210.00000 -87.4082
440022.00000 4372214.00000 -87.2184
440022.00000 4372218.00000 -87.1675
440022.00000 4372222.00000 -86.9336
440022.00000 4372226.00000 -95.5368
440022.00000 4372230.00000 -96.1995
440022.00000 4372234.00000 -85.8913
440022.00000 4372238.00000 -87.5291
440022.00000 4372242.00000 -87.7694
440022.00000 4372246.00000 -88.1282
440022.00000 4372250.00000 -88.4906
440022.00000 4372254.00000 -88.7628
440022.00000 4372258.00000 -89.3389
440022.00000 4372262.00000 -89.7631
440022.00000 4372266.00000 -90.2249
440022.00000 4372270.00000 -90.5256
440022.00000 4372274.00000 -91.0508
440022.00000 4372278.00000 -91.5164
440022.00000 4372282.00000 -91.9891
440022.00000 4372286.00000 -92.4070
440022.00000 4372290.00000 -92.4146
440022.00000 4372294.00000 N.C.
440022.00000 4372298.00000 N.C.
440022.00000 4372302.00000 -122.0789
440022.00000 4372306.00000 -94.0260
440022.00000 4372310.00000 -94.2566
440022.00000 4372314.00000 -94.4031
440022.00000 4372318.00000 -94.9552
440022.00000 4372322.00000 -96.1771
440022.00000 4372326.00000 -96.6111
440022.00000 4372330.00000 -96.8626
440022.00000 4372334.00000 -95.9728
440022.00000 4372338.00000 -96.3832
440022.00000 4372342.00000 -97.6968
440022.00000 4372346.00000 -98.2464
440022.00000 4372350.00000 -98.4744
440022.00000 4372354.00000 -97.5598
440022.00000 4372358.00000 -99.1845
440022.00000 4372362.00000 -99.5313
440022.00000 4372366.00000 -99.8050
440022.00000 4372370.00000 -100.0354
440022.00000 4372374.00000 -100.1358
440022.00000 4372378.00000 -100.3252
440022.00000 4372382.00000 -100.5957
440022.00000 4372386.00000 -101.0273
440022.00000 4372390.00000 -101.2690
440022.00000 4372394.00000 -101.5048
440022.00000 4372398.00000 -101.4114
440022.00000 4372402.00000 -101.6403
440022.00000 4372406.00000 -101.9522
440022.00000 4372410.00000 -102.4993
440022.00000 4372414.00000 -102.7336
440022.00000 4372418.00000 -102.9528
440022.00000 4372422.00000 -103.1518
440022.00000 4372426.00000 -103.4299
440022.00000 4372430.00000 -103.6421
440022.00000 4372434.00000 -103.8534
440022.00000 4372438.00000 -104.0540
440022.00000 4372442.00000 -104.2448
440022.00000 4372446.00000 -104.4494
440022.00000 4372450.00000 -104.6148
440022.00000 4372454.00000 -104.8084
440022.00000 4372458.00000 -104.9993
440022.00000 4372462.00000 -105.1375
440022.00000 4372466.00000 -105.3283
440022.00000 4372470.00000 -105.5057
440022.00000 4372474.00000 -105.6873
440022.00000 4372478.00000 -105.8488
440026.00000 4371970.00000 -141.3870
440026.00000 4371974.00000 N.C.
440026.00000 4371978.00000 -134.5712
440026.00000 4371982.00000 -137.0053
440026.00000 4371986.00000 -140.2099
440026.00000 4371990.00000 N.C.
440026.00000 4371994.00000 N.C.
440026.00000 4371998.00000 N.C.
440026.00000 4372002.00000 N.C.
440026.00000 4372006.00000 N.C.
440026.00000 4372010.00000 -120.5144
440026.00000 4372014.00000 -120.8876
440026.00000 4372018.00000 -120.8513
440026.00000 4372022.00000 N.C.
440026.00000 4372026.00000 N.C.
440026.00000 4372030.00000 -135.8451
440026.00000 4372034.00000 -137.1079
440026.00000 4372038.00000 N.C.
440026.00000 4372042.00000 N.C.
440026.00000 4372046.00000 N.C.
440026.00000 4372050.00000 -128.5179
440026.00000 4372054.00000 -131.3906
440026.00000 4372058.00000 -135.1181
440026.00000 4372062.00000 -128.3999
440026.00000 4372066.00000 -127.7283
440026.00000 4372070.00000 N.C.
440026.00000 4372074.00000 -125.8991
440026.00000 4372078.00000 -130.3328
440026.00000 4372082.00000 N.C.
440026.00000 4372086.00000 N.C.
440026.00000 4372090.00000 N.C.
440026.00000 4372094.00000 N.C.
440026.00000 4372098.00000 -129.5333
440026.00000 4372102.00000 N.C.
440026.00000 4372106.00000 N.C.
440026.00000 4372110.00000 N.C.
440026.00000 4372114.00000 N.C.
440026.00000 4372118.00000 -110.2042
440026.00000 4372122.00000 N.C.
440026.00000 4372126.00000 N.C.
440026.00000 4372130.00000 -127.8454
440026.00000 4372134.00000 N.C.
440026.00000 4372138.00000 N.C.
440026.00000 4372142.00000 -124.2082
440026.00000 4372146.00000 -125.3511
440026.00000 4372150.00000 N.C.
440026.00000 4372154.00000 N.C.
440026.00000 4372158.00000 N.C.
440026.00000 4372162.00000 N.C.
440026.00000 4372166.00000 N.C.
440026.00000 4372170.00000 N.C.
440026.00000 4372174.00000 N.C.
440026.00000 4372178.00000 N.C.
440026.00000 4372182.00000 -93.9180
440026.00000 4372186.00000 -99.3169
440026.00000 4372190.00000 N.C.
440026.00000 4372194.00000 N.C.
440026.00000 4372198.00000 -108.9712
440026.00000 4372202.00000 N.C.
440026.00000 4372206.00000 -86.3401
440026.00000 4372210.00000 -86.6666
440026.00000 4372214.00000 -86.4873
440026.00000 4372218.00000 -86.3057
440026.00000 4372222.00000 -85.9414
440026.00000 4372226.00000 -103.2832
440026.00000 4372230.00000 -104.4882
440026.00000 4372234.00000 -90.6859
440026.00000 4372238.00000 -86.7117
440026.00000 4372242.00000 -87.0608
440026.00000 4372246.00000 -87.4147
440026.00000 4372250.00000 -87.8734
440026.00000 4372254.00000 -88.2835
440026.00000 4372258.00000 -88.7488
440026.00000 4372262.00000 -89.3010
440026.00000 4372266.00000 -89.7952
440026.00000 4372270.00000 -90.0932
440026.00000 4372274.00000 -90.6354
440026.00000 4372278.00000 -91.1750
440026.00000 4372282.00000 -91.6581
440026.00000 4372286.00000 -92.2501
440026.00000 4372290.00000 -92.2797
440026.00000 4372294.00000 N.C.
440026.00000 4372298.00000 N.C.
440026.00000 4372302.00000 -93.4043
440026.00000 4372306.00000 -94.5002
440026.00000 4372310.00000 -94.8672
440026.00000 4372314.00000 -94.3512
440026.00000 4372318.00000 -94.0926
440026.00000 4372322.00000 -95.1713
440026.00000 4372326.00000 -95.3508
440026.00000 4372330.00000 -96.7609
440026.00000 4372334.00000 -97.1631
440026.00000 4372338.00000 -97.4314
440026.00000 4372342.00000 -97.5110
440026.00000 4372346.00000 -98.0186
440026.00000 4372350.00000 -98.4887
440026.00000 4372354.00000 -98.7681
440026.00000 4372358.00000 -98.5756
440026.00000 4372362.00000 -97.7673
440026.00000 4372366.00000 -98.4334
440026.00000 4372370.00000 -99.9046
440026.00000 4372374.00000 -100.1955
440026.00000 4372378.00000 -100.3616
440026.00000 4372382.00000 -100.5263
440026.00000 4372386.00000 -100.9566
440026.00000 4372390.00000 -101.2163
440026.00000 4372394.00000 -101.4555
440026.00000 4372398.00000 -101.6260
440026.00000 4372402.00000 -101.7012
440026.00000 4372406.00000 -101.8630
440026.00000 4372410.00000 -102.1783
440026.00000 4372414.00000 -102.7603
440026.00000 4372418.00000 -102.9868
440026.00000 4372422.00000 -103.2007
440026.00000 4372426.00000 -103.4130
440026.00000 4372430.00000 -103.6314
440026.00000 4372434.00000 -103.8377
440026.00000 4372438.00000 -104.0314
440026.00000 4372442.00000 -104.2304
440026.00000 4372446.00000 -104.4223
440026.00000 4372450.00000 -104.6113
440026.00000 4372454.00000 -104.7831
440026.00000 4372458.00000 -104.9590
440026.00000 4372462.00000 -105.1255
440026.00000 4372466.00000 -105.3037
440026.00000 4372470.00000 -105.4966
440026.00000 4372474.00000 -105.6828
440026.00000 4372478.00000 -105.8489
440030.00000 4371970.00000 -139.8633
440030.00000 4371974.00000 N.C.
440030.00000 4371978.00000 -133.1443
440030.00000 4371982.00000 -136.4330
440030.00000 4371986.00000 -140.6115
440030.00000 4371990.00000 N.C.
440030.00000 4371994.00000 N.C.
440030.00000 4371998.00000 N.C.
440030.00000 4372002.00000 N.C.
440030.00000 4372006.00000 N.C.
440030.00000 4372010.00000 -121.0505
440030.00000 4372014.00000 -121.7084
440030.00000 4372018.00000 -121.2014
440030.00000 4372022.00000 N.C.
440030.00000 4372026.00000 N.C.
440030.00000 4372030.00000 -136.6310
440030.00000 4372034.00000 -136.3288
440030.00000 4372038.00000 N.C.
440030.00000 4372042.00000 N.C.
440030.00000 4372046.00000 N.C.
440030.00000 4372050.00000 -127.2809
440030.00000 4372054.00000 -129.1488
440030.00000 4372058.00000 -134.8036
440030.00000 4372062.00000 -128.4253
440030.00000 4372066.00000 -129.0748
440030.00000 4372070.00000 N.C.
440030.00000 4372074.00000 -121.2568
440030.00000 4372078.00000 -130.1023
440030.00000 4372082.00000 N.C.
440030.00000 4372086.00000 N.C.
440030.00000 4372090.00000 N.C.
440030.00000 4372094.00000 N.C.
440030.00000 4372098.00000 -123.3552
440030.00000 4372102.00000 N.C.
440030.00000 4372106.00000 N.C.
440030.00000 4372110.00000 N.C.
440030.00000 4372114.00000 N.C.
440030.00000 4372118.00000 -111.6003
440030.00000 4372122.00000 N.C.
440030.00000 4372126.00000 -130.2081
440030.00000 4372130.00000 -126.2161
440030.00000 4372134.00000 N.C.
440030.00000 4372138.00000 N.C.
440030.00000 4372142.00000 -125.8110
440030.00000 4372146.00000 -126.3845
440030.00000 4372150.00000 N.C.
440030.00000 4372154.00000 N.C.
440030.00000 4372158.00000 N.C.
440030.00000 4372162.00000 N.C.
440030.00000 4372166.00000 N.C.
440030.00000 4372170.00000 N.C.
440030.00000 4372174.00000 N.C.
440030.00000 4372178.00000 N.C.
440030.00000 4372182.00000 -87.8301
440030.00000 4372186.00000 -99.2716
440030.00000 4372190.00000 N.C.
440030.00000 4372194.00000 N.C.
440030.00000 4372198.00000 -113.8998
440030.00000 4372202.00000 N.C.
440030.00000 4372206.00000 N.C.
440030.00000 4372210.00000 -84.9206
440030.00000 4372214.00000 -85.6569
440030.00000 4372218.00000 -85.4683
440030.00000 4372222.00000 -85.1516
440030.00000 4372226.00000 -101.9317
440030.00000 4372230.00000 -104.1882
440030.00000 4372234.00000 -93.9135
440030.00000 4372238.00000 -85.9838
440030.00000 4372242.00000 -86.3693
440030.00000 4372246.00000 -86.7794
440030.00000 4372250.00000 -87.2460
440030.00000 4372254.00000 -87.6901
440030.00000 4372258.00000 -88.1972
440030.00000 4372262.00000 -88.7761
440030.00000 4372266.00000 -89.2400
440030.00000 4372270.00000 -89.7647
440030.00000 4372274.00000 -90.2507
440030.00000 4372278.00000 -90.8149
440030.00000 4372282.00000 -91.4745
440030.00000 4372286.00000 -91.9876
440030.00000 4372290.00000 -92.4906
440030.00000 4372294.00000 -92.9695
440030.00000 4372298.00000 -93.3394
440030.00000 4372302.00000 -93.8438
440030.00000 4372306.00000 -92.8195
440030.00000 4372310.00000 -93.2403
440030.00000 4372314.00000 -93.7100
440030.00000 4372318.00000 -94.2415
440030.00000 4372322.00000 -93.9044
440030.00000 4372326.00000 -95.3083
440030.00000 4372330.00000 -95.8608
440030.00000 4372334.00000 -95.4645
440030.00000 4372338.00000 -97.4070
440030.00000 4372342.00000 -97.7383
440030.00000 4372346.00000 -97.9671
440030.00000 4372350.00000 -98.4182
440030.00000 4372354.00000 -98.7085
440030.00000 4372358.00000 -98.9662
440030.00000 4372362.00000 -99.2974
440030.00000 4372366.00000 -99.3798
440030.00000 4372370.00000 -99.5749
440030.00000 4372374.00000 -100.1134
440030.00000 4372378.00000 -100.2467
440030.00000 4372382.00000 -100.5365
440030.00000 4372386.00000 -100.7381
440030.00000 4372390.00000 -101.2064
440030.00000 4372394.00000 -101.4558
440030.00000 4372398.00000 -101.6940
440030.00000 4372402.00000 -101.6488
440030.00000 4372406.00000 -101.8770
440030.00000 4372410.00000 -102.2067
440030.00000 4372414.00000 -102.7016
440030.00000 4372418.00000 -102.9363
440030.00000 4372422.00000 -103.1575
440030.00000 4372426.00000 -103.3741
440030.00000 4372430.00000 -103.5878
440030.00000 4372434.00000 -103.7961
440030.00000 4372438.00000 -103.9983
440030.00000 4372442.00000 -104.1958
440030.00000 4372446.00000 -104.3743
440030.00000 4372450.00000 -104.5593
440030.00000 4372454.00000 -104.7480
440030.00000 4372458.00000 -104.9208
440030.00000 4372462.00000 -105.0993
440030.00000 4372466.00000 -105.2692
440030.00000 4372470.00000 -105.4831
440030.00000 4372474.00000 -105.6252
440030.00000 4372478.00000 -105.8110
440034.00000 4371970.00000 -140.1047
440034.00000 4371974.00000 N.C.
440034.00000 4371978.00000 -133.5863
440034.00000 4371982.00000 -134.0161
440034.00000 4371986.00000 -137.7877
440034.00000 4371990.00000 N.C.
440034.00000 4371994.00000 N.C.
440034.00000 4371998.00000 N.C.
440034.00000 4372002.00000 N.C.
440034.00000 4372006.00000 N.C.
440034.00000 4372010.00000 -124.7153
440034.00000 4372014.00000 -122.8223
440034.00000 4372018.00000 -121.0372
440034.00000 4372022.00000 N.C.
440034.00000 4372026.00000 N.C.
440034.00000 4372030.00000 -133.7772
440034.00000 4372034.00000 -135.2336
440034.00000 4372038.00000 -136.1368
440034.00000 4372042.00000 N.C.
440034.00000 4372046.00000 N.C.
440034.00000 4372050.00000 -122.4874
440034.00000 4372054.00000 -128.8742
440034.00000 4372058.00000 -132.0993
440034.00000 4372062.00000 -128.3641
440034.00000 4372066.00000 -129.4614
440034.00000 4372070.00000 N.C.
440034.00000 4372074.00000 N.C.
440034.00000 4372078.00000 -127.5244
440034.00000 4372082.00000 N.C.
440034.00000 4372086.00000 N.C.
440034.00000 4372090.00000 N.C.
440034.00000 4372094.00000 N.C.
440034.00000 4372098.00000 -122.1752
440034.00000 4372102.00000 -122.9694
440034.00000 4372106.00000 -126.3314
440034.00000 4372110.00000 -124.0007
440034.00000 4372114.00000 N.C.
440034.00000 4372118.00000 N.C.
440034.00000 4372122.00000 N.C.
440034.00000 4372126.00000 N.C.
440034.00000 4372130.00000 -136.5414
440034.00000 4372134.00000 N.C.
440034.00000 4372138.00000 N.C.
440034.00000 4372142.00000 -115.1293
440034.00000 4372146.00000 -120.3884
440034.00000 4372150.00000 N.C.
440034.00000 4372154.00000 N.C.
440034.00000 4372158.00000 N.C.
440034.00000 4372162.00000 N.C.
440034.00000 4372166.00000 N.C.
440034.00000 4372170.00000 -105.5526
440034.00000 4372174.00000 N.C.
440034.00000 4372178.00000 N.C.
440034.00000 4372182.00000 -87.9424
440034.00000 4372186.00000 -97.4385
440034.00000 4372190.00000 N.C.
440034.00000 4372194.00000 N.C.
440034.00000 4372198.00000 N.C.
440034.00000 4372202.00000 N.C.
440034.00000 4372206.00000 N.C.
440034.00000 4372210.00000 -84.5323
440034.00000 4372214.00000 -84.3387
440034.00000 4372218.00000 -84.1077
440034.00000 4372222.00000 -90.0017
440034.00000 4372226.00000 -102.2453
440034.00000 4372230.00000 -104.8751
440034.00000 4372234.00000 -93.0652
440034.00000 4372238.00000 -85.1683
440034.00000 4372242.00000 -85.6235
440034.00000 4372246.00000 -86.1019
440034.00000 4372250.00000 -86.5982
440034.00000 4372254.00000 -87.1763
440034.00000 4372258.00000 -87.7614
440034.00000 4372262.00000 -88.1900
440034.00000 4372266.00000 -88.7692
440034.00000 4372270.00000 -89.3369
440034.00000 4372274.00000 -89.9793
440034.00000 4372278.00000 -90.5895
440034.00000 4372282.00000 -91.1408
440034.00000 4372286.00000 -91.7359
440034.00000 4372290.00000 -92.2514
440034.00000 4372294.00000 -92.7597
440034.00000 4372298.00000 -93.2206
440034.00000 4372302.00000 -93.6847
440034.00000 4372306.00000 -94.0818
440034.00000 4372310.00000 -94.5394
440034.00000 4372314.00000 -94.9996
440034.00000 4372318.00000 -94.0646
440034.00000 4372322.00000 -94.4044
440034.00000 4372326.00000 -94.7874
440034.00000 4372330.00000 -94.0332
440034.00000 4372334.00000 -94.9809
440034.00000 4372338.00000 -95.2170
440034.00000 4372342.00000 -95.7350
440034.00000 4372346.00000 -96.6783
440034.00000 4372350.00000 -97.0683
440034.00000 4372354.00000 -97.3971
440034.00000 4372358.00000 -98.9197
440034.00000 4372362.00000 -99.1989
440034.00000 4372366.00000 -99.5195
440034.00000 4372370.00000 -99.8117
440034.00000 4372374.00000 -98.8205
440034.00000 4372378.00000 -100.3087
440034.00000 4372382.00000 -100.4704
440034.00000 4372386.00000 -100.6677
440034.00000 4372390.00000 -101.0681
440034.00000 4372394.00000 -101.4317
440034.00000 4372398.00000 -101.6863
440034.00000 4372402.00000 -101.9633
440034.00000 4372406.00000 -101.8633
440034.00000 4372410.00000 -102.0996
440034.00000 4372414.00000 -102.4134
440034.00000 4372418.00000 -102.9180
440034.00000 4372422.00000 -103.1261
440034.00000 4372426.00000 -103.3420
440034.00000 4372430.00000 -103.5491
440034.00000 4372434.00000 -103.7532
440034.00000 4372438.00000 -103.9498
440034.00000 4372442.00000 -104.1289
440034.00000 4372446.00000 -104.3203
440034.00000 4372450.00000 -104.5067
440034.00000 4372454.00000 -104.6785
440034.00000 4372458.00000 -104.8699
440034.00000 4372462.00000 -105.0398
440034.00000 4372466.00000 -105.2490
440034.00000 4372470.00000 -105.4419
440034.00000 4372474.00000 -105.6112
440034.00000 4372478.00000 -105.7026
440038.00000 4371970.00000 -139.3865
440038.00000 4371974.00000 N.C.
440038.00000 4371978.00000 N.C.
440038.00000 4371982.00000 -132.2782
440038.00000 4371986.00000 -135.7158
440038.00000 4371990.00000 N.C.
440038.00000 4371994.00000 N.C.
440038.00000 4371998.00000 N.C.
440038.00000 4372002.00000 N.C.
440038.00000 4372006.00000 N.C.
440038.00000 4372010.00000 N.C.
440038.00000 4372014.00000 N.C.
440038.00000 4372018.00000 N.C.
440038.00000 4372022.00000 N.C.
440038.00000 4372026.00000 N.C.
440038.00000 4372030.00000 -129.8815
440038.00000 4372034.00000 -133.9149
440038.00000 4372038.00000 -134.6576
440038.00000 4372042.00000 N.C.
440038.00000 4372046.00000 N.C.
440038.00000 4372050.00000 -125.1081
440038.00000 4372054.00000 -123.9280
440038.00000 4372058.00000 -124.1851
440038.00000 4372062.00000 -124.3886
440038.00000 4372066.00000 -125.5432
440038.00000 4372070.00000 N.C.
440038.00000 4372074.00000 -121.4214
440038.00000 4372078.00000 -122.1470
440038.00000 4372082.00000 -125.2159
440038.00000 4372086.00000 -124.7489
440038.00000 4372090.00000 -126.2951
440038.00000 4372094.00000 -127.3554
440038.00000 4372098.00000 -122.9295
440038.00000 4372102.00000 -125.6430
440038.00000 4372106.00000 -123.0118
440038.00000 4372110.00000 -123.8273
440038.00000 4372114.00000 N.C.
440038.00000 4372118.00000 N.C.
440038.00000 4372122.00000 -133.3193
440038.00000 4372126.00000 N.C.
440038.00000 4372130.00000 N.C.
440038.00000 4372134.00000 N.C.
440038.00000 4372138.00000 N.C.
440038.00000 4372142.00000 -126.9438
440038.00000 4372146.00000 -123.2604
440038.00000 4372150.00000 N.C.
440038.00000 4372154.00000 N.C.
440038.00000 4372158.00000 N.C.
440038.00000 4372162.00000 N.C.
440038.00000 4372166.00000 -115.7347
440038.00000 4372170.00000 -103.8954
440038.00000 4372174.00000 N.C.
440038.00000 4372178.00000 N.C.
440038.00000 4372182.00000 -87.7764
440038.00000 4372186.00000 -97.3677
440038.00000 4372190.00000 N.C.
440038.00000 4372194.00000 N.C.
440038.00000 4372198.00000 -104.9234
440038.00000 4372202.00000 -105.0029
440038.00000 4372206.00000 -99.3907
440038.00000 4372210.00000 -95.1879
440038.00000 4372214.00000 -103.4023
440038.00000 4372218.00000 -103.0031
440038.00000 4372222.00000 -101.0539
440038.00000 4372226.00000 -101.6072
440038.00000 4372230.00000 -105.9090
440038.00000 4372234.00000 -95.3390
440038.00000 4372238.00000 -84.3588
440038.00000 4372242.00000 -84.8749
440038.00000 4372246.00000 -85.4265
440038.00000 4372250.00000 -86.0076
440038.00000 4372254.00000 -86.6166
440038.00000 4372258.00000 -86.5395
440038.00000 4372262.00000 -87.7770
440038.00000 4372266.00000 -88.5303
440038.00000 4372270.00000 -89.1605
440038.00000 4372274.00000 -89.7667
440038.00000 4372278.00000 -90.2947
440038.00000 4372282.00000 -90.9156
440038.00000 4372286.00000 -91.4443
440038.00000 4372290.00000 -91.9791
440038.00000 4372294.00000 -92.5110
440038.00000 4372298.00000 -93.0033
440038.00000 4372302.00000 -93.4842
440038.00000 4372306.00000 -93.9730
440038.00000 4372310.00000 -94.4351
440038.00000 4372314.00000 -94.8606
440038.00000 4372318.00000 -95.2810
440038.00000 4372322.00000 -95.6803
440038.00000 4372326.00000 -94.9086
440038.00000 4372330.00000 -94.5375
440038.00000 4372334.00000 -94.8434
440038.00000 4372338.00000 -95.1605
440038.00000 4372342.00000 -95.6423
440038.00000 4372346.00000 -95.8044
440038.00000 4372350.00000 -96.7834
440038.00000 4372354.00000 -97.2480
440038.00000 4372358.00000 -97.5600
440038.00000 4372362.00000 -97.9504
440038.00000 4372366.00000 -98.2565
440038.00000 4372370.00000 -98.5655
440038.00000 4372374.00000 -98.8602
440038.00000 4372378.00000 -99.1203
440038.00000 4372382.00000 -99.4170
440038.00000 4372386.00000 -99.5621
440038.00000 4372390.00000 -99.7929
440038.00000 4372394.00000 -100.1898
440038.00000 4372398.00000 -100.4292
440038.00000 4372402.00000 -100.6406
440038.00000 4372406.00000 -102.0195
440038.00000 4372410.00000 -101.9860
440038.00000 4372414.00000 -102.2473
440038.00000 4372418.00000 -102.5628
440038.00000 4372422.00000 -103.0901
440038.00000 4372426.00000 -103.3108
440038.00000 4372430.00000 -103.5236
440038.00000 4372434.00000 -103.7181
440038.00000 4372438.00000 -103.9221
440038.00000 4372442.00000 -104.1183
440038.00000 4372446.00000 -104.2927
440038.00000 4372450.00000 -104.4741
440038.00000 4372454.00000 -104.6569
440038.00000 4372458.00000 -104.8396
440038.00000 4372462.00000 -105.0214
440038.00000 4372466.00000 -105.2126
440038.00000 4372470.00000 -105.4178
440038.00000 4372474.00000 -105.5787
440038.00000 4372478.00000 -105.7388
440042.00000 4371970.00000 -138.8504
440042.00000 4371974.00000 N.C.
440042.00000 4371978.00000 N.C.
440042.00000 4371982.00000 -134.6900
440042.00000 4371986.00000 -132.4051
440042.00000 4371990.00000 N.C.
440042.00000 4371994.00000 N.C.
440042.00000 4371998.00000 N.C.
440042.00000 4372002.00000 N.C.
440042.00000 4372006.00000 N.C.
440042.00000 4372010.00000 N.C.
440042.00000 4372014.00000 N.C.
440042.00000 4372018.00000 N.C.
440042.00000 4372022.00000 -120.9642
440042.00000 4372026.00000 -128.8606
440042.00000 4372030.00000 -125.8614
440042.00000 4372034.00000 -121.9908
440042.00000 4372038.00000 -121.7315
440042.00000 4372042.00000 -122.9401
440042.00000 4372046.00000 -121.8408
440042.00000 4372050.00000 -123.0266
440042.00000 4372054.00000 -123.0818
440042.00000 4372058.00000 -123.7234
440042.00000 4372062.00000 -122.0982
440042.00000 4372066.00000 -122.7373
440042.00000 4372070.00000 -123.8626
440042.00000 4372074.00000 -123.8969
440042.00000 4372078.00000 -124.6550
440042.00000 4372082.00000 -124.6909
440042.00000 4372086.00000 -124.5532
440042.00000 4372090.00000 -127.3792
440042.00000 4372094.00000 N.C.
440042.00000 4372098.00000 -122.0148
440042.00000 4372102.00000 -125.9666
440042.00000 4372106.00000 -122.5408
440042.00000 4372110.00000 -123.6446
440042.00000 4372114.00000 N.C.
440042.00000 4372118.00000 N.C.
440042.00000 4372122.00000 N.C.
440042.00000 4372126.00000 N.C.
440042.00000 4372130.00000 N.C.
440042.00000 4372134.00000 N.C.
440042.00000 4372138.00000 N.C.
440042.00000 4372142.00000 -127.3862
440042.00000 4372146.00000 -123.8696
440042.00000 4372150.00000 N.C.
440042.00000 4372154.00000 -123.6223
440042.00000 4372158.00000 N.C.
440042.00000 4372162.00000 -126.6006
440042.00000 4372166.00000 N.C.
440042.00000 4372170.00000 N.C.
440042.00000 4372174.00000 N.C.
440042.00000 4372178.00000 N.C.
440042.00000 4372182.00000 -87.1780
440042.00000 4372186.00000 -97.7839
440042.00000 4372190.00000 N.C.
440042.00000 4372194.00000 N.C.
440042.00000 4372198.00000 N.C.
440042.00000 4372202.00000 -111.7519
440042.00000 4372206.00000 N.C.
440042.00000 4372210.00000 -94.6503
440042.00000 4372214.00000 N.C.
440042.00000 4372218.00000 N.C.
440042.00000 4372222.00000 N.C.
440042.00000 4372226.00000 N.C.
440042.00000 4372230.00000 -103.8516
440042.00000 4372234.00000 -97.0756
440042.00000 4372238.00000 -83.5360
440042.00000 4372242.00000 -84.1409
440042.00000 4372246.00000 -84.7530
440042.00000 4372250.00000 -85.2857
440042.00000 4372254.00000 -85.3425
440042.00000 4372258.00000 -86.6463
440042.00000 4372262.00000 -87.4845
440042.00000 4372266.00000 -88.1621
440042.00000 4372270.00000 -100.5140
440042.00000 4372274.00000 -101.0532
440042.00000 4372278.00000 -106.7751
440042.00000 4372282.00000 -90.6818
440042.00000 4372286.00000 -91.2768
440042.00000 4372290.00000 -91.8395
440042.00000 4372294.00000 -92.3656
440042.00000 4372298.00000 -92.8213
440042.00000 4372302.00000 -93.3087
440042.00000 4372306.00000 -93.7554
440042.00000 4372310.00000 -94.2548
440042.00000 4372314.00000 -94.6914
440042.00000 4372318.00000 -95.1361
440042.00000 4372322.00000 -95.5414
440042.00000 4372326.00000 -95.9682
440042.00000 4372330.00000 -96.3821
440042.00000 4372334.00000 -96.5207
440042.00000 4372338.00000 -95.2464
440042.00000 4372342.00000 -95.0636
440042.00000 4372346.00000 -95.9483
440042.00000 4372350.00000 -96.1180
440042.00000 4372354.00000 -96.0153
440042.00000 4372358.00000 -97.5126
440042.00000 4372362.00000 -97.8551
440042.00000 4372366.00000 -98.1649
440042.00000 4372370.00000 -98.4909
440042.00000 4372374.00000 -98.7783
440042.00000 4372378.00000 -99.0458
440042.00000 4372382.00000 -99.3538
440042.00000 4372386.00000 -99.4768
440042.00000 4372390.00000 -99.6895
440042.00000 4372394.00000 -100.1250
440042.00000 4372398.00000 -100.4212
440042.00000 4372402.00000 -100.6478
440042.00000 4372406.00000 -100.8902
440042.00000 4372410.00000 -101.0704
440042.00000 4372414.00000 -101.0138
440042.00000 4372418.00000 -101.3545
440042.00000 4372422.00000 -101.5802
440042.00000 4372426.00000 -101.9891
440042.00000 4372430.00000 -103.4040
440042.00000 4372434.00000 -103.6408
440042.00000 4372438.00000 -102.6508
440042.00000 4372442.00000 -102.8540
440042.00000 4372446.00000 -104.2992
440042.00000 4372450.00000 -103.2462
440042.00000 4372454.00000 -104.6628
440042.00000 4372458.00000 -103.6186
440042.00000 4372462.00000 -105.0548
440042.00000 4372466.00000 -105.2126
440042.00000 4372470.00000 -105.4041
440042.00000 4372474.00000 -105.5577
440042.00000 4372478.00000 -105.6794
440046.00000 4371970.00000 -141.4096
440046.00000 4371974.00000 N.C.
440046.00000 4371978.00000 N.C.
440046.00000 4371982.00000 -125.8740
440046.00000 4371986.00000 -123.9436
440046.00000 4371990.00000 -125.5057
440046.00000 4371994.00000 -124.5544
440046.00000 4371998.00000 -125.0142
440046.00000 4372002.00000 -123.2289
440046.00000 4372006.00000 -123.3515
440046.00000 4372010.00000 -122.7569
440046.00000 4372014.00000 -116.5300
440046.00000 4372018.00000 -118.3838
440046.00000 4372022.00000 -124.6656
440046.00000 4372026.00000 -125.6078
440046.00000 4372030.00000 -126.4030
440046.00000 4372034.00000 -123.6348
440046.00000 4372038.00000 -123.5238
440046.00000 4372042.00000 N.C.
440046.00000 4372046.00000 N.C.
440046.00000 4372050.00000 N.C.
440046.00000 4372054.00000 N.C.
440046.00000 4372058.00000 N.C.
440046.00000 4372062.00000 -123.0207
440046.00000 4372066.00000 -123.4545
440046.00000 4372070.00000 -123.1134
440046.00000 4372074.00000 -124.6887
440046.00000 4372078.00000 -126.7236
440046.00000 4372082.00000 -124.5711
440046.00000 4372086.00000 -124.4167
440046.00000 4372090.00000 -131.0007
440046.00000 4372094.00000 N.C.
440046.00000 4372098.00000 -123.1142
440046.00000 4372102.00000 -127.3461
440046.00000 4372106.00000 -122.7288
440046.00000 4372110.00000 -122.9005
440046.00000 4372114.00000 N.C.
440046.00000 4372118.00000 N.C.
440046.00000 4372122.00000 N.C.
440046.00000 4372126.00000 N.C.
440046.00000 4372130.00000 -128.9943
440046.00000 4372134.00000 -137.5323
440046.00000 4372138.00000 N.C.
440046.00000 4372142.00000 N.C.
440046.00000 4372146.00000 -124.1922
440046.00000 4372150.00000 N.C.
440046.00000 4372154.00000 -116.7062
440046.00000 4372158.00000 N.C.
440046.00000 4372162.00000 -129.2352
440046.00000 4372166.00000 N.C.
440046.00000 4372170.00000 N.C.
440046.00000 4372174.00000 N.C.
440046.00000 4372178.00000 N.C.
440046.00000 4372182.00000 -87.5385
440046.00000 4372186.00000 -97.7074
440046.00000 4372190.00000 N.C.
440046.00000 4372194.00000 N.C.
440046.00000 4372198.00000 N.C.
440046.00000 4372202.00000 -109.6201
440046.00000 4372206.00000 N.C.
440046.00000 4372210.00000 -92.6646
440046.00000 4372214.00000 N.C.
440046.00000 4372218.00000 -80.8341
440046.00000 4372222.00000 -81.2637
440046.00000 4372226.00000 N.C.
440046.00000 4372230.00000 N.C.
440046.00000 4372234.00000 -98.6216
440046.00000 4372238.00000 -82.7697
440046.00000 4372242.00000 -83.4423
440046.00000 4372246.00000 -83.9966
440046.00000 4372250.00000 -84.7378
440046.00000 4372254.00000 -85.6249
440046.00000 4372258.00000 -86.3800
440046.00000 4372262.00000 -87.1204
440046.00000 4372266.00000 -87.4865
440046.00000 4372270.00000 N.C.
440046.00000 4372274.00000 N.C.
440046.00000 4372278.00000 -118.8882
440046.00000 4372282.00000 -90.4691
440046.00000 4372286.00000 -91.0910
440046.00000 4372290.00000 -91.6725
440046.00000 4372294.00000 -92.2254
440046.00000 4372298.00000 -92.7383
440046.00000 4372302.00000 -93.2647
440046.00000 4372306.00000 -93.7169
440046.00000 4372310.00000 -94.1940
440046.00000 4372314.00000 -94.6054
440046.00000 4372318.00000 -95.0292
440046.00000 4372322.00000 -95.3884
440046.00000 4372326.00000 -95.7859
440046.00000 4372330.00000 -96.1955
440046.00000 4372334.00000 -96.5816
440046.00000 4372338.00000 -96.9287
440046.00000 4372342.00000 -96.5501
440046.00000 4372346.00000 -96.8404
440046.00000 4372350.00000 -95.6871
440046.00000 4372354.00000 -96.4992
440046.00000 4372358.00000 -96.7617
440046.00000 4372362.00000 -97.1928
440046.00000 4372366.00000 -98.1335
440046.00000 4372370.00000 -98.4650
440046.00000 4372374.00000 -98.7459
440046.00000 4372378.00000 -99.0350
440046.00000 4372382.00000 -99.2749
440046.00000 4372386.00000 -99.5319
440046.00000 4372390.00000 -99.7330
440046.00000 4372394.00000 -99.9370
440046.00000 4372398.00000 -100.3268
440046.00000 4372402.00000 -100.5702
440046.00000 4372406.00000 -100.8071
440046.00000 4372410.00000 -101.0360
440046.00000 4372414.00000 -101.1060
440046.00000 4372418.00000 -101.3110
440046.00000 4372422.00000 -101.6015
440046.00000 4372426.00000 -101.7997
440046.00000 4372430.00000 -102.2152
440046.00000 4372434.00000 -102.4029
440046.00000 4372438.00000 -102.5952
440046.00000 4372442.00000 -102.7798
440046.00000 4372446.00000 -102.9892
440046.00000 4372450.00000 -103.1763
440046.00000 4372454.00000 -103.3852
440046.00000 4372458.00000 -103.6142
440046.00000 4372462.00000 -105.0155
440046.00000 4372466.00000 -103.9769
440046.00000 4372470.00000 -104.1796
440046.00000 4372474.00000 -104.3209
440046.00000 4372478.00000 -104.4865
440050.00000 4371970.00000 -128.4135
440050.00000 4371974.00000 -131.4782
440050.00000 4371978.00000 -128.7335
440050.00000 4371982.00000 -128.8541
440050.00000 4371986.00000 -127.0212
440050.00000 4371990.00000 -124.5131
440050.00000 4371994.00000 -121.8703
440050.00000 4371998.00000 -117.2369
440050.00000 4372002.00000 -123.4857
440050.00000 4372006.00000 -122.2792
440050.00000 4372010.00000 -121.5036
440050.00000 4372014.00000 -118.3821
440050.00000 4372018.00000 -117.7791
440050.00000 4372022.00000 -122.0433
440050.00000 4372026.00000 -123.4106
440050.00000 4372030.00000 -129.9727
440050.00000 4372034.00000 -127.1201
440050.00000 4372038.00000 -121.8387
440050.00000 4372042.00000 -127.5409
440050.00000 4372046.00000 N.C.
440050.00000 4372050.00000 N.C.
440050.00000 4372054.00000 N.C.
440050.00000 4372058.00000 N.C.
440050.00000 4372062.00000 -122.4575
440050.00000 4372066.00000 -123.2231
440050.00000 4372070.00000 -124.1356
440050.00000 4372074.00000 -129.2930
440050.00000 4372078.00000 N.C.
440050.00000 4372082.00000 N.C.
440050.00000 4372086.00000 N.C.
440050.00000 4372090.00000 -129.6072
440050.00000 4372094.00000 N.C.
440050.00000 4372098.00000 -122.5619
440050.00000 4372102.00000 -127.7600
440050.00000 4372106.00000 -123.7083
440050.00000 4372110.00000 -123.2161
440050.00000 4372114.00000 N.C.
440050.00000 4372118.00000 N.C.
440050.00000 4372122.00000 N.C.
440050.00000 4372126.00000 N.C.
440050.00000 4372130.00000 -130.0276
440050.00000 4372134.00000 -144.1271
440050.00000 4372138.00000 N.C.
440050.00000 4372142.00000 N.C.
440050.00000 4372146.00000 -117.2426
440050.00000 4372150.00000 -149.8346
440050.00000 4372154.00000 -117.2624
440050.00000 4372158.00000 N.C.
440050.00000 4372162.00000 -131.5108
440050.00000 4372166.00000 N.C.
440050.00000 4372170.00000 N.C.
440050.00000 4372174.00000 N.C.
440050.00000 4372178.00000 N.C.
440050.00000 4372182.00000 -86.9259
440050.00000 4372186.00000 -97.0263
440050.00000 4372190.00000 N.C.
440050.00000 4372194.00000 N.C.
440050.00000 4372198.00000 N.C.
440050.00000 4372202.00000 -107.7512
440050.00000 4372206.00000 N.C.
440050.00000 4372210.00000 -92.9008
440050.00000 4372214.00000 N.C.
440050.00000 4372218.00000 -80.4386
440050.00000 4372222.00000 -80.6913
440050.00000 4372226.00000 N.C.
440050.00000 4372230.00000 N.C.
440050.00000 4372234.00000 -98.5499
440050.00000 4372238.00000 -82.0456
440050.00000 4372242.00000 -82.6570
440050.00000 4372246.00000 -83.5875
440050.00000 4372250.00000 -84.4021
440050.00000 4372254.00000 -85.2107
440050.00000 4372258.00000 -86.0165
440050.00000 4372262.00000 -86.8050
440050.00000 4372266.00000 -87.1485
440050.00000 4372270.00000 N.C.
440050.00000 4372274.00000 N.C.
440050.00000 4372278.00000 -118.6141
440050.00000 4372282.00000 -90.2836
440050.00000 4372286.00000 -90.9303
440050.00000 4372290.00000 -91.5316
440050.00000 4372294.00000 -92.0952
440050.00000 4372298.00000 -92.6235
440050.00000 4372302.00000 -93.1519
440050.00000 4372306.00000 -93.6203
440050.00000 4372310.00000 -94.1200
440050.00000 4372314.00000 -94.5312
440050.00000 4372318.00000 -94.9866
440050.00000 4372322.00000 -95.4125
440050.00000 4372326.00000 -95.8066
440050.00000 4372330.00000 -96.1131
440050.00000 4372334.00000 -96.5347
440050.00000 4372338.00000 -96.8997
440050.00000 4372342.00000 -97.2463
440050.00000 4372346.00000 -96.8318
440050.00000 4372350.00000 -97.0873
440050.00000 4372354.00000 -96.8787
440050.00000 4372358.00000 -96.9541
440050.00000 4372362.00000 -97.1108
440050.00000 4372366.00000 -97.0276
440050.00000 4372370.00000 -98.4213
440050.00000 4372374.00000 -98.7544
440050.00000 4372378.00000 -99.0350
440050.00000 4372382.00000 -99.2724
440050.00000 4372386.00000 -99.5176
440050.00000 4372390.00000 -99.7357
440050.00000 4372394.00000 -99.9439
440050.00000 4372398.00000 -100.1882
440050.00000 4372402.00000 -100.5717
440050.00000 4372406.00000 -100.8079
440050.00000 4372410.00000 -101.0323
440050.00000 4372414.00000 -101.2574
440050.00000 4372418.00000 -101.1822
440050.00000 4372422.00000 -101.4599
440050.00000 4372426.00000 -101.7367
440050.00000 4372430.00000 -102.1423
440050.00000 4372434.00000 -102.4228
440050.00000 4372438.00000 -102.6291
440050.00000 4372442.00000 -102.8270
440050.00000 4372446.00000 -102.9879
440050.00000 4372450.00000 -103.1992
440050.00000 4372454.00000 -103.3207
440050.00000 4372458.00000 -103.5210
440050.00000 4372462.00000 -103.6844
440050.00000 4372466.00000 -103.8674
440050.00000 4372470.00000 -104.0963
440050.00000 4372474.00000 -104.2635
440050.00000 4372478.00000 -104.4791
440054.00000 4371970.00000 -140.0667
440054.00000 4371974.00000 N.C.
440054.00000 4371978.00000 N.C.
440054.00000 4371982.00000 -130.3244
440054.00000 4371986.00000 N.C.
440054.00000 4371990.00000 -123.6853
440054.00000 4371994.00000 -121.8418
440054.00000 4371998.00000 -122.1492
440054.00000 4372002.00000 -123.0765
440054.00000 4372006.00000 -122.7055
440054.00000 4372010.00000 -117.9637
440054.00000 4372014.00000 -120.6705
440054.00000 4372018.00000 -123.3218
440054.00000 4372022.00000 -118.2372
440054.00000 4372026.00000 -124.5768
440054.00000 4372030.00000 -126.6379
440054.00000 4372034.00000 -124.1225
440054.00000 4372038.00000 -125.5972
440054.00000 4372042.00000 -131.4720
440054.00000 4372046.00000 N.C.
440054.00000 4372050.00000 N.C.
440054.00000 4372054.00000 N.C.
440054.00000 4372058.00000 N.C.
440054.00000 4372062.00000 -119.0316
440054.00000 4372066.00000 -118.6174
440054.00000 4372070.00000 -125.8844
440054.00000 4372074.00000 -125.7513
440054.00000 4372078.00000 N.C.
440054.00000 4372082.00000 N.C.
440054.00000 4372086.00000 N.C.
440054.00000 4372090.00000 -131.3461
440054.00000 4372094.00000 N.C.
440054.00000 4372098.00000 -122.7000
440054.00000 4372102.00000 -127.9338
440054.00000 4372106.00000 -124.4274
440054.00000 4372110.00000 -123.7344
440054.00000 4372114.00000 N.C.
440054.00000 4372118.00000 N.C.
440054.00000 4372122.00000 N.C.
440054.00000 4372126.00000 N.C.
440054.00000 4372130.00000 -129.9564
440054.00000 4372134.00000 -138.1258
440054.00000 4372138.00000 -136.0605
440054.00000 4372142.00000 N.C.
440054.00000 4372146.00000 -117.4133
440054.00000 4372150.00000 N.C.
440054.00000 4372154.00000 -152.5109
440054.00000 4372158.00000 N.C.
440054.00000 4372162.00000 -125.6223
440054.00000 4372166.00000 N.C.
440054.00000 4372170.00000 N.C.
440054.00000 4372174.00000 N.C.
440054.00000 4372178.00000 N.C.
440054.00000 4372182.00000 -90.9686
440054.00000 4372186.00000 -97.0309
440054.00000 4372190.00000 N.C.
440054.00000 4372194.00000 N.C.
440054.00000 4372198.00000 N.C.
440054.00000 4372202.00000 -109.0008
440054.00000 4372206.00000 N.C.
440054.00000 4372210.00000 -95.5752
440054.00000 4372214.00000 N.C.
440054.00000 4372218.00000 -78.8255
440054.00000 4372222.00000 -80.0104
440054.00000 4372226.00000 N.C.
440054.00000 4372230.00000 N.C.
440054.00000 4372234.00000 -98.2473
440054.00000 4372238.00000 -81.2480
440054.00000 4372242.00000 -82.3175
440054.00000 4372246.00000 -83.1541
440054.00000 4372250.00000 -84.0187
440054.00000 4372254.00000 -84.8736
440054.00000 4372258.00000 -85.7208
440054.00000 4372262.00000 -86.5547
440054.00000 4372266.00000 -87.2915
440054.00000 4372270.00000 N.C.
440054.00000 4372274.00000 N.C.
440054.00000 4372278.00000 -115.7200
440054.00000 4372282.00000 -90.1540
440054.00000 4372286.00000 -90.8082
440054.00000 4372290.00000 -91.4231
440054.00000 4372294.00000 -91.9952
440054.00000 4372298.00000 -92.5350
440054.00000 4372302.00000 -93.0631
440054.00000 4372306.00000 -93.5747
440054.00000 4372310.00000 -94.0082
440054.00000 4372314.00000 -94.4664
440054.00000 4372318.00000 -94.9298
440054.00000 4372322.00000 -95.3681
440054.00000 4372326.00000 -95.7945
440054.00000 4372330.00000 -96.1969
440054.00000 4372334.00000 -96.5750
440054.00000 4372338.00000 -96.9824
440054.00000 4372342.00000 -97.2705
440054.00000 4372346.00000 -97.5951
440054.00000 4372350.00000 -97.7186
440054.00000 4372354.00000 -97.9089
440054.00000 4372358.00000 -97.5866
440054.00000 4372362.00000 -97.4762
440054.00000 4372366.00000 -98.4841
440054.00000 4372370.00000 -97.7057
440054.00000 4372374.00000 -97.5623
440054.00000 4372378.00000 -98.9322
440054.00000 4372382.00000 -99.2368
440054.00000 4372386.00000 -99.4738
440054.00000 4372390.00000 -99.7355
440054.00000 4372394.00000 -99.9144
440054.00000 4372398.00000 -100.1866
440054.00000 4372402.00000 -100.5688
440054.00000 4372406.00000 -100.7957
440054.00000 4372410.00000 -101.0297
440054.00000 4372414.00000 -101.2499
440054.00000 4372418.00000 -101.4135
440054.00000 4372422.00000 -101.3179
440054.00000 4372426.00000 -101.6632
440054.00000 4372430.00000 -101.9369
440054.00000 4372434.00000 -102.3450
440054.00000 4372438.00000 -102.5522
440054.00000 4372442.00000 -102.7433
440054.00000 4372446.00000 -102.9197
440054.00000 4372450.00000 -103.0987
440054.00000 4372454.00000 -103.2484
440054.00000 4372458.00000 -103.4461
440054.00000 4372462.00000 -103.5696
440054.00000 4372466.00000 -103.8411
440054.00000 4372470.00000 -104.0029
440054.00000 4372474.00000 -104.1727
440054.00000 4372478.00000 -104.4898
440058.00000 4371970.00000 -139.7295
440058.00000 4371974.00000 N.C.
440058.00000 4371978.00000 N.C.
440058.00000 4371982.00000 N.C.
440058.00000 4371986.00000 N.C.
440058.00000 4371990.00000 -121.8286
440058.00000 4371994.00000 -122.8421
440058.00000 4371998.00000 -123.9264
440058.00000 4372002.00000 -121.1506
440058.00000 4372006.00000 -116.3968
440058.00000 4372010.00000 -117.6788
440058.00000 4372014.00000 -124.8005
440058.00000 4372018.00000 -123.1425
440058.00000 4372022.00000 -123.8049
440058.00000 4372026.00000 -126.1988
440058.00000 4372030.00000 -119.1524
440058.00000 4372034.00000 -119.9158
440058.00000 4372038.00000 -124.5632
440058.00000 4372042.00000 -128.3339
440058.00000 4372046.00000 N.C.
440058.00000 4372050.00000 N.C.
440058.00000 4372054.00000 N.C.
440058.00000 4372058.00000 N.C.
440058.00000 4372062.00000 -122.4760
440058.00000 4372066.00000 -123.9697
440058.00000 4372070.00000 -123.6147
440058.00000 4372074.00000 -124.8156
440058.00000 4372078.00000 N.C.
440058.00000 4372082.00000 N.C.
440058.00000 4372086.00000 N.C.
440058.00000 4372090.00000 N.C.
440058.00000 4372094.00000 N.C.
440058.00000 4372098.00000 N.C.
440058.00000 4372102.00000 -128.0538
440058.00000 4372106.00000 -127.4243
440058.00000 4372110.00000 -128.7257
440058.00000 4372114.00000 N.C.
440058.00000 4372118.00000 N.C.
440058.00000 4372122.00000 N.C.
440058.00000 4372126.00000 N.C.
440058.00000 4372130.00000 N.C.
440058.00000 4372134.00000 -138.0627
440058.00000 4372138.00000 -138.8108
440058.00000 4372142.00000 N.C.
440058.00000 4372146.00000 -114.5830
440058.00000 4372150.00000 N.C.
440058.00000 4372154.00000 N.C.
440058.00000 4372158.00000 N.C.
440058.00000 4372162.00000 -129.1179
440058.00000 4372166.00000 N.C.
440058.00000 4372170.00000 N.C.
440058.00000 4372174.00000 N.C.
440058.00000 4372178.00000 N.C.
440058.00000 4372182.00000 -86.3889
440058.00000 4372186.00000 -97.4287
440058.00000 4372190.00000 N.C.
440058.00000 4372194.00000 N.C.
440058.00000 4372198.00000 N.C.
440058.00000 4372202.00000 -108.6941
440058.00000 4372206.00000 N.C.
440058.00000 4372210.00000 -98.7292
440058.00000 4372214.00000 N.C.
440058.00000 4372218.00000 -79.5162
440058.00000 4372222.00000 -79.5454
440058.00000 4372226.00000 N.C.
440058.00000 4372230.00000 N.C.
440058.00000 4372234.00000 -80.1536
440058.00000 4372238.00000 -81.0838
440058.00000 4372242.00000 -81.9419
440058.00000 4372246.00000 -82.8307
440058.00000 4372250.00000 -83.7392
440058.00000 4372254.00000 -84.6294
440058.00000 4372258.00000 -85.5078
440058.00000 4372262.00000 -86.3671
440058.00000 4372266.00000 -87.1581
440058.00000 4372270.00000 N.C.
440058.00000 4372274.00000 N.C.
440058.00000 4372278.00000 -108.6366
440058.00000 4372282.00000 -90.0660
440058.00000 4372286.00000 -90.7192
440058.00000 4372290.00000 -91.3389
440058.00000 4372294.00000 -91.9270
440058.00000 4372298.00000 -92.4598
440058.00000 4372302.00000 -93.0018
440058.00000 4372306.00000 -93.4836
440058.00000 4372310.00000 -93.9208
440058.00000 4372314.00000 -94.4305
440058.00000 4372318.00000 -94.9037
440058.00000 4372322.00000 -95.3385
440058.00000 4372326.00000 -95.7210
440058.00000 4372330.00000 -96.1992
440058.00000 4372334.00000 -96.5507
440058.00000 4372338.00000 -96.9246
440058.00000 4372342.00000 -97.3498
440058.00000 4372346.00000 -97.6990
440058.00000 4372350.00000 -97.9884
440058.00000 4372354.00000 -98.0116
440058.00000 4372358.00000 -97.6259
440058.00000 4372362.00000 -97.9230
440058.00000 4372366.00000 -97.7430
440058.00000 4372370.00000 -98.7286
440058.00000 4372374.00000 -98.8338
440058.00000 4372378.00000 -98.4101
440058.00000 4372382.00000 -98.6288
440058.00000 4372386.00000 -99.3916
440058.00000 4372390.00000 -99.7254
440058.00000 4372394.00000 -99.9217
440058.00000 4372398.00000 -100.1938
440058.00000 4372402.00000 -100.4267
440058.00000 4372406.00000 -100.8064
440058.00000 4372410.00000 -101.0359
440058.00000 4372414.00000 -101.2551
440058.00000 4372418.00000 -101.4730
440058.00000 4372422.00000 -101.3963
440058.00000 4372426.00000 -101.6788
440058.00000 4372430.00000 -101.9508
440058.00000 4372434.00000 -102.1534
440058.00000 4372438.00000 -102.5526
440058.00000 4372442.00000 -102.7404
440058.00000 4372446.00000 -102.8050
440058.00000 4372450.00000 -103.1005
440058.00000 4372454.00000 -103.2858
440058.00000 4372458.00000 -103.4679
440058.00000 4372462.00000 -103.6644
440058.00000 4372466.00000 -103.8487
440058.00000 4372470.00000 -103.9979
440058.00000 4372474.00000 -104.2325
440058.00000 4372478.00000 -104.3735
440062.00000 4371970.00000 -110.9449
440062.00000 4371974.00000 N.C.
440062.00000 4371978.00000 N.C.
440062.00000 4371982.00000 -127.9623
440062.00000 4371986.00000 N.C.
440062.00000 4371990.00000 -121.3008
440062.00000 4371994.00000 -121.1283
440062.00000 4371998.00000 -125.0447
440062.00000 4372002.00000 -120.7090
440062.00000 4372006.00000 -116.0467
440062.00000 4372010.00000 -120.1137
440062.00000 4372014.00000 -124.2327
440062.00000 4372018.00000 -121.7291
440062.00000 4372022.00000 -122.6829
440062.00000 4372026.00000 -122.9238
440062.00000 4372030.00000 -121.7952
440062.00000 4372034.00000 -117.8894
440062.00000 4372038.00000 -126.7880
440062.00000 4372042.00000 -120.6906
440062.00000 4372046.00000 N.C.
440062.00000 4372050.00000 N.C.
440062.00000 4372054.00000 N.C.
440062.00000 4372058.00000 N.C.
440062.00000 4372062.00000 -121.3984
440062.00000 4372066.00000 -121.2743
440062.00000 4372070.00000 -122.1525
440062.00000 4372074.00000 -123.2032
440062.00000 4372078.00000 N.C.
440062.00000 4372082.00000 N.C.
440062.00000 4372086.00000 N.C.
440062.00000 4372090.00000 N.C.
440062.00000 4372094.00000 N.C.
440062.00000 4372098.00000 -128.4845
440062.00000 4372102.00000 -130.6121
440062.00000 4372106.00000 -129.9823
440062.00000 4372110.00000 -130.9024
440062.00000 4372114.00000 N.C.
440062.00000 4372118.00000 N.C.
440062.00000 4372122.00000 N.C.
440062.00000 4372126.00000 N.C.
440062.00000 4372130.00000 N.C.
440062.00000 4372134.00000 -132.5662
440062.00000 4372138.00000 -131.4642
440062.00000 4372142.00000 N.C.
440062.00000 4372146.00000 -114.6350
440062.00000 4372150.00000 N.C.
440062.00000 4372154.00000 N.C.
440062.00000 4372158.00000 N.C.
440062.00000 4372162.00000 N.C.
440062.00000 4372166.00000 N.C.
440062.00000 4372170.00000 -128.5638
440062.00000 4372174.00000 N.C.
440062.00000 4372178.00000 N.C.
440062.00000 4372182.00000 N.C.
440062.00000 4372186.00000 -84.0133
440062.00000 4372190.00000 -83.5806
440062.00000 4372194.00000 -84.1996
440062.00000 4372198.00000 -83.2936
440062.00000 4372202.00000 -96.8546
440062.00000 4372206.00000 N.C.
440062.00000 4372210.00000 N.C.
440062.00000 4372214.00000 -79.5623
440062.00000 4372218.00000 -79.2558
440062.00000 4372222.00000 -78.9937
440062.00000 4372226.00000 -78.2172
440062.00000 4372230.00000 -84.0798
440062.00000 4372234.00000 -79.6932
440062.00000 4372238.00000 -80.8528
440062.00000 4372242.00000 -81.7447
440062.00000 4372246.00000 -82.6582
440062.00000 4372250.00000 -83.5979
440062.00000 4372254.00000 -84.5139
440062.00000 4372258.00000 -85.4060
440062.00000 4372262.00000 -86.2701
440062.00000 4372266.00000 -86.6470
440062.00000 4372270.00000 N.C.
440062.00000 4372274.00000 N.C.
440062.00000 4372278.00000 -110.7033
440062.00000 4372282.00000 -90.0287
440062.00000 4372286.00000 -90.6615
440062.00000 4372290.00000 -91.3079
440062.00000 4372294.00000 -91.8632
440062.00000 4372298.00000 -92.4034
440062.00000 4372302.00000 -92.9326
440062.00000 4372306.00000 -93.4524
440062.00000 4372310.00000 -93.9177
440062.00000 4372314.00000 -94.3886
440062.00000 4372318.00000 -94.8888
440062.00000 4372322.00000 -95.3251
440062.00000 4372326.00000 -95.7514
440062.00000 4372330.00000 -96.2081
440062.00000 4372334.00000 -96.5849
440062.00000 4372338.00000 -96.9278
440062.00000 4372342.00000 -97.3034
440062.00000 4372346.00000 -97.6422
440062.00000 4372350.00000 -97.9620
440062.00000 4372354.00000 -98.1471
440062.00000 4372358.00000 -98.5235
440062.00000 4372362.00000 -98.6125
440062.00000 4372366.00000 -98.2744
440062.00000 4372370.00000 -97.9796
440062.00000 4372374.00000 -98.2308
440062.00000 4372378.00000 -99.2107
440062.00000 4372382.00000 -99.2988
440062.00000 4372386.00000 -99.1090
440062.00000 4372390.00000 -99.7533
440062.00000 4372394.00000 -99.9129
440062.00000 4372398.00000 -100.1783
440062.00000 4372402.00000 -100.3721
440062.00000 4372406.00000 -100.7405
440062.00000 4372410.00000 -100.9696
440062.00000 4372414.00000 -101.2049
440062.00000 4372418.00000 -101.4898
440062.00000 4372422.00000 -101.6266
440062.00000 4372426.00000 -101.6227
440062.00000 4372430.00000 -101.8576
440062.00000 4372434.00000 -102.0728
440062.00000 4372438.00000 -102.2855
440062.00000 4372442.00000 -102.6898
440062.00000 4372446.00000 -102.8056
440062.00000 4372450.00000 -103.0841
440062.00000 4372454.00000 -103.1799
440062.00000 4372458.00000 -103.5210
440062.00000 4372462.00000 -103.6113
440062.00000 4372466.00000 -103.8153
440062.00000 4372470.00000 -103.9827
440062.00000 4372474.00000 -104.2602
440062.00000 4372478.00000 -104.3062
440066.00000 4371970.00000 -124.4039
440066.00000 4371974.00000 -110.3452
440066.00000 4371978.00000 -118.5853
440066.00000 4371982.00000 -122.5626
440066.00000 4371986.00000 -122.4499
440066.00000 4371990.00000 -120.5437
440066.00000 4371994.00000 -121.3305
440066.00000 4371998.00000 -120.9975
440066.00000 4372002.00000 -116.8984
440066.00000 4372006.00000 -116.2192
440066.00000 4372010.00000 -122.0002
440066.00000 4372014.00000 -123.4488
440066.00000 4372018.00000 -121.4195
440066.00000 4372022.00000 -121.9562
440066.00000 4372026.00000 -121.7340
440066.00000 4372030.00000 -123.4182
440066.00000 4372034.00000 -120.6392
440066.00000 4372038.00000 -118.2126
440066.00000 4372042.00000 -120.2574
440066.00000 4372046.00000 N.C.
440066.00000 4372050.00000 N.C.
440066.00000 4372054.00000 -120.8678
440066.00000 4372058.00000 -121.8914
440066.00000 4372062.00000 -121.8268
440066.00000 4372066.00000 -121.9882
440066.00000 4372070.00000 -124.1240
440066.00000 4372074.00000 -124.4682
440066.00000 4372078.00000 -125.3254
440066.00000 4372082.00000 -125.8463
440066.00000 4372086.00000 N.C.
440066.00000 4372090.00000 -128.1030
440066.00000 4372094.00000 N.C.
440066.00000 4372098.00000 N.C.
440066.00000 4372102.00000 -128.7841
440066.00000 4372106.00000 -127.2783
440066.00000 4372110.00000 -128.9805
440066.00000 4372114.00000 -129.7699
440066.00000 4372118.00000 -132.6210
440066.00000 4372122.00000 N.C.
440066.00000 4372126.00000 N.C.
440066.00000 4372130.00000 N.C.
440066.00000 4372134.00000 N.C.
440066.00000 4372138.00000 N.C.
440066.00000 4372142.00000 N.C.
440066.00000 4372146.00000 -114.8115
440066.00000 4372150.00000 -139.2830
440066.00000 4372154.00000 -149.0705
440066.00000 4372158.00000 N.C.
440066.00000 4372162.00000 -136.0551
440066.00000 4372166.00000 N.C.
440066.00000 4372170.00000 N.C.
440066.00000 4372174.00000 N.C.
440066.00000 4372178.00000 N.C.
440066.00000 4372182.00000 N.C.
440066.00000 4372186.00000 -97.0012
440066.00000 4372190.00000 N.C.
440066.00000 4372194.00000 N.C.
440066.00000 4372198.00000 N.C.
440066.00000 4372202.00000 -105.9323
440066.00000 4372206.00000 N.C.
440066.00000 4372210.00000 N.C.
440066.00000 4372214.00000 N.C.
440066.00000 4372218.00000 N.C.
440066.00000 4372222.00000 N.C.
440066.00000 4372226.00000 N.C.
440066.00000 4372230.00000 N.C.
440066.00000 4372234.00000 -80.0670
440066.00000 4372238.00000 -80.8871
440066.00000 4372242.00000 -81.7493
440066.00000 4372246.00000 -82.6593
440066.00000 4372250.00000 -83.5908
440066.00000 4372254.00000 -84.4628
440066.00000 4372258.00000 -85.3800
440066.00000 4372262.00000 -86.2385
440066.00000 4372266.00000 -86.6535
440066.00000 4372270.00000 N.C.
440066.00000 4372274.00000 N.C.
440066.00000 4372278.00000 -110.8249
440066.00000 4372282.00000 -90.0420
440066.00000 4372286.00000 -90.6733
440066.00000 4372290.00000 -91.3019
440066.00000 4372294.00000 -91.8852
440066.00000 4372298.00000 -92.4316
440066.00000 4372302.00000 -92.9612
440066.00000 4372306.00000 -93.4894
440066.00000 4372310.00000 -93.9625
440066.00000 4372314.00000 -94.4700
440066.00000 4372318.00000 -94.9003
440066.00000 4372322.00000 -95.3390
440066.00000 4372326.00000 -95.7607
440066.00000 4372330.00000 -96.1726
440066.00000 4372334.00000 -96.5472
440066.00000 4372338.00000 -96.9312
440066.00000 4372342.00000 -97.3639
440066.00000 4372346.00000 -97.6630
440066.00000 4372350.00000 -97.9732
440066.00000 4372354.00000 -98.2619
440066.00000 4372358.00000 -98.5591
440066.00000 4372362.00000 -98.8422
440066.00000 4372366.00000 -98.9091
440066.00000 4372370.00000 -98.9486
440066.00000 4372374.00000 -98.8873
440066.00000 4372378.00000 -98.0682
440066.00000 4372382.00000 -99.5601
440066.00000 4372386.00000 -99.5497
440066.00000 4372390.00000 -99.7132
440066.00000 4372394.00000 -99.6865
440066.00000 4372398.00000 -101.1526
440066.00000 4372402.00000 -100.3924
440066.00000 4372406.00000 -100.5813
440066.00000 4372410.00000 -100.9106
440066.00000 4372414.00000 -101.1596
440066.00000 4372418.00000 -101.3826
440066.00000 4372422.00000 -101.5662
440066.00000 4372426.00000 -101.7993
440066.00000 4372430.00000 -101.7175
440066.00000 4372434.00000 -101.9898
440066.00000 4372438.00000 -102.3366
440066.00000 4372442.00000 -102.7150
440066.00000 4372446.00000 -102.7993
440066.00000 4372450.00000 -103.0896
440066.00000 4372454.00000 -103.1967
440066.00000 4372458.00000 -103.4832
440066.00000 4372462.00000 -103.5802
440066.00000 4372466.00000 -103.7636
440066.00000 4372470.00000 -103.9653
440066.00000 4372474.00000 -104.1591
440066.00000 4372478.00000 -104.3025
440070.00000 4371970.00000 -115.2868
440070.00000 4371974.00000 -114.3204
440070.00000 4371978.00000 N.C.
440070.00000 4371982.00000 N.C.
440070.00000 4371986.00000 N.C.
440070.00000 4371990.00000 -123.2431
440070.00000 4371994.00000 -122.4450
440070.00000 4371998.00000 -120.0846
440070.00000 4372002.00000 -115.4290
440070.00000 4372006.00000 -119.3500
440070.00000 4372010.00000 -120.8660
440070.00000 4372014.00000 -125.0536
440070.00000 4372018.00000 -123.2620
440070.00000 4372022.00000 -120.5129
440070.00000 4372026.00000 -118.0370
440070.00000 4372030.00000 -119.0956
440070.00000 4372034.00000 -121.1112
440070.00000 4372038.00000 -123.0950
440070.00000 4372042.00000 -118.5940
440070.00000 4372046.00000 N.C.
440070.00000 4372050.00000 N.C.
440070.00000 4372054.00000 -120.8683
440070.00000 4372058.00000 -121.6719
440070.00000 4372062.00000 -121.0507
440070.00000 4372066.00000 -123.6503
440070.00000 4372070.00000 -124.3651
440070.00000 4372074.00000 -125.2437
440070.00000 4372078.00000 -126.2295
440070.00000 4372082.00000 -126.0835
440070.00000 4372086.00000 N.C.
440070.00000 4372090.00000 -128.5194
440070.00000 4372094.00000 N.C.
440070.00000 4372098.00000 N.C.
440070.00000 4372102.00000 -127.9249
440070.00000 4372106.00000 -127.6125
440070.00000 4372110.00000 -130.1298
440070.00000 4372114.00000 N.C.
440070.00000 4372118.00000 -134.4089
440070.00000 4372122.00000 -135.1800
440070.00000 4372126.00000 -136.0304
440070.00000 4372130.00000 -136.3455
440070.00000 4372134.00000 N.C.
440070.00000 4372138.00000 N.C.
440070.00000 4372142.00000 N.C.
440070.00000 4372146.00000 -115.0313
440070.00000 4372150.00000 N.C.
440070.00000 4372154.00000 N.C.
440070.00000 4372158.00000 N.C.
440070.00000 4372162.00000 N.C.
440070.00000 4372166.00000 N.C.
440070.00000 4372170.00000 N.C.
440070.00000 4372174.00000 -120.1524
440070.00000 4372178.00000 N.C.
440070.00000 4372182.00000 N.C.
440070.00000 4372186.00000 -97.7669
440070.00000 4372190.00000 N.C.
440070.00000 4372194.00000 N.C.
440070.00000 4372198.00000 N.C.
440070.00000 4372202.00000 -104.1671
440070.00000 4372206.00000 N.C.
440070.00000 4372210.00000 N.C.
440070.00000 4372214.00000 N.C.
440070.00000 4372218.00000 N.C.
440070.00000 4372222.00000 N.C.
440070.00000 4372226.00000 N.C.
440070.00000 4372230.00000 N.C.
440070.00000 4372234.00000 -80.3805
440070.00000 4372238.00000 -81.0863
440070.00000 4372242.00000 -81.9434
440070.00000 4372246.00000 -82.8353
440070.00000 4372250.00000 -83.7435
440070.00000 4372254.00000 -84.6303
440070.00000 4372258.00000 -85.5128
440070.00000 4372262.00000 -86.3538
440070.00000 4372266.00000 -86.8266
440070.00000 4372270.00000 N.C.
440070.00000 4372274.00000 N.C.
440070.00000 4372278.00000 -111.4137
440070.00000 4372282.00000 -90.0897
440070.00000 4372286.00000 -90.7296
440070.00000 4372290.00000 -91.3329
440070.00000 4372294.00000 -91.9137
440070.00000 4372298.00000 -92.4385
440070.00000 4372302.00000 -92.9818
440070.00000 4372306.00000 -93.5189
440070.00000 4372310.00000 -94.0255
440070.00000 4372314.00000 -94.4897
440070.00000 4372318.00000 -94.9475
440070.00000 4372322.00000 -95.3952
440070.00000 4372326.00000 -95.8155
440070.00000 4372330.00000 -96.2220
440070.00000 4372334.00000 -96.6034
440070.00000 4372338.00000 -96.9890
440070.00000 4372342.00000 -97.3721
440070.00000 4372346.00000 -97.7317
440070.00000 4372350.00000 -98.0673
440070.00000 4372354.00000 -98.2754
440070.00000 4372358.00000 -98.4896
440070.00000 4372362.00000 -98.9127
440070.00000 4372366.00000 -99.1138
440070.00000 4372370.00000 -99.1879
440070.00000 4372374.00000 -98.9090
440070.00000 4372378.00000 -99.8032
440070.00000 4372382.00000 -98.4285
440070.00000 4372386.00000 -99.1698
440070.00000 4372390.00000 -99.9463
440070.00000 4372394.00000 -100.1377
440070.00000 4372398.00000 -99.8789
440070.00000 4372402.00000 -100.6650
440070.00000 4372406.00000 -101.6128
440070.00000 4372410.00000 -100.9690
440070.00000 4372414.00000 -101.2181
440070.00000 4372418.00000 -101.3342
440070.00000 4372422.00000 -101.5442
440070.00000 4372426.00000 -101.7932
440070.00000 4372430.00000 -101.8928
440070.00000 4372434.00000 -101.8720
440070.00000 4372438.00000 -102.2403
440070.00000 4372442.00000 -102.4381
440070.00000 4372446.00000 -102.7818
440070.00000 4372450.00000 -102.9636
440070.00000 4372454.00000 -103.1545
440070.00000 4372458.00000 -103.4596
440070.00000 4372462.00000 -103.5970
440070.00000 4372466.00000 -103.7760
440070.00000 4372470.00000 -103.8755
440070.00000 4372474.00000 -104.0316
440070.00000 4372478.00000 -104.0261
440074.00000 4371970.00000 -133.6611
440074.00000 4371974.00000 -139.3044
440074.00000 4371978.00000 N.C.
440074.00000 4371982.00000 N.C.
440074.00000 4371986.00000 N.C.
440074.00000 4371990.00000 -123.2882
440074.00000 4371994.00000 -123.3137
440074.00000 4371998.00000 -117.9039
440074.00000 4372002.00000 -117.3954
440074.00000 4372006.00000 -117.7826
440074.00000 4372010.00000 -120.7241
440074.00000 4372014.00000 -121.6604
440074.00000 4372018.00000 -121.5253
440074.00000 4372022.00000 -120.6506
440074.00000 4372026.00000 -119.4652
440074.00000 4372030.00000 -118.8370
440074.00000 4372034.00000 -123.4522
440074.00000 4372038.00000 -123.0896
440074.00000 4372042.00000 -123.2966
440074.00000 4372046.00000 -117.8421
440074.00000 4372050.00000 N.C.
440074.00000 4372054.00000 -119.8392
440074.00000 4372058.00000 -119.7607
440074.00000 4372062.00000 -121.4163
440074.00000 4372066.00000 -122.6504
440074.00000 4372070.00000 -124.2275
440074.00000 4372074.00000 -124.2990
440074.00000 4372078.00000 -125.5267
440074.00000 4372082.00000 -125.7497
440074.00000 4372086.00000 N.C.
440074.00000 4372090.00000 -127.9359
440074.00000 4372094.00000 N.C.
440074.00000 4372098.00000 N.C.
440074.00000 4372102.00000 -127.3959
440074.00000 4372106.00000 -130.3841
440074.00000 4372110.00000 -132.1674
440074.00000 4372114.00000 N.C.
440074.00000 4372118.00000 -136.0412
440074.00000 4372122.00000 -136.9755
440074.00000 4372126.00000 -136.3398
440074.00000 4372130.00000 N.C.
440074.00000 4372134.00000 -141.2216
440074.00000 4372138.00000 N.C.
440074.00000 4372142.00000 N.C.
440074.00000 4372146.00000 -115.0990
440074.00000 4372150.00000 N.C.
440074.00000 4372154.00000 N.C.
440074.00000 4372158.00000 N.C.
440074.00000 4372162.00000 N.C.
440074.00000 4372166.00000 N.C.
440074.00000 4372170.00000 N.C.
440074.00000 4372174.00000 -122.7997
440074.00000 4372178.00000 N.C.
440074.00000 4372182.00000 N.C.
440074.00000 4372186.00000 -97.0323
440074.00000 4372190.00000 -97.4731
440074.00000 4372194.00000 N.C.
440074.00000 4372198.00000 N.C.
440074.00000 4372202.00000 N.C.
440074.00000 4372206.00000 N.C.
440074.00000 4372210.00000 N.C.
440074.00000 4372214.00000 N.C.
440074.00000 4372218.00000 N.C.
440074.00000 4372222.00000 N.C.
440074.00000 4372226.00000 N.C.
440074.00000 4372230.00000 N.C.
440074.00000 4372234.00000 -80.8470
440074.00000 4372238.00000 -81.5404
440074.00000 4372242.00000 -82.2943
440074.00000 4372246.00000 -83.1517
440074.00000 4372250.00000 N.C.
440074.00000 4372254.00000 N.C.
440074.00000 4372258.00000 -84.8386
440074.00000 4372262.00000 -86.1080
440074.00000 4372266.00000 -87.0562
440074.00000 4372270.00000 N.C.
440074.00000 4372274.00000 N.C.
440074.00000 4372278.00000 -108.4615
440074.00000 4372282.00000 -90.1821
440074.00000 4372286.00000 -90.8005
440074.00000 4372290.00000 -91.4059
440074.00000 4372294.00000 -91.9639
440074.00000 4372298.00000 -92.5184
440074.00000 4372302.00000 -93.0276
440074.00000 4372306.00000 -93.5770
440074.00000 4372310.00000 -94.0671
440074.00000 4372314.00000 -94.5382
440074.00000 4372318.00000 -94.9922
440074.00000 4372322.00000 -95.4309
440074.00000 4372326.00000 -95.8475
440074.00000 4372330.00000 -96.2485
440074.00000 4372334.00000 -96.6418
440074.00000 4372338.00000 -97.0094
440074.00000 4372342.00000 -97.3794
440074.00000 4372346.00000 -97.7459
440074.00000 4372350.00000 -98.0918
440074.00000 4372354.00000 -98.3471
440074.00000 4372358.00000 -98.6286
440074.00000 4372362.00000 -98.9730
440074.00000 4372366.00000 -99.2413
440074.00000 4372370.00000 -99.4441
440074.00000 4372374.00000 -99.8600
440074.00000 4372378.00000 -99.2013
440074.00000 4372382.00000 -99.9540
440074.00000 4372386.00000 -99.6625
440074.00000 4372390.00000 -98.9113
440074.00000 4372394.00000 -100.2777
440074.00000 4372398.00000 -100.2821
440074.00000 4372402.00000 -100.2159
440074.00000 4372406.00000 -100.5162
440074.00000 4372410.00000 -101.8822
440074.00000 4372414.00000 -102.3093
440074.00000 4372418.00000 -101.1470
440074.00000 4372422.00000 -101.2757
440074.00000 4372426.00000 -101.7603
440074.00000 4372430.00000 -97.5621
440074.00000 4372434.00000 N.C.
440074.00000 4372438.00000 -105.5712
440074.00000 4372442.00000 -101.9442
440074.00000 4372446.00000 N.C.
440074.00000 4372450.00000 -98.9905
440074.00000 4372454.00000 -98.8169
440074.00000 4372458.00000 -97.4281
440074.00000 4372462.00000 -99.3115
440074.00000 4372466.00000 -101.0915
440074.00000 4372470.00000 -100.2487
440074.00000 4372474.00000 -98.0756
440074.00000 4372478.00000 -99.7572
440078.00000 4371970.00000 -136.8870
440078.00000 4371974.00000 -139.3349
440078.00000 4371978.00000 N.C.
440078.00000 4371982.00000 N.C.
440078.00000 4371986.00000 N.C.
440078.00000 4371990.00000 -122.9073
440078.00000 4371994.00000 -123.2463
440078.00000 4371998.00000 -118.8149
440078.00000 4372002.00000 -118.1942
440078.00000 4372006.00000 -121.7887
440078.00000 4372010.00000 -120.1710
440078.00000 4372014.00000 -118.5097
440078.00000 4372018.00000 -120.8025
440078.00000 4372022.00000 -118.4425
440078.00000 4372026.00000 -118.6927
440078.00000 4372030.00000 -119.3646
440078.00000 4372034.00000 -123.8598
440078.00000 4372038.00000 -123.4946
440078.00000 4372042.00000 -121.5534
440078.00000 4372046.00000 -121.1380
440078.00000 4372050.00000 N.C.
440078.00000 4372054.00000 -123.4289
440078.00000 4372058.00000 -122.1956
440078.00000 4372062.00000 -122.3512
440078.00000 4372066.00000 -122.0270
440078.00000 4372070.00000 -123.2872
440078.00000 4372074.00000 -125.3287
440078.00000 4372078.00000 -120.9336
440078.00000 4372082.00000 -118.7825
440078.00000 4372086.00000 N.C.
440078.00000 4372090.00000 -125.1583
440078.00000 4372094.00000 N.C.
440078.00000 4372098.00000 N.C.
440078.00000 4372102.00000 N.C.
440078.00000 4372106.00000 -130.5302
440078.00000 4372110.00000 -132.1676
440078.00000 4372114.00000 N.C.
440078.00000 4372118.00000 -131.4005
440078.00000 4372122.00000 -136.4729
440078.00000 4372126.00000 N.C.
440078.00000 4372130.00000 N.C.
440078.00000 4372134.00000 -153.2492
440078.00000 4372138.00000 -123.2335
440078.00000 4372142.00000 -127.4164
440078.00000 4372146.00000 -115.2941
440078.00000 4372150.00000 -131.7451
440078.00000 4372154.00000 N.C.
440078.00000 4372158.00000 N.C.
440078.00000 4372162.00000 N.C.
440078.00000 4372166.00000 N.C.
440078.00000 4372170.00000 N.C.
440078.00000 4372174.00000 -121.5701
440078.00000 4372178.00000 N.C.
440078.00000 4372182.00000 N.C.
440078.00000 4372186.00000 -96.7701
440078.00000 4372190.00000 -97.3311
440078.00000 4372194.00000 N.C.
440078.00000 4372198.00000 N.C.
440078.00000 4372202.00000 N.C.
440078.00000 4372206.00000 N.C.
440078.00000 4372210.00000 N.C.
440078.00000 4372214.00000 N.C.
440078.00000 4372218.00000 N.C.
440078.00000 4372222.00000 N.C.
440078.00000 4372226.00000 N.C.
440078.00000 4372230.00000 N.C.
440078.00000 4372234.00000 -81.4841
440078.00000 4372238.00000 -82.1315
440078.00000 4372242.00000 -82.8310
440078.00000 4372246.00000 -83.5768
440078.00000 4372250.00000 N.C.
440078.00000 4372254.00000 N.C.
440078.00000 4372258.00000 N.C.
440078.00000 4372262.00000 -101.2366
440078.00000 4372266.00000 -87.5507
440078.00000 4372270.00000 -88.2231
440078.00000 4372274.00000 -88.9057
440078.00000 4372278.00000 -89.5590
440078.00000 4372282.00000 -90.2372
440078.00000 4372286.00000 -90.9022
440078.00000 4372290.00000 -91.4883
440078.00000 4372294.00000 -91.9995
440078.00000 4372298.00000 -92.5519
440078.00000 4372302.00000 -93.1007
440078.00000 4372306.00000 -93.6387
440078.00000 4372310.00000 -94.1311
440078.00000 4372314.00000 -94.5909
440078.00000 4372318.00000 -95.0409
440078.00000 4372322.00000 -95.4812
440078.00000 4372326.00000 -95.8960
440078.00000 4372330.00000 -96.2936
440078.00000 4372334.00000 -96.6801
440078.00000 4372338.00000 -97.0348
440078.00000 4372342.00000 -97.4017
440078.00000 4372346.00000 -97.7704
440078.00000 4372350.00000 -98.1450
440078.00000 4372354.00000 -98.4468
440078.00000 4372358.00000 -98.7202
440078.00000 4372362.00000 -98.9304
440078.00000 4372366.00000 -99.2991
440078.00000 4372370.00000 -99.5596
440078.00000 4372374.00000 -99.8916
440078.00000 4372378.00000 -100.2099
440078.00000 4372382.00000 -100.2766
440078.00000 4372386.00000 -99.5358
440078.00000 4372390.00000 -99.9545
440078.00000 4372394.00000 -99.3060
440078.00000 4372398.00000 -99.8535
440078.00000 4372402.00000 -100.7607
440078.00000 4372406.00000 -101.2740
440078.00000 4372410.00000 -101.4772
440078.00000 4372414.00000 -102.3059
440078.00000 4372418.00000 -102.3528
440078.00000 4372422.00000 -102.5762
440078.00000 4372426.00000 -102.8092
440078.00000 4372430.00000 N.C.
440078.00000 4372434.00000 N.C.
440078.00000 4372438.00000 -120.8546
440078.00000 4372442.00000 -112.2347
440078.00000 4372446.00000 N.C.
440078.00000 4372450.00000 N.C.
440078.00000 4372454.00000 -122.3836
440078.00000 4372458.00000 -115.0174
440078.00000 4372462.00000 -104.5932
440078.00000 4372466.00000 -103.8258
440078.00000 4372470.00000 -103.9887
440078.00000 4372474.00000 -104.1524
440078.00000 4372478.00000 -104.2322
440082.00000 4371970.00000 -137.1395
440082.00000 4371974.00000 -139.4754
440082.00000 4371978.00000 N.C.
440082.00000 4371982.00000 N.C.
440082.00000 4371986.00000 N.C.
440082.00000 4371990.00000 -124.0745
440082.00000 4371994.00000 -118.3106
440082.00000 4371998.00000 -120.3301
440082.00000 4372002.00000 -117.9631
440082.00000 4372006.00000 -124.1208
440082.00000 4372010.00000 -122.7580
440082.00000 4372014.00000 -118.9476
440082.00000 4372018.00000 -116.6116
440082.00000 4372022.00000 -119.4502
440082.00000 4372026.00000 -117.2982
440082.00000 4372030.00000 -119.7315
440082.00000 4372034.00000 -121.6610
440082.00000 4372038.00000 -119.9796
440082.00000 4372042.00000 -119.3222
440082.00000 4372046.00000 -129.5606
440082.00000 4372050.00000 N.C.
440082.00000 4372054.00000 -118.9514
440082.00000 4372058.00000 -120.2709
440082.00000 4372062.00000 -120.2707
440082.00000 4372066.00000 -120.3550
440082.00000 4372070.00000 -120.5231
440082.00000 4372074.00000 -117.8227
440082.00000 4372078.00000 N.C.
440082.00000 4372082.00000 N.C.
440082.00000 4372086.00000 N.C.
440082.00000 4372090.00000 -122.9786
440082.00000 4372094.00000 -125.2705
440082.00000 4372098.00000 N.C.
440082.00000 4372102.00000 N.C.
440082.00000 4372106.00000 -126.2626
440082.00000 4372110.00000 -121.9440
440082.00000 4372114.00000 -120.5107
440082.00000 4372118.00000 N.C.
440082.00000 4372122.00000 -133.3378
440082.00000 4372126.00000 -135.9624
440082.00000 4372130.00000 -136.5053
440082.00000 4372134.00000 N.C.
440082.00000 4372138.00000 -120.1838
440082.00000 4372142.00000 -123.1832
440082.00000 4372146.00000 -123.1032
440082.00000 4372150.00000 -125.3123
440082.00000 4372154.00000 N.C.
440082.00000 4372158.00000 N.C.
440082.00000 4372162.00000 N.C.
440082.00000 4372166.00000 N.C.
440082.00000 4372170.00000 N.C.
440082.00000 4372174.00000 N.C.
440082.00000 4372178.00000 N.C.
440082.00000 4372182.00000 N.C.
440082.00000 4372186.00000 -96.8163
440082.00000 4372190.00000 -97.4876
440082.00000 4372194.00000 N.C.
440082.00000 4372198.00000 N.C.
440082.00000 4372202.00000 N.C.
440082.00000 4372206.00000 N.C.
440082.00000 4372210.00000 N.C.
440082.00000 4372214.00000 N.C.
440082.00000 4372218.00000 N.C.
440082.00000 4372222.00000 N.C.
440082.00000 4372226.00000 N.C.
440082.00000 4372230.00000 N.C.
440082.00000 4372234.00000 -82.2522
440082.00000 4372238.00000 -82.8330
440082.00000 4372242.00000 -83.4572
440082.00000 4372246.00000 -84.1277
440082.00000 4372250.00000 -84.8415
440082.00000 4372254.00000 -85.5319
440082.00000 4372258.00000 -86.3028
440082.00000 4372262.00000 -87.0820
440082.00000 4372266.00000 -87.8244
440082.00000 4372270.00000 -88.5231
440082.00000 4372274.00000 -89.1793
440082.00000 4372278.00000 -89.8335
440082.00000 4372282.00000 -90.4621
440082.00000 4372286.00000 -91.0614
440082.00000 4372290.00000 -91.6241
440082.00000 4372294.00000 -92.1661
440082.00000 4372298.00000 -92.6597
440082.00000 4372302.00000 -93.1500
440082.00000 4372306.00000 -93.6671
440082.00000 4372310.00000 -94.1319
440082.00000 4372314.00000 -94.5893
440082.00000 4372318.00000 -95.0819
440082.00000 4372322.00000 -95.5305
440082.00000 4372326.00000 -95.9478
440082.00000 4372330.00000 -96.3575
440082.00000 4372334.00000 -96.7464
440082.00000 4372338.00000 -97.0945
440082.00000 4372342.00000 -97.4659
440082.00000 4372346.00000 -97.8290
440082.00000 4372350.00000 -98.1906
440082.00000 4372354.00000 -98.5006
440082.00000 4372358.00000 -98.7169
440082.00000 4372362.00000 -98.9878
440082.00000 4372366.00000 -99.3846
440082.00000 4372370.00000 -99.6414
440082.00000 4372374.00000 -99.8060
440082.00000 4372378.00000 -100.2971
440082.00000 4372382.00000 -100.5294
440082.00000 4372386.00000 -100.6015
440082.00000 4372390.00000 -100.6758
440082.00000 4372394.00000 -100.9513
440082.00000 4372398.00000 -101.1144
440082.00000 4372402.00000 -101.3307
440082.00000 4372406.00000 -101.1590
440082.00000 4372410.00000 -101.2099
440082.00000 4372414.00000 -101.9555
440082.00000 4372418.00000 -102.7353
440082.00000 4372422.00000 -103.0011
440082.00000 4372426.00000 -103.2116
440082.00000 4372430.00000 -103.4342
440082.00000 4372434.00000 -103.6963
440082.00000 4372438.00000 -103.9388
440082.00000 4372442.00000 -104.0655
440082.00000 4372446.00000 -104.0001
440082.00000 4372450.00000 -104.4572
440082.00000 4372454.00000 -104.7219
440082.00000 4372458.00000 -104.7773
440082.00000 4372462.00000 -105.0078
440082.00000 4372466.00000 -105.1300
440082.00000 4372470.00000 -105.2492
440082.00000 4372474.00000 -105.3624
440082.00000 4372478.00000 -104.3235
440086.00000 4371970.00000 -138.2180
440086.00000 4371974.00000 N.C.
440086.00000 4371978.00000 N.C.
440086.00000 4371982.00000 -128.7134
440086.00000 4371986.00000 N.C.
440086.00000 4371990.00000 -123.3917
440086.00000 4371994.00000 -122.2760
440086.00000 4371998.00000 -121.9316
440086.00000 4372002.00000 -117.7876
440086.00000 4372006.00000 -116.4198
440086.00000 4372010.00000 -115.7476
440086.00000 4372014.00000 -115.5996
440086.00000 4372018.00000 -118.6722
440086.00000 4372022.00000 -124.0545
440086.00000 4372026.00000 -118.2444
440086.00000 4372030.00000 -118.0190
440086.00000 4372034.00000 -118.4957
440086.00000 4372038.00000 -119.7323
440086.00000 4372042.00000 -123.8185
440086.00000 4372046.00000 -124.6711
440086.00000 4372050.00000 N.C.
440086.00000 4372054.00000 N.C.
440086.00000 4372058.00000 -119.6346
440086.00000 4372062.00000 -119.4744
440086.00000 4372066.00000 -117.1434
440086.00000 4372070.00000 -118.6375
440086.00000 4372074.00000 -115.5774
440086.00000 4372078.00000 N.C.
440086.00000 4372082.00000 N.C.
440086.00000 4372086.00000 N.C.
440086.00000 4372090.00000 N.C.
440086.00000 4372094.00000 -125.0331
440086.00000 4372098.00000 N.C.
440086.00000 4372102.00000 N.C.
440086.00000 4372106.00000 -126.1255
440086.00000 4372110.00000 -119.8118
440086.00000 4372114.00000 -115.6730
440086.00000 4372118.00000 N.C.
440086.00000 4372122.00000 N.C.
440086.00000 4372126.00000 N.C.
440086.00000 4372130.00000 N.C.
440086.00000 4372134.00000 N.C.
440086.00000 4372138.00000 N.C.
440086.00000 4372142.00000 N.C.
440086.00000 4372146.00000 -118.4868
440086.00000 4372150.00000 -125.7432
440086.00000 4372154.00000 N.C.
440086.00000 4372158.00000 N.C.
440086.00000 4372162.00000 N.C.
440086.00000 4372166.00000 N.C.
440086.00000 4372170.00000 N.C.
440086.00000 4372174.00000 N.C.
440086.00000 4372178.00000 N.C.
440086.00000 4372182.00000 N.C.
440086.00000 4372186.00000 -95.7293
440086.00000 4372190.00000 -98.0353
440086.00000 4372194.00000 N.C.
440086.00000 4372198.00000 N.C.
440086.00000 4372202.00000 N.C.
440086.00000 4372206.00000 N.C.
440086.00000 4372210.00000 N.C.
440086.00000 4372214.00000 N.C.
440086.00000 4372218.00000 -94.5770
440086.00000 4372222.00000 N.C.
440086.00000 4372226.00000 N.C.
440086.00000 4372230.00000 N.C.
440086.00000 4372234.00000 -83.0183
440086.00000 4372238.00000 -83.5847
440086.00000 4372242.00000 -84.1326
440086.00000 4372246.00000 -84.7500
440086.00000 4372250.00000 -85.3965
440086.00000 4372254.00000 -86.0597
440086.00000 4372258.00000 -86.7759
440086.00000 4372262.00000 -87.4807
440086.00000 4372266.00000 -88.1572
440086.00000 4372270.00000 -88.8071
440086.00000 4372274.00000 -89.4373
440086.00000 4372278.00000 -90.0692
440086.00000 4372282.00000 -90.6537
440086.00000 4372286.00000 -91.2428
440086.00000 4372290.00000 -91.8044
440086.00000 4372294.00000 -92.3524
440086.00000 4372298.00000 -92.8578
440086.00000 4372302.00000 -93.3544
440086.00000 4372306.00000 -93.8393
440086.00000 4372310.00000 -94.2910
440086.00000 4372314.00000 -94.7433
440086.00000 4372318.00000 -95.1744
440086.00000 4372322.00000 -95.5781
440086.00000 4372326.00000 -95.9761
440086.00000 4372330.00000 -96.3671
440086.00000 4372334.00000 -96.8139
440086.00000 4372338.00000 -97.1794
440086.00000 4372342.00000 -97.5075
440086.00000 4372346.00000 -97.8817
440086.00000 4372350.00000 -98.2366
440086.00000 4372354.00000 -98.5711
440086.00000 4372358.00000 -98.8143
440086.00000 4372362.00000 -99.1067
440086.00000 4372366.00000 -99.3800
440086.00000 4372370.00000 -99.6897
440086.00000 4372374.00000 -99.8716
440086.00000 4372378.00000 -100.1942
440086.00000 4372382.00000 -100.5365
440086.00000 4372386.00000 -100.8364
440086.00000 4372390.00000 -101.0547
440086.00000 4372394.00000 -100.9605
440086.00000 4372398.00000 -101.2262
440086.00000 4372402.00000 -101.4360
440086.00000 4372406.00000 -101.9371
440086.00000 4372410.00000 -102.0491
440086.00000 4372414.00000 -101.7185
440086.00000 4372418.00000 -101.9449
440086.00000 4372422.00000 -102.8801
440086.00000 4372426.00000 -103.2620
440086.00000 4372430.00000 -103.3980
440086.00000 4372434.00000 -103.6514
440086.00000 4372438.00000 -103.8429
440086.00000 4372442.00000 -104.1284
440086.00000 4372446.00000 -103.9202
440086.00000 4372450.00000 -104.2329
440086.00000 4372454.00000 -104.7055
440086.00000 4372458.00000 -104.9314
440086.00000 4372462.00000 -105.0583
440086.00000 4372466.00000 -105.1699
440086.00000 4372470.00000 -105.4707
440086.00000 4372474.00000 -105.6220
440086.00000 4372478.00000 -105.8016
440090.00000 4371970.00000 -131.8973
440090.00000 4371974.00000 -139.0777
440090.00000 4371978.00000 N.C.
440090.00000 4371982.00000 N.C.
440090.00000 4371986.00000 N.C.
440090.00000 4371990.00000 N.C.
440090.00000 4371994.00000 N.C.
440090.00000 4371998.00000 -119.1993
440090.00000 4372002.00000 -116.3302
440090.00000 4372006.00000 -115.5033
440090.00000 4372010.00000 -115.5503
440090.00000 4372014.00000 -118.4345
440090.00000 4372018.00000 -124.2785
440090.00000 4372022.00000 -120.7038
440090.00000 4372026.00000 -121.2701
440090.00000 4372030.00000 -118.9676
440090.00000 4372034.00000 -117.1131
440090.00000 4372038.00000 -120.7128
440090.00000 4372042.00000 -123.7076
440090.00000 4372046.00000 -123.9424
440090.00000 4372050.00000 N.C.
440090.00000 4372054.00000 N.C.
440090.00000 4372058.00000 -118.5633
440090.00000 4372062.00000 -118.3760
440090.00000 4372066.00000 -116.4877
440090.00000 4372070.00000 -114.0384
440090.00000 4372074.00000 -113.3985
440090.00000 4372078.00000 -114.5949
440090.00000 4372082.00000 N.C.
440090.00000 4372086.00000 N.C.
440090.00000 4372090.00000 N.C.
440090.00000 4372094.00000 -113.2349
440090.00000 4372098.00000 -115.0979
440090.00000 4372102.00000 -114.9908
440090.00000 4372106.00000 -115.3131
440090.00000 4372110.00000 -116.2422
440090.00000 4372114.00000 -116.2102
440090.00000 4372118.00000 N.C.
440090.00000 4372122.00000 N.C.
440090.00000 4372126.00000 N.C.
440090.00000 4372130.00000 N.C.
440090.00000 4372134.00000 N.C.
440090.00000 4372138.00000 N.C.
440090.00000 4372142.00000 N.C.
440090.00000 4372146.00000 -112.0226
440090.00000 4372150.00000 -104.6016
440090.00000 4372154.00000 N.C.
440090.00000 4372158.00000 N.C.
440090.00000 4372162.00000 N.C.
440090.00000 4372166.00000 -99.1714
440090.00000 4372170.00000 -98.6958
440090.00000 4372174.00000 -106.8758
440090.00000 4372178.00000 -96.8443
440090.00000 4372182.00000 -88.1013
440090.00000 4372186.00000 -87.5384
440090.00000 4372190.00000 -86.4583
440090.00000 4372194.00000 -106.5616
440090.00000 4372198.00000 -100.9669
440090.00000 4372202.00000 -94.9575
440090.00000 4372206.00000 -92.7098
440090.00000 4372210.00000 -83.6815
440090.00000 4372214.00000 -83.8998
440090.00000 4372218.00000 -83.6590
440090.00000 4372222.00000 -106.5455
440090.00000 4372226.00000 -103.6192
440090.00000 4372230.00000 -102.4450
440090.00000 4372234.00000 -83.5383
440090.00000 4372238.00000 -84.3855
440090.00000 4372242.00000 -84.8766
440090.00000 4372246.00000 -85.4204
440090.00000 4372250.00000 -86.0041
440090.00000 4372254.00000 -86.5899
440090.00000 4372258.00000 -87.2157
440090.00000 4372262.00000 -87.8946
440090.00000 4372266.00000 -88.5257
440090.00000 4372270.00000 -89.1273
440090.00000 4372274.00000 -89.7346
440090.00000 4372278.00000 -90.3355
440090.00000 4372282.00000 -90.9136
440090.00000 4372286.00000 -91.4690
440090.00000 4372290.00000 -92.0340
440090.00000 4372294.00000 -92.5468
440090.00000 4372298.00000 -93.0340
440090.00000 4372302.00000 -93.5308
440090.00000 4372306.00000 -93.9981
440090.00000 4372310.00000 -94.4677
440090.00000 4372314.00000 -94.9006
440090.00000 4372318.00000 -95.3289
440090.00000 4372322.00000 -95.6924
440090.00000 4372326.00000 -96.0964
440090.00000 4372330.00000 -96.4788
440090.00000 4372334.00000 -96.8295
440090.00000 4372338.00000 -97.1928
440090.00000 4372342.00000 -97.5211
440090.00000 4372346.00000 -97.9156
440090.00000 4372350.00000 -98.2762
440090.00000 4372354.00000 -98.6066
440090.00000 4372358.00000 -98.9271
440090.00000 4372362.00000 -99.1617
440090.00000 4372366.00000 -99.3574
440090.00000 4372370.00000 -99.7273
440090.00000 4372374.00000 -99.9053
440090.00000 4372378.00000 -100.1721
440090.00000 4372382.00000 -100.5088
440090.00000 4372386.00000 -100.8642
440090.00000 4372390.00000 -101.1287
440090.00000 4372394.00000 -101.3804
440090.00000 4372398.00000 -101.2976
440090.00000 4372402.00000 -101.7644
440090.00000 4372406.00000 -102.0032
440090.00000 4372410.00000 -102.0411
440090.00000 4372414.00000 -102.3945
440090.00000 4372418.00000 -102.6008
440090.00000 4372422.00000 -102.3265
440090.00000 4372426.00000 -102.4718
440090.00000 4372430.00000 -103.4377
440090.00000 4372434.00000 -103.5886
440090.00000 4372438.00000 -103.8355
440090.00000 4372442.00000 -104.0686
440090.00000 4372446.00000 -104.1967
440090.00000 4372450.00000 -104.0745
440090.00000 4372454.00000 -104.4236
440090.00000 4372458.00000 -104.9224
440090.00000 4372462.00000 -105.0833
440090.00000 4372466.00000 -105.2073
440090.00000 4372470.00000 -105.4660
440090.00000 4372474.00000 -105.6234
440090.00000 4372478.00000 -105.8260
440094.00000 4371970.00000 -135.5274
440094.00000 4371974.00000 -139.1333
440094.00000 4371978.00000 N.C.
440094.00000 4371982.00000 N.C.
440094.00000 4371986.00000 N.C.
440094.00000 4371990.00000 N.C.
440094.00000 4371994.00000 N.C.
440094.00000 4371998.00000 -116.4535
440094.00000 4372002.00000 -115.0227
440094.00000 4372006.00000 -116.1362
440094.00000 4372010.00000 -116.6677
440094.00000 4372014.00000 -118.4049
440094.00000 4372018.00000 -121.0094
440094.00000 4372022.00000 -120.3935
440094.00000 4372026.00000 -119.4674
440094.00000 4372030.00000 -118.2937
440094.00000 4372034.00000 -120.3901
440094.00000 4372038.00000 -123.2240
440094.00000 4372042.00000 -115.1497
440094.00000 4372046.00000 -114.6920
440094.00000 4372050.00000 -113.0109
440094.00000 4372054.00000 -114.8519
440094.00000 4372058.00000 -114.9433
440094.00000 4372062.00000 -115.2423
440094.00000 4372066.00000 -114.4669
440094.00000 4372070.00000 -113.7888
440094.00000 4372074.00000 -113.4683
440094.00000 4372078.00000 -114.3055
440094.00000 4372082.00000 -114.0431
440094.00000 4372086.00000 -115.1472
440094.00000 4372090.00000 -114.9734
440094.00000 4372094.00000 -114.9074
440094.00000 4372098.00000 -113.9693
440094.00000 4372102.00000 -114.1274
440094.00000 4372106.00000 -114.8400
440094.00000 4372110.00000 -114.7341
440094.00000 4372114.00000 -115.3237
440094.00000 4372118.00000 -104.2149
440094.00000 4372122.00000 -110.5085
440094.00000 4372126.00000 -111.2762
440094.00000 4372130.00000 -112.1956
440094.00000 4372134.00000 -99.6479
440094.00000 4372138.00000 -104.0481
440094.00000 4372142.00000 -106.3031
440094.00000 4372146.00000 -109.3398
440094.00000 4372150.00000 -110.7681
440094.00000 4372154.00000 -108.5498
440094.00000 4372158.00000 -95.7214
440094.00000 4372162.00000 -95.6203
440094.00000 4372166.00000 -100.4668
440094.00000 4372170.00000 -97.8683
440094.00000 4372174.00000 -89.6000
440094.00000 4372178.00000 -89.0040
440094.00000 4372182.00000 -88.5383
440094.00000 4372186.00000 -88.2509
440094.00000 4372190.00000 -87.7082
440094.00000 4372194.00000 -87.1369
440094.00000 4372198.00000 -86.5884
440094.00000 4372202.00000 -86.0859
440094.00000 4372206.00000 -85.6114
440094.00000 4372210.00000 -85.2116
440094.00000 4372214.00000 -84.8656
440094.00000 4372218.00000 -84.6272
440094.00000 4372222.00000 -84.3741
440094.00000 4372226.00000 -84.4289
440094.00000 4372230.00000 -84.5615
440094.00000 4372234.00000 -84.8343
440094.00000 4372238.00000 -85.1994
440094.00000 4372242.00000 -85.6237
440094.00000 4372246.00000 -86.0991
440094.00000 4372250.00000 -86.6261
440094.00000 4372254.00000 -87.1631
440094.00000 4372258.00000 -87.7190
440094.00000 4372262.00000 -88.3178
440094.00000 4372266.00000 -88.9073
440094.00000 4372270.00000 -89.4782
440094.00000 4372274.00000 -90.0692
440094.00000 4372278.00000 -90.6472
440094.00000 4372282.00000 -91.1909
440094.00000 4372286.00000 -91.7335
440094.00000 4372290.00000 -92.2535
440094.00000 4372294.00000 -92.7528
440094.00000 4372298.00000 -93.2204
440094.00000 4372302.00000 -93.6821
440094.00000 4372306.00000 -94.1521
440094.00000 4372310.00000 -94.6157
440094.00000 4372314.00000 -95.0499
440094.00000 4372318.00000 -95.4542
440094.00000 4372322.00000 -95.8612
440094.00000 4372326.00000 -96.2524
440094.00000 4372330.00000 -96.6333
440094.00000 4372334.00000 -96.9496
440094.00000 4372338.00000 -97.3132
440094.00000 4372342.00000 -97.6347
440094.00000 4372346.00000 -97.9712
440094.00000 4372350.00000 -98.2741
440094.00000 4372354.00000 -98.6054
440094.00000 4372358.00000 -98.9185
440094.00000 4372362.00000 -99.1485
440094.00000 4372366.00000 -99.4082
440094.00000 4372370.00000 -99.8277
440094.00000 4372374.00000 -100.0063
440094.00000 4372378.00000 -100.2633
440094.00000 4372382.00000 -100.5737
440094.00000 4372386.00000 -100.9127
440094.00000 4372390.00000 -101.2269
440094.00000 4372394.00000 -101.4660
440094.00000 4372398.00000 -101.7345
440094.00000 4372402.00000 -101.9368
440094.00000 4372406.00000 -101.9883
440094.00000 4372410.00000 -102.3285
440094.00000 4372414.00000 -102.4469
440094.00000 4372418.00000 -102.5183
440094.00000 4372422.00000 -102.8594
440094.00000 4372426.00000 -103.2708
440094.00000 4372430.00000 -102.7788
440094.00000 4372434.00000 -102.9235
440094.00000 4372438.00000 -103.9744
440094.00000 4372442.00000 -104.1383
440094.00000 4372446.00000 -104.3475
440094.00000 4372450.00000 -104.4293
440094.00000 4372454.00000 -104.3776
440094.00000 4372458.00000 -104.6541
440094.00000 4372462.00000 -105.0108
440094.00000 4372466.00000 -105.3022
440094.00000 4372470.00000 -105.5018
440094.00000 4372474.00000 -105.6686
440094.00000 4372478.00000 -105.8583
440098.00000 4371970.00000 -131.4463
440098.00000 4371974.00000 -139.5043
440098.00000 4371978.00000 N.C.
440098.00000 4371982.00000 N.C.
440098.00000 4371986.00000 N.C.
440098.00000 4371990.00000 N.C.
440098.00000 4371994.00000 N.C.
440098.00000 4371998.00000 -119.9418
440098.00000 4372002.00000 -119.2168
440098.00000 4372006.00000 -115.5725
440098.00000 4372010.00000 -118.1452
440098.00000 4372014.00000 -118.5034
440098.00000 4372018.00000 -118.2880
440098.00000 4372022.00000 -117.4529
440098.00000 4372026.00000 -113.9505
440098.00000 4372030.00000 -114.3599
440098.00000 4372034.00000 -114.0593
440098.00000 4372038.00000 -114.3129
440098.00000 4372042.00000 -114.3657
440098.00000 4372046.00000 -113.3459
440098.00000 4372050.00000 -114.1193
440098.00000 4372054.00000 -113.9552
440098.00000 4372058.00000 -113.9763
440098.00000 4372062.00000 -114.7283
440098.00000 4372066.00000 -113.8222
440098.00000 4372070.00000 -114.2502
440098.00000 4372074.00000 -114.2304
440098.00000 4372078.00000 -114.9453
440098.00000 4372082.00000 -114.6150
440098.00000 4372086.00000 -114.5052
440098.00000 4372090.00000 -112.4991
440098.00000 4372094.00000 -110.8401
440098.00000 4372098.00000 -104.2788
440098.00000 4372102.00000 -103.5942
440098.00000 4372106.00000 -111.2661
440098.00000 4372110.00000 -112.3112
440098.00000 4372114.00000 -111.8110
440098.00000 4372118.00000 -111.2252
440098.00000 4372122.00000 -111.8811
440098.00000 4372126.00000 -114.0647
440098.00000 4372130.00000 -109.8622
440098.00000 4372134.00000 -109.9441
440098.00000 4372138.00000 -114.1641
440098.00000 4372142.00000 -113.0815
440098.00000 4372146.00000 -112.6144
440098.00000 4372150.00000 -106.7735
440098.00000 4372154.00000 -102.5893
440098.00000 4372158.00000 -106.4212
440098.00000 4372162.00000 -104.1782
440098.00000 4372166.00000 -94.3757
440098.00000 4372170.00000 -90.3084
440098.00000 4372174.00000 -89.5375
440098.00000 4372178.00000 -89.8833
440098.00000 4372182.00000 -88.5166
440098.00000 4372186.00000 -88.3454
440098.00000 4372190.00000 -88.2730
440098.00000 4372194.00000 -86.8387
440098.00000 4372198.00000 N.C.
440098.00000 4372202.00000 N.C.
440098.00000 4372206.00000 -85.3872
440098.00000 4372210.00000 -85.8862
440098.00000 4372214.00000 -85.5924
440098.00000 4372218.00000 -85.4094
440098.00000 4372222.00000 -85.3453
440098.00000 4372226.00000 -85.3513
440098.00000 4372230.00000 -85.4658
440098.00000 4372234.00000 -85.6597
440098.00000 4372238.00000 -85.9642
440098.00000 4372242.00000 -86.3198
440098.00000 4372246.00000 -86.7414
440098.00000 4372250.00000 -87.2210
440098.00000 4372254.00000 -87.7446
440098.00000 4372258.00000 -88.2713
440098.00000 4372262.00000 -88.8011
440098.00000 4372266.00000 -89.3257
440098.00000 4372270.00000 -89.8978
440098.00000 4372274.00000 -90.4349
440098.00000 4372278.00000 -90.9620
440098.00000 4372282.00000 -91.4758
440098.00000 4372286.00000 -91.9951
440098.00000 4372290.00000 -92.4928
440098.00000 4372294.00000 -92.9788
440098.00000 4372298.00000 -93.4317
440098.00000 4372302.00000 -93.8744
440098.00000 4372306.00000 -94.3259
440098.00000 4372310.00000 -94.7792
440098.00000 4372314.00000 -95.2015
440098.00000 4372318.00000 -95.6007
440098.00000 4372322.00000 -95.9883
440098.00000 4372326.00000 -96.3797
440098.00000 4372330.00000 -96.7433
440098.00000 4372334.00000 -97.1034
440098.00000 4372338.00000 -97.4649
440098.00000 4372342.00000 -97.8086
440098.00000 4372346.00000 -98.0633
440098.00000 4372350.00000 -98.3814
440098.00000 4372354.00000 -98.6805
440098.00000 4372358.00000 -99.0035
440098.00000 4372362.00000 -99.2066
440098.00000 4372366.00000 -99.4646
440098.00000 4372370.00000 -99.6937
440098.00000 4372374.00000 -99.9780
440098.00000 4372378.00000 -100.3008
440098.00000 4372382.00000 -100.5802
440098.00000 4372386.00000 -100.9381
440098.00000 4372390.00000 -101.2363
440098.00000 4372394.00000 -101.5086
440098.00000 4372398.00000 -101.7608
440098.00000 4372402.00000 -101.8961
440098.00000 4372406.00000 -102.0656
440098.00000 4372410.00000 -102.2641
440098.00000 4372414.00000 -102.4786
440098.00000 4372418.00000 -102.6574
440098.00000 4372422.00000 -102.7582
440098.00000 4372426.00000 -103.2128
440098.00000 4372430.00000 -103.4535
440098.00000 4372434.00000 -103.7196
440098.00000 4372438.00000 -103.1687
440098.00000 4372442.00000 -103.4467
440098.00000 4372446.00000 -104.4270
440098.00000 4372450.00000 -104.5017
440098.00000 4372454.00000 -104.2094
440098.00000 4372458.00000 -104.6779
440098.00000 4372462.00000 -105.0899
440098.00000 4372466.00000 -105.2651
440098.00000 4372470.00000 -105.5218
440098.00000 4372474.00000 -105.7143
440098.00000 4372478.00000 -105.9106
440102.00000 4371970.00000 -128.0682
440102.00000 4371974.00000 N.C.
440102.00000 4371978.00000 N.C.
440102.00000 4371982.00000 N.C.
440102.00000 4371986.00000 N.C.
440102.00000 4371990.00000 N.C.
440102.00000 4371994.00000 N.C.
440102.00000 4371998.00000 -116.4324
440102.00000 4372002.00000 -116.1097
440102.00000 4372006.00000 -115.2357
440102.00000 4372010.00000 -113.6639
440102.00000 4372014.00000 -113.4311
440102.00000 4372018.00000 -113.0178
440102.00000 4372022.00000 -112.5254
440102.00000 4372026.00000 -113.9859
440102.00000 4372030.00000 -113.7381
440102.00000 4372034.00000 -113.6613
440102.00000 4372038.00000 -112.5784
440102.00000 4372042.00000 -113.8694
440102.00000 4372046.00000 -114.1407
440102.00000 4372050.00000 -114.1393
440102.00000 4372054.00000 -114.2539
440102.00000 4372058.00000 -113.6150
440102.00000 4372062.00000 -115.0665
440102.00000 4372066.00000 -113.0871
440102.00000 4372070.00000 -113.4722
440102.00000 4372074.00000 -112.4473
440102.00000 4372078.00000 -105.9409
440102.00000 4372082.00000 -104.8896
440102.00000 4372086.00000 -104.6267
440102.00000 4372090.00000 -111.2475
440102.00000 4372094.00000 -111.5037
440102.00000 4372098.00000 -113.8809
440102.00000 4372102.00000 -114.0792
440102.00000 4372106.00000 -113.5374
440102.00000 4372110.00000 N.C.
440102.00000 4372114.00000 N.C.
440102.00000 4372118.00000 -111.5835
440102.00000 4372122.00000 -126.3045
440102.00000 4372126.00000 N.C.
440102.00000 4372130.00000 N.C.
440102.00000 4372134.00000 -116.1052
440102.00000 4372138.00000 -114.4649
440102.00000 4372142.00000 -112.2382
440102.00000 4372146.00000 -110.5310
440102.00000 4372150.00000 -106.7562
440102.00000 4372154.00000 -107.2486
440102.00000 4372158.00000 -95.3797
440102.00000 4372162.00000 -91.0897
440102.00000 4372166.00000 N.C.
440102.00000 4372170.00000 N.C.
440102.00000 4372174.00000 N.C.
440102.00000 4372178.00000 -89.9822
440102.00000 4372182.00000 -89.5802
440102.00000 4372186.00000 -88.9343
440102.00000 4372190.00000 -88.2146
440102.00000 4372194.00000 -101.0097
440102.00000 4372198.00000 -108.9254
440102.00000 4372202.00000 N.C.
440102.00000 4372206.00000 -86.4524
440102.00000 4372210.00000 -86.7129
440102.00000 4372214.00000 -86.5061
440102.00000 4372218.00000 -86.2185
440102.00000 4372222.00000 -86.2028
440102.00000 4372226.00000 -86.2260
440102.00000 4372230.00000 -86.3190
440102.00000 4372234.00000 -86.4927
440102.00000 4372238.00000 -86.7500
440102.00000 4372242.00000 -87.0687
440102.00000 4372246.00000 -87.4299
440102.00000 4372250.00000 -87.8301
440102.00000 4372254.00000 -88.2492
440102.00000 4372258.00000 -88.7432
440102.00000 4372262.00000 -89.2428
440102.00000 4372266.00000 -89.7064
440102.00000 4372270.00000 -90.2731
440102.00000 4372274.00000 -90.8103
440102.00000 4372278.00000 -91.3039
440102.00000 4372282.00000 -91.7843
440102.00000 4372286.00000 -92.2603
440102.00000 4372290.00000 -92.7337
440102.00000 4372294.00000 -93.1894
440102.00000 4372298.00000 -93.6231
440102.00000 4372302.00000 -94.0861
440102.00000 4372306.00000 -94.5056
440102.00000 4372310.00000 -94.9549
440102.00000 4372314.00000 -95.3506
440102.00000 4372318.00000 -95.7456
440102.00000 4372322.00000 -96.1325
440102.00000 4372326.00000 -96.5113
440102.00000 4372330.00000 -96.8778
440102.00000 4372334.00000 -97.2355
440102.00000 4372338.00000 -97.5813
440102.00000 4372342.00000 -97.8945
440102.00000 4372346.00000 -98.1997
440102.00000 4372350.00000 -98.5121
440102.00000 4372354.00000 -98.7667
440102.00000 4372358.00000 -99.0720
440102.00000 4372362.00000 -99.3785
440102.00000 4372366.00000 -99.5669
440102.00000 4372370.00000 -99.7883
440102.00000 4372374.00000 -100.0408
440102.00000 4372378.00000 -100.2737
440102.00000 4372382.00000 -100.5503
440102.00000 4372386.00000 -100.8601
440102.00000 4372390.00000 -101.1968
440102.00000 4372394.00000 -101.5871
440102.00000 4372398.00000 -101.8188
440102.00000 4372402.00000 -102.0223
440102.00000 4372406.00000 -102.1426
440102.00000 4372410.00000 -102.4092
440102.00000 4372414.00000 -102.6265
440102.00000 4372418.00000 -102.7860
440102.00000 4372422.00000 -102.9773
440102.00000 4372426.00000 -103.1329
440102.00000 4372430.00000 -103.5888
440102.00000 4372434.00000 -103.8073
440102.00000 4372438.00000 -103.9933
440102.00000 4372442.00000 -104.1601
440102.00000 4372446.00000 -103.6673
440102.00000 4372450.00000 -103.8927
440102.00000 4372454.00000 -104.3166
440102.00000 4372458.00000 -104.4912
440102.00000 4372462.00000 -104.8907
440102.00000 4372466.00000 -105.0299
440102.00000 4372470.00000 -105.5254
440102.00000 4372474.00000 -105.7305
440102.00000 4372478.00000 -105.9132
440106.00000 4371970.00000 -125.0549
440106.00000 4371974.00000 -114.9366
440106.00000 4371978.00000 -107.5927
440106.00000 4371982.00000 -108.9924
440106.00000 4371986.00000 -116.3125
440106.00000 4371990.00000 -112.8613
440106.00000 4371994.00000 -112.1567
440106.00000 4371998.00000 -112.2497
440106.00000 4372002.00000 -112.0260
440106.00000 4372006.00000 -112.3613
440106.00000 4372010.00000 -112.2612
440106.00000 4372014.00000 -113.0643
440106.00000 4372018.00000 -113.6235
440106.00000 4372022.00000 -113.8428
440106.00000 4372026.00000 -114.3494
440106.00000 4372030.00000 -113.3456
440106.00000 4372034.00000 -115.4175
440106.00000 4372038.00000 -116.0823
440106.00000 4372042.00000 -115.2548
440106.00000 4372046.00000 -117.5516
440106.00000 4372050.00000 -115.6314
440106.00000 4372054.00000 -115.2856
440106.00000 4372058.00000 -107.3199
440106.00000 4372062.00000 -106.0973
440106.00000 4372066.00000 -105.6065
440106.00000 4372070.00000 -110.5839
440106.00000 4372074.00000 -113.1257
440106.00000 4372078.00000 -113.2083
440106.00000 4372082.00000 -113.7722
440106.00000 4372086.00000 -118.1244
440106.00000 4372090.00000 -120.5289
440106.00000 4372094.00000 N.C.
440106.00000 4372098.00000 N.C.
440106.00000 4372102.00000 N.C.
440106.00000 4372106.00000 N.C.
440106.00000 4372110.00000 -128.7861
440106.00000 4372114.00000 N.C.
440106.00000 4372118.00000 -123.3095
440106.00000 4372122.00000 -123.0485
440106.00000 4372126.00000 -117.9461
440106.00000 4372130.00000 -114.1414
440106.00000 4372134.00000 -112.1990
440106.00000 4372138.00000 -110.8383
440106.00000 4372142.00000 -109.4874
440106.00000 4372146.00000 -105.3367
440106.00000 4372150.00000 -102.6185
440106.00000 4372154.00000 -96.3283
440106.00000 4372158.00000 N.C.
440106.00000 4372162.00000 N.C.
440106.00000 4372166.00000 N.C.
440106.00000 4372170.00000 N.C.
440106.00000 4372174.00000 N.C.
440106.00000 4372178.00000 N.C.
440106.00000 4372182.00000 N.C.
440106.00000 4372186.00000 N.C.
440106.00000 4372190.00000 N.C.
440106.00000 4372194.00000 -98.5016
440106.00000 4372198.00000 N.C.
440106.00000 4372202.00000 -87.6653
440106.00000 4372206.00000 -87.8381
440106.00000 4372210.00000 -87.5461
440106.00000 4372214.00000 -87.1809
440106.00000 4372218.00000 -87.1166
440106.00000 4372222.00000 -87.1018
440106.00000 4372226.00000 -87.1017
440106.00000 4372230.00000 -87.1018
440106.00000 4372234.00000 -87.2693
440106.00000 4372238.00000 -87.4977
440106.00000 4372242.00000 -87.7811
440106.00000 4372246.00000 -88.1032
440106.00000 4372250.00000 -88.4715
440106.00000 4372254.00000 -88.8479
440106.00000 4372258.00000 -89.2737
440106.00000 4372262.00000 -89.7416
440106.00000 4372266.00000 -90.1916
440106.00000 4372270.00000 -90.5655
440106.00000 4372274.00000 -91.0788
440106.00000 4372278.00000 -91.6595
440106.00000 4372282.00000 -92.1155
440106.00000 4372286.00000 -92.5705
440106.00000 4372290.00000 -93.0188
440106.00000 4372294.00000 -93.4582
440106.00000 4372298.00000 -93.8824
440106.00000 4372302.00000 -94.2979
440106.00000 4372306.00000 -94.6847
440106.00000 4372310.00000 -95.1080
440106.00000 4372314.00000 -95.4749
440106.00000 4372318.00000 -95.9068
440106.00000 4372322.00000 -96.2877
440106.00000 4372326.00000 -96.6513
440106.00000 4372330.00000 -97.0100
440106.00000 4372334.00000 -97.3240
440106.00000 4372338.00000 -97.6625
440106.00000 4372342.00000 -97.9875
440106.00000 4372346.00000 -98.3087
440106.00000 4372350.00000 -98.6208
440106.00000 4372354.00000 -98.9415
440106.00000 4372358.00000 -99.2504
440106.00000 4372362.00000 -99.5360
440106.00000 4372366.00000 -99.7421
440106.00000 4372370.00000 -99.9839
440106.00000 4372374.00000 -100.1220
440106.00000 4372378.00000 -100.4436
440106.00000 4372382.00000 -100.7065
440106.00000 4372386.00000 -100.8971
440106.00000 4372390.00000 -101.2113
440106.00000 4372394.00000 -101.5100
440106.00000 4372398.00000 -101.7579
440106.00000 4372402.00000 -102.0539
440106.00000 4372406.00000 -102.2170
440106.00000 4372410.00000 -102.3953
440106.00000 4372414.00000 -102.7001
440106.00000 4372418.00000 -102.7815
440106.00000 4372422.00000 -102.9226
440106.00000 4372426.00000 -103.2459
440106.00000 4372430.00000 -103.3909
440106.00000 4372434.00000 -103.7835
440106.00000 4372438.00000 -104.0333
440106.00000 4372442.00000 -104.2426
440106.00000 4372446.00000 -104.4494
440106.00000 4372450.00000 -104.5937
440106.00000 4372454.00000 -104.1210
440106.00000 4372458.00000 -103.8995
440106.00000 4372462.00000 -104.0877
440106.00000 4372466.00000 -105.0510
440106.00000 4372470.00000 -105.2399
440106.00000 4372474.00000 -105.7807
440106.00000 4372478.00000 -105.9303
440110.00000 4371970.00000 -123.4911
440110.00000 4371974.00000 N.C.
440110.00000 4371978.00000 N.C.
440110.00000 4371982.00000 -116.6454
440110.00000 4371986.00000 N.C.
440110.00000 4371990.00000 -115.7259
440110.00000 4371994.00000 -112.4603
440110.00000 4371998.00000 -112.1871
440110.00000 4372002.00000 -112.8079
440110.00000 4372006.00000 -114.1248
440110.00000 4372010.00000 -119.3316
440110.00000 4372014.00000 -116.4417
440110.00000 4372018.00000 N.C.
440110.00000 4372022.00000 N.C.
440110.00000 4372026.00000 N.C.
440110.00000 4372030.00000 N.C.
440110.00000 4372034.00000 N.C.
440110.00000 4372038.00000 -118.1089
440110.00000 4372042.00000 -122.6740
440110.00000 4372046.00000 -131.3590
440110.00000 4372050.00000 N.C.
440110.00000 4372054.00000 N.C.
440110.00000 4372058.00000 N.C.
440110.00000 4372062.00000 -115.2250
440110.00000 4372066.00000 -116.3390
440110.00000 4372070.00000 -115.2792
440110.00000 4372074.00000 -117.3164
440110.00000 4372078.00000 -116.0976
440110.00000 4372082.00000 -115.8432
440110.00000 4372086.00000 -119.0003
440110.00000 4372090.00000 N.C.
440110.00000 4372094.00000 -142.5373
440110.00000 4372098.00000 N.C.
440110.00000 4372102.00000 N.C.
440110.00000 4372106.00000 -105.9328
440110.00000 4372110.00000 -129.5852
440110.00000 4372114.00000 N.C.
440110.00000 4372118.00000 -115.8109
440110.00000 4372122.00000 -113.7804
440110.00000 4372126.00000 -111.4683
440110.00000 4372130.00000 -110.3419
440110.00000 4372134.00000 -108.1651
440110.00000 4372138.00000 -103.6845
440110.00000 4372142.00000 -97.6196
440110.00000 4372146.00000 -97.5583
440110.00000 4372150.00000 -93.8410
440110.00000 4372154.00000 -102.3308
440110.00000 4372158.00000 -114.3975
440110.00000 4372162.00000 -115.7671
440110.00000 4372166.00000 N.C.
440110.00000 4372170.00000 N.C.
440110.00000 4372174.00000 -131.9344
440110.00000 4372178.00000 N.C.
440110.00000 4372182.00000 N.C.
440110.00000 4372186.00000 N.C.
440110.00000 4372190.00000 N.C.
440110.00000 4372194.00000 N.C.
440110.00000 4372198.00000 N.C.
440110.00000 4372202.00000 -87.6905
440110.00000 4372206.00000 -88.3207
440110.00000 4372210.00000 -88.1357
440110.00000 4372214.00000 -87.9582
440110.00000 4372218.00000 -87.9191
440110.00000 4372222.00000 -87.6932
440110.00000 4372226.00000 -87.8795
440110.00000 4372230.00000 -87.9592
440110.00000 4372234.00000 -88.0886
440110.00000 4372238.00000 -88.1936
440110.00000 4372242.00000 -88.4448
440110.00000 4372246.00000 -88.7552
440110.00000 4372250.00000 -89.0838
440110.00000 4372254.00000 -89.4392
440110.00000 4372258.00000 -89.7973
440110.00000 4372262.00000 -90.2330
440110.00000 4372266.00000 -90.6544
440110.00000 4372270.00000 -91.0754
440110.00000 4372274.00000 -91.4084
440110.00000 4372278.00000 -91.9995
440110.00000 4372282.00000 -92.4656
440110.00000 4372286.00000 -92.8730
440110.00000 4372290.00000 -93.3055
440110.00000 4372294.00000 -93.7269
440110.00000 4372298.00000 -94.1227
440110.00000 4372302.00000 -94.5404
440110.00000 4372306.00000 -94.9199
440110.00000 4372310.00000 -95.3091
440110.00000 4372314.00000 -95.7057
440110.00000 4372318.00000 -96.0693
440110.00000 4372322.00000 -96.4040
440110.00000 4372326.00000 -96.7741
440110.00000 4372330.00000 -97.1033
440110.00000 4372334.00000 -97.4601
440110.00000 4372338.00000 -97.7807
440110.00000 4372342.00000 -98.1256
440110.00000 4372346.00000 -98.4343
440110.00000 4372350.00000 -98.7337
440110.00000 4372354.00000 -99.0279
440110.00000 4372358.00000 -99.3164
440110.00000 4372362.00000 -99.6083
440110.00000 4372366.00000 -99.8209
440110.00000 4372370.00000 -100.0830
440110.00000 4372374.00000 -100.2425
440110.00000 4372378.00000 -100.4659
440110.00000 4372382.00000 -100.7836
440110.00000 4372386.00000 -100.9934
440110.00000 4372390.00000 -101.2971
440110.00000 4372394.00000 -101.5447
440110.00000 4372398.00000 -101.8702
440110.00000 4372402.00000 -102.0711
440110.00000 4372406.00000 -102.2531
440110.00000 4372410.00000 -102.3482
440110.00000 4372414.00000 -102.6231
440110.00000 4372418.00000 -102.9447
440110.00000 4372422.00000 -103.0925
440110.00000 4372426.00000 -103.2480
440110.00000 4372430.00000 -103.4685
440110.00000 4372434.00000 -103.9007
440110.00000 4372438.00000 -104.0253
440110.00000 4372442.00000 -104.2691
440110.00000 4372446.00000 -104.4866
440110.00000 4372450.00000 -104.6563
440110.00000 4372454.00000 -104.8538
440110.00000 4372458.00000 -104.8354
440110.00000 4372462.00000 -104.0904
440110.00000 4372466.00000 -104.4249
440110.00000 4372470.00000 -105.2024
440110.00000 4372474.00000 -105.4378
440110.00000 4372478.00000 -105.9159
440114.00000 4371970.00000 -134.1163
440114.00000 4371974.00000 N.C.
440114.00000 4371978.00000 -121.3671
440114.00000 4371982.00000 -122.2367
440114.00000 4371986.00000 N.C.
440114.00000 4371990.00000 -114.2438
440114.00000 4371994.00000 -114.3656
440114.00000 4371998.00000 -117.8248
440114.00000 4372002.00000 -122.8799
440114.00000 4372006.00000 -122.2842
440114.00000 4372010.00000 -116.4943
440114.00000 4372014.00000 -119.0515
440114.00000 4372018.00000 N.C.
440114.00000 4372022.00000 N.C.
440114.00000 4372026.00000 -121.1210
440114.00000 4372030.00000 -119.1301
440114.00000 4372034.00000 -121.4165
440114.00000 4372038.00000 -116.3093
440114.00000 4372042.00000 -129.4649
440114.00000 4372046.00000 -128.8847
440114.00000 4372050.00000 N.C.
440114.00000 4372054.00000 -115.7922
440114.00000 4372058.00000 -114.7159
440114.00000 4372062.00000 -115.9825
440114.00000 4372066.00000 -115.7799
440114.00000 4372070.00000 -116.4544
440114.00000 4372074.00000 -119.4679
440114.00000 4372078.00000 N.C.
440114.00000 4372082.00000 N.C.
440114.00000 4372086.00000 -132.8155
440114.00000 4372090.00000 N.C.
440114.00000 4372094.00000 N.C.
440114.00000 4372098.00000 -119.5581
440114.00000 4372102.00000 -104.1359
440114.00000 4372106.00000 -122.0399
440114.00000 4372110.00000 -125.8088
440114.00000 4372114.00000 N.C.
440114.00000 4372118.00000 -110.5603
440114.00000 4372122.00000 -108.5904
440114.00000 4372126.00000 -105.7566
440114.00000 4372130.00000 -99.1923
440114.00000 4372134.00000 -102.4866
440114.00000 4372138.00000 -99.1062
440114.00000 4372142.00000 -94.5743
440114.00000 4372146.00000 -94.3974
440114.00000 4372150.00000 -105.1884
440114.00000 4372154.00000 -113.7422
440114.00000 4372158.00000 -115.6050
440114.00000 4372162.00000 -116.0300
440114.00000 4372166.00000 N.C.
440114.00000 4372170.00000 N.C.
440114.00000 4372174.00000 -131.6322
440114.00000 4372178.00000 N.C.
440114.00000 4372182.00000 N.C.
440114.00000 4372186.00000 N.C.
440114.00000 4372190.00000 N.C.
440114.00000 4372194.00000 N.C.
440114.00000 4372198.00000 N.C.
440114.00000 4372202.00000 -88.6404
440114.00000 4372206.00000 -89.2100
440114.00000 4372210.00000 -89.0015
440114.00000 4372214.00000 -88.8278
440114.00000 4372218.00000 -88.6633
440114.00000 4372222.00000 -88.6112
440114.00000 4372226.00000 -88.4998
440114.00000 4372230.00000 -88.3955
440114.00000 4372234.00000 -88.7085
440114.00000 4372238.00000 -88.8929
440114.00000 4372242.00000 -89.1118
440114.00000 4372246.00000 -89.3702
440114.00000 4372250.00000 -89.6495
440114.00000 4372254.00000 -90.0022
440114.00000 4372258.00000 -90.3147
440114.00000 4372262.00000 -90.7288
440114.00000 4372266.00000 -91.1169
440114.00000 4372270.00000 -91.5106
440114.00000 4372274.00000 -91.8896
440114.00000 4372278.00000 -92.2843
440114.00000 4372282.00000 -92.7690
440114.00000 4372286.00000 -93.2068
440114.00000 4372290.00000 -93.6161
440114.00000 4372294.00000 -94.0114
440114.00000 4372298.00000 -94.3945
440114.00000 4372302.00000 -94.7719
440114.00000 4372306.00000 -95.1550
440114.00000 4372310.00000 -95.5275
440114.00000 4372314.00000 -95.8926
440114.00000 4372318.00000 -96.2472
440114.00000 4372322.00000 -96.5962
440114.00000 4372326.00000 -96.9629
440114.00000 4372330.00000 -97.3000
440114.00000 4372334.00000 -97.6275
440114.00000 4372338.00000 -97.9120
440114.00000 4372342.00000 -98.2381
440114.00000 4372346.00000 -98.5406
440114.00000 4372350.00000 -98.8182
440114.00000 4372354.00000 -99.1186
440114.00000 4372358.00000 -99.4316
440114.00000 4372362.00000 -99.7143
440114.00000 4372366.00000 -99.9750
440114.00000 4372370.00000 -100.1625
440114.00000 4372374.00000 -100.3253
440114.00000 4372378.00000 -100.6078
440114.00000 4372382.00000 -100.8837
440114.00000 4372386.00000 -101.0885
440114.00000 4372390.00000 -101.3338
440114.00000 4372394.00000 -101.5529
440114.00000 4372398.00000 -101.8636
440114.00000 4372402.00000 -102.0943
440114.00000 4372406.00000 -102.3366
440114.00000 4372410.00000 -102.4698
440114.00000 4372414.00000 -102.6480
440114.00000 4372418.00000 -102.8034
440114.00000 4372422.00000 -103.0264
440114.00000 4372426.00000 -103.2163
440114.00000 4372430.00000 -103.4189
440114.00000 4372434.00000 -103.8797
440114.00000 4372438.00000 -104.0247
440114.00000 4372442.00000 -104.2926
440114.00000 4372446.00000 -104.4808
440114.00000 4372450.00000 -104.7185
440114.00000 4372454.00000 -104.8849
440114.00000 4372458.00000 -105.0446
440114.00000 4372462.00000 -104.9570
440114.00000 4372466.00000 -104.8570
440114.00000 4372470.00000 -104.7112
440114.00000 4372474.00000 -104.7702
440114.00000 4372478.00000 -105.5945
440118.00000 4371970.00000 -123.5583
440118.00000 4371974.00000 N.C.
440118.00000 4371978.00000 N.C.
440118.00000 4371982.00000 -122.1975
440118.00000 4371986.00000 N.C.
440118.00000 4371990.00000 -114.6332
440118.00000 4371994.00000 -110.3526
440118.00000 4371998.00000 -112.4488
440118.00000 4372002.00000 -111.3344
440118.00000 4372006.00000 -112.8482
440118.00000 4372010.00000 -113.8208
440118.00000 4372014.00000 -112.9468
440118.00000 4372018.00000 N.C.
440118.00000 4372022.00000 N.C.
440118.00000 4372026.00000 -119.2875
440118.00000 4372030.00000 -120.6817
440118.00000 4372034.00000 -119.4472
440118.00000 4372038.00000 -108.5951
440118.00000 4372042.00000 -123.9195
440118.00000 4372046.00000 -128.0564
440118.00000 4372050.00000 N.C.
440118.00000 4372054.00000 -116.4773
440118.00000 4372058.00000 -116.5822
440118.00000 4372062.00000 -113.1803
440118.00000 4372066.00000 -116.5191
440118.00000 4372070.00000 -115.0953
440118.00000 4372074.00000 -117.1976
440118.00000 4372078.00000 N.C.
440118.00000 4372082.00000 N.C.
440118.00000 4372086.00000 -124.0377
440118.00000 4372090.00000 N.C.
440118.00000 4372094.00000 N.C.
440118.00000 4372098.00000 -104.0652
440118.00000 4372102.00000 -119.4488
440118.00000 4372106.00000 -115.9644
440118.00000 4372110.00000 -119.7786
440118.00000 4372114.00000 N.C.
440118.00000 4372118.00000 -100.2390
440118.00000 4372122.00000 -96.7838
440118.00000 4372126.00000 -104.9208
440118.00000 4372130.00000 -99.7232
440118.00000 4372134.00000 -95.6226
440118.00000 4372138.00000 -95.3203
440118.00000 4372142.00000 -103.7809
440118.00000 4372146.00000 -108.8690
440118.00000 4372150.00000 -113.9413
440118.00000 4372154.00000 -116.2509
440118.00000 4372158.00000 -117.2750
440118.00000 4372162.00000 -117.7297
440118.00000 4372166.00000 N.C.
440118.00000 4372170.00000 N.C.
440118.00000 4372174.00000 -129.8765
440118.00000 4372178.00000 N.C.
440118.00000 4372182.00000 N.C.
440118.00000 4372186.00000 N.C.
440118.00000 4372190.00000 N.C.
440118.00000 4372194.00000 N.C.
440118.00000 4372198.00000 N.C.
440118.00000 4372202.00000 -88.8003
440118.00000 4372206.00000 -89.8156
440118.00000 4372210.00000 -89.6684
440118.00000 4372214.00000 -89.5244
440118.00000 4372218.00000 -89.3772
440118.00000 4372222.00000 -89.3368
440118.00000 4372226.00000 -89.3707
440118.00000 4372230.00000 -89.4146
440118.00000 4372234.00000 -89.3842
440118.00000 4372238.00000 -89.6102
440118.00000 4372242.00000 -89.8208
440118.00000 4372246.00000 -89.9359
440118.00000 4372250.00000 -90.1766
440118.00000 4372254.00000 -90.3866
440118.00000 4372258.00000 -90.8027
440118.00000 4372262.00000 -91.1381
440118.00000 4372266.00000 -91.5636
440118.00000 4372270.00000 -91.9433
440118.00000 4372274.00000 -92.3066
440118.00000 4372278.00000 -92.7475
440118.00000 4372282.00000 -93.0276
440118.00000 4372286.00000 -93.4961
440118.00000 4372290.00000 -93.9202
440118.00000 4372294.00000 -94.2840
440118.00000 4372298.00000 -94.6687
440118.00000 4372302.00000 -95.0351
440118.00000 4372306.00000 -95.3756
440118.00000 4372310.00000 -95.7250
440118.00000 4372314.00000 -96.0788
440118.00000 4372318.00000 -96.4340
440118.00000 4372322.00000 -96.7870
440118.00000 4372326.00000 -97.1329
440118.00000 4372330.00000 -97.4570
440118.00000 4372334.00000 -97.7825
440118.00000 4372338.00000 -98.0710
440118.00000 4372342.00000 -98.3702
440118.00000 4372346.00000 -98.6848
440118.00000 4372350.00000 -98.9756
440118.00000 4372354.00000 -99.2302
440118.00000 4372358.00000 -99.5206
440118.00000 4372362.00000 -99.7681
440118.00000 4372366.00000 -100.0246
440118.00000 4372370.00000 -100.2546
440118.00000 4372374.00000 -100.5373
440118.00000 4372378.00000 -100.7431
440118.00000 4372382.00000 -100.9481
440118.00000 4372386.00000 -101.1763
440118.00000 4372390.00000 -101.4401
440118.00000 4372394.00000 -101.7046
440118.00000 4372398.00000 -101.9175
440118.00000 4372402.00000 -102.2244
440118.00000 4372406.00000 -102.4282
440118.00000 4372410.00000 -102.6085
440118.00000 4372414.00000 -102.6770
440118.00000 4372418.00000 -102.9767
440118.00000 4372422.00000 -103.2411
440118.00000 4372426.00000 -103.3698
440118.00000 4372430.00000 -103.5168
440118.00000 4372434.00000 -103.6845
440118.00000 4372438.00000 -104.0461
440118.00000 4372442.00000 -104.2561
440118.00000 4372446.00000 -104.4425
440118.00000 4372450.00000 -104.5596
440118.00000 4372454.00000 -104.7600
440118.00000 4372458.00000 -105.0733
440118.00000 4372462.00000 -105.2480
440118.00000 4372466.00000 -104.9215
440118.00000 4372470.00000 -105.1053
440118.00000 4372474.00000 -105.4975
440118.00000 4372478.00000 -105.0051
440122.00000 4371970.00000 -120.1708
440122.00000 4371974.00000 -110.5011
440122.00000 4371978.00000 N.C.
440122.00000 4371982.00000 N.C.
440122.00000 4371986.00000 N.C.
440122.00000 4371990.00000 -113.5944
440122.00000 4371994.00000 -112.5690
440122.00000 4371998.00000 -114.9891
440122.00000 4372002.00000 -116.7594
440122.00000 4372006.00000 -114.0249
440122.00000 4372010.00000 -113.7715
440122.00000 4372014.00000 -113.0419
440122.00000 4372018.00000 N.C.
440122.00000 4372022.00000 N.C.
440122.00000 4372026.00000 -121.0096
440122.00000 4372030.00000 -119.8146
440122.00000 4372034.00000 -119.5253
440122.00000 4372038.00000 -118.1483
440122.00000 4372042.00000 -117.5658
440122.00000 4372046.00000 -127.7294
440122.00000 4372050.00000 N.C.
440122.00000 4372054.00000 N.C.
440122.00000 4372058.00000 N.C.
440122.00000 4372062.00000 N.C.
440122.00000 4372066.00000 -112.5940
440122.00000 4372070.00000 N.C.
440122.00000 4372074.00000 -109.4903
440122.00000 4372078.00000 N.C.
440122.00000 4372082.00000 N.C.
440122.00000 4372086.00000 -132.0147
440122.00000 4372090.00000 N.C.
440122.00000 4372094.00000 N.C.
440122.00000 4372098.00000 N.C.
440122.00000 4372102.00000 N.C.
440122.00000 4372106.00000 -107.3321
440122.00000 4372110.00000 -97.5390
440122.00000 4372114.00000 -104.8115
440122.00000 4372118.00000 -104.5118
440122.00000 4372122.00000 -100.4582
440122.00000 4372126.00000 -96.5105
440122.00000 4372130.00000 -96.1761
440122.00000 4372134.00000 -95.7880
440122.00000 4372138.00000 -100.6860
440122.00000 4372142.00000 -108.3312
440122.00000 4372146.00000 -115.8940
440122.00000 4372150.00000 N.C.
440122.00000 4372154.00000 N.C.
440122.00000 4372158.00000 N.C.
440122.00000 4372162.00000 -120.0906
440122.00000 4372166.00000 N.C.
440122.00000 4372170.00000 N.C.
440122.00000 4372174.00000 N.C.
440122.00000 4372178.00000 N.C.
440122.00000 4372182.00000 N.C.
440122.00000 4372186.00000 N.C.
440122.00000 4372190.00000 N.C.
440122.00000 4372194.00000 N.C.
440122.00000 4372198.00000 N.C.
440122.00000 4372202.00000 N.C.
440122.00000 4372206.00000 N.C.
440122.00000 4372210.00000 -90.2314
440122.00000 4372214.00000 -90.1648
440122.00000 4372218.00000 -90.0576
440122.00000 4372222.00000 -90.0215
440122.00000 4372226.00000 -90.0470
440122.00000 4372230.00000 -90.0949
440122.00000 4372234.00000 -90.1795
440122.00000 4372238.00000 -90.2767
440122.00000 4372242.00000 -90.2586
440122.00000 4372246.00000 -90.6582
440122.00000 4372250.00000 -90.8977
440122.00000 4372254.00000 -91.1756
440122.00000 4372258.00000 -91.4634
440122.00000 4372262.00000 -91.6891
440122.00000 4372266.00000 -91.9800
440122.00000 4372270.00000 -92.3282
440122.00000 4372274.00000 -92.6933
440122.00000 4372278.00000 -93.1373
440122.00000 4372282.00000 -93.4680
440122.00000 4372286.00000 -93.7210
440122.00000 4372290.00000 -94.1852
440122.00000 4372294.00000 -94.5789
440122.00000 4372298.00000 -94.9356
440122.00000 4372302.00000 -95.2899
440122.00000 4372306.00000 -95.6200
440122.00000 4372310.00000 -95.9986
440122.00000 4372314.00000 -96.3259
440122.00000 4372318.00000 -96.6713
440122.00000 4372322.00000 -96.9931
440122.00000 4372326.00000 -97.3188
440122.00000 4372330.00000 -97.6356
440122.00000 4372334.00000 -97.9511
440122.00000 4372338.00000 -98.2488
440122.00000 4372342.00000 -98.5289
440122.00000 4372346.00000 -98.8119
440122.00000 4372350.00000 -99.0952
440122.00000 4372354.00000 -99.3586
440122.00000 4372358.00000 -99.6355
440122.00000 4372362.00000 -99.8583
440122.00000 4372366.00000 -100.1243
440122.00000 4372370.00000 -100.3617
440122.00000 4372374.00000 -100.5988
440122.00000 4372378.00000 -100.7332
440122.00000 4372382.00000 -101.0745
440122.00000 4372386.00000 -101.2421
440122.00000 4372390.00000 -101.4640
440122.00000 4372394.00000 -101.7535
440122.00000 4372398.00000 -101.9712
440122.00000 4372402.00000 -102.2456
440122.00000 4372406.00000 -102.5363
440122.00000 4372410.00000 -102.7159
440122.00000 4372414.00000 -102.8602
440122.00000 4372418.00000 -103.0882
440122.00000 4372422.00000 -103.2269
440122.00000 4372426.00000 -103.4202
440122.00000 4372430.00000 -103.5533
440122.00000 4372434.00000 -103.8047
440122.00000 4372438.00000 -104.1087
440122.00000 4372442.00000 -104.3026
440122.00000 4372446.00000 -104.5012
440122.00000 4372450.00000 -104.6140
440122.00000 4372454.00000 -104.7816
440122.00000 4372458.00000 -104.9613
440122.00000 4372462.00000 -105.2413
440122.00000 4372466.00000 -105.2445
440122.00000 4372470.00000 -105.0638
440122.00000 4372474.00000 -105.2749
440122.00000 4372478.00000 -105.7135
440126.00000 4371970.00000 -104.0681
440126.00000 4371974.00000 -115.4710
440126.00000 4371978.00000 -116.7021
440126.00000 4371982.00000 -109.0379
440126.00000 4371986.00000 -116.8910
440126.00000 4371990.00000 -113.1571
440126.00000 4371994.00000 -114.4458
440126.00000 4371998.00000 N.C.
440126.00000 4372002.00000 -111.0448
440126.00000 4372006.00000 -112.5479
440126.00000 4372010.00000 -114.1038
440126.00000 4372014.00000 -115.8137
440126.00000 4372018.00000 N.C.
440126.00000 4372022.00000 N.C.
440126.00000 4372026.00000 N.C.
440126.00000 4372030.00000 -118.2070
440126.00000 4372034.00000 -118.1380
440126.00000 4372038.00000 -117.5535
440126.00000 4372042.00000 -117.3228
440126.00000 4372046.00000 -112.1593
440126.00000 4372050.00000 -111.5629
440126.00000 4372054.00000 -113.5716
440126.00000 4372058.00000 -112.2089
440126.00000 4372062.00000 -115.5165
440126.00000 4372066.00000 N.C.
440126.00000 4372070.00000 N.C.
440126.00000 4372074.00000 -119.9557
440126.00000 4372078.00000 -129.0992
440126.00000 4372082.00000 N.C.
440126.00000 4372086.00000 -120.5584
440126.00000 4372090.00000 N.C.
440126.00000 4372094.00000 N.C.
440126.00000 4372098.00000 N.C.
440126.00000 4372102.00000 N.C.
440126.00000 4372106.00000 -105.7718
440126.00000 4372110.00000 -103.7528
440126.00000 4372114.00000 -100.4305
440126.00000 4372118.00000 -100.2684
440126.00000 4372122.00000 -97.0222
440126.00000 4372126.00000 -96.8808
440126.00000 4372130.00000 -105.7866
440126.00000 4372134.00000 -105.8358
440126.00000 4372138.00000 -109.4542
440126.00000 4372142.00000 -109.2724
440126.00000 4372146.00000 -116.1972
440126.00000 4372150.00000 N.C.
440126.00000 4372154.00000 N.C.
440126.00000 4372158.00000 N.C.
440126.00000 4372162.00000 -120.4940
440126.00000 4372166.00000 N.C.
440126.00000 4372170.00000 N.C.
440126.00000 4372174.00000 -127.3556
440126.00000 4372178.00000 -127.7983
440126.00000 4372182.00000 -138.8714
440126.00000 4372186.00000 N.C.
440126.00000 4372190.00000 -134.0401
440126.00000 4372194.00000 N.C.
440126.00000 4372198.00000 N.C.
440126.00000 4372202.00000 N.C.
440126.00000 4372206.00000 N.C.
440126.00000 4372210.00000 -90.7401
440126.00000 4372214.00000 -90.7904
440126.00000 4372218.00000 -90.7266
440126.00000 4372222.00000 -90.6736
440126.00000 4372226.00000 -90.6883
440126.00000 4372230.00000 -90.7314
440126.00000 4372234.00000 -90.8040
440126.00000 4372238.00000 -90.9176
440126.00000 4372242.00000 -91.0640
440126.00000 4372246.00000 -91.2209
440126.00000 4372250.00000 -91.2535
440126.00000 4372254.00000 -91.6990
440126.00000 4372258.00000 -91.9643
440126.00000 4372262.00000 -92.2726
440126.00000 4372266.00000 -92.5600
440126.00000 4372270.00000 -92.7827
440126.00000 4372274.00000 -93.1128
440126.00000 4372278.00000 -93.5291
440126.00000 4372282.00000 -93.8481
440126.00000 4372286.00000 -94.1565
440126.00000 4372290.00000 -94.3904
440126.00000 4372294.00000 -94.8172
440126.00000 4372298.00000 -95.2111
440126.00000 4372302.00000 -95.5663
440126.00000 4372306.00000 -95.8880
440126.00000 4372310.00000 -96.2306
440126.00000 4372314.00000 -96.5621
440126.00000 4372318.00000 -96.8744
440126.00000 4372322.00000 -97.1905
440126.00000 4372326.00000 -97.5184
440126.00000 4372330.00000 -97.8246
440126.00000 4372334.00000 -98.1214
440126.00000 4372338.00000 -98.4172
440126.00000 4372342.00000 -98.7081
440126.00000 4372346.00000 -98.9952
440126.00000 4372350.00000 -99.2734
440126.00000 4372354.00000 -99.5233
440126.00000 4372358.00000 -99.8011
440126.00000 4372362.00000 -100.0097
440126.00000 4372366.00000 -100.2482
440126.00000 4372370.00000 -100.5003
440126.00000 4372374.00000 -100.7039
440126.00000 4372378.00000 -100.8901
440126.00000 4372382.00000 -101.1700
440126.00000 4372386.00000 -101.3734
440126.00000 4372390.00000 -101.5653
440126.00000 4372394.00000 -101.8150
440126.00000 4372398.00000 -102.0859
440126.00000 4372402.00000 -102.2672
440126.00000 4372406.00000 -102.5255
440126.00000 4372410.00000 -102.7855
440126.00000 4372414.00000 -103.0020
440126.00000 4372418.00000 -103.1129
440126.00000 4372422.00000 -103.3653
440126.00000 4372426.00000 -103.6478
440126.00000 4372430.00000 -103.7585
440126.00000 4372434.00000 -103.8302
440126.00000 4372438.00000 -104.0380
440126.00000 4372442.00000 -104.3877
440126.00000 4372446.00000 -104.5542
440126.00000 4372450.00000 -104.7024
440126.00000 4372454.00000 -104.8506
440126.00000 4372458.00000 -105.0108
440126.00000 4372462.00000 -105.1351
440126.00000 4372466.00000 -105.3345
440126.00000 4372470.00000 -105.0635
440126.00000 4372474.00000 -105.2500
440126.00000 4372478.00000 -105.4935
440130.00000 4371970.00000 -108.3846
440130.00000 4371974.00000 N.C.
440130.00000 4371978.00000 N.C.
440130.00000 4371982.00000 N.C.
440130.00000 4371986.00000 -114.8740
440130.00000 4371990.00000 N.C.
440130.00000 4371994.00000 N.C.
440130.00000 4371998.00000 N.C.
440130.00000 4372002.00000 -114.7982
440130.00000 4372006.00000 -114.8252
440130.00000 4372010.00000 -114.0767
440130.00000 4372014.00000 -110.8449
440130.00000 4372018.00000 N.C.
440130.00000 4372022.00000 N.C.
440130.00000 4372026.00000 N.C.
440130.00000 4372030.00000 -113.9272
440130.00000 4372034.00000 -105.8244
440130.00000 4372038.00000 -105.3290
440130.00000 4372042.00000 -105.9997
440130.00000 4372046.00000 -105.5266
440130.00000 4372050.00000 -110.5786
440130.00000 4372054.00000 -107.6459
440130.00000 4372058.00000 -112.1495
440130.00000 4372062.00000 -114.7858
440130.00000 4372066.00000 N.C.
440130.00000 4372070.00000 N.C.
440130.00000 4372074.00000 -121.8764
440130.00000 4372078.00000 -122.5515
440130.00000 4372082.00000 N.C.
440130.00000 4372086.00000 N.C.
440130.00000 4372090.00000 N.C.
440130.00000 4372094.00000 N.C.
440130.00000 4372098.00000 -105.2839
440130.00000 4372102.00000 N.C.
440130.00000 4372106.00000 -101.6875
440130.00000 4372110.00000 -100.4210
440130.00000 4372114.00000 -97.7535
440130.00000 4372118.00000 -97.5278
440130.00000 4372122.00000 -97.0590
440130.00000 4372126.00000 -101.4951
440130.00000 4372130.00000 -107.5082
440130.00000 4372134.00000 -109.3380
440130.00000 4372138.00000 -109.4364
440130.00000 4372142.00000 -112.4318
440130.00000 4372146.00000 -116.7735
440130.00000 4372150.00000 N.C.
440130.00000 4372154.00000 N.C.
440130.00000 4372158.00000 N.C.
440130.00000 4372162.00000 -121.0835
440130.00000 4372166.00000 N.C.
440130.00000 4372170.00000 N.C.
440130.00000 4372174.00000 N.C.
440130.00000 4372178.00000 N.C.
440130.00000 4372182.00000 N.C.
440130.00000 4372186.00000 N.C.
440130.00000 4372190.00000 N.C.
440130.00000 4372194.00000 -103.6009
440130.00000 4372198.00000 N.C.
440130.00000 4372202.00000 N.C.
440130.00000 4372206.00000 N.C.
440130.00000 4372210.00000 -91.2901
440130.00000 4372214.00000 -91.3850
440130.00000 4372218.00000 -91.3299
440130.00000 4372222.00000 -91.2704
440130.00000 4372226.00000 -91.3094
440130.00000 4372230.00000 -91.3386
440130.00000 4372234.00000 -91.3881
440130.00000 4372238.00000 -91.5043
440130.00000 4372242.00000 -91.6458
440130.00000 4372246.00000 -91.8321
440130.00000 4372250.00000 -91.9811
440130.00000 4372254.00000 -91.9853
440130.00000 4372258.00000 -92.2026
440130.00000 4372262.00000 -92.7196
440130.00000 4372266.00000 -92.9758
440130.00000 4372270.00000 -93.3025
440130.00000 4372274.00000 -93.6171
440130.00000 4372278.00000 -93.9202
440130.00000 4372282.00000 -94.1892
440130.00000 4372286.00000 -94.5048
440130.00000 4372290.00000 -94.8360
440130.00000 4372294.00000 -95.0303
440130.00000 4372298.00000 -95.4718
440130.00000 4372302.00000 -95.8381
440130.00000 4372306.00000 -96.1430
440130.00000 4372310.00000 -96.4694
440130.00000 4372314.00000 -96.7779
440130.00000 4372318.00000 -97.0662
440130.00000 4372322.00000 -97.3864
440130.00000 4372326.00000 -97.6920
440130.00000 4372330.00000 -98.0000
440130.00000 4372334.00000 -98.3018
440130.00000 4372338.00000 -98.5811
440130.00000 4372342.00000 -98.8681
440130.00000 4372346.00000 -99.1453
440130.00000 4372350.00000 -99.4190
440130.00000 4372354.00000 -99.6658
440130.00000 4372358.00000 -99.9186
440130.00000 4372362.00000 -100.1357
440130.00000 4372366.00000 -100.4064
440130.00000 4372370.00000 -100.6706
440130.00000 4372374.00000 -100.8508
440130.00000 4372378.00000 -101.1126
440130.00000 4372382.00000 -101.2563
440130.00000 4372386.00000 -101.5537
440130.00000 4372390.00000 -101.6947
440130.00000 4372394.00000 -101.8834
440130.00000 4372398.00000 -102.1003
440130.00000 4372402.00000 -102.2838
440130.00000 4372406.00000 -102.5771
440130.00000 4372410.00000 -102.8592
440130.00000 4372414.00000 -103.0775
440130.00000 4372418.00000 -103.1998
440130.00000 4372422.00000 -103.2924
440130.00000 4372426.00000 -103.7050
440130.00000 4372430.00000 -103.8309
440130.00000 4372434.00000 -103.9316
440130.00000 4372438.00000 -104.0978
440130.00000 4372442.00000 -104.2795
440130.00000 4372446.00000 -104.6264
440130.00000 4372450.00000 -104.7749
440130.00000 4372454.00000 -104.9279
440130.00000 4372458.00000 -105.1102
440130.00000 4372462.00000 -105.2739
440130.00000 4372466.00000 -105.3585
440130.00000 4372470.00000 -105.5381
440130.00000 4372474.00000 -105.1878
440130.00000 4372478.00000 -105.1339
440134.00000 4371970.00000 -128.9795
440134.00000 4371974.00000 N.C.
440134.00000 4371978.00000 -120.6207
440134.00000 4371982.00000 -116.9442
440134.00000 4371986.00000 -113.8352
440134.00000 4371990.00000 N.C.
440134.00000 4371994.00000 N.C.
440134.00000 4371998.00000 N.C.
440134.00000 4372002.00000 -121.6904
440134.00000 4372006.00000 -112.1334
440134.00000 4372010.00000 -115.1896
440134.00000 4372014.00000 -116.4210
440134.00000 4372018.00000 -117.2886
440134.00000 4372022.00000 -115.6172
440134.00000 4372026.00000 N.C.
440134.00000 4372030.00000 -105.8184
440134.00000 4372034.00000 -105.9224
440134.00000 4372038.00000 -105.8955
440134.00000 4372042.00000 -109.8507
440134.00000 4372046.00000 -111.4436
440134.00000 4372050.00000 -110.3903
440134.00000 4372054.00000 -110.9702
440134.00000 4372058.00000 -111.5127
440134.00000 4372062.00000 -115.6606
440134.00000 4372066.00000 N.C.
440134.00000 4372070.00000 N.C.
440134.00000 4372074.00000 -120.1039
440134.00000 4372078.00000 -121.9307
440134.00000 4372082.00000 N.C.
440134.00000 4372086.00000 N.C.
440134.00000 4372090.00000 N.C.
440134.00000 4372094.00000 N.C.
440134.00000 4372098.00000 N.C.
440134.00000 4372102.00000 N.C.
440134.00000 4372106.00000 -96.7963
440134.00000 4372110.00000 -97.7580
440134.00000 4372114.00000 -97.7677
440134.00000 4372118.00000 -106.9827
440134.00000 4372122.00000 -108.6215
440134.00000 4372126.00000 -108.2571
440134.00000 4372130.00000 -109.2141
440134.00000 4372134.00000 -108.4138
440134.00000 4372138.00000 -109.7295
440134.00000 4372142.00000 -116.3239
440134.00000 4372146.00000 -118.6160
440134.00000 4372150.00000 -121.4942
440134.00000 4372154.00000 -122.6307
440134.00000 4372158.00000 -130.7744
440134.00000 4372162.00000 N.C.
440134.00000 4372166.00000 -129.2448
440134.00000 4372170.00000 -129.5493
440134.00000 4372174.00000 -129.4290
440134.00000 4372178.00000 -129.0685
440134.00000 4372182.00000 -128.2595
440134.00000 4372186.00000 -127.2274
440134.00000 4372190.00000 -125.1283
440134.00000 4372194.00000 -101.7659
440134.00000 4372198.00000 -104.6595
440134.00000 4372202.00000 -119.1241
440134.00000 4372206.00000 -115.5191
440134.00000 4372210.00000 -91.8071
440134.00000 4372214.00000 -91.9151
440134.00000 4372218.00000 -91.9132
440134.00000 4372222.00000 -91.8745
440134.00000 4372226.00000 -91.8949
440134.00000 4372230.00000 -91.8976
440134.00000 4372234.00000 -91.9748
440134.00000 4372238.00000 -92.0797
440134.00000 4372242.00000 -92.2126
440134.00000 4372246.00000 -92.3708
440134.00000 4372250.00000 -92.5414
440134.00000 4372254.00000 -92.7348
440134.00000 4372258.00000 -92.8190
440134.00000 4372262.00000 -92.8764
440134.00000 4372266.00000 -93.2632
440134.00000 4372270.00000 -93.7148
440134.00000 4372274.00000 -93.9990
440134.00000 4372278.00000 -94.2782
440134.00000 4372282.00000 -94.5736
440134.00000 4372286.00000 -94.8737
440134.00000 4372290.00000 -95.1527
440134.00000 4372294.00000 -95.4457
440134.00000 4372298.00000 -95.6450
440134.00000 4372302.00000 -96.0605
440134.00000 4372306.00000 -96.4005
440134.00000 4372310.00000 -96.7196
440134.00000 4372314.00000 -97.0173
440134.00000 4372318.00000 -97.2916
440134.00000 4372322.00000 -97.6022
440134.00000 4372326.00000 -97.8932
440134.00000 4372330.00000 -98.1777
440134.00000 4372334.00000 -98.4675
440134.00000 4372338.00000 -98.7448
440134.00000 4372342.00000 -99.0240
440134.00000 4372346.00000 -99.2984
440134.00000 4372350.00000 -99.5643
440134.00000 4372354.00000 -99.8425
440134.00000 4372358.00000 -100.0702
440134.00000 4372362.00000 -100.2808
440134.00000 4372366.00000 -100.5160
440134.00000 4372370.00000 -100.8204
440134.00000 4372374.00000 -101.0363
440134.00000 4372378.00000 -101.2039
440134.00000 4372382.00000 -101.3458
440134.00000 4372386.00000 -101.7458
440134.00000 4372390.00000 -101.8429
440134.00000 4372394.00000 -102.0302
440134.00000 4372398.00000 -102.2805
440134.00000 4372402.00000 -102.4865
440134.00000 4372406.00000 -102.7231
440134.00000 4372410.00000 -103.0208
440134.00000 4372414.00000 -103.2193
440134.00000 4372418.00000 -103.4001
440134.00000 4372422.00000 -103.4385
440134.00000 4372426.00000 -103.7163
440134.00000 4372430.00000 -103.9841
440134.00000 4372434.00000 -104.0386
440134.00000 4372438.00000 -104.2445
440134.00000 4372442.00000 -104.3887
440134.00000 4372446.00000 -104.6929
440134.00000 4372450.00000 -104.9264
440134.00000 4372454.00000 -105.0994
440134.00000 4372458.00000 -105.1328
440134.00000 4372462.00000 -105.1113
440134.00000 4372466.00000 -103.7389
440134.00000 4372470.00000 -105.4214
440134.00000 4372474.00000 -105.5056
440134.00000 4372478.00000 -105.4472
440138.00000 4371970.00000 -138.2176
440138.00000 4371974.00000 N.C.
440138.00000 4371978.00000 N.C.
440138.00000 4371982.00000 N.C.
440138.00000 4371986.00000 N.C.
440138.00000 4371990.00000 N.C.
440138.00000 4371994.00000 N.C.
440138.00000 4371998.00000 N.C.
440138.00000 4372002.00000 -111.9212
440138.00000 4372006.00000 -114.9630
440138.00000 4372010.00000 -114.4690
440138.00000 4372014.00000 -113.7637
440138.00000 4372018.00000 N.C.
440138.00000 4372022.00000 N.C.
440138.00000 4372026.00000 N.C.
440138.00000 4372030.00000 -107.1074
440138.00000 4372034.00000 -106.5663
440138.00000 4372038.00000 -107.1346
440138.00000 4372042.00000 -106.3181
440138.00000 4372046.00000 -106.5037
440138.00000 4372050.00000 -106.4101
440138.00000 4372054.00000 -104.5746
440138.00000 4372058.00000 -106.8464
440138.00000 4372062.00000 -107.0128
440138.00000 4372066.00000 -107.0479
440138.00000 4372070.00000 -104.2536
440138.00000 4372074.00000 -114.8420
440138.00000 4372078.00000 -108.6126
440138.00000 4372082.00000 N.C.
440138.00000 4372086.00000 -121.1469
440138.00000 4372090.00000 N.C.
440138.00000 4372094.00000 -119.7277
440138.00000 4372098.00000 -110.0356
440138.00000 4372102.00000 -102.4873
440138.00000 4372106.00000 -98.8735
440138.00000 4372110.00000 -97.7843
440138.00000 4372114.00000 -102.4238
440138.00000 4372118.00000 -107.5008
440138.00000 4372122.00000 -109.1127
440138.00000 4372126.00000 -109.7473
440138.00000 4372130.00000 -109.9892
440138.00000 4372134.00000 -109.7768
440138.00000 4372138.00000 N.C.
440138.00000 4372142.00000 N.C.
440138.00000 4372146.00000 -130.2629
440138.00000 4372150.00000 N.C.
440138.00000 4372154.00000 N.C.
440138.00000 4372158.00000 -127.7451
440138.00000 4372162.00000 N.C.
440138.00000 4372166.00000 N.C.
440138.00000 4372170.00000 N.C.
440138.00000 4372174.00000 N.C.
440138.00000 4372178.00000 N.C.
440138.00000 4372182.00000 N.C.
440138.00000 4372186.00000 N.C.
440138.00000 4372190.00000 N.C.
440138.00000 4372194.00000 -92.6732
440138.00000 4372198.00000 N.C.
440138.00000 4372202.00000 -91.3170
440138.00000 4372206.00000 -92.6258
440138.00000 4372210.00000 -92.3423
440138.00000 4372214.00000 -91.4771
440138.00000 4372218.00000 -92.3809
440138.00000 4372222.00000 -92.4267
440138.00000 4372226.00000 -92.4348
440138.00000 4372230.00000 -92.4684
440138.00000 4372234.00000 -92.5427
440138.00000 4372238.00000 -92.6274
440138.00000 4372242.00000 -92.7408
440138.00000 4372246.00000 -92.8804
440138.00000 4372250.00000 -93.0401
440138.00000 4372254.00000 -93.2313
440138.00000 4372258.00000 -93.4323
440138.00000 4372262.00000 -93.5987
440138.00000 4372266.00000 -93.6336
440138.00000 4372270.00000 -93.9306
440138.00000 4372274.00000 -94.3390
440138.00000 4372278.00000 -94.6705
440138.00000 4372282.00000 -94.9343
440138.00000 4372286.00000 -95.2260
440138.00000 4372290.00000 -95.5029
440138.00000 4372294.00000 -95.7468
440138.00000 4372298.00000 -95.9341
440138.00000 4372302.00000 -96.2159
440138.00000 4372306.00000 -96.6318
440138.00000 4372310.00000 -96.9697
440138.00000 4372314.00000 -97.2531
440138.00000 4372318.00000 -97.5296
440138.00000 4372322.00000 -97.7910
440138.00000 4372326.00000 -98.0884
440138.00000 4372330.00000 -98.3792
440138.00000 4372334.00000 -98.6322
440138.00000 4372338.00000 -98.9052
440138.00000 4372342.00000 -99.1815
440138.00000 4372346.00000 -99.4334
440138.00000 4372350.00000 -99.7230
440138.00000 4372354.00000 -99.9848
440138.00000 4372358.00000 -100.2126
440138.00000 4372362.00000 -100.4603
440138.00000 4372366.00000 -100.6488
440138.00000 4372370.00000 -100.8811
440138.00000 4372374.00000 -101.1303
440138.00000 4372378.00000 -101.3311
440138.00000 4372382.00000 -101.5567
440138.00000 4372386.00000 -101.7279
440138.00000 4372390.00000 -101.9581
440138.00000 4372394.00000 -102.1203
440138.00000 4372398.00000 -102.3069
440138.00000 4372402.00000 -102.5926
440138.00000 4372406.00000 -102.7571
440138.00000 4372410.00000 -103.0548
440138.00000 4372414.00000 -103.3131
440138.00000 4372418.00000 -103.4688
440138.00000 4372422.00000 -103.5921
440138.00000 4372426.00000 -103.7400
440138.00000 4372430.00000 -104.0058
440138.00000 4372434.00000 -104.1248
440138.00000 4372438.00000 -104.2626
440138.00000 4372442.00000 -104.4672
440138.00000 4372446.00000 -104.6080
440138.00000 4372450.00000 -104.5187
440138.00000 4372454.00000 -104.7467
440138.00000 4372458.00000 -104.9012
440138.00000 4372462.00000 N.C.
440138.00000 4372466.00000 -121.1081
440138.00000 4372470.00000 -113.2622
440138.00000 4372474.00000 -105.2907
440138.00000 4372478.00000 -105.5517
440142.00000 4371970.00000 -140.7784
440142.00000 4371974.00000 N.C.
440142.00000 4371978.00000 N.C.
440142.00000 4371982.00000 N.C.
440142.00000 4371986.00000 N.C.
440142.00000 4371990.00000 N.C.
440142.00000 4371994.00000 N.C.
440142.00000 4371998.00000 -113.3398
440142.00000 4372002.00000 -106.1640
440142.00000 4372006.00000 -107.5464
440142.00000 4372010.00000 -111.8037
440142.00000 4372014.00000 -114.6650
440142.00000 4372018.00000 N.C.
440142.00000 4372022.00000 N.C.
440142.00000 4372026.00000 N.C.
440142.00000 4372030.00000 -104.2307
440142.00000 4372034.00000 -110.3845
440142.00000 4372038.00000 -106.4147
440142.00000 4372042.00000 -107.1731
440142.00000 4372046.00000 -106.9579
440142.00000 4372050.00000 -100.0707
440142.00000 4372054.00000 -99.9017
440142.00000 4372058.00000 -99.6267
440142.00000 4372062.00000 -99.3513
440142.00000 4372066.00000 -98.8140
440142.00000 4372070.00000 -97.4564
440142.00000 4372074.00000 -97.4759
440142.00000 4372078.00000 -98.9815
440142.00000 4372082.00000 -109.5431
440142.00000 4372086.00000 N.C.
440142.00000 4372090.00000 N.C.
440142.00000 4372094.00000 N.C.
440142.00000 4372098.00000 N.C.
440142.00000 4372102.00000 N.C.
440142.00000 4372106.00000 N.C.
440142.00000 4372110.00000 -103.2542
440142.00000 4372114.00000 -109.9591
440142.00000 4372118.00000 -112.0229
440142.00000 4372122.00000 -109.4897
440142.00000 4372126.00000 -108.1206
440142.00000 4372130.00000 -109.3531
440142.00000 4372134.00000 -117.0337
440142.00000 4372138.00000 N.C.
440142.00000 4372142.00000 N.C.
440142.00000 4372146.00000 -130.3000
440142.00000 4372150.00000 N.C.
440142.00000 4372154.00000 N.C.
440142.00000 4372158.00000 -134.9899
440142.00000 4372162.00000 N.C.
440142.00000 4372166.00000 N.C.
440142.00000 4372170.00000 N.C.
440142.00000 4372174.00000 N.C.
440142.00000 4372178.00000 N.C.
440142.00000 4372182.00000 N.C.
440142.00000 4372186.00000 N.C.
440142.00000 4372190.00000 N.C.
440142.00000 4372194.00000 -108.4671
440142.00000 4372198.00000 N.C.
440142.00000 4372202.00000 -92.7245
440142.00000 4372206.00000 -92.3162
440142.00000 4372210.00000 -92.2450
440142.00000 4372214.00000 -92.0251
440142.00000 4372218.00000 -92.6640
440142.00000 4372222.00000 -92.9481
440142.00000 4372226.00000 -92.9662
440142.00000 4372230.00000 -93.0137
440142.00000 4372234.00000 -93.0724
440142.00000 4372238.00000 -93.1355
440142.00000 4372242.00000 -93.2421
440142.00000 4372246.00000 -93.3759
440142.00000 4372250.00000 -93.5363
440142.00000 4372254.00000 -93.6870
440142.00000 4372258.00000 -93.8882
440142.00000 4372262.00000 -94.0889
440142.00000 4372266.00000 -94.3080
440142.00000 4372270.00000 -94.5162
440142.00000 4372274.00000 -94.5481
440142.00000 4372278.00000 -95.0254
440142.00000 4372282.00000 -95.2835
440142.00000 4372286.00000 -95.5625
440142.00000 4372290.00000 -95.8320
440142.00000 4372294.00000 -96.0772
440142.00000 4372298.00000 -96.3415
440142.00000 4372302.00000 -96.4915
440142.00000 4372306.00000 -96.7711
440142.00000 4372310.00000 -97.1700
440142.00000 4372314.00000 -97.4923
440142.00000 4372318.00000 -97.7545
440142.00000 4372322.00000 -98.0190
440142.00000 4372326.00000 -98.2909
440142.00000 4372330.00000 -98.5818
440142.00000 4372334.00000 -98.8263
440142.00000 4372338.00000 -99.0906
440142.00000 4372342.00000 -99.3525
440142.00000 4372346.00000 -99.6080
440142.00000 4372350.00000 -99.8569
440142.00000 4372354.00000 -100.1095
440142.00000 4372358.00000 -100.3479
440142.00000 4372362.00000 -100.5781
440142.00000 4372366.00000 -100.7433
440142.00000 4372370.00000 -101.0085
440142.00000 4372374.00000 -101.2523
440142.00000 4372378.00000 -101.4370
440142.00000 4372382.00000 -101.6589
440142.00000 4372386.00000 -101.7614
440142.00000 4372390.00000 -102.1437
440142.00000 4372394.00000 -102.2082
440142.00000 4372398.00000 -102.3868
440142.00000 4372402.00000 -102.6409
440142.00000 4372406.00000 -102.8461
440142.00000 4372410.00000 -103.0478
440142.00000 4372414.00000 -103.3042
440142.00000 4372418.00000 -103.5922
440142.00000 4372422.00000 -103.7776
440142.00000 4372426.00000 -103.8425
440142.00000 4372430.00000 -104.0769
440142.00000 4372434.00000 -104.3083
440142.00000 4372438.00000 -104.3598
440142.00000 4372442.00000 -104.4887
440142.00000 4372446.00000 -104.2633
440142.00000 4372450.00000 -104.5832
440142.00000 4372454.00000 -104.6040
440142.00000 4372458.00000 -105.0619
440142.00000 4372462.00000 N.C.
440142.00000 4372466.00000 -116.5993
440142.00000 4372470.00000 -114.7263
440142.00000 4372474.00000 -105.4029
440142.00000 4372478.00000 -105.8039
440146.00000 4371970.00000 -141.8423
440146.00000 4371974.00000 N.C.
440146.00000 4371978.00000 N.C.
440146.00000 4371982.00000 N.C.
440146.00000 4371986.00000 -137.7443
440146.00000 4371990.00000 N.C.
440146.00000 4371994.00000 N.C.
440146.00000 4371998.00000 N.C.
440146.00000 4372002.00000 -115.2423
440146.00000 4372006.00000 -113.1475
440146.00000 4372010.00000 -105.8235
440146.00000 4372014.00000 -103.8474
440146.00000 4372018.00000 N.C.
440146.00000 4372022.00000 N.C.
440146.00000 4372026.00000 -105.9577
440146.00000 4372030.00000 -106.3208
440146.00000 4372034.00000 -109.6711
440146.00000 4372038.00000 -106.0086
440146.00000 4372042.00000 -101.7627
440146.00000 4372046.00000 -100.7220
440146.00000 4372050.00000 -100.7164
440146.00000 4372054.00000 -100.5829
440146.00000 4372058.00000 -99.4987
440146.00000 4372062.00000 -98.2749
440146.00000 4372066.00000 -97.9951
440146.00000 4372070.00000 -98.9409
440146.00000 4372074.00000 -99.4340
440146.00000 4372078.00000 -99.1331
440146.00000 4372082.00000 -109.7906
440146.00000 4372086.00000 -112.1801
440146.00000 4372090.00000 -112.5365
440146.00000 4372094.00000 -113.7030
440146.00000 4372098.00000 -115.1048
440146.00000 4372102.00000 -115.8828
440146.00000 4372106.00000 -110.3404
440146.00000 4372110.00000 N.C.
440146.00000 4372114.00000 N.C.
440146.00000 4372118.00000 -115.0047
440146.00000 4372122.00000 -111.5416
440146.00000 4372126.00000 -112.4047
440146.00000 4372130.00000 -112.7071
440146.00000 4372134.00000 -119.4995
440146.00000 4372138.00000 N.C.
440146.00000 4372142.00000 N.C.
440146.00000 4372146.00000 -129.8789
440146.00000 4372150.00000 N.C.
440146.00000 4372154.00000 N.C.
440146.00000 4372158.00000 -133.8306
440146.00000 4372162.00000 N.C.
440146.00000 4372166.00000 -113.5306
440146.00000 4372170.00000 -117.9343
440146.00000 4372174.00000 -113.9522
440146.00000 4372178.00000 -113.3364
440146.00000 4372182.00000 -113.0587
440146.00000 4372186.00000 -99.2246
440146.00000 4372190.00000 -103.4837
440146.00000 4372194.00000 -109.1433
440146.00000 4372198.00000 N.C.
440146.00000 4372202.00000 -93.6527
440146.00000 4372206.00000 -92.7237
440146.00000 4372210.00000 -92.7832
440146.00000 4372214.00000 -92.6498
440146.00000 4372218.00000 -93.3466
440146.00000 4372222.00000 -93.4624
440146.00000 4372226.00000 -93.4962
440146.00000 4372230.00000 -93.5128
440146.00000 4372234.00000 -93.5648
440146.00000 4372238.00000 -93.6403
440146.00000 4372242.00000 -93.7300
440146.00000 4372246.00000 -93.8536
440146.00000 4372250.00000 -94.0072
440146.00000 4372254.00000 -94.1574
440146.00000 4372258.00000 -94.3341
440146.00000 4372262.00000 -94.5207
440146.00000 4372266.00000 -94.7215
440146.00000 4372270.00000 -94.9346
440146.00000 4372274.00000 -95.1550
440146.00000 4372278.00000 -95.3834
440146.00000 4372282.00000 -95.6069
440146.00000 4372286.00000 -95.8889
440146.00000 4372290.00000 -96.1222
440146.00000 4372294.00000 -96.4042
440146.00000 4372298.00000 -96.6590
440146.00000 4372302.00000 -96.8918
440146.00000 4372306.00000 -97.0111
440146.00000 4372310.00000 -97.3004
440146.00000 4372314.00000 -97.6926
440146.00000 4372318.00000 -97.9967
440146.00000 4372322.00000 -98.2559
440146.00000 4372326.00000 -98.4961
440146.00000 4372330.00000 -98.7840
440146.00000 4372334.00000 -99.0392
440146.00000 4372338.00000 -99.2955
440146.00000 4372342.00000 -99.5496
440146.00000 4372346.00000 -99.7686
440146.00000 4372350.00000 -100.0163
440146.00000 4372354.00000 -100.2578
440146.00000 4372358.00000 -100.4959
440146.00000 4372362.00000 -100.7155
440146.00000 4372366.00000 -100.8946
440146.00000 4372370.00000 -101.1128
440146.00000 4372374.00000 -101.3145
440146.00000 4372378.00000 -101.4873
440146.00000 4372382.00000 -101.7604
440146.00000 4372386.00000 -101.8693
440146.00000 4372390.00000 -102.1840
440146.00000 4372394.00000 -102.3385
440146.00000 4372398.00000 -102.5626
440146.00000 4372402.00000 -102.7043
440146.00000 4372406.00000 -102.9633
440146.00000 4372410.00000 -103.1371
440146.00000 4372414.00000 -103.4067
440146.00000 4372418.00000 -103.6756
440146.00000 4372422.00000 -103.8204
440146.00000 4372426.00000 -103.9038
440146.00000 4372430.00000 -104.0160
440146.00000 4372434.00000 -104.0718
440146.00000 4372438.00000 -104.2324
440146.00000 4372442.00000 -104.3435
440146.00000 4372446.00000 -104.1222
440146.00000 4372450.00000 -104.6844
440146.00000 4372454.00000 -105.0614
440146.00000 4372458.00000 -105.1926
440146.00000 4372462.00000 -105.3664
440146.00000 4372466.00000 -105.4666
440146.00000 4372470.00000 -110.7046
440146.00000 4372474.00000 -105.4707
440146.00000 4372478.00000 -105.9551
440150.00000 4371970.00000 -141.7992
440150.00000 4371974.00000 N.C.
440150.00000 4371978.00000 N.C.
440150.00000 4371982.00000 N.C.
440150.00000 4371986.00000 -135.0600
440150.00000 4371990.00000 N.C.
440150.00000 4371994.00000 N.C.
440150.00000 4371998.00000 N.C.
440150.00000 4372002.00000 -114.4606
440150.00000 4372006.00000 -111.4647
440150.00000 4372010.00000 -109.7568
440150.00000 4372014.00000 -108.3651
440150.00000 4372018.00000 -107.5655
440150.00000 4372022.00000 -103.8652
440150.00000 4372026.00000 -104.6119
440150.00000 4372030.00000 -102.6055
440150.00000 4372034.00000 -101.0137
440150.00000 4372038.00000 -101.1928
440150.00000 4372042.00000 -100.3143
440150.00000 4372046.00000 -101.6814
440150.00000 4372050.00000 -101.2416
440150.00000 4372054.00000 -100.5513
440150.00000 4372058.00000 -98.9805
440150.00000 4372062.00000 -98.9569
440150.00000 4372066.00000 -100.1363
440150.00000 4372070.00000 -100.1271
440150.00000 4372074.00000 -99.7438
440150.00000 4372078.00000 -99.6708
440150.00000 4372082.00000 -99.5087
440150.00000 4372086.00000 -100.4163
440150.00000 4372090.00000 -100.0992
440150.00000 4372094.00000 -100.2710
440150.00000 4372098.00000 -102.8185
440150.00000 4372102.00000 -111.3018
440150.00000 4372106.00000 -113.8708
440150.00000 4372110.00000 N.C.
440150.00000 4372114.00000 N.C.
440150.00000 4372118.00000 -116.3440
440150.00000 4372122.00000 N.C.
440150.00000 4372126.00000 -110.9299
440150.00000 4372130.00000 -120.8393
440150.00000 4372134.00000 -125.2248
440150.00000 4372138.00000 N.C.
440150.00000 4372142.00000 N.C.
440150.00000 4372146.00000 -126.4616
440150.00000 4372150.00000 N.C.
440150.00000 4372154.00000 N.C.
440150.00000 4372158.00000 -119.8206
440150.00000 4372162.00000 N.C.
440150.00000 4372166.00000 -112.8439
440150.00000 4372170.00000 -115.9844
440150.00000 4372174.00000 -113.2488
440150.00000 4372178.00000 -111.5322
440150.00000 4372182.00000 -101.1224
440150.00000 4372186.00000 -94.6608
440150.00000 4372190.00000 -94.5251
440150.00000 4372194.00000 -113.6143
440150.00000 4372198.00000 N.C.
440150.00000 4372202.00000 -94.1415
440150.00000 4372206.00000 -94.0508
440150.00000 4372210.00000 -93.2279
440150.00000 4372214.00000 -93.1036
440150.00000 4372218.00000 -93.8663
440150.00000 4372222.00000 -93.9317
440150.00000 4372226.00000 -93.9653
440150.00000 4372230.00000 -93.9986
440150.00000 4372234.00000 -94.0222
440150.00000 4372238.00000 -94.0981
440150.00000 4372242.00000 -94.2197
440150.00000 4372246.00000 -94.3400
440150.00000 4372250.00000 -94.4593
440150.00000 4372254.00000 -94.6019
440150.00000 4372258.00000 -94.7642
440150.00000 4372262.00000 -94.9340
440150.00000 4372266.00000 -95.1273
440150.00000 4372270.00000 -95.3354
440150.00000 4372274.00000 -95.5289
440150.00000 4372278.00000 -95.7602
440150.00000 4372282.00000 -95.9588
440150.00000 4372286.00000 -96.2195
440150.00000 4372290.00000 -96.4316
440150.00000 4372294.00000 -96.6937
440150.00000 4372298.00000 -96.9540
440150.00000 4372302.00000 -97.2142
440150.00000 4372306.00000 -97.4339
440150.00000 4372310.00000 -97.5495
440150.00000 4372314.00000 -97.7988
440150.00000 4372318.00000 -98.1774
440150.00000 4372322.00000 -98.4773
440150.00000 4372326.00000 -98.7071
440150.00000 4372330.00000 -98.9869
440150.00000 4372334.00000 -99.2342
440150.00000 4372338.00000 -99.4791
440150.00000 4372342.00000 -99.7272
440150.00000 4372346.00000 -99.9705
440150.00000 4372350.00000 -100.2036
440150.00000 4372354.00000 -100.4438
440150.00000 4372358.00000 -100.6789
440150.00000 4372362.00000 -100.8547
440150.00000 4372366.00000 -101.0841
440150.00000 4372370.00000 -101.2354
440150.00000 4372374.00000 -101.4333
440150.00000 4372378.00000 -101.5828
440150.00000 4372382.00000 -101.8124
440150.00000 4372386.00000 -102.0407
440150.00000 4372390.00000 -102.0929
440150.00000 4372394.00000 -102.5051
440150.00000 4372398.00000 -102.5684
440150.00000 4372402.00000 -102.7624
440150.00000 4372406.00000 -102.9539
440150.00000 4372410.00000 -103.1093
440150.00000 4372414.00000 -103.1696
440150.00000 4372418.00000 -103.4603
440150.00000 4372422.00000 -103.7403
440150.00000 4372426.00000 -103.9171
440150.00000 4372430.00000 -103.9680
440150.00000 4372434.00000 -104.1990
440150.00000 4372438.00000 -104.4567
440150.00000 4372442.00000 -104.4659
440150.00000 4372446.00000 -104.5571
440150.00000 4372450.00000 -104.7944
440150.00000 4372454.00000 -104.9072
440150.00000 4372458.00000 -105.2661
440150.00000 4372462.00000 -105.3453
440150.00000 4372466.00000 -105.5511
440150.00000 4372470.00000 -105.7632
440150.00000 4372474.00000 -105.9451
440150.00000 4372478.00000 -106.2254
440154.00000 4371970.00000 -129.3817
440154.00000 4371974.00000 N.C.
440154.00000 4371978.00000 N.C.
440154.00000 4371982.00000 N.C.
440154.00000 4371986.00000 N.C.
440154.00000 4371990.00000 N.C.
440154.00000 4371994.00000 N.C.
440154.00000 4371998.00000 N.C.
440154.00000 4372002.00000 -109.9434
440154.00000 4372006.00000 -106.6865
440154.00000 4372010.00000 -109.3476
440154.00000 4372014.00000 -110.0418
440154.00000 4372018.00000 -109.1821
440154.00000 4372022.00000 -102.9135
440154.00000 4372026.00000 -102.6320
440154.00000 4372030.00000 -101.7496
440154.00000 4372034.00000 -101.2389
440154.00000 4372038.00000 -102.0626
440154.00000 4372042.00000 -101.1213
440154.00000 4372046.00000 -100.3436
440154.00000 4372050.00000 -99.2903
440154.00000 4372054.00000 -100.4664
440154.00000 4372058.00000 -99.6569
440154.00000 4372062.00000 -100.3786
440154.00000 4372066.00000 -100.3138
440154.00000 4372070.00000 -100.4080
440154.00000 4372074.00000 -100.2334
440154.00000 4372078.00000 -99.3805
440154.00000 4372082.00000 -99.8895
440154.00000 4372086.00000 -99.7821
440154.00000 4372090.00000 -100.4838
440154.00000 4372094.00000 -100.2788
440154.00000 4372098.00000 -111.1691
440154.00000 4372102.00000 -111.8817
440154.00000 4372106.00000 -112.8586
440154.00000 4372110.00000 N.C.
440154.00000 4372114.00000 N.C.
440154.00000 4372118.00000 N.C.
440154.00000 4372122.00000 N.C.
440154.00000 4372126.00000 -114.2878
440154.00000 4372130.00000 -126.8374
440154.00000 4372134.00000 -127.7489
440154.00000 4372138.00000 -130.7711
440154.00000 4372142.00000 -128.9010
440154.00000 4372146.00000 -125.1314
440154.00000 4372150.00000 -119.4183
440154.00000 4372154.00000 -112.1200
440154.00000 4372158.00000 -109.5452
440154.00000 4372162.00000 -109.7781
440154.00000 4372166.00000 -112.2105
440154.00000 4372170.00000 -113.8304
440154.00000 4372174.00000 -109.9980
440154.00000 4372178.00000 -101.8839
440154.00000 4372182.00000 -94.6576
440154.00000 4372186.00000 -94.8814
440154.00000 4372190.00000 -102.8643
440154.00000 4372194.00000 -116.2775
440154.00000 4372198.00000 N.C.
440154.00000 4372202.00000 -93.7461
440154.00000 4372206.00000 -93.2994
440154.00000 4372210.00000 -93.5434
440154.00000 4372214.00000 -93.5449
440154.00000 4372218.00000 -94.3428
440154.00000 4372222.00000 -94.3940
440154.00000 4372226.00000 -94.3923
440154.00000 4372230.00000 -94.4679
440154.00000 4372234.00000 -94.4723
440154.00000 4372238.00000 -94.5798
440154.00000 4372242.00000 -94.6860
440154.00000 4372246.00000 -94.7857
440154.00000 4372250.00000 -94.9064
440154.00000 4372254.00000 -95.0307
440154.00000 4372258.00000 -95.1733
440154.00000 4372262.00000 -95.3426
440154.00000 4372266.00000 -95.5224
440154.00000 4372270.00000 -95.7150
440154.00000 4372274.00000 -95.8979
440154.00000 4372278.00000 -96.0926
440154.00000 4372282.00000 -96.3295
440154.00000 4372286.00000 -96.5568
440154.00000 4372290.00000 -96.7662
440154.00000 4372294.00000 -97.0068
440154.00000 4372298.00000 -97.2472
440154.00000 4372302.00000 -97.4865
440154.00000 4372306.00000 -97.7247
440154.00000 4372310.00000 -97.9355
440154.00000 4372314.00000 -98.0358
440154.00000 4372318.00000 -98.2711
440154.00000 4372322.00000 -98.6429
440154.00000 4372326.00000 -98.9182
440154.00000 4372330.00000 -99.1672
440154.00000 4372334.00000 -99.4300
440154.00000 4372338.00000 -99.6688
440154.00000 4372342.00000 -99.8973
440154.00000 4372346.00000 -100.1340
440154.00000 4372350.00000 -100.3661
440154.00000 4372354.00000 -100.5941
440154.00000 4372358.00000 -100.8231
440154.00000 4372362.00000 -101.0412
440154.00000 4372366.00000 -101.2241
440154.00000 4372370.00000 -101.3938
440154.00000 4372374.00000 -101.5472
440154.00000 4372378.00000 -101.6958
440154.00000 4372382.00000 -101.8840
440154.00000 4372386.00000 -102.1508
440154.00000 4372390.00000 -102.2353
440154.00000 4372394.00000 -102.5834
440154.00000 4372398.00000 -102.5659
440154.00000 4372402.00000 -102.7318
440154.00000 4372406.00000 -102.9152
440154.00000 4372410.00000 -103.1163
440154.00000 4372414.00000 -103.2780
440154.00000 4372418.00000 -103.5829
440154.00000 4372422.00000 -103.8243
440154.00000 4372426.00000 -103.9510
440154.00000 4372430.00000 -104.0472
440154.00000 4372434.00000 -104.2513
440154.00000 4372438.00000 -104.4275
440154.00000 4372442.00000 -104.6375
440154.00000 4372446.00000 -104.6261
440154.00000 4372450.00000 -104.8355
440154.00000 4372454.00000 -104.9455
440154.00000 4372458.00000 -105.3129
440154.00000 4372462.00000 -105.4726
440154.00000 4372466.00000 -105.6179
440154.00000 4372470.00000 -105.8058
440154.00000 4372474.00000 -105.9770
440154.00000 4372478.00000 -106.2678
440158.00000 4371970.00000 -121.4478
440158.00000 4371974.00000 -123.3769
440158.00000 4371978.00000 N.C.
440158.00000 4371982.00000 N.C.
440158.00000 4371986.00000 N.C.
440158.00000 4371990.00000 -115.2525
440158.00000 4371994.00000 -118.3821
440158.00000 4371998.00000 -107.1073
440158.00000 4372002.00000 -113.4901
440158.00000 4372006.00000 -109.2422
440158.00000 4372010.00000 -109.5209
440158.00000 4372014.00000 -103.1661
440158.00000 4372018.00000 -103.2677
440158.00000 4372022.00000 -103.2406
440158.00000 4372026.00000 -108.4895
440158.00000 4372030.00000 N.C.
440158.00000 4372034.00000 N.C.
440158.00000 4372038.00000 N.C.
440158.00000 4372042.00000 N.C.
440158.00000 4372046.00000 N.C.
440158.00000 4372050.00000 -101.4967
440158.00000 4372054.00000 N.C.
440158.00000 4372058.00000 -130.9085
440158.00000 4372062.00000 N.C.
440158.00000 4372066.00000 N.C.
440158.00000 4372070.00000 N.C.
440158.00000 4372074.00000 N.C.
440158.00000 4372078.00000 N.C.
440158.00000 4372082.00000 N.C.
440158.00000 4372086.00000 N.C.
440158.00000 4372090.00000 N.C.
440158.00000 4372094.00000 -118.2537
440158.00000 4372098.00000 -116.2789
440158.00000 4372102.00000 -116.8911
440158.00000 4372106.00000 -114.8417
440158.00000 4372110.00000 N.C.
440158.00000 4372114.00000 N.C.
440158.00000 4372118.00000 N.C.
440158.00000 4372122.00000 -128.7901
440158.00000 4372126.00000 -127.8027
440158.00000 4372130.00000 -127.3864
440158.00000 4372134.00000 -127.9234
440158.00000 4372138.00000 -130.0071
440158.00000 4372142.00000 -121.7325
440158.00000 4372146.00000 -124.4176
440158.00000 4372150.00000 -126.7635
440158.00000 4372154.00000 -111.2414
440158.00000 4372158.00000 -111.3313
440158.00000 4372162.00000 -108.1843
440158.00000 4372166.00000 -113.9819
440158.00000 4372170.00000 -109.1956
440158.00000 4372174.00000 -102.4926
440158.00000 4372178.00000 -105.6324
440158.00000 4372182.00000 N.C.
440158.00000 4372186.00000 N.C.
440158.00000 4372190.00000 N.C.
440158.00000 4372194.00000 -112.6674
440158.00000 4372198.00000 N.C.
440158.00000 4372202.00000 -93.6266
440158.00000 4372206.00000 -93.3841
440158.00000 4372210.00000 -94.9239
440158.00000 4372214.00000 -93.4269
440158.00000 4372218.00000 -93.9849
440158.00000 4372222.00000 -94.8513
440158.00000 4372226.00000 -94.8670
440158.00000 4372230.00000 -94.9071
440158.00000 4372234.00000 -94.9570
440158.00000 4372238.00000 -94.9999
440158.00000 4372242.00000 -95.1187
440158.00000 4372246.00000 -95.2227
440158.00000 4372250.00000 -95.3322
440158.00000 4372254.00000 -95.4427
440158.00000 4372258.00000 -95.5858
440158.00000 4372262.00000 -95.7381
440158.00000 4372266.00000 -95.8997
440158.00000 4372270.00000 -96.0990
440158.00000 4372274.00000 -96.2636
440158.00000 4372278.00000 -96.4388
440158.00000 4372282.00000 -96.6603
440158.00000 4372286.00000 -96.8619
440158.00000 4372290.00000 -97.0692
440158.00000 4372294.00000 -97.3109
440158.00000 4372298.00000 -97.5299
440158.00000 4372302.00000 -97.7627
440158.00000 4372306.00000 -97.9843
440158.00000 4372310.00000 -98.1712
440158.00000 4372314.00000 -98.3875
440158.00000 4372318.00000 -98.4795
440158.00000 4372322.00000 -98.8638
440158.00000 4372326.00000 -99.0912
440158.00000 4372330.00000 -99.3580
440158.00000 4372334.00000 -99.6089
440158.00000 4372338.00000 -99.8388
440158.00000 4372342.00000 -100.0846
440158.00000 4372346.00000 -100.2942
440158.00000 4372350.00000 -100.5177
440158.00000 4372354.00000 -100.7605
440158.00000 4372358.00000 -100.9596
440158.00000 4372362.00000 -101.1816
440158.00000 4372366.00000 -101.3763
440158.00000 4372370.00000 -101.5196
440158.00000 4372374.00000 -101.6111
440158.00000 4372378.00000 -101.7211
440158.00000 4372382.00000 -101.8958
440158.00000 4372386.00000 -102.1599
440158.00000 4372390.00000 -102.2835
440158.00000 4372394.00000 -102.5115
440158.00000 4372398.00000 -102.7706
440158.00000 4372402.00000 -102.8141
440158.00000 4372406.00000 -102.9642
440158.00000 4372410.00000 -103.1555
440158.00000 4372414.00000 -103.3298
440158.00000 4372418.00000 -103.5062
440158.00000 4372422.00000 -103.9478
440158.00000 4372426.00000 -104.0619
440158.00000 4372430.00000 -104.1219
440158.00000 4372434.00000 -104.2362
440158.00000 4372438.00000 -104.4680
440158.00000 4372442.00000 -104.6983
440158.00000 4372446.00000 -104.7219
440158.00000 4372450.00000 -104.8154
440158.00000 4372454.00000 -105.0459
440158.00000 4372458.00000 -105.1702
440158.00000 4372462.00000 -105.4622
440158.00000 4372466.00000 -105.6777
440158.00000 4372470.00000 -105.8563
440158.00000 4372474.00000 -105.9961
440158.00000 4372478.00000 -106.1646
440162.00000 4371970.00000 -124.8203
440162.00000 4371974.00000 -124.8277
440162.00000 4371978.00000 -121.0894
440162.00000 4371982.00000 -120.6430
440162.00000 4371986.00000 -110.6280
440162.00000 4371990.00000 N.C.
440162.00000 4371994.00000 -108.7911
440162.00000 4371998.00000 -107.0380
440162.00000 4372002.00000 -110.2524
440162.00000 4372006.00000 -103.9399
440162.00000 4372010.00000 -104.1798
440162.00000 4372014.00000 -103.9095
440162.00000 4372018.00000 -108.3811
440162.00000 4372022.00000 -111.5524
440162.00000 4372026.00000 -111.0584
440162.00000 4372030.00000 N.C.
440162.00000 4372034.00000 N.C.
440162.00000 4372038.00000 N.C.
440162.00000 4372042.00000 N.C.
440162.00000 4372046.00000 N.C.
440162.00000 4372050.00000 -118.0695
440162.00000 4372054.00000 N.C.
440162.00000 4372058.00000 -130.4044
440162.00000 4372062.00000 N.C.
440162.00000 4372066.00000 N.C.
440162.00000 4372070.00000 N.C.
440162.00000 4372074.00000 N.C.
440162.00000 4372078.00000 N.C.
440162.00000 4372082.00000 N.C.
440162.00000 4372086.00000 N.C.
440162.00000 4372090.00000 N.C.
440162.00000 4372094.00000 -119.1377
440162.00000 4372098.00000 -120.6409
440162.00000 4372102.00000 -120.8337
440162.00000 4372106.00000 -122.6415
440162.00000 4372110.00000 N.C.
440162.00000 4372114.00000 N.C.
440162.00000 4372118.00000 N.C.
440162.00000 4372122.00000 -114.9597
440162.00000 4372126.00000 -127.9379
440162.00000 4372130.00000 -127.4686
440162.00000 4372134.00000 -127.8956
440162.00000 4372138.00000 -127.9329
440162.00000 4372142.00000 -126.0449
440162.00000 4372146.00000 -122.5457
440162.00000 4372150.00000 -121.5499
440162.00000 4372154.00000 -118.8040
440162.00000 4372158.00000 -109.3289
440162.00000 4372162.00000 -107.4982
440162.00000 4372166.00000 -108.1362
440162.00000 4372170.00000 -102.4930
440162.00000 4372174.00000 -108.2050
440162.00000 4372178.00000 -105.3429
440162.00000 4372182.00000 -111.6771
440162.00000 4372186.00000 -109.6178
440162.00000 4372190.00000 -111.4243
440162.00000 4372194.00000 -111.9958
440162.00000 4372198.00000 -113.3329
440162.00000 4372202.00000 -93.7317
440162.00000 4372206.00000 -93.6449
440162.00000 4372210.00000 -95.1668
440162.00000 4372214.00000 -94.3955
440162.00000 4372218.00000 -94.4155
440162.00000 4372222.00000 -95.2292
440162.00000 4372226.00000 -95.2924
440162.00000 4372230.00000 -95.3393
440162.00000 4372234.00000 -95.4060
440162.00000 4372238.00000 -95.4666
440162.00000 4372242.00000 -95.5231
440162.00000 4372246.00000 -95.6327
440162.00000 4372250.00000 -95.7449
440162.00000 4372254.00000 -95.8388
440162.00000 4372258.00000 -95.9831
440162.00000 4372262.00000 -96.1239
440162.00000 4372266.00000 -96.2745
440162.00000 4372270.00000 -96.4628
440162.00000 4372274.00000 -96.6176
440162.00000 4372278.00000 -96.7782
440162.00000 4372282.00000 -96.9628
440162.00000 4372286.00000 -97.1842
440162.00000 4372290.00000 -97.3618
440162.00000 4372294.00000 -97.5887
440162.00000 4372298.00000 -97.8206
440162.00000 4372302.00000 -98.0317
440162.00000 4372306.00000 -98.2373
440162.00000 4372310.00000 -98.4528
440162.00000 4372314.00000 -98.6124
440162.00000 4372318.00000 -98.8560
440162.00000 4372322.00000 -98.9172
440162.00000 4372326.00000 -99.2840
440162.00000 4372330.00000 -99.4956
440162.00000 4372334.00000 -99.7902
440162.00000 4372338.00000 -100.0202
440162.00000 4372342.00000 -100.2409
440162.00000 4372346.00000 -100.4605
440162.00000 4372350.00000 -100.6656
440162.00000 4372354.00000 -100.8316
440162.00000 4372358.00000 -101.0603
440162.00000 4372362.00000 -101.2479
440162.00000 4372366.00000 -101.4241
440162.00000 4372370.00000 -101.5796
440162.00000 4372374.00000 -101.7446
440162.00000 4372378.00000 -101.8410
440162.00000 4372382.00000 -102.0351
440162.00000 4372386.00000 -102.2960
440162.00000 4372390.00000 -102.5595
440162.00000 4372394.00000 -102.5694
440162.00000 4372398.00000 -102.9465
440162.00000 4372402.00000 -102.9780
440162.00000 4372406.00000 -103.0917
440162.00000 4372410.00000 -103.2376
440162.00000 4372414.00000 -103.4385
440162.00000 4372418.00000 -103.5667
440162.00000 4372422.00000 -103.8469
440162.00000 4372426.00000 -104.1335
440162.00000 4372430.00000 -104.2453
440162.00000 4372434.00000 -104.3303
440162.00000 4372438.00000 -104.4797
440162.00000 4372442.00000 -104.6683
440162.00000 4372446.00000 -104.9667
440162.00000 4372450.00000 -104.8430
440162.00000 4372454.00000 -105.0847
440162.00000 4372458.00000 -105.1779
440162.00000 4372462.00000 -105.4859
440162.00000 4372466.00000 -105.7456
440162.00000 4372470.00000 -105.9141
440162.00000 4372474.00000 -106.0151
440162.00000 4372478.00000 -106.1493
440166.00000 4371970.00000 -137.7715
440166.00000 4371974.00000 N.C.
440166.00000 4371978.00000 N.C.
440166.00000 4371982.00000 N.C.
440166.00000 4371986.00000 N.C.
440166.00000 4371990.00000 N.C.
440166.00000 4371994.00000 N.C.
440166.00000 4371998.00000 N.C.
440166.00000 4372002.00000 N.C.
440166.00000 4372006.00000 -104.5816
440166.00000 4372010.00000 -112.3378
440166.00000 4372014.00000 -119.3136
440166.00000 4372018.00000 N.C.
440166.00000 4372022.00000 N.C.
440166.00000 4372026.00000 N.C.
440166.00000 4372030.00000 N.C.
440166.00000 4372034.00000 N.C.
440166.00000 4372038.00000 N.C.
440166.00000 4372042.00000 N.C.
440166.00000 4372046.00000 N.C.
440166.00000 4372050.00000 -118.7151
440166.00000 4372054.00000 -119.0289
440166.00000 4372058.00000 -121.1990
440166.00000 4372062.00000 -126.6807
440166.00000 4372066.00000 -126.2438
440166.00000 4372070.00000 -128.6232
440166.00000 4372074.00000 -130.1300
440166.00000 4372078.00000 -130.1544
440166.00000 4372082.00000 N.C.
440166.00000 4372086.00000 N.C.
440166.00000 4372090.00000 N.C.
440166.00000 4372094.00000 -120.1676
440166.00000 4372098.00000 -120.5617
440166.00000 4372102.00000 -121.0108
440166.00000 4372106.00000 -121.9535
440166.00000 4372110.00000 N.C.
440166.00000 4372114.00000 N.C.
440166.00000 4372118.00000 N.C.
440166.00000 4372122.00000 N.C.
440166.00000 4372126.00000 -126.9918
440166.00000 4372130.00000 -126.7103
440166.00000 4372134.00000 -128.0586
440166.00000 4372138.00000 N.C.
440166.00000 4372142.00000 N.C.
440166.00000 4372146.00000 N.C.
440166.00000 4372150.00000 -125.3064
440166.00000 4372154.00000 N.C.
440166.00000 4372158.00000 -121.5151
440166.00000 4372162.00000 N.C.
440166.00000 4372166.00000 N.C.
440166.00000 4372170.00000 -107.0057
440166.00000 4372174.00000 N.C.
440166.00000 4372178.00000 -96.4246
440166.00000 4372182.00000 -95.9272
440166.00000 4372186.00000 -103.0093
440166.00000 4372190.00000 -110.5502
440166.00000 4372194.00000 -111.2829
440166.00000 4372198.00000 -109.7122
440166.00000 4372202.00000 -93.8553
440166.00000 4372206.00000 -93.9831
440166.00000 4372210.00000 -95.4407
440166.00000 4372214.00000 -95.7279
440166.00000 4372218.00000 -94.2924
440166.00000 4372222.00000 -95.6377
440166.00000 4372226.00000 -95.7016
440166.00000 4372230.00000 -95.7788
440166.00000 4372234.00000 -95.8257
440166.00000 4372238.00000 -95.8918
440166.00000 4372242.00000 -95.9690
440166.00000 4372246.00000 -96.0523
440166.00000 4372250.00000 -96.1695
440166.00000 4372254.00000 -96.2625
440166.00000 4372258.00000 -96.3820
440166.00000 4372262.00000 -96.5136
440166.00000 4372266.00000 -96.6562
440166.00000 4372270.00000 -96.8078
440166.00000 4372274.00000 -96.9581
440166.00000 4372278.00000 -97.1088
440166.00000 4372282.00000 -97.2868
440166.00000 4372286.00000 -97.5029
440166.00000 4372290.00000 -97.6533
440166.00000 4372294.00000 -97.8923
440166.00000 4372298.00000 -98.0945
440166.00000 4372302.00000 -98.3053
440166.00000 4372306.00000 -98.5043
440166.00000 4372310.00000 -98.7045
440166.00000 4372314.00000 -98.9063
440166.00000 4372318.00000 -99.0819
440166.00000 4372322.00000 -99.3036
440166.00000 4372326.00000 -99.3600
440166.00000 4372330.00000 -99.5836
440166.00000 4372334.00000 -99.9245
440166.00000 4372338.00000 -100.1789
440166.00000 4372342.00000 -100.3943
440166.00000 4372346.00000 -100.5967
440166.00000 4372350.00000 -100.7858
440166.00000 4372354.00000 -101.0156
440166.00000 4372358.00000 -101.2366
440166.00000 4372362.00000 -101.4361
440166.00000 4372366.00000 -101.6089
440166.00000 4372370.00000 -101.7613
440166.00000 4372374.00000 -101.9024
440166.00000 4372378.00000 -102.0896
440166.00000 4372382.00000 -102.1991
440166.00000 4372386.00000 -102.4383
440166.00000 4372390.00000 -102.7467
440166.00000 4372394.00000 -102.7353
440166.00000 4372398.00000 -102.9554
440166.00000 4372402.00000 -103.2213
440166.00000 4372406.00000 -103.2536
440166.00000 4372410.00000 -103.3945
440166.00000 4372414.00000 -103.5823
440166.00000 4372418.00000 -103.7097
440166.00000 4372422.00000 -103.8654
440166.00000 4372426.00000 -104.1687
440166.00000 4372430.00000 -104.4057
440166.00000 4372434.00000 -104.4916
440166.00000 4372438.00000 -104.5572
440166.00000 4372442.00000 -104.7400
440166.00000 4372446.00000 -105.0334
440166.00000 4372450.00000 -104.9696
440166.00000 4372454.00000 -105.0858
440166.00000 4372458.00000 -105.2450
440166.00000 4372462.00000 -105.4053
440166.00000 4372466.00000 -105.6988
440166.00000 4372470.00000 -105.8568
440166.00000 4372474.00000 -106.0558
440166.00000 4372478.00000 -106.2225
440170.00000 4371970.00000 -137.1717
440170.00000 4371974.00000 -140.9672
440170.00000 4371978.00000 -118.4969
440170.00000 4371982.00000 -120.7627
440170.00000 4371986.00000 -120.9874
440170.00000 4371990.00000 -127.9653
440170.00000 4371994.00000 N.C.
440170.00000 4371998.00000 N.C.
440170.00000 4372002.00000 N.C.
440170.00000 4372006.00000 -111.2041
440170.00000 4372010.00000 -111.3698
440170.00000 4372014.00000 -113.3262
440170.00000 4372018.00000 N.C.
440170.00000 4372022.00000 N.C.
440170.00000 4372026.00000 N.C.
440170.00000 4372030.00000 N.C.
440170.00000 4372034.00000 N.C.
440170.00000 4372038.00000 N.C.
440170.00000 4372042.00000 N.C.
440170.00000 4372046.00000 N.C.
440170.00000 4372050.00000 N.C.
440170.00000 4372054.00000 -122.0578
440170.00000 4372058.00000 -120.3677
440170.00000 4372062.00000 -121.0762
440170.00000 4372066.00000 -123.4404
440170.00000 4372070.00000 -124.7186
440170.00000 4372074.00000 -129.6081
440170.00000 4372078.00000 -127.7681
440170.00000 4372082.00000 -132.5596
440170.00000 4372086.00000 -131.5535
440170.00000 4372090.00000 -124.0554
440170.00000 4372094.00000 -120.8634
440170.00000 4372098.00000 -120.1150
440170.00000 4372102.00000 -120.7711
440170.00000 4372106.00000 -122.1423
440170.00000 4372110.00000 N.C.
440170.00000 4372114.00000 N.C.
440170.00000 4372118.00000 N.C.
440170.00000 4372122.00000 N.C.
440170.00000 4372126.00000 N.C.
440170.00000 4372130.00000 N.C.
440170.00000 4372134.00000 -132.0466
440170.00000 4372138.00000 N.C.
440170.00000 4372142.00000 N.C.
440170.00000 4372146.00000 N.C.
440170.00000 4372150.00000 -130.4586
440170.00000 4372154.00000 N.C.
440170.00000 4372158.00000 -109.1852
440170.00000 4372162.00000 -112.7610
440170.00000 4372166.00000 -117.5806
440170.00000 4372170.00000 -111.2351
440170.00000 4372174.00000 N.C.
440170.00000 4372178.00000 -96.4640
440170.00000 4372182.00000 -96.6194
440170.00000 4372186.00000 -106.0162
440170.00000 4372190.00000 -110.7351
440170.00000 4372194.00000 -110.5545
440170.00000 4372198.00000 -109.8055
440170.00000 4372202.00000 -96.0433
440170.00000 4372206.00000 -94.3369
440170.00000 4372210.00000 -93.9755
440170.00000 4372214.00000 -95.8605
440170.00000 4372218.00000 -95.2001
440170.00000 4372222.00000 -96.0646
440170.00000 4372226.00000 -96.0251
440170.00000 4372230.00000 -96.2085
440170.00000 4372234.00000 -96.2560
440170.00000 4372238.00000 -96.3108
440170.00000 4372242.00000 -96.3802
440170.00000 4372246.00000 -96.4546
440170.00000 4372250.00000 -96.5438
440170.00000 4372254.00000 -96.6442
440170.00000 4372258.00000 -96.7545
440170.00000 4372262.00000 -96.8784
440170.00000 4372266.00000 -97.0114
440170.00000 4372270.00000 -97.1494
440170.00000 4372274.00000 -97.2977
440170.00000 4372278.00000 -97.4552
440170.00000 4372282.00000 -97.6068
440170.00000 4372286.00000 -97.7682
440170.00000 4372290.00000 -97.9460
440170.00000 4372294.00000 -98.1718
440170.00000 4372298.00000 -98.3685
440170.00000 4372302.00000 -98.5705
440170.00000 4372306.00000 -98.7660
440170.00000 4372310.00000 -98.9725
440170.00000 4372314.00000 -99.1342
440170.00000 4372318.00000 -99.3556
440170.00000 4372322.00000 -99.4908
440170.00000 4372326.00000 -99.5335
440170.00000 4372330.00000 -99.7289
440170.00000 4372334.00000 -100.0810
440170.00000 4372338.00000 -100.2928
440170.00000 4372342.00000 -100.5873
440170.00000 4372346.00000 -100.7845
440170.00000 4372350.00000 -100.9936
440170.00000 4372354.00000 -101.1950
440170.00000 4372358.00000 -101.3942
440170.00000 4372362.00000 -101.5814
440170.00000 4372366.00000 -101.7769
440170.00000 4372370.00000 -101.9407
440170.00000 4372374.00000 -102.0405
440170.00000 4372378.00000 -102.2328
440170.00000 4372382.00000 -102.3445
440170.00000 4372386.00000 -102.5264
440170.00000 4372390.00000 -102.7576
440170.00000 4372394.00000 -103.0033
440170.00000 4372398.00000 -103.0857
440170.00000 4372402.00000 -103.3271
440170.00000 4372406.00000 -103.3862
440170.00000 4372410.00000 -103.5406
440170.00000 4372414.00000 -103.6671
440170.00000 4372418.00000 -103.8446
440170.00000 4372422.00000 -103.9764
440170.00000 4372426.00000 -104.1456
440170.00000 4372430.00000 -104.5264
440170.00000 4372434.00000 -104.5805
440170.00000 4372438.00000 -104.5933
440170.00000 4372442.00000 -104.8192
440170.00000 4372446.00000 -105.0217
440170.00000 4372450.00000 -105.0469
440170.00000 4372454.00000 -105.2050
440170.00000 4372458.00000 -105.2596
440170.00000 4372462.00000 -105.4700
440170.00000 4372466.00000 -105.7632
440170.00000 4372470.00000 -105.9039
440170.00000 4372474.00000 -106.1068
440170.00000 4372478.00000 -106.2752
440174.00000 4371970.00000 -137.2838
440174.00000 4371974.00000 -140.4797
440174.00000 4371978.00000 -132.6181
440174.00000 4371982.00000 N.C.
440174.00000 4371986.00000 N.C.
440174.00000 4371990.00000 N.C.
440174.00000 4371994.00000 N.C.
440174.00000 4371998.00000 N.C.
440174.00000 4372002.00000 N.C.
440174.00000 4372006.00000 -112.1295
440174.00000 4372010.00000 -113.2990
440174.00000 4372014.00000 -114.0757
440174.00000 4372018.00000 N.C.
440174.00000 4372022.00000 N.C.
440174.00000 4372026.00000 N.C.
440174.00000 4372030.00000 -118.0932
440174.00000 4372034.00000 -117.8540
440174.00000 4372038.00000 -119.5625
440174.00000 4372042.00000 -120.2200
440174.00000 4372046.00000 -124.7688
440174.00000 4372050.00000 -112.2408
440174.00000 4372054.00000 -114.7359
440174.00000 4372058.00000 -119.2083
440174.00000 4372062.00000 -119.2969
440174.00000 4372066.00000 -121.0987
440174.00000 4372070.00000 -121.9031
440174.00000 4372074.00000 -120.4099
440174.00000 4372078.00000 N.C.
440174.00000 4372082.00000 N.C.
440174.00000 4372086.00000 N.C.
440174.00000 4372090.00000 N.C.
440174.00000 4372094.00000 N.C.
440174.00000 4372098.00000 N.C.
440174.00000 4372102.00000 -123.4566
440174.00000 4372106.00000 -125.9099
440174.00000 4372110.00000 N.C.
440174.00000 4372114.00000 N.C.
440174.00000 4372118.00000 N.C.
440174.00000 4372122.00000 N.C.
440174.00000 4372126.00000 -146.0520
440174.00000 4372130.00000 N.C.
440174.00000 4372134.00000 -132.0828
440174.00000 4372138.00000 -137.0312
440174.00000 4372142.00000 N.C.
440174.00000 4372146.00000 N.C.
440174.00000 4372150.00000 -131.1403
440174.00000 4372154.00000 N.C.
440174.00000 4372158.00000 -108.5998
440174.00000 4372162.00000 N.C.
440174.00000 4372166.00000 N.C.
440174.00000 4372170.00000 -111.7235
440174.00000 4372174.00000 N.C.
440174.00000 4372178.00000 N.C.
440174.00000 4372182.00000 N.C.
440174.00000 4372186.00000 -109.8764
440174.00000 4372190.00000 -111.7526
440174.00000 4372194.00000 -112.1919
440174.00000 4372198.00000 -96.4264
440174.00000 4372202.00000 -96.6874
440174.00000 4372206.00000 -94.6836
440174.00000 4372210.00000 -94.2944
440174.00000 4372214.00000 -96.2385
440174.00000 4372218.00000 -96.5425
440174.00000 4372222.00000 -96.4903
440174.00000 4372226.00000 -96.4304
440174.00000 4372230.00000 -96.3106
440174.00000 4372234.00000 -96.6385
440174.00000 4372238.00000 -96.7134
440174.00000 4372242.00000 -96.7660
440174.00000 4372246.00000 -96.8494
440174.00000 4372250.00000 -96.9203
440174.00000 4372254.00000 -97.0134
440174.00000 4372258.00000 -97.1188
440174.00000 4372262.00000 -97.2418
440174.00000 4372266.00000 -97.3578
440174.00000 4372270.00000 -97.4827
440174.00000 4372274.00000 -97.6246
440174.00000 4372278.00000 -97.7767
440174.00000 4372282.00000 -97.9322
440174.00000 4372286.00000 -98.0624
440174.00000 4372290.00000 -98.2517
440174.00000 4372294.00000 -98.4548
440174.00000 4372298.00000 -98.6183
440174.00000 4372302.00000 -98.8195
440174.00000 4372306.00000 -99.0052
440174.00000 4372310.00000 -99.1959
440174.00000 4372314.00000 -99.3577
440174.00000 4372318.00000 -99.5661
440174.00000 4372322.00000 -99.7592
440174.00000 4372326.00000 -99.9146
440174.00000 4372330.00000 -99.9480
440174.00000 4372334.00000 -100.1285
440174.00000 4372338.00000 -100.4840
440174.00000 4372342.00000 -100.7048
440174.00000 4372346.00000 -100.9637
440174.00000 4372350.00000 -101.1634
440174.00000 4372354.00000 -101.3592
440174.00000 4372358.00000 -101.5532
440174.00000 4372362.00000 -101.7392
440174.00000 4372366.00000 -101.9223
440174.00000 4372370.00000 -102.0613
440174.00000 4372374.00000 -102.2043
440174.00000 4372378.00000 -102.3616
440174.00000 4372382.00000 -102.5883
440174.00000 4372386.00000 -102.6234
440174.00000 4372390.00000 -102.8421
440174.00000 4372394.00000 -103.0920
440174.00000 4372398.00000 -103.1485
440174.00000 4372402.00000 -103.4270
440174.00000 4372406.00000 -103.5447
440174.00000 4372410.00000 -103.6443
440174.00000 4372414.00000 -103.7546
440174.00000 4372418.00000 -103.8484
440174.00000 4372422.00000 -104.0265
440174.00000 4372426.00000 -104.2037
440174.00000 4372430.00000 -104.4356
440174.00000 4372434.00000 -104.6905
440174.00000 4372438.00000 -104.8298
440174.00000 4372442.00000 -104.8260
440174.00000 4372446.00000 -105.0406
440174.00000 4372450.00000 -105.2245
440174.00000 4372454.00000 -105.2737
440174.00000 4372458.00000 -105.3248
440174.00000 4372462.00000 -105.5478
440174.00000 4372466.00000 -105.6494
440174.00000 4372470.00000 -105.9499
440174.00000 4372474.00000 -106.5908
440174.00000 4372478.00000 -106.7359
440178.00000 4371970.00000 -132.3368
440178.00000 4371974.00000 -127.0648
440178.00000 4371978.00000 -139.9427
440178.00000 4371982.00000 N.C.
440178.00000 4371986.00000 N.C.
440178.00000 4371990.00000 N.C.
440178.00000 4371994.00000 -110.9789
440178.00000 4371998.00000 -110.3293
440178.00000 4372002.00000 -122.9643
440178.00000 4372006.00000 -112.2615
440178.00000 4372010.00000 -113.0114
440178.00000 4372014.00000 -113.8546
440178.00000 4372018.00000 -113.8408
440178.00000 4372022.00000 -113.3898
440178.00000 4372026.00000 -112.3350
440178.00000 4372030.00000 -112.7223
440178.00000 4372034.00000 -112.8423
440178.00000 4372038.00000 -111.7085
440178.00000 4372042.00000 -114.8635
440178.00000 4372046.00000 -114.0400
440178.00000 4372050.00000 -118.9546
440178.00000 4372054.00000 N.C.
440178.00000 4372058.00000 -114.3686
440178.00000 4372062.00000 N.C.
440178.00000 4372066.00000 N.C.
440178.00000 4372070.00000 -126.4210
440178.00000 4372074.00000 -120.3691
440178.00000 4372078.00000 -120.6463
440178.00000 4372082.00000 N.C.
440178.00000 4372086.00000 N.C.
440178.00000 4372090.00000 N.C.
440178.00000 4372094.00000 N.C.
440178.00000 4372098.00000 N.C.
440178.00000 4372102.00000 -123.7136
440178.00000 4372106.00000 -128.1288
440178.00000 4372110.00000 N.C.
440178.00000 4372114.00000 N.C.
440178.00000 4372118.00000 N.C.
440178.00000 4372122.00000 N.C.
440178.00000 4372126.00000 -145.4167
440178.00000 4372130.00000 N.C.
440178.00000 4372134.00000 -130.9967
440178.00000 4372138.00000 -135.8057
440178.00000 4372142.00000 N.C.
440178.00000 4372146.00000 N.C.
440178.00000 4372150.00000 -135.8078
440178.00000 4372154.00000 N.C.
440178.00000 4372158.00000 -107.7316
440178.00000 4372162.00000 N.C.
440178.00000 4372166.00000 N.C.
440178.00000 4372170.00000 -105.0116
440178.00000 4372174.00000 N.C.
440178.00000 4372178.00000 N.C.
440178.00000 4372182.00000 N.C.
440178.00000 4372186.00000 -113.1152
440178.00000 4372190.00000 -113.8179
440178.00000 4372194.00000 -112.3771
440178.00000 4372198.00000 -96.9275
440178.00000 4372202.00000 -97.0949
440178.00000 4372206.00000 -94.9612
440178.00000 4372210.00000 -94.9680
440178.00000 4372214.00000 -96.5792
440178.00000 4372218.00000 -96.9155
440178.00000 4372222.00000 -96.9400
440178.00000 4372226.00000 -96.9385
440178.00000 4372230.00000 -96.6787
440178.00000 4372234.00000 -96.9358
440178.00000 4372238.00000 -97.1007
440178.00000 4372242.00000 -97.1487
440178.00000 4372246.00000 -97.2108
440178.00000 4372250.00000 -97.2896
440178.00000 4372254.00000 -97.3725
440178.00000 4372258.00000 -97.4594
440178.00000 4372262.00000 -97.5812
440178.00000 4372266.00000 -97.6846
440178.00000 4372270.00000 -97.8033
440178.00000 4372274.00000 -97.9365
440178.00000 4372278.00000 -98.0685
440178.00000 4372282.00000 -98.2170
440178.00000 4372286.00000 -98.3418
440178.00000 4372290.00000 -98.5147
440178.00000 4372294.00000 -98.7120
440178.00000 4372298.00000 -98.8877
440178.00000 4372302.00000 -99.0819
440178.00000 4372306.00000 -99.2675
440178.00000 4372310.00000 -99.4498
440178.00000 4372314.00000 -99.6033
440178.00000 4372318.00000 -99.8147
440178.00000 4372322.00000 -99.9781
440178.00000 4372326.00000 -100.1677
440178.00000 4372330.00000 -100.3163
440178.00000 4372334.00000 -100.3454
440178.00000 4372338.00000 -100.5117
440178.00000 4372342.00000 -100.8634
440178.00000 4372346.00000 -101.0807
440178.00000 4372350.00000 -101.3159
440178.00000 4372354.00000 -101.5057
440178.00000 4372358.00000 -101.7103
440178.00000 4372362.00000 -101.8959
440178.00000 4372366.00000 -102.0616
440178.00000 4372370.00000 -102.2384
440178.00000 4372374.00000 -102.3584
440178.00000 4372378.00000 -102.5176
440178.00000 4372382.00000 -102.6709
440178.00000 4372386.00000 -102.7533
440178.00000 4372390.00000 -102.9692
440178.00000 4372394.00000 -103.1709
440178.00000 4372398.00000 -103.2260
440178.00000 4372402.00000 -103.3069
440178.00000 4372406.00000 -103.3477
440178.00000 4372410.00000 -103.4951
440178.00000 4372414.00000 -103.8036
440178.00000 4372418.00000 -103.9829
440178.00000 4372422.00000 -104.1564
440178.00000 4372426.00000 -104.3131
440178.00000 4372430.00000 -104.4830
440178.00000 4372434.00000 -104.7342
440178.00000 4372438.00000 -104.9292
440178.00000 4372442.00000 -104.9001
440178.00000 4372446.00000 -105.0571
440178.00000 4372450.00000 -105.2160
440178.00000 4372454.00000 -105.3334
440178.00000 4372458.00000 -105.3629
440178.00000 4372462.00000 -105.8655
440178.00000 4372466.00000 -106.0560
440178.00000 4372470.00000 -106.4171
440178.00000 4372474.00000 -106.6852
440178.00000 4372478.00000 -106.7379
440182.00000 4371970.00000 -131.5299
440182.00000 4371974.00000 -115.8234
440182.00000 4371978.00000 -116.8078
440182.00000 4371982.00000 N.C.
440182.00000 4371986.00000 N.C.
440182.00000 4371990.00000 -118.3811
440182.00000 4371994.00000 N.C.
440182.00000 4371998.00000 N.C.
440182.00000 4372002.00000 -109.9135
440182.00000 4372006.00000 -109.2856
440182.00000 4372010.00000 -116.5019
440182.00000 4372014.00000 -114.6783
440182.00000 4372018.00000 -112.0270
440182.00000 4372022.00000 -111.6221
440182.00000 4372026.00000 -112.1250
440182.00000 4372030.00000 -113.2946
440182.00000 4372034.00000 -111.2029
440182.00000 4372038.00000 -110.9611
440182.00000 4372042.00000 -104.6069
440182.00000 4372046.00000 -112.7355
440182.00000 4372050.00000 -118.5192
440182.00000 4372054.00000 N.C.
440182.00000 4372058.00000 -122.4961
440182.00000 4372062.00000 N.C.
440182.00000 4372066.00000 N.C.
440182.00000 4372070.00000 -125.6795
440182.00000 4372074.00000 -120.3962
440182.00000 4372078.00000 -128.2716
440182.00000 4372082.00000 N.C.
440182.00000 4372086.00000 N.C.
440182.00000 4372090.00000 N.C.
440182.00000 4372094.00000 N.C.
440182.00000 4372098.00000 N.C.
440182.00000 4372102.00000 -122.9727
440182.00000 4372106.00000 -127.6112
440182.00000 4372110.00000 N.C.
440182.00000 4372114.00000 N.C.
440182.00000 4372118.00000 N.C.
440182.00000 4372122.00000 N.C.
440182.00000 4372126.00000 -135.1983
440182.00000 4372130.00000 N.C.
440182.00000 4372134.00000 -130.3926
440182.00000 4372138.00000 -134.9160
440182.00000 4372142.00000 N.C.
440182.00000 4372146.00000 N.C.
440182.00000 4372150.00000 -136.8587
440182.00000 4372154.00000 N.C.
440182.00000 4372158.00000 -107.8092
440182.00000 4372162.00000 N.C.
440182.00000 4372166.00000 N.C.
440182.00000 4372170.00000 -103.8564
440182.00000 4372174.00000 N.C.
440182.00000 4372178.00000 N.C.
440182.00000 4372182.00000 N.C.
440182.00000 4372186.00000 -114.0258
440182.00000 4372190.00000 -113.6042
440182.00000 4372194.00000 -110.4616
440182.00000 4372198.00000 -97.2885
440182.00000 4372202.00000 -97.4553
440182.00000 4372206.00000 -94.9526
440182.00000 4372210.00000 -95.3154
440182.00000 4372214.00000 -95.2848
440182.00000 4372218.00000 -97.0261
440182.00000 4372222.00000 -97.2873
440182.00000 4372226.00000 -97.2792
440182.00000 4372230.00000 -97.3692
440182.00000 4372234.00000 -97.3062
440182.00000 4372238.00000 -97.4558
440182.00000 4372242.00000 -97.5003
440182.00000 4372246.00000 -97.5699
440182.00000 4372250.00000 -97.6373
440182.00000 4372254.00000 -97.7209
440182.00000 4372258.00000 -97.8028
440182.00000 4372262.00000 -97.8966
440182.00000 4372266.00000 -97.9996
440182.00000 4372270.00000 -98.1137
440182.00000 4372274.00000 -98.2371
440182.00000 4372278.00000 -98.3789
440182.00000 4372282.00000 -98.5301
440182.00000 4372286.00000 -98.6290
440182.00000 4372290.00000 -98.7966
440182.00000 4372294.00000 -98.9836
440182.00000 4372298.00000 -99.1486
440182.00000 4372302.00000 -99.3307
440182.00000 4372306.00000 -99.5114
440182.00000 4372310.00000 -99.6871
440182.00000 4372314.00000 -99.8616
440182.00000 4372318.00000 -100.0363
440182.00000 4372322.00000 -100.2108
440182.00000 4372326.00000 -100.3775
440182.00000 4372330.00000 -100.5235
440182.00000 4372334.00000 -100.7116
440182.00000 4372338.00000 -100.6983
440182.00000 4372342.00000 -100.8790
440182.00000 4372346.00000 -101.2630
440182.00000 4372350.00000 -101.4418
440182.00000 4372354.00000 -101.6678
440182.00000 4372358.00000 -101.8495
440182.00000 4372362.00000 -102.0290
440182.00000 4372366.00000 -102.2209
440182.00000 4372370.00000 -102.4082
440182.00000 4372374.00000 -102.5040
440182.00000 4372378.00000 -102.6653
440182.00000 4372382.00000 -102.8162
440182.00000 4372386.00000 -102.9631
440182.00000 4372390.00000 -103.0795
440182.00000 4372394.00000 -103.2844
440182.00000 4372398.00000 -103.4792
440182.00000 4372402.00000 -103.4801
440182.00000 4372406.00000 -103.5657
440182.00000 4372410.00000 -103.6118
440182.00000 4372414.00000 -103.8923
440182.00000 4372418.00000 -104.0095
440182.00000 4372422.00000 -104.2385
440182.00000 4372426.00000 -104.3870
440182.00000 4372430.00000 -104.5088
440182.00000 4372434.00000 -104.7177
440182.00000 4372438.00000 -105.0352
440182.00000 4372442.00000 -105.1325
440182.00000 4372446.00000 -105.0527
440182.00000 4372450.00000 -105.3854
440182.00000 4372454.00000 -105.9346
440182.00000 4372458.00000 -105.9432
440182.00000 4372462.00000 -106.0094
440182.00000 4372466.00000 -106.2429
440182.00000 4372470.00000 -106.3176
440182.00000 4372474.00000 -106.7511
440182.00000 4372478.00000 -106.8669
440186.00000 4371970.00000 -115.4593
440186.00000 4371974.00000 N.C.
440186.00000 4371978.00000 N.C.
440186.00000 4371982.00000 N.C.
440186.00000 4371986.00000 N.C.
440186.00000 4371990.00000 -135.6139
440186.00000 4371994.00000 N.C.
440186.00000 4371998.00000 N.C.
440186.00000 4372002.00000 -109.3574
440186.00000 4372006.00000 -109.1513
440186.00000 4372010.00000 -107.9643
440186.00000 4372014.00000 -108.9677
440186.00000 4372018.00000 -110.3153
440186.00000 4372022.00000 -103.3657
440186.00000 4372026.00000 -103.8182
440186.00000 4372030.00000 -103.6841
440186.00000 4372034.00000 -102.6978
440186.00000 4372038.00000 -110.5196
440186.00000 4372042.00000 -108.9093
440186.00000 4372046.00000 -113.0048
440186.00000 4372050.00000 -113.5863
440186.00000 4372054.00000 N.C.
440186.00000 4372058.00000 -117.5508
440186.00000 4372062.00000 N.C.
440186.00000 4372066.00000 N.C.
440186.00000 4372070.00000 -124.4540
440186.00000 4372074.00000 N.C.
440186.00000 4372078.00000 N.C.
440186.00000 4372082.00000 N.C.
440186.00000 4372086.00000 N.C.
440186.00000 4372090.00000 N.C.
440186.00000 4372094.00000 N.C.
440186.00000 4372098.00000 N.C.
440186.00000 4372102.00000 -123.6031
440186.00000 4372106.00000 -128.1353
440186.00000 4372110.00000 N.C.
440186.00000 4372114.00000 N.C.
440186.00000 4372118.00000 N.C.
440186.00000 4372122.00000 N.C.
440186.00000 4372126.00000 -130.3429
440186.00000 4372130.00000 N.C.
440186.00000 4372134.00000 -129.3116
440186.00000 4372138.00000 -133.5072
440186.00000 4372142.00000 N.C.
440186.00000 4372146.00000 N.C.
440186.00000 4372150.00000 -134.7441
440186.00000 4372154.00000 -131.7662
440186.00000 4372158.00000 -105.9044
440186.00000 4372162.00000 N.C.
440186.00000 4372166.00000 N.C.
440186.00000 4372170.00000 -102.8691
440186.00000 4372174.00000 -107.9784
440186.00000 4372178.00000 N.C.
440186.00000 4372182.00000 N.C.
440186.00000 4372186.00000 -116.0975
440186.00000 4372190.00000 -115.2784
440186.00000 4372194.00000 -105.2050
440186.00000 4372198.00000 -97.6563
440186.00000 4372202.00000 -97.8047
440186.00000 4372206.00000 -95.6167
440186.00000 4372210.00000 -95.7083
440186.00000 4372214.00000 -95.3545
440186.00000 4372218.00000 -97.3481
440186.00000 4372222.00000 -97.6685
440186.00000 4372226.00000 -97.6718
440186.00000 4372230.00000 -97.7384
440186.00000 4372234.00000 -97.6542
440186.00000 4372238.00000 -97.7602
440186.00000 4372242.00000 -97.8212
440186.00000 4372246.00000 -97.8890
440186.00000 4372250.00000 -97.9654
440186.00000 4372254.00000 -98.0521
440186.00000 4372258.00000 -98.1341
440186.00000 4372262.00000 -98.2280
440186.00000 4372266.00000 -98.3105
440186.00000 4372270.00000 -98.4251
440186.00000 4372274.00000 -98.5539
440186.00000 4372278.00000 -98.6842
440186.00000 4372282.00000 -98.8323
440186.00000 4372286.00000 -98.9236
440186.00000 4372290.00000 -99.0861
440186.00000 4372294.00000 -99.2598
440186.00000 4372298.00000 -99.4171
440186.00000 4372302.00000 -99.5952
440186.00000 4372306.00000 -99.7648
440186.00000 4372310.00000 -99.9258
440186.00000 4372314.00000 -100.0911
440186.00000 4372318.00000 -100.2632
440186.00000 4372322.00000 -100.4205
440186.00000 4372326.00000 -100.5768
440186.00000 4372330.00000 -100.7566
440186.00000 4372334.00000 -100.8933
440186.00000 4372338.00000 -101.0805
440186.00000 4372342.00000 -101.0529
440186.00000 4372346.00000 -101.2257
440186.00000 4372350.00000 -101.6078
440186.00000 4372354.00000 -101.7635
440186.00000 4372358.00000 -102.0036
440186.00000 4372362.00000 -102.1713
440186.00000 4372366.00000 -102.3827
440186.00000 4372370.00000 -102.5551
440186.00000 4372374.00000 -102.7014
440186.00000 4372378.00000 -102.8010
440186.00000 4372382.00000 -102.9460
440186.00000 4372386.00000 -103.0909
440186.00000 4372390.00000 -103.1882
440186.00000 4372394.00000 -103.4027
440186.00000 4372398.00000 -103.6150
440186.00000 4372402.00000 -103.6109
440186.00000 4372406.00000 -103.6777
440186.00000 4372410.00000 -103.7023
440186.00000 4372414.00000 -103.9268
440186.00000 4372418.00000 -104.0928
440186.00000 4372422.00000 -104.3095
440186.00000 4372426.00000 -104.4713
440186.00000 4372430.00000 -104.5526
440186.00000 4372434.00000 -104.7476
440186.00000 4372438.00000 -104.9820
440186.00000 4372442.00000 -105.4882
440186.00000 4372446.00000 -105.5028
440186.00000 4372450.00000 -105.6102
440186.00000 4372454.00000 -105.9683
440186.00000 4372458.00000 -106.0255
440186.00000 4372462.00000 -106.1678
440186.00000 4372466.00000 -106.2849
440186.00000 4372470.00000 -106.4551
440186.00000 4372474.00000 -106.5391
440186.00000 4372478.00000 -106.5509
440190.00000 4371970.00000 -136.4217
440190.00000 4371974.00000 N.C.
440190.00000 4371978.00000 N.C.
440190.00000 4371982.00000 N.C.
440190.00000 4371986.00000 N.C.
440190.00000 4371990.00000 N.C.
440190.00000 4371994.00000 N.C.
440190.00000 4371998.00000 N.C.
440190.00000 4372002.00000 -108.3624
440190.00000 4372006.00000 -109.1934
440190.00000 4372010.00000 -106.1832
440190.00000 4372014.00000 -107.4524
440190.00000 4372018.00000 -103.9913
440190.00000 4372022.00000 -104.2759
440190.00000 4372026.00000 -103.1690
440190.00000 4372030.00000 -100.9093
440190.00000 4372034.00000 -109.3421
440190.00000 4372038.00000 -110.3635
440190.00000 4372042.00000 -113.2314
440190.00000 4372046.00000 -113.9213
440190.00000 4372050.00000 N.C.
440190.00000 4372054.00000 N.C.
440190.00000 4372058.00000 -111.1390
440190.00000 4372062.00000 N.C.
440190.00000 4372066.00000 N.C.
440190.00000 4372070.00000 -118.8570
440190.00000 4372074.00000 N.C.
440190.00000 4372078.00000 N.C.
440190.00000 4372082.00000 N.C.
440190.00000 4372086.00000 N.C.
440190.00000 4372090.00000 N.C.
440190.00000 4372094.00000 N.C.
440190.00000 4372098.00000 N.C.
440190.00000 4372102.00000 -123.7887
440190.00000 4372106.00000 -127.9633
440190.00000 4372110.00000 N.C.
440190.00000 4372114.00000 N.C.
440190.00000 4372118.00000 N.C.
440190.00000 4372122.00000 N.C.
440190.00000 4372126.00000 -128.9425
440190.00000 4372130.00000 N.C.
440190.00000 4372134.00000 -129.3297
440190.00000 4372138.00000 -134.8667
440190.00000 4372142.00000 -139.3492
440190.00000 4372146.00000 N.C.
440190.00000 4372150.00000 N.C.
440190.00000 4372154.00000 N.C.
440190.00000 4372158.00000 -117.4879
440190.00000 4372162.00000 N.C.
440190.00000 4372166.00000 N.C.
440190.00000 4372170.00000 -97.3217
440190.00000 4372174.00000 N.C.
440190.00000 4372178.00000 N.C.
440190.00000 4372182.00000 N.C.
440190.00000 4372186.00000 -120.3847
440190.00000 4372190.00000 N.C.
440190.00000 4372194.00000 -102.1808
440190.00000 4372198.00000 -97.9560
440190.00000 4372202.00000 -98.1210
440190.00000 4372206.00000 -96.0265
440190.00000 4372210.00000 -96.0291
440190.00000 4372214.00000 -95.6776
440190.00000 4372218.00000 -97.6979
440190.00000 4372222.00000 -97.6915
440190.00000 4372226.00000 -97.9989
440190.00000 4372230.00000 -98.0259
440190.00000 4372234.00000 -98.0844
440190.00000 4372238.00000 -98.0822
440190.00000 4372242.00000 -98.1267
440190.00000 4372246.00000 -98.2410
440190.00000 4372250.00000 -98.2873
440190.00000 4372254.00000 -98.3706
440190.00000 4372258.00000 -98.4469
440190.00000 4372262.00000 -98.5363
440190.00000 4372266.00000 -98.6324
440190.00000 4372270.00000 -98.7372
440190.00000 4372274.00000 -98.8430
440190.00000 4372278.00000 -98.9700
440190.00000 4372282.00000 -99.1159
440190.00000 4372286.00000 -99.2160
440190.00000 4372290.00000 -99.3595
440190.00000 4372294.00000 -99.5005
440190.00000 4372298.00000 -99.6843
440190.00000 4372302.00000 -99.8382
440190.00000 4372306.00000 -100.0141
440190.00000 4372310.00000 -100.1681
440190.00000 4372314.00000 -100.3318
440190.00000 4372318.00000 -100.4936
440190.00000 4372322.00000 -100.6479
440190.00000 4372326.00000 -100.8075
440190.00000 4372330.00000 -100.9664
440190.00000 4372334.00000 -101.1334
440190.00000 4372338.00000 -101.2718
440190.00000 4372342.00000 -101.4418
440190.00000 4372346.00000 -101.3966
440190.00000 4372350.00000 -101.5916
440190.00000 4372354.00000 -101.9345
440190.00000 4372358.00000 -102.0771
440190.00000 4372362.00000 -102.3344
440190.00000 4372366.00000 -102.5259
440190.00000 4372370.00000 -102.6806
440190.00000 4372374.00000 -102.8455
440190.00000 4372378.00000 -102.9265
440190.00000 4372382.00000 -103.0741
440190.00000 4372386.00000 -103.2380
440190.00000 4372390.00000 -103.2981
440190.00000 4372394.00000 -103.5204
440190.00000 4372398.00000 -103.6748
440190.00000 4372402.00000 -103.7778
440190.00000 4372406.00000 -103.8559
440190.00000 4372410.00000 -103.8643
440190.00000 4372414.00000 -104.0250
440190.00000 4372418.00000 -104.1943
440190.00000 4372422.00000 -104.2996
440190.00000 4372426.00000 -104.5837
440190.00000 4372430.00000 -104.9579
440190.00000 4372434.00000 -105.0736
440190.00000 4372438.00000 -105.2650
440190.00000 4372442.00000 -105.6522
440190.00000 4372446.00000 -105.6396
440190.00000 4372450.00000 -105.6209
440190.00000 4372454.00000 -105.9256
440190.00000 4372458.00000 -106.1934
440190.00000 4372462.00000 -106.2481
440190.00000 4372466.00000 -105.8770
440190.00000 4372470.00000 -106.0825
440190.00000 4372474.00000 -106.1799
440190.00000 4372478.00000 -106.4039
440194.00000 4371970.00000 -137.1153
440194.00000 4371974.00000 N.C.
440194.00000 4371978.00000 N.C.
440194.00000 4371982.00000 N.C.
440194.00000 4371986.00000 N.C.
440194.00000 4371990.00000 N.C.
440194.00000 4371994.00000 N.C.
440194.00000 4371998.00000 N.C.
440194.00000 4372002.00000 -103.2171
440194.00000 4372006.00000 -104.5604
440194.00000 4372010.00000 -110.6435
440194.00000 4372014.00000 N.C.
440194.00000 4372018.00000 N.C.
440194.00000 4372022.00000 N.C.
440194.00000 4372026.00000 -105.1328
440194.00000 4372030.00000 N.C.
440194.00000 4372034.00000 N.C.
440194.00000 4372038.00000 -116.9319
440194.00000 4372042.00000 -116.4545
440194.00000 4372046.00000 -113.9660
440194.00000 4372050.00000 -114.8696
440194.00000 4372054.00000 -114.9344
440194.00000 4372058.00000 -122.9885
440194.00000 4372062.00000 N.C.
440194.00000 4372066.00000 -125.3699
440194.00000 4372070.00000 -123.6313
440194.00000 4372074.00000 -129.7506
440194.00000 4372078.00000 -134.6415
440194.00000 4372082.00000 -129.9540
440194.00000 4372086.00000 -138.7808
440194.00000 4372090.00000 -136.6607
440194.00000 4372094.00000 -135.5015
440194.00000 4372098.00000 -134.0211
440194.00000 4372102.00000 -123.6373
440194.00000 4372106.00000 -128.3276
440194.00000 4372110.00000 -134.4891
440194.00000 4372114.00000 -137.6197
440194.00000 4372118.00000 -138.7012
440194.00000 4372122.00000 -137.9482
440194.00000 4372126.00000 -128.8392
440194.00000 4372130.00000 -132.6481
440194.00000 4372134.00000 -128.9711
440194.00000 4372138.00000 -133.8525
440194.00000 4372142.00000 -136.4902
440194.00000 4372146.00000 N.C.
440194.00000 4372150.00000 -137.2476
440194.00000 4372154.00000 N.C.
440194.00000 4372158.00000 -126.4764
440194.00000 4372162.00000 N.C.
440194.00000 4372166.00000 N.C.
440194.00000 4372170.00000 -106.7060
440194.00000 4372174.00000 N.C.
440194.00000 4372178.00000 N.C.
440194.00000 4372182.00000 N.C.
440194.00000 4372186.00000 -119.3933
440194.00000 4372190.00000 N.C.
440194.00000 4372194.00000 N.C.
440194.00000 4372198.00000 -98.2275
440194.00000 4372202.00000 -98.4238
440194.00000 4372206.00000 -97.9694
440194.00000 4372210.00000 -96.2927
440194.00000 4372214.00000 -96.3385
440194.00000 4372218.00000 -97.9300
440194.00000 4372222.00000 -98.0144
440194.00000 4372226.00000 -98.3574
440194.00000 4372230.00000 -98.3649
440194.00000 4372234.00000 -98.4216
440194.00000 4372238.00000 -98.4449
440194.00000 4372242.00000 -98.4489
440194.00000 4372246.00000 -98.5419
440194.00000 4372250.00000 -98.6463
440194.00000 4372254.00000 -98.7106
440194.00000 4372258.00000 -98.7752
440194.00000 4372262.00000 -98.8304
440194.00000 4372266.00000 -98.9220
440194.00000 4372270.00000 -99.0221
440194.00000 4372274.00000 -99.1283
440194.00000 4372278.00000 -99.2484
440194.00000 4372282.00000 -99.4020
440194.00000 4372286.00000 -99.4976
440194.00000 4372290.00000 -99.6098
440194.00000 4372294.00000 -99.7572
440194.00000 4372298.00000 -99.9349
440194.00000 4372302.00000 -100.0880
440194.00000 4372306.00000 -100.2545
440194.00000 4372310.00000 -100.3861
440194.00000 4372314.00000 -100.5382
440194.00000 4372318.00000 -100.6906
440194.00000 4372322.00000 -100.8618
440194.00000 4372326.00000 -101.0167
440194.00000 4372330.00000 -101.1767
440194.00000 4372334.00000 -101.3479
440194.00000 4372338.00000 -101.5078
440194.00000 4372342.00000 -101.6278
440194.00000 4372346.00000 -101.7602
440194.00000 4372350.00000 -101.7422
440194.00000 4372354.00000 -101.9138
440194.00000 4372358.00000 -102.2644
440194.00000 4372362.00000 -102.4233
440194.00000 4372366.00000 -102.6591
440194.00000 4372370.00000 -102.8321
440194.00000 4372374.00000 -102.9900
440194.00000 4372378.00000 -103.0648
440194.00000 4372382.00000 -103.1971
440194.00000 4372386.00000 -103.3398
440194.00000 4372390.00000 -103.4524
440194.00000 4372394.00000 -103.5876
440194.00000 4372398.00000 -103.7568
440194.00000 4372402.00000 -103.8659
440194.00000 4372406.00000 -103.8277
440194.00000 4372410.00000 -103.9306
440194.00000 4372414.00000 -104.1329
440194.00000 4372418.00000 -104.4007
440194.00000 4372422.00000 -104.6261
440194.00000 4372426.00000 -104.8382
440194.00000 4372430.00000 -104.9844
440194.00000 4372434.00000 -105.1383
440194.00000 4372438.00000 -105.3610
440194.00000 4372442.00000 -105.6091
440194.00000 4372446.00000 -105.8094
440194.00000 4372450.00000 -105.8088
440194.00000 4372454.00000 -105.9029
440194.00000 4372458.00000 -105.7526
440194.00000 4372462.00000 -105.9616
440194.00000 4372466.00000 -105.9715
440194.00000 4372470.00000 -106.0270
440194.00000 4372474.00000 -106.7192
440194.00000 4372478.00000 -106.8144
440198.00000 4371970.00000 -137.2827
440198.00000 4371974.00000 N.C.
440198.00000 4371978.00000 N.C.
440198.00000 4371982.00000 N.C.
440198.00000 4371986.00000 N.C.
440198.00000 4371990.00000 N.C.
440198.00000 4371994.00000 N.C.
440198.00000 4371998.00000 N.C.
440198.00000 4372002.00000 -104.3797
440198.00000 4372006.00000 -114.0852
440198.00000 4372010.00000 -115.0074
440198.00000 4372014.00000 N.C.
440198.00000 4372018.00000 N.C.
440198.00000 4372022.00000 -130.0936
440198.00000 4372026.00000 -122.0830
440198.00000 4372030.00000 N.C.
440198.00000 4372034.00000 N.C.
440198.00000 4372038.00000 -119.1554
440198.00000 4372042.00000 -113.2136
440198.00000 4372046.00000 -114.2990
440198.00000 4372050.00000 -118.5116
440198.00000 4372054.00000 -111.4557
440198.00000 4372058.00000 -114.0463
440198.00000 4372062.00000 N.C.
440198.00000 4372066.00000 -121.8763
440198.00000 4372070.00000 N.C.
440198.00000 4372074.00000 N.C.
440198.00000 4372078.00000 -121.3515
440198.00000 4372082.00000 N.C.
440198.00000 4372086.00000 N.C.
440198.00000 4372090.00000 N.C.
440198.00000 4372094.00000 N.C.
440198.00000 4372098.00000 N.C.
440198.00000 4372102.00000 -130.9552
440198.00000 4372106.00000 N.C.
440198.00000 4372110.00000 -133.8259
440198.00000 4372114.00000 N.C.
440198.00000 4372118.00000 N.C.
440198.00000 4372122.00000 -192.0468
440198.00000 4372126.00000 N.C.
440198.00000 4372130.00000 N.C.
440198.00000 4372134.00000 N.C.
440198.00000 4372138.00000 -136.0526
440198.00000 4372142.00000 -138.4670
440198.00000 4372146.00000 N.C.
440198.00000 4372150.00000 -136.6824
440198.00000 4372154.00000 N.C.
440198.00000 4372158.00000 N.C.
440198.00000 4372162.00000 -104.8511
440198.00000 4372166.00000 -105.5320
440198.00000 4372170.00000 -106.6969
440198.00000 4372174.00000 N.C.
440198.00000 4372178.00000 N.C.
440198.00000 4372182.00000 N.C.
440198.00000 4372186.00000 -122.2044
440198.00000 4372190.00000 -110.1759
440198.00000 4372194.00000 N.C.
440198.00000 4372198.00000 -98.5111
440198.00000 4372202.00000 -98.7056
440198.00000 4372206.00000 -98.3699
440198.00000 4372210.00000 -96.2153
440198.00000 4372214.00000 -96.6818
440198.00000 4372218.00000 -96.6827
440198.00000 4372222.00000 -98.3058
440198.00000 4372226.00000 -98.6694
440198.00000 4372230.00000 -98.6978
440198.00000 4372234.00000 -98.7328
440198.00000 4372238.00000 -98.7783
440198.00000 4372242.00000 -98.7704
440198.00000 4372246.00000 -98.8505
440198.00000 4372250.00000 -98.9634
440198.00000 4372254.00000 -99.0258
440198.00000 4372258.00000 -99.0926
440198.00000 4372262.00000 -99.1475
440198.00000 4372266.00000 -99.2327
440198.00000 4372270.00000 -99.3330
440198.00000 4372274.00000 -99.4451
440198.00000 4372278.00000 -99.5277
440198.00000 4372282.00000 -99.6311
440198.00000 4372286.00000 -99.7556
440198.00000 4372290.00000 -99.8692
440198.00000 4372294.00000 -100.0049
440198.00000 4372298.00000 -100.1911
440198.00000 4372302.00000 -100.3226
440198.00000 4372306.00000 -100.4740
440198.00000 4372310.00000 -100.5552
440198.00000 4372314.00000 -100.7027
440198.00000 4372318.00000 -100.8840
440198.00000 4372322.00000 -101.0335
440198.00000 4372326.00000 -101.1698
440198.00000 4372330.00000 -101.3550
440198.00000 4372334.00000 -101.5232
440198.00000 4372338.00000 -101.6686
440198.00000 4372342.00000 -101.8481
440198.00000 4372346.00000 -101.9337
440198.00000 4372350.00000 -102.0761
440198.00000 4372354.00000 -102.0919
440198.00000 4372358.00000 -102.2636
440198.00000 4372362.00000 -102.5759
440198.00000 4372366.00000 -102.7352
440198.00000 4372370.00000 -102.9635
440198.00000 4372374.00000 -103.1455
440198.00000 4372378.00000 -103.2255
440198.00000 4372382.00000 -103.3633
440198.00000 4372386.00000 -103.4903
440198.00000 4372390.00000 -103.5712
440198.00000 4372394.00000 -103.6349
440198.00000 4372398.00000 -103.8388
440198.00000 4372402.00000 -104.0207
440198.00000 4372406.00000 -103.9772
440198.00000 4372410.00000 -104.3131
440198.00000 4372414.00000 -104.3697
440198.00000 4372418.00000 -104.6431
440198.00000 4372422.00000 -104.7553
440198.00000 4372426.00000 -104.8668
440198.00000 4372430.00000 -105.1061
440198.00000 4372434.00000 -105.2591
440198.00000 4372438.00000 -105.3903
440198.00000 4372442.00000 -105.4922
440198.00000 4372446.00000 -105.7405
440198.00000 4372450.00000 -105.4906
440198.00000 4372454.00000 -105.5051
440198.00000 4372458.00000 -105.8256
440198.00000 4372462.00000 -106.0108
440198.00000 4372466.00000 -106.5211
440198.00000 4372470.00000 -106.5951
440198.00000 4372474.00000 -106.8076
440198.00000 4372478.00000 -106.8974
440202.00000 4371970.00000 -137.9958
440202.00000 4371974.00000 N.C.
440202.00000 4371978.00000 N.C.
440202.00000 4371982.00000 N.C.
440202.00000 4371986.00000 N.C.
440202.00000 4371990.00000 N.C.
440202.00000 4371994.00000 N.C.
440202.00000 4371998.00000 N.C.
440202.00000 4372002.00000 -119.7744
440202.00000 4372006.00000 -114.5851
440202.00000 4372010.00000 -114.6462
440202.00000 4372014.00000 N.C.
440202.00000 4372018.00000 N.C.
440202.00000 4372022.00000 N.C.
440202.00000 4372026.00000 -116.9655
440202.00000 4372030.00000 N.C.
440202.00000 4372034.00000 N.C.
440202.00000 4372038.00000 N.C.
440202.00000 4372042.00000 -110.4122
440202.00000 4372046.00000 -119.8051
440202.00000 4372050.00000 -112.0385
440202.00000 4372054.00000 -119.4894
440202.00000 4372058.00000 -120.4427
440202.00000 4372062.00000 N.C.
440202.00000 4372066.00000 -124.6479
440202.00000 4372070.00000 N.C.
440202.00000 4372074.00000 N.C.
440202.00000 4372078.00000 -124.6449
440202.00000 4372082.00000 -126.2865
440202.00000 4372086.00000 -121.8927
440202.00000 4372090.00000 -122.2967
440202.00000 4372094.00000 N.C.
440202.00000 4372098.00000 N.C.
440202.00000 4372102.00000 -134.6006
440202.00000 4372106.00000 N.C.
440202.00000 4372110.00000 -131.7142
440202.00000 4372114.00000 N.C.
440202.00000 4372118.00000 N.C.
440202.00000 4372122.00000 -164.1868
440202.00000 4372126.00000 N.C.
440202.00000 4372130.00000 N.C.
440202.00000 4372134.00000 N.C.
440202.00000 4372138.00000 -135.5549
440202.00000 4372142.00000 -141.0044
440202.00000 4372146.00000 N.C.
440202.00000 4372150.00000 -137.0703
440202.00000 4372154.00000 N.C.
440202.00000 4372158.00000 N.C.
440202.00000 4372162.00000 -99.5527
440202.00000 4372166.00000 -103.5377
440202.00000 4372170.00000 -119.1561
440202.00000 4372174.00000 N.C.
440202.00000 4372178.00000 N.C.
440202.00000 4372182.00000 N.C.
440202.00000 4372186.00000 N.C.
440202.00000 4372190.00000 -102.5357
440202.00000 4372194.00000 N.C.
440202.00000 4372198.00000 -98.4856
440202.00000 4372202.00000 -99.1013
440202.00000 4372206.00000 -98.7186
440202.00000 4372210.00000 -96.9183
440202.00000 4372214.00000 -96.9501
440202.00000 4372218.00000 -96.9697
440202.00000 4372222.00000 -98.6088
440202.00000 4372226.00000 -98.6500
440202.00000 4372230.00000 -99.0118
440202.00000 4372234.00000 -99.0211
440202.00000 4372238.00000 -99.0832
440202.00000 4372242.00000 -99.1258
440202.00000 4372246.00000 -99.1692
440202.00000 4372250.00000 -99.2489
440202.00000 4372254.00000 -99.3303
440202.00000 4372258.00000 -99.3944
440202.00000 4372262.00000 -99.4363
440202.00000 4372266.00000 -99.5203
440202.00000 4372270.00000 -99.6166
440202.00000 4372274.00000 -99.7228
440202.00000 4372278.00000 -99.8248
440202.00000 4372282.00000 -99.9189
440202.00000 4372286.00000 -100.0340
440202.00000 4372290.00000 -100.1526
440202.00000 4372294.00000 -100.2533
440202.00000 4372298.00000 -100.3856
440202.00000 4372302.00000 -100.5483
440202.00000 4372306.00000 -100.6880
440202.00000 4372310.00000 -100.8506
440202.00000 4372314.00000 -101.0077
440202.00000 4372318.00000 -101.1330
440202.00000 4372322.00000 -101.2267
440202.00000 4372326.00000 -101.3694
440202.00000 4372330.00000 -101.5019
440202.00000 4372334.00000 -101.6654
440202.00000 4372338.00000 -101.8144
440202.00000 4372342.00000 -102.0019
440202.00000 4372346.00000 -102.1351
440202.00000 4372350.00000 -102.2297
440202.00000 4372354.00000 -102.4230
440202.00000 4372358.00000 -102.4231
440202.00000 4372362.00000 -102.5659
440202.00000 4372366.00000 -102.8835
440202.00000 4372370.00000 -103.0374
440202.00000 4372374.00000 -103.2864
440202.00000 4372378.00000 -103.4207
440202.00000 4372382.00000 -103.4694
440202.00000 4372386.00000 -103.5921
440202.00000 4372390.00000 -103.6681
440202.00000 4372394.00000 -103.8552
440202.00000 4372398.00000 -104.1198
440202.00000 4372402.00000 -104.2917
440202.00000 4372406.00000 -104.4015
440202.00000 4372410.00000 -104.3703
440202.00000 4372414.00000 -104.4792
440202.00000 4372418.00000 -104.6476
440202.00000 4372422.00000 -104.9107
440202.00000 4372426.00000 -104.9546
440202.00000 4372430.00000 -105.1799
440202.00000 4372434.00000 -105.3309
440202.00000 4372438.00000 -105.3519
440202.00000 4372442.00000 -105.2895
440202.00000 4372446.00000 -105.4535
440202.00000 4372450.00000 -105.7729
440202.00000 4372454.00000 -105.5840
440202.00000 4372458.00000 -106.0310
440202.00000 4372462.00000 -106.4952
440202.00000 4372466.00000 -106.5965
440202.00000 4372470.00000 -106.6513
440202.00000 4372474.00000 -106.7962
440202.00000 4372478.00000 -106.9865
440206.00000 4371970.00000 -139.5660
440206.00000 4371974.00000 N.C.
440206.00000 4371978.00000 -142.1692
440206.00000 4371982.00000 N.C.
440206.00000 4371986.00000 N.C.
440206.00000 4371990.00000 -146.1336
440206.00000 4371994.00000 N.C.
440206.00000 4371998.00000 N.C.
440206.00000 4372002.00000 -123.5936
440206.00000 4372006.00000 -126.8510
440206.00000 4372010.00000 -121.5333
440206.00000 4372014.00000 N.C.
440206.00000 4372018.00000 N.C.
440206.00000 4372022.00000 N.C.
440206.00000 4372026.00000 -122.7367
440206.00000 4372030.00000 N.C.
440206.00000 4372034.00000 N.C.
440206.00000 4372038.00000 N.C.
440206.00000 4372042.00000 N.C.
440206.00000 4372046.00000 N.C.
440206.00000 4372050.00000 -119.3101
440206.00000 4372054.00000 -116.9009
440206.00000 4372058.00000 -114.8890
440206.00000 4372062.00000 N.C.
440206.00000 4372066.00000 -121.0362
440206.00000 4372070.00000 N.C.
440206.00000 4372074.00000 N.C.
440206.00000 4372078.00000 -115.5824
440206.00000 4372082.00000 -112.3808
440206.00000 4372086.00000 -112.4179
440206.00000 4372090.00000 -122.8346
440206.00000 4372094.00000 N.C.
440206.00000 4372098.00000 N.C.
440206.00000 4372102.00000 -139.2031
440206.00000 4372106.00000 N.C.
440206.00000 4372110.00000 -128.1523
440206.00000 4372114.00000 N.C.
440206.00000 4372118.00000 N.C.
440206.00000 4372122.00000 -152.0930
440206.00000 4372126.00000 N.C.
440206.00000 4372130.00000 N.C.
440206.00000 4372134.00000 N.C.
440206.00000 4372138.00000 -134.2857
440206.00000 4372142.00000 -139.9752
440206.00000 4372146.00000 N.C.
440206.00000 4372150.00000 -137.5494
440206.00000 4372154.00000 N.C.
440206.00000 4372158.00000 N.C.
440206.00000 4372162.00000 N.C.
440206.00000 4372166.00000 N.C.
440206.00000 4372170.00000 -121.5520
440206.00000 4372174.00000 N.C.
440206.00000 4372178.00000 N.C.
440206.00000 4372182.00000 N.C.
440206.00000 4372186.00000 N.C.
440206.00000 4372190.00000 -102.9064
440206.00000 4372194.00000 N.C.
440206.00000 4372198.00000 -98.8877
440206.00000 4372202.00000 -99.4545
440206.00000 4372206.00000 -99.0200
440206.00000 4372210.00000 -97.2376
440206.00000 4372214.00000 -97.2213
440206.00000 4372218.00000 -96.9336
440206.00000 4372222.00000 -98.9213
440206.00000 4372226.00000 -98.9661
440206.00000 4372230.00000 -99.2925
440206.00000 4372234.00000 -99.3274
440206.00000 4372238.00000 -99.3533
440206.00000 4372242.00000 -99.4233
440206.00000 4372246.00000 -99.4907
440206.00000 4372250.00000 -99.5415
440206.00000 4372254.00000 -99.6092
440206.00000 4372258.00000 -99.6792
440206.00000 4372262.00000 -99.7244
440206.00000 4372266.00000 -99.8048
440206.00000 4372270.00000 -99.8940
440206.00000 4372274.00000 -99.9915
440206.00000 4372278.00000 -100.0919
440206.00000 4372282.00000 -100.1836
440206.00000 4372286.00000 -100.2921
440206.00000 4372290.00000 -100.4219
440206.00000 4372294.00000 -100.5186
440206.00000 4372298.00000 -100.6543
440206.00000 4372302.00000 -100.7805
440206.00000 4372306.00000 -100.9121
440206.00000 4372310.00000 -101.0753
440206.00000 4372314.00000 -101.2080
440206.00000 4372318.00000 -101.3407
440206.00000 4372322.00000 -101.4810
440206.00000 4372326.00000 -101.6061
440206.00000 4372330.00000 -101.7700
440206.00000 4372334.00000 -101.8835
440206.00000 4372338.00000 -101.9886
440206.00000 4372342.00000 -102.0766
440206.00000 4372346.00000 -102.2617
440206.00000 4372350.00000 -102.3512
440206.00000 4372354.00000 -102.5322
440206.00000 4372358.00000 -102.6998
440206.00000 4372362.00000 -102.6850
440206.00000 4372366.00000 -102.7905
440206.00000 4372370.00000 -103.1285
440206.00000 4372374.00000 -103.2972
440206.00000 4372378.00000 -103.5629
440206.00000 4372382.00000 -103.6374
440206.00000 4372386.00000 -103.8575
440206.00000 4372390.00000 -104.0113
440206.00000 4372394.00000 -104.0770
440206.00000 4372398.00000 -104.2049
440206.00000 4372402.00000 -104.3952
440206.00000 4372406.00000 -104.5992
440206.00000 4372410.00000 -104.4985
440206.00000 4372414.00000 -104.6573
440206.00000 4372418.00000 -104.6141
440206.00000 4372422.00000 -104.9953
440206.00000 4372426.00000 -105.1816
440206.00000 4372430.00000 -105.2001
440206.00000 4372434.00000 -105.1422
440206.00000 4372438.00000 -105.2862
440206.00000 4372442.00000 -105.3779
440206.00000 4372446.00000 -105.4154
440206.00000 4372450.00000 -105.9967
440206.00000 4372454.00000 -106.1908
440206.00000 4372458.00000 -106.1515
440206.00000 4372462.00000 -106.4773
440206.00000 4372466.00000 -106.6857
440206.00000 4372470.00000 -106.8045
440206.00000 4372474.00000 -106.8577
440206.00000 4372478.00000 -107.0584
440210.00000 4371970.00000 -139.6978
440210.00000 4371974.00000 N.C.
440210.00000 4371978.00000 -137.6952
440210.00000 4371982.00000 N.C.
440210.00000 4371986.00000 -144.8649
440210.00000 4371990.00000 -144.7441
440210.00000 4371994.00000 N.C.
440210.00000 4371998.00000 N.C.
440210.00000 4372002.00000 -122.3374
440210.00000 4372006.00000 -124.2312
440210.00000 4372010.00000 -127.5775
440210.00000 4372014.00000 -140.4512
440210.00000 4372018.00000 -146.7494
440210.00000 4372022.00000 -125.1742
440210.00000 4372026.00000 -122.4271
440210.00000 4372030.00000 N.C.
440210.00000 4372034.00000 N.C.
440210.00000 4372038.00000 N.C.
440210.00000 4372042.00000 N.C.
440210.00000 4372046.00000 N.C.
440210.00000 4372050.00000 -117.9405
440210.00000 4372054.00000 -119.3373
440210.00000 4372058.00000 -118.4946
440210.00000 4372062.00000 N.C.
440210.00000 4372066.00000 -117.8323
440210.00000 4372070.00000 N.C.
440210.00000 4372074.00000 N.C.
440210.00000 4372078.00000 N.C.
440210.00000 4372082.00000 N.C.
440210.00000 4372086.00000 N.C.
440210.00000 4372090.00000 -122.7253
440210.00000 4372094.00000 N.C.
440210.00000 4372098.00000 N.C.
440210.00000 4372102.00000 -139.3296
440210.00000 4372106.00000 N.C.
440210.00000 4372110.00000 -126.7337
440210.00000 4372114.00000 N.C.
440210.00000 4372118.00000 N.C.
440210.00000 4372122.00000 -155.5795
440210.00000 4372126.00000 N.C.
440210.00000 4372130.00000 N.C.
440210.00000 4372134.00000 N.C.
440210.00000 4372138.00000 -134.4212
440210.00000 4372142.00000 -140.1913
440210.00000 4372146.00000 -141.2643
440210.00000 4372150.00000 N.C.
440210.00000 4372154.00000 -123.8402
440210.00000 4372158.00000 N.C.
440210.00000 4372162.00000 N.C.
440210.00000 4372166.00000 N.C.
440210.00000 4372170.00000 -123.7970
440210.00000 4372174.00000 N.C.
440210.00000 4372178.00000 N.C.
440210.00000 4372182.00000 N.C.
440210.00000 4372186.00000 N.C.
440210.00000 4372190.00000 N.C.
440210.00000 4372194.00000 N.C.
440210.00000 4372198.00000 N.C.
440210.00000 4372202.00000 -99.7553
440210.00000 4372206.00000 -99.3049
440210.00000 4372210.00000 -97.6084
440210.00000 4372214.00000 -97.5664
440210.00000 4372218.00000 -97.6073
440210.00000 4372222.00000 -99.1356
440210.00000 4372226.00000 -99.2184
440210.00000 4372230.00000 -99.2415
440210.00000 4372234.00000 -99.6289
440210.00000 4372238.00000 -99.6417
440210.00000 4372242.00000 -99.6970
440210.00000 4372246.00000 -99.7823
440210.00000 4372250.00000 -99.8295
440210.00000 4372254.00000 -99.8853
440210.00000 4372258.00000 -99.9653
440210.00000 4372262.00000 -100.0004
440210.00000 4372266.00000 -100.0713
440210.00000 4372270.00000 -100.1602
440210.00000 4372274.00000 -100.2514
440210.00000 4372278.00000 -100.3547
440210.00000 4372282.00000 -100.4484
440210.00000 4372286.00000 -100.5450
440210.00000 4372290.00000 -100.6738
440210.00000 4372294.00000 -100.7608
440210.00000 4372298.00000 -100.8924
440210.00000 4372302.00000 -101.0043
440210.00000 4372306.00000 -101.1602
440210.00000 4372310.00000 -101.3067
440210.00000 4372314.00000 -101.4221
440210.00000 4372318.00000 -101.5546
440210.00000 4372322.00000 -101.6709
440210.00000 4372326.00000 -101.8086
440210.00000 4372330.00000 -101.9367
440210.00000 4372334.00000 -102.0773
440210.00000 4372338.00000 -102.2262
440210.00000 4372342.00000 -102.3604
440210.00000 4372346.00000 -102.5181
440210.00000 4372350.00000 -102.6446
440210.00000 4372354.00000 -102.6730
440210.00000 4372358.00000 -102.7547
440210.00000 4372362.00000 -102.9273
440210.00000 4372366.00000 -102.8773
440210.00000 4372370.00000 -103.0226
440210.00000 4372374.00000 -103.4239
440210.00000 4372378.00000 -103.7112
440210.00000 4372382.00000 -103.8598
440210.00000 4372386.00000 -104.0048
440210.00000 4372390.00000 -104.1283
440210.00000 4372394.00000 -104.2065
440210.00000 4372398.00000 -104.2700
440210.00000 4372402.00000 -104.5058
440210.00000 4372406.00000 -104.6548
440210.00000 4372410.00000 -104.5820
440210.00000 4372414.00000 -104.7594
440210.00000 4372418.00000 -104.6940
440210.00000 4372422.00000 -104.9654
440210.00000 4372426.00000 -104.9111
440210.00000 4372430.00000 -105.0725
440210.00000 4372434.00000 -105.2489
440210.00000 4372438.00000 -105.3263
440210.00000 4372442.00000 -105.6482
440210.00000 4372446.00000 -105.9298
440210.00000 4372450.00000 -106.0849
440210.00000 4372454.00000 -106.3889
440210.00000 4372458.00000 -106.2470
440210.00000 4372462.00000 -106.3540
440210.00000 4372466.00000 -106.7327
440210.00000 4372470.00000 -107.0314
440210.00000 4372474.00000 -107.0143
440210.00000 4372478.00000 -107.0603
440214.00000 4371970.00000 -139.4435
440214.00000 4371974.00000 N.C.
440214.00000 4371978.00000 N.C.
440214.00000 4371982.00000 -137.7839
440214.00000 4371986.00000 -139.2628
440214.00000 4371990.00000 -139.8955
440214.00000 4371994.00000 N.C.
440214.00000 4371998.00000 N.C.
440214.00000 4372002.00000 -122.7770
440214.00000 4372006.00000 -123.2232
440214.00000 4372010.00000 -129.2640
440214.00000 4372014.00000 -135.8902
440214.00000 4372018.00000 N.C.
440214.00000 4372022.00000 N.C.
440214.00000 4372026.00000 N.C.
440214.00000 4372030.00000 N.C.
440214.00000 4372034.00000 N.C.
440214.00000 4372038.00000 N.C.
440214.00000 4372042.00000 N.C.
440214.00000 4372046.00000 N.C.
440214.00000 4372050.00000 -123.3541
440214.00000 4372054.00000 -118.6119
440214.00000 4372058.00000 -119.4420
440214.00000 4372062.00000 N.C.
440214.00000 4372066.00000 -126.8702
440214.00000 4372070.00000 -135.6340
440214.00000 4372074.00000 -136.2417
440214.00000 4372078.00000 -137.9232
440214.00000 4372082.00000 -138.5241
440214.00000 4372086.00000 -144.1852
440214.00000 4372090.00000 -121.3073
440214.00000 4372094.00000 N.C.
440214.00000 4372098.00000 N.C.
440214.00000 4372102.00000 -139.2918
440214.00000 4372106.00000 N.C.
440214.00000 4372110.00000 -129.4813
440214.00000 4372114.00000 N.C.
440214.00000 4372118.00000 N.C.
440214.00000 4372122.00000 -156.2895
440214.00000 4372126.00000 N.C.
440214.00000 4372130.00000 N.C.
440214.00000 4372134.00000 N.C.
440214.00000 4372138.00000 -138.2797
440214.00000 4372142.00000 -135.8880
440214.00000 4372146.00000 -139.7405
440214.00000 4372150.00000 N.C.
440214.00000 4372154.00000 -106.0602
440214.00000 4372158.00000 N.C.
440214.00000 4372162.00000 N.C.
440214.00000 4372166.00000 N.C.
440214.00000 4372170.00000 -117.3174
440214.00000 4372174.00000 N.C.
440214.00000 4372178.00000 N.C.
440214.00000 4372182.00000 N.C.
440214.00000 4372186.00000 N.C.
440214.00000 4372190.00000 N.C.
440214.00000 4372194.00000 N.C.
440214.00000 4372198.00000 N.C.
440214.00000 4372202.00000 -99.9588
440214.00000 4372206.00000 -99.5963
440214.00000 4372210.00000 -99.4893
440214.00000 4372214.00000 -97.3919
440214.00000 4372218.00000 -97.8514
440214.00000 4372222.00000 -97.8747
440214.00000 4372226.00000 -99.4936
440214.00000 4372230.00000 -99.5402
440214.00000 4372234.00000 -99.9193
440214.00000 4372238.00000 -99.9518
440214.00000 4372242.00000 -99.9791
440214.00000 4372246.00000 -100.0369
440214.00000 4372250.00000 -100.1343
440214.00000 4372254.00000 -100.1613
440214.00000 4372258.00000 -100.2214
440214.00000 4372262.00000 -100.2793
440214.00000 4372266.00000 -100.3458
440214.00000 4372270.00000 -100.4379
440214.00000 4372274.00000 -100.5150
440214.00000 4372278.00000 -100.6124
440214.00000 4372282.00000 -100.7044
440214.00000 4372286.00000 -100.8312
440214.00000 4372290.00000 -100.9190
440214.00000 4372294.00000 -101.0310
440214.00000 4372298.00000 -101.1245
440214.00000 4372302.00000 -101.2391
440214.00000 4372306.00000 -101.3831
440214.00000 4372310.00000 -101.5066
440214.00000 4372314.00000 -101.6517
440214.00000 4372318.00000 -101.7850
440214.00000 4372322.00000 -101.9168
440214.00000 4372326.00000 -102.0305
440214.00000 4372330.00000 -102.1255
440214.00000 4372334.00000 -102.2639
440214.00000 4372338.00000 -102.3861
440214.00000 4372342.00000 -102.5247
440214.00000 4372346.00000 -102.6699
440214.00000 4372350.00000 -102.8008
440214.00000 4372354.00000 -102.9313
440214.00000 4372358.00000 -103.0367
440214.00000 4372362.00000 -103.2421
440214.00000 4372366.00000 -103.4742
440214.00000 4372370.00000 -103.3145
440214.00000 4372374.00000 -103.3689
440214.00000 4372378.00000 -103.7712
440214.00000 4372382.00000 -103.8981
440214.00000 4372386.00000 -104.0809
440214.00000 4372390.00000 -104.1713
440214.00000 4372394.00000 -104.1673
440214.00000 4372398.00000 -104.3937
440214.00000 4372402.00000 -104.5525
440214.00000 4372406.00000 -104.7390
440214.00000 4372410.00000 -104.7422
440214.00000 4372414.00000 -104.7630
440214.00000 4372418.00000 -104.8083
440214.00000 4372422.00000 -104.6821
440214.00000 4372426.00000 -105.1648
440214.00000 4372430.00000 -105.2076
440214.00000 4372434.00000 -105.6153
440214.00000 4372438.00000 -105.7900
440214.00000 4372442.00000 -105.8884
440214.00000 4372446.00000 -106.0723
440214.00000 4372450.00000 -106.0719
440214.00000 4372454.00000 -106.3315
440214.00000 4372458.00000 -106.4735
440214.00000 4372462.00000 -106.4538
440214.00000 4372466.00000 -106.7899
440214.00000 4372470.00000 -107.0126
440214.00000 4372474.00000 -107.1143
440214.00000 4372478.00000 -107.1517
440218.00000 4371970.00000 -139.0883
440218.00000 4371974.00000 N.C.
440218.00000 4371978.00000 N.C.
440218.00000 4371982.00000 -138.5889
440218.00000 4371986.00000 -137.9389
440218.00000 4371990.00000 -139.2815
440218.00000 4371994.00000 N.C.
440218.00000 4371998.00000 N.C.
440218.00000 4372002.00000 -122.7501
440218.00000 4372006.00000 -132.0684
440218.00000 4372010.00000 -126.7739
440218.00000 4372014.00000 N.C.
440218.00000 4372018.00000 N.C.
440218.00000 4372022.00000 -134.5497
440218.00000 4372026.00000 -121.8825
440218.00000 4372030.00000 -136.8182
440218.00000 4372034.00000 -137.7900
440218.00000 4372038.00000 -133.0114
440218.00000 4372042.00000 -132.6451
440218.00000 4372046.00000 -129.9116
440218.00000 4372050.00000 -125.7260
440218.00000 4372054.00000 -122.1290
440218.00000 4372058.00000 -119.2837
440218.00000 4372062.00000 -137.4703
440218.00000 4372066.00000 -127.3545
440218.00000 4372070.00000 -114.7945
440218.00000 4372074.00000 N.C.
440218.00000 4372078.00000 N.C.
440218.00000 4372082.00000 N.C.
440218.00000 4372086.00000 -126.4159
440218.00000 4372090.00000 N.C.
440218.00000 4372094.00000 N.C.
440218.00000 4372098.00000 N.C.
440218.00000 4372102.00000 N.C.
440218.00000 4372106.00000 N.C.
440218.00000 4372110.00000 N.C.
440218.00000 4372114.00000 N.C.
440218.00000 4372118.00000 N.C.
440218.00000 4372122.00000 N.C.
440218.00000 4372126.00000 N.C.
440218.00000 4372130.00000 N.C.
440218.00000 4372134.00000 N.C.
440218.00000 4372138.00000 N.C.
440218.00000 4372142.00000 -134.6526
440218.00000 4372146.00000 -133.7673
440218.00000 4372150.00000 N.C.
440218.00000 4372154.00000 -120.3251
440218.00000 4372158.00000 N.C.
440218.00000 4372162.00000 N.C.
440218.00000 4372166.00000 N.C.
440218.00000 4372170.00000 -127.2762
440218.00000 4372174.00000 N.C.
440218.00000 4372178.00000 N.C.
440218.00000 4372182.00000 N.C.
440218.00000 4372186.00000 N.C.
440218.00000 4372190.00000 N.C.
440218.00000 4372194.00000 N.C.
440218.00000 4372198.00000 N.C.
440218.00000 4372202.00000 -97.9684
440218.00000 4372206.00000 -100.2544
440218.00000 4372210.00000 -99.4632
440218.00000 4372214.00000 -97.6765
440218.00000 4372218.00000 -97.9092
440218.00000 4372222.00000 -97.7754
440218.00000 4372226.00000 -99.7101
440218.00000 4372230.00000 -99.8184
440218.00000 4372234.00000 -100.1891
440218.00000 4372238.00000 -100.2583
440218.00000 4372242.00000 -100.2483
440218.00000 4372246.00000 -100.3013
440218.00000 4372250.00000 -100.3684
440218.00000 4372254.00000 -100.4550
440218.00000 4372258.00000 -100.4975
440218.00000 4372262.00000 -100.5650
440218.00000 4372266.00000 -100.6131
440218.00000 4372270.00000 -100.6989
440218.00000 4372274.00000 -100.7744
440218.00000 4372278.00000 -100.8561
440218.00000 4372282.00000 -100.9516
440218.00000 4372286.00000 -101.0748
440218.00000 4372290.00000 -101.1766
440218.00000 4372294.00000 -101.2672
440218.00000 4372298.00000 -101.3555
440218.00000 4372302.00000 -101.4631
440218.00000 4372306.00000 -101.6023
440218.00000 4372310.00000 -101.7208
440218.00000 4372314.00000 -101.8637
440218.00000 4372318.00000 -101.9989
440218.00000 4372322.00000 -102.1169
440218.00000 4372326.00000 -102.2106
440218.00000 4372330.00000 -102.3321
440218.00000 4372334.00000 -102.4608
440218.00000 4372338.00000 -102.6009
440218.00000 4372342.00000 -102.7497
440218.00000 4372346.00000 -102.8730
440218.00000 4372350.00000 -103.0076
440218.00000 4372354.00000 -103.2102
440218.00000 4372358.00000 -103.3174
440218.00000 4372362.00000 -103.4199
440218.00000 4372366.00000 -103.5842
440218.00000 4372370.00000 -103.5213
440218.00000 4372374.00000 -103.6671
440218.00000 4372378.00000 -103.8078
440218.00000 4372382.00000 -104.1710
440218.00000 4372386.00000 -104.2121
440218.00000 4372390.00000 -104.3026
440218.00000 4372394.00000 -104.3671
440218.00000 4372398.00000 -104.4166
440218.00000 4372402.00000 -104.5827
440218.00000 4372406.00000 -104.5525
440218.00000 4372410.00000 -104.6618
440218.00000 4372414.00000 -104.6059
440218.00000 4372418.00000 -104.7478
440218.00000 4372422.00000 -104.8856
440218.00000 4372426.00000 -105.3468
440218.00000 4372430.00000 -105.6110
440218.00000 4372434.00000 -105.6991
440218.00000 4372438.00000 -105.8905
440218.00000 4372442.00000 -105.9858
440218.00000 4372446.00000 -105.9061
440218.00000 4372450.00000 -106.2477
440218.00000 4372454.00000 -106.3823
440218.00000 4372458.00000 -106.5945
440218.00000 4372462.00000 -106.5181
440218.00000 4372466.00000 -106.7342
440218.00000 4372470.00000 -106.6624
440218.00000 4372474.00000 -107.3173
440218.00000 4372478.00000 -106.9692
440222.00000 4371970.00000 -136.8387
440222.00000 4371974.00000 -136.2962
440222.00000 4371978.00000 -140.1515
440222.00000 4371982.00000 -138.6217
440222.00000 4371986.00000 -137.6788
440222.00000 4371990.00000 -141.2708
440222.00000 4371994.00000 -146.5560
440222.00000 4371998.00000 -134.1698
440222.00000 4372002.00000 -132.0255
440222.00000 4372006.00000 -134.8895
440222.00000 4372010.00000 -131.7478
440222.00000 4372014.00000 N.C.
440222.00000 4372018.00000 N.C.
440222.00000 4372022.00000 N.C.
440222.00000 4372026.00000 N.C.
440222.00000 4372030.00000 N.C.
440222.00000 4372034.00000 N.C.
440222.00000 4372038.00000 -130.6611
440222.00000 4372042.00000 -124.4664
440222.00000 4372046.00000 -127.2113
440222.00000 4372050.00000 N.C.
440222.00000 4372054.00000 N.C.
440222.00000 4372058.00000 -139.6994
440222.00000 4372062.00000 N.C.
440222.00000 4372066.00000 N.C.
440222.00000 4372070.00000 N.C.
440222.00000 4372074.00000 N.C.
440222.00000 4372078.00000 N.C.
440222.00000 4372082.00000 -126.7123
440222.00000 4372086.00000 -140.8013
440222.00000 4372090.00000 N.C.
440222.00000 4372094.00000 N.C.
440222.00000 4372098.00000 N.C.
440222.00000 4372102.00000 N.C.
440222.00000 4372106.00000 N.C.
440222.00000 4372110.00000 N.C.
440222.00000 4372114.00000 N.C.
440222.00000 4372118.00000 N.C.
440222.00000 4372122.00000 N.C.
440222.00000 4372126.00000 N.C.
440222.00000 4372130.00000 N.C.
440222.00000 4372134.00000 N.C.
440222.00000 4372138.00000 N.C.
440222.00000 4372142.00000 -132.4704
440222.00000 4372146.00000 -134.6772
440222.00000 4372150.00000 N.C.
440222.00000 4372154.00000 -126.3435
440222.00000 4372158.00000 N.C.
440222.00000 4372162.00000 N.C.
440222.00000 4372166.00000 N.C.
440222.00000 4372170.00000 -127.4508
440222.00000 4372174.00000 N.C.
440222.00000 4372178.00000 N.C.
440222.00000 4372182.00000 N.C.
440222.00000 4372186.00000 N.C.
440222.00000 4372190.00000 N.C.
440222.00000 4372194.00000 N.C.
440222.00000 4372198.00000 N.C.
440222.00000 4372202.00000 -98.0208
440222.00000 4372206.00000 -99.7330
440222.00000 4372210.00000 -99.6942
440222.00000 4372214.00000 -98.1196
440222.00000 4372218.00000 -98.0435
440222.00000 4372222.00000 -98.0075
440222.00000 4372226.00000 -99.9625
440222.00000 4372230.00000 -100.0739
440222.00000 4372234.00000 -100.1285
440222.00000 4372238.00000 -100.5412
440222.00000 4372242.00000 -100.5239
440222.00000 4372246.00000 -100.5765
440222.00000 4372250.00000 -100.6499
440222.00000 4372254.00000 -100.6887
440222.00000 4372258.00000 -100.7459
440222.00000 4372262.00000 -100.8156
440222.00000 4372266.00000 -100.8561
440222.00000 4372270.00000 -100.9511
440222.00000 4372274.00000 -101.0242
440222.00000 4372278.00000 -101.0739
440222.00000 4372282.00000 -101.1823
440222.00000 4372286.00000 -101.3114
440222.00000 4372290.00000 -101.4065
440222.00000 4372294.00000 -101.4988
440222.00000 4372298.00000 -101.6148
440222.00000 4372302.00000 -101.6880
440222.00000 4372306.00000 -101.7865
440222.00000 4372310.00000 -101.9205
440222.00000 4372314.00000 -102.0494
440222.00000 4372318.00000 -102.1822
440222.00000 4372322.00000 -102.2861
440222.00000 4372326.00000 -102.4040
440222.00000 4372330.00000 -102.5238
440222.00000 4372334.00000 -102.6707
440222.00000 4372338.00000 -102.8095
440222.00000 4372342.00000 -103.0200
440222.00000 4372346.00000 -103.1488
440222.00000 4372350.00000 -103.2818
440222.00000 4372354.00000 -103.4092
440222.00000 4372358.00000 -103.4765
440222.00000 4372362.00000 -103.6232
440222.00000 4372366.00000 -103.7543
440222.00000 4372370.00000 -103.8774
440222.00000 4372374.00000 -103.7802
440222.00000 4372378.00000 -103.9146
440222.00000 4372382.00000 -104.0624
440222.00000 4372386.00000 -104.3492
440222.00000 4372390.00000 -104.3636
440222.00000 4372394.00000 -104.6153
440222.00000 4372398.00000 -104.7068
440222.00000 4372402.00000 -104.6997
440222.00000 4372406.00000 -104.6076
440222.00000 4372410.00000 -104.6868
440222.00000 4372414.00000 -104.7895
440222.00000 4372418.00000 -105.0922
440222.00000 4372422.00000 -105.1649
440222.00000 4372426.00000 -105.1673
440222.00000 4372430.00000 -105.7034
440222.00000 4372434.00000 -105.6722
440222.00000 4372438.00000 -105.8872
440222.00000 4372442.00000 -106.0617
440222.00000 4372446.00000 -106.1326
440222.00000 4372450.00000 -106.3639
440222.00000 4372454.00000 -106.4019
440222.00000 4372458.00000 -106.5449
440222.00000 4372462.00000 -106.6470
440222.00000 4372466.00000 -106.7171
440222.00000 4372470.00000 -105.9754
440222.00000 4372474.00000 -106.8436
440222.00000 4372478.00000 -106.9281
440226.00000 4371970.00000 -135.6239
440226.00000 4371974.00000 N.C.
440226.00000 4371978.00000 N.C.
440226.00000 4371982.00000 N.C.
440226.00000 4371986.00000 N.C.
440226.00000 4371990.00000 N.C.
440226.00000 4371994.00000 N.C.
440226.00000 4371998.00000 N.C.
440226.00000 4372002.00000 -133.9190
440226.00000 4372006.00000 -133.0888
440226.00000 4372010.00000 -131.7709
440226.00000 4372014.00000 N.C.
440226.00000 4372018.00000 N.C.
440226.00000 4372022.00000 N.C.
440226.00000 4372026.00000 N.C.
440226.00000 4372030.00000 N.C.
440226.00000 4372034.00000 N.C.
440226.00000 4372038.00000 -120.3835
440226.00000 4372042.00000 -128.0366
440226.00000 4372046.00000 -134.8490
440226.00000 4372050.00000 -137.0730
440226.00000 4372054.00000 -138.6813
440226.00000 4372058.00000 -137.5194
440226.00000 4372062.00000 N.C.
440226.00000 4372066.00000 N.C.
440226.00000 4372070.00000 N.C.
440226.00000 4372074.00000 N.C.
440226.00000 4372078.00000 N.C.
440226.00000 4372082.00000 -134.9426
440226.00000 4372086.00000 -141.9246
440226.00000 4372090.00000 N.C.
440226.00000 4372094.00000 N.C.
440226.00000 4372098.00000 N.C.
440226.00000 4372102.00000 N.C.
440226.00000 4372106.00000 N.C.
440226.00000 4372110.00000 N.C.
440226.00000 4372114.00000 N.C.
440226.00000 4372118.00000 -150.9884
440226.00000 4372122.00000 -156.9011
440226.00000 4372126.00000 -139.8035
440226.00000 4372130.00000 N.C.
440226.00000 4372134.00000 N.C.
440226.00000 4372138.00000 N.C.
440226.00000 4372142.00000 -133.0136
440226.00000 4372146.00000 -135.5590
440226.00000 4372150.00000 N.C.
440226.00000 4372154.00000 -112.9913
440226.00000 4372158.00000 N.C.
440226.00000 4372162.00000 N.C.
440226.00000 4372166.00000 N.C.
440226.00000 4372170.00000 -126.7898
440226.00000 4372174.00000 N.C.
440226.00000 4372178.00000 N.C.
440226.00000 4372182.00000 -134.9728
440226.00000 4372186.00000 N.C.
440226.00000 4372190.00000 N.C.
440226.00000 4372194.00000 -122.2789
440226.00000 4372198.00000 -118.9245
440226.00000 4372202.00000 -98.5569
440226.00000 4372206.00000 -100.8058
440226.00000 4372210.00000 -99.9717
440226.00000 4372214.00000 -98.3817
440226.00000 4372218.00000 -98.5832
440226.00000 4372222.00000 -98.6680
440226.00000 4372226.00000 -98.6915
440226.00000 4372230.00000 -100.3273
440226.00000 4372234.00000 -100.4004
440226.00000 4372238.00000 -100.8013
440226.00000 4372242.00000 -100.7981
440226.00000 4372246.00000 -100.8324
440226.00000 4372250.00000 -100.8929
440226.00000 4372254.00000 -100.9423
440226.00000 4372258.00000 -100.9864
440226.00000 4372262.00000 -101.0711
440226.00000 4372266.00000 -101.1188
440226.00000 4372270.00000 -101.2036
440226.00000 4372274.00000 -101.2647
440226.00000 4372278.00000 -101.3011
440226.00000 4372282.00000 -101.4131
440226.00000 4372286.00000 -101.5425
440226.00000 4372290.00000 -101.6377
440226.00000 4372294.00000 -101.7390
440226.00000 4372298.00000 -101.8269
440226.00000 4372302.00000 -101.8903
440226.00000 4372306.00000 -101.9955
440226.00000 4372310.00000 -102.1292
440226.00000 4372314.00000 -102.2532
440226.00000 4372318.00000 -102.3722
440226.00000 4372322.00000 -102.5046
440226.00000 4372326.00000 -102.6185
440226.00000 4372330.00000 -102.7294
440226.00000 4372334.00000 -102.9229
440226.00000 4372338.00000 -103.0662
440226.00000 4372342.00000 -103.2046
440226.00000 4372346.00000 -103.3293
440226.00000 4372350.00000 -103.4566
440226.00000 4372354.00000 -103.5849
440226.00000 4372358.00000 -103.6664
440226.00000 4372362.00000 -103.8029
440226.00000 4372366.00000 -103.9880
440226.00000 4372370.00000 -104.0244
440226.00000 4372374.00000 -104.1609
440226.00000 4372378.00000 -104.0539
440226.00000 4372382.00000 -104.1827
440226.00000 4372386.00000 -104.3281
440226.00000 4372390.00000 -104.4186
440226.00000 4372394.00000 -104.4765
440226.00000 4372398.00000 -104.8348
440226.00000 4372402.00000 -104.9176
440226.00000 4372406.00000 -104.9331
440226.00000 4372410.00000 -105.2638
440226.00000 4372414.00000 -105.4341
440226.00000 4372418.00000 -105.3446
440226.00000 4372422.00000 -105.3702
440226.00000 4372426.00000 -105.2024
440226.00000 4372430.00000 -105.7312
440226.00000 4372434.00000 -105.8244
440226.00000 4372438.00000 -105.8926
440226.00000 4372442.00000 -106.0816
440226.00000 4372446.00000 -106.1973
440226.00000 4372450.00000 -106.2107
440226.00000 4372454.00000 -106.5526
440226.00000 4372458.00000 -106.3553
440226.00000 4372462.00000 -106.5760
440226.00000 4372466.00000 -106.4795
440226.00000 4372470.00000 -106.4920
440226.00000 4372474.00000 -107.1305
440226.00000 4372478.00000 -107.5911
440230.00000 4371970.00000 -140.0804
440230.00000 4371974.00000 N.C.
440230.00000 4371978.00000 N.C.
440230.00000 4371982.00000 -145.8215
440230.00000 4371986.00000 -143.5010
440230.00000 4371990.00000 -142.7455
440230.00000 4371994.00000 N.C.
440230.00000 4371998.00000 N.C.
440230.00000 4372002.00000 -135.6274
440230.00000 4372006.00000 -132.6341
440230.00000 4372010.00000 -132.2407
440230.00000 4372014.00000 N.C.
440230.00000 4372018.00000 N.C.
440230.00000 4372022.00000 N.C.
440230.00000 4372026.00000 N.C.
440230.00000 4372030.00000 -141.5046
440230.00000 4372034.00000 N.C.
440230.00000 4372038.00000 -123.7560
440230.00000 4372042.00000 N.C.
440230.00000 4372046.00000 -134.4296
440230.00000 4372050.00000 -134.6479
440230.00000 4372054.00000 -137.5613
440230.00000 4372058.00000 -137.1377
440230.00000 4372062.00000 N.C.
440230.00000 4372066.00000 N.C.
440230.00000 4372070.00000 N.C.
440230.00000 4372074.00000 N.C.
440230.00000 4372078.00000 N.C.
440230.00000 4372082.00000 -134.5989
440230.00000 4372086.00000 -138.6713
440230.00000 4372090.00000 N.C.
440230.00000 4372094.00000 N.C.
440230.00000 4372098.00000 N.C.
440230.00000 4372102.00000 N.C.
440230.00000 4372106.00000 -159.6882
440230.00000 4372110.00000 N.C.
440230.00000 4372114.00000 N.C.
440230.00000 4372118.00000 -151.3438
440230.00000 4372122.00000 -131.6099
440230.00000 4372126.00000 -146.1441
440230.00000 4372130.00000 N.C.
440230.00000 4372134.00000 N.C.
440230.00000 4372138.00000 N.C.
440230.00000 4372142.00000 -130.5228
440230.00000 4372146.00000 N.C.
440230.00000 4372150.00000 -126.1776
440230.00000 4372154.00000 -110.7007
440230.00000 4372158.00000 N.C.
440230.00000 4372162.00000 N.C.
440230.00000 4372166.00000 N.C.
440230.00000 4372170.00000 -125.1834
440230.00000 4372174.00000 N.C.
440230.00000 4372178.00000 -127.8592
440230.00000 4372182.00000 N.C.
440230.00000 4372186.00000 -122.1929
440230.00000 4372190.00000 -120.7532
440230.00000 4372194.00000 -123.0364
440230.00000 4372198.00000 -117.7389
440230.00000 4372202.00000 -98.1601
440230.00000 4372206.00000 N.C.
440230.00000 4372210.00000 N.C.
440230.00000 4372214.00000 N.C.
440230.00000 4372218.00000 -100.6194
440230.00000 4372222.00000 -98.8881
440230.00000 4372226.00000 -98.9282
440230.00000 4372230.00000 -100.5643
440230.00000 4372234.00000 -100.6506
440230.00000 4372238.00000 -100.6761
440230.00000 4372242.00000 -101.0971
440230.00000 4372246.00000 -101.0937
440230.00000 4372250.00000 -101.1523
440230.00000 4372254.00000 -101.1853
440230.00000 4372258.00000 -101.2401
440230.00000 4372262.00000 -101.1613
440230.00000 4372266.00000 -101.3753
440230.00000 4372270.00000 -101.4315
440230.00000 4372274.00000 -101.5079
440230.00000 4372278.00000 -101.5353
440230.00000 4372282.00000 -101.6379
440230.00000 4372286.00000 -101.7643
440230.00000 4372290.00000 -101.8505
440230.00000 4372294.00000 -101.9514
440230.00000 4372298.00000 -102.0442
440230.00000 4372302.00000 -102.1021
440230.00000 4372306.00000 -102.2043
440230.00000 4372310.00000 -102.3131
440230.00000 4372314.00000 -102.4557
440230.00000 4372318.00000 -102.5785
440230.00000 4372322.00000 -102.7543
440230.00000 4372326.00000 -102.8634
440230.00000 4372330.00000 -102.9874
440230.00000 4372334.00000 -103.1242
440230.00000 4372338.00000 -103.2456
440230.00000 4372342.00000 -103.3889
440230.00000 4372346.00000 -103.5099
440230.00000 4372350.00000 -103.6399
440230.00000 4372354.00000 -103.7558
440230.00000 4372358.00000 -103.8836
440230.00000 4372362.00000 -103.9597
440230.00000 4372366.00000 -104.0977
440230.00000 4372370.00000 -104.2567
440230.00000 4372374.00000 -104.3345
440230.00000 4372378.00000 -104.4712
440230.00000 4372382.00000 -104.3695
440230.00000 4372386.00000 -104.4573
440230.00000 4372390.00000 -104.3267
440230.00000 4372394.00000 -104.5854
440230.00000 4372398.00000 -104.9159
440230.00000 4372402.00000 -104.9626
440230.00000 4372406.00000 -105.1723
440230.00000 4372410.00000 -105.3222
440230.00000 4372414.00000 -105.5788
440230.00000 4372418.00000 -105.4622
440230.00000 4372422.00000 -105.5779
440230.00000 4372426.00000 -105.5815
440230.00000 4372430.00000 -105.7671
440230.00000 4372434.00000 -105.9512
440230.00000 4372438.00000 -105.9713
440230.00000 4372442.00000 -106.0496
440230.00000 4372446.00000 -106.3040
440230.00000 4372450.00000 -106.0171
440230.00000 4372454.00000 -106.1604
440230.00000 4372458.00000 -106.2510
440230.00000 4372462.00000 -106.7668
440230.00000 4372466.00000 -106.9035
440230.00000 4372470.00000 -106.9829
440230.00000 4372474.00000 -106.7236
440230.00000 4372478.00000 -107.5893
440234.00000 4371970.00000 -140.3790
440234.00000 4371974.00000 N.C.
440234.00000 4371978.00000 -138.0603
440234.00000 4371982.00000 N.C.
440234.00000 4371986.00000 N.C.
440234.00000 4371990.00000 -143.0358
440234.00000 4371994.00000 N.C.
440234.00000 4371998.00000 N.C.
440234.00000 4372002.00000 -135.6151
440234.00000 4372006.00000 -132.1938
440234.00000 4372010.00000 -129.5137
440234.00000 4372014.00000 -138.9508
440234.00000 4372018.00000 -134.3843
440234.00000 4372022.00000 -140.3867
440234.00000 4372026.00000 -142.5546
440234.00000 4372030.00000 -127.0459
440234.00000 4372034.00000 -143.6207
440234.00000 4372038.00000 -137.8830
440234.00000 4372042.00000 N.C.
440234.00000 4372046.00000 N.C.
440234.00000 4372050.00000 N.C.
440234.00000 4372054.00000 N.C.
440234.00000 4372058.00000 -134.2986
440234.00000 4372062.00000 N.C.
440234.00000 4372066.00000 -142.5852
440234.00000 4372070.00000 -133.8914
440234.00000 4372074.00000 -133.6472
440234.00000 4372078.00000 -135.1956
440234.00000 4372082.00000 -132.2479
440234.00000 4372086.00000 -133.7940
440234.00000 4372090.00000 -139.9575
440234.00000 4372094.00000 -141.8106
440234.00000 4372098.00000 -146.3410
440234.00000 4372102.00000 -143.8456
440234.00000 4372106.00000 -145.8960
440234.00000 4372110.00000 -144.2755
440234.00000 4372114.00000 -140.9093
440234.00000 4372118.00000 N.C.
440234.00000 4372122.00000 N.C.
440234.00000 4372126.00000 N.C.
440234.00000 4372130.00000 N.C.
440234.00000 4372134.00000 N.C.
440234.00000 4372138.00000 N.C.
440234.00000 4372142.00000 -129.9647
440234.00000 4372146.00000 N.C.
440234.00000 4372150.00000 -112.4027
440234.00000 4372154.00000 -113.1464
440234.00000 4372158.00000 N.C.
440234.00000 4372162.00000 N.C.
440234.00000 4372166.00000 N.C.
440234.00000 4372170.00000 -125.3101
440234.00000 4372174.00000 N.C.
440234.00000 4372178.00000 -130.6875
440234.00000 4372182.00000 N.C.
440234.00000 4372186.00000 -125.0445
440234.00000 4372190.00000 -119.6884
440234.00000 4372194.00000 -121.7024
440234.00000 4372198.00000 -114.6915
440234.00000 4372202.00000 -100.5362
440234.00000 4372206.00000 -109.5901
440234.00000 4372210.00000 -115.2621
440234.00000 4372214.00000 -116.5067
440234.00000 4372218.00000 -101.0340
440234.00000 4372222.00000 -99.0995
440234.00000 4372226.00000 -98.8125
440234.00000 4372230.00000 -100.8209
440234.00000 4372234.00000 -100.8439
440234.00000 4372238.00000 -100.9363
440234.00000 4372242.00000 -101.3407
440234.00000 4372246.00000 -101.3778
440234.00000 4372250.00000 -101.3932
440234.00000 4372254.00000 -101.4254
440234.00000 4372258.00000 -101.4879
440234.00000 4372262.00000 -101.4021
440234.00000 4372266.00000 -101.4376
440234.00000 4372270.00000 -101.6556
440234.00000 4372274.00000 -101.7103
440234.00000 4372278.00000 -101.7578
440234.00000 4372282.00000 -101.8541
440234.00000 4372286.00000 -101.9910
440234.00000 4372290.00000 -102.0754
440234.00000 4372294.00000 -102.1909
440234.00000 4372298.00000 -102.2838
440234.00000 4372302.00000 -102.3795
440234.00000 4372306.00000 -102.4327
440234.00000 4372310.00000 -102.5854
440234.00000 4372314.00000 -102.7103
440234.00000 4372318.00000 -102.8365
440234.00000 4372322.00000 -102.9387
440234.00000 4372326.00000 -103.0519
440234.00000 4372330.00000 -103.1857
440234.00000 4372334.00000 -103.3104
440234.00000 4372338.00000 -103.4187
440234.00000 4372342.00000 -103.5625
440234.00000 4372346.00000 -103.6813
440234.00000 4372350.00000 -103.8041
440234.00000 4372354.00000 -103.9244
440234.00000 4372358.00000 -104.0435
440234.00000 4372362.00000 -104.1231
440234.00000 4372366.00000 -104.2401
440234.00000 4372370.00000 -104.4000
440234.00000 4372374.00000 -104.4811
440234.00000 4372378.00000 -104.6093
440234.00000 4372382.00000 -104.7567
440234.00000 4372386.00000 -104.6271
440234.00000 4372390.00000 -104.5128
440234.00000 4372394.00000 -104.7336
440234.00000 4372398.00000 -105.0723
440234.00000 4372402.00000 -105.0784
440234.00000 4372406.00000 -105.2419
440234.00000 4372410.00000 -105.4590
440234.00000 4372414.00000 -105.7165
440234.00000 4372418.00000 -105.5616
440234.00000 4372422.00000 -105.6660
440234.00000 4372426.00000 -105.8461
440234.00000 4372430.00000 -105.7128
440234.00000 4372434.00000 -106.2006
440234.00000 4372438.00000 -105.9704
440234.00000 4372442.00000 -106.0391
440234.00000 4372446.00000 -106.1472
440234.00000 4372450.00000 -106.1531
440234.00000 4372454.00000 -106.1924
440234.00000 4372458.00000 -106.4468
440234.00000 4372462.00000 -106.7154
440234.00000 4372466.00000 -106.9413
440234.00000 4372470.00000 -106.8197
440234.00000 4372474.00000 -107.2337
440234.00000 4372478.00000 -107.2837
440238.00000 4371970.00000 -139.0844
440238.00000 4371974.00000 N.C.
440238.00000 4371978.00000 -137.2057
440238.00000 4371982.00000 N.C.
440238.00000 4371986.00000 N.C.
440238.00000 4371990.00000 -141.5270
440238.00000 4371994.00000 N.C.
440238.00000 4371998.00000 N.C.
440238.00000 4372002.00000 -136.9641
440238.00000 4372006.00000 -133.8527
440238.00000 4372010.00000 -129.9034
440238.00000 4372014.00000 N.C.
440238.00000 4372018.00000 N.C.
440238.00000 4372022.00000 N.C.
440238.00000 4372026.00000 N.C.
440238.00000 4372030.00000 -123.0380
440238.00000 4372034.00000 N.C.
440238.00000 4372038.00000 -140.9574
440238.00000 4372042.00000 N.C.
440238.00000 4372046.00000 N.C.
440238.00000 4372050.00000 -134.7139
440238.00000 4372054.00000 -155.1580
440238.00000 4372058.00000 -133.4289
440238.00000 4372062.00000 -151.9279
440238.00000 4372066.00000 -133.0627
440238.00000 4372070.00000 -138.3279
440238.00000 4372074.00000 -134.9036
440238.00000 4372078.00000 -137.8081
440238.00000 4372082.00000 -142.4111
440238.00000 4372086.00000 -142.7747
440238.00000 4372090.00000 -139.4531
440238.00000 4372094.00000 -137.1431
440238.00000 4372098.00000 -140.9747
440238.00000 4372102.00000 -140.6049
440238.00000 4372106.00000 -140.5765
440238.00000 4372110.00000 -135.7515
440238.00000 4372114.00000 -133.5320
440238.00000 4372118.00000 -135.5032
440238.00000 4372122.00000 -132.7834
440238.00000 4372126.00000 -131.6733
440238.00000 4372130.00000 -129.3966
440238.00000 4372134.00000 -131.3681
440238.00000 4372138.00000 -128.9281
440238.00000 4372142.00000 -128.3489
440238.00000 4372146.00000 N.C.
440238.00000 4372150.00000 N.C.
440238.00000 4372154.00000 -114.0993
440238.00000 4372158.00000 N.C.
440238.00000 4372162.00000 N.C.
440238.00000 4372166.00000 N.C.
440238.00000 4372170.00000 -125.5436
440238.00000 4372174.00000 N.C.
440238.00000 4372178.00000 -128.4627
440238.00000 4372182.00000 N.C.
440238.00000 4372186.00000 -122.5332
440238.00000 4372190.00000 -119.5893
440238.00000 4372194.00000 -116.9120
440238.00000 4372198.00000 -107.1697
440238.00000 4372202.00000 -101.1793
440238.00000 4372206.00000 -100.6645
440238.00000 4372210.00000 -100.6942
440238.00000 4372214.00000 -100.6645
440238.00000 4372218.00000 -101.4000
440238.00000 4372222.00000 -99.3364
440238.00000 4372226.00000 -98.9860
440238.00000 4372230.00000 -99.4795
440238.00000 4372234.00000 -101.0855
440238.00000 4372238.00000 -101.1767
440238.00000 4372242.00000 -101.5867
440238.00000 4372246.00000 -101.6303
440238.00000 4372250.00000 -101.6713
440238.00000 4372254.00000 -101.6714
440238.00000 4372258.00000 -101.7163
440238.00000 4372262.00000 -101.6243
440238.00000 4372266.00000 -101.6637
440238.00000 4372270.00000 -101.7171
440238.00000 4372274.00000 -101.9277
440238.00000 4372278.00000 -101.9728
440238.00000 4372282.00000 -102.0788
440238.00000 4372286.00000 -102.2345
440238.00000 4372290.00000 -102.3113
440238.00000 4372294.00000 -102.4278
440238.00000 4372298.00000 -102.5455
440238.00000 4372302.00000 -102.6355
440238.00000 4372306.00000 -102.6965
440238.00000 4372310.00000 -102.7924
440238.00000 4372314.00000 -102.8761
440238.00000 4372318.00000 -103.0220
440238.00000 4372322.00000 -103.1339
440238.00000 4372326.00000 -103.2475
440238.00000 4372330.00000 -103.3718
440238.00000 4372334.00000 -103.4886
440238.00000 4372338.00000 -103.5992
440238.00000 4372342.00000 -103.7327
440238.00000 4372346.00000 -103.8440
440238.00000 4372350.00000 -103.9697
440238.00000 4372354.00000 -104.0804
440238.00000 4372358.00000 -104.1939
440238.00000 4372362.00000 -104.3139
440238.00000 4372366.00000 -104.3893
440238.00000 4372370.00000 -104.5222
440238.00000 4372374.00000 -104.6671
440238.00000 4372378.00000 -104.7469
440238.00000 4372382.00000 -104.8789
440238.00000 4372386.00000 -104.9710
440238.00000 4372390.00000 -104.7901
440238.00000 4372394.00000 -104.8801
440238.00000 4372398.00000 -104.9775
440238.00000 4372402.00000 -105.3666
440238.00000 4372406.00000 -105.2949
440238.00000 4372410.00000 -105.4932
440238.00000 4372414.00000 -105.6821
440238.00000 4372418.00000 -105.7045
440238.00000 4372422.00000 -105.7851
440238.00000 4372426.00000 -105.8674
440238.00000 4372430.00000 -105.6497
440238.00000 4372434.00000 -105.9108
440238.00000 4372438.00000 -106.1575
440238.00000 4372442.00000 -105.7231
440238.00000 4372446.00000 -106.5299
440238.00000 4372450.00000 -106.6010
440238.00000 4372454.00000 -106.7885
440238.00000 4372458.00000 -107.0118
440238.00000 4372462.00000 -107.1175
440238.00000 4372466.00000 -107.0892
440238.00000 4372470.00000 -107.1840
440238.00000 4372474.00000 -107.1536
440238.00000 4372478.00000 N.C.
440242.00000 4371970.00000 -138.8231
440242.00000 4371974.00000 N.C.
440242.00000 4371978.00000 -131.4359
440242.00000 4371982.00000 N.C.
440242.00000 4371986.00000 N.C.
440242.00000 4371990.00000 -139.1407
440242.00000 4371994.00000 N.C.
440242.00000 4371998.00000 N.C.
440242.00000 4372002.00000 -134.3641
440242.00000 4372006.00000 -131.1906
440242.00000 4372010.00000 -130.5001
440242.00000 4372014.00000 N.C.
440242.00000 4372018.00000 N.C.
440242.00000 4372022.00000 -149.5695
440242.00000 4372026.00000 -152.0923
440242.00000 4372030.00000 -115.7673
440242.00000 4372034.00000 N.C.
440242.00000 4372038.00000 -141.9868
440242.00000 4372042.00000 N.C.
440242.00000 4372046.00000 N.C.
440242.00000 4372050.00000 N.C.
440242.00000 4372054.00000 N.C.
440242.00000 4372058.00000 -134.1670
440242.00000 4372062.00000 N.C.
440242.00000 4372066.00000 N.C.
440242.00000 4372070.00000 -142.0114
440242.00000 4372074.00000 N.C.
440242.00000 4372078.00000 N.C.
440242.00000 4372082.00000 N.C.
440242.00000 4372086.00000 N.C.
440242.00000 4372090.00000 N.C.
440242.00000 4372094.00000 -140.6776
440242.00000 4372098.00000 N.C.
440242.00000 4372102.00000 -139.3285
440242.00000 4372106.00000 N.C.
440242.00000 4372110.00000 N.C.
440242.00000 4372114.00000 N.C.
440242.00000 4372118.00000 N.C.
440242.00000 4372122.00000 N.C.
440242.00000 4372126.00000 N.C.
440242.00000 4372130.00000 -148.5241
440242.00000 4372134.00000 N.C.
440242.00000 4372138.00000 -127.1657
440242.00000 4372142.00000 -125.6308
440242.00000 4372146.00000 N.C.
440242.00000 4372150.00000 N.C.
440242.00000 4372154.00000 -114.3219
440242.00000 4372158.00000 N.C.
440242.00000 4372162.00000 N.C.
440242.00000 4372166.00000 N.C.
440242.00000 4372170.00000 -126.9283
440242.00000 4372174.00000 N.C.
440242.00000 4372178.00000 -129.4064
440242.00000 4372182.00000 N.C.
440242.00000 4372186.00000 -119.3072
440242.00000 4372190.00000 -112.8858
440242.00000 4372194.00000 -112.3642
440242.00000 4372198.00000 -101.4542
440242.00000 4372202.00000 -101.4409
440242.00000 4372206.00000 -101.2956
440242.00000 4372210.00000 -101.5905
440242.00000 4372214.00000 -101.5648
440242.00000 4372218.00000 -101.6773
440242.00000 4372222.00000 -99.5550
440242.00000 4372226.00000 -99.1836
440242.00000 4372230.00000 -99.7243
440242.00000 4372234.00000 -101.3335
440242.00000 4372238.00000 -101.3883
440242.00000 4372242.00000 -101.4112
440242.00000 4372246.00000 -101.8571
440242.00000 4372250.00000 -101.8948
440242.00000 4372254.00000 -101.9250
440242.00000 4372258.00000 -101.9413
440242.00000 4372262.00000 -101.8616
440242.00000 4372266.00000 -101.9272
440242.00000 4372270.00000 -101.9510
440242.00000 4372274.00000 -101.9881
440242.00000 4372278.00000 -102.2035
440242.00000 4372282.00000 -102.3131
440242.00000 4372286.00000 -102.4434
440242.00000 4372290.00000 -102.5763
440242.00000 4372294.00000 -102.6851
440242.00000 4372298.00000 -102.7579
440242.00000 4372302.00000 -102.8444
440242.00000 4372306.00000 -102.9006
440242.00000 4372310.00000 -102.9880
440242.00000 4372314.00000 -103.0712
440242.00000 4372318.00000 -103.2040
440242.00000 4372322.00000 -103.3141
440242.00000 4372326.00000 -103.4525
440242.00000 4372330.00000 -103.5645
440242.00000 4372334.00000 -103.6750
440242.00000 4372338.00000 -103.7779
440242.00000 4372342.00000 -103.9085
440242.00000 4372346.00000 -104.0193
440242.00000 4372350.00000 -104.1445
440242.00000 4372354.00000 -104.2592
440242.00000 4372358.00000 -104.3549
440242.00000 4372362.00000 -104.4675
440242.00000 4372366.00000 -104.5379
440242.00000 4372370.00000 -104.6429
440242.00000 4372374.00000 -104.7596
440242.00000 4372378.00000 -104.9310
440242.00000 4372382.00000 -105.0117
440242.00000 4372386.00000 -105.1375
440242.00000 4372390.00000 -105.1353
440242.00000 4372394.00000 -104.9733
440242.00000 4372398.00000 -105.1061
440242.00000 4372402.00000 -105.5150
440242.00000 4372406.00000 -105.4548
440242.00000 4372410.00000 -105.5295
440242.00000 4372414.00000 -105.7446
440242.00000 4372418.00000 -106.0288
440242.00000 4372422.00000 -105.6267
440242.00000 4372426.00000 -105.7027
440242.00000 4372430.00000 -105.7215
440242.00000 4372434.00000 -105.5712
440242.00000 4372438.00000 -106.4569
440242.00000 4372442.00000 -106.4573
440242.00000 4372446.00000 -106.2957
440242.00000 4372450.00000 -106.8397
440242.00000 4372454.00000 -106.9345
440242.00000 4372458.00000 -106.6978
440242.00000 4372462.00000 -107.0896
440242.00000 4372466.00000 -107.2021
440242.00000 4372470.00000 -106.8788
440242.00000 4372474.00000 -106.8780
440242.00000 4372478.00000 N.C.
440246.00000 4371970.00000 -137.5275
440246.00000 4371974.00000 N.C.
440246.00000 4371978.00000 -131.5025
440246.00000 4371982.00000 N.C.
440246.00000 4371986.00000 N.C.
440246.00000 4371990.00000 -138.2894
440246.00000 4371994.00000 N.C.
440246.00000 4371998.00000 N.C.
440246.00000 4372002.00000 -134.1264
440246.00000 4372006.00000 -132.4815
440246.00000 4372010.00000 -130.4266
440246.00000 4372014.00000 N.C.
440246.00000 4372018.00000 N.C.
440246.00000 4372022.00000 -148.9633
440246.00000 4372026.00000 -140.4038
440246.00000 4372030.00000 -137.9975
440246.00000 4372034.00000 N.C.
440246.00000 4372038.00000 -140.8841
440246.00000 4372042.00000 N.C.
440246.00000 4372046.00000 N.C.
440246.00000 4372050.00000 -149.0236
440246.00000 4372054.00000 -134.0387
440246.00000 4372058.00000 -135.1080
440246.00000 4372062.00000 N.C.
440246.00000 4372066.00000 N.C.
440246.00000 4372070.00000 -138.0837
440246.00000 4372074.00000 N.C.
440246.00000 4372078.00000 N.C.
440246.00000 4372082.00000 -145.8494
440246.00000 4372086.00000 N.C.
440246.00000 4372090.00000 N.C.
440246.00000 4372094.00000 -148.7078
440246.00000 4372098.00000 N.C.
440246.00000 4372102.00000 -146.4600
440246.00000 4372106.00000 N.C.
440246.00000 4372110.00000 N.C.
440246.00000 4372114.00000 -139.6605
440246.00000 4372118.00000 N.C.
440246.00000 4372122.00000 -141.5515
440246.00000 4372126.00000 -143.6971
440246.00000 4372130.00000 N.C.
440246.00000 4372134.00000 N.C.
440246.00000 4372138.00000 -126.9806
440246.00000 4372142.00000 -122.2141
440246.00000 4372146.00000 -128.2272
440246.00000 4372150.00000 N.C.
440246.00000 4372154.00000 N.C.
440246.00000 4372158.00000 N.C.
440246.00000 4372162.00000 N.C.
440246.00000 4372166.00000 N.C.
440246.00000 4372170.00000 -124.9948
440246.00000 4372174.00000 N.C.
440246.00000 4372178.00000 -124.6171
440246.00000 4372182.00000 N.C.
440246.00000 4372186.00000 -114.2418
440246.00000 4372190.00000 -107.8316
440246.00000 4372194.00000 -104.8435
440246.00000 4372198.00000 -101.7419
440246.00000 4372202.00000 -101.0090
440246.00000 4372206.00000 -101.5824
440246.00000 4372210.00000 -101.5104
440246.00000 4372214.00000 -101.4604
440246.00000 4372218.00000 -99.8658
440246.00000 4372222.00000 -99.3735
440246.00000 4372226.00000 -99.8330
440246.00000 4372230.00000 -99.9334
440246.00000 4372234.00000 -101.4714
440246.00000 4372238.00000 -101.5990
440246.00000 4372242.00000 -101.5660
440246.00000 4372246.00000 -102.0783
440246.00000 4372250.00000 -102.1203
440246.00000 4372254.00000 -102.1591
440246.00000 4372258.00000 -102.2329
440246.00000 4372262.00000 -102.0872
440246.00000 4372266.00000 -102.1689
440246.00000 4372270.00000 -102.1859
440246.00000 4372274.00000 -102.2110
440246.00000 4372278.00000 -102.2943
440246.00000 4372282.00000 -102.6161
440246.00000 4372286.00000 -102.7077
440246.00000 4372290.00000 -102.7941
440246.00000 4372294.00000 -102.8912
440246.00000 4372298.00000 -102.9552
440246.00000 4372302.00000 -103.0484
440246.00000 4372306.00000 -103.1403
440246.00000 4372310.00000 -103.1855
440246.00000 4372314.00000 -103.2694
440246.00000 4372318.00000 -103.4040
440246.00000 4372322.00000 -103.5201
440246.00000 4372326.00000 -103.6199
440246.00000 4372330.00000 -103.7460
440246.00000 4372334.00000 -103.8519
440246.00000 4372338.00000 -103.9557
440246.00000 4372342.00000 -104.0845
440246.00000 4372346.00000 -104.1916
440246.00000 4372350.00000 -104.3103
440246.00000 4372354.00000 -104.4210
440246.00000 4372358.00000 -104.5207
440246.00000 4372362.00000 -104.6301
440246.00000 4372366.00000 -104.7008
440246.00000 4372370.00000 -104.8189
440246.00000 4372374.00000 -104.9071
440246.00000 4372378.00000 -105.0706
440246.00000 4372382.00000 -105.1831
440246.00000 4372386.00000 -105.2643
440246.00000 4372390.00000 -105.3538
440246.00000 4372394.00000 -105.3528
440246.00000 4372398.00000 -105.2200
440246.00000 4372402.00000 -105.3370
440246.00000 4372406.00000 -105.5898
440246.00000 4372410.00000 -105.4132
440246.00000 4372414.00000 -105.4932
440246.00000 4372418.00000 -105.7587
440246.00000 4372422.00000 -105.9175
440246.00000 4372426.00000 -105.8093
440246.00000 4372430.00000 -106.1261
440246.00000 4372434.00000 -106.1574
440246.00000 4372438.00000 -105.9522
440246.00000 4372442.00000 -106.7482
440246.00000 4372446.00000 -106.9209
440246.00000 4372450.00000 -107.0251
440246.00000 4372454.00000 -107.1778
440246.00000 4372458.00000 -107.2167
440246.00000 4372462.00000 -107.1523
440246.00000 4372466.00000 -106.8590
440246.00000 4372470.00000 -107.0275
440246.00000 4372474.00000 -107.4422
440246.00000 4372478.00000 -107.9357
440250.00000 4371970.00000 -136.4526
440250.00000 4371974.00000 -135.3098
440250.00000 4371978.00000 -134.1178
440250.00000 4371982.00000 -132.2020
440250.00000 4371986.00000 -131.5117
440250.00000 4371990.00000 -134.8645
440250.00000 4371994.00000 -137.3490
440250.00000 4371998.00000 -134.9384
440250.00000 4372002.00000 -134.3658
440250.00000 4372006.00000 -131.8892
440250.00000 4372010.00000 -131.9821
440250.00000 4372014.00000 N.C.
440250.00000 4372018.00000 -147.4551
440250.00000 4372022.00000 N.C.
440250.00000 4372026.00000 N.C.
440250.00000 4372030.00000 -138.0367
440250.00000 4372034.00000 N.C.
440250.00000 4372038.00000 -137.9612
440250.00000 4372042.00000 N.C.
440250.00000 4372046.00000 N.C.
440250.00000 4372050.00000 -130.6156
440250.00000 4372054.00000 -131.5265
440250.00000 4372058.00000 -135.0416
440250.00000 4372062.00000 N.C.
440250.00000 4372066.00000 N.C.
440250.00000 4372070.00000 -138.1822
440250.00000 4372074.00000 N.C.
440250.00000 4372078.00000 N.C.
440250.00000 4372082.00000 -140.1445
440250.00000 4372086.00000 N.C.
440250.00000 4372090.00000 -150.6347
440250.00000 4372094.00000 -155.8091
440250.00000 4372098.00000 N.C.
440250.00000 4372102.00000 -150.8074
440250.00000 4372106.00000 N.C.
440250.00000 4372110.00000 N.C.
440250.00000 4372114.00000 -137.5138
440250.00000 4372118.00000 N.C.
440250.00000 4372122.00000 N.C.
440250.00000 4372126.00000 -143.2341
440250.00000 4372130.00000 N.C.
440250.00000 4372134.00000 N.C.
440250.00000 4372138.00000 -124.5112
440250.00000 4372142.00000 -109.1018
440250.00000 4372146.00000 -130.7273
440250.00000 4372150.00000 N.C.
440250.00000 4372154.00000 N.C.
440250.00000 4372158.00000 N.C.
440250.00000 4372162.00000 -134.5349
440250.00000 4372166.00000 -136.6510
440250.00000 4372170.00000 -122.8809
440250.00000 4372174.00000 -121.5646
440250.00000 4372178.00000 -121.6273
440250.00000 4372182.00000 -123.3310
440250.00000 4372186.00000 -113.5334
440250.00000 4372190.00000 -110.1794
440250.00000 4372194.00000 -109.9784
440250.00000 4372198.00000 -101.5318
440250.00000 4372202.00000 -102.0974
440250.00000 4372206.00000 -101.2837
440250.00000 4372210.00000 -101.7768
440250.00000 4372214.00000 -101.7069
440250.00000 4372218.00000 -100.1382
440250.00000 4372222.00000 -99.4627
440250.00000 4372226.00000 -100.0861
440250.00000 4372230.00000 -99.6436
440250.00000 4372234.00000 -100.2039
440250.00000 4372238.00000 -101.8162
440250.00000 4372242.00000 -101.8019
440250.00000 4372246.00000 -101.8968
440250.00000 4372250.00000 -102.3627
440250.00000 4372254.00000 -102.4033
440250.00000 4372258.00000 -102.4465
440250.00000 4372262.00000 -102.5065
440250.00000 4372266.00000 -102.4079
440250.00000 4372270.00000 -102.4547
440250.00000 4372274.00000 -102.4863
440250.00000 4372278.00000 -102.5184
440250.00000 4372282.00000 -102.7941
440250.00000 4372286.00000 -102.9140
440250.00000 4372290.00000 -103.0043
440250.00000 4372294.00000 -103.1128
440250.00000 4372298.00000 -103.1724
440250.00000 4372302.00000 -103.2464
440250.00000 4372306.00000 -103.3284
440250.00000 4372310.00000 -103.3667
440250.00000 4372314.00000 -103.4652
440250.00000 4372318.00000 -103.5596
440250.00000 4372322.00000 -103.7290
440250.00000 4372326.00000 -103.8058
440250.00000 4372330.00000 -103.9277
440250.00000 4372334.00000 -104.0313
440250.00000 4372338.00000 -104.1247
440250.00000 4372342.00000 -104.2519
440250.00000 4372346.00000 -104.3586
440250.00000 4372350.00000 -104.4764
440250.00000 4372354.00000 -104.5865
440250.00000 4372358.00000 -104.6937
440250.00000 4372362.00000 -104.7954
440250.00000 4372366.00000 -104.8975
440250.00000 4372370.00000 -104.9473
440250.00000 4372374.00000 -105.0680
440250.00000 4372378.00000 -105.2141
440250.00000 4372382.00000 -105.3209
440250.00000 4372386.00000 -105.3904
440250.00000 4372390.00000 -105.5299
440250.00000 4372394.00000 -105.4766
440250.00000 4372398.00000 -105.3389
440250.00000 4372402.00000 -105.2667
440250.00000 4372406.00000 -105.2781
440250.00000 4372410.00000 -105.4888
440250.00000 4372414.00000 -105.5709
440250.00000 4372418.00000 -105.9161
440250.00000 4372422.00000 -106.0552
440250.00000 4372426.00000 -106.0872
440250.00000 4372430.00000 -106.1133
440250.00000 4372434.00000 -106.1865
440250.00000 4372438.00000 -106.5480
440250.00000 4372442.00000 -106.9010
440250.00000 4372446.00000 -107.0689
440250.00000 4372450.00000 -107.1509
440250.00000 4372454.00000 -107.2551
440250.00000 4372458.00000 -107.1653
440250.00000 4372462.00000 -107.2541
440250.00000 4372466.00000 -106.9635
440250.00000 4372470.00000 -107.5313
440250.00000 4372474.00000 -107.5551
440250.00000 4372478.00000 -107.4225
440254.00000 4371970.00000 -136.0312
440254.00000 4371974.00000 N.C.
440254.00000 4371978.00000 N.C.
440254.00000 4371982.00000 N.C.
440254.00000 4371986.00000 -129.9266
440254.00000 4371990.00000 -130.7773
440254.00000 4371994.00000 -131.3833
440254.00000 4371998.00000 -131.7915
440254.00000 4372002.00000 -130.9033
440254.00000 4372006.00000 -129.9188
440254.00000 4372010.00000 -128.3912
440254.00000 4372014.00000 -137.4244
440254.00000 4372018.00000 -138.4738
440254.00000 4372022.00000 -141.2217
440254.00000 4372026.00000 -145.1499
440254.00000 4372030.00000 -138.0624
440254.00000 4372034.00000 -146.4327
440254.00000 4372038.00000 -139.5541
440254.00000 4372042.00000 N.C.
440254.00000 4372046.00000 N.C.
440254.00000 4372050.00000 N.C.
440254.00000 4372054.00000 N.C.
440254.00000 4372058.00000 N.C.
440254.00000 4372062.00000 N.C.
440254.00000 4372066.00000 N.C.
440254.00000 4372070.00000 -144.4897
440254.00000 4372074.00000 N.C.
440254.00000 4372078.00000 N.C.
440254.00000 4372082.00000 -146.5947
440254.00000 4372086.00000 N.C.
440254.00000 4372090.00000 N.C.
440254.00000 4372094.00000 -142.0395
440254.00000 4372098.00000 N.C.
440254.00000 4372102.00000 -149.2050
440254.00000 4372106.00000 N.C.
440254.00000 4372110.00000 N.C.
440254.00000 4372114.00000 -132.7316
440254.00000 4372118.00000 N.C.
440254.00000 4372122.00000 N.C.
440254.00000 4372126.00000 -141.0928
440254.00000 4372130.00000 N.C.
440254.00000 4372134.00000 N.C.
440254.00000 4372138.00000 -120.4873
440254.00000 4372142.00000 -115.5456
440254.00000 4372146.00000 -131.3193
440254.00000 4372150.00000 -132.8992
440254.00000 4372154.00000 N.C.
440254.00000 4372158.00000 N.C.
440254.00000 4372162.00000 N.C.
440254.00000 4372166.00000 N.C.
440254.00000 4372170.00000 -125.9643
440254.00000 4372174.00000 N.C.
440254.00000 4372178.00000 N.C.
440254.00000 4372182.00000 N.C.
440254.00000 4372186.00000 N.C.
440254.00000 4372190.00000 -108.6489
440254.00000 4372194.00000 -111.2995
440254.00000 4372198.00000 -101.7141
440254.00000 4372202.00000 -101.5008
440254.00000 4372206.00000 -99.7684
440254.00000 4372210.00000 -101.9801
440254.00000 4372214.00000 -101.9953
440254.00000 4372218.00000 -100.4133
440254.00000 4372222.00000 -100.0670
440254.00000 4372226.00000 -100.3047
440254.00000 4372230.00000 -99.8588
440254.00000 4372234.00000 -100.4282
440254.00000 4372238.00000 -102.0669
440254.00000 4372242.00000 -102.0308
440254.00000 4372246.00000 -102.0740
440254.00000 4372250.00000 -102.5920
440254.00000 4372254.00000 -102.6357
440254.00000 4372258.00000 -102.7123
440254.00000 4372262.00000 -102.7665
440254.00000 4372266.00000 -102.6246
440254.00000 4372270.00000 -102.6741
440254.00000 4372274.00000 -102.7052
440254.00000 4372278.00000 -102.7341
440254.00000 4372282.00000 -103.0016
440254.00000 4372286.00000 -103.0817
440254.00000 4372290.00000 -103.1918
440254.00000 4372294.00000 -103.3045
440254.00000 4372298.00000 -103.3689
440254.00000 4372302.00000 -103.4480
440254.00000 4372306.00000 -103.5366
440254.00000 4372310.00000 -103.6104
440254.00000 4372314.00000 -103.6788
440254.00000 4372318.00000 -103.7683
440254.00000 4372322.00000 -103.8978
440254.00000 4372326.00000 -103.9808
440254.00000 4372330.00000 -104.0770
440254.00000 4372334.00000 -104.2001
440254.00000 4372338.00000 -104.2968
440254.00000 4372342.00000 -104.4190
440254.00000 4372346.00000 -104.5334
440254.00000 4372350.00000 -104.6464
440254.00000 4372354.00000 -104.7491
440254.00000 4372358.00000 -104.8531
440254.00000 4372362.00000 -104.9514
440254.00000 4372366.00000 -105.0579
440254.00000 4372370.00000 -105.1136
440254.00000 4372374.00000 -105.1983
440254.00000 4372378.00000 -105.2996
440254.00000 4372382.00000 -105.4510
440254.00000 4372386.00000 -105.5674
440254.00000 4372390.00000 -105.6549
440254.00000 4372394.00000 -105.4866
440254.00000 4372398.00000 -105.6810
440254.00000 4372402.00000 -105.3395
440254.00000 4372406.00000 -105.4173
440254.00000 4372410.00000 -105.3701
440254.00000 4372414.00000 -105.6155
440254.00000 4372418.00000 -106.0629
440254.00000 4372422.00000 -106.1702
440254.00000 4372426.00000 -105.7908
440254.00000 4372430.00000 -106.3094
440254.00000 4372434.00000 -106.5300
440254.00000 4372438.00000 -106.4211
440254.00000 4372442.00000 -107.0081
440254.00000 4372446.00000 -107.1087
440254.00000 4372450.00000 -107.3930
440254.00000 4372454.00000 -107.1684
440254.00000 4372458.00000 -107.2839
440254.00000 4372462.00000 -107.2987
440254.00000 4372466.00000 -107.5176
440254.00000 4372470.00000 -107.5957
440254.00000 4372474.00000 -107.8076
440254.00000 4372478.00000 -107.5954
440258.00000 4371970.00000 -138.1858
440258.00000 4371974.00000 -152.9046
440258.00000 4371978.00000 N.C.
440258.00000 4371982.00000 N.C.
440258.00000 4371986.00000 N.C.
440258.00000 4371990.00000 -144.0860
440258.00000 4371994.00000 N.C.
440258.00000 4371998.00000 -133.2992
440258.00000 4372002.00000 N.C.
440258.00000 4372006.00000 -129.5168
440258.00000 4372010.00000 -130.4290
440258.00000 4372014.00000 N.C.
440258.00000 4372018.00000 -136.9488
440258.00000 4372022.00000 N.C.
440258.00000 4372026.00000 N.C.
440258.00000 4372030.00000 N.C.
440258.00000 4372034.00000 N.C.
440258.00000 4372038.00000 -140.4495
440258.00000 4372042.00000 -148.6885
440258.00000 4372046.00000 -150.2256
440258.00000 4372050.00000 -154.0495
440258.00000 4372054.00000 -144.9368
440258.00000 4372058.00000 N.C.
440258.00000 4372062.00000 N.C.
440258.00000 4372066.00000 N.C.
440258.00000 4372070.00000 -146.3809
440258.00000 4372074.00000 N.C.
440258.00000 4372078.00000 N.C.
440258.00000 4372082.00000 -147.2935
440258.00000 4372086.00000 N.C.
440258.00000 4372090.00000 N.C.
440258.00000 4372094.00000 -146.5535
440258.00000 4372098.00000 N.C.
440258.00000 4372102.00000 -151.3273
440258.00000 4372106.00000 N.C.
440258.00000 4372110.00000 N.C.
440258.00000 4372114.00000 -136.6364
440258.00000 4372118.00000 N.C.
440258.00000 4372122.00000 N.C.
440258.00000 4372126.00000 N.C.
440258.00000 4372130.00000 N.C.
440258.00000 4372134.00000 N.C.
440258.00000 4372138.00000 -116.4917
440258.00000 4372142.00000 -120.0529
440258.00000 4372146.00000 -131.3160
440258.00000 4372150.00000 N.C.
440258.00000 4372154.00000 -145.5207
440258.00000 4372158.00000 N.C.
440258.00000 4372162.00000 -145.1427
440258.00000 4372166.00000 -142.4870
440258.00000 4372170.00000 -126.1613
440258.00000 4372174.00000 N.C.
440258.00000 4372178.00000 N.C.
440258.00000 4372182.00000 N.C.
440258.00000 4372186.00000 N.C.
440258.00000 4372190.00000 -102.4518
440258.00000 4372194.00000 -101.7160
440258.00000 4372198.00000 -102.5525
440258.00000 4372202.00000 -101.5127
440258.00000 4372206.00000 -101.9001
440258.00000 4372210.00000 -102.6204
440258.00000 4372214.00000 -102.1333
440258.00000 4372218.00000 -102.2066
440258.00000 4372222.00000 -100.5533
440258.00000 4372226.00000 -100.5380
440258.00000 4372230.00000 -100.0740
440258.00000 4372234.00000 -100.3506
440258.00000 4372238.00000 -102.2824
440258.00000 4372242.00000 -102.2320
440258.00000 4372246.00000 -102.3195
440258.00000 4372250.00000 -102.7742
440258.00000 4372254.00000 -102.8982
440258.00000 4372258.00000 -102.9435
440258.00000 4372262.00000 -102.9988
440258.00000 4372266.00000 -103.0514
440258.00000 4372270.00000 -102.8653
440258.00000 4372274.00000 -102.9183
440258.00000 4372278.00000 -102.9655
440258.00000 4372282.00000 -103.2145
440258.00000 4372286.00000 -103.2909
440258.00000 4372290.00000 -103.3626
440258.00000 4372294.00000 -103.5162
440258.00000 4372298.00000 -103.5599
440258.00000 4372302.00000 -103.6412
440258.00000 4372306.00000 -103.7067
440258.00000 4372310.00000 -103.7969
440258.00000 4372314.00000 -103.8608
440258.00000 4372318.00000 -103.9543
440258.00000 4372322.00000 -104.0274
440258.00000 4372326.00000 -104.1714
440258.00000 4372330.00000 -104.2521
440258.00000 4372334.00000 -104.3498
440258.00000 4372338.00000 -104.4647
440258.00000 4372342.00000 -104.5684
440258.00000 4372346.00000 -104.6884
440258.00000 4372350.00000 -104.8032
440258.00000 4372354.00000 -104.9097
440258.00000 4372358.00000 -105.0053
440258.00000 4372362.00000 -105.1122
440258.00000 4372366.00000 -105.2121
440258.00000 4372370.00000 -105.3114
440258.00000 4372374.00000 -105.3517
440258.00000 4372378.00000 -105.4517
440258.00000 4372382.00000 -105.5588
440258.00000 4372386.00000 -105.5168
440258.00000 4372390.00000 -105.5854
440258.00000 4372394.00000 -105.5799
440258.00000 4372398.00000 -105.8189
440258.00000 4372402.00000 -105.8833
440258.00000 4372406.00000 -105.4959
440258.00000 4372410.00000 -105.7676
440258.00000 4372414.00000 -105.8028
440258.00000 4372418.00000 -105.8529
440258.00000 4372422.00000 -106.3536
440258.00000 4372426.00000 -106.2352
440258.00000 4372430.00000 -106.4527
440258.00000 4372434.00000 -106.6965
440258.00000 4372438.00000 -106.5478
440258.00000 4372442.00000 -106.9378
440258.00000 4372446.00000 -107.1673
440258.00000 4372450.00000 -107.2060
440258.00000 4372454.00000 -107.2877
440258.00000 4372458.00000 -107.6078
440258.00000 4372462.00000 -107.7327
440258.00000 4372466.00000 -107.6682
440258.00000 4372470.00000 -107.7531
440258.00000 4372474.00000 -107.8952
440258.00000 4372478.00000 -107.9147
440262.00000 4371970.00000 -140.4865
440262.00000 4371974.00000 N.C.
440262.00000 4371978.00000 N.C.
440262.00000 4371982.00000 -140.1314
440262.00000 4371986.00000 -146.0205
440262.00000 4371990.00000 N.C.
440262.00000 4371994.00000 N.C.
440262.00000 4371998.00000 -130.9568
440262.00000 4372002.00000 N.C.
440262.00000 4372006.00000 -129.9423
440262.00000 4372010.00000 -130.4026
440262.00000 4372014.00000 N.C.
440262.00000 4372018.00000 N.C.
440262.00000 4372022.00000 N.C.
440262.00000 4372026.00000 -150.5808
440262.00000 4372030.00000 N.C.
440262.00000 4372034.00000 N.C.
440262.00000 4372038.00000 -138.6189
440262.00000 4372042.00000 N.C.
440262.00000 4372046.00000 N.C.
440262.00000 4372050.00000 N.C.
440262.00000 4372054.00000 N.C.
440262.00000 4372058.00000 N.C.
440262.00000 4372062.00000 N.C.
440262.00000 4372066.00000 N.C.
440262.00000 4372070.00000 N.C.
440262.00000 4372074.00000 N.C.
440262.00000 4372078.00000 N.C.
440262.00000 4372082.00000 N.C.
440262.00000 4372086.00000 N.C.
440262.00000 4372090.00000 N.C.
440262.00000 4372094.00000 N.C.
440262.00000 4372098.00000 -134.1403
440262.00000 4372102.00000 -135.8909
440262.00000 4372106.00000 -135.8461
440262.00000 4372110.00000 -134.4043
440262.00000 4372114.00000 -130.8687
440262.00000 4372118.00000 -138.2571
440262.00000 4372122.00000 -138.6857
440262.00000 4372126.00000 -129.2049
440262.00000 4372130.00000 -133.4766
440262.00000 4372134.00000 -137.0484
440262.00000 4372138.00000 -116.3288
440262.00000 4372142.00000 -124.6694
440262.00000 4372146.00000 -127.2465
440262.00000 4372150.00000 N.C.
440262.00000 4372154.00000 -145.3289
440262.00000 4372158.00000 N.C.
440262.00000 4372162.00000 -142.6870
440262.00000 4372166.00000 -139.7448
440262.00000 4372170.00000 -125.8241
440262.00000 4372174.00000 N.C.
440262.00000 4372178.00000 N.C.
440262.00000 4372182.00000 N.C.
440262.00000 4372186.00000 N.C.
440262.00000 4372190.00000 -102.7646
440262.00000 4372194.00000 -103.0326
440262.00000 4372198.00000 -102.7566
440262.00000 4372202.00000 -101.7619
440262.00000 4372206.00000 -102.4989
440262.00000 4372210.00000 -102.4381
440262.00000 4372214.00000 -102.3730
440262.00000 4372218.00000 -102.4563
440262.00000 4372222.00000 -100.7969
440262.00000 4372226.00000 -100.2747
440262.00000 4372230.00000 -100.7026
440262.00000 4372234.00000 -100.1655
440262.00000 4372238.00000 -102.4360
440262.00000 4372242.00000 -102.4796
440262.00000 4372246.00000 -102.5362
440262.00000 4372250.00000 -102.5607
440262.00000 4372254.00000 -103.0981
440262.00000 4372258.00000 -103.1548
440262.00000 4372262.00000 -103.2115
440262.00000 4372266.00000 -103.2724
440262.00000 4372270.00000 -103.3116
440262.00000 4372274.00000 -103.2943
440262.00000 4372278.00000 -103.1631
440262.00000 4372282.00000 -103.4200
440262.00000 4372286.00000 -103.4887
440262.00000 4372290.00000 -103.5615
440262.00000 4372294.00000 -103.6716
440262.00000 4372298.00000 -103.7785
440262.00000 4372302.00000 -103.8236
440262.00000 4372306.00000 -103.9044
440262.00000 4372310.00000 -104.0045
440262.00000 4372314.00000 -104.0383
440262.00000 4372318.00000 -104.1241
440262.00000 4372322.00000 -104.1926
440262.00000 4372326.00000 -104.3410
440262.00000 4372330.00000 -104.4351
440262.00000 4372334.00000 -104.5325
440262.00000 4372338.00000 -104.6397
440262.00000 4372342.00000 -104.7616
440262.00000 4372346.00000 -104.8613
440262.00000 4372350.00000 -104.9599
440262.00000 4372354.00000 -105.0608
440262.00000 4372358.00000 -105.1568
440262.00000 4372362.00000 -105.2628
440262.00000 4372366.00000 -105.3411
440262.00000 4372370.00000 -105.4488
440262.00000 4372374.00000 -105.4697
440262.00000 4372378.00000 -105.5745
440262.00000 4372382.00000 -105.6942
440262.00000 4372386.00000 -105.6508
440262.00000 4372390.00000 -105.7236
440262.00000 4372394.00000 -106.0685
440262.00000 4372398.00000 -106.0182
440262.00000 4372402.00000 -106.0326
440262.00000 4372406.00000 -106.1252
440262.00000 4372410.00000 -106.0035
440262.00000 4372414.00000 -105.9658
440262.00000 4372418.00000 -106.0645
440262.00000 4372422.00000 -106.5000
440262.00000 4372426.00000 -106.4124
440262.00000 4372430.00000 -106.4768
440262.00000 4372434.00000 -106.7181
440262.00000 4372438.00000 -106.8157
440262.00000 4372442.00000 -106.7242
440262.00000 4372446.00000 -107.2917
440262.00000 4372450.00000 -107.3350
440262.00000 4372454.00000 -107.4534
440262.00000 4372458.00000 -107.6764
440262.00000 4372462.00000 -107.7939
440262.00000 4372466.00000 -107.6550
440262.00000 4372470.00000 -107.9588
440262.00000 4372474.00000 -108.0366
440262.00000 4372478.00000 -107.9662
440266.00000 4371970.00000 -139.6317
440266.00000 4371974.00000 N.C.
440266.00000 4371978.00000 -146.4365
440266.00000 4371982.00000 -148.9448
440266.00000 4371986.00000 N.C.
440266.00000 4371990.00000 -128.6376
440266.00000 4371994.00000 -129.3162
440266.00000 4371998.00000 -130.1092
440266.00000 4372002.00000 -130.7831
440266.00000 4372006.00000 -128.9298
440266.00000 4372010.00000 -126.7550
440266.00000 4372014.00000 -131.7957
440266.00000 4372018.00000 N.C.
440266.00000 4372022.00000 -135.5605
440266.00000 4372026.00000 -137.7620
440266.00000 4372030.00000 N.C.
440266.00000 4372034.00000 N.C.
440266.00000 4372038.00000 -139.2287
440266.00000 4372042.00000 N.C.
440266.00000 4372046.00000 -136.9518
440266.00000 4372050.00000 -137.3334
440266.00000 4372054.00000 -138.8109
440266.00000 4372058.00000 -143.7851
440266.00000 4372062.00000 -146.6280
440266.00000 4372066.00000 -148.4787
440266.00000 4372070.00000 -148.5123
440266.00000 4372074.00000 -145.7327
440266.00000 4372078.00000 -147.8984
440266.00000 4372082.00000 -157.2273
440266.00000 4372086.00000 -164.7039
440266.00000 4372090.00000 N.C.
440266.00000 4372094.00000 N.C.
440266.00000 4372098.00000 N.C.
440266.00000 4372102.00000 N.C.
440266.00000 4372106.00000 N.C.
440266.00000 4372110.00000 N.C.
440266.00000 4372114.00000 N.C.
440266.00000 4372118.00000 N.C.
440266.00000 4372122.00000 N.C.
440266.00000 4372126.00000 N.C.
440266.00000 4372130.00000 N.C.
440266.00000 4372134.00000 N.C.
440266.00000 4372138.00000 -119.3038
440266.00000 4372142.00000 -125.4889
440266.00000 4372146.00000 -129.3117
440266.00000 4372150.00000 -140.1428
440266.00000 4372154.00000 -129.2245
440266.00000 4372158.00000 N.C.
440266.00000 4372162.00000 N.C.
440266.00000 4372166.00000 N.C.
440266.00000 4372170.00000 -124.5386
440266.00000 4372174.00000 N.C.
440266.00000 4372178.00000 N.C.
440266.00000 4372182.00000 N.C.
440266.00000 4372186.00000 N.C.
440266.00000 4372190.00000 -100.9890
440266.00000 4372194.00000 -102.6988
440266.00000 4372198.00000 -102.9617
440266.00000 4372202.00000 -100.5515
440266.00000 4372206.00000 -102.9560
440266.00000 4372210.00000 -103.1298
440266.00000 4372214.00000 -102.6243
440266.00000 4372218.00000 -102.6660
440266.00000 4372222.00000 -101.0032
440266.00000 4372226.00000 -100.5084
440266.00000 4372230.00000 -100.9694
440266.00000 4372234.00000 -100.3886
440266.00000 4372238.00000 -101.1536
440266.00000 4372242.00000 -102.6803
440266.00000 4372246.00000 -102.7418
440266.00000 4372250.00000 -102.7805
440266.00000 4372254.00000 -103.2360
440266.00000 4372258.00000 -103.3723
440266.00000 4372262.00000 -103.4140
440266.00000 4372266.00000 -103.4646
440266.00000 4372270.00000 -103.5135
440266.00000 4372274.00000 -103.4885
440266.00000 4372278.00000 -103.3431
440266.00000 4372282.00000 -103.6191
440266.00000 4372286.00000 -103.6904
440266.00000 4372290.00000 -103.7446
440266.00000 4372294.00000 -103.8555
440266.00000 4372298.00000 -103.9255
440266.00000 4372302.00000 -104.0198
440266.00000 4372306.00000 -104.0964
440266.00000 4372310.00000 -104.1836
440266.00000 4372314.00000 -104.2706
440266.00000 4372318.00000 -104.3099
440266.00000 4372322.00000 -104.3940
440266.00000 4372326.00000 -104.5113
440266.00000 4372330.00000 -104.6004
440266.00000 4372334.00000 -104.6911
440266.00000 4372338.00000 -104.7990
440266.00000 4372342.00000 -104.8951
440266.00000 4372346.00000 -105.0213
440266.00000 4372350.00000 -105.1168
440266.00000 4372354.00000 -105.2128
440266.00000 4372358.00000 -105.3072
440266.00000 4372362.00000 -105.4054
440266.00000 4372366.00000 -105.5061
440266.00000 4372370.00000 -105.5813
440266.00000 4372374.00000 -105.6189
440266.00000 4372378.00000 -105.7270
440266.00000 4372382.00000 -105.8356
440266.00000 4372386.00000 -105.9370
440266.00000 4372390.00000 -106.0780
440266.00000 4372394.00000 -105.9321
440266.00000 4372398.00000 -106.2001
440266.00000 4372402.00000 -106.1654
440266.00000 4372406.00000 -105.9379
440266.00000 4372410.00000 -106.3657
440266.00000 4372414.00000 -106.0788
440266.00000 4372418.00000 -106.1737
440266.00000 4372422.00000 -106.2760
440266.00000 4372426.00000 -106.7115
440266.00000 4372430.00000 -106.7732
440266.00000 4372434.00000 -106.6182
440266.00000 4372438.00000 -106.9150
440266.00000 4372442.00000 -106.7619
440266.00000 4372446.00000 -107.0437
440266.00000 4372450.00000 -107.4364
440266.00000 4372454.00000 -107.4140
440266.00000 4372458.00000 -107.4954
440266.00000 4372462.00000 -107.5860
440266.00000 4372466.00000 -107.7224
440266.00000 4372470.00000 -107.8077
440266.00000 4372474.00000 -107.8823
440266.00000 4372478.00000 -107.9906
440270.00000 4371970.00000 -142.1164
440270.00000 4371974.00000 N.C.
440270.00000 4371978.00000 -141.9915
440270.00000 4371982.00000 -148.8912
440270.00000 4371986.00000 N.C.
440270.00000 4371990.00000 -126.9276
440270.00000 4371994.00000 -127.3959
440270.00000 4371998.00000 -128.6948
440270.00000 4372002.00000 -131.6928
440270.00000 4372006.00000 -127.9667
440270.00000 4372010.00000 -130.3359
440270.00000 4372014.00000 N.C.
440270.00000 4372018.00000 N.C.
440270.00000 4372022.00000 N.C.
440270.00000 4372026.00000 N.C.
440270.00000 4372030.00000 N.C.
440270.00000 4372034.00000 N.C.
440270.00000 4372038.00000 N.C.
440270.00000 4372042.00000 N.C.
440270.00000 4372046.00000 -133.5270
440270.00000 4372050.00000 -133.7604
440270.00000 4372054.00000 -133.4488
440270.00000 4372058.00000 -138.0634
440270.00000 4372062.00000 -137.2300
440270.00000 4372066.00000 -138.6303
440270.00000 4372070.00000 -139.3983
440270.00000 4372074.00000 N.C.
440270.00000 4372078.00000 -146.6429
440270.00000 4372082.00000 -150.6573
440270.00000 4372086.00000 -151.9198
440270.00000 4372090.00000 N.C.
440270.00000 4372094.00000 N.C.
440270.00000 4372098.00000 N.C.
440270.00000 4372102.00000 N.C.
440270.00000 4372106.00000 N.C.
440270.00000 4372110.00000 N.C.
440270.00000 4372114.00000 N.C.
440270.00000 4372118.00000 N.C.
440270.00000 4372122.00000 N.C.
440270.00000 4372126.00000 N.C.
440270.00000 4372130.00000 N.C.
440270.00000 4372134.00000 N.C.
440270.00000 4372138.00000 -119.8579
440270.00000 4372142.00000 -118.7696
440270.00000 4372146.00000 -125.5856
440270.00000 4372150.00000 -131.4553
440270.00000 4372154.00000 -131.0552
440270.00000 4372158.00000 N.C.
440270.00000 4372162.00000 N.C.
440270.00000 4372166.00000 N.C.
440270.00000 4372170.00000 -124.9061
440270.00000 4372174.00000 N.C.
440270.00000 4372178.00000 N.C.
440270.00000 4372182.00000 N.C.
440270.00000 4372186.00000 N.C.
440270.00000 4372190.00000 -101.2378
440270.00000 4372194.00000 -102.9088
440270.00000 4372198.00000 -103.1535
440270.00000 4372202.00000 -102.3535
440270.00000 4372206.00000 -102.6974
440270.00000 4372210.00000 -102.8754
440270.00000 4372214.00000 -102.8622
440270.00000 4372218.00000 -102.8938
440270.00000 4372222.00000 -101.2377
440270.00000 4372226.00000 -100.6639
440270.00000 4372230.00000 -101.1681
440270.00000 4372234.00000 -100.5776
440270.00000 4372238.00000 -101.3617
440270.00000 4372242.00000 -102.8899
440270.00000 4372246.00000 -102.9323
440270.00000 4372250.00000 -102.9827
440270.00000 4372254.00000 -102.9977
440270.00000 4372258.00000 -103.4839
440270.00000 4372262.00000 -103.6243
440270.00000 4372266.00000 -103.6678
440270.00000 4372270.00000 -103.6908
440270.00000 4372274.00000 -103.6565
440270.00000 4372278.00000 -103.7681
440270.00000 4372282.00000 -103.8171
440270.00000 4372286.00000 -103.8895
440270.00000 4372290.00000 -103.9337
440270.00000 4372294.00000 -104.0243
440270.00000 4372298.00000 -104.1124
440270.00000 4372302.00000 -104.1683
440270.00000 4372306.00000 -104.2936
440270.00000 4372310.00000 -104.3748
440270.00000 4372314.00000 -104.4487
440270.00000 4372318.00000 -104.4859
440270.00000 4372322.00000 -104.5493
440270.00000 4372326.00000 -104.6423
440270.00000 4372330.00000 -104.7729
440270.00000 4372334.00000 -104.8544
440270.00000 4372338.00000 -104.9549
440270.00000 4372342.00000 -105.0641
440270.00000 4372346.00000 -105.1779
440270.00000 4372350.00000 -105.2607
440270.00000 4372354.00000 -105.3566
440270.00000 4372358.00000 -105.4510
440270.00000 4372362.00000 -105.5580
440270.00000 4372366.00000 -105.6582
440270.00000 4372370.00000 -105.7383
440270.00000 4372374.00000 -105.8475
440270.00000 4372378.00000 -105.8890
440270.00000 4372382.00000 -105.9768
440270.00000 4372386.00000 -106.0687
440270.00000 4372390.00000 -106.2109
440270.00000 4372394.00000 -106.3298
440270.00000 4372398.00000 -106.3108
440270.00000 4372402.00000 -106.3606
440270.00000 4372406.00000 -106.3497
440270.00000 4372410.00000 -106.5269
440270.00000 4372414.00000 -106.4565
440270.00000 4372418.00000 -106.2356
440270.00000 4372422.00000 -106.3792
440270.00000 4372426.00000 -106.5804
440270.00000 4372430.00000 -106.6264
440270.00000 4372434.00000 -106.7623
440270.00000 4372438.00000 -106.9795
440270.00000 4372442.00000 -106.8653
440270.00000 4372446.00000 -107.1937
440270.00000 4372450.00000 -107.5152
440270.00000 4372454.00000 -107.6200
440270.00000 4372458.00000 -107.7108
440270.00000 4372462.00000 -107.6578
440270.00000 4372466.00000 -107.8537
440270.00000 4372470.00000 -107.5388
440270.00000 4372474.00000 -107.8472
440270.00000 4372478.00000 -108.0648
440274.00000 4371970.00000 -137.9302
440274.00000 4371974.00000 -151.9990
440274.00000 4371978.00000 -143.6287
440274.00000 4371982.00000 -145.8753
440274.00000 4371986.00000 N.C.
440274.00000 4371990.00000 -127.2325
440274.00000 4371994.00000 -128.5416
440274.00000 4371998.00000 -130.6105
440274.00000 4372002.00000 -131.7469
440274.00000 4372006.00000 -126.8808
440274.00000 4372010.00000 -129.6075
440274.00000 4372014.00000 -134.9071
440274.00000 4372018.00000 -139.7422
440274.00000 4372022.00000 -141.2302
440274.00000 4372026.00000 -140.1154
440274.00000 4372030.00000 -141.3536
440274.00000 4372034.00000 -144.2661
440274.00000 4372038.00000 N.C.
440274.00000 4372042.00000 N.C.
440274.00000 4372046.00000 -136.4703
440274.00000 4372050.00000 -138.0546
440274.00000 4372054.00000 N.C.
440274.00000 4372058.00000 N.C.
440274.00000 4372062.00000 N.C.
440274.00000 4372066.00000 N.C.
440274.00000 4372070.00000 -137.3335
440274.00000 4372074.00000 N.C.
440274.00000 4372078.00000 -139.3087
440274.00000 4372082.00000 N.C.
440274.00000 4372086.00000 N.C.
440274.00000 4372090.00000 N.C.
440274.00000 4372094.00000 N.C.
440274.00000 4372098.00000 N.C.
440274.00000 4372102.00000 N.C.
440274.00000 4372106.00000 N.C.
440274.00000 4372110.00000 N.C.
440274.00000 4372114.00000 N.C.
440274.00000 4372118.00000 N.C.
440274.00000 4372122.00000 N.C.
440274.00000 4372126.00000 -127.2896
440274.00000 4372130.00000 -112.8846
440274.00000 4372134.00000 -124.9316
440274.00000 4372138.00000 -122.1057
440274.00000 4372142.00000 -120.8885
440274.00000 4372146.00000 -128.6729
440274.00000 4372150.00000 -128.4825
440274.00000 4372154.00000 N.C.
440274.00000 4372158.00000 N.C.
440274.00000 4372162.00000 N.C.
440274.00000 4372166.00000 N.C.
440274.00000 4372170.00000 -125.4684
440274.00000 4372174.00000 N.C.
440274.00000 4372178.00000 N.C.
440274.00000 4372182.00000 N.C.
440274.00000 4372186.00000 -119.9862
440274.00000 4372190.00000 -101.3979
440274.00000 4372194.00000 -102.2244
440274.00000 4372198.00000 -103.3582
440274.00000 4372202.00000 -100.9988
440274.00000 4372206.00000 -102.9346
440274.00000 4372210.00000 -103.5228
440274.00000 4372214.00000 -103.0864
440274.00000 4372218.00000 -103.1410
440274.00000 4372222.00000 -101.4774
440274.00000 4372226.00000 -101.2672
440274.00000 4372230.00000 -100.8719
440274.00000 4372234.00000 -100.7324
440274.00000 4372238.00000 -100.9640
440274.00000 4372242.00000 -103.0050
440274.00000 4372246.00000 -103.1029
440274.00000 4372250.00000 -103.1791
440274.00000 4372254.00000 -103.2005
440274.00000 4372258.00000 -103.6939
440274.00000 4372262.00000 -103.7569
440274.00000 4372266.00000 -103.8796
440274.00000 4372270.00000 -103.8847
440274.00000 4372274.00000 -103.8455
440274.00000 4372278.00000 -103.9357
440274.00000 4372282.00000 -104.0373
440274.00000 4372286.00000 -104.0741
440274.00000 4372290.00000 -104.1206
440274.00000 4372294.00000 -104.2119
440274.00000 4372298.00000 -104.2992
440274.00000 4372302.00000 -104.3613
440274.00000 4372306.00000 -104.4356
440274.00000 4372310.00000 -104.5487
440274.00000 4372314.00000 -104.6196
440274.00000 4372318.00000 -104.6439
440274.00000 4372322.00000 -104.7064
440274.00000 4372326.00000 -104.7901
440274.00000 4372330.00000 -104.9345
440274.00000 4372334.00000 -105.0201
440274.00000 4372338.00000 -105.1150
440274.00000 4372342.00000 -105.2329
440274.00000 4372346.00000 -105.3500
440274.00000 4372350.00000 -105.4382
440274.00000 4372354.00000 -105.5223
440274.00000 4372358.00000 -105.6094
440274.00000 4372362.00000 -105.6961
440274.00000 4372366.00000 -105.8000
440274.00000 4372370.00000 -105.8988
440274.00000 4372374.00000 -105.9945
440274.00000 4372378.00000 -106.0185
440274.00000 4372382.00000 -106.1227
440274.00000 4372386.00000 -106.2156
440274.00000 4372390.00000 -106.0981
440274.00000 4372394.00000 -106.4046
440274.00000 4372398.00000 -106.4413
440274.00000 4372402.00000 -106.5136
440274.00000 4372406.00000 -106.5040
440274.00000 4372410.00000 -106.6640
440274.00000 4372414.00000 -106.5592
440274.00000 4372418.00000 -106.6470
440274.00000 4372422.00000 -106.4600
440274.00000 4372426.00000 -106.6682
440274.00000 4372430.00000 -106.7849
440274.00000 4372434.00000 -106.8774
440274.00000 4372438.00000 -107.0080
440274.00000 4372442.00000 -107.0303
440274.00000 4372446.00000 -107.1251
440274.00000 4372450.00000 -107.4564
440274.00000 4372454.00000 -107.7547
440274.00000 4372458.00000 -107.6518
440274.00000 4372462.00000 -107.7779
440274.00000 4372466.00000 -107.9411
440274.00000 4372470.00000 -107.9695
440274.00000 4372474.00000 -107.9813
440274.00000 4372478.00000 -108.1699
440278.00000 4371970.00000 -138.8093
440278.00000 4371974.00000 N.C.
440278.00000 4371978.00000 N.C.
440278.00000 4371982.00000 -133.4863
440278.00000 4371986.00000 -131.4081
440278.00000 4371990.00000 -129.0477
440278.00000 4371994.00000 -129.2025
440278.00000 4371998.00000 -132.0411
440278.00000 4372002.00000 -127.2195
440278.00000 4372006.00000 -128.2223
440278.00000 4372010.00000 -129.5343
440278.00000 4372014.00000 -131.1998
440278.00000 4372018.00000 -127.0960
440278.00000 4372022.00000 -137.2772
440278.00000 4372026.00000 -134.8112
440278.00000 4372030.00000 -138.1253
440278.00000 4372034.00000 -139.6859
440278.00000 4372038.00000 N.C.
440278.00000 4372042.00000 N.C.
440278.00000 4372046.00000 -136.3155
440278.00000 4372050.00000 -138.4142
440278.00000 4372054.00000 N.C.
440278.00000 4372058.00000 N.C.
440278.00000 4372062.00000 N.C.
440278.00000 4372066.00000 -145.5014
440278.00000 4372070.00000 -141.7432
440278.00000 4372074.00000 N.C.
440278.00000 4372078.00000 N.C.
440278.00000 4372082.00000 N.C.
440278.00000 4372086.00000 N.C.
440278.00000 4372090.00000 N.C.
440278.00000 4372094.00000 N.C.
440278.00000 4372098.00000 N.C.
440278.00000 4372102.00000 N.C.
440278.00000 4372106.00000 N.C.
440278.00000 4372110.00000 N.C.
440278.00000 4372114.00000 N.C.
440278.00000 4372118.00000 N.C.
440278.00000 4372122.00000 N.C.
440278.00000 4372126.00000 -121.8917
440278.00000 4372130.00000 -122.8962
440278.00000 4372134.00000 -121.0168
440278.00000 4372138.00000 -122.5103
440278.00000 4372142.00000 -125.0109
440278.00000 4372146.00000 -125.9782
440278.00000 4372150.00000 -123.0314
440278.00000 4372154.00000 N.C.
440278.00000 4372158.00000 N.C.
440278.00000 4372162.00000 N.C.
440278.00000 4372166.00000 N.C.
440278.00000 4372170.00000 -125.5282
440278.00000 4372174.00000 N.C.
440278.00000 4372178.00000 N.C.
440278.00000 4372182.00000 N.C.
440278.00000 4372186.00000 -110.0678
440278.00000 4372190.00000 -101.7217
440278.00000 4372194.00000 -103.4394
440278.00000 4372198.00000 -103.6806
440278.00000 4372202.00000 -102.8784
440278.00000 4372206.00000 -103.1412
440278.00000 4372210.00000 -103.7201
440278.00000 4372214.00000 -103.2837
440278.00000 4372218.00000 -103.3368
440278.00000 4372222.00000 -101.6738
440278.00000 4372226.00000 -101.6222
440278.00000 4372230.00000 -101.0658
440278.00000 4372234.00000 -100.9265
440278.00000 4372238.00000 -100.7676
440278.00000 4372242.00000 -103.1936
440278.00000 4372246.00000 -103.3013
440278.00000 4372250.00000 -103.3439
440278.00000 4372254.00000 -103.4030
440278.00000 4372258.00000 -103.9083
440278.00000 4372262.00000 -103.9569
440278.00000 4372266.00000 -104.0859
440278.00000 4372270.00000 -104.0843
440278.00000 4372274.00000 -104.0531
440278.00000 4372278.00000 -104.1259
440278.00000 4372282.00000 -104.2248
440278.00000 4372286.00000 -104.2938
440278.00000 4372290.00000 -104.3080
440278.00000 4372294.00000 -104.4070
440278.00000 4372298.00000 -104.4799
440278.00000 4372302.00000 -104.5666
440278.00000 4372306.00000 -104.5998
440278.00000 4372310.00000 -104.6721
440278.00000 4372314.00000 -104.7845
440278.00000 4372318.00000 -104.8635
440278.00000 4372322.00000 -104.8904
440278.00000 4372326.00000 -104.9631
440278.00000 4372330.00000 -105.0501
440278.00000 4372334.00000 -105.1824
440278.00000 4372338.00000 -105.2747
440278.00000 4372342.00000 -105.3615
440278.00000 4372346.00000 -105.4848
440278.00000 4372350.00000 -105.5984
440278.00000 4372354.00000 -105.6890
440278.00000 4372358.00000 -105.7719
440278.00000 4372362.00000 -105.8564
440278.00000 4372366.00000 -105.9522
440278.00000 4372370.00000 -106.0579
440278.00000 4372374.00000 -106.1325
440278.00000 4372378.00000 -106.2052
440278.00000 4372382.00000 -106.2434
440278.00000 4372386.00000 -106.3329
440278.00000 4372390.00000 -106.4388
440278.00000 4372394.00000 -106.5886
440278.00000 4372398.00000 -106.7034
440278.00000 4372402.00000 -106.6443
440278.00000 4372406.00000 -106.6749
440278.00000 4372410.00000 -106.6804
440278.00000 4372414.00000 -106.8826
440278.00000 4372418.00000 -106.6701
440278.00000 4372422.00000 -106.5178
440278.00000 4372426.00000 -106.6762
440278.00000 4372430.00000 -106.8561
440278.00000 4372434.00000 -106.7076
440278.00000 4372438.00000 -106.9931
440278.00000 4372442.00000 -107.2246
440278.00000 4372446.00000 -107.1097
440278.00000 4372450.00000 -107.4931
440278.00000 4372454.00000 -107.8264
440278.00000 4372458.00000 -107.8640
440278.00000 4372462.00000 -108.0155
440278.00000 4372466.00000 -108.0225
440278.00000 4372470.00000 -108.1291
440278.00000 4372474.00000 -107.7800
440278.00000 4372478.00000 -108.1932
440282.00000 4371970.00000 -139.6491
440282.00000 4371974.00000 -149.1729
440282.00000 4371978.00000 N.C.
440282.00000 4371982.00000 N.C.
440282.00000 4371986.00000 N.C.
440282.00000 4371990.00000 N.C.
440282.00000 4371994.00000 N.C.
440282.00000 4371998.00000 -127.7249
440282.00000 4372002.00000 -127.7485
440282.00000 4372006.00000 -126.0948
440282.00000 4372010.00000 N.C.
440282.00000 4372014.00000 N.C.
440282.00000 4372018.00000 -136.6721
440282.00000 4372022.00000 N.C.
440282.00000 4372026.00000 N.C.
440282.00000 4372030.00000 N.C.
440282.00000 4372034.00000 N.C.
440282.00000 4372038.00000 N.C.
440282.00000 4372042.00000 N.C.
440282.00000 4372046.00000 N.C.
440282.00000 4372050.00000 N.C.
440282.00000 4372054.00000 -156.8879
440282.00000 4372058.00000 N.C.
440282.00000 4372062.00000 N.C.
440282.00000 4372066.00000 N.C.
440282.00000 4372070.00000 -147.0866
440282.00000 4372074.00000 N.C.
440282.00000 4372078.00000 -160.2771
440282.00000 4372082.00000 N.C.
440282.00000 4372086.00000 N.C.
440282.00000 4372090.00000 -182.5458
440282.00000 4372094.00000 N.C.
440282.00000 4372098.00000 -172.5813
440282.00000 4372102.00000 N.C.
440282.00000 4372106.00000 -157.6125
440282.00000 4372110.00000 N.C.
440282.00000 4372114.00000 -143.8489
440282.00000 4372118.00000 -144.1145
440282.00000 4372122.00000 -133.8975
440282.00000 4372126.00000 -118.3622
440282.00000 4372130.00000 -113.8912
440282.00000 4372134.00000 N.C.
440282.00000 4372138.00000 -122.5633
440282.00000 4372142.00000 -124.4368
440282.00000 4372146.00000 -121.2008
440282.00000 4372150.00000 -123.6497
440282.00000 4372154.00000 N.C.
440282.00000 4372158.00000 N.C.
440282.00000 4372162.00000 N.C.
440282.00000 4372166.00000 N.C.
440282.00000 4372170.00000 -124.5537
440282.00000 4372174.00000 N.C.
440282.00000 4372178.00000 N.C.
440282.00000 4372182.00000 N.C.
440282.00000 4372186.00000 -104.0482
440282.00000 4372190.00000 -101.3049
440282.00000 4372194.00000 -102.8779
440282.00000 4372198.00000 -103.7252
440282.00000 4372202.00000 -101.4275
440282.00000 4372206.00000 -102.3229
440282.00000 4372210.00000 -103.9522
440282.00000 4372214.00000 -103.4819
440282.00000 4372218.00000 -103.5355
440282.00000 4372222.00000 -103.4306
440282.00000 4372226.00000 -101.8330
440282.00000 4372230.00000 -101.1964
440282.00000 4372234.00000 -101.1080
440282.00000 4372238.00000 -100.9521
440282.00000 4372242.00000 -101.6396
440282.00000 4372246.00000 -103.4903
440282.00000 4372250.00000 -103.5183
440282.00000 4372254.00000 -103.5852
440282.00000 4372258.00000 -103.6371
440282.00000 4372262.00000 -104.1418
440282.00000 4372266.00000 -103.9406
440282.00000 4372270.00000 -104.2681
440282.00000 4372274.00000 -104.2453
440282.00000 4372278.00000 -104.3129
440282.00000 4372282.00000 -104.4172
440282.00000 4372286.00000 -104.4653
440282.00000 4372290.00000 -104.5181
440282.00000 4372294.00000 -104.5995
440282.00000 4372298.00000 -104.6552
440282.00000 4372302.00000 -104.7345
440282.00000 4372306.00000 -104.7884
440282.00000 4372310.00000 -104.8560
440282.00000 4372314.00000 -104.9477
440282.00000 4372318.00000 -105.0327
440282.00000 4372322.00000 -105.0556
440282.00000 4372326.00000 -105.1402
440282.00000 4372330.00000 -105.2249
440282.00000 4372334.00000 -105.3437
440282.00000 4372338.00000 -105.4309
440282.00000 4372342.00000 -105.5172
440282.00000 4372346.00000 -105.6514
440282.00000 4372350.00000 -105.7511
440282.00000 4372354.00000 -105.8340
440282.00000 4372358.00000 -105.9220
440282.00000 4372362.00000 -106.0048
440282.00000 4372366.00000 -106.0987
440282.00000 4372370.00000 -106.2034
440282.00000 4372374.00000 -106.2870
440282.00000 4372378.00000 -106.3476
440282.00000 4372382.00000 -106.4477
440282.00000 4372386.00000 -106.4724
440282.00000 4372390.00000 -106.5650
440282.00000 4372394.00000 -106.6575
440282.00000 4372398.00000 -106.8317
440282.00000 4372402.00000 -106.7925
440282.00000 4372406.00000 -106.8608
440282.00000 4372410.00000 -106.8174
440282.00000 4372414.00000 -106.8833
440282.00000 4372418.00000 -106.8503
440282.00000 4372422.00000 -106.9525
440282.00000 4372426.00000 -107.0115
440282.00000 4372430.00000 -106.9514
440282.00000 4372434.00000 -106.8904
440282.00000 4372438.00000 -106.8700
440282.00000 4372442.00000 -107.2330
440282.00000 4372446.00000 -107.3209
440282.00000 4372450.00000 -107.2488
440282.00000 4372454.00000 -107.8504
440282.00000 4372458.00000 -108.0409
440282.00000 4372462.00000 -108.0257
440282.00000 4372466.00000 -108.0527
440282.00000 4372470.00000 -108.2159
440282.00000 4372474.00000 -108.2387
440282.00000 4372478.00000 N.C.
440286.00000 4371970.00000 -139.9895
440286.00000 4371974.00000 -148.9629
440286.00000 4371978.00000 N.C.
440286.00000 4371982.00000 -148.5022
440286.00000 4371986.00000 N.C.
440286.00000 4371990.00000 N.C.
440286.00000 4371994.00000 N.C.
440286.00000 4371998.00000 -127.4220
440286.00000 4372002.00000 -129.0889
440286.00000 4372006.00000 -126.8988
440286.00000 4372010.00000 -137.5154
440286.00000 4372014.00000 -136.9595
440286.00000 4372018.00000 N.C.
440286.00000 4372022.00000 N.C.
440286.00000 4372026.00000 N.C.
440286.00000 4372030.00000 N.C.
440286.00000 4372034.00000 -117.2186
440286.00000 4372038.00000 -118.1774
440286.00000 4372042.00000 -125.8970
440286.00000 4372046.00000 N.C.
440286.00000 4372050.00000 N.C.
440286.00000 4372054.00000 -145.8936
440286.00000 4372058.00000 N.C.
440286.00000 4372062.00000 -146.6476
440286.00000 4372066.00000 -148.4229
440286.00000 4372070.00000 -145.1671
440286.00000 4372074.00000 N.C.
440286.00000 4372078.00000 -152.0189
440286.00000 4372082.00000 N.C.
440286.00000 4372086.00000 N.C.
440286.00000 4372090.00000 -152.6031
440286.00000 4372094.00000 N.C.
440286.00000 4372098.00000 -154.7156
440286.00000 4372102.00000 N.C.
440286.00000 4372106.00000 -149.2720
440286.00000 4372110.00000 N.C.
440286.00000 4372114.00000 -148.9300
440286.00000 4372118.00000 N.C.
440286.00000 4372122.00000 -151.7044
440286.00000 4372126.00000 N.C.
440286.00000 4372130.00000 -108.5436
440286.00000 4372134.00000 N.C.
440286.00000 4372138.00000 N.C.
440286.00000 4372142.00000 -123.9516
440286.00000 4372146.00000 -120.6414
440286.00000 4372150.00000 -125.9965
440286.00000 4372154.00000 -127.0919
440286.00000 4372158.00000 N.C.
440286.00000 4372162.00000 N.C.
440286.00000 4372166.00000 N.C.
440286.00000 4372170.00000 -125.6762
440286.00000 4372174.00000 N.C.
440286.00000 4372178.00000 N.C.
440286.00000 4372182.00000 N.C.
440286.00000 4372186.00000 -104.2981
440286.00000 4372190.00000 -103.6345
440286.00000 4372194.00000 -103.1219
440286.00000 4372198.00000 -103.9043
440286.00000 4372202.00000 -101.6040
440286.00000 4372206.00000 -103.5106
440286.00000 4372210.00000 -104.0482
440286.00000 4372214.00000 -103.6084
440286.00000 4372218.00000 -103.7640
440286.00000 4372222.00000 -103.6710
440286.00000 4372226.00000 -102.0329
440286.00000 4372230.00000 -101.3594
440286.00000 4372234.00000 -101.7751
440286.00000 4372238.00000 -101.1085
440286.00000 4372242.00000 -101.8426
440286.00000 4372246.00000 -103.5993
440286.00000 4372250.00000 -103.7019
440286.00000 4372254.00000 -103.7748
440286.00000 4372258.00000 -103.8370
440286.00000 4372262.00000 -104.3224
440286.00000 4372266.00000 -104.1017
440286.00000 4372270.00000 -104.1272
440286.00000 4372274.00000 -104.4482
440286.00000 4372278.00000 -104.4908
440286.00000 4372282.00000 -104.5815
440286.00000 4372286.00000 -104.6383
440286.00000 4372290.00000 -104.7336
440286.00000 4372294.00000 -104.7892
440286.00000 4372298.00000 -104.8444
440286.00000 4372302.00000 -104.9151
440286.00000 4372306.00000 -104.9599
440286.00000 4372310.00000 -105.0313
440286.00000 4372314.00000 -105.1269
440286.00000 4372318.00000 -105.1980
440286.00000 4372322.00000 -105.2010
440286.00000 4372326.00000 -105.2772
440286.00000 4372330.00000 -105.3811
440286.00000 4372334.00000 -105.4940
440286.00000 4372338.00000 -105.5871
440286.00000 4372342.00000 -105.6745
440286.00000 4372346.00000 -105.7793
440286.00000 4372350.00000 -105.8861
440286.00000 4372354.00000 -105.9765
440286.00000 4372358.00000 -106.0639
440286.00000 4372362.00000 -106.1625
440286.00000 4372366.00000 -106.2503
440286.00000 4372370.00000 -106.3352
440286.00000 4372374.00000 -106.4303
440286.00000 4372378.00000 -106.5120
440286.00000 4372382.00000 -106.5885
440286.00000 4372386.00000 -106.6140
440286.00000 4372390.00000 -106.7044
440286.00000 4372394.00000 -106.7985
440286.00000 4372398.00000 -106.9772
440286.00000 4372402.00000 -106.9262
440286.00000 4372406.00000 -106.9760
440286.00000 4372410.00000 -107.0160
440286.00000 4372414.00000 -107.0544
440286.00000 4372418.00000 -106.9861
440286.00000 4372422.00000 -107.0568
440286.00000 4372426.00000 -107.1195
440286.00000 4372430.00000 -106.9203
440286.00000 4372434.00000 -107.2064
440286.00000 4372438.00000 -107.0687
440286.00000 4372442.00000 -107.1431
440286.00000 4372446.00000 -107.4989
440286.00000 4372450.00000 -107.3840
440286.00000 4372454.00000 -107.5992
440286.00000 4372458.00000 -108.1303
440286.00000 4372462.00000 -108.2248
440286.00000 4372466.00000 -108.2332
440286.00000 4372470.00000 -108.2995
440286.00000 4372474.00000 -108.1741
440286.00000 4372478.00000 N.C.
440290.00000 4371970.00000 -138.6545
440290.00000 4371974.00000 -148.1995
440290.00000 4371978.00000 N.C.
440290.00000 4371982.00000 N.C.
440290.00000 4371986.00000 N.C.
440290.00000 4371990.00000 -147.8837
440290.00000 4371994.00000 N.C.
440290.00000 4371998.00000 -128.5690
440290.00000 4372002.00000 -129.3308
440290.00000 4372006.00000 -124.6104
440290.00000 4372010.00000 -125.8324
440290.00000 4372014.00000 -135.3474
440290.00000 4372018.00000 -136.8471
440290.00000 4372022.00000 N.C.
440290.00000 4372026.00000 N.C.
440290.00000 4372030.00000 N.C.
440290.00000 4372034.00000 -118.0965
440290.00000 4372038.00000 -121.1423
440290.00000 4372042.00000 -125.6565
440290.00000 4372046.00000 N.C.
440290.00000 4372050.00000 N.C.
440290.00000 4372054.00000 -145.8791
440290.00000 4372058.00000 N.C.
440290.00000 4372062.00000 -146.1742
440290.00000 4372066.00000 -131.0662
440290.00000 4372070.00000 -146.5595
440290.00000 4372074.00000 N.C.
440290.00000 4372078.00000 -146.2860
440290.00000 4372082.00000 -147.7492
440290.00000 4372086.00000 -150.3094
440290.00000 4372090.00000 -150.1541
440290.00000 4372094.00000 N.C.
440290.00000 4372098.00000 -153.0623
440290.00000 4372102.00000 N.C.
440290.00000 4372106.00000 -148.4789
440290.00000 4372110.00000 N.C.
440290.00000 4372114.00000 -145.7012
440290.00000 4372118.00000 -146.5329
440290.00000 4372122.00000 N.C.
440290.00000 4372126.00000 N.C.
440290.00000 4372130.00000 -114.6597
440290.00000 4372134.00000 N.C.
440290.00000 4372138.00000 N.C.
440290.00000 4372142.00000 -123.5693
440290.00000 4372146.00000 -120.6067
440290.00000 4372150.00000 -127.1984
440290.00000 4372154.00000 -130.5790
440290.00000 4372158.00000 -134.7421
440290.00000 4372162.00000 N.C.
440290.00000 4372166.00000 N.C.
440290.00000 4372170.00000 -124.8587
440290.00000 4372174.00000 N.C.
440290.00000 4372178.00000 N.C.
440290.00000 4372182.00000 N.C.
440290.00000 4372186.00000 -104.4024
440290.00000 4372190.00000 -103.9731
440290.00000 4372194.00000 -101.7030
440290.00000 4372198.00000 -104.1128
440290.00000 4372202.00000 -103.4610
440290.00000 4372206.00000 -104.2020
440290.00000 4372210.00000 -104.2584
440290.00000 4372214.00000 -103.8260
440290.00000 4372218.00000 -102.7620
440290.00000 4372222.00000 -103.8542
440290.00000 4372226.00000 -102.2216
440290.00000 4372230.00000 -101.5495
440290.00000 4372234.00000 -101.4626
440290.00000 4372238.00000 -101.2772
440290.00000 4372242.00000 -102.0240
440290.00000 4372246.00000 -103.7781
440290.00000 4372250.00000 -103.8982
440290.00000 4372254.00000 -103.9289
440290.00000 4372258.00000 -104.0009
440290.00000 4372262.00000 -104.5079
440290.00000 4372266.00000 -104.2763
440290.00000 4372270.00000 -104.3107
440290.00000 4372274.00000 -104.3368
440290.00000 4372278.00000 -104.7057
440290.00000 4372282.00000 -104.7688
440290.00000 4372286.00000 -104.8192
440290.00000 4372290.00000 -104.9100
440290.00000 4372294.00000 -104.9998
440290.00000 4372298.00000 -105.0284
440290.00000 4372302.00000 -105.0868
440290.00000 4372306.00000 -105.1410
440290.00000 4372310.00000 -105.2049
440290.00000 4372314.00000 -105.2989
440290.00000 4372318.00000 -105.3715
440290.00000 4372322.00000 -105.4330
440290.00000 4372326.00000 -105.4344
440290.00000 4372330.00000 -105.5049
440290.00000 4372334.00000 -105.5975
440290.00000 4372338.00000 -105.7338
440290.00000 4372342.00000 -105.8273
440290.00000 4372346.00000 -105.9382
440290.00000 4372350.00000 -106.0314
440290.00000 4372354.00000 -106.1192
440290.00000 4372358.00000 -106.2196
440290.00000 4372362.00000 -106.3049
440290.00000 4372366.00000 -106.3904
440290.00000 4372370.00000 -106.4810
440290.00000 4372374.00000 -106.5721
440290.00000 4372378.00000 -106.6505
440290.00000 4372382.00000 -106.7142
440290.00000 4372386.00000 -106.7385
440290.00000 4372390.00000 -106.8359
440290.00000 4372394.00000 -106.9332
440290.00000 4372398.00000 -107.0844
440290.00000 4372402.00000 -107.0687
440290.00000 4372406.00000 -107.1163
440290.00000 4372410.00000 -107.1861
440290.00000 4372414.00000 -107.1613
440290.00000 4372418.00000 -107.1927
440290.00000 4372422.00000 -107.1500
440290.00000 4372426.00000 -107.1276
440290.00000 4372430.00000 -107.2391
440290.00000 4372434.00000 -107.2420
440290.00000 4372438.00000 -107.2345
440290.00000 4372442.00000 -107.1251
440290.00000 4372446.00000 -107.3582
440290.00000 4372450.00000 -107.4673
440290.00000 4372454.00000 -107.8221
440290.00000 4372458.00000 -108.1297
440290.00000 4372462.00000 -108.3097
440290.00000 4372466.00000 -108.3665
440290.00000 4372470.00000 -107.9661
440290.00000 4372474.00000 -108.2858
440290.00000 4372478.00000 N.C.
440294.00000 4371970.00000 -134.7925
440294.00000 4371974.00000 -137.9358
440294.00000 4371978.00000 -149.4548
440294.00000 4371982.00000 N.C.
440294.00000 4371986.00000 N.C.
440294.00000 4371990.00000 -142.1445
440294.00000 4371994.00000 N.C.
440294.00000 4371998.00000 N.C.
440294.00000 4372002.00000 -126.2103
440294.00000 4372006.00000 -125.9204
440294.00000 4372010.00000 N.C.
440294.00000 4372014.00000 N.C.
440294.00000 4372018.00000 -139.0794
440294.00000 4372022.00000 N.C.
440294.00000 4372026.00000 N.C.
440294.00000 4372030.00000 N.C.
440294.00000 4372034.00000 N.C.
440294.00000 4372038.00000 N.C.
440294.00000 4372042.00000 N.C.
440294.00000 4372046.00000 N.C.
440294.00000 4372050.00000 N.C.
440294.00000 4372054.00000 -122.2218
440294.00000 4372058.00000 N.C.
440294.00000 4372062.00000 N.C.
440294.00000 4372066.00000 N.C.
440294.00000 4372070.00000 -148.6529
440294.00000 4372074.00000 N.C.
440294.00000 4372078.00000 -156.5426
440294.00000 4372082.00000 N.C.
440294.00000 4372086.00000 N.C.
440294.00000 4372090.00000 -153.2849
440294.00000 4372094.00000 N.C.
440294.00000 4372098.00000 -154.8560
440294.00000 4372102.00000 N.C.
440294.00000 4372106.00000 -147.4535
440294.00000 4372110.00000 N.C.
440294.00000 4372114.00000 -136.8457
440294.00000 4372118.00000 -141.5975
440294.00000 4372122.00000 N.C.
440294.00000 4372126.00000 N.C.
440294.00000 4372130.00000 -114.4764
440294.00000 4372134.00000 N.C.
440294.00000 4372138.00000 N.C.
440294.00000 4372142.00000 -123.5508
440294.00000 4372146.00000 -123.5433
440294.00000 4372150.00000 -122.9289
440294.00000 4372154.00000 N.C.
440294.00000 4372158.00000 N.C.
440294.00000 4372162.00000 N.C.
440294.00000 4372166.00000 N.C.
440294.00000 4372170.00000 -125.3415
440294.00000 4372174.00000 N.C.
440294.00000 4372178.00000 N.C.
440294.00000 4372182.00000 -118.2338
440294.00000 4372186.00000 -104.5375
440294.00000 4372190.00000 -104.2238
440294.00000 4372194.00000 -101.3260
440294.00000 4372198.00000 -104.2935
440294.00000 4372202.00000 -102.0070
440294.00000 4372206.00000 -104.4757
440294.00000 4372210.00000 -103.1734
440294.00000 4372214.00000 -103.9515
440294.00000 4372218.00000 -104.1341
440294.00000 4372222.00000 -103.2313
440294.00000 4372226.00000 -102.2391
440294.00000 4372230.00000 -102.1465
440294.00000 4372234.00000 -101.6346
440294.00000 4372238.00000 -101.4354
440294.00000 4372242.00000 -101.8167
440294.00000 4372246.00000 -103.7618
440294.00000 4372250.00000 -104.0796
440294.00000 4372254.00000 -104.1215
440294.00000 4372258.00000 -104.1803
440294.00000 4372262.00000 -104.2043
440294.00000 4372266.00000 -104.4386
440294.00000 4372270.00000 -104.5168
440294.00000 4372274.00000 -104.5249
440294.00000 4372278.00000 -104.8968
440294.00000 4372282.00000 -104.9578
440294.00000 4372286.00000 -105.0167
440294.00000 4372290.00000 -105.0724
440294.00000 4372294.00000 -105.1790
440294.00000 4372298.00000 -105.2393
440294.00000 4372302.00000 -105.2629
440294.00000 4372306.00000 -105.3119
440294.00000 4372310.00000 -105.3643
440294.00000 4372314.00000 -105.4709
440294.00000 4372318.00000 -105.5393
440294.00000 4372322.00000 -105.6079
440294.00000 4372326.00000 -105.5921
440294.00000 4372330.00000 -105.6702
440294.00000 4372334.00000 -105.7646
440294.00000 4372338.00000 -105.8773
440294.00000 4372342.00000 -105.9648
440294.00000 4372346.00000 -106.0504
440294.00000 4372350.00000 -106.1628
440294.00000 4372354.00000 -106.2758
440294.00000 4372358.00000 -106.3587
440294.00000 4372362.00000 -106.4464
440294.00000 4372366.00000 -106.5275
440294.00000 4372370.00000 -106.6194
440294.00000 4372374.00000 -106.7061
440294.00000 4372378.00000 -106.7831
440294.00000 4372382.00000 -106.8502
440294.00000 4372386.00000 -106.9227
440294.00000 4372390.00000 -106.9447
440294.00000 4372394.00000 -107.0446
440294.00000 4372398.00000 -107.1386
440294.00000 4372402.00000 -107.2050
440294.00000 4372406.00000 -107.2629
440294.00000 4372410.00000 -107.3094
440294.00000 4372414.00000 -107.3207
440294.00000 4372418.00000 -107.4934
440294.00000 4372422.00000 -107.3079
440294.00000 4372426.00000 -107.1682
440294.00000 4372430.00000 -107.3909
440294.00000 4372434.00000 -107.6045
440294.00000 4372438.00000 -107.4052
440294.00000 4372442.00000 -107.2976
440294.00000 4372446.00000 -107.4021
440294.00000 4372450.00000 -107.4958
440294.00000 4372454.00000 -107.6939
440294.00000 4372458.00000 -108.0409
440294.00000 4372462.00000 -107.7609
440294.00000 4372466.00000 -108.0849
440294.00000 4372470.00000 -108.0944
440294.00000 4372474.00000 -108.1552
440294.00000 4372478.00000 N.C.
440298.00000 4371970.00000 -133.3659
440298.00000 4371974.00000 -134.3092
440298.00000 4371978.00000 -145.6178
440298.00000 4371982.00000 N.C.
440298.00000 4371986.00000 N.C.
440298.00000 4371990.00000 -140.0841
440298.00000 4371994.00000 N.C.
440298.00000 4371998.00000 N.C.
440298.00000 4372002.00000 -124.9960
440298.00000 4372006.00000 -127.1844
440298.00000 4372010.00000 -139.0141
440298.00000 4372014.00000 -140.0028
440298.00000 4372018.00000 -135.4392
440298.00000 4372022.00000 -135.1519
440298.00000 4372026.00000 -135.4951
440298.00000 4372030.00000 -137.7536
440298.00000 4372034.00000 -139.2718
440298.00000 4372038.00000 -131.7905
440298.00000 4372042.00000 -130.6134
440298.00000 4372046.00000 -138.4222
440298.00000 4372050.00000 -130.8549
440298.00000 4372054.00000 -126.0026
440298.00000 4372058.00000 -135.5036
440298.00000 4372062.00000 -149.6208
440298.00000 4372066.00000 -156.3598
440298.00000 4372070.00000 N.C.
440298.00000 4372074.00000 N.C.
440298.00000 4372078.00000 N.C.
440298.00000 4372082.00000 N.C.
440298.00000 4372086.00000 N.C.
440298.00000 4372090.00000 -153.6698
440298.00000 4372094.00000 N.C.
440298.00000 4372098.00000 -157.2070
440298.00000 4372102.00000 N.C.
440298.00000 4372106.00000 -145.5023
440298.00000 4372110.00000 N.C.
440298.00000 4372114.00000 -129.8063
440298.00000 4372118.00000 -136.3853
440298.00000 4372122.00000 N.C.
440298.00000 4372126.00000 N.C.
440298.00000 4372130.00000 -115.7174
440298.00000 4372134.00000 N.C.
440298.00000 4372138.00000 N.C.
440298.00000 4372142.00000 -122.7328
440298.00000 4372146.00000 -124.5184
440298.00000 4372150.00000 -121.8002
440298.00000 4372154.00000 N.C.
440298.00000 4372158.00000 N.C.
440298.00000 4372162.00000 N.C.
440298.00000 4372166.00000 N.C.
440298.00000 4372170.00000 -124.3451
440298.00000 4372174.00000 N.C.
440298.00000 4372178.00000 N.C.
440298.00000 4372182.00000 -117.6289
440298.00000 4372186.00000 -104.6859
440298.00000 4372190.00000 -104.6510
440298.00000 4372194.00000 -101.6168
440298.00000 4372198.00000 -104.5751
440298.00000 4372202.00000 -102.1836
440298.00000 4372206.00000 -104.6761
440298.00000 4372210.00000 -104.6768
440298.00000 4372214.00000 -103.3712
440298.00000 4372218.00000 -104.2431
440298.00000 4372222.00000 -104.2119
440298.00000 4372226.00000 -102.6455
440298.00000 4372230.00000 -102.3830
440298.00000 4372234.00000 -101.8056
440298.00000 4372238.00000 -102.0700
440298.00000 4372242.00000 -102.4406
440298.00000 4372246.00000 -103.9371
440298.00000 4372250.00000 -104.2491
440298.00000 4372254.00000 -104.3000
440298.00000 4372258.00000 -104.3621
440298.00000 4372262.00000 -104.3908
440298.00000 4372266.00000 -104.1677
440298.00000 4372270.00000 -104.6226
440298.00000 4372274.00000 -104.6550
440298.00000 4372278.00000 -104.7406
440298.00000 4372282.00000 -105.1565
440298.00000 4372286.00000 -105.2125
440298.00000 4372290.00000 -105.2740
440298.00000 4372294.00000 -105.3620
440298.00000 4372298.00000 -105.4117
440298.00000 4372302.00000 -105.4738
440298.00000 4372306.00000 -105.4883
440298.00000 4372310.00000 -105.5423
440298.00000 4372314.00000 -105.5912
440298.00000 4372318.00000 -105.6651
440298.00000 4372322.00000 -105.7357
440298.00000 4372326.00000 -105.8139
440298.00000 4372330.00000 -105.8310
440298.00000 4372334.00000 -105.9243
440298.00000 4372338.00000 -105.9725
440298.00000 4372342.00000 -106.1015
440298.00000 4372346.00000 -106.2044
440298.00000 4372350.00000 -106.2970
440298.00000 4372354.00000 -106.4156
440298.00000 4372358.00000 -106.4975
440298.00000 4372362.00000 -106.5894
440298.00000 4372366.00000 -106.6678
440298.00000 4372370.00000 -106.7584
440298.00000 4372374.00000 -106.8440
440298.00000 4372378.00000 -106.9130
440298.00000 4372382.00000 -106.9731
440298.00000 4372386.00000 -107.0370
440298.00000 4372390.00000 -107.0729
440298.00000 4372394.00000 -107.1581
440298.00000 4372398.00000 -107.2684
440298.00000 4372402.00000 -107.4448
440298.00000 4372406.00000 -107.3834
440298.00000 4372410.00000 -107.4381
440298.00000 4372414.00000 -107.4334
440298.00000 4372418.00000 -107.6497
440298.00000 4372422.00000 -107.3969
440298.00000 4372426.00000 -107.4443
440298.00000 4372430.00000 -107.4684
440298.00000 4372434.00000 -107.6187
440298.00000 4372438.00000 -107.7027
440298.00000 4372442.00000 -107.3224
440298.00000 4372446.00000 -107.3816
440298.00000 4372450.00000 -107.6035
440298.00000 4372454.00000 -107.5444
440298.00000 4372458.00000 -107.6154
440298.00000 4372462.00000 -107.9624
440298.00000 4372466.00000 -107.6014
440298.00000 4372470.00000 -108.1240
440298.00000 4372474.00000 -108.7342
440298.00000 4372478.00000 -125.3026
440302.00000 4371970.00000 -134.1548
440302.00000 4371974.00000 -136.2164
440302.00000 4371978.00000 -144.1174
440302.00000 4371982.00000 -142.7848
440302.00000 4371986.00000 -146.3468
440302.00000 4371990.00000 -142.7824
440302.00000 4371994.00000 N.C.
440302.00000 4371998.00000 N.C.
440302.00000 4372002.00000 -124.0770
440302.00000 4372006.00000 -124.0486
440302.00000 4372010.00000 -133.8395
440302.00000 4372014.00000 -133.6752
440302.00000 4372018.00000 N.C.
440302.00000 4372022.00000 N.C.
440302.00000 4372026.00000 N.C.
440302.00000 4372030.00000 N.C.
440302.00000 4372034.00000 N.C.
440302.00000 4372038.00000 -139.4720
440302.00000 4372042.00000 N.C.
440302.00000 4372046.00000 N.C.
440302.00000 4372050.00000 N.C.
440302.00000 4372054.00000 N.C.
440302.00000 4372058.00000 N.C.
440302.00000 4372062.00000 N.C.
440302.00000 4372066.00000 -147.9413
440302.00000 4372070.00000 -153.7405
440302.00000 4372074.00000 -153.5655
440302.00000 4372078.00000 -154.3362
440302.00000 4372082.00000 N.C.
440302.00000 4372086.00000 N.C.
440302.00000 4372090.00000 -157.2719
440302.00000 4372094.00000 N.C.
440302.00000 4372098.00000 N.C.
440302.00000 4372102.00000 N.C.
440302.00000 4372106.00000 N.C.
440302.00000 4372110.00000 N.C.
440302.00000 4372114.00000 -129.5924
440302.00000 4372118.00000 -137.3838
440302.00000 4372122.00000 N.C.
440302.00000 4372126.00000 N.C.
440302.00000 4372130.00000 N.C.
440302.00000 4372134.00000 N.C.
440302.00000 4372138.00000 N.C.
440302.00000 4372142.00000 -122.2915
440302.00000 4372146.00000 -123.7260
440302.00000 4372150.00000 -121.8813
440302.00000 4372154.00000 N.C.
440302.00000 4372158.00000 N.C.
440302.00000 4372162.00000 N.C.
440302.00000 4372166.00000 -129.8200
440302.00000 4372170.00000 -123.2775
440302.00000 4372174.00000 N.C.
440302.00000 4372178.00000 N.C.
440302.00000 4372182.00000 -113.0965
440302.00000 4372186.00000 -103.0723
440302.00000 4372190.00000 -104.6536
440302.00000 4372194.00000 -101.8883
440302.00000 4372198.00000 -104.8638
440302.00000 4372202.00000 -104.9268
440302.00000 4372206.00000 -104.8647
440302.00000 4372210.00000 -104.8808
440302.00000 4372214.00000 -104.3412
440302.00000 4372218.00000 -103.6585
440302.00000 4372222.00000 -104.4226
440302.00000 4372226.00000 -102.8262
440302.00000 4372230.00000 -102.5871
440302.00000 4372234.00000 -101.9266
440302.00000 4372238.00000 -102.2257
440302.00000 4372242.00000 -102.1211
440302.00000 4372246.00000 -102.7720
440302.00000 4372250.00000 -104.3539
440302.00000 4372254.00000 -104.5030
440302.00000 4372258.00000 -104.5518
440302.00000 4372262.00000 -104.5676
440302.00000 4372266.00000 -104.3404
440302.00000 4372270.00000 -104.7962
440302.00000 4372274.00000 -104.8360
440302.00000 4372278.00000 -104.9074
440302.00000 4372282.00000 -105.2508
440302.00000 4372286.00000 -105.3806
440302.00000 4372290.00000 -105.4374
440302.00000 4372294.00000 -105.5003
440302.00000 4372298.00000 -105.5805
440302.00000 4372302.00000 -105.6376
440302.00000 4372306.00000 -105.6727
440302.00000 4372310.00000 -105.7147
440302.00000 4372314.00000 -105.7658
440302.00000 4372318.00000 -105.8364
440302.00000 4372322.00000 -105.8870
440302.00000 4372326.00000 -105.9357
440302.00000 4372330.00000 -105.9649
440302.00000 4372334.00000 -106.0673
440302.00000 4372338.00000 -106.1515
440302.00000 4372342.00000 -106.2597
440302.00000 4372346.00000 -106.3286
440302.00000 4372350.00000 -106.4093
440302.00000 4372354.00000 -106.5417
440302.00000 4372358.00000 -106.6215
440302.00000 4372362.00000 -106.7012
440302.00000 4372366.00000 -106.7977
440302.00000 4372370.00000 -106.8770
440302.00000 4372374.00000 -106.9815
440302.00000 4372378.00000 -107.0528
440302.00000 4372382.00000 -107.1130
440302.00000 4372386.00000 -107.1690
440302.00000 4372390.00000 -107.2577
440302.00000 4372394.00000 -107.2903
440302.00000 4372398.00000 -107.4018
440302.00000 4372402.00000 -107.5004
440302.00000 4372406.00000 -107.4953
440302.00000 4372410.00000 -107.5554
440302.00000 4372414.00000 -107.5961
440302.00000 4372418.00000 -107.7523
440302.00000 4372422.00000 -107.7232
440302.00000 4372426.00000 -107.5581
440302.00000 4372430.00000 -107.5174
440302.00000 4372434.00000 -107.7609
440302.00000 4372438.00000 -107.8774
440302.00000 4372442.00000 -107.8009
440302.00000 4372446.00000 -107.5341
440302.00000 4372450.00000 -107.6855
440302.00000 4372454.00000 -106.8998
440302.00000 4372458.00000 -106.9134
440302.00000 4372462.00000 -107.7721
440302.00000 4372466.00000 -108.5220
440302.00000 4372470.00000 -108.6748
440302.00000 4372474.00000 -108.8191
440302.00000 4372478.00000 -108.8741
440306.00000 4371970.00000 -134.2229
440306.00000 4371974.00000 -136.1160
440306.00000 4371978.00000 -147.6862
440306.00000 4371982.00000 N.C.
440306.00000 4371986.00000 N.C.
440306.00000 4371990.00000 -138.9862
440306.00000 4371994.00000 N.C.
440306.00000 4371998.00000 N.C.
440306.00000 4372002.00000 -124.8974
440306.00000 4372006.00000 -127.5354
440306.00000 4372010.00000 -131.0121
440306.00000 4372014.00000 -138.4643
440306.00000 4372018.00000 N.C.
440306.00000 4372022.00000 -145.3642
440306.00000 4372026.00000 N.C.
440306.00000 4372030.00000 N.C.
440306.00000 4372034.00000 -145.2885
440306.00000 4372038.00000 -149.5644
440306.00000 4372042.00000 N.C.
440306.00000 4372046.00000 N.C.
440306.00000 4372050.00000 -122.8202
440306.00000 4372054.00000 N.C.
440306.00000 4372058.00000 N.C.
440306.00000 4372062.00000 N.C.
440306.00000 4372066.00000 -148.5987
440306.00000 4372070.00000 -147.2080
440306.00000 4372074.00000 -133.7341
440306.00000 4372078.00000 -132.9061
440306.00000 4372082.00000 N.C.
440306.00000 4372086.00000 N.C.
440306.00000 4372090.00000 -157.0285
440306.00000 4372094.00000 N.C.
440306.00000 4372098.00000 -168.0795
440306.00000 4372102.00000 N.C.
440306.00000 4372106.00000 N.C.
440306.00000 4372110.00000 N.C.
440306.00000 4372114.00000 -129.7061
440306.00000 4372118.00000 -136.5036
440306.00000 4372122.00000 N.C.
440306.00000 4372126.00000 N.C.
440306.00000 4372130.00000 N.C.
440306.00000 4372134.00000 N.C.
440306.00000 4372138.00000 N.C.
440306.00000 4372142.00000 -122.3979
440306.00000 4372146.00000 -123.6568
440306.00000 4372150.00000 -121.8781
440306.00000 4372154.00000 N.C.
440306.00000 4372158.00000 N.C.
440306.00000 4372162.00000 -148.2564
440306.00000 4372166.00000 -129.2896
440306.00000 4372170.00000 -126.6718
440306.00000 4372174.00000 N.C.
440306.00000 4372178.00000 N.C.
440306.00000 4372182.00000 -103.8544
440306.00000 4372186.00000 -104.8505
440306.00000 4372190.00000 -104.8366
440306.00000 4372194.00000 -100.5485
440306.00000 4372198.00000 -104.9855
440306.00000 4372202.00000 -104.1672
440306.00000 4372206.00000 -104.0973
440306.00000 4372210.00000 -105.0948
440306.00000 4372214.00000 -104.5243
440306.00000 4372218.00000 -104.6260
440306.00000 4372222.00000 -103.6762
440306.00000 4372226.00000 -104.4909
440306.00000 4372230.00000 -102.8229
440306.00000 4372234.00000 -102.0977
440306.00000 4372238.00000 -101.9190
440306.00000 4372242.00000 -102.2686
440306.00000 4372246.00000 -102.9422
440306.00000 4372250.00000 -104.5216
440306.00000 4372254.00000 -104.6796
440306.00000 4372258.00000 -104.7080
440306.00000 4372262.00000 -104.7550
440306.00000 4372266.00000 -104.5075
440306.00000 4372270.00000 -104.9551
440306.00000 4372274.00000 -105.0519
440306.00000 4372278.00000 -105.1047
440306.00000 4372282.00000 -105.4229
440306.00000 4372286.00000 -105.5446
440306.00000 4372290.00000 -105.6345
440306.00000 4372294.00000 -105.6701
440306.00000 4372298.00000 -105.7416
440306.00000 4372302.00000 -105.7998
440306.00000 4372306.00000 -105.8348
440306.00000 4372310.00000 -105.9115
440306.00000 4372314.00000 -105.9283
440306.00000 4372318.00000 -105.9862
440306.00000 4372322.00000 -106.0516
440306.00000 4372326.00000 -106.1146
440306.00000 4372330.00000 -106.1467
440306.00000 4372334.00000 -106.1851
440306.00000 4372338.00000 -106.2699
440306.00000 4372342.00000 -106.3868
440306.00000 4372346.00000 -106.4900
440306.00000 4372350.00000 -106.6040
440306.00000 4372354.00000 -106.6770
440306.00000 4372358.00000 -106.7682
440306.00000 4372362.00000 -106.8300
440306.00000 4372366.00000 -106.9172
440306.00000 4372370.00000 -107.0134
440306.00000 4372374.00000 -107.0739
440306.00000 4372378.00000 -107.1541
440306.00000 4372382.00000 -107.2146
440306.00000 4372386.00000 -107.3007
440306.00000 4372390.00000 -107.3870
440306.00000 4372394.00000 -107.4119
440306.00000 4372398.00000 -107.4988
440306.00000 4372402.00000 -107.6170
440306.00000 4372406.00000 -107.6111
440306.00000 4372410.00000 -107.6641
440306.00000 4372414.00000 -107.7460
440306.00000 4372418.00000 -107.6858
440306.00000 4372422.00000 -107.9651
440306.00000 4372426.00000 -107.6624
440306.00000 4372430.00000 -107.6712
440306.00000 4372434.00000 -107.6836
440306.00000 4372438.00000 -107.9446
440306.00000 4372442.00000 -107.9578
440306.00000 4372446.00000 -107.1389
440306.00000 4372450.00000 -106.9450
440306.00000 4372454.00000 -107.5188
440306.00000 4372458.00000 -107.3584
440306.00000 4372462.00000 -108.2996
440306.00000 4372466.00000 -108.7021
440306.00000 4372470.00000 -108.8317
440306.00000 4372474.00000 -109.0410
440306.00000 4372478.00000 -109.1144
440310.00000 4371970.00000 -133.0418
440310.00000 4371974.00000 -135.7530
440310.00000 4371978.00000 -137.4533
440310.00000 4371982.00000 -138.4600
440310.00000 4371986.00000 -145.4613
440310.00000 4371990.00000 -136.3215
440310.00000 4371994.00000 -146.4025
440310.00000 4371998.00000 -123.9531
440310.00000 4372002.00000 -127.1817
440310.00000 4372006.00000 -127.9778
440310.00000 4372010.00000 -133.9687
440310.00000 4372014.00000 -130.1996
440310.00000 4372018.00000 N.C.
440310.00000 4372022.00000 -143.7355
440310.00000 4372026.00000 N.C.
440310.00000 4372030.00000 N.C.
440310.00000 4372034.00000 -148.2250
440310.00000 4372038.00000 N.C.
440310.00000 4372042.00000 N.C.
440310.00000 4372046.00000 N.C.
440310.00000 4372050.00000 -120.0968
440310.00000 4372054.00000 N.C.
440310.00000 4372058.00000 N.C.
440310.00000 4372062.00000 -143.3310
440310.00000 4372066.00000 -145.7751
440310.00000 4372070.00000 -162.4211
440310.00000 4372074.00000 -164.5846
440310.00000 4372078.00000 -153.3219
440310.00000 4372082.00000 N.C.
440310.00000 4372086.00000 N.C.
440310.00000 4372090.00000 -159.8631
440310.00000 4372094.00000 N.C.
440310.00000 4372098.00000 N.C.
440310.00000 4372102.00000 N.C.
440310.00000 4372106.00000 N.C.
440310.00000 4372110.00000 N.C.
440310.00000 4372114.00000 -128.7404
440310.00000 4372118.00000 -128.5820
440310.00000 4372122.00000 N.C.
440310.00000 4372126.00000 N.C.
440310.00000 4372130.00000 N.C.
440310.00000 4372134.00000 N.C.
440310.00000 4372138.00000 N.C.
440310.00000 4372142.00000 -123.0777
440310.00000 4372146.00000 -123.6696
440310.00000 4372150.00000 -125.8577
440310.00000 4372154.00000 N.C.
440310.00000 4372158.00000 N.C.
440310.00000 4372162.00000 N.C.
440310.00000 4372166.00000 N.C.
440310.00000 4372170.00000 -126.7202
440310.00000 4372174.00000 N.C.
440310.00000 4372178.00000 N.C.
440310.00000 4372182.00000 -104.9163
440310.00000 4372186.00000 -105.2449
440310.00000 4372190.00000 -105.0375
440310.00000 4372194.00000 -101.6331
440310.00000 4372198.00000 -105.0221
440310.00000 4372202.00000 -104.3220
440310.00000 4372206.00000 -104.2780
440310.00000 4372210.00000 -104.6236
440310.00000 4372214.00000 -104.7367
440310.00000 4372218.00000 -104.7951
440310.00000 4372222.00000 -104.7774
440310.00000 4372226.00000 -103.8477
440310.00000 4372230.00000 -102.9858
440310.00000 4372234.00000 -102.7627
440310.00000 4372238.00000 -102.0798
440310.00000 4372242.00000 -102.4388
440310.00000 4372246.00000 -103.1173
440310.00000 4372250.00000 -104.7554
440310.00000 4372254.00000 -104.8409
440310.00000 4372258.00000 -104.8779
440310.00000 4372262.00000 -104.9210
440310.00000 4372266.00000 -104.6387
440310.00000 4372270.00000 -104.6638
440310.00000 4372274.00000 -105.2305
440310.00000 4372278.00000 -105.2792
440310.00000 4372282.00000 -105.5948
440310.00000 4372286.00000 -105.6297
440310.00000 4372290.00000 -105.8082
440310.00000 4372294.00000 -105.8417
440310.00000 4372298.00000 -105.8931
440310.00000 4372302.00000 -105.9691
440310.00000 4372306.00000 -106.0236
440310.00000 4372310.00000 -106.0523
440310.00000 4372314.00000 -106.1217
440310.00000 4372318.00000 -106.1350
440310.00000 4372322.00000 -106.1970
440310.00000 4372326.00000 -106.2786
440310.00000 4372330.00000 -106.3382
440310.00000 4372334.00000 -106.3344
440310.00000 4372338.00000 -106.4247
440310.00000 4372342.00000 -106.4920
440310.00000 4372346.00000 -106.6515
440310.00000 4372350.00000 -106.7360
440310.00000 4372354.00000 -106.8214
440310.00000 4372358.00000 -106.8954
440310.00000 4372362.00000 -107.0045
440310.00000 4372366.00000 -107.0552
440310.00000 4372370.00000 -107.1174
440310.00000 4372374.00000 -107.2069
440310.00000 4372378.00000 -107.2815
440310.00000 4372382.00000 -107.3525
440310.00000 4372386.00000 -107.4141
440310.00000 4372390.00000 -107.4960
440310.00000 4372394.00000 -107.5805
440310.00000 4372398.00000 -107.6081
440310.00000 4372402.00000 -107.7376
440310.00000 4372406.00000 -107.8170
440310.00000 4372410.00000 -107.7955
440310.00000 4372414.00000 -107.7739
440310.00000 4372418.00000 -107.8303
440310.00000 4372422.00000 -107.9207
440310.00000 4372426.00000 -107.8848
440310.00000 4372430.00000 -107.7023
440310.00000 4372434.00000 -107.8984
440310.00000 4372438.00000 -107.6143
440310.00000 4372442.00000 -107.5427
440310.00000 4372446.00000 -107.2479
440310.00000 4372450.00000 -107.6314
440310.00000 4372454.00000 -107.5326
440310.00000 4372458.00000 -108.0283
440310.00000 4372462.00000 -108.0949
440310.00000 4372466.00000 -108.4851
440310.00000 4372470.00000 -108.9246
440310.00000 4372474.00000 -108.9844
440310.00000 4372478.00000 -109.2926
440314.00000 4371970.00000 -132.9479
440314.00000 4371974.00000 -135.6317
440314.00000 4371978.00000 N.C.
440314.00000 4371982.00000 N.C.
440314.00000 4371986.00000 N.C.
440314.00000 4371990.00000 N.C.
440314.00000 4371994.00000 N.C.
440314.00000 4371998.00000 -128.2196
440314.00000 4372002.00000 -128.4137
440314.00000 4372006.00000 -129.0158
440314.00000 4372010.00000 -132.5320
440314.00000 4372014.00000 -129.7103
440314.00000 4372018.00000 N.C.
440314.00000 4372022.00000 N.C.
440314.00000 4372026.00000 -146.5378
440314.00000 4372030.00000 N.C.
440314.00000 4372034.00000 -149.4991
440314.00000 4372038.00000 N.C.
440314.00000 4372042.00000 N.C.
440314.00000 4372046.00000 N.C.
440314.00000 4372050.00000 N.C.
440314.00000 4372054.00000 N.C.
440314.00000 4372058.00000 N.C.
440314.00000 4372062.00000 N.C.
440314.00000 4372066.00000 N.C.
440314.00000 4372070.00000 N.C.
440314.00000 4372074.00000 N.C.
440314.00000 4372078.00000 N.C.
440314.00000 4372082.00000 -160.5308
440314.00000 4372086.00000 -131.8936
440314.00000 4372090.00000 -138.8631
440314.00000 4372094.00000 -136.8755
440314.00000 4372098.00000 -147.5642
440314.00000 4372102.00000 -144.2443
440314.00000 4372106.00000 -142.3032
440314.00000 4372110.00000 -141.8532
440314.00000 4372114.00000 -127.8024
440314.00000 4372118.00000 -137.4523
440314.00000 4372122.00000 N.C.
440314.00000 4372126.00000 N.C.
440314.00000 4372130.00000 N.C.
440314.00000 4372134.00000 N.C.
440314.00000 4372138.00000 N.C.
440314.00000 4372142.00000 -123.1407
440314.00000 4372146.00000 -123.6006
440314.00000 4372150.00000 -129.0749
440314.00000 4372154.00000 N.C.
440314.00000 4372158.00000 N.C.
440314.00000 4372162.00000 -136.2287
440314.00000 4372166.00000 -135.7169
440314.00000 4372170.00000 -125.9074
440314.00000 4372174.00000 N.C.
440314.00000 4372178.00000 N.C.
440314.00000 4372182.00000 -103.3297
440314.00000 4372186.00000 -105.1159
440314.00000 4372190.00000 -104.4360
440314.00000 4372194.00000 -104.4510
440314.00000 4372198.00000 -105.2226
440314.00000 4372202.00000 -104.5045
440314.00000 4372206.00000 -104.4239
440314.00000 4372210.00000 -104.8084
440314.00000 4372214.00000 -104.8857
440314.00000 4372218.00000 -104.9922
440314.00000 4372222.00000 -104.9524
440314.00000 4372226.00000 -104.8382
440314.00000 4372230.00000 -102.5421
440314.00000 4372234.00000 -102.9002
440314.00000 4372238.00000 -102.2422
440314.00000 4372242.00000 -103.1121
440314.00000 4372246.00000 -102.7572
440314.00000 4372250.00000 -104.8204
440314.00000 4372254.00000 -105.0096
440314.00000 4372258.00000 -105.0305
440314.00000 4372262.00000 -105.0553
440314.00000 4372266.00000 -104.8548
440314.00000 4372270.00000 -104.8311
440314.00000 4372274.00000 -105.3880
440314.00000 4372278.00000 -105.4463
440314.00000 4372282.00000 -105.7704
440314.00000 4372286.00000 -105.8140
440314.00000 4372290.00000 -105.8897
440314.00000 4372294.00000 -105.9964
440314.00000 4372298.00000 -106.0467
440314.00000 4372302.00000 -106.1133
440314.00000 4372306.00000 -106.1824
440314.00000 4372310.00000 -106.2132
440314.00000 4372314.00000 -106.2872
440314.00000 4372318.00000 -106.3430
440314.00000 4372322.00000 -106.3166
440314.00000 4372326.00000 -106.3802
440314.00000 4372330.00000 -106.4766
440314.00000 4372334.00000 -106.4807
440314.00000 4372338.00000 -106.5890
440314.00000 4372342.00000 -106.6416
440314.00000 4372346.00000 -106.7355
440314.00000 4372350.00000 -106.8398
440314.00000 4372354.00000 -106.9181
440314.00000 4372358.00000 -107.0298
440314.00000 4372362.00000 -107.1098
440314.00000 4372366.00000 -107.2031
440314.00000 4372370.00000 -107.2780
440314.00000 4372374.00000 -107.3567
440314.00000 4372378.00000 -107.4319
440314.00000 4372382.00000 -107.5040
440314.00000 4372386.00000 -107.5624
440314.00000 4372390.00000 -107.6263
440314.00000 4372394.00000 -107.7053
440314.00000 4372398.00000 -107.7152
440314.00000 4372402.00000 -107.7976
440314.00000 4372406.00000 -107.8815
440314.00000 4372410.00000 -107.8703
440314.00000 4372414.00000 -107.8054
440314.00000 4372418.00000 -107.9033
440314.00000 4372422.00000 -108.0345
440314.00000 4372426.00000 -107.5709
440314.00000 4372430.00000 -107.5625
440314.00000 4372434.00000 -107.9785
440314.00000 4372438.00000 -107.5429
440314.00000 4372442.00000 -107.3813
440314.00000 4372446.00000 -107.7543
440314.00000 4372450.00000 -107.7201
440314.00000 4372454.00000 -108.0292
440314.00000 4372458.00000 -108.1324
440314.00000 4372462.00000 -108.0096
440314.00000 4372466.00000 -108.5837
440314.00000 4372470.00000 -108.7503
440314.00000 4372474.00000 -108.9732
440314.00000 4372478.00000 -109.3328
440318.00000 4371970.00000 -133.8293
440318.00000 4371974.00000 N.C.
440318.00000 4371978.00000 N.C.
440318.00000 4371982.00000 -147.6380
440318.00000 4371986.00000 -147.4944
440318.00000 4371990.00000 -162.1489
440318.00000 4371994.00000 N.C.
440318.00000 4371998.00000 -127.8237
440318.00000 4372002.00000 -130.9457
440318.00000 4372006.00000 -127.9495
440318.00000 4372010.00000 -132.0859
440318.00000 4372014.00000 -129.4857
440318.00000 4372018.00000 -135.2162
440318.00000 4372022.00000 N.C.
440318.00000 4372026.00000 N.C.
440318.00000 4372030.00000 N.C.
440318.00000 4372034.00000 -141.4839
440318.00000 4372038.00000 N.C.
440318.00000 4372042.00000 N.C.
440318.00000 4372046.00000 -150.9284
440318.00000 4372050.00000 N.C.
440318.00000 4372054.00000 -161.4557
440318.00000 4372058.00000 -151.9502
440318.00000 4372062.00000 N.C.
440318.00000 4372066.00000 N.C.
440318.00000 4372070.00000 -154.6471
440318.00000 4372074.00000 N.C.
440318.00000 4372078.00000 -152.7643
440318.00000 4372082.00000 N.C.
440318.00000 4372086.00000 N.C.
440318.00000 4372090.00000 N.C.
440318.00000 4372094.00000 N.C.
440318.00000 4372098.00000 N.C.
440318.00000 4372102.00000 N.C.
440318.00000 4372106.00000 N.C.
440318.00000 4372110.00000 N.C.
440318.00000 4372114.00000 N.C.
440318.00000 4372118.00000 -134.4671
440318.00000 4372122.00000 N.C.
440318.00000 4372126.00000 N.C.
440318.00000 4372130.00000 N.C.
440318.00000 4372134.00000 N.C.
440318.00000 4372138.00000 N.C.
440318.00000 4372142.00000 -122.8155
440318.00000 4372146.00000 -124.5494
440318.00000 4372150.00000 N.C.
440318.00000 4372154.00000 N.C.
440318.00000 4372158.00000 N.C.
440318.00000 4372162.00000 N.C.
440318.00000 4372166.00000 N.C.
440318.00000 4372170.00000 -123.8630
440318.00000 4372174.00000 N.C.
440318.00000 4372178.00000 N.C.
440318.00000 4372182.00000 -103.8975
440318.00000 4372186.00000 -105.3869
440318.00000 4372190.00000 -103.5911
440318.00000 4372194.00000 -104.9458
440318.00000 4372198.00000 -105.4971
440318.00000 4372202.00000 -104.6893
440318.00000 4372206.00000 -104.6223
440318.00000 4372210.00000 -104.9638
440318.00000 4372214.00000 -105.5835
440318.00000 4372218.00000 -105.1652
440318.00000 4372222.00000 -105.1115
440318.00000 4372226.00000 -105.1266
440318.00000 4372230.00000 -103.3932
440318.00000 4372234.00000 -102.5184
440318.00000 4372238.00000 -102.3895
440318.00000 4372242.00000 -102.7312
440318.00000 4372246.00000 -102.9042
440318.00000 4372250.00000 -104.9805
440318.00000 4372254.00000 -105.1559
440318.00000 4372258.00000 -105.1760
440318.00000 4372262.00000 -105.1962
440318.00000 4372266.00000 -105.2133
440318.00000 4372270.00000 -105.0246
440318.00000 4372274.00000 -105.0653
440318.00000 4372278.00000 -105.5928
440318.00000 4372282.00000 -105.6519
440318.00000 4372286.00000 -105.6918
440318.00000 4372290.00000 -106.0582
440318.00000 4372294.00000 -106.1014
440318.00000 4372298.00000 -106.2194
440318.00000 4372302.00000 -106.2632
440318.00000 4372306.00000 -106.3387
440318.00000 4372310.00000 -106.3924
440318.00000 4372314.00000 -106.4423
440318.00000 4372318.00000 -106.4949
440318.00000 4372322.00000 -106.5450
440318.00000 4372326.00000 -106.5332
440318.00000 4372330.00000 -106.6275
440318.00000 4372334.00000 -106.6150
440318.00000 4372338.00000 -106.7343
440318.00000 4372342.00000 -106.7964
440318.00000 4372346.00000 -106.8318
440318.00000 4372350.00000 -106.9724
440318.00000 4372354.00000 -107.0730
440318.00000 4372358.00000 -107.1405
440318.00000 4372362.00000 -107.2438
440318.00000 4372366.00000 -107.3203
440318.00000 4372370.00000 -107.4206
440318.00000 4372374.00000 -107.4893
440318.00000 4372378.00000 -107.5648
440318.00000 4372382.00000 -107.6489
440318.00000 4372386.00000 -107.7296
440318.00000 4372390.00000 -107.7521
440318.00000 4372394.00000 -107.8358
440318.00000 4372398.00000 -107.8458
440318.00000 4372402.00000 -107.8527
440318.00000 4372406.00000 -107.9365
440318.00000 4372410.00000 -107.9005
440318.00000 4372414.00000 -107.7736
440318.00000 4372418.00000 -107.8212
440318.00000 4372422.00000 -108.0832
440318.00000 4372426.00000 -108.2106
440318.00000 4372430.00000 -107.6448
440318.00000 4372434.00000 -107.5134
440318.00000 4372438.00000 -107.3193
440318.00000 4372442.00000 -107.8874
440318.00000 4372446.00000 -108.4453
440318.00000 4372450.00000 -108.2747
440318.00000 4372454.00000 -108.3516
440318.00000 4372458.00000 -108.1732
440318.00000 4372462.00000 -108.1453
440318.00000 4372466.00000 -108.5002
440318.00000 4372470.00000 -108.8482
440318.00000 4372474.00000 -108.8178
440318.00000 4372478.00000 -109.3772
END_DATA